x	y	r	h	numerator	denominator
0	0	2	0	10	729
0	0	3	1	-50	243
0	0	3	3	40	729
0	0	4	0	10	243
0	0	4	2	350	243
0	0	4	4	-370	729
0	0	4	6	25	972
0	0	5	0	10	729
0	0	5	1	-50	81
0	0	5	3	-1430	243
0	0	5	4	10	729
0	0	5	5	1790	729
0	0	5	7	-325	1944
0	0	6	0	10	81
0	0	6	1	-50	243
0	0	6	2	350	81
0	0	6	3	80	729
0	0	6	4	11300	729
0	0	6	5	-70	729
0	0	6	6	-5090	729
0	0	6	8	385	648
0	0	7	0	100	729
0	0	7	1	-50	27
0	0	7	2	350	243
0	0	7	3	-12670	729
0	0	7	4	-520	729
0	0	7	5	-18860	729
0	0	7	6	530	729
0	0	7	7	1030	81
0	0	7	9	-4105	3456
0	0	8	0	166	729
0	0	8	1	-500	243
0	0	8	2	350	27
0	0	8	3	-1210	243
0	0	8	4	31870	729
0	0	8	5	2600	729
0	0	8	6	18320	729
0	0	8	7	-1510	729
0	0	8	8	-3350	243
0	0	8	10	9305	7776
0	0	9	0	20	81
0	0	9	1	-830	243
0	0	9	2	3500	243
0	0	9	3	-39070	729
0	0	9	4	5960	729
0	0	9	5	-47530	729
0	0	9	6	-760	81
0	0	9	7	-700	81
0	0	9	8	2650	729
0	0	9	9	1390	243
0	0	9	11	1405	6912
0	0	10	0	110	729
0	0	10	1	-100	27
0	0	10	2	5810	243
0	0	10	3	-43540	729
0	0	10	4	104120	729
0	0	10	5	1840	729
0	0	10	6	8830	243
0	0	10	7	3040	243
0	0	10	8	-20	3
0	0	10	9	-1210	243
0	0	10	10	1210	243
0	0	10	12	-15835	10368
0	0	11	0	10	243
0	0	11	1	-550	243
0	0	11	2	700	27
0	0	11	3	-24850	243
0	0	11	4	115580	729
0	0	11	5	-182200	729
0	0	11	6	-33160	729
0	0	11	7	41030	729
0	0	11	8	-890	81
0	0	11	9	-2680	729
0	0	11	10	4130	729
0	0	11	11	-1210	243
0	0	11	13	15275	31104
0	0	12	1	-50	81
0	0	12	2	3850	243
0	0	12	3	-81740	729
0	0	12	4	215480	729
0	0	12	5	-197260	729
0	0	12	6	64240	243
0	0	12	7	25160	243
0	0	12	8	-98480	729
0	0	12	9	410	27
0	0	12	10	820	27
0	0	12	11	-4310	729
0	0	12	12	-2680	729
0	0	12	14	9095	10368
0	0	13	0	2	729
0	0	13	2	350	81
0	0	13	3	-50030	729
0	0	13	4	27100	81
0	0	13	5	-440648	729
0	0	13	6	63500	243
0	0	13	7	-20110	243
0	0	13	8	-23360	243
0	0	13	9	26660	243
0	0	13	10	-7270	243
0	0	13	11	-2620	81
0	0	13	12	1400	243
0	0	13	13	2860	729
0	0	13	15	1955159	3981312
0	0	14	1	-10	243
0	0	14	3	-4550	243
0	0	14	4	49970	243
0	0	14	5	-177100	243
0	0	14	6	647780	729
0	0	14	7	-2900	243
0	0	14	8	-56530	243
0	0	14	9	-24640	729
0	0	14	10	-2200	729
0	0	14	11	10930	243
0	0	14	12	310	81
0	0	14	13	-3440	729
0	0	14	14	1360	729
0	0	15	2	70	243
0	0	15	4	4550	81
0	0	15	5	-109670	243
0	0	15	6	872300	729
0	0	15	7	-225320	243
0	0	15	8	-96140	243
0	0	15	9	4130	9
0	0	15	10	49160	243
0	0	15	11	-58640	729
0	0	15	12	-34070	729
0	0	15	13	11890	729
0	0	15	14	2000	729
0	0	15	15	-1300	729
0	0	16	3	-910	729
0	0	16	5	-10010	81
0	0	16	6	182050	243
0	0	16	7	-40700	27
0	0	16	8	156050	243
0	0	16	9	504140	729
0	0	16	10	-12050	27
0	0	16	11	-63680	243
0	0	16	12	62620	729
0	0	16	13	22930	729
0	0	16	14	-8830	729
0	0	16	15	-560	729
0	0	17	4	910	243
0	0	17	6	50050	243
0	0	17	7	-25850	27
0	0	17	8	119020	81
0	0	17	9	-158410	729
0	0	17	10	-166460	243
0	0	17	11	22070	81
0	0	17	12	45890	243
0	0	17	13	-33800	729
0	0	17	14	-8750	729
0	0	17	15	2050	729
0	0	18	5	-2002	243
0	0	18	7	-7150	27
0	0	18	8	25630	27
0	0	18	9	-269500	243
0	0	18	10	-19334	243
0	0	18	11	36500	81
0	0	18	12	-78620	729
0	0	18	13	-60290	729
0	0	18	14	9800	729
0	0	18	15	470	243
0	0	19	6	10010	729
0	0	19	8	7150	27
0	0	19	9	-532070	729
0	0	19	10	17380	27
0	0	19	11	37070	243
0	0	19	12	-146300	729
0	0	19	13	19660	729
0	0	19	14	15230	729
0	0	19	15	-400	243
0	0	20	7	-1430	81
0	0	20	9	-50050	243
0	0	20	10	104830	243
0	0	20	11	-22900	81
0	0	20	12	-23740	243
0	0	20	13	42460	729
0	0	20	14	-2900	729
0	0	20	15	-1730	729
0	0	21	8	1430	81
0	0	21	10	10010	81
0	0	21	11	-46750	243
0	0	21	12	66500	729
0	0	21	13	25900	729
0	0	21	14	-7220	729
0	0	21	15	70	243
0	0	22	9	-10010	729
0	0	22	11	-4550	81
0	0	22	12	45650	729
0	0	22	13	-1660	81
0	0	22	14	-5320	729
0	0	22	15	20	27
0	0	23	10	2002	243
0	0	23	12	4550	243
0	0	23	13	-3410	243
0	0	23	14	700	243
0	0	23	15	484	729
0	0	24	11	-910	243
0	0	24	13	-350	81
0	0	24	14	470	243
0	0	24	15	-140	729
0	0	25	12	910	729
0	0	25	14	50	81
0	0	25	15	-10	81
0	0	26	13	-70	243
0	0	26	15	-10	243
0	0	27	14	10	243
0	0	28	15	-2	729
0	1	2	0	-20	243
0	1	3	1	100	81
0	1	3	3	-40	243
0	1	4	0	-10	27
0	1	4	2	-700	81
0	1	4	4	370	243
0	1	5	0	-35	243
0	1	5	1	50	9
0	1	5	3	2860	81
0	1	5	4	-5	81
0	1	5	5	-1790	243
0	1	6	0	-40	27
0	1	6	1	175	81
0	1	6	2	-350	9
0	1	6	3	-200	243
0	1	6	4	-22600	243
0	1	6	5	35	81
0	1	6	6	5090	243
0	1	7	0	-50	27
0	1	7	1	200	9
0	1	7	2	-1225	81
0	1	7	3	12670	81
0	1	7	4	1300	243
0	1	7	5	37720	243
0	1	7	6	-265	81
0	1	7	7	-1030	27
0	1	8	0	-830	243
0	1	8	1	250	9
0	1	8	2	-1400	9
0	1	8	3	4235	81
0	1	8	4	-31870	81
0	1	8	5	-6500	243
0	1	8	6	-36640	243
0	1	8	7	755	81
0	1	8	8	3350	81
0	1	9	0	-110	27
0	1	9	1	4150	81
0	1	9	2	-1750	9
0	1	9	3	156280	243
0	1	9	4	-20860	243
0	1	9	5	47530	81
0	1	9	6	1900	27
0	1	9	7	1400	27
0	1	9	8	-1325	81
0	1	9	9	-1390	81
0	1	10	0	-220	81
0	1	10	1	550	9
0	1	10	2	-29050	81
0	1	10	3	21770	27
0	1	10	4	-416480	243
0	1	10	5	-6440	243
0	1	10	6	-8830	27
0	1	10	7	-7600	81
0	1	10	8	40	1
0	1	10	9	605	27
0	1	10	10	-1210	81
0	1	11	0	-65	81
0	1	11	1	1100	27
0	1	11	2	-3850	9
0	1	11	3	124250	81
0	1	11	4	-57790	27
0	1	11	5	728800	243
0	1	11	6	116060	243
0	1	11	7	-41030	81
0	1	11	8	2225	27
0	1	11	9	5360	243
0	1	11	10	-2065	81
0	1	11	11	1210	81
0	1	12	1	325	27
0	1	12	2	-7700	27
0	1	12	3	449570	243
0	1	12	4	-1077400	243
0	1	12	5	98630	27
0	1	12	6	-256960	81
0	1	12	7	-88060	81
0	1	12	8	98480	81
0	1	12	9	-1025	9
0	1	12	10	-1640	9
0	1	12	11	2155	81
0	1	12	12	2680	243
0	1	13	0	-5	81
0	1	13	2	-2275	27
0	1	13	3	100060	81
0	1	13	4	-149050	27
0	1	13	5	2203240	243
0	1	13	6	-31750	9
0	1	13	7	80440	81
0	1	13	8	81760	81
0	1	13	9	-26660	27
0	1	13	10	18175	81
0	1	13	11	5240	27
0	1	13	12	-700	27
0	1	13	13	-2860	243
0	1	14	1	25	27
0	1	14	3	29575	81
0	1	14	4	-99940	27
0	1	14	5	974050	81
0	1	14	6	-3238900	243
0	1	14	7	1450	9
0	1	14	8	226120	81
0	1	14	9	86240	243
0	1	14	10	2200	81
0	1	14	11	-27325	81
0	1	14	12	-620	27
0	1	14	13	1720	81
0	1	14	14	-1360	243
0	1	15	2	-175	27
0	1	15	4	-29575	27
0	1	15	5	219340	27
0	1	15	6	-4797650	243
0	1	15	7	1126600	81
0	1	15	8	48070	9
0	1	15	9	-16520	3
0	1	15	10	-172060	81
0	1	15	11	58640	81
0	1	15	12	85175	243
0	1	15	13	-23780	243
0	1	15	14	-1000	81
0	1	15	15	1300	243
0	1	16	3	2275	81
0	1	16	5	65065	27
0	1	16	6	-364100	27
0	1	16	7	223850	9
0	1	16	8	-780250	81
0	1	16	9	-252070	27
0	1	16	10	48200	9
0	1	16	11	222880	81
0	1	16	12	-62620	81
0	1	16	13	-57325	243
0	1	16	14	17660	243
0	1	16	15	280	81
0	1	17	4	-2275	27
0	1	17	6	-325325	81
0	1	17	7	51700	3
0	1	17	8	-654610	27
0	1	17	9	792050	243
0	1	17	10	83230	9
0	1	17	11	-88280	27
0	1	17	12	-160615	81
0	1	17	13	33800	81
0	1	17	14	21875	243
0	1	17	15	-4100	243
0	1	18	5	5005	27
0	1	18	7	46475	9
0	1	18	8	-51260	3
0	1	18	9	1482250	81
0	1	18	10	96670	81
0	1	18	11	-18250	3
0	1	18	12	314480	243
0	1	18	13	211015	243
0	1	18	14	-9800	81
0	1	18	15	-1175	81
0	1	19	6	-25025	81
0	1	19	8	-46475	9
0	1	19	9	1064140	81
0	1	19	10	-95590	9
0	1	19	11	-185350	81
0	1	19	12	73150	27
0	1	19	13	-78640	243
0	1	19	14	-53305	243
0	1	19	15	400	27
0	1	20	7	3575	9
0	1	20	9	325325	81
0	1	20	10	-209660	27
0	1	20	11	125950	27
0	1	20	12	118700	81
0	1	20	13	-21230	27
0	1	20	14	11600	243
0	1	20	15	6055	243
0	1	21	8	-3575	9
0	1	21	10	-65065	27
0	1	21	11	93500	27
0	1	21	12	-365750	243
0	1	21	13	-129500	243
0	1	21	14	3610	27
0	1	21	15	-280	81
0	1	22	9	25025	81
0	1	22	11	29575	27
0	1	22	12	-91300	81
0	1	22	13	9130	27
0	1	22	14	26600	243
0	1	22	15	-10	1
0	1	23	10	-5005	27
0	1	23	12	-29575	81
0	1	23	13	6820	27
0	1	23	14	-3850	81
0	1	23	15	-2420	243
0	1	24	11	2275	27
0	1	24	13	2275	27
0	1	24	14	-940	27
0	1	24	15	770	243
0	1	25	12	-2275	81
0	1	25	14	-325	27
0	1	25	15	20	9
0	1	26	13	175	27
0	1	26	15	65	81
0	1	27	14	-25	27
0	1	28	15	5	81
0	2	2	0	50	243
0	2	3	1	-250	81
0	2	3	3	40	243
0	2	4	0	40	27
0	2	4	2	1750	81
0	2	4	4	-370	243
0	2	5	0	155	243
0	2	5	1	-200	9
0	2	5	3	-7150	81
0	2	5	4	5	81
0	2	5	5	1790	243
0	2	6	0	220	27
0	2	6	1	-775	81
0	2	6	2	1400	9
0	2	6	3	560	243
0	2	6	4	56500	243
0	2	6	5	-35	81
0	2	6	6	-5090	243
0	2	7	0	100	9
0	2	7	1	-1100	9
0	2	7	2	5425	81
0	2	7	3	-50680	81
0	2	7	4	-3640	243
0	2	7	5	-94300	243
0	2	7	6	265	81
0	2	7	7	1030	27
0	2	8	0	5765	243
0	2	8	1	-500	3
0	2	8	2	7700	9
0	2	8	3	-18755	81
0	2	8	4	127465	81
0	2	8	5	18200	243
0	2	8	6	91600	243
0	2	8	7	-755	81
0	2	8	8	-3350	81
0	2	9	0	830	27
0	2	9	1	-28825	81
0	2	9	2	3500	3
0	2	9	3	-859900	243
0	2	9	4	92380	243
0	2	9	5	-190225	81
0	2	9	6	-5320	27
0	2	9	7	-3500	27
0	2	9	8	1325	81
0	2	9	9	1390	81
0	2	10	0	1780	81
0	2	10	1	-4150	9
0	2	10	2	201775	81
0	2	10	3	-43540	9
0	2	10	4	2292170	243
0	2	10	5	28520	243
0	2	10	6	35425	27
0	2	10	7	21280	81
0	2	10	8	-100	1
0	2	10	9	-605	27
0	2	10	10	1210	81
0	2	11	0	530	81
0	2	11	1	-8900	27
0	2	11	2	29050	9
0	2	11	3	-863705	81
0	2	11	4	346640	27
0	2	11	5	-4008490	243
0	2	11	6	-513980	243
0	2	11	7	164825	81
0	2	11	8	-6230	27
0	2	11	9	-13400	243
0	2	11	10	2065	81
0	2	11	11	-1210	81
0	2	12	1	-2650	27
0	2	12	2	62300	27
0	2	12	3	-3392930	243
0	2	12	4	7506790	243
0	2	12	5	-590840	27
0	2	12	6	1408510	81
0	2	12	7	389980	81
0	2	12	8	-396605	81
0	2	12	9	2870	9
0	2	12	10	4100	9
0	2	12	11	-2155	81
0	2	12	12	-2680	243
0	2	13	0	35	81
0	2	13	2	18550	27
0	2	13	3	-809680	81
0	2	13	4	125060	3
0	2	13	5	-15424660	243
0	2	13	6	567460	27
0	2	13	7	-424330	81
0	2	13	8	-362080	81
0	2	13	9	106745	27
0	2	13	10	-50890	81
0	2	13	11	-13100	27
0	2	13	12	700	27
0	2	13	13	2860	243
0	2	14	1	-175	27
0	2	14	3	-241150	81
0	2	14	4	809020	27
0	2	14	5	-7363180	81
0	2	14	6	22880200	243
0	2	14	7	-5180	9
0	2	14	8	-1286320	81
0	2	14	9	-381920	243
0	2	14	10	-85	81
0	2	14	11	76510	81
0	2	14	12	1550	27
0	2	14	13	-1720	81
0	2	14	14	1360	243
0	2	15	2	1225	27
0	2	15	4	241150	27
0	2	15	5	-1776940	27
0	2	15	6	36324200	243
0	2	15	7	-8099050	81
0	2	15	8	-294700	9
0	2	15	9	280840	9
0	2	15	10	761980	81
0	2	15	11	-250925	81
0	2	15	12	-238490	243
0	2	15	13	59450	243
0	2	15	14	1000	81
0	2	15	15	-1300	243
0	2	16	3	-15925	81
0	2	16	5	-530530	27
0	2	16	6	984500	9
0	2	16	7	-1698400	9
0	2	16	8	5839435	81
0	2	16	9	512260	9
0	2	16	10	-275680	9
0	2	16	11	-987040	81
0	2	16	12	265600	81
0	2	16	13	160510	243
0	2	16	14	-44150	243
0	2	16	15	-280	81
0	2	17	4	15925	27
0	2	17	6	2652650	81
0	2	17	7	-420200	3
0	2	17	8	4979590	27
0	2	17	9	-6919955	243
0	2	17	10	-507220	9
0	2	17	11	514280	27
0	2	17	12	711295	81
0	2	17	13	-143390	81
0	2	17	14	-61250	243
0	2	17	15	10250	243
0	2	18	5	-35035	27
0	2	18	7	-378950	9
0	2	18	8	139260	1
0	2	18	9	-11308990	81
0	2	18	10	-277225	81
0	2	18	11	334180	9
0	2	18	12	-1888310	243
0	2	18	13	-934495	243
0	2	18	14	41750	81
0	2	18	15	3290	81
0	2	19	6	175175	81
0	2	19	8	378950	9
0	2	19	9	-8705620	81
0	2	19	10	81290	1
0	2	19	11	1045675	81
0	2	19	12	-149320	9
0	2	19	13	494710	243
0	2	19	14	236065	243
0	2	19	15	-1720	27
0	2	20	7	-25025	9
0	2	20	9	-2652650	81
0	2	20	10	1723700	27
0	2	20	11	-966850	27
0	2	20	12	-718100	81
0	2	20	13	130720	27
0	2	20	14	-77750	243
0	2	20	15	-26815	243
0	2	21	8	25025	9
0	2	21	10	530530	27
0	2	21	11	-773600	27
0	2	21	12	2814200	243
0	2	21	13	803810	243
0	2	21	14	-22420	27
0	2	21	15	1990	81
0	2	22	9	-175175	81
0	2	22	11	-241150	27
0	2	22	12	761500	81
0	2	22	13	-23440	9
0	2	22	14	-167210	243
0	2	22	15	1700	27
0	2	23	10	35035	27
0	2	23	12	241150	81
0	2	23	13	-57460	27
0	2	23	14	29620	81
0	2	23	15	15320	243
0	2	24	11	-15925	27
0	2	24	13	-18550	27
0	2	24	14	8020	27
0	2	24	15	-5900	243
0	2	25	12	15925	81
0	2	25	14	2650	27
0	2	25	15	-520	27
0	2	26	13	-1225	27
0	2	26	15	-530	81
0	2	27	14	175	27
0	2	28	15	-35	81
0	3	2	0	-20	81
0	3	3	1	100	27
0	3	4	0	-10	3
0	3	4	2	-700	27
0	3	5	0	-125	81
0	3	5	1	50	1
0	3	5	3	2860	27
0	3	6	0	-80	3
0	3	6	1	625	27
0	3	6	2	-350	1
0	3	6	3	-80	27
0	3	6	4	-22600	81
0	3	7	0	-350	9
0	3	7	1	400	1
0	3	7	2	-4375	27
0	3	7	3	12670	9
0	3	7	4	520	27
0	3	7	5	37720	81
0	3	8	0	-8120	81
0	3	8	1	1750	3
0	3	8	2	-2800	1
0	3	8	3	15125	27
0	3	8	4	-3540	1
0	3	8	5	-2600	27
0	3	8	6	-36640	81
0	3	9	0	-140	1
0	3	9	1	40600	27
0	3	9	2	-12250	3
0	3	9	3	312920	27
0	3	9	4	-74500	81
0	3	9	5	47600	9
0	3	9	6	760	3
0	3	9	7	1400	9
0	3	10	0	-950	9
0	3	10	1	2100	1
0	3	10	2	-284200	27
0	3	10	3	152390	9
0	3	10	4	-834490	27
0	3	10	5	-23000	81
0	3	10	6	-8900	3
0	3	10	7	-3040	9
0	3	10	8	120	1
0	3	11	0	-770	27
0	3	11	1	4750	3
0	3	11	2	-14700	1
0	3	11	3	1218320	27
0	3	11	4	-404180	9
0	3	11	5	1457690	27
0	3	11	6	414500	81
0	3	11	7	-41500	9
0	3	11	8	890	3
0	3	11	9	5360	81
0	3	12	1	3850	9
0	3	12	2	-33250	3
0	3	12	3	572540	9
0	3	12	4	-10633960	81
0	3	12	5	229040	3
0	3	12	6	-509150	9
0	3	12	7	-314500	27
0	3	12	8	100270	9
0	3	12	9	-410	1
0	3	12	10	-1640	3
0	3	13	2	-26950	9
0	3	13	3	432250	9
0	3	13	4	-190145	1
0	3	13	5	22040320	81
0	3	13	6	-652610	9
0	3	13	7	142790	9
0	3	13	8	292000	27
0	3	13	9	-8910	1
0	3	13	10	7270	9
0	3	13	11	5240	9
0	3	14	3	350350	27
0	3	14	4	-432250	3
0	3	14	5	1246465	3
0	3	14	6	-33220600	81
0	3	14	7	-2170	3
0	3	14	8	494900	9
0	3	14	9	308000	81
0	3	14	10	-3610	9
0	3	14	11	-10930	9
0	3	14	12	-620	9
0	3	15	4	-350350	9
0	3	15	5	950950	3
0	3	15	6	-6167975	9
0	3	15	7	12117400	27
0	3	15	8	119490	1
0	3	15	9	-107380	1
0	3	15	10	-614500	27
0	3	15	11	69550	9
0	3	15	12	34070	27
0	3	15	13	-23780	81
0	3	16	5	770770	9
0	3	16	6	-4754750	9
0	3	16	7	868725	1
0	3	16	8	-9313240	27
0	3	16	9	-1849750	9
0	3	16	10	106980	1
0	3	16	11	796000	27
0	3	16	12	-72700	9
0	3	16	13	-22930	27
0	3	16	14	17660	81
0	3	17	6	-3853850	27
0	3	17	7	679250	1
0	3	17	8	-853270	1
0	3	17	9	13422920	81
0	3	17	10	203350	1
0	3	17	11	-205300	3
0	3	17	12	-573625	27
0	3	17	13	39260	9
0	3	17	14	8750	27
0	3	17	15	-4100	81
0	3	18	7	550550	3
0	3	18	8	-679250	1
0	3	18	9	1948870	3
0	3	18	10	-631160	27
0	3	18	11	-403130	3
0	3	18	12	787630	27
0	3	18	13	753625	81
0	3	18	14	-11500	9
0	3	18	15	-470	9
0	3	19	8	-550550	3
0	3	19	9	4754750	9
0	3	19	10	-380490	1
0	3	19	11	-846400	27
0	3	19	12	543760	9
0	3	19	13	-219470	27
0	3	19	14	-190375	81
0	3	19	15	160	1
0	3	20	9	3853850	27
0	3	20	10	-950950	3
0	3	20	11	168550	1
0	3	20	12	735800	27
0	3	20	13	-160300	9
0	3	20	14	37150	27
0	3	20	15	21625	81
0	3	21	10	-770770	9
0	3	21	11	432250	3
0	3	21	12	-492725	9
0	3	21	13	-884240	81
0	3	21	14	9310	3
0	3	21	15	-1010	9
0	3	22	11	350350	9
0	3	22	12	-432250	9
0	3	22	13	12335	1
0	3	22	14	190040	81
0	3	22	15	-2170	9
0	3	23	12	-350350	27
0	3	23	13	33250	3
0	3	23	14	-5185	3
0	3	23	15	-17720	81
0	3	24	13	26950	9
0	3	24	14	-4750	3
0	3	24	15	1025	9
0	3	25	14	-3850	9
0	3	25	15	950	9
0	3	26	15	770	27
0	4	2	0	10	81
0	4	3	1	-50	27
0	4	4	0	40	9
0	4	4	2	350	27
0	4	5	0	175	81
0	4	5	1	-200	3
0	4	5	3	-1430	27
0	4	6	0	170	3
0	4	6	1	-875	27
0	4	6	2	1400	3
0	4	6	3	40	27
0	4	6	4	11300	81
0	4	7	0	2350	27
0	4	7	1	-850	1
0	4	7	2	6125	27
0	4	7	3	-50680	27
0	4	7	4	-260	27
0	4	7	5	-18860	81
0	4	8	0	23110	81
0	4	8	1	-11750	9
0	4	8	2	5950	1
0	4	8	3	-21175	27
0	4	8	4	127415	27
0	4	8	5	1300	27
0	4	8	6	18320	81
0	4	9	0	1280	3
0	4	9	1	-115550	27
0	4	9	2	82250	9
0	4	9	3	-24650	1
0	4	9	4	104300	81
0	4	9	5	-21175	3
0	4	9	6	-380	3
0	4	9	7	-700	9
0	4	10	0	9010	27
0	4	10	1	-6400	1
0	4	10	2	808850	27
0	4	10	3	-1023190	27
0	4	10	4	591940	9
0	4	10	5	32200	81
0	4	10	6	3975	1
0	4	10	7	1520	9
0	4	10	8	-60	1
0	4	11	0	1775	27
0	4	11	1	-45050	9
0	4	11	2	44800	1
0	4	11	3	-3474290	27
0	4	11	4	2711680	27
0	4	11	5	-1032580	9
0	4	11	6	-580300	81
0	4	11	7	18575	3
0	4	11	8	-445	3
0	4	11	9	-2680	81
0	4	12	1	-8875	9
0	4	12	2	315350	9
0	4	12	3	-5237680	27
0	4	12	4	30497720	81
0	4	12	5	-170140	1
0	4	12	6	119340	1
0	4	12	7	440300	27
0	4	12	8	-135185	9
0	4	12	9	205	1
0	4	12	10	820	3
0	4	13	0	-455	27
0	4	13	2	62125	9
0	4	13	3	-4101200	27
0	4	13	4	15679910	27
0	4	13	5	-63936200	81
0	4	13	6	4296970	27
0	4	13	7	-273530	9
0	4	13	8	-408800	27
0	4	13	9	107095	9
0	4	13	10	-3635	9
0	4	13	11	-2620	9
0	4	14	1	2275	9
0	4	14	3	-807625	27
0	4	14	4	4106150	9
0	4	14	5	-34359490	27
0	4	14	6	98363300	81
0	4	14	7	88490	9
0	4	14	8	-1122170	9
0	4	14	9	-431200	81
0	4	14	10	9655	9
0	4	14	11	5465	9
0	4	14	12	310	9
0	4	15	2	-15925	9
0	4	15	4	807625	9
0	4	15	5	-9055310	9
0	4	15	6	18971150	9
0	4	15	7	-37212200	27
0	4	15	8	-846250	3
0	4	15	9	2176510	9
0	4	15	10	860300	27
0	4	15	11	-101825	9
0	4	15	12	-17035	27
0	4	15	13	11890	81
0	4	16	3	207025	27
0	4	16	5	-1776775	9
0	4	16	6	45458050	27
0	4	16	7	-24181850	9
0	4	16	8	30684530	27
0	4	16	9	12931310	27
0	4	16	10	-2203370	9
0	4	16	11	-1114400	27
0	4	16	12	316000	27
0	4	16	13	11465	27
0	4	16	14	-8830	81
0	4	17	4	-207025	9
0	4	17	6	8883875	27
0	4	17	7	-6532900	3
0	4	17	8	23912020	9
0	4	17	9	-52315690	81
0	4	17	10	-473410	1
0	4	17	11	1451290	9
0	4	17	12	803075	27
0	4	17	13	-170690	27
0	4	17	14	-4375	27
0	4	17	15	2050	81
0	4	18	5	455455	9
0	4	18	7	-1269125	3
0	4	18	8	6587350	3
0	4	18	9	-18342940	9
0	4	18	10	5718490	27
0	4	18	11	2826010	9
0	4	18	12	-645320	9
0	4	18	13	-1055075	81
0	4	18	14	16750	9
0	4	18	15	235	9
0	4	19	6	-2277275	27
0	4	19	8	1269125	3
0	4	19	9	-46619650	27
0	4	19	10	10827740	9
0	4	19	11	3950	27
0	4	19	12	-3841220	27
0	4	19	13	21080	1
0	4	19	14	266525	81
0	4	19	15	-2120	9
0	4	20	7	325325	3
0	4	20	9	-8883875	27
0	4	20	10	9454610	9
0	4	20	11	-4831300	9
0	4	20	12	-115100	3
0	4	20	13	1146440	27
0	4	20	14	-34000	9
0	4	20	15	-30275	81
0	4	21	8	-325325	3
0	4	21	10	1776775	9
0	4	21	11	-4371800	9
0	4	21	12	4733950	27
0	4	21	13	1564780	81
0	4	21	14	-22610	3
0	4	21	15	2890	9
0	4	22	9	2277275	27
0	4	22	11	-807625	9
0	4	22	12	4462550	27
0	4	22	13	-1069130	27
0	4	22	14	-366280	81
0	4	22	15	16250	27
0	4	23	10	-455455	9
0	4	23	12	807625	27
0	4	23	13	-351650	9
0	4	23	14	149410	27
0	4	23	15	35620	81
0	4	24	11	207025	9
0	4	24	13	-62125	9
0	4	24	14	51650	9
0	4	24	15	-3250	9
0	4	25	12	-207025	27
0	4	25	14	8875	9
0	4	25	15	-10660	27
0	4	26	13	15925	9
0	4	26	15	-1775	27
0	4	27	14	-2275	9
0	4	28	15	455	27
0	5	4	0	-10	3
0	5	5	0	-5	3
0	5	5	1	50	1
0	5	6	0	-80	1
0	5	6	1	25	1
0	5	6	2	-350	1
0	5	7	0	-1150	9
0	5	7	1	1200	1
0	5	7	2	-175	1
0	5	7	3	12670	9
0	5	8	0	-572	1
0	5	8	1	5750	3
0	5	8	2	-8400	1
0	5	8	3	605	1
0	5	8	4	-31850	9
0	5	9	0	-910	1
0	5	9	1	8580	1
0	5	9	2	-40250	3
0	5	9	3	313480	9
0	5	9	4	-2980	3
0	5	9	5	15890	3
0	5	10	0	-6520	9
0	5	10	1	13650	1
0	5	10	2	-60060	1
0	5	10	3	500710	9
0	5	10	4	-836870	9
0	5	10	5	-920	3
0	5	10	6	-2990	1
0	5	11	0	-35	1
0	5	11	1	32600	3
0	5	11	2	-95550	1
0	5	11	3	775720	3
0	5	11	4	-1325920	9
0	5	11	5	1457830	9
0	5	11	6	16580	3
0	5	11	7	-13990	3
0	5	12	1	525	1
0	5	12	2	-228200	3
0	5	12	3	3726170	9
0	5	12	4	-2284700	3
0	5	12	5	248660	1
0	5	12	6	-501730	3
0	5	12	7	-12580	1
0	5	12	8	11340	1
0	5	13	0	1001	9
0	5	13	2	-3675	1
0	5	13	3	2969240	9
0	5	13	4	-11175325	9
0	5	13	5	4851968	3
0	5	13	6	-2059450	9
0	5	13	7	114650	3
0	5	13	8	11680	1
0	5	13	9	-26800	3
0	5	14	1	-5005	3
0	5	14	3	15925	1
0	5	14	4	-2977160	3
0	5	14	5	24568775	9
0	5	14	6	-7633780	3
0	5	14	7	-81050	3
0	5	14	8	561260	3
0	5	14	9	12320	3
0	5	14	10	-3140	3
0	5	15	2	35035	3
0	5	15	4	-47775	1
0	5	15	5	6584600	3
0	5	15	6	-13630925	3
0	5	15	7	2998820	1
0	5	15	8	436570	1
0	5	15	9	-1082060	3
0	5	15	10	-24580	1
0	5	15	11	8940	1
0	5	16	3	-455455	9
0	5	16	5	105105	1
0	5	16	6	-33213400	9
0	5	16	7	17484775	3
0	5	16	8	-2639780	1
0	5	16	9	-6589310	9
0	5	16	10	1110940	3
0	5	16	11	31840	1
0	5	16	12	-82780	9
0	5	17	4	455455	3
0	5	17	6	-175175	1
0	5	17	7	4807000	1
0	5	17	8	-17420480	3
0	5	17	9	1701700	1
0	5	17	10	723030	1
0	5	17	11	-750020	3
0	5	17	12	-22945	1
0	5	17	13	44720	9
0	5	18	5	-1002001	3
0	5	18	7	225225	1
0	5	18	8	-4894120	1
0	5	18	9	13475000	3
0	5	18	10	-763796	1
0	5	18	11	-1443850	3
0	5	18	12	1034450	9
0	5	18	13	30145	3
0	5	18	14	-4400	3
0	5	19	6	5010005	9
0	5	19	8	-225225	1
0	5	19	9	35071960	9
0	5	19	10	-8021860	3
0	5	19	11	207680	1
0	5	19	12	1976900	9
0	5	19	13	-316210	9
0	5	19	14	-7615	3
0	5	19	15	560	3
0	5	20	7	-715715	1
0	5	20	9	175175	1
0	5	20	10	-7223480	3
0	5	20	11	3607100	3
0	5	20	12	-43780	3
0	5	20	13	-596840	9
0	5	20	14	58850	9
0	5	20	15	865	3
0	5	21	8	715715	1
0	5	21	10	-105105	1
0	5	21	11	3402200	3
0	5	21	12	-3555125	9
0	5	21	13	-33880	3
0	5	21	14	11970	1
0	5	21	15	-570	1
0	5	22	9	-5010005	9
0	5	22	11	47775	1
0	5	22	12	-3547400	9
0	5	22	13	804895	9
0	5	22	14	12100	3
0	5	22	15	-8810	9
0	5	23	10	1002001	3
0	5	23	12	-15925	1
0	5	23	13	286280	3
0	5	23	14	-112175	9
0	5	23	15	-1364	3
0	5	24	11	-455455	3
0	5	24	13	3675	1
0	5	24	14	-43160	3
0	5	24	15	805	1
0	5	25	12	455455	9
0	5	25	14	-525	1
0	5	25	15	9160	9
0	5	26	13	-35035	3
0	5	26	15	35	1
0	5	27	14	5005	3
0	5	28	15	-1001	9
0	6	4	0	10	9
0	6	5	0	5	9
0	6	5	1	-50	3
0	6	6	0	220	3
0	6	6	1	-25	3
0	6	6	2	350	3
0	6	7	0	3250	27
0	6	7	1	-1100	1
0	6	7	2	175	3
0	6	7	3	-12670	27
0	6	8	0	22130	27
0	6	8	1	-16250	9
0	6	8	2	7700	1
0	6	8	3	-605	3
0	6	8	4	31850	27
0	6	9	0	4130	3
0	6	9	1	-110650	9
0	6	9	2	113750	9
0	6	9	3	-862700	27
0	6	9	4	2980	9
0	6	9	5	-15890	9
0	6	10	0	29350	27
0	6	10	1	-20650	1
0	6	10	2	774550	9
0	6	10	3	-1415050	27
0	6	10	4	2304070	27
0	6	10	5	920	9
0	6	10	6	2990	3
0	6	11	0	-7100	27
0	6	11	1	-146750	9
0	6	11	2	144550	1
0	6	11	3	-10027930	27
0	6	11	4	3744700	27
0	6	11	5	-4009190	27
0	6	11	6	-16580	9
0	6	11	7	13990	9
0	6	12	1	35500	9
0	6	12	2	1027250	9
0	6	12	3	-16922710	27
0	6	12	4	3303920	3
0	6	12	5	-700160	3
0	6	12	6	1371410	9
0	6	12	7	12580	3
0	6	12	8	-3780	1
0	6	13	0	-10010	27
0	6	13	2	-248500	9
0	6	13	3	-13372730	27
0	6	13	4	50848175	27
0	6	13	5	-21326440	9
0	6	13	6	5720590	27
0	6	13	7	-283630	9
0	6	13	8	-11680	3
0	6	13	9	26800	9
0	6	14	1	50050	9
0	6	14	3	3230500	27
0	6	14	4	13428170	9
0	6	14	5	-112160125	27
0	6	14	6	102890900	27
0	6	14	7	315830	9
0	6	14	8	-1618120	9
0	6	14	9	-12320	9
0	6	14	10	3140	9
0	6	15	2	-350350	9
0	6	15	4	-3230500	9
0	6	15	5	-29785910	9
0	6	15	6	62529775	9
0	6	15	7	-13949200	3
0	6	15	8	-1285390	3
0	6	15	9	3105760	9
0	6	15	10	24580	3
0	6	15	11	-2980	1
0	6	16	3	4554550	27
0	6	16	5	7107100	9
0	6	16	6	150962350	27
0	6	16	7	-80713325	9
0	6	16	8	12969890	3
0	6	16	9	19222490	27
0	6	16	10	-3221720	9
0	6	16	11	-31840	3
0	6	16	12	82780	27
0	6	17	4	-4554550	9
0	6	17	6	-35535500	27
0	6	17	7	-22001650	3
0	6	17	8	81013240	9
0	6	17	9	-82273310	27
0	6	17	10	-702590	1
0	6	17	11	2213440	9
0	6	17	12	22945	3
0	6	17	13	-44720	27
0	6	18	5	10020010	9
0	6	18	7	5076500	3
0	6	18	8	22611490	3
0	6	18	9	-63170800	9
0	6	18	10	14417950	9
0	6	18	11	4220470	9
0	6	18	12	-3122410	27
0	6	18	13	-30145	9
0	6	18	14	4400	9
0	6	19	6	-50100050	27
0	6	19	8	-5076500	3
0	6	19	9	-163972270	27
0	6	19	10	37910180	9
0	6	19	11	-5479150	9
0	6	19	12	-5810240	27
0	6	19	13	978410	27
0	6	19	14	7615	9
0	6	19	15	-560	9
0	6	20	7	7157150	3
0	6	20	9	35535500	27
0	6	20	10	34258070	9
0	6	20	11	-17170300	9
0	6	20	12	4261900	27
0	6	20	13	1769060	27
0	6	20	14	-186250	27
0	6	20	15	-865	9
0	6	21	8	-7157150	3
0	6	21	10	-7107100	9
0	6	21	11	-16403450	9
0	6	21	12	17014375	27
0	6	21	13	-74620	3
0	6	21	14	-11970	1
0	6	21	15	610	1
0	6	22	9	50100050	27
0	6	22	11	3230500	9
0	6	22	12	17419850	27
0	6	22	13	-3860885	27
0	6	22	14	15760	9
0	6	22	15	26870	27
0	6	23	10	-10020010	9
0	6	23	12	-3230500	27
0	6	23	13	-1433810	9
0	6	23	14	536725	27
0	6	23	15	340	27
0	6	24	11	4554550	9
0	6	24	13	248500	9
0	6	24	14	220670	9
0	6	24	15	-3815	3
0	6	25	12	-4554550	27
0	6	25	14	-35500	9
0	6	25	15	-47830	27
0	6	26	13	350350	9
0	6	26	15	7100	27
0	6	27	14	-50050	9
0	6	28	15	10010	27
0	7	6	0	-40	1
0	7	7	0	-200	3
0	7	7	1	600	1
0	7	8	0	-7480	9
0	7	8	1	1000	1
0	7	8	2	-4200	1
0	7	9	0	-1460	1
0	7	9	1	37400	3
0	7	9	2	-7000	1
0	7	9	3	156920	9
0	7	10	0	-3280	3
0	7	10	1	21900	1
0	7	10	2	-261800	3
0	7	10	3	87080	3
0	7	10	4	-419200	9
0	7	11	0	8380	9
0	7	11	1	16400	1
0	7	11	2	-153300	1
0	7	11	3	3397040	9
0	7	11	4	-230360	3
0	7	11	5	728960	9
0	7	12	1	-41900	3
0	7	12	2	-114800	1
0	7	12	3	5986060	9
0	7	12	4	-3378680	3
0	7	12	5	129000	1
0	7	12	6	-248480	3
0	7	13	0	715	1
0	7	13	2	293300	3
0	7	13	3	1495040	3
0	7	13	4	-18016520	9
0	7	13	5	7356160	3
0	7	13	6	-348680	3
0	7	13	7	48280	3
0	7	14	1	-10725	1
0	7	14	3	-3812900	9
0	7	14	4	-1502960	1
0	7	14	5	39858280	9
0	7	14	6	-36177400	9
0	7	14	7	-22360	1
0	7	14	8	301960	3
0	7	15	2	75075	1
0	7	15	4	3812900	3
0	7	15	5	3341360	1
0	7	15	6	-22316800	3
0	7	15	7	5048200	1
0	7	15	8	242520	1
0	7	15	9	-578200	3
0	7	16	3	-325325	1
0	7	16	5	-8388380	3
0	7	16	6	-16997200	3
0	7	16	7	28965200	3
0	7	16	8	-4894920	1
0	7	16	9	-1203160	3
0	7	16	10	603080	3
0	7	17	4	975975	1
0	7	17	6	41941900	9
0	7	17	7	7471200	1
0	7	17	8	-29259340	3
0	7	17	9	32987080	9
0	7	17	10	395640	1
0	7	17	11	-418120	3
0	7	18	5	-2147145	1
0	7	18	7	-5991700	1
0	7	18	8	-7732560	1
0	7	18	9	22972180	3
0	7	18	10	-6312440	3
0	7	18	11	-264440	1
0	7	18	12	596560	9
0	7	19	6	3578575	1
0	7	19	8	5991700	1
0	7	19	9	18855760	3
0	7	19	10	-13879580	3
0	7	19	11	2734400	3
0	7	19	12	365080	3
0	7	19	13	-189200	9
0	7	20	7	-4601025	1
0	7	20	9	-41941900	9
0	7	20	10	-3980240	1
0	7	20	11	6324100	3
0	7	20	12	-2605400	9
0	7	20	13	-111640	3
0	7	20	14	36400	9
0	7	21	8	4601025	1
0	7	21	10	8388380	3
0	7	21	11	1928000	1
0	7	21	12	-6294400	9
0	7	21	13	192080	3
0	7	21	14	6840	1
0	7	21	15	-360	1
0	7	22	9	-3578575	1
0	7	22	11	-3812900	3
0	7	22	12	-2073200	3
0	7	22	13	1430960	9
0	7	22	14	-26680	3
0	7	22	15	-1720	3
0	7	23	10	2147145	1
0	7	23	12	3812900	9
0	7	23	13	172880	1
0	7	23	14	-198520	9
0	7	23	15	5320	9
0	7	24	11	-975975	1
0	7	24	13	-293300	3
0	7	24	14	-26960	1
0	7	24	15	1400	1
0	7	25	12	325325	1
0	7	25	14	41900	3
0	7	25	15	5920	3
0	7	26	13	-75075	1
0	7	26	15	-8380	9
0	7	27	14	10725	1
0	7	28	15	-715	1
0	8	6	0	10	1
0	8	7	0	50	3
0	8	7	1	-150	1
0	8	8	0	5155	9
0	8	8	1	-250	1
0	8	8	2	1050	1
0	8	9	0	1040	1
0	8	9	1	-25775	3
0	8	9	2	1750	1
0	8	9	3	-39230	9
0	8	10	0	1990	3
0	8	10	1	-15600	1
0	8	10	2	180425	3
0	8	10	3	-21770	3
0	8	10	4	104800	9
0	8	11	0	-14695	9
0	8	11	1	-9950	1
0	8	11	2	109200	1
0	8	11	3	-2345285	9
0	8	11	4	57590	3
0	8	11	5	-182240	9
0	8	12	1	73475	3
0	8	12	2	69650	1
0	8	12	3	-4266040	9
0	8	12	4	2344070	3
0	8	12	5	-32250	1
0	8	12	6	62120	3
0	8	13	0	-715	1
0	8	13	2	-514325	3
0	8	13	3	-907100	3
0	8	13	4	12855905	9
0	8	13	5	-5150500	3
0	8	13	6	87170	3
0	8	13	7	-12070	3
0	8	14	1	10725	1
0	8	14	3	6686225	9
0	8	14	4	912050	1
0	8	14	5	-28504795	9
0	8	14	6	25698400	9
0	8	14	7	5590	1
0	8	14	8	-75490	3
0	8	15	2	-75075	1
0	8	15	4	-6686225	3
0	8	15	5	-2028290	1
0	8	15	6	16011325	3
0	8	15	7	-3661450	1
0	8	15	8	-60630	1
0	8	15	9	144550	3
0	8	16	3	325325	1
0	8	16	5	14709695	3
0	8	16	6	10322950	3
0	8	16	7	-20866175	3
0	8	16	8	3653055	1
0	8	16	9	300790	3
0	8	16	10	-150770	3
0	8	17	4	-975975	1
0	8	17	6	-73548475	9
0	8	17	7	-4540800	1
0	8	17	8	21177310	3
0	8	17	9	-25567045	9
0	8	17	10	-98910	1
0	8	17	11	104530	3
0	8	18	5	2147145	1
0	8	18	7	10506925	1
0	8	18	8	4704150	1
0	8	18	9	-16709770	3
0	8	18	10	5137745	3
0	8	18	11	66110	1
0	8	18	12	-149140	9
0	8	19	6	-3578575	1
0	8	19	8	-10506925	1
0	8	19	9	-11484550	3
0	8	19	10	10144970	3
0	8	19	11	-2367275	3
0	8	19	12	-91270	3
0	8	19	13	47300	9
0	8	20	7	4601025	1
0	8	20	9	73548475	9
0	8	20	10	2427590	1
0	8	20	11	-4642150	3
0	8	20	12	2432900	9
0	8	20	13	27910	3
0	8	20	14	-9100	9
0	8	21	8	-4601025	1
0	8	21	10	-14709695	3
0	8	21	11	-1177700	1
0	8	21	12	4634725	9
0	8	21	13	-196070	3
0	8	21	14	-1710	1
0	8	21	15	90	1
0	8	22	9	3578575	1
0	8	22	11	6686225	3
0	8	22	12	1268450	3
0	8	22	13	-1055015	9
0	8	22	14	30070	3
0	8	22	15	430	3
0	8	23	10	-2147145	1
0	8	23	12	-6686225	9
0	8	23	13	-105950	1
0	8	23	14	146155	9
0	8	23	15	-6640	9
0	8	24	11	975975	1
0	8	24	13	514325	3
0	8	24	14	16550	1
0	8	24	15	-1025	1
0	8	25	12	-325325	1
0	8	25	14	-73475	3
0	8	25	15	-3640	3
0	8	26	13	75075	1
0	8	26	15	14695	9
0	8	27	14	-10725	1
0	8	28	15	715	1
0	9	8	0	-730	3
0	9	9	0	-450	1
0	9	9	1	3650	1
0	9	10	0	-150	1
0	9	10	1	6750	1
0	9	10	2	-25550	1
0	9	11	0	5275	3
0	9	11	1	2250	1
0	9	11	2	-47250	1
0	9	11	3	332450	3
0	9	12	1	-26375	1
0	9	12	2	-15750	1
0	9	12	3	205150	1
0	9	12	4	-333200	1
0	9	13	2	184625	1
0	9	13	3	68250	1
0	9	13	4	-618650	1
0	9	13	5	735880	1
0	9	14	3	-2400125	3
0	9	14	4	-204750	1
0	9	14	5	1373350	1
0	9	14	6	-3700900	3
0	9	15	4	2400125	1
0	9	15	5	450450	1
0	9	15	6	-2318250	1
0	9	15	7	1599600	1
0	9	16	5	-5280275	1
0	9	16	6	-750750	1
0	9	16	7	3027750	1
0	9	16	8	-1619550	1
0	9	17	6	26401375	3
0	9	17	7	965250	1
0	9	17	8	-3080550	1
0	9	17	9	3848950	3
0	9	18	7	-11314875	1
0	9	18	8	-965250	1
0	9	18	9	2437050	1
0	9	18	10	-791030	1
0	9	19	8	11314875	1
0	9	19	9	750750	1
0	9	19	10	-1483350	1
0	9	19	11	374150	1
0	9	20	9	-26401375	3
0	9	20	10	-450450	1
0	9	20	11	680250	1
0	9	20	12	-395900	3
0	9	21	10	5280275	1
0	9	21	11	204750	1
0	9	21	12	-226750	1
0	9	21	13	32900	1
0	9	22	11	-2400125	1
0	9	22	12	-68250	1
0	9	22	13	51650	1
0	9	22	14	-5200	1
0	9	23	12	2400125	3
0	9	23	13	15750	1
0	9	23	14	-7150	1
0	9	23	15	1180	3
0	9	24	13	-184625	1
0	9	24	14	-2250	1
0	9	24	15	450	1
0	9	25	14	26375	1
0	9	25	15	150	1
0	9	26	15	-5275	3
0	10	8	0	146	3
0	10	9	0	90	1
0	10	9	1	-730	1
0	10	10	0	-80	1
0	10	10	1	-1350	1
0	10	10	2	5110	1
0	10	11	0	-3530	3
0	10	11	1	1200	1
0	10	11	2	9450	1
0	10	11	3	-66490	3
0	10	12	1	17650	1
0	10	12	2	-8400	1
0	10	12	3	-41030	1
0	10	12	4	66640	1
0	10	13	0	1001	1
0	10	13	2	-123550	1
0	10	13	3	36620	1
0	10	13	4	123730	1
0	10	13	5	-147176	1
0	10	14	1	-15015	1
0	10	14	3	1606150	3
0	10	14	4	-111840	1
0	10	14	5	-274670	1
0	10	14	6	740180	3
0	10	15	2	105105	1
0	10	15	4	-1606150	1
0	10	15	5	254760	1
0	10	15	6	463650	1
0	10	15	7	-319920	1
0	10	16	3	-455455	1
0	10	16	5	3533530	1
0	10	16	6	-448800	1
0	10	16	7	-605550	1
0	10	16	8	323910	1
0	10	17	4	1366365	1
0	10	17	6	-17667650	3
0	10	17	7	623700	1
0	10	17	8	616110	1
0	10	17	9	-769790	3
0	10	18	5	-3006003	1
0	10	18	7	7571850	1
0	10	18	8	-689040	1
0	10	18	9	-487410	1
0	10	18	10	158206	1
0	10	19	6	5010005	1
0	10	19	8	-7571850	1
0	10	19	9	603680	1
0	10	19	10	296670	1
0	10	19	11	-74830	1
0	10	20	7	-6441435	1
0	10	20	9	17667650	3
0	10	20	10	-414480	1
0	10	20	11	-136050	1
0	10	20	12	79180	3
0	10	21	8	6441435	1
0	10	21	10	-3533530	1
0	10	21	11	218100	1
0	10	21	12	45350	1
0	10	21	13	-6580	1
0	10	22	9	-5010005	1
0	10	22	11	1606150	1
0	10	22	12	-84800	1
0	10	22	13	-10330	1
0	10	22	14	1040	1
0	10	23	10	3006003	1
0	10	23	12	-1606150	3
0	10	23	13	22920	1
0	10	23	14	1430	1
0	10	23	15	-236	3
0	10	24	11	-1366365	1
0	10	24	13	123550	1
0	10	24	14	-3840	1
0	10	24	15	-90	1
0	10	25	12	455455	1
0	10	25	14	-17650	1
0	10	25	15	300	1
0	10	26	13	-105105	1
0	10	26	15	3530	3
0	10	27	14	15015	1
0	10	28	15	-1001	1
0	11	10	0	60	1
0	11	11	0	450	1
0	11	11	1	-900	1
0	11	12	1	-6750	1
0	11	12	2	6300	1
0	11	13	0	-1365	1
0	11	13	2	47250	1
0	11	13	3	-27420	1
0	11	14	1	20475	1
0	11	14	3	-204750	1
0	11	14	4	83340	1
0	11	15	2	-143325	1
0	11	15	4	614250	1
0	11	15	5	-188100	1
0	11	16	3	621075	1
0	11	16	5	-1351350	1
0	11	16	6	326700	1
0	11	17	4	-1863225	1
0	11	17	6	2252250	1
0	11	17	7	-445500	1
0	11	18	5	4099095	1
0	11	18	7	-2895750	1
0	11	18	8	481140	1
0	11	19	6	-6831825	1
0	11	19	8	2895750	1
0	11	19	9	-411180	1
0	11	20	7	8783775	1
0	11	20	9	-2252250	1
0	11	20	10	275220	1
0	11	21	8	-8783775	1
0	11	21	10	1351350	1
0	11	21	11	-141300	1
0	11	22	9	6831825	1
0	11	22	11	-614250	1
0	11	22	12	53700	1
0	11	23	10	-4099095	1
0	11	23	12	204750	1
0	11	23	13	-14220	1
0	11	24	11	1863225	1
0	11	24	13	-47250	1
0	11	24	14	2340	1
0	11	25	12	-621075	1
0	11	25	14	6750	1
0	11	25	15	-180	1
0	11	26	13	143325	1
0	11	26	15	-450	1
0	11	27	14	-20475	1
0	11	28	15	1365	1
0	12	10	0	-10	1
0	12	11	0	-75	1
0	12	11	1	150	1
0	12	12	1	1125	1
0	12	12	2	-1050	1
0	12	13	0	910	1
0	12	13	2	-7875	1
0	12	13	3	4570	1
0	12	14	1	-13650	1
0	12	14	3	34125	1
0	12	14	4	-13890	1
0	12	15	2	95550	1
0	12	15	4	-102375	1
0	12	15	5	31350	1
0	12	16	3	-414050	1
0	12	16	5	225225	1
0	12	16	6	-54450	1
0	12	17	4	1242150	1
0	12	17	6	-375375	1
0	12	17	7	74250	1
0	12	18	5	-2732730	1
0	12	18	7	482625	1
0	12	18	8	-80190	1
0	12	19	6	4554550	1
0	12	19	8	-482625	1
0	12	19	9	68530	1
0	12	20	7	-5855850	1
0	12	20	9	375375	1
0	12	20	10	-45870	1
0	12	21	8	5855850	1
0	12	21	10	-225225	1
0	12	21	11	23550	1
0	12	22	9	-4554550	1
0	12	22	11	102375	1
0	12	22	12	-8950	1
0	12	23	10	2732730	1
0	12	23	12	-34125	1
0	12	23	13	2370	1
0	12	24	11	-1242150	1
0	12	24	13	7875	1
0	12	24	14	-390	1
0	12	25	12	414050	1
0	12	25	14	-1125	1
0	12	25	15	30	1
0	12	26	13	-95550	1
0	12	26	15	75	1
0	12	27	14	13650	1
0	12	28	15	-910	1
0	13	13	0	-315	1
0	13	14	1	4725	1
0	13	15	2	-33075	1
0	13	16	3	143325	1
0	13	17	4	-429975	1
0	13	18	5	945945	1
0	13	19	6	-1576575	1
0	13	20	7	2027025	1
0	13	21	8	-2027025	1
0	13	22	9	1576575	1
0	13	23	10	-945945	1
0	13	24	11	429975	1
0	13	25	12	-143325	1
0	13	26	13	33075	1
0	13	27	14	-4725	1
0	13	28	15	315	1
0	14	13	0	45	1
0	14	14	1	-675	1
0	14	15	2	4725	1
0	14	16	3	-20475	1
0	14	17	4	61425	1
0	14	18	5	-135135	1
0	14	19	6	225225	1
0	14	20	7	-289575	1
0	14	21	8	289575	1
0	14	22	9	-225225	1
0	14	23	10	135135	1
0	14	24	11	-61425	1
0	14	25	12	20475	1
0	14	26	13	-4725	1
0	14	27	14	675	1
0	14	28	15	-45	1
1	0	2	0	-50	243
1	0	3	1	250	81
1	0	3	3	-400	729
1	0	3	5	5	486
1	0	4	0	-50	81
1	0	4	2	-5200	243
1	0	4	3	-20	729
1	0	4	4	4010	729
1	0	4	6	-475	1944
1	0	5	0	-50	243
1	0	5	1	250	27
1	0	5	2	-20	243
1	0	5	3	63740	729
1	0	5	4	10	81
1	0	5	5	-19750	729
1	0	5	7	2885	1944
1	0	6	0	-50	27
1	0	6	1	250	81
1	0	6	2	-15730	243
1	0	6	3	-520	729
1	0	6	4	-56470	243
1	0	6	5	-610	729
1	0	6	6	19100	243
1	0	6	8	-2995	576
1	0	7	0	-500	243
1	0	7	1	250	9
1	0	7	2	-5350	243
1	0	7	3	192550	729
1	0	7	4	4280	729
1	0	7	5	294610	729
1	0	7	6	-70	729
1	0	7	7	-36020	243
1	0	7	9	43655	3888
1	0	8	0	-830	243
1	0	8	1	2500	81
1	0	8	2	-47270	243
1	0	8	3	59690	729
1	0	8	4	-167350	243
1	0	8	5	-23140	729
1	0	8	6	-106255	243
1	0	8	7	410	81
1	0	8	8	1630	9
1	0	8	10	-1858255	124416
1	0	9	0	-100	27
1	0	9	1	4150	81
1	0	9	2	-52520	243
1	0	9	3	592310	729
1	0	9	4	-39260	243
1	0	9	5	830390	729
1	0	9	6	22460	243
1	0	9	7	57215	243
1	0	9	8	-6650	729
1	0	9	9	-10210	81
1	0	9	11	416075	41472
1	0	10	0	-550	243
1	0	10	1	500	9
1	0	10	2	-87100	243
1	0	10	3	660080	729
1	0	10	4	-1616350	729
1	0	10	5	63220	729
1	0	10	6	-734890	729
1	0	10	7	-10360	81
1	0	10	8	6920	243
1	0	10	9	5330	729
1	0	10	10	5150	243
1	0	10	12	-26905	62208
1	0	11	0	-50	81
1	0	11	1	2750	81
1	0	11	2	-94460	243
1	0	11	3	1119740	729
1	0	11	4	-1800880	729
1	0	11	5	2970950	729
1	0	11	6	101720	243
1	0	11	7	-16390	243
1	0	11	8	13390	243
1	0	11	9	-14860	243
1	0	11	10	70	243
1	0	11	11	6910	243
1	0	11	13	-123785	62208
1	0	12	1	250	27
1	0	12	2	-57760	243
1	0	12	3	136120	81
1	0	12	4	-362120	81
1	0	12	5	3266480	729
1	0	12	6	-1187960	243
1	0	12	7	-310040	243
1	0	12	8	976060	729
1	0	12	9	4790	81
1	0	12	10	-34075	243
1	0	12	11	-6710	729
1	0	12	12	-740	729
1	0	12	14	-1872785	1990656
1	0	13	0	-10	243
1	0	13	2	-1750	27
1	0	13	3	250300	243
1	0	13	4	-1218380	243
1	0	13	5	6765760	729
1	0	13	6	-413900	81
1	0	13	7	750680	243
1	0	13	8	406280	243
1	0	13	9	-1142140	729
1	0	13	10	-15230	243
1	0	13	11	60635	243
1	0	13	12	8020	729
1	0	13	13	-13460	729
1	0	13	15	1966385	1990656
1	0	14	1	50	81
1	0	14	3	22750	81
1	0	14	4	-250190	81
1	0	14	5	32780	3
1	0	14	6	-3411250	243
1	0	14	7	601540	243
1	0	14	8	196850	243
1	0	14	9	-22280	27
1	0	14	10	51760	81
1	0	14	11	-13310	243
1	0	14	12	-88730	729
1	0	14	13	-1060	243
1	0	14	14	3070	729
1	0	15	2	-350	81
1	0	15	4	-22750	27
1	0	15	5	1649230	243
1	0	15	6	-4363700	243
1	0	15	7	1252850	81
1	0	15	8	667180	243
1	0	15	9	-330370	81
1	0	15	10	-179660	243
1	0	15	11	259540	729
1	0	15	12	112150	729
1	0	15	13	-730	27
1	0	15	14	-880	729
1	0	15	15	190	81
1	0	16	3	4550	243
1	0	16	5	50050	27
1	0	16	6	-304700	27
1	0	16	7	1835240	81
1	0	16	8	-2930110	243
1	0	16	9	-1728980	243
1	0	16	10	373430	81
1	0	16	11	396680	243
1	0	16	12	-457040	729
1	0	16	13	-100250	729
1	0	16	14	33080	729
1	0	16	15	260	243
1	0	17	4	-4550	81
1	0	17	6	-250250	81
1	0	17	7	390280	27
1	0	17	8	-1792340	81
1	0	17	9	1461970	243
1	0	17	10	1900880	243
1	0	17	11	-732790	243
1	0	17	12	-990230	729
1	0	17	13	91280	243
1	0	17	14	43210	729
1	0	17	15	-980	81
1	0	18	5	10010	81
1	0	18	7	35750	9
1	0	18	8	-1164350	81
1	0	18	9	1355420	81
1	0	18	10	-90800	81
1	0	18	11	-1317800	243
1	0	18	12	910270	729
1	0	18	13	17110	27
1	0	18	14	-82360	729
1	0	18	15	-830	81
1	0	19	6	-50050	243
1	0	19	8	-35750	9
1	0	19	9	2695990	243
1	0	19	10	-787820	81
1	0	19	11	-209200	243
1	0	19	12	1826440	729
1	0	19	13	-234110	729
1	0	19	14	-120010	729
1	0	19	15	3440	243
1	0	20	7	7150	27
1	0	20	9	250250	81
1	0	20	10	-533720	81
1	0	20	11	1038200	243
1	0	20	12	607900	729
1	0	20	13	-548120	729
1	0	20	14	34180	729
1	0	20	15	4570	243
1	0	21	8	-7150	27
1	0	21	10	-50050	27
1	0	21	11	718300	243
1	0	21	12	-12380	9
1	0	21	13	-27740	81
1	0	21	14	96820	729
1	0	21	15	-740	243
1	0	22	9	50050	243
1	0	22	11	22750	27
1	0	22	12	-235510	243
1	0	22	13	74660	243
1	0	22	14	54170	729
1	0	22	15	-2540	243
1	0	23	10	-10010	81
1	0	23	12	-22750	81
1	0	23	13	17750	81
1	0	23	14	-3460	81
1	0	23	15	-1690	243
1	0	24	11	4550	81
1	0	24	13	1750	27
1	0	24	14	-7420	243
1	0	24	15	680	243
1	0	25	12	-4550	243
1	0	25	14	-250	27
1	0	25	15	160	81
1	0	26	13	350	81
1	0	26	15	50	81
1	0	27	14	-50	81
1	0	28	15	10	243
1	1	2	0	100	81
1	1	3	1	-500	27
1	1	3	3	400	243
1	1	4	0	50	9
1	1	4	2	10400	81
1	1	4	3	10	81
1	1	4	4	-4010	243
1	1	5	0	175	81
1	1	5	1	-250	3
1	1	5	2	50	81
1	1	5	3	-127480	243
1	1	5	4	-5	9
1	1	5	5	19750	243
1	1	6	0	200	9
1	1	6	1	-875	27
1	1	6	2	15730	27
1	1	6	3	1300	243
1	1	6	4	112940	81
1	1	6	5	305	81
1	1	6	6	-19100	81
1	1	7	0	250	9
1	1	7	1	-1000	3
1	1	7	2	18725	81
1	1	7	3	-192550	81
1	1	7	4	-10700	243
1	1	7	5	-589220	243
1	1	7	6	35	81
1	1	7	7	36020	81
1	1	8	0	4150	81
1	1	8	1	-1250	3
1	1	8	2	189080	81
1	1	8	3	-208915	243
1	1	8	4	167350	27
1	1	8	5	57850	243
1	1	8	6	212510	81
1	1	8	7	-205	9
1	1	8	8	-1630	3
1	1	9	0	550	9
1	1	9	1	-20750	27
1	1	9	2	26260	9
1	1	9	3	-2369240	243
1	1	9	4	137410	81
1	1	9	5	-830390	81
1	1	9	6	-56150	81
1	1	9	7	-114430	81
1	1	9	8	3325	81
1	1	9	9	10210	27
1	1	10	0	1100	27
1	1	10	1	-2750	3
1	1	10	2	435500	81
1	1	10	3	-330040	27
1	1	10	4	6465400	243
1	1	10	5	-221270	243
1	1	10	6	734890	81
1	1	10	7	25900	27
1	1	10	8	-13840	81
1	1	10	9	-2665	81
1	1	10	10	-5150	81
1	1	11	0	325	27
1	1	11	1	-5500	9
1	1	11	2	519530	81
1	1	11	3	-5598700	243
1	1	11	4	900440	27
1	1	11	5	-11883800	243
1	1	11	6	-356020	81
1	1	11	7	16390	27
1	1	11	8	-33475	81
1	1	11	9	29720	81
1	1	11	10	-35	27
1	1	11	11	-6910	81
1	1	12	1	-1625	9
1	1	12	2	115520	27
1	1	12	3	-748660	27
1	1	12	4	1810600	27
1	1	12	5	-1633240	27
1	1	12	6	4751840	81
1	1	12	7	1085140	81
1	1	12	8	-976060	81
1	1	12	9	-11975	27
1	1	12	10	68150	81
1	1	12	11	3355	81
1	1	12	12	740	243
1	1	13	0	25	27
1	1	13	2	11375	9
1	1	13	3	-500600	27
1	1	13	4	6701090	81
1	1	13	5	-33828800	243
1	1	13	6	206950	3
1	1	13	7	-3002720	81
1	1	13	8	-1421980	81
1	1	13	9	1142140	81
1	1	13	10	38075	81
1	1	13	11	-121270	81
1	1	13	12	-4010	81
1	1	13	13	13460	243
1	1	14	1	-125	9
1	1	14	3	-147875	27
1	1	14	4	500380	9
1	1	14	5	-180290	1
1	1	14	6	17056250	81
1	1	14	7	-300770	9
1	1	14	8	-787400	81
1	1	14	9	77980	9
1	1	14	10	-51760	9
1	1	14	11	33275	81
1	1	14	12	177460	243
1	1	14	13	530	27
1	1	14	14	-3070	243
1	1	15	2	875	9
1	1	15	4	147875	9
1	1	15	5	-3298460	27
1	1	15	6	24000350	81
1	1	15	7	-6264250	27
1	1	15	8	-333590	9
1	1	15	9	1321480	27
1	1	15	10	628810	81
1	1	15	11	-259540	81
1	1	15	12	-280375	243
1	1	15	13	1460	9
1	1	15	14	440	81
1	1	15	15	-190	27
1	1	16	3	-11375	27
1	1	16	5	-325325	9
1	1	16	6	609400	3
1	1	16	7	-10093820	27
1	1	16	8	14650550	81
1	1	16	9	864490	9
1	1	16	10	-1493720	27
1	1	16	11	-1388380	81
1	1	16	12	457040	81
1	1	16	13	250625	243
1	1	16	14	-66160	243
1	1	16	15	-130	27
1	1	17	4	11375	9
1	1	17	6	1626625	27
1	1	17	7	-780560	3
1	1	17	8	9857870	27
1	1	17	9	-7309850	81
1	1	17	10	-950440	9
1	1	17	11	2931160	81
1	1	17	12	3465805	243
1	1	17	13	-91280	27
1	1	17	14	-108025	243
1	1	17	15	1960	27
1	1	18	5	-25025	9
1	1	18	7	-232375	3
1	1	18	8	2328700	9
1	1	18	9	-7454810	27
1	1	18	10	454000	27
1	1	18	11	658900	9
1	1	18	12	-3641080	243
1	1	18	13	-59885	9
1	1	18	14	82360	81
1	1	18	15	2075	27
1	1	19	6	125125	27
1	1	19	8	232375	3
1	1	19	9	-5391980	27
1	1	19	10	4333010	27
1	1	19	11	1046000	81
1	1	19	12	-913220	27
1	1	19	13	936440	243
1	1	19	14	420035	243
1	1	19	15	-3440	27
1	1	20	7	-17875	3
1	1	20	9	-1626625	27
1	1	20	10	1067440	9
1	1	20	11	-5710100	81
1	1	20	12	-3039500	243
1	1	20	13	274060	27
1	1	20	14	-136720	243
1	1	20	15	-15995	81
1	1	21	8	17875	3
1	1	21	10	325325	9
1	1	21	11	-1436600	27
1	1	21	12	68090	3
1	1	21	13	138700	27
1	1	21	14	-48410	27
1	1	21	15	2960	81
1	1	22	9	-125125	27
1	1	22	11	-147875	9
1	1	22	12	471020	27
1	1	22	13	-410630	81
1	1	22	14	-270850	243
1	1	22	15	1270	9
1	1	23	10	25025	9
1	1	23	12	147875	27
1	1	23	13	-35500	9
1	1	23	14	19030	27
1	1	23	15	8450	81
1	1	24	11	-11375	9
1	1	24	13	-11375	9
1	1	24	14	14840	27
1	1	24	15	-3740	81
1	1	25	12	11375	27
1	1	25	14	1625	9
1	1	25	15	-320	9
1	1	26	13	-875	9
1	1	26	15	-325	27
1	1	27	14	125	9
1	1	28	15	-25	27
1	2	2	0	-250	81
1	2	3	1	1250	27
1	2	3	3	-400	243
1	2	4	0	-200	9
1	2	4	2	-26000	81
1	2	4	3	-10	81
1	2	4	4	4010	243
1	2	5	0	-775	81
1	2	5	1	1000	3
1	2	5	2	-140	81
1	2	5	3	318700	243
1	2	5	4	5	9
1	2	5	5	-19750	243
1	2	6	0	-1100	9
1	2	6	1	3875	27
1	2	6	2	-62920	27
1	2	6	3	-3640	243
1	2	6	4	-282350	81
1	2	6	5	-305	81
1	2	6	6	19100	81
1	2	7	0	-500	3
1	2	7	1	5500	3
1	2	7	2	-82925	81
1	2	7	3	770230	81
1	2	7	4	29960	243
1	2	7	5	1473050	243
1	2	7	6	-35	81
1	2	7	7	-36020	81
1	2	8	0	-28825	81
1	2	8	1	2500	1
1	2	8	2	-1039850	81
1	2	8	3	925195	243
1	2	8	4	-74365	3
1	2	8	5	-161980	243
1	2	8	6	-531275	81
1	2	8	7	205	9
1	2	8	8	1630	3
1	2	9	0	-4150	9
1	2	9	1	144125	27
1	2	9	2	-52520	3
1	2	9	3	13035050	243
1	2	9	4	-608530	81
1	2	9	5	3321545	81
1	2	9	6	157220	81
1	2	9	7	286075	81
1	2	9	8	-3325	81
1	2	9	9	-10210	27
1	2	10	0	-8900	27
1	2	10	1	20750	3
1	2	10	2	-3024650	81
1	2	10	3	1980440	27
1	2	10	4	-35594620	243
1	2	10	5	979910	243
1	2	10	6	-2945020	81
1	2	10	7	-72520	27
1	2	10	8	34600	81
1	2	10	9	2665	81
1	2	10	10	5150	81
1	2	11	0	-2650	27
1	2	11	1	44500	9
1	2	11	2	-3920090	81
1	2	11	3	38902090	243
1	2	11	4	-200140	1
1	2	11	5	65463140	243
1	2	11	6	1576660	81
1	2	11	7	-62140	27
1	2	11	8	93730	81
1	2	11	9	-74300	81
1	2	11	10	35	27
1	2	11	11	6910	81
1	2	12	1	13250	9
1	2	12	2	-934610	27
1	2	12	3	1883320	9
1	2	12	4	-12600070	27
1	2	12	5	9800560	27
1	2	12	6	-26179400	81
1	2	12	7	-4805620	81
1	2	12	8	3906325	81
1	2	12	9	33530	27
1	2	12	10	-170375	81
1	2	12	11	-3355	81
1	2	12	12	-740	243
1	2	13	0	-175	27
1	2	13	2	-92750	9
1	2	13	3	4050050	27
1	2	13	4	-50595740	81
1	2	13	5	236178890	243
1	2	13	6	-3722180	9
1	2	13	7	16498220	81
1	2	13	8	6297340	81
1	2	13	9	-4588195	81
1	2	13	10	-106610	81
1	2	13	11	303175	81
1	2	13	12	4010	81
1	2	13	13	-13460	243
1	2	14	1	875	9
1	2	14	3	1205750	27
1	2	14	4	-4048840	9
1	2	14	5	36786200	27
1	2	14	6	-119792225	81
1	2	14	7	597080	3
1	2	14	8	4539140	81
1	2	14	9	-345340	9
1	2	14	10	207935	9
1	2	14	11	-93170	81
1	2	14	12	-443650	243
1	2	14	13	-530	27
1	2	14	14	3070	243
1	2	15	2	-6125	9
1	2	15	4	-1205750	9
1	2	15	5	26700080	27
1	2	15	6	-181613300	81
1	2	15	7	44475925	27
1	2	15	8	2031260	9
1	2	15	9	-7437220	27
1	2	15	10	-2784730	81
1	2	15	11	1063645	81
1	2	15	12	785050	243
1	2	15	13	-3650	9
1	2	15	14	-440	81
1	2	15	15	190	27
1	2	16	3	79625	27
1	2	16	5	2652650	9
1	2	16	6	-14809850	9
1	2	16	7	76520510	27
1	2	16	8	-106262885	81
1	2	16	9	-5230060	9
1	2	16	10	8462090	27
1	2	16	11	6148540	81
1	2	16	12	-1868570	81
1	2	16	13	-701750	243
1	2	16	14	165400	243
1	2	16	15	130	27
1	2	17	4	-79625	9
1	2	17	6	-13263250	27
1	2	17	7	6330830	3
1	2	17	8	-74904170	27
1	2	17	9	55886795	81
1	2	17	10	1915760	3
1	2	17	11	-16834450	81
1	2	17	12	-15348565	243
1	2	17	13	374290	27
1	2	17	14	302470	243
1	2	17	15	-4900	27
1	2	18	5	175175	9
1	2	18	7	1894750	3
1	2	18	8	-18921100	9
1	2	18	9	56799710	27
1	2	18	10	-4581820	27
1	2	18	11	-3987320	9
1	2	18	12	21390340	243
1	2	18	13	265205	9
1	2	18	14	-339175	81
1	2	18	15	-5810	27
1	2	19	6	-875875	27
1	2	19	8	-1894750	3
1	2	19	9	43920140	27
1	2	19	10	-33114950	27
1	2	19	11	-4631900	81
1	2	19	12	5535460	27
1	2	19	13	-5703020	243
1	2	19	14	-1860155	243
1	2	19	15	14255	27
1	2	20	7	125125	3
1	2	20	9	13263250	27
1	2	20	10	-8723770	9
1	2	20	11	43778300	81
1	2	20	12	17636000	243
1	2	20	13	-185080	3
1	2	20	14	880300	243
1	2	20	15	70835	81
1	2	21	8	-125125	3
1	2	21	10	-2652650	9
1	2	21	11	11791550	27
1	2	21	12	-4712480	27
1	2	21	13	-847840	27
1	2	21	14	295460	27
1	2	21	15	-20600	81
1	2	22	9	875875	27
1	2	22	11	1205750	9
1	2	22	12	-3887360	27
1	2	22	13	3165380	81
1	2	22	14	1691245	243
1	2	22	15	-2600	3
1	2	23	10	-175175	9
1	2	23	12	-1205750	27
1	2	23	13	295000	9
1	2	23	14	-5440	1
1	2	23	15	-53345	81
1	2	24	11	79625	9
1	2	24	13	92750	9
1	2	24	14	-124370	27
1	2	24	15	28850	81
1	2	25	12	-79625	27
1	2	25	14	-13250	9
1	2	25	15	2710	9
1	2	26	13	6125	9
1	2	26	15	2650	27
1	2	27	14	-875	9
1	2	28	15	175	27
1	3	2	0	100	27
1	3	3	1	-500	9
1	3	4	0	50	1
1	3	4	2	10400	27
1	3	5	0	625	27
1	3	5	1	-750	1
1	3	5	2	20	9
1	3	5	3	-127480	81
1	3	6	0	400	1
1	3	6	1	-3125	9
1	3	6	2	15730	3
1	3	6	3	520	27
1	3	6	4	112940	27
1	3	7	0	1750	3
1	3	7	1	-6000	1
1	3	7	2	66875	27
1	3	7	3	-64190	3
1	3	7	4	-4280	27
1	3	7	5	-589220	81
1	3	8	0	40600	27
1	3	8	1	-8750	1
1	3	8	2	378070	9
1	3	8	3	-746125	81
1	3	8	4	501820	9
1	3	8	5	23140	27
1	3	8	6	212510	27
1	3	9	0	2100	1
1	3	9	1	-203000	9
1	3	9	2	183820	3
1	3	9	3	-4742710	27
1	3	9	4	490750	27
1	3	9	5	-830380	9
1	3	9	6	-22460	9
1	3	9	7	-114430	27
1	3	10	0	4750	3
1	3	10	1	-31500	1
1	3	10	2	4259600	27
1	3	10	3	-2310980	9
1	3	10	4	12965720	27
1	3	10	5	-790250	81
1	3	10	6	738530	9
1	3	10	7	10360	3
1	3	10	8	-13840	27
1	3	11	0	3850	9
1	3	11	1	-23750	1
1	3	11	2	661220	3
1	3	11	3	-54831760	81
1	3	11	4	6307070	9
1	3	11	5	-23869840	27
1	3	11	6	-1271500	27
1	3	11	7	14110	3
1	3	11	8	-13390	9
1	3	11	9	29720	27
1	3	12	1	-19250	3
1	3	12	2	166250	1
1	3	12	3	-953330	1
1	3	12	4	17809480	9
1	3	12	5	-3812200	3
1	3	12	6	9547960	9
1	3	12	7	3875500	27
1	3	12	8	-977450	9
1	3	12	9	-4790	3
1	3	12	10	68150	27
1	3	13	2	134750	3
1	3	13	3	-2161250	3
1	3	13	4	8545145	3
1	3	13	5	-335797160	81
1	3	13	6	4335730	3
1	3	13	7	-5988700	9
1	3	13	8	-5078500	27
1	3	13	9	1155230	9
1	3	13	10	15230	9
1	3	13	11	-121270	27
1	3	14	3	-1751750	9
1	3	14	4	2161250	1
1	3	14	5	-6223525	1
1	3	14	6	172156400	27
1	3	14	7	-2058560	3
1	3	14	8	-1783240	9
1	3	14	9	278500	3
1	3	14	10	-157070	3
1	3	14	11	13310	9
1	3	14	12	177460	81
1	3	15	4	1751750	3
1	3	15	5	-4754750	1
1	3	15	6	30805775	3
1	3	15	7	-65147200	9
1	3	15	8	-813050	1
1	3	15	9	2812040	3
1	3	15	10	2245750	27
1	3	15	11	-276530	9
1	3	15	12	-112150	27
1	3	15	13	1460	3
1	3	16	5	-3853850	3
1	3	16	6	23773750	3
1	3	16	7	-13025705	1
1	3	16	8	161341640	27
1	3	16	9	2067450	1
1	3	16	10	-3234070	3
1	3	16	11	-4958500	27
1	3	16	12	483980	9
1	3	16	13	100250	27
1	3	16	14	-66160	81
1	3	17	6	19269250	9
1	3	17	7	-10188750	1
1	3	17	8	12807410	1
1	3	17	9	-91969880	27
1	3	17	10	-6809320	3
1	3	17	11	6575390	9
1	3	17	12	12377875	81
1	3	17	13	-292180	9
1	3	17	14	-43210	27
1	3	17	15	1960	9
1	3	18	7	-2752750	1
1	3	18	8	10188750	1
1	3	18	9	-9762830	1
1	3	18	10	10155280	9
1	3	18	11	4731020	3
1	3	18	12	-8646560	27
1	3	18	13	-213875	3
1	3	18	14	88850	9
1	3	18	15	830	3
1	3	19	8	2752750	1
1	3	19	9	-23773750	3
1	3	19	10	5724950	1
1	3	19	11	-300400	27
1	3	19	12	-6589030	9
1	3	19	13	2425480	27
1	3	19	14	1500125	81
1	3	19	15	-3770	3
1	3	20	9	-19269250	9
1	3	20	10	4754750	1
1	3	20	11	-7613900	3
1	3	20	12	-15833000	81
1	3	20	13	1993180	9
1	3	20	14	-401780	27
1	3	20	15	-57125	27
1	3	21	10	3853850	3
1	3	21	11	-2161250	1
1	3	21	12	824215	1
1	3	21	13	894760	9
1	3	21	14	-118790	3
1	3	21	15	10240	9
1	3	22	11	-1751750	3
1	3	22	12	2161250	3
1	3	22	13	-556115	3
1	3	22	14	-1889680	81
1	3	22	15	9520	3
1	3	23	12	1751750	9
1	3	23	13	-166250	1
1	3	23	14	25865	1
1	3	23	15	61280	27
1	3	24	13	-134750	3
1	3	24	14	23750	1
1	3	24	15	-5075	3
1	3	25	14	19250	3
1	3	25	15	-4750	3
1	3	26	15	-3850	9
1	4	2	0	-50	27
1	4	3	1	250	9
1	4	4	0	-200	3
1	4	4	2	-5200	27
1	4	5	0	-875	27
1	4	5	1	1000	1
1	4	5	2	-10	9
1	4	5	3	63740	81
1	4	6	0	-850	1
1	4	6	1	4375	9
1	4	6	2	-62920	9
1	4	6	3	-260	27
1	4	6	4	-56470	27
1	4	7	0	-11750	9
1	4	7	1	12750	1
1	4	7	2	-93625	27
1	4	7	3	770330	27
1	4	7	4	2140	27
1	4	7	5	294610	81
1	4	8	0	-115550	27
1	4	8	1	58750	3
1	4	8	2	-89250	1
1	4	8	3	1044575	81
1	4	8	4	-2006705	27
1	4	8	5	-11570	27
1	4	8	6	-106255	27
1	4	9	0	-6400	1
1	4	9	1	577750	9
1	4	9	2	-1234220	9
1	4	9	3	3361750	9
1	4	9	4	-687050	27
1	4	9	5	369055	3
1	4	9	6	11230	9
1	4	9	7	57215	27
1	4	10	0	-45050	9
1	4	10	1	96000	1
1	4	10	2	-12120700	27
1	4	10	3	15520780	27
1	4	10	4	-9203290	9
1	4	10	5	1106350	81
1	4	10	6	-987740	9
1	4	10	7	-5180	3
1	4	10	8	6920	27
1	4	11	0	-8875	9
1	4	11	1	225250	3
1	4	11	2	-6045440	9
1	4	11	3	156201020	81
1	4	11	4	-42371410	27
1	4	11	5	5654710	3
1	4	11	6	1780100	27
1	4	11	7	-50740	9
1	4	11	8	6695	9
1	4	11	9	-14860	27
1	4	12	1	44375	3
1	4	12	2	-1576475	3
1	4	12	3	78482540	27
1	4	12	4	-5658440	1
1	4	12	5	8534680	3
1	4	12	6	-20362600	9
1	4	12	7	-5425700	27
1	4	12	8	1304425	9
1	4	12	9	2395	3
1	4	12	10	-34075	27
1	4	13	0	2275	9
1	4	13	2	-310625	3
1	4	13	3	20493625	9
1	4	13	4	-234797170	27
1	4	13	5	967750720	81
1	4	13	6	-29050010	9
1	4	13	7	12698320	9
1	4	13	8	7109900	27
1	4	13	9	-1551215	9
1	4	13	10	-7615	9
1	4	13	11	60635	27
1	4	14	1	-11375	3
1	4	14	3	4038125	9
1	4	14	4	-20502700	3
1	4	14	5	514235150	27
1	4	14	6	-503132050	27
1	4	14	7	13540780	9
1	4	14	8	4133890	9
1	4	14	9	-389900	3
1	4	14	10	632755	9
1	4	14	11	-6655	9
1	4	14	12	-88730	81
1	4	15	2	79625	3
1	4	15	4	-4038125	3
1	4	15	5	45161600	3
1	4	15	6	-283839050	9
1	4	15	7	195021650	9
1	4	15	8	1889030	1
1	4	15	9	-18765110	9
1	4	15	10	-3144050	27
1	4	15	11	382865	9
1	4	15	12	56075	27
1	4	15	13	-730	3
1	4	16	3	-1035125	9
1	4	16	5	8883875	3
1	4	16	6	-226337375	9
1	4	16	7	361794730	9
1	4	16	8	-503992030	27
1	4	16	9	-14183290	3
1	4	16	10	21840070	9
1	4	16	11	6941900	27
1	4	16	12	-2003270	27
1	4	16	13	-50125	27
1	4	16	14	33080	81
1	4	17	4	1035125	3
1	4	17	6	-44419375	9
1	4	17	7	32455775	1
1	4	17	8	-357876860	9
1	4	17	9	312633010	27
1	4	17	10	46657160	9
1	4	17	11	-15151250	9
1	4	17	12	-17329025	81
1	4	17	13	1214570	27
1	4	17	14	21605	27
1	4	17	15	-980	9
1	4	18	5	-2277275	3
1	4	18	7	6345625	1
1	4	18	8	-32634250	1
1	4	18	9	274718180	9
1	4	18	10	-43114160	9
1	4	18	11	-32477740	9
1	4	18	12	2292110	3
1	4	18	13	299425	3
1	4	18	14	-123875	9
1	4	18	15	-415	3
1	4	19	6	11386375	9
1	4	19	8	-6345625	1
1	4	19	9	230157950	9
1	4	19	10	-162332500	9
1	4	19	11	27054800	27
1	4	19	12	45419570	27
1	4	19	13	-2022490	9
1	4	19	14	-2100175	81
1	4	19	15	15905	9
1	4	20	7	-1626625	1
1	4	20	9	44419375	9
1	4	20	10	-46483525	3
1	4	20	11	72527800	9
1	4	20	12	10481500	81
1	4	20	13	-13831340	27
1	4	20	14	355300	9
1	4	20	15	79975	27
1	4	21	8	1626625	1
1	4	21	10	-8883875	3
1	4	21	11	21390125	3
1	4	21	12	-71173370	27
1	4	21	13	-1397020	9
1	4	21	14	92510	1
1	4	21	15	-28900	9
1	4	22	9	-11386375	9
1	4	22	11	4038125	3
1	4	22	12	-21713800	9
1	4	22	13	16098790	27
1	4	22	14	3487610	81
1	4	22	15	-67700	9
1	4	23	10	2277275	3
1	4	23	12	-4038125	9
1	4	23	13	1700500	3
1	4	23	14	-2252870	27
1	4	23	15	-121210	27
1	4	24	11	-1035125	3
1	4	24	13	310625	3
1	4	24	14	-248075	3
1	4	24	15	5450	1
1	4	25	12	1035125	9
1	4	25	14	-44375	3
1	4	25	15	50825	9
1	4	26	13	-79625	3
1	4	26	15	8875	9
1	4	27	14	11375	3
1	4	28	15	-2275	9
1	5	4	0	50	1
1	5	5	0	25	1
1	5	5	1	-750	1
1	5	6	0	1200	1
1	5	6	1	-375	1
1	5	6	2	15730	3
1	5	7	0	5750	3
1	5	7	1	-18000	1
1	5	7	2	2675	1
1	5	7	3	-192590	9
1	5	8	0	8580	1
1	5	8	1	-28750	1
1	5	8	2	377930	3
1	5	8	3	-29845	3
1	5	8	4	501590	9
1	5	9	0	13650	1
1	5	9	1	-128700	1
1	5	9	2	603980	3
1	5	9	3	-4749290	9
1	5	9	4	19630	1
1	5	9	5	-276790	3
1	5	10	0	32600	3
1	5	10	1	-204750	1
1	5	10	2	899800	1
1	5	10	3	-7597420	9
1	5	10	4	13020040	9
1	5	10	5	-31610	3
1	5	10	6	247390	3
1	5	11	0	525	1
1	5	11	1	-163000	1
1	5	11	2	4297930	3
1	5	11	3	-11611160	3
1	5	11	4	20747170	9
1	5	11	5	-24028880	9
1	5	11	6	-50860	1
1	5	11	7	11830	3
1	5	12	1	-7875	1
1	5	12	2	1140560	1
1	5	12	3	-55826890	9
1	5	12	4	11406340	1
1	5	12	5	-4177880	1
1	5	12	6	9616840	3
1	5	12	7	155020	1
1	5	12	8	-108760	1
1	5	13	0	-5005	3
1	5	13	2	55125	1
1	5	13	3	-14826400	3
1	5	13	4	167270495	9
1	5	13	5	-72901180	3
1	5	13	6	14184650	3
1	5	13	7	-5962660	3
1	5	13	8	-203140	1
1	5	13	9	389440	3
1	5	14	1	25025	1
1	5	14	3	-238875	1
1	5	14	4	14840920	1
1	5	14	5	-367350445	9
1	5	14	6	38497800	1
1	5	14	7	-6482860	3
1	5	14	8	-2107480	3
1	5	14	9	100260	1
1	5	14	10	-158860	3
1	5	15	2	-175175	1
1	5	15	4	716625	1
1	5	15	5	-32739080	1
1	5	15	6	203601475	3
1	5	15	7	-45936000	1
1	5	15	8	-2879490	1
1	5	15	9	9225160	3
1	5	15	10	89830	1
1	5	15	11	-97840	3
1	5	16	3	2277275	3
1	5	16	5	-1576575	1
1	5	16	6	164542400	3
1	5	16	7	-260953385	3
1	5	16	8	41297740	1
1	5	16	9	7094890	1
1	5	16	10	-10853150	3
1	5	16	11	-198340	1
1	5	16	12	510920	9
1	5	17	4	-2277275	1
1	5	17	6	2627625	1
1	5	17	7	-71103120	1
1	5	17	8	259881160	3
1	5	17	9	-27614180	1
1	5	17	10	-23310920	3
1	5	17	11	7684610	3
1	5	17	12	495115	3
1	5	17	13	-310520	9
1	5	18	5	5010005	1
1	5	18	7	-3378375	1
1	5	18	8	71959800	1
1	5	18	9	-201050080	3
1	5	18	10	13291080	1
1	5	18	11	16257100	3
1	5	18	12	-10768960	9
1	5	18	13	-76995	1
1	5	18	14	31780	3
1	5	19	6	-25050025	3
1	5	19	8	3378375	1
1	5	19	9	-170655320	3
1	5	19	10	119799680	3
1	5	19	11	-4274600	1
1	5	19	12	-22828610	9
1	5	19	13	3285080	9
1	5	19	14	60005	3
1	5	19	15	-4100	3
1	5	20	7	10735725	1
1	5	20	9	-2627625	1
1	5	20	10	34854160	1
1	5	20	11	-53975600	3
1	5	20	12	2212100	3
1	5	20	13	6997580	9
1	5	20	14	-601420	9
1	5	20	15	-2285	1
1	5	21	8	-10735725	1
1	5	21	10	1576575	1
1	5	21	11	-16260800	1
1	5	21	12	53374615	9
1	5	21	13	12980	1
1	5	21	14	-141770	1
1	5	21	15	16960	3
1	5	22	9	25050025	3
1	5	22	11	-716625	1
1	5	22	12	16778680	3
1	5	22	13	-12144965	9
1	5	22	14	-95480	3
1	5	22	15	35060	3
1	5	23	10	-5010005	1
1	5	23	12	238875	1
1	5	23	13	-1339000	1
1	5	23	14	1704745	9
1	5	23	15	4400	1
1	5	24	11	2277275	1
1	5	24	13	-55125	1
1	5	24	14	199520	1
1	5	24	15	-12355	1
1	5	25	12	-2277275	3
1	5	25	14	7875	1
1	5	25	15	-41840	3
1	5	26	13	175175	1
1	5	26	15	-525	1
1	5	27	14	-25025	1
1	5	28	15	5005	3
1	6	4	0	-50	3
1	6	5	0	-25	3
1	6	5	1	250	1
1	6	6	0	-1100	1
1	6	6	1	125	1
1	6	6	2	-15730	9
1	6	7	0	-16250	9
1	6	7	1	16500	1
1	6	7	2	-2675	3
1	6	7	3	192590	27
1	6	8	0	-110650	9
1	6	8	1	81250	3
1	6	8	2	-1039150	9
1	6	8	3	29845	9
1	6	8	4	-501590	27
1	6	9	0	-20650	1
1	6	9	1	553250	3
1	6	9	2	-1706900	9
1	6	9	3	13067950	27
1	6	9	4	-19630	3
1	6	9	5	276790	9
1	6	10	0	-146750	9
1	6	10	1	309750	1
1	6	10	2	-3867100	3
1	6	10	3	21475900	27
1	6	10	4	-35866220	27
1	6	10	5	31610	9
1	6	10	6	-247390	9
1	6	11	0	35500	9
1	6	11	1	733750	3
1	6	11	2	-19505990	9
1	6	11	3	16656820	3
1	6	11	4	-58661410	27
1	6	11	5	66258340	27
1	6	11	6	50860	3
1	6	11	7	-11830	9
1	6	12	1	-177500	3
1	6	12	2	-5133170	3
1	6	12	3	253510670	27
1	6	12	4	-147934720	9
1	6	12	5	11810120	3
1	6	12	6	-26523800	9
1	6	12	7	-155020	3
1	6	12	8	108760	3
1	6	13	0	50050	9
1	6	13	2	1242500	3
1	6	13	3	66725050	9
1	6	13	4	-760748485	27
1	6	13	5	318063160	9
1	6	13	6	-40015070	9
1	6	13	7	16368020	9
1	6	13	8	203140	3
1	6	13	9	-389440	9
1	6	14	1	-250250	3
1	6	14	3	-16152500	9
1	6	14	4	-66826690	3
1	6	14	5	1675377935	27
1	6	14	6	-511809950	9
1	6	14	7	17991280	9
1	6	14	8	6160340	9
1	6	14	9	-33420	1
1	6	14	10	158860	9
1	6	15	2	1751750	3
1	6	15	4	16152500	3
1	6	15	5	147642110	3
1	6	15	6	-932433425	9
1	6	15	7	208658350	3
1	6	15	8	2793970	1
1	6	15	9	-26256860	9
1	6	15	10	-89830	3
1	6	15	11	97840	9
1	6	16	3	-22772750	9
1	6	16	5	-35535500	3
1	6	16	6	-744139550	9
1	6	16	7	1201678555	9
1	6	16	8	-194922190	3
1	6	16	9	-20405110	3
1	6	16	10	31140970	9
1	6	16	11	198340	3
1	6	16	12	-510920	27
1	6	17	4	22772750	3
1	6	17	6	177677500	9
1	6	17	7	107670530	1
1	6	17	8	-1204760480	9
1	6	17	9	415377190	9
1	6	17	10	66979160	9
1	6	17	11	-22380550	9
1	6	17	12	-495115	9
1	6	17	13	310520	27
1	6	18	5	-50100050	3
1	6	18	7	-25382500	1
1	6	18	8	-109669450	1
1	6	18	9	939101240	9
1	6	18	10	-24562080	1
1	6	18	11	-46780180	9
1	6	18	12	32002340	27
1	6	18	13	25665	1
1	6	18	14	-31780	9
1	6	19	6	250500250	9
1	6	19	8	25382500	1
1	6	19	9	786929990	9
1	6	19	10	-564080440	9
1	6	19	11	28546400	3
1	6	19	12	65899610	27
1	6	19	13	-10001020	27
1	6	19	14	-60005	9
1	6	19	15	4100	9
1	6	20	7	-35785750	1
1	6	20	9	-177677500	9
1	6	20	10	-162447670	3
1	6	20	11	256160800	9
1	6	20	12	-7644500	3
1	6	20	13	-20302340	27
1	6	20	14	1878500	27
1	6	20	15	2285	3
1	6	21	8	35785750	1
1	6	21	10	35535500	3
1	6	21	11	76765850	3
1	6	21	12	-255112445	27
1	6	21	13	3848860	9
1	6	21	14	414350	3
1	6	21	15	-54200	9
1	6	22	9	-250500250	9
1	6	22	11	-16152500	3
1	6	22	12	-80391010	9
1	6	22	13	58365895	27
1	6	22	14	-323470	9
1	6	22	15	-103520	9
1	6	23	10	50100050	3
1	6	23	12	16152500	9
1	6	23	13	6522250	3
1	6	23	14	-8215235	27
1	6	23	15	5210	9
1	6	24	11	-22772750	3
1	6	24	13	-1242500	3
1	6	24	14	-989390	3
1	6	24	15	59465	3
1	6	25	12	22772750	9
1	6	25	14	177500	3
1	6	25	15	211430	9
1	6	26	13	-1751750	3
1	6	26	15	-35500	9
1	6	27	14	250250	3
1	6	28	15	-50050	9
1	7	6	0	600	1
1	7	7	0	1000	1
1	7	7	1	-9000	1
1	7	8	0	37400	3
1	7	8	1	-15000	1
1	7	8	2	188920	3
1	7	9	0	21900	1
1	7	9	1	-187000	1
1	7	9	2	105040	1
1	7	9	3	-2376760	9
1	7	10	0	16400	1
1	7	10	1	-328500	1
1	7	10	2	1306800	1
1	7	10	3	-1321760	3
1	7	10	4	6527480	9
1	7	11	0	-41900	3
1	7	11	1	-246000	1
1	7	11	2	6895580	3
1	7	11	3	-16908080	3
1	7	11	4	3610880	3
1	7	11	5	-12065560	9
1	7	12	1	209500	1
1	7	12	2	1720680	1
1	7	12	3	-89664080	9
1	7	12	4	50265560	3
1	7	12	5	-2180640	1
1	7	12	6	4830560	3
1	7	13	0	-10725	1
1	7	13	2	-1466500	1
1	7	13	3	-7455400	1
1	7	13	4	269440840	9
1	7	13	5	-36326760	1
1	7	13	6	2460040	1
1	7	13	7	-2972960	3
1	7	14	1	160875	1
1	7	14	3	19064500	3
1	7	14	4	22409760	1
1	7	14	5	-594862400	9
1	7	14	6	177823600	3
1	7	14	7	-1096040	1
1	7	14	8	-1157960	3
1	7	15	2	-1126125	1
1	7	15	4	-19064500	1
1	7	15	5	-49568640	1
1	7	15	6	332294600	3
1	7	15	7	-74052800	1
1	7	15	8	-1572120	1
1	7	15	9	4866200	3
1	7	16	3	4879875	1
1	7	16	5	41941900	1
1	7	16	6	83461400	1
1	7	16	7	-430322860	3
1	7	16	8	71364120	1
1	7	16	9	3802920	1
1	7	16	10	-5796520	3
1	7	17	4	-14639625	1
1	7	17	6	-209709500	3
1	7	17	7	-109062360	1
1	7	17	8	433939220	3
1	7	17	9	-159068120	3
1	7	17	10	-4158880	1
1	7	17	11	4198840	3
1	7	18	5	32207175	1
1	7	18	7	89875500	1
1	7	18	8	111632400	1
1	7	18	9	-340452860	3
1	7	18	10	30120720	1
1	7	18	11	2906960	1
1	7	18	12	-6066680	9
1	7	19	6	-53678625	1
1	7	19	8	-89875500	1
1	7	19	9	-89574320	1
1	7	19	10	205885900	3
1	7	19	11	-12853200	1
1	7	19	12	-4102000	3
1	7	19	13	1918840	9
1	7	20	7	69015375	1
1	7	20	9	209709500	3
1	7	20	10	55913880	1
1	7	20	11	-94114600	3
1	7	20	12	11981000	3
1	7	20	13	1267120	3
1	7	20	14	-364880	9
1	7	21	8	-69015375	1
1	7	21	10	-41941900	1
1	7	21	11	-26669400	1
1	7	21	12	94277840	9
1	7	21	13	-2566280	3
1	7	21	14	-77880	1
1	7	21	15	10640	3
1	7	22	9	53678625	1
1	7	22	11	19064500	1
1	7	22	12	9407680	1
1	7	22	13	-21665080	9
1	7	22	14	113520	1
1	7	22	15	6520	1
1	7	23	10	-32207175	1
1	7	23	12	-19064500	3
1	7	23	13	-2316000	1
1	7	23	14	3056240	9
1	7	23	15	-21280	3
1	7	24	11	14639625	1
1	7	24	13	1466500	1
1	7	24	14	355560	1
1	7	24	15	-22100	1
1	7	25	12	-4879875	1
1	7	25	14	-209500	1
1	7	25	15	-25640	1
1	7	26	13	1126125	1
1	7	26	15	41900	3
1	7	27	14	-160875	1
1	7	28	15	10725	1
1	8	6	0	-150	1
1	8	7	0	-250	1
1	8	7	1	2250	1
1	8	8	0	-25775	3
1	8	8	1	3750	1
1	8	8	2	-47230	3
1	8	9	0	-15600	1
1	8	9	1	128875	1
1	8	9	2	-26260	1
1	8	9	3	594190	9
1	8	10	0	-9950	1
1	8	10	1	234000	1
1	8	10	2	-900450	1
1	8	10	3	330440	3
1	8	10	4	-1631870	9
1	8	11	0	73475	3
1	8	11	1	149250	1
1	8	11	2	-4911920	3
1	8	11	3	11662370	3
1	8	11	4	-902720	3
1	8	11	5	3016390	9
1	8	12	1	-367375	1
1	8	12	2	-1043925	1
1	8	12	3	63894770	9
1	8	12	4	-34785590	3
1	8	12	5	545160	1
1	8	12	6	-1207640	3
1	8	13	0	10725	1
1	8	13	2	2571625	1
1	8	13	3	4523125	1
1	8	13	4	-192204835	9
1	8	13	5	25304190	1
1	8	13	6	-615010	1
1	8	13	7	743240	3
1	8	14	1	-160875	1
1	8	14	3	-33431125	3
1	8	14	4	-13596600	1
1	8	14	5	425140925	9
1	8	14	6	-125193775	3
1	8	14	7	274010	1
1	8	14	8	289490	3
1	8	15	2	1126125	1
1	8	15	4	33431125	1
1	8	15	5	30079500	1
1	8	15	6	-238144775	3
1	8	15	7	52964075	1
1	8	15	8	393030	1
1	8	15	9	-1216550	3
1	8	16	3	-4879875	1
1	8	16	5	-73548475	1
1	8	16	6	-50661875	1
1	8	16	7	309511015	3
1	8	16	8	-52180305	1
1	8	16	9	-950730	1
1	8	16	10	1449130	3
1	8	17	4	14639625	1
1	8	17	6	367742375	3
1	8	17	7	66233475	1
1	8	17	8	-313451930	3
1	8	17	9	119839805	3
1	8	17	10	1039720	1
1	8	17	11	-1049710	3
1	8	18	5	-32207175	1
1	8	18	7	-157603875	1
1	8	18	8	-67839750	1
1	8	18	9	247089590	3
1	8	18	10	-23611380	1
1	8	18	11	-726740	1
1	8	18	12	1516670	9
1	8	19	6	53678625	1
1	8	19	8	157603875	1
1	8	19	9	54482450	1
1	8	19	10	-150157150	3
1	8	19	11	10611300	1
1	8	19	12	1025500	3
1	8	19	13	-479710	9
1	8	20	7	-69015375	1
1	8	20	9	-367742375	3
1	8	20	10	-34045275	1
1	8	20	11	68962900	3
1	8	20	12	-10571000	3
1	8	20	13	-316780	3
1	8	20	14	91220	9
1	8	21	8	69015375	1
1	8	21	10	73548475	1
1	8	21	11	16258875	1
1	8	21	12	-69367535	9
1	8	21	13	2460920	3
1	8	21	14	19470	1
1	8	21	15	-2660	3
1	8	22	9	-53678625	1
1	8	22	11	-33431125	1
1	8	22	12	-5743300	1
1	8	22	13	15990145	9
1	8	22	14	-120405	1
1	8	22	15	-1630	1
1	8	23	10	32207175	1
1	8	23	12	33431125	3
1	8	23	13	1416000	1
1	8	23	14	-2259185	9
1	8	23	15	25345	3
1	8	24	11	-14639625	1
1	8	24	13	-2571625	1
1	8	24	14	-217725	1
1	8	24	15	16325	1
1	8	25	12	4879875	1
1	8	25	14	367375	1
1	8	25	15	15725	1
1	8	26	13	-1126125	1
1	8	26	15	-73475	3
1	8	27	14	160875	1
1	8	28	15	-10725	1
1	9	8	0	3650	1
1	9	9	0	6750	1
1	9	9	1	-54750	1
1	9	10	0	2250	1
1	9	10	1	-101250	1
1	9	10	2	382500	1
1	9	11	0	-26375	1
1	9	11	1	-33750	1
1	9	11	2	708450	1
1	9	11	3	-1652300	1
1	9	12	1	395625	1
1	9	12	2	236250	1
1	9	12	3	-3072500	1
1	9	12	4	4937600	1
1	9	13	2	-2769375	1
1	9	13	3	-1023750	1
1	9	13	4	9247750	1
1	9	13	5	-10815000	1
1	9	14	3	12000625	1
1	9	14	4	3071250	1
1	9	14	5	-20475950	1
1	9	14	6	17941750	1
1	9	15	4	-36001875	1
1	9	15	5	-6756750	1
1	9	15	6	34460250	1
1	9	15	7	-22967250	1
1	9	16	5	79204125	1
1	9	16	6	11261250	1
1	9	16	7	-44873400	1
1	9	16	8	22892850	1
1	9	17	6	-132006875	1
1	9	17	7	-14478750	1
1	9	17	8	45548250	1
1	9	17	9	-17793950	1
1	9	18	7	169723125	1
1	9	18	8	14478750	1
1	9	18	9	-35994750	1
1	9	18	10	10720800	1
1	9	19	8	-169723125	1
1	9	19	9	-11261250	1
1	9	19	10	21930150	1
1	9	19	11	-4932000	1
1	9	20	9	132006875	1
1	9	20	10	6756750	1
1	9	20	11	-10096500	1
1	9	20	12	1683500	1
1	9	21	10	-79204125	1
1	9	21	11	-3071250	1
1	9	21	12	3392450	1
1	9	21	13	-404300	1
1	9	22	11	36001875	1
1	9	22	12	1023750	1
1	9	22	13	-783250	1
1	9	22	14	61350	1
1	9	23	12	-12000625	1
1	9	23	13	-236250	1
1	9	23	14	110750	1
1	9	23	15	-4450	1
1	9	24	13	2769375	1
1	9	24	14	33750	1
1	9	24	15	-7200	1
1	9	25	14	-395625	1
1	9	25	15	-2250	1
1	9	26	15	26375	1
1	10	8	0	-730	1
1	10	9	0	-1350	1
1	10	9	1	10950	1
1	10	10	0	1200	1
1	10	10	1	20250	1
1	10	10	2	-76500	1
1	10	11	0	17650	1
1	10	11	1	-18000	1
1	10	11	2	-141690	1
1	10	11	3	330460	1
1	10	12	1	-264750	1
1	10	12	2	125670	1
1	10	12	3	614500	1
1	10	12	4	-987520	1
1	10	13	0	-15015	1
1	10	13	2	1853250	1
1	10	13	3	-544350	1
1	10	13	4	-1849550	1
1	10	13	5	2163000	1
1	10	14	1	225225	1
1	10	14	3	-8030750	1
1	10	14	4	1643940	1
1	10	14	5	4095190	1
1	10	14	6	-3588350	1
1	10	15	2	-1576575	1
1	10	15	4	24092250	1
1	10	15	5	-3683460	1
1	10	15	6	-6892050	1
1	10	15	7	4593450	1
1	10	16	3	6831825	1
1	10	16	5	-53002950	1
1	10	16	6	6350850	1
1	10	16	7	8974680	1
1	10	16	8	-4578570	1
1	10	17	4	-20495475	1
1	10	17	6	88338250	1
1	10	17	7	-8604090	1
1	10	17	8	-9109650	1
1	10	17	9	3558790	1
1	10	18	5	45090045	1
1	10	18	7	-113577750	1
1	10	18	8	9246600	1
1	10	18	9	7198950	1
1	10	18	10	-2144160	1
1	10	19	6	-75150075	1
1	10	19	8	113577750	1
1	10	19	9	-7879080	1
1	10	19	10	-4386030	1
1	10	19	11	986400	1
1	10	20	7	96621525	1
1	10	20	9	-88338250	1
1	10	20	10	5269770	1
1	10	20	11	2019300	1
1	10	20	12	-336700	1
1	10	21	8	-96621525	1
1	10	21	10	53002950	1
1	10	21	11	-2708850	1
1	10	21	12	-678490	1
1	10	21	13	80860	1
1	10	22	9	75150075	1
1	10	22	11	-24092250	1
1	10	22	12	1032420	1
1	10	22	13	156650	1
1	10	22	14	-12270	1
1	10	23	10	-45090045	1
1	10	23	12	8030750	1
1	10	23	13	-274500	1
1	10	23	14	-22150	1
1	10	23	15	890	1
1	10	24	11	20495475	1
1	10	24	13	-1853250	1
1	10	24	14	45390	1
1	10	24	15	1440	1
1	10	25	12	-6831825	1
1	10	25	14	264750	1
1	10	25	15	-3510	1
1	10	26	13	1576575	1
1	10	26	15	-17650	1
1	10	27	14	-225225	1
1	10	28	15	15015	1
1	11	10	0	-900	1
1	11	11	0	-6750	1
1	11	11	1	13500	1
1	11	12	1	101250	1
1	11	12	2	-94320	1
1	11	13	0	20475	1
1	11	13	2	-708750	1
1	11	13	3	408600	1
1	11	14	1	-307125	1
1	11	14	3	3071250	1
1	11	14	4	-1231740	1
1	11	15	2	2149875	1
1	11	15	4	-9213750	1
1	11	15	5	2746260	1
1	11	16	3	-9316125	1
1	11	16	5	20270250	1
1	11	16	6	-4692600	1
1	11	17	4	27948375	1
1	11	17	6	-33783750	1
1	11	17	7	6272640	1
1	11	18	5	-61486425	1
1	11	18	7	43436250	1
1	11	18	8	-6623100	1
1	11	19	6	102477375	1
1	11	19	8	-43436250	1
1	11	19	9	5526180	1
1	11	20	7	-131756625	1
1	11	20	9	33783750	1
1	11	20	10	-3611520	1
1	11	21	8	131756625	1
1	11	21	10	-20270250	1
1	11	21	11	1812600	1
1	11	22	9	-102477375	1
1	11	22	11	9213750	1
1	11	22	12	-674820	1
1	11	23	10	61486425	1
1	11	23	12	-3071250	1
1	11	23	13	175500	1
1	11	24	11	-27948375	1
1	11	24	13	708750	1
1	11	24	14	-28440	1
1	11	25	12	9316125	1
1	11	25	14	-101250	1
1	11	25	15	2160	1
1	11	26	13	-2149875	1
1	11	26	15	6750	1
1	11	27	14	307125	1
1	11	28	15	-20475	1
1	12	10	0	150	1
1	12	11	0	1125	1
1	12	11	1	-2250	1
1	12	12	1	-16875	1
1	12	12	2	15720	1
1	12	13	0	-13650	1
1	12	13	2	118125	1
1	12	13	3	-68100	1
1	12	14	1	204750	1
1	12	14	3	-511875	1
1	12	14	4	205290	1
1	12	15	2	-1433250	1
1	12	15	4	1535625	1
1	12	15	5	-457710	1
1	12	16	3	6210750	1
1	12	16	5	-3378375	1
1	12	16	6	782100	1
1	12	17	4	-18632250	1
1	12	17	6	5630625	1
1	12	17	7	-1045440	1
1	12	18	5	40990950	1
1	12	18	7	-7239375	1
1	12	18	8	1103850	1
1	12	19	6	-68318250	1
1	12	19	8	7239375	1
1	12	19	9	-921030	1
1	12	20	7	87837750	1
1	12	20	9	-5630625	1
1	12	20	10	601920	1
1	12	21	8	-87837750	1
1	12	21	10	3378375	1
1	12	21	11	-302100	1
1	12	22	9	68318250	1
1	12	22	11	-1535625	1
1	12	22	12	112470	1
1	12	23	10	-40990950	1
1	12	23	12	511875	1
1	12	23	13	-29250	1
1	12	24	11	18632250	1
1	12	24	13	-118125	1
1	12	24	14	4740	1
1	12	25	12	-6210750	1
1	12	25	14	16875	1
1	12	25	15	-360	1
1	12	26	13	1433250	1
1	12	26	15	-1125	1
1	12	27	14	-204750	1
1	12	28	15	13650	1
1	13	13	0	4725	1
1	13	14	1	-70875	1
1	13	15	2	496125	1
1	13	16	3	-2149875	1
1	13	17	4	6449625	1
1	13	18	5	-14189175	1
1	13	19	6	23648625	1
1	13	20	7	-30405375	1
1	13	21	8	30405375	1
1	13	22	9	-23648625	1
1	13	23	10	14189175	1
1	13	24	11	-6449625	1
1	13	25	12	2149875	1
1	13	26	13	-496125	1
1	13	27	14	70875	1
1	13	28	15	-4725	1
1	14	13	0	-675	1
1	14	14	1	10125	1
1	14	15	2	-70875	1
1	14	16	3	307125	1
1	14	17	4	-921375	1
1	14	18	5	2027025	1
1	14	19	6	-3378375	1
1	14	20	7	4343625	1
1	14	21	8	-4343625	1
1	14	22	9	3378375	1
1	14	23	10	-2027025	1
1	14	24	11	921375	1
1	14	25	12	-307125	1
1	14	26	13	70875	1
1	14	27	14	-10125	1
1	14	28	15	675	1
2	0	2	0	350	243
2	0	2	2	10	243
2	0	2	4	-5	324
2	0	3	1	-5200	243
2	0	3	2	10	243
2	0	3	3	1730	729
2	0	3	5	125	1944
2	0	4	0	350	81
2	0	4	1	-20	243
2	0	4	2	11920	81
2	0	4	3	-130	729
2	0	4	4	-18970	729
2	0	4	6	1145	1944
2	0	5	0	350	243
2	0	5	1	-15730	243
2	0	5	2	20	9
2	0	5	3	-438590	729
2	0	5	4	710	729
2	0	5	5	94790	729
2	0	5	7	-34735	7776
2	0	6	0	350	27
2	0	6	1	-5350	243
2	0	6	2	109880	243
2	0	6	3	-6040	729
2	0	6	4	1177450	729
2	0	6	5	650	729
2	0	6	6	-92110	243
2	0	6	8	228805	15552
2	0	7	0	3500	243
2	0	7	1	-47270	243
2	0	7	2	39410	243
2	0	7	3	-1361830	729
2	0	7	4	9800	729
2	0	7	5	-2122400	729
2	0	7	6	-2030	729
2	0	7	7	173540	243
2	0	7	9	-882145	31104
2	0	8	0	5810	243
2	0	8	1	-52520	243
2	0	8	2	331070	243
2	0	8	3	-479210	729
2	0	8	4	3654320	729
2	0	8	5	37400	729
2	0	8	6	832840	243
2	0	8	7	-10670	729
2	0	8	8	-216640	243
2	0	8	10	2094535	62208
2	0	9	0	700	27
2	0	9	1	-87100	243
2	0	9	2	367640	243
2	0	9	3	-4183180	729
2	0	9	4	1136170	729
2	0	9	5	-6488170	729
2	0	9	6	-80200	243
2	0	9	7	-566030	243
2	0	9	8	37360	729
2	0	9	9	56360	81
2	0	9	11	-179995	7776
2	0	10	0	3850	243
2	0	10	1	-94460	243
2	0	10	2	608650	243
2	0	10	3	-4653880	729
2	0	10	4	11649320	729
2	0	10	5	-1411250	729
2	0	10	6	7136920	729
2	0	10	7	170540	243
2	0	10	8	99070	243
2	0	10	9	-53120	729
2	0	10	10	-790	3
2	0	10	12	108205	15552
2	0	11	0	350	81
2	0	11	1	-57760	243
2	0	11	2	220180	81
2	0	11	3	-7830740	729
2	0	11	4	12966410	729
2	0	11	5	-22292155	729
2	0	11	6	-35660	243
2	0	11	7	-3319820	729
2	0	11	8	-155560	243
2	0	11	9	131800	243
2	0	11	10	36040	729
2	0	11	11	-4030	243
2	0	11	13	-266185	497664
2	0	12	1	-1750	27
2	0	12	2	404510	243
2	0	12	3	-2854360	243
2	0	12	4	22900780	729
2	0	12	5	-24627370	729
2	0	12	6	3242810	81
2	0	12	7	46900	9
2	0	12	8	-2797940	729
2	0	12	9	-2320	81
2	0	12	10	1240	243
2	0	12	11	9700	729
2	0	12	12	8110	729
2	0	12	14	43685	27648
2	0	13	0	70	243
2	0	13	2	12250	27
2	0	13	3	-1753780	243
2	0	13	4	105140	3
2	0	13	5	-48068030	729
2	0	13	6	10435190	243
2	0	13	7	-8043175	243
2	0	13	8	-261620	27
2	0	13	9	5939320	729
2	0	13	10	164300	243
2	0	13	11	-61670	81
2	0	13	12	-46630	729
2	0	13	13	39430	729
2	0	13	15	-57905	55296
2	0	14	1	-350	81
2	0	14	3	-159250	81
2	0	14	4	5262970	243
2	0	14	5	-18570860	243
2	0	14	6	24743800	243
2	0	14	7	-7726130	243
2	0	14	8	2586710	243
2	0	14	9	235760	27
2	0	14	10	-4160570	729
2	0	14	11	-56860	81
2	0	14	12	507050	729
2	0	14	13	43310	729
2	0	14	14	-27350	729
2	0	15	2	2450	81
2	0	15	4	159250	27
2	0	15	5	-11576840	243
2	0	15	6	30560420	243
2	0	15	7	-28303150	243
2	0	15	8	412120	243
2	0	15	9	105880	9
2	0	15	10	-226420	81
2	0	15	11	717220	729
2	0	15	12	211360	729
2	0	15	13	-164080	729
2	0	15	14	-18040	729
2	0	15	15	520	81
2	0	16	3	-31850	243
2	0	16	5	-350350	27
2	0	16	6	714010	9
2	0	16	7	-12878360	81
2	0	16	8	23695610	243
2	0	16	9	744940	27
2	0	16	10	-4844590	243
2	0	16	11	-65660	27
2	0	16	12	974030	729
2	0	16	13	12820	729
2	0	16	14	-3160	729
2	0	16	15	940	243
2	0	17	4	31850	81
2	0	17	6	1751750	81
2	0	17	7	-8247140	81
2	0	17	8	12609740	81
2	0	17	9	-13911520	243
2	0	17	10	-9073820	243
2	0	17	11	3599590	243
2	0	17	12	2496320	729
2	0	17	13	-814480	729
2	0	17	14	-42320	729
2	0	17	15	1030	81
2	0	18	5	-70070	81
2	0	18	7	-250250	9
2	0	18	8	8222170	81
2	0	18	9	-3188020	27
2	0	18	10	5022890	243
2	0	18	11	2268860	81
2	0	18	12	-4817060	729
2	0	18	13	-1363300	729
2	0	18	14	271010	729
2	0	18	15	400	27
2	0	19	6	350350	243
2	0	19	8	250250	9
2	0	19	9	-19098640	243
2	0	19	10	16726820	243
2	0	19	11	-51800	27
2	0	19	12	-9863030	729
2	0	19	13	1311925	729
2	0	19	14	379610	729
2	0	19	15	-11870	243
2	0	20	7	-50050	27
2	0	20	9	-1751750	81
2	0	20	10	11387530	243
2	0	20	11	-818440	27
2	0	20	12	-1690000	729
2	0	20	13	3058270	729
2	0	20	14	-199850	729
2	0	20	15	-14890	243
2	0	21	8	50050	27
2	0	21	10	350350	27
2	0	21	11	-5133260	243
2	0	21	12	2374540	243
2	0	21	13	975410	729
2	0	21	14	-556790	729
2	0	21	15	4325	243
2	0	22	9	-350350	243
2	0	22	11	-159250	27
2	0	22	12	1692910	243
2	0	22	13	-176620	81
2	0	22	14	-237220	729
2	0	22	15	15110	243
2	0	23	10	70070	81
2	0	23	12	159250	81
2	0	23	13	-385480	243
2	0	23	14	73340	243
2	0	23	15	7810	243
2	0	24	11	-31850	81
2	0	24	13	-12250	27
2	0	24	14	54170	243
2	0	24	15	-4760	243
2	0	25	12	31850	243
2	0	25	14	1750	27
2	0	25	15	-1180	81
2	0	26	13	-2450	81
2	0	26	15	-350	81
2	0	27	14	350	81
2	0	28	15	-70	243
2	1	2	0	-700	81
2	1	2	2	-10	81
2	1	3	1	10400	81
2	1	3	2	-5	27
2	1	3	3	-1730	243
2	1	4	0	-350	9
2	1	4	1	50	81
2	1	4	2	-23840	27
2	1	4	3	65	81
2	1	4	4	18970	243
2	1	5	0	-1225	81
2	1	5	1	15730	27
2	1	5	2	-50	3
2	1	5	3	877180	243
2	1	5	4	-355	81
2	1	5	5	-94790	243
2	1	6	0	-1400	9
2	1	6	1	18725	81
2	1	6	2	-109880	27
2	1	6	3	15100	243
2	1	6	4	-2354900	243
2	1	6	5	-325	81
2	1	6	6	92110	81
2	1	7	0	-1750	9
2	1	7	1	189080	81
2	1	7	2	-137935	81
2	1	7	3	1361830	81
2	1	7	4	-24500	243
2	1	7	5	4244800	243
2	1	7	6	1015	81
2	1	7	7	-173540	81
2	1	8	0	-29050	81
2	1	8	1	26260	9
2	1	8	2	-1324280	81
2	1	8	3	1677235	243
2	1	8	4	-3654320	81
2	1	8	5	-93500	243
2	1	8	6	-1665680	81
2	1	8	7	5335	81
2	1	8	8	216640	81
2	1	9	0	-3850	9
2	1	9	1	435500	81
2	1	9	2	-183820	9
2	1	9	3	16732720	243
2	1	9	4	-3976595	243
2	1	9	5	6488170	81
2	1	9	6	200500	81
2	1	9	7	1132060	81
2	1	9	8	-18680	81
2	1	9	9	-56360	27
2	1	10	0	-7700	27
2	1	10	1	519530	81
2	1	10	2	-3043250	81
2	1	10	3	2326940	27
2	1	10	4	-46597280	243
2	1	10	5	4939375	243
2	1	10	6	-7136920	81
2	1	10	7	-426350	81
2	1	10	8	-198140	81
2	1	10	9	26560	81
2	1	10	10	790	1
2	1	11	0	-2275	27
2	1	11	1	115520	27
2	1	11	2	-1210990	27
2	1	11	3	39153700	243
2	1	11	4	-6483205	27
2	1	11	5	89168620	243
2	1	11	6	124810	81
2	1	11	7	3319820	81
2	1	11	8	388900	81
2	1	11	9	-263600	81
2	1	11	10	-18020	81
2	1	11	11	4030	81
2	1	12	1	11375	9
2	1	12	2	-809020	27
2	1	12	3	15698980	81
2	1	12	4	-114503900	243
2	1	12	5	12313685	27
2	1	12	6	-12971240	27
2	1	12	7	-164150	3
2	1	12	8	2797940	81
2	1	12	9	5800	27
2	1	12	10	-2480	81
2	1	12	11	-4850	81
2	1	12	12	-8110	243
2	1	13	0	-175	27
2	1	13	2	-79625	9
2	1	13	3	3507560	27
2	1	13	4	-578270	1
2	1	13	5	240340150	243
2	1	13	6	-5217595	9
2	1	13	7	32172700	81
2	1	13	8	915670	9
2	1	13	9	-5939320	81
2	1	13	10	-410750	81
2	1	13	11	123340	27
2	1	13	12	23315	81
2	1	13	13	-39430	243
2	1	14	1	875	9
2	1	14	3	1035125	27
2	1	14	4	-10525940	27
2	1	14	5	102139730	81
2	1	14	6	-123719000	81
2	1	14	7	3863065	9
2	1	14	8	-10346840	81
2	1	14	9	-825160	9
2	1	14	10	4160570	81
2	1	14	11	142150	27
2	1	14	12	-1014100	243
2	1	14	13	-21655	81
2	1	14	14	27350	243
2	1	15	2	-6125	9
2	1	15	4	-1035125	9
2	1	15	5	23153680	27
2	1	15	6	-168082310	81
2	1	15	7	141515750	81
2	1	15	8	-206060	9
2	1	15	9	-423520	3
2	1	15	10	792470	27
2	1	15	11	-717220	81
2	1	15	12	-528400	243
2	1	15	13	328160	243
2	1	15	14	9020	81
2	1	15	15	-520	27
2	1	16	3	79625	27
2	1	16	5	2277275	9
2	1	16	6	-1428020	1
2	1	16	7	70830980	27
2	1	16	8	-118478050	81
2	1	16	9	-372470	1
2	1	16	10	19378360	81
2	1	16	11	229810	9
2	1	16	12	-974030	81
2	1	16	13	-32050	243
2	1	16	14	6320	243
2	1	16	15	-470	27
2	1	17	4	-79625	9
2	1	17	6	-11386375	27
2	1	17	7	16494280	9
2	1	17	8	-69353570	27
2	1	17	9	69557600	81
2	1	17	10	4536910	9
2	1	17	11	-14398360	81
2	1	17	12	-8737120	243
2	1	17	13	814480	81
2	1	17	14	105800	243
2	1	17	15	-2060	27
2	1	18	5	175175	9
2	1	18	7	1626625	3
2	1	18	8	-16444340	9
2	1	18	9	17534110	9
2	1	18	10	-25114450	81
2	1	18	11	-1134430	3
2	1	18	12	19268240	243
2	1	18	13	4771550	243
2	1	18	14	-271010	81
2	1	18	15	-1000	9
2	1	19	6	-875875	27
2	1	19	8	-1626625	3
2	1	19	9	38197280	27
2	1	19	10	-91997510	81
2	1	19	11	259000	9
2	1	19	12	4931515	27
2	1	19	13	-5247700	243
2	1	19	14	-1328635	243
2	1	19	15	11870	27
2	1	20	7	125125	3
2	1	20	9	11386375	27
2	1	20	10	-22775060	27
2	1	20	11	4501420	9
2	1	20	12	8450000	243
2	1	20	13	-1529135	27
2	1	20	14	799400	243
2	1	20	15	52115	81
2	1	21	8	-125125	3
2	1	21	10	-2277275	9
2	1	21	11	10266520	27
2	1	21	12	-13059970	81
2	1	21	13	-4877050	243
2	1	21	14	278395	27
2	1	21	15	-17300	81
2	1	22	9	875875	27
2	1	22	11	1035125	9
2	1	22	12	-3385820	27
2	1	22	13	971410	27
2	1	22	14	1186100	243
2	1	22	15	-7555	9
2	1	23	10	-175175	9
2	1	23	12	-1035125	27
2	1	23	13	770960	27
2	1	23	14	-403370	81
2	1	23	15	-39050	81
2	1	24	11	79625	9
2	1	24	13	79625	9
2	1	24	14	-108340	27
2	1	24	15	26180	81
2	1	25	12	-79625	27
2	1	25	14	-11375	9
2	1	25	15	2360	9
2	1	26	13	6125	9
2	1	26	15	2275	27
2	1	27	14	-875	9
2	1	28	15	175	27
2	2	2	0	1750	81
2	2	2	2	10	81
2	2	3	1	-26000	81
2	2	3	2	5	27
2	2	3	3	1730	243
2	2	4	0	1400	9
2	2	4	1	-140	81
2	2	4	2	59600	27
2	2	4	3	-65	81
2	2	4	4	-18970	243
2	2	5	0	5425	81
2	2	5	1	-62920	27
2	2	5	2	140	3
2	2	5	3	-2192950	243
2	2	5	4	355	81
2	2	5	5	94790	243
2	2	6	0	7700	9
2	2	6	1	-82925	81
2	2	6	2	439505	27
2	2	6	3	-42280	243
2	2	6	4	5887250	243
2	2	6	5	325	81
2	2	6	6	-92110	81
2	2	7	0	3500	3
2	2	7	1	-1039850	81
2	2	7	2	610855	81
2	2	7	3	-5447335	81
2	2	7	4	68600	243
2	2	7	5	-10612000	243
2	2	7	6	-1015	81
2	2	7	7	173540	81
2	2	8	0	201775	81
2	2	8	1	-52520	3
2	2	8	2	7280210	81
2	2	8	3	-7427755	243
2	2	8	4	14611865	81
2	2	8	5	261800	243
2	2	8	6	4164200	81
2	2	8	7	-5335	81
2	2	8	8	-216640	81
2	2	9	0	29050	9
2	2	9	1	-3024650	81
2	2	9	2	1102820	9
2	2	9	3	-91988200	243
2	2	9	4	17610635	243
2	2	9	5	-25923670	81
2	2	9	6	-561400	81
2	2	9	7	-2830150	81
2	2	9	8	18680	81
2	2	9	9	56360	27
2	2	10	0	62300	27
2	2	10	1	-3920090	81
2	2	10	2	21131975	81
2	2	10	3	-13960100	27
2	2	10	4	256256870	243
2	2	10	5	-21874375	243
2	2	10	6	28487305	81
2	2	10	7	1193780	81
2	2	10	8	495350	81
2	2	10	9	-26560	81
2	2	10	10	-790	1
2	2	11	0	18550	27
2	2	11	1	-934610	27
2	2	11	2	9137380	27
2	2	11	3	-271919365	243
2	2	11	4	38897230	27
2	2	11	5	-490638910	243
2	2	11	6	-552730	81
2	2	11	7	-13203755	81
2	2	11	8	-1088920	81
2	2	11	9	659000	81
2	2	11	10	18020	81
2	2	11	11	-4030	81
2	2	12	1	-92750	9
2	2	12	2	6544360	27
2	2	12	3	-118468930	81
2	2	12	4	795924980	243
2	2	12	5	-73884770	27
2	2	12	6	71420480	27
2	2	12	7	726950	3
2	2	12	8	-11299745	81
2	2	12	9	-16240	27
2	2	12	10	6200	81
2	2	12	11	4850	81
2	2	12	12	8110	243
2	2	13	0	1225	27
2	2	13	2	649250	9
2	2	13	3	-28368830	27
2	2	13	4	117864500	27
2	2	13	5	-1674038815	243
2	2	13	6	31307990	9
2	2	13	7	-177267100	81
2	2	13	8	-4055110	9
2	2	13	9	23951785	81
2	2	13	10	1150100	81
2	2	13	11	-308350	27
2	2	13	12	-23315	81
2	2	13	13	39430	243
2	2	14	1	-6125	9
2	2	14	3	-8440250	27
2	2	14	4	85124420	27
2	2	14	5	-771575420	81
2	2	14	6	865028150	81
2	2	14	7	-23175670	9
2	2	14	8	56889800	81
2	2	14	9	3654280	9
2	2	14	10	-16902770	81
2	2	14	11	-398020	27
2	2	14	12	2535250	243
2	2	14	13	21655	81
2	2	14	14	-27350	243
2	2	15	2	42875	9
2	2	15	4	8440250	9
2	2	15	5	-187255090	27
2	2	15	6	1271059130	81
2	2	15	7	-996099800	81
2	2	15	8	1218920	9
2	2	15	9	7089250	9
2	2	15	10	-3509510	27
2	2	15	11	3088180	81
2	2	15	12	1479520	243
2	2	15	13	-820400	243
2	2	15	14	-9020	81
2	2	15	15	520	27
2	2	16	3	-557375	27
2	2	16	5	-18568550	9
2	2	16	6	103970240	9
2	2	16	7	-536423360	27
2	2	16	8	844009735	81
2	2	16	9	20147500	9
2	2	16	10	-108452350	81
2	2	16	11	-1017730	9
2	2	16	12	3783740	81
2	2	16	13	89740	243
2	2	16	14	-15800	243
2	2	16	15	470	27
2	2	17	4	557375	9
2	2	17	6	92842750	27
2	2	17	7	-133511290	9
2	2	17	8	526235270	27
2	2	17	9	-507532820	81
2	2	17	10	-27263600	9
2	2	17	11	81291760	81
2	2	17	12	38692960	243
2	2	17	13	-3225895	81
2	2	17	14	-296240	243
2	2	17	15	5150	27
2	2	18	5	-1226225	9
2	2	18	7	-13263250	3
2	2	18	8	133236620	9
2	2	18	9	-133352450	9
2	2	18	10	195127435	81
2	2	18	11	20457320	9
2	2	18	12	-110373530	243
2	2	18	13	-21131150	243
2	2	18	14	1080650	81
2	2	18	15	2800	9
2	2	19	6	6131125	27
2	2	19	8	13263250	3
2	2	19	9	-309934790	27
2	2	19	10	701547440	81
2	2	19	11	-3221375	9
2	2	19	12	-29662450	27
2	2	19	13	30761350	243
2	2	19	14	5883955	243
2	2	19	15	-47570	27
2	2	20	7	-875875	3
2	2	20	9	-92842750	27
2	2	20	10	185172680	27
2	2	20	11	-34427810	9
2	2	20	12	-41738150	243
2	2	20	13	9207590	27
2	2	20	14	-4861820	243
2	2	20	15	-230795	81
2	2	21	8	875875	3
2	2	21	10	18568550	9
2	2	21	11	-83697610	27
2	2	21	12	100190440	81
2	2	21	13	28799785	243
2	2	21	14	-1679230	27
2	2	21	15	111620	81
2	2	22	9	-6131125	27
2	2	22	11	-8440250	9
2	2	22	12	27699260	27
2	2	22	13	-830440	3
2	2	22	14	-7312520	243
2	2	22	15	15230	3
2	2	23	10	1226225	9
2	2	23	12	8440250	27
2	2	23	13	-6335030	27
2	2	23	14	3111050	81
2	2	23	15	245270	81
2	2	24	11	-557375	9
2	2	24	13	-649250	9
2	2	24	14	895120	27
2	2	24	15	-202220	81
2	2	25	12	557375	27
2	2	25	14	92750	9
2	2	25	15	-19630	9
2	2	26	13	-42875	9
2	2	26	15	-18550	27
2	2	27	14	6125	9
2	2	28	15	-1225	27
2	3	2	0	-700	27
2	3	3	1	10400	27
2	3	4	0	-350	1
2	3	4	1	20	9
2	3	4	2	-23840	9
2	3	5	0	-4375	27
2	3	5	1	15730	3
2	3	5	2	-60	1
2	3	5	3	877180	81
2	3	6	0	-2800	1
2	3	6	1	66875	27
2	3	6	2	-109870	3
2	3	6	3	6040	27
2	3	6	4	-2354900	81
2	3	7	0	-12250	3
2	3	7	1	378070	9
2	3	7	2	-492625	27
2	3	7	3	1361840	9
2	3	7	4	-9800	27
2	3	7	5	4244800	81
2	3	8	0	-284200	27
2	3	8	1	183820	3
2	3	8	2	-2645230	9
2	3	8	3	5990125	81
2	3	8	4	-3650710	9
2	3	8	5	-37400	27
2	3	8	6	-1665680	27
2	3	9	0	-14700	1
2	3	9	1	4259600	27
2	3	9	2	-1286390	3
2	3	9	3	33423680	27
2	3	9	4	-14202125	81
2	3	9	5	6468830	9
2	3	9	6	80200	9
2	3	9	7	1132060	27
2	3	10	0	-33250	3
2	3	10	1	661220	3
2	3	10	2	-29749400	27
2	3	10	3	5427730	3
2	3	10	4	-93166390	27
2	3	10	5	17640625	81
2	3	10	6	-7096670	9
2	3	10	7	-170540	9
2	3	10	8	-198140	27
2	3	11	0	-26950	9
2	3	11	1	166250	1
2	3	11	2	-1541215	1
2	3	11	3	382910860	81
2	3	11	4	-5041715	1
2	3	11	5	178548740	27
2	3	11	6	445750	27
2	3	11	7	3269470	9
2	3	11	8	155560	9
2	3	11	9	-263600	27
2	3	12	1	134750	3
2	3	12	2	-1163750	1
2	3	12	3	19987015	3
2	3	12	4	-1122629720	81
2	3	12	5	9578345	1
2	3	12	6	-26021140	3
2	3	12	7	-586250	1
2	3	12	8	2869930	9
2	3	12	9	2320	3
2	3	12	10	-2480	27
2	3	13	2	-943250	3
2	3	13	3	15128750	3
2	3	13	4	-19899025	1
2	3	13	5	2370032560	81
2	3	13	6	-36531635	3
2	3	13	7	64662650	9
2	3	13	8	3270250	3
2	3	13	9	-6068990	9
2	3	13	10	-164300	9
2	3	13	11	123340	9
2	3	14	3	12262250	9
2	3	14	4	-15128750	1
2	3	14	5	130438385	3
2	3	14	6	-1233170600	27
2	3	14	7	9010645	1
2	3	14	8	-20675860	9
2	3	14	9	-2947000	3
2	3	14	10	4334230	9
2	3	14	11	56860	3
2	3	14	12	-1014100	81
2	3	15	4	-12262250	3
2	3	15	5	33283250	1
2	3	15	6	-215323790	3
2	3	15	7	1437115700	27
2	3	15	8	-460460	1
2	3	15	9	-2642290	1
2	3	15	10	2830250	9
2	3	15	11	-863420	9
2	3	15	12	-211360	27
2	3	15	13	328160	81
2	3	16	5	26976950	3
2	3	16	6	-166416250	3
2	3	16	7	91134230	1
2	3	16	8	-1243434040	27
2	3	16	9	-23585030	3
2	3	16	10	40628090	9
2	3	16	11	820750	3
2	3	16	12	-899110	9
2	3	16	13	-12820	27
2	3	16	14	6320	81
2	3	17	6	-134884750	9
2	3	17	7	71321250	1
2	3	17	8	-89733710	1
2	3	17	9	778094480	27
2	3	17	10	31905860	3
2	3	17	11	-30897500	9
2	3	17	12	-31204000	81
2	3	17	13	793130	9
2	3	17	14	42320	27
2	3	17	15	-2060	9
2	3	18	7	19269250	1
2	3	18	8	-71321250	1
2	3	18	9	68522850	1
2	3	18	10	-328449640	27
2	3	18	11	-23954560	3
2	3	18	12	42934690	27
2	3	18	13	17041250	81
2	3	18	14	-268750	9
2	3	18	15	-400	1
2	3	19	8	-19269250	1
2	3	19	9	166416250	3
2	3	19	10	-120779945	3
2	3	19	11	8223500	3
2	3	19	12	11592455	3
2	3	19	13	-12394400	27
2	3	19	14	-4745125	81
2	3	19	15	11930	3
2	3	20	9	134884750	9
2	3	20	10	-33283250	1
2	3	20	11	17881065	1
2	3	20	12	14852600	81
2	3	20	13	-1202075	1
2	3	20	14	2063920	27
2	3	20	15	186125	27
2	3	21	10	-26976950	3
2	3	21	11	15128750	1
2	3	21	12	-17445295	3
2	3	21	13	-27412240	81
2	3	21	14	219975	1
2	3	21	15	-51070	9
2	3	22	11	12262250	3
2	3	22	12	-15128750	3
2	3	22	13	1308455	1
2	3	22	14	7900280	81
2	3	22	15	-54145	3
2	3	23	12	-12262250	9
2	3	23	13	1163750	1
2	3	23	14	-547100	3
2	3	23	15	-278180	27
2	3	24	13	943250	3
2	3	24	14	-166250	1
2	3	24	15	35660	3
2	3	25	14	-134750	3
2	3	25	15	33250	3
2	3	26	15	26950	9
2	4	2	0	350	27
2	4	3	1	-5200	27
2	4	4	0	1400	3
2	4	4	1	-10	9
2	4	4	2	11920	9
2	4	5	0	6125	27
2	4	5	1	-62920	9
2	4	5	2	30	1
2	4	5	3	-438590	81
2	4	6	0	5950	1
2	4	6	1	-93625	27
2	4	6	2	146485	3
2	4	6	3	-3020	27
2	4	6	4	1177450	81
2	4	7	0	82250	9
2	4	7	1	-89250	1
2	4	7	2	689675	27
2	4	7	3	-201755	1
2	4	7	4	4900	27
2	4	7	5	-2122400	81
2	4	8	0	808850	27
2	4	8	1	-1234220	9
2	4	8	2	1871870	3
2	4	8	3	-8386175	81
2	4	8	4	1621535	3
2	4	8	5	18700	27
2	4	8	6	832840	27
2	4	9	0	44800	1
2	4	9	1	-12120700	27
2	4	9	2	8635090	9
2	4	9	3	-23652100	9
2	4	9	4	19882975	81
2	4	9	5	-8608990	9
2	4	9	6	-40100	9
2	4	9	7	-566030	27
2	4	10	0	315350	9
2	4	10	1	-6045440	9
2	4	10	2	84611050	27
2	4	10	3	-36432550	9
2	4	10	4	65977340	9
2	4	10	5	-24696875	81
2	4	10	6	3142895	3
2	4	10	7	85270	9
2	4	10	8	99070	27
2	4	11	0	62125	9
2	4	11	1	-1576475	3
2	4	11	2	4696910	1
2	4	11	3	-1089451220	81
2	4	11	4	101540545	9
2	4	11	5	-126588545	9
2	4	11	6	-624050	27
2	4	11	7	-4317335	9
2	4	11	8	-77780	9
2	4	11	9	131800	27
2	4	12	1	-310625	3
2	4	12	2	3676700	1
2	4	12	3	-548379190	27
2	4	12	4	3201096940	81
2	4	12	5	-192953855	9
2	4	12	6	55424930	3
2	4	12	7	820750	1
2	4	12	8	-3886565	9
2	4	12	9	-1160	3
2	4	12	10	1240	27
2	4	13	0	-15925	9
2	4	13	2	2174375	3
2	4	13	3	-143316775	9
2	4	13	4	1639492550	27
2	4	13	5	-6791896670	81
2	4	13	6	245334655	9
2	4	13	7	-137932475	9
2	4	13	8	-4578350	3
2	4	13	9	8200045	9
2	4	13	10	82150	9
2	4	13	11	-61670	9
2	4	14	1	79625	3
2	4	14	3	-28266875	9
2	4	14	4	143271950	3
2	4	14	5	-3588903010	27
2	4	14	6	3566414200	27
2	4	14	7	-20160335	1
2	4	14	8	43906750	9
2	4	14	9	4125800	3
2	4	14	10	-5923690	9
2	4	14	11	-28430	3
2	4	14	12	507050	81
2	4	15	2	-557375	3
2	4	15	4	28266875	3
2	4	15	5	-105081625	1
2	4	15	6	1980459580	9
2	4	15	7	-4221067150	27
2	4	15	8	989860	1
2	4	15	9	52038700	9
2	4	15	10	-3962350	9
2	4	15	11	1273060	9
2	4	15	12	105680	27
2	4	15	13	-164080	81
2	4	16	3	7245875	9
2	4	16	5	-62187125	3
2	4	16	6	1577582600	9
2	4	16	7	-2524559180	9
2	4	16	8	3748682330	27
2	4	16	9	159073150	9
2	4	16	10	-89427650	9
2	4	16	11	-1149050	3
2	4	16	12	1136380	9
2	4	16	13	6410	27
2	4	16	14	-3160	81
2	4	17	4	-7245875	3
2	4	17	6	310935625	9
2	4	17	7	-225780775	1
2	4	17	8	2498254660	9
2	4	17	9	-2457268960	27
2	4	17	10	-215110000	9
2	4	17	11	69129310	9
2	4	17	12	43685600	81
2	4	17	13	-1039715	9
2	4	17	14	-21160	27
2	4	17	15	1030	9
2	4	18	5	15940925	3
2	4	18	7	-44419375	1
2	4	18	8	226467450	1
2	4	18	9	-1919219500	9
2	4	18	10	1140613130	27
2	4	18	11	161626940	9
2	4	18	12	-32835160	9
2	4	18	13	-23857750	81
2	4	18	14	356450	9
2	4	18	15	200	1
2	4	19	6	-79704625	9
2	4	19	8	44419375	1
2	4	19	9	-1592402075	9
2	4	19	10	1135335190	9
2	4	19	11	-112669000	9
2	4	19	12	-78348575	9
2	4	19	13	9825575	9
2	4	19	14	6643175	81
2	4	19	15	-47870	9
2	4	20	7	11386375	1
2	4	20	9	-310935625	9
2	4	20	10	320450900	3
2	4	20	11	-507962890	9
2	4	20	12	126402800	81
2	4	20	13	24442685	9
2	4	20	14	-190910	1
2	4	20	15	-260575	27
2	4	21	8	-11386375	1
2	4	21	10	62187125	3
2	4	21	11	-48946325	1
2	4	21	12	499283470	27
2	4	21	13	27523730	81
2	4	21	14	-4492945	9
2	4	21	15	135745	9
2	4	22	9	79704625	9
2	4	22	11	-28266875	3
2	4	22	12	148338550	9
2	4	22	13	-113127290	27
2	4	22	14	-13273060	81
2	4	22	15	371105	9
2	4	23	10	-15940925	3
2	4	23	12	28266875	9
2	4	23	13	-11553425	3
2	4	23	14	15857200	27
2	4	23	15	533410	27
2	4	24	11	7245875	3
2	4	24	13	-2174375	3
2	4	24	14	558400	1
2	4	24	15	-115240	3
2	4	25	12	-7245875	9
2	4	25	14	310625	3
2	4	25	15	-340925	9
2	4	26	13	557375	3
2	4	26	15	-62125	9
2	4	27	14	-79625	3
2	4	28	15	15925	9
2	5	4	0	-350	1
2	5	5	0	-175	1
2	5	5	1	15730	3
2	5	6	0	-8400	1
2	5	6	1	2675	1
2	5	6	2	-36620	1
2	5	7	0	-40250	3
2	5	7	1	377930	3
2	5	7	2	-19705	1
2	5	7	3	453950	3
2	5	8	0	-60060	1
2	5	8	1	603980	3
2	5	8	2	-2640050	3
2	5	8	3	239605	3
2	5	8	4	-1215700	3
2	5	9	0	-95550	1
2	5	9	1	899800	1
2	5	9	2	-4224610	3
2	5	9	3	33358720	9
2	5	9	4	-568085	3
2	5	9	5	716610	1
2	5	10	0	-228200	3
2	5	10	1	4297930	3
2	5	10	2	-6277700	1
2	5	10	3	17823190	3
2	5	10	4	-93122570	9
2	5	10	5	705625	3
2	5	10	6	-2352140	3
2	5	11	0	-3675	1
2	5	11	1	1140560	1
2	5	11	2	-10017315	1
2	5	11	3	80866610	3
2	5	11	4	-49682905	3
2	5	11	5	178877740	9
2	5	11	6	17830	1
2	5	11	7	357680	1
2	5	12	1	55125	1
2	5	12	2	-7975560	1
2	5	12	3	389999015	9
2	5	12	4	-238214020	3
2	5	12	5	94433735	3
2	5	12	6	-26143500	1
2	5	12	7	-633150	1
2	5	12	8	326880	1
2	5	13	0	35035	3
2	5	13	2	-385875	1
2	5	13	3	103563040	3
2	5	13	4	-1167304285	9
2	5	13	5	508356200	3
2	5	13	6	-120083335	3
2	5	13	7	65156150	3
2	5	13	8	1177290	1
2	5	13	9	-688740	1
2	5	14	1	-175175	1
2	5	14	3	1672125	1
2	5	14	4	-103491320	1
2	5	14	5	2560727015	9
2	5	14	6	-269725500	1
2	5	14	7	29587365	1
2	5	14	8	-20648140	3
2	5	14	9	-1060920	1
2	5	14	10	1502630	3
2	5	15	2	1226225	1
2	5	15	4	-5016375	1
2	5	15	5	227755440	1
2	5	15	6	-1417737860	3
2	5	15	7	324753550	1
2	5	15	8	-1390860	1
2	5	15	9	-25196990	3
2	5	15	10	339630	1
2	5	15	11	-112180	1
2	5	16	3	-15940925	3
2	5	16	5	11036025	1
2	5	16	6	-1140950360	3
2	5	16	7	1815395890	3
2	5	16	8	-296495540	1
2	5	16	9	-78210190	3
2	5	16	10	43539110	3
2	5	16	11	295470	1
2	5	16	12	-274730	3
2	5	17	4	15940925	1
2	5	17	6	-18393375	1
2	5	17	7	490955520	1
2	5	17	8	-1806718760	3
2	5	17	9	203454680	1
2	5	17	10	105718480	3
2	5	17	11	-11388460	1
2	5	17	12	-1248160	3
2	5	17	13	257260	3
2	5	18	5	-35070035	1
2	5	18	7	23648625	1
2	5	18	8	-494251560	1
2	5	18	9	1397335940	3
2	5	18	10	-102493820	1
2	5	18	11	-79497020	3
2	5	18	12	49776350	9
2	5	18	13	681650	3
2	5	18	14	-29610	1
2	5	19	6	175350175	3
2	5	19	8	-23648625	1
2	5	19	9	1164661520	3
2	5	19	10	-832863185	3
2	5	19	11	36112450	1
2	5	19	12	38603015	3
2	5	19	13	-15348400	9
2	5	19	14	-189805	3
2	5	19	15	11990	3
2	5	20	7	-75150075	1
2	5	20	9	18393375	1
2	5	20	10	-236085080	1
2	5	20	11	375624305	3
2	5	20	12	-23972300	3
2	5	20	13	-12078485	3
2	5	20	14	2787440	9
2	5	20	15	7445	1
2	5	21	8	75150075	1
2	5	21	10	-11036025	1
2	5	21	11	109198560	1
2	5	21	12	-372163085	9
2	5	21	13	2322760	3
2	5	21	14	2230345	3
2	5	21	15	-76690	3
2	5	22	9	-175350175	3
2	5	22	11	5016375	1
2	5	22	12	-111597880	3
2	5	22	13	84946015	9
2	5	22	14	188980	3
2	5	22	15	-185465	3
2	5	23	10	35070035	1
2	5	23	12	-1672125	1
2	5	23	13	8812880	1
2	5	23	14	-11977910	9
2	5	23	15	-17270	1
2	5	24	11	-15940925	1
2	5	24	13	385875	1
2	5	24	14	-1298520	1
2	5	24	15	87360	1
2	5	25	12	15940925	3
2	5	25	14	-55125	1
2	5	25	15	269120	3
2	5	26	13	-1226225	1
2	5	26	15	3675	1
2	5	27	14	175175	1
2	5	28	15	-35035	3
2	6	4	0	350	3
2	6	5	0	175	3
2	6	5	1	-15730	9
2	6	6	0	7700	1
2	6	6	1	-2675	3
2	6	6	2	36620	3
2	6	7	0	113750	9
2	6	7	1	-1039150	9
2	6	7	2	19705	3
2	6	7	3	-453950	9
2	6	8	0	774550	9
2	6	8	1	-1706900	9
2	6	8	2	7254310	9
2	6	8	3	-239605	9
2	6	8	4	1215700	9
2	6	9	0	144550	1
2	6	9	1	-3867100	3
2	6	9	2	11936650	9
2	6	9	3	-91663400	27
2	6	9	4	568085	9
2	6	9	5	-238870	1
2	6	10	0	1027250	9
2	6	10	1	-19505990	9
2	6	10	2	80891950	9
2	6	10	3	-50357230	9
2	6	10	4	256037770	27
2	6	10	5	-705625	9
2	6	10	6	2352140	9
2	6	11	0	-248500	9
2	6	11	1	-5133170	3
2	6	11	2	15153915	1
2	6	11	3	-347495560	9
2	6	11	4	140391775	9
2	6	11	5	-492283910	27
2	6	11	6	-17830	3
2	6	11	7	-357680	3
2	6	12	1	1242500	3
2	6	12	2	11957890	1
2	6	12	3	-1770625045	27
2	6	12	4	1026363620	9
2	6	12	5	-266899805	9
2	6	12	6	24010760	1
2	6	12	7	211050	1
2	6	12	8	-108960	1
2	6	13	0	-350350	9
2	6	13	2	-8697500	3
2	6	13	3	-465523030	9
2	6	13	4	5305780655	27
2	6	13	5	-2203407110	9
2	6	13	6	339425605	9
2	6	13	7	-179734600	9
2	6	13	8	-392430	1
2	6	13	9	229580	1
2	6	14	1	1751750	3
2	6	14	3	113067500	9
2	6	14	4	465020990	3
2	6	14	5	-11664636445	27
2	6	14	6	3544530800	9
2	6	14	7	-27864705	1
2	6	14	8	56751200	9
2	6	14	9	353640	1
2	6	14	10	-1502630	9
2	6	15	2	-12262250	3
2	6	15	4	-113067500	3
2	6	15	5	-341189310	1
2	6	15	6	6479606980	9
2	6	15	7	-1446872450	3
2	6	15	8	1262460	1
2	6	15	9	70885150	9
2	6	15	10	-113210	1
2	6	15	11	112180	3
2	6	16	3	159409250	9
2	6	16	5	248748500	3
2	6	16	6	5133051770	9
2	6	16	7	-8334642470	9
2	6	16	8	452002030	1
2	6	16	9	221869930	9
2	6	16	10	-123007450	9
2	6	16	11	-98490	1
2	6	16	12	274730	9
2	6	17	4	-159409250	3
2	6	17	6	-1243742500	9
2	6	17	7	-737905630	1
2	6	17	8	8341767280	9
2	6	17	9	-2906536240	9
2	6	17	10	-299808460	9
2	6	17	11	32543720	3
2	6	17	12	1248160	9
2	6	17	13	-257260	9
2	6	18	5	350700350	3
2	6	18	7	177677500	1
2	6	18	8	745596390	1
2	6	18	9	-6494354020	9
2	6	18	10	173499630	1
2	6	18	11	225591920	9
2	6	18	12	-144581830	27
2	6	18	13	-681650	9
2	6	18	14	9870	1
2	6	19	6	-1753501750	9
2	6	19	8	-177677500	1
2	6	19	9	-5299029890	9
2	6	19	10	3899204155	9
2	6	19	11	-614048500	9
2	6	19	12	-109698305	9
2	6	19	13	45531350	27
2	6	19	14	189805	9
2	6	19	15	-11990	9
2	6	20	7	250500250	1
2	6	20	9	1243742500	9
2	6	20	10	1081875410	3
2	6	20	11	-1772004115	9
2	6	20	12	168531400	9
2	6	20	13	34404215	9
2	6	20	14	-8479420	27
2	6	20	15	-7445	3
2	6	21	8	-250500250	1
2	6	21	10	-248748500	3
2	6	21	11	-168323890	1
2	6	21	12	1768865455	27
2	6	21	13	-29586710	9
2	6	21	14	-6375955	9
2	6	21	15	239720	9
2	6	22	9	1753501750	9
2	6	22	11	113067500	3
2	6	22	12	521766910	9
2	6	22	13	-406493045	27
2	6	22	14	2763620	9
2	6	22	15	533015	9
2	6	23	10	-350700350	3
2	6	23	12	-113067500	9
2	6	23	13	-41734910	3
2	6	23	14	57629530	27
2	6	23	15	-78110	9
2	6	24	11	159409250	3
2	6	24	13	8697500	3
2	6	24	14	2079630	1
2	6	24	15	-140560	1
2	6	25	12	-159409250	9
2	6	25	14	-1242500	3
2	6	25	15	-1313690	9
2	6	26	13	12262250	3
2	6	26	15	248500	9
2	6	27	14	-1751750	3
2	6	28	15	350350	9
2	7	6	0	-4200	1
2	7	7	0	-7000	1
2	7	7	1	188920	3
2	7	8	0	-261800	3
2	7	8	1	105040	1
2	7	8	2	-1318360	3
2	7	9	0	-153300	1
2	7	9	1	1306800	1
2	7	9	2	-734480	1
2	7	9	3	16658480	9
2	7	10	0	-114800	1
2	7	10	1	6895580	3
2	7	10	2	-27320600	3
2	7	10	3	3098480	1
2	7	10	4	-46547200	9
2	7	11	0	293300	3
2	7	11	1	1720680	1
2	7	11	2	-16070760	1
2	7	11	3	117413380	3
2	7	11	4	-8638940	1
2	7	11	5	89544620	9
2	7	12	1	-1466500	1
2	7	12	2	-12019680	1
2	7	12	3	626135380	9
2	7	12	4	-347650760	3
2	7	12	5	16425340	1
2	7	12	6	-13111080	1
2	7	13	0	75075	1
2	7	13	2	10265500	1
2	7	13	3	51966040	1
2	7	13	4	-1878199400	9
2	7	13	5	250154160	1
2	7	13	6	-20889740	1
2	7	13	7	32736700	3
2	7	14	1	-1126125	1
2	7	14	3	-133451500	3
2	7	14	4	-155682960	1
2	7	14	5	4137206920	9
2	7	14	6	-1218879400	3
2	7	14	7	15430500	1
2	7	14	8	-10315160	3
2	7	15	2	7882875	1
2	7	15	4	133451500	1
2	7	15	5	342726120	1
2	7	15	6	-2305000060	3
2	7	15	7	505063100	1
2	7	15	8	-684720	1
2	7	15	9	-13053760	3
2	7	16	3	-34159125	1
2	7	16	5	-293593300	1
2	7	16	6	-573383360	1
2	7	16	7	2976760160	3
2	7	16	8	-483993320	1
2	7	16	9	-13681880	1
2	7	16	10	22705240	3
2	7	17	4	102477375	1
2	7	17	6	1467966500	3
2	7	17	7	743137560	1
2	7	17	8	-2994063820	3
2	7	17	9	1071493520	3
2	7	17	10	18484760	1
2	7	17	11	-6044360	1
2	7	18	5	-225450225	1
2	7	18	7	-629128500	1
2	7	18	8	-753025680	1
2	7	18	9	2344338700	3
2	7	18	10	-201104120	1
2	7	18	11	-13913800	1
2	7	18	12	27087280	9
2	7	19	6	375750375	1
2	7	19	8	629128500	1
2	7	19	9	597094520	1
2	7	19	10	-1416334480	3
2	7	19	11	254283500	3
2	7	19	12	6770980	1
2	7	19	13	-8623700	9
2	7	20	7	-483107625	1
2	7	20	9	-1467966500	3
2	7	20	10	-367715040	1
2	7	20	11	647801980	3
2	7	20	12	-77594200	3
2	7	20	13	-2126260	1
2	7	20	14	1626280	9
2	7	21	8	483107625	1
2	7	21	10	293593300	1
2	7	21	11	172804680	1
2	7	21	12	-650688640	9
2	7	21	13	16176080	3
2	7	21	14	394820	1
2	7	21	15	-46580	3
2	7	22	9	-375750375	1
2	7	22	11	-133451500	1
2	7	22	12	-60000880	1
2	7	22	13	150366080	9
2	7	22	14	-686920	1
2	7	22	15	-33100	1
2	7	23	10	225450225	1
2	7	23	12	133451500	3
2	7	23	13	14531640	1
2	7	23	14	-21411700	9
2	7	23	15	121180	3
2	7	24	11	-102477375	1
2	7	24	13	-10265500	1
2	7	24	14	-2194560	1
2	7	24	15	157080	1
2	7	25	12	34159125	1
2	7	25	14	1466500	1
2	7	25	15	155720	1
2	7	26	13	-7882875	1
2	7	26	15	-293300	3
2	7	27	14	1126125	1
2	7	28	15	-75075	1
2	8	6	0	1050	1
2	8	7	0	1750	1
2	8	7	1	-47230	3
2	8	8	0	180425	3
2	8	8	1	-26260	1
2	8	8	2	329590	3
2	8	9	0	109200	1
2	8	9	1	-900450	1
2	8	9	2	183620	1
2	8	9	3	-4164620	9
2	8	10	0	69650	1
2	8	10	1	-4911920	3
2	8	10	2	18817025	3
2	8	10	3	-774620	1
2	8	10	4	11636800	9
2	8	11	0	-514325	3
2	8	11	1	-1043925	1
2	8	11	2	11447415	1
2	8	11	3	-80895445	3
2	8	11	4	2159735	1
2	8	11	5	-22386155	9
2	8	12	1	2571625	1
2	8	12	2	7291800	1
2	8	12	3	-446122345	9
2	8	12	4	239994140	3
2	8	12	5	-4106335	1
2	8	12	6	3277770	1
2	8	13	0	-75075	1
2	8	13	2	-18001375	1
2	8	13	3	-31523275	1
2	8	13	4	1339271825	9
2	8	13	5	-173439465	1
2	8	13	6	5222435	1
2	8	13	7	-8184175	3
2	8	14	1	1126125	1
2	8	14	3	234017875	3
2	8	14	4	94435350	1
2	8	14	5	-2954414155	9
2	8	14	6	851406850	3
2	8	14	7	-3857625	1
2	8	14	8	2578790	3
2	8	15	2	-7882875	1
2	8	15	4	-234017875	1
2	8	15	5	-207897525	1
2	8	15	6	1649689690	3
2	8	15	7	-356837900	1
2	8	15	8	171180	1
2	8	15	9	3263440	3
2	8	16	3	34159125	1
2	8	16	5	514839325	1
2	8	16	6	347854100	1
2	8	16	7	-2136837890	3
2	8	16	8	347593355	1
2	8	16	9	3420470	1
2	8	16	10	-5676310	3
2	8	17	4	-102477375	1
2	8	17	6	-2574196625	3
2	8	17	7	-450947475	1
2	8	17	8	2157149830	3
2	8	17	9	-787178780	3
2	8	17	10	-4621190	1
2	8	17	11	1511090	1
2	8	18	5	225450225	1
2	8	18	7	1103227125	1
2	8	18	8	457127550	1
2	8	18	9	-1696144450	3
2	8	18	10	152368655	1
2	8	18	11	3478450	1
2	8	18	12	-6771820	9
2	8	19	6	-375750375	1
2	8	19	8	-1103227125	1
2	8	19	9	-362673575	1
2	8	19	10	1029379945	3
2	8	19	11	-200814125	3
2	8	19	12	-1692745	1
2	8	19	13	2155925	9
2	8	20	7	483107625	1
2	8	20	9	2574196625	3
2	8	20	10	223515600	1
2	8	20	11	-472995895	3
2	8	20	12	64763050	3
2	8	20	13	531565	1
2	8	20	14	-406570	9
2	8	21	8	-483107625	1
2	8	21	10	-514839325	1
2	8	21	11	-105136425	1
2	8	21	12	477210685	9
2	8	21	13	-14526995	3
2	8	21	14	-98705	1
2	8	21	15	11645	3
2	8	22	9	375750375	1
2	8	22	11	234017875	1
2	8	22	12	36545050	1
2	8	22	13	-110710895	9
2	8	22	14	678880	1
2	8	22	15	8275	1
2	8	23	10	-225450225	1
2	8	23	12	-234017875	3
2	8	23	13	-8861775	1
2	8	23	14	15813400	9
2	8	23	15	-135370	3
2	8	24	11	102477375	1
2	8	24	13	18001375	1
2	8	24	14	1340100	1
2	8	24	15	-116220	1
2	8	25	12	-34159125	1
2	8	25	14	-2571625	1
2	8	25	15	-95225	1
2	8	26	13	7882875	1
2	8	26	15	514325	3
2	8	27	14	-1126125	1
2	8	28	15	75075	1
2	9	8	0	-25550	1
2	9	9	0	-47250	1
2	9	9	1	382500	1
2	9	10	0	-15750	1
2	9	10	1	708450	1
2	9	10	2	-2663750	1
2	9	11	0	184625	1
2	9	11	1	236250	1
2	9	11	2	-4953150	1
2	9	11	3	11453800	1
2	9	12	1	-2769375	1
2	9	12	2	-1653750	1
2	9	12	3	21451000	1
2	9	12	4	-34018100	1
2	9	13	2	19385625	1
2	9	13	3	7166250	1
2	9	13	4	-64423850	1
2	9	13	5	73933950	1
2	9	14	3	-84004375	1
2	9	14	4	-21498750	1
2	9	14	5	142230550	1
2	9	14	6	-121486000	1
2	9	15	4	252013125	1
2	9	15	5	47297250	1
2	9	15	6	-238542150	1
2	9	15	7	153714750	1
2	9	16	5	-554428875	1
2	9	16	6	-78828750	1
2	9	16	7	309477300	1
2	9	16	8	-151063350	1
2	9	17	6	924048125	1
2	9	17	7	101351250	1
2	9	17	8	-313029750	1
2	9	17	9	115401200	1
2	9	18	7	-1188061875	1
2	9	18	8	-101351250	1
2	9	18	9	246679950	1
2	9	18	10	-68061750	1
2	9	19	8	1188061875	1
2	9	19	9	78828750	1
2	9	19	10	-150065850	1
2	9	19	11	30498500	1
2	9	20	9	-924048125	1
2	9	20	10	-47297250	1
2	9	20	11	69121200	1
2	9	20	12	-10081000	1
2	9	21	10	554428875	1
2	9	21	11	21498750	1
2	9	21	12	-23299150	1
2	9	21	13	2329550	1
2	9	22	11	-252013125	1
2	9	22	12	-7166250	1
2	9	22	13	5416250	1
2	9	22	14	-338100	1
2	9	23	12	84004375	1
2	9	23	13	1653750	1
2	9	23	14	-774850	1
2	9	23	15	23350	1
2	9	24	13	-19385625	1
2	9	24	14	-236250	1
2	9	24	15	51300	1
2	9	25	14	2769375	1
2	9	25	15	15750	1
2	9	26	15	-184625	1
2	10	8	0	5110	1
2	10	9	0	9450	1
2	10	9	1	-76500	1
2	10	10	0	-8400	1
2	10	10	1	-141690	1
2	10	10	2	532750	1
2	10	11	0	-123550	1
2	10	11	1	125670	1
2	10	11	2	990630	1
2	10	11	3	-2290760	1
2	10	12	1	1853250	1
2	10	12	2	-873420	1
2	10	12	3	-4290200	1
2	10	12	4	6803620	1
2	10	13	0	105105	1
2	10	13	2	-12972750	1
2	10	13	3	3755010	1
2	10	13	4	12884770	1
2	10	13	5	-14786790	1
2	10	14	1	-1576575	1
2	10	14	3	56215250	1
2	10	14	4	-11211240	1
2	10	14	5	-28446110	1
2	10	14	6	24297200	1
2	10	15	2	11036025	1
2	10	15	4	-168645750	1
2	10	15	5	24720630	1
2	10	15	6	47708430	1
2	10	15	7	-30742950	1
2	10	16	3	-47822775	1
2	10	16	5	371020650	1
2	10	16	6	-41744340	1
2	10	16	7	-61895460	1
2	10	16	8	30212670	1
2	10	17	4	143468325	1
2	10	17	6	-618367750	1
2	10	17	7	55153890	1
2	10	17	8	62605950	1
2	10	17	9	-23080240	1
2	10	18	5	-315630315	1
2	10	18	7	795044250	1
2	10	18	8	-57625920	1
2	10	18	9	-49335990	1
2	10	18	10	13612350	1
2	10	19	6	526050525	1
2	10	19	8	-795044250	1
2	10	19	9	47672130	1
2	10	19	10	30013170	1
2	10	19	11	-6099700	1
2	10	20	7	-676350675	1
2	10	20	9	618367750	1
2	10	20	10	-30967860	1
2	10	20	11	-13824240	1
2	10	20	12	2016200	1
2	10	21	8	676350675	1
2	10	21	10	-371020650	1
2	10	21	11	15491670	1
2	10	21	12	4659830	1
2	10	21	13	-465910	1
2	10	22	9	-526050525	1
2	10	22	11	168645750	1
2	10	22	12	-5763720	1
2	10	22	13	-1083250	1
2	10	22	14	67620	1
2	10	23	10	315630315	1
2	10	23	12	-56215250	1
2	10	23	13	1501410	1
2	10	23	14	154970	1
2	10	23	15	-4670	1
2	10	24	11	-143468325	1
2	10	24	13	12972750	1
2	10	24	14	-244140	1
2	10	24	15	-10260	1
2	10	25	12	47822775	1
2	10	25	14	-1853250	1
2	10	25	15	18630	1
2	10	26	13	-11036025	1
2	10	26	15	123550	1
2	10	27	14	1576575	1
2	10	28	15	-105105	1
2	11	10	0	6300	1
2	11	11	0	47250	1
2	11	11	1	-94320	1
2	11	12	1	-708750	1
2	11	12	2	656820	1
2	11	13	0	-143325	1
2	11	13	2	4961250	1
2	11	13	3	-2829960	1
2	11	14	1	2149875	1
2	11	14	3	-21498750	1
2	11	14	4	8460540	1
2	11	15	2	-15049125	1
2	11	15	4	64496250	1
2	11	15	5	-18643680	1
2	11	16	3	65212875	1
2	11	16	5	-141891750	1
2	11	16	6	31369140	1
2	11	17	4	-195638625	1
2	11	17	6	236486250	1
2	11	17	7	-41140440	1
2	11	18	5	430404975	1
2	11	18	7	-304053750	1
2	11	18	8	42488820	1
2	11	19	6	-717341625	1
2	11	19	8	304053750	1
2	11	19	9	-34602480	1
2	11	20	7	922296375	1
2	11	20	9	-236486250	1
2	11	20	10	22051260	1
2	11	21	8	-922296375	1
2	11	21	10	141891750	1
2	11	21	11	-10795320	1
2	11	22	9	717341625	1
2	11	22	11	-64496250	1
2	11	22	12	3925620	1
2	11	23	10	-430404975	1
2	11	23	12	21498750	1
2	11	23	13	-999360	1
2	11	24	11	195638625	1
2	11	24	13	-4961250	1
2	11	24	14	158940	1
2	11	25	12	-65212875	1
2	11	25	14	708750	1
2	11	25	15	-11880	1
2	11	26	13	15049125	1
2	11	26	15	-47250	1
2	11	27	14	-2149875	1
2	11	28	15	143325	1
2	12	10	0	-1050	1
2	12	11	0	-7875	1
2	12	11	1	15720	1
2	12	12	1	118125	1
2	12	12	2	-109470	1
2	12	13	0	95550	1
2	12	13	2	-826875	1
2	12	13	3	471660	1
2	12	14	1	-1433250	1
2	12	14	3	3583125	1
2	12	14	4	-1410090	1
2	12	15	2	10032750	1
2	12	15	4	-10749375	1
2	12	15	5	3107280	1
2	12	16	3	-43475250	1
2	12	16	5	23648625	1
2	12	16	6	-5228190	1
2	12	17	4	130425750	1
2	12	17	6	-39414375	1
2	12	17	7	6856740	1
2	12	18	5	-286936650	1
2	12	18	7	50675625	1
2	12	18	8	-7081470	1
2	12	19	6	478227750	1
2	12	19	8	-50675625	1
2	12	19	9	5767080	1
2	12	20	7	-614864250	1
2	12	20	9	39414375	1
2	12	20	10	-3675210	1
2	12	21	8	614864250	1
2	12	21	10	-23648625	1
2	12	21	11	1799220	1
2	12	22	9	-478227750	1
2	12	22	11	10749375	1
2	12	22	12	-654270	1
2	12	23	10	286936650	1
2	12	23	12	-3583125	1
2	12	23	13	166560	1
2	12	24	11	-130425750	1
2	12	24	13	826875	1
2	12	24	14	-26490	1
2	12	25	12	43475250	1
2	12	25	14	-118125	1
2	12	25	15	1980	1
2	12	26	13	-10032750	1
2	12	26	15	7875	1
2	12	27	14	1433250	1
2	12	28	15	-95550	1
2	13	13	0	-33075	1
2	13	14	1	496125	1
2	13	15	2	-3472875	1
2	13	16	3	15049125	1
2	13	17	4	-45147375	1
2	13	18	5	99324225	1
2	13	19	6	-165540375	1
2	13	20	7	212837625	1
2	13	21	8	-212837625	1
2	13	22	9	165540375	1
2	13	23	10	-99324225	1
2	13	24	11	45147375	1
2	13	25	12	-15049125	1
2	13	26	13	3472875	1
2	13	27	14	-496125	1
2	13	28	15	33075	1
2	14	13	0	4725	1
2	14	14	1	-70875	1
2	14	15	2	496125	1
2	14	16	3	-2149875	1
2	14	17	4	6449625	1
2	14	18	5	-14189175	1
2	14	19	6	23648625	1
2	14	20	7	-30405375	1
2	14	21	8	30405375	1
2	14	22	9	-23648625	1
2	14	23	10	14189175	1
2	14	24	11	-6449625	1
2	14	25	12	2149875	1
2	14	26	13	-496125	1
2	14	27	14	70875	1
2	14	28	15	-4725	1
3	0	0	0	40	729
3	0	1	1	-520	729
3	0	1	3	10	243
3	0	2	0	-1430	243
3	0	2	1	-20	729
3	0	2	2	3110	729
3	0	2	4	-565	1944
3	0	3	0	80	729
3	0	3	1	63110	729
3	0	3	2	-10	729
3	0	3	3	-17510	729
3	0	3	5	785	648
3	0	4	0	-12670	729
3	0	4	1	-820	729
3	0	4	2	-430220	729
3	0	4	3	130	729
3	0	4	4	88900	729
3	0	4	6	-5575	972
3	0	5	0	-1210	243
3	0	5	1	189670	729
3	0	5	2	-1000	729
3	0	5	3	1753840	729
3	0	5	4	-250	81
3	0	5	5	-338360	729
3	0	5	7	40325	1944
3	0	6	0	-39070	729
3	0	6	1	56630	729
3	0	6	2	-1324510	729
3	0	6	3	13240	729
3	0	6	4	-4729835	729
3	0	6	5	-430	243
3	0	6	6	881110	729
3	0	6	8	-80395	1728
3	0	7	0	-43540	729
3	0	7	1	586610	729
3	0	7	2	-434810	729
3	0	7	3	5526730	729
3	0	7	4	-39860	729
3	0	7	5	8737685	729
3	0	7	6	28790	729
3	0	7	7	-172690	81
3	0	7	9	158935	2592
3	0	8	0	-24850	243
3	0	8	1	654140	729
3	0	8	2	-4109800	729
3	0	8	3	1894930	729
3	0	8	4	-5057150	243
3	0	8	5	-20960	729
3	0	8	6	-10973605	729
3	0	8	7	-53230	729
3	0	8	8	620620	243
3	0	8	10	-674705	15552
3	0	9	0	-81740	729
3	0	9	1	1116950	729
3	0	9	2	-4579900	729
3	0	9	3	17423080	729
3	0	9	4	-5055470	729
3	0	9	5	9436510	243
3	0	9	6	57460	81
3	0	9	7	977015	81
3	0	9	8	4540	729
3	0	9	9	-1480780	729
3	0	9	11	291895	20736
3	0	10	0	-50030	729
3	0	10	1	1680	1
3	0	10	2	-7796570	729
3	0	10	3	19431280	729
3	0	10	4	-49289600	729
3	0	10	5	8203910	729
3	0	10	6	-3908290	81
3	0	10	7	-519500	243
3	0	10	8	-386450	81
3	0	10	9	41240	243
3	0	10	10	710710	729
3	0	10	12	766765	497664
3	0	11	0	-4550	243
3	0	11	1	250270	243
3	0	11	2	-950900	81
3	0	11	3	33447310	729
3	0	11	4	-54981950	729
3	0	11	5	97185040	729
3	0	11	6	-6291940	729
3	0	11	7	25647050	729
3	0	11	8	83960	27
3	0	11	9	-184070	243
3	0	11	10	-244220	729
3	0	11	11	-129710	729
3	0	11	13	-749855	55296
3	0	12	1	22750	81
3	0	12	2	-1753390	243
3	0	12	3	12321860	243
3	0	12	4	-98147060	729
3	0	12	5	107897170	729
3	0	12	6	-44941850	243
3	0	12	7	-1363120	243
3	0	12	8	-3709280	729
3	0	12	9	-1609580	729
3	0	12	10	985930	729
3	0	12	11	263900	729
3	0	12	12	-51580	729
3	0	12	14	2843885	165888
3	0	13	0	-910	729
3	0	13	2	-159250	81
3	0	13	3	22817750	729
3	0	13	4	-36765980	243
3	0	13	5	207682520	729
3	0	13	6	-48990710	243
3	0	13	7	42485990	243
3	0	13	8	5758420	243
3	0	13	9	-13369220	729
3	0	13	10	32080	729
3	0	13	11	298010	729
3	0	13	12	-178210	729
3	0	13	13	29360	729
3	0	13	15	-3273925	497664
3	0	14	1	4550	243
3	0	14	3	2070250	243
3	0	14	4	-22841210	243
3	0	14	5	80228720	243
3	0	14	6	-325608700	729
3	0	14	7	43681150	243
3	0	14	8	-23691130	243
3	0	14	9	-2418760	81
3	0	14	10	14887480	729
3	0	14	11	1004680	729
3	0	14	12	-829525	729
3	0	14	13	72110	729
3	0	14	14	-1270	729
3	0	15	2	-31850	243
3	0	15	4	-2070250	81
3	0	15	5	50292110	243
3	0	15	6	-396641740	729
3	0	15	7	127441780	243
3	0	15	8	-18753920	243
3	0	15	9	4419970	729
3	0	15	10	14206540	729
3	0	15	11	-7061560	729
3	0	15	12	-926500	729
3	0	15	13	461675	729
3	0	15	14	-14960	729
3	0	15	15	-1150	729
3	0	16	3	414050	729
3	0	16	5	4554550	81
3	0	16	6	-83856190	243
3	0	16	7	55837100	81
3	0	16	8	-111686890	243
3	0	16	9	-28329200	729
3	0	16	10	30726700	729
3	0	16	11	-3443440	729
3	0	16	12	812960	729
3	0	16	13	395840	729
3	0	16	14	-100565	729
3	0	16	15	1000	729
3	0	17	4	-414050	243
3	0	17	6	-22772750	243
3	0	17	7	11977570	27
3	0	17	8	-54829940	81
3	0	17	9	7947410	27
3	0	17	10	69021280	729
3	0	17	11	-29477060	729
3	0	17	12	-1829080	729
3	0	17	13	776300	729
3	0	17	14	-76060	729
3	0	17	15	4915	729
3	0	18	5	910910	243
3	0	18	7	3253250	27
3	0	18	8	-11966350	27
3	0	18	9	375576080	729
3	0	18	10	-95126690	729
3	0	18	11	-59139260	729
3	0	18	12	14665580	729
3	0	18	13	1799060	729
3	0	18	14	-384080	729
3	0	18	15	1100	243
3	0	19	6	-4554550	729
3	0	19	8	-3253250	27
3	0	19	9	250813310	729
3	0	19	10	-24421100	81
3	0	19	11	25001750	729
3	0	19	12	30350450	729
3	0	19	13	-4299940	729
3	0	19	14	-595190	729
3	0	19	15	19220	243
3	0	20	7	650650	81
3	0	20	9	22772750	243
3	0	20	10	-50008090	243
3	0	20	11	10795780	81
3	0	20	12	-1182520	729
3	0	20	13	-9766270	729
3	0	20	14	697130	729
3	0	20	15	75430	729
3	0	21	8	-650650	81
3	0	21	10	-4554550	81
3	0	21	11	22629670	243
3	0	21	12	-10476100	243
3	0	21	13	-1649140	729
3	0	21	14	1829150	729
3	0	21	15	-15890	243
3	0	22	9	4554550	729
3	0	22	11	2070250	81
3	0	22	12	-22492970	729
3	0	22	13	2342960	243
3	0	22	14	553240	729
3	0	22	15	-16990	81
3	0	23	10	-910910	243
3	0	23	12	-2070250	243
3	0	23	13	1716650	243
3	0	23	14	-324380	243
3	0	23	15	-61280	729
3	0	24	11	414050	243
3	0	24	13	159250	81
3	0	24	14	-242810	243
3	0	24	15	62980	729
3	0	25	12	-414050	729
3	0	25	14	-22750	81
3	0	25	15	5330	81
3	0	26	13	31850	243
3	0	26	15	4550	243
3	0	27	14	-4550	243
3	0	28	15	910	729
3	1	0	0	-40	243
3	1	1	1	520	243
3	1	2	0	2860	81
3	1	2	1	10	81
3	1	2	2	-3110	243
3	1	3	0	-200	243
3	1	3	1	-126220	243
3	1	3	2	5	81
3	1	3	3	17510	243
3	1	4	0	12670	81
3	1	4	1	2050	243
3	1	4	2	860440	243
3	1	4	3	-65	81
3	1	4	4	-88900	243
3	1	5	0	4235	81
3	1	5	1	-189670	81
3	1	5	2	2500	243
3	1	5	3	-3507680	243
3	1	5	4	125	9
3	1	5	5	338360	243
3	1	6	0	156280	243
3	1	6	1	-198205	243
3	1	6	2	1324510	81
3	1	6	3	-33100	243
3	1	6	4	9459670	243
3	1	6	5	215	27
3	1	6	6	-881110	243
3	1	7	0	21770	27
3	1	7	1	-2346440	243
3	1	7	2	1521835	243
3	1	7	3	-5526730	81
3	1	7	4	99650	243
3	1	7	5	-17475370	243
3	1	7	6	-14395	81
3	1	7	7	172690	27
3	1	8	0	124250	81
3	1	8	1	-327070	27
3	1	8	2	16439200	243
3	1	8	3	-6632255	243
3	1	8	4	5057150	27
3	1	8	5	52400	243
3	1	8	6	21947210	243
3	1	8	7	26615	81
3	1	8	8	-620620	81
3	1	9	0	449570	243
3	1	9	1	-5584750	243
3	1	9	2	2289950	27
3	1	9	3	-69692320	243
3	1	9	4	17694145	243
3	1	9	5	-9436510	27
3	1	9	6	-143650	27
3	1	9	7	-1954030	27
3	1	9	8	-2270	81
3	1	9	9	1480780	243
3	1	10	0	100060	81
3	1	10	1	-27720	1
3	1	10	2	38982850	243
3	1	10	3	-9715640	27
3	1	10	4	197158400	243
3	1	10	5	-28713685	243
3	1	10	6	3908290	9
3	1	10	7	1298750	81
3	1	10	8	772900	27
3	1	10	9	-20620	27
3	1	10	10	-710710	243
3	1	11	0	29575	81
3	1	11	1	-500540	27
3	1	11	2	5229950	27
3	1	11	3	-167236550	243
3	1	11	4	27490975	27
3	1	11	5	-388740160	243
3	1	11	6	22021790	243
3	1	11	7	-25647050	81
3	1	11	8	-209900	9
3	1	11	9	368140	81
3	1	11	10	122110	81
3	1	11	11	129710	243
3	1	12	1	-147875	27
3	1	12	2	3506780	27
3	1	12	3	-67770230	81
3	1	12	4	490735300	243
3	1	12	5	-53948585	27
3	1	12	6	179767400	81
3	1	12	7	4770920	81
3	1	12	8	3709280	81
3	1	12	9	4023950	243
3	1	12	10	-1971860	243
3	1	12	11	-131950	81
3	1	12	12	51580	243
3	1	13	0	2275	81
3	1	13	2	1035125	27
3	1	13	3	-45635500	81
3	1	13	4	202212890	81
3	1	13	5	-1038412600	243
3	1	13	6	24495355	9
3	1	13	7	-169943960	81
3	1	13	8	-20154470	81
3	1	13	9	13369220	81
3	1	13	10	-80200	243
3	1	13	11	-596020	243
3	1	13	12	89105	81
3	1	13	13	-29360	243
3	1	14	1	-11375	27
3	1	14	3	-13456625	81
3	1	14	4	45682420	27
3	1	14	5	-441257960	81
3	1	14	6	1628043500	243
3	1	14	7	-21840575	9
3	1	14	8	94764520	81
3	1	14	9	8465660	27
3	1	14	10	-14887480	81
3	1	14	11	-2511700	243
3	1	14	12	1659050	243
3	1	14	13	-36055	81
3	1	14	14	1270	243
3	1	15	2	79625	27
3	1	15	4	13456625	27
3	1	15	5	-100584220	27
3	1	15	6	2181529570	243
3	1	15	7	-637208900	81
3	1	15	8	9376960	9
3	1	15	9	-17679880	243
3	1	15	10	-49722890	243
3	1	15	11	7061560	81
3	1	15	12	2316250	243
3	1	15	13	-923350	243
3	1	15	14	7480	81
3	1	15	15	1150	243
3	1	16	3	-1035125	81
3	1	16	5	-29604575	27
3	1	16	6	167712380	27
3	1	16	7	-307104050	27
3	1	16	8	558434450	81
3	1	16	9	14164600	27
3	1	16	10	-122906800	243
3	1	16	11	12052040	243
3	1	16	12	-812960	81
3	1	16	13	-989600	243
3	1	16	14	201130	243
3	1	16	15	-500	81
3	1	17	4	1035125	27
3	1	17	6	148022875	81
3	1	17	7	-23955140	3
3	1	17	8	301564670	27
3	1	17	9	-39737050	9
3	1	17	10	-34510640	27
3	1	17	11	117908240	243
3	1	17	12	6401780	243
3	1	17	13	-776300	81
3	1	17	14	190150	243
3	1	17	15	-9830	243
3	1	18	5	-2277275	27
3	1	18	7	-21146125	9
3	1	18	8	23932700	3
3	1	18	9	-2065668440	243
3	1	18	10	475633450	243
3	1	18	11	29569630	27
3	1	18	12	-58662320	243
3	1	18	13	-6296710	243
3	1	18	14	384080	81
3	1	18	15	-2750	81
3	1	19	6	11386375	81
3	1	19	8	21146125	9
3	1	19	9	-501626620	81
3	1	19	10	134316050	27
3	1	19	11	-125008750	243
3	1	19	12	-15175225	27
3	1	19	13	17199760	243
3	1	19	14	2083165	243
3	1	19	15	-19220	27
3	1	20	7	-1626625	9
3	1	20	9	-148022875	81
3	1	20	10	100016180	27
3	1	20	11	-59376790	27
3	1	20	12	5912600	243
3	1	20	13	4883135	27
3	1	20	14	-2788520	243
3	1	20	15	-264005	243
3	1	21	8	1626625	9
3	1	21	10	29604575	27
3	1	21	11	-45259340	27
3	1	21	12	57618550	81
3	1	21	13	8245700	243
3	1	21	14	-914575	27
3	1	21	15	63560	81
3	1	22	9	-11386375	81
3	1	22	11	-13456625	27
3	1	22	12	44985940	81
3	1	22	13	-12886280	81
3	1	22	14	-2766200	243
3	1	22	15	8495	3
3	1	23	10	2277275	27
3	1	23	12	13456625	81
3	1	23	13	-3433300	27
3	1	23	14	1784090	81
3	1	23	15	306400	243
3	1	24	11	-1035125	27
3	1	24	13	-1035125	27
3	1	24	14	485620	27
3	1	24	15	-346390	243
3	1	25	12	1035125	81
3	1	25	14	147875	27
3	1	25	15	-10660	9
3	1	26	13	-79625	27
3	1	26	15	-29575	81
3	1	27	14	11375	27
3	1	28	15	-2275	81
3	2	0	0	40	243
3	2	1	1	-520	243
3	2	2	0	-7150	81
3	2	2	1	-10	81
3	2	2	2	3110	243
3	2	3	0	560	243
3	2	3	1	315550	243
3	2	3	2	-5	81
3	2	3	3	-17510	243
3	2	4	0	-50680	81
3	2	4	1	-5740	243
3	2	4	2	-2151100	243
3	2	4	3	65	81
3	2	4	4	88900	243
3	2	5	0	-18755	81
3	2	5	1	758710	81
3	2	5	2	-7000	243
3	2	5	3	8769200	243
3	2	5	4	-125	9
3	2	5	5	-338360	243
3	2	6	0	-859900	243
3	2	6	1	877765	243
3	2	6	2	-5298235	81
3	2	6	3	92680	243
3	2	6	4	-23649175	243
3	2	6	5	-215	27
3	2	6	6	881110	243
3	2	7	0	-43540	9
3	2	7	1	12911000	243
3	2	7	2	-6739555	243
3	2	7	3	22113895	81
3	2	7	4	-279020	243
3	2	7	5	43688425	243
3	2	7	6	14395	81
3	2	7	7	-172690	27
3	2	8	0	-863705	81
3	2	8	1	1962620	27
3	2	8	2	-90407590	243
3	2	8	3	29371415	243
3	2	8	4	-20236750	27
3	2	8	5	-146720	243
3	2	8	6	-54868025	243
3	2	8	7	-26615	81
3	2	8	8	620620	81
3	2	9	0	-3392930	243
3	2	9	1	38812135	243
3	2	9	2	-13739360	27
3	2	9	3	383134510	243
3	2	9	4	-78359785	243
3	2	9	5	37749850	27
3	2	9	6	402220	27
3	2	9	7	4885075	27
3	2	9	8	2270	81
3	2	9	9	-1480780	243
3	2	10	0	-809680	81
3	2	10	1	5648540	27
3	2	10	2	-270817780	243
3	2	10	3	58283000	27
3	2	10	4	-1083786560	243
3	2	10	5	127160605	243
3	2	10	6	-15625855	9
3	2	10	7	-3636500	81
3	2	10	8	-1932250	27
3	2	10	9	20620	27
3	2	10	10	710710	243
3	2	11	0	-241150	81
3	2	11	1	4049720	27
3	2	11	2	-4385560	3
3	2	11	3	1161627680	243
3	2	11	4	-164893010	27
3	2	11	5	2137255300	243
3	2	11	6	-97525070	243
3	2	11	7	102480275	81
3	2	11	8	587720	9
3	2	11	9	-920350	81
3	2	11	10	-122110	81
3	2	11	11	-129710	243
3	2	12	1	1205750	27
3	2	12	2	-28364540	27
3	2	12	3	511489340	81
3	2	12	4	-3409816060	243
3	2	12	5	323553950	27
3	2	12	6	-988757870	81
3	2	12	7	-21128360	81
3	2	12	8	-14812805	81
3	2	12	9	-11267060	243
3	2	12	10	4929650	243
3	2	12	11	131950	81
3	2	12	12	-51580	243
3	2	13	0	-15925	81
3	2	13	2	-8440250	27
3	2	13	3	368999500	81
3	2	13	4	-1526544500	81
3	2	13	5	7223380870	243
3	2	13	6	-440693930	27
3	2	13	7	935522030	81
3	2	13	8	89255510	81
3	2	13	9	-53427335	81
3	2	13	10	224560	243
3	2	13	11	1490050	243
3	2	13	12	-89105	81
3	2	13	13	29360	243
3	2	14	1	79625	27
3	2	14	3	109723250	81
3	2	14	4	-369257560	27
3	2	14	5	3332744690	81
3	2	14	6	-11350665995	243
3	2	14	7	130975810	9
3	2	14	8	-522650980	81
3	2	14	9	-37490780	27
3	2	14	10	59584210	81
3	2	14	11	7032760	243
3	2	14	12	-4147625	243
3	2	14	13	36055	81
3	2	14	14	-1270	243
3	2	15	2	-557375	27
3	2	15	4	-109723250	27
3	2	15	5	812822560	27
3	2	15	6	-16489534270	243
3	2	15	7	4460423195	81
3	2	15	8	-56261680	9
3	2	15	9	99784720	243
3	2	15	10	220201370	243
3	2	15	11	-28416040	81
3	2	15	12	-6485500	243
3	2	15	13	2308375	243
3	2	15	14	-7480	81
3	2	15	15	-1150	243
3	2	16	3	7245875	81
3	2	16	5	241391150	27
3	2	16	6	-1355100340	27
3	2	16	7	2323891130	27
3	2	16	8	-3935939945	81
3	2	16	9	-28228840	9
3	2	16	10	678626470	243
3	2	16	11	-53373320	243
3	2	16	12	3440435	81
3	2	16	13	2770880	243
3	2	16	14	-502825	243
3	2	16	15	500	81
3	2	17	4	-7245875	27
3	2	17	6	-1206955750	81
3	2	17	7	193565020	3
3	2	17	8	-2285326010	27
3	2	17	9	850577155	27
3	2	17	10	206586220	27
3	2	17	11	-655052990	243
3	2	17	12	-28350740	243
3	2	17	13	2999135	81
3	2	17	14	-532420	243
3	2	17	15	24575	243
3	2	18	5	15940925	27
3	2	18	7	172422250	9
3	2	18	8	-193441600	3
3	2	18	9	15682746200	243
3	2	18	10	-3478506370	243
3	2	18	11	-177006940	27
3	2	18	12	328663400	243
3	2	18	13	27885430	243
3	2	18	14	-1504940	81
3	2	18	15	7700	81
3	2	19	6	-79704625	81
3	2	19	8	-172422250	9
3	2	19	9	4056993160	81
3	2	19	10	-1021956100	27
3	2	19	11	977607610	243
3	2	19	12	90834430	27
3	2	19	13	-97621420	243
3	2	19	14	-9225445	243
3	2	19	15	75590	27
3	2	20	7	11386375	9
3	2	20	9	1206955750	81
3	2	20	10	-809698340	27
3	2	20	11	452891240	27
3	2	20	12	-89632430	243
3	2	20	13	-29230210	27
3	2	20	14	16156490	243
3	2	20	15	1169165	243
3	2	21	8	-11386375	9
3	2	21	10	-241391150	27
3	2	21	11	366930620	27
3	2	21	12	-440664520	81
3	2	21	13	-42689720	243
3	2	21	14	5476030	27
3	2	21	15	-380990	81
3	2	22	9	79704625	81
3	2	22	11	109723250	27
3	2	22	12	-365426920	81
3	2	22	13	98828690	81
3	2	22	14	16551665	243
3	2	22	15	-458050	27
3	2	23	10	-15940925	27
3	2	23	12	-109723250	81
3	2	23	13	27960400	27
3	2	23	14	-13719650	81
3	2	23	15	-1904635	243
3	2	24	11	7245875	27
3	2	24	13	8440250	27
3	2	24	14	-3967660	27
3	2	24	15	2670010	243
3	2	25	12	-7245875	81
3	2	25	14	-1205750	27
3	2	25	15	262340	27
3	2	26	13	557375	27
3	2	26	15	241150	81
3	2	27	14	-79625	27
3	2	28	15	15925	81
3	3	2	0	2860	27
3	3	3	0	-80	27
3	3	3	1	-126220	81
3	3	4	0	12670	9
3	3	4	1	820	27
3	3	4	2	860440	81
3	3	5	0	15125	27
3	3	5	1	-63230	3
3	3	5	2	1000	27
3	3	5	3	-3507680	81
3	3	6	0	312920	27
3	3	6	1	-707875	81
3	3	6	2	1324640	9
3	3	6	3	-13240	27
3	3	6	4	9459670	81
3	3	7	0	152390	9
3	3	7	1	-4698460	27
3	3	7	2	5435125	81
3	3	7	3	-5531380	9
3	3	7	4	39860	27
3	3	7	5	-17475370	81
3	3	8	0	1218320	27
3	3	8	1	-2290190	9
3	3	8	2	32870390	27
3	3	8	3	-23686625	81
3	3	8	4	15187750	9
3	3	8	5	20960	27
3	3	8	6	21947210	81
3	3	9	0	572540	9
3	3	9	1	-54723040	81
3	3	9	2	1780940	1
3	3	9	3	-139211390	27
3	3	9	4	63193375	81
3	3	9	5	-3146350	1
3	3	9	6	-57460	3
3	3	9	7	-1954030	9
3	3	10	0	432250	9
3	3	10	1	-953170	1
3	3	10	2	381579820	81
3	3	10	3	-22657180	3
3	3	10	4	393732160	27
3	3	10	5	-102548875	81
3	3	10	6	3903420	1
3	3	10	7	519500	9
3	3	10	8	772900	9
3	3	11	0	350350	27
3	3	11	1	-2161250	3
3	3	11	2	6660145	1
3	3	11	3	-1636252820	81
3	3	11	4	192251885	9
3	3	11	5	-776664740	27
3	3	11	6	78649250	81
3	3	11	7	-25575100	9
3	3	11	8	-83960	1
3	3	11	9	368140	27
3	3	12	1	-1751750	9
3	3	12	2	15128750	3
3	3	12	3	-86319095	3
3	3	12	4	4806028840	81
3	3	12	5	-41906515	1
3	3	12	6	359571970	9
3	3	12	7	17039000	27
3	3	12	8	3693070	9
3	3	12	9	1609580	27
3	3	12	10	-1971860	81
3	3	13	2	12262250	9
3	3	13	3	-196673750	9
3	3	13	4	257740025	3
3	3	13	5	-10202096680	81
3	3	13	6	513623845	9
3	3	13	7	-340718170	9
3	3	13	8	-71980250	27
3	3	13	9	13336190	9
3	3	13	10	-32080	27
3	3	13	11	-596020	81
3	3	14	3	-159409250	27
3	3	14	4	196673750	3
3	3	14	5	-563227445	3
3	3	14	6	16097880980	81
3	3	14	7	-152647285	3
3	3	14	8	190975160	9
3	3	14	9	30234500	9
3	3	14	10	-14910340	9
3	3	14	11	-1004680	27
3	3	14	12	1659050	81
3	3	15	4	159409250	9
3	3	15	5	-432682250	3
3	3	15	6	2790943210	9
3	3	15	7	-6371932580	27
3	3	15	8	21879480	1
3	3	15	9	-37905140	27
3	3	15	10	-177581750	81
3	3	15	11	7174760	9
3	3	15	12	926500	27
3	3	15	13	-923350	81
3	3	16	5	-350700350	9
3	3	16	6	2163411250	9
3	3	16	7	-394185440	1
3	3	16	8	5691939680	27
3	3	16	9	98098420	9
3	3	16	10	-248452670	27
3	3	16	11	43043000	81
3	3	16	12	-938690	9
3	3	16	13	-395840	27
3	3	16	14	201130	81
3	3	17	6	1753501750	27
3	3	17	7	-309058750	1
3	3	17	8	388751330	1
3	3	17	9	-1256507920	9
3	3	17	10	-239902810	9
3	3	17	11	242374150	27
3	3	17	12	22863500	81
3	3	17	13	-705590	9
3	3	17	14	76060	27
3	3	17	15	-9830	81
3	3	18	7	-250500250	3
3	3	18	8	309058750	1
3	3	18	9	-2677202000	9
3	3	18	10	5352623380	81
3	3	18	11	22838830	1
3	3	18	12	-123345280	27
3	3	18	13	-22488250	81
3	3	18	14	363160	9
3	3	18	15	-1100	9
3	3	19	8	250500250	3
3	3	19	9	-2163411250	9
3	3	19	10	175187925	1
3	3	19	11	-1660272940	81
3	3	19	12	-11718595	1
3	3	19	13	37422260	27
3	3	19	14	7439875	81
3	3	19	15	-6120	1
3	3	20	9	-1753501750	27
3	3	20	10	432682250	3
3	3	20	11	-78003645	1
3	3	20	12	252102920	81
3	3	20	13	33941845	9
3	3	20	14	-6396670	27
3	3	20	15	-942875	81
3	3	21	10	350700350	9
3	3	21	11	-196673750	3
3	3	21	12	76285885	3
3	3	21	13	22336280	81
3	3	21	14	-706895	1
3	3	21	15	158530	9
3	3	22	11	-159409250	9
3	3	22	12	196673750	9
3	3	22	13	-17198645	3
3	3	22	14	-16415060	81
3	3	22	15	532805	9
3	3	23	12	159409250	27
3	3	23	13	-15128750	3
3	3	23	14	2399600	3
3	3	23	15	2103340	81
3	3	24	13	-12262250	9
3	3	24	14	2161250	3
3	3	24	15	-469030	9
3	3	25	14	1751750	9
3	3	25	15	-432250	9
3	3	26	15	-350350	27
3	4	2	0	-1430	27
3	4	3	0	40	27
3	4	3	1	63110	81
3	4	4	0	-50680	27
3	4	4	1	-410	27
3	4	4	2	-430220	81
3	4	5	0	-21175	27
3	4	5	1	758810	27
3	4	5	2	-500	27
3	4	5	3	1753840	81
3	4	6	0	-24650	1
3	4	6	1	991025	81
3	4	6	2	-196255	1
3	4	6	3	6620	27
3	4	6	4	-4729835	81
3	4	7	0	-1023190	27
3	4	7	1	3331150	9
3	4	7	2	-7609175	81
3	4	7	3	22137145	27
3	4	7	4	-19930	27
3	4	7	5	8737685	81
3	4	8	0	-3474290	27
3	4	8	1	15381190	27
3	4	8	2	-23278780	9
3	4	8	3	33161275	81
3	4	8	4	-60791750	27
3	4	8	5	-10480	27
3	4	8	6	-10973605	81
3	4	9	0	-5237680	27
3	4	9	1	155960630	81
3	4	9	2	-35870840	9
3	4	9	3	32837540	3
3	4	9	4	-88470725	81
3	4	9	5	37762550	9
3	4	9	6	28730	3
3	4	9	7	977015	9
3	4	10	0	-4101200	27
3	4	10	1	78478460	27
3	4	10	2	-1086509690	81
3	4	10	3	152050900	9
3	4	10	4	-278571520	9
3	4	10	5	143568425	81
3	4	10	6	-15601505	3
3	4	10	7	-259750	9
3	4	10	8	-386450	9
3	4	11	0	-807625	27
3	4	11	1	20496100	9
3	4	11	2	-548325910	27
3	4	11	3	4657258990	81
3	4	11	4	-1289724445	27
3	4	11	5	183229400	3
3	4	11	6	-110108950	81
3	4	11	7	11346725	3
3	4	11	8	41980	1
3	4	11	9	-184070	27
3	4	12	1	4038125	9
3	4	12	2	-143348950	9
3	4	12	3	2369277070	27
3	4	12	4	-13690928180	81
3	4	12	5	843154025	9
3	4	12	6	-254717290	3
3	4	12	7	-23854600	27
3	4	12	8	-4910585	9
3	4	12	9	-804790	27
3	4	12	10	985930	81
3	4	13	0	207025	27
3	4	13	2	-28266875	9
3	4	13	3	1861582750	27
3	4	13	4	-7078984850	27
3	4	13	5	29143142360	81
3	4	13	6	-3443945585	27
3	4	13	7	725398330	9
3	4	13	8	100772350	27
3	4	13	9	-53262185	27
3	4	13	10	16040	27
3	4	13	11	298010	81
3	4	14	1	-1035125	9
3	4	14	3	367469375	27
3	4	14	4	-1859647300	9
3	4	14	5	15489571570	27
3	4	14	6	-46239640060	81
3	4	14	7	1023497045	9
3	4	14	8	-408212330	9
3	4	14	9	-42328300	9
3	4	14	10	59698510	27
3	4	14	11	502340	27
3	4	14	12	-829525	81
3	4	15	2	7245875	9
3	4	15	4	-367469375	9
3	4	15	5	4087804600	9
3	4	15	6	-8546255740	9
3	4	15	7	18478223860	27
3	4	15	8	-146904520	3
3	4	15	9	28251790	9
3	4	15	10	248614450	81
3	4	15	11	-9660680	9
3	4	15	12	-463250	27
3	4	15	13	461675	81
3	4	16	3	-94196375	27
3	4	16	5	808432625	9
3	4	16	6	-20430111350	27
3	4	16	7	10895878840	9
3	4	16	8	-16768440010	27
3	4	16	9	-652338140	27
3	4	16	10	59147080	3
3	4	16	11	-60260200	81
3	4	16	12	4069085	27
3	4	16	13	197920	27
3	4	16	14	-100565	81
3	4	17	4	94196375	9
3	4	17	6	-4042163125	27
3	4	17	7	2919054050	3
3	4	17	8	-10787613980	9
3	4	17	9	11401712770	27
3	4	17	10	1600745990	27
3	4	17	11	-175294480	9
3	4	17	12	-32008900	81
3	4	17	13	2645585	27
3	4	17	14	-38030	27
3	4	17	15	4915	81
3	4	18	5	-207232025	9
3	4	18	7	577451875	3
3	4	18	8	-2921831000	3
3	4	18	9	24882510400	27
3	4	18	10	-16973577410	81
3	4	18	11	-457163410	9
3	4	18	12	90686500	9
3	4	18	13	31483550	81
3	4	18	14	-466780	9
3	4	18	15	550	9
3	4	19	6	1036160125	27
3	4	19	8	-577451875	3
3	4	19	9	20492420300	27
3	4	19	10	-14736509150	27
3	4	19	11	5812909430	81
3	4	19	12	234527545	9
3	4	19	13	-28172740	9
3	4	19	14	-10415825	81
3	4	19	15	71290	9
3	4	20	7	-148022875	3
3	4	20	9	4042163125	27
3	4	20	10	-4111236250	9
3	4	20	11	6602812510	27
3	4	20	12	-1200675640	81
3	4	20	13	-226454645	27
3	4	20	14	4982530	9
3	4	20	15	1320025	81
3	4	21	8	148022875	3
3	4	21	10	-808432625	9
3	4	21	11	1877099350	9
3	4	21	12	-2166945610	27
3	4	21	13	81518540	81
3	4	21	14	14158945	9
3	4	21	15	-388790	9
3	4	22	9	-1036160125	27
3	4	22	11	367469375	9
3	4	22	12	-1888377100	27
3	4	22	13	491872370	27
3	4	22	14	20236120	81
3	4	22	15	-3563125	27
3	4	23	10	207232025	9
3	4	23	12	-367469375	27
3	4	23	13	146380000	9
3	4	23	14	-69071800	27
3	4	23	15	-3762080	81
3	4	24	11	-94196375	9
3	4	24	13	28266875	9
3	4	24	14	-21111550	9
3	4	24	15	1508420	9
3	4	25	12	94196375	27
3	4	25	14	-4038125	9
3	4	25	15	4271150	27
3	4	26	13	-7245875	9
3	4	26	15	807625	27
3	4	27	14	1035125	9
3	4	28	15	-207025	27
3	5	4	0	12670	9
3	5	5	0	605	1
3	5	5	1	-189710	9
3	5	6	0	313480	9
3	5	6	1	-28315	3
3	5	6	2	441590	3
3	5	7	0	500710	9
3	5	7	1	-4707140	9
3	5	7	2	217405	3
3	5	7	3	-5536030	9
3	5	8	0	775720	3
3	5	8	1	-7529110	9
3	5	8	2	32857930	9
3	5	8	3	-947465	3
3	5	8	4	15204050	9
3	5	9	0	3726170	9
3	5	9	1	-11599280	3
3	5	9	2	17552600	3
3	5	9	3	-138941890	9
3	5	9	4	2527735	3
3	5	9	5	-9441590	3
3	5	10	0	2969240	9
3	5	10	1	-55831510	9
3	5	10	2	80721410	3
3	5	10	3	-74369140	3
3	5	10	4	392822720	9
3	5	10	5	-4101955	3
3	5	10	6	3898550	1
3	5	11	0	15925	1
3	5	11	1	-14830360	3
3	5	11	2	390066425	9
3	5	11	3	-115283850	1
3	5	11	4	630575125	9
3	5	11	5	-775396060	9
3	5	11	6	3145970	3
3	5	11	7	-8501050	3
3	5	12	1	-238875	1
3	5	12	2	103614520	3
3	5	12	3	-1685788265	9
3	5	12	4	1017697340	3
3	5	12	5	-412115585	3
3	5	12	6	359629790	3
3	5	12	7	681560	1
3	5	12	8	408540	1
3	5	13	0	-455455	9
3	5	13	2	1672125	1
3	5	13	3	-1343863000	9
3	5	13	4	5040615895	9
3	5	13	5	-2173267580	3
3	5	13	6	1682949545	9
3	5	13	7	-342009670	3
3	5	13	8	-2879210	1
3	5	13	9	13303160	9
3	5	14	1	2277275	3
3	5	14	3	-7245875	1
3	5	14	4	1340766280	3
3	5	14	5	-11046093905	9
3	5	14	6	3470134910	3
3	5	14	7	-500134925	3
3	5	14	8	193224680	3
3	5	14	9	3628140	1
3	5	14	10	-14933200	9
3	5	15	2	-15940925	3
3	5	15	4	21737625	1
3	5	15	5	-2944214680	3
3	5	15	6	6109397140	3
3	5	15	7	-1401763990	1
3	5	15	8	71889160	1
3	5	15	9	-41864620	9
3	5	15	10	-7103270	3
3	5	15	11	2429320	3
3	5	16	3	207232025	9
3	5	16	5	-47822775	1
3	5	16	6	14706814760	9
3	5	16	7	-7815765650	3
3	5	16	8	1294308400	1
3	5	16	9	316000700	9
3	5	16	10	-252557890	9
3	5	16	11	1721720	3
3	5	16	12	-1064420	9
3	5	17	4	-207232025	3
3	5	17	6	79704625	1
3	5	17	7	-2101720280	1
3	5	17	8	7772555560	3
3	5	17	9	-2714561080	3
3	5	17	10	-778222070	9
3	5	17	11	252574970	9
3	5	17	12	914540	3
3	5	17	13	-634880	9
3	5	18	5	455910455	3
3	5	18	7	-102477375	1
3	5	18	8	2106163400	1
3	5	18	9	-18025339640	9
3	5	18	10	1410792350	3
3	5	18	11	222249730	3
3	5	18	12	-132710720	9
3	5	18	13	-899530	3
3	5	18	14	114080	3
3	5	19	6	-2279552275	9
3	5	19	8	102477375	1
3	5	19	9	-14806509080	9
3	5	19	10	10742479825	9
3	5	19	11	-525688130	3
3	5	19	12	-113993425	3
3	5	19	13	42124300	9
3	5	19	14	297595	3
3	5	19	15	-17500	3
3	5	20	7	325650325	1
3	5	20	9	-79704625	1
3	5	20	10	2981705320	3
3	5	20	11	-4846679285	9
3	5	20	12	43646020	1
3	5	20	13	110082605	9
3	5	20	14	-7671650	9
3	5	20	15	-37715	3
3	5	21	8	-325650325	1
3	5	21	10	47822775	1
3	5	21	11	-1368689560	3
3	5	21	12	1602256775	9
3	5	21	13	-18599900	3
3	5	21	14	-6888025	3
3	5	21	15	69130	1
3	5	22	9	2279552275	9
3	5	22	11	-21737625	1
3	5	22	12	1386733960	9
3	5	22	13	-366359665	9
3	5	22	14	787490	3
3	5	22	15	1736365	9
3	5	23	10	-455910455	3
3	5	23	12	7245875	1
3	5	23	13	-108464200	3
3	5	23	14	51799370	9
3	5	23	15	87010	3
3	5	24	11	207232025	3
3	5	24	13	-1672125	1
3	5	24	14	15815080	3
3	5	24	15	-379260	1
3	5	25	12	-207232025	9
3	5	25	14	238875	1
3	5	25	15	-3241160	9
3	5	26	13	15940925	3
3	5	26	15	-15925	1
3	5	27	14	-2277275	3
3	5	28	15	455455	9
3	6	4	0	-12670	27
3	6	5	0	-605	3
3	6	5	1	189710	27
3	6	6	0	-862700	27
3	6	6	1	28315	9
3	6	6	2	-441590	9
3	6	7	0	-1415050	27
3	6	7	1	12954400	27
3	6	7	2	-217405	9
3	6	7	3	5536030	27
3	6	8	0	-10027930	27
3	6	8	1	21282850	27
3	6	8	2	-90345290	27
3	6	8	3	947465	9
3	6	8	4	-15204050	27
3	6	9	0	-16922710	27
3	6	9	1	16648730	3
3	6	9	2	-49602380	9
3	6	9	3	381787010	27
3	6	9	4	-2527735	9
3	6	9	5	9441590	9
3	6	10	0	-13372730	27
3	6	10	1	253566530	27
3	6	10	2	-347200070	9
3	6	10	3	210084580	9
3	6	10	4	-1079239360	27
3	6	10	5	4101955	9
3	6	10	6	-3898550	3
3	6	11	0	3230500	27
3	6	11	1	66752770	9
3	6	11	2	-1771419475	27
3	6	11	3	4460645510	27
3	6	11	4	-1780757515	27
3	6	11	5	2130911900	27
3	6	11	6	-3145970	9
3	6	11	7	8501050	9
3	6	12	1	-16152500	9
3	6	12	2	-465883390	9
3	6	12	3	7657289395	27
3	6	12	4	-1459919380	3
3	6	12	5	1163544095	9
3	6	12	6	-989046970	9
3	6	12	7	-681560	3
3	6	12	8	-136180	1
3	6	13	0	4554550	27
3	6	13	2	113067500	9
3	6	13	3	6034603750	27
3	6	13	4	-22913294285	27
3	6	13	5	9384031280	9
3	6	13	6	-4750677635	27
3	6	13	7	941979530	9
3	6	13	8	2879210	3
3	6	13	9	-13303160	27
3	6	14	1	-22772750	9
3	6	14	3	-1469877500	27
3	6	14	4	-6012926710	9
3	6	14	5	50289908515	27
3	6	14	6	-45245734840	27
3	6	14	7	1411757315	9
3	6	14	8	-533898580	9
3	6	14	9	-1209380	1
3	6	14	10	14933200	27
3	6	15	2	159409250	9
3	6	15	4	1469877500	9
3	6	15	5	13190140810	9
3	6	15	6	-27882890420	9
3	6	15	7	2053041360	1
3	6	15	8	-203164360	3
3	6	15	9	119582120	27
3	6	15	10	7103270	9
3	6	15	11	-2429320	9
3	6	16	3	-2072320250	27
3	6	16	5	-3233730500	9
3	6	16	6	-65850893570	27
3	6	16	7	35793892750	9
3	6	16	8	-5784745330	3
3	6	16	9	-885623180	27
3	6	16	10	699152570	27
3	6	16	11	-1721720	9
3	6	16	12	1064420	27
3	6	17	4	2072320250	9
3	6	17	6	16168652500	27
3	6	17	7	9412497710	3
3	6	17	8	-35754414080	9
3	6	17	9	37360562890	27
3	6	17	10	2187548870	27
3	6	17	11	-706057090	27
3	6	17	12	-914540	9
3	6	17	13	634880	27
3	6	18	5	-4559104550	9
3	6	18	7	-2309807500	3
3	6	18	8	-9443599550	3
3	6	18	9	83363554120	27
3	6	18	10	-2246671010	3
3	6	18	11	-624721030	9
3	6	18	12	375490600	27
3	6	18	13	899530	9
3	6	18	14	-114080	9
3	6	19	6	22795522750	27
3	6	19	8	2309807500	3
3	6	19	9	66548753810	27
3	6	19	10	-49987258475	27
3	6	19	11	2682047090	9
3	6	19	12	320372815	9
3	6	19	13	-121131620	27
3	6	19	14	-297595	9
3	6	19	15	17500	9
3	6	20	7	-3256503250	3
3	6	20	9	-16168652500	27
3	6	20	10	-13452575290	9
3	6	20	11	22703962855	27
3	6	20	12	-2251327760	27
3	6	20	13	-309411875	27
3	6	20	14	22531390	27
3	6	20	15	37715	9
3	6	21	8	3256503250	3
3	6	21	10	3233730500	9
3	6	21	11	6208389670	9
3	6	21	12	-7558012525	27
3	6	21	13	45426940	3
3	6	21	14	19372315	9
3	6	21	15	-208430	3
3	6	22	9	-22795522750	27
3	6	22	11	-1469877500	9
3	6	22	12	-6334700470	27
3	6	22	13	1740046595	27
3	6	22	14	-13665740	9
3	6	22	15	-4890355	27
3	6	23	10	4559104550	9
3	6	23	12	1469877500	27
3	6	23	13	499831150	9
3	6	23	14	-247586710	27
3	6	23	15	1468180	27
3	6	24	11	-2072320250	9
3	6	24	13	-113067500	9
3	6	24	14	-73645810	9
3	6	24	15	607460	1
3	6	25	12	2072320250	27
3	6	25	14	16152500	9
3	6	25	15	15276170	27
3	6	26	13	-159409250	9
3	6	26	15	-3230500	27
3	6	27	14	22772750	9
3	6	28	15	-4554550	27
3	7	6	0	156920	9
3	7	7	0	87080	3
3	7	7	1	-2356360	9
3	7	8	0	3397040	9
3	7	8	1	-1309880	3
3	7	8	2	16424960	9
3	7	9	0	5986060	9
3	7	9	1	-16908320	3
3	7	9	2	3052360	1
3	7	9	3	-69384320	9
3	7	10	0	1495040	3
3	7	10	1	-89694920	9
3	7	10	2	39139020	1
3	7	10	3	-12925280	1
3	7	10	4	196119040	9
3	7	11	0	-3812900	9
3	7	11	1	-7459360	1
3	7	11	2	626571520	9
3	7	11	3	-1507852180	9
3	7	11	4	109541180	3
3	7	11	5	-387290240	9
3	7	12	1	19064500	3
3	7	12	2	52017520	1
3	7	12	3	-2708971240	9
3	7	12	4	1481921720	3
3	7	12	5	-71564620	1
3	7	12	6	179833480	3
3	7	13	0	-325325	1
3	7	13	2	-133451500	3
3	7	13	3	-673102000	3
3	7	13	4	8111751800	9
3	7	13	5	-1061653480	1
3	7	13	6	292164580	3
3	7	13	7	-171419960	3
3	7	14	1	4879875	1
3	7	14	3	1734869500	9
3	7	14	4	670005280	1
3	7	14	5	-17828145940	9
3	7	14	6	15448800020	9
3	7	14	7	-86821180	1
3	7	14	8	97335400	3
3	7	15	2	-34159125	1
3	7	15	4	-1734869500	3
3	7	15	5	-1468540480	1
3	7	15	6	9906381980	3
3	7	15	7	-2123792140	1
3	7	15	8	37507200	1
3	7	15	9	-22205000	9
3	7	16	3	148022875	1
3	7	16	5	3816712900	3
3	7	16	6	7328443760	3
3	7	16	7	-12756008980	3
3	7	16	8	2024833440	1
3	7	16	9	54249760	3
3	7	16	10	-127598480	9
3	7	17	4	-444068625	1
3	7	17	6	-19083564500	9
3	7	17	7	-3143001840	1
3	7	17	8	12791847860	3
3	7	17	9	-13369256720	9
3	7	17	10	-134221600	3
3	7	17	11	129566320	9
3	7	18	5	976950975	1
3	7	18	7	2726223500	1
3	7	18	8	3156331200	1
3	7	18	9	-29964682000	9
3	7	18	10	2490920540	3
3	7	18	11	38330600	1
3	7	18	12	-69365680	9
3	7	19	6	-1628251625	1
3	7	19	8	-2726223500	1
3	7	19	9	-7428138080	3
3	7	19	10	18063009800	9
3	7	19	11	-346523340	1
3	7	19	12	-19655180	1
3	7	19	13	22573520	9
3	7	20	7	2093466375	1
3	7	20	9	19083564500	9
3	7	20	10	1506031120	1
3	7	20	11	-8251023520	9
3	7	20	12	938243080	9
3	7	20	13	18983740	3
3	7	20	14	-4245640	9
3	7	21	8	-2093466375	1
3	7	21	10	-3816712900	3
3	7	21	11	-697928560	1
3	7	21	12	2762837920	9
3	7	21	13	-63808760	3
3	7	21	14	-1188980	1
3	7	21	15	39800	1
3	7	22	9	1628251625	1
3	7	22	11	1734869500	3
3	7	22	12	715972960	3
3	7	22	13	-639712340	9
3	7	22	14	2619340	1
3	7	22	15	300380	3
3	7	23	10	-976950975	1
3	7	23	12	-1734869500	9
3	7	23	13	-56867200	1
3	7	23	14	91497700	9
3	7	23	15	-1312340	9
3	7	24	11	444068625	1
3	7	24	13	133451500	3
3	7	24	14	8444080	1
3	7	24	15	-676380	1
3	7	25	12	-148022875	1
3	7	25	14	-19064500	3
3	7	25	15	-1766960	3
3	7	26	13	34159125	1
3	7	26	15	3812900	9
3	7	27	14	-4879875	1
3	7	28	15	325325	1
3	8	6	0	-39230	9
3	8	7	0	-21770	3
3	8	7	1	589090	9
3	8	8	0	-2345285	9
3	8	8	1	327470	3
3	8	8	2	-4106240	9
3	8	9	0	-4266040	9
3	8	9	1	11667155	3
3	8	9	2	-763090	1
3	8	9	3	17346080	9
3	8	10	0	-907100	3
3	8	10	1	63922730	9
3	8	10	2	-26984880	1
3	8	10	3	3231320	1
3	8	10	4	-49029760	9
3	8	11	0	6686225	9
3	8	11	1	4525600	1
3	8	11	2	-446516905	9
3	8	11	3	1039245820	9
3	8	11	4	-27385295	3
3	8	11	5	96822560	9
3	8	12	1	-33431125	3
3	8	12	2	-31555450	1
3	8	12	3	1930777885	9
3	8	12	4	-1022146580	3
3	8	12	5	17891155	1
3	8	12	6	-44958370	3
3	8	13	0	325325	1
3	8	13	2	234017875	3
3	8	13	3	408267250	3
3	8	13	4	-5784528275	9
3	8	13	5	734055970	1
3	8	13	6	-73041145	3
3	8	13	7	42854990	3
3	8	14	1	-4879875	1
3	8	14	3	-3042232375	9
3	8	14	4	-406331800	1
3	8	14	5	12726570835	9
3	8	14	6	-10732010705	9
3	8	14	7	21705295	1
3	8	14	8	-24333850	3
3	8	15	2	34159125	1
3	8	15	4	3042232375	3
3	8	15	5	890510500	1
3	8	15	6	-7083325370	3
3	8	15	7	1486631035	1
3	8	15	8	-9376800	1
3	8	15	9	5551250	9
3	8	16	3	-148022875	1
3	8	16	5	-6692911225	3
3	8	16	6	-4443640850	3
3	8	16	7	9141825220	3
3	8	16	8	-1433522685	1
3	8	16	9	-13562440	3
3	8	16	10	31899620	9
3	8	17	4	444068625	1
3	8	17	6	33464556125	9
3	8	17	7	1905817650	1
3	8	17	8	-9194250890	3
3	8	17	9	9619285205	9
3	8	17	10	33555400	3
3	8	17	11	-32391580	9
3	8	18	5	-976950975	1
3	8	18	7	-4780650875	1
3	8	18	8	-1914148500	1
3	8	18	9	21611946400	9
3	8	18	10	-1833087710	3
3	8	18	11	-9582650	1
3	8	18	12	17341420	9
3	8	19	6	1628251625	1
3	8	19	8	4780650875	1
3	8	19	9	4505949800	3
3	8	19	10	-13078522325	9
3	8	19	11	263075610	1
3	8	19	12	4913795	1
3	8	19	13	-5643380	9
3	8	20	7	-2093466375	1
3	8	20	9	-33464556125	9
3	8	20	10	-913942150	1
3	8	20	11	5998934005	9
3	8	20	12	-743609770	9
3	8	20	13	-4745935	3
3	8	20	14	1061410	9
3	8	21	8	2093466375	1
3	8	21	10	6692911225	3
3	8	21	11	423783850	1
3	8	21	12	-2017201255	9
3	8	21	13	53684240	3
3	8	21	14	297245	1
3	8	21	15	-9950	1
3	8	22	9	-1628251625	1
3	8	22	11	-3042232375	3
3	8	22	12	-435061600	3
3	8	22	13	468966035	9
3	8	22	14	-2395885	1
3	8	22	15	-75095	3
3	8	23	10	976950975	1
3	8	23	12	3042232375	9
3	8	23	13	34586500	1
3	8	23	14	-67322500	9
3	8	23	15	1350935	9
3	8	24	11	-444068625	1
3	8	24	13	-234017875	3
3	8	24	14	-5141050	1
3	8	24	15	499170	1
3	8	25	12	148022875	1
3	8	25	14	33431125	3
3	8	25	15	1077050	3
3	8	26	13	-34159125	1
3	8	26	15	-6686225	9
3	8	27	14	4879875	1
3	8	28	15	-325325	1
3	9	8	0	332450	3
3	9	9	0	205150	1
3	9	9	1	-1653350	1
3	9	10	0	68250	1
3	9	10	1	-3074000	1
3	9	10	2	11466750	1
3	9	11	0	-2400125	3
3	9	11	1	-1023750	1
3	9	11	2	21472150	1
3	9	11	3	-147173950	3
3	9	12	1	12000625	1
3	9	12	2	7166250	1
3	9	12	3	-92854450	1
3	9	12	4	144814700	1
3	9	13	2	-84004375	1
3	9	13	3	-31053750	1
3	9	13	4	278265950	1
3	9	13	5	-312428400	1
3	9	14	3	1092056875	3
3	9	14	4	93161250	1
3	9	14	5	-612558100	1
3	9	14	6	1526624600	3
3	9	15	4	-1092056875	1
3	9	15	5	-204954750	1
3	9	15	6	1023717750	1
3	9	15	7	-637122000	1
3	9	16	5	2402525125	1
3	9	16	6	341591250	1
3	9	16	7	-1322849550	1
3	9	16	8	618209550	1
3	9	17	6	-12012625625	3
3	9	17	7	-439188750	1
3	9	17	8	1332508650	1
3	9	17	9	-1394882450	3
3	9	18	7	5148268125	1
3	9	18	8	439188750	1
3	9	18	9	-1045983400	1
3	9	18	10	268968350	1
3	9	19	8	-5148268125	1
3	9	19	9	-341591250	1
3	9	19	10	634279250	1
3	9	19	11	-117629850	1
3	9	20	9	12012625625	3
3	9	20	10	204954750	1
3	9	20	11	-291568750	1
3	9	20	12	113122000	3
3	9	21	10	-2402525125	1
3	9	21	11	-93161250	1
3	9	21	12	98258650	1
3	9	21	13	-8384900	1
3	9	22	11	1092056875	1
3	9	22	12	31053750	1
3	9	22	13	-22891700	1
3	9	22	14	1160700	1
3	9	23	12	-1092056875	3
3	9	23	13	-7166250	1
3	9	23	14	3292450	1
3	9	23	15	-227300	3
3	9	24	13	84004375	1
3	9	24	14	1023750	1
3	9	24	15	-220050	1
3	9	25	14	-12000625	1
3	9	25	15	-68250	1
3	9	26	15	2400125	3
3	10	8	0	-66490	3
3	10	9	0	-41030	1
3	10	9	1	330670	1
3	10	10	0	36620	1
3	10	10	1	614800	1
3	10	10	2	-2293350	1
3	10	11	0	1606150	3
3	10	11	1	-545340	1
3	10	11	2	-4294430	1
3	10	11	3	29434790	3
3	10	12	1	-8030750	1
3	10	12	2	3767880	1
3	10	12	3	18570890	1
3	10	12	4	-28962940	1
3	10	13	0	-455455	1
3	10	13	2	56215250	1
3	10	13	3	-16067000	1
3	10	13	4	-55653190	1
3	10	13	5	62485680	1
3	10	14	1	6831825	1
3	10	14	3	-730798250	3
3	10	14	4	47426820	1
3	10	14	5	122511620	1
3	10	14	6	-305324920	3
3	10	15	2	-47822775	1
3	10	15	4	730798250	1
3	10	15	5	-102971220	1
3	10	15	6	-204743550	1
3	10	15	7	127424400	1
3	10	16	3	207232025	1
3	10	16	5	-1607756150	1
3	10	16	6	170430480	1
3	10	16	7	264569910	1
3	10	16	8	-123641910	1
3	10	17	4	-621696075	1
3	10	17	6	8038780750	3
3	10	17	7	-219684960	1
3	10	17	8	-266501730	1
3	10	17	9	278976490	3
3	10	18	5	1367731365	1
3	10	18	7	-3445191750	1
3	10	18	8	223017300	1
3	10	18	9	209196680	1
3	10	18	10	-53793670	1
3	10	19	6	-2279552275	1
3	10	19	8	3445191750	1
3	10	19	9	-178738340	1
3	10	19	10	-126855850	1
3	10	19	11	23525970	1
3	10	20	7	2930852925	1
3	10	20	9	-8038780750	3
3	10	20	10	112343880	1
3	10	20	11	58313750	1
3	10	20	12	-22624400	3
3	10	21	8	-2930852925	1
3	10	21	10	1607756150	1
3	10	21	11	-54407640	1
3	10	21	12	-19651730	1
3	10	21	13	1676980	1
3	10	22	9	2279552275	1
3	10	22	11	-730798250	1
3	10	22	12	19639580	1
3	10	22	13	4578340	1
3	10	22	14	-232140	1
3	10	23	10	-1367731365	1
3	10	23	12	730798250	3
3	10	23	13	-4980300	1
3	10	23	14	-658490	1
3	10	23	15	45460	3
3	10	24	11	621696075	1
3	10	24	13	-56215250	1
3	10	24	14	791520	1
3	10	24	15	44010	1
3	10	25	12	-207232025	1
3	10	25	14	8030750	1
3	10	25	15	-59280	1
3	10	26	13	47822775	1
3	10	26	15	-1606150	3
3	10	27	14	-6831825	1
3	10	28	15	455455	1
3	11	10	0	-27420	1
3	11	11	0	-204750	1
3	11	11	1	409140	1
3	11	12	1	3071250	1
3	11	12	2	-2836980	1
3	11	13	0	621075	1
3	11	13	2	-21498750	1
3	11	13	3	12151500	1
3	11	14	1	-9316125	1
3	11	14	3	93161250	1
3	11	14	4	-36032220	1
3	11	15	2	65212875	1
3	11	15	4	-279483750	1
3	11	15	5	78524820	1
3	11	16	3	-282589125	1
3	11	16	5	614864250	1
3	11	16	6	-130226580	1
3	11	17	4	847767375	1
3	11	17	6	-1024773750	1
3	11	17	7	167739660	1
3	11	18	5	-1865088225	1
3	11	18	7	1317566250	1
3	11	18	8	-169557300	1
3	11	19	6	3108480375	1
3	11	19	8	-1317566250	1
3	11	19	9	134758140	1
3	11	20	7	-3996617625	1
3	11	20	9	1024773750	1
3	11	20	10	-83637180	1
3	11	21	8	3996617625	1
3	11	21	10	-614864250	1
3	11	21	11	39839940	1
3	11	22	9	-3108480375	1
3	11	22	11	279483750	1
3	11	22	12	-14100180	1
3	11	23	10	1865088225	1
3	11	23	12	-93161250	1
3	11	23	13	3498300	1
3	11	24	11	-847767375	1
3	11	24	13	21498750	1
3	11	24	14	-543420	1
3	11	25	12	282589125	1
3	11	25	14	-3071250	1
3	11	25	15	39780	1
3	11	26	13	-65212875	1
3	11	26	15	204750	1
3	11	27	14	9316125	1
3	11	28	15	-621075	1
3	12	10	0	4570	1
3	12	11	0	34125	1
3	12	11	1	-68190	1
3	12	12	1	-511875	1
3	12	12	2	472830	1
3	12	13	0	-414050	1
3	12	13	2	3583125	1
3	12	13	3	-2025250	1
3	12	14	1	6210750	1
3	12	14	3	-15526875	1
3	12	14	4	6005370	1
3	12	15	2	-43475250	1
3	12	15	4	46580625	1
3	12	15	5	-13087470	1
3	12	16	3	188392750	1
3	12	16	5	-102477375	1
3	12	16	6	21704430	1
3	12	17	4	-565178250	1
3	12	17	6	170795625	1
3	12	17	7	-27956610	1
3	12	18	5	1243392150	1
3	12	18	7	-219594375	1
3	12	18	8	28259550	1
3	12	19	6	-2072320250	1
3	12	19	8	219594375	1
3	12	19	9	-22459690	1
3	12	20	7	2664411750	1
3	12	20	9	-170795625	1
3	12	20	10	13939530	1
3	12	21	8	-2664411750	1
3	12	21	10	102477375	1
3	12	21	11	-6639990	1
3	12	22	9	2072320250	1
3	12	22	11	-46580625	1
3	12	22	12	2350030	1
3	12	23	10	-1243392150	1
3	12	23	12	15526875	1
3	12	23	13	-583050	1
3	12	24	11	565178250	1
3	12	24	13	-3583125	1
3	12	24	14	90570	1
3	12	25	12	-188392750	1
3	12	25	14	511875	1
3	12	25	15	-6630	1
3	12	26	13	43475250	1
3	12	26	15	-34125	1
3	12	27	14	-6210750	1
3	12	28	15	414050	1
3	13	13	0	143325	1
3	13	14	1	-2149875	1
3	13	15	2	15049125	1
3	13	16	3	-65212875	1
3	13	17	4	195638625	1
3	13	18	5	-430404975	1
3	13	19	6	717341625	1
3	13	20	7	-922296375	1
3	13	21	8	922296375	1
3	13	22	9	-717341625	1
3	13	23	10	430404975	1
3	13	24	11	-195638625	1
3	13	25	12	65212875	1
3	13	26	13	-15049125	1
3	13	27	14	2149875	1
3	13	28	15	-143325	1
3	14	13	0	-20475	1
3	14	14	1	307125	1
3	14	15	2	-2149875	1
3	14	16	3	9316125	1
3	14	17	4	-27948375	1
3	14	18	5	61486425	1
3	14	19	6	-102477375	1
3	14	20	7	131756625	1
3	14	21	8	-131756625	1
3	14	22	9	102477375	1
3	14	23	10	-61486425	1
3	14	24	11	27948375	1
3	14	25	12	-9316125	1
3	14	26	13	2149875	1
3	14	27	14	-307125	1
3	14	28	15	20475	1
4	0	0	0	-370	729
4	0	0	2	10	243
4	0	1	0	10	729
4	0	1	1	5090	729
4	0	1	3	-170	243
4	0	2	0	11300	729
4	0	2	1	10	243
4	0	2	2	-32080	729
4	0	2	4	4435	972
4	0	3	0	-520	729
4	0	3	1	-54790	243
4	0	3	2	320	729
4	0	3	3	135250	729
4	0	3	5	-33905	1944
4	0	4	0	31870	729
4	0	4	1	5780	729
4	0	4	2	1109440	729
4	0	4	3	-1300	243
4	0	4	4	-436910	729
4	0	4	6	1330	27
4	0	5	0	5960	729
4	0	5	1	-159290	243
4	0	5	2	-15580	729
4	0	5	3	-4502945	729
4	0	5	4	9650	243
4	0	5	5	1129720	729
4	0	5	7	-1705565	15552
4	0	6	0	104120	729
4	0	6	1	-31960	243
4	0	6	2	3339350	729
4	0	6	3	1780	729
4	0	6	4	4055170	243
4	0	6	5	-32930	243
4	0	6	6	-759610	243
4	0	6	8	933185	5184
4	0	7	0	115580	729
4	0	7	1	-1563430	729
4	0	7	2	797410	729
4	0	7	3	-4682590	243
4	0	7	4	118090	729
4	0	7	5	-22846060	729
4	0	7	6	165170	729
4	0	7	7	1135450	243
4	0	7	9	-6051395	31104
4	0	8	0	215480	729
4	0	8	1	-1739680	729
4	0	8	2	10955120	729
4	0	8	3	-3817730	729
4	0	8	4	4364510	81
4	0	8	5	-362810	729
4	0	8	6	10028000	243
4	0	8	7	-39710	243
4	0	8	8	-133540	27
4	0	8	10	7367725	62208
4	0	9	0	27100	81
4	0	9	1	-1075900	243
4	0	9	2	12192590	729
4	0	9	3	-46667690	729
4	0	9	4	3803870	243
4	0	9	5	-8456500	81
4	0	9	6	83030	243
4	0	9	7	-9032590	243
4	0	9	8	-42740	729
4	0	9	9	2598280	729
4	0	9	11	-7828735	248832
4	0	10	0	49970	243
4	0	10	1	-1217080	243
4	0	10	2	22515100	729
4	0	10	3	-51964370	729
4	0	10	4	133583140	729
4	0	10	5	-22082230	729
4	0	10	6	102493220	729
4	0	10	7	117890	81
4	0	10	8	5079110	243
4	0	10	9	169720	729
4	0	10	10	-1206650	729
4	0	10	12	1117105	62208
4	0	11	0	4550	81
4	0	11	1	-250070	81
4	0	11	2	2832740	81
4	0	11	3	-96626300	729
4	0	11	4	148714960	729
4	0	11	5	-269199470	729
4	0	11	6	8863090	243
4	0	11	7	-10183330	81
4	0	11	8	-1098170	243
4	0	11	9	-3531320	729
4	0	11	10	-39560	243
4	0	11	11	286420	729
4	0	11	13	-171395	4608
4	0	12	1	-22750	27
4	0	12	2	5258290	243
4	0	12	3	-36690980	243
4	0	12	4	31588100	81
4	0	12	5	-298545620	729
4	0	12	6	14387740	27
4	0	12	7	-4900370	243
4	0	12	8	44856820	729
4	0	12	9	4621270	729
4	0	12	10	-166250	81
4	0	12	11	-74080	729
4	0	12	12	75860	729
4	0	12	14	427795	15552
4	0	13	0	910	243
4	0	13	2	159250	27
4	0	13	3	-22821710	243
4	0	13	4	109486420	243
4	0	13	5	-605296240	729
4	0	13	6	141693470	243
4	0	13	7	-132349690	243
4	0	13	8	-3144910	243
4	0	13	9	3338200	729
4	0	13	10	-3824570	729
4	0	13	11	1279985	729
4	0	13	12	210680	729
4	0	13	13	-132490	729
4	0	13	15	-1681615	248832
4	0	14	1	-4550	81
4	0	14	3	-2070250	81
4	0	14	4	22860430	81
4	0	14	5	-79694560	81
4	0	14	6	11848400	9
4	0	14	7	-139379210	243
4	0	14	8	90171200	243
4	0	14	9	26604790	729
4	0	14	10	-2553320	81
4	0	14	11	1858630	729
4	0	14	12	-163180	729
4	0	14	13	-59180	243
4	0	14	14	70160	729
4	0	15	2	31850	81
4	0	15	4	2070250	27
4	0	15	5	-151131970	243
4	0	15	6	394559660	243
4	0	15	7	-127580800	81
4	0	15	8	83954980	243
4	0	15	9	-95318210	729
4	0	15	10	-8165920	243
4	0	15	11	17236400	729
4	0	15	12	-397180	729
4	0	15	13	-43190	243
4	0	15	14	71650	729
4	0	15	15	-1580	81
4	0	16	3	-414050	243
4	0	16	5	-4554550	27
4	0	16	6	84089390	81
4	0	16	7	-166992980	81
4	0	16	8	345915200	243
4	0	16	9	-35312120	729
4	0	16	10	-19478600	729
4	0	16	11	11367860	729
4	0	16	12	-6309880	729
4	0	16	13	-66520	729
4	0	16	14	47050	729
4	0	16	15	-3890	243
4	0	17	4	414050	81
4	0	17	6	22772750	81
4	0	17	7	-12027290	9
4	0	17	8	18272980	9
4	0	17	9	-700385300	729
4	0	17	10	-94860350	729
4	0	17	11	45451450	729
4	0	17	12	-1628800	729
4	0	17	13	320150	243
4	0	17	14	54140	729
4	0	17	15	-350	81
4	0	18	5	-910910	81
4	0	18	7	-3253250	9
4	0	18	8	108327890	81
4	0	18	9	-125614280	81
4	0	18	10	114268180	243
4	0	18	11	105170770	729
4	0	18	12	-27118300	729
4	0	18	13	-311680	243
4	0	18	14	68710	729
4	0	18	15	-100	9
4	0	19	6	4554550	243
4	0	19	8	3253250	9
4	0	19	9	-252807830	243
4	0	19	10	221439460	243
4	0	19	11	-114132700	729
4	0	19	12	-58915960	729
4	0	19	13	8721590	729
4	0	19	14	487600	729
4	0	19	15	-10580	243
4	0	20	7	-650650	27
4	0	20	9	-22772750	81
4	0	20	10	50533010	81
4	0	20	11	-32775860	81
4	0	20	12	21832100	729
4	0	20	13	19835180	729
4	0	20	14	-1513180	729
4	0	20	15	-23740	243
4	0	21	8	650650	27
4	0	21	10	4554550	27
4	0	21	11	-68809210	243
4	0	21	12	31948220	243
4	0	21	13	-80200	81
4	0	21	14	-3826090	729
4	0	21	15	36650	243
4	0	22	9	-4554550	243
4	0	22	11	-2070250	27
4	0	22	12	22879790	243
4	0	22	13	-7174480	243
4	0	22	14	-602600	729
4	0	22	15	109130	243
4	0	23	10	910910	81
4	0	23	12	2070250	81
4	0	23	13	-1753570	81
4	0	23	14	332140	81
4	0	23	15	31240	243
4	0	24	11	-414050	81
4	0	24	13	-159250	27
4	0	24	14	747790	243
4	0	24	15	-64580	243
4	0	25	12	414050	243
4	0	25	14	22750	27
4	0	25	15	-16510	81
4	0	26	13	-31850	81
4	0	26	15	-4550	81
4	0	27	14	4550	81
4	0	28	15	-910	243
4	1	0	0	370	243
4	1	1	0	-5	81
4	1	1	1	-5090	243
4	1	2	0	-22600	243
4	1	2	1	-5	27
4	1	2	2	32080	243
4	1	3	0	1300	243
4	1	3	1	109580	81
4	1	3	2	-160	81
4	1	3	3	-135250	243
4	1	4	0	-31870	81
4	1	4	1	-14450	243
4	1	4	2	-2218880	243
4	1	4	3	650	27
4	1	4	4	436910	243
4	1	5	0	-20860	243
4	1	5	1	159290	27
4	1	5	2	38950	243
4	1	5	3	9005890	243
4	1	5	4	-4825	27
4	1	5	5	-1129720	243
4	1	6	0	-416480	243
4	1	6	1	111860	81
4	1	6	2	-3339350	81
4	1	6	3	-4450	243
4	1	6	4	-8110340	81
4	1	6	5	16465	27
4	1	6	6	759610	81
4	1	7	0	-57790	27
4	1	7	1	6253720	243
4	1	7	2	-2790935	243
4	1	7	3	4682590	27
4	1	7	4	-295225	243
4	1	7	5	45692120	243
4	1	7	6	-82585	81
4	1	7	7	-1135450	81
4	1	8	0	-1077400	243
4	1	8	1	869840	27
4	1	8	2	-43820480	243
4	1	8	3	13362055	243
4	1	8	4	-4364510	9
4	1	8	5	907025	243
4	1	8	6	-20056000	81
4	1	8	7	19855	27
4	1	8	8	133540	9
4	1	9	0	-149050	27
4	1	9	1	5379500	81
4	1	9	2	-6096295	27
4	1	9	3	186670760	243
4	1	9	4	-13313545	81
4	1	9	5	8456500	9
4	1	9	6	-207575	81
4	1	9	7	18065180	81
4	1	9	8	21370	81
4	1	9	9	-2598280	243
4	1	10	0	-99940	27
4	1	10	1	6693940	81
4	1	10	2	-112575500	243
4	1	10	3	25982185	27
4	1	10	4	-534332560	243
4	1	10	5	77287805	243
4	1	10	6	-102493220	81
4	1	10	7	-294725	27
4	1	10	8	-10158220	81
4	1	10	9	-84860	81
4	1	10	10	1206650	243
4	1	11	0	-29575	27
4	1	11	1	500140	9
4	1	11	2	-15580070	27
4	1	11	3	483131500	243
4	1	11	4	-74357480	27
4	1	11	5	1076797880	243
4	1	11	6	-31020815	81
4	1	11	7	10183330	9
4	1	11	8	2745425	81
4	1	11	9	7062640	243
4	1	11	10	19780	27
4	1	11	11	-286420	243
4	1	12	1	147875	9
4	1	12	2	-10516580	27
4	1	12	3	201800390	81
4	1	12	4	-157940500	27
4	1	12	5	149272810	27
4	1	12	6	-57550960	9
4	1	12	7	17151295	81
4	1	12	8	-44856820	81
4	1	12	9	-11553175	243
4	1	12	10	332500	27
4	1	12	11	37040	81
4	1	12	12	-75860	243
4	1	13	0	-2275	27
4	1	13	2	-1035125	9
4	1	13	3	45643420	27
4	1	13	4	-602175310	81
4	1	13	5	3026481200	243
4	1	13	6	-70846735	9
4	1	13	7	529398760	81
4	1	13	8	11007185	81
4	1	13	9	-3338200	81
4	1	13	10	9561425	243
4	1	13	11	-2559970	243
4	1	13	12	-105340	81
4	1	13	13	132490	243
4	1	14	1	11375	9
4	1	14	3	13456625	27
4	1	14	4	-45720860	9
4	1	14	5	438320080	27
4	1	14	6	-59242000	3
4	1	14	7	69689605	9
4	1	14	8	-360684800	81
4	1	14	9	-93116765	243
4	1	14	10	2553320	9
4	1	14	11	-4646575	243
4	1	14	12	326360	243
4	1	14	13	29590	27
4	1	14	14	-70160	243
4	1	15	2	-79625	9
4	1	15	4	-13456625	9
4	1	15	5	302263940	27
4	1	15	6	-2170078130	81
4	1	15	7	637904000	27
4	1	15	8	-41977490	9
4	1	15	9	381272840	243
4	1	15	10	28580720	81
4	1	15	11	-17236400	81
4	1	15	12	992950	243
4	1	15	13	86380	81
4	1	15	14	-35825	81
4	1	15	15	1580	27
4	1	16	3	1035125	27
4	1	16	5	29604575	9
4	1	16	6	-168178780	9
4	1	16	7	918461390	27
4	1	16	8	-1729576000	81
4	1	16	9	17656060	27
4	1	16	10	77914400	243
4	1	16	11	-39787510	243
4	1	16	12	6309880	81
4	1	16	13	166300	243
4	1	16	14	-94100	243
4	1	16	15	1945	27
4	1	17	4	-1035125	9
4	1	17	6	-148022875	27
4	1	17	7	24054580	1
4	1	17	8	-100501390	3
4	1	17	9	3501926500	243
4	1	17	10	47430175	27
4	1	17	11	-181805800	243
4	1	17	12	5700800	243
4	1	17	13	-320150	27
4	1	17	14	-135350	243
4	1	17	15	700	27
4	1	18	5	2277275	9
4	1	18	7	21146125	3
4	1	18	8	-216655780	9
4	1	18	9	690878540	27
4	1	18	10	-571340900	81
4	1	18	11	-52585385	27
4	1	18	12	108473200	243
4	1	18	13	1090880	81
4	1	18	14	-68710	81
4	1	18	15	250	3
4	1	19	6	-11386375	27
4	1	19	8	-21146125	3
4	1	19	9	505615660	27
4	1	19	10	-1217917030	81
4	1	19	11	570663500	243
4	1	19	12	29457980	27
4	1	19	13	-34886360	243
4	1	19	14	-1706600	243
4	1	19	15	10580	27
4	1	20	7	1626625	3
4	1	20	9	148022875	27
4	1	20	10	-101066020	9
4	1	20	11	180267230	27
4	1	20	12	-109160500	243
4	1	20	13	-9917590	27
4	1	20	14	6052720	243
4	1	20	15	83090	81
4	1	21	8	-1626625	3
4	1	21	10	-29604575	9
4	1	21	11	137618420	27
4	1	21	12	-175715210	81
4	1	21	13	401000	27
4	1	21	14	1913045	27
4	1	21	15	-146600	81
4	1	22	9	11386375	27
4	1	22	11	13456625	9
4	1	22	12	-45759580	27
4	1	22	13	39459640	81
4	1	22	14	3013000	243
4	1	22	15	-54565	9
4	1	23	10	-2277275	9
4	1	23	12	-13456625	27
4	1	23	13	3507140	9
4	1	23	14	-1826770	27
4	1	23	15	-156200	81
4	1	24	11	1035125	9
4	1	24	13	1035125	9
4	1	24	14	-1495580	27
4	1	24	15	355190	81
4	1	25	12	-1035125	27
4	1	25	14	-147875	9
4	1	25	15	33020	9
4	1	26	13	79625	9
4	1	26	15	29575	27
4	1	27	14	-11375	9
4	1	28	15	2275	27
4	2	0	0	-370	243
4	2	1	0	5	81
4	2	1	1	5090	243
4	2	2	0	56500	243
4	2	2	1	5	27
4	2	2	2	-32080	243
4	2	3	0	-3640	243
4	2	3	1	-273950	81
4	2	3	2	160	81
4	2	3	3	135250	243
4	2	4	0	127465	81
4	2	4	1	40460	243
4	2	4	2	5547200	243
4	2	4	3	-650	27
4	2	4	4	-436910	243
4	2	5	0	92380	243
4	2	5	1	-637015	27
4	2	5	2	-109060	243
4	2	5	3	-22514725	243
4	2	5	4	4825	27
4	2	5	5	1129720	243
4	2	6	0	2292170	243
4	2	6	1	-495380	81
4	2	6	2	13350230	81
4	2	6	3	12460	243
4	2	6	4	20275850	81
4	2	6	5	-16465	27
4	2	6	6	-759610	81
4	2	7	0	346640	27
4	2	7	1	-34432000	243
4	2	7	2	12359855	243
4	2	7	3	-6241205	9
4	2	7	4	826630	243
4	2	7	5	-114230300	243
4	2	7	6	82585	81
4	2	7	7	1135450	81
4	2	8	0	7506790	243
4	2	8	1	-1739860	9
4	2	8	2	241169960	243
4	2	8	3	-59174815	243
4	2	8	4	52371755	27
4	2	8	5	-2539670	243
4	2	8	6	50140000	81
4	2	8	7	-19855	27
4	2	8	8	-133540	9
4	2	9	0	125060	3
4	2	9	1	-37463000	81
4	2	9	2	36581110	27
4	2	9	3	-1026820310	243
4	2	9	4	58959985	81
4	2	9	5	-33827720	9
4	2	9	6	581210	81
4	2	9	7	-45162950	81
4	2	9	8	-21370	81
4	2	9	9	2598280	243
4	2	10	0	809020	27
4	2	10	1	-50549530	81
4	2	10	2	783492950	243
4	2	10	3	-155874710	27
4	2	10	4	2937963010	243
4	2	10	5	-342274565	243
4	2	10	6	409907975	81
4	2	10	7	825230	27
4	2	10	8	25395550	81
4	2	10	9	84860	81
4	2	10	10	-1206650	243
4	2	11	0	241150	27
4	2	11	1	-4047520	9
4	2	11	2	117650290	27
4	2	11	3	-3360802675	243
4	2	11	4	16516700	1
4	2	11	5	-5918980040	243
4	2	11	6	137377895	81
4	2	11	7	-40719800	9
4	2	11	8	-7687190	81
4	2	11	9	-17656600	243
4	2	11	10	-19780	27
4	2	11	11	286420	243
4	2	12	1	-1205750	9
4	2	12	2	85072940	27
4	2	12	3	-1523886230	81
4	2	12	4	1098506500	27
4	2	12	5	-894880600	27
4	2	12	6	316311880	9
4	2	12	7	-75955735	81
4	2	12	8	179744050	81
4	2	12	9	32348890	243
4	2	12	10	-831250	27
4	2	12	11	-37040	81
4	2	12	12	75860	243
4	2	13	0	15925	27
4	2	13	2	8440250	9
4	2	13	3	-369043060	27
4	2	13	4	4547888020	81
4	2	13	5	-21057507920	243
4	2	13	6	424491790	9
4	2	13	7	-2910153370	81
4	2	13	8	-48746105	81
4	2	13	9	12065530	81
4	2	13	10	-26771990	243
4	2	13	11	6399925	243
4	2	13	12	105340	81
4	2	13	13	-132490	243
4	2	14	1	-79625	9
4	2	14	3	-109723250	27
4	2	14	4	369468980	9
4	2	14	5	-367930970	3
4	2	14	6	1237955000	9
4	2	14	7	-139076290	3
4	2	14	8	1984296410	81
4	2	14	9	412374245	243
4	2	14	10	-29976475	27
4	2	14	11	13010410	243
4	2	14	12	-815900	243
4	2	14	13	-29590	27
4	2	14	14	70160	243
4	2	15	2	557375	9
4	2	15	4	109723250	9
4	2	15	5	-2441279720	27
4	2	15	6	16402795310	81
4	2	15	7	-4453054475	27
4	2	15	8	250936760	9
4	2	15	9	-2104487360	243
4	2	15	10	-126571760	81
4	2	15	11	67165070	81
4	2	15	12	-2780260	243
4	2	15	13	-215950	81
4	2	15	14	35825	81
4	2	15	15	-1580	27
4	2	16	3	-7245875	27
4	2	16	5	-241391150	9
4	2	16	6	452555180	3
4	2	16	7	-6947649830	27
4	2	16	8	12119659450	81
4	2	16	9	-104254940	27
4	2	16	10	-421515320	243
4	2	16	11	176201830	243
4	2	16	12	-24246280	81
4	2	16	13	-465640	243
4	2	16	14	235250	243
4	2	16	15	-1945	27
4	2	17	4	7245875	9
4	2	17	6	1206955750	27
4	2	17	7	-194111940	1
4	2	17	8	2283099940	9
4	2	17	9	-24697972000	243
4	2	17	10	-94938770	9
4	2	17	11	998122990	243
4	2	17	12	-25246400	243
4	2	17	13	389255	9
4	2	17	14	378980	243
4	2	17	15	-1750	27
4	2	18	5	-15940925	9
4	2	18	7	-172422250	3
4	2	18	8	1747912540	9
4	2	18	9	-5238580930	27
4	2	18	10	4075993490	81
4	2	18	11	314964710	27
4	2	18	12	-598413850	243
4	2	18	13	-4831040	81
4	2	18	14	338080	81
4	2	18	15	-700	3
4	2	19	6	79704625	27
4	2	19	8	172422250	3
4	2	19	9	-4078932880	27
4	2	19	10	9249878770	81
4	2	19	11	-4166311625	243
4	2	19	12	-176219500	27
4	2	19	13	193683080	243
4	2	19	14	7557800	243
4	2	19	15	-43895	27
4	2	20	7	-11386375	3
4	2	20	9	-1206955750	27
4	2	20	10	815472460	9
4	2	20	11	-1371706510	27
4	2	20	12	848564200	243
4	2	20	13	6585520	3
4	2	20	14	-33939400	243
4	2	20	15	-367970	81
4	2	21	8	11386375	3
4	2	21	10	241391150	9
4	2	21	11	-1110914060	27
4	2	21	12	1339938620	81
4	2	21	13	-5808200	27
4	2	21	14	-11423210	27
4	2	21	15	835730	81
4	2	22	9	-79704625	27
4	2	22	11	-109723250	9
4	2	22	12	369681940	27
4	2	22	13	-301605730	81
4	2	22	14	-15956500	243
4	2	22	15	108530	3
4	2	23	10	15940925	9
4	2	23	12	109723250	27
4	2	23	13	-28366520	9
4	2	23	14	4665530	9
4	2	23	15	945845	81
4	2	24	11	-7245875	9
4	2	24	13	-8440250	9
4	2	24	14	12115940	27
4	2	24	15	-2727950	81
4	2	25	12	7245875	27
4	2	25	14	1205750	9
4	2	25	15	-268060	9
4	2	26	13	-557375	9
4	2	26	15	-241150	27
4	2	27	14	79625	9
4	2	28	15	-15925	27
4	3	2	0	-22600	81
4	3	3	0	520	27
4	3	3	1	109580	27
4	3	4	0	-3540	1
4	3	4	1	-5780	27
4	3	4	2	-2218880	81
4	3	5	0	-74500	81
4	3	5	1	477580	9
4	3	5	2	15580	27
4	3	5	3	9005890	81
4	3	6	0	-834490	27
4	3	6	1	399500	27
4	3	6	2	-3334570	9
4	3	6	3	-1780	27
4	3	6	4	-8110340	27
4	3	7	0	-404180	9
4	3	7	1	12543980	27
4	3	7	2	-9967625	81
4	3	7	3	14034280	9
4	3	7	4	-118090	27
4	3	7	5	45692120	81
4	3	8	0	-10633960	81
4	3	8	1	6090770	9
4	3	8	2	-87798280	27
4	3	8	3	47721625	81
4	3	8	4	-39275860	9
4	3	8	5	362810	27
4	3	8	6	-20056000	27
4	3	9	0	-190145	1
4	3	9	1	53021000	27
4	3	9	2	-14228585	3
4	3	9	3	373472650	27
4	3	9	4	-47548375	27
4	3	9	5	25372940	3
4	3	9	6	-83030	9
4	3	9	7	18065180	27
4	3	10	0	-432250	3
4	3	10	1	8539915	3
4	3	10	2	-1107612800	81
4	3	10	3	181810895	9
4	3	10	4	-1067799050	27
4	3	10	5	276027875	81
4	3	10	6	-102449950	9
4	3	10	7	-117890	3
4	3	10	8	-10158220	27
4	3	11	0	-350350	9
4	3	11	1	2161250	1
4	3	11	2	-19874970	1
4	3	11	3	4746843700	81
4	3	11	4	-519823430	9
4	3	11	5	2150187460	27
4	3	11	6	-110788625	27
4	3	11	7	30522950	3
4	3	11	8	1098170	9
4	3	11	9	7062640	81
4	3	12	1	1751750	3
4	3	12	2	-15128750	1
4	3	12	3	257442140	3
4	3	12	4	-1551097000	9
4	3	12	5	347420920	3
4	3	12	6	-114883520	1
4	3	12	7	61254625	27
4	3	12	8	-45068000	9
4	3	12	9	-4621270	27
4	3	12	10	332500	9
4	3	13	2	-12262250	3
4	3	13	3	196673750	3
4	3	13	4	-768505735	3
4	3	13	5	29753370080	81
4	3	13	6	-164622325	1
4	3	13	7	1057257710	9
4	3	13	8	39311375	27
4	3	13	9	-2480020	9
4	3	13	10	3824570	27
4	3	13	11	-2559970	81
4	3	14	3	159409250	9
4	3	14	4	-196673750	1
4	3	14	5	559889165	1
4	3	14	6	-1752752000	3
4	3	14	7	484646575	3
4	3	14	8	-721899610	9
4	3	14	9	-332559875	81
4	3	14	10	21653150	9
4	3	14	11	-1858630	27
4	3	14	12	326360	81
4	3	15	4	-159409250	3
4	3	15	5	432682250	1
4	3	15	6	-2776202330	3
4	3	15	7	6329945900	9
4	3	15	8	-96864600	1
4	3	15	9	770032420	27
4	3	15	10	102074000	27
4	3	15	11	-16049380	9
4	3	15	12	397180	27
4	3	15	13	86380	27
4	3	16	5	350700350	3
4	3	16	6	-2163411250	3
4	3	16	7	1177671440	1
4	3	16	8	-17346269800	27
4	3	16	9	117707450	9
4	3	16	10	148814920	27
4	3	16	11	-142098250	81
4	3	16	12	5647720	9
4	3	16	13	66520	27
4	3	16	14	-94100	81
4	3	17	6	-1753501750	9
4	3	17	7	927176250	1
4	3	17	8	-1163368635	1
4	3	17	9	35757211000	81
4	3	17	10	332834635	9
4	3	17	11	-361802690	27
4	3	17	12	20360000	81
4	3	17	13	-734780	9
4	3	17	14	-54140	27
4	3	17	15	700	9
4	3	18	7	250500250	1
4	3	18	8	-927176250	1
4	3	18	9	892094115	1
4	3	18	10	-6019837760	27
4	3	18	11	-122060365	3
4	3	18	12	218757650	27
4	3	18	13	3896000	27
4	3	18	14	-110870	9
4	3	18	15	300	1
4	3	19	8	-250500250	1
4	3	19	9	2163411250	3
4	3	19	10	-1580146810	3
4	3	19	11	6393303500	81
4	3	19	12	204356530	9
4	3	19	13	-71580820	27
4	3	19	14	-6095000	81
4	3	19	15	11630	3
4	3	20	9	1753501750	9
4	3	20	10	-432682250	1
4	3	20	11	235185180	1
4	3	20	12	-1429367800	81
4	3	20	13	-68597620	9
4	3	20	14	12754880	27
4	3	20	15	296750	27
4	3	21	10	-350700350	3
4	3	21	11	196673750	1
4	3	21	12	-230681285	3
4	3	21	13	16014800	9
4	3	21	14	4399535	3
4	3	21	15	-322630	9
4	3	22	11	159409250	3
4	3	22	12	-196673750	3
4	3	22	13	52153765	3
4	3	22	14	9592000	81
4	3	22	15	-375655	3
4	3	23	12	-159409250	9
4	3	23	13	15128750	1
4	3	23	14	-2431370	1
4	3	23	15	-971780	27
4	3	24	13	12262250	3
4	3	24	14	-2161250	1
4	3	24	15	476000	3
4	3	25	14	-1751750	3
4	3	25	15	432250	3
4	3	26	15	350350	9
4	4	2	0	11300	81
4	4	3	0	-260	27
4	4	3	1	-54790	27
4	4	4	0	127415	27
4	4	4	1	2890	27
4	4	4	2	1109440	81
4	4	5	0	104300	81
4	4	5	1	-1909595	27
4	4	5	2	-7790	27
4	4	5	3	-4502945	81
4	4	6	0	591940	9
4	4	6	1	-559300	27
4	4	6	2	4442110	9
4	4	6	3	890	27
4	4	6	4	4055170	27
4	4	7	0	2711680	27
4	4	7	1	-8905450	9
4	4	7	2	13954675	81
4	4	7	3	-56103395	27
4	4	7	4	59045	27
4	4	7	5	-22846060	81
4	4	8	0	30497720	81
4	4	8	1	-40906510	27
4	4	8	2	6919680	1
4	4	8	3	-66810275	81
4	4	8	4	157091615	27
4	4	8	5	-181405	27
4	4	8	6	10028000	27
4	4	9	0	15679910	27
4	4	9	1	-151877500	27
4	4	9	2	95558165	9
4	4	9	3	-264615370	9
4	4	9	4	66567725	27
4	4	9	5	-101500360	9
4	4	9	6	41515	9
4	4	9	7	-9032590	27
4	4	10	0	4106150	9
4	4	10	1	-234751390	27
4	4	10	2	3167931100	81
4	4	10	3	-1220343895	27
4	4	10	4	755880520	9
4	4	10	5	-386439025	81
4	4	10	6	136563875	9
4	4	10	7	58945	3
4	4	10	8	5079110	27
4	4	11	0	807625	9
4	4	11	1	-20512600	3
4	4	11	2	1638893060	27
4	4	11	3	-13560299900	81
4	4	11	4	3486169450	27
4	4	11	5	-1521171730	9
4	4	11	6	155104075	27
4	4	11	7	-122024200	9
4	4	11	8	-549085	9
4	4	11	9	-3531320	81
4	4	12	1	-4038125	3
4	4	12	2	143400650	3
4	4	12	3	-7076546240	27
4	4	12	4	4429298500	9
4	4	12	5	-775796500	3
4	4	12	6	731299540	3
4	4	12	7	-85756475	27
4	4	12	8	60266650	9
4	4	12	9	2310635	27
4	4	12	10	-166250	9
4	4	13	0	-207025	9
4	4	13	2	28266875	3
4	4	13	3	-1861256050	9
4	4	13	4	21132034510	27
4	4	13	5	-85040264560	81
4	4	13	6	367066995	1
4	4	13	7	-2244127670	9
4	4	13	8	-55035925	27
4	4	13	9	7774630	27
4	4	13	10	-1912285	27
4	4	13	11	1279985	81
4	4	14	1	1035125	3
4	4	14	3	-367469375	9
4	4	14	4	1858061650	3
4	4	14	5	-46224371270	27
4	4	14	6	15070034000	9
4	4	14	7	-3234971615	9
4	4	14	8	1534912660	9
4	4	14	9	465583825	81
4	4	14	10	-83295775	27
4	4	14	11	929315	27
4	4	14	12	-163180	81
4	4	15	2	-7245875	3
4	4	15	4	367469375	3
4	4	15	5	-4080774500	3
4	4	15	6	25502594260	9
4	4	15	7	-18237380800	9
4	4	15	8	643879340	3
4	4	15	9	-183188090	3
4	4	15	10	-142903600	27
4	4	15	11	6803330	3
4	4	15	12	-198590	27
4	4	15	13	-43190	27
4	4	16	3	94196375	9
4	4	16	5	-808432625	3
4	4	16	6	20372394350	9
4	4	16	7	-32521936040	9
4	4	16	8	50427089600	27
4	4	16	9	-755011630	27
4	4	16	10	-101546440	9
4	4	16	11	198937550	81
4	4	16	12	-20935480	27
4	4	16	13	-33260	27
4	4	16	14	47050	81
4	4	17	4	-94196375	3
4	4	17	6	4042163125	9
4	4	17	7	-2906748350	1
4	4	17	8	32216709910	9
4	4	17	9	-105491580500	81
4	4	17	10	-2239687295	27
4	4	17	11	255280330	9
4	4	17	12	-28504000	81
4	4	17	13	2374945	27
4	4	17	14	27070	27
4	4	17	15	-350	9
4	4	18	5	207232025	3
4	4	18	7	-577451875	1
4	4	18	8	2904485650	1
4	4	18	9	-74375301770	27
4	4	18	10	18203172820	27
4	4	18	11	815714965	9
4	4	18	12	-155951200	9
4	4	18	13	-5454400	27
4	4	18	14	182960	9
4	4	18	15	-150	1
4	4	19	6	-1036160125	9
4	4	19	8	577451875	1
4	4	19	9	-20327872400	9
4	4	19	10	44100094060	27
4	4	19	11	-20211473500	81
4	4	19	12	-1361012150	27
4	4	19	13	17233070	3
4	4	19	14	8533000	81
4	4	19	15	-49145	9
4	4	20	7	148022875	1
4	4	20	9	-4042163125	9
4	4	20	10	4067930350	3
4	4	20	11	-19788052640	27
4	4	20	12	4967056100	81
4	4	20	13	455630960	27
4	4	20	14	-9392500	9
4	4	20	15	-415450	27
4	4	21	8	-148022875	1
4	4	21	10	808432625	3
4	4	21	11	-1851793850	3
4	4	21	12	6505028810	27
4	4	21	13	-25218200	3
4	4	21	14	-9718105	3
4	4	21	15	734230	9
4	4	22	9	1036160125	9
4	4	22	11	-367469375	3
4	4	22	12	1856464450	9
4	4	22	13	-1479273490	27
4	4	22	14	22159000	81
4	4	22	15	2484455	9
4	4	23	10	-207232025	3
4	4	23	12	367469375	9
4	4	23	13	-143334100	3
4	4	23	14	208122260	27
4	4	23	15	1381960	27
4	4	24	11	94196375	3
4	4	24	13	-28266875	3
4	4	24	14	20579150	3
4	4	24	15	-1517800	3
4	4	25	12	-94196375	9
4	4	25	14	4038125	3
4	4	25	15	-4142450	9
4	4	26	13	7245875	3
4	4	26	15	-807625	9
4	4	27	14	-1035125	3
4	4	28	15	207025	9
4	5	4	0	-31850	9
4	5	5	0	-2980	3
4	5	5	1	477290	9
4	5	6	0	-836870	9
4	5	6	1	15980	1
4	5	6	2	-1109930	3
4	5	7	0	-1325920	9
4	5	7	1	12600820	9
4	5	7	2	-398705	3
4	5	7	3	14020790	9
4	5	8	0	-2284700	3
4	5	8	1	20023870	9
4	5	8	2	-88043000	9
4	5	8	3	1908865	3
4	5	8	4	-39271130	9
4	5	9	0	-11175325	9
4	5	9	1	11361900	1
4	5	9	2	-46774445	3
4	5	9	3	373676630	9
4	5	9	4	-1901935	1
4	5	9	5	25376380	3
4	5	10	0	-2977160	3
4	5	10	1	167318795	9
4	5	10	2	-236579200	3
4	5	10	3	596992255	9
4	5	10	4	-1066451830	9
4	5	10	5	11041115	3
4	5	10	6	-11378520	1
4	5	11	0	-47775	1
4	5	11	1	14856760	1
4	5	11	2	-1168020280	9
4	5	11	3	1011267950	3
4	5	11	4	-1703917690	9
4	5	11	5	2144885660	9
4	5	11	6	-4431545	1
4	5	11	7	30495910	3
4	5	12	1	716625	1
4	5	12	2	-103697240	1
4	5	12	3	5043626770	9
4	5	12	4	-990509300	1
4	5	12	5	378744020	1
4	5	12	6	-343631360	1
4	5	12	7	2450185	1
4	5	12	8	-5031020	1
4	5	13	0	455455	3
4	5	13	2	-5016375	1
4	5	13	3	1343340280	3
4	5	13	4	-15067442705	9
4	5	13	5	6345710800	3
4	5	13	6	-536781585	1
4	5	13	7	1054862450	3
4	5	13	8	1572455	1
4	5	13	9	-1621840	9
4	5	14	1	-2277275	1
4	5	14	3	21737625	1
4	5	14	4	-1338229240	1
4	5	14	5	32989690195	9
4	5	14	6	-3384180800	1
4	5	14	7	1573326215	3
4	5	14	8	-722724070	3
4	5	14	9	-13302395	3
4	5	14	10	20326420	9
4	5	15	2	15940925	1
4	5	15	4	-65212875	1
4	5	15	5	2932966520	1
4	5	15	6	-18230222780	3
4	5	15	7	4120160550	1
4	5	15	8	-311772140	1
4	5	15	9	781678460	9
4	5	15	10	4082960	1
4	5	15	11	-4954120	3
4	5	16	3	-207232025	3
4	5	16	5	143468325	1
4	5	16	6	-14614467560	3
4	5	16	7	23303242270	3
4	5	16	8	-3835934300	1
4	5	16	9	351443230	9
4	5	16	10	137904440	9
4	5	16	11	-5683930	3
4	5	16	12	4985560	9
4	5	17	4	207232025	1
4	5	17	6	-239113875	1
4	5	17	7	6246093480	1
4	5	17	8	-23158324805	3
4	5	17	9	8155205300	3
4	5	17	10	1098539975	9
4	5	17	11	-358988830	9
4	5	17	12	814400	3
4	5	17	13	-509110	9
4	5	18	5	-455910455	1
4	5	18	7	307432125	1
4	5	18	8	-6235232520	1
4	5	18	9	53678024785	9
4	5	18	10	-1444212000	1
4	5	18	11	-397222285	3
4	5	18	12	221575150	9
4	5	18	13	155840	1
4	5	18	14	-51010	3
4	5	19	6	2279552275	3
4	5	19	8	-307432125	1
4	5	19	9	14543232440	3
4	5	19	10	-31980604040	9
4	5	19	11	1675090450	3
4	5	19	12	660361190	9
4	5	19	13	-74393420	9
4	5	19	14	-243800	3
4	5	19	15	12680	3
4	5	20	7	-976950975	1
4	5	20	9	239113875	1
4	5	20	10	-2912415880	1
4	5	20	11	14428692670	9
4	5	20	12	-446563700	3
4	5	20	13	-220439120	9
4	5	20	14	13765120	9
4	5	20	15	11870	1
4	5	21	8	976950975	1
4	5	21	10	-143468325	1
4	5	21	11	1328200760	1
4	5	21	12	-4771817155	9
4	5	21	13	24655400	1
4	5	21	14	4690065	1
4	5	21	15	-368410	3
4	5	22	9	-2279552275	3
4	5	22	11	65212875	1
4	5	22	12	-1335673720	3
4	5	22	13	1092040145	9
4	5	22	14	-5922400	3
4	5	22	15	-1196495	3
4	5	23	10	455910455	1
4	5	23	12	-21737625	1
4	5	23	13	103590760	1
4	5	23	14	-154629580	9
4	5	23	15	17050	1
4	5	24	11	-207232025	1
4	5	24	13	5016375	1
4	5	24	14	-14963240	1
4	5	24	15	1134630	1
4	5	25	12	207232025	3
4	5	25	14	-716625	1
4	5	25	15	3035240	3
4	5	26	13	-15940925	1
4	5	26	15	47775	1
4	5	27	14	2277275	1
4	5	28	15	-455455	3
4	6	4	0	31850	27
4	6	5	0	2980	9
4	6	5	1	-477290	27
4	6	6	0	2304070	27
4	6	6	1	-15980	3
4	6	6	2	1109930	9
4	6	7	0	3744700	27
4	6	7	1	-34716200	27
4	6	7	2	398705	9
4	6	7	3	-14020790	27
4	6	8	0	3303920	3
4	6	8	1	-56602510	27
4	6	8	2	242393560	27
4	6	8	3	-1908865	9
4	6	8	4	39271130	27
4	6	9	0	50848175	27
4	6	9	1	-147663500	9
4	6	9	2	132216095	9
4	6	9	3	-1027840210	27
4	6	9	4	1901935	3
4	6	9	5	-25376380	9
4	6	10	0	13428170	9
4	6	10	1	-761342785	27
4	6	10	2	1023052300	9
4	6	10	3	-1686698425	27
4	6	10	4	2931226910	27
4	6	10	5	-11041115	9
4	6	10	6	3792840	1
4	6	11	0	-3230500	9
4	6	11	1	-66937570	3
4	6	11	2	5314329440	27
4	6	11	3	-4366800200	9
4	6	11	4	4810637530	27
4	6	11	5	-5892471040	27
4	6	11	6	4431545	3
4	6	11	7	-30495910	9
4	6	12	1	16152500	3
4	6	12	2	466462430	3
4	6	12	3	-22948971710	27
4	6	12	4	12825531500	9
4	6	12	5	-1068292040	3
4	6	12	6	943839640	3
4	6	12	7	-2450185	3
4	6	12	8	5031020	3
4	6	13	0	-4554550	9
4	6	13	2	-113067500	3
4	6	13	3	-6030944710	9
4	6	13	4	68586624715	27
4	6	13	5	-27418582480	9
4	6	13	6	504051505	1
4	6	13	7	-2898177070	9
4	6	13	8	-1572455	3
4	6	13	9	1621840	27
4	6	14	1	22772750	3
4	6	14	3	1469877500	9
4	6	14	4	5995167430	3
4	6	14	5	-150311900585	27
4	6	14	6	44009210000	9
4	6	14	7	-4423953785	9
4	6	14	8	1988418710	9
4	6	14	9	13302395	9
4	6	14	10	-20326420	27
4	6	15	2	-159409250	3
4	6	15	4	-1469877500	3
4	6	15	5	-13111403690	3
4	6	15	6	83198670940	9
4	6	15	7	-17970090700	3
4	6	15	8	873467960	3
4	6	15	9	-2162717560	27
4	6	15	10	-4082960	3
4	6	15	11	4954120	9
4	6	16	3	2072320250	9
4	6	16	5	3233730500	3
4	6	16	6	65204463170	9
4	6	16	7	-106606094210	9
4	6	16	8	16900695800	3
4	6	16	9	-951758470	27
4	6	16	10	-366962920	27
4	6	16	11	5683930	9
4	6	16	12	-4985560	27
4	6	17	4	-2072320250	3
4	6	17	6	-16168652500	9
4	6	17	7	-9274673870	1
4	6	17	8	106282807015	9
4	6	17	9	-4055899500	1
4	6	17	10	-3110369165	27
4	6	17	11	984053690	27
4	6	17	12	-814400	9
4	6	17	13	509110	27
4	6	18	5	4559104550	3
4	6	18	7	2309807500	1
4	6	18	8	9249331630	1
4	6	18	9	-247335797555	27
4	6	18	10	19871507180	9
4	6	18	11	1118084875	9
4	6	18	12	-612501350	27
4	6	18	13	-155840	3
4	6	18	14	51010	9
4	6	19	6	-22795522750	9
4	6	19	8	-2309807500	1
4	6	19	9	-64705817330	9
4	6	19	10	148057275520	27
4	6	19	11	-7983334000	9
4	6	19	12	-1853212430	27
4	6	19	13	207746080	27
4	6	19	14	243800	9
4	6	19	15	-12680	9
4	6	20	7	3256503250	1
4	6	20	9	16168652500	9
4	6	20	10	12967549210	3
4	6	20	11	-67157199410	27
4	6	20	12	2268662300	9
4	6	20	13	617165660	27
4	6	20	14	-38990600	27
4	6	20	15	-11870	3
4	6	21	8	-3256503250	1
4	6	21	10	-3233730500	3
4	6	21	11	-5924968070	3
4	6	21	12	22339410065	27
4	6	21	13	-423042200	9
4	6	21	14	-4367905	1
4	6	21	15	1064630	9
4	6	22	9	22795522750	9
4	6	22	11	1469877500	3
4	6	22	12	5977278790	9
4	6	22	13	-5143476835	27
4	6	22	14	44659000	9
4	6	22	15	3337025	9
4	6	23	10	-4559104550	3
4	6	23	12	-1469877500	9
4	6	23	13	-465717070	3
4	6	23	14	732715340	27
4	6	23	15	-1831460	9
4	6	24	11	2072320250	3
4	6	24	13	113067500	3
4	6	24	14	67682930	3
4	6	24	15	-1802430	1
4	6	25	12	-2072320250	9
4	6	25	14	-16152500	3
4	6	25	15	-13834730	9
4	6	26	13	159409250	3
4	6	26	15	3230500	9
4	6	27	14	-22772750	3
4	6	28	15	4554550	9
4	7	6	0	-419200	9
4	7	7	0	-230360	3
4	7	7	1	6318680	9
4	7	8	0	-3378680	3
4	7	8	1	3483680	3
4	7	8	2	-44100160	9
4	7	9	0	-18016520	9
4	7	9	1	50269000	3
4	7	9	2	-8137300	1
4	7	9	3	186903880	9
4	7	10	0	-1502960	1
4	7	10	1	269770180	9
4	7	10	2	-115900800	1
4	7	10	3	103781540	3
4	7	10	4	-532792880	9
4	7	11	0	3812900	3
4	7	11	1	22457280	1
4	7	11	2	-1882906220	9
4	7	11	3	494055700	1
4	7	11	4	-295878080	3
4	7	11	5	1070738680	9
4	7	12	1	-19064500	1
4	7	12	2	-156300720	1
4	7	12	3	8131362380	9
4	7	12	4	-4351339000	3
4	7	12	5	197013720	1
4	7	12	6	-171488080	1
4	7	13	0	975975	1
4	7	13	2	133451500	1
4	7	13	3	672579280	1
4	7	13	4	-24310852120	9
4	7	13	5	3103878880	1
4	7	13	6	-278677980	1
4	7	13	7	526661320	3
4	7	14	1	-14639625	1
4	7	14	3	-1734869500	3
4	7	14	4	-2002404720	1
4	7	14	5	53324294540	9
4	7	14	6	-14990512000	3
4	7	14	7	271488340	1
4	7	14	8	-361627040	3
4	7	15	2	102477375	1
4	7	15	4	1734869500	1
4	7	15	5	4371876960	1
4	7	15	6	-29558357620	3
4	7	15	7	6155389100	1
4	7	15	8	-160484520	1
4	7	15	9	394582600	9
4	7	16	3	-444068625	1
4	7	16	5	-3816712900	1
4	7	16	6	-7236096560	1
4	7	16	7	37955127980	3
4	7	16	8	-5841953400	1
4	7	16	9	57172880	3
4	7	16	10	65445280	9
4	7	17	4	1332205875	1
4	7	17	6	19083564500	3
4	7	17	7	9251803440	1
4	7	17	8	-37947158920	3
4	7	17	9	12793673000	3
4	7	17	10	191602780	3
4	7	17	11	-178589960	9
4	7	18	5	-2930852925	1
4	7	18	7	-8178670500	1
4	7	18	8	-9219220560	1
4	7	18	9	88618599740	9
4	7	18	10	-7109362240	3
4	7	18	11	-68653580	1
4	7	18	12	111693200	9
4	7	19	6	4884754875	1
4	7	19	8	8178670500	1
4	7	19	9	7164861440	1
4	7	19	10	-53266442020	9
4	7	19	11	981643500	1
4	7	19	12	113604880	3
4	7	19	13	-38100760	9
4	7	20	7	-6280399125	1
4	7	20	9	-19083564500	3
4	7	20	10	-4310225040	1
4	7	20	11	24272720180	9
4	7	20	12	-292255800	1
4	7	20	13	-37783480	3
4	7	20	14	7207280	9
4	7	21	8	6280399125	1
4	7	21	10	3816712900	1
4	7	21	11	1972319280	1
4	7	21	12	-8114267720	9
4	7	21	13	176095600	3
4	7	21	14	2403900	1
4	7	21	15	-198920	3
4	7	22	9	-4884754875	1
4	7	22	11	-1734869500	1
4	7	22	12	-664912720	1
4	7	22	13	1877819380	9
4	7	22	14	-7048000	1
4	7	22	15	-203860	1
4	7	23	10	2930852925	1
4	7	23	12	1734869500	3
4	7	23	13	155981280	1
4	7	23	14	-268857620	9
4	7	23	15	1126780	3
4	7	24	11	-1332205875	1
4	7	24	13	-133451500	1
4	7	24	14	-22776720	1
4	7	24	15	1993500	1
4	7	25	12	444068625	1
4	7	25	14	19064500	1
4	7	25	15	1561040	1
4	7	26	13	-102477375	1
4	7	26	15	-3812900	3
4	7	27	14	14639625	1
4	7	28	15	-975975	1
4	8	6	0	104800	9
4	8	7	0	57590	3
4	8	7	1	-1579670	9
4	8	8	0	2344070	3
4	8	8	1	-870920	3
4	8	8	2	11025040	9
4	8	9	0	12855905	9
4	8	9	1	-34840000	3
4	8	9	2	2034325	1
4	8	9	3	-46725970	9
4	8	10	0	912050	1
4	8	10	1	-192503845	9
4	8	10	2	80223450	1
4	8	10	3	-25945385	3
4	8	10	4	133198220	9
4	8	11	0	-6686225	3
4	8	11	1	-13626300	1
4	8	11	2	1343534630	9
4	8	11	3	-341615425	1
4	8	11	4	73969520	3
4	8	11	5	-267684670	9
4	8	12	1	33431125	1
4	8	12	2	94821450	1
4	8	12	3	-5802277520	9
4	8	12	4	3007721500	3
4	8	12	5	-49253430	1
4	8	12	6	42872020	1
4	8	13	0	-975975	1
4	8	13	2	-234017875	1
4	8	13	3	-407940550	1
4	8	13	4	17352284605	9
4	8	13	5	-2147143120	1
4	8	13	6	69669495	1
4	8	13	7	-131665330	3
4	8	14	1	14639625	1
4	8	14	3	3042232375	3
4	8	14	4	1214238450	1
4	8	14	5	-38085652385	9
4	8	14	6	10394101000	3
4	8	14	7	-67872085	1
4	8	14	8	90406760	3
4	8	15	2	-102477375	1
4	8	15	4	-3042232375	1
4	8	15	5	-2650441200	1
4	8	15	6	21134519230	3
4	8	15	7	-4286680025	1
4	8	15	8	40121130	1
4	8	15	9	-98645650	9
4	8	16	3	444068625	1
4	8	16	5	6692911225	1
4	8	16	6	4385923850	1
4	8	16	7	-27181673420	3
4	8	16	8	4096943850	1
4	8	16	9	-14293220	3
4	8	16	10	-16361320	9
4	8	17	4	-1332205875	1
4	8	17	6	-33464556125	3
4	8	17	7	-5606701650	1
4	8	17	8	27233423305	3
4	8	17	9	-9066263000	3
4	8	17	10	-47900695	3
4	8	17	11	44647490	9
4	8	18	5	2930852925	1
4	8	18	7	14341952625	1
4	8	18	8	5586337350	1
4	8	18	9	-63764409335	9
4	8	18	10	5114446510	3
4	8	18	11	17163395	1
4	8	18	12	-27923300	9
4	8	19	6	-4884754875	1
4	8	19	8	-14341952625	1
4	8	19	9	-4341401900	1
4	8	19	10	38443708930	9
4	8	19	11	-721483875	1
4	8	19	12	-28401220	3
4	8	19	13	9525190	9
4	8	20	7	6280399125	1
4	8	20	9	33464556125	3
4	8	20	10	2611908750	1
4	8	20	11	-17577470720	9
4	8	20	12	221467200	1
4	8	20	13	9445870	3
4	8	20	14	-1801820	9
4	8	21	8	-6280399125	1
4	8	21	10	-6692911225	1
4	8	21	11	-1195435050	1
4	8	21	12	5897261255	9
4	8	21	13	-139473400	3
4	8	21	14	-600975	1
4	8	21	15	49730	3
4	8	22	9	4884754875	1
4	8	22	11	3042232375	1
4	8	22	12	403148950	1
4	8	22	13	-1369787395	9
4	8	22	14	5960500	1
4	8	22	15	50965	1
4	8	23	10	-2930852925	1
4	8	23	12	-3042232375	3
4	8	23	13	-94621800	1
4	8	23	14	196827230	9
4	8	23	15	-1054345	3
4	8	24	11	1332205875	1
4	8	24	13	234017875	1
4	8	24	14	13825950	1
4	8	24	15	-1464300	1
4	8	25	12	-444068625	1
4	8	25	14	-33431125	1
4	8	25	15	-948350	1
4	8	26	13	102477375	1
4	8	26	15	6686225	3
4	8	27	14	-14639625	1
4	8	28	15	975975	1
4	9	8	0	-333200	1
4	9	9	0	-618650	1
4	9	9	1	4949500	1
4	9	10	0	-204750	1
4	9	10	1	9263800	1
4	9	10	2	-34165500	1
4	9	11	0	2400125	1
4	9	11	1	3071250	1
4	9	11	2	-64652450	1
4	9	11	3	145401000	1
4	9	12	1	-36001875	1
4	9	12	2	-21498750	1
4	9	12	3	279217550	1
4	9	12	4	-426641500	1
4	9	13	2	252013125	1
4	9	13	3	93161250	1
4	9	13	4	-835153450	1
4	9	13	5	914115600	1
4	9	14	3	-1092056875	1
4	9	14	4	-279483750	1
4	9	14	5	1833672500	1
4	9	14	6	-1476994000	1
4	9	15	4	3276170625	1
4	9	15	5	614864250	1
4	9	15	6	-3054428850	1
4	9	15	7	1831888500	1
4	9	16	5	-7207575375	1
4	9	16	6	-1024773750	1
4	9	16	7	3931753650	1
4	9	16	8	-1757637000	1
4	9	17	6	12012625625	1
4	9	17	7	1317566250	1
4	9	17	8	-3943696350	1
4	9	17	9	1303965500	1
4	9	18	7	-15444804375	1
4	9	18	8	-1317566250	1
4	9	18	9	3082204400	1
4	9	18	10	-741579100	1
4	9	19	8	15444804375	1
4	9	19	9	1024773750	1
4	9	19	10	-1861266550	1
4	9	19	11	317382000	1
4	9	20	9	-12012625625	1
4	9	20	10	-614864250	1
4	9	20	11	852540050	1
4	9	20	12	-98935500	1
4	9	21	10	7207575375	1
4	9	21	11	279483750	1
4	9	21	12	-286569950	1
4	9	21	13	21211000	1
4	9	22	11	-3276170625	1
4	9	22	12	-93161250	1
4	9	22	13	66691300	1
4	9	22	14	-2799000	1
4	9	23	12	1092056875	1
4	9	23	13	21498750	1
4	9	23	14	-9600950	1
4	9	23	15	171700	1
4	9	24	13	-252013125	1
4	9	24	14	-3071250	1
4	9	24	15	643950	1
4	9	25	14	36001875	1
4	9	25	15	204750	1
4	9	26	15	-2400125	1
4	10	8	0	66640	1
4	10	9	0	123730	1
4	10	9	1	-989900	1
4	10	10	0	-111840	1
4	10	10	1	-1852760	1
4	10	10	2	6833100	1
4	10	11	0	-1606150	1
4	10	11	1	1655820	1
4	10	11	2	12930490	1
4	10	11	3	-29080200	1
4	10	12	1	24092250	1
4	10	12	2	-11365680	1
4	10	12	3	-55843510	1
4	10	12	4	85328300	1
4	10	13	0	1366365	1
4	10	13	2	-168645750	1
4	10	13	3	48070320	1
4	10	13	4	167030690	1
4	10	13	5	-182823120	1
4	10	14	1	-20495475	1
4	10	14	3	730798250	1
4	10	14	4	-140377680	1
4	10	14	5	-366734500	1
4	10	14	6	295398800	1
4	10	15	2	143468325	1
4	10	15	4	-2192394750	1
4	10	15	5	300477540	1
4	10	15	6	610885770	1
4	10	15	7	-366377700	1
4	10	16	3	-621696075	1
4	10	16	5	4823268450	1
4	10	16	6	-488204640	1
4	10	16	7	-786350730	1
4	10	16	8	351527400	1
4	10	17	4	1865088225	1
4	10	17	6	-8038780750	1
4	10	17	7	614754360	1
4	10	17	8	788739270	1
4	10	17	9	-260793100	1
4	10	18	5	-4103194095	1
4	10	18	7	10335575250	1
4	10	18	8	-606608640	1
4	10	18	9	-616440880	1
4	10	18	10	148315820	1
4	10	19	6	6838656825	1
4	10	19	8	-10335575250	1
4	10	19	9	470395860	1
4	10	19	10	372253310	1
4	10	19	11	-63476400	1
4	10	20	7	-8792558775	1
4	10	20	9	8038780750	1
4	10	20	10	-285064560	1
4	10	20	11	-170508010	1
4	10	20	12	19787100	1
4	10	21	8	8792558775	1
4	10	21	10	-4823268450	1
4	10	21	11	132856320	1
4	10	21	12	57313990	1
4	10	21	13	-4242200	1
4	10	22	9	-6838656825	1
4	10	22	11	2192394750	1
4	10	22	12	-46153680	1
4	10	22	13	-13338260	1
4	10	22	14	559800	1
4	10	23	10	4103194095	1
4	10	23	12	-730798250	1
4	10	23	13	11285820	1
4	10	23	14	1920190	1
4	10	23	15	-34340	1
4	10	24	11	-1865088225	1
4	10	24	13	168645750	1
4	10	24	14	-1735680	1
4	10	24	15	-128790	1
4	10	25	12	621696075	1
4	10	25	14	-24092250	1
4	10	25	15	126360	1
4	10	26	13	-143468325	1
4	10	26	15	1606150	1
4	10	27	14	20495475	1
4	10	28	15	-1366365	1
4	11	10	0	83340	1
4	11	11	0	614250	1
4	11	11	1	-1238220	1
4	11	12	1	-9213750	1
4	11	12	2	8544780	1
4	11	13	0	-1863225	1
4	11	13	2	64496250	1
4	11	13	3	-36383220	1
4	11	14	1	27948375	1
4	11	14	3	-279483750	1
4	11	14	4	107058780	1
4	11	15	2	-195638625	1
4	11	15	4	838451250	1
4	11	15	5	-230972940	1
4	11	16	3	847767375	1
4	11	16	5	-1844592750	1
4	11	16	6	378086940	1
4	11	17	4	-2543302125	1
4	11	17	6	3074321250	1
4	11	17	7	-479055060	1
4	11	18	5	5595264675	1
4	11	18	7	-3952698750	1
4	11	18	8	474611940	1
4	11	19	6	-9325441125	1
4	11	19	8	3952698750	1
4	11	19	9	-368373060	1
4	11	20	7	11989852875	1
4	11	20	9	-3074321250	1
4	11	20	10	222565860	1
4	11	21	8	-11989852875	1
4	11	21	10	1844592750	1
4	11	21	11	-102956220	1
4	11	22	9	9325441125	1
4	11	22	11	-838451250	1
4	11	22	12	35337780	1
4	11	23	10	-5595264675	1
4	11	23	12	279483750	1
4	11	23	13	-8501220	1
4	11	24	11	2543302125	1
4	11	24	13	-64496250	1
4	11	24	14	1281780	1
4	11	25	12	-847767375	1
4	11	25	14	9213750	1
4	11	25	15	-91260	1
4	11	26	13	195638625	1
4	11	26	15	-614250	1
4	11	27	14	-27948375	1
4	11	28	15	1863225	1
4	12	10	0	-13890	1
4	12	11	0	-102375	1
4	12	11	1	206370	1
4	12	12	1	1535625	1
4	12	12	2	-1424130	1
4	12	13	0	1242150	1
4	12	13	2	-10749375	1
4	12	13	3	6063870	1
4	12	14	1	-18632250	1
4	12	14	3	46580625	1
4	12	14	4	-17843130	1
4	12	15	2	130425750	1
4	12	15	4	-139741875	1
4	12	15	5	38495490	1
4	12	16	3	-565178250	1
4	12	16	5	307432125	1
4	12	16	6	-63014490	1
4	12	17	4	1695534750	1
4	12	17	6	-512386875	1
4	12	17	7	79842510	1
4	12	18	5	-3730176450	1
4	12	18	7	658783125	1
4	12	18	8	-79101990	1
4	12	19	6	6216960750	1
4	12	19	8	-658783125	1
4	12	19	9	61395510	1
4	12	20	7	-7993235250	1
4	12	20	9	512386875	1
4	12	20	10	-37094310	1
4	12	21	8	7993235250	1
4	12	21	10	-307432125	1
4	12	21	11	17159370	1
4	12	22	9	-6216960750	1
4	12	22	11	139741875	1
4	12	22	12	-5889630	1
4	12	23	10	3730176450	1
4	12	23	12	-46580625	1
4	12	23	13	1416870	1
4	12	24	11	-1695534750	1
4	12	24	13	10749375	1
4	12	24	14	-213630	1
4	12	25	12	565178250	1
4	12	25	14	-1535625	1
4	12	25	15	15210	1
4	12	26	13	-130425750	1
4	12	26	15	102375	1
4	12	27	14	18632250	1
4	12	28	15	-1242150	1
4	13	13	0	-429975	1
4	13	14	1	6449625	1
4	13	15	2	-45147375	1
4	13	16	3	195638625	1
4	13	17	4	-586915875	1
4	13	18	5	1291214925	1
4	13	19	6	-2152024875	1
4	13	20	7	2766889125	1
4	13	21	8	-2766889125	1
4	13	22	9	2152024875	1
4	13	23	10	-1291214925	1
4	13	24	11	586915875	1
4	13	25	12	-195638625	1
4	13	26	13	45147375	1
4	13	27	14	-6449625	1
4	13	28	15	429975	1
4	14	13	0	61425	1
4	14	14	1	-921375	1
4	14	15	2	6449625	1
4	14	16	3	-27948375	1
4	14	17	4	83845125	1
4	14	18	5	-184459275	1
4	14	19	6	307432125	1
4	14	20	7	-395269875	1
4	14	21	8	395269875	1
4	14	22	9	-307432125	1
4	14	23	10	184459275	1
4	14	24	11	-83845125	1
4	14	25	12	27948375	1
4	14	26	13	-6449625	1
4	14	27	14	921375	1
4	14	28	15	-61425	1
5	0	0	0	1790	729
5	0	0	2	-65	243
5	0	1	0	-70	729
5	0	1	1	-25090	729
5	0	1	3	955	243
5	0	2	0	-18860	729
5	0	2	1	-190	729
5	0	2	2	160760	729
5	0	2	4	-23855	972
5	0	3	0	2600	729
5	0	3	1	269740	729
5	0	3	2	3800	729
5	0	3	3	-642680	729
5	0	3	5	86515	972
5	0	4	0	-47530	729
5	0	4	1	-32440	729
5	0	4	2	-1791650	729
5	0	4	3	-7120	243
5	0	4	4	1805260	729
5	0	4	6	-104665	486
5	0	5	0	1840	729
5	0	5	1	717650	729
5	0	5	2	168260	729
5	0	5	3	7197830	729
5	0	5	4	15790	243
5	0	5	5	-3767480	729
5	0	5	7	725945	1944
5	0	6	0	-182200	729
5	0	6	1	-18020	729
5	0	6	2	-5038810	729
5	0	6	3	-527420	729
5	0	6	4	-19379920	729
5	0	6	5	1130	81
5	0	6	6	1987610	243
5	0	6	8	-3689965	7776
5	0	7	0	-197260	729
5	0	7	1	2735000	729
5	0	7	2	-115070	729
5	0	7	3	2375810	81
5	0	7	4	1055530	729
5	0	7	5	36736640	729
5	0	7	6	-275870	729
5	0	7	7	-2366230	243
5	0	7	9	842435	1944
5	0	8	0	-440648	729
5	0	8	1	2975420	729
5	0	8	2	-19164565	729
5	0	8	3	1613450	729
5	0	8	4	-20245840	243
5	0	8	5	-1160210	729
5	0	8	6	-16713920	243
5	0	8	7	631330	729
5	0	8	8	2059520	243
5	0	8	10	-34592425	124416
5	0	9	0	-177100	243
5	0	9	1	6603220	729
5	0	9	2	-20887510	729
5	0	9	3	81910225	729
5	0	9	4	-7526230	729
5	0	9	5	40384240	243
5	0	9	6	23090	243
5	0	9	7	16511080	243
5	0	9	8	-621080	729
5	0	9	9	-3847520	729
5	0	9	11	2035285	13824
5	0	10	0	-109670	243
5	0	10	1	2648800	243
5	0	10	2	-46063190	729
5	0	10	3	89348110	729
5	0	10	4	-236384390	729
5	0	10	5	20201270	729
5	0	10	6	-172628240	729
5	0	10	7	567770	243
5	0	10	8	-11689550	243
5	0	10	9	-74500	729
5	0	10	10	1872310	729
5	0	10	12	-747725	6912
5	0	11	0	-10010	81
5	0	11	1	1647250	243
5	0	11	2	-18481100	243
5	0	11	3	197838530	729
5	0	11	4	-257653400	729
5	0	11	5	483538630	729
5	0	11	6	-11756950	243
5	0	11	7	173958340	729
5	0	11	8	-689470	243
5	0	11	9	17234450	729
5	0	11	10	1057760	729
5	0	11	11	-1016690	729
5	0	11	13	1853855	20736
5	0	12	1	50050	27
5	0	12	2	-11551100	243
5	0	12	3	8862040	27
5	0	12	4	-583500400	729
5	0	12	5	524532520	729
5	0	12	6	-238687265	243
5	0	12	7	4594390	81
5	0	12	8	-117588260	729
5	0	12	9	-125390	729
5	0	12	10	-5295265	729
5	0	12	11	-1492840	729
5	0	12	12	653630	729
5	0	12	14	-68125	1536
5	0	13	0	-2002	243
5	0	13	2	-350350	27
5	0	13	3	50159120	243
5	0	13	4	-238014700	243
5	0	13	5	1248595844	729
5	0	13	6	-85114810	81
5	0	13	7	255695045	243
5	0	13	8	-3557090	81
5	0	13	9	43839920	729
5	0	13	10	3093130	729
5	0	13	11	414545	729
5	0	13	12	1117120	729
5	0	13	13	-299230	729
5	0	13	15	13705	1536
5	0	14	1	10010	81
5	0	14	3	4554550	81
5	0	14	4	-150823090	243
5	0	14	5	520087040	243
5	0	14	6	-73960570	27
5	0	14	7	264079990	243
5	0	14	8	-192270340	243
5	0	14	9	15450530	729
5	0	14	10	2226020	729
5	0	14	11	-4140530	729
5	0	14	12	629860	729
5	0	14	13	-482660	729
5	0	14	14	65660	729
5	0	15	2	-70070	81
5	0	15	4	-4554550	27
5	0	15	5	332608430	243
5	0	15	6	-859426700	243
5	0	15	7	807508310	243
5	0	15	8	-180670340	243
5	0	15	9	275011660	729
5	0	15	10	-4667200	729
5	0	15	11	-12728560	729
5	0	15	12	2926880	729
5	0	15	13	-453980	729
5	0	15	14	111130	729
5	0	15	15	-380	81
5	0	16	3	910910	243
5	0	16	5	10020010	27
5	0	16	6	-185226800	81
5	0	16	7	364476200	81
5	0	16	8	-745752520	243
5	0	16	9	179609500	729
5	0	16	10	-48592955	729
5	0	16	11	2255720	729
5	0	16	12	7311670	729
5	0	16	13	-1217920	729
5	0	16	14	157045	729
5	0	16	15	-3370	243
5	0	17	4	-910910	81
5	0	17	6	-50100050	81
5	0	17	7	238696700	81
5	0	17	8	-359919340	81
5	0	17	9	1562341100	729
5	0	17	10	67109590	729
5	0	17	11	-34190705	729
5	0	17	12	-2350640	729
5	0	17	13	-2114330	729
5	0	17	14	281060	729
5	0	17	15	-2585	81
5	0	18	5	2004002	81
5	0	18	7	7157150	9
5	0	18	8	-239196430	81
5	0	18	9	827543200	243
5	0	18	10	-809313394	729
5	0	18	11	-123995630	729
5	0	18	12	30233930	729
5	0	18	13	1505860	729
5	0	18	14	311950	729
5	0	18	15	-3080	81
5	0	19	6	-10020010	243
5	0	19	8	-7157150	9
5	0	19	9	559120430	243
5	0	19	10	-488232580	243
5	0	19	11	299353670	729
5	0	19	12	77293040	729
5	0	19	13	-11020330	729
5	0	19	14	-476600	729
5	0	19	15	-5770	243
5	0	20	7	1431430	27
5	0	20	9	50100050	81
5	0	20	10	-335932300	243
5	0	20	11	217771400	243
5	0	20	12	-73328240	729
5	0	20	13	-27259840	729
5	0	20	14	2050355	729
5	0	20	15	20080	243
5	0	21	8	-1431430	27
5	0	21	10	-10020010	27
5	0	21	11	152827400	243
5	0	21	12	-23699500	81
5	0	21	13	9934780	729
5	0	21	14	5400650	729
5	0	21	15	-52325	243
5	0	22	9	10020010	243
5	0	22	11	4554550	27
5	0	22	12	-50954750	243
5	0	22	13	16044160	243
5	0	22	14	-287450	729
5	0	22	15	-156950	243
5	0	23	10	-2004002	81
5	0	23	12	-4554550	81
5	0	23	13	11753170	243
5	0	23	14	-2238500	243
5	0	23	15	-21934	243
5	0	24	11	910910	81
5	0	24	13	350350	27
5	0	24	14	-1676840	243
5	0	24	15	145640	243
5	0	25	12	-910910	243
5	0	25	14	-50050	27
5	0	25	15	37180	81
5	0	26	13	70070	81
5	0	26	15	10010	81
5	0	27	14	-10010	81
5	0	28	15	2002	243
5	1	0	0	-1790	243
5	1	1	0	35	81
5	1	1	1	25090	243
5	1	2	0	37720	243
5	1	2	1	95	81
5	1	2	2	-160760	243
5	1	3	0	-6500	243
5	1	3	1	-539480	243
5	1	3	2	-1900	81
5	1	3	3	642680	243
5	1	4	0	47530	81
5	1	4	1	81100	243
5	1	4	2	3583300	243
5	1	4	3	3560	27
5	1	4	4	-1805260	243
5	1	5	0	-6440	243
5	1	5	1	-717650	81
5	1	5	2	-420650	243
5	1	5	3	-14395660	243
5	1	5	4	-7895	27
5	1	5	5	3767480	243
5	1	6	0	728800	243
5	1	6	1	63070	243
5	1	6	2	5038810	81
5	1	6	3	1318550	243
5	1	6	4	38759840	243
5	1	6	5	-565	9
5	1	6	6	-1987610	81
5	1	7	0	98630	27
5	1	7	1	-10940000	243
5	1	7	2	402745	243
5	1	7	3	-2375810	9
5	1	7	4	-2638825	243
5	1	7	5	-73473280	243
5	1	7	6	137935	81
5	1	7	7	2366230	81
5	1	8	0	2203240	243
5	1	8	1	-1487710	27
5	1	8	2	76658260	243
5	1	8	3	-5647075	243
5	1	8	4	20245840	27
5	1	8	5	2900525	243
5	1	8	6	33427840	81
5	1	8	7	-315665	81
5	1	8	8	-2059520	81
5	1	9	0	974050	81
5	1	9	1	-33016100	243
5	1	9	2	10443755	27
5	1	9	3	-327640900	243
5	1	9	4	26341805	243
5	1	9	5	-40384240	27
5	1	9	6	-57725	81
5	1	9	7	-33022160	81
5	1	9	8	310540	81
5	1	9	9	3847520	243
5	1	10	0	219340	27
5	1	10	1	-14568400	81
5	1	10	2	230315950	243
5	1	10	3	-44674055	27
5	1	10	4	945537560	243
5	1	10	5	-70704445	243
5	1	10	6	172628240	81
5	1	10	7	-1419425	81
5	1	10	8	23379100	81
5	1	10	9	37250	81
5	1	10	10	-1872310	243
5	1	11	0	65065	27
5	1	11	1	-3294500	27
5	1	11	2	101646050	81
5	1	11	3	-989192650	243
5	1	11	4	128826700	27
5	1	11	5	-1934154520	243
5	1	11	6	41149325	81
5	1	11	7	-173958340	81
5	1	11	8	1723675	81
5	1	11	9	-34468900	243
5	1	11	10	-528880	81
5	1	11	11	1016690	243
5	1	12	1	-325325	9
5	1	12	2	23102200	27
5	1	12	3	-48741220	9
5	1	12	4	2917502000	243
5	1	12	5	-262266260	27
5	1	12	6	954749060	81
5	1	12	7	-16080365	27
5	1	12	8	117588260	81
5	1	12	9	313475	243
5	1	12	10	10590530	243
5	1	12	11	746420	81
5	1	12	12	-653630	243
5	1	13	0	5005	27
5	1	13	2	2277275	9
5	1	13	3	-100318240	27
5	1	13	4	1309080850	81
5	1	13	5	-6242979220	243
5	1	13	6	42557405	3
5	1	13	7	-1022780180	81
5	1	13	8	12449815	27
5	1	13	9	-43839920	81
5	1	13	10	-7732825	243
5	1	13	11	-829090	243
5	1	13	12	-558560	81
5	1	13	13	299230	243
5	1	14	1	-25025	9
5	1	14	3	-29604575	27
5	1	14	4	301646180	27
5	1	14	5	-2860478720	81
5	1	14	6	369802850	9
5	1	14	7	-132039995	9
5	1	14	8	769081360	81
5	1	14	9	-54076855	243
5	1	14	10	-2226020	81
5	1	14	11	10351325	243
5	1	14	12	-1259720	243
5	1	14	13	241330	81
5	1	14	14	-65660	243
5	1	15	2	175175	9
5	1	15	4	29604575	9
5	1	15	5	-665216860	27
5	1	15	6	4726846850	81
5	1	15	7	-4037541550	81
5	1	15	8	90335170	9
5	1	15	9	-1100046640	243
5	1	15	10	16335200	243
5	1	15	11	12728560	81
5	1	15	12	-7317200	243
5	1	15	13	907960	243
5	1	15	14	-55565	81
5	1	15	15	380	27
5	1	16	3	-2277275	27
5	1	16	5	-65130065	9
5	1	16	6	370453600	9
5	1	16	7	-2004619100	27
5	1	16	8	3728762600	81
5	1	16	9	-89804750	27
5	1	16	10	194371820	243
5	1	16	11	-7895020	243
5	1	16	12	-7311670	81
5	1	16	13	3044800	243
5	1	16	14	-314090	243
5	1	16	15	1685	27
5	1	17	4	2277275	9
5	1	17	6	325650325	27
5	1	17	7	-477393400	9
5	1	17	8	1979556370	27
5	1	17	9	-7811705500	243
5	1	17	10	-33554795	27
5	1	17	11	136762820	243
5	1	17	12	8227240	243
5	1	17	13	2114330	81
5	1	17	14	-702650	243
5	1	17	15	5170	27
5	1	18	5	-5010005	9
5	1	18	7	-46521475	3
5	1	18	8	478392860	9
5	1	18	9	-4551487600	81
5	1	18	10	4046566970	243
5	1	18	11	61997815	27
5	1	18	12	-120935720	243
5	1	18	13	-5270510	243
5	1	18	14	-311950	81
5	1	18	15	7700	27
5	1	19	6	25050025	27
5	1	19	8	46521475	3
5	1	19	9	-1118240860	27
5	1	19	10	2685279190	81
5	1	19	11	-1496768350	243
5	1	19	12	-38646520	27
5	1	19	13	44081320	243
5	1	19	14	1668100	243
5	1	19	15	5770	27
5	1	20	7	-3578575	3
5	1	20	9	-325650325	27
5	1	20	10	671864600	27
5	1	20	11	-1197742700	81
5	1	20	12	366641200	243
5	1	20	13	13629920	27
5	1	20	14	-8201420	243
5	1	20	15	-70280	81
5	1	21	8	3578575	3
5	1	21	10	65130065	9
5	1	21	11	-305654800	27
5	1	21	12	130347250	27
5	1	21	13	-49673900	243
5	1	21	14	-2700325	27
5	1	21	15	209300	81
5	1	22	9	-25050025	27
5	1	22	11	-29604575	9
5	1	22	12	101909500	27
5	1	22	13	-88242880	81
5	1	22	14	1437250	243
5	1	22	15	78475	9
5	1	23	10	5010005	9
5	1	23	12	29604575	27
5	1	23	13	-23506340	27
5	1	23	14	12311750	81
5	1	23	15	109670	81
5	1	24	11	-2277275	9
5	1	24	13	-2277275	9
5	1	24	14	3353680	27
5	1	24	15	-801020	81
5	1	25	12	2277275	27
5	1	25	14	325325	9
5	1	25	15	-74360	9
5	1	26	13	-175175	9
5	1	26	15	-65065	27
5	1	27	14	25025	9
5	1	28	15	-5005	27
5	2	0	0	1790	243
5	2	1	0	-35	81
5	2	1	1	-25090	243
5	2	2	0	-94300	243
5	2	2	1	-95	81
5	2	2	2	160760	243
5	2	3	0	18200	243
5	2	3	1	1348700	243
5	2	3	2	1900	81
5	2	3	3	-642680	243
5	2	4	0	-190225	81
5	2	4	1	-227080	243
5	2	4	2	-8958250	243
5	2	4	3	-3560	27
5	2	4	4	1805260	243
5	2	5	0	28520	243
5	2	5	1	2871485	81
5	2	5	2	1177820	243
5	2	5	3	35989150	243
5	2	5	4	7895	27
5	2	5	5	-3767480	243
5	2	6	0	-4008490	243
5	2	6	1	-279310	243
5	2	6	2	-20140135	81
5	2	6	3	-3691940	243
5	2	6	4	-96899600	243
5	2	6	5	565	9
5	2	6	6	1987610	81
5	2	7	0	-590840	27
5	2	7	1	60242270	243
5	2	7	2	-1783585	243
5	2	7	3	3163795	3
5	2	7	4	7388710	243
5	2	7	5	183683200	243
5	2	7	6	-137935	81
5	2	7	7	-2366230	81
5	2	8	0	-15424660	243
5	2	8	1	8921740	27
5	2	8	2	-422161600	243
5	2	8	3	25008475	243
5	2	8	4	-80879110	27
5	2	8	5	-8121470	243
5	2	8	6	-83569600	81
5	2	8	7	315665	81
5	2	8	8	2059520	81
5	2	9	0	-7363180	81
5	2	9	1	230940350	243
5	2	9	2	-62657270	27
5	2	9	3	1803704980	243
5	2	9	4	-116656565	243
5	2	9	5	161314000	27
5	2	9	6	161630	81
5	2	9	7	82555400	81
5	2	9	8	-310540	81
5	2	9	9	-3847520	243
5	2	10	0	-1776940	27
5	2	10	1	110131450	81
5	2	10	2	-1609432900	243
5	2	10	3	268015250	27
5	2	10	4	-5202676430	243
5	2	10	5	313119685	243
5	2	10	6	-689086220	81
5	2	10	7	3974390	81
5	2	10	8	-58447750	81
5	2	10	9	-37250	81
5	2	10	10	1872310	243
5	2	11	0	-530530	27
5	2	11	1	26678300	27
5	2	11	2	-768387950	81
5	2	11	3	6906211930	243
5	2	11	4	-772594660	27
5	2	11	5	10636251010	243
5	2	11	6	-182232725	81
5	2	11	7	693151420	81
5	2	11	8	-4826290	81
5	2	11	9	86172250	243
5	2	11	10	528880	81
5	2	11	11	-1016690	243
5	2	12	1	2652650	9
5	2	12	2	-186971950	27
5	2	12	3	1105353040	27
5	2	12	4	-20355428630	243
5	2	12	5	1571756240	27
5	2	12	6	-5246957240	81
5	2	12	7	71213045	27
5	2	12	8	-466903640	81
5	2	12	9	-877730	243
5	2	12	10	-26476325	243
5	2	12	11	-746420	81
5	2	12	12	653630	243
5	2	13	0	-35035	27
5	2	13	2	-18568550	9
5	2	13	3	811359670	27
5	2	13	4	-9896226340	81
5	2	13	5	43543927660	243
5	2	13	6	-764264230	9
5	2	13	7	5616790580	81
5	2	13	8	-55134895	27
5	2	13	9	172977770	81
5	2	13	10	21651910	243
5	2	13	11	2072725	243
5	2	13	12	558560	81
5	2	13	13	-299230	243
5	2	14	1	175175	9
5	2	14	3	241391150	27
5	2	14	4	-2437882040	27
5	2	14	5	21627589610	81
5	2	14	6	-2579813350	9
5	2	14	7	788883410	9
5	2	14	8	-4220122450	81
5	2	14	9	239483215	243
5	2	14	10	8850650	81
5	2	14	11	-28983710	243
5	2	14	12	3149300	243
5	2	14	13	-241330	81
5	2	14	14	65660	243
5	2	15	2	-1226225	9
5	2	15	4	-241391150	9
5	2	15	5	5372114440	27
5	2	15	6	-35749516550	81
5	2	15	7	28190892100	81
5	2	15	8	-537578320	9
5	2	15	9	6030045490	243
5	2	15	10	-72341600	243
5	2	15	11	-49152190	81
5	2	15	12	20488160	243
5	2	15	13	-2269900	243
5	2	15	14	55565	81
5	2	15	15	-380	27
5	2	16	3	15940925	27
5	2	16	5	531060530	9
5	2	16	6	-996465250	3
5	2	16	7	15168269600	27
5	2	16	8	-26081763920	81
5	2	16	9	526400060	27
5	2	16	10	-1062177200	243
5	2	16	11	34963660	243
5	2	16	12	27524815	81
5	2	16	13	-8525440	243
5	2	16	14	785225	243
5	2	16	15	-1685	27
5	2	17	4	-15940925	9
5	2	17	6	-2655302650	27
5	2	17	7	3849536350	9
5	2	17	8	-14988703180	27
5	2	17	9	54815587510	243
5	2	17	10	209457830	27
5	2	17	11	-751958900	243
5	2	17	12	-36434920	243
5	2	17	13	-7614275	81
5	2	17	14	1967420	243
5	2	17	15	-12925	27
5	2	18	5	35070035	9
5	2	18	7	379328950	3
5	2	18	8	-3855033380	9
5	2	18	9	34493328430	81
5	2	18	10	-28551030440	243
5	2	18	11	-375542050	27
5	2	18	12	664250510	243
5	2	18	13	23340830	243
5	2	18	14	1028485	81
5	2	18	15	-21560	27
5	2	19	6	-175350175	27
5	2	19	8	-379328950	3
5	2	19	9	9006027580	27
5	2	19	10	-20372955130	81
5	2	19	11	10663854850	243
5	2	19	12	232798540	27
5	2	19	13	-242391730	243
5	2	19	14	-7387300	243
5	2	19	15	-15025	27
5	2	20	7	25050025	3
5	2	20	9	2655302650	27
5	2	20	10	-5408677010	27
5	2	20	11	9099305600	81
5	2	20	12	-2663326150	243
5	2	20	13	-81862040	27
5	2	20	14	45230840	243
5	2	20	15	311240	81
5	2	21	8	-25050025	3
5	2	21	10	-531060530	9
5	2	21	11	2459929450	27
5	2	21	12	-991789700	27
5	2	21	13	379734080	243
5	2	21	14	16182850	27
5	2	21	15	-1161140	81
5	2	22	9	175350175	27
5	2	22	11	241391150	9
5	2	22	12	-820111600	27
5	2	22	13	672594670	81
5	2	22	14	-16278130	243
5	2	22	15	-156470	3
5	2	23	10	-35070035	9
5	2	23	12	-241391150	27
5	2	23	13	189194720	27
5	2	23	14	-94019090	81
5	2	23	15	-586520	81
5	2	24	11	15940925	9
5	2	24	13	18568550	9
5	2	24	14	-27003790	27
5	2	24	15	6129200	81
5	2	25	12	-15940925	27
5	2	25	14	-2652650	9
5	2	25	15	599170	9
5	2	26	13	1226225	9
5	2	26	15	530530	27
5	2	27	14	-175175	9
5	2	28	15	35035	27
5	3	2	0	37720	81
5	3	3	0	-2600	27
5	3	3	1	-539480	81
5	3	4	0	47600	9
5	3	4	1	32440	27
5	3	4	2	3583300	81
5	3	5	0	-23000	81
5	3	5	1	-718240	9
5	3	5	2	-168260	27
5	3	5	3	-14395660	81
5	3	6	0	1457690	27
5	3	6	1	225250	81
5	3	6	2	5028740	9
5	3	6	3	527420	27
5	3	6	4	38759840	81
5	3	7	0	229040	3
5	3	7	1	-21952270	27
5	3	7	2	1438375	81
5	3	7	3	-7103720	3
5	3	7	4	-1055530	27
5	3	7	5	-73473280	81
5	3	8	0	22040320	81
5	3	8	1	-1155350	1
5	3	8	2	153857690	27
5	3	8	3	-20168125	81
5	3	8	4	20176340	3
5	3	8	5	1160210	27
5	3	8	6	33427840	27
5	3	9	0	1246465	3
5	3	9	1	-329471600	81
5	3	9	2	8120875	1
5	3	9	3	-656961830	27
5	3	9	4	94077875	81
5	3	9	5	-40235600	3
5	3	9	6	-23090	9
5	3	9	7	-33022160	27
5	3	10	0	950950	3
5	3	10	1	-18644725	3
5	3	10	2	2292044500	81
5	3	10	3	-104205535	3
5	3	10	4	1893294970	27
5	3	10	5	-252515875	81
5	3	10	6	171677080	9
5	3	10	7	-567770	9
5	3	10	8	23379100	27
5	3	11	0	770770	9
5	3	11	1	-4754750	1
5	3	11	2	130078850	3
5	3	11	3	-9819380020	81
5	3	11	4	100056390	1
5	3	11	5	-3866710190	27
5	3	11	6	146961875	27
5	3	11	7	-172170380	9
5	3	11	8	689470	9
5	3	11	9	-34468900	81
5	3	12	1	-3853850	3
5	3	12	2	33283250	1
5	3	12	3	-187117370	1
5	3	12	4	28906678520	81
5	3	12	5	-203268800	1
5	3	12	6	1905335530	9
5	3	12	7	-57429875	9
5	3	12	8	115288660	9
5	3	12	9	125390	27
5	3	12	10	10590530	81
5	3	13	2	26976950	3
5	3	13	3	-432682250	3
5	3	13	4	1675411045	3
5	3	13	5	-61802084680	81
5	3	13	6	887513795	3
5	3	13	7	-2037059950	9
5	3	13	8	44463625	9
5	3	13	9	-42251980	9
5	3	13	10	-3093130	27
5	3	13	11	-829090	81
5	3	14	3	-350700350	9
5	3	14	4	432682250	1
5	3	14	5	-3662598005	3
5	3	14	6	3662802100	3
5	3	14	7	-304177335	1
5	3	14	8	1528337690	9
5	3	14	9	-193131625	81
5	3	14	10	-2190400	9
5	3	14	11	4140530	27
5	3	14	12	-1259720	81
5	3	15	4	350700350	3
5	3	15	5	-951900950	1
5	3	15	6	6057641150	3
5	3	15	7	-40087820500	27
5	3	15	8	205610580	1
5	3	15	9	-2179882250	27
5	3	15	10	58340000	81
5	3	15	11	11553860	9
5	3	15	12	-2926880	27
5	3	15	13	907960	81
5	3	16	5	-771540770	3
5	3	16	6	4759504750	3
5	3	16	7	-2572587050	1
5	3	16	8	37209328880	27
5	3	16	9	-195044570	3
5	3	16	10	381875830	27
5	3	16	11	-28196500	81
5	3	16	12	-6163760	9
5	3	16	13	1217920	27
5	3	16	14	-314090	81
5	3	17	6	3857703850	9
5	3	17	7	-2039787750	1
5	3	17	8	2545460665	1
5	3	17	9	-78651651040	81
5	3	17	10	-29259475	1
5	3	17	11	273289030	27
5	3	17	12	29383000	81
5	3	17	13	1552300	9
5	3	17	14	-281060	27
5	3	17	15	5170	9
5	3	18	7	-551100550	1
5	3	18	8	2039787750	1
5	3	18	9	-5867945215	3
5	3	18	10	41365916300	81
5	3	18	11	49603085	1
5	3	18	12	-240975490	27
5	3	18	13	-18823250	81
5	3	18	14	-165740	9
5	3	18	15	3080	3
5	3	19	8	551100550	1
5	3	19	9	-4759504750	3
5	3	19	10	3473279590	3
5	3	19	11	-15713589100	81
5	3	19	12	-91247870	3
5	3	19	13	88107110	27
5	3	19	14	5957500	81
5	3	19	15	400	3
5	3	20	9	-3857703850	9
5	3	20	10	951900950	1
5	3	20	11	-1555296050	3
5	3	20	12	4053763000	81
5	3	20	13	10633140	1
5	3	20	14	-16525870	27
5	3	20	15	-251000	27
5	3	21	10	771540770	3
5	3	21	11	-432682250	1
5	3	21	12	170026725	1
5	3	21	13	-624806120	81
5	3	21	14	-2092825	1
5	3	21	15	428590	9
5	3	22	11	-350700350	3
5	3	22	12	432682250	3
5	3	22	13	-115690135	3
5	3	22	14	39242020	81
5	3	22	15	544285	3
5	3	23	12	350700350	9
5	3	23	13	-33283250	1
5	3	23	14	16230170	3
5	3	23	15	372020	27
5	3	24	13	-26976950	3
5	3	24	14	4754750	1
5	3	24	15	-1062050	3
5	3	25	14	3853850	3
5	3	25	15	-950950	3
5	3	26	15	-770770	9
5	4	2	0	-18860	81
5	4	3	0	1300	27
5	4	3	1	269740	81
5	4	4	0	-21175	3
5	4	4	1	-16220	27
5	4	4	2	-1791650	81
5	4	5	0	32200	81
5	4	5	1	958145	9
5	4	5	2	84130	27
5	4	5	3	7197830	81
5	4	6	0	-1032580	9
5	4	6	1	-315350	81
5	4	6	2	-6696595	9
5	4	6	3	-263710	27
5	4	6	4	-19379920	81
5	4	7	0	-170140	1
5	4	7	1	15589340	9
5	4	7	2	-2013725	81
5	4	7	3	28355605	9
5	4	7	4	527765	27
5	4	7	5	36736640	81
5	4	8	0	-63936200	81
5	4	8	1	23240410	9
5	4	8	2	-109280675	9
5	4	8	3	28235375	81
5	4	8	4	-26843870	3
5	4	8	5	-580105	27
5	4	8	6	-16713920	27
5	4	9	0	-34359490	27
5	4	9	1	953790100	81
5	4	9	2	-163540805	9
5	4	9	3	466273535	9
5	4	9	4	-131709025	81
5	4	9	5	17841200	1
5	4	9	6	11545	9
5	4	9	7	16511080	27
5	4	10	0	-9055310	9
5	4	10	1	514000850	27
5	4	10	2	-6619882550	81
5	4	10	3	699462175	9
5	4	10	4	-1342306910	9
5	4	10	5	353522225	81
5	4	10	6	-228110140	9
5	4	10	7	283885	9
5	4	10	8	-11689550	27
5	4	11	0	-1776775	9
5	4	11	1	45216050	3
5	4	11	2	-3585825100	27
5	4	11	3	28299672290	81
5	4	11	4	-2012862790	9
5	4	11	5	2738038870	9
5	4	11	6	-205746625	27
5	4	11	7	228070540	9
5	4	11	8	-344735	9
5	4	11	9	17234450	81
5	4	12	1	8883875	3
5	4	12	2	-105317575	1
5	4	12	3	15473900860	27
5	4	12	4	-83176403440	81
5	4	12	5	4081525160	9
5	4	12	6	-4041958165	9
5	4	12	7	80401825	9
5	4	12	8	-151801880	9
5	4	12	9	-62695	27
5	4	12	10	-5295265	81
5	4	13	0	455455	9
5	4	13	2	-62187125	3
5	4	13	3	4098776275	9
5	4	13	4	-46189051370	27
5	4	13	5	177698623940	81
5	4	13	6	-5921870935	9
5	4	13	7	4314703105	9
5	4	13	8	-62249075	9
5	4	13	9	55012690	9
5	4	13	10	1546565	27
5	4	13	11	414545	81
5	4	14	1	-2277275	3
5	4	14	3	808432625	9
5	4	14	4	-4089268700	3
5	4	14	5	101014784530	27
5	4	14	6	-31609225550	9
5	4	14	7	2018837615	3
5	4	14	8	-3231479000	9
5	4	14	9	270384275	81
5	4	14	10	2890850	9
5	4	14	11	-2070265	27
5	4	14	12	629860	81
5	4	15	2	15940925	3
5	4	15	4	-808432625	3
5	4	15	5	2991485420	1
5	4	15	6	-55734572300	9
5	4	15	7	115554864950	27
5	4	15	8	-1349499280	3
5	4	15	9	1532948480	9
5	4	15	10	-81676000	81
5	4	15	11	-14426230	9
5	4	15	12	1463440	27
5	4	15	13	-453980	81
5	4	16	3	-207232025	9
5	4	16	5	1778551775	3
5	4	16	6	-44762307425	9
5	4	16	7	71098789300	9
5	4	16	8	-107716530760	27
5	4	16	9	407528630	3
5	4	16	10	-266711725	9
5	4	16	11	39475100	81
5	4	16	12	2420585	3
5	4	16	13	-608960	27
5	4	16	14	157045	81
5	4	17	4	207232025	3
5	4	17	6	-8892758875	9
5	4	17	7	6379546525	1
5	4	17	8	-70475178290	9
5	4	17	9	229390638380	81
5	4	17	10	646272845	9
5	4	17	11	-21494375	1
5	4	17	12	-41136200	81
5	4	17	13	-1601375	9
5	4	17	14	140530	27
5	4	17	15	-2585	9
5	4	18	5	-455910455	3
5	4	18	7	1270394125	1
5	4	18	8	-6365803950	1
5	4	18	9	162845815990	27
5	4	18	10	-122151757330	81
5	4	18	11	-1024033975	9
5	4	18	12	170197370	9
5	4	18	13	26352550	81
5	4	18	14	99145	9
5	4	18	15	-1540	3
5	4	19	6	2279552275	9
5	4	19	8	-1270394125	1
5	4	19	9	44478504950	9
5	4	19	10	-96671635940	27
5	4	19	11	47384445350	81
5	4	19	12	619100210	9
5	4	19	13	-20792870	3
5	4	19	14	-8340500	81
5	4	19	15	11825	9
5	4	20	7	-325650325	1
5	4	20	9	8892758875	9
5	4	20	10	-8883049835	3
5	4	20	11	43439311300	27
5	4	20	12	-12698466800	81
5	4	20	13	-214759460	9
5	4	20	14	3924535	3
5	4	20	15	351400	27
5	4	21	8	325650325	1
5	4	21	10	-1778551775	3
5	4	21	11	1344716725	1
5	4	21	12	-14303487550	27
5	4	21	13	2123567740	81
5	4	21	14	42021775	9
5	4	21	15	-927265	9
5	4	22	9	-2279552275	9
5	4	22	11	808432625	3
5	4	22	12	-4033136800	9
5	4	22	13	3258545510	27
5	4	22	14	-174317690	81
5	4	22	15	-3624245	9
5	4	23	10	455910455	3
5	4	23	12	-808432625	9
5	4	23	13	310395800	3
5	4	23	14	-459320620	27
5	4	23	15	684530	27
5	4	24	11	-207232025	3
5	4	24	13	62187125	3
5	4	24	14	-14800775	1
5	4	24	15	1118700	1
5	4	25	12	207232025	9
5	4	25	14	-8883875	3
5	4	25	15	8901035	9
5	4	26	13	-15940925	3
5	4	26	15	1776775	9
5	4	27	14	2277275	3
5	4	28	15	-455455	9
5	5	4	0	15890	3
5	5	5	0	-920	3
5	5	5	1	-79870	1
5	5	6	0	1457830	9
5	5	6	1	9010	3
5	5	6	2	557630	1
5	5	7	0	248660	1
5	5	7	1	-22064690	9
5	5	7	2	57535	3
5	5	7	3	-7080010	3
5	5	8	0	4851968	3
5	5	8	1	-11356810	3
5	5	8	2	154699510	9
5	5	8	3	-806725	3
5	5	8	4	6702280	1
5	5	9	0	24568775	9
5	5	9	1	-72214120	3
5	5	9	2	80011805	3
5	5	9	3	-659575210	9
5	5	9	4	3763115	3
5	5	9	5	-13362320	1
5	5	10	0	6584600	3
5	5	10	1	-367576825	9
5	5	10	2	499902590	3
5	5	10	3	-342186055	3
5	5	10	4	1896748070	9
5	5	10	5	-10100635	3
5	5	10	6	56908640	3
5	5	11	0	105105	1
5	5	11	1	-32826200	1
5	5	11	2	2564153900	9
5	5	11	3	-2131889870	3
5	5	11	4	983711350	3
5	5	11	5	-3864223090	9
5	5	11	6	5878475	1
5	5	11	7	-18931380	1
5	5	12	1	-1576575	1
5	5	12	2	228888000	1
5	5	12	3	-11064558890	9
5	5	12	4	6254517940	3
5	5	12	5	-1990760360	3
5	5	12	6	1898860390	3
5	5	12	7	-6891585	1
5	5	12	8	12554340	1
5	5	13	0	-1002001	3
5	5	13	2	11036025	1
5	5	13	3	-2961769360	3
5	5	13	4	33031981675	9
5	5	13	5	-13350955244	3
5	5	13	6	2878966495	3
5	5	13	7	-2023837090	3
5	5	13	8	5335635	1
5	5	13	9	-13554680	3
5	5	14	1	5010005	1
5	5	14	3	-47822775	1
5	5	14	4	2946557240	1
5	5	14	5	-72274556585	9
5	5	14	6	7128351230	1
5	5	14	7	-975943895	1
5	5	14	8	1513054310	3
5	5	14	9	-7725265	3
5	5	14	10	-239420	1
5	5	15	2	-35070035	1
5	5	15	4	143468325	1
5	5	15	5	-6447330120	1
5	5	15	6	39913858600	3
5	5	15	7	-8706838910	1
5	5	15	8	644548720	1
5	5	15	9	-2148442870	9
5	5	15	10	2333600	3
5	5	15	11	1153240	1
5	5	16	3	455910455	3
5	5	16	5	-315630315	1
5	5	16	6	32060692400	3
5	5	16	7	-50990797550	3
5	5	16	8	8155429480	1
5	5	16	9	-184620550	1
5	5	16	10	371192570	9
5	5	16	11	-1127860	3
5	5	16	12	-1671950	3
5	5	17	4	-455910455	1
5	5	17	6	526050525	1
5	5	17	7	-13667966400	1
5	5	17	8	50647131535	3
5	5	17	9	-17512449680	3
5	5	17	10	-345318245	3
5	5	17	11	272920970	9
5	5	17	12	1175320	3
5	5	17	13	110030	1
5	5	18	5	1003003001	1
5	5	18	7	-676350675	1
5	5	18	8	13602002040	1
5	5	18	9	-117342977675	9
5	5	18	10	9452598034	3
5	5	18	11	513830815	3
5	5	18	12	-239581790	9
5	5	18	13	-752930	3
5	5	18	14	-2170	1
5	5	19	6	-5015015005	3
5	5	19	8	676350675	1
5	5	19	9	-31606608440	3
5	5	19	10	69890086420	9
5	5	19	11	-3748721570	3
5	5	19	12	-306250370	3
5	5	19	13	88020730	9
5	5	19	14	238300	3
5	5	19	15	-4970	3
5	5	20	7	2149292145	1
5	5	20	9	-526050525	1
5	5	20	10	6301079840	1
5	5	20	11	-31528077350	9
5	5	20	12	1043325140	3
5	5	20	13	105390020	3
5	5	20	14	-16717250	9
5	5	20	15	-10040	1
5	5	21	8	-2149292145	1
5	5	21	10	315630315	1
5	5	21	11	-2858367600	1
5	5	21	12	10427734625	9
5	5	21	13	-187545820	3
5	5	21	14	-20495575	3
5	5	21	15	444130	3
5	5	22	9	5015015005	3
5	5	22	11	-143468325	1
5	5	22	12	2856746200	3
5	5	22	13	-2387253715	9
5	5	22	14	18359990	3
5	5	22	15	1758125	3
5	5	23	10	-1003003001	1
5	5	23	12	47822775	1
5	5	23	13	-219996920	1
5	5	23	14	338261000	9
5	5	23	15	-201586	1
5	5	24	11	455910455	1
5	5	24	13	-11036025	1
5	5	24	14	31524240	1
5	5	24	15	-2484790	1
5	5	25	12	-455910455	3
5	5	25	14	1576575	1
5	5	25	15	-6337760	3
5	5	26	13	35070035	1
5	5	26	15	-105105	1
5	5	27	14	-5010005	1
5	5	28	15	1002001	3
5	6	4	0	-15890	9
5	6	5	0	920	9
5	6	5	1	79870	3
5	6	6	0	-4009190	27
5	6	6	1	-9010	9
5	6	6	2	-557630	3
5	6	7	0	-700160	3
5	6	7	1	60804370	27
5	6	7	2	-57535	9
5	6	7	3	7080010	9
5	6	8	0	-21326440	9
5	6	8	1	32058190	9
5	6	8	2	-426370700	27
5	6	8	3	806725	9
5	6	8	4	-6702280	3
5	6	9	0	-112160125	27
5	6	9	1	316678900	9
5	6	9	2	-226077095	9
5	6	9	3	1816771880	27
5	6	9	4	-3763115	9
5	6	9	5	13362320	3
5	6	10	0	-29785910	9
5	6	10	1	1678228475	27
5	6	10	2	-2186455850	9
5	6	10	3	966808585	9
5	6	10	4	-5219941930	27
5	6	10	5	10100635	9
5	6	10	6	-56908640	9
5	6	11	0	7107100	9
5	6	11	1	148251950	3
5	6	11	2	-11706240700	27
5	6	11	3	3100521890	3
5	6	11	4	-2777050030	9
5	6	11	5	10623815510	27
5	6	11	6	-5878475	3
5	6	11	7	6310460	1
5	6	12	1	-35535500	3
5	6	12	2	-343831950	1
5	6	12	3	50511069070	27
5	6	12	4	-27238477720	9
5	6	12	5	5610931040	9
5	6	12	6	-5214581540	9
5	6	12	7	2297195	1
5	6	12	8	-4184780	1
5	6	13	0	10020010	9
5	6	13	2	248748500	3
5	6	13	3	13313023570	9
5	6	13	4	-150816552425	27
5	6	13	5	58093701740	9
5	6	13	6	-8092598485	9
5	6	13	7	5550676280	9
5	6	13	8	-1778545	1
5	6	13	9	13554680	9
5	6	14	1	-50100050	3
5	6	14	3	-3233730500	9
5	6	14	4	-13206538730	3
5	6	14	5	330146510155	27
5	6	14	6	-93101583050	9
5	6	14	7	2730520145	3
5	6	14	8	-4143705550	9
5	6	14	9	7725265	9
5	6	14	10	239420	3
5	6	15	2	350700350	3
5	6	15	4	3233730500	3
5	6	15	5	9602904850	1
5	6	15	6	-182493264800	9
5	6	15	7	37996356650	3
5	6	15	8	-1785125500	3
5	6	15	9	5872848590	27
5	6	15	10	-2333600	9
5	6	15	11	-1153240	3
5	6	16	3	-4559104550	9
5	6	16	5	-7114207100	3
5	6	16	6	-142811865350	9
5	6	16	7	233479742650	9
5	6	16	8	-35763415480	3
5	6	16	9	487710610	3
5	6	16	10	-1008760900	27
5	6	16	11	1127860	9
5	6	16	12	1671950	9
5	6	17	4	4559104550	3
5	6	17	6	35571035500	9
5	6	17	7	20232924250	1
5	6	17	8	-232382509205	9
5	6	17	9	77433738940	9
5	6	17	10	1042699055	9
5	6	17	11	-750118600	27
5	6	17	12	-1175320	9
5	6	17	13	-110030	3
5	6	18	5	-10030030010	3
5	6	18	7	-5081576500	1
5	6	18	8	-20079007410	1
5	6	18	9	539839663825	27
5	6	18	10	-42351033310	9
5	6	18	11	-1481344705	9
5	6	18	12	657282010	27
5	6	18	13	752930	9
5	6	18	14	2170	3
5	6	19	6	50150150050	9
5	6	19	8	5081576500	1
5	6	19	9	139633277630	9
5	6	19	10	-322587386660	27
5	6	19	11	17148495650	9
5	6	19	12	873045410	9
5	6	19	13	-241959830	27
5	6	19	14	-238300	9
5	6	19	15	4970	9
5	6	20	7	-7164307150	1
5	6	20	9	-35571035500	9
5	6	20	10	-27784962590	3
5	6	20	11	146083526050	27
5	6	20	12	-548421400	1
5	6	20	13	-298519460	9
5	6	20	14	46187740	27
5	6	20	15	10040	3
5	6	21	8	7164307150	1
5	6	21	10	7114207100	3
5	6	21	11	4196403750	1
5	6	21	12	-48526814875	27
5	6	21	13	940274020	9
5	6	21	14	57765325	9
5	6	21	15	-1238840	9
5	6	22	9	-50150150050	9
5	6	22	11	-3233730500	3
5	6	22	12	-12577861450	9
5	6	22	13	11162157545	27
5	6	22	14	-103239470	9
5	6	22	15	-4933115	9
5	6	23	10	10030030010	3
5	6	23	12	3233730500	9
5	6	23	13	969258290	3
5	6	23	14	-1589526400	27
5	6	23	15	4630010	9
5	6	24	11	-4559104550	3
5	6	24	13	-248748500	3
5	6	24	14	-46379410	1
5	6	24	15	11735570	3
5	6	25	12	4559104550	9
5	6	25	14	35535500	3
5	6	25	15	28058030	9
5	6	26	13	-350700350	3
5	6	26	15	-7107100	9
5	6	27	14	50100050	3
5	6	28	15	-10020010	9
5	7	6	0	728960	9
5	7	7	0	129000	1
5	7	7	1	-11068480	9
5	7	8	0	7356160	3
5	7	8	1	-1971560	1
5	7	8	2	77620340	9
5	7	9	0	39858280	9
5	7	9	1	-36335600	1
5	7	9	2	13910980	1
5	7	9	3	-330627620	9
5	7	10	0	3341360	1
5	7	10	1	-596449700	9
5	7	10	2	250280500	1
5	7	10	3	-59487860	1
5	7	10	4	949483960	9
5	7	11	0	-8388380	3
5	7	11	1	-49830000	1
5	7	11	2	4160196700	9
5	7	11	3	-3187145660	3
5	7	11	4	170794160	1
5	7	11	5	-1931312120	9
5	7	12	1	41941900	1
5	7	12	2	346123800	1
5	7	12	3	-17949997120	9
5	7	12	4	3105841720	1
5	7	12	5	-344778160	1
5	7	12	6	947348900	3
5	7	13	0	-2147145	1
5	7	13	2	-293593300	1
5	7	13	3	-1486095160	1
5	7	13	4	53602111640	9
5	7	13	5	-6618915080	1
5	7	13	6	496536380	1
5	7	13	7	-1007668340	3
5	7	14	1	32207175	1
5	7	14	3	3816712900	3
5	7	14	4	4412649120	1
5	7	14	5	-117387939460	9
5	7	14	6	31837974100	3
5	7	14	7	-501307500	1
5	7	14	8	751614640	3
5	7	15	2	-225450225	1
5	7	15	4	-3816712900	1
5	7	15	5	-9602540640	1
5	7	15	6	64941196100	3
5	7	15	7	-13021753500	1
5	7	15	8	325879080	1
5	7	15	9	-1064115920	9
5	7	16	3	976950975	1
5	7	16	5	8396768380	1
5	7	16	6	15828276200	1
5	7	16	7	-83192533600	3
5	7	16	8	12310313040	1
5	7	16	9	-86597160	1
5	7	16	10	182162380	9
5	7	17	4	-2930852925	1
5	7	17	6	-41983841900	3
5	7	17	7	-20133649800	1
5	7	17	8	82951680680	3
5	7	17	9	-26850812320	3
5	7	17	10	-66417220	1
5	7	17	11	136342180	9
5	7	18	5	6447876435	1
5	7	18	7	17993075100	1
5	7	18	8	19935756720	1
5	7	18	9	-193154620780	9
5	7	18	10	4951865900	1
5	7	18	11	92144180	1
5	7	18	12	-119342920	9
5	7	19	6	-10746460725	1
5	7	19	8	-17993075100	1
5	7	19	9	-15374192240	1
5	7	19	10	115752977780	9
5	7	19	11	-2040633100	1
5	7	19	12	-53980480	1
5	7	19	13	43982600	9
5	7	20	7	13816878075	1
5	7	20	9	41983841900	3
5	7	20	10	9163789800	1
5	7	20	11	-52594141600	9
5	7	20	12	1810337000	3
5	7	20	13	18393280	1
5	7	20	14	-8420140	9
5	7	21	8	-13816878075	1
5	7	21	10	-8396768380	1
5	7	21	11	-4148080200	1
5	7	21	12	17536558600	9
5	7	21	13	-120017320	1
5	7	21	14	-3549500	1
5	7	21	15	227060	3
5	7	22	9	10746460725	1
5	7	22	11	3816712900	1
5	7	22	12	1381072000	1
5	7	22	13	-4050125420	9
5	7	22	14	14185220	1
5	7	22	15	302380	1
5	7	23	10	-6447876435	1
5	7	23	12	-3816712900	3
5	7	23	13	-319450560	1
5	7	23	14	579191140	9
5	7	23	15	-2204620	3
5	7	24	11	2930852925	1
5	7	24	13	293593300	1
5	7	24	14	45924120	1
5	7	24	15	-4294400	1
5	7	25	12	-976950975	1
5	7	25	14	-41941900	1
5	7	25	15	-3094520	1
5	7	26	13	225450225	1
5	7	26	15	8388380	3
5	7	27	14	-32207175	1
5	7	28	15	2147145	1
5	8	6	0	-182240	9
5	8	7	0	-32250	1
5	8	7	1	2767120	9
5	8	8	0	-5150500	3
5	8	8	1	492890	1
5	8	8	2	-19405085	9
5	8	9	0	-28504795	9
5	8	9	1	25400450	1
5	8	9	2	-3477745	1
5	8	9	3	82656905	9
5	8	10	0	-2028290	1
5	8	10	1	426584675	9
5	8	10	2	-174640600	1
5	8	10	3	14871965	1
5	8	10	4	-237370990	9
5	8	11	0	14709695	3
5	8	11	1	30242850	1
5	8	11	2	-2975264050	9
5	8	11	3	2220119990	3
5	8	11	4	-42698540	1
5	8	11	5	482828030	9
5	8	12	1	-73548475	1
5	8	12	2	-210021075	1
5	8	12	3	12836956330	9
5	8	12	4	-2160672130	1
5	8	12	5	86194540	1
5	8	12	6	-236837225	3
5	8	13	0	2147145	1
5	8	13	2	514839325	1
5	8	13	3	901482175	1
5	8	13	4	-38337249335	9
5	8	13	5	4601855180	1
5	8	13	6	-124134095	1
5	8	13	7	251917085	3
5	8	14	1	-32207175	1
5	8	14	3	-6692911225	3
5	8	14	4	-2675923800	1
5	8	14	5	83984782915	9
5	8	14	6	-22143914950	3
5	8	14	7	125326875	1
5	8	14	8	-187903660	3
5	8	15	2	225450225	1
5	8	15	4	6692911225	1
5	8	15	5	5821227720	1
5	8	15	6	-46490577650	3
5	8	15	7	9072088200	1
5	8	15	8	-81469770	1
5	8	15	9	266028980	9
5	8	16	3	-976950975	1
5	8	16	5	-14724404695	1
5	8	16	6	-9592072325	1
5	8	16	7	59614177150	3
5	8	16	8	-8605474560	1
5	8	16	9	21649290	1
5	8	16	10	-45540595	9
5	8	17	4	2930852925	1
5	8	17	6	73622023475	3
5	8	17	7	12197045025	1
5	8	17	8	-59522028995	3
5	8	17	9	18875758030	3
5	8	17	10	16604305	1
5	8	17	11	-34085545	9
5	8	18	5	-6447876435	1
5	8	18	7	-31552295775	1
5	8	18	8	-12073361850	1
5	8	18	9	138840257545	9
5	8	18	10	-3511318460	1
5	8	18	11	-23036045	1
5	8	18	12	29835730	9
5	8	19	6	10746460725	1
5	8	19	8	31552295775	1
5	8	19	9	9308269850	1
5	8	19	10	-83380430870	9
5	8	19	11	1465738450	1
5	8	19	12	13495120	1
5	8	19	13	-10995650	9
5	8	20	7	-13816878075	1
5	8	20	9	-73622023475	3
5	8	20	10	-5547008445	1
5	8	20	11	37978552150	9
5	8	20	12	-1325338550	3
5	8	20	13	-4598320	1
5	8	20	14	2105035	9
5	8	21	8	13816878075	1
5	8	21	10	14724404695	1
5	8	21	11	2510568225	1
5	8	21	12	-12698023525	9
5	8	21	13	90415480	1
5	8	21	14	887375	1
5	8	21	15	-56765	3
5	8	22	9	-10746460725	1
5	8	22	11	-6692911225	1
5	8	22	12	-835842700	1
5	8	22	13	2941293905	9
5	8	22	14	-11173130	1
5	8	22	15	-75595	1
5	8	23	10	6447876435	1
5	8	23	12	6692911225	3
5	8	23	13	193350300	1
5	8	23	14	-421906210	9
5	8	23	15	1869340	3
5	8	24	11	-2930852925	1
5	8	24	13	-514839325	1
5	8	24	14	-27801675	1
5	8	24	15	3137750	1
5	8	25	12	976950975	1
5	8	25	14	73548475	1
5	8	25	15	1874015	1
5	8	26	13	-225450225	1
5	8	26	15	-14709695	3
5	8	27	14	32207175	1
5	8	28	15	-2147145	1
5	9	8	0	735880	1
5	9	9	0	1373350	1
5	9	9	1	-10877700	1
5	9	10	0	450450	1
5	9	10	1	-20553500	1
5	9	10	2	74713650	1
5	9	11	0	-5280275	1
5	9	11	1	-6756750	1
5	9	11	2	143349250	1
5	9	11	3	-316296350	1
5	9	12	1	79204125	1
5	9	12	2	47297250	1
5	9	12	3	-618478300	1
5	9	12	4	922807800	1
5	9	13	2	-554428875	1
5	9	13	3	-204954750	1
5	9	13	4	1847164550	1
5	9	13	5	-1964750940	1
5	9	14	3	2402525125	1
5	9	14	4	614864250	1
5	9	14	5	-4047244300	1
5	9	14	6	3152093650	1
5	9	15	4	-7207575375	1
5	9	15	5	-1352701350	1
5	9	15	6	6723395250	1
5	9	15	7	-3877766550	1
5	9	16	5	15856665825	1
5	9	16	6	2254502250	1
5	9	16	7	-8625787500	1
5	9	16	8	3685264200	1
5	9	17	6	-26427776375	1
5	9	17	7	-2898645750	1
5	9	17	8	8618690850	1
5	9	17	9	-2702901100	1
5	9	18	7	33978569625	1
5	9	18	8	2898645750	1
5	9	18	9	-6707526100	1
5	9	18	10	1515567990	1
5	9	19	8	-33978569625	1
5	9	19	9	-2254502250	1
5	9	19	10	4032754550	1
5	9	19	11	-637053450	1
5	9	20	9	26427776375	1
5	9	20	10	1352701350	1
5	9	20	11	-1839260500	1
5	9	20	12	193945400	1
5	9	21	10	-15856665825	1
5	9	21	11	-614864250	1
5	9	21	12	615843250	1
5	9	21	13	-40274100	1
5	9	22	11	7207575375	1
5	9	22	12	204954750	1
5	9	22	13	-142871300	1
5	9	22	14	5084550	1
5	9	23	12	-2402525125	1
5	9	23	13	-47297250	1
5	9	23	14	20526550	1
5	9	23	15	-292930	1
5	9	24	13	554428875	1
5	9	24	14	6756750	1
5	9	24	15	-1376100	1
5	9	25	14	-79204125	1
5	9	25	15	-450450	1
5	9	26	15	5280275	1
5	10	8	0	-147176	1
5	10	9	0	-274670	1
5	10	9	1	2175540	1
5	10	10	0	254760	1
5	10	10	1	4110700	1
5	10	10	2	-14942730	1
5	10	11	0	3533530	1
5	10	11	1	-3748800	1
5	10	11	2	-28669850	1
5	10	11	3	63259270	1
5	10	12	1	-53002950	1
5	10	12	2	25570050	1
5	10	12	3	123695660	1
5	10	12	4	-184561560	1
5	10	13	0	-3006003	1
5	10	13	2	371020650	1
5	10	13	3	-107359890	1
5	10	13	4	-369432910	1
5	10	13	5	392950188	1
5	10	14	1	45090045	1
5	10	14	3	-1607756150	1
5	10	14	4	310670580	1
5	10	14	5	809448860	1
5	10	14	6	-630418730	1
5	10	15	2	-315630315	1
5	10	15	4	4823268450	1
5	10	15	5	-657153420	1
5	10	15	6	-1344679050	1
5	10	15	7	775553310	1
5	10	16	3	1367731365	1
5	10	16	5	-10611190590	1
5	10	16	6	1051266150	1
5	10	16	7	1725157500	1
5	10	16	8	-737052840	1
5	10	17	4	-4103194095	1
5	10	17	6	17685317650	1
5	10	17	7	-1297380150	1
5	10	17	8	-1723738170	1
5	10	17	9	540580220	1
5	10	18	5	9027027009	1
5	10	18	7	-22738265550	1
5	10	18	8	1247906880	1
5	10	18	9	1341505220	1
5	10	18	10	-303113598	1
5	10	19	6	-15045045015	1
5	10	19	8	22738265550	1
5	10	19	9	-937745160	1
5	10	19	10	-806550910	1
5	10	19	11	127410690	1
5	10	20	7	19343629305	1
5	10	20	9	-17685317650	1
5	10	20	10	547465710	1
5	10	20	11	367852100	1
5	10	20	12	-38789080	1
5	10	21	8	-19343629305	1
5	10	21	10	10611190590	1
5	10	21	11	-244528350	1
5	10	21	12	-123168650	1
5	10	21	13	8054820	1
5	10	22	9	15045045015	1
5	10	22	11	-4823268450	1
5	10	22	12	81104100	1
5	10	22	13	28574260	1
5	10	22	14	-1016910	1
5	10	23	10	-9027027009	1
5	10	23	12	1607756150	1
5	10	23	13	-18901740	1
5	10	23	14	-4105310	1
5	10	23	15	58586	1
5	10	24	11	4103194095	1
5	10	24	13	-371020650	1
5	10	24	14	2772330	1
5	10	24	15	275220	1
5	10	25	12	-1367731365	1
5	10	25	14	53002950	1
5	10	25	15	-193050	1
5	10	26	13	315630315	1
5	10	26	15	-3533530	1
5	10	27	14	-45090045	1
5	10	28	15	3006003	1
5	11	10	0	-188100	1
5	11	11	0	-1351350	1
5	11	11	1	2781900	1
5	11	12	1	20270250	1
5	11	12	2	-19107000	1
5	11	13	0	4099095	1
5	11	13	2	-141891750	1
5	11	13	3	80918640	1
5	11	14	1	-61486425	1
5	11	14	3	614864250	1
5	11	14	4	-236532780	1
5	11	15	2	430404975	1
5	11	15	4	-1844592750	1
5	11	15	5	506014740	1
5	11	16	3	-1865088225	1
5	11	16	5	4058104050	1
5	11	16	6	-819363600	1
5	11	17	4	5595264675	1
5	11	17	6	-6763506750	1
5	11	17	7	1023877800	1
5	11	18	5	-12309582285	1
5	11	18	7	8695937250	1
5	11	18	8	-996892380	1
5	11	19	6	20515970475	1
5	11	19	8	-8695937250	1
5	11	19	9	757443060	1
5	11	20	7	-26377676325	1
5	11	20	9	6763506750	1
5	11	20	10	-446185080	1
5	11	21	8	26377676325	1
5	11	21	10	-4058104050	1
5	11	21	11	200455200	1
5	11	22	9	-20515970475	1
5	11	22	11	1844592750	1
5	11	22	12	-66597300	1
5	11	23	10	12309582285	1
5	11	23	12	-614864250	1
5	11	23	13	15469740	1
5	11	24	11	-5595264675	1
5	11	24	13	141891750	1
5	11	24	14	-2249280	1
5	11	25	12	1865088225	1
5	11	25	14	-20270250	1
5	11	25	15	154440	1
5	11	26	13	-430404975	1
5	11	26	15	1351350	1
5	11	27	14	61486425	1
5	11	28	15	-4099095	1
5	12	10	0	31350	1
5	12	11	0	225225	1
5	12	11	1	-463650	1
5	12	12	1	-3378375	1
5	12	12	2	3184500	1
5	12	13	0	-2732730	1
5	12	13	2	23648625	1
5	12	13	3	-13486440	1
5	12	14	1	40990950	1
5	12	14	3	-102477375	1
5	12	14	4	39422130	1
5	12	15	2	-286936650	1
5	12	15	4	307432125	1
5	12	15	5	-84335790	1
5	12	16	3	1243392150	1
5	12	16	5	-676350675	1
5	12	16	6	136560600	1
5	12	17	4	-3730176450	1
5	12	17	6	1127251125	1
5	12	17	7	-170646300	1
5	12	18	5	8206388190	1
5	12	18	7	-1449322875	1
5	12	18	8	166148730	1
5	12	19	6	-13677313650	1
5	12	19	8	1449322875	1
5	12	19	9	-126240510	1
5	12	20	7	17585117550	1
5	12	20	9	-1127251125	1
5	12	20	10	74364180	1
5	12	21	8	-17585117550	1
5	12	21	10	676350675	1
5	12	21	11	-33409200	1
5	12	22	9	13677313650	1
5	12	22	11	-307432125	1
5	12	22	12	11099550	1
5	12	23	10	-8206388190	1
5	12	23	12	102477375	1
5	12	23	13	-2578290	1
5	12	24	11	3730176450	1
5	12	24	13	-23648625	1
5	12	24	14	374880	1
5	12	25	12	-1243392150	1
5	12	25	14	3378375	1
5	12	25	15	-25740	1
5	12	26	13	286936650	1
5	12	26	15	-225225	1
5	12	27	14	-40990950	1
5	12	28	15	2732730	1
5	13	13	0	945945	1
5	13	14	1	-14189175	1
5	13	15	2	99324225	1
5	13	16	3	-430404975	1
5	13	17	4	1291214925	1
5	13	18	5	-2840672835	1
5	13	19	6	4734454725	1
5	13	20	7	-6087156075	1
5	13	21	8	6087156075	1
5	13	22	9	-4734454725	1
5	13	23	10	2840672835	1
5	13	24	11	-1291214925	1
5	13	25	12	430404975	1
5	13	26	13	-99324225	1
5	13	27	14	14189175	1
5	13	28	15	-945945	1
5	14	13	0	-135135	1
5	14	14	1	2027025	1
5	14	15	2	-14189175	1
5	14	16	3	61486425	1
5	14	17	4	-184459275	1
5	14	18	5	405810405	1
5	14	19	6	-676350675	1
5	14	20	7	869593725	1
5	14	21	8	-869593725	1
5	14	22	9	676350675	1
5	14	23	10	-405810405	1
5	14	24	11	184459275	1
5	14	25	12	-61486425	1
5	14	26	13	14189175	1
5	14	27	14	-2027025	1
5	14	28	15	135135	1
6	0	0	0	-5090	729
6	0	0	2	80	81
6	0	1	0	530	729
6	0	1	1	23900	243
6	0	1	3	-2195	162
6	0	2	0	18320	729
6	0	2	1	-3790	729
6	0	2	2	-51100	81
6	0	2	4	19780	243
6	0	3	0	-760	81
6	0	3	1	-84415	243
6	0	3	2	12640	729
6	0	3	3	1799920	729
6	0	3	5	-122375	432
6	0	4	0	8830	243
6	0	4	1	29660	243
6	0	4	2	538870	243
6	0	4	3	-13780	729
6	0	4	4	-1602790	243
6	0	4	6	410155	648
6	0	5	0	-33160	729
6	0	5	1	-413830	729
6	0	5	2	-60340	81
6	0	5	3	-6256705	729
6	0	5	4	-42070	729
6	0	5	5	3077690	243
6	0	5	7	-3676325	3888
6	0	6	0	64240	243
6	0	6	1	165100	243
6	0	6	2	2990020	729
6	0	6	3	77420	27
6	0	6	4	5445220	243
6	0	6	5	143230	729
6	0	6	6	-13016990	729
6	0	6	8	1229635	1296
6	0	7	0	63500	243
6	0	7	1	-321800	81
6	0	7	2	-1070350	243
6	0	7	3	-1442210	81
6	0	7	4	-1836590	243
6	0	7	5	-10161085	243
6	0	7	6	-2050	729
6	0	7	7	4487570	243
6	0	7	9	-3093085	5184
6	0	8	0	647780	729
6	0	8	1	-959660	243
6	0	8	2	6775880	243
6	0	8	3	12223670	729
6	0	8	4	37628990	729
6	0	8	5	369010	27
6	0	8	6	42379670	729
6	0	8	7	-819970	729
6	0	8	8	-1109510	81
6	0	8	10	724235	7776
6	0	9	0	872300	729
6	0	9	1	-1080050	81
6	0	9	2	6750220	243
6	0	9	3	-29045780	243
6	0	9	4	-1126150	27
6	0	9	5	-76991660	729
6	0	9	6	-3859330	243
6	0	9	7	-15269275	243
6	0	9	8	2178910	729
6	0	9	9	5100200	729
6	0	9	11	587495	1728
6	0	10	0	182050	243
6	0	10	1	-4345000	243
6	0	10	2	838000	9
6	0	10	3	-28917860	243
6	0	10	4	84206660	243
6	0	10	5	5653370	81
6	0	10	6	38216650	243
6	0	10	7	706370	81
6	0	10	8	13508680	243
6	0	10	9	-2990810	729
6	0	10	10	-205000	81
6	0	10	12	-338465	648
6	0	11	0	50050	243
6	0	11	1	-911900	81
6	0	11	2	30294220	243
6	0	11	3	-291964630	729
6	0	11	4	83421640	243
6	0	11	5	-173425330	243
6	0	11	6	-54593710	729
6	0	11	7	-126411490	729
6	0	11	8	1231280	243
6	0	11	9	-30638615	729
6	0	11	10	260980	81
6	0	11	11	92260	81
6	0	11	13	2062225	5184
6	0	12	1	-250250	81
6	0	12	2	6397490	81
6	0	12	3	-392065960	729
6	0	12	4	287796920	243
6	0	12	5	-169563680	243
6	0	12	6	86519120	81
6	0	12	7	8968990	243
6	0	12	8	104422720	729
6	0	12	9	-3541760	243
6	0	12	10	2178310	81
6	0	12	11	-276320	243
6	0	12	12	-685510	729
6	0	12	14	-15445	96
6	0	13	0	10010	729
6	0	13	2	1751750	81
6	0	13	3	-83380000	243
6	0	13	4	390016660	243
6	0	13	5	-618595490	243
6	0	13	6	82139440	81
6	0	13	7	-283136150	243
6	0	13	8	7010930	243
6	0	13	9	-21893480	243
6	0	13	10	3179500	243
6	0	13	11	-1082975	81
6	0	13	12	-218570	729
6	0	13	13	48230	81
6	0	13	15	140935	5184
6	0	14	1	-50050	243
6	0	14	3	-22772750	243
6	0	14	4	83614630	81
6	0	14	5	-852706360	243
6	0	14	6	2989023500	729
6	0	14	7	-27991760	27
6	0	14	8	220582120	243
6	0	14	9	-57956630	729
6	0	14	10	10838510	243
6	0	14	11	-1336480	243
6	0	14	12	3222940	729
6	0	14	13	120190	243
6	0	14	14	-48410	243
6	0	15	2	350350	243
6	0	15	4	22772750	81
6	0	15	5	-184503220	81
6	0	15	6	4232059700	729
6	0	15	7	-407193650	81
6	0	15	8	18593980	27
6	0	15	9	-12752540	27
6	0	15	10	7031540	81
6	0	15	11	-4435840	243
6	0	15	12	32710	243
6	0	15	13	-166295	243
6	0	15	14	-48790	243
6	0	15	15	19670	729
6	0	16	3	-4554550	729
6	0	16	5	-50100050	81
6	0	16	6	34273250	9
6	0	16	7	-599322680	81
6	0	16	8	381997940	81
6	0	16	9	-48294380	243
6	0	16	10	31034200	243
6	0	16	11	-1634020	27
6	0	16	12	1521040	243
6	0	16	13	231890	243
6	0	16	14	-12490	243
6	0	16	15	21670	729
6	0	17	4	4554550	243
6	0	17	6	250500250	243
6	0	17	7	-44203720	9
6	0	17	8	593260580	81
6	0	17	9	-2457374270	729
6	0	17	10	-30146740	243
6	0	17	11	4057040	243
6	0	17	12	21011980	729
6	0	17	13	-396010	243
6	0	17	14	-98350	243
6	0	17	15	18745	729
6	0	18	5	-10020010	243
6	0	18	7	-35785750	27
6	0	18	8	14780150	3
6	0	18	9	-4104653960	729
6	0	18	10	146554600	81
6	0	18	11	45253340	243
6	0	18	12	-2464660	81
6	0	18	13	-2232320	243
6	0	18	14	62500	243
6	0	18	15	13790	243
6	0	19	6	50100050	729
6	0	19	8	35785750	27
6	0	19	9	-933923980	243
6	0	19	10	810170020	243
6	0	19	11	-57419450	81
6	0	19	12	-27192880	243
6	0	19	13	2995910	243
6	0	19	14	432260	243
6	0	19	15	-3820	243
6	0	20	7	-7157150	81
6	0	20	9	-250500250	243
6	0	20	10	187306790	81
6	0	20	11	-362883400	243
6	0	20	12	140461600	729
6	0	20	13	9442040	243
6	0	20	14	-578800	243
6	0	20	15	-115580	729
6	0	21	8	7157150	81
6	0	21	10	50100050	81
6	0	21	11	-85355600	81
6	0	21	12	357069460	729
6	0	21	13	-8022110	243
6	0	21	14	-1854760	243
6	0	21	15	44890	243
6	0	22	9	-50100050	729
6	0	22	11	-22772750	81
6	0	22	12	85544470	243
6	0	22	13	-26990920	243
6	0	22	14	698420	243
6	0	22	15	5960	9
6	0	23	10	10020010	243
6	0	23	12	22772750	243
6	0	23	13	-6592300	81
6	0	23	14	3784660	243
6	0	23	15	-39710	729
6	0	24	11	-4554550	243
6	0	24	13	-1751750	81
6	0	24	14	943030	81
6	0	24	15	-742280	729
6	0	25	12	4554550	729
6	0	25	14	250250	81
6	0	25	15	-62920	81
6	0	26	13	-350350	243
6	0	26	15	-50050	243
6	0	27	14	50050	243
6	0	28	15	-10010	729
6	1	0	0	5090	243
6	1	1	0	-265	81
6	1	1	1	-23900	81
6	1	2	0	-36640	243
6	1	2	1	1895	81
6	1	2	2	51100	27
6	1	3	0	1900	27
6	1	3	1	168830	81
6	1	3	2	-6320	81
6	1	3	3	-1799920	243
6	1	4	0	-8830	27
6	1	4	1	-74150	81
6	1	4	2	-1077740	81
6	1	4	3	6890	81
6	1	4	4	1602790	81
6	1	5	0	116060	243
6	1	5	1	413830	81
6	1	5	2	150850	27
6	1	5	3	12513410	243
6	1	5	4	21035	81
6	1	5	5	-3077690	81
6	1	6	0	-256960	81
6	1	6	1	-577850	81
6	1	6	2	-2990020	81
6	1	6	3	-193550	9
6	1	6	4	-10890440	81
6	1	6	5	-71615	81
6	1	6	6	13016990	243
6	1	7	0	-31750	9
6	1	7	1	1287200	27
6	1	7	2	3746225	81
6	1	7	3	1442210	9
6	1	7	4	4591475	81
6	1	7	5	20322170	81
6	1	7	6	1025	81
6	1	7	7	-4487570	81
6	1	8	0	-3238900	243
6	1	8	1	479830	9
6	1	8	2	-27103520	81
6	1	8	3	-42782845	243
6	1	8	4	-37628990	81
6	1	8	5	-922525	9
6	1	8	6	-84759340	243
6	1	8	7	409985	81
6	1	8	8	1109510	27
6	1	9	0	-4797650	243
6	1	9	1	5400250	27
6	1	9	2	-3375110	9
6	1	9	3	116183120	81
6	1	9	4	3941525	9
6	1	9	5	76991660	81
6	1	9	6	9648325	81
6	1	9	7	30538550	81
6	1	9	8	-1089455	81
6	1	9	9	-5100200	243
6	1	10	0	-364100	27
6	1	10	1	23897500	81
6	1	10	2	-4190000	3
6	1	10	3	14458930	9
6	1	10	4	-336826640	81
6	1	10	5	-19786795	27
6	1	10	6	-38216650	27
6	1	10	7	-1765925	27
6	1	10	8	-27017360	81
6	1	10	9	1495405	81
6	1	10	10	205000	27
6	1	11	0	-325325	81
6	1	11	1	1823800	9
6	1	11	2	-166618210	81
6	1	11	3	1459823150	243
6	1	11	4	-41710820	9
6	1	11	5	693701320	81
6	1	11	6	191077985	243
6	1	11	7	126411490	81
6	1	11	8	-3078200	81
6	1	11	9	61277230	243
6	1	11	10	-130490	9
6	1	11	11	-92260	27
6	1	12	1	1626625	27
6	1	12	2	-12794980	9
6	1	12	3	2156362780	243
6	1	12	4	-1438984600	81
6	1	12	5	84781840	9
6	1	12	6	-346076480	27
6	1	12	7	-31391465	81
6	1	12	8	-104422720	81
6	1	12	9	8854400	81
6	1	12	10	-4356620	27
6	1	12	11	138160	27
6	1	12	12	685510	243
6	1	13	0	-25025	81
6	1	13	2	-11386375	27
6	1	13	3	166760000	27
6	1	13	4	-2145091630	81
6	1	13	5	3092977450	81
6	1	13	6	-41069720	3
6	1	13	7	1132544600	81
6	1	13	8	-24538255	81
6	1	13	9	21893480	27
6	1	13	10	-7948750	81
6	1	13	11	2165950	27
6	1	13	12	109285	81
6	1	13	13	-48230	27
6	1	14	1	125125	27
6	1	14	3	148022875	81
6	1	14	4	-167229260	9
6	1	14	5	4689884980	81
6	1	14	6	-14945117500	243
6	1	14	7	13995880	1
6	1	14	8	-882328480	81
6	1	14	9	202848205	243
6	1	14	10	-10838510	27
6	1	14	11	3341200	81
6	1	14	12	-6445880	243
6	1	14	13	-60095	27
6	1	14	14	48410	81
6	1	15	2	-875875	27
6	1	15	4	-148022875	27
6	1	15	5	369006440	9
6	1	15	6	-23276328350	243
6	1	15	7	2035968250	27
6	1	15	8	-9296990	1
6	1	15	9	51010160	9
6	1	15	10	-24610390	27
6	1	15	11	4435840	27
6	1	15	12	-81775	81
6	1	15	13	332590	81
6	1	15	14	24395	27
6	1	15	15	-19670	243
6	1	16	3	11386375	81
6	1	16	5	325650325	27
6	1	16	6	-68546500	1
6	1	16	7	3296274740	27
6	1	16	8	-1909989700	27
6	1	16	9	24147190	9
6	1	16	10	-124136800	81
6	1	16	11	5719070	9
6	1	16	12	-1521040	27
6	1	16	13	-579725	81
6	1	16	14	24980	81
6	1	16	15	-10835	81
6	1	17	4	-11386375	27
6	1	17	6	-1628251625	81
6	1	17	7	88407440	1
6	1	17	8	-3262933190	27
6	1	17	9	12286871350	243
6	1	17	10	15073370	9
6	1	17	11	-16228160	81
6	1	17	12	-73541930	243
6	1	17	13	396010	27
6	1	17	14	245875	81
6	1	17	15	-37490	243
6	1	18	5	25050025	27
6	1	18	7	232607375	9
6	1	18	8	-88680900	1
6	1	18	9	22575596780	243
6	1	18	10	-732773000	27
6	1	18	11	-22626670	9
6	1	18	12	9858640	27
6	1	18	13	7813120	81
6	1	18	14	-62500	27
6	1	18	15	-34475	81
6	1	19	6	-125250125	81
6	1	19	8	-232607375	9
6	1	19	9	1867847960	27
6	1	19	10	-4455935110	81
6	1	19	11	287097250	27
6	1	19	12	13596440	9
6	1	19	13	-11983640	81
6	1	19	14	-1512910	81
6	1	19	15	3820	27
6	1	20	7	17892875	9
6	1	20	9	1628251625	81
6	1	20	10	-374613580	9
6	1	20	11	1995858700	81
6	1	20	12	-702308000	243
6	1	20	13	-4721020	9
6	1	20	14	2315200	81
6	1	20	15	404530	243
6	1	21	8	-17892875	9
6	1	21	10	-325650325	27
6	1	21	11	170711200	9
6	1	21	12	-1963882030	243
6	1	21	13	40110550	81
6	1	21	14	927380	9
6	1	21	15	-179560	81
6	1	22	9	125250125	81
6	1	22	11	148022875	27
6	1	22	12	-171088940	27
6	1	22	13	148450060	81
6	1	22	14	-3492100	81
6	1	22	15	-8940	1
6	1	23	10	-25050025	27
6	1	23	12	-148022875	81
6	1	23	13	13184600	9
6	1	23	14	-20815630	81
6	1	23	15	198550	243
6	1	24	11	11386375	27
6	1	24	13	11386375	27
6	1	24	14	-1886060	9
6	1	24	15	4082540	243
6	1	25	12	-11386375	81
6	1	25	14	-1626625	27
6	1	25	15	125840	9
6	1	26	13	875875	27
6	1	26	15	325325	81
6	1	27	14	-125125	27
6	1	28	15	25025	81
6	2	0	0	-5090	243
6	2	1	0	265	81
6	2	1	1	23900	81
6	2	2	0	91600	243
6	2	2	1	-1895	81
6	2	2	2	-51100	27
6	2	3	0	-5320	27
6	2	3	1	-422075	81
6	2	3	2	6320	81
6	2	3	3	1799920	243
6	2	4	0	35425	27
6	2	4	1	207620	81
6	2	4	2	2694350	81
6	2	4	3	-6890	81
6	2	4	4	-1602790	81
6	2	5	0	-513980	243
6	2	5	1	-1662310	81
6	2	5	2	-422380	27
6	2	5	3	-31283525	243
6	2	5	4	-21035	81
6	2	5	5	3077690	81
6	2	6	0	1408510	81
6	2	6	1	2559050	81
6	2	6	2	11976520	81
6	2	6	3	541940	9
6	2	6	4	27226100	81
6	2	6	5	71615	81
6	2	6	6	-13016990	243
6	2	7	0	567460	27
6	2	7	1	-7076840	27
6	2	7	2	-16590425	81
6	2	7	3	-5763140	9
6	2	7	4	-12856130	81
6	2	7	5	-50805425	81
6	2	7	6	-1025	81
6	2	7	7	4487570	81
6	2	8	0	22880200	243
6	2	8	1	-2867920	9
6	2	8	2	149226230	81
6	2	8	3	189466885	243
6	2	8	4	150193745	81
6	2	8	5	2583070	9
6	2	8	6	211898350	243
6	2	8	7	-409985	81
6	2	8	8	-1109510	27
6	2	9	0	36324200	243
6	2	9	1	-38093425	27
6	2	9	2	20212780	9
6	2	9	3	-640040360	81
6	2	9	4	-17455325	9
6	2	9	5	-307043855	81
6	2	9	6	-27015310	81
6	2	9	7	-76346375	81
6	2	9	8	1089455	81
6	2	9	9	5100200	243
6	2	10	0	984500	9
6	2	10	1	-180946150	81
6	2	10	2	88534750	9
6	2	10	3	-260021720	27
6	2	10	4	1855602650	81
6	2	10	5	87627235	27
6	2	10	6	152046505	27
6	2	10	7	4944590	27
6	2	10	8	67543400	81
6	2	10	9	-1495405	81
6	2	10	10	-205000	27
6	2	11	0	2652650	81
6	2	11	1	-1642850	1
6	2	11	2	1261590880	81
6	2	11	3	-10267169405	243
6	2	11	4	27783840	1
6	2	11	5	-3820222120	81
6	2	11	6	-846202505	243
6	2	11	7	-499587625	81
6	2	11	8	8618960	81
6	2	11	9	-153193075	243
6	2	11	10	130490	9
6	2	11	11	92260	27
6	2	12	1	-13263250	27
6	2	12	2	34551880	3
6	2	12	3	-16327019830	243
6	2	12	4	10107772870	81
6	2	12	5	-169282540	3
6	2	12	6	1904323430	27
6	2	12	7	139019345	81
6	2	12	8	406486660	81
6	2	12	9	-24792320	81
6	2	12	10	10891550	27
6	2	12	11	-138160	27
6	2	12	12	-685510	243
6	2	13	0	175175	81
6	2	13	2	92842750	27
6	2	13	3	-1349862250	27
6	2	13	4	16241548180	81
6	2	13	5	-21704031385	81
6	2	13	6	2209621960	27
6	2	13	7	-6223381280	81
6	2	13	8	108669415	81
6	2	13	9	-82794095	27
6	2	13	10	22256500	81
6	2	13	11	-5414875	27
6	2	13	12	-109285	81
6	2	13	13	48230	27
6	2	14	1	-875875	27
6	2	14	3	-1206955750	81
6	2	14	4	1352443180	9
6	2	14	5	-35511013450	81
6	2	14	6	104804269000	243
6	2	14	7	-249942460	3
6	2	14	8	4837036930	81
6	2	14	9	-898327765	243
6	2	14	10	39208235	27
6	2	14	11	-9355360	81
6	2	14	12	16114700	243
6	2	14	13	60095	27
6	2	14	14	-48410	81
6	2	15	2	6131125	27
6	2	15	4	1206955750	27
6	2	15	5	-2981436370	9
6	2	15	6	176266834700	243
6	2	15	7	-14274446275	27
6	2	15	8	164322820	3
6	2	15	9	-278347240	9
6	2	15	10	108988870	27
6	2	15	11	-15369985	27
6	2	15	12	228970	81
6	2	15	13	-831475	81
6	2	15	14	-24395	27
6	2	15	15	19670	243
6	2	16	3	-79704625	81
6	2	16	5	-2655302650	27
6	2	16	6	14938660000	27
6	2	16	7	-24967886570	27
6	2	16	8	13396040140	27
6	2	16	9	-405070120	27
6	2	16	10	667173130	81
6	2	16	11	-25327310	9
6	2	16	12	5248660	27
6	2	16	13	1623230	81
6	2	16	14	-62450	81
6	2	16	15	10835	81
6	2	17	4	79704625	27
6	2	17	6	13276513250	81
6	2	17	7	-2138652010	3
6	2	17	8	24724346240	27
6	2	17	9	-86273999095	243
6	2	17	10	-98158340	9
6	2	17	11	97281080	81
6	2	17	12	325685690	243
6	2	17	13	-1438150	27
6	2	17	14	-688450	81
6	2	17	15	93725	243
6	2	18	5	-175350175	27
6	2	18	7	-1896644750	9
6	2	18	8	2143164100	3
6	2	18	9	-171150099230	243
6	2	18	10	5156910890	27
6	2	18	11	140075600	9
6	2	18	12	-55121950	27
6	2	18	13	-34600960	81
6	2	18	14	249880	27
6	2	18	15	96530	81
6	2	19	6	876750875	81
6	2	19	8	1896644750	9
6	2	19	9	-5010889510	9
6	2	19	10	33803842600	81
6	2	19	11	-2028673075	27
6	2	19	12	-249764200	27
6	2	19	13	66478280	81
6	2	19	14	6700030	81
6	2	19	15	-18100	27
6	2	20	7	-125250125	9
6	2	20	9	-13276513250	81
6	2	20	10	1004091880	3
6	2	20	11	-15153646750	81
6	2	20	12	4999141850	243
6	2	20	13	9584260	3
6	2	20	14	-12803890	81
6	2	20	15	-1791490	243
6	2	21	8	125250125	9
6	2	21	10	2655302650	27
6	2	21	11	-457197950	3
6	2	21	12	14925683740	243
6	2	21	13	-289692535	81
6	2	21	14	-625280	1
6	2	21	15	992080	81
6	2	22	9	-876750875	81
6	2	22	11	-1206955750	27
6	2	22	12	1373671420	27
6	2	22	13	-1129535110	81
6	2	22	14	26162620	81
6	2	22	15	1460420	27
6	2	23	10	175350175	27
6	2	23	12	1206955750	81
6	2	23	13	-105798550	9
6	2	23	14	158588980	81
6	2	23	15	-1839805	243
6	2	24	11	-79704625	27
6	2	24	13	-92842750	27
6	2	24	14	15128080	9
6	2	24	15	-31148150	243
6	2	25	12	79704625	81
6	2	25	14	13263250	27
6	2	25	15	-3027310	27
6	2	26	13	-6131125	27
6	2	26	15	-2652650	81
6	2	27	14	875875	27
6	2	28	15	-175175	81
6	3	2	0	-36640	81
6	3	3	0	760	3
6	3	3	1	168830	27
6	3	4	0	-8900	3
6	3	4	1	-29660	9
6	3	4	2	-1077740	27
6	3	5	0	414500	81
6	3	5	1	418490	9
6	3	5	2	60340	3
6	3	5	3	12513410	81
6	3	6	0	-509150	9
6	3	6	1	-2063750	27
6	3	6	2	-3000980	9
6	3	6	3	-77420	1
6	3	6	4	-10890440	27
6	3	7	0	-652610	9
6	3	7	1	2571640	3
6	3	7	2	13379375	27
6	3	7	3	1438410	1
6	3	7	4	1836590	9
6	3	7	5	20322170	27
6	3	8	0	-33220600	81
6	3	8	1	1106700	1
6	3	8	2	-54363910	9
6	3	8	3	-152795875	81
6	3	8	4	-37414180	9
6	3	8	5	-369010	1
6	3	8	6	-84759340	81
6	3	9	0	-6167975	9
6	3	9	1	55169200	9
6	3	9	2	-23493190	3
6	3	9	3	233399440	9
6	3	9	4	14076875	3
6	3	9	5	76376470	9
6	3	9	6	3859330	9
6	3	9	7	30538550	27
6	3	10	0	-4754750	9
6	3	10	1	30729325	3
6	3	10	2	-127879000	3
6	3	10	3	302800960	9
6	3	10	4	-676709410	9
6	3	10	5	-70667125	9
6	3	10	6	-12556640	1
6	3	10	7	-706370	3
6	3	10	8	-27017360	27
6	3	11	0	-3853850	27
6	3	11	1	23773750	3
6	3	11	2	-214249915	3
6	3	11	3	14791860920	81
6	3	11	4	-291239480	3
6	3	11	5	1392267500	9
6	3	11	6	682421375	81
6	3	11	7	122372600	9
6	3	11	8	-1231280	9
6	3	11	9	61277230	81
6	3	12	1	19269250	9
6	3	12	2	-166416250	3
6	3	12	3	2772602965	9
6	3	12	4	-14529368680	27
6	3	12	5	590520910	3
6	3	12	6	-693055750	3
6	3	12	7	-112112375	27
6	3	12	8	-96953240	9
6	3	12	9	3541760	9
6	3	12	10	-4356620	9
6	3	13	2	-134884750	9
6	3	13	3	2163411250	9
6	3	13	4	-2758045015	3
6	3	13	5	31142531440	27
6	3	13	6	-2558892140	9
6	3	13	7	2259475180	9
6	3	13	8	-87636625	27
6	3	13	9	18706930	3
6	3	13	10	-3179500	9
6	3	13	11	2165950	9
6	3	14	3	1753501750	27
6	3	14	4	-2163411250	3
6	3	14	5	6030794275	3
6	3	14	6	-150204961000	81
6	3	14	7	286971650	1
6	3	14	8	-1748887250	9
6	3	14	9	724457875	81
6	3	14	10	-8074640	3
6	3	14	11	1336480	9
6	3	14	12	-6445880	81
6	3	15	4	-1753501750	9
6	3	15	5	4759504750	3
6	3	15	6	-29942596475	9
6	3	15	7	20450356600	9
6	3	15	8	-184656290	1
6	3	15	9	99811680	1
6	3	15	10	-87894250	9
6	3	15	11	2853590	3
6	3	15	12	-32710	9
6	3	15	13	332590	27
6	3	16	5	3857703850	9
6	3	16	6	-23797523750	9
6	3	16	7	4243256435	1
6	3	16	8	-19204345960	9
6	3	16	9	403563440	9
6	3	16	10	-232694330	9
6	3	16	11	20425250	3
6	3	16	12	-964040	3
6	3	16	13	-231890	9
6	3	16	14	24980	27
6	3	17	6	-19288519250	27
6	3	17	7	3399646250	1
6	3	17	8	-4204840145	1
6	3	17	9	123932312080	81
6	3	17	10	44175670	1
6	3	17	11	-40482520	9
6	3	17	12	-262649750	81
6	3	17	13	298750	3
6	3	17	14	98350	9
6	3	17	15	-37490	81
6	3	18	7	2755502750	3
6	3	18	8	-3399646250	1
6	3	18	9	29136057665	9
6	3	18	10	-7437729560	9
6	3	18	11	-173491220	3
6	3	18	12	20616710	3
6	3	18	13	27904000	27
6	3	18	14	-62420	3
6	3	18	15	-13790	9
6	3	19	8	-2755502750	3
6	3	19	9	23797523750	9
6	3	19	10	-5762083525	3
6	3	19	11	2946941800	9
6	3	19	12	303124220	9
6	3	19	13	-24535540	9
6	3	19	14	-5403250	27
6	3	19	15	1900	1
6	3	20	9	19288519250	27
6	3	20	10	-4759504750	3
6	3	20	11	2587176625	3
6	3	20	12	-7355023400	81
6	3	20	13	-34540450	3
6	3	20	14	4700690	9
6	3	20	15	1444750	81
6	3	21	10	-3857703850	9
6	3	21	11	2163411250	3
6	3	21	12	-2553136795	9
6	3	21	13	436780240	27
6	3	21	14	6713000	3
6	3	21	15	-363620	9
6	3	22	11	1753501750	9
6	3	22	12	-2163411250	9
6	3	22	13	193642405	3
6	3	22	14	-41792680	27
6	3	22	15	-1732150	9
6	3	23	12	-1753501750	27
6	3	23	13	166416250	3
6	3	23	14	-27255415	3
6	3	23	15	3785320	81
6	3	24	13	134884750	9
6	3	24	14	-23773750	3
6	3	24	15	5367725	9
6	3	25	14	-19269250	9
6	3	25	15	4754750	9
6	3	26	15	3853850	27
6	4	2	0	18320	81
6	4	3	0	-380	3
6	4	3	1	-84415	27
6	4	4	0	3975	1
6	4	4	1	14830	9
6	4	4	2	538870	27
6	4	5	0	-580300	81
6	4	5	1	-62430	1
6	4	5	2	-30170	3
6	4	5	3	-6256705	81
6	4	6	0	119340	1
6	4	6	1	2889250	27
6	4	6	2	4010440	9
6	4	6	3	38710	1
6	4	6	4	5445220	27
6	4	7	0	4296970	27
6	4	7	1	-16380520	9
6	4	7	2	-18731125	27
6	4	7	3	-5744140	3
6	4	7	4	-918295	9
6	4	7	5	-10161085	27
6	4	8	0	98363300	81
6	4	8	1	-7353280	3
6	4	8	2	115782580	9
6	4	8	3	213914225	81
6	4	8	4	16568855	3
6	4	8	5	184505	1
6	4	8	6	42379670	81
6	4	9	0	18971150	9
6	4	9	1	-54276550	3
6	4	9	2	156944510	9
6	4	9	3	-55297940	1
6	4	9	4	-19707625	3
6	4	9	5	-101322635	9
6	4	9	6	-1929665	9
6	4	9	7	-15269275	27
6	4	10	0	45458050	27
6	4	10	1	-283598150	9
6	4	10	2	1128454000	9
6	4	10	3	-2028072740	27
6	4	10	4	1443058600	9
6	4	10	5	98933975	9
6	4	10	6	149312855	9
6	4	10	7	353185	3
6	4	10	8	13508680	27
6	4	11	0	8883875	27
6	4	11	1	-226881875	9
6	4	11	2	1977283330	9
6	4	11	3	-43367561590	81
6	4	11	4	1951047520	9
6	4	11	5	-2966608970	9
6	4	11	6	-955389925	81
6	4	11	7	-159797725	9
6	4	11	8	615640	9
6	4	11	9	-30638615	81
6	4	12	1	-44419375	9
6	4	12	2	1584661100	9
6	4	12	3	-8528752210	9
6	4	12	4	42474674360	27
6	4	12	5	-3947214290	9
6	4	12	6	491411860	1
6	4	12	7	156957325	27
6	4	12	8	123046420	9
6	4	12	9	-1770880	9
6	4	12	10	2178310	9
6	4	13	0	-2277275	27
6	4	13	2	310935625	9
6	4	13	3	-20547968375	27
6	4	13	4	25451364730	9
6	4	13	5	-90831049730	27
6	4	13	6	17010131620	27
6	4	13	7	-4792106030	9
6	4	13	8	122691275	27
6	4	13	9	-22287115	3
6	4	13	10	1589750	9
6	4	13	11	-1082975	9
6	4	14	1	11386375	9
6	4	14	3	-4042163125	27
6	4	14	4	20489897450	9
6	4	14	5	-55659013850	9
6	4	14	6	437428599500	81
6	4	14	7	-1885158670	3
6	4	14	8	3690321580	9
6	4	14	9	-1014241025	81
6	4	14	10	25388885	9
6	4	14	11	-668240	9
6	4	14	12	3222940	81
6	4	15	2	-79704625	9
6	4	15	4	4042163125	9
6	4	15	5	-44941393475	9
6	4	15	6	92145874150	9
6	4	15	7	-59526674450	9
6	4	15	8	1176352090	3
6	4	15	9	-1876044860	9
6	4	15	10	123051950	9
6	4	15	11	-2486245	3
6	4	15	12	16355	9
6	4	15	13	-166295	27
6	4	16	3	1036160125	27
6	4	16	5	-8892758875	9
6	4	16	6	223998709000	27
6	4	16	7	-13066425790	1
6	4	16	8	55946762420	9
6	4	16	9	-2088474940	27
6	4	16	10	468726380	9
6	4	16	11	-28595350	3
6	4	16	12	273740	1
6	4	16	13	115945	9
6	4	16	14	-12490	27
6	4	17	4	-1036160125	9
6	4	17	6	44463794375	27
6	4	17	7	-31897266775	3
6	4	17	8	12960616130	1
6	4	17	9	-361991794910	81
6	4	17	10	-350634910	3
6	4	17	11	11032320	1
6	4	17	12	367709650	81
6	4	17	13	-951850	9
6	4	17	14	-49175	9
6	4	17	15	18745	81
6	4	18	5	2279552275	9
6	4	18	7	-6351970625	3
6	4	18	8	31795744750	3
6	4	18	9	-89927056010	9
6	4	18	10	21837081320	9
6	4	18	11	1255496800	9
6	4	18	12	-135891200	9
6	4	18	13	-39065600	27
6	4	18	14	27720	1
6	4	18	15	6895	9
6	4	19	6	-11397761375	27
6	4	19	8	6351970625	3
6	4	19	9	-221883517075	27
6	4	19	10	53446565150	9
6	4	19	11	-2910329950	3
6	4	19	12	-2140856500	27
6	4	19	13	5897470	1
6	4	19	14	7564550	27
6	4	19	15	-27500	9
6	4	20	7	1628251625	3
6	4	20	9	-44463794375	27
6	4	20	10	44247509900	9
6	4	20	11	-24049522750	9
6	4	20	12	22137296800	81
6	4	20	13	240874310	9
6	4	20	14	-3368380	3
6	4	20	15	-2022650	81
6	4	21	8	-1628251625	3
6	4	21	10	8892758875	9
6	4	21	11	-20059007375	9
6	4	21	12	7931437030	9
6	4	21	13	-1353471230	27
6	4	21	14	-46401040	9
6	4	21	15	780130	9
6	4	22	9	11397761375	27
6	4	22	11	-4042163125	9
6	4	22	12	20012262050	27
6	4	22	13	-1810034710	9
6	4	22	14	137919860	27
6	4	22	15	11885090	27
6	4	23	10	-2279552275	9
6	4	23	12	4042163125	27
6	4	23	13	-1536445625	9
6	4	23	14	255609530	9
6	4	23	15	-15356990	81
6	4	24	11	1036160125	9
6	4	24	13	-310935625	9
6	4	24	14	219177200	9
6	4	24	15	-16840450	9
6	4	25	12	-1036160125	27
6	4	25	14	44419375	9
6	4	25	15	-43797325	27
6	4	26	13	79704625	9
6	4	26	15	-8883875	27
6	4	27	14	-11386375	9
6	4	28	15	2277275	27
6	5	4	0	-2990	1
6	5	5	0	16580	3
6	5	5	1	141050	3
6	5	6	0	-501730	3
6	5	6	1	-82550	1
6	5	6	2	-334660	1
6	5	7	0	-2059450	9
6	5	7	1	7702040	3
6	5	7	2	535175	1
6	5	7	3	1434610	1
6	5	8	0	-7633780	3
6	5	8	1	3558880	1
6	5	8	2	-54607930	3
6	5	8	3	-6111835	3
6	5	8	4	-12399790	3
6	5	9	0	-13630925	3
6	5	9	1	37780600	1
6	5	9	2	-76396430	3
6	5	9	3	235006640	3
6	5	9	4	5067675	1
6	5	9	5	8417920	1
6	5	10	0	-33213400	9
6	5	10	1	203809375	3
6	5	10	2	-260870500	1
6	5	10	3	989898020	9
6	5	10	4	-681463390	3
6	5	10	5	-8480055	1
6	5	10	6	-37123190	3
6	5	11	0	-175175	1
6	5	11	1	165413600	3
6	5	11	2	-1420977635	3
6	5	11	3	3329940020	3
6	5	11	4	-952512160	3
6	5	11	5	1399835060	3
6	5	11	6	27296855	3
6	5	11	7	13148190	1
6	5	12	1	2627625	1
6	5	12	2	-1152275960	3
6	5	12	3	6128730685	3
6	5	12	4	-3251029980	1
6	5	12	5	1922571170	3
6	5	12	6	-694460090	1
6	5	12	7	-4484495	1
6	5	12	8	-9942640	1
6	5	13	0	5010005	9
6	5	13	2	-18393375	1
6	5	13	3	14895386000	9
6	5	13	4	-18288810155	3
6	5	13	5	6934568520	1
6	5	13	6	-8236787140	9
6	5	13	7	750247420	1
6	5	13	8	-3505465	1
6	5	13	9	5173460	1
6	5	14	1	-25050025	3
6	5	14	3	79704625	1
6	5	14	4	-14802472520	3
6	5	14	5	40000773505	3
6	5	14	6	-33339905500	3
6	5	14	7	901255870	1
6	5	14	8	-574785530	1
6	5	14	9	28978315	3
6	5	14	10	-5310770	3
6	5	15	2	175350175	3
6	5	15	4	-239113875	1
6	5	15	5	32347230080	3
6	5	15	6	-22082835775	1
6	5	15	7	13603626300	1
6	5	15	8	-543244810	1
6	5	15	9	867384160	3
6	5	15	10	-10547310	1
6	5	15	11	423780	1
6	5	16	3	-2279552275	9
6	5	16	5	526050525	1
6	5	16	6	-160602937000	9
6	5	16	7	28202470065	1
6	5	16	8	-12797421780	1
6	5	16	9	704828860	9
6	5	16	10	-208459910	3
6	5	16	11	7353090	1
6	5	16	12	-135680	1
6	5	17	4	2279552275	3
6	5	17	6	-876750875	1
6	5	17	7	22779198640	1
6	5	17	8	-28004780265	1
6	5	17	9	27681093880	3
6	5	17	10	199175470	1
6	5	17	11	-52967720	3
6	5	17	12	-10505990	3
6	5	17	13	201490	3
6	5	18	5	-5015015005	3
6	5	18	7	1127251125	1
6	5	18	8	-22616763400	1
6	5	18	9	64869066185	3
6	5	18	10	-5037967660	1
6	5	18	11	-660669760	3
6	5	18	12	66047470	3
6	5	18	13	1116160	1
6	5	18	14	-20780	1
6	5	19	6	25075075025	9
6	5	19	8	-1127251125	1
6	5	19	9	157218629920	9
6	5	19	10	-38630107285	3
6	5	19	11	2034118900	1
6	5	19	12	1101573460	9
6	5	19	13	-25419500	3
6	5	19	14	-216130	1
6	5	19	15	7580	3
6	5	20	7	-3582153575	1
6	5	20	9	876750875	1
6	5	20	10	-31237016360	3
6	5	20	11	17424944075	3
6	5	20	12	-1747931900	3
6	5	20	13	-122449910	3
6	5	20	14	4810030	3
6	5	20	15	57790	3
6	5	21	8	3582153575	1
6	5	21	10	-526050525	1
6	5	21	11	14113048400	3
6	5	21	12	-5763288685	3
6	5	21	13	110044440	1
6	5	21	14	23385040	3
6	5	21	15	-123540	1
6	5	22	9	-25075075025	9
6	5	22	11	239113875	1
6	5	22	12	-14038255880	9
6	5	22	13	1319591735	3
6	5	22	14	-11881980	1
6	5	22	15	-5946290	9
6	5	23	10	5015015005	3
6	5	23	12	-79704625	1
6	5	23	13	1075131200	3
6	5	23	14	-187034155	3
6	5	23	15	1536700	3
6	5	24	11	-2279552275	3
6	5	24	13	18393375	1
6	5	24	14	-153086120	3
6	5	24	15	4123735	1
6	5	25	12	2279552275	9
6	5	25	14	-2627625	1
6	5	25	15	30556240	9
6	5	26	13	-175350175	3
6	5	26	15	175175	1
6	5	27	14	25050025	3
6	5	28	15	-5010005	9
6	6	4	0	2990	3
6	6	5	0	-16580	9
6	6	5	1	-141050	9
6	6	6	0	1371410	9
6	6	6	1	82550	3
6	6	6	2	334660	3
6	6	7	0	5720590	27
6	6	7	1	-21166120	9
6	6	7	2	-535175	3
6	6	7	3	-1434610	3
6	6	8	0	102890900	27
6	6	8	1	-9966820	3
6	6	8	2	150446330	9
6	6	8	3	6111835	9
6	6	8	4	12399790	9
6	6	9	0	62529775	9
6	6	9	1	-507545050	9
6	6	9	2	214969130	9
6	6	9	3	-648076360	9
6	6	9	4	-1689225	1
6	6	9	5	-8417920	3
6	6	10	0	150962350	27
6	6	10	1	-935136125	9
6	6	10	2	3492133000	9
6	6	10	3	-2791645520	27
6	6	10	4	1879372550	9
6	6	10	5	2826685	1
6	6	10	6	37123190	9
6	6	11	0	-35535500	27
6	6	11	1	-750237950	9
6	6	11	2	6519818305	9
6	6	11	3	-44421766210	27
6	6	11	4	2686696360	9
6	6	11	5	-3858059920	9
6	6	11	6	-27296855	9
6	6	11	7	-4382730	1
6	6	12	1	177677500	9
6	6	12	2	5212330970	9
6	6	12	3	-28118068055	9
6	6	12	4	43234297840	9
6	6	12	5	-5412561170	9
6	6	12	6	1911345130	3
6	6	12	7	4484495	3
6	6	12	8	9942640	3
6	6	13	0	-50100050	27
6	6	13	2	-1243742500	9
6	6	13	3	-67170892250	27
6	6	13	4	83905363465	9
6	6	13	5	-91989393070	9
6	6	13	6	23077136020	27
6	6	13	7	-2059905560	3
6	6	13	8	3505465	3
6	6	13	9	-5173460	3
6	6	14	1	250500250	9
6	6	14	3	16168652500	27
6	6	14	4	66520497890	9
6	6	14	5	-183540194915	9
6	6	14	6	441532545500	27
6	6	14	7	-2498132830	3
6	6	14	8	1571461210	3
6	6	14	9	-28978315	9
6	6	14	10	5310770	9
6	6	15	2	-1753501750	9
6	6	15	4	-16168652500	9
6	6	15	5	-144817629110	9
6	6	15	6	101364280325	3
6	6	15	7	-60020344550	3
6	6	15	8	1460733550	3
6	6	15	9	-2350520360	9
6	6	15	10	3515770	1
6	6	15	11	-141260	1
6	6	16	3	22795522750	27
6	6	16	5	35571035500	9
6	6	16	6	716155651750	27
6	6	16	7	-43182173265	1
6	6	16	8	56515428980	3
6	6	16	9	-1262713600	27
6	6	16	10	546001030	9
6	6	16	11	-2451030	1
6	6	16	12	135680	3
6	6	17	4	-22795522750	9
6	6	17	6	-177855177500	27
6	6	17	7	-101159403730	3
6	6	17	8	42926379265	1
6	6	17	9	-367782498290	27
6	6	17	10	-626310010	3
6	6	17	11	159707080	9
6	6	17	12	10505990	9
6	6	17	13	-201490	9
6	6	18	5	50150150050	9
6	6	18	7	25407882500	3
6	6	18	8	100022357050	3
6	6	18	9	-298750930555	9
6	6	18	10	67307903440	9
6	6	18	11	1973498620	9
6	6	18	12	-186352550	9
6	6	18	13	-1116160	3
6	6	18	14	20780	3
6	6	19	6	-250750750250	27
6	6	19	8	-25407882500	3
6	6	19	9	-692465502190	27
6	6	19	10	178257811655	9
6	6	19	11	-27433801450	9
6	6	19	12	-3237100420	27
6	6	19	13	70898080	9
6	6	19	14	216130	3
6	6	19	15	-7580	9
6	6	20	7	35821535750	3
6	6	20	9	177855177500	27
6	6	20	10	137046133070	9
6	6	20	11	-80600668225	9
6	6	20	12	23944544200	27
6	6	20	13	356572190	9
6	6	20	14	-13350590	9
6	6	20	15	-57790	9
6	6	21	8	-35821535750	3
6	6	21	10	-35571035500	9
6	6	21	11	-61694529050	9
6	6	21	12	26734239455	9
6	6	21	13	-1547700370	9
6	6	21	14	-67647160	9
6	6	21	15	114120	1
6	6	22	9	250750750250	27
6	6	22	11	16168652500	9
6	6	22	12	61170981410	27
6	6	22	13	-6140955205	9
6	6	22	14	175332340	9
6	6	22	15	17104010	27
6	6	23	10	-50150150050	9
6	6	23	12	-16168652500	27
6	6	23	13	-4672317650	9
6	6	23	14	873491465	9
6	6	23	15	-25156010	27
6	6	24	11	22795522750	9
6	6	24	13	1243742500	9
6	6	24	14	663945590	9
6	6	24	15	-19332005	3
6	6	25	12	-22795522750	27
6	6	25	14	-177677500	9
6	6	25	15	-132362230	27
6	6	26	13	1753501750	9
6	6	26	15	35535500	27
6	6	27	14	-250500250	9
6	6	28	15	50100050	27
6	7	6	0	-248480	3
6	7	7	0	-348680	3
6	7	7	1	3846880	3
6	7	8	0	-36177400	9
6	7	8	1	1830840	1
6	7	8	2	-27382400	3
6	7	9	0	-22316800	3
6	7	9	1	177952400	3
6	7	9	2	-13197400	1
6	7	9	3	118019920	3
6	7	10	0	-16997200	3
6	7	10	1	333809300	3
6	7	10	2	-1220639000	3
6	7	10	3	171595000	3
6	7	10	4	-342259760	3
6	7	11	0	41941900	9
6	7	11	1	84332600	1
6	7	11	2	-2327324560	3
6	7	11	3	15480321080	9
6	7	11	4	-165160400	1
6	7	11	5	702349960	3
6	7	12	1	-209709500	3
6	7	12	2	-584708960	1
6	7	12	3	10036391420	3
6	7	12	4	-15025449320	3
6	7	12	5	332380000	1
6	7	12	6	-347681440	1
6	7	13	0	3578575	1
6	7	13	2	1467966500	3
6	7	13	3	7517015000	3
6	7	13	4	-29948317960	3
6	7	13	5	31899000560	3
6	7	13	6	-1413366560	3
6	7	13	7	374188040	1
6	7	14	1	-53678625	1
6	7	14	3	-19083564500	9
6	7	14	4	-7424101520	1
6	7	14	5	65518729100	3
6	7	14	6	-152885089000	9
6	7	14	7	456250560	1
6	7	14	8	-284764480	1
6	7	15	2	375750375	1
6	7	15	4	19083564500	3
6	7	15	5	16114813880	1
6	7	15	6	-36196496600	1
6	7	15	7	20772753400	1
6	7	15	8	-262139640	1
6	7	15	9	423753200	3
6	7	16	3	-1628251625	1
6	7	16	5	-41983841900	3
6	7	16	6	-79440856000	3
6	7	16	7	46289099340	1
6	7	16	8	-19575720040	1
6	7	16	9	53131880	3
6	7	16	10	-96440320	3
6	7	17	4	4884754875	1
6	7	17	6	209919209500	9
6	7	17	7	33553846920	1
6	7	17	8	-46059095280	1
6	7	17	9	127713995920	9
6	7	17	10	122038440	1
6	7	17	11	-30496960	3
6	7	18	5	-10746460725	1
6	7	18	7	-29988458500	1
6	7	18	8	-33066541200	1
6	7	18	9	106993115020	3
6	7	18	10	-23486517320	3
6	7	18	11	-125031320	1
6	7	18	12	34372880	3
6	7	19	6	17910767875	1
6	7	19	8	29988458500	1
6	7	19	9	76056548920	3
6	7	19	10	-63949661600	3
6	7	19	11	9651164600	3
6	7	19	12	203383520	3
6	7	19	13	-12993880	3
6	7	20	7	-23028130125	1
6	7	20	9	-209919209500	9
6	7	20	10	-15004600160	1
6	7	20	11	28975886500	3
6	7	20	12	-8535266600	9
6	7	20	13	-22297360	1
6	7	20	14	2440160	3
6	7	21	8	23028130125	1
6	7	21	10	41983841900	3
6	7	21	11	6734677400	1
6	7	21	12	-9634529960	3
6	7	21	13	563623760	3
6	7	21	14	4215440	1
6	7	21	15	-62520	1
6	7	22	9	-17910767875	1
6	7	22	11	-19083564500	3
6	7	22	12	-6659884880	3
6	7	22	13	2219230420	3
6	7	22	14	-66225320	3
6	7	22	15	-1062640	3
6	7	23	10	10746460725	1
6	7	23	12	19083564500	9
6	7	23	13	507564200	1
6	7	23	14	-316623560	3
6	7	23	15	10184680	9
6	7	24	11	-4884754875	1
6	7	24	13	-1467966500	3
6	7	24	14	-72005120	1
6	7	24	15	7030100	1
6	7	25	12	1628251625	1
6	7	25	14	209709500	3
6	7	25	15	14340040	3
6	7	26	13	-375750375	1
6	7	26	15	-41941900	9
6	7	27	14	53678625	1
6	7	28	15	-3578575	1
6	8	6	0	62120	3
6	8	7	0	87170	3
6	8	7	1	-961720	3
6	8	8	0	25698400	9
6	8	8	1	-457710	1
6	8	8	2	6845600	3
6	8	9	0	16011325	3
6	8	9	1	-126141725	3
6	8	9	2	3299350	1
6	8	9	3	-29504980	3
6	8	10	0	10322950	3
6	8	10	1	-239525825	3
6	8	10	2	863272250	3
6	8	10	3	-42898750	3
6	8	10	4	85564940	3
6	8	11	0	-73548475	9
6	8	11	1	-51206375	1
6	8	11	2	1669972315	3
6	8	11	3	-10923357995	9
6	8	11	4	41290100	1
6	8	11	5	-175587490	3
6	8	12	1	367742375	3
6	8	12	2	354932600	1
6	8	12	3	-7201252355	3
6	8	12	4	10580599730	3
6	8	12	5	-83095000	1
6	8	12	6	86920360	1
6	8	13	0	-3578575	1
6	8	13	2	-2574196625	3
6	8	13	3	-4561497875	3
6	8	13	4	21487993615	3
6	8	13	5	-22425041015	3
6	8	13	6	353341640	3
6	8	13	7	-93547010	1
6	8	14	1	53678625	1
6	8	14	3	33464556125	9
6	8	14	4	4503426950	1
6	8	14	5	-47014014575	3
6	8	14	6	107358766000	9
6	8	14	7	-114062640	1
6	8	14	8	71191120	1
6	8	15	2	-375750375	1
6	8	15	4	-33464556125	3
6	8	15	5	-9771158375	1
6	8	15	6	25979943275	1
6	8	15	7	-14581730725	1
6	8	15	8	65534910	1
6	8	15	9	-105938300	3
6	8	16	3	1628251625	1
6	8	16	5	73622023475	3
6	8	16	6	48147533500	3
6	8	16	7	-33239345535	1
6	8	16	8	13750006060	1
6	8	16	9	-13282970	3
6	8	16	10	24110080	3
6	8	17	4	-4884754875	1
6	8	17	6	-368110117375	9
6	8	17	7	-20327010825	1
6	8	17	8	33097800945	1
6	8	17	9	-89878416505	9
6	8	17	10	-30509610	1
6	8	17	11	7624240	3
6	8	18	5	10746460725	1
6	8	18	7	52587159625	1
6	8	18	8	20022444750	1
6	8	18	9	-76960435255	3
6	8	18	10	16589061530	3
6	8	18	11	31257830	1
6	8	18	12	-8593220	3
6	8	19	6	-17910767875	1
6	8	19	8	-52587159625	1
6	8	19	9	-46032341575	3
6	8	19	10	46057455125	3
6	8	19	11	-6858373775	3
6	8	19	12	-50845880	3
6	8	19	13	3248470	3
6	8	20	7	23028130125	1
6	8	20	9	368110117375	9
6	8	20	10	9077274800	1
6	8	20	11	-20901071125	3
6	8	20	12	6124061150	9
6	8	20	13	5574340	1
6	8	20	14	-610040	3
6	8	21	8	-23028130125	1
6	8	21	10	-73622023475	3
6	8	21	11	-4072536875	1
6	8	21	12	6962169665	3
6	8	21	13	-410590265	3
6	8	21	14	-1053860	1
6	8	21	15	15630	1
6	8	22	9	17910767875	1
6	8	22	11	33464556125	3
6	8	22	12	4025791550	3
6	8	22	13	-1606930105	3
6	8	22	14	49449980	3
6	8	22	15	265660	3
6	8	23	10	-10746460725	1
6	8	23	12	-33464556125	9
6	8	23	13	-306717125	1
6	8	23	14	229772015	3
6	8	23	15	-7939195	9
6	8	24	11	4884754875	1
6	8	24	13	2574196625	3
6	8	24	14	43501700	1
6	8	24	15	-5113625	1
6	8	25	12	-1628251625	1
6	8	25	14	-367742375	3
6	8	25	15	-8662225	3
6	8	26	13	375750375	1
6	8	26	15	73548475	9
6	8	27	14	-53678625	1
6	8	28	15	3578575	1
6	9	8	0	-3700900	3
6	9	9	0	-2318250	1
6	9	9	1	18145250	1
6	9	10	0	-750750	1
6	9	10	1	34683000	1
6	9	10	2	-124025000	1
6	9	11	0	26401375	3
6	9	11	1	11261250	1
6	9	11	2	-241809150	1
6	9	11	3	1567395050	3
6	9	12	1	-132006875	1
6	9	12	2	-78828750	1
6	9	12	3	1042701000	1
6	9	12	4	-1516497200	1
6	9	13	2	924048125	1
6	9	13	3	341591250	1
6	9	13	4	-3111314250	1
6	9	13	5	3211175750	1
6	9	14	3	-12012625625	3
6	9	14	4	-1024773750	1
6	9	14	5	6807629400	1
6	9	14	6	-15363887500	3
6	9	15	4	12012625625	1
6	9	15	5	2254502250	1
6	9	15	6	-11287212750	1
6	9	15	7	6259028250	1
6	9	16	5	-26427776375	1
6	9	16	6	-3757503750	1
6	9	16	7	14444713800	1
6	9	16	8	-5904050700	1
6	9	17	6	132138881875	3
6	9	17	7	4831076250	1
6	9	17	8	-14388684750	1
6	9	17	9	12877759450	3
6	9	18	7	-56630949375	1
6	9	18	8	-4831076250	1
6	9	18	9	11158257000	1
6	9	18	10	-2381651600	1
6	9	19	8	56630949375	1
6	9	19	9	3757503750	1
6	9	19	10	-6682231050	1
6	9	19	11	987907250	1
6	9	20	9	-132138881875	3
6	9	20	10	-2254502250	1
6	9	20	11	3034911000	1
6	9	20	12	-886721000	3
6	9	21	10	26427776375	1
6	9	21	11	1024773750	1
6	9	21	12	-1011897150	1
6	9	21	13	59929850	1
6	9	22	11	-12012625625	1
6	9	22	12	-341591250	1
6	9	22	13	233805000	1
6	9	22	14	-7309700	1
6	9	23	12	12012625625	3
6	9	23	13	78828750	1
6	9	23	14	-33470250	1
6	9	23	15	1198450	3
6	9	24	13	-924048125	1
6	9	24	14	-11261250	1
6	9	24	15	2237400	1
6	9	25	14	132006875	1
6	9	25	15	750750	1
6	9	26	15	-26401375	3
6	10	8	0	740180	3
6	10	9	0	463650	1
6	10	9	1	-3629050	1
6	10	10	0	-448800	1
6	10	10	1	-6936600	1
6	10	10	2	24805000	1
6	10	11	0	-17667650	3
6	10	11	1	6568650	1
6	10	11	2	48361830	1
6	10	11	3	-313479010	3
6	10	12	1	88338250	1
6	10	12	2	-44575740	1
6	10	12	3	-208540200	1
6	10	12	4	303299440	1
6	10	13	0	5010005	1
6	10	13	2	-618367750	1
6	10	13	3	186144750	1
6	10	13	4	622262850	1
6	10	13	5	-642235150	1
6	10	14	1	-75150075	1
6	10	14	3	8038780750	3
6	10	14	4	-535205880	1
6	10	14	5	-1361525880	1
6	10	14	6	3072777500	3
6	10	15	2	526050525	1
6	10	15	4	-8038780750	1
6	10	15	5	1122900570	1
6	10	15	6	2257442550	1
6	10	15	7	-1251805650	1
6	10	16	3	-2279552275	1
6	10	16	5	17685317650	1
6	10	16	6	-1777066500	1
6	10	16	7	-2888942760	1
6	10	16	8	1180810140	1
6	10	17	4	6838656825	1
6	10	17	6	-88426588250	3
6	10	17	7	2161741230	1
6	10	17	8	2877736950	1
6	10	17	9	-2575551890	3
6	10	18	5	-15045045015	1
6	10	18	7	37897109250	1
6	10	18	8	-2039914800	1
6	10	18	9	-2231651400	1
6	10	18	10	476330320	1
6	10	19	6	25075075025	1
6	10	19	8	-37897109250	1
6	10	19	9	1495040910	1
6	10	19	10	1336446210	1
6	10	19	11	-197581450	1
6	10	20	7	-32239382175	1
6	10	20	9	88426588250	3
6	10	20	10	-845347140	1
6	10	20	11	-606982200	1
6	10	20	12	177344200	3
6	10	21	8	32239382175	1
6	10	21	10	-17685317650	1
6	10	21	11	362849850	1
6	10	21	12	202379430	1
6	10	21	13	-11985970	1
6	10	22	9	-25075075025	1
6	10	22	11	8038780750	1
6	10	22	12	-114717240	1
6	10	22	13	-46761000	1
6	10	22	14	1461940	1
6	10	23	10	15045045015	1
6	10	23	12	-8038780750	3
6	10	23	13	25289550	1
6	10	23	14	6694050	1
6	10	23	15	-239690	3
6	10	24	11	-6838656825	1
6	10	24	13	618367750	1
6	10	24	14	-3486780	1
6	10	24	15	-447480	1
6	10	25	12	2279552275	1
6	10	25	14	-88338250	1
6	10	25	15	227370	1
6	10	26	13	-526050525	1
6	10	26	15	17667650	3
6	10	27	14	75150075	1
6	10	28	15	-5010005	1
6	11	10	0	326700	1
6	11	11	0	2252250	1
6	11	11	1	-4811400	1
6	11	12	1	-33783750	1
6	11	12	2	32913540	1
6	11	13	0	-6831825	1
6	11	13	2	236486250	1
6	11	13	3	-138798000	1
6	11	14	1	102477375	1
6	11	14	3	-1024773750	1
6	11	14	4	403723980	1
6	11	15	2	-717341625	1
6	11	15	4	3074321250	1
6	11	15	5	-858436920	1
6	11	16	3	3108480375	1
6	11	16	5	-6763506750	1
6	11	16	6	1379218500	1
6	11	17	4	-9325441125	1
6	11	17	6	11272511250	1
6	11	17	7	-1706158080	1
6	11	18	5	20515970475	1
6	11	18	7	-14493228750	1
6	11	18	8	1639707300	1
6	11	19	6	-34193284125	1
6	11	19	8	14493228750	1
6	11	19	9	-1225386360	1
6	11	20	7	43962793875	1
6	11	20	9	-11272511250	1
6	11	20	10	707044140	1
6	11	21	8	-43962793875	1
6	11	21	10	6763506750	1
6	11	21	11	-309711600	1
6	11	22	9	34193284125	1
6	11	22	11	-3074321250	1
6	11	22	12	99837540	1
6	11	23	10	-20515970475	1
6	11	23	12	1024773750	1
6	11	23	13	-22393800	1
6	11	24	11	9325441125	1
6	11	24	13	-236486250	1
6	11	24	14	3130380	1
6	11	25	12	-3108480375	1
6	11	25	14	33783750	1
6	11	25	15	-205920	1
6	11	26	13	717341625	1
6	11	26	15	-2252250	1
6	11	27	14	-102477375	1
6	11	28	15	6831825	1
6	12	10	0	-54450	1
6	12	11	0	-375375	1
6	12	11	1	801900	1
6	12	12	1	5630625	1
6	12	12	2	-5485590	1
6	12	13	0	4554550	1
6	12	13	2	-39414375	1
6	12	13	3	23133000	1
6	12	14	1	-68318250	1
6	12	14	3	170795625	1
6	12	14	4	-67287330	1
6	12	15	2	478227750	1
6	12	15	4	-512386875	1
6	12	15	5	143072820	1
6	12	16	3	-2072320250	1
6	12	16	5	1127251125	1
6	12	16	6	-229869750	1
6	12	17	4	6216960750	1
6	12	17	6	-1878751875	1
6	12	17	7	284359680	1
6	12	18	5	-13677313650	1
6	12	18	7	2415538125	1
6	12	18	8	-273284550	1
6	12	19	6	22795522750	1
6	12	19	8	-2415538125	1
6	12	19	9	204231060	1
6	12	20	7	-29308529250	1
6	12	20	9	1878751875	1
6	12	20	10	-117840690	1
6	12	21	8	29308529250	1
6	12	21	10	-1127251125	1
6	12	21	11	51618600	1
6	12	22	9	-22795522750	1
6	12	22	11	512386875	1
6	12	22	12	-16639590	1
6	12	23	10	13677313650	1
6	12	23	12	-170795625	1
6	12	23	13	3732300	1
6	12	24	11	-6216960750	1
6	12	24	13	39414375	1
6	12	24	14	-521730	1
6	12	25	12	2072320250	1
6	12	25	14	-5630625	1
6	12	25	15	34320	1
6	12	26	13	-478227750	1
6	12	26	15	375375	1
6	12	27	14	68318250	1
6	12	28	15	-4554550	1
6	13	13	0	-1576575	1
6	13	14	1	23648625	1
6	13	15	2	-165540375	1
6	13	16	3	717341625	1
6	13	17	4	-2152024875	1
6	13	18	5	4734454725	1
6	13	19	6	-7890757875	1
6	13	20	7	10145260125	1
6	13	21	8	-10145260125	1
6	13	22	9	7890757875	1
6	13	23	10	-4734454725	1
6	13	24	11	2152024875	1
6	13	25	12	-717341625	1
6	13	26	13	165540375	1
6	13	27	14	-23648625	1
6	13	28	15	1576575	1
6	14	13	0	225225	1
6	14	14	1	-3378375	1
6	14	15	2	23648625	1
6	14	16	3	-102477375	1
6	14	17	4	307432125	1
6	14	18	5	-676350675	1
6	14	19	6	1127251125	1
6	14	20	7	-1449322875	1
6	14	21	8	1449322875	1
6	14	22	9	-1127251125	1
6	14	23	10	676350675	1
6	14	24	11	-307432125	1
6	14	25	12	102477375	1
6	14	26	13	-23648625	1
6	14	27	14	3378375	1
6	14	28	15	-225225	1
7	0	0	0	1030	81
7	0	0	2	-170	81
7	0	1	0	-1510	729
7	0	1	1	-43930	243
7	0	1	3	6740	243
7	0	2	0	-700	81
7	0	2	1	4550	243
7	0	2	2	94250	81
7	0	2	4	-39470	243
7	0	3	0	3040	243
7	0	3	1	24140	243
7	0	3	2	-63680	729
7	0	3	3	-1096270	243
7	0	3	5	44855	81
7	0	4	0	41030	729
7	0	4	1	-36380	243
7	0	4	2	-113020	243
7	0	4	3	194480	729
7	0	4	4	2854930	243
7	0	4	6	-1178365	972
7	0	5	0	25160	243
7	0	5	1	-197090	243
7	0	5	2	223180	243
7	0	5	3	253520	243
7	0	5	4	-130010	243
7	0	5	5	-583310	27
7	0	5	7	3441095	1944
7	0	6	0	-20110	243
7	0	6	1	-387380	243
7	0	6	2	3960400	729
7	0	6	3	-923620	243
7	0	6	4	-142735	243
7	0	6	5	448090	729
7	0	6	6	6952090	243
7	0	6	8	-18082505	10368
7	0	7	0	-2900	243
7	0	7	1	34610	27
7	0	7	2	2708930	243
7	0	7	3	-16406980	729
7	0	7	4	307610	27
7	0	7	5	-672055	243
7	0	7	6	-152950	729
7	0	7	7	-2199170	81
7	0	7	9	37425085	31104
7	0	8	0	-225320	243
7	0	8	1	43180	243
7	0	8	2	-2254630	243
7	0	8	3	-3804050	81
7	0	8	4	5208080	81
7	0	8	5	-6057530	243
7	0	8	6	1817185	243
7	0	8	7	-20650	243
7	0	8	8	4286870	243
7	0	8	10	-23095735	31104
7	0	9	0	-40700	27
7	0	9	1	125600	9
7	0	9	2	-305900	243
7	0	9	3	9834770	243
7	0	9	4	32211850	243
7	0	9	5	-96989780	729
7	0	9	6	9531250	243
7	0	9	7	-1575295	243
7	0	9	8	-940790	729
7	0	9	9	-1564310	243
7	0	9	11	2182345	3456
7	0	10	0	-25850	27
7	0	10	1	1823140	81
7	0	10	2	-23741200	243
7	0	10	3	1085980	243
7	0	10	4	-28396210	243
7	0	10	5	-63813010	243
7	0	10	6	147945950	729
7	0	10	7	-10373230	243
7	0	10	8	-415820	81
7	0	10	9	1134950	243
7	0	10	10	-156590	243
7	0	10	12	-5887355	10368
7	0	11	0	-7150	27
7	0	11	1	388630	27
7	0	11	2	-12703460	81
7	0	11	3	102393760	243
7	0	11	4	-1122920	243
7	0	11	5	56535590	243
7	0	11	6	89778470	243
7	0	11	7	-55034870	243
7	0	11	8	775640	27
7	0	11	9	4979980	243
7	0	11	10	-1840400	243
7	0	11	11	641990	243
7	0	11	13	3570365	10368
7	0	12	1	35750	9
7	0	12	2	-8182790	81
7	0	12	3	54783740	81
7	0	12	4	-11252260	9
7	0	12	5	-6420680	243
7	0	12	6	-78164570	243
7	0	12	7	-87382730	243
7	0	12	8	129037660	729
7	0	12	9	-56260	9
7	0	12	10	-2161220	81
7	0	12	11	1780400	243
7	0	12	12	-462490	243
7	0	12	14	-1201375	10368
7	0	13	0	-1430	81
7	0	13	2	-250250	9
7	0	13	3	3951530	9
7	0	13	4	-54498620	27
7	0	13	5	655948220	243
7	0	13	6	11275480	81
7	0	13	7	72248470	243
7	0	13	8	5796530	27
7	0	13	9	-20301800	243
7	0	13	10	-2085260	243
7	0	13	11	4938400	243
7	0	13	12	-1091890	243
7	0	13	13	188750	243
7	0	13	15	170905	10368
7	0	14	1	7150	27
7	0	14	3	3253250	27
7	0	14	4	-1321430	1
7	0	14	5	119206780	27
7	0	14	6	-354333700	81
7	0	14	7	-9455600	27
7	0	14	8	-37403330	243
7	0	14	9	-90370	3
7	0	14	10	1446910	243
7	0	14	11	2438180	243
7	0	14	12	-2366785	243
7	0	14	13	139090	81
7	0	14	14	-44170	243
7	0	15	2	-50050	27
7	0	15	4	-3253250	9
7	0	15	5	236290010	81
7	0	15	6	-592195780	81
7	0	15	7	146036900	27
7	0	15	8	15488060	27
7	0	15	9	-1871170	243
7	0	15	10	-6421900	81
7	0	15	11	5724290	243
7	0	15	12	-1241650	243
7	0	15	13	231005	81
7	0	15	14	-90590	243
7	0	15	15	170	9
7	0	16	3	650650	81
7	0	16	5	7157150	9
7	0	16	6	-131746010	27
7	0	16	7	251963140	27
7	0	16	8	-138598880	27
7	0	16	9	-160901860	243
7	0	16	10	20957110	243
7	0	16	11	21299860	243
7	0	16	12	-4573630	243
7	0	16	13	327410	243
7	0	16	14	-109745	243
7	0	16	15	2830	81
7	0	17	4	-650650	27
7	0	17	6	-35785750	27
7	0	17	7	56672770	9
7	0	17	8	-249920660	27
7	0	17	9	906106040	243
7	0	17	10	134318660	243
7	0	17	11	-18485170	243
7	0	17	12	-11925100	243
7	0	17	13	198910	27
7	0	17	14	-35170	243
7	0	17	15	245	9
7	0	18	5	1431430	27
7	0	18	7	5112250	3
7	0	18	8	-170662030	27
7	0	18	9	192624740	27
7	0	18	10	-55294120	27
7	0	18	11	-81107620	243
7	0	18	12	8865410	243
7	0	18	13	1342960	81
7	0	18	14	-374240	243
7	0	18	15	-50	27
7	0	19	6	-7157150	81
7	0	19	8	-5112250	3
7	0	19	9	133241570	27
7	0	19	10	-343250380	81
7	0	19	11	201711400	243
7	0	19	12	34680800	243
7	0	19	13	-2529190	243
7	0	19	14	-783980	243
7	0	19	15	11080	81
7	0	20	7	1022450	9
7	0	20	9	35785750	27
7	0	20	10	-80245990	27
7	0	20	11	154305140	81
7	0	20	12	-57841900	243
7	0	20	13	-9987520	243
7	0	20	14	397130	243
7	0	20	15	22700	81
7	0	21	8	-1022450	9
7	0	21	10	-7157150	9
7	0	21	11	109829390	81
7	0	21	12	-50818460	81
7	0	21	13	1209740	27
7	0	21	14	1741280	243
7	0	21	15	-8530	81
7	0	22	9	7157150	81
7	0	22	11	3253250	9
7	0	22	12	-4082210	9
7	0	22	13	3858580	27
7	0	22	14	-1161020	243
7	0	22	15	-46360	81
7	0	23	10	-1431430	27
7	0	23	12	-3253250	27
7	0	23	13	945230	9
7	0	23	14	-543620	27
7	0	23	15	16060	81
7	0	24	11	650650	27
7	0	24	13	250250	9
7	0	24	14	-1219130	81
7	0	24	15	107140	81
7	0	25	12	-650650	81
7	0	25	14	-35750	9
7	0	25	15	27170	27
7	0	26	13	50050	27
7	0	26	15	7150	27
7	0	27	14	-7150	27
7	0	28	15	1430	81
7	1	0	0	-1030	27
7	1	1	0	755	81
7	1	1	1	43930	81
7	1	2	0	1400	27
7	1	2	1	-2275	27
7	1	2	2	-94250	27
7	1	3	0	-7600	81
7	1	3	1	-48280	81
7	1	3	2	31840	81
7	1	3	3	1096270	81
7	1	4	0	-41030	81
7	1	4	1	90950	81
7	1	4	2	226040	81
7	1	4	3	-97240	81
7	1	4	4	-2854930	81
7	1	5	0	-88060	81
7	1	5	1	197090	27
7	1	5	2	-557950	81
7	1	5	3	-507040	81
7	1	5	4	65005	27
7	1	5	5	583310	9
7	1	6	0	80440	81
7	1	6	1	1355830	81
7	1	6	2	-3960400	81
7	1	6	3	2309050	81
7	1	6	4	285470	81
7	1	6	5	-224045	81
7	1	6	6	-6952090	81
7	1	7	0	1450	9
7	1	7	1	-138440	9
7	1	7	2	-9481255	81
7	1	7	3	16406980	81
7	1	7	4	-769025	9
7	1	7	5	1344110	81
7	1	7	6	76475	81
7	1	7	7	2199170	27
7	1	8	0	1126600	81
7	1	8	1	-21590	9
7	1	8	2	9018520	81
7	1	8	3	13314175	27
7	1	8	4	-5208080	9
7	1	8	5	15143825	81
7	1	8	6	-3634370	81
7	1	8	7	10325	27
7	1	8	8	-4286870	81
7	1	9	0	223850	9
7	1	9	1	-628000	3
7	1	9	2	152950	9
7	1	9	3	-39339080	81
7	1	9	4	-112741475	81
7	1	9	5	96989780	81
7	1	9	6	-23828125	81
7	1	9	7	3150590	81
7	1	9	8	470395	81
7	1	9	9	1564310	81
7	1	10	0	51700	3
7	1	10	1	-10027270	27
7	1	10	2	118706000	81
7	1	10	3	-542990	9
7	1	10	4	113584840	81
7	1	10	5	223345535	81
7	1	10	6	-147945950	81
7	1	10	7	25933075	81
7	1	10	8	831640	27
7	1	10	9	-567475	27
7	1	10	10	156590	81
7	1	11	0	46475	9
7	1	11	1	-777260	3
7	1	11	2	69869030	27
7	1	11	3	-511968800	81
7	1	11	4	561460	9
7	1	11	5	-226142360	81
7	1	11	6	-314224645	81
7	1	11	7	55034870	27
7	1	11	8	-1939100	9
7	1	11	9	-9959960	81
7	1	11	10	920200	27
7	1	11	11	-641990	81
7	1	12	1	-232375	3
7	1	12	2	16365580	9
7	1	12	3	-301310570	27
7	1	12	4	56261300	3
7	1	12	5	3210340	9
7	1	12	6	312658280	81
7	1	12	7	305839555	81
7	1	12	8	-129037660	81
7	1	12	9	140650	3
7	1	12	10	4322440	27
7	1	12	11	-890200	27
7	1	12	12	462490	81
7	1	13	0	3575	9
7	1	13	2	1626625	3
7	1	13	3	-7903060	1
7	1	13	4	299742410	9
7	1	13	5	-3279741100	81
7	1	13	6	-5637740	3
7	1	13	7	-288993880	81
7	1	13	8	-20287855	9
7	1	13	9	20301800	27
7	1	13	10	5213150	81
7	1	13	11	-9876800	81
7	1	13	12	545945	27
7	1	13	13	-188750	81
7	1	14	1	-17875	3
7	1	14	3	-21146125	9
7	1	14	4	23785740	1
7	1	14	5	-655637290	9
7	1	14	6	1771668500	27
7	1	14	7	4727800	1
7	1	14	8	149613320	81
7	1	14	9	316295	1
7	1	14	10	-1446910	27
7	1	14	11	-6095450	81
7	1	14	12	4733570	81
7	1	14	13	-69545	9
7	1	14	14	44170	81
7	1	15	2	125125	3
7	1	15	4	21146125	3
7	1	15	5	-472580020	9
7	1	15	6	3257076790	27
7	1	15	7	-730184500	9
7	1	15	8	-7744030	1
7	1	15	9	7484680	81
7	1	15	10	22476650	27
7	1	15	11	-5724290	27
7	1	15	12	3104125	81
7	1	15	13	-462010	27
7	1	15	14	45295	27
7	1	15	15	-170	3
7	1	16	3	-1626625	9
7	1	16	5	-46521475	3
7	1	16	6	263492020	3
7	1	16	7	-1385797270	9
7	1	16	8	692994400	9
7	1	16	9	80450930	9
7	1	16	10	-83828440	81
7	1	16	11	-74549510	81
7	1	16	12	4573630	27
7	1	16	13	-818525	81
7	1	16	14	219490	81
7	1	16	15	-1415	9
7	1	17	4	1626625	3
7	1	17	6	232607375	9
7	1	17	7	-113345540	1
7	1	17	8	1374563630	9
7	1	17	9	-4530530200	81
7	1	17	10	-67159330	9
7	1	17	11	73940680	81
7	1	17	12	41737850	81
7	1	17	13	-198910	3
7	1	17	14	87925	81
7	1	17	15	-490	3
7	1	18	5	-3578575	3
7	1	18	7	-33229625	1
7	1	18	8	341324060	3
7	1	18	9	-1059436070	9
7	1	18	10	276470600	9
7	1	18	11	40553810	9
7	1	18	12	-35461640	81
7	1	18	13	-4700360	27
7	1	18	14	374240	27
7	1	18	15	125	9
7	1	19	6	17892875	9
7	1	19	8	33229625	1
7	1	19	9	-266483140	3
7	1	19	10	1887877090	27
7	1	19	11	-1008557000	81
7	1	19	12	-17340400	9
7	1	19	13	10116760	81
7	1	19	14	2743930	81
7	1	19	15	-11080	9
7	1	20	7	-2556125	1
7	1	20	9	-232607375	9
7	1	20	10	160491980	3
7	1	20	11	-848678270	27
7	1	20	12	289209500	81
7	1	20	13	4993760	9
7	1	20	14	-1588520	81
7	1	20	15	-79450	27
7	1	21	8	2556125	1
7	1	21	10	46521475	3
7	1	21	11	-219658780	9
7	1	21	12	279501530	27
7	1	21	13	-6048700	9
7	1	21	14	-870640	9
7	1	21	15	34120	27
7	1	22	9	-17892875	9
7	1	22	11	-21146125	3
7	1	22	12	8164420	1
7	1	22	13	-21222190	9
7	1	22	14	5805100	81
7	1	22	15	23180	3
7	1	23	10	3578575	3
7	1	23	12	21146125	9
7	1	23	13	-1890460	1
7	1	23	14	2989910	9
7	1	23	15	-80300	27
7	1	24	11	-1626625	3
7	1	24	13	-1626625	3
7	1	24	14	2438260	9
7	1	24	15	-589270	27
7	1	25	12	1626625	9
7	1	25	14	232375	3
7	1	25	15	-54340	3
7	1	26	13	-125125	3
7	1	26	15	-46475	9
7	1	27	14	17875	3
7	1	28	15	-3575	9
7	2	0	0	1030	27
7	2	1	0	-755	81
7	2	1	1	-43930	81
7	2	2	0	-3500	27
7	2	2	1	2275	27
7	2	2	2	94250	27
7	2	3	0	21280	81
7	2	3	1	120700	81
7	2	3	2	-31840	81
7	2	3	3	-1096270	81
7	2	4	0	164825	81
7	2	4	1	-254660	81
7	2	4	2	-565100	81
7	2	4	3	97240	81
7	2	4	4	2854930	81
7	2	5	0	389980	81
7	2	5	1	-788285	27
7	2	5	2	1562260	81
7	2	5	3	1267600	81
7	2	5	4	-65005	27
7	2	5	5	-583310	9
7	2	6	0	-424330	81
7	2	6	1	-6004390	81
7	2	6	2	15840085	81
7	2	6	3	-6465340	81
7	2	6	4	-713675	81
7	2	6	5	224045	81
7	2	6	6	6952090	81
7	2	7	0	-5180	9
7	2	7	1	743230	9
7	2	7	2	41988415	81
7	2	7	3	-65668075	81
7	2	7	4	2153270	9
7	2	7	5	-3360275	81
7	2	7	6	-76475	81
7	2	7	7	-2199170	27
7	2	8	0	-8099050	81
7	2	8	1	10500	1
7	2	8	2	-49006510	81
7	2	8	3	-58962775	27
7	2	8	4	20839360	9
7	2	8	5	-42402710	81
7	2	8	6	9085925	81
7	2	8	7	-10325	27
7	2	8	8	4286870	81
7	2	9	0	-1698400	9
7	2	9	1	1501250	1
7	2	9	2	-766780	9
7	2	9	3	215535770	81
7	2	9	4	499283675	81
7	2	9	5	-387573410	81
7	2	9	6	66718750	81
7	2	9	7	-7876475	81
7	2	9	8	-470395	81
7	2	9	9	-1564310	81
7	2	10	0	-420200	3
7	2	10	1	76087660	27
7	2	10	2	-849249800	81
7	2	10	3	2892820	9
7	2	10	4	-625920010	81
7	2	10	5	-989101655	81
7	2	10	6	590503400	81
7	2	10	7	-72612610	81
7	2	10	8	-2079100	27
7	2	10	9	567475	27
7	2	10	10	-156590	81
7	2	11	0	-378950	9
7	2	11	1	6312680	3
7	2	11	2	-530189660	27
7	2	11	3	3654266360	81
7	2	11	4	-310520	1
7	2	11	5	1251376190	81
7	2	11	6	1391566285	81
7	2	11	7	-220017740	27
7	2	11	8	5429480	9
7	2	11	9	24899900	81
7	2	11	10	-920200	27
7	2	11	11	641990	81
7	2	12	1	1894750	3
7	2	12	2	-132803440	9
7	2	12	3	2286420620	27
7	2	12	4	-400720160	3
7	2	12	5	-20126200	9
7	2	12	6	-1735291430	81
7	2	12	7	-1354432315	81
7	2	12	8	521226790	81
7	2	12	9	-393820	3
7	2	12	10	-10806100	27
7	2	12	11	890200	27
7	2	12	12	-462490	81
7	2	13	0	-25025	9
7	2	13	2	-13263250	3
7	2	13	3	192212240	3
7	2	13	4	-2274457900	9
7	2	13	5	23315938060	81
7	2	13	6	11499920	1
7	2	13	7	1606816450	81
7	2	13	8	89846215	9
7	2	13	9	-85533290	27
7	2	13	10	-14596820	81
7	2	13	11	24692000	81
7	2	13	12	-545945	27
7	2	13	13	188750	81
7	2	14	1	125125	3
7	2	14	3	172422250	9
7	2	14	4	-192633320	1
7	2	14	5	4974910160	9
7	2	14	6	-12574964150	27
7	2	14	7	-28915840	1
7	2	14	8	-831062990	81
7	2	14	9	-1400735	1
7	2	14	10	11408410	27
7	2	14	11	17067260	81
7	2	14	12	-11833925	81
7	2	14	13	69545	9
7	2	14	14	-44170	81
7	2	15	2	-875875	3
7	2	15	4	-172422250	3
7	2	15	5	3823062760	9
7	2	15	6	-24714700120	27
7	2	15	7	5176289950	9
7	2	15	8	47449460	1
7	2	15	9	-46280710	81
7	2	15	10	-99539450	27
7	2	15	11	18339410	27
7	2	15	12	-8691550	81
7	2	15	13	1155025	27
7	2	15	14	-45295	27
7	2	15	15	170	3
7	2	16	3	11386375	9
7	2	16	5	379328950	3
7	2	16	6	-2129135360	3
7	2	16	7	10516114840	9
7	2	16	8	-4908565930	9
7	2	16	9	-493848460	9
7	2	16	10	473044150	81
7	2	16	11	330147830	81
7	2	16	12	-15895705	27
7	2	16	13	2291870	81
7	2	16	14	-548725	81
7	2	16	15	1415	9
7	2	17	4	-11386375	3
7	2	17	6	-1896644750	9
7	2	17	7	914798720	1
7	2	17	8	-10432266680	9
7	2	17	9	32079566890	81
7	2	17	10	45873380	1
7	2	17	11	-416733490	81
7	2	17	12	-184839050	81
7	2	17	13	2120515	9
7	2	17	14	-246190	81
7	2	17	15	1225	3
7	2	18	5	25050025	3
7	2	18	7	270949250	1
7	2	18	8	-2751477080	3
7	2	18	9	8042349700	9
7	2	18	10	-1958217980	9
7	2	18	11	-249560780	9
7	2	18	12	199970210	81
7	2	18	13	20815880	27
7	2	18	14	-1343765	27
7	2	18	15	-350	9
7	2	19	6	-125250125	9
7	2	19	8	-270949250	1
7	2	19	9	2145586520	3
7	2	19	10	-14335651660	27
7	2	19	11	7152097700	81
7	2	19	12	106775840	9
7	2	19	13	-57118630	81
7	2	19	14	-12151690	81
7	2	19	15	40045	9
7	2	20	7	17892875	1
7	2	20	9	1896644750	9
7	2	20	10	-1290663440	3
7	2	20	11	6447142460	27
7	2	20	12	-2056209500	81
7	2	20	13	-3417440	1
7	2	20	14	8987870	81
7	2	20	15	351850	27
7	2	21	8	-17892875	1
7	2	21	10	-379328950	3
7	2	21	11	1764429040	9
7	2	21	12	-2124399860	27
7	2	21	13	43221640	9
7	2	21	14	5361640	9
7	2	21	15	-193870	27
7	2	22	9	125250125	9
7	2	22	11	172422250	3
7	2	22	12	-196524680	3
7	2	22	13	17933960	1
7	2	22	14	-41908570	81
7	2	22	15	-47560	1
7	2	23	10	-25050025	3
7	2	23	12	-172422250	9
7	2	23	13	15152280	1
7	2	23	14	-7585600	3
7	2	23	15	594770	27
7	2	24	11	11386375	3
7	2	24	13	13263250	3
7	2	24	14	-19523680	9
7	2	24	15	4488880	27
7	2	25	12	-11386375	9
7	2	25	14	-1894750	3
7	2	25	15	434720	3
7	2	26	13	875875	3
7	2	26	15	378950	9
7	2	27	14	-125125	3
7	2	28	15	25025	9
7	3	2	0	1400	9
7	3	3	0	-3040	9
7	3	3	1	-48280	27
7	3	4	0	-41500	9
7	3	4	1	36380	9
7	3	4	2	226040	27
7	3	5	0	-314500	27
7	3	5	1	65680	1
7	3	5	2	-223180	9
7	3	5	3	-507040	27
7	3	6	0	142790	9
7	3	6	1	4842250	27
7	3	6	2	-3959390	9
7	3	6	3	923620	9
7	3	6	4	285470	27
7	3	7	0	-2170	3
7	3	7	1	-258690	1
7	3	7	2	-33861625	27
7	3	7	3	16433750	9
7	3	7	4	-307610	1
7	3	7	5	1344110	27
7	3	8	0	12117400	27
7	3	8	1	-28490	3
7	3	8	2	17441690	9
7	3	8	3	47550625	9
7	3	8	4	-15638320	3
7	3	8	5	6057530	9
7	3	8	6	-3634370	27
7	3	9	0	868725	1
7	3	9	1	-6711000	1
7	3	9	2	180810	1
7	3	9	3	-77848990	9
7	3	9	4	-402648125	27
7	3	9	5	96732640	9
7	3	9	6	-9531250	9
7	3	9	7	3150590	27
7	3	10	0	679250	1
7	3	10	1	-12975655	1
7	3	10	2	1260291200	27
7	3	10	3	-2523010	3
7	3	10	4	228373070	9
7	3	10	5	797662625	27
7	3	10	6	-147092350	9
7	3	10	7	10373230	9
7	3	10	8	831640	9
7	3	11	0	550550	3
7	3	11	1	-10188750	1
7	3	11	2	90422255	1
7	3	11	3	-5401627040	27
7	3	11	4	1920940	3
7	3	11	5	-459877930	9
7	3	11	6	-1122230875	27
7	3	11	7	54953710	3
7	3	11	8	-775640	1
7	3	11	9	-9959960	27
7	3	12	1	-2752750	1
7	3	12	2	71321250	1
7	3	12	3	-389933885	1
7	3	12	4	590177240	1
7	3	12	5	8498980	1
7	3	12	6	640987450	9
7	3	12	7	1092284125	27
7	3	12	8	-132421760	9
7	3	12	9	168780	1
7	3	12	10	4322440	9
7	3	13	2	19269250	1
7	3	13	3	-309058750	1
7	3	13	4	1163618775	1
7	3	13	5	-34228412440	27
7	3	13	6	-41820800	1
7	3	13	7	-595337870	9
7	3	13	8	-72456625	3
7	3	13	9	7728620	1
7	3	13	10	2085260	9
7	3	13	11	-9876800	27
7	3	14	3	-250500250	3
7	3	14	4	927176250	1
7	3	14	5	-2545085565	1
7	3	14	6	18409823600	9
7	3	14	7	105048720	1
7	3	14	8	307416370	9
7	3	14	9	3388875	1
7	3	14	10	-5194090	3
7	3	14	11	-2438180	9
7	3	14	12	4733570	27
7	3	15	4	250500250	1
7	3	15	5	-2039787750	1
7	3	15	6	4214658085	1
7	3	15	7	-7561838800	3
7	3	15	8	-172970070	1
7	3	15	9	20084330	9
7	3	15	10	80273750	9
7	3	15	11	-2685790	3
7	3	15	12	1241650	9
7	3	15	13	-462010	9
7	3	16	5	-551100550	1
7	3	16	6	3399646250	1
7	3	16	7	-5380692735	1
7	3	16	8	7160364520	3
7	3	16	9	602156590	3
7	3	16	10	-179644610	9
7	3	16	11	-266248250	27
7	3	16	12	2974420	3
7	3	16	13	-327410	9
7	3	16	14	219490	27
7	3	17	6	2755502750	3
7	3	17	7	-4370973750	1
7	3	17	8	5339172795	1
7	3	17	9	-46768723960	27
7	3	17	10	-504780850	3
7	3	17	11	157941110	9
7	3	17	12	149063750	27
7	3	17	13	-1257380	3
7	3	17	14	35170	9
7	3	17	15	-490	1
7	3	18	7	-1180929750	1
7	3	18	8	4370973750	1
7	3	18	9	-4117754025	1
7	3	18	10	2856401120	3
7	3	18	11	101903130	1
7	3	18	12	-75854470	9
7	3	18	13	-16787000	9
7	3	18	14	272110	3
7	3	18	15	50	1
7	3	19	8	1180929750	1
7	3	19	9	-3399646250	1
7	3	19	10	2448133105	1
7	3	19	11	-10454364800	27
7	3	19	12	-130949840	3
7	3	19	13	21709970	9
7	3	19	14	9799750	27
7	3	19	15	-8230	1
7	3	20	9	-2755502750	3
7	3	20	10	2039787750	1
7	3	20	11	-1101875555	1
7	3	20	12	3019067000	27
7	3	20	13	37736720	3
7	3	20	14	-3428050	9
7	3	20	15	-283750	9
7	3	21	10	551100550	1
7	3	21	11	-927176250	1
7	3	21	12	363446105	1
7	3	21	13	-64009960	3
7	3	21	14	-2192260	1
7	3	21	15	74450	3
7	3	22	11	-250500250	1
7	3	22	12	309058750	1
7	3	22	13	-82942035	1
7	3	22	14	63142480	27
7	3	22	15	174860	1
7	3	23	12	250500250	3
7	3	23	13	-71321250	1
7	3	23	14	11710875	1
7	3	23	15	-933680	9
7	3	24	13	-19269250	1
7	3	24	14	10188750	1
7	3	24	15	-771265	1
7	3	25	14	2752750	1
7	3	25	15	-679250	1
7	3	26	15	-550550	3
7	4	2	0	-700	9
7	4	3	0	1520	9
7	4	3	1	24140	27
7	4	4	0	18575	3
7	4	4	1	-18190	9
7	4	4	2	-113020	27
7	4	5	0	440300	27
7	4	5	1	-788035	9
7	4	5	2	111590	9
7	4	5	3	253520	27
7	4	6	0	-273530	9
7	4	6	1	-6779150	27
7	4	6	2	5278345	9
7	4	6	3	-461810	9
7	4	6	4	-142735	27
7	4	7	0	88490	9
7	4	7	1	4676870	9
7	4	7	2	47406275	27
7	4	7	3	-7311325	3
7	4	7	4	153805	1
7	4	7	5	-672055	27
7	4	8	0	-37212200	27
7	4	8	1	-544550	9
7	4	8	2	-36079610	9
7	4	8	3	-66570875	9
7	4	8	4	62588480	9
7	4	8	5	-3028765	9
7	4	8	6	1817185	27
7	4	9	0	-24181850	9
7	4	9	1	61532000	3
7	4	9	2	-157570	3
7	4	9	3	164058670	9
7	4	9	4	563707375	27
7	4	9	5	-128762570	9
7	4	9	6	4765625	9
7	4	9	7	-1575295	27
7	4	10	0	-6532900	3
7	4	10	1	361296430	9
7	4	10	2	-3833040400	27
7	4	10	3	9272690	9
7	4	10	4	-487281710	9
7	4	10	5	-1116727675	27
7	4	10	6	195411800	9
7	4	10	7	-5186615	9
7	4	10	8	-415820	9
7	4	11	0	-1269125	3
7	4	11	1	32591900	1
7	4	11	2	-2517960830	9
7	4	11	3	16350770080	27
7	4	11	4	-842060	9
7	4	11	5	989790490	9
7	4	11	6	1571123225	27
7	4	11	7	-73203980	3
7	4	11	8	387820	1
7	4	11	9	4979980	27
7	4	12	1	6345625	1
7	4	12	2	-227550400	1
7	4	12	3	10858057210	9
7	4	12	4	-1778586980	1
7	4	12	5	-21037900	1
7	4	12	6	-1387998830	9
7	4	12	7	-1529197775	27
7	4	12	8	179382430	9
7	4	12	9	-84390	1
7	4	12	10	-2161220	9
7	4	13	0	325325	3
7	4	13	2	-44419375	1
7	4	13	3	2949491600	3
7	4	13	4	-32399653550	9
7	4	13	5	102744499580	27
7	4	13	6	294936520	3
7	4	13	7	1293768850	9
7	4	13	8	101439275	3
7	4	13	9	-99953590	9
7	4	13	10	-1042630	9
7	4	13	11	4938400	27
7	4	14	1	-1626625	1
7	4	14	3	577451875	3
7	4	14	4	-2940017300	1
7	4	14	5	70861579690	9
7	4	14	6	-55075125700	9
7	4	14	7	-246638880	1
7	4	14	8	-666795590	9
7	4	14	9	-4744425	1
7	4	14	10	30144310	9
7	4	14	11	1219090	9
7	4	14	12	-2366785	27
7	4	15	2	11386375	1
7	4	15	4	-577451875	1
7	4	15	5	6445730500	1
7	4	15	6	-13038970890	1
7	4	15	7	22561984100	3
7	4	15	8	407814370	1
7	4	15	9	-17044370	3
7	4	15	10	-112383250	9
7	4	15	11	1048970	3
7	4	15	12	-620825	9
7	4	15	13	231005	9
7	4	16	3	-148022875	3
7	4	16	5	1270394125	1
7	4	16	6	-32111391400	3
7	4	16	7	16649187390	1
7	4	16	8	-21325747040	3
7	4	16	9	-4277051870	9
7	4	16	10	401557850	9
7	4	16	11	372747550	27
7	4	16	12	-7899655	9
7	4	16	13	163705	9
7	4	16	14	-109745	27
7	4	17	4	148022875	1
7	4	17	6	-6351970625	3
7	4	17	7	13710001800	1
7	4	17	8	-16526498230	1
7	4	17	9	139190292920	27
7	4	17	10	3597236090	9
7	4	17	11	-117417130	3
7	4	17	12	-208689250	27
7	4	17	13	3697495	9
7	4	17	14	-17585	9
7	4	17	15	245	1
7	4	18	5	-325650325	1
7	4	18	7	2722273125	1
7	4	18	8	-13656894900	1
7	4	18	9	114777266450	9
7	4	18	10	-2835562680	1
7	4	18	11	-727872170	3
7	4	18	12	56446970	3
7	4	18	13	23501800	9
7	4	18	14	-277705	3
7	4	18	15	-25	1
7	4	19	6	1628251625	3
7	4	19	8	-2722273125	1
7	4	19	9	31741240300	3
7	4	19	10	-68294109730	9
7	4	19	11	31215058600	27
7	4	19	12	936636880	9
7	4	19	13	-16191310	3
7	4	19	14	-13719650	27
7	4	19	15	25795	3
7	4	20	7	-697822125	1
7	4	20	9	6351970625	3
7	4	20	10	-6323411600	1
7	4	20	11	30771537830	9
7	4	20	12	-9064259500	27
7	4	20	13	-270057520	9
7	4	20	14	2566490	3
7	4	20	15	397250	9
7	4	21	8	697822125	1
7	4	21	10	-1270394125	1
7	4	21	11	2863194400	1
7	4	21	12	-10163566930	9
7	4	21	13	194201420	3
7	4	21	14	5228020	1
7	4	21	15	-168470	3
7	4	22	9	-1628251625	3
7	4	22	11	577451875	1
7	4	22	12	-2852461700	3
7	4	22	13	2323233110	9
7	4	22	14	-195502460	27
7	4	22	15	-1249660	3
7	4	23	10	325650325	1
7	4	23	12	-577451875	3
7	4	23	13	218632700	1
7	4	23	14	-328654150	9
7	4	23	15	3025660	9
7	4	24	11	-148022875	1
7	4	24	13	44419375	1
7	4	24	14	-31127800	1
7	4	24	15	2410210	1
7	4	25	12	148022875	3
7	4	25	14	-6345625	1
7	4	25	15	6206200	3
7	4	26	13	-11386375	1
7	4	26	15	1269125	3
7	4	27	14	1626625	1
7	4	28	15	-325325	3
7	5	4	0	-13990	3
7	5	5	0	-12580	1
7	5	5	1	196990	3
7	5	6	0	114650	3
7	5	6	1	193690	1
7	5	6	2	-439820	1
7	5	7	0	-81050	3
7	5	7	1	-2073550	3
7	5	7	2	-1354465	1
7	5	7	3	5486840	3
7	5	8	0	2998820	1
7	5	8	1	642230	3
7	5	8	2	16515590	3
7	5	8	3	5706075	1
7	5	8	4	-15652400	3
7	5	9	0	17484775	3
7	5	9	1	-44414700	1
7	5	9	2	-462350	1
7	5	9	3	-76559170	3
7	5	9	4	-16105925	1
7	5	9	5	10719500	1
7	5	10	0	4807000	1
7	5	10	1	-261322985	3
7	5	10	2	305905600	1
7	5	10	3	-622370	3
7	5	10	4	230245010	3
7	5	10	5	31906505	1
7	5	10	6	-16248750	1
7	5	11	0	225225	1
7	5	11	1	-71756520	1
7	5	11	2	1821407665	3
7	5	11	3	-1298627440	1
7	5	11	4	-5744020	3
7	5	11	5	-471689590	3
7	5	11	6	-44889235	1
7	5	11	7	18290850	1
7	5	12	1	-3378375	1
7	5	12	2	499449720	1
7	5	12	3	-7854096635	3
7	5	12	4	3796731180	1
7	5	12	5	33974340	1
7	5	12	6	221788130	1
7	5	12	7	43691365	1
7	5	12	8	-15089540	1
7	5	13	0	-715715	1
7	5	13	2	23648625	1
7	5	13	3	-2150420360	1
7	5	13	4	23434137265	3
7	5	13	5	-8089931300	1
7	5	13	6	-151550920	1
7	5	13	7	-207442310	1
7	5	13	8	-26084385	1
7	5	13	9	26069920	3
7	5	14	1	10735725	1
7	5	14	3	-102477375	1
7	5	14	4	6405784440	1
7	5	14	5	-51250195535	3
7	5	14	6	12963766200	1
7	5	14	7	379749600	1
7	5	14	8	106718650	1
7	5	14	9	3659985	1
7	5	14	10	-8941270	3
7	5	15	2	-75150075	1
7	5	15	4	307432125	1
7	5	15	5	-13985649480	1
7	5	15	6	28292167365	1
7	5	15	7	-15887619000	1
7	5	15	8	-630402870	1
7	5	15	9	28040950	3
7	5	15	10	9632850	1
7	5	15	11	117570	1
7	5	16	3	325650325	1
7	5	16	5	-676350675	1
7	5	16	6	23121798040	1
7	5	16	7	-36132600735	1
7	5	16	8	14988601980	1
7	5	16	9	2212514990	3
7	5	16	10	-198292190	3
7	5	16	11	-10649930	1
7	5	16	12	1375210	3
7	5	17	4	-976950975	1
7	5	17	6	1127251125	1
7	5	17	7	-29478315240	1
7	5	17	8	35880482715	1
7	5	17	9	-10861479860	1
7	5	17	10	-1866558890	3
7	5	17	11	173589610	3
7	5	17	12	5962550	1
7	5	17	13	-724570	3
7	5	18	5	2149292145	1
7	5	18	7	-1449322875	1
7	5	18	8	29223402120	1
7	5	18	9	-83116842655	3
7	5	18	10	5978441040	1
7	5	18	11	378490010	1
7	5	18	12	-83525210	3
7	5	18	13	-2014440	1
7	5	18	14	56660	1
7	5	19	6	-3582153575	1
7	5	19	8	1449322875	1
7	5	19	9	-22529556280	1
7	5	19	10	49500869495	3
7	5	19	11	-2444200000	1
7	5	19	12	-487666000	3
7	5	19	13	24006670	3
7	5	19	14	391990	1
7	5	19	15	-5380	1
7	5	20	7	4605626025	1
7	5	20	9	-1127251125	1
7	5	20	10	13398518760	1
7	5	20	11	-22330793485	3
7	5	20	12	713854900	1
7	5	20	13	140674480	3
7	5	20	14	-3818510	3
7	5	20	15	-34050	1
7	5	21	8	-4605626025	1
7	5	21	10	676350675	1
7	5	21	11	-6037034520	1
7	5	21	12	7386871415	3
7	5	21	13	-139140540	1
7	5	21	14	-8167740	1
7	5	21	15	84110	1
7	5	22	9	3582153575	1
7	5	22	11	-307432125	1
7	5	22	12	1995172520	1
7	5	22	13	-1691613385	3
7	5	22	14	15882680	1
7	5	22	15	650140	1
7	5	23	10	-2149292145	1
7	5	23	12	102477375	1
7	5	23	13	-456644760	1
7	5	23	14	239812265	3
7	5	23	15	-769560	1
7	5	24	11	976950975	1
7	5	24	13	-23648625	1
7	5	24	14	64728840	1
7	5	24	15	-5288745	1
7	5	25	12	-325650325	1
7	5	25	14	3378375	1
7	5	25	15	-4284280	1
7	5	26	13	75150075	1
7	5	26	15	-225225	1
7	5	27	14	-10735725	1
7	5	28	15	715715	1
7	6	4	0	13990	9
7	6	5	0	12580	3
7	6	5	1	-196990	9
7	6	6	0	-283630	9
7	6	6	1	-193690	3
7	6	6	2	439820	3
7	6	7	0	315830	9
7	6	7	1	5415770	9
7	6	7	2	1354465	3
7	6	7	3	-5486840	9
7	6	8	0	-13949200	3
7	6	8	1	-2678810	9
7	6	8	2	-44376010	9
7	6	8	3	-1902025	1
7	6	8	4	15652400	9
7	6	9	0	-80713325	9
7	6	9	1	205715000	3
7	6	9	2	2546810	3
7	6	9	3	209086670	9
7	6	9	4	16105925	3
7	6	9	5	-10719500	3
7	6	10	0	-22001650	3
7	6	10	1	1206714355	9
7	6	10	2	-1410581200	3
7	6	10	3	-7242130	9
7	6	10	4	-635279710	9
7	6	10	5	-31906505	3
7	6	10	6	5416250	1
7	6	11	0	5076500	3
7	6	11	1	109195130	1
7	6	11	2	-8411582795	9
7	6	11	3	5961923840	3
7	6	11	4	30385420	9
7	6	11	5	1310434490	9
7	6	11	6	44889235	3
7	6	11	7	-6096950	1
7	6	12	1	-25382500	1
7	6	12	2	-757725430	1
7	6	12	3	36270446905	9
7	6	12	4	-5785976860	1
7	6	12	5	-34371860	1
7	6	12	6	-619058710	3
7	6	12	7	-43691365	3
7	6	12	8	15089540	3
7	6	13	0	7157150	3
7	6	13	2	177677500	1
7	6	13	3	9753398270	3
7	6	13	4	-108210789995	9
7	6	13	5	36845169140	3
7	6	13	6	444894880	3
7	6	13	7	580587250	3
7	6	13	8	8694795	1
7	6	13	9	-26069920	9
7	6	14	1	-35785750	1
7	6	14	3	-2309807500	3
7	6	14	4	-9647286110	1
7	6	14	5	236642919205	9
7	6	14	6	-58848880300	3
7	6	14	7	-371270160	1
7	6	14	8	-298253630	3
7	6	14	9	-1219995	1
7	6	14	10	8941270	9
7	6	15	2	250500250	1
7	6	15	4	2309807500	1
7	6	15	5	20974184770	1
7	6	15	6	-43547145565	1
7	6	15	7	23977505900	1
7	6	15	8	618147070	1
7	6	15	9	-86063810	9
7	6	15	10	-3210950	1
7	6	15	11	-39190	1
7	6	16	3	-3256503250	3
7	6	16	5	-5081576500	1
7	6	16	6	-103557599530	3
7	6	16	7	55625628135	1
7	6	16	8	-22580258760	1
7	6	16	9	-6527455970	9
7	6	16	10	566282050	9
7	6	16	11	10649930	3
7	6	16	12	-1375210	9
7	6	17	4	3256503250	1
7	6	17	6	25407882500	3
7	6	17	7	43799169810	1
7	6	17	8	-55258995715	1
7	6	17	9	49052604160	3
7	6	17	10	5519223710	9
7	6	17	11	-494975990	9
7	6	17	12	-5962550	3
7	6	17	13	724570	9
7	6	18	5	-7164307150	1
7	6	18	7	-10889092500	1
7	6	18	8	-43204372530	1
7	6	18	9	384262551365	9
7	6	18	10	-27017751080	3
7	6	18	11	-1120905110	3
7	6	18	12	238323910	9
7	6	18	13	671480	1
7	6	18	14	-56660	3
7	6	19	6	35821535750	3
7	6	19	8	10889092500	1
7	6	19	9	99411907210	3
7	6	19	10	-229056204685	9
7	6	19	11	11074313800	3
7	6	19	12	1445571760	9
7	6	19	13	-68602130	9
7	6	19	14	-391990	3
7	6	19	15	5380	3
7	6	20	7	-15352086750	1
7	6	20	9	-25407882500	3
7	6	20	10	-19604213090	1
7	6	20	11	103454513855	9
7	6	20	12	-3251850500	3
7	6	20	13	-417142000	9
7	6	20	14	10940170	9
7	6	20	15	11350	1
7	6	21	8	15352086750	1
7	6	21	10	5081576500	1
7	6	21	11	8786869630	1
7	6	21	12	-34272976045	9
7	6	21	13	213381980	1
7	6	21	14	8071700	1
7	6	21	15	-242170	3
7	6	22	9	-35821535750	3
7	6	22	11	-2309807500	1
7	6	22	12	-8666663390	3
7	6	22	13	7862625155	9
7	6	22	14	-74407580	3
7	6	22	15	-1926100	3
7	6	23	10	7164307150	1
7	6	23	12	2309807500	3
7	6	23	13	657847190	1
7	6	23	14	-1116956995	9
7	6	23	15	3737140	3
7	6	24	11	-3256503250	1
7	6	24	13	-177677500	1
7	6	24	14	-92797210	1
7	6	24	15	8230145	1
7	6	25	12	3256503250	3
7	6	25	14	25382500	1
7	6	25	15	18342610	3
7	6	26	13	-250500250	1
7	6	26	15	-5076500	3
7	6	27	14	35785750	1
7	6	28	15	-7157150	3
7	7	6	0	48280	3
7	7	7	0	-22360	1
7	7	7	1	-954920	3
7	7	8	0	5048200	1
7	7	8	1	193960	1
7	7	8	2	7960120	3
7	7	9	0	28965200	3
7	7	9	1	-74191000	1
7	7	9	2	-595560	1
7	7	9	3	-37865000	3
7	7	10	0	7471200	1
7	7	10	1	-433170760	3
7	7	10	2	506889600	1
7	7	10	3	749000	1
7	7	10	4	115724200	3
7	7	11	0	-5991700	1
7	7	11	1	-111022560	1
7	7	11	2	3019745960	3
7	7	11	3	-2134692320	1
7	7	11	4	-2346800	1
7	7	11	5	-239641400	3
7	7	12	1	89875500	1
7	7	12	2	768620160	1
7	7	12	3	-13020674920	3
7	7	12	4	6193650840	1
7	7	12	5	19754640	1
7	7	12	6	113505880	1
7	7	13	0	-4601025	1
7	7	13	2	-629128500	1
7	7	13	3	-3289102080	1
7	7	13	4	38843703800	3
7	7	13	5	-13105472520	1
7	7	13	6	-83812560	1
7	7	13	7	-106612840	1
7	7	14	1	69015375	1
7	7	14	3	2726223500	1
7	7	14	4	9730876320	1
7	7	14	5	-84942106480	3
7	7	14	6	20874316400	1
7	7	14	7	209731680	1
7	7	14	8	54724280	1
7	7	15	2	-483107625	1
7	7	15	4	-8178670500	1
7	7	15	5	-21086699040	1
7	7	15	6	46894837440	1
7	7	15	7	-25458783600	1
7	7	15	8	-349725240	1
7	7	15	9	16577960	3
7	7	16	3	2093466375	1
7	7	16	5	17993075100	1
7	7	16	6	34581645120	1
7	7	16	7	-59911727040	1
7	7	16	8	23938912440	1
7	7	16	9	410946760	1
7	7	16	10	-105139960	3
7	7	17	4	-6280399125	1
7	7	17	6	-29988458500	1
7	7	17	7	-43712982720	1
7	7	17	8	59536994880	1
7	7	17	9	-17324000680	1
7	7	17	10	-347872840	1
7	7	17	11	91824680	3
7	7	18	5	13816878075	1
7	7	18	7	38556589500	1
7	7	18	8	42948243360	1
7	7	18	9	-138079125800	3
7	7	18	10	9547284640	1
7	7	18	11	212118600	1
7	7	18	12	-44228200	3
7	7	19	6	-23028130125	1
7	7	19	8	-38556589500	1
7	7	19	9	-32804919840	1
7	7	19	10	82372197160	3
7	7	19	11	-3921878400	1
7	7	19	12	-91229120	1
7	7	19	13	12741560	3
7	7	20	7	29607595875	1
7	7	20	9	29988458500	1
7	7	20	10	19325306880	1
7	7	20	11	-37242171560	3
7	7	20	12	1156841000	1
7	7	20	13	26330240	1
7	7	20	14	-2034760	3
7	7	21	8	-29607595875	1
7	7	21	10	-17993075100	1
7	7	21	11	-8624626560	1
7	7	21	12	12353655160	3
7	7	21	13	-229608120	1
7	7	21	14	-4584960	1
7	7	21	15	45160	1
7	7	22	9	23028130125	1
7	7	22	11	8178670500	1
7	7	22	12	2823358560	1
7	7	22	13	-2838434720	3
7	7	22	14	27081840	1
7	7	22	15	364560	1
7	7	23	10	-13816878075	1
7	7	23	12	-2726223500	1
7	7	23	13	-640205280	1
7	7	23	14	403942000	3
7	7	23	15	-1398320	1
7	7	24	11	6280399125	1
7	7	24	13	629128500	1
7	7	24	14	89939520	1
7	7	24	15	-8946960	1
7	7	25	12	-2093466375	1
7	7	25	14	-89875500	1
7	7	25	15	-5903040	1
7	7	26	13	483107625	1
7	7	26	15	5991700	1
7	7	27	14	-69015375	1
7	7	28	15	4601025	1
7	8	6	0	-12070	3
7	8	7	0	5590	1
7	8	7	1	238730	3
7	8	8	0	-3661450	1
7	8	8	1	-48490	1
7	8	8	2	-1990030	3
7	8	9	0	-20866175	3
7	8	9	1	53679250	1
7	8	9	2	148890	1
7	8	9	3	9466250	3
7	8	10	0	-4540800	1
7	8	10	1	312116365	3
7	8	10	2	-365807400	1
7	8	10	3	-187250	1
7	8	10	4	-28931050	3
7	8	11	0	10506925	1
7	8	11	1	67458600	1
7	8	11	2	-2175984965	3
7	8	11	3	1536575480	1
7	8	11	4	586700	1
7	8	11	5	59910350	3
7	8	12	1	-157603875	1
7	8	12	2	-466874100	1
7	8	12	3	9382315855	3
7	8	12	4	-4447190760	1
7	8	12	5	-4938660	1
7	8	12	6	-28376470	1
7	8	13	0	4601025	1
7	8	13	2	1103227125	1
7	8	13	3	1997130300	1
7	8	13	4	-27988179725	3
7	8	13	5	9388480980	1
7	8	13	6	20953140	1
7	8	13	7	26653210	1
7	8	14	1	-69015375	1
7	8	14	3	-4780650875	1
7	8	14	4	-5906122200	1
7	8	14	5	61201472695	3
7	8	14	6	-14923933850	1
7	8	14	7	-52432920	1
7	8	14	8	-13681070	1
7	8	15	2	483107625	1
7	8	15	4	14341952625	1
7	8	15	5	12792700800	1
7	8	15	6	-33788945685	1
7	8	15	7	18172140150	1
7	8	15	8	87431310	1
7	8	15	9	-4144490	3
7	8	16	3	-2093466375	1
7	8	16	5	-31552295775	1
7	8	16	6	-20969384700	1
7	8	16	7	43173203535	1
7	8	16	8	-17068306410	1
7	8	16	9	-102736690	1
7	8	16	10	26284990	3
7	8	17	4	6280399125	1
7	8	17	6	52587159625	1
7	8	17	7	26492429700	1
7	8	17	8	-42913883595	1
7	8	17	9	12346313770	1
7	8	17	10	86968210	1
7	8	17	11	-22956170	3
7	8	18	5	-13816878075	1
7	8	18	7	-67612062375	1
7	8	18	8	-26014467600	1
7	8	18	9	99566649875	3
7	8	18	10	-6806887660	1
7	8	18	11	-53029650	1
7	8	18	12	11057050	3
7	8	19	6	23028130125	1
7	8	19	8	67612062375	1
7	8	19	9	19858931400	1
7	8	19	10	-59431390315	3
7	8	19	11	2800634100	1
7	8	19	12	22807280	1
7	8	19	13	-3185390	3
7	8	20	7	-29607595875	1
7	8	20	9	-52587159625	1
7	8	20	10	-11691830700	1
7	8	20	11	26890500065	3
7	8	20	12	-828834500	1
7	8	20	13	-6582560	1
7	8	20	14	508690	3
7	8	21	8	29607595875	1
7	8	21	10	31552295775	1
7	8	21	11	5214716100	1
7	8	21	12	-8928302515	3
7	8	21	13	165481680	1
7	8	21	14	1146240	1
7	8	21	15	-11290	1
7	8	22	9	-23028130125	1
7	8	22	11	-14341952625	1
7	8	22	12	-1706040600	1
7	8	22	13	2053719305	3
7	8	22	14	-19721010	1
7	8	22	15	-91140	1
7	8	23	10	13816878075	1
7	8	23	12	4780650875	1
7	8	23	13	386614800	1
7	8	23	14	-292647025	3
7	8	23	15	1037630	1
7	8	24	11	-6280399125	1
7	8	24	13	-1103227125	1
7	8	24	14	-54281700	1
7	8	24	15	6491265	1
7	8	25	12	2093466375	1
7	8	25	14	157603875	1
7	8	25	15	3560700	1
7	8	26	13	-483107625	1
7	8	26	15	-10506925	1
7	8	27	14	69015375	1
7	8	28	15	-4601025	1
7	9	8	0	1599600	1
7	9	9	0	3027750	1
7	9	9	1	-23421000	1
7	9	10	0	965250	1
7	9	10	1	-45294150	1
7	9	10	2	159390000	1
7	9	11	0	-11314875	1
7	9	11	1	-14478750	1
7	9	11	2	315788550	1
7	9	11	3	-668601600	1
7	9	12	1	169723125	1
7	9	12	2	101351250	1
7	9	12	3	-1361588250	1
7	9	12	4	1932518700	1
7	9	13	2	-1188061875	1
7	9	13	3	-439188750	1
7	9	13	4	4061611950	1
7	9	13	5	-4074741900	1
7	9	14	3	5148268125	1
7	9	14	4	1317566250	1
7	9	14	5	-8881321350	1
7	9	14	6	6470236500	1
7	9	15	4	-15444804375	1
7	9	15	5	-2898645750	1
7	9	15	6	14710157550	1
7	9	15	7	-7871629500	1
7	9	16	5	33978569625	1
7	9	16	6	4831076250	1
7	9	16	7	-18796847850	1
7	9	16	8	7389052200	1
7	9	17	6	-56630949375	1
7	9	17	7	-6211383750	1
7	9	17	8	18686423250	1
7	9	17	9	-5343542400	1
7	9	18	7	72811220625	1
7	9	18	8	6211383750	1
7	9	18	9	-14454859650	1
7	9	18	10	2946711000	1
7	9	19	8	-72811220625	1
7	9	19	9	-4831076250	1
7	9	19	10	8630742450	1
7	9	19	11	-1213443000	1
7	9	20	9	56630949375	1
7	9	20	10	2898645750	1
7	9	20	11	-3906657150	1
7	9	20	12	359749500	1
7	9	21	10	-33978569625	1
7	9	21	11	-1317566250	1
7	9	21	12	1297753050	1
7	9	21	13	-72053100	1
7	9	22	11	15444804375	1
7	9	22	12	439188750	1
7	9	22	13	-298691250	1
7	9	22	14	8633700	1
7	9	23	12	-5148268125	1
7	9	23	13	-101351250	1
7	9	23	14	42591450	1
7	9	23	15	-458700	1
7	9	24	13	1188061875	1
7	9	24	14	14478750	1
7	9	24	15	-2836350	1
7	9	25	14	-169723125	1
7	9	25	15	-965250	1
7	9	26	15	11314875	1
7	10	8	0	-319920	1
7	10	9	0	-605550	1
7	10	9	1	4684200	1
7	10	10	0	623700	1
7	10	10	1	9058830	1
7	10	10	2	-31878000	1
7	10	11	0	7571850	1
7	10	11	1	-9094140	1
7	10	11	2	-63157710	1
7	10	11	3	133720320	1
7	10	12	1	-113577750	1
7	10	12	2	61524540	1
7	10	12	3	272317650	1
7	10	12	4	-386503740	1
7	10	13	0	-6441435	1
7	10	13	2	795044250	1
7	10	13	3	-256210020	1
7	10	13	4	-812322390	1
7	10	13	5	814948380	1
7	10	14	1	96621525	1
7	10	14	3	-3445191750	1
7	10	14	4	734522580	1
7	10	14	5	1776264270	1
7	10	14	6	-1294047300	1
7	10	15	2	-676350675	1
7	10	15	4	10335575250	1
7	10	15	5	-1535642460	1
7	10	15	6	-2942031510	1
7	10	15	7	1574325900	1
7	10	16	3	2930852925	1
7	10	16	5	-22738265550	1
7	10	16	6	2418690780	1
7	10	16	7	3759369570	1
7	10	16	8	-1477810440	1
7	10	17	4	-8792558775	1
7	10	17	6	37897109250	1
7	10	17	7	-2922462180	1
7	10	17	8	-3737284650	1
7	10	17	9	1068708480	1
7	10	18	5	19343629305	1
7	10	18	7	-48724854750	1
7	10	18	8	2731277340	1
7	10	18	9	2890971930	1
7	10	18	10	-589342200	1
7	10	19	6	-32239382175	1
7	10	19	8	48724854750	1
7	10	19	9	-1974509460	1
7	10	19	10	-1726148490	1
7	10	19	11	242688600	1
7	10	20	7	41450634225	1
7	10	20	9	-37897109250	1
7	10	20	10	1095294420	1
7	10	20	11	781331430	1
7	10	20	12	-71949900	1
7	10	21	8	-41450634225	1
7	10	21	10	22738265550	1
7	10	21	11	-457960140	1
7	10	21	12	-259550610	1
7	10	21	13	14410620	1
7	10	22	9	32239382175	1
7	10	22	11	-10335575250	1
7	10	22	12	139774140	1
7	10	22	13	59738250	1
7	10	22	14	-1726740	1
7	10	23	10	-19343629305	1
7	10	23	12	3445191750	1
7	10	23	13	-29420820	1
7	10	23	14	-8518290	1
7	10	23	15	91740	1
7	10	24	11	8792558775	1
7	10	24	13	-795044250	1
7	10	24	14	3823380	1
7	10	24	15	567270	1
7	10	25	12	-2930852925	1
7	10	25	14	113577750	1
7	10	25	15	-231660	1
7	10	26	13	676350675	1
7	10	26	15	-7571850	1
7	10	27	14	-96621525	1
7	10	28	15	6441435	1
7	11	10	0	-445500	1
7	11	11	0	-2895750	1
7	11	11	1	6539940	1
7	11	12	1	43436250	1
7	11	12	2	-44615340	1
7	11	13	0	8783775	1
7	11	13	2	-304053750	1
7	11	13	3	187662420	1
7	11	14	1	-131756625	1
7	11	14	3	1317566250	1
7	11	14	4	-544383180	1
7	11	15	2	922296375	1
7	11	15	4	-3952698750	1
7	11	15	5	1153839060	1
7	11	16	3	-3996617625	1
7	11	16	5	8695937250	1
7	11	16	6	-1846312380	1
7	11	17	4	11989852875	1
7	11	17	6	-14493228750	1
7	11	17	7	2271675780	1
7	11	18	5	-26377676325	1
7	11	18	7	18634151250	1
7	11	18	8	-2167393140	1
7	11	19	6	43962793875	1
7	11	19	8	-18634151250	1
7	11	19	9	1604031660	1
7	11	20	7	-56523592125	1
7	11	20	9	14493228750	1
7	11	20	10	-913649220	1
7	11	21	8	56523592125	1
7	11	21	10	-8695937250	1
7	11	21	11	393530940	1
7	11	22	9	-43962793875	1
7	11	22	11	3952698750	1
7	11	22	12	-124151940	1
7	11	23	10	26377676325	1
7	11	23	12	-1317566250	1
7	11	23	13	27104220	1
7	11	24	11	-11989852875	1
7	11	24	13	304053750	1
7	11	24	14	-3664980	1
7	11	25	12	3996617625	1
7	11	25	14	-43436250	1
7	11	25	15	231660	1
7	11	26	13	-922296375	1
7	11	26	15	2895750	1
7	11	27	14	131756625	1
7	11	28	15	-8783775	1
7	12	10	0	74250	1
7	12	11	0	482625	1
7	12	11	1	-1089990	1
7	12	12	1	-7239375	1
7	12	12	2	7435890	1
7	12	13	0	-5855850	1
7	12	13	2	50675625	1
7	12	13	3	-31277070	1
7	12	14	1	87837750	1
7	12	14	3	-219594375	1
7	12	14	4	90730530	1
7	12	15	2	-614864250	1
7	12	15	4	658783125	1
7	12	15	5	-192306510	1
7	12	16	3	2664411750	1
7	12	16	5	-1449322875	1
7	12	16	6	307718730	1
7	12	17	4	-7993235250	1
7	12	17	6	2415538125	1
7	12	17	7	-378612630	1
7	12	18	5	17585117550	1
7	12	18	7	-3105691875	1
7	12	18	8	361232190	1
7	12	19	6	-29308529250	1
7	12	19	8	3105691875	1
7	12	19	9	-267338610	1
7	12	20	7	37682394750	1
7	12	20	9	-2415538125	1
7	12	20	10	152274870	1
7	12	21	8	-37682394750	1
7	12	21	10	1449322875	1
7	12	21	11	-65588490	1
7	12	22	9	29308529250	1
7	12	22	11	-658783125	1
7	12	22	12	20691990	1
7	12	23	10	-17585117550	1
7	12	23	12	219594375	1
7	12	23	13	-4517370	1
7	12	24	11	7993235250	1
7	12	24	13	-50675625	1
7	12	24	14	610830	1
7	12	25	12	-2664411750	1
7	12	25	14	7239375	1
7	12	25	15	-38610	1
7	12	26	13	614864250	1
7	12	26	15	-482625	1
7	12	27	14	-87837750	1
7	12	28	15	5855850	1
7	13	13	0	2027025	1
7	13	14	1	-30405375	1
7	13	15	2	212837625	1
7	13	16	3	-922296375	1
7	13	17	4	2766889125	1
7	13	18	5	-6087156075	1
7	13	19	6	10145260125	1
7	13	20	7	-13043905875	1
7	13	21	8	13043905875	1
7	13	22	9	-10145260125	1
7	13	23	10	6087156075	1
7	13	24	11	-2766889125	1
7	13	25	12	922296375	1
7	13	26	13	-212837625	1
7	13	27	14	30405375	1
7	13	28	15	-2027025	1
7	14	13	0	-289575	1
7	14	14	1	4343625	1
7	14	15	2	-30405375	1
7	14	16	3	131756625	1
7	14	17	4	-395269875	1
7	14	18	5	869593725	1
7	14	19	6	-1449322875	1
7	14	20	7	1863415125	1
7	14	21	8	-1863415125	1
7	14	22	9	1449322875	1
7	14	23	10	-869593725	1
7	14	24	11	395269875	1
7	14	25	12	-131756625	1
7	14	26	13	30405375	1
7	14	27	14	-4343625	1
7	14	28	15	289575	1
8	0	0	0	-3350	243
8	0	0	2	580	243
8	0	1	0	2650	729
8	0	1	1	5390	27
8	0	1	3	-29135	972
8	0	2	0	-20	3
8	0	2	1	-24770	729
8	0	2	2	-315070	243
8	0	2	4	40840	243
8	0	3	0	-890	81
8	0	3	1	29320	243
8	0	3	2	118270	729
8	0	3	3	1222280	243
8	0	3	5	-538955	972
8	0	4	0	-98480	729
8	0	4	1	6550	81
8	0	4	2	-243470	243
8	0	4	3	-399770	729
8	0	4	4	-3163720	243
8	0	4	6	2327015	1944
8	0	5	0	-23360	243
8	0	5	1	1459840	729
8	0	5	2	-58420	243
8	0	5	3	1204120	243
8	0	5	4	1021960	729
8	0	5	5	5768390	243
8	0	5	7	-27961175	15552
8	0	6	0	-56530	243
8	0	6	1	127300	81
8	0	6	2	-10054010	729
8	0	6	3	117320	243
8	0	6	4	-3943160	243
8	0	6	5	-1822400	729
8	0	6	6	-7634090	243
8	0	6	8	3907835	1944
8	0	7	0	-96140	243
8	0	7	1	91090	27
8	0	7	2	-317050	27
8	0	7	3	42636220	729
8	0	7	4	-406960	243
8	0	7	5	9026710	243
8	0	7	6	1786030	729
8	0	7	7	7489570	243
8	0	7	9	-7328585	3888
8	0	8	0	156050	243
8	0	8	1	1459180	243
8	0	8	2	-5543770	243
8	0	8	3	4289330	81
8	0	8	4	-124243580	729
8	0	8	5	1748840	243
8	0	8	6	-14825740	243
8	0	8	7	322270	729
8	0	8	8	-5583230	243
8	0	8	10	3312395	1944
8	0	9	0	119020	81
8	0	9	1	-2364550	243
8	0	9	2	-10295720	243
8	0	9	3	23295170	243
8	0	9	4	-12992680	81
8	0	9	5	262589110	729
8	0	9	6	-5136650	243
8	0	9	7	17532305	243
8	0	9	8	-3809630	729
8	0	9	9	1093190	81
8	0	9	11	-3794495	2592
8	0	10	0	25630	27
8	0	10	1	-65780	3
8	0	10	2	16651130	243
8	0	10	3	44934640	243
8	0	10	4	-68229520	243
8	0	10	5	27818660	81
8	0	10	6	-413549960	729
8	0	10	7	9967690	243
8	0	10	8	-14564260	243
8	0	10	9	1911010	243
8	0	10	10	-1553450	243
8	0	10	12	654295	648
8	0	11	0	7150	27
8	0	11	1	-1156430	81
8	0	11	2	12369500	81
8	0	11	3	-72202090	243
8	0	11	4	-135969380	243
8	0	11	5	147737960	243
8	0	11	6	-129136640	243
8	0	11	7	490042840	729
8	0	11	8	-13312190	243
8	0	11	9	7786040	243
8	0	11	10	-483070	81
8	0	11	11	538580	243
8	0	11	13	-617135	1296
8	0	12	1	-35750	9
8	0	12	2	8119210	81
8	0	12	3	-53329540	81
8	0	12	4	215356640	243
8	0	12	5	302647660	243
8	0	12	6	-244210760	243
8	0	12	7	144301360	243
8	0	12	8	-434513120	729
8	0	12	9	12527170	243
8	0	12	10	-1774550	243
8	0	12	11	479630	243
8	0	12	12	-68500	243
8	0	12	14	4765	36
8	0	13	0	1430	81
8	0	13	2	250250	9
8	0	13	3	-1307350	3
8	0	13	4	159159220	81
8	0	13	5	-467507080	243
8	0	13	6	-170812120	81
8	0	13	7	313164250	243
8	0	13	8	-112743320	243
8	0	13	9	93738860	243
8	0	13	10	-8324120	243
8	0	13	11	-849530	243
8	0	13	12	107620	243
8	0	13	13	-48550	243
8	0	13	15	-9365	576
8	0	14	1	-7150	27
8	0	14	3	-3253250	27
8	0	14	4	106268690	81
8	0	14	5	-348259780	81
8	0	14	6	254052100	81
8	0	14	7	74713160	27
8	0	14	8	-313022930	243
8	0	14	9	18303380	81
8	0	14	10	-1540610	9
8	0	14	11	3831500	243
8	0	14	12	931840	243
8	0	14	13	-167900	243
8	0	14	14	27650	243
8	0	15	2	50050	27
8	0	15	4	3253250	9
8	0	15	5	-234666190	81
8	0	15	6	577124020	81
8	0	15	7	-35142280	9
8	0	15	8	-8512180	3
8	0	15	9	242747450	243
8	0	15	10	-8034770	243
8	0	15	11	10478540	243
8	0	15	12	-1166020	243
8	0	15	13	-379310	243
8	0	15	14	62470	243
8	0	15	15	-170	9
8	0	16	3	-650650	81
8	0	16	5	-7157150	9
8	0	16	6	130882070	27
8	0	16	7	-245835700	27
8	0	16	8	33627190	9
8	0	16	9	552300260	243
8	0	16	10	-144015770	243
8	0	16	11	-10177010	243
8	0	16	12	-6860	243
8	0	16	13	213620	243
8	0	16	14	77920	243
8	0	16	15	-2830	81
8	0	17	4	650650	27
8	0	17	6	35785750	27
8	0	17	7	-168963190	27
8	0	17	8	81411220	9
8	0	17	9	-666279830	243
8	0	17	10	-342604600	243
8	0	17	11	63717950	243
8	0	17	12	8875840	243
8	0	17	13	-975950	243
8	0	17	14	-19210	243
8	0	17	15	-245	9
8	0	18	5	-1431430	27
8	0	18	7	-5112250	3
8	0	18	8	169672250	27
8	0	18	9	-565885540	81
8	0	18	10	370774210	243
8	0	18	11	161511680	243
8	0	18	12	-20147980	243
8	0	18	13	-3524420	243
8	0	18	14	305500	243
8	0	18	15	50	27
8	0	19	6	7157150	81
8	0	19	8	5112250	3
8	0	19	9	-132532510	27
8	0	19	10	112324300	27
8	0	19	11	-152974250	243
8	0	19	12	-55968220	243
8	0	19	13	4233260	243
8	0	19	14	745900	243
8	0	19	15	-11080	81
8	0	20	7	-1022450	9
8	0	20	9	-35785750	27
8	0	20	10	239593310	81
8	0	20	11	-151930460	81
8	0	20	12	44989180	243
8	0	20	13	13447940	243
8	0	20	14	-514180	243
8	0	20	15	-22700	81
8	0	21	8	1022450	9
8	0	21	10	7157150	9
8	0	21	11	-109381030	81
8	0	21	12	50205100	81
8	0	21	13	-8804540	243
8	0	21	14	-2001880	243
8	0	21	15	8530	81
8	0	22	9	-7157150	81
8	0	22	11	-3253250	9
8	0	22	12	4068790	9
8	0	22	13	-11478940	81
8	0	22	14	1004440	243
8	0	22	15	46360	81
8	0	23	10	1431430	27
8	0	23	12	3253250	27
8	0	23	13	-8487050	81
8	0	23	14	1623820	81
8	0	23	15	-16060	81
8	0	24	11	-650650	27
8	0	24	13	-250250	9
8	0	24	14	1217590	81
8	0	24	15	-107140	81
8	0	25	12	650650	81
8	0	25	14	35750	9
8	0	25	15	-27170	27
8	0	26	13	-50050	27
8	0	26	15	-7150	27
8	0	27	14	7150	27
8	0	28	15	-1430	81
8	1	0	0	3350	81
8	1	1	0	-1325	81
8	1	1	1	-5390	9
8	1	2	0	40	1
8	1	2	1	12385	81
8	1	2	2	315070	81
8	1	3	0	2225	27
8	1	3	1	-58640	81
8	1	3	2	-59135	81
8	1	3	3	-1222280	81
8	1	4	0	98480	81
8	1	4	1	-16375	27
8	1	4	2	486940	81
8	1	4	3	199885	81
8	1	4	4	3163720	81
8	1	5	0	81760	81
8	1	5	1	-1459840	81
8	1	5	2	146050	81
8	1	5	3	-2408240	81
8	1	5	4	-510980	81
8	1	5	5	-5768390	81
8	1	6	0	226120	81
8	1	6	1	-445550	27
8	1	6	2	10054010	81
8	1	6	3	-293300	81
8	1	6	4	7886320	81
8	1	6	5	911200	81
8	1	6	6	7634090	81
8	1	7	0	48070	9
8	1	7	1	-364360	9
8	1	7	2	1109675	9
8	1	7	3	-42636220	81
8	1	7	4	1017400	81
8	1	7	5	-18053420	81
8	1	7	6	-893015	81
8	1	7	7	-7489570	81
8	1	8	0	-780250	81
8	1	8	1	-729590	9
8	1	8	2	22175080	81
8	1	8	3	-15012655	27
8	1	8	4	124243580	81
8	1	8	5	-4372100	81
8	1	8	6	29651480	81
8	1	8	7	-161135	81
8	1	8	8	5583230	81
8	1	9	0	-654610	27
8	1	9	1	11822750	81
8	1	9	2	5147860	9
8	1	9	3	-93180680	81
8	1	9	4	45474380	27
8	1	9	5	-262589110	81
8	1	9	6	12841625	81
8	1	9	7	-35064610	81
8	1	9	8	1904815	81
8	1	9	9	-1093190	27
8	1	10	0	-51260	3
8	1	10	1	361790	1
8	1	10	2	-83255650	81
8	1	10	3	-22467320	9
8	1	10	4	272918080	81
8	1	10	5	-97365310	27
8	1	10	6	413549960	81
8	1	10	7	-24919225	81
8	1	10	8	29128520	81
8	1	10	9	-955505	27
8	1	10	10	1553450	81
8	1	11	0	-46475	9
8	1	11	1	2312860	9
8	1	11	2	-68032250	27
8	1	11	3	361010450	81
8	1	11	4	67984690	9
8	1	11	5	-590951840	81
8	1	11	6	451978240	81
8	1	11	7	-490042840	81
8	1	11	8	33280475	81
8	1	11	9	-15572080	81
8	1	11	10	241535	9
8	1	11	11	-538580	81
8	1	12	1	232375	3
8	1	12	2	-16238420	9
8	1	12	3	293312470	27
8	1	12	4	-1076783200	81
8	1	12	5	-151323830	9
8	1	12	6	976843040	81
8	1	12	7	-505054760	81
8	1	12	8	434513120	81
8	1	12	9	-31317925	81
8	1	12	10	3549100	81
8	1	12	11	-239815	27
8	1	12	12	68500	81
8	1	13	0	-3575	9
8	1	13	2	-1626625	3
8	1	13	3	7844100	1
8	1	13	4	-875375710	27
8	1	13	5	2337535400	81
8	1	13	6	85406060	3
8	1	13	7	-1252657000	81
8	1	13	8	394601620	81
8	1	13	9	-93738860	27
8	1	13	10	20810300	81
8	1	13	11	1699060	81
8	1	13	12	-53810	27
8	1	13	13	48550	81
8	1	14	1	17875	3
8	1	14	3	21146125	9
8	1	14	4	-212537380	9
8	1	14	5	1915428790	27
8	1	14	6	-1270260500	27
8	1	14	7	-37356580	1
8	1	14	8	1252091720	81
8	1	14	9	-64061830	27
8	1	14	10	1540610	1
8	1	14	11	-9578750	81
8	1	14	12	-1863680	81
8	1	14	13	83950	27
8	1	14	14	-27650	81
8	1	15	2	-125125	3
8	1	15	4	-21146125	3
8	1	15	5	469332380	9
8	1	15	6	-3174182110	27
8	1	15	7	175711400	3
8	1	15	8	38304810	1
8	1	15	9	-970989800	81
8	1	15	10	28121695	81
8	1	15	11	-10478540	27
8	1	15	12	2915050	81
8	1	15	13	758620	81
8	1	15	14	-31235	27
8	1	15	15	170	3
8	1	16	3	1626625	9
8	1	16	5	46521475	3
8	1	16	6	-261764140	3
8	1	16	7	1352096350	9
8	1	16	8	-168135950	3
8	1	16	9	-276150130	9
8	1	16	10	576063080	81
8	1	16	11	35619535	81
8	1	16	12	6860	27
8	1	16	13	-534050	81
8	1	16	14	-155840	81
8	1	16	15	1415	9
8	1	17	4	-1626625	3
8	1	17	6	-232607375	9
8	1	17	7	337926380	3
8	1	17	8	-447761710	3
8	1	17	9	3331399150	81
8	1	17	10	171302300	9
8	1	17	11	-254871800	81
8	1	17	12	-31065440	81
8	1	17	13	975950	27
8	1	17	14	48025	81
8	1	17	15	490	3
8	1	18	5	3578575	3
8	1	18	7	33229625	1
8	1	18	8	-339344500	3
8	1	18	9	3112370470	27
8	1	18	10	-1853871050	81
8	1	18	11	-80755840	9
8	1	18	12	80591920	81
8	1	18	13	12335470	81
8	1	18	14	-305500	27
8	1	18	15	-125	9
8	1	19	6	-17892875	9
8	1	19	8	-33229625	1
8	1	19	9	265065020	3
8	1	19	10	-617783650	9
8	1	19	11	764871250	81
8	1	19	12	27984110	9
8	1	19	13	-16933040	81
8	1	19	14	-2610650	81
8	1	19	15	11080	9
8	1	20	7	2556125	1
8	1	20	9	232607375	9
8	1	20	10	-479186620	9
8	1	20	11	835617530	27
8	1	20	12	-224945900	81
8	1	20	13	-6723970	9
8	1	20	14	2056720	81
8	1	20	15	79450	27
8	1	21	8	-2556125	1
8	1	21	10	-46521475	3
8	1	21	11	218762060	9
8	1	21	12	-276128050	27
8	1	21	13	44022700	81
8	1	21	14	1000940	9
8	1	21	15	-34120	27
8	1	22	9	17892875	9
8	1	22	11	21146125	3
8	1	22	12	-8137580	1
8	1	22	13	63134170	27
8	1	22	14	-5022200	81
8	1	22	15	-23180	3
8	1	23	10	-3578575	3
8	1	23	12	-21146125	9
8	1	23	13	16974100	9
8	1	23	14	-8931010	27
8	1	23	15	80300	27
8	1	24	11	1626625	3
8	1	24	13	1626625	3
8	1	24	14	-2435180	9
8	1	24	15	589270	27
8	1	25	12	-1626625	9
8	1	25	14	-232375	3
8	1	25	15	54340	3
8	1	26	13	125125	3
8	1	26	15	46475	9
8	1	27	14	-17875	3
8	1	28	15	3575	9
8	2	0	0	-3350	81
8	2	1	0	1325	81
8	2	1	1	5390	9
8	2	2	0	-100	1
8	2	2	1	-12385	81
8	2	2	2	-315070	81
8	2	3	0	-6230	27
8	2	3	1	146600	81
8	2	3	2	59135	81
8	2	3	3	1222280	81
8	2	4	0	-396605	81
8	2	4	1	45850	27
8	2	4	2	-1217350	81
8	2	4	3	-199885	81
8	2	4	4	-3163720	81
8	2	5	0	-362080	81
8	2	5	1	5868085	81
8	2	5	2	-408940	81
8	2	5	3	6020600	81
8	2	5	4	510980	81
8	2	5	5	5768390	81
8	2	6	0	-1286320	81
8	2	6	1	1973150	27
8	2	6	2	-40398680	81
8	2	6	3	821240	81
8	2	6	4	-19715800	81
8	2	6	5	-911200	81
8	2	6	6	-7634090	81
8	2	7	0	-294700	9
8	2	7	1	686980	3
8	2	7	2	-4914275	9
8	2	7	3	171278755	81
8	2	7	4	-2848720	81
8	2	7	5	45133550	81
8	2	7	6	893015	81
8	2	7	7	7489570	81
8	2	8	0	5839435	81
8	2	8	1	4447100	9
8	2	8	2	-124740700	81
8	2	8	3	66484615	27
8	2	8	4	-498654110	81
8	2	8	5	12241880	81
8	2	8	6	-74128700	81
8	2	8	7	161135	81
8	2	8	8	-5583230	81
8	2	9	0	4979590	27
8	2	9	1	-88070465	81
8	2	9	2	-31226800	9
8	2	9	3	521329760	81
8	2	9	4	-201386540	27
8	2	9	5	1051830385	81
8	2	9	6	-35956550	81
8	2	9	7	87661525	81
8	2	9	8	-1904815	81
8	2	9	9	1093190	27
8	2	10	0	139260	1
8	2	10	1	-24773210	9
8	2	10	2	617432395	81
8	2	10	3	135747920	9
8	2	10	4	-1518946390	81
8	2	10	5	431189230	27
8	2	10	6	-1651506620	81
8	2	10	7	69773830	81
8	2	10	8	-72821300	81
8	2	10	9	955505	27
8	2	10	10	-1553450	81
8	2	11	0	378950	9
8	2	11	1	-18833980	9
8	2	11	2	517649330	27
8	2	11	3	-2666160995	81
8	2	11	4	-409498720	9
8	2	11	5	3273187010	81
8	2	11	6	-2001617920	81
8	2	11	7	1949571805	81
8	2	11	8	-93185330	81
8	2	11	9	38930200	81
8	2	11	10	-241535	9
8	2	11	11	538580	81
8	2	12	1	-1894750	3
8	2	12	2	132104060	9
8	2	12	3	-2231840710	27
8	2	12	4	7922048890	81
8	2	12	5	909497120	9
8	2	12	6	-5388472850	81
8	2	12	7	2236671080	81
8	2	12	8	-1721879645	81
8	2	12	9	87690190	81
8	2	12	10	-8872750	81
8	2	12	11	239815	27
8	2	12	12	-68500	81
8	2	13	0	25025	9
8	2	13	2	13263250	3
8	2	13	3	-191239400	3
8	2	13	4	6660725500	27
8	2	13	5	-17138711780	81
8	2	13	6	-170892680	1
8	2	13	7	6888505330	81
8	2	13	8	-1747521460	81
8	2	13	9	370411685	27
8	2	13	10	-58268840	81
8	2	13	11	-4247650	81
8	2	13	12	53810	27
8	2	13	13	-48550	81
8	2	14	1	-125125	3
8	2	14	3	-172422250	9
8	2	14	4	1725261340	9
8	2	14	5	-14573961160	27
8	2	14	6	9285461360	27
8	2	14	7	224183320	1
8	2	14	8	-6872126780	81
8	2	14	9	283702390	27
8	2	14	10	-18287300	3
8	2	14	11	26820500	81
8	2	14	12	4659200	81
8	2	14	13	-83950	27
8	2	14	14	27650	81
8	2	15	2	875875	3
8	2	15	4	172422250	3
8	2	15	5	-3805200740	9
8	2	15	6	24150445660	27
8	2	15	7	-1281127820	3
8	2	15	8	-230029340	1
8	2	15	9	5325766880	81
8	2	15	10	-124538935	81
8	2	15	11	42271895	27
8	2	15	12	-8162140	81
8	2	15	13	-1896550	81
8	2	15	14	31235	27
8	2	15	15	-170	3
8	2	16	3	-11386375	9
8	2	16	5	-379328950	3
8	2	16	6	2119632020	3
8	2	16	7	-10286938420	9
8	2	16	8	1223320445	3
8	2	16	9	1660974220	9
8	2	16	10	-3161639600	81
8	2	16	11	-157743655	81
8	2	16	12	-873200	27
8	2	16	13	1495340	81
8	2	16	14	389600	81
8	2	16	15	-1415	9
8	2	17	4	11386375	3
8	2	17	6	1896644750	9
8	2	17	7	-2732789840	3
8	2	17	8	3406589230	3
8	2	17	9	-24200304505	81
8	2	17	10	-1032830960	9
8	2	17	11	1401562340	81
8	2	17	12	137575520	81
8	2	17	13	-3444695	27
8	2	17	14	-134470	81
8	2	17	15	-1225	3
8	2	18	5	-25050025	3
8	2	18	7	-270949250	1
8	2	18	8	2740589500	3
8	2	18	9	-23679500350	27
8	2	18	10	13454049155	81
8	2	18	11	488433520	9
8	2	18	12	-444690430	81
8	2	18	13	-54628510	81
8	2	18	14	1102360	27
8	2	18	15	350	9
8	2	19	6	125250125	9
8	2	19	8	270949250	1
8	2	19	9	-712595620	1
8	2	19	10	522278350	1
8	2	19	11	-5549736115	81
8	2	19	12	-169893080	9
8	2	19	13	93925970	81
8	2	19	14	11561450	81
8	2	19	15	-40045	9
8	2	20	7	-17892875	1
8	2	20	9	-1896644750	9
8	2	20	10	3859399060	9
8	2	20	11	-6358646030	27
8	2	20	12	1633530620	81
8	2	20	13	40995640	9
8	2	20	14	-11504290	81
8	2	20	15	-351850	27
8	2	21	8	17892875	1
8	2	21	10	379328950	3
8	2	21	11	-1759497080	9
8	2	21	12	2101559680	27
8	2	21	13	-320474770	81
8	2	21	14	-6131000	9
8	2	21	15	193870	27
8	2	22	9	-125250125	9
8	2	22	11	-172422250	3
8	2	22	12	196081820	3
8	2	22	13	-480614860	27
8	2	22	14	36757490	81
8	2	22	15	47560	1
8	2	23	10	25050025	3
8	2	23	12	172422250	9
8	2	23	13	-136150300	9
8	2	23	14	68008600	27
8	2	23	15	-594770	27
8	2	24	11	-11386375	3
8	2	24	13	-13263250	3
8	2	24	14	19506740	9
8	2	24	15	-4488880	27
8	2	25	12	11386375	9
8	2	25	14	1894750	3
8	2	25	15	-434720	3
8	2	26	13	-875875	3
8	2	26	15	-378950	9
8	2	27	14	125125	3
8	2	28	15	-25025	9
8	3	2	0	120	1
8	3	3	0	890	3
8	3	3	1	-58640	27
8	3	4	0	100270	9
8	3	4	1	-6550	3
8	3	4	2	486940	27
8	3	5	0	292000	27
8	3	5	1	-1478990	9
8	3	5	2	58420	9
8	3	5	3	-2408240	27
8	3	6	0	494900	9
8	3	6	1	-1591250	9
8	3	6	2	10175770	9
8	3	6	3	-117320	9
8	3	6	4	7886320	27
8	3	7	0	119490	1
8	3	7	1	-785680	1
8	3	7	2	3963125	3
8	3	7	3	-43125470	9
8	3	7	4	406960	9
8	3	7	5	-18053420	27
8	3	8	0	-9313240	27
8	3	8	1	-1783530	1
8	3	8	2	47127920	9
8	3	8	3	-53616625	9
8	3	8	4	125363440	9
8	3	8	5	-1748840	9
8	3	8	6	29651480	27
8	3	9	0	-853270	1
8	3	9	1	139472360	27
8	3	9	2	12407920	1
8	3	9	3	-195197380	9
8	3	9	4	162408500	9
8	3	9	5	-263571740	9
8	3	9	6	5136650	9
8	3	9	7	-35064610	27
8	3	10	0	-679250	1
8	3	10	1	12738990	1
8	3	10	2	-971127880	27
8	3	10	3	-53525080	1
8	3	10	4	563733110	9
8	3	10	5	-347733250	9
8	3	10	6	411754480	9
8	3	10	7	-9967690	9
8	3	10	8	29128520	27
8	3	11	0	-550550	3
8	3	11	1	10188750	1
8	3	11	2	-88744040	1
8	3	11	3	4166455880	27
8	3	11	4	160486620	1
8	3	11	5	-1204855570	9
8	3	11	6	1614208000	27
8	3	11	7	-482976470	9
8	3	11	8	13312190	9
8	3	11	9	-15572080	27
8	3	12	1	2752750	1
8	3	12	2	-71321250	1
8	3	12	3	382639180	1
8	3	12	4	-12306097960	27
8	3	12	5	-354902100	1
8	3	12	6	1969522210	9
8	3	12	7	-1803767000	27
8	3	12	8	423731230	9
8	3	12	9	-12527170	9
8	3	12	10	3549100	27
8	3	13	2	-19269250	1
8	3	13	3	309058750	1
8	3	13	4	-1141923475	1
8	3	13	5	26479209920	27
8	3	13	6	598688300	1
8	3	13	7	-2504205830	9
8	3	13	8	1409291500	27
8	3	13	9	-90709690	3
8	3	13	10	8324120	9
8	3	13	11	1699060	27
8	3	14	3	250500250	3
8	3	14	4	-927176250	1
8	3	14	5	2498408605	1
8	3	14	6	-14277156440	9
8	3	14	7	-784948500	1
8	3	14	8	2489805760	9
8	3	14	9	-228792250	9
8	3	14	10	13465450	1
8	3	14	11	-3831500	9
8	3	14	12	-1863680	27
8	3	15	4	-250500250	1
8	3	15	5	2039787750	1
8	3	15	6	-4139767555	1
8	3	15	7	1961706080	1
8	3	15	8	806506050	1
8	3	15	9	-1927302580	9
8	3	15	10	100434625	27
8	3	15	11	-10717030	3
8	3	15	12	1166020	9
8	3	15	13	758620	27
8	3	16	5	551100550	1
8	3	16	6	-3399646250	1
8	3	16	7	5289685005	1
8	3	16	8	-1866834680	1
8	3	16	9	-649102650	1
8	3	16	10	1145418820	9
8	3	16	11	127212625	27
8	3	16	12	570700	3
8	3	16	13	-213620	9
8	3	16	14	-155840	27
8	3	17	6	-2755502750	3
8	3	17	7	4370973750	1
8	3	17	8	-5255013060	1
8	3	17	9	36836033320	27
8	3	17	10	405558720	1
8	3	17	11	-509511040	9
8	3	17	12	-110948000	27
8	3	17	13	669880	3
8	3	17	14	19210	9
8	3	17	15	490	1
8	3	18	7	1180929750	1
8	3	18	8	-4370973750	1
8	3	18	9	4058824000	1
8	3	18	10	-20446517720	27
8	3	18	11	-192978520	1
8	3	18	12	162618710	9
8	3	18	13	44055250	27
8	3	18	14	-225740	3
8	3	18	15	-50	1
8	3	19	8	-1180929750	1
8	3	19	9	3399646250	1
8	3	19	10	-2417380350	1
8	3	19	11	8431261960	27
8	3	19	12	67616080	1
8	3	19	13	-34660330	9
8	3	19	14	-9323750	27
8	3	19	15	8230	1
8	3	20	9	2755502750	3
8	3	20	10	-2039787750	1
8	3	20	11	1090279190	1
8	3	20	12	-2485096280	27
8	3	20	13	-16449720	1
8	3	20	14	4305770	9
8	3	20	15	283750	9
8	3	21	10	-551100550	1
8	3	21	11	927176250	1
8	3	21	12	-360459715	1
8	3	21	13	489490480	27
8	3	21	14	2481780	1
8	3	21	15	-74450	3
8	3	22	11	250500250	1
8	3	22	12	-309058750	1
8	3	22	13	82472005	1
8	3	22	14	-56630360	27
8	3	22	15	-174860	1
8	3	23	12	-250500250	3
8	3	23	13	71321250	1
8	3	23	14	-11676775	1
8	3	23	15	933680	9
8	3	24	13	19269250	1
8	3	24	14	-10188750	1
8	3	24	15	771265	1
8	3	25	14	-2752750	1
8	3	25	15	679250	1
8	3	26	15	550550	3
8	4	2	0	-60	1
8	4	3	0	-445	3
8	4	3	1	29320	27
8	4	4	0	-135185	9
8	4	4	1	3275	3
8	4	4	2	-243470	27
8	4	5	0	-408800	27
8	4	5	1	1987945	9
8	4	5	2	-29210	9
8	4	5	3	1204120	27
8	4	6	0	-1122170	9
8	4	6	1	2227750	9
8	4	6	2	-13669160	9
8	4	6	3	58660	9
8	4	6	4	-3943160	27
8	4	7	0	-846250	3
8	4	7	1	15873410	9
8	4	7	2	-5548375	3
8	4	7	3	57908335	9
8	4	7	4	-203480	9
8	4	7	5	9026710	27
8	4	8	0	30684530	27
8	4	8	1	12462050	3
8	4	8	2	-104737850	9
8	4	8	3	75063275	9
8	4	8	4	-168084470	9
8	4	8	5	874420	9
8	4	8	6	-14825740	27
8	4	9	0	23912020	9
8	4	9	1	-456165670	27
8	4	9	2	-28562600	1
8	4	9	3	429398410	9
8	4	9	4	-227371900	9
8	4	9	5	352247845	9
8	4	9	6	-2568325	9
8	4	9	7	17532305	27
8	4	10	0	6587350	3
8	4	10	1	-357149540	9
8	4	10	2	3153461210	27
8	4	10	3	365990680	3
8	4	10	4	-1227512540	9
8	4	10	5	486826550	9
8	4	10	6	-547509740	9
8	4	10	7	4983845	9
8	4	10	8	-14564260	27
8	4	11	0	1269125	3
8	4	11	1	-32852050	1
8	4	11	2	2488574440	9
8	4	11	3	-13436510410	27
8	4	11	4	-1088687080	3
8	4	11	5	2598252460	9
8	4	11	6	-2259891200	27
8	4	11	7	638079985	9
8	4	11	8	-6656095	9
8	4	11	9	7786040	27
8	4	12	1	-6345625	1
8	4	12	2	229298850	1
8	4	12	3	-10730778080	9
8	4	12	4	39430797920	27
8	4	12	5	2393793080	3
8	4	12	6	-4211408300	9
8	4	12	7	2525273800	27
8	4	12	8	-555990065	9
8	4	12	9	6263585	9
8	4	12	10	-1774550	27
8	4	13	0	-325325	3
8	4	13	2	44419375	1
8	4	13	3	-2971380500	3
8	4	13	4	32023174150	9
8	4	13	5	-84342424840	27
8	4	13	6	-4024839580	3
8	4	13	7	5319605830	9
8	4	13	8	-1973008100	27
8	4	13	9	118421945	3
8	4	13	10	-4162060	9
8	4	13	11	-849530	27
8	4	14	1	1626625	1
8	4	14	3	-577451875	3
8	4	14	4	2961113650	1
8	4	14	5	-70056958730	9
8	4	14	6	45235162180	9
8	4	14	7	1757710140	1
8	4	14	8	-5267074130	9
8	4	14	9	320309150	9
8	4	14	10	-52861700	3
8	4	14	11	1915750	9
8	4	14	12	931840	27
8	4	15	2	-11386375	1
8	4	15	4	577451875	1
8	4	15	5	-6490385550	1
8	4	15	6	12896575670	1
8	4	15	7	-6186788360	1
8	4	15	8	-1809247430	1
8	4	15	9	1357086710	3
8	4	15	10	-140608475	27
8	4	15	11	14488115	3
8	4	15	12	-583010	9
8	4	15	13	-379310	27
8	4	16	3	148022875	3
8	4	16	5	-1270394125	1
8	4	16	6	32325216550	3
8	4	16	7	-16477461770	1
8	4	16	8	5865143510	1
8	4	16	9	4386774730	3
8	4	16	10	-2422929250	9
8	4	16	11	-178097675	27
8	4	16	12	-1230800	3
8	4	16	13	106810	9
8	4	16	14	77920	27
8	4	17	4	-148022875	1
8	4	17	6	6351970625	3
8	4	17	7	-13797049200	1
8	4	17	8	16368909040	1
8	4	17	9	-115394798390	27
8	4	17	10	-2758157240	3
8	4	17	11	120258510	1
8	4	17	12	155327200	27
8	4	17	13	-212705	1
8	4	17	14	-9605	9
8	4	17	15	-245	1
8	4	18	5	325650325	1
8	4	18	7	-2722273125	1
8	4	18	8	13738551750	1
8	4	18	9	-113791618600	9
8	4	18	10	63937232290	27
8	4	18	11	441000760	1
8	4	18	12	-115978760	3
8	4	18	13	-61677350	27
8	4	18	14	234520	3
8	4	18	15	25	1
8	4	19	6	-1628251625	3
8	4	19	8	2722273125	1
8	4	19	9	-31916732650	3
8	4	19	10	67783486100	9
8	4	19	11	-26354863370	27
8	4	19	12	-467912620	3
8	4	19	13	24988640	3
8	4	19	14	13053250	27
8	4	19	15	-25795	3
8	4	20	7	697822125	1
8	4	20	9	-6351970625	3
8	4	20	10	6354889750	1
8	4	20	11	-30580322740	9
8	4	20	12	7780163260	27
8	4	20	13	115010860	3
8	4	20	14	-1051960	1
8	4	20	15	-397250	9
8	4	21	8	-697822125	1
8	4	21	10	1270394125	1
8	4	21	11	-2875524300	1
8	4	21	12	10114643990	9
8	4	21	13	-1539396860	27
8	4	21	14	-17540900	3
8	4	21	15	168470	3
8	4	22	9	1628251625	3
8	4	22	11	-577451875	1
8	4	22	12	2862426050	3
8	4	22	13	-2315579530	9
8	4	22	14	179821720	27
8	4	22	15	1249660	3
8	4	23	10	-325650325	1
8	4	23	12	577451875	3
8	4	23	13	-219183250	1
8	4	23	14	328101950	9
8	4	23	15	-3025660	9
8	4	24	11	148022875	1
8	4	24	13	-44419375	1
8	4	24	14	31170150	1
8	4	24	15	-2410210	1
8	4	25	12	-148022875	3
8	4	25	14	6345625	1
8	4	25	15	-6206200	3
8	4	26	13	11386375	1
8	4	26	15	-1269125	3
8	4	27	14	-1626625	1
8	4	28	15	325325	3
8	5	4	0	11340	1
8	5	5	0	11680	1
8	5	5	1	-166460	1
8	5	6	0	561260	3
8	5	6	1	-190950	1
8	5	6	2	1144170	1
8	5	7	0	436570	1
8	5	7	1	-7868560	3
8	5	7	2	1426725	1
8	5	7	3	-4846080	1
8	5	8	0	-2639780	1
8	5	8	1	-6347090	1
8	5	8	2	51448880	3
8	5	8	3	-6433995	1
8	5	8	4	14053700	1
8	5	9	0	-17420480	3
8	5	9	1	38993020	1
8	5	9	2	43146360	1
8	5	9	3	-208942300	3
8	5	9	4	19489020	1
8	5	9	5	-29394930	1
8	5	10	0	-4894120	1
8	5	10	1	260315440	3
8	5	10	2	-267844940	1
8	5	10	3	-182476120	1
8	5	10	4	591572810	3
8	5	10	5	-41727990	1
8	5	10	6	45551000	1
8	5	11	0	-225225	1
8	5	11	1	73005240	1
8	5	11	2	-1814293250	3
8	5	11	3	1134215500	1
8	5	11	4	538447240	1
8	5	11	5	-1240558510	3
8	5	11	6	64568320	1
8	5	11	7	-52878900	1
8	5	12	1	3378375	1
8	5	12	2	-507842280	1
8	5	12	3	7823872210	3
8	5	12	4	-3308974460	1
8	5	12	5	-1176985880	1
8	5	12	6	664718730	1
8	5	12	7	-72150680	1
8	5	12	8	45883260	1
8	5	13	0	715715	1
8	5	13	2	-23648625	1
8	5	13	3	2185442600	1
8	5	13	4	-23347421405	3
8	5	13	5	7039378720	1
8	5	13	6	1972193980	1
8	5	13	7	-834160670	1
8	5	13	8	56371660	1
8	5	13	9	-29226840	1
8	5	14	1	-10735725	1
8	5	14	3	102477375	1
8	5	14	4	-6507046920	1
8	5	14	5	51071885095	3
8	5	14	6	-11270396940	1
8	5	14	7	-2581878420	1
8	5	14	8	822480160	1
8	5	14	9	-27455070	1
8	5	14	10	13065410	1
8	5	15	2	75150075	1
8	5	15	4	-307432125	1
8	5	15	5	14199993720	1
8	5	15	6	-28201631535	1
8	5	15	7	13813026480	1
8	5	15	8	2662578690	1
8	5	15	9	-1904471660	3
8	5	15	10	4017385	1
8	5	15	11	-3651840	1
8	5	16	3	-325650325	1
8	5	16	5	676350675	1
8	5	16	6	-23463918280	1
8	5	16	7	36028648425	1
8	5	16	8	-13047615900	1
8	5	16	9	-2161279930	1
8	5	16	10	1134985180	3
8	5	16	11	5088505	1
8	5	16	12	378180	1
8	5	17	4	976950975	1
8	5	17	6	-1127251125	1
8	5	17	7	29896142760	1
8	5	17	8	-35789959590	1
8	5	17	9	9481437020	1
8	5	17	10	1367670200	1
8	5	17	11	-509149280	3
8	5	17	12	-4437920	1
8	5	17	13	121270	1
8	5	18	5	-2149292145	1
8	5	18	7	1449322875	1
8	5	18	8	-29615355000	1
8	5	18	9	82938180710	3
8	5	18	10	-5244398500	1
8	5	18	11	-661361640	1
8	5	18	12	164850730	3
8	5	18	13	1762210	1
8	5	18	14	-48660	1
8	5	19	6	3582153575	1
8	5	19	8	-1449322875	1
8	5	19	9	22810344040	1
8	5	19	10	-49413387100	3
8	5	19	11	2160941420	1
8	5	19	12	236086060	1
8	5	19	13	-35895830	3
8	5	19	14	-372950	1
8	5	19	15	5380	1
8	5	20	7	-4605626025	1
8	5	20	9	1127251125	1
8	5	20	10	-13549613880	1
8	5	20	11	22299856040	3
8	5	20	12	-638881540	1
8	5	20	13	-58611820	1
8	5	20	14	4604950	3
8	5	20	15	34050	1
8	5	21	8	4605626025	1
8	5	21	10	-676350675	1
8	5	21	11	6096218040	1
8	5	21	12	-7379397025	3
8	5	21	13	126955400	1
8	5	21	14	9031940	1
8	5	21	15	-84110	1
8	5	22	9	-3582153575	1
8	5	22	11	307432125	1
8	5	22	12	-2011115480	1
8	5	22	13	1690508435	3
8	5	22	14	-14965060	1
8	5	22	15	-650140	1
8	5	23	10	2149292145	1
8	5	23	12	-102477375	1
8	5	23	13	459287400	1
8	5	23	14	-239736805	3
8	5	23	15	769560	1
8	5	24	11	-976950975	1
8	5	24	13	23648625	1
8	5	24	14	-64932120	1
8	5	24	15	5288745	1
8	5	25	12	325650325	1
8	5	25	14	-3378375	1
8	5	25	15	4284280	1
8	5	26	13	-75150075	1
8	5	26	15	225225	1
8	5	27	14	10735725	1
8	5	28	15	-715715	1
8	6	4	0	-3780	1
8	6	5	0	-11680	3
8	6	5	1	166460	3
8	6	6	0	-1618120	9
8	6	6	1	63650	1
8	6	6	2	-381390	1
8	6	7	0	-1285390	3
8	6	7	1	22535660	9
8	6	7	2	-475575	1
8	6	7	3	1615360	1
8	6	8	0	12969890	3
8	6	8	1	18509030	3
8	6	8	2	-146345500	9
8	6	8	3	2144665	1
8	6	8	4	-14053700	3
8	6	9	0	81013240	9
8	6	9	1	-190610710	3
8	6	9	2	-41575440	1
8	6	9	3	590054360	9
8	6	9	4	-6496340	1
8	6	9	5	9798310	1
8	6	10	0	22611490	3
8	6	10	1	-1211145320	9
8	6	10	2	434211710	1
8	6	10	3	523450600	3
8	6	10	4	-1658144890	9
8	6	10	5	13909330	1
8	6	10	6	-45551000	3
8	6	11	0	-5076500	3
8	6	11	1	-112108810	1
8	6	11	2	8443215550	9
8	6	11	3	-5488511530	3
8	6	11	4	-1534769140	3
8	6	11	5	3451701710	9
8	6	11	6	-64568320	3
8	6	11	7	17626300	1
8	6	12	1	25382500	1
8	6	12	2	777308070	1
8	6	12	3	-36412868030	9
8	6	12	4	5311755720	1
8	6	12	5	3339035420	3
8	6	12	6	-612404750	1
8	6	12	7	72150680	3
8	6	12	8	-15294420	1
8	6	13	0	-7157150	3
8	6	13	2	-177677500	1
8	6	13	3	-9998553950	3
8	6	13	4	108656701615	9
8	6	13	5	-33747065320	3
8	6	13	6	-5579549620	3
8	6	13	7	2293295410	3
8	6	13	8	-56371660	3
8	6	13	9	9742280	1
8	6	14	1	35785750	1
8	6	14	3	2309807500	3
8	6	14	4	9883565230	1
8	6	14	5	-237660369485	9
8	6	14	6	53807720020	3
8	6	14	7	2433285060	1
8	6	14	8	-2253433460	3
8	6	14	9	9151690	1
8	6	14	10	-13065410	3
8	6	15	2	-250500250	1
8	6	15	4	-2309807500	1
8	6	15	5	-21474321330	1
8	6	15	6	43739846535	1
8	6	15	7	-21902035720	1
8	6	15	8	-2513168570	1
8	6	15	9	5211612280	9
8	6	15	10	-4017385	3
8	6	15	11	1217280	1
8	6	16	3	3256503250	3
8	6	16	5	5081576500	1
8	6	16	6	105952441210	3
8	6	16	7	-55874027825	1
8	6	16	8	20624858470	1
8	6	16	9	6141438070	3
8	6	16	10	-3109471400	9
8	6	16	11	-5088505	3
8	6	16	12	-126060	1
8	6	17	4	-3256503250	1
8	6	17	6	-25407882500	3
8	6	17	7	-44774100690	1
8	6	17	8	55501851790	1
8	6	17	9	-44856786470	3
8	6	17	10	-3906382880	3
8	6	17	11	1399753540	9
8	6	17	12	4437920	3
8	6	17	13	-121270	3
8	6	18	5	7164307150	1
8	6	18	7	10889092500	1
8	6	18	8	44118929250	1
8	6	18	9	-385873879930	9
8	6	18	10	24774727570	3
8	6	18	11	633700280	1
8	6	18	12	-455850530	9
8	6	18	13	-1762210	3
8	6	18	14	16220	1
8	6	19	6	-35821535750	3
8	6	19	8	-10889092500	1
8	6	19	9	-101377421530	3
8	6	19	10	229937546300	9
8	6	19	11	-3401712270	1
8	6	19	12	-683539360	3
8	6	19	13	100103470	9
8	6	19	14	372950	3
8	6	19	15	-5380	3
8	6	20	7	15352086750	1
8	6	20	9	25407882500	3
8	6	20	10	19956768370	1
8	6	20	11	-103801279120	9
8	6	20	12	3021025780	3
8	6	20	13	170998360	3
8	6	20	14	-13000190	9
8	6	20	15	-11350	1
8	6	21	8	-15352086750	1
8	6	21	10	-5081576500	1
8	6	21	11	-8924964510	1
8	6	21	12	34365744875	9
8	6	21	13	-200845460	1
8	6	21	14	-26555180	3
8	6	21	15	242170	3
8	6	22	9	35821535750	3
8	6	22	11	2309807500	1
8	6	22	12	8778264110	3
8	6	22	13	-7877728705	9
8	6	22	14	71570560	3
8	6	22	15	1926100	3
8	6	23	10	-7164307150	1
8	6	23	12	-2309807500	3
8	6	23	13	-664013350	1
8	6	23	14	1118085815	9
8	6	23	15	-3737140	3
8	6	24	11	3256503250	1
8	6	24	13	177677500	1
8	6	24	14	93271530	1
8	6	24	15	-8230145	1
8	6	25	12	-3256503250	3
8	6	25	14	-25382500	1
8	6	25	15	-18342610	3
8	6	26	13	250500250	1
8	6	26	15	5076500	3
8	6	27	14	-35785750	1
8	6	28	15	7157150	3
8	7	6	0	301960	3
8	7	7	0	242520	1
8	7	7	1	-4190600	3
8	7	8	0	-4894920	1
8	7	8	1	-3474840	1
8	7	8	2	27113320	3
8	7	9	0	-29259340	3
8	7	9	1	71669880	1
8	7	9	2	23308560	1
8	7	9	3	-108889160	3
8	7	10	0	-7732560	1
8	7	10	1	437599580	3
8	7	10	2	-487942040	1
8	7	10	3	-97421280	1
8	7	10	4	304734880	3
8	7	11	0	5991700	1
8	7	11	1	114768720	1
8	7	11	2	-3051250180	3
8	7	11	3	2048198040	1
8	7	11	4	284663400	1
8	7	11	5	-631755200	3
8	7	12	1	-89875500	1
8	7	12	2	-793797840	1
8	7	12	3	13159910060	3
8	7	12	4	-5925162680	1
8	7	12	5	-617728440	1
8	7	12	6	334998720	1
8	7	13	0	4601025	1
8	7	13	2	629128500	1
8	7	13	3	3394168800	1
8	7	13	4	-39268220200	3
8	7	13	5	12505047360	1
8	7	13	6	1030673040	1
8	7	13	7	-416895640	1
8	7	14	1	-69015375	1
8	7	14	3	-2726223500	1
8	7	14	4	-10034663760	1
8	7	14	5	85882528160	3
8	7	14	6	-19875561560	1
8	7	14	7	-1347993360	1
8	7	14	8	408843800	1
8	7	15	2	483107625	1
8	7	15	4	8178670500	1
8	7	15	5	21729731760	1
8	7	15	6	-47413622520	1
8	7	15	7	24202301280	1
8	7	15	8	1393407720	1
8	7	15	9	-944897320	3
8	7	16	3	-2093466375	1
8	7	16	5	-17993075100	1
8	7	16	6	-35608005840	1
8	7	16	7	60562063320	1
8	7	16	8	-22736717880	1
8	7	16	9	-1137188040	1
8	7	16	10	564138920	3
8	7	17	4	6280399125	1
8	7	17	6	29988458500	1
8	7	17	7	44966465280	1
8	7	17	8	-60156788340	1
8	7	17	9	16452949560	1
8	7	17	10	725346480	1
8	7	17	11	-254458360	3
8	7	18	5	-13816878075	1
8	7	18	7	-38556589500	1
8	7	18	8	-44124102000	1
8	7	18	9	139418801500	3
8	7	18	10	-9076610760	1
8	7	18	11	-354211200	1
8	7	18	12	83142800	3
8	7	19	6	23028130125	1
8	7	19	8	38556589500	1
8	7	19	9	33647283120	1
8	7	19	10	-83090179700	3
8	7	19	11	3737886680	1
8	7	19	12	127843800	1
8	7	19	13	-18345040	3
8	7	20	7	-29607595875	1
8	7	20	9	-29988458500	1
8	7	20	10	-19778592240	1
8	7	20	11	37519637980	3
8	7	20	12	-1107639240	1
8	7	20	13	-32110440	1
8	7	20	14	2398640	3
8	7	21	8	29607595875	1
8	7	21	10	17993075100	1
8	7	21	11	8802177120	1
8	7	21	12	-12426727280	3
8	7	21	13	221549840	1
8	7	21	14	5006640	1
8	7	21	15	-45160	1
8	7	22	9	-23028130125	1
8	7	22	11	-8178670500	1
8	7	22	12	-2871187440	1
8	7	22	13	2850169960	3
8	7	22	14	-26471880	1
8	7	22	15	-364560	1
8	7	23	10	13816878075	1
8	7	23	12	2726223500	1
8	7	23	13	648133200	1
8	7	23	14	-404808800	3
8	7	23	15	1398320	1
8	7	24	11	-6280399125	1
8	7	24	13	-629128500	1
8	7	24	14	-90549360	1
8	7	24	15	8946960	1
8	7	25	12	2093466375	1
8	7	25	14	89875500	1
8	7	25	15	5903040	1
8	7	26	13	-483107625	1
8	7	26	15	-5991700	1
8	7	27	14	69015375	1
8	7	28	15	-4601025	1
8	8	6	0	-75490	3
8	8	7	0	-60630	1
8	8	7	1	1047650	3
8	8	8	0	3653055	1
8	8	8	1	868710	1
8	8	8	2	-6778330	3
8	8	9	0	21177310	3
8	8	9	1	-53355645	1
8	8	9	2	-5827140	1
8	8	9	3	27222290	3
8	8	10	0	4704150	1
8	8	10	1	-316817270	3
8	8	10	2	362345135	1
8	8	10	3	24355320	1
8	8	10	4	-76183720	3
8	8	11	0	-10506925	1
8	8	11	1	-69799950	1
8	8	11	2	2209403020	3
8	8	11	3	-1517191335	1
8	8	11	4	-71165850	1
8	8	11	5	157938800	3
8	8	12	1	157603875	1
8	8	12	2	482610150	1
8	8	12	3	-9529509440	3
8	8	12	4	4378353770	1
8	8	12	5	154432110	1
8	8	12	6	-83749680	1
8	8	13	0	-4601025	1
8	8	13	2	-1103227125	1
8	8	13	3	-2062797000	1
8	8	13	4	28434730225	3
8	8	13	5	-9219111540	1
8	8	13	6	-257668260	1
8	8	13	7	104223910	1
8	8	14	1	69015375	1
8	8	14	3	4780650875	1
8	8	14	4	6095989350	1
8	8	14	5	-62185047815	3
8	8	14	6	14621441240	1
8	8	14	7	336998340	1
8	8	14	8	-102210950	1
8	8	15	2	-483107625	1
8	8	15	4	-14341952625	1
8	8	15	5	-13194596250	1
8	8	15	6	34328323755	1
8	8	15	7	-17770208820	1
8	8	15	8	-348351930	1
8	8	15	9	236224330	3
8	8	16	3	2093466375	1
8	8	16	5	31552295775	1
8	8	16	6	21610860150	1
8	8	16	7	-43845439605	1
8	8	16	8	16666876995	1
8	8	16	9	284297010	1
8	8	16	10	-141034730	3
8	8	17	4	-6280399125	1
8	8	17	6	-52587159625	1
8	8	17	7	-27275856300	1
8	8	17	8	43551041160	1
8	8	17	9	-12045370965	1
8	8	17	10	-181336620	1
8	8	17	11	63614590	3
8	8	18	5	13816878075	1
8	8	18	7	67612062375	1
8	8	18	8	26749379250	1
8	8	18	9	-100936881100	3
8	8	18	10	6639798615	1
8	8	18	11	88552800	1
8	8	18	12	-20785700	3
8	8	19	6	-23028130125	1
8	8	19	8	-67612062375	1
8	8	19	9	-20385408450	1
8	8	19	10	60162355550	3
8	8	19	11	-2733903095	1
8	8	19	12	-31960950	1
8	8	19	13	4586260	3
8	8	20	7	29607595875	1
8	8	20	9	52587159625	1
8	8	20	10	11975134050	1
8	8	20	11	-27171805870	3
8	8	20	12	810693060	1
8	8	20	13	8027610	1
8	8	20	14	-599660	3
8	8	21	8	-29607595875	1
8	8	21	10	-31552295775	1
8	8	21	11	-5325685200	1
8	8	21	12	9002109545	3
8	8	21	13	-162474410	1
8	8	21	14	-1251660	1
8	8	21	15	11290	1
8	8	22	9	23028130125	1
8	8	22	11	14341952625	1
8	8	22	12	1735933650	1
8	8	22	13	-2065533415	3
8	8	22	14	19491570	1
8	8	22	15	91140	1
8	8	23	10	-13816878075	1
8	8	23	12	-4780650875	1
8	8	23	13	-391569750	1
8	8	23	14	293517125	3
8	8	23	15	-1037630	1
8	8	24	11	6280399125	1
8	8	24	13	1103227125	1
8	8	24	14	54662850	1
8	8	24	15	-6491265	1
8	8	25	12	-2093466375	1
8	8	25	14	-157603875	1
8	8	25	15	-3560700	1
8	8	26	13	483107625	1
8	8	26	15	10506925	1
8	8	27	14	-69015375	1
8	8	28	15	4601025	1
8	9	8	0	-1619550	1
8	9	9	0	-3080550	1
8	9	9	1	23625450	1
8	9	10	0	-965250	1
8	9	10	1	46092750	1
8	9	10	2	-160239750	1
8	9	11	0	11314875	1
8	9	11	1	14478750	1
8	9	11	2	-321464550	1
8	9	11	3	670094550	1
8	9	12	1	-169723125	1
8	9	12	2	-101351250	1
8	9	12	3	1386562650	1
8	9	12	4	-1931375400	1
8	9	13	2	1188061875	1
8	9	13	3	439188750	1
8	9	13	4	-4137261150	1
8	9	13	5	4061899800	1
8	9	14	3	-5148268125	1
8	9	14	4	-1317566250	1
8	9	14	5	9047647950	1
8	9	14	6	-6435033900	1
8	9	15	4	15444804375	1
8	9	15	5	2898645750	1
8	9	15	6	-14983278750	1
8	9	15	7	7813089000	1
8	9	16	5	-33978569625	1
8	9	16	6	-4831076250	1
8	9	16	7	19136615850	1
8	9	16	8	-7321798350	1
8	9	17	6	56630949375	1
8	9	17	7	6211383750	1
8	9	17	8	-19007896050	1
8	9	17	9	5288089050	1
8	9	18	7	-72811220625	1
8	9	18	8	-6211383750	1
8	9	18	9	14684929050	1
8	9	18	10	-2913763950	1
8	9	19	8	72811220625	1
8	9	19	9	4831076250	1
8	9	19	10	-8753291250	1
8	9	19	11	1199620950	1
8	9	20	9	-56630949375	1
8	9	20	10	-2898645750	1
8	9	20	11	3953754750	1
8	9	20	12	-355855500	1
8	9	21	10	33978569625	1
8	9	21	11	1317566250	1
8	9	21	12	-1310095050	1
8	9	21	13	71391300	1
8	9	22	11	-15444804375	1
8	9	22	12	-439188750	1
8	9	22	13	300664650	1
8	9	22	14	-8582400	1
8	9	23	12	5148268125	1
8	9	23	13	101351250	1
8	9	23	14	-42736650	1
8	9	23	15	458700	1
8	9	24	13	-1188061875	1
8	9	24	14	-14478750	1
8	9	24	15	2836350	1
8	9	25	14	169723125	1
8	9	25	15	965250	1
8	9	26	15	-11314875	1
8	10	8	0	323910	1
8	10	9	0	616110	1
8	10	9	1	-4725090	1
8	10	10	0	-689040	1
8	10	10	1	-9218550	1
8	10	10	2	32047950	1
8	10	11	0	-7571850	1
8	10	11	1	10030680	1
8	10	11	2	64292910	1
8	10	11	3	-134018910	1
8	10	12	1	113577750	1
8	10	12	2	-67818960	1
8	10	12	3	-277312530	1
8	10	12	4	386275080	1
8	10	13	0	6441435	1
8	10	13	2	-795044250	1
8	10	13	3	282476700	1
8	10	13	4	827452230	1
8	10	13	5	-812379960	1
8	10	14	1	-96621525	1
8	10	14	3	3445191750	1
8	10	14	4	-810469440	1
8	10	14	5	-1809529590	1
8	10	14	6	1287006780	1
8	10	15	2	676350675	1
8	10	15	4	-10335575250	1
8	10	15	5	1696400640	1
8	10	15	6	2996655750	1
8	10	15	7	-1562617800	1
8	10	16	3	-2930852925	1
8	10	16	5	22738265550	1
8	10	16	6	-2675280960	1
8	10	16	7	-3827323170	1
8	10	16	8	1464359670	1
8	10	17	4	8792558775	1
8	10	17	6	-37897109250	1
8	10	17	7	3235832820	1
8	10	17	8	3801579210	1
8	10	17	9	-1057617810	1
8	10	18	5	-19343629305	1
8	10	18	7	48724854750	1
8	10	18	8	-3025242000	1
8	10	18	9	-2936985810	1
8	10	18	10	582752790	1
8	10	19	6	32239382175	1
8	10	19	8	-48724854750	1
8	10	19	9	2185100280	1
8	10	19	10	1750658250	1
8	10	19	11	-239924190	1
8	10	20	7	-41450634225	1
8	10	20	9	37897109250	1
8	10	20	10	-1208615760	1
8	10	20	11	-790750950	1
8	10	20	12	71171100	1
8	10	21	8	41450634225	1
8	10	21	10	-22738265550	1
8	10	21	11	502347780	1
8	10	21	12	262019010	1
8	10	21	13	-14278260	1
8	10	22	9	-32239382175	1
8	10	22	11	10335575250	1
8	10	22	12	-151731360	1
8	10	22	13	-60132930	1
8	10	22	14	1716480	1
8	10	23	10	19343629305	1
8	10	23	12	-3445191750	1
8	10	23	13	31402800	1
8	10	23	14	8547330	1
8	10	23	15	-91740	1
8	10	24	11	-8792558775	1
8	10	24	13	795044250	1
8	10	24	14	-3975840	1
8	10	24	15	-567270	1
8	10	25	12	2930852925	1
8	10	25	14	-113577750	1
8	10	25	15	231660	1
8	10	26	13	-676350675	1
8	10	26	15	7571850	1
8	10	27	14	96621525	1
8	10	28	15	-6441435	1
8	11	10	0	481140	1
8	11	11	0	2895750	1
8	11	11	1	-7050780	1
8	11	12	1	-43436250	1
8	11	12	2	48048660	1
8	11	13	0	-8783775	1
8	11	13	2	304053750	1
8	11	13	3	-201989700	1
8	11	14	1	131756625	1
8	11	14	3	-1317566250	1
8	11	14	4	585808740	1
8	11	15	2	-922296375	1
8	11	15	4	3952698750	1
8	11	15	5	-1241525340	1
8	11	16	3	3996617625	1
8	11	16	5	-8695937250	1
8	11	16	6	1986270660	1
8	11	17	4	-11989852875	1
8	11	17	6	14493228750	1
8	11	17	7	-2442605220	1
8	11	18	5	26377676325	1
8	11	18	7	-18634151250	1
8	11	18	8	2327737500	1
8	11	19	6	-43962793875	1
8	11	19	8	18634151250	1
8	11	19	9	-1718899380	1
8	11	20	7	56523592125	1
8	11	20	9	-14493228750	1
8	11	20	10	975460860	1
8	11	21	8	-56523592125	1
8	11	21	10	8695937250	1
8	11	21	11	-417742380	1
8	11	22	9	43962793875	1
8	11	22	11	-3952698750	1
8	11	22	12	130674060	1
8	11	23	10	-26377676325	1
8	11	23	12	1317566250	1
8	11	23	13	-28185300	1
8	11	24	11	11989852875	1
8	11	24	13	-304053750	1
8	11	24	14	3748140	1
8	11	25	12	-3996617625	1
8	11	25	14	43436250	1
8	11	25	15	-231660	1
8	11	26	13	922296375	1
8	11	26	15	-2895750	1
8	11	27	14	-131756625	1
8	11	28	15	8783775	1
8	12	10	0	-80190	1
8	12	11	0	-482625	1
8	12	11	1	1175130	1
8	12	12	1	7239375	1
8	12	12	2	-8008110	1
8	12	13	0	5855850	1
8	12	13	2	-50675625	1
8	12	13	3	33664950	1
8	12	14	1	-87837750	1
8	12	14	3	219594375	1
8	12	14	4	-97634790	1
8	12	15	2	614864250	1
8	12	15	4	-658783125	1
8	12	15	5	206920890	1
8	12	16	3	-2664411750	1
8	12	16	5	1449322875	1
8	12	16	6	-331045110	1
8	12	17	4	7993235250	1
8	12	17	6	-2415538125	1
8	12	17	7	407100870	1
8	12	18	5	-17585117550	1
8	12	18	7	3105691875	1
8	12	18	8	-387956250	1
8	12	19	6	29308529250	1
8	12	19	8	-3105691875	1
8	12	19	9	286483230	1
8	12	20	7	-37682394750	1
8	12	20	9	2415538125	1
8	12	20	10	-162576810	1
8	12	21	8	37682394750	1
8	12	21	10	-1449322875	1
8	12	21	11	69623730	1
8	12	22	9	-29308529250	1
8	12	22	11	658783125	1
8	12	22	12	-21779010	1
8	12	23	10	17585117550	1
8	12	23	12	-219594375	1
8	12	23	13	4697550	1
8	12	24	11	-7993235250	1
8	12	24	13	50675625	1
8	12	24	14	-624690	1
8	12	25	12	2664411750	1
8	12	25	14	-7239375	1
8	12	25	15	38610	1
8	12	26	13	-614864250	1
8	12	26	15	482625	1
8	12	27	14	87837750	1
8	12	28	15	-5855850	1
8	13	13	0	-2027025	1
8	13	14	1	30405375	1
8	13	15	2	-212837625	1
8	13	16	3	922296375	1
8	13	17	4	-2766889125	1
8	13	18	5	6087156075	1
8	13	19	6	-10145260125	1
8	13	20	7	13043905875	1
8	13	21	8	-13043905875	1
8	13	22	9	10145260125	1
8	13	23	10	-6087156075	1
8	13	24	11	2766889125	1
8	13	25	12	-922296375	1
8	13	26	13	212837625	1
8	13	27	14	-30405375	1
8	13	28	15	2027025	1
8	14	13	0	289575	1
8	14	14	1	-4343625	1
8	14	15	2	30405375	1
8	14	16	3	-131756625	1
8	14	17	4	395269875	1
8	14	18	5	-869593725	1
8	14	19	6	1449322875	1
8	14	20	7	-1863415125	1
8	14	21	8	1863415125	1
8	14	22	9	-1449322875	1
8	14	23	10	869593725	1
8	14	24	11	-395269875	1
8	14	25	12	131756625	1
8	14	26	13	-30405375	1
8	14	27	14	4343625	1
8	14	28	15	-289575	1
9	0	0	0	1390	243
9	0	0	2	-25	54
9	0	1	0	-1210	243
9	0	1	1	-21430	243
9	0	1	3	65	18
9	0	2	0	-2680	729
9	0	2	1	34430	729
9	0	2	2	142460	243
9	0	2	4	-1925	243
9	0	3	0	410	27
9	0	3	1	1060	27
9	0	3	2	-158210	729
9	0	3	3	-1658800	729
9	0	3	5	-1100	81
9	0	4	0	26660	243
9	0	4	1	-6850	81
9	0	4	2	-15160	81
9	0	4	3	171710	243
9	0	4	4	4246750	729
9	0	4	6	1072885	7776
9	0	5	0	-24640	729
9	0	5	1	-1189960	729
9	0	5	2	-36380	243
9	0	5	3	127000	243
9	0	5	4	-1408460	729
9	0	5	5	-7684250	729
9	0	5	7	-1335455	2592
9	0	6	0	4130	9
9	0	6	1	68420	243
9	0	6	2	8238370	729
9	0	6	3	2092300	729
9	0	6	4	-657770	729
9	0	6	5	3168320	729
9	0	6	6	10441790	729
9	0	6	8	95975	72
9	0	7	0	504140	729
9	0	7	1	-1627130	243
9	0	7	2	-104510	243
9	0	7	3	-35207810	729
9	0	7	4	-9157760	729
9	0	7	5	529070	729
9	0	7	6	-5205530	729
9	0	7	7	-3867250	243
9	0	7	9	-1636195	648
9	0	8	0	-158410	729
9	0	8	1	-2551340	243
9	0	8	2	1231280	27
9	0	8	3	-344510	81
9	0	8	4	103814830	729
9	0	8	5	22401640	729
9	0	8	6	743665	729
9	0	8	7	1754650	243
9	0	8	8	3928970	243
9	0	8	10	4461985	1296
9	0	9	0	-269500	243
9	0	9	1	821050	243
9	0	9	2	6007540	81
9	0	9	3	-140207780	729
9	0	9	4	20646220	729
9	0	9	5	-223442530	729
9	0	9	6	-11526350	243
9	0	9	7	-1221955	243
9	0	9	8	-472810	243
9	0	9	9	-3845530	243
9	0	9	11	-1427195	432
9	0	10	0	-532070	729
9	0	10	1	1340020	81
9	0	10	2	-5908000	243
9	0	10	3	-235860380	729
9	0	10	4	409470190	729
9	0	10	5	-64273600	729
9	0	10	6	120632680	243
9	0	10	7	10947410	243
9	0	10	8	2510560	243
9	0	10	9	-505850	81
9	0	10	10	3359000	243
9	0	10	12	1405195	648
9	0	11	0	-50050	243
9	0	11	1	2668270	243
9	0	11	2	-9329980	81
9	0	11	3	2897600	27
9	0	11	4	710858440	729
9	0	11	5	-876751550	729
9	0	11	6	125885920	729
9	0	11	7	-149251040	243
9	0	11	8	-4499350	243
9	0	11	9	-10205780	729
9	0	11	10	8115730	729
9	0	11	11	-2321500	243
9	0	11	13	-1800845	1944
9	0	12	1	250250	81
9	0	12	2	-18738280	243
9	0	12	3	361973480	729
9	0	12	4	-236738600	729
9	0	12	5	-1568340440	729
9	0	12	6	52619330	27
9	0	12	7	-55606600	243
9	0	12	8	141573080	243
9	0	12	9	-3395510	243
9	0	12	10	3272410	243
9	0	12	11	-7157650	729
9	0	12	12	3471370	729
9	0	12	14	601855	2592
9	0	13	0	-10010	729
9	0	13	2	-1751750	81
9	0	13	3	244442660	729
9	0	13	4	-120038380	81
9	0	13	5	519754280	729
9	0	13	6	872360080	243
9	0	13	7	-590680930	243
9	0	13	8	50011840	243
9	0	13	9	-102259780	243
9	0	13	10	7195720	243
9	0	13	11	-2256970	243
9	0	13	12	1296920	243
9	0	13	13	-1151110	729
9	0	13	15	-201685	7776
9	0	14	1	50050	243
9	0	14	3	22772750	243
9	0	14	4	-245343230	243
9	0	14	5	788201260	243
9	0	14	6	-854388050	729
9	0	14	7	-1121203840	243
9	0	14	8	570834530	243
9	0	14	9	-84919100	729
9	0	14	10	165583090	729
9	0	14	11	-2004200	81
9	0	14	12	1095310	243
9	0	14	13	-1317700	729
9	0	14	14	225590	729
9	0	15	2	-350350	243
9	0	15	4	-22772750	81
9	0	15	5	541848890	243
9	0	15	6	-3920721860	729
9	0	15	7	356437250	243
9	0	15	8	1119000020	243
9	0	15	9	-426518150	243
9	0	15	10	6562970	243
9	0	15	11	-64387330	729
9	0	15	12	9062660	729
9	0	15	13	-1068430	729
9	0	15	14	255610	729
9	0	15	15	-19670	729
9	0	16	3	4554550	729
9	0	16	5	50100050	81
9	0	16	6	-906742540	243
9	0	16	7	61908440	9
9	0	16	8	-341785550	243
9	0	16	9	-2601380180	729
9	0	16	10	27078220	27
9	0	16	11	3732190	243
9	0	16	12	16826750	729
9	0	16	13	-2840500	729
9	0	16	14	209425	729
9	0	16	15	-21670	729
9	0	17	4	-4554550	243
9	0	17	6	-250500250	243
9	0	17	7	130079840	27
9	0	17	8	-554196940	81
9	0	17	9	751259950	729
9	0	17	10	172456340	81
9	0	17	11	-104180840	243
9	0	17	12	-4181140	243
9	0	17	13	-2533930	729
9	0	17	14	514790	729
9	0	17	15	-18745	729
9	0	18	5	10020010	243
9	0	18	7	35785750	27
9	0	18	8	-130644910	27
9	0	18	9	1286009780	243
9	0	18	10	-15388540	27
9	0	18	11	-233346740	243
9	0	18	12	96256730	729
9	0	18	13	5436320	729
9	0	18	14	122260	729
9	0	18	15	-13790	243
9	0	19	6	-50100050	729
9	0	19	8	-35785750	27
9	0	19	9	2755778630	729
9	0	19	10	-255738340	81
9	0	19	11	18811100	81
9	0	19	12	230962160	729
9	0	19	13	-20005810	729
9	0	19	14	-1215620	729
9	0	19	15	3820	243
9	0	20	7	7157150	81
9	0	20	9	250500250	243
9	0	20	10	-553666960	243
9	0	20	11	115558520	81
9	0	20	12	-16235500	243
9	0	20	13	-52601680	729
9	0	20	14	2477510	729
9	0	20	15	115580	729
9	0	21	8	-7157150	81
9	0	21	10	-50100050	81
9	0	21	11	252833020	243
9	0	21	12	-344548820	729
9	0	21	13	9172700	729
9	0	21	14	7391240	729
9	0	21	15	-44890	243
9	0	22	9	50100050	729
9	0	22	11	22772750	81
9	0	22	12	-254019590	729
9	0	22	13	8778220	81
9	0	22	14	-973850	729
9	0	22	15	-5960	9
9	0	23	10	-10020010	243
9	0	23	12	-22772750	243
9	0	23	13	19632470	243
9	0	23	14	-3737140	243
9	0	23	15	39710	729
9	0	24	11	4554550	243
9	0	24	13	1751750	81
9	0	24	14	-2817980	243
9	0	24	15	742280	729
9	0	25	12	-4554550	729
9	0	25	14	-250250	81
9	0	25	15	62920	81
9	0	26	13	350350	243
9	0	26	15	50050	243
9	0	27	14	-50050	243
9	0	28	15	10010	729
9	1	0	0	-1390	81
9	1	1	0	605	27
9	1	1	1	21430	81
9	1	2	0	5360	243
9	1	2	1	-17215	81
9	1	2	2	-142460	81
9	1	3	0	-1025	9
9	1	3	1	-2120	9
9	1	3	2	79105	81
9	1	3	3	1658800	243
9	1	4	0	-26660	27
9	1	4	1	17125	27
9	1	4	2	30320	27
9	1	4	3	-85855	27
9	1	4	4	-4246750	243
9	1	5	0	86240	243
9	1	5	1	1189960	81
9	1	5	2	90950	81
9	1	5	3	-254000	81
9	1	5	4	704230	81
9	1	5	5	7684250	243
9	1	6	0	-16520	3
9	1	6	1	-239470	81
9	1	6	2	-8238370	81
9	1	6	3	-5230750	243
9	1	6	4	1315540	243
9	1	6	5	-1584160	81
9	1	6	6	-10441790	243
9	1	7	0	-252070	27
9	1	7	1	6508520	81
9	1	7	2	365785	81
9	1	7	3	35207810	81
9	1	7	4	22894400	243
9	1	7	5	-1058140	243
9	1	7	6	2602765	81
9	1	7	7	3867250	81
9	1	8	0	792050	243
9	1	8	1	1275670	9
9	1	8	2	-4925120	9
9	1	8	3	1205785	27
9	1	8	4	-103814830	81
9	1	8	5	-56004100	243
9	1	8	6	-1487330	243
9	1	8	7	-877325	27
9	1	8	8	-3928970	81
9	1	9	0	1482250	81
9	1	9	1	-4105250	81
9	1	9	2	-3003770	3
9	1	9	3	560831120	243
9	1	9	4	-72261770	243
9	1	9	5	223442530	81
9	1	9	6	28815875	81
9	1	9	7	2443910	81
9	1	9	8	236405	27
9	1	9	9	3845530	81
9	1	10	0	1064140	81
9	1	10	1	-7370110	27
9	1	10	2	29540000	81
9	1	10	3	117930190	27
9	1	10	4	-1637880760	243
9	1	10	5	224957600	243
9	1	10	6	-120632680	27
9	1	10	7	-27368525	81
9	1	10	8	-5021120	81
9	1	10	9	252925	9
9	1	10	10	-3359000	81
9	1	11	0	325325	81
9	1	11	1	-5336540	27
9	1	11	2	51314890	27
9	1	11	3	-14488000	9
9	1	11	4	-355429220	27
9	1	11	5	3507006200	243
9	1	11	6	-440600720	243
9	1	11	7	149251040	27
9	1	11	8	11248375	81
9	1	11	9	20411560	243
9	1	11	10	-4057865	81
9	1	11	11	2321500	81
9	1	12	1	-1626625	27
9	1	12	2	37476560	27
9	1	12	3	-1990854140	243
9	1	12	4	1183693000	243
9	1	12	5	784170220	27
9	1	12	6	-210477320	9
9	1	12	7	194623100	81
9	1	12	8	-141573080	27
9	1	12	9	8488775	81
9	1	12	10	-6544820	81
9	1	12	11	3578825	81
9	1	12	12	-3471370	243
9	1	13	0	25025	81
9	1	13	2	11386375	27
9	1	13	3	-488885320	81
9	1	13	4	660211090	27
9	1	13	5	-2598771400	243
9	1	13	6	-436180040	9
9	1	13	7	2362723720	81
9	1	13	8	-175041440	81
9	1	13	9	102259780	27
9	1	13	10	-17989300	81
9	1	13	11	4513940	81
9	1	13	12	-648460	27
9	1	13	13	1151110	243
9	1	14	1	-125125	27
9	1	14	3	-148022875	81
9	1	14	4	490686460	27
9	1	14	5	-4335106930	81
9	1	14	6	4271940250	243
9	1	14	7	560601920	9
9	1	14	8	-2283338120	81
9	1	14	9	297216850	243
9	1	14	10	-165583090	81
9	1	14	11	5010500	27
9	1	14	12	-2190620	81
9	1	14	13	658850	81
9	1	14	14	-225590	243
9	1	15	2	875875	27
9	1	15	4	148022875	27
9	1	15	5	-1083697780	27
9	1	15	6	21563970230	243
9	1	15	7	-1782186250	81
9	1	15	8	-559500010	9
9	1	15	9	1706072600	81
9	1	15	10	-22970395	81
9	1	15	11	64387330	81
9	1	15	12	-22656650	243
9	1	15	13	2136860	243
9	1	15	14	-127805	81
9	1	15	15	19670	243
9	1	16	3	-11386375	81
9	1	16	5	-325650325	27
9	1	16	6	1813485080	27
9	1	16	7	-340496420	3
9	1	16	8	1708927750	81
9	1	16	9	1300690090	27
9	1	16	10	-108312880	9
9	1	16	11	-13062665	81
9	1	16	12	-16826750	81
9	1	16	13	7101250	243
9	1	16	14	-418850	243
9	1	16	15	10835	81
9	1	17	4	11386375	27
9	1	17	6	1628251625	81
9	1	17	7	-260159680	3
9	1	17	8	3048083170	27
9	1	17	9	-3756299750	243
9	1	17	10	-86228170	3
9	1	17	11	416723360	81
9	1	17	12	14633990	81
9	1	17	13	2533930	81
9	1	17	14	-1286975	243
9	1	17	15	37490	243
9	1	18	5	-25050025	27
9	1	18	7	-232607375	9
9	1	18	8	261289820	3
9	1	18	9	-7073053790	81
9	1	18	10	76942700	9
9	1	18	11	116673370	9
9	1	18	12	-385026920	243
9	1	18	13	-19027120	243
9	1	18	14	-122260	81
9	1	18	15	34475	81
9	1	19	6	125250125	81
9	1	19	8	232607375	9
9	1	19	9	-5511557260	81
9	1	19	10	1406560870	27
9	1	19	11	-94055500	27
9	1	19	12	-115481080	27
9	1	19	13	80023240	243
9	1	19	14	4254670	243
9	1	19	15	-3820	27
9	1	20	7	-17892875	9
9	1	20	9	-1628251625	81
9	1	20	10	1107333920	27
9	1	20	11	-635571860	27
9	1	20	12	81177500	81
9	1	20	13	26300840	27
9	1	20	14	-9910040	243
9	1	20	15	-404530	243
9	1	21	8	17892875	9
9	1	21	10	325650325	27
9	1	21	11	-505666040	27
9	1	21	12	1895018510	243
9	1	21	13	-45863500	243
9	1	21	14	-3695620	27
9	1	21	15	179560	81
9	1	22	9	-125250125	81
9	1	22	11	-148022875	27
9	1	22	12	508039180	81
9	1	22	13	-48280210	27
9	1	22	14	4869250	243
9	1	22	15	8940	1
9	1	23	10	25050025	27
9	1	23	12	148022875	81
9	1	23	13	-39264940	27
9	1	23	14	20554270	81
9	1	23	15	-198550	243
9	1	24	11	-11386375	27
9	1	24	13	-11386375	27
9	1	24	14	5635960	27
9	1	24	15	-4082540	243
9	1	25	12	11386375	81
9	1	25	14	1626625	27
9	1	25	15	-125840	9
9	1	26	13	-875875	27
9	1	26	15	-325325	81
9	1	27	14	125125	27
9	1	28	15	-25025	81
9	2	0	0	1390	81
9	2	1	0	-605	27
9	2	1	1	-21430	81
9	2	2	0	-13400	243
9	2	2	1	17215	81
9	2	2	2	142460	81
9	2	3	0	2870	9
9	2	3	1	5300	9
9	2	3	2	-79105	81
9	2	3	3	-1658800	243
9	2	4	0	106745	27
9	2	4	1	-47950	27
9	2	4	2	-75800	27
9	2	4	3	85855	27
9	2	4	4	4246750	243
9	2	5	0	-381920	243
9	2	5	1	-4775065	81
9	2	5	2	-254660	81
9	2	5	3	635000	81
9	2	5	4	-704230	81
9	2	5	5	-7684250	243
9	2	6	0	280840	9
9	2	6	1	1060510	81
9	2	6	2	33152035	81
9	2	6	3	14646100	243
9	2	6	4	-3288850	243
9	2	6	5	1584160	81
9	2	6	6	10441790	243
9	2	7	0	512260	9
9	2	7	1	-36801800	81
9	2	7	2	-1619905	81
9	2	7	3	-142005065	81
9	2	7	4	-64104320	243
9	2	7	5	2645350	243
9	2	7	6	-2602765	81
9	2	7	7	-3867250	81
9	2	8	0	-6919955	243
9	2	8	1	-7750900	9
9	2	8	2	9260090	3
9	2	8	3	-5339905	27
9	2	8	4	419112175	81
9	2	8	5	156811480	243
9	2	8	6	3718325	243
9	2	8	7	877325	27
9	2	8	8	3928970	81
9	2	9	0	-11308990	81
9	2	9	1	35291675	81
9	2	9	2	54585820	9
9	2	9	3	-3154813190	243
9	2	9	4	320016410	243
9	2	9	5	-901155805	81
9	2	9	6	-80684450	81
9	2	9	7	-6109775	81
9	2	9	8	-236405	27
9	2	9	9	-3845530	81
9	2	10	0	-8705620	81
9	2	10	1	56243770	27
9	2	10	2	-250367450	81
9	2	10	3	-237477940	9
9	2	10	4	9186752440	243
9	2	10	5	-996240800	243
9	2	10	6	484907140	27
9	2	10	7	76631870	81
9	2	10	8	12552800	81
9	2	10	9	-252925	9
9	2	10	10	3359000	81
9	2	11	0	-2652650	81
9	2	11	1	43615220	27
9	2	11	2	-391659730	27
9	2	11	3	363863950	27
9	2	11	4	2142152620	27
9	2	11	5	-19611331160	243
9	2	11	6	1951231760	243
9	2	11	7	-596448110	27
9	2	11	8	-31495450	81
9	2	11	9	-51028900	243
9	2	11	10	4057865	81
9	2	11	11	-2321500	81
9	2	12	1	13263250	27
9	2	12	2	-305970830	27
9	2	12	3	15196450280	243
9	2	12	4	-9805100050	243
9	2	12	5	-4716723640	27
9	2	12	6	391147240	3
9	2	12	7	-861902300	81
9	2	12	8	560964215	27
9	2	12	9	-23768570	81
9	2	12	10	16362050	81
9	2	12	11	-3578825	81
9	2	12	12	3471370	243
9	2	13	0	-175175	81
9	2	13	2	-92842750	27
9	2	13	3	3986916010	81
9	2	13	4	-1679881060	9
9	2	13	5	21335809090	243
9	2	13	6	7858017440	27
9	2	13	7	-13133930380	81
9	2	13	8	775183520	81
9	2	13	9	-400593445	27
9	2	13	10	50370040	81
9	2	13	11	-11284850	81
9	2	13	12	648460	27
9	2	13	13	-1151110	243
9	2	14	1	875875	27
9	2	14	3	1206955750	81
9	2	14	4	-3996822280	27
9	2	14	5	33091222780	81
9	2	14	6	-34817454175	243
9	2	14	7	-3362402260	9
9	2	14	8	12657925040	81
9	2	14	9	-1316246050	243
9	2	14	10	639114895	81
9	2	14	11	-14029400	27
9	2	14	12	5476550	81
9	2	14	13	-658850	81
9	2	14	14	225590	243
9	2	15	2	-6131125	27
9	2	15	4	-1206955750	27
9	2	15	5	8816040640	27
9	2	15	6	-164597771360	243
9	2	15	7	14443074775	81
9	2	15	8	3353123260	9
9	2	15	9	-9434719280	81
9	2	15	10	101726035	81
9	2	15	11	-243685105	81
9	2	15	12	63438620	243
9	2	15	13	-5342150	243
9	2	15	14	127805	81
9	2	15	15	-19670	243
9	2	16	3	79704625	81
9	2	16	5	2655302650	27
9	2	16	6	-4911224230	9
9	2	16	7	7796534570	9
9	2	16	8	-13794432325	81
9	2	16	9	-865831900	3
9	2	16	10	597753110	9
9	2	16	11	57848945	81
9	2	16	12	61875545	81
9	2	16	13	-19883500	243
9	2	16	14	1047125	243
9	2	16	15	-10835	81
9	2	17	4	-79704625	27
9	2	17	6	-13276513250	81
9	2	17	7	2110807490	3
9	2	17	8	-23262769090	27
9	2	17	9	30257961725	243
9	2	17	10	1550025260	9
9	2	17	11	-2296226930	81
9	2	17	12	-64807670	81
9	2	17	13	-8811955	81
9	2	17	14	3603530	243
9	2	17	15	-93725	243
9	2	18	5	175350175	27
9	2	18	7	1896644750	9
9	2	18	8	-705674420	1
9	2	18	9	53976675830	81
9	2	18	10	-68881580	1
9	2	18	11	-699577580	9
9	2	18	12	2119583600	243
9	2	18	13	84262960	243
9	2	18	14	314410	81
9	2	18	15	-96530	81
9	2	19	6	-876750875	81
9	2	19	8	-1896644750	9
9	2	19	9	44592079180	81
9	2	19	10	-10733054530	27
9	2	19	11	760315600	27
9	2	19	12	25677660	1
9	2	19	13	-440465680	243
9	2	19	14	-18842110	243
9	2	19	15	18100	27
9	2	20	7	125250125	9
9	2	20	9	13276513250	81
9	2	20	10	-8946039410	27
9	2	20	11	4849524020	27
9	2	20	12	-661411700	81
9	2	20	13	-158194960	27
9	2	20	14	54599900	243
9	2	20	15	1791490	243
9	2	21	8	-125250125	9
9	2	21	10	-2655302650	27
9	2	21	11	4079209970	27
9	2	21	12	-14458533320	243
9	2	21	13	379640800	243
9	2	21	14	22285480	27
9	2	21	15	-992080	81
9	2	22	9	876750875	81
9	2	22	11	1206955750	27
9	2	22	12	-4092262240	81
9	2	22	13	122784640	9
9	2	22	14	-41634175	243
9	2	22	15	-1460420	27
9	2	23	10	-175350175	27
9	2	23	12	-1206955750	81
9	2	23	13	315806920	27
9	2	23	14	-156817540	81
9	2	23	15	1839805	243
9	2	24	11	79704625	27
9	2	24	13	92842750	27
9	2	24	14	-45262030	27
9	2	24	15	31148150	243
9	2	25	12	-79704625	81
9	2	25	14	-13263250	27
9	2	25	15	3027310	27
9	2	26	13	6131125	27
9	2	26	15	2652650	81
9	2	27	14	-875875	27
9	2	28	15	175175	81
9	3	2	0	5360	81
9	3	3	0	-410	1
9	3	3	1	-2120	3
9	3	4	0	-8910	1
9	3	4	1	6850	3
9	3	4	2	30320	9
9	3	5	0	308000	81
9	3	5	1	1200110	9
9	3	5	2	36380	9
9	3	5	3	-254000	27
9	3	6	0	-107380	1
9	3	6	1	-855250	27
9	3	6	2	-8370740	9
9	3	6	3	-2092300	27
9	3	6	4	1315540	81
9	3	7	0	-1849750	9
9	3	7	1	14021980	9
9	3	7	2	1306375	27
9	3	7	3	35990360	9
9	3	7	4	9157760	27
9	3	7	5	-1058140	81
9	3	8	0	13422920	81
9	3	8	1	3089590	1
9	3	8	2	-10542350	1
9	3	8	3	4306375	9
9	3	8	4	-106383400	9
9	3	8	5	-22401640	27
9	3	8	6	-1487330	81
9	3	9	0	1948870	3
9	3	9	1	-67272200	27
9	3	9	2	-64892030	3
9	3	9	3	1191904270	27
9	3	9	4	-258077750	81
9	3	9	5	228366320	9
9	3	9	6	11526350	9
9	3	9	7	2443910	27
9	3	10	0	4754750	9
9	3	10	1	-9696610	1
9	3	10	2	469749800	27
9	3	10	3	842495710	9
9	3	10	4	-3454169780	27
9	3	10	5	803420000	81
9	3	10	6	-122216960	3
9	3	10	7	-10947410	9
9	3	10	8	-5021120	27
9	3	11	0	3853850	27
9	3	11	1	-23773750	3
9	3	11	2	67542640	1
9	3	11	3	-673103800	9
9	3	11	4	-2521525090	9
9	3	11	5	7336809460	27
9	3	11	6	-1573574000	81
9	3	11	7	49626780	1
9	3	11	8	4499350	9
9	3	11	9	20411560	81
9	3	12	1	-19269250	9
9	3	12	2	166416250	3
9	3	12	3	-2621089790	9
9	3	12	4	17913926200	81
9	3	12	5	1843383220	3
9	3	12	6	-436771100	1
9	3	12	7	695082500	27
9	3	12	8	-138021010	3
9	3	12	9	3395510	9
9	3	12	10	-6544820	27
9	3	13	2	134884750	9
9	3	13	3	-2163411250	9
9	3	13	4	869293865	1
9	3	13	5	-38565351160	81
9	3	13	6	-9183499360	9
9	3	13	7	4864397360	9
9	3	13	8	-625148000	27
9	3	13	9	96629330	3
9	3	13	10	-7195720	9
9	3	13	11	4513940	27
9	3	14	3	-1753501750	27
9	3	14	4	2163411250	3
9	3	14	5	-5707844065	3
9	3	14	6	62374892200	81
9	3	14	7	3919981030	3
9	3	14	8	-4666241620	9
9	3	14	9	1061488750	81
9	3	14	10	-150104780	9
9	3	14	11	2004200	3
9	3	14	12	-2190620	27
9	3	15	4	1753501750	9
9	3	15	5	-4759504750	3
9	3	15	6	28388960105	9
9	3	15	7	-25692946600	27
9	3	15	8	-1300977090	1
9	3	15	9	3463465180	9
9	3	15	10	-82037125	27
9	3	15	11	55144520	9
9	3	15	12	-9062660	27
9	3	15	13	2136860	81
9	3	16	5	-3857703850	9
9	3	16	6	23797523750	9
9	3	16	7	-4033632405	1
9	3	16	8	24417029800	27
9	3	16	9	9064043590	9
9	3	16	10	-218658030	1
9	3	16	11	-46652375	27
9	3	16	12	-13205780	9
9	3	16	13	2840500	27
9	3	16	14	-418850	81
9	3	17	6	19288519250	27
9	3	17	7	-3399646250	1
9	3	17	8	4011176620	1
9	3	17	9	-53418451400	81
9	3	17	10	-1803505270	3
9	3	17	11	837695170	9
9	3	17	12	52264250	27
9	3	17	13	1651420	9
9	3	17	14	-514790	27
9	3	17	15	37490	81
9	3	18	7	-2755502750	3
9	3	18	8	3399646250	1
9	3	18	9	-9305703440	3
9	3	18	10	364922760	1
9	3	18	11	815094350	3
9	3	18	12	-771989380	27
9	3	18	13	-67954000	81
9	3	18	14	-5840	9
9	3	18	15	13790	9
9	3	19	8	2755502750	3
9	3	19	9	-23797523750	9
9	3	19	10	1850125090	1
9	3	19	11	-1348263400	9
9	3	19	12	-809803750	9
9	3	19	13	160384340	27
9	3	19	14	15195250	81
9	3	19	15	-1900	1
9	3	20	9	-19288519250	27
9	3	20	10	4759504750	3
9	3	20	11	-835832360	1
9	3	20	12	1184451800	27
9	3	20	13	185470600	9
9	3	20	14	-19914760	27
9	3	20	15	-1444750	81
9	3	21	10	3857703850	9
9	3	21	11	-2163411250	3
9	3	21	12	2491720385	9
9	3	21	13	-693020200	81
9	3	21	14	-8753500	3
9	3	21	15	363620	9
9	3	22	11	-1753501750	9
9	3	22	12	2163411250	9
9	3	22	13	-63476435	1
9	3	22	14	78890200	81
9	3	22	15	1732150	9
9	3	23	12	1753501750	27
9	3	23	13	-166416250	3
9	3	23	14	27023095	3
9	3	23	15	-3785320	81
9	3	24	13	-134884750	9
9	3	24	14	23773750	3
9	3	24	15	-5367725	9
9	3	25	14	19269250	9
9	3	25	15	-4754750	9
9	3	26	15	-3853850	27
9	4	2	0	-2680	81
9	4	3	0	205	1
9	4	3	1	1060	3
9	4	4	0	107095	9
9	4	4	1	-3425	3
9	4	4	2	-15160	9
9	4	5	0	-431200	81
9	4	5	1	-1608605	9
9	4	5	2	-18190	9
9	4	5	3	127000	27
9	4	6	0	2176510	9
9	4	6	1	1197350	27
9	4	6	2	11271295	9
9	4	6	3	1046150	27
9	4	6	4	-657770	81
9	4	7	0	12931310	27
9	4	7	1	-31457650	9
9	4	7	2	-1828925	27
9	4	7	3	-145917815	27
9	4	7	4	-4578880	27
9	4	7	5	529070	81
9	4	8	0	-52315690	81
9	4	8	1	-7140850	1
9	4	8	2	211917580	9
9	4	8	3	-6028925	9
9	4	8	4	431955025	27
9	4	8	5	11200820	27
9	4	8	6	743665	81
9	4	9	0	-18342940	9
9	4	9	1	258890650	27
9	4	9	2	446580790	9
9	4	9	3	-882963680	9
9	4	9	4	361308850	81
9	4	9	5	-308591585	9
9	4	9	6	-5763175	9
9	4	9	7	-1221955	27
9	4	10	0	-46619650	27
9	4	10	1	273951260	9
9	4	10	2	-1786525600	27
9	4	10	3	-5758663190	27
9	4	10	4	848331110	3
9	4	10	5	-1124788000	81
9	4	10	6	164276180	3
9	4	10	7	5473705	9
9	4	10	8	2510560	27
9	4	11	0	-8883875	27
9	4	11	1	232444850	9
9	4	11	2	-1908949240	9
9	4	11	3	7596788800	27
9	4	11	4	17131363190	27
9	4	11	5	-5374743970	9
9	4	11	6	2203003600	81
9	4	11	7	-594594610	9
9	4	11	8	-2249675	9
9	4	11	9	-10205780	81
9	4	12	1	44419375	9
9	4	12	2	-1622131775	9
9	4	12	3	24698471380	27
9	4	12	4	-66737743400	81
9	4	12	5	-4152972620	3
9	4	12	6	8588517130	9
9	4	12	7	-973115500	27
9	4	12	8	60355985	1
9	4	12	9	-1697755	9
9	4	12	10	3272410	27
9	4	13	0	2277275	27
9	4	13	2	-310935625	9
9	4	13	3	21017998925	27
9	4	13	4	-73728089270	27
9	4	13	5	142445102120	81
9	4	13	6	61802949680	27
9	4	13	7	-3522165910	3
9	4	13	8	875207200	27
9	4	13	9	-41382355	1
9	4	13	10	3597860	9
9	4	13	11	-2256970	27
9	4	14	1	-11386375	9
9	4	14	3	4042163125	27
9	4	14	4	-20943701900	9
9	4	14	5	161364231490	27
9	4	14	6	-228715545650	81
9	4	14	7	-26294478170	9
9	4	14	8	3360107630	3
9	4	14	9	-1486084250	81
9	4	14	10	62413705	3
9	4	14	11	-1002100	3
9	4	14	12	1095310	27
9	4	15	2	79704625	9
9	4	15	4	-4042163125	9
9	4	15	5	45903407000	9
9	4	15	6	-89165670770	9
9	4	15	7	93662516450	27
9	4	15	8	8707994290	3
9	4	15	9	-7444684030	9
9	4	15	10	114851975	27
9	4	15	11	-65823685	9
9	4	15	12	4531330	27
9	4	15	13	-1068430	81
9	4	16	3	-1036160125	27
9	4	16	5	8892758875	9
9	4	16	6	-228610923475	27
9	4	16	7	114003553730	9
9	4	16	8	-88640250350	27
9	4	16	9	-60613856150	27
9	4	16	10	4212064840	9
9	4	16	11	65313325	27
9	4	16	12	43770695	27
9	4	16	13	-1420250	27
9	4	16	14	209425	81
9	4	17	4	1036160125	9
9	4	17	6	-44463794375	27
9	4	17	7	32523768475	3
9	4	17	8	-113347175920	9
9	4	17	9	193495113550	81
9	4	17	10	12065531870	9
9	4	17	11	-1787123980	9
9	4	17	12	-73169950	27
9	4	17	13	-4399405	27
9	4	17	14	257395	27
9	4	17	15	-18745	81
9	4	18	5	-2279552275	9
9	4	18	7	6351970625	3
9	4	18	8	-32383913650	3
9	4	18	9	87635106680	9
9	4	18	10	-11899475380	9
9	4	18	11	-5463060910	9
9	4	18	12	547892150	9
9	4	18	13	95135600	81
9	4	18	14	-89230	9
9	4	18	15	-6895	9
9	4	19	6	11397761375	27
9	4	19	8	-6351970625	3
9	4	19	9	225677965150	27
9	4	19	10	-52259481340	9
9	4	19	11	544672700	1
9	4	19	12	5445870890	27
9	4	19	13	-37930570	3
9	4	19	14	-21273350	81
9	4	19	15	27500	9
9	4	20	7	-1628251625	3
9	4	20	9	44463794375	27
9	4	20	10	-44928416225	9
9	4	20	11	23605165760	9
9	4	20	12	-4341757100	27
9	4	20	13	-1253490920	27
9	4	20	14	14158450	9
9	4	20	15	2022650	81
9	4	21	8	1628251625	3
9	4	21	10	-8892758875	9
9	4	21	11	20325794225	9
9	4	21	12	-23453438470	27
9	4	21	13	2580095900	81
9	4	21	14	19851940	3
9	4	21	15	-780130	9
9	4	22	9	-11397761375	27
9	4	22	11	4042163125	9
9	4	22	12	-20227902200	27
9	4	22	13	5376820130	27
9	4	22	14	-302262650	81
9	4	22	15	-11885090	27
9	4	23	10	2279552275	9
9	4	23	12	-4042163125	27
9	4	23	13	1548361100	9
9	4	23	14	-762988270	27
9	4	23	15	15356990	81
9	4	24	11	-1036160125	9
9	4	24	13	310935625	9
9	4	24	14	-220093775	9
9	4	24	15	16840450	9
9	4	25	12	1036160125	27
9	4	25	14	-44419375	9
9	4	25	15	43797325	27
9	4	26	13	-79704625	9
9	4	26	15	8883875	27
9	4	27	14	11386375	9
9	4	28	15	-2277275	27
9	5	4	0	-26800	3
9	5	5	0	12320	3
9	5	5	1	403420	3
9	5	6	0	-1082060	3
9	5	6	1	-34210	1
9	5	6	2	-944790	1
9	5	7	0	-6589310	9
9	5	7	1	15585220	3
9	5	7	2	52255	1
9	5	7	3	36772910	9
9	5	8	0	1701700	1
9	5	8	1	10829670	1
9	5	8	2	-104570690	3
9	5	8	3	516765	1
9	5	8	4	-108951970	9
9	5	9	0	13475000	3
9	5	9	1	-25054700	1
9	5	9	2	-224093830	3
9	5	9	3	1301169650	9
9	5	9	4	-10323110	3
9	5	9	5	77763370	3
9	5	10	0	35071960	9
9	5	10	1	-201373480	3
9	5	10	2	171535100	1
9	5	10	3	2870106470	9
9	5	10	4	-3731693740	9
9	5	10	5	32136800	3
9	5	10	6	-41267080	1
9	5	11	0	175175	1
9	5	11	1	-174314360	3
9	5	11	2	1403787770	3
9	5	11	3	-2172138100	3
9	5	11	4	-8486134310	9
9	5	11	5	7838938220	9
9	5	11	6	-62942960	3
9	5	11	7	148509640	3
9	5	12	1	-2627625	1
9	5	12	2	1212229040	3
9	5	12	3	-18166815590	9
9	5	12	4	6317844500	3
9	5	12	5	2046248940	1
9	5	12	6	-4152370340	3
9	5	12	7	27803300	1
9	5	12	8	-44822980	1
9	5	13	0	-5010005	9
9	5	13	2	18393375	1
9	5	13	3	-15647434880	9
9	5	13	4	54235127485	9
9	5	13	5	-13403630900	3
9	5	13	6	-30316666160	9
9	5	13	7	5080541680	3
9	5	13	8	-25005920	1
9	5	13	9	30332960	1
9	5	14	1	25050025	3
9	5	14	3	-79704625	1
9	5	14	4	15528559640	3
9	5	14	5	-118698194615	9
9	5	14	6	21409956700	3
9	5	14	7	12854543210	3
9	5	14	8	-4821121100	3
9	5	14	9	42459550	3
9	5	14	10	-44875490	3
9	5	15	2	-175350175	3
9	5	15	4	239113875	1
9	5	15	5	-33886451720	3
9	5	15	6	65582197835	3
9	5	15	7	-8730916700	1
9	5	15	8	-4247501410	1
9	5	15	9	3543296260	3
9	5	15	10	-3281485	1
9	5	15	11	5100190	1
9	5	16	3	2279552275	9
9	5	16	5	-526050525	1
9	5	16	6	167982480160	9
9	5	16	7	-83836225165	3
9	5	16	8	8237711900	1
9	5	16	9	29537135270	9
9	5	16	10	-1996374050	3
9	5	16	11	-1866095	1
9	5	16	12	-9584810	9
9	5	17	4	-2279552275	3
9	5	17	6	876750875	1
9	5	17	7	-23781601360	1
9	5	17	8	83336101310	3
9	5	17	9	-5984434500	1
9	5	17	10	-5882085230	3
9	5	17	11	844303870	3
9	5	17	12	2090570	1
9	5	17	13	768910	9
9	5	18	5	5015015005	3
9	5	18	7	-1127251125	1
9	5	18	8	23557833640	1
9	5	18	9	-64417458490	3
9	5	18	10	3312842500	1
9	5	18	11	2668451710	3
9	5	18	12	-775000220	9
9	5	18	13	-2718160	3
9	5	18	14	36860	3
9	5	19	6	-25075075025	9
9	5	19	8	1127251125	1
9	5	19	9	-163289746840	9
9	5	19	10	38405758160	3
9	5	19	11	-1368231700	1
9	5	19	12	-2669400890	9
9	5	19	13	160909900	9
9	5	19	14	607810	3
9	5	19	15	-7580	3
9	5	20	7	3582153575	1
9	5	20	9	-876750875	1
9	5	20	10	32326466480	3
9	5	20	11	-17344229980	3
9	5	20	12	1219012300	3
9	5	20	13	617591720	9
9	5	20	14	-20062040	9
9	5	20	15	-57790	3
9	5	21	8	-3582153575	1
9	5	21	10	526050525	1
9	5	21	11	-14539907360	3
9	5	21	12	17230167185	9
9	5	21	13	-244135100	3
9	5	21	14	-9847940	1
9	5	21	15	123540	1
9	5	22	9	25075075025	9
9	5	22	11	-239113875	1
9	5	22	12	14383280120	9
9	5	22	13	-3949737715	9
9	5	22	14	29166500	3
9	5	22	15	5946290	9
9	5	23	10	-5015015005	3
9	5	23	12	79704625	1
9	5	23	13	-1094195960	3
9	5	23	14	560467985	9
9	5	23	15	-1536700	3
9	5	24	11	2279552275	3
9	5	24	13	-18393375	1
9	5	24	14	154552640	3
9	5	24	15	-4123735	1
9	5	25	12	-2279552275	9
9	5	25	14	2627625	1
9	5	25	15	-30556240	9
9	5	26	13	175350175	3
9	5	26	15	-175175	1
9	5	27	14	-25050025	3
9	5	28	15	5010005	9
9	6	4	0	26800	9
9	6	5	0	-12320	9
9	6	5	1	-403420	9
9	6	6	0	3105760	9
9	6	6	1	34210	3
9	6	6	2	314930	1
9	6	7	0	19222490	27
9	6	7	1	-44618000	9
9	6	7	2	-52255	3
9	6	7	3	-36772910	27
9	6	8	0	-82273310	27
9	6	8	1	-10467230	1
9	6	8	2	298470130	9
9	6	8	3	-172255	1
9	6	8	4	108951970	27
9	6	9	0	-63170800	9
9	6	9	1	401642350	9
9	6	9	2	646077490	9
9	6	9	3	-3701140090	27
9	6	9	4	10323110	9
9	6	9	5	-77763370	9
9	6	10	0	-163972270	27
9	6	10	1	944599040	9
9	6	10	2	-2735763400	9
9	6	10	3	-8230799570	27
9	6	10	4	10574372240	27
9	6	10	5	-32136800	9
9	6	10	6	41267080	3
9	6	11	0	35535500	27
9	6	11	1	812543270	9
9	6	11	2	-6587444710	9
9	6	11	3	34475092600	27
9	6	11	4	24218654750	27
9	6	11	5	-22121974960	27
9	6	11	6	62942960	9
9	6	11	7	-148509640	9
9	6	12	1	-177677500	9
9	6	12	2	-5632002530	9
9	6	12	3	85269061570	27
9	6	12	4	-3697170800	1
9	6	12	5	-1938310540	1
9	6	12	6	11668127680	9
9	6	12	7	-27803300	3
9	6	12	8	44822980	3
9	6	13	0	50100050	27
9	6	13	2	1243742500	9
9	6	13	3	72435234410	27
9	6	13	4	-254583676655	27
9	6	13	5	70307782960	9
9	6	13	6	85844595680	27
9	6	13	7	-14214651980	9
9	6	13	8	25005920	3
9	6	13	9	-30332960	3
9	6	14	1	-250500250	9
9	6	14	3	-16168652500	27
9	6	14	4	-71603107730	9
9	6	14	5	557164760845	27
9	6	14	6	-335728767350	27
9	6	14	7	-36298246010	9
9	6	14	8	13432322440	9
9	6	14	9	-42459550	9
9	6	14	10	44875490	9
9	6	15	2	1753501750	9
9	6	15	4	16168652500	9
9	6	15	5	155592180590	9
9	6	15	6	-307807435705	9
9	6	15	7	45505398850	3
9	6	15	8	11971951150	3
9	6	15	9	-9833874680	9
9	6	15	10	3281485	3
9	6	15	11	-5100190	3
9	6	16	3	-22795522750	27
9	6	16	5	-35571035500	9
9	6	16	6	-767812453870	27
9	6	16	7	393417088295	9
9	6	16	8	-42845263550	3
9	6	16	9	-83187230090	27
9	6	16	10	5522036890	9
9	6	16	11	1866095	3
9	6	16	12	9584810	27
9	6	17	4	22795522750	9
9	6	17	6	177855177500	27
9	6	17	7	108176222770	3
9	6	17	8	-390991962130	9
9	6	17	9	279819251450	27
9	6	17	10	16571963450	9
9	6	17	11	-2329270430	9
9	6	17	12	-2090570	3
9	6	17	13	-768910	27
9	6	18	5	-50150150050	9
9	6	18	7	-25407882500	3
9	6	18	8	-106609848730	3
9	6	18	9	302165903270	9
9	6	18	10	-51640148860	9
9	6	18	11	-7529871490	9
9	6	18	12	2134637800	27
9	6	18	13	2718160	9
9	6	18	14	-36860	9
9	6	19	6	250750750250	27
9	6	19	8	25407882500	3
9	6	19	9	734963320630	27
9	6	19	10	-180114245080	9
9	6	19	11	21365400100	9
9	6	19	12	7554074810	27
9	6	19	13	-443093480	27
9	6	19	14	-607810	9
9	6	19	15	7580	9
9	6	20	7	-35821535750	3
9	6	20	9	-177855177500	27
9	6	20	10	-144672283910	9
9	6	20	11	81325553540	9
9	6	20	12	-19112325700	27
9	6	20	13	-1754980280	27
9	6	20	14	55336300	27
9	6	20	15	57790	9
9	6	21	8	35821535750	3
9	6	21	10	35571035500	9
9	6	21	11	64682541770	9
9	6	21	12	-80779145755	27
9	6	21	13	428465900	3
9	6	21	14	28137260	3
9	6	21	15	-114120	1
9	6	22	9	-250750750250	27
9	6	22	11	-16168652500	9
9	6	22	12	-63586151090	27
9	6	22	13	18515672945	27
9	6	22	14	-155557450	9
9	6	22	15	-17104010	27
9	6	23	10	50150150050	9
9	6	23	12	16168652500	27
9	6	23	13	4805770970	9
9	6	23	14	-2627318155	27
9	6	23	15	25156010	27
9	6	24	11	-22795522750	9
9	6	24	13	-1243742500	9
9	6	24	14	-674211230	9
9	6	24	15	19332005	3
9	6	25	12	22795522750	27
9	6	25	14	177677500	9
9	6	25	15	132362230	27
9	6	26	13	-1753501750	9
9	6	26	15	-35535500	27
9	6	27	14	250500250	9
9	6	28	15	-50100050	27
9	7	6	0	-578200	3
9	7	7	0	-1203160	3
9	7	7	1	8295080	3
9	7	8	0	32987080	9
9	7	8	1	5877720	1
9	7	8	2	-55399840	3
9	7	9	0	22972180	3
9	7	9	1	-160497800	3
9	7	9	2	-40188920	1
9	7	9	3	685705840	9
9	7	10	0	18855760	3
9	7	10	1	-343677620	3
9	7	10	2	1089660200	3
9	7	10	3	510542200	3
9	7	10	4	-1955051000	9
9	7	11	0	-41941900	9
9	7	11	1	-93233360	1
9	7	11	2	2397533380	3
9	7	11	3	-13688775800	9
9	7	11	4	-1498335280	3
9	7	11	5	4080867640	9
9	7	12	1	209709500	3
9	7	12	2	644662040	1
9	7	12	3	-31039964560	9
9	7	12	4	13173674600	3
9	7	12	5	1076766480	1
9	7	12	6	-2147359240	3
9	7	13	0	-3578575	1
9	7	13	2	-1467966500	3
9	7	13	3	-8269063880	3
9	7	13	4	92681213240	9
9	7	13	5	-27761946280	3
9	7	13	6	-5288374240	3
9	7	13	7	2609745800	3
9	7	14	1	53678625	1
9	7	14	3	19083564500	9
9	7	14	4	8150188640	1
9	7	14	5	-202831801480	9
9	7	14	6	132261077800	9
9	7	14	7	2232733600	1
9	7	14	8	-2460343240	3
9	7	15	2	-375750375	1
9	7	15	4	-19083564500	3
9	7	15	5	-17654035520	1
9	7	15	6	112044964240	3
9	7	15	7	-17893007800	1
9	7	15	8	-2206985640	1
9	7	15	9	1797308120	3
9	7	16	3	1628251625	1
9	7	16	5	41983841900	3
9	7	16	6	86820399160	3
9	7	16	7	-143187777260	3
9	7	16	8	16823753400	1
9	7	16	9	5109532840	3
9	7	16	10	-1007332240	3
9	7	17	4	-4884754875	1
9	7	17	6	-209919209500	9
9	7	17	7	-36561055080	1
9	7	17	8	142281085540	3
9	7	17	9	-109793398600	9
9	7	17	10	-1018083640	1
9	7	17	11	424276160	3
9	7	18	5	10746460725	1
9	7	18	7	29988458500	1
9	7	18	8	35889751920	1
9	7	18	9	-109937630660	3
9	7	18	10	20263835480	3
9	7	18	11	462992360	1
9	7	18	12	-388467880	9
9	7	19	6	-17910767875	1
9	7	19	8	-29988458500	1
9	7	19	9	-82127665840	3
9	7	19	10	65519827780	3
9	7	19	11	-8393679800	3
9	7	19	12	-465207040	3
9	7	19	13	80623880	9
9	7	20	7	23028130125	1
9	7	20	9	209919209500	9
9	7	20	10	16094050280	1
9	7	20	11	-29579054120	3
9	7	20	12	7528574600	9
9	7	20	13	108322720	3
9	7	20	14	-10078360	9
9	7	21	8	-23028130125	1
9	7	21	10	-41983841900	3
9	7	21	11	-7161536360	1
9	7	21	12	29376756640	9
9	7	21	13	-508796600	3
9	7	21	14	-5225520	1
9	7	21	15	62520	1
9	7	22	9	17910767875	1
9	7	22	11	19083564500	3
9	7	22	12	7004909120	3
9	7	22	13	-6733044560	9
9	7	22	14	62086600	3
9	7	22	15	1062640	3
9	7	23	10	-10746460725	1
9	7	23	12	-19083564500	9
9	7	23	13	-526628960	1
9	7	23	14	955381240	9
9	7	23	15	-10184680	9
9	7	24	11	4884754875	1
9	7	24	13	1467966500	3
9	7	24	14	73471640	1
9	7	24	15	-7030100	1
9	7	25	12	-1628251625	1
9	7	25	14	-209709500	3
9	7	25	15	-14340040	3
9	7	26	13	375750375	1
9	7	26	15	41941900	9
9	7	27	14	-53678625	1
9	7	28	15	3578575	1
9	8	6	0	144550	3
9	8	7	0	300790	3
9	8	7	1	-2073770	3
9	8	8	0	-25567045	9
9	8	8	1	-1469430	1
9	8	8	2	13849960	3
9	8	9	0	-16709770	3
9	8	9	1	124147325	3
9	8	9	2	10047230	1
9	8	9	3	-171426460	9
9	8	10	0	-11484550	3
9	8	10	1	250078730	3
9	8	10	2	-841219550	3
9	8	10	3	-127635550	3
9	8	10	4	488762750	9
9	8	11	0	73548475	9
9	8	11	1	56769350	1
9	8	11	2	-1744994020	3
9	8	11	3	10547921450	9
9	8	11	4	374583820	3
9	8	11	5	-1020216910	9
9	8	12	1	-367742375	3
9	8	12	2	-392403275	1
9	8	12	3	22594858990	9
9	8	12	4	-10133121650	3
9	8	12	5	-269191620	1
9	8	12	6	536839810	3
9	8	13	0	3578575	1
9	8	13	2	2574196625	3
9	8	13	3	5031528425	3
9	8	13	4	-67468766585	9
9	8	13	5	21320007970	3
9	8	13	6	1322093560	3
9	8	13	7	-652436450	3
9	8	14	1	-53678625	1
9	8	14	3	-33464556125	9
9	8	14	4	-4957231400	1
9	8	14	5	147652499995	9
9	8	14	6	-101427724825	9
9	8	14	7	-558183400	1
9	8	14	8	615085810	3
9	8	15	2	375750375	1
9	8	15	4	33464556125	3
9	8	15	5	10733171900	1
9	8	15	6	-81558432835	3
9	8	15	7	13705768075	1
9	8	15	8	551746410	1
9	8	15	9	-449327030	3
9	8	16	3	-1628251625	1
9	8	16	5	-73622023475	3
9	8	16	6	-52759747975	3
9	8	16	7	104217071915	3
9	8	16	8	-12875790225	1
9	8	16	9	-1277383210	3
9	8	16	10	251833060	3
9	8	17	4	4884754875	1
9	8	17	6	368110117375	9
9	8	17	7	22206515925	1
9	8	17	8	-103544535160	3
9	8	17	9	83990333275	9
9	8	17	10	254520910	1
9	8	17	11	-106069040	3
9	8	18	5	-10746460725	1
9	8	18	7	-52587159625	1
9	8	18	8	-21786951450	1
9	8	18	9	79996287140	3
9	8	18	10	-15502317020	3
9	8	18	11	-115748090	1
9	8	18	12	97116970	9
9	8	19	6	17910767875	1
9	8	19	8	52587159625	1
9	8	19	9	49826789650	3
9	8	19	10	-47669567770	3
9	8	19	11	6425982200	3
9	8	19	12	116301760	3
9	8	19	13	-20155970	9
9	8	20	7	-23028130125	1
9	8	20	9	-368110117375	9
9	8	20	10	-9758181125	1
9	8	20	11	21518108480	3
9	8	20	12	-5773115900	9
9	8	20	13	-27080680	3
9	8	20	14	2519590	9
9	8	21	8	23028130125	1
9	8	21	10	73622023475	3
9	8	21	11	4339323725	1
9	8	21	12	-21369071185	9
9	8	21	13	391315400	3
9	8	21	14	1306380	1
9	8	21	15	-15630	1
9	8	22	9	-17910767875	1
9	8	22	11	-33464556125	3
9	8	22	12	-4241431700	3
9	8	22	13	4897447115	9
9	8	22	14	-47990275	3
9	8	22	15	-265660	3
9	8	23	10	10746460725	1
9	8	23	12	33464556125	9
9	8	23	13	318632600	1
9	8	23	14	-694911085	9
9	8	23	15	7939195	9
9	8	24	11	-4884754875	1
9	8	24	13	-2574196625	3
9	8	24	14	-44418275	1
9	8	24	15	5113625	1
9	8	25	12	1628251625	1
9	8	25	14	367742375	3
9	8	25	15	8662225	3
9	8	26	13	-375750375	1
9	8	26	15	-73548475	9
9	8	27	14	53678625	1
9	8	28	15	-3578575	1
9	9	8	0	3848950	3
9	9	9	0	2437050	1
9	9	9	1	-18671750	1
9	9	10	0	750750	1
9	9	10	1	-36479850	1
9	9	10	2	126401000	1
9	9	11	0	-26401375	3
9	9	11	1	-11261250	1
9	9	11	2	254580150	1
9	9	11	3	-1583495000	3
9	9	12	1	132006875	1
9	9	12	2	78828750	1
9	9	12	3	-1098879100	1
9	9	12	4	1519934000	1
9	9	13	2	-924048125	1
9	9	13	3	-341591250	1
9	9	13	4	3281367650	1
9	9	13	5	-3195449200	1
9	9	14	3	12012625625	3
9	9	14	4	1024773750	1
9	9	14	5	-7181077750	1
9	9	14	6	15191656750	3
9	9	15	4	-12012625625	1
9	9	15	5	-2254502250	1
9	9	15	6	11899375950	1
9	9	15	7	-6155010750	1
9	9	16	5	26427776375	1
9	9	16	6	3757503750	1
9	9	16	7	-15204472800	1
9	9	16	8	5779901250	1
9	9	17	6	-132138881875	3
9	9	17	7	-4831076250	1
9	9	17	8	15105391950	1
9	9	17	9	-12564885250	3
9	9	18	7	56630949375	1
9	9	18	8	4831076250	1
9	9	18	9	-11669306550	1
9	9	18	10	2319190700	1
9	9	19	8	-56630949375	1
9	9	19	9	-3757503750	1
9	9	19	10	6953246850	1
9	9	19	11	-961680500	1
9	9	20	9	132138881875	3
9	9	20	10	2254502250	1
9	9	20	11	-3138521100	1
9	9	20	12	864660500	3
9	9	21	10	-26427776375	1
9	9	21	11	-1024773750	1
9	9	21	12	1038880150	1
9	9	21	13	-58692500	1
9	9	22	11	12012625625	1
9	9	22	12	341591250	1
9	9	22	13	-238087850	1
9	9	22	14	7215250	1
9	9	23	12	-12012625625	3
9	9	23	13	-78828750	1
9	9	23	14	33782650	1
9	9	23	15	-1198450	3
9	9	24	13	924048125	1
9	9	24	14	11261250	1
9	9	24	15	-2237400	1
9	9	25	14	-132006875	1
9	9	25	15	-750750	1
9	9	26	15	26401375	3
9	10	8	0	-769790	3
9	10	9	0	-487410	1
9	10	9	1	3734350	1
9	10	10	0	603680	1
9	10	10	1	7295970	1
9	10	10	2	-25280200	1
9	10	11	0	17667650	3
9	10	11	1	-8793840	1
9	10	11	2	-50916030	1
9	10	11	3	316699000	3
9	10	12	1	-88338250	1
9	10	12	2	59564010	1
9	10	12	3	219775820	1
9	10	12	4	-303986800	1
9	10	13	0	-5010005	1
9	10	13	2	618367750	1
9	10	13	3	-248815490	1
9	10	13	4	-656273530	1
9	10	13	5	639089840	1
9	10	14	1	75150075	1
9	10	14	3	-8038780750	3
9	10	14	4	716727660	1
9	10	14	5	1436215550	1
9	10	14	6	-3038331350	3
9	10	15	2	-526050525	1
9	10	15	4	8038780750	1
9	10	15	5	-1507705980	1
9	10	15	6	-2379875190	1
9	10	15	7	1231002150	1
9	10	16	3	2279552275	1
9	10	16	5	-17685317650	1
9	10	16	6	2392028430	1
9	10	16	7	3040894560	1
9	10	16	8	-1155980250	1
9	10	17	4	-6838656825	1
9	10	17	6	88426588250	3
9	10	17	7	-2913543270	1
9	10	17	8	-3021078390	1
9	10	17	9	2512977050	3
9	10	18	5	15045045015	1
9	10	18	7	-37897109250	1
9	10	18	8	2745717480	1
9	10	18	9	2333861310	1
9	10	18	10	-463838140	1
9	10	19	6	-25075075025	1
9	10	19	8	37897109250	1
9	10	19	9	-2000967320	1
9	10	19	10	-1390649370	1
9	10	19	11	192336100	1
9	10	20	7	32239382175	1
9	10	20	9	-88426588250	3
9	10	20	10	1117709670	1
9	10	20	11	627704220	1
9	10	20	12	-172932100	3
9	10	21	8	-32239382175	1
9	10	21	10	17685317650	1
9	10	21	11	-469564590	1
9	10	21	12	-207776030	1
9	10	21	13	11738500	1
9	10	22	9	25075075025	1
9	10	22	11	-8038780750	1
9	10	22	12	143469260	1
9	10	22	13	47617570	1
9	10	22	14	-1443050	1
9	10	23	10	-15045045015	1
9	10	23	12	8038780750	3
9	10	23	13	-30055740	1
9	10	23	14	-6756530	1
9	10	23	15	239690	3
9	10	24	11	6838656825	1
9	10	24	13	-618367750	1
9	10	24	14	3853410	1
9	10	24	15	447480	1
9	10	25	12	-2279552275	1
9	10	25	14	88338250	1
9	10	25	15	-227370	1
9	10	26	13	526050525	1
9	10	26	15	-17667650	3
9	10	27	14	-75150075	1
9	10	28	15	5010005	1
9	11	10	0	-411180	1
9	11	11	0	-2252250	1
9	11	11	1	6025140	1
9	11	12	1	33783750	1
9	11	12	2	-41088960	1
9	11	13	0	6831825	1
9	11	13	2	-236486250	1
9	11	13	3	172982040	1
9	11	14	1	-102477375	1
9	11	14	3	1024773750	1
9	11	14	4	-502735860	1
9	11	15	2	717341625	1
9	11	15	4	-3074321250	1
9	11	15	5	1068330780	1
9	11	16	3	-3108480375	1
9	11	16	5	6763506750	1
9	11	16	6	-1714652280	1
9	11	17	4	9325441125	1
9	11	17	6	-11272511250	1
9	11	17	7	2116231920	1
9	11	18	5	-20515970475	1
9	11	18	7	14493228750	1
9	11	18	8	-2024690580	1
9	11	19	6	34193284125	1
9	11	19	8	-14493228750	1
9	11	19	9	1501346220	1
9	11	20	7	-43962793875	1
9	11	20	9	11272511250	1
9	11	20	10	-855605520	1
9	11	21	8	43962793875	1
9	11	21	10	-6763506750	1
9	11	21	11	367919640	1
9	11	22	9	-34193284125	1
9	11	22	11	3074321250	1
9	11	22	12	-115520460	1
9	11	23	10	20515970475	1
9	11	23	12	-1024773750	1
9	11	23	13	24993540	1
9	11	24	11	-9325441125	1
9	11	24	13	236486250	1
9	11	24	14	-3330360	1
9	11	25	12	3108480375	1
9	11	25	14	-33783750	1
9	11	25	15	205920	1
9	11	26	13	-717341625	1
9	11	26	15	2252250	1
9	11	27	14	102477375	1
9	11	28	15	-6831825	1
9	12	10	0	68530	1
9	12	11	0	375375	1
9	12	11	1	-1004190	1
9	12	12	1	-5630625	1
9	12	12	2	6848160	1
9	12	13	0	-4554550	1
9	12	13	2	39414375	1
9	12	13	3	-28830340	1
9	12	14	1	68318250	1
9	12	14	3	-170795625	1
9	12	14	4	83789310	1
9	12	15	2	-478227750	1
9	12	15	4	512386875	1
9	12	15	5	-178055130	1
9	12	16	3	2072320250	1
9	12	16	5	-1127251125	1
9	12	16	6	285775380	1
9	12	17	4	-6216960750	1
9	12	17	6	1878751875	1
9	12	17	7	-352705320	1
9	12	18	5	13677313650	1
9	12	18	7	-2415538125	1
9	12	18	8	337448430	1
9	12	19	6	-22795522750	1
9	12	19	8	2415538125	1
9	12	19	9	-250224370	1
9	12	20	7	29308529250	1
9	12	20	9	-1878751875	1
9	12	20	10	142600920	1
9	12	21	8	-29308529250	1
9	12	21	10	1127251125	1
9	12	21	11	-61319940	1
9	12	22	9	22795522750	1
9	12	22	11	-512386875	1
9	12	22	12	19253410	1
9	12	23	10	-13677313650	1
9	12	23	12	170795625	1
9	12	23	13	-4165590	1
9	12	24	11	6216960750	1
9	12	24	13	-39414375	1
9	12	24	14	555060	1
9	12	25	12	-2072320250	1
9	12	25	14	5630625	1
9	12	25	15	-34320	1
9	12	26	13	478227750	1
9	12	26	15	-375375	1
9	12	27	14	-68318250	1
9	12	28	15	4554550	1
9	13	13	0	1576575	1
9	13	14	1	-23648625	1
9	13	15	2	165540375	1
9	13	16	3	-717341625	1
9	13	17	4	2152024875	1
9	13	18	5	-4734454725	1
9	13	19	6	7890757875	1
9	13	20	7	-10145260125	1
9	13	21	8	10145260125	1
9	13	22	9	-7890757875	1
9	13	23	10	4734454725	1
9	13	24	11	-2152024875	1
9	13	25	12	717341625	1
9	13	26	13	-165540375	1
9	13	27	14	23648625	1
9	13	28	15	-1576575	1
9	14	13	0	-225225	1
9	14	14	1	3378375	1
9	14	15	2	-23648625	1
9	14	16	3	102477375	1
9	14	17	4	-307432125	1
9	14	18	5	676350675	1
9	14	19	6	-1127251125	1
9	14	20	7	1449322875	1
9	14	21	8	-1449322875	1
9	14	22	9	1127251125	1
9	14	23	10	-676350675	1
9	14	24	11	307432125	1
9	14	25	12	-102477375	1
9	14	26	13	23648625	1
9	14	27	14	-3378375	1
9	14	28	15	225225	1
10	0	0	0	1210	243
10	0	0	2	-115	81
10	0	1	0	4130	729
10	0	1	1	-5290	81
10	0	1	3	4640	243
10	0	2	0	820	27
10	0	2	1	-4370	81
10	0	2	2	100030	243
10	0	2	4	-27785	243
10	0	3	0	-7270	243
10	0	3	1	-106375	243
10	0	3	2	163300	729
10	0	3	3	-1199600	729
10	0	3	5	773095	1944
10	0	4	0	-2200	729
10	0	4	1	70130	243
10	0	4	2	726680	243
10	0	4	3	-411680	729
10	0	4	4	3383080	729
10	0	4	6	-849275	972
10	0	5	0	49160	243
10	0	5	1	5900	243
10	0	5	2	-250370	243
10	0	5	3	-9308795	729
10	0	5	4	286640	243
10	0	5	5	-7095290	729
10	0	5	7	783865	648
10	0	6	0	-12050	27
10	0	6	1	-676760	243
10	0	6	2	-40340	729
10	0	6	3	550390	729
10	0	6	4	3066400	81
10	0	6	5	-2020000	729
10	0	6	6	3792740	243
10	0	6	8	-72785	81
10	0	7	0	-166460	243
10	0	7	1	1581250	243
10	0	7	2	4307090	243
10	0	7	3	-56120	729
10	0	7	4	5137240	729
10	0	7	5	-59727715	729
10	0	7	6	177130	27
10	0	7	7	-4708060	243
10	0	7	9	-26315	324
10	0	8	0	-19334	243
10	0	8	1	2526560	243
10	0	8	2	-10761370	243
10	0	8	3	-50458970	729
10	0	8	4	133550	243
10	0	8	5	-23137160	729
10	0	8	6	32231000	243
10	0	8	7	-987050	81
10	0	8	8	4521050	243
10	0	8	10	165455	162
10	0	9	0	17380	27
10	0	9	1	9880	9
10	0	9	2	-17855480	243
10	0	9	3	136006420	729
10	0	9	4	15037330	81
10	0	9	5	-278890	729
10	0	9	6	17579840	243
10	0	9	7	-1457905	9
10	0	9	8	3918470	243
10	0	9	9	-1102990	81
10	0	9	11	-44675	36
10	0	10	0	104830	243
10	0	10	1	-777700	81
10	0	10	2	-1723270	243
10	0	10	3	233841880	729
10	0	10	4	-396511280	729
10	0	10	5	-264460750	729
10	0	10	6	-275750	81
10	0	10	7	-26115460	243
10	0	10	8	36091780	243
10	0	10	9	-10758290	729
10	0	10	10	1781830	243
10	0	10	12	201130	243
10	0	11	0	10010	81
10	0	11	1	-525800	81
10	0	11	2	16243700	243
10	0	11	3	20800240	729
10	0	11	4	-705254030	729
10	0	11	5	846990325	729
10	0	11	6	43319740	81
10	0	11	7	39010	3
10	0	11	8	26867690	243
10	0	11	9	-24327425	243
10	0	11	10	726640	81
10	0	11	11	-72680	27
10	0	11	13	-650405	1944
10	0	12	1	-50050	27
10	0	12	2	11078650	243
10	0	12	3	-7780520	27
10	0	12	4	-6497860	81
10	0	12	5	1556612110	729
10	0	12	6	-152074150	81
10	0	12	7	-49243060	81
10	0	12	8	-6053020	243
10	0	12	9	-19180510	243
10	0	12	10	11466520	243
10	0	12	11	-2338180	729
10	0	12	12	397340	729
10	0	12	14	75085	972
10	0	13	0	2002	243
10	0	13	2	350350	27
10	0	13	3	-48176260	243
10	0	13	4	209023100	243
10	0	13	5	122138006	729
10	0	13	6	-288608990	81
10	0	13	7	567473465	243
10	0	13	8	131272180	243
10	0	13	9	22559200	729
10	0	13	10	9008750	243
10	0	13	11	-1104125	81
10	0	13	12	239900	729
10	0	13	13	2450	729
10	0	13	15	-15305	1944
10	0	14	1	-10010	81
10	0	14	3	-4554550	81
10	0	14	4	48353690	81
10	0	14	5	-50846620	27
10	0	14	6	-65479520	243
10	0	14	7	1112235710	243
10	0	14	8	-547309930	243
10	0	14	9	-91888780	243
10	0	14	10	-6482240	243
10	0	14	11	-751490	81
10	0	14	12	859640	729
10	0	14	13	57340	243
10	0	14	14	-20920	729
10	0	15	2	70070	81
10	0	15	4	4554550	27
10	0	15	5	-320359600	243
10	0	15	6	759093500	243
10	0	15	7	27609730	81
10	0	15	8	-1108892320	243
10	0	15	9	408844720	243
10	0	15	10	50742170	243
10	0	15	11	11813300	729
10	0	15	12	-320260	729
10	0	15	13	56995	81
10	0	15	14	-76130	729
10	0	15	15	380	81
10	0	16	3	-910910	243
10	0	16	5	-10020010	27
10	0	16	6	59562250	27
10	0	16	7	-323820200	81
10	0	16	8	-83247710	243
10	0	16	9	285987340	81
10	0	16	10	-78098050	81
10	0	16	11	-2437190	27
10	0	16	12	-4982590	729
10	0	16	13	842540	729
10	0	16	14	-198200	729
10	0	16	15	3370	243
10	0	17	4	910910	81
10	0	17	6	50100050	81
10	0	17	7	-76895500	27
10	0	17	8	322346420	81
10	0	17	9	22171220	81
10	0	17	10	-510878860	243
10	0	17	11	100974950	243
10	0	17	12	21741770	729
10	0	17	13	463810	243
10	0	17	14	-255460	729
10	0	17	15	2585	81
10	0	18	5	-2004002	81
10	0	18	7	-7157150	9
10	0	18	8	231665390	81
10	0	18	9	-249586700	81
10	0	18	10	-13954034	81
10	0	18	11	76626220	81
10	0	18	12	-94825660	729
10	0	18	13	-578230	81
10	0	18	14	-231350	729
10	0	18	15	3080	81
10	0	19	6	10020010	243
10	0	19	8	7157150	9
10	0	19	9	-542907640	243
10	0	19	10	16564900	9
10	0	19	11	6778420	81
10	0	19	12	-226944190	729
10	0	19	13	20292245	729
10	0	19	14	805120	729
10	0	19	15	5770	243
10	0	20	7	-1431430	27
10	0	20	9	-50100050	81
10	0	20	10	109065770	81
10	0	20	11	-202393400	243
10	0	20	12	-22071760	729
10	0	20	13	51549830	729
10	0	20	14	-2643130	729
10	0	20	15	-20080	243
10	0	21	8	1431430	27
10	0	21	10	10020010	27
10	0	21	11	-149403100	243
10	0	21	12	22388300	81
10	0	21	13	621710	81
10	0	21	14	-7225030	729
10	0	21	15	52325	243
10	0	22	9	-10020010	243
10	0	22	11	-4554550	27
10	0	22	12	50031850	243
10	0	22	13	-15430580	243
10	0	22	14	-885740	729
10	0	22	15	156950	243
10	0	23	10	2004002	81
10	0	23	12	4554550	81
10	0	23	13	-3866720	81
10	0	23	14	731500	81
10	0	23	15	21934	243
10	0	24	11	-910910	81
10	0	24	13	-350350	27
10	0	24	14	1665070	243
10	0	24	15	-145640	243
10	0	25	12	910910	243
10	0	25	14	50050	27
10	0	25	15	-37180	81
10	0	26	13	-70070	81
10	0	26	15	-10010	81
10	0	27	14	10010	81
10	0	28	15	-2002	243
10	1	0	0	-1210	81
10	1	1	0	-2065	81
10	1	1	1	5290	27
10	1	2	0	-1640	9
10	1	2	1	2185	9
10	1	2	2	-100030	81
10	1	3	0	18175	81
10	1	3	1	212750	81
10	1	3	2	-81650	81
10	1	3	3	1199600	243
10	1	4	0	2200	81
10	1	4	1	-175325	81
10	1	4	2	-1453360	81
10	1	4	3	205840	81
10	1	4	4	-3383080	243
10	1	5	0	-172060	81
10	1	5	1	-5900	27
10	1	5	2	625925	81
10	1	5	3	18617590	243
10	1	5	4	-143320	27
10	1	5	5	7095290	243
10	1	6	0	48200	9
10	1	6	1	2368660	81
10	1	6	2	40340	81
10	1	6	3	-1375975	243
10	1	6	4	-6132800	27
10	1	6	5	1010000	81
10	1	6	6	-3792740	81
10	1	7	0	83230	9
10	1	7	1	-6325000	81
10	1	7	2	-15074815	81
10	1	7	3	56120	81
10	1	7	4	-12843100	243
10	1	7	5	119455430	243
10	1	7	6	-88565	3
10	1	7	7	4708060	81
10	1	8	0	96670	81
10	1	8	1	-1263280	9
10	1	8	2	43045480	81
10	1	8	3	176606395	243
10	1	8	4	-133550	27
10	1	8	5	57842900	243
10	1	8	6	-64462000	81
10	1	8	7	493525	9
10	1	8	8	-4521050	81
10	1	9	0	-95590	9
10	1	9	1	-49400	3
10	1	9	2	8927740	9
10	1	9	3	-544025680	243
10	1	9	4	-52630655	27
10	1	9	5	278890	81
10	1	9	6	-43949600	81
10	1	9	7	2915810	3
10	1	9	8	-1959235	27
10	1	9	9	1102990	27
10	1	10	0	-209660	27
10	1	10	1	4277350	27
10	1	10	2	8616350	81
10	1	10	3	-116920940	27
10	1	10	4	1586045120	243
10	1	10	5	925612625	243
10	1	10	6	275750	9
10	1	10	7	65288650	81
10	1	10	8	-72183560	81
10	1	10	9	5379145	81
10	1	10	10	-1781830	81
10	1	11	0	-65065	27
10	1	11	1	1051600	9
10	1	11	2	-89340350	81
10	1	11	3	-104001200	243
10	1	11	4	352627015	27
10	1	11	5	-3387961300	243
10	1	11	6	-151619090	27
10	1	11	7	-117030	1
10	1	11	8	-67169225	81
10	1	11	9	48654850	81
10	1	11	10	-363320	9
10	1	11	11	72680	9
10	1	12	1	325325	9
10	1	12	2	-22157300	27
10	1	12	3	42792860	9
10	1	12	4	32489300	27
10	1	12	5	-778306055	27
10	1	12	6	608296600	27
10	1	12	7	172350710	27
10	1	12	8	6053020	27
10	1	12	9	47951275	81
10	1	12	10	-22933040	81
10	1	12	11	1169090	81
10	1	12	12	-397340	243
10	1	13	0	-5005	27
10	1	13	2	-2277275	9
10	1	13	3	96352520	27
10	1	13	4	-1149627050	81
10	1	13	5	-610690030	243
10	1	13	6	144304495	3
10	1	13	7	-2269893860	81
10	1	13	8	-459452630	81
10	1	13	9	-22559200	81
10	1	13	10	-22521875	81
10	1	13	11	2208250	27
10	1	13	12	-119950	81
10	1	13	13	-2450	243
10	1	14	1	25025	9
10	1	14	3	29604575	27
10	1	14	4	-96707380	9
10	1	14	5	279656410	9
10	1	14	6	327397600	81
10	1	14	7	-556117855	9
10	1	14	8	2189239720	81
10	1	14	9	321610730	81
10	1	14	10	6482240	27
10	1	14	11	1878725	27
10	1	14	12	-1719280	243
10	1	14	13	-28670	27
10	1	14	14	20920	243
10	1	15	2	-175175	9
10	1	15	4	-29604575	9
10	1	15	5	640719200	27
10	1	15	6	-4175014250	81
10	1	15	7	-138048650	27
10	1	15	8	554446160	9
10	1	15	9	-1635378880	81
10	1	15	10	-177597595	81
10	1	15	11	-11813300	81
10	1	15	12	800650	243
10	1	15	13	-113990	27
10	1	15	14	38065	81
10	1	15	15	-380	27
10	1	16	3	2277275	27
10	1	16	5	65130065	9
10	1	16	6	-119124500	3
10	1	16	7	1781011100	27
10	1	16	8	416238550	81
10	1	16	9	-142993670	3
10	1	16	10	312392200	27
10	1	16	11	8530165	9
10	1	16	12	4982590	81
10	1	16	13	-2106350	243
10	1	16	14	396400	243
10	1	16	15	-1685	27
10	1	17	4	-2277275	9
10	1	17	6	-325650325	27
10	1	17	7	153791000	3
10	1	17	8	-1772905310	27
10	1	17	9	-110856100	27
10	1	17	10	255439430	9
10	1	17	11	-403899800	81
10	1	17	12	-76096195	243
10	1	17	13	-463810	27
10	1	17	14	638650	243
10	1	17	15	-5170	27
10	1	18	5	5010005	9
10	1	18	7	46521475	3
10	1	18	8	-463330780	9
10	1	18	9	1372726850	27
10	1	18	10	69770170	27
10	1	18	11	-38313110	3
10	1	18	12	379302640	243
10	1	18	13	2023805	27
10	1	18	14	231350	81
10	1	18	15	-7700	27
10	1	19	6	-25050025	27
10	1	19	8	-46521475	3
10	1	19	9	1085815280	27
10	1	19	10	-91106950	3
10	1	19	11	-33892100	27
10	1	19	12	113472095	27
10	1	19	13	-81168980	243
10	1	19	14	-2817920	243
10	1	19	15	-5770	27
10	1	20	7	3578575	3
10	1	20	9	325650325	27
10	1	20	10	-218131540	9
10	1	20	11	1113163700	81
10	1	20	12	110358800	243
10	1	20	13	-25774915	27
10	1	20	14	10572520	243
10	1	20	15	70280	81
10	1	21	8	-3578575	3
10	1	21	10	-65130065	9
10	1	21	11	298806200	27
10	1	21	12	-123135650	27
10	1	21	13	-3108550	27
10	1	21	14	3612515	27
10	1	21	15	-209300	81
10	1	22	9	25050025	27
10	1	22	11	29604575	9
10	1	22	12	-100063700	27
10	1	22	13	84868190	81
10	1	22	14	4428700	243
10	1	22	15	-78475	9
10	1	23	10	-5010005	9
10	1	23	12	-29604575	27
10	1	23	13	7733440	9
10	1	23	14	-4023250	27
10	1	23	15	-109670	81
10	1	24	11	2277275	9
10	1	24	13	2277275	9
10	1	24	14	-3330140	27
10	1	24	15	801020	81
10	1	25	12	-2277275	27
10	1	25	14	-325325	9
10	1	25	15	74360	9
10	1	26	13	175175	9
10	1	26	15	65065	27
10	1	27	14	-25025	9
10	1	28	15	5005	27
10	2	0	0	1210	81
10	2	1	0	2065	81
10	2	1	1	-5290	27
10	2	2	0	4100	9
10	2	2	1	-2185	9
10	2	2	2	100030	81
10	2	3	0	-50890	81
10	2	3	1	-531875	81
10	2	3	2	81650	81
10	2	3	3	-1199600	243
10	2	4	0	-85	81
10	2	4	1	490910	81
10	2	4	2	3633400	81
10	2	4	3	-205840	81
10	2	4	4	3383080	243
10	2	5	0	761980	81
10	2	5	1	-6895	27
10	2	5	2	-1752590	81
10	2	5	3	-46543975	243
10	2	5	4	143320	27
10	2	5	5	-7095290	243
10	2	6	0	-275680	9
10	2	6	1	-10489780	81
10	2	6	2	214585	81
10	2	6	3	3852730	243
10	2	6	4	15332000	27
10	2	6	5	-1010000	81
10	2	6	6	3792740	81
10	2	7	0	-507220	9
10	2	7	1	36143710	81
10	2	7	2	66759895	81
10	2	7	3	-834410	81
10	2	7	4	35960680	243
10	2	7	5	-298638575	243
10	2	7	6	88565	3
10	2	7	7	-4708060	81
10	2	8	0	-277225	81
10	2	8	1	2559640	3
10	2	8	2	-245674450	81
10	2	8	3	-782114035	243
10	2	8	4	321580	27
10	2	8	5	-161960120	243
10	2	8	6	161155000	81
10	2	8	7	-493525	9
10	2	8	8	4521050	81
10	2	9	0	81290	1
10	2	9	1	131800	3
10	2	9	2	-54137660	9
10	2	9	3	3100070320	243
10	2	9	4	233078615	27
10	2	9	5	4041470	81
10	2	9	6	123058880	81
10	2	9	7	-7289525	3
10	2	9	8	1959235	27
10	2	9	9	-1102990	27
10	2	10	0	1723700	27
10	2	10	1	-32746450	27
10	2	10	2	-21382925	81
10	2	10	3	707423620	27
10	2	10	4	-9021175790	243
10	2	10	5	-4099141625	243
10	2	10	6	-2388520	9
10	2	10	7	-182808220	81
10	2	10	8	180458900	81
10	2	10	9	-5379145	81
10	2	10	10	1781830	81
10	2	11	0	530530	27
10	2	11	1	-8636650	9
10	2	11	2	684117500	81
10	2	11	3	241749785	243
10	2	11	4	-78856990	1
10	2	11	5	19229859490	243
10	2	11	6	671455970	27
10	2	11	7	5771995	9
10	2	11	8	188073830	81
10	2	11	9	-121637125	81
10	2	11	10	363320	9
10	2	11	11	-72680	9
10	2	12	1	-2652650	9
10	2	12	2	181775000	27
10	2	12	3	-983202770	27
10	2	12	4	-71994440	27
10	2	12	5	4690431950	27
10	2	12	6	-3444756340	27
10	2	12	7	-763267430	27
10	2	12	8	-26960335	27
10	2	12	9	-134263570	81
10	2	12	10	57332600	81
10	2	12	11	-1169090	81
10	2	12	12	397340	243
10	2	13	0	35035	27
10	2	13	2	18568550	9
10	2	13	3	-789548210	27
10	2	13	4	8805445220	81
10	2	13	5	1329567835	243
10	2	13	6	-2604430090	9
10	2	13	7	12823057700	81
10	2	13	8	2034718790	81
10	2	13	9	88236295	81
10	2	13	10	63061250	81
10	2	13	11	-5520625	27
10	2	13	12	119950	81
10	2	13	13	2450	243
10	2	14	1	-175175	9
10	2	14	3	-241391150	27
10	2	14	4	791499940	9
10	2	14	5	-6426329360	27
10	2	14	6	-729142450	81
10	2	14	7	1113485590	3
10	2	14	8	-12336233380	81
10	2	14	9	-1424276090	81
10	2	14	10	-23077445	27
10	2	14	11	-5260430	27
10	2	14	12	4298200	243
10	2	14	13	28670	27
10	2	14	14	-20920	243
10	2	15	2	1226225	9
10	2	15	4	241391150	9
10	2	15	5	-5237377310	27
10	2	15	6	31980015650	81
10	2	15	7	328196450	27
10	2	15	8	-3325892480	9
10	2	15	9	9191665210	81
10	2	15	10	786503635	81
10	2	15	11	39030740	81
10	2	15	12	-2241820	243
10	2	15	13	284975	27
10	2	15	14	-38065	81
10	2	15	15	380	27
10	2	16	3	-15940925	27
10	2	16	5	-531060530	9
10	2	16	6	2917455200	9
10	2	16	7	-13641890900	27
10	2	16	8	-1093820665	81
10	2	16	9	2570302220	9
10	2	16	10	-1751333950	27
10	2	16	11	-37776445	9
10	2	16	12	-15446290	81
10	2	16	13	5897780	243
10	2	16	14	-991000	243
10	2	16	15	1685	27
10	2	17	4	15940925	9
10	2	17	6	2655302650	27
10	2	17	7	-1253808050	3
10	2	17	8	13578957590	27
10	2	17	9	328651630	27
10	2	17	10	-169895760	1
10	2	17	11	2258733560	81
10	2	17	12	336997435	243
10	2	17	13	1356680	27
10	2	17	14	-1788220	243
10	2	17	15	12925	27
10	2	18	5	-35070035	9
10	2	18	7	-379328950	3
10	2	18	8	3772191940	9
10	2	18	9	-10512979730	27
10	2	18	10	-234627955	27
10	2	18	11	687539920	9
10	2	18	12	-2116183750	243
10	2	18	13	-8962565	27
10	2	18	14	-639410	81
10	2	18	15	21560	27
10	2	19	6	175350175	27
10	2	19	8	379328950	3
10	2	19	9	-8827686890	27
10	2	19	10	2092980560	9
10	2	19	11	128530325	27
10	2	19	12	-678454330	27
10	2	19	13	451870070	243
10	2	19	14	12479360	243
10	2	19	15	15025	27
10	2	20	7	-25050025	3
10	2	20	9	-2655302650	27
10	2	20	10	1770864040	9
10	2	20	11	-8523031550	81
10	2	20	12	-466191650	243
10	2	20	13	17120230	3
10	2	20	14	-58744840	243
10	2	20	15	-311240	81
10	2	21	8	25050025	3
10	2	21	10	531060530	9
10	2	21	11	-2422262150	27
10	2	21	12	942660400	27
10	2	21	13	14411815	27
10	2	21	14	-21598430	27
10	2	21	15	1161140	81
10	2	22	9	-175350175	27
10	2	22	11	-241391150	9
10	2	22	12	809959700	27
10	2	22	13	-649603460	81
10	2	22	14	-22201960	243
10	2	22	15	156470	3
10	2	23	10	35070035	9
10	2	23	12	241391150	27
10	2	23	13	-62503870	9
10	2	23	14	1140370	1
10	2	23	15	586520	81
10	2	24	11	-15940925	9
10	2	24	13	-18568550	9
10	2	24	14	26874320	27
10	2	24	15	-6129200	81
10	2	25	12	15940925	27
10	2	25	14	2652650	9
10	2	25	15	-599170	9
10	2	26	13	-1226225	9
10	2	26	15	-530530	27
10	2	27	14	175175	9
10	2	28	15	-35035	27
10	3	2	0	-1640	3
10	3	3	0	7270	9
10	3	3	1	212750	27
10	3	4	0	-3610	9
10	3	4	1	-70130	9
10	3	4	2	-1453360	27
10	3	5	0	-614500	27
10	3	5	1	4810	1
10	3	5	2	250370	9
10	3	5	3	18617590	81
10	3	6	0	106980	1
10	3	6	1	8459500	27
10	3	6	2	-210290	9
10	3	6	3	-550390	27
10	3	6	4	-6132800	9
10	3	7	0	203350	1
10	3	7	1	-14006210	9
10	3	7	2	-53838625	27
10	3	7	3	462740	9
10	3	7	4	-5137240	27
10	3	7	5	119455430	81
10	3	8	0	-631160	27
10	3	8	1	-9190300	3
10	3	8	2	95015270	9
10	3	8	3	630737125	81
10	3	8	4	24590	9
10	3	8	5	23137160	27
10	3	8	6	-64462000	27
10	3	9	0	-380490	1
10	3	9	1	362000	1
10	3	9	2	64493450	3
10	3	9	3	-1195980440	27
10	3	9	4	-187966625	9
10	3	9	5	-3159130	9
10	3	9	6	-17579840	9
10	3	9	7	2915810	1
10	3	10	0	-950950	3
10	3	10	1	5679850	1
10	3	10	2	-69562600	27
10	3	10	3	-839089510	9
10	3	10	4	3470017870	27
10	3	10	5	3305759375	81
10	3	10	6	3398290	3
10	3	10	7	26115460	9
10	3	10	8	-72183560	27
10	3	11	0	-770770	9
10	3	11	1	4754750	1
10	3	11	2	-118707875	3
10	3	11	3	905022460	81
10	3	11	4	2515207345	9
10	3	11	5	-7371994940	27
10	3	11	6	-541496750	9
10	3	11	7	-6277640	3
10	3	11	8	-26867690	9
10	3	11	9	48654850	27
10	3	12	1	3853850	3
10	3	12	2	-33283250	1
10	3	12	3	170654935	1
10	3	12	4	-296829640	9
10	3	12	5	-1840075685	3
10	3	12	6	1315718240	3
10	3	12	7	615538250	9
10	3	12	8	7885190	3
10	3	12	9	19180510	9
10	3	12	10	-22933040	27
10	3	13	2	-26976950	3
10	3	13	3	432682250	3
10	3	13	4	-1528654985	3
10	3	13	5	5674149200	81
10	3	13	6	3054716525	3
10	3	13	7	-4878429190	9
10	3	13	8	-1640902250	27
10	3	13	9	-21225530	9
10	3	13	10	-9008750	9
10	3	13	11	2208250	9
10	3	14	3	350700350	9
10	3	14	4	-432682250	1
10	3	14	5	1115741605	1
10	3	14	6	-2976587000	27
10	3	14	7	-3905948725	3
10	3	14	8	4673894360	9
10	3	14	9	1148609750	27
10	3	14	10	4581230	3
10	3	14	11	751490	3
10	3	14	12	-1719280	81
10	3	15	4	-350700350	3
10	3	15	5	951900950	1
10	3	15	6	-5552472200	3
10	3	15	7	1172089900	9
10	3	15	8	1292792480	1
10	3	15	9	-3467839130	9
10	3	15	10	-634277125	27
10	3	15	11	-6331660	9
10	3	15	12	320260	27
10	3	15	13	-113990	9
10	3	16	5	771540770	3
10	3	16	6	-4759504750	3
10	3	16	7	2368417700	1
10	3	16	8	-3117011240	27
10	3	16	9	-2990323630	3
10	3	16	10	657961250	3
10	3	16	11	30464875	3
10	3	16	12	1993210	9
10	3	16	13	-842540	27
10	3	16	14	396400	81
10	3	17	6	-3857703850	9
10	3	17	7	2039787750	1
10	3	17	8	-2357215520	1
10	3	17	9	680803280	9
10	3	17	10	1775564420	3
10	3	17	11	-845084260	9
10	3	17	12	-271772125	81
10	3	17	13	-394310	9
10	3	17	14	255460	27
10	3	17	15	-5170	9
10	3	18	7	551100550	1
10	3	18	8	-2039787750	1
10	3	18	9	1824672740	1
10	3	18	10	-317351240	9
10	3	18	11	-797239100	3
10	3	18	12	788624510	27
10	3	18	13	7227875	9
10	3	18	14	40690	9
10	3	18	15	-3080	3
10	3	19	8	-551100550	1
10	3	19	9	4759504750	3
10	3	19	10	-1089564465	1
10	3	19	11	95936500	9
10	3	19	12	785980825	9
10	3	19	13	-167778640	27
10	3	19	14	-10064000	81
10	3	19	15	-400	3
10	3	20	9	3857703850	9
10	3	20	10	-951900950	1
10	3	20	11	1478606525	3
10	3	20	12	-121691800	81
10	3	20	13	-178438435	9
10	3	20	14	21741020	27
10	3	20	15	251000	27
10	3	21	10	-771540770	3
10	3	21	11	432682250	1
10	3	21	12	-163491075	1
10	3	21	13	-1693360	9
10	3	21	14	8339765	3
10	3	21	15	-428590	9
10	3	22	11	350700350	3
10	3	22	12	-432682250	3
10	3	22	13	112631255	3
10	3	22	14	9091240	81
10	3	22	15	-544285	3
10	3	23	12	-350700350	9
10	3	23	13	33283250	1
10	3	23	14	-5336870	1
10	3	23	15	-372020	27
10	3	24	13	26976950	3
10	3	24	14	-4754750	1
10	3	24	15	1062050	3
10	3	25	14	-3853850	3
10	3	25	15	950950	3
10	3	26	15	770770	9
10	4	2	0	820	3
10	4	3	0	-3635	9
10	4	3	1	-106375	27
10	4	4	0	9655	9
10	4	4	1	35065	9
10	4	4	2	726680	27
10	4	5	0	860300	27
10	4	5	1	-108545	9
10	4	5	2	-125185	9
10	4	5	3	-9308795	81
10	4	6	0	-2203370	9
10	4	6	1	-11843300	27
10	4	6	2	489245	9
10	4	6	3	275195	27
10	4	6	4	3066400	9
10	4	7	0	-473410	1
10	4	7	1	32004710	9
10	4	7	2	75374075	27
10	4	7	3	-2867510	27
10	4	7	4	2568620	27
10	4	7	5	-59727715	81
10	4	8	0	5718490	27
10	4	8	1	63790340	9
10	4	8	2	-216657350	9
10	4	8	3	-883031975	81
10	4	8	4	-1161460	27
10	4	8	5	-11568580	27
10	4	8	6	32231000	27
10	4	9	0	10827740	9
10	4	9	1	-9398200	3
10	4	9	2	-445023070	9
10	4	9	3	100734860	1
10	4	9	4	263153275	9
10	4	9	5	7077190	9
10	4	9	6	8789920	9
10	4	9	7	-1457905	1
10	4	10	0	9454610	9
10	4	10	1	-161745100	9
10	4	10	2	580665050	27
10	4	10	3	5757744290	27
10	4	10	4	-2622065380	9
10	4	10	5	-4628063125	81
10	4	10	6	-20020760	9
10	4	10	7	-13057730	9
10	4	10	8	36091780	27
10	4	11	0	1776775	9
10	4	11	1	-47136925	3
10	4	11	2	1127409250	9
10	4	11	3	-7357482320	81
10	4	11	4	-17168730185	27
10	4	11	5	5550221455	9
10	4	11	6	758095450	9
10	4	11	7	32905135	9
10	4	11	8	13433845	9
10	4	11	9	-24327425	27
10	4	12	1	-8883875	3
10	4	12	2	328945100	3
10	4	12	3	-14592452930	27
10	4	12	4	791221460	3
10	4	12	5	4166321075	3
10	4	12	6	-8879198770	9
10	4	12	7	-861753550	9
10	4	12	8	-4013465	1
10	4	12	9	-9590255	9
10	4	12	10	11466520	27
10	4	13	0	-455455	9
10	4	13	2	62187125	3
10	4	13	3	-4262362225	9
10	4	13	4	43581748210	27
10	4	13	5	-45122253130	81
10	4	13	6	-20656172305	9
10	4	13	7	1214040125	1
10	4	13	8	2297263150	27
10	4	13	9	3021035	1
10	4	13	10	4504375	9
10	4	13	11	-1104125	9
10	4	14	1	2277275	3
10	4	14	3	-808432625	9
10	4	14	4	4247724250	3
10	4	14	5	-95441047790	27
10	4	14	6	23841805600	27
10	4	14	7	26304398165	9
10	4	14	8	-1157808970	1
10	4	14	9	-1608053650	27
10	4	14	10	-13572395	9
10	4	14	11	-375745	3
10	4	14	12	859640	81
10	4	15	2	-15940925	3
10	4	15	4	808432625	3
10	4	15	5	-9311299085	3
10	4	15	6	52774561400	9
10	4	15	7	-9610329950	9
10	4	15	8	-2891562240	1
10	4	15	9	7694889860	9
10	4	15	10	887987975	27
10	4	15	11	3874180	9
10	4	15	12	-160130	27
10	4	15	13	56995	9
10	4	16	3	207232025	9
10	4	16	5	-1778551775	3
10	4	16	6	46380969800	9
10	4	16	7	-67528430200	9
10	4	16	8	26752531330	27
10	4	16	9	20002626590	9
10	4	16	10	-4359004850	9
10	4	16	11	-42650825	3
10	4	16	12	-499390	27
10	4	16	13	421270	27
10	4	16	14	-198200	81
10	4	17	4	-207232025	3
10	4	17	6	8892758875	9
10	4	17	7	-6599827025	1
10	4	17	8	67198816520	9
10	4	17	9	-6328449260	9
10	4	17	10	-11846577280	9
10	4	17	11	1857427310	9
10	4	17	12	380480975	81
10	4	17	13	-915560	27
10	4	17	14	-127730	27
10	4	17	15	2585	9
10	4	18	5	455910455	3
10	4	18	7	-1270394125	1
10	4	18	8	6572907550	1
10	4	18	9	-52005780640	9
10	4	18	10	3390280750	9
10	4	18	11	5308873840	9
10	4	18	12	-191715800	3
10	4	18	13	-10119025	9
10	4	18	14	104630	9
10	4	18	15	1540	3
10	4	19	6	-2279552275	9
10	4	19	8	1270394125	1
10	4	19	9	-45816060125	9
10	4	19	10	31045537490	9
10	4	19	11	-1336369100	9
10	4	19	12	-5227356785	27
10	4	19	13	121840615	9
10	4	19	14	14089600	81
10	4	19	15	-11825	9
10	4	20	7	325650325	1
10	4	20	9	-8892758875	9
10	4	20	10	9123262060	3
10	4	20	11	-1559892950	1
10	4	20	12	3334420400	81
10	4	20	13	1186170815	27
10	4	20	14	-15728230	9
10	4	20	15	-351400	27
10	4	21	8	-325650325	1
10	4	21	10	1778551775	3
10	4	21	11	-4128318425	3
10	4	21	12	13965790850	27
10	4	21	13	-66610130	9
10	4	21	14	-6162105	1
10	4	21	15	927265	9
10	4	22	9	2279552275	9
10	4	22	11	-808432625	3
10	4	22	12	4109276050	9
10	4	22	13	-3205843630	27
10	4	22	14	59278420	81
10	4	22	15	3624245	9
10	4	23	10	-455910455	3
10	4	23	12	808432625	9
10	4	23	13	-314603575	3
10	4	23	14	455530460	27
10	4	23	15	-684530	27
10	4	24	11	207232025	3
10	4	24	13	-62187125	3
10	4	24	14	44726000	3
10	4	24	15	-1118700	1
10	4	25	12	-207232025	9
10	4	25	14	8883875	3
10	4	25	15	-8901035	9
10	4	26	13	15940925	3
10	4	26	15	-1776775	9
10	4	27	14	-2277275	3
10	4	28	15	455455	9
10	5	4	0	-3140	3
10	5	5	0	-24580	1
10	5	5	1	34760	3
10	5	6	0	1110940	3
10	5	6	1	338380	1
10	5	6	2	-153640	3
10	5	7	0	723030	1
10	5	7	1	-16115870	3
10	5	7	2	-2153545	1
10	5	7	3	869360	9
10	5	8	0	-763796	1
10	5	8	1	-32280740	3
10	5	8	2	108897530	3
10	5	8	3	25229485	3
10	5	8	4	449830	9
10	5	9	0	-8021860	3
10	5	9	1	11189640	1
10	5	9	2	223902670	3
10	5	9	3	-1363870120	9
10	5	9	4	-22555995	1
10	5	9	5	-2199050	3
10	5	10	0	-7223480	3
10	5	10	1	119919800	3
10	5	10	2	-76209980	1
10	5	10	3	-2880865970	9
10	5	10	4	3933460850	9
10	5	10	5	132230375	3
10	5	10	6	5969330	3
10	5	11	0	-105105	1
10	5	11	1	35899600	1
10	5	11	2	-836348975	3
10	5	11	3	959829530	3
10	5	11	4	8545162145	9
10	5	11	5	-8299218580	9
10	5	11	6	-64979610	1
10	5	11	7	-9395470	3
10	5	12	1	1576575	1
10	5	12	2	-249675800	1
10	5	12	3	10829571445	9
10	5	12	4	-925395460	1
10	5	12	5	-2063377435	1
10	5	12	6	4409738240	3
10	5	12	7	73864590	1
10	5	12	8	3239120	1
10	5	13	0	1002001	3
10	5	13	2	-11036025	1
10	5	13	3	3223506880	3
10	5	13	4	-32352094775	9
10	5	13	5	5856012184	3
10	5	13	6	10182858505	3
10	5	13	7	-5405204810	3
10	5	13	8	-65636090	1
10	5	13	9	-6630620	3
10	5	14	1	-5010005	1
10	5	14	3	47822775	1
10	5	14	4	-3200086120	1
10	5	14	5	70858525045	9
10	5	14	6	-3099513780	1
10	5	14	7	-12912573965	3
10	5	14	8	5133428680	3
10	5	14	9	45944390	1
10	5	14	10	2680220	3
10	5	15	2	35070035	1
10	5	15	4	-143468325	1
10	5	15	5	6986278640	1
10	5	15	6	-39182431750	3
10	5	15	7	3768602310	1
10	5	15	8	4242255360	1
10	5	15	9	-3774410150	3
10	5	15	10	-25371085	1
10	5	15	11	-283340	3
10	5	16	3	-455910455	3
10	5	16	5	315630315	1
10	5	16	6	-34650552200	3
10	5	16	7	50132574800	3
10	5	16	8	-3532795420	1
10	5	16	9	-9750088430	3
10	5	16	10	2128709050	3
10	5	16	11	10967355	1
10	5	16	12	-996170	9
10	5	17	4	455910455	1
10	5	17	6	-526050525	1
10	5	17	7	14725312800	1
10	5	17	8	-49879736830	3
10	5	17	9	2548850920	1
10	5	17	10	5758927840	3
10	5	17	11	-301027540	1
10	5	17	12	-10870885	3
10	5	17	13	602810	9
10	5	18	5	-1003003001	1
10	5	18	7	676350675	1
10	5	18	8	-14596099320	1
10	5	18	9	38593258550	3
10	5	18	10	-1400447268	1
10	5	18	11	-2575482640	3
10	5	18	12	835321090	9
10	5	18	13	867345	1
10	5	18	14	-49990	3
10	5	19	6	5015015005	3
10	5	19	8	-676350675	1
10	5	19	9	33746696720	3
10	5	19	10	-23031899275	3
10	5	19	11	573550890	1
10	5	19	12	2532565385	9
10	5	19	13	-176241920	9
10	5	19	14	-402560	3
10	5	19	15	4970	3
10	5	20	7	-2149292145	1
10	5	20	9	526050525	1
10	5	20	10	-6685419400	1
10	5	20	11	3470530525	1
10	5	20	12	-505992740	3
10	5	20	13	-574381895	9
10	5	20	14	22668100	9
10	5	20	15	10040	1
10	5	21	8	2149292145	1
10	5	21	10	-315630315	1
10	5	21	11	3009036800	1
10	5	21	12	-10353279475	9
10	5	21	13	33369160	1
10	5	21	14	8955155	1
10	5	21	15	-444130	3
10	5	22	9	-5015015005	3
10	5	22	11	143468325	1
10	5	22	12	-2978569000	3
10	5	22	13	2375610545	9
10	5	22	14	-11765380	3
10	5	22	15	-1758125	3
10	5	23	10	1003003001	1
10	5	23	12	-47822775	1
10	5	23	13	226729360	1
10	5	23	14	-337414000	9
10	5	23	15	201586	1
10	5	24	11	-455910455	1
10	5	24	13	11036025	1
10	5	24	14	-32042120	1
10	5	24	15	2484790	1
10	5	25	12	455910455	3
10	5	25	14	-1576575	1
10	5	25	15	6337760	3
10	5	26	13	-35070035	1
10	5	26	15	105105	1
10	5	27	14	5010005	1
10	5	28	15	-1002001	3
10	6	4	0	3140	9
10	6	5	0	24580	3
10	6	5	1	-34760	9
10	6	6	0	-3221720	9
10	6	6	1	-338380	3
10	6	6	2	153640	9
10	6	7	0	-702590	1
10	6	7	1	46692010	9
10	6	7	2	2153545	3
10	6	7	3	-869360	27
10	6	8	0	14417950	9
10	6	8	1	93674660	9
10	6	8	2	-315085750	9
10	6	8	3	-25229485	9
10	6	8	4	-449830	27
10	6	9	0	37910180	9
10	6	9	1	-70138600	3
10	6	9	2	-646850230	9
10	6	9	3	3939518720	27
10	6	9	4	7518665	1
10	6	9	5	2199050	9
10	6	10	0	34258070	9
10	6	10	1	-567120400	9
10	6	10	2	476169050	3
10	6	10	3	8286975770	27
10	6	10	4	-11338390690	27
10	6	10	5	-132230375	9
10	6	10	6	-5969330	9
10	6	11	0	-7107100	9
10	6	11	1	-169765750	3
10	6	11	2	3957339925	9
10	6	11	3	-664707940	1
10	6	11	4	-24479134535	27
10	6	11	5	23865977690	27
10	6	11	6	21659870	1
10	6	11	7	9395470	9
10	6	12	1	35535500	3
10	6	12	2	1177010450	3
10	6	12	3	-51261745535	27
10	6	12	4	17275796260	9
10	6	12	5	5887698145	3
10	6	12	6	-12647186620	9
10	6	12	7	-24621530	1
10	6	12	8	-3239120	3
10	6	13	0	-10020010	9
10	6	13	2	-248748500	3
10	6	13	3	-15145186210	9
10	6	13	4	153176548525	27
10	6	13	5	-36421174210	9
10	6	13	6	-28948955995	9
10	6	13	7	15456935800	9
10	6	13	8	65636090	3
10	6	13	9	6630620	9
10	6	14	1	50100050	3
10	6	14	3	3233730500	9
10	6	14	4	14981240890	3
10	6	14	5	-335534734535	27
10	6	14	6	57872648600	9
10	6	14	7	36584493635	9
10	6	14	8	-14633904980	9
10	6	14	9	-45944390	3
10	6	14	10	-2680220	9
10	6	15	2	-350700350	3
10	6	15	4	-3233730500	3
10	6	15	5	-32581354190	3
10	6	15	6	185543608250	9
10	6	15	7	-23507690350	3
10	6	15	8	-3994178720	1
10	6	15	9	10724520310	9
10	6	15	10	25371085	3
10	6	15	11	283340	9
10	6	16	3	4559104550	9
10	6	16	5	7114207100	3
10	6	16	6	160940883950	9
10	6	16	7	-237379542400	9
10	6	16	8	22128267490	3
10	6	16	9	27466248290	9
10	6	16	10	-6028128350	9
10	6	16	11	-3655785	1
10	6	16	12	996170	27
10	6	17	4	-4559104550	3
10	6	17	6	-35571035500	9
10	6	17	7	-22700065850	1
10	6	17	8	236146200290	9
10	6	17	9	-48211631020	9
10	6	17	10	-16187105740	9
10	6	17	11	849575120	3
10	6	17	12	10870885	9
10	6	17	13	-602810	27
10	6	18	5	10030030010	3
10	6	18	7	5081576500	1
10	6	18	8	22398567730	1
10	6	18	9	-182671939450	9
10	6	18	10	8916680090	3
10	6	18	11	7226865460	9
10	6	18	12	-2349666650	27
10	6	18	13	-289115	1
10	6	18	14	49990	9
10	6	19	6	-50150150050	9
10	6	19	8	-5081576500	1
10	6	19	9	-154613895590	9
10	6	19	10	108985501625	9
10	6	19	11	-1234642200	1
10	6	19	12	-7098621215	27
10	6	19	13	494186470	27
10	6	19	14	402560	9
10	6	19	15	-4970	9
10	6	20	7	7164307150	1
10	6	20	9	35571035500	9
10	6	20	10	30475339510	3
10	6	20	11	-16416975575	3
10	6	20	12	1111709800	3
10	6	20	13	1609265045	27
10	6	20	14	-63380240	27
10	6	20	15	-10040	3
10	6	21	8	-7164307150	1
10	6	21	10	-7114207100	3
10	6	21	11	-13643895650	3
10	6	21	12	48957333425	27
10	6	21	13	-679902010	9
10	6	21	14	-25098065	3
10	6	21	15	1238840	9
10	6	22	9	50150150050	9
10	6	22	11	3233730500	3
10	6	22	12	13430621050	9
10	6	22	13	-11229129835	27
10	6	22	14	83633260	9
10	6	22	15	4933115	9
10	6	23	10	-10030030010	3
10	6	23	12	-3233730500	9
10	6	23	13	-1016385370	3
10	6	23	14	1594254200	27
10	6	23	15	-4630010	9
10	6	24	11	4559104550	3
10	6	24	13	248748500	3
10	6	24	14	142763390	3
10	6	24	15	-11735570	3
10	6	25	12	-4559104550	9
10	6	25	14	-35535500	3
10	6	25	15	-28058030	9
10	6	26	13	350700350	3
10	6	26	15	7107100	9
10	6	27	14	-50100050	3
10	6	28	15	10020010	9
10	7	6	0	603080	3
10	7	7	0	395640	1
10	7	7	1	-8736040	3
10	7	8	0	-6312440	3
10	7	8	1	-5847040	1
10	7	8	2	58910920	3
10	7	9	0	-13879580	3
10	7	9	1	30650000	1
10	7	9	2	40280720	1
10	7	9	3	-735899600	9
10	7	10	0	-3980240	1
10	7	10	1	207753700	3
10	7	10	2	-207751800	1
10	7	10	3	-514867600	3
10	7	10	4	2115694240	9
10	7	11	0	8388380	3
10	7	11	1	59050200	1
10	7	11	2	-1450339000	3
10	7	11	3	2606900180	3
10	7	11	4	1517521180	3
10	7	11	5	-4447645460	9
10	7	12	1	-41941900	1
10	7	12	2	-408487200	1
10	7	12	3	18793076060	9
10	7	12	4	-7522197080	3
10	7	12	5	-1092663060	1
10	7	12	6	2353556680	3
10	7	13	0	2147145	1
10	7	13	2	293593300	1
10	7	13	3	1747832680	1
10	7	13	4	-56167660120	9
10	7	13	5	5284702800	1
10	7	13	6	1787247380	1
10	7	13	7	-2871923140	3
10	7	14	1	-32207175	1
10	7	14	3	-3816712900	3
10	7	14	4	-5173235760	1
10	7	14	5	123048878480	9
10	7	14	6	-25200811000	3
10	7	14	7	-2254468540	1
10	7	14	8	2714421800	3
10	7	15	2	225450225	1
10	7	15	4	3816712900	1
10	7	15	5	11219386200	1
10	7	15	6	-68044628300	3
10	7	15	7	10247917100	1
10	7	15	8	2211508800	1
10	7	15	9	-1985745760	3
10	7	16	3	-976950975	1
10	7	16	5	-8396768380	1
10	7	16	6	-18418136000	1
10	7	16	7	87049263400	3
10	7	16	8	-9666436920	1
10	7	16	9	-1687253320	1
10	7	16	10	1114119800	3
10	7	17	4	2930852925	1
10	7	17	6	41983841900	3
10	7	17	7	23305689000	1
10	7	17	8	-86585971340	3
10	7	17	9	21128962160	3
10	7	17	10	993159800	1
10	7	17	11	-156727880	1
10	7	18	5	-6447876435	1
10	7	18	7	-17993075100	1
10	7	18	8	-22918048560	1
10	7	18	9	66966600580	3
10	7	18	10	-3926428360	1
10	7	18	11	-442988840	1
10	7	18	12	432670160	9
10	7	19	6	10746460725	1
10	7	19	8	17993075100	1
10	7	19	9	17514280520	1
10	7	19	10	-39944239280	3
10	7	19	11	1642096500	1
10	7	19	12	434862460	3
10	7	19	13	-90841300	9
10	7	20	7	-13816878075	1
10	7	20	9	-41983841900	3
10	7	20	10	-10316808480	1
10	7	20	11	6015346700	1
10	7	20	12	-1492747400	3
10	7	20	13	-98560300	3
10	7	20	14	11632040	9
10	7	21	8	13816878075	1
10	7	21	10	8396768380	1
10	7	21	11	4600087800	1
10	7	21	12	-17933049200	9
10	7	21	13	308436080	3
10	7	21	14	4612260	1
10	7	21	15	-227060	3
10	7	22	9	-10746460725	1
10	7	22	11	-3816712900	1
10	7	22	12	-1502894800	1
10	7	22	13	4111891960	9
10	7	22	14	-12894360	1
10	7	22	15	-302380	1
10	7	23	10	6447876435	1
10	7	23	12	3816712900	3
10	7	23	13	339647880	1
10	7	23	14	-583587620	9
10	7	23	15	2204620	3
10	7	24	11	-2930852925	1
10	7	24	13	-293593300	1
10	7	24	14	-47477760	1
10	7	24	15	4294400	1
10	7	25	12	976950975	1
10	7	25	14	41941900	1
10	7	25	15	3094520	1
10	7	26	13	-225450225	1
10	7	26	15	-8388380	3
10	7	27	14	32207175	1
10	7	28	15	-2147145	1
10	8	6	0	-150770	3
10	8	7	0	-98910	1
10	8	7	1	2184010	3
10	8	8	0	5137745	3
10	8	8	1	1461760	1
10	8	8	2	-14727730	3
10	8	9	0	10144970	3
10	8	9	1	-24921800	1
10	8	9	2	-10070180	1
10	8	9	3	183974900	9
10	8	10	0	2427590	1
10	8	10	1	-151916050	3
10	8	10	2	168785175	1
10	8	10	3	128716900	3
10	8	10	4	-528923560	9
10	8	11	0	-14709695	3
10	8	11	1	-36005475	1
10	8	11	2	1060868875	3
10	8	11	3	-2116585295	3
10	8	11	4	-379380295	3
10	8	11	5	1111911365	9
10	8	12	1	73548475	1
10	8	12	2	248998200	1
10	8	12	3	-13749551915	9
10	8	12	4	6104863520	3
10	8	12	5	273165765	1
10	8	12	6	-588389170	3
10	8	13	0	-2147145	1
10	8	13	2	-514839325	1
10	8	13	3	-1065068125	1
10	8	13	4	41099899555	9
10	8	13	5	-4288344435	1
10	8	13	6	-446811845	1
10	8	13	7	717980785	3
10	8	14	1	32207175	1
10	8	14	3	6692911225	3
10	8	14	4	3151290450	1
10	8	14	5	-90046100045	9
10	8	14	6	20453321050	3
10	8	14	7	563617135	1
10	8	14	8	-678605450	3
10	8	15	2	-225450225	1
10	8	15	4	-6692911225	1
10	8	15	5	-6831756195	1
10	8	15	6	49795093700	3
10	8	15	7	-8322201350	1
10	8	15	8	-552877200	1
10	8	15	9	496436440	3
10	8	16	3	976950975	1
10	8	16	5	14724404695	1
10	8	16	6	11210734700	1
10	8	16	7	-63699978100	3
10	8	16	8	7858415355	1
10	8	16	9	421813330	1
10	8	16	10	-278529950	3
10	8	17	4	-2930852925	1
10	8	17	6	-73622023475	3
10	8	17	7	-14179569525	1
10	8	17	8	63355220060	3
10	8	17	9	-17205915290	3
10	8	17	10	-248289950	1
10	8	17	11	39181970	1
10	8	18	5	6447876435	1
10	8	18	7	31552295775	1
10	8	18	8	13937294250	1
10	8	18	9	-48993229120	3
10	8	18	10	3205273675	1
10	8	18	11	110747210	1
10	8	18	12	-108167540	9
10	8	19	6	-10746460725	1
10	8	19	8	-31552295775	1
10	8	19	9	-10645825025	1
10	8	19	10	29218643795	3
10	8	19	11	-1345153425	1
10	8	19	12	-108715615	3
10	8	19	13	22710325	9
10	8	20	7	13816878075	1
10	8	20	9	73622023475	3
10	8	20	10	6267645120	1
10	8	20	11	-4399289675	1
10	8	20	12	1228715150	3
10	8	20	13	24640075	3
10	8	20	14	-2908010	9
10	8	21	8	-13816878075	1
10	8	21	10	-14724404695	1
10	8	21	11	-2793072975	1
10	8	21	12	13112411675	9
10	8	21	13	-255584645	3
10	8	21	14	-1153065	1
10	8	21	15	56765	3
10	8	22	9	10746460725	1
10	8	22	11	6692911225	1
10	8	22	12	911981950	1
10	8	22	13	-3005866765	9
10	8	22	14	10785840	1
10	8	22	15	75595	1
10	8	23	10	-6447876435	1
10	8	23	12	-6692911225	3
10	8	23	13	-205973625	1
10	8	23	14	426509930	9
10	8	23	15	-1869340	3
10	8	24	11	2930852925	1
10	8	24	13	514839325	1
10	8	24	14	28772700	1
10	8	24	15	-3137750	1
10	8	25	12	-976950975	1
10	8	25	14	-73548475	1
10	8	25	15	-1874015	1
10	8	26	13	225450225	1
10	8	26	15	14709695	3
10	8	27	14	-32207175	1
10	8	28	15	2147145	1
10	9	8	0	-791030	1
10	9	9	0	-1483350	1
10	9	9	1	11506200	1
10	9	10	0	-450450	1
10	9	10	1	22217250	1
10	9	10	2	-77898150	1
10	9	11	0	5280275	1
10	9	11	1	6756750	1
10	9	11	2	-155174250	1
10	9	11	3	325524500	1
10	9	12	1	-79204125	1
10	9	12	2	-47297250	1
10	9	12	3	670465400	1
10	9	12	4	-938736500	1
10	9	13	2	554428875	1
10	9	13	3	204954750	1
10	9	13	4	-2004295150	1
10	9	13	5	1978112490	1
10	9	14	3	-2402525125	1
10	9	14	4	-614864250	1
10	9	14	5	4391398550	1
10	9	14	6	-3145137400	1
10	9	15	4	7207575375	1
10	9	15	5	1352701350	1
10	9	15	6	-7285319250	1
10	9	15	7	3840148050	1
10	9	16	5	-15856665825	1
10	9	16	6	-2254502250	1
10	9	16	7	9319480500	1
10	9	16	8	-3627870750	1
10	9	17	6	26427776375	1
10	9	17	7	2898645750	1
10	9	17	8	-9268606050	1
10	9	17	9	2649705500	1
10	9	18	7	-33978569625	1
10	9	18	8	-2898645750	1
10	9	18	9	7167017550	1
10	9	18	10	-1482444390	1
10	9	19	8	33978569625	1
10	9	19	9	2254502250	1
10	9	19	10	-4273907550	1
10	9	19	11	623086200	1
10	9	20	9	-26427776375	1
10	9	20	10	-1352701350	1
10	9	20	11	1930302000	1
10	9	20	12	-190117400	1
10	9	21	10	15856665825	1
10	9	21	11	614864250	1
10	9	21	12	-639196250	1
10	9	21	13	39661250	1
10	9	22	11	-7207575375	1
10	9	22	12	-204954750	1
10	9	22	13	146510650	1
10	9	22	14	-5041500	1
10	9	23	12	2402525125	1
10	9	23	13	47297250	1
10	9	23	14	-20786150	1
10	9	23	15	292930	1
10	9	24	13	-554428875	1
10	9	24	14	-6756750	1
10	9	24	15	1376100	1
10	9	25	14	79204125	1
10	9	25	15	450450	1
10	9	26	15	-5280275	1
10	10	8	0	158206	1
10	10	9	0	296670	1
10	10	9	1	-2301240	1
10	10	10	0	-414480	1
10	10	10	1	-4443450	1
10	10	10	2	15579630	1
10	10	11	0	-3533530	1
10	10	11	1	6053850	1
10	10	11	2	31034850	1
10	10	11	3	-65104900	1
10	10	12	1	53002950	1
10	10	12	2	-41160900	1
10	10	12	3	-134093080	1
10	10	12	4	187747300	1
10	10	13	0	3006003	1
10	10	13	2	-371020650	1
10	10	13	3	172794270	1
10	10	13	4	400859030	1
10	10	13	5	-395622498	1
10	10	14	1	-45090045	1
10	10	14	3	1607756150	1
10	10	14	4	-500817240	1
10	10	14	5	-878279710	1
10	10	14	6	629027480	1
10	10	15	2	315630315	1
10	10	15	4	-4823268450	1
10	10	15	5	1061364810	1
10	10	15	6	1457063850	1
10	10	15	7	-768029610	1
10	10	16	3	-1367731365	1
10	10	16	5	10611190590	1
10	10	16	6	-1698731100	1
10	10	16	7	-1863896100	1
10	10	16	8	725574150	1
10	10	17	4	4103194095	1
10	10	17	6	-17685317650	1
10	10	17	7	2090389950	1
10	10	17	8	1853721210	1
10	10	17	9	-529941100	1
10	10	18	5	-9027027009	1
10	10	18	7	22738265550	1
10	10	18	8	-1993479840	1
10	10	18	9	-1433403510	1
10	10	18	10	296488878	1
10	10	19	6	15045045015	1
10	10	19	8	-22738265550	1
10	10	19	9	1472767230	1
10	10	19	10	854781510	1
10	10	19	11	-124617240	1
10	10	20	7	-19343629305	1
10	10	20	9	17685317650	1
10	10	20	10	-835720380	1
10	10	20	11	-386060400	1
10	10	20	12	38023480	1
10	10	21	8	19343629305	1
10	10	21	10	-10611190590	1
10	10	21	11	357530250	1
10	10	21	12	127839250	1
10	10	21	13	-7932250	1
10	10	22	9	-15045045015	1
10	10	22	11	4823268450	1
10	10	22	12	-111559800	1
10	10	22	13	-29302130	1
10	10	22	14	1008300	1
10	10	23	10	9027027009	1
10	10	23	12	-1607756150	1
10	10	23	13	23951070	1
10	10	23	14	4157230	1
10	10	23	15	-58586	1
10	10	24	11	-4103194095	1
10	10	24	13	371020650	1
10	10	24	14	-3160740	1
10	10	24	15	-275220	1
10	10	25	12	1367731365	1
10	10	25	14	-53002950	1
10	10	25	15	193050	1
10	10	26	13	-315630315	1
10	10	26	15	3533530	1
10	10	27	14	45090045	1
10	10	28	15	-3006003	1
10	11	10	0	275220	1
10	11	11	0	1351350	1
10	11	11	1	-4039200	1
10	11	12	1	-20270250	1
10	11	12	2	27611100	1
10	11	13	0	-4099095	1
10	11	13	2	141891750	1
10	11	13	3	-116610120	1
10	11	14	1	61486425	1
10	11	14	3	-614864250	1
10	11	14	4	340249140	1
10	11	15	2	-430404975	1
10	11	15	4	1844592750	1
10	11	15	5	-726493680	1
10	11	16	3	1865088225	1
10	11	16	5	-4058104050	1
10	11	16	6	1172526300	1
10	11	17	4	-5595264675	1
10	11	17	6	6763506750	1
10	11	17	7	-1456428600	1
10	11	18	5	12309582285	1
10	11	18	7	-8695937250	1
10	11	18	8	1403568540	1
10	11	19	6	-20515970475	1
10	11	19	8	8695937250	1
10	11	19	9	-1049273280	1
10	11	20	7	26377676325	1
10	11	20	9	-6763506750	1
10	11	20	10	603414900	1
10	11	21	8	-26377676325	1
10	11	21	10	4058104050	1
10	11	21	11	-262092600	1
10	11	22	9	20515970475	1
10	11	22	11	-1844592750	1
10	11	22	12	83209500	1
10	11	23	10	-12309582285	1
10	11	23	12	614864250	1
10	11	23	13	-18223920	1
10	11	24	11	5595264675	1
10	11	24	13	-141891750	1
10	11	24	14	2461140	1
10	11	25	12	-1865088225	1
10	11	25	14	20270250	1
10	11	25	15	-154440	1
10	11	26	13	430404975	1
10	11	26	15	-1351350	1
10	11	27	14	-61486425	1
10	11	28	15	4099095	1
10	12	10	0	-45870	1
10	12	11	0	-225225	1
10	12	11	1	673200	1
10	12	12	1	3378375	1
10	12	12	2	-4601850	1
10	12	13	0	2732730	1
10	12	13	2	-23648625	1
10	12	13	3	19435020	1
10	12	14	1	-40990950	1
10	12	14	3	102477375	1
10	12	14	4	-56708190	1
10	12	15	2	286936650	1
10	12	15	4	-307432125	1
10	12	15	5	121082280	1
10	12	16	3	-1243392150	1
10	12	16	5	676350675	1
10	12	16	6	-195421050	1
10	12	17	4	3730176450	1
10	12	17	6	-1127251125	1
10	12	17	7	242738100	1
10	12	18	5	-8206388190	1
10	12	18	7	1449322875	1
10	12	18	8	-233928090	1
10	12	19	6	13677313650	1
10	12	19	8	-1449322875	1
10	12	19	9	174878880	1
10	12	20	7	-17585117550	1
10	12	20	9	1127251125	1
10	12	20	10	-100569150	1
10	12	21	8	17585117550	1
10	12	21	10	-676350675	1
10	12	21	11	43682100	1
10	12	22	9	-13677313650	1
10	12	22	11	307432125	1
10	12	22	12	-13868250	1
10	12	23	10	8206388190	1
10	12	23	12	-102477375	1
10	12	23	13	3037320	1
10	12	24	11	-3730176450	1
10	12	24	13	23648625	1
10	12	24	14	-410190	1
10	12	25	12	1243392150	1
10	12	25	14	-3378375	1
10	12	25	15	25740	1
10	12	26	13	-286936650	1
10	12	26	15	225225	1
10	12	27	14	40990950	1
10	12	28	15	-2732730	1
10	13	13	0	-945945	1
10	13	14	1	14189175	1
10	13	15	2	-99324225	1
10	13	16	3	430404975	1
10	13	17	4	-1291214925	1
10	13	18	5	2840672835	1
10	13	19	6	-4734454725	1
10	13	20	7	6087156075	1
10	13	21	8	-6087156075	1
10	13	22	9	4734454725	1
10	13	23	10	-2840672835	1
10	13	24	11	1291214925	1
10	13	25	12	-430404975	1
10	13	26	13	99324225	1
10	13	27	14	-14189175	1
10	13	28	15	945945	1
10	14	13	0	135135	1
10	14	14	1	-2027025	1
10	14	15	2	14189175	1
10	14	16	3	-61486425	1
10	14	17	4	184459275	1
10	14	18	5	-405810405	1
10	14	19	6	676350675	1
10	14	20	7	-869593725	1
10	14	21	8	869593725	1
10	14	22	9	-676350675	1
10	14	23	10	405810405	1
10	14	24	11	-184459275	1
10	14	25	12	61486425	1
10	14	26	13	-14189175	1
10	14	27	14	2027025	1
10	14	28	15	-135135	1
11	0	0	0	-1210	243
11	0	0	2	-20	243
11	0	1	0	-4310	729
11	0	1	1	16450	243
11	0	1	3	625	243
11	0	2	0	-2620	81
11	0	2	1	42670	729
11	0	2	2	-101500	243
11	0	2	4	-55825	1944
11	0	3	0	10930	243
11	0	3	1	114520	243
11	0	3	2	-169220	729
11	0	3	3	1135300	729
11	0	3	5	109945	648
11	0	4	0	-58640	729
11	0	4	1	-45370	81
11	0	4	2	-87610	27
11	0	4	3	289820	729
11	0	4	4	-2885990	729
11	0	4	6	-404525	648
11	0	5	0	-63680	243
11	0	5	1	900280	729
11	0	5	2	254230	81
11	0	5	3	10174910	729
11	0	5	4	79520	729
11	0	5	5	5404630	729
11	0	5	7	1007215	648
11	0	6	0	22070	81
11	0	6	1	304000	81
11	0	6	2	-6412130	729
11	0	6	3	-7530770	729
11	0	6	4	-30460720	729
11	0	6	5	-1375660	729
11	0	6	6	-2665300	243
11	0	6	8	-887975	324
11	0	7	0	36500	81
11	0	7	1	-107150	27
11	0	7	2	-2025050	81
11	0	7	3	28097090	729
11	0	7	4	15777340	729
11	0	7	5	66955460	729
11	0	7	6	306790	81
11	0	7	7	3340700	243
11	0	7	9	1134925	324
11	0	8	0	37070	243
11	0	8	1	-1660340	243
11	0	8	2	6555040	243
11	0	8	3	74910290	729
11	0	8	4	-84680590	729
11	0	8	5	-20637980	729
11	0	8	6	-37057790	243
11	0	8	7	-714670	243
11	0	8	8	-3716350	243
11	0	8	10	-1059245	324
11	0	9	0	-22900	81
11	0	9	1	-543550	243
11	0	9	2	3910100	81
11	0	9	3	-82737320	729
11	0	9	4	-212469670	729
11	0	9	5	185863370	729
11	0	9	6	4262720	243
11	0	9	7	47129830	243
11	0	9	8	-424930	243
11	0	9	9	3636710	243
11	0	9	11	2150225	972
11	0	10	0	-46750	243
11	0	10	1	1025000	243
11	0	10	2	413650	27
11	0	10	3	-153674000	729
11	0	10	4	240906220	729
11	0	10	5	440523050	729
11	0	10	6	-34083940	81
11	0	10	7	2850320	243
11	0	10	8	-46078340	243
11	0	10	9	5194310	729
11	0	10	10	-987580	81
11	0	10	12	-2058485	1944
11	0	11	0	-4550	81
11	0	11	1	703450	243
11	0	11	2	-264380	9
11	0	11	3	-47406610	729
11	0	11	4	463885210	729
11	0	11	5	-514072460	729
11	0	11	6	-25547500	27
11	0	11	7	129134720	243
11	0	11	8	-10106470	243
11	0	11	9	34448480	243
11	0	11	10	-6536200	729
11	0	11	11	1882100	243
11	0	11	13	661975	1944
11	0	12	1	22750	27
11	0	12	2	-4940210	243
11	0	12	3	30780460	243
11	0	12	4	139486820	729
11	0	12	5	-1025335190	729
11	0	12	6	276758350	243
11	0	12	7	276898600	243
11	0	12	8	-125713060	243
11	0	12	9	4183630	81
11	0	12	10	-19397510	243
11	0	12	11	4913720	729
11	0	12	12	-2628850	729
11	0	12	14	-14275	216
11	0	13	0	-910	243
11	0	13	2	-159250	27
11	0	13	3	21479950	243
11	0	13	4	-30635260	81
11	0	13	5	-301407040	729
11	0	13	6	571437130	243
11	0	13	7	-344377330	243
11	0	13	8	-258619460	243
11	0	13	9	282697580	729
11	0	13	10	-9699470	243
11	0	13	11	7997270	243
11	0	13	12	-2406020	729
11	0	13	13	835250	729
11	0	13	15	1265	216
11	0	14	1	4550	81
11	0	14	3	2070250	81
11	0	14	4	-64665070	243
11	0	14	5	201276680	243
11	0	14	6	164730500	243
11	0	14	7	-735910450	243
11	0	14	8	332723930	243
11	0	14	9	187371580	243
11	0	14	10	-161592970	729
11	0	14	11	5066890	243
11	0	14	12	-6892520	729
11	0	14	13	757720	729
11	0	14	14	-161140	729
11	0	15	2	-31850	81
11	0	15	4	-2070250	27
11	0	15	5	142775930	243
11	0	15	6	-334000700	243
11	0	15	7	-208726100	243
11	0	15	8	735977000	243
11	0	15	9	-249481430	243
11	0	15	10	-104475910	243
11	0	15	11	69032930	729
11	0	15	12	-5361280	729
11	0	15	13	1259860	729
11	0	15	14	-140330	729
11	0	15	15	1580	81
11	0	16	3	414050	243
11	0	16	5	4554550	27
11	0	16	6	-26538050	27
11	0	16	7	142543940	81
11	0	16	8	206094790	243
11	0	16	9	-571573640	243
11	0	16	10	143909260	243
11	0	16	11	44045750	243
11	0	16	12	-21275030	729
11	0	16	13	1212680	729
11	0	16	14	-120470	729
11	0	16	15	3890	243
11	0	17	4	-414050	81
11	0	17	6	-22772750	81
11	0	17	7	102750890	81
11	0	17	8	-141969740	81
11	0	17	9	-52867210	81
11	0	17	10	113959120	81
11	0	17	11	-6963500	27
11	0	17	12	-40794350	729
11	0	17	13	4447090	729
11	0	17	14	-155260	729
11	0	17	15	350	81
11	0	18	5	910910	81
11	0	18	7	3253250	9
11	0	18	8	-103151950	81
11	0	18	9	109992520	81
11	0	18	10	10484650	27
11	0	18	11	-154655540	243
11	0	18	12	59789120	729
11	0	18	13	8713090	729
11	0	18	14	-560240	729
11	0	18	15	100	9
11	0	19	6	-4554550	243
11	0	19	8	-3253250	9
11	0	19	9	241648990	243
11	0	19	10	-197246060	243
11	0	19	11	-42629950	243
11	0	19	12	153647450	729
11	0	19	13	-13093720	729
11	0	19	14	-1152320	729
11	0	19	15	10580	243
11	0	20	7	650650	27
11	0	20	9	22772750	81
11	0	20	10	-145580710	243
11	0	20	11	29777900	81
11	0	20	12	42472000	729
11	0	20	13	-35161750	729
11	0	20	14	1763570	729
11	0	20	15	23740	243
11	0	21	8	-650650	27
11	0	21	10	-4554550	27
11	0	21	11	66448250	243
11	0	21	12	-29674060	243
11	0	21	13	-9789260	729
11	0	21	14	4971710	729
11	0	21	15	-36650	243
11	0	22	9	4554550	243
11	0	22	11	2070250	27
11	0	22	12	-22243210	243
11	0	22	13	2274920	81
11	0	22	14	1400320	729
11	0	22	15	-109130	243
11	0	23	10	-910910	81
11	0	23	12	-2070250	81
11	0	23	13	5155150	243
11	0	23	14	-971780	243
11	0	23	15	-31240	243
11	0	24	11	414050	81
11	0	24	13	159250	27
11	0	24	14	-739670	243
11	0	24	15	64580	243
11	0	25	12	-414050	243
11	0	25	14	-22750	27
11	0	25	15	16510	81
11	0	26	13	31850	81
11	0	26	15	4550	81
11	0	27	14	-4550	81
11	0	28	15	910	243
11	1	0	0	1210	81
11	1	1	0	2155	81
11	1	1	1	-16450	81
11	1	2	0	5240	27
11	1	2	1	-21335	81
11	1	2	2	101500	81
11	1	3	0	-27325	81
11	1	3	1	-229040	81
11	1	3	2	84610	81
11	1	3	3	-1135300	243
11	1	4	0	58640	81
11	1	4	1	113425	27
11	1	4	2	175220	9
11	1	4	3	-144910	81
11	1	4	4	2885990	243
11	1	5	0	222880	81
11	1	5	1	-900280	81
11	1	5	2	-635575	27
11	1	5	3	-20349820	243
11	1	5	4	-39760	81
11	1	5	5	-5404630	243
11	1	6	0	-88280	27
11	1	6	1	-1064000	27
11	1	6	2	6412130	81
11	1	6	3	18826925	243
11	1	6	4	60921440	243
11	1	6	5	687830	81
11	1	6	6	2665300	81
11	1	7	0	-18250	3
11	1	7	1	428600	9
11	1	7	2	7087675	27
11	1	7	3	-28097090	81
11	1	7	4	-39443350	243
11	1	7	5	-133910920	243
11	1	7	6	-153395	9
11	1	7	7	-3340700	81
11	1	8	0	-185350	81
11	1	8	1	830170	9
11	1	8	2	-26220160	81
11	1	8	3	-262186015	243
11	1	8	4	84680590	81
11	1	8	5	51594950	243
11	1	8	6	74115580	81
11	1	8	7	357335	27
11	1	8	8	3716350	81
11	1	9	0	125950	27
11	1	9	1	2717750	81
11	1	9	2	-1955050	3
11	1	9	3	330949280	243
11	1	9	4	743643845	243
11	1	9	5	-185863370	81
11	1	9	6	-10656800	81
11	1	9	7	-94259660	81
11	1	9	8	212465	27
11	1	9	9	-3636710	81
11	1	10	0	93500	27
11	1	10	1	-5637500	81
11	1	10	2	-2068250	9
11	1	10	3	76837000	27
11	1	10	4	-963624880	243
11	1	10	5	-1541830675	243
11	1	10	6	34083940	9
11	1	10	7	-7125800	81
11	1	10	8	92156680	81
11	1	10	9	-2597155	81
11	1	10	10	987580	27
11	1	11	0	29575	27
11	1	11	1	-1406900	27
11	1	11	2	1454090	3
11	1	11	3	237033050	243
11	1	11	4	-231942605	27
11	1	11	5	2056289840	243
11	1	11	6	89416250	9
11	1	11	7	-129134720	27
11	1	11	8	25266175	81
11	1	11	9	-68896960	81
11	1	11	10	3268100	81
11	1	11	11	-1882100	81
11	1	12	1	-147875	9
11	1	12	2	9880420	27
11	1	12	3	-169292530	81
11	1	12	4	-697434100	243
11	1	12	5	512667595	27
11	1	12	6	-1107033400	81
11	1	12	7	-969145100	81
11	1	12	8	125713060	27
11	1	12	9	-10459075	27
11	1	12	10	38795020	81
11	1	12	11	-2456860	81
11	1	12	12	2628850	243
11	1	13	0	2275	27
11	1	13	2	1035125	9
11	1	13	3	-42959900	27
11	1	13	4	168493930	27
11	1	13	5	1507035200	243
11	1	13	6	-285718565	9
11	1	13	7	1377509320	81
11	1	13	8	905168110	81
11	1	13	9	-282697580	81
11	1	13	10	24248675	81
11	1	13	11	-15994540	81
11	1	13	12	1203010	81
11	1	13	13	-835250	243
11	1	14	1	-11375	9
11	1	14	3	-13456625	27
11	1	14	4	129330140	27
11	1	14	5	-1107021740	81
11	1	14	6	-823652500	81
11	1	14	7	367955225	9
11	1	14	8	-1330895720	81
11	1	14	9	-655800530	81
11	1	14	10	161592970	81
11	1	14	11	-12667225	81
11	1	14	12	13785040	243
11	1	14	13	-378860	81
11	1	14	14	161140	243
11	1	15	2	79625	9
11	1	15	4	13456625	9
11	1	15	5	-285551860	27
11	1	15	6	1837003850	81
11	1	15	7	1043630500	81
11	1	15	8	-367988500	9
11	1	15	9	997925720	81
11	1	15	10	365665685	81
11	1	15	11	-69032930	81
11	1	15	12	13403200	243
11	1	15	13	-2519720	243
11	1	15	14	70165	81
11	1	15	15	-1580	27
11	1	16	3	-1035125	27
11	1	16	5	-29604575	9
11	1	16	6	53076100	3
11	1	16	7	-783991670	27
11	1	16	8	-1030473950	81
11	1	16	9	285786820	9
11	1	16	10	-575637040	81
11	1	16	11	-154160125	81
11	1	16	12	21275030	81
11	1	16	13	-3031700	243
11	1	16	14	240940	243
11	1	16	15	-1945	27
11	1	17	4	1035125	9
11	1	17	6	148022875	27
11	1	17	7	-205501780	9
11	1	17	8	780833570	27
11	1	17	9	264336050	27
11	1	17	10	-56979560	3
11	1	17	11	27854000	9
11	1	17	12	142780225	243
11	1	17	13	-4447090	81
11	1	17	14	388150	243
11	1	17	15	-700	27
11	1	18	5	-2277275	9
11	1	18	7	-21146125	3
11	1	18	8	206303900	9
11	1	18	9	-604958860	27
11	1	18	10	-52423250	9
11	1	18	11	77327770	9
11	1	18	12	-239156480	243
11	1	18	13	-30495815	243
11	1	18	14	560240	81
11	1	18	15	-250	3
11	1	19	6	11386375	27
11	1	19	8	21146125	3
11	1	19	9	-483297980	27
11	1	19	10	1084853330	81
11	1	19	11	213149750	81
11	1	19	12	-76823725	27
11	1	19	13	52374880	243
11	1	19	14	4033120	243
11	1	19	15	-10580	27
11	1	20	7	-1626625	3
11	1	20	9	-148022875	27
11	1	20	10	291161420	27
11	1	20	11	-163778450	27
11	1	20	12	-212360000	243
11	1	20	13	17580875	27
11	1	20	14	-7054280	243
11	1	20	15	-83090	81
11	1	21	8	1626625	3
11	1	21	10	29604575	9
11	1	21	11	-132896500	27
11	1	21	12	163207330	81
11	1	21	13	48946300	243
11	1	21	14	-2485855	27
11	1	21	15	146600	81
11	1	22	9	-11386375	27
11	1	22	11	-13456625	9
11	1	22	12	44486420	27
11	1	22	13	-12512060	27
11	1	22	14	-7001600	243
11	1	22	15	54565	9
11	1	23	10	2277275	9
11	1	23	12	13456625	27
11	1	23	13	-10310300	27
11	1	23	14	5344790	81
11	1	23	15	156200	81
11	1	24	11	-1035125	9
11	1	24	13	-1035125	9
11	1	24	14	1479340	27
11	1	24	15	-355190	81
11	1	25	12	1035125	27
11	1	25	14	147875	9
11	1	25	15	-33020	9
11	1	26	13	-79625	9
11	1	26	15	-29575	27
11	1	27	14	11375	9
11	1	28	15	-2275	27
11	2	0	0	-1210	81
11	2	1	0	-2155	81
11	2	1	1	16450	81
11	2	2	0	-13100	27
11	2	2	1	21335	81
11	2	2	2	-101500	81
11	2	3	0	76510	81
11	2	3	1	572600	81
11	2	3	2	-84610	81
11	2	3	3	1135300	243
11	2	4	0	-250925	81
11	2	4	1	-317590	27
11	2	4	2	-438050	9
11	2	4	3	144910	81
11	2	4	4	-2885990	243
11	2	5	0	-987040	81
11	2	5	1	3802285	81
11	2	5	2	1779610	27
11	2	5	3	50874550	243
11	2	5	4	39760	81
11	2	5	5	5404630	243
11	2	6	0	514280	27
11	2	6	1	4712000	27
11	2	6	2	-26756810	81
11	2	6	3	-52715390	243
11	2	6	4	-152303600	243
11	2	6	5	-687830	81
11	2	6	6	-2665300	81
11	2	7	0	334180	9
11	2	7	1	-832340	3
11	2	7	2	-31388275	27
11	2	7	3	115963280	81
11	2	7	4	110441380	243
11	2	7	5	334777300	243
11	2	7	6	153395	9
11	2	7	7	3340700	81
11	2	8	0	1045675	81
11	2	8	1	-5056580	9
11	2	8	2	152724970	81
11	2	8	3	1161109495	243
11	2	8	4	-346055890	81
11	2	8	5	-144465860	243
11	2	8	6	-185288950	81
11	2	8	7	-357335	27
11	2	8	8	-3716350	81
11	2	9	0	-966850	27
11	2	9	1	-15347975	81
11	2	9	2	35653280	9
11	2	9	3	-1926718670	243
11	2	9	4	-3293279885	243
11	2	9	5	752926460	81
11	2	9	6	29839040	81
11	2	9	7	235649150	81
11	2	9	8	-212465	27
11	2	9	9	3636710	81
11	2	10	0	-773600	27
11	2	10	1	43289900	81
11	2	10	2	11697100	9
11	2	10	3	-466183720	27
11	2	10	4	5605708420	243
11	2	10	5	6828107275	243
11	2	10	6	-45677335	3
11	2	10	7	19952240	81
11	2	10	8	-230391700	81
11	2	10	9	2597155	81
11	2	10	10	-987580	27
11	2	11	0	-241150	27
11	2	11	1	11628200	27
11	2	11	2	-33506560	9
11	2	11	3	-1343166560	243
11	2	11	4	1404651350	27
11	2	11	5	-11949870680	243
11	2	11	6	-395986250	9
11	2	11	7	515918315	27
11	2	11	8	-70745290	81
11	2	11	9	172242400	81
11	2	11	10	-3268100	81
11	2	11	11	1882100	81
11	2	12	1	1205750	9
11	2	12	2	-81574060	27
11	2	12	3	1300622980	81
11	2	12	4	3961838020	243
11	2	12	5	-3099271450	27
11	2	12	6	6425322310	81
11	2	12	7	4291928300	81
11	2	12	8	-499790995	27
11	2	12	9	29285410	27
11	2	12	10	-96987550	81
11	2	12	11	2456860	81
11	2	12	12	-2628850	243
11	2	13	0	-15925	27
11	2	13	2	-8440250	9
11	2	13	3	354283700	27
11	2	13	4	-143857220	3
11	2	13	5	-8586748610	243
11	2	13	6	1724376610	9
11	2	13	7	-7983475390	81
11	2	13	8	-4008601630	81
11	2	13	9	1120165805	81
11	2	13	10	-67896290	81
11	2	13	11	39986350	81
11	2	13	12	-1203010	81
11	2	13	13	835250	243
11	2	14	1	79625	9
11	2	14	3	109723250	27
11	2	14	4	-1065328520	27
11	2	14	5	8507524850	81
11	2	14	6	4709883475	81
11	2	14	7	-2217138110	9
11	2	14	8	7700559680	81
11	2	14	9	2904259490	81
11	2	14	10	-639342220	81
11	2	14	11	35468230	81
11	2	14	12	-34462600	243
11	2	14	13	378860	81
11	2	14	14	-161140	243
11	2	15	2	-557375	9
11	2	15	4	-109723250	9
11	2	15	5	2349363280	27
11	2	15	6	-14118745850	81
11	2	15	7	-5992789825	81
11	2	15	8	2213964280	9
11	2	15	9	-5763482780	81
11	2	15	10	-1619376605	81
11	2	15	11	273334010	81
11	2	15	12	-37528960	243
11	2	15	13	6299300	243
11	2	15	14	-70165	81
11	2	15	15	1580	27
11	2	16	3	7245875	27
11	2	16	5	241391150	9
11	2	16	6	-1308437900	9
11	2	16	7	6025862810	27
11	2	16	8	5945566715	81
11	2	16	9	-1716928400	9
11	2	16	10	3318044950	81
11	2	16	11	682709125	81
11	2	16	12	-84544760	81
11	2	16	13	8488760	243
11	2	16	14	-602350	243
11	2	16	15	1945	27
11	2	17	4	-7245875	9
11	2	17	6	-1206955750	27
11	2	17	7	1686565540	9
11	2	17	8	-6001664570	27
11	2	17	9	-1533354185	27
11	2	17	10	1025557060	9
11	2	17	11	-17802230	1
11	2	17	12	-632312425	243
11	2	17	13	17806330	81
11	2	17	14	-1086820	243
11	2	17	15	1750	27
11	2	18	5	15940925	9
11	2	18	7	172422250	3
11	2	18	8	-1690977200	9
11	2	18	9	4649745760	27
11	2	18	10	305906810	9
11	2	18	11	-51482420	1
11	2	18	12	1372674260	243
11	2	18	13	135052895	243
11	2	18	14	-2273165	81
11	2	18	15	700	3
11	2	19	6	-79704625	27
11	2	19	8	-172422250	3
11	2	19	9	3956185640	27
11	2	19	10	-8337774500	81
11	2	19	11	-1251892250	81
11	2	19	12	459775990	27
11	2	19	13	-299941120	243
11	2	19	14	-17860960	243
11	2	19	15	43895	27
11	2	20	7	11386375	3
11	2	20	9	1206955750	27
11	2	20	10	-2380215860	27
11	2	20	11	1258630400	27
11	2	20	12	1256010650	243
11	2	20	13	-105103370	27
11	2	20	14	40306670	243
11	2	20	15	367970	81
11	2	21	8	-11386375	3
11	2	21	10	-241391150	9
11	2	21	11	1084943500	27
11	2	21	12	-1254096640	81
11	2	21	13	-291661960	243
11	2	21	14	14846350	27
11	2	21	15	-835730	81
11	2	22	9	79704625	27
11	2	22	11	109723250	9
11	2	22	12	-362679560	27
11	2	22	13	96129910	27
11	2	22	14	42050645	243
11	2	22	15	-108530	3
11	2	23	10	-15940925	9
11	2	23	12	-109723250	27
11	2	23	13	83938400	27
11	2	23	14	-41057090	81
11	2	23	15	-945845	81
11	2	24	11	7245875	9
11	2	24	13	8440250	9
11	2	24	14	-12026620	27
11	2	24	15	2727950	81
11	2	25	12	-7245875	27
11	2	25	14	-1205750	9
11	2	25	15	268060	9
11	2	26	13	557375	9
11	2	26	15	241150	27
11	2	27	14	-79625	9
11	2	28	15	15925	27
11	3	2	0	5240	9
11	3	3	0	-10930	9
11	3	3	1	-229040	27
11	3	4	0	69550	9
11	3	4	1	45370	3
11	3	4	2	175220	3
11	3	5	0	796000	27
11	3	5	1	-1034390	9
11	3	5	2	-254230	3
11	3	5	3	-20349820	81
11	3	6	0	-205300	3
11	3	6	1	-3800000	9
11	3	6	2	7150990	9
11	3	6	3	7530770	27
11	3	6	4	60921440	81
11	3	7	0	-403130	3
11	3	7	1	996920	1
11	3	7	2	25313125	9
11	3	7	3	-30480370	9
11	3	7	4	-15777340	27
11	3	7	5	-133910920	81
11	3	8	0	-846400	27
11	3	8	1	6075650	3
11	3	8	2	-60954410	9
11	3	8	3	-936378625	81
11	3	8	4	89569610	9
11	3	8	5	20637980	27
11	3	8	6	74115580	27
11	3	9	0	168550	1
11	3	9	1	12472400	27
11	3	9	2	-42674380	3
11	3	9	3	768396190	27
11	3	9	4	2655870875	81
11	3	9	5	-192178690	9
11	3	9	6	-4262720	9
11	3	9	7	-94259660	27
11	3	10	0	432250	3
11	3	10	1	-7551200	3
11	3	10	2	-9559900	3
11	3	10	3	185308340	3
11	3	10	4	-2233021340	27
11	3	10	5	-5506538125	81
11	3	10	6	103644310	3
11	3	10	7	-2850320	9
11	3	10	8	92156680	27
11	3	11	0	350350	9
11	3	11	1	-2161250	1
11	3	11	2	17542815	1
11	3	11	3	1106071340	81
11	3	11	4	-185453695	1
11	3	11	5	4752856240	27
11	3	11	6	319343750	3
11	3	11	7	-128721010	3
11	3	11	8	10106470	9
11	3	11	9	-68896960	27
11	3	12	1	-1751750	3
11	3	12	2	15128750	1
11	3	12	3	-227080165	3
11	3	12	4	-3293538280	81
11	3	12	5	407789305	1
11	3	12	6	-2550705410	9
11	3	12	7	-3461232500	27
11	3	12	8	123672230	3
11	3	12	9	-4183630	3
11	3	12	10	38795020	27
11	3	13	2	12262250	3
11	3	13	3	-196673750	3
11	3	13	4	226122665	1
11	3	13	5	7220360840	81
11	3	13	6	-2035258225	3
11	3	13	7	3162192770	9
11	3	13	8	3232743250	27
11	3	13	9	-275614570	9
11	3	13	10	9699470	9
11	3	13	11	-15994540	27
11	3	14	3	-159409250	9
11	3	14	4	196673750	1
11	3	14	5	-1486208075	3
11	3	14	6	-4013788900	27
11	3	14	7	869536745	1
11	3	14	8	-3042424660	9
11	3	14	9	-2342144750	27
11	3	14	10	156906530	9
11	3	14	11	-5066890	9
11	3	14	12	13785040	81
11	3	15	4	159409250	3
11	3	15	5	-432682250	1
11	3	15	6	2466863300	3
11	3	15	7	5185810300	27
11	3	15	8	-865678660	1
11	3	15	9	2270742760	9
11	3	15	10	1305948875	27
11	3	15	11	-67167790	9
11	3	15	12	5361280	27
11	3	15	13	-2519720	81
11	3	16	5	-350700350	3
11	3	16	6	2163411250	3
11	3	16	7	-1052952230	1
11	3	16	8	-5233735760	27
11	3	16	9	2008233920	3
11	3	16	10	-1303315310	9
11	3	16	11	-550571875	27
11	3	16	12	20904790	9
11	3	16	13	-1212680	27
11	3	16	14	240940	81
11	3	17	6	1753501750	9
11	3	17	7	-927176250	1
11	3	17	8	1048748360	1
11	3	17	9	1375367840	9
11	3	17	10	-1196308190	3
11	3	17	11	62731070	1
11	3	17	12	509929375	81
11	3	17	13	-4459070	9
11	3	17	14	155260	27
11	3	17	15	-700	9
11	3	18	7	-250500250	1
11	3	18	8	927176250	1
11	3	18	9	-812475730	1
11	3	18	10	-280008740	3
11	3	18	11	539107450	3
11	3	18	12	-535626580	27
11	3	18	13	-108913625	81
11	3	18	14	581710	9
11	3	18	15	-300	1
11	3	19	8	250500250	1
11	3	19	9	-2163411250	3
11	3	19	10	1456753925	3
11	3	19	11	1170873500	27
11	3	19	12	-177894605	3
11	3	19	13	116629040	27
11	3	19	14	14404000	81
11	3	19	15	-11630	3
11	3	20	9	-1753501750	9
11	3	20	10	432682250	1
11	3	20	11	-219869075	1
11	3	20	12	-1201562600	81
11	3	20	13	13525505	1
11	3	20	14	-15616690	27
11	3	20	15	-296750	27
11	3	21	10	350700350	3
11	3	21	11	-196673750	1
11	3	21	12	219029995	3
11	3	21	13	285614440	81
11	3	21	14	-1906695	1
11	3	21	15	322630	9
11	3	22	11	-159409250	3
11	3	22	12	196673750	3
11	3	22	13	-16784805	1
11	3	22	14	-42173780	81
11	3	22	15	375655	3
11	3	23	12	159409250	9
11	3	23	13	-15128750	1
11	3	23	14	7166570	3
11	3	23	15	971780	27
11	3	24	13	-12262250	3
11	3	24	14	2161250	1
11	3	24	15	-476000	3
11	3	25	14	1751750	3
11	3	25	15	-432250	3
11	3	26	15	-350350	9
11	4	2	0	-2620	9
11	4	3	0	5465	9
11	4	3	1	114520	27
11	4	4	0	-101825	9
11	4	4	1	-22685	3
11	4	4	2	-87610	3
11	4	5	0	-1114400	27
11	4	5	1	1490945	9
11	4	5	2	127115	3
11	4	5	3	10174910	81
11	4	6	0	1451290	9
11	4	6	1	5320000	9
11	4	6	2	-10150370	9
11	4	6	3	-3765385	27
11	4	6	4	-30460720	81
11	4	7	0	2826010	9
11	4	7	1	-21144430	9
11	4	7	2	-35438375	9
11	4	7	3	42626560	9
11	4	7	4	7888670	27
11	4	7	5	66955460	81
11	4	8	0	3950	27
11	4	8	1	-42380410	9
11	4	8	2	143600020	9
11	4	8	3	1310930075	81
11	4	8	4	-123500330	9
11	4	8	5	-10318990	27
11	4	8	6	-37057790	27
11	4	9	0	-4831300	9
11	4	9	1	-387550	27
11	4	9	2	296237960	9
11	4	9	3	-602952940	9
11	4	9	4	-3718219225	81
11	4	9	5	261501020	9
11	4	9	6	2131360	9
11	4	9	7	47129830	27
11	4	10	0	-4371800	9
11	4	10	1	72204400	9
11	4	10	2	1976150	9
11	4	10	3	-1280345180	9
11	4	10	4	1750180940	9
11	4	10	5	7709153375	81
11	4	10	6	-418058465	9
11	4	10	7	1425160	9
11	4	10	8	-46078340	27
11	4	11	0	-807625	9
11	4	11	1	21798500	3
11	4	11	2	-503557390	9
11	4	11	3	-131242930	81
11	4	11	4	3826537325	9
11	4	11	5	-1239783820	3
11	4	11	6	-447081250	3
11	4	11	7	171283255	3
11	4	11	8	-5053235	9
11	4	11	9	34448480	27
11	4	12	1	4038125	3
11	4	12	2	-50715950	1
11	4	12	3	6521674090	27
11	4	12	4	594641060	81
11	4	12	5	-8376902875	9
11	4	12	6	5976637810	9
11	4	12	7	4845725500	27
11	4	12	8	-163195615	3
11	4	12	9	2091815	3
11	4	12	10	-19397510	27
11	4	13	0	207025	9
11	4	13	2	-28266875	3
11	4	13	3	1971951250	9
11	4	13	4	-19490693270	27
11	4	13	5	-1837401280	81
11	4	13	6	13876674845	9
11	4	13	7	-821403110	1
11	4	13	8	-4525840550	27
11	4	13	9	361583585	9
11	4	13	10	-4849735	9
11	4	13	11	7997270	27
11	4	14	1	-1035125	3
11	4	14	3	367469375	9
11	4	14	4	-1965757700	3
11	4	14	5	42714745150	27
11	4	14	6	1364663300	27
11	4	14	7	-1968055155	1
11	4	14	8	2364751510	3
11	4	14	9	3279002650	27
11	4	14	10	-205303340	9
11	4	14	11	2533445	9
11	4	14	12	-6892520	81
11	4	15	2	7245875	3
11	4	15	4	-367469375	3
11	4	15	5	1436855200	1
11	4	15	6	-23638225600	9
11	4	15	7	-2262646100	27
11	4	15	8	1951548940	1
11	4	15	9	-5279662630	9
11	4	15	10	-1828328425	27
11	4	15	11	88002770	9
11	4	15	12	-2680640	27
11	4	15	13	1259860	81
11	4	16	3	-94196375	9
11	4	16	5	808432625	3
11	4	16	6	-21480016250	9
11	4	16	7	30272721380	9
11	4	16	8	2838391270	27
11	4	16	9	-13530213400	9
11	4	16	10	3020835400	9
11	4	16	11	770800625	27
11	4	16	12	-27564520	9
11	4	16	13	606340	27
11	4	16	14	-120470	81
11	4	17	4	94196375	3
11	4	17	6	-4042163125	9
11	4	17	7	3057853150	1
11	4	17	8	-30152759560	9
11	4	17	9	-301039310	3
11	4	17	10	8030779570	9
11	4	17	11	-1304199880	9
11	4	17	12	-713901125	81
11	4	17	13	5955410	9
11	4	17	14	-77630	27
11	4	17	15	350	9
11	4	18	5	-207232025	3
11	4	18	7	577451875	1
11	4	18	8	-3046824000	1
11	4	18	9	23358376580	9
11	4	18	10	72582510	1
11	4	18	11	-3606599810	9
11	4	18	12	410977720	9
11	4	18	13	152479075	81
11	4	18	14	-793505	9
11	4	18	15	150	1
11	4	19	6	1036160125	9
11	4	19	8	-577451875	1
11	4	19	9	21248476700	9
11	4	19	10	-4652841050	3
11	4	19	11	-1058014750	27
11	4	19	12	1186270685	9
11	4	19	13	-89156840	9
11	4	19	14	-20165600	81
11	4	19	15	49145	9
11	4	20	7	-148022875	1
11	4	20	9	4042163125	9
11	4	20	10	-4233434150	3
11	4	20	11	6319008950	9
11	4	20	12	1240907200	81
11	4	20	13	-269769155	9
11	4	20	14	1321410	1
11	4	20	15	415450	27
11	4	21	8	148022875	1
11	4	21	10	-808432625	3
11	4	21	11	638906750	1
11	4	21	12	-6293162470	27
11	4	21	13	-332250380	81
11	4	21	14	37924825	9
11	4	21	15	-734230	9
11	4	22	9	-1036160125	9
11	4	22	11	367469375	3
11	4	22	12	-1908982300	9
11	4	22	13	1446291590	27
11	4	22	14	54554560	81
11	4	22	15	-2484455	9
11	4	23	10	207232025	3
11	4	23	12	-367469375	9
11	4	23	13	146237000	3
11	4	23	14	-205758220	27
11	4	23	15	-1381960	27
11	4	24	11	-94196375	3
11	4	24	13	28266875	3
11	4	24	14	-6934150	1
11	4	24	15	1517800	3
11	4	25	12	94196375	9
11	4	25	14	-4038125	3
11	4	25	15	4142450	9
11	4	26	13	-7245875	3
11	4	26	15	807625	9
11	4	27	14	1035125	3
11	4	28	15	-207025	9
11	5	4	0	8940	1
11	5	5	0	31840	1
11	5	5	1	-389500	3
11	5	6	0	-750020	3
11	5	6	1	-456000	1
11	5	6	2	876650	1
11	5	7	0	-1443850	3
11	5	7	1	10928360	3
11	5	7	2	3037575	1
11	5	7	3	-10954550	3
11	5	8	0	207680	1
11	5	8	1	21549610	3
11	5	8	2	-24732850	1
11	5	8	3	-37455145	3
11	5	8	4	31486210	3
11	5	9	0	3607100	3
11	5	9	1	-3007400	1
11	5	9	2	-149925800	3
11	5	9	3	934059170	9
11	5	9	4	106234835	3
11	5	9	5	-22054890	1
11	5	10	0	3402200	3
11	5	10	1	-53952500	3
11	5	10	2	20222950	1
11	5	10	3	645002300	3
11	5	10	4	-2708666020	9
11	5	10	5	-220261525	3
11	5	10	6	105036800	3
11	5	11	0	47775	1
11	5	11	1	-16914200	1
11	5	11	2	376525205	3
11	5	11	3	-251130110	3
11	5	11	4	-1919013605	3
11	5	11	5	5748842000	9
11	5	11	6	114963750	1
11	5	11	7	-42769100	1
11	5	12	1	-716625	1
11	5	12	2	117692760	1
11	5	12	3	-4879187915	9
11	5	12	4	715024420	3
11	5	12	5	4182498595	3
11	5	12	6	-1024788490	1
11	5	12	7	-138449300	1
11	5	12	8	40543800	1
11	5	13	0	-455455	3
11	5	13	2	5016375	1
11	5	13	3	-1520452600	3
11	5	13	4	14588411845	9
11	5	13	5	-1481739380	3
11	5	13	6	-6898646645	3
11	5	13	7	3795574750	3
11	5	13	8	129309730	1
11	5	13	9	-29836840	1
11	5	14	1	2277275	1
11	5	14	3	-21737625	1
11	5	14	4	1510542920	1
11	5	14	5	-31981760195	9
11	5	14	6	768525450	1
11	5	14	7	2922896625	1
11	5	14	8	-3634520780	3
11	5	14	9	-93685790	1
11	5	14	10	50740030	3
11	5	15	2	-15940925	1
11	5	15	4	65212875	1
11	5	15	5	-3300632280	1
11	5	15	6	17702611850	3
11	5	15	7	-912648550	1
11	5	15	8	-2886605700	1
11	5	15	9	2698351480	3
11	5	15	10	52237955	1
11	5	15	11	-7255850	1
11	5	16	3	207232025	3
11	5	16	5	-143468325	1
11	5	16	6	16386662600	3
11	5	16	7	-22674019060	3
11	5	16	8	831904040	1
11	5	16	9	6644839960	3
11	5	16	10	-513274630	1
11	5	16	11	-22022875	1
11	5	16	12	6844850	3
11	5	17	4	-207232025	1
11	5	17	6	239113875	1
11	5	17	7	-6971396520	1
11	5	17	8	22584880010	3
11	5	17	9	-580035280	1
11	5	17	10	-3929151490	3
11	5	17	11	662902610	3
11	5	17	12	20397175	3
11	5	17	13	-1490350	3
11	5	18	5	455910455	1
11	5	18	7	-307432125	1
11	5	18	8	6918456600	1
11	5	18	9	-17494784230	3
11	5	18	10	305250330	1
11	5	18	11	1758231410	3
11	5	18	12	-624781100	9
11	5	18	13	-4356545	3
11	5	18	14	67020	1
11	5	19	6	-2279552275	3
11	5	19	8	307432125	1
11	5	19	9	-16016199320	3
11	5	19	10	3484362035	1
11	5	19	11	-118118550	1
11	5	19	12	-576346325	3
11	5	19	13	135107920	9
11	5	19	14	576160	3
11	5	19	15	-12680	3
11	5	20	7	976950975	1
11	5	20	9	-239113875	1
11	5	20	10	3177221960	1
11	5	20	11	-4731070225	3
11	5	20	12	96275300	3
11	5	20	13	130649675	3
11	5	20	14	-17962670	9
11	5	20	15	-11870	1
11	5	21	8	-976950975	1
11	5	21	10	143468325	1
11	5	21	11	-1432083000	1
11	5	21	12	4710351065	9
11	5	21	13	-16892260	3
11	5	21	14	-18313105	3
11	5	21	15	368410	3
11	5	22	9	2279552275	3
11	5	22	11	-65212875	1
11	5	22	12	1419702280	3
11	5	22	13	-1082143615	9
11	5	22	14	1611170	3
11	5	22	15	1196495	3
11	5	23	10	-455910455	1
11	5	23	12	21737625	1
11	5	23	13	-108235400	1
11	5	23	14	153887720	9
11	5	23	15	-17050	1
11	5	24	11	207232025	1
11	5	24	13	-5016375	1
11	5	24	14	15320520	1
11	5	24	15	-1134630	1
11	5	25	12	-207232025	3
11	5	25	14	716625	1
11	5	25	15	-3035240	3
11	5	26	13	15940925	1
11	5	26	15	-47775	1
11	5	27	14	-2277275	1
11	5	28	15	455455	3
11	6	4	0	-2980	1
11	6	5	0	-31840	3
11	6	5	1	389500	9
11	6	6	0	2213440	9
11	6	6	1	152000	1
11	6	6	2	-876650	3
11	6	7	0	4220470	9
11	6	7	1	-32253580	9
11	6	7	2	-1012525	1
11	6	7	3	10954550	9
11	6	8	0	-5479150	9
11	6	8	1	-62763790	9
11	6	8	2	72981890	3
11	6	8	3	37455145	9
11	6	8	4	-31486210	9
11	6	9	0	-17170300	9
11	6	9	1	26557850	3
11	6	9	2	435102020	9
11	6	9	3	-2755033570	27
11	6	9	4	-106234835	9
11	6	9	5	7351630	1
11	6	10	0	-16403450	9
11	6	10	1	257015500	9
11	6	10	2	-539078950	9
11	6	10	3	-1865248460	9
11	6	10	4	7983931820	27
11	6	10	5	220261525	9
11	6	10	6	-105036800	9
11	6	11	0	3230500	9
11	6	11	1	81339650	3
11	6	11	2	-1794803815	9
11	6	11	3	2250648610	9
11	6	11	4	5530090235	9
11	6	11	5	-16929799480	27
11	6	11	6	-38321250	1
11	6	11	7	42769100	3
11	6	12	1	-16152500	3
11	6	12	2	-188143690	1
11	6	12	3	23269956745	27
11	6	12	4	-6481761620	9
11	6	12	5	-12011289565	9
11	6	12	6	3014540870	3
11	6	12	7	138449300	3
11	6	12	8	-13514600	1
11	6	13	0	4554550	9
11	6	13	2	113067500	3
11	6	13	3	7270730950	9
11	6	13	4	-69603922535	27
11	6	13	5	13633813160	9
11	6	13	6	19744304855	9
11	6	13	7	-11150385290	9
11	6	13	8	-129309730	3
11	6	13	9	29836840	3
11	6	14	1	-22772750	3
11	6	14	3	-1469877500	9
11	6	14	4	-7201363190	3
11	6	14	5	152637362185	27
11	6	14	6	-21625788800	9
11	6	14	7	-2779219685	1
11	6	14	8	10661040280	9
11	6	14	9	93685790	3
11	6	14	10	-50740030	9
11	6	15	2	159409250	3
11	6	15	4	1469877500	3
11	6	15	5	5228354670	1
11	6	15	6	-84505740550	9
11	6	15	7	8774460200	3
11	6	15	8	2735792180	1
11	6	15	9	-7901526380	9
11	6	15	10	-52237955	3
11	6	15	11	7255850	3
11	6	16	3	-2072320250	9
11	6	16	5	-3233730500	3
11	6	16	6	-77609828450	9
11	6	16	7	108249952580	9
11	6	16	8	-2752267430	1
11	6	16	9	-18833314720	9
11	6	16	10	1500195950	3
11	6	16	11	22022875	3
11	6	16	12	-6844850	9
11	6	17	4	2072320250	3
11	6	17	6	16168652500	9
11	6	17	7	10967047630	1
11	6	17	8	-107827519030	9
11	6	17	9	18001192990	9
11	6	17	10	11102274370	9
11	6	17	11	-1933595530	9
11	6	17	12	-20397175	9
11	6	17	13	1490350	9
11	6	18	5	-4559104550	3
11	6	18	7	-2309807500	1
11	6	18	8	-10843521150	1
11	6	18	9	83521358690	9
11	6	18	10	-3335745490	3
11	6	18	11	-4953511190	9
11	6	18	12	1818446860	27
11	6	18	13	4356545	9
11	6	18	14	-22340	1
11	6	19	6	22795522750	9
11	6	19	8	2309807500	1
11	6	19	9	75016585490	9
11	6	19	10	-16632443905	3
11	6	19	11	4172049250	9
11	6	19	12	1619220395	9
11	6	19	13	-392335520	27
11	6	19	14	-576160	9
11	6	19	15	12680	9
11	6	20	7	-3256503250	1
11	6	20	9	-16168652500	9
11	6	20	10	-14821191770	3
11	6	20	11	22579007675	9
11	6	20	12	-1259691400	9
11	6	20	13	-366089285	9
11	6	20	14	52036570	27
11	6	20	15	11870	3
11	6	21	8	3256503250	1
11	6	21	10	3233730500	3
11	6	21	11	2217381250	1
11	6	21	12	-22474099795	27
11	6	21	13	259197260	9
11	6	21	14	51189235	9
11	6	21	15	-1064630	9
11	6	22	9	-22795522750	9
11	6	22	11	-1469877500	3
11	6	22	12	-6565478710	9
11	6	22	13	5161434845	27
11	6	22	14	-32343620	9
11	6	22	15	-3337025	9
11	6	23	10	4559104550	3
11	6	23	12	1469877500	9
11	6	23	13	498229550	3
11	6	23	14	-733704160	27
11	6	23	15	1831460	9
11	6	24	11	-2072320250	3
11	6	24	13	-113067500	3
11	6	24	14	-23394630	1
11	6	24	15	1802430	1
11	6	25	12	2072320250	9
11	6	25	14	16152500	3
11	6	25	15	13834730	9
11	6	26	13	-159409250	3
11	6	26	15	-3230500	9
11	6	27	14	22772750	3
11	6	28	15	-4554550	9
11	7	6	0	-418120	3
11	7	7	0	-264440	1
11	7	7	1	6092920	3
11	7	8	0	2734400	3
11	7	8	1	3925160	1
11	7	8	2	-13785440	1
11	7	9	0	6324100	3
11	7	9	1	-13270800	1
11	7	9	2	-27159640	1
11	7	9	3	520278400	9
11	7	10	0	1928000	1
11	7	10	1	-94721800	3
11	7	10	2	269884100	3
11	7	10	3	116213920	1
11	7	10	4	-1507218800	9
11	7	11	0	-3812900	3
11	7	11	1	-28629600	1
11	7	11	2	661810480	3
11	7	11	3	-1129690780	3
11	7	11	4	-343912060	1
11	7	11	5	3194559280	9
11	7	12	1	19064500	1
11	7	12	2	198287280	1
11	7	12	3	-8584142680	9
11	7	12	4	3264586760	3
11	7	12	5	745599140	1
11	7	12	6	-568500680	1
11	7	13	0	-975975	1
11	7	13	2	-133451500	1
11	7	13	3	-849691600	1
11	7	13	4	25685068040	9
11	7	13	5	-2298968760	1
11	7	13	6	-1223396020	1
11	7	13	7	2101374440	3
11	7	14	1	14639625	1
11	7	14	3	1734869500	3
11	7	14	4	2519345760	1
11	7	14	5	-56339974900	9
11	7	14	6	11000383900	3
11	7	14	7	1547074980	1
11	7	14	8	-2007577000	3
11	7	15	2	-102477375	1
11	7	15	4	-1734869500	1
11	7	15	5	-5474874240	1
11	7	15	6	31197228700	3
11	7	15	7	-4494205100	1
11	7	15	8	-1520220240	1
11	7	15	9	1486621400	3
11	7	16	3	444068625	1
11	7	16	5	3816712900	1
11	7	16	6	9008291600	1
11	7	16	7	-39966740660	3
11	7	16	8	4265499920	1
11	7	16	9	1160807120	1
11	7	16	10	-281977520	1
11	7	17	4	-1332205875	1
11	7	17	6	-19083564500	3
11	7	17	7	-11427712560	1
11	7	17	8	39811721620	3
11	7	17	9	-9399151520	3
11	7	17	10	-683154560	1
11	7	17	11	363055120	3
11	7	18	5	2930852925	1
11	7	18	7	8178670500	1
11	7	18	8	11268892800	1
11	7	18	9	-30836152160	3
11	7	18	10	1765027220	1
11	7	18	11	304312360	1
11	7	18	12	-341047360	9
11	7	19	6	-4884754875	1
11	7	19	8	-8178670500	1
11	7	19	9	-8637828320	1
11	7	19	10	6140061400	1
11	7	19	11	-2244678500	3
11	7	19	12	-99321340	1
11	7	19	13	73493600	9
11	7	20	7	6280399125	1
11	7	20	9	19083564500	3
11	7	20	10	5104643280	1
11	7	20	11	-8333932400	3
11	7	20	12	692264200	3
11	7	20	13	22422820	1
11	7	20	14	-9735400	9
11	7	21	8	-6280399125	1
11	7	21	10	-3816712900	1
11	7	21	11	-2283966000	1
11	7	21	12	8293389040	9
11	7	21	13	-146393480	3
11	7	21	14	-3131060	1
11	7	21	15	198920	3
11	7	22	9	4884754875	1
11	7	22	11	1734869500	1
11	7	22	12	748941280	1
11	7	22	13	-1904156180	9
11	7	22	14	6313420	1
11	7	22	15	203860	1
11	7	23	10	-2930852925	1
11	7	23	12	-1734869500	3
11	7	23	13	-169915200	1
11	7	23	14	270591940	9
11	7	23	15	-1126780	3
11	7	24	11	1332205875	1
11	7	24	13	133451500	1
11	7	24	14	23848560	1
11	7	24	15	-1993500	1
11	7	25	12	-444068625	1
11	7	25	14	-19064500	1
11	7	25	15	-1561040	1
11	7	26	13	102477375	1
11	7	26	15	3812900	3
11	7	27	14	-14639625	1
11	7	28	15	975975	1
11	8	6	0	104530	3
11	8	7	0	66110	1
11	8	7	1	-1523230	3
11	8	8	0	-2367275	3
11	8	8	1	-981290	1
11	8	8	2	3446360	1
11	8	9	0	-4642150	3
11	8	9	1	11495325	1
11	8	9	2	6789910	1
11	8	9	3	-130069600	9
11	8	10	0	-1177700	1
11	8	10	1	69560200	3
11	8	10	2	-233965400	3
11	8	10	3	-29053480	1
11	8	10	4	376804700	9
11	8	11	0	6686225	3
11	8	11	1	17484000	1
11	8	11	2	-486187645	3
11	8	11	3	980422420	3
11	8	11	4	85978015	1
11	8	11	5	-798639820	9
11	8	12	1	-33431125	1
11	8	12	2	-121063050	1
11	8	12	3	6308082295	9
11	8	12	4	-2837331140	3
11	8	12	5	-186399785	1
11	8	12	6	142125170	1
11	8	13	0	975975	1
11	8	13	2	234017875	1
11	8	13	3	518635750	1
11	8	13	4	-18879205385	9
11	8	13	5	2001777690	1
11	8	13	6	305849005	1
11	8	13	7	-525343610	3
11	8	14	1	-14639625	1
11	8	14	3	-3042232375	3
11	8	14	4	-1537326600	1
11	8	14	5	41418675925	9
11	8	14	6	-9600499975	3
11	8	14	7	-386768745	1
11	8	14	8	501894250	3
11	8	15	2	102477375	1
11	8	15	4	3042232375	1
11	8	15	5	3339814500	1
11	8	15	6	-22937582800	3
11	8	15	7	3933517775	1
11	8	15	8	380055060	1
11	8	15	9	-371655350	3
11	8	16	3	-444068625	1
11	8	16	5	-6692911225	1
11	8	16	6	-5493545750	1
11	8	16	7	29387277590	3
11	8	16	8	-3746500505	1
11	8	16	9	-290201780	1
11	8	16	10	70494380	1
11	8	17	4	1332205875	1
11	8	17	6	33464556125	3
11	8	17	7	6966644850	1
11	8	17	8	-29273782780	3
11	8	17	9	8291196155	3
11	8	17	10	170788640	1
11	8	17	11	-90763780	3
11	8	18	5	-2930852925	1
11	8	18	7	-14341952625	1
11	8	18	8	-6867382500	1
11	8	18	9	22673308790	3
11	8	18	10	-1565221130	1
11	8	18	11	-76078090	1
11	8	18	12	85261840	9
11	8	19	6	4884754875	1
11	8	19	8	14341952625	1
11	8	19	9	5262006200	1
11	8	19	10	-4514348575	1
11	8	19	11	2003555750	3
11	8	19	12	24830335	1
11	8	19	13	-18373400	9
11	8	20	7	-6280399125	1
11	8	20	9	-33464556125	3
11	8	20	10	-3108420150	1
11	8	20	11	6126635225	3
11	8	20	12	-622890550	3
11	8	20	13	-5605705	1
11	8	20	14	2433850	9
11	8	21	8	6280399125	1
11	8	21	10	6692911225	1
11	8	21	11	1390214250	1
11	8	21	12	-6095887585	9
11	8	21	13	133052720	3
11	8	21	14	782765	1
11	8	21	15	-49730	3
11	8	22	9	-4884754875	1
11	8	22	11	-3042232375	1
11	8	22	12	-455666800	1
11	8	22	13	1399344545	9
11	8	22	14	-5811505	1
11	8	22	15	-50965	1
11	8	23	10	2930852925	1
11	8	23	12	3042232375	3
11	8	23	13	103330500	1
11	8	23	14	-198810610	9
11	8	23	15	1054345	3
11	8	24	11	-1332205875	1
11	8	24	13	-234017875	1
11	8	24	14	-14495850	1
11	8	24	15	1464300	1
11	8	25	12	444068625	1
11	8	25	14	33431125	1
11	8	25	15	948350	1
11	8	26	13	-102477375	1
11	8	26	15	-6686225	3
11	8	27	14	14639625	1
11	8	28	15	-975975	1
11	9	8	0	374150	1
11	9	9	0	680250	1
11	9	9	1	-5451750	1
11	9	10	0	204750	1
11	9	10	1	-10195500	1
11	9	10	2	36998750	1
11	9	11	0	-2400125	1
11	9	11	1	-3071250	1
11	9	11	2	71274450	1
11	9	11	3	-155111050	1
11	9	12	1	36001875	1
11	9	12	2	21498750	1
11	9	12	3	-308299750	1
11	9	12	4	449152100	1
11	9	13	2	-252013125	1
11	9	13	3	-93161250	1
11	9	13	4	922810250	1
11	9	13	5	-951357000	1
11	9	14	3	1092056875	1
11	9	14	4	279483750	1
11	9	14	5	-2024717200	1
11	9	14	6	1522312000	1
11	9	15	4	-3276170625	1
11	9	15	5	-614864250	1
11	9	15	6	3364061250	1
11	9	15	7	-1873311000	1
11	9	16	5	7207575375	1
11	9	16	6	1024773750	1
11	9	16	7	-4310131650	1
11	9	16	8	1786750350	1
11	9	17	6	-12012625625	1
11	9	17	7	-1317566250	1
11	9	17	8	4293522750	1
11	9	17	9	-1320312950	1
11	9	18	7	15444804375	1
11	9	18	8	1317566250	1
11	9	18	9	-3325393500	1
11	9	18	10	749309550	1
11	9	19	8	-15444804375	1
11	9	19	9	-1024773750	1
11	9	19	10	1986222150	1
11	9	19	11	-320530250	1
11	9	20	9	12012625625	1
11	9	20	10	614864250	1
11	9	20	11	-898478250	1
11	9	20	12	99961000	1
11	9	21	10	-7207575375	1
11	9	21	11	-279483750	1
11	9	21	12	297965950	1
11	9	21	13	-21434300	1
11	9	22	11	3276170625	1
11	9	22	12	93161250	1
11	9	22	13	-68393000	1
11	9	22	14	2822100	1
11	9	23	12	-1092056875	1
11	9	23	13	-21498750	1
11	9	23	14	9715750	1
11	9	23	15	-171700	1
11	9	24	13	252013125	1
11	9	24	14	3071250	1
11	9	24	15	-643950	1
11	9	25	14	-36001875	1
11	9	25	15	-204750	1
11	9	26	15	2400125	1
11	10	8	0	-74830	1
11	10	9	0	-136050	1
11	10	9	1	1090350	1
11	10	10	0	218100	1
11	10	10	1	2039100	1
11	10	10	2	-7399750	1
11	10	11	0	1606150	1
11	10	11	1	-3198900	1
11	10	11	2	-14254890	1
11	10	11	3	31022210	1
11	10	12	1	-24092250	1
11	10	12	2	21862320	1
11	10	12	3	61659950	1
11	10	12	4	-89830420	1
11	10	13	0	-1366365	1
11	10	13	2	168645750	1
11	10	13	3	-92348400	1
11	10	13	4	-184562050	1
11	10	13	5	190271400	1
11	10	14	1	20495475	1
11	10	14	3	-730798250	1
11	10	14	4	269612940	1
11	10	14	5	404943440	1
11	10	14	6	-304462400	1
11	10	15	2	-143468325	1
11	10	15	4	2192394750	1
11	10	15	5	-576226860	1
11	10	15	6	-672812250	1
11	10	15	7	374662200	1
11	10	16	3	621696075	1
11	10	16	5	-4823268450	1
11	10	16	6	931253400	1
11	10	16	7	862026330	1
11	10	16	8	-357350070	1
11	10	17	4	-1865088225	1
11	10	17	6	8038780750	1
11	10	17	7	-1158731640	1
11	10	17	8	-858704550	1
11	10	17	9	264062590	1
11	10	18	5	4103194095	1
11	10	18	7	-10335575250	1
11	10	18	8	1119026700	1
11	10	18	9	665078700	1
11	10	18	10	-149861910	1
11	10	19	6	-6838656825	1
11	10	19	8	10335575250	1
11	10	19	9	-838637580	1
11	10	19	10	-397244430	1
11	10	19	11	64106050	1
11	10	20	7	8792558775	1
11	10	20	9	-8038780750	1
11	10	20	10	483669120	1
11	10	20	11	179695650	1
11	10	20	12	-19992200	1
11	10	21	8	-8792558775	1
11	10	21	10	4823268450	1
11	10	21	11	-210768000	1
11	10	21	12	-59593190	1
11	10	21	13	4286860	1
11	10	22	9	6838656825	1
11	10	22	11	-2192394750	1
11	10	22	12	67160820	1
11	10	22	13	13678600	1
11	10	22	14	-564420	1
11	10	23	10	-4103194095	1
11	10	23	12	730798250	1
11	10	23	13	-14769300	1
11	10	23	14	-1943150	1
11	10	23	15	34340	1
11	10	24	11	1865088225	1
11	10	24	13	-168645750	1
11	10	24	14	2003640	1
11	10	24	15	128790	1
11	10	25	12	-621696075	1
11	10	25	14	24092250	1
11	10	25	15	-126360	1
11	10	26	13	143468325	1
11	10	26	15	-1606150	1
11	10	27	14	-20495475	1
11	10	28	15	1366365	1
11	11	10	0	-141300	1
11	11	11	0	-614250	1
11	11	11	1	2079900	1
11	11	12	1	9213750	1
11	11	12	2	-14270220	1
11	11	13	0	1863225	1
11	11	13	2	-64496250	1
11	11	13	3	60534900	1
11	11	14	1	-27948375	1
11	11	14	3	279483750	1
11	11	14	4	-177550740	1
11	11	15	2	195638625	1
11	11	15	4	-838451250	1
11	11	15	5	381381660	1
11	11	16	3	-847767375	1
11	11	16	5	1844592750	1
11	11	16	6	-619749900	1
11	11	17	4	2543302125	1
11	11	17	6	-3074321250	1
11	11	17	7	775769940	1
11	11	18	5	-5595264675	1
11	11	18	7	3952698750	1
11	11	18	8	-754112700	1
11	11	19	6	9325441125	1
11	11	19	8	-3952698750	1
11	11	19	9	569232180	1
11	11	20	7	-11989852875	1
11	11	20	9	3074321250	1
11	11	20	10	-330895620	1
11	11	21	8	11989852875	1
11	11	21	10	-1844592750	1
11	11	21	11	145453500	1
11	11	22	9	-9325441125	1
11	11	22	11	838451250	1
11	11	22	12	-46796220	1
11	11	23	10	5595264675	1
11	11	23	12	-279483750	1
11	11	23	13	10401300	1
11	11	24	11	-2543302125	1
11	11	24	13	64496250	1
11	11	24	14	-1427940	1
11	11	25	12	847767375	1
11	11	25	14	-9213750	1
11	11	25	15	91260	1
11	11	26	13	-195638625	1
11	11	26	15	614250	1
11	11	27	14	27948375	1
11	11	28	15	-1863225	1
11	12	10	0	23550	1
11	12	11	0	102375	1
11	12	11	1	-346650	1
11	12	12	1	-1535625	1
11	12	12	2	2378370	1
11	12	13	0	-1242150	1
11	12	13	2	10749375	1
11	12	13	3	-10089150	1
11	12	14	1	18632250	1
11	12	14	3	-46580625	1
11	12	14	4	29591790	1
11	12	15	2	-130425750	1
11	12	15	4	139741875	1
11	12	15	5	-63563610	1
11	12	16	3	565178250	1
11	12	16	5	-307432125	1
11	12	16	6	103291650	1
11	12	17	4	-1695534750	1
11	12	17	6	512386875	1
11	12	17	7	-129294990	1
11	12	18	5	3730176450	1
11	12	18	7	-658783125	1
11	12	18	8	125685450	1
11	12	19	6	-6216960750	1
11	12	19	8	658783125	1
11	12	19	9	-94872030	1
11	12	20	7	7993235250	1
11	12	20	9	-512386875	1
11	12	20	10	55149270	1
11	12	21	8	-7993235250	1
11	12	21	10	307432125	1
11	12	21	11	-24242250	1
11	12	22	9	6216960750	1
11	12	22	11	-139741875	1
11	12	22	12	7799370	1
11	12	23	10	-3730176450	1
11	12	23	12	46580625	1
11	12	23	13	-1733550	1
11	12	24	11	1695534750	1
11	12	24	13	-10749375	1
11	12	24	14	237990	1
11	12	25	12	-565178250	1
11	12	25	14	1535625	1
11	12	25	15	-15210	1
11	12	26	13	130425750	1
11	12	26	15	-102375	1
11	12	27	14	-18632250	1
11	12	28	15	1242150	1
11	13	13	0	429975	1
11	13	14	1	-6449625	1
11	13	15	2	45147375	1
11	13	16	3	-195638625	1
11	13	17	4	586915875	1
11	13	18	5	-1291214925	1
11	13	19	6	2152024875	1
11	13	20	7	-2766889125	1
11	13	21	8	2766889125	1
11	13	22	9	-2152024875	1
11	13	23	10	1291214925	1
11	13	24	11	-586915875	1
11	13	25	12	195638625	1
11	13	26	13	-45147375	1
11	13	27	14	6449625	1
11	13	28	15	-429975	1
11	14	13	0	-61425	1
11	14	14	1	921375	1
11	14	15	2	-6449625	1
11	14	16	3	27948375	1
11	14	17	4	-83845125	1
11	14	18	5	184459275	1
11	14	19	6	-307432125	1
11	14	20	7	395269875	1
11	14	21	8	-395269875	1
11	14	22	9	307432125	1
11	14	23	10	-184459275	1
11	14	24	11	83845125	1
11	14	25	12	-27948375	1
11	14	26	13	6449625	1
11	14	27	14	-921375	1
11	14	28	15	61425	1
12	0	0	0	-2680	729
12	0	0	2	145	81
12	0	1	0	1400	243
12	0	1	1	40840	729
12	0	1	3	-16165	972
12	0	2	0	310	81
12	0	2	1	-47120	729
12	0	2	2	-299030	729
12	0	2	4	4855	81
12	0	3	0	-34070	729
12	0	3	1	-38030	729
12	0	3	2	225440	729
12	0	3	3	1379510	729
12	0	3	5	-11935	162
12	0	4	0	62620	729
12	0	4	1	473350	729
12	0	4	2	254120	729
12	0	4	3	-559720	729
12	0	4	4	-4437340	729
12	0	4	6	-44000	243
12	0	5	0	45890	243
12	0	5	1	-953240	729
12	0	5	2	-3043460	729
12	0	5	3	-1103575	729
12	0	5	4	551000	729
12	0	5	5	10452860	729
12	0	5	7	106205	108
12	0	6	0	-78620	729
12	0	6	1	-2007710	729
12	0	6	2	6754310	729
12	0	6	3	11998400	729
12	0	6	4	3456110	729
12	0	6	5	959200	729
12	0	6	6	-18508930	729
12	0	6	8	-19690	9
12	0	7	0	-146300	729
12	0	7	1	1145590	729
12	0	7	2	13644530	729
12	0	7	3	-29550340	729
12	0	7	4	-32384770	729
12	0	7	5	-8169920	729
12	0	7	6	-4634960	729
12	0	7	7	8320070	243
12	0	7	9	248215	81
12	0	8	0	-23740	243
12	0	8	1	2214520	729
12	0	8	2	-7788620	729
12	0	8	3	-57320290	729
12	0	8	4	89270960	729
12	0	8	5	63256490	729
12	0	8	6	14875960	729
12	0	8	7	3010040	243
12	0	8	8	-8578240	243
12	0	8	10	-79805	27
12	0	9	0	66500	729
12	0	9	1	1055200	729
12	0	9	2	-15628970	729
12	0	9	3	32772770	729
12	0	9	4	166457030	729
12	0	9	5	-197245400	729
12	0	9	6	-30701000	243
12	0	9	7	-7009255	243
12	0	9	8	-3728120	243
12	0	9	9	20196880	729
12	0	9	11	650375	324
12	0	10	0	45650	729
12	0	10	1	-110320	81
12	0	10	2	-7297600	729
12	0	10	3	68221190	729
12	0	10	4	-95439340	729
12	0	10	5	-353929070	729
12	0	10	6	109755910	243
12	0	10	7	33789140	243
12	0	10	8	7696150	243
12	0	10	9	3198800	243
12	0	10	10	-11902330	729
12	0	10	12	-230615	243
12	0	11	0	4550	243
12	0	11	1	-228910	243
12	0	11	2	85420	9
12	0	11	3	31250960	729
12	0	11	4	-205980400	729
12	0	11	5	203735510	729
12	0	11	6	569175970	729
12	0	11	7	-140944540	243
12	0	11	8	-28162750	243
12	0	11	9	-6529490	243
12	0	11	10	-5790400	729
12	0	11	11	5132090	729
12	0	11	13	48385	162
12	0	12	1	-22750	81
12	0	12	2	1607110	243
12	0	12	3	-9950860	243
12	0	12	4	-92676220	729
12	0	12	5	455675660	729
12	0	12	6	-36590620	81
12	0	12	7	-234968470	243
12	0	12	8	140365060	243
12	0	12	9	52788890	729
12	0	12	10	12690920	729
12	0	12	11	2399080	729
12	0	12	12	-1547180	729
12	0	12	14	-4570	81
12	0	13	0	910	729
12	0	13	2	159250	81
12	0	13	3	-20955590	729
12	0	13	4	29727740	243
12	0	13	5	201607120	729
12	0	13	6	-254340130	243
12	0	13	7	136793030	243
12	0	13	8	225929110	243
12	0	13	9	-325178920	729
12	0	13	10	-24083620	729
12	0	13	11	-6150305	729
12	0	13	12	-633560	729
12	0	13	13	300460	729
12	0	13	15	4715	972
12	0	14	1	-4550	243
12	0	14	3	-2070250	243
12	0	14	4	21020270	243
12	0	14	5	-65137160	243
12	0	14	6	-332360600	729
12	0	14	7	328259030	243
12	0	14	8	-132485980	243
12	0	14	9	-168645070	243
12	0	14	10	193091690	729
12	0	14	11	7591400	729
12	0	14	12	2153770	729
12	0	14	13	86080	729
12	0	14	14	-31790	729
12	0	15	2	31850	243
12	0	15	4	2070250	81
12	0	15	5	-46390190	243
12	0	15	6	324419260	729
12	0	15	7	140940800	243
12	0	15	8	-329230660	243
12	0	15	9	299136530	729
12	0	15	10	290757830	729
12	0	15	11	-86565740	729
12	0	15	12	-1449710	729
12	0	15	13	-513500	729
12	0	15	14	-400	729
12	0	15	15	1150	729
12	0	16	3	-414050	729
12	0	16	5	-4554550	81
12	0	16	6	77565070	243
12	0	16	7	-46172060	81
12	0	16	8	-139507940	243
12	0	16	9	769815200	729
12	0	16	10	-173497060	729
12	0	16	11	-126323510	729
12	0	16	12	28355560	729
12	0	16	13	95350	729
12	0	16	14	74360	729
12	0	16	15	-1000	729
12	0	17	4	414050	243
12	0	17	6	22772750	243
12	0	17	7	-11116930	27
12	0	17	8	46005740	81
12	0	17	9	107444480	243
12	0	17	10	-462457270	729
12	0	17	11	76139990	729
12	0	17	12	40158130	729
12	0	17	13	-6404840	729
12	0	17	14	18880	729
12	0	17	15	-4915	729
12	0	18	5	-910910	243
12	0	18	7	-3253250	27
12	0	18	8	11153890	27
12	0	18	9	-320925440	729
12	0	18	10	-191585680	729
12	0	18	11	210283370	729
12	0	18	12	-24469220	729
12	0	18	13	-8817290	729
12	0	18	14	891710	729
12	0	18	15	-1100	243
12	0	19	6	4554550	729
12	0	19	8	3253250	27
12	0	19	9	-235023470	729
12	0	19	10	7107980	27
12	0	19	11	86304400	729
12	0	19	12	-70058120	729
12	0	19	13	5435170	729
12	0	19	14	1195430	729
12	0	19	15	-19220	243
12	0	20	7	-650650	81
12	0	20	9	-22772750	243
12	0	20	10	47166130	243
12	0	20	11	-9661820	81
12	0	20	12	-28523300	729
12	0	20	13	16144540	729
12	0	20	14	-745940	729
12	0	20	15	-75430	729
12	0	21	8	650650	81
12	0	21	10	4554550	81
12	0	21	11	-21513910	243
12	0	21	12	1070260	27
12	0	21	13	6529360	729
12	0	21	14	-2301050	729
12	0	21	15	15890	243
12	0	22	9	-4554550	729
12	0	22	11	-2070250	81
12	0	22	12	21590030	729
12	0	22	13	-2216360	243
12	0	22	14	-925720	729
12	0	22	15	16990	81
12	0	23	10	910910	243
12	0	23	12	2070250	243
12	0	23	13	-1666730	243
12	0	23	14	315740	243
12	0	23	15	61280	729
12	0	24	11	-414050	243
12	0	24	13	-159250	81
12	0	24	14	238970	243
12	0	24	15	-62980	729
12	0	25	12	414050	729
12	0	25	14	22750	81
12	0	25	15	-5330	81
12	0	26	13	-31850	243
12	0	26	15	-4550	243
12	0	27	14	4550	243
12	0	28	15	-910	729
12	1	0	0	2680	243
12	1	1	0	-700	27
12	1	1	1	-40840	243
12	1	2	0	-620	27
12	1	2	1	23560	81
12	1	2	2	299030	243
12	1	3	0	85175	243
12	1	3	1	76060	243
12	1	3	2	-112720	81
12	1	3	3	-1379510	243
12	1	4	0	-62620	81
12	1	4	1	-1183375	243
12	1	4	2	-508240	243
12	1	4	3	279860	81
12	1	4	4	4437340	243
12	1	5	0	-160615	81
12	1	5	1	953240	81
12	1	5	2	7608650	243
12	1	5	3	2207150	243
12	1	5	4	-275500	81
12	1	5	5	-10452860	243
12	1	6	0	314480	243
12	1	6	1	7026985	243
12	1	6	2	-6754310	81
12	1	6	3	-29996000	243
12	1	6	4	-6912220	243
12	1	6	5	-479600	81
12	1	6	6	18508930	243
12	1	7	0	73150	27
12	1	7	1	-4582360	243
12	1	7	2	-47755855	243
12	1	7	3	29550340	81
12	1	7	4	80961925	243
12	1	7	5	16339840	243
12	1	7	6	2317480	81
12	1	7	7	-8320070	81
12	1	8	0	118700	81
12	1	8	1	-1107260	27
12	1	8	2	31154480	243
12	1	8	3	200621015	243
12	1	8	4	-89270960	81
12	1	8	5	-158141225	243
12	1	8	6	-29751920	243
12	1	8	7	-1505020	27
12	1	8	8	8578240	81
12	1	9	0	-365750	243
12	1	9	1	-5276000	243
12	1	9	2	7814485	27
12	1	9	3	-131091080	243
12	1	9	4	-582599605	243
12	1	9	5	197245400	81
12	1	9	6	76752500	81
12	1	9	7	14018510	81
12	1	9	8	1864060	27
12	1	9	9	-20196880	243
12	1	10	0	-91300	81
12	1	10	1	606760	27
12	1	10	2	36488000	243
12	1	10	3	-34110595	27
12	1	10	4	381757360	243
12	1	10	5	1238751745	243
12	1	10	6	-109755910	27
12	1	10	7	-84472850	81
12	1	10	8	-15392300	81
12	1	10	9	-1599400	27
12	1	10	10	11902330	243
12	1	11	0	-29575	81
12	1	11	1	457820	27
12	1	11	2	-469810	3
12	1	11	3	-156254800	243
12	1	11	4	102990200	27
12	1	11	5	-814942040	243
12	1	11	6	-1992115895	243
12	1	11	7	140944540	27
12	1	11	8	70406875	81
12	1	11	9	13058980	81
12	1	11	10	2895200	81
12	1	11	11	-5132090	243
12	1	12	1	147875	27
12	1	12	2	-3214220	27
12	1	12	3	54729730	81
12	1	12	4	463381100	243
12	1	12	5	-227837830	27
12	1	12	6	146362480	27
12	1	12	7	822389645	81
12	1	12	8	-140365060	27
12	1	12	9	-131972225	243
12	1	12	10	-25381840	243
12	1	12	11	-1199540	81
12	1	12	12	1547180	243
12	1	13	0	-2275	81
12	1	13	2	-1035125	27
12	1	13	3	41911180	81
12	1	13	4	-163502570	81
12	1	13	5	-1008035600	243
12	1	13	6	127170065	9
12	1	13	7	-547172120	81
12	1	13	8	-790751885	81
12	1	13	9	325178920	81
12	1	13	10	60209050	243
12	1	13	11	12300610	243
12	1	13	12	316780	81
12	1	13	13	-300460	243
12	1	14	1	11375	27
12	1	14	3	13456625	81
12	1	14	4	-42040540	27
12	1	14	5	358254380	81
12	1	14	6	1661803000	243
12	1	14	7	-164129515	9
12	1	14	8	529943920	81
12	1	14	9	590257745	81
12	1	14	10	-193091690	81
12	1	14	11	-18978500	243
12	1	14	12	-4307540	243
12	1	14	13	-43040	81
12	1	14	14	31790	243
12	1	15	2	-79625	27
12	1	15	4	-13456625	27
12	1	15	5	92780380	27
12	1	15	6	-1784305930	243
12	1	15	7	-704704000	81
12	1	15	8	164615330	9
12	1	15	9	-1196546120	243
12	1	15	10	-1017652405	243
12	1	15	11	86565740	81
12	1	15	12	3624275	243
12	1	15	13	1027000	243
12	1	15	14	200	81
12	1	15	15	-1150	243
12	1	16	3	1035125	81
12	1	16	5	29604575	27
12	1	16	6	-155130140	27
12	1	16	7	253946330	27
12	1	16	8	697539700	81
12	1	16	9	-384907600	27
12	1	16	10	693988240	243
12	1	16	11	442132285	243
12	1	16	12	-28355560	81
12	1	16	13	-238375	243
12	1	16	14	-148720	243
12	1	16	15	500	81
12	1	17	4	-1035125	27
12	1	17	6	-148022875	81
12	1	17	7	22233860	3
12	1	17	8	-253031570	27
12	1	17	9	-537222400	81
12	1	17	10	231228635	27
12	1	17	11	-304559960	243
12	1	17	12	-140553455	243
12	1	17	13	6404840	81
12	1	17	14	-47200	243
12	1	17	15	9830	243
12	1	18	5	2277275	27
12	1	18	7	21146125	9
12	1	18	8	-22307780	3
12	1	18	9	1765089920	243
12	1	18	10	957928400	243
12	1	18	11	-105141685	27
12	1	18	12	97876880	243
12	1	18	13	30860515	243
12	1	18	14	-891710	81
12	1	18	15	2750	81
12	1	19	6	-11386375	81
12	1	19	8	-21146125	9
12	1	19	9	470046940	81
12	1	19	10	-39093890	9
12	1	19	11	-431522000	243
12	1	19	12	35029060	27
12	1	19	13	-21740680	243
12	1	19	14	-4184005	243
12	1	19	15	19220	27
12	1	20	7	1626625	9
12	1	20	9	148022875	81
12	1	20	10	-94332260	27
12	1	20	11	53140010	27
12	1	20	12	142616500	243
12	1	20	13	-8072270	27
12	1	20	14	2983760	243
12	1	20	15	264005	243
12	1	21	8	-1626625	9
12	1	21	10	-29604575	27
12	1	21	11	43027820	27
12	1	21	12	-5886430	9
12	1	21	13	-32646800	243
12	1	21	14	1150525	27
12	1	21	15	-63560	81
12	1	22	9	11386375	81
12	1	22	11	13456625	27
12	1	22	12	-43180060	81
12	1	22	13	12189980	81
12	1	22	14	4628600	243
12	1	22	15	-8495	3
12	1	23	10	-2277275	27
12	1	23	12	-13456625	81
12	1	23	13	3333460	27
12	1	23	14	-1736570	81
12	1	23	15	-306400	243
12	1	24	11	1035125	27
12	1	24	13	1035125	27
12	1	24	14	-477940	27
12	1	24	15	346390	243
12	1	25	12	-1035125	81
12	1	25	14	-147875	27
12	1	25	15	10660	9
12	1	26	13	79625	27
12	1	26	15	29575	81
12	1	27	14	-11375	27
12	1	28	15	2275	81
12	2	0	0	-2680	243
12	2	1	0	700	27
12	2	1	1	40840	243
12	2	2	0	1550	27
12	2	2	1	-23560	81
12	2	2	2	-299030	243
12	2	3	0	-238490	243
12	2	3	1	-190150	243
12	2	3	2	112720	81
12	2	3	3	1379510	243
12	2	4	0	265600	81
12	2	4	1	3313450	243
12	2	4	2	1270600	243
12	2	4	3	-279860	81
12	2	4	4	-4437340	243
12	2	5	0	711295	81
12	2	5	1	-4013660	81
12	2	5	2	-21304220	243
12	2	5	3	-5517875	243
12	2	5	4	275500	81
12	2	5	5	10452860	243
12	2	6	0	-1888310	243
12	2	6	1	-31119505	243
12	2	6	2	28242350	81
12	2	6	3	83988800	243
12	2	6	4	17280550	243
12	2	6	5	479600	81
12	2	6	6	-18508930	243
12	2	7	0	-149320	9
12	2	7	1	27544240	243
12	2	7	2	211490215	243
12	2	7	3	-122747890	81
12	2	7	4	-226693390	243
12	2	7	5	-40849600	243
12	2	7	6	-2317480	81
12	2	7	7	8320070	81
12	2	8	0	-718100	81
12	2	8	1	6769180	27
12	2	8	2	-187434800	243
12	2	8	3	-888464495	243
12	2	8	4	368499620	81
12	2	8	5	442795430	243
12	2	8	6	74379800	243
12	2	8	7	1505020	27
12	2	8	8	-8578240	81
12	2	9	0	2814200	243
12	2	9	1	31950950	243
12	2	9	2	-47694370	27
12	2	9	3	789254690	243
12	2	9	4	2580083965	243
12	2	9	5	-809370320	81
12	2	9	6	-214907000	81
12	2	9	7	-35046275	81
12	2	9	8	-1864060	27
12	2	9	9	20196880	243
12	2	10	0	761500	81
12	2	10	1	-1556710	9
12	2	10	2	-221216900	243
12	2	10	3	207851890	27
12	2	10	4	-2299702090	243
12	2	10	5	-5485900585	243
12	2	10	6	447832990	27
12	2	10	7	236523980	81
12	2	10	8	38480750	81
12	2	10	9	1599400	27
12	2	10	10	-11902330	243
12	2	11	0	241150	81
12	2	11	1	-3814760	27
12	2	11	2	32554030	27
12	2	11	3	948498535	243
12	2	11	4	-626577940	27
12	2	11	5	4911076940	243
12	2	11	6	8822227535	243
12	2	11	7	-572025850	27
12	2	11	8	-197139250	81
12	2	11	9	-32647450	81
12	2	11	10	-2895200	81
12	2	11	11	5132090	243
12	2	12	1	-1205750	27
12	2	12	2	26755460	27
12	2	12	3	-421480930	81
12	2	12	4	-2816590520	243
12	2	12	5	1383997120	27
12	2	12	6	-882209020	27
12	2	12	7	-3642011285	81
12	2	12	8	566807560	27
12	2	12	9	369522230	243
12	2	12	10	63454600	243
12	2	12	11	1199540	81
12	2	12	12	-1547180	243
12	2	13	0	15925	81
12	2	13	2	8440250	27
12	2	13	3	-348515740	81
12	2	13	4	1259449100	81
12	2	13	5	6136087760	243
12	2	13	6	-2313984310	27
12	2	13	7	3298250450	81
12	2	13	8	3501901205	81
12	2	13	9	-1306887340	81
12	2	13	10	-168585340	243
12	2	13	11	-30751525	243
12	2	13	12	-316780	81
12	2	13	13	300460	243
12	2	14	1	-79625	27
12	2	14	3	-109723250	81
12	2	14	4	349227220	27
12	2	14	5	-2760170270	81
12	2	14	6	-10131523600	243
12	2	14	7	994030730	9
12	2	14	8	-3193995310	81
12	2	14	9	-2613998585	81
12	2	14	10	772591490	81
12	2	14	11	53139800	243
12	2	14	12	10768850	243
12	2	14	13	43040	81
12	2	14	14	-31790	243
12	2	15	2	557375	27
12	2	15	4	109723250	27
12	2	15	5	-769901440	27
12	2	15	6	13749568690	243
12	2	15	7	4303597375	81
12	2	15	8	-995532560	9
12	2	15	9	7209513080	243
12	2	15	10	4506746365	243
12	2	15	11	-344935310	81
12	2	15	12	-10147970	243
12	2	15	13	-2567500	243
12	2	15	14	-200	81
12	2	15	15	1150	243
12	2	16	3	-7245875	81
12	2	16	5	-241391150	27
12	2	16	6	1285898020	27
12	2	16	7	-1957150910	27
12	2	16	8	-4267508740	81
12	2	16	9	86091940	1
12	2	16	10	-4179544600	243
12	2	16	11	-1958014405	243
12	2	16	12	112557700	81
12	2	16	13	667450	243
12	2	16	14	371800	243
12	2	16	15	-500	81
12	2	17	4	7245875	27
12	2	17	6	1206955750	81
12	2	17	7	-184097980	3
12	2	17	8	1950325520	27
12	2	17	9	3292999930	81
12	2	17	10	-1394465710	27
12	2	17	11	1833070190	243
12	2	17	12	622451015	243
12	2	17	13	-25336040	81
12	2	17	14	132160	243
12	2	17	15	-24575	243
12	2	18	5	-15940925	27
12	2	18	7	-172422250	9
12	2	18	8	184504540	3
12	2	18	9	-13606199750	243
12	2	18	10	-5883757220	243
12	2	18	11	633211630	27
12	2	18	12	-588634550	243
12	2	18	13	-136667995	243
12	2	18	14	3516470	81
12	2	18	15	-7700	81
12	2	19	6	79704625	81
12	2	19	8	172422250	9
12	2	19	9	-3883304920	81
12	2	19	10	904118930	27
12	2	19	11	2656201025	243
12	2	19	12	-210678820	27
12	2	19	13	130625740	243
12	2	19	14	18529165	243
12	2	19	15	-75590	27
12	2	20	7	-11386375	9
12	2	20	9	-1206955750	81
12	2	20	10	778436780	27
12	2	20	11	-136555510	9
12	2	20	12	-879865600	243
12	2	20	13	48486040	27
12	2	20	14	-17907740	243
12	2	20	15	-1169165	243
12	2	21	8	11386375	9
12	2	21	10	241391150	27
12	2	21	11	-354657260	27
12	2	21	12	136139380	27
12	2	21	13	201896060	243
12	2	21	14	-6901690	27
12	2	21	15	380990	81
12	2	22	9	-79704625	81
12	2	22	11	-109723250	27
12	2	22	12	355494580	81
12	2	22	13	-93973130	81
12	2	22	14	-28696520	243
12	2	22	15	458050	27
12	2	23	10	15940925	27
12	2	23	12	109723250	81
12	2	23	13	-27411280	27
12	2	23	14	13386650	81
12	2	23	15	1904635	243
12	2	24	11	-7245875	27
12	2	24	13	-8440250	27
12	2	24	14	3925420	27
12	2	24	15	-2670010	243
12	2	25	12	7245875	81
12	2	25	14	1205750	27
12	2	25	15	-262340	27
12	2	26	13	-557375	27
12	2	26	15	-241150	81
12	2	27	14	79625	27
12	2	28	15	-15925	81
12	3	2	0	-620	9
12	3	3	0	34070	27
12	3	3	1	76060	81
12	3	4	0	-72700	9
12	3	4	1	-473350	27
12	3	4	2	-508240	81
12	3	5	0	-573625	27
12	3	5	1	1087040	9
12	3	5	2	3043460	27
12	3	5	3	2207150	81
12	3	6	0	787630	27
12	3	6	1	25096375	81
12	3	6	2	-7571050	9
12	3	6	3	-11998400	27
12	3	6	4	-6912220	81
12	3	7	0	543760	9
12	3	7	1	-11505980	27
12	3	7	2	-170556625	81
12	3	7	3	32581360	9
12	3	7	4	32384770	27
12	3	7	5	16339840	81
12	3	8	0	735800	27
12	3	8	1	-8190490	9
12	3	8	2	78394120	27
12	3	8	3	716503625	81
12	3	8	4	-96881480	9
12	3	8	5	-63256490	27
12	3	8	6	-29751920	81
12	3	9	0	-492725	9
12	3	9	1	-32835800	81
12	3	9	2	6391945	1
12	3	9	3	-330435910	27
12	3	9	4	-2080712875	81
12	3	9	5	210837880	9
12	3	9	6	30701000	9
12	3	9	7	14018510	27
12	3	10	0	-432250	9
12	3	10	1	818165	1
12	3	10	2	228083600	81
12	3	10	3	-27770365	1
12	3	10	4	963551330	27
12	3	10	5	4424113375	81
12	3	10	6	-115628810	3
12	3	10	7	-33789140	9
12	3	10	8	-15392300	27
12	3	11	0	-350350	27
12	3	11	1	2161250	3
12	3	11	2	-5706290	1
12	3	11	3	-981407740	81
12	3	11	4	751159990	9
12	3	11	5	-2058779800	27
12	3	11	6	-7114699625	81
12	3	11	7	146443000	3
12	3	11	8	28162750	9
12	3	11	9	13058980	27
12	3	12	1	1751750	9
12	3	12	2	-15128750	3
12	3	12	3	73916140	3
12	3	12	4	2925502280	81
12	3	12	5	-183806700	1
12	3	12	6	369940340	3
12	3	12	7	2937105875	27
12	3	12	8	-143929940	3
12	3	12	9	-52788890	27
12	3	12	10	-25381840	81
12	3	13	2	-12262250	9
12	3	13	3	196673750	9
12	3	13	4	-220968125	3
12	3	13	5	-6399710240	81
12	3	13	6	2757802355	9
12	3	13	7	-1383148030	9
12	3	13	8	-2824113875	27
12	3	13	9	329293360	9
12	3	13	10	24083620	27
12	3	13	11	12300610	81
12	3	14	3	159409250	27
12	3	14	4	-196673750	3
12	3	14	5	484449185	3
12	3	14	6	10613640400	81
12	3	14	7	-1181294345	3
12	3	14	8	1339191590	9
12	3	14	9	2108063375	27
12	3	14	10	-193241510	9
12	3	14	11	-7591400	27
12	3	14	12	-4307540	81
12	3	15	4	-159409250	9
12	3	15	5	432682250	3
12	3	15	6	-2414019520	9
12	3	15	7	-4529717500	27
12	3	15	8	393249780	1
12	3	15	9	-3021601660	27
12	3	15	10	-3634472875	81
12	3	15	11	85680640	9
12	3	15	12	1449710	27
12	3	15	13	1027000	81
12	3	16	5	350700350	9
12	3	16	6	-2163411250	9
12	3	16	7	343709630	1
12	3	16	8	4514320360	27
12	3	16	9	-2746981930	9
12	3	16	10	1750585760	27
12	3	16	11	1579043875	81
12	3	16	12	-27779200	9
12	3	16	13	-95350	27
12	3	16	14	-148720	81
12	3	17	6	-1753501750	27
12	3	17	7	309058750	1
12	3	17	8	-342583835	1
12	3	17	9	-3501996520	27
12	3	17	10	1643429095	9
12	3	17	11	-767110330	27
12	3	17	12	-501976625	81
12	3	17	13	6215960	9
12	3	17	14	-18880	27
12	3	17	15	9830	81
12	3	18	7	250500250	3
12	3	18	8	-309058750	1
12	3	18	9	2390375075	9
12	3	18	10	6292317680	81
12	3	18	11	-82695235	1
12	3	18	12	246065470	27
12	3	18	13	110216125	81
12	3	18	14	-858130	9
12	3	18	15	1100	9
12	3	19	8	-250500250	3
12	3	19	9	2163411250	9
12	3	19	10	-158855290	1
12	3	19	11	-2857408100	81
12	3	19	12	82323010	3
12	3	19	13	-54533360	27
12	3	19	14	-14942875	81
12	3	19	15	6120	1
12	3	20	9	1753501750	27
12	3	20	10	-432682250	3
12	3	20	11	71983240	1
12	3	20	12	952365400	81
12	3	20	13	-56689360	9
12	3	20	14	7464580	27
12	3	20	15	942875	81
12	3	21	10	-350700350	9
12	3	21	11	196673750	3
12	3	21	12	-23921465	1
12	3	21	13	-219941840	81
12	3	21	14	894285	1
12	3	21	15	-158530	9
12	3	22	11	159409250	9
12	3	22	12	-196673750	9
12	3	22	13	16511615	3
12	3	22	14	31471280	81
12	3	22	15	-532805	9
12	3	23	12	-159409250	27
12	3	23	13	15128750	3
12	3	23	14	-2351900	3
12	3	23	15	-2103340	81
12	3	24	13	12262250	9
12	3	24	14	-2161250	3
12	3	24	15	469030	9
12	3	25	14	-1751750	9
12	3	25	15	432250	9
12	3	26	15	350350	27
12	4	2	0	310	9
12	4	3	0	-17035	27
12	4	3	1	-38030	81
12	4	4	0	316000	27
12	4	4	1	236675	27
12	4	4	2	254120	81
12	4	5	0	803075	27
12	4	5	1	-4682660	27
12	4	5	2	-1521730	27
12	4	5	3	-1103575	81
12	4	6	0	-645320	9
12	4	6	1	-35134925	81
12	4	6	2	10775350	9
12	4	6	3	5999200	27
12	4	6	4	3456110	81
12	4	7	0	-3841220	27
12	4	7	1	9439930	9
12	4	7	2	238779275	81
12	4	7	3	-137902990	27
12	4	7	4	-16192385	27
12	4	7	5	-8169920	81
12	4	8	0	-115100	3
12	4	8	1	57631310	27
12	4	8	2	-64390900	9
12	4	8	3	-1003105075	81
12	4	8	4	406552220	27
12	4	8	5	31628245	27
12	4	8	6	14875960	81
12	4	9	0	4733950	27
12	4	9	1	46741600	81
12	4	9	2	-134404255	9
12	4	9	3	271661530	9
12	4	9	4	2912998025	81
12	4	9	5	-292444240	9
12	4	9	6	-15350500	9
12	4	9	7	-7009255	27
12	4	10	0	4462550	27
12	4	10	1	-70800470	27
12	4	10	2	-328571200	81
12	4	10	3	581692735	9
12	4	10	4	-792720880	9
12	4	10	5	-6193758725	81
12	4	10	6	159065830	3
12	4	10	7	16894570	9
12	4	10	8	7696150	27
12	4	11	0	807625	27
12	4	11	1	-22258300	9
12	4	11	2	494140420	27
12	4	11	3	1431974480	81
12	4	11	4	-5224874330	27
12	4	11	5	1694592130	9
12	4	11	6	9960579475	81
12	4	11	7	-599518150	9
12	4	11	8	-14081375	9
12	4	11	9	-6529490	27
12	4	12	1	-4038125	9
12	4	12	2	155417050	9
12	4	12	3	-2134931440	27
12	4	12	4	-4327072060	81
12	4	12	5	3821183080	9
12	4	12	6	-2741229260	9
12	4	12	7	-4111948225	27
12	4	12	8	194877320	3
12	4	12	9	26394445	27
12	4	12	10	12690920	81
12	4	13	0	-207025	27
12	4	13	2	28266875	9
12	4	13	3	-2015210950	27
12	4	13	4	6385753850	27
12	4	13	5	9602921680	81
12	4	13	6	-19040058895	27
12	4	13	7	1138839350	3
12	4	13	8	3953759425	27
12	4	13	9	-1327459540	27
12	4	13	10	-12041810	27
12	4	13	11	-6150305	81
12	4	14	1	1035125	9
12	4	14	3	-367469375	27
12	4	14	4	2009874850	9
12	4	14	5	-14006758810	27
12	4	14	6	-16168875800	81
12	4	14	7	8125874185	9
12	4	14	8	-1102469720	3
12	4	14	9	-2951288725	27
12	4	14	10	773340590	27
12	4	14	11	3795700	27
12	4	14	12	2153770	81
12	4	15	2	-7245875	9
12	4	15	4	367469375	9
12	4	15	5	-4409713000	9
12	4	15	6	7758254680	9
12	4	15	7	7010696000	27
12	4	15	8	-2695275440	3
12	4	15	9	2486563310	9
12	4	15	10	5088262025	81
12	4	15	11	-113503270	9
12	4	15	12	-724855	27
12	4	15	13	-513500	81
12	4	16	3	94196375	27
12	4	16	5	-808432625	9
12	4	16	6	21987163550	27
12	4	16	7	-9944976580	9
12	4	16	8	-7102909220	27
12	4	16	9	18759793910	27
12	4	16	10	-1439769100	9
12	4	16	11	-2210661425	81
12	4	16	12	109675900	27
12	4	16	13	47675	27
12	4	16	14	74360	81
12	4	17	4	-94196375	9
12	4	17	6	4042163125	27
12	4	17	7	-3132062450	3
12	4	17	8	9915067910	9
12	4	17	9	5604903040	27
12	4	17	10	-11183424395	27
12	4	17	11	630410830	9
12	4	17	12	702767275	81
12	4	17	13	-24391640	27
12	4	17	14	9440	27
12	4	17	15	-4915	81
12	4	18	5	207232025	9
12	4	18	7	-577451875	3
12	4	18	8	3122914850	3
12	4	18	9	-23065419850	27
12	4	18	10	-10249436560	81
12	4	18	11	1682248945	9
12	4	18	12	-202014400	9
12	4	18	13	-154302575	81
12	4	18	14	1116190	9
12	4	18	15	-550	9
12	4	19	6	-1036160125	27
12	4	19	8	577451875	3
12	4	19	9	-21795082100	27
12	4	19	10	13797447620	27
12	4	19	11	4739141200	81
12	4	19	12	-185423810	3
12	4	19	13	44716630	9
12	4	19	14	20920025	81
12	4	19	15	-71290	9
12	4	20	7	148022875	3
12	4	20	9	-4042163125	27
12	4	20	10	4345697950	9
12	4	20	11	-6252587320	27
12	4	20	12	-1608947300	81
12	4	20	13	381729380	27
12	4	20	14	-6112180	9
12	4	20	15	-1320025	81
12	4	21	8	-148022875	3
12	4	21	10	808432625	9
12	4	21	11	-1969149550	9
12	4	21	12	2077878070	27
12	4	21	13	378617680	81
12	4	21	14	-18003235	9
12	4	21	15	388790	9
12	4	22	9	1036160125	27
12	4	22	11	-367469375	9
12	4	22	12	1962869650	27
12	4	22	13	-478054790	27
12	4	22	14	-55217560	81
12	4	22	15	3563125	27
12	4	23	10	-207232025	9
12	4	23	12	367469375	27
12	4	23	13	-150498400	9
12	4	23	14	68086000	27
12	4	23	15	3762080	81
12	4	24	11	94196375	9
12	4	24	13	-28266875	9
12	4	24	14	21428350	9
12	4	24	15	-1508420	9
12	4	25	12	-94196375	27
12	4	25	14	4038125	9
12	4	25	15	-4271150	27
12	4	26	13	7245875	9
12	4	26	15	-807625	27
12	4	27	14	-1035125	9
12	4	28	15	207025	27
12	5	4	0	-82780	9
12	5	5	0	-22945	1
12	5	5	1	1220840	9
12	5	6	0	1034450	9
12	5	6	1	1003855	3
12	5	6	2	-2795930	3
12	5	7	0	1976900	9
12	5	7	1	-15147940	9
12	5	7	2	-6822265	3
12	5	7	3	35612380	9
12	5	8	0	-43780	3
12	5	8	1	-29549630	9
12	5	8	2	103415480	9
12	5	8	3	28660145	3
12	5	8	4	-104492000	9
12	5	9	0	-3555125	9
12	5	9	1	568700	3
12	5	9	2	68658535	3
12	5	9	3	-436608410	9
12	5	9	4	-83228515	3
12	5	9	5	74810120	3
12	5	10	0	-3547400	9
12	5	10	1	53212915	9
12	5	10	2	-3324200	3
12	5	10	3	-296054695	3
12	5	10	4	1274719390	9
12	5	10	5	176964535	3
12	5	10	6	-40500570	1
12	5	11	0	-15925	1
12	5	11	1	17649880	3
12	5	11	2	-371660660	9
12	5	11	3	3793570	1
12	5	11	4	2649468650	9
12	5	11	5	-2725950920	9
12	5	11	6	-284587985	3
12	5	11	7	151941460	3
12	5	12	1	238875	1
12	5	12	2	-122923480	3
12	5	12	3	1606799390	9
12	5	12	4	-24528020	3
12	5	12	5	-1930599880	3
12	5	12	6	1470159460	3
12	5	12	7	117484235	1
12	5	12	8	-49164940	1
12	5	13	0	455455	9
12	5	13	2	-1672125	1
12	5	13	3	1589668120	9
12	5	13	4	-4808816635	9
12	5	13	5	31605200	3
12	5	13	6	9584736535	9
12	5	13	7	-1832398370	3
12	5	13	8	-112964555	1
12	5	13	9	333407800	9
12	5	14	1	-2277275	3
12	5	14	3	7245875	1
12	5	14	4	-1581130360	3
12	5	14	5	10553084465	9
12	5	14	6	-13382600	3
12	5	14	7	-4075722145	3
12	5	14	8	1773664090	3
12	5	14	9	84322535	1
12	5	14	10	-193391330	9
12	5	15	2	15940925	3
12	5	15	4	-21737625	1
12	5	15	5	3459268120	3
12	5	15	6	-5847759610	3
12	5	15	7	-11985050	1
12	5	15	8	1346990480	1
12	5	15	9	-3999282980	9
12	5	15	10	-145378915	3
12	5	15	11	28265180	3
12	5	16	3	-207232025	9
12	5	16	5	47822775	1
12	5	16	6	-17198098280	9
12	5	16	7	7498623440	3
12	5	16	8	30596060	1
12	5	16	9	-9341570150	9
12	5	16	10	2314644640	9
12	5	16	11	63161755	3
12	5	16	12	-27202840	9
12	5	17	4	207232025	3
12	5	17	6	-79704625	1
12	5	17	7	2442533720	1
12	5	17	8	-7478163385	3
12	5	17	9	-116917460	3
12	5	17	10	5548810355	9
12	5	17	11	-1012873190	9
12	5	17	12	-20079065	3
12	5	17	13	6027080	9
12	5	18	5	-455910455	3
12	5	18	7	102477375	1
12	5	18	8	-2427897560	1
12	5	18	9	17400104645	9
12	5	18	10	98740840	3
12	5	18	11	-831669385	3
12	5	18	12	324328130	9
12	5	18	13	4408645	3
12	5	18	14	-274850	3
12	5	19	6	2279552275	9
12	5	19	8	-102477375	1
12	5	19	9	16890767960	9
12	5	19	10	-10410002680	9
12	5	19	11	-58463350	3
12	5	19	12	91340370	1
12	5	19	13	-71725360	9
12	5	19	14	-597715	3
12	5	19	15	17500	3
12	5	20	7	-325650325	1
12	5	20	9	79704625	1
12	5	20	10	-3356844040	3
12	5	20	11	4717852790	9
12	5	20	12	8070700	1
12	5	20	13	-187365860	9
12	5	20	14	9793340	9
12	5	20	15	37715	3
12	5	21	8	325650325	1
12	5	21	10	-47822775	1
12	5	21	11	1515969880	3
12	5	21	12	-1567865285	9
12	5	21	13	-6723640	3
12	5	21	14	8804875	3
12	5	21	15	-69130	1
12	5	22	9	-2279552275	9
12	5	22	11	21737625	1
12	5	22	12	-1505922040	9
12	5	22	13	360697015	9
12	5	22	14	1129480	3
12	5	22	15	-1736365	9
12	5	23	10	455910455	3
12	5	23	12	-7245875	1
12	5	23	13	115053640	3
12	5	23	14	-51365510	9
12	5	23	15	-87010	3
12	5	24	11	-207232025	3
12	5	24	13	1672125	1
12	5	24	14	-16321960	3
12	5	24	15	379260	1
12	5	25	12	207232025	9
12	5	25	14	-238875	1
12	5	25	15	3241160	9
12	5	26	13	-15940925	3
12	5	26	15	15925	1
12	5	27	14	2277275	3
12	5	28	15	-455455	9
12	6	4	0	82780	27
12	6	5	0	22945	3
12	6	5	1	-1220840	27
12	6	6	0	-3122410	27
12	6	6	1	-1003855	9
12	6	6	2	2795930	9
12	6	7	0	-5810240	27
12	6	7	1	45754040	27
12	6	7	2	6822265	9
12	6	7	3	-35612380	27
12	6	8	0	4261900	27
12	6	8	1	86606630	27
12	6	8	2	-312541600	27
12	6	8	3	-28660145	9
12	6	8	4	104492000	27
12	6	9	0	17014375	27
12	6	9	1	-6859400	3
12	6	9	2	-200670205	9
12	6	9	3	1320117190	27
12	6	9	4	83228515	9
12	6	9	5	-74810120	9
12	6	10	0	17419850	27
12	6	10	1	-254858345	27
12	6	10	2	138736400	9
12	6	10	3	862875985	9
12	6	10	4	-3855542390	27
12	6	10	5	-176964535	9
12	6	10	6	13500190	1
12	6	11	0	-3230500	27
12	6	11	1	-86489410	9
12	6	11	2	1781218180	27
12	6	11	3	-1732011380	27
12	6	11	4	-7700543210	27
12	6	11	5	8246932540	27
12	6	11	6	284587985	9
12	6	11	7	-151941460	9
12	6	12	1	16152500	9
12	6	12	2	601046110	9
12	6	12	3	-7705301170	27
12	6	12	4	552635540	3
12	6	12	5	5595493420	9
12	6	12	6	-4448319260	9
12	6	12	7	-117484235	3
12	6	12	8	49164940	3
12	6	13	0	-4554550	27
12	6	13	2	-113067500	9
12	6	13	3	-7755239590	27
12	6	13	4	23072411705	27
12	6	13	5	-3478716560	9
12	6	13	6	-27701708485	27
12	6	13	7	5544502150	9
12	6	13	8	112964555	3
12	6	13	9	-333407800	27
12	6	14	1	22772750	9
12	6	14	3	1469877500	27
12	6	14	4	7695475270	9
12	6	14	5	-50656015795	27
12	6	14	6	16521689800	27
12	6	14	7	11746467535	9
12	6	14	8	-5366357810	9
12	6	14	9	-84322535	3
12	6	14	10	193391330	27
12	6	15	2	-159409250	9
12	6	15	4	-1469877500	9
12	6	15	5	-16795514890	9
12	6	15	6	28080744230	9
12	6	15	7	-743858500	1
12	6	15	8	-3871141340	3
12	6	15	9	12097919680	27
12	6	15	10	145378915	9
12	6	15	11	-28265180	9
12	6	16	3	2072320250	27
12	6	16	5	3233730500	9
12	6	16	6	83289878210	27
12	6	16	7	-36019642120	9
12	6	16	8	2098761940	3
12	6	16	9	26770778870	27
12	6	16	10	-6999839000	27
12	6	16	11	-63161755	9
12	6	16	12	27202840	27
12	6	17	4	-2072320250	9
12	6	17	6	-16168652500	27
12	6	17	7	-11798191790	3
12	6	17	8	35930511155	9
12	6	17	9	-13732339720	27
12	6	17	10	-15856300625	27
12	6	17	11	3061884490	27
12	6	17	12	20079065	9
12	6	17	13	-6027080	27
12	6	18	5	4559104550	9
12	6	18	7	2309807500	3
12	6	18	8	11695738670	3
12	6	18	9	-83618685535	27
12	6	18	10	849585440	3
12	6	18	11	2369775535	9
12	6	18	12	-979947850	27
12	6	18	13	-4408645	9
12	6	18	14	274850	9
12	6	19	6	-22795522750	27
12	6	19	8	-2309807500	3
12	6	19	9	-81138565970	27
12	6	19	10	50033207840	27
12	6	19	11	-1065944900	9
12	6	19	12	-86505870	1
12	6	19	13	216585740	27
12	6	19	14	597715	9
12	6	19	15	-17500	9
12	6	20	7	3256503250	3
12	6	20	9	16168652500	27
12	6	20	10	16078546330	9
12	6	20	11	-22676784970	27
12	6	20	12	970628300	27
12	6	20	13	530804480	27
12	6	20	14	-29551540	27
12	6	20	15	-37715	9
12	6	21	8	-3256503250	3
12	6	21	10	-3233730500	9
12	6	21	11	-7239351910	9
12	6	21	12	7536150055	27
12	6	21	13	-22373120	3
12	6	21	14	-24871345	9
12	6	21	15	208430	3
12	6	22	9	22795522750	27
12	6	22	11	1469877500	9
12	6	22	12	7169017030	27
12	6	22	13	-1733651045	27
12	6	22	14	8480120	9
12	6	22	15	4890355	27
12	6	23	10	-4559104550	9
12	6	23	12	-1469877500	27
12	6	23	13	-545957230	9
12	6	23	14	246856330	27
12	6	23	15	-1468180	27
12	6	24	11	2072320250	9
12	6	24	13	113067500	9
12	6	24	14	77193970	9
12	6	24	15	-607460	1
12	6	25	12	-2072320250	27
12	6	25	14	-16152500	9
12	6	25	15	-15276170	27
12	6	26	13	159409250	9
12	6	26	15	3230500	27
12	6	27	14	-22772750	9
12	6	28	15	4554550	27
12	7	6	0	596560	9
12	7	7	0	365080	3
12	7	7	1	-8744600	9
12	7	8	0	-2605400	9
12	7	8	1	-5434000	3
12	7	8	2	59750320	9
12	7	9	0	-6294400	9
12	7	9	1	12668600	3
12	7	9	2	12572540	1
12	7	9	3	-252431080	9
12	7	10	0	-2073200	3
12	7	10	1	94340540	9
12	7	10	2	-28700400	1
12	7	10	3	-53982980	1
12	7	10	4	737378000	9
12	7	11	0	3812900	9
12	7	11	1	10278880	1
12	7	11	2	-659707540	9
12	7	11	3	1084868740	9
12	7	11	4	481054720	3
12	7	11	5	-1577423320	9
12	7	12	1	-19064500	3
12	7	12	2	-71326480	1
12	7	12	3	2855177380	9
12	7	12	4	-1049494760	3
12	7	12	5	-349037480	1
12	7	12	6	850902800	3
12	7	13	0	325325	1
12	7	13	2	133451500	3
12	7	13	3	918907120	3
12	7	13	4	-8553041000	9
12	7	13	5	743003360	1
12	7	13	6	1725425900	3
12	7	13	7	-1060601080	3
12	7	14	1	-4879875	1
12	7	14	3	-1734869500	9
12	7	14	4	-910369360	1
12	7	14	5	18785303020	9
12	7	14	6	-10735300400	9
12	7	14	7	-730547180	1
12	7	14	8	1026483920	3
12	7	15	2	34159125	1
12	7	15	4	1734869500	3
12	7	15	5	1983593920	1
12	7	15	6	-10416732260	3
12	7	15	7	1473587500	1
12	7	15	8	721185960	1
12	7	15	9	-2313896200	9
12	7	16	3	-148022875	1
12	7	16	5	-3816712900	3
12	7	16	6	-9819727280	3
12	7	16	7	13365174460	3
12	7	16	8	-1412058120	1
12	7	16	9	-1659924640	3
12	7	16	10	1338626960	9
12	7	17	4	444068625	1
12	7	17	6	19083564500	9
12	7	17	7	4165442160	1
12	7	17	8	-13334850320	3
12	7	17	9	9443103560	9
12	7	17	10	981665740	3
12	7	17	11	-585431800	9
12	7	18	5	-976950975	1
12	7	18	7	-2726223500	1
12	7	18	8	-4121533680	1
12	7	18	9	31038109300	9
12	7	18	10	-1798224560	3
12	7	18	11	-146486300	1
12	7	18	12	187319920	9
12	7	19	6	1628251625	1
12	7	19	8	2726223500	1
12	7	19	9	9512396960	3
12	7	19	10	-18573578540	9
12	7	19	11	258435900	1
12	7	19	12	48050640	1
12	7	19	13	-41388680	9
12	7	20	7	-2093466375	1
12	7	20	9	-19083564500	9
12	7	20	10	-1881169840	1
12	7	20	11	8418653740	9
12	7	20	12	-732255400	9
12	7	20	13	-32708440	3
12	7	20	14	5645200	9
12	7	21	8	2093466375	1
12	7	21	10	3816712900	3
12	7	21	11	845208880	1
12	7	21	12	-2797780840	9
12	7	21	13	52939280	3
12	7	21	14	1530140	1
12	7	21	15	-39800	1
12	7	22	9	-1628251625	1
12	7	22	11	-1734869500	3
12	7	22	12	-835161040	3
12	7	22	13	643588580	9
12	7	22	14	-2355920	1
12	7	22	15	-300380	3
12	7	23	10	976950975	1
12	7	23	12	1734869500	9
12	7	23	13	63456640	1
12	7	23	14	-91633300	9
12	7	23	15	1312340	9
12	7	24	11	-444068625	1
12	7	24	13	-133451500	3
12	7	24	14	-8950960	1
12	7	24	15	676380	1
12	7	25	12	148022875	1
12	7	25	14	19064500	3
12	7	25	15	1766960	3
12	7	26	13	-34159125	1
12	7	26	15	-3812900	9
12	7	27	14	4879875	1
12	7	28	15	-325325	1
12	8	6	0	-149140	9
12	8	7	0	-91270	3
12	8	7	1	2186150	9
12	8	8	0	2432900	9
12	8	8	1	1358500	3
12	8	8	2	-14937580	9
12	8	9	0	4634725	9
12	8	9	1	-11856650	3
12	8	9	2	-3143135	1
12	8	9	3	63107770	9
12	8	10	0	1268450	3
12	8	10	1	-69494585	9
12	8	10	2	26930100	1
12	8	10	3	13495745	1
12	8	10	4	-184344500	9
12	8	11	0	-6686225	9
12	8	11	1	-6287800	1
12	8	11	2	486147910	9
12	8	11	3	-1020921235	9
12	8	11	4	-120263680	3
12	8	11	5	394355830	9
12	8	12	1	33431125	3
12	8	12	2	43623550	1
12	8	12	3	-2104729720	9
12	8	12	4	990892640	3
12	8	12	5	87259370	1
12	8	12	6	-212725700	3
12	8	13	0	-325325	1
12	8	13	2	-234017875	3
12	8	13	3	-561895450	3
12	8	13	4	6306848975	9
12	8	13	5	-704134640	1
12	8	13	6	-431356475	3
12	8	13	7	265150270	3
12	8	14	1	4879875	1
12	8	14	3	3042232375	9
12	8	14	4	556559350	1
12	8	14	5	-13855479055	9
12	8	14	6	10216685600	9
12	8	14	7	182636795	1
12	8	14	8	-256620980	3
12	8	15	2	-34159125	1
12	8	15	4	-3042232375	3
12	8	15	5	-1212418900	1
12	8	15	6	7684746740	3
12	8	15	7	-1409109625	1
12	8	15	8	-180296490	1
12	8	15	9	578474050	9
12	8	16	3	148022875	1
12	8	16	5	6692911225	3
12	8	16	6	6000693050	3
12	8	16	7	-9861683590	3
12	8	16	8	1357602180	1
12	8	16	9	414981160	3
12	8	16	10	-334656740	9
12	8	17	4	-444068625	1
12	8	17	6	-33464556125	9
12	8	17	7	-2544842850	1
12	8	17	8	9840722705	3
12	8	17	9	-9134979590	9
12	8	17	10	-245416435	3
12	8	17	11	146357950	9
12	8	18	5	976950975	1
12	8	18	7	4780650875	1
12	8	18	8	2517400050	1
12	8	18	9	-22907670775	9
12	8	18	10	1751802140	3
12	8	18	11	36621575	1
12	8	18	12	-46829980	9
12	8	19	6	-1628251625	1
12	8	19	8	-4780650875	1
12	8	19	9	-5808611600	3
12	8	19	10	13709223110	9
12	8	19	11	-253795725	1
12	8	19	12	-12012660	1
12	8	19	13	10347170	9
12	8	20	7	2093466375	1
12	8	20	9	33464556125	9
12	8	20	10	1148403850	1
12	8	20	11	-6214076260	9
12	8	20	12	725788600	9
12	8	20	13	8177110	3
12	8	20	14	-1411300	9
12	8	21	8	-2093466375	1
12	8	21	10	-6692911225	3
12	8	21	11	-515834050	1
12	8	21	12	2065140985	9
12	8	21	13	-53036420	3
12	8	21	14	-382535	1
12	8	21	15	9950	1
12	8	22	9	1628251625	1
12	8	22	11	3042232375	3
12	8	22	12	509554150	3
12	8	22	13	-475042145	9
12	8	22	14	2389880	1
12	8	22	15	75095	3
12	8	23	10	-976950975	1
12	8	23	12	-3042232375	9
12	8	23	13	-38704900	1
12	8	23	14	67631800	9
12	8	23	15	-1350935	9
12	8	24	11	444068625	1
12	8	24	13	234017875	3
12	8	24	14	5457850	1
12	8	24	15	-499170	1
12	8	25	12	-148022875	1
12	8	25	14	-33431125	3
12	8	25	15	-1077050	3
12	8	26	13	34159125	1
12	8	26	15	6686225	9
12	8	27	14	-4879875	1
12	8	28	15	325325	1
12	9	8	0	-395900	3
12	9	9	0	-226750	1
12	9	9	1	1931000	1
12	9	10	0	-68250	1
12	9	10	1	3400700	1
12	9	10	2	-13170000	1
12	9	11	0	2400125	3
12	9	11	1	1023750	1
12	9	11	2	-23794150	1
12	9	11	3	166600900	3
12	9	12	1	-12000625	1
12	9	12	2	-7166250	1
12	9	12	3	103032250	1
12	9	12	4	-161893100	1
12	9	13	2	84004375	1
12	9	13	3	31053750	1
12	9	13	4	-308784350	1
12	9	13	5	345589200	1
12	9	14	3	-1092056875	3
12	9	14	4	-93161250	1
12	9	14	5	678455800	1
12	9	14	6	-1673969000	3
12	9	15	4	1092056875	1
12	9	15	5	204954750	1
12	9	15	6	-1129014150	1
12	9	15	7	693808500	1
12	9	16	5	-2402525125	1
12	9	16	6	-341591250	1
12	9	16	7	1448975550	1
12	9	16	8	-669725100	1
12	9	17	6	12012625625	3
12	9	17	7	439188750	1
12	9	17	8	-1446002250	1
12	9	17	9	1505378600	3
12	9	18	7	-5148268125	1
12	9	18	8	-439188750	1
12	9	18	9	1122084700	1
12	9	18	10	-289388000	1
12	9	19	8	5148268125	1
12	9	19	9	341591250	1
12	9	19	10	-671542850	1
12	9	19	11	126124500	1
12	9	20	9	-12012625625	3
12	9	20	10	-204954750	1
12	9	20	11	304400950	1
12	9	20	12	-120605500	3
12	9	21	10	2402525125	1
12	9	21	11	93161250	1
12	9	21	12	-101162650	1
12	9	21	13	8844800	1
12	9	22	11	-1092056875	1
12	9	22	12	-31053750	1
12	9	22	13	23270000	1
12	9	22	14	-1200600	1
12	9	23	12	1092056875	3
12	9	23	13	7166250	1
12	9	23	14	-3312850	1
12	9	23	15	227300	3
12	9	24	13	-84004375	1
12	9	24	14	-1023750	1
12	9	24	15	220050	1
12	9	25	14	12000625	1
12	9	25	15	68250	1
12	9	26	15	-2400125	3
12	10	8	0	79180	3
12	10	9	0	45350	1
12	10	9	1	-386200	1
12	10	10	0	-84800	1
12	10	10	1	-680140	1
12	10	10	2	2634000	1
12	10	11	0	-1606150	3
12	10	11	1	1250220	1
12	10	11	2	4758830	1
12	10	11	3	-33320180	3
12	10	12	1	8030750	1
12	10	12	2	-8595120	1
12	10	12	3	-20606450	1
12	10	12	4	32378620	1
12	10	13	0	455455	1
12	10	13	2	-56215250	1
12	10	13	3	36550760	1
12	10	13	4	61756870	1
12	10	13	5	-69117840	1
12	10	14	1	-6831825	1
12	10	14	3	730798250	3
12	10	14	4	-107517840	1
12	10	14	5	-135691160	1
12	10	14	6	334793800	3
12	10	15	2	47822775	1
12	10	15	4	-730798250	1
12	10	15	5	231734580	1
12	10	15	6	225802830	1
12	10	15	7	-138761700	1
12	10	16	3	-207232025	1
12	10	16	5	1607756150	1
12	10	16	6	-378037440	1
12	10	16	7	-289795110	1
12	10	16	8	133945020	1
12	10	17	4	621696075	1
12	10	17	6	-8038780750	3
12	10	17	7	475295040	1
12	10	17	8	289200450	1
12	10	17	9	-301075720	3
12	10	18	5	-1367731365	1
12	10	18	7	3445191750	1
12	10	18	8	-464317920	1
12	10	18	9	-224416940	1
12	10	18	10	57877600	1
12	10	19	6	2279552275	1
12	10	19	8	-3445191750	1
12	10	19	9	352426580	1
12	10	19	10	134308570	1
12	10	19	11	-25224900	1
12	10	20	7	-2930852925	1
12	10	20	9	8038780750	3
12	10	20	10	-206128560	1
12	10	20	11	-60880190	1
12	10	20	12	24121100	3
12	10	21	8	2930852925	1
12	10	21	10	-1607756150	1
12	10	21	11	91227720	1
12	10	21	12	20232530	1
12	10	21	13	-1768960	1
12	10	22	9	-2279552275	1
12	10	22	11	730798250	1
12	10	22	12	-29571920	1
12	10	22	13	-4654000	1
12	10	22	14	240120	1
12	10	23	10	1367731365	1
12	10	23	12	-730798250	3
12	10	23	13	6627660	1
12	10	23	14	662570	1
12	10	23	15	-45460	3
12	10	24	11	-621696075	1
12	10	24	13	56215250	1
12	10	24	14	-918240	1
12	10	24	15	-44010	1
12	10	25	12	207232025	1
12	10	25	14	-8030750	1
12	10	25	15	59280	1
12	10	26	13	-47822775	1
12	10	26	15	1606150	3
12	10	27	14	6831825	1
12	10	28	15	-455455	1
12	11	10	0	53700	1
12	11	11	0	204750	1
12	11	11	1	-793620	1
12	11	12	1	-3071250	1
12	11	12	2	5470020	1
12	11	13	0	-621075	1
12	11	13	2	21498750	1
12	11	13	3	-23324460	1
12	11	14	1	9316125	1
12	11	14	3	-93161250	1
12	11	14	4	68809140	1
12	11	15	2	-65212875	1
12	11	15	4	279483750	1
12	11	15	5	-148759380	1
12	11	16	3	282589125	1
12	11	16	5	-614864250	1
12	11	16	6	243466740	1
12	11	17	4	-847767375	1
12	11	17	6	1024773750	1
12	11	17	7	-307163340	1
12	11	18	5	1865088225	1
12	11	18	7	-1317566250	1
12	11	18	8	301175820	1
12	11	19	6	-3108480375	1
12	11	19	8	1317566250	1
12	11	19	9	-229497180	1
12	11	20	7	3996617625	1
12	11	20	9	-1024773750	1
12	11	20	10	134792460	1
12	11	21	8	-3996617625	1
12	11	21	10	614864250	1
12	11	21	11	-59923620	1
12	11	22	9	3108480375	1
12	11	22	11	-279483750	1
12	11	22	12	19517820	1
12	11	23	10	-1865088225	1
12	11	23	12	93161250	1
12	11	23	13	-4396860	1
12	11	24	11	847767375	1
12	11	24	13	-21498750	1
12	11	24	14	612540	1
12	11	25	12	-282589125	1
12	11	25	14	3071250	1
12	11	25	15	-39780	1
12	11	26	13	65212875	1
12	11	26	15	-204750	1
12	11	27	14	-9316125	1
12	11	28	15	621075	1
12	12	10	0	-8950	1
12	12	11	0	-34125	1
12	12	11	1	132270	1
12	12	12	1	511875	1
12	12	12	2	-911670	1
12	12	13	0	414050	1
12	12	13	2	-3583125	1
12	12	13	3	3887410	1
12	12	14	1	-6210750	1
12	12	14	3	15526875	1
12	12	14	4	-11468190	1
12	12	15	2	43475250	1
12	12	15	4	-46580625	1
12	12	15	5	24793230	1
12	12	16	3	-188392750	1
12	12	16	5	102477375	1
12	12	16	6	-40577790	1
12	12	17	4	565178250	1
12	12	17	6	-170795625	1
12	12	17	7	51193890	1
12	12	18	5	-1243392150	1
12	12	18	7	219594375	1
12	12	18	8	-50195970	1
12	12	19	6	2072320250	1
12	12	19	8	-219594375	1
12	12	19	9	38249530	1
12	12	20	7	-2664411750	1
12	12	20	9	170795625	1
12	12	20	10	-22465410	1
12	12	21	8	2664411750	1
12	12	21	10	-102477375	1
12	12	21	11	9987270	1
12	12	22	9	-2072320250	1
12	12	22	11	46580625	1
12	12	22	12	-3252970	1
12	12	23	10	1243392150	1
12	12	23	12	-15526875	1
12	12	23	13	732810	1
12	12	24	11	-565178250	1
12	12	24	13	3583125	1
12	12	24	14	-102090	1
12	12	25	12	188392750	1
12	12	25	14	-511875	1
12	12	25	15	6630	1
12	12	26	13	-43475250	1
12	12	26	15	34125	1
12	12	27	14	6210750	1
12	12	28	15	-414050	1
12	13	13	0	-143325	1
12	13	14	1	2149875	1
12	13	15	2	-15049125	1
12	13	16	3	65212875	1
12	13	17	4	-195638625	1
12	13	18	5	430404975	1
12	13	19	6	-717341625	1
12	13	20	7	922296375	1
12	13	21	8	-922296375	1
12	13	22	9	717341625	1
12	13	23	10	-430404975	1
12	13	24	11	195638625	1
12	13	25	12	-65212875	1
12	13	26	13	15049125	1
12	13	27	14	-2149875	1
12	13	28	15	143325	1
12	14	13	0	20475	1
12	14	14	1	-307125	1
12	14	15	2	2149875	1
12	14	16	3	-9316125	1
12	14	17	4	27948375	1
12	14	18	5	-61486425	1
12	14	19	6	102477375	1
12	14	20	7	-131756625	1
12	14	21	8	131756625	1
12	14	22	9	-102477375	1
12	14	23	10	61486425	1
12	14	24	11	-27948375	1
12	14	25	12	9316125	1
12	14	26	13	-2149875	1
12	14	27	14	307125	1
12	14	28	15	-20475	1
13	0	0	0	2860	729
13	0	0	2	-425	486
13	0	1	0	-3440	729
13	0	1	1	-41960	729
13	0	1	3	5525	486
13	0	2	0	11890	729
13	0	2	1	1660	27
13	0	2	2	289900	729
13	0	2	4	-5525	81
13	0	3	0	22930	729
13	0	3	1	-19870	81
13	0	3	2	-266800	729
13	0	3	3	-1251640	729
13	0	3	5	60775	243
13	0	4	0	-33800	729
13	0	4	1	-333830	729
13	0	4	2	1252070	729
13	0	4	3	954980	729
13	0	4	4	3777020	729
13	0	4	6	-303875	486
13	0	5	0	-60290	729
13	0	5	1	170480	243
13	0	5	2	2263960	729
13	0	5	3	-5413330	729
13	0	5	4	-756080	243
13	0	5	5	-8437000	729
13	0	5	7	60775	54
13	0	6	0	19660	729
13	0	6	1	296690	243
13	0	6	2	-3608530	729
13	0	6	3	-9486100	729
13	0	6	4	5387590	243
13	0	6	5	3692260	729
13	0	6	6	4801940	243
13	0	6	8	-121550	81
13	0	7	0	42460	729
13	0	7	1	-287540	729
13	0	7	2	-6129190	729
13	0	7	3	15748850	729
13	0	7	4	27458990	729
13	0	7	5	-35299550	729
13	0	7	6	-148720	27
13	0	7	7	-6377800	243
13	0	7	9	121550	81
13	0	8	0	25900	729
13	0	8	1	-641180	729
13	0	8	2	1961935	729
13	0	8	3	26115050	729
13	0	8	4	-15849340	243
13	0	8	5	-58153810	729
13	0	8	6	19417970	243
13	0	8	7	271700	81
13	0	8	8	6638060	243
13	0	8	10	-60775	54
13	0	9	0	-1660	81
13	0	9	1	-128600	243
13	0	9	2	4516810	729
13	0	9	3	-8284315	729
13	0	9	4	-25664470	243
13	0	9	5	105193660	729
13	0	9	6	31022420	243
13	0	9	7	-8218210	81
13	0	9	8	80080	243
13	0	9	9	-16227640	729
13	0	9	11	303875	486
13	0	10	0	-3410	243
13	0	10	1	74440	243
13	0	10	2	2681930	729
13	0	10	3	-19690450	729
13	0	10	4	24209510	729
13	0	10	5	166373350	729
13	0	10	6	-241670	1
13	0	10	7	-38192440	243
13	0	10	8	24279970	243
13	0	10	9	-2250820	729
13	0	10	10	10258820	729
13	0	10	12	-60775	243
13	0	11	0	-350	81
13	0	11	1	17090	81
13	0	11	2	-57700	27
13	0	11	3	-11541790	729
13	0	11	4	59405840	729
13	0	11	5	-51864670	729
13	0	11	6	-90734930	243
13	0	11	7	8424130	27
13	0	11	8	36457850	243
13	0	11	9	-55631290	729
13	0	11	10	286000	81
13	0	11	11	-4936360	729
13	0	11	13	5525	81
13	0	12	1	1750	27
13	0	12	2	-359740	243
13	0	12	3	2242760	243
13	0	12	4	3820960	81
13	0	12	5	-131388400	729
13	0	12	6	28048735	243
13	0	12	7	12716990	27
13	0	12	8	-76076000	243
13	0	12	9	-80925130	729
13	0	12	10	3630770	81
13	0	12	11	-1719380	729
13	0	12	12	1748500	729
13	0	12	14	-5525	486
13	0	13	0	-70	243
13	0	13	2	-12250	27
13	0	13	3	1562600	243
13	0	13	4	-6706180	243
13	0	13	5	-75140780	729
13	0	13	6	73357570	243
13	0	13	7	-35092915	243
13	0	13	8	-112219250	243
13	0	13	9	177989240	729
13	0	13	10	46011680	729
13	0	13	11	-14493830	729
13	0	13	12	754000	729
13	0	13	13	-430040	729
13	0	13	15	425	486
13	0	14	1	350	81
13	0	14	3	159250	81
13	0	14	4	-1566370	81
13	0	14	5	4902040	81
13	0	14	6	13820950	81
13	0	14	7	-94756090	243
13	0	14	8	34136960	243
13	0	14	9	256569170	729
13	0	14	10	-35668490	243
13	0	14	11	-19732180	729
13	0	14	12	4698070	729
13	0	14	13	-71740	243
13	0	14	14	65620	729
13	0	15	2	-2450	81
13	0	15	4	-159250	27
13	0	15	5	10363210	243
13	0	15	6	-24432980	243
13	0	15	7	-17650490	81
13	0	15	8	95166500	243
13	0	15	9	-77454520	729
13	0	15	10	-50245910	243
13	0	15	11	48700990	729
13	0	15	12	6174610	729
13	0	15	13	-350110	243
13	0	15	14	36560	729
13	0	15	15	-520	81
13	0	16	3	31850	243
13	0	16	5	350350	27
13	0	16	6	-5771480	81
13	0	16	7	10439000	81
13	0	16	8	52598260	243
13	0	16	9	-222945580	729
13	0	16	10	45172985	729
13	0	16	11	67043470	729
13	0	16	12	-16242980	729
13	0	16	13	-1329950	729
13	0	16	14	144770	729
13	0	16	15	-940	243
13	0	17	4	-31850	81
13	0	17	6	-1751750	81
13	0	17	7	826540	9
13	0	17	8	-3469180	27
13	0	17	9	-121916080	729
13	0	17	10	134261270	729
13	0	17	11	-19951165	729
13	0	17	12	-21850790	729
13	0	17	13	1249300	243
13	0	17	14	176140	729
13	0	17	15	-1030	81
13	0	18	5	70070	81
13	0	18	7	250250	9
13	0	18	8	-7457450	81
13	0	18	9	8070920	81
13	0	18	10	24222770	243
13	0	18	11	-61234030	729
13	0	18	12	6459310	729
13	0	18	13	1642150	243
13	0	18	14	-534970	729
13	0	18	15	-400	27
13	0	19	6	-350350	243
13	0	19	8	-250250	9
13	0	19	9	17444570	243
13	0	19	10	-14485900	243
13	0	19	11	-32815250	729
13	0	19	12	20473960	729
13	0	19	13	-1447190	729
13	0	19	14	-687010	729
13	0	19	15	11870	243
13	0	20	7	50050	27
13	0	20	9	1751750	81
13	0	20	10	-3497780	81
13	0	20	11	729560	27
13	0	20	12	10867480	729
13	0	20	13	-4737800	729
13	0	20	14	200635	729
13	0	20	15	14890	243
13	0	21	8	-50050	27
13	0	21	10	-350350	27
13	0	21	11	4781920	243
13	0	21	12	-2182700	243
13	0	21	13	-276860	81
13	0	21	14	678490	729
13	0	21	15	-4325	243
13	0	22	9	350350	243
13	0	22	11	159250	27
13	0	22	12	-1598090	243
13	0	22	13	502360	243
13	0	22	14	353690	729
13	0	22	15	-15110	243
13	0	23	10	-70070	81
13	0	23	12	-159250	81
13	0	23	13	123250	81
13	0	23	14	-23860	81
13	0	23	15	-7810	243
13	0	24	11	31850	81
13	0	24	13	12250	27
13	0	24	14	-52960	243
13	0	24	15	4760	243
13	0	25	12	-31850	243
13	0	25	14	-1750	27
13	0	25	15	1180	81
13	0	26	13	2450	81
13	0	26	15	350	81
13	0	27	14	-350	81
13	0	28	15	70	243
13	1	0	0	-2860	243
13	1	1	0	1720	81
13	1	1	1	41960	243
13	1	2	0	-23780	243
13	1	2	1	-830	3
13	1	2	2	-289900	243
13	1	3	0	-57325	243
13	1	3	1	39740	27
13	1	3	2	133400	81
13	1	3	3	1251640	243
13	1	4	0	33800	81
13	1	4	1	834575	243
13	1	4	2	-2504140	243
13	1	4	3	-477490	81
13	1	4	4	-3777020	243
13	1	5	0	211015	243
13	1	5	1	-170480	27
13	1	5	2	-5659900	243
13	1	5	3	10826660	243
13	1	5	4	378040	27
13	1	5	5	8437000	243
13	1	6	0	-78640	243
13	1	6	1	-1038415	81
13	1	6	2	3608530	81
13	1	6	3	23715250	243
13	1	6	4	-10775180	81
13	1	6	5	-1846130	81
13	1	6	6	-4801940	81
13	1	7	0	-21230	27
13	1	7	1	1150160	243
13	1	7	2	21452165	243
13	1	7	3	-15748850	81
13	1	7	4	-68647475	243
13	1	7	5	70599100	243
13	1	7	6	74360	3
13	1	7	7	6377800	81
13	1	8	0	-129500	243
13	1	8	1	320590	27
13	1	8	2	-7847740	243
13	1	8	3	-91402675	243
13	1	8	4	15849340	27
13	1	8	5	145384525	243
13	1	8	6	-38835940	81
13	1	8	7	-135850	9
13	1	8	8	-6638060	81
13	1	9	0	9130	27
13	1	9	1	643000	81
13	1	9	2	-2258405	27
13	1	9	3	33137260	243
13	1	9	4	89825645	81
13	1	9	5	-105193660	81
13	1	9	6	-77556050	81
13	1	9	7	16436420	27
13	1	9	8	-40040	27
13	1	9	9	16227640	243
13	1	10	0	6820	27
13	1	10	1	-409420	81
13	1	10	2	-13409650	243
13	1	10	3	9845225	27
13	1	10	4	-96838040	243
13	1	10	5	-582306725	243
13	1	10	6	2175030	1
13	1	10	7	95481100	81
13	1	10	8	-48559940	81
13	1	10	9	1125410	81
13	1	10	10	-10258820	243
13	1	11	0	2275	27
13	1	11	1	-34180	9
13	1	11	2	317350	9
13	1	11	3	57708950	243
13	1	11	4	-29702920	27
13	1	11	5	207458680	243
13	1	11	6	317572255	81
13	1	11	7	-8424130	3
13	1	11	8	-91144625	81
13	1	11	9	111262580	243
13	1	11	10	-143000	9
13	1	11	11	4936360	243
13	1	12	1	-11375	9
13	1	12	2	719480	27
13	1	12	3	-12335180	81
13	1	12	4	-19104800	27
13	1	12	5	65694200	27
13	1	12	6	-112194940	81
13	1	12	7	-44509465	9
13	1	12	8	76076000	27
13	1	12	9	202312825	243
13	1	12	10	-7261540	27
13	1	12	11	859690	81
13	1	12	12	-1748500	243
13	1	13	0	175	27
13	1	13	2	79625	9
13	1	13	3	-3125200	27
13	1	13	4	36883990	81
13	1	13	5	375703900	243
13	1	13	6	-36678785	9
13	1	13	7	140371660	81
13	1	13	8	392767375	81
13	1	13	9	-177989240	81
13	1	13	10	-115029200	243
13	1	13	11	28987660	243
13	1	13	12	-377000	81
13	1	13	13	430040	243
13	1	14	1	-875	9
13	1	14	3	-1035125	27
13	1	14	4	3132740	9
13	1	14	5	-26961220	27
13	1	14	6	-69104750	27
13	1	14	7	47378045	9
13	1	14	8	-136547840	81
13	1	14	9	-897992095	243
13	1	14	10	35668490	27
13	1	14	11	49330450	243
13	1	14	12	-9396140	243
13	1	14	13	35870	27
13	1	14	14	-65620	243
13	1	15	2	6125	9
13	1	15	4	1035125	9
13	1	15	5	-20726420	27
13	1	15	6	134381390	81
13	1	15	7	88252450	27
13	1	15	8	-47583250	9
13	1	15	9	309818080	243
13	1	15	10	175860685	81
13	1	15	11	-48700990	81
13	1	15	12	-15436525	243
13	1	15	13	700220	81
13	1	15	14	-18280	81
13	1	15	15	520	27
13	1	16	3	-79625	27
13	1	16	5	-2277275	9
13	1	16	6	11542960	9
13	1	16	7	-57414500	27
13	1	16	8	-262991300	81
13	1	16	9	111472790	27
13	1	16	10	-180691940	243
13	1	16	11	-234652145	243
13	1	16	12	16242980	81
13	1	16	13	3324875	243
13	1	16	14	-289540	243
13	1	16	15	470	27
13	1	17	4	79625	9
13	1	17	6	11386375	27
13	1	17	7	-1653080	1
13	1	17	8	19080490	9
13	1	17	9	609580400	243
13	1	17	10	-67130635	27
13	1	17	11	79804660	243
13	1	17	12	76477765	243
13	1	17	13	-1249300	27
13	1	17	14	-440350	243
13	1	17	15	2060	27
13	1	18	5	-175175	9
13	1	18	7	-1626625	3
13	1	18	8	14914900	9
13	1	18	9	-44390060	27
13	1	18	10	-121113850	81
13	1	18	11	30617015	27
13	1	18	12	-25837240	243
13	1	18	13	-5747525	81
13	1	18	14	534970	81
13	1	18	15	1000	9
13	1	19	6	875875	27
13	1	19	8	1626625	3
13	1	19	9	-34889140	27
13	1	19	10	79672450	81
13	1	19	11	164076250	243
13	1	19	12	-10236980	27
13	1	19	13	5788760	243
13	1	19	14	2404535	243
13	1	19	15	-11870	27
13	1	20	7	-125125	3
13	1	20	9	-11386375	27
13	1	20	10	6995560	9
13	1	20	11	-4012580	9
13	1	20	12	-54337400	243
13	1	20	13	2368900	27
13	1	20	14	-802540	243
13	1	20	15	-52115	81
13	1	21	8	125125	3
13	1	21	10	2277275	9
13	1	21	11	-9563840	27
13	1	21	12	12004850	81
13	1	21	13	1384300	27
13	1	21	14	-339245	27
13	1	21	15	17300	81
13	1	22	9	-875875	27
13	1	22	11	-1035125	9
13	1	22	12	3196180	27
13	1	22	13	-2762980	81
13	1	22	14	-1768450	243
13	1	22	15	7555	9
13	1	23	10	175175	9
13	1	23	12	1035125	27
13	1	23	13	-246500	9
13	1	23	14	131230	27
13	1	23	15	39050	81
13	1	24	11	-79625	9
13	1	24	13	-79625	9
13	1	24	14	105920	27
13	1	24	15	-26180	81
13	1	25	12	79625	27
13	1	25	14	11375	9
13	1	25	15	-2360	9
13	1	26	13	-6125	9
13	1	26	15	-2275	27
13	1	27	14	875	9
13	1	28	15	-175	27
13	2	0	0	2860	243
13	2	1	0	-1720	81
13	2	1	1	-41960	243
13	2	2	0	59450	243
13	2	2	1	830	3
13	2	2	2	289900	243
13	2	3	0	160510	243
13	2	3	1	-99350	27
13	2	3	2	-133400	81
13	2	3	3	-1251640	243
13	2	4	0	-143390	81
13	2	4	1	-2336810	243
13	2	4	2	6260350	243
13	2	4	3	477490	81
13	2	4	4	3777020	243
13	2	5	0	-934495	243
13	2	5	1	720160	27
13	2	5	2	15847720	243
13	2	5	3	-27066650	243
13	2	5	4	-378040	27
13	2	5	5	-8437000	243
13	2	6	0	494710	243
13	2	6	1	4598695	81
13	2	6	2	-15180460	81
13	2	6	3	-66402700	243
13	2	6	4	26937950	81
13	2	6	5	1846130	81
13	2	6	6	4801940	81
13	2	7	0	130720	27
13	2	7	1	-7249730	243
13	2	7	2	-95002445	243
13	2	7	3	65984750	81
13	2	7	4	192212930	243
13	2	7	5	-176497750	243
13	2	7	6	-74360	3
13	2	7	7	-6377800	81
13	2	8	0	803810	243
13	2	8	1	-657140	9
13	2	8	2	49562740	243
13	2	8	3	404783275	243
13	2	8	4	-22047610	9
13	2	8	5	-407076670	243
13	2	8	6	97089850	81
13	2	8	7	135850	9
13	2	8	8	6638060	81
13	2	9	0	-23440	9
13	2	9	1	-3993580	81
13	2	9	2	13870010	27
13	2	9	3	-209683240	243
13	2	9	4	-397799285	81
13	2	9	5	437291140	81
13	2	9	6	217156940	81
13	2	9	7	-41091050	27
13	2	9	8	40040	27
13	2	9	9	-16227640	243
13	2	10	0	-57460	27
13	2	10	1	3154270	81
13	2	10	2	83338720	243
13	2	10	3	-60388510	27
13	2	10	4	613927730	243
13	2	10	5	2578786925	243
13	2	10	6	-27021280	3
13	2	10	7	-267347080	81
13	2	10	8	121399850	81
13	2	10	9	-1125410	81
13	2	10	10	10258820	243
13	2	11	0	-18550	27
13	2	11	1	287740	9
13	2	11	2	-7336790	27
13	2	11	3	-358889570	243
13	2	11	4	6739460	1
13	2	11	5	-1317689230	243
13	2	11	6	-1406391415	81
13	2	11	7	104262730	9
13	2	11	8	255204950	81
13	2	11	9	-278156450	243
13	2	11	10	143000	9
13	2	11	11	-4936360	243
13	2	12	1	92750	9
13	2	12	2	-6051890	27
13	2	12	3	95083040	81
13	2	12	4	118893710	27
13	2	12	5	-401961560	27
13	2	12	6	713918920	81
13	2	12	7	197113345	9
13	2	12	8	-312690950	27
13	2	12	9	-566475910	243
13	2	12	10	18153850	27
13	2	12	11	-859690	81
13	2	12	12	1748500	243
13	2	13	0	-1225	27
13	2	13	2	-649250	9
13	2	13	3	26265850	27
13	2	13	4	-284381500	81
13	2	13	5	-2339760280	243
13	2	13	6	224153930	9
13	2	13	7	-894811060	81
13	2	13	8	-1739398375	81
13	2	13	9	728893880	81
13	2	13	10	322081760	243
13	2	13	11	-72469150	243
13	2	13	12	377000	81
13	2	13	13	-430040	243
13	2	14	1	6125	9
13	2	14	3	8440250	27
13	2	14	4	-26307320	9
13	2	14	5	69307810	9
13	2	14	6	430678820	27
13	2	14	7	-96397730	3
13	2	14	8	871952510	81
13	2	14	9	3976822135	243
13	2	14	10	-145536820	27
13	2	14	11	-138125260	243
13	2	14	12	23490350	243
13	2	14	13	-35870	27
13	2	14	14	65620	243
13	2	15	2	-42875	9
13	2	15	4	-8440250	9
13	2	15	5	173905160	27
13	2	15	6	-1036568390	81
13	2	15	7	-550431310	27
13	2	15	8	290101240	9
13	2	15	9	-1981746910	243
13	2	15	10	-778811605	81
13	2	15	11	197995330	81
13	2	15	12	43222270	243
13	2	15	13	-1750550	81
13	2	15	14	18280	81
13	2	15	15	-520	27
13	2	16	3	557375	27
13	2	16	5	18568550	9
13	2	16	6	-10752170	1
13	2	16	7	442965380	27
13	2	16	8	1641569930	81
13	2	16	9	-678818140	27
13	2	16	10	1157679380	243
13	2	16	11	1039173785	243
13	2	16	12	-65799110	81
13	2	16	13	-9309650	243
13	2	16	14	723850	243
13	2	16	15	-470	27
13	2	17	4	-557375	9
13	2	17	6	-92842750	27
13	2	17	7	13846690	1
13	2	17	8	-147238520	9
13	2	17	9	-3808041380	243
13	2	17	10	136105970	9
13	2	17	11	-512103280	243
13	2	17	12	-338687245	243
13	2	17	13	560300	3
13	2	17	14	1232980	243
13	2	17	15	-5150	27
13	2	18	5	1226225	9
13	2	18	7	13263250	3
13	2	18	8	-124824700	9
13	2	18	9	342606550	27
13	2	18	10	757230760	81
13	2	18	11	-186010370	27
13	2	18	12	166044190	243
13	2	18	13	25453325	81
13	2	18	14	-2151640	81
13	2	18	15	-2800	9
13	2	19	6	-6131125	27
13	2	19	8	-13263250	3
13	2	19	9	291740020	27
13	2	19	10	-615021550	81
13	2	19	11	-1026727390	243
13	2	19	12	62122060	27
13	2	19	13	-37254290	243
13	2	19	14	-10648655	243
13	2	19	15	47570	27
13	2	20	7	875875	3
13	2	20	9	92842750	27
13	2	20	10	-58445530	9
13	2	20	11	92938040	27
13	2	20	12	340325570	243
13	2	20	13	-1595440	3
13	2	20	14	5171680	243
13	2	20	15	230795	81
13	2	21	8	-875875	3
13	2	21	10	-18568550	9
13	2	21	11	79832870	27
13	2	21	12	-92697020	81
13	2	21	13	-8678080	27
13	2	21	14	2053970	27
13	2	21	15	-111620	81
13	2	22	9	6131125	27
13	2	22	11	8440250	9
13	2	22	12	-26656240	27
13	2	22	13	21337390	81
13	2	22	14	11096740	243
13	2	22	15	-15230	3
13	2	23	10	-1226225	9
13	2	23	12	-8440250	27
13	2	23	13	2054000	9
13	2	23	14	-337850	9
13	2	23	15	-245270	81
13	2	24	11	557375	9
13	2	24	13	649250	9
13	2	24	14	-881810	27
13	2	24	15	202220	81
13	2	25	12	-557375	27
13	2	25	14	-92750	9
13	2	25	15	19630	9
13	2	26	13	42875	9
13	2	26	15	18550	27
13	2	27	14	-6125	9
13	2	28	15	1225	27
13	3	2	0	-23780	81
13	3	3	0	-22930	27
13	3	3	1	39740	9
13	3	4	0	39260	9
13	3	4	1	333830	27
13	3	4	2	-2504140	81
13	3	5	0	753625	81
13	3	5	1	-587920	9
13	3	5	2	-2263960	27
13	3	5	3	10826660	81
13	3	6	0	-219470	27
13	3	6	1	-3708625	27
13	3	6	2	4106090	9
13	3	6	3	9486100	27
13	3	6	4	-10775180	27
13	3	7	0	-160300	9
13	3	7	1	3224170	27
13	3	7	2	76614875	81
13	3	7	3	-17741750	9
13	3	7	4	-27458990	27
13	3	7	5	70599100	81
13	3	8	0	-884240	81
13	3	8	1	2411710	9
13	3	8	2	-22095650	27
13	3	8	3	-326438125	81
13	3	8	4	53038960	9
13	3	8	5	58153810	27
13	3	8	6	-38835940	27
13	3	9	0	12335	1
13	3	9	1	4400320	27
13	3	9	2	-5642455	3
13	3	9	3	93702830	27
13	3	9	4	320805875	27
13	3	9	5	-116204660	9
13	3	9	6	-31022420	9
13	3	9	7	16436420	9
13	3	10	0	33250	3
13	3	10	1	-553585	3
13	3	10	2	-91981180	81
13	3	10	3	73526635	9
13	3	10	4	-274994590	27
13	3	10	5	-2079666875	81
13	3	10	6	21417110	1
13	3	10	7	38192440	9
13	3	10	8	-48559940	27
13	3	11	0	26950	9
13	3	11	1	-166250	1
13	3	11	2	1288270	1
13	3	11	3	396797180	81
13	3	11	4	-221038090	9
13	3	11	5	591583850	27
13	3	11	6	1134186625	27
13	3	11	7	-82163510	3
13	3	11	8	-36457850	9
13	3	11	9	111262580	81
13	3	12	1	-134750	3
13	3	12	2	1163750	1
13	3	12	3	-16703570	3
13	3	12	4	-131688440	9
13	3	12	5	162382220	3
13	3	12	6	-321236630	9
13	3	12	7	-158962375	3
13	3	12	8	81667300	3
13	3	12	9	80925130	27
13	3	12	10	-7261540	9
13	3	13	2	943250	3
13	3	13	3	-15128750	3
13	3	13	4	49980775	3
13	3	13	5	2596370920	81
13	3	13	6	-90345255	1
13	3	13	7	403510250	9
13	3	13	8	1402740625	27
13	3	13	9	-189280520	9
13	3	13	10	-46011680	27
13	3	13	11	28987660	81
13	3	14	3	-12262250	9
13	3	14	4	15128750	1
13	3	14	5	-36558665	1
13	3	14	6	-478829780	9
13	3	14	7	348883535	3
13	3	14	8	-394035070	9
13	3	14	9	-3207114625	81
13	3	14	10	112731190	9
13	3	14	11	19732180	27
13	3	14	12	-9396140	81
13	3	15	4	12262250	3
13	3	15	5	-33283250	1
13	3	15	6	182330720	3
13	3	15	7	613181140	9
13	3	15	8	-116396280	1
13	3	15	9	897383630	27
13	3	15	10	628073875	27
13	3	15	11	-50828570	9
13	3	15	12	-6174610	27
13	3	15	13	700220	27
13	3	16	5	-26976950	3
13	3	16	6	166416250	3
13	3	16	7	-77946440	1
13	3	16	8	-1832436320	27
13	3	16	9	815244430	9
13	3	16	10	-525257590	27
13	3	16	11	-838043375	81
13	3	16	12	16794440	9
13	3	16	13	1329950	27
13	3	16	14	-289540	81
13	3	17	6	134884750	9
13	3	17	7	-71321250	1
13	3	17	8	77754105	1
13	3	17	9	4259718320	81
13	3	17	10	-489283795	9
13	3	17	11	232786970	27
13	3	17	12	273134875	81
13	3	17	13	-3838900	9
13	3	17	14	-176140	27
13	3	17	15	2060	9
13	3	18	7	-19269250	1
13	3	18	8	71321250	1
13	3	18	9	-60328125	1
13	3	18	10	-848873740	27
13	3	18	11	74132695	3
13	3	18	12	-75613850	27
13	3	18	13	-20526875	27
13	3	18	14	542810	9
13	3	18	15	400	1
13	3	19	8	19269250	1
13	3	19	9	-166416250	3
13	3	19	10	108329650	3
13	3	19	11	1153537060	81
13	3	19	12	-74109490	9
13	3	19	13	16993630	27
13	3	19	14	8587625	81
13	3	19	15	-11930	3
13	3	20	9	-134884750	9
13	3	20	10	33283250	1
13	3	20	11	-16374670	1
13	3	20	12	-383229080	81
13	3	20	13	17091760	9
13	3	20	14	-2362790	27
13	3	20	15	-186125	27
13	3	21	10	26976950	3
13	3	21	11	-15128750	1
13	3	21	12	16336385	3
13	3	21	13	9794920	9
13	3	21	14	-813155	3
13	3	21	15	51070	9
13	3	22	11	-12262250	3
13	3	22	12	15128750	3
13	3	22	13	-3761245	3
13	3	22	14	-12554860	81
13	3	22	15	54145	3
13	3	23	12	12262250	9
13	3	23	13	-1163750	1
13	3	23	14	178700	1
13	3	23	15	278180	27
13	3	24	13	-943250	3
13	3	24	14	166250	1
13	3	24	15	-35660	3
13	3	25	14	134750	3
13	3	25	15	-33250	3
13	3	26	15	-26950	9
13	4	2	0	11890	81
13	4	3	0	11465	27
13	4	3	1	-19870	9
13	4	4	0	-170690	27
13	4	4	1	-166915	27
13	4	4	2	1252070	81
13	4	5	0	-1055075	81
13	4	5	1	2542880	27
13	4	5	2	1131980	27
13	4	5	3	-5413330	81
13	4	6	0	21080	1
13	4	6	1	5192075	27
13	4	6	2	-654380	1
13	4	6	3	-4743050	27
13	4	6	4	5387590	27
13	4	7	0	1146440	27
13	4	7	1	-930920	3
13	4	7	2	-107260825	81
13	4	7	3	75949250	27
13	4	7	4	13729495	27
13	4	7	5	-35299550	81
13	4	8	0	1564780	81
13	4	8	1	-17198390	27
13	4	8	2	19177105	9
13	4	8	3	457013375	81
13	4	8	4	-225883190	27
13	4	8	5	-29076905	27
13	4	8	6	19417970	27
13	4	9	0	-1069130	27
13	4	9	1	-7822040	27
13	4	9	2	40122115	9
13	4	9	3	-81483805	9
13	4	9	4	-449128225	27
13	4	9	5	164115380	9
13	4	9	6	15511210	9
13	4	9	7	-8218210	9
13	4	10	0	-351650	9
13	4	10	1	16004410	27
13	4	10	2	164264810	81
13	4	10	3	-521339195	27
13	4	10	4	79862770	3
13	4	10	5	2911533625	81
13	4	10	6	-90273040	3
13	4	10	7	-19096220	9
13	4	10	8	24279970	27
13	4	11	0	-62125	9
13	4	11	1	1754950	3
13	4	11	2	-111803660	27
13	4	11	3	-712000510	81
13	4	11	4	1562818790	27
13	4	11	5	-516368710	9
13	4	11	6	-1587861275	27
13	4	11	7	344519890	9
13	4	11	8	18228925	9
13	4	11	9	-55631290	81
13	4	12	1	310625	3
13	4	12	2	-12261275	3
13	4	12	3	483500420	27
13	4	12	4	237454880	9
13	4	12	5	-381618380	3
13	4	12	6	842693995	9
13	4	12	7	222547325	3
13	4	12	8	-113549150	3
13	4	12	9	-40462565	27
13	4	12	10	3630770	9
13	4	13	0	15925	9
13	4	13	2	-2174375	3
13	4	13	3	159089125	9
13	4	13	4	-1447562350	27
13	4	13	5	-4705183340	81
13	4	13	6	635172395	3
13	4	13	7	-117818415	1
13	4	13	8	-1963836875	27
13	4	13	9	785350280	27
13	4	13	10	23005840	27
13	4	13	11	-14493830	81
13	4	14	1	-79625	3
13	4	14	3	28266875	9
13	4	14	4	-158778100	3
13	4	14	5	3178187870	27
13	4	14	6	872209910	9
13	4	14	7	-2445927055	9
13	4	14	8	345736820	3
13	4	14	9	4489960475	81
13	4	14	10	-465239060	27
13	4	14	11	-9866090	27
13	4	14	12	4698070	81
13	4	15	2	557375	3
13	4	15	4	-28266875	3
13	4	15	5	348619700	3
13	4	15	6	-1762086040	9
13	4	15	7	-1122823130	9
13	4	15	8	813730060	3
13	4	15	9	-262888340	3
13	4	15	10	-879303425	27
13	4	15	11	23181470	3
13	4	15	12	3087305	27
13	4	15	13	-350110	27
13	4	16	3	-7245875	9
13	4	16	5	62187125	3
13	4	16	6	-1739598575	9
13	4	16	7	2260955840	9
13	4	16	8	3373538740	27
13	4	16	9	-5683393430	27
13	4	16	10	154113245	3
13	4	16	11	1173260725	81
13	4	16	12	-68556410	27
13	4	16	13	-664975	27
13	4	16	14	144770	81
13	4	17	4	7245875	3
13	4	17	6	-310935625	9
13	4	17	7	248008475	1
13	4	17	8	-2256384130	9
13	4	17	9	-7885374640	81
13	4	17	10	3401407295	27
13	4	17	11	-205206235	9
13	4	17	12	-382388825	81
13	4	17	13	15583100	27
13	4	17	14	88070	27
13	4	17	15	-1030	9
13	4	18	5	-15940925	3
13	4	18	7	44419375	1
13	4	18	8	-247497250	1
13	4	18	9	5254256150	27
13	4	18	10	1580222930	27
13	4	18	11	-513906055	9
13	4	18	12	66748630	9
13	4	18	13	28737625	27
13	4	18	14	-730280	9
13	4	18	15	-200	1
13	4	19	6	79704625	9
13	4	19	8	-44419375	1
13	4	19	9	1728862850	9
13	4	19	10	-3146185900	27
13	4	19	11	-2159675570	81
13	4	19	12	512296070	27
13	4	19	13	-5007010	3
13	4	19	14	-12022675	81
13	4	19	15	47870	9
13	4	20	7	-11386375	1
13	4	20	9	310935625	9
13	4	20	10	-345041125	3
13	4	20	11	1427197460	27
13	4	20	12	721678360	81
13	4	20	13	-117815720	27
13	4	20	14	2091085	9
13	4	20	15	260575	27
13	4	21	8	11386375	1
13	4	21	10	-62187125	3
13	4	21	11	156500825	3
13	4	21	12	-474772610	27
13	4	21	13	-2061660	1
13	4	21	14	1863085	3
13	4	21	15	-135745	9
13	4	22	9	-79704625	9
13	4	22	11	28266875	3
13	4	22	12	-156161200	9
13	4	22	13	109341970	27
13	4	22	14	23926970	81
13	4	22	15	-371105	9
13	4	23	10	15940925	3
13	4	23	12	-28266875	9
13	4	23	13	11986000	3
13	4	23	14	-15588800	27
13	4	23	15	-533410	27
13	4	24	11	-7245875	3
13	4	24	13	2174375	3
13	4	24	14	-1708475	3
13	4	24	15	115240	3
13	4	25	12	7245875	9
13	4	25	14	-310625	3
13	4	25	15	340925	9
13	4	26	13	-557375	3
13	4	26	15	62125	9
13	4	27	14	79625	3
13	4	28	15	-15925	9
13	5	4	0	44720	9
13	5	5	0	30145	3
13	5	5	1	-664400	9
13	5	6	0	-316210	9
13	5	6	1	-148345	1
13	5	6	2	1534550	3
13	5	7	0	-596840	9
13	5	7	1	4661270	9
13	5	7	2	3064595	3
13	5	7	3	-19734650	9
13	5	8	0	-33880	3
13	5	8	1	8929670	9
13	5	8	2	-32051470	9
13	5	8	3	-13057525	3
13	5	8	4	58529900	9
13	5	9	0	804895	9
13	5	9	1	174240	1
13	5	9	2	-20776555	3
13	5	9	3	136369090	9
13	5	9	4	12832235	1
13	5	9	5	-42405220	3
13	5	10	0	286280	3
13	5	10	1	-12057185	9
13	5	10	2	-3764090	3
13	5	10	3	269247875	9
13	5	10	4	-401490050	9
13	5	10	5	-83186675	3
13	5	10	6	23258950	1
13	5	11	0	3675	1
13	5	11	1	-1426120	1
13	5	11	2	84284200	9
13	5	11	3	16781050	3
13	5	11	4	-804973910	9
13	5	11	5	866398390	9
13	5	11	6	45367465	1
13	5	11	7	-88509850	3
13	5	12	1	-55125	1
13	5	12	2	9945440	1
13	5	12	3	-364717990	9
13	5	12	4	-17265820	1
13	5	12	5	196038700	1
13	5	12	6	-157295710	1
13	5	12	7	-57226455	1
13	5	12	8	29086200	1
13	5	13	0	-35035	3
13	5	13	2	385875	1
13	5	13	3	-128798800	3
13	5	13	4	1092581945	9
13	5	13	5	117251420	3
13	5	13	6	-325417235	1
13	5	13	7	594481030	3
13	5	13	8	56109625	1
13	5	13	9	-200571800	9
13	5	14	1	175175	1
13	5	14	3	-1672125	1
13	5	14	4	128301160	1
13	5	14	5	-2400152755	9
13	5	14	6	-67025530	1
13	5	14	7	1249754935	3
13	5	14	8	-582163010	3
13	5	14	9	-128284585	3
13	5	14	10	118456910	9
13	5	15	2	-1226225	1
13	5	15	4	5016375	1
13	5	15	5	-281155160	1
13	5	15	6	1331420090	3
13	5	15	7	88670010	1
13	5	15	8	-414657100	1
13	5	15	9	1329435250	9
13	5	15	10	25122955	1
13	5	15	11	-17652050	3
13	5	16	3	15940925	3
13	5	16	5	-11036025	1
13	5	16	6	1400175920	3
13	5	16	7	-1709207500	3
13	5	16	8	-91234000	1
13	5	16	9	2888269670	9
13	5	16	10	-780172250	9
13	5	16	11	-33521735	3
13	5	16	12	17345900	9
13	5	17	4	-15940925	1
13	5	17	6	18393375	1
13	5	17	7	-597648480	1
13	5	17	8	1706539835	3
13	5	17	9	219024520	3
13	5	17	10	-1723862855	9
13	5	17	11	346618870	9
13	5	17	12	10925395	3
13	5	17	13	-3929900	9
13	5	18	5	35070035	1
13	5	18	7	-23648625	1
13	5	18	8	595194600	1
13	5	18	9	-3975586615	9
13	5	18	10	-45066450	1
13	5	18	11	259736815	3
13	5	18	12	-112852870	9
13	5	18	13	-821075	1
13	5	18	14	183550	3
13	5	19	6	-175350175	3
13	5	19	8	23648625	1
13	5	19	9	-1382998760	3
13	5	19	10	2381479100	9
13	5	19	11	63218870	3
13	5	19	12	-258206390	9
13	5	19	13	25418690	9
13	5	19	14	343505	3
13	5	19	15	-11990	3
13	5	20	7	75150075	1
13	5	20	9	-18393375	1
13	5	20	10	275429440	1
13	5	20	11	-1080698710	9
13	5	20	12	-21675940	3
13	5	20	13	59215400	9
13	5	20	14	-3541450	9
13	5	20	15	-7445	1
13	5	21	8	-75150075	1
13	5	21	10	11036025	1
13	5	21	11	-124657520	1
13	5	21	12	359625175	9
13	5	21	13	1714900	1
13	5	21	14	-933765	1
13	5	21	15	76690	3
13	5	22	9	175350175	3
13	5	22	11	-5016375	1
13	5	22	12	124114120	3
13	5	22	13	-82847765	9
13	5	22	14	-755810	3
13	5	22	15	185465	3
13	5	23	10	-35070035	1
13	5	23	12	1672125	1
13	5	23	13	-9505000	1
13	5	23	14	11814670	9
13	5	23	15	17270	1
13	5	24	11	15940925	1
13	5	24	13	-385875	1
13	5	24	14	1351760	1
13	5	24	15	-87360	1
13	5	25	12	-15940925	3
13	5	25	14	55125	1
13	5	25	15	-269120	3
13	5	26	13	1226225	1
13	5	26	15	-3675	1
13	5	27	14	-175175	1
13	5	28	15	35035	3
13	6	4	0	-44720	27
13	6	5	0	-30145	9
13	6	5	1	664400	27
13	6	6	0	978410	27
13	6	6	1	148345	3
13	6	6	2	-1534550	9
13	6	7	0	1769060	27
13	6	7	1	-14435230	27
13	6	7	2	-3064595	9
13	6	7	3	19734650	27
13	6	8	0	-74620	3
13	6	8	1	-26416370	27
13	6	8	2	99341840	27
13	6	8	3	13057525	9
13	6	8	4	-58529900	27
13	6	9	0	-3860885	27
13	6	9	1	3228440	9
13	6	9	2	61342465	9
13	6	9	3	-423014540	27
13	6	9	4	-12832235	3
13	6	9	5	42405220	9
13	6	10	0	-1433810	9
13	6	10	1	57871555	27
13	6	10	2	-21676570	9
13	6	10	3	-793388765	27
13	6	10	4	1246405030	27
13	6	10	5	83186675	9
13	6	10	6	-23258950	3
13	6	11	0	248500	9
13	6	11	1	7132090	3
13	6	11	2	-404784800	27
13	6	11	3	89863670	9
13	6	11	4	2367320150	27
13	6	11	5	-2691761930	27
13	6	11	6	-45367465	3
13	6	11	7	88509850	9
13	6	12	1	-1242500	3
13	6	12	2	-49662830	3
13	6	12	3	1752593570	27
13	6	12	4	-257174840	9
13	6	12	5	-575377660	3
13	6	12	6	489057140	3
13	6	12	7	19075485	1
13	6	12	8	-9695400	1
13	6	13	0	350350	9
13	6	13	2	8697500	3
13	6	13	3	642173350	9
13	6	13	4	-5253046435	27
13	6	13	5	538003180	9
13	6	13	6	953194385	3
13	6	13	7	-1849664960	9
13	6	13	8	-56109625	3
13	6	13	9	200571800	27
13	6	14	1	-1751750	3
13	6	14	3	-113067500	9
13	6	14	4	-638689870	3
13	6	14	5	11545599065	27
13	6	14	6	-849593030	9
13	6	14	7	-3653326105	9
13	6	14	8	1812592210	9
13	6	14	9	128284585	9
13	6	14	10	-118456910	27
13	6	15	2	12262250	3
13	6	15	4	113067500	3
13	6	15	5	1397365970	3
13	6	15	6	-6407671270	9
13	6	15	7	343601830	3
13	6	15	8	1209671320	3
13	6	15	9	-4142005010	27
13	6	15	10	-25122955	3
13	6	15	11	17652050	9
13	6	16	3	-159409250	9
13	6	16	5	-248748500	3
13	6	16	6	-6947630690	9
13	6	16	7	8229521300	9
13	6	16	8	-322759580	3
13	6	16	9	-8408564450	27
13	6	16	10	2432252680	27
13	6	16	11	33521735	9
13	6	16	12	-17345900	27
13	6	17	4	159409250	3
13	6	17	6	1243742500	9
13	6	17	7	986855870	1
13	6	17	8	-8220116905	9
13	6	17	9	234565760	3
13	6	17	10	5008213925	27
13	6	17	11	-1081262780	27
13	6	17	12	-10925395	9
13	6	17	13	3929900	27
13	6	18	5	-350700350	3
13	6	18	7	-177677500	1
13	6	18	8	-981130150	1
13	6	18	9	19157183045	27
13	6	18	10	-392107430	9
13	6	18	11	-753006865	9
13	6	18	12	352239290	27
13	6	18	13	821075	3
13	6	18	14	-183550	9
13	6	19	6	1753501750	9
13	6	19	8	177677500	1
13	6	19	9	6827390570	9
13	6	19	10	-11479768300	27
13	6	19	11	164332090	9
13	6	19	12	746974670	27
13	6	19	13	-79379590	27
13	6	19	14	-343505	9
13	6	19	15	11990	9
13	6	20	7	-250500250	1
13	6	20	9	-1243742500	9
13	6	20	10	-1357285930	3
13	6	20	11	5211154130	27
13	6	20	12	-50073920	9
13	6	20	13	-170936240	27
13	6	20	14	11064980	27
13	6	20	15	7445	3
13	6	21	8	250500250	1
13	6	21	10	248748500	3
13	6	21	11	613184390	3
13	6	21	12	-1734639725	27
13	6	21	13	10453820	9
13	6	21	14	896525	1
13	6	21	15	-239720	9
13	6	22	9	-1753501750	9
13	6	22	11	-113067500	3
13	6	22	12	-609380590	9
13	6	22	13	399720895	27
13	6	22	14	-1333690	9
13	6	22	15	-533015	9
13	6	23	10	350700350	3
13	6	23	12	113067500	9
13	6	23	13	46579750	3
13	6	23	14	-57016610	27
13	6	23	15	78110	9
13	6	24	11	-159409250	3
13	6	24	13	-8697500	3
13	6	24	14	-6611570	3
13	6	24	15	140560	1
13	6	25	12	159409250	9
13	6	25	14	1242500	3
13	6	25	15	1313690	9
13	6	26	13	-12262250	3
13	6	26	15	-248500	9
13	6	27	14	1751750	3
13	6	28	15	-350350	9
13	7	6	0	-189200	9
13	7	7	0	-111640	3
13	7	7	1	2792560	9
13	7	8	0	192080	3
13	7	8	1	1665400	3
13	7	8	2	-19225820	9
13	7	9	0	1430960	9
13	7	9	1	-2816320	3
13	7	9	2	-3863420	1
13	7	9	3	81898700	9
13	7	10	0	172880	1
13	7	10	1	-21459820	9
13	7	10	2	6418020	1
13	7	10	3	49918180	3
13	7	10	4	-241404280	9
13	7	11	0	-293300	3
13	7	11	1	-2577360	1
13	7	11	2	150174020	9
13	7	11	3	-27138020	1
13	7	11	4	-148794880	3
13	7	11	5	521532440	9
13	7	12	1	1466500	1
13	7	12	2	17929320	1
13	7	12	3	-650505440	9
13	7	12	4	238103320	3
13	7	12	5	108382560	1
13	7	12	6	-94788980	1
13	7	13	0	-75075	1
13	7	13	2	-10265500	1
13	7	13	3	-77201800	1
13	7	13	4	1950605800	9
13	7	13	5	-170049880	1
13	7	13	6	-179364900	1
13	7	13	7	358623980	3
13	7	14	1	1126125	1
13	7	14	3	133451500	3
13	7	14	4	230112480	1
13	7	14	5	-4288967540	9
13	7	14	6	827166340	3
13	7	14	7	228911540	1
13	7	14	8	-351551200	3
13	7	15	2	-7882875	1
13	7	15	4	-133451500	1
13	7	15	5	-502925280	1
13	7	15	6	2381244580	3
13	7	15	7	-344484140	1
13	7	15	8	-227146920	1
13	7	15	9	803591360	9
13	7	16	3	34159125	1
13	7	16	5	293593300	1
13	7	16	6	832608920	1
13	7	16	7	-3059393480	3
13	7	16	8	334345440	1
13	7	16	9	525742360	3
13	7	16	10	-472022980	9
13	7	17	4	-102477375	1
13	7	17	6	-1467966500	3
13	7	17	7	-1063216440	1
13	7	17	8	3056928160	3
13	7	17	9	-756195440	3
13	7	17	10	-312795340	3
13	7	17	11	209898260	9
13	7	18	5	225450225	1
13	7	18	7	629128500	1
13	7	18	8	1055854800	1
13	7	18	9	-7126476500	9
13	7	18	10	439178740	3
13	7	18	11	46978100	1
13	7	18	12	-68396120	9
13	7	19	6	-375750375	1
13	7	19	8	-629128500	1
13	7	19	9	-815431760	1
13	7	19	10	4271710300	9
13	7	19	11	-64313340	1
13	7	19	12	-46549360	3
13	7	19	13	15417400	9
13	7	20	7	483107625	1
13	7	20	9	1467966500	3
13	7	20	10	485748120	1
13	7	20	11	-1939623920	9
13	7	20	12	20686120	1
13	7	20	13	10640080	3
13	7	20	14	-2149580	9
13	7	21	8	-483107625	1
13	7	21	10	-293593300	1
13	7	21	11	-219181560	1
13	7	21	12	645798920	9
13	7	21	13	-13794760	3
13	7	21	14	-501660	1
13	7	21	15	46580	3
13	7	22	9	375750375	1
13	7	22	11	133451500	1
13	7	22	12	72517120	1
13	7	22	13	-148846540	9
13	7	22	14	631540	1
13	7	22	15	33100	1
13	7	23	10	-225450225	1
13	7	23	12	-133451500	3
13	7	23	13	-16608000	1
13	7	23	14	21235700	9
13	7	23	15	-121180	3
13	7	24	11	102477375	1
13	7	24	13	10265500	1
13	7	24	14	2354280	1
13	7	24	15	-157080	1
13	7	25	12	-34159125	1
13	7	25	14	-1466500	1
13	7	25	15	-155720	1
13	7	26	13	7882875	1
13	7	26	15	293300	3
13	7	27	14	-1126125	1
13	7	28	15	75075	1
13	8	6	0	47300	9
13	8	7	0	27910	3
13	8	7	1	-698140	9
13	8	8	0	-196070	3
13	8	8	1	-416350	3
13	8	8	2	4806455	9
13	8	9	0	-1055015	9
13	8	9	1	2884780	3
13	8	9	2	965855	1
13	8	9	3	-20474675	9
13	8	10	0	-105950	1
13	8	10	1	15827455	9
13	8	10	2	-6598380	1
13	8	10	3	-12479545	3
13	8	10	4	60351070	9
13	8	11	0	514325	3
13	8	11	1	1579350	1
13	8	11	2	-110796530	9
13	8	11	3	28011230	1
13	8	11	4	37198720	3
13	8	11	5	-130383110	9
13	8	12	1	-2571625	1
13	8	12	2	-10985325	1
13	8	12	3	480088310	9
13	8	12	4	-246807730	3
13	8	12	5	-27095640	1
13	8	12	6	23697245	1
13	8	13	0	75075	1
13	8	13	2	18001375	1
13	8	13	3	47295625	1
13	8	13	4	-1440028525	9
13	8	13	5	177068320	1
13	8	13	6	44841225	1
13	8	13	7	-89655995	3
13	8	14	1	-1126125	1
13	8	14	3	-234017875	3
13	8	14	4	-140953800	1
13	8	14	5	3167220485	9
13	8	14	6	-865510360	3
13	8	14	7	-57227885	1
13	8	14	8	87887800	3
13	8	15	2	7882875	1
13	8	15	4	234017875	1
13	8	15	5	308022000	1
13	8	15	6	-1758920020	3
13	8	15	7	362343410	1
13	8	15	8	56786730	1
13	8	15	9	-200897840	9
13	8	16	3	-34159125	1
13	8	16	5	-514839325	1
13	8	16	6	-509870075	1
13	8	16	7	2260406720	3
13	8	16	8	-353663310	1
13	8	16	9	-131435590	3
13	8	16	10	118005745	9
13	8	17	4	102477375	1
13	8	17	6	2574196625	3
13	8	17	7	650996775	1
13	8	17	8	-2259114715	3
13	8	17	9	804749660	3
13	8	17	10	78198835	3
13	8	17	11	-52474565	9
13	8	18	5	-225450225	1
13	8	18	7	-1103227125	1
13	8	18	8	-646395750	1
13	8	18	9	5267716025	9
13	8	18	10	-470444260	3
13	8	18	11	-11744525	1
13	8	18	12	17099030	9
13	8	19	6	375750375	1
13	8	19	8	1103227125	1
13	8	19	9	499134350	1
13	8	19	10	-3158176450	9
13	8	19	11	69380610	1
13	8	19	12	11637340	3
13	8	19	13	-3854350	9
13	8	20	7	-483107625	1
13	8	20	9	-2574196625	3
13	8	20	10	-297286275	1
13	8	20	11	1434273230	9
13	8	20	12	-22487530	1
13	8	20	13	-2660020	3
13	8	20	14	537395	9
13	8	21	8	483107625	1
13	8	21	10	514839325	1
13	8	21	11	134121975	1
13	8	21	12	-477621755	9
13	8	21	13	15121240	3
13	8	21	14	125415	1
13	8	21	15	-11645	3
13	8	22	9	-375750375	1
13	8	22	11	-234017875	1
13	8	22	12	-44367700	1
13	8	22	13	110100835	9
13	8	22	14	-698560	1
13	8	22	15	-8275	1
13	8	23	10	225450225	1
13	8	23	12	234017875	3
13	8	23	13	10159500	1
13	8	23	14	-15710000	9
13	8	23	15	135370	3
13	8	24	11	-102477375	1
13	8	24	13	-18001375	1
13	8	24	14	-1439925	1
13	8	24	15	116220	1
13	8	25	12	34159125	1
13	8	25	14	2571625	1
13	8	25	15	95225	1
13	8	26	13	-7882875	1
13	8	26	15	-514325	3
13	8	27	14	1126125	1
13	8	28	15	-75075	1
13	9	8	0	32900	1
13	9	9	0	51650	1
13	9	9	1	-484600	1
13	9	10	0	15750	1
13	9	10	1	-775000	1
13	9	10	2	3329250	1
13	9	11	0	-184625	1
13	9	11	1	-236250	1
13	9	11	2	5426150	1
13	9	11	3	-14151150	1
13	9	12	1	2769375	1
13	9	12	2	1653750	1
13	9	12	3	-23515700	1
13	9	12	4	41618200	1
13	9	13	2	-19385625	1
13	9	13	3	-7166250	1
13	9	13	4	70546450	1
13	9	13	5	-89703900	1
13	9	14	3	84004375	1
13	9	14	4	21498750	1
13	9	14	5	-155183600	1
13	9	14	6	146381950	1
13	9	15	4	-252013125	1
13	9	15	5	-47297250	1
13	9	15	6	258579750	1
13	9	15	7	-184148250	1
13	9	16	5	554428875	1
13	9	16	6	78828750	1
13	9	16	7	-332346300	1
13	9	16	8	180051300	1
13	9	17	6	-924048125	1
13	9	17	7	-101351250	1
13	9	17	8	332196150	1
13	9	17	9	-136822400	1
13	9	18	7	1188061875	1
13	9	18	8	101351250	1
13	9	18	9	-258229400	1
13	9	18	10	80144350	1
13	9	19	8	-1188061875	1
13	9	19	9	-78828750	1
13	9	19	10	154833250	1
13	9	19	11	-35534850	1
13	9	20	9	924048125	1
13	9	20	10	47297250	1
13	9	20	11	-70323500	1
13	9	20	12	11544000	1
13	9	21	10	-554428875	1
13	9	21	11	-21498750	1
13	9	21	12	23420150	1
13	9	21	13	-2593900	1
13	9	22	11	252013125	1
13	9	22	12	7166250	1
13	9	22	13	-5399200	1
13	9	22	14	360450	1
13	9	23	12	-84004375	1
13	9	23	13	-1653750	1
13	9	23	14	770450	1
13	9	23	15	-23350	1
13	9	24	13	19385625	1
13	9	24	14	236250	1
13	9	24	15	-51300	1
13	9	25	14	-2769375	1
13	9	25	15	-15750	1
13	9	26	15	184625	1
13	10	8	0	-6580	1
13	10	9	0	-10330	1
13	10	9	1	96920	1
13	10	10	0	22920	1
13	10	10	1	155000	1
13	10	10	2	-665850	1
13	10	11	0	123550	1
13	10	11	1	-339840	1
13	10	11	2	-1085230	1
13	10	11	3	2830230	1
13	10	12	1	-1853250	1
13	10	12	2	2350830	1
13	10	12	3	4703140	1
13	10	12	4	-8323640	1
13	10	13	0	-105105	1
13	10	13	2	12972750	1
13	10	13	3	-10063950	1
13	10	13	4	-14109290	1
13	10	13	5	17940780	1
13	10	14	1	1576575	1
13	10	14	3	-56215250	1
13	10	14	4	29818620	1
13	10	14	5	31036720	1
13	10	14	6	-29276390	1
13	10	15	2	-11036025	1
13	10	15	4	168645750	1
13	10	15	5	-64770420	1
13	10	15	6	-51715950	1
13	10	15	7	36829650	1
13	10	16	3	47822775	1
13	10	16	5	-371020650	1
13	10	16	6	106550730	1
13	10	16	7	66469260	1
13	10	16	8	-36010260	1
13	10	17	4	-143468325	1
13	10	17	6	618367750	1
13	10	17	7	-135173610	1
13	10	17	8	-66439230	1
13	10	17	9	27364480	1
13	10	18	5	315630315	1
13	10	18	7	-795044250	1
13	10	18	8	133333200	1
13	10	18	9	51645880	1
13	10	18	10	-16028870	1
13	10	19	6	-526050525	1
13	10	19	8	795044250	1
13	10	19	9	-102256440	1
13	10	19	10	-30966650	1
13	10	19	11	7106970	1
13	10	20	7	676350675	1
13	10	20	9	-618367750	1
13	10	20	10	60476130	1
13	10	20	11	14064700	1
13	10	20	12	-2308800	1
13	10	21	8	-676350675	1
13	10	21	10	371020650	1
13	10	21	11	-27085890	1
13	10	21	12	-4684030	1
13	10	21	13	518780	1
13	10	22	9	526050525	1
13	10	22	11	-168645750	1
13	10	22	12	8892780	1
13	10	22	13	1079840	1
13	10	22	14	-72090	1
13	10	23	10	-315630315	1
13	10	23	12	56215250	1
13	10	23	13	-2020500	1
13	10	23	14	-154090	1
13	10	23	15	4670	1
13	10	24	11	143468325	1
13	10	24	13	-12972750	1
13	10	24	14	284070	1
13	10	24	15	10260	1
13	10	25	12	-47822775	1
13	10	25	14	1853250	1
13	10	25	15	-18630	1
13	10	26	13	11036025	1
13	10	26	15	-123550	1
13	10	27	14	-1576575	1
13	10	28	15	105105	1
13	11	10	0	-14220	1
13	11	11	0	-47250	1
13	11	11	1	211140	1
13	11	12	1	708750	1
13	11	12	2	-1462680	1
13	11	13	0	143325	1
13	11	13	2	-4961250	1
13	11	13	3	6271200	1
13	11	14	1	-2149875	1
13	11	14	3	21498750	1
13	11	14	4	-18610020	1
13	11	15	2	15049125	1
13	11	15	4	-64496250	1
13	11	15	5	40489020	1
13	11	16	3	-65212875	1
13	11	16	5	141891750	1
13	11	16	6	-66718080	1
13	11	17	4	195638625	1
13	11	17	6	-236486250	1
13	11	17	7	84787560	1
13	11	18	5	-430404975	1
13	11	18	7	304053750	1
13	11	18	8	-83783700	1
13	11	19	6	717341625	1
13	11	19	8	-304053750	1
13	11	19	9	64375740	1
13	11	20	7	-922296375	1
13	11	20	9	236486250	1
13	11	20	10	-38146680	1
13	11	21	8	922296375	1
13	11	21	10	-141891750	1
13	11	21	11	17119440	1
13	11	22	9	-717341625	1
13	11	22	11	64496250	1
13	11	22	12	-5632380	1
13	11	23	10	430404975	1
13	11	23	12	-21498750	1
13	11	23	13	1282500	1
13	11	24	11	-195638625	1
13	11	24	13	4961250	1
13	11	24	14	-180720	1
13	11	25	12	65212875	1
13	11	25	14	-708750	1
13	11	25	15	11880	1
13	11	26	13	-15049125	1
13	11	26	15	47250	1
13	11	27	14	2149875	1
13	11	28	15	-143325	1
13	12	10	0	2370	1
13	12	11	0	7875	1
13	12	11	1	-35190	1
13	12	12	1	-118125	1
13	12	12	2	243780	1
13	12	13	0	-95550	1
13	12	13	2	826875	1
13	12	13	3	-1045200	1
13	12	14	1	1433250	1
13	12	14	3	-3583125	1
13	12	14	4	3101670	1
13	12	15	2	-10032750	1
13	12	15	4	10749375	1
13	12	15	5	-6748170	1
13	12	16	3	43475250	1
13	12	16	5	-23648625	1
13	12	16	6	11119680	1
13	12	17	4	-130425750	1
13	12	17	6	39414375	1
13	12	17	7	-14131260	1
13	12	18	5	286936650	1
13	12	18	7	-50675625	1
13	12	18	8	13963950	1
13	12	19	6	-478227750	1
13	12	19	8	50675625	1
13	12	19	9	-10729290	1
13	12	20	7	614864250	1
13	12	20	9	-39414375	1
13	12	20	10	6357780	1
13	12	21	8	-614864250	1
13	12	21	10	23648625	1
13	12	21	11	-2853240	1
13	12	22	9	478227750	1
13	12	22	11	-10749375	1
13	12	22	12	938730	1
13	12	23	10	-286936650	1
13	12	23	12	3583125	1
13	12	23	13	-213750	1
13	12	24	11	130425750	1
13	12	24	13	-826875	1
13	12	24	14	30120	1
13	12	25	12	-43475250	1
13	12	25	14	118125	1
13	12	25	15	-1980	1
13	12	26	13	10032750	1
13	12	26	15	-7875	1
13	12	27	14	-1433250	1
13	12	28	15	95550	1
13	13	13	0	33075	1
13	13	14	1	-496125	1
13	13	15	2	3472875	1
13	13	16	3	-15049125	1
13	13	17	4	45147375	1
13	13	18	5	-99324225	1
13	13	19	6	165540375	1
13	13	20	7	-212837625	1
13	13	21	8	212837625	1
13	13	22	9	-165540375	1
13	13	23	10	99324225	1
13	13	24	11	-45147375	1
13	13	25	12	15049125	1
13	13	26	13	-3472875	1
13	13	27	14	496125	1
13	13	28	15	-33075	1
13	14	13	0	-4725	1
13	14	14	1	70875	1
13	14	15	2	-496125	1
13	14	16	3	2149875	1
13	14	17	4	-6449625	1
13	14	18	5	14189175	1
13	14	19	6	-23648625	1
13	14	20	7	30405375	1
13	14	21	8	-30405375	1
13	14	22	9	23648625	1
13	14	23	10	-14189175	1
13	14	24	11	6449625	1
13	14	25	12	-2149875	1
13	14	26	13	496125	1
13	14	27	14	-70875	1
13	14	28	15	4725	1
14	0	0	0	1360	729
14	0	1	0	2000	729
14	0	1	1	-20750	729
14	0	2	0	-8830	729
14	0	2	1	-28780	729
14	0	2	2	147700	729
14	0	3	0	-8750	729
14	0	3	1	132440	729
14	0	3	2	192920	729
14	0	3	3	-650650	729
14	0	4	0	9800	729
14	0	4	1	129970	729
14	0	4	2	-927010	729
14	0	4	3	-798980	729
14	0	4	4	1983800	729
14	0	5	0	15230	729
14	0	5	1	-147520	729
14	0	5	2	-900830	729
14	0	5	3	4016740	729
14	0	5	4	2285920	729
14	0	5	5	-4434430	729
14	0	6	0	-2900	729
14	0	6	1	-226930	729
14	0	6	2	1036280	729
14	0	6	3	3864770	729
14	0	6	4	-12049310	729
14	0	6	5	-4784780	729
14	0	6	6	2502500	243
14	0	7	0	-7220	729
14	0	7	1	42820	729
14	0	7	2	1577870	729
14	0	7	3	-4506320	729
14	0	7	4	-11477830	729
14	0	7	5	26506480	729
14	0	7	6	280280	27
14	0	7	7	-3267550	243
14	0	8	0	-5320	729
14	0	8	1	108700	729
14	0	8	2	-294980	729
14	0	8	3	-6791330	729
14	0	8	4	13566280	729
14	0	8	5	24994970	729
14	0	8	6	-14724710	243
14	0	8	7	-3068780	243
14	0	8	8	3317600	243
14	0	9	0	700	243
14	0	9	1	79550	729
14	0	9	2	-763700	729
14	0	9	3	1257620	729
14	0	9	4	20235670	729
14	0	9	5	-29949920	729
14	0	9	6	-13743730	243
14	0	9	7	18930340	243
14	0	9	8	2894320	243
14	0	9	9	-7857850	729
14	0	10	0	470	243
14	0	10	1	-10480	243
14	0	10	2	-555100	729
14	0	10	3	3321500	729
14	0	10	4	-3710980	729
14	0	10	5	-44214170	729
14	0	10	6	5565560	81
14	0	10	7	17487470	243
14	0	10	8	-18928910	243
14	0	10	9	-6346340	729
14	0	10	10	4784780	729
14	0	11	0	50	81
14	0	11	1	-7060	243
14	0	11	2	73220	243
14	0	11	3	2397850	729
14	0	11	4	-10000900	729
14	0	11	5	8028020	729
14	0	11	6	24394370	243
14	0	11	7	-21541520	243
14	0	11	8	-17304430	243
14	0	11	9	44164120	729
14	0	11	10	3563560	729
14	0	11	11	-2206750	729
14	0	12	1	-250	27
14	0	12	2	49490	243
14	0	12	3	-105560	81
14	0	12	4	-7170800	729
14	0	12	5	22082060	729
14	0	12	6	-1461460	81
14	0	12	7	-31146830	243
14	0	12	8	21615880	243
14	0	12	9	39949910	729
14	0	12	10	-26496470	729
14	0	12	11	-1508780	729
14	0	12	12	746200	729
14	0	13	0	10	243
14	0	13	2	1750	27
14	0	13	3	-214760	243
14	0	13	4	948220	243
14	0	13	5	15725710	729
14	0	13	6	-4104100	81
14	0	13	7	5539820	243
14	0	13	8	30929470	243
14	0	13	9	-50610560	729
14	0	13	10	-23713690	729
14	0	13	11	12042940	729
14	0	13	12	465920	729
14	0	13	13	-174650	729
14	0	14	1	-50	81
14	0	14	3	-22750	81
14	0	14	4	645190	243
14	0	14	5	-2082080	243
14	0	14	6	-2902900	81
14	0	14	7	15887300	243
14	0	14	8	-5442580	243
14	0	14	9	-71661590	729
14	0	14	10	30470440	729
14	0	14	11	10662470	729
14	0	14	12	-4014010	729
14	0	14	13	-98980	729
14	0	14	14	25300	729
14	0	15	2	350	81
14	0	15	4	22750	27
14	0	15	5	-1421420	243
14	0	15	6	3463460	243
14	0	15	7	11161150	243
14	0	15	8	-15944500	243
14	0	15	9	12472460	729
14	0	15	10	42692650	729
14	0	15	11	-13897520	729
14	0	15	12	-3515330	729
14	0	15	13	926240	729
14	0	15	14	12920	729
14	0	15	15	-190	81
14	0	16	3	-4550	243
14	0	16	5	-50050	27
14	0	16	6	790790	81
14	0	16	7	-1481480	81
14	0	16	8	-11125400	243
14	0	16	9	37337300	729
14	0	16	10	-7347340	729
14	0	16	11	-19267430	729
14	0	16	12	4648280	729
14	0	16	13	802270	729
14	0	16	14	-132310	729
14	0	16	15	-260	243
14	0	17	4	4550	81
14	0	17	6	250250	81
14	0	17	7	-1018160	81
14	0	17	8	1478620	81
14	0	17	9	25875850	729
14	0	17	10	-22482460	729
14	0	17	11	3277820	729
14	0	17	12	6376370	729
14	0	17	13	-1076320	729
14	0	17	14	-113330	729
14	0	17	15	980	81
14	0	18	5	-10010	81
14	0	18	7	-35750	9
14	0	18	8	1019590	81
14	0	18	9	-3443440	243
14	0	18	10	-15475460	729
14	0	18	11	10255700	729
14	0	18	12	-1071980	729
14	0	18	13	-1460830	729
14	0	18	14	154280	729
14	0	18	15	830	81
14	0	19	6	50050	243
14	0	19	8	35750	9
14	0	19	9	-2382380	243
14	0	19	10	2062060	243
14	0	19	11	7011550	729
14	0	19	12	-3430700	729
14	0	19	13	242620	729
14	0	19	14	207170	729
14	0	19	15	-3440	243
14	0	20	7	-7150	27
14	0	20	9	-250250	81
14	0	20	10	1431430	243
14	0	20	11	-935480	243
14	0	20	12	-2329600	729
14	0	20	13	794500	729
14	0	20	14	-33980	729
14	0	20	15	-4570	243
14	0	21	8	7150	27
14	0	21	10	50050	27
14	0	21	11	-651560	243
14	0	21	12	34580	27
14	0	21	13	535850	729
14	0	21	14	-113900	729
14	0	21	15	740	243
14	0	22	9	-50050	243
14	0	22	11	-22750	27
14	0	22	12	217490	243
14	0	22	13	-71680	243
14	0	22	14	-76300	729
14	0	22	15	2540	243
14	0	23	10	10010	81
14	0	23	12	22750	81
14	0	23	13	-50260	243
14	0	23	14	10220	243
14	0	23	15	1690	243
14	0	24	11	-4550	81
14	0	24	13	-1750	27
14	0	24	14	7190	243
14	0	24	15	-680	243
14	0	25	12	4550	243
14	0	25	14	250	27
14	0	25	15	-160	81
14	0	26	13	-350	81
14	0	26	15	-50	81
14	0	27	14	50	81
14	0	28	15	-10	243
14	1	0	0	-1360	243
14	1	1	0	-1000	81
14	1	1	1	20750	243
14	1	2	0	17660	243
14	1	2	1	14390	81
14	1	2	2	-147700	243
14	1	3	0	21875	243
14	1	3	1	-264880	243
14	1	3	2	-96460	81
14	1	3	3	650650	243
14	1	4	0	-9800	81
14	1	4	1	-324925	243
14	1	4	2	1854020	243
14	1	4	3	399490	81
14	1	4	4	-1983800	243
14	1	5	0	-53305	243
14	1	5	1	147520	81
14	1	5	2	2252075	243
14	1	5	3	-8033480	243
14	1	5	4	-1142960	81
14	1	5	5	4434430	243
14	1	6	0	11600	243
14	1	6	1	794255	243
14	1	6	2	-1036280	81
14	1	6	3	-9661925	243
14	1	6	4	24098620	243
14	1	6	5	2392390	81
14	1	6	6	-2502500	81
14	1	7	0	3610	27
14	1	7	1	-171280	243
14	1	7	2	-5522545	243
14	1	7	3	4506320	81
14	1	7	4	28694575	243
14	1	7	5	-53012960	243
14	1	7	6	-140140	3
14	1	7	7	3267550	81
14	1	8	0	26600	243
14	1	8	1	-54350	27
14	1	8	2	1179920	243
14	1	8	3	23769655	243
14	1	8	4	-13566280	81
14	1	8	5	-62487425	243
14	1	8	6	29449420	81
14	1	8	7	1534390	27
14	1	8	8	-3317600	81
14	1	9	0	-3850	81
14	1	9	1	-397750	243
14	1	9	2	381850	27
14	1	9	3	-5030480	243
14	1	9	4	-70824845	243
14	1	9	5	29949920	81
14	1	9	6	34359325	81
14	1	9	7	-37860680	81
14	1	9	8	-1447160	27
14	1	9	9	7857850	243
14	1	10	0	-940	27
14	1	10	1	57640	81
14	1	10	2	2775500	243
14	1	10	3	-1660750	27
14	1	10	4	14843920	243
14	1	10	5	154749595	243
14	1	10	6	-5565560	9
14	1	10	7	-43718675	81
14	1	10	8	37857820	81
14	1	10	9	3173170	81
14	1	10	10	-4784780	243
14	1	11	0	-325	27
14	1	11	1	14120	27
14	1	11	2	-402710	81
14	1	11	3	-11989250	243
14	1	11	4	5000450	27
14	1	11	5	-32112080	243
14	1	11	6	-85380295	81
14	1	11	7	21541520	27
14	1	11	8	43261075	81
14	1	11	9	-88328240	243
14	1	11	10	-1781780	81
14	1	11	11	2206750	243
14	1	12	1	1625	9
14	1	12	2	-98980	27
14	1	12	3	580580	27
14	1	12	4	35854000	243
14	1	12	5	-11041030	27
14	1	12	6	5845840	27
14	1	12	7	109013905	81
14	1	12	8	-21615880	27
14	1	12	9	-99874775	243
14	1	12	10	52992940	243
14	1	12	11	754390	81
14	1	12	12	-746200	243
14	1	13	0	-25	27
14	1	13	2	-11375	9
14	1	13	3	429520	27
14	1	13	4	-5215210	81
14	1	13	5	-78628550	243
14	1	13	6	2052050	3
14	1	13	7	-22159280	81
14	1	13	8	-108253145	81
14	1	13	9	50610560	81
14	1	13	10	59284225	243
14	1	13	11	-24085880	243
14	1	13	12	-232960	81
14	1	13	13	174650	243
14	1	14	1	125	9
14	1	14	3	147875	27
14	1	14	4	-1290380	27
14	1	14	5	11451440	81
14	1	14	6	14514500	27
14	1	14	7	-7943650	9
14	1	14	8	21770320	81
14	1	14	9	250815565	243
14	1	14	10	-30470440	81
14	1	14	11	-26656175	243
14	1	14	12	8028020	243
14	1	14	13	49490	81
14	1	14	14	-25300	243
14	1	15	2	-875	9
14	1	15	4	-147875	9
14	1	15	5	2842840	27
14	1	15	6	-19049030	81
14	1	15	7	-55805750	81
14	1	15	8	7972250	9
14	1	15	9	-49889840	243
14	1	15	10	-149424275	243
14	1	15	11	13897520	81
14	1	15	12	8788325	243
14	1	15	13	-1852480	243
14	1	15	14	-6460	81
14	1	15	15	190	27
14	1	16	3	11375	27
14	1	16	5	325325	9
14	1	16	6	-1581580	9
14	1	16	7	8148140	27
14	1	16	8	55627000	81
14	1	16	9	-18668650	27
14	1	16	10	29389360	243
14	1	16	11	67436005	243
14	1	16	12	-4648280	81
14	1	16	13	-2005675	243
14	1	16	14	264620	243
14	1	16	15	130	27
14	1	17	4	-11375	9
14	1	17	6	-1626625	27
14	1	17	7	2036320	9
14	1	17	8	-8132410	27
14	1	17	9	-129379250	243
14	1	17	10	11241230	27
14	1	17	11	-13111280	243
14	1	17	12	-22317295	243
14	1	17	13	1076320	81
14	1	17	14	283325	243
14	1	17	15	-1960	27
14	1	18	5	25025	9
14	1	18	7	232375	3
14	1	18	8	-2039180	9
14	1	18	9	18938920	81
14	1	18	10	77377300	243
14	1	18	11	-5127850	27
14	1	18	12	4287920	243
14	1	18	13	5112905	243
14	1	18	14	-154280	81
14	1	18	15	-2075	27
14	1	19	6	-125125	27
14	1	19	8	-232375	3
14	1	19	9	4764760	27
14	1	19	10	-11341330	81
14	1	19	11	-35057750	243
14	1	19	12	1715350	27
14	1	19	13	-970480	243
14	1	19	14	-725095	243
14	1	19	15	3440	27
14	1	20	7	17875	3
14	1	20	9	1626625	27
14	1	20	10	-2862860	27
14	1	20	11	5145140	81
14	1	20	12	11648000	243
14	1	20	13	-397250	27
14	1	20	14	135920	243
14	1	20	15	15995	81
14	1	21	8	-17875	3
14	1	21	10	-325325	9
14	1	21	11	1303120	27
14	1	21	12	-190190	9
14	1	21	13	-2679250	243
14	1	21	14	56950	27
14	1	21	15	-2960	81
14	1	22	9	125125	27
14	1	22	11	147875	9
14	1	22	12	-434980	27
14	1	22	13	394240	81
14	1	22	14	381500	243
14	1	22	15	-1270	9
14	1	23	10	-25025	9
14	1	23	12	-147875	27
14	1	23	13	100520	27
14	1	23	14	-56210	81
14	1	23	15	-8450	81
14	1	24	11	11375	9
14	1	24	13	11375	9
14	1	24	14	-14380	27
14	1	24	15	3740	81
14	1	25	12	-11375	27
14	1	25	14	-1625	9
14	1	25	15	320	9
14	1	26	13	875	9
14	1	26	15	325	27
14	1	27	14	-125	9
14	1	28	15	25	27
14	2	0	0	1360	243
14	2	1	0	1000	81
14	2	1	1	-20750	243
14	2	2	0	-44150	243
14	2	2	1	-14390	81
14	2	2	2	147700	243
14	2	3	0	-61250	243
14	2	3	1	662200	243
14	2	3	2	96460	81
14	2	3	3	-650650	243
14	2	4	0	41750	81
14	2	4	1	909790	243
14	2	4	2	-4635050	243
14	2	4	3	-399490	81
14	2	4	4	1983800	243
14	2	5	0	236065	243
14	2	5	1	-627265	81
14	2	5	2	-6305810	243
14	2	5	3	20083700	243
14	2	5	4	1142960	81
14	2	5	5	-4434430	243
14	2	6	0	-77750	243
14	2	6	1	-3517415	243
14	2	6	2	4397960	81
14	2	6	3	27053390	243
14	2	6	4	-60246550	243
14	2	6	5	-2392390	81
14	2	6	6	2502500	81
14	2	7	0	-22420	27
14	2	7	1	1150300	243
14	2	7	2	24456985	243
14	2	7	3	-19088615	81
14	2	7	4	-80344810	243
14	2	7	5	132532400	243
14	2	7	6	140140	3
14	2	7	7	-3267550	81
14	2	8	0	-167210	243
14	2	8	1	337280	27
14	2	8	2	-7940450	243
14	2	8	3	-105265615	243
14	2	8	4	57358210	81
14	2	8	5	174964790	243
14	2	8	6	-73623550	81
14	2	8	7	-1534390	27
14	2	8	8	3317600	81
14	2	9	0	29620	81
14	2	9	1	2500975	243
14	2	9	2	-2367820	27
14	2	9	3	33924800	243
14	2	9	4	313652885	243
14	2	9	5	-126391265	81
14	2	9	6	-96206110	81
14	2	9	7	94651700	81
14	2	9	8	1447160	27
14	2	9	9	-7857850	243
14	2	10	0	8020	27
14	2	10	1	-443530	81
14	2	10	2	-17456600	243
14	2	10	3	10290280	27
14	2	10	4	-100322950	243
14	2	10	5	-685319635	243
14	2	10	6	23443420	9
14	2	10	7	122412290	81
14	2	10	8	-94644550	81
14	2	10	9	-3173170	81
14	2	10	10	4784780	243
14	2	11	0	2650	27
14	2	11	1	-120410	27
14	2	11	2	3099320	81
14	2	11	3	75427625	243
14	2	11	4	-30960020	27
14	2	11	5	217517300	243
14	2	11	6	378112735	81
14	2	11	7	-90569765	27
14	2	11	8	-121131010	81
14	2	11	9	220820600	243
14	2	11	10	1781780	81
14	2	11	11	-2206750	243
14	2	12	1	-13250	9
14	2	12	2	843640	27
14	2	12	3	-1489670	9
14	2	12	4	-225629950	243
14	2	12	5	68308240	27
14	2	12	6	-39689650	27
14	2	12	7	-482775865	81
14	2	12	8	90714910	27
14	2	12	9	279649370	243
14	2	12	10	-132482350	243
14	2	12	11	-754390	81
14	2	12	12	746200	243
14	2	13	0	175	27
14	2	13	2	92750	9
14	2	13	3	-3659110	27
14	2	13	4	40151020	81
14	2	13	5	494949455	243
14	2	13	6	-38058020	9
14	2	13	7	150807800	81
14	2	13	8	479406785	81
14	2	13	9	-212006795	81
14	2	13	10	-165995830	243
14	2	13	11	60214700	243
14	2	13	12	232960	81
14	2	13	13	-174650	243
14	2	14	1	-875	9
14	2	14	3	-1205750	27
14	2	14	4	10987340	27
14	2	14	5	-88178090	81
14	2	14	6	-91391300	27
14	2	14	7	49071880	9
14	2	14	8	-148526950	81
14	2	14	9	-1110754645	243
14	2	14	10	127407280	81
14	2	14	11	74637290	243
14	2	14	12	-20070050	243
14	2	14	13	-49490	81
14	2	14	14	25300	243
14	2	15	2	6125	9
14	2	15	4	1205750	9
14	2	15	5	-24194170	27
14	2	15	6	146706560	81
14	2	15	7	351483275	81
14	2	15	8	-49212020	9
14	2	15	9	341240900	243
14	2	15	10	661736075	243
14	2	15	11	-58004765	81
14	2	15	12	-24607310	243
14	2	15	13	4631200	243
14	2	15	14	6460	81
14	2	15	15	-190	27
14	2	16	3	-79625	27
14	2	16	5	-2652650	9
14	2	16	6	4484480	3
14	2	16	7	-62764130	27
14	2	16	8	-350457250	81
14	2	16	9	115155040	27
14	2	16	10	-201551350	243
14	2	16	11	-298645165	243
14	2	16	12	19365710	81
14	2	16	13	5615890	243
14	2	16	14	-661550	243
14	2	16	15	-130	27
14	2	17	4	79625	9
14	2	17	6	13263250	27
14	2	17	7	-17313010	9
14	2	17	8	62654020	27
14	2	17	9	815339525	243
14	2	17	10	-69289220	27
14	2	17	11	90162800	243
14	2	17	12	98833735	243
14	2	17	13	-4476115	81
14	2	17	14	-793310	243
14	2	17	15	4900	27
14	2	18	5	-175175	9
14	2	18	7	-1894750	3
14	2	18	8	17328740	9
14	2	18	9	-145935790	81
14	2	18	10	-487767280	243
14	2	18	11	31584280	27
14	2	18	12	-29570450	243
14	2	18	13	-22642865	243
14	2	18	14	640460	81
14	2	18	15	5810	27
14	2	19	6	875875	27
14	2	19	8	1894750	3
14	2	19	9	-40470430	27
14	2	19	10	87407320	81
14	2	19	11	221059475	243
14	2	19	12	-10557820	27
14	2	19	13	6712300	243
14	2	19	14	3211135	243
14	2	19	15	-14255	27
14	2	20	7	-125125	3
14	2	20	9	-13263250	27
14	2	20	10	24304280	27
14	2	20	11	-39660530	81
14	2	20	12	-73468850	243
14	2	20	13	2443280	27
14	2	20	14	-942950	243
14	2	20	15	-70835	81
14	2	21	8	125125	3
14	2	21	10	2652650	9
14	2	21	11	-11057410	27
14	2	21	12	4398940	27
14	2	21	13	16904125	243
14	2	21	14	-350020	27
14	2	21	15	20600	81
14	2	22	9	-875875	27
14	2	22	11	-1205750	9
14	2	22	12	3689140	27
14	2	22	13	-3040030	81
14	2	22	14	-2407700	243
14	2	22	15	2600	3
14	2	23	10	175175	9
14	2	23	12	1205750	27
14	2	23	13	-852110	27
14	2	23	14	433520	81
14	2	23	15	53345	81
14	2	24	11	-79625	9
14	2	24	13	-92750	9
14	2	24	14	121840	27
14	2	24	15	-28850	81
14	2	25	12	79625	27
14	2	25	14	13250	9
14	2	25	15	-2710	9
14	2	26	13	-6125	9
14	2	26	15	-2650	27
14	2	27	14	875	9
14	2	28	15	-175	27
14	3	2	0	17660	81
14	3	3	0	8750	27
14	3	3	1	-264880	81
14	3	4	0	-11500	9
14	3	4	1	-129970	27
14	3	4	2	1854020	81
14	3	5	0	-190375	81
14	3	5	1	172310	9
14	3	5	2	900830	27
14	3	5	3	-8033480	81
14	3	6	0	37150	27
14	3	6	1	2836625	81
14	3	6	2	-1204840	9
14	3	6	3	-3864770	27
14	3	6	4	24098620	81
14	3	7	0	9310	3
14	3	7	1	-550820	27
14	3	7	2	-19723375	81
14	3	7	3	5215210	9
14	3	7	4	11477830	27
14	3	7	5	-53012960	81
14	3	8	0	190040	81
14	3	8	1	-46620	1
14	3	8	2	3810730	27
14	3	8	3	84891625	81
14	3	8	4	-15628340	9
14	3	8	5	-24994970	27
14	3	8	6	29449420	27
14	3	9	0	-5185	3
14	3	9	1	-2844400	81
14	3	9	2	326830	1
14	3	9	3	-16318120	27
14	3	9	4	-252945875	81
14	3	9	5	34344310	9
14	3	9	6	13743730	9
14	3	9	7	-37860680	27
14	3	10	0	-4750	3
14	3	10	1	77665	3
14	3	10	2	19867400	81
14	3	10	3	-4255160	3
14	3	10	4	48369230	27
14	3	10	5	552677125	81
14	3	10	6	-19059040	3
14	3	10	7	-17487470	9
14	3	10	8	37857820	27
14	3	11	0	-3850	9
14	3	11	1	23750	1
14	3	11	2	-542885	3
14	3	11	3	-85904000	81
14	3	11	4	4261530	1
14	3	11	5	-105125020	27
14	3	11	6	-304929625	27
14	3	11	7	24477310	3
14	3	11	8	17304430	9
14	3	11	9	-88328240	81
14	3	12	1	19250	3
14	3	12	2	-166250	1
14	3	12	3	783055	1
14	3	12	4	257147800	81
14	3	12	5	-9389380	1
14	3	12	6	19229210	3
14	3	12	7	389335375	27
14	3	12	8	-24450140	3
14	3	12	9	-39949910	27
14	3	12	10	52992940	81
14	3	13	2	-134750	3
14	3	13	3	2161250	3
14	3	13	4	-7037485	3
14	3	13	5	-564483920	81
14	3	13	6	47016970	3
14	3	13	7	-73250320	9
14	3	13	8	-386618375	27
14	3	13	9	56986930	9
14	3	13	10	23713690	27
14	3	13	11	-24085880	81
14	3	14	3	1751750	9
14	3	14	4	-2161250	1
14	3	14	5	15460445	3
14	3	14	6	104304200	9
14	3	14	7	-20180160	1
14	3	14	8	72330830	9
14	3	14	9	895769875	81
14	3	14	10	-34154120	9
14	3	14	11	-10662470	27
14	3	14	12	8028020	81
14	3	15	4	-1751750	3
14	3	15	5	4754750	1
14	3	15	6	-25730705	3
14	3	15	7	-401429600	27
14	3	15	8	20210190	1
14	3	15	9	-166626460	27
14	3	15	10	-533658125	81
14	3	15	11	15507310	9
14	3	15	12	3515330	27
14	3	15	13	-1852480	81
14	3	16	5	3853850	3
14	3	16	6	-23773750	3
14	3	16	7	11011715	1
14	3	16	8	400543000	27
14	3	16	9	-47227180	3
14	3	16	10	98688590	27
14	3	16	11	240842875	81
14	3	16	12	-5163340	9
14	3	16	13	-802270	27
14	3	16	14	264620	81
14	3	17	6	-19269250	9
14	3	17	7	10188750	1
14	3	17	8	-10995985	1
14	3	17	9	-932531600	81
14	3	17	10	9459450	1
14	3	17	11	-44273320	27
14	3	17	12	-79704625	81
14	3	17	13	1190210	9
14	3	17	14	113330	27
14	3	17	15	-1960	9
14	3	18	7	2752750	1
14	3	18	8	-10188750	1
14	3	18	9	25620595	3
14	3	18	10	558277720	81
14	3	18	11	-4306120	1
14	3	18	12	14562730	27
14	3	18	13	18260375	81
14	3	18	14	-169840	9
14	3	18	15	-830	3
14	3	19	8	-2752750	1
14	3	19	9	23773750	3
14	3	19	10	-15350335	3
14	3	19	11	-253198400	81
14	3	19	12	4312490	3
14	3	19	13	-3315620	27
14	3	19	14	-2589625	81
14	3	19	15	3770	3
14	3	20	9	19269250	9
14	3	20	10	-4754750	1
14	3	20	11	6967415	3
14	3	20	12	84211400	81
14	3	20	13	-332220	1
14	3	20	14	467230	27
14	3	20	15	57125	27
14	3	21	10	-3853850	3
14	3	21	11	2161250	1
14	3	21	12	-773045	1
14	3	21	13	-19390000	81
14	3	21	14	47530	1
14	3	21	15	-10240	9
14	3	22	11	1751750	3
14	3	22	12	-2161250	3
14	3	22	13	534415	3
14	3	22	14	2763800	81
14	3	22	15	-9520	3
14	3	23	12	-1751750	9
14	3	23	13	166250	1
14	3	23	14	-76235	3
14	3	23	15	-61280	27
14	3	24	13	134750	3
14	3	24	14	-23750	1
14	3	24	15	5075	3
14	3	25	14	-19250	3
14	3	25	15	4750	3
14	3	26	15	3850	9
14	4	2	0	-8830	81
14	4	3	0	-4375	27
14	4	3	1	132440	81
14	4	4	0	16750	9
14	4	4	1	64985	27
14	4	4	2	-927010	81
14	4	5	0	266525	81
14	4	5	1	-250405	9
14	4	5	2	-450415	27
14	4	5	3	4016740	81
14	4	6	0	-34000	9
14	4	6	1	-3971275	81
14	4	6	2	1746920	9
14	4	6	3	1932385	27
14	4	6	4	-12049310	81
14	4	7	0	-22610	3
14	4	7	1	56100	1
14	4	7	2	27612725	81
14	4	7	3	-2514785	3
14	4	7	4	-5738915	27
14	4	7	5	26506480	81
14	4	8	0	-366280	81
14	4	8	1	1017320	9
14	4	8	2	-1166200	3
14	4	8	3	-118848275	81
14	4	8	4	22556170	9
14	4	8	5	12497485	27
14	4	8	6	-14724710	27
14	4	9	0	149410	27
14	4	9	1	5491550	81
14	4	9	2	-7120330	9
14	4	9	3	15005900	9
14	4	9	4	354124225	81
14	4	9	5	-49454405	9
14	4	9	6	-6871865	9
14	4	9	7	18930340	27
14	4	10	0	51650	9
14	4	10	1	-2238890	27
14	4	10	2	-38422300	81
14	4	10	3	30850820	9
14	4	10	4	-4950400	1
14	4	10	5	-773747975	81
14	4	10	6	82142060	9
14	4	10	7	8743735	9
14	4	10	8	-18928910	27
14	4	11	0	8875	9
14	4	11	1	-257975	3
14	4	11	2	15656410	27
14	4	11	3	166416250	81
14	4	11	4	-92540630	9
14	4	11	5	32332300	3
14	4	11	6	426901475	27
14	4	11	7	-35082905	3
14	4	11	8	-8652215	9
14	4	11	9	44164120	81
14	4	12	1	-44375	3
14	4	12	2	601300	1
14	4	12	3	-67775890	27
14	4	12	4	-499007600	81
14	4	12	5	203563360	9
14	4	12	6	-159959800	9
14	4	12	7	-545069525	27
14	4	12	8	34962070	3
14	4	12	9	19974955	27
14	4	12	10	-26496470	81
14	4	13	0	-2275	9
14	4	13	2	310625	3
14	4	13	3	-23425675	9
14	4	13	4	203122010	27
14	4	13	5	1097286190	81
14	4	13	6	-339228890	9
14	4	13	7	22608300	1
14	4	13	8	541265725	27
14	4	13	9	-81296215	9
14	4	13	10	-11856845	27
14	4	13	11	12042940	81
14	4	14	1	11375	3
14	4	14	3	-4038125	9
14	4	14	4	23400650	3
14	4	14	5	-446415970	27
14	4	14	6	-203102900	9
14	4	14	7	145365220	3
14	4	14	8	-22365200	1
14	4	14	9	-1254077825	81
14	4	14	10	48608560	9
14	4	14	11	5331235	27
14	4	14	12	-4014010	81
14	4	15	2	-79625	3
14	4	15	4	4038125	3
14	4	15	5	-17142125	1
14	4	15	6	247757510	9
14	4	15	7	783017950	27
14	4	15	8	-145346630	3
14	4	15	9	154854700	9
14	4	15	10	747121375	81
14	4	15	11	-22017905	9
14	4	15	12	-1757665	27
14	4	15	13	926240	81
14	4	16	3	1035125	9
14	4	16	5	-8883875	3
14	4	16	6	256856600	9
14	4	16	7	-318222190	9
14	4	16	8	-782639000	27
14	4	16	9	37677640	1
14	4	16	10	-10210200	1
14	4	16	11	-337180025	81
14	4	16	12	812630	1
14	4	16	13	401135	27
14	4	16	14	-132310	81
14	4	17	4	-1035125	3
14	4	17	6	44419375	9
14	4	17	7	-36654475	1
14	4	17	8	317899010	9
14	4	17	9	1825273450	81
14	4	17	10	-203433230	9
14	4	17	11	13768300	3
14	4	17	12	111586475	81
14	4	17	13	-1681855	9
14	4	17	14	-56665	27
14	4	17	15	980	9
14	4	18	5	2277275	3
14	4	18	7	-6345625	1
14	4	18	8	36615150	1
14	4	18	9	-741010270	27
14	4	18	10	-1094633540	81
14	4	18	11	92457820	9
14	4	18	12	-13613600	9
14	4	18	13	-25564525	81
14	4	18	14	239420	9
14	4	18	15	415	3
14	4	19	6	-11386375	9
14	4	19	8	6345625	1
14	4	19	9	-256030775	9
14	4	19	10	444153710	27
14	4	19	11	497319550	81
14	4	19	12	-30815330	9
14	4	19	13	345100	1
14	4	19	14	3625475	81
14	4	19	15	-15905	9
14	4	20	7	1626625	1
14	4	20	9	-44419375	9
14	4	20	10	51151100	3
14	4	20	11	-201682390	27
14	4	20	12	-165692800	81
14	4	20	13	7110320	9
14	4	20	14	-146200	3
14	4	20	15	-79975	27
14	4	21	8	-1626625	1
14	4	21	10	8883875	3
14	4	21	11	-7741825	1
14	4	21	12	67158910	27
14	4	21	13	38218250	81
14	4	21	14	-1015630	9
14	4	21	15	28900	9
14	4	22	9	11386375	9
14	4	22	11	-4038125	3
14	4	22	12	23200450	9
14	4	22	13	-15482390	27
14	4	22	14	-5457100	81
14	4	22	15	67700	9
14	4	23	10	-2277275	3
14	4	23	12	4038125	9
14	4	23	13	-1782725	3
14	4	23	14	2209510	27
14	4	23	15	121210	27
14	4	24	11	1035125	3
14	4	24	13	-310625	3
14	4	24	14	84800	1
14	4	24	15	-5450	1
14	4	25	12	-1035125	9
14	4	25	14	44375	3
14	4	25	15	-50825	9
14	4	26	13	79625	3
14	4	26	15	-8875	9
14	4	27	14	-11375	3
14	4	28	15	2275	9
14	5	4	0	-4400	3
14	5	5	0	-7615	3
14	5	5	1	21900	1
14	5	6	0	58850	9
14	5	6	1	113465	3
14	5	6	2	-152600	1
14	5	7	0	11970	1
14	5	7	1	-874780	9
14	5	7	2	-788935	3
14	5	7	3	1974700	3
14	5	8	0	12100	3
14	5	8	1	-537800	3
14	5	8	2	6067670	9
14	5	8	3	3395665	3
14	5	8	4	-1965600	1
14	5	9	0	-112175	9
14	5	9	1	-182600	3
14	5	9	2	3758650	3
14	5	9	3	-26051480	9
14	5	9	4	-10117835	3
14	5	9	5	4304300	1
14	5	10	0	-43160	3
14	5	10	1	1681645	9
14	5	10	2	1285900	3
14	5	10	3	-16261700	3
14	5	10	4	77429170	9
14	5	10	5	22107085	3
14	5	10	6	-21421400	3
14	5	11	0	-525	1
14	5	11	1	215360	1
14	5	11	2	-11764655	9
14	5	11	3	-5605600	3
14	5	11	4	48707750	3
14	5	11	5	-168748580	9
14	5	11	6	-12197185	1
14	5	11	7	9137700	1
14	5	12	1	7875	1
14	5	12	2	-1504440	1
14	5	12	3	50950445	9
14	5	12	4	16916900	3
14	5	12	5	-106986880	3
14	5	12	6	92862770	3
14	5	12	7	15573415	1
14	5	12	8	-9094800	1
14	5	13	0	5005	3
14	5	13	2	-55125	1
14	5	13	3	19517680	3
14	5	13	4	-152762155	9
14	5	13	5	-37437400	3
14	5	13	6	178027850	3
14	5	13	7	-118255280	3
14	5	13	8	-15464735	1
14	5	13	9	21121100	3
14	5	14	1	-25025	1
14	5	14	3	238875	1
14	5	14	4	-19477640	1
14	5	14	5	335880545	9
14	5	14	6	20920900	1
14	5	14	7	-76176100	1
14	5	14	8	117115570	3
14	5	14	9	35830795	3
14	5	14	10	-4204200	1
14	5	15	2	175175	1
14	5	15	4	-716625	1
14	5	15	5	42762720	1
14	5	15	6	-186491305	3
14	5	15	7	-27055600	1
14	5	15	8	76054550	1
14	5	15	9	-270610340	9
14	5	15	10	-21346325	3
14	5	15	11	1901900	1
14	5	16	3	-2277275	3
14	5	16	5	1576575	1
14	5	16	6	-213373160	3
14	5	16	7	239634395	3
14	5	16	8	27212900	1
14	5	16	9	-59059000	1
14	5	16	10	160770610	9
14	5	16	11	9633715	3
14	5	16	12	-1892800	3
14	5	17	4	2277275	1
14	5	17	6	-2627625	1
14	5	17	7	91256880	1
14	5	17	8	-239494255	3
14	5	17	9	-63863800	3
14	5	17	10	106136030	3
14	5	17	11	-72352280	9
14	5	17	12	-3188185	3
14	5	17	13	144900	1
14	5	18	5	-5010005	1
14	5	18	7	3378375	1
14	5	18	8	-91068120	1
14	5	18	9	558492935	9
14	5	18	10	38538500	3
14	5	18	11	-48166300	3
14	5	18	12	23875670	9
14	5	18	13	730415	3
14	5	18	14	-20600	1
14	5	19	6	25050025	3
14	5	19	8	-3378375	1
14	5	19	9	212051840	3
14	5	19	10	-334899565	9
14	5	19	11	-17617600	3
14	5	19	12	16029650	3
14	5	19	13	-5453980	9
14	5	19	14	-103585	3
14	5	19	15	4100	3
14	5	20	7	-10735725	1
14	5	20	9	2627625	1
14	5	20	10	-42322280	1
14	5	20	11	152137895	9
14	5	20	12	5905900	3
14	5	20	13	-3693200	3
14	5	20	14	771170	9
14	5	20	15	2285	1
14	5	21	8	10735725	1
14	5	21	10	-1576575	1
14	5	21	11	19197360	1
14	5	21	12	-50682905	9
14	5	21	13	-1370600	3
14	5	21	14	526750	3
14	5	21	15	-16960	3
14	5	22	9	-25050025	3
14	5	22	11	716625	1
14	5	22	12	-19157320	3
14	5	22	13	11689195	9
14	5	22	14	196900	3
14	5	22	15	-35060	3
14	5	23	10	5010005	1
14	5	23	12	-238875	1
14	5	23	13	1470560	1
14	5	23	14	-1668905	9
14	5	23	15	-4400	1
14	5	24	11	-2277275	1
14	5	24	13	55125	1
14	5	24	14	-209640	1
14	5	24	15	12355	1
14	5	25	12	2277275	3
14	5	25	14	-7875	1
14	5	25	15	41840	3
14	5	26	13	-175175	1
14	5	26	15	525	1
14	5	27	14	25025	1
14	5	28	15	-5005	3
14	6	4	0	4400	9
14	6	5	0	7615	9
14	6	5	1	-7300	1
14	6	6	0	-186250	27
14	6	6	1	-113465	9
14	6	6	2	152600	3
14	6	7	0	-11970	1
14	6	7	1	2770100	27
14	6	7	2	788935	9
14	6	7	3	-1974700	9
14	6	8	0	15760	9
14	6	8	1	1611740	9
14	6	8	2	-19225150	27
14	6	8	3	-3395665	9
14	6	8	4	655200	1
14	6	9	0	536725	27
14	6	9	1	-225850	9
14	6	9	2	-11252710	9
14	6	9	3	82591600	27
14	6	9	4	10117835	9
14	6	9	5	-4304300	3
14	6	10	0	220670	9
14	6	10	1	-8049335	27
14	6	10	2	1507100	9
14	6	10	3	48634040	9
14	6	10	4	-245622650	27
14	6	10	5	-22107085	9
14	6	10	6	21421400	9
14	6	11	0	-35500	9
14	6	11	1	-1100270	3
14	6	11	2	56334565	27
14	6	11	3	-2070250	3
14	6	11	4	-145519010	9
14	6	11	5	535635100	27
14	6	11	6	12197185	3
14	6	11	7	-3045900	1
14	6	12	1	177500	3
14	6	12	2	2560110	1
14	6	12	3	-244069735	27
14	6	12	4	17672200	9
14	6	12	5	319298980	9
14	6	12	6	-294944650	9
14	6	12	7	-15573415	3
14	6	12	8	3031600	1
14	6	13	0	-50050	9
14	6	13	2	-1242500	3
14	6	13	3	-99564010	9
14	6	13	4	732069065	27
14	6	13	5	-36766730	9
14	6	13	6	-530760230	9
14	6	13	7	375832600	9
14	6	13	8	15464735	3
14	6	13	9	-21121100	9
14	6	14	1	250250	3
14	6	14	3	16152500	9
14	6	14	4	99283730	3
14	6	14	5	-1610243635	27
14	6	14	6	57757700	9
14	6	14	7	226866640	3
14	6	14	8	-372450650	9
14	6	14	9	-35830795	9
14	6	14	10	1401400	1
14	6	15	2	-1751750	3
14	6	15	4	-16152500	3
14	6	15	5	-72602530	1
14	6	15	6	894408515	9
14	6	15	7	-23244650	3
14	6	15	8	-226264610	3
14	6	15	9	861160300	27
14	6	15	10	21346325	9
14	6	15	11	-1901900	3
14	6	16	3	22772750	9
14	6	16	5	35535500	3
14	6	16	6	1085954870	9
14	6	16	7	-1149733585	9
14	6	16	8	21736000	3
14	6	16	9	175515340	3
14	6	16	10	-511961450	27
14	6	16	11	-9633715	9
14	6	16	12	1892800	9
14	6	17	4	-22772750	3
14	6	17	6	-177677500	9
14	6	17	7	-154695970	1
14	6	17	8	1149513365	9
14	6	17	9	-47197150	9
14	6	17	10	-315084770	9
14	6	17	11	230557600	27
14	6	17	12	3188185	9
14	6	17	13	-48300	1
14	6	18	5	50100050	3
14	6	18	7	25382500	1
14	6	18	8	154255530	1
14	6	18	9	-2681684005	27
14	6	18	10	26206180	9
14	6	18	11	142837240	9
14	6	18	12	-76135150	27
14	6	18	13	-730415	9
14	6	18	14	20600	3
14	6	19	6	-250500250	9
14	6	19	8	-25382500	1
14	6	19	9	-1076705630	9
14	6	19	10	1608702095	27
14	6	19	11	-10951850	9
14	6	19	12	-47484710	9
14	6	19	13	17404100	27
14	6	19	14	103585	9
14	6	19	15	-4100	9
14	6	20	7	35785750	1
14	6	20	9	177677500	9
14	6	20	10	214724510	3
14	6	20	11	-731088085	27
14	6	20	12	1110200	3
14	6	20	13	10928540	9
14	6	20	14	-2462650	27
14	6	20	15	-2285	3
14	6	21	8	-35785750	1
14	6	21	10	-35535500	3
14	6	21	11	-32440590	1
14	6	21	12	243649315	27
14	6	21	13	-694750	9
14	6	21	14	-1557010	9
14	6	21	15	54200	9
14	6	22	9	250500250	9
14	6	22	11	16152500	3
14	6	22	12	97041490	9
14	6	22	13	-56215985	27
14	6	22	14	88700	9
14	6	22	15	103520	9
14	6	23	10	-50100050	3
14	6	23	12	-16152500	9
14	6	23	13	-7443170	3
14	6	23	14	8029315	27
14	6	23	15	-5210	9
14	6	24	11	22772750	3
14	6	24	13	1242500	3
14	6	24	14	353410	1
14	6	24	15	-59465	3
14	6	25	12	-22772750	9
14	6	25	14	-177500	3
14	6	25	15	-211430	9
14	6	26	13	1751750	3
14	6	26	15	35500	9
14	6	27	14	-250250	3
14	6	28	15	50050	9
14	7	6	0	36400	9
14	7	7	0	6840	1
14	7	7	1	-541520	9
14	7	8	0	-26680	3
14	7	8	1	-102280	1
14	7	8	2	3759280	9
14	7	9	0	-198520	9
14	7	9	1	131600	1
14	7	9	2	713720	1
14	7	9	3	-16154320	9
14	7	10	0	-26960	1
14	7	10	1	2978180	9
14	7	10	2	-908600	1
14	7	10	3	-3083080	1
14	7	10	4	48055280	9
14	7	11	0	41900	3
14	7	11	1	403080	1
14	7	11	2	-20849920	9
14	7	11	3	11648000	3
14	7	11	4	9220120	1
14	7	11	5	-104824720	9
14	7	12	1	-209500	1
14	7	12	2	-2812320	1
14	7	12	3	90361180	9
14	7	12	4	-11484200	1
14	7	12	5	-20220200	1
14	7	12	6	57737680	3
14	7	13	0	10725	1
14	7	13	2	1466500	1
14	7	13	3	12146680	1
14	7	13	4	-271118120	9
14	7	13	5	24904880	1
14	7	13	6	33593560	1
14	7	13	7	-73593520	3
14	7	14	1	-160875	1
14	7	14	3	-19064500	3
14	7	14	4	-36319920	1
14	7	14	5	596535940	9
14	7	14	6	-122722600	3
14	7	14	7	-43054440	1
14	7	14	8	72952880	3
14	7	15	2	1126125	1
14	7	15	4	19064500	1
14	7	15	5	79639560	1
14	7	15	6	-331451120	3
14	7	15	7	51823200	1
14	7	15	8	42917160	1
14	7	15	9	-168728560	9
14	7	16	3	-4879875	1
14	7	16	5	-41941900	1
14	7	16	6	-132292160	1
14	7	16	7	426205780	3
14	7	16	8	-51051000	1
14	7	16	9	-33273240	1
14	7	16	10	100340240	9
14	7	17	4	14639625	1
14	7	17	6	209709500	3
14	7	17	7	169523640	1
14	7	17	8	-426260120	3
14	7	17	9	117317200	3
14	7	17	10	19899880	1
14	7	17	11	-45201520	9
14	7	18	5	-32207175	1
14	7	18	7	-89875500	1
14	7	18	8	-168957360	1
14	7	18	9	994733740	9
14	7	18	10	-23103080	1
14	7	18	11	-9016280	1
14	7	18	12	14931280	9
14	7	19	6	53678625	1
14	7	19	8	89875500	1
14	7	19	9	130970840	1
14	7	19	10	-596916320	9
14	7	19	11	10337600	1
14	7	19	12	2995720	1
14	7	19	13	-3414320	9
14	7	20	7	-69015375	1
14	7	20	9	-209709500	3
14	7	20	10	-78318240	1
14	7	20	11	271360180	9
14	7	20	12	-10173800	3
14	7	20	13	-689080	1
14	7	20	14	483280	9
14	7	21	8	69015375	1
14	7	21	10	41941900	1
14	7	21	11	35479080	1
14	7	21	12	-90464920	9
14	7	21	13	770000	1
14	7	21	14	98120	1
14	7	21	15	-10640	3
14	7	22	9	-53678625	1
14	7	22	11	-19064500	1
14	7	22	12	-11786320	1
14	7	22	13	20879180	9
14	7	22	14	-108200	1
14	7	22	15	-6520	1
14	7	23	10	32207175	1
14	7	23	12	19064500	3
14	7	23	13	2710680	1
14	7	23	14	-2983120	9
14	7	23	15	21280	3
14	7	24	11	-14639625	1
14	7	24	13	-1466500	1
14	7	24	14	-385920	1
14	7	24	15	22100	1
14	7	25	12	4879875	1
14	7	25	14	209500	1
14	7	25	15	25640	1
14	7	26	13	-1126125	1
14	7	26	15	-41900	3
14	7	27	14	160875	1
14	7	28	15	-10725	1
14	8	6	0	-9100	9
14	8	7	0	-1710	1
14	8	7	1	135380	9
14	8	8	0	30070	3
14	8	8	1	25570	1
14	8	8	2	-939820	9
14	8	9	0	146155	9
14	8	9	1	-148775	1
14	8	9	2	-178430	1
14	8	9	3	4038580	9
14	8	10	0	16550	1
14	8	10	1	-2193095	9
14	8	10	2	1030400	1
14	8	10	3	770770	1
14	8	10	4	-12013820	9
14	8	11	0	-73475	3
14	8	11	1	-247425	1
14	8	11	2	15357055	9
14	8	11	3	-13251875	3
14	8	11	4	-2305030	1
14	8	11	5	26206180	9
14	8	12	1	367375	1
14	8	12	2	1726200	1
14	8	12	3	-66570595	9
14	8	12	4	13108550	1
14	8	12	5	5055050	1
14	8	12	6	-14434420	3
14	8	13	0	-10725	1
14	8	13	2	-2571625	1
14	8	13	3	-7455175	1
14	8	13	4	199781855	9
14	8	13	5	-28523495	1
14	8	13	6	-8398390	1
14	8	13	7	18398380	3
14	8	14	1	160875	1
14	8	14	3	33431125	3
14	8	14	4	22290450	1
14	8	14	5	-439674235	9
14	8	14	6	141040900	3
14	8	14	7	10763610	1
14	8	14	8	-18238220	3
14	8	15	2	-1126125	1
14	8	15	4	-33431125	1
14	8	15	5	-48873825	1
14	8	15	6	244349105	3
14	8	15	7	-59770425	1
14	8	15	8	-10729290	1
14	8	15	9	42182140	9
14	8	16	3	4879875	1
14	8	16	5	73548475	1
14	8	16	6	81181100	1
14	8	16	7	-314273245	3
14	8	16	8	59094750	1
14	8	16	9	8318310	1
14	8	16	10	-25085060	9
14	8	17	4	-14639625	1
14	8	17	6	-367742375	3
14	8	17	7	-104021775	1
14	8	17	8	314383355	3
14	8	17	9	-136311175	3
14	8	17	10	-4974970	1
14	8	17	11	11300380	9
14	8	18	5	32207175	1
14	8	18	7	157603875	1
14	8	18	8	103667850	1
14	8	18	9	-733818085	9
14	8	18	10	26946920	1
14	8	18	11	2254070	1
14	8	18	12	-3732820	9
14	8	19	6	-53678625	1
14	8	19	8	-157603875	1
14	8	19	9	-80355275	1
14	8	19	10	440445005	9
14	8	19	11	-12105275	1
14	8	19	12	-748930	1
14	8	19	13	853580	9
14	8	20	7	69015375	1
14	8	20	9	367742375	3
14	8	20	10	48048000	1
14	8	20	11	-200272345	9
14	8	20	12	11961950	3
14	8	20	13	172270	1
14	8	20	14	-120820	9
14	8	21	8	-69015375	1
14	8	21	10	-73548475	1
14	8	21	11	-21764925	1
14	8	21	12	66780805	9
14	8	21	13	-909125	1
14	8	21	14	-24530	1
14	8	21	15	2660	3
14	8	22	9	53678625	1
14	8	22	11	33431125	1
14	8	22	12	7229950	1
14	8	22	13	-15416345	9
14	8	22	14	128300	1
14	8	22	15	1630	1
14	8	23	10	-32207175	1
14	8	23	12	-33431125	3
14	8	23	13	-1662675	1
14	8	23	14	2203105	9
14	8	23	15	-25345	3
14	8	24	11	14639625	1
14	8	24	13	2571625	1
14	8	24	14	236700	1
14	8	24	15	-16325	1
14	8	25	12	-4879875	1
14	8	25	14	-367375	1
14	8	25	15	-15725	1
14	8	26	13	1126125	1
14	8	26	15	73475	3
14	8	27	14	-160875	1
14	8	28	15	10725	1
14	9	8	0	-5200	1
14	9	9	0	-7150	1
14	9	9	1	77250	1
14	9	10	0	-2250	1
14	9	10	1	107300	1
14	9	10	2	-535500	1
14	9	11	0	26375	1
14	9	11	1	33750	1
14	9	11	2	-751450	1
14	9	11	3	2297750	1
14	9	12	1	-395625	1
14	9	12	2	-236250	1
14	9	12	3	3257800	1
14	9	12	4	-6825000	1
14	9	13	2	2769375	1
14	9	13	3	1023750	1
14	9	13	4	-9777950	1
14	9	13	5	14864850	1
14	9	14	3	-12000625	1
14	9	14	4	-3071250	1
14	9	14	5	21521500	1
14	9	14	6	-24524500	1
14	9	15	4	36001875	1
14	9	15	5	6756750	1
14	9	15	6	-35885850	1
14	9	15	7	31209750	1
14	9	16	5	-79204125	1
14	9	16	6	-11261250	1
14	9	16	7	46160400	1
14	9	16	8	-30888000	1
14	9	17	6	132006875	1
14	9	17	7	14478750	1
14	9	17	8	-46181850	1
14	9	17	9	23773750	1
14	9	18	7	-169723125	1
14	9	18	8	-14478750	1
14	9	18	9	35935900	1
14	9	18	10	-14114100	1
14	9	19	8	169723125	1
14	9	19	9	11261250	1
14	9	19	10	-21571550	1
14	9	19	11	6347250	1
14	9	20	9	-132006875	1
14	9	20	10	-6756750	1
14	9	20	11	9809800	1
14	9	20	12	-2093000	1
14	9	21	10	79204125	1
14	9	21	11	3071250	1
14	9	21	12	-3271450	1
14	9	21	13	477750	1
14	9	22	11	-36001875	1
14	9	22	12	-1023750	1
14	9	22	13	755300	1
14	9	22	14	-67500	1
14	9	23	12	12000625	1
14	9	23	13	236250	1
14	9	23	14	-107950	1
14	9	23	15	4450	1
14	9	24	13	-2769375	1
14	9	24	14	-33750	1
14	9	24	15	7200	1
14	9	25	14	395625	1
14	9	25	15	2250	1
14	9	26	15	-26375	1
14	10	8	0	1040	1
14	10	9	0	1430	1
14	10	9	1	-15450	1
14	10	10	0	-3840	1
14	10	10	1	-21460	1
14	10	10	2	107100	1
14	10	11	0	-17650	1
14	10	11	1	57270	1
14	10	11	2	150290	1
14	10	11	3	-459550	1
14	10	12	1	264750	1
14	10	12	2	-398580	1
14	10	12	3	-651560	1
14	10	12	4	1365000	1
14	10	13	0	15015	1
14	10	13	2	-1853250	1
14	10	13	3	1717170	1
14	10	13	4	1955590	1
14	10	13	5	-2972970	1
14	10	14	1	-225225	1
14	10	14	3	8030750	1
14	10	14	4	-5121480	1
14	10	14	5	-4304300	1
14	10	14	6	4904900	1
14	10	15	2	1576575	1
14	10	15	4	-24092250	1
14	10	15	5	11201190	1
14	10	15	6	7177170	1
14	10	15	7	-6241950	1
14	10	16	3	-6831825	1
14	10	16	5	53002950	1
14	10	16	6	-18558540	1
14	10	16	7	-9232080	1
14	10	16	8	6177600	1
14	10	17	4	20495475	1
14	10	17	6	-88338250	1
14	10	17	7	23719410	1
14	10	17	8	9236370	1
14	10	17	9	-4754750	1
14	10	18	5	-45090045	1
14	10	18	7	113577750	1
14	10	18	8	-23577840	1
14	10	18	9	-7187180	1
14	10	18	10	2822820	1
14	10	19	6	75150075	1
14	10	19	8	-113577750	1
14	10	19	9	18228210	1
14	10	19	10	4314310	1
14	10	19	11	-1269450	1
14	10	20	7	-96621525	1
14	10	20	9	88338250	1
14	10	20	10	-10870860	1
14	10	20	11	-1961960	1
14	10	20	12	418600	1
14	10	21	8	96621525	1
14	10	21	10	-53002950	1
14	10	21	11	4911270	1
14	10	21	12	654290	1
14	10	21	13	-95550	1
14	10	22	9	-75150075	1
14	10	22	11	24092250	1
14	10	22	12	-1627080	1
14	10	22	13	-151060	1
14	10	22	14	13500	1
14	10	23	10	45090045	1
14	10	23	12	-8030750	1
14	10	23	13	373170	1
14	10	23	14	21590	1
14	10	23	15	-890	1
14	10	24	11	-20495475	1
14	10	24	13	1853250	1
14	10	24	14	-52980	1
14	10	24	15	-1440	1
14	10	25	12	6831825	1
14	10	25	14	-264750	1
14	10	25	15	3510	1
14	10	26	13	-1576575	1
14	10	26	15	17650	1
14	10	27	14	225225	1
14	10	28	15	-15015	1
14	11	10	0	2340	1
14	11	11	0	6750	1
14	11	11	1	-34920	1
14	11	12	1	-101250	1
14	11	12	2	243180	1
14	11	13	0	-20475	1
14	11	13	2	708750	1
14	11	13	3	-1048320	1
14	11	14	1	307125	1
14	11	14	3	-3071250	1
14	11	14	4	3128580	1
14	11	15	2	-2149875	1
14	11	15	4	9213750	1
14	11	15	5	-6846840	1
14	11	16	3	9316125	1
14	11	16	5	-20270250	1
14	11	16	6	11351340	1
14	11	17	4	-27948375	1
14	11	17	6	33783750	1
14	11	17	7	-14517360	1
14	11	18	5	61486425	1
14	11	18	7	-43436250	1
14	11	18	8	14440140	1
14	11	19	6	-102477375	1
14	11	19	8	43436250	1
14	11	19	9	-11171160	1
14	11	20	7	131756625	1
14	11	20	9	-33783750	1
14	11	20	10	6666660	1
14	11	21	8	-131756625	1
14	11	21	10	20270250	1
14	11	21	11	-3013920	1
14	11	22	9	102477375	1
14	11	22	11	-9213750	1
14	11	22	12	999180	1
14	11	23	10	-61486425	1
14	11	23	12	3071250	1
14	11	23	13	-229320	1
14	11	24	11	27948375	1
14	11	24	13	-708750	1
14	11	24	14	32580	1
14	11	25	12	-9316125	1
14	11	25	14	101250	1
14	11	25	15	-2160	1
14	11	26	13	2149875	1
14	11	26	15	-6750	1
14	11	27	14	-307125	1
14	11	28	15	20475	1
14	12	10	0	-390	1
14	12	11	0	-1125	1
14	12	11	1	5820	1
14	12	12	1	16875	1
14	12	12	2	-40530	1
14	12	13	0	13650	1
14	12	13	2	-118125	1
14	12	13	3	174720	1
14	12	14	1	-204750	1
14	12	14	3	511875	1
14	12	14	4	-521430	1
14	12	15	2	1433250	1
14	12	15	4	-1535625	1
14	12	15	5	1141140	1
14	12	16	3	-6210750	1
14	12	16	5	3378375	1
14	12	16	6	-1891890	1
14	12	17	4	18632250	1
14	12	17	6	-5630625	1
14	12	17	7	2419560	1
14	12	18	5	-40990950	1
14	12	18	7	7239375	1
14	12	18	8	-2406690	1
14	12	19	6	68318250	1
14	12	19	8	-7239375	1
14	12	19	9	1861860	1
14	12	20	7	-87837750	1
14	12	20	9	5630625	1
14	12	20	10	-1111110	1
14	12	21	8	87837750	1
14	12	21	10	-3378375	1
14	12	21	11	502320	1
14	12	22	9	-68318250	1
14	12	22	11	1535625	1
14	12	22	12	-166530	1
14	12	23	10	40990950	1
14	12	23	12	-511875	1
14	12	23	13	38220	1
14	12	24	11	-18632250	1
14	12	24	13	118125	1
14	12	24	14	-5430	1
14	12	25	12	6210750	1
14	12	25	14	-16875	1
14	12	25	15	360	1
14	12	26	13	-1433250	1
14	12	26	15	1125	1
14	12	27	14	204750	1
14	12	28	15	-13650	1
14	13	13	0	-4725	1
14	13	14	1	70875	1
14	13	15	2	-496125	1
14	13	16	3	2149875	1
14	13	17	4	-6449625	1
14	13	18	5	14189175	1
14	13	19	6	-23648625	1
14	13	20	7	30405375	1
14	13	21	8	-30405375	1
14	13	22	9	23648625	1
14	13	23	10	-14189175	1
14	13	24	11	6449625	1
14	13	25	12	-2149875	1
14	13	26	13	496125	1
14	13	27	14	-70875	1
14	13	28	15	4725	1
14	14	13	0	675	1
14	14	14	1	-10125	1
14	14	15	2	70875	1
14	14	16	3	-307125	1
14	14	17	4	921375	1
14	14	18	5	-2027025	1
14	14	19	6	3378375	1
14	14	20	7	-4343625	1
14	14	21	8	4343625	1
14	14	22	9	-3378375	1
14	14	23	10	2027025	1
14	14	24	11	-921375	1
14	14	25	12	307125	1
14	14	26	13	-70875	1
14	14	27	14	10125	1
14	14	28	15	-675	1
15	0	0	0	-1300	729
15	0	1	0	-560	729
15	0	1	1	6500	243
15	0	2	0	2050	729
15	0	2	1	2800	243
15	0	2	2	-45500	243
15	0	3	0	470	243
15	0	3	1	-10250	243
15	0	3	2	-19600	243
15	0	3	3	591500	729
15	0	4	0	-400	243
15	0	4	1	-2350	81
15	0	4	2	71750	243
15	0	4	3	254800	729
15	0	4	4	-591500	243
15	0	5	0	-1730	729
15	0	5	1	2000	81
15	0	5	2	16450	81
15	0	5	3	-932750	729
15	0	5	4	-254800	243
15	0	5	5	1301300	243
15	0	6	0	70	243
15	0	6	1	8650	243
15	0	6	2	-14000	81
15	0	6	3	-213850	243
15	0	6	4	932750	243
15	0	6	5	560560	243
15	0	6	6	-6506500	729
15	0	7	0	20	27
15	0	7	1	-350	81
15	0	7	2	-60550	243
15	0	7	3	182000	243
15	0	7	4	213850	81
15	0	7	5	-2052050	243
15	0	7	6	-2802800	729
15	0	7	7	929500	81
15	0	8	0	484	729
15	0	8	1	-100	9
15	0	8	2	2450	81
15	0	8	3	787150	729
15	0	8	4	-182000	81
15	0	8	5	-470470	81
15	0	8	6	10260250	729
15	0	8	7	400400	81
15	0	8	8	-929500	81
15	0	9	0	-140	729
15	0	9	1	-2420	243
15	0	9	2	700	9
15	0	9	3	-31850	243
15	0	9	4	-787150	243
15	0	9	5	400400	81
15	0	9	6	2352350	243
15	0	9	7	-1465750	81
15	0	9	8	-400400	81
15	0	9	9	6506500	729
15	0	10	0	-10	81
15	0	10	1	700	243
15	0	10	2	16940	243
15	0	10	3	-9100	27
15	0	10	4	31850	81
15	0	10	5	1731730	243
15	0	10	6	-2002000	243
15	0	10	7	-336050	27
15	0	10	8	1465750	81
15	0	10	9	2802800	729
15	0	10	10	-1301300	243
15	0	11	0	-10	243
15	0	11	1	50	27
15	0	11	2	-4900	243
15	0	11	3	-220220	729
15	0	11	4	9100	9
15	0	11	5	-70070	81
15	0	11	6	-8658650	729
15	0	11	7	286000	27
15	0	11	8	336050	27
15	0	11	9	-10260250	729
15	0	11	10	-560560	243
15	0	11	11	591500	243
15	0	12	1	50	81
15	0	12	2	-350	27
15	0	12	3	63700	729
15	0	12	4	220220	243
15	0	12	5	-20020	9
15	0	12	6	350350	243
15	0	12	7	1236950	81
15	0	12	8	-286000	27
15	0	12	9	-2352350	243
15	0	12	10	2052050	243
15	0	12	11	254800	243
15	0	12	12	-591500	729
15	0	13	0	-2	729
15	0	13	2	-350	81
15	0	13	3	4550	81
15	0	13	4	-63700	243
15	0	13	5	-484484	243
15	0	13	6	100100	27
15	0	13	7	-50050	27
15	0	13	8	-1236950	81
15	0	13	9	2002000	243
15	0	13	10	470470	81
15	0	13	11	-932750	243
15	0	13	12	-254800	729
15	0	13	13	45500	243
15	0	14	1	10	243
15	0	14	3	4550	243
15	0	14	4	-4550	27
15	0	14	5	140140	243
15	0	14	6	2422420	729
15	0	14	7	-14300	3
15	0	14	8	50050	27
15	0	14	9	8658650	729
15	0	14	10	-400400	81
15	0	14	11	-213850	81
15	0	14	12	932750	729
15	0	14	13	19600	243
15	0	14	14	-6500	243
15	0	15	2	-70	243
15	0	15	4	-4550	81
15	0	15	5	10010	27
15	0	15	6	-700700	729
15	0	15	7	-346060	81
15	0	15	8	14300	3
15	0	15	9	-350350	243
15	0	15	10	-1731730	243
15	0	15	11	182000	81
15	0	15	12	213850	243
15	0	15	13	-71750	243
15	0	15	14	-2800	243
15	0	15	15	1300	729
15	0	16	3	910	729
15	0	16	5	10010	81
15	0	16	6	-50050	81
15	0	16	7	100100	81
15	0	16	8	346060	81
15	0	16	9	-100100	27
15	0	16	10	70070	81
15	0	16	11	787150	243
15	0	16	12	-182000	243
15	0	16	13	-16450	81
15	0	16	14	10250	243
15	0	16	15	560	729
15	0	17	4	-910	243
15	0	17	6	-50050	243
15	0	17	7	7150	9
15	0	17	8	-100100	81
15	0	17	9	-2422420	729
15	0	17	10	20020	9
15	0	17	11	-31850	81
15	0	17	12	-787150	729
15	0	17	13	14000	81
15	0	17	14	2350	81
15	0	17	15	-2050	729
15	0	18	5	2002	243
15	0	18	7	7150	27
15	0	18	8	-7150	9
15	0	18	9	700700	729
15	0	18	10	484484	243
15	0	18	11	-9100	9
15	0	18	12	31850	243
15	0	18	13	60550	243
15	0	18	14	-2000	81
15	0	18	15	-470	243
15	0	19	6	-10010	729
15	0	19	8	-7150	27
15	0	19	9	50050	81
15	0	19	10	-140140	243
15	0	19	11	-220220	243
15	0	19	12	9100	27
15	0	19	13	-2450	81
15	0	19	14	-8650	243
15	0	19	15	400	243
15	0	20	7	1430	81
15	0	20	9	50050	243
15	0	20	10	-10010	27
15	0	20	11	63700	243
15	0	20	12	220220	729
15	0	20	13	-700	9
15	0	20	14	350	81
15	0	20	15	1730	729
15	0	21	8	-1430	81
15	0	21	10	-10010	81
15	0	21	11	4550	27
15	0	21	12	-63700	729
15	0	21	13	-16940	243
15	0	21	14	100	9
15	0	21	15	-70	243
15	0	22	9	10010	729
15	0	22	11	4550	81
15	0	22	12	-4550	81
15	0	22	13	4900	243
15	0	22	14	2420	243
15	0	22	15	-20	27
15	0	23	10	-2002	243
15	0	23	12	-4550	243
15	0	23	13	350	27
15	0	23	14	-700	243
15	0	23	15	-484	729
15	0	24	11	910	243
15	0	24	13	350	81
15	0	24	14	-50	27
15	0	24	15	140	729
15	0	25	12	-910	729
15	0	25	14	-50	81
15	0	25	15	10	81
15	0	26	13	70	243
15	0	26	15	10	243
15	0	27	14	-10	243
15	0	28	15	2	729
15	1	0	0	1300	243
15	1	1	0	280	81
15	1	1	1	-6500	81
15	1	2	0	-4100	243
15	1	2	1	-1400	27
15	1	2	2	45500	81
15	1	3	0	-1175	81
15	1	3	1	20500	81
15	1	3	2	9800	27
15	1	3	3	-591500	243
15	1	4	0	400	27
15	1	4	1	5875	27
15	1	4	2	-143500	81
15	1	4	3	-127400	81
15	1	4	4	591500	81
15	1	5	0	6055	243
15	1	5	1	-2000	9
15	1	5	2	-41125	27
15	1	5	3	1865500	243
15	1	5	4	127400	27
15	1	5	5	-1301300	81
15	1	6	0	-280	81
15	1	6	1	-30275	81
15	1	6	2	14000	9
15	1	6	3	534625	81
15	1	6	4	-1865500	81
15	1	6	5	-280280	27
15	1	6	6	6506500	243
15	1	7	0	-10	1
15	1	7	1	1400	27
15	1	7	2	211925	81
15	1	7	3	-182000	27
15	1	7	4	-534625	27
15	1	7	5	4104100	81
15	1	7	6	1401400	81
15	1	7	7	-929500	27
15	1	8	0	-2420	243
15	1	8	1	150	1
15	1	8	2	-9800	27
15	1	8	3	-2755025	243
15	1	8	4	182000	9
15	1	8	5	1176175	27
15	1	8	6	-20520500	243
15	1	8	7	-200200	9
15	1	8	8	929500	27
15	1	9	0	770	243
15	1	9	1	12100	81
15	1	9	2	-1050	1
15	1	9	3	127400	81
15	1	9	4	2755025	81
15	1	9	5	-400400	9
15	1	9	6	-5880875	81
15	1	9	7	2931500	27
15	1	9	8	200200	9
15	1	9	9	-6506500	243
15	1	10	0	20	9
15	1	10	1	-3850	81
15	1	10	2	-84700	81
15	1	10	3	4550	1
15	1	10	4	-127400	27
15	1	10	5	-6061055	81
15	1	10	6	2002000	27
15	1	10	7	840125	9
15	1	10	8	-2931500	27
15	1	10	9	-1401400	81
15	1	10	10	1301300	81
15	1	11	0	65	81
15	1	11	1	-100	3
15	1	11	2	26950	81
15	1	11	3	1101100	243
15	1	11	4	-13650	1
15	1	11	5	280280	27
15	1	11	6	30305275	243
15	1	11	7	-286000	3
15	1	11	8	-840125	9
15	1	11	9	20520500	243
15	1	11	10	280280	27
15	1	11	11	-591500	81
15	1	12	1	-325	27
15	1	12	2	700	3
15	1	12	3	-350350	243
15	1	12	4	-1101100	81
15	1	12	5	30030	1
15	1	12	6	-1401400	81
15	1	12	7	-4329325	27
15	1	12	8	286000	3
15	1	12	9	5880875	81
15	1	12	10	-4104100	81
15	1	12	11	-127400	27
15	1	12	12	591500	243
15	1	13	0	5	81
15	1	13	2	2275	27
15	1	13	3	-9100	9
15	1	13	4	350350	81
15	1	13	5	2422420	81
15	1	13	6	-50050	1
15	1	13	7	200200	9
15	1	13	8	4329325	27
15	1	13	9	-2002000	27
15	1	13	10	-1176175	27
15	1	13	11	1865500	81
15	1	13	12	127400	81
15	1	13	13	-45500	81
15	1	14	1	-25	27
15	1	14	3	-29575	81
15	1	14	4	9100	3
15	1	14	5	-770770	81
15	1	14	6	-12112100	243
15	1	14	7	64350	1
15	1	14	8	-200200	9
15	1	14	9	-30305275	243
15	1	14	10	400400	9
15	1	14	11	534625	27
15	1	14	12	-1865500	243
15	1	14	13	-9800	27
15	1	14	14	6500	81
15	1	15	2	175	27
15	1	15	4	29575	27
15	1	15	5	-20020	3
15	1	15	6	3853850	243
15	1	15	7	1730300	27
15	1	15	8	-64350	1
15	1	15	9	1401400	81
15	1	15	10	6061055	81
15	1	15	11	-182000	9
15	1	15	12	-534625	81
15	1	15	13	143500	81
15	1	15	14	1400	27
15	1	15	15	-1300	243
15	1	16	3	-2275	81
15	1	16	5	-65065	27
15	1	16	6	100100	9
15	1	16	7	-550550	27
15	1	16	8	-1730300	27
15	1	16	9	50050	1
15	1	16	10	-280280	27
15	1	16	11	-2755025	81
15	1	16	12	182000	27
15	1	16	13	41125	27
15	1	16	14	-20500	81
15	1	16	15	-280	81
15	1	17	4	2275	27
15	1	17	6	325325	81
15	1	17	7	-14300	1
15	1	17	8	550550	27
15	1	17	9	12112100	243
15	1	17	10	-30030	1
15	1	17	11	127400	27
15	1	17	12	2755025	243
15	1	17	13	-14000	9
15	1	17	14	-5875	27
15	1	17	15	4100	243
15	1	18	5	-5005	27
15	1	18	7	-46475	9
15	1	18	8	14300	1
15	1	18	9	-3853850	243
15	1	18	10	-2422420	81
15	1	18	11	13650	1
15	1	18	12	-127400	81
15	1	18	13	-211925	81
15	1	18	14	2000	9
15	1	18	15	1175	81
15	1	19	6	25025	81
15	1	19	8	46475	9
15	1	19	9	-100100	9
15	1	19	10	770770	81
15	1	19	11	1101100	81
15	1	19	12	-4550	1
15	1	19	13	9800	27
15	1	19	14	30275	81
15	1	19	15	-400	27
15	1	20	7	-3575	9
15	1	20	9	-325325	81
15	1	20	10	20020	3
15	1	20	11	-350350	81
15	1	20	12	-1101100	243
15	1	20	13	1050	1
15	1	20	14	-1400	27
15	1	20	15	-6055	243
15	1	21	8	3575	9
15	1	21	10	65065	27
15	1	21	11	-9100	3
15	1	21	12	350350	243
15	1	21	13	84700	81
15	1	21	14	-150	1
15	1	21	15	280	81
15	1	22	9	-25025	81
15	1	22	11	-29575	27
15	1	22	12	9100	9
15	1	22	13	-26950	81
15	1	22	14	-12100	81
15	1	22	15	10	1
15	1	23	10	5005	27
15	1	23	12	29575	81
15	1	23	13	-700	3
15	1	23	14	3850	81
15	1	23	15	2420	243
15	1	24	11	-2275	27
15	1	24	13	-2275	27
15	1	24	14	100	3
15	1	24	15	-770	243
15	1	25	12	2275	81
15	1	25	14	325	27
15	1	25	15	-20	9
15	1	26	13	-175	27
15	1	26	15	-65	81
15	1	27	14	25	27
15	1	28	15	-5	81
15	2	0	0	-1300	243
15	2	1	0	-280	81
15	2	1	1	6500	81
15	2	2	0	10250	243
15	2	2	1	1400	27
15	2	2	2	-45500	81
15	2	3	0	3290	81
15	2	3	1	-51250	81
15	2	3	2	-9800	27
15	2	3	3	591500	243
15	2	4	0	-1720	27
15	2	4	1	-16450	27
15	2	4	2	358750	81
15	2	4	3	127400	81
15	2	4	4	-591500	81
15	2	5	0	-26815	243
15	2	5	1	8600	9
15	2	5	2	115150	27
15	2	5	3	-4663750	243
15	2	5	4	-127400	27
15	2	5	5	1301300	81
15	2	6	0	1990	81
15	2	6	1	134075	81
15	2	6	2	-60200	9
15	2	6	3	-1496950	81
15	2	6	4	4663750	81
15	2	6	5	280280	27
15	2	6	6	-6506500	243
15	2	7	0	1700	27
15	2	7	1	-9950	27
15	2	7	2	-938525	81
15	2	7	3	782600	27
15	2	7	4	1496950	27
15	2	7	5	-10260250	81
15	2	7	6	-1401400	81
15	2	7	7	929500	27
15	2	8	0	15320	243
15	2	8	1	-8500	9
15	2	8	2	69650	27
15	2	8	3	12200825	243
15	2	8	4	-782600	9
15	2	8	5	-3293290	27
15	2	8	6	51301250	243
15	2	8	7	200200	9
15	2	8	8	-929500	27
15	2	9	0	-5900	243
15	2	9	1	-76600	81
15	2	9	2	59500	9
15	2	9	3	-905450	81
15	2	9	4	-12200825	81
15	2	9	5	1721720	9
15	2	9	6	16466450	81
15	2	9	7	-7328750	27
15	2	9	8	-200200	9
15	2	9	9	6506500	243
15	2	10	0	-520	27
15	2	10	1	29500	81
15	2	10	2	536200	81
15	2	10	3	-773500	27
15	2	10	4	905450	27
15	2	10	5	26841815	81
15	2	10	6	-8608600	27
15	2	10	7	-2352350	9
15	2	10	8	7328750	27
15	2	10	9	1401400	81
15	2	10	10	-1301300	81
15	2	11	0	-530	81
15	2	11	1	2600	9
15	2	11	2	-206500	81
15	2	11	3	-6970600	243
15	2	11	4	773500	9
15	2	11	5	-1991990	27
15	2	11	6	-134209075	243
15	2	11	7	1229800	3
15	2	11	8	2352350	9
15	2	11	9	-51301250	243
15	2	11	10	-280280	27
15	2	11	11	591500	81
15	2	12	1	2650	27
15	2	12	2	-18200	9
15	2	12	3	2684500	243
15	2	12	4	6970600	81
15	2	12	5	-1701700	9
15	2	12	6	9959950	81
15	2	12	7	19172725	27
15	2	12	8	-1229800	3
15	2	12	9	-16466450	81
15	2	12	10	10260250	81
15	2	12	11	127400	27
15	2	12	12	-591500	243
15	2	13	0	-35	81
15	2	13	2	-18550	27
15	2	13	3	236600	27
15	2	13	4	-2684500	81
15	2	13	5	-15335320	81
15	2	13	6	8508500	27
15	2	13	7	-1422850	9
15	2	13	8	-19172725	27
15	2	13	9	8608600	27
15	2	13	10	3293290	27
15	2	13	11	-4663750	81
15	2	13	12	-127400	81
15	2	13	13	45500	81
15	2	14	1	175	27
15	2	14	3	241150	81
15	2	14	4	-236600	9
15	2	14	5	5905900	81
15	2	14	6	76676600	243
15	2	14	7	-1215500	3
15	2	14	8	1422850	9
15	2	14	9	134209075	243
15	2	14	10	-1721720	9
15	2	14	11	-1496950	27
15	2	14	12	4663750	243
15	2	14	13	9800	27
15	2	14	14	-6500	81
15	2	15	2	-1225	27
15	2	15	4	-241150	27
15	2	15	5	520520	9
15	2	15	6	-29529500	243
15	2	15	7	-10953800	27
15	2	15	8	1215500	3
15	2	15	9	-9959950	81
15	2	15	10	-26841815	81
15	2	15	11	782600	9
15	2	15	12	1496950	81
15	2	15	13	-358750	81
15	2	15	14	-1400	27
15	2	15	15	1300	243
15	2	16	3	15925	81
15	2	16	5	530530	27
15	2	16	6	-2602600	27
15	2	16	7	4218500	27
15	2	16	8	10953800	27
15	2	16	9	-8508500	27
15	2	16	10	1991990	27
15	2	16	11	12200825	81
15	2	16	12	-782600	27
15	2	16	13	-115150	27
15	2	16	14	51250	81
15	2	16	15	280	81
15	2	17	4	-15925	27
15	2	17	6	-2652650	81
15	2	17	7	371800	3
15	2	17	8	-4218500	27
15	2	17	9	-76676600	243
15	2	17	10	1701700	9
15	2	17	11	-905450	27
15	2	17	12	-12200825	243
15	2	17	13	60200	9
15	2	17	14	16450	27
15	2	17	15	-10250	243
15	2	18	5	35035	27
15	2	18	7	378950	9
15	2	18	8	-371800	3
15	2	18	9	29529500	243
15	2	18	10	15335320	81
15	2	18	11	-773500	9
15	2	18	12	905450	81
15	2	18	13	938525	81
15	2	18	14	-8600	9
15	2	18	15	-3290	81
15	2	19	6	-175175	81
15	2	19	8	-378950	9
15	2	19	9	2602600	27
15	2	19	10	-5905900	81
15	2	19	11	-6970600	81
15	2	19	12	773500	27
15	2	19	13	-69650	27
15	2	19	14	-134075	81
15	2	19	15	1720	27
15	2	20	7	25025	9
15	2	20	9	2652650	81
15	2	20	10	-520520	9
15	2	20	11	2684500	81
15	2	20	12	6970600	243
15	2	20	13	-59500	9
15	2	20	14	9950	27
15	2	20	15	26815	243
15	2	21	8	-25025	9
15	2	21	10	-530530	27
15	2	21	11	236600	9
15	2	21	12	-2684500	243
15	2	21	13	-536200	81
15	2	21	14	8500	9
15	2	21	15	-1990	81
15	2	22	9	175175	81
15	2	22	11	241150	27
15	2	22	12	-236600	27
15	2	22	13	206500	81
15	2	22	14	76600	81
15	2	22	15	-1700	27
15	2	23	10	-35035	27
15	2	23	12	-241150	81
15	2	23	13	18200	9
15	2	23	14	-29500	81
15	2	23	15	-15320	243
15	2	24	11	15925	27
15	2	24	13	18550	27
15	2	24	14	-2600	9
15	2	24	15	5900	243
15	2	25	12	-15925	81
15	2	25	14	-2650	27
15	2	25	15	520	27
15	2	26	13	1225	27
15	2	26	15	530	81
15	2	27	14	-175	27
15	2	28	15	35	81
15	3	2	0	-4100	81
15	3	3	0	-470	9
15	3	3	1	20500	27
15	3	4	0	160	1
15	3	4	1	2350	3
15	3	4	2	-143500	27
15	3	5	0	21625	81
15	3	5	1	-2400	1
15	3	5	2	-16450	3
15	3	5	3	1865500	81
15	3	6	0	-1010	9
15	3	6	1	-108125	27
15	3	6	2	16800	1
15	3	6	3	213850	9
15	3	6	4	-1865500	27
15	3	7	0	-2170	9
15	3	7	1	5050	3
15	3	7	2	756875	27
15	3	7	3	-72800	1
15	3	7	4	-213850	3
15	3	7	5	4104100	27
15	3	8	0	-17720	81
15	3	8	1	10850	3
15	3	8	2	-35350	3
15	3	8	3	-9839375	81
15	3	8	4	218400	1
15	3	8	5	470470	3
15	3	8	6	-20520500	81
15	3	9	0	1025	9
15	3	9	1	88600	27
15	3	9	2	-75950	3
15	3	9	3	459550	9
15	3	9	4	9839375	27
15	3	9	5	-480480	1
15	3	9	6	-2352350	9
15	3	9	7	2931500	9
15	3	10	0	950	9
15	3	10	1	-5125	3
15	3	10	2	-620200	27
15	3	10	3	987350	9
15	3	10	4	-459550	3
15	3	10	5	-21646625	27
15	3	10	6	800800	1
15	3	10	7	336050	1
15	3	10	8	-2931500	9
15	3	11	0	770	27
15	3	11	1	-4750	3
15	3	11	2	35875	3
15	3	11	3	8062600	81
15	3	11	4	-987350	3
15	3	11	5	1011010	3
15	3	11	6	108233125	81
15	3	11	7	-1029600	1
15	3	11	8	-336050	1
15	3	11	9	20520500	81
15	3	12	1	-3850	9
15	3	12	2	33250	3
15	3	12	3	-466375	9
15	3	12	4	-8062600	27
15	3	12	5	2172170	3
15	3	12	6	-5055050	9
15	3	12	7	-15461875	9
15	3	12	8	1029600	1
15	3	12	9	2352350	9
15	3	12	10	-4104100	27
15	3	13	2	26950	9
15	3	13	3	-432250	9
15	3	13	4	466375	3
15	3	13	5	17737720	27
15	3	13	6	-10860850	9
15	3	13	7	722150	1
15	3	13	8	15461875	9
15	3	13	9	-800800	1
15	3	13	10	-470470	3
15	3	13	11	1865500	27
15	3	14	3	-350350	27
15	3	14	4	432250	3
15	3	14	5	-1026025	3
15	3	14	6	-88688600	81
15	3	14	7	1551550	1
15	3	14	8	-722150	1
15	3	14	9	-108233125	81
15	3	14	10	480480	1
15	3	14	11	213850	3
15	3	14	12	-1865500	81
15	3	15	4	350350	9
15	3	15	5	-950950	3
15	3	15	6	5130125	9
15	3	15	7	12669800	9
15	3	15	8	-1551550	1
15	3	15	9	5055050	9
15	3	15	10	21646625	27
15	3	15	11	-218400	1
15	3	15	12	-213850	9
15	3	15	13	143500	27
15	3	16	5	-770770	9
15	3	16	6	4754750	9
15	3	16	7	-732875	1
15	3	16	8	-12669800	9
15	3	16	9	10860850	9
15	3	16	10	-1011010	3
15	3	16	11	-9839375	27
15	3	16	12	72800	1
15	3	16	13	16450	3
15	3	16	14	-20500	27
15	3	17	6	3853850	27
15	3	17	7	-679250	1
15	3	17	8	732875	1
15	3	17	9	88688600	81
15	3	17	10	-2172170	3
15	3	17	11	459550	3
15	3	17	12	9839375	81
15	3	17	13	-16800	1
15	3	17	14	-2350	3
15	3	17	15	4100	81
15	3	18	7	-550550	3
15	3	18	8	679250	1
15	3	18	9	-5130125	9
15	3	18	10	-17737720	27
15	3	18	11	987350	3
15	3	18	12	-459550	9
15	3	18	13	-756875	27
15	3	18	14	2400	1
15	3	18	15	470	9
15	3	19	8	550550	3
15	3	19	9	-4754750	9
15	3	19	10	1026025	3
15	3	19	11	8062600	27
15	3	19	12	-987350	9
15	3	19	13	35350	3
15	3	19	14	108125	27
15	3	19	15	-160	1
15	3	20	9	-3853850	27
15	3	20	10	950950	3
15	3	20	11	-466375	3
15	3	20	12	-8062600	81
15	3	20	13	75950	3
15	3	20	14	-5050	3
15	3	20	15	-21625	81
15	3	21	10	770770	9
15	3	21	11	-432250	3
15	3	21	12	466375	9
15	3	21	13	620200	27
15	3	21	14	-10850	3
15	3	21	15	1010	9
15	3	22	11	-350350	9
15	3	22	12	432250	9
15	3	22	13	-35875	3
15	3	22	14	-88600	27
15	3	22	15	2170	9
15	3	23	12	350350	27
15	3	23	13	-33250	3
15	3	23	14	5125	3
15	3	23	15	17720	81
15	3	24	13	-26950	9
15	3	24	14	4750	3
15	3	24	15	-1025	9
15	3	25	14	3850	9
15	3	25	15	-950	9
15	3	26	15	-770	27
15	4	2	0	2050	81
15	4	3	0	235	9
15	4	3	1	-10250	27
15	4	4	0	-2120	9
15	4	4	1	-1175	3
15	4	4	2	71750	27
15	4	5	0	-30275	81
15	4	5	1	10600	3
15	4	5	2	8225	3
15	4	5	3	-932750	81
15	4	6	0	2890	9
15	4	6	1	151375	27
15	4	6	2	-74200	3
15	4	6	3	-106925	9
15	4	6	4	932750	27
15	4	7	0	16250	27
15	4	7	1	-14450	3
15	4	7	2	-1059625	27
15	4	7	3	964600	9
15	4	7	4	106925	3
15	4	7	5	-2052050	27
15	4	8	0	35620	81
15	4	8	1	-81250	9
15	4	8	2	101150	3
15	4	8	3	13775125	81
15	4	8	4	-964600	3
15	4	8	5	-235235	3
15	4	8	6	10260250	81
15	4	9	0	-3250	9
15	4	9	1	-178100	27
15	4	9	2	568750	9
15	4	9	3	-1314950	9
15	4	9	4	-13775125	27
15	4	9	5	2122120	3
15	4	9	6	1176175	9
15	4	9	7	-1465750	9
15	4	10	0	-10660	27
15	4	10	1	16250	3
15	4	10	2	1246700	27
15	4	10	3	-7393750	27
15	4	10	4	1314950	3
15	4	10	5	30305275	27
15	4	10	6	-10610600	9
15	4	10	7	-168025	1
15	4	10	8	1465750	9
15	4	11	0	-1775	27
15	4	11	1	53300	9
15	4	11	2	-113750	3
15	4	11	3	-16207100	81
15	4	11	4	7393750	9
15	4	11	5	-2892890	3
15	4	11	6	-151526375	81
15	4	11	7	1515800	1
15	4	11	8	168025	1
15	4	11	9	-10260250	81
15	4	12	1	8875	9
15	4	12	2	-373100	9
15	4	12	3	1478750	9
15	4	12	4	16207100	27
15	4	12	5	-16266250	9
15	4	12	6	14464450	9
15	4	12	7	21646625	9
15	4	12	8	-1515800	1
15	4	12	9	-1176175	9
15	4	12	10	2052050	27
15	4	13	0	455	27
15	4	13	2	-62125	9
15	4	13	3	4850300	27
15	4	13	4	-1478750	3
15	4	13	5	-35655620	27
15	4	13	6	81331250	27
15	4	13	7	-2066350	1
15	4	13	8	-21646625	9
15	4	13	9	10610600	9
15	4	13	10	235235	3
15	4	13	11	-932750	27
15	4	14	1	-2275	9
15	4	14	3	807625	27
15	4	14	4	-4850300	9
15	4	14	5	3253250	3
15	4	14	6	178278100	81
15	4	14	7	-11618750	3
15	4	14	8	2066350	1
15	4	14	9	151526375	81
15	4	14	10	-2122120	3
15	4	14	11	-106925	3
15	4	14	12	932750	81
15	4	15	2	15925	9
15	4	15	4	-807625	9
15	4	15	5	10670660	9
15	4	15	6	-16266250	9
15	4	15	7	-25468300	9
15	4	15	8	11618750	3
15	4	15	9	-14464450	9
15	4	15	10	-30305275	27
15	4	15	11	964600	3
15	4	15	12	106925	9
15	4	15	13	-71750	27
15	4	16	3	-207025	27
15	4	16	5	1776775	9
15	4	16	6	-53353300	27
15	4	16	7	2323750	1
15	4	16	8	25468300	9
15	4	16	9	-81331250	27
15	4	16	10	2892890	3
15	4	16	11	13775125	27
15	4	16	12	-964600	9
15	4	16	13	-8225	3
15	4	16	14	10250	27
15	4	17	4	207025	9
15	4	17	6	-8883875	27
15	4	17	7	7621900	3
15	4	17	8	-2323750	1
15	4	17	9	-178278100	81
15	4	17	10	16266250	9
15	4	17	11	-1314950	3
15	4	17	12	-13775125	81
15	4	17	13	74200	3
15	4	17	14	1175	3
15	4	17	15	-2050	81
15	4	18	5	-455455	9
15	4	18	7	1269125	3
15	4	18	8	-7621900	3
15	4	18	9	16266250	9
15	4	18	10	35655620	27
15	4	18	11	-7393750	9
15	4	18	12	1314950	9
15	4	18	13	1059625	27
15	4	18	14	-10600	3
15	4	18	15	-235	9
15	4	19	6	2277275	27
15	4	19	8	-1269125	3
15	4	19	9	53353300	27
15	4	19	10	-3253250	3
15	4	19	11	-16207100	27
15	4	19	12	7393750	27
15	4	19	13	-101150	3
15	4	19	14	-151375	27
15	4	19	15	2120	9
15	4	20	7	-325325	3
15	4	20	9	8883875	27
15	4	20	10	-10670660	9
15	4	20	11	1478750	3
15	4	20	12	16207100	81
15	4	20	13	-568750	9
15	4	20	14	14450	3
15	4	20	15	30275	81
15	4	21	8	325325	3
15	4	21	10	-1776775	9
15	4	21	11	4850300	9
15	4	21	12	-1478750	9
15	4	21	13	-1246700	27
15	4	21	14	81250	9
15	4	21	15	-2890	9
15	4	22	9	-2277275	27
15	4	22	11	807625	9
15	4	22	12	-4850300	27
15	4	22	13	113750	3
15	4	22	14	178100	27
15	4	22	15	-16250	27
15	4	23	10	455455	9
15	4	23	12	-807625	27
15	4	23	13	373100	9
15	4	23	14	-16250	3
15	4	23	15	-35620	81
15	4	24	11	-207025	9
15	4	24	13	62125	9
15	4	24	14	-53300	9
15	4	24	15	3250	9
15	4	25	12	207025	27
15	4	25	14	-8875	9
15	4	25	15	10660	27
15	4	26	13	-15925	9
15	4	26	15	1775	27
15	4	27	14	2275	9
15	4	28	15	-455	27
15	5	4	0	560	3
15	5	5	0	865	3
15	5	5	1	-2800	1
15	5	6	0	-570	1
15	5	6	1	-4325	1
15	5	6	2	19600	1
15	5	7	0	-8810	9
15	5	7	1	8550	1
15	5	7	2	30275	1
15	5	7	3	-254800	3
15	5	8	0	-1364	3
15	5	8	1	44050	3
15	5	8	2	-59850	1
15	5	8	3	-393575	3
15	5	8	4	254800	1
15	5	9	0	805	1
15	5	9	1	6820	1
15	5	9	2	-308350	3
15	5	9	3	259350	1
15	5	9	4	393575	1
15	5	9	5	-560560	1
15	5	10	0	9160	9
15	5	10	1	-12075	1
15	5	10	2	-47740	1
15	5	10	3	4008550	9
15	5	10	4	-778050	1
15	5	10	5	-865865	1
15	5	10	6	2802800	3
15	5	11	0	35	1
15	5	11	1	-45800	3
15	5	11	2	84525	1
15	5	11	3	620620	3
15	5	11	4	-4008550	3
15	5	11	5	1711710	1
15	5	11	6	4329325	3
15	5	11	7	-1201200	1
15	5	12	1	-525	1
15	5	12	2	320600	3
15	5	12	3	-366275	1
15	5	12	4	-620620	1
15	5	12	5	8818810	3
15	5	12	6	-2852850	1
15	5	12	7	-1855425	1
15	5	12	8	1201200	1
15	5	13	0	-1001	9
15	5	13	2	3675	1
15	5	13	3	-4167800	9
15	5	13	4	1098825	1
15	5	13	5	1365364	1
15	5	13	6	-44094050	9
15	5	13	7	3667950	1
15	5	13	8	1855425	1
15	5	13	9	-2802800	3
15	5	14	1	5005	3
15	5	14	3	-15925	1
15	5	14	4	4167800	3
15	5	14	5	-2417415	1
15	5	14	6	-6826820	3
15	5	14	7	6299150	1
15	5	14	8	-3667950	1
15	5	14	9	-4329325	3
15	5	14	10	560560	1
15	5	15	2	-35035	3
15	5	15	4	47775	1
15	5	15	5	-9169160	3
15	5	15	6	4029025	1
15	5	15	7	2925780	1
15	5	15	8	-6299150	1
15	5	15	9	2852850	1
15	5	15	10	865865	1
15	5	15	11	-254800	1
15	5	16	3	455455	9
15	5	16	5	-105105	1
15	5	16	6	45845800	9
15	5	16	7	-5180175	1
15	5	16	8	-2925780	1
15	5	16	9	44094050	9
15	5	16	10	-1711710	1
15	5	16	11	-393575	1
15	5	16	12	254800	3
15	5	17	4	-455455	3
15	5	17	6	175175	1
15	5	17	7	-6549400	1
15	5	17	8	5180175	1
15	5	17	9	6826820	3
15	5	17	10	-8818810	3
15	5	17	11	778050	1
15	5	17	12	393575	3
15	5	17	13	-19600	1
15	5	18	5	1002001	3
15	5	18	7	-225225	1
15	5	18	8	6549400	1
15	5	18	9	-4029025	1
15	5	18	10	-1365364	1
15	5	18	11	4008550	3
15	5	18	12	-259350	1
15	5	18	13	-30275	1
15	5	18	14	2800	1
15	5	19	6	-5010005	9
15	5	19	8	225225	1
15	5	19	9	-45845800	9
15	5	19	10	2417415	1
15	5	19	11	620620	1
15	5	19	12	-4008550	9
15	5	19	13	59850	1
15	5	19	14	4325	1
15	5	19	15	-560	3
15	5	20	7	715715	1
15	5	20	9	-175175	1
15	5	20	10	9169160	3
15	5	20	11	-1098825	1
15	5	20	12	-620620	3
15	5	20	13	308350	3
15	5	20	14	-8550	1
15	5	20	15	-865	3
15	5	21	8	-715715	1
15	5	21	10	105105	1
15	5	21	11	-4167800	3
15	5	21	12	366275	1
15	5	21	13	47740	1
15	5	21	14	-44050	3
15	5	21	15	570	1
15	5	22	9	5010005	9
15	5	22	11	-47775	1
15	5	22	12	4167800	9
15	5	22	13	-84525	1
15	5	22	14	-6820	1
15	5	22	15	8810	9
15	5	23	10	-1002001	3
15	5	23	12	15925	1
15	5	23	13	-320600	3
15	5	23	14	12075	1
15	5	23	15	1364	3
15	5	24	11	455455	3
15	5	24	13	-3675	1
15	5	24	14	45800	3
15	5	24	15	-805	1
15	5	25	12	-455455	9
15	5	25	14	525	1
15	5	25	15	-9160	9
15	5	26	13	35035	3
15	5	26	15	-35	1
15	5	27	14	-5005	3
15	5	28	15	1001	9
15	6	4	0	-560	9
15	6	5	0	-865	9
15	6	5	1	2800	3
15	6	6	0	610	1
15	6	6	1	4325	3
15	6	6	2	-19600	3
15	6	7	0	26870	27
15	6	7	1	-9150	1
15	6	7	2	-30275	3
15	6	7	3	254800	9
15	6	8	0	340	27
15	6	8	1	-134350	9
15	6	8	2	64050	1
15	6	8	3	393575	9
15	6	8	4	-254800	3
15	6	9	0	-3815	3
15	6	9	1	-1700	9
15	6	9	2	940450	9
15	6	9	3	-277550	1
15	6	9	4	-393575	3
15	6	9	5	560560	3
15	6	10	0	-47830	27
15	6	10	1	19075	1
15	6	10	2	11900	9
15	6	10	3	-12225850	27
15	6	10	4	832650	1
15	6	10	5	865865	3
15	6	10	6	-2802800	9
15	6	11	0	7100	27
15	6	11	1	239150	9
15	6	11	2	-133525	1
15	6	11	3	-154700	27
15	6	11	4	12225850	9
15	6	11	5	-1831830	1
15	6	11	6	-4329325	9
15	6	11	7	400400	1
15	6	12	1	-35500	9
15	6	12	2	-1674050	9
15	6	12	3	1735825	3
15	6	12	4	154700	9
15	6	12	5	-26896870	9
15	6	12	6	3053050	1
15	6	12	7	618475	1
15	6	12	8	-400400	1
15	6	13	0	10010	27
15	6	13	2	248500	9
15	6	13	3	21762650	27
15	6	13	4	-1735825	1
15	6	13	5	-340340	9
15	6	13	6	134484350	27
15	6	13	7	-3925350	1
15	6	13	8	-618475	1
15	6	13	9	2802800	9
15	6	14	1	-50050	9
15	6	14	3	-3230500	27
15	6	14	4	-21762650	9
15	6	14	5	3818815	1
15	6	14	6	1701700	27
15	6	14	7	-19212050	3
15	6	14	8	3925350	1
15	6	14	9	4329325	9
15	6	14	10	-560560	3
15	6	15	2	350350	9
15	6	15	4	3230500	9
15	6	15	5	47877830	9
15	6	15	6	-19094075	3
15	6	15	7	-243100	3
15	6	15	8	19212050	3
15	6	15	9	-3053050	1
15	6	15	10	-865865	3
15	6	15	11	254800	3
15	6	16	3	-4554550	27
15	6	16	5	-7107100	9
15	6	16	6	-239389150	27
15	6	16	7	8183175	1
15	6	16	8	243100	3
15	6	16	9	-134484350	27
15	6	16	10	1831830	1
15	6	16	11	393575	3
15	6	16	12	-254800	9
15	6	17	4	4554550	9
15	6	17	6	35535500	27
15	6	17	7	34198450	3
15	6	17	8	-8183175	1
15	6	17	9	-1701700	27
15	6	17	10	26896870	9
15	6	17	11	-832650	1
15	6	17	12	-393575	9
15	6	17	13	19600	3
15	6	18	5	-10020010	9
15	6	18	7	-5076500	3
15	6	18	8	-34198450	3
15	6	18	9	19094075	3
15	6	18	10	340340	9
15	6	18	11	-12225850	9
15	6	18	12	277550	1
15	6	18	13	30275	3
15	6	18	14	-2800	3
15	6	19	6	50100050	27
15	6	19	8	5076500	3
15	6	19	9	239389150	27
15	6	19	10	-3818815	1
15	6	19	11	-154700	9
15	6	19	12	12225850	27
15	6	19	13	-64050	1
15	6	19	14	-4325	3
15	6	19	15	560	9
15	6	20	7	-7157150	3
15	6	20	9	-35535500	27
15	6	20	10	-47877830	9
15	6	20	11	1735825	1
15	6	20	12	154700	27
15	6	20	13	-940450	9
15	6	20	14	9150	1
15	6	20	15	865	9
15	6	21	8	7157150	3
15	6	21	10	7107100	9
15	6	21	11	21762650	9
15	6	21	12	-1735825	3
15	6	21	13	-11900	9
15	6	21	14	134350	9
15	6	21	15	-610	1
15	6	22	9	-50100050	27
15	6	22	11	-3230500	9
15	6	22	12	-21762650	27
15	6	22	13	133525	1
15	6	22	14	1700	9
15	6	22	15	-26870	27
15	6	23	10	10020010	9
15	6	23	12	3230500	27
15	6	23	13	1674050	9
15	6	23	14	-19075	1
15	6	23	15	-340	27
15	6	24	11	-4554550	9
15	6	24	13	-248500	9
15	6	24	14	-239150	9
15	6	24	15	3815	3
15	6	25	12	4554550	27
15	6	25	14	35500	9
15	6	25	15	47830	27
15	6	26	13	-350350	9
15	6	26	15	-7100	27
15	6	27	14	50050	9
15	6	28	15	-10010	27
15	7	6	0	-360	1
15	7	7	0	-1720	3
15	7	7	1	5400	1
15	7	8	0	5320	9
15	7	8	1	8600	1
15	7	8	2	-37800	1
15	7	9	0	1400	1
15	7	9	1	-26600	3
15	7	9	2	-60200	1
15	7	9	3	163800	1
15	7	10	0	5920	3
15	7	10	1	-21000	1
15	7	10	2	186200	3
15	7	10	3	782600	3
15	7	10	4	-491400	1
15	7	11	0	-8380	9
15	7	11	1	-29600	1
15	7	11	2	147000	1
15	7	11	3	-2420600	9
15	7	11	4	-782600	1
15	7	11	5	1081080	1
15	7	12	1	41900	3
15	7	12	2	207200	1
15	7	12	3	-637000	1
15	7	12	4	2420600	3
15	7	12	5	1721720	1
15	7	12	6	-1801800	1
15	7	13	0	-715	1
15	7	13	2	-293300	3
15	7	13	3	-2693600	3
15	7	13	4	1911000	1
15	7	13	5	-5325320	3
15	7	13	6	-8608600	3
15	7	13	7	2316600	1
15	7	14	1	10725	1
15	7	14	3	3812900	9
15	7	14	4	2693600	1
15	7	14	5	-4204200	1
15	7	14	6	26626600	9
15	7	14	7	3689400	1
15	7	14	8	-2316600	1
15	7	15	2	-75075	1
15	7	15	4	-3812900	3
15	7	15	5	-5925920	1
15	7	15	6	7007000	1
15	7	15	7	-3803800	1
15	7	15	8	-3689400	1
15	7	15	9	1801800	1
15	7	16	3	325325	1
15	7	16	5	8388380	3
15	7	16	6	29629600	3
15	7	16	7	-9009000	1
15	7	16	8	3803800	1
15	7	16	9	8608600	3
15	7	16	10	-1081080	1
15	7	17	4	-975975	1
15	7	17	6	-41941900	9
15	7	17	7	-12698400	1
15	7	17	8	9009000	1
15	7	17	9	-26626600	9
15	7	17	10	-1721720	1
15	7	17	11	491400	1
15	7	18	5	2147145	1
15	7	18	7	5991700	1
15	7	18	8	12698400	1
15	7	18	9	-7007000	1
15	7	18	10	5325320	3
15	7	18	11	782600	1
15	7	18	12	-163800	1
15	7	19	6	-3578575	1
15	7	19	8	-5991700	1
15	7	19	9	-29629600	3
15	7	19	10	4204200	1
15	7	19	11	-2420600	3
15	7	19	12	-782600	3
15	7	19	13	37800	1
15	7	20	7	4601025	1
15	7	20	9	41941900	9
15	7	20	10	5925920	1
15	7	20	11	-1911000	1
15	7	20	12	2420600	9
15	7	20	13	60200	1
15	7	20	14	-5400	1
15	7	21	8	-4601025	1
15	7	21	10	-8388380	3
15	7	21	11	-2693600	1
15	7	21	12	637000	1
15	7	21	13	-186200	3
15	7	21	14	-8600	1
15	7	21	15	360	1
15	7	22	9	3578575	1
15	7	22	11	3812900	3
15	7	22	12	2693600	3
15	7	22	13	-147000	1
15	7	22	14	26600	3
15	7	22	15	1720	3
15	7	23	10	-2147145	1
15	7	23	12	-3812900	9
15	7	23	13	-207200	1
15	7	23	14	21000	1
15	7	23	15	-5320	9
15	7	24	11	975975	1
15	7	24	13	293300	3
15	7	24	14	29600	1
15	7	24	15	-1400	1
15	7	25	12	-325325	1
15	7	25	14	-41900	3
15	7	25	15	-5920	3
15	7	26	13	75075	1
15	7	26	15	8380	9
15	7	27	14	-10725	1
15	7	28	15	715	1
15	8	6	0	90	1
15	8	7	0	430	3
15	8	7	1	-1350	1
15	8	8	0	-6640	9
15	8	8	1	-2150	1
15	8	8	2	9450	1
15	8	9	0	-1025	1
15	8	9	1	33200	3
15	8	9	2	15050	1
15	8	9	3	-40950	1
15	8	10	0	-3640	3
15	8	10	1	15375	1
15	8	10	2	-232400	3
15	8	10	3	-195650	3
15	8	10	4	122850	1
15	8	11	0	14695	9
15	8	11	1	18200	1
15	8	11	2	-107625	1
15	8	11	3	3021200	9
15	8	11	4	195650	1
15	8	11	5	-270270	1
15	8	12	1	-73475	3
15	8	12	2	-127400	1
15	8	12	3	466375	1
15	8	12	4	-3021200	3
15	8	12	5	-430430	1
15	8	12	6	450450	1
15	8	13	0	715	1
15	8	13	2	514325	3
15	8	13	3	1656200	3
15	8	13	4	-1399125	1
15	8	13	5	6646640	3
15	8	13	6	2152150	3
15	8	13	7	-579150	1
15	8	14	1	-10725	1
15	8	14	3	-6686225	9
15	8	14	4	-1656200	1
15	8	14	5	3078075	1
15	8	14	6	-33233200	9
15	8	14	7	-922350	1
15	8	14	8	579150	1
15	8	15	2	75075	1
15	8	15	4	6686225	3
15	8	15	5	3643640	1
15	8	15	6	-5130125	1
15	8	15	7	4747600	1
15	8	15	8	922350	1
15	8	15	9	-450450	1
15	8	16	3	-325325	1
15	8	16	5	-14709695	3
15	8	16	6	-18218200	3
15	8	16	7	6595875	1
15	8	16	8	-4747600	1
15	8	16	9	-2152150	3
15	8	16	10	270270	1
15	8	17	4	975975	1
15	8	17	6	73548475	9
15	8	17	7	7807800	1
15	8	17	8	-6595875	1
15	8	17	9	33233200	9
15	8	17	10	430430	1
15	8	17	11	-122850	1
15	8	18	5	-2147145	1
15	8	18	7	-10506925	1
15	8	18	8	-7807800	1
15	8	18	9	5130125	1
15	8	18	10	-6646640	3
15	8	18	11	-195650	1
15	8	18	12	40950	1
15	8	19	6	3578575	1
15	8	19	8	10506925	1
15	8	19	9	18218200	3
15	8	19	10	-3078075	1
15	8	19	11	3021200	3
15	8	19	12	195650	3
15	8	19	13	-9450	1
15	8	20	7	-4601025	1
15	8	20	9	-73548475	9
15	8	20	10	-3643640	1
15	8	20	11	1399125	1
15	8	20	12	-3021200	9
15	8	20	13	-15050	1
15	8	20	14	1350	1
15	8	21	8	4601025	1
15	8	21	10	14709695	3
15	8	21	11	1656200	1
15	8	21	12	-466375	1
15	8	21	13	232400	3
15	8	21	14	2150	1
15	8	21	15	-90	1
15	8	22	9	-3578575	1
15	8	22	11	-6686225	3
15	8	22	12	-1656200	3
15	8	22	13	107625	1
15	8	22	14	-33200	3
15	8	22	15	-430	3
15	8	23	10	2147145	1
15	8	23	12	6686225	9
15	8	23	13	127400	1
15	8	23	14	-15375	1
15	8	23	15	6640	9
15	8	24	11	-975975	1
15	8	24	13	-514325	3
15	8	24	14	-18200	1
15	8	24	15	1025	1
15	8	25	12	325325	1
15	8	25	14	73475	3
15	8	25	15	3640	3
15	8	26	13	-75075	1
15	8	26	15	-14695	9
15	8	27	14	10725	1
15	8	28	15	-715	1
15	9	8	0	1180	3
15	9	9	0	450	1
15	9	9	1	-5900	1
15	9	10	0	150	1
15	9	10	1	-6750	1
15	9	10	2	41300	1
15	9	11	0	-5275	3
15	9	11	1	-2250	1
15	9	11	2	47250	1
15	9	11	3	-536900	3
15	9	12	1	26375	1
15	9	12	2	15750	1
15	9	12	3	-204750	1
15	9	12	4	536900	1
15	9	13	2	-184625	1
15	9	13	3	-68250	1
15	9	13	4	614250	1
15	9	13	5	-1181180	1
15	9	14	3	2400125	3
15	9	14	4	204750	1
15	9	14	5	-1351350	1
15	9	14	6	5905900	3
15	9	15	4	-2400125	1
15	9	15	5	-450450	1
15	9	15	6	2252250	1
15	9	15	7	-2531100	1
15	9	16	5	5280275	1
15	9	16	6	750750	1
15	9	16	7	-2895750	1
15	9	16	8	2531100	1
15	9	17	6	-26401375	3
15	9	17	7	-965250	1
15	9	17	8	2895750	1
15	9	17	9	-5905900	3
15	9	18	7	11314875	1
15	9	18	8	965250	1
15	9	18	9	-2252250	1
15	9	18	10	1181180	1
15	9	19	8	-11314875	1
15	9	19	9	-750750	1
15	9	19	10	1351350	1
15	9	19	11	-536900	1
15	9	20	9	26401375	3
15	9	20	10	450450	1
15	9	20	11	-614250	1
15	9	20	12	536900	3
15	9	21	10	-5280275	1
15	9	21	11	-204750	1
15	9	21	12	204750	1
15	9	21	13	-41300	1
15	9	22	11	2400125	1
15	9	22	12	68250	1
15	9	22	13	-47250	1
15	9	22	14	5900	1
15	9	23	12	-2400125	3
15	9	23	13	-15750	1
15	9	23	14	6750	1
15	9	23	15	-1180	3
15	9	24	13	184625	1
15	9	24	14	2250	1
15	9	24	15	-450	1
15	9	25	14	-26375	1
15	9	25	15	-150	1
15	9	26	15	5275	3
15	10	8	0	-236	3
15	10	9	0	-90	1
15	10	9	1	1180	1
15	10	10	0	300	1
15	10	10	1	1350	1
15	10	10	2	-8260	1
15	10	11	0	3530	3
15	10	11	1	-4500	1
15	10	11	2	-9450	1
15	10	11	3	107380	3
15	10	12	1	-17650	1
15	10	12	2	31500	1
15	10	12	3	40950	1
15	10	12	4	-107380	1
15	10	13	0	-1001	1
15	10	13	2	123550	1
15	10	13	3	-136500	1
15	10	13	4	-122850	1
15	10	13	5	236236	1
15	10	14	1	15015	1
15	10	14	3	-1606150	3
15	10	14	4	409500	1
15	10	14	5	270270	1
15	10	14	6	-1181180	3
15	10	15	2	-105105	1
15	10	15	4	1606150	1
15	10	15	5	-900900	1
15	10	15	6	-450450	1
15	10	15	7	506220	1
15	10	16	3	455455	1
15	10	16	5	-3533530	1
15	10	16	6	1501500	1
15	10	16	7	579150	1
15	10	16	8	-506220	1
15	10	17	4	-1366365	1
15	10	17	6	17667650	3
15	10	17	7	-1930500	1
15	10	17	8	-579150	1
15	10	17	9	1181180	3
15	10	18	5	3006003	1
15	10	18	7	-7571850	1
15	10	18	8	1930500	1
15	10	18	9	450450	1
15	10	18	10	-236236	1
15	10	19	6	-5010005	1
15	10	19	8	7571850	1
15	10	19	9	-1501500	1
15	10	19	10	-270270	1
15	10	19	11	107380	1
15	10	20	7	6441435	1
15	10	20	9	-17667650	3
15	10	20	10	900900	1
15	10	20	11	122850	1
15	10	20	12	-107380	3
15	10	21	8	-6441435	1
15	10	21	10	3533530	1
15	10	21	11	-409500	1
15	10	21	12	-40950	1
15	10	21	13	8260	1
15	10	22	9	5010005	1
15	10	22	11	-1606150	1
15	10	22	12	136500	1
15	10	22	13	9450	1
15	10	22	14	-1180	1
15	10	23	10	-3006003	1
15	10	23	12	1606150	3
15	10	23	13	-31500	1
15	10	23	14	-1350	1
15	10	23	15	236	3
15	10	24	11	1366365	1
15	10	24	13	-123550	1
15	10	24	14	4500	1
15	10	24	15	90	1
15	10	25	12	-455455	1
15	10	25	14	17650	1
15	10	25	15	-300	1
15	10	26	13	105105	1
15	10	26	15	-3530	3
15	10	27	14	-15015	1
15	10	28	15	1001	1
15	11	10	0	-180	1
15	11	11	0	-450	1
15	11	11	1	2700	1
15	11	12	1	6750	1
15	11	12	2	-18900	1
15	11	13	0	1365	1
15	11	13	2	-47250	1
15	11	13	3	81900	1
15	11	14	1	-20475	1
15	11	14	3	204750	1
15	11	14	4	-245700	1
15	11	15	2	143325	1
15	11	15	4	-614250	1
15	11	15	5	540540	1
15	11	16	3	-621075	1
15	11	16	5	1351350	1
15	11	16	6	-900900	1
15	11	17	4	1863225	1
15	11	17	6	-2252250	1
15	11	17	7	1158300	1
15	11	18	5	-4099095	1
15	11	18	7	2895750	1
15	11	18	8	-1158300	1
15	11	19	6	6831825	1
15	11	19	8	-2895750	1
15	11	19	9	900900	1
15	11	20	7	-8783775	1
15	11	20	9	2252250	1
15	11	20	10	-540540	1
15	11	21	8	8783775	1
15	11	21	10	-1351350	1
15	11	21	11	245700	1
15	11	22	9	-6831825	1
15	11	22	11	614250	1
15	11	22	12	-81900	1
15	11	23	10	4099095	1
15	11	23	12	-204750	1
15	11	23	13	18900	1
15	11	24	11	-1863225	1
15	11	24	13	47250	1
15	11	24	14	-2700	1
15	11	25	12	621075	1
15	11	25	14	-6750	1
15	11	25	15	180	1
15	11	26	13	-143325	1
15	11	26	15	450	1
15	11	27	14	20475	1
15	11	28	15	-1365	1
15	12	10	0	30	1
15	12	11	0	75	1
15	12	11	1	-450	1
15	12	12	1	-1125	1
15	12	12	2	3150	1
15	12	13	0	-910	1
15	12	13	2	7875	1
15	12	13	3	-13650	1
15	12	14	1	13650	1
15	12	14	3	-34125	1
15	12	14	4	40950	1
15	12	15	2	-95550	1
15	12	15	4	102375	1
15	12	15	5	-90090	1
15	12	16	3	414050	1
15	12	16	5	-225225	1
15	12	16	6	150150	1
15	12	17	4	-1242150	1
15	12	17	6	375375	1
15	12	17	7	-193050	1
15	12	18	5	2732730	1
15	12	18	7	-482625	1
15	12	18	8	193050	1
15	12	19	6	-4554550	1
15	12	19	8	482625	1
15	12	19	9	-150150	1
15	12	20	7	5855850	1
15	12	20	9	-375375	1
15	12	20	10	90090	1
15	12	21	8	-5855850	1
15	12	21	10	225225	1
15	12	21	11	-40950	1
15	12	22	9	4554550	1
15	12	22	11	-102375	1
15	12	22	12	13650	1
15	12	23	10	-2732730	1
15	12	23	12	34125	1
15	12	23	13	-3150	1
15	12	24	11	1242150	1
15	12	24	13	-7875	1
15	12	24	14	450	1
15	12	25	12	-414050	1
15	12	25	14	1125	1
15	12	25	15	-30	1
15	12	26	13	95550	1
15	12	26	15	-75	1
15	12	27	14	-13650	1
15	12	28	15	910	1
15	13	13	0	315	1
15	13	14	1	-4725	1
15	13	15	2	33075	1
15	13	16	3	-143325	1
15	13	17	4	429975	1
15	13	18	5	-945945	1
15	13	19	6	1576575	1
15	13	20	7	-2027025	1
15	13	21	8	2027025	1
15	13	22	9	-1576575	1
15	13	23	10	945945	1
15	13	24	11	-429975	1
15	13	25	12	143325	1
15	13	26	13	-33075	1
15	13	27	14	4725	1
15	13	28	15	-315	1
15	14	13	0	-45	1
15	14	14	1	675	1
15	14	15	2	-4725	1
15	14	16	3	20475	1
15	14	17	4	-61425	1
15	14	18	5	135135	1
15	14	19	6	-225225	1
15	14	20	7	289575	1
15	14	21	8	-289575	1
15	14	22	9	225225	1
15	14	23	10	-135135	1
15	14	24	11	61425	1
15	14	25	12	-20475	1
15	14	26	13	4725	1
15	14	27	14	-675	1
15	14	28	15	45	1
