x	y	r	h	coefficient_scaled_lcm_times_6_pow_15
0	3	0	0	219369506403778560
0	3	0	1	-658108519211335680
0	3	0	2	658108519211335680
0	3	1	0	15233993500262400
0	3	1	1	-68552970751180800
0	3	1	2	68552970751180800
0	4	0	0	-2102291103036211200
0	4	0	1	6306873309108633600
0	4	0	2	-6306873309108633600
0	4	1	0	-166558328936202240
0	4	1	1	749512480212910080
0	4	1	2	-749512480212910080
0	4	2	0	60935974001049600
0	4	2	1	-365615844006297600
0	4	2	2	914039610015744000
0	4	2	3	-1096847532018892800
0	4	2	4	548423766009446400
0	5	0	0	9797827552990986240
0	5	0	1	-29393482658972958720
0	5	0	2	29393482658972958720
0	5	1	0	888988154037534720
0	5	1	1	-4000446693168906240
0	5	1	2	4000446693168906240
0	5	2	0	-101559956668416000
0	5	2	1	609359740010496000
0	5	2	2	-1523399350026240000
0	5	2	3	1828079220031488000
0	5	2	4	-914039610015744000
0	5	3	0	27082655111577600
0	5	3	1	-203119913336832000
0	5	3	2	568735757343129600
0	5	3	3	-731231688012595200
0	5	3	4	365615844006297600
0	6	0	0	-28373820694022062080
0	6	0	1	85121462082066186240
0	6	0	2	-85121462082066186240
0	6	1	0	-2919961598613258240
0	6	1	1	13139827193759662080
0	6	1	2	-13139827193759662080
0	6	2	0	199057515070095360
0	6	2	1	-1194345090420572160
0	6	2	2	2985862726051430400
0	6	2	3	-3583035271261716480
0	6	2	4	1791517635630858240
0	6	4	0	231105323618795520
0	6	4	1	-2079947912569159680
0	6	4	2	8185732507474329600
0	6	4	3	-17915176356308582400
0	6	4	4	23216606094399897600
0	6	4	5	-17110821499494727680
0	6	4	6	5703607166498242560
0	7	0	0	55498453921022607360
0	7	0	1	-166495361763067822080
0	7	0	2	166495361763067822080
0	7	1	0	6390415777168097280
0	7	1	1	-28756870997256437760
0	7	1	2	28756870997256437760
0	7	2	0	-2313310124113920000
0	7	2	1	13879860744683520000
0	7	2	2	-34699651861708800000
0	7	2	3	41639582234050560000
0	7	2	4	-20819791117025280000
0	7	3	0	-701440767389859840
0	7	3	1	5260805755423948800
0	7	3	2	-14730256115187056640
0	7	3	3	18938900719526215680
0	7	3	4	-9469450359763107840
0	7	4	0	-1095342940068249600
0	7	4	1	9858086460614246400
0	7	4	2	-38583304604709027840
0	7	4	3	83628530719040471040
0	7	4	4	-107259501436647505920
0	7	4	5	78534283292552724480
0	7	4	6	-26178094430850908160
0	7	5	0	64095617097400320
0	7	5	1	-673003979522703360
0	7	5	2	2980446195029114880
0	7	5	3	-7210756923457536000
0	7	5	4	10095059692840550400
0	7	5	5	-7787617477334138880
0	7	5	6	2595872492444712960
0	8	0	0	-75892370286418329600
0	8	0	1	227677110859254988800
0	8	0	2	-227677110859254988800
0	8	1	0	-9673623487465390080
0	8	1	1	43531305693594255360
0	8	1	2	-43531305693594255360
0	8	2	0	9925793098393190400
0	8	2	1	-59554758590359142400
0	8	2	2	148886896475897856000
0	8	2	3	-178664275771077427200
0	8	2	4	89332137885538713600
0	8	3	0	3221030447936962560
0	8	3	1	-24157728359527219200
0	8	3	2	67641639406676213760
0	8	3	3	-86967822094297989120
0	8	3	4	43483911047148994560
0	8	4	0	3875828864856883200
0	8	4	1	-34882459783711948800
0	8	4	2	137352393663876956160
0	8	4	3	-300877465227582504960
0	8	4	4	390282726281922478080
0	8	4	5	-287812792401757470720
0	8	4	6	95937597467252490240
0	8	5	0	541653102231552000
0	8	5	1	-5687357573431296000
0	8	5	2	25186869253767168000
0	8	5	3	-60935974001049600000
0	8	5	4	85310363601469440000
0	8	5	5	-65810851921133568000
0	8	5	6	21936950640377856000
0	8	6	0	196800627144130560
0	8	6	1	-2361607525729566720
0	8	6	2	11916368249094144000
0	8	6	3	-32856677181365944320
0	8	6	4	53867401016927846400
0	8	6	5	-53526159562521968640
0	8	6	6	32174194272554188800
0	8	6	7	-12284692358611599360
0	8	6	8	3071173089652899840
0	9	0	0	73152508344297062400
0	9	0	1	-219457525032891187200
0	9	0	2	219457525032891187200
0	9	1	0	10299684198128025600
0	9	1	1	-46348578891576115200
0	9	1	2	46348578891576115200
0	9	2	0	-22309788525747240960
0	9	2	1	133858731154483445760
0	9	2	2	-334646827886208614400
0	9	2	3	401576193463450337280
0	9	2	4	-200788096731725168640
0	9	3	0	-7698696093051125760
0	9	3	1	57740220697883443200
0	9	3	2	-161672617954073640960
0	9	3	3	207864794512380395520
0	9	3	4	-103932397256190197760
0	9	4	0	-10187893016195235840
0	9	4	1	91691037145757122560
0	9	4	2	-363969218575513681920
0	9	4	3	808449754266725253120
0	9	4	4	-1063958355651392962560
0	9	4	5	791680174221636403200
0	9	4	6	-263893391407212134400
0	9	5	0	-3058534517267496960
0	9	5	1	32114612431308718080
0	9	5	2	-142221855052938608640
0	9	5	3	344085133192593408000
0	9	5	4	-481719186469630771200
0	9	5	5	371611943848000880640
0	9	5	6	-123870647949333626880
0	9	6	0	269021040775004160
0	9	6	1	-3228252489300049920
0	9	6	2	21362798352012410880
0	9	6	3	-90575231755160125440
0	9	6	4	246132586185039544320
0	9	6	5	-423236901021690101760
0	9	6	6	444783861428461240320
0	9	6	7	-260318480932483891200
0	9	6	8	65079620233120972800
0	9	7	0	481469424205824000
0	9	7	1	-6499837226778624000
0	9	7	2	37764054287583805440
0	9	7	3	-123529406494927749120
0	9	7	4	250536225906182062080
0	9	7	5	-328079284021651046400
0	9	7	6	278615522725865717760
0	9	7	7	-145076366901698887680
0	9	7	8	36269091725424721920
0	10	0	0	-48973113860680581120
0	10	0	1	146919341582041743360
0	10	0	2	-146919341582041743360
0	10	1	0	-7721264972310773760
0	10	1	1	34745692375398481920
0	10	1	2	-34745692375398481920
0	10	2	0	30725874060865044480
0	10	2	1	-184355244365190266880
0	10	2	2	460888110912975667200
0	10	2	3	-553065733095570800640
0	10	2	4	276532866547785400320
0	10	3	0	11439713519130378240
0	10	3	1	-85797851393477836800
0	10	3	2	240233983901737943040
0	10	3	3	-308872265016520212480
0	10	3	4	154436132508260106240
0	10	4	0	16206260818768035840
0	10	4	1	-145856347368912322560
0	10	4	2	581727307000153374720
0	10	4	3	-1302518631467235409920
0	10	4	4	1728201096245500968960
0	10	4	5	-1292330136614259916800
0	10	4	6	430776712204753305600
0	10	5	0	5476714700341248000
0	10	5	1	-57505504353583104000
0	10	5	2	254667233565868032000
0	10	5	3	-616130403788390400000
0	10	5	4	862582565303746560000
0	10	5	5	-665420836091461632000
0	10	5	6	221806945363820544000
0	10	6	0	-3609215171202908160
0	10	6	1	43310582054434897920
0	10	6	2	-241620615843450716160
0	10	6	3	810302207876357160960
0	10	6	4	-1772651858080133283840
0	10	6	5	2574228034479540142080
0	10	6	6	-2413454560675170877440
0	10	6	7	1333181613584563568640
0	10	6	8	-333295403396140892160
0	10	7	0	-2137724243473858560
0	10	7	1	28859277286897090560
0	10	7	2	-167825797195424071680
0	10	7	3	550081224502274949120
0	10	7	4	-1119206972079011266560
0	10	7	5	1471628146514948259840
0	10	7	6	-1254923573374148935680
0	10	7	7	655183592459285299200
0	10	7	8	-163795898114821324800
0	10	8	0	96293884841164800
0	10	8	1	-1444408272617472000
0	10	8	2	10045859536054517760
0	10	8	3	-42552267711310725120
0	10	8	4	121503623892581744640
0	10	8	5	-244523876471411834880
0	10	8	6	351771190713259130880
0	10	8	7	-358011034450966609920
0	10	8	8	247448803223462215680
0	10	8	9	-105297363073813708800
0	10	8	10	21059472614762741760
0	11	0	0	21842311806682398720
0	11	0	1	-65526935420047196160
0	11	0	2	65526935420047196160
0	11	1	0	4014665087102484480
0	11	1	1	-18065992891961180160
0	11	1	2	18065992891961180160
0	11	2	0	-26587644359815987200
0	11	2	1	159525866158895923200
0	11	2	2	-398814665397239808000
0	11	2	3	478577598476687769600
0	11	2	4	-239288799238343884800
0	11	3	0	-10915513683526287360
0	11	3	1	81866352626447155200
0	11	3	2	-229225787354052034560
0	11	3	3	294718869455209758720
0	11	3	4	-147359434727604879360
0	11	4	0	-13187447528997519360
0	11	4	1	118687027760977674240
0	11	4	2	-474577490316707758080
0	11	4	3	1067159525485581434880
0	11	4	4	-1422026263678093885440
0	11	4	5	1066135801122363801600
0	11	4	6	-355378600374121267200
0	11	5	0	-3004971043824599040
0	11	5	1	31552195960158289920
0	11	5	2	-139731153537843855360
0	11	5	3	338059242430267392000
0	11	5	4	-473282939402374348800
0	11	5	5	365103981824688783360
0	11	5	6	-121701327274896261120
0	11	6	0	10367842213492162560
0	11	6	1	-124414106561905950720
0	11	6	2	682295135736315248640
0	11	6	3	-2221611864926799790080
0	11	6	4	4691436263951208284160
0	11	6	5	-6581572679905365196800
0	11	6	6	6001884696835113615360
0	11	6	7	-3264023260171421614080
0	11	6	8	816005815042855403520
0	11	7	0	5729486148049305600
0	11	7	1	-77348062998665625600
0	11	7	2	454663614013164748800
0	11	7	3	-1525349301194273587200
0	11	7	4	3215956963879393689600
0	11	7	5	-4418101858972100198400
0	11	7	6	3929639091379686604800
0	11	7	7	-2105947261476274176000
0	11	7	8	526486815369068544000
0	11	8	0	481469424205824000
0	11	8	1	-7222041363087360000
0	11	8	2	45159424643385262080
0	11	8	3	-151922862113905704960
0	11	8	4	283046245102119813120
0	11	8	5	-218784521053368483840
0	11	8	6	-208254784745987112960
0	11	8	7	704322361893731696640
0	11	8	8	-755216087379408322560
0	11	8	9	386090331270650265600
0	11	8	10	-77218066254130053120
0	11	9	0	288881654523494400
0	11	9	1	-4766547299637657600
0	11	9	2	33495827841999175680
0	11	9	3	-130451733141446983680
0	11	9	4	304062385468704030720
0	11	9	5	-416314574375170867200
0	11	9	6	270718220495329689600
0	11	9	7	55378613172153876480
0	11	9	8	-224439379440665886720
0	11	9	9	140396484098418278400
0	11	9	10	-28079296819683655680
0	12	0	0	-6013327419538145280
0	12	0	1	18039982258614435840
0	12	0	2	-18039982258614435840
0	12	1	0	-1397314544562339840
0	12	1	1	6287915450530529280
0	12	1	2	-6287915450530529280
0	12	2	0	13631753532022456320
0	12	2	1	-81790521192134737920
0	12	2	2	204476302980336844800
0	12	2	3	-245371563576404213760
0	12	2	4	122685781788202106880
0	12	3	0	6572057640409497600
0	12	3	1	-49290432303071232000
0	12	3	2	138013210448599449600
0	12	3	3	-177445556291056435200
0	12	3	4	88722778145528217600
0	12	4	0	2720302246762905600
0	12	4	1	-24482720220866150400
0	12	4	2	98255872744803532800
0	12	4	3	-222294433155828940800
0	12	4	4	298017536847799910400
0	12	4	5	-224244384323862528000
0	12	4	6	74748128107954176000
0	12	5	0	-2929741446292439040
0	12	5	1	30762285186070609920
0	12	5	2	-136232977252598415360
0	12	5	3	329595912707899392000
0	12	5	4	-461434277791059148800
0	12	5	5	355963585724531343360
0	12	5	6	-118654528574843781120
0	12	6	0	-14142562499265822720
0	12	6	1	169710749991189872640
0	12	6	2	-926486798305025064960
0	12	6	3	2992492560022744596480
0	12	6	4	-6256077081181358653440
0	12	6	5	8686739960914425937920
0	12	6	6	-7853818319488879165440
0	12	6	7	4249918570729203302400
0	12	6	8	-1062479642682300825600
0	12	7	0	-7510923017610854400
0	12	7	1	101397460737746534400
0	12	7	2	-599284992308989132800
0	12	7	3	2033799068259031449600
0	12	7	4	-4360740795445778841600
0	12	7	5	6109197009449228697600
0	12	7	6	-5530711496265931161600
0	12	7	7	2995124994099589939200
0	12	7	8	-748781248524897484800
0	12	8	0	-712574747824619520
0	12	8	1	10688621217369292800
0	12	8	2	-62210664301634519040
0	12	8	3	169342425881672417280
0	12	8	4	-122890255834294517760
0	12	8	5	-592005174614997073920
0	12	8	6	2102827339607420436480
0	12	8	7	-3318036907525951979520
0	12	8	8	2935456488357762170880
0	12	8	9	-1403964840984182784000
0	12	8	10	280792968196836556800
0	12	9	0	-616280862983454720
0	12	9	1	10168634239227002880
0	12	9	2	-71007110681874923520
0	12	9	3	272213183057488773120
0	12	9	4	-613064647229759815680
0	12	9	5	769840721139660226560
0	12	9	6	-333051659500136693760
0	12	9	7	-439908983508377272320
0	12	9	8	741761424319976570880
0	12	9	9	-421189452295254835200
0	12	9	10	84237890459050967040
0	12	10	0	-19258776968232960
0	12	10	1	346657985428193280
0	12	10	2	-1906618919855063040
0	12	10	4	42898925696738918400
0	12	10	5	-205914843344346808320
0	12	10	6	480467967803475886080
0	12	10	7	-617744530033040424960
0	12	10	8	386090331270650265600
0	12	10	10	-154436132508260106240
0	12	10	11	84237890459050967040
0	12	10	12	-14039648409841827840
0	13	0	0	915619431563919360
0	13	0	1	-2746858294691758080
0	13	0	2	2746858294691758080
0	13	1	0	305206477187973120
0	13	1	1	-1373429147345879040
0	13	1	2	1373429147345879040
0	13	2	0	-3597629813182955520
0	13	2	1	21585778879097733120
0	13	2	2	-53964447197744332800
0	13	2	3	64757336637293199360
0	13	2	4	-32378668318646599680
0	13	3	0	-2359802015388794880
0	13	3	1	17698515115415961600
0	13	3	2	-49555842323164692480
0	13	3	3	63714654415497461760
0	13	3	4	-31857327207748730880
0	13	4	0	2676969998584381440
0	13	4	1	-24092729987259432960
0	13	4	2	96208424018368266240
0	13	4	3	-215859594301318103040
0	13	4	4	287000312748410142720
0	13	4	5	-214884618717301309440
0	13	4	6	71628206239100436480
0	13	5	0	4760528931835084800
0	13	5	1	-49985553784268390400
0	13	5	2	221364595330331443200
0	13	5	3	-535559504831447040000
0	13	5	4	749783306764025856000
0	13	5	5	-578404265217962803200
0	13	5	6	192801421739320934400
0	13	6	0	8144657147221770240
0	13	6	1	-97735885766661242880
0	13	6	2	531210030420527677440
0	13	6	3	-1702209872134919946240
0	13	6	4	3522928026507081154560
0	13	6	5	-4840461281968175185920
0	13	6	6	4337276383057108008960
0	13	6	7	-2334676533486613954560
0	13	6	8	583669133371653488640
0	13	7	0	2311053236187955200
0	13	7	1	-31199218688537395200
0	13	7	2	181670450488462540800
0	13	7	3	-597172545210286080000
0	13	7	4	1220506935258356121600
0	13	7	5	-1614072079339801804800
0	13	7	6	1384302833373177446400
0	13	7	7	-725381834508494438400
0	13	7	8	181345458627123609600
0	13	8	0	-1714031150172733440
0	13	8	1	25710467252591001600
0	13	8	2	-184783150315953192960
0	13	8	3	829032572151524229120
0	13	8	4	-2544642942035652771840
0	13	8	5	5533961414879320473600
0	13	8	6	-8576665217478929940480
0	13	8	7	9308286895725131857920
0	13	8	8	-6749560973031458734080
0	13	8	9	2948326166066783846400
0	13	8	10	-589665233213356769280
0	13	9	0	115552661809397760
0	13	9	1	-1906618919855063040
0	13	9	2	12046364993629716480
0	13	9	3	-33929150323784417280
0	13	9	4	14819628877055262720
0	13	9	5	188365282832044523520
0	13	9	6	-625154344471568056320
0	13	9	7	987455271492208558080
0	13	9	8	-878647996315934392320
0	13	9	9	421189452295254835200
0	13	9	10	-84237890459050967040
0	13	10	0	57776330904698880
0	13	10	1	-1039973956284579840
0	13	10	2	5719856759565189120
0	13	10	4	-128696777090216755200
0	13	10	5	617744530033040424960
0	13	10	6	-1441403903410427658240
0	13	10	7	1853233590099121274880
0	13	10	8	-1158270993811950796800
0	13	10	10	463308397524780318720
0	13	10	11	-252713671377152901120
0	13	10	12	42118945229525483520
0	14	0	0	-72145184033341440
0	14	0	1	216435552100024320
0	14	0	2	-216435552100024320
0	14	1	0	-37765257961144320
0	14	1	1	169943660825149440
0	14	1	2	-169943660825149440
0	14	2	0	459652840921497600
0	14	2	1	-2757917045528985600
0	14	2	2	6894792613822464000
0	14	2	3	-8273751136586956800
0	14	2	4	4136875568293478400
0	14	3	0	452581258753474560
0	14	3	1	-3394359440651059200
0	14	3	2	9504206433822965760
0	14	3	3	-12219693986343813120
0	14	3	4	6109846993171906560
0	14	4	0	-1117009064157511680
0	14	4	1	10053081577417605120
0	14	4	2	-40167639928736317440
0	14	4	3	90209615911153827840
0	14	4	4	-120056055976867921920
0	14	4	5	89941497625549209600
0	14	4	6	-29980499208516403200
0	14	5	0	-2048652399995781120
0	14	5	1	21510850199955701760
0	14	5	2	-95262336599803822080
0	14	5	3	230473394999525376000
0	14	5	4	-322662752999335526400
0	14	5	5	248911266599487406080
0	14	5	6	-82970422199829135360
0	14	6	0	-278650429259120640
0	14	6	1	3343805151109447680
0	14	6	2	-15628497509721047040
0	14	6	3	35326615327541821440
0	14	6	4	-33977899102985256960
0	14	6	5	-10042248515372974080
0	14	6	6	52713679909174640640
0	14	6	7	-42313940346328842240
0	14	6	8	10578485086582210560
0	14	7	0	2792522660393779200
0	14	7	1	-37699055915316019200
0	14	7	2	228404280149000847360
0	14	7	3	-814884593121236090880
0	14	7	4	1870198165261013483520
0	14	7	5	-2816704462224516710400
0	14	7	6	2707897187048242544640
0	14	7	7	-1516282028262917406720
0	14	7	8	379070507065729351680
0	14	8	0	3158439422790205440
0	14	8	1	-47376591341853081600
0	14	8	2	325331297282996305920
0	14	8	3	-1345639634935889264640
0	14	8	4	3718253551702801121280
0	14	8	5	-7194149839343116615680
0	14	8	6	9919011601553251368960
0	14	8	7	-9689697344192501514240
0	14	8	8	6476372814389953167360
0	14	8	9	-2702632318894551859200
0	14	8	10	540526463778910371840
0	14	9	0	462210647237591040
0	14	9	1	-7626475679420252160
0	14	9	2	54945290690368634880
0	14	9	3	-226974315959109550080
0	14	9	4	593305142060352798720
0	14	9	5	-1020994431582386257920
0	14	9	6	1166590785462227435520
0	14	9	7	-876698045147900805120
0	14	9	8	429769237434602618880
0	14	9	9	-140396484098418278400
0	14	9	10	28079296819683655680
0	14	10	0	-57776330904698880
0	14	10	1	1039973956284579840
0	14	10	2	-5719856759565189120
0	14	10	4	128696777090216755200
0	14	10	5	-617744530033040424960
0	14	10	6	1441403903410427658240
0	14	10	7	-1853233590099121274880
0	14	10	8	1158270993811950796800
0	14	10	10	-463308397524780318720
0	14	10	11	252713671377152901120
0	14	10	12	-42118945229525483520
0	15	0	0	977984767918080
0	15	0	1	-2933954303754240
0	15	0	2	2933954303754240
0	15	1	0	2294502724730880
0	15	1	1	-10325262261288960
0	15	1	2	10325262261288960
0	15	2	0	-16099133871882240
0	15	2	1	96594803231293440
0	15	2	2	-241487008078233600
0	15	2	3	289784409693880320
0	15	2	4	-144892204846940160
0	15	3	0	-37012961985822720
0	15	3	1	277597214893670400
0	15	3	2	-777272201702277120
0	15	3	3	999349973617213440
0	15	3	4	-499674986808606720
0	15	4	0	108330620446310400
0	15	4	1	-974975584016793600
0	15	4	2	3887715141266964480
0	15	4	3	-8701657087349882880
0	15	4	4	11541273475798794240
0	15	4	5	-8628533918548623360
0	15	4	6	2876177972849541120
0	15	5	0	275942163747962880
0	15	5	1	-2897392719353610240
0	15	5	2	12831310614280273920
0	15	5	3	-31043493421645824000
0	15	5	4	43460890790304153600
0	15	5	5	-33526972895377489920
0	15	5	6	11175657631792496640
0	15	6	0	-254576958048829440
0	15	6	1	3054923496585953280
0	15	6	2	-17289567023231139840
0	15	6	3	59376013066622730240
0	15	6	4	-133425408672698204160
0	15	6	5	198602526464220856320
0	15	6	6	-189730248649668034560
0	15	6	7	105882348424223784960
0	15	6	8	-26470587106055946240
0	15	7	0	-895533129022832640
0	15	7	1	12089697241808240640
0	15	7	2	-72993172056723947520
0	15	7	3	258661022439655342080
0	15	7	4	-588462763326402723840
0	15	7	5	878550498757532712960
0	15	7	6	-838836493301915320320
0	15	7	7	467988280328060928000
0	15	7	8	-116997070082015232000
0	15	8	0	-30814043149172736
0	15	8	1	462210647237591040
0	15	8	2	-310547778612756480
0	15	8	3	-21232801607476838400
0	15	8	4	146982985821553950720
0	15	8	5	-496769559568236675072
0	15	8	6	1014234600866536488960
0	15	8	7	-1314267087254637772800
0	15	8	8	1062138401227894947840
0	15	8	9	-489047752942823669760
0	15	8	10	97809550588564733952
0	15	9	0	1136267841125744640
0	15	9	1	-18748419378574786560
0	15	9	2	143155303899117649920
0	15	9	3	-667078294584290181120
0	15	9	4	2096977486103319674880
0	15	9	5	-4631329019196572958720
0	15	9	6	7252063389033714155520
0	15	9	7	-7925381527355711815680
0	15	9	8	5772050452496221470720
0	15	9	9	-2527136713771529011200
0	15	9	10	505427342754305802240
0	15	10	0	866644963570483200
0	15	10	1	-15599609344268697600
0	15	10	2	125316861732291870720
0	15	10	3	-592785155082210508800
0	15	10	4	1831134143528073953280
0	15	10	5	-3862463273640929525760
0	15	10	6	5624179155587007774720
0	15	10	7	-5522261707871118950400
0	15	10	8	3339096380140714721280
0	15	10	9	-842378904590509670400
0	15	10	10	-294832616606678384640
0	15	10	11	252713671377152901120
0	15	10	12	-42118945229525483520
0	15	11	0	231105323618795520
0	15	11	1	-4506553810566512640
0	15	11	2	36745746455388487680
0	15	11	3	-160155989267825295360
0	15	11	4	369190754481025843200
0	15	11	5	-196555077737785589760
0	15	11	6	-1476763017924103372800
0	15	11	7	5228989052198867435520
0	15	11	8	-9169450372561140449280
0	15	11	9	9874552714922085580800
0	15	11	10	-6607994518232220303360
0	15	11	11	2527136713771529011200
0	15	11	12	-421189452295254835200
0	15	13	0	15407021574586368
0	15	13	1	-346657985428193280
0	15	13	2	2426605897997352960
0	15	13	4	-94637630021896765440
0	15	13	5	624608358144518651904
0	15	13	6	-2082027860481728839680
0	15	13	7	4015339445214762762240
0	15	13	8	-4015339445214762762240
0	15	13	10	5621475223300667867136
0	15	13	11	-7665648031773638000640
0	15	13	12	5110432021182425333760
0	15	13	13	-1768995699640070307840
0	15	13	14	252713671377152901120
1	3	0	0	-3180857842854789120
1	3	0	1	9542573528564367360
1	3	0	2	-9542573528564367360
1	3	1	0	-277258681704775680
1	3	1	1	1247664067671490560
1	3	1	2	-1247664067671490560
1	4	0	0	30279085481121546240
1	4	0	1	-90837256443364638720
1	4	0	2	90837256443364638720
1	4	1	0	3002112319118376960
1	4	1	1	-13509505436032696320
1	4	1	2	13509505436032696320
1	4	2	0	-792167662013644800
1	4	2	1	4753005972081868800
1	4	2	2	-11882514930204672000
1	4	2	3	14259017916245606400
1	4	2	4	-7129508958122803200
1	5	0	0	-140766839407069102080
1	5	0	1	422300518221207306240
1	5	0	2	-422300518221207306240
1	5	1	0	-15945590263319101440
1	5	1	1	71755156184935956480
1	5	1	2	-71755156184935956480
1	5	2	0	288430276938301440
1	5	2	1	-1730581661629808640
1	5	2	2	4326454154074521600
1	5	2	3	-5191744984889425920
1	5	2	4	2595872492444712960
1	5	3	0	-492904323030712320
1	5	3	1	3696782422730342400
1	5	3	2	-10350990783644958720
1	5	3	3	13308416721829232640
1	5	3	4	-6654208360914616320
1	6	0	0	407390162449528258560
1	6	0	1	-1222170487348584775680
1	6	0	2	1222170487348584775680
1	6	1	0	51862833161085911040
1	6	1	1	-233382749224886599680
1	6	1	2	233382749224886599680
1	6	2	0	2677120457779445760
1	6	2	1	-16062722746676674560
1	6	2	2	40156806866691686400
1	6	2	3	-48188168240030023680
1	6	2	4	24094084120015011840
1	6	3	0	249160427026513920
1	6	3	1	-1868703202698854400
1	6	3	2	5232368967556792320
1	6	3	3	-6727331529715875840
1	6	3	4	3363665764857937920
1	6	4	0	-3495468019734282240
1	6	4	1	31459212177608540160
1	6	4	2	-122972857932384829440
1	6	4	3	265948964930180874240
1	6	4	4	-340278666016661176320
1	6	4	5	248765020261884887040
1	6	4	6	-82921673420628295680
1	7	0	0	-796873047650488811520
1	7	0	1	2390619142951466434560
1	7	0	2	-2390619142951466434560
1	7	1	0	-111664081527759175680
1	7	1	1	502488366874916290560
1	7	1	2	-502488366874916290560
1	7	2	0	17735076699816591360
1	7	2	1	-106410460198899548160
1	7	2	2	266026150497248870400
1	7	2	3	-319231380596698644480
1	7	2	4	159615690298349322240
1	7	3	0	10052178822247219200
1	7	3	1	-75391341166854144000
1	7	3	2	211095755267191603200
1	7	3	3	-271408828200674918400
1	7	3	4	135704414100337459200
1	7	4	0	17511042958365818880
1	7	4	1	-157599386625292369920
1	7	4	2	616069467814389350400
1	7	4	3	-1332426007506950553600
1	7	4	4	1704927616575366758400
1	7	4	5	-1246457535386269777920
1	7	4	6	415485845128756592640
1	7	5	0	-918102008282480640
1	7	5	1	9640071086966046720
1	7	5	2	-42691743385135349760
1	7	5	3	103286475931779072000
1	7	5	4	-144601066304490700800
1	7	5	5	111549394006321397760
1	7	5	6	-37183131335440465920
1	8	0	0	1089664760505717227520
1	8	0	1	-3268994281517151682560
1	8	0	2	3268994281517151682560
1	8	1	0	165428380381269196800
1	8	1	1	-744427711715711385600
1	8	1	2	744427711715711385600
1	8	2	0	-112984323349649817600
1	8	2	1	677905940097898905600
1	8	2	2	-1694764850244747264000
1	8	2	3	2033717820293696716800
1	8	2	4	-1016858910146848358400
1	8	3	0	-47586030541382615040
1	8	3	1	356895229060369612800
1	8	3	2	-999306641369034915840
1	8	3	3	1284822824617330606080
1	8	3	4	-642411412308665303040
1	8	4	0	-62863055371433410560
1	8	4	1	565767498342900695040
1	8	4	2	-2238435610282111795200
1	8	4	3	4944101186549160345600
1	8	4	4	-6468962999951425536000
1	8	4	5	4796294888012214435840
1	8	4	6	-1598764962670738145280
1	8	5	0	-9193658655210209280
1	8	5	1	96533415879707197440
1	8	5	2	-427505127467274731520
1	8	5	3	1034286598711148544000
1	8	5	4	-1448001238195607961600
1	8	5	5	1117029526608040427520
1	8	5	6	-372343175536013475840
1	8	6	0	-2211750167445504000
1	8	6	1	26541002009346048000
1	8	6	2	-127353477396682506240
1	8	6	3	310139733275742044160
1	8	6	4	-382044182596980572160
1	8	6	5	148293786328954306560
1	8	6	6	157361059260310487040
1	8	6	7	-177250561174253076480
1	8	6	8	44312640293563269120
1	9	0	0	-1049628471454272061440
1	9	0	1	3148885414362816184320
1	9	0	2	-3148885414362816184320
1	9	1	0	-171806496119240785920
1	9	1	1	773129232536583536640
1	9	1	2	-773129232536583536640
1	9	2	0	282445912913813176320
1	9	2	1	-1694675477482879057920
1	9	2	2	4236688693707197644800
1	9	2	3	-5084026432448637173760
1	9	2	4	2542013216224318586880
1	9	3	0	115242114030785003520
1	9	3	1	-864315855230887526400
1	9	3	2	2420084394646485073920
1	9	3	3	-3111537078831195095040
1	9	3	4	1555768539415597547520
1	9	4	0	161390958340913233920
1	9	4	1	-1452518625068219105280
1	9	4	2	5801202222458323599360
1	9	4	3	-13019433958726655016960
1	9	4	4	17314883889229442580480
1	9	4	5	-12966200291839338086400
1	9	4	6	4322066763946446028800
1	9	5	0	49330153530568212480
1	9	5	1	-517966612070966231040
1	9	5	2	2293852139171421880320
1	9	5	3	-5549642272188923904000
1	9	5	4	7769499181064493465600
1	9	5	5	-5993613653964037816320
1	9	5	6	1997871217988012605440
1	9	6	0	-6599140295521075200
1	9	6	1	79189683546252902400
1	9	6	2	-490044394650929725440
1	9	6	3	1915924520151401103360
1	9	6	4	-4882043990626491432960
1	9	6	5	8036821236608831324160
1	9	6	6	-8225479012116080885760
1	9	6	7	4754175942782688952320
1	9	6	8	-1188543985695672238080
1	9	7	0	-6644278054040371200
1	9	7	1	89697753729545011200
1	9	7	2	-511082201141603205120
1	9	7	3	1599057455345943183360
1	9	7	4	-3009652130301440163840
1	9	7	5	3546473686861086720000
1	9	7	6	-2672700568465236295680
1	9	7	7	1277608005295606333440
1	9	7	8	-319402001323901583360
1	10	0	0	701484551015623557120
1	10	0	1	-2104453653046870671360
1	10	0	2	2104453653046870671360
1	10	1	0	125474843887109406720
1	10	1	1	-564636797491992330240
1	10	1	2	564636797491992330240
1	10	2	0	-410403032601093734400
1	10	2	1	2462418195606562406400
1	10	2	2	-6156045489016406016000
1	10	2	3	7387254586819687219200
1	10	2	4	-3693627293409843609600
1	10	3	0	-172823449818680524800
1	10	3	1	1296175873640103936000
1	10	3	2	-3629292446192291020800
1	10	3	3	4666233145104374169600
1	10	3	4	-2333116572552187084800
1	10	4	0	-252143130109468999680
1	10	4	1	2269288170985220997120
1	10	4	2	-9101681444675439820800
1	10	4	3	20570766103274323968000
1	10	4	4	-27550331941371877785600
1	10	4	5	20717938667681658961920
1	10	4	6	-6905979555893886320640
1	10	5	0	-85973587733312962560
1	10	5	1	902722671199786106880
1	10	5	2	-3997771829599052759040
1	10	5	3	9672028619997708288000
1	10	5	4	-13540840067996791603200
1	10	5	5	10445790909597524951040
1	10	5	6	-3481930303199174983680
1	10	6	0	57297870664394342400
1	10	6	1	-687574447972732108800
1	10	6	2	3820950979885903380480
1	10	6	3	-12729963707832068997120
1	10	6	4	27635634180176813752320
1	10	6	5	-39840134797003031838720
1	10	6	6	37138964941484505169920
1	10	6	7	-20450502864985852477440
1	10	6	8	5112625716246463119360
1	10	7	0	29812586746824622080
1	10	7	1	-402469921082132398080
1	10	7	2	2306532238294662512640
1	10	7	3	-7314851816644395663360
1	10	7	4	14097301966043354234880
1	10	7	5	-17212413955349277573120
1	10	7	6	13545075795256242339840
1	10	7	7	-6692232408691271270400
1	10	7	8	1673058102172817817600
1	10	8	0	-1020715179316346880
1	10	8	1	15310727689745203200
1	10	8	2	-111789978259229245440
1	10	8	3	514700443864509972480
1	10	8	4	-1627385912592653352960
1	10	8	5	3642118791653134172160
1	10	8	6	-5786675086256473374720
1	10	8	7	6404419616289513799680
1	10	8	8	-4707377114749882859520
1	10	8	9	2070848140451669606400
1	10	8	10	-414169628090333921280
1	11	0	0	-312069221993246883840
1	11	0	1	936207665979740651520
1	11	0	2	-936207665979740651520
1	11	1	0	-63626974319573729280
1	11	1	1	286321384438081781760
1	11	1	2	-286321384438081781760
1	11	2	0	367425266286141112320
1	11	2	1	-2204551597716846673920
1	11	2	2	5511378994292116684800
1	11	2	3	-6613654793150540021760
1	11	2	4	3306827396575270010880
1	11	3	0	165887280926215372800
1	11	3	1	-1244154606946615296000
1	11	3	2	3483632899450522828800
1	11	3	3	-4478956585007815065600
1	11	3	4	2239478292503907532800
1	11	4	0	205618739648460226560
1	11	4	1	-1850568656836142039040
1	11	4	2	7438226852005187420160
1	11	4	3	-16870831259488993935360
1	11	4	4	22674202802621754900480
1	11	4	5	-17086544607452709519360
1	11	4	6	5695514869150903173120
1	11	5	0	44241623553492910080
1	11	5	1	-464537047311675555840
1	11	5	2	2057235495237420318720
1	11	5	3	-4977182649767952384000
1	11	5	4	6968055709675133337600
1	11	5	5	-5375357261749388574720
1	11	5	6	1791785753916462858240
1	11	6	0	-156475757356552028160
1	11	6	1	1877709088278624337920
1	11	6	2	-10283363588321008680960
1	11	6	3	33402436014112411484160
1	11	6	4	-70325135121468924887040
1	11	6	5	98357779359457376993280
1	11	6	6	-89467724490089315696640
1	11	6	7	48584398317374448599040
1	11	6	8	-12146099579343612149760
1	11	7	0	-81974984165283594240
1	11	7	1	1106662286231328522240
1	11	7	2	-6460643208301148897280
1	11	7	3	21356937665446265487360
1	11	7	4	-44032919798508851036160
1	11	7	5	58874973113996500008960
1	11	7	6	-51041044296421563432960
1	11	7	7	26928045650076625797120
1	11	7	8	-6732011412519156449280
1	11	8	0	-8993848844164792320
1	11	8	1	134907732662471884800
1	11	8	2	-840551728125648568320
1	11	8	3	2801603173734301040640
1	11	8	4	-5093619108889157959680
1	11	8	5	3487682659144874065920
1	11	8	6	5064413173616832675840
1	11	8	7	-14645693232866666741760
1	11	8	8	15296781927873081507840
1	11	8	9	-7756905746437609881600
1	11	8	10	1551381149287521976320
1	11	9	0	-4102119494233620480
1	11	9	1	67684971654854737920
1	11	9	2	-466384987145455534080
1	11	9	3	1727461739760954900480
1	11	9	4	-3586480184991909150720
1	11	9	5	3482027800757576663040
1	11	9	6	1177055523397341020160
1	11	9	7	-7394994809650576097280
1	11	9	8	8587779939136721387520
1	11	9	9	-4492687491149384908800
1	11	9	10	898537498229876981760
1	12	0	0	85801236725366784000
1	12	0	1	-257403710176100352000
1	12	0	2	257403710176100352000
1	12	1	0	21687338835766149120
1	12	1	1	-97593024760947671040
1	12	1	2	97593024760947671040
1	12	2	0	-192618613817317785600
1	12	2	1	1155711682903906713600
1	12	2	2	-2889279207259766784000
1	12	2	3	3467135048711720140800
1	12	2	4	-1733567524355860070400
1	12	3	0	-100234712078289469440
1	12	3	1	751760340587171020800
1	12	3	2	-2104928953644078858240
1	12	3	3	2706337226113815674880
1	12	3	4	-1353168613056907837440
1	12	4	0	-46546056585098035200
1	12	4	1	418914509265882316800
1	12	4	2	-1696620012119890329600
1	12	4	3	3896002433731107225600
1	12	4	4	-5299479786923281612800
1	12	4	5	4021774284069273600000
1	12	4	6	-1340591428023091200000
1	12	5	0	49059326979452436480
1	12	5	1	-515122933284250583040
1	12	5	2	2281258704544538296320
1	12	5	3	-5519174285188399104000
1	12	5	4	7726843999263758745600
1	12	5	5	-5960708228003471032320
1	12	5	6	1986902742667823677440
1	12	6	0	210589309616605102080
1	12	6	1	-2527071715399261224960
1	12	6	2	13789404676610850816000
1	12	6	3	-44501883054420928757760
1	12	6	4	92937841339128820531200
1	12	6	5	-128907079323689177579520
1	12	6	6	116440359023541642854400
1	12	6	7	-62975427927695928852480
1	12	6	8	15743856981923982213120
1	12	7	0	108041738791786905600
1	12	7	1	-1458563473689123225600
1	12	7	2	8585245002618277724160
1	12	7	3	-28885406632548740628480
1	12	7	4	61159438404906249093120
1	12	7	5	-84442635331694493696000
1	12	7	6	75451800486125229834240
1	12	7	7	-40546504607623198801920
1	12	7	8	10136626151905799700480
1	12	8	0	13924095748032430080
1	12	8	1	-208861436220486451200
1	12	8	2	1248705395760530718720
1	12	8	3	-3705947193220100259840
1	12	8	4	4518166853078357114880
1	12	8	5	5019174306518453452800
1	12	8	6	-28257132366208318832640
1	12	8	7	48563143849642882498560
1	12	8	8	-44361779062997715517440
1	12	8	9	21480662067057996595200
1	12	8	10	-4296132413411599319040
1	12	9	0	8782002297514229760
1	12	9	1	-144903037908984791040
1	12	9	2	998201669040482549760
1	12	9	3	-3694767473190041026560
1	12	9	4	7657848227101503651840
1	12	9	5	-7387195004978441748480
1	12	9	6	-2658953412730599505920
1	12	9	7	16014558952826244956160
1	12	9	8	-18534675842392853053440
1	12	9	9	9687357402790861209600
1	12	9	10	-1937471480558172241920
1	12	10	0	404434316332892160
1	12	10	1	-7279817693992058880
1	12	10	2	40038997316956323840
1	12	10	4	-900877439631517286400
1	12	10	5	4324211710231282974720
1	12	10	6	-10089827323872993607680
1	12	10	7	12972635130693848924160
1	12	10	8	-8107896956683655577600
1	12	10	10	3243158782673462231040
1	12	10	11	-1768995699640070307840
1	12	10	12	294832616606678384640
1	13	0	0	-13103716986944225280
1	13	0	1	39311150960832675840
1	13	0	2	-39311150960832675840
1	13	1	0	-4680409410463334400
1	13	1	1	21061842347085004800
1	13	1	2	-21061842347085004800
1	13	2	0	51410251902332436480
1	13	2	1	-308461511413994618880
1	13	2	2	771153778534986547200
1	13	2	3	-925384534241983856640
1	13	2	4	462692267120991928320
1	13	3	0	36039791912146698240
1	13	3	1	-270298439341100236800
1	13	3	2	756835630155080663040
1	13	3	3	-973074381627960852480
1	13	3	4	486537190813980426240
1	13	4	0	-37739980816373514240
1	13	4	1	339659827347361628160
1	13	4	2	-1352334467279471247360
1	13	4	3	3019109393466403061760
1	13	4	4	-3993954980738661089280
1	13	4	5	2981280340806551470080
1	13	4	6	-993760113602183823360
1	13	5	0	-74994881187859660800
1	13	5	1	787446252472526438400
1	13	5	2	-3487261975235474227200
1	13	5	3	8436924133634211840000
1	13	5	4	-11811693787087896576000
1	13	5	5	9111878064324948787200
1	13	5	6	-3037292688108316262400
1	13	6	0	-120458233405274849280
1	13	6	1	1445498800863298191360
1	13	6	2	-7852453353671255654400
1	13	6	3	25138867955847407861760
1	13	6	4	-51965467396407086284800
1	13	6	5	71309421722313078865920
1	13	6	6	-63826776607659393024000
1	13	6	7	34334545171618600058880
1	13	6	8	-8583636292904650014720
1	13	7	0	-31199218688537395200
1	13	7	1	421189452295254835200
1	13	7	2	-2428404186296761712640
1	13	7	3	7808286959715294904320
1	13	7	4	-15402306785249832468480
1	13	7	5	19435650779582772019200
1	13	7	6	-15874974948381174005760
1	13	7	7	8054078304445928570880
1	13	7	8	-2013519576111482142720
1	13	8	0	22860168261292523520
1	13	8	1	-342902523919387852800
1	13	8	2	2474545808565526855680
1	13	8	3	-11177813411139378216960
1	13	8	4	34583120613294703902720
1	13	8	5	-75802401706137668812800
1	13	8	6	118298077501327241379840
1	13	8	7	-129103926894102168207360
1	13	8	8	93980236484780375408640
1	13	8	9	-41136169840836555571200
1	13	8	10	8227233968167311114240
1	13	9	0	-1502184603522170880
1	13	9	1	24786045958115819520
1	13	9	2	-155042783982759444480
1	13	9	3	420019481594434682880
1	13	9	4	-69418261581995704320
1	13	9	5	-2858238422103632117760
1	13	9	6	8973285285056961576960
1	13	9	7	-13950730636579496263680
1	13	9	8	12332661157345225605120
1	13	9	9	-5896652332133567692800
1	13	9	10	1179330466426713538560
1	13	10	0	-1097750287189278720
1	13	10	1	19759505169407016960
1	13	10	2	-108677278431738593280
1	13	10	4	2445238764714118348800
1	13	10	5	-11737146070627768074240
1	13	10	6	27386674164798125506560
1	13	10	7	-35211438211883304222720
1	13	10	8	22007148882427065139200
1	13	10	10	-8802859552970826055680
1	13	10	11	4801559756165905121280
1	13	10	12	-800259959360984186880
1	14	0	0	1017028929037271040
1	14	0	1	-3051086787111813120
1	14	0	2	3051086787111813120
1	14	1	0	579719278582824960
1	14	1	1	-2608736753622712320
1	14	1	2	2608736753622712320
1	14	2	0	-6580934732918292480
1	14	2	1	39485608397509754880
1	14	2	2	-98714020993774387200
1	14	2	3	118456825192529264640
1	14	2	4	-59228412596264632320
1	14	3	0	-6888623786824826880
1	14	3	1	51664678401186201600
1	14	3	2	-144661099523321364480
1	14	3	3	185992842244270325760
1	14	3	4	-92996421122135162880
1	14	4	0	16425329406781685760
1	14	4	1	-147827964661035171840
1	14	4	2	590064702376252538880
1	14	4	3	-1322968744341987655680
1	14	4	4	1757722544449876131840
1	14	4	5	-1315485806734658764800
1	14	4	6	438495268911552921600
1	14	5	0	31432731359277219840
1	14	5	1	-330043679272410808320
1	14	5	2	1461622008206390722560
1	14	5	3	-3536182277918687232000
1	14	5	4	4950655189086162124800
1	14	5	5	-3819076860152182210560
1	14	5	6	1273025620050727403520
1	14	6	0	3639307010215772160
1	14	6	1	-43671684122589265920
1	14	6	2	197132841046832578560
1	14	6	3	-398537519559931330560
1	14	6	4	206353582357154365440
1	14	6	5	612967149671358136320
1	14	6	6	-1240103944497093672960
1	14	6	7	887812766805692252160
1	14	6	8	-221953191701423063040
1	14	7	0	-43024107747032432640
1	14	7	1	580825454584937840640
1	14	7	2	-3522521786680407490560
1	14	7	3	12591809667576889344000
1	14	7	4	-28970619498591808389120
1	14	7	5	43739939635511804559360
1	14	7	6	-42130449941416881684480
1	14	7	7	23614688625353954426880
1	14	7	8	-5903672156338488606720
1	14	8	0	-46413652493441433600
1	14	8	1	696204787401621504000
1	14	8	2	-4774051000613905367040
1	14	8	3	19693553487679303188480
1	14	8	4	-54209335787304580546560
1	14	8	5	104385955897874810142720
1	14	8	6	-143149035167214490091520
1	14	8	7	139079097089294786887680
1	14	8	8	-92525377918310515998720
1	14	8	9	38503735763991212851200
1	14	8	10	-7700747152798242570240
1	14	9	0	-6933159708563865600
1	14	9	1	114397135191303782400
1	14	9	2	-818979490574106624000
1	14	9	3	3334416497337434112000
1	14	9	4	-8488787418172882944000
1	14	9	5	13949950656112282828800
1	14	9	6	-14677932425511488716800
1	14	9	7	9437763653282562048000
1	14	9	8	-3412414544058777600000
1	14	9	9	701982420492091392000
1	14	9	10	-140396484098418278400
1	14	10	0	982197625379880960
1	14	10	1	-17679557256837857280
1	14	10	2	97237564912608215040
1	14	10	4	-2187845210533684838400
1	14	10	5	10501657010561687224320
1	14	10	6	-24503866357977270190080
1	14	10	7	31504971031685061672960
1	14	10	8	-19690606894803163545600
1	14	10	10	7876242757921265418240
1	14	10	11	-4296132413411599319040
1	14	10	12	716022068901933219840
1	15	0	0	-14669771518771200
1	15	0	1	44009314556313600
1	15	0	2	-44009314556313600
1	15	1	0	-34417540870963200
1	15	1	1	154878933919334400
1	15	1	2	-154878933919334400
1	15	2	0	241487008078233600
1	15	2	1	-1448922048469401600
1	15	2	2	3622305121173504000
1	15	2	3	-4346766145408204800
1	15	2	4	2173383072704102400
1	15	3	0	555194429787340800
1	15	3	1	-4163958223405056000
1	15	3	2	11659083025534156800
1	15	3	3	-14990249604258201600
1	15	3	4	7495124802129100800
1	15	4	0	-1624959306694656000
1	15	4	1	14624633760251904000
1	15	4	2	-58315727119004467200
1	15	4	3	130524856310248243200
1	15	4	4	-173119102136981913600
1	15	4	5	129428008778229350400
1	15	4	6	-43142669592743116800
1	15	5	0	-4139132456219443200
1	15	5	1	43460890790304153600
1	15	5	2	-192469659214204108800
1	15	5	3	465652401324687360000
1	15	5	4	-651913361854562304000
1	15	5	5	502904593430662348800
1	15	5	6	-167634864476887449600
1	15	6	0	3818654370732441600
1	15	6	1	-45823852448789299200
1	15	6	2	259343505348467097600
1	15	6	3	-890640195999340953600
1	15	6	4	2001381130090473062400
1	15	6	5	-2979037896963312844800
1	15	6	6	2845953729745020518400
1	15	6	7	-1588235226363356774400
1	15	6	8	397058806590839193600
1	15	7	0	13432996935342489600
1	15	7	1	-181345458627123609600
1	15	7	2	1094897580850859212800
1	15	7	3	-3879915336594830131200
1	15	7	4	8826941449896040857600
1	15	7	5	-13178257481362990694400
1	15	7	6	12582547399528729804800
1	15	7	7	-7019824204920913920000
1	15	7	8	1754956051230228480000
1	15	8	0	462210647237591040
1	15	8	1	-6933159708563865600
1	15	8	2	4658216679191347200
1	15	8	3	318492024112152576000
1	15	8	4	-2204744787323309260800
1	15	8	5	7451543393523550126080
1	15	8	6	-15213519012998047334400
1	15	8	7	19714006308819566592000
1	15	8	8	-15932076018418424217600
1	15	8	9	7335716294142355046400
1	15	8	10	-1467143258828471009280
1	15	9	0	-17044017616886169600
1	15	9	1	281226290678621798400
1	15	9	2	-2147329558486764748800
1	15	9	3	10006174418764352716800
1	15	9	4	-31454662291549795123200
1	15	9	5	69469935287948594380800
1	15	9	6	-108780950835505712332800
1	15	9	7	118880722910335677235200
1	15	9	8	-86580756787443322060800
1	15	9	9	37907050706572935168000
1	15	9	10	-7581410141314587033600
1	15	10	0	-12999674453557248000
1	15	10	1	233994140164030464000
1	15	10	2	-1879752925984378060800
1	15	10	3	8891777326233157632000
1	15	10	4	-27467012152921109299200
1	15	10	5	57936949104613942886400
1	15	10	6	-84362687333805116620800
1	15	10	7	82833925618066784256000
1	15	10	8	-50086445702110720819200
1	15	10	9	12635683568857645056000
1	15	10	10	4422489249100175769600
1	15	10	11	-3790705070657293516800
1	15	10	12	631784178442882252800
1	15	11	0	-3466579854281932800
1	15	11	1	67598307158497689600
1	15	11	2	-551186196830827315200
1	15	11	3	2402339839017379430400
1	15	11	4	-5537861317215387648000
1	15	11	5	2948326166066783846400
1	15	11	6	22151445268861550592000
1	15	11	7	-78434835782983011532800
1	15	11	8	137541755588417106739200
1	15	11	9	-148118290723831283712000
1	15	11	10	99119917773483304550400
1	15	11	11	-37907050706572935168000
1	15	11	12	6317841784428822528000
1	15	13	0	-231105323618795520
1	15	13	1	5199869781422899200
1	15	13	2	-36399088469960294400
1	15	13	4	1419564450328451481600
1	15	13	5	-9369125372167779778560
1	15	13	6	31230417907225932595200
1	15	13	7	-60230091678221441433600
1	15	13	8	60230091678221441433600
1	15	13	10	-84322128349510018007040
1	15	13	11	114984720476604570009600
1	15	13	12	-76656480317736380006400
1	15	13	13	26534935494601054617600
1	15	13	14	-3790705070657293516800
2	3	0	0	21388526874368409600
2	3	0	1	-64165580623105228800
2	3	0	2	64165580623105228800
2	3	1	0	2221116252338257920
2	3	1	1	-9995023135522160640
2	3	1	2	9995023135522160640
2	4	0	0	-202606019956089815040
2	4	0	1	607818059868269445120
2	4	0	2	-607818059868269445120
2	4	1	0	-24207831271483637760
2	4	1	1	108935240721676369920
2	4	1	2	-108935240721676369920
2	4	2	0	3741468803664445440
2	4	2	1	-22448812821986672640
2	4	2	2	56122032054966681600
2	4	2	3	-67346438465960017920
2	4	2	4	33673219232980008960
2	5	0	0	940586705622490152960
2	5	0	1	-2821760116867470458880
2	5	0	2	2821760116867470458880
2	5	1	0	129524829270253240320
2	5	1	1	-582861731716139581440
2	5	1	2	582861731716139581440
2	5	2	0	11671270220334366720
2	5	2	1	-70027621322006200320
2	5	2	2	175069053305015500800
2	5	2	3	-210082863966018600960
2	5	2	4	105041431983009300480
2	5	3	0	4251976852517683200
2	5	3	1	-31889826393882624000
2	5	3	2	89291513902871347200
2	5	3	3	-114803375017977446400
2	5	3	4	57401687508988723200
2	6	0	0	-2723127795216615997440
2	6	0	1	8169383385649847992320
2	6	0	2	-8169383385649847992320
2	6	1	0	-420180623392348569600
2	6	1	1	1890812805265568563200
2	6	1	2	-1890812805265568563200
2	6	2	0	-70080432499473776640
2	6	2	1	420482594996842659840
2	6	2	2	-1051206487492106649600
2	6	2	3	1261447784990527979520
2	6	2	4	-630723892495263989760
2	6	3	0	-5936518000457809920
2	6	3	1	44523885003433574400
2	6	3	2	-124666878009614008320
2	6	3	3	160285986012360867840
2	6	3	4	-80142993006180433920
2	6	4	0	24114396111348695040
2	6	4	1	-217029565002138255360
2	6	4	2	842342343006109040640
2	6	4	3	-1798610583004580413440
2	6	4	4	2269267858993887313920
2	6	4	5	-1643955080989916528640
2	6	4	6	547985026996638842880
2	7	0	0	5330120877227727912960
2	7	0	1	-15990362631683183738880
2	7	0	2	15990362631683183738880
2	7	1	0	893924532153601228800
2	7	1	1	-4022660394691205529600
2	7	1	2	4022660394691205529600
2	7	2	0	11621618685963141120
2	7	2	1	-69729712115778846720
2	7	2	2	174324280289447116800
2	7	2	3	-209189136347336540160
2	7	2	4	104594568173668270080
2	7	3	0	-54960637528265195520
2	7	3	1	412204781461988966400
2	7	3	2	-1154173388093569105920
2	7	3	3	1483937213263160279040
2	7	3	4	-741968606631580139520
2	7	4	0	-130906721747321487360
2	7	4	1	1178160495725893386240
2	7	4	2	-4629098762548134543360
2	7	4	3	10102185139400406466560
2	7	4	4	-13051864084090013614080
2	7	4	5	9600925817267772456960
2	7	4	6	-3200308605755924152320
2	7	5	0	5704509921668628480
2	7	5	1	-59897354177520599040
2	7	5	2	265259711357591224320
2	7	5	3	-641757366187720704000
2	7	5	4	898460312662808985600
2	7	5	5	-693097955482738360320
2	7	5	6	231032651827579453440
2	8	0	0	-7289191452303761080320
2	8	0	1	21867574356911283240960
2	8	0	2	-21867574356911283240960
2	8	1	0	-1300290330788332830720
2	8	1	1	5851306488547497738240
2	8	1	2	-5851306488547497738240
2	8	2	0	523956392626476810240
2	8	2	1	-3143738355758860861440
2	8	2	2	7859345889397152153600
2	8	2	3	-9431215067276582584320
2	8	2	4	4715607533638291292160
2	8	3	0	296732013485170360320
2	8	3	1	-2225490101138777702400
2	8	3	2	6231372283188577566720
2	8	3	3	-8011764364099599728640
2	8	3	4	4005882182049799864320
2	8	4	0	481476646247187087360
2	8	4	1	-4333289816224683786240
2	8	4	2	17343900245915986821120
2	8	4	3	-39064054232125664133120
2	8	4	4	52139110547920477224960
2	8	4	5	-39128500118229174190080
2	8	4	6	13042833372743058063360
2	8	5	0	69237710547918520320
2	8	5	1	-726995960753144463360
2	8	5	2	3219553540478211194880
2	8	5	3	-7789242436640833536000
2	8	5	4	10904939411297166950400
2	8	5	5	-8412381831572100218880
2	8	5	6	2804127277190700072960
2	8	6	0	7310511369785180160
2	8	6	1	-87726136437422161920
2	8	6	2	355454431808433684480
2	8	6	3	-435716588497105059840
2	8	6	4	-963812113579801313280
2	8	6	5	4028501615598989475840
2	8	6	6	-5693662415541271265280
2	8	6	7	3729281608864235520000
2	8	6	8	-932320402216058880000
2	9	0	0	7014425277624420925440
2	9	0	1	-21043275832873262776320
2	9	0	2	21043275832873262776320
2	9	1	0	1321326181309470474240
2	9	1	1	-5945967815892617134080
2	9	1	2	5945967815892617134080
2	9	2	0	-1601833427494879887360
2	9	2	1	9611000564969279324160
2	9	2	2	-24027501412423198310400
2	9	2	3	28833001694907837972480
2	9	2	4	-14416500847453918986240
2	9	3	0	-758964326846850662400
2	9	3	1	5692232451351379968000
2	9	3	2	-15938250863783863910400
2	9	3	3	20492036824864967884800
2	9	3	4	-10246018412432483942400
2	9	4	0	-1211591325195624775680
2	9	4	1	10904321926760622981120
2	9	4	2	-44014639006308536156160
2	9	4	3	100523005136441872220160
2	9	4	4	-136017430011586050785280
2	9	4	5	102907112932038137610240
2	9	4	6	-34302370977346045870080
2	9	5	0	-356461906578584371200
2	9	5	1	3742850019075135897600
2	9	5	2	-16575478655904173260800
2	9	5	3	40101964490090741760000
2	9	5	4	-56142750286127038464000
2	9	5	5	43310121649298001100800
2	9	5	6	-14436707216432667033600
2	9	6	0	77472643212178882560
2	9	6	1	-929671718546146590720
2	9	6	2	5407734575935279595520
2	9	6	3	-19384952049213898752000
2	9	6	4	45574307448060200878080
2	9	6	5	-70525541352763576811520
2	9	6	6	69287419858620650618880
2	9	6	7	-39239062349456678584320
2	9	6	8	9809765587364169646080
2	9	7	0	45585525083807416320
2	9	7	1	-615404588631400120320
2	9	7	2	3421579314548535459840
2	9	7	3	-10079590080240817274880
2	9	7	4	16871269998501801492480
2	9	7	5	-16055215434679745249280
2	9	7	6	8447480952596704788480
2	9	7	7	-2653493549460105461760
2	9	7	8	663373387365026365440
2	10	0	0	-4676505144810610360320
2	10	0	1	14029515434431831080960
2	10	0	2	-14029515434431831080960
2	10	1	0	-943376444787775242240
2	10	1	1	4245194001544988590080
2	10	1	2	-4245194001544988590080
2	10	2	0	2510212762592304168960
2	10	2	1	-15061276575553825013760
2	10	2	2	37653191438884562534400
2	10	2	3	-45183829726661475041280
2	10	2	4	22591914863330737520640
2	10	3	0	1180189889348920934400
2	10	3	1	-8851424170116907008000
2	10	3	2	24783987676327339622400
2	10	3	3	-31865127012420865228800
2	10	3	4	15932563506210432614400
2	10	4	0	1859986198773607956480
2	10	4	1	-16739875788962471608320
2	10	4	2	67682520674567140147200
2	10	4	3	-154996987212965766758400
2	10	4	4	210277737210873957580800
2	10	4	5	-159335092325269289041920
2	10	4	6	53111697441756429680640
2	10	5	0	613591856249265192960
2	10	5	1	-6442714490617284526080
2	10	5	2	28532021315590831472640
2	10	5	3	-69029083828042334208000
2	10	5	4	96640717359259267891200
2	10	5	5	-74551410534285720944640
2	10	5	6	24850470178095240314880
2	10	6	0	-446457569514356736000
2	10	6	1	5357490834172280832000
2	10	6	2	-29559699746454755082240
2	10	6	3	97276336441665949532160
2	10	6	4	-208103029796334899036160
2	10	6	5	295756015982300689858560
2	10	6	6	-272582308813597531176960
2	10	6	7	149140260130997686763520
2	10	6	8	-37285065032749421690880
2	10	7	0	-209670304853152235520
2	10	7	1	2830549115517555179520
2	10	7	2	-15975949919699179929600
2	10	7	3	48864411305104071720960
2	10	7	4	-88208966012751367372800
2	10	7	5	97091773563611570503680
2	10	7	6	-66630026406824477982720
2	10	7	7	29370944473389103841280
2	10	7	8	-7342736118347275960320
2	10	8	0	2137724243473858560
2	10	8	1	-32065863652107878400
2	10	8	2	312793833476676648960
2	10	8	3	-2021969364506294353920
2	10	8	4	8443028564096361431040
2	10	8	5	-23204028909366080962560
2	10	8	6	42642312123025698324480
2	10	8	7	-52117514838734505246720
2	10	8	8	40775233879633538580480
2	10	8	9	-18497236779966608179200
2	10	8	10	3699447355993321635840
2	11	0	0	2072782443863416504320
2	11	0	1	-6218347331590249512960
2	11	0	2	6218347331590249512960
2	11	1	0	468380640293989908480
2	11	1	1	-2107712881322954588160
2	11	1	2	2107712881322954588160
2	11	2	0	-2340977463657517547520
2	11	2	1	14045864781945105285120
2	11	2	2	-35114661954862763212800
2	11	2	3	42137594345835315855360
2	11	2	4	-21068797172917657927680
2	11	3	0	-1160765607266117222400
2	11	3	1	8705742054495879168000
2	11	3	2	-24376077752588461670400
2	11	3	3	31340671396185165004800
2	11	3	4	-15670335698092582502400
2	11	4	0	-1518138092893230858240
2	11	4	1	13663242836039077724160
2	11	4	2	-55267669075489298841600
2	11	4	3	126657371912349627187200
2	11	4	4	-171949984539797775974400
2	11	4	5	130345558300347554856960
2	11	4	6	-43448519433449184952320
2	11	5	0	-302748575777402388480
2	11	5	1	3178860045662725079040
2	11	5	2	-14077808773649211064320
2	11	5	3	34059214774957768704000
2	11	5	4	-47682900684940876185600
2	11	5	5	36783951956954390200320
2	11	5	6	-12261317318984796733440
2	11	6	0	1120554484630007316480
2	11	6	1	-13446653815560087797760
2	11	6	2	73540443907135981486080
2	11	6	3	-238294399974081067745280
2	11	6	4	500185337778060310609920
2	11	6	5	-697404812627574144368640
2	11	6	6	632733349673108735262720
2	11	6	7	-343084353254786303262720
2	11	6	8	85771088313696575815680
2	11	7	0	573324160955811102720
2	11	7	1	-7739876172903449886720
2	11	7	2	44860511573408439336960
2	11	7	3	-145960572258843717795840
2	11	7	4	293520006977916575416320
2	11	7	5	-380123773189142693806080
2	11	7	6	319168104681295954575360
2	11	7	7	-164965868815641477120000
2	11	7	8	41241467203910369280000
2	11	8	0	79288384778215096320
2	11	8	1	-1189325771673226444800
2	11	8	2	7409648331576280350720
2	11	8	3	-24692188308561136189440
2	11	8	4	44870889646847195873280
2	11	8	5	-30642702625180609413120
2	11	8	6	-44851216806174145904640
2	11	8	7	129373020155290803240960
2	11	8	8	-135060832717327973744640
2	11	8	9	68478385119003515289600
2	11	8	10	-13695677023800703057920
2	11	9	0	28137073150588354560
2	11	9	1	-464261706984707850240
2	11	9	2	3138684732315040481280
2	11	9	3	-11034578664785266606080
2	11	9	4	19834773284493113425920
2	11	9	5	-8049203426525844602880
2	11	9	6	-40798373300160870481920
2	11	9	7	93793431162882757754880
2	11	9	8	-94102888413249688043520
2	11	9	9	47103020415019332403200
2	11	9	10	-9420604083003866480640
2	12	0	0	-568206517124490854400
2	12	0	1	1704619551373472563200
2	12	0	2	-1704619551373472563200
2	12	1	0	-156976034180140892160
2	12	1	1	706392153810634014720
2	12	1	2	-706392153810634014720
2	12	2	0	1258125194585922600960
2	12	2	1	-7548751167515535605760
2	12	2	2	18871877918788839014400
2	12	2	3	-22646253502546606817280
2	12	2	4	11323126751273303408640
2	12	3	0	711147190981849251840
2	12	3	1	-5333603932363869388800
2	12	3	2	14934091010618834288640
2	12	3	3	-19200974156509929799680
2	12	3	4	9600487078254964899840
2	12	4	0	373950079739300413440
2	12	4	1	-3365550717653703720960
2	12	4	2	13747626972835731210240
2	12	4	3	-32002501072208831447040
2	12	4	4	44097121940716356894720
2	12	4	5	-33715045685534329405440
2	12	4	6	11238348561844776468480
2	12	5	0	-375336711681013186560
2	12	5	1	3941035472650638458880
2	12	5	2	-17453157093167113175040
2	12	5	3	42225380064113983488000
2	12	5	4	-59115532089759576883200
2	12	5	5	45603410469243102167040
2	12	5	6	-15201136823081034055680
2	12	6	0	-1469391119202731950080
2	12	6	1	17632693430432783400960
2	12	6	2	-96193301063753961308160
2	12	6	3	310309866515152974643200
2	12	6	4	-647709088390758153584640
2	12	6	5	897896061793152333250560
2	12	6	6	-810683813319941333975040
2	12	6	7	438330108047620476764160
2	12	6	8	-109582527011905119191040
2	12	7	0	-741154772845477232640
2	12	7	1	10005589433413942640640
2	12	7	2	-58616312091556844666880
2	12	7	3	195236520757961278095360
2	12	7	4	-407196212723212206735360
2	12	7	5	552206281285197952450560
2	12	7	6	-485256657881932769525760
2	12	7	7	258161054960171530321920
2	12	7	8	-64540263740042882580480
2	12	8	0	-120694755259915960320
2	12	8	1	1810421328898739404800
2	12	8	2	-10987801502876549775360
2	12	8	3	34090866273986669445120
2	12	8	4	-49657196451654260490240
2	12	8	5	-11042183474340597596160
2	12	8	6	181317379330303925944320
2	12	8	7	-340278958509336381358080
2	12	8	8	320093454008086293381120
2	12	8	9	-156682476253834798694400
2	12	8	10	31336495250766959738880
2	12	9	0	-59394068170030448640
2	12	9	1	980002124805502402560
2	12	9	2	-6656699965184881459200
2	12	9	3	23715306105624487526400
2	12	9	4	-44341889561083772928000
2	12	9	5	25208188719871001886720
2	12	9	6	69138248594266081198080
2	12	9	7	-175636001607121266278400
2	12	9	8	180374382945442883174400
2	12	9	9	-90976921695775044403200
2	12	9	10	18195384339155008880640
2	12	10	0	-3871014170614824960
2	12	10	1	69678255071066849280
2	12	10	2	-383230402890867671040
2	12	10	4	8622684065044522598400
2	12	10	5	-41388883512213708472320
2	12	10	6	96574061528498653102080
2	12	10	7	-124166650536641125416960
2	12	10	8	77604156585400703385600
2	12	10	10	-31041662634160281354240
2	12	10	11	16931815982269244375040
2	12	10	12	-2821969330378207395840
2	13	0	0	86893570481533747200
2	13	0	1	-260680711444601241600
2	13	0	2	260680711444601241600
2	13	1	0	33563760168570716160
2	13	1	1	-151036920758568222720
2	13	1	2	151036920758568222720
2	13	2	0	-340527826443687690240
2	13	2	1	2043166958662126141440
2	13	2	2	-5107917396655315353600
2	13	2	3	6129500875986378424320
2	13	2	4	-3064750437993189212160
2	13	3	0	-256727320864688701440
2	13	3	1	1925454906485165260800
2	13	3	2	-5391273738158462730240
2	13	3	3	6931637663346594938880
2	13	3	4	-3465818831673297469440
2	13	4	0	246668822756248780800
2	13	4	1	-2220019404806239027200
2	13	4	2	8803688282217240330240
2	13	4	3	-19521838621209856573440
2	13	4	4	25647171476574563205120
2	13	4	5	-19063502599163561902080
2	13	4	6	6354500866387853967360
2	13	5	0	550077613481593405440
2	13	5	1	-5775814941556730757120
2	13	5	2	25578609026894093352960
2	13	5	3	-61883731516679258112000
2	13	5	4	86637224123350961356800
2	13	5	5	-66834430038013598760960
2	13	5	6	22278143346004532920320
2	13	6	0	831731810110978129920
2	13	6	1	-9980781721331737559040
2	13	6	2	54188319646937996328960
2	13	6	3	-173300252600492233850880
2	13	6	4	357761586947795913277440
2	13	6	5	-490249605345241171230720
2	13	6	6	438276289395382749757440
2	13	6	7	-235594075097402022297600
2	13	6	8	58898518774350505574400
2	13	7	0	197710604355879567360
2	13	7	1	-2669093158804374159360
2	13	7	2	15193434515967301386240
2	13	7	3	-47429149747872949862400
2	13	7	4	88907341023582596628480
2	13	7	5	-104107795363754818928640
2	13	7	6	77830058428217394462720
2	13	7	7	-36966394263113532702720
2	13	7	8	9241598565778383175680
2	13	8	0	-141378681723798159360
2	13	8	1	2120680225856972390400
2	13	8	2	-15389577937347390996480
2	13	8	3	70158203051892182876160
2	13	8	4	-219367426455865990840320
2	13	8	5	485778854804732164177920
2	13	8	6	-764886285211920488202240
2	13	8	7	840633308304886003138560
2	13	8	8	-614921390731961397411840
2	13	8	9	269842042437159931084800
2	13	8	10	-53968408487431986216960
2	13	9	0	9013107621133025280
2	13	9	1	-148716275748694917120
2	13	9	2	916997035953928273920
2	13	9	3	-2341111372341124792320
2	13	9	4	-631004197975668817920
2	13	9	5	20630093367561745858560
2	13	9	6	-61033081569217672642560
2	13	9	7	93171786730513650155520
2	13	9	8	-81732983188595020922880
2	13	9	9	38960024337311072256000
2	13	9	10	-7792004867462214451200
2	13	10	0	9533094599275315200
2	13	10	1	-171595702786955673600
2	13	10	2	943776365328256204800
2	13	10	4	-21234968219885764608000
2	13	10	5	101927847455451670118400
2	13	10	6	-237831644062720563609600
2	13	10	7	305783542366355010355200
2	13	10	8	-191114713978971881472000
2	13	10	10	76445885591588752588800
2	13	10	11	-41697755777230228684800
2	13	10	12	6949625962871704780800
2	14	0	0	-6663160683020943360
2	14	0	1	19989482049062830080
2	14	0	2	-19989482049062830080
2	14	1	0	-4150717814239395840
2	14	1	1	18678230164077281280
2	14	1	2	-18678230164077281280
2	14	2	0	43869537964098846720
2	14	2	1	-263217227784593080320
2	14	2	2	658043069461482700800
2	14	2	3	-789651683353779240960
2	14	2	4	394825841676889620480
2	14	3	0	48919700846432747520
2	14	3	1	-366897756348245606400
2	14	3	2	1027313717775087697920
2	14	3	3	-1320831922853684183040
2	14	3	4	660415961426842091520
2	14	4	0	-112668659958404874240
2	14	4	1	1014017939625643868160
2	14	4	2	-4043303640750222213120
2	14	4	3	9049552750116675256320
2	14	4	4	-12002229744727134044160
2	14	4	5	8972944043602555699200
2	14	4	6	-2990981347867518566400
2	14	5	0	-224949737030324060160
2	14	5	1	2361972238818402631680
2	14	5	2	-10460162771910068797440
2	14	5	3	25306845415911456768000
2	14	5	4	-35429583582276039475200
2	14	5	5	27331393049184373309440
2	14	5	6	-9110464349728124436480
2	14	6	0	-21692003070813143040
2	14	6	1	260304036849757716480
2	14	6	2	-1118867536134946160640
2	14	6	3	1870230664447147376640
2	14	6	4	678729252813290864640
2	14	6	5	-7527104001284851630080
2	14	6	6	11826518832495974154240
2	14	6	7	-7986414998915163095040
2	14	6	8	1996603749728790773760
2	14	7	0	309122629117107240960
2	14	7	1	-4173155493080947752960
2	14	7	2	25332855597880615895040
2	14	7	3	-90722453068346661273600
2	14	7	4	209217865627878901678080
2	14	7	5	-316605186363591009239040
2	14	7	6	305497094539770876395520
2	14	7	7	-171396027787349034270720
2	14	7	8	42849006946837258567680
2	14	8	0	318154995515208499200
2	14	8	1	-4772324932728127488000
2	14	8	2	32676927793880063016960
2	14	8	3	-134417587159241871851520
2	14	8	4	368514078093470009917440
2	14	8	5	-706017649439220097351680
2	14	8	6	962590274177911467540480
2	14	8	7	-929689138109914357432320
2	14	8	8	615336145345402141409280
2	14	8	9	-255275907211949034700800
2	14	8	10	51055181442389806940160
2	14	9	0	48532117959947059200
2	14	9	1	-800779946339126476800
2	14	9	2	5696457345548786073600
2	14	9	3	-22849527787017574809600
2	14	9	4	56545983938083317350400
2	14	9	5	-88094893869421402521600
2	14	9	6	82999021483626961305600
2	14	9	7	-40075396405426284134400
2	14	9	8	2648033686189611417600
2	14	9	9	4913876943444639744000
2	14	9	10	-982775388688927948800
2	14	10	0	-7684252010324951040
2	14	10	1	138316536185849118720
2	14	10	2	-760740949022170152960
2	14	10	4	17116671352998828441600
2	14	10	5	-82160022494394376519680
2	14	10	6	191706719153586878545920
2	14	10	7	-246480067483183129559040
2	14	10	8	154050042176989455974400
2	14	10	10	-61620016870795782389760
2	14	10	11	33610918293161335848960
2	14	10	12	-5601819715526889308160
2	15	0	0	102688400631398400
2	15	0	1	-308065201894195200
2	15	0	2	308065201894195200
2	15	1	0	240922786096742400
2	15	1	1	-1084152537435340800
2	15	1	2	1084152537435340800
2	15	2	0	-1690409056547635200
2	15	2	1	10142454339285811200
2	15	2	2	-25356135848214528000
2	15	2	3	30427363017857433600
2	15	2	4	-15213681508928716800
2	15	3	0	-3886361008511385600
2	15	3	1	29147707563835392000
2	15	3	2	-81613581178739097600
2	15	3	3	104931747229807411200
2	15	3	4	-52465873614903705600
2	15	4	0	11374715146862592000
2	15	4	1	-102372436321763328000
2	15	4	2	408210089833031270400
2	15	4	3	-913673994171737702400
2	15	4	4	1211833714958873395200
2	15	4	5	-905996061447605452800
2	15	4	6	301998687149201817600
2	15	5	0	28973927193536102400
2	15	5	1	-304226235532129075200
2	15	5	2	1347287614499428761600
2	15	5	3	-3259566809272811520000
2	15	5	4	4563393532981936128000
2	15	5	5	-3520332154014636441600
2	15	5	6	1173444051338212147200
2	15	6	0	-26730580595127091200
2	15	6	1	320766967141525094400
2	15	6	2	-1815404537439269683200
2	15	6	3	6234481371995386675200
2	15	6	4	-14009667910633311436800
2	15	6	5	20853265278743189913600
2	15	6	6	-19921676108215143628800
2	15	6	7	11117646584543497420800
2	15	6	8	-2779411646135874355200
2	15	7	0	-94030978547397427200
2	15	7	1	1269418210389865267200
2	15	7	2	-7664283065956014489600
2	15	7	3	27159407356163810918400
2	15	7	4	-61788590149272286003200
2	15	7	5	92247802369540934860800
2	15	7	6	-88077831796701108633600
2	15	7	7	49138769434446397440000
2	15	7	8	-12284692358611599360000
2	15	8	0	-3235474530663137280
2	15	8	1	48532117959947059200
2	15	8	2	-32607516754339430400
2	15	8	3	-2229444168785068032000
2	15	8	4	15433213511263164825600
2	15	8	5	-52160803754664850882560
2	15	8	6	106494633090986331340800
2	15	8	7	-137998044161736966144000
2	15	8	8	111524532128928969523200
2	15	8	9	-51350014058996485324800
2	15	8	10	10270002811799297064960
2	15	9	0	119308123318203187200
2	15	9	1	-1968584034750352588800
2	15	9	2	15031306909407353241600
2	15	9	3	-70043220931350469017600
2	15	9	4	220182636040848565862400
2	15	9	5	-486289547015640160665600
2	15	9	6	761466655848539986329600
2	15	9	7	-832165060372349740646400
2	15	9	8	606065297512103254425600
2	15	9	9	-265349354946010546176000
2	15	9	10	53069870989202109235200
2	15	10	0	90997721174900736000
2	15	10	1	-1637958981148213248000
2	15	10	2	13158270481890646425600
2	15	10	3	-62242441283632103424000
2	15	10	4	192269085070447765094400
2	15	10	5	-405558643732297600204800
2	15	10	6	590538811336635816345600
2	15	10	7	-579837479326467489792000
2	15	10	8	350605119914775045734400
2	15	10	9	-88449784982003515392000
2	15	10	10	-30957424743701230387200
2	15	10	11	26534935494601054617600
2	15	10	12	-4422489249100175769600
2	15	11	0	24266058979973529600
2	15	11	1	-473188150109483827200
2	15	11	2	3858303377815791206400
2	15	11	3	-16816378873121656012800
2	15	11	4	38765029220507713536000
2	15	11	5	-20638283162467486924800
2	15	11	6	-155060116882030854144000
2	15	11	7	549043850480881080729600
2	15	11	8	-962792289118919747174400
2	15	11	9	1036828035066818985984000
2	15	11	10	-693839424414383131852800
2	15	11	11	265349354946010546176000
2	15	11	12	-44224892491001757696000
2	15	13	0	1617737265331568640
2	15	13	1	-36399088469960294400
2	15	13	2	254793619289722060800
2	15	13	4	-9936951152299160371200
2	15	13	5	65583877605174458449920
2	15	13	6	-218612925350581528166400
2	15	13	7	421610641747550090035200
2	15	13	8	-421610641747550090035200
2	15	13	10	590254898446570126049280
2	15	13	11	-804893043336231990067200
2	15	13	12	536595362224154660044800
2	15	13	13	-185744548462207382323200
2	15	13	14	26534935494601054617600
3	3	0	0	-88259664743120240640
3	3	0	1	264778994229360721920
3	3	0	2	-264778994229360721920
3	3	1	0	-10282945612677120000
3	3	1	1	46273255257047040000
3	3	1	2	-46273255257047040000
3	4	0	0	832878986243746037760
3	4	0	1	-2498636958731238113280
3	4	0	2	2498636958731238113280
3	4	1	0	115993657710131281920
3	4	1	1	-521971459695590768640
3	4	1	2	521971459695590768640
3	4	2	0	-3400227349258567680
3	4	2	1	20401364095551406080
3	4	2	2	-51003410238878515200
3	4	2	3	61204092286654218240
3	4	2	4	-30602046143327109120
3	5	0	0	-3867926522243312517120
3	5	0	1	11603779566729937551360
3	5	0	2	-11603779566729937551360
3	5	1	0	-635443722214834176000
3	5	1	1	2859496749966753792000
3	5	1	2	-2859496749966753792000
3	5	2	0	-138198726636113756160
3	5	2	1	829192359816682536960
3	5	2	2	-2072980899541706342400
3	5	2	3	2487577079450047610880
3	5	2	4	-1243788539725023805440
3	5	3	0	-23848986091255234560
3	5	3	1	178867395684414259200
3	5	3	2	-500828707916359925760
3	5	3	3	643922624463891333120
3	5	3	4	-321961312231945666560
3	6	0	0	11216795507840605224960
3	6	0	1	-33650386523521815674880
3	6	0	2	33650386523521815674880
3	6	1	0	2070603945178080215040
3	6	1	1	-9317717753301360967680
3	6	1	2	9317717753301360967680
3	6	2	0	617675469262505902080
3	6	2	1	-3706052815575035412480
3	6	2	2	9265132038937588531200
3	6	2	3	-11118158446725106237440
3	6	2	4	5559079223362553118720
3	6	3	0	65095869826187919360
3	6	3	1	-488219023696409395200
3	6	3	2	1367013266349946306560
3	6	3	3	-1757588485307073822720
3	6	3	4	878794242653536911360
3	6	4	0	-99888054092861276160
3	6	4	1	898992486835751485440
3	6	4	2	-3479033813234991759360
3	6	4	3	7389315576873678274560
3	6	4	4	-9267740098624833454080
3	6	4	5	6687698772225593180160
3	6	4	6	-2229232924075197726720
3	7	0	0	-21980785948875077713920
3	7	0	1	65942357846625233141760
3	7	0	2	-65942357846625233141760
3	7	1	0	-4366217999138504048640
3	7	1	1	19647980996123268218880
3	7	1	2	-19647980996123268218880
3	7	2	0	-845136370258453463040
3	7	2	1	5070818221550720778240
3	7	2	2	-12677045553876801945600
3	7	2	3	15212454664652162334720
3	7	2	4	-7606227332326081167360
3	7	3	0	80091535961468436480
3	7	3	1	-600686519711013273600
3	7	3	2	1681922255190837166080
3	7	3	3	-2162471470959647784960
3	7	3	4	1081235735479823892480
3	7	4	0	592989779587497984000
3	7	4	1	-5336908016287481856000
3	7	4	2	21332247762913795768320
3	7	4	3	-47939866333170546769920
3	7	4	4	63842900266380070748160
3	7	4	5	-47847560519753756835840
3	7	4	6	15949186839917918945280
3	7	5	0	-23443649019751956480
3	7	5	1	246158314707395543040
3	7	5	2	-1090129679418465976320
3	7	5	3	2637410514722095104000
3	7	5	4	-3692374720610933145600
3	7	5	5	2848403355899862712320
3	7	5	6	-949467785299954237440
3	8	0	0	30059222619017151774720
3	8	0	1	-90177667857051455324160
3	8	0	2	90177667857051455324160
3	8	1	0	6247977862711046307840
3	8	1	1	-28115900382199708385280
3	8	1	2	28115900382199708385280
3	8	2	0	-806576537288174469120
3	8	2	1	4839459223729046814720
3	8	2	2	-12098648059322617036800
3	8	2	3	14518377671187140444160
3	8	2	4	-7259188835593570222080
3	8	3	0	-915920951790828257280
3	8	3	1	6869407138431211929600
3	8	3	2	-19234339987607393402880
3	8	3	3	24729865698352362946560
3	8	3	4	-12364932849176181473280
3	8	4	0	-2247667786491258470400
3	8	4	1	20229010078421326233600
3	8	4	2	-82682679822330667991040
3	8	4	3	192660927757664114442240
3	8	4	4	-265714434553445634539520
3	8	4	5	203260764809536292782080
3	8	4	6	-67753588269845430927360
3	8	5	0	-286433382501407784960
3	8	5	1	3007550516264781742080
3	8	5	2	-13319152286315462000640
3	8	5	3	32223755531408375808000
3	8	5	4	-45113257743971726131200
3	8	5	5	34801655973921045872640
3	8	5	6	-11600551991307015290880
3	8	6	0	21295994469403852800
3	8	6	1	-255551933632846233600
3	8	6	2	1766959083975679672320
3	8	6	3	-7852745846346460692480
3	8	6	4	22063258727287231610880
3	8	6	5	-38738022396830448353280
3	8	6	6	41202273185432894177280
3	8	6	7	-24248227759848066908160
3	8	6	8	6062056939962016727040
3	9	0	0	-28884519675593836462080
3	9	0	1	86653559026781509386240
3	9	0	2	-86653559026781509386240
3	9	1	0	-6225950787012824924160
3	9	1	1	28016778541557712158720
3	9	1	2	-28016778541557712158720
3	9	2	0	5022291520121796034560
3	9	2	1	-30133749120730776207360
3	9	2	2	75334372801826940518400
3	9	2	3	-90401247362192328622080
3	9	2	4	45200623681096164311040
3	9	3	0	2799826551558981550080
3	9	3	1	-20998699136692361625600
3	9	3	2	58796357582738612551680
3	9	3	3	-75595316892092501852160
3	9	3	4	37797658446046250926080
3	9	4	0	5624453593158805094400
3	9	4	1	-50620082338429245849600
3	9	4	2	207570530631531060264960
3	9	4	3	-486121948712747673845760
3	9	4	4	673613604672733949460480
3	9	4	5	-516663156379632135045120
3	9	4	6	172221052126544045015040
3	9	5	0	1502448208031923568640
3	9	5	1	-15775706184335197470720
3	9	5	2	69863841673484445941760
3	9	5	3	-169025423403591401472000
3	9	5	4	236635592765027962060800
3	9	5	5	-182547457275878713589760
3	9	5	6	60849152425292904529920
3	9	6	0	-541333526901235384320
3	9	6	1	6496002322814824611840
3	9	6	2	-36054727093685562900480
3	9	6	3	119868470674503090831360
3	9	6	4	-259580375666603977605120
3	9	6	5	373327413388078428979200
3	9	6	6	-347362546117451993579520
3	9	6	7	191074349989793586216960
3	9	6	8	-47768587497448396554240
3	9	7	0	-210479173485818019840
3	9	7	1	2841468842058543267840
3	9	7	2	-15409489105385422848000
3	9	7	3	42457944240088122654720
3	9	7	4	-60599119936771797811200
3	9	7	5	36227265272870401474560
3	9	7	6	6285765087714670018560
3	9	7	7	-15738445867432689008640
3	9	7	8	3934611466858172252160
3	10	0	0	19198199538493748674560
3	10	0	1	-57594598615481246023680
3	10	0	2	57594598615481246023680
3	10	1	0	4358511892930096005120
3	10	1	1	-19613303518185432023040
3	10	1	2	19613303518185432023040
3	10	2	0	-9118041173873173463040
3	10	2	1	54708247043239040778240
3	10	2	2	-136770617608097601945600
3	10	2	3	164124741129717122334720
3	10	2	4	-82062370564858561167360
3	10	3	0	-4778766993624001413120
3	10	3	1	35840752452180010598400
3	10	3	2	-100354106866104029675520
3	10	3	3	129026708827848038154240
3	10	3	4	-64513354413924019077120
3	10	4	0	-8575105256544503070720
3	10	4	1	77175947308900527636480
3	10	4	2	-315290602409271566008320
3	10	4	3	734104404822121481502720
3	10	4	4	-1011739938964509252648960
3	10	4	5	773625283864138214277120
3	10	4	6	-257875094621379404759040
3	10	5	0	-2652417465297005445120
3	10	5	1	27850383385618557173760
3	10	5	2	-123337412136310753198080
3	10	5	3	298396964845913112576000
3	10	5	4	-417755750784278357606400
3	10	5	5	322268722033586161582080
3	10	5	6	-107422907344528720527360
3	10	6	0	2232179516951337369600
3	10	6	1	-26786154203416048435200
3	10	6	2	146471231970565580390400
3	10	6	3	-474477230327484697804800
3	10	6	4	995581449241092528537600
3	10	6	5	-1387621812757101281280000
3	10	6	6	1258557957359502203289600
3	10	6	7	-682300588377544379596800
3	10	6	8	170575147094386094899200
3	10	7	0	985548652572353495040
3	10	7	1	-13304906809726772183040
3	10	7	2	74111014062985335275520
3	10	7	3	-219359561652821588705280
3	10	7	4	370860627662957539491840
3	10	7	5	-360491957322055742914560
3	10	7	6	198622220971017995550720
3	10	7	7	-67249915883142355353600
3	10	7	8	16812478970785588838400
3	10	8	0	21897229412880875520
3	10	8	1	-328458441193213132800
3	10	8	2	1596251692276383744000
3	10	8	3	-1418264482883095756800
3	10	8	4	-16413388965061381324800
3	10	8	5	80654270202438840483840
3	10	8	6	-187019816526101348352000
3	10	8	7	257171259747277681459200
3	10	8	8	-214183611272393234841600
3	10	8	9	99927197557049209651200
3	10	8	10	-19985439511409841930240
3	11	0	0	-8470491730512256696320
3	11	0	1	25411475191536770088960
3	11	0	2	-25411475191536770088960
3	11	1	0	-2126703746886976143360
3	11	1	1	9570166860991392645120
3	11	1	2	-9570166860991392645120
3	11	2	0	9050444672225016545280
3	11	2	1	-54302668033350099271680
3	11	2	2	135756670083375248179200
3	11	2	3	-162908004100050297815040
3	11	2	4	81454002050025148907520
3	11	3	0	4953072767432455618560
3	11	3	1	-37148045755743417139200
3	11	3	2	104014528116081567989760
3	11	3	3	-133732964720676301701120
3	11	3	4	66866482360338150850560
3	11	4	0	7032173895651793305600
3	11	4	1	-63289565060866139750400
3	11	4	2	257869464137381707776000
3	11	4	3	-597873308911298150400000
3	11	4	4	820720431351316611072000
3	11	4	5	-626140532274801043046400
3	11	4	6	208713510758267014348800
3	11	5	0	1307732945331384483840
3	11	5	1	-13731195925979537080320
3	11	5	2	60809581957909378498560
3	11	5	3	-147119956349780754432000
3	11	5	4	205967938889693056204800
3	11	5	5	-158889552857763214786560
3	11	5	6	52963184285921071595520
3	11	6	0	-5028315605373781278720
3	11	6	1	60339787264485375344640
3	11	6	2	-329613028945929909043200
3	11	6	3	1065813961682079858032640
3	11	6	4	-2231299628569417324953600
3	11	6	5	3102698242679174049300480
3	11	6	6	-2808611189901593306726400
3	11	6	7	1520895807721601677393920
3	11	6	8	-380223951930400419348480
3	11	7	0	-2587888525717819883520
3	11	7	1	34936495097190568427520
3	11	7	2	-201049130194752598179840
3	11	7	3	643683072962898406932480
3	11	7	4	-1260657372284565564948480
3	11	7	5	1575058723838045013934080
3	11	7	6	-1272485776069857304903680
3	11	7	7	640685315534721971650560
3	11	7	8	-160171328883680492912640
3	11	8	0	-428758151643770388480
3	11	8	1	6431372274656555827200
3	11	8	2	-40122303564079536537600
3	11	8	3	134173539937500423782400
3	11	8	4	-246102036950073684787200
3	11	8	5	176404672357560106352640
3	11	8	6	221565151418984379187200
3	11	8	7	-673002246232776219033600
3	11	8	8	709110466986838170009600
3	11	8	9	-360573270285762743500800
3	11	8	10	72114654057152548700160
3	11	9	0	-123468019143341506560
3	11	9	1	2037222315865134858240
3	11	9	2	-13540764236562479185920
3	11	9	3	45287810872696866078720
3	11	9	4	-68703409483794591252480
3	11	9	5	-25597203977893702533120
3	11	9	6	304923808896369001758720
3	11	9	7	-577270563608868075601920
3	11	9	8	548343623016440219566080
3	11	9	9	-269350654742815467110400
3	11	9	10	53870130948563093422080
3	12	0	0	2312527510610792939520
3	12	0	1	-6937582531832378818560
3	12	0	2	6937582531832378818560
3	12	1	0	703448344429603061760
3	12	1	1	-3165517549933213777920
3	12	1	2	3165517549933213777920
3	12	2	0	-5024301203590270156800
3	12	2	1	30145807221541620940800
3	12	2	2	-75364518053854052352000
3	12	2	3	90437421664624862822400
3	12	2	4	-45218710832312431411200
3	12	3	0	-3112302615215682355200
3	12	3	1	23342269614117617664000
3	12	3	2	-65358354919529329459200
3	12	3	3	84032170610823423590400
3	12	3	4	-42016085305411711795200
3	12	4	0	-1863118157378066841600
3	12	4	1	16768063416402601574400
3	12	4	2	-69047732944352166543360
3	12	4	3	162765446420073975644160
3	12	4	4	-226897991620474102087680
3	12	4	5	174618322092524537118720
3	12	4	6	-58206107364174845706240
3	12	5	0	1746113865254688522240
3	12	5	1	-18334195585174229483520
3	12	5	2	81194294734343016284160
3	12	5	3	-196437809841152458752000
3	12	5	4	275012933777613442252800
3	12	5	5	-212152834628444655452160
3	12	5	6	70717611542814885150720
3	12	6	0	6378393184727287726080
3	12	6	1	-76540718216727452712960
3	12	6	2	417548373477557985607680
3	12	6	3	-1346902737471107110010880
3	12	6	4	2811212863498762919608320
3	12	6	5	-3896833990406715148861440
3	12	6	6	3518144991287011568517120
3	12	6	7	-1902171709558377016197120
3	12	6	8	475542927389594254049280
3	12	7	0	3226576975703813652480
3	12	7	1	-43558789172001484308480
3	12	7	2	253858942696511294668800
3	12	7	3	-836049753089306253066240
3	12	7	4	1713789332154426064896000
3	12	7	5	-2274911700157085327032320
3	12	7	6	1958294489094624777338880
3	12	7	7	-1028563362036225429995520
3	12	7	8	257140840509056357498880
3	12	8	0	630474581609042411520
3	12	8	1	-9457118724135636172800
3	12	8	2	57932688100209721344000
3	12	8	3	-184507846099192302796800
3	12	8	4	293672179000457507635200
3	12	8	5	-48364248830503456604160
3	12	8	6	-739343484871614922752000
3	12	8	7	1514012285103326311219200
3	12	8	8	-1461591747853079386521600
3	12	8	9	722059117718165205811200
3	12	8	10	-144411823543633041162240
3	12	9	0	254138820872802140160
3	12	9	1	-4193290544401235312640
3	12	9	2	28084092255148745687040
3	12	9	3	-96088133697424683171840
3	12	9	4	158212797930507557928960
3	12	9	5	-3128501653993087303680
3	12	9	6	-512282591080644681400320
3	12	9	7	1036397485848917169930240
3	12	9	8	-1004604702024830350786560
3	12	9	9	497003553708400705536000
3	12	9	10	-99400710741680141107200
3	12	10	0	22436475167991398400
3	12	10	1	-403856553023845171200
3	12	10	2	2221211041631148441600
3	12	10	4	-49977248436700839936000
3	12	10	5	239890792496164031692800
3	12	10	6	-559745182491049407283200
3	12	10	7	719672377488492095078400
3	12	10	8	-449795235930307559424000
3	12	10	10	179918094372123023769600
3	12	10	11	-98137142384794376601600
3	12	10	12	16356190397465729433600
3	13	0	0	-353785011809597521920
3	13	0	1	1061355035428792565760
3	13	0	2	-1061355035428792565760
3	13	1	0	-149280572959783649280
3	13	1	1	671762578319026421760
3	13	1	2	-671762578319026421760
3	13	2	0	1385450385653933015040
3	13	2	1	-8312702313923598090240
3	13	2	2	20781755784808995225600
3	13	2	3	-24938106941770794270720
3	13	2	4	12469053470885397135360
3	13	3	0	1131544024237505249280
3	13	3	1	-8486580181781289369600
3	13	3	2	23762424508987610234880
3	13	3	3	-30551688654412641730560
3	13	3	4	15275844327206320865280
3	13	4	0	-990377790897137909760
3	13	4	1	8913400118074241187840
3	13	4	2	-35160344074749801922560
3	13	4	3	77261062677385193717760
3	13	4	4	-100548468248777777479680
3	13	4	5	74301524292102216744960
3	13	4	6	-24767174764034072248320
3	13	5	0	-2492515451150448721920
3	13	5	1	26171412237079711580160
3	13	5	2	-115901968478495865569280
3	13	5	3	280407988254425481216000
3	13	5	4	-392571183556195673702400
3	13	5	5	302840627314779519713280
3	13	5	6	-100946875771593173237760
3	13	6	0	-3556633293548609863680
3	13	6	1	42679599522583318364160
3	13	6	2	-231575464067449780961280
3	13	6	3	739771791645673500180480
3	13	6	4	-1524975349309023946014720
3	13	6	5	2086497376053164758794240
3	13	6	6	-1862815845133955125739520
3	13	6	7	1000557188385343033835520
3	13	6	8	-250139297096335758458880
3	13	7	0	-782638178435051028480
3	13	7	1	10565615408873188884480
3	13	7	2	-59189922726820058234880
3	13	7	3	177738341458936678318080
3	13	7	4	-309516171391391036866560
3	13	7	5	319159914886390213509120
3	13	7	6	-197025828448935031603200
3	13	7	7	77690734417261394657280
3	13	7	8	-19422683604315348664320
3	13	8	0	537531723960350146560
3	13	8	1	-8062975859405252198400
3	13	8	2	58957177999811841884160
3	13	8	3	-272085439589858483896320
3	13	8	4	862525106742661836963840
3	13	8	5	-1935059000973081087836160
3	13	8	6	3080779329087100503982080
3	13	8	7	-3415046198155155729285120
3	13	8	8	2512826802129797728174080
3	13	8	9	-1106043501727339197235200
3	13	8	10	221208700345467839447040
3	13	9	0	-33048061277487759360
3	13	9	1	545293011078548029440
3	13	9	2	-3293164197071479111680
3	13	9	3	7650438412662976020480
3	13	9	4	7777185238585159188480
3	13	9	5	-93797721055452431646720
3	13	9	6	261306326194209706475520
3	13	9	7	-391008888096898185953280
3	13	9	8	340041454457069890437120
3	13	9	9	-161526154955230229299200
3	13	9	10	32305230991046045859840
3	13	10	0	-50323184217992724480
3	13	10	1	905817315923869040640
3	13	10	2	-4981995237581279723520
3	13	10	4	112094892845578793779200
3	13	10	5	-538055485658778210140160
3	13	10	6	1255462799870482490327040
3	13	10	7	-1614166456976334630420480
3	13	10	8	1008854035610209144012800
3	13	10	10	-403541614244083657605120
3	13	10	11	220113607769500176875520
3	13	10	12	-36685601294916696145920
3	14	0	0	26897515072050954240
3	14	0	1	-80692545216152862720
3	14	0	2	80692545216152862720
3	14	1	0	18388069606395740160
3	14	1	1	-82746313228780830720
3	14	1	2	82746313228780830720
3	14	2	0	-180580975457001799680
3	14	2	1	1083485852742010798080
3	14	2	2	-2708714631855026995200
3	14	2	3	3250457558226032394240
3	14	2	4	-1625228779113016197120
3	14	3	0	-215015819135397396480
3	14	3	1	1612618643515480473600
3	14	3	2	-4515332201843345326080
3	14	3	3	5805427116655729704960
3	14	3	4	-2902713558327864852480
3	14	4	0	478226727633797775360
3	14	4	1	-4304040548704179978240
3	14	4	2	17143335581088932167680
3	14	4	3	-38299405255970893332480
3	14	4	4	50701740605988919050240
3	14	4	5	-37862445573604166860800
3	14	4	6	12620815191201388953600
3	14	5	0	996104869698066186240
3	14	5	1	-10459101131829694955520
3	14	5	2	46318876440960077660160
3	14	5	3	-112061797841032445952000
3	14	5	4	156886516977445424332800
3	14	5	5	-121026741668315041628160
3	14	5	6	40342247222771680542720
3	14	6	0	77605047303835484160
3	14	6	1	-931260567646025809920
3	14	6	2	3717155801415611842560
3	14	6	3	-4119694331890693570560
3	14	6	4	-12141712189215536578560
3	14	6	5	46641564471104183992320
3	14	6	6	-64880010231886601256960
3	14	6	7	42285276064158748508160
3	14	6	8	-10571319016039687127040
3	14	7	0	-1373998184021612298240
3	14	7	1	18548975484291766026240
3	14	7	2	-112701587652326310543360
3	14	7	3	404309700009172087603200
3	14	7	4	-934446043984332293406720
3	14	7	5	1417133446207264008437760
3	14	7	6	-1369684504455035517665280
3	14	7	7	769120019187955012730880
3	14	7	8	-192280004796988753182720
3	14	8	0	-1349462502164083507200
3	14	8	1	20241937532461252608000
3	14	8	2	-138387160528338750013440
3	14	8	3	567581299587157359329280
3	14	8	4	-1549438824595167809372160
3	14	8	5	2952445632904371602718720
3	14	8	6	-4000261642803059852574720
3	14	8	7	3838573251910649228820480
3	14	8	8	-2526310129471399573585920
3	14	8	9	1044444544329158177587200
3	14	8	10	-208888908865831635517440
3	14	9	0	-210305844493103923200
3	14	9	1	3470046434136214732800
3	14	9	2	-24526919114008245043200
3	14	9	3	96885273734916813619200
3	14	9	4	-232571975778811301068800
3	14	9	5	340340576966246242713600
3	14	9	6	-274094235950918506905600
3	14	9	7	61041271364123413708800
3	14	9	8	80560282556139621580800
3	14	9	9	-63880400264780316672000
3	14	9	10	12776080052956063334400
3	14	10	0	36803522786293186560
3	14	10	1	-662463410153277358080
3	14	10	2	3643548755843025469440
3	14	10	4	-81979847006468073062400
3	14	10	5	393503265631046750699520
3	14	10	6	-918174286472442418298880
3	14	10	7	1180509796893140252098560
3	14	10	8	-737818623058212657561600
3	14	10	10	295127449223285063024640
3	14	10	11	-160978608667246398013440
3	14	10	12	26829768111207733002240
3	15	0	0	-444983069402726400
3	15	0	1	1334949208208179200
3	15	0	2	-1334949208208179200
3	15	1	0	-1043998739752550400
3	15	1	1	4697994328886476800
3	15	1	2	-4697994328886476800
3	15	2	0	7325105911706419200
3	15	2	1	-43950635470238515200
3	15	2	2	109876588675596288000
3	15	2	3	-131851906410715545600
3	15	2	4	65925953205357772800
3	15	3	0	16840897703549337600
3	15	3	1	-126306732776620032000
3	15	3	2	353658851774536089600
3	15	3	3	-454704237995832115200
3	15	3	4	227352118997916057600
3	15	4	0	-49290432303071232000
3	15	4	1	443613890727641088000
3	15	4	2	-1768910389276468838400
3	15	4	3	3959253974744196710400
3	15	4	4	-5251279431488451379200
3	15	4	5	3925982932939623628800
3	15	4	6	-1308660977646541209600
3	15	5	0	-125553684505323110400
3	15	5	1	1318313687305892659200
3	15	5	2	-5838246329497524633600
3	15	5	3	14124789506848849920000
3	15	5	4	-19774705309588389888000
3	15	5	5	15254772667396757913600
3	15	5	6	-5084924222465585971200
3	15	6	0	115832515912217395200
3	15	6	1	-1389990190946608742400
3	15	6	2	7866752995570168627200
3	15	6	3	-27016085945313342259200
3	15	6	4	60708560946077682892800
3	15	6	5	-90364149541220489625600
3	15	6	6	86327263135598955724800
3	15	6	7	-48176468533021822156800
3	15	6	8	12044117133255455539200
3	15	7	0	407467573705388851200
3	15	7	1	-5500812245022749491200
3	15	7	2	33211893285809396121600
3	15	7	3	-117690765210043180646400
3	15	7	4	267750557313513239347200
3	15	7	5	-399740476934677384396800
3	15	7	6	381670604452371470745600
3	15	7	7	-212934667549267722240000
3	15	7	8	53233666887316930560000
3	15	8	0	14020389632873594880
3	15	8	1	-210305844493103923200
3	15	8	2	141299239268804198400
3	15	8	3	9660924731401961472000
3	15	8	4	-66877258548807047577600
3	15	8	5	226030149603547687157760
3	15	8	6	-461476743394274102476800
3	15	8	7	597991524700860186624000
3	15	8	8	-483272972558692201267200
3	15	8	9	222516727588984769740800
3	15	8	10	-44503345517796953948160
3	15	9	0	-517001867712213811200
3	15	9	1	8530530817251527884800
3	15	9	2	-65135663274098530713600
3	15	9	3	303520624035852032409600
3	15	9	4	-954124756177010452070400
3	15	9	5	2107254703734440696217600
3	15	9	6	-3299688842010339940761600
3	15	9	7	3606048594946848876134400
3	15	9	8	-2626282955885780769177600
3	15	9	9	1149847204766045700096000
3	15	9	10	-229969440953209140019200
3	15	10	0	-394323458424569856000
3	15	10	1	7097822251642257408000
3	15	10	2	-57019172088192801177600
3	15	10	3	269717245562405781504000
3	15	10	4	-833166035305273648742400
3	15	10	5	1757420789506622934220800
3	15	10	6	-2559001515792088537497600
3	15	10	7	2512629077081359122432000
3	15	10	8	-1519288852964025198182400
3	15	10	9	383282401588681900032000
3	15	10	10	134148840556038665011200
3	15	10	11	-114984720476604570009600
3	15	10	12	19164120079434095001600
3	15	11	0	-105152922246551961600
3	15	11	1	2050481983807763251200
3	15	11	2	-16719314637201761894400
3	15	11	3	72870975116860509388800
3	15	11	4	-167981793288866758656000
3	15	11	5	89432560370692443340800
3	15	11	6	671927173155467034624000
3	15	11	7	-2379190018750484683161600
3	15	11	8	4172099919515318904422400
3	15	11	9	-4492921485289548939264000
3	15	11	10	3006637505795660238028800
3	15	11	11	-1149847204766045700096000
3	15	11	12	191641200794340950016000
3	15	13	0	-7010194816436797440
3	15	13	1	157729383369827942400
3	15	13	2	-1104105683588795596800
3	15	13	4	43060121659963028275200
3	15	13	5	-284196802955755986616320
3	15	13	6	947322676519186622054400
3	15	13	7	-1826979447572717056819200
3	15	13	8	1826979447572717056819200
3	15	13	10	-2557771226601803879546880
3	15	13	11	3487869854457005290291200
3	15	13	12	-2325246569638003526860800
3	15	13	13	804893043336231990067200
3	15	13	14	-114984720476604570009600
4	3	0	0	243500152108194201600
4	3	0	1	-730500456324582604800
4	3	0	2	730500456324582604800
4	3	1	0	30471033799224852480
4	3	1	1	-137119652096511836160
4	3	1	2	137119652096511836160
4	4	0	0	-2307066443666738380800
4	4	0	1	6921199331000215142400
4	4	0	2	-6921199331000215142400
4	4	1	0	-373289714332163112960
4	4	1	1	1679803714494734008320
4	4	1	2	-1679803714494734008320
4	4	2	0	-45177931124378173440
4	4	2	1	271067586746269040640
4	4	2	2	-677668966865672601600
4	4	2	3	813202760238807121920
4	4	2	4	-406601380119403560960
4	5	0	0	10802750459963784560640
4	5	0	1	-32408251379891353681920
4	5	0	2	32408251379891353681920
4	5	1	0	2133328502860456919040
4	5	1	1	-9599978262872056135680
4	5	1	2	9599978262872056135680
4	5	2	0	784298796570975928320
4	5	2	1	-4705792779425855569920
4	5	2	2	11764481948564638924800
4	5	2	3	-14117378338277566709760
4	5	2	4	7058689169138783354880
4	5	3	0	100167908195680911360
4	5	3	1	-751259311467606835200
4	5	3	2	2103526072109299138560
4	5	3	3	-2704533521283384606720
4	5	3	4	1352266760641692303360
4	6	0	0	-31547398042116481351680
4	6	0	1	94642194126349444055040
4	6	0	2	-94642194126349444055040
4	6	1	0	-7009349085301340897280
4	6	1	1	31542070883856034037760
4	6	1	2	-31542070883856034037760
4	6	2	0	-3205894403372687032320
4	6	2	1	19235366420236122193920
4	6	2	2	-48088416050590305484800
4	6	2	3	57706099260708366581760
4	6	2	4	-28853049630354183290880
4	6	3	0	-432932491551634882560
4	6	3	1	3246993686637261619200
4	6	3	2	-9091582322584332533760
4	6	3	3	11689177271894141829120
4	6	3	4	-5844588635947070914560
4	6	4	0	263647842000867164160
4	6	4	1	-2372830578007804477440
4	6	4	2	9307941591872459243520
4	6	4	3	-20255190881117688299520
4	6	4	4	26090017574029791068160
4	6	4	5	-19154906560165136302080
4	6	4	6	6384968853388378767360
4	7	0	0	62075061221802057400320
4	7	0	1	-186225183665406172200960
4	7	0	2	186225183665406172200960
4	7	1	0	14641939539253403320320
4	7	1	1	-65888727926640314941440
4	7	1	2	65888727926640314941440
4	7	2	0	5951539395115446435840
4	7	2	1	-35709236370692678615040
4	7	2	2	89273090926731696537600
4	7	2	3	-107127709112078035845120
4	7	2	4	53563854556039017922560
4	7	3	0	692762581936939991040
4	7	3	1	-5195719364527049932800
4	7	3	2	14548014220675739811840
4	7	3	3	-18704589712297379758080
4	7	3	4	9352294856148689879040
4	7	4	0	-1723715907640633589760
4	7	4	1	15513443168765702307840
4	7	4	2	-64612445786579014778880
4	7	4	3	154973027187988554055680
4	7	4	4	-219424068474899099811840
4	7	4	5	170325065857085787340800
4	7	4	6	-56775021952361929113600
4	7	5	0	102310146215006699520
4	7	5	1	-1074256535257570344960
4	7	5	2	4757421798997811527680
4	7	5	3	-11509891449188253696000
4	7	5	4	16113848028863555174400
4	7	5	5	-12430682765123313991680
4	7	5	6	4143560921707771330560
4	8	0	0	-85001857403674511278080
4	8	0	1	255005572211023533834240
4	8	0	2	-255005572211023533834240
4	8	1	0	-20596983618014281728000
4	8	1	1	92686426281064267776000
4	8	1	2	-92686426281064267776000
4	8	2	0	-3590575985199950069760
4	8	2	1	21543455911199700418560
4	8	2	2	-53858639777999251046400
4	8	2	3	64630367733599101255680
4	8	2	4	-32315183866799550627840
4	8	3	0	684793962047943475200
4	8	3	1	-5135954715359576064000
4	8	3	2	14380673203006812979200
4	8	3	3	-18489436975294473830400
4	8	3	4	9244718487647236915200
4	8	4	0	6918965989938277908480
4	8	4	1	-62270693909444501176320
4	8	4	2	263776892657984172195840
4	8	4	3	-648600947306237515530240
4	8	4	4	938271848176014191493120
4	8	4	5	-736765649427474520473600
4	8	4	6	245588549809158173491200
4	8	5	0	577351652689292820480
4	8	5	1	-6062192353237574615040
4	8	5	2	26846851850052116152320
4	8	5	3	-64952060927545442304000
4	8	5	4	90932885298563619225600
4	8	5	5	-70148225801749077688320
4	8	5	6	23382741933916359229440
4	8	6	0	-302645059851198136320
4	8	6	1	3631740718214377635840
4	8	6	2	-19654684461063167016960
4	8	6	3	62492327525815607623680
4	8	6	4	-128037839841759005245440
4	8	6	5	174041624034578603704320
4	8	6	6	-154499895911454804541440
4	8	6	7	82702303914224517120000
4	8	6	8	-20675575978556129280000
4	9	0	0	81601701372074404085760
4	9	0	1	-244805104116223212257280
4	9	0	2	244805104116223212257280
4	9	1	0	20139267638310847119360
4	9	1	1	-90626704372398812037120
4	9	1	2	90626704372398812037120
4	9	2	0	-7724165524673223720960
4	9	2	1	46344993148039342325760
4	9	2	2	-115862482870098355814400
4	9	2	3	139034979444118026977280
4	9	2	4	-69517489722059013488640
4	9	3	0	-5801429716761260851200
4	9	3	1	43510722875709456384000
4	9	3	2	-121830024051986477875200
4	9	3	3	156638602352554042982400
4	9	3	4	-78319301176277021491200
4	9	4	0	-17798850936073334292480
4	9	4	1	160189658424660008632320
4	9	4	2	-671554894978303288934400
4	9	4	3	1626484493499919604121600
4	9	4	4	-2322627297731542410854400
4	9	4	5	1811262061177899130552320
4	9	4	6	-603754020392633043517440
4	9	5	0	-3963524909455292497920
4	9	5	1	41617011549280571228160
4	9	5	2	-184303908289671101153280
4	9	5	3	445896552313720406016000
4	9	5	4	-624255173239208568422400
4	9	5	5	481568276498818038497280
4	9	5	6	-160522758832939346165760
4	9	6	0	2511900012005755453440
4	9	6	1	-30142800144069065441280
4	9	6	2	161649261872305416437760
4	9	6	3	-505345152312573186539520
4	9	6	4	1012333382228110674493440
4	9	6	5	-1342317622294592933068800
4	9	6	6	1165313632445537703690240
4	9	6	7	-615320935726291479429120
4	9	6	8	153830233931572869857280
4	9	7	0	736821548027624816640
4	9	7	1	-9947090898372935024640
4	9	7	2	52934739373257381642240
4	9	7	3	-138036945687539236208640
4	9	7	4	167235904467907777658880
4	9	7	5	-28438185332160237404160
4	9	7	6	-139558492583955844300800
4	9	7	7	127746760881150791516160
4	9	7	8	-31936690220287697879040
4	10	0	0	-54073910324551892336640
4	10	0	1	162221730973655677009920
4	10	0	2	-162221730973655677009920
4	10	1	0	-13857541928606068899840
4	10	1	1	62358938678727310049280
4	10	1	2	-62358938678727310049280
4	10	2	0	21088043913150285742080
4	10	2	1	-126528263478901714452480
4	10	2	2	316320658697254286131200
4	10	2	3	-379584790436705143357440
4	10	2	4	189792395218352571678720
4	10	3	0	12580738278167276421120
4	10	3	1	-94355537086254573158400
4	10	3	2	264195503841512804843520
4	10	3	3	-339679933510516463370240
4	10	3	4	169839966755258231685120
4	10	4	0	27502154606193892392960
4	10	4	1	-247519391455745031536640
4	10	4	2	1024059681695366255738880
4	10	4	3	-2431567218336022061383680
4	10	4	4	3412000203809960063139840
4	10	4	5	-2635459913570338838937600
4	10	4	6	878486637856779612979200
4	10	5	0	7805965073417062318080
4	10	5	1	-81962633270879154339840
4	10	5	2	362977375913893397790720
4	10	5	3	-878171070759419510784000
4	10	5	4	1229439499063187315097600
4	10	5	5	-948424756420173071646720
4	10	5	6	316141585473391023882240
4	10	6	0	-7895747686132623605760
4	10	6	1	94748972233591483269120
4	10	6	2	-513289025876839083540480
4	10	6	3	1635008607533420028887040
4	10	6	4	-3357917260065795704094720
4	10	6	5	4576152323467868960194560
4	10	6	6	-4071478734337566541086720
4	10	6	7	2182366822727094475161600
4	10	6	8	-545591705681773618790400
4	10	7	0	-3405394719853856686080
4	10	7	1	45972828718027065262080
4	10	7	2	-253570479920386859335680
4	10	7	3	731631233006925282017280
4	10	7	4	-1169864038491260882780160
4	10	7	5	1001142173735753109995520
4	10	7	6	-394187503495909736448000
4	10	7	7	51834381929136028385280
4	10	7	8	-12958595482284007096320
4	10	8	0	-188639720403841843200
4	10	8	1	2829595806057627648000
4	10	8	2	-16495178583498345676800
4	10	8	3	45143969474868255129600
4	10	8	4	-34207343357090542387200
4	10	8	5	-151540455023730229248000
4	10	8	6	546528413474117753241600
4	10	8	7	-865509225345724081766400
4	10	8	8	766819271804792183193600
4	10	8	9	-366961310312240775168000
4	10	8	10	73392262062448155033600
4	11	0	0	23743823690079393546240
4	11	0	1	-71231471070238180638720
4	11	0	2	71231471070238180638720
4	11	1	0	6669122440551373209600
4	11	1	1	-30011050982481179443200
4	11	1	2	30011050982481179443200
4	11	2	0	-23459105091024133816320
4	11	2	1	140754630546144802897920
4	11	2	2	-351886576365362007244800
4	11	2	3	422263891638434408693760
4	11	2	4	-211131945819217204346880
4	11	3	0	-14373297693264760012800
4	11	3	1	107799732699485700096000
4	11	3	2	-301839251558559960268800
4	11	3	3	388079037718148520345600
4	11	3	4	-194039518859074260172800
4	11	4	0	-22806412200079943270400
4	11	4	1	205257709800719489433600
4	11	4	2	-843019487923598304215040
4	11	4	3	1979251280530797483786240
4	11	4	4	-2748944950977998377451520
4	11	4	5	2111183172855119562670080
4	11	4	6	-703727724285039854223360
4	11	5	0	-4069112959693970472960
4	11	5	1	42725686076786689966080
4	11	5	2	-189213752625769626992640
4	11	5	3	457775207965571678208000
4	11	5	4	-640885291151800349491200
4	11	5	5	494397224602817412464640
4	11	5	6	-164799074867605804154880
4	11	6	0	15763977589161543598080
4	11	6	1	-189167731069938523176960
4	11	6	2	1032409489052303055912960
4	11	6	3	-3332901872767664023142400
4	11	6	4	6963222631124948578467840
4	11	6	5	-9662158281343921563893760
4	11	6	6	8730773173205609993994240
4	11	6	7	-4722903210935116690882560
4	11	6	8	1180725802733779172720640
4	11	7	0	8367428235107562946560
4	11	7	1	-112960281173952099778560
4	11	7	2	645578328000668652011520
4	11	7	3	-2034240634701032655421440
4	11	7	4	3876973737760293063229440
4	11	7	5	-4656381894305910085386240
4	11	7	6	3593056947792266699735040
4	11	7	7	-1749368271163111432519680
4	11	7	8	437342067790777858129920
4	11	8	0	1581395953192513044480
4	11	8	1	-23720939297887695667200
4	11	8	2	148241765965015988305920
4	11	8	3	-497970469494256293642240
4	11	8	4	924213935223565115719680
4	11	8	5	-701719177084406857728000
4	11	8	6	-717100781888089400279040
4	11	8	7	2355312476707679801180160
4	11	8	8	-2514032456936992895139840
4	11	8	9	1283469558506715296563200
4	11	8	10	-256693911701343059312640
4	11	9	0	386696982745149603840
4	11	9	1	-6380500215294968463360
4	11	9	2	41814622850567708344320
4	11	9	3	-133813643950253691371520
4	11	9	4	168209417588548546068480
4	11	9	5	236230539158648185159680
4	11	9	6	-1277535662107272287354880
4	11	9	7	2232474912887170368798720
4	11	9	8	-2064292209629623882874880
4	11	9	9	1004115654271887527116800
4	11	9	10	-200823130854377505423360
4	12	0	0	-6453680031983169699840
4	12	0	1	19361040095949509099520
4	12	0	2	-19361040095949509099520
4	12	1	0	-2184106449995531550720
4	12	1	1	9828479024979891978240
4	12	1	2	-9828479024979891978240
4	12	2	0	13663681123674300088320
4	12	2	1	-81982086742045800529920
4	12	2	2	204955216855114501324800
4	12	2	3	-245946260226137401589760
4	12	2	4	122973130113068700794880
4	12	3	0	9392727003342349271040
4	12	3	1	-70445452525067619532800
4	12	3	2	197247267070189334691840
4	12	3	3	-253603629090243430318080
4	12	3	4	126801814545121715159040
4	12	4	0	6418863699015688519680
4	12	4	1	-57769773291141196677120
4	12	4	2	239708309566022221824000
4	12	4	3	-571703258029015380787200
4	12	4	4	805417092712641016627200
4	12	4	5	-623478556437759991480320
4	12	4	6	207826185479253330493440
4	12	5	0	-5535600818268741304320
4	12	5	1	58123808591821783695360
4	12	5	2	-257405438049496470650880
4	12	5	3	622755092055233396736000
4	12	5	4	-871857128877326755430400
4	12	5	5	672575499419652068474880
4	12	5	6	-224191833139884022824960
4	12	6	0	-19278121807860769751040
4	12	6	1	231337461694329237012480
4	12	6	2	-1262191821357877328609280
4	12	6	3	4072596348849524991590400
4	12	6	4	-8503074499136355167109120
4	12	6	5	11790891892189369026478080
4	12	6	6	-10648231134955552710328320
4	12	6	7	5758229003622082601287680
4	12	6	8	-1439557250905520650321920
4	12	7	0	-9983634427670157066240
4	12	7	1	134779064773547120394240
4	12	7	2	-781240135667984577331200
4	12	7	3	2542300704024859005419520
4	12	7	4	-5113791787044947204505600
4	12	7	5	6624915804478182166364160
4	12	7	6	-5564548738891328929136640
4	12	7	7	2876780117770229891727360
4	12	7	8	-719195029442557472931840
4	12	8	0	-2247210390538262937600
4	12	8	1	33708155858073944064000
4	12	8	2	-207754947263247836774400
4	12	8	3	672818950822981061836800
4	12	8	4	-1127672360083167746457600
4	12	8	5	422768912741362040832000
4	12	8	6	2144603093431372008652800
4	12	8	7	-4774252640008762766131200
4	12	8	8	4712601033929044839628800
4	12	8	9	-2346025249284569432064000
4	12	8	10	469205049856913886412800
4	12	9	0	-772353991534014627840
4	12	9	1	12743840860311241359360
4	12	9	2	-84207211227340571934720
4	12	9	3	276588093498088929361920
4	12	9	4	-390509700597881587630080
4	12	9	5	-290590302845504512327680
4	12	9	6	2177082260066606650490880
4	12	9	7	-3965985401171365456773120
4	12	9	8	3720172216987649814036480
4	12	9	9	-1819117244463205633228800
4	12	9	10	363823448892641126645760
4	12	10	0	-88224457291475189760
4	12	10	1	1588040231246553415680
4	12	10	2	-8734221271856043786240
4	12	10	4	196519978616760985190400
4	12	10	5	-943295897360452728913920
4	12	10	6	2201023760507723034132480
4	12	10	7	-2829887692081358186741760
4	12	10	8	1768679807550848866713600
4	12	10	10	-707471923020339546685440
4	12	10	11	385893776192912480010240
4	12	10	12	-64315629365485413335040
4	13	0	0	987654103318486056960
4	13	0	1	-2962962309955458170880
4	13	0	2	2962962309955458170880
4	13	1	0	460455766415958343680
4	13	1	1	-2072050948871812546560
4	13	1	2	2072050948871812546560
4	13	2	0	-3866801162693828935680
4	13	2	1	23200806976162973614080
4	13	2	2	-58002017440407434035200
4	13	2	3	69602420928488920842240
4	13	2	4	-34801210464244460421120
4	13	3	0	-3451151768420037427200
4	13	3	1	25883638263150280704000
4	13	3	2	-72474187136820785971200
4	13	3	3	93181097747341010534400
4	13	3	4	-46590548873670505267200
4	13	4	0	2727654284870528532480
4	13	4	1	-24548888563834756792320
4	13	4	2	96161690188707727933440
4	13	4	3	-208736812674725015715840
4	13	4	4	268146429899810191441920
4	13	4	5	-196533628274937220300800
4	13	4	6	65511209424979073433600
4	13	5	0	7804146322667124817920
4	13	5	1	-81943536388004810588160
4	13	5	2	362892804004021304033280
4	13	5	3	-877966461300051542016000
4	13	5	4	1229153045820072158822400
4	13	5	5	-948203778204055665377280
4	13	5	6	316067926068018555125760
4	13	6	0	10533858287489352990720
4	13	6	1	-126406299449872235888640
4	13	6	2	685407965560550436372480
4	13	6	3	-2186873257373978496860160
4	13	6	4	4500933785890219748229120
4	13	6	5	-6147899152744567327948800
4	13	6	6	5480803991082673656299520
4	13	6	7	-2941289377286701040271360
4	13	6	8	735322344321675260067840
4	13	7	0	2172158936693059092480
4	13	7	1	-29324145645356297748480
4	13	7	2	161150139371661085900800
4	13	7	3	-460462346297476896522240
4	13	7	4	719869160060532817920000
4	13	7	5	-580879435733106237112320
4	13	7	6	182482897642623734906880
4	13	7	7	9551640801495723540480
4	13	7	8	-2387910200373930885120
4	13	8	0	-1404292240192642744320
4	13	8	1	21064383602889641164800
4	13	8	2	-155604731021221271961600
4	13	8	3	729780057698614640640000
4	13	8	4	-2354460304715000945049600
4	13	8	5	5368174226631703249551360
4	13	8	6	-8661573891139784461516800
4	13	8	7	9699174106869144748032000
4	13	8	8	-7185708500736699216691200
4	13	8	9	3173943316012942019788800
4	13	8	10	-634788663202588403957760
4	13	9	0	82620153193719398400
4	13	9	1	-1363232527696370073600
4	13	9	2	7984486713871218769920
4	13	9	3	-15772375017756473425920
4	13	9	4	-39068441622253739704320
4	13	9	5	299705544575594319052800
4	13	9	6	-788035715488581628723200
4	13	9	7	1154896798310785477509120
4	13	9	8	-995058911076838728007680
4	13	9	9	470889807666094905753600
4	13	9	10	-94177961533218981150720
4	13	10	0	181013244724421591040
4	13	10	1	-3258238405039588638720
4	13	10	2	17920311227717737512960
4	13	10	4	-403207002623649094041600
4	13	10	5	1935393612593515651399680
4	13	10	6	-4515918429384869853265920
4	13	10	7	5806180837780546954199040
4	13	10	8	-3628863023612841846374400
4	13	10	10	1451545209445136738549760
4	13	10	11	-791751932424620039208960
4	13	10	12	131958655404103339868160
4	14	0	0	-74764001553033461760
4	14	0	1	224292004659100385280
4	14	0	2	-224292004659100385280
4	14	1	0	-56369086053262295040
4	14	1	1	253660887239680327680
4	14	1	2	-253660887239680327680
4	14	2	0	513181859208725790720
4	14	2	1	-3079091155252354744320
4	14	2	2	7697727888130886860800
4	14	2	3	-9237273465757064232960
4	14	2	4	4618636732878532116480
4	14	3	0	654138803808758661120
4	14	3	1	-4906041028565689958400
4	14	3	2	13736914879983931883520
4	14	3	3	-17661747702836483850240
4	14	3	4	8830873851418241925120
4	14	4	0	-1404667786343523287040
4	14	4	1	12642010077091709583360
4	14	4	2	-50297066156780704235520
4	14	4	3	112152245784308581662720
4	14	4	4	-148181456954480771727360
4	14	4	5	110526400874791777075200
4	14	4	6	-36842133624930592358400
4	14	5	0	-3052282636794184335360
4	14	5	1	32048967686338935521280
4	14	5	2	-141931142610929571594240
4	14	5	3	343381796639345737728000
4	14	5	4	-480734515295084032819200
4	14	5	5	370852340370493396746240
4	14	5	6	-123617446790164465582080
4	14	6	0	-183634243902442045440
4	14	6	1	2203610926829304545280
4	14	6	2	-7757656838739370967040
4	14	6	3	405167353531245527040
4	14	6	4	64026792848720438231040
4	14	6	5	-181997034809922032762880
4	14	6	6	235535316568871943536640
4	14	6	7	-149888261399055370813440
4	14	6	8	37472065349763842703360
4	14	7	0	4225394925607279656960
4	14	7	1	-57042831495698275368960
4	14	7	2	346882403141509856624640
4	14	7	3	-1246466310166525929062400
4	14	7	4	2886844010743568038625280
4	14	7	5	-4386933254516900930519040
4	14	7	6	4246644797713191712849920
4	14	7	7	-2386571753892192630865920
4	14	7	8	596642938473048157716480
4	14	8	0	3960760071286790553600
4	14	8	1	-59411401069301858304000
4	14	8	2	405522901849591680860160
4	14	8	3	-1658059164452799821905920
4	14	8	4	4505949932355896727306240
4	14	8	5	-8536444354716368350740480
4	14	8	6	11487896292505510037422080
4	14	8	7	-10945480716035008726302720
4	14	8	8	7158490887338169603194880
4	14	8	9	-2948080472219611614412800
4	14	8	10	589616094443922322882560
4	14	9	0	630917533479311769600
4	14	9	1	-10410139302408644198400
4	14	9	2	73107569191915251302400
4	14	9	3	-284267781178272409190400
4	14	9	4	660334063477784680857600
4	14	9	5	-896809841494999223500800
4	14	9	6	565578136418360544460800
4	14	9	7	154732525085801211494400
4	14	9	8	-517786133257302677913600
4	14	9	9	319402001323901583360000
4	14	9	10	-63880400264780316672000
4	14	10	0	-120925860583534755840
4	14	10	1	2176665490503625605120
4	14	10	2	-11971660197769940828160
4	14	10	4	269362354449823668633600
4	14	10	5	-1292939301359153609441280
4	14	10	6	3016858369838025088696320
4	14	10	7	-3878817904077460828323840
4	14	10	8	2424261190048413017702400
4	14	10	10	-969704476019365207080960
4	14	10	11	528929714192381022044160
4	14	10	12	-88154952365396837007360
4	15	0	0	1334949208208179200
4	15	0	1	-4004847624624537600
4	15	0	2	4004847624624537600
4	15	1	0	3131996219257651200
4	15	1	1	-14093982986659430400
4	15	1	2	14093982986659430400
4	15	2	0	-21975317735119257600
4	15	2	1	131851906410715545600
4	15	2	2	-329629766026788864000
4	15	2	3	395555719232146636800
4	15	2	4	-197777859616073318400
4	15	3	0	-50522693110648012800
4	15	3	1	378920198329860096000
4	15	3	2	-1060976555323608268800
4	15	3	3	1364112713987496345600
4	15	3	4	-682056356993748172800
4	15	4	0	147871296909213696000
4	15	4	1	-1330841672182923264000
4	15	4	2	5306731167829406515200
4	15	4	3	-11877761924232590131200
4	15	4	4	15753838294465354137600
4	15	4	5	-11777948798818870886400
4	15	4	6	3925982932939623628800
4	15	5	0	376661053515969331200
4	15	5	1	-3954941061917677977600
4	15	5	2	17514738988492573900800
4	15	5	3	-42374368520546549760000
4	15	5	4	59324115928765169664000
4	15	5	5	-45764318002190273740800
4	15	5	6	15254772667396757913600
4	15	6	0	-347497547736652185600
4	15	6	1	4169970572839826227200
4	15	6	2	-23600258986710505881600
4	15	6	3	81048257835940026777600
4	15	6	4	-182125682838233048678400
4	15	6	5	271092448623661468876800
4	15	6	6	-258981789406796867174400
4	15	6	7	144529405599065466470400
4	15	6	8	-36132351399766366617600
4	15	7	0	-1222402721116166553600
4	15	7	1	16502436735068248473600
4	15	7	2	-99635679857428188364800
4	15	7	3	353072295630129541939200
4	15	7	4	-803251671940539718041600
4	15	7	5	1199221430804032153190400
4	15	7	6	-1145011813357114412236800
4	15	7	7	638804002647803166720000
4	15	7	8	-159701000661950791680000
4	15	8	0	-42061168898620784640
4	15	8	1	630917533479311769600
4	15	8	2	-423897717806412595200
4	15	8	3	-28982774194205884416000
4	15	8	4	200631775646421142732800
4	15	8	5	-678090448810643061473280
4	15	8	6	1384430230182822307430400
4	15	8	7	-1793974574102580559872000
4	15	8	8	1449818917676076603801600
4	15	8	9	-667550182766954309222400
4	15	8	10	133510036553390861844480
4	15	9	0	1551005603136641433600
4	15	9	1	-25591592451754583654400
4	15	9	2	195406989822295592140800
4	15	9	3	-910561872107556097228800
4	15	9	4	2862374268531031356211200
4	15	9	5	-6321764111203322088652800
4	15	9	6	9899066526031019822284800
4	15	9	7	-10818145784840546628403200
4	15	9	8	7878848867657342307532800
4	15	9	9	-3449541614298137100288000
4	15	9	10	689908322859627420057600
4	15	10	0	1182970375273709568000
4	15	10	1	-21293466754926772224000
4	15	10	2	171057516264578403532800
4	15	10	3	-809151736687217344512000
4	15	10	4	2499498105915820946227200
4	15	10	5	-5272262368519868802662400
4	15	10	6	7677004547376265612492800
4	15	10	7	-7537887231244077367296000
4	15	10	8	4557866558892075594547200
4	15	10	9	-1149847204766045700096000
4	15	10	10	-402446521668115995033600
4	15	10	11	344954161429813710028800
4	15	10	12	-57492360238302285004800
4	15	11	0	315458766739655884800
4	15	11	1	-6151445951423289753600
4	15	11	2	50157943911605285683200
4	15	11	3	-218612925350581528166400
4	15	11	4	503945379866600275968000
4	15	11	5	-268297681112077330022400
4	15	11	6	-2015781519466401103872000
4	15	11	7	7137570056251454049484800
4	15	11	8	-12516299758545956713267200
4	15	11	9	13478764455868646817792000
4	15	11	10	-9019912517386980714086400
4	15	11	11	3449541614298137100288000
4	15	11	12	-574923602383022850048000
4	15	13	0	21030584449310392320
4	15	13	1	-473188150109483827200
4	15	13	2	3312317050766386790400
4	15	13	4	-129180364979889084825600
4	15	13	5	852590408867267959848960
4	15	13	6	-2841968029557559866163200
4	15	13	7	5480938342718151170457600
4	15	13	8	-5480938342718151170457600
4	15	13	10	7673313679805411638640640
4	15	13	11	-10463609563371015870873600
4	15	13	12	6975739708914010580582400
4	15	13	13	-2414679130008695970201600
4	15	13	14	344954161429813710028800
5	3	0	0	-453985193502619729920
5	3	0	1	1361955580507859189760
5	3	0	2	-1361955580507859189760
5	3	1	0	-62492888136776417280
5	3	1	1	281217996615493877760
5	3	1	2	-281217996615493877760
5	4	0	0	4410673763741372252160
5	4	0	1	-13232021291224116756480
5	4	0	2	13232021291224116756480
5	4	1	0	889449913307187118080
5	4	1	1	-4002524609882342031360
5	4	1	2	4002524609882342031360
5	4	2	0	262548737580922306560
5	4	2	1	-1575292425485533839360
5	4	2	2	3938231063713834598400
5	4	2	3	-4725877276456601518080
5	4	2	4	2362938638228300759040
5	5	0	0	-21208813822778136330240
5	5	0	1	63626441468334408990720
5	5	0	2	-63626441468334408990720
5	5	1	0	-5345757950911567626240
5	5	1	1	24055910779102054318080
5	5	1	2	-24055910779102054318080
5	5	2	0	-2849532702618015498240
5	5	2	1	17097196215708092989440
5	5	2	2	-42742990539270232473600
5	5	2	3	51291588647124278968320
5	5	2	4	-25645794323562139484160
5	5	3	0	-340391059035374223360
5	5	3	1	2552932942765306675200
5	5	3	2	-7148212239742858690560
5	5	3	3	9190558593955104030720
5	5	3	4	-4595279296977552015360
5	6	0	0	63137646938216878571520
5	6	0	1	-189412940814650635714560
5	6	0	2	189412940814650635714560
5	6	1	0	17575739960865891287040
5	6	1	1	-79090829823896510791680
5	6	1	2	79090829823896510791680
5	6	2	0	11339644462625854586880
5	6	2	1	-68037866775755127521280
5	6	2	2	170094666939387818803200
5	6	2	3	-204113600327265382563840
5	6	2	4	102056800163632691281920
5	6	3	0	1956916826928284958720
5	6	3	1	-14676876201962137190400
5	6	3	2	41095253365493984133120
5	6	3	3	-52836754327063693885440
5	6	3	4	26418377163531846942720
5	6	4	0	-378160529853980344320
5	6	4	1	3403444768685823098880
5	6	4	2	-14498386609316529438720
5	6	4	3	35938648125611830149120
5	6	4	4	-52341235173681958748160
5	6	4	5	41246293333051252408320
5	6	4	6	-13748764444350417469440
5	7	0	0	-125663880142721840578560
5	7	0	1	376991640428165521735680
5	7	0	2	-376991640428165521735680
5	7	1	0	-36055179712559115141120
5	7	1	1	162248308706516018135040
5	7	1	2	-162248308706516018135040
5	7	2	0	-23898240864729075548160
5	7	2	1	143389445188374453288960
5	7	2	2	-358473612970936133222400
5	7	2	3	430168335565123359866880
5	7	2	4	-215084167782561679933440
5	7	3	0	-5189886211993601310720
5	7	3	1	38924146589952009830400
5	7	3	2	-108987610451865627525120
5	7	3	3	140126927723827235389440
5	7	3	4	-70063463861913617694720
5	7	4	0	2967204582189894205440
5	7	4	1	-26704841239709047848960
5	7	4	2	123981945474647410606080
5	7	4	3	-343319054252248745902080
5	7	4	4	543571641582054423920640
5	7	4	5	-446294537347116061163520
5	7	4	6	148764845782372020387840
5	7	5	0	-506190170873281904640
5	7	5	1	5314996794169459998720
5	7	5	2	-23537842945607608565760
5	7	5	3	56946394223244214272000
5	7	5	4	-79724951912541899980800
5	7	5	5	61502105761103751413760
5	7	5	6	-20500701920367917137920
5	8	0	0	173043134838016353239040
5	8	0	1	-519129404514049059717120
5	8	0	2	519129404514049059717120
5	8	1	0	49572929973948147302400
5	8	1	1	-223078184882766662860800
5	8	1	2	223078184882766662860800
5	8	2	0	26200501716935057080320
5	8	2	1	-157203010301610342481920
5	8	2	2	393007525754025856204800
5	8	2	3	-471609030904831027445760
5	8	2	4	235804515452415513722880
5	8	3	0	5973516518360906465280
5	8	3	1	-44801373887706798489600
5	8	3	2	125443846885579035770880
5	8	3	3	-161284945995744474562560
5	8	3	4	80642472997872237281280
5	8	4	0	-14162757734264136007680
5	8	4	1	127464819608377224069120
5	8	4	2	-575984689977232415784960
5	8	4	3	1543935845737736133672960
5	8	4	4	-2389208185368932442439680
5	8	4	5	1940688315000077250723840
5	8	4	6	-646896105000025750241280
5	8	5	0	338417636232910602240
5	8	5	1	-3553385180445561323520
5	8	5	2	15736420084830343004160
5	8	5	3	-38071984076202442752000
5	8	5	4	53300777706683419852800
5	8	5	5	-41117742802298638172160
5	8	5	6	13705914267432879390720
5	8	6	0	1457283366857515991040
5	8	6	1	-17487400402290191892480
5	8	6	2	89777355069448960081920
5	8	6	3	-257143082952899596124160
5	8	6	4	451179262520598598778880
5	8	6	5	-502488668846520784650240
5	8	6	6	359761895604743967866880
5	8	6	7	-164799147990774605414400
5	8	6	8	41199786997693651353600
5	9	0	0	-166379798719573964881920
5	9	0	1	499139396158721894645760
5	9	0	2	-499139396158721894645760
5	9	1	0	-47481691452922165985280
5	9	1	1	213667611538149746933760
5	9	1	2	-213667611538149746933760
5	9	2	0	-4114892577139410862080
5	9	2	1	24689355462836465172480
5	9	2	2	-61723388657091162931200
5	9	2	3	74068066388509395517440
5	9	2	4	-37034033194254697758720
5	9	3	0	3898992358855425392640
5	9	3	1	-29242442691415690444800
5	9	3	2	81878839535963933245440
5	9	3	3	-105272793689096485601280
5	9	3	4	52636396844548242800640
5	9	4	0	40175385568098228633600
5	9	4	1	-361578470112884057702400
5	9	4	2	1563313875460303513190400
5	9	4	3	-3956206201068560213606400
5	9	4	4	5859941576468583363379200
5	9	4	5	-4658206171121163907891200
5	9	4	6	1552735390373721302630400
5	9	5	0	6228956510352624844800
5	9	5	1	-65404043358702560870400
5	9	5	2	289646477731397055283200
5	9	5	3	-700757607414670295040000
5	9	5	4	981060650380538413056000
5	9	5	5	-756818216007843918643200
5	9	5	6	252272738669281306214400
5	9	6	0	-8239892401166462484480
5	9	6	1	98878708813997549813760
5	9	6	2	-517300595416462314700800
5	9	6	3	1541026031107238013173760
5	9	6	4	-2880012308077583165030400
5	9	6	5	3508721364779697249976320
5	9	6	6	-2798444144511466183065600
5	9	6	7	1396174591072771799777280
5	9	6	8	-349043647768192949944320
5	9	7	0	-2040255573237631549440
5	9	7	1	27543450238708025917440
5	9	7	2	-145152999982602607656960
5	9	7	3	367281589791590291865600
5	9	7	4	-399749446710050338897920
5	9	7	5	-60002824869587126845440
5	9	7	6	552222953367684639621120
5	9	7	7	-456190295780990512005120
5	9	7	8	114047573945247628001280
5	10	0	0	110093884101996104908800
5	10	0	1	-330281652305988314726400
5	10	0	2	330281652305988314726400
5	10	1	0	32170232080111364997120
5	10	1	1	-144766044360501142487040
5	10	1	2	144766044360501142487040
5	10	2	0	-29540587516742514769920
5	10	2	1	177243525100455088619520
5	10	2	2	-443108812751137721548800
5	10	2	3	531730575301365265858560
5	10	2	4	-265865287650682632929280
5	10	3	0	-21858085948692942028800
5	10	3	1	163935644615197065216000
5	10	3	2	-459019804922551782604800
5	10	3	3	590168320614709434777600
5	10	3	4	-295084160307354717388800
5	10	4	0	-64763186490797300121600
5	10	4	1	582868678417175701094400
5	10	4	2	-2447875903048156572549120
5	10	4	3	5944225242031303918878720
5	10	4	4	-8507639602939007399362560
5	10	4	5	6642632378308026527907840
5	10	4	6	-2214210792769342175969280
5	10	5	0	-16644371513977004359680
5	10	5	1	174765900896758545776640
5	10	5	2	-773963275399930702725120
5	10	5	3	1872491795322412990464000
5	10	5	4	-2621488513451378186649600
5	10	5	5	2022291138948206029701120
5	10	5	6	-674097046316068676567040
5	10	6	0	20722829795194809876480
5	10	6	1	-248673957542337718517760
5	10	6	2	1335297700592113617469440
5	10	6	3	-4184449642745384423915520
5	10	6	4	8409870635709127364444160
5	10	6	5	-11192168160824912227860480
5	10	6	6	9749044692976954150748160
5	10	6	7	-5158561690887414349824000
5	10	6	8	1289640422721853587456000
5	10	7	0	8968042083027360153600
5	10	7	1	-121068568120869362073600
5	10	7	2	663114823840145111777280
5	10	7	3	-1877825789245010466570240
5	10	7	4	2873524674295197817896960
5	10	7	5	-2182314174045557568307200
5	10	7	6	495404788745729967390720
5	10	7	7	198885659373819333181440
5	10	7	8	-49721414843454833295360
5	10	8	0	753461131328178094080
5	10	8	1	-11301916969922671411200
5	10	8	2	68605326940042501816320
5	10	8	3	-212960406904685765591040
5	10	8	4	310748898020635736801280
5	10	8	5	66600582144187170816000
5	10	8	6	-1127339308423667609763840
5	10	8	7	2118463608033648165519360
5	10	8	8	-1993617789505180941680640
5	10	8	9	976001258331179266867200
5	10	8	10	-195200251666235853373440
5	11	0	0	-48156556462228619919360
5	11	0	1	144469669386685859758080
5	11	0	2	-144469669386685859758080
5	11	1	0	-15320200638281251553280
5	11	1	1	68940902872265631989760
5	11	1	2	-68940902872265631989760
5	11	2	0	42290366700564554711040
5	11	2	1	-253742200203387328266240
5	11	2	2	634355500508468320665600
5	11	2	3	-761226600610161984798720
5	11	2	4	380613300305080992399360
5	11	3	0	29908555037967667691520
5	11	3	1	-224314162784757507686400
5	11	3	2	628079655797321021521920
5	11	3	3	-807530986025127027671040
5	11	3	4	403765493012563513835520
5	11	4	0	54712098196795907112960
5	11	4	1	-492408883771163164016640
5	11	4	2	2039874214246208891781120
5	11	4	3	-4853112028909805890437120
5	11	4	4	6822009434354189032488960
5	11	4	5	-5274544103879143304724480
5	11	4	6	1758181367959714434908160
5	11	5	0	9774023704658250301440
5	11	5	1	-102627248898911628165120
5	11	5	2	454492102266608639016960
5	11	5	3	-1099577666774053158912000
5	11	5	4	1539408733483674422476800
5	11	5	5	-1187543880115977411624960
5	11	5	6	395847960038659137208320
5	11	6	0	-36515903183497891676160
5	11	6	1	438190838201974700113920
5	11	6	2	-2389896767291675325235200
5	11	6	3	7706059502262874873528320
5	11	6	4	-16075602905373224416051200
5	11	6	5	22271759108382832554147840
5	11	6	6	-20098371908282091149721600
5	11	6	7	10863816176132411684290560
5	11	6	8	-2715954044033102921072640
5	11	7	0	-20360465675312242360320
5	11	7	1	274866286616715271864320
5	11	7	2	-1560476306520581037096960
5	11	7	3	4840617180564059471216640
5	11	7	4	-8970612584488496340664320
5	11	7	5	10315435991531570834964480
5	11	7	6	-7530263994650208459816960
5	11	7	7	3507244569262587012710400
5	11	7	8	-876811142315646753177600
5	11	8	0	-4216805511079447756800
5	11	8	1	63252082666191716352000
5	11	8	2	-395968285567054365327360
5	11	8	3	1336006962830299700920320
5	11	8	4	-2507968433796269777879040
5	11	8	5	2005855098050409324871680
5	11	8	6	1648168145483569897144320
5	11	8	7	-5945713883501759960186880
5	11	8	8	6436299562930811720171520
5	11	8	9	-3299914061370247820083200
5	11	8	10	659982812274049564016640
5	11	9	0	-913270462610575196160
5	11	9	1	15068962633074490736640
5	11	9	2	-97670844062145278115840
5	11	9	3	301401417106433129840640
5	11	9	4	-311656405294238568284160
5	11	9	5	-842365449927450238648320
5	11	9	6	3605056264797436583608320
5	11	9	7	-6046200327053801202647040
5	11	9	8	5507585010414680549621760
5	11	9	9	-2664023285767486832640000
5	11	9	10	532804657153497366528000
5	12	0	0	13041712827887816540160
5	12	0	1	-39125138483663449620480
5	12	0	2	39125138483663449620480
5	12	1	0	4979835395836131409920
5	12	1	1	-22409259281262591344640
5	12	1	2	22409259281262591344640
5	12	2	0	-26645342000561667440640
5	12	2	1	159872052003370004643840
5	12	2	2	-399680130008425011609600
5	12	2	3	479616156010110013931520
5	12	2	4	-239808078005055006965760
5	12	3	0	-20697063357121654947840
5	12	3	1	155227975178412412108800
5	12	3	2	-434638330499554753904640
5	12	3	3	558820710642284683591680
5	12	3	4	-279410355321142341795840
5	12	4	0	-16167890113005952696320
5	12	4	1	145511011017053574266880
5	12	4	2	-608208098850655363399680
5	12	4	3	1466583427848128566394880
5	12	4	4	-2086264844376376753520640
5	12	4	5	1623567756542774964387840
5	12	4	6	-541189252180924988129280
5	12	5	0	12684020691700788756480
5	12	5	1	-133182217262858281943040
5	12	5	2	589806962164086677176320
5	12	5	3	-1426952327816338735104000
5	12	5	4	1997733258942874229145600
5	12	5	5	-1541108514041645833912320
5	12	5	6	513702838013881944637440
5	12	6	0	43001466045522373509120
5	12	6	1	-516017592546268482109440
5	12	6	2	2816247263673985101987840
5	12	6	3	-9091671207858408731443200
5	12	6	4	18994790073658056753807360
5	12	6	5	-26357334819694581110538240
5	12	6	6	23816760699931457444904960
5	12	6	7	-12883699222885654635479040
5	12	6	8	3220924805721413658869760
5	12	7	0	23241684633033218457600
5	12	7	1	-313762742545948449177600
5	12	7	2	1809039116846340841144320
5	12	7	3	-5816875539956743966556160
5	12	7	4	11474437339553508611850240
5	12	7	5	-14479738738808832235929600
5	12	7	6	11827478338467391214714880
5	12	7	7	-6000770364740954688061440
5	12	7	8	1500192591185238672015360
5	12	8	0	5828534037996927713280
5	12	8	1	-87428010569953915699200
5	12	8	2	541122758846095042805760
5	12	8	3	-1772360535375629065912320
5	12	8	4	3070344750396719172157440
5	12	8	5	-1546755085136479094046720
5	12	8	6	-4680135516951986432901120
5	12	8	7	11264108196754967368826880
5	12	8	8	-11329318853706580198686720
5	12	8	9	5675527869678558904320000
5	12	8	10	-1135105573935711780864000
5	12	9	0	1769342357625498501120
5	12	9	1	-29194148900820725268480
5	12	9	2	190579907371952536289280
5	12	9	3	-602223698715960284282880
5	12	9	4	710869517935521269022720
5	12	9	5	1276182980982007387914240
5	12	9	6	-6249026447747982808842240
5	12	9	7	10745974972189754712391680
5	12	9	8	-9879356614619653126225920
5	12	9	9	4795241914381476298752000
5	12	9	10	-959048382876295259750400
5	12	10	0	249767078501013258240
5	12	10	1	-4495807413018238648320
5	12	10	2	24726940771600312565760
5	12	10	4	-556356167361007032729600
5	12	10	5	2670509603332833757102080
5	12	10	6	-6231189074443278766571520
5	12	10	7	8011528809998501271306240
5	12	10	8	-5007205506249063294566400
5	12	10	10	2002882202499625317826560
5	12	10	11	-1092481201363431991541760
5	12	10	12	182080200227238665256960
5	13	0	0	-1998729963843842211840
5	13	0	1	5996189891531526635520
5	13	0	2	-5996189891531526635520
5	13	1	0	-1043176254562731294720
5	13	1	1	4694293145532290826240
5	13	1	2	-4694293145532290826240
5	13	2	0	7828065874120865218560
5	13	2	1	-46968395244725191311360
5	13	2	2	117420988111812978278400
5	13	2	3	-140905185734175573934080
5	13	2	4	70452592867087786967040
5	13	3	0	7715431368399739944960
5	13	3	1	-57865735262998049587200
5	13	3	2	162024058736394538844160
5	13	3	3	-208316646946792978513920
5	13	3	4	104158323473396489256960
5	13	4	0	-5447766351210872832000
5	13	4	1	49029897160897855488000
5	13	4	2	-190277827436837999738880
5	13	4	3	406218507207560166113280
5	13	4	4	-512415870242979777085440
5	13	4	5	371167939967039632834560
5	13	4	6	-123722646655679877611520
5	13	5	0	-17887779542397710499840
5	13	5	1	187821685195175960248320
5	13	5	2	-831781748721493538242560
5	13	5	3	2012375198519742431232000
5	13	5	4	-2817325277927639403724800
5	13	5	5	2173365214401321825730560
5	13	5	6	-724455071467107275243520
5	13	6	0	-22889655254341228953600
5	13	6	1	274675863052094747443200
5	13	6	2	-1488284326066553912033280
5	13	6	3	4742269248458000663838720
5	13	6	4	-9743632457263739326955520
5	13	6	5	13284625075135379637534720
5	13	6	6	-11824254484201281284997120
5	13	6	7	6339468107848132633559040
5	13	6	8	-1584867026962033158389760
5	13	7	0	-4494536333738335272960
5	13	7	1	60676240505467526184960
5	13	7	2	-326162677018590833541120
5	13	7	3	876306007465567652413440
5	13	7	4	-1165466216124436331888640
5	13	7	5	491920908491362758819840
5	13	7	6	470784607800579493724160
5	13	7	7	-544078494826600354283520
5	13	7	8	136019623706650088570880
5	13	8	0	2668630948157136568320
5	13	8	1	-40029464222357048524800
5	13	8	2	299781029351921308139520
5	13	8	3	-1435781284215775077335040
5	13	8	4	4735349294252069203476480
5	13	8	5	-11009056923917575803371520
5	13	8	6	18042704722658913429749760
5	13	8	7	-20438746999384011586928640
5	13	8	8	15258457197626315778293760
5	13	8	9	-6765846965186875254374400
5	13	8	10	1353169393037375050874880
5	13	9	0	-148716275748694917120
5	13	9	1	2453818549853466132480
5	13	9	2	-13719076437817106104320
5	13	9	3	19574779795421968465920
5	13	9	4	121910167044992658309120
5	13	9	5	-710882387613230290698240
5	13	9	6	1772716596458911998935040
5	13	9	7	-2545055985025290464133120
5	13	9	8	2172131334050969372590080
5	13	9	9	-1023911558529764504371200
5	13	9	10	204782311705952900874240
5	13	10	0	-470934873204200570880
5	13	10	1	8476827717675610275840
5	13	10	2	-46622552447215856517120
5	13	10	4	1049007430062356771635200
5	13	10	5	-5035235664299312503848960
5	13	10	6	11748883216698395842314240
5	13	10	7	-15105706992897937511546880
5	13	10	8	9441066870561210944716800
5	13	10	10	-3776426748224484377886720
5	13	10	11	2059869135395173297029120
5	13	10	12	-343311522565862216171520
5	14	0	0	151438007357810933760
5	14	0	1	-454314022073432801280
5	14	0	2	454314022073432801280
5	14	1	0	126662719232142213120
5	14	1	1	-569982236544639959040
5	14	1	2	569982236544639959040
5	14	2	0	-1066165742502181601280
5	14	2	1	6396994455013089607680
5	14	2	2	-15992486137532724019200
5	14	2	3	19190983365039268823040
5	14	2	4	-9595491682519634411520
5	14	3	0	-1459106330464915292160
5	14	3	1	10943297478486864691200
5	14	3	2	-30641232939763221135360
5	14	3	3	39395870922552712888320
5	14	3	4	-19697935461276356444160
5	14	4	0	3024241857528437145600
5	14	4	1	-27218176717755934310400
5	14	4	2	108161076254648146329600
5	14	4	3	-240693806761549863321600
5	14	4	4	317366922600188529868800
5	14	4	5	-236424023063296317849600
5	14	4	6	78808007687765439283200
5	14	5	0	6855751461887174246400
5	14	5	1	-71985390349815329587200
5	14	5	2	318792442977753602457600
5	14	5	3	-771272039462307102720000
5	14	5	4	1079780855247229943808000
5	14	5	5	-832973802619291670937600
5	14	5	6	277657934206430556979200
5	14	6	0	295797360965430804480
5	14	6	1	-3549568331585169653760
5	14	6	2	9600461801110194094080
5	14	6	3	25407246234941097246720
5	14	6	4	-201582588085547386798080
5	14	6	5	492952627654369329807360
5	14	6	6	-608147325372584983265280
5	14	6	7	380425528132395891425280
5	14	6	8	-95106382033098972856320
5	14	7	0	-9523349658129389322240
5	14	7	1	128565220384746755850240
5	14	7	2	-782452095317289719562240
5	14	7	3	2816007744672178309693440
5	14	7	4	-6534769756975106233466880
5	14	7	5	9949425574906421638594560
5	14	7	6	-9645319380534809119948800
5	14	7	7	5424723590485144491786240
5	14	7	8	-1356180897621286122946560
5	14	8	0	-8520891799378927288320
5	14	8	1	127813376990683909324800
5	14	8	2	-870945508651167645696000
5	14	8	3	3549423746317080644812800
5	14	8	4	-9599883460037838058291200
5	14	8	5	18074213983583168165314560
5	14	8	6	-24145016844524049137664000
5	14	8	7	22825531687943753485516800
5	14	8	8	-14823713049776709068390400
5	14	8	9	6078220085193847131340800
5	14	8	10	-1215644017038769426268160
5	14	9	0	-1388018573654485893120
5	14	9	1	22902306465299017236480
5	14	9	2	-159795638291972688445440
5	14	9	3	611335430533947630551040
5	14	9	4	-1370494839162098008719360
5	14	9	5	1699715494600771381493760
5	14	9	6	-679521842964724250050560
5	14	9	7	-1083695501380739861053440
5	14	9	8	1746561121461610280386560
5	14	9	9	-983758164077616876748800
5	14	9	10	196751632815523375349760
5	14	10	0	289170536178017894400
5	14	10	1	-5205069651204322099200
5	14	10	2	28627883081623771545600
5	14	10	4	-644127369336534859776000
5	14	10	5	3091811372815367326924800
5	14	10	6	-7214226536569190429491200
5	14	10	7	9275434118446101980774400
5	14	10	8	-5797146324028813737984000
5	14	10	10	2318858529611525495193600
5	14	10	11	-1264831925242650270105600
5	14	10	12	210805320873775045017600
5	15	0	0	-2936888258057994240
5	15	0	1	8810664774173982720
5	15	0	2	-8810664774173982720
5	15	1	0	-6890391682366832640
5	15	1	1	31006762570650746880
5	15	1	2	-31006762570650746880
5	15	2	0	48345699017262366720
5	15	2	1	-290074194103574200320
5	15	2	2	725185485258935500800
5	15	2	3	-870222582310722600960
5	15	2	4	435111291155361300480
5	15	3	0	111149924843425628160
5	15	3	1	-833624436325692211200
5	15	3	2	2334148421711938191360
5	15	3	3	-3001047970772491960320
5	15	3	4	1500523985386245980160
5	15	4	0	-325316853200270131200
5	15	4	1	2927851678802431180800
5	15	4	2	-11674808569224694333440
5	15	4	3	26131076233311698288640
5	15	4	4	-34658444247823779102720
5	15	4	5	25911487357401515950080
5	15	4	6	-8637162452467171983360
5	15	5	0	-828654317735132528640
5	15	5	1	8700870336218891550720
5	15	5	2	-38532425774683662581760
5	15	5	3	93223610745202409472000
5	15	5	4	-130513055043283373260800
5	15	5	5	100681499604818602229760
5	15	5	6	-33560499868272867409920
5	15	6	0	764494605020634808320
5	15	6	1	-9173935260247617699840
5	15	6	2	51920569770763112939520
5	15	6	3	-178306167239068058910720
5	15	6	4	400676502244112707092480
5	15	6	5	-596403386972055231528960
5	15	6	6	569759936694953107783680
5	15	6	7	-317964692317944026234880
5	15	6	8	79491173079486006558720
5	15	7	0	2689285986455566417920
5	15	7	1	-36305360817150146641920
5	15	7	2	219198495686342014402560
5	15	7	3	-776759050386284992266240
5	15	7	4	1767153678269187379691520
5	15	7	5	-2638287147768870737018880
5	15	7	6	2519025989385651706920960
5	15	7	7	-1405368805825166966784000
5	15	7	8	351342201456291741696000
5	15	8	0	92534571576965726208
5	15	8	1	-1388018573654485893120
5	15	8	2	932574979174107709440
5	15	8	3	63762103227252945715200
5	15	8	4	-441389906422126514012160
5	15	8	5	1491798987383414735241216
5	15	8	6	-3045746506402209076346880
5	15	8	7	3946744063025677231718400
5	15	8	8	-3189601618887368528363520
5	15	8	9	1468610402087299480289280
5	15	8	10	-293722080417459896057856
5	15	9	0	-3412212326900611153920
5	15	9	1	56301503393860084039680
5	15	9	2	-429895377609050302709760
5	15	9	3	2003236118636623413903360
5	15	9	4	-6297223390768268983664640
5	15	9	5	13907881044647308595036160
5	15	9	6	-21777946357268243609026560
5	15	9	7	23799920726649202582487040
5	15	9	8	-17333467508846153076572160
5	15	9	9	7588991551455901620633600
5	15	9	10	-1517798310291180324126720
5	15	10	0	-2602534825602161049600
5	15	10	1	46845626860838898892800
5	15	10	2	-376326535782072487772160
5	15	10	3	1780133820711878157926400
5	15	10	4	-5498895833014806081699840
5	15	10	5	11598977210743711365857280
5	15	10	6	-16889410004227784347484160
5	15	10	7	16583351908736970208051200
5	15	10	8	-10027306429562566308003840
5	15	10	9	2529663850485300540211200
5	15	10	10	885382347669855189073920
5	15	10	11	-758899155145590162063360
5	15	10	12	126483192524265027010560
5	15	11	0	-694009286827242946560
5	15	11	1	13533181093131237457920
5	15	11	2	-110347476605531628503040
5	15	11	3	480948435771279361966080
5	15	11	4	-1108679835706520607129600
5	15	11	5	590254898446570126049280
5	15	11	6	4434719342826082428518400
5	15	11	7	-15702654123753198908866560
5	15	11	8	27535859468801104769187840
5	15	11	9	-29653281802911022999142400
5	15	11	10	19843807538251357570990080
5	15	11	11	-7588991551455901620633600
5	15	11	12	1264831925242650270105600
5	15	13	0	-46267285788482863104
5	15	13	1	1041013930240864419840
5	15	13	2	-7287097511686050938880
5	15	13	4	284196802955755986616320
5	15	13	5	-1875698899507989511667712
5	15	13	6	6252329665026631705559040
5	15	13	7	-12058064353979932575006720
5	15	13	8	12058064353979932575006720
5	15	13	10	-16881290095571905605009408
5	15	13	11	23019941039416234915921920
5	15	13	12	-15346627359610823277281280
5	15	13	13	5312294086019131134443520
5	15	13	14	-758899155145590162063360
6	3	0	0	550580899489083555840
6	3	0	1	-1651742698467250667520
6	3	0	2	1651742698467250667520
6	3	1	0	108627514052971069440
6	3	1	1	-488823813238369812480
6	3	1	2	488823813238369812480
6	4	0	0	-5726647058268039413760
6	4	0	1	17179941174804118241280
6	4	0	2	-17179941174804118241280
6	4	1	0	-1790993586254449213440
6	4	1	1	8059471138145021460480
6	4	1	2	-8059471138145021460480
6	4	2	0	-800905880685395312640
6	4	2	1	4805435284112371875840
6	4	2	2	-12013588210280929689600
6	4	2	3	14416305852337115627520
6	4	2	4	-7208152926168557813760
6	5	0	0	29234811476271625666560
6	5	0	1	-87704434428814876999680
6	5	0	2	87704434428814876999680
6	5	1	0	10883711349154334638080
6	5	1	1	-48976701071194505871360
6	5	1	2	48976701071194505871360
6	5	2	0	7410143492787237027840
6	5	2	1	-44460860956723422167040
6	5	2	2	111152152391808555417600
6	5	2	3	-133382582870170266501120
6	5	2	4	66691291435085133250560
6	5	3	0	972814388138889707520
6	5	3	1	-7296107911041672806400
6	5	3	2	20429102150916683857920
6	5	3	3	-26265988479750022103040
6	5	3	4	13132994239875011051520
6	6	0	0	-90604125562832289792000
6	6	0	1	271812376688496869376000
6	6	0	2	-271812376688496869376000
6	6	1	0	-34662494910273300725760
6	6	1	1	155981227096229853265920
6	6	1	2	-155981227096229853265920
6	6	2	0	-29241463653433406914560
6	6	2	1	175448781920600441487360
6	6	2	2	-438621954801501103718400
6	6	2	3	526346345761801324462080
6	6	2	4	-263173172880900662231040
6	6	3	0	-6366460566885126635520
6	6	3	1	47748454251638449766400
6	6	3	2	-133695671904587659345920
6	6	3	3	171894435305898419159040
6	6	3	4	-85947217652949209579520
6	6	4	0	-157606608666655457280
6	6	4	1	1418459477999899115520
6	6	4	2	898484687052409405440
6	6	4	3	-26667800292312943165440
6	6	4	4	68418680051677286891520
6	6	4	5	-66101735886624978370560
6	6	4	6	22033911962208326123520
6	7	0	0	184856752622061134807040
6	7	0	1	-554570257866183404421120
6	7	0	2	554570257866183404421120
6	7	1	0	68258989696003386900480
6	7	1	1	-307165453632015241052160
6	7	1	2	307165453632015241052160
6	7	2	0	65265959281973086126080
6	7	2	1	-391595755691838516756480
6	7	2	2	978989389229596291891200
6	7	2	3	-1174787267075515550269440
6	7	2	4	587393633537757775134720
6	7	3	0	18772182602924855132160
6	7	3	1	-140791369521936413491200
6	7	3	2	394215834661421957775360
6	7	3	3	-506848930278971088568320
6	7	3	4	253424465139485544284160
6	7	4	0	-1329495965142267985920
6	7	4	1	11965463686280411873280
6	7	4	2	-110493437221122720399360
6	7	4	3	483478668032530144296960
6	7	4	4	-957796136423378890260480
6	7	4	5	859268162888536581734400
6	7	4	6	-286422720962845527244800
6	7	5	0	2014092825644677201920
6	7	5	1	-21147974669269110620160
6	7	5	2	93655316392477489889280
6	7	5	3	-226585442885026185216000
6	7	5	4	317219620039036659302400
6	7	5	5	-244712278315828280033280
6	7	5	6	81570759438609426677760
6	8	0	0	-258259666067075880714240
6	8	0	1	774778998201227642142720
6	8	0	2	-774778998201227642142720
6	8	1	0	-90526307540537840762880
6	8	1	1	407368383932420283432960
6	8	1	2	-407368383932420283432960
6	8	2	0	-85091368738461371596800
6	8	2	1	510548212430768229580800
6	8	2	2	-1276370531076920573952000
6	8	2	3	1531644637292304688742400
6	8	2	4	-765822318646152344371200
6	8	3	0	-28815648935022679818240
6	8	3	1	216117367012670098636800
6	8	3	2	-605128627635476276183040
6	8	3	3	778022521245612355092480
6	8	3	4	-389011260622806177546240
6	8	4	0	17871097830522539212800
6	8	4	1	-160839880474702852915200
6	8	4	2	839049910040725574123520
6	8	4	3	-2621701253123810651013120
6	8	4	4	4474053611541318346997760
6	8	4	5	-3795843581975295625789440
6	8	4	6	1265281193991765208596480
6	8	5	0	-5871006863253244477440
6	8	5	1	61645572064159067013120
6	8	5	2	-273001819141275868200960
6	8	5	3	660488272115990003712000
6	8	5	4	-924683580962386005196800
6	8	5	5	713327333885269204008960
6	8	5	6	-237775777961756401336320
6	8	6	0	-4381531247019766579200
6	8	6	1	52578374964237198950400
6	8	6	2	-263328902210190500167680
6	8	6	3	713741308518242734571520
6	8	6	4	-1132149399216193661829120
6	8	6	5	1055433201643936253214720
6	8	6	6	-560308913373727917342720
6	8	6	7	178712439564927856803840
6	8	6	8	-44678109891231964200960
6	9	0	0	250216570682032867246080
6	9	0	1	-750649712046098601738240
6	9	0	2	750649712046098601738240
6	9	1	0	84542335161334329507840
6	9	1	1	-380440508226004482785280
6	9	1	2	380440508226004482785280
6	9	2	0	52611131435594652057600
6	9	2	1	-315666788613567912345600
6	9	2	2	789166971533919780864000
6	9	2	3	-947000365840703737036800
6	9	2	4	473500182920351868518400
6	9	3	0	14669200977503516098560
6	9	3	1	-110019007331276370739200
6	9	3	2	308053220527573838069760
6	9	3	3	-396068426392594934661120
6	9	3	4	198034213196297467330560
6	9	4	0	-65944958007204737187840
6	9	4	1	593504622064842634690560
6	9	4	2	-2682528306102532508221440
6	9	4	3	7192600505642555528970240
6	9	4	4	-11132683096739217219256320
6	9	4	5	9043659412701527345725440
6	9	4	6	-3014553137567175781908480
6	9	5	0	-3345477053685002403840
6	9	5	1	35127509063692525240320
6	9	5	2	-155564682996352611778560
6	9	5	3	376366168539562770432000
6	9	5	4	-526912635955387878604800
6	9	5	5	406475462022727792066560
6	9	5	6	-135491820674242597355520
6	9	6	0	19844322628685455687680
6	9	6	1	-238131871544225468252160
6	9	6	2	1223983698190960007577600
6	9	6	3	-3514699330075537818255360
6	9	6	4	6193329846289101855129600
6	9	6	5	-6942950987530850606776320
6	9	6	6	5013941612559035321548800
6	9	6	7	-2313963957184644387962880
6	9	6	8	578490989296161096990720
6	9	7	0	4488932029640579481600
6	9	7	1	-60600582400147823001600
6	9	7	2	318550067658587709112320
6	9	7	3	-799551249608962379612160
6	9	7	4	843349882774631995146240
6	9	7	5	211268921763975030374400
6	9	7	6	-1309686359468251671429120
6	9	7	7	1062225759040222852546560
6	9	7	8	-265556439760055713136640
6	10	0	0	-166038129359217324195840
6	10	0	1	498114388077651972587520
6	10	0	2	-498114388077651972587520
6	10	1	0	-56451679424719292989440
6	10	1	1	254032557411236818452480
6	10	1	2	-254032557411236818452480
6	10	2	0	14574264535520221593600
6	10	2	1	-87445587213121329561600
6	10	2	2	218613968032803323904000
6	10	2	3	-262336761639363988684800
6	10	2	4	131168380819681994342400
6	10	3	0	22870002274281927475200
6	10	3	1	-171525017057114456064000
6	10	3	2	480270047759920476979200
6	10	3	3	-617490061405612041830400
6	10	3	4	308745030702806020915200
6	10	4	0	115324596965192824258560
6	10	4	1	-1037921372686735418327040
6	10	4	2	4436427865665123857203200
6	10	4	3	-11049746603689711868313600
6	10	4	4	16156707346177193410560000
6	10	4	5	-12758200853198804971683840
6	10	4	6	4252733617732934990561280
6	10	5	0	26637466815832805867520
6	10	5	1	-279693401566244461608960
6	10	5	2	1238642206936225472839680
6	10	5	3	-2996715016781190660096000
6	10	5	4	4195401023493666924134400
6	10	5	5	-3236452218123685912903680
6	10	5	6	1078817406041228637634560
6	10	6	0	-41470721879429873664000
6	10	6	1	497648662553158483968000
6	10	6	2	-2650798976939372115394560
6	10	6	3	8181257922029856793559040
6	10	6	4	-16101926661156327433175040
6	10	6	5	20920489747763589430640640
6	10	6	6	-17818384095244380788490240
6	10	6	7	9295617867991300838522880
6	10	6	8	-2323904466997825209630720
6	10	7	0	-18275635662781635624960
6	10	7	1	246721081447552080936960
6	10	7	2	-1344100170154850836807680
6	10	7	3	3750766365828746387128320
6	10	7	4	-5533819653429404431810560
6	10	7	5	3741688563161082825277440
6	10	7	6	-166504185292103174062080
6	10	7	7	-926336002081363800883200
6	10	7	8	231584000520340950220800
6	10	8	0	-1943769100626784419840
6	10	8	1	29156536509401766297600
6	10	8	2	-180117401047620145643520
6	10	8	3	586955841063746367651840
6	10	8	4	-1002003987153651687751680
6	10	8	5	447980611373335503175680
6	10	8	6	1693745524104719750922240
6	10	8	7	-3925085565412094571970560
6	10	8	8	3912907925372608016547840
6	10	8	9	-1954424356013056249036800
6	10	8	10	390884871202611249807360
6	11	0	0	72565806856308082606080
6	11	0	1	-217697420568924247818240
6	11	0	2	217697420568924247818240
6	11	1	0	26670742484257627176960
6	11	1	1	-120018341179159322296320
6	11	1	2	120018341179159322296320
6	11	2	0	-52466051457672271626240
6	11	2	1	314796308746033629757440
6	11	2	2	-786990771865084074393600
6	11	2	3	944388926238100889272320
6	11	2	4	-472194463119050444636160
6	11	3	0	-45756967318215406387200
6	11	3	1	343177254886615547904000
6	11	3	2	-960896313682523534131200
6	11	3	3	1235438117591815972454400
6	11	3	4	-617719058795907986227200
6	11	4	0	-100023373481881444024320
6	11	4	1	900210361336932996218880
6	11	4	2	-3763638846592572110929920
6	11	4	3	9078677659501437722296320
6	11	4	4	-12918890552226117593333760
6	11	4	5	10055462066970478478622720
6	11	4	6	-3351820688990159492874240
6	11	5	0	-18706890835226693468160
6	11	5	1	196422353769880281415680
6	11	5	2	-869870423838041246269440
6	11	5	3	2104525218963003015168000
6	11	5	4	-2946335306548204221235200
6	11	5	5	2272887236480043256381440
6	11	5	6	-757629078826681085460480
6	11	6	0	64546657052159555665920
6	11	6	1	-774559884625914667991040
6	11	6	2	4222301499000839963934720
6	11	6	3	-13602077125291247633694720
6	11	6	4	28342468127923751910113280
6	11	6	5	-39219560985322733080412160
6	11	6	6	35356262840089209974292480
6	11	6	7	-19099779295698541954990080
6	11	6	8	4774944823924635488747520
6	11	7	0	38242644524632878612480
6	11	7	1	-516275701082543861268480
6	11	7	2	2912114207910582508584960
6	11	7	3	-8893619737594274166865920
6	11	7	4	16008428013861272152965120
6	11	7	5	-17532873512689162172497920
6	11	7	6	11942510735250054205931520
6	11	7	7	-5227045340874571555799040
6	11	7	8	1306761335218642888949760
6	11	8	0	8422806848279716823040
6	11	8	1	-126342102724195752345600
6	11	8	2	792155593982527081021440
6	11	8	3	-2683393580683754345594880
6	11	8	4	5088458931447066588610560
6	11	8	5	-4250815938256732359229440
6	11	8	6	-2813491722680064572129280
6	11	8	7	11269281807193994082385920
6	11	8	8	-12371318744256374668001280
6	11	8	9	6369332194971917431603200
6	11	8	10	-1273866438994383486320640
6	11	9	0	1675918030552600412160
6	11	9	1	-27652647504117906800640
6	11	9	2	177768858194716403957760
6	11	9	3	-533325879100712744386560
6	11	9	4	456234364677388071075840
6	11	9	5	1930174958282507361976320
6	11	9	6	-7409912131081149842718720
6	11	9	7	12140713424227269775196160
6	11	9	8	-10961226766711996746301440
6	11	9	9	5284032273770119535001600
6	11	9	10	-1056806454754023907000320
6	12	0	0	-19630491299563202150400
6	12	0	1	58891473898689606451200
6	12	0	2	-58891473898689606451200
6	12	1	0	-8617763597988334141440
6	12	1	1	38779936190947503636480
6	12	1	2	-38779936190947503636480
6	12	2	0	38133247298952757248000
6	12	2	1	-228799483793716543488000
6	12	2	2	571998709484291358720000
6	12	2	3	-686398451381149630464000
6	12	2	4	343199225690574815232000
6	12	3	0	34383727273301224980480
6	12	3	1	-257877954549759187353600
6	12	3	2	722058272739325724590080
6	12	3	3	-928360636379133074472960
6	12	3	4	464180318189566537236480
6	12	4	0	30723177832089491865600
6	12	4	1	-276508600488805426790400
6	12	4	2	1163934545731539016089600
6	12	4	3	-2835978267057152694681600
6	12	4	4	4070805074957790137548800
6	12	4	5	-3183379129715056548249600
6	12	4	6	1061126376571685516083200
6	12	5	0	-21714880090504282767360
6	12	5	1	228006240950294969057280
6	12	5	2	-1009741924208449148682240
6	12	5	3	2442924010181731811328000
6	12	5	4	-3420093614254424535859200
6	12	5	5	2638357930996270356234240
6	12	5	6	-879452643665423452078080
6	12	6	0	-73166083976549325864960
6	12	6	1	877993007718591910379520
6	12	6	2	-4793676103593545328230400
6	12	6	3	15486305189206262777118720
6	12	6	4	-32383527624039994490880000
6	12	6	5	44976927135552960819363840
6	12	6	6	-40673104212232195434086400
6	12	6	7	22012110143183892995112960
6	12	6	8	-5503027535795973248778240
6	12	7	0	-41945616236811386880000
6	12	7	1	566265819196953722880000
6	12	7	2	-3248727063228898942648320
6	12	7	3	10328469757631382536847360
6	12	7	4	-19989874090356183914250240
6	12	7	5	24557725959189525902131200
6	12	7	6	-19464173495298066512609280
6	12	7	7	9667084150487049610199040
6	12	7	8	-2416771037621762402549760
6	12	8	0	-11406029918212938792960
6	12	8	1	171090448773194081894400
6	12	8	2	-1062162623954626742845440
6	12	8	3	3507067253703040491847680
6	12	8	4	-6214755925973047978229760
6	12	8	5	3665155514752282971340800
6	12	8	6	7907953643796294826721280
6	12	8	7	-20457073420441658452869120
6	12	8	8	20903818542754927875194880
6	12	8	9	-10526366791763008841318400
6	12	8	10	2105273358352601768263680
6	12	9	0	-3154818772720177643520
6	12	9	1	52054509749882931118080
6	12	9	2	-336371429697589786705920
6	12	9	3	1027334892800364270059520
6	12	9	4	-995649746280752904929280
6	12	9	5	-3178836133483771896791040
6	12	9	6	13009210754742888525987840
6	12	9	7	-21617660956241233151262720
6	12	9	8	19623349959095816269332480
6	12	9	9	-9479289813357005321011200
6	12	9	10	1895857962671401064202240
6	12	10	0	-526862361519949086720
6	12	10	1	9483522507359083560960
6	12	10	2	-52159373790474959585280
6	12	10	4	1173585910285686590668800
6	12	10	5	-5633212369371295635210240
6	12	10	6	13144162195199689815490560
6	12	10	7	-16899637108113886905630720
6	12	10	8	10562273192571179316019200
6	12	10	10	-4224909277028471726407680
6	12	10	11	2304495969288257305313280
6	12	10	12	-384082661548042884218880
6	13	0	0	3021089812621437173760
6	13	0	1	-9063269437864311521280
6	13	0	2	9063269437864311521280
6	13	1	0	1792954144795734835200
6	13	1	1	-8068293651580806758400
6	13	1	2	8068293651580806758400
6	13	2	0	-11845470823165470965760
6	13	2	1	71072824938992825794560
6	13	2	2	-177682062347482064486400
6	13	2	3	213218474816978477383680
6	13	2	4	-106609237408489238691840
6	13	3	0	-13061471655990845767680
6	13	3	1	97961037419931343257600
6	13	3	2	-274290904775807761121280
6	13	3	3	352659734711752835727360
6	13	3	4	-176329867355876417863680
6	13	4	0	8128790322347067310080
6	13	4	1	-73159112901123605790720
6	13	4	2	280374329930652812574720
6	13	4	3	-584859286067062788587520
6	13	4	4	718501773053542331842560
6	13	4	5	-511286556024013125058560
6	13	4	6	170428852008004375019520
6	13	5	0	31010958125305115443200
6	13	5	1	-325615060315703712153600
6	13	5	2	1442009552826687868108800
6	13	5	3	-3488732789096825487360000
6	13	5	4	4884225904735555682304000
6	13	5	5	-3767831412224571526348800
6	13	5	6	1255943804074857175449600
6	13	6	0	37698801338357970370560
6	13	6	1	-452385616060295644446720
6	13	6	2	2449264113908662350643200
6	13	6	3	-7793230119278648355717120
6	13	6	4	15982619483925542810419200
6	13	6	5	-21747705832071469926973440
6	13	6	6	19323402815570502588825600
6	13	6	7	-10349286461325725097000960
6	13	6	8	2587321615331431274250240
6	13	7	0	7187953327853587660800
6	13	7	1	-97037369926023433420800
6	13	7	2	509251001999702863380480
6	13	7	3	-1271565984103895861821440
6	13	7	4	1313448205261622067855360
6	13	7	5	419310186857062465536000
6	13	7	6	-2193950800133473204961280
6	13	7	7	1760726346726673471242240
6	13	7	8	-440181586681668367810560
6	13	8	0	-3808789062230464266240
6	13	8	1	57131835933456963993600
6	13	8	2	-435782063524102809845760
6	13	8	3	2144265621882557662494720
6	13	8	4	-7265459293564615828439040
6	13	8	5	17281017137343035237990400
6	13	8	6	-28824783430715043615866880
6	13	8	7	33068328001066178728427520
6	13	8	8	-24890587303455662517780480
6	13	8	9	11082336868792745223782400
6	13	8	10	-2216467373758549044756480
6	13	9	0	198288367664926556160
6	13	9	1	-3271758066471288176640
6	13	9	2	16990834504288394280960
6	13	9	3	-8532596321081370869760
6	13	9	4	-265347015004608905871360
6	13	9	5	1289425879344590692024320
6	13	9	6	-3069559700056468849950720
6	13	9	7	4322512912773692113551360
6	13	9	8	-3655464647437389649674240
6	13	9	9	1716557612829311080857600
6	13	9	10	-343311522565862216171520
6	13	10	0	917083700450285322240
6	13	10	1	-16507506608105135800320
6	13	10	2	90791286344578246901760
6	13	10	4	-2042803942753010555289600
6	13	10	5	9805458925214450665390080
6	13	10	6	-22879404158833718219243520
6	13	10	7	29416376775643351996170240
6	13	10	8	-18385235484777094997606400
6	13	10	10	7354094193910837999042560
6	13	10	11	-4011324105769547999477760
6	13	10	12	668554017628257999912960
6	14	0	0	-230658685498247086080
6	14	0	1	691976056494741258240
6	14	0	2	-691976056494741258240
6	14	1	0	-215522415245178961920
6	14	1	1	969850868603305328640
6	14	1	2	-969850868603305328640
6	14	2	0	1672218991241944104960
6	14	2	1	-10033313947451664629760
6	14	2	2	25083284868629161574400
6	14	2	3	-30099941842354993889280
6	14	2	4	15049970921177496944640
6	14	3	0	2465178820917602549760
6	14	3	1	-18488841156882019123200
6	14	3	2	51768755239269653544960
6	14	3	3	-66559828164775268843520
6	14	3	4	33279914082387634421760
6	14	4	0	-4930357641835205099520
6	14	4	1	44373218776516845895680
6	14	4	2	-176114344940631238901760
6	14	4	3	391087787996034744975360
6	14	4	4	-514557733167532269895680
6	14	4	5	382816607003417876889600
6	14	4	6	-127605535667805958963200
6	14	5	0	-11660801871378571591680
6	14	5	1	122438419649475001712640
6	14	5	2	-542227287019103579013120
6	14	5	3	1311840210530089304064000
6	14	5	4	-1836576294742125025689600
6	14	5	5	1416787427372496448389120
6	14	5	6	-472262475790832149463040
6	14	6	0	-312665642242481848320
6	14	6	1	3751987706909782179840
6	14	6	2	-3556797594989620101120
6	14	6	3	-86176434412751557754880
6	14	6	4	437177053173183015813120
6	14	6	5	-975852964544850312560640
6	14	6	6	1163528257156086151249920
6	14	6	7	-718494801978116611768320
6	14	6	8	179623700494529152942080
6	14	7	0	16251384133204605665280
6	14	7	1	-219393685798262176481280
6	14	7	2	1336271506205429590917120
6	14	7	3	-4816316011629999292416000
6	14	7	4	11197471150523937969930240
6	14	7	5	-17079329983126102050078720
6	14	7	6	16580033676834327452712960
6	14	7	7	-9331648870679108659445760
6	14	7	8	2332912217669777164861440
6	14	8	0	13880185736544858931200
6	14	8	1	-208202786048172883968000
6	14	8	2	1416234388722055989166080
6	14	8	3	-5751862218063336135720960
6	14	8	4	15477795114821172194181120
6	14	8	5	-28947083977983876598333440
6	14	8	6	38361103075893293654999040
6	14	8	7	-35951676334350812955279360
6	14	8	8	23164576912349075016253440
6	14	8	9	-9451105219174247851622400
6	14	8	10	1890221043834849570324480
6	14	9	0	2313364289424143155200
6	14	9	1	-38170510775498362060800
6	14	9	2	264591040602886373376000
6	14	9	3	-995469570792826601472000
6	14	9	4	2147091231121782865920000
6	14	9	5	-2377415563187574118809600
6	14	9	6	191286309681758837145600
6	14	9	7	3044965745954528428032000
6	14	9	8	-3923321249595257782272000
6	14	9	9	2108053208737750450176000
6	14	9	10	-421610641747550090035200
6	14	10	0	-520506965120432209920
6	14	10	1	9369125372167779778560
6	14	10	2	-51530189546922788782080
6	14	10	4	1159429264805762747596800
6	14	10	5	-5565260471067661188464640
6	14	10	6	12985607765824542773084160
6	14	10	7	-16695781413202983565393920
6	14	10	8	10434863383251864728371200
6	14	10	10	-4173945353300745891348480
6	14	10	11	2276697465436770486190080
6	14	10	12	-379449577572795081031680
6	15	0	0	4894813763429990400
6	15	0	1	-14684441290289971200
6	15	0	2	14684441290289971200
6	15	1	0	11483986137278054400
6	15	1	1	-51677937617751244800
6	15	1	2	51677937617751244800
6	15	2	0	-80576165028770611200
6	15	2	1	483456990172623667200
6	15	2	2	-1208642475431559168000
6	15	2	3	1450370970517871001600
6	15	2	4	-725185485258935500800
6	15	3	0	-185249874739042713600
6	15	3	1	1389374060542820352000
6	15	3	2	-3890247369519896985600
6	15	3	3	5001746617954153267200
6	15	3	4	-2500873308977076633600
6	15	4	0	542194755333783552000
6	15	4	1	-4879752798004051968000
6	15	4	2	19458014282041157222400
6	15	4	3	-43551793722186163814400
6	15	4	4	57764073746372965171200
6	15	4	5	-43185812262335859916800
6	15	4	6	14395270754111953305600
6	15	5	0	1381090529558554214400
6	15	5	1	-14501450560364819251200
6	15	5	2	64220709624472770969600
6	15	5	3	-155372684575337349120000
6	15	5	4	217521758405472288768000
6	15	5	5	-167802499341364337049600
6	15	5	6	55934166447121445683200
6	15	6	0	-1274157675034391347200
6	15	6	1	15289892100412696166400
6	15	6	2	-86534282951271854899200
6	15	6	3	297176945398446764851200
6	15	6	4	-667794170406854511820800
6	15	6	5	994005644953425385881600
6	15	6	6	-949599894491588512972800
6	15	6	7	529941153863240043724800
6	15	6	8	-132485288465810010931200
6	15	7	0	-4482143310759277363200
6	15	7	1	60508934695250244403200
6	15	7	2	-365330826143903357337600
6	15	7	3	1294598417310474987110400
6	15	7	4	-2945256130448645632819200
6	15	7	5	4397145246281451228364800
6	15	7	6	-4198376648976086178201600
6	15	7	7	2342281343041944944640000
6	15	7	8	-585570335760486236160000
6	15	8	0	-154224285961609543680
6	15	8	1	2313364289424143155200
6	15	8	2	-1554291631956846182400
6	15	8	3	-106270172045421576192000
6	15	8	4	735649844036877523353600
6	15	8	5	-2486331645639024558735360
6	15	8	6	5076244177337015127244800
6	15	8	7	-6577906771709462052864000
6	15	8	8	5316002698145614213939200
6	15	8	9	-2447684003478832467148800
6	15	8	10	489536800695766493429760
6	15	9	0	5687020544834351923200
6	15	9	1	-93835838989766806732800
6	15	9	2	716492296015083837849600
6	15	9	3	-3338726864394372356505600
6	15	9	4	10495372317947114972774400
6	15	9	5	-23179801741078847658393600
6	15	9	6	36296577262113739348377600
6	15	9	7	-39666534544415337637478400
6	15	9	8	28889112514743588460953600
6	15	9	9	-12648319252426502701056000
6	15	9	10	2529663850485300540211200
6	15	10	0	4337558042670268416000
6	15	10	1	-78076044768064831488000
6	15	10	2	627210892970120812953600
6	15	10	3	-2966889701186463596544000
6	15	10	4	9164826388358010136166400
6	15	10	5	-19331628684572852276428800
6	15	10	6	28149016673712973912473600
6	15	10	7	-27638919847894950346752000
6	15	10	8	16712177382604277180006400
6	15	10	9	-4216106417475500900352000
6	15	10	10	-1475637246116425315123200
6	15	10	11	1264831925242650270105600
6	15	10	12	-210805320873775045017600
6	15	11	0	1156682144712071577600
6	15	11	1	-22555301821885395763200
6	15	11	2	183912461009219380838400
6	15	11	3	-801580726285465603276800
6	15	11	4	1847799726177534345216000
6	15	11	5	-983758164077616876748800
6	15	11	6	-7391198904710137380864000
6	15	11	7	26171090206255331514777600
6	15	11	8	-45893099114668507948646400
6	15	11	9	49422136338185038331904000
6	15	11	10	-33073012563752262618316800
6	15	11	11	12648319252426502701056000
6	15	11	12	-2108053208737750450176000
6	15	13	0	77112142980804771840
6	15	13	1	-1735023217068107366400
6	15	13	2	12145162519476751564800
6	15	13	4	-473661338259593311027200
6	15	13	5	3126164832513315852779520
6	15	13	6	-10420549441711052842598400
6	15	13	7	20096773923299887625011200
6	15	13	8	-20096773923299887625011200
6	15	13	10	28135483492619842675015680
6	15	13	11	-38366568399027058193203200
6	15	13	12	25577712266018038795468800
6	15	13	13	-8853823476698551890739200
6	15	13	14	1264831925242650270105600
7	3	0	0	-394426372513993850880
7	3	0	1	1183279117541981552640
7	3	0	2	-1183279117541981552640
7	3	1	0	-234929507364946575360
7	3	1	1	1057182783142259589120
7	3	1	2	-1057182783142259589120
7	4	0	0	4784966890445419315200
7	4	0	1	-14354900671336257945600
7	4	0	2	14354900671336257945600
7	4	1	0	3516935989063644610560
7	4	1	1	-15826211950786400747520
7	4	1	2	15826211950786400747520
7	4	2	0	1719576624725219082240
7	4	2	1	-10317459748351314493440
7	4	2	2	25793649370878286233600
7	4	2	3	-30952379245053943480320
7	4	2	4	15476189622526971740160
7	5	0	0	-27353571712521621995520
7	5	0	1	82060715137564865986560
7	5	0	2	-82060715137564865986560
7	5	1	0	-19423900292596236288000
7	5	1	1	87407551316683063296000
7	5	1	2	-87407551316683063296000
7	5	2	0	-14721753515614776852480
7	5	2	1	88330521093688661114880
7	5	2	2	-220826302734221652787200
7	5	2	3	264991563281065983344640
7	5	2	4	-132495781640532991672320
7	5	3	0	-2335927752152768839680
7	5	3	1	17519458141145766297600
7	5	3	2	-49054482795208145633280
7	5	3	3	63070049308124758671360
7	5	3	4	-31535024654062379335680
7	6	0	0	91062683662650499399680
7	6	0	1	-273188050987951498199040
7	6	0	2	273188050987951498199040
7	6	1	0	56453880793202279055360
7	6	1	1	-254042463569410255749120
7	6	1	2	254042463569410255749120
7	6	2	0	56965820611755748884480
7	6	2	1	-341794923670534493306880
7	6	2	2	854487309176336233267200
7	6	2	3	-1025384771011603479920640
7	6	2	4	512692385505801739960320
7	6	3	0	15274151661261847265280
7	6	3	1	-114556137459463854489600
7	6	3	2	320757184886498792570880
7	6	3	3	-412402094854069876162560
7	6	3	4	206201047427034938081280
7	6	4	0	2342707443482367098880
7	6	4	1	-21084366991341303889920
7	6	4	2	62872685813131892490240
7	6	4	3	-60970610008671796592640
7	6	4	4	-26029764082937553223680
7	6	4	5	67818082904728141824000
7	6	4	6	-22606027634909380608000
7	7	0	0	-194714717662104964300800
7	7	0	1	584144152986314892902400
7	7	0	2	-584144152986314892902400
7	7	1	0	-102763450317348061839360
7	7	1	1	462435526428066278277120
7	7	1	2	-462435526428066278277120
7	7	2	0	-128903974297280635207680
7	7	2	1	773423845783683811246080
7	7	2	2	-1933559614459209528115200
7	7	2	3	2320271537351051433738240
7	7	2	4	-1160135768675525716869120
7	7	3	0	-44208394640262955008000
7	7	3	1	331562959801972162560000
7	7	3	2	-928376287445522055168000
7	7	3	3	1193626655287099785216000
7	7	3	4	-596813327643549892608000
7	7	4	0	-7674880207982784675840
7	7	4	1	69073921871845062082560
7	7	4	2	-125021201740571533639680
7	7	4	3	-285981617634246729400320
7	7	4	4	1137681252246372545986560
7	7	4	5	-1193628532115099017543680
7	7	4	6	397876177371699672514560
7	7	5	0	-5603918621298036572160
7	7	5	1	58841145523629384007680
7	7	5	2	-260582215890358700605440
7	7	5	3	630440844896029114368000
7	7	5	4	-882617182854440760115200
7	7	5	5	680876112487711443517440
7	7	5	6	-226958704162570481172480
7	8	0	0	280699592167165274357760
7	8	0	1	-842098776501495823073280
7	8	0	2	842098776501495823073280
7	8	1	0	128686531119951265136640
7	8	1	1	-579089390039780693114880
7	8	1	2	579089390039780693114880
7	8	2	0	179679538610083033251840
7	8	2	1	-1078077231660498199511040
7	8	2	2	2695193079151245498777600
7	8	2	3	-3234231694981494598533120
7	8	2	4	1617115847490747299266560
7	8	3	0	71332803081226074193920
7	8	3	1	-534996023109195556454400
7	8	3	2	1497988864705747558072320
7	8	3	3	-1925985683193104003235840
7	8	3	4	962992841596552001617920
7	8	4	0	-8244923154812633088000
7	8	4	1	74204308393313697792000
7	8	4	2	-706607742578384217047040
7	8	4	3	3126581829570599835402240
7	8	4	4	-6217728317786446909931520
7	8	4	5	5585324883601376390676480
7	8	4	6	-1861774961200458796892160
7	8	5	0	19217498187148673679360
7	8	5	1	-201783730965061073633280
7	8	5	2	893613665702413326090240
7	8	5	3	-2161968546054225788928000
7	8	5	4	3026755964475916104499200
7	8	5	5	-2334926029738563852042240
7	8	5	6	778308676579521284014080
7	8	6	0	9237436864442904084480
7	8	6	1	-110849242373314849013760
7	8	6	2	547844803841533138698240
7	8	6	3	-1438852099814380504350720
7	8	6	4	2137898527581542924943360
7	8	6	5	-1719863072551803216199680
7	8	6	6	602781189754901086863360
7	8	6	7	-25280141917971441254400
7	8	6	8	6320035479492860313600
7	9	0	0	-277569104451797338030080
7	9	0	1	832707313355392014090240
7	9	0	2	-832707313355392014090240
7	9	1	0	-116228777134615198433280
7	9	1	1	523029497105768392949760
7	9	1	2	-523029497105768392949760
7	9	2	0	-142938973969372560752640
7	9	2	1	857633843816235364515840
7	9	2	2	-2144084609540588411289600
7	9	2	3	2572901531448706093547520
7	9	2	4	-1286450765724353046773760
7	9	3	0	-55899575125880183193600
7	9	3	1	419246813444101373952000
7	9	3	2	-1173891077643483847065600
7	9	3	3	1509288528398764946227200
7	9	3	4	-754644264199382473113600
7	9	4	0	78538226527136970178560
7	9	4	1	-706844038744232731607040
7	9	4	2	3420747416631473130700800
7	9	4	3	-9921823918625347810099200
7	9	4	4	16195954866439841434828800
7	9	4	5	-13482051488552601035735040
7	9	4	6	4494017162850867011911680
7	9	5	0	-9614310065423914106880
7	9	5	1	100950255686951098122240
7	9	5	2	-447065418042212005969920
7	9	5	3	1081609882360190337024000
7	9	5	4	-1514253835304266471833600
7	9	5	5	1168138672949005563985920
7	9	5	6	-389379557649668521328640
7	9	6	0	-35928375674528008765440
7	9	6	1	431140508094336105185280
7	9	6	2	-2187985477021038721105920
7	9	6	3	6110943288217761176616960
7	9	6	4	-10259355639682820871290880
7	9	6	5	10634762529745269518499840
7	9	6	6	-6861757068342658471034880
7	9	6	7	2843002478652201684172800
7	9	6	8	-710750619663050421043200
7	9	7	0	-7791311551491358064640
7	9	7	1	105182705945133333872640
7	9	7	2	-553404916268188198502400
7	9	7	3	1393077971120376061624320
7	9	7	4	-1486323466005041381376000
7	9	7	5	-317296931540450924298240
7	9	7	6	2214162823970608549724160
7	9	7	7	-1807197582963249921392640
7	9	7	8	451799395740812480348160
7	10	0	0	186450814004605369712640
7	10	0	1	-559352442013816109137920
7	10	0	2	559352442013816109137920
7	10	1	0	76446570782763075502080
7	10	1	1	-344009568522433839759360
7	10	1	2	344009568522433839759360
7	10	2	0	36136674694277344788480
7	10	2	1	-216820048165664068730880
7	10	2	2	542050120414160171827200
7	10	2	3	-650460144496992206192640
7	10	2	4	325230072248496103096320
7	10	3	0	-6078431113242476544000
7	10	3	1	45588233349318574080000
7	10	3	2	-127647053378092007424000
7	10	3	3	164117640057546866688000
7	10	3	4	-82058820028773433344000
7	10	4	0	-157660095104990482268160
7	10	4	1	1418940855944914340413440
7	10	4	2	-6192904391318626526822400
7	10	4	3	15873313508738044054732800
7	10	4	4	-23750122849345571232153600
7	10	4	5	18976159313971859045744640
7	10	4	6	-6325386437990619681914880
7	10	5	0	-32534769131689051422720
7	10	5	1	341615075882735039938560
7	10	5	2	-1512866764623540891156480
7	10	5	3	3660161527315018285056000
7	10	5	4	-5124226138241025599078400
7	10	5	5	3952974449500219747860480
7	10	5	6	-1317658149833406582620160
7	10	6	0	64329349438564938547200
7	10	6	1	-771952193262779262566400
7	10	6	2	4082070154100230041108480
7	10	6	3	-12422137299124523599134720
7	10	6	4	23962496491569406090936320
7	10	6	5	-30392401725881222871121920
7	10	6	6	25281947767748157159505920
7	10	6	7	-12986697593532356744970240
7	10	6	8	3246674398383089186242560
7	10	7	0	29037112833421753712640
7	10	7	1	-392001023251193675120640
7	10	7	2	2125401924279745275494400
7	10	7	3	-5852677228387191037624320
7	10	7	4	8340160515186056232960000
7	10	7	5	-4954159619659227998453760
7	10	7	6	-919324562666465431388160
7	10	7	7	2203466659331035512176640
7	10	7	8	-550866664832758878044160
7	10	8	0	3568901736314154516480
7	10	8	1	-53533526044712317747200
7	10	8	2	333871310640557567508480
7	10	8	3	-1115645321272225651752960
7	10	8	4	2042160978854537613803520
7	10	8	5	-1448726750026860991610880
7	10	8	6	-1882737911232403876085760
7	10	8	7	5650726830762573315440640
7	10	8	8	-5941468644813834037493760
7	10	8	9	3019191291415460472422400
7	10	8	10	-603838258283092094484480
7	11	0	0	-81967131248515602186240
7	11	0	1	245901393745546806558720
7	11	0	2	-245901393745546806558720
7	11	1	0	-35882951629775304130560
7	11	1	1	161473282333988868587520
7	11	1	2	-161473282333988868587520
7	11	2	0	40461601386603573411840
7	11	2	1	-242769608319621440471040
7	11	2	2	606924020799053601177600
7	11	2	3	-728308824958864321413120
7	11	2	4	364154412479432160706560
7	11	3	0	51737991148573242163200
7	11	3	1	-388034933614299316224000
7	11	3	2	1086497814120038085427200
7	11	3	3	-1396925761011477538406400
7	11	3	4	698462880505738769203200
7	11	4	0	141529752385031220756480
7	11	4	1	-1273767771465280986808320
7	11	4	2	5377641751414687924224000
7	11	4	3	-13159333936508912743219200
7	11	4	4	18958631909779703542579200
7	11	4	5	-14854757929830296605163520
7	11	4	6	4951585976610098868387840
7	11	5	0	28723591379277746012160
7	11	5	1	-301597709482416333127680
7	11	5	2	1335646999136415189565440
7	11	5	3	-3231404030168746426368000
7	11	5	4	4523965642236244996915200
7	11	5	5	-3489916352582246140477440
7	11	5	6	1163305450860748713492480
7	11	6	0	-88718334784579578101760
7	11	6	1	1064620017414954937221120
7	11	6	2	-5800654979496077017743360
7	11	6	3	18670364266893612637224960
7	11	6	4	-38860041712392071691632640
7	11	6	5	53711377916661482158817280
7	11	6	6	-48373036675432433571594240
7	11	6	7	26116494888467376730275840
7	11	6	8	-6529123722116844182568960
7	11	7	0	-56150244959551582371840
7	11	7	1	758028306953946362019840
7	11	7	2	-4248625948099913837445120
7	11	7	3	12773383562983348088340480
7	11	7	4	-22297627160577966121943040
7	11	7	5	23098423551505276348661760
7	11	7	6	-14374976344837968541777920
7	11	7	7	5721858709431036936192000
7	11	7	8	-1430464677357759234048000
7	11	8	0	-12877939724341047459840
7	11	8	1	193169095865115711897600
7	11	8	2	-1212820076091099096023040
7	11	8	3	4122709736376940709806080
7	11	8	4	-7886441262523570150440960
7	11	8	5	6828741080150864182640640
7	11	8	6	3655940825512623451668480
7	11	8	7	-16411232839056514319646720
7	11	8	8	18260933702624509144596480
7	11	8	9	-9438750328573587043123200
7	11	8	10	1887750065714717408624640
7	11	9	0	-2427125884975495249920
7	11	9	1	40047577102095671623680
7	11	9	2	-255945000456073626255360
7	11	9	3	752046051765536119848960
7	11	9	4	-541731923590988735447040
7	11	9	5	-3190772759558889500835840
7	11	9	6	11548513059500352539197440
7	11	9	7	-18658175609630026692034560
7	11	9	8	16753418264822837139210240
7	11	9	9	-8059249574943553644134400
7	11	9	10	1611849914988710728826880
7	12	0	0	22269867563668812595200
7	12	0	1	-66809602691006437785600
7	12	0	2	66809602691006437785600
7	12	1	0	11530709886172523397120
7	12	1	1	-51888194487776355287040
7	12	1	2	51888194487776355287040
7	12	2	0	-40130887411617151057920
7	12	2	1	240785324469702906347520
7	12	2	2	-601963311174257265868800
7	12	2	3	722355973409108719042560
7	12	2	4	-361177986704554359521280
7	12	3	0	-43828640747533243514880
7	12	3	1	328714805606499326361600
7	12	3	2	-920401455698198113812480
7	12	3	3	1183373300183397574901760
7	12	3	4	-591686650091698787450880
7	12	4	0	-44823657496332604538880
7	12	4	1	403412917466993440849920
7	12	4	2	-1709812293000070095175680
7	12	4	3	4207679995995518958305280
7	12	4	4	-6091043110321173603287040
7	12	4	5	4784643734788096948961280
7	12	4	6	-1594881244929365649653760
7	12	5	0	28286836622334697144320
7	12	5	1	-297011784534514320015360
7	12	5	2	1315337902938563417210880
7	12	5	3	-3182269120012653428736000
7	12	5	4	4455176768017714800230400
7	12	5	5	-3436850649613665703034880
7	12	5	6	1145616883204555234344960
7	12	6	0	96728318915483176796160
7	12	6	1	-1160739826985798121553920
7	12	6	2	6340302491952934205521920
7	12	6	3	-20499417877523767020748800
7	12	6	4	42910235462262292406599680
7	12	6	5	-59660058260875171615211520
7	12	6	6	53999063474749525437972480
7	12	6	7	-29239180618106687056773120
7	12	6	8	7309795154526671764193280
7	12	7	0	59528455915714778234880
7	12	7	1	-803634154862149506170880
7	12	7	2	4590330905898433181122560
7	12	7	3	-14445840007723269142609920
7	12	7	4	27470211242807385202360320
7	12	7	5	-32882039416228089975275520
7	12	7	6	25269496354564678688440320
7	12	7	7	-12264699899275984597155840
7	12	7	8	3066174974818996149288960
7	12	8	0	17180543086813973053440
7	12	8	1	-257708146302209595801600
7	12	8	2	1603589011863708704440320
7	12	8	3	-5326828242045186279997440
7	12	8	4	9597055944179692999802880
7	12	8	5	-6250725245205573670010880
7	12	8	6	-10480962568805580370083840
7	12	8	7	28999862526268574489640960
7	12	8	8	-30037789163823463598653440
7	12	8	9	15191882354837546650828800
7	12	8	10	-3038376470967509330165760
7	12	9	0	4446235321102007009280
7	12	9	1	-73362882798183115653120
7	12	9	2	470315222055247675392000
7	12	9	3	-1397260908868483311206400
7	12	9	4	1107049676530044528230400
7	12	9	5	5464182022341004948930560
7	12	9	6	-20368298383604826935132160
7	12	9	7	33143538397597701400166400
7	12	9	8	-29843624336227453580083200
7	12	9	9	14371826491218685486694400
7	12	9	10	-2874365298243737097338880
7	12	10	0	844632181495792926720
7	12	10	1	-15203379266924272680960
7	12	10	2	83618585968083499745280
7	12	10	4	-1881418184281878744268800
7	12	10	5	9030807284553017972490240
7	12	10	6	-21071883663957041935810560
7	12	10	7	27092421853659053917470720
7	12	10	8	-16932763658536908698419200
7	12	10	10	6773105463414763479367680
7	12	10	11	-3694421161862598261473280
7	12	10	12	615736860310433043578880
7	13	0	0	-3459880282473706291200
7	13	0	1	10379640847421118873600
7	13	0	2	-10379640847421118873600
7	13	1	0	-2380267249412651089920
7	13	1	1	10711202622356929904640
7	13	1	2	-10711202622356929904640
7	13	2	0	13595598036989305159680
7	13	2	1	-81573588221935830958080
7	13	2	2	203933970554839577395200
7	13	2	3	-244720764665807492874240
7	13	2	4	122360382332903746437120
7	13	3	0	17050475927375110471680
7	13	3	1	-127878569455313328537600
7	13	3	2	358059994474877319905280
7	13	3	3	-460362850039127982735360
7	13	3	4	230181425019563991367680
7	13	4	0	-9191492042801283072000
7	13	4	1	82723428385211547648000
7	13	4	2	-311562921385324424724480
7	13	4	3	628526102533773333626880
7	13	4	4	-741380842600755615498240
7	13	4	5	512541349600642738421760
7	13	4	6	-170847116533547579473920
7	13	5	0	-41411802660479466209280
7	13	5	1	434823927935034395197440
7	13	5	2	-1925648823712295178731520
7	13	5	3	4658827799303939948544000
7	13	5	4	-6522358919025515927961600
7	13	5	5	5031534023248255144427520
7	13	5	6	-1677178007749418381475840
7	13	6	0	-47921496168208363683840
7	13	6	1	575057954018500364206080
7	13	6	2	-3110828466576731689451520
7	13	6	3	9883130647607823732572160
7	13	6	4	-20228297203356948265697280
7	13	6	5	27465800160772618023075840
7	13	6	6	-24358136562439163247329280
7	13	6	7	13031031293298534776832000
7	13	6	8	-3257757823324633694208000
7	13	7	0	-9071692820670389944320
7	13	7	1	122467853079050264248320
7	13	7	2	-627201598202886519521280
7	13	7	3	1441966951810197356544000
7	13	7	4	-967543442637391984066560
7	13	7	5	-2041256364008500698808320
7	13	7	6	4575632661481588009205760
7	13	7	7	-3338754748696075236802560
7	13	7	8	834688687174018809200640
7	13	8	0	4155793705644085739520
7	13	8	1	-62336905584661286092800
7	13	8	2	487275074002088424898560
7	13	8	3	-2481107986453351649771520
7	13	8	4	8681981820070934914007040
7	13	8	5	-21189950087259606787031040
7	13	8	6	36025625502466851502817280
7	13	8	7	-41881998083312582991544320
7	13	8	8	31791951974918536015380480
7	13	8	9	-14214301636060260178329600
7	13	8	10	2842860327212052035665920
7	13	9	0	-198288367664926556160
7	13	9	1	3271758066471288176640
7	13	9	2	-14983164781681012899840
7	13	9	3	-18570944934118277775360
7	13	9	4	423952923090592034979840
7	13	9	5	-1816439181529028304568320
7	13	9	6	4158720524570973249208320
7	13	9	7	-5755989094715362419671040
7	13	9	8	4826939930578796685557760
7	13	9	9	-2258628437933304053760000
7	13	9	10	451725687586660810752000
7	13	10	0	-1363232527696370073600
7	13	10	1	24538185498534661324800
7	13	10	2	-134960020241940637286400
7	13	10	4	3036600455443664338944000
7	13	10	5	-14575682186129588826931200
7	13	10	6	34009925100969040596172800
7	13	10	7	-43727046558388766480793600
7	13	10	8	27329404098992979050496000
7	13	10	10	-10931761639597191620198400
7	13	10	11	5962779076143922701926400
7	13	10	12	-993796512690653783654400
7	14	0	0	268612318371611934720
7	14	0	1	-805836955114835804160
7	14	0	2	805836955114835804160
7	14	1	0	282780383704441159680
7	14	1	1	-1272511726669985218560
7	14	1	2	1272511726669985218560
7	14	2	0	-2015350814974609981440
7	14	2	1	12092104889847659888640
7	14	2	2	-30230262224619149721600
7	14	2	3	36276314669542979665920
7	14	2	4	-18138157334771489832960
7	14	3	0	-3212374831363302359040
7	14	3	1	24092811235224767692800
7	14	3	2	-67459871458629349539840
7	14	3	3	86734120446809163694080
7	14	3	4	-43367060223404581847040
7	14	4	0	6197544241443876372480
7	14	4	1	-55777898172994887352320
7	14	4	2	221091723587377157898240
7	14	4	3	-489881868929339637104640
7	14	4	4	643076479716107558584320
7	14	4	5	-477762654301725288038400
7	14	4	6	159254218100575096012800
7	14	5	0	15294023108072382136320
7	14	5	1	-160587242634760012431360
7	14	5	2	711172074525365769338880
7	14	5	3	-1720577599658142990336000
7	14	5	4	2408808639521400186470400
7	14	5	5	-1858223807630794429562880
7	14	5	6	619407935876931476520960
7	14	6	0	170145877983315886080
7	14	6	1	-2041750535799790632960
7	14	6	2	-11426367186691392798720
7	14	6	3	167152446557915940126720
7	14	6	4	-692206876547726211809280
7	14	6	5	1453009135284537954140160
7	14	6	6	-1688756964031539424788480
7	14	6	7	1032360501945737234350080
7	14	6	8	-258090125486434308587520
7	14	7	0	-21382095646534580305920
7	14	7	1	288658291228216834129920
7	14	7	2	-1759443668848340977582080
7	14	7	3	6350510291322473231155200
7	14	7	4	-14790419193543469993820160
7	14	7	5	22598079438953358903214080
7	14	7	6	-21965830782142251049943040
7	14	7	7	12371260830706684070461440
7	14	7	8	-3092815207676671017615360
7	14	8	0	-17432852323874793062400
7	14	8	1	261492784858121895936000
7	14	8	2	-1775433766747070445649920
7	14	8	3	7184594818626262967255040
7	14	8	4	-19228865738030504088698880
7	14	8	5	35704900264280322327183360
7	14	8	6	-46903514671174078389288960
7	14	8	7	43535314099879761558896640
7	14	8	8	-27800955525090387752386560
7	14	8	9	11278084666746964908441600
7	14	8	10	-2255616933349392981688320
7	14	9	0	-2974325514973898342400
7	14	9	1	49076370997069322649600
7	14	9	2	-337957736638909199155200
7	14	9	3	1249774402323094909747200
7	14	9	4	-2584317081822945922252800
7	14	9	5	2471106816909251916595200
7	14	9	6	964239152885600668876800
7	14	9	7	-5507707272352916255539200
7	14	9	8	6345909381541497982156800
7	14	9	9	-3312655042302179278848000
7	14	9	10	662531008460435855769600
7	14	10	0	718795332785358766080
7	14	10	1	-12938315990136457789440
7	14	10	2	71160737945750517841920
7	14	10	4	-1601116603779386651443200
7	14	10	5	7685359698141055926927360
7	14	10	6	-17932505962329130496163840
7	14	10	7	23056079094423167780782080
7	14	10	8	-14410049434014479862988800
7	14	10	10	5764019773605791945195520
7	14	10	11	-3144010785603159242833920
7	14	10	12	524001797600526540472320
7	15	0	0	-6293331981552844800
7	15	0	1	18879995944658534400
7	15	0	2	-18879995944658534400
7	15	1	0	-14765125033643212800
7	15	1	1	66443062651394457600
7	15	1	2	-66443062651394457600
7	15	2	0	103597926465562214400
7	15	2	1	-621587558793373286400
7	15	2	2	1553968896983433216000
7	15	2	3	-1864762676380119859200
7	15	2	4	932381338190059929600
7	15	3	0	238178410378769203200
7	15	3	1	-1786338077840769024000
7	15	3	2	5001746617954153267200
7	15	3	3	-6430817080226768486400
7	15	3	4	3215408540113384243200
7	15	4	0	-697107542572007424000
7	15	4	1	6273967883148066816000
7	15	4	2	-25017446934052916428800
7	15	4	3	55995163357096496332800
7	15	4	4	-74268094816765240934400
7	15	4	5	55524615765860391321600
7	15	4	6	-18508205255286797107200
7	15	5	0	-1775687823718141132800
7	15	5	1	18644722149040481894400
7	15	5	2	-82569483802893562675200
7	15	5	3	199764880168290877440000
7	15	5	4	-279670832235607228416000
7	15	5	5	215746070581754147635200
7	15	5	6	-71915356860584715878400
7	15	6	0	1638202725044217446400
7	15	6	1	-19658432700530609356800
7	15	6	2	111258363794492384870400
7	15	6	3	-382084644083717269094400
7	15	6	4	858592504808812943769600
7	15	6	5	-1278007257797261210419200
7	15	6	6	1220914150060613802393600
7	15	6	7	-681352912109880056217600
7	15	6	8	170338228027470014054400
7	15	7	0	5762755685261928038400
7	15	7	1	-77797201751036028518400
7	15	7	2	469711062185018602291200
7	15	7	3	-1664483679399182126284800
7	15	7	4	3786757882005401527910400
7	15	7	5	-5653472459504723007897600
7	15	7	6	5397912834397825086259200
7	15	7	7	-3011504583911072071680000
7	15	7	8	752876145977768017920000
7	15	8	0	198288367664926556160
7	15	8	1	-2974325514973898342400
7	15	8	2	1998374955373087948800
7	15	8	3	136633078344113455104000
7	15	8	4	-945835513761699672883200
7	15	8	5	3196712115821603004088320
7	15	8	6	-6526599656576162306457600
7	15	8	7	8457308706483594067968000
7	15	8	8	-6834860611901503989350400
7	15	8	9	3147022290187070314905600
7	15	8	10	-629404458037414062981120
7	15	9	0	-7311883557644166758400
7	15	9	1	120646078701128751513600
7	15	9	2	-921204380590822077235200
7	15	9	3	4292648825649907315507200
7	15	9	4	-13494050123074862107852800
7	15	9	5	29802602238529946989363200
7	15	9	6	-46667027908431950590771200
7	15	9	7	50999830128534005533900800
7	15	9	8	-37143144661813185164083200
7	15	9	9	16262124753119789187072000
7	15	9	10	-3252424950623957837414400
7	15	10	0	-5576860340576059392000
7	15	10	1	100383486130369069056000
7	15	10	2	-806414005247298188083200
7	15	10	3	3814572472954024624128000
7	15	10	4	-11783348213603155889356800
7	15	10	5	24854951165879381498265600
7	15	10	6	-36191592866202395030323200
7	15	10	7	35535754090150650445824000
7	15	10	8	-21487085206205499231436800
7	15	10	9	5420708251039929729024000
7	15	10	10	1897247887863975405158400
7	15	10	11	-1626212475311978918707200
7	15	10	12	271035412551996486451200
7	15	11	0	-1487162757486949171200
7	15	11	1	28999673770995508838400
7	15	11	2	-236458878440424918220800
7	15	11	3	1030603790938455775641600
7	15	11	4	-2375742505085401300992000
7	15	11	5	1264831925242650270105600
7	15	11	6	9502970020341605203968000
7	15	11	7	-33648544550899711947571200
7	15	11	8	59005413147430938791116800
7	15	11	9	-63542746720523620712448000
7	15	11	10	42522444724824337652121600
7	15	11	11	-16262124753119789187072000
7	15	11	12	2710354125519964864512000
7	15	13	0	-99144183832463278080
7	15	13	1	2230744136230423756800
7	15	13	2	-15615208953612966297600
7	15	13	4	608993149190905685606400
7	15	13	5	-4019354784659977525002240
7	15	13	6	13397849282199925083340800
7	15	13	7	-25838709329956998375014400
7	15	13	8	25838709329956998375014400
7	15	13	10	-36174193061939797725020160
7	15	13	11	49328445084463360534118400
7	15	13	12	-32885630056308907022745600
7	15	13	13	11383487327183852430950400
7	15	13	14	-1626212475311978918707200
8	3	0	0	175714974629426626560
8	3	0	1	-527144923888279879680
8	3	0	2	527144923888279879680
8	3	1	0	601849381214866636800
8	3	1	1	-2708322215466899865600
8	3	1	2	2708322215466899865600
8	4	0	0	-2436531014029368360960
8	4	0	1	7309593042088105082880
8	4	0	2	-7309593042088105082880
8	4	1	0	-6757567960015196651520
8	4	1	1	30409055820068384931840
8	4	1	2	-30409055820068384931840
8	4	2	0	-2916456651664234905600
8	4	2	1	17498739909985409433600
8	4	2	2	-43746849774963523584000
8	4	2	3	52496219729956228300800
8	4	2	4	-26248109864978114150400
8	5	0	0	15936038887927625809920
8	5	0	1	-47808116663782877429760
8	5	0	2	47808116663782877429760
8	5	1	0	31024391347929250529280
8	5	1	1	-139609761065681627381760
8	5	1	2	139609761065681627381760
8	5	2	0	23178862352103647477760
8	5	2	1	-139073174112621884866560
8	5	2	2	347682935281554712166400
8	5	2	3	-417219522337865654599680
8	5	2	4	208609761168932827299840
8	5	3	0	4538917583424847872000
8	5	3	1	-34041881875686359040000
8	5	3	2	95317269251921805312000
8	5	3	3	-122550774752470892544000
8	5	3	4	61275387376235446272000
8	6	0	0	-59015581519871166382080
8	6	0	1	177046744559613499146240
8	6	0	2	-177046744559613499146240
8	6	1	0	-77854537086039993876480
8	6	1	1	350345416887179972444160
8	6	1	2	-350345416887179972444160
8	6	2	0	-85170799909015702732800
8	6	2	1	511024799454094216396800
8	6	2	2	-1277561998635235540992000
8	6	2	3	1533074398362282649190400
8	6	2	4	-766537199181141324595200
8	6	3	0	-27146006858414602321920
8	6	3	1	203595051438109517414400
8	6	3	2	-570066144026706648760320
8	6	3	3	732942185177194262691840
8	6	3	4	-366471092588597131345920
8	6	4	0	-6429378991240343715840
8	6	4	1	57864410921163093442560
8	6	4	2	-186979269729001049948160
8	6	4	3	253909454556559898050560
8	6	4	4	-116154069630489911623680
8	6	4	5	-12960789177348044881920
8	6	4	6	4320263059116014960640
8	7	0	0	137833845860504945295360
8	7	0	1	-413501537581514835886080
8	7	0	2	413501537581514835886080
8	7	1	0	125803306277856490291200
8	7	1	1	-566114878250354206310400
8	7	1	2	566114878250354206310400
8	7	2	0	188999624064507523891200
8	7	2	1	-1133997744387045143347200
8	7	2	2	2834994360967612858368000
8	7	2	3	-3401993233161135430041600
8	7	2	4	1700996616580567715020800
8	7	3	0	73098199496001815838720
8	7	3	1	-548236496220013618790400
8	7	3	2	1535062189416038132613120
8	7	3	3	-1973651386392049027645440
8	7	3	4	986825693196024513822720
8	7	4	0	24064253478164779499520
8	7	4	1	-216578281303483015495680
8	7	4	2	607971906953029028413440
8	7	4	3	-399157222165928938045440
8	7	4	4	-759496461749943250452480
8	7	4	5	1150890087399489263370240
8	7	4	6	-383630029133163087790080
8	7	5	0	10852118303522716385280
8	7	5	1	-113947242186988522045440
8	7	5	2	504623501113806311915520
8	7	5	3	-1220863309146305593344000
8	7	5	4	1709208632804827830681600
8	7	5	5	-1318532373878010040811520
8	7	5	6	439510791292670013603840
8	8	0	0	-212825833642813921689600
8	8	0	1	638477500928441765068800
8	8	0	2	-638477500928441765068800
8	8	1	0	-144892874390358196224000
8	8	1	1	652017934756611883008000
8	8	1	2	-652017934756611883008000
8	8	2	0	-269727998279240248197120
8	8	2	1	1618367989675441489182720
8	8	2	2	-4045919974188603722956800
8	8	2	3	4855103969026324467548160
8	8	2	4	-2427551984513162233774080
8	8	3	0	-117297868104787820544000
8	8	3	1	879734010785908654080000
8	8	3	2	-2463255230200544231424000
8	8	3	3	3167042438829271154688000
8	8	3	4	-1583521219414635577344000
8	8	4	0	-16383975997936647536640
8	8	4	1	147455783981429827829760
8	8	4	2	39851357849281269596160
8	8	4	3	-2450944906817135035023360
8	8	4	4	6416299011297849617940480
8	8	4	5	-6228991869467138520514560
8	8	4	6	2076330623155712840171520
8	8	5	0	-37409473722780305326080
8	8	5	1	392799474089193205923840
8	8	5	2	-1739540528109284197662720
8	8	5	3	4208565793812784349184000
8	8	5	4	-5891992111337898088857600
8	8	5	5	4545251057317807097118720
8	8	5	6	-1515083685772602365706240
8	8	6	0	-14252454886156900761600
8	8	6	1	171029458633882809139200
8	8	6	2	-839150782097954156052480
8	8	6	3	2164929091914278916587520
8	8	6	4	-3090494619540373446328320
8	8	6	5	2231315179429982392811520
8	8	6	6	-446570211693496809553920
8	8	6	7	-254744155528426275471360
8	8	6	8	63686038882106568867840
8	9	0	0	221145014127840209141760
8	9	0	1	-663435042383520627425280
8	9	0	2	663435042383520627425280
8	9	1	0	125069528030352632709120
8	9	1	1	-562812876136586847191040
8	9	1	2	562812876136586847191040
8	9	2	0	237573186160194245099520
8	9	2	1	-1425439116961165470597120
8	9	2	2	3563597792402913676492800
8	9	2	3	-4276317350883496411791360
8	9	2	4	2138158675441748205895680
8	9	3	0	104648419325092130979840
8	9	3	1	-784863144938190982348800
8	9	3	2	2197616805826934750576640
8	9	3	3	-2825507321777487536455680
8	9	3	4	1412753660888743768227840
8	9	4	0	-65523992438191738060800
8	9	4	1	589715931943725642547200
8	9	4	2	-3213833857047638719856640
8	9	4	3	10437264163129947680931840
8	9	4	4	-18191202863870277656248320
8	9	4	5	15567084938766364578938880
8	9	4	6	-5189028312922121526312960
8	9	5	0	29970326963256494653440
8	9	5	1	-314688433114193193861120
8	9	5	2	1393620203791427001384960
8	9	5	3	-3371661783366355648512000
8	9	5	4	4720326496712897907916800
8	9	5	5	-3641394726035664100392960
8	9	5	6	1213798242011888033464320
8	9	6	0	49601671592144504094720
8	9	6	1	-595220059105734049136640
8	9	6	2	2992319794349256820654080
8	9	6	3	-8181446287312688838082560
8	9	6	4	13199889215896792093163520
8	9	6	5	-12725936571182287631155200
8	9	6	6	7233540997883679914065920
8	9	6	7	-2564196120705357746012160
8	9	6	8	641049030176339436503040
8	9	7	0	10588148177926021447680
8	9	7	1	-142940000402001289543680
8	9	7	2	753240591851073495367680
8	9	7	3	-1905546197552217540526080
8	9	7	4	2072406248932486844252160
8	9	7	5	316082501952999606190080
8	9	7	6	-2871431304218755360358400
8	9	7	7	2370917545915218992824320
8	9	7	8	-592729386478804748206080
8	10	0	0	-153553737626609485086720
8	10	0	1	460661212879828455260160
8	10	0	2	-460661212879828455260160
8	10	1	0	-80801884214124494192640
8	10	1	1	363608478963560223866880
8	10	1	2	-363608478963560223866880
8	10	2	0	-103205192758992694149120
8	10	2	1	619231156553956164894720
8	10	2	2	-1548077891384890412236800
8	10	2	3	1857693469661868494684160
8	10	2	4	-928846734830934247342080
8	10	3	0	-24272818810689379368960
8	10	3	1	182046141080170345267200
8	10	3	2	-509729195024476966748160
8	10	3	3	655366107888613242961920
8	10	3	4	-327683053944306621480960
8	10	4	0	166281609199334184714240
8	10	4	1	-1496534482794007662428160
8	10	4	2	6697752501078467951984640
8	10	4	3	-17738497764560692775485440
8	10	4	4	27209403202259776878673920
8	10	4	5	-22008185183975316589117440
8	10	4	6	7336061727991772196372480
8	10	5	0	30295156328664756387840
8	10	5	1	-318099141450979942072320
8	10	5	2	1408724769282911172034560
8	10	5	3	-3408205086974785093632000
8	10	5	4	4771487121764699131084800
8	10	5	5	-3680861493932767901122560
8	10	5	6	1226953831310922633707520
8	10	6	0	-78017627480989158604800
8	10	6	1	936211529771869903257600
8	10	6	2	-4917589650468575694028800
8	10	6	3	14767643666403279293644800
8	10	6	4	-27936583062365925487411200
8	10	6	5	34576832941588069377638400
8	10	6	6	-28048143424847567074099200
8	10	6	7	14162170666558466241331200
8	10	6	8	-3540542666639616560332800
8	10	7	0	-36079643136388214292480
8	10	7	1	487075182341240892948480
8	10	7	2	-2628382468308402532515840
8	10	7	3	7140858258906109087580160
8	10	7	4	-9806479724650916248289280
8	10	7	5	4936496571988946158878720
8	10	7	6	2599108046417831091240960
8	10	7	7	-3638234488926411266457600
8	10	7	8	909558622231602816614400
8	10	8	0	-4867251444404547747840
8	10	8	1	73008771666068216217600
8	10	8	2	-457941806918490547814400
8	10	8	3	1552828013054202898022400
8	10	8	4	-2952109071332769005568000
8	10	8	5	2492483351583936919633920
8	10	8	6	1555113355823138262220800
8	10	8	7	-6422472264203168749977600
8	10	8	8	7077342889499984658432000
8	10	8	9	-3647816548966128313958400
8	10	8	10	729563309793225662791680
8	11	0	0	68894031203175015383040
8	11	0	1	-206682093609525046149120
8	11	0	2	206682093609525046149120
8	11	1	0	37672149635995855749120
8	11	1	1	-169524673361981350871040
8	11	1	2	169524673361981350871040
8	11	2	0	-9001157850942626856960
8	11	2	1	54006947105655761141760
8	11	2	2	-135017367764139402854400
8	11	2	3	162020841316967283425280
8	11	2	4	-81010420658483641712640
8	11	3	0	-42535138834707822673920
8	11	3	1	319013541260308670054400
8	11	3	2	-893237915528864276152320
8	11	3	3	1148448748537111212195840
8	11	3	4	-574224374268555606097920
8	11	4	0	-155911378897497961267200
8	11	4	1	1403202410077481651404800
8	11	4	2	-5985994097902998572236800
8	11	4	3	14867928436255766662348800
8	11	4	4	-21689826869639715382886400
8	11	4	5	17107035181814198462054400
8	11	4	6	-5702345060604732820684800
8	11	5	0	-35124428863051168481280
8	11	5	1	368806503062037269053440
8	11	5	2	-1633285942131879334379520
8	11	5	3	3951498247093256454144000
8	11	5	4	-5532097545930559035801600
8	11	5	5	4267618106860716970475520
8	11	5	6	-1422539368953572323491840
8	11	6	0	95725000430136946851840
8	11	6	1	-1148700005161643362222080
8	11	6	2	6254918376865064917401600
8	11	6	3	-20110215229193818346618880
8	11	6	4	41798099045617757061120000
8	11	6	5	-57687516323574564897423360
8	11	6	6	51889049785107434019225600
8	11	6	7	-27994180866213639188643840
8	11	6	8	6998545216553409797160960
8	11	7	0	64723674702499849175040
8	11	7	1	-873769608483747963863040
8	11	7	2	4866645031257413391482880
8	11	7	3	-14401449271885426128322560
8	11	7	4	24336390024530343871119360
8	11	7	5	-23632772569983856316252160
8	11	7	6	12994214362792451018588160
8	11	7	7	-4385677290969570497003520
8	11	7	8	1096419322742392624250880
8	11	8	0	15244689343521132380160
8	11	8	1	-228670340152816985702400
8	11	8	2	1437451244062203130675200
8	11	8	3	-4901216560494320340172800
8	11	8	4	9446886824814068524646400
8	11	8	5	-8427309487743864542330880
8	11	8	6	-3654602379030885197414400
8	11	8	7	18573647566437172327219200
8	11	8	8	-20935072555071287014195200
8	11	8	9	10861107108974662621593600
8	11	8	10	-2172221421794932524318720
8	11	9	0	2789383479747957227520
8	11	9	1	-46024827415841294254080
8	11	9	2	292946753833700834672640
8	11	9	3	-848105326185673905930240
8	11	9	4	527866990805802717020160
8	11	9	5	3981743151555361678295040
8	11	9	6	-13922625405409277761290240
8	11	9	7	22299058912223094783344640
8	11	9	8	-19953540845237330887311360
8	11	9	9	9585850744787704794316800
8	11	9	10	-1917170148957540958863360
8	12	0	0	-19005870032019746979840
8	12	0	1	57017610096059240939520
8	12	0	2	-57017610096059240939520
8	12	1	0	-12030750488825136414720
8	12	1	1	54138377199713113866240
8	12	1	2	-54138377199713113866240
8	12	2	0	30326933762039925964800
8	12	2	1	-181961602572239555788800
8	12	2	2	454904006430598889472000
8	12	2	3	-545884807716718667366400
8	12	2	4	272942403858359333683200
8	12	3	0	43192068355666634342400
8	12	3	1	-323940512667499757568000
8	12	3	2	907033435468999321190400
8	12	3	3	-1166185845602999127244800
8	12	3	4	583092922801499563622400
8	12	4	0	50608815953902829568000
8	12	4	1	-455479343585125466112000
8	12	4	2	1943484349979920611409920
8	12	4	3	-4828715946102641676779520
8	12	4	4	7046122806333949303848960
8	12	4	5	-5558117799939154158551040
8	12	4	6	1852705933313051386183680
8	12	5	0	-28256330719617016135680
8	12	5	1	296691472555978669424640
8	12	5	2	-1313919378462191250309120
8	12	5	3	3178837205956914315264000
8	12	5	4	-4450372088339680041369600
8	12	5	5	3433144182433467460485120
8	12	5	6	-1144381394144489153495040
8	12	6	0	-100190619710257480335360
8	12	6	1	1202287436523089764024320
8	12	6	2	-6570352270894266329333760
8	12	6	3	21261116187571069397237760
8	12	6	4	-44551721027595452798730240
8	12	6	5	62009746103438658534113280
8	12	6	6	-56177166339257480868003840
8	12	6	7	30434786546952509734256640
8	12	6	8	-7608696636738127433564160
8	12	7	0	-66682090103010974760960
8	12	7	1	900208216390648159272960
8	12	7	2	-5122775212076077940736000
8	12	7	3	15980394638391595688263680
8	12	7	4	-29917689331442873322700800
8	12	7	5	34963143519843149036912640
8	12	7	6	-26071303015192147116687360
8	12	7	7	12357361578780940660899840
8	12	7	8	-3089340394695235165224960
8	12	8	0	-20097670034192219504640
8	12	8	1	301465050512883292569600
8	12	8	2	-1879308987101789080780800
8	12	8	3	6272595117525771170611200
8	12	8	4	-11446891939363632552345600
8	12	8	5	7993691436693797229035520
8	12	8	6	10924812013634319915417600
8	12	8	7	-32230048673811342871756800
8	12	8	8	33785027483003886816460800
8	12	8	9	-17151676876367367399014400
8	12	8	10	3430335375273473479802880
8	12	9	0	-4972462142982004408320
8	12	9	1	82045625359203072737280
8	12	9	2	-522960783670285676052480
8	12	9	3	1521890867802649216942080
8	12	9	4	-999665085725967667691520
8	12	9	5	-6903063468920464358768640
8	12	9	6	24416120895357160406384640
8	12	9	7	-39220909084062753100922880
8	12	9	8	35136613905683052201246720
8	12	9	9	-16887591089778242617344000
8	12	9	10	3377518217955648523468800
8	12	10	0	-1039107311321009356800
8	12	10	1	18703931603778168422400
8	12	10	2	-102871623820779926323200
8	12	10	4	2314611535967548342272000
8	12	10	5	-11110135372644232042905600
8	12	10	6	25923649202836541433446400
8	12	10	7	-33330406117932696128716800
8	12	10	8	20831503823707935080448000
8	12	10	10	-8332601529483174032179200
8	12	10	11	4545055379718094926643200
8	12	10	12	-757509229953015821107200
8	13	0	0	3009858635546665943040
8	13	0	1	-9029575906639997829120
8	13	0	2	9029575906639997829120
8	13	1	0	2460499163803114536960
8	13	1	1	-11072246237114015416320
8	13	1	2	11072246237114015416320
8	13	2	0	-11871547809017238650880
8	13	2	1	71229286854103431905280
8	13	2	2	-178073217135258579763200
8	13	2	3	213687860562310295715840
8	13	2	4	-106843930281155147857920
8	13	3	0	-17304532898445797621760
8	13	3	1	129783996738343482163200
8	13	3	2	-363395190867361750056960
8	13	3	3	467222388258036535787520
8	13	3	4	-233611194129018267893760
8	13	4	0	7894355637659888517120
8	13	4	1	-71049200738938996654080
8	13	4	2	260983121788108139397120
8	13	4	3	-500160719644563886571520
8	13	4	4	550812553687845945999360
8	13	4	5	-360878632638676803256320
8	13	4	6	120292877546225601085440
8	13	5	0	42952668517542332989440
8	13	5	1	-451003019434194496389120
8	13	5	2	1997299086065718484008960
8	13	5	3	-4832175208223512461312000
8	13	5	4	6765045291512917445836800
8	13	5	5	-5218749224881393458216960
8	13	5	6	1739583074960464486072320
8	13	6	0	47404087458832695951360
8	13	6	1	-568849049505992351416320
8	13	6	2	3074504516225112955944960
8	13	6	3	-9751795586587257533890560
8	13	6	4	19916857437637478228951040
8	13	6	5	-26980446005332283574190080
8	13	6	6	23878972721976868224368640
8	13	6	7	-12758992045885234599690240
8	13	6	8	3189748011471308649922560
8	13	7	0	9121264912586621583360
8	13	7	1	-123137076319919391375360
8	13	7	2	616270951935357443112960
8	13	7	3	-1299087789884638714920960
8	13	7	4	333900570741140115947520
8	13	7	5	3452313567381055246172160
8	13	7	6	-6273340486359752009318400
8	13	7	7	4390773683342343080509440
8	13	7	8	-1097693420835585770127360
8	13	8	0	-3494832480094330552320
8	13	8	1	52422487201414958284800
8	13	8	2	-423339468453128668446720
8	13	8	3	2249259312561136273981440
8	13	8	4	-8169208101289434839777280
8	13	8	5	20505334711850489736069120
8	13	8	6	-35558507680340200768143360
8	13	8	7	41894044101648227279831040
8	13	8	8	-32065998892054443573903360
8	13	8	9	14394991911094924502630400
8	13	8	10	-2878998382218984900526080
8	13	9	0	148716275748694917120
8	13	9	1	-2453818549853466132480
8	13	9	2	8811439338110173839360
8	13	9	3	46678321050621617111040
8	13	9	4	-509613497921840307240960
8	13	9	5	1999137126286300010250240
8	13	9	6	-4435109723049922752675840
8	13	9	7	6049108874216040101314560
8	13	9	8	-5035737581729964349194240
8	13	9	9	2348973575450636215910400
8	13	9	10	-469794715090127243182080
8	13	10	0	1561520895361296629760
8	13	10	1	-28107376116503339335680
8	13	10	2	154590568640768366346240
8	13	10	4	-3478287794417288242790400
8	13	10	5	16695781413202983565393920
8	13	10	6	-38956823297473628319252480
8	13	10	7	50087344239608950696181760
8	13	10	8	-31304590149755594185113600
8	13	10	10	12521836059902237674045440
8	13	10	11	-6830092396310311458570240
8	13	10	12	1138348732718385243095040
8	14	0	0	-240663469674049044480
8	14	0	1	721990409022147133440
8	14	0	2	-721990409022147133440
8	14	1	0	-288460519236509368320
8	14	1	1	1298072336564292157440
8	14	1	2	-1298072336564292157440
8	14	2	0	1880705784066720399360
8	14	2	1	-11284234704400322396160
8	14	2	2	28210586761000805990400
8	14	2	3	-33852704113200967188480
8	14	2	4	16926352056600483594240
8	14	3	0	3255234035832544296960
8	14	3	1	-24414255268744082227200
8	14	3	2	68359914752483430236160
8	14	3	3	-87891318967478696017920
8	14	3	4	43945659483739348008960
8	14	4	0	-6056057229099631902720
8	14	4	1	54504515061896687124480
8	14	4	2	-215750717965371294351360
8	14	4	3	476936581863777459240960
8	14	4	4	-624578731073959341588480
8	14	4	5	463332528170484734361600
8	14	4	6	-154444176056828244787200
8	14	5	0	-15595586667229457940480
8	14	5	1	163753660005909308375040
8	14	5	2	-725194780026169794232320
8	14	5	3	1754503500063314018304000
8	14	5	4	-2456304900088639625625600
8	14	5	5	1894863780068379139768320
8	14	5	6	-631621260022793046589440
8	14	6	0	61706926916559175680
8	14	6	1	-740483122998710108160
8	14	6	2	27425759852655154298880
8	14	6	3	-223506620299437020282880
8	14	6	4	822328970444217117573120
8	14	6	5	-1651350173297125506416640
8	14	6	6	1881549026005253797969920
8	14	6	7	-1140941972776753110712320
8	14	6	8	285235493194188277678080
8	14	7	0	21869554550377524756480
8	14	7	1	-295238986430096584212480
8	14	7	2	1800823972575415338270720
8	14	7	3	-6508614281977804514918400
8	14	7	4	15184089764984734026301440
8	14	7	5	-23237020328173158027755520
8	14	7	6	22614475408354652517826560
8	14	7	7	-12744687399111657007349760
8	14	7	8	3186171849777914251837440
8	14	8	0	17019751557906196070400
8	14	8	1	-255296273368592941056000
8	14	8	2	1729994747994354619514880
8	14	8	3	-6973938214028236617154560
8	14	8	4	18557709185576643927736320
8	14	8	5	-34192121128295660456509440
8	14	8	6	44485611101913922079293440
8	14	8	7	-40847044341308477889576960
8	14	8	8	25818883591446250483875840
8	14	8	9	-10404748337412754007654400
8	14	8	10	2080949667482550801530880
8	14	9	0	2974325514973898342400
8	14	9	1	-49076370997069322649600
8	14	9	2	335726992502678775398400
8	14	9	3	-1219659356483984189030400
8	14	9	4	2408088295060742445465600
8	14	9	5	-1885536481148765680435200
8	14	9	6	-2174417846790605556940800
8	14	9	7	7100458585621438817894400
8	14	9	8	-7647548585031950244249600
8	14	9	9	3914955959084393693184000
8	14	9	10	-782991191816878738636800
8	14	10	0	-768367424701590405120
8	14	10	1	13830613644628627292160
8	14	10	2	-76068375045457450106880
8	14	10	4	1711538438522792627404800
8	14	10	5	-8215384504909404611543040
8	14	10	6	19169230511455277426933760
8	14	10	7	-24646153514728213834629120
8	14	10	8	15403845946705133646643200
8	14	10	10	-6161538378682053458657280
8	14	10	11	3360839115644756431994880
8	14	10	12	-560139852607459405332480
8	15	0	0	6293331981552844800
8	15	0	1	-18879995944658534400
8	15	0	2	18879995944658534400
8	15	1	0	14765125033643212800
8	15	1	1	-66443062651394457600
8	15	1	2	66443062651394457600
8	15	2	0	-103597926465562214400
8	15	2	1	621587558793373286400
8	15	2	2	-1553968896983433216000
8	15	2	3	1864762676380119859200
8	15	2	4	-932381338190059929600
8	15	3	0	-238178410378769203200
8	15	3	1	1786338077840769024000
8	15	3	2	-5001746617954153267200
8	15	3	3	6430817080226768486400
8	15	3	4	-3215408540113384243200
8	15	4	0	697107542572007424000
8	15	4	1	-6273967883148066816000
8	15	4	2	25017446934052916428800
8	15	4	3	-55995163357096496332800
8	15	4	4	74268094816765240934400
8	15	4	5	-55524615765860391321600
8	15	4	6	18508205255286797107200
8	15	5	0	1775687823718141132800
8	15	5	1	-18644722149040481894400
8	15	5	2	82569483802893562675200
8	15	5	3	-199764880168290877440000
8	15	5	4	279670832235607228416000
8	15	5	5	-215746070581754147635200
8	15	5	6	71915356860584715878400
8	15	6	0	-1638202725044217446400
8	15	6	1	19658432700530609356800
8	15	6	2	-111258363794492384870400
8	15	6	3	382084644083717269094400
8	15	6	4	-858592504808812943769600
8	15	6	5	1278007257797261210419200
8	15	6	6	-1220914150060613802393600
8	15	6	7	681352912109880056217600
8	15	6	8	-170338228027470014054400
8	15	7	0	-5762755685261928038400
8	15	7	1	77797201751036028518400
8	15	7	2	-469711062185018602291200
8	15	7	3	1664483679399182126284800
8	15	7	4	-3786757882005401527910400
8	15	7	5	5653472459504723007897600
8	15	7	6	-5397912834397825086259200
8	15	7	7	3011504583911072071680000
8	15	7	8	-752876145977768017920000
8	15	8	0	-198288367664926556160
8	15	8	1	2974325514973898342400
8	15	8	2	-1998374955373087948800
8	15	8	3	-136633078344113455104000
8	15	8	4	945835513761699672883200
8	15	8	5	-3196712115821603004088320
8	15	8	6	6526599656576162306457600
8	15	8	7	-8457308706483594067968000
8	15	8	8	6834860611901503989350400
8	15	8	9	-3147022290187070314905600
8	15	8	10	629404458037414062981120
8	15	9	0	7311883557644166758400
8	15	9	1	-120646078701128751513600
8	15	9	2	921204380590822077235200
8	15	9	3	-4292648825649907315507200
8	15	9	4	13494050123074862107852800
8	15	9	5	-29802602238529946989363200
8	15	9	6	46667027908431950590771200
8	15	9	7	-50999830128534005533900800
8	15	9	8	37143144661813185164083200
8	15	9	9	-16262124753119789187072000
8	15	9	10	3252424950623957837414400
8	15	10	0	5576860340576059392000
8	15	10	1	-100383486130369069056000
8	15	10	2	806414005247298188083200
8	15	10	3	-3814572472954024624128000
8	15	10	4	11783348213603155889356800
8	15	10	5	-24854951165879381498265600
8	15	10	6	36191592866202395030323200
8	15	10	7	-35535754090150650445824000
8	15	10	8	21487085206205499231436800
8	15	10	9	-5420708251039929729024000
8	15	10	10	-1897247887863975405158400
8	15	10	11	1626212475311978918707200
8	15	10	12	-271035412551996486451200
8	15	11	0	1487162757486949171200
8	15	11	1	-28999673770995508838400
8	15	11	2	236458878440424918220800
8	15	11	3	-1030603790938455775641600
8	15	11	4	2375742505085401300992000
8	15	11	5	-1264831925242650270105600
8	15	11	6	-9502970020341605203968000
8	15	11	7	33648544550899711947571200
8	15	11	8	-59005413147430938791116800
8	15	11	9	63542746720523620712448000
8	15	11	10	-42522444724824337652121600
8	15	11	11	16262124753119789187072000
8	15	11	12	-2710354125519964864512000
8	15	13	0	99144183832463278080
8	15	13	1	-2230744136230423756800
8	15	13	2	15615208953612966297600
8	15	13	4	-608993149190905685606400
8	15	13	5	4019354784659977525002240
8	15	13	6	-13397849282199925083340800
8	15	13	7	25838709329956998375014400
8	15	13	8	-25838709329956998375014400
8	15	13	10	36174193061939797725020160
8	15	13	11	-49328445084463360534118400
8	15	13	12	32885630056308907022745600
8	15	13	13	-11383487327183852430950400
8	15	13	14	1626212475311978918707200
9	3	0	0	-235493165124456284160
9	3	0	1	706479495373368852480
9	3	0	2	-706479495373368852480
9	3	1	0	-1264253886593276313600
9	3	1	1	5689142489669743411200
9	3	1	2	-5689142489669743411200
9	4	0	0	1286547312681560309760
9	4	0	1	-3859641938044680929280
9	4	0	2	3859641938044680929280
9	4	1	0	11089896341983419432960
9	4	1	1	-49904533538925387448320
9	4	1	2	49904533538925387448320
9	4	2	0	4058299306885502730240
9	4	2	1	-24349795841313016381440
9	4	2	2	60874489603282540953600
9	4	2	3	-73049387523939049144320
9	4	2	4	36524693761969524572160
9	5	0	0	-4674282787269912821760
9	5	0	1	14022848361809738465280
9	5	0	2	-14022848361809738465280
9	5	1	0	-42182202864135973109760
9	5	1	1	189819912888611878993920
9	5	1	2	-189819912888611878993920
9	5	2	0	-29074174092809192079360
9	5	2	1	174445044556855152476160
9	5	2	2	-436112611392137881190400
9	5	2	3	523335133670565457428480
9	5	2	4	-261667566835282728714240
9	5	3	0	-6786658794003297730560
9	5	3	1	50899940955024732979200
9	5	3	2	-142519834674069252341760
9	5	3	3	183239787438089038725120
9	5	3	4	-91619893719044519362560
9	6	0	0	17299875358832984064000
9	6	0	1	-51899626076498952192000
9	6	0	2	51899626076498952192000
9	6	1	0	90069613479687283015680
9	6	1	1	-405313260658592773570560
9	6	1	2	405313260658592773570560
9	6	2	0	97864575773087681740800
9	6	2	1	-587187454638526090444800
9	6	2	2	1467968636596315226112000
9	6	2	3	-1761562363915578271334400
9	6	2	4	880781181957789135667200
9	6	3	0	35593336148142682275840
9	6	3	1	-266950021111070117068800
9	6	3	2	747460059110996327792640
9	6	3	3	-961020075999852421447680
9	6	3	4	480510037999926210723840
9	6	4	0	10547415864638208737280
9	6	4	1	-94926742781743878635520
9	6	4	2	315952159904611361095680
9	6	4	3	-471811817701509987041280
9	6	4	4	310308367490192548823040
9	6	4	5	-89282950367325066362880
9	6	4	6	29760983455775022120960
9	7	0	0	-51056709581204477706240
9	7	0	1	153170128743613433118720
9	7	0	2	-153170128743613433118720
9	7	1	0	-126235857129659844526080
9	7	1	1	568061357083469300367360
9	7	1	2	-568061357083469300367360
9	7	2	0	-207724296468325308825600
9	7	2	1	1246345778809951852953600
9	7	2	2	-3115864447024879632384000
9	7	2	3	3739037336429855558860800
9	7	2	4	-1869518668214927779430400
9	7	3	0	-87264000718863712911360
9	7	3	1	654480005391477846835200
9	7	3	2	-1832544015096137971138560
9	7	3	3	2356128019409320248606720
9	7	3	4	-1178064009704660124303360
9	7	4	0	-39021772790965469184000
9	7	4	1	351195955118689222656000
9	7	4	2	-1083430198337134091304960
9	7	4	3	1232641863242466207989760
9	7	4	4	-36754373635174280724480
9	7	4	5	-695479869583270587924480
9	7	4	6	231826623194423529308160
9	7	5	0	-14897001314443528765440
9	7	5	1	156418513801657052037120
9	7	5	2	-692710561121624087592960
9	7	5	3	1675912647874896986112000
9	7	5	4	-2346277707024855780556800
9	7	5	5	1809985659704888745000960
9	7	5	6	-603328553234962915000320
9	8	0	0	96912878633894459473920
9	8	0	1	-290738635901683378421760
9	8	0	2	290738635901683378421760
9	8	1	0	130529941530123027087360
9	8	1	1	-587384736885553621893120
9	8	1	2	587384736885553621893120
9	8	2	0	297265504777906453217280
9	8	2	1	-1783593028667438719303680
9	8	2	2	4458982571668596798259200
9	8	2	3	-5350779086002316157911040
9	8	2	4	2675389543001158078955520
9	8	3	0	137366238317169994629120
9	8	3	1	-1030246787378774959718400
9	8	3	2	2884691004660569887211520
9	8	3	3	-3708888434563589854986240
9	8	3	4	1854444217281794927493120
9	8	4	0	42000640969956749475840
9	8	4	1	-378005768729610745282560
9	8	4	2	788962072290142118215680
9	8	4	3	936314097203308469944320
9	8	4	4	-4863723809412582274498560
9	8	4	5	5274680112973113647431680
9	8	4	6	-1758226704324371215810560
9	8	5	0	49886893477207253975040
9	8	5	1	-523812381510676166737920
9	8	5	2	2319740546690137309839360
9	8	5	3	-5612275516185816072192000
9	8	5	4	7857185722660142501068800
9	8	5	5	-6061257557480681357967360
9	8	5	6	2020419185826893785989120
9	8	6	0	16394649573234510397440
9	8	6	1	-196735794878814124769280
9	8	6	2	961419480164375923261440
9	8	6	3	-2455597782796738379120640
9	8	6	4	3423812837365180331458560
9	8	6	5	-2300442898287941092638720
9	8	6	6	208857904642259901480960
9	8	6	7	478248338388903253770240
9	8	6	8	-119562084597225813442560
9	9	0	0	-116052014963988124139520
9	9	0	1	348156044891964372418560
9	9	0	2	-348156044891964372418560
9	9	1	0	-106055745274034855608320
9	9	1	1	477250853733156850237440
9	9	1	2	-477250853733156850237440
9	9	2	0	-275739946890714824048640
9	9	2	1	1654439681344288944291840
9	9	2	2	-4136099203360722360729600
9	9	2	3	4963319044032866832875520
9	9	2	4	-2481659522016433416437760
9	9	3	0	-130288623337261655654400
9	9	3	1	977164675029462417408000
9	9	3	2	-2736061090082494768742400
9	9	3	3	3517792830106064702668800
9	9	3	4	-1758896415053032351334400
9	9	4	0	33641190683208277032960
9	9	4	1	-302770716148874493296640
9	9	4	2	2145340575796184355962880
9	9	4	3	-8330482712543988736327680
9	9	4	4	15778598839395416895651840
9	9	4	5	-13936028979748107032985600
9	9	4	6	4645342993249369010995200
9	9	5	0	-45907891733110865264640
9	9	5	1	482032863197664085278720
9	9	5	2	-2134716965589655234805760
9	9	5	3	5164637819974972342272000
9	9	5	4	-7230492947964961279180800
9	9	5	5	5577808845572970129653760
9	9	5	6	-1859269615190990043217920
9	9	6	0	-52540793266494033100800
9	9	6	1	630489519197928397209600
9	9	6	2	-3146531985798930314035200
9	9	6	3	8458368017455628314214400
9	9	6	4	-13196771536471781592268800
9	9	6	5	11886368521200498376704000
9	9	6	6	-5837561986913061883084800
9	9	6	7	1607519268439624935014400
9	9	6	8	-401879817109906233753600
9	9	7	0	-11187481317177431162880
9	9	7	1	151030997781895320698880
9	9	7	2	-796563176938253844480000
9	9	7	3	2020611451012061897687040
9	9	7	4	-2220241861735325525606400
9	9	7	5	-267085103978235643822080
9	9	7	6	2954042480415060441169920
9	9	7	7	-2455726382076270194196480
9	9	7	8	613931595519067548549120
9	10	0	0	88185929054935874273280
9	10	0	1	-264557787164807622819840
9	10	0	2	264557787164807622819840
9	10	1	0	66898878632382619975680
9	10	1	1	-301044953845721789890560
9	10	1	2	301044953845721789890560
9	10	2	0	143420578806853942640640
9	10	2	1	-860523472841123655843840
9	10	2	2	2151308682102809139609600
9	10	2	3	-2581570418523370967531520
9	10	2	4	1290785209261685483765760
9	10	3	0	49030482146248265564160
9	10	3	1	-367728616096861991731200
9	10	3	2	1029640125071213576847360
9	10	3	3	-1323823017948703170232320
9	10	3	4	661911508974351585116160
9	10	4	0	-134746587253537316536320
9	10	4	1	1212719285281835848826880
9	10	4	2	-5598403214210174193500160
9	10	4	3	15399630006033507428597760
9	10	4	4	-24270470373458830562426880
9	10	4	5	19884786444530492217753600
9	10	4	6	-6628262148176830739251200
9	10	5	0	-20999777628202582671360
9	10	5	1	220497665096127118049280
9	10	5	2	-976489659711420094218240
9	10	5	3	2362474983172790550528000
9	10	5	4	-3307464976441906770739200
9	10	5	5	2551472981826613794570240
9	10	5	6	-850490993942204598190080
9	10	6	0	74069351911872025067520
9	10	6	1	-888832222942464300810240
9	10	6	2	4639311945949509750620160
9	10	6	3	-13755592490857962280058880
9	10	6	4	25522812999591766775562240
9	10	6	5	-30797635702744042879057920
9	10	6	6	24305237897162514487050240
9	10	6	7	-12033736568212428737740800
9	10	6	8	3008434142053107184435200
9	10	7	0	34994661418328874024960
9	10	7	1	-472427929147439799336960
9	10	7	2	2536891279491244763381760
9	10	7	3	-6795385410465598443356160
9	10	7	4	8957517524923636116357120
9	10	7	5	-3574088310317427971850240
9	10	7	6	-3971473018746817845657600
9	10	7	7	4425287819016537573949440
9	10	7	8	-1106321954754134393487360
9	10	8	0	5024711204896820428800
9	10	8	1	-75370668073452306432000
9	10	8	2	474446482486381353369600
9	10	8	3	-1623341713870151693107200
9	10	8	4	3155763704612123993702400
9	10	8	5	-2907710633187812258611200
9	10	8	6	-949754915609447183155200
9	10	8	7	5798831081837994757324800
9	10	8	8	-6642183987036937204531200
9	10	8	9	3461650811051625676800000
9	10	8	10	-692330162210325135360000
9	11	0	0	-41813218765359368110080
9	11	0	1	125439656296078104330240
9	11	0	2	-125439656296078104330240
9	11	1	0	-30905715491763506380800
9	11	1	1	139075719712935778713600
9	11	1	2	-139075719712935778713600
9	11	2	0	-21439330625255437762560
9	11	2	1	128635983751532626575360
9	11	2	2	-321589959378831566438400
9	11	2	3	385907951254597879726080
9	11	2	4	-192953975627298939863040
9	11	3	0	24041637053799491174400
9	11	3	1	-180312277903496183808000
9	11	3	2	504874378129789314662400
9	11	3	3	-649124200452586261708800
9	11	3	4	324562100226293130854400
9	11	4	0	133458160630279805337600
9	11	4	1	-1201123445672518248038400
9	11	4	2	5181271561546818052423680
9	11	4	3	-13070777684193134593966080
9	11	4	4	19311592473207904759971840
9	11	4	5	-15331444357333604955586560
9	11	4	6	5110481452444534985195520
9	11	5	0	33728082072031482347520
9	11	5	1	-354144861756330564648960
9	11	5	2	1568355816349463929159680
9	11	5	3	-3794409233103541764096000
9	11	5	4	5312172926344958469734400
9	11	5	5	-4097961971751825105223680
9	11	5	6	1365987323917275035074560
9	11	6	0	-81201026278730193960960
9	11	6	1	974412315344762327531520
9	11	6	2	-5301187236386425452625920
9	11	6	3	17016697194117815756390400
9	11	6	4	-35296534129605069168967680
9	11	6	5	48610710665943218619678720
9	11	6	6	-43645050266794114657812480
9	11	6	7	23521268609839750101073920
9	11	6	8	-5880317152459937525268480
9	11	7	0	-58415520082886047825920
9	11	7	1	788609521118961645649920
9	11	7	2	-4365266697105157065277440
9	11	7	3	12713700432607760068116480
9	11	7	4	-20760273375007927361863680
9	11	7	5	18690990070368604709191680
9	11	7	6	-8575133823329114762772480
9	11	7	7	2009831828462497022607360
9	11	7	8	-502457957115624255651840
9	11	8	0	-14009623976548352655360
9	11	8	1	210144359648225289830400
9	11	8	2	-1322416503727117817610240
9	11	8	3	4521202623721248160481280
9	11	8	4	-8772542405526210698280960
9	11	8	5	8026110154842822829670400
9	11	8	6	2806799490271373300858880
9	11	8	7	-16369277689725103657451520
9	11	8	8	18680163453995890224660480
9	11	8	9	-9725229354376409540198400
9	11	8	10	1945045870875281908039680
9	11	9	0	-2536438703047185530880
9	11	9	1	41851238600278561259520
9	11	9	2	-265639204354076694282240
9	11	9	3	761170653261232487792640
9	11	9	4	-421320359017002156687360
9	11	9	5	-3815651380935297607925760
9	11	9	6	13063058201259530162012160
9	11	9	7	-20807291670044695634903040
9	11	9	8	18577536354051581710172160
9	11	9	9	-8917142291026938534297600
9	11	9	10	1783428458205387706859520
9	12	0	0	11989101954268979527680
9	12	0	1	-35967305862806938583040
9	12	0	2	35967305862806938583040
9	12	1	0	9790350784210654986240
9	12	1	1	-44056578528947947438080
9	12	1	2	44056578528947947438080
9	12	2	0	-15197071867007981322240
9	12	2	1	91182431202047887933440
9	12	2	2	-227956078005119719833600
9	12	2	3	273547293606143663800320
9	12	2	4	-136773646803071831900160
9	12	3	0	-32881470449365423226880
9	12	3	1	246611028370240674201600
9	12	3	2	-690510879436673887764480
9	12	3	3	887799702132866427125760
9	12	3	4	-443899851066433213562880
9	12	4	0	-44218809124826917109760
9	12	4	1	397969282123442253987840
9	12	4	2	-1709329739667823027814400
9	12	4	3	4286439206155304357068800
9	12	4	4	-6302515330744009202073600
9	12	4	5	4991154873199628428247040
9	12	4	6	-1663718291066542809415680
9	12	5	0	21622832765984613335040
9	12	5	1	-227039744042838440017920
9	12	5	2	1005461723618284520079360
9	12	5	3	-2432568686173269000192000
9	12	5	4	3405596160642576600268800
9	12	5	5	-2627174181067130520207360
9	12	5	6	875724727022376840069120
9	12	6	0	81300554434428461383680
9	12	6	1	-975606653213141536604160
9	12	6	2	5333976633030452875100160
9	12	6	3	-17274180121060117472870400
9	12	6	4	36233715857580594183536640
9	12	6	5	-50484422058223678217256960
9	12	6	6	45775592522346285540311040
9	12	6	7	-24812101573947193829621760
9	12	6	8	6203025393486798457405440
9	12	7	0	58702254383777584250880
9	12	7	1	-792480434180997387386880
9	12	7	2	4495821712660137561292800
9	12	7	3	-13921949747329554123325440
9	12	7	4	25718370693556696252416000
9	12	7	5	-29422712946968760334417920
9	12	7	6	21330634254153682287329280
9	12	7	7	-9876911375854939007877120
9	12	7	8	2469227843963734751969280
9	12	8	0	18260113088545239859200
9	12	8	1	-273901696328178597888000
9	12	8	2	1710102913361051752857600
9	12	8	3	-5730543358610976748339200
9	12	8	4	10568074080634838345318400
9	12	8	5	-7781908020314136536678400
9	12	8	6	-8908734101590377706291200
9	12	8	7	27993350772001407290572800
9	12	8	8	-29665701041900228916019200
9	12	8	9	15111575565933251395584000
9	12	8	10	-3022315113186650279116800
9	12	9	0	4391155218972860743680
9	12	9	1	-72454061113052202270720
9	12	9	2	460037274997948982231040
9	12	9	3	-1319854087341287606845440
9	12	9	4	741653787015501116866560
9	12	9	5	6565054253570719072911360
9	12	9	6	-22531004823680222767349760
9	12	9	7	35911445721832411197603840
9	12	9	8	-32071468505080777785999360
9	12	9	9	15395738049748449991065600
9	12	9	10	-3079147609949689998213120
9	12	10	0	982332436818658590720
9	12	10	1	-17681983862735854632960
9	12	10	2	97250911245047200481280
9	12	10	4	-2188145503013562010828800
9	12	10	5	10503098414465097651978240
9	12	10	6	-24507229633751894521282560
9	12	10	7	31509295243395292955934720
9	12	10	8	-19693309527122058097459200
9	12	10	10	7877323810848823238983680
9	12	10	11	-4296722078644812675809280
9	12	10	12	716120346440802112634880
9	13	0	0	-1971039303125009694720
9	13	0	1	5913117909375029084160
9	13	0	2	-5913117909375029084160
9	13	1	0	-1980161945040149544960
9	13	1	1	8910728752680672952320
9	13	1	2	-8910728752680672952320
9	13	2	0	7822686957897315778560
9	13	2	1	-46936121747383894671360
9	13	2	2	117340304368459736678400
9	13	2	3	-140808365242151684014080
9	13	2	4	70404182621075842007040
9	13	3	0	13654271255155782451200
9	13	3	1	-102407034413668368384000
9	13	3	2	286739696358271431475200
9	13	3	3	-368665323889206126182400
9	13	3	4	184332661944603063091200
9	13	4	0	-5102138710350480015360
9	13	4	1	45919248393154320138240
9	13	4	2	-162354797537148146810880
9	13	4	3	285340059325574078791680
9	13	4	4	-273842432256753103011840
9	13	4	5	157406883112759276339200
9	13	4	6	-52468961037586425446400
9	13	5	0	-34606311791785137930240
9	13	5	1	363366273813743948267520
9	13	5	2	-1609193498318008913756160
9	13	5	3	3893210076575828017152000
9	13	5	4	-5450494107206159224012800
9	13	5	5	4204666882701894258524160
9	13	5	6	-1401555627567298086174720
9	13	6	0	-36491514349814745661440
9	13	6	1	437898172197776947937280
9	13	6	2	-2364508229754885305794560
9	13	6	3	7486781643563993892126720
9	13	6	4	-15255926697246779391344640
9	13	6	5	20615212802710689546240000
9	13	6	6	-18205353854491814201917440
9	13	6	7	9714528217361358017003520
9	13	6	8	-2428632054340339504250880
9	13	7	0	-7303621542324794818560
9	13	7	1	98598890821384730050560
9	13	7	2	-483746160708801685094400
9	13	7	3	938181272944259031367680
9	13	7	4	165051829162965624422400
9	13	7	5	-3711776994726356409384960
9	13	7	6	6155269058182522538557440
9	13	7	7	-4215437194234631773224960
9	13	7	8	1053859298558657943306240
9	13	8	0	2266546202614368829440
9	13	8	1	-33998193039215532441600
9	13	8	2	286598983909863378124800
9	13	8	3	-1603285382800721785651200
9	13	8	4	6068987283074448988569600
9	13	8	5	-15683581261388428785745920
9	13	8	6	27734841845752858568294400
9	13	8	7	-33096435377182682067763200
9	13	8	8	25530030110106113487667200
9	13	8	9	-11503947510540295313817600
9	13	8	10	2300789502108059062763520
9	13	9	0	-82620153193719398400
9	13	9	1	1363232527696370073600
9	13	9	2	-2590141802623103139840
9	13	9	3	-57051281284093087580160
9	13	9	4	465221689610854874480640
9	13	9	5	-1715721083778224671948800
9	13	9	6	3714467829840684358041600
9	13	9	7	-5006459064941940037386240
9	13	9	8	4142659166790114198159360
9	13	9	9	-1927362933703086125875200
9	13	9	10	385472586740617225175040
9	13	10	0	-1379756558335113953280
9	13	10	1	24835618050032051159040
9	13	10	2	-136595899275176281374720
9	13	10	4	3073407733691466330931200
9	13	10	5	-14752357121719038388469760
9	13	10	6	34422166617344422906429440
9	13	10	7	-44257071365157115165409280
9	13	10	8	27660669603223196978380800
9	13	10	10	-11064267841289278791352320
9	13	10	11	6035055186157788431646720
9	13	10	12	-1005842531026298071941120
9	14	0	0	165444705203933675520
9	14	0	1	-496334115611801026560
9	14	0	2	496334115611801026560
9	14	1	0	228776064820004782080
9	14	1	1	-1029492291690021519360
9	14	1	2	1029492291690021519360
9	14	2	0	-1358047252456868413440
9	14	2	1	8148283514741210480640
9	14	2	2	-20370708786853026201600
9	14	2	3	24444850544223631441920
9	14	2	4	-12222425272111815720960
9	14	3	0	-2565183631345833738240
9	14	3	1	19238877235093753036800
9	14	3	2	-53868856258262508503040
9	14	3	3	69259958046337510932480
9	14	3	4	-34629979023168755466240
9	14	4	0	4600221279698634670080
9	14	4	1	-41401991517287712030720
9	14	4	2	163651998489284223959040
9	14	4	3	-360882118176389663293440
9	14	4	4	471396319669186430238720
9	14	4	5	-349146312697189918310400
9	14	4	6	116382104232396639436800
9	14	5	0	12364450176078415134720
9	14	5	1	-129826726848823358914560
9	14	5	2	574946933187646303764480
9	14	5	3	-1391000644808821702656000
9	14	5	4	1947400902732350383718400
9	14	5	5	-1502280696393527438868480
9	14	5	6	500760232131175812956160
9	14	6	0	-228324235857226629120
9	14	6	1	2739890830286719549440
9	14	6	2	-33775118625592490065920
9	14	6	3	217669506476300744785920
9	14	6	4	-740795272264995129262080
9	14	6	5	1438648719907554601205760
9	14	6	6	-1613376401761419688673280
9	14	6	7	971851567250486989946880
9	14	6	8	-242962891812621747486720
9	14	7	0	-17388788242171476049920
9	14	7	1	234748641269314926673920
9	14	7	2	-1432825548235269765857280
9	14	7	3	5185225323159105621196800
9	14	7	4	-12116035817220220712386560
9	14	7	5	18570192057972300007342080
9	14	7	6	-18093537804663264211107840
9	14	7	7	10202977530290712178851840
9	14	7	8	-2550744382572678044712960
9	14	8	0	-12916283949284799283200
9	14	8	1	193744259239271989248000
9	14	8	2	-1310210011632385728184320
9	14	8	3	5260330140667941318819840
9	14	8	4	-13911763159095498485268480
9	14	8	5	25417265994019665566760960
9	14	8	6	-32719328080952928931676160
9	14	8	7	29679046897684484393533440
9	14	8	8	-18539742400512754723061760
9	14	8	9	7413320450727755749785600
9	14	8	10	-1482664090145551149957120
9	14	9	0	-2313364289424143155200
9	14	9	1	38170510775498362060800
9	14	9	2	-259385970951682051276800
9	14	9	3	925201130501568253132800
9	14	9	4	-1735890728676641420083200
9	14	9	5	1011084779746439567769600
9	14	9	6	2632463976096585901670400
9	14	9	7	-6761385476914414406860800
9	14	9	8	6960479391072979727155200
9	14	9	9	-3513422014562917416960000
9	14	9	10	702684402912583483392000
9	14	10	0	636175179591639367680
9	14	10	1	-11451153232649508618240
9	14	10	2	62981342779572297400320
9	14	10	4	-1417080212540376691507200
9	14	10	5	6801985020193808119234560
9	14	10	6	-15871298380452218944880640
9	14	10	7	20405955060581424357703680
9	14	10	8	-12753721912863390223564800
9	14	10	10	5101488765145356089425920
9	14	10	11	-2782630235533830594232320
9	14	10	12	463771705922305099038720
9	15	0	0	-4894813763429990400
9	15	0	1	14684441290289971200
9	15	0	2	-14684441290289971200
9	15	1	0	-11483986137278054400
9	15	1	1	51677937617751244800
9	15	1	2	-51677937617751244800
9	15	2	0	80576165028770611200
9	15	2	1	-483456990172623667200
9	15	2	2	1208642475431559168000
9	15	2	3	-1450370970517871001600
9	15	2	4	725185485258935500800
9	15	3	0	185249874739042713600
9	15	3	1	-1389374060542820352000
9	15	3	2	3890247369519896985600
9	15	3	3	-5001746617954153267200
9	15	3	4	2500873308977076633600
9	15	4	0	-542194755333783552000
9	15	4	1	4879752798004051968000
9	15	4	2	-19458014282041157222400
9	15	4	3	43551793722186163814400
9	15	4	4	-57764073746372965171200
9	15	4	5	43185812262335859916800
9	15	4	6	-14395270754111953305600
9	15	5	0	-1381090529558554214400
9	15	5	1	14501450560364819251200
9	15	5	2	-64220709624472770969600
9	15	5	3	155372684575337349120000
9	15	5	4	-217521758405472288768000
9	15	5	5	167802499341364337049600
9	15	5	6	-55934166447121445683200
9	15	6	0	1274157675034391347200
9	15	6	1	-15289892100412696166400
9	15	6	2	86534282951271854899200
9	15	6	3	-297176945398446764851200
9	15	6	4	667794170406854511820800
9	15	6	5	-994005644953425385881600
9	15	6	6	949599894491588512972800
9	15	6	7	-529941153863240043724800
9	15	6	8	132485288465810010931200
9	15	7	0	4482143310759277363200
9	15	7	1	-60508934695250244403200
9	15	7	2	365330826143903357337600
9	15	7	3	-1294598417310474987110400
9	15	7	4	2945256130448645632819200
9	15	7	5	-4397145246281451228364800
9	15	7	6	4198376648976086178201600
9	15	7	7	-2342281343041944944640000
9	15	7	8	585570335760486236160000
9	15	8	0	154224285961609543680
9	15	8	1	-2313364289424143155200
9	15	8	2	1554291631956846182400
9	15	8	3	106270172045421576192000
9	15	8	4	-735649844036877523353600
9	15	8	5	2486331645639024558735360
9	15	8	6	-5076244177337015127244800
9	15	8	7	6577906771709462052864000
9	15	8	8	-5316002698145614213939200
9	15	8	9	2447684003478832467148800
9	15	8	10	-489536800695766493429760
9	15	9	0	-5687020544834351923200
9	15	9	1	93835838989766806732800
9	15	9	2	-716492296015083837849600
9	15	9	3	3338726864394372356505600
9	15	9	4	-10495372317947114972774400
9	15	9	5	23179801741078847658393600
9	15	9	6	-36296577262113739348377600
9	15	9	7	39666534544415337637478400
9	15	9	8	-28889112514743588460953600
9	15	9	9	12648319252426502701056000
9	15	9	10	-2529663850485300540211200
9	15	10	0	-4337558042670268416000
9	15	10	1	78076044768064831488000
9	15	10	2	-627210892970120812953600
9	15	10	3	2966889701186463596544000
9	15	10	4	-9164826388358010136166400
9	15	10	5	19331628684572852276428800
9	15	10	6	-28149016673712973912473600
9	15	10	7	27638919847894950346752000
9	15	10	8	-16712177382604277180006400
9	15	10	9	4216106417475500900352000
9	15	10	10	1475637246116425315123200
9	15	10	11	-1264831925242650270105600
9	15	10	12	210805320873775045017600
9	15	11	0	-1156682144712071577600
9	15	11	1	22555301821885395763200
9	15	11	2	-183912461009219380838400
9	15	11	3	801580726285465603276800
9	15	11	4	-1847799726177534345216000
9	15	11	5	983758164077616876748800
9	15	11	6	7391198904710137380864000
9	15	11	7	-26171090206255331514777600
9	15	11	8	45893099114668507948646400
9	15	11	9	-49422136338185038331904000
9	15	11	10	33073012563752262618316800
9	15	11	11	-12648319252426502701056000
9	15	11	12	2108053208737750450176000
9	15	13	0	-77112142980804771840
9	15	13	1	1735023217068107366400
9	15	13	2	-12145162519476751564800
9	15	13	4	473661338259593311027200
9	15	13	5	-3126164832513315852779520
9	15	13	6	10420549441711052842598400
9	15	13	7	-20096773923299887625011200
9	15	13	8	20096773923299887625011200
9	15	13	10	-28135483492619842675015680
9	15	13	11	38366568399027058193203200
9	15	13	12	-25577712266018038795468800
9	15	13	13	8853823476698551890739200
9	15	13	14	-1264831925242650270105600
10	3	0	0	428757700266185195520
10	3	0	1	-1286273100798555586560
10	3	0	2	1286273100798555586560
10	3	1	0	1871742892201940090880
10	3	1	1	-8422843014908730408960
10	3	1	2	8422843014908730408960
10	4	0	0	-1769598965782680698880
10	4	0	1	5308796897348042096640
10	4	0	2	-5308796897348042096640
10	4	1	0	-13810516960403081134080
10	4	1	1	62147326321813865103360
10	4	1	2	-62147326321813865103360
10	4	2	0	-4486435460216877219840
10	4	2	1	26918612761301263319040
10	4	2	2	-67296531903253158297600
10	4	2	3	80755838283903789957120
10	4	2	4	-40377919141951894978560
10	5	0	0	663537914494829199360
10	5	0	1	-1990613743484487598080
10	5	0	2	1990613743484487598080
10	5	1	0	45390018781888826572800
10	5	1	1	-204255084518499719577600
10	5	1	2	204255084518499719577600
10	5	2	0	28399100998435964190720
10	5	2	1	-170394605990615785144320
10	5	2	2	425986514976539462860800
10	5	2	3	-511183817971847355432960
10	5	2	4	255591908985923677716480
10	5	3	0	7490298672988217671680
10	5	3	1	-56177240047411632537600
10	5	3	2	157296272132752571105280
10	5	3	3	-202238064170681877135360
10	5	3	4	101119032085340938567680
10	6	0	0	6923271154116250828800
10	6	0	1	-20769813462348752486400
10	6	0	2	20769813462348752486400
10	6	1	0	-84389170108105972776960
10	6	1	1	379751265486476877496320
10	6	1	2	-379751265486476877496320
10	6	2	0	-85692200601754817003520
10	6	2	1	514153203610528902021120
10	6	2	2	-1285383009026322255052800
10	6	2	3	1542459610831586706063360
10	6	2	4	-771229805415793353031680
10	6	3	0	-34215013165018141163520
10	6	3	1	256612598737636058726400
10	6	3	2	-718515276465380964433920
10	6	3	3	923805355455489811415040
10	6	3	4	-461902677727744905707520
10	6	4	0	-11729541261072437084160
10	6	4	1	105565871349651933757440
10	6	4	2	-356993269626006279290880
10	6	4	3	558471547511258669383680
10	6	4	4	-418277651152004280483840
10	6	4	5	166850252875649934950400
10	6	4	6	-55616750958549978316800
10	7	0	0	-9882748603425226752000
10	7	0	1	29648245810275680256000
10	7	0	2	-29648245810275680256000
10	7	1	0	102920302523610664796160
10	7	1	1	-463141361356247991582720
10	7	1	2	463141361356247991582720
10	7	2	0	171043090688333221724160
10	7	2	1	-1026258544129999330344960
10	7	2	2	2565646360324998325862400
10	7	2	3	-3078775632389997991034880
10	7	2	4	1539387816194998995517440
10	7	3	0	75975727990586254295040
10	7	3	1	-569817959929396907212800
10	7	3	2	1595490287802311340195840
10	7	3	3	-2051344655745828865966080
10	7	3	4	1025672327872914432983040
10	7	4	0	41773543879294467440640
10	7	4	1	-375961894913650206965760
10	7	4	2	1209035693466277600296960
10	7	4	3	-1614785737092912497295360
10	7	4	4	678988218515600525230080
10	7	4	5	154085580037026868101120
10	7	4	6	-51361860012342289367040
10	7	5	0	14695132619772851650560
10	7	5	1	-154298892507614942330880
10	7	5	2	683323666819437601751040
10	7	5	3	-1653202419724445810688000
10	7	5	4	2314483387614224134963200
10	7	5	5	-1785458613302401475543040
10	7	5	6	595152871100800491847680
10	8	0	0	-5924838605440942080000
10	8	0	1	17774515816322826240000
10	8	0	2	-17774515816322826240000
10	8	1	0	-94194739238060603473920
10	8	1	1	423876326571272715632640
10	8	1	2	-423876326571272715632640
10	8	2	0	-242662894533685291253760
10	8	2	1	1455977367202111747522560
10	8	2	2	-3639943418005279368806400
10	8	2	3	4367932101606335242567680
10	8	2	4	-2183966050803167621283840
10	8	3	0	-117398608359761526128640
10	8	3	1	880489562698211445964800
10	8	3	2	-2465370775554992048701440
10	8	3	3	3169762425713561205473280
10	8	3	4	-1584881212856780602736640
10	8	4	0	-50825152202934111436800
10	8	4	1	457426369826407002931200
10	8	4	2	-1205726906639605007646720
10	8	4	3	372965892441525001912320
10	8	4	4	2622605006741415017840640
10	8	4	5	-3370905543554613022556160
10	8	4	6	1123635181184871007518720
10	8	5	0	-47647728440747470356480
10	8	5	1	500301148627848438743040
10	8	5	2	-2215619372494757371576320
10	8	5	3	5360369449584090415104000
10	8	5	4	-7504517229417726581145600
10	8	5	5	5789199005550817648312320
10	8	5	6	-1929733001850272549437440
10	8	6	0	-14141387112033980252160
10	8	6	1	169696645344407763025920
10	8	6	2	-827371690411089576591360
10	8	6	3	2100900885350961654005760
10	8	6	4	-2888261478996390854000640
10	8	6	5	1852388578760453919866880
10	8	6	6	-29155084879087785738240
10	8	6	7	-504263806892340160757760
10	8	6	8	126065951723085040189440
10	9	0	0	27225447959275807703040
10	9	0	1	-81676343877827423109120
10	9	0	2	81676343877827423109120
10	9	1	0	70829151006514332303360
10	9	1	1	-318731179529314495365120
10	9	1	2	318731179529314495365120
10	9	2	0	231944469757120877690880
10	9	2	1	-1391666818542725266145280
10	9	2	2	3479167046356813165363200
10	9	2	3	-4175000455628175798435840
10	9	2	4	2087500227814087899217920
10	9	3	0	115615204687602096537600
10	9	3	1	-867114035157015724032000
10	9	3	2	2427919298439644027289600
10	9	3	3	-3121610526565256606515200
10	9	3	4	1560805263282628303257600
10	9	4	0	-3806976329848329338880
10	9	4	1	34262786968634964049920
10	9	4	2	-911583500273268094402560
10	9	4	3	4955559197110084105666560
10	9	4	4	-10480074024807086665236480
10	9	4	5	9602753311502453534883840
10	9	4	6	-3200917770500817844961280
10	9	5	0	46706728950323321241600
10	9	5	1	-490420653978394873036800
10	9	5	2	2171862896190034437734400
10	9	5	3	-5254507006911373639680000
10	9	5	4	7356309809675923095552000
10	9	5	5	-5674867567464283530854400
10	9	5	6	1891622522488094510284800
10	9	6	0	42601592448310271016960
10	9	6	1	-511219109379723252203520
10	9	6	2	2536013888130126006190080
10	9	6	3	-6720723047709851611299840
10	9	6	4	10180629676190450445189120
10	9	6	5	-8583138177878775834869760
10	9	6	6	3525740051086502390661120
10	9	6	7	-569737707251637524889600
10	9	6	8	142434426812909381222400
10	9	7	0	9101563183748119265280
10	9	7	1	-122871102980599610081280
10	9	7	2	647923729265579450695680
10	9	7	3	-1642612832103400608890880
10	9	7	4	1800963296586371338076160
10	9	7	5	228925534595402359111680
10	9	7	6	-2417164830260146785484800
10	9	7	7	2006448273195725142097920
10	9	7	8	-501612068298931285524480
10	10	0	0	-30058316252826084311040
10	10	0	1	90174948758478252933120
10	10	0	2	-90174948758478252933120
10	10	1	0	-43193786298755878748160
10	10	1	1	194372038344401454366720
10	10	1	2	-194372038344401454366720
10	10	2	0	-131471917199804753510400
10	10	2	1	788831503198828521062400
10	10	2	2	-1972078757997071302656000
10	10	2	3	2366494509596485563187200
10	10	2	4	-1183247254798242781593600
10	10	3	0	-52227109316419355934720
10	10	3	1	391703319873145169510400
10	10	3	2	-1096769295644806474629120
10	10	3	3	1410131951543322610237440
10	10	3	4	-705065975771661305118720
10	10	4	0	82763676821728033505280
10	10	4	1	-744873091395552301547520
10	10	4	2	3576898376820884640890880
10	10	4	3	-10288293889992023322132480
10	10	4	4	16704755242849408269680640
10	10	4	5	-13872729957424075930337280
10	10	4	6	4624243319141358643445760
10	10	5	0	10146854969823052431360
10	10	5	1	-106541977183142050529280
10	10	5	2	471828756096771938058240
10	10	5	3	-1141521184105093398528000
10	10	5	4	1598129657747130757939200
10	10	5	5	-1232842878833500870410240
10	10	5	6	410947626277833623470080
10	10	6	0	-54663372889229497466880
10	10	6	1	655960474670753969602560
10	10	6	2	-3403076444576305643520000
10	10	6	3	9964933049058000749199360
10	10	6	4	-18130478508319738901299200
10	10	6	5	21297140170434672297246720
10	10	6	6	-16298256373287867541094400
10	10	6	7	7885036842693980093153280
10	10	6	8	-1971259210673495023288320
10	10	7	0	-26271995412653770014720
10	10	7	1	354671938070825895198720
10	10	7	2	-1895148310442981374033920
10	10	7	3	5002835860676616829009920
10	10	7	4	-6306273439130974200791040
10	10	7	5	1766240223644522045767680
10	10	7	6	4077230570296287481036800
10	10	7	7	-3999409124152395568250880
10	10	7	8	999852281038098892062720
10	10	8	0	-3939787263168384860160
10	10	8	1	59096808947525772902400
10	10	8	2	-372832880494720340459520
10	10	8	3	1282766882770252348784640
10	10	8	4	-2527356321605297771642880
10	10	8	5	2443784491132998899466240
10	10	8	6	423508334224280377098240
10	10	8	7	-4139494396044395686133760
10	10	8	8	4882702489135936375357440
10	10	8	9	-2565219260083224969216000
10	10	8	10	513043852016644993843200
10	11	0	0	16906592400971881512960
10	11	0	1	-50719777202915644538880
10	11	0	2	50719777202915644538880
10	11	1	0	19675528965102981611520
10	11	1	1	-88539880342963417251840
10	11	1	2	88539880342963417251840
10	11	2	0	32610376381800822865920
10	11	2	1	-195662258290804937195520
10	11	2	2	489155645727012342988800
10	11	2	3	-586986774872414811586560
10	11	2	4	293493387436207405793280
10	11	3	0	-7709208376091879669760
10	11	3	1	57819062820689097523200
10	11	3	2	-161893375897929473064960
10	11	3	3	208148626154480751083520
10	11	3	4	-104074313077240375541760
10	11	4	0	-87902202583812868669440
10	11	4	1	791119823254315818024960
10	11	4	2	-3453794742163497025536000
10	11	4	3	8855971104166244882841600
10	11	4	4	-13254538717952828610969600
10	11	4	5	10591863799043647403458560
10	11	4	6	-3530621266347882467819520
10	11	5	0	-24967022490796645416960
10	11	5	1	262153736153364776878080
10	11	5	2	-1160966545822044011888640
10	11	5	3	2808790030214622609408000
10	11	5	4	-3932306042300471653171200
10	11	5	5	3033493232631792418160640
10	11	5	6	-1011164410877264139386880
10	11	6	0	53781237850608752394240
10	11	6	1	-645374854207305028730880
10	11	6	2	3506658125059821592903680
10	11	6	3	-11230615218008285931110400
10	11	6	4	23226866688697311135006720
10	11	6	5	-31889895584649903058452480
10	11	6	6	28556673009913469778001920
10	11	6	7	-15365749555740144650158080
10	11	6	8	3841437388935036162539520
10	11	7	0	40869753549646504919040
10	11	7	1	-551741672920227816407040
10	11	7	2	3035844719369306788331520
10	11	7	3	-8703219290728152988385280
10	11	7	4	13711921969484032471203840
10	11	7	5	-11296156911669858596290560
10	11	7	6	3871689175099805238558720
10	11	7	7	-91117318179873462681600
10	11	7	8	22779329544968365670400
10	11	8	0	9932425339711625625600
10	11	8	1	-148986380095674384384000
10	11	8	2	938472230935674413383680
10	11	8	3	-3216402246061676203868160
10	11	8	4	6278139565344709693931520
10	11	8	5	-5871751845708012390973440
10	11	8	6	-1634337531838941269852160
10	11	8	7	11154432803318684650045440
10	11	8	8	-12883519047397728332021760
10	11	8	9	6729940564378704779673600
10	11	8	10	-1345988112875740955934720
10	11	9	0	1804297037822841323520
10	11	9	1	-29770901124076881838080
10	11	9	2	188607033444632509808640
10	11	9	3	-536659125627349358346240
10	11	9	4	271617407977282244444160
10	11	9	5	2807599555235617481687040
10	11	9	6	-9485303527757593171722240
10	11	9	7	15055146319071761022320640
10	11	9	8	-13422608397165797950095360
10	11	9	9	6439214544931905129676800
10	11	9	10	-1287842908986381025935360
10	12	0	0	-5349533273034121543680
10	12	0	1	16048599819102364631040
10	12	0	2	-16048599819102364631040
10	12	1	0	-6164074142124233195520
10	12	1	1	27738333639559049379840
10	12	1	2	-27738333639559049379840
10	12	2	0	3588599402754390097920
10	12	2	1	-21531596416526340587520
10	12	2	2	53828991041315851468800
10	12	2	3	-64594789249579021762560
10	12	2	4	32297394624789510881280
10	12	3	0	19160964047358425825280
10	12	3	1	-143707230355188193689600
10	12	3	2	402380244994526942330880
10	12	3	3	-517346029278677497282560
10	12	3	4	258673014639338748641280
10	12	4	0	29657377855890511626240
10	12	4	1	-266916400703014604636160
10	12	4	2	1153924081420204989480960
10	12	4	3	-2919798477976010867343360
10	12	4	4	4324357030342080677806080
10	12	4	5	-3437349349624890292961280
10	12	4	6	1145783116541630097653760
10	12	5	0	-12550239597490958499840
10	12	5	1	131777515773655064248320
10	12	5	2	-583586141283329570242560
10	12	5	3	1411901954717732831232000
10	12	5	4	-1976662736604825963724800
10	12	5	5	1524854111095151457730560
10	12	5	6	-508284703698383819243520
10	12	6	0	-51247473710213030215680
10	12	6	1	614969684522556362588160
10	12	6	2	-3363583216925157831475200
10	12	6	3	10900703889865895061749760
10	12	6	4	-22885088802725107335168000
10	12	6	5	31914609655743794349342720
10	12	6	6	-28959745595903269090099200
10	12	6	7	15704179180561717977415680
10	12	6	8	-3926044795140429494353920
10	12	7	0	-40127972866549560115200
10	12	7	1	541727633698419061555200
10	12	7	2	-3065582969644381152215040
10	12	7	3	9436060565932401512939520
10	12	7	4	-17238362735522767731425280
10	12	7	5	19362880551942926578483200
10	12	7	6	-13685096198772719207055360
10	12	7	7	6197830869821494583623680
10	12	7	8	-1549457717455373645905920
10	12	8	0	-12777524461228680806400
10	12	8	1	191662866918430212096000
10	12	8	2	-1198250409287661649920000
10	12	8	3	4029210097856708345856000
10	12	8	4	-7497731236857039028224000
10	12	8	5	5763170374876996514611200
10	12	8	6	5611179481133450526720000
10	12	8	7	-18798738229567961432064000
10	12	8	8	20127854194967174971392000
10	12	8	9	-10285446425050123075584000
10	12	8	10	2057089285010024615116800
10	12	9	0	-3022626527610226606080
10	12	9	1	49873337705568739000320
10	12	9	2	-315898155736186119782400
10	12	9	3	898174807312622734540800
10	12	9	4	-450009730558791254016000
10	12	9	5	-4720057257205371670364160
10	12	9	6	15924570266382429333749760
10	12	9	7	-25266266065459714247884800
10	12	9	8	22523094261781744110796800
10	12	9	9	-10804351830277877032550400
10	12	9	10	2160870366055575406510080
10	12	10	0	-708626698546131763200
10	12	10	1	12755280573830371737600
10	12	10	2	-70154043156067044556800
10	12	10	4	1578465971011508502528000
10	12	10	5	-7576636660855240812134400
10	12	10	6	17678818875328895228313600
10	12	10	7	-22729909982565722436403200
10	12	10	8	14206193739103576522752000
10	12	10	10	-5682477495641430609100800
10	12	10	11	3099533179440780332236800
10	12	10	12	-516588863240130055372800
10	13	0	0	948679454347414732800
10	13	0	1	-2846038363042244198400
10	13	0	2	2846038363042244198400
10	13	1	0	1230384054807146004480
10	13	1	1	-5536728246632157020160
10	13	1	2	5536728246632157020160
10	13	2	0	-3805282008852710031360
10	13	2	1	22831692053116260188160
10	13	2	2	-57079230132790650470400
10	13	2	3	68495076159348780564480
10	13	2	4	-34247538079674390282240
10	13	3	0	-8308230967564676628480
10	13	3	1	62311732256735074713600
10	13	3	2	-174472850318858209198080
10	13	3	3	224322236124246268968960
10	13	3	4	-112161118062123134484480
10	13	4	0	2421114739214285537280
10	13	4	1	-21790032652928569835520
10	13	4	2	72258295043333333975040
10	13	4	3	-106699280466071456317440
10	13	4	4	67756529446190548254720
10	13	4	5	-17288267055785784115200
10	13	4	6	5762755685261928038400
10	13	5	0	21483133208877732986880
10	13	5	1	-225572898693216196362240
10	13	5	2	998965694212814583889920
10	13	5	3	-2416852485998744961024000
10	13	5	4	3383593480398242945433600
10	13	5	5	-2610200684878644557905920
10	13	5	6	870066894959548185968640
10	13	6	0	21682368265798004244480
10	13	6	1	-260188419189576050933760
10	13	6	2	1403528441912776867184640
10	13	6	3	-4435820772743346200248320
10	13	6	4	9016939670584975907880960
10	13	6	5	-12152132045774599256801280
10	13	6	6	10706205523122592898088960
10	13	6	7	-5704709863883765553561600
10	13	6	8	1426177465970941388390400
10	13	7	0	4610204548209542430720
10	13	7	1	-62237761400828822814720
10	13	7	2	300657835727689655255040
10	13	7	3	-542921296305930821959680
10	13	7	4	-313033818300151360389120
10	13	7	5	2800545899377931185029120
10	13	7	6	-4432102865849628827320320
10	13	7	7	2998789342334558656266240
10	13	7	8	-749697335583639664066560
10	13	8	0	-1126388088541041131520
10	13	8	1	16895821328115616972800
10	13	8	2	-150597949737681876418560
10	13	8	3	894801045133939200491520
10	13	8	4	-3538877283761902363607040
10	13	8	5	9411621047962969351127040
10	13	8	6	-16952763137696728382177280
10	13	8	7	20466854375500514926264320
10	13	8	8	-15897900004276766748180480
10	13	8	9	7187457606934425344409600
10	13	8	10	-1437491521386885068881920
10	13	9	0	33048061277487759360
10	13	9	1	-545293011078548029440
10	13	9	2	-681616263848185036800
10	13	9	3	46009097809752489984000
10	13	9	4	-321784841651238626918400
10	13	9	5	1137177592046864270622720
10	13	9	6	-2417624726243127507025920
10	13	9	7	3229002137193538387968000
10	13	9	8	-2659325853403693921075200
10	13	9	9	1234716879403539549388800
10	13	9	10	-246943375880707909877760
10	13	10	0	933607731089029201920
10	13	10	1	-16804939159602525634560
10	13	10	2	92427165377813890990080
10	13	10	4	-2079611221000812547276800
10	13	10	5	9982133860803900226928640
10	13	10	6	-23291645675209100529500160
10	13	10	7	29946401582411700680785920
10	13	10	8	-18716500989007312925491200
10	13	10	10	7486600395602925170196480
10	13	10	11	-4083600215783413729198080
10	13	10	12	680600035963902288199680
10	14	0	0	-86224027063497523200
10	14	0	1	258672081190492569600
10	14	0	2	-258672081190492569600
10	14	1	0	-139916368806968033280
10	14	1	1	629623659631356149760
10	14	1	2	-629623659631356149760
10	14	2	0	751994003717105909760
10	14	2	1	-4511964022302635458560
10	14	2	2	11279910055756588646400
10	14	2	3	-13535892066907906375680
10	14	2	4	6767946033453953187840
10	14	3	0	1559111140893146480640
10	14	3	1	-11693333556698598604800
10	14	3	2	32741333958756076093440
10	14	3	3	-42096000804114954977280
10	14	3	4	21048000402057477488640
10	14	4	0	-2694105495391866716160
10	14	4	1	24246949458526800445440
10	14	4	2	-95698729803301131386880
10	14	4	3	210488136941904781639680
10	14	4	4	-274205509101842690211840
10	14	4	5	202753728757068359270400
10	14	4	6	-67584576252356119756800
10	14	5	0	-7559399766587017789440
10	14	5	1	79373697549163686789120
10	14	5	2	-351512089146296327208960
10	14	5	3	850432473741039501312000
10	14	5	4	-1190605463237455301836800
10	14	5	5	918467071640322661416960
10	14	5	6	-306155690546774220472320
10	14	6	0	245192517134277672960
10	14	6	1	-2942310205611332075520
10	14	6	2	27731454419471916072960
10	14	6	3	-156900318298490284277760
10	14	6	4	505200807177359500247040
10	14	6	5	-955748383017073618452480
10	14	6	6	1057995469977918520688640
10	14	6	7	-633782293404766269603840
10	14	6	8	158445573351191567400960
10	14	7	0	10660753767096259706880
10	14	7	1	-143920175855799506042880
10	14	7	2	879006137347129894502400
10	14	7	3	-3184917056201284638474240
10	14	7	4	7453334423671388975923200
10	14	7	5	-11440287649752619595857920
10	14	7	6	11158823508363745878343680
10	14	7	7	-6296052250096748011192320
10	14	7	8	1574013062524187002798080
10	14	8	0	7556990012118867640320
10	14	8	1	-113354850181783014604800
10	14	8	2	764921131561497384714240
10	14	8	3	-3057891668921685827911680
10	14	8	4	8033851504312164349378560
10	14	8	5	-14544395999618957133742080
10	14	8	6	18503241849583684414341120
10	14	8	7	-16552902251277424923770880
10	14	8	8	10198878537940388775198720
10	14	8	9	-4040435316747355029504000
10	14	8	10	808087063349471005900800
10	14	9	0	1388018573654485893120
10	14	9	1	-22902306465299017236480
10	14	9	2	154590568640768366346240
10	14	9	3	-541066990242689282211840
10	14	9	4	959294336716956562882560
10	14	9	5	-333384711159636830453760
10	14	9	6	-2144228442813620488765440
10	14	9	7	4800115232340625839882240
10	14	9	8	-4783719262939332225269760
10	14	9	9	2389126969902783843532800
10	14	9	10	-477825393980556768706560
10	14	10	0	-404838750649225052160
10	14	10	1	7287097511686050938880
10	14	10	2	-40079036314273280163840
10	14	10	4	901778317071148803686400
10	14	10	5	-4328535921941514257694720
10	14	10	6	10099917151196866601287680
10	14	10	7	-12985607765824542773084160
10	14	10	8	8116004853640339233177600
10	14	10	10	-3246401941456135693271040
10	14	10	11	1770764695339710378147840
10	14	10	12	-295127449223285063024640
10	15	0	0	2936888258057994240
10	15	0	1	-8810664774173982720
10	15	0	2	8810664774173982720
10	15	1	0	6890391682366832640
10	15	1	1	-31006762570650746880
10	15	1	2	31006762570650746880
10	15	2	0	-48345699017262366720
10	15	2	1	290074194103574200320
10	15	2	2	-725185485258935500800
10	15	2	3	870222582310722600960
10	15	2	4	-435111291155361300480
10	15	3	0	-111149924843425628160
10	15	3	1	833624436325692211200
10	15	3	2	-2334148421711938191360
10	15	3	3	3001047970772491960320
10	15	3	4	-1500523985386245980160
10	15	4	0	325316853200270131200
10	15	4	1	-2927851678802431180800
10	15	4	2	11674808569224694333440
10	15	4	3	-26131076233311698288640
10	15	4	4	34658444247823779102720
10	15	4	5	-25911487357401515950080
10	15	4	6	8637162452467171983360
10	15	5	0	828654317735132528640
10	15	5	1	-8700870336218891550720
10	15	5	2	38532425774683662581760
10	15	5	3	-93223610745202409472000
10	15	5	4	130513055043283373260800
10	15	5	5	-100681499604818602229760
10	15	5	6	33560499868272867409920
10	15	6	0	-764494605020634808320
10	15	6	1	9173935260247617699840
10	15	6	2	-51920569770763112939520
10	15	6	3	178306167239068058910720
10	15	6	4	-400676502244112707092480
10	15	6	5	596403386972055231528960
10	15	6	6	-569759936694953107783680
10	15	6	7	317964692317944026234880
10	15	6	8	-79491173079486006558720
10	15	7	0	-2689285986455566417920
10	15	7	1	36305360817150146641920
10	15	7	2	-219198495686342014402560
10	15	7	3	776759050386284992266240
10	15	7	4	-1767153678269187379691520
10	15	7	5	2638287147768870737018880
10	15	7	6	-2519025989385651706920960
10	15	7	7	1405368805825166966784000
10	15	7	8	-351342201456291741696000
10	15	8	0	-92534571576965726208
10	15	8	1	1388018573654485893120
10	15	8	2	-932574979174107709440
10	15	8	3	-63762103227252945715200
10	15	8	4	441389906422126514012160
10	15	8	5	-1491798987383414735241216
10	15	8	6	3045746506402209076346880
10	15	8	7	-3946744063025677231718400
10	15	8	8	3189601618887368528363520
10	15	8	9	-1468610402087299480289280
10	15	8	10	293722080417459896057856
10	15	9	0	3412212326900611153920
10	15	9	1	-56301503393860084039680
10	15	9	2	429895377609050302709760
10	15	9	3	-2003236118636623413903360
10	15	9	4	6297223390768268983664640
10	15	9	5	-13907881044647308595036160
10	15	9	6	21777946357268243609026560
10	15	9	7	-23799920726649202582487040
10	15	9	8	17333467508846153076572160
10	15	9	9	-7588991551455901620633600
10	15	9	10	1517798310291180324126720
10	15	10	0	2602534825602161049600
10	15	10	1	-46845626860838898892800
10	15	10	2	376326535782072487772160
10	15	10	3	-1780133820711878157926400
10	15	10	4	5498895833014806081699840
10	15	10	5	-11598977210743711365857280
10	15	10	6	16889410004227784347484160
10	15	10	7	-16583351908736970208051200
10	15	10	8	10027306429562566308003840
10	15	10	9	-2529663850485300540211200
10	15	10	10	-885382347669855189073920
10	15	10	11	758899155145590162063360
10	15	10	12	-126483192524265027010560
10	15	11	0	694009286827242946560
10	15	11	1	-13533181093131237457920
10	15	11	2	110347476605531628503040
10	15	11	3	-480948435771279361966080
10	15	11	4	1108679835706520607129600
10	15	11	5	-590254898446570126049280
10	15	11	6	-4434719342826082428518400
10	15	11	7	15702654123753198908866560
10	15	11	8	-27535859468801104769187840
10	15	11	9	29653281802911022999142400
10	15	11	10	-19843807538251357570990080
10	15	11	11	7588991551455901620633600
10	15	11	12	-1264831925242650270105600
10	15	13	0	46267285788482863104
10	15	13	1	-1041013930240864419840
10	15	13	2	7287097511686050938880
10	15	13	4	-284196802955755986616320
10	15	13	5	1875698899507989511667712
10	15	13	6	-6252329665026631705559040
10	15	13	7	12058064353979932575006720
10	15	13	8	-12058064353979932575006720
10	15	13	10	16881290095571905605009408
10	15	13	11	-23019941039416234915921920
10	15	13	12	15346627359610823277281280
10	15	13	13	-5312294086019131134443520
10	15	13	14	758899155145590162063360
11	3	0	0	-262585299165322936320
11	3	0	1	787755897495968808960
11	3	0	2	-787755897495968808960
11	3	1	0	-1874868907668193935360
11	3	1	1	8436910084506872709120
11	3	1	2	-8436910084506872709120
11	4	0	0	1727041281540347658240
11	4	0	1	-5181123844621042974720
11	4	0	2	5181123844621042974720
11	4	1	0	12247070488263351336960
11	4	1	1	-55111817197185081016320
11	4	1	2	55111817197185081016320
11	4	2	0	3693634064073621504000
11	4	2	1	-22161804384441729024000
11	4	2	2	55404510961104322560000
11	4	2	3	-66485413153325187072000
11	4	2	4	33242706576662593536000
11	5	0	0	-1220078352241215406080
11	5	0	1	3660235056723646218240
11	5	0	2	-3660235056723646218240
11	5	1	0	-36452137297726474813440
11	5	1	1	164034617839769136660480
11	5	1	2	-164034617839769136660480
11	5	2	0	-20801823129491503841280
11	5	2	1	124810938776949023047680
11	5	2	2	-312027346942372557619200
11	5	2	3	374432816330847069143040
11	5	2	4	-187216408165423534571520
11	5	3	0	-5925170367966058905600
11	5	3	1	44438777759745441792000
11	5	3	2	-124428577727287237017600
11	5	3	3	159979599935083590451200
11	5	3	4	-79989799967541795225600
11	6	0	0	-9446361719214110146560
11	6	0	1	28339085157642330439680
11	6	0	2	-28339085157642330439680
11	6	1	0	61244200344741709086720
11	6	1	1	-275598901551337690890240
11	6	1	2	275598901551337690890240
11	6	2	0	56313797565147984691200
11	6	2	1	-337882785390887908147200
11	6	2	2	844706963477219770368000
11	6	2	3	-1013648356172663724441600
11	6	2	4	506824178086331862220800
11	6	3	0	23956612562668643942400
11	6	3	1	-179674594220014829568000
11	6	3	2	503088863816041522790400
11	6	3	3	-646828539192053386444800
11	6	3	4	323414269596026693222400
11	6	4	0	9129866363850058629120
11	6	4	1	-82168797274650527662080
11	6	4	2	280471043446189011763200
11	6	4	3	-450294301557376155648000
11	6	4	4	359371673814436046438400
11	6	4	5	-161069427642897562337280
11	6	4	6	53689809214299187445760
11	7	0	0	25170962933353760686080
11	7	0	1	-75512888800061282058240
11	7	0	2	75512888800061282058240
11	7	1	0	-66448166039217045504000
11	7	1	1	299016747176476704768000
11	7	1	2	-299016747176476704768000
11	7	2	0	-104510033728135747338240
11	7	2	1	627060202368814484029440
11	7	2	2	-1567650505922036210073600
11	7	2	3	1881180607106443452088320
11	7	2	4	-940590303553221726044160
11	7	3	0	-48251761022497519042560
11	7	3	1	361888207668731392819200
11	7	3	2	-1013286981472447899893760
11	7	3	3	1302797547607433014149120
11	7	3	4	-651398773803716507074560
11	7	4	0	-31283651574113249525760
11	7	4	1	281552864167019245731840
11	7	4	2	-926862817950992475095040
11	7	4	3	1337883945200666164592640
11	7	4	4	-787102066682132346961920
11	7	4	5	141792112898159117598720
11	7	4	6	-47264037632719705866240
11	7	5	0	-10451177649699217735680
11	7	5	1	109737365321841786224640
11	7	5	2	-485979760711013624709120
11	7	5	3	1175757485591161995264000
11	7	5	4	-1646060479827626793369600
11	7	5	5	1269818084438454954885120
11	7	5	6	-423272694812818318295040
11	8	0	0	-26568356845141496954880
11	8	0	1	79705070535424490864640
11	8	0	2	-79705070535424490864640
11	8	1	0	53791279798205735239680
11	8	1	1	-242060759091925808578560
11	8	1	2	242060759091925808578560
11	8	2	0	145716478996588580044800
11	8	2	1	-874298873979531480268800
11	8	2	2	2185747184948828700672000
11	8	2	3	-2622896621938594440806400
11	8	2	4	1311448310969297220403200
11	8	3	0	73434316009305412730880
11	8	3	1	-550757370069790595481600
11	8	3	2	1542120636195413667348480
11	8	3	3	-1982726532251246143733760
11	8	3	4	991363266125623071866880
11	8	4	0	39837112372692579778560
11	8	4	1	-358534011354233218007040
11	8	4	2	1032295422325504113377280
11	8	4	3	-815762363639526410158080
11	8	4	4	-921519963937775246376960
11	8	4	5	1595281374909046141747200
11	8	4	6	-531760458303015380582400
11	8	5	0	32938120141817480478720
11	8	5	1	-345850261489083545026560
11	8	5	2	1531622586594512842260480
11	8	5	3	-3705538515954466553856000
11	8	5	4	5187753922336253175398400
11	8	5	5	-4001981597230823878164480
11	8	5	6	1333993865743607959388160
11	8	6	0	9095628471258002227200
11	8	6	1	-109147541655096026726400
11	8	6	2	531370663064525466501120
11	8	6	3	-1344188405445204356628480
11	8	6	4	1830905722998331885486080
11	8	6	5	-1137050942718500489134080
11	8	6	6	-43521155114458436075520
11	8	6	7	362175545160535942103040
11	8	6	8	-90543886290133985525760
11	9	0	0	11671266157936099983360
11	9	0	1	-35013798473808299950080
11	9	0	2	35013798473808299950080
11	9	1	0	-36849349798385072209920
11	9	1	1	165822074092732824944640
11	9	1	2	-165822074092732824944640
11	9	2	0	-141855879009619327057920
11	9	2	1	851135274057715962347520
11	9	2	2	-2127838185144289905868800
11	9	2	3	2553405822173147887042560
11	9	2	4	-1276702911086573943521280
11	9	3	0	-74210288243562334126080
11	9	3	1	556577161826717505945600
11	9	3	2	-1558416053114809016647680
11	9	3	3	2003677782576183021404160
11	9	3	4	-1001838891288091510702080
11	9	4	0	-9527158081274857390080
11	9	4	1	85744422731473716510720
11	9	4	2	138311547560777566126080
11	9	4	3	-2116035626336771144417280
11	9	4	4	5227827027549057020067840
11	9	4	5	-5003771057256805737431040
11	9	4	6	1667923685752268579143680
11	9	5	0	-33508730018894331248640
11	9	5	1	351841665198390478110720
11	9	5	2	-1558155945878586403061760
11	9	5	3	3769732127125612265472000
11	9	5	4	-5277624977975857171660800
11	9	5	5	4071310697295661246709760
11	9	5	6	-1357103565765220415569920
11	9	6	0	-26096841048985153044480
11	9	6	1	313162092587821836533760
11	9	6	2	-1545442508006903418716160
11	9	6	3	4044376655545742917632000
11	9	6	4	-5962183999796218051952640
11	9	6	5	4701271915140328099676160
11	9	6	6	-1522552486233963013079040
11	9	6	7	-38175558982411160125440
11	9	6	8	9543889745602790031360
11	9	7	0	-5604592979410314854400
11	9	7	1	75662005222039250534400
11	9	7	2	-398576843575153341235200
11	9	7	3	1007252638213461560524800
11	9	7	4	-1091028390245688567398400
11	9	7	5	-180352445994802505318400
11	9	7	6	1535509034267520584908800
11	9	7	7	-1264621330516502642688000
11	9	7	8	316155332629125660672000
11	10	0	0	1060198831744320798720
11	10	0	1	-3180596495232962396160
11	10	0	2	3180596495232962396160
11	10	1	0	21433430819298575646720
11	10	1	1	-96450438686843590410240
11	10	1	2	96450438686843590410240
11	10	2	0	84277850916668099788800
11	10	2	1	-505667105500008598732800
11	10	2	2	1264167763750021496832000
11	10	2	3	-1517001316500025796198400
11	10	2	4	758500658250012898099200
11	10	3	0	36686236834556647833600
11	10	3	1	-275146776259174858752000
11	10	3	2	770410973525689604505600
11	10	3	3	-990528394533029491507200
11	10	3	4	495264197266514745753600
11	10	4	0	-37549617435431015546880
11	10	4	1	337946556918879139921920
11	10	4	2	-1709568947219096036966400
11	10	4	3	5188215329531389122969600
11	10	4	4	-8706534037093082883686400
11	10	4	5	7334911646792865986641920
11	10	4	6	-2444970548930955328880640
11	10	5	0	-2793203939629030440960
11	10	5	1	29328641366104819630080
11	10	5	2	-129883983192749915504640
11	10	5	3	314235443208265924608000
11	10	5	4	-439929620491572294451200
11	10	5	5	339374278664927198576640
11	10	5	6	-113124759554975732858880
11	10	6	0	30812234629648062873600
11	10	6	1	-369746815555776754483200
11	10	6	2	1906928225442561345454080
11	10	6	3	-5515329338976084342865920
11	10	6	4	9835720851125293516062720
11	10	6	5	-11225459092131399252049920
11	10	6	6	8294805820988295814840320
11	10	6	7	-3902559534523853769277440
11	10	6	8	975639883630963442319360
11	10	7	0	14994460054372881530880
11	10	7	1	-202425210734033900666880
11	10	7	2	1076486531912519689175040
11	10	7	3	-2801249734252032908328960
11	10	7	4	3370104308619668021575680
11	10	7	5	-506028122709176950456320
11	10	7	6	-2926902637568949233909760
11	10	7	7	2653353152976007043481600
11	10	7	8	-663338288244001760870400
11	10	8	0	2320817436110849310720
11	10	8	1	-34812261541662739660800
11	10	8	2	219918460989828193320960
11	10	8	3	-759159408628150378168320
11	10	8	4	1507555086808755354992640
11	10	8	5	-1497605785965725315235840
11	10	8	6	-135739220728686858731520
11	10	8	7	2294235326242064569466880
11	10	8	8	-2761058900737459035832320
11	10	8	9	1458333379451295262310400
11	10	8	10	-291666675890259052462080
11	11	0	0	-3382714952167446282240
11	11	0	1	10148144856502338846720
11	11	0	2	-10148144856502338846720
11	11	1	0	-9555579635148513607680
11	11	1	1	43000108358168311234560
11	11	1	2	-43000108358168311234560
11	11	2	0	-25155121460853426094080
11	11	2	1	150930728765120556564480
11	11	2	2	-377326821912801391411200
11	11	2	3	452792186295361669693440
11	11	2	4	-226396093147680834846720
11	11	3	0	-215574925504256409600
11	11	3	1	1616811941281923072000
11	11	3	2	-4527073435589384601600
11	11	3	3	5820522988614923059200
11	11	3	4	-2910261494307461529600
11	11	4	0	43693826901408491765760
11	11	4	1	-393244442112676425891840
11	11	4	2	1739243645335685572853760
11	11	4	3	-4536795240323967048744960
11	11	4	4	6880389704856855411425280
11	11	4	5	-5534390501633846264463360
11	11	4	6	1844796833877948754821120
11	11	5	0	13901383029782300590080
11	11	5	1	-145964521812714156195840
11	11	5	2	646414310884876977438720
11	11	5	3	-1563905590850508816384000
11	11	5	4	2189467827190712342937600
11	11	5	5	-1689018038118549521694720
11	11	5	6	563006012706183173898240
11	11	6	0	-27334203025111394549760
11	11	6	1	328010436301336734597120
11	11	6	2	-1779229808906295060725760
11	11	6	3	5680739536664548406722560
11	11	6	4	-11702261102990192793354240
11	11	6	5	15999459798449252078714880
11	11	6	6	-14275136927582666977443840
11	11	6	7	7664557424085356815319040
11	11	6	8	-1916139356021339203829760
11	11	7	0	-21739914093215864586240
11	11	7	1	293488840258414171914240
11	11	7	2	-1605655245119729361223680
11	11	7	3	4532848782903763072450560
11	11	7	4	-6884113550976838753320960
11	11	7	5	5111144825831900011560960
11	11	7	6	-986911332613885588930560
11	11	7	7	-614403093711498069934080
11	11	7	8	153600773427874517483520
11	11	8	0	-5341556603578189086720
11	11	8	1	80123349053672836300800
11	11	8	2	-505158083386165816197120
11	11	8	3	1735236151735656634122240
11	11	8	4	-3405588328338718332026880
11	11	8	5	3248319523434779922923520
11	11	8	6	701485572934476433981440
11	11	8	7	-5773732870364000849756160
11	11	8	8	6748893504746640837181440
11	11	8	9	-3536973524770427083161600
11	11	8	10	707394704954085416632320
11	11	9	0	-982833165019832647680
11	11	9	1	16216747222827238686720
11	11	9	2	-102609593716044390727680
11	11	9	3	290599077625760663470080
11	11	9	4	-137838018169213676421120
11	11	9	5	-1562966394162159927951360
11	11	9	6	5236289604373612918210560
11	11	9	7	-8292246120090018124922880
11	11	9	8	7386261173364070463569920
11	11	9	9	-3542133095561043954892800
11	11	9	10	708426619112208790978560
11	12	0	0	1510175115224049254400
11	12	0	1	-4530525345672147763200
11	12	0	2	4530525345672147763200
11	12	1	0	2948834868605296312320
11	12	1	1	-13269756908723833405440
11	12	1	2	13269756908723833405440
11	12	2	0	1123878278708173209600
11	12	2	1	-6743269672249039257600
11	12	2	2	16858174180622598144000
11	12	2	3	-20229809016747117772800
11	12	2	4	10114904508373558886400
11	12	3	0	-8382905069748659159040
11	12	3	1	62871788023114943692800
11	12	3	2	-176041006464721842339840
11	12	3	3	226338436883213797294080
11	12	3	4	-113169218441606898647040
11	12	4	0	-14997218874173580902400
11	12	4	1	134974969867562228121600
11	12	4	2	-587288323987489161216000
11	12	4	3	1499105395911501545472000
11	12	4	4	-2235749417134869970944000
11	12	4	5	1783436063014943037849600
11	12	4	6	-594478687671647679283200
11	12	5	0	5410630614521877626880
11	12	5	1	-56811621452479715082240
11	12	5	2	251594323575267309649920
11	12	5	3	-608695944133711233024000
11	12	5	4	852174321787195726233600
11	12	5	5	-657391619664408131665920
11	12	5	6	219130539888136043888640
11	12	6	0	24632048564620366970880
11	12	6	1	-295584582775444403650560
11	12	6	2	1617212150704058558054400
11	12	6	3	-5243994998910028307496960
11	12	6	4	11017006436090635930828800
11	12	6	5	-15374856705172887117496320
11	12	6	6	13959695537074530680832000
11	12	6	7	-7572637116014487121428480
11	12	6	8	1893159279003621780357120
11	12	7	0	20853211113432966758400
11	12	7	1	-281518350031345051238400
11	12	7	2	1589878645207775481692160
11	12	7	3	-4869955073365150405754880
11	12	7	4	8815562704850097662853120
11	12	7	5	-9749699291584063025971200
11	12	7	6	6738228246833081131991040
11	12	7	7	-2989995842547194391429120
11	12	7	8	747498960636798597857280
11	12	8	0	6759888492180673658880
11	12	8	1	-101398327382710104883200
11	12	8	2	634696842168698111262720
11	12	8	3	-2140852427358031671459840
11	12	8	4	4015801713638331257978880
11	12	8	5	-3201074936564961352089600
11	12	8	6	-2670518963098440318320640
11	12	8	7	9567444765722402158018560
11	12	8	8	-10346655782204930984509440
11	12	8	9	5303196393849553630003200
11	12	8	10	-1060639278769910726000640
11	12	9	0	1586075835995793653760
11	12	9	1	-26170251293930595287040
11	12	9	2	165532481292823859036160
11	12	9	3	-468196535112806915112960
11	12	9	4	217956181797187815997440
11	12	9	5	2537182082208770839019520
11	12	9	6	-8481007632999407073361920
11	12	9	7	13422381227854722037186560
11	12	9	8	-11952914407214422205399040
11	12	9	9	5731546066833827797401600
11	12	9	10	-1146309213366765559480320
11	12	10	0	383461508214486466560
11	12	10	1	-6902307147860756398080
11	12	10	2	37962689313234160189440
11	12	10	4	-854160509547768604262400
11	12	10	5	4099970445829289300459520
11	12	10	6	-9566597706935008367738880
11	12	10	7	12299911337487867901378560
11	12	10	8	-7687444585929917438361600
11	12	10	10	3074977834371966975344640
11	12	10	11	-1677260636930163804733440
11	12	10	12	279543439488360634122240
11	13	0	0	-319440142729850388480
11	13	0	1	958320428189551165440
11	13	0	2	-958320428189551165440
11	13	1	0	-579588002935131340800
11	13	1	1	2608146013208091033600
11	13	1	2	-2608146013208091033600
11	13	2	0	1306847793886821089280
11	13	2	1	-7841086763320926535680
11	13	2	2	19602716908302316339200
11	13	2	3	-23523260289962779607040
11	13	2	4	11761630144981389803520
11	13	3	0	3828387876979542589440
11	13	3	1	-28712909077346569420800
11	13	3	2	80396145416570394378240
11	13	3	3	-103366472678447649914880
11	13	3	4	51683236339223824957440
11	13	4	0	-801603259054518435840
11	13	4	1	7214429331490665922560
11	13	4	2	-21058351392841122447360
11	13	4	3	18133668384686745845760
11	13	4	4	14818605152692045086720
11	13	4	5	-28662527214042501611520
11	13	4	6	9554175738014167203840
11	13	5	0	-10092098655881684582400
11	13	5	1	105967035886757688115200
11	13	5	2	-469282587498498333081600
11	13	5	3	1135361098786689515520000
11	13	5	4	-1589505538301365321728000
11	13	5	5	1226189986689624676761600
11	13	5	6	-408729995563208225587200
11	13	6	0	-9765584749325482721280
11	13	6	1	117187016991905792655360
11	13	6	2	-631472402917237771468800
11	13	6	3	1991860591010107474575360
11	13	6	4	-4038492921640097572454400
11	13	6	5	5427221770424070722027520
11	13	6	6	-4769318288578053773721600
11	13	6	7	2537352312945740171182080
11	13	6	8	-634338078236435042795520
11	13	7	0	-2245765982265645465600
11	13	7	1	30317840760586213785600
11	13	7	2	-144919785822905790627840
11	13	7	3	248308439195889822597120
11	13	7	4	220994498209659349893120
11	13	7	5	-1514326714729171727155200
11	13	7	6	2338355993843134931927040
11	13	7	7	-1571640361942923733893120
11	13	7	8	392910090485730933473280
11	13	8	0	422864965891491102720
11	13	8	1	-6342974488372366540800
11	13	8	2	60670043993977997230080
11	13	8	3	-385519905555628173557760
11	13	8	4	1593069025312167501496320
11	13	8	5	-4351624123751499143577600
11	13	8	6	7967974700709303067607040
11	13	8	7	-9717060618943283236700160
11	13	8	8	7592626650423349833891840
11	13	8	9	-3442240997125019349811200
11	13	8	10	688448199425003869962240
11	13	9	0	-9013107621133025280
11	13	9	1	148716275748694917120
11	13	9	2	1179590459915784683520
11	13	9	3	-25962819821900000133120
11	13	9	4	166261416371682992455680
11	13	9	5	-570984311033361397186560
11	13	9	6	1198431798078536952053760
11	13	9	7	-1590135258781488701767680
11	13	9	8	1305091787028572531589120
11	13	9	9	-605038648222133570764800
11	13	9	10	121007729644426714152960
11	13	10	0	-475441427014767083520
11	13	10	1	8557945686265807503360
11	13	10	2	-47068701274461941268480
11	13	10	4	1059045778675393678540800
11	13	10	5	-5083419737641889656995840
11	13	10	6	11861312721164409199656960
11	13	10	7	-15250259212925668970987520
11	13	10	8	9531412008078543106867200
11	13	10	10	-3812564803231417242746880
11	13	10	11	2079580801762591223316480
11	13	10	12	-346596800293765203886080
11	14	0	0	33264195911197655040
11	14	0	1	-99792587733592965120
11	14	0	2	99792587733592965120
11	14	1	0	64803226691787816960
11	14	1	1	-291614520113045176320
11	14	1	2	291614520113045176320
11	14	2	0	-313254389072768532480
11	14	2	1	1879526334436611194880
11	14	2	2	-4698815836091527987200
11	14	2	3	5638579003309833584640
11	14	2	4	-2819289501654916792320
11	14	3	0	-717778228626723962880
11	14	3	1	5383336714700429721600
11	14	3	2	-15073342801161203220480
11	14	3	3	19380012172921546997760
11	14	3	4	-9690006086460773498880
11	14	4	0	1194581010438433013760
11	14	4	1	-10751229093945897123840
11	14	4	2	42366482051378058362880
11	14	4	3	-92930455899079893319680
11	14	4	4	120715102910078873763840
11	14	4	5	-89099849952646712524800
11	14	4	6	29699949984215570841600
11	14	5	0	3500058830694084771840
11	14	5	1	-36750617722287890104320
11	14	5	2	162752735627274941890560
11	14	5	3	-393756618453084536832000
11	14	5	4	551259265834318351564800
11	14	5	5	-425257147929331299778560
11	14	5	6	141752382643110433259520
11	14	6	0	-160632042161008803840
11	14	6	1	1927584505932105646080
11	14	6	2	-15999017119812880957440
11	14	6	3	83272242141454600765440
11	14	6	4	-257238386816237237698560
11	14	6	5	476503424586188398264320
11	14	6	6	-521802317681356921896960
11	14	6	7	311115293845109247836160
11	14	6	8	-77778823461277311959040
11	14	7	0	-4949197540404378992640
11	14	7	1	66814166795459116400640
11	14	7	2	-408325884433226331586560
11	14	7	3	1481226781139593592832000
11	14	7	4	-3471385162277566147461120
11	14	7	5	5335663665782663266959360
11	14	7	6	-5209783788149787831828480
11	14	7	7	2941053628190485779578880
11	14	7	8	-735263407047621444894720
11	14	8	0	-3347368024848570777600
11	14	8	1	50210520372728561664000
11	14	8	2	-338052843701619696599040
11	14	8	3	1345266024292094029332480
11	14	8	4	-3509384142348649821634560
11	14	8	5	6290196546739143148830720
11	14	8	6	-7897675841179823395307520
11	14	8	7	6953807438156436005191680
11	14	8	8	-4215414379805965780254720
11	14	8	9	1651308346844571185971200
11	14	8	10	-330261669368914237194240
11	14	9	0	-630917533479311769600
11	14	9	1	10410139302408644198400
11	14	9	2	-69795252141148864512000
11	14	9	3	239551500992926187520000
11	14	9	4	-398661016467240124416000
11	14	9	5	27326615668822691020800
11	14	9	6	1231353863622404289331200
11	14	9	7	-2519726899333001379840000
11	14	9	8	2450523132379489370112000
11	14	9	9	-1213727605030826016768000
11	14	9	10	242745521006165203353600
11	14	10	0	194532906156121128960
11	14	10	1	-3501592310810180321280
11	14	10	2	19258757709455991767040
11	14	10	4	-433322048462759814758400
11	14	10	5	2079945832621247110840320
11	14	10	6	-4853206942782909925294080
11	14	10	7	6239837497863741332520960
11	14	10	8	-3899898436164838332825600
11	14	10	10	1559959374465935333130240
11	14	10	11	-850886931526873818071040
11	14	10	12	141814488587812303011840
11	15	0	0	-1334949208208179200
11	15	0	1	4004847624624537600
11	15	0	2	-4004847624624537600
11	15	1	0	-3131996219257651200
11	15	1	1	14093982986659430400
11	15	1	2	-14093982986659430400
11	15	2	0	21975317735119257600
11	15	2	1	-131851906410715545600
11	15	2	2	329629766026788864000
11	15	2	3	-395555719232146636800
11	15	2	4	197777859616073318400
11	15	3	0	50522693110648012800
11	15	3	1	-378920198329860096000
11	15	3	2	1060976555323608268800
11	15	3	3	-1364112713987496345600
11	15	3	4	682056356993748172800
11	15	4	0	-147871296909213696000
11	15	4	1	1330841672182923264000
11	15	4	2	-5306731167829406515200
11	15	4	3	11877761924232590131200
11	15	4	4	-15753838294465354137600
11	15	4	5	11777948798818870886400
11	15	4	6	-3925982932939623628800
11	15	5	0	-376661053515969331200
11	15	5	1	3954941061917677977600
11	15	5	2	-17514738988492573900800
11	15	5	3	42374368520546549760000
11	15	5	4	-59324115928765169664000
11	15	5	5	45764318002190273740800
11	15	5	6	-15254772667396757913600
11	15	6	0	347497547736652185600
11	15	6	1	-4169970572839826227200
11	15	6	2	23600258986710505881600
11	15	6	3	-81048257835940026777600
11	15	6	4	182125682838233048678400
11	15	6	5	-271092448623661468876800
11	15	6	6	258981789406796867174400
11	15	6	7	-144529405599065466470400
11	15	6	8	36132351399766366617600
11	15	7	0	1222402721116166553600
11	15	7	1	-16502436735068248473600
11	15	7	2	99635679857428188364800
11	15	7	3	-353072295630129541939200
11	15	7	4	803251671940539718041600
11	15	7	5	-1199221430804032153190400
11	15	7	6	1145011813357114412236800
11	15	7	7	-638804002647803166720000
11	15	7	8	159701000661950791680000
11	15	8	0	42061168898620784640
11	15	8	1	-630917533479311769600
11	15	8	2	423897717806412595200
11	15	8	3	28982774194205884416000
11	15	8	4	-200631775646421142732800
11	15	8	5	678090448810643061473280
11	15	8	6	-1384430230182822307430400
11	15	8	7	1793974574102580559872000
11	15	8	8	-1449818917676076603801600
11	15	8	9	667550182766954309222400
11	15	8	10	-133510036553390861844480
11	15	9	0	-1551005603136641433600
11	15	9	1	25591592451754583654400
11	15	9	2	-195406989822295592140800
11	15	9	3	910561872107556097228800
11	15	9	4	-2862374268531031356211200
11	15	9	5	6321764111203322088652800
11	15	9	6	-9899066526031019822284800
11	15	9	7	10818145784840546628403200
11	15	9	8	-7878848867657342307532800
11	15	9	9	3449541614298137100288000
11	15	9	10	-689908322859627420057600
11	15	10	0	-1182970375273709568000
11	15	10	1	21293466754926772224000
11	15	10	2	-171057516264578403532800
11	15	10	3	809151736687217344512000
11	15	10	4	-2499498105915820946227200
11	15	10	5	5272262368519868802662400
11	15	10	6	-7677004547376265612492800
11	15	10	7	7537887231244077367296000
11	15	10	8	-4557866558892075594547200
11	15	10	9	1149847204766045700096000
11	15	10	10	402446521668115995033600
11	15	10	11	-344954161429813710028800
11	15	10	12	57492360238302285004800
11	15	11	0	-315458766739655884800
11	15	11	1	6151445951423289753600
11	15	11	2	-50157943911605285683200
11	15	11	3	218612925350581528166400
11	15	11	4	-503945379866600275968000
11	15	11	5	268297681112077330022400
11	15	11	6	2015781519466401103872000
11	15	11	7	-7137570056251454049484800
11	15	11	8	12516299758545956713267200
11	15	11	9	-13478764455868646817792000
11	15	11	10	9019912517386980714086400
11	15	11	11	-3449541614298137100288000
11	15	11	12	574923602383022850048000
11	15	13	0	-21030584449310392320
11	15	13	1	473188150109483827200
11	15	13	2	-3312317050766386790400
11	15	13	4	129180364979889084825600
11	15	13	5	-852590408867267959848960
11	15	13	6	2841968029557559866163200
11	15	13	7	-5480938342718151170457600
11	15	13	8	5480938342718151170457600
11	15	13	10	-7673313679805411638640640
11	15	13	11	10463609563371015870873600
11	15	13	12	-6975739708914010580582400
11	15	13	13	2414679130008695970201600
11	15	13	14	-344954161429813710028800
12	3	0	0	-142151440149648506880
12	3	0	1	426454320448945520640
12	3	0	2	-426454320448945520640
12	3	1	0	1238642496720635166720
12	3	1	1	-5573891235242858250240
12	3	1	2	5573891235242858250240
12	4	0	0	-552317574748113469440
12	4	0	1	1656952724244340408320
12	4	0	2	-1656952724244340408320
12	4	1	0	-7424451259482683473920
12	4	1	1	33410030667672075632640
12	4	1	2	-33410030667672075632640
12	4	2	0	-2133258765023544606720
12	4	2	1	12799552590141267640320
12	4	2	2	-31998881475353169100800
12	4	2	3	38398657770423802920960
12	4	2	4	-19199328885211901460480
12	5	0	0	1366068758752930037760
12	5	0	1	-4098206276258790113280
12	5	0	2	4098206276258790113280
12	5	1	0	20850358632783339847680
12	5	1	1	-93826613847525029314560
12	5	1	2	93826613847525029314560
12	5	2	0	10947306162820963368960
12	5	2	1	-65683836976925780213760
12	5	2	2	164209592442314450534400
12	5	2	3	-197051510930777340641280
12	5	2	4	98525755465388670320640
12	5	3	0	3281329076787719700480
12	5	3	1	-24609968075907897753600
12	5	3	2	68907910612542113710080
12	5	3	3	-88595885073268431912960
12	5	3	4	44297942536634215956480
12	6	0	0	3879494878374222888960
12	6	0	1	-11638484635122668666880
12	6	0	2	11638484635122668666880
12	6	1	0	-32793218458041251266560
12	6	1	1	147569483061185630699520
12	6	1	2	-147569483061185630699520
12	6	2	0	-27145111776663164682240
12	6	2	1	162870670659978988093440
12	6	2	2	-407176676649947470233600
12	6	2	3	488612011979936964280320
12	6	2	4	-244306005989968482140160
12	6	3	0	-12112706665591036968960
12	6	3	1	90845299991932777267200
12	6	3	2	-254366839977411776348160
12	6	3	3	327043079970957998161920
12	6	3	4	-163521539985478999080960
12	6	4	0	-4973545449186467512320
12	6	4	1	44761909042678207610880
12	6	4	2	-153552183082206080532480
12	6	4	3	249884462853063369031680
12	6	4	4	-205702018361550742487040
12	6	4	5	96911744322022869565440
12	6	4	6	-32303914774007623188480
12	7	0	0	-15400964162622676008960
12	7	0	1	46202892487868028026880
12	7	0	2	-46202892487868028026880
12	7	1	0	32534316738504291778560
12	7	1	1	-146404425323269313003520
12	7	1	2	146404425323269313003520
12	7	2	0	46378406373783251189760
12	7	2	1	-278270438242699507138560
12	7	2	2	695676095606748767846400
12	7	2	3	-834811314728098521415680
12	7	2	4	417405657364049260707840
12	7	3	0	22138843709438133534720
12	7	3	1	-166041327820786001510400
12	7	3	2	464915717898200804229120
12	7	3	3	-597748780154829605437440
12	7	3	4	298874390077414802718720
12	7	4	0	16511211515324399616000
12	7	4	1	-148600903637919596544000
12	7	4	2	496671537960458586685440
12	7	4	3	-751015673193957571952640
12	7	4	4	512693847969177765150720
12	7	4	5	-164623213646638775009280
12	7	4	6	54874404548879591669760
12	7	5	0	5297700456482450964480
12	7	5	1	-55625854793065735127040
12	7	5	2	246343071226433969848320
12	7	5	3	-595991301354275733504000
12	7	5	4	834387821895986026905600
12	7	5	5	-643670605462617792184320
12	7	5	6	214556868487539264061440
12	8	0	0	20506332404365614120960
12	8	0	1	-61518997213096842362880
12	8	0	2	61518997213096842362880
12	8	1	0	-23537689928606228152320
12	8	1	1	105919604678728026685440
12	8	1	2	-105919604678728026685440
12	8	2	0	-62856115290601873735680
12	8	2	1	377136691743611242414080
12	8	2	2	-942841729359028106035200
12	8	2	3	1131410075230833727242240
12	8	2	4	-565705037615416863621120
12	8	3	0	-33093011262931615088640
12	8	3	1	248197584471987113164800
12	8	3	2	-694953236521563916861440
12	8	3	3	893511304099153607393280
12	8	3	4	-446755652049576803696640
12	8	4	0	-21322326032213669314560
12	8	4	1	191900934289923023831040
12	8	4	2	-579005630158184361492480
12	8	4	3	595519766600260811489280
12	8	4	4	148964179540524253839360
12	8	4	5	-536068875408785591500800
12	8	4	6	178689625136261863833600
12	8	5	0	-16256547892779213127680
12	8	5	1	170693752874181737840640
12	8	5	2	-755929477014233410437120
12	8	5	3	1828861637937661476864000
12	8	5	4	-2560406293112726067609600
12	8	5	5	1975170568972674395013120
12	8	5	6	-658390189657558131671040
12	8	6	0	-4271514279915175280640
12	8	6	1	51258171358982103367680
12	8	6	2	-249275127487442473451520
12	8	6	3	628843749579046004981760
12	8	6	4	-850701344924456221409280
12	8	6	5	515449019284856021975040
12	8	6	6	41660901700154393886720
12	8	6	7	-182980492681519772467200
12	8	6	8	45745123170379943116800
12	9	0	0	-13752635909898617487360
12	9	0	1	41257907729695852462080
12	9	0	2	-41257907729695852462080
12	9	1	0	14527587128057832407040
12	9	1	1	-65374142076260245831680
12	9	1	2	65374142076260245831680
12	9	2	0	61799030512817799168000
12	9	2	1	-370794183076906795008000
12	9	2	2	926985457692266987520000
12	9	2	3	-1112382549230720385024000
12	9	2	4	556191274615360192512000
12	9	3	0	33943774957544669184000
12	9	3	1	-254578312181585018880000
12	9	3	2	712819274108438052864000
12	9	3	3	-916481923853706067968000
12	9	3	4	458240961926853033984000
12	9	4	0	8718751659256310661120
12	9	4	1	-78468764933306795950080
12	9	4	2	96015693011532235407360
12	9	4	3	600937315930408526807040
12	9	4	4	-1890546588182352777707520
12	9	4	5	1908093516260578217164800
12	9	4	6	-636031172086859405721600
12	9	5	0	16937243346353604526080
12	9	5	1	-177841055136712847523840
12	9	5	2	787581815605442610462720
12	9	5	3	-1905439876464780509184000
12	9	5	4	2667615827050692712857600
12	9	5	5	-2057875066581962949918720
12	9	5	6	685958355527320983306240
12	9	6	0	11734204894282650746880
12	9	6	1	-140810458731391808962560
12	9	6	2	691661328959689614950400
12	9	6	3	-1789422510598364552232960
12	9	6	4	2570929448334915325132800
12	9	6	5	-1890827381150549614264320
12	9	6	6	429218376229633130496000
12	9	6	7	172334929274757206507520
12	9	6	8	-43083732318689301626880
12	9	7	0	2532856570531094200320
12	9	7	1	-34193563702169771704320
12	9	7	2	179877730382944728514560
12	9	7	3	-452586493529789237821440
12	9	7	4	481974987563690643947520
12	9	7	5	105800157982491169259520
12	9	7	6	-722963797562574388592640
12	9	7	7	589454638487209141862400
12	9	7	8	-147363659621802285465600
12	10	0	0	4709959445914771783680
12	10	0	1	-14129878337744315351040
12	10	0	2	14129878337744315351040
12	10	1	0	-7934429842428489891840
12	10	1	1	35704934290928204513280
12	10	1	2	-35704934290928204513280
12	10	2	0	-37716169445081025085440
12	10	2	1	226297016670486150512640
12	10	2	2	-565742541676215376281600
12	10	2	3	678891050011458451537920
12	10	2	4	-339445525005729225768960
12	10	3	0	-17577293151136540262400
12	10	3	1	131829698633524051968000
12	10	3	2	-369123156173867345510400
12	10	3	3	474586915080686587084800
12	10	3	4	-237293457540343293542400
12	10	4	0	12036528573293191495680
12	10	4	1	-108328757159638723461120
12	10	4	2	589042589431014044467200
12	10	4	3	-1909324179191503414886400
12	10	4	4	3324403376217633639628800
12	10	4	5	-2843689543946258318622720
12	10	4	6	947896514648752772874240
12	10	5	0	-43397246550791946240
12	10	5	1	455671088783315435520
12	10	5	2	-2017971964611825500160
12	10	5	3	4882190236964093952000
12	10	5	4	-6835066331749731532800
12	10	5	5	5272765455921221468160
12	10	5	6	-1757588485307073822720
12	10	6	0	-12836284795269100339200
12	10	6	1	154035417543229204070400
12	10	6	2	-789884659186111076106240
12	10	6	3	2256846280063279756738560
12	10	6	4	-3943310052772432482140160
12	10	6	5	4363513073520558326415360
12	10	6	6	-3097252321559531445288960
12	10	6	7	1408069683188010288414720
12	10	6	8	-352017420797002572103680
12	10	7	0	-6297562292281273221120
12	10	7	1	85017090945797188485120
12	10	7	2	-450163776701065907404800
12	10	7	3	1156001835637710111375360
12	10	7	4	-1328528055122051412787200
12	10	7	5	22149300322576713646080
12	10	7	6	1456755673961239286906880
12	10	7	7	-1254976092058941306961920
12	10	7	8	313744023014735326740480
12	10	8	0	-998548327025910743040
12	10	8	1	14978224905388661145600
12	10	8	2	-94691643669251295805440
12	10	8	3	327475579140027847802880
12	10	8	4	-653126003986776257986560
12	10	8	5	658245405783331637821440
12	10	8	6	31184399059660339937280
12	10	8	7	-952597164431972939857920
12	10	8	8	1160396245589990603489280
12	10	8	9	-614831302987998245683200
12	10	8	10	122966260597599649136640
12	11	0	0	-526993712397240238080
12	11	0	1	1580981137191720714240
12	11	0	2	-1580981137191720714240
12	11	1	0	3429405186276214702080
12	11	1	1	-15432323338242966159360
12	11	1	2	15432323338242966159360
12	11	2	0	12327148031519678791680
12	11	2	1	-73962888189118072750080
12	11	2	2	184907220472795181875200
12	11	2	3	-221888664567354218250240
12	11	2	4	110944332283677109125120
12	11	3	0	1563310156109001523200
12	11	3	1	-11724826170817511424000
12	11	3	2	32829513278289031987200
12	11	3	3	-42209374214943041126400
12	11	3	4	21104687107471520563200
12	11	4	0	-15850459728974173962240
12	11	4	1	142654137560767565660160
12	11	4	2	-639940702306818745958400
12	11	4	3	1699832150429398990848000
12	11	4	4	-2613063627557941071052800
12	11	4	5	2115777062811889890754560
12	11	4	6	-705259020937296630251520
12	11	5	0	-5615276184096661831680
12	11	5	1	58960399933014949232640
12	11	5	2	-261110342560494775173120
12	11	5	3	631718570710874456064000
12	11	5	4	-884405998995224238489600
12	11	5	5	682256056367744412549120
12	11	5	6	-227418685455914804183040
12	11	6	0	10320237526010591969280
12	11	6	1	-123842850312127103631360
12	11	6	2	670338309611505089249280
12	11	6	3	-2131995001671542038855680
12	11	6	4	4369878542862266369310720
12	11	6	5	-5942495586596478926192640
12	11	6	6	5277229089139967152619520
12	11	6	7	-2825483337378120723333120
12	11	6	8	706370834344530180833280
12	11	7	0	8502451520431844229120
12	11	7	1	-114783095525829897093120
12	11	7	2	624628442641549397852160
12	11	7	3	-1737708635651412999536640
12	11	7	4	2543684681866370843934720
12	11	7	5	-1673195866222839390535680
12	11	7	6	-3268995635649907261440
12	11	7	7	480857958037082603520000
12	11	7	8	-120214489509270650880000
12	11	8	0	2110511591617745387520
12	11	8	1	-31657673874266180812800
12	11	8	2	199764459033003892408320
12	11	8	3	-687659119185672945008640
12	11	8	4	1356505109502157840711680
12	11	8	5	-1317224383196077511147520
12	11	8	6	-210979256517963640995840
12	11	8	7	2197343032682942834933760
12	11	8	8	-2599528065899425525923840
12	11	8	9	1366794871819126544793600
12	11	8	10	-273358974363825308958720
12	11	9	0	395594537704473231360
12	11	9	1	-6527309872123808317440
12	11	9	2	41268029872043804590080
12	11	9	3	-116524986904234300538880
12	11	9	4	52891645452443839365120
12	11	9	5	637702475232980993310720
12	11	9	6	-2125406019177198146027520
12	11	9	7	3361061410077912260935680
12	11	9	8	-2992122264295935018270720
12	11	9	9	1434571274517637968691200
12	11	9	10	-286914254903527593738240
12	12	0	0	-166178795616652492800
12	12	0	1	498536386849957478400
12	12	0	2	-498536386849957478400
12	12	1	0	-1037544491661876264960
12	12	1	1	4668950212478443192320
12	12	1	2	-4668950212478443192320
12	12	2	0	-1378988163225920471040
12	12	2	1	8273928979355522826240
12	12	2	2	-20684822448388807065600
12	12	2	3	24821786938066568478720
12	12	2	4	-12410893469033284239360
12	12	3	0	2661062248808621015040
12	12	3	1	-19957966866064657612800
12	12	3	2	55882307224981041315840
12	12	3	3	-71848680717832767406080
12	12	3	4	35924340358916383703040
12	12	4	0	5536205062396119613440
12	12	4	1	-49825845561565076520960
12	12	4	2	218185571885982878269440
12	12	4	3	-561725747892421121802240
12	12	4	4	843378612055174356664320
12	12	4	5	-675018885730756554915840
12	12	4	6	225006295243585518305280
12	12	5	0	-1669791332129581301760
12	12	5	1	17532808987360603668480
12	12	5	2	-77645296944025530531840
12	12	5	3	187851524864577896448000
12	12	5	4	-262992134810409055027200
12	12	5	5	202879646853744128163840
12	12	5	6	-67626548951248042721280
12	12	6	0	-8733771699781191598080
12	12	6	1	104805260397374299176960
12	12	6	2	-573537447096040040693760
12	12	6	3	1860471321347069942169600
12	12	6	4	-3910490717155934381015040
12	12	6	5	5459971590281428425768960
12	12	6	6	-4959433067598058031677440
12	12	6	7	2690950746432213048360960
12	12	6	8	-672737686608053262090240
12	12	7	0	-7955685212915226378240
12	12	7	1	107401750374355556106240
12	12	7	2	-605572414855196631367680
12	12	7	3	1847636840256631272898560
12	12	7	4	-3319587378698027752488960
12	12	7	5	3624007255214204607528960
12	12	7	6	-2456476593288984982978560
12	12	7	7	1070120721329357240401920
12	12	7	8	-267530180332339310100480
12	12	8	0	-2616247074803542917120
12	12	8	1	39243706122053143756800
12	12	8	2	-245919073754181229608960
12	12	8	3	831868754459304992440320
12	12	8	4	-1571842810206413798768640
12	12	8	5	1293428349112096433111040
12	12	8	6	926697913018150834667520
12	12	8	7	-3567338944339513316474880
12	12	8	8	3896179099306931068600320
12	12	8	9	-2002896242148035159654400
12	12	8	10	400579248429607031930880
12	12	9	0	-612120967158316400640
12	12	9	1	10099995958112220610560
12	12	9	2	-63839090188183456972800
12	12	9	3	180077990367901777920000
12	12	9	4	-80517383630442882662400
12	12	9	5	-991145359082595318497280
12	12	9	6	3297828393600919095214080
12	12	9	7	-5212687460434106646528000
12	12	9	8	4639624111465387838668800
12	12	9	9	-2224301497571240784691200
12	12	9	10	444860299514248156938240
12	12	10	0	-150815482438232309760
12	12	10	1	2714678683888181575680
12	12	10	2	-14930732761384998666240
12	12	10	4	335941487131162469990400
12	12	10	5	-1612519138229579855953920
12	12	10	6	3762544655869019663892480
12	12	10	7	-4837557414688739567861760
12	12	10	8	3023473384180462229913600
12	12	10	10	-1209389353672184891965440
12	12	10	11	659666920184828122890240
12	12	10	12	-109944486697471353815040
12	13	0	0	67407600128753664000
12	13	0	1	-202222800386260992000
12	13	0	2	202222800386260992000
12	13	1	0	200337245753714933760
12	13	1	1	-901517605891717201920
12	13	1	2	901517605891717201920
12	13	2	0	-288327513308072509440
12	13	2	1	1729965079848435056640
12	13	2	2	-4324912699621087641600
12	13	2	3	5189895239545305169920
12	13	2	4	-2594947619772652584960
12	13	3	0	-1293216642191578890240
12	13	3	1	9699124816436841676800
12	13	3	2	-27157549486023156695040
12	13	3	3	34916849339172630036480
12	13	3	4	-17458424669586315018240
12	13	4	0	164927351261705011200
12	13	4	1	-1484346161355345100800
12	13	4	2	2973198876521256714240
12	13	4	3	4425999161202636226560
12	13	4	4	-20722261059437466746880
12	13	4	5	22211113774603378360320
12	13	4	6	-7403704591534459453440
12	13	5	0	3473066451099545763840
12	13	5	1	-36467197736545230520320
12	13	5	2	161497589976128878018560
12	13	5	3	-390719975748698898432000
12	13	5	4	547007966048178457804800
12	13	5	5	-421977573808594810306560
12	13	5	6	140659191269531603435520
12	13	6	0	3227373205764094033920
12	13	6	1	-38728478469169128407040
12	13	6	2	208460222934601496002560
12	13	6	3	-656194934632585919201280
12	13	6	4	1326786407487543013539840
12	13	6	5	-1777635640772951927685120
12	13	6	6	1557893401203403747491840
12	13	6	7	-827441303667788375654400
12	13	6	8	206860325916947093913600
12	13	7	0	814184055109016616960
12	13	7	1	-10991484743971724328960
12	13	7	2	52234056920210645975040
12	13	7	3	-86815238415399360921600
12	13	7	4	-93711110724405606481920
12	13	7	5	578785578168871771176960
12	13	7	6	-883333696473532968468480
12	13	7	7	591775860357636324065280
12	13	7	8	-147943965089409081016320
12	13	8	0	-116920034974142300160
12	13	8	1	1753800524612134502400
12	13	8	2	-18270883559564724142080
12	13	8	3	124545374385721426575360
12	13	8	4	-536214558427161789726720
12	13	8	5	1499394671167279328133120
12	13	8	6	-2783522533188322763735040
12	13	8	7	3422711846186929367285760
12	13	8	8	-2687220294852647992688640
12	13	8	9	1221028222203943767244800
12	13	8	10	-244205644440788753448960
12	13	9	0	1502184603522170880
12	13	9	1	-24786045958115819520
12	13	9	2	-634297448837236654080
12	13	9	3	10236073661475512647680
12	13	9	4	-62288460131197696081920
12	13	9	5	210060049537352607989760
12	13	9	6	-437190361589904845045760
12	13	9	7	577539656870056710635520
12	13	9	8	-472912687007812949114880
12	13	9	9	219018515193532514304000
12	13	9	10	-43803703038706502860800
12	13	10	0	176506690913855078400
12	13	10	1	-3177120436449391411200
12	13	10	2	17474162400471652761600
12	13	10	4	-393168654010612187136000
12	13	10	5	1887209539250938498252800
12	13	10	6	-4403488924918856495923200
12	13	10	7	5661628617752815494758400
12	13	10	8	-3538517886095509684224000
12	13	10	10	1415407154438203873689600
12	13	10	11	-772040266057202112921600
12	13	10	12	128673377676200352153600
12	14	0	0	-9111884082692751360
12	14	0	1	27335652248078254080
12	14	0	2	-27335652248078254080
12	14	1	0	-22002701308620963840
12	14	1	1	99012155888794337280
12	14	1	2	-99012155888794337280
12	14	2	0	94897773970162974720
12	14	2	1	-569386643820977848320
12	14	2	2	1423466609552444620800
12	14	2	3	-1708159931462933544960
12	14	2	4	854079965731466772480
12	14	3	0	242289858343096811520
12	14	3	1	-1817173937573226086400
12	14	3	2	5088087025205033041920
12	14	3	3	-6541826175263613911040
12	14	3	4	3270913087631806955520
12	14	4	0	-388189537960187658240
12	14	4	1	3493705841641688924160
12	14	4	2	-13744513821630655365120
12	14	4	3	30061495305158598328320
12	14	4	4	-38930446015530962780160
12	14	4	5	28679638035541996339200
12	14	4	6	-9559879345180665446400
12	14	5	0	-1188008952798023516160
12	14	5	1	12474094004379246919680
12	14	5	2	-55242416305108093501440
12	14	5	3	133651007189777645568000
12	14	5	4	-187111410065688703795200
12	14	5	5	144343087764959857213440
12	14	5	6	-48114362588319952404480
12	14	6	0	69937646723357736960
12	14	6	1	-839251760680292843520
12	14	6	2	6464275895106781839360
12	14	6	3	-31742052594531811983360
12	14	6	4	94946681032437022064640
12	14	6	5	-172858588660932626350080
12	14	6	6	187565867851523020554240
12	14	6	7	-111382575683896124375040
12	14	6	8	27845643920974031093760
12	14	7	0	1684199304648940584960
12	14	7	1	-22736690612760697896960
12	14	7	2	139034508205919085527040
12	14	7	3	-504921330426201086361600
12	14	7	4	1184963680356045768622080
12	14	7	5	-1823732193892590724055040
12	14	7	6	1782458357499290997227520
12	14	7	7	-1006755108172937790750720
12	14	7	8	251688777043234447687680
12	14	8	0	1086580196547703603200
12	14	8	1	-16298702948215554048000
12	14	8	2	109471421322065042472960
12	14	8	3	-433527096661140591083520
12	14	8	4	1122339200306347706941440
12	14	8	5	-1989768000914132230471680
12	14	8	6	2461595735092051291668480
12	14	8	7	-2127856132819832348344320
12	14	8	8	1264991626243312220897280
12	14	8	9	-488685062025569422540800
12	14	8	10	97737012405113884508160
12	14	9	0	210305844493103923200
12	14	9	1	-3470046434136214732800
12	14	9	2	23107354663679793561600
12	14	9	3	-77721153655482718617600
12	14	9	4	120426384202863634022400
12	14	9	5	32295091244972271206400
12	14	9	6	-496019478352266421862400
12	14	9	7	952527746170390944153600
12	14	9	8	-908876139322791061094400
12	14	9	9	447162801853462216704000
12	14	9	10	-89432560370692443340800
12	14	10	0	-68349399460258775040
12	14	10	1	1230289190284657950720
12	14	10	2	-6766590546565618728960
12	14	10	4	152248287297726421401600
12	14	10	5	-730791779029086822727680
12	14	10	6	1705180817734535919697920
12	14	10	7	-2192375337087260468183040
12	14	10	8	1370234585679537792614400
12	14	10	10	-548093834271815117045760
12	14	10	11	298960273239171882024960
12	14	10	12	-49826712206528647004160
12	15	0	0	444983069402726400
12	15	0	1	-1334949208208179200
12	15	0	2	1334949208208179200
12	15	1	0	1043998739752550400
12	15	1	1	-4697994328886476800
12	15	1	2	4697994328886476800
12	15	2	0	-7325105911706419200
12	15	2	1	43950635470238515200
12	15	2	2	-109876588675596288000
12	15	2	3	131851906410715545600
12	15	2	4	-65925953205357772800
12	15	3	0	-16840897703549337600
12	15	3	1	126306732776620032000
12	15	3	2	-353658851774536089600
12	15	3	3	454704237995832115200
12	15	3	4	-227352118997916057600
12	15	4	0	49290432303071232000
12	15	4	1	-443613890727641088000
12	15	4	2	1768910389276468838400
12	15	4	3	-3959253974744196710400
12	15	4	4	5251279431488451379200
12	15	4	5	-3925982932939623628800
12	15	4	6	1308660977646541209600
12	15	5	0	125553684505323110400
12	15	5	1	-1318313687305892659200
12	15	5	2	5838246329497524633600
12	15	5	3	-14124789506848849920000
12	15	5	4	19774705309588389888000
12	15	5	5	-15254772667396757913600
12	15	5	6	5084924222465585971200
12	15	6	0	-115832515912217395200
12	15	6	1	1389990190946608742400
12	15	6	2	-7866752995570168627200
12	15	6	3	27016085945313342259200
12	15	6	4	-60708560946077682892800
12	15	6	5	90364149541220489625600
12	15	6	6	-86327263135598955724800
12	15	6	7	48176468533021822156800
12	15	6	8	-12044117133255455539200
12	15	7	0	-407467573705388851200
12	15	7	1	5500812245022749491200
12	15	7	2	-33211893285809396121600
12	15	7	3	117690765210043180646400
12	15	7	4	-267750557313513239347200
12	15	7	5	399740476934677384396800
12	15	7	6	-381670604452371470745600
12	15	7	7	212934667549267722240000
12	15	7	8	-53233666887316930560000
12	15	8	0	-14020389632873594880
12	15	8	1	210305844493103923200
12	15	8	2	-141299239268804198400
12	15	8	3	-9660924731401961472000
12	15	8	4	66877258548807047577600
12	15	8	5	-226030149603547687157760
12	15	8	6	461476743394274102476800
12	15	8	7	-597991524700860186624000
12	15	8	8	483272972558692201267200
12	15	8	9	-222516727588984769740800
12	15	8	10	44503345517796953948160
12	15	9	0	517001867712213811200
12	15	9	1	-8530530817251527884800
12	15	9	2	65135663274098530713600
12	15	9	3	-303520624035852032409600
12	15	9	4	954124756177010452070400
12	15	9	5	-2107254703734440696217600
12	15	9	6	3299688842010339940761600
12	15	9	7	-3606048594946848876134400
12	15	9	8	2626282955885780769177600
12	15	9	9	-1149847204766045700096000
12	15	9	10	229969440953209140019200
12	15	10	0	394323458424569856000
12	15	10	1	-7097822251642257408000
12	15	10	2	57019172088192801177600
12	15	10	3	-269717245562405781504000
12	15	10	4	833166035305273648742400
12	15	10	5	-1757420789506622934220800
12	15	10	6	2559001515792088537497600
12	15	10	7	-2512629077081359122432000
12	15	10	8	1519288852964025198182400
12	15	10	9	-383282401588681900032000
12	15	10	10	-134148840556038665011200
12	15	10	11	114984720476604570009600
12	15	10	12	-19164120079434095001600
12	15	11	0	105152922246551961600
12	15	11	1	-2050481983807763251200
12	15	11	2	16719314637201761894400
12	15	11	3	-72870975116860509388800
12	15	11	4	167981793288866758656000
12	15	11	5	-89432560370692443340800
12	15	11	6	-671927173155467034624000
12	15	11	7	2379190018750484683161600
12	15	11	8	-4172099919515318904422400
12	15	11	9	4492921485289548939264000
12	15	11	10	-3006637505795660238028800
12	15	11	11	1149847204766045700096000
12	15	11	12	-191641200794340950016000
12	15	13	0	7010194816436797440
12	15	13	1	-157729383369827942400
12	15	13	2	1104105683588795596800
12	15	13	4	-43060121659963028275200
12	15	13	5	284196802955755986616320
12	15	13	6	-947322676519186622054400
12	15	13	7	1826979447572717056819200
12	15	13	8	-1826979447572717056819200
12	15	13	10	2557771226601803879546880
12	15	13	11	-3487869854457005290291200
12	15	13	12	2325246569638003526860800
12	15	13	13	-804893043336231990067200
12	15	13	14	114984720476604570009600
13	3	0	0	239880555252531855360
13	3	0	1	-719641665757595566080
13	3	0	2	719641665757595566080
13	3	1	0	-526404551804167127040
13	3	1	1	2368820483118752071680
13	3	1	2	-2368820483118752071680
13	4	0	0	-253207252766561402880
13	4	0	1	759621758299684208640
13	4	0	2	-759621758299684208640
13	4	1	0	2940757918095853486080
13	4	1	1	-13233410631431340687360
13	4	1	2	13233410631431340687360
13	4	2	0	826255245869831946240
13	4	2	1	-4957531475218991677440
13	4	2	2	12393828688047479193600
13	4	2	3	-14872594425656975032320
13	4	2	4	7436297212828487516160
13	5	0	0	-565150690872734515200
13	5	0	1	1695452072618203545600
13	5	0	2	-1695452072618203545600
13	5	1	0	-8041921577632719175680
13	5	1	1	36188647099347236290560
13	5	1	2	-36188647099347236290560
13	5	2	0	-3933843673585759027200
13	5	2	1	23603062041514554163200
13	5	2	2	-59007655103786385408000
13	5	2	3	70809186124543662489600
13	5	2	4	-35404593062271831244800
13	5	3	0	-1235927799078888407040
13	5	3	1	9269458493091663052800
13	5	3	2	-25954483780656656547840
13	5	3	3	33370050575129986990080
13	5	3	4	-16685025287564993495040
13	6	0	0	-455575622424047124480
13	6	0	1	1366726867272141373440
13	6	0	2	-1366726867272141373440
13	6	1	0	12155593404092975677440
13	6	1	1	-54700170318418390548480
13	6	1	2	54700170318418390548480
13	6	2	0	9217796974333573201920
13	6	2	1	-55306781846001439211520
13	6	2	2	138266954615003598028800
13	6	2	3	-165920345538004317634560
13	6	2	4	82960172769002158817280
13	6	3	0	4325089188256898088960
13	6	3	1	-32438168911926735667200
13	6	3	2	90826872953394859868160
13	6	3	3	-116777408082936248401920
13	6	3	4	58388704041468124200960
13	6	4	0	1842703853791739904000
13	6	4	1	-16584334684125659136000
13	6	4	2	56999766011672600248320
13	6	4	3	-93233575808150714449920
13	6	4	4	77623570786717437788160
13	6	4	5	-37208139459170496675840
13	6	4	6	12402713153056832225280
13	7	0	0	4930274814048322191360
13	7	0	1	-14790824442144966574080
13	7	0	2	14790824442144966574080
13	7	1	0	-11284449672975270543360
13	7	1	1	50780023528388717445120
13	7	1	2	-50780023528388717445120
13	7	2	0	-14309143848458869800960
13	7	2	1	85854863090753218805760
13	7	2	2	-214637157726883047014400
13	7	2	3	257564589272259656417280
13	7	2	4	-128782294636129828208640
13	7	3	0	-7126218415526746521600
13	7	3	1	53446638116450598912000
13	7	3	2	-149650586726061676953600
13	7	3	3	192407897219222156083200
13	7	3	4	-96203948609611078041600
13	7	4	0	-5956320837875395461120
13	7	4	1	53606887540878559150080
13	7	4	2	-181167074656832937000960
13	7	4	3	282899134827819234754560
13	7	4	4	-210896468903685815009280
13	7	4	5	83336281787731437158400
13	7	4	6	-27778760595910479052800
13	7	5	0	-1843800701323758796800
13	7	5	1	19359907363899467366400
13	7	5	2	-85736732611554784051200
13	7	5	3	207427578898922864640000
13	7	5	4	-290398610458492010496000
13	7	5	5	224021785210836693811200
13	7	5	6	-74673928403612231270400
13	8	0	0	-7833209773081724190720
13	8	0	1	23499629319245172572160
13	8	0	2	-23499629319245172572160
13	8	1	0	7408327600762005749760
13	8	1	1	-33337474203429025873920
13	8	1	2	33337474203429025873920
13	8	2	0	18529922836420771184640
13	8	2	1	-111179537018524627107840
13	8	2	2	277948842546311567769600
13	8	2	3	-333538611055573881323520
13	8	2	4	166769305527786940661760
13	8	3	0	10291647269764469882880
13	8	3	1	-77187354523233524121600
13	8	3	2	216124592665053867540480
13	8	3	3	-277874476283640686837760
13	8	3	4	138937238141820343418880
13	8	4	0	7633473837501083811840
13	8	4	1	-68701264537509754306560
13	8	4	2	213514095538848902676480
13	8	4	3	-250565605170447101460480
13	8	4	4	27632660504645562531840
13	8	4	5	117180170496693585838080
13	8	4	6	-39060056832231195279360
13	8	5	0	5480727747992003543040
13	8	5	1	-57547641353916037201920
13	8	5	2	254853840281628164751360
13	8	5	3	-616581871649100398592000
13	8	5	4	863214620308740558028800
13	8	5	5	-665908421381028430479360
13	8	5	6	221969473793676143493120
13	8	6	0	1395921292416044236800
13	8	6	1	-16751055508992530841600
13	8	6	2	81398371568160457359360
13	8	6	3	-204927095580179394723840
13	8	6	4	275825126354816587530240
13	8	6	5	-164019070026002768855040
13	8	6	6	-18685017077448242626560
13	8	6	7	62878320359527856209920
13	8	6	8	-15719580089881964052480
13	9	0	0	5934810439053024952320
13	9	0	1	-17804431317159074856960
13	9	0	2	17804431317159074856960
13	9	1	0	-4101758843543051304960
13	9	1	1	18457914795943730872320
13	9	1	2	-18457914795943730872320
13	9	2	0	-18242695029369423790080
13	9	2	1	109456170176216542740480
13	9	2	2	-273640425440541356851200
13	9	2	3	328368510528649628221440
13	9	2	4	-164184255264324814110720
13	9	3	0	-10556255643266627665920
13	9	3	1	79171917324499707494400
13	9	3	2	-221681368508599180984320
13	9	3	3	285018902368198946979840
13	9	3	4	-142509451184099473489920
13	9	4	0	-3871628044130687385600
13	9	4	1	34844652397176186470400
13	9	4	2	-71398631988250615480320
13	9	4	3	-94277994028139104174080
13	9	4	4	465603880039789457571840
13	9	4	5	-502157859630863886581760
13	9	4	6	167385953210287962193920
13	9	5	0	-5781897705894791086080
13	9	5	1	60709925911895306403840
13	9	5	2	-268858243324107785502720
13	9	5	3	650463491913163997184000
13	9	5	4	-910648888678429596057600
13	9	5	5	702500571266217116958720
13	9	5	6	-234166857088739038986240
13	9	6	0	-3663714500839106150400
13	9	6	1	43964574010069273804800
13	9	6	2	-215046464664248097177600
13	9	6	3	550534100661050749747200
13	9	6	4	-771849414586630825574400
13	9	6	5	527737221555570081792000
13	9	6	6	-62309714598929262182400
13	9	6	7	-97373736502509227212800
13	9	6	8	24343434125627306803200
13	9	7	0	-794020115623276707840
13	9	7	1	10719271560914235555840
13	9	7	2	-56318294640029262151680
13	9	7	3	141132688161909359247360
13	9	7	4	-147924368080170343464960
13	9	7	5	-40110398028892487024640
13	9	7	6	234936844056216301731840
13	9	7	7	-189914324039930405191680
13	9	7	8	47478581009982601297920
13	10	0	0	-2484891834195734691840
13	10	0	1	7454675502587204075520
13	10	0	2	-7454675502587204075520
13	10	1	0	2071896239204487659520
13	10	1	1	-9323533076420194467840
13	10	1	2	9323533076420194467840
13	10	2	0	11299130164711690076160
13	10	2	1	-67794780988270140456960
13	10	2	2	169486952470675351142400
13	10	2	3	-203384342964810421370880
13	10	2	4	101692171482405210685440
13	10	3	0	5576340353597917102080
13	10	3	1	-41822552651984378265600
13	10	3	2	117103147425556259143680
13	10	3	3	-150561189547143761756160
13	10	3	4	75280594773571880878080
13	10	4	0	-2520181887938875883520
13	10	4	1	22681636991449882951680
13	10	4	2	-137284435157405474488320
13	10	4	3	483482056072684602654720
13	10	4	4	-877432177388275850280960
13	10	4	5	762829379222320258744320
13	10	4	6	-254276459740773419581440
13	10	5	0	360545970969410273280
13	10	5	1	-3785732695178807869440
13	10	5	2	16765387650077577707520
13	10	5	3	-40561421734058655744000
13	10	5	4	56785990427682118041600
13	10	5	5	-43806335472783348203520
13	10	5	6	14602111824261116067840
13	10	6	0	3726762921938858803200
13	10	6	1	-44721155063266305638400
13	10	6	2	228070188515544426086400
13	10	6	3	-643915312147011207168000
13	10	6	4	1102114593867647523225600
13	10	6	5	-1180107034479382914662400
13	10	6	6	799900193370481990041600
13	10	6	7	-348455298752018015846400
13	10	6	8	87113824688004503961600
13	10	7	0	1836594006798567997440
13	10	7	1	-24794019091780667965440
13	10	7	2	130803894322393849528320
13	10	7	3	-332092088530347365498880
13	10	7	4	366089097154779351613440
13	10	7	5	40334154925424341155840
13	10	7	6	-480754415630060020039680
13	10	7	7	400551169132787348275200
13	10	7	8	-100137792283196837068800
13	10	8	0	296912564519247544320
13	10	8	1	-4453688467788713164800
13	10	8	2	28166069646661150310400
13	10	8	3	-97493658499343292825600
13	10	8	4	194846920514588167372800
13	10	8	5	-197716858643700001013760
13	10	8	6	-5370165516764499148800
13	10	8	7	278300930604089632358400
13	10	8	8	-341084483336851056230400
13	10	8	9	181006167123885765427200
13	10	8	10	-36201233424777153085440
13	11	0	0	560619085606189793280
13	11	0	1	-1681857256818569379840
13	11	0	2	1681857256818569379840
13	11	1	0	-858954505118361845760
13	11	1	1	3865295273032628305920
13	11	1	2	-3865295273032628305920
13	11	2	0	-3880015542418742968320
13	11	2	1	23280093254512457809920
13	11	2	2	-58200233136281144524800
13	11	2	3	69840279763537373429760
13	11	2	4	-34920139881768686714880
13	11	3	0	-770268627090423152640
13	11	3	1	5777014703178173644800
13	11	3	2	-16175641168898886205440
13	11	3	3	20797252931441425121280
13	11	3	4	-10398626465720712560640
13	11	4	0	3958292540487735705600
13	11	4	1	-35624632864389621350400
13	11	4	2	162317469513607859404800
13	11	4	3	-439535324115802836172800
13	11	4	4	685141789101317318246400
13	11	4	5	-558448952452099080192000
13	11	4	6	186149650817366360064000
13	11	5	0	1550736582095866429440
13	11	5	1	-16282734112006597509120
13	11	5	2	72109251067457788968960
13	11	5	3	-174457865485784973312000
13	11	5	4	244241011680098962636800
13	11	5	5	-188414494724647771176960
13	11	5	6	62804831574882590392320
13	11	6	0	-2730641200810945413120
13	11	6	1	32767694409731344957440
13	11	6	2	-176926219296636823142400
13	11	6	3	560153599763194042122240
13	11	6	4	-1141296912638114424422400
13	11	6	5	1542024601100388013178880
13	11	6	6	-1361608976687741219635200
13	11	6	7	726514951132238755921920
13	11	6	8	-181628737783059688980480
13	11	7	0	-2306228912557412843520
13	11	7	1	31134090319525073387520
13	11	7	2	-168603892709841740759040
13	11	7	3	462709080033285195694080
13	11	7	4	-653373355292441318522880
13	11	7	5	373688934334631856046080
13	11	7	6	96659761882333729259520
13	11	7	7	-189619491423323726807040
13	11	7	8	47404872855830931701760
13	11	8	0	-578398848686940487680
13	11	8	1	8675982730304107315200
13	11	8	2	-54791352878714427801600
13	11	8	3	188993167108151338598400
13	11	8	4	-374616818597940638515200
13	11	8	5	369835928324155889418240
13	11	8	6	40492685955385471795200
13	11	8	7	-580223569657738140057600
13	11	8	8	694866073704352815513600
13	11	8	9	-366540120859945520332800
13	11	8	10	73308024171989104066560
13	11	9	0	-110757226344307752960
13	11	9	1	1827494234681077923840
13	11	9	2	-11548780787795723550720
13	11	9	3	32552679794269508075520
13	11	9	4	-14389469649387053383680
13	11	9	5	-179933888976584095825920
13	11	9	6	597941020965608116715520
13	11	9	7	-944805159564510725406720
13	11	9	8	840818748660965997281280
13	11	9	9	-403078305846558877286400
13	11	9	10	80615661169311775457280
13	12	0	0	-46941237660934471680
13	12	0	1	140823712982803415040
13	12	0	2	-140823712982803415040
13	12	1	0	253448965463432232960
13	12	1	1	-1140520344585445048320
13	12	1	2	1140520344585445048320
13	12	2	0	571116774105022464000
13	12	2	1	-3426700644630134784000
13	12	2	2	8566751611575336960000
13	12	2	3	-10280101933890404352000
13	12	2	4	5140050966945202176000
13	12	3	0	-577366096772018995200
13	12	3	1	4330245725790142464000
13	12	3	2	-12124688032212398899200
13	12	3	3	15588884612844512870400
13	12	3	4	-7794442306422256435200
13	12	4	0	-1408767498490635878400
13	12	4	1	12678907486415722905600
13	12	4	2	-55873835770462139842560
13	12	4	3	145059402326536995471360
13	12	4	4	-219203565559378901729280
13	12	4	5	176008637275332484792320
13	12	4	6	-58669545758444161597440
13	12	5	0	345784118423259709440
13	12	5	1	-3630733243444226949120
13	12	5	2	16078961506681576488960
13	12	5	3	-38900713322616717312000
13	12	5	4	54460998651663404236800
13	12	5	5	-42012770388426054696960
13	12	5	6	14004256796142018232320
13	12	6	0	2155178111938099937280
13	12	6	1	-25862137343257199247360
13	12	6	2	141543185381966563246080
13	12	6	3	-459231342125097292922880
13	12	6	4	965475373177354762321920
13	12	6	5	-1348354086125474508963840
13	12	6	6	1224988768021336786206720
13	12	6	7	-664746347982438814187520
13	12	6	8	166186586995609703546880
13	12	7	0	2099938523062185492480
13	12	7	1	-28349170061339504148480
13	12	7	2	159634702322237649715200
13	12	7	3	-485499231807236147773440
13	12	7	4	866926839844884499660800
13	12	7	5	-936211724766986706616320
13	12	7	6	624069001651440561684480
13	12	7	7	-267427222910667136696320
13	12	7	8	66856805727666784174080
13	12	8	0	699035827615951749120
13	12	8	1	-10485537414239276236800
13	12	8	2	65776402783831641292800
13	12	8	3	-223097813037058778726400
13	12	8	4	424410771624846321254400
13	12	8	5	-359295662280467137167360
13	12	8	6	-220750071830746339737600
13	12	8	7	919105583150295259545600
13	12	8	8	-1013820561235190690611200
13	12	8	9	522696110298411250483200
13	12	8	10	-104539222059682250096640
13	12	9	0	163622569122107228160
13	12	9	1	-2699772390514769264640
13	12	9	2	17059212791914105405440
13	12	9	3	-48064736331093497610240
13	12	9	4	21107831403729974722560
13	12	9	5	266315750744887991992320
13	12	9	6	-884372272964813790904320
13	12	9	7	1397122852325786533232640
13	12	9	8	-1243255325578125021020160
13	12	9	9	595983074997785591808000
13	12	9	10	-119196614999557118361600
13	12	10	0	40732313287812710400
13	12	10	1	-733181639180628787200
13	12	10	2	4032499015493458329600
13	12	10	4	-90731227848602812416000
13	12	10	5	435509893673293499596800
13	12	10	6	-1016189751904351499059200
13	12	10	7	1306529681019880498790400
13	12	10	8	-816581050637425311744000
13	12	10	10	326632420254970124697600
13	12	10	11	-178163138320892795289600
13	12	10	12	29693856386815465881600
13	13	0	0	-6120454366423941120
13	13	0	1	18361363099271823360
13	13	0	2	-18361363099271823360
13	13	1	0	-47964360187371847680
13	13	1	1	215839620843173314560
13	13	1	2	-215839620843173314560
13	13	2	0	31082913730752675840
13	13	2	1	-186497482384516055040
13	13	2	2	466243705961290137600
13	13	2	3	-559492447153548165120
13	13	2	4	279746223576774082560
13	13	3	0	302327290031222292480
13	13	3	1	-2267454675234167193600
13	13	3	2	6348873090655668142080
13	13	3	3	-8162836830843001896960
13	13	3	4	4081418415421500948480
13	13	4	0	-13849467987280527360
13	13	4	1	124645211885524746240
13	13	4	2	274737286513887805440
13	13	4	3	-3518101897366198026240
13	13	4	4	8557393200101531320320
13	13	4	5	-8158010701702118768640
13	13	4	6	2719336900567372922880
13	13	5	0	-826643280133902827520
13	13	5	1	8679754441405979688960
13	13	5	2	-38438912526226481479680
13	13	5	3	92997369015064068096000
13	13	5	4	-130196316621089695334400
13	13	5	5	100437158536269193543680
13	13	5	6	-33479052845423064514560
13	13	6	0	-738863580223037767680
13	13	6	1	8866362962676453212160
13	13	6	2	-47668636250493608263680
13	13	6	3	149727292930134198190080
13	13	6	4	-301862141818660265656320
13	13	6	5	403134756932873449635840
13	13	6	6	-352272523158560566149120
13	13	6	7	186766517869373785374720
13	13	6	8	-46691629467343446343680
13	13	7	0	-206608159315203194880
13	13	7	1	2789210150755243130880
13	13	7	2	-13231523647436441518080
13	13	7	3	21784171966362424442880
13	13	7	4	24823430855231841239040
13	13	7	5	-149158882164652407521280
13	13	7	6	226886730652478708121600
13	13	7	7	-151857517083652490526720
13	13	7	8	37964379270913122631680
13	13	8	0	22744615599483125760
13	13	8	1	-341169233992246886400
13	13	8	2	3913956428559742402560
13	13	8	3	-28544338507135576965120
13	13	8	4	127331117956622387773440
13	13	8	5	-362899172038993206312960
13	13	8	6	681044624830213946081280
13	13	8	7	-842795414160001644625920
13	13	8	8	664109298935842241249280
13	13	8	9	-302273630263894553395200
13	13	8	10	60454726052778910679040
13	13	9	0	-115552661809397760
13	13	9	1	1906618919855063040
13	13	9	2	190748556481863352320
13	13	9	3	-2703802289595372011520
13	13	9	4	16005979167686897172480
13	13	9	5	-53422032170148975083520
13	13	9	6	110641399244926557880320
13	13	9	7	-145783029204994259681280
13	13	9	8	119209484677266140037120
13	13	9	9	-55175818250678383411200
13	13	9	10	11035163650135676682240
13	13	10	0	-45123314436569825280
13	13	10	1	812219659858256855040
13	13	10	2	-4467208129220412702720
13	13	10	4	100512182907459285811200
13	13	10	5	-482458477955804571893760
13	13	10	6	1125736448563544001085440
13	13	10	7	-1447375433867413715681280
13	13	10	8	904609646167133572300800
13	13	10	10	-361843858466853428920320
13	13	10	11	197369377345556415774720
13	13	10	12	-32894896224259402629120
13	14	0	0	1646700660381450240
13	14	0	1	-4940101981144350720
13	14	0	2	4940101981144350720
13	14	1	0	5170229319995228160
13	14	1	1	-23266031939978526720
13	14	1	2	23266031939978526720
13	14	2	0	-19702481134477639680
13	14	2	1	118214886806865838080
13	14	2	2	-295537217017164595200
13	14	2	3	354644660420597514240
13	14	2	4	-177322330210298757120
13	14	3	0	-56612378571681300480
13	14	3	1	424592839287609753600
13	14	3	2	-1188859950005307310080
13	14	3	3	1528534221435395112960
13	14	3	4	-764267110717697556480
13	14	4	0	87273555178668687360
13	14	4	1	-785461996608018186240
13	14	4	2	3084661606031221063680
13	14	4	3	-6726039687067053588480
13	14	4	4	8682121014085146378240
13	14	4	5	-6382921404661943500800
13	14	4	6	2127640468220647833600
13	14	5	0	279076529699542794240
13	14	5	1	-2930303561845199339520
13	14	5	2	12977058631028739932160
13	14	5	3	-31396109591198564352000
13	14	5	4	43954553427677990092800
13	14	5	5	-33907798358494449500160
13	14	5	6	11302599452831483166720
13	14	6	0	-19922602936856739840
13	14	6	1	239071235242280878080
13	14	6	2	-1752818326986754621440
13	14	6	3	8244621032748943933440
13	14	6	4	-24033976875260376514560
13	14	6	5	43126777490723643064320
13	14	6	6	-46430222263675477032960
13	14	6	7	27475396942943653724160
13	14	6	8	-6868849235735913431040
13	14	7	0	-396615252883789578240
13	14	7	1	5354305913931159306240
13	14	7	2	-32760089600176013967360
13	14	7	3	119100092416739455795200
13	14	7	4	-279876686142977574174720
13	14	7	5	431286884428683159797760
13	14	7	6	-421920488988150627041280
13	14	7	7	238421309295933920378880
13	14	7	8	-59605327323983480094720
13	14	8	0	-244008704187511603200
13	14	8	1	3660130562812674048000
13	14	8	2	-24521206479290042941440
13	14	8	3	96607427359596116705280
13	14	8	4	-248050081499187416924160
13	14	8	5	434493189134280787230720
13	14	8	6	-528607582259421873438720
13	14	8	7	447179181443273698836480
13	14	8	8	-259579644434915965009920
13	14	8	9	98523232716065026867200
13	14	8	10	-19704646543213005373440
13	14	9	0	-48532117959947059200
13	14	9	1	800779946339126476800
13	14	9	2	-5296067372379222835200
13	14	9	3	17444263149228471091200
13	14	9	4	-24915176057687821516800
13	14	9	5	-17007474087588947558400
13	14	9	6	134212538960861095526400
13	14	9	7	-245803044437641868083200
13	14	9	8	230979515658250538188800
13	14	9	9	-113019169699226714112000
13	14	9	10	22603833939845342822400
13	14	10	0	16581806969648578560
13	14	10	1	-298472525453674414080
13	14	10	2	1641598889995209277440
13	14	10	4	-36935975024892208742400
13	14	10	5	177292680119482601963520
13	14	10	6	-413682920278792737914880
13	14	10	7	531878040358447805890560
13	14	10	8	-332423775224029878681600
13	14	10	10	132969510089611951472640
13	14	10	11	-72528823685242882621440
13	14	10	12	12088137280873813770240
13	15	0	0	-102688400631398400
13	15	0	1	308065201894195200
13	15	0	2	-308065201894195200
13	15	1	0	-240922786096742400
13	15	1	1	1084152537435340800
13	15	1	2	-1084152537435340800
13	15	2	0	1690409056547635200
13	15	2	1	-10142454339285811200
13	15	2	2	25356135848214528000
13	15	2	3	-30427363017857433600
13	15	2	4	15213681508928716800
13	15	3	0	3886361008511385600
13	15	3	1	-29147707563835392000
13	15	3	2	81613581178739097600
13	15	3	3	-104931747229807411200
13	15	3	4	52465873614903705600
13	15	4	0	-11374715146862592000
13	15	4	1	102372436321763328000
13	15	4	2	-408210089833031270400
13	15	4	3	913673994171737702400
13	15	4	4	-1211833714958873395200
13	15	4	5	905996061447605452800
13	15	4	6	-301998687149201817600
13	15	5	0	-28973927193536102400
13	15	5	1	304226235532129075200
13	15	5	2	-1347287614499428761600
13	15	5	3	3259566809272811520000
13	15	5	4	-4563393532981936128000
13	15	5	5	3520332154014636441600
13	15	5	6	-1173444051338212147200
13	15	6	0	26730580595127091200
13	15	6	1	-320766967141525094400
13	15	6	2	1815404537439269683200
13	15	6	3	-6234481371995386675200
13	15	6	4	14009667910633311436800
13	15	6	5	-20853265278743189913600
13	15	6	6	19921676108215143628800
13	15	6	7	-11117646584543497420800
13	15	6	8	2779411646135874355200
13	15	7	0	94030978547397427200
13	15	7	1	-1269418210389865267200
13	15	7	2	7664283065956014489600
13	15	7	3	-27159407356163810918400
13	15	7	4	61788590149272286003200
13	15	7	5	-92247802369540934860800
13	15	7	6	88077831796701108633600
13	15	7	7	-49138769434446397440000
13	15	7	8	12284692358611599360000
13	15	8	0	3235474530663137280
13	15	8	1	-48532117959947059200
13	15	8	2	32607516754339430400
13	15	8	3	2229444168785068032000
13	15	8	4	-15433213511263164825600
13	15	8	5	52160803754664850882560
13	15	8	6	-106494633090986331340800
13	15	8	7	137998044161736966144000
13	15	8	8	-111524532128928969523200
13	15	8	9	51350014058996485324800
13	15	8	10	-10270002811799297064960
13	15	9	0	-119308123318203187200
13	15	9	1	1968584034750352588800
13	15	9	2	-15031306909407353241600
13	15	9	3	70043220931350469017600
13	15	9	4	-220182636040848565862400
13	15	9	5	486289547015640160665600
13	15	9	6	-761466655848539986329600
13	15	9	7	832165060372349740646400
13	15	9	8	-606065297512103254425600
13	15	9	9	265349354946010546176000
13	15	9	10	-53069870989202109235200
13	15	10	0	-90997721174900736000
13	15	10	1	1637958981148213248000
13	15	10	2	-13158270481890646425600
13	15	10	3	62242441283632103424000
13	15	10	4	-192269085070447765094400
13	15	10	5	405558643732297600204800
13	15	10	6	-590538811336635816345600
13	15	10	7	579837479326467489792000
13	15	10	8	-350605119914775045734400
13	15	10	9	88449784982003515392000
13	15	10	10	30957424743701230387200
13	15	10	11	-26534935494601054617600
13	15	10	12	4422489249100175769600
13	15	11	0	-24266058979973529600
13	15	11	1	473188150109483827200
13	15	11	2	-3858303377815791206400
13	15	11	3	16816378873121656012800
13	15	11	4	-38765029220507713536000
13	15	11	5	20638283162467486924800
13	15	11	6	155060116882030854144000
13	15	11	7	-549043850480881080729600
13	15	11	8	962792289118919747174400
13	15	11	9	-1036828035066818985984000
13	15	11	10	693839424414383131852800
13	15	11	11	-265349354946010546176000
13	15	11	12	44224892491001757696000
13	15	13	0	-1617737265331568640
13	15	13	1	36399088469960294400
13	15	13	2	-254793619289722060800
13	15	13	4	9936951152299160371200
13	15	13	5	-65583877605174458449920
13	15	13	6	218612925350581528166400
13	15	13	7	-421610641747550090035200
13	15	13	8	421610641747550090035200
13	15	13	10	-590254898446570126049280
13	15	13	11	804893043336231990067200
13	15	13	12	-536595362224154660044800
13	15	13	13	185744548462207382323200
13	15	13	14	-26534935494601054617600
14	3	0	0	-79960185084177285120
14	3	0	1	239880555252531855360
14	3	0	2	-239880555252531855360
14	3	1	0	139930323897310248960
14	3	1	1	-629686457537896120320
14	3	1	2	629686457537896120320
14	4	0	0	217669392729149276160
14	4	0	1	-653008178187447828480
14	4	0	2	653008178187447828480
14	4	1	0	-701872735738889502720
14	4	1	1	3158427310825002762240
14	4	1	2	-3158427310825002762240
14	4	2	0	-204342695215119728640
14	4	2	1	1226056171290718371840
14	4	2	2	-3065140428226795929600
14	4	2	3	3678168513872155115520
14	4	2	4	-1839084256936077557760
14	5	0	0	72556464243049758720
14	5	0	1	-217669392729149276160
14	5	0	2	217669392729149276160
14	5	1	0	1893871791160421253120
14	5	1	1	-8522423060221895639040
14	5	1	2	8522423060221895639040
14	5	2	0	885485012598852157440
14	5	2	1	-5312910075593112944640
14	5	2	2	13282275188982782361600
14	5	2	3	-15938730226779338833920
14	5	2	4	7969365113389669416960
14	5	3	0	296148833645101056000
14	5	3	1	-2221116252338257920000
14	5	3	2	6219125506547122176000
14	5	3	3	-7996018508417728512000
14	5	3	4	3998009254208864256000
14	6	0	0	-146593672654325022720
14	6	0	1	439781017962975068160
14	6	0	2	-439781017962975068160
14	6	1	0	-2788734850158034944000
14	6	1	1	12549306825711157248000
14	6	1	2	-12549306825711157248000
14	6	2	0	-2012824906007870177280
14	6	2	1	12076949436047221063680
14	6	2	2	-30192373590118052659200
14	6	2	3	36230848308141663191040
14	6	2	4	-18115424154070831595520
14	6	3	0	-1010854685508611604480
14	6	3	1	7581410141314587033600
14	6	3	2	-21227948395680843694080
14	6	3	3	27293076508732513320960
14	6	3	4	-13646538254366256660480
14	6	4	0	-426454320448945520640
14	6	4	1	3838088884040509685760
14	6	4	2	-13193430538889252044800
14	6	4	3	21589249972727866982400
14	6	4	4	-17991041643939889152000
14	6	4	5	8635699989091146792960
14	6	4	6	-2878566663030382264320
14	7	0	0	-802727866308026695680
14	7	0	1	2408183598924080087040
14	7	0	2	-2408183598924080087040
14	7	1	0	2457294947170226012160
14	7	1	1	-11057827262266017054720
14	7	1	2	11057827262266017054720
14	7	2	0	2786760524600400936960
14	7	2	1	-16720563147602405621760
14	7	2	2	41801407869006014054400
14	7	2	3	-50161689442807216865280
14	7	2	4	25080844721403608432640
14	7	3	0	1480086059706293944320
14	7	3	1	-11100645447797204582400
14	7	3	2	31081807253832172830720
14	7	3	3	-39962323612069936496640
14	7	3	4	19981161806034968248320
14	7	4	0	1337276511037434101760
14	7	4	1	-12035488599336906915840
14	7	4	2	41043266854874555351040
14	7	4	3	-65727272139193728368640
14	7	4	4	52142925139892942929920
14	7	4	5	-23135146884355294494720
14	7	4	6	7711715628118431498240
14	7	5	0	400788088199703429120
14	7	5	1	-4208274926096886005760
14	7	5	2	18636646101286209454080
14	7	5	3	-45088659922466635776000
14	7	5	4	63124123891453290086400
14	7	5	5	-48695752716263966638080
14	7	5	6	16231917572087988879360
14	8	0	0	1609843122744128962560
14	8	0	1	-4829529368232386887680
14	8	0	2	4829529368232386887680
14	8	1	0	-1485350927859984629760
14	8	1	1	6684079175369930833920
14	8	1	2	-6684079175369930833920
14	8	2	0	-3362276424650713989120
14	8	2	1	20173658547904283934720
14	8	2	2	-50434146369760709836800
14	8	2	3	60520975643712851804160
14	8	2	4	-30260487821856425902080
14	8	3	0	-1998894942351230238720
14	8	3	1	14991712067634226790400
14	8	3	2	-41976793789375835013120
14	8	3	3	53970163443483216445440
14	8	3	4	-26985081721741608222720
14	8	4	0	-1665453292617486827520
14	8	4	1	14989079633557381447680
14	8	4	2	-47577297287864301649920
14	8	4	3	60627589223825088184320
14	8	4	4	-18941679399940663541760
14	8	4	5	-13646538254366256660480
14	8	4	6	4548846084788752220160
14	8	5	0	-1138966477248418283520
14	8	5	1	11959148011108391976960
14	8	5	2	-52961941192051450183680
14	8	5	3	128133728690447056896000
14	8	5	4	-179387220166625879654400
14	8	5	5	138384426985682821447680
14	8	5	6	-46128142328560940482560
14	8	6	0	-285619097337719685120
14	8	6	1	3427429168052636221440
14	8	6	2	-16647513101969947361280
14	8	6	3	41863599124071485276160
14	8	6	4	-56185356719148572344320
14	8	6	5	33050209834793277849600
14	8	6	6	4406694644639103713280
14	8	6	7	-13220083933917311139840
14	8	6	8	3305020983479327784960
14	9	0	0	-1319836635278333706240
14	9	0	1	3959509905835001118720
14	9	0	2	-3959509905835001118720
14	9	1	0	739311798165134376960
14	9	1	1	-3326903091743104696320
14	9	1	2	3326903091743104696320
14	9	2	0	3279939736580495769600
14	9	2	1	-19679638419482974617600
14	9	2	2	49199096048707436544000
14	9	2	3	-59038915258448923852800
14	9	2	4	29519457629224461926400
14	9	3	0	2009424678658611609600
14	9	3	1	-15070685089939587072000
14	9	3	2	42197918251830843801600
14	9	3	3	-54254466323782513459200
14	9	3	4	27127233161891256729600
14	9	4	0	934221604604891627520
14	9	4	1	-8407994441444024647680
14	9	4	2	20542199318662631915520
14	9	4	3	2866720709684578222080
14	9	4	4	-69271186515146771005440
14	9	4	5	81405391392365378273280
14	9	4	6	-27135130464121792757760
14	9	5	0	1201267417067091394560
14	9	5	1	-12613307879204459642880
14	9	5	2	55858934893619749847040
14	9	5	3	-135142584420047781888000
14	9	5	4	189199618188066894643200
14	9	5	5	-145953991173651604439040
14	9	5	6	48651330391217201479680
14	9	6	0	710610954410640015360
14	9	6	1	-8527331452927680184320
14	9	6	2	41553849381029349949440
14	9	6	3	-105373703662042223738880
14	9	6	4	144390325332005470863360
14	9	6	5	-91569219363065246515200
14	9	6	6	-268508275838224957440
14	9	6	7	26392784054451406110720
14	9	6	8	-6598196013612851527680
14	9	7	0	154436132508260106240
14	9	7	1	-2084887788861511434240
14	9	7	2	10945660891522935029760
14	9	7	3	-27364152228807337574400
14	9	7	4	28406596123238093291520
14	9	7	5	8600162129053734666240
14	9	7	6	-46649364275776318341120
14	9	7	7	37527980199507205816320
14	9	7	8	-9381995049876801454080
14	10	0	0	592090484978598543360
14	10	0	1	-1776271454935795630080
14	10	0	2	1776271454935795630080
14	10	1	0	-341265828795478179840
14	10	1	1	1535696229579651809280
14	10	1	2	-1535696229579651809280
14	10	2	0	-2044596922852017438720
14	10	2	1	12267581537112104632320
14	10	2	2	-30668953842780261580800
14	10	2	3	36802744611336313896960
14	10	2	4	-18401372305668156948480
14	10	3	0	-1062528391461501665280
14	10	3	1	7968962935961262489600
14	10	3	2	-22313096220691534970880
14	10	3	3	28688266569460544962560
14	10	3	4	-14344133284730272481280
14	10	4	0	295027611723481743360
14	10	4	1	-2655248505511335690240
14	10	4	2	19175746663273495265280
14	10	4	3	-75225752396970936238080
14	10	4	4	143074766402102010839040
14	10	4	5	-126554268244339851264000
14	10	4	6	42184756081446617088000
14	10	5	0	-126941821038986526720
14	10	5	1	1332889120909358530560
14	10	5	2	-5902794678312873492480
14	10	5	3	14280954866885984256000
14	10	5	4	-19993336813640377958400
14	10	5	5	15423431256236862996480
14	10	5	6	-5141143752078954332160
14	10	6	0	-673074394425993461760
14	10	6	1	8076892733111921541120
14	10	6	2	-40977053825525014855680
14	10	6	3	114371363336699605155840
14	10	6	4	-191782036017452175851520
14	10	6	5	198388129333295563407360
14	10	6	6	-127583549968386380267520
14	10	6	7	52675005877675307827200
14	10	6	8	-13168751469418826956800
14	10	7	0	-332271679032923258880
14	10	7	1	4485667666944463994880
14	10	7	2	-23597139064841652142080
14	10	7	3	59371918169169859706880
14	10	7	4	-63225801657671441448960
14	10	7	5	-13883457321282337505280
14	10	7	6	94846599788737698201600
14	10	7	7	-77330383441408787742720
14	10	7	8	19332595860352196935680
14	10	8	0	-54598632704940441600
14	10	8	1	818979490574106624000
14	10	8	2	-5180045277881224396800
14	10	8	3	17935650843572935065600
14	10	8	4	-35871301687145870131200
14	10	8	5	36485536305076450099200
14	10	8	6	737081541516695961600
14	10	8	7	-50858626364652021350400
14	10	8	8	62467660643539982745600
14	10	8	9	-33168669368251318272000
14	10	8	10	6633733873650263654400
14	11	0	0	-151909320786349916160
14	11	0	1	455727962359049748480
14	11	0	2	-455727962359049748480
14	11	1	0	134257184717812531200
14	11	1	1	-604157331230156390400
14	11	1	2	604157331230156390400
14	11	2	0	721652552899630202880
14	11	2	1	-4329915317397781217280
14	11	2	2	10824788293494453043200
14	11	2	3	-12989745952193343651840
14	11	2	4	6494872976096671825920
14	11	3	0	178989267632416358400
14	11	3	1	-1342419507243122688000
14	11	3	2	3758774620280743526400
14	11	3	3	-4832710226075241676800
14	11	3	4	2416355113037620838400
14	11	4	0	-608059772565140275200
14	11	4	1	5472537953086262476800
14	11	4	2	-25366939119338536304640
14	11	4	3	70113565419737280675840
14	11	4	4	-110868690427950472888320
14	11	4	5	90974289261698199060480
14	11	4	6	-30324763087232733020160
14	11	5	0	-261634697970906562560
14	11	5	1	2747164328694518906880
14	11	5	2	-12166013455647155159040
14	11	5	3	29433903521726988288000
14	11	5	4	-41207464930417783603200
14	11	5	5	31788615803465147351040
14	11	5	6	-10596205267821715783680
14	11	6	0	452112427901654138880
14	11	6	1	-5425349134819849666560
14	11	6	2	29213778409245596712960
14	11	6	3	-92025507936385105920000
14	11	6	4	186247782109897650339840
14	11	6	5	-249799566854085106728960
14	11	6	6	219129077424760018698240
14	11	6	7	-116453618691484271247360
14	11	6	8	29113404672871067811840
14	11	7	0	387650292205077135360
14	11	7	1	-5233278944768541327360
14	11	7	2	28217938347730843729920
14	11	7	3	-76490636970895123415040
14	11	7	4	104376888624943453962240
14	11	7	5	-50877053403189938749440
14	11	7	6	-30509033472611907010560
14	11	7	7	40686901091721617080320
14	11	7	8	-10171725272930404270080
14	11	8	0	98277538868892794880
14	11	8	1	-1474163083033391923200
14	11	8	2	9317061675981283000320
14	11	8	3	-32199933627972232151040
14	11	8	4	64119074287747627745280
14	11	8	5	-64284040156563269222400
14	11	8	6	-4050438566239367331840
14	11	8	7	94999280965194728079360
14	11	8	8	-115200580070905888112640
14	11	8	9	60967173219738137395200
14	11	8	10	-12193434643947627479040
14	11	9	0	19239518191264727040
14	11	9	1	-317452050155867996160
14	11	9	2	2005719771439347793920
14	11	9	3	-5649203528910105477120
14	11	9	4	2467468208029701242880
14	11	9	5	31362819591535413166080
14	11	9	6	-104088198354516081377280
14	11	9	7	164411302703452724920320
14	11	9	8	-146294891386603076321280
14	11	9	9	70128043807159930060800
14	11	9	10	-14025608761431986012160
14	12	0	0	20033717052411740160
14	12	0	1	-60101151157235220480
14	12	0	2	60101151157235220480
14	12	1	0	-38428933470573035520
14	12	1	1	172930200617578659840
14	12	1	2	-172930200617578659840
14	12	2	0	-120911867878393774080
14	12	2	1	725471207270362644480
14	12	2	2	-1813678018175906611200
14	12	2	3	2176413621811087933440
14	12	2	4	-1088206810905543966720
14	12	3	0	76329755166470307840
14	12	3	1	-572473163748527308800
14	12	3	2	1602924858495876464640
14	12	3	3	-2060903389494698311680
14	12	3	4	1030451694747349155840
14	12	4	0	221016131834562478080
14	12	4	1	-1989145186511062302720
14	12	4	2	8821335340287944294400
14	12	4	3	-23090834244061731225600
14	12	4	4	35111551963300783718400
14	12	4	5	-28279361809523901726720
14	12	4	6	9426453936507967242240
14	12	5	0	-42443937090864414720
14	12	5	1	445661339454076354560
14	12	5	2	-1973643074725195284480
14	12	5	3	4774942922722246656000
14	12	5	4	-6684920091811145318400
14	12	5	5	5156938356540026388480
14	12	5	6	-1718979452180008796160
14	12	6	0	-330717134629518704640
14	12	6	1	3968605615554224455680
14	12	6	2	-21719986073747985530880
14	12	6	3	70468797773773799424000
14	12	6	4	-148149441193740620267520
14	12	6	5	206897911225710941306880
14	12	6	6	-187965737837714441502720
14	12	6	7	101999800653552109486080
14	12	6	8	-25499950163388027371520
14	12	7	0	-342498089603054960640
14	12	7	1	4623724209641241968640
14	12	7	2	-26008448679231986073600
14	12	7	3	78892294327003691089920
14	12	7	4	-140156640104750147174400
14	12	7	5	149982054050237786357760
14	12	7	6	-98543122217978969456640
14	12	7	7	41613517886771177717760
14	12	7	8	-10403379471692794429440
14	12	8	0	-115263780154874265600
14	12	8	1	1728956702323113984000
14	12	8	2	-10856678119888335667200
14	12	8	3	36916475513211872870400
14	12	8	4	-70674030134209334476800
14	12	8	5	61388362672033392230400
14	12	8	6	32197593686570591846400
14	12	8	7	-146222938188502636953600
14	12	8	8	162912570235702109798400
14	12	8	9	-84237890459050967040000
14	12	8	10	16847578091810193408000
14	12	9	0	-27039322863399075840
14	12	9	1	446148827246084751360
14	12	9	2	-2818849408509353656320
14	12	9	3	7939421175765553643520
14	12	9	4	-3467793157230931476480
14	12	9	5	-44077476182698418503680
14	12	9	6	146286116606346925178880
14	12	9	7	-231064533529176802590720
14	12	9	8	205603631137928647802880
14	12	9	9	-98558331837089631436800
14	12	9	10	19711666367417926287360
14	12	10	0	-6759830715849768960
14	12	10	1	121676952885295841280
14	12	10	2	-669223240869127127040
14	12	10	4	15057522919555360358400
14	12	10	5	-72276110013865729720320
14	12	10	6	168644256699020036014080
14	12	10	7	-216828330041597189160960
14	12	10	8	135517706275998243225600
14	12	10	10	-54207082510399297290240
14	12	10	11	29567499551126889431040
14	12	10	12	-4927916591854481571840
14	13	0	0	-533302616905482240
14	13	0	1	1599907850716446720
14	13	0	2	-1599907850716446720
14	13	1	0	7111679543507681280
14	13	1	1	-32002557945784565760
14	13	1	2	32002557945784565760
14	13	2	0	833694399851397120
14	13	2	1	-5002166399108382720
14	13	2	2	12505415997770956800
14	13	2	3	-15006499197325148160
14	13	2	4	7503249598662574080
14	13	3	0	-43738488005197824000
14	13	3	1	328038660038983680000
14	13	3	2	-918508248109154304000
14	13	3	3	1180939176140341248000
14	13	3	4	-590469588070170624000
14	13	4	0	-1567182975789957120
14	13	4	1	14104646782109614080
14	13	4	2	-180386732636173762560
14	13	4	3	870750694085398364160
14	13	4	4	-1780841652985874350080
14	13	4	5	1614559567131810201600
14	13	4	6	-538186522377270067200
14	13	5	0	121687785947340472320
14	13	5	1	-1277721752447074959360
14	13	5	2	5658482046551331962880
14	13	5	3	-13689875919075803136000
14	13	5	4	19165826286706124390400
14	13	5	5	-14785065992601867386880
14	13	5	6	4928355330867289128960
14	13	6	0	104779181606012190720
14	13	6	1	-1257350179272146288640
14	13	6	2	6751727585440384942080
14	13	6	3	-21159017621890856386560
14	13	6	4	42527898738241327595520
14	13	6	5	-56601720042302944051200
14	13	6	6	49306660230014089297920
14	13	6	7	-26090931613639806812160
14	13	6	8	6522732903409951703040
14	13	7	0	32701403292059566080
14	13	7	1	-441468944442804142080
14	13	7	2	2097172481220123033600
14	13	7	3	-3478615386213517885440
14	13	7	4	-3798992363121436262400
14	13	7	5	23323658413524941537280
14	13	7	6	-35570716714593492664320
14	13	7	7	23825283351501581844480
14	13	7	8	-5956320837875395461120
14	13	8	0	-2831040214330245120
14	13	8	1	42465603214953676800
14	13	8	2	-537103216172806963200
14	13	8	3	4152096020466185011200
14	13	8	4	-19044523074461368320000
14	13	8	5	55056481239194727874560
14	13	8	6	-104142991982337825177600
14	13	8	7	129468957752758055731200
14	13	8	8	-102284688519201816576000
14	13	8	9	46611632720674868428800
14	13	8	10	-9322326544134973685760
14	13	9	2	-31979199155750830080
14	13	9	3	431719188602636206080
14	13	9	4	-2526356733304315576320
14	13	9	5	8394539778384592896000
14	13	9	6	-17348715541994825318400
14	13	9	7	22833148197206092677120
14	13	9	8	-18659862707380609351680
14	13	9	9	8634383772052724121600
14	13	9	10	-1726876754410544824320
14	13	10	0	7106488701277962240
14	13	10	1	-127916796623003320320
14	13	10	2	703542381426518261760
14	13	10	4	-15829703582096660889600
14	13	10	5	75982577194063972270080
14	13	10	6	-177292680119482601963520
14	13	10	7	227947731582191916810240
14	13	10	8	-142467332238869948006400
14	13	10	10	56986932895547979202560
14	13	10	11	-31083781579389806837760
14	13	10	12	5180630263231634472960
14	14	0	0	-170094120020213760
14	14	0	1	510282360060641280
14	14	0	2	-510282360060641280
14	14	1	0	-751844597736407040
14	14	1	1	3383300689813831680
14	14	1	2	-3383300689813831680
14	14	2	0	2500782281164062720
14	14	2	1	-15004693686984376320
14	14	2	2	37511734217460940800
14	14	2	3	-45014081060953128960
14	14	2	4	22507040530476564480
14	14	3	0	8187387558620037120
14	14	3	1	-61405406689650278400
14	14	3	2	171935138731020779520
14	14	3	3	-221059464082741002240
14	14	3	4	110529732041370501120
14	14	4	0	-12137844184228823040
14	14	4	1	109240597658059407360
14	14	4	2	-428216047163953643520
14	14	4	3	930687318112830750720
14	14	4	4	-1197184706809021071360
14	14	4	5	878209257303126835200
14	14	4	6	-292736419101042278400
14	14	5	0	-40571021030703759360
14	14	5	1	425995720822389473280
14	14	5	2	-1886552477927724810240
14	14	5	3	4564239865954172928000
14	14	5	4	-6389935812335842099200
14	14	5	5	4929379055230506762240
14	14	5	6	-1643126351743502254080
14	14	6	0	3386535562507714560
14	14	6	1	-40638426750092574720
14	14	6	2	287697239739948072960
14	14	6	3	-1309164715031616552960
14	14	6	4	3736740172081963991040
14	14	6	5	-6623301634901283962880
14	14	6	6	7082287640670256496640
14	14	6	7	-4178160367745567293440
14	14	6	8	1044540091936391823360
14	14	7	0	57795589681667112960
14	14	7	1	-780240460702506024960
14	14	7	2	4776470384470539632640
14	14	7	3	-17382839687435413094400
14	14	7	4	40900030754387688161280
14	14	7	5	-63101784763384505303040
14	14	7	6	61786347705429047377920
14	14	7	7	-34930645243686467665920
14	14	7	8	8732661310921616916480
14	14	8	0	33895447464090009600
14	14	8	1	-508431711961350144000
14	14	8	2	3397111038410395484160
14	14	8	3	-13310020015011838033920
14	14	8	4	33871258440217909002240
14	14	8	5	-58544163898339601940480
14	14	8	6	69879230038118844334080
14	14	8	7	-57616377132589221150720
14	14	8	8	32462592050306356346880
14	14	8	9	-12038998511439367372800
14	14	8	10	2407799702287873474560
14	14	9	0	6933159708563865600
14	14	9	1	-114397135191303782400
14	14	9	2	751381183415608934400
14	14	9	3	-2421839350697715302400
14	14	9	4	3148521152651565465600
14	14	9	5	3794604972993360691200
14	14	9	6	-21994149207973507891200
14	14	9	7	38827427657884788326400
14	14	9	8	-36031197682924624281600
14	14	9	9	17549560512302284800000
14	14	9	10	-3509912102460456960000
14	14	10	0	-2484382228902051840
14	14	10	1	44718880120236933120
14	14	10	2	-245953840661303132160
14	14	10	4	5533961414879320473600
14	14	10	5	-26563014791420738273280
14	14	10	6	61980367846648389304320
14	14	10	7	-79689044374262214819840
14	14	10	8	49805652733913884262400
14	14	10	10	-19922261093565553704960
14	14	10	11	10866687869217574748160
14	14	10	12	-1811114644869595791360
14	15	0	0	14669771518771200
14	15	0	1	-44009314556313600
14	15	0	2	44009314556313600
14	15	1	0	34417540870963200
14	15	1	1	-154878933919334400
14	15	1	2	154878933919334400
14	15	2	0	-241487008078233600
14	15	2	1	1448922048469401600
14	15	2	2	-3622305121173504000
14	15	2	3	4346766145408204800
14	15	2	4	-2173383072704102400
14	15	3	0	-555194429787340800
14	15	3	1	4163958223405056000
14	15	3	2	-11659083025534156800
14	15	3	3	14990249604258201600
14	15	3	4	-7495124802129100800
14	15	4	0	1624959306694656000
14	15	4	1	-14624633760251904000
14	15	4	2	58315727119004467200
14	15	4	3	-130524856310248243200
14	15	4	4	173119102136981913600
14	15	4	5	-129428008778229350400
14	15	4	6	43142669592743116800
14	15	5	0	4139132456219443200
14	15	5	1	-43460890790304153600
14	15	5	2	192469659214204108800
14	15	5	3	-465652401324687360000
14	15	5	4	651913361854562304000
14	15	5	5	-502904593430662348800
14	15	5	6	167634864476887449600
14	15	6	0	-3818654370732441600
14	15	6	1	45823852448789299200
14	15	6	2	-259343505348467097600
14	15	6	3	890640195999340953600
14	15	6	4	-2001381130090473062400
14	15	6	5	2979037896963312844800
14	15	6	6	-2845953729745020518400
14	15	6	7	1588235226363356774400
14	15	6	8	-397058806590839193600
14	15	7	0	-13432996935342489600
14	15	7	1	181345458627123609600
14	15	7	2	-1094897580850859212800
14	15	7	3	3879915336594830131200
14	15	7	4	-8826941449896040857600
14	15	7	5	13178257481362990694400
14	15	7	6	-12582547399528729804800
14	15	7	7	7019824204920913920000
14	15	7	8	-1754956051230228480000
14	15	8	0	-462210647237591040
14	15	8	1	6933159708563865600
14	15	8	2	-4658216679191347200
14	15	8	3	-318492024112152576000
14	15	8	4	2204744787323309260800
14	15	8	5	-7451543393523550126080
14	15	8	6	15213519012998047334400
14	15	8	7	-19714006308819566592000
14	15	8	8	15932076018418424217600
14	15	8	9	-7335716294142355046400
14	15	8	10	1467143258828471009280
14	15	9	0	17044017616886169600
14	15	9	1	-281226290678621798400
14	15	9	2	2147329558486764748800
14	15	9	3	-10006174418764352716800
14	15	9	4	31454662291549795123200
14	15	9	5	-69469935287948594380800
14	15	9	6	108780950835505712332800
14	15	9	7	-118880722910335677235200
14	15	9	8	86580756787443322060800
14	15	9	9	-37907050706572935168000
14	15	9	10	7581410141314587033600
14	15	10	0	12999674453557248000
14	15	10	1	-233994140164030464000
14	15	10	2	1879752925984378060800
14	15	10	3	-8891777326233157632000
14	15	10	4	27467012152921109299200
14	15	10	5	-57936949104613942886400
14	15	10	6	84362687333805116620800
14	15	10	7	-82833925618066784256000
14	15	10	8	50086445702110720819200
14	15	10	9	-12635683568857645056000
14	15	10	10	-4422489249100175769600
14	15	10	11	3790705070657293516800
14	15	10	12	-631784178442882252800
14	15	11	0	3466579854281932800
14	15	11	1	-67598307158497689600
14	15	11	2	551186196830827315200
14	15	11	3	-2402339839017379430400
14	15	11	4	5537861317215387648000
14	15	11	5	-2948326166066783846400
14	15	11	6	-22151445268861550592000
14	15	11	7	78434835782983011532800
14	15	11	8	-137541755588417106739200
14	15	11	9	148118290723831283712000
14	15	11	10	-99119917773483304550400
14	15	11	11	37907050706572935168000
14	15	11	12	-6317841784428822528000
14	15	13	0	231105323618795520
14	15	13	1	-5199869781422899200
14	15	13	2	36399088469960294400
14	15	13	4	-1419564450328451481600
14	15	13	5	9369125372167779778560
14	15	13	6	-31230417907225932595200
14	15	13	7	60230091678221441433600
14	15	13	8	-60230091678221441433600
14	15	13	10	84322128349510018007040
14	15	13	11	-114984720476604570009600
14	15	13	12	76656480317736380006400
14	15	13	13	-26534935494601054617600
14	15	13	14	3790705070657293516800
15	3	1	0	-19990046271044321280
15	3	1	1	89955208219699445760
15	3	1	2	-89955208219699445760
15	4	0	0	-39980092542088642560
15	4	0	1	119940277626265927680
15	4	0	2	-119940277626265927680
15	4	1	0	79960185084177285120
15	4	1	1	-359820832878797783040
15	4	1	2	359820832878797783040
15	4	2	0	26653395028059095040
15	4	2	1	-159920370168354570240
15	4	2	2	399800925420886425600
15	4	2	3	-479761110505063710720
15	4	2	4	239880555252531855360
15	5	0	0	4442232504676515840
15	5	0	1	-13326697514029547520
15	5	0	2	13326697514029547520
15	5	1	0	-208784927719796244480
15	5	1	1	939532174739083100160
15	5	1	2	-939532174739083100160
15	5	2	0	-97729115102883348480
15	5	2	1	586374690617300090880
15	5	2	2	-1465936726543250227200
15	5	2	3	1759124071851900272640
15	5	2	4	-879562035925950136320
15	5	3	0	-35537860037412126720
15	5	3	1	266533950280590950400
15	5	3	2	-746295060785654661120
15	5	3	3	959522221010127421440
15	5	3	4	-479761110505063710720
15	6	0	0	39980092542088642560
15	6	0	1	-119940277626265927680
15	6	0	2	119940277626265927680
15	6	1	0	299110321981552066560
15	6	1	1	-1345996448916984299520
15	6	1	2	1345996448916984299520
15	6	2	0	216188648560923770880
15	6	2	1	-1297131891365542625280
15	6	2	2	3242829728413856563200
15	6	2	3	-3891395674096627875840
15	6	2	4	1945697837048313937920
15	6	3	0	118459533458040422400
15	6	3	1	-888446500935303168000
15	6	3	2	2487650202618848870400
15	6	3	3	-3198407403367091404800
15	6	3	4	1599203701683545702400
15	6	4	0	47383813383216168960
15	6	4	1	-426454320448945520640
15	6	4	2	1465936726543250227200
15	6	4	3	-2398805552525318553600
15	6	4	4	1999004627104432128000
15	6	4	5	-959522221010127421440
15	6	4	6	319840740336709140480
15	7	0	0	46890231993807667200
15	7	0	1	-140670695981423001600
15	7	0	2	140670695981423001600
15	7	1	0	-251479717903631646720
15	7	1	1	1131658730566342410240
15	7	1	2	-1131658730566342410240
15	7	2	0	-261598136386505932800
15	7	2	1	1569588818319035596800
15	7	2	2	-3923972045797588992000
15	7	2	3	4708766454957106790400
15	7	2	4	-2354383227478553395200
15	7	3	0	-152023067937818542080
15	7	3	1	1140173009533639065600
15	7	3	2	-3192484426694189383680
15	7	3	3	4104622834321100636160
15	7	3	4	-2052311417160550318080
15	7	4	0	-142151440149648506880
15	7	4	1	1279362961346836561920
15	7	4	2	-4397810179629750681600
15	7	4	3	7196416657575955660800
15	7	4	4	-5997013881313296384000
15	7	4	5	2878566663030382264320
15	7	4	6	-959522221010127421440
15	7	5	0	-41460836710314147840
15	7	5	1	435338785458298552320
15	7	5	2	-1927928907029607874560
15	7	5	3	4664344129910341632000
15	7	5	4	-6530081781874478284800
15	7	5	5	5037491660303168962560
15	7	5	6	-1679163886767722987520
15	8	0	0	-141822385890042839040
15	8	0	1	425467157670128517120
15	8	0	2	-425467157670128517120
15	8	1	0	141493331630437171200
15	8	1	1	-636719992336967270400
15	8	1	2	636719992336967270400
15	8	2	0	284960988818508349440
15	8	2	1	-1709765932911050096640
15	8	2	2	4274414832277625241600
15	8	2	3	-5129297798733150289920
15	8	2	4	2564648899366575144960
15	8	3	0	184270385379173990400
15	8	3	1	-1382027890343804928000
15	8	3	2	3869678092962653798400
15	8	3	3	-4975300405237697740800
15	8	3	4	2487650202618848870400
15	8	4	0	168475780918101934080
15	8	4	1	-1516282028262917406720
15	8	4	2	4892378731817069445120
15	8	4	3	-6610041966958655569920
15	8	4	4	2949642383105206517760
15	8	4	5	426454320448945520640
15	8	4	6	-142151440149648506880
15	8	5	0	110562231227504394240
15	8	5	1	-1160903427888796139520
15	8	5	2	5141143752078954332160
15	8	5	3	-12438251013094244352000
15	8	5	4	17413551418331942092800
15	8	5	5	-13433311094141783900160
15	8	5	6	4477770364713927966720
15	8	6	0	27640557806876098560
15	8	6	1	-331686693682513182720
15	8	6	2	1611049655029349744640
15	8	6	3	-4051316044264982446080
15	8	6	4	5437292585724055388160
15	8	6	5	-3198407403367091404800
15	8	6	6	-426454320448945520640
15	8	6	7	1279362961346836561920
15	8	6	8	-319840740336709140480
15	9	0	0	125150303403355668480
15	9	0	1	-375450910210067005440
15	9	0	2	375450910210067005440
15	9	1	0	-63726841610297671680
15	9	1	1	286770787246339522560
15	9	1	2	-286770787246339522560
15	9	2	0	-271798818434281635840
15	9	2	1	1630792910605689815040
15	9	2	2	-4076982276514224537600
15	9	2	3	4892378731817069445120
15	9	2	4	-2446189365908534722560
15	9	3	0	-177250561174253076480
15	9	3	1	1329379208806898073600
15	9	3	2	-3722261784659314606080
15	9	3	3	4785765151704833064960
15	9	3	4	-2392882575852416532480
15	9	4	0	-98277538868892794880
15	9	4	1	884497849820035153920
15	9	4	2	-2365242018045540433920
15	9	4	3	923984360972715294720
15	9	4	4	4631767758209380515840
15	9	4	5	-6112511926434885795840
15	9	4	6	2037503975478295265280
15	9	5	0	-114949621355579965440
15	9	5	1	1206971024233589637120
15	9	5	2	-5345157393034468392960
15	9	5	3	12931832402502746112000
15	9	5	4	-18104565363503844556800
15	9	5	5	13966378994702965800960
15	9	5	6	-4655459664900988600320
15	9	6	0	-64494634882710896640
15	9	6	1	773935618592530759680
15	9	6	2	-3759115861735149404160
15	9	6	3	9453070769951625707520
15	9	6	4	-12687016033356129239040
15	9	6	5	7462950607856546611200
15	9	6	6	995060081047539548160
15	9	6	7	-2985180243142618644480
15	9	6	8	746295060785654661120
15	9	7	0	-14039648409841827840
15	9	7	1	189535253532864675840
15	9	7	2	-995060081047539548160
15	9	7	3	2487650202618848870400
15	9	7	4	-2582417829385281208320
15	9	7	5	-781832920823066787840
15	9	7	6	4240851297797847121920
15	9	7	7	-3411634563591564165120
15	9	7	8	852908640897891041280
15	10	0	0	-58096357612600688640
15	10	0	1	174289072837802065920
15	10	0	2	-174289072837802065920
15	10	1	0	26689956612459724800
15	10	1	1	-120104804756068761600
15	10	1	2	120104804756068761600
15	10	2	0	169426382112518307840
15	10	2	1	-1016558292675109847040
15	10	2	2	2541395731687774617600
15	10	2	3	-3049674878025329541120
15	10	2	4	1524837439012664770560
15	10	3	0	92427685364792033280
15	10	3	1	-693207640235940249600
15	10	3	2	1940981392660632698880
15	10	3	3	-2495547504849384898560
15	10	3	4	1247773752424692449280
15	10	4	0	-12869677709021675520
15	10	4	1	115827099381195079680
15	10	4	2	-1191834528291728916480
15	10	4	3	5413600679032447303680
15	10	4	4	-10860764892544672727040
15	10	4	5	9784757463634138890240
15	10	4	6	-3261585821211379630080
15	10	5	0	15794604461072056320
15	10	5	1	-165843346841256591360
15	10	5	2	734449107439850618880
15	10	5	3	-1776893001870606336000
15	10	5	4	2487650202618848870400
15	10	5	5	-1919044442020254842880
15	10	5	6	639681480673418280960
15	10	6	0	56889825327379906560
15	10	6	1	-682677903928558878720
15	10	6	2	3446733684616168734720
15	10	6	3	-9516249187795913932800
15	10	6	4	15640607067576603770880
15	10	6	5	-15612966509769727672320
15	10	6	6	9460968072182161735680
15	10	6	7	-3648553630507645009920
15	10	6	8	912138407626911252480
15	10	7	0	28079296819683655680
15	10	7	1	-379070507065729351680
15	10	7	2	1990120162095079096320
15	10	7	3	-4975300405237697740800
15	10	7	4	5164835658770562416640
15	10	7	5	1563665841646133575680
15	10	7	6	-8481702595595694243840
15	10	7	7	6823269127183128330240
15	10	7	8	-1705817281795782082560
15	10	8	0	4679882803280609280
15	10	8	1	-70198242049209139200
15	10	8	2	444003880961247805440
15	10	8	3	-1537341500877680148480
15	10	8	4	3074683001755360296960
15	10	8	5	-3127331683292267151360
15	10	8	6	-63178417844288225280
15	10	8	7	4359310831255887544320
15	10	8	8	-5354370912303427092480
15	10	8	9	2843028802992970137600
15	10	8	10	-568605760598594027520
15	11	0	0	15587422149468487680
15	11	0	1	-46762266448405463040
15	11	0	2	46762266448405463040
15	11	1	0	-9868580989469982720
15	11	1	1	44408614452614922240
15	11	1	2	-44408614452614922240
15	11	2	0	-60667855715444981760
15	11	2	1	364007134292669890560
15	11	2	2	-910017835731674726400
15	11	2	3	1092021402878009671680
15	11	2	4	-546010701439004835840
15	11	3	0	-17305816616298086400
15	11	3	1	129793624622235648000
15	11	3	2	-363422148942259814400
15	11	3	3	467257048640048332800
15	11	3	4	-233628524320024166400
15	11	4	0	43288915930345635840
15	11	4	1	-389600243373110722560
15	11	4	2	1840729528234105896960
15	11	4	3	-5200373518807974543360
15	11	4	4	8345474132118947758080
15	11	4	5	-6894344847257952583680
15	11	4	6	2298114949085984194560
15	11	5	0	20328240926750146560
15	11	5	1	-213446529730876538880
15	11	5	2	945263203093881815040
15	11	5	3	-2286927104259391488000
15	11	5	4	3201697945963148083200
15	11	5	5	-2469881272600142807040
15	11	5	6	823293757533380935680
15	11	6	0	-35245367362207088640
15	11	6	1	422944408346485063680
15	11	6	2	-2270913130291915653120
15	11	6	3	7115469309712961372160
15	11	6	4	-14298065688385478983680
15	11	6	5	19024601073361291837440
15	11	6	6	-16568540079664587079680
15	11	6	7	8766005475894991257600
15	11	6	8	-2191501368973747814400
15	11	7	0	-30419238221323960320
15	11	7	1	410659715987873464320
15	11	7	2	-2205979756396397199360
15	11	7	3	5915079370671485091840
15	11	7	4	-7820961642307513221120
15	11	7	5	3182612798906019348480
15	11	7	6	3361618316131502653440
15	11	7	7	-3790705070657293516800
15	11	7	8	947676267664323379200
15	11	8	0	-7799804672134348800
15	11	8	1	116997070082015232000
15	11	8	2	-740006468268746342400
15	11	8	3	2562235834796133580800
15	11	8	4	-5124471669592267161600
15	11	8	5	5212219472153778585600
15	11	8	6	105297363073813708800
15	11	8	7	-7265518052093145907200
15	11	8	8	8923951520505711820800
15	11	8	9	-4738381338321616896000
15	11	8	10	947676267664323379200
15	11	9	0	-1559960934426869760
15	11	9	1	25739355418043351040
15	11	9	2	-162625927414001172480
15	11	9	3	458043529371089633280
15	11	9	4	-200064989840246046720
15	11	9	5	-2542931318232601067520
15	11	9	6	8439583650366168760320
15	11	9	7	-13330646165144815534080
15	11	9	8	11861747950265114296320
15	11	9	9	-5686057605985940275200
15	11	9	10	1137211521197188055040
15	12	0	0	-2305411016373043200
15	12	0	1	6916233049119129600
15	12	0	2	-6916233049119129600
15	12	1	0	2725869236980285440
15	12	1	1	-12266411566411284480
15	12	1	2	12266411566411284480
15	12	2	0	10907539346187878400
15	12	2	1	-65445236077127270400
15	12	2	2	163613090192818176000
15	12	2	3	-196335708231381811200
15	12	2	4	98167854115690905600
15	12	3	0	-4614884431012823040
15	12	3	1	34611633232596172800
15	12	3	2	-96912573051269283840
15	12	3	3	124601879637346222080
15	12	3	4	-62300939818673111040
15	12	4	0	-16119596322410987520
15	12	4	1	145076366901698887680
15	12	4	2	-647432536566351790080
15	12	4	3	1708449715872627425280
15	12	4	4	-2613568299294617763840
15	12	4	5	2111212129629964861440
15	12	4	6	-703737376543321620480
15	12	5	0	2274943029372518400
15	12	5	1	-23886901808411443200
15	12	5	2	105784850865822105600
15	12	5	3	-255931090804408320000
15	12	5	4	358303527126171648000
15	12	5	5	-276405578068760985600
15	12	5	6	92135192689586995200
15	12	6	0	23773154656942817280
15	12	6	1	-285277855883313807360
15	12	6	2	1561130905127689912320
15	12	6	3	-5063925685824824279040
15	12	6	4	10643369711698528174080
15	12	6	5	-14860090363791959654400
15	12	6	6	13497366990011687239680
15	12	6	7	-7323431601783743447040
15	12	6	8	1830857900445935861760
15	12	7	0	25999348907114496000
15	12	7	1	-350991210246045696000
15	12	7	2	1972570601582776811520
15	12	7	3	-5970360486285237288960
15	12	7	4	10561325516303514992640
15	12	7	5	-11214169167361159987200
15	12	7	6	7276047788400527278080
15	12	7	7	-3032564056525834813440
15	12	7	8	758141014131458703360
15	12	8	0	8839778628418928640
15	12	8	1	-132596679426283929600
15	12	8	2	833409129217555169280
15	12	8	3	-2840688861591329832960
15	12	8	4	5470782997035032248320
15	12	8	5	-4864738174010193346560
15	12	8	6	-2162105855115641487360
15	12	8	7	10824568923988049264640
15	12	8	8	-12182904907640246108160
15	12	8	9	6317841784428822528000
15	12	8	10	-1263568356885764505600
15	12	9	0	2079947912569159680
15	12	9	1	-34319140557391134720
15	12	9	2	216834569885334896640
15	12	9	3	-610724705828119511040
15	12	9	4	266753319786994728960
15	12	9	5	3390575090976801423360
15	12	9	6	-11252778200488225013760
15	12	9	7	17774194886859754045440
15	12	9	8	-15815663933686819061760
15	12	9	9	7581410141314587033600
15	12	9	10	-1516282028262917406720
15	12	10	0	519986978142289920
15	12	10	1	-9359765606561218560
15	12	10	2	51478710836086702080
15	12	10	4	-1158270993811950796800
15	12	10	5	5559700770297363824640
15	12	10	6	-12972635130693848924160
15	12	10	7	16679102310892091473920
15	12	10	8	-10424438944307557171200
15	12	10	10	4169775577723022868480
15	12	10	11	-2274423042394376110080
15	12	10	12	379070507065729351680
15	13	0	0	133382076424519680
15	13	0	1	-400146229273559040
15	13	0	2	400146229273559040
15	13	1	0	-492227256652922880
15	13	1	1	2215022654938152960
15	13	1	2	-2215022654938152960
15	13	2	0	-421135286985031680
15	13	2	1	2526811721910190080
15	13	2	2	-6317029304775475200
15	13	2	3	7580435165730570240
15	13	2	4	-3790217582865285120
15	13	3	0	2952009407161958400
15	13	3	1	-22140070553714688000
15	13	3	2	61992197550401126400
15	13	3	3	-79704253993372876800
15	13	3	4	39852126996686438400
15	13	4	0	346657985428193280
15	13	4	1	-3119921868853739520
15	13	4	2	21693206744373657600
15	13	4	3	-83360412433435852800
15	13	4	4	157214812922707968000
15	13	4	5	-138641528047188049920
15	13	4	6	46213842682396016640
15	13	5	0	-8352290836410531840
15	13	5	1	87699053782310584320
15	13	5	2	-388381523893089730560
15	13	5	3	939632719096184832000
15	13	5	4	-1315485806734658764800
15	13	5	5	1014803336623879618560
15	13	5	6	-338267778874626539520
15	13	6	0	-6938576239586181120
15	13	6	1	83262914875034173440
15	13	6	2	-446538817479691468800
15	13	6	3	1396067538753646755840
15	13	6	4	-2796961206648176640000
15	13	6	5	3709099614275087892480
15	13	6	6	-3220344354007469260800
15	13	6	7	1700552413642091397120
15	13	6	8	-425138103410522849280
15	13	7	0	-2426605897997352960
15	13	7	1	32759179622964264960
15	13	7	2	-156191088559490334720
15	13	7	3	264120885710149386240
15	13	7	4	256516076154818396160
15	13	7	5	-1675105550899253084160
15	13	7	6	2573058063778719989760
15	13	7	7	-1726876754410544824320
15	13	7	8	431719188602636206080
15	13	8	0	173328992714096640
15	13	8	1	-2599934890711449600
15	13	8	2	35749104747282432000
15	13	8	3	-288592772868970905600
15	13	8	4	1349366208279242342400
15	13	8	5	-3938121378960632709120
15	13	8	6	7487812485248974848000
15	13	8	7	-9336366192544815513600
15	13	8	8	7388364975679261900800
15	13	8	9	-3369515618362038681600
15	13	8	10	673903123672407736320
15	13	9	2	2339941401640304640
15	13	9	3	-31589208922144112640
15	13	9	4	184855370729584066560
15	13	9	5	-614234617930579968000
15	13	9	6	1269418210389865267200
15	13	9	7	-1670718160771177512960
15	13	9	8	1365355807857117757440
15	13	9	9	-631784178442882252800
15	13	9	10	126356835688576450560
15	13	10	0	-519986978142289920
15	13	10	1	9359765606561218560
15	13	10	2	-51478710836086702080
15	13	10	4	1158270993811950796800
15	13	10	5	-5559700770297363824640
15	13	10	6	12972635130693848924160
15	13	10	7	-16679102310892091473920
15	13	10	8	10424438944307557171200
15	13	10	10	-4169775577723022868480
15	13	10	11	2274423042394376110080
15	13	10	12	-379070507065729351680
15	14	0	0	6996352570490880
15	14	0	1	-20989057711472640
15	14	0	2	20989057711472640
15	14	1	0	51005667126804480
15	14	1	1	-229525502070620160
15	14	1	2	229525502070620160
15	14	2	0	-145794960017326080
15	14	2	1	874769760103956480
15	14	2	2	-2186924400259891200
15	14	2	3	2624309280311869440
15	14	2	4	-1312154640155934720
15	14	3	0	-552486164276183040
15	14	3	1	4143646232071372800
15	14	3	2	-11602209449799843840
15	14	3	3	14917126435456942080
15	14	3	4	-7458563217728471040
15	14	4	0	787202508576522240
15	14	4	1	-7084822577188700160
15	14	4	2	27717743373944094720
15	14	4	3	-60034121585834065920
15	14	4	4	76937760773725224960
15	14	4	5	-56304839976969830400
15	14	4	6	18768279992323276800
15	14	5	0	2751597759336284160
15	14	5	1	-28891776473030983680
15	14	5	2	127949295809137213440
15	14	5	3	-309554747925331968000
15	14	5	4	433376647095464755200
15	14	5	5	-334319127759358525440
15	14	5	6	111439709253119508480
15	14	6	0	-261798999411916800
15	14	6	1	3141587992943001600
15	14	6	2	-21666124089262080000
15	14	6	3	96035095025654169600
15	14	6	4	-269337005084639232000
15	14	6	5	472375670456136499200
15	14	6	6	-502112425768648704000
15	14	6	7	295417601957088460800
15	14	6	8	-73854400489272115200
15	14	7	0	-3928790501519523840
15	14	7	1	53038671770513571840
15	14	7	2	-324861864594395627520
15	14	7	3	1183425363879584071680
15	14	7	4	-2787845184937619619840
15	14	7	5	4306077164368570613760
15	14	7	6	-4219889322741486059520
15	14	7	7	2386740229673110732800
15	14	7	8	-596685057418277683200
15	14	8	0	-2195500574378557440
15	14	8	1	32932508615678361600
15	14	8	2	-219412838651957084160
15	14	8	3	854598598576853483520
15	14	8	4	-2153786063465364848640
15	14	8	5	3667858147071177523200
15	14	8	6	-4282872745468970926080
15	14	8	7	3423334270599765688320
15	14	8	8	-1856158516851171655680
15	14	8	9	666883299467486822400
15	14	8	10	-133376659893497364480
15	14	9	0	-462210647237591040
15	14	9	1	7626475679420252160
15	14	9	2	-49745420908945735680
15	14	9	3	156776073909900410880
15	14	9	4	-182515429327943761920
15	14	9	5	-343971386041124782080
15	14	9	6	1654338570959695380480
15	14	9	7	-2836008978788049223680
15	14	9	8	2604354780025659064320
15	14	9	9	-1263568356885764505600
15	14	9	10	252713671377152901120
15	14	10	0	173328992714096640
15	14	10	1	-3119921868853739520
15	14	10	2	17159570278695567360
15	14	10	4	-386090331270650265600
15	14	10	5	1853233590099121274880
15	14	10	6	-4324211710231282974720
15	14	10	7	5559700770297363824640
15	14	10	8	-3474812981435852390400
15	14	10	10	1389925192574340956160
15	14	10	11	-758141014131458703360
15	14	10	12	126356835688576450560
15	15	0	0	-977984767918080
15	15	0	1	2933954303754240
15	15	0	2	-2933954303754240
15	15	1	0	-2294502724730880
15	15	1	1	10325262261288960
15	15	1	2	-10325262261288960
15	15	2	0	16099133871882240
15	15	2	1	-96594803231293440
15	15	2	2	241487008078233600
15	15	2	3	-289784409693880320
15	15	2	4	144892204846940160
15	15	3	0	37012961985822720
15	15	3	1	-277597214893670400
15	15	3	2	777272201702277120
15	15	3	3	-999349973617213440
15	15	3	4	499674986808606720
15	15	4	0	-108330620446310400
15	15	4	1	974975584016793600
15	15	4	2	-3887715141266964480
15	15	4	3	8701657087349882880
15	15	4	4	-11541273475798794240
15	15	4	5	8628533918548623360
15	15	4	6	-2876177972849541120
15	15	5	0	-275942163747962880
15	15	5	1	2897392719353610240
15	15	5	2	-12831310614280273920
15	15	5	3	31043493421645824000
15	15	5	4	-43460890790304153600
15	15	5	5	33526972895377489920
15	15	5	6	-11175657631792496640
15	15	6	0	254576958048829440
15	15	6	1	-3054923496585953280
15	15	6	2	17289567023231139840
15	15	6	3	-59376013066622730240
15	15	6	4	133425408672698204160
15	15	6	5	-198602526464220856320
15	15	6	6	189730248649668034560
15	15	6	7	-105882348424223784960
15	15	6	8	26470587106055946240
15	15	7	0	895533129022832640
15	15	7	1	-12089697241808240640
15	15	7	2	72993172056723947520
15	15	7	3	-258661022439655342080
15	15	7	4	588462763326402723840
15	15	7	5	-878550498757532712960
15	15	7	6	838836493301915320320
15	15	7	7	-467988280328060928000
15	15	7	8	116997070082015232000
15	15	8	0	30814043149172736
15	15	8	1	-462210647237591040
15	15	8	2	310547778612756480
15	15	8	3	21232801607476838400
15	15	8	4	-146982985821553950720
15	15	8	5	496769559568236675072
15	15	8	6	-1014234600866536488960
15	15	8	7	1314267087254637772800
15	15	8	8	-1062138401227894947840
15	15	8	9	489047752942823669760
15	15	8	10	-97809550588564733952
15	15	9	0	-1136267841125744640
15	15	9	1	18748419378574786560
15	15	9	2	-143155303899117649920
15	15	9	3	667078294584290181120
15	15	9	4	-2096977486103319674880
15	15	9	5	4631329019196572958720
15	15	9	6	-7252063389033714155520
15	15	9	7	7925381527355711815680
15	15	9	8	-5772050452496221470720
15	15	9	9	2527136713771529011200
15	15	9	10	-505427342754305802240
15	15	10	0	-866644963570483200
15	15	10	1	15599609344268697600
15	15	10	2	-125316861732291870720
15	15	10	3	592785155082210508800
15	15	10	4	-1831134143528073953280
15	15	10	5	3862463273640929525760
15	15	10	6	-5624179155587007774720
15	15	10	7	5522261707871118950400
15	15	10	8	-3339096380140714721280
15	15	10	9	842378904590509670400
15	15	10	10	294832616606678384640
15	15	10	11	-252713671377152901120
15	15	10	12	42118945229525483520
15	15	11	0	-231105323618795520
15	15	11	1	4506553810566512640
15	15	11	2	-36745746455388487680
15	15	11	3	160155989267825295360
15	15	11	4	-369190754481025843200
15	15	11	5	196555077737785589760
15	15	11	6	1476763017924103372800
15	15	11	7	-5228989052198867435520
15	15	11	8	9169450372561140449280
15	15	11	9	-9874552714922085580800
15	15	11	10	6607994518232220303360
15	15	11	11	-2527136713771529011200
15	15	11	12	421189452295254835200
15	15	13	0	-15407021574586368
15	15	13	1	346657985428193280
15	15	13	2	-2426605897997352960
15	15	13	4	94637630021896765440
15	15	13	5	-624608358144518651904
15	15	13	6	2082027860481728839680
15	15	13	7	-4015339445214762762240
15	15	13	8	4015339445214762762240
15	15	13	10	-5621475223300667867136
15	15	13	11	7665648031773638000640
15	15	13	12	-5110432021182425333760
15	15	13	13	1768995699640070307840
15	15	13	14	-252713671377152901120
