base_index	leaf_ordinal	target_clause_index
0	41	1268
0	49	1334
0	56	1312
0	62	1218
0	67	1326
0	71	1362
0	74	1254
0	76	1276
0	77	1370
0	119	1268
0	127	1334
0	134	1312
0	140	1218
0	145	1326
0	149	1362
0	152	1254
0	154	1276
0	155	1370
0	197	1268
0	205	1334
0	212	1312
0	218	1218
0	223	1326
0	227	1362
0	230	1254
0	232	1276
0	233	1370
0	275	1268
0	283	1334
0	290	1312
0	296	1218
0	301	1326
0	305	1362
0	308	1254
0	310	1276
0	311	1370
0	353	1268
0	361	1334
0	368	1312
0	374	1218
0	379	1326
0	383	1362
0	386	1254
0	388	1276
0	389	1370
0	431	1268
0	439	1334
0	446	1312
0	452	1218
0	457	1326
0	461	1362
0	464	1254
0	466	1276
0	467	1370
0	509	1268
0	517	1334
0	524	1312
0	530	1218
0	535	1326
0	539	1362
0	542	1254
0	544	1276
0	545	1370
0	587	1268
0	595	1334
0	602	1312
0	608	1218
0	613	1326
0	617	1362
0	620	1254
0	622	1276
0	623	1370
0	665	1268
0	673	1334
0	680	1312
0	686	1218
0	691	1326
0	695	1362
0	698	1254
0	700	1276
0	701	1370
0	743	1268
0	751	1334
0	758	1312
0	764	1218
0	769	1326
0	773	1362
0	776	1254
0	778	1276
0	779	1370
0	821	1268
0	829	1334
0	836	1312
0	842	1218
0	847	1326
0	851	1362
0	854	1254
0	856	1276
0	857	1370
0	899	1268
0	907	1334
0	914	1312
0	920	1218
0	925	1326
0	929	1362
0	932	1254
0	934	1276
0	935	1370
0	977	1268
0	985	1334
0	992	1312
0	998	1218
0	1003	1326
0	1007	1362
0	1010	1254
0	1012	1276
0	1013	1370
0	1055	1268
0	1063	1334
0	1070	1312
0	1076	1218
0	1081	1326
0	1085	1362
0	1088	1254
0	1090	1276
0	1091	1370
0	1133	1268
0	1141	1334
0	1148	1312
0	1154	1218
0	1159	1326
0	1163	1362
0	1166	1254
0	1168	1276
0	1169	1370
0	1211	1268
0	1219	1334
0	1226	1312
0	1232	1218
0	1237	1326
0	1241	1362
0	1244	1254
0	1246	1276
0	1247	1370
0	1289	1268
0	1297	1334
0	1304	1312
0	1310	1218
0	1315	1326
0	1319	1362
0	1322	1254
0	1324	1276
0	1325	1370
0	1367	1268
0	1375	1334
0	1382	1312
0	1388	1218
0	1393	1326
0	1397	1362
0	1400	1254
0	1402	1276
0	1403	1370
0	1445	1268
0	1453	1334
0	1460	1312
0	1466	1218
0	1471	1326
0	1475	1362
0	1478	1254
0	1480	1276
0	1481	1370
0	1523	1268
0	1531	1334
0	1538	1312
0	1544	1218
0	1549	1326
0	1553	1362
0	1556	1254
0	1558	1276
0	1559	1370
0	1601	1268
0	1609	1334
0	1616	1312
0	1622	1218
0	1627	1326
0	1631	1362
0	1634	1254
0	1636	1276
0	1637	1370
0	1679	1268
0	1687	1334
0	1694	1312
0	1700	1218
0	1705	1326
0	1709	1362
0	1712	1254
0	1714	1276
0	1715	1370
0	1757	1268
0	1765	1334
0	1772	1312
0	1778	1218
0	1783	1326
0	1787	1362
0	1790	1254
0	1792	1276
0	1793	1370
0	1835	1268
0	1843	1334
0	1850	1312
0	1856	1218
0	1861	1326
0	1865	1362
0	1868	1254
0	1870	1276
0	1871	1370
0	1913	1268
0	1921	1334
0	1928	1312
0	1934	1218
0	1939	1326
0	1943	1362
0	1946	1254
0	1948	1276
0	1949	1370
0	1991	1268
0	1999	1334
0	2006	1312
0	2012	1218
0	2017	1326
0	2021	1362
0	2024	1254
0	2026	1276
0	2027	1370
0	2069	1268
0	2077	1334
0	2084	1312
0	2090	1218
0	2095	1326
0	2099	1362
0	2102	1254
0	2104	1276
0	2105	1370
0	2147	1268
0	2155	1334
0	2162	1312
0	2168	1218
0	2173	1326
0	2177	1362
0	2180	1254
0	2182	1276
0	2183	1370
0	2225	1268
0	2233	1334
0	2240	1312
0	2246	1218
0	2251	1326
0	2255	1362
0	2258	1254
0	2260	1276
0	2261	1370
0	2303	1268
0	2311	1334
0	2318	1312
0	2324	1218
0	2329	1326
0	2333	1362
0	2336	1254
0	2338	1276
0	2339	1370
0	2381	1268
0	2389	1334
0	2396	1312
0	2402	1218
0	2407	1326
0	2411	1362
0	2414	1254
0	2416	1276
0	2417	1370
0	2459	1268
0	2467	1334
0	2474	1312
0	2480	1218
0	2485	1326
0	2489	1362
0	2492	1254
0	2494	1276
0	2495	1370
0	2537	1268
0	2545	1334
0	2552	1312
0	2558	1218
0	2563	1326
0	2567	1362
0	2570	1254
0	2572	1276
0	2573	1370
0	2615	1268
0	2623	1334
0	2630	1312
0	2636	1218
0	2641	1326
0	2645	1362
0	2648	1254
0	2650	1276
0	2651	1370
0	2693	1268
0	2701	1334
0	2708	1312
0	2714	1218
0	2719	1326
0	2723	1362
0	2726	1254
0	2728	1276
0	2729	1370
0	2771	1268
0	2779	1334
0	2786	1312
0	2792	1218
0	2797	1326
0	2801	1362
0	2804	1254
0	2806	1276
0	2807	1370
0	2849	1268
0	2857	1334
0	2864	1312
0	2870	1218
0	2875	1326
0	2879	1362
0	2882	1254
0	2884	1276
0	2885	1370
0	2927	1268
0	2935	1334
0	2942	1312
0	2948	1218
0	2953	1326
0	2957	1362
0	2960	1254
0	2962	1276
0	2963	1370
0	3005	1268
0	3013	1334
0	3020	1312
0	3026	1218
0	3031	1326
0	3035	1362
0	3038	1254
0	3040	1276
0	3041	1370
0	3083	1268
0	3091	1334
0	3098	1312
0	3104	1218
0	3109	1326
0	3113	1362
0	3116	1254
0	3118	1276
0	3119	1370
0	3161	1268
0	3169	1334
0	3176	1312
0	3182	1218
0	3187	1326
0	3191	1362
0	3194	1254
0	3196	1276
0	3197	1370
0	3239	1268
0	3247	1334
0	3254	1312
0	3260	1218
0	3265	1326
0	3269	1362
0	3272	1254
0	3274	1276
0	3275	1370
0	3317	1268
0	3325	1334
0	3332	1312
0	3338	1218
0	3343	1326
0	3347	1362
0	3350	1254
0	3352	1276
0	3353	1370
0	3395	1268
0	3403	1334
0	3410	1312
0	3416	1218
0	3421	1326
0	3425	1362
0	3428	1254
0	3430	1276
0	3431	1370
0	3473	1268
0	3481	1334
0	3488	1312
0	3494	1218
0	3499	1326
0	3503	1362
0	3506	1254
0	3508	1276
0	3509	1370
0	3551	1268
0	3559	1334
0	3566	1312
0	3572	1218
0	3577	1326
0	3581	1362
0	3584	1254
0	3586	1276
0	3587	1370
0	3629	1268
0	3637	1334
0	3644	1312
0	3650	1218
0	3655	1326
0	3659	1362
0	3662	1254
0	3664	1276
0	3665	1370
0	3707	1268
0	3715	1334
0	3722	1312
0	3728	1218
0	3733	1326
0	3737	1362
0	3740	1254
0	3742	1276
0	3743	1370
0	3785	1268
0	3793	1334
0	3800	1312
0	3806	1218
0	3811	1326
0	3815	1362
0	3818	1254
0	3820	1276
0	3821	1370
0	3863	1268
0	3871	1334
0	3878	1312
0	3884	1218
0	3889	1326
0	3893	1362
0	3896	1254
0	3898	1276
0	3899	1370
0	3941	1268
0	3949	1334
0	3956	1312
0	3962	1218
0	3967	1326
0	3971	1362
0	3974	1254
0	3976	1276
0	3977	1370
0	4019	1268
0	4027	1334
0	4034	1312
0	4040	1218
0	4045	1326
0	4049	1362
0	4052	1254
0	4054	1276
0	4055	1370
0	4097	1268
0	4105	1334
0	4112	1312
0	4118	1218
0	4123	1326
0	4127	1362
0	4130	1254
0	4132	1276
0	4133	1370
0	4175	1268
0	4183	1334
0	4190	1312
0	4196	1218
0	4201	1326
0	4205	1362
0	4208	1254
0	4210	1276
0	4211	1370
0	4253	1268
0	4261	1334
0	4268	1312
0	4274	1218
0	4279	1326
0	4283	1362
0	4286	1254
0	4288	1276
0	4289	1370
0	4331	1268
0	4339	1334
0	4346	1312
0	4352	1218
0	4357	1326
0	4361	1362
0	4364	1254
0	4366	1276
0	4367	1370
0	4409	1268
0	4417	1334
0	4424	1312
0	4430	1218
0	4435	1326
0	4439	1362
0	4442	1254
0	4444	1276
0	4445	1370
0	4487	1268
0	4495	1334
0	4502	1312
0	4508	1218
0	4513	1326
0	4517	1362
0	4520	1254
0	4522	1276
0	4523	1370
0	4565	1268
0	4573	1334
0	4580	1312
0	4586	1218
0	4591	1326
0	4595	1362
0	4598	1254
0	4600	1276
0	4601	1370
0	4643	1268
0	4651	1334
0	4658	1312
0	4664	1218
0	4669	1326
0	4673	1362
0	4676	1254
0	4678	1276
0	4679	1370
0	4721	1268
0	4729	1334
0	4736	1312
0	4742	1218
0	4747	1326
0	4751	1362
0	4754	1254
0	4756	1276
0	4757	1370
0	4799	1268
0	4807	1334
0	4814	1312
0	4820	1218
0	4825	1326
0	4829	1362
0	4832	1254
0	4834	1276
0	4835	1370
0	4877	1268
0	4885	1334
0	4892	1312
0	4898	1218
0	4903	1326
0	4907	1362
0	4910	1254
0	4912	1276
0	4913	1370
0	4955	1268
0	4963	1334
0	4970	1312
0	4976	1218
0	4981	1326
0	4985	1362
0	4988	1254
0	4990	1276
0	4991	1370
0	5033	1268
0	5041	1334
0	5048	1312
0	5054	1218
0	5059	1326
0	5063	1362
0	5066	1254
0	5068	1276
0	5069	1370
0	5111	1268
0	5119	1334
0	5126	1312
0	5132	1218
0	5137	1326
0	5141	1362
0	5144	1254
0	5146	1276
0	5147	1370
0	5189	1268
0	5197	1334
0	5204	1312
0	5210	1218
0	5215	1326
0	5219	1362
0	5222	1254
0	5224	1276
0	5225	1370
0	5267	1268
0	5275	1334
0	5282	1312
0	5288	1218
0	5293	1326
0	5297	1362
0	5300	1254
0	5302	1276
0	5303	1370
0	5345	1268
0	5353	1334
0	5360	1312
0	5366	1218
0	5371	1326
0	5375	1362
0	5378	1254
0	5380	1276
0	5381	1370
0	5423	1268
0	5431	1334
0	5438	1312
0	5444	1218
0	5449	1326
0	5453	1362
0	5456	1254
0	5458	1276
0	5459	1370
0	5501	1268
0	5509	1334
0	5516	1312
0	5522	1218
0	5527	1326
0	5531	1362
0	5534	1254
0	5536	1276
0	5537	1370
0	5579	1268
0	5587	1334
0	5594	1312
0	5600	1218
0	5605	1326
0	5609	1362
0	5612	1254
0	5614	1276
0	5615	1370
0	5657	1268
0	5665	1334
0	5672	1312
0	5678	1218
0	5683	1326
0	5687	1362
0	5690	1254
0	5692	1276
0	5693	1370
0	5735	1268
0	5743	1334
0	5750	1312
0	5756	1218
0	5761	1326
0	5765	1362
0	5768	1254
0	5770	1276
0	5771	1370
0	5813	1268
0	5821	1334
0	5828	1312
0	5834	1218
0	5839	1326
0	5843	1362
0	5846	1254
0	5848	1276
0	5849	1370
0	5891	1268
0	5899	1334
0	5906	1312
0	5912	1218
0	5917	1326
0	5921	1362
0	5924	1254
0	5926	1276
0	5927	1370
0	5969	1268
0	5977	1334
0	5984	1312
0	5990	1218
0	5995	1326
0	5999	1362
0	6002	1254
0	6004	1276
0	6005	1370
0	6047	1268
0	6055	1334
0	6062	1312
0	6068	1218
0	6073	1326
0	6077	1362
0	6080	1254
0	6082	1276
0	6083	1370
1	41	1366
1	56	1312
1	67	1326
1	71	1272
1	74	1254
1	76	1236
1	119	1366
1	134	1312
1	145	1326
1	149	1272
1	152	1254
1	154	1236
1	197	1366
1	212	1312
1	223	1326
1	227	1272
1	230	1254
1	232	1236
1	275	1366
1	290	1312
1	301	1326
1	305	1272
1	308	1254
1	310	1236
1	353	1366
1	368	1312
1	379	1326
1	383	1272
1	386	1254
1	388	1236
1	431	1366
1	446	1312
1	457	1326
1	461	1272
1	464	1254
1	466	1236
1	509	1366
1	524	1312
1	535	1326
1	539	1272
1	542	1254
1	544	1236
1	587	1366
1	602	1312
1	613	1326
1	617	1272
1	620	1254
1	622	1236
1	665	1366
1	680	1312
1	691	1326
1	695	1272
1	698	1254
1	700	1236
1	743	1366
1	758	1312
1	769	1326
1	773	1272
1	776	1254
1	778	1236
1	821	1366
1	836	1312
1	847	1326
1	851	1272
1	854	1254
1	856	1236
1	899	1366
1	914	1312
1	925	1326
1	929	1272
1	932	1254
1	934	1236
1	977	1366
1	992	1312
1	1003	1326
1	1007	1272
1	1010	1254
1	1012	1236
1	1055	1366
1	1070	1312
1	1081	1326
1	1085	1272
1	1088	1254
1	1090	1236
1	1133	1366
1	1148	1312
1	1159	1326
1	1163	1272
1	1166	1254
1	1168	1236
1	1211	1366
1	1226	1312
1	1237	1326
1	1241	1272
1	1244	1254
1	1246	1236
1	1289	1366
1	1304	1312
1	1315	1326
1	1319	1272
1	1322	1254
1	1324	1236
1	1367	1366
1	1382	1312
1	1393	1326
1	1397	1272
1	1400	1254
1	1402	1236
1	1445	1366
1	1460	1312
1	1471	1326
1	1475	1272
1	1478	1254
1	1480	1236
1	1523	1366
1	1538	1312
1	1549	1326
1	1553	1272
1	1556	1254
1	1558	1236
1	1601	1366
1	1616	1312
1	1627	1326
1	1631	1272
1	1634	1254
1	1636	1236
1	1679	1366
1	1694	1312
1	1705	1326
1	1709	1272
1	1712	1254
1	1714	1236
1	1757	1366
1	1772	1312
1	1783	1326
1	1787	1272
1	1790	1254
1	1792	1236
1	1835	1366
1	1850	1312
1	1861	1326
1	1865	1272
1	1868	1254
1	1870	1236
1	1913	1366
1	1928	1312
1	1939	1326
1	1943	1272
1	1946	1254
1	1948	1236
1	1991	1366
1	2006	1312
1	2017	1326
1	2021	1272
1	2024	1254
1	2026	1236
1	2069	1366
1	2084	1312
1	2095	1326
1	2099	1272
1	2102	1254
1	2104	1236
1	2147	1366
1	2162	1312
1	2173	1326
1	2177	1272
1	2180	1254
1	2182	1236
1	2225	1366
1	2240	1312
1	2251	1326
1	2255	1272
1	2258	1254
1	2260	1236
1	2303	1366
1	2318	1312
1	2329	1326
1	2333	1272
1	2336	1254
1	2338	1236
1	2381	1366
1	2396	1312
1	2407	1326
1	2411	1272
1	2414	1254
1	2416	1236
1	2459	1366
1	2474	1312
1	2485	1326
1	2489	1272
1	2492	1254
1	2494	1236
1	2537	1366
1	2552	1312
1	2563	1326
1	2567	1272
1	2570	1254
1	2572	1236
1	2615	1366
1	2630	1312
1	2641	1326
1	2645	1272
1	2648	1254
1	2650	1236
1	2693	1366
1	2708	1312
1	2719	1326
1	2723	1272
1	2726	1254
1	2728	1236
1	2771	1366
1	2786	1312
1	2797	1326
1	2801	1272
1	2804	1254
1	2806	1236
1	2849	1366
1	2864	1312
1	2875	1326
1	2879	1272
1	2882	1254
1	2884	1236
1	2927	1366
1	2942	1312
1	2953	1326
1	2957	1272
1	2960	1254
1	2962	1236
1	3005	1366
1	3020	1312
1	3031	1326
1	3035	1272
1	3038	1254
1	3040	1236
1	3083	1366
1	3098	1312
1	3109	1326
1	3113	1272
1	3116	1254
1	3118	1236
1	3161	1366
1	3176	1312
1	3187	1326
1	3191	1272
1	3194	1254
1	3196	1236
1	3239	1366
1	3254	1312
1	3265	1326
1	3269	1272
1	3272	1254
1	3274	1236
1	3317	1366
1	3332	1312
1	3343	1326
1	3347	1272
1	3350	1254
1	3352	1236
1	3395	1366
1	3410	1312
1	3421	1326
1	3425	1272
1	3428	1254
1	3430	1236
1	3473	1366
1	3488	1312
1	3499	1326
1	3503	1272
1	3506	1254
1	3508	1236
1	3551	1366
1	3566	1312
1	3577	1326
1	3581	1272
1	3584	1254
1	3586	1236
1	3629	1366
1	3644	1312
1	3655	1326
1	3659	1272
1	3662	1254
1	3664	1236
1	3707	1366
1	3722	1312
1	3733	1326
1	3737	1272
1	3740	1254
1	3742	1236
1	3785	1366
1	3800	1312
1	3811	1326
1	3815	1272
1	3818	1254
1	3820	1236
1	3863	1366
1	3878	1312
1	3889	1326
1	3893	1272
1	3896	1254
1	3898	1236
1	3941	1366
1	3956	1312
1	3967	1326
1	3971	1272
1	3974	1254
1	3976	1236
1	4019	1366
1	4034	1312
1	4045	1326
1	4049	1272
1	4052	1254
1	4054	1236
1	4097	1366
1	4112	1312
1	4123	1326
1	4127	1272
1	4130	1254
1	4132	1236
1	4175	1366
1	4190	1312
1	4201	1326
1	4205	1272
1	4208	1254
1	4210	1236
1	4253	1366
1	4268	1312
1	4279	1326
1	4283	1272
1	4286	1254
1	4288	1236
1	4331	1366
1	4346	1312
1	4357	1326
1	4361	1272
1	4364	1254
1	4366	1236
1	4409	1366
1	4424	1312
1	4435	1326
1	4439	1272
1	4442	1254
1	4444	1236
1	4487	1366
1	4502	1312
1	4513	1326
1	4517	1272
1	4520	1254
1	4522	1236
1	4565	1366
1	4580	1312
1	4591	1326
1	4595	1272
1	4598	1254
1	4600	1236
1	4643	1366
1	4658	1312
1	4669	1326
1	4673	1272
1	4676	1254
1	4678	1236
1	4721	1366
1	4736	1312
1	4747	1326
1	4751	1272
1	4754	1254
1	4756	1236
1	4799	1366
1	4814	1312
1	4825	1326
1	4829	1272
1	4832	1254
1	4834	1236
1	4877	1366
1	4892	1312
1	4903	1326
1	4907	1272
1	4910	1254
1	4912	1236
1	4955	1366
1	4970	1312
1	4981	1326
1	4985	1272
1	4988	1254
1	4990	1236
1	5033	1366
1	5048	1312
1	5059	1326
1	5063	1272
1	5066	1254
1	5068	1236
1	5111	1366
1	5126	1312
1	5137	1326
1	5141	1272
1	5144	1254
1	5146	1236
1	5189	1366
1	5204	1312
1	5215	1326
1	5219	1272
1	5222	1254
1	5224	1236
1	5267	1366
1	5282	1312
1	5293	1326
1	5297	1272
1	5300	1254
1	5302	1236
1	5345	1366
1	5360	1312
1	5371	1326
1	5375	1272
1	5378	1254
1	5380	1236
1	5423	1366
1	5438	1312
1	5449	1326
1	5453	1272
1	5456	1254
1	5458	1236
1	5501	1366
1	5516	1312
1	5527	1326
1	5531	1272
1	5534	1254
1	5536	1236
1	5579	1366
1	5594	1312
1	5605	1326
1	5609	1272
1	5612	1254
1	5614	1236
1	5657	1366
1	5672	1312
1	5683	1326
1	5687	1272
1	5690	1254
1	5692	1236
1	5735	1366
1	5750	1312
1	5761	1326
1	5765	1272
1	5768	1254
1	5770	1236
1	5813	1366
1	5828	1312
1	5839	1326
1	5843	1272
1	5846	1254
1	5848	1236
1	5891	1366
1	5906	1312
1	5917	1326
1	5921	1272
1	5924	1254
1	5926	1236
1	5969	1366
1	5984	1312
1	5995	1326
1	5999	1272
1	6002	1254
1	6004	1236
1	6047	1366
1	6062	1312
1	6073	1326
1	6077	1272
1	6080	1254
1	6082	1236
2	41	1366
2	56	1270
2	71	1248
2	119	1366
2	134	1270
2	149	1248
2	197	1366
2	212	1270
2	227	1248
2	275	1366
2	290	1270
2	305	1248
2	353	1366
2	368	1270
2	383	1248
2	431	1366
2	446	1270
2	461	1248
2	509	1366
2	524	1270
2	539	1248
2	587	1366
2	602	1270
2	617	1248
2	665	1366
2	680	1270
2	695	1248
2	743	1366
2	758	1270
2	773	1248
2	821	1366
2	836	1270
2	851	1248
2	899	1366
2	914	1270
2	929	1248
2	977	1366
2	992	1270
2	1007	1248
2	1055	1366
2	1070	1270
2	1085	1248
2	1133	1366
2	1148	1270
2	1163	1248
2	1211	1366
2	1226	1270
2	1241	1248
2	1289	1366
2	1304	1270
2	1319	1248
2	1367	1366
2	1382	1270
2	1397	1248
2	1445	1366
2	1460	1270
2	1475	1248
2	1523	1366
2	1538	1270
2	1553	1248
2	1601	1366
2	1616	1270
2	1631	1248
2	1679	1366
2	1694	1270
2	1709	1248
2	1757	1366
2	1772	1270
2	1787	1248
2	1835	1366
2	1850	1270
2	1865	1248
2	1913	1366
2	1928	1270
2	1943	1248
2	1991	1366
2	2006	1270
2	2021	1248
2	2069	1366
2	2084	1270
2	2099	1248
2	2147	1366
2	2162	1270
2	2177	1248
2	2225	1366
2	2240	1270
2	2255	1248
2	2303	1366
2	2318	1270
2	2333	1248
2	2381	1366
2	2396	1270
2	2411	1248
2	2459	1366
2	2474	1270
2	2489	1248
2	2537	1366
2	2552	1270
2	2567	1248
2	2615	1366
2	2630	1270
2	2645	1248
2	2693	1366
2	2708	1270
2	2723	1248
2	2771	1366
2	2786	1270
2	2801	1248
2	2849	1366
2	2864	1270
2	2879	1248
2	2927	1366
2	2942	1270
2	2957	1248
2	3005	1366
2	3020	1270
2	3035	1248
2	3083	1366
2	3098	1270
2	3113	1248
2	3161	1366
2	3176	1270
2	3191	1248
2	3239	1366
2	3254	1270
2	3269	1248
2	3317	1366
2	3332	1270
2	3347	1248
2	3395	1366
2	3410	1270
2	3425	1248
2	3473	1366
2	3488	1270
2	3503	1248
2	3551	1366
2	3566	1270
2	3581	1248
2	3629	1366
2	3644	1270
2	3659	1248
2	3707	1366
2	3722	1270
2	3737	1248
2	3785	1366
2	3800	1270
2	3815	1248
2	3863	1366
2	3878	1270
2	3893	1248
2	3941	1366
2	3956	1270
2	3971	1248
2	4019	1366
2	4034	1270
2	4049	1248
2	4097	1366
2	4112	1270
2	4127	1248
2	4175	1366
2	4190	1270
2	4205	1248
2	4253	1366
2	4268	1270
2	4283	1248
2	4331	1366
2	4346	1270
2	4361	1248
2	4409	1366
2	4424	1270
2	4439	1248
2	4487	1366
2	4502	1270
2	4517	1248
2	4565	1366
2	4580	1270
2	4595	1248
2	4643	1366
2	4658	1270
2	4673	1248
2	4721	1366
2	4736	1270
2	4751	1248
2	4799	1366
2	4814	1270
2	4829	1248
2	4877	1366
2	4892	1270
2	4907	1248
2	4955	1366
2	4970	1270
2	4985	1248
2	5033	1366
2	5048	1270
2	5063	1248
2	5111	1366
2	5126	1270
2	5141	1248
2	5189	1366
2	5204	1270
2	5219	1248
2	5267	1366
2	5282	1270
2	5297	1248
2	5345	1366
2	5360	1270
2	5375	1248
2	5423	1366
2	5438	1270
2	5453	1248
2	5501	1366
2	5516	1270
2	5531	1248
2	5579	1366
2	5594	1270
2	5609	1248
2	5657	1366
2	5672	1270
2	5687	1248
2	5735	1366
2	5750	1270
2	5765	1248
2	5813	1366
2	5828	1270
2	5843	1248
2	5891	1366
2	5906	1270
2	5921	1248
2	5969	1366
2	5984	1270
2	5999	1248
2	6047	1366
2	6062	1270
2	6077	1248
3	56	1312
3	67	1326
3	71	1272
3	74	1236
3	134	1312
3	145	1326
3	149	1272
3	152	1236
3	212	1312
3	223	1326
3	227	1272
3	230	1236
3	290	1312
3	301	1326
3	305	1272
3	308	1236
3	368	1312
3	379	1326
3	383	1272
3	386	1236
3	446	1312
3	457	1326
3	461	1272
3	464	1236
3	524	1312
3	535	1326
3	539	1272
3	542	1236
3	602	1312
3	613	1326
3	617	1272
3	620	1236
3	680	1312
3	691	1326
3	695	1272
3	698	1236
3	758	1312
3	769	1326
3	773	1272
3	776	1236
3	836	1312
3	847	1326
3	851	1272
3	854	1236
3	914	1312
3	925	1326
3	929	1272
3	932	1236
3	992	1312
3	1003	1326
3	1007	1272
3	1010	1236
3	1070	1312
3	1081	1326
3	1085	1272
3	1088	1236
3	1148	1312
3	1159	1326
3	1163	1272
3	1166	1236
3	1226	1312
3	1237	1326
3	1241	1272
3	1244	1236
3	1304	1312
3	1315	1326
3	1319	1272
3	1322	1236
3	1382	1312
3	1393	1326
3	1397	1272
3	1400	1236
3	1460	1312
3	1471	1326
3	1475	1272
3	1478	1236
3	1538	1312
3	1549	1326
3	1553	1272
3	1556	1236
3	1616	1312
3	1627	1326
3	1631	1272
3	1634	1236
3	1694	1312
3	1705	1326
3	1709	1272
3	1712	1236
3	1772	1312
3	1783	1326
3	1787	1272
3	1790	1236
3	1850	1312
3	1861	1326
3	1865	1272
3	1868	1236
3	1928	1312
3	1939	1326
3	1943	1272
3	1946	1236
3	2006	1312
3	2017	1326
3	2021	1272
3	2024	1236
3	2084	1312
3	2095	1326
3	2099	1272
3	2102	1236
3	2162	1312
3	2173	1326
3	2177	1272
3	2180	1236
3	2240	1312
3	2251	1326
3	2255	1272
3	2258	1236
3	2318	1312
3	2329	1326
3	2333	1272
3	2336	1236
3	2396	1312
3	2407	1326
3	2411	1272
3	2414	1236
3	2474	1312
3	2485	1326
3	2489	1272
3	2492	1236
3	2552	1312
3	2563	1326
3	2567	1272
3	2570	1236
3	2630	1312
3	2641	1326
3	2645	1272
3	2648	1236
3	2708	1312
3	2719	1326
3	2723	1272
3	2726	1236
3	2786	1312
3	2797	1326
3	2801	1272
3	2804	1236
3	2864	1312
3	2875	1326
3	2879	1272
3	2882	1236
3	2942	1312
3	2953	1326
3	2957	1272
3	2960	1236
3	3020	1312
3	3031	1326
3	3035	1272
3	3038	1236
3	3098	1312
3	3109	1326
3	3113	1272
3	3116	1236
3	3176	1312
3	3187	1326
3	3191	1272
3	3194	1236
3	3254	1312
3	3265	1326
3	3269	1272
3	3272	1236
3	3332	1312
3	3343	1326
3	3347	1272
3	3350	1236
3	3410	1312
3	3421	1326
3	3425	1272
3	3428	1236
3	3488	1312
3	3499	1326
3	3503	1272
3	3506	1236
3	3566	1312
3	3577	1326
3	3581	1272
3	3584	1236
3	3644	1312
3	3655	1326
3	3659	1272
3	3662	1236
3	3722	1312
3	3733	1326
3	3737	1272
3	3740	1236
3	3800	1312
3	3811	1326
3	3815	1272
3	3818	1236
3	3878	1312
3	3889	1326
3	3893	1272
3	3896	1236
3	3956	1312
3	3967	1326
3	3971	1272
3	3974	1236
3	4034	1312
3	4045	1326
3	4049	1272
3	4052	1236
3	4112	1312
3	4123	1326
3	4127	1272
3	4130	1236
3	4190	1312
3	4201	1326
3	4205	1272
3	4208	1236
3	4268	1312
3	4279	1326
3	4283	1272
3	4286	1236
3	4346	1312
3	4357	1326
3	4361	1272
3	4364	1236
3	4424	1312
3	4435	1326
3	4439	1272
3	4442	1236
3	4502	1312
3	4513	1326
3	4517	1272
3	4520	1236
3	4580	1312
3	4591	1326
3	4595	1272
3	4598	1236
3	4658	1312
3	4669	1326
3	4673	1272
3	4676	1236
3	4736	1312
3	4747	1326
3	4751	1272
3	4754	1236
3	4814	1312
3	4825	1326
3	4829	1272
3	4832	1236
3	4892	1312
3	4903	1326
3	4907	1272
3	4910	1236
3	4970	1312
3	4981	1326
3	4985	1272
3	4988	1236
3	5048	1312
3	5059	1326
3	5063	1272
3	5066	1236
3	5126	1312
3	5137	1326
3	5141	1272
3	5144	1236
3	5204	1312
3	5215	1326
3	5219	1272
3	5222	1236
3	5282	1312
3	5293	1326
3	5297	1272
3	5300	1236
3	5360	1312
3	5371	1326
3	5375	1272
3	5378	1236
3	5438	1312
3	5449	1326
3	5453	1272
3	5456	1236
3	5516	1312
3	5527	1326
3	5531	1272
3	5534	1236
3	5594	1312
3	5605	1326
3	5609	1272
3	5612	1236
3	5672	1312
3	5683	1326
3	5687	1272
3	5690	1236
3	5750	1312
3	5761	1326
3	5765	1272
3	5768	1236
3	5828	1312
3	5839	1326
3	5843	1272
3	5846	1236
3	5906	1312
3	5917	1326
3	5921	1272
3	5924	1236
3	5984	1312
3	5995	1326
3	5999	1272
3	6002	1236
3	6062	1312
3	6073	1326
3	6077	1272
3	6080	1236
4	56	1218
4	62	1258
4	71	1240
4	74	1302
4	134	1218
4	140	1258
4	149	1240
4	152	1302
4	212	1218
4	218	1258
4	227	1240
4	230	1302
4	290	1218
4	296	1258
4	305	1240
4	308	1302
4	368	1218
4	374	1258
4	383	1240
4	386	1302
4	446	1218
4	452	1258
4	461	1240
4	464	1302
4	524	1218
4	530	1258
4	539	1240
4	542	1302
4	602	1218
4	608	1258
4	617	1240
4	620	1302
4	680	1218
4	686	1258
4	695	1240
4	698	1302
4	758	1218
4	764	1258
4	773	1240
4	776	1302
4	836	1218
4	842	1258
4	851	1240
4	854	1302
4	914	1218
4	920	1258
4	929	1240
4	932	1302
4	992	1218
4	998	1258
4	1007	1240
4	1010	1302
4	1070	1218
4	1076	1258
4	1085	1240
4	1088	1302
4	1148	1218
4	1154	1258
4	1163	1240
4	1166	1302
4	1226	1218
4	1232	1258
4	1241	1240
4	1244	1302
4	1304	1218
4	1310	1258
4	1319	1240
4	1322	1302
4	1382	1218
4	1388	1258
4	1397	1240
4	1400	1302
4	1460	1218
4	1466	1258
4	1475	1240
4	1478	1302
4	1538	1218
4	1544	1258
4	1553	1240
4	1556	1302
4	1616	1218
4	1622	1258
4	1631	1240
4	1634	1302
4	1694	1218
4	1700	1258
4	1709	1240
4	1712	1302
4	1772	1218
4	1778	1258
4	1787	1240
4	1790	1302
4	1850	1218
4	1856	1258
4	1865	1240
4	1868	1302
4	1928	1218
4	1934	1258
4	1943	1240
4	1946	1302
4	2006	1218
4	2012	1258
4	2021	1240
4	2024	1302
4	2084	1218
4	2090	1258
4	2099	1240
4	2102	1302
4	2162	1218
4	2168	1258
4	2177	1240
4	2180	1302
4	2240	1218
4	2246	1258
4	2255	1240
4	2258	1302
4	2318	1218
4	2324	1258
4	2333	1240
4	2336	1302
4	2396	1218
4	2402	1258
4	2411	1240
4	2414	1302
4	2474	1218
4	2480	1258
4	2489	1240
4	2492	1302
4	2552	1218
4	2558	1258
4	2567	1240
4	2570	1302
4	2630	1218
4	2636	1258
4	2645	1240
4	2648	1302
4	2708	1218
4	2714	1258
4	2723	1240
4	2726	1302
4	2786	1218
4	2792	1258
4	2801	1240
4	2804	1302
4	2864	1218
4	2870	1258
4	2879	1240
4	2882	1302
4	2942	1218
4	2948	1258
4	2957	1240
4	2960	1302
4	3020	1218
4	3026	1258
4	3035	1240
4	3038	1302
4	3098	1218
4	3104	1258
4	3113	1240
4	3116	1302
4	3176	1218
4	3182	1258
4	3191	1240
4	3194	1302
4	3254	1218
4	3260	1258
4	3269	1240
4	3272	1302
4	3332	1218
4	3338	1258
4	3347	1240
4	3350	1302
4	3410	1218
4	3416	1258
4	3425	1240
4	3428	1302
4	3488	1218
4	3494	1258
4	3503	1240
4	3506	1302
4	3566	1218
4	3572	1258
4	3581	1240
4	3584	1302
4	3644	1218
4	3650	1258
4	3659	1240
4	3662	1302
4	3722	1218
4	3728	1258
4	3737	1240
4	3740	1302
4	3800	1218
4	3806	1258
4	3815	1240
4	3818	1302
4	3878	1218
4	3884	1258
4	3893	1240
4	3896	1302
4	3956	1218
4	3962	1258
4	3971	1240
4	3974	1302
4	4034	1218
4	4040	1258
4	4049	1240
4	4052	1302
4	4112	1218
4	4118	1258
4	4127	1240
4	4130	1302
4	4190	1218
4	4196	1258
4	4205	1240
4	4208	1302
4	4268	1218
4	4274	1258
4	4283	1240
4	4286	1302
4	4346	1218
4	4352	1258
4	4361	1240
4	4364	1302
4	4424	1218
4	4430	1258
4	4439	1240
4	4442	1302
4	4502	1218
4	4508	1258
4	4517	1240
4	4520	1302
4	4580	1218
4	4586	1258
4	4595	1240
4	4598	1302
4	4658	1218
4	4664	1258
4	4673	1240
4	4676	1302
4	4736	1218
4	4742	1258
4	4751	1240
4	4754	1302
4	4814	1218
4	4820	1258
4	4829	1240
4	4832	1302
4	4892	1218
4	4898	1258
4	4907	1240
4	4910	1302
4	4970	1218
4	4976	1258
4	4985	1240
4	4988	1302
4	5048	1218
4	5054	1258
4	5063	1240
4	5066	1302
4	5126	1218
4	5132	1258
4	5141	1240
4	5144	1302
4	5204	1218
4	5210	1258
4	5219	1240
4	5222	1302
4	5282	1218
4	5288	1258
4	5297	1240
4	5300	1302
4	5360	1218
4	5366	1258
4	5375	1240
4	5378	1302
4	5438	1218
4	5444	1258
4	5453	1240
4	5456	1302
4	5516	1218
4	5522	1258
4	5531	1240
4	5534	1302
4	5594	1218
4	5600	1258
4	5609	1240
4	5612	1302
4	5672	1218
4	5678	1258
4	5687	1240
4	5690	1302
4	5750	1218
4	5756	1258
4	5765	1240
4	5768	1302
4	5828	1218
4	5834	1258
4	5843	1240
4	5846	1302
4	5906	1218
4	5912	1258
4	5921	1240
4	5924	1302
4	5984	1218
4	5990	1258
4	5999	1240
4	6002	1302
4	6062	1218
4	6068	1258
4	6077	1240
4	6080	1302
5	41	1366
5	62	1326
5	67	1254
5	71	1236
5	76	1384
5	77	1312
5	119	1366
5	140	1326
5	145	1254
5	149	1236
5	154	1384
5	155	1312
5	197	1366
5	218	1326
5	223	1254
5	227	1236
5	232	1384
5	233	1312
5	275	1366
5	296	1326
5	301	1254
5	305	1236
5	310	1384
5	311	1312
5	353	1366
5	374	1326
5	379	1254
5	383	1236
5	388	1384
5	389	1312
5	431	1366
5	452	1326
5	457	1254
5	461	1236
5	466	1384
5	467	1312
5	509	1366
5	530	1326
5	535	1254
5	539	1236
5	544	1384
5	545	1312
5	587	1366
5	608	1326
5	613	1254
5	617	1236
5	622	1384
5	623	1312
5	665	1366
5	686	1326
5	691	1254
5	695	1236
5	700	1384
5	701	1312
5	743	1366
5	764	1326
5	769	1254
5	773	1236
5	778	1384
5	779	1312
5	821	1366
5	842	1326
5	847	1254
5	851	1236
5	856	1384
5	857	1312
5	899	1366
5	920	1326
5	925	1254
5	929	1236
5	934	1384
5	935	1312
5	977	1366
5	998	1326
5	1003	1254
5	1007	1236
5	1012	1384
5	1013	1312
5	1055	1366
5	1076	1326
5	1081	1254
5	1085	1236
5	1090	1384
5	1091	1312
5	1133	1366
5	1154	1326
5	1159	1254
5	1163	1236
5	1168	1384
5	1169	1312
5	1211	1366
5	1232	1326
5	1237	1254
5	1241	1236
5	1246	1384
5	1247	1312
5	1289	1366
5	1310	1326
5	1315	1254
5	1319	1236
5	1324	1384
5	1325	1312
5	1367	1366
5	1388	1326
5	1393	1254
5	1397	1236
5	1402	1384
5	1403	1312
5	1445	1366
5	1466	1326
5	1471	1254
5	1475	1236
5	1480	1384
5	1481	1312
5	1523	1366
5	1544	1326
5	1549	1254
5	1553	1236
5	1558	1384
5	1559	1312
5	1601	1366
5	1622	1326
5	1627	1254
5	1631	1236
5	1636	1384
5	1637	1312
5	1679	1366
5	1700	1326
5	1705	1254
5	1709	1236
5	1714	1384
5	1715	1312
5	1757	1366
5	1778	1326
5	1783	1254
5	1787	1236
5	1792	1384
5	1793	1312
5	1835	1366
5	1856	1326
5	1861	1254
5	1865	1236
5	1870	1384
5	1871	1312
5	1913	1366
5	1934	1326
5	1939	1254
5	1943	1236
5	1948	1384
5	1949	1312
5	1991	1366
5	2012	1326
5	2017	1254
5	2021	1236
5	2026	1384
5	2027	1312
5	2069	1366
5	2090	1326
5	2095	1254
5	2099	1236
5	2104	1384
5	2105	1312
5	2147	1366
5	2168	1326
5	2173	1254
5	2177	1236
5	2182	1384
5	2183	1312
5	2225	1366
5	2246	1326
5	2251	1254
5	2255	1236
5	2260	1384
5	2261	1312
5	2303	1366
5	2324	1326
5	2329	1254
5	2333	1236
5	2338	1384
5	2339	1312
5	2381	1366
5	2402	1326
5	2407	1254
5	2411	1236
5	2416	1384
5	2417	1312
5	2459	1366
5	2480	1326
5	2485	1254
5	2489	1236
5	2494	1384
5	2495	1312
5	2537	1366
5	2558	1326
5	2563	1254
5	2567	1236
5	2572	1384
5	2573	1312
5	2615	1366
5	2636	1326
5	2641	1254
5	2645	1236
5	2650	1384
5	2651	1312
5	2693	1366
5	2714	1326
5	2719	1254
5	2723	1236
5	2728	1384
5	2729	1312
5	2771	1366
5	2792	1326
5	2797	1254
5	2801	1236
5	2806	1384
5	2807	1312
5	2849	1366
5	2870	1326
5	2875	1254
5	2879	1236
5	2884	1384
5	2885	1312
5	2927	1366
5	2948	1326
5	2953	1254
5	2957	1236
5	2962	1384
5	2963	1312
5	3005	1366
5	3026	1326
5	3031	1254
5	3035	1236
5	3040	1384
5	3041	1312
5	3083	1366
5	3104	1326
5	3109	1254
5	3113	1236
5	3118	1384
5	3119	1312
5	3161	1366
5	3182	1326
5	3187	1254
5	3191	1236
5	3196	1384
5	3197	1312
5	3239	1366
5	3260	1326
5	3265	1254
5	3269	1236
5	3274	1384
5	3275	1312
5	3317	1366
5	3338	1326
5	3343	1254
5	3347	1236
5	3352	1384
5	3353	1312
5	3395	1366
5	3416	1326
5	3421	1254
5	3425	1236
5	3430	1384
5	3431	1312
5	3473	1366
5	3494	1326
5	3499	1254
5	3503	1236
5	3508	1384
5	3509	1312
5	3551	1366
5	3572	1326
5	3577	1254
5	3581	1236
5	3586	1384
5	3587	1312
5	3629	1366
5	3650	1326
5	3655	1254
5	3659	1236
5	3664	1384
5	3665	1312
5	3707	1366
5	3728	1326
5	3733	1254
5	3737	1236
5	3742	1384
5	3743	1312
5	3785	1366
5	3806	1326
5	3811	1254
5	3815	1236
5	3820	1384
5	3821	1312
5	3863	1366
5	3884	1326
5	3889	1254
5	3893	1236
5	3898	1384
5	3899	1312
5	3941	1366
5	3962	1326
5	3967	1254
5	3971	1236
5	3976	1384
5	3977	1312
5	4019	1366
5	4040	1326
5	4045	1254
5	4049	1236
5	4054	1384
5	4055	1312
5	4097	1366
5	4118	1326
5	4123	1254
5	4127	1236
5	4132	1384
5	4133	1312
5	4175	1366
5	4196	1326
5	4201	1254
5	4205	1236
5	4210	1384
5	4211	1312
5	4253	1366
5	4274	1326
5	4279	1254
5	4283	1236
5	4288	1384
5	4289	1312
5	4331	1366
5	4352	1326
5	4357	1254
5	4361	1236
5	4366	1384
5	4367	1312
5	4409	1366
5	4430	1326
5	4435	1254
5	4439	1236
5	4444	1384
5	4445	1312
5	4487	1366
5	4508	1326
5	4513	1254
5	4517	1236
5	4522	1384
5	4523	1312
5	4565	1366
5	4586	1326
5	4591	1254
5	4595	1236
5	4600	1384
5	4601	1312
5	4643	1366
5	4664	1326
5	4669	1254
5	4673	1236
5	4678	1384
5	4679	1312
5	4721	1366
5	4742	1326
5	4747	1254
5	4751	1236
5	4756	1384
5	4757	1312
5	4799	1366
5	4820	1326
5	4825	1254
5	4829	1236
5	4834	1384
5	4835	1312
5	4877	1366
5	4898	1326
5	4903	1254
5	4907	1236
5	4912	1384
5	4913	1312
5	4955	1366
5	4976	1326
5	4981	1254
5	4985	1236
5	4990	1384
5	4991	1312
5	5033	1366
5	5054	1326
5	5059	1254
5	5063	1236
5	5068	1384
5	5069	1312
5	5111	1366
5	5132	1326
5	5137	1254
5	5141	1236
5	5146	1384
5	5147	1312
5	5189	1366
5	5210	1326
5	5215	1254
5	5219	1236
5	5224	1384
5	5225	1312
5	5267	1366
5	5288	1326
5	5293	1254
5	5297	1236
5	5302	1384
5	5303	1312
5	5345	1366
5	5366	1326
5	5371	1254
5	5375	1236
5	5380	1384
5	5381	1312
5	5423	1366
5	5444	1326
5	5449	1254
5	5453	1236
5	5458	1384
5	5459	1312
5	5501	1366
5	5522	1326
5	5527	1254
5	5531	1236
5	5536	1384
5	5537	1312
5	5579	1366
5	5600	1326
5	5605	1254
5	5609	1236
5	5614	1384
5	5615	1312
5	5657	1366
5	5678	1326
5	5683	1254
5	5687	1236
5	5692	1384
5	5693	1312
5	5735	1366
5	5756	1326
5	5761	1254
5	5765	1236
5	5770	1384
5	5771	1312
5	5813	1366
5	5834	1326
5	5839	1254
5	5843	1236
5	5848	1384
5	5849	1312
5	5891	1366
5	5912	1326
5	5917	1254
5	5921	1236
5	5926	1384
5	5927	1312
5	5969	1366
5	5990	1326
5	5995	1254
5	5999	1236
5	6004	1384
5	6005	1312
5	6047	1366
5	6068	1326
5	6073	1254
5	6077	1236
5	6082	1384
5	6083	1312
6	32	1360
6	41	1394
6	49	1330
6	56	1260
6	62	1198
6	67	1230
6	110	1360
6	119	1394
6	127	1330
6	134	1260
6	140	1198
6	145	1230
6	188	1360
6	197	1394
6	205	1330
6	212	1260
6	218	1198
6	223	1230
6	266	1360
6	275	1394
6	283	1330
6	290	1260
6	296	1198
6	301	1230
6	344	1360
6	353	1394
6	361	1330
6	368	1260
6	374	1198
6	379	1230
6	422	1360
6	431	1394
6	439	1330
6	446	1260
6	452	1198
6	457	1230
6	500	1360
6	509	1394
6	517	1330
6	524	1260
6	530	1198
6	535	1230
6	578	1360
6	587	1394
6	595	1330
6	602	1260
6	608	1198
6	613	1230
6	656	1360
6	665	1394
6	673	1330
6	680	1260
6	686	1198
6	691	1230
6	734	1360
6	743	1394
6	751	1330
6	758	1260
6	764	1198
6	769	1230
6	812	1360
6	821	1394
6	829	1330
6	836	1260
6	842	1198
6	847	1230
6	890	1360
6	899	1394
6	907	1330
6	914	1260
6	920	1198
6	925	1230
6	968	1360
6	977	1394
6	985	1330
6	992	1260
6	998	1198
6	1003	1230
6	1046	1360
6	1055	1394
6	1063	1330
6	1070	1260
6	1076	1198
6	1081	1230
6	1124	1360
6	1133	1394
6	1141	1330
6	1148	1260
6	1154	1198
6	1159	1230
6	1202	1360
6	1211	1394
6	1219	1330
6	1226	1260
6	1232	1198
6	1237	1230
6	1280	1360
6	1289	1394
6	1297	1330
6	1304	1260
6	1310	1198
6	1315	1230
6	1358	1360
6	1367	1394
6	1375	1330
6	1382	1260
6	1388	1198
6	1393	1230
6	1436	1360
6	1445	1394
6	1453	1330
6	1460	1260
6	1466	1198
6	1471	1230
6	1514	1360
6	1523	1394
6	1531	1330
6	1538	1260
6	1544	1198
6	1549	1230
6	1592	1360
6	1601	1394
6	1609	1330
6	1616	1260
6	1622	1198
6	1627	1230
6	1670	1360
6	1679	1394
6	1687	1330
6	1694	1260
6	1700	1198
6	1705	1230
6	1748	1360
6	1757	1394
6	1765	1330
6	1772	1260
6	1778	1198
6	1783	1230
6	1826	1360
6	1835	1394
6	1843	1330
6	1850	1260
6	1856	1198
6	1861	1230
6	1904	1360
6	1913	1394
6	1921	1330
6	1928	1260
6	1934	1198
6	1939	1230
6	1982	1360
6	1991	1394
6	1999	1330
6	2006	1260
6	2012	1198
6	2017	1230
6	2060	1360
6	2069	1394
6	2077	1330
6	2084	1260
6	2090	1198
6	2095	1230
6	2138	1360
6	2147	1394
6	2155	1330
6	2162	1260
6	2168	1198
6	2173	1230
6	2216	1360
6	2225	1394
6	2233	1330
6	2240	1260
6	2246	1198
6	2251	1230
6	2294	1360
6	2303	1394
6	2311	1330
6	2318	1260
6	2324	1198
6	2329	1230
6	2372	1360
6	2381	1394
6	2389	1330
6	2396	1260
6	2402	1198
6	2407	1230
6	2450	1360
6	2459	1394
6	2467	1330
6	2474	1260
6	2480	1198
6	2485	1230
6	2528	1360
6	2537	1394
6	2545	1330
6	2552	1260
6	2558	1198
6	2563	1230
6	2606	1360
6	2615	1394
6	2623	1330
6	2630	1260
6	2636	1198
6	2641	1230
6	2684	1360
6	2693	1394
6	2701	1330
6	2708	1260
6	2714	1198
6	2719	1230
6	2762	1360
6	2771	1394
6	2779	1330
6	2786	1260
6	2792	1198
6	2797	1230
6	2840	1360
6	2849	1394
6	2857	1330
6	2864	1260
6	2870	1198
6	2875	1230
6	2918	1360
6	2927	1394
6	2935	1330
6	2942	1260
6	2948	1198
6	2953	1230
6	2996	1360
6	3005	1394
6	3013	1330
6	3020	1260
6	3026	1198
6	3031	1230
6	3074	1360
6	3083	1394
6	3091	1330
6	3098	1260
6	3104	1198
6	3109	1230
6	3152	1360
6	3161	1394
6	3169	1330
6	3176	1260
6	3182	1198
6	3187	1230
6	3230	1360
6	3239	1394
6	3247	1330
6	3254	1260
6	3260	1198
6	3265	1230
6	3308	1360
6	3317	1394
6	3325	1330
6	3332	1260
6	3338	1198
6	3343	1230
6	3386	1360
6	3395	1394
6	3403	1330
6	3410	1260
6	3416	1198
6	3421	1230
6	3464	1360
6	3473	1394
6	3481	1330
6	3488	1260
6	3494	1198
6	3499	1230
6	3542	1360
6	3551	1394
6	3559	1330
6	3566	1260
6	3572	1198
6	3577	1230
6	3620	1360
6	3629	1394
6	3637	1330
6	3644	1260
6	3650	1198
6	3655	1230
6	3698	1360
6	3707	1394
6	3715	1330
6	3722	1260
6	3728	1198
6	3733	1230
6	3776	1360
6	3785	1394
6	3793	1330
6	3800	1260
6	3806	1198
6	3811	1230
6	3854	1360
6	3863	1394
6	3871	1330
6	3878	1260
6	3884	1198
6	3889	1230
6	3932	1360
6	3941	1394
6	3949	1330
6	3956	1260
6	3962	1198
6	3967	1230
6	4010	1360
6	4019	1394
6	4027	1330
6	4034	1260
6	4040	1198
6	4045	1230
6	4088	1360
6	4097	1394
6	4105	1330
6	4112	1260
6	4118	1198
6	4123	1230
6	4166	1360
6	4175	1394
6	4183	1330
6	4190	1260
6	4196	1198
6	4201	1230
6	4244	1360
6	4253	1394
6	4261	1330
6	4268	1260
6	4274	1198
6	4279	1230
6	4322	1360
6	4331	1394
6	4339	1330
6	4346	1260
6	4352	1198
6	4357	1230
6	4400	1360
6	4409	1394
6	4417	1330
6	4424	1260
6	4430	1198
6	4435	1230
6	4478	1360
6	4487	1394
6	4495	1330
6	4502	1260
6	4508	1198
6	4513	1230
6	4556	1360
6	4565	1394
6	4573	1330
6	4580	1260
6	4586	1198
6	4591	1230
6	4634	1360
6	4643	1394
6	4651	1330
6	4658	1260
6	4664	1198
6	4669	1230
6	4712	1360
6	4721	1394
6	4729	1330
6	4736	1260
6	4742	1198
6	4747	1230
6	4790	1360
6	4799	1394
6	4807	1330
6	4814	1260
6	4820	1198
6	4825	1230
6	4868	1360
6	4877	1394
6	4885	1330
6	4892	1260
6	4898	1198
6	4903	1230
6	4946	1360
6	4955	1394
6	4963	1330
6	4970	1260
6	4976	1198
6	4981	1230
6	5024	1360
6	5033	1394
6	5041	1330
6	5048	1260
6	5054	1198
6	5059	1230
6	5102	1360
6	5111	1394
6	5119	1330
6	5126	1260
6	5132	1198
6	5137	1230
6	5180	1360
6	5189	1394
6	5197	1330
6	5204	1260
6	5210	1198
6	5215	1230
6	5258	1360
6	5267	1394
6	5275	1330
6	5282	1260
6	5288	1198
6	5293	1230
6	5336	1360
6	5345	1394
6	5353	1330
6	5360	1260
6	5366	1198
6	5371	1230
6	5414	1360
6	5423	1394
6	5431	1330
6	5438	1260
6	5444	1198
6	5449	1230
6	5492	1360
6	5501	1394
6	5509	1330
6	5516	1260
6	5522	1198
6	5527	1230
6	5570	1360
6	5579	1394
6	5587	1330
6	5594	1260
6	5600	1198
6	5605	1230
6	5648	1360
6	5657	1394
6	5665	1330
6	5672	1260
6	5678	1198
6	5683	1230
6	5726	1360
6	5735	1394
6	5743	1330
6	5750	1260
6	5756	1198
6	5761	1230
6	5804	1360
6	5813	1394
6	5821	1330
6	5828	1260
6	5834	1198
6	5839	1230
6	5882	1360
6	5891	1394
6	5899	1330
6	5906	1260
6	5912	1198
6	5917	1230
6	5960	1360
6	5969	1394
6	5977	1330
6	5984	1260
6	5990	1198
6	5995	1230
6	6038	1360
6	6047	1394
6	6055	1330
6	6062	1260
6	6068	1198
6	6073	1230
7	32	1360
7	41	1394
7	49	1330
7	56	1260
7	62	1198
7	67	1230
7	74	1328
7	110	1360
7	119	1394
7	127	1330
7	134	1260
7	140	1198
7	145	1230
7	152	1328
7	188	1360
7	197	1394
7	205	1330
7	212	1260
7	218	1198
7	223	1230
7	230	1328
7	266	1360
7	275	1394
7	283	1330
7	290	1260
7	296	1198
7	301	1230
7	308	1328
7	344	1360
7	353	1394
7	361	1330
7	368	1260
7	374	1198
7	379	1230
7	386	1328
7	422	1360
7	431	1394
7	439	1330
7	446	1260
7	452	1198
7	457	1230
7	464	1328
7	500	1360
7	509	1394
7	517	1330
7	524	1260
7	530	1198
7	535	1230
7	542	1328
7	578	1360
7	587	1394
7	595	1330
7	602	1260
7	608	1198
7	613	1230
7	620	1328
7	656	1360
7	665	1394
7	673	1330
7	680	1260
7	686	1198
7	691	1230
7	698	1328
7	734	1360
7	743	1394
7	751	1330
7	758	1260
7	764	1198
7	769	1230
7	776	1328
7	812	1360
7	821	1394
7	829	1330
7	836	1260
7	842	1198
7	847	1230
7	854	1328
7	890	1360
7	899	1394
7	907	1330
7	914	1260
7	920	1198
7	925	1230
7	932	1328
7	968	1360
7	977	1394
7	985	1330
7	992	1260
7	998	1198
7	1003	1230
7	1010	1328
7	1046	1360
7	1055	1394
7	1063	1330
7	1070	1260
7	1076	1198
7	1081	1230
7	1088	1328
7	1124	1360
7	1133	1394
7	1141	1330
7	1148	1260
7	1154	1198
7	1159	1230
7	1166	1328
7	1202	1360
7	1211	1394
7	1219	1330
7	1226	1260
7	1232	1198
7	1237	1230
7	1244	1328
7	1280	1360
7	1289	1394
7	1297	1330
7	1304	1260
7	1310	1198
7	1315	1230
7	1322	1328
7	1358	1360
7	1367	1394
7	1375	1330
7	1382	1260
7	1388	1198
7	1393	1230
7	1400	1328
7	1436	1360
7	1445	1394
7	1453	1330
7	1460	1260
7	1466	1198
7	1471	1230
7	1478	1328
7	1514	1360
7	1523	1394
7	1531	1330
7	1538	1260
7	1544	1198
7	1549	1230
7	1556	1328
7	1592	1360
7	1601	1394
7	1609	1330
7	1616	1260
7	1622	1198
7	1627	1230
7	1634	1328
7	1670	1360
7	1679	1394
7	1687	1330
7	1694	1260
7	1700	1198
7	1705	1230
7	1712	1328
7	1748	1360
7	1757	1394
7	1765	1330
7	1772	1260
7	1778	1198
7	1783	1230
7	1790	1328
7	1826	1360
7	1835	1394
7	1843	1330
7	1850	1260
7	1856	1198
7	1861	1230
7	1868	1328
7	1904	1360
7	1913	1394
7	1921	1330
7	1928	1260
7	1934	1198
7	1939	1230
7	1946	1328
7	1982	1360
7	1991	1394
7	1999	1330
7	2006	1260
7	2012	1198
7	2017	1230
7	2024	1328
7	2060	1360
7	2069	1394
7	2077	1330
7	2084	1260
7	2090	1198
7	2095	1230
7	2102	1328
7	2138	1360
7	2147	1394
7	2155	1330
7	2162	1260
7	2168	1198
7	2173	1230
7	2180	1328
7	2216	1360
7	2225	1394
7	2233	1330
7	2240	1260
7	2246	1198
7	2251	1230
7	2258	1328
7	2294	1360
7	2303	1394
7	2311	1330
7	2318	1260
7	2324	1198
7	2329	1230
7	2336	1328
7	2372	1360
7	2381	1394
7	2389	1330
7	2396	1260
7	2402	1198
7	2407	1230
7	2414	1328
7	2450	1360
7	2459	1394
7	2467	1330
7	2474	1260
7	2480	1198
7	2485	1230
7	2492	1328
7	2528	1360
7	2537	1394
7	2545	1330
7	2552	1260
7	2558	1198
7	2563	1230
7	2570	1328
7	2606	1360
7	2615	1394
7	2623	1330
7	2630	1260
7	2636	1198
7	2641	1230
7	2648	1328
7	2684	1360
7	2693	1394
7	2701	1330
7	2708	1260
7	2714	1198
7	2719	1230
7	2726	1328
7	2762	1360
7	2771	1394
7	2779	1330
7	2786	1260
7	2792	1198
7	2797	1230
7	2804	1328
7	2840	1360
7	2849	1394
7	2857	1330
7	2864	1260
7	2870	1198
7	2875	1230
7	2882	1328
7	2918	1360
7	2927	1394
7	2935	1330
7	2942	1260
7	2948	1198
7	2953	1230
7	2960	1328
7	2996	1360
7	3005	1394
7	3013	1330
7	3020	1260
7	3026	1198
7	3031	1230
7	3038	1328
7	3074	1360
7	3083	1394
7	3091	1330
7	3098	1260
7	3104	1198
7	3109	1230
7	3116	1328
7	3152	1360
7	3161	1394
7	3169	1330
7	3176	1260
7	3182	1198
7	3187	1230
7	3194	1328
7	3230	1360
7	3239	1394
7	3247	1330
7	3254	1260
7	3260	1198
7	3265	1230
7	3272	1328
7	3308	1360
7	3317	1394
7	3325	1330
7	3332	1260
7	3338	1198
7	3343	1230
7	3350	1328
7	3386	1360
7	3395	1394
7	3403	1330
7	3410	1260
7	3416	1198
7	3421	1230
7	3428	1328
7	3464	1360
7	3473	1394
7	3481	1330
7	3488	1260
7	3494	1198
7	3499	1230
7	3506	1328
7	3542	1360
7	3551	1394
7	3559	1330
7	3566	1260
7	3572	1198
7	3577	1230
7	3584	1328
7	3620	1360
7	3629	1394
7	3637	1330
7	3644	1260
7	3650	1198
7	3655	1230
7	3662	1328
7	3698	1360
7	3707	1394
7	3715	1330
7	3722	1260
7	3728	1198
7	3733	1230
7	3740	1328
7	3776	1360
7	3785	1394
7	3793	1330
7	3800	1260
7	3806	1198
7	3811	1230
7	3818	1328
7	3854	1360
7	3863	1394
7	3871	1330
7	3878	1260
7	3884	1198
7	3889	1230
7	3896	1328
7	3932	1360
7	3941	1394
7	3949	1330
7	3956	1260
7	3962	1198
7	3967	1230
7	3974	1328
7	4010	1360
7	4019	1394
7	4027	1330
7	4034	1260
7	4040	1198
7	4045	1230
7	4052	1328
7	4088	1360
7	4097	1394
7	4105	1330
7	4112	1260
7	4118	1198
7	4123	1230
7	4130	1328
7	4166	1360
7	4175	1394
7	4183	1330
7	4190	1260
7	4196	1198
7	4201	1230
7	4208	1328
7	4244	1360
7	4253	1394
7	4261	1330
7	4268	1260
7	4274	1198
7	4279	1230
7	4286	1328
7	4322	1360
7	4331	1394
7	4339	1330
7	4346	1260
7	4352	1198
7	4357	1230
7	4364	1328
7	4400	1360
7	4409	1394
7	4417	1330
7	4424	1260
7	4430	1198
7	4435	1230
7	4442	1328
7	4478	1360
7	4487	1394
7	4495	1330
7	4502	1260
7	4508	1198
7	4513	1230
7	4520	1328
7	4556	1360
7	4565	1394
7	4573	1330
7	4580	1260
7	4586	1198
7	4591	1230
7	4598	1328
7	4634	1360
7	4643	1394
7	4651	1330
7	4658	1260
7	4664	1198
7	4669	1230
7	4676	1328
7	4712	1360
7	4721	1394
7	4729	1330
7	4736	1260
7	4742	1198
7	4747	1230
7	4754	1328
7	4790	1360
7	4799	1394
7	4807	1330
7	4814	1260
7	4820	1198
7	4825	1230
7	4832	1328
7	4868	1360
7	4877	1394
7	4885	1330
7	4892	1260
7	4898	1198
7	4903	1230
7	4910	1328
7	4946	1360
7	4955	1394
7	4963	1330
7	4970	1260
7	4976	1198
7	4981	1230
7	4988	1328
7	5024	1360
7	5033	1394
7	5041	1330
7	5048	1260
7	5054	1198
7	5059	1230
7	5066	1328
7	5102	1360
7	5111	1394
7	5119	1330
7	5126	1260
7	5132	1198
7	5137	1230
7	5144	1328
7	5180	1360
7	5189	1394
7	5197	1330
7	5204	1260
7	5210	1198
7	5215	1230
7	5222	1328
7	5258	1360
7	5267	1394
7	5275	1330
7	5282	1260
7	5288	1198
7	5293	1230
7	5300	1328
7	5336	1360
7	5345	1394
7	5353	1330
7	5360	1260
7	5366	1198
7	5371	1230
7	5378	1328
7	5414	1360
7	5423	1394
7	5431	1330
7	5438	1260
7	5444	1198
7	5449	1230
7	5456	1328
7	5492	1360
7	5501	1394
7	5509	1330
7	5516	1260
7	5522	1198
7	5527	1230
7	5534	1328
7	5570	1360
7	5579	1394
7	5587	1330
7	5594	1260
7	5600	1198
7	5605	1230
7	5612	1328
7	5648	1360
7	5657	1394
7	5665	1330
7	5672	1260
7	5678	1198
7	5683	1230
7	5690	1328
7	5726	1360
7	5735	1394
7	5743	1330
7	5750	1260
7	5756	1198
7	5761	1230
7	5768	1328
7	5804	1360
7	5813	1394
7	5821	1330
7	5828	1260
7	5834	1198
7	5839	1230
7	5846	1328
7	5882	1360
7	5891	1394
7	5899	1330
7	5906	1260
7	5912	1198
7	5917	1230
7	5924	1328
7	5960	1360
7	5969	1394
7	5977	1330
7	5984	1260
7	5990	1198
7	5995	1230
7	6002	1328
7	6038	1360
7	6047	1394
7	6055	1330
7	6062	1260
7	6068	1198
7	6073	1230
7	6080	1328
8	32	1318
8	41	1282
8	49	1386
8	62	1354
8	74	1250
8	76	1246
8	77	1232
8	110	1318
8	119	1282
8	127	1386
8	140	1354
8	152	1250
8	154	1246
8	155	1232
8	188	1318
8	197	1282
8	205	1386
8	218	1354
8	230	1250
8	232	1246
8	233	1232
8	266	1318
8	275	1282
8	283	1386
8	296	1354
8	308	1250
8	310	1246
8	311	1232
8	344	1318
8	353	1282
8	361	1386
8	374	1354
8	386	1250
8	388	1246
8	389	1232
8	422	1318
8	431	1282
8	439	1386
8	452	1354
8	464	1250
8	466	1246
8	467	1232
8	500	1318
8	509	1282
8	517	1386
8	530	1354
8	542	1250
8	544	1246
8	545	1232
8	578	1318
8	587	1282
8	595	1386
8	608	1354
8	620	1250
8	622	1246
8	623	1232
8	656	1318
8	665	1282
8	673	1386
8	686	1354
8	698	1250
8	700	1246
8	701	1232
8	734	1318
8	743	1282
8	751	1386
8	764	1354
8	776	1250
8	778	1246
8	779	1232
8	812	1318
8	821	1282
8	829	1386
8	842	1354
8	854	1250
8	856	1246
8	857	1232
8	890	1318
8	899	1282
8	907	1386
8	920	1354
8	932	1250
8	934	1246
8	935	1232
8	968	1318
8	977	1282
8	985	1386
8	998	1354
8	1010	1250
8	1012	1246
8	1013	1232
8	1046	1318
8	1055	1282
8	1063	1386
8	1076	1354
8	1088	1250
8	1090	1246
8	1091	1232
8	1124	1318
8	1133	1282
8	1141	1386
8	1154	1354
8	1166	1250
8	1168	1246
8	1169	1232
8	1202	1318
8	1211	1282
8	1219	1386
8	1232	1354
8	1244	1250
8	1246	1246
8	1247	1232
8	1280	1318
8	1289	1282
8	1297	1386
8	1310	1354
8	1322	1250
8	1324	1246
8	1325	1232
8	1358	1318
8	1367	1282
8	1375	1386
8	1388	1354
8	1400	1250
8	1402	1246
8	1403	1232
8	1436	1318
8	1445	1282
8	1453	1386
8	1466	1354
8	1478	1250
8	1480	1246
8	1481	1232
8	1514	1318
8	1523	1282
8	1531	1386
8	1544	1354
8	1556	1250
8	1558	1246
8	1559	1232
8	1592	1318
8	1601	1282
8	1609	1386
8	1622	1354
8	1634	1250
8	1636	1246
8	1637	1232
8	1670	1318
8	1679	1282
8	1687	1386
8	1700	1354
8	1712	1250
8	1714	1246
8	1715	1232
8	1748	1318
8	1757	1282
8	1765	1386
8	1778	1354
8	1790	1250
8	1792	1246
8	1793	1232
8	1826	1318
8	1835	1282
8	1843	1386
8	1856	1354
8	1868	1250
8	1870	1246
8	1871	1232
8	1904	1318
8	1913	1282
8	1921	1386
8	1934	1354
8	1946	1250
8	1948	1246
8	1949	1232
8	1982	1318
8	1991	1282
8	1999	1386
8	2012	1354
8	2024	1250
8	2026	1246
8	2027	1232
8	2060	1318
8	2069	1282
8	2077	1386
8	2090	1354
8	2102	1250
8	2104	1246
8	2105	1232
8	2138	1318
8	2147	1282
8	2155	1386
8	2168	1354
8	2180	1250
8	2182	1246
8	2183	1232
8	2216	1318
8	2225	1282
8	2233	1386
8	2246	1354
8	2258	1250
8	2260	1246
8	2261	1232
8	2294	1318
8	2303	1282
8	2311	1386
8	2324	1354
8	2336	1250
8	2338	1246
8	2339	1232
8	2372	1318
8	2381	1282
8	2389	1386
8	2402	1354
8	2414	1250
8	2416	1246
8	2417	1232
8	2450	1318
8	2459	1282
8	2467	1386
8	2480	1354
8	2492	1250
8	2494	1246
8	2495	1232
8	2528	1318
8	2537	1282
8	2545	1386
8	2558	1354
8	2570	1250
8	2572	1246
8	2573	1232
8	2606	1318
8	2615	1282
8	2623	1386
8	2636	1354
8	2648	1250
8	2650	1246
8	2651	1232
8	2684	1318
8	2693	1282
8	2701	1386
8	2714	1354
8	2726	1250
8	2728	1246
8	2729	1232
8	2762	1318
8	2771	1282
8	2779	1386
8	2792	1354
8	2804	1250
8	2806	1246
8	2807	1232
8	2840	1318
8	2849	1282
8	2857	1386
8	2870	1354
8	2882	1250
8	2884	1246
8	2885	1232
8	2918	1318
8	2927	1282
8	2935	1386
8	2948	1354
8	2960	1250
8	2962	1246
8	2963	1232
8	2996	1318
8	3005	1282
8	3013	1386
8	3026	1354
8	3038	1250
8	3040	1246
8	3041	1232
8	3074	1318
8	3083	1282
8	3091	1386
8	3104	1354
8	3116	1250
8	3118	1246
8	3119	1232
8	3152	1318
8	3161	1282
8	3169	1386
8	3182	1354
8	3194	1250
8	3196	1246
8	3197	1232
8	3230	1318
8	3239	1282
8	3247	1386
8	3260	1354
8	3272	1250
8	3274	1246
8	3275	1232
8	3308	1318
8	3317	1282
8	3325	1386
8	3338	1354
8	3350	1250
8	3352	1246
8	3353	1232
8	3386	1318
8	3395	1282
8	3403	1386
8	3416	1354
8	3428	1250
8	3430	1246
8	3431	1232
8	3464	1318
8	3473	1282
8	3481	1386
8	3494	1354
8	3506	1250
8	3508	1246
8	3509	1232
8	3542	1318
8	3551	1282
8	3559	1386
8	3572	1354
8	3584	1250
8	3586	1246
8	3587	1232
8	3620	1318
8	3629	1282
8	3637	1386
8	3650	1354
8	3662	1250
8	3664	1246
8	3665	1232
8	3698	1318
8	3707	1282
8	3715	1386
8	3728	1354
8	3740	1250
8	3742	1246
8	3743	1232
8	3776	1318
8	3785	1282
8	3793	1386
8	3806	1354
8	3818	1250
8	3820	1246
8	3821	1232
8	3854	1318
8	3863	1282
8	3871	1386
8	3884	1354
8	3896	1250
8	3898	1246
8	3899	1232
8	3932	1318
8	3941	1282
8	3949	1386
8	3962	1354
8	3974	1250
8	3976	1246
8	3977	1232
8	4010	1318
8	4019	1282
8	4027	1386
8	4040	1354
8	4052	1250
8	4054	1246
8	4055	1232
8	4088	1318
8	4097	1282
8	4105	1386
8	4118	1354
8	4130	1250
8	4132	1246
8	4133	1232
8	4166	1318
8	4175	1282
8	4183	1386
8	4196	1354
8	4208	1250
8	4210	1246
8	4211	1232
8	4244	1318
8	4253	1282
8	4261	1386
8	4274	1354
8	4286	1250
8	4288	1246
8	4289	1232
8	4322	1318
8	4331	1282
8	4339	1386
8	4352	1354
8	4364	1250
8	4366	1246
8	4367	1232
8	4400	1318
8	4409	1282
8	4417	1386
8	4430	1354
8	4442	1250
8	4444	1246
8	4445	1232
8	4478	1318
8	4487	1282
8	4495	1386
8	4508	1354
8	4520	1250
8	4522	1246
8	4523	1232
8	4556	1318
8	4565	1282
8	4573	1386
8	4586	1354
8	4598	1250
8	4600	1246
8	4601	1232
8	4634	1318
8	4643	1282
8	4651	1386
8	4664	1354
8	4676	1250
8	4678	1246
8	4679	1232
8	4712	1318
8	4721	1282
8	4729	1386
8	4742	1354
8	4754	1250
8	4756	1246
8	4757	1232
8	4790	1318
8	4799	1282
8	4807	1386
8	4820	1354
8	4832	1250
8	4834	1246
8	4835	1232
8	4868	1318
8	4877	1282
8	4885	1386
8	4898	1354
8	4910	1250
8	4912	1246
8	4913	1232
8	4946	1318
8	4955	1282
8	4963	1386
8	4976	1354
8	4988	1250
8	4990	1246
8	4991	1232
8	5024	1318
8	5033	1282
8	5041	1386
8	5054	1354
8	5066	1250
8	5068	1246
8	5069	1232
8	5102	1318
8	5111	1282
8	5119	1386
8	5132	1354
8	5144	1250
8	5146	1246
8	5147	1232
8	5180	1318
8	5189	1282
8	5197	1386
8	5210	1354
8	5222	1250
8	5224	1246
8	5225	1232
8	5258	1318
8	5267	1282
8	5275	1386
8	5288	1354
8	5300	1250
8	5302	1246
8	5303	1232
8	5336	1318
8	5345	1282
8	5353	1386
8	5366	1354
8	5378	1250
8	5380	1246
8	5381	1232
8	5414	1318
8	5423	1282
8	5431	1386
8	5444	1354
8	5456	1250
8	5458	1246
8	5459	1232
8	5492	1318
8	5501	1282
8	5509	1386
8	5522	1354
8	5534	1250
8	5536	1246
8	5537	1232
8	5570	1318
8	5579	1282
8	5587	1386
8	5600	1354
8	5612	1250
8	5614	1246
8	5615	1232
8	5648	1318
8	5657	1282
8	5665	1386
8	5678	1354
8	5690	1250
8	5692	1246
8	5693	1232
8	5726	1318
8	5735	1282
8	5743	1386
8	5756	1354
8	5768	1250
8	5770	1246
8	5771	1232
8	5804	1318
8	5813	1282
8	5821	1386
8	5834	1354
8	5846	1250
8	5848	1246
8	5849	1232
8	5882	1318
8	5891	1282
8	5899	1386
8	5912	1354
8	5924	1250
8	5926	1246
8	5927	1232
8	5960	1318
8	5969	1282
8	5977	1386
8	5990	1354
8	6002	1250
8	6004	1246
8	6005	1232
8	6038	1318
8	6047	1282
8	6055	1386
8	6068	1354
8	6080	1250
8	6082	1246
8	6083	1232
9	32	1332
9	41	1366
9	49	1298
9	56	1206
9	62	1230
9	67	1390
9	71	1240
9	74	1288
9	76	1274
9	110	1332
9	119	1366
9	127	1298
9	134	1206
9	140	1230
9	145	1390
9	149	1240
9	152	1288
9	154	1274
9	188	1332
9	197	1366
9	205	1298
9	212	1206
9	218	1230
9	223	1390
9	227	1240
9	230	1288
9	232	1274
9	266	1332
9	275	1366
9	283	1298
9	290	1206
9	296	1230
9	301	1390
9	305	1240
9	308	1288
9	310	1274
9	344	1332
9	353	1366
9	361	1298
9	368	1206
9	374	1230
9	379	1390
9	383	1240
9	386	1288
9	388	1274
9	422	1332
9	431	1366
9	439	1298
9	446	1206
9	452	1230
9	457	1390
9	461	1240
9	464	1288
9	466	1274
9	500	1332
9	509	1366
9	517	1298
9	524	1206
9	530	1230
9	535	1390
9	539	1240
9	542	1288
9	544	1274
9	578	1332
9	587	1366
9	595	1298
9	602	1206
9	608	1230
9	613	1390
9	617	1240
9	620	1288
9	622	1274
9	656	1332
9	665	1366
9	673	1298
9	680	1206
9	686	1230
9	691	1390
9	695	1240
9	698	1288
9	700	1274
9	734	1332
9	743	1366
9	751	1298
9	758	1206
9	764	1230
9	769	1390
9	773	1240
9	776	1288
9	778	1274
9	812	1332
9	821	1366
9	829	1298
9	836	1206
9	842	1230
9	847	1390
9	851	1240
9	854	1288
9	856	1274
9	890	1332
9	899	1366
9	907	1298
9	914	1206
9	920	1230
9	925	1390
9	929	1240
9	932	1288
9	934	1274
9	968	1332
9	977	1366
9	985	1298
9	992	1206
9	998	1230
9	1003	1390
9	1007	1240
9	1010	1288
9	1012	1274
9	1046	1332
9	1055	1366
9	1063	1298
9	1070	1206
9	1076	1230
9	1081	1390
9	1085	1240
9	1088	1288
9	1090	1274
9	1124	1332
9	1133	1366
9	1141	1298
9	1148	1206
9	1154	1230
9	1159	1390
9	1163	1240
9	1166	1288
9	1168	1274
9	1202	1332
9	1211	1366
9	1219	1298
9	1226	1206
9	1232	1230
9	1237	1390
9	1241	1240
9	1244	1288
9	1246	1274
9	1280	1332
9	1289	1366
9	1297	1298
9	1304	1206
9	1310	1230
9	1315	1390
9	1319	1240
9	1322	1288
9	1324	1274
9	1358	1332
9	1367	1366
9	1375	1298
9	1382	1206
9	1388	1230
9	1393	1390
9	1397	1240
9	1400	1288
9	1402	1274
9	1436	1332
9	1445	1366
9	1453	1298
9	1460	1206
9	1466	1230
9	1471	1390
9	1475	1240
9	1478	1288
9	1480	1274
9	1514	1332
9	1523	1366
9	1531	1298
9	1538	1206
9	1544	1230
9	1549	1390
9	1553	1240
9	1556	1288
9	1558	1274
9	1592	1332
9	1601	1366
9	1609	1298
9	1616	1206
9	1622	1230
9	1627	1390
9	1631	1240
9	1634	1288
9	1636	1274
9	1670	1332
9	1679	1366
9	1687	1298
9	1694	1206
9	1700	1230
9	1705	1390
9	1709	1240
9	1712	1288
9	1714	1274
9	1748	1332
9	1757	1366
9	1765	1298
9	1772	1206
9	1778	1230
9	1783	1390
9	1787	1240
9	1790	1288
9	1792	1274
9	1826	1332
9	1835	1366
9	1843	1298
9	1850	1206
9	1856	1230
9	1861	1390
9	1865	1240
9	1868	1288
9	1870	1274
9	1904	1332
9	1913	1366
9	1921	1298
9	1928	1206
9	1934	1230
9	1939	1390
9	1943	1240
9	1946	1288
9	1948	1274
9	1982	1332
9	1991	1366
9	1999	1298
9	2006	1206
9	2012	1230
9	2017	1390
9	2021	1240
9	2024	1288
9	2026	1274
9	2060	1332
9	2069	1366
9	2077	1298
9	2084	1206
9	2090	1230
9	2095	1390
9	2099	1240
9	2102	1288
9	2104	1274
9	2138	1332
9	2147	1366
9	2155	1298
9	2162	1206
9	2168	1230
9	2173	1390
9	2177	1240
9	2180	1288
9	2182	1274
9	2216	1332
9	2225	1366
9	2233	1298
9	2240	1206
9	2246	1230
9	2251	1390
9	2255	1240
9	2258	1288
9	2260	1274
9	2294	1332
9	2303	1366
9	2311	1298
9	2318	1206
9	2324	1230
9	2329	1390
9	2333	1240
9	2336	1288
9	2338	1274
9	2372	1332
9	2381	1366
9	2389	1298
9	2396	1206
9	2402	1230
9	2407	1390
9	2411	1240
9	2414	1288
9	2416	1274
9	2450	1332
9	2459	1366
9	2467	1298
9	2474	1206
9	2480	1230
9	2485	1390
9	2489	1240
9	2492	1288
9	2494	1274
9	2528	1332
9	2537	1366
9	2545	1298
9	2552	1206
9	2558	1230
9	2563	1390
9	2567	1240
9	2570	1288
9	2572	1274
9	2606	1332
9	2615	1366
9	2623	1298
9	2630	1206
9	2636	1230
9	2641	1390
9	2645	1240
9	2648	1288
9	2650	1274
9	2684	1332
9	2693	1366
9	2701	1298
9	2708	1206
9	2714	1230
9	2719	1390
9	2723	1240
9	2726	1288
9	2728	1274
9	2762	1332
9	2771	1366
9	2779	1298
9	2786	1206
9	2792	1230
9	2797	1390
9	2801	1240
9	2804	1288
9	2806	1274
9	2840	1332
9	2849	1366
9	2857	1298
9	2864	1206
9	2870	1230
9	2875	1390
9	2879	1240
9	2882	1288
9	2884	1274
9	2918	1332
9	2927	1366
9	2935	1298
9	2942	1206
9	2948	1230
9	2953	1390
9	2957	1240
9	2960	1288
9	2962	1274
9	2996	1332
9	3005	1366
9	3013	1298
9	3020	1206
9	3026	1230
9	3031	1390
9	3035	1240
9	3038	1288
9	3040	1274
9	3074	1332
9	3083	1366
9	3091	1298
9	3098	1206
9	3104	1230
9	3109	1390
9	3113	1240
9	3116	1288
9	3118	1274
9	3152	1332
9	3161	1366
9	3169	1298
9	3176	1206
9	3182	1230
9	3187	1390
9	3191	1240
9	3194	1288
9	3196	1274
9	3230	1332
9	3239	1366
9	3247	1298
9	3254	1206
9	3260	1230
9	3265	1390
9	3269	1240
9	3272	1288
9	3274	1274
9	3308	1332
9	3317	1366
9	3325	1298
9	3332	1206
9	3338	1230
9	3343	1390
9	3347	1240
9	3350	1288
9	3352	1274
9	3386	1332
9	3395	1366
9	3403	1298
9	3410	1206
9	3416	1230
9	3421	1390
9	3425	1240
9	3428	1288
9	3430	1274
9	3464	1332
9	3473	1366
9	3481	1298
9	3488	1206
9	3494	1230
9	3499	1390
9	3503	1240
9	3506	1288
9	3508	1274
9	3542	1332
9	3551	1366
9	3559	1298
9	3566	1206
9	3572	1230
9	3577	1390
9	3581	1240
9	3584	1288
9	3586	1274
9	3620	1332
9	3629	1366
9	3637	1298
9	3644	1206
9	3650	1230
9	3655	1390
9	3659	1240
9	3662	1288
9	3664	1274
9	3698	1332
9	3707	1366
9	3715	1298
9	3722	1206
9	3728	1230
9	3733	1390
9	3737	1240
9	3740	1288
9	3742	1274
9	3776	1332
9	3785	1366
9	3793	1298
9	3800	1206
9	3806	1230
9	3811	1390
9	3815	1240
9	3818	1288
9	3820	1274
9	3854	1332
9	3863	1366
9	3871	1298
9	3878	1206
9	3884	1230
9	3889	1390
9	3893	1240
9	3896	1288
9	3898	1274
9	3932	1332
9	3941	1366
9	3949	1298
9	3956	1206
9	3962	1230
9	3967	1390
9	3971	1240
9	3974	1288
9	3976	1274
9	4010	1332
9	4019	1366
9	4027	1298
9	4034	1206
9	4040	1230
9	4045	1390
9	4049	1240
9	4052	1288
9	4054	1274
9	4088	1332
9	4097	1366
9	4105	1298
9	4112	1206
9	4118	1230
9	4123	1390
9	4127	1240
9	4130	1288
9	4132	1274
9	4166	1332
9	4175	1366
9	4183	1298
9	4190	1206
9	4196	1230
9	4201	1390
9	4205	1240
9	4208	1288
9	4210	1274
9	4244	1332
9	4253	1366
9	4261	1298
9	4268	1206
9	4274	1230
9	4279	1390
9	4283	1240
9	4286	1288
9	4288	1274
9	4322	1332
9	4331	1366
9	4339	1298
9	4346	1206
9	4352	1230
9	4357	1390
9	4361	1240
9	4364	1288
9	4366	1274
9	4400	1332
9	4409	1366
9	4417	1298
9	4424	1206
9	4430	1230
9	4435	1390
9	4439	1240
9	4442	1288
9	4444	1274
9	4478	1332
9	4487	1366
9	4495	1298
9	4502	1206
9	4508	1230
9	4513	1390
9	4517	1240
9	4520	1288
9	4522	1274
9	4556	1332
9	4565	1366
9	4573	1298
9	4580	1206
9	4586	1230
9	4591	1390
9	4595	1240
9	4598	1288
9	4600	1274
9	4634	1332
9	4643	1366
9	4651	1298
9	4658	1206
9	4664	1230
9	4669	1390
9	4673	1240
9	4676	1288
9	4678	1274
9	4712	1332
9	4721	1366
9	4729	1298
9	4736	1206
9	4742	1230
9	4747	1390
9	4751	1240
9	4754	1288
9	4756	1274
9	4790	1332
9	4799	1366
9	4807	1298
9	4814	1206
9	4820	1230
9	4825	1390
9	4829	1240
9	4832	1288
9	4834	1274
9	4868	1332
9	4877	1366
9	4885	1298
9	4892	1206
9	4898	1230
9	4903	1390
9	4907	1240
9	4910	1288
9	4912	1274
9	4946	1332
9	4955	1366
9	4963	1298
9	4970	1206
9	4976	1230
9	4981	1390
9	4985	1240
9	4988	1288
9	4990	1274
9	5024	1332
9	5033	1366
9	5041	1298
9	5048	1206
9	5054	1230
9	5059	1390
9	5063	1240
9	5066	1288
9	5068	1274
9	5102	1332
9	5111	1366
9	5119	1298
9	5126	1206
9	5132	1230
9	5137	1390
9	5141	1240
9	5144	1288
9	5146	1274
9	5180	1332
9	5189	1366
9	5197	1298
9	5204	1206
9	5210	1230
9	5215	1390
9	5219	1240
9	5222	1288
9	5224	1274
9	5258	1332
9	5267	1366
9	5275	1298
9	5282	1206
9	5288	1230
9	5293	1390
9	5297	1240
9	5300	1288
9	5302	1274
9	5336	1332
9	5345	1366
9	5353	1298
9	5360	1206
9	5366	1230
9	5371	1390
9	5375	1240
9	5378	1288
9	5380	1274
9	5414	1332
9	5423	1366
9	5431	1298
9	5438	1206
9	5444	1230
9	5449	1390
9	5453	1240
9	5456	1288
9	5458	1274
9	5492	1332
9	5501	1366
9	5509	1298
9	5516	1206
9	5522	1230
9	5527	1390
9	5531	1240
9	5534	1288
9	5536	1274
9	5570	1332
9	5579	1366
9	5587	1298
9	5594	1206
9	5600	1230
9	5605	1390
9	5609	1240
9	5612	1288
9	5614	1274
9	5648	1332
9	5657	1366
9	5665	1298
9	5672	1206
9	5678	1230
9	5683	1390
9	5687	1240
9	5690	1288
9	5692	1274
9	5726	1332
9	5735	1366
9	5743	1298
9	5750	1206
9	5756	1230
9	5761	1390
9	5765	1240
9	5768	1288
9	5770	1274
9	5804	1332
9	5813	1366
9	5821	1298
9	5828	1206
9	5834	1230
9	5839	1390
9	5843	1240
9	5846	1288
9	5848	1274
9	5882	1332
9	5891	1366
9	5899	1298
9	5906	1206
9	5912	1230
9	5917	1390
9	5921	1240
9	5924	1288
9	5926	1274
9	5960	1332
9	5969	1366
9	5977	1298
9	5984	1206
9	5990	1230
9	5995	1390
9	5999	1240
9	6002	1288
9	6004	1274
9	6038	1332
9	6047	1366
9	6055	1298
9	6062	1206
9	6068	1230
9	6073	1390
9	6077	1240
9	6080	1288
9	6082	1274
10	32	1198
10	56	1328
10	76	1264
10	110	1198
10	134	1328
10	154	1264
10	188	1198
10	212	1328
10	232	1264
10	266	1198
10	290	1328
10	310	1264
10	344	1198
10	368	1328
10	388	1264
10	422	1198
10	446	1328
10	466	1264
10	500	1198
10	524	1328
10	544	1264
10	578	1198
10	602	1328
10	622	1264
10	656	1198
10	680	1328
10	700	1264
10	734	1198
10	758	1328
10	778	1264
10	812	1198
10	836	1328
10	856	1264
10	890	1198
10	914	1328
10	934	1264
10	968	1198
10	992	1328
10	1012	1264
10	1046	1198
10	1070	1328
10	1090	1264
10	1124	1198
10	1148	1328
10	1168	1264
10	1202	1198
10	1226	1328
10	1246	1264
10	1280	1198
10	1304	1328
10	1324	1264
10	1358	1198
10	1382	1328
10	1402	1264
10	1436	1198
10	1460	1328
10	1480	1264
10	1514	1198
10	1538	1328
10	1558	1264
10	1592	1198
10	1616	1328
10	1636	1264
10	1670	1198
10	1694	1328
10	1714	1264
10	1748	1198
10	1772	1328
10	1792	1264
10	1826	1198
10	1850	1328
10	1870	1264
10	1904	1198
10	1928	1328
10	1948	1264
10	1982	1198
10	2006	1328
10	2026	1264
10	2060	1198
10	2084	1328
10	2104	1264
10	2138	1198
10	2162	1328
10	2182	1264
10	2216	1198
10	2240	1328
10	2260	1264
10	2294	1198
10	2318	1328
10	2338	1264
10	2372	1198
10	2396	1328
10	2416	1264
10	2450	1198
10	2474	1328
10	2494	1264
10	2528	1198
10	2552	1328
10	2572	1264
10	2606	1198
10	2630	1328
10	2650	1264
10	2684	1198
10	2708	1328
10	2728	1264
10	2762	1198
10	2786	1328
10	2806	1264
10	2840	1198
10	2864	1328
10	2884	1264
10	2918	1198
10	2942	1328
10	2962	1264
10	2996	1198
10	3020	1328
10	3040	1264
10	3074	1198
10	3098	1328
10	3118	1264
10	3152	1198
10	3176	1328
10	3196	1264
10	3230	1198
10	3254	1328
10	3274	1264
10	3308	1198
10	3332	1328
10	3352	1264
10	3386	1198
10	3410	1328
10	3430	1264
10	3464	1198
10	3488	1328
10	3508	1264
10	3542	1198
10	3566	1328
10	3586	1264
10	3620	1198
10	3644	1328
10	3664	1264
10	3698	1198
10	3722	1328
10	3742	1264
10	3776	1198
10	3800	1328
10	3820	1264
10	3854	1198
10	3878	1328
10	3898	1264
10	3932	1198
10	3956	1328
10	3976	1264
10	4010	1198
10	4034	1328
10	4054	1264
10	4088	1198
10	4112	1328
10	4132	1264
10	4166	1198
10	4190	1328
10	4210	1264
10	4244	1198
10	4268	1328
10	4288	1264
10	4322	1198
10	4346	1328
10	4366	1264
10	4400	1198
10	4424	1328
10	4444	1264
10	4478	1198
10	4502	1328
10	4522	1264
10	4556	1198
10	4580	1328
10	4600	1264
10	4634	1198
10	4658	1328
10	4678	1264
10	4712	1198
10	4736	1328
10	4756	1264
10	4790	1198
10	4814	1328
10	4834	1264
10	4868	1198
10	4892	1328
10	4912	1264
10	4946	1198
10	4970	1328
10	4990	1264
10	5024	1198
10	5048	1328
10	5068	1264
10	5102	1198
10	5126	1328
10	5146	1264
10	5180	1198
10	5204	1328
10	5224	1264
10	5258	1198
10	5282	1328
10	5302	1264
10	5336	1198
10	5360	1328
10	5380	1264
10	5414	1198
10	5438	1328
10	5458	1264
10	5492	1198
10	5516	1328
10	5536	1264
10	5570	1198
10	5594	1328
10	5614	1264
10	5648	1198
10	5672	1328
10	5692	1264
10	5726	1198
10	5750	1328
10	5770	1264
10	5804	1198
10	5828	1328
10	5848	1264
10	5882	1198
10	5906	1328
10	5926	1264
10	5960	1198
10	5984	1328
10	6004	1264
10	6038	1198
10	6062	1328
10	6082	1264
11	11	1426
11	32	1198
11	41	1230
11	76	1330
11	77	1296
11	89	1426
11	110	1198
11	119	1230
11	154	1330
11	155	1296
11	167	1426
11	188	1198
11	197	1230
11	232	1330
11	233	1296
11	245	1426
11	266	1198
11	275	1230
11	310	1330
11	311	1296
11	323	1426
11	344	1198
11	353	1230
11	388	1330
11	389	1296
11	401	1426
11	422	1198
11	431	1230
11	466	1330
11	467	1296
11	479	1426
11	500	1198
11	509	1230
11	544	1330
11	545	1296
11	557	1426
11	578	1198
11	587	1230
11	622	1330
11	623	1296
11	635	1426
11	656	1198
11	665	1230
11	700	1330
11	701	1296
11	713	1426
11	734	1198
11	743	1230
11	778	1330
11	779	1296
11	791	1426
11	812	1198
11	821	1230
11	856	1330
11	857	1296
11	869	1426
11	890	1198
11	899	1230
11	934	1330
11	935	1296
11	947	1426
11	968	1198
11	977	1230
11	1012	1330
11	1013	1296
11	1025	1426
11	1046	1198
11	1055	1230
11	1090	1330
11	1091	1296
11	1103	1426
11	1124	1198
11	1133	1230
11	1168	1330
11	1169	1296
11	1181	1426
11	1202	1198
11	1211	1230
11	1246	1330
11	1247	1296
11	1259	1426
11	1280	1198
11	1289	1230
11	1324	1330
11	1325	1296
11	1337	1426
11	1358	1198
11	1367	1230
11	1402	1330
11	1403	1296
11	1415	1426
11	1436	1198
11	1445	1230
11	1480	1330
11	1481	1296
11	1493	1426
11	1514	1198
11	1523	1230
11	1558	1330
11	1559	1296
11	1571	1426
11	1592	1198
11	1601	1230
11	1636	1330
11	1637	1296
11	1649	1426
11	1670	1198
11	1679	1230
11	1714	1330
11	1715	1296
11	1727	1426
11	1748	1198
11	1757	1230
11	1792	1330
11	1793	1296
11	1805	1426
11	1826	1198
11	1835	1230
11	1870	1330
11	1871	1296
11	1883	1426
11	1904	1198
11	1913	1230
11	1948	1330
11	1949	1296
11	1961	1426
11	1982	1198
11	1991	1230
11	2026	1330
11	2027	1296
11	2039	1426
11	2060	1198
11	2069	1230
11	2104	1330
11	2105	1296
11	2117	1426
11	2138	1198
11	2147	1230
11	2182	1330
11	2183	1296
11	2195	1426
11	2216	1198
11	2225	1230
11	2260	1330
11	2261	1296
11	2273	1426
11	2294	1198
11	2303	1230
11	2338	1330
11	2339	1296
11	2351	1426
11	2372	1198
11	2381	1230
11	2416	1330
11	2417	1296
11	2429	1426
11	2450	1198
11	2459	1230
11	2494	1330
11	2495	1296
11	2507	1426
11	2528	1198
11	2537	1230
11	2572	1330
11	2573	1296
11	2585	1426
11	2606	1198
11	2615	1230
11	2650	1330
11	2651	1296
11	2663	1426
11	2684	1198
11	2693	1230
11	2728	1330
11	2729	1296
11	2741	1426
11	2762	1198
11	2771	1230
11	2806	1330
11	2807	1296
11	2819	1426
11	2840	1198
11	2849	1230
11	2884	1330
11	2885	1296
11	2897	1426
11	2918	1198
11	2927	1230
11	2962	1330
11	2963	1296
11	2975	1426
11	2996	1198
11	3005	1230
11	3040	1330
11	3041	1296
11	3053	1426
11	3074	1198
11	3083	1230
11	3118	1330
11	3119	1296
11	3131	1426
11	3152	1198
11	3161	1230
11	3196	1330
11	3197	1296
11	3209	1426
11	3230	1198
11	3239	1230
11	3274	1330
11	3275	1296
11	3287	1426
11	3308	1198
11	3317	1230
11	3352	1330
11	3353	1296
11	3365	1426
11	3386	1198
11	3395	1230
11	3430	1330
11	3431	1296
11	3443	1426
11	3464	1198
11	3473	1230
11	3508	1330
11	3509	1296
11	3521	1426
11	3542	1198
11	3551	1230
11	3586	1330
11	3587	1296
11	3599	1426
11	3620	1198
11	3629	1230
11	3664	1330
11	3665	1296
11	3677	1426
11	3698	1198
11	3707	1230
11	3742	1330
11	3743	1296
11	3755	1426
11	3776	1198
11	3785	1230
11	3820	1330
11	3821	1296
11	3833	1426
11	3854	1198
11	3863	1230
11	3898	1330
11	3899	1296
11	3911	1426
11	3932	1198
11	3941	1230
11	3976	1330
11	3977	1296
11	3989	1426
11	4010	1198
11	4019	1230
11	4054	1330
11	4055	1296
11	4067	1426
11	4088	1198
11	4097	1230
11	4132	1330
11	4133	1296
11	4145	1426
11	4166	1198
11	4175	1230
11	4210	1330
11	4211	1296
11	4223	1426
11	4244	1198
11	4253	1230
11	4288	1330
11	4289	1296
11	4301	1426
11	4322	1198
11	4331	1230
11	4366	1330
11	4367	1296
11	4379	1426
11	4400	1198
11	4409	1230
11	4444	1330
11	4445	1296
11	4457	1426
11	4478	1198
11	4487	1230
11	4522	1330
11	4523	1296
11	4535	1426
11	4556	1198
11	4565	1230
11	4600	1330
11	4601	1296
11	4613	1426
11	4634	1198
11	4643	1230
11	4678	1330
11	4679	1296
11	4691	1426
11	4712	1198
11	4721	1230
11	4756	1330
11	4757	1296
11	4769	1426
11	4790	1198
11	4799	1230
11	4834	1330
11	4835	1296
11	4847	1426
11	4868	1198
11	4877	1230
11	4912	1330
11	4913	1296
11	4925	1426
11	4946	1198
11	4955	1230
11	4990	1330
11	4991	1296
11	5003	1426
11	5024	1198
11	5033	1230
11	5068	1330
11	5069	1296
11	5081	1426
11	5102	1198
11	5111	1230
11	5146	1330
11	5147	1296
11	5159	1426
11	5180	1198
11	5189	1230
11	5224	1330
11	5225	1296
11	5237	1426
11	5258	1198
11	5267	1230
11	5302	1330
11	5303	1296
11	5315	1426
11	5336	1198
11	5345	1230
11	5380	1330
11	5381	1296
11	5393	1426
11	5414	1198
11	5423	1230
11	5458	1330
11	5459	1296
11	5471	1426
11	5492	1198
11	5501	1230
11	5536	1330
11	5537	1296
11	5549	1426
11	5570	1198
11	5579	1230
11	5614	1330
11	5615	1296
11	5627	1426
11	5648	1198
11	5657	1230
11	5692	1330
11	5693	1296
11	5705	1426
11	5726	1198
11	5735	1230
11	5770	1330
11	5771	1296
11	5783	1426
11	5804	1198
11	5813	1230
11	5848	1330
11	5849	1296
11	5861	1426
11	5882	1198
11	5891	1230
11	5926	1330
11	5927	1296
11	5939	1426
11	5960	1198
11	5969	1230
11	6004	1330
11	6005	1296
11	6017	1426
11	6038	1198
11	6047	1230
11	6082	1330
11	6083	1296
12	11	1426
12	56	1328
12	76	1296
12	89	1426
12	134	1328
12	154	1296
12	167	1426
12	212	1328
12	232	1296
12	245	1426
12	290	1328
12	310	1296
12	323	1426
12	368	1328
12	388	1296
12	401	1426
12	446	1328
12	466	1296
12	479	1426
12	524	1328
12	544	1296
12	557	1426
12	602	1328
12	622	1296
12	635	1426
12	680	1328
12	700	1296
12	713	1426
12	758	1328
12	778	1296
12	791	1426
12	836	1328
12	856	1296
12	869	1426
12	914	1328
12	934	1296
12	947	1426
12	992	1328
12	1012	1296
12	1025	1426
12	1070	1328
12	1090	1296
12	1103	1426
12	1148	1328
12	1168	1296
12	1181	1426
12	1226	1328
12	1246	1296
12	1259	1426
12	1304	1328
12	1324	1296
12	1337	1426
12	1382	1328
12	1402	1296
12	1415	1426
12	1460	1328
12	1480	1296
12	1493	1426
12	1538	1328
12	1558	1296
12	1571	1426
12	1616	1328
12	1636	1296
12	1649	1426
12	1694	1328
12	1714	1296
12	1727	1426
12	1772	1328
12	1792	1296
12	1805	1426
12	1850	1328
12	1870	1296
12	1883	1426
12	1928	1328
12	1948	1296
12	1961	1426
12	2006	1328
12	2026	1296
12	2039	1426
12	2084	1328
12	2104	1296
12	2117	1426
12	2162	1328
12	2182	1296
12	2195	1426
12	2240	1328
12	2260	1296
12	2273	1426
12	2318	1328
12	2338	1296
12	2351	1426
12	2396	1328
12	2416	1296
12	2429	1426
12	2474	1328
12	2494	1296
12	2507	1426
12	2552	1328
12	2572	1296
12	2585	1426
12	2630	1328
12	2650	1296
12	2663	1426
12	2708	1328
12	2728	1296
12	2741	1426
12	2786	1328
12	2806	1296
12	2819	1426
12	2864	1328
12	2884	1296
12	2897	1426
12	2942	1328
12	2962	1296
12	2975	1426
12	3020	1328
12	3040	1296
12	3053	1426
12	3098	1328
12	3118	1296
12	3131	1426
12	3176	1328
12	3196	1296
12	3209	1426
12	3254	1328
12	3274	1296
12	3287	1426
12	3332	1328
12	3352	1296
12	3365	1426
12	3410	1328
12	3430	1296
12	3443	1426
12	3488	1328
12	3508	1296
12	3521	1426
12	3566	1328
12	3586	1296
12	3599	1426
12	3644	1328
12	3664	1296
12	3677	1426
12	3722	1328
12	3742	1296
12	3755	1426
12	3800	1328
12	3820	1296
12	3833	1426
12	3878	1328
12	3898	1296
12	3911	1426
12	3956	1328
12	3976	1296
12	3989	1426
12	4034	1328
12	4054	1296
12	4067	1426
12	4112	1328
12	4132	1296
12	4145	1426
12	4190	1328
12	4210	1296
12	4223	1426
12	4268	1328
12	4288	1296
12	4301	1426
12	4346	1328
12	4366	1296
12	4379	1426
12	4424	1328
12	4444	1296
12	4457	1426
12	4502	1328
12	4522	1296
12	4535	1426
12	4580	1328
12	4600	1296
12	4613	1426
12	4658	1328
12	4678	1296
12	4691	1426
12	4736	1328
12	4756	1296
12	4769	1426
12	4814	1328
12	4834	1296
12	4847	1426
12	4892	1328
12	4912	1296
12	4925	1426
12	4970	1328
12	4990	1296
12	5003	1426
12	5048	1328
12	5068	1296
12	5081	1426
12	5126	1328
12	5146	1296
12	5159	1426
12	5204	1328
12	5224	1296
12	5237	1426
12	5282	1328
12	5302	1296
12	5315	1426
12	5360	1328
12	5380	1296
12	5393	1426
12	5438	1328
12	5458	1296
12	5471	1426
12	5516	1328
12	5536	1296
12	5549	1426
12	5594	1328
12	5614	1296
12	5627	1426
12	5672	1328
12	5692	1296
12	5705	1426
12	5750	1328
12	5770	1296
12	5783	1426
12	5828	1328
12	5848	1296
12	5861	1426
12	5906	1328
12	5926	1296
12	5939	1426
12	5984	1328
12	6004	1296
12	6017	1426
12	6062	1328
12	6082	1296
13	11	1426
13	32	1198
13	41	1230
13	56	1328
13	77	1296
13	89	1426
13	110	1198
13	119	1230
13	134	1328
13	155	1296
13	167	1426
13	188	1198
13	197	1230
13	212	1328
13	233	1296
13	245	1426
13	266	1198
13	275	1230
13	290	1328
13	311	1296
13	323	1426
13	344	1198
13	353	1230
13	368	1328
13	389	1296
13	401	1426
13	422	1198
13	431	1230
13	446	1328
13	467	1296
13	479	1426
13	500	1198
13	509	1230
13	524	1328
13	545	1296
13	557	1426
13	578	1198
13	587	1230
13	602	1328
13	623	1296
13	635	1426
13	656	1198
13	665	1230
13	680	1328
13	701	1296
13	713	1426
13	734	1198
13	743	1230
13	758	1328
13	779	1296
13	791	1426
13	812	1198
13	821	1230
13	836	1328
13	857	1296
13	869	1426
13	890	1198
13	899	1230
13	914	1328
13	935	1296
13	947	1426
13	968	1198
13	977	1230
13	992	1328
13	1013	1296
13	1025	1426
13	1046	1198
13	1055	1230
13	1070	1328
13	1091	1296
13	1103	1426
13	1124	1198
13	1133	1230
13	1148	1328
13	1169	1296
13	1181	1426
13	1202	1198
13	1211	1230
13	1226	1328
13	1247	1296
13	1259	1426
13	1280	1198
13	1289	1230
13	1304	1328
13	1325	1296
13	1337	1426
13	1358	1198
13	1367	1230
13	1382	1328
13	1403	1296
13	1415	1426
13	1436	1198
13	1445	1230
13	1460	1328
13	1481	1296
13	1493	1426
13	1514	1198
13	1523	1230
13	1538	1328
13	1559	1296
13	1571	1426
13	1592	1198
13	1601	1230
13	1616	1328
13	1637	1296
13	1649	1426
13	1670	1198
13	1679	1230
13	1694	1328
13	1715	1296
13	1727	1426
13	1748	1198
13	1757	1230
13	1772	1328
13	1793	1296
13	1805	1426
13	1826	1198
13	1835	1230
13	1850	1328
13	1871	1296
13	1883	1426
13	1904	1198
13	1913	1230
13	1928	1328
13	1949	1296
13	1961	1426
13	1982	1198
13	1991	1230
13	2006	1328
13	2027	1296
13	2039	1426
13	2060	1198
13	2069	1230
13	2084	1328
13	2105	1296
13	2117	1426
13	2138	1198
13	2147	1230
13	2162	1328
13	2183	1296
13	2195	1426
13	2216	1198
13	2225	1230
13	2240	1328
13	2261	1296
13	2273	1426
13	2294	1198
13	2303	1230
13	2318	1328
13	2339	1296
13	2351	1426
13	2372	1198
13	2381	1230
13	2396	1328
13	2417	1296
13	2429	1426
13	2450	1198
13	2459	1230
13	2474	1328
13	2495	1296
13	2507	1426
13	2528	1198
13	2537	1230
13	2552	1328
13	2573	1296
13	2585	1426
13	2606	1198
13	2615	1230
13	2630	1328
13	2651	1296
13	2663	1426
13	2684	1198
13	2693	1230
13	2708	1328
13	2729	1296
13	2741	1426
13	2762	1198
13	2771	1230
13	2786	1328
13	2807	1296
13	2819	1426
13	2840	1198
13	2849	1230
13	2864	1328
13	2885	1296
13	2897	1426
13	2918	1198
13	2927	1230
13	2942	1328
13	2963	1296
13	2975	1426
13	2996	1198
13	3005	1230
13	3020	1328
13	3041	1296
13	3053	1426
13	3074	1198
13	3083	1230
13	3098	1328
13	3119	1296
13	3131	1426
13	3152	1198
13	3161	1230
13	3176	1328
13	3197	1296
13	3209	1426
13	3230	1198
13	3239	1230
13	3254	1328
13	3275	1296
13	3287	1426
13	3308	1198
13	3317	1230
13	3332	1328
13	3353	1296
13	3365	1426
13	3386	1198
13	3395	1230
13	3410	1328
13	3431	1296
13	3443	1426
13	3464	1198
13	3473	1230
13	3488	1328
13	3509	1296
13	3521	1426
13	3542	1198
13	3551	1230
13	3566	1328
13	3587	1296
13	3599	1426
13	3620	1198
13	3629	1230
13	3644	1328
13	3665	1296
13	3677	1426
13	3698	1198
13	3707	1230
13	3722	1328
13	3743	1296
13	3755	1426
13	3776	1198
13	3785	1230
13	3800	1328
13	3821	1296
13	3833	1426
13	3854	1198
13	3863	1230
13	3878	1328
13	3899	1296
13	3911	1426
13	3932	1198
13	3941	1230
13	3956	1328
13	3977	1296
13	3989	1426
13	4010	1198
13	4019	1230
13	4034	1328
13	4055	1296
13	4067	1426
13	4088	1198
13	4097	1230
13	4112	1328
13	4133	1296
13	4145	1426
13	4166	1198
13	4175	1230
13	4190	1328
13	4211	1296
13	4223	1426
13	4244	1198
13	4253	1230
13	4268	1328
13	4289	1296
13	4301	1426
13	4322	1198
13	4331	1230
13	4346	1328
13	4367	1296
13	4379	1426
13	4400	1198
13	4409	1230
13	4424	1328
13	4445	1296
13	4457	1426
13	4478	1198
13	4487	1230
13	4502	1328
13	4523	1296
13	4535	1426
13	4556	1198
13	4565	1230
13	4580	1328
13	4601	1296
13	4613	1426
13	4634	1198
13	4643	1230
13	4658	1328
13	4679	1296
13	4691	1426
13	4712	1198
13	4721	1230
13	4736	1328
13	4757	1296
13	4769	1426
13	4790	1198
13	4799	1230
13	4814	1328
13	4835	1296
13	4847	1426
13	4868	1198
13	4877	1230
13	4892	1328
13	4913	1296
13	4925	1426
13	4946	1198
13	4955	1230
13	4970	1328
13	4991	1296
13	5003	1426
13	5024	1198
13	5033	1230
13	5048	1328
13	5069	1296
13	5081	1426
13	5102	1198
13	5111	1230
13	5126	1328
13	5147	1296
13	5159	1426
13	5180	1198
13	5189	1230
13	5204	1328
13	5225	1296
13	5237	1426
13	5258	1198
13	5267	1230
13	5282	1328
13	5303	1296
13	5315	1426
13	5336	1198
13	5345	1230
13	5360	1328
13	5381	1296
13	5393	1426
13	5414	1198
13	5423	1230
13	5438	1328
13	5459	1296
13	5471	1426
13	5492	1198
13	5501	1230
13	5516	1328
13	5537	1296
13	5549	1426
13	5570	1198
13	5579	1230
13	5594	1328
13	5615	1296
13	5627	1426
13	5648	1198
13	5657	1230
13	5672	1328
13	5693	1296
13	5705	1426
13	5726	1198
13	5735	1230
13	5750	1328
13	5771	1296
13	5783	1426
13	5804	1198
13	5813	1230
13	5828	1328
13	5849	1296
13	5861	1426
13	5882	1198
13	5891	1230
13	5906	1328
13	5927	1296
13	5939	1426
13	5960	1198
13	5969	1230
13	5984	1328
13	6005	1296
13	6017	1426
13	6038	1198
13	6047	1230
13	6062	1328
13	6083	1296
14	11	1426
14	32	1198
14	56	1328
14	76	1296
14	89	1426
14	110	1198
14	134	1328
14	154	1296
14	167	1426
14	188	1198
14	212	1328
14	232	1296
14	245	1426
14	266	1198
14	290	1328
14	310	1296
14	323	1426
14	344	1198
14	368	1328
14	388	1296
14	401	1426
14	422	1198
14	446	1328
14	466	1296
14	479	1426
14	500	1198
14	524	1328
14	544	1296
14	557	1426
14	578	1198
14	602	1328
14	622	1296
14	635	1426
14	656	1198
14	680	1328
14	700	1296
14	713	1426
14	734	1198
14	758	1328
14	778	1296
14	791	1426
14	812	1198
14	836	1328
14	856	1296
14	869	1426
14	890	1198
14	914	1328
14	934	1296
14	947	1426
14	968	1198
14	992	1328
14	1012	1296
14	1025	1426
14	1046	1198
14	1070	1328
14	1090	1296
14	1103	1426
14	1124	1198
14	1148	1328
14	1168	1296
14	1181	1426
14	1202	1198
14	1226	1328
14	1246	1296
14	1259	1426
14	1280	1198
14	1304	1328
14	1324	1296
14	1337	1426
14	1358	1198
14	1382	1328
14	1402	1296
14	1415	1426
14	1436	1198
14	1460	1328
14	1480	1296
14	1493	1426
14	1514	1198
14	1538	1328
14	1558	1296
14	1571	1426
14	1592	1198
14	1616	1328
14	1636	1296
14	1649	1426
14	1670	1198
14	1694	1328
14	1714	1296
14	1727	1426
14	1748	1198
14	1772	1328
14	1792	1296
14	1805	1426
14	1826	1198
14	1850	1328
14	1870	1296
14	1883	1426
14	1904	1198
14	1928	1328
14	1948	1296
14	1961	1426
14	1982	1198
14	2006	1328
14	2026	1296
14	2039	1426
14	2060	1198
14	2084	1328
14	2104	1296
14	2117	1426
14	2138	1198
14	2162	1328
14	2182	1296
14	2195	1426
14	2216	1198
14	2240	1328
14	2260	1296
14	2273	1426
14	2294	1198
14	2318	1328
14	2338	1296
14	2351	1426
14	2372	1198
14	2396	1328
14	2416	1296
14	2429	1426
14	2450	1198
14	2474	1328
14	2494	1296
14	2507	1426
14	2528	1198
14	2552	1328
14	2572	1296
14	2585	1426
14	2606	1198
14	2630	1328
14	2650	1296
14	2663	1426
14	2684	1198
14	2708	1328
14	2728	1296
14	2741	1426
14	2762	1198
14	2786	1328
14	2806	1296
14	2819	1426
14	2840	1198
14	2864	1328
14	2884	1296
14	2897	1426
14	2918	1198
14	2942	1328
14	2962	1296
14	2975	1426
14	2996	1198
14	3020	1328
14	3040	1296
14	3053	1426
14	3074	1198
14	3098	1328
14	3118	1296
14	3131	1426
14	3152	1198
14	3176	1328
14	3196	1296
14	3209	1426
14	3230	1198
14	3254	1328
14	3274	1296
14	3287	1426
14	3308	1198
14	3332	1328
14	3352	1296
14	3365	1426
14	3386	1198
14	3410	1328
14	3430	1296
14	3443	1426
14	3464	1198
14	3488	1328
14	3508	1296
14	3521	1426
14	3542	1198
14	3566	1328
14	3586	1296
14	3599	1426
14	3620	1198
14	3644	1328
14	3664	1296
14	3677	1426
14	3698	1198
14	3722	1328
14	3742	1296
14	3755	1426
14	3776	1198
14	3800	1328
14	3820	1296
14	3833	1426
14	3854	1198
14	3878	1328
14	3898	1296
14	3911	1426
14	3932	1198
14	3956	1328
14	3976	1296
14	3989	1426
14	4010	1198
14	4034	1328
14	4054	1296
14	4067	1426
14	4088	1198
14	4112	1328
14	4132	1296
14	4145	1426
14	4166	1198
14	4190	1328
14	4210	1296
14	4223	1426
14	4244	1198
14	4268	1328
14	4288	1296
14	4301	1426
14	4322	1198
14	4346	1328
14	4366	1296
14	4379	1426
14	4400	1198
14	4424	1328
14	4444	1296
14	4457	1426
14	4478	1198
14	4502	1328
14	4522	1296
14	4535	1426
14	4556	1198
14	4580	1328
14	4600	1296
14	4613	1426
14	4634	1198
14	4658	1328
14	4678	1296
14	4691	1426
14	4712	1198
14	4736	1328
14	4756	1296
14	4769	1426
14	4790	1198
14	4814	1328
14	4834	1296
14	4847	1426
14	4868	1198
14	4892	1328
14	4912	1296
14	4925	1426
14	4946	1198
14	4970	1328
14	4990	1296
14	5003	1426
14	5024	1198
14	5048	1328
14	5068	1296
14	5081	1426
14	5102	1198
14	5126	1328
14	5146	1296
14	5159	1426
14	5180	1198
14	5204	1328
14	5224	1296
14	5237	1426
14	5258	1198
14	5282	1328
14	5302	1296
14	5315	1426
14	5336	1198
14	5360	1328
14	5380	1296
14	5393	1426
14	5414	1198
14	5438	1328
14	5458	1296
14	5471	1426
14	5492	1198
14	5516	1328
14	5536	1296
14	5549	1426
14	5570	1198
14	5594	1328
14	5614	1296
14	5627	1426
14	5648	1198
14	5672	1328
14	5692	1296
14	5705	1426
14	5726	1198
14	5750	1328
14	5770	1296
14	5783	1426
14	5804	1198
14	5828	1328
14	5848	1296
14	5861	1426
14	5882	1198
14	5906	1328
14	5926	1296
14	5939	1426
14	5960	1198
14	5984	1328
14	6004	1296
14	6017	1426
14	6038	1198
14	6062	1328
14	6082	1296
15	32	1198
15	41	1230
15	56	1328
15	76	1260
15	77	1296
15	110	1198
15	119	1230
15	134	1328
15	154	1260
15	155	1296
15	188	1198
15	197	1230
15	212	1328
15	232	1260
15	233	1296
15	266	1198
15	275	1230
15	290	1328
15	310	1260
15	311	1296
15	344	1198
15	353	1230
15	368	1328
15	388	1260
15	389	1296
15	422	1198
15	431	1230
15	446	1328
15	466	1260
15	467	1296
15	500	1198
15	509	1230
15	524	1328
15	544	1260
15	545	1296
15	578	1198
15	587	1230
15	602	1328
15	622	1260
15	623	1296
15	656	1198
15	665	1230
15	680	1328
15	700	1260
15	701	1296
15	734	1198
15	743	1230
15	758	1328
15	778	1260
15	779	1296
15	812	1198
15	821	1230
15	836	1328
15	856	1260
15	857	1296
15	890	1198
15	899	1230
15	914	1328
15	934	1260
15	935	1296
15	968	1198
15	977	1230
15	992	1328
15	1012	1260
15	1013	1296
15	1046	1198
15	1055	1230
15	1070	1328
15	1090	1260
15	1091	1296
15	1124	1198
15	1133	1230
15	1148	1328
15	1168	1260
15	1169	1296
15	1202	1198
15	1211	1230
15	1226	1328
15	1246	1260
15	1247	1296
15	1280	1198
15	1289	1230
15	1304	1328
15	1324	1260
15	1325	1296
15	1358	1198
15	1367	1230
15	1382	1328
15	1402	1260
15	1403	1296
15	1436	1198
15	1445	1230
15	1460	1328
15	1480	1260
15	1481	1296
15	1514	1198
15	1523	1230
15	1538	1328
15	1558	1260
15	1559	1296
15	1592	1198
15	1601	1230
15	1616	1328
15	1636	1260
15	1637	1296
15	1670	1198
15	1679	1230
15	1694	1328
15	1714	1260
15	1715	1296
15	1748	1198
15	1757	1230
15	1772	1328
15	1792	1260
15	1793	1296
15	1826	1198
15	1835	1230
15	1850	1328
15	1870	1260
15	1871	1296
15	1904	1198
15	1913	1230
15	1928	1328
15	1948	1260
15	1949	1296
15	1982	1198
15	1991	1230
15	2006	1328
15	2026	1260
15	2027	1296
15	2060	1198
15	2069	1230
15	2084	1328
15	2104	1260
15	2105	1296
15	2138	1198
15	2147	1230
15	2162	1328
15	2182	1260
15	2183	1296
15	2216	1198
15	2225	1230
15	2240	1328
15	2260	1260
15	2261	1296
15	2294	1198
15	2303	1230
15	2318	1328
15	2338	1260
15	2339	1296
15	2372	1198
15	2381	1230
15	2396	1328
15	2416	1260
15	2417	1296
15	2450	1198
15	2459	1230
15	2474	1328
15	2494	1260
15	2495	1296
15	2528	1198
15	2537	1230
15	2552	1328
15	2572	1260
15	2573	1296
15	2606	1198
15	2615	1230
15	2630	1328
15	2650	1260
15	2651	1296
15	2684	1198
15	2693	1230
15	2708	1328
15	2728	1260
15	2729	1296
15	2762	1198
15	2771	1230
15	2786	1328
15	2806	1260
15	2807	1296
15	2840	1198
15	2849	1230
15	2864	1328
15	2884	1260
15	2885	1296
15	2918	1198
15	2927	1230
15	2942	1328
15	2962	1260
15	2963	1296
15	2996	1198
15	3005	1230
15	3020	1328
15	3040	1260
15	3041	1296
15	3074	1198
15	3083	1230
15	3098	1328
15	3118	1260
15	3119	1296
15	3152	1198
15	3161	1230
15	3176	1328
15	3196	1260
15	3197	1296
15	3230	1198
15	3239	1230
15	3254	1328
15	3274	1260
15	3275	1296
15	3308	1198
15	3317	1230
15	3332	1328
15	3352	1260
15	3353	1296
15	3386	1198
15	3395	1230
15	3410	1328
15	3430	1260
15	3431	1296
15	3464	1198
15	3473	1230
15	3488	1328
15	3508	1260
15	3509	1296
15	3542	1198
15	3551	1230
15	3566	1328
15	3586	1260
15	3587	1296
15	3620	1198
15	3629	1230
15	3644	1328
15	3664	1260
15	3665	1296
15	3698	1198
15	3707	1230
15	3722	1328
15	3742	1260
15	3743	1296
15	3776	1198
15	3785	1230
15	3800	1328
15	3820	1260
15	3821	1296
15	3854	1198
15	3863	1230
15	3878	1328
15	3898	1260
15	3899	1296
15	3932	1198
15	3941	1230
15	3956	1328
15	3976	1260
15	3977	1296
15	4010	1198
15	4019	1230
15	4034	1328
15	4054	1260
15	4055	1296
15	4088	1198
15	4097	1230
15	4112	1328
15	4132	1260
15	4133	1296
15	4166	1198
15	4175	1230
15	4190	1328
15	4210	1260
15	4211	1296
15	4244	1198
15	4253	1230
15	4268	1328
15	4288	1260
15	4289	1296
15	4322	1198
15	4331	1230
15	4346	1328
15	4366	1260
15	4367	1296
15	4400	1198
15	4409	1230
15	4424	1328
15	4444	1260
15	4445	1296
15	4478	1198
15	4487	1230
15	4502	1328
15	4522	1260
15	4523	1296
15	4556	1198
15	4565	1230
15	4580	1328
15	4600	1260
15	4601	1296
15	4634	1198
15	4643	1230
15	4658	1328
15	4678	1260
15	4679	1296
15	4712	1198
15	4721	1230
15	4736	1328
15	4756	1260
15	4757	1296
15	4790	1198
15	4799	1230
15	4814	1328
15	4834	1260
15	4835	1296
15	4868	1198
15	4877	1230
15	4892	1328
15	4912	1260
15	4913	1296
15	4946	1198
15	4955	1230
15	4970	1328
15	4990	1260
15	4991	1296
15	5024	1198
15	5033	1230
15	5048	1328
15	5068	1260
15	5069	1296
15	5102	1198
15	5111	1230
15	5126	1328
15	5146	1260
15	5147	1296
15	5180	1198
15	5189	1230
15	5204	1328
15	5224	1260
15	5225	1296
15	5258	1198
15	5267	1230
15	5282	1328
15	5302	1260
15	5303	1296
15	5336	1198
15	5345	1230
15	5360	1328
15	5380	1260
15	5381	1296
15	5414	1198
15	5423	1230
15	5438	1328
15	5458	1260
15	5459	1296
15	5492	1198
15	5501	1230
15	5516	1328
15	5536	1260
15	5537	1296
15	5570	1198
15	5579	1230
15	5594	1328
15	5614	1260
15	5615	1296
15	5648	1198
15	5657	1230
15	5672	1328
15	5692	1260
15	5693	1296
15	5726	1198
15	5735	1230
15	5750	1328
15	5770	1260
15	5771	1296
15	5804	1198
15	5813	1230
15	5828	1328
15	5848	1260
15	5849	1296
15	5882	1198
15	5891	1230
15	5906	1328
15	5926	1260
15	5927	1296
15	5960	1198
15	5969	1230
15	5984	1328
15	6004	1260
15	6005	1296
15	6038	1198
15	6047	1230
15	6062	1328
15	6082	1260
15	6083	1296
16	11	1426
16	32	1198
16	56	1328
16	76	1330
16	89	1426
16	110	1198
16	134	1328
16	154	1330
16	167	1426
16	188	1198
16	212	1328
16	232	1330
16	245	1426
16	266	1198
16	290	1328
16	310	1330
16	323	1426
16	344	1198
16	368	1328
16	388	1330
16	401	1426
16	422	1198
16	446	1328
16	466	1330
16	479	1426
16	500	1198
16	524	1328
16	544	1330
16	557	1426
16	578	1198
16	602	1328
16	622	1330
16	635	1426
16	656	1198
16	680	1328
16	700	1330
16	713	1426
16	734	1198
16	758	1328
16	778	1330
16	791	1426
16	812	1198
16	836	1328
16	856	1330
16	869	1426
16	890	1198
16	914	1328
16	934	1330
16	947	1426
16	968	1198
16	992	1328
16	1012	1330
16	1025	1426
16	1046	1198
16	1070	1328
16	1090	1330
16	1103	1426
16	1124	1198
16	1148	1328
16	1168	1330
16	1181	1426
16	1202	1198
16	1226	1328
16	1246	1330
16	1259	1426
16	1280	1198
16	1304	1328
16	1324	1330
16	1337	1426
16	1358	1198
16	1382	1328
16	1402	1330
16	1415	1426
16	1436	1198
16	1460	1328
16	1480	1330
16	1493	1426
16	1514	1198
16	1538	1328
16	1558	1330
16	1571	1426
16	1592	1198
16	1616	1328
16	1636	1330
16	1649	1426
16	1670	1198
16	1694	1328
16	1714	1330
16	1727	1426
16	1748	1198
16	1772	1328
16	1792	1330
16	1805	1426
16	1826	1198
16	1850	1328
16	1870	1330
16	1883	1426
16	1904	1198
16	1928	1328
16	1948	1330
16	1961	1426
16	1982	1198
16	2006	1328
16	2026	1330
16	2039	1426
16	2060	1198
16	2084	1328
16	2104	1330
16	2117	1426
16	2138	1198
16	2162	1328
16	2182	1330
16	2195	1426
16	2216	1198
16	2240	1328
16	2260	1330
16	2273	1426
16	2294	1198
16	2318	1328
16	2338	1330
16	2351	1426
16	2372	1198
16	2396	1328
16	2416	1330
16	2429	1426
16	2450	1198
16	2474	1328
16	2494	1330
16	2507	1426
16	2528	1198
16	2552	1328
16	2572	1330
16	2585	1426
16	2606	1198
16	2630	1328
16	2650	1330
16	2663	1426
16	2684	1198
16	2708	1328
16	2728	1330
16	2741	1426
16	2762	1198
16	2786	1328
16	2806	1330
16	2819	1426
16	2840	1198
16	2864	1328
16	2884	1330
16	2897	1426
16	2918	1198
16	2942	1328
16	2962	1330
16	2975	1426
16	2996	1198
16	3020	1328
16	3040	1330
16	3053	1426
16	3074	1198
16	3098	1328
16	3118	1330
16	3131	1426
16	3152	1198
16	3176	1328
16	3196	1330
16	3209	1426
16	3230	1198
16	3254	1328
16	3274	1330
16	3287	1426
16	3308	1198
16	3332	1328
16	3352	1330
16	3365	1426
16	3386	1198
16	3410	1328
16	3430	1330
16	3443	1426
16	3464	1198
16	3488	1328
16	3508	1330
16	3521	1426
16	3542	1198
16	3566	1328
16	3586	1330
16	3599	1426
16	3620	1198
16	3644	1328
16	3664	1330
16	3677	1426
16	3698	1198
16	3722	1328
16	3742	1330
16	3755	1426
16	3776	1198
16	3800	1328
16	3820	1330
16	3833	1426
16	3854	1198
16	3878	1328
16	3898	1330
16	3911	1426
16	3932	1198
16	3956	1328
16	3976	1330
16	3989	1426
16	4010	1198
16	4034	1328
16	4054	1330
16	4067	1426
16	4088	1198
16	4112	1328
16	4132	1330
16	4145	1426
16	4166	1198
16	4190	1328
16	4210	1330
16	4223	1426
16	4244	1198
16	4268	1328
16	4288	1330
16	4301	1426
16	4322	1198
16	4346	1328
16	4366	1330
16	4379	1426
16	4400	1198
16	4424	1328
16	4444	1330
16	4457	1426
16	4478	1198
16	4502	1328
16	4522	1330
16	4535	1426
16	4556	1198
16	4580	1328
16	4600	1330
16	4613	1426
16	4634	1198
16	4658	1328
16	4678	1330
16	4691	1426
16	4712	1198
16	4736	1328
16	4756	1330
16	4769	1426
16	4790	1198
16	4814	1328
16	4834	1330
16	4847	1426
16	4868	1198
16	4892	1328
16	4912	1330
16	4925	1426
16	4946	1198
16	4970	1328
16	4990	1330
16	5003	1426
16	5024	1198
16	5048	1328
16	5068	1330
16	5081	1426
16	5102	1198
16	5126	1328
16	5146	1330
16	5159	1426
16	5180	1198
16	5204	1328
16	5224	1330
16	5237	1426
16	5258	1198
16	5282	1328
16	5302	1330
16	5315	1426
16	5336	1198
16	5360	1328
16	5380	1330
16	5393	1426
16	5414	1198
16	5438	1328
16	5458	1330
16	5471	1426
16	5492	1198
16	5516	1328
16	5536	1330
16	5549	1426
16	5570	1198
16	5594	1328
16	5614	1330
16	5627	1426
16	5648	1198
16	5672	1328
16	5692	1330
16	5705	1426
16	5726	1198
16	5750	1328
16	5770	1330
16	5783	1426
16	5804	1198
16	5828	1328
16	5848	1330
16	5861	1426
16	5882	1198
16	5906	1328
16	5926	1330
16	5939	1426
16	5960	1198
16	5984	1328
16	6004	1330
16	6017	1426
16	6038	1198
16	6062	1328
16	6082	1330
17	11	1426
17	32	1198
17	41	1230
17	56	1328
17	77	1296
17	89	1426
17	110	1198
17	119	1230
17	134	1328
17	155	1296
17	167	1426
17	188	1198
17	197	1230
17	212	1328
17	233	1296
17	245	1426
17	266	1198
17	275	1230
17	290	1328
17	311	1296
17	323	1426
17	344	1198
17	353	1230
17	368	1328
17	389	1296
17	401	1426
17	422	1198
17	431	1230
17	446	1328
17	467	1296
17	479	1426
17	500	1198
17	509	1230
17	524	1328
17	545	1296
17	557	1426
17	578	1198
17	587	1230
17	602	1328
17	623	1296
17	635	1426
17	656	1198
17	665	1230
17	680	1328
17	701	1296
17	713	1426
17	734	1198
17	743	1230
17	758	1328
17	779	1296
17	791	1426
17	812	1198
17	821	1230
17	836	1328
17	857	1296
17	869	1426
17	890	1198
17	899	1230
17	914	1328
17	935	1296
17	947	1426
17	968	1198
17	977	1230
17	992	1328
17	1013	1296
17	1025	1426
17	1046	1198
17	1055	1230
17	1070	1328
17	1091	1296
17	1103	1426
17	1124	1198
17	1133	1230
17	1148	1328
17	1169	1296
17	1181	1426
17	1202	1198
17	1211	1230
17	1226	1328
17	1247	1296
17	1259	1426
17	1280	1198
17	1289	1230
17	1304	1328
17	1325	1296
17	1337	1426
17	1358	1198
17	1367	1230
17	1382	1328
17	1403	1296
17	1415	1426
17	1436	1198
17	1445	1230
17	1460	1328
17	1481	1296
17	1493	1426
17	1514	1198
17	1523	1230
17	1538	1328
17	1559	1296
17	1571	1426
17	1592	1198
17	1601	1230
17	1616	1328
17	1637	1296
17	1649	1426
17	1670	1198
17	1679	1230
17	1694	1328
17	1715	1296
17	1727	1426
17	1748	1198
17	1757	1230
17	1772	1328
17	1793	1296
17	1805	1426
17	1826	1198
17	1835	1230
17	1850	1328
17	1871	1296
17	1883	1426
17	1904	1198
17	1913	1230
17	1928	1328
17	1949	1296
17	1961	1426
17	1982	1198
17	1991	1230
17	2006	1328
17	2027	1296
17	2039	1426
17	2060	1198
17	2069	1230
17	2084	1328
17	2105	1296
17	2117	1426
17	2138	1198
17	2147	1230
17	2162	1328
17	2183	1296
17	2195	1426
17	2216	1198
17	2225	1230
17	2240	1328
17	2261	1296
17	2273	1426
17	2294	1198
17	2303	1230
17	2318	1328
17	2339	1296
17	2351	1426
17	2372	1198
17	2381	1230
17	2396	1328
17	2417	1296
17	2429	1426
17	2450	1198
17	2459	1230
17	2474	1328
17	2495	1296
17	2507	1426
17	2528	1198
17	2537	1230
17	2552	1328
17	2573	1296
17	2585	1426
17	2606	1198
17	2615	1230
17	2630	1328
17	2651	1296
17	2663	1426
17	2684	1198
17	2693	1230
17	2708	1328
17	2729	1296
17	2741	1426
17	2762	1198
17	2771	1230
17	2786	1328
17	2807	1296
17	2819	1426
17	2840	1198
17	2849	1230
17	2864	1328
17	2885	1296
17	2897	1426
17	2918	1198
17	2927	1230
17	2942	1328
17	2963	1296
17	2975	1426
17	2996	1198
17	3005	1230
17	3020	1328
17	3041	1296
17	3053	1426
17	3074	1198
17	3083	1230
17	3098	1328
17	3119	1296
17	3131	1426
17	3152	1198
17	3161	1230
17	3176	1328
17	3197	1296
17	3209	1426
17	3230	1198
17	3239	1230
17	3254	1328
17	3275	1296
17	3287	1426
17	3308	1198
17	3317	1230
17	3332	1328
17	3353	1296
17	3365	1426
17	3386	1198
17	3395	1230
17	3410	1328
17	3431	1296
17	3443	1426
17	3464	1198
17	3473	1230
17	3488	1328
17	3509	1296
17	3521	1426
17	3542	1198
17	3551	1230
17	3566	1328
17	3587	1296
17	3599	1426
17	3620	1198
17	3629	1230
17	3644	1328
17	3665	1296
17	3677	1426
17	3698	1198
17	3707	1230
17	3722	1328
17	3743	1296
17	3755	1426
17	3776	1198
17	3785	1230
17	3800	1328
17	3821	1296
17	3833	1426
17	3854	1198
17	3863	1230
17	3878	1328
17	3899	1296
17	3911	1426
17	3932	1198
17	3941	1230
17	3956	1328
17	3977	1296
17	3989	1426
17	4010	1198
17	4019	1230
17	4034	1328
17	4055	1296
17	4067	1426
17	4088	1198
17	4097	1230
17	4112	1328
17	4133	1296
17	4145	1426
17	4166	1198
17	4175	1230
17	4190	1328
17	4211	1296
17	4223	1426
17	4244	1198
17	4253	1230
17	4268	1328
17	4289	1296
17	4301	1426
17	4322	1198
17	4331	1230
17	4346	1328
17	4367	1296
17	4379	1426
17	4400	1198
17	4409	1230
17	4424	1328
17	4445	1296
17	4457	1426
17	4478	1198
17	4487	1230
17	4502	1328
17	4523	1296
17	4535	1426
17	4556	1198
17	4565	1230
17	4580	1328
17	4601	1296
17	4613	1426
17	4634	1198
17	4643	1230
17	4658	1328
17	4679	1296
17	4691	1426
17	4712	1198
17	4721	1230
17	4736	1328
17	4757	1296
17	4769	1426
17	4790	1198
17	4799	1230
17	4814	1328
17	4835	1296
17	4847	1426
17	4868	1198
17	4877	1230
17	4892	1328
17	4913	1296
17	4925	1426
17	4946	1198
17	4955	1230
17	4970	1328
17	4991	1296
17	5003	1426
17	5024	1198
17	5033	1230
17	5048	1328
17	5069	1296
17	5081	1426
17	5102	1198
17	5111	1230
17	5126	1328
17	5147	1296
17	5159	1426
17	5180	1198
17	5189	1230
17	5204	1328
17	5225	1296
17	5237	1426
17	5258	1198
17	5267	1230
17	5282	1328
17	5303	1296
17	5315	1426
17	5336	1198
17	5345	1230
17	5360	1328
17	5381	1296
17	5393	1426
17	5414	1198
17	5423	1230
17	5438	1328
17	5459	1296
17	5471	1426
17	5492	1198
17	5501	1230
17	5516	1328
17	5537	1296
17	5549	1426
17	5570	1198
17	5579	1230
17	5594	1328
17	5615	1296
17	5627	1426
17	5648	1198
17	5657	1230
17	5672	1328
17	5693	1296
17	5705	1426
17	5726	1198
17	5735	1230
17	5750	1328
17	5771	1296
17	5783	1426
17	5804	1198
17	5813	1230
17	5828	1328
17	5849	1296
17	5861	1426
17	5882	1198
17	5891	1230
17	5906	1328
17	5927	1296
17	5939	1426
17	5960	1198
17	5969	1230
17	5984	1328
17	6005	1296
17	6017	1426
17	6038	1198
17	6047	1230
17	6062	1328
17	6083	1296
18	11	1426
18	32	1198
18	56	1328
18	89	1426
18	110	1198
18	134	1328
18	167	1426
18	188	1198
18	212	1328
18	245	1426
18	266	1198
18	290	1328
18	323	1426
18	344	1198
18	368	1328
18	401	1426
18	422	1198
18	446	1328
18	479	1426
18	500	1198
18	524	1328
18	557	1426
18	578	1198
18	602	1328
18	635	1426
18	656	1198
18	680	1328
18	713	1426
18	734	1198
18	758	1328
18	791	1426
18	812	1198
18	836	1328
18	869	1426
18	890	1198
18	914	1328
18	947	1426
18	968	1198
18	992	1328
18	1025	1426
18	1046	1198
18	1070	1328
18	1103	1426
18	1124	1198
18	1148	1328
18	1181	1426
18	1202	1198
18	1226	1328
18	1259	1426
18	1280	1198
18	1304	1328
18	1337	1426
18	1358	1198
18	1382	1328
18	1415	1426
18	1436	1198
18	1460	1328
18	1493	1426
18	1514	1198
18	1538	1328
18	1571	1426
18	1592	1198
18	1616	1328
18	1649	1426
18	1670	1198
18	1694	1328
18	1727	1426
18	1748	1198
18	1772	1328
18	1805	1426
18	1826	1198
18	1850	1328
18	1883	1426
18	1904	1198
18	1928	1328
18	1961	1426
18	1982	1198
18	2006	1328
18	2039	1426
18	2060	1198
18	2084	1328
18	2117	1426
18	2138	1198
18	2162	1328
18	2195	1426
18	2216	1198
18	2240	1328
18	2273	1426
18	2294	1198
18	2318	1328
18	2351	1426
18	2372	1198
18	2396	1328
18	2429	1426
18	2450	1198
18	2474	1328
18	2507	1426
18	2528	1198
18	2552	1328
18	2585	1426
18	2606	1198
18	2630	1328
18	2663	1426
18	2684	1198
18	2708	1328
18	2741	1426
18	2762	1198
18	2786	1328
18	2819	1426
18	2840	1198
18	2864	1328
18	2897	1426
18	2918	1198
18	2942	1328
18	2975	1426
18	2996	1198
18	3020	1328
18	3053	1426
18	3074	1198
18	3098	1328
18	3131	1426
18	3152	1198
18	3176	1328
18	3209	1426
18	3230	1198
18	3254	1328
18	3287	1426
18	3308	1198
18	3332	1328
18	3365	1426
18	3386	1198
18	3410	1328
18	3443	1426
18	3464	1198
18	3488	1328
18	3521	1426
18	3542	1198
18	3566	1328
18	3599	1426
18	3620	1198
18	3644	1328
18	3677	1426
18	3698	1198
18	3722	1328
18	3755	1426
18	3776	1198
18	3800	1328
18	3833	1426
18	3854	1198
18	3878	1328
18	3911	1426
18	3932	1198
18	3956	1328
18	3989	1426
18	4010	1198
18	4034	1328
18	4067	1426
18	4088	1198
18	4112	1328
18	4145	1426
18	4166	1198
18	4190	1328
18	4223	1426
18	4244	1198
18	4268	1328
18	4301	1426
18	4322	1198
18	4346	1328
18	4379	1426
18	4400	1198
18	4424	1328
18	4457	1426
18	4478	1198
18	4502	1328
18	4535	1426
18	4556	1198
18	4580	1328
18	4613	1426
18	4634	1198
18	4658	1328
18	4691	1426
18	4712	1198
18	4736	1328
18	4769	1426
18	4790	1198
18	4814	1328
18	4847	1426
18	4868	1198
18	4892	1328
18	4925	1426
18	4946	1198
18	4970	1328
18	5003	1426
18	5024	1198
18	5048	1328
18	5081	1426
18	5102	1198
18	5126	1328
18	5159	1426
18	5180	1198
18	5204	1328
18	5237	1426
18	5258	1198
18	5282	1328
18	5315	1426
18	5336	1198
18	5360	1328
18	5393	1426
18	5414	1198
18	5438	1328
18	5471	1426
18	5492	1198
18	5516	1328
18	5549	1426
18	5570	1198
18	5594	1328
18	5627	1426
18	5648	1198
18	5672	1328
18	5705	1426
18	5726	1198
18	5750	1328
18	5783	1426
18	5804	1198
18	5828	1328
18	5861	1426
18	5882	1198
18	5906	1328
18	5939	1426
18	5960	1198
18	5984	1328
18	6017	1426
18	6038	1198
18	6062	1328
19	11	1426
19	32	1198
19	56	1328
19	77	1296
19	89	1426
19	110	1198
19	134	1328
19	155	1296
19	167	1426
19	188	1198
19	212	1328
19	233	1296
19	245	1426
19	266	1198
19	290	1328
19	311	1296
19	323	1426
19	344	1198
19	368	1328
19	389	1296
19	401	1426
19	422	1198
19	446	1328
19	467	1296
19	479	1426
19	500	1198
19	524	1328
19	545	1296
19	557	1426
19	578	1198
19	602	1328
19	623	1296
19	635	1426
19	656	1198
19	680	1328
19	701	1296
19	713	1426
19	734	1198
19	758	1328
19	779	1296
19	791	1426
19	812	1198
19	836	1328
19	857	1296
19	869	1426
19	890	1198
19	914	1328
19	935	1296
19	947	1426
19	968	1198
19	992	1328
19	1013	1296
19	1025	1426
19	1046	1198
19	1070	1328
19	1091	1296
19	1103	1426
19	1124	1198
19	1148	1328
19	1169	1296
19	1181	1426
19	1202	1198
19	1226	1328
19	1247	1296
19	1259	1426
19	1280	1198
19	1304	1328
19	1325	1296
19	1337	1426
19	1358	1198
19	1382	1328
19	1403	1296
19	1415	1426
19	1436	1198
19	1460	1328
19	1481	1296
19	1493	1426
19	1514	1198
19	1538	1328
19	1559	1296
19	1571	1426
19	1592	1198
19	1616	1328
19	1637	1296
19	1649	1426
19	1670	1198
19	1694	1328
19	1715	1296
19	1727	1426
19	1748	1198
19	1772	1328
19	1793	1296
19	1805	1426
19	1826	1198
19	1850	1328
19	1871	1296
19	1883	1426
19	1904	1198
19	1928	1328
19	1949	1296
19	1961	1426
19	1982	1198
19	2006	1328
19	2027	1296
19	2039	1426
19	2060	1198
19	2084	1328
19	2105	1296
19	2117	1426
19	2138	1198
19	2162	1328
19	2183	1296
19	2195	1426
19	2216	1198
19	2240	1328
19	2261	1296
19	2273	1426
19	2294	1198
19	2318	1328
19	2339	1296
19	2351	1426
19	2372	1198
19	2396	1328
19	2417	1296
19	2429	1426
19	2450	1198
19	2474	1328
19	2495	1296
19	2507	1426
19	2528	1198
19	2552	1328
19	2573	1296
19	2585	1426
19	2606	1198
19	2630	1328
19	2651	1296
19	2663	1426
19	2684	1198
19	2708	1328
19	2729	1296
19	2741	1426
19	2762	1198
19	2786	1328
19	2807	1296
19	2819	1426
19	2840	1198
19	2864	1328
19	2885	1296
19	2897	1426
19	2918	1198
19	2942	1328
19	2963	1296
19	2975	1426
19	2996	1198
19	3020	1328
19	3041	1296
19	3053	1426
19	3074	1198
19	3098	1328
19	3119	1296
19	3131	1426
19	3152	1198
19	3176	1328
19	3197	1296
19	3209	1426
19	3230	1198
19	3254	1328
19	3275	1296
19	3287	1426
19	3308	1198
19	3332	1328
19	3353	1296
19	3365	1426
19	3386	1198
19	3410	1328
19	3431	1296
19	3443	1426
19	3464	1198
19	3488	1328
19	3509	1296
19	3521	1426
19	3542	1198
19	3566	1328
19	3587	1296
19	3599	1426
19	3620	1198
19	3644	1328
19	3665	1296
19	3677	1426
19	3698	1198
19	3722	1328
19	3743	1296
19	3755	1426
19	3776	1198
19	3800	1328
19	3821	1296
19	3833	1426
19	3854	1198
19	3878	1328
19	3899	1296
19	3911	1426
19	3932	1198
19	3956	1328
19	3977	1296
19	3989	1426
19	4010	1198
19	4034	1328
19	4055	1296
19	4067	1426
19	4088	1198
19	4112	1328
19	4133	1296
19	4145	1426
19	4166	1198
19	4190	1328
19	4211	1296
19	4223	1426
19	4244	1198
19	4268	1328
19	4289	1296
19	4301	1426
19	4322	1198
19	4346	1328
19	4367	1296
19	4379	1426
19	4400	1198
19	4424	1328
19	4445	1296
19	4457	1426
19	4478	1198
19	4502	1328
19	4523	1296
19	4535	1426
19	4556	1198
19	4580	1328
19	4601	1296
19	4613	1426
19	4634	1198
19	4658	1328
19	4679	1296
19	4691	1426
19	4712	1198
19	4736	1328
19	4757	1296
19	4769	1426
19	4790	1198
19	4814	1328
19	4835	1296
19	4847	1426
19	4868	1198
19	4892	1328
19	4913	1296
19	4925	1426
19	4946	1198
19	4970	1328
19	4991	1296
19	5003	1426
19	5024	1198
19	5048	1328
19	5069	1296
19	5081	1426
19	5102	1198
19	5126	1328
19	5147	1296
19	5159	1426
19	5180	1198
19	5204	1328
19	5225	1296
19	5237	1426
19	5258	1198
19	5282	1328
19	5303	1296
19	5315	1426
19	5336	1198
19	5360	1328
19	5381	1296
19	5393	1426
19	5414	1198
19	5438	1328
19	5459	1296
19	5471	1426
19	5492	1198
19	5516	1328
19	5537	1296
19	5549	1426
19	5570	1198
19	5594	1328
19	5615	1296
19	5627	1426
19	5648	1198
19	5672	1328
19	5693	1296
19	5705	1426
19	5726	1198
19	5750	1328
19	5771	1296
19	5783	1426
19	5804	1198
19	5828	1328
19	5849	1296
19	5861	1426
19	5882	1198
19	5906	1328
19	5927	1296
19	5939	1426
19	5960	1198
19	5984	1328
19	6005	1296
19	6017	1426
19	6038	1198
19	6062	1328
19	6083	1296
20	32	1338
20	41	1328
20	49	1386
20	67	1376
20	76	1206
20	110	1338
20	119	1328
20	127	1386
20	145	1376
20	154	1206
20	188	1338
20	197	1328
20	205	1386
20	223	1376
20	232	1206
20	266	1338
20	275	1328
20	283	1386
20	301	1376
20	310	1206
20	344	1338
20	353	1328
20	361	1386
20	379	1376
20	388	1206
20	422	1338
20	431	1328
20	439	1386
20	457	1376
20	466	1206
20	500	1338
20	509	1328
20	517	1386
20	535	1376
20	544	1206
20	578	1338
20	587	1328
20	595	1386
20	613	1376
20	622	1206
20	656	1338
20	665	1328
20	673	1386
20	691	1376
20	700	1206
20	734	1338
20	743	1328
20	751	1386
20	769	1376
20	778	1206
20	812	1338
20	821	1328
20	829	1386
20	847	1376
20	856	1206
20	890	1338
20	899	1328
20	907	1386
20	925	1376
20	934	1206
20	968	1338
20	977	1328
20	985	1386
20	1003	1376
20	1012	1206
20	1046	1338
20	1055	1328
20	1063	1386
20	1081	1376
20	1090	1206
20	1124	1338
20	1133	1328
20	1141	1386
20	1159	1376
20	1168	1206
20	1202	1338
20	1211	1328
20	1219	1386
20	1237	1376
20	1246	1206
20	1280	1338
20	1289	1328
20	1297	1386
20	1315	1376
20	1324	1206
20	1358	1338
20	1367	1328
20	1375	1386
20	1393	1376
20	1402	1206
20	1436	1338
20	1445	1328
20	1453	1386
20	1471	1376
20	1480	1206
20	1514	1338
20	1523	1328
20	1531	1386
20	1549	1376
20	1558	1206
20	1592	1338
20	1601	1328
20	1609	1386
20	1627	1376
20	1636	1206
20	1670	1338
20	1679	1328
20	1687	1386
20	1705	1376
20	1714	1206
20	1748	1338
20	1757	1328
20	1765	1386
20	1783	1376
20	1792	1206
20	1826	1338
20	1835	1328
20	1843	1386
20	1861	1376
20	1870	1206
20	1904	1338
20	1913	1328
20	1921	1386
20	1939	1376
20	1948	1206
20	1982	1338
20	1991	1328
20	1999	1386
20	2017	1376
20	2026	1206
20	2060	1338
20	2069	1328
20	2077	1386
20	2095	1376
20	2104	1206
20	2138	1338
20	2147	1328
20	2155	1386
20	2173	1376
20	2182	1206
20	2216	1338
20	2225	1328
20	2233	1386
20	2251	1376
20	2260	1206
20	2294	1338
20	2303	1328
20	2311	1386
20	2329	1376
20	2338	1206
20	2372	1338
20	2381	1328
20	2389	1386
20	2407	1376
20	2416	1206
20	2450	1338
20	2459	1328
20	2467	1386
20	2485	1376
20	2494	1206
20	2528	1338
20	2537	1328
20	2545	1386
20	2563	1376
20	2572	1206
20	2606	1338
20	2615	1328
20	2623	1386
20	2641	1376
20	2650	1206
20	2684	1338
20	2693	1328
20	2701	1386
20	2719	1376
20	2728	1206
20	2762	1338
20	2771	1328
20	2779	1386
20	2797	1376
20	2806	1206
20	2840	1338
20	2849	1328
20	2857	1386
20	2875	1376
20	2884	1206
20	2918	1338
20	2927	1328
20	2935	1386
20	2953	1376
20	2962	1206
20	2996	1338
20	3005	1328
20	3013	1386
20	3031	1376
20	3040	1206
20	3074	1338
20	3083	1328
20	3091	1386
20	3109	1376
20	3118	1206
20	3152	1338
20	3161	1328
20	3169	1386
20	3187	1376
20	3196	1206
20	3230	1338
20	3239	1328
20	3247	1386
20	3265	1376
20	3274	1206
20	3308	1338
20	3317	1328
20	3325	1386
20	3343	1376
20	3352	1206
20	3386	1338
20	3395	1328
20	3403	1386
20	3421	1376
20	3430	1206
20	3464	1338
20	3473	1328
20	3481	1386
20	3499	1376
20	3508	1206
20	3542	1338
20	3551	1328
20	3559	1386
20	3577	1376
20	3586	1206
20	3620	1338
20	3629	1328
20	3637	1386
20	3655	1376
20	3664	1206
20	3698	1338
20	3707	1328
20	3715	1386
20	3733	1376
20	3742	1206
20	3776	1338
20	3785	1328
20	3793	1386
20	3811	1376
20	3820	1206
20	3854	1338
20	3863	1328
20	3871	1386
20	3889	1376
20	3898	1206
20	3932	1338
20	3941	1328
20	3949	1386
20	3967	1376
20	3976	1206
20	4010	1338
20	4019	1328
20	4027	1386
20	4045	1376
20	4054	1206
20	4088	1338
20	4097	1328
20	4105	1386
20	4123	1376
20	4132	1206
20	4166	1338
20	4175	1328
20	4183	1386
20	4201	1376
20	4210	1206
20	4244	1338
20	4253	1328
20	4261	1386
20	4279	1376
20	4288	1206
20	4322	1338
20	4331	1328
20	4339	1386
20	4357	1376
20	4366	1206
20	4400	1338
20	4409	1328
20	4417	1386
20	4435	1376
20	4444	1206
20	4478	1338
20	4487	1328
20	4495	1386
20	4513	1376
20	4522	1206
20	4556	1338
20	4565	1328
20	4573	1386
20	4591	1376
20	4600	1206
20	4634	1338
20	4643	1328
20	4651	1386
20	4669	1376
20	4678	1206
20	4712	1338
20	4721	1328
20	4729	1386
20	4747	1376
20	4756	1206
20	4790	1338
20	4799	1328
20	4807	1386
20	4825	1376
20	4834	1206
20	4868	1338
20	4877	1328
20	4885	1386
20	4903	1376
20	4912	1206
20	4946	1338
20	4955	1328
20	4963	1386
20	4981	1376
20	4990	1206
20	5024	1338
20	5033	1328
20	5041	1386
20	5059	1376
20	5068	1206
20	5102	1338
20	5111	1328
20	5119	1386
20	5137	1376
20	5146	1206
20	5180	1338
20	5189	1328
20	5197	1386
20	5215	1376
20	5224	1206
20	5258	1338
20	5267	1328
20	5275	1386
20	5293	1376
20	5302	1206
20	5336	1338
20	5345	1328
20	5353	1386
20	5371	1376
20	5380	1206
20	5414	1338
20	5423	1328
20	5431	1386
20	5449	1376
20	5458	1206
20	5492	1338
20	5501	1328
20	5509	1386
20	5527	1376
20	5536	1206
20	5570	1338
20	5579	1328
20	5587	1386
20	5605	1376
20	5614	1206
20	5648	1338
20	5657	1328
20	5665	1386
20	5683	1376
20	5692	1206
20	5726	1338
20	5735	1328
20	5743	1386
20	5761	1376
20	5770	1206
20	5804	1338
20	5813	1328
20	5821	1386
20	5839	1376
20	5848	1206
20	5882	1338
20	5891	1328
20	5899	1386
20	5917	1376
20	5926	1206
20	5960	1338
20	5969	1328
20	5977	1386
20	5995	1376
20	6004	1206
20	6038	1338
20	6047	1328
20	6055	1386
20	6073	1376
20	6082	1206
21	32	1338
21	67	1368
21	71	1340
21	74	1198
21	77	1282
21	110	1338
21	145	1368
21	149	1340
21	152	1198
21	155	1282
21	188	1338
21	223	1368
21	227	1340
21	230	1198
21	233	1282
21	266	1338
21	301	1368
21	305	1340
21	308	1198
21	311	1282
21	344	1338
21	379	1368
21	383	1340
21	386	1198
21	389	1282
21	422	1338
21	457	1368
21	461	1340
21	464	1198
21	467	1282
21	500	1338
21	535	1368
21	539	1340
21	542	1198
21	545	1282
21	578	1338
21	613	1368
21	617	1340
21	620	1198
21	623	1282
21	656	1338
21	691	1368
21	695	1340
21	698	1198
21	701	1282
21	734	1338
21	769	1368
21	773	1340
21	776	1198
21	779	1282
21	812	1338
21	847	1368
21	851	1340
21	854	1198
21	857	1282
21	890	1338
21	925	1368
21	929	1340
21	932	1198
21	935	1282
21	968	1338
21	1003	1368
21	1007	1340
21	1010	1198
21	1013	1282
21	1046	1338
21	1081	1368
21	1085	1340
21	1088	1198
21	1091	1282
21	1124	1338
21	1159	1368
21	1163	1340
21	1166	1198
21	1169	1282
21	1202	1338
21	1237	1368
21	1241	1340
21	1244	1198
21	1247	1282
21	1280	1338
21	1315	1368
21	1319	1340
21	1322	1198
21	1325	1282
21	1358	1338
21	1393	1368
21	1397	1340
21	1400	1198
21	1403	1282
21	1436	1338
21	1471	1368
21	1475	1340
21	1478	1198
21	1481	1282
21	1514	1338
21	1549	1368
21	1553	1340
21	1556	1198
21	1559	1282
21	1592	1338
21	1627	1368
21	1631	1340
21	1634	1198
21	1637	1282
21	1670	1338
21	1705	1368
21	1709	1340
21	1712	1198
21	1715	1282
21	1748	1338
21	1783	1368
21	1787	1340
21	1790	1198
21	1793	1282
21	1826	1338
21	1861	1368
21	1865	1340
21	1868	1198
21	1871	1282
21	1904	1338
21	1939	1368
21	1943	1340
21	1946	1198
21	1949	1282
21	1982	1338
21	2017	1368
21	2021	1340
21	2024	1198
21	2027	1282
21	2060	1338
21	2095	1368
21	2099	1340
21	2102	1198
21	2105	1282
21	2138	1338
21	2173	1368
21	2177	1340
21	2180	1198
21	2183	1282
21	2216	1338
21	2251	1368
21	2255	1340
21	2258	1198
21	2261	1282
21	2294	1338
21	2329	1368
21	2333	1340
21	2336	1198
21	2339	1282
21	2372	1338
21	2407	1368
21	2411	1340
21	2414	1198
21	2417	1282
21	2450	1338
21	2485	1368
21	2489	1340
21	2492	1198
21	2495	1282
21	2528	1338
21	2563	1368
21	2567	1340
21	2570	1198
21	2573	1282
21	2606	1338
21	2641	1368
21	2645	1340
21	2648	1198
21	2651	1282
21	2684	1338
21	2719	1368
21	2723	1340
21	2726	1198
21	2729	1282
21	2762	1338
21	2797	1368
21	2801	1340
21	2804	1198
21	2807	1282
21	2840	1338
21	2875	1368
21	2879	1340
21	2882	1198
21	2885	1282
21	2918	1338
21	2953	1368
21	2957	1340
21	2960	1198
21	2963	1282
21	2996	1338
21	3031	1368
21	3035	1340
21	3038	1198
21	3041	1282
21	3074	1338
21	3109	1368
21	3113	1340
21	3116	1198
21	3119	1282
21	3152	1338
21	3187	1368
21	3191	1340
21	3194	1198
21	3197	1282
21	3230	1338
21	3265	1368
21	3269	1340
21	3272	1198
21	3275	1282
21	3308	1338
21	3343	1368
21	3347	1340
21	3350	1198
21	3353	1282
21	3386	1338
21	3421	1368
21	3425	1340
21	3428	1198
21	3431	1282
21	3464	1338
21	3499	1368
21	3503	1340
21	3506	1198
21	3509	1282
21	3542	1338
21	3577	1368
21	3581	1340
21	3584	1198
21	3587	1282
21	3620	1338
21	3655	1368
21	3659	1340
21	3662	1198
21	3665	1282
21	3698	1338
21	3733	1368
21	3737	1340
21	3740	1198
21	3743	1282
21	3776	1338
21	3811	1368
21	3815	1340
21	3818	1198
21	3821	1282
21	3854	1338
21	3889	1368
21	3893	1340
21	3896	1198
21	3899	1282
21	3932	1338
21	3967	1368
21	3971	1340
21	3974	1198
21	3977	1282
21	4010	1338
21	4045	1368
21	4049	1340
21	4052	1198
21	4055	1282
21	4088	1338
21	4123	1368
21	4127	1340
21	4130	1198
21	4133	1282
21	4166	1338
21	4201	1368
21	4205	1340
21	4208	1198
21	4211	1282
21	4244	1338
21	4279	1368
21	4283	1340
21	4286	1198
21	4289	1282
21	4322	1338
21	4357	1368
21	4361	1340
21	4364	1198
21	4367	1282
21	4400	1338
21	4435	1368
21	4439	1340
21	4442	1198
21	4445	1282
21	4478	1338
21	4513	1368
21	4517	1340
21	4520	1198
21	4523	1282
21	4556	1338
21	4591	1368
21	4595	1340
21	4598	1198
21	4601	1282
21	4634	1338
21	4669	1368
21	4673	1340
21	4676	1198
21	4679	1282
21	4712	1338
21	4747	1368
21	4751	1340
21	4754	1198
21	4757	1282
21	4790	1338
21	4825	1368
21	4829	1340
21	4832	1198
21	4835	1282
21	4868	1338
21	4903	1368
21	4907	1340
21	4910	1198
21	4913	1282
21	4946	1338
21	4981	1368
21	4985	1340
21	4988	1198
21	4991	1282
21	5024	1338
21	5059	1368
21	5063	1340
21	5066	1198
21	5069	1282
21	5102	1338
21	5137	1368
21	5141	1340
21	5144	1198
21	5147	1282
21	5180	1338
21	5215	1368
21	5219	1340
21	5222	1198
21	5225	1282
21	5258	1338
21	5293	1368
21	5297	1340
21	5300	1198
21	5303	1282
21	5336	1338
21	5371	1368
21	5375	1340
21	5378	1198
21	5381	1282
21	5414	1338
21	5449	1368
21	5453	1340
21	5456	1198
21	5459	1282
21	5492	1338
21	5527	1368
21	5531	1340
21	5534	1198
21	5537	1282
21	5570	1338
21	5605	1368
21	5609	1340
21	5612	1198
21	5615	1282
21	5648	1338
21	5683	1368
21	5687	1340
21	5690	1198
21	5693	1282
21	5726	1338
21	5761	1368
21	5765	1340
21	5768	1198
21	5771	1282
21	5804	1338
21	5839	1368
21	5843	1340
21	5846	1198
21	5849	1282
21	5882	1338
21	5917	1368
21	5921	1340
21	5924	1198
21	5927	1282
21	5960	1338
21	5995	1368
21	5999	1340
21	6002	1198
21	6005	1282
21	6038	1338
21	6073	1368
21	6077	1340
21	6080	1198
21	6083	1282
22	32	1338
22	41	1328
22	49	1386
22	62	1300
22	67	1376
22	71	1272
22	110	1338
22	119	1328
22	127	1386
22	140	1300
22	145	1376
22	149	1272
22	188	1338
22	197	1328
22	205	1386
22	218	1300
22	223	1376
22	227	1272
22	266	1338
22	275	1328
22	283	1386
22	296	1300
22	301	1376
22	305	1272
22	344	1338
22	353	1328
22	361	1386
22	374	1300
22	379	1376
22	383	1272
22	422	1338
22	431	1328
22	439	1386
22	452	1300
22	457	1376
22	461	1272
22	500	1338
22	509	1328
22	517	1386
22	530	1300
22	535	1376
22	539	1272
22	578	1338
22	587	1328
22	595	1386
22	608	1300
22	613	1376
22	617	1272
22	656	1338
22	665	1328
22	673	1386
22	686	1300
22	691	1376
22	695	1272
22	734	1338
22	743	1328
22	751	1386
22	764	1300
22	769	1376
22	773	1272
22	812	1338
22	821	1328
22	829	1386
22	842	1300
22	847	1376
22	851	1272
22	890	1338
22	899	1328
22	907	1386
22	920	1300
22	925	1376
22	929	1272
22	968	1338
22	977	1328
22	985	1386
22	998	1300
22	1003	1376
22	1007	1272
22	1046	1338
22	1055	1328
22	1063	1386
22	1076	1300
22	1081	1376
22	1085	1272
22	1124	1338
22	1133	1328
22	1141	1386
22	1154	1300
22	1159	1376
22	1163	1272
22	1202	1338
22	1211	1328
22	1219	1386
22	1232	1300
22	1237	1376
22	1241	1272
22	1280	1338
22	1289	1328
22	1297	1386
22	1310	1300
22	1315	1376
22	1319	1272
22	1358	1338
22	1367	1328
22	1375	1386
22	1388	1300
22	1393	1376
22	1397	1272
22	1436	1338
22	1445	1328
22	1453	1386
22	1466	1300
22	1471	1376
22	1475	1272
22	1514	1338
22	1523	1328
22	1531	1386
22	1544	1300
22	1549	1376
22	1553	1272
22	1592	1338
22	1601	1328
22	1609	1386
22	1622	1300
22	1627	1376
22	1631	1272
22	1670	1338
22	1679	1328
22	1687	1386
22	1700	1300
22	1705	1376
22	1709	1272
22	1748	1338
22	1757	1328
22	1765	1386
22	1778	1300
22	1783	1376
22	1787	1272
22	1826	1338
22	1835	1328
22	1843	1386
22	1856	1300
22	1861	1376
22	1865	1272
22	1904	1338
22	1913	1328
22	1921	1386
22	1934	1300
22	1939	1376
22	1943	1272
22	1982	1338
22	1991	1328
22	1999	1386
22	2012	1300
22	2017	1376
22	2021	1272
22	2060	1338
22	2069	1328
22	2077	1386
22	2090	1300
22	2095	1376
22	2099	1272
22	2138	1338
22	2147	1328
22	2155	1386
22	2168	1300
22	2173	1376
22	2177	1272
22	2216	1338
22	2225	1328
22	2233	1386
22	2246	1300
22	2251	1376
22	2255	1272
22	2294	1338
22	2303	1328
22	2311	1386
22	2324	1300
22	2329	1376
22	2333	1272
22	2372	1338
22	2381	1328
22	2389	1386
22	2402	1300
22	2407	1376
22	2411	1272
22	2450	1338
22	2459	1328
22	2467	1386
22	2480	1300
22	2485	1376
22	2489	1272
22	2528	1338
22	2537	1328
22	2545	1386
22	2558	1300
22	2563	1376
22	2567	1272
22	2606	1338
22	2615	1328
22	2623	1386
22	2636	1300
22	2641	1376
22	2645	1272
22	2684	1338
22	2693	1328
22	2701	1386
22	2714	1300
22	2719	1376
22	2723	1272
22	2762	1338
22	2771	1328
22	2779	1386
22	2792	1300
22	2797	1376
22	2801	1272
22	2840	1338
22	2849	1328
22	2857	1386
22	2870	1300
22	2875	1376
22	2879	1272
22	2918	1338
22	2927	1328
22	2935	1386
22	2948	1300
22	2953	1376
22	2957	1272
22	2996	1338
22	3005	1328
22	3013	1386
22	3026	1300
22	3031	1376
22	3035	1272
22	3074	1338
22	3083	1328
22	3091	1386
22	3104	1300
22	3109	1376
22	3113	1272
22	3152	1338
22	3161	1328
22	3169	1386
22	3182	1300
22	3187	1376
22	3191	1272
22	3230	1338
22	3239	1328
22	3247	1386
22	3260	1300
22	3265	1376
22	3269	1272
22	3308	1338
22	3317	1328
22	3325	1386
22	3338	1300
22	3343	1376
22	3347	1272
22	3386	1338
22	3395	1328
22	3403	1386
22	3416	1300
22	3421	1376
22	3425	1272
22	3464	1338
22	3473	1328
22	3481	1386
22	3494	1300
22	3499	1376
22	3503	1272
22	3542	1338
22	3551	1328
22	3559	1386
22	3572	1300
22	3577	1376
22	3581	1272
22	3620	1338
22	3629	1328
22	3637	1386
22	3650	1300
22	3655	1376
22	3659	1272
22	3698	1338
22	3707	1328
22	3715	1386
22	3728	1300
22	3733	1376
22	3737	1272
22	3776	1338
22	3785	1328
22	3793	1386
22	3806	1300
22	3811	1376
22	3815	1272
22	3854	1338
22	3863	1328
22	3871	1386
22	3884	1300
22	3889	1376
22	3893	1272
22	3932	1338
22	3941	1328
22	3949	1386
22	3962	1300
22	3967	1376
22	3971	1272
22	4010	1338
22	4019	1328
22	4027	1386
22	4040	1300
22	4045	1376
22	4049	1272
22	4088	1338
22	4097	1328
22	4105	1386
22	4118	1300
22	4123	1376
22	4127	1272
22	4166	1338
22	4175	1328
22	4183	1386
22	4196	1300
22	4201	1376
22	4205	1272
22	4244	1338
22	4253	1328
22	4261	1386
22	4274	1300
22	4279	1376
22	4283	1272
22	4322	1338
22	4331	1328
22	4339	1386
22	4352	1300
22	4357	1376
22	4361	1272
22	4400	1338
22	4409	1328
22	4417	1386
22	4430	1300
22	4435	1376
22	4439	1272
22	4478	1338
22	4487	1328
22	4495	1386
22	4508	1300
22	4513	1376
22	4517	1272
22	4556	1338
22	4565	1328
22	4573	1386
22	4586	1300
22	4591	1376
22	4595	1272
22	4634	1338
22	4643	1328
22	4651	1386
22	4664	1300
22	4669	1376
22	4673	1272
22	4712	1338
22	4721	1328
22	4729	1386
22	4742	1300
22	4747	1376
22	4751	1272
22	4790	1338
22	4799	1328
22	4807	1386
22	4820	1300
22	4825	1376
22	4829	1272
22	4868	1338
22	4877	1328
22	4885	1386
22	4898	1300
22	4903	1376
22	4907	1272
22	4946	1338
22	4955	1328
22	4963	1386
22	4976	1300
22	4981	1376
22	4985	1272
22	5024	1338
22	5033	1328
22	5041	1386
22	5054	1300
22	5059	1376
22	5063	1272
22	5102	1338
22	5111	1328
22	5119	1386
22	5132	1300
22	5137	1376
22	5141	1272
22	5180	1338
22	5189	1328
22	5197	1386
22	5210	1300
22	5215	1376
22	5219	1272
22	5258	1338
22	5267	1328
22	5275	1386
22	5288	1300
22	5293	1376
22	5297	1272
22	5336	1338
22	5345	1328
22	5353	1386
22	5366	1300
22	5371	1376
22	5375	1272
22	5414	1338
22	5423	1328
22	5431	1386
22	5444	1300
22	5449	1376
22	5453	1272
22	5492	1338
22	5501	1328
22	5509	1386
22	5522	1300
22	5527	1376
22	5531	1272
22	5570	1338
22	5579	1328
22	5587	1386
22	5600	1300
22	5605	1376
22	5609	1272
22	5648	1338
22	5657	1328
22	5665	1386
22	5678	1300
22	5683	1376
22	5687	1272
22	5726	1338
22	5735	1328
22	5743	1386
22	5756	1300
22	5761	1376
22	5765	1272
22	5804	1338
22	5813	1328
22	5821	1386
22	5834	1300
22	5839	1376
22	5843	1272
22	5882	1338
22	5891	1328
22	5899	1386
22	5912	1300
22	5917	1376
22	5921	1272
22	5960	1338
22	5969	1328
22	5977	1386
22	5990	1300
22	5995	1376
22	5999	1272
22	6038	1338
22	6047	1328
22	6055	1386
22	6068	1300
22	6073	1376
22	6077	1272
23	11	1482
23	32	1338
23	56	1226
23	67	1368
23	71	1340
23	74	1198
23	76	1282
23	77	1254
23	89	1482
23	110	1338
23	134	1226
23	145	1368
23	149	1340
23	152	1198
23	154	1282
23	155	1254
23	167	1482
23	188	1338
23	212	1226
23	223	1368
23	227	1340
23	230	1198
23	232	1282
23	233	1254
23	245	1482
23	266	1338
23	290	1226
23	301	1368
23	305	1340
23	308	1198
23	310	1282
23	311	1254
23	323	1482
23	344	1338
23	368	1226
23	379	1368
23	383	1340
23	386	1198
23	388	1282
23	389	1254
23	401	1482
23	422	1338
23	446	1226
23	457	1368
23	461	1340
23	464	1198
23	466	1282
23	467	1254
23	479	1482
23	500	1338
23	524	1226
23	535	1368
23	539	1340
23	542	1198
23	544	1282
23	545	1254
23	557	1482
23	578	1338
23	602	1226
23	613	1368
23	617	1340
23	620	1198
23	622	1282
23	623	1254
23	635	1482
23	656	1338
23	680	1226
23	691	1368
23	695	1340
23	698	1198
23	700	1282
23	701	1254
23	713	1482
23	734	1338
23	758	1226
23	769	1368
23	773	1340
23	776	1198
23	778	1282
23	779	1254
23	791	1482
23	812	1338
23	836	1226
23	847	1368
23	851	1340
23	854	1198
23	856	1282
23	857	1254
23	869	1482
23	890	1338
23	914	1226
23	925	1368
23	929	1340
23	932	1198
23	934	1282
23	935	1254
23	947	1482
23	968	1338
23	992	1226
23	1003	1368
23	1007	1340
23	1010	1198
23	1012	1282
23	1013	1254
23	1025	1482
23	1046	1338
23	1070	1226
23	1081	1368
23	1085	1340
23	1088	1198
23	1090	1282
23	1091	1254
23	1103	1482
23	1124	1338
23	1148	1226
23	1159	1368
23	1163	1340
23	1166	1198
23	1168	1282
23	1169	1254
23	1181	1482
23	1202	1338
23	1226	1226
23	1237	1368
23	1241	1340
23	1244	1198
23	1246	1282
23	1247	1254
23	1259	1482
23	1280	1338
23	1304	1226
23	1315	1368
23	1319	1340
23	1322	1198
23	1324	1282
23	1325	1254
23	1337	1482
23	1358	1338
23	1382	1226
23	1393	1368
23	1397	1340
23	1400	1198
23	1402	1282
23	1403	1254
23	1415	1482
23	1436	1338
23	1460	1226
23	1471	1368
23	1475	1340
23	1478	1198
23	1480	1282
23	1481	1254
23	1493	1482
23	1514	1338
23	1538	1226
23	1549	1368
23	1553	1340
23	1556	1198
23	1558	1282
23	1559	1254
23	1571	1482
23	1592	1338
23	1616	1226
23	1627	1368
23	1631	1340
23	1634	1198
23	1636	1282
23	1637	1254
23	1649	1482
23	1670	1338
23	1694	1226
23	1705	1368
23	1709	1340
23	1712	1198
23	1714	1282
23	1715	1254
23	1727	1482
23	1748	1338
23	1772	1226
23	1783	1368
23	1787	1340
23	1790	1198
23	1792	1282
23	1793	1254
23	1805	1482
23	1826	1338
23	1850	1226
23	1861	1368
23	1865	1340
23	1868	1198
23	1870	1282
23	1871	1254
23	1883	1482
23	1904	1338
23	1928	1226
23	1939	1368
23	1943	1340
23	1946	1198
23	1948	1282
23	1949	1254
23	1961	1482
23	1982	1338
23	2006	1226
23	2017	1368
23	2021	1340
23	2024	1198
23	2026	1282
23	2027	1254
23	2039	1482
23	2060	1338
23	2084	1226
23	2095	1368
23	2099	1340
23	2102	1198
23	2104	1282
23	2105	1254
23	2117	1482
23	2138	1338
23	2162	1226
23	2173	1368
23	2177	1340
23	2180	1198
23	2182	1282
23	2183	1254
23	2195	1482
23	2216	1338
23	2240	1226
23	2251	1368
23	2255	1340
23	2258	1198
23	2260	1282
23	2261	1254
23	2273	1482
23	2294	1338
23	2318	1226
23	2329	1368
23	2333	1340
23	2336	1198
23	2338	1282
23	2339	1254
23	2351	1482
23	2372	1338
23	2396	1226
23	2407	1368
23	2411	1340
23	2414	1198
23	2416	1282
23	2417	1254
23	2429	1482
23	2450	1338
23	2474	1226
23	2485	1368
23	2489	1340
23	2492	1198
23	2494	1282
23	2495	1254
23	2507	1482
23	2528	1338
23	2552	1226
23	2563	1368
23	2567	1340
23	2570	1198
23	2572	1282
23	2573	1254
23	2585	1482
23	2606	1338
23	2630	1226
23	2641	1368
23	2645	1340
23	2648	1198
23	2650	1282
23	2651	1254
23	2663	1482
23	2684	1338
23	2708	1226
23	2719	1368
23	2723	1340
23	2726	1198
23	2728	1282
23	2729	1254
23	2741	1482
23	2762	1338
23	2786	1226
23	2797	1368
23	2801	1340
23	2804	1198
23	2806	1282
23	2807	1254
23	2819	1482
23	2840	1338
23	2864	1226
23	2875	1368
23	2879	1340
23	2882	1198
23	2884	1282
23	2885	1254
23	2897	1482
23	2918	1338
23	2942	1226
23	2953	1368
23	2957	1340
23	2960	1198
23	2962	1282
23	2963	1254
23	2975	1482
23	2996	1338
23	3020	1226
23	3031	1368
23	3035	1340
23	3038	1198
23	3040	1282
23	3041	1254
23	3053	1482
23	3074	1338
23	3098	1226
23	3109	1368
23	3113	1340
23	3116	1198
23	3118	1282
23	3119	1254
23	3131	1482
23	3152	1338
23	3176	1226
23	3187	1368
23	3191	1340
23	3194	1198
23	3196	1282
23	3197	1254
23	3209	1482
23	3230	1338
23	3254	1226
23	3265	1368
23	3269	1340
23	3272	1198
23	3274	1282
23	3275	1254
23	3287	1482
23	3308	1338
23	3332	1226
23	3343	1368
23	3347	1340
23	3350	1198
23	3352	1282
23	3353	1254
23	3365	1482
23	3386	1338
23	3410	1226
23	3421	1368
23	3425	1340
23	3428	1198
23	3430	1282
23	3431	1254
23	3443	1482
23	3464	1338
23	3488	1226
23	3499	1368
23	3503	1340
23	3506	1198
23	3508	1282
23	3509	1254
23	3521	1482
23	3542	1338
23	3566	1226
23	3577	1368
23	3581	1340
23	3584	1198
23	3586	1282
23	3587	1254
23	3599	1482
23	3620	1338
23	3644	1226
23	3655	1368
23	3659	1340
23	3662	1198
23	3664	1282
23	3665	1254
23	3677	1482
23	3698	1338
23	3722	1226
23	3733	1368
23	3737	1340
23	3740	1198
23	3742	1282
23	3743	1254
23	3755	1482
23	3776	1338
23	3800	1226
23	3811	1368
23	3815	1340
23	3818	1198
23	3820	1282
23	3821	1254
23	3833	1482
23	3854	1338
23	3878	1226
23	3889	1368
23	3893	1340
23	3896	1198
23	3898	1282
23	3899	1254
23	3911	1482
23	3932	1338
23	3956	1226
23	3967	1368
23	3971	1340
23	3974	1198
23	3976	1282
23	3977	1254
23	3989	1482
23	4010	1338
23	4034	1226
23	4045	1368
23	4049	1340
23	4052	1198
23	4054	1282
23	4055	1254
23	4067	1482
23	4088	1338
23	4112	1226
23	4123	1368
23	4127	1340
23	4130	1198
23	4132	1282
23	4133	1254
23	4145	1482
23	4166	1338
23	4190	1226
23	4201	1368
23	4205	1340
23	4208	1198
23	4210	1282
23	4211	1254
23	4223	1482
23	4244	1338
23	4268	1226
23	4279	1368
23	4283	1340
23	4286	1198
23	4288	1282
23	4289	1254
23	4301	1482
23	4322	1338
23	4346	1226
23	4357	1368
23	4361	1340
23	4364	1198
23	4366	1282
23	4367	1254
23	4379	1482
23	4400	1338
23	4424	1226
23	4435	1368
23	4439	1340
23	4442	1198
23	4444	1282
23	4445	1254
23	4457	1482
23	4478	1338
23	4502	1226
23	4513	1368
23	4517	1340
23	4520	1198
23	4522	1282
23	4523	1254
23	4535	1482
23	4556	1338
23	4580	1226
23	4591	1368
23	4595	1340
23	4598	1198
23	4600	1282
23	4601	1254
23	4613	1482
23	4634	1338
23	4658	1226
23	4669	1368
23	4673	1340
23	4676	1198
23	4678	1282
23	4679	1254
23	4691	1482
23	4712	1338
23	4736	1226
23	4747	1368
23	4751	1340
23	4754	1198
23	4756	1282
23	4757	1254
23	4769	1482
23	4790	1338
23	4814	1226
23	4825	1368
23	4829	1340
23	4832	1198
23	4834	1282
23	4835	1254
23	4847	1482
23	4868	1338
23	4892	1226
23	4903	1368
23	4907	1340
23	4910	1198
23	4912	1282
23	4913	1254
23	4925	1482
23	4946	1338
23	4970	1226
23	4981	1368
23	4985	1340
23	4988	1198
23	4990	1282
23	4991	1254
23	5003	1482
23	5024	1338
23	5048	1226
23	5059	1368
23	5063	1340
23	5066	1198
23	5068	1282
23	5069	1254
23	5081	1482
23	5102	1338
23	5126	1226
23	5137	1368
23	5141	1340
23	5144	1198
23	5146	1282
23	5147	1254
23	5159	1482
23	5180	1338
23	5204	1226
23	5215	1368
23	5219	1340
23	5222	1198
23	5224	1282
23	5225	1254
23	5237	1482
23	5258	1338
23	5282	1226
23	5293	1368
23	5297	1340
23	5300	1198
23	5302	1282
23	5303	1254
23	5315	1482
23	5336	1338
23	5360	1226
23	5371	1368
23	5375	1340
23	5378	1198
23	5380	1282
23	5381	1254
23	5393	1482
23	5414	1338
23	5438	1226
23	5449	1368
23	5453	1340
23	5456	1198
23	5458	1282
23	5459	1254
23	5471	1482
23	5492	1338
23	5516	1226
23	5527	1368
23	5531	1340
23	5534	1198
23	5536	1282
23	5537	1254
23	5549	1482
23	5570	1338
23	5594	1226
23	5605	1368
23	5609	1340
23	5612	1198
23	5614	1282
23	5615	1254
23	5627	1482
23	5648	1338
23	5672	1226
23	5683	1368
23	5687	1340
23	5690	1198
23	5692	1282
23	5693	1254
23	5705	1482
23	5726	1338
23	5750	1226
23	5761	1368
23	5765	1340
23	5768	1198
23	5770	1282
23	5771	1254
23	5783	1482
23	5804	1338
23	5828	1226
23	5839	1368
23	5843	1340
23	5846	1198
23	5848	1282
23	5849	1254
23	5861	1482
23	5882	1338
23	5906	1226
23	5917	1368
23	5921	1340
23	5924	1198
23	5926	1282
23	5927	1254
23	5939	1482
23	5960	1338
23	5984	1226
23	5995	1368
23	5999	1340
23	6002	1198
23	6004	1282
23	6005	1254
23	6017	1482
23	6038	1338
23	6062	1226
23	6073	1368
23	6077	1340
23	6080	1198
23	6082	1282
23	6083	1254
24	11	1482
24	32	1338
24	56	1226
24	67	1368
24	71	1198
24	74	1282
24	77	1254
24	89	1482
24	110	1338
24	134	1226
24	145	1368
24	149	1198
24	152	1282
24	155	1254
24	167	1482
24	188	1338
24	212	1226
24	223	1368
24	227	1198
24	230	1282
24	233	1254
24	245	1482
24	266	1338
24	290	1226
24	301	1368
24	305	1198
24	308	1282
24	311	1254
24	323	1482
24	344	1338
24	368	1226
24	379	1368
24	383	1198
24	386	1282
24	389	1254
24	401	1482
24	422	1338
24	446	1226
24	457	1368
24	461	1198
24	464	1282
24	467	1254
24	479	1482
24	500	1338
24	524	1226
24	535	1368
24	539	1198
24	542	1282
24	545	1254
24	557	1482
24	578	1338
24	602	1226
24	613	1368
24	617	1198
24	620	1282
24	623	1254
24	635	1482
24	656	1338
24	680	1226
24	691	1368
24	695	1198
24	698	1282
24	701	1254
24	713	1482
24	734	1338
24	758	1226
24	769	1368
24	773	1198
24	776	1282
24	779	1254
24	791	1482
24	812	1338
24	836	1226
24	847	1368
24	851	1198
24	854	1282
24	857	1254
24	869	1482
24	890	1338
24	914	1226
24	925	1368
24	929	1198
24	932	1282
24	935	1254
24	947	1482
24	968	1338
24	992	1226
24	1003	1368
24	1007	1198
24	1010	1282
24	1013	1254
24	1025	1482
24	1046	1338
24	1070	1226
24	1081	1368
24	1085	1198
24	1088	1282
24	1091	1254
24	1103	1482
24	1124	1338
24	1148	1226
24	1159	1368
24	1163	1198
24	1166	1282
24	1169	1254
24	1181	1482
24	1202	1338
24	1226	1226
24	1237	1368
24	1241	1198
24	1244	1282
24	1247	1254
24	1259	1482
24	1280	1338
24	1304	1226
24	1315	1368
24	1319	1198
24	1322	1282
24	1325	1254
24	1337	1482
24	1358	1338
24	1382	1226
24	1393	1368
24	1397	1198
24	1400	1282
24	1403	1254
24	1415	1482
24	1436	1338
24	1460	1226
24	1471	1368
24	1475	1198
24	1478	1282
24	1481	1254
24	1493	1482
24	1514	1338
24	1538	1226
24	1549	1368
24	1553	1198
24	1556	1282
24	1559	1254
24	1571	1482
24	1592	1338
24	1616	1226
24	1627	1368
24	1631	1198
24	1634	1282
24	1637	1254
24	1649	1482
24	1670	1338
24	1694	1226
24	1705	1368
24	1709	1198
24	1712	1282
24	1715	1254
24	1727	1482
24	1748	1338
24	1772	1226
24	1783	1368
24	1787	1198
24	1790	1282
24	1793	1254
24	1805	1482
24	1826	1338
24	1850	1226
24	1861	1368
24	1865	1198
24	1868	1282
24	1871	1254
24	1883	1482
24	1904	1338
24	1928	1226
24	1939	1368
24	1943	1198
24	1946	1282
24	1949	1254
24	1961	1482
24	1982	1338
24	2006	1226
24	2017	1368
24	2021	1198
24	2024	1282
24	2027	1254
24	2039	1482
24	2060	1338
24	2084	1226
24	2095	1368
24	2099	1198
24	2102	1282
24	2105	1254
24	2117	1482
24	2138	1338
24	2162	1226
24	2173	1368
24	2177	1198
24	2180	1282
24	2183	1254
24	2195	1482
24	2216	1338
24	2240	1226
24	2251	1368
24	2255	1198
24	2258	1282
24	2261	1254
24	2273	1482
24	2294	1338
24	2318	1226
24	2329	1368
24	2333	1198
24	2336	1282
24	2339	1254
24	2351	1482
24	2372	1338
24	2396	1226
24	2407	1368
24	2411	1198
24	2414	1282
24	2417	1254
24	2429	1482
24	2450	1338
24	2474	1226
24	2485	1368
24	2489	1198
24	2492	1282
24	2495	1254
24	2507	1482
24	2528	1338
24	2552	1226
24	2563	1368
24	2567	1198
24	2570	1282
24	2573	1254
24	2585	1482
24	2606	1338
24	2630	1226
24	2641	1368
24	2645	1198
24	2648	1282
24	2651	1254
24	2663	1482
24	2684	1338
24	2708	1226
24	2719	1368
24	2723	1198
24	2726	1282
24	2729	1254
24	2741	1482
24	2762	1338
24	2786	1226
24	2797	1368
24	2801	1198
24	2804	1282
24	2807	1254
24	2819	1482
24	2840	1338
24	2864	1226
24	2875	1368
24	2879	1198
24	2882	1282
24	2885	1254
24	2897	1482
24	2918	1338
24	2942	1226
24	2953	1368
24	2957	1198
24	2960	1282
24	2963	1254
24	2975	1482
24	2996	1338
24	3020	1226
24	3031	1368
24	3035	1198
24	3038	1282
24	3041	1254
24	3053	1482
24	3074	1338
24	3098	1226
24	3109	1368
24	3113	1198
24	3116	1282
24	3119	1254
24	3131	1482
24	3152	1338
24	3176	1226
24	3187	1368
24	3191	1198
24	3194	1282
24	3197	1254
24	3209	1482
24	3230	1338
24	3254	1226
24	3265	1368
24	3269	1198
24	3272	1282
24	3275	1254
24	3287	1482
24	3308	1338
24	3332	1226
24	3343	1368
24	3347	1198
24	3350	1282
24	3353	1254
24	3365	1482
24	3386	1338
24	3410	1226
24	3421	1368
24	3425	1198
24	3428	1282
24	3431	1254
24	3443	1482
24	3464	1338
24	3488	1226
24	3499	1368
24	3503	1198
24	3506	1282
24	3509	1254
24	3521	1482
24	3542	1338
24	3566	1226
24	3577	1368
24	3581	1198
24	3584	1282
24	3587	1254
24	3599	1482
24	3620	1338
24	3644	1226
24	3655	1368
24	3659	1198
24	3662	1282
24	3665	1254
24	3677	1482
24	3698	1338
24	3722	1226
24	3733	1368
24	3737	1198
24	3740	1282
24	3743	1254
24	3755	1482
24	3776	1338
24	3800	1226
24	3811	1368
24	3815	1198
24	3818	1282
24	3821	1254
24	3833	1482
24	3854	1338
24	3878	1226
24	3889	1368
24	3893	1198
24	3896	1282
24	3899	1254
24	3911	1482
24	3932	1338
24	3956	1226
24	3967	1368
24	3971	1198
24	3974	1282
24	3977	1254
24	3989	1482
24	4010	1338
24	4034	1226
24	4045	1368
24	4049	1198
24	4052	1282
24	4055	1254
24	4067	1482
24	4088	1338
24	4112	1226
24	4123	1368
24	4127	1198
24	4130	1282
24	4133	1254
24	4145	1482
24	4166	1338
24	4190	1226
24	4201	1368
24	4205	1198
24	4208	1282
24	4211	1254
24	4223	1482
24	4244	1338
24	4268	1226
24	4279	1368
24	4283	1198
24	4286	1282
24	4289	1254
24	4301	1482
24	4322	1338
24	4346	1226
24	4357	1368
24	4361	1198
24	4364	1282
24	4367	1254
24	4379	1482
24	4400	1338
24	4424	1226
24	4435	1368
24	4439	1198
24	4442	1282
24	4445	1254
24	4457	1482
24	4478	1338
24	4502	1226
24	4513	1368
24	4517	1198
24	4520	1282
24	4523	1254
24	4535	1482
24	4556	1338
24	4580	1226
24	4591	1368
24	4595	1198
24	4598	1282
24	4601	1254
24	4613	1482
24	4634	1338
24	4658	1226
24	4669	1368
24	4673	1198
24	4676	1282
24	4679	1254
24	4691	1482
24	4712	1338
24	4736	1226
24	4747	1368
24	4751	1198
24	4754	1282
24	4757	1254
24	4769	1482
24	4790	1338
24	4814	1226
24	4825	1368
24	4829	1198
24	4832	1282
24	4835	1254
24	4847	1482
24	4868	1338
24	4892	1226
24	4903	1368
24	4907	1198
24	4910	1282
24	4913	1254
24	4925	1482
24	4946	1338
24	4970	1226
24	4981	1368
24	4985	1198
24	4988	1282
24	4991	1254
24	5003	1482
24	5024	1338
24	5048	1226
24	5059	1368
24	5063	1198
24	5066	1282
24	5069	1254
24	5081	1482
24	5102	1338
24	5126	1226
24	5137	1368
24	5141	1198
24	5144	1282
24	5147	1254
24	5159	1482
24	5180	1338
24	5204	1226
24	5215	1368
24	5219	1198
24	5222	1282
24	5225	1254
24	5237	1482
24	5258	1338
24	5282	1226
24	5293	1368
24	5297	1198
24	5300	1282
24	5303	1254
24	5315	1482
24	5336	1338
24	5360	1226
24	5371	1368
24	5375	1198
24	5378	1282
24	5381	1254
24	5393	1482
24	5414	1338
24	5438	1226
24	5449	1368
24	5453	1198
24	5456	1282
24	5459	1254
24	5471	1482
24	5492	1338
24	5516	1226
24	5527	1368
24	5531	1198
24	5534	1282
24	5537	1254
24	5549	1482
24	5570	1338
24	5594	1226
24	5605	1368
24	5609	1198
24	5612	1282
24	5615	1254
24	5627	1482
24	5648	1338
24	5672	1226
24	5683	1368
24	5687	1198
24	5690	1282
24	5693	1254
24	5705	1482
24	5726	1338
24	5750	1226
24	5761	1368
24	5765	1198
24	5768	1282
24	5771	1254
24	5783	1482
24	5804	1338
24	5828	1226
24	5839	1368
24	5843	1198
24	5846	1282
24	5849	1254
24	5861	1482
24	5882	1338
24	5906	1226
24	5917	1368
24	5921	1198
24	5924	1282
24	5927	1254
24	5939	1482
24	5960	1338
24	5984	1226
24	5995	1368
24	5999	1198
24	6002	1282
24	6005	1254
24	6017	1482
24	6038	1338
24	6062	1226
24	6073	1368
24	6077	1198
24	6080	1282
24	6083	1254
25	32	1338
25	41	1328
25	62	1376
25	71	1300
25	74	1348
25	76	1206
25	110	1338
25	119	1328
25	140	1376
25	149	1300
25	152	1348
25	154	1206
25	188	1338
25	197	1328
25	218	1376
25	227	1300
25	230	1348
25	232	1206
25	266	1338
25	275	1328
25	296	1376
25	305	1300
25	308	1348
25	310	1206
25	344	1338
25	353	1328
25	374	1376
25	383	1300
25	386	1348
25	388	1206
25	422	1338
25	431	1328
25	452	1376
25	461	1300
25	464	1348
25	466	1206
25	500	1338
25	509	1328
25	530	1376
25	539	1300
25	542	1348
25	544	1206
25	578	1338
25	587	1328
25	608	1376
25	617	1300
25	620	1348
25	622	1206
25	656	1338
25	665	1328
25	686	1376
25	695	1300
25	698	1348
25	700	1206
25	734	1338
25	743	1328
25	764	1376
25	773	1300
25	776	1348
25	778	1206
25	812	1338
25	821	1328
25	842	1376
25	851	1300
25	854	1348
25	856	1206
25	890	1338
25	899	1328
25	920	1376
25	929	1300
25	932	1348
25	934	1206
25	968	1338
25	977	1328
25	998	1376
25	1007	1300
25	1010	1348
25	1012	1206
25	1046	1338
25	1055	1328
25	1076	1376
25	1085	1300
25	1088	1348
25	1090	1206
25	1124	1338
25	1133	1328
25	1154	1376
25	1163	1300
25	1166	1348
25	1168	1206
25	1202	1338
25	1211	1328
25	1232	1376
25	1241	1300
25	1244	1348
25	1246	1206
25	1280	1338
25	1289	1328
25	1310	1376
25	1319	1300
25	1322	1348
25	1324	1206
25	1358	1338
25	1367	1328
25	1388	1376
25	1397	1300
25	1400	1348
25	1402	1206
25	1436	1338
25	1445	1328
25	1466	1376
25	1475	1300
25	1478	1348
25	1480	1206
25	1514	1338
25	1523	1328
25	1544	1376
25	1553	1300
25	1556	1348
25	1558	1206
25	1592	1338
25	1601	1328
25	1622	1376
25	1631	1300
25	1634	1348
25	1636	1206
25	1670	1338
25	1679	1328
25	1700	1376
25	1709	1300
25	1712	1348
25	1714	1206
25	1748	1338
25	1757	1328
25	1778	1376
25	1787	1300
25	1790	1348
25	1792	1206
25	1826	1338
25	1835	1328
25	1856	1376
25	1865	1300
25	1868	1348
25	1870	1206
25	1904	1338
25	1913	1328
25	1934	1376
25	1943	1300
25	1946	1348
25	1948	1206
25	1982	1338
25	1991	1328
25	2012	1376
25	2021	1300
25	2024	1348
25	2026	1206
25	2060	1338
25	2069	1328
25	2090	1376
25	2099	1300
25	2102	1348
25	2104	1206
25	2138	1338
25	2147	1328
25	2168	1376
25	2177	1300
25	2180	1348
25	2182	1206
25	2216	1338
25	2225	1328
25	2246	1376
25	2255	1300
25	2258	1348
25	2260	1206
25	2294	1338
25	2303	1328
25	2324	1376
25	2333	1300
25	2336	1348
25	2338	1206
25	2372	1338
25	2381	1328
25	2402	1376
25	2411	1300
25	2414	1348
25	2416	1206
25	2450	1338
25	2459	1328
25	2480	1376
25	2489	1300
25	2492	1348
25	2494	1206
25	2528	1338
25	2537	1328
25	2558	1376
25	2567	1300
25	2570	1348
25	2572	1206
25	2606	1338
25	2615	1328
25	2636	1376
25	2645	1300
25	2648	1348
25	2650	1206
25	2684	1338
25	2693	1328
25	2714	1376
25	2723	1300
25	2726	1348
25	2728	1206
25	2762	1338
25	2771	1328
25	2792	1376
25	2801	1300
25	2804	1348
25	2806	1206
25	2840	1338
25	2849	1328
25	2870	1376
25	2879	1300
25	2882	1348
25	2884	1206
25	2918	1338
25	2927	1328
25	2948	1376
25	2957	1300
25	2960	1348
25	2962	1206
25	2996	1338
25	3005	1328
25	3026	1376
25	3035	1300
25	3038	1348
25	3040	1206
25	3074	1338
25	3083	1328
25	3104	1376
25	3113	1300
25	3116	1348
25	3118	1206
25	3152	1338
25	3161	1328
25	3182	1376
25	3191	1300
25	3194	1348
25	3196	1206
25	3230	1338
25	3239	1328
25	3260	1376
25	3269	1300
25	3272	1348
25	3274	1206
25	3308	1338
25	3317	1328
25	3338	1376
25	3347	1300
25	3350	1348
25	3352	1206
25	3386	1338
25	3395	1328
25	3416	1376
25	3425	1300
25	3428	1348
25	3430	1206
25	3464	1338
25	3473	1328
25	3494	1376
25	3503	1300
25	3506	1348
25	3508	1206
25	3542	1338
25	3551	1328
25	3572	1376
25	3581	1300
25	3584	1348
25	3586	1206
25	3620	1338
25	3629	1328
25	3650	1376
25	3659	1300
25	3662	1348
25	3664	1206
25	3698	1338
25	3707	1328
25	3728	1376
25	3737	1300
25	3740	1348
25	3742	1206
25	3776	1338
25	3785	1328
25	3806	1376
25	3815	1300
25	3818	1348
25	3820	1206
25	3854	1338
25	3863	1328
25	3884	1376
25	3893	1300
25	3896	1348
25	3898	1206
25	3932	1338
25	3941	1328
25	3962	1376
25	3971	1300
25	3974	1348
25	3976	1206
25	4010	1338
25	4019	1328
25	4040	1376
25	4049	1300
25	4052	1348
25	4054	1206
25	4088	1338
25	4097	1328
25	4118	1376
25	4127	1300
25	4130	1348
25	4132	1206
25	4166	1338
25	4175	1328
25	4196	1376
25	4205	1300
25	4208	1348
25	4210	1206
25	4244	1338
25	4253	1328
25	4274	1376
25	4283	1300
25	4286	1348
25	4288	1206
25	4322	1338
25	4331	1328
25	4352	1376
25	4361	1300
25	4364	1348
25	4366	1206
25	4400	1338
25	4409	1328
25	4430	1376
25	4439	1300
25	4442	1348
25	4444	1206
25	4478	1338
25	4487	1328
25	4508	1376
25	4517	1300
25	4520	1348
25	4522	1206
25	4556	1338
25	4565	1328
25	4586	1376
25	4595	1300
25	4598	1348
25	4600	1206
25	4634	1338
25	4643	1328
25	4664	1376
25	4673	1300
25	4676	1348
25	4678	1206
25	4712	1338
25	4721	1328
25	4742	1376
25	4751	1300
25	4754	1348
25	4756	1206
25	4790	1338
25	4799	1328
25	4820	1376
25	4829	1300
25	4832	1348
25	4834	1206
25	4868	1338
25	4877	1328
25	4898	1376
25	4907	1300
25	4910	1348
25	4912	1206
25	4946	1338
25	4955	1328
25	4976	1376
25	4985	1300
25	4988	1348
25	4990	1206
25	5024	1338
25	5033	1328
25	5054	1376
25	5063	1300
25	5066	1348
25	5068	1206
25	5102	1338
25	5111	1328
25	5132	1376
25	5141	1300
25	5144	1348
25	5146	1206
25	5180	1338
25	5189	1328
25	5210	1376
25	5219	1300
25	5222	1348
25	5224	1206
25	5258	1338
25	5267	1328
25	5288	1376
25	5297	1300
25	5300	1348
25	5302	1206
25	5336	1338
25	5345	1328
25	5366	1376
25	5375	1300
25	5378	1348
25	5380	1206
25	5414	1338
25	5423	1328
25	5444	1376
25	5453	1300
25	5456	1348
25	5458	1206
25	5492	1338
25	5501	1328
25	5522	1376
25	5531	1300
25	5534	1348
25	5536	1206
25	5570	1338
25	5579	1328
25	5600	1376
25	5609	1300
25	5612	1348
25	5614	1206
25	5648	1338
25	5657	1328
25	5678	1376
25	5687	1300
25	5690	1348
25	5692	1206
25	5726	1338
25	5735	1328
25	5756	1376
25	5765	1300
25	5768	1348
25	5770	1206
25	5804	1338
25	5813	1328
25	5834	1376
25	5843	1300
25	5846	1348
25	5848	1206
25	5882	1338
25	5891	1328
25	5912	1376
25	5921	1300
25	5924	1348
25	5926	1206
25	5960	1338
25	5969	1328
25	5990	1376
25	5999	1300
25	6002	1348
25	6004	1206
25	6038	1338
25	6047	1328
25	6068	1376
25	6077	1300
25	6080	1348
25	6082	1206
26	32	1338
26	49	1386
26	62	1376
26	71	1348
26	74	1206
26	110	1338
26	127	1386
26	140	1376
26	149	1348
26	152	1206
26	188	1338
26	205	1386
26	218	1376
26	227	1348
26	230	1206
26	266	1338
26	283	1386
26	296	1376
26	305	1348
26	308	1206
26	344	1338
26	361	1386
26	374	1376
26	383	1348
26	386	1206
26	422	1338
26	439	1386
26	452	1376
26	461	1348
26	464	1206
26	500	1338
26	517	1386
26	530	1376
26	539	1348
26	542	1206
26	578	1338
26	595	1386
26	608	1376
26	617	1348
26	620	1206
26	656	1338
26	673	1386
26	686	1376
26	695	1348
26	698	1206
26	734	1338
26	751	1386
26	764	1376
26	773	1348
26	776	1206
26	812	1338
26	829	1386
26	842	1376
26	851	1348
26	854	1206
26	890	1338
26	907	1386
26	920	1376
26	929	1348
26	932	1206
26	968	1338
26	985	1386
26	998	1376
26	1007	1348
26	1010	1206
26	1046	1338
26	1063	1386
26	1076	1376
26	1085	1348
26	1088	1206
26	1124	1338
26	1141	1386
26	1154	1376
26	1163	1348
26	1166	1206
26	1202	1338
26	1219	1386
26	1232	1376
26	1241	1348
26	1244	1206
26	1280	1338
26	1297	1386
26	1310	1376
26	1319	1348
26	1322	1206
26	1358	1338
26	1375	1386
26	1388	1376
26	1397	1348
26	1400	1206
26	1436	1338
26	1453	1386
26	1466	1376
26	1475	1348
26	1478	1206
26	1514	1338
26	1531	1386
26	1544	1376
26	1553	1348
26	1556	1206
26	1592	1338
26	1609	1386
26	1622	1376
26	1631	1348
26	1634	1206
26	1670	1338
26	1687	1386
26	1700	1376
26	1709	1348
26	1712	1206
26	1748	1338
26	1765	1386
26	1778	1376
26	1787	1348
26	1790	1206
26	1826	1338
26	1843	1386
26	1856	1376
26	1865	1348
26	1868	1206
26	1904	1338
26	1921	1386
26	1934	1376
26	1943	1348
26	1946	1206
26	1982	1338
26	1999	1386
26	2012	1376
26	2021	1348
26	2024	1206
26	2060	1338
26	2077	1386
26	2090	1376
26	2099	1348
26	2102	1206
26	2138	1338
26	2155	1386
26	2168	1376
26	2177	1348
26	2180	1206
26	2216	1338
26	2233	1386
26	2246	1376
26	2255	1348
26	2258	1206
26	2294	1338
26	2311	1386
26	2324	1376
26	2333	1348
26	2336	1206
26	2372	1338
26	2389	1386
26	2402	1376
26	2411	1348
26	2414	1206
26	2450	1338
26	2467	1386
26	2480	1376
26	2489	1348
26	2492	1206
26	2528	1338
26	2545	1386
26	2558	1376
26	2567	1348
26	2570	1206
26	2606	1338
26	2623	1386
26	2636	1376
26	2645	1348
26	2648	1206
26	2684	1338
26	2701	1386
26	2714	1376
26	2723	1348
26	2726	1206
26	2762	1338
26	2779	1386
26	2792	1376
26	2801	1348
26	2804	1206
26	2840	1338
26	2857	1386
26	2870	1376
26	2879	1348
26	2882	1206
26	2918	1338
26	2935	1386
26	2948	1376
26	2957	1348
26	2960	1206
26	2996	1338
26	3013	1386
26	3026	1376
26	3035	1348
26	3038	1206
26	3074	1338
26	3091	1386
26	3104	1376
26	3113	1348
26	3116	1206
26	3152	1338
26	3169	1386
26	3182	1376
26	3191	1348
26	3194	1206
26	3230	1338
26	3247	1386
26	3260	1376
26	3269	1348
26	3272	1206
26	3308	1338
26	3325	1386
26	3338	1376
26	3347	1348
26	3350	1206
26	3386	1338
26	3403	1386
26	3416	1376
26	3425	1348
26	3428	1206
26	3464	1338
26	3481	1386
26	3494	1376
26	3503	1348
26	3506	1206
26	3542	1338
26	3559	1386
26	3572	1376
26	3581	1348
26	3584	1206
26	3620	1338
26	3637	1386
26	3650	1376
26	3659	1348
26	3662	1206
26	3698	1338
26	3715	1386
26	3728	1376
26	3737	1348
26	3740	1206
26	3776	1338
26	3793	1386
26	3806	1376
26	3815	1348
26	3818	1206
26	3854	1338
26	3871	1386
26	3884	1376
26	3893	1348
26	3896	1206
26	3932	1338
26	3949	1386
26	3962	1376
26	3971	1348
26	3974	1206
26	4010	1338
26	4027	1386
26	4040	1376
26	4049	1348
26	4052	1206
26	4088	1338
26	4105	1386
26	4118	1376
26	4127	1348
26	4130	1206
26	4166	1338
26	4183	1386
26	4196	1376
26	4205	1348
26	4208	1206
26	4244	1338
26	4261	1386
26	4274	1376
26	4283	1348
26	4286	1206
26	4322	1338
26	4339	1386
26	4352	1376
26	4361	1348
26	4364	1206
26	4400	1338
26	4417	1386
26	4430	1376
26	4439	1348
26	4442	1206
26	4478	1338
26	4495	1386
26	4508	1376
26	4517	1348
26	4520	1206
26	4556	1338
26	4573	1386
26	4586	1376
26	4595	1348
26	4598	1206
26	4634	1338
26	4651	1386
26	4664	1376
26	4673	1348
26	4676	1206
26	4712	1338
26	4729	1386
26	4742	1376
26	4751	1348
26	4754	1206
26	4790	1338
26	4807	1386
26	4820	1376
26	4829	1348
26	4832	1206
26	4868	1338
26	4885	1386
26	4898	1376
26	4907	1348
26	4910	1206
26	4946	1338
26	4963	1386
26	4976	1376
26	4985	1348
26	4988	1206
26	5024	1338
26	5041	1386
26	5054	1376
26	5063	1348
26	5066	1206
26	5102	1338
26	5119	1386
26	5132	1376
26	5141	1348
26	5144	1206
26	5180	1338
26	5197	1386
26	5210	1376
26	5219	1348
26	5222	1206
26	5258	1338
26	5275	1386
26	5288	1376
26	5297	1348
26	5300	1206
26	5336	1338
26	5353	1386
26	5366	1376
26	5375	1348
26	5378	1206
26	5414	1338
26	5431	1386
26	5444	1376
26	5453	1348
26	5456	1206
26	5492	1338
26	5509	1386
26	5522	1376
26	5531	1348
26	5534	1206
26	5570	1338
26	5587	1386
26	5600	1376
26	5609	1348
26	5612	1206
26	5648	1338
26	5665	1386
26	5678	1376
26	5687	1348
26	5690	1206
26	5726	1338
26	5743	1386
26	5756	1376
26	5765	1348
26	5768	1206
26	5804	1338
26	5821	1386
26	5834	1376
26	5843	1348
26	5846	1206
26	5882	1338
26	5899	1386
26	5912	1376
26	5921	1348
26	5924	1206
26	5960	1338
26	5977	1386
26	5990	1376
26	5999	1348
26	6002	1206
26	6038	1338
26	6055	1386
26	6068	1376
26	6077	1348
26	6080	1206
27	49	1372
27	56	1270
27	62	1264
27	71	1310
27	76	1202
27	127	1372
27	134	1270
27	140	1264
27	149	1310
27	154	1202
27	205	1372
27	212	1270
27	218	1264
27	227	1310
27	232	1202
27	283	1372
27	290	1270
27	296	1264
27	305	1310
27	310	1202
27	361	1372
27	368	1270
27	374	1264
27	383	1310
27	388	1202
27	439	1372
27	446	1270
27	452	1264
27	461	1310
27	466	1202
27	517	1372
27	524	1270
27	530	1264
27	539	1310
27	544	1202
27	595	1372
27	602	1270
27	608	1264
27	617	1310
27	622	1202
27	673	1372
27	680	1270
27	686	1264
27	695	1310
27	700	1202
27	751	1372
27	758	1270
27	764	1264
27	773	1310
27	778	1202
27	829	1372
27	836	1270
27	842	1264
27	851	1310
27	856	1202
27	907	1372
27	914	1270
27	920	1264
27	929	1310
27	934	1202
27	985	1372
27	992	1270
27	998	1264
27	1007	1310
27	1012	1202
27	1063	1372
27	1070	1270
27	1076	1264
27	1085	1310
27	1090	1202
27	1141	1372
27	1148	1270
27	1154	1264
27	1163	1310
27	1168	1202
27	1219	1372
27	1226	1270
27	1232	1264
27	1241	1310
27	1246	1202
27	1297	1372
27	1304	1270
27	1310	1264
27	1319	1310
27	1324	1202
27	1375	1372
27	1382	1270
27	1388	1264
27	1397	1310
27	1402	1202
27	1453	1372
27	1460	1270
27	1466	1264
27	1475	1310
27	1480	1202
27	1531	1372
27	1538	1270
27	1544	1264
27	1553	1310
27	1558	1202
27	1609	1372
27	1616	1270
27	1622	1264
27	1631	1310
27	1636	1202
27	1687	1372
27	1694	1270
27	1700	1264
27	1709	1310
27	1714	1202
27	1765	1372
27	1772	1270
27	1778	1264
27	1787	1310
27	1792	1202
27	1843	1372
27	1850	1270
27	1856	1264
27	1865	1310
27	1870	1202
27	1921	1372
27	1928	1270
27	1934	1264
27	1943	1310
27	1948	1202
27	1999	1372
27	2006	1270
27	2012	1264
27	2021	1310
27	2026	1202
27	2077	1372
27	2084	1270
27	2090	1264
27	2099	1310
27	2104	1202
27	2155	1372
27	2162	1270
27	2168	1264
27	2177	1310
27	2182	1202
27	2233	1372
27	2240	1270
27	2246	1264
27	2255	1310
27	2260	1202
27	2311	1372
27	2318	1270
27	2324	1264
27	2333	1310
27	2338	1202
27	2389	1372
27	2396	1270
27	2402	1264
27	2411	1310
27	2416	1202
27	2467	1372
27	2474	1270
27	2480	1264
27	2489	1310
27	2494	1202
27	2545	1372
27	2552	1270
27	2558	1264
27	2567	1310
27	2572	1202
27	2623	1372
27	2630	1270
27	2636	1264
27	2645	1310
27	2650	1202
27	2701	1372
27	2708	1270
27	2714	1264
27	2723	1310
27	2728	1202
27	2779	1372
27	2786	1270
27	2792	1264
27	2801	1310
27	2806	1202
27	2857	1372
27	2864	1270
27	2870	1264
27	2879	1310
27	2884	1202
27	2935	1372
27	2942	1270
27	2948	1264
27	2957	1310
27	2962	1202
27	3013	1372
27	3020	1270
27	3026	1264
27	3035	1310
27	3040	1202
27	3091	1372
27	3098	1270
27	3104	1264
27	3113	1310
27	3118	1202
27	3169	1372
27	3176	1270
27	3182	1264
27	3191	1310
27	3196	1202
27	3247	1372
27	3254	1270
27	3260	1264
27	3269	1310
27	3274	1202
27	3325	1372
27	3332	1270
27	3338	1264
27	3347	1310
27	3352	1202
27	3403	1372
27	3410	1270
27	3416	1264
27	3425	1310
27	3430	1202
27	3481	1372
27	3488	1270
27	3494	1264
27	3503	1310
27	3508	1202
27	3559	1372
27	3566	1270
27	3572	1264
27	3581	1310
27	3586	1202
27	3637	1372
27	3644	1270
27	3650	1264
27	3659	1310
27	3664	1202
27	3715	1372
27	3722	1270
27	3728	1264
27	3737	1310
27	3742	1202
27	3793	1372
27	3800	1270
27	3806	1264
27	3815	1310
27	3820	1202
27	3871	1372
27	3878	1270
27	3884	1264
27	3893	1310
27	3898	1202
27	3949	1372
27	3956	1270
27	3962	1264
27	3971	1310
27	3976	1202
27	4027	1372
27	4034	1270
27	4040	1264
27	4049	1310
27	4054	1202
27	4105	1372
27	4112	1270
27	4118	1264
27	4127	1310
27	4132	1202
27	4183	1372
27	4190	1270
27	4196	1264
27	4205	1310
27	4210	1202
27	4261	1372
27	4268	1270
27	4274	1264
27	4283	1310
27	4288	1202
27	4339	1372
27	4346	1270
27	4352	1264
27	4361	1310
27	4366	1202
27	4417	1372
27	4424	1270
27	4430	1264
27	4439	1310
27	4444	1202
27	4495	1372
27	4502	1270
27	4508	1264
27	4517	1310
27	4522	1202
27	4573	1372
27	4580	1270
27	4586	1264
27	4595	1310
27	4600	1202
27	4651	1372
27	4658	1270
27	4664	1264
27	4673	1310
27	4678	1202
27	4729	1372
27	4736	1270
27	4742	1264
27	4751	1310
27	4756	1202
27	4807	1372
27	4814	1270
27	4820	1264
27	4829	1310
27	4834	1202
27	4885	1372
27	4892	1270
27	4898	1264
27	4907	1310
27	4912	1202
27	4963	1372
27	4970	1270
27	4976	1264
27	4985	1310
27	4990	1202
27	5041	1372
27	5048	1270
27	5054	1264
27	5063	1310
27	5068	1202
27	5119	1372
27	5126	1270
27	5132	1264
27	5141	1310
27	5146	1202
27	5197	1372
27	5204	1270
27	5210	1264
27	5219	1310
27	5224	1202
27	5275	1372
27	5282	1270
27	5288	1264
27	5297	1310
27	5302	1202
27	5353	1372
27	5360	1270
27	5366	1264
27	5375	1310
27	5380	1202
27	5431	1372
27	5438	1270
27	5444	1264
27	5453	1310
27	5458	1202
27	5509	1372
27	5516	1270
27	5522	1264
27	5531	1310
27	5536	1202
27	5587	1372
27	5594	1270
27	5600	1264
27	5609	1310
27	5614	1202
27	5665	1372
27	5672	1270
27	5678	1264
27	5687	1310
27	5692	1202
27	5743	1372
27	5750	1270
27	5756	1264
27	5765	1310
27	5770	1202
27	5821	1372
27	5828	1270
27	5834	1264
27	5843	1310
27	5848	1202
27	5899	1372
27	5906	1270
27	5912	1264
27	5921	1310
27	5926	1202
27	5977	1372
27	5984	1270
27	5990	1264
27	5999	1310
27	6004	1202
27	6055	1372
27	6062	1270
27	6068	1264
27	6077	1310
27	6082	1202
28	56	1236
28	62	1264
28	71	1310
28	74	1202
28	76	1384
28	77	1276
28	134	1236
28	140	1264
28	149	1310
28	152	1202
28	154	1384
28	155	1276
28	212	1236
28	218	1264
28	227	1310
28	230	1202
28	232	1384
28	233	1276
28	290	1236
28	296	1264
28	305	1310
28	308	1202
28	310	1384
28	311	1276
28	368	1236
28	374	1264
28	383	1310
28	386	1202
28	388	1384
28	389	1276
28	446	1236
28	452	1264
28	461	1310
28	464	1202
28	466	1384
28	467	1276
28	524	1236
28	530	1264
28	539	1310
28	542	1202
28	544	1384
28	545	1276
28	602	1236
28	608	1264
28	617	1310
28	620	1202
28	622	1384
28	623	1276
28	680	1236
28	686	1264
28	695	1310
28	698	1202
28	700	1384
28	701	1276
28	758	1236
28	764	1264
28	773	1310
28	776	1202
28	778	1384
28	779	1276
28	836	1236
28	842	1264
28	851	1310
28	854	1202
28	856	1384
28	857	1276
28	914	1236
28	920	1264
28	929	1310
28	932	1202
28	934	1384
28	935	1276
28	992	1236
28	998	1264
28	1007	1310
28	1010	1202
28	1012	1384
28	1013	1276
28	1070	1236
28	1076	1264
28	1085	1310
28	1088	1202
28	1090	1384
28	1091	1276
28	1148	1236
28	1154	1264
28	1163	1310
28	1166	1202
28	1168	1384
28	1169	1276
28	1226	1236
28	1232	1264
28	1241	1310
28	1244	1202
28	1246	1384
28	1247	1276
28	1304	1236
28	1310	1264
28	1319	1310
28	1322	1202
28	1324	1384
28	1325	1276
28	1382	1236
28	1388	1264
28	1397	1310
28	1400	1202
28	1402	1384
28	1403	1276
28	1460	1236
28	1466	1264
28	1475	1310
28	1478	1202
28	1480	1384
28	1481	1276
28	1538	1236
28	1544	1264
28	1553	1310
28	1556	1202
28	1558	1384
28	1559	1276
28	1616	1236
28	1622	1264
28	1631	1310
28	1634	1202
28	1636	1384
28	1637	1276
28	1694	1236
28	1700	1264
28	1709	1310
28	1712	1202
28	1714	1384
28	1715	1276
28	1772	1236
28	1778	1264
28	1787	1310
28	1790	1202
28	1792	1384
28	1793	1276
28	1850	1236
28	1856	1264
28	1865	1310
28	1868	1202
28	1870	1384
28	1871	1276
28	1928	1236
28	1934	1264
28	1943	1310
28	1946	1202
28	1948	1384
28	1949	1276
28	2006	1236
28	2012	1264
28	2021	1310
28	2024	1202
28	2026	1384
28	2027	1276
28	2084	1236
28	2090	1264
28	2099	1310
28	2102	1202
28	2104	1384
28	2105	1276
28	2162	1236
28	2168	1264
28	2177	1310
28	2180	1202
28	2182	1384
28	2183	1276
28	2240	1236
28	2246	1264
28	2255	1310
28	2258	1202
28	2260	1384
28	2261	1276
28	2318	1236
28	2324	1264
28	2333	1310
28	2336	1202
28	2338	1384
28	2339	1276
28	2396	1236
28	2402	1264
28	2411	1310
28	2414	1202
28	2416	1384
28	2417	1276
28	2474	1236
28	2480	1264
28	2489	1310
28	2492	1202
28	2494	1384
28	2495	1276
28	2552	1236
28	2558	1264
28	2567	1310
28	2570	1202
28	2572	1384
28	2573	1276
28	2630	1236
28	2636	1264
28	2645	1310
28	2648	1202
28	2650	1384
28	2651	1276
28	2708	1236
28	2714	1264
28	2723	1310
28	2726	1202
28	2728	1384
28	2729	1276
28	2786	1236
28	2792	1264
28	2801	1310
28	2804	1202
28	2806	1384
28	2807	1276
28	2864	1236
28	2870	1264
28	2879	1310
28	2882	1202
28	2884	1384
28	2885	1276
28	2942	1236
28	2948	1264
28	2957	1310
28	2960	1202
28	2962	1384
28	2963	1276
28	3020	1236
28	3026	1264
28	3035	1310
28	3038	1202
28	3040	1384
28	3041	1276
28	3098	1236
28	3104	1264
28	3113	1310
28	3116	1202
28	3118	1384
28	3119	1276
28	3176	1236
28	3182	1264
28	3191	1310
28	3194	1202
28	3196	1384
28	3197	1276
28	3254	1236
28	3260	1264
28	3269	1310
28	3272	1202
28	3274	1384
28	3275	1276
28	3332	1236
28	3338	1264
28	3347	1310
28	3350	1202
28	3352	1384
28	3353	1276
28	3410	1236
28	3416	1264
28	3425	1310
28	3428	1202
28	3430	1384
28	3431	1276
28	3488	1236
28	3494	1264
28	3503	1310
28	3506	1202
28	3508	1384
28	3509	1276
28	3566	1236
28	3572	1264
28	3581	1310
28	3584	1202
28	3586	1384
28	3587	1276
28	3644	1236
28	3650	1264
28	3659	1310
28	3662	1202
28	3664	1384
28	3665	1276
28	3722	1236
28	3728	1264
28	3737	1310
28	3740	1202
28	3742	1384
28	3743	1276
28	3800	1236
28	3806	1264
28	3815	1310
28	3818	1202
28	3820	1384
28	3821	1276
28	3878	1236
28	3884	1264
28	3893	1310
28	3896	1202
28	3898	1384
28	3899	1276
28	3956	1236
28	3962	1264
28	3971	1310
28	3974	1202
28	3976	1384
28	3977	1276
28	4034	1236
28	4040	1264
28	4049	1310
28	4052	1202
28	4054	1384
28	4055	1276
28	4112	1236
28	4118	1264
28	4127	1310
28	4130	1202
28	4132	1384
28	4133	1276
28	4190	1236
28	4196	1264
28	4205	1310
28	4208	1202
28	4210	1384
28	4211	1276
28	4268	1236
28	4274	1264
28	4283	1310
28	4286	1202
28	4288	1384
28	4289	1276
28	4346	1236
28	4352	1264
28	4361	1310
28	4364	1202
28	4366	1384
28	4367	1276
28	4424	1236
28	4430	1264
28	4439	1310
28	4442	1202
28	4444	1384
28	4445	1276
28	4502	1236
28	4508	1264
28	4517	1310
28	4520	1202
28	4522	1384
28	4523	1276
28	4580	1236
28	4586	1264
28	4595	1310
28	4598	1202
28	4600	1384
28	4601	1276
28	4658	1236
28	4664	1264
28	4673	1310
28	4676	1202
28	4678	1384
28	4679	1276
28	4736	1236
28	4742	1264
28	4751	1310
28	4754	1202
28	4756	1384
28	4757	1276
28	4814	1236
28	4820	1264
28	4829	1310
28	4832	1202
28	4834	1384
28	4835	1276
28	4892	1236
28	4898	1264
28	4907	1310
28	4910	1202
28	4912	1384
28	4913	1276
28	4970	1236
28	4976	1264
28	4985	1310
28	4988	1202
28	4990	1384
28	4991	1276
28	5048	1236
28	5054	1264
28	5063	1310
28	5066	1202
28	5068	1384
28	5069	1276
28	5126	1236
28	5132	1264
28	5141	1310
28	5144	1202
28	5146	1384
28	5147	1276
28	5204	1236
28	5210	1264
28	5219	1310
28	5222	1202
28	5224	1384
28	5225	1276
28	5282	1236
28	5288	1264
28	5297	1310
28	5300	1202
28	5302	1384
28	5303	1276
28	5360	1236
28	5366	1264
28	5375	1310
28	5378	1202
28	5380	1384
28	5381	1276
28	5438	1236
28	5444	1264
28	5453	1310
28	5456	1202
28	5458	1384
28	5459	1276
28	5516	1236
28	5522	1264
28	5531	1310
28	5534	1202
28	5536	1384
28	5537	1276
28	5594	1236
28	5600	1264
28	5609	1310
28	5612	1202
28	5614	1384
28	5615	1276
28	5672	1236
28	5678	1264
28	5687	1310
28	5690	1202
28	5692	1384
28	5693	1276
28	5750	1236
28	5756	1264
28	5765	1310
28	5768	1202
28	5770	1384
28	5771	1276
28	5828	1236
28	5834	1264
28	5843	1310
28	5846	1202
28	5848	1384
28	5849	1276
28	5906	1236
28	5912	1264
28	5921	1310
28	5924	1202
28	5926	1384
28	5927	1276
28	5984	1236
28	5990	1264
28	5999	1310
28	6002	1202
28	6004	1384
28	6005	1276
28	6062	1236
28	6068	1264
28	6077	1310
28	6080	1202
28	6082	1384
28	6083	1276
29	41	1362
29	49	1326
29	62	1316
29	74	1354
29	119	1362
29	127	1326
29	140	1316
29	152	1354
29	197	1362
29	205	1326
29	218	1316
29	230	1354
29	275	1362
29	283	1326
29	296	1316
29	308	1354
29	353	1362
29	361	1326
29	374	1316
29	386	1354
29	431	1362
29	439	1326
29	452	1316
29	464	1354
29	509	1362
29	517	1326
29	530	1316
29	542	1354
29	587	1362
29	595	1326
29	608	1316
29	620	1354
29	665	1362
29	673	1326
29	686	1316
29	698	1354
29	743	1362
29	751	1326
29	764	1316
29	776	1354
29	821	1362
29	829	1326
29	842	1316
29	854	1354
29	899	1362
29	907	1326
29	920	1316
29	932	1354
29	977	1362
29	985	1326
29	998	1316
29	1010	1354
29	1055	1362
29	1063	1326
29	1076	1316
29	1088	1354
29	1133	1362
29	1141	1326
29	1154	1316
29	1166	1354
29	1211	1362
29	1219	1326
29	1232	1316
29	1244	1354
29	1289	1362
29	1297	1326
29	1310	1316
29	1322	1354
29	1367	1362
29	1375	1326
29	1388	1316
29	1400	1354
29	1445	1362
29	1453	1326
29	1466	1316
29	1478	1354
29	1523	1362
29	1531	1326
29	1544	1316
29	1556	1354
29	1601	1362
29	1609	1326
29	1622	1316
29	1634	1354
29	1679	1362
29	1687	1326
29	1700	1316
29	1712	1354
29	1757	1362
29	1765	1326
29	1778	1316
29	1790	1354
29	1835	1362
29	1843	1326
29	1856	1316
29	1868	1354
29	1913	1362
29	1921	1326
29	1934	1316
29	1946	1354
29	1991	1362
29	1999	1326
29	2012	1316
29	2024	1354
29	2069	1362
29	2077	1326
29	2090	1316
29	2102	1354
29	2147	1362
29	2155	1326
29	2168	1316
29	2180	1354
29	2225	1362
29	2233	1326
29	2246	1316
29	2258	1354
29	2303	1362
29	2311	1326
29	2324	1316
29	2336	1354
29	2381	1362
29	2389	1326
29	2402	1316
29	2414	1354
29	2459	1362
29	2467	1326
29	2480	1316
29	2492	1354
29	2537	1362
29	2545	1326
29	2558	1316
29	2570	1354
29	2615	1362
29	2623	1326
29	2636	1316
29	2648	1354
29	2693	1362
29	2701	1326
29	2714	1316
29	2726	1354
29	2771	1362
29	2779	1326
29	2792	1316
29	2804	1354
29	2849	1362
29	2857	1326
29	2870	1316
29	2882	1354
29	2927	1362
29	2935	1326
29	2948	1316
29	2960	1354
29	3005	1362
29	3013	1326
29	3026	1316
29	3038	1354
29	3083	1362
29	3091	1326
29	3104	1316
29	3116	1354
29	3161	1362
29	3169	1326
29	3182	1316
29	3194	1354
29	3239	1362
29	3247	1326
29	3260	1316
29	3272	1354
29	3317	1362
29	3325	1326
29	3338	1316
29	3350	1354
29	3395	1362
29	3403	1326
29	3416	1316
29	3428	1354
29	3473	1362
29	3481	1326
29	3494	1316
29	3506	1354
29	3551	1362
29	3559	1326
29	3572	1316
29	3584	1354
29	3629	1362
29	3637	1326
29	3650	1316
29	3662	1354
29	3707	1362
29	3715	1326
29	3728	1316
29	3740	1354
29	3785	1362
29	3793	1326
29	3806	1316
29	3818	1354
29	3863	1362
29	3871	1326
29	3884	1316
29	3896	1354
29	3941	1362
29	3949	1326
29	3962	1316
29	3974	1354
29	4019	1362
29	4027	1326
29	4040	1316
29	4052	1354
29	4097	1362
29	4105	1326
29	4118	1316
29	4130	1354
29	4175	1362
29	4183	1326
29	4196	1316
29	4208	1354
29	4253	1362
29	4261	1326
29	4274	1316
29	4286	1354
29	4331	1362
29	4339	1326
29	4352	1316
29	4364	1354
29	4409	1362
29	4417	1326
29	4430	1316
29	4442	1354
29	4487	1362
29	4495	1326
29	4508	1316
29	4520	1354
29	4565	1362
29	4573	1326
29	4586	1316
29	4598	1354
29	4643	1362
29	4651	1326
29	4664	1316
29	4676	1354
29	4721	1362
29	4729	1326
29	4742	1316
29	4754	1354
29	4799	1362
29	4807	1326
29	4820	1316
29	4832	1354
29	4877	1362
29	4885	1326
29	4898	1316
29	4910	1354
29	4955	1362
29	4963	1326
29	4976	1316
29	4988	1354
29	5033	1362
29	5041	1326
29	5054	1316
29	5066	1354
29	5111	1362
29	5119	1326
29	5132	1316
29	5144	1354
29	5189	1362
29	5197	1326
29	5210	1316
29	5222	1354
29	5267	1362
29	5275	1326
29	5288	1316
29	5300	1354
29	5345	1362
29	5353	1326
29	5366	1316
29	5378	1354
29	5423	1362
29	5431	1326
29	5444	1316
29	5456	1354
29	5501	1362
29	5509	1326
29	5522	1316
29	5534	1354
29	5579	1362
29	5587	1326
29	5600	1316
29	5612	1354
29	5657	1362
29	5665	1326
29	5678	1316
29	5690	1354
29	5735	1362
29	5743	1326
29	5756	1316
29	5768	1354
29	5813	1362
29	5821	1326
29	5834	1316
29	5846	1354
29	5891	1362
29	5899	1326
29	5912	1316
29	5924	1354
29	5969	1362
29	5977	1326
29	5990	1316
29	6002	1354
29	6047	1362
29	6055	1326
29	6068	1316
29	6080	1354
30	11	1440
30	56	1286
30	62	1198
30	71	1228
30	74	1348
30	89	1440
30	134	1286
30	140	1198
30	149	1228
30	152	1348
30	167	1440
30	212	1286
30	218	1198
30	227	1228
30	230	1348
30	245	1440
30	290	1286
30	296	1198
30	305	1228
30	308	1348
30	323	1440
30	368	1286
30	374	1198
30	383	1228
30	386	1348
30	401	1440
30	446	1286
30	452	1198
30	461	1228
30	464	1348
30	479	1440
30	524	1286
30	530	1198
30	539	1228
30	542	1348
30	557	1440
30	602	1286
30	608	1198
30	617	1228
30	620	1348
30	635	1440
30	680	1286
30	686	1198
30	695	1228
30	698	1348
30	713	1440
30	758	1286
30	764	1198
30	773	1228
30	776	1348
30	791	1440
30	836	1286
30	842	1198
30	851	1228
30	854	1348
30	869	1440
30	914	1286
30	920	1198
30	929	1228
30	932	1348
30	947	1440
30	992	1286
30	998	1198
30	1007	1228
30	1010	1348
30	1025	1440
30	1070	1286
30	1076	1198
30	1085	1228
30	1088	1348
30	1103	1440
30	1148	1286
30	1154	1198
30	1163	1228
30	1166	1348
30	1181	1440
30	1226	1286
30	1232	1198
30	1241	1228
30	1244	1348
30	1259	1440
30	1304	1286
30	1310	1198
30	1319	1228
30	1322	1348
30	1337	1440
30	1382	1286
30	1388	1198
30	1397	1228
30	1400	1348
30	1415	1440
30	1460	1286
30	1466	1198
30	1475	1228
30	1478	1348
30	1493	1440
30	1538	1286
30	1544	1198
30	1553	1228
30	1556	1348
30	1571	1440
30	1616	1286
30	1622	1198
30	1631	1228
30	1634	1348
30	1649	1440
30	1694	1286
30	1700	1198
30	1709	1228
30	1712	1348
30	1727	1440
30	1772	1286
30	1778	1198
30	1787	1228
30	1790	1348
30	1805	1440
30	1850	1286
30	1856	1198
30	1865	1228
30	1868	1348
30	1883	1440
30	1928	1286
30	1934	1198
30	1943	1228
30	1946	1348
30	1961	1440
30	2006	1286
30	2012	1198
30	2021	1228
30	2024	1348
30	2039	1440
30	2084	1286
30	2090	1198
30	2099	1228
30	2102	1348
30	2117	1440
30	2162	1286
30	2168	1198
30	2177	1228
30	2180	1348
30	2195	1440
30	2240	1286
30	2246	1198
30	2255	1228
30	2258	1348
30	2273	1440
30	2318	1286
30	2324	1198
30	2333	1228
30	2336	1348
30	2351	1440
30	2396	1286
30	2402	1198
30	2411	1228
30	2414	1348
30	2429	1440
30	2474	1286
30	2480	1198
30	2489	1228
30	2492	1348
30	2507	1440
30	2552	1286
30	2558	1198
30	2567	1228
30	2570	1348
30	2585	1440
30	2630	1286
30	2636	1198
30	2645	1228
30	2648	1348
30	2663	1440
30	2708	1286
30	2714	1198
30	2723	1228
30	2726	1348
30	2741	1440
30	2786	1286
30	2792	1198
30	2801	1228
30	2804	1348
30	2819	1440
30	2864	1286
30	2870	1198
30	2879	1228
30	2882	1348
30	2897	1440
30	2942	1286
30	2948	1198
30	2957	1228
30	2960	1348
30	2975	1440
30	3020	1286
30	3026	1198
30	3035	1228
30	3038	1348
30	3053	1440
30	3098	1286
30	3104	1198
30	3113	1228
30	3116	1348
30	3131	1440
30	3176	1286
30	3182	1198
30	3191	1228
30	3194	1348
30	3209	1440
30	3254	1286
30	3260	1198
30	3269	1228
30	3272	1348
30	3287	1440
30	3332	1286
30	3338	1198
30	3347	1228
30	3350	1348
30	3365	1440
30	3410	1286
30	3416	1198
30	3425	1228
30	3428	1348
30	3443	1440
30	3488	1286
30	3494	1198
30	3503	1228
30	3506	1348
30	3521	1440
30	3566	1286
30	3572	1198
30	3581	1228
30	3584	1348
30	3599	1440
30	3644	1286
30	3650	1198
30	3659	1228
30	3662	1348
30	3677	1440
30	3722	1286
30	3728	1198
30	3737	1228
30	3740	1348
30	3755	1440
30	3800	1286
30	3806	1198
30	3815	1228
30	3818	1348
30	3833	1440
30	3878	1286
30	3884	1198
30	3893	1228
30	3896	1348
30	3911	1440
30	3956	1286
30	3962	1198
30	3971	1228
30	3974	1348
30	3989	1440
30	4034	1286
30	4040	1198
30	4049	1228
30	4052	1348
30	4067	1440
30	4112	1286
30	4118	1198
30	4127	1228
30	4130	1348
30	4145	1440
30	4190	1286
30	4196	1198
30	4205	1228
30	4208	1348
30	4223	1440
30	4268	1286
30	4274	1198
30	4283	1228
30	4286	1348
30	4301	1440
30	4346	1286
30	4352	1198
30	4361	1228
30	4364	1348
30	4379	1440
30	4424	1286
30	4430	1198
30	4439	1228
30	4442	1348
30	4457	1440
30	4502	1286
30	4508	1198
30	4517	1228
30	4520	1348
30	4535	1440
30	4580	1286
30	4586	1198
30	4595	1228
30	4598	1348
30	4613	1440
30	4658	1286
30	4664	1198
30	4673	1228
30	4676	1348
30	4691	1440
30	4736	1286
30	4742	1198
30	4751	1228
30	4754	1348
30	4769	1440
30	4814	1286
30	4820	1198
30	4829	1228
30	4832	1348
30	4847	1440
30	4892	1286
30	4898	1198
30	4907	1228
30	4910	1348
30	4925	1440
30	4970	1286
30	4976	1198
30	4985	1228
30	4988	1348
30	5003	1440
30	5048	1286
30	5054	1198
30	5063	1228
30	5066	1348
30	5081	1440
30	5126	1286
30	5132	1198
30	5141	1228
30	5144	1348
30	5159	1440
30	5204	1286
30	5210	1198
30	5219	1228
30	5222	1348
30	5237	1440
30	5282	1286
30	5288	1198
30	5297	1228
30	5300	1348
30	5315	1440
30	5360	1286
30	5366	1198
30	5375	1228
30	5378	1348
30	5393	1440
30	5438	1286
30	5444	1198
30	5453	1228
30	5456	1348
30	5471	1440
30	5516	1286
30	5522	1198
30	5531	1228
30	5534	1348
30	5549	1440
30	5594	1286
30	5600	1198
30	5609	1228
30	5612	1348
30	5627	1440
30	5672	1286
30	5678	1198
30	5687	1228
30	5690	1348
30	5705	1440
30	5750	1286
30	5756	1198
30	5765	1228
30	5768	1348
30	5783	1440
30	5828	1286
30	5834	1198
30	5843	1228
30	5846	1348
30	5861	1440
30	5906	1286
30	5912	1198
30	5921	1228
30	5924	1348
30	5939	1440
30	5984	1286
30	5990	1198
30	5999	1228
30	6002	1348
30	6017	1440
30	6062	1286
30	6068	1198
30	6077	1228
30	6080	1348
31	11	1440
31	56	1286
31	62	1198
31	71	1348
31	89	1440
31	134	1286
31	140	1198
31	149	1348
31	167	1440
31	212	1286
31	218	1198
31	227	1348
31	245	1440
31	290	1286
31	296	1198
31	305	1348
31	323	1440
31	368	1286
31	374	1198
31	383	1348
31	401	1440
31	446	1286
31	452	1198
31	461	1348
31	479	1440
31	524	1286
31	530	1198
31	539	1348
31	557	1440
31	602	1286
31	608	1198
31	617	1348
31	635	1440
31	680	1286
31	686	1198
31	695	1348
31	713	1440
31	758	1286
31	764	1198
31	773	1348
31	791	1440
31	836	1286
31	842	1198
31	851	1348
31	869	1440
31	914	1286
31	920	1198
31	929	1348
31	947	1440
31	992	1286
31	998	1198
31	1007	1348
31	1025	1440
31	1070	1286
31	1076	1198
31	1085	1348
31	1103	1440
31	1148	1286
31	1154	1198
31	1163	1348
31	1181	1440
31	1226	1286
31	1232	1198
31	1241	1348
31	1259	1440
31	1304	1286
31	1310	1198
31	1319	1348
31	1337	1440
31	1382	1286
31	1388	1198
31	1397	1348
31	1415	1440
31	1460	1286
31	1466	1198
31	1475	1348
31	1493	1440
31	1538	1286
31	1544	1198
31	1553	1348
31	1571	1440
31	1616	1286
31	1622	1198
31	1631	1348
31	1649	1440
31	1694	1286
31	1700	1198
31	1709	1348
31	1727	1440
31	1772	1286
31	1778	1198
31	1787	1348
31	1805	1440
31	1850	1286
31	1856	1198
31	1865	1348
31	1883	1440
31	1928	1286
31	1934	1198
31	1943	1348
31	1961	1440
31	2006	1286
31	2012	1198
31	2021	1348
31	2039	1440
31	2084	1286
31	2090	1198
31	2099	1348
31	2117	1440
31	2162	1286
31	2168	1198
31	2177	1348
31	2195	1440
31	2240	1286
31	2246	1198
31	2255	1348
31	2273	1440
31	2318	1286
31	2324	1198
31	2333	1348
31	2351	1440
31	2396	1286
31	2402	1198
31	2411	1348
31	2429	1440
31	2474	1286
31	2480	1198
31	2489	1348
31	2507	1440
31	2552	1286
31	2558	1198
31	2567	1348
31	2585	1440
31	2630	1286
31	2636	1198
31	2645	1348
31	2663	1440
31	2708	1286
31	2714	1198
31	2723	1348
31	2741	1440
31	2786	1286
31	2792	1198
31	2801	1348
31	2819	1440
31	2864	1286
31	2870	1198
31	2879	1348
31	2897	1440
31	2942	1286
31	2948	1198
31	2957	1348
31	2975	1440
31	3020	1286
31	3026	1198
31	3035	1348
31	3053	1440
31	3098	1286
31	3104	1198
31	3113	1348
31	3131	1440
31	3176	1286
31	3182	1198
31	3191	1348
31	3209	1440
31	3254	1286
31	3260	1198
31	3269	1348
31	3287	1440
31	3332	1286
31	3338	1198
31	3347	1348
31	3365	1440
31	3410	1286
31	3416	1198
31	3425	1348
31	3443	1440
31	3488	1286
31	3494	1198
31	3503	1348
31	3521	1440
31	3566	1286
31	3572	1198
31	3581	1348
31	3599	1440
31	3644	1286
31	3650	1198
31	3659	1348
31	3677	1440
31	3722	1286
31	3728	1198
31	3737	1348
31	3755	1440
31	3800	1286
31	3806	1198
31	3815	1348
31	3833	1440
31	3878	1286
31	3884	1198
31	3893	1348
31	3911	1440
31	3956	1286
31	3962	1198
31	3971	1348
31	3989	1440
31	4034	1286
31	4040	1198
31	4049	1348
31	4067	1440
31	4112	1286
31	4118	1198
31	4127	1348
31	4145	1440
31	4190	1286
31	4196	1198
31	4205	1348
31	4223	1440
31	4268	1286
31	4274	1198
31	4283	1348
31	4301	1440
31	4346	1286
31	4352	1198
31	4361	1348
31	4379	1440
31	4424	1286
31	4430	1198
31	4439	1348
31	4457	1440
31	4502	1286
31	4508	1198
31	4517	1348
31	4535	1440
31	4580	1286
31	4586	1198
31	4595	1348
31	4613	1440
31	4658	1286
31	4664	1198
31	4673	1348
31	4691	1440
31	4736	1286
31	4742	1198
31	4751	1348
31	4769	1440
31	4814	1286
31	4820	1198
31	4829	1348
31	4847	1440
31	4892	1286
31	4898	1198
31	4907	1348
31	4925	1440
31	4970	1286
31	4976	1198
31	4985	1348
31	5003	1440
31	5048	1286
31	5054	1198
31	5063	1348
31	5081	1440
31	5126	1286
31	5132	1198
31	5141	1348
31	5159	1440
31	5204	1286
31	5210	1198
31	5219	1348
31	5237	1440
31	5282	1286
31	5288	1198
31	5297	1348
31	5315	1440
31	5360	1286
31	5366	1198
31	5375	1348
31	5393	1440
31	5438	1286
31	5444	1198
31	5453	1348
31	5471	1440
31	5516	1286
31	5522	1198
31	5531	1348
31	5549	1440
31	5594	1286
31	5600	1198
31	5609	1348
31	5627	1440
31	5672	1286
31	5678	1198
31	5687	1348
31	5705	1440
31	5750	1286
31	5756	1198
31	5765	1348
31	5783	1440
31	5828	1286
31	5834	1198
31	5843	1348
31	5861	1440
31	5906	1286
31	5912	1198
31	5921	1348
31	5939	1440
31	5984	1286
31	5990	1198
31	5999	1348
31	6017	1440
31	6062	1286
31	6068	1198
31	6077	1348
32	11	1440
32	56	1286
32	62	1198
32	71	1348
32	76	1288
32	89	1440
32	134	1286
32	140	1198
32	149	1348
32	154	1288
32	167	1440
32	212	1286
32	218	1198
32	227	1348
32	232	1288
32	245	1440
32	290	1286
32	296	1198
32	305	1348
32	310	1288
32	323	1440
32	368	1286
32	374	1198
32	383	1348
32	388	1288
32	401	1440
32	446	1286
32	452	1198
32	461	1348
32	466	1288
32	479	1440
32	524	1286
32	530	1198
32	539	1348
32	544	1288
32	557	1440
32	602	1286
32	608	1198
32	617	1348
32	622	1288
32	635	1440
32	680	1286
32	686	1198
32	695	1348
32	700	1288
32	713	1440
32	758	1286
32	764	1198
32	773	1348
32	778	1288
32	791	1440
32	836	1286
32	842	1198
32	851	1348
32	856	1288
32	869	1440
32	914	1286
32	920	1198
32	929	1348
32	934	1288
32	947	1440
32	992	1286
32	998	1198
32	1007	1348
32	1012	1288
32	1025	1440
32	1070	1286
32	1076	1198
32	1085	1348
32	1090	1288
32	1103	1440
32	1148	1286
32	1154	1198
32	1163	1348
32	1168	1288
32	1181	1440
32	1226	1286
32	1232	1198
32	1241	1348
32	1246	1288
32	1259	1440
32	1304	1286
32	1310	1198
32	1319	1348
32	1324	1288
32	1337	1440
32	1382	1286
32	1388	1198
32	1397	1348
32	1402	1288
32	1415	1440
32	1460	1286
32	1466	1198
32	1475	1348
32	1480	1288
32	1493	1440
32	1538	1286
32	1544	1198
32	1553	1348
32	1558	1288
32	1571	1440
32	1616	1286
32	1622	1198
32	1631	1348
32	1636	1288
32	1649	1440
32	1694	1286
32	1700	1198
32	1709	1348
32	1714	1288
32	1727	1440
32	1772	1286
32	1778	1198
32	1787	1348
32	1792	1288
32	1805	1440
32	1850	1286
32	1856	1198
32	1865	1348
32	1870	1288
32	1883	1440
32	1928	1286
32	1934	1198
32	1943	1348
32	1948	1288
32	1961	1440
32	2006	1286
32	2012	1198
32	2021	1348
32	2026	1288
32	2039	1440
32	2084	1286
32	2090	1198
32	2099	1348
32	2104	1288
32	2117	1440
32	2162	1286
32	2168	1198
32	2177	1348
32	2182	1288
32	2195	1440
32	2240	1286
32	2246	1198
32	2255	1348
32	2260	1288
32	2273	1440
32	2318	1286
32	2324	1198
32	2333	1348
32	2338	1288
32	2351	1440
32	2396	1286
32	2402	1198
32	2411	1348
32	2416	1288
32	2429	1440
32	2474	1286
32	2480	1198
32	2489	1348
32	2494	1288
32	2507	1440
32	2552	1286
32	2558	1198
32	2567	1348
32	2572	1288
32	2585	1440
32	2630	1286
32	2636	1198
32	2645	1348
32	2650	1288
32	2663	1440
32	2708	1286
32	2714	1198
32	2723	1348
32	2728	1288
32	2741	1440
32	2786	1286
32	2792	1198
32	2801	1348
32	2806	1288
32	2819	1440
32	2864	1286
32	2870	1198
32	2879	1348
32	2884	1288
32	2897	1440
32	2942	1286
32	2948	1198
32	2957	1348
32	2962	1288
32	2975	1440
32	3020	1286
32	3026	1198
32	3035	1348
32	3040	1288
32	3053	1440
32	3098	1286
32	3104	1198
32	3113	1348
32	3118	1288
32	3131	1440
32	3176	1286
32	3182	1198
32	3191	1348
32	3196	1288
32	3209	1440
32	3254	1286
32	3260	1198
32	3269	1348
32	3274	1288
32	3287	1440
32	3332	1286
32	3338	1198
32	3347	1348
32	3352	1288
32	3365	1440
32	3410	1286
32	3416	1198
32	3425	1348
32	3430	1288
32	3443	1440
32	3488	1286
32	3494	1198
32	3503	1348
32	3508	1288
32	3521	1440
32	3566	1286
32	3572	1198
32	3581	1348
32	3586	1288
32	3599	1440
32	3644	1286
32	3650	1198
32	3659	1348
32	3664	1288
32	3677	1440
32	3722	1286
32	3728	1198
32	3737	1348
32	3742	1288
32	3755	1440
32	3800	1286
32	3806	1198
32	3815	1348
32	3820	1288
32	3833	1440
32	3878	1286
32	3884	1198
32	3893	1348
32	3898	1288
32	3911	1440
32	3956	1286
32	3962	1198
32	3971	1348
32	3976	1288
32	3989	1440
32	4034	1286
32	4040	1198
32	4049	1348
32	4054	1288
32	4067	1440
32	4112	1286
32	4118	1198
32	4127	1348
32	4132	1288
32	4145	1440
32	4190	1286
32	4196	1198
32	4205	1348
32	4210	1288
32	4223	1440
32	4268	1286
32	4274	1198
32	4283	1348
32	4288	1288
32	4301	1440
32	4346	1286
32	4352	1198
32	4361	1348
32	4366	1288
32	4379	1440
32	4424	1286
32	4430	1198
32	4439	1348
32	4444	1288
32	4457	1440
32	4502	1286
32	4508	1198
32	4517	1348
32	4522	1288
32	4535	1440
32	4580	1286
32	4586	1198
32	4595	1348
32	4600	1288
32	4613	1440
32	4658	1286
32	4664	1198
32	4673	1348
32	4678	1288
32	4691	1440
32	4736	1286
32	4742	1198
32	4751	1348
32	4756	1288
32	4769	1440
32	4814	1286
32	4820	1198
32	4829	1348
32	4834	1288
32	4847	1440
32	4892	1286
32	4898	1198
32	4907	1348
32	4912	1288
32	4925	1440
32	4970	1286
32	4976	1198
32	4985	1348
32	4990	1288
32	5003	1440
32	5048	1286
32	5054	1198
32	5063	1348
32	5068	1288
32	5081	1440
32	5126	1286
32	5132	1198
32	5141	1348
32	5146	1288
32	5159	1440
32	5204	1286
32	5210	1198
32	5219	1348
32	5224	1288
32	5237	1440
32	5282	1286
32	5288	1198
32	5297	1348
32	5302	1288
32	5315	1440
32	5360	1286
32	5366	1198
32	5375	1348
32	5380	1288
32	5393	1440
32	5438	1286
32	5444	1198
32	5453	1348
32	5458	1288
32	5471	1440
32	5516	1286
32	5522	1198
32	5531	1348
32	5536	1288
32	5549	1440
32	5594	1286
32	5600	1198
32	5609	1348
32	5614	1288
32	5627	1440
32	5672	1286
32	5678	1198
32	5687	1348
32	5692	1288
32	5705	1440
32	5750	1286
32	5756	1198
32	5765	1348
32	5770	1288
32	5783	1440
32	5828	1286
32	5834	1198
32	5843	1348
32	5848	1288
32	5861	1440
32	5906	1286
32	5912	1198
32	5921	1348
32	5926	1288
32	5939	1440
32	5984	1286
32	5990	1198
32	5999	1348
32	6004	1288
32	6017	1440
32	6062	1286
32	6068	1198
32	6077	1348
32	6082	1288
33	32	1250
33	49	1276
33	62	1330
33	67	1304
33	71	1222
33	74	1356
33	76	1274
33	110	1250
33	127	1276
33	140	1330
33	145	1304
33	149	1222
33	152	1356
33	154	1274
33	188	1250
33	205	1276
33	218	1330
33	223	1304
33	227	1222
33	230	1356
33	232	1274
33	266	1250
33	283	1276
33	296	1330
33	301	1304
33	305	1222
33	308	1356
33	310	1274
33	344	1250
33	361	1276
33	374	1330
33	379	1304
33	383	1222
33	386	1356
33	388	1274
33	422	1250
33	439	1276
33	452	1330
33	457	1304
33	461	1222
33	464	1356
33	466	1274
33	500	1250
33	517	1276
33	530	1330
33	535	1304
33	539	1222
33	542	1356
33	544	1274
33	578	1250
33	595	1276
33	608	1330
33	613	1304
33	617	1222
33	620	1356
33	622	1274
33	656	1250
33	673	1276
33	686	1330
33	691	1304
33	695	1222
33	698	1356
33	700	1274
33	734	1250
33	751	1276
33	764	1330
33	769	1304
33	773	1222
33	776	1356
33	778	1274
33	812	1250
33	829	1276
33	842	1330
33	847	1304
33	851	1222
33	854	1356
33	856	1274
33	890	1250
33	907	1276
33	920	1330
33	925	1304
33	929	1222
33	932	1356
33	934	1274
33	968	1250
33	985	1276
33	998	1330
33	1003	1304
33	1007	1222
33	1010	1356
33	1012	1274
33	1046	1250
33	1063	1276
33	1076	1330
33	1081	1304
33	1085	1222
33	1088	1356
33	1090	1274
33	1124	1250
33	1141	1276
33	1154	1330
33	1159	1304
33	1163	1222
33	1166	1356
33	1168	1274
33	1202	1250
33	1219	1276
33	1232	1330
33	1237	1304
33	1241	1222
33	1244	1356
33	1246	1274
33	1280	1250
33	1297	1276
33	1310	1330
33	1315	1304
33	1319	1222
33	1322	1356
33	1324	1274
33	1358	1250
33	1375	1276
33	1388	1330
33	1393	1304
33	1397	1222
33	1400	1356
33	1402	1274
33	1436	1250
33	1453	1276
33	1466	1330
33	1471	1304
33	1475	1222
33	1478	1356
33	1480	1274
33	1514	1250
33	1531	1276
33	1544	1330
33	1549	1304
33	1553	1222
33	1556	1356
33	1558	1274
33	1592	1250
33	1609	1276
33	1622	1330
33	1627	1304
33	1631	1222
33	1634	1356
33	1636	1274
33	1670	1250
33	1687	1276
33	1700	1330
33	1705	1304
33	1709	1222
33	1712	1356
33	1714	1274
33	1748	1250
33	1765	1276
33	1778	1330
33	1783	1304
33	1787	1222
33	1790	1356
33	1792	1274
33	1826	1250
33	1843	1276
33	1856	1330
33	1861	1304
33	1865	1222
33	1868	1356
33	1870	1274
33	1904	1250
33	1921	1276
33	1934	1330
33	1939	1304
33	1943	1222
33	1946	1356
33	1948	1274
33	1982	1250
33	1999	1276
33	2012	1330
33	2017	1304
33	2021	1222
33	2024	1356
33	2026	1274
33	2060	1250
33	2077	1276
33	2090	1330
33	2095	1304
33	2099	1222
33	2102	1356
33	2104	1274
33	2138	1250
33	2155	1276
33	2168	1330
33	2173	1304
33	2177	1222
33	2180	1356
33	2182	1274
33	2216	1250
33	2233	1276
33	2246	1330
33	2251	1304
33	2255	1222
33	2258	1356
33	2260	1274
33	2294	1250
33	2311	1276
33	2324	1330
33	2329	1304
33	2333	1222
33	2336	1356
33	2338	1274
33	2372	1250
33	2389	1276
33	2402	1330
33	2407	1304
33	2411	1222
33	2414	1356
33	2416	1274
33	2450	1250
33	2467	1276
33	2480	1330
33	2485	1304
33	2489	1222
33	2492	1356
33	2494	1274
33	2528	1250
33	2545	1276
33	2558	1330
33	2563	1304
33	2567	1222
33	2570	1356
33	2572	1274
33	2606	1250
33	2623	1276
33	2636	1330
33	2641	1304
33	2645	1222
33	2648	1356
33	2650	1274
33	2684	1250
33	2701	1276
33	2714	1330
33	2719	1304
33	2723	1222
33	2726	1356
33	2728	1274
33	2762	1250
33	2779	1276
33	2792	1330
33	2797	1304
33	2801	1222
33	2804	1356
33	2806	1274
33	2840	1250
33	2857	1276
33	2870	1330
33	2875	1304
33	2879	1222
33	2882	1356
33	2884	1274
33	2918	1250
33	2935	1276
33	2948	1330
33	2953	1304
33	2957	1222
33	2960	1356
33	2962	1274
33	2996	1250
33	3013	1276
33	3026	1330
33	3031	1304
33	3035	1222
33	3038	1356
33	3040	1274
33	3074	1250
33	3091	1276
33	3104	1330
33	3109	1304
33	3113	1222
33	3116	1356
33	3118	1274
33	3152	1250
33	3169	1276
33	3182	1330
33	3187	1304
33	3191	1222
33	3194	1356
33	3196	1274
33	3230	1250
33	3247	1276
33	3260	1330
33	3265	1304
33	3269	1222
33	3272	1356
33	3274	1274
33	3308	1250
33	3325	1276
33	3338	1330
33	3343	1304
33	3347	1222
33	3350	1356
33	3352	1274
33	3386	1250
33	3403	1276
33	3416	1330
33	3421	1304
33	3425	1222
33	3428	1356
33	3430	1274
33	3464	1250
33	3481	1276
33	3494	1330
33	3499	1304
33	3503	1222
33	3506	1356
33	3508	1274
33	3542	1250
33	3559	1276
33	3572	1330
33	3577	1304
33	3581	1222
33	3584	1356
33	3586	1274
33	3620	1250
33	3637	1276
33	3650	1330
33	3655	1304
33	3659	1222
33	3662	1356
33	3664	1274
33	3698	1250
33	3715	1276
33	3728	1330
33	3733	1304
33	3737	1222
33	3740	1356
33	3742	1274
33	3776	1250
33	3793	1276
33	3806	1330
33	3811	1304
33	3815	1222
33	3818	1356
33	3820	1274
33	3854	1250
33	3871	1276
33	3884	1330
33	3889	1304
33	3893	1222
33	3896	1356
33	3898	1274
33	3932	1250
33	3949	1276
33	3962	1330
33	3967	1304
33	3971	1222
33	3974	1356
33	3976	1274
33	4010	1250
33	4027	1276
33	4040	1330
33	4045	1304
33	4049	1222
33	4052	1356
33	4054	1274
33	4088	1250
33	4105	1276
33	4118	1330
33	4123	1304
33	4127	1222
33	4130	1356
33	4132	1274
33	4166	1250
33	4183	1276
33	4196	1330
33	4201	1304
33	4205	1222
33	4208	1356
33	4210	1274
33	4244	1250
33	4261	1276
33	4274	1330
33	4279	1304
33	4283	1222
33	4286	1356
33	4288	1274
33	4322	1250
33	4339	1276
33	4352	1330
33	4357	1304
33	4361	1222
33	4364	1356
33	4366	1274
33	4400	1250
33	4417	1276
33	4430	1330
33	4435	1304
33	4439	1222
33	4442	1356
33	4444	1274
33	4478	1250
33	4495	1276
33	4508	1330
33	4513	1304
33	4517	1222
33	4520	1356
33	4522	1274
33	4556	1250
33	4573	1276
33	4586	1330
33	4591	1304
33	4595	1222
33	4598	1356
33	4600	1274
33	4634	1250
33	4651	1276
33	4664	1330
33	4669	1304
33	4673	1222
33	4676	1356
33	4678	1274
33	4712	1250
33	4729	1276
33	4742	1330
33	4747	1304
33	4751	1222
33	4754	1356
33	4756	1274
33	4790	1250
33	4807	1276
33	4820	1330
33	4825	1304
33	4829	1222
33	4832	1356
33	4834	1274
33	4868	1250
33	4885	1276
33	4898	1330
33	4903	1304
33	4907	1222
33	4910	1356
33	4912	1274
33	4946	1250
33	4963	1276
33	4976	1330
33	4981	1304
33	4985	1222
33	4988	1356
33	4990	1274
33	5024	1250
33	5041	1276
33	5054	1330
33	5059	1304
33	5063	1222
33	5066	1356
33	5068	1274
33	5102	1250
33	5119	1276
33	5132	1330
33	5137	1304
33	5141	1222
33	5144	1356
33	5146	1274
33	5180	1250
33	5197	1276
33	5210	1330
33	5215	1304
33	5219	1222
33	5222	1356
33	5224	1274
33	5258	1250
33	5275	1276
33	5288	1330
33	5293	1304
33	5297	1222
33	5300	1356
33	5302	1274
33	5336	1250
33	5353	1276
33	5366	1330
33	5371	1304
33	5375	1222
33	5378	1356
33	5380	1274
33	5414	1250
33	5431	1276
33	5444	1330
33	5449	1304
33	5453	1222
33	5456	1356
33	5458	1274
33	5492	1250
33	5509	1276
33	5522	1330
33	5527	1304
33	5531	1222
33	5534	1356
33	5536	1274
33	5570	1250
33	5587	1276
33	5600	1330
33	5605	1304
33	5609	1222
33	5612	1356
33	5614	1274
33	5648	1250
33	5665	1276
33	5678	1330
33	5683	1304
33	5687	1222
33	5690	1356
33	5692	1274
33	5726	1250
33	5743	1276
33	5756	1330
33	5761	1304
33	5765	1222
33	5768	1356
33	5770	1274
33	5804	1250
33	5821	1276
33	5834	1330
33	5839	1304
33	5843	1222
33	5846	1356
33	5848	1274
33	5882	1250
33	5899	1276
33	5912	1330
33	5917	1304
33	5921	1222
33	5924	1356
33	5926	1274
33	5960	1250
33	5977	1276
33	5990	1330
33	5995	1304
33	5999	1222
33	6002	1356
33	6004	1274
33	6038	1250
33	6055	1276
33	6068	1330
33	6073	1304
33	6077	1222
33	6080	1356
33	6082	1274
34	41	1240
34	49	1236
34	62	1200
34	67	1212
34	74	1208
34	76	1244
34	77	1228
34	119	1240
34	127	1236
34	140	1200
34	145	1212
34	152	1208
34	154	1244
34	155	1228
34	197	1240
34	205	1236
34	218	1200
34	223	1212
34	230	1208
34	232	1244
34	233	1228
34	275	1240
34	283	1236
34	296	1200
34	301	1212
34	308	1208
34	310	1244
34	311	1228
34	353	1240
34	361	1236
34	374	1200
34	379	1212
34	386	1208
34	388	1244
34	389	1228
34	431	1240
34	439	1236
34	452	1200
34	457	1212
34	464	1208
34	466	1244
34	467	1228
34	509	1240
34	517	1236
34	530	1200
34	535	1212
34	542	1208
34	544	1244
34	545	1228
34	587	1240
34	595	1236
34	608	1200
34	613	1212
34	620	1208
34	622	1244
34	623	1228
34	665	1240
34	673	1236
34	686	1200
34	691	1212
34	698	1208
34	700	1244
34	701	1228
34	743	1240
34	751	1236
34	764	1200
34	769	1212
34	776	1208
34	778	1244
34	779	1228
34	821	1240
34	829	1236
34	842	1200
34	847	1212
34	854	1208
34	856	1244
34	857	1228
34	899	1240
34	907	1236
34	920	1200
34	925	1212
34	932	1208
34	934	1244
34	935	1228
34	977	1240
34	985	1236
34	998	1200
34	1003	1212
34	1010	1208
34	1012	1244
34	1013	1228
34	1055	1240
34	1063	1236
34	1076	1200
34	1081	1212
34	1088	1208
34	1090	1244
34	1091	1228
34	1133	1240
34	1141	1236
34	1154	1200
34	1159	1212
34	1166	1208
34	1168	1244
34	1169	1228
34	1211	1240
34	1219	1236
34	1232	1200
34	1237	1212
34	1244	1208
34	1246	1244
34	1247	1228
34	1289	1240
34	1297	1236
34	1310	1200
34	1315	1212
34	1322	1208
34	1324	1244
34	1325	1228
34	1367	1240
34	1375	1236
34	1388	1200
34	1393	1212
34	1400	1208
34	1402	1244
34	1403	1228
34	1445	1240
34	1453	1236
34	1466	1200
34	1471	1212
34	1478	1208
34	1480	1244
34	1481	1228
34	1523	1240
34	1531	1236
34	1544	1200
34	1549	1212
34	1556	1208
34	1558	1244
34	1559	1228
34	1601	1240
34	1609	1236
34	1622	1200
34	1627	1212
34	1634	1208
34	1636	1244
34	1637	1228
34	1679	1240
34	1687	1236
34	1700	1200
34	1705	1212
34	1712	1208
34	1714	1244
34	1715	1228
34	1757	1240
34	1765	1236
34	1778	1200
34	1783	1212
34	1790	1208
34	1792	1244
34	1793	1228
34	1835	1240
34	1843	1236
34	1856	1200
34	1861	1212
34	1868	1208
34	1870	1244
34	1871	1228
34	1913	1240
34	1921	1236
34	1934	1200
34	1939	1212
34	1946	1208
34	1948	1244
34	1949	1228
34	1991	1240
34	1999	1236
34	2012	1200
34	2017	1212
34	2024	1208
34	2026	1244
34	2027	1228
34	2069	1240
34	2077	1236
34	2090	1200
34	2095	1212
34	2102	1208
34	2104	1244
34	2105	1228
34	2147	1240
34	2155	1236
34	2168	1200
34	2173	1212
34	2180	1208
34	2182	1244
34	2183	1228
34	2225	1240
34	2233	1236
34	2246	1200
34	2251	1212
34	2258	1208
34	2260	1244
34	2261	1228
34	2303	1240
34	2311	1236
34	2324	1200
34	2329	1212
34	2336	1208
34	2338	1244
34	2339	1228
34	2381	1240
34	2389	1236
34	2402	1200
34	2407	1212
34	2414	1208
34	2416	1244
34	2417	1228
34	2459	1240
34	2467	1236
34	2480	1200
34	2485	1212
34	2492	1208
34	2494	1244
34	2495	1228
34	2537	1240
34	2545	1236
34	2558	1200
34	2563	1212
34	2570	1208
34	2572	1244
34	2573	1228
34	2615	1240
34	2623	1236
34	2636	1200
34	2641	1212
34	2648	1208
34	2650	1244
34	2651	1228
34	2693	1240
34	2701	1236
34	2714	1200
34	2719	1212
34	2726	1208
34	2728	1244
34	2729	1228
34	2771	1240
34	2779	1236
34	2792	1200
34	2797	1212
34	2804	1208
34	2806	1244
34	2807	1228
34	2849	1240
34	2857	1236
34	2870	1200
34	2875	1212
34	2882	1208
34	2884	1244
34	2885	1228
34	2927	1240
34	2935	1236
34	2948	1200
34	2953	1212
34	2960	1208
34	2962	1244
34	2963	1228
34	3005	1240
34	3013	1236
34	3026	1200
34	3031	1212
34	3038	1208
34	3040	1244
34	3041	1228
34	3083	1240
34	3091	1236
34	3104	1200
34	3109	1212
34	3116	1208
34	3118	1244
34	3119	1228
34	3161	1240
34	3169	1236
34	3182	1200
34	3187	1212
34	3194	1208
34	3196	1244
34	3197	1228
34	3239	1240
34	3247	1236
34	3260	1200
34	3265	1212
34	3272	1208
34	3274	1244
34	3275	1228
34	3317	1240
34	3325	1236
34	3338	1200
34	3343	1212
34	3350	1208
34	3352	1244
34	3353	1228
34	3395	1240
34	3403	1236
34	3416	1200
34	3421	1212
34	3428	1208
34	3430	1244
34	3431	1228
34	3473	1240
34	3481	1236
34	3494	1200
34	3499	1212
34	3506	1208
34	3508	1244
34	3509	1228
34	3551	1240
34	3559	1236
34	3572	1200
34	3577	1212
34	3584	1208
34	3586	1244
34	3587	1228
34	3629	1240
34	3637	1236
34	3650	1200
34	3655	1212
34	3662	1208
34	3664	1244
34	3665	1228
34	3707	1240
34	3715	1236
34	3728	1200
34	3733	1212
34	3740	1208
34	3742	1244
34	3743	1228
34	3785	1240
34	3793	1236
34	3806	1200
34	3811	1212
34	3818	1208
34	3820	1244
34	3821	1228
34	3863	1240
34	3871	1236
34	3884	1200
34	3889	1212
34	3896	1208
34	3898	1244
34	3899	1228
34	3941	1240
34	3949	1236
34	3962	1200
34	3967	1212
34	3974	1208
34	3976	1244
34	3977	1228
34	4019	1240
34	4027	1236
34	4040	1200
34	4045	1212
34	4052	1208
34	4054	1244
34	4055	1228
34	4097	1240
34	4105	1236
34	4118	1200
34	4123	1212
34	4130	1208
34	4132	1244
34	4133	1228
34	4175	1240
34	4183	1236
34	4196	1200
34	4201	1212
34	4208	1208
34	4210	1244
34	4211	1228
34	4253	1240
34	4261	1236
34	4274	1200
34	4279	1212
34	4286	1208
34	4288	1244
34	4289	1228
34	4331	1240
34	4339	1236
34	4352	1200
34	4357	1212
34	4364	1208
34	4366	1244
34	4367	1228
34	4409	1240
34	4417	1236
34	4430	1200
34	4435	1212
34	4442	1208
34	4444	1244
34	4445	1228
34	4487	1240
34	4495	1236
34	4508	1200
34	4513	1212
34	4520	1208
34	4522	1244
34	4523	1228
34	4565	1240
34	4573	1236
34	4586	1200
34	4591	1212
34	4598	1208
34	4600	1244
34	4601	1228
34	4643	1240
34	4651	1236
34	4664	1200
34	4669	1212
34	4676	1208
34	4678	1244
34	4679	1228
34	4721	1240
34	4729	1236
34	4742	1200
34	4747	1212
34	4754	1208
34	4756	1244
34	4757	1228
34	4799	1240
34	4807	1236
34	4820	1200
34	4825	1212
34	4832	1208
34	4834	1244
34	4835	1228
34	4877	1240
34	4885	1236
34	4898	1200
34	4903	1212
34	4910	1208
34	4912	1244
34	4913	1228
34	4955	1240
34	4963	1236
34	4976	1200
34	4981	1212
34	4988	1208
34	4990	1244
34	4991	1228
34	5033	1240
34	5041	1236
34	5054	1200
34	5059	1212
34	5066	1208
34	5068	1244
34	5069	1228
34	5111	1240
34	5119	1236
34	5132	1200
34	5137	1212
34	5144	1208
34	5146	1244
34	5147	1228
34	5189	1240
34	5197	1236
34	5210	1200
34	5215	1212
34	5222	1208
34	5224	1244
34	5225	1228
34	5267	1240
34	5275	1236
34	5288	1200
34	5293	1212
34	5300	1208
34	5302	1244
34	5303	1228
34	5345	1240
34	5353	1236
34	5366	1200
34	5371	1212
34	5378	1208
34	5380	1244
34	5381	1228
34	5423	1240
34	5431	1236
34	5444	1200
34	5449	1212
34	5456	1208
34	5458	1244
34	5459	1228
34	5501	1240
34	5509	1236
34	5522	1200
34	5527	1212
34	5534	1208
34	5536	1244
34	5537	1228
34	5579	1240
34	5587	1236
34	5600	1200
34	5605	1212
34	5612	1208
34	5614	1244
34	5615	1228
34	5657	1240
34	5665	1236
34	5678	1200
34	5683	1212
34	5690	1208
34	5692	1244
34	5693	1228
34	5735	1240
34	5743	1236
34	5756	1200
34	5761	1212
34	5768	1208
34	5770	1244
34	5771	1228
34	5813	1240
34	5821	1236
34	5834	1200
34	5839	1212
34	5846	1208
34	5848	1244
34	5849	1228
34	5891	1240
34	5899	1236
34	5912	1200
34	5917	1212
34	5924	1208
34	5926	1244
34	5927	1228
34	5969	1240
34	5977	1236
34	5990	1200
34	5995	1212
34	6002	1208
34	6004	1244
34	6005	1228
34	6047	1240
34	6055	1236
34	6068	1200
34	6073	1212
34	6080	1208
34	6082	1244
34	6083	1228
35	49	1236
35	62	1200
35	67	1208
35	127	1236
35	140	1200
35	145	1208
35	205	1236
35	218	1200
35	223	1208
35	283	1236
35	296	1200
35	301	1208
35	361	1236
35	374	1200
35	379	1208
35	439	1236
35	452	1200
35	457	1208
35	517	1236
35	530	1200
35	535	1208
35	595	1236
35	608	1200
35	613	1208
35	673	1236
35	686	1200
35	691	1208
35	751	1236
35	764	1200
35	769	1208
35	829	1236
35	842	1200
35	847	1208
35	907	1236
35	920	1200
35	925	1208
35	985	1236
35	998	1200
35	1003	1208
35	1063	1236
35	1076	1200
35	1081	1208
35	1141	1236
35	1154	1200
35	1159	1208
35	1219	1236
35	1232	1200
35	1237	1208
35	1297	1236
35	1310	1200
35	1315	1208
35	1375	1236
35	1388	1200
35	1393	1208
35	1453	1236
35	1466	1200
35	1471	1208
35	1531	1236
35	1544	1200
35	1549	1208
35	1609	1236
35	1622	1200
35	1627	1208
35	1687	1236
35	1700	1200
35	1705	1208
35	1765	1236
35	1778	1200
35	1783	1208
35	1843	1236
35	1856	1200
35	1861	1208
35	1921	1236
35	1934	1200
35	1939	1208
35	1999	1236
35	2012	1200
35	2017	1208
35	2077	1236
35	2090	1200
35	2095	1208
35	2155	1236
35	2168	1200
35	2173	1208
35	2233	1236
35	2246	1200
35	2251	1208
35	2311	1236
35	2324	1200
35	2329	1208
35	2389	1236
35	2402	1200
35	2407	1208
35	2467	1236
35	2480	1200
35	2485	1208
35	2545	1236
35	2558	1200
35	2563	1208
35	2623	1236
35	2636	1200
35	2641	1208
35	2701	1236
35	2714	1200
35	2719	1208
35	2779	1236
35	2792	1200
35	2797	1208
35	2857	1236
35	2870	1200
35	2875	1208
35	2935	1236
35	2948	1200
35	2953	1208
35	3013	1236
35	3026	1200
35	3031	1208
35	3091	1236
35	3104	1200
35	3109	1208
35	3169	1236
35	3182	1200
35	3187	1208
35	3247	1236
35	3260	1200
35	3265	1208
35	3325	1236
35	3338	1200
35	3343	1208
35	3403	1236
35	3416	1200
35	3421	1208
35	3481	1236
35	3494	1200
35	3499	1208
35	3559	1236
35	3572	1200
35	3577	1208
35	3637	1236
35	3650	1200
35	3655	1208
35	3715	1236
35	3728	1200
35	3733	1208
35	3793	1236
35	3806	1200
35	3811	1208
35	3871	1236
35	3884	1200
35	3889	1208
35	3949	1236
35	3962	1200
35	3967	1208
35	4027	1236
35	4040	1200
35	4045	1208
35	4105	1236
35	4118	1200
35	4123	1208
35	4183	1236
35	4196	1200
35	4201	1208
35	4261	1236
35	4274	1200
35	4279	1208
35	4339	1236
35	4352	1200
35	4357	1208
35	4417	1236
35	4430	1200
35	4435	1208
35	4495	1236
35	4508	1200
35	4513	1208
35	4573	1236
35	4586	1200
35	4591	1208
35	4651	1236
35	4664	1200
35	4669	1208
35	4729	1236
35	4742	1200
35	4747	1208
35	4807	1236
35	4820	1200
35	4825	1208
35	4885	1236
35	4898	1200
35	4903	1208
35	4963	1236
35	4976	1200
35	4981	1208
35	5041	1236
35	5054	1200
35	5059	1208
35	5119	1236
35	5132	1200
35	5137	1208
35	5197	1236
35	5210	1200
35	5215	1208
35	5275	1236
35	5288	1200
35	5293	1208
35	5353	1236
35	5366	1200
35	5371	1208
35	5431	1236
35	5444	1200
35	5449	1208
35	5509	1236
35	5522	1200
35	5527	1208
35	5587	1236
35	5600	1200
35	5605	1208
35	5665	1236
35	5678	1200
35	5683	1208
35	5743	1236
35	5756	1200
35	5761	1208
35	5821	1236
35	5834	1200
35	5839	1208
35	5899	1236
35	5912	1200
35	5917	1208
35	5977	1236
35	5990	1200
35	5995	1208
35	6055	1236
35	6068	1200
35	6073	1208
36	32	1250
36	49	1276
36	56	1354
36	62	1330
36	67	1222
36	110	1250
36	127	1276
36	134	1354
36	140	1330
36	145	1222
36	188	1250
36	205	1276
36	212	1354
36	218	1330
36	223	1222
36	266	1250
36	283	1276
36	290	1354
36	296	1330
36	301	1222
36	344	1250
36	361	1276
36	368	1354
36	374	1330
36	379	1222
36	422	1250
36	439	1276
36	446	1354
36	452	1330
36	457	1222
36	500	1250
36	517	1276
36	524	1354
36	530	1330
36	535	1222
36	578	1250
36	595	1276
36	602	1354
36	608	1330
36	613	1222
36	656	1250
36	673	1276
36	680	1354
36	686	1330
36	691	1222
36	734	1250
36	751	1276
36	758	1354
36	764	1330
36	769	1222
36	812	1250
36	829	1276
36	836	1354
36	842	1330
36	847	1222
36	890	1250
36	907	1276
36	914	1354
36	920	1330
36	925	1222
36	968	1250
36	985	1276
36	992	1354
36	998	1330
36	1003	1222
36	1046	1250
36	1063	1276
36	1070	1354
36	1076	1330
36	1081	1222
36	1124	1250
36	1141	1276
36	1148	1354
36	1154	1330
36	1159	1222
36	1202	1250
36	1219	1276
36	1226	1354
36	1232	1330
36	1237	1222
36	1280	1250
36	1297	1276
36	1304	1354
36	1310	1330
36	1315	1222
36	1358	1250
36	1375	1276
36	1382	1354
36	1388	1330
36	1393	1222
36	1436	1250
36	1453	1276
36	1460	1354
36	1466	1330
36	1471	1222
36	1514	1250
36	1531	1276
36	1538	1354
36	1544	1330
36	1549	1222
36	1592	1250
36	1609	1276
36	1616	1354
36	1622	1330
36	1627	1222
36	1670	1250
36	1687	1276
36	1694	1354
36	1700	1330
36	1705	1222
36	1748	1250
36	1765	1276
36	1772	1354
36	1778	1330
36	1783	1222
36	1826	1250
36	1843	1276
36	1850	1354
36	1856	1330
36	1861	1222
36	1904	1250
36	1921	1276
36	1928	1354
36	1934	1330
36	1939	1222
36	1982	1250
36	1999	1276
36	2006	1354
36	2012	1330
36	2017	1222
36	2060	1250
36	2077	1276
36	2084	1354
36	2090	1330
36	2095	1222
36	2138	1250
36	2155	1276
36	2162	1354
36	2168	1330
36	2173	1222
36	2216	1250
36	2233	1276
36	2240	1354
36	2246	1330
36	2251	1222
36	2294	1250
36	2311	1276
36	2318	1354
36	2324	1330
36	2329	1222
36	2372	1250
36	2389	1276
36	2396	1354
36	2402	1330
36	2407	1222
36	2450	1250
36	2467	1276
36	2474	1354
36	2480	1330
36	2485	1222
36	2528	1250
36	2545	1276
36	2552	1354
36	2558	1330
36	2563	1222
36	2606	1250
36	2623	1276
36	2630	1354
36	2636	1330
36	2641	1222
36	2684	1250
36	2701	1276
36	2708	1354
36	2714	1330
36	2719	1222
36	2762	1250
36	2779	1276
36	2786	1354
36	2792	1330
36	2797	1222
36	2840	1250
36	2857	1276
36	2864	1354
36	2870	1330
36	2875	1222
36	2918	1250
36	2935	1276
36	2942	1354
36	2948	1330
36	2953	1222
36	2996	1250
36	3013	1276
36	3020	1354
36	3026	1330
36	3031	1222
36	3074	1250
36	3091	1276
36	3098	1354
36	3104	1330
36	3109	1222
36	3152	1250
36	3169	1276
36	3176	1354
36	3182	1330
36	3187	1222
36	3230	1250
36	3247	1276
36	3254	1354
36	3260	1330
36	3265	1222
36	3308	1250
36	3325	1276
36	3332	1354
36	3338	1330
36	3343	1222
36	3386	1250
36	3403	1276
36	3410	1354
36	3416	1330
36	3421	1222
36	3464	1250
36	3481	1276
36	3488	1354
36	3494	1330
36	3499	1222
36	3542	1250
36	3559	1276
36	3566	1354
36	3572	1330
36	3577	1222
36	3620	1250
36	3637	1276
36	3644	1354
36	3650	1330
36	3655	1222
36	3698	1250
36	3715	1276
36	3722	1354
36	3728	1330
36	3733	1222
36	3776	1250
36	3793	1276
36	3800	1354
36	3806	1330
36	3811	1222
36	3854	1250
36	3871	1276
36	3878	1354
36	3884	1330
36	3889	1222
36	3932	1250
36	3949	1276
36	3956	1354
36	3962	1330
36	3967	1222
36	4010	1250
36	4027	1276
36	4034	1354
36	4040	1330
36	4045	1222
36	4088	1250
36	4105	1276
36	4112	1354
36	4118	1330
36	4123	1222
36	4166	1250
36	4183	1276
36	4190	1354
36	4196	1330
36	4201	1222
36	4244	1250
36	4261	1276
36	4268	1354
36	4274	1330
36	4279	1222
36	4322	1250
36	4339	1276
36	4346	1354
36	4352	1330
36	4357	1222
36	4400	1250
36	4417	1276
36	4424	1354
36	4430	1330
36	4435	1222
36	4478	1250
36	4495	1276
36	4502	1354
36	4508	1330
36	4513	1222
36	4556	1250
36	4573	1276
36	4580	1354
36	4586	1330
36	4591	1222
36	4634	1250
36	4651	1276
36	4658	1354
36	4664	1330
36	4669	1222
36	4712	1250
36	4729	1276
36	4736	1354
36	4742	1330
36	4747	1222
36	4790	1250
36	4807	1276
36	4814	1354
36	4820	1330
36	4825	1222
36	4868	1250
36	4885	1276
36	4892	1354
36	4898	1330
36	4903	1222
36	4946	1250
36	4963	1276
36	4970	1354
36	4976	1330
36	4981	1222
36	5024	1250
36	5041	1276
36	5048	1354
36	5054	1330
36	5059	1222
36	5102	1250
36	5119	1276
36	5126	1354
36	5132	1330
36	5137	1222
36	5180	1250
36	5197	1276
36	5204	1354
36	5210	1330
36	5215	1222
36	5258	1250
36	5275	1276
36	5282	1354
36	5288	1330
36	5293	1222
36	5336	1250
36	5353	1276
36	5360	1354
36	5366	1330
36	5371	1222
36	5414	1250
36	5431	1276
36	5438	1354
36	5444	1330
36	5449	1222
36	5492	1250
36	5509	1276
36	5516	1354
36	5522	1330
36	5527	1222
36	5570	1250
36	5587	1276
36	5594	1354
36	5600	1330
36	5605	1222
36	5648	1250
36	5665	1276
36	5672	1354
36	5678	1330
36	5683	1222
36	5726	1250
36	5743	1276
36	5750	1354
36	5756	1330
36	5761	1222
36	5804	1250
36	5821	1276
36	5828	1354
36	5834	1330
36	5839	1222
36	5882	1250
36	5899	1276
36	5906	1354
36	5912	1330
36	5917	1222
36	5960	1250
36	5977	1276
36	5984	1354
36	5990	1330
36	5995	1222
36	6038	1250
36	6055	1276
36	6062	1354
36	6068	1330
36	6073	1222
37	49	1236
37	62	1200
37	71	1208
37	77	1248
37	127	1236
37	140	1200
37	149	1208
37	155	1248
37	205	1236
37	218	1200
37	227	1208
37	233	1248
37	283	1236
37	296	1200
37	305	1208
37	311	1248
37	361	1236
37	374	1200
37	383	1208
37	389	1248
37	439	1236
37	452	1200
37	461	1208
37	467	1248
37	517	1236
37	530	1200
37	539	1208
37	545	1248
37	595	1236
37	608	1200
37	617	1208
37	623	1248
37	673	1236
37	686	1200
37	695	1208
37	701	1248
37	751	1236
37	764	1200
37	773	1208
37	779	1248
37	829	1236
37	842	1200
37	851	1208
37	857	1248
37	907	1236
37	920	1200
37	929	1208
37	935	1248
37	985	1236
37	998	1200
37	1007	1208
37	1013	1248
37	1063	1236
37	1076	1200
37	1085	1208
37	1091	1248
37	1141	1236
37	1154	1200
37	1163	1208
37	1169	1248
37	1219	1236
37	1232	1200
37	1241	1208
37	1247	1248
37	1297	1236
37	1310	1200
37	1319	1208
37	1325	1248
37	1375	1236
37	1388	1200
37	1397	1208
37	1403	1248
37	1453	1236
37	1466	1200
37	1475	1208
37	1481	1248
37	1531	1236
37	1544	1200
37	1553	1208
37	1559	1248
37	1609	1236
37	1622	1200
37	1631	1208
37	1637	1248
37	1687	1236
37	1700	1200
37	1709	1208
37	1715	1248
37	1765	1236
37	1778	1200
37	1787	1208
37	1793	1248
37	1843	1236
37	1856	1200
37	1865	1208
37	1871	1248
37	1921	1236
37	1934	1200
37	1943	1208
37	1949	1248
37	1999	1236
37	2012	1200
37	2021	1208
37	2027	1248
37	2077	1236
37	2090	1200
37	2099	1208
37	2105	1248
37	2155	1236
37	2168	1200
37	2177	1208
37	2183	1248
37	2233	1236
37	2246	1200
37	2255	1208
37	2261	1248
37	2311	1236
37	2324	1200
37	2333	1208
37	2339	1248
37	2389	1236
37	2402	1200
37	2411	1208
37	2417	1248
37	2467	1236
37	2480	1200
37	2489	1208
37	2495	1248
37	2545	1236
37	2558	1200
37	2567	1208
37	2573	1248
37	2623	1236
37	2636	1200
37	2645	1208
37	2651	1248
37	2701	1236
37	2714	1200
37	2723	1208
37	2729	1248
37	2779	1236
37	2792	1200
37	2801	1208
37	2807	1248
37	2857	1236
37	2870	1200
37	2879	1208
37	2885	1248
37	2935	1236
37	2948	1200
37	2957	1208
37	2963	1248
37	3013	1236
37	3026	1200
37	3035	1208
37	3041	1248
37	3091	1236
37	3104	1200
37	3113	1208
37	3119	1248
37	3169	1236
37	3182	1200
37	3191	1208
37	3197	1248
37	3247	1236
37	3260	1200
37	3269	1208
37	3275	1248
37	3325	1236
37	3338	1200
37	3347	1208
37	3353	1248
37	3403	1236
37	3416	1200
37	3425	1208
37	3431	1248
37	3481	1236
37	3494	1200
37	3503	1208
37	3509	1248
37	3559	1236
37	3572	1200
37	3581	1208
37	3587	1248
37	3637	1236
37	3650	1200
37	3659	1208
37	3665	1248
37	3715	1236
37	3728	1200
37	3737	1208
37	3743	1248
37	3793	1236
37	3806	1200
37	3815	1208
37	3821	1248
37	3871	1236
37	3884	1200
37	3893	1208
37	3899	1248
37	3949	1236
37	3962	1200
37	3971	1208
37	3977	1248
37	4027	1236
37	4040	1200
37	4049	1208
37	4055	1248
37	4105	1236
37	4118	1200
37	4127	1208
37	4133	1248
37	4183	1236
37	4196	1200
37	4205	1208
37	4211	1248
37	4261	1236
37	4274	1200
37	4283	1208
37	4289	1248
37	4339	1236
37	4352	1200
37	4361	1208
37	4367	1248
37	4417	1236
37	4430	1200
37	4439	1208
37	4445	1248
37	4495	1236
37	4508	1200
37	4517	1208
37	4523	1248
37	4573	1236
37	4586	1200
37	4595	1208
37	4601	1248
37	4651	1236
37	4664	1200
37	4673	1208
37	4679	1248
37	4729	1236
37	4742	1200
37	4751	1208
37	4757	1248
37	4807	1236
37	4820	1200
37	4829	1208
37	4835	1248
37	4885	1236
37	4898	1200
37	4907	1208
37	4913	1248
37	4963	1236
37	4976	1200
37	4985	1208
37	4991	1248
37	5041	1236
37	5054	1200
37	5063	1208
37	5069	1248
37	5119	1236
37	5132	1200
37	5141	1208
37	5147	1248
37	5197	1236
37	5210	1200
37	5219	1208
37	5225	1248
37	5275	1236
37	5288	1200
37	5297	1208
37	5303	1248
37	5353	1236
37	5366	1200
37	5375	1208
37	5381	1248
37	5431	1236
37	5444	1200
37	5453	1208
37	5459	1248
37	5509	1236
37	5522	1200
37	5531	1208
37	5537	1248
37	5587	1236
37	5600	1200
37	5609	1208
37	5615	1248
37	5665	1236
37	5678	1200
37	5687	1208
37	5693	1248
37	5743	1236
37	5756	1200
37	5765	1208
37	5771	1248
37	5821	1236
37	5834	1200
37	5843	1208
37	5849	1248
37	5899	1236
37	5912	1200
37	5921	1208
37	5927	1248
37	5977	1236
37	5990	1200
37	5999	1208
37	6005	1248
37	6055	1236
37	6068	1200
37	6077	1208
37	6083	1248
38	41	1240
38	49	1236
38	71	1208
38	76	1244
38	77	1228
38	119	1240
38	127	1236
38	149	1208
38	154	1244
38	155	1228
38	197	1240
38	205	1236
38	227	1208
38	232	1244
38	233	1228
38	275	1240
38	283	1236
38	305	1208
38	310	1244
38	311	1228
38	353	1240
38	361	1236
38	383	1208
38	388	1244
38	389	1228
38	431	1240
38	439	1236
38	461	1208
38	466	1244
38	467	1228
38	509	1240
38	517	1236
38	539	1208
38	544	1244
38	545	1228
38	587	1240
38	595	1236
38	617	1208
38	622	1244
38	623	1228
38	665	1240
38	673	1236
38	695	1208
38	700	1244
38	701	1228
38	743	1240
38	751	1236
38	773	1208
38	778	1244
38	779	1228
38	821	1240
38	829	1236
38	851	1208
38	856	1244
38	857	1228
38	899	1240
38	907	1236
38	929	1208
38	934	1244
38	935	1228
38	977	1240
38	985	1236
38	1007	1208
38	1012	1244
38	1013	1228
38	1055	1240
38	1063	1236
38	1085	1208
38	1090	1244
38	1091	1228
38	1133	1240
38	1141	1236
38	1163	1208
38	1168	1244
38	1169	1228
38	1211	1240
38	1219	1236
38	1241	1208
38	1246	1244
38	1247	1228
38	1289	1240
38	1297	1236
38	1319	1208
38	1324	1244
38	1325	1228
38	1367	1240
38	1375	1236
38	1397	1208
38	1402	1244
38	1403	1228
38	1445	1240
38	1453	1236
38	1475	1208
38	1480	1244
38	1481	1228
38	1523	1240
38	1531	1236
38	1553	1208
38	1558	1244
38	1559	1228
38	1601	1240
38	1609	1236
38	1631	1208
38	1636	1244
38	1637	1228
38	1679	1240
38	1687	1236
38	1709	1208
38	1714	1244
38	1715	1228
38	1757	1240
38	1765	1236
38	1787	1208
38	1792	1244
38	1793	1228
38	1835	1240
38	1843	1236
38	1865	1208
38	1870	1244
38	1871	1228
38	1913	1240
38	1921	1236
38	1943	1208
38	1948	1244
38	1949	1228
38	1991	1240
38	1999	1236
38	2021	1208
38	2026	1244
38	2027	1228
38	2069	1240
38	2077	1236
38	2099	1208
38	2104	1244
38	2105	1228
38	2147	1240
38	2155	1236
38	2177	1208
38	2182	1244
38	2183	1228
38	2225	1240
38	2233	1236
38	2255	1208
38	2260	1244
38	2261	1228
38	2303	1240
38	2311	1236
38	2333	1208
38	2338	1244
38	2339	1228
38	2381	1240
38	2389	1236
38	2411	1208
38	2416	1244
38	2417	1228
38	2459	1240
38	2467	1236
38	2489	1208
38	2494	1244
38	2495	1228
38	2537	1240
38	2545	1236
38	2567	1208
38	2572	1244
38	2573	1228
38	2615	1240
38	2623	1236
38	2645	1208
38	2650	1244
38	2651	1228
38	2693	1240
38	2701	1236
38	2723	1208
38	2728	1244
38	2729	1228
38	2771	1240
38	2779	1236
38	2801	1208
38	2806	1244
38	2807	1228
38	2849	1240
38	2857	1236
38	2879	1208
38	2884	1244
38	2885	1228
38	2927	1240
38	2935	1236
38	2957	1208
38	2962	1244
38	2963	1228
38	3005	1240
38	3013	1236
38	3035	1208
38	3040	1244
38	3041	1228
38	3083	1240
38	3091	1236
38	3113	1208
38	3118	1244
38	3119	1228
38	3161	1240
38	3169	1236
38	3191	1208
38	3196	1244
38	3197	1228
38	3239	1240
38	3247	1236
38	3269	1208
38	3274	1244
38	3275	1228
38	3317	1240
38	3325	1236
38	3347	1208
38	3352	1244
38	3353	1228
38	3395	1240
38	3403	1236
38	3425	1208
38	3430	1244
38	3431	1228
38	3473	1240
38	3481	1236
38	3503	1208
38	3508	1244
38	3509	1228
38	3551	1240
38	3559	1236
38	3581	1208
38	3586	1244
38	3587	1228
38	3629	1240
38	3637	1236
38	3659	1208
38	3664	1244
38	3665	1228
38	3707	1240
38	3715	1236
38	3737	1208
38	3742	1244
38	3743	1228
38	3785	1240
38	3793	1236
38	3815	1208
38	3820	1244
38	3821	1228
38	3863	1240
38	3871	1236
38	3893	1208
38	3898	1244
38	3899	1228
38	3941	1240
38	3949	1236
38	3971	1208
38	3976	1244
38	3977	1228
38	4019	1240
38	4027	1236
38	4049	1208
38	4054	1244
38	4055	1228
38	4097	1240
38	4105	1236
38	4127	1208
38	4132	1244
38	4133	1228
38	4175	1240
38	4183	1236
38	4205	1208
38	4210	1244
38	4211	1228
38	4253	1240
38	4261	1236
38	4283	1208
38	4288	1244
38	4289	1228
38	4331	1240
38	4339	1236
38	4361	1208
38	4366	1244
38	4367	1228
38	4409	1240
38	4417	1236
38	4439	1208
38	4444	1244
38	4445	1228
38	4487	1240
38	4495	1236
38	4517	1208
38	4522	1244
38	4523	1228
38	4565	1240
38	4573	1236
38	4595	1208
38	4600	1244
38	4601	1228
38	4643	1240
38	4651	1236
38	4673	1208
38	4678	1244
38	4679	1228
38	4721	1240
38	4729	1236
38	4751	1208
38	4756	1244
38	4757	1228
38	4799	1240
38	4807	1236
38	4829	1208
38	4834	1244
38	4835	1228
38	4877	1240
38	4885	1236
38	4907	1208
38	4912	1244
38	4913	1228
38	4955	1240
38	4963	1236
38	4985	1208
38	4990	1244
38	4991	1228
38	5033	1240
38	5041	1236
38	5063	1208
38	5068	1244
38	5069	1228
38	5111	1240
38	5119	1236
38	5141	1208
38	5146	1244
38	5147	1228
38	5189	1240
38	5197	1236
38	5219	1208
38	5224	1244
38	5225	1228
38	5267	1240
38	5275	1236
38	5297	1208
38	5302	1244
38	5303	1228
38	5345	1240
38	5353	1236
38	5375	1208
38	5380	1244
38	5381	1228
38	5423	1240
38	5431	1236
38	5453	1208
38	5458	1244
38	5459	1228
38	5501	1240
38	5509	1236
38	5531	1208
38	5536	1244
38	5537	1228
38	5579	1240
38	5587	1236
38	5609	1208
38	5614	1244
38	5615	1228
38	5657	1240
38	5665	1236
38	5687	1208
38	5692	1244
38	5693	1228
38	5735	1240
38	5743	1236
38	5765	1208
38	5770	1244
38	5771	1228
38	5813	1240
38	5821	1236
38	5843	1208
38	5848	1244
38	5849	1228
38	5891	1240
38	5899	1236
38	5921	1208
38	5926	1244
38	5927	1228
38	5969	1240
38	5977	1236
38	5999	1208
38	6004	1244
38	6005	1228
38	6047	1240
38	6055	1236
38	6077	1208
38	6082	1244
38	6083	1228
39	49	1236
39	56	1204
39	62	1200
39	71	1248
39	74	1208
39	76	1232
39	127	1236
39	134	1204
39	140	1200
39	149	1248
39	152	1208
39	154	1232
39	205	1236
39	212	1204
39	218	1200
39	227	1248
39	230	1208
39	232	1232
39	283	1236
39	290	1204
39	296	1200
39	305	1248
39	308	1208
39	310	1232
39	361	1236
39	368	1204
39	374	1200
39	383	1248
39	386	1208
39	388	1232
39	439	1236
39	446	1204
39	452	1200
39	461	1248
39	464	1208
39	466	1232
39	517	1236
39	524	1204
39	530	1200
39	539	1248
39	542	1208
39	544	1232
39	595	1236
39	602	1204
39	608	1200
39	617	1248
39	620	1208
39	622	1232
39	673	1236
39	680	1204
39	686	1200
39	695	1248
39	698	1208
39	700	1232
39	751	1236
39	758	1204
39	764	1200
39	773	1248
39	776	1208
39	778	1232
39	829	1236
39	836	1204
39	842	1200
39	851	1248
39	854	1208
39	856	1232
39	907	1236
39	914	1204
39	920	1200
39	929	1248
39	932	1208
39	934	1232
39	985	1236
39	992	1204
39	998	1200
39	1007	1248
39	1010	1208
39	1012	1232
39	1063	1236
39	1070	1204
39	1076	1200
39	1085	1248
39	1088	1208
39	1090	1232
39	1141	1236
39	1148	1204
39	1154	1200
39	1163	1248
39	1166	1208
39	1168	1232
39	1219	1236
39	1226	1204
39	1232	1200
39	1241	1248
39	1244	1208
39	1246	1232
39	1297	1236
39	1304	1204
39	1310	1200
39	1319	1248
39	1322	1208
39	1324	1232
39	1375	1236
39	1382	1204
39	1388	1200
39	1397	1248
39	1400	1208
39	1402	1232
39	1453	1236
39	1460	1204
39	1466	1200
39	1475	1248
39	1478	1208
39	1480	1232
39	1531	1236
39	1538	1204
39	1544	1200
39	1553	1248
39	1556	1208
39	1558	1232
39	1609	1236
39	1616	1204
39	1622	1200
39	1631	1248
39	1634	1208
39	1636	1232
39	1687	1236
39	1694	1204
39	1700	1200
39	1709	1248
39	1712	1208
39	1714	1232
39	1765	1236
39	1772	1204
39	1778	1200
39	1787	1248
39	1790	1208
39	1792	1232
39	1843	1236
39	1850	1204
39	1856	1200
39	1865	1248
39	1868	1208
39	1870	1232
39	1921	1236
39	1928	1204
39	1934	1200
39	1943	1248
39	1946	1208
39	1948	1232
39	1999	1236
39	2006	1204
39	2012	1200
39	2021	1248
39	2024	1208
39	2026	1232
39	2077	1236
39	2084	1204
39	2090	1200
39	2099	1248
39	2102	1208
39	2104	1232
39	2155	1236
39	2162	1204
39	2168	1200
39	2177	1248
39	2180	1208
39	2182	1232
39	2233	1236
39	2240	1204
39	2246	1200
39	2255	1248
39	2258	1208
39	2260	1232
39	2311	1236
39	2318	1204
39	2324	1200
39	2333	1248
39	2336	1208
39	2338	1232
39	2389	1236
39	2396	1204
39	2402	1200
39	2411	1248
39	2414	1208
39	2416	1232
39	2467	1236
39	2474	1204
39	2480	1200
39	2489	1248
39	2492	1208
39	2494	1232
39	2545	1236
39	2552	1204
39	2558	1200
39	2567	1248
39	2570	1208
39	2572	1232
39	2623	1236
39	2630	1204
39	2636	1200
39	2645	1248
39	2648	1208
39	2650	1232
39	2701	1236
39	2708	1204
39	2714	1200
39	2723	1248
39	2726	1208
39	2728	1232
39	2779	1236
39	2786	1204
39	2792	1200
39	2801	1248
39	2804	1208
39	2806	1232
39	2857	1236
39	2864	1204
39	2870	1200
39	2879	1248
39	2882	1208
39	2884	1232
39	2935	1236
39	2942	1204
39	2948	1200
39	2957	1248
39	2960	1208
39	2962	1232
39	3013	1236
39	3020	1204
39	3026	1200
39	3035	1248
39	3038	1208
39	3040	1232
39	3091	1236
39	3098	1204
39	3104	1200
39	3113	1248
39	3116	1208
39	3118	1232
39	3169	1236
39	3176	1204
39	3182	1200
39	3191	1248
39	3194	1208
39	3196	1232
39	3247	1236
39	3254	1204
39	3260	1200
39	3269	1248
39	3272	1208
39	3274	1232
39	3325	1236
39	3332	1204
39	3338	1200
39	3347	1248
39	3350	1208
39	3352	1232
39	3403	1236
39	3410	1204
39	3416	1200
39	3425	1248
39	3428	1208
39	3430	1232
39	3481	1236
39	3488	1204
39	3494	1200
39	3503	1248
39	3506	1208
39	3508	1232
39	3559	1236
39	3566	1204
39	3572	1200
39	3581	1248
39	3584	1208
39	3586	1232
39	3637	1236
39	3644	1204
39	3650	1200
39	3659	1248
39	3662	1208
39	3664	1232
39	3715	1236
39	3722	1204
39	3728	1200
39	3737	1248
39	3740	1208
39	3742	1232
39	3793	1236
39	3800	1204
39	3806	1200
39	3815	1248
39	3818	1208
39	3820	1232
39	3871	1236
39	3878	1204
39	3884	1200
39	3893	1248
39	3896	1208
39	3898	1232
39	3949	1236
39	3956	1204
39	3962	1200
39	3971	1248
39	3974	1208
39	3976	1232
39	4027	1236
39	4034	1204
39	4040	1200
39	4049	1248
39	4052	1208
39	4054	1232
39	4105	1236
39	4112	1204
39	4118	1200
39	4127	1248
39	4130	1208
39	4132	1232
39	4183	1236
39	4190	1204
39	4196	1200
39	4205	1248
39	4208	1208
39	4210	1232
39	4261	1236
39	4268	1204
39	4274	1200
39	4283	1248
39	4286	1208
39	4288	1232
39	4339	1236
39	4346	1204
39	4352	1200
39	4361	1248
39	4364	1208
39	4366	1232
39	4417	1236
39	4424	1204
39	4430	1200
39	4439	1248
39	4442	1208
39	4444	1232
39	4495	1236
39	4502	1204
39	4508	1200
39	4517	1248
39	4520	1208
39	4522	1232
39	4573	1236
39	4580	1204
39	4586	1200
39	4595	1248
39	4598	1208
39	4600	1232
39	4651	1236
39	4658	1204
39	4664	1200
39	4673	1248
39	4676	1208
39	4678	1232
39	4729	1236
39	4736	1204
39	4742	1200
39	4751	1248
39	4754	1208
39	4756	1232
39	4807	1236
39	4814	1204
39	4820	1200
39	4829	1248
39	4832	1208
39	4834	1232
39	4885	1236
39	4892	1204
39	4898	1200
39	4907	1248
39	4910	1208
39	4912	1232
39	4963	1236
39	4970	1204
39	4976	1200
39	4985	1248
39	4988	1208
39	4990	1232
39	5041	1236
39	5048	1204
39	5054	1200
39	5063	1248
39	5066	1208
39	5068	1232
39	5119	1236
39	5126	1204
39	5132	1200
39	5141	1248
39	5144	1208
39	5146	1232
39	5197	1236
39	5204	1204
39	5210	1200
39	5219	1248
39	5222	1208
39	5224	1232
39	5275	1236
39	5282	1204
39	5288	1200
39	5297	1248
39	5300	1208
39	5302	1232
39	5353	1236
39	5360	1204
39	5366	1200
39	5375	1248
39	5378	1208
39	5380	1232
39	5431	1236
39	5438	1204
39	5444	1200
39	5453	1248
39	5456	1208
39	5458	1232
39	5509	1236
39	5516	1204
39	5522	1200
39	5531	1248
39	5534	1208
39	5536	1232
39	5587	1236
39	5594	1204
39	5600	1200
39	5609	1248
39	5612	1208
39	5614	1232
39	5665	1236
39	5672	1204
39	5678	1200
39	5687	1248
39	5690	1208
39	5692	1232
39	5743	1236
39	5750	1204
39	5756	1200
39	5765	1248
39	5768	1208
39	5770	1232
39	5821	1236
39	5828	1204
39	5834	1200
39	5843	1248
39	5846	1208
39	5848	1232
39	5899	1236
39	5906	1204
39	5912	1200
39	5921	1248
39	5924	1208
39	5926	1232
39	5977	1236
39	5984	1204
39	5990	1200
39	5999	1248
39	6002	1208
39	6004	1232
39	6055	1236
39	6062	1204
39	6068	1200
39	6077	1248
39	6080	1208
39	6082	1232
40	49	1328
40	62	1382
40	67	1330
40	127	1328
40	140	1382
40	145	1330
40	205	1328
40	218	1382
40	223	1330
40	283	1328
40	296	1382
40	301	1330
40	361	1328
40	374	1382
40	379	1330
40	439	1328
40	452	1382
40	457	1330
40	517	1328
40	530	1382
40	535	1330
40	595	1328
40	608	1382
40	613	1330
40	673	1328
40	686	1382
40	691	1330
40	751	1328
40	764	1382
40	769	1330
40	829	1328
40	842	1382
40	847	1330
40	907	1328
40	920	1382
40	925	1330
40	985	1328
40	998	1382
40	1003	1330
40	1063	1328
40	1076	1382
40	1081	1330
40	1141	1328
40	1154	1382
40	1159	1330
40	1219	1328
40	1232	1382
40	1237	1330
40	1297	1328
40	1310	1382
40	1315	1330
40	1375	1328
40	1388	1382
40	1393	1330
40	1453	1328
40	1466	1382
40	1471	1330
40	1531	1328
40	1544	1382
40	1549	1330
40	1609	1328
40	1622	1382
40	1627	1330
40	1687	1328
40	1700	1382
40	1705	1330
40	1765	1328
40	1778	1382
40	1783	1330
40	1843	1328
40	1856	1382
40	1861	1330
40	1921	1328
40	1934	1382
40	1939	1330
40	1999	1328
40	2012	1382
40	2017	1330
40	2077	1328
40	2090	1382
40	2095	1330
40	2155	1328
40	2168	1382
40	2173	1330
40	2233	1328
40	2246	1382
40	2251	1330
40	2311	1328
40	2324	1382
40	2329	1330
40	2389	1328
40	2402	1382
40	2407	1330
40	2467	1328
40	2480	1382
40	2485	1330
40	2545	1328
40	2558	1382
40	2563	1330
40	2623	1328
40	2636	1382
40	2641	1330
40	2701	1328
40	2714	1382
40	2719	1330
40	2779	1328
40	2792	1382
40	2797	1330
40	2857	1328
40	2870	1382
40	2875	1330
40	2935	1328
40	2948	1382
40	2953	1330
40	3013	1328
40	3026	1382
40	3031	1330
40	3091	1328
40	3104	1382
40	3109	1330
40	3169	1328
40	3182	1382
40	3187	1330
40	3247	1328
40	3260	1382
40	3265	1330
40	3325	1328
40	3338	1382
40	3343	1330
40	3403	1328
40	3416	1382
40	3421	1330
40	3481	1328
40	3494	1382
40	3499	1330
40	3559	1328
40	3572	1382
40	3577	1330
40	3637	1328
40	3650	1382
40	3655	1330
40	3715	1328
40	3728	1382
40	3733	1330
40	3793	1328
40	3806	1382
40	3811	1330
40	3871	1328
40	3884	1382
40	3889	1330
40	3949	1328
40	3962	1382
40	3967	1330
40	4027	1328
40	4040	1382
40	4045	1330
40	4105	1328
40	4118	1382
40	4123	1330
40	4183	1328
40	4196	1382
40	4201	1330
40	4261	1328
40	4274	1382
40	4279	1330
40	4339	1328
40	4352	1382
40	4357	1330
40	4417	1328
40	4430	1382
40	4435	1330
40	4495	1328
40	4508	1382
40	4513	1330
40	4573	1328
40	4586	1382
40	4591	1330
40	4651	1328
40	4664	1382
40	4669	1330
40	4729	1328
40	4742	1382
40	4747	1330
40	4807	1328
40	4820	1382
40	4825	1330
40	4885	1328
40	4898	1382
40	4903	1330
40	4963	1328
40	4976	1382
40	4981	1330
40	5041	1328
40	5054	1382
40	5059	1330
40	5119	1328
40	5132	1382
40	5137	1330
40	5197	1328
40	5210	1382
40	5215	1330
40	5275	1328
40	5288	1382
40	5293	1330
40	5353	1328
40	5366	1382
40	5371	1330
40	5431	1328
40	5444	1382
40	5449	1330
40	5509	1328
40	5522	1382
40	5527	1330
40	5587	1328
40	5600	1382
40	5605	1330
40	5665	1328
40	5678	1382
40	5683	1330
40	5743	1328
40	5756	1382
40	5761	1330
40	5821	1328
40	5834	1382
40	5839	1330
40	5899	1328
40	5912	1382
40	5917	1330
40	5977	1328
40	5990	1382
40	5995	1330
40	6055	1328
40	6068	1382
40	6073	1330
41	49	1328
41	67	1330
41	127	1328
41	145	1330
41	205	1328
41	223	1330
41	283	1328
41	301	1330
41	361	1328
41	379	1330
41	439	1328
41	457	1330
41	517	1328
41	535	1330
41	595	1328
41	613	1330
41	673	1328
41	691	1330
41	751	1328
41	769	1330
41	829	1328
41	847	1330
41	907	1328
41	925	1330
41	985	1328
41	1003	1330
41	1063	1328
41	1081	1330
41	1141	1328
41	1159	1330
41	1219	1328
41	1237	1330
41	1297	1328
41	1315	1330
41	1375	1328
41	1393	1330
41	1453	1328
41	1471	1330
41	1531	1328
41	1549	1330
41	1609	1328
41	1627	1330
41	1687	1328
41	1705	1330
41	1765	1328
41	1783	1330
41	1843	1328
41	1861	1330
41	1921	1328
41	1939	1330
41	1999	1328
41	2017	1330
41	2077	1328
41	2095	1330
41	2155	1328
41	2173	1330
41	2233	1328
41	2251	1330
41	2311	1328
41	2329	1330
41	2389	1328
41	2407	1330
41	2467	1328
41	2485	1330
41	2545	1328
41	2563	1330
41	2623	1328
41	2641	1330
41	2701	1328
41	2719	1330
41	2779	1328
41	2797	1330
41	2857	1328
41	2875	1330
41	2935	1328
41	2953	1330
41	3013	1328
41	3031	1330
41	3091	1328
41	3109	1330
41	3169	1328
41	3187	1330
41	3247	1328
41	3265	1330
41	3325	1328
41	3343	1330
41	3403	1328
41	3421	1330
41	3481	1328
41	3499	1330
41	3559	1328
41	3577	1330
41	3637	1328
41	3655	1330
41	3715	1328
41	3733	1330
41	3793	1328
41	3811	1330
41	3871	1328
41	3889	1330
41	3949	1328
41	3967	1330
41	4027	1328
41	4045	1330
41	4105	1328
41	4123	1330
41	4183	1328
41	4201	1330
41	4261	1328
41	4279	1330
41	4339	1328
41	4357	1330
41	4417	1328
41	4435	1330
41	4495	1328
41	4513	1330
41	4573	1328
41	4591	1330
41	4651	1328
41	4669	1330
41	4729	1328
41	4747	1330
41	4807	1328
41	4825	1330
41	4885	1328
41	4903	1330
41	4963	1328
41	4981	1330
41	5041	1328
41	5059	1330
41	5119	1328
41	5137	1330
41	5197	1328
41	5215	1330
41	5275	1328
41	5293	1330
41	5353	1328
41	5371	1330
41	5431	1328
41	5449	1330
41	5509	1328
41	5527	1330
41	5587	1328
41	5605	1330
41	5665	1328
41	5683	1330
41	5743	1328
41	5761	1330
41	5821	1328
41	5839	1330
41	5899	1328
41	5917	1330
41	5977	1328
41	5995	1330
41	6055	1328
41	6073	1330
42	49	1328
42	62	1382
42	67	1330
42	77	1274
42	127	1328
42	140	1382
42	145	1330
42	155	1274
42	205	1328
42	218	1382
42	223	1330
42	233	1274
42	283	1328
42	296	1382
42	301	1330
42	311	1274
42	361	1328
42	374	1382
42	379	1330
42	389	1274
42	439	1328
42	452	1382
42	457	1330
42	467	1274
42	517	1328
42	530	1382
42	535	1330
42	545	1274
42	595	1328
42	608	1382
42	613	1330
42	623	1274
42	673	1328
42	686	1382
42	691	1330
42	701	1274
42	751	1328
42	764	1382
42	769	1330
42	779	1274
42	829	1328
42	842	1382
42	847	1330
42	857	1274
42	907	1328
42	920	1382
42	925	1330
42	935	1274
42	985	1328
42	998	1382
42	1003	1330
42	1013	1274
42	1063	1328
42	1076	1382
42	1081	1330
42	1091	1274
42	1141	1328
42	1154	1382
42	1159	1330
42	1169	1274
42	1219	1328
42	1232	1382
42	1237	1330
42	1247	1274
42	1297	1328
42	1310	1382
42	1315	1330
42	1325	1274
42	1375	1328
42	1388	1382
42	1393	1330
42	1403	1274
42	1453	1328
42	1466	1382
42	1471	1330
42	1481	1274
42	1531	1328
42	1544	1382
42	1549	1330
42	1559	1274
42	1609	1328
42	1622	1382
42	1627	1330
42	1637	1274
42	1687	1328
42	1700	1382
42	1705	1330
42	1715	1274
42	1765	1328
42	1778	1382
42	1783	1330
42	1793	1274
42	1843	1328
42	1856	1382
42	1861	1330
42	1871	1274
42	1921	1328
42	1934	1382
42	1939	1330
42	1949	1274
42	1999	1328
42	2012	1382
42	2017	1330
42	2027	1274
42	2077	1328
42	2090	1382
42	2095	1330
42	2105	1274
42	2155	1328
42	2168	1382
42	2173	1330
42	2183	1274
42	2233	1328
42	2246	1382
42	2251	1330
42	2261	1274
42	2311	1328
42	2324	1382
42	2329	1330
42	2339	1274
42	2389	1328
42	2402	1382
42	2407	1330
42	2417	1274
42	2467	1328
42	2480	1382
42	2485	1330
42	2495	1274
42	2545	1328
42	2558	1382
42	2563	1330
42	2573	1274
42	2623	1328
42	2636	1382
42	2641	1330
42	2651	1274
42	2701	1328
42	2714	1382
42	2719	1330
42	2729	1274
42	2779	1328
42	2792	1382
42	2797	1330
42	2807	1274
42	2857	1328
42	2870	1382
42	2875	1330
42	2885	1274
42	2935	1328
42	2948	1382
42	2953	1330
42	2963	1274
42	3013	1328
42	3026	1382
42	3031	1330
42	3041	1274
42	3091	1328
42	3104	1382
42	3109	1330
42	3119	1274
42	3169	1328
42	3182	1382
42	3187	1330
42	3197	1274
42	3247	1328
42	3260	1382
42	3265	1330
42	3275	1274
42	3325	1328
42	3338	1382
42	3343	1330
42	3353	1274
42	3403	1328
42	3416	1382
42	3421	1330
42	3431	1274
42	3481	1328
42	3494	1382
42	3499	1330
42	3509	1274
42	3559	1328
42	3572	1382
42	3577	1330
42	3587	1274
42	3637	1328
42	3650	1382
42	3655	1330
42	3665	1274
42	3715	1328
42	3728	1382
42	3733	1330
42	3743	1274
42	3793	1328
42	3806	1382
42	3811	1330
42	3821	1274
42	3871	1328
42	3884	1382
42	3889	1330
42	3899	1274
42	3949	1328
42	3962	1382
42	3967	1330
42	3977	1274
42	4027	1328
42	4040	1382
42	4045	1330
42	4055	1274
42	4105	1328
42	4118	1382
42	4123	1330
42	4133	1274
42	4183	1328
42	4196	1382
42	4201	1330
42	4211	1274
42	4261	1328
42	4274	1382
42	4279	1330
42	4289	1274
42	4339	1328
42	4352	1382
42	4357	1330
42	4367	1274
42	4417	1328
42	4430	1382
42	4435	1330
42	4445	1274
42	4495	1328
42	4508	1382
42	4513	1330
42	4523	1274
42	4573	1328
42	4586	1382
42	4591	1330
42	4601	1274
42	4651	1328
42	4664	1382
42	4669	1330
42	4679	1274
42	4729	1328
42	4742	1382
42	4747	1330
42	4757	1274
42	4807	1328
42	4820	1382
42	4825	1330
42	4835	1274
42	4885	1328
42	4898	1382
42	4903	1330
42	4913	1274
42	4963	1328
42	4976	1382
42	4981	1330
42	4991	1274
42	5041	1328
42	5054	1382
42	5059	1330
42	5069	1274
42	5119	1328
42	5132	1382
42	5137	1330
42	5147	1274
42	5197	1328
42	5210	1382
42	5215	1330
42	5225	1274
42	5275	1328
42	5288	1382
42	5293	1330
42	5303	1274
42	5353	1328
42	5366	1382
42	5371	1330
42	5381	1274
42	5431	1328
42	5444	1382
42	5449	1330
42	5459	1274
42	5509	1328
42	5522	1382
42	5527	1330
42	5537	1274
42	5587	1328
42	5600	1382
42	5605	1330
42	5615	1274
42	5665	1328
42	5678	1382
42	5683	1330
42	5693	1274
42	5743	1328
42	5756	1382
42	5761	1330
42	5771	1274
42	5821	1328
42	5834	1382
42	5839	1330
42	5849	1274
42	5899	1328
42	5912	1382
42	5917	1330
42	5927	1274
42	5977	1328
42	5990	1382
42	5995	1330
42	6005	1274
42	6055	1328
42	6068	1382
42	6073	1330
42	6083	1274
43	62	1382
43	140	1382
43	218	1382
43	296	1382
43	374	1382
43	452	1382
43	530	1382
43	608	1382
43	686	1382
43	764	1382
43	842	1382
43	920	1382
43	998	1382
43	1076	1382
43	1154	1382
43	1232	1382
43	1310	1382
43	1388	1382
43	1466	1382
43	1544	1382
43	1622	1382
43	1700	1382
43	1778	1382
43	1856	1382
43	1934	1382
43	2012	1382
43	2090	1382
43	2168	1382
43	2246	1382
43	2324	1382
43	2402	1382
43	2480	1382
43	2558	1382
43	2636	1382
43	2714	1382
43	2792	1382
43	2870	1382
43	2948	1382
43	3026	1382
43	3104	1382
43	3182	1382
43	3260	1382
43	3338	1382
43	3416	1382
43	3494	1382
43	3572	1382
43	3650	1382
43	3728	1382
43	3806	1382
43	3884	1382
43	3962	1382
43	4040	1382
43	4118	1382
43	4196	1382
43	4274	1382
43	4352	1382
43	4430	1382
43	4508	1382
43	4586	1382
43	4664	1382
43	4742	1382
43	4820	1382
43	4898	1382
43	4976	1382
43	5054	1382
43	5132	1382
43	5210	1382
43	5288	1382
43	5366	1382
43	5444	1382
43	5522	1382
43	5600	1382
43	5678	1382
43	5756	1382
43	5834	1382
43	5912	1382
43	5990	1382
43	6068	1382
44	49	1328
44	67	1330
44	76	1302
44	127	1328
44	145	1330
44	154	1302
44	205	1328
44	223	1330
44	232	1302
44	283	1328
44	301	1330
44	310	1302
44	361	1328
44	379	1330
44	388	1302
44	439	1328
44	457	1330
44	466	1302
44	517	1328
44	535	1330
44	544	1302
44	595	1328
44	613	1330
44	622	1302
44	673	1328
44	691	1330
44	700	1302
44	751	1328
44	769	1330
44	778	1302
44	829	1328
44	847	1330
44	856	1302
44	907	1328
44	925	1330
44	934	1302
44	985	1328
44	1003	1330
44	1012	1302
44	1063	1328
44	1081	1330
44	1090	1302
44	1141	1328
44	1159	1330
44	1168	1302
44	1219	1328
44	1237	1330
44	1246	1302
44	1297	1328
44	1315	1330
44	1324	1302
44	1375	1328
44	1393	1330
44	1402	1302
44	1453	1328
44	1471	1330
44	1480	1302
44	1531	1328
44	1549	1330
44	1558	1302
44	1609	1328
44	1627	1330
44	1636	1302
44	1687	1328
44	1705	1330
44	1714	1302
44	1765	1328
44	1783	1330
44	1792	1302
44	1843	1328
44	1861	1330
44	1870	1302
44	1921	1328
44	1939	1330
44	1948	1302
44	1999	1328
44	2017	1330
44	2026	1302
44	2077	1328
44	2095	1330
44	2104	1302
44	2155	1328
44	2173	1330
44	2182	1302
44	2233	1328
44	2251	1330
44	2260	1302
44	2311	1328
44	2329	1330
44	2338	1302
44	2389	1328
44	2407	1330
44	2416	1302
44	2467	1328
44	2485	1330
44	2494	1302
44	2545	1328
44	2563	1330
44	2572	1302
44	2623	1328
44	2641	1330
44	2650	1302
44	2701	1328
44	2719	1330
44	2728	1302
44	2779	1328
44	2797	1330
44	2806	1302
44	2857	1328
44	2875	1330
44	2884	1302
44	2935	1328
44	2953	1330
44	2962	1302
44	3013	1328
44	3031	1330
44	3040	1302
44	3091	1328
44	3109	1330
44	3118	1302
44	3169	1328
44	3187	1330
44	3196	1302
44	3247	1328
44	3265	1330
44	3274	1302
44	3325	1328
44	3343	1330
44	3352	1302
44	3403	1328
44	3421	1330
44	3430	1302
44	3481	1328
44	3499	1330
44	3508	1302
44	3559	1328
44	3577	1330
44	3586	1302
44	3637	1328
44	3655	1330
44	3664	1302
44	3715	1328
44	3733	1330
44	3742	1302
44	3793	1328
44	3811	1330
44	3820	1302
44	3871	1328
44	3889	1330
44	3898	1302
44	3949	1328
44	3967	1330
44	3976	1302
44	4027	1328
44	4045	1330
44	4054	1302
44	4105	1328
44	4123	1330
44	4132	1302
44	4183	1328
44	4201	1330
44	4210	1302
44	4261	1328
44	4279	1330
44	4288	1302
44	4339	1328
44	4357	1330
44	4366	1302
44	4417	1328
44	4435	1330
44	4444	1302
44	4495	1328
44	4513	1330
44	4522	1302
44	4573	1328
44	4591	1330
44	4600	1302
44	4651	1328
44	4669	1330
44	4678	1302
44	4729	1328
44	4747	1330
44	4756	1302
44	4807	1328
44	4825	1330
44	4834	1302
44	4885	1328
44	4903	1330
44	4912	1302
44	4963	1328
44	4981	1330
44	4990	1302
44	5041	1328
44	5059	1330
44	5068	1302
44	5119	1328
44	5137	1330
44	5146	1302
44	5197	1328
44	5215	1330
44	5224	1302
44	5275	1328
44	5293	1330
44	5302	1302
44	5353	1328
44	5371	1330
44	5380	1302
44	5431	1328
44	5449	1330
44	5458	1302
44	5509	1328
44	5527	1330
44	5536	1302
44	5587	1328
44	5605	1330
44	5614	1302
44	5665	1328
44	5683	1330
44	5692	1302
44	5743	1328
44	5761	1330
44	5770	1302
44	5821	1328
44	5839	1330
44	5848	1302
44	5899	1328
44	5917	1330
44	5926	1302
44	5977	1328
44	5995	1330
44	6004	1302
44	6055	1328
44	6073	1330
44	6082	1302
45	62	1382
45	76	1302
45	140	1382
45	154	1302
45	218	1382
45	232	1302
45	296	1382
45	310	1302
45	374	1382
45	388	1302
45	452	1382
45	466	1302
45	530	1382
45	544	1302
45	608	1382
45	622	1302
45	686	1382
45	700	1302
45	764	1382
45	778	1302
45	842	1382
45	856	1302
45	920	1382
45	934	1302
45	998	1382
45	1012	1302
45	1076	1382
45	1090	1302
45	1154	1382
45	1168	1302
45	1232	1382
45	1246	1302
45	1310	1382
45	1324	1302
45	1388	1382
45	1402	1302
45	1466	1382
45	1480	1302
45	1544	1382
45	1558	1302
45	1622	1382
45	1636	1302
45	1700	1382
45	1714	1302
45	1778	1382
45	1792	1302
45	1856	1382
45	1870	1302
45	1934	1382
45	1948	1302
45	2012	1382
45	2026	1302
45	2090	1382
45	2104	1302
45	2168	1382
45	2182	1302
45	2246	1382
45	2260	1302
45	2324	1382
45	2338	1302
45	2402	1382
45	2416	1302
45	2480	1382
45	2494	1302
45	2558	1382
45	2572	1302
45	2636	1382
45	2650	1302
45	2714	1382
45	2728	1302
45	2792	1382
45	2806	1302
45	2870	1382
45	2884	1302
45	2948	1382
45	2962	1302
45	3026	1382
45	3040	1302
45	3104	1382
45	3118	1302
45	3182	1382
45	3196	1302
45	3260	1382
45	3274	1302
45	3338	1382
45	3352	1302
45	3416	1382
45	3430	1302
45	3494	1382
45	3508	1302
45	3572	1382
45	3586	1302
45	3650	1382
45	3664	1302
45	3728	1382
45	3742	1302
45	3806	1382
45	3820	1302
45	3884	1382
45	3898	1302
45	3962	1382
45	3976	1302
45	4040	1382
45	4054	1302
45	4118	1382
45	4132	1302
45	4196	1382
45	4210	1302
45	4274	1382
45	4288	1302
45	4352	1382
45	4366	1302
45	4430	1382
45	4444	1302
45	4508	1382
45	4522	1302
45	4586	1382
45	4600	1302
45	4664	1382
45	4678	1302
45	4742	1382
45	4756	1302
45	4820	1382
45	4834	1302
45	4898	1382
45	4912	1302
45	4976	1382
45	4990	1302
45	5054	1382
45	5068	1302
45	5132	1382
45	5146	1302
45	5210	1382
45	5224	1302
45	5288	1382
45	5302	1302
45	5366	1382
45	5380	1302
45	5444	1382
45	5458	1302
45	5522	1382
45	5536	1302
45	5600	1382
45	5614	1302
45	5678	1382
45	5692	1302
45	5756	1382
45	5770	1302
45	5834	1382
45	5848	1302
45	5912	1382
45	5926	1302
45	5990	1382
45	6004	1302
45	6068	1382
45	6082	1302
46	62	1382
46	140	1382
46	218	1382
46	296	1382
46	374	1382
46	452	1382
46	530	1382
46	608	1382
46	686	1382
46	764	1382
46	842	1382
46	920	1382
46	998	1382
46	1076	1382
46	1154	1382
46	1232	1382
46	1310	1382
46	1388	1382
46	1466	1382
46	1544	1382
46	1622	1382
46	1700	1382
46	1778	1382
46	1856	1382
46	1934	1382
46	2012	1382
46	2090	1382
46	2168	1382
46	2246	1382
46	2324	1382
46	2402	1382
46	2480	1382
46	2558	1382
46	2636	1382
46	2714	1382
46	2792	1382
46	2870	1382
46	2948	1382
46	3026	1382
46	3104	1382
46	3182	1382
46	3260	1382
46	3338	1382
46	3416	1382
46	3494	1382
46	3572	1382
46	3650	1382
46	3728	1382
46	3806	1382
46	3884	1382
46	3962	1382
46	4040	1382
46	4118	1382
46	4196	1382
46	4274	1382
46	4352	1382
46	4430	1382
46	4508	1382
46	4586	1382
46	4664	1382
46	4742	1382
46	4820	1382
46	4898	1382
46	4976	1382
46	5054	1382
46	5132	1382
46	5210	1382
46	5288	1382
46	5366	1382
46	5444	1382
46	5522	1382
46	5600	1382
46	5678	1382
46	5756	1382
46	5834	1382
46	5912	1382
46	5990	1382
46	6068	1382
47	49	1328
47	62	1382
47	67	1330
47	127	1328
47	140	1382
47	145	1330
47	205	1328
47	218	1382
47	223	1330
47	283	1328
47	296	1382
47	301	1330
47	361	1328
47	374	1382
47	379	1330
47	439	1328
47	452	1382
47	457	1330
47	517	1328
47	530	1382
47	535	1330
47	595	1328
47	608	1382
47	613	1330
47	673	1328
47	686	1382
47	691	1330
47	751	1328
47	764	1382
47	769	1330
47	829	1328
47	842	1382
47	847	1330
47	907	1328
47	920	1382
47	925	1330
47	985	1328
47	998	1382
47	1003	1330
47	1063	1328
47	1076	1382
47	1081	1330
47	1141	1328
47	1154	1382
47	1159	1330
47	1219	1328
47	1232	1382
47	1237	1330
47	1297	1328
47	1310	1382
47	1315	1330
47	1375	1328
47	1388	1382
47	1393	1330
47	1453	1328
47	1466	1382
47	1471	1330
47	1531	1328
47	1544	1382
47	1549	1330
47	1609	1328
47	1622	1382
47	1627	1330
47	1687	1328
47	1700	1382
47	1705	1330
47	1765	1328
47	1778	1382
47	1783	1330
47	1843	1328
47	1856	1382
47	1861	1330
47	1921	1328
47	1934	1382
47	1939	1330
47	1999	1328
47	2012	1382
47	2017	1330
47	2077	1328
47	2090	1382
47	2095	1330
47	2155	1328
47	2168	1382
47	2173	1330
47	2233	1328
47	2246	1382
47	2251	1330
47	2311	1328
47	2324	1382
47	2329	1330
47	2389	1328
47	2402	1382
47	2407	1330
47	2467	1328
47	2480	1382
47	2485	1330
47	2545	1328
47	2558	1382
47	2563	1330
47	2623	1328
47	2636	1382
47	2641	1330
47	2701	1328
47	2714	1382
47	2719	1330
47	2779	1328
47	2792	1382
47	2797	1330
47	2857	1328
47	2870	1382
47	2875	1330
47	2935	1328
47	2948	1382
47	2953	1330
47	3013	1328
47	3026	1382
47	3031	1330
47	3091	1328
47	3104	1382
47	3109	1330
47	3169	1328
47	3182	1382
47	3187	1330
47	3247	1328
47	3260	1382
47	3265	1330
47	3325	1328
47	3338	1382
47	3343	1330
47	3403	1328
47	3416	1382
47	3421	1330
47	3481	1328
47	3494	1382
47	3499	1330
47	3559	1328
47	3572	1382
47	3577	1330
47	3637	1328
47	3650	1382
47	3655	1330
47	3715	1328
47	3728	1382
47	3733	1330
47	3793	1328
47	3806	1382
47	3811	1330
47	3871	1328
47	3884	1382
47	3889	1330
47	3949	1328
47	3962	1382
47	3967	1330
47	4027	1328
47	4040	1382
47	4045	1330
47	4105	1328
47	4118	1382
47	4123	1330
47	4183	1328
47	4196	1382
47	4201	1330
47	4261	1328
47	4274	1382
47	4279	1330
47	4339	1328
47	4352	1382
47	4357	1330
47	4417	1328
47	4430	1382
47	4435	1330
47	4495	1328
47	4508	1382
47	4513	1330
47	4573	1328
47	4586	1382
47	4591	1330
47	4651	1328
47	4664	1382
47	4669	1330
47	4729	1328
47	4742	1382
47	4747	1330
47	4807	1328
47	4820	1382
47	4825	1330
47	4885	1328
47	4898	1382
47	4903	1330
47	4963	1328
47	4976	1382
47	4981	1330
47	5041	1328
47	5054	1382
47	5059	1330
47	5119	1328
47	5132	1382
47	5137	1330
47	5197	1328
47	5210	1382
47	5215	1330
47	5275	1328
47	5288	1382
47	5293	1330
47	5353	1328
47	5366	1382
47	5371	1330
47	5431	1328
47	5444	1382
47	5449	1330
47	5509	1328
47	5522	1382
47	5527	1330
47	5587	1328
47	5600	1382
47	5605	1330
47	5665	1328
47	5678	1382
47	5683	1330
47	5743	1328
47	5756	1382
47	5761	1330
47	5821	1328
47	5834	1382
47	5839	1330
47	5899	1328
47	5912	1382
47	5917	1330
47	5977	1328
47	5990	1382
47	5995	1330
47	6055	1328
47	6068	1382
47	6073	1330
48	62	1382
48	77	1274
48	140	1382
48	155	1274
48	218	1382
48	233	1274
48	296	1382
48	311	1274
48	374	1382
48	389	1274
48	452	1382
48	467	1274
48	530	1382
48	545	1274
48	608	1382
48	623	1274
48	686	1382
48	701	1274
48	764	1382
48	779	1274
48	842	1382
48	857	1274
48	920	1382
48	935	1274
48	998	1382
48	1013	1274
48	1076	1382
48	1091	1274
48	1154	1382
48	1169	1274
48	1232	1382
48	1247	1274
48	1310	1382
48	1325	1274
48	1388	1382
48	1403	1274
48	1466	1382
48	1481	1274
48	1544	1382
48	1559	1274
48	1622	1382
48	1637	1274
48	1700	1382
48	1715	1274
48	1778	1382
48	1793	1274
48	1856	1382
48	1871	1274
48	1934	1382
48	1949	1274
48	2012	1382
48	2027	1274
48	2090	1382
48	2105	1274
48	2168	1382
48	2183	1274
48	2246	1382
48	2261	1274
48	2324	1382
48	2339	1274
48	2402	1382
48	2417	1274
48	2480	1382
48	2495	1274
48	2558	1382
48	2573	1274
48	2636	1382
48	2651	1274
48	2714	1382
48	2729	1274
48	2792	1382
48	2807	1274
48	2870	1382
48	2885	1274
48	2948	1382
48	2963	1274
48	3026	1382
48	3041	1274
48	3104	1382
48	3119	1274
48	3182	1382
48	3197	1274
48	3260	1382
48	3275	1274
48	3338	1382
48	3353	1274
48	3416	1382
48	3431	1274
48	3494	1382
48	3509	1274
48	3572	1382
48	3587	1274
48	3650	1382
48	3665	1274
48	3728	1382
48	3743	1274
48	3806	1382
48	3821	1274
48	3884	1382
48	3899	1274
48	3962	1382
48	3977	1274
48	4040	1382
48	4055	1274
48	4118	1382
48	4133	1274
48	4196	1382
48	4211	1274
48	4274	1382
48	4289	1274
48	4352	1382
48	4367	1274
48	4430	1382
48	4445	1274
48	4508	1382
48	4523	1274
48	4586	1382
48	4601	1274
48	4664	1382
48	4679	1274
48	4742	1382
48	4757	1274
48	4820	1382
48	4835	1274
48	4898	1382
48	4913	1274
48	4976	1382
48	4991	1274
48	5054	1382
48	5069	1274
48	5132	1382
48	5147	1274
48	5210	1382
48	5225	1274
48	5288	1382
48	5303	1274
48	5366	1382
48	5381	1274
48	5444	1382
48	5459	1274
48	5522	1382
48	5537	1274
48	5600	1382
48	5615	1274
48	5678	1382
48	5693	1274
48	5756	1382
48	5771	1274
48	5834	1382
48	5849	1274
48	5912	1382
48	5927	1274
48	5990	1382
48	6005	1274
48	6068	1382
48	6083	1274
49	62	1382
49	140	1382
49	218	1382
49	296	1382
49	374	1382
49	452	1382
49	530	1382
49	608	1382
49	686	1382
49	764	1382
49	842	1382
49	920	1382
49	998	1382
49	1076	1382
49	1154	1382
49	1232	1382
49	1310	1382
49	1388	1382
49	1466	1382
49	1544	1382
49	1622	1382
49	1700	1382
49	1778	1382
49	1856	1382
49	1934	1382
49	2012	1382
49	2090	1382
49	2168	1382
49	2246	1382
49	2324	1382
49	2402	1382
49	2480	1382
49	2558	1382
49	2636	1382
49	2714	1382
49	2792	1382
49	2870	1382
49	2948	1382
49	3026	1382
49	3104	1382
49	3182	1382
49	3260	1382
49	3338	1382
49	3416	1382
49	3494	1382
49	3572	1382
49	3650	1382
49	3728	1382
49	3806	1382
49	3884	1382
49	3962	1382
49	4040	1382
49	4118	1382
49	4196	1382
49	4274	1382
49	4352	1382
49	4430	1382
49	4508	1382
49	4586	1382
49	4664	1382
49	4742	1382
49	4820	1382
49	4898	1382
49	4976	1382
49	5054	1382
49	5132	1382
49	5210	1382
49	5288	1382
49	5366	1382
49	5444	1382
49	5522	1382
49	5600	1382
49	5678	1382
49	5756	1382
49	5834	1382
49	5912	1382
49	5990	1382
49	6068	1382
50	11	1496
50	22	1394
50	49	1362
50	62	1330
50	74	1228
50	89	1496
50	100	1394
50	127	1362
50	140	1330
50	152	1228
50	167	1496
50	178	1394
50	205	1362
50	218	1330
50	230	1228
50	245	1496
50	256	1394
50	283	1362
50	296	1330
50	308	1228
50	323	1496
50	334	1394
50	361	1362
50	374	1330
50	386	1228
50	401	1496
50	412	1394
50	439	1362
50	452	1330
50	464	1228
50	479	1496
50	490	1394
50	517	1362
50	530	1330
50	542	1228
50	557	1496
50	568	1394
50	595	1362
50	608	1330
50	620	1228
50	635	1496
50	646	1394
50	673	1362
50	686	1330
50	698	1228
50	713	1496
50	724	1394
50	751	1362
50	764	1330
50	776	1228
50	791	1496
50	802	1394
50	829	1362
50	842	1330
50	854	1228
50	869	1496
50	880	1394
50	907	1362
50	920	1330
50	932	1228
50	947	1496
50	958	1394
50	985	1362
50	998	1330
50	1010	1228
50	1025	1496
50	1036	1394
50	1063	1362
50	1076	1330
50	1088	1228
50	1103	1496
50	1114	1394
50	1141	1362
50	1154	1330
50	1166	1228
50	1181	1496
50	1192	1394
50	1219	1362
50	1232	1330
50	1244	1228
50	1259	1496
50	1270	1394
50	1297	1362
50	1310	1330
50	1322	1228
50	1337	1496
50	1348	1394
50	1375	1362
50	1388	1330
50	1400	1228
50	1415	1496
50	1426	1394
50	1453	1362
50	1466	1330
50	1478	1228
50	1493	1496
50	1504	1394
50	1531	1362
50	1544	1330
50	1556	1228
50	1571	1496
50	1582	1394
50	1609	1362
50	1622	1330
50	1634	1228
50	1649	1496
50	1660	1394
50	1687	1362
50	1700	1330
50	1712	1228
50	1727	1496
50	1738	1394
50	1765	1362
50	1778	1330
50	1790	1228
50	1805	1496
50	1816	1394
50	1843	1362
50	1856	1330
50	1868	1228
50	1883	1496
50	1894	1394
50	1921	1362
50	1934	1330
50	1946	1228
50	1961	1496
50	1972	1394
50	1999	1362
50	2012	1330
50	2024	1228
50	2039	1496
50	2050	1394
50	2077	1362
50	2090	1330
50	2102	1228
50	2117	1496
50	2128	1394
50	2155	1362
50	2168	1330
50	2180	1228
50	2195	1496
50	2206	1394
50	2233	1362
50	2246	1330
50	2258	1228
50	2273	1496
50	2284	1394
50	2311	1362
50	2324	1330
50	2336	1228
50	2351	1496
50	2362	1394
50	2389	1362
50	2402	1330
50	2414	1228
50	2429	1496
50	2440	1394
50	2467	1362
50	2480	1330
50	2492	1228
50	2507	1496
50	2518	1394
50	2545	1362
50	2558	1330
50	2570	1228
50	2585	1496
50	2596	1394
50	2623	1362
50	2636	1330
50	2648	1228
50	2663	1496
50	2674	1394
50	2701	1362
50	2714	1330
50	2726	1228
50	2741	1496
50	2752	1394
50	2779	1362
50	2792	1330
50	2804	1228
50	2819	1496
50	2830	1394
50	2857	1362
50	2870	1330
50	2882	1228
50	2897	1496
50	2908	1394
50	2935	1362
50	2948	1330
50	2960	1228
50	2975	1496
50	2986	1394
50	3013	1362
50	3026	1330
50	3038	1228
50	3053	1496
50	3064	1394
50	3091	1362
50	3104	1330
50	3116	1228
50	3131	1496
50	3142	1394
50	3169	1362
50	3182	1330
50	3194	1228
50	3209	1496
50	3220	1394
50	3247	1362
50	3260	1330
50	3272	1228
50	3287	1496
50	3298	1394
50	3325	1362
50	3338	1330
50	3350	1228
50	3365	1496
50	3376	1394
50	3403	1362
50	3416	1330
50	3428	1228
50	3443	1496
50	3454	1394
50	3481	1362
50	3494	1330
50	3506	1228
50	3521	1496
50	3532	1394
50	3559	1362
50	3572	1330
50	3584	1228
50	3599	1496
50	3610	1394
50	3637	1362
50	3650	1330
50	3662	1228
50	3677	1496
50	3688	1394
50	3715	1362
50	3728	1330
50	3740	1228
50	3755	1496
50	3766	1394
50	3793	1362
50	3806	1330
50	3818	1228
50	3833	1496
50	3844	1394
50	3871	1362
50	3884	1330
50	3896	1228
50	3911	1496
50	3922	1394
50	3949	1362
50	3962	1330
50	3974	1228
50	3989	1496
50	4000	1394
50	4027	1362
50	4040	1330
50	4052	1228
50	4067	1496
50	4078	1394
50	4105	1362
50	4118	1330
50	4130	1228
50	4145	1496
50	4156	1394
50	4183	1362
50	4196	1330
50	4208	1228
50	4223	1496
50	4234	1394
50	4261	1362
50	4274	1330
50	4286	1228
50	4301	1496
50	4312	1394
50	4339	1362
50	4352	1330
50	4364	1228
50	4379	1496
50	4390	1394
50	4417	1362
50	4430	1330
50	4442	1228
50	4457	1496
50	4468	1394
50	4495	1362
50	4508	1330
50	4520	1228
50	4535	1496
50	4546	1394
50	4573	1362
50	4586	1330
50	4598	1228
50	4613	1496
50	4624	1394
50	4651	1362
50	4664	1330
50	4676	1228
50	4691	1496
50	4702	1394
50	4729	1362
50	4742	1330
50	4754	1228
50	4769	1496
50	4780	1394
50	4807	1362
50	4820	1330
50	4832	1228
50	4847	1496
50	4858	1394
50	4885	1362
50	4898	1330
50	4910	1228
50	4925	1496
50	4936	1394
50	4963	1362
50	4976	1330
50	4988	1228
50	5003	1496
50	5014	1394
50	5041	1362
50	5054	1330
50	5066	1228
50	5081	1496
50	5092	1394
50	5119	1362
50	5132	1330
50	5144	1228
50	5159	1496
50	5170	1394
50	5197	1362
50	5210	1330
50	5222	1228
50	5237	1496
50	5248	1394
50	5275	1362
50	5288	1330
50	5300	1228
50	5315	1496
50	5326	1394
50	5353	1362
50	5366	1330
50	5378	1228
50	5393	1496
50	5404	1394
50	5431	1362
50	5444	1330
50	5456	1228
50	5471	1496
50	5482	1394
50	5509	1362
50	5522	1330
50	5534	1228
50	5549	1496
50	5560	1394
50	5587	1362
50	5600	1330
50	5612	1228
50	5627	1496
50	5638	1394
50	5665	1362
50	5678	1330
50	5690	1228
50	5705	1496
50	5716	1394
50	5743	1362
50	5756	1330
50	5768	1228
50	5783	1496
50	5794	1394
50	5821	1362
50	5834	1330
50	5846	1228
50	5861	1496
50	5872	1394
50	5899	1362
50	5912	1330
50	5924	1228
50	5939	1496
50	5950	1394
50	5977	1362
50	5990	1330
50	6002	1228
50	6017	1496
50	6028	1394
50	6055	1362
50	6068	1330
50	6080	1228
51	32	1354
51	41	1270
51	110	1354
51	119	1270
51	188	1354
51	197	1270
51	266	1354
51	275	1270
51	344	1354
51	353	1270
51	422	1354
51	431	1270
51	500	1354
51	509	1270
51	578	1354
51	587	1270
51	656	1354
51	665	1270
51	734	1354
51	743	1270
51	812	1354
51	821	1270
51	890	1354
51	899	1270
51	968	1354
51	977	1270
51	1046	1354
51	1055	1270
51	1124	1354
51	1133	1270
51	1202	1354
51	1211	1270
51	1280	1354
51	1289	1270
51	1358	1354
51	1367	1270
51	1436	1354
51	1445	1270
51	1514	1354
51	1523	1270
51	1592	1354
51	1601	1270
51	1670	1354
51	1679	1270
51	1748	1354
51	1757	1270
51	1826	1354
51	1835	1270
51	1904	1354
51	1913	1270
51	1982	1354
51	1991	1270
51	2060	1354
51	2069	1270
51	2138	1354
51	2147	1270
51	2216	1354
51	2225	1270
51	2294	1354
51	2303	1270
51	2372	1354
51	2381	1270
51	2450	1354
51	2459	1270
51	2528	1354
51	2537	1270
51	2606	1354
51	2615	1270
51	2684	1354
51	2693	1270
51	2762	1354
51	2771	1270
51	2840	1354
51	2849	1270
51	2918	1354
51	2927	1270
51	2996	1354
51	3005	1270
51	3074	1354
51	3083	1270
51	3152	1354
51	3161	1270
51	3230	1354
51	3239	1270
51	3308	1354
51	3317	1270
51	3386	1354
51	3395	1270
51	3464	1354
51	3473	1270
51	3542	1354
51	3551	1270
51	3620	1354
51	3629	1270
51	3698	1354
51	3707	1270
51	3776	1354
51	3785	1270
51	3854	1354
51	3863	1270
51	3932	1354
51	3941	1270
51	4010	1354
51	4019	1270
51	4088	1354
51	4097	1270
51	4166	1354
51	4175	1270
51	4244	1354
51	4253	1270
51	4322	1354
51	4331	1270
51	4400	1354
51	4409	1270
51	4478	1354
51	4487	1270
51	4556	1354
51	4565	1270
51	4634	1354
51	4643	1270
51	4712	1354
51	4721	1270
51	4790	1354
51	4799	1270
51	4868	1354
51	4877	1270
51	4946	1354
51	4955	1270
51	5024	1354
51	5033	1270
51	5102	1354
51	5111	1270
51	5180	1354
51	5189	1270
51	5258	1354
51	5267	1270
51	5336	1354
51	5345	1270
51	5414	1354
51	5423	1270
51	5492	1354
51	5501	1270
51	5570	1354
51	5579	1270
51	5648	1354
51	5657	1270
51	5726	1354
51	5735	1270
51	5804	1354
51	5813	1270
51	5882	1354
51	5891	1270
51	5960	1354
51	5969	1270
51	6038	1354
51	6047	1270
52	32	1244
52	67	1386
52	74	1328
52	110	1244
52	145	1386
52	152	1328
52	188	1244
52	223	1386
52	230	1328
52	266	1244
52	301	1386
52	308	1328
52	344	1244
52	379	1386
52	386	1328
52	422	1244
52	457	1386
52	464	1328
52	500	1244
52	535	1386
52	542	1328
52	578	1244
52	613	1386
52	620	1328
52	656	1244
52	691	1386
52	698	1328
52	734	1244
52	769	1386
52	776	1328
52	812	1244
52	847	1386
52	854	1328
52	890	1244
52	925	1386
52	932	1328
52	968	1244
52	1003	1386
52	1010	1328
52	1046	1244
52	1081	1386
52	1088	1328
52	1124	1244
52	1159	1386
52	1166	1328
52	1202	1244
52	1237	1386
52	1244	1328
52	1280	1244
52	1315	1386
52	1322	1328
52	1358	1244
52	1393	1386
52	1400	1328
52	1436	1244
52	1471	1386
52	1478	1328
52	1514	1244
52	1549	1386
52	1556	1328
52	1592	1244
52	1627	1386
52	1634	1328
52	1670	1244
52	1705	1386
52	1712	1328
52	1748	1244
52	1783	1386
52	1790	1328
52	1826	1244
52	1861	1386
52	1868	1328
52	1904	1244
52	1939	1386
52	1946	1328
52	1982	1244
52	2017	1386
52	2024	1328
52	2060	1244
52	2095	1386
52	2102	1328
52	2138	1244
52	2173	1386
52	2180	1328
52	2216	1244
52	2251	1386
52	2258	1328
52	2294	1244
52	2329	1386
52	2336	1328
52	2372	1244
52	2407	1386
52	2414	1328
52	2450	1244
52	2485	1386
52	2492	1328
52	2528	1244
52	2563	1386
52	2570	1328
52	2606	1244
52	2641	1386
52	2648	1328
52	2684	1244
52	2719	1386
52	2726	1328
52	2762	1244
52	2797	1386
52	2804	1328
52	2840	1244
52	2875	1386
52	2882	1328
52	2918	1244
52	2953	1386
52	2960	1328
52	2996	1244
52	3031	1386
52	3038	1328
52	3074	1244
52	3109	1386
52	3116	1328
52	3152	1244
52	3187	1386
52	3194	1328
52	3230	1244
52	3265	1386
52	3272	1328
52	3308	1244
52	3343	1386
52	3350	1328
52	3386	1244
52	3421	1386
52	3428	1328
52	3464	1244
52	3499	1386
52	3506	1328
52	3542	1244
52	3577	1386
52	3584	1328
52	3620	1244
52	3655	1386
52	3662	1328
52	3698	1244
52	3733	1386
52	3740	1328
52	3776	1244
52	3811	1386
52	3818	1328
52	3854	1244
52	3889	1386
52	3896	1328
52	3932	1244
52	3967	1386
52	3974	1328
52	4010	1244
52	4045	1386
52	4052	1328
52	4088	1244
52	4123	1386
52	4130	1328
52	4166	1244
52	4201	1386
52	4208	1328
52	4244	1244
52	4279	1386
52	4286	1328
52	4322	1244
52	4357	1386
52	4364	1328
52	4400	1244
52	4435	1386
52	4442	1328
52	4478	1244
52	4513	1386
52	4520	1328
52	4556	1244
52	4591	1386
52	4598	1328
52	4634	1244
52	4669	1386
52	4676	1328
52	4712	1244
52	4747	1386
52	4754	1328
52	4790	1244
52	4825	1386
52	4832	1328
52	4868	1244
52	4903	1386
52	4910	1328
52	4946	1244
52	4981	1386
52	4988	1328
52	5024	1244
52	5059	1386
52	5066	1328
52	5102	1244
52	5137	1386
52	5144	1328
52	5180	1244
52	5215	1386
52	5222	1328
52	5258	1244
52	5293	1386
52	5300	1328
52	5336	1244
52	5371	1386
52	5378	1328
52	5414	1244
52	5449	1386
52	5456	1328
52	5492	1244
52	5527	1386
52	5534	1328
52	5570	1244
52	5605	1386
52	5612	1328
52	5648	1244
52	5683	1386
52	5690	1328
52	5726	1244
52	5761	1386
52	5768	1328
52	5804	1244
52	5839	1386
52	5846	1328
52	5882	1244
52	5917	1386
52	5924	1328
52	5960	1244
52	5995	1386
52	6002	1328
52	6038	1244
52	6073	1386
52	6080	1328
53	22	1310
53	67	1342
53	100	1310
53	145	1342
53	178	1310
53	223	1342
53	256	1310
53	301	1342
53	334	1310
53	379	1342
53	412	1310
53	457	1342
53	490	1310
53	535	1342
53	568	1310
53	613	1342
53	646	1310
53	691	1342
53	724	1310
53	769	1342
53	802	1310
53	847	1342
53	880	1310
53	925	1342
53	958	1310
53	1003	1342
53	1036	1310
53	1081	1342
53	1114	1310
53	1159	1342
53	1192	1310
53	1237	1342
53	1270	1310
53	1315	1342
53	1348	1310
53	1393	1342
53	1426	1310
53	1471	1342
53	1504	1310
53	1549	1342
53	1582	1310
53	1627	1342
53	1660	1310
53	1705	1342
53	1738	1310
53	1783	1342
53	1816	1310
53	1861	1342
53	1894	1310
53	1939	1342
53	1972	1310
53	2017	1342
53	2050	1310
53	2095	1342
53	2128	1310
53	2173	1342
53	2206	1310
53	2251	1342
53	2284	1310
53	2329	1342
53	2362	1310
53	2407	1342
53	2440	1310
53	2485	1342
53	2518	1310
53	2563	1342
53	2596	1310
53	2641	1342
53	2674	1310
53	2719	1342
53	2752	1310
53	2797	1342
53	2830	1310
53	2875	1342
53	2908	1310
53	2953	1342
53	2986	1310
53	3031	1342
53	3064	1310
53	3109	1342
53	3142	1310
53	3187	1342
53	3220	1310
53	3265	1342
53	3298	1310
53	3343	1342
53	3376	1310
53	3421	1342
53	3454	1310
53	3499	1342
53	3532	1310
53	3577	1342
53	3610	1310
53	3655	1342
53	3688	1310
53	3733	1342
53	3766	1310
53	3811	1342
53	3844	1310
53	3889	1342
53	3922	1310
53	3967	1342
53	4000	1310
53	4045	1342
53	4078	1310
53	4123	1342
53	4156	1310
53	4201	1342
53	4234	1310
53	4279	1342
53	4312	1310
53	4357	1342
53	4390	1310
53	4435	1342
53	4468	1310
53	4513	1342
53	4546	1310
53	4591	1342
53	4624	1310
53	4669	1342
53	4702	1310
53	4747	1342
53	4780	1310
53	4825	1342
53	4858	1310
53	4903	1342
53	4936	1310
53	4981	1342
53	5014	1310
53	5059	1342
53	5092	1310
53	5137	1342
53	5170	1310
53	5215	1342
53	5248	1310
53	5293	1342
53	5326	1310
53	5371	1342
53	5404	1310
53	5449	1342
53	5482	1310
53	5527	1342
53	5560	1310
53	5605	1342
53	5638	1310
53	5683	1342
53	5716	1310
53	5761	1342
53	5794	1310
53	5839	1342
53	5872	1310
53	5917	1342
53	5950	1310
53	5995	1342
53	6028	1310
53	6073	1342
54	22	1310
54	49	1208
54	67	1342
54	77	1346
54	100	1310
54	127	1208
54	145	1342
54	155	1346
54	178	1310
54	205	1208
54	223	1342
54	233	1346
54	256	1310
54	283	1208
54	301	1342
54	311	1346
54	334	1310
54	361	1208
54	379	1342
54	389	1346
54	412	1310
54	439	1208
54	457	1342
54	467	1346
54	490	1310
54	517	1208
54	535	1342
54	545	1346
54	568	1310
54	595	1208
54	613	1342
54	623	1346
54	646	1310
54	673	1208
54	691	1342
54	701	1346
54	724	1310
54	751	1208
54	769	1342
54	779	1346
54	802	1310
54	829	1208
54	847	1342
54	857	1346
54	880	1310
54	907	1208
54	925	1342
54	935	1346
54	958	1310
54	985	1208
54	1003	1342
54	1013	1346
54	1036	1310
54	1063	1208
54	1081	1342
54	1091	1346
54	1114	1310
54	1141	1208
54	1159	1342
54	1169	1346
54	1192	1310
54	1219	1208
54	1237	1342
54	1247	1346
54	1270	1310
54	1297	1208
54	1315	1342
54	1325	1346
54	1348	1310
54	1375	1208
54	1393	1342
54	1403	1346
54	1426	1310
54	1453	1208
54	1471	1342
54	1481	1346
54	1504	1310
54	1531	1208
54	1549	1342
54	1559	1346
54	1582	1310
54	1609	1208
54	1627	1342
54	1637	1346
54	1660	1310
54	1687	1208
54	1705	1342
54	1715	1346
54	1738	1310
54	1765	1208
54	1783	1342
54	1793	1346
54	1816	1310
54	1843	1208
54	1861	1342
54	1871	1346
54	1894	1310
54	1921	1208
54	1939	1342
54	1949	1346
54	1972	1310
54	1999	1208
54	2017	1342
54	2027	1346
54	2050	1310
54	2077	1208
54	2095	1342
54	2105	1346
54	2128	1310
54	2155	1208
54	2173	1342
54	2183	1346
54	2206	1310
54	2233	1208
54	2251	1342
54	2261	1346
54	2284	1310
54	2311	1208
54	2329	1342
54	2339	1346
54	2362	1310
54	2389	1208
54	2407	1342
54	2417	1346
54	2440	1310
54	2467	1208
54	2485	1342
54	2495	1346
54	2518	1310
54	2545	1208
54	2563	1342
54	2573	1346
54	2596	1310
54	2623	1208
54	2641	1342
54	2651	1346
54	2674	1310
54	2701	1208
54	2719	1342
54	2729	1346
54	2752	1310
54	2779	1208
54	2797	1342
54	2807	1346
54	2830	1310
54	2857	1208
54	2875	1342
54	2885	1346
54	2908	1310
54	2935	1208
54	2953	1342
54	2963	1346
54	2986	1310
54	3013	1208
54	3031	1342
54	3041	1346
54	3064	1310
54	3091	1208
54	3109	1342
54	3119	1346
54	3142	1310
54	3169	1208
54	3187	1342
54	3197	1346
54	3220	1310
54	3247	1208
54	3265	1342
54	3275	1346
54	3298	1310
54	3325	1208
54	3343	1342
54	3353	1346
54	3376	1310
54	3403	1208
54	3421	1342
54	3431	1346
54	3454	1310
54	3481	1208
54	3499	1342
54	3509	1346
54	3532	1310
54	3559	1208
54	3577	1342
54	3587	1346
54	3610	1310
54	3637	1208
54	3655	1342
54	3665	1346
54	3688	1310
54	3715	1208
54	3733	1342
54	3743	1346
54	3766	1310
54	3793	1208
54	3811	1342
54	3821	1346
54	3844	1310
54	3871	1208
54	3889	1342
54	3899	1346
54	3922	1310
54	3949	1208
54	3967	1342
54	3977	1346
54	4000	1310
54	4027	1208
54	4045	1342
54	4055	1346
54	4078	1310
54	4105	1208
54	4123	1342
54	4133	1346
54	4156	1310
54	4183	1208
54	4201	1342
54	4211	1346
54	4234	1310
54	4261	1208
54	4279	1342
54	4289	1346
54	4312	1310
54	4339	1208
54	4357	1342
54	4367	1346
54	4390	1310
54	4417	1208
54	4435	1342
54	4445	1346
54	4468	1310
54	4495	1208
54	4513	1342
54	4523	1346
54	4546	1310
54	4573	1208
54	4591	1342
54	4601	1346
54	4624	1310
54	4651	1208
54	4669	1342
54	4679	1346
54	4702	1310
54	4729	1208
54	4747	1342
54	4757	1346
54	4780	1310
54	4807	1208
54	4825	1342
54	4835	1346
54	4858	1310
54	4885	1208
54	4903	1342
54	4913	1346
54	4936	1310
54	4963	1208
54	4981	1342
54	4991	1346
54	5014	1310
54	5041	1208
54	5059	1342
54	5069	1346
54	5092	1310
54	5119	1208
54	5137	1342
54	5147	1346
54	5170	1310
54	5197	1208
54	5215	1342
54	5225	1346
54	5248	1310
54	5275	1208
54	5293	1342
54	5303	1346
54	5326	1310
54	5353	1208
54	5371	1342
54	5381	1346
54	5404	1310
54	5431	1208
54	5449	1342
54	5459	1346
54	5482	1310
54	5509	1208
54	5527	1342
54	5537	1346
54	5560	1310
54	5587	1208
54	5605	1342
54	5615	1346
54	5638	1310
54	5665	1208
54	5683	1342
54	5693	1346
54	5716	1310
54	5743	1208
54	5761	1342
54	5771	1346
54	5794	1310
54	5821	1208
54	5839	1342
54	5849	1346
54	5872	1310
54	5899	1208
54	5917	1342
54	5927	1346
54	5950	1310
54	5977	1208
54	5995	1342
54	6005	1346
54	6028	1310
54	6055	1208
54	6073	1342
54	6083	1346
55	49	1248
55	56	1288
55	127	1248
55	134	1288
55	205	1248
55	212	1288
55	283	1248
55	290	1288
55	361	1248
55	368	1288
55	439	1248
55	446	1288
55	517	1248
55	524	1288
55	595	1248
55	602	1288
55	673	1248
55	680	1288
55	751	1248
55	758	1288
55	829	1248
55	836	1288
55	907	1248
55	914	1288
55	985	1248
55	992	1288
55	1063	1248
55	1070	1288
55	1141	1248
55	1148	1288
55	1219	1248
55	1226	1288
55	1297	1248
55	1304	1288
55	1375	1248
55	1382	1288
55	1453	1248
55	1460	1288
55	1531	1248
55	1538	1288
55	1609	1248
55	1616	1288
55	1687	1248
55	1694	1288
55	1765	1248
55	1772	1288
55	1843	1248
55	1850	1288
55	1921	1248
55	1928	1288
55	1999	1248
55	2006	1288
55	2077	1248
55	2084	1288
55	2155	1248
55	2162	1288
55	2233	1248
55	2240	1288
55	2311	1248
55	2318	1288
55	2389	1248
55	2396	1288
55	2467	1248
55	2474	1288
55	2545	1248
55	2552	1288
55	2623	1248
55	2630	1288
55	2701	1248
55	2708	1288
55	2779	1248
55	2786	1288
55	2857	1248
55	2864	1288
55	2935	1248
55	2942	1288
55	3013	1248
55	3020	1288
55	3091	1248
55	3098	1288
55	3169	1248
55	3176	1288
55	3247	1248
55	3254	1288
55	3325	1248
55	3332	1288
55	3403	1248
55	3410	1288
55	3481	1248
55	3488	1288
55	3559	1248
55	3566	1288
55	3637	1248
55	3644	1288
55	3715	1248
55	3722	1288
55	3793	1248
55	3800	1288
55	3871	1248
55	3878	1288
55	3949	1248
55	3956	1288
55	4027	1248
55	4034	1288
55	4105	1248
55	4112	1288
55	4183	1248
55	4190	1288
55	4261	1248
55	4268	1288
55	4339	1248
55	4346	1288
55	4417	1248
55	4424	1288
55	4495	1248
55	4502	1288
55	4573	1248
55	4580	1288
55	4651	1248
55	4658	1288
55	4729	1248
55	4736	1288
55	4807	1248
55	4814	1288
55	4885	1248
55	4892	1288
55	4963	1248
55	4970	1288
55	5041	1248
55	5048	1288
55	5119	1248
55	5126	1288
55	5197	1248
55	5204	1288
55	5275	1248
55	5282	1288
55	5353	1248
55	5360	1288
55	5431	1248
55	5438	1288
55	5509	1248
55	5516	1288
55	5587	1248
55	5594	1288
55	5665	1248
55	5672	1288
55	5743	1248
55	5750	1288
55	5821	1248
55	5828	1288
55	5899	1248
55	5906	1288
55	5977	1248
55	5984	1288
55	6055	1248
55	6062	1288
56	22	1310
56	49	1208
56	71	1314
56	74	1212
56	77	1346
56	100	1310
56	127	1208
56	149	1314
56	152	1212
56	155	1346
56	178	1310
56	205	1208
56	227	1314
56	230	1212
56	233	1346
56	256	1310
56	283	1208
56	305	1314
56	308	1212
56	311	1346
56	334	1310
56	361	1208
56	383	1314
56	386	1212
56	389	1346
56	412	1310
56	439	1208
56	461	1314
56	464	1212
56	467	1346
56	490	1310
56	517	1208
56	539	1314
56	542	1212
56	545	1346
56	568	1310
56	595	1208
56	617	1314
56	620	1212
56	623	1346
56	646	1310
56	673	1208
56	695	1314
56	698	1212
56	701	1346
56	724	1310
56	751	1208
56	773	1314
56	776	1212
56	779	1346
56	802	1310
56	829	1208
56	851	1314
56	854	1212
56	857	1346
56	880	1310
56	907	1208
56	929	1314
56	932	1212
56	935	1346
56	958	1310
56	985	1208
56	1007	1314
56	1010	1212
56	1013	1346
56	1036	1310
56	1063	1208
56	1085	1314
56	1088	1212
56	1091	1346
56	1114	1310
56	1141	1208
56	1163	1314
56	1166	1212
56	1169	1346
56	1192	1310
56	1219	1208
56	1241	1314
56	1244	1212
56	1247	1346
56	1270	1310
56	1297	1208
56	1319	1314
56	1322	1212
56	1325	1346
56	1348	1310
56	1375	1208
56	1397	1314
56	1400	1212
56	1403	1346
56	1426	1310
56	1453	1208
56	1475	1314
56	1478	1212
56	1481	1346
56	1504	1310
56	1531	1208
56	1553	1314
56	1556	1212
56	1559	1346
56	1582	1310
56	1609	1208
56	1631	1314
56	1634	1212
56	1637	1346
56	1660	1310
56	1687	1208
56	1709	1314
56	1712	1212
56	1715	1346
56	1738	1310
56	1765	1208
56	1787	1314
56	1790	1212
56	1793	1346
56	1816	1310
56	1843	1208
56	1865	1314
56	1868	1212
56	1871	1346
56	1894	1310
56	1921	1208
56	1943	1314
56	1946	1212
56	1949	1346
56	1972	1310
56	1999	1208
56	2021	1314
56	2024	1212
56	2027	1346
56	2050	1310
56	2077	1208
56	2099	1314
56	2102	1212
56	2105	1346
56	2128	1310
56	2155	1208
56	2177	1314
56	2180	1212
56	2183	1346
56	2206	1310
56	2233	1208
56	2255	1314
56	2258	1212
56	2261	1346
56	2284	1310
56	2311	1208
56	2333	1314
56	2336	1212
56	2339	1346
56	2362	1310
56	2389	1208
56	2411	1314
56	2414	1212
56	2417	1346
56	2440	1310
56	2467	1208
56	2489	1314
56	2492	1212
56	2495	1346
56	2518	1310
56	2545	1208
56	2567	1314
56	2570	1212
56	2573	1346
56	2596	1310
56	2623	1208
56	2645	1314
56	2648	1212
56	2651	1346
56	2674	1310
56	2701	1208
56	2723	1314
56	2726	1212
56	2729	1346
56	2752	1310
56	2779	1208
56	2801	1314
56	2804	1212
56	2807	1346
56	2830	1310
56	2857	1208
56	2879	1314
56	2882	1212
56	2885	1346
56	2908	1310
56	2935	1208
56	2957	1314
56	2960	1212
56	2963	1346
56	2986	1310
56	3013	1208
56	3035	1314
56	3038	1212
56	3041	1346
56	3064	1310
56	3091	1208
56	3113	1314
56	3116	1212
56	3119	1346
56	3142	1310
56	3169	1208
56	3191	1314
56	3194	1212
56	3197	1346
56	3220	1310
56	3247	1208
56	3269	1314
56	3272	1212
56	3275	1346
56	3298	1310
56	3325	1208
56	3347	1314
56	3350	1212
56	3353	1346
56	3376	1310
56	3403	1208
56	3425	1314
56	3428	1212
56	3431	1346
56	3454	1310
56	3481	1208
56	3503	1314
56	3506	1212
56	3509	1346
56	3532	1310
56	3559	1208
56	3581	1314
56	3584	1212
56	3587	1346
56	3610	1310
56	3637	1208
56	3659	1314
56	3662	1212
56	3665	1346
56	3688	1310
56	3715	1208
56	3737	1314
56	3740	1212
56	3743	1346
56	3766	1310
56	3793	1208
56	3815	1314
56	3818	1212
56	3821	1346
56	3844	1310
56	3871	1208
56	3893	1314
56	3896	1212
56	3899	1346
56	3922	1310
56	3949	1208
56	3971	1314
56	3974	1212
56	3977	1346
56	4000	1310
56	4027	1208
56	4049	1314
56	4052	1212
56	4055	1346
56	4078	1310
56	4105	1208
56	4127	1314
56	4130	1212
56	4133	1346
56	4156	1310
56	4183	1208
56	4205	1314
56	4208	1212
56	4211	1346
56	4234	1310
56	4261	1208
56	4283	1314
56	4286	1212
56	4289	1346
56	4312	1310
56	4339	1208
56	4361	1314
56	4364	1212
56	4367	1346
56	4390	1310
56	4417	1208
56	4439	1314
56	4442	1212
56	4445	1346
56	4468	1310
56	4495	1208
56	4517	1314
56	4520	1212
56	4523	1346
56	4546	1310
56	4573	1208
56	4595	1314
56	4598	1212
56	4601	1346
56	4624	1310
56	4651	1208
56	4673	1314
56	4676	1212
56	4679	1346
56	4702	1310
56	4729	1208
56	4751	1314
56	4754	1212
56	4757	1346
56	4780	1310
56	4807	1208
56	4829	1314
56	4832	1212
56	4835	1346
56	4858	1310
56	4885	1208
56	4907	1314
56	4910	1212
56	4913	1346
56	4936	1310
56	4963	1208
56	4985	1314
56	4988	1212
56	4991	1346
56	5014	1310
56	5041	1208
56	5063	1314
56	5066	1212
56	5069	1346
56	5092	1310
56	5119	1208
56	5141	1314
56	5144	1212
56	5147	1346
56	5170	1310
56	5197	1208
56	5219	1314
56	5222	1212
56	5225	1346
56	5248	1310
56	5275	1208
56	5297	1314
56	5300	1212
56	5303	1346
56	5326	1310
56	5353	1208
56	5375	1314
56	5378	1212
56	5381	1346
56	5404	1310
56	5431	1208
56	5453	1314
56	5456	1212
56	5459	1346
56	5482	1310
56	5509	1208
56	5531	1314
56	5534	1212
56	5537	1346
56	5560	1310
56	5587	1208
56	5609	1314
56	5612	1212
56	5615	1346
56	5638	1310
56	5665	1208
56	5687	1314
56	5690	1212
56	5693	1346
56	5716	1310
56	5743	1208
56	5765	1314
56	5768	1212
56	5771	1346
56	5794	1310
56	5821	1208
56	5843	1314
56	5846	1212
56	5849	1346
56	5872	1310
56	5899	1208
56	5921	1314
56	5924	1212
56	5927	1346
56	5950	1310
56	5977	1208
56	5999	1314
56	6002	1212
56	6005	1346
56	6028	1310
56	6055	1208
56	6077	1314
56	6080	1212
56	6083	1346
57	22	1352
57	32	1340
57	49	1248
57	100	1352
57	110	1340
57	127	1248
57	178	1352
57	188	1340
57	205	1248
57	256	1352
57	266	1340
57	283	1248
57	334	1352
57	344	1340
57	361	1248
57	412	1352
57	422	1340
57	439	1248
57	490	1352
57	500	1340
57	517	1248
57	568	1352
57	578	1340
57	595	1248
57	646	1352
57	656	1340
57	673	1248
57	724	1352
57	734	1340
57	751	1248
57	802	1352
57	812	1340
57	829	1248
57	880	1352
57	890	1340
57	907	1248
57	958	1352
57	968	1340
57	985	1248
57	1036	1352
57	1046	1340
57	1063	1248
57	1114	1352
57	1124	1340
57	1141	1248
57	1192	1352
57	1202	1340
57	1219	1248
57	1270	1352
57	1280	1340
57	1297	1248
57	1348	1352
57	1358	1340
57	1375	1248
57	1426	1352
57	1436	1340
57	1453	1248
57	1504	1352
57	1514	1340
57	1531	1248
57	1582	1352
57	1592	1340
57	1609	1248
57	1660	1352
57	1670	1340
57	1687	1248
57	1738	1352
57	1748	1340
57	1765	1248
57	1816	1352
57	1826	1340
57	1843	1248
57	1894	1352
57	1904	1340
57	1921	1248
57	1972	1352
57	1982	1340
57	1999	1248
57	2050	1352
57	2060	1340
57	2077	1248
57	2128	1352
57	2138	1340
57	2155	1248
57	2206	1352
57	2216	1340
57	2233	1248
57	2284	1352
57	2294	1340
57	2311	1248
57	2362	1352
57	2372	1340
57	2389	1248
57	2440	1352
57	2450	1340
57	2467	1248
57	2518	1352
57	2528	1340
57	2545	1248
57	2596	1352
57	2606	1340
57	2623	1248
57	2674	1352
57	2684	1340
57	2701	1248
57	2752	1352
57	2762	1340
57	2779	1248
57	2830	1352
57	2840	1340
57	2857	1248
57	2908	1352
57	2918	1340
57	2935	1248
57	2986	1352
57	2996	1340
57	3013	1248
57	3064	1352
57	3074	1340
57	3091	1248
57	3142	1352
57	3152	1340
57	3169	1248
57	3220	1352
57	3230	1340
57	3247	1248
57	3298	1352
57	3308	1340
57	3325	1248
57	3376	1352
57	3386	1340
57	3403	1248
57	3454	1352
57	3464	1340
57	3481	1248
57	3532	1352
57	3542	1340
57	3559	1248
57	3610	1352
57	3620	1340
57	3637	1248
57	3688	1352
57	3698	1340
57	3715	1248
57	3766	1352
57	3776	1340
57	3793	1248
57	3844	1352
57	3854	1340
57	3871	1248
57	3922	1352
57	3932	1340
57	3949	1248
57	4000	1352
57	4010	1340
57	4027	1248
57	4078	1352
57	4088	1340
57	4105	1248
57	4156	1352
57	4166	1340
57	4183	1248
57	4234	1352
57	4244	1340
57	4261	1248
57	4312	1352
57	4322	1340
57	4339	1248
57	4390	1352
57	4400	1340
57	4417	1248
57	4468	1352
57	4478	1340
57	4495	1248
57	4546	1352
57	4556	1340
57	4573	1248
57	4624	1352
57	4634	1340
57	4651	1248
57	4702	1352
57	4712	1340
57	4729	1248
57	4780	1352
57	4790	1340
57	4807	1248
57	4858	1352
57	4868	1340
57	4885	1248
57	4936	1352
57	4946	1340
57	4963	1248
57	5014	1352
57	5024	1340
57	5041	1248
57	5092	1352
57	5102	1340
57	5119	1248
57	5170	1352
57	5180	1340
57	5197	1248
57	5248	1352
57	5258	1340
57	5275	1248
57	5326	1352
57	5336	1340
57	5353	1248
57	5404	1352
57	5414	1340
57	5431	1248
57	5482	1352
57	5492	1340
57	5509	1248
57	5560	1352
57	5570	1340
57	5587	1248
57	5638	1352
57	5648	1340
57	5665	1248
57	5716	1352
57	5726	1340
57	5743	1248
57	5794	1352
57	5804	1340
57	5821	1248
57	5872	1352
57	5882	1340
57	5899	1248
57	5950	1352
57	5960	1340
57	5977	1248
57	6028	1352
57	6038	1340
57	6055	1248
58	32	1340
58	49	1248
58	76	1242
58	110	1340
58	127	1248
58	154	1242
58	188	1340
58	205	1248
58	232	1242
58	266	1340
58	283	1248
58	310	1242
58	344	1340
58	361	1248
58	388	1242
58	422	1340
58	439	1248
58	466	1242
58	500	1340
58	517	1248
58	544	1242
58	578	1340
58	595	1248
58	622	1242
58	656	1340
58	673	1248
58	700	1242
58	734	1340
58	751	1248
58	778	1242
58	812	1340
58	829	1248
58	856	1242
58	890	1340
58	907	1248
58	934	1242
58	968	1340
58	985	1248
58	1012	1242
58	1046	1340
58	1063	1248
58	1090	1242
58	1124	1340
58	1141	1248
58	1168	1242
58	1202	1340
58	1219	1248
58	1246	1242
58	1280	1340
58	1297	1248
58	1324	1242
58	1358	1340
58	1375	1248
58	1402	1242
58	1436	1340
58	1453	1248
58	1480	1242
58	1514	1340
58	1531	1248
58	1558	1242
58	1592	1340
58	1609	1248
58	1636	1242
58	1670	1340
58	1687	1248
58	1714	1242
58	1748	1340
58	1765	1248
58	1792	1242
58	1826	1340
58	1843	1248
58	1870	1242
58	1904	1340
58	1921	1248
58	1948	1242
58	1982	1340
58	1999	1248
58	2026	1242
58	2060	1340
58	2077	1248
58	2104	1242
58	2138	1340
58	2155	1248
58	2182	1242
58	2216	1340
58	2233	1248
58	2260	1242
58	2294	1340
58	2311	1248
58	2338	1242
58	2372	1340
58	2389	1248
58	2416	1242
58	2450	1340
58	2467	1248
58	2494	1242
58	2528	1340
58	2545	1248
58	2572	1242
58	2606	1340
58	2623	1248
58	2650	1242
58	2684	1340
58	2701	1248
58	2728	1242
58	2762	1340
58	2779	1248
58	2806	1242
58	2840	1340
58	2857	1248
58	2884	1242
58	2918	1340
58	2935	1248
58	2962	1242
58	2996	1340
58	3013	1248
58	3040	1242
58	3074	1340
58	3091	1248
58	3118	1242
58	3152	1340
58	3169	1248
58	3196	1242
58	3230	1340
58	3247	1248
58	3274	1242
58	3308	1340
58	3325	1248
58	3352	1242
58	3386	1340
58	3403	1248
58	3430	1242
58	3464	1340
58	3481	1248
58	3508	1242
58	3542	1340
58	3559	1248
58	3586	1242
58	3620	1340
58	3637	1248
58	3664	1242
58	3698	1340
58	3715	1248
58	3742	1242
58	3776	1340
58	3793	1248
58	3820	1242
58	3854	1340
58	3871	1248
58	3898	1242
58	3932	1340
58	3949	1248
58	3976	1242
58	4010	1340
58	4027	1248
58	4054	1242
58	4088	1340
58	4105	1248
58	4132	1242
58	4166	1340
58	4183	1248
58	4210	1242
58	4244	1340
58	4261	1248
58	4288	1242
58	4322	1340
58	4339	1248
58	4366	1242
58	4400	1340
58	4417	1248
58	4444	1242
58	4478	1340
58	4495	1248
58	4522	1242
58	4556	1340
58	4573	1248
58	4600	1242
58	4634	1340
58	4651	1248
58	4678	1242
58	4712	1340
58	4729	1248
58	4756	1242
58	4790	1340
58	4807	1248
58	4834	1242
58	4868	1340
58	4885	1248
58	4912	1242
58	4946	1340
58	4963	1248
58	4990	1242
58	5024	1340
58	5041	1248
58	5068	1242
58	5102	1340
58	5119	1248
58	5146	1242
58	5180	1340
58	5197	1248
58	5224	1242
58	5258	1340
58	5275	1248
58	5302	1242
58	5336	1340
58	5353	1248
58	5380	1242
58	5414	1340
58	5431	1248
58	5458	1242
58	5492	1340
58	5509	1248
58	5536	1242
58	5570	1340
58	5587	1248
58	5614	1242
58	5648	1340
58	5665	1248
58	5692	1242
58	5726	1340
58	5743	1248
58	5770	1242
58	5804	1340
58	5821	1248
58	5848	1242
58	5882	1340
58	5899	1248
58	5926	1242
58	5960	1340
58	5977	1248
58	6004	1242
58	6038	1340
58	6055	1248
58	6082	1242
59	32	1326
59	62	1204
59	71	1314
59	110	1326
59	140	1204
59	149	1314
59	188	1326
59	218	1204
59	227	1314
59	266	1326
59	296	1204
59	305	1314
59	344	1326
59	374	1204
59	383	1314
59	422	1326
59	452	1204
59	461	1314
59	500	1326
59	530	1204
59	539	1314
59	578	1326
59	608	1204
59	617	1314
59	656	1326
59	686	1204
59	695	1314
59	734	1326
59	764	1204
59	773	1314
59	812	1326
59	842	1204
59	851	1314
59	890	1326
59	920	1204
59	929	1314
59	968	1326
59	998	1204
59	1007	1314
59	1046	1326
59	1076	1204
59	1085	1314
59	1124	1326
59	1154	1204
59	1163	1314
59	1202	1326
59	1232	1204
59	1241	1314
59	1280	1326
59	1310	1204
59	1319	1314
59	1358	1326
59	1388	1204
59	1397	1314
59	1436	1326
59	1466	1204
59	1475	1314
59	1514	1326
59	1544	1204
59	1553	1314
59	1592	1326
59	1622	1204
59	1631	1314
59	1670	1326
59	1700	1204
59	1709	1314
59	1748	1326
59	1778	1204
59	1787	1314
59	1826	1326
59	1856	1204
59	1865	1314
59	1904	1326
59	1934	1204
59	1943	1314
59	1982	1326
59	2012	1204
59	2021	1314
59	2060	1326
59	2090	1204
59	2099	1314
59	2138	1326
59	2168	1204
59	2177	1314
59	2216	1326
59	2246	1204
59	2255	1314
59	2294	1326
59	2324	1204
59	2333	1314
59	2372	1326
59	2402	1204
59	2411	1314
59	2450	1326
59	2480	1204
59	2489	1314
59	2528	1326
59	2558	1204
59	2567	1314
59	2606	1326
59	2636	1204
59	2645	1314
59	2684	1326
59	2714	1204
59	2723	1314
59	2762	1326
59	2792	1204
59	2801	1314
59	2840	1326
59	2870	1204
59	2879	1314
59	2918	1326
59	2948	1204
59	2957	1314
59	2996	1326
59	3026	1204
59	3035	1314
59	3074	1326
59	3104	1204
59	3113	1314
59	3152	1326
59	3182	1204
59	3191	1314
59	3230	1326
59	3260	1204
59	3269	1314
59	3308	1326
59	3338	1204
59	3347	1314
59	3386	1326
59	3416	1204
59	3425	1314
59	3464	1326
59	3494	1204
59	3503	1314
59	3542	1326
59	3572	1204
59	3581	1314
59	3620	1326
59	3650	1204
59	3659	1314
59	3698	1326
59	3728	1204
59	3737	1314
59	3776	1326
59	3806	1204
59	3815	1314
59	3854	1326
59	3884	1204
59	3893	1314
59	3932	1326
59	3962	1204
59	3971	1314
59	4010	1326
59	4040	1204
59	4049	1314
59	4088	1326
59	4118	1204
59	4127	1314
59	4166	1326
59	4196	1204
59	4205	1314
59	4244	1326
59	4274	1204
59	4283	1314
59	4322	1326
59	4352	1204
59	4361	1314
59	4400	1326
59	4430	1204
59	4439	1314
59	4478	1326
59	4508	1204
59	4517	1314
59	4556	1326
59	4586	1204
59	4595	1314
59	4634	1326
59	4664	1204
59	4673	1314
59	4712	1326
59	4742	1204
59	4751	1314
59	4790	1326
59	4820	1204
59	4829	1314
59	4868	1326
59	4898	1204
59	4907	1314
59	4946	1326
59	4976	1204
59	4985	1314
59	5024	1326
59	5054	1204
59	5063	1314
59	5102	1326
59	5132	1204
59	5141	1314
59	5180	1326
59	5210	1204
59	5219	1314
59	5258	1326
59	5288	1204
59	5297	1314
59	5336	1326
59	5366	1204
59	5375	1314
59	5414	1326
59	5444	1204
59	5453	1314
59	5492	1326
59	5522	1204
59	5531	1314
59	5570	1326
59	5600	1204
59	5609	1314
59	5648	1326
59	5678	1204
59	5687	1314
59	5726	1326
59	5756	1204
59	5765	1314
59	5804	1326
59	5834	1204
59	5843	1314
59	5882	1326
59	5912	1204
59	5921	1314
59	5960	1326
59	5990	1204
59	5999	1314
59	6038	1326
59	6068	1204
59	6077	1314
60	32	1206
60	56	1234
60	67	1300
60	76	1328
60	110	1206
60	134	1234
60	145	1300
60	154	1328
60	188	1206
60	212	1234
60	223	1300
60	232	1328
60	266	1206
60	290	1234
60	301	1300
60	310	1328
60	344	1206
60	368	1234
60	379	1300
60	388	1328
60	422	1206
60	446	1234
60	457	1300
60	466	1328
60	500	1206
60	524	1234
60	535	1300
60	544	1328
60	578	1206
60	602	1234
60	613	1300
60	622	1328
60	656	1206
60	680	1234
60	691	1300
60	700	1328
60	734	1206
60	758	1234
60	769	1300
60	778	1328
60	812	1206
60	836	1234
60	847	1300
60	856	1328
60	890	1206
60	914	1234
60	925	1300
60	934	1328
60	968	1206
60	992	1234
60	1003	1300
60	1012	1328
60	1046	1206
60	1070	1234
60	1081	1300
60	1090	1328
60	1124	1206
60	1148	1234
60	1159	1300
60	1168	1328
60	1202	1206
60	1226	1234
60	1237	1300
60	1246	1328
60	1280	1206
60	1304	1234
60	1315	1300
60	1324	1328
60	1358	1206
60	1382	1234
60	1393	1300
60	1402	1328
60	1436	1206
60	1460	1234
60	1471	1300
60	1480	1328
60	1514	1206
60	1538	1234
60	1549	1300
60	1558	1328
60	1592	1206
60	1616	1234
60	1627	1300
60	1636	1328
60	1670	1206
60	1694	1234
60	1705	1300
60	1714	1328
60	1748	1206
60	1772	1234
60	1783	1300
60	1792	1328
60	1826	1206
60	1850	1234
60	1861	1300
60	1870	1328
60	1904	1206
60	1928	1234
60	1939	1300
60	1948	1328
60	1982	1206
60	2006	1234
60	2017	1300
60	2026	1328
60	2060	1206
60	2084	1234
60	2095	1300
60	2104	1328
60	2138	1206
60	2162	1234
60	2173	1300
60	2182	1328
60	2216	1206
60	2240	1234
60	2251	1300
60	2260	1328
60	2294	1206
60	2318	1234
60	2329	1300
60	2338	1328
60	2372	1206
60	2396	1234
60	2407	1300
60	2416	1328
60	2450	1206
60	2474	1234
60	2485	1300
60	2494	1328
60	2528	1206
60	2552	1234
60	2563	1300
60	2572	1328
60	2606	1206
60	2630	1234
60	2641	1300
60	2650	1328
60	2684	1206
60	2708	1234
60	2719	1300
60	2728	1328
60	2762	1206
60	2786	1234
60	2797	1300
60	2806	1328
60	2840	1206
60	2864	1234
60	2875	1300
60	2884	1328
60	2918	1206
60	2942	1234
60	2953	1300
60	2962	1328
60	2996	1206
60	3020	1234
60	3031	1300
60	3040	1328
60	3074	1206
60	3098	1234
60	3109	1300
60	3118	1328
60	3152	1206
60	3176	1234
60	3187	1300
60	3196	1328
60	3230	1206
60	3254	1234
60	3265	1300
60	3274	1328
60	3308	1206
60	3332	1234
60	3343	1300
60	3352	1328
60	3386	1206
60	3410	1234
60	3421	1300
60	3430	1328
60	3464	1206
60	3488	1234
60	3499	1300
60	3508	1328
60	3542	1206
60	3566	1234
60	3577	1300
60	3586	1328
60	3620	1206
60	3644	1234
60	3655	1300
60	3664	1328
60	3698	1206
60	3722	1234
60	3733	1300
60	3742	1328
60	3776	1206
60	3800	1234
60	3811	1300
60	3820	1328
60	3854	1206
60	3878	1234
60	3889	1300
60	3898	1328
60	3932	1206
60	3956	1234
60	3967	1300
60	3976	1328
60	4010	1206
60	4034	1234
60	4045	1300
60	4054	1328
60	4088	1206
60	4112	1234
60	4123	1300
60	4132	1328
60	4166	1206
60	4190	1234
60	4201	1300
60	4210	1328
60	4244	1206
60	4268	1234
60	4279	1300
60	4288	1328
60	4322	1206
60	4346	1234
60	4357	1300
60	4366	1328
60	4400	1206
60	4424	1234
60	4435	1300
60	4444	1328
60	4478	1206
60	4502	1234
60	4513	1300
60	4522	1328
60	4556	1206
60	4580	1234
60	4591	1300
60	4600	1328
60	4634	1206
60	4658	1234
60	4669	1300
60	4678	1328
60	4712	1206
60	4736	1234
60	4747	1300
60	4756	1328
60	4790	1206
60	4814	1234
60	4825	1300
60	4834	1328
60	4868	1206
60	4892	1234
60	4903	1300
60	4912	1328
60	4946	1206
60	4970	1234
60	4981	1300
60	4990	1328
60	5024	1206
60	5048	1234
60	5059	1300
60	5068	1328
60	5102	1206
60	5126	1234
60	5137	1300
60	5146	1328
60	5180	1206
60	5204	1234
60	5215	1300
60	5224	1328
60	5258	1206
60	5282	1234
60	5293	1300
60	5302	1328
60	5336	1206
60	5360	1234
60	5371	1300
60	5380	1328
60	5414	1206
60	5438	1234
60	5449	1300
60	5458	1328
60	5492	1206
60	5516	1234
60	5527	1300
60	5536	1328
60	5570	1206
60	5594	1234
60	5605	1300
60	5614	1328
60	5648	1206
60	5672	1234
60	5683	1300
60	5692	1328
60	5726	1206
60	5750	1234
60	5761	1300
60	5770	1328
60	5804	1206
60	5828	1234
60	5839	1300
60	5848	1328
60	5882	1206
60	5906	1234
60	5917	1300
60	5926	1328
60	5960	1206
60	5984	1234
60	5995	1300
60	6004	1328
60	6038	1206
60	6062	1234
60	6073	1300
60	6082	1328
61	32	1206
61	56	1234
61	67	1300
61	74	1328
61	110	1206
61	134	1234
61	145	1300
61	152	1328
61	188	1206
61	212	1234
61	223	1300
61	230	1328
61	266	1206
61	290	1234
61	301	1300
61	308	1328
61	344	1206
61	368	1234
61	379	1300
61	386	1328
61	422	1206
61	446	1234
61	457	1300
61	464	1328
61	500	1206
61	524	1234
61	535	1300
61	542	1328
61	578	1206
61	602	1234
61	613	1300
61	620	1328
61	656	1206
61	680	1234
61	691	1300
61	698	1328
61	734	1206
61	758	1234
61	769	1300
61	776	1328
61	812	1206
61	836	1234
61	847	1300
61	854	1328
61	890	1206
61	914	1234
61	925	1300
61	932	1328
61	968	1206
61	992	1234
61	1003	1300
61	1010	1328
61	1046	1206
61	1070	1234
61	1081	1300
61	1088	1328
61	1124	1206
61	1148	1234
61	1159	1300
61	1166	1328
61	1202	1206
61	1226	1234
61	1237	1300
61	1244	1328
61	1280	1206
61	1304	1234
61	1315	1300
61	1322	1328
61	1358	1206
61	1382	1234
61	1393	1300
61	1400	1328
61	1436	1206
61	1460	1234
61	1471	1300
61	1478	1328
61	1514	1206
61	1538	1234
61	1549	1300
61	1556	1328
61	1592	1206
61	1616	1234
61	1627	1300
61	1634	1328
61	1670	1206
61	1694	1234
61	1705	1300
61	1712	1328
61	1748	1206
61	1772	1234
61	1783	1300
61	1790	1328
61	1826	1206
61	1850	1234
61	1861	1300
61	1868	1328
61	1904	1206
61	1928	1234
61	1939	1300
61	1946	1328
61	1982	1206
61	2006	1234
61	2017	1300
61	2024	1328
61	2060	1206
61	2084	1234
61	2095	1300
61	2102	1328
61	2138	1206
61	2162	1234
61	2173	1300
61	2180	1328
61	2216	1206
61	2240	1234
61	2251	1300
61	2258	1328
61	2294	1206
61	2318	1234
61	2329	1300
61	2336	1328
61	2372	1206
61	2396	1234
61	2407	1300
61	2414	1328
61	2450	1206
61	2474	1234
61	2485	1300
61	2492	1328
61	2528	1206
61	2552	1234
61	2563	1300
61	2570	1328
61	2606	1206
61	2630	1234
61	2641	1300
61	2648	1328
61	2684	1206
61	2708	1234
61	2719	1300
61	2726	1328
61	2762	1206
61	2786	1234
61	2797	1300
61	2804	1328
61	2840	1206
61	2864	1234
61	2875	1300
61	2882	1328
61	2918	1206
61	2942	1234
61	2953	1300
61	2960	1328
61	2996	1206
61	3020	1234
61	3031	1300
61	3038	1328
61	3074	1206
61	3098	1234
61	3109	1300
61	3116	1328
61	3152	1206
61	3176	1234
61	3187	1300
61	3194	1328
61	3230	1206
61	3254	1234
61	3265	1300
61	3272	1328
61	3308	1206
61	3332	1234
61	3343	1300
61	3350	1328
61	3386	1206
61	3410	1234
61	3421	1300
61	3428	1328
61	3464	1206
61	3488	1234
61	3499	1300
61	3506	1328
61	3542	1206
61	3566	1234
61	3577	1300
61	3584	1328
61	3620	1206
61	3644	1234
61	3655	1300
61	3662	1328
61	3698	1206
61	3722	1234
61	3733	1300
61	3740	1328
61	3776	1206
61	3800	1234
61	3811	1300
61	3818	1328
61	3854	1206
61	3878	1234
61	3889	1300
61	3896	1328
61	3932	1206
61	3956	1234
61	3967	1300
61	3974	1328
61	4010	1206
61	4034	1234
61	4045	1300
61	4052	1328
61	4088	1206
61	4112	1234
61	4123	1300
61	4130	1328
61	4166	1206
61	4190	1234
61	4201	1300
61	4208	1328
61	4244	1206
61	4268	1234
61	4279	1300
61	4286	1328
61	4322	1206
61	4346	1234
61	4357	1300
61	4364	1328
61	4400	1206
61	4424	1234
61	4435	1300
61	4442	1328
61	4478	1206
61	4502	1234
61	4513	1300
61	4520	1328
61	4556	1206
61	4580	1234
61	4591	1300
61	4598	1328
61	4634	1206
61	4658	1234
61	4669	1300
61	4676	1328
61	4712	1206
61	4736	1234
61	4747	1300
61	4754	1328
61	4790	1206
61	4814	1234
61	4825	1300
61	4832	1328
61	4868	1206
61	4892	1234
61	4903	1300
61	4910	1328
61	4946	1206
61	4970	1234
61	4981	1300
61	4988	1328
61	5024	1206
61	5048	1234
61	5059	1300
61	5066	1328
61	5102	1206
61	5126	1234
61	5137	1300
61	5144	1328
61	5180	1206
61	5204	1234
61	5215	1300
61	5222	1328
61	5258	1206
61	5282	1234
61	5293	1300
61	5300	1328
61	5336	1206
61	5360	1234
61	5371	1300
61	5378	1328
61	5414	1206
61	5438	1234
61	5449	1300
61	5456	1328
61	5492	1206
61	5516	1234
61	5527	1300
61	5534	1328
61	5570	1206
61	5594	1234
61	5605	1300
61	5612	1328
61	5648	1206
61	5672	1234
61	5683	1300
61	5690	1328
61	5726	1206
61	5750	1234
61	5761	1300
61	5768	1328
61	5804	1206
61	5828	1234
61	5839	1300
61	5846	1328
61	5882	1206
61	5906	1234
61	5917	1300
61	5924	1328
61	5960	1206
61	5984	1234
61	5995	1300
61	6002	1328
61	6038	1206
61	6062	1234
61	6073	1300
61	6080	1328
62	22	1380
62	67	1228
62	100	1380
62	145	1228
62	178	1380
62	223	1228
62	256	1380
62	301	1228
62	334	1380
62	379	1228
62	412	1380
62	457	1228
62	490	1380
62	535	1228
62	568	1380
62	613	1228
62	646	1380
62	691	1228
62	724	1380
62	769	1228
62	802	1380
62	847	1228
62	880	1380
62	925	1228
62	958	1380
62	1003	1228
62	1036	1380
62	1081	1228
62	1114	1380
62	1159	1228
62	1192	1380
62	1237	1228
62	1270	1380
62	1315	1228
62	1348	1380
62	1393	1228
62	1426	1380
62	1471	1228
62	1504	1380
62	1549	1228
62	1582	1380
62	1627	1228
62	1660	1380
62	1705	1228
62	1738	1380
62	1783	1228
62	1816	1380
62	1861	1228
62	1894	1380
62	1939	1228
62	1972	1380
62	2017	1228
62	2050	1380
62	2095	1228
62	2128	1380
62	2173	1228
62	2206	1380
62	2251	1228
62	2284	1380
62	2329	1228
62	2362	1380
62	2407	1228
62	2440	1380
62	2485	1228
62	2518	1380
62	2563	1228
62	2596	1380
62	2641	1228
62	2674	1380
62	2719	1228
62	2752	1380
62	2797	1228
62	2830	1380
62	2875	1228
62	2908	1380
62	2953	1228
62	2986	1380
62	3031	1228
62	3064	1380
62	3109	1228
62	3142	1380
62	3187	1228
62	3220	1380
62	3265	1228
62	3298	1380
62	3343	1228
62	3376	1380
62	3421	1228
62	3454	1380
62	3499	1228
62	3532	1380
62	3577	1228
62	3610	1380
62	3655	1228
62	3688	1380
62	3733	1228
62	3766	1380
62	3811	1228
62	3844	1380
62	3889	1228
62	3922	1380
62	3967	1228
62	4000	1380
62	4045	1228
62	4078	1380
62	4123	1228
62	4156	1380
62	4201	1228
62	4234	1380
62	4279	1228
62	4312	1380
62	4357	1228
62	4390	1380
62	4435	1228
62	4468	1380
62	4513	1228
62	4546	1380
62	4591	1228
62	4624	1380
62	4669	1228
62	4702	1380
62	4747	1228
62	4780	1380
62	4825	1228
62	4858	1380
62	4903	1228
62	4936	1380
62	4981	1228
62	5014	1380
62	5059	1228
62	5092	1380
62	5137	1228
62	5170	1380
62	5215	1228
62	5248	1380
62	5293	1228
62	5326	1380
62	5371	1228
62	5404	1380
62	5449	1228
62	5482	1380
62	5527	1228
62	5560	1380
62	5605	1228
62	5638	1380
62	5683	1228
62	5716	1380
62	5761	1228
62	5794	1380
62	5839	1228
62	5872	1380
62	5917	1228
62	5950	1380
62	5995	1228
62	6028	1380
62	6073	1228
63	22	1380
63	76	1290
63	100	1380
63	154	1290
63	178	1380
63	232	1290
63	256	1380
63	310	1290
63	334	1380
63	388	1290
63	412	1380
63	466	1290
63	490	1380
63	544	1290
63	568	1380
63	622	1290
63	646	1380
63	700	1290
63	724	1380
63	778	1290
63	802	1380
63	856	1290
63	880	1380
63	934	1290
63	958	1380
63	1012	1290
63	1036	1380
63	1090	1290
63	1114	1380
63	1168	1290
63	1192	1380
63	1246	1290
63	1270	1380
63	1324	1290
63	1348	1380
63	1402	1290
63	1426	1380
63	1480	1290
63	1504	1380
63	1558	1290
63	1582	1380
63	1636	1290
63	1660	1380
63	1714	1290
63	1738	1380
63	1792	1290
63	1816	1380
63	1870	1290
63	1894	1380
63	1948	1290
63	1972	1380
63	2026	1290
63	2050	1380
63	2104	1290
63	2128	1380
63	2182	1290
63	2206	1380
63	2260	1290
63	2284	1380
63	2338	1290
63	2362	1380
63	2416	1290
63	2440	1380
63	2494	1290
63	2518	1380
63	2572	1290
63	2596	1380
63	2650	1290
63	2674	1380
63	2728	1290
63	2752	1380
63	2806	1290
63	2830	1380
63	2884	1290
63	2908	1380
63	2962	1290
63	2986	1380
63	3040	1290
63	3064	1380
63	3118	1290
63	3142	1380
63	3196	1290
63	3220	1380
63	3274	1290
63	3298	1380
63	3352	1290
63	3376	1380
63	3430	1290
63	3454	1380
63	3508	1290
63	3532	1380
63	3586	1290
63	3610	1380
63	3664	1290
63	3688	1380
63	3742	1290
63	3766	1380
63	3820	1290
63	3844	1380
63	3898	1290
63	3922	1380
63	3976	1290
63	4000	1380
63	4054	1290
63	4078	1380
63	4132	1290
63	4156	1380
63	4210	1290
63	4234	1380
63	4288	1290
63	4312	1380
63	4366	1290
63	4390	1380
63	4444	1290
63	4468	1380
63	4522	1290
63	4546	1380
63	4600	1290
63	4624	1380
63	4678	1290
63	4702	1380
63	4756	1290
63	4780	1380
63	4834	1290
63	4858	1380
63	4912	1290
63	4936	1380
63	4990	1290
63	5014	1380
63	5068	1290
63	5092	1380
63	5146	1290
63	5170	1380
63	5224	1290
63	5248	1380
63	5302	1290
63	5326	1380
63	5380	1290
63	5404	1380
63	5458	1290
63	5482	1380
63	5536	1290
63	5560	1380
63	5614	1290
63	5638	1380
63	5692	1290
63	5716	1380
63	5770	1290
63	5794	1380
63	5848	1290
63	5872	1380
63	5926	1290
63	5950	1380
63	6004	1290
63	6028	1380
63	6082	1290
64	41	1340
64	56	1246
64	62	1356
64	67	1334
64	71	1290
64	74	1240
64	119	1340
64	134	1246
64	140	1356
64	145	1334
64	149	1290
64	152	1240
64	197	1340
64	212	1246
64	218	1356
64	223	1334
64	227	1290
64	230	1240
64	275	1340
64	290	1246
64	296	1356
64	301	1334
64	305	1290
64	308	1240
64	353	1340
64	368	1246
64	374	1356
64	379	1334
64	383	1290
64	386	1240
64	431	1340
64	446	1246
64	452	1356
64	457	1334
64	461	1290
64	464	1240
64	509	1340
64	524	1246
64	530	1356
64	535	1334
64	539	1290
64	542	1240
64	587	1340
64	602	1246
64	608	1356
64	613	1334
64	617	1290
64	620	1240
64	665	1340
64	680	1246
64	686	1356
64	691	1334
64	695	1290
64	698	1240
64	743	1340
64	758	1246
64	764	1356
64	769	1334
64	773	1290
64	776	1240
64	821	1340
64	836	1246
64	842	1356
64	847	1334
64	851	1290
64	854	1240
64	899	1340
64	914	1246
64	920	1356
64	925	1334
64	929	1290
64	932	1240
64	977	1340
64	992	1246
64	998	1356
64	1003	1334
64	1007	1290
64	1010	1240
64	1055	1340
64	1070	1246
64	1076	1356
64	1081	1334
64	1085	1290
64	1088	1240
64	1133	1340
64	1148	1246
64	1154	1356
64	1159	1334
64	1163	1290
64	1166	1240
64	1211	1340
64	1226	1246
64	1232	1356
64	1237	1334
64	1241	1290
64	1244	1240
64	1289	1340
64	1304	1246
64	1310	1356
64	1315	1334
64	1319	1290
64	1322	1240
64	1367	1340
64	1382	1246
64	1388	1356
64	1393	1334
64	1397	1290
64	1400	1240
64	1445	1340
64	1460	1246
64	1466	1356
64	1471	1334
64	1475	1290
64	1478	1240
64	1523	1340
64	1538	1246
64	1544	1356
64	1549	1334
64	1553	1290
64	1556	1240
64	1601	1340
64	1616	1246
64	1622	1356
64	1627	1334
64	1631	1290
64	1634	1240
64	1679	1340
64	1694	1246
64	1700	1356
64	1705	1334
64	1709	1290
64	1712	1240
64	1757	1340
64	1772	1246
64	1778	1356
64	1783	1334
64	1787	1290
64	1790	1240
64	1835	1340
64	1850	1246
64	1856	1356
64	1861	1334
64	1865	1290
64	1868	1240
64	1913	1340
64	1928	1246
64	1934	1356
64	1939	1334
64	1943	1290
64	1946	1240
64	1991	1340
64	2006	1246
64	2012	1356
64	2017	1334
64	2021	1290
64	2024	1240
64	2069	1340
64	2084	1246
64	2090	1356
64	2095	1334
64	2099	1290
64	2102	1240
64	2147	1340
64	2162	1246
64	2168	1356
64	2173	1334
64	2177	1290
64	2180	1240
64	2225	1340
64	2240	1246
64	2246	1356
64	2251	1334
64	2255	1290
64	2258	1240
64	2303	1340
64	2318	1246
64	2324	1356
64	2329	1334
64	2333	1290
64	2336	1240
64	2381	1340
64	2396	1246
64	2402	1356
64	2407	1334
64	2411	1290
64	2414	1240
64	2459	1340
64	2474	1246
64	2480	1356
64	2485	1334
64	2489	1290
64	2492	1240
64	2537	1340
64	2552	1246
64	2558	1356
64	2563	1334
64	2567	1290
64	2570	1240
64	2615	1340
64	2630	1246
64	2636	1356
64	2641	1334
64	2645	1290
64	2648	1240
64	2693	1340
64	2708	1246
64	2714	1356
64	2719	1334
64	2723	1290
64	2726	1240
64	2771	1340
64	2786	1246
64	2792	1356
64	2797	1334
64	2801	1290
64	2804	1240
64	2849	1340
64	2864	1246
64	2870	1356
64	2875	1334
64	2879	1290
64	2882	1240
64	2927	1340
64	2942	1246
64	2948	1356
64	2953	1334
64	2957	1290
64	2960	1240
64	3005	1340
64	3020	1246
64	3026	1356
64	3031	1334
64	3035	1290
64	3038	1240
64	3083	1340
64	3098	1246
64	3104	1356
64	3109	1334
64	3113	1290
64	3116	1240
64	3161	1340
64	3176	1246
64	3182	1356
64	3187	1334
64	3191	1290
64	3194	1240
64	3239	1340
64	3254	1246
64	3260	1356
64	3265	1334
64	3269	1290
64	3272	1240
64	3317	1340
64	3332	1246
64	3338	1356
64	3343	1334
64	3347	1290
64	3350	1240
64	3395	1340
64	3410	1246
64	3416	1356
64	3421	1334
64	3425	1290
64	3428	1240
64	3473	1340
64	3488	1246
64	3494	1356
64	3499	1334
64	3503	1290
64	3506	1240
64	3551	1340
64	3566	1246
64	3572	1356
64	3577	1334
64	3581	1290
64	3584	1240
64	3629	1340
64	3644	1246
64	3650	1356
64	3655	1334
64	3659	1290
64	3662	1240
64	3707	1340
64	3722	1246
64	3728	1356
64	3733	1334
64	3737	1290
64	3740	1240
64	3785	1340
64	3800	1246
64	3806	1356
64	3811	1334
64	3815	1290
64	3818	1240
64	3863	1340
64	3878	1246
64	3884	1356
64	3889	1334
64	3893	1290
64	3896	1240
64	3941	1340
64	3956	1246
64	3962	1356
64	3967	1334
64	3971	1290
64	3974	1240
64	4019	1340
64	4034	1246
64	4040	1356
64	4045	1334
64	4049	1290
64	4052	1240
64	4097	1340
64	4112	1246
64	4118	1356
64	4123	1334
64	4127	1290
64	4130	1240
64	4175	1340
64	4190	1246
64	4196	1356
64	4201	1334
64	4205	1290
64	4208	1240
64	4253	1340
64	4268	1246
64	4274	1356
64	4279	1334
64	4283	1290
64	4286	1240
64	4331	1340
64	4346	1246
64	4352	1356
64	4357	1334
64	4361	1290
64	4364	1240
64	4409	1340
64	4424	1246
64	4430	1356
64	4435	1334
64	4439	1290
64	4442	1240
64	4487	1340
64	4502	1246
64	4508	1356
64	4513	1334
64	4517	1290
64	4520	1240
64	4565	1340
64	4580	1246
64	4586	1356
64	4591	1334
64	4595	1290
64	4598	1240
64	4643	1340
64	4658	1246
64	4664	1356
64	4669	1334
64	4673	1290
64	4676	1240
64	4721	1340
64	4736	1246
64	4742	1356
64	4747	1334
64	4751	1290
64	4754	1240
64	4799	1340
64	4814	1246
64	4820	1356
64	4825	1334
64	4829	1290
64	4832	1240
64	4877	1340
64	4892	1246
64	4898	1356
64	4903	1334
64	4907	1290
64	4910	1240
64	4955	1340
64	4970	1246
64	4976	1356
64	4981	1334
64	4985	1290
64	4988	1240
64	5033	1340
64	5048	1246
64	5054	1356
64	5059	1334
64	5063	1290
64	5066	1240
64	5111	1340
64	5126	1246
64	5132	1356
64	5137	1334
64	5141	1290
64	5144	1240
64	5189	1340
64	5204	1246
64	5210	1356
64	5215	1334
64	5219	1290
64	5222	1240
64	5267	1340
64	5282	1246
64	5288	1356
64	5293	1334
64	5297	1290
64	5300	1240
64	5345	1340
64	5360	1246
64	5366	1356
64	5371	1334
64	5375	1290
64	5378	1240
64	5423	1340
64	5438	1246
64	5444	1356
64	5449	1334
64	5453	1290
64	5456	1240
64	5501	1340
64	5516	1246
64	5522	1356
64	5527	1334
64	5531	1290
64	5534	1240
64	5579	1340
64	5594	1246
64	5600	1356
64	5605	1334
64	5609	1290
64	5612	1240
64	5657	1340
64	5672	1246
64	5678	1356
64	5683	1334
64	5687	1290
64	5690	1240
64	5735	1340
64	5750	1246
64	5756	1356
64	5761	1334
64	5765	1290
64	5768	1240
64	5813	1340
64	5828	1246
64	5834	1356
64	5839	1334
64	5843	1290
64	5846	1240
64	5891	1340
64	5906	1246
64	5912	1356
64	5917	1334
64	5921	1290
64	5924	1240
64	5969	1340
64	5984	1246
64	5990	1356
64	5995	1334
64	5999	1290
64	6002	1240
64	6047	1340
64	6062	1246
64	6068	1356
64	6073	1334
64	6077	1290
64	6080	1240
65	11	1454
65	22	1338
65	32	1384
65	67	1288
65	76	1314
65	89	1454
65	100	1338
65	110	1384
65	145	1288
65	154	1314
65	167	1454
65	178	1338
65	188	1384
65	223	1288
65	232	1314
65	245	1454
65	256	1338
65	266	1384
65	301	1288
65	310	1314
65	323	1454
65	334	1338
65	344	1384
65	379	1288
65	388	1314
65	401	1454
65	412	1338
65	422	1384
65	457	1288
65	466	1314
65	479	1454
65	490	1338
65	500	1384
65	535	1288
65	544	1314
65	557	1454
65	568	1338
65	578	1384
65	613	1288
65	622	1314
65	635	1454
65	646	1338
65	656	1384
65	691	1288
65	700	1314
65	713	1454
65	724	1338
65	734	1384
65	769	1288
65	778	1314
65	791	1454
65	802	1338
65	812	1384
65	847	1288
65	856	1314
65	869	1454
65	880	1338
65	890	1384
65	925	1288
65	934	1314
65	947	1454
65	958	1338
65	968	1384
65	1003	1288
65	1012	1314
65	1025	1454
65	1036	1338
65	1046	1384
65	1081	1288
65	1090	1314
65	1103	1454
65	1114	1338
65	1124	1384
65	1159	1288
65	1168	1314
65	1181	1454
65	1192	1338
65	1202	1384
65	1237	1288
65	1246	1314
65	1259	1454
65	1270	1338
65	1280	1384
65	1315	1288
65	1324	1314
65	1337	1454
65	1348	1338
65	1358	1384
65	1393	1288
65	1402	1314
65	1415	1454
65	1426	1338
65	1436	1384
65	1471	1288
65	1480	1314
65	1493	1454
65	1504	1338
65	1514	1384
65	1549	1288
65	1558	1314
65	1571	1454
65	1582	1338
65	1592	1384
65	1627	1288
65	1636	1314
65	1649	1454
65	1660	1338
65	1670	1384
65	1705	1288
65	1714	1314
65	1727	1454
65	1738	1338
65	1748	1384
65	1783	1288
65	1792	1314
65	1805	1454
65	1816	1338
65	1826	1384
65	1861	1288
65	1870	1314
65	1883	1454
65	1894	1338
65	1904	1384
65	1939	1288
65	1948	1314
65	1961	1454
65	1972	1338
65	1982	1384
65	2017	1288
65	2026	1314
65	2039	1454
65	2050	1338
65	2060	1384
65	2095	1288
65	2104	1314
65	2117	1454
65	2128	1338
65	2138	1384
65	2173	1288
65	2182	1314
65	2195	1454
65	2206	1338
65	2216	1384
65	2251	1288
65	2260	1314
65	2273	1454
65	2284	1338
65	2294	1384
65	2329	1288
65	2338	1314
65	2351	1454
65	2362	1338
65	2372	1384
65	2407	1288
65	2416	1314
65	2429	1454
65	2440	1338
65	2450	1384
65	2485	1288
65	2494	1314
65	2507	1454
65	2518	1338
65	2528	1384
65	2563	1288
65	2572	1314
65	2585	1454
65	2596	1338
65	2606	1384
65	2641	1288
65	2650	1314
65	2663	1454
65	2674	1338
65	2684	1384
65	2719	1288
65	2728	1314
65	2741	1454
65	2752	1338
65	2762	1384
65	2797	1288
65	2806	1314
65	2819	1454
65	2830	1338
65	2840	1384
65	2875	1288
65	2884	1314
65	2897	1454
65	2908	1338
65	2918	1384
65	2953	1288
65	2962	1314
65	2975	1454
65	2986	1338
65	2996	1384
65	3031	1288
65	3040	1314
65	3053	1454
65	3064	1338
65	3074	1384
65	3109	1288
65	3118	1314
65	3131	1454
65	3142	1338
65	3152	1384
65	3187	1288
65	3196	1314
65	3209	1454
65	3220	1338
65	3230	1384
65	3265	1288
65	3274	1314
65	3287	1454
65	3298	1338
65	3308	1384
65	3343	1288
65	3352	1314
65	3365	1454
65	3376	1338
65	3386	1384
65	3421	1288
65	3430	1314
65	3443	1454
65	3454	1338
65	3464	1384
65	3499	1288
65	3508	1314
65	3521	1454
65	3532	1338
65	3542	1384
65	3577	1288
65	3586	1314
65	3599	1454
65	3610	1338
65	3620	1384
65	3655	1288
65	3664	1314
65	3677	1454
65	3688	1338
65	3698	1384
65	3733	1288
65	3742	1314
65	3755	1454
65	3766	1338
65	3776	1384
65	3811	1288
65	3820	1314
65	3833	1454
65	3844	1338
65	3854	1384
65	3889	1288
65	3898	1314
65	3911	1454
65	3922	1338
65	3932	1384
65	3967	1288
65	3976	1314
65	3989	1454
65	4000	1338
65	4010	1384
65	4045	1288
65	4054	1314
65	4067	1454
65	4078	1338
65	4088	1384
65	4123	1288
65	4132	1314
65	4145	1454
65	4156	1338
65	4166	1384
65	4201	1288
65	4210	1314
65	4223	1454
65	4234	1338
65	4244	1384
65	4279	1288
65	4288	1314
65	4301	1454
65	4312	1338
65	4322	1384
65	4357	1288
65	4366	1314
65	4379	1454
65	4390	1338
65	4400	1384
65	4435	1288
65	4444	1314
65	4457	1454
65	4468	1338
65	4478	1384
65	4513	1288
65	4522	1314
65	4535	1454
65	4546	1338
65	4556	1384
65	4591	1288
65	4600	1314
65	4613	1454
65	4624	1338
65	4634	1384
65	4669	1288
65	4678	1314
65	4691	1454
65	4702	1338
65	4712	1384
65	4747	1288
65	4756	1314
65	4769	1454
65	4780	1338
65	4790	1384
65	4825	1288
65	4834	1314
65	4847	1454
65	4858	1338
65	4868	1384
65	4903	1288
65	4912	1314
65	4925	1454
65	4936	1338
65	4946	1384
65	4981	1288
65	4990	1314
65	5003	1454
65	5014	1338
65	5024	1384
65	5059	1288
65	5068	1314
65	5081	1454
65	5092	1338
65	5102	1384
65	5137	1288
65	5146	1314
65	5159	1454
65	5170	1338
65	5180	1384
65	5215	1288
65	5224	1314
65	5237	1454
65	5248	1338
65	5258	1384
65	5293	1288
65	5302	1314
65	5315	1454
65	5326	1338
65	5336	1384
65	5371	1288
65	5380	1314
65	5393	1454
65	5404	1338
65	5414	1384
65	5449	1288
65	5458	1314
65	5471	1454
65	5482	1338
65	5492	1384
65	5527	1288
65	5536	1314
65	5549	1454
65	5560	1338
65	5570	1384
65	5605	1288
65	5614	1314
65	5627	1454
65	5638	1338
65	5648	1384
65	5683	1288
65	5692	1314
65	5705	1454
65	5716	1338
65	5726	1384
65	5761	1288
65	5770	1314
65	5783	1454
65	5794	1338
65	5804	1384
65	5839	1288
65	5848	1314
65	5861	1454
65	5872	1338
65	5882	1384
65	5917	1288
65	5926	1314
65	5939	1454
65	5950	1338
65	5960	1384
65	5995	1288
65	6004	1314
65	6017	1454
65	6028	1338
65	6038	1384
65	6073	1288
65	6082	1314
66	32	1386
66	49	1368
66	62	1304
66	67	1232
66	110	1386
66	127	1368
66	140	1304
66	145	1232
66	188	1386
66	205	1368
66	218	1304
66	223	1232
66	266	1386
66	283	1368
66	296	1304
66	301	1232
66	344	1386
66	361	1368
66	374	1304
66	379	1232
66	422	1386
66	439	1368
66	452	1304
66	457	1232
66	500	1386
66	517	1368
66	530	1304
66	535	1232
66	578	1386
66	595	1368
66	608	1304
66	613	1232
66	656	1386
66	673	1368
66	686	1304
66	691	1232
66	734	1386
66	751	1368
66	764	1304
66	769	1232
66	812	1386
66	829	1368
66	842	1304
66	847	1232
66	890	1386
66	907	1368
66	920	1304
66	925	1232
66	968	1386
66	985	1368
66	998	1304
66	1003	1232
66	1046	1386
66	1063	1368
66	1076	1304
66	1081	1232
66	1124	1386
66	1141	1368
66	1154	1304
66	1159	1232
66	1202	1386
66	1219	1368
66	1232	1304
66	1237	1232
66	1280	1386
66	1297	1368
66	1310	1304
66	1315	1232
66	1358	1386
66	1375	1368
66	1388	1304
66	1393	1232
66	1436	1386
66	1453	1368
66	1466	1304
66	1471	1232
66	1514	1386
66	1531	1368
66	1544	1304
66	1549	1232
66	1592	1386
66	1609	1368
66	1622	1304
66	1627	1232
66	1670	1386
66	1687	1368
66	1700	1304
66	1705	1232
66	1748	1386
66	1765	1368
66	1778	1304
66	1783	1232
66	1826	1386
66	1843	1368
66	1856	1304
66	1861	1232
66	1904	1386
66	1921	1368
66	1934	1304
66	1939	1232
66	1982	1386
66	1999	1368
66	2012	1304
66	2017	1232
66	2060	1386
66	2077	1368
66	2090	1304
66	2095	1232
66	2138	1386
66	2155	1368
66	2168	1304
66	2173	1232
66	2216	1386
66	2233	1368
66	2246	1304
66	2251	1232
66	2294	1386
66	2311	1368
66	2324	1304
66	2329	1232
66	2372	1386
66	2389	1368
66	2402	1304
66	2407	1232
66	2450	1386
66	2467	1368
66	2480	1304
66	2485	1232
66	2528	1386
66	2545	1368
66	2558	1304
66	2563	1232
66	2606	1386
66	2623	1368
66	2636	1304
66	2641	1232
66	2684	1386
66	2701	1368
66	2714	1304
66	2719	1232
66	2762	1386
66	2779	1368
66	2792	1304
66	2797	1232
66	2840	1386
66	2857	1368
66	2870	1304
66	2875	1232
66	2918	1386
66	2935	1368
66	2948	1304
66	2953	1232
66	2996	1386
66	3013	1368
66	3026	1304
66	3031	1232
66	3074	1386
66	3091	1368
66	3104	1304
66	3109	1232
66	3152	1386
66	3169	1368
66	3182	1304
66	3187	1232
66	3230	1386
66	3247	1368
66	3260	1304
66	3265	1232
66	3308	1386
66	3325	1368
66	3338	1304
66	3343	1232
66	3386	1386
66	3403	1368
66	3416	1304
66	3421	1232
66	3464	1386
66	3481	1368
66	3494	1304
66	3499	1232
66	3542	1386
66	3559	1368
66	3572	1304
66	3577	1232
66	3620	1386
66	3637	1368
66	3650	1304
66	3655	1232
66	3698	1386
66	3715	1368
66	3728	1304
66	3733	1232
66	3776	1386
66	3793	1368
66	3806	1304
66	3811	1232
66	3854	1386
66	3871	1368
66	3884	1304
66	3889	1232
66	3932	1386
66	3949	1368
66	3962	1304
66	3967	1232
66	4010	1386
66	4027	1368
66	4040	1304
66	4045	1232
66	4088	1386
66	4105	1368
66	4118	1304
66	4123	1232
66	4166	1386
66	4183	1368
66	4196	1304
66	4201	1232
66	4244	1386
66	4261	1368
66	4274	1304
66	4279	1232
66	4322	1386
66	4339	1368
66	4352	1304
66	4357	1232
66	4400	1386
66	4417	1368
66	4430	1304
66	4435	1232
66	4478	1386
66	4495	1368
66	4508	1304
66	4513	1232
66	4556	1386
66	4573	1368
66	4586	1304
66	4591	1232
66	4634	1386
66	4651	1368
66	4664	1304
66	4669	1232
66	4712	1386
66	4729	1368
66	4742	1304
66	4747	1232
66	4790	1386
66	4807	1368
66	4820	1304
66	4825	1232
66	4868	1386
66	4885	1368
66	4898	1304
66	4903	1232
66	4946	1386
66	4963	1368
66	4976	1304
66	4981	1232
66	5024	1386
66	5041	1368
66	5054	1304
66	5059	1232
66	5102	1386
66	5119	1368
66	5132	1304
66	5137	1232
66	5180	1386
66	5197	1368
66	5210	1304
66	5215	1232
66	5258	1386
66	5275	1368
66	5288	1304
66	5293	1232
66	5336	1386
66	5353	1368
66	5366	1304
66	5371	1232
66	5414	1386
66	5431	1368
66	5444	1304
66	5449	1232
66	5492	1386
66	5509	1368
66	5522	1304
66	5527	1232
66	5570	1386
66	5587	1368
66	5600	1304
66	5605	1232
66	5648	1386
66	5665	1368
66	5678	1304
66	5683	1232
66	5726	1386
66	5743	1368
66	5756	1304
66	5761	1232
66	5804	1386
66	5821	1368
66	5834	1304
66	5839	1232
66	5882	1386
66	5899	1368
66	5912	1304
66	5917	1232
66	5960	1386
66	5977	1368
66	5990	1304
66	5995	1232
66	6038	1386
66	6055	1368
66	6068	1304
66	6073	1232
67	49	1236
67	62	1304
67	71	1372
67	127	1236
67	140	1304
67	149	1372
67	205	1236
67	218	1304
67	227	1372
67	283	1236
67	296	1304
67	305	1372
67	361	1236
67	374	1304
67	383	1372
67	439	1236
67	452	1304
67	461	1372
67	517	1236
67	530	1304
67	539	1372
67	595	1236
67	608	1304
67	617	1372
67	673	1236
67	686	1304
67	695	1372
67	751	1236
67	764	1304
67	773	1372
67	829	1236
67	842	1304
67	851	1372
67	907	1236
67	920	1304
67	929	1372
67	985	1236
67	998	1304
67	1007	1372
67	1063	1236
67	1076	1304
67	1085	1372
67	1141	1236
67	1154	1304
67	1163	1372
67	1219	1236
67	1232	1304
67	1241	1372
67	1297	1236
67	1310	1304
67	1319	1372
67	1375	1236
67	1388	1304
67	1397	1372
67	1453	1236
67	1466	1304
67	1475	1372
67	1531	1236
67	1544	1304
67	1553	1372
67	1609	1236
67	1622	1304
67	1631	1372
67	1687	1236
67	1700	1304
67	1709	1372
67	1765	1236
67	1778	1304
67	1787	1372
67	1843	1236
67	1856	1304
67	1865	1372
67	1921	1236
67	1934	1304
67	1943	1372
67	1999	1236
67	2012	1304
67	2021	1372
67	2077	1236
67	2090	1304
67	2099	1372
67	2155	1236
67	2168	1304
67	2177	1372
67	2233	1236
67	2246	1304
67	2255	1372
67	2311	1236
67	2324	1304
67	2333	1372
67	2389	1236
67	2402	1304
67	2411	1372
67	2467	1236
67	2480	1304
67	2489	1372
67	2545	1236
67	2558	1304
67	2567	1372
67	2623	1236
67	2636	1304
67	2645	1372
67	2701	1236
67	2714	1304
67	2723	1372
67	2779	1236
67	2792	1304
67	2801	1372
67	2857	1236
67	2870	1304
67	2879	1372
67	2935	1236
67	2948	1304
67	2957	1372
67	3013	1236
67	3026	1304
67	3035	1372
67	3091	1236
67	3104	1304
67	3113	1372
67	3169	1236
67	3182	1304
67	3191	1372
67	3247	1236
67	3260	1304
67	3269	1372
67	3325	1236
67	3338	1304
67	3347	1372
67	3403	1236
67	3416	1304
67	3425	1372
67	3481	1236
67	3494	1304
67	3503	1372
67	3559	1236
67	3572	1304
67	3581	1372
67	3637	1236
67	3650	1304
67	3659	1372
67	3715	1236
67	3728	1304
67	3737	1372
67	3793	1236
67	3806	1304
67	3815	1372
67	3871	1236
67	3884	1304
67	3893	1372
67	3949	1236
67	3962	1304
67	3971	1372
67	4027	1236
67	4040	1304
67	4049	1372
67	4105	1236
67	4118	1304
67	4127	1372
67	4183	1236
67	4196	1304
67	4205	1372
67	4261	1236
67	4274	1304
67	4283	1372
67	4339	1236
67	4352	1304
67	4361	1372
67	4417	1236
67	4430	1304
67	4439	1372
67	4495	1236
67	4508	1304
67	4517	1372
67	4573	1236
67	4586	1304
67	4595	1372
67	4651	1236
67	4664	1304
67	4673	1372
67	4729	1236
67	4742	1304
67	4751	1372
67	4807	1236
67	4820	1304
67	4829	1372
67	4885	1236
67	4898	1304
67	4907	1372
67	4963	1236
67	4976	1304
67	4985	1372
67	5041	1236
67	5054	1304
67	5063	1372
67	5119	1236
67	5132	1304
67	5141	1372
67	5197	1236
67	5210	1304
67	5219	1372
67	5275	1236
67	5288	1304
67	5297	1372
67	5353	1236
67	5366	1304
67	5375	1372
67	5431	1236
67	5444	1304
67	5453	1372
67	5509	1236
67	5522	1304
67	5531	1372
67	5587	1236
67	5600	1304
67	5609	1372
67	5665	1236
67	5678	1304
67	5687	1372
67	5743	1236
67	5756	1304
67	5765	1372
67	5821	1236
67	5834	1304
67	5843	1372
67	5899	1236
67	5912	1304
67	5921	1372
67	5977	1236
67	5990	1304
67	5999	1372
67	6055	1236
67	6068	1304
67	6077	1372
68	32	1202
68	49	1236
68	71	1372
68	110	1202
68	127	1236
68	149	1372
68	188	1202
68	205	1236
68	227	1372
68	266	1202
68	283	1236
68	305	1372
68	344	1202
68	361	1236
68	383	1372
68	422	1202
68	439	1236
68	461	1372
68	500	1202
68	517	1236
68	539	1372
68	578	1202
68	595	1236
68	617	1372
68	656	1202
68	673	1236
68	695	1372
68	734	1202
68	751	1236
68	773	1372
68	812	1202
68	829	1236
68	851	1372
68	890	1202
68	907	1236
68	929	1372
68	968	1202
68	985	1236
68	1007	1372
68	1046	1202
68	1063	1236
68	1085	1372
68	1124	1202
68	1141	1236
68	1163	1372
68	1202	1202
68	1219	1236
68	1241	1372
68	1280	1202
68	1297	1236
68	1319	1372
68	1358	1202
68	1375	1236
68	1397	1372
68	1436	1202
68	1453	1236
68	1475	1372
68	1514	1202
68	1531	1236
68	1553	1372
68	1592	1202
68	1609	1236
68	1631	1372
68	1670	1202
68	1687	1236
68	1709	1372
68	1748	1202
68	1765	1236
68	1787	1372
68	1826	1202
68	1843	1236
68	1865	1372
68	1904	1202
68	1921	1236
68	1943	1372
68	1982	1202
68	1999	1236
68	2021	1372
68	2060	1202
68	2077	1236
68	2099	1372
68	2138	1202
68	2155	1236
68	2177	1372
68	2216	1202
68	2233	1236
68	2255	1372
68	2294	1202
68	2311	1236
68	2333	1372
68	2372	1202
68	2389	1236
68	2411	1372
68	2450	1202
68	2467	1236
68	2489	1372
68	2528	1202
68	2545	1236
68	2567	1372
68	2606	1202
68	2623	1236
68	2645	1372
68	2684	1202
68	2701	1236
68	2723	1372
68	2762	1202
68	2779	1236
68	2801	1372
68	2840	1202
68	2857	1236
68	2879	1372
68	2918	1202
68	2935	1236
68	2957	1372
68	2996	1202
68	3013	1236
68	3035	1372
68	3074	1202
68	3091	1236
68	3113	1372
68	3152	1202
68	3169	1236
68	3191	1372
68	3230	1202
68	3247	1236
68	3269	1372
68	3308	1202
68	3325	1236
68	3347	1372
68	3386	1202
68	3403	1236
68	3425	1372
68	3464	1202
68	3481	1236
68	3503	1372
68	3542	1202
68	3559	1236
68	3581	1372
68	3620	1202
68	3637	1236
68	3659	1372
68	3698	1202
68	3715	1236
68	3737	1372
68	3776	1202
68	3793	1236
68	3815	1372
68	3854	1202
68	3871	1236
68	3893	1372
68	3932	1202
68	3949	1236
68	3971	1372
68	4010	1202
68	4027	1236
68	4049	1372
68	4088	1202
68	4105	1236
68	4127	1372
68	4166	1202
68	4183	1236
68	4205	1372
68	4244	1202
68	4261	1236
68	4283	1372
68	4322	1202
68	4339	1236
68	4361	1372
68	4400	1202
68	4417	1236
68	4439	1372
68	4478	1202
68	4495	1236
68	4517	1372
68	4556	1202
68	4573	1236
68	4595	1372
68	4634	1202
68	4651	1236
68	4673	1372
68	4712	1202
68	4729	1236
68	4751	1372
68	4790	1202
68	4807	1236
68	4829	1372
68	4868	1202
68	4885	1236
68	4907	1372
68	4946	1202
68	4963	1236
68	4985	1372
68	5024	1202
68	5041	1236
68	5063	1372
68	5102	1202
68	5119	1236
68	5141	1372
68	5180	1202
68	5197	1236
68	5219	1372
68	5258	1202
68	5275	1236
68	5297	1372
68	5336	1202
68	5353	1236
68	5375	1372
68	5414	1202
68	5431	1236
68	5453	1372
68	5492	1202
68	5509	1236
68	5531	1372
68	5570	1202
68	5587	1236
68	5609	1372
68	5648	1202
68	5665	1236
68	5687	1372
68	5726	1202
68	5743	1236
68	5765	1372
68	5804	1202
68	5821	1236
68	5843	1372
68	5882	1202
68	5899	1236
68	5921	1372
68	5960	1202
68	5977	1236
68	5999	1372
68	6038	1202
68	6055	1236
68	6077	1372
69	11	1454
69	22	1338
69	32	1384
69	76	1314
69	89	1454
69	100	1338
69	110	1384
69	154	1314
69	167	1454
69	178	1338
69	188	1384
69	232	1314
69	245	1454
69	256	1338
69	266	1384
69	310	1314
69	323	1454
69	334	1338
69	344	1384
69	388	1314
69	401	1454
69	412	1338
69	422	1384
69	466	1314
69	479	1454
69	490	1338
69	500	1384
69	544	1314
69	557	1454
69	568	1338
69	578	1384
69	622	1314
69	635	1454
69	646	1338
69	656	1384
69	700	1314
69	713	1454
69	724	1338
69	734	1384
69	778	1314
69	791	1454
69	802	1338
69	812	1384
69	856	1314
69	869	1454
69	880	1338
69	890	1384
69	934	1314
69	947	1454
69	958	1338
69	968	1384
69	1012	1314
69	1025	1454
69	1036	1338
69	1046	1384
69	1090	1314
69	1103	1454
69	1114	1338
69	1124	1384
69	1168	1314
69	1181	1454
69	1192	1338
69	1202	1384
69	1246	1314
69	1259	1454
69	1270	1338
69	1280	1384
69	1324	1314
69	1337	1454
69	1348	1338
69	1358	1384
69	1402	1314
69	1415	1454
69	1426	1338
69	1436	1384
69	1480	1314
69	1493	1454
69	1504	1338
69	1514	1384
69	1558	1314
69	1571	1454
69	1582	1338
69	1592	1384
69	1636	1314
69	1649	1454
69	1660	1338
69	1670	1384
69	1714	1314
69	1727	1454
69	1738	1338
69	1748	1384
69	1792	1314
69	1805	1454
69	1816	1338
69	1826	1384
69	1870	1314
69	1883	1454
69	1894	1338
69	1904	1384
69	1948	1314
69	1961	1454
69	1972	1338
69	1982	1384
69	2026	1314
69	2039	1454
69	2050	1338
69	2060	1384
69	2104	1314
69	2117	1454
69	2128	1338
69	2138	1384
69	2182	1314
69	2195	1454
69	2206	1338
69	2216	1384
69	2260	1314
69	2273	1454
69	2284	1338
69	2294	1384
69	2338	1314
69	2351	1454
69	2362	1338
69	2372	1384
69	2416	1314
69	2429	1454
69	2440	1338
69	2450	1384
69	2494	1314
69	2507	1454
69	2518	1338
69	2528	1384
69	2572	1314
69	2585	1454
69	2596	1338
69	2606	1384
69	2650	1314
69	2663	1454
69	2674	1338
69	2684	1384
69	2728	1314
69	2741	1454
69	2752	1338
69	2762	1384
69	2806	1314
69	2819	1454
69	2830	1338
69	2840	1384
69	2884	1314
69	2897	1454
69	2908	1338
69	2918	1384
69	2962	1314
69	2975	1454
69	2986	1338
69	2996	1384
69	3040	1314
69	3053	1454
69	3064	1338
69	3074	1384
69	3118	1314
69	3131	1454
69	3142	1338
69	3152	1384
69	3196	1314
69	3209	1454
69	3220	1338
69	3230	1384
69	3274	1314
69	3287	1454
69	3298	1338
69	3308	1384
69	3352	1314
69	3365	1454
69	3376	1338
69	3386	1384
69	3430	1314
69	3443	1454
69	3454	1338
69	3464	1384
69	3508	1314
69	3521	1454
69	3532	1338
69	3542	1384
69	3586	1314
69	3599	1454
69	3610	1338
69	3620	1384
69	3664	1314
69	3677	1454
69	3688	1338
69	3698	1384
69	3742	1314
69	3755	1454
69	3766	1338
69	3776	1384
69	3820	1314
69	3833	1454
69	3844	1338
69	3854	1384
69	3898	1314
69	3911	1454
69	3922	1338
69	3932	1384
69	3976	1314
69	3989	1454
69	4000	1338
69	4010	1384
69	4054	1314
69	4067	1454
69	4078	1338
69	4088	1384
69	4132	1314
69	4145	1454
69	4156	1338
69	4166	1384
69	4210	1314
69	4223	1454
69	4234	1338
69	4244	1384
69	4288	1314
69	4301	1454
69	4312	1338
69	4322	1384
69	4366	1314
69	4379	1454
69	4390	1338
69	4400	1384
69	4444	1314
69	4457	1454
69	4468	1338
69	4478	1384
69	4522	1314
69	4535	1454
69	4546	1338
69	4556	1384
69	4600	1314
69	4613	1454
69	4624	1338
69	4634	1384
69	4678	1314
69	4691	1454
69	4702	1338
69	4712	1384
69	4756	1314
69	4769	1454
69	4780	1338
69	4790	1384
69	4834	1314
69	4847	1454
69	4858	1338
69	4868	1384
69	4912	1314
69	4925	1454
69	4936	1338
69	4946	1384
69	4990	1314
69	5003	1454
69	5014	1338
69	5024	1384
69	5068	1314
69	5081	1454
69	5092	1338
69	5102	1384
69	5146	1314
69	5159	1454
69	5170	1338
69	5180	1384
69	5224	1314
69	5237	1454
69	5248	1338
69	5258	1384
69	5302	1314
69	5315	1454
69	5326	1338
69	5336	1384
69	5380	1314
69	5393	1454
69	5404	1338
69	5414	1384
69	5458	1314
69	5471	1454
69	5482	1338
69	5492	1384
69	5536	1314
69	5549	1454
69	5560	1338
69	5570	1384
69	5614	1314
69	5627	1454
69	5638	1338
69	5648	1384
69	5692	1314
69	5705	1454
69	5716	1338
69	5726	1384
69	5770	1314
69	5783	1454
69	5794	1338
69	5804	1384
69	5848	1314
69	5861	1454
69	5872	1338
69	5882	1384
69	5926	1314
69	5939	1454
69	5950	1338
69	5960	1384
69	6004	1314
69	6017	1454
69	6028	1338
69	6038	1384
69	6082	1314
70	41	1206
70	49	1244
70	71	1300
70	74	1234
70	76	1348
70	77	1262
70	119	1206
70	127	1244
70	149	1300
70	152	1234
70	154	1348
70	155	1262
70	197	1206
70	205	1244
70	227	1300
70	230	1234
70	232	1348
70	233	1262
70	275	1206
70	283	1244
70	305	1300
70	308	1234
70	310	1348
70	311	1262
70	353	1206
70	361	1244
70	383	1300
70	386	1234
70	388	1348
70	389	1262
70	431	1206
70	439	1244
70	461	1300
70	464	1234
70	466	1348
70	467	1262
70	509	1206
70	517	1244
70	539	1300
70	542	1234
70	544	1348
70	545	1262
70	587	1206
70	595	1244
70	617	1300
70	620	1234
70	622	1348
70	623	1262
70	665	1206
70	673	1244
70	695	1300
70	698	1234
70	700	1348
70	701	1262
70	743	1206
70	751	1244
70	773	1300
70	776	1234
70	778	1348
70	779	1262
70	821	1206
70	829	1244
70	851	1300
70	854	1234
70	856	1348
70	857	1262
70	899	1206
70	907	1244
70	929	1300
70	932	1234
70	934	1348
70	935	1262
70	977	1206
70	985	1244
70	1007	1300
70	1010	1234
70	1012	1348
70	1013	1262
70	1055	1206
70	1063	1244
70	1085	1300
70	1088	1234
70	1090	1348
70	1091	1262
70	1133	1206
70	1141	1244
70	1163	1300
70	1166	1234
70	1168	1348
70	1169	1262
70	1211	1206
70	1219	1244
70	1241	1300
70	1244	1234
70	1246	1348
70	1247	1262
70	1289	1206
70	1297	1244
70	1319	1300
70	1322	1234
70	1324	1348
70	1325	1262
70	1367	1206
70	1375	1244
70	1397	1300
70	1400	1234
70	1402	1348
70	1403	1262
70	1445	1206
70	1453	1244
70	1475	1300
70	1478	1234
70	1480	1348
70	1481	1262
70	1523	1206
70	1531	1244
70	1553	1300
70	1556	1234
70	1558	1348
70	1559	1262
70	1601	1206
70	1609	1244
70	1631	1300
70	1634	1234
70	1636	1348
70	1637	1262
70	1679	1206
70	1687	1244
70	1709	1300
70	1712	1234
70	1714	1348
70	1715	1262
70	1757	1206
70	1765	1244
70	1787	1300
70	1790	1234
70	1792	1348
70	1793	1262
70	1835	1206
70	1843	1244
70	1865	1300
70	1868	1234
70	1870	1348
70	1871	1262
70	1913	1206
70	1921	1244
70	1943	1300
70	1946	1234
70	1948	1348
70	1949	1262
70	1991	1206
70	1999	1244
70	2021	1300
70	2024	1234
70	2026	1348
70	2027	1262
70	2069	1206
70	2077	1244
70	2099	1300
70	2102	1234
70	2104	1348
70	2105	1262
70	2147	1206
70	2155	1244
70	2177	1300
70	2180	1234
70	2182	1348
70	2183	1262
70	2225	1206
70	2233	1244
70	2255	1300
70	2258	1234
70	2260	1348
70	2261	1262
70	2303	1206
70	2311	1244
70	2333	1300
70	2336	1234
70	2338	1348
70	2339	1262
70	2381	1206
70	2389	1244
70	2411	1300
70	2414	1234
70	2416	1348
70	2417	1262
70	2459	1206
70	2467	1244
70	2489	1300
70	2492	1234
70	2494	1348
70	2495	1262
70	2537	1206
70	2545	1244
70	2567	1300
70	2570	1234
70	2572	1348
70	2573	1262
70	2615	1206
70	2623	1244
70	2645	1300
70	2648	1234
70	2650	1348
70	2651	1262
70	2693	1206
70	2701	1244
70	2723	1300
70	2726	1234
70	2728	1348
70	2729	1262
70	2771	1206
70	2779	1244
70	2801	1300
70	2804	1234
70	2806	1348
70	2807	1262
70	2849	1206
70	2857	1244
70	2879	1300
70	2882	1234
70	2884	1348
70	2885	1262
70	2927	1206
70	2935	1244
70	2957	1300
70	2960	1234
70	2962	1348
70	2963	1262
70	3005	1206
70	3013	1244
70	3035	1300
70	3038	1234
70	3040	1348
70	3041	1262
70	3083	1206
70	3091	1244
70	3113	1300
70	3116	1234
70	3118	1348
70	3119	1262
70	3161	1206
70	3169	1244
70	3191	1300
70	3194	1234
70	3196	1348
70	3197	1262
70	3239	1206
70	3247	1244
70	3269	1300
70	3272	1234
70	3274	1348
70	3275	1262
70	3317	1206
70	3325	1244
70	3347	1300
70	3350	1234
70	3352	1348
70	3353	1262
70	3395	1206
70	3403	1244
70	3425	1300
70	3428	1234
70	3430	1348
70	3431	1262
70	3473	1206
70	3481	1244
70	3503	1300
70	3506	1234
70	3508	1348
70	3509	1262
70	3551	1206
70	3559	1244
70	3581	1300
70	3584	1234
70	3586	1348
70	3587	1262
70	3629	1206
70	3637	1244
70	3659	1300
70	3662	1234
70	3664	1348
70	3665	1262
70	3707	1206
70	3715	1244
70	3737	1300
70	3740	1234
70	3742	1348
70	3743	1262
70	3785	1206
70	3793	1244
70	3815	1300
70	3818	1234
70	3820	1348
70	3821	1262
70	3863	1206
70	3871	1244
70	3893	1300
70	3896	1234
70	3898	1348
70	3899	1262
70	3941	1206
70	3949	1244
70	3971	1300
70	3974	1234
70	3976	1348
70	3977	1262
70	4019	1206
70	4027	1244
70	4049	1300
70	4052	1234
70	4054	1348
70	4055	1262
70	4097	1206
70	4105	1244
70	4127	1300
70	4130	1234
70	4132	1348
70	4133	1262
70	4175	1206
70	4183	1244
70	4205	1300
70	4208	1234
70	4210	1348
70	4211	1262
70	4253	1206
70	4261	1244
70	4283	1300
70	4286	1234
70	4288	1348
70	4289	1262
70	4331	1206
70	4339	1244
70	4361	1300
70	4364	1234
70	4366	1348
70	4367	1262
70	4409	1206
70	4417	1244
70	4439	1300
70	4442	1234
70	4444	1348
70	4445	1262
70	4487	1206
70	4495	1244
70	4517	1300
70	4520	1234
70	4522	1348
70	4523	1262
70	4565	1206
70	4573	1244
70	4595	1300
70	4598	1234
70	4600	1348
70	4601	1262
70	4643	1206
70	4651	1244
70	4673	1300
70	4676	1234
70	4678	1348
70	4679	1262
70	4721	1206
70	4729	1244
70	4751	1300
70	4754	1234
70	4756	1348
70	4757	1262
70	4799	1206
70	4807	1244
70	4829	1300
70	4832	1234
70	4834	1348
70	4835	1262
70	4877	1206
70	4885	1244
70	4907	1300
70	4910	1234
70	4912	1348
70	4913	1262
70	4955	1206
70	4963	1244
70	4985	1300
70	4988	1234
70	4990	1348
70	4991	1262
70	5033	1206
70	5041	1244
70	5063	1300
70	5066	1234
70	5068	1348
70	5069	1262
70	5111	1206
70	5119	1244
70	5141	1300
70	5144	1234
70	5146	1348
70	5147	1262
70	5189	1206
70	5197	1244
70	5219	1300
70	5222	1234
70	5224	1348
70	5225	1262
70	5267	1206
70	5275	1244
70	5297	1300
70	5300	1234
70	5302	1348
70	5303	1262
70	5345	1206
70	5353	1244
70	5375	1300
70	5378	1234
70	5380	1348
70	5381	1262
70	5423	1206
70	5431	1244
70	5453	1300
70	5456	1234
70	5458	1348
70	5459	1262
70	5501	1206
70	5509	1244
70	5531	1300
70	5534	1234
70	5536	1348
70	5537	1262
70	5579	1206
70	5587	1244
70	5609	1300
70	5612	1234
70	5614	1348
70	5615	1262
70	5657	1206
70	5665	1244
70	5687	1300
70	5690	1234
70	5692	1348
70	5693	1262
70	5735	1206
70	5743	1244
70	5765	1300
70	5768	1234
70	5770	1348
70	5771	1262
70	5813	1206
70	5821	1244
70	5843	1300
70	5846	1234
70	5848	1348
70	5849	1262
70	5891	1206
70	5899	1244
70	5921	1300
70	5924	1234
70	5926	1348
70	5927	1262
70	5969	1206
70	5977	1244
70	5999	1300
70	6002	1234
70	6004	1348
70	6005	1262
70	6047	1206
70	6055	1244
70	6077	1300
70	6080	1234
70	6082	1348
70	6083	1262
71	49	1244
71	62	1234
71	74	1300
71	77	1262
71	127	1244
71	140	1234
71	152	1300
71	155	1262
71	205	1244
71	218	1234
71	230	1300
71	233	1262
71	283	1244
71	296	1234
71	308	1300
71	311	1262
71	361	1244
71	374	1234
71	386	1300
71	389	1262
71	439	1244
71	452	1234
71	464	1300
71	467	1262
71	517	1244
71	530	1234
71	542	1300
71	545	1262
71	595	1244
71	608	1234
71	620	1300
71	623	1262
71	673	1244
71	686	1234
71	698	1300
71	701	1262
71	751	1244
71	764	1234
71	776	1300
71	779	1262
71	829	1244
71	842	1234
71	854	1300
71	857	1262
71	907	1244
71	920	1234
71	932	1300
71	935	1262
71	985	1244
71	998	1234
71	1010	1300
71	1013	1262
71	1063	1244
71	1076	1234
71	1088	1300
71	1091	1262
71	1141	1244
71	1154	1234
71	1166	1300
71	1169	1262
71	1219	1244
71	1232	1234
71	1244	1300
71	1247	1262
71	1297	1244
71	1310	1234
71	1322	1300
71	1325	1262
71	1375	1244
71	1388	1234
71	1400	1300
71	1403	1262
71	1453	1244
71	1466	1234
71	1478	1300
71	1481	1262
71	1531	1244
71	1544	1234
71	1556	1300
71	1559	1262
71	1609	1244
71	1622	1234
71	1634	1300
71	1637	1262
71	1687	1244
71	1700	1234
71	1712	1300
71	1715	1262
71	1765	1244
71	1778	1234
71	1790	1300
71	1793	1262
71	1843	1244
71	1856	1234
71	1868	1300
71	1871	1262
71	1921	1244
71	1934	1234
71	1946	1300
71	1949	1262
71	1999	1244
71	2012	1234
71	2024	1300
71	2027	1262
71	2077	1244
71	2090	1234
71	2102	1300
71	2105	1262
71	2155	1244
71	2168	1234
71	2180	1300
71	2183	1262
71	2233	1244
71	2246	1234
71	2258	1300
71	2261	1262
71	2311	1244
71	2324	1234
71	2336	1300
71	2339	1262
71	2389	1244
71	2402	1234
71	2414	1300
71	2417	1262
71	2467	1244
71	2480	1234
71	2492	1300
71	2495	1262
71	2545	1244
71	2558	1234
71	2570	1300
71	2573	1262
71	2623	1244
71	2636	1234
71	2648	1300
71	2651	1262
71	2701	1244
71	2714	1234
71	2726	1300
71	2729	1262
71	2779	1244
71	2792	1234
71	2804	1300
71	2807	1262
71	2857	1244
71	2870	1234
71	2882	1300
71	2885	1262
71	2935	1244
71	2948	1234
71	2960	1300
71	2963	1262
71	3013	1244
71	3026	1234
71	3038	1300
71	3041	1262
71	3091	1244
71	3104	1234
71	3116	1300
71	3119	1262
71	3169	1244
71	3182	1234
71	3194	1300
71	3197	1262
71	3247	1244
71	3260	1234
71	3272	1300
71	3275	1262
71	3325	1244
71	3338	1234
71	3350	1300
71	3353	1262
71	3403	1244
71	3416	1234
71	3428	1300
71	3431	1262
71	3481	1244
71	3494	1234
71	3506	1300
71	3509	1262
71	3559	1244
71	3572	1234
71	3584	1300
71	3587	1262
71	3637	1244
71	3650	1234
71	3662	1300
71	3665	1262
71	3715	1244
71	3728	1234
71	3740	1300
71	3743	1262
71	3793	1244
71	3806	1234
71	3818	1300
71	3821	1262
71	3871	1244
71	3884	1234
71	3896	1300
71	3899	1262
71	3949	1244
71	3962	1234
71	3974	1300
71	3977	1262
71	4027	1244
71	4040	1234
71	4052	1300
71	4055	1262
71	4105	1244
71	4118	1234
71	4130	1300
71	4133	1262
71	4183	1244
71	4196	1234
71	4208	1300
71	4211	1262
71	4261	1244
71	4274	1234
71	4286	1300
71	4289	1262
71	4339	1244
71	4352	1234
71	4364	1300
71	4367	1262
71	4417	1244
71	4430	1234
71	4442	1300
71	4445	1262
71	4495	1244
71	4508	1234
71	4520	1300
71	4523	1262
71	4573	1244
71	4586	1234
71	4598	1300
71	4601	1262
71	4651	1244
71	4664	1234
71	4676	1300
71	4679	1262
71	4729	1244
71	4742	1234
71	4754	1300
71	4757	1262
71	4807	1244
71	4820	1234
71	4832	1300
71	4835	1262
71	4885	1244
71	4898	1234
71	4910	1300
71	4913	1262
71	4963	1244
71	4976	1234
71	4988	1300
71	4991	1262
71	5041	1244
71	5054	1234
71	5066	1300
71	5069	1262
71	5119	1244
71	5132	1234
71	5144	1300
71	5147	1262
71	5197	1244
71	5210	1234
71	5222	1300
71	5225	1262
71	5275	1244
71	5288	1234
71	5300	1300
71	5303	1262
71	5353	1244
71	5366	1234
71	5378	1300
71	5381	1262
71	5431	1244
71	5444	1234
71	5456	1300
71	5459	1262
71	5509	1244
71	5522	1234
71	5534	1300
71	5537	1262
71	5587	1244
71	5600	1234
71	5612	1300
71	5615	1262
71	5665	1244
71	5678	1234
71	5690	1300
71	5693	1262
71	5743	1244
71	5756	1234
71	5768	1300
71	5771	1262
71	5821	1244
71	5834	1234
71	5846	1300
71	5849	1262
71	5899	1244
71	5912	1234
71	5924	1300
71	5927	1262
71	5977	1244
71	5990	1234
71	6002	1300
71	6005	1262
71	6055	1244
71	6068	1234
71	6080	1300
71	6083	1262
72	41	1366
72	49	1244
72	62	1234
72	74	1348
72	76	1262
72	77	1328
72	119	1366
72	127	1244
72	140	1234
72	152	1348
72	154	1262
72	155	1328
72	197	1366
72	205	1244
72	218	1234
72	230	1348
72	232	1262
72	233	1328
72	275	1366
72	283	1244
72	296	1234
72	308	1348
72	310	1262
72	311	1328
72	353	1366
72	361	1244
72	374	1234
72	386	1348
72	388	1262
72	389	1328
72	431	1366
72	439	1244
72	452	1234
72	464	1348
72	466	1262
72	467	1328
72	509	1366
72	517	1244
72	530	1234
72	542	1348
72	544	1262
72	545	1328
72	587	1366
72	595	1244
72	608	1234
72	620	1348
72	622	1262
72	623	1328
72	665	1366
72	673	1244
72	686	1234
72	698	1348
72	700	1262
72	701	1328
72	743	1366
72	751	1244
72	764	1234
72	776	1348
72	778	1262
72	779	1328
72	821	1366
72	829	1244
72	842	1234
72	854	1348
72	856	1262
72	857	1328
72	899	1366
72	907	1244
72	920	1234
72	932	1348
72	934	1262
72	935	1328
72	977	1366
72	985	1244
72	998	1234
72	1010	1348
72	1012	1262
72	1013	1328
72	1055	1366
72	1063	1244
72	1076	1234
72	1088	1348
72	1090	1262
72	1091	1328
72	1133	1366
72	1141	1244
72	1154	1234
72	1166	1348
72	1168	1262
72	1169	1328
72	1211	1366
72	1219	1244
72	1232	1234
72	1244	1348
72	1246	1262
72	1247	1328
72	1289	1366
72	1297	1244
72	1310	1234
72	1322	1348
72	1324	1262
72	1325	1328
72	1367	1366
72	1375	1244
72	1388	1234
72	1400	1348
72	1402	1262
72	1403	1328
72	1445	1366
72	1453	1244
72	1466	1234
72	1478	1348
72	1480	1262
72	1481	1328
72	1523	1366
72	1531	1244
72	1544	1234
72	1556	1348
72	1558	1262
72	1559	1328
72	1601	1366
72	1609	1244
72	1622	1234
72	1634	1348
72	1636	1262
72	1637	1328
72	1679	1366
72	1687	1244
72	1700	1234
72	1712	1348
72	1714	1262
72	1715	1328
72	1757	1366
72	1765	1244
72	1778	1234
72	1790	1348
72	1792	1262
72	1793	1328
72	1835	1366
72	1843	1244
72	1856	1234
72	1868	1348
72	1870	1262
72	1871	1328
72	1913	1366
72	1921	1244
72	1934	1234
72	1946	1348
72	1948	1262
72	1949	1328
72	1991	1366
72	1999	1244
72	2012	1234
72	2024	1348
72	2026	1262
72	2027	1328
72	2069	1366
72	2077	1244
72	2090	1234
72	2102	1348
72	2104	1262
72	2105	1328
72	2147	1366
72	2155	1244
72	2168	1234
72	2180	1348
72	2182	1262
72	2183	1328
72	2225	1366
72	2233	1244
72	2246	1234
72	2258	1348
72	2260	1262
72	2261	1328
72	2303	1366
72	2311	1244
72	2324	1234
72	2336	1348
72	2338	1262
72	2339	1328
72	2381	1366
72	2389	1244
72	2402	1234
72	2414	1348
72	2416	1262
72	2417	1328
72	2459	1366
72	2467	1244
72	2480	1234
72	2492	1348
72	2494	1262
72	2495	1328
72	2537	1366
72	2545	1244
72	2558	1234
72	2570	1348
72	2572	1262
72	2573	1328
72	2615	1366
72	2623	1244
72	2636	1234
72	2648	1348
72	2650	1262
72	2651	1328
72	2693	1366
72	2701	1244
72	2714	1234
72	2726	1348
72	2728	1262
72	2729	1328
72	2771	1366
72	2779	1244
72	2792	1234
72	2804	1348
72	2806	1262
72	2807	1328
72	2849	1366
72	2857	1244
72	2870	1234
72	2882	1348
72	2884	1262
72	2885	1328
72	2927	1366
72	2935	1244
72	2948	1234
72	2960	1348
72	2962	1262
72	2963	1328
72	3005	1366
72	3013	1244
72	3026	1234
72	3038	1348
72	3040	1262
72	3041	1328
72	3083	1366
72	3091	1244
72	3104	1234
72	3116	1348
72	3118	1262
72	3119	1328
72	3161	1366
72	3169	1244
72	3182	1234
72	3194	1348
72	3196	1262
72	3197	1328
72	3239	1366
72	3247	1244
72	3260	1234
72	3272	1348
72	3274	1262
72	3275	1328
72	3317	1366
72	3325	1244
72	3338	1234
72	3350	1348
72	3352	1262
72	3353	1328
72	3395	1366
72	3403	1244
72	3416	1234
72	3428	1348
72	3430	1262
72	3431	1328
72	3473	1366
72	3481	1244
72	3494	1234
72	3506	1348
72	3508	1262
72	3509	1328
72	3551	1366
72	3559	1244
72	3572	1234
72	3584	1348
72	3586	1262
72	3587	1328
72	3629	1366
72	3637	1244
72	3650	1234
72	3662	1348
72	3664	1262
72	3665	1328
72	3707	1366
72	3715	1244
72	3728	1234
72	3740	1348
72	3742	1262
72	3743	1328
72	3785	1366
72	3793	1244
72	3806	1234
72	3818	1348
72	3820	1262
72	3821	1328
72	3863	1366
72	3871	1244
72	3884	1234
72	3896	1348
72	3898	1262
72	3899	1328
72	3941	1366
72	3949	1244
72	3962	1234
72	3974	1348
72	3976	1262
72	3977	1328
72	4019	1366
72	4027	1244
72	4040	1234
72	4052	1348
72	4054	1262
72	4055	1328
72	4097	1366
72	4105	1244
72	4118	1234
72	4130	1348
72	4132	1262
72	4133	1328
72	4175	1366
72	4183	1244
72	4196	1234
72	4208	1348
72	4210	1262
72	4211	1328
72	4253	1366
72	4261	1244
72	4274	1234
72	4286	1348
72	4288	1262
72	4289	1328
72	4331	1366
72	4339	1244
72	4352	1234
72	4364	1348
72	4366	1262
72	4367	1328
72	4409	1366
72	4417	1244
72	4430	1234
72	4442	1348
72	4444	1262
72	4445	1328
72	4487	1366
72	4495	1244
72	4508	1234
72	4520	1348
72	4522	1262
72	4523	1328
72	4565	1366
72	4573	1244
72	4586	1234
72	4598	1348
72	4600	1262
72	4601	1328
72	4643	1366
72	4651	1244
72	4664	1234
72	4676	1348
72	4678	1262
72	4679	1328
72	4721	1366
72	4729	1244
72	4742	1234
72	4754	1348
72	4756	1262
72	4757	1328
72	4799	1366
72	4807	1244
72	4820	1234
72	4832	1348
72	4834	1262
72	4835	1328
72	4877	1366
72	4885	1244
72	4898	1234
72	4910	1348
72	4912	1262
72	4913	1328
72	4955	1366
72	4963	1244
72	4976	1234
72	4988	1348
72	4990	1262
72	4991	1328
72	5033	1366
72	5041	1244
72	5054	1234
72	5066	1348
72	5068	1262
72	5069	1328
72	5111	1366
72	5119	1244
72	5132	1234
72	5144	1348
72	5146	1262
72	5147	1328
72	5189	1366
72	5197	1244
72	5210	1234
72	5222	1348
72	5224	1262
72	5225	1328
72	5267	1366
72	5275	1244
72	5288	1234
72	5300	1348
72	5302	1262
72	5303	1328
72	5345	1366
72	5353	1244
72	5366	1234
72	5378	1348
72	5380	1262
72	5381	1328
72	5423	1366
72	5431	1244
72	5444	1234
72	5456	1348
72	5458	1262
72	5459	1328
72	5501	1366
72	5509	1244
72	5522	1234
72	5534	1348
72	5536	1262
72	5537	1328
72	5579	1366
72	5587	1244
72	5600	1234
72	5612	1348
72	5614	1262
72	5615	1328
72	5657	1366
72	5665	1244
72	5678	1234
72	5690	1348
72	5692	1262
72	5693	1328
72	5735	1366
72	5743	1244
72	5756	1234
72	5768	1348
72	5770	1262
72	5771	1328
72	5813	1366
72	5821	1244
72	5834	1234
72	5846	1348
72	5848	1262
72	5849	1328
72	5891	1366
72	5899	1244
72	5912	1234
72	5924	1348
72	5926	1262
72	5927	1328
72	5969	1366
72	5977	1244
72	5990	1234
72	6002	1348
72	6004	1262
72	6005	1328
72	6047	1366
72	6055	1244
72	6068	1234
72	6080	1348
72	6082	1262
72	6083	1328
73	22	1320
73	49	1276
73	71	1222
73	74	1258
73	76	1232
73	100	1320
73	127	1276
73	149	1222
73	152	1258
73	154	1232
73	178	1320
73	205	1276
73	227	1222
73	230	1258
73	232	1232
73	256	1320
73	283	1276
73	305	1222
73	308	1258
73	310	1232
73	334	1320
73	361	1276
73	383	1222
73	386	1258
73	388	1232
73	412	1320
73	439	1276
73	461	1222
73	464	1258
73	466	1232
73	490	1320
73	517	1276
73	539	1222
73	542	1258
73	544	1232
73	568	1320
73	595	1276
73	617	1222
73	620	1258
73	622	1232
73	646	1320
73	673	1276
73	695	1222
73	698	1258
73	700	1232
73	724	1320
73	751	1276
73	773	1222
73	776	1258
73	778	1232
73	802	1320
73	829	1276
73	851	1222
73	854	1258
73	856	1232
73	880	1320
73	907	1276
73	929	1222
73	932	1258
73	934	1232
73	958	1320
73	985	1276
73	1007	1222
73	1010	1258
73	1012	1232
73	1036	1320
73	1063	1276
73	1085	1222
73	1088	1258
73	1090	1232
73	1114	1320
73	1141	1276
73	1163	1222
73	1166	1258
73	1168	1232
73	1192	1320
73	1219	1276
73	1241	1222
73	1244	1258
73	1246	1232
73	1270	1320
73	1297	1276
73	1319	1222
73	1322	1258
73	1324	1232
73	1348	1320
73	1375	1276
73	1397	1222
73	1400	1258
73	1402	1232
73	1426	1320
73	1453	1276
73	1475	1222
73	1478	1258
73	1480	1232
73	1504	1320
73	1531	1276
73	1553	1222
73	1556	1258
73	1558	1232
73	1582	1320
73	1609	1276
73	1631	1222
73	1634	1258
73	1636	1232
73	1660	1320
73	1687	1276
73	1709	1222
73	1712	1258
73	1714	1232
73	1738	1320
73	1765	1276
73	1787	1222
73	1790	1258
73	1792	1232
73	1816	1320
73	1843	1276
73	1865	1222
73	1868	1258
73	1870	1232
73	1894	1320
73	1921	1276
73	1943	1222
73	1946	1258
73	1948	1232
73	1972	1320
73	1999	1276
73	2021	1222
73	2024	1258
73	2026	1232
73	2050	1320
73	2077	1276
73	2099	1222
73	2102	1258
73	2104	1232
73	2128	1320
73	2155	1276
73	2177	1222
73	2180	1258
73	2182	1232
73	2206	1320
73	2233	1276
73	2255	1222
73	2258	1258
73	2260	1232
73	2284	1320
73	2311	1276
73	2333	1222
73	2336	1258
73	2338	1232
73	2362	1320
73	2389	1276
73	2411	1222
73	2414	1258
73	2416	1232
73	2440	1320
73	2467	1276
73	2489	1222
73	2492	1258
73	2494	1232
73	2518	1320
73	2545	1276
73	2567	1222
73	2570	1258
73	2572	1232
73	2596	1320
73	2623	1276
73	2645	1222
73	2648	1258
73	2650	1232
73	2674	1320
73	2701	1276
73	2723	1222
73	2726	1258
73	2728	1232
73	2752	1320
73	2779	1276
73	2801	1222
73	2804	1258
73	2806	1232
73	2830	1320
73	2857	1276
73	2879	1222
73	2882	1258
73	2884	1232
73	2908	1320
73	2935	1276
73	2957	1222
73	2960	1258
73	2962	1232
73	2986	1320
73	3013	1276
73	3035	1222
73	3038	1258
73	3040	1232
73	3064	1320
73	3091	1276
73	3113	1222
73	3116	1258
73	3118	1232
73	3142	1320
73	3169	1276
73	3191	1222
73	3194	1258
73	3196	1232
73	3220	1320
73	3247	1276
73	3269	1222
73	3272	1258
73	3274	1232
73	3298	1320
73	3325	1276
73	3347	1222
73	3350	1258
73	3352	1232
73	3376	1320
73	3403	1276
73	3425	1222
73	3428	1258
73	3430	1232
73	3454	1320
73	3481	1276
73	3503	1222
73	3506	1258
73	3508	1232
73	3532	1320
73	3559	1276
73	3581	1222
73	3584	1258
73	3586	1232
73	3610	1320
73	3637	1276
73	3659	1222
73	3662	1258
73	3664	1232
73	3688	1320
73	3715	1276
73	3737	1222
73	3740	1258
73	3742	1232
73	3766	1320
73	3793	1276
73	3815	1222
73	3818	1258
73	3820	1232
73	3844	1320
73	3871	1276
73	3893	1222
73	3896	1258
73	3898	1232
73	3922	1320
73	3949	1276
73	3971	1222
73	3974	1258
73	3976	1232
73	4000	1320
73	4027	1276
73	4049	1222
73	4052	1258
73	4054	1232
73	4078	1320
73	4105	1276
73	4127	1222
73	4130	1258
73	4132	1232
73	4156	1320
73	4183	1276
73	4205	1222
73	4208	1258
73	4210	1232
73	4234	1320
73	4261	1276
73	4283	1222
73	4286	1258
73	4288	1232
73	4312	1320
73	4339	1276
73	4361	1222
73	4364	1258
73	4366	1232
73	4390	1320
73	4417	1276
73	4439	1222
73	4442	1258
73	4444	1232
73	4468	1320
73	4495	1276
73	4517	1222
73	4520	1258
73	4522	1232
73	4546	1320
73	4573	1276
73	4595	1222
73	4598	1258
73	4600	1232
73	4624	1320
73	4651	1276
73	4673	1222
73	4676	1258
73	4678	1232
73	4702	1320
73	4729	1276
73	4751	1222
73	4754	1258
73	4756	1232
73	4780	1320
73	4807	1276
73	4829	1222
73	4832	1258
73	4834	1232
73	4858	1320
73	4885	1276
73	4907	1222
73	4910	1258
73	4912	1232
73	4936	1320
73	4963	1276
73	4985	1222
73	4988	1258
73	4990	1232
73	5014	1320
73	5041	1276
73	5063	1222
73	5066	1258
73	5068	1232
73	5092	1320
73	5119	1276
73	5141	1222
73	5144	1258
73	5146	1232
73	5170	1320
73	5197	1276
73	5219	1222
73	5222	1258
73	5224	1232
73	5248	1320
73	5275	1276
73	5297	1222
73	5300	1258
73	5302	1232
73	5326	1320
73	5353	1276
73	5375	1222
73	5378	1258
73	5380	1232
73	5404	1320
73	5431	1276
73	5453	1222
73	5456	1258
73	5458	1232
73	5482	1320
73	5509	1276
73	5531	1222
73	5534	1258
73	5536	1232
73	5560	1320
73	5587	1276
73	5609	1222
73	5612	1258
73	5614	1232
73	5638	1320
73	5665	1276
73	5687	1222
73	5690	1258
73	5692	1232
73	5716	1320
73	5743	1276
73	5765	1222
73	5768	1258
73	5770	1232
73	5794	1320
73	5821	1276
73	5843	1222
73	5846	1258
73	5848	1232
73	5872	1320
73	5899	1276
73	5921	1222
73	5924	1258
73	5926	1232
73	5950	1320
73	5977	1276
73	5999	1222
73	6002	1258
73	6004	1232
73	6028	1320
73	6055	1276
73	6077	1222
73	6080	1258
73	6082	1232
74	22	1320
74	41	1390
74	67	1222
74	71	1258
74	74	1232
74	100	1320
74	119	1390
74	145	1222
74	149	1258
74	152	1232
74	178	1320
74	197	1390
74	223	1222
74	227	1258
74	230	1232
74	256	1320
74	275	1390
74	301	1222
74	305	1258
74	308	1232
74	334	1320
74	353	1390
74	379	1222
74	383	1258
74	386	1232
74	412	1320
74	431	1390
74	457	1222
74	461	1258
74	464	1232
74	490	1320
74	509	1390
74	535	1222
74	539	1258
74	542	1232
74	568	1320
74	587	1390
74	613	1222
74	617	1258
74	620	1232
74	646	1320
74	665	1390
74	691	1222
74	695	1258
74	698	1232
74	724	1320
74	743	1390
74	769	1222
74	773	1258
74	776	1232
74	802	1320
74	821	1390
74	847	1222
74	851	1258
74	854	1232
74	880	1320
74	899	1390
74	925	1222
74	929	1258
74	932	1232
74	958	1320
74	977	1390
74	1003	1222
74	1007	1258
74	1010	1232
74	1036	1320
74	1055	1390
74	1081	1222
74	1085	1258
74	1088	1232
74	1114	1320
74	1133	1390
74	1159	1222
74	1163	1258
74	1166	1232
74	1192	1320
74	1211	1390
74	1237	1222
74	1241	1258
74	1244	1232
74	1270	1320
74	1289	1390
74	1315	1222
74	1319	1258
74	1322	1232
74	1348	1320
74	1367	1390
74	1393	1222
74	1397	1258
74	1400	1232
74	1426	1320
74	1445	1390
74	1471	1222
74	1475	1258
74	1478	1232
74	1504	1320
74	1523	1390
74	1549	1222
74	1553	1258
74	1556	1232
74	1582	1320
74	1601	1390
74	1627	1222
74	1631	1258
74	1634	1232
74	1660	1320
74	1679	1390
74	1705	1222
74	1709	1258
74	1712	1232
74	1738	1320
74	1757	1390
74	1783	1222
74	1787	1258
74	1790	1232
74	1816	1320
74	1835	1390
74	1861	1222
74	1865	1258
74	1868	1232
74	1894	1320
74	1913	1390
74	1939	1222
74	1943	1258
74	1946	1232
74	1972	1320
74	1991	1390
74	2017	1222
74	2021	1258
74	2024	1232
74	2050	1320
74	2069	1390
74	2095	1222
74	2099	1258
74	2102	1232
74	2128	1320
74	2147	1390
74	2173	1222
74	2177	1258
74	2180	1232
74	2206	1320
74	2225	1390
74	2251	1222
74	2255	1258
74	2258	1232
74	2284	1320
74	2303	1390
74	2329	1222
74	2333	1258
74	2336	1232
74	2362	1320
74	2381	1390
74	2407	1222
74	2411	1258
74	2414	1232
74	2440	1320
74	2459	1390
74	2485	1222
74	2489	1258
74	2492	1232
74	2518	1320
74	2537	1390
74	2563	1222
74	2567	1258
74	2570	1232
74	2596	1320
74	2615	1390
74	2641	1222
74	2645	1258
74	2648	1232
74	2674	1320
74	2693	1390
74	2719	1222
74	2723	1258
74	2726	1232
74	2752	1320
74	2771	1390
74	2797	1222
74	2801	1258
74	2804	1232
74	2830	1320
74	2849	1390
74	2875	1222
74	2879	1258
74	2882	1232
74	2908	1320
74	2927	1390
74	2953	1222
74	2957	1258
74	2960	1232
74	2986	1320
74	3005	1390
74	3031	1222
74	3035	1258
74	3038	1232
74	3064	1320
74	3083	1390
74	3109	1222
74	3113	1258
74	3116	1232
74	3142	1320
74	3161	1390
74	3187	1222
74	3191	1258
74	3194	1232
74	3220	1320
74	3239	1390
74	3265	1222
74	3269	1258
74	3272	1232
74	3298	1320
74	3317	1390
74	3343	1222
74	3347	1258
74	3350	1232
74	3376	1320
74	3395	1390
74	3421	1222
74	3425	1258
74	3428	1232
74	3454	1320
74	3473	1390
74	3499	1222
74	3503	1258
74	3506	1232
74	3532	1320
74	3551	1390
74	3577	1222
74	3581	1258
74	3584	1232
74	3610	1320
74	3629	1390
74	3655	1222
74	3659	1258
74	3662	1232
74	3688	1320
74	3707	1390
74	3733	1222
74	3737	1258
74	3740	1232
74	3766	1320
74	3785	1390
74	3811	1222
74	3815	1258
74	3818	1232
74	3844	1320
74	3863	1390
74	3889	1222
74	3893	1258
74	3896	1232
74	3922	1320
74	3941	1390
74	3967	1222
74	3971	1258
74	3974	1232
74	4000	1320
74	4019	1390
74	4045	1222
74	4049	1258
74	4052	1232
74	4078	1320
74	4097	1390
74	4123	1222
74	4127	1258
74	4130	1232
74	4156	1320
74	4175	1390
74	4201	1222
74	4205	1258
74	4208	1232
74	4234	1320
74	4253	1390
74	4279	1222
74	4283	1258
74	4286	1232
74	4312	1320
74	4331	1390
74	4357	1222
74	4361	1258
74	4364	1232
74	4390	1320
74	4409	1390
74	4435	1222
74	4439	1258
74	4442	1232
74	4468	1320
74	4487	1390
74	4513	1222
74	4517	1258
74	4520	1232
74	4546	1320
74	4565	1390
74	4591	1222
74	4595	1258
74	4598	1232
74	4624	1320
74	4643	1390
74	4669	1222
74	4673	1258
74	4676	1232
74	4702	1320
74	4721	1390
74	4747	1222
74	4751	1258
74	4754	1232
74	4780	1320
74	4799	1390
74	4825	1222
74	4829	1258
74	4832	1232
74	4858	1320
74	4877	1390
74	4903	1222
74	4907	1258
74	4910	1232
74	4936	1320
74	4955	1390
74	4981	1222
74	4985	1258
74	4988	1232
74	5014	1320
74	5033	1390
74	5059	1222
74	5063	1258
74	5066	1232
74	5092	1320
74	5111	1390
74	5137	1222
74	5141	1258
74	5144	1232
74	5170	1320
74	5189	1390
74	5215	1222
74	5219	1258
74	5222	1232
74	5248	1320
74	5267	1390
74	5293	1222
74	5297	1258
74	5300	1232
74	5326	1320
74	5345	1390
74	5371	1222
74	5375	1258
74	5378	1232
74	5404	1320
74	5423	1390
74	5449	1222
74	5453	1258
74	5456	1232
74	5482	1320
74	5501	1390
74	5527	1222
74	5531	1258
74	5534	1232
74	5560	1320
74	5579	1390
74	5605	1222
74	5609	1258
74	5612	1232
74	5638	1320
74	5657	1390
74	5683	1222
74	5687	1258
74	5690	1232
74	5716	1320
74	5735	1390
74	5761	1222
74	5765	1258
74	5768	1232
74	5794	1320
74	5813	1390
74	5839	1222
74	5843	1258
74	5846	1232
74	5872	1320
74	5891	1390
74	5917	1222
74	5921	1258
74	5924	1232
74	5950	1320
74	5969	1390
74	5995	1222
74	5999	1258
74	6002	1232
74	6028	1320
74	6047	1390
74	6073	1222
74	6077	1258
74	6080	1232
75	22	1320
75	41	1390
75	62	1214
75	67	1222
75	71	1258
75	74	1232
75	100	1320
75	119	1390
75	140	1214
75	145	1222
75	149	1258
75	152	1232
75	178	1320
75	197	1390
75	218	1214
75	223	1222
75	227	1258
75	230	1232
75	256	1320
75	275	1390
75	296	1214
75	301	1222
75	305	1258
75	308	1232
75	334	1320
75	353	1390
75	374	1214
75	379	1222
75	383	1258
75	386	1232
75	412	1320
75	431	1390
75	452	1214
75	457	1222
75	461	1258
75	464	1232
75	490	1320
75	509	1390
75	530	1214
75	535	1222
75	539	1258
75	542	1232
75	568	1320
75	587	1390
75	608	1214
75	613	1222
75	617	1258
75	620	1232
75	646	1320
75	665	1390
75	686	1214
75	691	1222
75	695	1258
75	698	1232
75	724	1320
75	743	1390
75	764	1214
75	769	1222
75	773	1258
75	776	1232
75	802	1320
75	821	1390
75	842	1214
75	847	1222
75	851	1258
75	854	1232
75	880	1320
75	899	1390
75	920	1214
75	925	1222
75	929	1258
75	932	1232
75	958	1320
75	977	1390
75	998	1214
75	1003	1222
75	1007	1258
75	1010	1232
75	1036	1320
75	1055	1390
75	1076	1214
75	1081	1222
75	1085	1258
75	1088	1232
75	1114	1320
75	1133	1390
75	1154	1214
75	1159	1222
75	1163	1258
75	1166	1232
75	1192	1320
75	1211	1390
75	1232	1214
75	1237	1222
75	1241	1258
75	1244	1232
75	1270	1320
75	1289	1390
75	1310	1214
75	1315	1222
75	1319	1258
75	1322	1232
75	1348	1320
75	1367	1390
75	1388	1214
75	1393	1222
75	1397	1258
75	1400	1232
75	1426	1320
75	1445	1390
75	1466	1214
75	1471	1222
75	1475	1258
75	1478	1232
75	1504	1320
75	1523	1390
75	1544	1214
75	1549	1222
75	1553	1258
75	1556	1232
75	1582	1320
75	1601	1390
75	1622	1214
75	1627	1222
75	1631	1258
75	1634	1232
75	1660	1320
75	1679	1390
75	1700	1214
75	1705	1222
75	1709	1258
75	1712	1232
75	1738	1320
75	1757	1390
75	1778	1214
75	1783	1222
75	1787	1258
75	1790	1232
75	1816	1320
75	1835	1390
75	1856	1214
75	1861	1222
75	1865	1258
75	1868	1232
75	1894	1320
75	1913	1390
75	1934	1214
75	1939	1222
75	1943	1258
75	1946	1232
75	1972	1320
75	1991	1390
75	2012	1214
75	2017	1222
75	2021	1258
75	2024	1232
75	2050	1320
75	2069	1390
75	2090	1214
75	2095	1222
75	2099	1258
75	2102	1232
75	2128	1320
75	2147	1390
75	2168	1214
75	2173	1222
75	2177	1258
75	2180	1232
75	2206	1320
75	2225	1390
75	2246	1214
75	2251	1222
75	2255	1258
75	2258	1232
75	2284	1320
75	2303	1390
75	2324	1214
75	2329	1222
75	2333	1258
75	2336	1232
75	2362	1320
75	2381	1390
75	2402	1214
75	2407	1222
75	2411	1258
75	2414	1232
75	2440	1320
75	2459	1390
75	2480	1214
75	2485	1222
75	2489	1258
75	2492	1232
75	2518	1320
75	2537	1390
75	2558	1214
75	2563	1222
75	2567	1258
75	2570	1232
75	2596	1320
75	2615	1390
75	2636	1214
75	2641	1222
75	2645	1258
75	2648	1232
75	2674	1320
75	2693	1390
75	2714	1214
75	2719	1222
75	2723	1258
75	2726	1232
75	2752	1320
75	2771	1390
75	2792	1214
75	2797	1222
75	2801	1258
75	2804	1232
75	2830	1320
75	2849	1390
75	2870	1214
75	2875	1222
75	2879	1258
75	2882	1232
75	2908	1320
75	2927	1390
75	2948	1214
75	2953	1222
75	2957	1258
75	2960	1232
75	2986	1320
75	3005	1390
75	3026	1214
75	3031	1222
75	3035	1258
75	3038	1232
75	3064	1320
75	3083	1390
75	3104	1214
75	3109	1222
75	3113	1258
75	3116	1232
75	3142	1320
75	3161	1390
75	3182	1214
75	3187	1222
75	3191	1258
75	3194	1232
75	3220	1320
75	3239	1390
75	3260	1214
75	3265	1222
75	3269	1258
75	3272	1232
75	3298	1320
75	3317	1390
75	3338	1214
75	3343	1222
75	3347	1258
75	3350	1232
75	3376	1320
75	3395	1390
75	3416	1214
75	3421	1222
75	3425	1258
75	3428	1232
75	3454	1320
75	3473	1390
75	3494	1214
75	3499	1222
75	3503	1258
75	3506	1232
75	3532	1320
75	3551	1390
75	3572	1214
75	3577	1222
75	3581	1258
75	3584	1232
75	3610	1320
75	3629	1390
75	3650	1214
75	3655	1222
75	3659	1258
75	3662	1232
75	3688	1320
75	3707	1390
75	3728	1214
75	3733	1222
75	3737	1258
75	3740	1232
75	3766	1320
75	3785	1390
75	3806	1214
75	3811	1222
75	3815	1258
75	3818	1232
75	3844	1320
75	3863	1390
75	3884	1214
75	3889	1222
75	3893	1258
75	3896	1232
75	3922	1320
75	3941	1390
75	3962	1214
75	3967	1222
75	3971	1258
75	3974	1232
75	4000	1320
75	4019	1390
75	4040	1214
75	4045	1222
75	4049	1258
75	4052	1232
75	4078	1320
75	4097	1390
75	4118	1214
75	4123	1222
75	4127	1258
75	4130	1232
75	4156	1320
75	4175	1390
75	4196	1214
75	4201	1222
75	4205	1258
75	4208	1232
75	4234	1320
75	4253	1390
75	4274	1214
75	4279	1222
75	4283	1258
75	4286	1232
75	4312	1320
75	4331	1390
75	4352	1214
75	4357	1222
75	4361	1258
75	4364	1232
75	4390	1320
75	4409	1390
75	4430	1214
75	4435	1222
75	4439	1258
75	4442	1232
75	4468	1320
75	4487	1390
75	4508	1214
75	4513	1222
75	4517	1258
75	4520	1232
75	4546	1320
75	4565	1390
75	4586	1214
75	4591	1222
75	4595	1258
75	4598	1232
75	4624	1320
75	4643	1390
75	4664	1214
75	4669	1222
75	4673	1258
75	4676	1232
75	4702	1320
75	4721	1390
75	4742	1214
75	4747	1222
75	4751	1258
75	4754	1232
75	4780	1320
75	4799	1390
75	4820	1214
75	4825	1222
75	4829	1258
75	4832	1232
75	4858	1320
75	4877	1390
75	4898	1214
75	4903	1222
75	4907	1258
75	4910	1232
75	4936	1320
75	4955	1390
75	4976	1214
75	4981	1222
75	4985	1258
75	4988	1232
75	5014	1320
75	5033	1390
75	5054	1214
75	5059	1222
75	5063	1258
75	5066	1232
75	5092	1320
75	5111	1390
75	5132	1214
75	5137	1222
75	5141	1258
75	5144	1232
75	5170	1320
75	5189	1390
75	5210	1214
75	5215	1222
75	5219	1258
75	5222	1232
75	5248	1320
75	5267	1390
75	5288	1214
75	5293	1222
75	5297	1258
75	5300	1232
75	5326	1320
75	5345	1390
75	5366	1214
75	5371	1222
75	5375	1258
75	5378	1232
75	5404	1320
75	5423	1390
75	5444	1214
75	5449	1222
75	5453	1258
75	5456	1232
75	5482	1320
75	5501	1390
75	5522	1214
75	5527	1222
75	5531	1258
75	5534	1232
75	5560	1320
75	5579	1390
75	5600	1214
75	5605	1222
75	5609	1258
75	5612	1232
75	5638	1320
75	5657	1390
75	5678	1214
75	5683	1222
75	5687	1258
75	5690	1232
75	5716	1320
75	5735	1390
75	5756	1214
75	5761	1222
75	5765	1258
75	5768	1232
75	5794	1320
75	5813	1390
75	5834	1214
75	5839	1222
75	5843	1258
75	5846	1232
75	5872	1320
75	5891	1390
75	5912	1214
75	5917	1222
75	5921	1258
75	5924	1232
75	5950	1320
75	5969	1390
75	5990	1214
75	5995	1222
75	5999	1258
75	6002	1232
75	6028	1320
75	6047	1390
75	6068	1214
75	6073	1222
75	6077	1258
75	6080	1232
76	62	1248
76	67	1354
76	140	1248
76	145	1354
76	218	1248
76	223	1354
76	296	1248
76	301	1354
76	374	1248
76	379	1354
76	452	1248
76	457	1354
76	530	1248
76	535	1354
76	608	1248
76	613	1354
76	686	1248
76	691	1354
76	764	1248
76	769	1354
76	842	1248
76	847	1354
76	920	1248
76	925	1354
76	998	1248
76	1003	1354
76	1076	1248
76	1081	1354
76	1154	1248
76	1159	1354
76	1232	1248
76	1237	1354
76	1310	1248
76	1315	1354
76	1388	1248
76	1393	1354
76	1466	1248
76	1471	1354
76	1544	1248
76	1549	1354
76	1622	1248
76	1627	1354
76	1700	1248
76	1705	1354
76	1778	1248
76	1783	1354
76	1856	1248
76	1861	1354
76	1934	1248
76	1939	1354
76	2012	1248
76	2017	1354
76	2090	1248
76	2095	1354
76	2168	1248
76	2173	1354
76	2246	1248
76	2251	1354
76	2324	1248
76	2329	1354
76	2402	1248
76	2407	1354
76	2480	1248
76	2485	1354
76	2558	1248
76	2563	1354
76	2636	1248
76	2641	1354
76	2714	1248
76	2719	1354
76	2792	1248
76	2797	1354
76	2870	1248
76	2875	1354
76	2948	1248
76	2953	1354
76	3026	1248
76	3031	1354
76	3104	1248
76	3109	1354
76	3182	1248
76	3187	1354
76	3260	1248
76	3265	1354
76	3338	1248
76	3343	1354
76	3416	1248
76	3421	1354
76	3494	1248
76	3499	1354
76	3572	1248
76	3577	1354
76	3650	1248
76	3655	1354
76	3728	1248
76	3733	1354
76	3806	1248
76	3811	1354
76	3884	1248
76	3889	1354
76	3962	1248
76	3967	1354
76	4040	1248
76	4045	1354
76	4118	1248
76	4123	1354
76	4196	1248
76	4201	1354
76	4274	1248
76	4279	1354
76	4352	1248
76	4357	1354
76	4430	1248
76	4435	1354
76	4508	1248
76	4513	1354
76	4586	1248
76	4591	1354
76	4664	1248
76	4669	1354
76	4742	1248
76	4747	1354
76	4820	1248
76	4825	1354
76	4898	1248
76	4903	1354
76	4976	1248
76	4981	1354
76	5054	1248
76	5059	1354
76	5132	1248
76	5137	1354
76	5210	1248
76	5215	1354
76	5288	1248
76	5293	1354
76	5366	1248
76	5371	1354
76	5444	1248
76	5449	1354
76	5522	1248
76	5527	1354
76	5600	1248
76	5605	1354
76	5678	1248
76	5683	1354
76	5756	1248
76	5761	1354
76	5834	1248
76	5839	1354
76	5912	1248
76	5917	1354
76	5990	1248
76	5995	1354
76	6068	1248
76	6073	1354
77	41	1274
77	62	1248
77	67	1354
77	119	1274
77	140	1248
77	145	1354
77	197	1274
77	218	1248
77	223	1354
77	275	1274
77	296	1248
77	301	1354
77	353	1274
77	374	1248
77	379	1354
77	431	1274
77	452	1248
77	457	1354
77	509	1274
77	530	1248
77	535	1354
77	587	1274
77	608	1248
77	613	1354
77	665	1274
77	686	1248
77	691	1354
77	743	1274
77	764	1248
77	769	1354
77	821	1274
77	842	1248
77	847	1354
77	899	1274
77	920	1248
77	925	1354
77	977	1274
77	998	1248
77	1003	1354
77	1055	1274
77	1076	1248
77	1081	1354
77	1133	1274
77	1154	1248
77	1159	1354
77	1211	1274
77	1232	1248
77	1237	1354
77	1289	1274
77	1310	1248
77	1315	1354
77	1367	1274
77	1388	1248
77	1393	1354
77	1445	1274
77	1466	1248
77	1471	1354
77	1523	1274
77	1544	1248
77	1549	1354
77	1601	1274
77	1622	1248
77	1627	1354
77	1679	1274
77	1700	1248
77	1705	1354
77	1757	1274
77	1778	1248
77	1783	1354
77	1835	1274
77	1856	1248
77	1861	1354
77	1913	1274
77	1934	1248
77	1939	1354
77	1991	1274
77	2012	1248
77	2017	1354
77	2069	1274
77	2090	1248
77	2095	1354
77	2147	1274
77	2168	1248
77	2173	1354
77	2225	1274
77	2246	1248
77	2251	1354
77	2303	1274
77	2324	1248
77	2329	1354
77	2381	1274
77	2402	1248
77	2407	1354
77	2459	1274
77	2480	1248
77	2485	1354
77	2537	1274
77	2558	1248
77	2563	1354
77	2615	1274
77	2636	1248
77	2641	1354
77	2693	1274
77	2714	1248
77	2719	1354
77	2771	1274
77	2792	1248
77	2797	1354
77	2849	1274
77	2870	1248
77	2875	1354
77	2927	1274
77	2948	1248
77	2953	1354
77	3005	1274
77	3026	1248
77	3031	1354
77	3083	1274
77	3104	1248
77	3109	1354
77	3161	1274
77	3182	1248
77	3187	1354
77	3239	1274
77	3260	1248
77	3265	1354
77	3317	1274
77	3338	1248
77	3343	1354
77	3395	1274
77	3416	1248
77	3421	1354
77	3473	1274
77	3494	1248
77	3499	1354
77	3551	1274
77	3572	1248
77	3577	1354
77	3629	1274
77	3650	1248
77	3655	1354
77	3707	1274
77	3728	1248
77	3733	1354
77	3785	1274
77	3806	1248
77	3811	1354
77	3863	1274
77	3884	1248
77	3889	1354
77	3941	1274
77	3962	1248
77	3967	1354
77	4019	1274
77	4040	1248
77	4045	1354
77	4097	1274
77	4118	1248
77	4123	1354
77	4175	1274
77	4196	1248
77	4201	1354
77	4253	1274
77	4274	1248
77	4279	1354
77	4331	1274
77	4352	1248
77	4357	1354
77	4409	1274
77	4430	1248
77	4435	1354
77	4487	1274
77	4508	1248
77	4513	1354
77	4565	1274
77	4586	1248
77	4591	1354
77	4643	1274
77	4664	1248
77	4669	1354
77	4721	1274
77	4742	1248
77	4747	1354
77	4799	1274
77	4820	1248
77	4825	1354
77	4877	1274
77	4898	1248
77	4903	1354
77	4955	1274
77	4976	1248
77	4981	1354
77	5033	1274
77	5054	1248
77	5059	1354
77	5111	1274
77	5132	1248
77	5137	1354
77	5189	1274
77	5210	1248
77	5215	1354
77	5267	1274
77	5288	1248
77	5293	1354
77	5345	1274
77	5366	1248
77	5371	1354
77	5423	1274
77	5444	1248
77	5449	1354
77	5501	1274
77	5522	1248
77	5527	1354
77	5579	1274
77	5600	1248
77	5605	1354
77	5657	1274
77	5678	1248
77	5683	1354
77	5735	1274
77	5756	1248
77	5761	1354
77	5813	1274
77	5834	1248
77	5839	1354
77	5891	1274
77	5912	1248
77	5917	1354
77	5969	1274
77	5990	1248
77	5995	1354
77	6047	1274
77	6068	1248
77	6073	1354
78	11	1440
78	56	1296
78	74	1304
78	89	1440
78	134	1296
78	152	1304
78	167	1440
78	212	1296
78	230	1304
78	245	1440
78	290	1296
78	308	1304
78	323	1440
78	368	1296
78	386	1304
78	401	1440
78	446	1296
78	464	1304
78	479	1440
78	524	1296
78	542	1304
78	557	1440
78	602	1296
78	620	1304
78	635	1440
78	680	1296
78	698	1304
78	713	1440
78	758	1296
78	776	1304
78	791	1440
78	836	1296
78	854	1304
78	869	1440
78	914	1296
78	932	1304
78	947	1440
78	992	1296
78	1010	1304
78	1025	1440
78	1070	1296
78	1088	1304
78	1103	1440
78	1148	1296
78	1166	1304
78	1181	1440
78	1226	1296
78	1244	1304
78	1259	1440
78	1304	1296
78	1322	1304
78	1337	1440
78	1382	1296
78	1400	1304
78	1415	1440
78	1460	1296
78	1478	1304
78	1493	1440
78	1538	1296
78	1556	1304
78	1571	1440
78	1616	1296
78	1634	1304
78	1649	1440
78	1694	1296
78	1712	1304
78	1727	1440
78	1772	1296
78	1790	1304
78	1805	1440
78	1850	1296
78	1868	1304
78	1883	1440
78	1928	1296
78	1946	1304
78	1961	1440
78	2006	1296
78	2024	1304
78	2039	1440
78	2084	1296
78	2102	1304
78	2117	1440
78	2162	1296
78	2180	1304
78	2195	1440
78	2240	1296
78	2258	1304
78	2273	1440
78	2318	1296
78	2336	1304
78	2351	1440
78	2396	1296
78	2414	1304
78	2429	1440
78	2474	1296
78	2492	1304
78	2507	1440
78	2552	1296
78	2570	1304
78	2585	1440
78	2630	1296
78	2648	1304
78	2663	1440
78	2708	1296
78	2726	1304
78	2741	1440
78	2786	1296
78	2804	1304
78	2819	1440
78	2864	1296
78	2882	1304
78	2897	1440
78	2942	1296
78	2960	1304
78	2975	1440
78	3020	1296
78	3038	1304
78	3053	1440
78	3098	1296
78	3116	1304
78	3131	1440
78	3176	1296
78	3194	1304
78	3209	1440
78	3254	1296
78	3272	1304
78	3287	1440
78	3332	1296
78	3350	1304
78	3365	1440
78	3410	1296
78	3428	1304
78	3443	1440
78	3488	1296
78	3506	1304
78	3521	1440
78	3566	1296
78	3584	1304
78	3599	1440
78	3644	1296
78	3662	1304
78	3677	1440
78	3722	1296
78	3740	1304
78	3755	1440
78	3800	1296
78	3818	1304
78	3833	1440
78	3878	1296
78	3896	1304
78	3911	1440
78	3956	1296
78	3974	1304
78	3989	1440
78	4034	1296
78	4052	1304
78	4067	1440
78	4112	1296
78	4130	1304
78	4145	1440
78	4190	1296
78	4208	1304
78	4223	1440
78	4268	1296
78	4286	1304
78	4301	1440
78	4346	1296
78	4364	1304
78	4379	1440
78	4424	1296
78	4442	1304
78	4457	1440
78	4502	1296
78	4520	1304
78	4535	1440
78	4580	1296
78	4598	1304
78	4613	1440
78	4658	1296
78	4676	1304
78	4691	1440
78	4736	1296
78	4754	1304
78	4769	1440
78	4814	1296
78	4832	1304
78	4847	1440
78	4892	1296
78	4910	1304
78	4925	1440
78	4970	1296
78	4988	1304
78	5003	1440
78	5048	1296
78	5066	1304
78	5081	1440
78	5126	1296
78	5144	1304
78	5159	1440
78	5204	1296
78	5222	1304
78	5237	1440
78	5282	1296
78	5300	1304
78	5315	1440
78	5360	1296
78	5378	1304
78	5393	1440
78	5438	1296
78	5456	1304
78	5471	1440
78	5516	1296
78	5534	1304
78	5549	1440
78	5594	1296
78	5612	1304
78	5627	1440
78	5672	1296
78	5690	1304
78	5705	1440
78	5750	1296
78	5768	1304
78	5783	1440
78	5828	1296
78	5846	1304
78	5861	1440
78	5906	1296
78	5924	1304
78	5939	1440
78	5984	1296
78	6002	1304
78	6017	1440
78	6062	1296
78	6080	1304
79	11	1440
79	56	1296
79	89	1440
79	134	1296
79	167	1440
79	212	1296
79	245	1440
79	290	1296
79	323	1440
79	368	1296
79	401	1440
79	446	1296
79	479	1440
79	524	1296
79	557	1440
79	602	1296
79	635	1440
79	680	1296
79	713	1440
79	758	1296
79	791	1440
79	836	1296
79	869	1440
79	914	1296
79	947	1440
79	992	1296
79	1025	1440
79	1070	1296
79	1103	1440
79	1148	1296
79	1181	1440
79	1226	1296
79	1259	1440
79	1304	1296
79	1337	1440
79	1382	1296
79	1415	1440
79	1460	1296
79	1493	1440
79	1538	1296
79	1571	1440
79	1616	1296
79	1649	1440
79	1694	1296
79	1727	1440
79	1772	1296
79	1805	1440
79	1850	1296
79	1883	1440
79	1928	1296
79	1961	1440
79	2006	1296
79	2039	1440
79	2084	1296
79	2117	1440
79	2162	1296
79	2195	1440
79	2240	1296
79	2273	1440
79	2318	1296
79	2351	1440
79	2396	1296
79	2429	1440
79	2474	1296
79	2507	1440
79	2552	1296
79	2585	1440
79	2630	1296
79	2663	1440
79	2708	1296
79	2741	1440
79	2786	1296
79	2819	1440
79	2864	1296
79	2897	1440
79	2942	1296
79	2975	1440
79	3020	1296
79	3053	1440
79	3098	1296
79	3131	1440
79	3176	1296
79	3209	1440
79	3254	1296
79	3287	1440
79	3332	1296
79	3365	1440
79	3410	1296
79	3443	1440
79	3488	1296
79	3521	1440
79	3566	1296
79	3599	1440
79	3644	1296
79	3677	1440
79	3722	1296
79	3755	1440
79	3800	1296
79	3833	1440
79	3878	1296
79	3911	1440
79	3956	1296
79	3989	1440
79	4034	1296
79	4067	1440
79	4112	1296
79	4145	1440
79	4190	1296
79	4223	1440
79	4268	1296
79	4301	1440
79	4346	1296
79	4379	1440
79	4424	1296
79	4457	1440
79	4502	1296
79	4535	1440
79	4580	1296
79	4613	1440
79	4658	1296
79	4691	1440
79	4736	1296
79	4769	1440
79	4814	1296
79	4847	1440
79	4892	1296
79	4925	1440
79	4970	1296
79	5003	1440
79	5048	1296
79	5081	1440
79	5126	1296
79	5159	1440
79	5204	1296
79	5237	1440
79	5282	1296
79	5315	1440
79	5360	1296
79	5393	1440
79	5438	1296
79	5471	1440
79	5516	1296
79	5549	1440
79	5594	1296
79	5627	1440
79	5672	1296
79	5705	1440
79	5750	1296
79	5783	1440
79	5828	1296
79	5861	1440
79	5906	1296
79	5939	1440
79	5984	1296
79	6017	1440
79	6062	1296
80	11	1538
80	32	1316
80	41	1362
80	62	1270
80	67	1390
80	76	1354
80	89	1538
80	110	1316
80	119	1362
80	140	1270
80	145	1390
80	154	1354
80	167	1538
80	188	1316
80	197	1362
80	218	1270
80	223	1390
80	232	1354
80	245	1538
80	266	1316
80	275	1362
80	296	1270
80	301	1390
80	310	1354
80	323	1538
80	344	1316
80	353	1362
80	374	1270
80	379	1390
80	388	1354
80	401	1538
80	422	1316
80	431	1362
80	452	1270
80	457	1390
80	466	1354
80	479	1538
80	500	1316
80	509	1362
80	530	1270
80	535	1390
80	544	1354
80	557	1538
80	578	1316
80	587	1362
80	608	1270
80	613	1390
80	622	1354
80	635	1538
80	656	1316
80	665	1362
80	686	1270
80	691	1390
80	700	1354
80	713	1538
80	734	1316
80	743	1362
80	764	1270
80	769	1390
80	778	1354
80	791	1538
80	812	1316
80	821	1362
80	842	1270
80	847	1390
80	856	1354
80	869	1538
80	890	1316
80	899	1362
80	920	1270
80	925	1390
80	934	1354
80	947	1538
80	968	1316
80	977	1362
80	998	1270
80	1003	1390
80	1012	1354
80	1025	1538
80	1046	1316
80	1055	1362
80	1076	1270
80	1081	1390
80	1090	1354
80	1103	1538
80	1124	1316
80	1133	1362
80	1154	1270
80	1159	1390
80	1168	1354
80	1181	1538
80	1202	1316
80	1211	1362
80	1232	1270
80	1237	1390
80	1246	1354
80	1259	1538
80	1280	1316
80	1289	1362
80	1310	1270
80	1315	1390
80	1324	1354
80	1337	1538
80	1358	1316
80	1367	1362
80	1388	1270
80	1393	1390
80	1402	1354
80	1415	1538
80	1436	1316
80	1445	1362
80	1466	1270
80	1471	1390
80	1480	1354
80	1493	1538
80	1514	1316
80	1523	1362
80	1544	1270
80	1549	1390
80	1558	1354
80	1571	1538
80	1592	1316
80	1601	1362
80	1622	1270
80	1627	1390
80	1636	1354
80	1649	1538
80	1670	1316
80	1679	1362
80	1700	1270
80	1705	1390
80	1714	1354
80	1727	1538
80	1748	1316
80	1757	1362
80	1778	1270
80	1783	1390
80	1792	1354
80	1805	1538
80	1826	1316
80	1835	1362
80	1856	1270
80	1861	1390
80	1870	1354
80	1883	1538
80	1904	1316
80	1913	1362
80	1934	1270
80	1939	1390
80	1948	1354
80	1961	1538
80	1982	1316
80	1991	1362
80	2012	1270
80	2017	1390
80	2026	1354
80	2039	1538
80	2060	1316
80	2069	1362
80	2090	1270
80	2095	1390
80	2104	1354
80	2117	1538
80	2138	1316
80	2147	1362
80	2168	1270
80	2173	1390
80	2182	1354
80	2195	1538
80	2216	1316
80	2225	1362
80	2246	1270
80	2251	1390
80	2260	1354
80	2273	1538
80	2294	1316
80	2303	1362
80	2324	1270
80	2329	1390
80	2338	1354
80	2351	1538
80	2372	1316
80	2381	1362
80	2402	1270
80	2407	1390
80	2416	1354
80	2429	1538
80	2450	1316
80	2459	1362
80	2480	1270
80	2485	1390
80	2494	1354
80	2507	1538
80	2528	1316
80	2537	1362
80	2558	1270
80	2563	1390
80	2572	1354
80	2585	1538
80	2606	1316
80	2615	1362
80	2636	1270
80	2641	1390
80	2650	1354
80	2663	1538
80	2684	1316
80	2693	1362
80	2714	1270
80	2719	1390
80	2728	1354
80	2741	1538
80	2762	1316
80	2771	1362
80	2792	1270
80	2797	1390
80	2806	1354
80	2819	1538
80	2840	1316
80	2849	1362
80	2870	1270
80	2875	1390
80	2884	1354
80	2897	1538
80	2918	1316
80	2927	1362
80	2948	1270
80	2953	1390
80	2962	1354
80	2975	1538
80	2996	1316
80	3005	1362
80	3026	1270
80	3031	1390
80	3040	1354
80	3053	1538
80	3074	1316
80	3083	1362
80	3104	1270
80	3109	1390
80	3118	1354
80	3131	1538
80	3152	1316
80	3161	1362
80	3182	1270
80	3187	1390
80	3196	1354
80	3209	1538
80	3230	1316
80	3239	1362
80	3260	1270
80	3265	1390
80	3274	1354
80	3287	1538
80	3308	1316
80	3317	1362
80	3338	1270
80	3343	1390
80	3352	1354
80	3365	1538
80	3386	1316
80	3395	1362
80	3416	1270
80	3421	1390
80	3430	1354
80	3443	1538
80	3464	1316
80	3473	1362
80	3494	1270
80	3499	1390
80	3508	1354
80	3521	1538
80	3542	1316
80	3551	1362
80	3572	1270
80	3577	1390
80	3586	1354
80	3599	1538
80	3620	1316
80	3629	1362
80	3650	1270
80	3655	1390
80	3664	1354
80	3677	1538
80	3698	1316
80	3707	1362
80	3728	1270
80	3733	1390
80	3742	1354
80	3755	1538
80	3776	1316
80	3785	1362
80	3806	1270
80	3811	1390
80	3820	1354
80	3833	1538
80	3854	1316
80	3863	1362
80	3884	1270
80	3889	1390
80	3898	1354
80	3911	1538
80	3932	1316
80	3941	1362
80	3962	1270
80	3967	1390
80	3976	1354
80	3989	1538
80	4010	1316
80	4019	1362
80	4040	1270
80	4045	1390
80	4054	1354
80	4067	1538
80	4088	1316
80	4097	1362
80	4118	1270
80	4123	1390
80	4132	1354
80	4145	1538
80	4166	1316
80	4175	1362
80	4196	1270
80	4201	1390
80	4210	1354
80	4223	1538
80	4244	1316
80	4253	1362
80	4274	1270
80	4279	1390
80	4288	1354
80	4301	1538
80	4322	1316
80	4331	1362
80	4352	1270
80	4357	1390
80	4366	1354
80	4379	1538
80	4400	1316
80	4409	1362
80	4430	1270
80	4435	1390
80	4444	1354
80	4457	1538
80	4478	1316
80	4487	1362
80	4508	1270
80	4513	1390
80	4522	1354
80	4535	1538
80	4556	1316
80	4565	1362
80	4586	1270
80	4591	1390
80	4600	1354
80	4613	1538
80	4634	1316
80	4643	1362
80	4664	1270
80	4669	1390
80	4678	1354
80	4691	1538
80	4712	1316
80	4721	1362
80	4742	1270
80	4747	1390
80	4756	1354
80	4769	1538
80	4790	1316
80	4799	1362
80	4820	1270
80	4825	1390
80	4834	1354
80	4847	1538
80	4868	1316
80	4877	1362
80	4898	1270
80	4903	1390
80	4912	1354
80	4925	1538
80	4946	1316
80	4955	1362
80	4976	1270
80	4981	1390
80	4990	1354
80	5003	1538
80	5024	1316
80	5033	1362
80	5054	1270
80	5059	1390
80	5068	1354
80	5081	1538
80	5102	1316
80	5111	1362
80	5132	1270
80	5137	1390
80	5146	1354
80	5159	1538
80	5180	1316
80	5189	1362
80	5210	1270
80	5215	1390
80	5224	1354
80	5237	1538
80	5258	1316
80	5267	1362
80	5288	1270
80	5293	1390
80	5302	1354
80	5315	1538
80	5336	1316
80	5345	1362
80	5366	1270
80	5371	1390
80	5380	1354
80	5393	1538
80	5414	1316
80	5423	1362
80	5444	1270
80	5449	1390
80	5458	1354
80	5471	1538
80	5492	1316
80	5501	1362
80	5522	1270
80	5527	1390
80	5536	1354
80	5549	1538
80	5570	1316
80	5579	1362
80	5600	1270
80	5605	1390
80	5614	1354
80	5627	1538
80	5648	1316
80	5657	1362
80	5678	1270
80	5683	1390
80	5692	1354
80	5705	1538
80	5726	1316
80	5735	1362
80	5756	1270
80	5761	1390
80	5770	1354
80	5783	1538
80	5804	1316
80	5813	1362
80	5834	1270
80	5839	1390
80	5848	1354
80	5861	1538
80	5882	1316
80	5891	1362
80	5912	1270
80	5917	1390
80	5926	1354
80	5939	1538
80	5960	1316
80	5969	1362
80	5990	1270
80	5995	1390
80	6004	1354
80	6017	1538
80	6038	1316
80	6047	1362
80	6068	1270
80	6073	1390
80	6082	1354
81	11	1538
81	32	1316
81	41	1362
81	62	1270
81	71	1298
81	76	1354
81	89	1538
81	110	1316
81	119	1362
81	140	1270
81	149	1298
81	154	1354
81	167	1538
81	188	1316
81	197	1362
81	218	1270
81	227	1298
81	232	1354
81	245	1538
81	266	1316
81	275	1362
81	296	1270
81	305	1298
81	310	1354
81	323	1538
81	344	1316
81	353	1362
81	374	1270
81	383	1298
81	388	1354
81	401	1538
81	422	1316
81	431	1362
81	452	1270
81	461	1298
81	466	1354
81	479	1538
81	500	1316
81	509	1362
81	530	1270
81	539	1298
81	544	1354
81	557	1538
81	578	1316
81	587	1362
81	608	1270
81	617	1298
81	622	1354
81	635	1538
81	656	1316
81	665	1362
81	686	1270
81	695	1298
81	700	1354
81	713	1538
81	734	1316
81	743	1362
81	764	1270
81	773	1298
81	778	1354
81	791	1538
81	812	1316
81	821	1362
81	842	1270
81	851	1298
81	856	1354
81	869	1538
81	890	1316
81	899	1362
81	920	1270
81	929	1298
81	934	1354
81	947	1538
81	968	1316
81	977	1362
81	998	1270
81	1007	1298
81	1012	1354
81	1025	1538
81	1046	1316
81	1055	1362
81	1076	1270
81	1085	1298
81	1090	1354
81	1103	1538
81	1124	1316
81	1133	1362
81	1154	1270
81	1163	1298
81	1168	1354
81	1181	1538
81	1202	1316
81	1211	1362
81	1232	1270
81	1241	1298
81	1246	1354
81	1259	1538
81	1280	1316
81	1289	1362
81	1310	1270
81	1319	1298
81	1324	1354
81	1337	1538
81	1358	1316
81	1367	1362
81	1388	1270
81	1397	1298
81	1402	1354
81	1415	1538
81	1436	1316
81	1445	1362
81	1466	1270
81	1475	1298
81	1480	1354
81	1493	1538
81	1514	1316
81	1523	1362
81	1544	1270
81	1553	1298
81	1558	1354
81	1571	1538
81	1592	1316
81	1601	1362
81	1622	1270
81	1631	1298
81	1636	1354
81	1649	1538
81	1670	1316
81	1679	1362
81	1700	1270
81	1709	1298
81	1714	1354
81	1727	1538
81	1748	1316
81	1757	1362
81	1778	1270
81	1787	1298
81	1792	1354
81	1805	1538
81	1826	1316
81	1835	1362
81	1856	1270
81	1865	1298
81	1870	1354
81	1883	1538
81	1904	1316
81	1913	1362
81	1934	1270
81	1943	1298
81	1948	1354
81	1961	1538
81	1982	1316
81	1991	1362
81	2012	1270
81	2021	1298
81	2026	1354
81	2039	1538
81	2060	1316
81	2069	1362
81	2090	1270
81	2099	1298
81	2104	1354
81	2117	1538
81	2138	1316
81	2147	1362
81	2168	1270
81	2177	1298
81	2182	1354
81	2195	1538
81	2216	1316
81	2225	1362
81	2246	1270
81	2255	1298
81	2260	1354
81	2273	1538
81	2294	1316
81	2303	1362
81	2324	1270
81	2333	1298
81	2338	1354
81	2351	1538
81	2372	1316
81	2381	1362
81	2402	1270
81	2411	1298
81	2416	1354
81	2429	1538
81	2450	1316
81	2459	1362
81	2480	1270
81	2489	1298
81	2494	1354
81	2507	1538
81	2528	1316
81	2537	1362
81	2558	1270
81	2567	1298
81	2572	1354
81	2585	1538
81	2606	1316
81	2615	1362
81	2636	1270
81	2645	1298
81	2650	1354
81	2663	1538
81	2684	1316
81	2693	1362
81	2714	1270
81	2723	1298
81	2728	1354
81	2741	1538
81	2762	1316
81	2771	1362
81	2792	1270
81	2801	1298
81	2806	1354
81	2819	1538
81	2840	1316
81	2849	1362
81	2870	1270
81	2879	1298
81	2884	1354
81	2897	1538
81	2918	1316
81	2927	1362
81	2948	1270
81	2957	1298
81	2962	1354
81	2975	1538
81	2996	1316
81	3005	1362
81	3026	1270
81	3035	1298
81	3040	1354
81	3053	1538
81	3074	1316
81	3083	1362
81	3104	1270
81	3113	1298
81	3118	1354
81	3131	1538
81	3152	1316
81	3161	1362
81	3182	1270
81	3191	1298
81	3196	1354
81	3209	1538
81	3230	1316
81	3239	1362
81	3260	1270
81	3269	1298
81	3274	1354
81	3287	1538
81	3308	1316
81	3317	1362
81	3338	1270
81	3347	1298
81	3352	1354
81	3365	1538
81	3386	1316
81	3395	1362
81	3416	1270
81	3425	1298
81	3430	1354
81	3443	1538
81	3464	1316
81	3473	1362
81	3494	1270
81	3503	1298
81	3508	1354
81	3521	1538
81	3542	1316
81	3551	1362
81	3572	1270
81	3581	1298
81	3586	1354
81	3599	1538
81	3620	1316
81	3629	1362
81	3650	1270
81	3659	1298
81	3664	1354
81	3677	1538
81	3698	1316
81	3707	1362
81	3728	1270
81	3737	1298
81	3742	1354
81	3755	1538
81	3776	1316
81	3785	1362
81	3806	1270
81	3815	1298
81	3820	1354
81	3833	1538
81	3854	1316
81	3863	1362
81	3884	1270
81	3893	1298
81	3898	1354
81	3911	1538
81	3932	1316
81	3941	1362
81	3962	1270
81	3971	1298
81	3976	1354
81	3989	1538
81	4010	1316
81	4019	1362
81	4040	1270
81	4049	1298
81	4054	1354
81	4067	1538
81	4088	1316
81	4097	1362
81	4118	1270
81	4127	1298
81	4132	1354
81	4145	1538
81	4166	1316
81	4175	1362
81	4196	1270
81	4205	1298
81	4210	1354
81	4223	1538
81	4244	1316
81	4253	1362
81	4274	1270
81	4283	1298
81	4288	1354
81	4301	1538
81	4322	1316
81	4331	1362
81	4352	1270
81	4361	1298
81	4366	1354
81	4379	1538
81	4400	1316
81	4409	1362
81	4430	1270
81	4439	1298
81	4444	1354
81	4457	1538
81	4478	1316
81	4487	1362
81	4508	1270
81	4517	1298
81	4522	1354
81	4535	1538
81	4556	1316
81	4565	1362
81	4586	1270
81	4595	1298
81	4600	1354
81	4613	1538
81	4634	1316
81	4643	1362
81	4664	1270
81	4673	1298
81	4678	1354
81	4691	1538
81	4712	1316
81	4721	1362
81	4742	1270
81	4751	1298
81	4756	1354
81	4769	1538
81	4790	1316
81	4799	1362
81	4820	1270
81	4829	1298
81	4834	1354
81	4847	1538
81	4868	1316
81	4877	1362
81	4898	1270
81	4907	1298
81	4912	1354
81	4925	1538
81	4946	1316
81	4955	1362
81	4976	1270
81	4985	1298
81	4990	1354
81	5003	1538
81	5024	1316
81	5033	1362
81	5054	1270
81	5063	1298
81	5068	1354
81	5081	1538
81	5102	1316
81	5111	1362
81	5132	1270
81	5141	1298
81	5146	1354
81	5159	1538
81	5180	1316
81	5189	1362
81	5210	1270
81	5219	1298
81	5224	1354
81	5237	1538
81	5258	1316
81	5267	1362
81	5288	1270
81	5297	1298
81	5302	1354
81	5315	1538
81	5336	1316
81	5345	1362
81	5366	1270
81	5375	1298
81	5380	1354
81	5393	1538
81	5414	1316
81	5423	1362
81	5444	1270
81	5453	1298
81	5458	1354
81	5471	1538
81	5492	1316
81	5501	1362
81	5522	1270
81	5531	1298
81	5536	1354
81	5549	1538
81	5570	1316
81	5579	1362
81	5600	1270
81	5609	1298
81	5614	1354
81	5627	1538
81	5648	1316
81	5657	1362
81	5678	1270
81	5687	1298
81	5692	1354
81	5705	1538
81	5726	1316
81	5735	1362
81	5756	1270
81	5765	1298
81	5770	1354
81	5783	1538
81	5804	1316
81	5813	1362
81	5834	1270
81	5843	1298
81	5848	1354
81	5861	1538
81	5882	1316
81	5891	1362
81	5912	1270
81	5921	1298
81	5926	1354
81	5939	1538
81	5960	1316
81	5969	1362
81	5990	1270
81	5999	1298
81	6004	1354
81	6017	1538
81	6038	1316
81	6047	1362
81	6068	1270
81	6077	1298
81	6082	1354
82	11	1538
82	41	1362
82	62	1270
82	74	1354
82	89	1538
82	119	1362
82	140	1270
82	152	1354
82	167	1538
82	197	1362
82	218	1270
82	230	1354
82	245	1538
82	275	1362
82	296	1270
82	308	1354
82	323	1538
82	353	1362
82	374	1270
82	386	1354
82	401	1538
82	431	1362
82	452	1270
82	464	1354
82	479	1538
82	509	1362
82	530	1270
82	542	1354
82	557	1538
82	587	1362
82	608	1270
82	620	1354
82	635	1538
82	665	1362
82	686	1270
82	698	1354
82	713	1538
82	743	1362
82	764	1270
82	776	1354
82	791	1538
82	821	1362
82	842	1270
82	854	1354
82	869	1538
82	899	1362
82	920	1270
82	932	1354
82	947	1538
82	977	1362
82	998	1270
82	1010	1354
82	1025	1538
82	1055	1362
82	1076	1270
82	1088	1354
82	1103	1538
82	1133	1362
82	1154	1270
82	1166	1354
82	1181	1538
82	1211	1362
82	1232	1270
82	1244	1354
82	1259	1538
82	1289	1362
82	1310	1270
82	1322	1354
82	1337	1538
82	1367	1362
82	1388	1270
82	1400	1354
82	1415	1538
82	1445	1362
82	1466	1270
82	1478	1354
82	1493	1538
82	1523	1362
82	1544	1270
82	1556	1354
82	1571	1538
82	1601	1362
82	1622	1270
82	1634	1354
82	1649	1538
82	1679	1362
82	1700	1270
82	1712	1354
82	1727	1538
82	1757	1362
82	1778	1270
82	1790	1354
82	1805	1538
82	1835	1362
82	1856	1270
82	1868	1354
82	1883	1538
82	1913	1362
82	1934	1270
82	1946	1354
82	1961	1538
82	1991	1362
82	2012	1270
82	2024	1354
82	2039	1538
82	2069	1362
82	2090	1270
82	2102	1354
82	2117	1538
82	2147	1362
82	2168	1270
82	2180	1354
82	2195	1538
82	2225	1362
82	2246	1270
82	2258	1354
82	2273	1538
82	2303	1362
82	2324	1270
82	2336	1354
82	2351	1538
82	2381	1362
82	2402	1270
82	2414	1354
82	2429	1538
82	2459	1362
82	2480	1270
82	2492	1354
82	2507	1538
82	2537	1362
82	2558	1270
82	2570	1354
82	2585	1538
82	2615	1362
82	2636	1270
82	2648	1354
82	2663	1538
82	2693	1362
82	2714	1270
82	2726	1354
82	2741	1538
82	2771	1362
82	2792	1270
82	2804	1354
82	2819	1538
82	2849	1362
82	2870	1270
82	2882	1354
82	2897	1538
82	2927	1362
82	2948	1270
82	2960	1354
82	2975	1538
82	3005	1362
82	3026	1270
82	3038	1354
82	3053	1538
82	3083	1362
82	3104	1270
82	3116	1354
82	3131	1538
82	3161	1362
82	3182	1270
82	3194	1354
82	3209	1538
82	3239	1362
82	3260	1270
82	3272	1354
82	3287	1538
82	3317	1362
82	3338	1270
82	3350	1354
82	3365	1538
82	3395	1362
82	3416	1270
82	3428	1354
82	3443	1538
82	3473	1362
82	3494	1270
82	3506	1354
82	3521	1538
82	3551	1362
82	3572	1270
82	3584	1354
82	3599	1538
82	3629	1362
82	3650	1270
82	3662	1354
82	3677	1538
82	3707	1362
82	3728	1270
82	3740	1354
82	3755	1538
82	3785	1362
82	3806	1270
82	3818	1354
82	3833	1538
82	3863	1362
82	3884	1270
82	3896	1354
82	3911	1538
82	3941	1362
82	3962	1270
82	3974	1354
82	3989	1538
82	4019	1362
82	4040	1270
82	4052	1354
82	4067	1538
82	4097	1362
82	4118	1270
82	4130	1354
82	4145	1538
82	4175	1362
82	4196	1270
82	4208	1354
82	4223	1538
82	4253	1362
82	4274	1270
82	4286	1354
82	4301	1538
82	4331	1362
82	4352	1270
82	4364	1354
82	4379	1538
82	4409	1362
82	4430	1270
82	4442	1354
82	4457	1538
82	4487	1362
82	4508	1270
82	4520	1354
82	4535	1538
82	4565	1362
82	4586	1270
82	4598	1354
82	4613	1538
82	4643	1362
82	4664	1270
82	4676	1354
82	4691	1538
82	4721	1362
82	4742	1270
82	4754	1354
82	4769	1538
82	4799	1362
82	4820	1270
82	4832	1354
82	4847	1538
82	4877	1362
82	4898	1270
82	4910	1354
82	4925	1538
82	4955	1362
82	4976	1270
82	4988	1354
82	5003	1538
82	5033	1362
82	5054	1270
82	5066	1354
82	5081	1538
82	5111	1362
82	5132	1270
82	5144	1354
82	5159	1538
82	5189	1362
82	5210	1270
82	5222	1354
82	5237	1538
82	5267	1362
82	5288	1270
82	5300	1354
82	5315	1538
82	5345	1362
82	5366	1270
82	5378	1354
82	5393	1538
82	5423	1362
82	5444	1270
82	5456	1354
82	5471	1538
82	5501	1362
82	5522	1270
82	5534	1354
82	5549	1538
82	5579	1362
82	5600	1270
82	5612	1354
82	5627	1538
82	5657	1362
82	5678	1270
82	5690	1354
82	5705	1538
82	5735	1362
82	5756	1270
82	5768	1354
82	5783	1538
82	5813	1362
82	5834	1270
82	5846	1354
82	5861	1538
82	5891	1362
82	5912	1270
82	5924	1354
82	5939	1538
82	5969	1362
82	5990	1270
82	6002	1354
82	6017	1538
82	6047	1362
82	6068	1270
82	6080	1354
83	11	1538
83	32	1316
83	41	1362
83	62	1270
83	74	1354
83	76	1390
83	89	1538
83	110	1316
83	119	1362
83	140	1270
83	152	1354
83	154	1390
83	167	1538
83	188	1316
83	197	1362
83	218	1270
83	230	1354
83	232	1390
83	245	1538
83	266	1316
83	275	1362
83	296	1270
83	308	1354
83	310	1390
83	323	1538
83	344	1316
83	353	1362
83	374	1270
83	386	1354
83	388	1390
83	401	1538
83	422	1316
83	431	1362
83	452	1270
83	464	1354
83	466	1390
83	479	1538
83	500	1316
83	509	1362
83	530	1270
83	542	1354
83	544	1390
83	557	1538
83	578	1316
83	587	1362
83	608	1270
83	620	1354
83	622	1390
83	635	1538
83	656	1316
83	665	1362
83	686	1270
83	698	1354
83	700	1390
83	713	1538
83	734	1316
83	743	1362
83	764	1270
83	776	1354
83	778	1390
83	791	1538
83	812	1316
83	821	1362
83	842	1270
83	854	1354
83	856	1390
83	869	1538
83	890	1316
83	899	1362
83	920	1270
83	932	1354
83	934	1390
83	947	1538
83	968	1316
83	977	1362
83	998	1270
83	1010	1354
83	1012	1390
83	1025	1538
83	1046	1316
83	1055	1362
83	1076	1270
83	1088	1354
83	1090	1390
83	1103	1538
83	1124	1316
83	1133	1362
83	1154	1270
83	1166	1354
83	1168	1390
83	1181	1538
83	1202	1316
83	1211	1362
83	1232	1270
83	1244	1354
83	1246	1390
83	1259	1538
83	1280	1316
83	1289	1362
83	1310	1270
83	1322	1354
83	1324	1390
83	1337	1538
83	1358	1316
83	1367	1362
83	1388	1270
83	1400	1354
83	1402	1390
83	1415	1538
83	1436	1316
83	1445	1362
83	1466	1270
83	1478	1354
83	1480	1390
83	1493	1538
83	1514	1316
83	1523	1362
83	1544	1270
83	1556	1354
83	1558	1390
83	1571	1538
83	1592	1316
83	1601	1362
83	1622	1270
83	1634	1354
83	1636	1390
83	1649	1538
83	1670	1316
83	1679	1362
83	1700	1270
83	1712	1354
83	1714	1390
83	1727	1538
83	1748	1316
83	1757	1362
83	1778	1270
83	1790	1354
83	1792	1390
83	1805	1538
83	1826	1316
83	1835	1362
83	1856	1270
83	1868	1354
83	1870	1390
83	1883	1538
83	1904	1316
83	1913	1362
83	1934	1270
83	1946	1354
83	1948	1390
83	1961	1538
83	1982	1316
83	1991	1362
83	2012	1270
83	2024	1354
83	2026	1390
83	2039	1538
83	2060	1316
83	2069	1362
83	2090	1270
83	2102	1354
83	2104	1390
83	2117	1538
83	2138	1316
83	2147	1362
83	2168	1270
83	2180	1354
83	2182	1390
83	2195	1538
83	2216	1316
83	2225	1362
83	2246	1270
83	2258	1354
83	2260	1390
83	2273	1538
83	2294	1316
83	2303	1362
83	2324	1270
83	2336	1354
83	2338	1390
83	2351	1538
83	2372	1316
83	2381	1362
83	2402	1270
83	2414	1354
83	2416	1390
83	2429	1538
83	2450	1316
83	2459	1362
83	2480	1270
83	2492	1354
83	2494	1390
83	2507	1538
83	2528	1316
83	2537	1362
83	2558	1270
83	2570	1354
83	2572	1390
83	2585	1538
83	2606	1316
83	2615	1362
83	2636	1270
83	2648	1354
83	2650	1390
83	2663	1538
83	2684	1316
83	2693	1362
83	2714	1270
83	2726	1354
83	2728	1390
83	2741	1538
83	2762	1316
83	2771	1362
83	2792	1270
83	2804	1354
83	2806	1390
83	2819	1538
83	2840	1316
83	2849	1362
83	2870	1270
83	2882	1354
83	2884	1390
83	2897	1538
83	2918	1316
83	2927	1362
83	2948	1270
83	2960	1354
83	2962	1390
83	2975	1538
83	2996	1316
83	3005	1362
83	3026	1270
83	3038	1354
83	3040	1390
83	3053	1538
83	3074	1316
83	3083	1362
83	3104	1270
83	3116	1354
83	3118	1390
83	3131	1538
83	3152	1316
83	3161	1362
83	3182	1270
83	3194	1354
83	3196	1390
83	3209	1538
83	3230	1316
83	3239	1362
83	3260	1270
83	3272	1354
83	3274	1390
83	3287	1538
83	3308	1316
83	3317	1362
83	3338	1270
83	3350	1354
83	3352	1390
83	3365	1538
83	3386	1316
83	3395	1362
83	3416	1270
83	3428	1354
83	3430	1390
83	3443	1538
83	3464	1316
83	3473	1362
83	3494	1270
83	3506	1354
83	3508	1390
83	3521	1538
83	3542	1316
83	3551	1362
83	3572	1270
83	3584	1354
83	3586	1390
83	3599	1538
83	3620	1316
83	3629	1362
83	3650	1270
83	3662	1354
83	3664	1390
83	3677	1538
83	3698	1316
83	3707	1362
83	3728	1270
83	3740	1354
83	3742	1390
83	3755	1538
83	3776	1316
83	3785	1362
83	3806	1270
83	3818	1354
83	3820	1390
83	3833	1538
83	3854	1316
83	3863	1362
83	3884	1270
83	3896	1354
83	3898	1390
83	3911	1538
83	3932	1316
83	3941	1362
83	3962	1270
83	3974	1354
83	3976	1390
83	3989	1538
83	4010	1316
83	4019	1362
83	4040	1270
83	4052	1354
83	4054	1390
83	4067	1538
83	4088	1316
83	4097	1362
83	4118	1270
83	4130	1354
83	4132	1390
83	4145	1538
83	4166	1316
83	4175	1362
83	4196	1270
83	4208	1354
83	4210	1390
83	4223	1538
83	4244	1316
83	4253	1362
83	4274	1270
83	4286	1354
83	4288	1390
83	4301	1538
83	4322	1316
83	4331	1362
83	4352	1270
83	4364	1354
83	4366	1390
83	4379	1538
83	4400	1316
83	4409	1362
83	4430	1270
83	4442	1354
83	4444	1390
83	4457	1538
83	4478	1316
83	4487	1362
83	4508	1270
83	4520	1354
83	4522	1390
83	4535	1538
83	4556	1316
83	4565	1362
83	4586	1270
83	4598	1354
83	4600	1390
83	4613	1538
83	4634	1316
83	4643	1362
83	4664	1270
83	4676	1354
83	4678	1390
83	4691	1538
83	4712	1316
83	4721	1362
83	4742	1270
83	4754	1354
83	4756	1390
83	4769	1538
83	4790	1316
83	4799	1362
83	4820	1270
83	4832	1354
83	4834	1390
83	4847	1538
83	4868	1316
83	4877	1362
83	4898	1270
83	4910	1354
83	4912	1390
83	4925	1538
83	4946	1316
83	4955	1362
83	4976	1270
83	4988	1354
83	4990	1390
83	5003	1538
83	5024	1316
83	5033	1362
83	5054	1270
83	5066	1354
83	5068	1390
83	5081	1538
83	5102	1316
83	5111	1362
83	5132	1270
83	5144	1354
83	5146	1390
83	5159	1538
83	5180	1316
83	5189	1362
83	5210	1270
83	5222	1354
83	5224	1390
83	5237	1538
83	5258	1316
83	5267	1362
83	5288	1270
83	5300	1354
83	5302	1390
83	5315	1538
83	5336	1316
83	5345	1362
83	5366	1270
83	5378	1354
83	5380	1390
83	5393	1538
83	5414	1316
83	5423	1362
83	5444	1270
83	5456	1354
83	5458	1390
83	5471	1538
83	5492	1316
83	5501	1362
83	5522	1270
83	5534	1354
83	5536	1390
83	5549	1538
83	5570	1316
83	5579	1362
83	5600	1270
83	5612	1354
83	5614	1390
83	5627	1538
83	5648	1316
83	5657	1362
83	5678	1270
83	5690	1354
83	5692	1390
83	5705	1538
83	5726	1316
83	5735	1362
83	5756	1270
83	5768	1354
83	5770	1390
83	5783	1538
83	5804	1316
83	5813	1362
83	5834	1270
83	5846	1354
83	5848	1390
83	5861	1538
83	5882	1316
83	5891	1362
83	5912	1270
83	5924	1354
83	5926	1390
83	5939	1538
83	5960	1316
83	5969	1362
83	5990	1270
83	6002	1354
83	6004	1390
83	6017	1538
83	6038	1316
83	6047	1362
83	6068	1270
83	6080	1354
83	6082	1390
84	56	1386
84	67	1206
84	74	1376
84	134	1386
84	145	1206
84	152	1376
84	212	1386
84	223	1206
84	230	1376
84	290	1386
84	301	1206
84	308	1376
84	368	1386
84	379	1206
84	386	1376
84	446	1386
84	457	1206
84	464	1376
84	524	1386
84	535	1206
84	542	1376
84	602	1386
84	613	1206
84	620	1376
84	680	1386
84	691	1206
84	698	1376
84	758	1386
84	769	1206
84	776	1376
84	836	1386
84	847	1206
84	854	1376
84	914	1386
84	925	1206
84	932	1376
84	992	1386
84	1003	1206
84	1010	1376
84	1070	1386
84	1081	1206
84	1088	1376
84	1148	1386
84	1159	1206
84	1166	1376
84	1226	1386
84	1237	1206
84	1244	1376
84	1304	1386
84	1315	1206
84	1322	1376
84	1382	1386
84	1393	1206
84	1400	1376
84	1460	1386
84	1471	1206
84	1478	1376
84	1538	1386
84	1549	1206
84	1556	1376
84	1616	1386
84	1627	1206
84	1634	1376
84	1694	1386
84	1705	1206
84	1712	1376
84	1772	1386
84	1783	1206
84	1790	1376
84	1850	1386
84	1861	1206
84	1868	1376
84	1928	1386
84	1939	1206
84	1946	1376
84	2006	1386
84	2017	1206
84	2024	1376
84	2084	1386
84	2095	1206
84	2102	1376
84	2162	1386
84	2173	1206
84	2180	1376
84	2240	1386
84	2251	1206
84	2258	1376
84	2318	1386
84	2329	1206
84	2336	1376
84	2396	1386
84	2407	1206
84	2414	1376
84	2474	1386
84	2485	1206
84	2492	1376
84	2552	1386
84	2563	1206
84	2570	1376
84	2630	1386
84	2641	1206
84	2648	1376
84	2708	1386
84	2719	1206
84	2726	1376
84	2786	1386
84	2797	1206
84	2804	1376
84	2864	1386
84	2875	1206
84	2882	1376
84	2942	1386
84	2953	1206
84	2960	1376
84	3020	1386
84	3031	1206
84	3038	1376
84	3098	1386
84	3109	1206
84	3116	1376
84	3176	1386
84	3187	1206
84	3194	1376
84	3254	1386
84	3265	1206
84	3272	1376
84	3332	1386
84	3343	1206
84	3350	1376
84	3410	1386
84	3421	1206
84	3428	1376
84	3488	1386
84	3499	1206
84	3506	1376
84	3566	1386
84	3577	1206
84	3584	1376
84	3644	1386
84	3655	1206
84	3662	1376
84	3722	1386
84	3733	1206
84	3740	1376
84	3800	1386
84	3811	1206
84	3818	1376
84	3878	1386
84	3889	1206
84	3896	1376
84	3956	1386
84	3967	1206
84	3974	1376
84	4034	1386
84	4045	1206
84	4052	1376
84	4112	1386
84	4123	1206
84	4130	1376
84	4190	1386
84	4201	1206
84	4208	1376
84	4268	1386
84	4279	1206
84	4286	1376
84	4346	1386
84	4357	1206
84	4364	1376
84	4424	1386
84	4435	1206
84	4442	1376
84	4502	1386
84	4513	1206
84	4520	1376
84	4580	1386
84	4591	1206
84	4598	1376
84	4658	1386
84	4669	1206
84	4676	1376
84	4736	1386
84	4747	1206
84	4754	1376
84	4814	1386
84	4825	1206
84	4832	1376
84	4892	1386
84	4903	1206
84	4910	1376
84	4970	1386
84	4981	1206
84	4988	1376
84	5048	1386
84	5059	1206
84	5066	1376
84	5126	1386
84	5137	1206
84	5144	1376
84	5204	1386
84	5215	1206
84	5222	1376
84	5282	1386
84	5293	1206
84	5300	1376
84	5360	1386
84	5371	1206
84	5378	1376
84	5438	1386
84	5449	1206
84	5456	1376
84	5516	1386
84	5527	1206
84	5534	1376
84	5594	1386
84	5605	1206
84	5612	1376
84	5672	1386
84	5683	1206
84	5690	1376
84	5750	1386
84	5761	1206
84	5768	1376
84	5828	1386
84	5839	1206
84	5846	1376
84	5906	1386
84	5917	1206
84	5924	1376
84	5984	1386
84	5995	1206
84	6002	1376
84	6062	1386
84	6073	1206
84	6080	1376
85	32	1262
85	67	1206
85	74	1376
85	110	1262
85	145	1206
85	152	1376
85	188	1262
85	223	1206
85	230	1376
85	266	1262
85	301	1206
85	308	1376
85	344	1262
85	379	1206
85	386	1376
85	422	1262
85	457	1206
85	464	1376
85	500	1262
85	535	1206
85	542	1376
85	578	1262
85	613	1206
85	620	1376
85	656	1262
85	691	1206
85	698	1376
85	734	1262
85	769	1206
85	776	1376
85	812	1262
85	847	1206
85	854	1376
85	890	1262
85	925	1206
85	932	1376
85	968	1262
85	1003	1206
85	1010	1376
85	1046	1262
85	1081	1206
85	1088	1376
85	1124	1262
85	1159	1206
85	1166	1376
85	1202	1262
85	1237	1206
85	1244	1376
85	1280	1262
85	1315	1206
85	1322	1376
85	1358	1262
85	1393	1206
85	1400	1376
85	1436	1262
85	1471	1206
85	1478	1376
85	1514	1262
85	1549	1206
85	1556	1376
85	1592	1262
85	1627	1206
85	1634	1376
85	1670	1262
85	1705	1206
85	1712	1376
85	1748	1262
85	1783	1206
85	1790	1376
85	1826	1262
85	1861	1206
85	1868	1376
85	1904	1262
85	1939	1206
85	1946	1376
85	1982	1262
85	2017	1206
85	2024	1376
85	2060	1262
85	2095	1206
85	2102	1376
85	2138	1262
85	2173	1206
85	2180	1376
85	2216	1262
85	2251	1206
85	2258	1376
85	2294	1262
85	2329	1206
85	2336	1376
85	2372	1262
85	2407	1206
85	2414	1376
85	2450	1262
85	2485	1206
85	2492	1376
85	2528	1262
85	2563	1206
85	2570	1376
85	2606	1262
85	2641	1206
85	2648	1376
85	2684	1262
85	2719	1206
85	2726	1376
85	2762	1262
85	2797	1206
85	2804	1376
85	2840	1262
85	2875	1206
85	2882	1376
85	2918	1262
85	2953	1206
85	2960	1376
85	2996	1262
85	3031	1206
85	3038	1376
85	3074	1262
85	3109	1206
85	3116	1376
85	3152	1262
85	3187	1206
85	3194	1376
85	3230	1262
85	3265	1206
85	3272	1376
85	3308	1262
85	3343	1206
85	3350	1376
85	3386	1262
85	3421	1206
85	3428	1376
85	3464	1262
85	3499	1206
85	3506	1376
85	3542	1262
85	3577	1206
85	3584	1376
85	3620	1262
85	3655	1206
85	3662	1376
85	3698	1262
85	3733	1206
85	3740	1376
85	3776	1262
85	3811	1206
85	3818	1376
85	3854	1262
85	3889	1206
85	3896	1376
85	3932	1262
85	3967	1206
85	3974	1376
85	4010	1262
85	4045	1206
85	4052	1376
85	4088	1262
85	4123	1206
85	4130	1376
85	4166	1262
85	4201	1206
85	4208	1376
85	4244	1262
85	4279	1206
85	4286	1376
85	4322	1262
85	4357	1206
85	4364	1376
85	4400	1262
85	4435	1206
85	4442	1376
85	4478	1262
85	4513	1206
85	4520	1376
85	4556	1262
85	4591	1206
85	4598	1376
85	4634	1262
85	4669	1206
85	4676	1376
85	4712	1262
85	4747	1206
85	4754	1376
85	4790	1262
85	4825	1206
85	4832	1376
85	4868	1262
85	4903	1206
85	4910	1376
85	4946	1262
85	4981	1206
85	4988	1376
85	5024	1262
85	5059	1206
85	5066	1376
85	5102	1262
85	5137	1206
85	5144	1376
85	5180	1262
85	5215	1206
85	5222	1376
85	5258	1262
85	5293	1206
85	5300	1376
85	5336	1262
85	5371	1206
85	5378	1376
85	5414	1262
85	5449	1206
85	5456	1376
85	5492	1262
85	5527	1206
85	5534	1376
85	5570	1262
85	5605	1206
85	5612	1376
85	5648	1262
85	5683	1206
85	5690	1376
85	5726	1262
85	5761	1206
85	5768	1376
85	5804	1262
85	5839	1206
85	5846	1376
85	5882	1262
85	5917	1206
85	5924	1376
85	5960	1262
85	5995	1206
85	6002	1376
85	6038	1262
85	6073	1206
85	6080	1376
86	56	1386
86	71	1376
86	77	1206
86	134	1386
86	149	1376
86	155	1206
86	212	1386
86	227	1376
86	233	1206
86	290	1386
86	305	1376
86	311	1206
86	368	1386
86	383	1376
86	389	1206
86	446	1386
86	461	1376
86	467	1206
86	524	1386
86	539	1376
86	545	1206
86	602	1386
86	617	1376
86	623	1206
86	680	1386
86	695	1376
86	701	1206
86	758	1386
86	773	1376
86	779	1206
86	836	1386
86	851	1376
86	857	1206
86	914	1386
86	929	1376
86	935	1206
86	992	1386
86	1007	1376
86	1013	1206
86	1070	1386
86	1085	1376
86	1091	1206
86	1148	1386
86	1163	1376
86	1169	1206
86	1226	1386
86	1241	1376
86	1247	1206
86	1304	1386
86	1319	1376
86	1325	1206
86	1382	1386
86	1397	1376
86	1403	1206
86	1460	1386
86	1475	1376
86	1481	1206
86	1538	1386
86	1553	1376
86	1559	1206
86	1616	1386
86	1631	1376
86	1637	1206
86	1694	1386
86	1709	1376
86	1715	1206
86	1772	1386
86	1787	1376
86	1793	1206
86	1850	1386
86	1865	1376
86	1871	1206
86	1928	1386
86	1943	1376
86	1949	1206
86	2006	1386
86	2021	1376
86	2027	1206
86	2084	1386
86	2099	1376
86	2105	1206
86	2162	1386
86	2177	1376
86	2183	1206
86	2240	1386
86	2255	1376
86	2261	1206
86	2318	1386
86	2333	1376
86	2339	1206
86	2396	1386
86	2411	1376
86	2417	1206
86	2474	1386
86	2489	1376
86	2495	1206
86	2552	1386
86	2567	1376
86	2573	1206
86	2630	1386
86	2645	1376
86	2651	1206
86	2708	1386
86	2723	1376
86	2729	1206
86	2786	1386
86	2801	1376
86	2807	1206
86	2864	1386
86	2879	1376
86	2885	1206
86	2942	1386
86	2957	1376
86	2963	1206
86	3020	1386
86	3035	1376
86	3041	1206
86	3098	1386
86	3113	1376
86	3119	1206
86	3176	1386
86	3191	1376
86	3197	1206
86	3254	1386
86	3269	1376
86	3275	1206
86	3332	1386
86	3347	1376
86	3353	1206
86	3410	1386
86	3425	1376
86	3431	1206
86	3488	1386
86	3503	1376
86	3509	1206
86	3566	1386
86	3581	1376
86	3587	1206
86	3644	1386
86	3659	1376
86	3665	1206
86	3722	1386
86	3737	1376
86	3743	1206
86	3800	1386
86	3815	1376
86	3821	1206
86	3878	1386
86	3893	1376
86	3899	1206
86	3956	1386
86	3971	1376
86	3977	1206
86	4034	1386
86	4049	1376
86	4055	1206
86	4112	1386
86	4127	1376
86	4133	1206
86	4190	1386
86	4205	1376
86	4211	1206
86	4268	1386
86	4283	1376
86	4289	1206
86	4346	1386
86	4361	1376
86	4367	1206
86	4424	1386
86	4439	1376
86	4445	1206
86	4502	1386
86	4517	1376
86	4523	1206
86	4580	1386
86	4595	1376
86	4601	1206
86	4658	1386
86	4673	1376
86	4679	1206
86	4736	1386
86	4751	1376
86	4757	1206
86	4814	1386
86	4829	1376
86	4835	1206
86	4892	1386
86	4907	1376
86	4913	1206
86	4970	1386
86	4985	1376
86	4991	1206
86	5048	1386
86	5063	1376
86	5069	1206
86	5126	1386
86	5141	1376
86	5147	1206
86	5204	1386
86	5219	1376
86	5225	1206
86	5282	1386
86	5297	1376
86	5303	1206
86	5360	1386
86	5375	1376
86	5381	1206
86	5438	1386
86	5453	1376
86	5459	1206
86	5516	1386
86	5531	1376
86	5537	1206
86	5594	1386
86	5609	1376
86	5615	1206
86	5672	1386
86	5687	1376
86	5693	1206
86	5750	1386
86	5765	1376
86	5771	1206
86	5828	1386
86	5843	1376
86	5849	1206
86	5906	1386
86	5921	1376
86	5927	1206
86	5984	1386
86	5999	1376
86	6005	1206
86	6062	1386
86	6077	1376
86	6083	1206
87	56	1386
87	71	1376
87	77	1206
87	134	1386
87	149	1376
87	155	1206
87	212	1386
87	227	1376
87	233	1206
87	290	1386
87	305	1376
87	311	1206
87	368	1386
87	383	1376
87	389	1206
87	446	1386
87	461	1376
87	467	1206
87	524	1386
87	539	1376
87	545	1206
87	602	1386
87	617	1376
87	623	1206
87	680	1386
87	695	1376
87	701	1206
87	758	1386
87	773	1376
87	779	1206
87	836	1386
87	851	1376
87	857	1206
87	914	1386
87	929	1376
87	935	1206
87	992	1386
87	1007	1376
87	1013	1206
87	1070	1386
87	1085	1376
87	1091	1206
87	1148	1386
87	1163	1376
87	1169	1206
87	1226	1386
87	1241	1376
87	1247	1206
87	1304	1386
87	1319	1376
87	1325	1206
87	1382	1386
87	1397	1376
87	1403	1206
87	1460	1386
87	1475	1376
87	1481	1206
87	1538	1386
87	1553	1376
87	1559	1206
87	1616	1386
87	1631	1376
87	1637	1206
87	1694	1386
87	1709	1376
87	1715	1206
87	1772	1386
87	1787	1376
87	1793	1206
87	1850	1386
87	1865	1376
87	1871	1206
87	1928	1386
87	1943	1376
87	1949	1206
87	2006	1386
87	2021	1376
87	2027	1206
87	2084	1386
87	2099	1376
87	2105	1206
87	2162	1386
87	2177	1376
87	2183	1206
87	2240	1386
87	2255	1376
87	2261	1206
87	2318	1386
87	2333	1376
87	2339	1206
87	2396	1386
87	2411	1376
87	2417	1206
87	2474	1386
87	2489	1376
87	2495	1206
87	2552	1386
87	2567	1376
87	2573	1206
87	2630	1386
87	2645	1376
87	2651	1206
87	2708	1386
87	2723	1376
87	2729	1206
87	2786	1386
87	2801	1376
87	2807	1206
87	2864	1386
87	2879	1376
87	2885	1206
87	2942	1386
87	2957	1376
87	2963	1206
87	3020	1386
87	3035	1376
87	3041	1206
87	3098	1386
87	3113	1376
87	3119	1206
87	3176	1386
87	3191	1376
87	3197	1206
87	3254	1386
87	3269	1376
87	3275	1206
87	3332	1386
87	3347	1376
87	3353	1206
87	3410	1386
87	3425	1376
87	3431	1206
87	3488	1386
87	3503	1376
87	3509	1206
87	3566	1386
87	3581	1376
87	3587	1206
87	3644	1386
87	3659	1376
87	3665	1206
87	3722	1386
87	3737	1376
87	3743	1206
87	3800	1386
87	3815	1376
87	3821	1206
87	3878	1386
87	3893	1376
87	3899	1206
87	3956	1386
87	3971	1376
87	3977	1206
87	4034	1386
87	4049	1376
87	4055	1206
87	4112	1386
87	4127	1376
87	4133	1206
87	4190	1386
87	4205	1376
87	4211	1206
87	4268	1386
87	4283	1376
87	4289	1206
87	4346	1386
87	4361	1376
87	4367	1206
87	4424	1386
87	4439	1376
87	4445	1206
87	4502	1386
87	4517	1376
87	4523	1206
87	4580	1386
87	4595	1376
87	4601	1206
87	4658	1386
87	4673	1376
87	4679	1206
87	4736	1386
87	4751	1376
87	4757	1206
87	4814	1386
87	4829	1376
87	4835	1206
87	4892	1386
87	4907	1376
87	4913	1206
87	4970	1386
87	4985	1376
87	4991	1206
87	5048	1386
87	5063	1376
87	5069	1206
87	5126	1386
87	5141	1376
87	5147	1206
87	5204	1386
87	5219	1376
87	5225	1206
87	5282	1386
87	5297	1376
87	5303	1206
87	5360	1386
87	5375	1376
87	5381	1206
87	5438	1386
87	5453	1376
87	5459	1206
87	5516	1386
87	5531	1376
87	5537	1206
87	5594	1386
87	5609	1376
87	5615	1206
87	5672	1386
87	5687	1376
87	5693	1206
87	5750	1386
87	5765	1376
87	5771	1206
87	5828	1386
87	5843	1376
87	5849	1206
87	5906	1386
87	5921	1376
87	5927	1206
87	5984	1386
87	5999	1376
87	6005	1206
87	6062	1386
87	6077	1376
87	6083	1206
88	11	1538
88	41	1232
88	49	1212
88	56	1208
88	62	1204
88	67	1216
88	74	1228
88	76	1240
88	89	1538
88	119	1232
88	127	1212
88	134	1208
88	140	1204
88	145	1216
88	152	1228
88	154	1240
88	167	1538
88	197	1232
88	205	1212
88	212	1208
88	218	1204
88	223	1216
88	230	1228
88	232	1240
88	245	1538
88	275	1232
88	283	1212
88	290	1208
88	296	1204
88	301	1216
88	308	1228
88	310	1240
88	323	1538
88	353	1232
88	361	1212
88	368	1208
88	374	1204
88	379	1216
88	386	1228
88	388	1240
88	401	1538
88	431	1232
88	439	1212
88	446	1208
88	452	1204
88	457	1216
88	464	1228
88	466	1240
88	479	1538
88	509	1232
88	517	1212
88	524	1208
88	530	1204
88	535	1216
88	542	1228
88	544	1240
88	557	1538
88	587	1232
88	595	1212
88	602	1208
88	608	1204
88	613	1216
88	620	1228
88	622	1240
88	635	1538
88	665	1232
88	673	1212
88	680	1208
88	686	1204
88	691	1216
88	698	1228
88	700	1240
88	713	1538
88	743	1232
88	751	1212
88	758	1208
88	764	1204
88	769	1216
88	776	1228
88	778	1240
88	791	1538
88	821	1232
88	829	1212
88	836	1208
88	842	1204
88	847	1216
88	854	1228
88	856	1240
88	869	1538
88	899	1232
88	907	1212
88	914	1208
88	920	1204
88	925	1216
88	932	1228
88	934	1240
88	947	1538
88	977	1232
88	985	1212
88	992	1208
88	998	1204
88	1003	1216
88	1010	1228
88	1012	1240
88	1025	1538
88	1055	1232
88	1063	1212
88	1070	1208
88	1076	1204
88	1081	1216
88	1088	1228
88	1090	1240
88	1103	1538
88	1133	1232
88	1141	1212
88	1148	1208
88	1154	1204
88	1159	1216
88	1166	1228
88	1168	1240
88	1181	1538
88	1211	1232
88	1219	1212
88	1226	1208
88	1232	1204
88	1237	1216
88	1244	1228
88	1246	1240
88	1259	1538
88	1289	1232
88	1297	1212
88	1304	1208
88	1310	1204
88	1315	1216
88	1322	1228
88	1324	1240
88	1337	1538
88	1367	1232
88	1375	1212
88	1382	1208
88	1388	1204
88	1393	1216
88	1400	1228
88	1402	1240
88	1415	1538
88	1445	1232
88	1453	1212
88	1460	1208
88	1466	1204
88	1471	1216
88	1478	1228
88	1480	1240
88	1493	1538
88	1523	1232
88	1531	1212
88	1538	1208
88	1544	1204
88	1549	1216
88	1556	1228
88	1558	1240
88	1571	1538
88	1601	1232
88	1609	1212
88	1616	1208
88	1622	1204
88	1627	1216
88	1634	1228
88	1636	1240
88	1649	1538
88	1679	1232
88	1687	1212
88	1694	1208
88	1700	1204
88	1705	1216
88	1712	1228
88	1714	1240
88	1727	1538
88	1757	1232
88	1765	1212
88	1772	1208
88	1778	1204
88	1783	1216
88	1790	1228
88	1792	1240
88	1805	1538
88	1835	1232
88	1843	1212
88	1850	1208
88	1856	1204
88	1861	1216
88	1868	1228
88	1870	1240
88	1883	1538
88	1913	1232
88	1921	1212
88	1928	1208
88	1934	1204
88	1939	1216
88	1946	1228
88	1948	1240
88	1961	1538
88	1991	1232
88	1999	1212
88	2006	1208
88	2012	1204
88	2017	1216
88	2024	1228
88	2026	1240
88	2039	1538
88	2069	1232
88	2077	1212
88	2084	1208
88	2090	1204
88	2095	1216
88	2102	1228
88	2104	1240
88	2117	1538
88	2147	1232
88	2155	1212
88	2162	1208
88	2168	1204
88	2173	1216
88	2180	1228
88	2182	1240
88	2195	1538
88	2225	1232
88	2233	1212
88	2240	1208
88	2246	1204
88	2251	1216
88	2258	1228
88	2260	1240
88	2273	1538
88	2303	1232
88	2311	1212
88	2318	1208
88	2324	1204
88	2329	1216
88	2336	1228
88	2338	1240
88	2351	1538
88	2381	1232
88	2389	1212
88	2396	1208
88	2402	1204
88	2407	1216
88	2414	1228
88	2416	1240
88	2429	1538
88	2459	1232
88	2467	1212
88	2474	1208
88	2480	1204
88	2485	1216
88	2492	1228
88	2494	1240
88	2507	1538
88	2537	1232
88	2545	1212
88	2552	1208
88	2558	1204
88	2563	1216
88	2570	1228
88	2572	1240
88	2585	1538
88	2615	1232
88	2623	1212
88	2630	1208
88	2636	1204
88	2641	1216
88	2648	1228
88	2650	1240
88	2663	1538
88	2693	1232
88	2701	1212
88	2708	1208
88	2714	1204
88	2719	1216
88	2726	1228
88	2728	1240
88	2741	1538
88	2771	1232
88	2779	1212
88	2786	1208
88	2792	1204
88	2797	1216
88	2804	1228
88	2806	1240
88	2819	1538
88	2849	1232
88	2857	1212
88	2864	1208
88	2870	1204
88	2875	1216
88	2882	1228
88	2884	1240
88	2897	1538
88	2927	1232
88	2935	1212
88	2942	1208
88	2948	1204
88	2953	1216
88	2960	1228
88	2962	1240
88	2975	1538
88	3005	1232
88	3013	1212
88	3020	1208
88	3026	1204
88	3031	1216
88	3038	1228
88	3040	1240
88	3053	1538
88	3083	1232
88	3091	1212
88	3098	1208
88	3104	1204
88	3109	1216
88	3116	1228
88	3118	1240
88	3131	1538
88	3161	1232
88	3169	1212
88	3176	1208
88	3182	1204
88	3187	1216
88	3194	1228
88	3196	1240
88	3209	1538
88	3239	1232
88	3247	1212
88	3254	1208
88	3260	1204
88	3265	1216
88	3272	1228
88	3274	1240
88	3287	1538
88	3317	1232
88	3325	1212
88	3332	1208
88	3338	1204
88	3343	1216
88	3350	1228
88	3352	1240
88	3365	1538
88	3395	1232
88	3403	1212
88	3410	1208
88	3416	1204
88	3421	1216
88	3428	1228
88	3430	1240
88	3443	1538
88	3473	1232
88	3481	1212
88	3488	1208
88	3494	1204
88	3499	1216
88	3506	1228
88	3508	1240
88	3521	1538
88	3551	1232
88	3559	1212
88	3566	1208
88	3572	1204
88	3577	1216
88	3584	1228
88	3586	1240
88	3599	1538
88	3629	1232
88	3637	1212
88	3644	1208
88	3650	1204
88	3655	1216
88	3662	1228
88	3664	1240
88	3677	1538
88	3707	1232
88	3715	1212
88	3722	1208
88	3728	1204
88	3733	1216
88	3740	1228
88	3742	1240
88	3755	1538
88	3785	1232
88	3793	1212
88	3800	1208
88	3806	1204
88	3811	1216
88	3818	1228
88	3820	1240
88	3833	1538
88	3863	1232
88	3871	1212
88	3878	1208
88	3884	1204
88	3889	1216
88	3896	1228
88	3898	1240
88	3911	1538
88	3941	1232
88	3949	1212
88	3956	1208
88	3962	1204
88	3967	1216
88	3974	1228
88	3976	1240
88	3989	1538
88	4019	1232
88	4027	1212
88	4034	1208
88	4040	1204
88	4045	1216
88	4052	1228
88	4054	1240
88	4067	1538
88	4097	1232
88	4105	1212
88	4112	1208
88	4118	1204
88	4123	1216
88	4130	1228
88	4132	1240
88	4145	1538
88	4175	1232
88	4183	1212
88	4190	1208
88	4196	1204
88	4201	1216
88	4208	1228
88	4210	1240
88	4223	1538
88	4253	1232
88	4261	1212
88	4268	1208
88	4274	1204
88	4279	1216
88	4286	1228
88	4288	1240
88	4301	1538
88	4331	1232
88	4339	1212
88	4346	1208
88	4352	1204
88	4357	1216
88	4364	1228
88	4366	1240
88	4379	1538
88	4409	1232
88	4417	1212
88	4424	1208
88	4430	1204
88	4435	1216
88	4442	1228
88	4444	1240
88	4457	1538
88	4487	1232
88	4495	1212
88	4502	1208
88	4508	1204
88	4513	1216
88	4520	1228
88	4522	1240
88	4535	1538
88	4565	1232
88	4573	1212
88	4580	1208
88	4586	1204
88	4591	1216
88	4598	1228
88	4600	1240
88	4613	1538
88	4643	1232
88	4651	1212
88	4658	1208
88	4664	1204
88	4669	1216
88	4676	1228
88	4678	1240
88	4691	1538
88	4721	1232
88	4729	1212
88	4736	1208
88	4742	1204
88	4747	1216
88	4754	1228
88	4756	1240
88	4769	1538
88	4799	1232
88	4807	1212
88	4814	1208
88	4820	1204
88	4825	1216
88	4832	1228
88	4834	1240
88	4847	1538
88	4877	1232
88	4885	1212
88	4892	1208
88	4898	1204
88	4903	1216
88	4910	1228
88	4912	1240
88	4925	1538
88	4955	1232
88	4963	1212
88	4970	1208
88	4976	1204
88	4981	1216
88	4988	1228
88	4990	1240
88	5003	1538
88	5033	1232
88	5041	1212
88	5048	1208
88	5054	1204
88	5059	1216
88	5066	1228
88	5068	1240
88	5081	1538
88	5111	1232
88	5119	1212
88	5126	1208
88	5132	1204
88	5137	1216
88	5144	1228
88	5146	1240
88	5159	1538
88	5189	1232
88	5197	1212
88	5204	1208
88	5210	1204
88	5215	1216
88	5222	1228
88	5224	1240
88	5237	1538
88	5267	1232
88	5275	1212
88	5282	1208
88	5288	1204
88	5293	1216
88	5300	1228
88	5302	1240
88	5315	1538
88	5345	1232
88	5353	1212
88	5360	1208
88	5366	1204
88	5371	1216
88	5378	1228
88	5380	1240
88	5393	1538
88	5423	1232
88	5431	1212
88	5438	1208
88	5444	1204
88	5449	1216
88	5456	1228
88	5458	1240
88	5471	1538
88	5501	1232
88	5509	1212
88	5516	1208
88	5522	1204
88	5527	1216
88	5534	1228
88	5536	1240
88	5549	1538
88	5579	1232
88	5587	1212
88	5594	1208
88	5600	1204
88	5605	1216
88	5612	1228
88	5614	1240
88	5627	1538
88	5657	1232
88	5665	1212
88	5672	1208
88	5678	1204
88	5683	1216
88	5690	1228
88	5692	1240
88	5705	1538
88	5735	1232
88	5743	1212
88	5750	1208
88	5756	1204
88	5761	1216
88	5768	1228
88	5770	1240
88	5783	1538
88	5813	1232
88	5821	1212
88	5828	1208
88	5834	1204
88	5839	1216
88	5846	1228
88	5848	1240
88	5861	1538
88	5891	1232
88	5899	1212
88	5906	1208
88	5912	1204
88	5917	1216
88	5924	1228
88	5926	1240
88	5939	1538
88	5969	1232
88	5977	1212
88	5984	1208
88	5990	1204
88	5995	1216
88	6002	1228
88	6004	1240
88	6017	1538
88	6047	1232
88	6055	1212
88	6062	1208
88	6068	1204
88	6073	1216
88	6080	1228
88	6082	1240
89	41	1326
89	56	1208
89	62	1200
89	76	1338
89	119	1326
89	134	1208
89	140	1200
89	154	1338
89	197	1326
89	212	1208
89	218	1200
89	232	1338
89	275	1326
89	290	1208
89	296	1200
89	310	1338
89	353	1326
89	368	1208
89	374	1200
89	388	1338
89	431	1326
89	446	1208
89	452	1200
89	466	1338
89	509	1326
89	524	1208
89	530	1200
89	544	1338
89	587	1326
89	602	1208
89	608	1200
89	622	1338
89	665	1326
89	680	1208
89	686	1200
89	700	1338
89	743	1326
89	758	1208
89	764	1200
89	778	1338
89	821	1326
89	836	1208
89	842	1200
89	856	1338
89	899	1326
89	914	1208
89	920	1200
89	934	1338
89	977	1326
89	992	1208
89	998	1200
89	1012	1338
89	1055	1326
89	1070	1208
89	1076	1200
89	1090	1338
89	1133	1326
89	1148	1208
89	1154	1200
89	1168	1338
89	1211	1326
89	1226	1208
89	1232	1200
89	1246	1338
89	1289	1326
89	1304	1208
89	1310	1200
89	1324	1338
89	1367	1326
89	1382	1208
89	1388	1200
89	1402	1338
89	1445	1326
89	1460	1208
89	1466	1200
89	1480	1338
89	1523	1326
89	1538	1208
89	1544	1200
89	1558	1338
89	1601	1326
89	1616	1208
89	1622	1200
89	1636	1338
89	1679	1326
89	1694	1208
89	1700	1200
89	1714	1338
89	1757	1326
89	1772	1208
89	1778	1200
89	1792	1338
89	1835	1326
89	1850	1208
89	1856	1200
89	1870	1338
89	1913	1326
89	1928	1208
89	1934	1200
89	1948	1338
89	1991	1326
89	2006	1208
89	2012	1200
89	2026	1338
89	2069	1326
89	2084	1208
89	2090	1200
89	2104	1338
89	2147	1326
89	2162	1208
89	2168	1200
89	2182	1338
89	2225	1326
89	2240	1208
89	2246	1200
89	2260	1338
89	2303	1326
89	2318	1208
89	2324	1200
89	2338	1338
89	2381	1326
89	2396	1208
89	2402	1200
89	2416	1338
89	2459	1326
89	2474	1208
89	2480	1200
89	2494	1338
89	2537	1326
89	2552	1208
89	2558	1200
89	2572	1338
89	2615	1326
89	2630	1208
89	2636	1200
89	2650	1338
89	2693	1326
89	2708	1208
89	2714	1200
89	2728	1338
89	2771	1326
89	2786	1208
89	2792	1200
89	2806	1338
89	2849	1326
89	2864	1208
89	2870	1200
89	2884	1338
89	2927	1326
89	2942	1208
89	2948	1200
89	2962	1338
89	3005	1326
89	3020	1208
89	3026	1200
89	3040	1338
89	3083	1326
89	3098	1208
89	3104	1200
89	3118	1338
89	3161	1326
89	3176	1208
89	3182	1200
89	3196	1338
89	3239	1326
89	3254	1208
89	3260	1200
89	3274	1338
89	3317	1326
89	3332	1208
89	3338	1200
89	3352	1338
89	3395	1326
89	3410	1208
89	3416	1200
89	3430	1338
89	3473	1326
89	3488	1208
89	3494	1200
89	3508	1338
89	3551	1326
89	3566	1208
89	3572	1200
89	3586	1338
89	3629	1326
89	3644	1208
89	3650	1200
89	3664	1338
89	3707	1326
89	3722	1208
89	3728	1200
89	3742	1338
89	3785	1326
89	3800	1208
89	3806	1200
89	3820	1338
89	3863	1326
89	3878	1208
89	3884	1200
89	3898	1338
89	3941	1326
89	3956	1208
89	3962	1200
89	3976	1338
89	4019	1326
89	4034	1208
89	4040	1200
89	4054	1338
89	4097	1326
89	4112	1208
89	4118	1200
89	4132	1338
89	4175	1326
89	4190	1208
89	4196	1200
89	4210	1338
89	4253	1326
89	4268	1208
89	4274	1200
89	4288	1338
89	4331	1326
89	4346	1208
89	4352	1200
89	4366	1338
89	4409	1326
89	4424	1208
89	4430	1200
89	4444	1338
89	4487	1326
89	4502	1208
89	4508	1200
89	4522	1338
89	4565	1326
89	4580	1208
89	4586	1200
89	4600	1338
89	4643	1326
89	4658	1208
89	4664	1200
89	4678	1338
89	4721	1326
89	4736	1208
89	4742	1200
89	4756	1338
89	4799	1326
89	4814	1208
89	4820	1200
89	4834	1338
89	4877	1326
89	4892	1208
89	4898	1200
89	4912	1338
89	4955	1326
89	4970	1208
89	4976	1200
89	4990	1338
89	5033	1326
89	5048	1208
89	5054	1200
89	5068	1338
89	5111	1326
89	5126	1208
89	5132	1200
89	5146	1338
89	5189	1326
89	5204	1208
89	5210	1200
89	5224	1338
89	5267	1326
89	5282	1208
89	5288	1200
89	5302	1338
89	5345	1326
89	5360	1208
89	5366	1200
89	5380	1338
89	5423	1326
89	5438	1208
89	5444	1200
89	5458	1338
89	5501	1326
89	5516	1208
89	5522	1200
89	5536	1338
89	5579	1326
89	5594	1208
89	5600	1200
89	5614	1338
89	5657	1326
89	5672	1208
89	5678	1200
89	5692	1338
89	5735	1326
89	5750	1208
89	5756	1200
89	5770	1338
89	5813	1326
89	5828	1208
89	5834	1200
89	5848	1338
89	5891	1326
89	5906	1208
89	5912	1200
89	5926	1338
89	5969	1326
89	5984	1208
89	5990	1200
89	6004	1338
89	6047	1326
89	6062	1208
89	6068	1200
89	6082	1338
90	11	1538
90	32	1232
90	41	1212
90	49	1236
90	56	1200
90	74	1204
90	77	1244
90	89	1538
90	110	1232
90	119	1212
90	127	1236
90	134	1200
90	152	1204
90	155	1244
90	167	1538
90	188	1232
90	197	1212
90	205	1236
90	212	1200
90	230	1204
90	233	1244
90	245	1538
90	266	1232
90	275	1212
90	283	1236
90	290	1200
90	308	1204
90	311	1244
90	323	1538
90	344	1232
90	353	1212
90	361	1236
90	368	1200
90	386	1204
90	389	1244
90	401	1538
90	422	1232
90	431	1212
90	439	1236
90	446	1200
90	464	1204
90	467	1244
90	479	1538
90	500	1232
90	509	1212
90	517	1236
90	524	1200
90	542	1204
90	545	1244
90	557	1538
90	578	1232
90	587	1212
90	595	1236
90	602	1200
90	620	1204
90	623	1244
90	635	1538
90	656	1232
90	665	1212
90	673	1236
90	680	1200
90	698	1204
90	701	1244
90	713	1538
90	734	1232
90	743	1212
90	751	1236
90	758	1200
90	776	1204
90	779	1244
90	791	1538
90	812	1232
90	821	1212
90	829	1236
90	836	1200
90	854	1204
90	857	1244
90	869	1538
90	890	1232
90	899	1212
90	907	1236
90	914	1200
90	932	1204
90	935	1244
90	947	1538
90	968	1232
90	977	1212
90	985	1236
90	992	1200
90	1010	1204
90	1013	1244
90	1025	1538
90	1046	1232
90	1055	1212
90	1063	1236
90	1070	1200
90	1088	1204
90	1091	1244
90	1103	1538
90	1124	1232
90	1133	1212
90	1141	1236
90	1148	1200
90	1166	1204
90	1169	1244
90	1181	1538
90	1202	1232
90	1211	1212
90	1219	1236
90	1226	1200
90	1244	1204
90	1247	1244
90	1259	1538
90	1280	1232
90	1289	1212
90	1297	1236
90	1304	1200
90	1322	1204
90	1325	1244
90	1337	1538
90	1358	1232
90	1367	1212
90	1375	1236
90	1382	1200
90	1400	1204
90	1403	1244
90	1415	1538
90	1436	1232
90	1445	1212
90	1453	1236
90	1460	1200
90	1478	1204
90	1481	1244
90	1493	1538
90	1514	1232
90	1523	1212
90	1531	1236
90	1538	1200
90	1556	1204
90	1559	1244
90	1571	1538
90	1592	1232
90	1601	1212
90	1609	1236
90	1616	1200
90	1634	1204
90	1637	1244
90	1649	1538
90	1670	1232
90	1679	1212
90	1687	1236
90	1694	1200
90	1712	1204
90	1715	1244
90	1727	1538
90	1748	1232
90	1757	1212
90	1765	1236
90	1772	1200
90	1790	1204
90	1793	1244
90	1805	1538
90	1826	1232
90	1835	1212
90	1843	1236
90	1850	1200
90	1868	1204
90	1871	1244
90	1883	1538
90	1904	1232
90	1913	1212
90	1921	1236
90	1928	1200
90	1946	1204
90	1949	1244
90	1961	1538
90	1982	1232
90	1991	1212
90	1999	1236
90	2006	1200
90	2024	1204
90	2027	1244
90	2039	1538
90	2060	1232
90	2069	1212
90	2077	1236
90	2084	1200
90	2102	1204
90	2105	1244
90	2117	1538
90	2138	1232
90	2147	1212
90	2155	1236
90	2162	1200
90	2180	1204
90	2183	1244
90	2195	1538
90	2216	1232
90	2225	1212
90	2233	1236
90	2240	1200
90	2258	1204
90	2261	1244
90	2273	1538
90	2294	1232
90	2303	1212
90	2311	1236
90	2318	1200
90	2336	1204
90	2339	1244
90	2351	1538
90	2372	1232
90	2381	1212
90	2389	1236
90	2396	1200
90	2414	1204
90	2417	1244
90	2429	1538
90	2450	1232
90	2459	1212
90	2467	1236
90	2474	1200
90	2492	1204
90	2495	1244
90	2507	1538
90	2528	1232
90	2537	1212
90	2545	1236
90	2552	1200
90	2570	1204
90	2573	1244
90	2585	1538
90	2606	1232
90	2615	1212
90	2623	1236
90	2630	1200
90	2648	1204
90	2651	1244
90	2663	1538
90	2684	1232
90	2693	1212
90	2701	1236
90	2708	1200
90	2726	1204
90	2729	1244
90	2741	1538
90	2762	1232
90	2771	1212
90	2779	1236
90	2786	1200
90	2804	1204
90	2807	1244
90	2819	1538
90	2840	1232
90	2849	1212
90	2857	1236
90	2864	1200
90	2882	1204
90	2885	1244
90	2897	1538
90	2918	1232
90	2927	1212
90	2935	1236
90	2942	1200
90	2960	1204
90	2963	1244
90	2975	1538
90	2996	1232
90	3005	1212
90	3013	1236
90	3020	1200
90	3038	1204
90	3041	1244
90	3053	1538
90	3074	1232
90	3083	1212
90	3091	1236
90	3098	1200
90	3116	1204
90	3119	1244
90	3131	1538
90	3152	1232
90	3161	1212
90	3169	1236
90	3176	1200
90	3194	1204
90	3197	1244
90	3209	1538
90	3230	1232
90	3239	1212
90	3247	1236
90	3254	1200
90	3272	1204
90	3275	1244
90	3287	1538
90	3308	1232
90	3317	1212
90	3325	1236
90	3332	1200
90	3350	1204
90	3353	1244
90	3365	1538
90	3386	1232
90	3395	1212
90	3403	1236
90	3410	1200
90	3428	1204
90	3431	1244
90	3443	1538
90	3464	1232
90	3473	1212
90	3481	1236
90	3488	1200
90	3506	1204
90	3509	1244
90	3521	1538
90	3542	1232
90	3551	1212
90	3559	1236
90	3566	1200
90	3584	1204
90	3587	1244
90	3599	1538
90	3620	1232
90	3629	1212
90	3637	1236
90	3644	1200
90	3662	1204
90	3665	1244
90	3677	1538
90	3698	1232
90	3707	1212
90	3715	1236
90	3722	1200
90	3740	1204
90	3743	1244
90	3755	1538
90	3776	1232
90	3785	1212
90	3793	1236
90	3800	1200
90	3818	1204
90	3821	1244
90	3833	1538
90	3854	1232
90	3863	1212
90	3871	1236
90	3878	1200
90	3896	1204
90	3899	1244
90	3911	1538
90	3932	1232
90	3941	1212
90	3949	1236
90	3956	1200
90	3974	1204
90	3977	1244
90	3989	1538
90	4010	1232
90	4019	1212
90	4027	1236
90	4034	1200
90	4052	1204
90	4055	1244
90	4067	1538
90	4088	1232
90	4097	1212
90	4105	1236
90	4112	1200
90	4130	1204
90	4133	1244
90	4145	1538
90	4166	1232
90	4175	1212
90	4183	1236
90	4190	1200
90	4208	1204
90	4211	1244
90	4223	1538
90	4244	1232
90	4253	1212
90	4261	1236
90	4268	1200
90	4286	1204
90	4289	1244
90	4301	1538
90	4322	1232
90	4331	1212
90	4339	1236
90	4346	1200
90	4364	1204
90	4367	1244
90	4379	1538
90	4400	1232
90	4409	1212
90	4417	1236
90	4424	1200
90	4442	1204
90	4445	1244
90	4457	1538
90	4478	1232
90	4487	1212
90	4495	1236
90	4502	1200
90	4520	1204
90	4523	1244
90	4535	1538
90	4556	1232
90	4565	1212
90	4573	1236
90	4580	1200
90	4598	1204
90	4601	1244
90	4613	1538
90	4634	1232
90	4643	1212
90	4651	1236
90	4658	1200
90	4676	1204
90	4679	1244
90	4691	1538
90	4712	1232
90	4721	1212
90	4729	1236
90	4736	1200
90	4754	1204
90	4757	1244
90	4769	1538
90	4790	1232
90	4799	1212
90	4807	1236
90	4814	1200
90	4832	1204
90	4835	1244
90	4847	1538
90	4868	1232
90	4877	1212
90	4885	1236
90	4892	1200
90	4910	1204
90	4913	1244
90	4925	1538
90	4946	1232
90	4955	1212
90	4963	1236
90	4970	1200
90	4988	1204
90	4991	1244
90	5003	1538
90	5024	1232
90	5033	1212
90	5041	1236
90	5048	1200
90	5066	1204
90	5069	1244
90	5081	1538
90	5102	1232
90	5111	1212
90	5119	1236
90	5126	1200
90	5144	1204
90	5147	1244
90	5159	1538
90	5180	1232
90	5189	1212
90	5197	1236
90	5204	1200
90	5222	1204
90	5225	1244
90	5237	1538
90	5258	1232
90	5267	1212
90	5275	1236
90	5282	1200
90	5300	1204
90	5303	1244
90	5315	1538
90	5336	1232
90	5345	1212
90	5353	1236
90	5360	1200
90	5378	1204
90	5381	1244
90	5393	1538
90	5414	1232
90	5423	1212
90	5431	1236
90	5438	1200
90	5456	1204
90	5459	1244
90	5471	1538
90	5492	1232
90	5501	1212
90	5509	1236
90	5516	1200
90	5534	1204
90	5537	1244
90	5549	1538
90	5570	1232
90	5579	1212
90	5587	1236
90	5594	1200
90	5612	1204
90	5615	1244
90	5627	1538
90	5648	1232
90	5657	1212
90	5665	1236
90	5672	1200
90	5690	1204
90	5693	1244
90	5705	1538
90	5726	1232
90	5735	1212
90	5743	1236
90	5750	1200
90	5768	1204
90	5771	1244
90	5783	1538
90	5804	1232
90	5813	1212
90	5821	1236
90	5828	1200
90	5846	1204
90	5849	1244
90	5861	1538
90	5882	1232
90	5891	1212
90	5899	1236
90	5906	1200
90	5924	1204
90	5927	1244
90	5939	1538
90	5960	1232
90	5969	1212
90	5977	1236
90	5984	1200
90	6002	1204
90	6005	1244
90	6017	1538
90	6038	1232
90	6047	1212
90	6055	1236
90	6062	1200
90	6080	1204
90	6083	1244
91	49	1382
91	62	1230
91	67	1222
91	127	1382
91	140	1230
91	145	1222
91	205	1382
91	218	1230
91	223	1222
91	283	1382
91	296	1230
91	301	1222
91	361	1382
91	374	1230
91	379	1222
91	439	1382
91	452	1230
91	457	1222
91	517	1382
91	530	1230
91	535	1222
91	595	1382
91	608	1230
91	613	1222
91	673	1382
91	686	1230
91	691	1222
91	751	1382
91	764	1230
91	769	1222
91	829	1382
91	842	1230
91	847	1222
91	907	1382
91	920	1230
91	925	1222
91	985	1382
91	998	1230
91	1003	1222
91	1063	1382
91	1076	1230
91	1081	1222
91	1141	1382
91	1154	1230
91	1159	1222
91	1219	1382
91	1232	1230
91	1237	1222
91	1297	1382
91	1310	1230
91	1315	1222
91	1375	1382
91	1388	1230
91	1393	1222
91	1453	1382
91	1466	1230
91	1471	1222
91	1531	1382
91	1544	1230
91	1549	1222
91	1609	1382
91	1622	1230
91	1627	1222
91	1687	1382
91	1700	1230
91	1705	1222
91	1765	1382
91	1778	1230
91	1783	1222
91	1843	1382
91	1856	1230
91	1861	1222
91	1921	1382
91	1934	1230
91	1939	1222
91	1999	1382
91	2012	1230
91	2017	1222
91	2077	1382
91	2090	1230
91	2095	1222
91	2155	1382
91	2168	1230
91	2173	1222
91	2233	1382
91	2246	1230
91	2251	1222
91	2311	1382
91	2324	1230
91	2329	1222
91	2389	1382
91	2402	1230
91	2407	1222
91	2467	1382
91	2480	1230
91	2485	1222
91	2545	1382
91	2558	1230
91	2563	1222
91	2623	1382
91	2636	1230
91	2641	1222
91	2701	1382
91	2714	1230
91	2719	1222
91	2779	1382
91	2792	1230
91	2797	1222
91	2857	1382
91	2870	1230
91	2875	1222
91	2935	1382
91	2948	1230
91	2953	1222
91	3013	1382
91	3026	1230
91	3031	1222
91	3091	1382
91	3104	1230
91	3109	1222
91	3169	1382
91	3182	1230
91	3187	1222
91	3247	1382
91	3260	1230
91	3265	1222
91	3325	1382
91	3338	1230
91	3343	1222
91	3403	1382
91	3416	1230
91	3421	1222
91	3481	1382
91	3494	1230
91	3499	1222
91	3559	1382
91	3572	1230
91	3577	1222
91	3637	1382
91	3650	1230
91	3655	1222
91	3715	1382
91	3728	1230
91	3733	1222
91	3793	1382
91	3806	1230
91	3811	1222
91	3871	1382
91	3884	1230
91	3889	1222
91	3949	1382
91	3962	1230
91	3967	1222
91	4027	1382
91	4040	1230
91	4045	1222
91	4105	1382
91	4118	1230
91	4123	1222
91	4183	1382
91	4196	1230
91	4201	1222
91	4261	1382
91	4274	1230
91	4279	1222
91	4339	1382
91	4352	1230
91	4357	1222
91	4417	1382
91	4430	1230
91	4435	1222
91	4495	1382
91	4508	1230
91	4513	1222
91	4573	1382
91	4586	1230
91	4591	1222
91	4651	1382
91	4664	1230
91	4669	1222
91	4729	1382
91	4742	1230
91	4747	1222
91	4807	1382
91	4820	1230
91	4825	1222
91	4885	1382
91	4898	1230
91	4903	1222
91	4963	1382
91	4976	1230
91	4981	1222
91	5041	1382
91	5054	1230
91	5059	1222
91	5119	1382
91	5132	1230
91	5137	1222
91	5197	1382
91	5210	1230
91	5215	1222
91	5275	1382
91	5288	1230
91	5293	1222
91	5353	1382
91	5366	1230
91	5371	1222
91	5431	1382
91	5444	1230
91	5449	1222
91	5509	1382
91	5522	1230
91	5527	1222
91	5587	1382
91	5600	1230
91	5605	1222
91	5665	1382
91	5678	1230
91	5683	1222
91	5743	1382
91	5756	1230
91	5761	1222
91	5821	1382
91	5834	1230
91	5839	1222
91	5899	1382
91	5912	1230
91	5917	1222
91	5977	1382
91	5990	1230
91	5995	1222
91	6055	1382
91	6068	1230
91	6073	1222
92	22	1312
92	32	1246
92	56	1356
92	67	1290
92	76	1262
92	77	1340
92	100	1312
92	110	1246
92	134	1356
92	145	1290
92	154	1262
92	155	1340
92	178	1312
92	188	1246
92	212	1356
92	223	1290
92	232	1262
92	233	1340
92	256	1312
92	266	1246
92	290	1356
92	301	1290
92	310	1262
92	311	1340
92	334	1312
92	344	1246
92	368	1356
92	379	1290
92	388	1262
92	389	1340
92	412	1312
92	422	1246
92	446	1356
92	457	1290
92	466	1262
92	467	1340
92	490	1312
92	500	1246
92	524	1356
92	535	1290
92	544	1262
92	545	1340
92	568	1312
92	578	1246
92	602	1356
92	613	1290
92	622	1262
92	623	1340
92	646	1312
92	656	1246
92	680	1356
92	691	1290
92	700	1262
92	701	1340
92	724	1312
92	734	1246
92	758	1356
92	769	1290
92	778	1262
92	779	1340
92	802	1312
92	812	1246
92	836	1356
92	847	1290
92	856	1262
92	857	1340
92	880	1312
92	890	1246
92	914	1356
92	925	1290
92	934	1262
92	935	1340
92	958	1312
92	968	1246
92	992	1356
92	1003	1290
92	1012	1262
92	1013	1340
92	1036	1312
92	1046	1246
92	1070	1356
92	1081	1290
92	1090	1262
92	1091	1340
92	1114	1312
92	1124	1246
92	1148	1356
92	1159	1290
92	1168	1262
92	1169	1340
92	1192	1312
92	1202	1246
92	1226	1356
92	1237	1290
92	1246	1262
92	1247	1340
92	1270	1312
92	1280	1246
92	1304	1356
92	1315	1290
92	1324	1262
92	1325	1340
92	1348	1312
92	1358	1246
92	1382	1356
92	1393	1290
92	1402	1262
92	1403	1340
92	1426	1312
92	1436	1246
92	1460	1356
92	1471	1290
92	1480	1262
92	1481	1340
92	1504	1312
92	1514	1246
92	1538	1356
92	1549	1290
92	1558	1262
92	1559	1340
92	1582	1312
92	1592	1246
92	1616	1356
92	1627	1290
92	1636	1262
92	1637	1340
92	1660	1312
92	1670	1246
92	1694	1356
92	1705	1290
92	1714	1262
92	1715	1340
92	1738	1312
92	1748	1246
92	1772	1356
92	1783	1290
92	1792	1262
92	1793	1340
92	1816	1312
92	1826	1246
92	1850	1356
92	1861	1290
92	1870	1262
92	1871	1340
92	1894	1312
92	1904	1246
92	1928	1356
92	1939	1290
92	1948	1262
92	1949	1340
92	1972	1312
92	1982	1246
92	2006	1356
92	2017	1290
92	2026	1262
92	2027	1340
92	2050	1312
92	2060	1246
92	2084	1356
92	2095	1290
92	2104	1262
92	2105	1340
92	2128	1312
92	2138	1246
92	2162	1356
92	2173	1290
92	2182	1262
92	2183	1340
92	2206	1312
92	2216	1246
92	2240	1356
92	2251	1290
92	2260	1262
92	2261	1340
92	2284	1312
92	2294	1246
92	2318	1356
92	2329	1290
92	2338	1262
92	2339	1340
92	2362	1312
92	2372	1246
92	2396	1356
92	2407	1290
92	2416	1262
92	2417	1340
92	2440	1312
92	2450	1246
92	2474	1356
92	2485	1290
92	2494	1262
92	2495	1340
92	2518	1312
92	2528	1246
92	2552	1356
92	2563	1290
92	2572	1262
92	2573	1340
92	2596	1312
92	2606	1246
92	2630	1356
92	2641	1290
92	2650	1262
92	2651	1340
92	2674	1312
92	2684	1246
92	2708	1356
92	2719	1290
92	2728	1262
92	2729	1340
92	2752	1312
92	2762	1246
92	2786	1356
92	2797	1290
92	2806	1262
92	2807	1340
92	2830	1312
92	2840	1246
92	2864	1356
92	2875	1290
92	2884	1262
92	2885	1340
92	2908	1312
92	2918	1246
92	2942	1356
92	2953	1290
92	2962	1262
92	2963	1340
92	2986	1312
92	2996	1246
92	3020	1356
92	3031	1290
92	3040	1262
92	3041	1340
92	3064	1312
92	3074	1246
92	3098	1356
92	3109	1290
92	3118	1262
92	3119	1340
92	3142	1312
92	3152	1246
92	3176	1356
92	3187	1290
92	3196	1262
92	3197	1340
92	3220	1312
92	3230	1246
92	3254	1356
92	3265	1290
92	3274	1262
92	3275	1340
92	3298	1312
92	3308	1246
92	3332	1356
92	3343	1290
92	3352	1262
92	3353	1340
92	3376	1312
92	3386	1246
92	3410	1356
92	3421	1290
92	3430	1262
92	3431	1340
92	3454	1312
92	3464	1246
92	3488	1356
92	3499	1290
92	3508	1262
92	3509	1340
92	3532	1312
92	3542	1246
92	3566	1356
92	3577	1290
92	3586	1262
92	3587	1340
92	3610	1312
92	3620	1246
92	3644	1356
92	3655	1290
92	3664	1262
92	3665	1340
92	3688	1312
92	3698	1246
92	3722	1356
92	3733	1290
92	3742	1262
92	3743	1340
92	3766	1312
92	3776	1246
92	3800	1356
92	3811	1290
92	3820	1262
92	3821	1340
92	3844	1312
92	3854	1246
92	3878	1356
92	3889	1290
92	3898	1262
92	3899	1340
92	3922	1312
92	3932	1246
92	3956	1356
92	3967	1290
92	3976	1262
92	3977	1340
92	4000	1312
92	4010	1246
92	4034	1356
92	4045	1290
92	4054	1262
92	4055	1340
92	4078	1312
92	4088	1246
92	4112	1356
92	4123	1290
92	4132	1262
92	4133	1340
92	4156	1312
92	4166	1246
92	4190	1356
92	4201	1290
92	4210	1262
92	4211	1340
92	4234	1312
92	4244	1246
92	4268	1356
92	4279	1290
92	4288	1262
92	4289	1340
92	4312	1312
92	4322	1246
92	4346	1356
92	4357	1290
92	4366	1262
92	4367	1340
92	4390	1312
92	4400	1246
92	4424	1356
92	4435	1290
92	4444	1262
92	4445	1340
92	4468	1312
92	4478	1246
92	4502	1356
92	4513	1290
92	4522	1262
92	4523	1340
92	4546	1312
92	4556	1246
92	4580	1356
92	4591	1290
92	4600	1262
92	4601	1340
92	4624	1312
92	4634	1246
92	4658	1356
92	4669	1290
92	4678	1262
92	4679	1340
92	4702	1312
92	4712	1246
92	4736	1356
92	4747	1290
92	4756	1262
92	4757	1340
92	4780	1312
92	4790	1246
92	4814	1356
92	4825	1290
92	4834	1262
92	4835	1340
92	4858	1312
92	4868	1246
92	4892	1356
92	4903	1290
92	4912	1262
92	4913	1340
92	4936	1312
92	4946	1246
92	4970	1356
92	4981	1290
92	4990	1262
92	4991	1340
92	5014	1312
92	5024	1246
92	5048	1356
92	5059	1290
92	5068	1262
92	5069	1340
92	5092	1312
92	5102	1246
92	5126	1356
92	5137	1290
92	5146	1262
92	5147	1340
92	5170	1312
92	5180	1246
92	5204	1356
92	5215	1290
92	5224	1262
92	5225	1340
92	5248	1312
92	5258	1246
92	5282	1356
92	5293	1290
92	5302	1262
92	5303	1340
92	5326	1312
92	5336	1246
92	5360	1356
92	5371	1290
92	5380	1262
92	5381	1340
92	5404	1312
92	5414	1246
92	5438	1356
92	5449	1290
92	5458	1262
92	5459	1340
92	5482	1312
92	5492	1246
92	5516	1356
92	5527	1290
92	5536	1262
92	5537	1340
92	5560	1312
92	5570	1246
92	5594	1356
92	5605	1290
92	5614	1262
92	5615	1340
92	5638	1312
92	5648	1246
92	5672	1356
92	5683	1290
92	5692	1262
92	5693	1340
92	5716	1312
92	5726	1246
92	5750	1356
92	5761	1290
92	5770	1262
92	5771	1340
92	5794	1312
92	5804	1246
92	5828	1356
92	5839	1290
92	5848	1262
92	5849	1340
92	5872	1312
92	5882	1246
92	5906	1356
92	5917	1290
92	5926	1262
92	5927	1340
92	5950	1312
92	5960	1246
92	5984	1356
92	5995	1290
92	6004	1262
92	6005	1340
92	6028	1312
92	6038	1246
92	6062	1356
92	6073	1290
92	6082	1262
92	6083	1340
94	11	1412
94	41	1334
94	56	1360
94	74	1326
94	77	1230
94	89	1412
94	119	1334
94	134	1360
94	152	1326
94	155	1230
94	167	1412
94	197	1334
94	212	1360
94	230	1326
94	233	1230
94	245	1412
94	275	1334
94	290	1360
94	308	1326
94	311	1230
94	323	1412
94	353	1334
94	368	1360
94	386	1326
94	389	1230
94	401	1412
94	431	1334
94	446	1360
94	464	1326
94	467	1230
94	479	1412
94	509	1334
94	524	1360
94	542	1326
94	545	1230
94	557	1412
94	587	1334
94	602	1360
94	620	1326
94	623	1230
94	635	1412
94	665	1334
94	680	1360
94	698	1326
94	701	1230
94	713	1412
94	743	1334
94	758	1360
94	776	1326
94	779	1230
94	791	1412
94	821	1334
94	836	1360
94	854	1326
94	857	1230
94	869	1412
94	899	1334
94	914	1360
94	932	1326
94	935	1230
94	947	1412
94	977	1334
94	992	1360
94	1010	1326
94	1013	1230
94	1025	1412
94	1055	1334
94	1070	1360
94	1088	1326
94	1091	1230
94	1103	1412
94	1133	1334
94	1148	1360
94	1166	1326
94	1169	1230
94	1181	1412
94	1211	1334
94	1226	1360
94	1244	1326
94	1247	1230
94	1259	1412
94	1289	1334
94	1304	1360
94	1322	1326
94	1325	1230
94	1337	1412
94	1367	1334
94	1382	1360
94	1400	1326
94	1403	1230
94	1415	1412
94	1445	1334
94	1460	1360
94	1478	1326
94	1481	1230
94	1493	1412
94	1523	1334
94	1538	1360
94	1556	1326
94	1559	1230
94	1571	1412
94	1601	1334
94	1616	1360
94	1634	1326
94	1637	1230
94	1649	1412
94	1679	1334
94	1694	1360
94	1712	1326
94	1715	1230
94	1727	1412
94	1757	1334
94	1772	1360
94	1790	1326
94	1793	1230
94	1805	1412
94	1835	1334
94	1850	1360
94	1868	1326
94	1871	1230
94	1883	1412
94	1913	1334
94	1928	1360
94	1946	1326
94	1949	1230
94	1961	1412
94	1991	1334
94	2006	1360
94	2024	1326
94	2027	1230
94	2039	1412
94	2069	1334
94	2084	1360
94	2102	1326
94	2105	1230
94	2117	1412
94	2147	1334
94	2162	1360
94	2180	1326
94	2183	1230
94	2195	1412
94	2225	1334
94	2240	1360
94	2258	1326
94	2261	1230
94	2273	1412
94	2303	1334
94	2318	1360
94	2336	1326
94	2339	1230
94	2351	1412
94	2381	1334
94	2396	1360
94	2414	1326
94	2417	1230
94	2429	1412
94	2459	1334
94	2474	1360
94	2492	1326
94	2495	1230
94	2507	1412
94	2537	1334
94	2552	1360
94	2570	1326
94	2573	1230
94	2585	1412
94	2615	1334
94	2630	1360
94	2648	1326
94	2651	1230
94	2663	1412
94	2693	1334
94	2708	1360
94	2726	1326
94	2729	1230
94	2741	1412
94	2771	1334
94	2786	1360
94	2804	1326
94	2807	1230
94	2819	1412
94	2849	1334
94	2864	1360
94	2882	1326
94	2885	1230
94	2897	1412
94	2927	1334
94	2942	1360
94	2960	1326
94	2963	1230
94	2975	1412
94	3005	1334
94	3020	1360
94	3038	1326
94	3041	1230
94	3053	1412
94	3083	1334
94	3098	1360
94	3116	1326
94	3119	1230
94	3131	1412
94	3161	1334
94	3176	1360
94	3194	1326
94	3197	1230
94	3209	1412
94	3239	1334
94	3254	1360
94	3272	1326
94	3275	1230
94	3287	1412
94	3317	1334
94	3332	1360
94	3350	1326
94	3353	1230
94	3365	1412
94	3395	1334
94	3410	1360
94	3428	1326
94	3431	1230
94	3443	1412
94	3473	1334
94	3488	1360
94	3506	1326
94	3509	1230
94	3521	1412
94	3551	1334
94	3566	1360
94	3584	1326
94	3587	1230
94	3599	1412
94	3629	1334
94	3644	1360
94	3662	1326
94	3665	1230
94	3677	1412
94	3707	1334
94	3722	1360
94	3740	1326
94	3743	1230
94	3755	1412
94	3785	1334
94	3800	1360
94	3818	1326
94	3821	1230
94	3833	1412
94	3863	1334
94	3878	1360
94	3896	1326
94	3899	1230
94	3911	1412
94	3941	1334
94	3956	1360
94	3974	1326
94	3977	1230
94	3989	1412
94	4019	1334
94	4034	1360
94	4052	1326
94	4055	1230
94	4067	1412
94	4097	1334
94	4112	1360
94	4130	1326
94	4133	1230
94	4145	1412
94	4175	1334
94	4190	1360
94	4208	1326
94	4211	1230
94	4223	1412
94	4253	1334
94	4268	1360
94	4286	1326
94	4289	1230
94	4301	1412
94	4331	1334
94	4346	1360
94	4364	1326
94	4367	1230
94	4379	1412
94	4409	1334
94	4424	1360
94	4442	1326
94	4445	1230
94	4457	1412
94	4487	1334
94	4502	1360
94	4520	1326
94	4523	1230
94	4535	1412
94	4565	1334
94	4580	1360
94	4598	1326
94	4601	1230
94	4613	1412
94	4643	1334
94	4658	1360
94	4676	1326
94	4679	1230
94	4691	1412
94	4721	1334
94	4736	1360
94	4754	1326
94	4757	1230
94	4769	1412
94	4799	1334
94	4814	1360
94	4832	1326
94	4835	1230
94	4847	1412
94	4877	1334
94	4892	1360
94	4910	1326
94	4913	1230
94	4925	1412
94	4955	1334
94	4970	1360
94	4988	1326
94	4991	1230
94	5003	1412
94	5033	1334
94	5048	1360
94	5066	1326
94	5069	1230
94	5081	1412
94	5111	1334
94	5126	1360
94	5144	1326
94	5147	1230
94	5159	1412
94	5189	1334
94	5204	1360
94	5222	1326
94	5225	1230
94	5237	1412
94	5267	1334
94	5282	1360
94	5300	1326
94	5303	1230
94	5315	1412
94	5345	1334
94	5360	1360
94	5378	1326
94	5381	1230
94	5393	1412
94	5423	1334
94	5438	1360
94	5456	1326
94	5459	1230
94	5471	1412
94	5501	1334
94	5516	1360
94	5534	1326
94	5537	1230
94	5549	1412
94	5579	1334
94	5594	1360
94	5612	1326
94	5615	1230
94	5627	1412
94	5657	1334
94	5672	1360
94	5690	1326
94	5693	1230
94	5705	1412
94	5735	1334
94	5750	1360
94	5768	1326
94	5771	1230
94	5783	1412
94	5813	1334
94	5828	1360
94	5846	1326
94	5849	1230
94	5861	1412
94	5891	1334
94	5906	1360
94	5924	1326
94	5927	1230
94	5939	1412
94	5969	1334
94	5984	1360
94	6002	1326
94	6005	1230
94	6017	1412
94	6047	1334
94	6062	1360
94	6080	1326
94	6083	1230
95	11	1398
95	49	1236
95	67	1254
95	71	1346
95	76	1202
95	77	1306
95	89	1398
95	127	1236
95	145	1254
95	149	1346
95	154	1202
95	155	1306
95	167	1398
95	205	1236
95	223	1254
95	227	1346
95	232	1202
95	233	1306
95	245	1398
95	283	1236
95	301	1254
95	305	1346
95	310	1202
95	311	1306
95	323	1398
95	361	1236
95	379	1254
95	383	1346
95	388	1202
95	389	1306
95	401	1398
95	439	1236
95	457	1254
95	461	1346
95	466	1202
95	467	1306
95	479	1398
95	517	1236
95	535	1254
95	539	1346
95	544	1202
95	545	1306
95	557	1398
95	595	1236
95	613	1254
95	617	1346
95	622	1202
95	623	1306
95	635	1398
95	673	1236
95	691	1254
95	695	1346
95	700	1202
95	701	1306
95	713	1398
95	751	1236
95	769	1254
95	773	1346
95	778	1202
95	779	1306
95	791	1398
95	829	1236
95	847	1254
95	851	1346
95	856	1202
95	857	1306
95	869	1398
95	907	1236
95	925	1254
95	929	1346
95	934	1202
95	935	1306
95	947	1398
95	985	1236
95	1003	1254
95	1007	1346
95	1012	1202
95	1013	1306
95	1025	1398
95	1063	1236
95	1081	1254
95	1085	1346
95	1090	1202
95	1091	1306
95	1103	1398
95	1141	1236
95	1159	1254
95	1163	1346
95	1168	1202
95	1169	1306
95	1181	1398
95	1219	1236
95	1237	1254
95	1241	1346
95	1246	1202
95	1247	1306
95	1259	1398
95	1297	1236
95	1315	1254
95	1319	1346
95	1324	1202
95	1325	1306
95	1337	1398
95	1375	1236
95	1393	1254
95	1397	1346
95	1402	1202
95	1403	1306
95	1415	1398
95	1453	1236
95	1471	1254
95	1475	1346
95	1480	1202
95	1481	1306
95	1493	1398
95	1531	1236
95	1549	1254
95	1553	1346
95	1558	1202
95	1559	1306
95	1571	1398
95	1609	1236
95	1627	1254
95	1631	1346
95	1636	1202
95	1637	1306
95	1649	1398
95	1687	1236
95	1705	1254
95	1709	1346
95	1714	1202
95	1715	1306
95	1727	1398
95	1765	1236
95	1783	1254
95	1787	1346
95	1792	1202
95	1793	1306
95	1805	1398
95	1843	1236
95	1861	1254
95	1865	1346
95	1870	1202
95	1871	1306
95	1883	1398
95	1921	1236
95	1939	1254
95	1943	1346
95	1948	1202
95	1949	1306
95	1961	1398
95	1999	1236
95	2017	1254
95	2021	1346
95	2026	1202
95	2027	1306
95	2039	1398
95	2077	1236
95	2095	1254
95	2099	1346
95	2104	1202
95	2105	1306
95	2117	1398
95	2155	1236
95	2173	1254
95	2177	1346
95	2182	1202
95	2183	1306
95	2195	1398
95	2233	1236
95	2251	1254
95	2255	1346
95	2260	1202
95	2261	1306
95	2273	1398
95	2311	1236
95	2329	1254
95	2333	1346
95	2338	1202
95	2339	1306
95	2351	1398
95	2389	1236
95	2407	1254
95	2411	1346
95	2416	1202
95	2417	1306
95	2429	1398
95	2467	1236
95	2485	1254
95	2489	1346
95	2494	1202
95	2495	1306
95	2507	1398
95	2545	1236
95	2563	1254
95	2567	1346
95	2572	1202
95	2573	1306
95	2585	1398
95	2623	1236
95	2641	1254
95	2645	1346
95	2650	1202
95	2651	1306
95	2663	1398
95	2701	1236
95	2719	1254
95	2723	1346
95	2728	1202
95	2729	1306
95	2741	1398
95	2779	1236
95	2797	1254
95	2801	1346
95	2806	1202
95	2807	1306
95	2819	1398
95	2857	1236
95	2875	1254
95	2879	1346
95	2884	1202
95	2885	1306
95	2897	1398
95	2935	1236
95	2953	1254
95	2957	1346
95	2962	1202
95	2963	1306
95	2975	1398
95	3013	1236
95	3031	1254
95	3035	1346
95	3040	1202
95	3041	1306
95	3053	1398
95	3091	1236
95	3109	1254
95	3113	1346
95	3118	1202
95	3119	1306
95	3131	1398
95	3169	1236
95	3187	1254
95	3191	1346
95	3196	1202
95	3197	1306
95	3209	1398
95	3247	1236
95	3265	1254
95	3269	1346
95	3274	1202
95	3275	1306
95	3287	1398
95	3325	1236
95	3343	1254
95	3347	1346
95	3352	1202
95	3353	1306
95	3365	1398
95	3403	1236
95	3421	1254
95	3425	1346
95	3430	1202
95	3431	1306
95	3443	1398
95	3481	1236
95	3499	1254
95	3503	1346
95	3508	1202
95	3509	1306
95	3521	1398
95	3559	1236
95	3577	1254
95	3581	1346
95	3586	1202
95	3587	1306
95	3599	1398
95	3637	1236
95	3655	1254
95	3659	1346
95	3664	1202
95	3665	1306
95	3677	1398
95	3715	1236
95	3733	1254
95	3737	1346
95	3742	1202
95	3743	1306
95	3755	1398
95	3793	1236
95	3811	1254
95	3815	1346
95	3820	1202
95	3821	1306
95	3833	1398
95	3871	1236
95	3889	1254
95	3893	1346
95	3898	1202
95	3899	1306
95	3911	1398
95	3949	1236
95	3967	1254
95	3971	1346
95	3976	1202
95	3977	1306
95	3989	1398
95	4027	1236
95	4045	1254
95	4049	1346
95	4054	1202
95	4055	1306
95	4067	1398
95	4105	1236
95	4123	1254
95	4127	1346
95	4132	1202
95	4133	1306
95	4145	1398
95	4183	1236
95	4201	1254
95	4205	1346
95	4210	1202
95	4211	1306
95	4223	1398
95	4261	1236
95	4279	1254
95	4283	1346
95	4288	1202
95	4289	1306
95	4301	1398
95	4339	1236
95	4357	1254
95	4361	1346
95	4366	1202
95	4367	1306
95	4379	1398
95	4417	1236
95	4435	1254
95	4439	1346
95	4444	1202
95	4445	1306
95	4457	1398
95	4495	1236
95	4513	1254
95	4517	1346
95	4522	1202
95	4523	1306
95	4535	1398
95	4573	1236
95	4591	1254
95	4595	1346
95	4600	1202
95	4601	1306
95	4613	1398
95	4651	1236
95	4669	1254
95	4673	1346
95	4678	1202
95	4679	1306
95	4691	1398
95	4729	1236
95	4747	1254
95	4751	1346
95	4756	1202
95	4757	1306
95	4769	1398
95	4807	1236
95	4825	1254
95	4829	1346
95	4834	1202
95	4835	1306
95	4847	1398
95	4885	1236
95	4903	1254
95	4907	1346
95	4912	1202
95	4913	1306
95	4925	1398
95	4963	1236
95	4981	1254
95	4985	1346
95	4990	1202
95	4991	1306
95	5003	1398
95	5041	1236
95	5059	1254
95	5063	1346
95	5068	1202
95	5069	1306
95	5081	1398
95	5119	1236
95	5137	1254
95	5141	1346
95	5146	1202
95	5147	1306
95	5159	1398
95	5197	1236
95	5215	1254
95	5219	1346
95	5224	1202
95	5225	1306
95	5237	1398
95	5275	1236
95	5293	1254
95	5297	1346
95	5302	1202
95	5303	1306
95	5315	1398
95	5353	1236
95	5371	1254
95	5375	1346
95	5380	1202
95	5381	1306
95	5393	1398
95	5431	1236
95	5449	1254
95	5453	1346
95	5458	1202
95	5459	1306
95	5471	1398
95	5509	1236
95	5527	1254
95	5531	1346
95	5536	1202
95	5537	1306
95	5549	1398
95	5587	1236
95	5605	1254
95	5609	1346
95	5614	1202
95	5615	1306
95	5627	1398
95	5665	1236
95	5683	1254
95	5687	1346
95	5692	1202
95	5693	1306
95	5705	1398
95	5743	1236
95	5761	1254
95	5765	1346
95	5770	1202
95	5771	1306
95	5783	1398
95	5821	1236
95	5839	1254
95	5843	1346
95	5848	1202
95	5849	1306
95	5861	1398
95	5899	1236
95	5917	1254
95	5921	1346
95	5926	1202
95	5927	1306
95	5939	1398
95	5977	1236
95	5995	1254
95	5999	1346
95	6004	1202
95	6005	1306
95	6017	1398
95	6055	1236
95	6073	1254
95	6077	1346
95	6082	1202
95	6083	1306
96	11	1398
96	67	1254
96	74	1202
96	76	1306
96	89	1398
96	145	1254
96	152	1202
96	154	1306
96	167	1398
96	223	1254
96	230	1202
96	232	1306
96	245	1398
96	301	1254
96	308	1202
96	310	1306
96	323	1398
96	379	1254
96	386	1202
96	388	1306
96	401	1398
96	457	1254
96	464	1202
96	466	1306
96	479	1398
96	535	1254
96	542	1202
96	544	1306
96	557	1398
96	613	1254
96	620	1202
96	622	1306
96	635	1398
96	691	1254
96	698	1202
96	700	1306
96	713	1398
96	769	1254
96	776	1202
96	778	1306
96	791	1398
96	847	1254
96	854	1202
96	856	1306
96	869	1398
96	925	1254
96	932	1202
96	934	1306
96	947	1398
96	1003	1254
96	1010	1202
96	1012	1306
96	1025	1398
96	1081	1254
96	1088	1202
96	1090	1306
96	1103	1398
96	1159	1254
96	1166	1202
96	1168	1306
96	1181	1398
96	1237	1254
96	1244	1202
96	1246	1306
96	1259	1398
96	1315	1254
96	1322	1202
96	1324	1306
96	1337	1398
96	1393	1254
96	1400	1202
96	1402	1306
96	1415	1398
96	1471	1254
96	1478	1202
96	1480	1306
96	1493	1398
96	1549	1254
96	1556	1202
96	1558	1306
96	1571	1398
96	1627	1254
96	1634	1202
96	1636	1306
96	1649	1398
96	1705	1254
96	1712	1202
96	1714	1306
96	1727	1398
96	1783	1254
96	1790	1202
96	1792	1306
96	1805	1398
96	1861	1254
96	1868	1202
96	1870	1306
96	1883	1398
96	1939	1254
96	1946	1202
96	1948	1306
96	1961	1398
96	2017	1254
96	2024	1202
96	2026	1306
96	2039	1398
96	2095	1254
96	2102	1202
96	2104	1306
96	2117	1398
96	2173	1254
96	2180	1202
96	2182	1306
96	2195	1398
96	2251	1254
96	2258	1202
96	2260	1306
96	2273	1398
96	2329	1254
96	2336	1202
96	2338	1306
96	2351	1398
96	2407	1254
96	2414	1202
96	2416	1306
96	2429	1398
96	2485	1254
96	2492	1202
96	2494	1306
96	2507	1398
96	2563	1254
96	2570	1202
96	2572	1306
96	2585	1398
96	2641	1254
96	2648	1202
96	2650	1306
96	2663	1398
96	2719	1254
96	2726	1202
96	2728	1306
96	2741	1398
96	2797	1254
96	2804	1202
96	2806	1306
96	2819	1398
96	2875	1254
96	2882	1202
96	2884	1306
96	2897	1398
96	2953	1254
96	2960	1202
96	2962	1306
96	2975	1398
96	3031	1254
96	3038	1202
96	3040	1306
96	3053	1398
96	3109	1254
96	3116	1202
96	3118	1306
96	3131	1398
96	3187	1254
96	3194	1202
96	3196	1306
96	3209	1398
96	3265	1254
96	3272	1202
96	3274	1306
96	3287	1398
96	3343	1254
96	3350	1202
96	3352	1306
96	3365	1398
96	3421	1254
96	3428	1202
96	3430	1306
96	3443	1398
96	3499	1254
96	3506	1202
96	3508	1306
96	3521	1398
96	3577	1254
96	3584	1202
96	3586	1306
96	3599	1398
96	3655	1254
96	3662	1202
96	3664	1306
96	3677	1398
96	3733	1254
96	3740	1202
96	3742	1306
96	3755	1398
96	3811	1254
96	3818	1202
96	3820	1306
96	3833	1398
96	3889	1254
96	3896	1202
96	3898	1306
96	3911	1398
96	3967	1254
96	3974	1202
96	3976	1306
96	3989	1398
96	4045	1254
96	4052	1202
96	4054	1306
96	4067	1398
96	4123	1254
96	4130	1202
96	4132	1306
96	4145	1398
96	4201	1254
96	4208	1202
96	4210	1306
96	4223	1398
96	4279	1254
96	4286	1202
96	4288	1306
96	4301	1398
96	4357	1254
96	4364	1202
96	4366	1306
96	4379	1398
96	4435	1254
96	4442	1202
96	4444	1306
96	4457	1398
96	4513	1254
96	4520	1202
96	4522	1306
96	4535	1398
96	4591	1254
96	4598	1202
96	4600	1306
96	4613	1398
96	4669	1254
96	4676	1202
96	4678	1306
96	4691	1398
96	4747	1254
96	4754	1202
96	4756	1306
96	4769	1398
96	4825	1254
96	4832	1202
96	4834	1306
96	4847	1398
96	4903	1254
96	4910	1202
96	4912	1306
96	4925	1398
96	4981	1254
96	4988	1202
96	4990	1306
96	5003	1398
96	5059	1254
96	5066	1202
96	5068	1306
96	5081	1398
96	5137	1254
96	5144	1202
96	5146	1306
96	5159	1398
96	5215	1254
96	5222	1202
96	5224	1306
96	5237	1398
96	5293	1254
96	5300	1202
96	5302	1306
96	5315	1398
96	5371	1254
96	5378	1202
96	5380	1306
96	5393	1398
96	5449	1254
96	5456	1202
96	5458	1306
96	5471	1398
96	5527	1254
96	5534	1202
96	5536	1306
96	5549	1398
96	5605	1254
96	5612	1202
96	5614	1306
96	5627	1398
96	5683	1254
96	5690	1202
96	5692	1306
96	5705	1398
96	5761	1254
96	5768	1202
96	5770	1306
96	5783	1398
96	5839	1254
96	5846	1202
96	5848	1306
96	5861	1398
96	5917	1254
96	5924	1202
96	5926	1306
96	5939	1398
96	5995	1254
96	6002	1202
96	6004	1306
96	6017	1398
96	6073	1254
96	6080	1202
96	6082	1306
97	22	1312
97	32	1246
97	41	1318
97	67	1290
97	76	1262
97	77	1340
97	100	1312
97	110	1246
97	119	1318
97	145	1290
97	154	1262
97	155	1340
97	178	1312
97	188	1246
97	197	1318
97	223	1290
97	232	1262
97	233	1340
97	256	1312
97	266	1246
97	275	1318
97	301	1290
97	310	1262
97	311	1340
97	334	1312
97	344	1246
97	353	1318
97	379	1290
97	388	1262
97	389	1340
97	412	1312
97	422	1246
97	431	1318
97	457	1290
97	466	1262
97	467	1340
97	490	1312
97	500	1246
97	509	1318
97	535	1290
97	544	1262
97	545	1340
97	568	1312
97	578	1246
97	587	1318
97	613	1290
97	622	1262
97	623	1340
97	646	1312
97	656	1246
97	665	1318
97	691	1290
97	700	1262
97	701	1340
97	724	1312
97	734	1246
97	743	1318
97	769	1290
97	778	1262
97	779	1340
97	802	1312
97	812	1246
97	821	1318
97	847	1290
97	856	1262
97	857	1340
97	880	1312
97	890	1246
97	899	1318
97	925	1290
97	934	1262
97	935	1340
97	958	1312
97	968	1246
97	977	1318
97	1003	1290
97	1012	1262
97	1013	1340
97	1036	1312
97	1046	1246
97	1055	1318
97	1081	1290
97	1090	1262
97	1091	1340
97	1114	1312
97	1124	1246
97	1133	1318
97	1159	1290
97	1168	1262
97	1169	1340
97	1192	1312
97	1202	1246
97	1211	1318
97	1237	1290
97	1246	1262
97	1247	1340
97	1270	1312
97	1280	1246
97	1289	1318
97	1315	1290
97	1324	1262
97	1325	1340
97	1348	1312
97	1358	1246
97	1367	1318
97	1393	1290
97	1402	1262
97	1403	1340
97	1426	1312
97	1436	1246
97	1445	1318
97	1471	1290
97	1480	1262
97	1481	1340
97	1504	1312
97	1514	1246
97	1523	1318
97	1549	1290
97	1558	1262
97	1559	1340
97	1582	1312
97	1592	1246
97	1601	1318
97	1627	1290
97	1636	1262
97	1637	1340
97	1660	1312
97	1670	1246
97	1679	1318
97	1705	1290
97	1714	1262
97	1715	1340
97	1738	1312
97	1748	1246
97	1757	1318
97	1783	1290
97	1792	1262
97	1793	1340
97	1816	1312
97	1826	1246
97	1835	1318
97	1861	1290
97	1870	1262
97	1871	1340
97	1894	1312
97	1904	1246
97	1913	1318
97	1939	1290
97	1948	1262
97	1949	1340
97	1972	1312
97	1982	1246
97	1991	1318
97	2017	1290
97	2026	1262
97	2027	1340
97	2050	1312
97	2060	1246
97	2069	1318
97	2095	1290
97	2104	1262
97	2105	1340
97	2128	1312
97	2138	1246
97	2147	1318
97	2173	1290
97	2182	1262
97	2183	1340
97	2206	1312
97	2216	1246
97	2225	1318
97	2251	1290
97	2260	1262
97	2261	1340
97	2284	1312
97	2294	1246
97	2303	1318
97	2329	1290
97	2338	1262
97	2339	1340
97	2362	1312
97	2372	1246
97	2381	1318
97	2407	1290
97	2416	1262
97	2417	1340
97	2440	1312
97	2450	1246
97	2459	1318
97	2485	1290
97	2494	1262
97	2495	1340
97	2518	1312
97	2528	1246
97	2537	1318
97	2563	1290
97	2572	1262
97	2573	1340
97	2596	1312
97	2606	1246
97	2615	1318
97	2641	1290
97	2650	1262
97	2651	1340
97	2674	1312
97	2684	1246
97	2693	1318
97	2719	1290
97	2728	1262
97	2729	1340
97	2752	1312
97	2762	1246
97	2771	1318
97	2797	1290
97	2806	1262
97	2807	1340
97	2830	1312
97	2840	1246
97	2849	1318
97	2875	1290
97	2884	1262
97	2885	1340
97	2908	1312
97	2918	1246
97	2927	1318
97	2953	1290
97	2962	1262
97	2963	1340
97	2986	1312
97	2996	1246
97	3005	1318
97	3031	1290
97	3040	1262
97	3041	1340
97	3064	1312
97	3074	1246
97	3083	1318
97	3109	1290
97	3118	1262
97	3119	1340
97	3142	1312
97	3152	1246
97	3161	1318
97	3187	1290
97	3196	1262
97	3197	1340
97	3220	1312
97	3230	1246
97	3239	1318
97	3265	1290
97	3274	1262
97	3275	1340
97	3298	1312
97	3308	1246
97	3317	1318
97	3343	1290
97	3352	1262
97	3353	1340
97	3376	1312
97	3386	1246
97	3395	1318
97	3421	1290
97	3430	1262
97	3431	1340
97	3454	1312
97	3464	1246
97	3473	1318
97	3499	1290
97	3508	1262
97	3509	1340
97	3532	1312
97	3542	1246
97	3551	1318
97	3577	1290
97	3586	1262
97	3587	1340
97	3610	1312
97	3620	1246
97	3629	1318
97	3655	1290
97	3664	1262
97	3665	1340
97	3688	1312
97	3698	1246
97	3707	1318
97	3733	1290
97	3742	1262
97	3743	1340
97	3766	1312
97	3776	1246
97	3785	1318
97	3811	1290
97	3820	1262
97	3821	1340
97	3844	1312
97	3854	1246
97	3863	1318
97	3889	1290
97	3898	1262
97	3899	1340
97	3922	1312
97	3932	1246
97	3941	1318
97	3967	1290
97	3976	1262
97	3977	1340
97	4000	1312
97	4010	1246
97	4019	1318
97	4045	1290
97	4054	1262
97	4055	1340
97	4078	1312
97	4088	1246
97	4097	1318
97	4123	1290
97	4132	1262
97	4133	1340
97	4156	1312
97	4166	1246
97	4175	1318
97	4201	1290
97	4210	1262
97	4211	1340
97	4234	1312
97	4244	1246
97	4253	1318
97	4279	1290
97	4288	1262
97	4289	1340
97	4312	1312
97	4322	1246
97	4331	1318
97	4357	1290
97	4366	1262
97	4367	1340
97	4390	1312
97	4400	1246
97	4409	1318
97	4435	1290
97	4444	1262
97	4445	1340
97	4468	1312
97	4478	1246
97	4487	1318
97	4513	1290
97	4522	1262
97	4523	1340
97	4546	1312
97	4556	1246
97	4565	1318
97	4591	1290
97	4600	1262
97	4601	1340
97	4624	1312
97	4634	1246
97	4643	1318
97	4669	1290
97	4678	1262
97	4679	1340
97	4702	1312
97	4712	1246
97	4721	1318
97	4747	1290
97	4756	1262
97	4757	1340
97	4780	1312
97	4790	1246
97	4799	1318
97	4825	1290
97	4834	1262
97	4835	1340
97	4858	1312
97	4868	1246
97	4877	1318
97	4903	1290
97	4912	1262
97	4913	1340
97	4936	1312
97	4946	1246
97	4955	1318
97	4981	1290
97	4990	1262
97	4991	1340
97	5014	1312
97	5024	1246
97	5033	1318
97	5059	1290
97	5068	1262
97	5069	1340
97	5092	1312
97	5102	1246
97	5111	1318
97	5137	1290
97	5146	1262
97	5147	1340
97	5170	1312
97	5180	1246
97	5189	1318
97	5215	1290
97	5224	1262
97	5225	1340
97	5248	1312
97	5258	1246
97	5267	1318
97	5293	1290
97	5302	1262
97	5303	1340
97	5326	1312
97	5336	1246
97	5345	1318
97	5371	1290
97	5380	1262
97	5381	1340
97	5404	1312
97	5414	1246
97	5423	1318
97	5449	1290
97	5458	1262
97	5459	1340
97	5482	1312
97	5492	1246
97	5501	1318
97	5527	1290
97	5536	1262
97	5537	1340
97	5560	1312
97	5570	1246
97	5579	1318
97	5605	1290
97	5614	1262
97	5615	1340
97	5638	1312
97	5648	1246
97	5657	1318
97	5683	1290
97	5692	1262
97	5693	1340
97	5716	1312
97	5726	1246
97	5735	1318
97	5761	1290
97	5770	1262
97	5771	1340
97	5794	1312
97	5804	1246
97	5813	1318
97	5839	1290
97	5848	1262
97	5849	1340
97	5872	1312
97	5882	1246
97	5891	1318
97	5917	1290
97	5926	1262
97	5927	1340
97	5950	1312
97	5960	1246
97	5969	1318
97	5995	1290
97	6004	1262
97	6005	1340
97	6028	1312
97	6038	1246
97	6047	1318
97	6073	1290
97	6082	1262
97	6083	1340
98	32	1232
98	41	1212
98	49	1236
98	56	1200
98	62	1216
98	67	1208
98	71	1228
98	76	1204
98	110	1232
98	119	1212
98	127	1236
98	134	1200
98	140	1216
98	145	1208
98	149	1228
98	154	1204
98	188	1232
98	197	1212
98	205	1236
98	212	1200
98	218	1216
98	223	1208
98	227	1228
98	232	1204
98	266	1232
98	275	1212
98	283	1236
98	290	1200
98	296	1216
98	301	1208
98	305	1228
98	310	1204
98	344	1232
98	353	1212
98	361	1236
98	368	1200
98	374	1216
98	379	1208
98	383	1228
98	388	1204
98	422	1232
98	431	1212
98	439	1236
98	446	1200
98	452	1216
98	457	1208
98	461	1228
98	466	1204
98	500	1232
98	509	1212
98	517	1236
98	524	1200
98	530	1216
98	535	1208
98	539	1228
98	544	1204
98	578	1232
98	587	1212
98	595	1236
98	602	1200
98	608	1216
98	613	1208
98	617	1228
98	622	1204
98	656	1232
98	665	1212
98	673	1236
98	680	1200
98	686	1216
98	691	1208
98	695	1228
98	700	1204
98	734	1232
98	743	1212
98	751	1236
98	758	1200
98	764	1216
98	769	1208
98	773	1228
98	778	1204
98	812	1232
98	821	1212
98	829	1236
98	836	1200
98	842	1216
98	847	1208
98	851	1228
98	856	1204
98	890	1232
98	899	1212
98	907	1236
98	914	1200
98	920	1216
98	925	1208
98	929	1228
98	934	1204
98	968	1232
98	977	1212
98	985	1236
98	992	1200
98	998	1216
98	1003	1208
98	1007	1228
98	1012	1204
98	1046	1232
98	1055	1212
98	1063	1236
98	1070	1200
98	1076	1216
98	1081	1208
98	1085	1228
98	1090	1204
98	1124	1232
98	1133	1212
98	1141	1236
98	1148	1200
98	1154	1216
98	1159	1208
98	1163	1228
98	1168	1204
98	1202	1232
98	1211	1212
98	1219	1236
98	1226	1200
98	1232	1216
98	1237	1208
98	1241	1228
98	1246	1204
98	1280	1232
98	1289	1212
98	1297	1236
98	1304	1200
98	1310	1216
98	1315	1208
98	1319	1228
98	1324	1204
98	1358	1232
98	1367	1212
98	1375	1236
98	1382	1200
98	1388	1216
98	1393	1208
98	1397	1228
98	1402	1204
98	1436	1232
98	1445	1212
98	1453	1236
98	1460	1200
98	1466	1216
98	1471	1208
98	1475	1228
98	1480	1204
98	1514	1232
98	1523	1212
98	1531	1236
98	1538	1200
98	1544	1216
98	1549	1208
98	1553	1228
98	1558	1204
98	1592	1232
98	1601	1212
98	1609	1236
98	1616	1200
98	1622	1216
98	1627	1208
98	1631	1228
98	1636	1204
98	1670	1232
98	1679	1212
98	1687	1236
98	1694	1200
98	1700	1216
98	1705	1208
98	1709	1228
98	1714	1204
98	1748	1232
98	1757	1212
98	1765	1236
98	1772	1200
98	1778	1216
98	1783	1208
98	1787	1228
98	1792	1204
98	1826	1232
98	1835	1212
98	1843	1236
98	1850	1200
98	1856	1216
98	1861	1208
98	1865	1228
98	1870	1204
98	1904	1232
98	1913	1212
98	1921	1236
98	1928	1200
98	1934	1216
98	1939	1208
98	1943	1228
98	1948	1204
98	1982	1232
98	1991	1212
98	1999	1236
98	2006	1200
98	2012	1216
98	2017	1208
98	2021	1228
98	2026	1204
98	2060	1232
98	2069	1212
98	2077	1236
98	2084	1200
98	2090	1216
98	2095	1208
98	2099	1228
98	2104	1204
98	2138	1232
98	2147	1212
98	2155	1236
98	2162	1200
98	2168	1216
98	2173	1208
98	2177	1228
98	2182	1204
98	2216	1232
98	2225	1212
98	2233	1236
98	2240	1200
98	2246	1216
98	2251	1208
98	2255	1228
98	2260	1204
98	2294	1232
98	2303	1212
98	2311	1236
98	2318	1200
98	2324	1216
98	2329	1208
98	2333	1228
98	2338	1204
98	2372	1232
98	2381	1212
98	2389	1236
98	2396	1200
98	2402	1216
98	2407	1208
98	2411	1228
98	2416	1204
98	2450	1232
98	2459	1212
98	2467	1236
98	2474	1200
98	2480	1216
98	2485	1208
98	2489	1228
98	2494	1204
98	2528	1232
98	2537	1212
98	2545	1236
98	2552	1200
98	2558	1216
98	2563	1208
98	2567	1228
98	2572	1204
98	2606	1232
98	2615	1212
98	2623	1236
98	2630	1200
98	2636	1216
98	2641	1208
98	2645	1228
98	2650	1204
98	2684	1232
98	2693	1212
98	2701	1236
98	2708	1200
98	2714	1216
98	2719	1208
98	2723	1228
98	2728	1204
98	2762	1232
98	2771	1212
98	2779	1236
98	2786	1200
98	2792	1216
98	2797	1208
98	2801	1228
98	2806	1204
98	2840	1232
98	2849	1212
98	2857	1236
98	2864	1200
98	2870	1216
98	2875	1208
98	2879	1228
98	2884	1204
98	2918	1232
98	2927	1212
98	2935	1236
98	2942	1200
98	2948	1216
98	2953	1208
98	2957	1228
98	2962	1204
98	2996	1232
98	3005	1212
98	3013	1236
98	3020	1200
98	3026	1216
98	3031	1208
98	3035	1228
98	3040	1204
98	3074	1232
98	3083	1212
98	3091	1236
98	3098	1200
98	3104	1216
98	3109	1208
98	3113	1228
98	3118	1204
98	3152	1232
98	3161	1212
98	3169	1236
98	3176	1200
98	3182	1216
98	3187	1208
98	3191	1228
98	3196	1204
98	3230	1232
98	3239	1212
98	3247	1236
98	3254	1200
98	3260	1216
98	3265	1208
98	3269	1228
98	3274	1204
98	3308	1232
98	3317	1212
98	3325	1236
98	3332	1200
98	3338	1216
98	3343	1208
98	3347	1228
98	3352	1204
98	3386	1232
98	3395	1212
98	3403	1236
98	3410	1200
98	3416	1216
98	3421	1208
98	3425	1228
98	3430	1204
98	3464	1232
98	3473	1212
98	3481	1236
98	3488	1200
98	3494	1216
98	3499	1208
98	3503	1228
98	3508	1204
98	3542	1232
98	3551	1212
98	3559	1236
98	3566	1200
98	3572	1216
98	3577	1208
98	3581	1228
98	3586	1204
98	3620	1232
98	3629	1212
98	3637	1236
98	3644	1200
98	3650	1216
98	3655	1208
98	3659	1228
98	3664	1204
98	3698	1232
98	3707	1212
98	3715	1236
98	3722	1200
98	3728	1216
98	3733	1208
98	3737	1228
98	3742	1204
98	3776	1232
98	3785	1212
98	3793	1236
98	3800	1200
98	3806	1216
98	3811	1208
98	3815	1228
98	3820	1204
98	3854	1232
98	3863	1212
98	3871	1236
98	3878	1200
98	3884	1216
98	3889	1208
98	3893	1228
98	3898	1204
98	3932	1232
98	3941	1212
98	3949	1236
98	3956	1200
98	3962	1216
98	3967	1208
98	3971	1228
98	3976	1204
98	4010	1232
98	4019	1212
98	4027	1236
98	4034	1200
98	4040	1216
98	4045	1208
98	4049	1228
98	4054	1204
98	4088	1232
98	4097	1212
98	4105	1236
98	4112	1200
98	4118	1216
98	4123	1208
98	4127	1228
98	4132	1204
98	4166	1232
98	4175	1212
98	4183	1236
98	4190	1200
98	4196	1216
98	4201	1208
98	4205	1228
98	4210	1204
98	4244	1232
98	4253	1212
98	4261	1236
98	4268	1200
98	4274	1216
98	4279	1208
98	4283	1228
98	4288	1204
98	4322	1232
98	4331	1212
98	4339	1236
98	4346	1200
98	4352	1216
98	4357	1208
98	4361	1228
98	4366	1204
98	4400	1232
98	4409	1212
98	4417	1236
98	4424	1200
98	4430	1216
98	4435	1208
98	4439	1228
98	4444	1204
98	4478	1232
98	4487	1212
98	4495	1236
98	4502	1200
98	4508	1216
98	4513	1208
98	4517	1228
98	4522	1204
98	4556	1232
98	4565	1212
98	4573	1236
98	4580	1200
98	4586	1216
98	4591	1208
98	4595	1228
98	4600	1204
98	4634	1232
98	4643	1212
98	4651	1236
98	4658	1200
98	4664	1216
98	4669	1208
98	4673	1228
98	4678	1204
98	4712	1232
98	4721	1212
98	4729	1236
98	4736	1200
98	4742	1216
98	4747	1208
98	4751	1228
98	4756	1204
98	4790	1232
98	4799	1212
98	4807	1236
98	4814	1200
98	4820	1216
98	4825	1208
98	4829	1228
98	4834	1204
98	4868	1232
98	4877	1212
98	4885	1236
98	4892	1200
98	4898	1216
98	4903	1208
98	4907	1228
98	4912	1204
98	4946	1232
98	4955	1212
98	4963	1236
98	4970	1200
98	4976	1216
98	4981	1208
98	4985	1228
98	4990	1204
98	5024	1232
98	5033	1212
98	5041	1236
98	5048	1200
98	5054	1216
98	5059	1208
98	5063	1228
98	5068	1204
98	5102	1232
98	5111	1212
98	5119	1236
98	5126	1200
98	5132	1216
98	5137	1208
98	5141	1228
98	5146	1204
98	5180	1232
98	5189	1212
98	5197	1236
98	5204	1200
98	5210	1216
98	5215	1208
98	5219	1228
98	5224	1204
98	5258	1232
98	5267	1212
98	5275	1236
98	5282	1200
98	5288	1216
98	5293	1208
98	5297	1228
98	5302	1204
98	5336	1232
98	5345	1212
98	5353	1236
98	5360	1200
98	5366	1216
98	5371	1208
98	5375	1228
98	5380	1204
98	5414	1232
98	5423	1212
98	5431	1236
98	5438	1200
98	5444	1216
98	5449	1208
98	5453	1228
98	5458	1204
98	5492	1232
98	5501	1212
98	5509	1236
98	5516	1200
98	5522	1216
98	5527	1208
98	5531	1228
98	5536	1204
98	5570	1232
98	5579	1212
98	5587	1236
98	5594	1200
98	5600	1216
98	5605	1208
98	5609	1228
98	5614	1204
98	5648	1232
98	5657	1212
98	5665	1236
98	5672	1200
98	5678	1216
98	5683	1208
98	5687	1228
98	5692	1204
98	5726	1232
98	5735	1212
98	5743	1236
98	5750	1200
98	5756	1216
98	5761	1208
98	5765	1228
98	5770	1204
98	5804	1232
98	5813	1212
98	5821	1236
98	5828	1200
98	5834	1216
98	5839	1208
98	5843	1228
98	5848	1204
98	5882	1232
98	5891	1212
98	5899	1236
98	5906	1200
98	5912	1216
98	5917	1208
98	5921	1228
98	5926	1204
98	5960	1232
98	5969	1212
98	5977	1236
98	5984	1200
98	5990	1216
98	5995	1208
98	5999	1228
98	6004	1204
98	6038	1232
98	6047	1212
98	6055	1236
98	6062	1200
98	6068	1216
98	6073	1208
98	6077	1228
98	6082	1204
99	22	1312
99	32	1246
99	41	1318
99	56	1356
99	62	1290
99	74	1262
99	76	1340
99	100	1312
99	110	1246
99	119	1318
99	134	1356
99	140	1290
99	152	1262
99	154	1340
99	178	1312
99	188	1246
99	197	1318
99	212	1356
99	218	1290
99	230	1262
99	232	1340
99	256	1312
99	266	1246
99	275	1318
99	290	1356
99	296	1290
99	308	1262
99	310	1340
99	334	1312
99	344	1246
99	353	1318
99	368	1356
99	374	1290
99	386	1262
99	388	1340
99	412	1312
99	422	1246
99	431	1318
99	446	1356
99	452	1290
99	464	1262
99	466	1340
99	490	1312
99	500	1246
99	509	1318
99	524	1356
99	530	1290
99	542	1262
99	544	1340
99	568	1312
99	578	1246
99	587	1318
99	602	1356
99	608	1290
99	620	1262
99	622	1340
99	646	1312
99	656	1246
99	665	1318
99	680	1356
99	686	1290
99	698	1262
99	700	1340
99	724	1312
99	734	1246
99	743	1318
99	758	1356
99	764	1290
99	776	1262
99	778	1340
99	802	1312
99	812	1246
99	821	1318
99	836	1356
99	842	1290
99	854	1262
99	856	1340
99	880	1312
99	890	1246
99	899	1318
99	914	1356
99	920	1290
99	932	1262
99	934	1340
99	958	1312
99	968	1246
99	977	1318
99	992	1356
99	998	1290
99	1010	1262
99	1012	1340
99	1036	1312
99	1046	1246
99	1055	1318
99	1070	1356
99	1076	1290
99	1088	1262
99	1090	1340
99	1114	1312
99	1124	1246
99	1133	1318
99	1148	1356
99	1154	1290
99	1166	1262
99	1168	1340
99	1192	1312
99	1202	1246
99	1211	1318
99	1226	1356
99	1232	1290
99	1244	1262
99	1246	1340
99	1270	1312
99	1280	1246
99	1289	1318
99	1304	1356
99	1310	1290
99	1322	1262
99	1324	1340
99	1348	1312
99	1358	1246
99	1367	1318
99	1382	1356
99	1388	1290
99	1400	1262
99	1402	1340
99	1426	1312
99	1436	1246
99	1445	1318
99	1460	1356
99	1466	1290
99	1478	1262
99	1480	1340
99	1504	1312
99	1514	1246
99	1523	1318
99	1538	1356
99	1544	1290
99	1556	1262
99	1558	1340
99	1582	1312
99	1592	1246
99	1601	1318
99	1616	1356
99	1622	1290
99	1634	1262
99	1636	1340
99	1660	1312
99	1670	1246
99	1679	1318
99	1694	1356
99	1700	1290
99	1712	1262
99	1714	1340
99	1738	1312
99	1748	1246
99	1757	1318
99	1772	1356
99	1778	1290
99	1790	1262
99	1792	1340
99	1816	1312
99	1826	1246
99	1835	1318
99	1850	1356
99	1856	1290
99	1868	1262
99	1870	1340
99	1894	1312
99	1904	1246
99	1913	1318
99	1928	1356
99	1934	1290
99	1946	1262
99	1948	1340
99	1972	1312
99	1982	1246
99	1991	1318
99	2006	1356
99	2012	1290
99	2024	1262
99	2026	1340
99	2050	1312
99	2060	1246
99	2069	1318
99	2084	1356
99	2090	1290
99	2102	1262
99	2104	1340
99	2128	1312
99	2138	1246
99	2147	1318
99	2162	1356
99	2168	1290
99	2180	1262
99	2182	1340
99	2206	1312
99	2216	1246
99	2225	1318
99	2240	1356
99	2246	1290
99	2258	1262
99	2260	1340
99	2284	1312
99	2294	1246
99	2303	1318
99	2318	1356
99	2324	1290
99	2336	1262
99	2338	1340
99	2362	1312
99	2372	1246
99	2381	1318
99	2396	1356
99	2402	1290
99	2414	1262
99	2416	1340
99	2440	1312
99	2450	1246
99	2459	1318
99	2474	1356
99	2480	1290
99	2492	1262
99	2494	1340
99	2518	1312
99	2528	1246
99	2537	1318
99	2552	1356
99	2558	1290
99	2570	1262
99	2572	1340
99	2596	1312
99	2606	1246
99	2615	1318
99	2630	1356
99	2636	1290
99	2648	1262
99	2650	1340
99	2674	1312
99	2684	1246
99	2693	1318
99	2708	1356
99	2714	1290
99	2726	1262
99	2728	1340
99	2752	1312
99	2762	1246
99	2771	1318
99	2786	1356
99	2792	1290
99	2804	1262
99	2806	1340
99	2830	1312
99	2840	1246
99	2849	1318
99	2864	1356
99	2870	1290
99	2882	1262
99	2884	1340
99	2908	1312
99	2918	1246
99	2927	1318
99	2942	1356
99	2948	1290
99	2960	1262
99	2962	1340
99	2986	1312
99	2996	1246
99	3005	1318
99	3020	1356
99	3026	1290
99	3038	1262
99	3040	1340
99	3064	1312
99	3074	1246
99	3083	1318
99	3098	1356
99	3104	1290
99	3116	1262
99	3118	1340
99	3142	1312
99	3152	1246
99	3161	1318
99	3176	1356
99	3182	1290
99	3194	1262
99	3196	1340
99	3220	1312
99	3230	1246
99	3239	1318
99	3254	1356
99	3260	1290
99	3272	1262
99	3274	1340
99	3298	1312
99	3308	1246
99	3317	1318
99	3332	1356
99	3338	1290
99	3350	1262
99	3352	1340
99	3376	1312
99	3386	1246
99	3395	1318
99	3410	1356
99	3416	1290
99	3428	1262
99	3430	1340
99	3454	1312
99	3464	1246
99	3473	1318
99	3488	1356
99	3494	1290
99	3506	1262
99	3508	1340
99	3532	1312
99	3542	1246
99	3551	1318
99	3566	1356
99	3572	1290
99	3584	1262
99	3586	1340
99	3610	1312
99	3620	1246
99	3629	1318
99	3644	1356
99	3650	1290
99	3662	1262
99	3664	1340
99	3688	1312
99	3698	1246
99	3707	1318
99	3722	1356
99	3728	1290
99	3740	1262
99	3742	1340
99	3766	1312
99	3776	1246
99	3785	1318
99	3800	1356
99	3806	1290
99	3818	1262
99	3820	1340
99	3844	1312
99	3854	1246
99	3863	1318
99	3878	1356
99	3884	1290
99	3896	1262
99	3898	1340
99	3922	1312
99	3932	1246
99	3941	1318
99	3956	1356
99	3962	1290
99	3974	1262
99	3976	1340
99	4000	1312
99	4010	1246
99	4019	1318
99	4034	1356
99	4040	1290
99	4052	1262
99	4054	1340
99	4078	1312
99	4088	1246
99	4097	1318
99	4112	1356
99	4118	1290
99	4130	1262
99	4132	1340
99	4156	1312
99	4166	1246
99	4175	1318
99	4190	1356
99	4196	1290
99	4208	1262
99	4210	1340
99	4234	1312
99	4244	1246
99	4253	1318
99	4268	1356
99	4274	1290
99	4286	1262
99	4288	1340
99	4312	1312
99	4322	1246
99	4331	1318
99	4346	1356
99	4352	1290
99	4364	1262
99	4366	1340
99	4390	1312
99	4400	1246
99	4409	1318
99	4424	1356
99	4430	1290
99	4442	1262
99	4444	1340
99	4468	1312
99	4478	1246
99	4487	1318
99	4502	1356
99	4508	1290
99	4520	1262
99	4522	1340
99	4546	1312
99	4556	1246
99	4565	1318
99	4580	1356
99	4586	1290
99	4598	1262
99	4600	1340
99	4624	1312
99	4634	1246
99	4643	1318
99	4658	1356
99	4664	1290
99	4676	1262
99	4678	1340
99	4702	1312
99	4712	1246
99	4721	1318
99	4736	1356
99	4742	1290
99	4754	1262
99	4756	1340
99	4780	1312
99	4790	1246
99	4799	1318
99	4814	1356
99	4820	1290
99	4832	1262
99	4834	1340
99	4858	1312
99	4868	1246
99	4877	1318
99	4892	1356
99	4898	1290
99	4910	1262
99	4912	1340
99	4936	1312
99	4946	1246
99	4955	1318
99	4970	1356
99	4976	1290
99	4988	1262
99	4990	1340
99	5014	1312
99	5024	1246
99	5033	1318
99	5048	1356
99	5054	1290
99	5066	1262
99	5068	1340
99	5092	1312
99	5102	1246
99	5111	1318
99	5126	1356
99	5132	1290
99	5144	1262
99	5146	1340
99	5170	1312
99	5180	1246
99	5189	1318
99	5204	1356
99	5210	1290
99	5222	1262
99	5224	1340
99	5248	1312
99	5258	1246
99	5267	1318
99	5282	1356
99	5288	1290
99	5300	1262
99	5302	1340
99	5326	1312
99	5336	1246
99	5345	1318
99	5360	1356
99	5366	1290
99	5378	1262
99	5380	1340
99	5404	1312
99	5414	1246
99	5423	1318
99	5438	1356
99	5444	1290
99	5456	1262
99	5458	1340
99	5482	1312
99	5492	1246
99	5501	1318
99	5516	1356
99	5522	1290
99	5534	1262
99	5536	1340
99	5560	1312
99	5570	1246
99	5579	1318
99	5594	1356
99	5600	1290
99	5612	1262
99	5614	1340
99	5638	1312
99	5648	1246
99	5657	1318
99	5672	1356
99	5678	1290
99	5690	1262
99	5692	1340
99	5716	1312
99	5726	1246
99	5735	1318
99	5750	1356
99	5756	1290
99	5768	1262
99	5770	1340
99	5794	1312
99	5804	1246
99	5813	1318
99	5828	1356
99	5834	1290
99	5846	1262
99	5848	1340
99	5872	1312
99	5882	1246
99	5891	1318
99	5906	1356
99	5912	1290
99	5924	1262
99	5926	1340
99	5950	1312
99	5960	1246
99	5969	1318
99	5984	1356
99	5990	1290
99	6002	1262
99	6004	1340
99	6028	1312
99	6038	1246
99	6047	1318
99	6062	1356
99	6068	1290
99	6080	1262
99	6082	1340
