x	y	r	h	coefficient_scaled_64_times_6_pow_15
0	0	0	2	578547930240
0	0	2	4	2672340439680
0	0	4	6	7594589496960
0	0	6	8	10331213040000
0	0	8	10	10198973513088
0	0	10	12	-1460144776320
0	0	12	14	82649704320
0	1	0	2	-8678218953600
0	1	2	4	-40085106595200
0	1	4	6	-113918842454400
0	1	6	8	-154968195600000
0	1	8	10	-152984602696320
0	1	10	12	21902171644800
0	1	12	14	-1239745564800
0	2	0	2	60747532675200
0	2	2	4	280595746166400
0	2	4	6	797431897180800
0	2	6	8	1084777369200000
0	2	8	10	1070892218874240
0	2	10	12	-153315201513600
0	2	12	14	8678218953600
0	3	0	0	293865615360
0	3	0	2	-261149597216640
0	3	1	0	-10203667200
0	3	2	2	2644790538240
0	3	2	4	-1208862125285760
0	3	3	2	-289784148480
0	3	4	4	9991430922240
0	3	4	6	-3443522382622080
0	3	5	4	-1891759898880
0	3	6	6	20178772254720
0	3	6	8	-4690645198807680
0	3	7	6	-3175381232640
0	3	8	8	17925802536960
0	3	8	10	-4638965665173120
0	3	9	8	-3499857849600
0	3	10	10	-881596846080
0	3	10	12	664365873225600
0	3	11	10	526509227520
0	3	12	14	-37605615465600
0	3	13	12	-18366600960
0	4	0	0	-2816212147200
0	4	0	2	767122924129920
0	4	1	0	111560094720
0	4	2	0	20407334400
0	4	2	2	-26113225098240
0	4	2	4	3569598214300800
0	4	3	2	2530509465600
0	4	4	2	481613091840
0	4	4	4	-101955042662400
0	4	4	6	10229825661356160
0	4	5	4	16802038656000
0	4	6	4	1967267036160
0	4	6	6	-214570876815360
0	4	6	8	13985800319387520
0	4	7	6	27111823994880
0	4	8	6	5697727764480
0	4	8	8	-199673522703360
0	4	8	10	13903183266802560
0	4	9	8	37459703024640
0	4	10	8	265295347200
0	4	10	10	10162852531200
0	4	10	12	-1993097619676800
0	4	11	10	-6220155525120
0	4	12	10	-73466403840
0	4	12	14	112816846396800
0	4	13	12	220399211520
0	5	0	0	13125090493440
0	5	0	2	-1623969074805120
0	5	1	0	-595440668160
0	5	2	0	-34012224000
0	5	2	2	122920177536000
0	5	2	4	-7625163425235840
0	5	3	0	-4534963200
0	5	3	2	-10810445276160
0	5	4	2	-2620301736960
0	5	4	4	487430542632960
0	5	4	6	-22091435726348160
0	5	5	2	-259853391360
0	5	5	4	-71361727418880
0	5	6	4	-11877068620800
0	5	6	6	1056996524759040
0	5	6	8	-30408233305034880
0	5	7	4	-2144130600960
0	5	7	6	-106896338565120
0	5	8	6	-47459296880640
0	5	8	8	1021958492083200
0	5	8	10	-30528386792221824
0	5	9	6	-2157735490560
0	5	9	8	-186535280816640
0	5	10	8	-2901922951680
0	5	10	10	-53605986001920
0	5	10	12	4384814763288960
0	5	11	8	-89792271360
0	5	11	10	33770056965120
0	5	12	10	808130442240
0	5	12	14	-248197062072960
0	5	13	10	12244400640
0	5	13	12	-1212195663360
0	6	0	0	-38009340564480
0	6	0	2	2547671315794560
0	6	1	0	1955778462720
0	6	2	0	66663959040
0	6	2	2	-358183184440320
0	6	2	4	12128943084531840
0	6	3	2	29447632373760
0	6	4	0	19349176320
0	6	4	2	8475846220800
0	6	4	4	-1433975317678080
0	6	4	6	35742974452053120
0	6	5	2	657569664000
0	6	5	4	191710127324160
0	6	6	2	341331563520
0	6	6	4	36572664222720
0	6	6	6	-3182602708039680
0	6	6	8	49728960818305920
0	6	7	4	11268476559360
0	6	7	6	259766320066560
0	6	8	4	1827590169600
0	6	8	6	185412877424640
0	6	8	8	-3177201566868480
0	6	8	10	50722610256109440
0	6	9	6	13621215467520
0	6	9	8	572458381655040
0	6	10	6	661197634560
0	6	10	8	14525940625920
0	6	10	10	171054276940800
0	6	10	12	-7308024605481600
0	6	11	8	1044855521280
0	6	11	10	-111424045824000
0	6	12	8	-24488801280
0	6	12	10	-4040652211200
0	6	12	14	413661770121600
0	6	13	10	-122444006400
0	6	13	12	4040652211200
0	7	0	0	74345279708160
0	7	0	2	-2999224177315200
0	7	1	0	-4280274627840
0	7	2	0	-774722880000
0	7	2	2	708807794549760
0	7	2	4	-14569729436960640
0	7	3	0	117455546880
0	7	3	2	-55668033768960
0	7	4	0	-91707033600
0	7	4	2	-24134771819520
0	7	4	4	2869893413591040
0	7	4	6	-44016871732364160
0	7	5	0	-2683186560
0	7	5	2	1295336655360
0	7	5	4	-360890784218880
0	7	6	2	-1131624483840
0	7	6	4	-89265308636160
0	7	6	6	6505341220915200
0	7	6	8	-62198166613322880
0	7	7	2	-273760611840
0	7	7	4	-21576447912960
0	7	7	6	-437993094804480
0	7	8	4	-9208696273920
0	7	8	6	-457358294661120
0	7	8	8	6680259286502400
0	7	8	10	-64919239767550080
0	7	9	4	-916742810880
0	7	9	6	-33269397027840
0	7	9	8	-1207144848096000
0	7	10	6	-4693686912000
0	7	10	8	-43896176294400
0	7	10	10	-367699351219200
0	7	10	12	9396031635619200
0	7	11	6	-96594716160
0	7	11	8	-5358966013440
0	7	11	10	248867443008000
0	7	12	8	220399211520
0	7	12	10	12121956633600
0	7	12	14	-531850847299200
0	7	13	8	3061100160
0	7	13	10	550998028800
0	7	13	12	-9091467475200
0	8	0	0	-101664805017600
0	8	0	2	2652530473307520
0	8	1	0	6479353866240
0	8	2	0	3324128025600
0	8	2	2	-990934808832000
0	8	2	4	13261323622320000
0	8	3	0	-539358289920
0	8	3	2	75288854384640
0	8	4	0	324501811200
0	8	4	2	56976672983040
0	8	4	4	-4085446763704320
0	8	4	6	41492587864245120
0	8	5	0	-22674816000
0	8	5	2	-8216143994880
0	8	5	4	497548952524800
0	8	6	0	4119258240
0	8	6	2	1065414021120
0	8	6	4	194156286474240
0	8	6	6	-9479462600724480
0	8	6	8	59899157949156480
0	8	7	2	936621066240
0	8	7	4	9820916305920
0	8	7	6	545566956871680
0	8	8	2	194587712640
0	8	8	4	17298163630080
0	8	8	6	804048975360000
0	8	8	8	-10002810051901440
0	8	8	10	64518407068199040
0	8	9	4	4981203578880
0	8	9	6	30964728729600
0	8	9	8	1843076161935360
0	8	10	4	191035324800
0	8	10	6	14725932503040
0	8	10	8	88918837447680
0	8	10	10	560842526914560
0	8	10	12	-9396031635619200
0	8	11	6	669360568320
0	8	11	8	16032001904640
0	8	11	10	-396424715120640
0	8	12	6	21427701120
0	8	12	8	-881596846080
0	8	12	10	-24243913267200
0	8	12	14	531850847299200
0	8	13	8	-24488801280
0	8	13	10	-1469328076800
0	8	13	12	14546347960320
0	9	0	0	97994508134400
0	9	0	2	-1746281642855040
0	9	1	0	-6898686796800
0	9	2	0	-7471503037440
0	9	2	2	991603564738560
0	9	2	4	-9090837001941120
0	9	3	0	1289138872320
0	9	3	2	-73533521295360
0	9	4	0	-852976189440
0	9	4	2	-98469772277760
0	9	4	4	4209487077150720
0	9	4	6	-29854604090586240
0	9	5	0	128037127680
0	9	5	2	17050554639360
0	9	5	4	-511334333660160
0	9	6	0	5630912640
0	9	6	2	477682790400
0	9	6	4	-337501031270400
0	9	6	6	10062949105889280
0	9	6	8	-44348934435765120
0	9	7	0	-5038848000
0	9	7	2	-1003738521600
0	9	7	4	32738806333440
0	9	7	6	-519173471047680
0	9	8	2	-780429375360
0	9	8	4	-10677117358080
0	9	8	6	-1062215360409600
0	9	8	8	10931784565524480
0	9	8	10	-49778713899573120
0	9	9	2	-46105459200
0	9	9	4	-11777299430400
0	9	9	6	23253477304320
0	9	9	8	-2088086618741760
0	9	10	4	-918216673920
0	9	10	6	-26981217054720
0	9	10	8	-126680569021440
0	9	10	10	-622260440524800
0	9	10	12	7308024605481600
0	9	11	4	-28116771840
0	9	11	6	-2002639749120
0	9	11	8	-31084451758080
0	9	11	10	461809814538240
0	9	12	6	-149993907840
0	9	12	8	2057059307520
0	9	12	10	33941478574080
0	9	12	14	-413661770121600
0	9	13	6	-1360488960
0	9	13	8	85710804480
0	9	13	10	2571324134400
0	9	13	12	-16970739287040
0	10	0	0	-65603986974720
0	10	0	2	838755313269120
0	10	1	0	5171672033280
0	10	2	0	10290033054720
0	10	2	2	-705995210373120
0	10	2	4	4619476887569280
0	10	3	0	-1915568455680
0	10	3	2	51711883038720
0	10	4	0	1356860989440
0	10	4	2	119125017999360
0	10	4	4	-3137581407375360
0	10	4	6	16209508640595840
0	10	5	0	-229267584000
0	10	5	2	-21037996615680
0	10	5	4	392657067694080
0	10	6	0	-75544928640
0	10	6	2	-2034686822400
0	10	6	4	424412694005760
0	10	6	6	-7813113954693120
0	10	6	8	24998820360958080
0	10	7	0	22372485120
0	10	7	2	109443778560
0	10	7	4	-75247737384960
0	10	7	6	382308281671680
0	10	8	0	503884800
0	10	8	2	1269827487360
0	10	8	4	-12238958684160
0	10	8	6	1065698212147200
0	10	8	8	-8780427047208960
0	10	8	10	29567250319584384
0	10	9	2	124257991680
0	10	9	4	16478242283520
0	10	9	6	-99217738874880
0	10	9	8	1766671101941760
0	10	10	2	9674588160
0	10	10	4	1766028044160
0	10	10	6	32178284881920
0	10	10	8	129423314764800
0	10	10	10	505889656842240
0	10	10	12	-4384814763288960
0	10	11	4	145118822400
0	10	11	6	3368570664960
0	10	11	8	40912624005120
0	10	11	10	-396424715120640
0	10	12	4	2720977920
0	10	12	6	449981723520
0	10	12	8	-3085588961280
0	10	12	10	-33941478574080
0	10	12	14	248197062072960
0	10	13	6	8162933760
0	10	13	8	-171421608960
0	10	13	10	-3085588961280
0	10	13	12	14546347960320
0	11	0	0	29259784120320
0	11	0	2	-284327113887360
0	11	1	0	-2689006429440
0	11	2	0	-8904148300800
0	11	2	2	348944859740160
0	11	2	4	-1691775164327040
0	11	3	0	1827791723520
0	11	3	2	-25756625825280
0	11	4	0	-1104112373760
0	11	4	2	-98763637893120
0	11	4	4	1663638552023040
0	11	4	6	-6497862953224320
0	11	5	0	125794840320
0	11	5	2	17622564664320
0	11	5	4	-222922691792640
0	11	6	0	217010586240
0	11	6	2	3184753489920
0	11	6	4	-369398148433920
0	11	6	6	4387206843002880
0	11	6	8	-10518512575489920
0	11	7	0	-59962291200
0	11	7	2	87373624320
0	11	7	4	82084647905280
0	11	7	6	-216679634703360
0	11	8	0	2519424000
0	11	8	2	-978002605440
0	11	8	4	30454998865920
0	11	8	6	-797714538762240
0	11	8	8	5140672838830080
0	11	8	10	-13275094491573120
0	11	9	0	-755827200
0	11	9	2	-98408701440
0	11	9	4	-16097758871040
0	11	9	6	129230125332480
0	11	9	8	-1106202009219840
0	11	10	2	-27209779200
0	11	10	4	-1668753083520
0	11	10	6	-26333624309760
0	11	10	8	-94747172152320
0	11	10	10	-299008263628800
0	11	10	12	1993097619676800
0	11	11	2	-1209323520
0	11	11	4	-321075394560
0	11	11	6	-3469246848000
0	11	11	8	-37084208071680
0	11	11	10	248867443008000
0	11	12	4	-13604889600
0	11	12	6	-749969539200
0	11	12	8	3085588961280
0	11	12	10	24243913267200
0	11	12	14	-112816846396800
0	11	13	4	-453496320
0	11	13	6	-20407334400
0	11	13	8	214277011200
0	11	13	10	2571324134400
0	11	13	12	-9091467475200
0	12	0	0	-8055404743680
0	12	0	2	64740945686400
0	12	1	0	935915627520
0	12	2	0	4565246676480
0	12	2	2	-114312817382400
0	12	2	4	426628136903040
0	12	3	0	-1100484403200
0	12	3	2	8748851005440
0	12	4	0	227755929600
0	12	4	2	53968783057920
0	12	4	4	-605147303393280
0	12	4	6	1854210063461760
0	12	5	0	122645560320
0	12	5	2	-10245388861440
0	12	5	4	91084735872000
0	12	6	0	-296019722880
0	12	6	2	-4071792291840
0	12	6	4	215418914933760
0	12	6	6	-1730678006016000
0	12	6	8	3192910112522880
0	12	7	0	78606028800
0	12	7	2	932993095680
0	12	7	4	-55344690892800
0	12	7	6	92197615841280
0	12	8	0	-3728747520
0	12	8	2	241524581760
0	12	8	4	-29154371420160
0	12	8	6	428842446059520
0	12	8	8	-2137913166412800
0	12	8	10	4360381061811840
0	12	9	0	1612431360
0	12	9	2	-46558955520
0	12	9	4	12150073405440
0	12	9	6	-95745771048960
0	12	9	8	499122584755200
0	12	10	0	-25194240
0	12	10	2	40210007040
0	12	10	4	692829002880
0	12	10	6	15074217676800
0	12	10	8	48671492544000
0	12	10	10	125260218547200
0	12	10	12	-664365873225600
0	12	11	2	3023308800
0	12	11	4	395448791040
0	12	11	6	2225759938560
0	12	11	8	22888866263040
0	12	11	10	-111424045824000
0	12	12	2	226748160
0	12	12	4	27209779200
0	12	12	6	749969539200
0	12	12	8	-2057059307520
0	12	12	10	-12121956633600
0	12	12	14	37605615465600
0	12	13	4	1813985280
0	12	13	6	27209779200
0	12	13	8	-171421608960
0	12	13	10	-1469328076800
0	12	13	12	4040652211200
0	13	0	0	1226556380160
0	13	0	2	-9235188017280
0	13	1	0	-204426063360
0	13	2	0	-1204838945280
0	13	2	2	23038520048640
0	13	2	4	-68736777344640
0	13	3	0	395146460160
0	13	3	2	-1880800404480
0	13	4	0	224127959040
0	13	4	2	-17970245176320
0	13	4	4	141314895267840
0	13	4	6	-354326084864640
0	13	5	0	-199286438400
0	13	5	2	3912917414400
0	13	5	4	-25402596364800
0	13	6	0	170476824960
0	13	6	2	3312337121280
0	13	6	4	-79680210416640
0	13	6	6	453309479516160
0	13	6	8	-659325261628800
0	13	7	0	-24186470400
0	13	7	2	-1365326254080
0	13	7	4	23643484139520
0	13	7	6	-27922675415040
0	13	8	0	-8969149440
0	13	8	2	65265678720
0	13	8	4	16068281610240
0	13	8	6	-155558307686400
0	13	8	8	599020568110080
0	13	8	10	-989001667393920
0	13	9	0	-302330880
0	13	9	2	179131046400
0	13	9	4	-6923074821120
0	13	9	6	43249944038400
0	13	9	8	-153818242306560
0	13	10	0	75582720
0	13	10	2	-54117227520
0	13	10	4	35259338880
0	13	10	6	-5909964042240
0	13	10	8	-16697281006080
0	13	10	10	-35288362644480
0	13	10	12	153315201513600
0	13	11	2	-1813985280
0	13	11	4	-289330652160
0	13	11	6	-859829022720
0	13	11	8	-9215952215040
0	13	11	10	33770056965120
0	13	12	2	-680244480
0	13	12	4	-27209779200
0	13	12	6	-449981723520
0	13	12	8	881596846080
0	13	12	10	4040652211200
0	13	12	14	-8678218953600
0	13	13	4	-2720977920
0	13	13	6	-20407334400
0	13	13	8	85710804480
0	13	13	10	550998028800
0	13	13	12	-1212195663360
0	14	0	0	-96645104640
0	14	0	2	740219368320
0	14	1	0	25295016960
0	14	2	0	153936806400
0	14	2	2	-2527183825920
0	14	2	4	6170837800320
0	14	3	0	-75784273920
0	14	3	2	223120189440
0	14	4	0	-93521018880
0	14	4	2	3146357468160
0	14	4	4	-18696746280960
0	14	4	6	40517742084480
0	14	5	0	85761192960
0	14	5	2	-862550000640
0	14	5	4	4350843694080
0	14	6	0	-5832466560
0	14	6	2	-1317860305920
0	14	6	4	16644221936640
0	14	6	6	-70435234437120
0	14	6	8	82807861161600
0	14	7	0	-29225318400
0	14	7	2	691128391680
0	14	7	4	-5895452160000
0	14	7	6	5387536281600
0	14	8	0	16527421440
0	14	8	2	28230145920
0	14	8	4	-5101833600000
0	14	8	6	33974130309120
0	14	8	8	-101440777835520
0	14	8	10	138487232338560
0	14	9	0	-1209323520
0	14	9	2	-169607623680
0	14	9	4	2525067509760
0	14	9	6	-11226754897920
0	14	9	8	29035555384320
0	14	10	0	-75582720
0	14	10	2	48070609920
0	14	10	4	-132080803200
0	14	10	6	1444839275520
0	14	10	8	3440676579840
0	14	10	10	5999756313600
0	14	10	12	-21902171644800
0	14	11	2	-604661760
0	14	11	4	119723028480
0	14	11	6	179584542720
0	14	11	8	2187666247680
0	14	11	10	-6220155525120
0	14	12	2	680244480
0	14	12	4	13604889600
0	14	12	6	149993907840
0	14	12	8	-220399211520
0	14	12	10	-808130442240
0	14	12	14	1239745564800
0	14	13	4	1813985280
0	14	13	6	8162933760
0	14	13	8	-24488801280
0	14	13	10	-122444006400
0	14	13	12	220399211520
0	15	0	0	1310100480
0	15	0	2	-22259111040
0	15	1	0	-1536848640
0	15	2	0	-5391567360
0	15	2	2	106722800640
0	15	2	4	-219832341120
0	15	3	0	6197783040
0	15	3	2	-11639738880
0	15	4	0	9069926400
0	15	4	2	-215561917440
0	15	4	4	1046669506560
0	15	4	6	-2109098010240
0	15	5	0	-11551559040
0	15	5	2	82989826560
0	15	5	4	-349872410880
0	15	6	0	-5328581760
0	15	6	2	174444917760
0	15	6	4	-1450281231360
0	15	6	6	4881434388480
0	15	6	8	-4780418083200
0	15	7	0	9372257280
0	15	7	2	-114734568960
0	15	7	4	652127708160
0	15	7	6	-497938959360
0	15	8	0	-161243136
0	15	8	2	-41003625600
0	15	8	4	731943060480
0	15	8	6	-3368570664960
0	15	8	8	7844579343360
0	15	8	10	-9023511051648
0	15	9	0	-2972920320
0	15	9	2	57291701760
0	15	9	4	-419710844160
0	15	9	6	1297906467840
0	15	9	8	-2536631665920
0	15	10	0	1133740800
0	15	10	2	-16628198400
0	15	10	4	33898849920
0	15	10	6	-165979653120
0	15	10	8	-322435883520
0	15	10	10	-465287224320
0	15	10	12	1460144776320
0	15	11	0	-151165440
0	15	11	2	604661760
0	15	11	4	-21767823360
0	15	11	6	-14965378560
0	15	11	8	-232643612160
0	15	11	10	526509227520
0	15	12	2	-226748160
0	15	12	4	-2720977920
0	15	12	6	-21427701120
0	15	12	8	24488801280
0	15	12	10	73466403840
0	15	12	14	-82649704320
0	15	13	0	-2519424
0	15	13	4	-453496320
0	15	13	6	-1360488960
0	15	13	8	3061100160
0	15	13	10	12244400640
0	15	13	12	-18366600960
1	0	0	2	-7291540581120
1	0	2	4	-32233384684800
1	0	4	6	-98536814150400
1	0	6	8	-105663055322880
1	0	8	10	-137980926372096
1	0	10	12	22315420166400
1	0	12	14	-1157095860480
1	1	0	2	109024143298560
1	1	2	4	483335470863360
1	1	4	6	1470650472069120
1	1	6	8	1603257331000320
1	1	8	10	2054120651366400
1	1	10	12	-329937619645440
1	1	12	14	17191138498560
1	2	0	2	-760726245162240
1	2	2	4	-3382191200183040
1	2	4	6	-10242741123175680
1	2	6	8	-11350981825102080
1	2	8	10	-14269691850059520
1	2	10	12	2276007557564160
1	2	12	14	-119180873629440
1	3	0	0	-3379454576640
1	3	0	2	3259316599027200
1	3	1	0	155095741440
1	3	2	2	-31884419266560
1	3	2	4	14564294170191360
1	3	3	2	3803927132160
1	3	4	4	-120778767912960
1	3	4	6	44009318637780480
1	3	5	4	25509168000000
1	3	6	6	-240088207749120
1	3	6	8	49627514938636800
1	3	7	6	30006944501760
1	3	8	8	-216725891328000
1	3	8	10	61344900249223680
1	3	9	8	48300079057920
1	3	10	10	11019960576000
1	3	10	12	-9717291036311040
1	3	11	10	-7689483601920
1	3	12	14	511436370332160
1	3	13	12	220399211520
1	4	0	0	32112981411840
1	4	0	2	-9538017365318400
1	4	1	0	-1676122398720
1	4	2	0	-204073344000
1	4	2	2	315138220738560
1	4	2	4	-42968492204555520
1	4	3	2	-31073567846400
1	4	4	2	-5697727764480
1	4	4	4	1230284724572160
1	4	4	6	-130087793218487040
1	4	5	4	-223980018462720
1	4	6	4	-18627814840320
1	4	6	6	2558426699059200
1	4	6	8	-149555854203436800
1	4	7	6	-236899221626880
1	4	8	6	-69189026549760
1	4	8	8	2409747023554560
1	4	8	10	-182462611538499840
1	4	9	8	-521382905118720
1	4	10	8	-4481450634240
1	4	10	10	-126117326592000
1	4	10	12	28715647969532160
1	4	11	10	89824923095040
1	4	12	10	1028529653760
1	4	12	14	-1519266864810240
1	4	13	12	-2644790538240
1	5	0	0	-149194847324160
1	5	0	2	20102190331161600
1	5	1	0	8893969827840
1	5	2	0	-5441955840
1	5	2	2	-1480489528227840
1	5	2	4	91648125234247680
1	5	3	0	68931440640
1	5	3	2	126677848043520
1	5	4	2	31215058698240
1	5	4	4	-5866961707192320
1	5	4	6	279522559823016960
1	5	5	2	3194428078080
1	5	5	4	946024161269760
1	5	6	4	103538651811840
1	5	6	6	-12620929564569600
1	5	6	8	328517628340285440
1	5	7	4	25370398126080
1	5	7	6	847791416401920
1	5	8	6	572776736071680
1	5	8	8	-12310406122383360
1	5	8	10	397638639693370368
1	5	9	6	24641176043520
1	5	9	8	2610326631905280
1	5	10	8	48275590256640
1	5	10	10	660658880931840
1	5	10	12	-62214730226288640
1	5	11	8	1436676341760
1	5	11	10	-481645743575040
1	5	12	10	-11166893383680
1	5	12	14	3309294160972800
1	5	13	10	-146932807680
1	5	13	12	14546347960320
1	6	0	0	431708542801920
1	6	0	2	-31371742961706240
1	6	1	0	-28870180392960
1	6	2	0	1096554101760
1	6	2	2	4305437828536320
1	6	2	4	-145448905365216000
1	6	3	0	-41721661440
1	6	3	2	-335484484300800
1	6	4	0	-234608762880
1	6	4	2	-104371271055360
1	6	4	4	17216044516454400
1	6	4	6	-449986790661131520
1	6	5	2	-7147102003200
1	6	5	4	-2542768378122240
1	6	6	2	-3294801930240
1	6	6	4	-302251669309440
1	6	6	6	38037214262292480
1	6	6	8	-542592833451137280
1	6	7	4	-129859578224640
1	6	7	6	-1844235298529280
1	6	8	4	-20245889710080
1	6	8	6	-2222309738557440
1	6	8	8	38201109646325760
1	6	8	10	-655746151896057600
1	6	9	6	-153430502952960
1	6	9	8	-8022955771883520
1	6	10	6	-8571080448000
1	6	10	8	-236880174781440
1	6	10	10	-2094527173478400
1	6	10	12	102091724866010880
1	6	11	8	-15623855216640
1	6	11	10	1567773057945600
1	6	12	8	342843217920
1	6	12	10	55099802880000
1	6	12	14	-5460335365605120
1	6	13	10	1469328076800
1	6	13	12	-48487826534400
1	7	0	0	-844448846192640
1	7	0	2	36710322879490560
1	7	1	0	61951326059520
1	7	2	0	3615272663040
1	7	2	2	-8507743337963520
1	7	2	4	174179635261862400
1	7	3	0	-1330860533760
1	7	3	2	623571347220480
1	7	4	0	1190982113280
1	7	4	2	306574396231680
1	7	4	4	-34374309973770240
1	7	4	6	551362015376847360
1	7	5	0	30384253440
1	7	5	2	-18261389813760
1	7	5	4	4809697619604480
1	7	6	2	9646169057280
1	7	6	4	793781818675200
1	7	6	6	-77802771931545600
1	7	6	8	685211618390515200
1	7	7	2	2931400212480
1	7	7	4	235179563581440
1	7	7	6	2791668926361600
1	7	8	4	97362031933440
1	7	8	6	5445874048204800
1	7	8	8	-80178490405232640
1	7	8	10	833058217527344640
1	7	9	4	10378716779520
1	7	9	6	364088613519360
1	7	9	8	16869249531601920
1	7	10	6	61924015503360
1	7	10	8	698763455723520
1	7	10	10	4475573321932800
1	7	10	12	-129204299170552320
1	7	11	6	1382256783360
1	7	11	8	76062216775680
1	7	11	10	-3450716988364800
1	7	12	8	-3036611358720
1	7	12	10	-163095416524800
1	7	12	14	6949517738042880
1	7	13	8	-36733201920
1	7	13	10	-6611976345600
1	7	13	12	109097609702400
1	8	0	0	1154711679160320
1	8	0	2	-32250706203490560
1	8	1	0	-91365198151680
1	8	2	0	-27865837209600
1	8	2	2	11878905583226880
1	8	2	4	-157918032478621440
1	8	3	0	6350157803520
1	8	3	2	-833061855928320
1	8	4	0	-4289672079360
1	8	4	2	-725550576353280
1	8	4	4	48824407875133440
1	8	4	6	-517130297570730240
1	8	5	0	316842762240
1	8	5	2	98827127377920
1	8	5	4	-6672265960366080
1	8	6	0	-33936641280
1	8	6	2	-5454653736960
1	8	6	4	-1974414138163200
1	8	6	6	113442597851996160
1	8	6	8	-666178875098830080
1	8	7	2	-9037274664960
1	8	7	4	-64733878702080
1	8	7	6	-3234785622589440
1	8	8	2	-2169450812160
1	8	8	4	-164573814528000
1	8	8	6	-9528527274577920
1	8	8	8	119867098818908160
1	8	8	10	-821783824428245760
1	8	9	4	-56273451356160
1	8	9	6	-300842202746880
1	8	9	8	-25564088218337280
1	8	10	4	-2116240577280
1	8	10	6	-198081750620160
1	8	10	8	-1376613475153920
1	8	10	10	-6789765042892800
1	8	10	12	127147809227662080
1	8	11	6	-9697565306880
1	8	11	8	-218440107417600
1	8	11	10	5411241441239040
1	8	12	6	-299987815680
1	8	12	8	11950535024640
1	8	12	10	321782848819200
1	8	12	14	-6878604291736320
1	8	13	8	293865615360
1	8	13	10	17631936921600
1	8	13	12	-174556175523840
1	9	0	0	-1112090281021440
1	9	0	2	21083614112839680
1	9	1	0	94379235471360
1	9	2	0	72176055644160
1	9	2	2	-11868072463134720
1	9	2	4	107744386660439040
1	9	3	0	-15429758791680
1	9	3	2	804874943324160
1	9	4	0	10953447782400
1	9	4	2	1236634882375680
1	9	4	4	-50193749083299840
1	9	4	6	370235705345372160
1	9	5	0	-1680959692800
1	9	5	2	-194996161658880
1	9	5	4	6889657584291840
1	9	6	0	-121234682880
1	9	6	2	-11317454161920
1	9	6	4	3754390822133760
1	9	6	6	-120505603497615360
1	9	6	8	497950346652595200
1	9	7	0	54419558400
1	9	7	2	6726862080000
1	9	7	4	-466081749872640
1	9	7	6	3080495290613760
1	9	8	2	8597685565440
1	9	8	4	50173018859520
1	9	8	6	12563342787870720
1	9	8	8	-130828286271836160
1	9	8	10	629319239538554880
1	9	9	2	475868805120
1	9	9	4	133260800624640
1	9	9	6	-369062561157120
1	9	9	8	28618951896944640
1	9	10	4	10228156001280
1	9	10	6	370058439075840
1	9	10	8	1901408486584320
1	9	10	10	7497981175910400
1	9	10	12	-97293248332600320
1	9	11	4	362797056000
1	9	11	6	29337583933440
1	9	11	8	410040488632320
1	9	11	10	-6199976752865280
1	9	12	6	2057059307520
1	9	12	8	-27427457433600
1	9	12	10	-444324810424320
1	9	12	14	5294870657556480
1	9	13	6	16325867520
1	9	13	8	-1028529653760
1	9	13	10	-30855889612800
1	9	13	12	203648871444480
1	10	0	0	742891066306560
1	10	0	2	-10057789753839360
1	10	1	0	-68527526584320
1	10	2	0	-106573046077440
1	10	2	2	8431779681054720
1	10	2	4	-54450034939941120
1	10	3	0	23192406466560
1	10	3	2	-560460985344000
1	10	4	0	-17039973058560
1	10	4	2	-1470157672734720
1	10	4	4	37327180516024320
1	10	4	6	-200048557130807040
1	10	5	0	2911244820480
1	10	5	2	236090184192000
1	10	5	4	-5295160895201280
1	10	6	0	972674023680
1	10	6	2	24363636295680
1	10	6	4	-4933604605132800
1	10	6	6	93636273054965760
1	10	6	8	-283430261651823360
1	10	7	0	-244888012800
1	10	7	2	5291999723520
1	10	7	4	973373617336320
1	10	7	6	-2473782517923840
1	10	8	0	-3829524480
1	10	8	2	-13862853423360
1	10	8	4	233273065052160
1	10	8	6	-12613310826393600
1	10	8	8	104982413580103680
1	10	8	10	-370971247307298048
1	10	9	2	-1194811637760
1	10	9	4	-188113901506560
1	10	9	6	1265766276648960
1	10	9	8	-23830476998123520
1	10	10	2	-108839116800
1	10	10	4	-19842958229760
1	10	10	6	-448422603171840
1	10	10	8	-1878437990983680
1	10	10	10	-6072145210183680
1	10	10	12	57416253692878080
1	10	11	4	-1891986647040
1	10	11	6	-49783012024320
1	10	11	8	-525921496289280
1	10	11	10	5230220222177280
1	10	12	4	-38093690880
1	10	12	6	-6042611715840
1	10	12	8	40455499714560
1	10	12	10	438153632501760
1	10	12	14	-3143829452924160
1	10	13	6	-97955205120
1	10	13	8	2057059307520
1	10	13	10	37027067535360
1	10	13	12	-174556175523840
1	11	0	0	-330266051758080
1	11	0	2	3389561044462080
1	11	1	0	34550070635520
1	11	2	0	96337533358080
1	11	2	2	-4156146839992320
1	11	2	4	19820105189706240
1	11	3	0	-22294282199040
1	11	3	2	276923597506560
1	11	4	0	13902987847680
1	11	4	2	1200514807480320
1	11	4	4	-19750479446200320
1	11	4	6	79825172782809600
1	11	5	0	-1474669255680
1	11	5	2	-199335214448640
1	11	5	4	2991757851694080
1	11	6	0	-2624181649920
1	11	6	2	-35659927296000
1	11	6	4	4378017193574400
1	11	6	6	-52625138765230080
1	11	6	8	120471992617858560
1	11	7	0	678027386880
1	11	7	2	-5556236912640
1	11	7	4	-1036086716436480
1	11	7	6	1622910954516480
1	11	8	0	-39504568320
1	11	8	2	10554824517120
1	11	8	4	-426030768875520
1	11	8	6	9463974794403840
1	11	8	8	-61433635420661760
1	11	8	10	165262124440051200
1	11	9	0	8465264640
1	11	9	2	751594567680
1	11	9	4	187098069749760
1	11	9	6	-1592022413168640
1	11	9	8	14635381078840320
1	11	10	2	318052085760
1	11	10	4	19008298252800
1	11	10	6	369372752640000
1	11	10	8	1326999163760640
1	11	10	10	3578548531046400
1	11	10	12	-25662071993725440
1	11	11	2	13907220480
1	11	11	4	4201189908480
1	11	11	6	51508112025600
1	11	11	8	466952462807040
1	11	11	10	-3224440464537600
1	11	12	4	185026498560
1	11	12	6	9856742515200
1	11	12	8	-39769813278720
1	11	12	10	-308558896128000
1	11	12	14	1413971141506560
1	11	13	4	5441955840
1	11	13	6	244888012800
1	11	13	8	-2571324134400
1	11	13	10	-30855889612800
1	11	13	12	109097609702400
1	12	0	0	90772428072960
1	12	0	2	-768641569931520
1	12	1	0	-11718344908800
1	12	2	0	-50811844008960
1	12	2	2	1356890617866240
1	12	2	4	-4967961713084160
1	12	3	0	13482747924480
1	12	3	2	-93706851594240
1	12	4	0	-3213777254400
1	12	4	2	-649054212433920
1	12	4	4	7174192059371520
1	12	4	6	-22681215513319680
1	12	5	0	-1685796986880
1	12	5	2	118701150105600
1	12	5	4	-1208001729392640
1	12	6	0	3519811687680
1	12	6	2	47599578408960
1	12	6	4	-2573034722519040
1	12	6	6	20778747886080000
1	12	6	8	-36965198619659520
1	12	7	0	-894899404800
1	12	7	2	-9670960189440
1	12	7	4	691632679587840
1	12	7	6	-812048650444800
1	12	8	0	61675499520
1	12	8	2	-2424164578560
1	12	8	4	376396503644160
1	12	8	6	-5103139669401600
1	12	8	8	25550096949872640
1	12	8	10	-53841023394405120
1	12	9	0	-18139852800
1	12	9	2	842898493440
1	12	9	4	-144106618613760
1	12	9	6	1163413971210240
1	12	9	8	-6459427439493120
1	12	10	0	453496320
1	12	10	2	-497031966720
1	12	10	4	-8098310534400
1	12	10	6	-209346599208960
1	12	10	8	-656765161528320
1	12	10	10	-1496510646220800
1	12	10	12	8408615618108160
1	12	11	2	-36279705600
1	12	11	4	-5140834283520
1	12	11	6	-32945600655360
1	12	11	8	-283482363617280
1	12	11	10	1416922042060800
1	12	12	2	-3174474240
1	12	12	4	-359169085440
1	12	12	6	-9642465504000
1	12	12	8	26056084561920
1	12	12	10	152075455948800
1	12	12	14	-466309631773440
1	12	13	4	-21767823360
1	12	13	6	-326517350400
1	12	13	8	2057059307520
1	12	13	10	17631936921600
1	12	13	12	-48487826534400
1	13	0	0	-13873964083200
1	13	0	2	109337055759360
1	13	1	0	2521641093120
1	13	2	0	13602672506880
1	13	2	2	-272358401218560
1	13	2	4	797202994913280
1	13	3	0	-4849387315200
1	13	3	2	20291239342080
1	13	4	0	-2487376926720
1	13	4	2	214901626798080
1	13	4	4	-1675741461811200
1	13	4	6	4316268227650560
1	13	5	0	2541594931200
1	13	5	2	-46478535505920
1	13	5	4	330125367121920
1	13	6	0	-2009895690240
1	13	6	2	-39616833853440
1	13	6	4	954341283778560
1	13	6	6	-5446559734640640
1	13	6	8	7721629235066880
1	13	7	0	253957939200
1	13	7	2	16288983152640
1	13	7	4	-293227092541440
1	13	7	6	283700041850880
1	13	8	0	92714803200
1	13	8	2	-844410147840
1	13	8	4	-199565590579200
1	13	8	6	1856730029137920
1	13	8	8	-7163513128028160
1	13	8	10	12106308289582080
1	13	9	0	3023308800
1	13	9	2	-2228178585600
1	13	9	4	83096851691520
1	13	9	6	-521981520261120
1	13	9	8	1943316988508160
1	13	10	0	-1209323520
1	13	10	2	674802524160
1	13	10	4	-306563512320
1	13	10	6	79555952424960
1	13	10	8	216823846533120
1	13	10	10	421452270028800
1	13	10	12	-1906893978071040
1	13	11	2	23581808640
1	13	11	4	3693274030080
1	13	11	6	12500172564480
1	13	11	8	112648485888000
1	13	11	10	-421305337221120
1	13	12	2	9069926400
1	13	12	4	348285173760
1	13	12	6	5656913095680
1	13	12	8	-10970982973440
1	13	12	10	-49957154611200
1	13	12	14	106452819164160
1	13	13	4	32651735040
1	13	13	6	244888012800
1	13	13	8	-1028529653760
1	13	13	10	-6611976345600
1	13	13	12	14546347960320
1	14	0	0	1072468408320
1	14	0	2	-8717635342080
1	14	1	0	-312408576000
1	14	2	0	-1742131307520
1	14	2	2	29823731988480
1	14	2	4	-71871684030720
1	14	3	0	926140262400
1	14	3	2	-2494834421760
1	14	4	0	1094639339520
1	14	4	2	-37596054251520
1	14	4	4	222470782709760
1	14	4	6	-491067809867520
1	14	5	0	-1058561187840
1	14	5	2	10401391595520
1	14	5	4	-54793239367680
1	14	6	0	58677384960
1	14	6	2	15827626229760
1	14	6	4	-199540194785280
1	14	6	6	846409159618560
1	14	6	8	-981684617644800
1	14	7	0	362595502080
1	14	7	2	-8351588229120
1	14	7	4	72258289643520
1	14	7	6	-60797530644480
1	14	8	0	-193290209280
1	14	8	2	-343674627840
1	14	8	4	61994760929280
1	14	8	6	-406644708188160
1	14	8	8	1214726172825600
1	14	8	10	-1679301181175040
1	14	9	0	14511882240
1	14	9	2	2040128778240
1	14	9	4	-30376997498880
1	14	9	6	135004040478720
1	14	9	8	-357634453893120
1	14	10	0	1058158080
1	14	10	2	-586521907200
1	14	10	4	1534404798720
1	14	10	6	-18480882032640
1	14	10	8	-42961520378880
1	14	10	10	-71752187750400
1	14	10	12	267619742588160
1	14	11	2	6046617600
1	14	11	4	-1485653944320
1	14	11	6	-2481531863040
1	14	11	8	-26464231249920
1	14	11	10	76111194378240
1	14	12	2	-8616430080
1	14	12	4	-168700631040
1	14	12	6	-1842782296320
1	14	12	8	2693768140800
1	14	12	10	9844498114560
1	14	12	14	-15042246186240
1	14	13	4	-21767823360
1	14	13	6	-97955205120
1	14	13	8	293865615360
1	14	13	10	1469328076800
1	14	13	12	-2644790538240
1	15	0	0	-15721205760
1	15	0	2	267109332480
1	15	1	0	18442183680
1	15	2	0	64698808320
1	15	2	2	-1280673607680
1	15	2	4	2637988093440
1	15	3	0	-74373396480
1	15	3	2	139676866560
1	15	4	0	-108839116800
1	15	4	2	2586743009280
1	15	4	4	-12560034078720
1	15	4	6	25309176122880
1	15	5	0	138618708480
1	15	5	2	-995877918720
1	15	5	4	4198468930560
1	15	6	0	63942981120
1	15	6	2	-2093339013120
1	15	6	4	17403374776320
1	15	6	6	-58577212661760
1	15	6	8	57365016998400
1	15	7	0	-112467087360
1	15	7	2	1376814827520
1	15	7	4	-7825532497920
1	15	7	6	5975267512320
1	15	8	0	1934917632
1	15	8	2	492043507200
1	15	8	4	-8783316725760
1	15	8	6	40422847979520
1	15	8	8	-94134952120320
1	15	8	10	108282132619776
1	15	9	0	35675043840
1	15	9	2	-687500421120
1	15	9	4	5036530129920
1	15	9	6	-15574877614080
1	15	9	8	30439579991040
1	15	10	0	-13604889600
1	15	10	2	199538380800
1	15	10	4	-406786199040
1	15	10	6	1991755837440
1	15	10	8	3869230602240
1	15	10	10	5583446691840
1	15	10	12	-17521737315840
1	15	11	0	1813985280
1	15	11	2	-7255941120
1	15	11	4	261213880320
1	15	11	6	179584542720
1	15	11	8	2791723345920
1	15	11	10	-6318110730240
1	15	12	2	2720977920
1	15	12	4	32651735040
1	15	12	6	257132413440
1	15	12	8	-293865615360
1	15	12	10	-881596846080
1	15	12	14	991796451840
1	15	13	0	30233088
1	15	13	4	5441955840
1	15	13	6	16325867520
1	15	13	8	-36733201920
1	15	13	10	-146932807680
1	15	13	12	220399211520
2	0	0	2	44520640727040
2	0	2	4	175621438379520
2	0	4	6	618807519544320
2	0	6	8	377066317708800
2	0	8	10	916508081184768
2	0	10	12	-157695635842560
2	0	12	14	7273173980160
2	1	0	2	-658975275843840
2	1	2	4	-2637645930466560
2	1	4	6	-9128402709730560
2	1	6	8	-6064155738766080
2	1	8	10	-13432395245495040
2	1	10	12	2295512887783680
2	1	12	14	-107279316207360
2	2	0	2	4553484443205120
2	2	2	4	18484220672547840
2	2	4	6	62858993854763520
2	2	6	8	45202849753098240
2	2	8	10	91892035055485440
2	2	10	12	-15587734234752000
2	2	12	14	738227158986240
2	3	0	0	17631936921600
2	3	0	2	-19327274186146560
2	3	1	0	-991796451840
2	3	2	2	187486262599680
2	3	2	4	-79639787795408640
2	3	3	2	-19313501276160
2	3	4	4	653557128560640
2	3	4	6	-267143992523493120
2	3	5	4	-164544337267200
2	3	6	6	1308289719582720
2	3	6	8	-206757249276084480
2	3	7	6	-82282372300800
2	3	8	8	1204849022976000
2	3	8	10	-389171505635723520
2	3	9	8	-322374661516800
2	3	10	10	-61711779225600
2	3	10	12	65500386571825920
2	3	11	10	51573415495680
2	3	12	14	-3143829452924160
2	3	13	12	-1212195663360
2	4	0	0	-166621803909120
2	4	0	2	56034907756876800
2	4	1	0	10851259944960
2	4	2	0	579568296960
2	4	2	2	-1832545977384960
2	4	2	4	234796440366881280
2	4	3	2	142671756257280
2	4	4	2	30757934407680
2	4	4	4	-6627192054128640
2	4	4	6	781423477991792640
2	4	5	4	1447478624102400
2	4	6	4	58756797204480
2	4	6	6	-13944641787002880
2	4	6	8	648150666517117440
2	4	7	6	439459701903360
2	4	8	6	377780574412800
2	4	8	8	-13356486083727360
2	4	8	10	1140853442631828480
2	4	9	8	3485572715520000
2	4	10	8	34896541824000
2	4	10	10	703318372761600
2	4	10	12	-190473516779420160
2	4	11	10	-594930938296320
2	4	12	10	-6465043537920
2	4	12	14	9266023650723840
2	4	13	12	14546347960320
2	5	0	0	773042524968960
2	5	0	2	-116979099791489280
2	5	1	0	-58286975016960
2	5	2	0	3994395586560
2	5	2	2	8517515276666880
2	5	2	4	-499812690739426560
2	5	3	0	-491590010880
2	5	3	2	-547381849144320
2	5	4	2	-175062277416960
2	5	4	4	31543306590597120
2	5	4	6	-1662334436963831040
2	5	5	2	-15093264522240
2	5	5	4	-6138610537835520
2	5	6	4	-231304891023360
2	5	6	6	68818636151377920
2	5	6	8	-1473767237315162880
2	5	7	4	-132468089057280
2	5	7	6	-596280543344640
2	5	8	6	-3104755529748480
2	5	8	8	68036306021775360
2	5	8	10	-2451631458292648704
2	5	9	6	-127532235110400
2	5	9	8	-17413513140049920
2	5	10	8	-367038153584640
2	5	10	10	-3669744827013120
2	5	10	12	406026755735927040
2	5	11	8	-10236318935040
2	5	11	10	3147521139717120
2	5	12	10	69499218032640
2	5	12	14	-20021229673885440
2	5	13	10	808130442240
2	5	13	12	-80004913781760
2	6	0	0	-2238726305341440
2	6	0	2	180760281663029760
2	6	1	0	188957404661760
2	6	2	0	-20380124620800
2	6	2	2	-24521826696007680
2	6	2	4	790722186029291520
2	6	3	0	868898949120
2	6	3	2	1422394230988800
2	6	4	0	1257091799040
2	6	4	2	622864497623040
2	6	4	4	-92561182027038720
2	6	4	6	2650669144372200960
2	6	5	2	21842196756480
2	6	5	4	16562717764024320
2	6	6	2	13626052761600
2	6	6	4	512501633187840
2	6	6	6	-207543243882700800
2	6	6	8	2509218093636725760
2	6	7	4	656767882506240
2	6	7	6	-1263752752988160
2	6	8	4	95740329093120
2	6	8	6	11965130350202880
2	6	8	8	-210563790587781120
2	6	8	10	3988833748514311680
2	6	9	6	783608989224960
2	6	9	8	53190737561548800
2	6	10	6	52748877957120
2	6	10	8	1755275646412800
2	6	10	10	11591529197875200
2	6	10	12	-655429346396098560
2	6	11	8	105775295662080
2	6	11	10	-10100161199923200
2	6	12	8	-2155014512640
2	6	12	10	-339414785740800
2	6	12	14	32762012193630720
2	6	13	10	-8081304422400
2	6	13	12	266683045939200
2	7	0	0	4383804411279360
2	7	0	2	-209347745572074240
2	7	1	0	-400052232184320
2	7	2	0	17062043212800
2	7	2	2	47994565843077120
2	7	2	4	-943004369409304320
2	7	3	0	4858154910720
2	7	3	2	-2656016990807040
2	7	4	0	-7112031621120
2	7	4	2	-1865097943234560
2	7	4	4	185006998218240000
2	7	4	6	-3218490732722814720
2	7	5	0	-139601283840
2	7	5	2	133805903201280
2	7	5	4	-31366040774561280
2	7	6	2	-35823185971200
2	7	6	4	-2114013003356160
2	7	6	6	424906007302656000
2	7	6	8	-3255284793395462400
2	7	7	2	-12548243174400
2	7	7	4	-1100187514275840
2	7	7	6	5805070343424000
2	7	8	4	-426498777077760
2	7	8	6	-29183990171811840
2	7	8	8	440899202620200960
2	7	8	10	-5002306554640308480
2	7	9	4	-52806471989760
2	7	9	6	-1804514462853120
2	7	9	8	-110691932702400000
2	7	10	6	-386874082621440
2	7	10	8	-5037697429447680
2	7	10	10	-24685446354278400
2	7	10	12	815859199756972800
2	7	11	6	-9134322877440
2	7	11	8	-493049362037760
2	7	11	10	21897763660569600
2	7	12	8	18856376985600
2	7	12	10	994000443955200
2	7	12	14	-41342539196724480
2	7	13	8	202032610560
2	7	13	10	36365869900800
2	7	13	12	-600036853363200
2	8	0	0	-5995412423516160
2	8	0	2	181966571443814400
2	8	1	0	577395545702400
2	8	2	0	81902040053760
2	8	2	2	-66395547266088960
2	8	2	4	850816390591572480
2	8	3	0	-29018927185920
2	8	3	2	3589928870031360
2	8	4	0	26468866990080
2	8	4	2	4317908977336320
2	8	4	4	-263140739020062720
2	8	4	6	2992875603120829440
2	8	5	0	-1879893411840
2	8	5	2	-536526054236160
2	8	5	4	43386098145546240
2	8	6	0	38849518080
2	8	6	2	12985715957760
2	8	6	4	8059431387893760
2	8	6	6	-620264418193981440
2	8	6	8	3242187494743749120
2	8	7	2	30366113587200
2	8	7	4	-9302116515840
2	8	7	6	-9420656825917440
2	8	8	2	10883911680000
2	8	8	4	578117108736000
2	8	8	6	50999006172856320
2	8	8	8	-657853900981493760
2	8	8	10	4873927705616701440
2	8	9	4	286308552683520
2	8	9	6	1282995508838400
2	8	9	8	165372222009139200
2	8	10	4	10770991096320
2	8	10	6	1255720426168320
2	8	10	8	9640375792957440
2	8	10	10	37338565087641600
2	8	10	12	-789550311177239040
2	8	11	6	64323918028800
2	8	11	8	1364842524672000
2	8	11	10	-33797778288168960
2	8	12	6	1885637698560
2	8	12	8	-73270493429760
2	8	12	10	-1939513061376000
2	8	12	14	40562491287352320
2	8	13	8	-1616260884480
2	8	13	10	-96975653068800
2	8	13	12	960058965381120
2	9	0	0	5766212964741120
2	9	0	2	-117690330314545920
2	9	1	0	-581185162506240
2	9	2	0	-297508097802240
2	9	2	2	65748899002798080
2	9	2	4	-577438339252780800
2	9	3	0	76931115724800
2	9	3	2	-3511093674424320
2	9	4	0	-66020598927360
2	9	4	2	-7145667745505280
2	9	4	4	270856786622423040
2	9	4	6	-2125533867170215680
2	9	5	0	9495305948160
2	9	5	2	967083321047040
2	9	5	4	-44461415921633280
2	9	6	0	1240992679680
2	9	6	2	46011131965440
2	9	6	4	-18346933731594240
2	9	6	6	659775912712888320
2	9	6	8	-2477095290174839040
2	9	7	0	-298702909440
2	9	7	2	6120990996480
2	9	7	4	3013853099397120
2	9	7	6	7756713524367360
2	9	8	2	-42677404934400
2	9	8	4	276658150993920
2	9	8	6	-67401376708055040
2	9	8	8	716949851757834240
2	9	8	10	-3688530510951624960
2	9	9	2	-2111781196800
2	9	9	4	-681338313123840
2	9	9	6	2469450721075200
2	9	9	8	-181876041485107200
2	9	10	4	-52563171214080
2	9	10	6	-2374858644664320
2	9	10	8	-12914446894755840
2	9	10	10	-41130900853862400
2	9	10	12	594041939710053120
2	9	11	4	-2203992115200
2	9	11	6	-195110442731520
2	9	11	8	-2484013394903040
2	9	11	10	38085424549079040
2	9	12	6	-12728054465280
2	9	12	8	165936117473280
2	9	12	10	2647435328778240
2	9	12	14	-30941900405095680
2	9	13	6	-89792271360
2	9	13	8	5656913095680
2	9	13	10	169707392870400
2	9	13	12	-1120068792944640
2	10	0	0	-3839123283886080
2	10	0	2	55568786552824320
2	10	1	0	410772129361920
2	10	2	0	490075937832960
2	10	2	2	-46331392275947520
2	10	2	4	290267794142346240
2	10	3	0	-122297678254080
2	10	3	2	2476996899840000
2	10	4	0	100535901511680
2	10	4	2	8296382610432000
2	10	4	4	-201623114266951680
2	10	4	6	1139915892956290560
2	10	5	0	-16264796682240
2	10	5	2	-1144335683358720
2	10	5	4	33752885780459520
2	10	6	0	-6200201687040
2	10	6	2	-86199371182080
2	10	6	4	25867176134860800
2	10	6	6	-513427636393574400
2	10	6	8	1438622287213178880
2	10	7	0	1392536033280
2	10	7	2	-80672762695680
2	10	7	4	-5760883475988480
2	10	7	6	-2157626651443200
2	10	8	0	-1813985280
2	10	8	2	68133740613120
2	10	8	4	-1860728052695040
2	10	8	6	67989924232151040
2	10	8	8	-574777895608811520
2	10	8	10	2149817849422216704
2	10	9	2	4756874065920
2	10	9	4	975086019440640
2	10	9	6	-7303409486807040
2	10	9	8	148346333941616640
2	10	10	2	560521451520
2	10	10	4	103330950497280
2	10	10	6	2897612922654720
2	10	10	8	12356526698127360
2	10	10	10	33246192528138240
2	10	10	12	-344639349049881600
2	10	11	4	11509736601600
2	10	11	6	331382458920960
2	10	11	8	3105016743628800
2	10	11	10	-31577035832893440
2	10	12	4	239446056960
2	10	12	6	36769935121920
2	10	12	8	-241361625415680
2	10	12	10	-2579552371630080
2	10	12	14	18201117885350400
2	10	13	6	538753628160
2	10	13	8	-11313826191360
2	10	13	10	-203648871444480
2	10	13	12	960058965381120
2	11	0	0	1698105078558720
2	11	0	2	-18558888614887680
2	11	1	0	-202002226306560
2	11	2	0	-468263571056640
2	11	2	2	22678133174415360
2	11	2	4	-105149444210945280
2	11	3	0	122002804869120
2	11	3	2	-1244615208284160
2	11	4	0	-82084043243520
2	11	4	2	-6667951094046720
2	11	4	4	106778073980805120
2	11	4	6	-451739900409120000
2	11	5	0	7872343395840
2	11	5	2	992827400140800
2	11	5	4	-18747540136281600
2	11	6	0	14930887645440
2	11	6	2	156421160017920
2	11	6	4	-23614554702274560
2	11	6	6	288997132826419200
2	11	6	8	-623063585455246080
2	11	7	0	-3786190387200
2	11	7	2	65704965488640
2	11	7	4	5988966729154560
2	11	7	6	-2034671101194240
2	11	8	0	288826767360
2	11	8	2	-50940561381120
2	11	8	4	2728295536619520
2	11	8	6	-51290226997678080
2	11	8	8	336237543359262720
2	11	8	10	-947340259515728640
2	11	9	0	-45954293760
2	11	9	2	-1649214950400
2	11	9	4	-992606396267520
2	11	9	6	8933492939120640
2	11	9	8	-89042240598796800
2	11	10	2	-1708774133760
2	11	10	4	-100874587680000
2	11	10	6	-2380572698296320
2	11	10	8	-8442840758630400
2	11	10	10	-19569980654899200
2	11	10	12	151408803433754880
2	11	11	2	-75280389120
2	11	11	4	-25435701596160
2	11	11	6	-342190183219200
2	11	11	8	-2698976092538880
2	11	11	10	19121835591475200
2	11	12	4	-1137368770560
2	11	12	6	-58926178080000
2	11	12	8	233819074621440
2	11	12	10	1794049581772800
2	11	12	14	-8107770694383360
2	11	13	4	-29930757120
2	11	13	6	-1346884070400
2	11	13	8	14142282739200
2	11	13	10	169707392870400
2	11	13	12	-600036853363200
2	12	0	0	-464681353236480
2	12	0	2	4180461196354560
2	12	1	0	67179130859520
2	12	2	0	255212310021120
2	12	2	2	-7363807940689920
2	12	2	4	26265805295592960
2	12	3	0	-75331180707840
2	12	3	2	431637192714240
2	12	4	0	20984181719040
2	12	4	2	3571536268615680
2	12	4	4	-38836300173926400
2	12	4	6	127550656130918400
2	12	5	0	10287110522880
2	12	5	2	-619867793940480
2	12	5	4	7405223038617600
2	12	6	0	-19308512816640
2	12	6	2	-247758946836480
2	12	6	4	14041339900323840
2	12	6	6	-114273889258291200
2	12	6	8	194579350016693760
2	12	7	0	4836084756480
2	12	7	2	40691317800960
2	12	7	4	-3960350710824960
2	12	7	6	2519897651712000
2	12	8	0	-435356467200
2	12	8	2	10274714956800
2	12	8	4	-2231419572633600
2	12	8	6	27793352776458240
2	12	8	8	-139881959363727360
2	12	8	10	305402118221399040
2	12	9	0	96141219840
2	12	9	2	-6209876275200
2	12	9	4	782694740643840
2	12	9	6	-6460211081134080
2	12	9	8	38349462804480000
2	12	10	0	-3627970560
2	12	10	2	2820142448640
2	12	10	4	44467581657600
2	12	10	6	1327162422435840
2	12	10	8	4036431974446080
2	12	10	10	8181218731622400
2	12	10	12	-48758366566540800
2	12	11	2	203771013120
2	12	11	4	30725282672640
2	12	11	6	217329948426240
2	12	11	8	1610514179112960
2	12	11	10	-8249542487193600
2	12	12	2	19953838080
2	12	12	4	2155014512640
2	12	12	6	56569130956800
2	12	12	8	-150851015884800
2	12	12	10	-872780877619200
2	12	12	14	2647435328778240
2	12	13	4	119723028480
2	12	13	6	1795845427200
2	12	13	8	-11313826191360
2	12	13	10	-96975653068800
2	12	13	12	266683045939200
2	13	0	0	71100362373120
2	13	0	2	-592270350969600
2	13	1	0	-14302669271040
2	13	2	0	-69619545722880
2	13	2	2	1472743811082240
2	13	2	4	-4214985493282560
2	13	3	0	27255128832000
2	13	3	2	-97156749265920
2	13	4	0	12517707755520
2	13	4	2	-1177341145528320
2	13	4	4	9093918169313280
2	13	4	6	-24129617909425920
2	13	5	0	-14804840862720
2	13	5	2	252273653867520
2	13	5	4	-1968730015288320
2	13	6	0	10867963726080
2	13	6	2	216349187051520
2	13	6	4	-5233104458772480
2	13	6	6	29987451415941120
2	13	6	8	-41323201206647040
2	13	7	0	-1234719313920
2	13	7	2	-88342897121280
2	13	7	4	1666305110384640
2	13	7	6	-1246202445404160
2	13	8	0	-434751805440
2	13	8	2	5114607079680
2	13	8	4	1136748387594240
2	13	8	6	-10153318224568320
2	13	8	8	39255434170767360
2	13	8	10	-67967327190769920
2	13	9	0	-13604889600
2	13	9	2	12680059438080
2	13	9	4	-457129732515840
2	13	9	6	2884535902771200
2	13	9	8	-11248441091942400
2	13	10	0	8616430080
2	13	10	2	-3853509396480
2	13	10	4	792031322880
2	13	10	6	-487914876702720
2	13	10	8	-1285694718935040
2	13	10	10	-2305620640512000
2	13	10	12	10865626028133120
2	13	11	2	-141793182720
2	13	11	4	-21599122728960
2	13	11	6	-81057932236800
2	13	11	8	-631239667660800
2	13	11	10	2407273654625280
2	13	12	2	-54873054720
2	13	12	4	-2035291484160
2	13	12	6	-32527250300160
2	13	12	8	62495420866560
2	13	12	10	282845654784000
2	13	12	14	-598218559868160
2	13	13	4	-179584542720
2	13	13	6	-1346884070400
2	13	13	8	5656913095680
2	13	13	10	36365869900800
2	13	13	12	-80004913781760
2	14	0	0	-5418575585280
2	14	0	2	47039510453760
2	14	1	0	1767023216640
2	14	2	0	9003615160320
2	14	2	2	-161266919362560
2	14	2	4	383313229516800
2	14	3	0	-5185780807680
2	14	3	2	12717246136320
2	14	4	0	-5868645488640
2	14	4	2	205897003868160
2	14	4	4	-1213193355264000
2	14	4	6	2727574930967040
2	14	5	0	5983934330880
2	14	5	2	-57487007508480
2	14	5	4	315569949235200
2	14	6	0	-260508441600
2	14	6	2	-87125108336640
2	14	6	4	1096423494819840
2	14	6	6	-4661775282954240
2	14	6	8	5333211957427200
2	14	7	0	-2059679508480
2	14	7	2	46252996669440
2	14	7	4	-405741343518720
2	14	7	6	313195442503680
2	14	8	0	1035382487040
2	14	8	2	1917231275520
2	14	8	4	-345221352622080
2	14	8	6	2230799189667840
2	14	8	8	-6666896563937280
2	14	8	10	9332155658580480
2	14	9	0	-79815352320
2	14	9	2	-11247313397760
2	14	9	4	167492516843520
2	14	9	6	-744078622003200
2	14	9	8	2017632337459200
2	14	10	0	-6651279360
2	14	10	2	3279080724480
2	14	10	4	-8161119774720
2	14	10	6	107930310174720
2	14	10	8	245492069898240
2	14	10	10	393290148556800
2	14	10	12	-1498273839912960
2	14	11	2	-26605117440
2	14	11	4	8440473507840
2	14	11	6	15444270673920
2	14	11	8	146720571402240
2	14	11	10	-426692873502720
2	14	12	2	49884595200
2	14	12	4	957784227840
2	14	12	6	10371007342080
2	14	12	8	-15085101588480
2	14	12	10	-54952870072320
2	14	12	14	83641500771840
2	14	13	4	119723028480
2	14	13	6	538753628160
2	14	13	8	-1616260884480
2	14	13	10	-8081304422400
2	14	13	12	14546347960320
2	15	0	0	86466631680
2	15	0	2	-1469101328640
2	15	1	0	-101432010240
2	15	2	0	-355843445760
2	15	2	2	7043704842240
2	15	2	4	-14508934513920
2	15	3	0	409053680640
2	15	3	2	-768222766080
2	15	4	0	598615142400
2	15	4	2	-14227086551040
2	15	4	4	69080187432960
2	15	4	6	-139200468675840
2	15	5	0	-762402896640
2	15	5	2	5477328552960
2	15	5	4	-23091579118080
2	15	6	0	-351686396160
2	15	6	2	11513364572160
2	15	6	4	-95718561269760
2	15	6	6	322174669639680
2	15	6	8	-315507593491200
2	15	7	0	618568980480
2	15	7	2	-7572481551360
2	15	7	4	43040428738560
2	15	7	6	-32863971317760
2	15	8	0	-10642046976
2	15	8	2	-2706239289600
2	15	8	4	48308241991680
2	15	8	6	-222325663887360
2	15	8	8	517742236661760
2	15	8	10	-595551729408768
2	15	9	0	-196212741120
2	15	9	2	3781252316160
2	15	9	4	-27700915714560
2	15	9	6	85661826877440
2	15	9	8	-167417689950720
2	15	10	0	74826892800
2	15	10	2	-1097461094400
2	15	10	4	2237324094720
2	15	10	6	-10954657105920
2	15	10	8	-21280768312320
2	15	10	10	-30708956805120
2	15	10	12	96369555237120
2	15	11	0	-9976919040
2	15	11	2	39907676160
2	15	11	4	-1436676341760
2	15	11	6	-987714984960
2	15	11	8	-15354478402560
2	15	11	10	34749609016320
2	15	12	2	-14965378560
2	15	12	4	-179584542720
2	15	12	6	-1414228273920
2	15	12	8	1616260884480
2	15	12	10	4848782653440
2	15	12	14	-5454880485120
2	15	13	0	-166281984
2	15	13	4	-29930757120
2	15	13	6	-89792271360
2	15	13	8	202032610560
2	15	13	10	808130442240
2	15	13	12	-1212195663360
3	0	0	2	-174537808922880
3	0	2	4	-450293955736320
3	0	4	6	-2563665261799680
3	0	6	8	182508913739520
3	0	8	10	-3953465956442880
3	0	10	12	678554072467200
3	0	12	14	-27274402425600
3	1	0	2	2539660114344960
3	1	2	4	7159741852631040
3	1	4	6	36952058337039360
3	1	6	8	1580556212213760
3	1	8	10	56606672289162240
3	1	10	12	-9719605228032000
3	1	12	14	400024568908800
3	2	0	2	-17263007008116480
3	2	2	4	-52566809841803520
3	2	4	6	-248878334402369280
3	2	6	8	-39013837861006080
3	2	8	10	-378498673817867520
3	2	10	12	64935393193094400
3	2	12	14	-2736531710035200
3	3	0	0	-54903892469760
3	3	0	2	72125352185771520
3	3	1	0	3436595112960
3	3	2	2	-660756836136960
3	3	2	4	234755808003601920
3	3	3	2	35002659962880
3	3	4	4	-1936868270837760
3	3	4	6	1035905880697413120
3	3	5	4	697808392473600
3	3	6	6	-4226473235312640
3	3	6	8	278800476226030080
3	3	7	6	-237508720680960
3	3	8	8	-4058724946544640
3	3	8	10	1567701611867865600
3	3	9	8	1369274997703680
3	3	10	10	204971266713600
3	3	10	12	-268410424759488000
3	3	11	10	-208644586905600
3	3	12	14	11582529563404800
3	3	13	12	4040652211200
3	4	0	0	516697381140480
3	4	0	2	-205923666806380800
3	4	1	0	-39998375424000
3	4	2	0	1232602997760
3	4	2	2	6421175931893760
3	4	2	4	-710617275628727040
3	4	3	2	-174294961643520
3	4	4	2	-105089609226240
3	4	4	4	19809709693562880
3	4	4	6	-2971996898070124800
3	4	5	4	-6225913114398720
3	4	6	4	26464231249920
3	4	6	6	45186246345830400
3	4	6	8	-1127644124040126720
3	4	7	6	3640973206487040
3	4	8	6	-1214579240017920
3	4	8	8	44831305660078080
3	4	8	10	-4497904261877011200
3	4	9	8	-14709312769904640
3	4	10	8	-162679106903040
3	4	10	10	-2332558321920000
3	4	10	12	767674422138412800
3	4	11	10	2377372828262400
3	4	12	10	24243913267200
3	4	12	14	-33920265149971200
3	4	13	12	-48487826534400
3	5	0	0	-2401605857617920
3	5	0	2	423427427900928000
3	5	1	0	223479358525440
3	5	2	0	-34316973527040
3	5	2	2	-29685645987010560
3	5	2	4	1540964718223027200
3	5	3	0	2307389276160
3	5	3	2	522357015214080
3	5	4	2	659303833927680
3	5	4	4	-95604944115732480
3	5	4	6	6210126833126123520
3	5	5	2	27977094973440
3	5	5	4	26608666199869440
3	5	6	4	-881139721789440
3	5	6	6	-223806213277102080
3	5	6	8	3030863094232611840
3	5	7	4	400615021117440
3	5	7	6	-21008659636408320
3	5	8	6	9907320052776960
3	5	8	8	-227603082192537600
3	5	8	10	9468215536447365120
3	5	9	6	395924055183360
3	5	9	8	72758710134743040
3	5	10	8	1668275098398720
3	5	10	10	12154526739302400
3	5	10	12	-1609226108980300800
3	5	11	8	43100290252800
3	5	11	10	-12414108032870400
3	5	12	10	-258601741516800
3	5	12	14	72804471541401600
3	5	13	10	-2693768140800
3	5	13	12	266683045939200
3	6	0	0	6976614596659200
3	6	0	2	-644501915017332480
3	6	1	0	-731443609866240
3	6	2	0	142494892692480
3	6	2	2	84919005347235840
3	6	2	4	-2467840727283114240
3	6	3	0	-8168375715840
3	6	3	2	-1455542997995520
3	6	4	0	-3868625940480
3	6	4	2	-2496622406584320
3	6	4	4	285062616893952000
3	6	4	6	-9740227706754912000
3	6	5	2	40085446717440
3	6	5	4	-71670946605649920
3	6	6	2	-34222041630720
3	6	6	4	3704823674357760
3	6	6	6	677614241251676160
3	6	6	8	-5807336416691178240
3	6	7	4	-1908163767767040
3	6	7	6	65878205920174080
3	6	8	4	-239672805120000
3	6	8	6	-37981445098844160
3	6	8	8	702314184976312320
3	6	8	10	-15104684603299380480
3	6	9	6	-2405192106516480
3	6	9	8	-219277199948820480
3	6	10	6	-203501938636800
3	6	10	8	-7771251709393920
3	6	10	10	-38348238364416000
3	6	10	12	2554141720036896000
3	6	11	8	-428309134387200
3	6	11	10	39287383893504000
3	6	12	8	8081304422400
3	6	12	10	1252602185472000
3	6	12	14	-118307266254777600
3	6	13	10	26937681408000
3	6	13	12	-888943486464000
3	7	0	0	-13686177908367360
3	7	0	2	735267333170926080
3	7	1	0	1534184197954560
3	7	2	0	-243468871649280
3	7	2	2	-164852401550008320
3	7	2	4	2964836798635645440
3	7	3	0	5273255208960
3	7	3	2	3346047619061760
3	7	4	0	24647021107200
3	7	4	2	7273429147422720
3	7	4	4	-578645878189178880
3	7	4	6	11648811933861788160
3	7	5	0	468764029440
3	7	5	2	-599746464552960
3	7	5	4	134189175616128000
3	7	6	2	101329822402560
3	7	6	4	-3251942295367680
3	7	6	6	-1392877173770403840
3	7	6	8	8222163897162954240
3	7	7	2	24146562723840
3	7	7	4	2840073309573120
3	7	7	6	-128593884507402240
3	7	8	4	900841415915520
3	7	8	6	92548992045957120
3	7	8	8	-1466905775184322560
3	7	8	10	18592877373627594240
3	7	9	4	159488306795520
3	7	9	6	5381756924497920
3	7	9	8	448718876852659200
3	7	10	6	1507285718784000
3	7	10	8	21704538855536640
3	7	10	10	81591788104704000
3	7	10	12	-3125591969168908800
3	7	11	6	36569943244800
3	7	11	8	1926044220672000
3	7	11	10	-83939039707392000
3	7	12	8	-70037971660800
3	7	12	10	-3636586990080000
3	7	12	14	148209102780710400
3	7	13	8	-673442035200
3	7	13	10	-121219566336000
3	7	13	12	2000122844544000
3	8	0	0	18715054229729280
3	8	0	2	-629601199892939520
3	8	1	0	-2172108703703040
3	8	2	0	62506909440000
3	8	2	2	225826876783964160
3	8	2	4	-2685115813538545920
3	8	3	0	46723423518720
3	8	3	2	-5471535893299200
3	8	4	0	-95584729466880
3	8	4	2	-15862614377840640
3	8	4	4	834093628987760640
3	8	4	6	-10683064626049278720
3	8	5	0	5377861693440
3	8	5	2	1644469564907520
3	8	5	4	-182067678146027520
3	8	6	0	668226827520
3	8	6	2	-117007492515840
3	8	6	4	-14253795670302720
3	8	6	6	2041233642812989440
3	8	6	8	-8755355732853646080
3	8	7	2	-12278261698560
3	8	7	4	1430965916098560
3	8	7	6	165379427158671360
3	8	8	2	-32581972189440
3	8	8	4	-450755388241920
3	8	8	6	-162426872249856000
3	8	8	8	2184484695269437440
3	8	8	10	-17801329419096940800
3	8	9	4	-867070451957760
3	8	9	6	-3181040866713600
3	8	9	8	-657209616945684480
3	8	10	4	-33550337998080
3	8	10	6	-4931799689779200
3	8	10	8	-40380155835955200
3	8	10	10	-123333929438515200
3	8	10	12	2973318980426784000
3	8	11	6	-257132413440000
3	8	11	8	-5161259757772800
3	8	11	10	127572940940083200
3	8	12	6	-7071141369600
3	8	12	8	269376814080000
3	8	12	10	7030734847488000
3	8	12	14	-144308863233849600
3	8	13	8	5387536281600
3	8	13	10	323252176896000
3	8	13	12	-3200196551270400
3	9	0	0	-17960564541542400
3	9	0	2	401296810810567680
3	9	1	0	2136524762234880
3	9	2	0	565431305011200
3	9	2	2	-221238664650731520
3	9	2	4	1824907000575191040
3	9	3	0	-190456361164800
3	9	3	2	6217808228167680
3	9	4	0	239129415751680
3	9	4	2	25030583054254080
3	9	4	4	-867769888402022400
3	9	4	6	7492072803640243200
3	9	5	0	-29239024066560
3	9	5	2	-2564601504952320
3	9	5	4	182021468685004800
3	9	6	0	-7238405928960
3	9	6	2	111368416942080
3	9	6	4	50753552196648960
3	9	6	6	-2179173204878745600
3	9	6	8	7049733847252254720
3	9	7	0	1138376540160
3	9	7	2	-211133979371520
3	9	7	4	-11633827706634240
3	9	7	6	-141580078147952640
3	9	8	2	126519728993280
3	9	8	4	-3288989316741120
3	9	8	6	216486053450219520
3	9	8	8	-2377576803651194880
3	9	8	10	13253447615681664000
3	9	9	2	5050739681280
3	9	9	4	2081988907223040
3	9	9	6	-9411862625280000
3	9	9	8	706786835967959040
3	9	10	4	165914349649920
3	9	10	6	9370422131558400
3	9	10	8	52539123211223040
3	9	10	10	135817340779008000
3	9	10	12	-2198753225942169600
3	9	11	4	8271772876800
3	9	11	6	778118055782400
3	9	11	8	9126486461030400
3	9	11	10	-141453683281612800
3	9	12	6	47140942464000
3	9	12	8	-603404063539200
3	9	12	10	-9503614000742400
3	9	12	14	109206707312102400
3	9	13	6	299307571200
3	9	13	8	-18856376985600
3	9	13	10	-565691309568000
3	9	13	12	3733562643148800
3	10	0	0	11906105687838720
3	10	0	2	-186889297654805760
3	10	1	0	-1476242988687360
3	10	2	0	-1253376555632640
3	10	2	2	154269895617515520
3	10	2	4	-917530246697921280
3	10	3	0	361813875978240
3	10	3	2	-4967971160924160
3	10	4	0	-363861865359360
3	10	4	2	-28240712988917760
3	10	4	4	651242940467650560
3	10	4	6	-3972627105403587840
3	10	5	0	53278763212800
3	10	5	2	2998624088309760
3	10	5	4	-134346456302837760
3	10	6	0	25127853177600
3	10	6	2	-61391913154560
3	10	6	4	-80360411360993280
3	10	6	6	1701346800054804480
3	10	6	8	-4270152520416303360
3	10	7	0	-5379675678720
3	10	7	2	495126072852480
3	10	7	4	20581810760171520
3	10	7	6	77275598785413120
3	10	8	0	121133905920
3	10	8	2	-199665888848640
3	10	8	4	8556026184161280
3	10	8	6	-220542519985090560
3	10	8	8	1904841979782451200
3	10	8	10	-7608370049493292800
3	10	9	2	-9005832253440
3	10	9	4	-3037376860508160
3	10	9	6	25175989695651840
3	10	9	8	-562607222586531840
3	10	10	2	-1759565721600
3	10	10	4	-331708296026880
3	10	10	6	-11421495287654400
3	10	10	8	-48775504645969920
3	10	10	10	-109789663226572800
3	10	10	12	1253667907492704000
3	10	11	4	-42964241356800
3	10	11	6	-1316844474163200
3	10	11	8	-11125262421504000
3	10	11	10	115321683435724800
3	10	12	4	-897922713600
3	10	12	6	-134351686022400
3	10	12	8	867393341337600
3	10	12	10	9164199215001600
3	10	12	14	-63703912598726400
3	10	13	6	-1795845427200
3	10	13	8	37712753971200
3	10	13	10	678829571481600
3	10	13	12	-3200196551270400
3	11	0	0	-5232628993075200
3	11	0	2	61673269678594560
3	11	1	0	712111666406400
3	11	2	0	1328268147240960
3	11	2	2	-74836351523911680
3	11	2	4	332455809883507200
3	11	3	0	-394667971153920
3	11	3	2	2793439375994880
3	11	4	0	299699996682240
3	11	4	2	22361088455147520
3	11	4	4	-347043127154872320
3	11	4	6	1558493311042736640
3	11	5	0	-26577806883840
3	11	5	2	-2815865071349760
3	11	5	4	72396764744832000
3	11	6	0	-52366076674560
3	11	6	2	-291700321597440
3	11	6	4	76488982208593920
3	11	6	6	-960357913783234560
3	11	6	8	1913829292304340480
3	11	7	0	13631091609600
3	11	7	2	-375320205711360
3	11	7	4	-20948809006080000
3	11	7	6	-22174620442951680
3	11	8	0	-1256084029440
3	11	8	2	145139229734400
3	11	8	4	-10587903748024320
3	11	8	6	167868904277237760
3	11	8	8	-1114319981540689920
3	11	8	10	3306109282166730240
3	11	9	0	159026042880
3	11	9	2	-3453223311360
3	11	9	4	3181273056829440
3	11	9	6	-30178409646366720
3	11	9	8	329128942286638080
3	11	10	2	5605214515200
3	11	10	4	331238700587520
3	11	10	6	9295377560524800
3	11	10	8	32302459430277120
3	11	10	10	64661455339776000
3	11	10	12	-541248118680384000
3	11	11	2	253957939200
3	11	11	4	93928157798400
3	11	11	6	1352189977344000
3	11	11	8	9465901246771200
3	11	11	10	-68624967826944000
3	11	12	4	4190305996800
3	11	12	6	212134241088000
3	11	12	8	-829680587366400
3	11	12	10	-6303417449472000
3	11	12	14	28129000368268800
3	11	13	4	99769190400
3	11	13	6	4489613568000
3	11	13	8	-47140942464000
3	11	13	10	-565691309568000
3	11	13	12	2000122844544000
3	12	0	0	1423426388613120
3	12	0	2	-13768260062042880
3	12	1	0	-233538511564800
3	12	2	0	-759990598548480
3	12	2	2	24148201961871360
3	12	2	4	-83195080581669120
3	12	3	0	253609654026240
3	12	3	2	-1078153035079680
3	12	4	0	-83166992455680
3	12	4	2	-11890678952355840
3	12	4	4	126875430948188160
3	12	4	6	-436140728543681280
3	12	5	0	-37054881976320
3	12	5	2	1922018987335680
3	12	5	4	-27699580621393920
3	12	6	0	64725942516480
3	12	6	2	752620678686720
3	12	6	4	-46266262343792640
3	12	6	6	380614777666007040
3	12	6	8	-614739499056956160
3	12	7	0	-16496382136320
3	12	7	2	-78447607418880
3	12	7	4	13737724114083840
3	12	7	6	-717162708418560
3	12	8	0	1804310691840
3	12	8	2	-22889093011200
3	12	8	4	8032974412584960
3	12	8	6	-91605955518443520
3	12	8	8	463887656675112960
3	12	8	10	-1052182291042494720
3	12	9	0	-320470732800
3	12	9	2	26092364267520
3	12	9	4	-2574981128724480
3	12	9	6	21674287023022080
3	12	9	8	-138065086219161600
3	12	10	0	17081694720
3	12	10	2	-9722961100800
3	12	10	4	-151897005146880
3	12	10	6	-5075848260864000
3	12	10	8	-14951792717245440
3	12	10	10	-27061349854464000
3	12	10	12	171278012751494400
3	12	11	2	-707454259200
3	12	11	4	-111505675161600
3	12	11	6	-850958634700800
3	12	11	8	-5549162370048000
3	12	11	10	29078002639872000
3	12	12	2	-74826892800
3	12	12	4	-7781996851200
3	12	12	6	-200349005472000
3	12	12	8	527978555596800
3	12	12	10	3030489158400000
3	12	12	14	-9100558942675200
3	12	13	4	-399076761600
3	12	13	6	-5986151424000
3	12	13	8	37712753971200
3	12	13	10	323252176896000
3	12	13	12	-888943486464000
3	13	0	0	-217778002790400
3	13	0	2	1940906806732800
3	13	1	0	49310166528000
3	13	2	0	213113037312000
3	13	2	2	-4816200454502400
3	13	2	4	13425781228416000
3	13	3	0	-92767207219200
3	13	3	2	269325417830400
3	13	4	0	-37679497574400
3	13	4	2	3907275920179200
3	13	4	4	-29862678252441600
3	13	4	6	81853165243699200
3	13	5	0	52103703859200
3	13	5	2	-827258917017600
3	13	5	4	7118976161433600
3	13	6	0	-35640275788800
3	13	6	2	-713280175257600
3	13	6	4	17371920271564800
3	13	6	6	-100041814247731200
3	13	6	8	133593961696128000
3	13	7	0	3700529971200
3	13	7	2	287906673715200
3	13	7	4	-5737127524761600
3	13	7	6	3001510743552000
3	13	8	0	1221416755200
3	13	8	2	-19061961984000
3	13	8	4	-3926398348339200
3	13	8	6	33635858334105600
3	13	8	8	-130345644650342400
3	13	8	10	231406682807347200
3	13	9	0	36279705600
3	13	9	2	-43659602380800
3	13	9	4	1524046942771200
3	13	9	6	-9651363101798400
3	13	9	8	39441989858918400
3	13	10	0	-36279705600
3	13	10	2	13326745190400
3	13	10	4	1183625395200
3	13	10	6	1803763472947200
3	13	10	8	4605037451366400
3	13	10	10	7639771335321600
3	13	10	12	-37506435820416000
3	13	11	2	520009113600
3	13	11	4	76513899110400
3	13	11	6	312232216320000
3	13	11	8	2144239440076800
3	13	11	10	-8330355531417600
3	13	12	2	199538380800
3	13	12	4	7183381708800
3	13	12	6	113138261913600
3	13	12	8	-215501451264000
3	13	12	10	-969756530688000
3	13	12	14	2036488714444800
3	13	13	4	598615142400
3	13	13	6	4489613568000
3	13	13	8	-18856376985600
3	13	13	10	-121219566336000
3	13	13	12	266683045939200
3	14	0	0	16461916416000
3	14	0	2	-153773421753600
3	14	1	0	-6052664217600
3	14	2	0	-28085027097600
3	14	2	2	528344375961600
3	14	2	4	-1237773989548800
3	14	3	0	17592633907200
3	14	3	2	-39043009843200
3	14	4	0	19055915366400
3	14	4	2	-683385697843200
3	14	4	4	4009324685414400
3	14	4	6	-9180923025542400
3	14	5	0	-20485940428800
3	14	5	2	192554537472000
3	14	5	4	-1099256939827200
3	14	6	0	660970886400
3	14	6	2	290660908032000
3	14	6	4	-3651253061068800
3	14	6	6	15561000626688000
3	14	6	8	-17557195059360000
3	14	7	0	7083612518400
3	14	7	2	-155240860262400
3	14	7	4	1380206979993600
3	14	7	6	-973348221542400
3	14	8	0	-3358896076800
3	14	8	2	-6480840326400
3	14	8	4	1164905067110400
3	14	8	6	-7416841614336000
3	14	8	8	22175997257779200
3	14	8	10	-31427182735660800
3	14	9	0	266051174400
3	14	9	2	37579728384000
3	14	9	4	-559705158144000
3	14	9	6	2485450071244800
3	14	9	8	-6894250595020800
3	14	10	0	24942297600
3	14	10	2	-11107636531200
3	14	10	4	26276710521600
3	14	10	6	-380719230566400
3	14	10	8	-848985925708800
3	14	10	10	-1306477548288000
3	14	10	12	5082130318636800
3	14	11	2	66512793600
3	14	11	4	-29032834406400
3	14	11	6	-57467053670400
3	14	11	8	-492959569766400
3	14	11	10	1449247259750400
3	14	12	2	-174596083200
3	14	12	4	-3292383283200
3	14	12	6	-35355706848000
3	14	12	8	51181594675200
3	14	12	10	185870001715200
3	14	12	14	-281835491731200
3	14	13	4	-399076761600
3	14	13	6	-1795845427200
3	14	13	8	5387536281600
3	14	13	10	26937681408000
3	14	13	12	-48487826534400
3	15	0	0	-288222105600
3	15	0	2	4897004428800
3	15	1	0	338106700800
3	15	2	0	1186144819200
3	15	2	2	-23479016140800
3	15	2	4	48363115046400
3	15	3	0	-1363512268800
3	15	3	2	2560742553600
3	15	4	0	-1995383808000
3	15	4	2	47423621836800
3	15	4	4	-230267291443200
3	15	4	6	464001562252800
3	15	5	0	2541342988800
3	15	5	2	-18257761843200
3	15	5	4	76971930393600
3	15	6	0	1172287987200
3	15	6	2	-38377881907200
3	15	6	4	319061870899200
3	15	6	6	-1073915565465600
3	15	6	8	1051691978304000
3	15	7	0	-2061896601600
3	15	7	2	25241605171200
3	15	7	4	-143468095795200
3	15	7	6	109546571059200
3	15	8	0	35473489920
3	15	8	2	9020797632000
3	15	8	4	-161027473305600
3	15	8	6	741085546291200
3	15	8	8	-1725807455539200
3	15	8	10	1985172431362560
3	15	9	0	654042470400
3	15	9	2	-12604174387200
3	15	9	4	92336385715200
3	15	9	6	-285539422924800
3	15	9	8	558058966502400
3	15	10	0	-249422976000
3	15	10	2	3658203648000
3	15	10	4	-7457746982400
3	15	10	6	36515523686400
3	15	10	8	70935894374400
3	15	10	10	102363189350400
3	15	10	12	-321231850790400
3	15	11	0	33256396800
3	15	11	2	-133025587200
3	15	11	4	4788921139200
3	15	11	6	3292383283200
3	15	11	8	51181594675200
3	15	11	10	-115832030054400
3	15	12	2	49884595200
3	15	12	4	598615142400
3	15	12	6	4714094246400
3	15	12	8	-5387536281600
3	15	12	10	-16162608844800
3	15	12	14	18182934950400
3	15	13	0	554273280
3	15	13	4	99769190400
3	15	13	6	299307571200
3	15	13	8	-673442035200
3	15	13	10	-2693768140800
3	15	13	12	4040652211200
4	0	0	2	486338410120320
4	0	2	4	-35346523547520
4	0	4	6	8419130497157760
4	0	6	8	-7009346940670080
4	0	8	10	12205239985653120
4	0	10	12	-1969955702467200
4	0	12	14	68186006064000
4	1	0	2	-6920562791629440
4	1	2	4	-3663833842604160
4	1	4	6	-115683422824932480
4	1	6	8	78745396571026560
4	1	8	10	-169838833450170240
4	1	10	12	27776499379344000
4	1	12	14	-995515688534400
4	2	0	2	46031284472699520
4	2	2	4	50538007549860480
4	2	4	6	744701376641339520
4	2	6	8	-386614479900170880
4	2	8	10	1103924192552081280
4	2	10	12	-182620720422864000
4	2	12	14	6777689002761600
4	3	0	0	105203890298880
4	3	0	2	-188318203299331200
4	3	1	0	-6969104697600
4	3	2	2	1513407919104000
4	3	2	4	-303848290515415680
4	3	3	2	96000182484480
4	3	4	4	2951586240675840
4	3	4	6	-2973020785395431040
4	3	5	4	-2272448518444800
4	3	6	6	8810091148492800
4	3	6	8	1046875556581084800
4	3	7	6	2610367446574080
4	3	8	8	9186826867384320
4	3	8	10	-4446727886377584000
4	3	9	8	-4071591770883840
4	3	10	10	-449614391500800
4	3	10	12	742668340847875200
4	3	11	10	565140311539200
4	3	12	14	-28542662138390400
4	3	13	12	-9091467475200
4	4	0	0	-1008456999644160
4	4	0	2	526756717127813760
4	4	1	0	95802911585280
4	4	2	0	-13374966965760
4	4	2	2	-14758902592496640
4	4	2	4	1092488376077389440
4	4	3	2	-1169465426104320
4	4	4	2	285531259991040
4	4	4	4	-32199459532093440
4	4	4	6	8213188512387899520
4	4	5	4	20545007719818240
4	4	6	4	-765430135741440
4	4	6	6	-95264294006016000
4	4	6	8	-1501588092035825280
4	4	7	6	-28069825900953600
4	4	8	6	2524126051399680
4	4	8	8	-101129810873932800
4	4	8	10	12416009817872304000
4	4	9	8	43161814284549120
4	4	10	8	501885737832960
4	4	10	10	5122445007744000
4	4	10	12	-2089260137404598400
4	4	11	10	-6366598556774400
4	4	12	10	-60609783168000
4	4	12	14	83146015794441600
4	4	13	12	109097609702400
4	5	0	0	4798137091415040
4	5	0	2	-1061503850872932480
4	5	1	0	-574701827950080
4	5	2	0	147720530787840
4	5	2	2	68489237285360640
4	5	2	4	-2639814852237471360
4	5	3	0	-8307145589760
4	5	3	2	5025014951362560
4	5	4	2	-2026227906708480
4	5	4	4	166593021404682240
4	5	4	6	-16591637362553723520
4	5	5	2	29853209249280
4	5	5	4	-87572060855907840
4	5	6	4	7033322497489920
4	5	6	6	477314387524823040
4	5	6	8	220719030162883200
4	5	7	4	-769797305303040
4	5	7	6	133111252050186240
4	5	8	6	-20454532483000320
4	5	8	8	511861765299194880
4	5	8	10	-25457977961790192000
4	5	9	6	-823985580579840
4	5	9	8	-210090238393029120
4	5	10	8	-5026779505543680
4	5	10	10	-26725975720934400
4	5	10	12	4306778152215580800
4	5	11	8	-119872682265600
4	5	11	10	32843890500710400
4	5	12	10	642463701580800
4	5	12	14	-177460899382166400
4	5	13	10	6060978316800
4	5	13	12	-600036853363200
4	6	0	0	-14182907846538240
4	6	0	2	1583725387387052160
4	6	1	0	1904760429050880
4	6	2	0	-583925943098880
4	6	2	2	-196055475549834240
4	6	2	4	4537663424908030080
4	6	3	0	45340562073600
4	6	3	2	-11412506385930240
4	6	4	0	6462020229120
4	6	4	2	7720870082227200
4	6	4	4	-529310889691269120
4	6	4	6	25256002628495652480
4	6	5	2	-482484711767040
4	6	5	4	231518105946178560
4	6	6	2	77514916654080
4	6	6	4	-24416039609441280
4	6	6	6	-1461277546637875200
4	6	6	8	3930893747726624640
4	6	7	4	3467730356305920
4	6	7	6	-368661826412974080
4	6	8	4	281883335592960
4	6	8	6	78283204118968320
4	6	8	8	-1575365884248867840
4	6	8	10	39603695402302519680
4	6	9	6	4969283881605120
4	6	9	8	621334429156131840
4	6	10	6	544753384473600
4	6	10	8	22848749525076480
4	6	10	10	84440447913600000
4	6	10	12	-6720617315686032000
4	6	11	8	1155626532403200
4	6	11	10	-102606852923136000
4	6	12	8	-20203261056000
4	6	12	10	-3091098941568000
4	6	12	14	286667606694268800
4	6	13	10	-60609783168000
4	6	13	12	2000122844544000
4	7	0	0	28100853816837120
4	7	0	2	-1771273472570225280
4	7	1	0	-3942451236268800
4	7	2	0	1215181029634560
4	7	2	2	379277265550556160
4	7	2	4	-5714099388758321280
4	7	3	0	-116087953144320
4	7	3	2	15722620517352960
4	7	4	0	-47849102161920
4	7	4	2	-20456733754137600
4	7	4	4	1132071663258593280
4	7	4	6	-29420944364335271040
4	7	5	0	-2427452426880
4	7	5	2	1712774424798720
4	7	5	4	-420091314647834880
4	7	6	2	-357943133721600
4	7	6	4	37413848197739520
4	7	6	6	3034402681080821760
4	7	6	8	-9546117736653452160
4	7	7	2	-1296545978880
4	7	7	4	-4166374995993600
4	7	7	6	662725879971701760
4	7	8	4	-404394459448320
4	7	8	6	-191835130863790080
4	7	8	8	3283711028630000640
4	7	8	10	-47600704803535320960
4	7	9	4	-318290246910720
4	7	9	6	-10867501462164480
4	7	9	8	-1244474913528864000
4	7	10	6	-4050325287705600
4	7	10	8	-62211828303336960
4	7	10	10	-179939426265216000
4	7	10	12	8084337436966032000
4	7	11	6	-98342944473600
4	7	11	8	-5044754285683200
4	7	11	10	216230911432128000
4	7	12	8	173748045081600
4	7	12	10	8909638125696000
4	7	12	14	-356871918537763200
4	7	13	8	1515244579200
4	7	13	10	272744024256000
4	7	13	12	-4500276400224000
4	8	0	0	-38581688595363840
4	8	0	2	1487443554135008640
4	8	1	0	5455898332416000
4	8	2	0	-1288527861611520
4	8	2	2	-515842922118850560
4	8	2	4	5340187406198194560
4	8	3	0	118909153751040
4	8	3	2	-13504404490076160
4	8	4	0	208836466237440
4	8	4	2	40176895157360640
4	8	4	4	-1698516137700864000
4	8	4	6	26369195889132627840
4	8	5	0	-2079129461760
4	8	5	2	-2846693146521600
4	8	5	4	547939531708876800
4	8	6	0	-4480505850240
4	8	6	2	875920281477120
4	8	6	4	-4728876412446720
4	8	6	6	-4486598561205964800
4	8	6	8	13050506955268368000
4	8	7	2	-227910924564480
4	8	7	4	-6668558174453760
4	8	7	6	-809149350515834880
4	8	8	2	65016142369920
4	8	8	4	-3407321018511360
4	8	8	6	341117573723136000
4	8	8	8	-4883057522554705920
4	8	8	10	44567448147336067200
4	8	9	4	1741117491302400
4	8	9	6	5244086325657600
4	8	9	8	1779890434412451840
4	8	10	4	71875652123520
4	8	10	6	13272930293760000
4	8	10	8	112730890704307200
4	8	10	10	272464117257369600
4	8	10	12	-7558459683798038400
4	8	11	6	688380203980800
4	8	11	8	13140200990822400
4	8	11	10	-323881049312870400
4	8	12	6	17677853424000
4	8	12	8	-662666962636800
4	8	12	10	-17091958853376000
4	8	12	14	345171199897180800
4	8	13	8	-12121956633600
4	8	13	10	-727317398016000
4	8	13	12	7200442240358400
4	9	0	0	37020555932866560
4	9	0	2	-930457619333746560
4	9	1	0	-5241690958095360
4	9	2	0	74186858327040
4	9	2	2	500538030817904640
4	9	2	4	-3706828259265970560
4	9	3	0	153851347537920
4	9	3	2	6367732902236160
4	9	4	0	-563796299612160
4	9	4	2	-59161135128053760
4	9	4	4	1819539677531566080
4	9	4	6	-18128153849881691520
4	9	5	0	48038109350400
4	9	5	2	3274915511946240
4	9	5	4	-524606403217904640
4	9	6	0	27017458968960
4	9	6	2	-1468098194780160
4	9	6	4	-83435615256545280
4	9	6	6	4825821137066496000
4	9	6	8	-12147835920240712320
4	9	7	0	-3345593518080
4	9	7	2	1014011120240640
4	9	7	4	29812191414128640
4	9	7	6	678057031430553600
4	9	8	2	-250395309901440
4	9	8	4	14205460218531840
4	9	8	6	-462503239435284480
4	9	8	8	5310602018610739200
4	9	8	10	-32502536890655760000
4	9	9	2	-6087583434240
4	9	9	4	-4238861847782400
4	9	9	6	22937762236262400
4	9	9	8	-1865684851822955520
4	9	10	4	-361014928836480
4	9	10	6	-25169100179558400
4	9	10	8	-142727517257794560
4	9	10	10	-300613504552704000
4	9	10	12	5492805541692796800
4	9	11	4	-21210022886400
4	9	11	6	-2072487252326400
4	9	11	8	-22627652382720000
4	9	11	10	353639350852300800
4	9	12	6	-116673832598400
4	9	12	8	1470797404876800
4	9	12	10	22910498037504000
4	9	12	14	-259365929866243200
4	9	13	6	-673442035200
4	9	13	8	42426848217600
4	9	13	10	1272805446528000
4	9	13	12	-8400515947084800
4	10	0	0	-24458394654074880
4	10	0	2	425873360113891200
4	10	1	0	3552152626575360
4	10	2	0	1725412712186880
4	10	2	2	-345451945826211840
4	10	2	4	1891251046191576960
4	10	3	0	-631104828088320
4	10	3	2	-91353508024320
4	10	4	0	892370709319680
4	10	4	2	64518148084008960
4	10	4	4	-1394065011239424000
4	10	4	6	9449239188484172160
4	10	5	0	-115233314135040
4	10	5	2	-4037436015298560
4	10	5	4	370558596539197440
4	10	6	0	-70310031661440
4	10	6	2	1433558101063680
4	10	6	4	163081624794716160
4	10	6	6	-3790650316309770240
4	10	6	8	8077033166289713280
4	10	7	0	15077845647360
4	10	7	2	-1757573361100800
4	10	7	4	-49374255837265920
4	10	7	6	-380651946224394240
4	10	8	0	-622096174080
4	10	8	2	389823811643520
4	10	8	4	-25730323643381760
4	10	8	6	479029947777515520
4	10	8	8	-4254279436546836480
4	10	8	10	18309628158704000640
4	10	9	2	2559230899200
4	10	9	4	6341529280204800
4	10	9	6	-57657707151298560
4	10	9	8	1445549630341662720
4	10	10	2	3782159308800
4	10	10	4	735386117915520
4	10	10	6	30462354576230400
4	10	10	8	128813568101729280
4	10	10	10	243516884816332800
4	10	10	12	-3077439011686512000
4	10	11	4	109084004812800
4	10	11	6	3486144120883200
4	10	11	8	26926906335436800
4	10	11	10	-283684641115852800
4	10	12	4	2244806784000
4	10	12	6	328808073686400
4	10	12	8	-2093057845401600
4	10	12	10	-21892253680281600
4	10	12	14	150159222554140800
4	10	13	6	4040652211200
4	10	13	8	-84853696435200
4	10	13	10	-1527366535833600
4	10	13	12	7200442240358400
4	11	0	0	10684565783193600
4	11	0	2	-138458584635903360
4	11	1	0	-1690059474374400
4	11	2	0	-2370474141465600
4	11	2	2	166063690825390080
4	11	2	4	-693080375096557440
4	11	3	0	834487547581440
4	11	3	2	-2049910845027840
4	11	4	0	-750200217661440
4	11	4	2	-50409399886018560
4	11	4	4	753715349871759360
4	11	4	6	-3653535361227926400
4	11	5	0	65517092040960
4	11	5	2	4836595997998080
4	11	5	4	-191345904248981760
4	11	6	0	125442687830400
4	11	6	2	-110918548592640
4	11	6	4	-165244649866352640
4	11	6	6	2149867891743436800
4	11	6	8	-3857097845024668800
4	11	7	0	-34639963683840
4	11	7	2	1296656329651200
4	11	7	4	49362274464491520
4	11	7	6	130757788454906880
4	11	8	0	3600861557760
4	11	8	2	-271426050576000
4	11	8	4	27743763860858880
4	11	8	6	-369450561724600320
4	11	8	8	2490097180456765440
4	11	8	10	-7821899169641101440
4	11	9	0	-388344015360
4	11	9	2	30027956497920
4	11	9	4	-6867446695027200
4	11	9	6	68311386005575680
4	11	9	8	-822545430229520640
4	11	10	2	-12561848064000
4	11	10	4	-752128295057280
4	11	10	6	-24443986773657600
4	11	10	8	-82849312539233280
4	11	10	10	-143755385713920000
4	11	10	12	1305495470829168000
4	11	11	2	-594080179200
4	11	11	4	-235010862950400
4	11	11	6	-3552712845696000
4	11	11	8	-22429660424371200
4	11	11	10	165985401185856000
4	11	12	4	-10326111206400
4	11	12	6	-512657749296000
4	11	12	8	1979919583488000
4	11	12	10	14910006659328000
4	11	12	14	-65772221449334400
4	11	13	4	-224480678400
4	11	13	6	-10101630528000
4	11	13	8	106067120544000
4	11	13	10	1272805446528000
4	11	13	12	-4500276400224000
4	12	0	0	-2890201885793280
4	12	0	2	30572677646363520
4	12	1	0	549034389734400
4	12	2	0	1479518592606720
4	12	2	2	-53264567669437440
4	12	2	4	175327241825220480
4	12	3	0	-572497382338560
4	12	3	2	1410652908933120
4	12	4	0	221748816568320
4	12	4	2	26676375921423360
4	12	4	4	-278439145323632640
4	12	4	6	1010053609285979520
4	12	5	0	88020914734080
4	12	5	2	-3918342439710720
4	12	5	4	70294529947898880
4	12	6	0	-147889571541120
4	12	6	2	-1462826753556480
4	12	6	4	102454431902991360
4	12	6	6	-855015770596239360
4	12	6	8	1295352007306381440
4	12	7	0	39592042721280
4	12	7	2	8796014622720
4	12	7	4	-32147505179688960
4	12	7	6	-18590722469314560
4	12	8	0	-4978482600960
4	12	8	2	24072151536000
4	12	8	4	-19556898193059840
4	12	8	6	203493759377172480
4	12	8	8	-1037799718062935040
4	12	8	10	2451925533899479680
4	12	9	0	752803891200
4	12	9	2	-71418414458880
4	12	9	4	5716872565125120
4	12	9	6	-48928233136619520
4	12	9	8	335599797833395200
4	12	10	0	-52832321280
4	12	10	2	22706560742400
4	12	10	4	359302753480320
4	12	10	6	13040776457625600
4	12	10	8	37200558448028160
4	12	10	10	60317754212736000
4	12	10	12	-405936089010288000
4	12	11	2	1687006310400
4	12	11	4	273403861401600
4	12	11	6	2213052971673600
4	12	11	8	12913924466995200
4	12	11	10	-69109846092288000
4	12	12	2	187067232000
4	12	12	4	18856376985600
4	12	12	6	477302042448000
4	12	12	8	-1244520881049600
4	12	12	10	-7091344630656000
4	12	12	14	21096750276201600
4	12	13	4	897922713600
4	12	13	6	13468840704000
4	12	13	8	-84853696435200
4	12	13	10	-727317398016000
4	12	13	12	2000122844544000
4	13	0	0	442544383872000
4	13	0	2	-4285191598704000
4	13	1	0	-115051260556800
4	13	2	0	-433183464000000
4	13	2	2	10607401368806400
4	13	2	4	-28671473233123200
4	13	3	0	212975476761600
4	13	3	2	-468933334732800
4	13	4	0	75292482355200
4	13	4	2	-8748628792243200
4	13	4	4	66084254694144000
4	13	4	6	-187638526823472000
4	13	5	0	-123431872550400
4	13	5	2	1825080067468800
4	13	5	4	-17374335139468800
4	13	6	0	78950874960000
4	13	6	2	1580978870784000
4	13	6	4	-38882189466547200
4	13	6	6	225235178367436800
4	13	6	8	-290504420245814400
4	13	7	0	-7673157734400
4	13	7	2	-627575417395200
4	13	7	4	13329363375820800
4	13	7	6	-3923269223731200
4	13	8	0	-2287133107200
4	13	8	2	48421502697600
4	13	8	4	9158430741811200
4	13	8	6	-75182497404364800
4	13	8	8	292080749078707200
4	13	8	10	-532115464102531200
4	13	9	0	-63489484800
4	13	9	2	101313345369600
4	13	9	4	-3429643014374400
4	13	9	6	21776380835558400
4	13	9	8	-93305332754956800
4	13	10	0	100902931200
4	13	10	2	-31087172736000
4	13	10	4	-13164431299200
4	13	10	6	-4479001754112000
4	13	10	8	-11099855290176000
4	13	10	10	-17076898240588800
4	13	10	12	87351232750243200
4	13	11	2	-1292464512000
4	13	11	4	-182836111334400
4	13	11	6	-799396103116800
4	13	11	8	-4917473741030400
4	13	11	10	19445087768371200
4	13	12	2	-486374803200
4	13	12	4	-17060531558400
4	13	12	6	-265167801360000
4	13	12	8	501040874188800
4	13	12	10	2242561977216000
4	13	12	14	-4677560015990400
4	13	13	4	-1346884070400
4	13	13	6	-10101630528000
4	13	13	8	42426848217600
4	13	13	10	272744024256000
4	13	13	12	-600036853363200
4	14	0	0	-33439306982400
4	14	0	2	339184069488000
4	14	1	0	13984314854400
4	14	2	0	58855508236800
4	14	2	2	-1168047796608000
4	14	2	4	2695133731593600
4	14	3	0	-40273496524800
4	14	3	2	80314198272000
4	14	4	0	-41736777984000
4	14	4	2	1531008111283200
4	14	4	4	-8943010919884800
4	14	4	6	20857341632688000
4	14	5	0	47307224448000
4	14	5	2	-435342862310400
4	14	5	4	2579881609958400
4	14	6	0	-1020555676800
4	14	6	2	-654535773619200
4	14	6	4	8207462563660800
4	14	6	6	-35061188197939200
4	14	6	8	39008288086416000
4	14	7	0	-16428660019200
4	14	7	2	351686396160000
4	14	7	4	-3167871333580800
4	14	7	6	2031101178163200
4	14	8	0	7349663692800
4	14	8	2	14784546902400
4	14	8	4	-2652912657331200
4	14	8	6	16644793342003200
4	14	8	8	-49790263430476800
4	14	8	10	71431154871120000
4	14	9	0	-598615142400
4	14	9	2	-84753927244800
4	14	9	4	1262479335321600
4	14	9	6	-5603935655577600
4	14	9	8	15891885146649600
4	14	10	0	-62355744000
4	14	10	2	25391258956800
4	14	10	4	-57036799036800
4	14	10	6	903759211238400
4	14	10	8	1979246141452800
4	14	10	10	2929472853120000
4	14	10	12	-11632532634518400
4	14	11	2	-99769190400
4	14	11	4	67344203520000
4	14	11	6	142769711462400
4	14	11	8	1117913778432000
4	14	11	10	-3321416117606400
4	14	12	2	411547910400
4	14	12	4	7632343065600
4	14	12	6	81318125750400
4	14	12	8	-117178914124800
4	14	12	10	-424268482176000
4	14	12	14	640948457001600
4	14	13	4	897922713600
4	14	13	6	4040652211200
4	14	13	8	-12121956633600
4	14	13	10	-60609783168000
4	14	13	12	109097609702400
4	15	0	0	648499737600
4	15	0	2	-11018259964800
4	15	1	0	-760740076800
4	15	2	0	-2668825843200
4	15	2	2	52827786316800
4	15	2	4	-108817008854400
4	15	3	0	3067902604800
4	15	3	2	-5761670745600
4	15	4	0	4489613568000
4	15	4	2	-106703149132800
4	15	4	4	518101405747200
4	15	4	6	-1044003515068800
4	15	5	0	-5718021724800
4	15	5	2	41079964147200
4	15	5	4	-173186843385600
4	15	6	0	-2637647971200
4	15	6	2	86350234291200
4	15	6	4	-717889209523200
4	15	6	6	2416310022297600
4	15	6	8	-2366306951184000
4	15	7	0	4639267353600
4	15	7	2	-56793611635200
4	15	7	4	322803215539200
4	15	7	6	-246479784883200
4	15	8	0	-79815352320
4	15	8	2	-20296794672000
4	15	8	4	362311814937600
4	15	8	6	-1667442479155200
4	15	8	8	3883066774963200
4	15	8	10	-4466637970565760
4	15	9	0	-1471595558400
4	15	9	2	28359392371200
4	15	9	4	-207756867859200
4	15	9	6	642463701580800
4	15	9	8	-1255632674630400
4	15	10	0	561201696000
4	15	10	2	-8230958208000
4	15	10	4	16779930710400
4	15	10	6	-82159928294400
4	15	10	8	-159605762342400
4	15	10	10	-230317176038400
4	15	10	12	722771664278400
4	15	11	0	-74826892800
4	15	11	2	299307571200
4	15	11	4	-10775072563200
4	15	11	6	-7407862387200
4	15	11	8	-115158588019200
4	15	11	10	260622067622400
4	15	12	2	-112240339200
4	15	12	4	-1346884070400
4	15	12	6	-10606712054400
4	15	12	8	12121956633600
4	15	12	10	36365869900800
4	15	12	14	-40911603638400
4	15	13	0	-1247114880
4	15	13	4	-224480678400
4	15	13	6	-673442035200
4	15	13	8	1515244579200
4	15	13	10	6060978316800
4	15	13	12	-9091467475200
5	0	0	2	-1097037075340800
5	0	2	4	4489421739056640
5	0	4	6	-24205159739174400
5	0	6	8	31817528105863680
5	0	8	10	-27908997875329536
5	0	10	12	4047521319959040
5	0	12	14	-120007370672640
5	1	0	2	14861078034370560
5	1	2	4	-45176989578946560
5	1	4	6	309404641369006080
5	1	6	8	-374250056583997440
5	1	8	10	376731898638520320
5	1	10	12	-56234858819328000
5	1	12	14	1745561755238400
5	2	0	2	-94557102321185280
5	2	2	4	188641117734842880
5	2	4	6	-1855054577460257280
5	2	6	8	1999106840912094720
5	2	8	10	-2374648877674022400
5	2	10	12	364162862204352000
5	2	12	14	-11837090652710400
5	3	0	0	-110199605760000
5	3	0	2	371990483052825600
5	3	1	0	9648587704320
5	3	2	2	-2402939136798720
5	3	2	4	-378346584076784640
5	3	3	2	-775837876285440
5	3	4	4	-309734358589440
5	3	4	6	6919773615519390720
5	3	5	4	6098119665408000
5	3	6	6	-12110202008985600
5	3	6	8	-6367985904507448320
5	3	7	6	-9963807554396160
5	3	8	8	-14640091091619840
5	3	8	10	9275429627873879040
5	3	9	8	8796654959523840
5	3	10	10	685000749404160
5	3	10	12	-1458089553672576000
5	3	11	10	-1078192942755840
5	3	12	14	49639412414592000
5	3	13	12	14546347960320
5	4	0	0	1166417930833920
5	4	0	2	-1004982793813900800
5	4	1	0	-177494831677440
5	4	2	0	44683899402240
5	4	2	2	23659806379069440
5	4	2	4	134010539334213120
5	4	3	2	7025020793856000
5	4	4	2	-715268907786240
5	4	4	4	14275534469898240
5	4	4	6	-17949386660698713600
5	4	5	4	-54811662202183680
5	4	6	4	2702845323141120
5	4	6	6	134683378672803840
5	4	6	8	13290145508831685120
5	4	7	6	98279110331596800
5	4	8	6	-3487629774827520
5	4	8	8	160814725483991040
5	4	8	10	-25118667856491563520
5	4	9	8	-91639706528563200
5	4	10	8	-1077458278717440
5	4	10	10	-7835926633574400
5	4	10	12	4036993400622758400
5	4	11	10	12023217786839040
5	4	12	10	106673218375680
5	4	12	14	-143954296002316800
5	4	13	12	-174556175523840
5	5	0	0	-6038883976089600
5	5	0	2	1962468063728363520
5	5	1	0	1127736508723200
5	5	2	0	-404195828060160
5	5	2	2	-110643440794398720
5	5	2	4	1279987935756042240
5	5	3	0	24662943866880
5	5	3	2	-27350921766666240
5	5	4	2	5352729532047360
5	5	4	4	-126099368137728000
5	5	4	6	34253149109811886080
5	5	5	2	-282731373711360
5	5	5	4	228076624863866880
5	5	6	4	-21563728248176640
5	5	6	6	-692767051654717440
5	5	6	8	-18572636836534579200
5	5	7	4	957152960962560
5	5	7	6	-434621803161600000
5	5	8	6	28148342439813120
5	5	8	8	-812496991418634240
5	5	8	10	49978454960757823488
5	5	9	6	1219825285447680
5	5	9	8	437358072977510400
5	5	10	8	10568289125191680
5	5	10	10	41052732600176640
5	5	10	12	-8187208300594667520
5	5	11	8	232741567365120
5	5	11	10	-61348561325015040
5	5	12	10	-1124917575598080
5	5	12	14	305778780473886720
5	5	13	10	-9697565306880
5	5	13	12	960058965381120
5	6	0	0	18861387212943360
5	6	0	2	-2843773970907087360
5	6	1	0	-3674589981696000
5	6	2	0	1597981354813440
5	6	2	2	317672042541281280
5	6	2	4	-3841375476462312960
5	6	3	0	-166288030617600
5	6	3	2	61762674815262720
5	6	4	0	587731230720
5	6	4	2	-19050850719498240
5	6	4	4	534733785987932160
5	6	4	6	-49585336859907002880
5	6	5	2	1637927124664320
5	6	5	4	-579572715828142080
5	6	6	2	-207680756060160
5	6	6	4	71393214575370240
5	6	6	6	2171032474298572800
5	6	6	8	16364742108414727680
5	6	7	4	-3921647520890880
5	6	7	6	1136352735636848640
5	6	8	4	121932462551040
5	6	8	6	-108317788314439680
5	6	8	8	2497248743049768960
5	6	8	10	-75511114804162967040
5	6	9	6	-7356370601041920
5	6	9	8	-1265396376026603520
5	6	10	6	-1057034618449920
5	6	10	8	-46992099529820160
5	6	10	10	-130251526024089600
5	6	10	12	12565044453449664000
5	6	11	8	-2190572252098560
5	6	11	10	189411082380288000
5	6	12	8	35557739458560
5	6	12	10	5382148745318400
5	6	12	14	-491430182904460800
5	6	13	10	96975653068800
5	6	13	12	-3200196551270400
5	7	0	0	-38593417219522560
5	7	0	2	3094383479062533120
5	7	1	0	7319654934312960
5	7	2	0	-3610460764753920
5	7	2	2	-613395073616855040
5	7	2	4	6136148864576332800
5	7	3	0	509815725649920
5	7	3	2	-90670132605726720
5	7	4	0	23827301314560
5	7	4	2	43731070982184960
5	7	4	4	-1356983759963750400
5	7	4	6	55308494673151534080
5	7	5	0	12362007352320
5	7	5	2	-3201694903111680
5	7	5	4	999699105922099200
5	7	6	2	1232514717143040
5	7	6	4	-120194251064156160
5	7	6	6	-4599128009751920640
5	7	6	8	-5958614596858905600
5	7	7	2	-104238850129920
5	7	7	4	2564235079925760
5	7	7	6	-1947570268817940480
5	7	8	4	-2867166993715200
5	7	8	6	270197156271144960
5	7	8	8	-5200848158011637760
5	7	8	10	88253705809638374400
5	7	9	4	442603338393600
5	7	9	6	15938617942425600
5	7	9	8	2474158040086579200
5	7	10	6	7847681258188800
5	7	10	8	125028750397501440
5	7	10	10	278743290793574400
5	7	10	12	-14860730905612416000
5	7	11	6	186702620958720
5	7	11	8	9330135332474880
5	7	11	10	-394139909961216000
5	7	12	8	-303857046282240
5	7	12	10	-15419128837939200
5	7	12	14	608437369310284800
5	7	13	8	-2424391326720
5	7	13	10	-436390438809600
5	7	13	12	7200442240358400
5	8	0	0	53921542043934720
5	8	0	2	-2532040177880517120
5	8	1	0	-9742331238727680
5	8	2	0	4803292739911680
5	8	2	2	829557809586708480
5	8	2	4	-6522267523458332160
5	8	3	0	-812721034321920
5	8	3	2	90461394900910080
5	8	4	0	-246037273251840
5	8	4	2	-74406842740592640
5	8	4	4	2262436268413501440
5	8	4	6	-47780366323060800000
5	8	5	0	-38417789583360
5	8	5	2	1920509751582720
5	8	5	4	-1231879406287749120
5	8	6	0	15095229672960
5	8	6	2	-3410859499130880
5	8	6	4	82037574987264000
5	8	6	6	6912685808160030720
5	8	6	8	-5835498458574574080
5	8	7	2	865089580032000
5	8	7	4	16566960675594240
5	8	7	6	2287917479272366080
5	8	8	2	-91574058401280
5	8	8	4	14744475060572160
5	8	8	6	-493930469107814400
5	8	8	8	7731562219383398400
5	8	8	10	-80475982163108974080
5	8	9	4	-2446304268902400
5	8	9	6	-6640818711552000
5	8	9	8	-3447811114553180160
5	8	10	4	-112652567354880
5	8	10	6	-25621065495982080
5	8	10	8	-221147883152732160
5	8	10	10	-423884105951109120
5	8	10	12	13657111526570688000
5	8	11	6	-1299081930301440
5	8	11	8	-23709469668065280
5	8	11	10	582414614006906880
5	8	12	6	-31113022026240
5	8	12	8	1150777749749760
5	8	12	10	29383622879846400
5	8	12	14	-585035932029120000
5	8	13	8	19395130613760
5	8	13	10	1163707836825600
5	8	13	12	-11520707584573440
5	9	0	0	-52171457418731520
5	9	0	2	1546154895627141120
5	9	1	0	9087212470394880
5	9	2	0	-3149310636195840
5	9	2	2	-798552442749542400
5	9	2	4	4889904221339596800
5	9	3	0	456971915796480
5	9	3	2	-61167569129717760
5	9	4	0	888866089758720
5	9	4	2	99726566583214080
5	9	4	4	-2589885426772131840
5	9	4	6	31855766356858613760
5	9	5	0	-19431410319360
5	9	5	2	862117062819840
5	9	5	4	1112224474815160320
5	9	6	0	-68461618452480
5	9	6	2	5588403708948480
5	9	6	4	70122844404080640
5	9	6	6	-7532760889826426880
5	9	6	8	11435699918881658880
5	9	7	0	7601807646720
5	9	7	2	-2675390051266560
5	9	7	4	-53484303869337600
5	9	7	6	-1864597573534924800
5	9	8	2	350868288798720
5	9	8	4	-36555565597470720
5	9	8	6	690098142368194560
5	9	8	8	-8410672334572462080
5	9	8	10	57269904649242992640
5	9	9	2	-233399439360
5	9	9	4	6071448639836160
5	9	9	6	-37635238752215040
5	9	9	8	3515788174001725440
5	9	10	4	574719514306560
5	9	10	6	48250481072394240
5	9	10	8	273011539921182720
5	9	10	10	469688351686041600
5	9	10	12	-9753544502613964800
5	9	11	4	38920868167680
5	9	11	6	3885589121495040
5	9	11	8	39854838396764160
5	9	11	10	-626794199238574080
5	9	12	6	203648871444480
5	9	12	8	-2534297066864640
5	9	12	10	-39100583317340160
5	9	12	14	436826829248409600
5	9	13	6	1077507256320
5	9	13	8	-67882957148160
5	9	13	10	-2036488714444800
5	9	13	12	13440825515335680
5	10	0	0	34548251812945920
5	10	0	2	-692534130956305920
5	10	1	0	-6051532290785280
5	10	2	0	-466639248015360
5	10	2	2	546339189754552320
5	10	2	4	-2620690232291965440
5	10	3	0	559060588707840
5	10	3	2	26384807718420480
5	10	4	0	-1553031404236800
5	10	4	2	-104286781667635200
5	10	4	4	2069627773002301440
5	10	4	6	-16192560758883816960
5	10	5	0	174969764167680
5	10	5	2	439175510876160
5	10	5	4	-742116528453058560
5	10	6	0	141238254389760
5	10	6	2	-5350703915151360
5	10	6	4	-223739719832678400
5	10	6	6	5976096213355315200
5	10	6	8	-9791653897618030080
5	10	7	0	-31090498375680
5	10	7	2	4085801095495680
5	10	7	4	83742507100200960
5	10	7	6	1035889746658836480
5	10	8	0	1711192780800
5	10	8	2	-537760924715520
5	10	8	4	53830082115440640
5	10	8	6	-733145765372375040
5	10	8	8	6743173433219112960
5	10	8	10	-31550663061602247168
5	10	9	2	28786737070080
5	10	9	4	-9370169987604480
5	10	9	6	92212744478515200
5	10	9	8	-2647243205969264640
5	10	10	2	-5920847953920
5	10	10	4	-1191822341184000
5	10	10	6	-57744299552624640
5	10	10	8	-239992309603307520
5	10	10	10	-382106994609070080
5	10	10	12	5369598883615633920
5	10	11	4	-197706255667200
5	10	11	6	-6488160966328320
5	10	11	8	-46356517181399040
5	10	11	10	495136526244986880
5	10	12	4	-3950859939840
5	10	12	6	-568519766115840
5	10	12	8	3575169076469760
5	10	12	10	37064094602895360
5	10	12	14	-251175426817835520
5	10	13	6	-6465043537920
5	10	13	8	135765914296320
5	10	13	10	2443786457333760
5	10	13	12	-11520707584573440
5	11	0	0	-15060443885015040
5	11	0	2	221129531970647040
5	11	1	0	2852892743546880
5	11	2	0	2598467803914240
5	11	2	2	-260612724388884480
5	11	2	4	993418367823590400
5	11	3	0	-1198687922749440
5	11	3	2	-5796245305036800
5	11	4	0	1348958060236800
5	11	4	2	80481060731289600
5	11	4	4	-1149482615051427840
5	11	4	6	6135312182005785600
5	11	5	0	-125005555169280
5	11	5	2	-4637363878379520
5	11	5	4	363463200372418560
5	11	6	0	-215961699640320
5	11	6	2	1863472007761920
5	11	6	4	249918063374499840
5	11	6	6	-3414086204053708800
5	11	6	8	5301462887765314560
5	11	7	0	64484354949120
5	11	7	2	-2981960819527680
5	11	7	4	-82519503712542720
5	11	7	6	-367565783855063040
5	11	8	0	-7205955747840
5	11	8	2	350749472762880
5	11	8	4	-51711245725224960
5	11	8	6	575829412084039680
5	11	8	8	-3952076510835855360
5	11	8	10	13213464113122974720
5	11	9	0	701407641600
5	11	9	2	-88088334520320
5	11	9	4	10533573074903040
5	11	9	6	-109070356387553280
5	11	9	8	1463226626657617920
5	11	10	2	20352914841600
5	11	10	4	1246297679631360
5	11	10	6	45550247888056320
5	11	10	8	150176888163164160
5	11	10	10	226521901616025600
5	11	10	12	-2238137463044736000
5	11	11	2	1012203786240
5	11	11	4	418856457093120
5	11	11	6	6555652102656000
5	11	11	8	37818349682319360
5	11	11	10	-285042300258816000
5	11	12	4	17958454272000
5	11	12	6	876821529830400
5	11	12	8	-3348892552642560
5	11	12	10	-25019718491750400
5	11	12	14	109206707312102400
5	11	13	4	359169085440
5	11	13	6	16162608844800
5	11	13	8	-169707392870400
5	11	13	10	-2036488714444800
5	11	13	12	7200442240358400
5	12	0	0	4065006777569280
5	12	0	2	-48202513406138880
5	12	1	0	-920575761776640
5	12	2	0	-1949731240458240
5	12	2	2	83200071081922560
5	12	2	4	-257953788242265600
5	12	3	0	912050030960640
5	12	3	2	-274006104514560
5	12	4	0	-417916812718080
5	12	4	2	-42486303399137280
5	12	4	4	432146954020331520
5	12	4	6	-1669174633291737600
5	12	5	0	-145467107573760
5	12	5	2	5481159689871360
5	12	5	4	-127296641958174720
5	12	6	0	242913943319040
5	12	6	2	1856341836288000
5	12	6	4	-160521121082511360
5	12	6	6	1364571058146877440
5	12	6	8	-1911985359034360320
5	12	7	0	-70135926865920
5	12	7	2	323273944719360
5	12	7	4	53458269552599040
5	12	7	6	67111461952634880
5	12	8	0	9715705159680
5	12	8	2	7151183470080
5	12	8	4	33917871369646080
5	12	8	6	-320945135905013760
5	12	8	8	1649972462187663360
5	12	8	10	-4070980061035200000
5	12	9	0	-1313325342720
5	12	9	2	135925545000960
5	12	9	4	-9026702758748160
5	12	9	6	78280902171648000
5	12	9	8	-580084847408332800
5	12	10	0	113374080000
5	12	10	2	-37868756705280
5	12	10	4	-618517735395840
5	12	10	6	-23709567623270400
5	12	10	8	-65527085487421440
5	12	10	10	-95437266572390400
5	12	10	12	683818858632384000
5	12	11	2	-2902376448000
5	12	11	4	-476780635054080
5	12	11	6	-4040260390379520
5	12	11	8	-21382053994414080
5	12	11	10	116679342578688000
5	12	12	2	-329238328320
5	12	12	4	-32325217689600
5	12	12	6	-806110116134400
5	12	12	8	2081744019210240
5	12	12	10	11782541847859200
5	12	12	14	-34747588690214400
5	12	13	4	-1436676341760
5	12	13	6	-21550145126400
5	12	13	8	135765914296320
5	12	13	10	1163707836825600
5	12	13	12	-3200196551270400
5	13	0	0	-625414960926720
5	13	0	2	6714370372700160
5	13	1	0	191328283422720
5	13	2	0	613094372904960
5	13	2	2	-16573487394631680
5	13	2	4	43204460171489280
5	13	3	0	-347457996472320
5	13	3	2	508046485340160
5	13	4	0	-104677834567680
5	13	4	2	13922932011171840
5	13	4	4	-103814515437281280
5	13	4	6	306206159033825280
5	13	5	0	207411076915200
5	13	5	2	-2853271866470400
5	13	5	4	30136626309427200
5	13	6	0	-124464786001920
5	13	6	2	-2481462931599360
5	13	6	4	61815024011796480
5	13	6	6	-360526679279493120
5	13	6	8	447484845341491200
5	13	7	0	11682065203200
5	13	7	2	963084692828160
5	13	7	4	-22015628261130240
5	13	7	6	1369805588398080
5	13	8	0	3003959623680
5	13	8	2	-87929308477440
5	13	8	4	-15196346049761280
5	13	8	6	119448536227430400
5	13	8	8	-465319843403304960
5	13	8	10	870569979662039040
5	13	9	0	76187381760
5	13	9	2	-166941065318400
5	13	9	4	5488136277258240
5	13	9	6	-34906337344512000
5	13	9	8	156873399850782720
5	13	10	0	-195910410240
5	13	10	2	51531693834240
5	13	10	4	40901740093440
5	13	10	6	7873541432340480
5	13	10	8	18973237545308160
5	13	10	10	27127028819496960
5	13	10	12	-144603922678272000
5	13	11	2	2289249423360
5	13	11	4	310452696760320
5	13	11	6	1437688545546240
5	13	11	8	8020964016046080
5	13	11	10	-32255865404375040
5	13	12	2	838061199360
5	13	12	4	28733526835200
5	13	12	6	441239221463040
5	13	12	8	-827525572853760
5	13	12	10	-3685074816614400
5	13	12	14	7636832679168000
5	13	13	4	2155014512640
5	13	13	6	16162608844800
5	13	13	8	-67882957148160
5	13	13	10	-436390438809600
5	13	13	12	960058965381120
5	14	0	0	47742883246080
5	14	0	2	-531804704048640
5	14	1	0	-22960216350720
5	14	2	0	-87231528806400
5	14	2	2	1835713195683840
5	14	2	4	-4168441578723840
5	14	3	0	65541706813440
5	14	3	2	-116450599034880
5	14	4	0	64956394229760
5	14	4	2	-2439037443870720
5	14	4	4	14184066076139520
5	14	4	6	-33692170332648960
5	14	5	0	-77633732689920
5	14	5	2	699900824494080
5	14	5	4	-4298296168488960
5	14	6	0	886282974720
5	14	6	2	1048135206666240
5	14	6	4	-13119369183866880
5	14	6	6	56176199977328640
5	14	6	8	-61620619662835200
5	14	7	0	27070706995200
5	14	7	2	-566529370767360
5	14	7	4	5168443139481600
5	14	7	6	-2995470172569600
5	14	8	0	-11426897940480
5	14	8	2	-23979524912640
5	14	8	4	4295662261862400
5	14	8	6	-26562708882800640
5	14	8	8	79495252849520640
5	14	8	10	-115441837739205120
5	14	9	0	957784227840
5	14	9	2	135925545000960
5	14	9	4	-2024995303710720
5	14	9	6	8984973841367040
5	14	9	8	-26034730327203840
5	14	10	0	109746109440
5	14	10	2	-41264537149440
5	14	10	4	87921599040000
5	14	10	6	-1521440245923840
5	14	10	8	-3277238320097280
5	14	10	10	-4670993956147200
5	14	10	12	18928435283366400
5	14	11	2	79815352320
5	14	11	4	-110983247400960
5	14	11	6	-249981683466240
5	14	11	8	-1802669639823360
5	14	11	10	5411241441239040
5	14	12	2	-688407413760
5	14	12	4	-12570917990400
5	14	12	6	-132937457748480
5	14	12	8	190718784368640
5	14	12	10	688527136788480
5	14	12	14	-1036427292172800
5	14	13	4	-1436676341760
5	14	13	6	-6465043537920
5	14	13	8	19395130613760
5	14	13	10	96975653068800
5	14	13	12	-174556175523840
5	15	0	0	-1037599580160
5	15	0	2	17629215943680
5	15	1	0	1217184122880
5	15	2	0	4270121349120
5	15	2	2	-84524458106880
5	15	2	4	174107214167040
5	15	3	0	-4908644167680
5	15	3	2	9218673192960
5	15	4	0	-7183381708800
5	15	4	2	170725038612480
5	15	4	4	-828962249195520
5	15	4	6	1670405624110080
5	15	5	0	9148834759680
5	15	5	2	-65727942635520
5	15	5	4	277098949416960
5	15	6	0	4220236753920
5	15	6	2	-138160374865920
5	15	6	4	1148622735237120
5	15	6	6	-3866096035676160
5	15	6	8	3786091121894400
5	15	7	0	-7422827765760
5	15	7	2	90869778616320
5	15	7	4	-516485144862720
5	15	7	6	394367655813120
5	15	8	0	127704563712
5	15	8	2	32474871475200
5	15	8	4	-579698903900160
5	15	8	6	2667907966648320
5	15	8	8	-6212906839941120
5	15	8	10	7146620752905216
5	15	9	0	2354552893440
5	15	9	2	-45375027793920
5	15	9	4	332410988574720
5	15	9	6	-1027941922529280
5	15	9	8	2009012279408640
5	15	10	0	-897922713600
5	15	10	2	13169533132800
5	15	10	4	-26847889136640
5	15	10	6	131455885271040
5	15	10	8	255369219747840
5	15	10	10	368507481661440
5	15	10	12	-1156434662845440
5	15	11	0	119723028480
5	15	11	2	-478892113920
5	15	11	4	17240116101120
5	15	11	6	11852579819520
5	15	11	8	184253740830720
5	15	11	10	-416995308195840
5	15	12	2	179584542720
5	15	12	4	2155014512640
5	15	12	6	16970739287040
5	15	12	8	-19395130613760
5	15	12	10	-58185391841280
5	15	12	14	65458565821440
5	15	13	0	1995383808
5	15	13	4	359169085440
5	15	13	6	1077507256320
5	15	13	8	-2424391326720
5	15	13	10	-9697565306880
5	15	13	12	14546347960320
6	0	0	2	2377005496243200
6	0	2	4	-17725386187284480
6	0	4	6	59664784815406080
6	0	6	8	-82287221083453440
6	0	8	10	47564045279235072
6	0	10	12	-6016898474496000
6	0	12	14	152736653583360
6	1	0	2	-29072308993574400
6	1	2	4	190954427858956800
6	1	4	6	-706419181512875520
6	1	6	8	963307686492126720
6	1	8	10	-623439392640422400
6	1	10	12	82484735510177280
6	1	12	14	-2214681476958720
6	2	0	2	168303009094594560
6	2	2	4	-921937174962140160
6	2	4	6	3908592970843023360
6	2	6	8	-5163105944012497920
6	2	8	10	3812319215796510720
6	2	10	12	-526760947908357120
6	2	12	14	14968192051169280
6	3	0	0	36439336304640
6	3	0	2	-609498065004526080
6	3	1	0	-19468597017600
6	3	2	2	3110273672970240
6	3	2	4	2604533336593804800
6	3	3	2	2417142641541120
6	3	4	4	-8235290004848640
6	3	4	6	-13433167765138752000
6	3	5	4	-13374191487052800
6	3	6	6	10666930016747520
6	3	6	8	16718288083467747840
6	3	7	6	22996682292142080
6	3	8	8	16728006288752640
6	3	8	10	-14435485430464949760
6	3	9	8	-13973203892229120
6	3	10	10	-740541350707200
6	3	10	12	2078822223596321280
6	3	11	10	1485196820029440
6	3	12	14	-62545659642385920
6	3	13	12	-16970739287040
6	4	0	0	-630047879331840
6	4	0	2	1534806437735808000
6	4	1	0	339708651356160
6	4	2	0	-92812556851200
6	4	2	2	-29615319591690240
6	4	2	4	-4673235807949178880
6	4	3	2	-20019072618639360
6	4	4	2	1568230182236160
6	4	4	4	53867526399590400
6	4	4	6	32132912044513305600
6	4	5	4	116673955042406400
6	4	6	4	-5290756538941440
6	4	6	6	-126500527354429440
6	4	6	8	-36277473980888985600
6	4	7	6	-215967478594314240
6	4	8	6	3129244331028480
6	4	8	8	-183840761685934080
6	4	8	10	37878320332262753280
6	4	9	8	142825284715438080
6	4	10	8	1651475780720640
6	4	10	10	8536796126208000
6	4	10	12	-5669890054321489920
6	4	11	10	-16413276214702080
6	4	12	10	-135765914296320
6	4	12	14	180687461189114880
6	4	13	12	203648871444480
6	5	0	0	4250047788011520
6	5	0	2	-2825042731393697280
6	5	1	0	-1959071450664960
6	5	2	0	791576012574720
6	5	2	2	134731539981987840
6	5	2	4	5262686567468167680
6	5	3	0	-61679127490560
6	5	3	2	74041515175127040
6	5	4	2	-11322021776855040
6	5	4	4	-111877360745472000
6	5	4	6	-56753010208079101440
6	5	5	2	727366375618560
6	5	5	4	-464858599552174080
6	5	6	4	39909823918571520
6	5	6	6	686873369944350720
6	5	6	8	55122321806186503680
6	5	7	4	-718098724823040
6	5	7	6	912868120182067200
6	5	8	6	-25298172488171520
6	5	8	8	929502133009551360
6	5	8	10	-73014122757625975296
6	5	9	6	-1333507742945280
6	5	9	8	-667486032211353600
6	5	10	8	-15907239625052160
6	5	10	10	-45068112368455680
6	5	10	12	11321680815193351680
6	5	11	8	-324329684152320
6	5	11	10	82933431571630080
6	5	12	10	1425542100111360
6	5	12	14	-382223475592358400
6	5	13	10	11313826191360
6	5	13	12	-1120068792944640
6	6	0	0	-15263053544448000
6	6	0	2	3894082692166010880
6	6	1	0	5747303982182400
6	6	2	0	-3104690226278400
6	6	2	2	-378746514318458880
6	6	2	4	-2984382206592445440
6	6	3	0	423003227443200
6	6	3	2	-162544676081909760
6	6	4	0	-34687026524160
6	6	4	2	36476961987317760
6	6	4	4	-62787994924400640
6	6	4	6	76508229027771187200
6	6	5	2	-3239853897461760
6	6	5	4	1118505453266718720
6	6	6	2	504748660101120
6	6	6	4	-129463987942748160
6	6	6	6	-2249830971774074880
6	6	6	8	-59058306827737943040
6	6	7	4	2298805497815040
6	6	7	6	-2289095466801315840
6	6	8	4	-1054306384588800
6	6	8	6	99444418103439360
6	6	8	8	-2859670365772308480
6	6	8	10	106899782153146214400
6	6	9	6	8131784004771840
6	6	9	8	1887294545551134720
6	6	10	6	1511938591027200
6	6	10	8	69373639459676160
6	6	10	10	144076433898700800
6	6	10	12	-17099530227489346560
6	6	11	8	2994392665313280
6	6	11	10	-253347424314163200
6	6	12	8	-45255304765440
6	6	12	10	-6788295714816000
6	6	12	14	611557560947773440
6	6	13	10	-113138261913600
6	6	13	12	3733562643148800
6	7	0	0	33863618697891840
6	7	0	2	-4059164580540295680
6	7	1	0	-10399092369177600
6	7	2	0	7137043454822400
6	7	2	2	720000791181619200
6	7	2	4	-957538015164449280
6	7	3	0	-1260398694205440
6	7	3	2	235434494421411840
6	7	4	0	128364854353920
6	7	4	2	-72139080577536000
6	7	4	4	787860644203929600
6	7	4	6	-80121938129373565440
6	7	5	0	-39477308152320
6	7	5	2	4048434812712960
6	7	5	4	-1812062752189793280
6	7	6	2	-3017372230840320
6	7	6	4	227051345871728640
6	7	6	6	4936281271020380160
6	7	6	8	42873923051023127040
6	7	7	2	272932829890560
6	7	7	4	2471500524441600
6	7	7	6	3775034994079887360
6	7	8	4	8814854673838080
6	7	8	6	-258868571495546880
6	7	8	8	5963183856171601920
6	7	8	10	-121161048031149719040
6	7	9	4	-441651903114240
6	7	9	6	-17867845707264000
6	7	9	8	-3599079933876618240
6	7	10	6	-11165032234782720
6	7	10	8	-180803513618380800
6	7	10	10	-310626240732057600
6	7	10	12	19893414550945098240
6	7	11	6	-256332445931520
6	7	11	8	-12494235390658560
6	7	11	10	521140547615385600
6	7	12	8	384670090506240
6	7	12	10	19346642787225600
6	7	12	14	-753526280453506560
6	7	13	8	2828456547840
6	7	13	10	509122178611200
6	7	13	12	-8400515947084800
6	8	0	0	-49737812348436480
6	8	0	2	3199704786814602240
6	8	1	0	12867357046210560
6	8	2	0	-10158958509465600
6	8	2	2	-962571393041448960
6	8	2	4	3707302002722795520
6	8	3	0	2076984121835520
6	8	3	2	-234489443765575680
6	8	4	0	36042678190080
6	8	4	2	104366737301483520
6	8	4	4	-1866042971517911040
6	8	4	6	65592199743417861120
6	8	5	0	142135421276160
6	8	5	2	2654010420756480
6	8	5	4	2087510540552478720
6	8	6	0	-32314938439680
6	8	6	2	8008111325675520
6	8	6	4	-204468230455603200
6	8	6	6	-7623713429707161600
6	8	6	8	-17552616208600135680
6	8	7	2	-1712827786199040
6	8	7	4	-26668094171627520
6	8	7	6	-4282644058637598720
6	8	8	2	94317862302720
6	8	8	4	-31297878010183680
6	8	8	6	499525539817328640
6	8	8	8	-8878723267049717760
6	8	8	10	107279298795822289920
6	8	9	4	2477664446423040
6	8	9	6	7807378133237760
6	8	9	8	4882793223085424640
6	8	10	4	133556480225280
6	8	10	6	36182301846405120
6	8	10	8	312858835767152640
6	8	10	10	475797817829376000
6	8	10	12	-17976493180147138560
6	8	11	6	1771813750210560
6	8	11	8	31075309272268800
6	8	11	10	-760523624820449280
6	8	12	6	39598391669760
6	8	12	8	-1448169752494080
6	8	12	10	-36656796860006400
6	8	12	14	720764268259875840
6	8	13	8	-22627652382720
6	8	13	10	-1357659142963200
6	8	13	12	13440825515335680
6	9	0	0	49651488416931840
6	9	0	2	-1891456035333603840
6	9	1	0	-11502878931025920
6	9	2	0	8514300290088960
6	9	2	2	918436765963345920
6	9	2	4	-3845536360524864000
6	9	3	0	-1737437519831040
6	9	3	2	161075271817728000
6	9	4	0	-924091668357120
6	9	4	2	-123966285916446720
6	9	4	4	2494979168110755840
6	9	4	6	-41839359111739722240
6	9	5	0	-91598396037120
6	9	5	2	-11032473446461440
6	9	5	4	-1760242240154234880
6	9	6	0	121688330365440
6	9	6	2	-12251683186237440
6	9	6	4	12267822817935360
6	9	6	6	8479385364128808960
6	9	6	8	-972188778838464000
6	9	7	0	-12998615408640
6	9	7	2	4606399149649920
6	9	7	4	69061213146931200
6	9	7	6	3386969765280276480
6	9	8	2	-361425531962880
6	9	8	4	62998685686702080
6	9	8	6	-733913048494080000
6	9	8	8	9676531777505402880
6	9	8	10	-74266449047364994560
6	9	9	2	14048106670080
6	9	9	4	-6302296406568960
6	9	9	6	42221827973283840
6	9	9	8	-4840030617076408320
6	9	10	4	-690133874250240
6	9	10	6	-67450060444999680
6	9	10	8	-377360673100185600
6	9	10	10	-530906436677836800
6	9	10	12	12619585985126883840
6	9	11	4	-52188356505600
6	9	11	6	-5261729146490880
6	9	11	8	-51108324181770240
6	9	11	10	807504802344898560
6	9	12	6	-257389545853440
6	9	12	8	3167871333580800
6	9	12	10	48468431403786240
6	9	12	14	-535112865829301760
6	9	13	6	-1257091799040
6	9	13	8	79196783339520
6	9	13	10	2375903500185600
6	9	13	12	-15680963101224960
6	10	0	0	-33497289207889920
6	10	0	2	824229617228881920
6	10	1	0	7523808698327040
6	10	2	0	-2948640731688960
6	10	2	2	-623941337332776960
6	10	2	4	2393625783551063040
6	10	3	0	102751382200320
6	10	3	2	-73844331951882240
6	10	4	0	1955425340252160
6	10	4	2	122620196371599360
6	10	4	4	-2163159277523435520
6	10	4	6	20532414778232555520
6	10	5	0	-191216219443200
6	10	5	2	8765493715722240
6	10	5	4	1099720514649415680
6	10	6	0	-208256091724800
6	10	6	2	11198139884789760
6	10	6	4	205228108889395200
6	10	6	6	-6828433056024330240
6	10	6	8	6812650897033282560
6	10	7	0	47380086190080
6	10	7	2	-6583893434818560
6	10	7	4	-102974662020464640
6	10	7	6	-1841387762484264960
6	10	8	0	-3050317025280
6	10	8	2	544426564792320
6	10	8	4	-80778179426918400
6	10	8	6	809513863601909760
6	10	8	8	-7774518515484672000
6	10	8	10	39894965726950526976
6	10	9	2	-78430676889600
6	10	9	4	10082688893706240
6	10	9	6	-105247382409953280
6	10	9	8	3538865636686356480
6	10	10	2	6983843328000
6	10	10	4	1451579137827840
6	10	10	6	79609566573895680
6	10	10	8	323689253021245440
6	10	10	10	434796511711887360
6	10	10	12	-6827481151829775360
6	10	11	4	261551281582080
6	10	11	6	8716903096688640
6	10	11	8	58183236826767360
6	10	11	10	-628694922038722560
6	10	12	4	5028367196160
6	10	12	6	712771050055680
6	10	12	8	-4435019867013120
6	10	12	10	-45617347203563520
6	10	12	14	305778780473886720
6	10	13	6	7542550794240
6	10	13	8	-158393566679040
6	10	13	10	-2851084200222720
6	10	13	12	13440825515335680
6	11	0	0	14740909571727360
6	11	0	2	-257513347174325760
6	11	1	0	-3522987068912640
6	11	2	0	-1335680494202880
6	11	2	2	296066078669168640
6	11	2	4	-986271163783718400
6	11	3	0	1167763504803840
6	11	3	2	20551927166668800
6	11	4	0	-1777231519580160
6	11	4	2	-93346168435752960
6	11	4	4	1258095136066191360
6	11	4	6	-7571458658212001280
6	11	5	0	184966737822720
6	11	5	2	885390493962240
6	11	5	4	-507113453848458240
6	11	6	0	274454813928960
6	11	6	2	-4752027097251840
6	11	6	4	-269914319686287360
6	11	6	6	3942004310405038080
6	11	6	8	-4968763131327367680
6	11	7	0	-89226711060480
6	11	7	2	4782451258368000
6	11	7	4	100335632699473920
6	11	7	6	652118580186071040
6	11	8	0	10398166732800
6	11	8	2	-322148820349440
6	11	8	4	70280980384849920
6	11	8	6	-651498567273308160
6	11	8	8	4567166728301076480
6	11	8	10	-16337711426702400000
6	11	9	0	-956574904320
6	11	9	2	155934407301120
6	11	9	4	-11791076648601600
6	11	9	6	125832298712924160
6	11	9	8	-1898690368412113920
6	11	10	2	-24532336926720
6	11	10	4	-1544784875988480
6	11	10	6	-61629496853299200
6	11	10	8	-197394725463183360
6	11	10	10	-259374608085196800
6	11	10	12	2796337366679969280
6	11	11	2	-1282487592960
6	11	11	4	-544435030056960
6	11	11	6	-8728788328243200
6	11	11	8	-46514910748078080
6	11	11	10	356354669138227200
6	11	12	4	-22627652382720
6	11	12	6	-1088955770918400
6	11	12	8	4118232733655040
6	11	12	10	30547330716672000
6	11	12	14	-132040837022814720
6	11	13	4	-419030599680
6	11	13	6	-18856376985600
6	11	13	8	197991958348800
6	11	13	10	2375903500185600
6	11	13	12	-8400515947084800
6	12	0	0	-4007794891161600
6	12	0	2	55311385216066560
6	12	1	0	1129774218854400
6	12	2	0	1723007266928640
6	12	2	2	-94300322274385920
6	12	2	4	270075316321843200
6	12	3	0	-1050268453355520
6	12	3	2	-2450567134310400
6	12	4	0	570118642974720
6	12	4	2	49255904181657600
6	12	4	4	-485966395298119680
6	12	4	6	2018336251726126080
6	12	5	0	171514726871040
6	12	5	2	-5305079766712320
6	12	5	4	168432092287119360
6	12	6	0	-294311855738880
6	12	6	2	-1454671075737600
6	12	6	4	182303376509399040
6	12	6	6	-1586315455847055360
6	12	6	8	2018168544252026880
6	12	7	0	93304146862080
6	12	7	2	-858885750374400
6	12	7	4	-64768721731338240
6	12	7	6	-128200964411842560
6	12	8	0	-13798381363200
6	12	8	2	-62289533537280
6	12	8	4	-42960236077301760
6	12	8	6	368486976371834880
6	12	8	8	-1911479848953937920
6	12	8	10	4937373806237752320
6	12	9	0	1735379251200
6	12	9	2	-185846419906560
6	12	9	4	10397596738314240
6	12	9	6	-90999732521779200
6	12	9	8	730945854724055040
6	12	10	0	-173537925120
6	12	10	2	46271136522240
6	12	10	4	791548802795520
6	12	10	6	31281929451601920
6	12	10	8	83826880997529600
6	12	10	10	109908678800793600
6	12	10	12	-839523958996101120
6	12	11	2	3682390118400
6	12	11	4	605994434519040
6	12	11	6	5321840990699520
6	12	11	8	25825693919477760
6	12	11	10	-143490171996057600
6	12	12	2	419030599680
6	12	12	4	40226937569280
6	12	12	6	989959791744000
6	12	12	8	-2534297066864640
6	12	12	10	-14255421001113600
6	12	12	14	41697106428257280
6	12	13	4	1676122398720
6	12	13	6	25141835980800
6	12	13	8	-158393566679040
6	12	13	10	-1357659142963200
6	12	13	12	3733562643148800
6	13	0	0	625371425280000
6	13	0	2	-7655031939985920
6	13	1	0	-232464632279040
6	13	2	0	-615077663477760
6	13	2	2	18833800124805120
6	13	2	4	-47043641654069760
6	13	3	0	413062588108800
6	13	3	2	-283302779074560
6	13	4	0	102988409610240
6	13	4	2	-16148499667292160
6	13	4	4	118702226403532800
6	13	4	6	-364729100430481920
6	13	5	0	-253555839129600
6	13	5	2	3240490606295040
6	13	5	4	-38081615179991040
6	13	6	0	143191009543680
6	13	6	2	2827415320289280
6	13	6	4	-71574388169195520
6	13	6	6	420701998461050880
6	13	6	8	-500466844442396160
6	13	7	0	-13459770777600
6	13	7	2	-1065582117089280
6	13	7	4	26506199613358080
6	13	7	6	4569642970583040
6	13	8	0	-2835863654400
6	13	8	2	116652404897280
6	13	8	4	18390872083046400
6	13	8	6	-138318496334807040
6	13	8	8	540418964602245120
6	13	8	10	-1039056397633820160
6	13	9	0	-63489484800
6	13	9	2	200309324544000
6	13	9	4	-6403473249546240
6	13	9	6	40760173054218240
6	13	9	8	-192203393457438720
6	13	10	0	273004784640
6	13	10	2	-62245090897920
6	13	10	4	-74406501711360
6	13	10	6	-10050791776542720
6	13	10	8	-23588299079331840
6	13	10	10	-31401010329292800
6	13	10	12	174473856418337280
6	13	11	2	-2958609991680
6	13	11	4	-384060591452160
6	13	11	6	-1866667040501760
6	13	11	8	-9541326754713600
6	13	11	10	38990530644387840
6	13	12	2	-1047576499200
6	13	12	4	-35198570373120
6	13	12	6	-534578287541760
6	13	12	8	995616704839680
6	13	12	10	4412392214630400
6	13	12	14	-9087830888209920
6	13	13	4	-2514183598080
6	13	13	6	-18856376985600
6	13	13	8	79196783339520
6	13	13	10	509122178611200
6	13	13	12	-1120068792944640
6	14	0	0	-48980021207040
6	14	0	2	607734046402560
6	14	1	0	27469783756800
6	14	2	0	93676618506240
6	14	2	2	-2102974902927360
6	14	2	4	4695447384714240
6	14	3	0	-77753455718400
6	14	3	2	121798227640320
6	14	4	0	-73656267632640
6	14	4	2	2833205561303040
6	14	4	4	-16402533793873920
6	14	4	6	39681359728496640
6	14	5	0	92838557306880
6	14	5	2	-820461914173440
6	14	5	4	5213578721218560
6	14	6	0	-162956344320
6	14	6	2	-1223848704798720
6	14	6	4	15291264643522560
6	14	6	6	-65630248644280320
6	14	6	8	70965974785305600
6	14	7	0	-32498150952960
6	14	7	2	665420592291840
6	14	7	4	-6146340836106240
6	14	7	6	3198041536757760
6	14	8	0	12943389634560
6	14	8	2	28354403911680
6	14	8	4	-5071108317327360
6	14	8	6	30909373154795520
6	14	8	8	-92547098245324800
6	14	8	10	136026132298721280
6	14	9	0	-1117414932480
6	14	9	2	-158952274145280
6	14	9	4	2368360949391360
6	14	9	6	-10504259072778240
6	14	9	8	31082851823063040
6	14	10	0	-139676866560
6	14	10	2	48886903296000
6	14	10	4	-98681706224640
6	14	10	6	1863010046177280
6	14	10	8	3952296616181760
6	14	10	10	5430636571852800
6	14	10	12	-22452288076753920
6	14	11	4	133251730698240
6	14	11	6	316787133358080
6	14	11	8	2119456773181440
6	14	11	10	-6426253276692480
6	14	12	2	838061199360
6	14	12	4	15085101588480
6	14	12	6	158393566679040
6	14	12	8	-226276523827200
6	14	12	10	-814595485777920
6	14	12	14	1221893228666880
6	14	13	4	1676122398720
6	14	13	6	7542550794240
6	14	13	8	-22627652382720
6	14	13	10	-113138261913600
6	14	13	12	203648871444480
6	15	0	0	1210532843520
6	15	0	2	-20567418600960
6	15	1	0	-1420048143360
6	15	2	0	-4981808240640
6	15	2	2	98611867791360
6	15	2	4	-203125083194880
6	15	3	0	5726751528960
6	15	3	2	-10755118725120
6	15	4	0	8380611993600
6	15	4	2	-199179211714560
6	15	4	4	967122624061440
6	15	4	6	-1948806561461760
6	15	5	0	-10673640552960
6	15	5	2	76682599741440
6	15	5	4	-323282107653120
6	15	6	0	-4923609546240
6	15	6	2	161187104010240
6	15	6	4	-1340059857776640
6	15	6	6	4510445374955520
6	15	6	8	-4417106308876800
6	15	7	0	8659965726720
6	15	7	2	-106014741719040
6	15	7	4	602566002339840
6	15	7	6	-460095598448640
6	15	8	0	-148988657664
6	15	8	2	-37887350054400
6	15	8	4	676315387883520
6	15	8	6	-3112559294423040
6	15	8	8	7248391313264640
6	15	8	10	-8337724211722752
6	15	9	0	-2746978375680
6	15	9	2	52937532426240
6	15	9	4	-387812820003840
6	15	9	6	1199265576284160
6	15	9	8	-2343847659310080
6	15	10	0	1047576499200
6	15	10	2	-15364455321600
6	15	10	4	31322537326080
6	15	10	6	-153365199482880
6	15	10	8	-297930756372480
6	15	10	10	-429925395271680
6	15	10	12	1349173773319680
6	15	11	0	-139676866560
6	15	11	2	558707466240
6	15	11	4	-20113468784640
6	15	11	6	-13828009789440
6	15	11	8	-214962697635840
6	15	11	10	486494526228480
6	15	12	2	-209515299840
6	15	12	4	-2514183598080
6	15	12	6	-19799195834880
6	15	12	8	22627652382720
6	15	12	10	67882957148160
6	15	12	14	-76368326791680
6	15	13	0	-2327947776
6	15	13	4	-419030599680
6	15	13	6	-1257091799040
6	15	13	8	2828456547840
6	15	13	10	11313826191360
6	15	13	12	-16970739287040
7	0	0	2	-4987744356303360
7	0	2	4	40614395301665280
7	0	4	6	-116088342092997120
7	0	6	8	140866282649710080
7	0	8	10	-59942480475280896
7	0	10	12	6509160113425920
7	0	12	14	-141826892613120
7	1	0	2	54163987827886080
7	1	2	4	-431267479537029120
7	1	4	6	1286695445636413440
7	1	6	8	-1620653587698401280
7	1	8	10	764924115477657600
7	1	10	12	-88174671754383360
7	1	12	14	2051035062405120
7	2	0	2	-276790884378324480
7	2	2	4	2082299461956472320
7	2	4	6	-6622691604266073600
7	2	6	8	8562210616420784640
7	2	8	10	-4547552582093068800
7	2	10	12	556065557670873600
7	2	12	14	-13822667149294080
7	3	0	0	16750340075520
7	3	0	2	886653171324288000
7	3	1	0	63034174494720
7	3	2	2	-4287205462487040
7	3	2	4	-6020703568927687680
7	3	3	2	-4711841276682240
7	3	4	4	17834704196198400
7	3	4	6	21049607978690595840
7	3	5	4	22803726863923200
7	3	6	6	-5266659558481920
7	3	6	8	-27455554520978734080
7	3	7	6	-35607761916641280
7	3	8	8	-13680913723084800
7	3	8	10	16719185251109975040
7	3	9	8	16285624256563200
7	3	10	10	568629965721600
7	3	10	12	-2165653011158461440
7	3	11	10	-1488723207413760
7	3	12	14	57581718400926720
7	3	13	12	14546347960320
7	4	0	0	12048490229760
7	4	0	2	-1993186305870635520
7	4	1	0	-708216133017600
7	4	2	0	150018396641280
7	4	2	2	35015753308631040
7	4	2	4	11530227765248248320
7	4	3	2	36732026457538560
7	4	4	2	-2624219945164800
7	4	4	4	-133278047996682240
7	4	4	6	-46354444924069347840
7	4	5	4	-190173173876121600
7	4	6	4	6773406523637760
7	4	6	6	73982366557102080
7	4	6	8	59439894753633615360
7	4	7	6	322322211946414080
7	4	8	6	-1597290226421760
7	4	8	8	151133028920340480
7	4	8	10	-42547171971340776960
7	4	9	8	-163359569061273600
7	4	10	8	-1823876941731840
7	4	10	10	-6639893579059200
7	4	10	12	5825299599342558720
7	4	11	10	16322471739555840
7	4	12	10	126068348989440
7	4	12	14	-165795637464737280
7	4	13	12	-174556175523840
7	5	0	0	-977690902302720
7	5	0	2	3321020019408629760
7	5	1	0	3174924108349440
7	5	2	0	-1195249412874240
7	5	2	2	-139131165368217600
7	5	2	4	-15209690438377175040
7	5	3	0	123815379271680
7	5	3	2	-129779577845821440
7	5	4	2	17711803065507840
7	5	4	4	411593731668172800
7	5	4	6	75208487510654115840
7	5	5	2	-1095302451916800
7	5	5	4	718298564325396480
7	5	6	4	-49673541640642560
7	5	6	6	-451723062317506560
7	5	6	8	-91269597299713505280
7	5	7	4	198522549043200
7	5	7	6	-1314044892633047040
7	5	8	6	13168640652042240
7	5	8	8	-767979093437337600
7	5	8	10	79469348928574353408
7	5	9	6	1104303446876160
7	5	9	8	747822883531530240
7	5	10	8	17294971015987200
7	5	10	10	35492795157565440
7	5	10	12	-11464107744659834880
7	5	11	8	327562205921280
7	5	11	10	-81761936295997440
7	5	12	10	-1318868881735680
7	5	12	14	349461463398727680
7	5	13	10	-9697565306880
7	5	13	12	960058965381120
7	6	0	0	5430603920117760
7	6	0	2	-4208760652686958080
7	6	1	0	-7642138586112000
7	6	2	0	4385797376440320
7	6	2	2	353904896529469440
7	6	2	4	13779119947941342720
7	6	3	0	-744426907176960
7	6	3	2	274714044921815040
7	6	4	0	96779742658560
7	6	4	2	-52188639487303680
7	6	4	4	-621465269193400320
7	6	4	6	-93250705949192056320
7	6	5	2	4313794858721280
7	6	5	4	-1626363715866255360
7	6	6	2	-881477123051520
7	6	6	4	159647741589749760
7	6	6	6	1607777898413137920
7	6	6	8	101258960187581544960
7	6	7	4	362485050531840
7	6	7	6	3180341161799516160
7	6	8	4	1958149946142720
7	6	8	6	-55543050183168000
7	6	8	8	2374207013988126720
7	6	8	10	-112685654317140748800
7	6	9	6	-6905188926259200
7	6	9	8	-2067091553111040000
7	6	10	6	-1595396425789440
7	6	10	8	-74155371775211520
7	6	10	10	-114832397186150400
7	6	10	12	17053734687523269120
7	6	11	8	-2977152549212160
7	6	11	10	247402522915430400
7	6	12	8	42022782996480
7	6	12	10	6254929622937600
7	6	12	14	-556954207291722240
7	6	13	10	96975653068800
7	6	13	12	-3200196551270400
7	7	0	0	-15366298330644480
7	7	0	2	4093379200703738880
7	7	1	0	11731850029209600
7	7	2	0	-9711986489856000
7	7	2	2	-631707182459043840
7	7	2	4	-7998555472224353280
7	7	3	0	1975919745945600
7	7	3	2	-385682871139799040
7	7	4	0	-376811906273280
7	7	4	2	91264596140482560
7	7	4	4	268866750443028480
7	7	4	6	90279822139926266880
7	7	5	0	76647227028480
7	7	5	2	-3747073205514240
7	7	5	4	2464449598123960320
7	7	6	2	4972884642385920
7	7	6	4	-287028421857976320
7	7	6	6	-3743689121647165440
7	7	6	8	-80499104901505704960
7	7	7	2	-393772668641280
7	7	7	4	-7527335085711360
7	7	7	6	-5066792389221949440
7	7	8	4	-13748829331968000
7	7	8	6	161264960258457600
7	7	8	8	-4973883596823674880
7	7	8	10	123699779273017728000
7	7	9	4	322292578682880
7	7	9	6	15852874486210560
7	7	9	8	3846009912719616000
7	7	10	6	11689876223815680
7	7	10	8	189744619853721600
7	7	10	10	250426400097484800
7	7	10	12	-19529235819997516800
7	7	11	6	256381423534080
7	7	11	8	12209234721361920
7	7	11	10	-503625422275891200
7	7	12	8	-355577394585600
7	7	12	10	-17746544511590400
7	7	12	14	683321968610012160
7	7	13	8	-2424391326720
7	7	13	10	-436390438809600
7	7	13	12	7200442240358400
7	8	0	0	26463150114693120
7	8	0	2	-3049284414814410240
7	8	1	0	-12908754608947200
7	8	2	0	13999032321638400
7	8	2	2	816052592431226880
7	8	2	4	2048579467357109760
7	8	3	0	-3156581089198080
7	8	3	2	373571223989207040
7	8	4	0	364774299955200
7	8	4	2	-112971923091394560
7	8	4	4	696511211599872000
7	8	4	6	-68928444783902062080
7	8	5	0	-264907154350080
7	8	5	2	-7973766537707520
7	8	5	4	-2644546100095549440
7	8	6	0	46638922037760
7	8	6	2	-12328890027724800
7	8	6	4	292264247294668800
7	8	6	6	6033846597014568960
7	8	6	8	43511026692757363200
7	8	7	2	2201314672926720
7	8	7	4	29712962791342080
7	8	7	6	5560540541925212160
7	8	8	2	-73000360788480
7	8	8	4	42405893059645440
7	8	8	6	-347788355843543040
7	8	8	8	7438491608468152320
7	8	8	10	-106153990121823367680
7	8	9	4	-1841833582018560
7	8	9	6	-9094596599808000
7	8	9	8	-5081086034520883200
7	8	10	4	-121215484869120
7	8	10	6	-37519488351498240
7	8	10	8	-321880706069114880
7	8	10	10	-387770372748288000
7	8	10	12	17361215390708513280
7	8	11	6	-1760255036006400
7	8	11	8	-29803850709811200
7	8	11	10	726598014989598720
7	8	12	6	-36769935121920
7	8	12	8	1331798968811520
7	8	12	10	33456600308736000
7	8	12	14	-650559956416381440
7	8	13	8	19395130613760
7	8	13	10	1163707836825600
7	8	13	12	-11520707584573440
7	9	0	0	-29339932439715840
7	9	0	2	1722100504664770560
7	9	1	0	10837599426478080
7	9	2	0	-12804953533931520
7	9	2	2	-766100371859988480
7	9	2	4	965827721553223680
7	9	3	0	2930950344130560
7	9	3	2	-250787627451555840
7	9	4	0	572903715041280
7	9	4	2	116080935439933440
7	9	4	4	-1537808967032094720
7	9	4	6	41470988608188241920
7	9	5	0	234013775708160
7	9	5	2	20714093822730240
7	9	5	4	2074224796266700800
7	9	6	0	-154553964503040
7	9	6	2	17590233400012800
7	9	6	4	-112540234502430720
7	9	6	6	-6918290239033589760
7	9	6	8	-13004909800101826560
7	9	7	0	16393589637120
7	9	7	2	-5492284256931840
7	9	7	4	-64907673003786240
7	9	7	6	-4264068704251576320
7	9	8	2	281646005852160
7	9	8	4	-75859866717696000
7	9	8	6	556513102758666240
7	9	8	8	-8140775182442864640
7	9	8	10	71327304452379064320
7	9	9	2	-26042782003200
7	9	9	4	4817404336066560
7	9	9	6	-31822380969984000
7	9	9	8	4896413698446950400
7	9	10	4	631060083118080
7	9	10	6	69103185138339840
7	9	10	8	380054049420165120
7	9	10	10	437104532254924800
7	9	10	12	-11984328786764759040
7	9	11	4	51372063129600
7	9	11	6	5189372901642240
7	9	11	8	48061133660897280
7	9	11	10	-761881283963412480
7	9	12	6	237590350018560
7	9	12	8	-2896339504988160
7	9	12	10	-43988156232007680
7	9	12	14	480509512173250560
7	9	13	6	1077507256320
7	9	13	8	-67882957148160
7	9	13	10	-2036488714444800
7	9	13	12	13440825515335680
7	10	0	0	21172983725629440
7	10	0	2	-723947168310336000
7	10	1	0	-6925428164689920
7	10	2	0	6381507500236800
7	10	2	2	517004005118976000
7	10	2	4	-1278701002538657280
7	10	3	0	-982205307002880
7	10	3	2	113839137452851200
7	10	4	0	-1782270770688000
7	10	4	2	-106207806591037440
7	10	4	4	1576634434085928960
7	10	4	6	-19431394481001024000
7	10	5	0	148187279278080
7	10	5	2	-17584845863731200
7	10	5	4	-1207851183126282240
7	10	6	0	227692490503680
7	10	6	2	-15290216160030720
7	10	6	4	-115331605935206400
7	10	6	6	5691091234029649920
7	10	6	8	-912914492448268800
7	10	7	0	-53400098672640
7	10	7	2	7537713500160000
7	10	7	4	92545726872453120
7	10	7	6	2258246717034577920
7	10	8	0	3768655196160
7	10	8	2	-416579149739520
7	10	8	4	87900745465221120
7	10	8	6	-648485954939842560
7	10	8	8	6566280830142750720
7	10	8	10	-37273064770862857728
7	10	9	2	112338899066880
7	10	9	4	-8002541181542400
7	10	9	6	85929179283947520
7	10	9	8	-3476155040885882880
7	10	10	2	-6290900951040
7	10	10	4	-1338230000125440
7	10	10	6	-80322974332784640
7	10	10	8	-318652886150000640
7	10	10	10	-361354204852346880
7	10	10	12	6373318712399654400
7	10	11	4	-253976079052800
7	10	11	6	-8528241371627520
7	10	11	8	-53627536147046400
7	10	11	10	585129932292833280
7	10	12	4	-4669198110720
7	10	12	6	-653373462551040
7	10	12	8	4027722124124160
7	10	12	10	41137072031784960
7	10	12	14	-273016768280256000
7	10	13	6	-6465043537920
7	10	13	8	135765914296320
7	10	13	10	2443786457333760
7	10	13	12	-11520707584573440
7	11	0	0	-9713879484272640
7	11	0	2	220258474379043840
7	11	1	0	3216556884510720
7	11	2	0	-622410598195200
7	11	2	2	-244829702847836160
7	11	2	4	659567492153164800
7	11	3	0	-729632446341120
7	11	3	2	-32665187554836480
7	11	4	0	1720737971343360
7	11	4	2	79310619381104640
7	11	4	4	-991016343842365440
7	11	4	6	6920551700923438080
7	11	5	0	-207000108472320
7	11	5	2	3965214610022400
7	11	5	4	522074554124175360
7	11	6	0	-260282197324800
7	11	6	2	6879358985195520
7	11	6	4	208082396587622400
7	11	6	6	-3332851560626872320
7	11	6	8	3021471540986526720
7	11	7	0	91870695383040
7	11	7	2	-5455808640921600
7	11	7	4	-89400247373168640
7	11	7	6	-787701470623580160
7	11	8	0	-10974207836160
7	11	8	2	214740484439040
7	11	8	4	-70149245145845760
7	11	8	6	538894030620672000
7	11	8	8	-3871452324247326720
7	11	8	10	14892624875511475200
7	11	9	0	988017315840
7	11	9	2	-185905676759040
7	11	9	4	9724963740549120
7	11	9	6	-105550434046771200
7	11	9	8	1809890979174144000
7	11	10	2	22210435768320
7	11	10	4	1439780977566720
7	11	10	6	60977800873635840
7	11	10	8	189667333196881920
7	11	10	10	217406190227558400
7	11	10	12	-2565295407834485760
7	11	11	2	1211742167040
7	11	11	4	519423801016320
7	11	11	6	8462839946342400
7	11	11	8	42042178127093760
7	11	11	10	-326790318904934400
7	11	12	4	20831806955520
7	11	12	6	989959791744000
7	11	12	8	-3710934990766080
7	11	12	10	-27347134165401600
7	11	12	14	117149013298437120
7	11	13	4	359169085440
7	11	13	6	16162608844800
7	11	13	8	-169707392870400
7	11	13	10	-2036488714444800
7	11	13	12	7200442240358400
7	12	0	0	2723927460065280
7	12	0	2	-46523355303052800
7	12	1	0	-1023138489507840
7	12	2	0	-942018881771520
7	12	2	2	78074670185164800
7	12	2	4	-200841841237271040
7	12	3	0	879608718213120
7	12	3	2	4899153396695040
7	12	4	0	-566982867087360
7	12	4	2	-41881927039488000
7	12	4	4	398547752700764160
7	12	4	6	-1799198682840737280
7	12	5	0	-145184125870080
7	12	5	2	3460010034954240
7	12	5	4	-163868108950609920
7	12	6	0	265065424565760
7	12	6	2	502049450004480
7	12	6	4	-151063241278648320
7	12	6	6	1353257231955517440
7	12	6	8	-1524713504813729280
7	12	7	0	-93086468628480
7	12	7	2	1231224368947200
7	12	7	4	57602797816872960
7	12	7	6	158439801535856640
7	12	8	0	14381275299840
7	12	8	2	98995979174400
7	12	8	4	40030450311720960
7	12	8	6	-310291723706572800
7	12	8	8	1625733054859898880
7	12	8	10	-4406725567236211200
7	12	9	0	-1734169927680
7	12	9	2	184779796561920
7	12	9	4	-8806738903695360
7	12	9	6	77426928693411840
7	12	9	8	-676395384634368000
7	12	10	0	191375447040
7	12	10	2	-41750685204480
7	12	10	4	-755483600954880
7	12	10	6	-30182839398420480
7	12	10	8	-78501056495155200
7	12	10	10	-92818923939532800
7	12	10	12	756844831381363200
7	12	11	2	-3461083914240
7	12	11	4	-565375676129280
7	12	11	6	-5104837559623680
7	12	11	8	-22925044385464320
7	12	11	10	129512454001459200
7	12	12	2	-389099842560
7	12	12	4	-36635246714880
7	12	12	6	-890963812569600
7	12	12	8	2262765238272000
7	12	12	10	12655322725478400
7	12	12	14	-36733165186798080
7	12	13	4	-1436676341760
7	12	13	6	-21550145126400
7	12	13	8	135765914296320
7	12	13	10	1163707836825600
7	12	13	12	-3200196551270400
7	13	0	0	-439924082135040
7	13	0	2	6397563285504000
7	13	1	0	207863363911680
7	13	2	0	435438701199360
7	13	2	2	-15681151755694080
7	13	2	4	37230340911851520
7	13	3	0	-360547714252800
7	13	3	2	-45353259970560
7	13	4	0	-71261807063040
7	13	4	2	13753723464253440
7	13	4	4	-99525557665013760
7	13	4	6	319477995494461440
7	13	5	0	227258494525440
7	13	5	2	-2693002639011840
7	13	5	4	35313210614845440
7	13	6	0	-121132495042560
7	13	6	2	-2355673936343040
7	13	6	4	60814857831874560
7	13	6	6	-360601386449264640
7	13	6	8	409267279220705280
7	13	7	0	11841695907840
7	13	7	2	854934890434560
7	13	7	4	-23438895623700480
7	13	7	6	-9582696503009280
7	13	8	0	1939754926080
7	13	8	2	-113649805762560
7	13	8	4	-16355264965447680
7	13	8	6	117622520597053440
7	13	8	8	-461018434436075520
7	13	8	10	911534111779184640
7	13	9	0	36279705600
7	13	9	2	-176359276892160
7	13	9	4	5489094061486080
7	13	9	6	-34935070871347200
7	13	9	8	172905630317568000
7	13	10	0	-275725762560
7	13	10	2	55203200040960
7	13	10	4	89688874199040
7	13	10	6	9390671649239040
7	13	10	8	21495682032353280
7	13	10	10	26687405858918400
7	13	10	12	-154597263727011840
7	13	11	2	2808049213440
7	13	11	4	348764065873920
7	13	11	6	1765969089638400
7	13	11	8	8339906163916800
7	13	11	10	-34605908730408960
7	13	12	2	957784227840
7	13	12	4	31606879518720
7	13	12	6	475180700037120
7	13	12	8	-879245921157120
7	13	12	10	-3879026122752000
7	13	12	14	7942305986334720
7	13	13	4	2155014512640
7	13	13	6	16162608844800
7	13	13	8	-67882957148160
7	13	13	10	-436390438809600
7	13	13	12	960058965381120
7	14	0	0	36222867394560
7	14	0	2	-510025089784320
7	14	1	0	-24130841518080
7	14	2	0	-73356960061440
7	14	2	2	1769386637905920
7	14	2	4	-3880896795072000
7	14	3	0	67749931560960
7	14	3	2	-92346362634240
7	14	4	0	61311493140480
7	14	4	2	-2417886375505920
7	14	4	4	13934563284787200
7	14	4	6	-34333017773345280
7	14	5	0	-81518079836160
7	14	5	2	706605314088960
7	14	5	4	-4639267353600000
7	14	6	0	-606929241600
7	14	6	2	1049891144417280
7	14	6	4	-13094227347886080
7	14	6	6	56332797698580480
7	14	6	8	-60035337111974400
7	14	7	0	28640408924160
7	14	7	2	-574191644590080
7	14	7	4	5368141150986240
7	14	7	6	-2486886747586560
7	14	8	0	-10761770004480
7	14	8	2	-24628024650240
7	14	8	4	4397666282127360
7	14	8	6	-26424787953991680
7	14	8	8	79156915571036160
7	14	8	10	-117745817630031360
7	14	9	0	957784227840
7	14	9	2	136564067819520
7	14	9	4	-2035052038103040
7	14	9	6	9022327426252800
7	14	9	8	-27250158512332800
7	14	10	0	129699947520
7	14	10	2	-42541582786560
7	14	10	4	81247040202240
7	14	10	6	-1672291261808640
7	14	10	8	-3498127307642880
7	14	10	10	-4638668738457600
7	14	10	12	19561201419640320
7	14	11	2	-79815352320
7	14	11	4	-117448290938880
7	14	11	6	-293081973719040
7	14	11	8	-1830684828487680
7	14	11	10	5605192747376640
7	14	12	2	-748268928000
7	14	12	4	-13289256161280
7	14	12	6	-138594370844160
7	14	12	8	197183827906560
7	14	12	10	707922267402240
7	14	12	14	-1058246814113280
7	14	13	4	-1436676341760
7	14	13	6	-6465043537920
7	14	13	8	19395130613760
7	14	13	10	96975653068800
7	14	13	12	-174556175523840
7	15	0	0	-1037599580160
7	15	0	2	17629215943680
7	15	1	0	1217184122880
7	15	2	0	4270121349120
7	15	2	2	-84524458106880
7	15	2	4	174107214167040
7	15	3	0	-4908644167680
7	15	3	2	9218673192960
7	15	4	0	-7183381708800
7	15	4	2	170725038612480
7	15	4	4	-828962249195520
7	15	4	6	1670405624110080
7	15	5	0	9148834759680
7	15	5	2	-65727942635520
7	15	5	4	277098949416960
7	15	6	0	4220236753920
7	15	6	2	-138160374865920
7	15	6	4	1148622735237120
7	15	6	6	-3866096035676160
7	15	6	8	3786091121894400
7	15	7	0	-7422827765760
7	15	7	2	90869778616320
7	15	7	4	-516485144862720
7	15	7	6	394367655813120
7	15	8	0	127704563712
7	15	8	2	32474871475200
7	15	8	4	-579698903900160
7	15	8	6	2667907966648320
7	15	8	8	-6212906839941120
7	15	8	10	7146620752905216
7	15	9	0	2354552893440
7	15	9	2	-45375027793920
7	15	9	4	332410988574720
7	15	9	6	-1027941922529280
7	15	9	8	2009012279408640
7	15	10	0	-897922713600
7	15	10	2	13169533132800
7	15	10	4	-26847889136640
7	15	10	6	131455885271040
7	15	10	8	255369219747840
7	15	10	10	368507481661440
7	15	10	12	-1156434662845440
7	15	11	0	119723028480
7	15	11	2	-478892113920
7	15	11	4	17240116101120
7	15	11	6	11852579819520
7	15	11	8	184253740830720
7	15	11	10	-416995308195840
7	15	12	2	179584542720
7	15	12	4	2155014512640
7	15	12	6	16970739287040
7	15	12	8	-19395130613760
7	15	12	10	-58185391841280
7	15	12	14	65458565821440
7	15	13	0	1995383808
7	15	13	4	359169085440
7	15	13	6	1077507256320
7	15	13	8	-2424391326720
7	15	13	10	-9697565306880
7	15	13	12	14546347960320
8	0	0	2	8638299146413440
8	0	2	4	-63874914836964480
8	0	4	6	165860848081445760
8	0	6	8	-165407486903349120
8	0	8	10	54855077105508480
8	0	10	12	-5081717070115200
8	0	12	14	95460408489600
8	1	0	2	-85406815806410880
8	1	2	4	650196380367077760
8	1	4	6	-1741467647035105920
8	1	6	8	1862183821571994240
8	1	8	10	-683697942114963840
8	1	10	12	68117820057936000
8	1	12	14	-1377357322492800
8	2	0	2	391630416988947840
8	2	2	4	-3028757839943806080
8	2	4	6	8441141555196351360
8	2	6	8	-9638185433961985920
8	2	8	10	3963404115039035520
8	2	10	12	-424790139559766400
8	2	12	14	9259659623491200
8	3	0	0	66119763456000
8	3	0	2	-1111877353199583360
8	3	1	0	-145959377829120
8	3	2	2	6004556118650880
8	3	2	4	8526306785917034880
8	3	3	2	6326449167075840
8	3	4	4	-19686057572966400
8	3	4	6	-25098757496804373120
8	3	5	4	-28640602038009600
8	3	6	6	515440289341440
8	3	6	8	30336620837119816320
8	3	7	6	37971037358300160
8	3	8	8	7837102096035840
8	3	8	10	-14184645717562761600
8	3	9	8	-13738129766542080
8	3	10	10	-304150911897600
8	3	10	12	1634759495384400000
8	3	11	10	1078303142361600
8	3	12	14	-38470544621308800
8	3	13	12	-9091467475200
8	4	0	0	-171250187351040
8	4	0	2	2200291180823456640
8	4	1	0	1204922489379840
8	4	2	0	-203538671838720
8	4	2	2	-40750124482759680
8	4	2	4	-16116028943834424960
8	4	3	2	-46638971015362560
8	4	4	2	3094184530529280
8	4	4	4	152781272179292160
8	4	4	6	51346946454161904000
8	4	5	4	227188707186078720
8	4	6	4	-6025200178129920
8	4	6	6	-20982086566041600
8	4	6	8	-64679310031935876480
8	4	7	6	-333272700514160640
8	4	8	6	141071821240320
8	4	8	8	-87742909699015680
8	4	8	10	35081042733363139200
8	4	9	8	135398247596835840
8	4	10	8	1443137303831040
8	4	10	10	3627403689600000
8	4	10	12	-4341825759332476800
8	4	11	10	-11740665997670400
8	4	12	10	-84853696435200
8	4	12	14	110447692622467200
8	4	13	12	109097609702400
8	5	0	0	-374311327564800
8	5	0	2	-3231433318270608000
8	5	1	0	-4250288594557440
8	5	2	0	1397881999065600
8	5	2	2	131577766035010560
8	5	2	4	21450604500979632000
8	5	3	0	-178890693350400
8	5	3	2	156893162313415680
8	5	4	2	-19649348859847680
8	5	4	4	-510781196942714880
8	5	4	6	-76900928208834153600
8	5	5	2	1094833083225600
8	5	5	4	-811824467713482240
8	5	6	4	43427289216291840
8	5	6	6	179717201277511680
8	5	6	8	98348744669651602560
8	5	7	4	194245171752960
8	5	7	6	1316630676044113920
8	5	8	6	-1592963871528960
8	5	8	8	451363259244211200
8	5	8	10	-63584120567266715520
8	5	9	6	-701966046735360
8	5	9	8	-607872343279818240
8	5	10	8	-13500957766878720
8	5	10	10	-19776053917670400
8	5	10	12	8430395054942044800
8	5	11	8	-238398480460800
8	5	11	10	58360609214438400
8	5	12	10	884902834252800
8	5	12	14	-232064253038217600
8	5	13	10	6060978316800
8	5	13	12	-600036853363200
8	6	0	0	1885564232156160
8	6	0	2	3644564258931995520
8	6	1	0	8303736204426240
8	6	2	0	-4454084398809600
8	6	2	2	-276019246331458560
8	6	2	4	-20436056583418373760
8	6	3	0	876992951439360
8	6	3	2	-317666558863779840
8	6	4	0	-143308465090560
8	6	4	2	54247388522112000
8	6	4	4	933632397907568640
8	6	4	6	87632775409990527360
8	6	5	2	-4137276858117120
8	6	5	4	1729683600146334720
8	6	6	2	1047769688632320
8	6	6	4	-138712170141250560
8	6	6	6	-760338799674255360
8	6	6	8	-109120346384027852160
8	6	7	4	-1994825100533760
8	6	7	6	-3086544253092065280
8	6	8	4	-2105832836736000
8	6	8	6	11914830352373760
8	6	8	8	-1410916383946091520
8	6	8	10	87385590149679319680
8	6	9	6	4558165885716480
8	6	9	8	1644583513718522880
8	6	10	6	1226521612108800
8	6	10	8	57033230474257920
8	6	10	10	65166536866176000
8	6	10	12	-12363554805530544000
8	6	11	8	2138851903795200
8	6	11	10	-175096153592064000
8	6	12	8	-28284565478400
8	6	12	10	-4182075038592000
8	6	12	14	368572637178345600
8	6	13	10	-60609783168000
8	6	13	12	2000122844544000
8	7	0	0	-1642063918095360
8	7	0	2	-3204361726655253120
8	7	1	0	-10550063334839040
8	7	2	0	9138041093767680
8	7	2	2	427005315234339840
8	7	2	4	13773031793063948160
8	7	3	0	-2021448508992000
8	7	3	2	427775108458176000
8	7	4	0	523064469473280
8	7	4	2	-86904516540349440
8	7	4	4	-931973359622215680
8	7	4	6	-77930329560522560640
8	7	5	0	-93558444923520
8	7	5	2	3031842844915200
8	7	5	4	-2453931128063750400
8	7	6	2	-5553605726991360
8	7	6	4	253127122150855680
8	7	6	6	1962552403159971840
8	7	6	8	88451845173224645760
8	7	7	2	374802464079360
8	7	7	4	8723416210836480
8	7	7	6	4761905357562762240
8	7	8	4	13667342392212480
8	7	8	6	-55018679644293120
8	7	8	8	2985042277742146560
8	7	8	10	-92905903689412026240
8	7	9	4	-174840290968320
8	7	9	6	-11207438675665920
8	7	9	8	-2988726273010771200
8	7	10	6	-8905964805504000
8	7	10	8	-143567446408496640
8	7	10	10	-144543312895104000
8	7	10	12	13947461177592412800
8	7	11	6	-185441447692800
8	7	11	8	-8643628521792000
8	7	11	10	353087801825472000
8	7	12	8	238398480460800
8	7	12	10	11818907717760000
8	7	12	14	-450477667662422400
8	7	13	8	1515244579200
8	7	13	10	272744024256000
8	7	13	12	-4500276400224000
8	8	0	0	-2575334855854080
8	8	0	2	2197709354394529920
8	8	1	0	9977994733271040
8	8	2	0	-13054095644544000
8	8	2	2	-507858514743490560
8	8	2	4	-6184436483936234880
8	8	3	0	3127992681185280
8	8	3	2	-398184081303859200
8	8	4	0	-631582510878720
8	8	4	2	94372154277488640
8	8	4	4	292948250352168960
8	8	4	6	54904770268461025920
8	8	5	0	306499115842560
8	8	5	2	9030700782305280
8	8	5	4	2455092263896197120
8	8	6	0	-46363082901120
8	8	6	2	12877042518282240
8	8	6	4	-275644588532705280
8	8	6	6	-3379270018149642240
8	8	6	8	-51054537112306888320
8	8	7	2	-1949676820899840
8	8	7	4	-23435387376168960
8	8	7	6	-5061745345233346560
8	8	8	2	43500840877440
8	8	8	4	-38968097088430080
8	8	8	6	157799305101312000
8	8	8	8	-4502764168568432640
8	8	8	10	77213213256341692800
8	8	9	4	1017250293288960
8	8	9	6	9037401643929600
8	8	9	8	3848661951943034880
8	8	10	4	83505791998080
8	8	10	6	28278198390067200
8	8	10	8	239222895955891200
8	8	10	10	227321950753843200
8	8	10	12	-12205772387498448000
8	8	11	6	1264846586112000
8	8	11	8	20758177293004800
8	8	11	10	-504110300541235200
8	8	12	6	24748994793600
8	8	12	8	-888943486464000
8	8	12	10	-22183180639488000
8	8	12	14	427076230381257600
8	8	13	8	-12121956633600
8	8	13	10	-727317398016000
8	8	13	12	7200442240358400
8	9	0	0	7098351148800000
8	9	0	2	-1163662027008209280
8	9	1	0	-7662416220564480
8	9	2	0	12455707250304000
8	9	2	2	460046812523857920
8	9	2	4	1453323090464760960
8	9	3	0	-3061136439705600
8	9	3	2	257608872999659520
8	9	4	0	-106110882938880
8	9	4	2	-82670972088084480
8	9	4	4	481891665559449600
8	9	4	6	-30784424255236425600
8	9	5	0	-297220127639040
8	9	5	2	-21540549446599680
8	9	5	4	-1791182990719411200
8	9	6	0	141030212952960
8	9	6	2	-17199626740346880
8	9	6	4	150899890090199040
8	9	6	6	4048393774319308800
8	9	6	8	19259052272357316480
8	9	7	0	-15032496015360
8	9	7	2	4617766790737920
8	9	7	4	44271812738211840
8	9	7	6	3763327344428298240
8	9	8	2	-169719977393280
8	9	8	4	64424147971461120
8	9	8	6	-295138151429713920
8	9	8	8	4964599157594388480
8	9	8	10	-50286744872504784000
8	9	9	2	26658478840320
8	9	9	4	-2728806173475840
8	9	9	6	14964698315520000
8	9	9	8	-3608079568347018240
8	9	10	4	-435146611777920
8	9	10	6	-51411299631206400
8	9	10	8	-276991435416407040
8	9	10	10	-259883730263808000
8	9	10	12	8288922729560457600
8	9	11	4	-36774016588800
8	9	11	6	-3702216977510400
8	9	11	8	-32885521462886400
8	9	11	10	522498206758348800
8	9	12	6	-159100680816000
8	9	12	8	1923350452531200
8	9	12	10	29019964180838400
8	9	12	14	-313969283522294400
8	9	13	6	-673442035200
8	9	13	8	42426848217600
8	9	13	10	1272805446528000
8	9	13	12	-8400515947084800
8	10	0	0	-7140273557944320
8	10	0	2	466344025727967360
8	10	1	0	4721532190709760
8	10	2	0	-7039404790133760
8	10	2	2	-307569534649067520
8	10	2	4	160147941114890880
8	10	3	0	1368649475112960
8	10	3	2	-113454472199639040
8	10	4	0	1155723882946560
8	10	4	2	67777716373493760
8	10	4	4	-768827552400322560
8	10	4	6	13624628934660762240
8	10	5	0	-75043059379200
8	10	5	2	18679107692759040
8	10	5	4	971010261172316160
8	10	6	0	-183912598224000
8	10	6	2	14208971489372160
8	10	6	4	24722934174074880
8	10	6	6	-3429177520355758080
8	10	6	8	-3223518692792653440
8	10	7	0	44162680965120
8	10	7	2	-6148208636282880
8	10	7	4	-60386833493176320
8	10	7	6	-1937440263932190720
8	10	8	0	-3301150878720
8	10	8	2	246456316448640
8	10	8	4	-68989489982945280
8	10	8	6	373072651344322560
8	10	8	8	-4029752490638284800
8	10	8	10	25517674557558460800
8	10	9	2	-103344857717760
8	10	9	4	4683550362255360
8	10	9	6	-49390516401315840
8	10	9	8	2488163871225047040
8	10	10	2	4299145113600
8	10	10	4	923954649482880
8	10	10	6	58817937578342400
8	10	10	8	227369679427537920
8	10	10	10	217575897620428800
8	10	10	12	-4334379847470288000
8	10	11	4	179421284044800
8	10	11	6	6036244627507200
8	10	11	8	36015680042496000
8	10	11	10	-396176398675660800
8	10	12	4	3142729497600
8	10	12	6	434875194230400
8	10	12	8	-2658749154969600
8	10	12	10	-26983475466393600
8	10	12	14	177460899382166400
8	10	13	6	4040652211200
8	10	13	8	-84853696435200
8	10	13	10	-1527366535833600
8	10	13	12	7200442240358400
8	11	0	0	3865075568179200
8	11	0	2	-137303452414488960
8	11	1	0	-2161128776774400
8	11	2	0	1723807939875840
8	11	2	2	145917407047034880
8	11	2	4	-269041388361264000
8	11	3	0	231590190597120
8	11	3	2	32169950073054720
8	11	4	0	-1210734800547840
8	11	4	2	-49049005253253120
8	11	4	4	553667333535313920
8	11	4	6	-4649972677635565440
8	11	5	0	169481425731840
8	11	5	2	-5998218356413440
8	11	5	4	-392611966351315200
8	11	6	0	183459076709760
8	11	6	2	-6476490389698560
8	11	6	4	-112152776316549120
8	11	6	6	2046785515277045760
8	11	6	8	-978494378852350080
8	11	7	0	-69593041382400
8	11	7	2	4427571341122560
8	11	7	4	57933801152870400
8	11	7	6	661464804660986880
8	11	8	0	8449039549440
8	11	8	2	-106883980790400
8	11	8	4	51010388930488320
8	11	8	6	-323259001108623360
8	11	8	8	2388536146281093120
8	11	8	10	-9929399408041587840
8	11	9	0	-762931975680
8	11	9	2	153774404328960
8	11	9	4	-5879492264010240
8	11	9	6	63777725247006720
8	11	9	8	-1257333150461748480
8	11	10	2	-14992588339200
8	11	10	4	-997688389403520
8	11	10	6	-43781323816396800
8	11	10	8	-132278194729221120
8	11	10	10	-132360746478336000
8	11	10	12	1714859456326128000
8	11	11	2	-843503155200
8	11	11	4	-360720042854400
8	11	11	6	-5936697650304000
8	11	11	8	-27709445980339200
8	11	11	10	218170424493504000
8	11	12	4	-13917802060800
8	11	12	6	-654080576688000
8	11	12	8	2432472631142400
8	11	12	10	17819276251392000
8	11	12	14	-75700103932252800
8	11	13	4	-224480678400
8	11	13	6	-10101630528000
8	11	13	8	106067120544000
8	11	13	10	1272805446528000
8	11	13	12	-4500276400224000
8	12	0	0	-1199935843845120
8	12	0	2	28455398789258880
8	12	1	0	678834106444800
8	12	2	0	211619069268480
8	12	2	2	-46814106759183360
8	12	2	4	103562600839125120
8	12	3	0	-530786604810240
8	12	3	2	-5096698207672320
8	12	4	0	407976173383680
8	12	4	2	25921651019811840
8	12	4	4	-236262779449436160
8	12	4	6	1173370300496945280
8	12	5	0	87309832504320
8	12	5	2	-1382539765063680
8	12	5	4	116228479258321920
8	12	6	0	-176056454724480
8	12	6	2	242576995553280
8	12	6	4	90531335219696640
8	12	6	6	-840683846579927040
8	12	6	8	809424831503756160
8	12	7	0	68557759672320
8	12	7	2	-1134337601157120
8	12	7	4	-37319986250403840
8	12	7	6	-133212907785277440
8	12	8	0	-10912028451840
8	12	8	2	-89223700348800
8	12	8	4	-27227432904744960
8	12	8	6	190175965599467520
8	12	8	8	-1007421702918312960
8	12	8	10	2872208445300558720
8	12	9	0	1287929548800
8	12	9	2	-132981446891520
8	12	9	4	5445884932116480
8	12	9	6	-47842203777454080
8	12	9	8	456131963517465600
8	12	10	0	-151241022720
8	12	10	2	27613390924800
8	12	10	4	531436578410880
8	12	10	6	21141182145024000
8	12	10	8	53426250444925440
8	12	10	10	57044825921664000
8	12	10	12	-497253267822326400
8	12	11	2	2385390643200
8	12	11	4	384147662745600
8	12	11	6	3543774433228800
8	12	11	8	14842662455808000
8	12	11	10	-85151235370752000
8	12	12	2	261894124800
8	12	12	4	24243913267200
8	12	12	6	583369162992000
8	12	12	8	-1470797404876800
8	12	12	10	-8182320727680000
8	12	12	14	23578720896931200
8	12	13	4	897922713600
8	12	13	6	13468840704000
8	12	13	8	-84853696435200
8	12	13	10	-727317398016000
8	12	13	12	2000122844544000
8	13	0	0	210680785382400
8	13	0	2	-3889182739708800
8	13	1	0	-135720111168000
8	13	2	0	-211113874368000
8	13	2	2	9491981820134400
8	13	2	4	-21203824158576000
8	13	3	0	229337623987200
8	13	3	2	222816346905600
8	13	4	0	33522447974400
8	13	4	2	-8537118108595200
8	13	4	4	60723057478809600
8	13	4	6	-204228322399267200
8	13	5	0	-148241144563200
8	13	5	2	1624743533145600
8	13	5	4	-23845065521241600
8	13	6	0	74785511260800
8	13	6	2	1423742626713600
8	13	6	4	-37631981741644800
8	13	6	6	225328562329651200
8	13	6	8	-242732462594832000
8	13	7	0	-7872696115200
8	13	7	2	-492388164403200
8	13	7	4	15108447579033600
8	13	7	6	9767358390528000
8	13	8	0	-956877235200
8	13	8	2	80572124304000
8	13	8	4	10607079386419200
8	13	8	6	-72899977866393600
8	13	8	8	286703987869670400
8	13	8	10	-583320629248963200
8	13	9	0	-13604889600
8	13	9	2	113086109836800
8	13	9	4	-3430840244659200
8	13	9	6	21812297744102400
8	13	9	8	-113345620838438400
8	13	10	0	200672121600
8	13	10	2	-35676555494400
8	13	10	4	-74148348931200
8	13	10	6	-6375414525235200
8	13	10	8	-14252910898982400
8	13	10	10	-16527369539865600
8	13	10	12	99842909061168000
8	13	11	2	-1940964249600
8	13	11	4	-230725322726400
8	13	11	6	-1209746783232000
8	13	11	8	-5316151425868800
8	13	11	10	22382641925913600
8	13	12	2	-636028588800
8	13	12	4	-20652222412800
8	13	12	6	-307594649577600
8	13	12	8	565691309568000
8	13	12	10	2485001109888000
8	13	12	14	-5059401649948800
8	13	13	4	-1346884070400
8	13	13	6	-10101630528000
8	13	13	8	42426848217600
8	13	13	10	272744024256000
8	13	13	12	-600036853363200
8	14	0	0	-19039287168000
8	14	0	2	311959551657600
8	14	1	0	15447596313600
8	14	2	0	41512297305600
8	14	2	2	-1085139599385600
8	14	2	4	2335702752028800
8	14	3	0	-43033777459200
8	14	3	2	50183902771200
8	14	4	0	-37180651622400
8	14	4	2	1504569275827200
8	14	4	4	-8631132430694400
8	14	4	6	21658400933558400
8	14	5	0	52162658380800
8	14	5	2	-443723474304000
8	14	5	4	3006095591347200
8	14	6	0	845959593600
8	14	6	2	-656730695808000
8	14	6	4	8176035268684800
8	14	6	6	-35256935349504000
8	14	6	8	37026684897840000
8	14	7	0	-18390787430400
8	14	7	2	361264238438400
8	14	7	4	-3417493847961600
8	14	7	6	1395371896934400
8	14	8	0	6518253772800
8	14	8	2	15595171574400
8	14	8	4	-2780417682662400
8	14	8	6	16472392180992000
8	14	8	8	-49367341832371200
8	14	8	10	74311129734652800
8	14	9	0	-598615142400
8	14	9	2	-85552080768000
8	14	9	4	1275050253312000
8	14	9	6	-5650627636684800
8	14	9	8	17411170378060800
8	14	10	0	-87298041600
8	14	10	2	26987566003200
8	14	10	4	-48693600489600
8	14	10	6	1092322981094400
8	14	10	8	2255357375884800
8	14	10	10	2889066331008000
8	14	10	12	-12423490304860800
8	14	11	2	99769190400
8	14	11	4	75425507942400
8	14	11	6	196645074278400
8	14	11	8	1152932764262400
8	14	11	10	-3563855250278400
8	14	12	2	486374803200
8	14	12	4	8530265779200
8	14	12	6	88389267120000
8	14	12	8	-125260218547200
8	14	12	10	-448512395443200
8	14	12	14	668222859427200
8	14	13	4	897922713600
8	14	13	6	4040652211200
8	14	13	8	-12121956633600
8	14	13	10	-60609783168000
8	14	13	12	109097609702400
8	15	0	0	648499737600
8	15	0	2	-11018259964800
8	15	1	0	-760740076800
8	15	2	0	-2668825843200
8	15	2	2	52827786316800
8	15	2	4	-108817008854400
8	15	3	0	3067902604800
8	15	3	2	-5761670745600
8	15	4	0	4489613568000
8	15	4	2	-106703149132800
8	15	4	4	518101405747200
8	15	4	6	-1044003515068800
8	15	5	0	-5718021724800
8	15	5	2	41079964147200
8	15	5	4	-173186843385600
8	15	6	0	-2637647971200
8	15	6	2	86350234291200
8	15	6	4	-717889209523200
8	15	6	6	2416310022297600
8	15	6	8	-2366306951184000
8	15	7	0	4639267353600
8	15	7	2	-56793611635200
8	15	7	4	322803215539200
8	15	7	6	-246479784883200
8	15	8	0	-79815352320
8	15	8	2	-20296794672000
8	15	8	4	362311814937600
8	15	8	6	-1667442479155200
8	15	8	8	3883066774963200
8	15	8	10	-4466637970565760
8	15	9	0	-1471595558400
8	15	9	2	28359392371200
8	15	9	4	-207756867859200
8	15	9	6	642463701580800
8	15	9	8	-1255632674630400
8	15	10	0	561201696000
8	15	10	2	-8230958208000
8	15	10	4	16779930710400
8	15	10	6	-82159928294400
8	15	10	8	-159605762342400
8	15	10	10	-230317176038400
8	15	10	12	722771664278400
8	15	11	0	-74826892800
8	15	11	2	299307571200
8	15	11	4	-10775072563200
8	15	11	6	-7407862387200
8	15	11	8	-115158588019200
8	15	11	10	260622067622400
8	15	12	2	-112240339200
8	15	12	4	-1346884070400
8	15	12	6	-10606712054400
8	15	12	8	12121956633600
8	15	12	10	36365869900800
8	15	12	14	-40911603638400
8	15	13	0	-1247114880
8	15	13	4	-224480678400
8	15	13	6	-673442035200
8	15	13	8	1515244579200
8	15	13	10	6060978316800
8	15	13	12	-9091467475200
9	0	0	2	-10617676915173120
9	0	2	4	71279915095514880
9	0	4	6	-164603994027851520
9	0	6	8	132204318137959680
9	0	8	10	-35321673536421120
9	0	10	12	2791631512915200
9	0	12	14	-45457337376000
9	1	0	2	98259258076692480
9	1	2	4	-683179149920947200
9	1	4	6	1651067356492892160
9	1	6	8	-1454855856441154560
9	1	8	10	431350349640560640
9	1	10	12	-37076657357952000
9	1	12	14	654585658214400
9	2	0	2	-416461776804552960
9	2	2	4	3008340635536523520
9	2	4	6	-7610603685302442240
9	2	6	8	7361507284246874880
9	2	8	10	-2445771758331329280
9	2	10	12	228927283510752000
9	2	12	14	-4391178790521600
9	3	0	0	-130917131642880
9	3	0	2	1076721006621703680
9	3	1	0	200342883271680
9	3	2	2	-6089630214297600
9	3	2	4	-8052818228376261120
9	3	3	2	-5986483383306240
9	3	4	4	12655322725478400
9	3	4	6	21399342488142128640
9	3	5	4	25168487959526400
9	3	6	6	962409890304000
9	3	6	8	-22667192429820710400
9	3	7	6	-27615433472225280
9	3	8	8	-2991405031557120
9	3	8	10	8545472814611520000
9	3	9	8	8152885188541440
9	3	10	10	107995613644800
9	3	10	12	-871623230760691200
9	3	11	10	-550753140787200
9	3	12	14	18201117885350400
9	3	13	12	4040652211200
9	4	0	0	543504455608320
9	4	0	2	-1910539105530566400
9	4	1	0	-1348843174502400
9	4	2	0	205632464348160
9	4	2	2	37193248540846080
9	4	2	4	14593896169915887360
9	4	3	2	41460618074296320
9	4	4	2	-2498886260213760
9	4	4	4	-101488547323883520
9	4	4	6	-41122800025743179520
9	4	5	4	-190074924805386240
9	4	6	4	3813347157719040
9	4	6	6	-2225052484300800
9	4	6	8	47345478864702670080
9	4	7	6	235906500042547200
9	4	8	6	393388103761920
9	4	8	8	34479171020851200
9	4	8	10	-20592857221938720000
9	4	9	8	-79074274029649920
9	4	10	8	-799322636712960
9	4	10	10	-1335864109824000
9	4	10	12	2288476918454918400
9	4	11	10	5960084455526400
9	4	12	10	40406522112000
9	4	12	14	-52121383035321600
9	4	13	12	-48487826534400
9	5	0	0	-201444879329280
9	5	0	2	2484106362555632640
9	5	1	0	4018759222855680
9	5	2	0	-1165911828940800
9	5	2	2	-103182829529241600
9	5	2	4	-18843625911661516800
9	5	3	0	166621803909120
9	5	3	2	-131574509024440320
9	5	4	2	15125263222579200
9	5	4	4	355435849314201600
9	5	4	6	57419705413907297280
9	5	5	2	-758614086051840
9	5	5	4	643948653512816640
9	5	6	4	-27004388902686720
9	5	6	6	-30464754478755840
9	5	6	8	-70719447002371891200
9	5	7	4	-261834263285760
9	5	7	6	-905990500204093440
9	5	8	6	-2800604617850880
9	5	8	8	-181880596402145280
9	5	8	10	36297829847991628800
9	5	9	6	339447437475840
9	5	9	8	348725770830673920
9	5	10	8	7390867159111680
9	5	10	10	7521245537126400
9	5	10	12	-4388851374847948800
9	5	11	8	122117489049600
9	5	11	10	-29425253842022400
9	5	12	10	-420227829964800
9	5	12	14	109206707312102400
9	5	13	10	-2693768140800
9	5	13	12	266683045939200
9	6	0	0	-2723399590348800
9	6	0	2	-2466054008015857920
9	6	1	0	-6743334275665920
9	6	2	0	3150312863063040
9	6	2	2	178185366895933440
9	6	2	4	17723407669684865280
9	6	3	0	-672805326366720
9	6	3	2	252323302644633600
9	6	4	0	128125408296960
9	6	4	2	-39917382795233280
9	6	4	4	-701480439247933440
9	6	4	6	-60554920033738748160
9	6	5	2	2946296659599360
9	6	5	4	-1294961248687656960
9	6	6	2	-835215056455680
9	6	6	4	85306886191687680
9	6	6	6	215226904591872000
9	6	6	8	77459430452910600960
9	6	7	4	1864479374254080
9	6	7	6	2062422529142906880
9	6	8	4	1457034698557440
9	6	8	6	6661998803681280
9	6	8	8	580850808134768640
9	6	8	10	-48426787211535348480
9	6	9	6	-2300956884357120
9	6	9	8	-924921159886909440
9	6	10	6	-667809610905600
9	6	10	8	-30816895278228480
9	6	10	10	-25498964332800000
9	6	10	12	6351738599102688000
9	6	11	8	-1083792715315200
9	6	11	10	87613584339456000
9	6	12	8	13468840704000
9	6	12	10	1979919583488000
9	6	12	14	-172910619910828800
9	6	13	10	26937681408000
9	6	13	12	-888943486464000
9	7	0	0	6641166996725760
9	7	0	2	1916738733318013440
9	7	1	0	7307433813150720
9	7	2	0	-5879320388904960
9	7	2	2	-225570789226045440
9	7	2	4	-12151522734782584320
9	7	3	0	1359765179873280
9	7	3	2	-322961984600832000
9	7	4	0	-439084206950400
9	7	4	2	60311901389230080
9	7	4	4	826230082614312960
9	7	4	6	49565094999058229760
9	7	5	0	73527625843200
9	7	5	2	-2431231865210880
9	7	5	4	1725958494302561280
9	7	6	2	4184238216038400
9	7	6	4	-156118818254008320
9	7	6	6	-676769595285749760
9	7	6	8	-62564601089385699840
9	7	7	2	-245149226680320
9	7	7	4	-6083018237952000
9	7	7	6	-3087076323998453760
9	7	8	4	-9010882993121280
9	7	8	6	676500414382080
9	7	8	8	-1251167664144752640
9	7	8	10	49909262340068328960
9	7	9	4	71564440273920
9	7	9	6	6105177882132480
9	7	9	8	1644260359496832000
9	7	10	6	4803151853721600
9	7	10	8	76453596797736960
9	7	10	10	57994379191296000
9	7	10	12	-7064888460303168000
9	7	11	6	94635612057600
9	7	11	8	4325293711411200
9	7	11	10	-175176966636288000
9	7	12	8	-113138261913600
9	7	12	10	-5576100051456000
9	7	12	14	210612935530483200
9	7	13	8	-673442035200
9	7	13	10	-121219566336000
9	7	13	12	2000122844544000
9	8	0	0	-7029559385026560
9	8	0	2	-1179199774270967040
9	8	1	0	-5900821556428800
9	8	2	0	8235273678981120
9	8	2	2	231010557399797760
9	8	2	4	5925525409971959040
9	8	3	0	-2071132205322240
9	8	3	2	286619999444213760
9	8	4	0	563454665717760
9	8	4	2	-59279257616855040
9	8	4	4	-528616534219776000
9	8	4	6	-32110290604803421440
9	8	5	0	-232023229194240
9	8	5	2	-5519612549836800
9	8	5	4	-1615137120599040000
9	8	6	0	31837482397440
9	8	6	2	-9116979364177920
9	8	6	4	176053464369745920
9	8	6	6	1293956152095744000
9	8	6	8	36703344081687033600
9	8	7	2	1199526790164480
9	8	7	4	13005044575580160
9	8	7	6	3182030823784366080
9	8	8	2	-20202580811520
9	8	8	4	24362850840053760
9	8	8	6	-39549414067200000
9	8	8	8	1915450136676126720
9	8	8	10	-40176020259788947200
9	8	9	4	-419738053939200
9	8	9	6	-6516687698841600
9	8	9	8	-2066588259267133440
9	8	10	4	-42333201227520
9	8	10	6	-15082244561664000
9	8	10	8	-125348133343795200
9	8	10	10	-93239151769497600
9	8	10	12	6090619531258310400
9	8	11	6	-641443334860800
9	8	11	8	-10239910625894400
9	8	11	10	247725775092326400
9	8	12	6	-11785235616000
9	8	12	8	420227829964800
9	8	12	10	10424882704896000
9	8	12	14	-198912216889900800
9	8	13	8	5387536281600
9	8	13	10	323252176896000
9	8	13	12	-3200196551270400
9	9	0	0	3503999177994240
9	9	0	2	572262266264463360
9	9	1	0	4032783143055360
9	9	2	0	-8048467660861440
9	9	2	2	-194453957830717440
9	9	2	4	-1902534591413283840
9	9	3	0	2103000298721280
9	9	3	2	-177384418021416960
9	9	4	0	-144543789066240
9	9	4	2	44323736252866560
9	9	4	4	48445313975377920
9	9	4	6	16648856349768990720
9	9	5	0	236507400806400
9	9	5	2	13901135164047360
9	9	5	4	1098697358020055040
9	9	6	0	-91296972149760
9	9	6	2	11435212644341760
9	9	6	4	-112349366971269120
9	9	6	6	-1650717063237427200
9	9	6	8	-14845271109038484480
9	9	7	0	9806404423680
9	9	7	2	-2710552946595840
9	9	7	4	-21486760852746240
9	9	7	6	-2294438945008435200
9	9	8	2	79385437808640
9	9	8	4	-37986072575293440
9	9	8	6	104501507942522880
9	9	8	8	-2137317762024345600
9	9	8	10	25346023197725952000
9	9	9	2	-17318117468160
9	9	9	4	1139173685913600
9	9	9	6	-3310940352614400
9	9	9	8	1886841992503480320
9	9	10	4	219453218196480
9	9	10	6	27061132176230400
9	9	10	8	142560381189058560
9	9	10	10	108664157919744000
9	9	10	12	-4071316720830796800
9	9	11	4	18647768678400
9	9	11	6	1864604539238400
9	9	11	8	15965065847808000
9	9	11	10	-254026253885644800
9	9	12	6	75425507942400
9	9	12	8	-905106095308800
9	9	12	10	-13576591429632000
9	9	12	14	145608943082803200
9	9	13	6	299307571200
9	9	13	8	-18856376985600
9	9	13	10	-565691309568000
9	9	13	12	3733562643148800
9	10	0	0	-303904209899520
9	10	0	2	-215254590164294400
9	10	1	0	-2343908427816960
9	10	2	0	4819884053944320
9	10	2	2	127673299071037440
9	10	2	4	296378408765111040
9	10	3	0	-1054788904673280
9	10	3	2	75130077462405120
9	10	4	0	-512180557793280
9	10	4	2	-31393171494236160
9	10	4	4	224469830768025600
9	10	4	6	-6897944762665378560
9	10	5	0	18190644387840
9	10	5	2	-12343235023319040
9	10	5	4	-555069388154019840
9	10	6	0	107283397674240
9	10	6	2	-8972662323271680
9	10	6	4	15068735813283840
9	10	6	6	1454594286112727040
9	10	6	8	3488620801922853120
9	10	7	0	-26170365634560
9	10	7	2	3507521937408000
9	10	7	4	27935652665733120
9	10	7	6	1147248184263229440
9	10	8	0	2033477498880
9	10	8	2	-113171593893120
9	10	8	4	38143025837660160
9	10	8	6	-149760164952760320
9	10	8	8	1751367135773306880
9	10	8	10	-12474931829794986240
9	10	9	2	63223433625600
9	10	9	4	-1989343237017600
9	10	9	6	19205935577026560
9	10	9	8	-1264877213439467520
9	10	10	2	-2164689100800
9	10	10	4	-463597270283520
9	10	10	6	-30472150096742400
9	10	10	8	-114735568465889280
9	10	10	10	-92495671762636800
9	10	10	12	2094174075574944000
9	10	11	4	-89855760844800
9	10	11	6	-3016911478579200
9	10	11	8	-17184444892876800
9	10	11	10	190316188475596800
9	10	12	4	-1496537856000
9	10	12	6	-205063099718400
9	10	12	8	1244520881049600
9	10	12	10	12558347072409600
9	10	12	14	-81905030484076800
9	10	13	6	-1795845427200
9	10	13	8	37712753971200
9	10	13	10	678829571481600
9	10	13	12	-3200196551270400
9	11	0	0	-534874722969600
9	11	0	2	60829503495528960
9	11	1	0	1044479119334400
9	11	2	0	-1477013327769600
9	11	2	2	-60941599169402880
9	11	2	4	42290494118576640
9	11	3	0	25683612917760
9	11	3	2	-20723893575874560
9	11	4	0	602067156387840
9	11	4	2	21568222094376960
9	11	4	4	-211494252569333760
9	11	4	6	2239326986159577600
9	11	5	0	-97521964968960
9	11	5	2	4498001435934720
9	11	5	4	209909550493762560
9	11	6	0	-93950076787200
9	11	6	2	4058362149488640
9	11	6	4	40208521990717440
9	11	6	6	-889926249269145600
9	11	6	8	-37033332587020800
9	11	7	0	37733312471040
9	11	7	2	-2505491585280000
9	11	7	4	-26630490256773120
9	11	7	6	-382131973186375680
9	11	8	0	-4641383669760
9	11	8	2	41521367232000
9	11	8	4	-26342460232058880
9	11	8	6	137049715214622720
9	11	8	8	-1045745068823562240
9	11	8	10	4720608647116899840
9	11	9	0	426891202560
9	11	9	2	-87589488568320
9	11	9	4	2547978143846400
9	11	9	6	-27007349326663680
9	11	9	8	620606621982090240
9	11	10	2	7346640384000
9	11	10	4	499063176737280
9	11	10	6	22245708712089600
9	11	10	8	65328187443425280
9	11	10	10	57065029182720000
9	11	10	12	-814620280689216000
9	11	11	2	420239923200
9	11	11	4	177734277734400
9	11	11	6	2941513180416000
9	11	11	8	12985758284083200
9	11	11	10	-103414983365376000
9	11	12	4	6584766566400
9	11	12	6	306416126016000
9	11	12	8	-1131382619136000
9	11	12	10	-8242930510848000
9	11	12	14	34747588690214400
9	11	13	4	99769190400
9	11	13	6	4489613568000
9	11	13	8	-47140942464000
9	11	13	10	-565691309568000
9	11	13	12	2000122844544000
9	12	0	0	281119143905280
9	12	0	2	-12336372792587520
9	12	1	0	-321845330534400
9	12	2	0	94452500321280
9	12	2	2	19799328255805440
9	12	2	4	-34935645224436480
9	12	3	0	224514539458560
9	12	3	2	3305527420538880
9	12	4	0	-207201662392320
9	12	4	2	-11388357404559360
9	12	4	4	98560782337904640
9	12	4	6	-545892555211787520
9	12	5	0	-36183765934080
9	12	5	2	221077642014720
9	12	5	4	-58566230794874880
9	12	6	0	84034455333120
9	12	6	2	-398246561003520
9	12	6	4	-38205590189967360
9	12	6	6	370849449125007360
9	12	6	8	-288746539603165440
9	12	7	0	-36115237601280
9	12	7	2	692747675873280
9	12	7	4	17176956761640960
9	12	7	6	76210695098818560
9	12	8	0	5872878120960
9	12	8	2	50963538528000
9	12	8	4	13179787591587840
9	12	8	6	-82726283522580480
9	12	8	8	443548139928791040
9	12	8	10	-1333038708254119680
9	12	9	0	-687298867200
9	12	9	2	67684628090880
9	12	9	4	-2398730690949120
9	12	9	6	20929642437611520
9	12	9	8	-218579856843571200
9	12	10	0	83695265280
9	12	10	2	-13054647398400
9	12	10	4	-267682325080320
9	12	10	6	-10485914239641600
9	12	10	8	-25778063200988160
9	12	10	10	-24879397660416000
9	12	10	12	232194701821536000
9	12	11	2	-1173043814400
9	12	11	4	-185334876057600
9	12	11	6	-1738106275737600
9	12	11	8	-6834987695923200
9	12	11	10	39772262158848000
9	12	12	2	-124711488000
9	12	12	4	-11373687705600
9	12	12	6	-271060419168000
9	12	12	8	678829571481600
9	12	12	10	3757806556416000
9	12	12	14	-10755206023161600
9	12	13	4	-399076761600
9	12	13	6	-5986151424000
9	12	13	8	37712753971200
9	12	13	10	323252176896000
9	12	13	12	-888943486464000
9	13	0	0	-63202270464000
9	13	0	2	1676900900736000
9	13	1	0	63089400268800
9	13	2	0	65066644224000
9	13	2	2	-4072587422054400
9	13	2	4	8447348512051200
9	13	3	0	-103675305369600
9	13	3	2	-191841036595200
9	13	4	0	-9832807987200
9	13	4	2	3766268797747200
9	13	4	4	-26288546775552000
9	13	4	6	92913028960896000
9	13	5	0	68643218534400
9	13	5	2	-693701227468800
9	13	5	4	11432796415948800
9	13	6	0	-32863366656000
9	13	6	2	-608456012544000
9	13	6	4	16538448454963200
9	13	6	6	-100104070222540800
9	13	6	8	101745989928806400
9	13	7	0	3833555558400
9	13	7	2	197781838387200
9	13	7	4	-6923183660236800
9	13	7	6	-6125574332620800
9	13	8	0	334579507200
9	13	8	2	-40495709721600
9	13	8	4	-4892164111411200
9	13	8	6	32114178642124800
9	13	8	8	-126761137177651200
9	13	8	10	265543459571635200
9	13	9	0	3023308800
9	13	9	2	-51508112025600
9	13	9	4	1524845096294400
9	13	9	6	-9675307707494400
9	13	9	8	52802181914572800
9	13	10	0	-102792499200
9	13	10	2	16386333696000
9	13	10	4	41839570483200
9	13	10	6	3068038653696000
9	13	10	8	6707074523904000
9	13	10	10	7273418868172800
9	13	10	12	-45834220027699200
9	13	11	2	952342272000
9	13	11	4	108440040038400
9	13	11	6	585799336396800
9	13	11	8	2410024563302400
9	13	11	10	-10288724969779200
9	13	12	2	299307571200
9	13	12	4	9577842278400
9	13	12	6	141422827392000
9	13	12	8	-258601741516800
9	13	12	10	-1131382619136000
9	13	12	14	2291049803750400
9	13	13	4	598615142400
9	13	13	6	4489613568000
9	13	13	8	-18856376985600
9	13	13	10	-121219566336000
9	13	13	12	266683045939200
9	14	0	0	6861903206400
9	14	0	2	-135623743200000
9	14	1	0	-7028185190400
9	14	2	0	-16522886476800
9	14	2	2	473072244480000
9	14	2	4	-998153336505600
9	14	3	0	19432821196800
9	14	3	2	-18956146176000
9	14	4	0	16018497792000
9	14	4	2	-665759807539200
9	14	4	4	3801405692620800
9	14	4	6	-9714962559456000
9	14	5	0	-23722896384000
9	14	5	2	198141612134400
9	14	5	4	-1383399594086400
9	14	6	0	-583372627200
9	14	6	2	292124189491200
9	14	6	4	-3630301531084800
9	14	6	6	15691498727731200
9	14	6	8	-16236126266976000
9	14	7	0	8391697459200
9	14	7	2	-161626088448000
9	14	7	4	1546621989580800
9	14	7	6	-549528700723200
9	14	8	0	-2804622796800
9	14	8	2	-7021256774400
9	14	8	4	1249908417331200
9	14	8	6	-7301907506995200
9	14	8	8	21894049525708800
9	14	8	10	-33347165978016000
9	14	9	0	266051174400
9	14	9	2	38111830732800
9	14	9	4	-568085770137600
9	14	9	6	2516578058649600
9	14	9	8	-7907107415961600
9	14	10	0	41570496000
9	14	10	2	-12171841228800
9	14	10	4	20714578156800
9	14	10	6	-506428410470400
9	14	10	8	-1033060081996800
9	14	10	10	-1279539866880000
9	14	10	12	5609435432198400
9	14	11	2	-66512793600
9	14	11	4	-34420370688000
9	14	11	6	-93383962214400
9	14	11	8	-516305560320000
9	14	11	10	1610873348198400
9	14	12	2	-224480678400
9	14	12	4	-3890998425600
9	14	12	6	-40069801094400
9	14	12	8	56569130956800
9	14	12	10	202032610560000
9	14	12	14	-300018426681600
9	14	13	4	-399076761600
9	14	13	6	-1795845427200
9	14	13	8	5387536281600
9	14	13	10	26937681408000
9	14	13	12	-48487826534400
9	15	0	0	-288222105600
9	15	0	2	4897004428800
9	15	1	0	338106700800
9	15	2	0	1186144819200
9	15	2	2	-23479016140800
9	15	2	4	48363115046400
9	15	3	0	-1363512268800
9	15	3	2	2560742553600
9	15	4	0	-1995383808000
9	15	4	2	47423621836800
9	15	4	4	-230267291443200
9	15	4	6	464001562252800
9	15	5	0	2541342988800
9	15	5	2	-18257761843200
9	15	5	4	76971930393600
9	15	6	0	1172287987200
9	15	6	2	-38377881907200
9	15	6	4	319061870899200
9	15	6	6	-1073915565465600
9	15	6	8	1051691978304000
9	15	7	0	-2061896601600
9	15	7	2	25241605171200
9	15	7	4	-143468095795200
9	15	7	6	109546571059200
9	15	8	0	35473489920
9	15	8	2	9020797632000
9	15	8	4	-161027473305600
9	15	8	6	741085546291200
9	15	8	8	-1725807455539200
9	15	8	10	1985172431362560
9	15	9	0	654042470400
9	15	9	2	-12604174387200
9	15	9	4	92336385715200
9	15	9	6	-285539422924800
9	15	9	8	558058966502400
9	15	10	0	-249422976000
9	15	10	2	3658203648000
9	15	10	4	-7457746982400
9	15	10	6	36515523686400
9	15	10	8	70935894374400
9	15	10	10	102363189350400
9	15	10	12	-321231850790400
9	15	11	0	33256396800
9	15	11	2	-133025587200
9	15	11	4	4788921139200
9	15	11	6	3292383283200
9	15	11	8	51181594675200
9	15	11	10	-115832030054400
9	15	12	2	49884595200
9	15	12	4	598615142400
9	15	12	6	4714094246400
9	15	12	8	-5387536281600
9	15	12	10	-16162608844800
9	15	12	14	18182934950400
9	15	13	0	554273280
9	15	13	4	99769190400
9	15	13	6	299307571200
9	15	13	8	-673442035200
9	15	13	10	-2693768140800
9	15	13	12	4040652211200
10	0	0	2	8515564335498240
10	0	2	4	-54547813054748160
10	0	4	6	106495135812771840
10	0	6	8	-68837616332858880
10	0	8	10	15138648801358848
10	0	10	12	-1024525734750720
10	0	12	14	14546347960320
10	1	0	2	-74430852423010560
10	1	2	4	486578810560285440
10	1	4	6	-1026287661147413760
10	1	6	8	740801036078173440
10	1	8	10	-181658264616057600
10	1	10	12	13497523212499200
10	1	12	14	-209103751929600
10	2	0	2	296250591961059840
10	2	2	4	-1997926346001991680
10	2	4	6	4529176357034165760
10	2	6	8	-3663885856818078720
10	2	8	10	1010342053692956160
10	2	10	12	-82610032461926400
10	2	12	14	1400085991180800
10	3	0	2	-712680631279153920
10	3	1	0	-151744857131520
10	3	2	2	3475254767247360
10	3	2	4	5007113314510752000
10	3	3	2	3891809277020160
10	3	4	4	-4506723077160960
10	3	4	6	-12139081817634512640
10	3	5	4	-14512957479774720
10	3	6	6	-532484495032320
10	3	6	8	11025592969683398400
10	3	7	6	13109345101209600
10	3	8	8	684119152558080
10	3	8	10	-3456094612804081920
10	3	9	8	-3225799593008640
10	3	10	10	-22921517998080
10	3	10	12	311537315972678400
10	3	11	10	188416837048320
10	3	12	14	-5791264781702400
10	3	13	12	-1212195663360
10	4	0	0	-214228033597440
10	4	0	2	1161663413739540480
10	4	1	0	880715249233920
10	4	2	0	-124966352931840
10	4	2	2	-20920293157478400
10	4	2	4	-8550647151389176320
10	4	3	2	-24978724238407680
10	4	4	2	1356777546117120
10	4	4	4	38481702331392000
10	4	4	6	22112823407324912640
10	4	5	4	104705935013652480
10	4	6	4	-1691343549204480
10	4	6	6	3553423020933120
10	4	6	8	-22515085701672675840
10	4	7	6	-109310074542305280
10	4	8	6	-273588887900160
10	4	8	8	-8416213268705280
10	4	8	10	8136962129150760960
10	4	9	8	30841000421621760
10	4	10	8	294673745802240
10	4	10	10	304640687923200
10	4	10	12	-809486081056857600
10	4	11	10	-2028015589201920
10	4	12	10	-12930087075840
10	4	12	14	16546470804864000
10	4	13	12	14546347960320
10	5	0	0	429778462464000
10	5	0	2	-1365923066498945280
10	5	1	0	-2419983342489600
10	5	2	0	624170567024640
10	5	2	2	54943319439820800
10	5	2	4	10498691260145283840
10	5	3	0	-93890064107520
10	5	3	2	73786350028723200
10	5	4	2	-7841363147458560
10	5	4	4	-143073470553477120
10	5	4	6	-29068776490111960320
10	5	5	2	364319896642560
10	5	5	4	-337593186257587200
10	5	6	4	11661763079946240
10	5	6	6	-4899229584076800
10	5	6	8	32919187742433895680
10	5	7	4	145463479603200
10	5	7	6	409128378739845120
10	5	8	6	2037566221701120
10	5	8	8	46728828590192640
10	5	8	10	-13982180651302097664
10	5	9	6	-118868641413120
10	5	9	8	-133836572250408960
10	5	10	8	-2697033314304000
10	5	10	10	-1816432346142720
10	5	10	12	1534983367284322560
10	5	11	8	-41843198453760
10	5	11	10	9951979463377920
10	5	12	10	134149653411840
10	5	12	14	-34582123982165760
10	5	13	10	808130442240
10	5	13	12	-80004913781760
10	6	0	0	878070458695680
10	6	0	2	1207240978885424640
10	6	1	0	3740174619494400
10	6	2	0	-1499155436759040
10	6	2	2	-84612432764989440
10	6	2	4	-9506093418405596160
10	6	3	0	335447599933440
10	6	3	2	-132506944621977600
10	6	4	0	-70968546109440
10	6	4	2	19913803424870400
10	6	4	4	301173857303592960
10	6	4	6	28634055295749143040
10	6	5	2	-1518550567372800
10	6	5	4	643388741560350720
10	6	6	2	430953924925440
10	6	6	4	-35999811299266560
10	6	6	6	-26534693694136320
10	6	6	8	-35386030514331648000
10	6	7	4	-935374253690880
10	6	7	6	-906316168609382400
10	6	8	4	-643516720035840
10	6	8	6	-6075965463183360
10	6	8	8	-155353428932935680
10	6	8	10	18146044346709772800
10	6	9	6	837027227750400
10	6	9	8	348595947532154880
10	6	10	6	243957438351360
10	6	10	8	11116887251466240
10	6	10	10	6451819585228800
10	6	10	12	-2194425687423974400
10	6	11	8	367968728033280
10	6	11	10	-29430641378304000
10	6	12	8	-4310029025280
10	6	12	10	-630341744947200
10	6	12	14	54603353656051200
10	6	13	10	-8081304422400
10	6	13	12	266683045939200
10	7	0	0	-3755455631493120
10	7	0	2	-826859373381538560
10	7	1	0	-3631260675801600
10	7	2	0	2517914058808320
10	7	2	2	89349105686169600
10	7	2	4	6383453200776771840
10	7	3	0	-602497977891840
10	7	3	2	159826724796349440
10	7	4	0	234210895441920
10	7	4	2	-28815041891727360
10	7	4	4	-387664091350732800
10	7	4	6	-21719346985381420800
10	7	5	0	-37265833347840
10	7	5	2	1613248761922560
10	7	5	4	-809020891787742720
10	7	6	2	-2051426883225600
10	7	6	4	65033293298411520
10	7	6	6	138687515360317440
10	7	6	8	28195494028783476480
10	7	7	2	107922147240960
10	7	7	4	2673932211763200
10	7	7	6	1318364243728680960
10	7	8	4	3842635764049920
10	7	8	6	7883347836764160
10	7	8	8	345293616353679360
10	7	8	10	-18155847281206360320
10	7	9	4	-21954210347520
10	7	9	6	-2372088689141760
10	7	9	8	-607224581834227200
10	7	10	6	-1738133485516800
10	7	10	8	-27224028961367040
10	7	10	10	-15246482788915200
10	7	10	12	2408684301412012800
10	7	11	6	-32360590402560
10	7	11	8	-1452749158333440
10	7	11	10	58392934432128000
10	7	12	8	36096493086720
10	7	12	10	1769805668505600
10	7	12	14	-66304072296633600
10	7	13	8	202032610560
10	7	13	10	36365869900800
10	7	13	12	-600036853363200
10	8	0	0	5163610682695680
10	8	0	2	448909073209267200
10	8	1	0	2546051691479040
10	8	2	0	-3400172102522880
10	8	2	2	-74853841365319680
10	8	2	4	-3135235283618019840
10	8	3	0	904322453667840
10	8	3	2	-134414230420869120
10	8	4	0	-305424329564160
10	8	4	2	26306686628352000
10	8	4	4	299242441872506880
10	8	4	6	12968489744646727680
10	8	5	0	114166791567360
10	8	5	2	1728386942607360
10	8	5	4	711019708943339520
10	8	6	0	-14754502771200
10	8	6	2	4215796117954560
10	8	6	4	-74051718842327040
10	8	6	6	-316865802271703040
10	8	6	8	-16491697662185740800
10	8	7	2	-495849248317440
10	8	7	4	-4881564995420160
10	8	7	6	-1319274220374466560
10	8	8	2	7093589437440
10	8	8	4	-9977913103933440
10	8	8	6	1514550729830400
10	8	8	8	-541556910220124160
10	8	8	10	14167285633885271040
10	8	9	4	127113204510720
10	8	9	6	3069045415526400
10	8	9	8	746034352092979200
10	8	10	4	14860620910080
10	8	10	6	5398180747223040
10	8	10	8	43985952239892480
10	8	10	10	25300654020034560
10	8	10	12	-2047162097260684800
10	8	11	6	218048286597120
10	8	11	8	3396302871920640
10	8	11	10	-81858911949066240
10	8	12	6	3771275397120
10	8	12	8	-133610899783680
10	8	12	10	-3297172204339200
10	8	12	14	62403832749772800
10	8	13	8	-1616260884480
10	8	13	10	-96975653068800
10	8	13	12	960058965381120
10	9	0	0	-3651998609018880
10	9	0	2	-195383133016462080
10	9	1	0	-1517881206804480
10	9	2	0	3360255356436480
10	9	2	2	55259284837847040
10	9	2	4	1077763256579877120
10	9	3	0	-936288502272000
10	9	3	2	79212853435115520
10	9	4	0	138867829125120
10	9	4	2	-17068411510456320
10	9	4	4	-108810158338990080
10	9	4	6	-6200465453424357120
10	9	5	0	-120052266808320
10	9	5	2	-5509680980428800
10	9	5	4	-452535428415375360
10	9	6	0	40163674832640
10	9	6	2	-4973523165204480
10	9	6	4	50918969514332160
10	9	6	6	442870175628288000
10	9	6	8	6821767010446237440
10	9	7	0	-4342680760320
10	9	7	2	1064441120348160
10	9	7	4	7085103614300160
10	9	7	6	923114408780206080
10	9	8	2	-27670304712960
10	9	8	4	14844875517849600
10	9	8	6	-22394812860149760
10	9	8	8	615475573242163200
10	9	8	10	-8658278096171915520
10	9	9	2	7137125084160
10	9	9	4	-339989819074560
10	9	9	6	-410824130273280
10	9	9	8	-664234964256890880
10	9	10	4	-76284656720640
10	9	10	6	-9560852492267520
10	9	10	8	-49209658440929280
10	9	10	10	-30269627710156800
10	9	10	12	1347819144665875200
10	9	11	4	-6354390435840
10	9	11	6	-629705036113920
10	9	11	8	-5219445149614080
10	9	11	10	83114452790691840
10	9	12	6	-24041880656640
10	9	12	8	286616930181120
10	9	12	10	4276626300334080
10	9	12	14	-45502794713376000
10	9	13	6	-89792271360
10	9	13	8	5656913095680
10	9	13	10	169707392870400
10	9	13	12	-1120068792944640
10	10	0	0	1416214587801600
10	10	0	2	67729614169996800
10	10	1	0	809273252966400
10	10	2	0	-2070305028034560
10	10	2	2	-34946970614784000
10	10	2	4	-229029424260157440
10	10	3	0	492856172605440
10	10	3	2	-32118387087974400
10	10	4	0	143362884648960
10	10	4	2	10127476190269440
10	10	4	4	-25382544571514880
10	10	4	6	2390066158967953920
10	10	5	0	3118240696320
10	10	5	2	5094820732907520
10	10	5	4	213568152916193280
10	10	6	0	-42885332997120
10	10	6	2	3702746661212160
10	10	6	4	-14111865834024960
10	10	6	6	-411516521198714880
10	10	6	8	-1791335528741606400
10	10	7	0	10551952373760
10	10	7	2	-1334363943997440
10	10	7	4	-8711410349260800
10	10	7	6	-448186552895324160
10	10	8	0	-843503155200
10	10	8	2	38684596584960
10	10	8	4	-14115990836551680
10	10	8	6	39598859677962240
10	10	8	8	-511265438499225600
10	10	8	10	4130744436907651584
10	10	9	2	-25045694760960
10	10	9	4	587952536924160
10	10	9	6	-4658575412920320
10	10	9	8	433282875230638080
10	10	10	2	756431861760
10	10	10	4	159545447331840
10	10	10	6	10600157218590720
10	10	10	8	38883906403614720
10	10	10	10	26328595942563840
10	10	10	12	-682267358382888960
10	10	11	4	30266344396800
10	10	11	6	1011409260687360
10	10	11	8	5528689732177920
10	10	11	10	-61574837848842240
10	10	12	4	478892113920
10	10	12	6	65054500600320
10	10	12	8	-392212641300480
10	10	12	10	-3937211514593280
10	10	12	14	25481565039490560
10	10	13	6	538753628160
10	10	13	8	-11313826191360
10	10	13	10	-203648871444480
10	10	13	12	960058965381120
10	11	0	0	-265796007137280
10	11	0	2	-18180122441806080
10	11	1	0	-345209108221440
10	11	2	0	696274667919360
10	11	2	2	16860450191339520
10	11	2	4	15101370542211840
10	11	3	0	-56453035898880
10	11	3	2	8556609682759680
10	11	4	0	-200423605616640
10	11	4	2	-6414680050606080
10	11	4	4	51335747144294400
10	11	4	6	-733336963729102080
10	11	5	0	37165383912960
10	11	5	2	-1983487087872000
10	11	5	4	-75620484603717120
10	11	6	0	33192075905280
10	11	6	2	-1643158658211840
10	11	6	4	-8606279018373120
10	11	6	6	259866822107013120
10	11	6	8	175085907069461760
10	11	7	0	-13875173406720
10	11	7	2	941794552258560
10	11	7	4	8243344099491840
10	11	7	6	145393768148889600
10	11	8	0	1728727971840
10	11	8	2	-12896452765440
10	11	8	4	9166463068631040
10	11	8	6	-38948654794199040
10	11	8	8	308321746576404480
10	11	8	10	-1518459560865043200
10	11	9	0	-163258675200
10	11	9	2	32922925839360
10	11	9	4	-753479600716800
10	11	9	6	7581841715404800
10	11	9	8	-206540064219732480
10	11	10	2	-2473066598400
10	11	10	4	-170310316227840
10	11	10	6	-7593618107842560
10	11	10	8	-21694090300323840
10	11	10	10	-16531410192076800
10	11	10	12	261016857710035200
10	11	11	2	-141793182720
10	11	11	4	-58958149570560
10	11	11	6	-977919464448000
10	11	11	8	-4106918907463680
10	11	11	10	33037841806848000
10	11	12	4	-2095152998400
10	11	12	6	-96638932051200
10	11	12	8	354499887329280
10	11	12	10	2569854806323200
10	11	12	14	-10755206023161600
10	11	13	4	-29930757120
10	11	13	6	-1346884070400
10	11	13	8	14142282739200
10	11	13	10	169707392870400
10	11	13	12	-600036853363200
10	12	0	0	900946022400
10	12	0	2	3596300190996480
10	12	1	0	103495116165120
10	12	2	0	-91703909514240
10	12	2	2	-5597061256028160
10	12	2	4	6728879987458560
10	12	3	0	-62971894333440
10	12	3	2	-1347284961146880
10	12	4	0	70532584980480
10	12	4	2	3371071545999360
10	12	4	4	-27400080767754240
10	12	4	6	171940845013539840
10	12	5	0	9716309821440
10	12	5	2	66336232366080
10	12	5	4	19888532795934720
10	12	6	0	-27329048732160
10	12	6	2	220389536931840
10	12	6	4	10754384061081600
10	12	6	6	-110249758825021440
10	12	6	8	63038921240701440
10	12	7	0	12856318341120
10	12	7	2	-272886270935040
10	12	7	4	-5330954452746240
10	12	7	6	-28538563325276160
10	12	8	0	-2125990748160
10	12	8	2	-18326693283840
10	12	8	4	-4308693932113920
10	12	8	6	24240844004106240
10	12	8	8	-131697148941250560
10	12	8	10	418118658488156160
10	12	9	0	248515983360
10	12	9	2	-23154917437440
10	12	9	4	714663036702720
10	12	9	6	-6150803239895040
10	12	9	8	70644967415193600
10	12	10	0	-30837749760
10	12	10	2	4186678026240
10	12	10	4	91358194152960
10	12	10	6	3496674305433600
10	12	10	8	8372059959997440
10	12	10	10	7308437854003200
10	12	10	12	-73146641317286400
10	12	11	2	390006835200
10	12	11	4	60256963031040
10	12	11	6	572189004840960
10	12	11	8	2124844309463040
10	12	11	10	-12527246294784000
10	12	12	2	39907676160
10	12	12	4	3591690854400
10	12	12	6	84853696435200
10	12	12	8	-211191422238720
10	12	12	10	-1163707836825600
10	12	12	14	3309294160972800
10	12	13	4	119723028480
10	12	13	6	1795845427200
10	12	13	8	-11313826191360
10	12	13	10	-96975653068800
10	12	13	12	266683045939200
10	13	0	0	9270069442560
10	13	0	2	-486667988570880
10	13	1	0	-19814362767360
10	13	2	0	-10400988487680
10	13	2	2	1175298598103040
10	13	2	4	-2223612406736640
10	13	3	0	31618368092160
10	13	3	2	87309832504320
10	13	4	0	1379031920640
10	13	4	2	-1120938296555520
10	13	4	4	7664265578557440
10	13	4	6	-28553563396304640
10	13	5	0	-21420646732800
10	13	5	2	198850578048000
10	13	5	4	-3694258117094400
10	13	6	0	9757200072960
10	13	6	2	174419521966080
10	13	6	4	-4899715732131840
10	13	6	6	30012353805864960
10	13	6	8	-28584012499718400
10	13	7	0	-1287929548800
10	13	7	2	-52292962990080
10	13	7	4	2140727564574720
10	13	7	6	2404631585064960
10	13	8	0	-80016906240
10	13	8	2	13688106174720
10	13	8	4	1523054692823040
10	13	8	6	-9544646347776000
10	13	8	8	37821631181690880
10	13	8	10	-81622037896485120
10	13	9	0	-302330880
10	13	9	2	15819463296000
10	13	9	4	-457448993925120
10	13	9	6	2894113745049600
10	13	9	8	-16592517914204160
10	13	10	0	35221547520
10	13	10	2	-5077344798720
10	13	10	4	-15470346712320
10	13	10	6	-993624949002240
10	13	10	8	-2126509547950080
10	13	10	10	-2159079653652480
10	13	10	12	14196739711046400
10	13	11	2	-314726446080
10	13	11	4	-34369579100160
10	13	11	6	-190484780267520
10	13	11	8	-737553716951040
10	13	11	10	3190621429969920
10	13	12	2	-94780730880
10	13	12	4	-2993075712000
10	13	12	6	-43841076491520
10	13	12	8	79735536967680
10	13	12	10	347496090163200
10	13	12	14	-700042995590400
10	13	13	4	-179584542720
10	13	13	6	-1346884070400
10	13	13	8	5656913095680
10	13	13	10	36365869900800
10	13	13	12	-80004913781760
10	14	0	0	-1578570301440
10	14	0	2	39779639032320
10	14	1	0	2157231605760
10	14	2	0	4378758912000
10	14	2	2	-139158066769920
10	14	2	4	287464968299520
10	14	3	0	-5921855723520
10	14	3	2	4682500669440
10	14	4	0	-4653678458880
10	14	4	2	198846647746560
10	14	4	4	-1130025758146560
10	14	4	6	2941190744532480
10	14	5	0	7278716712960
10	14	5	2	-59721837373440
10	14	5	4	429227010938880
10	14	6	0	237228963840
10	14	6	2	-87710420920320
10	14	6	4	1088042882826240
10	14	6	6	-4713974523371520
10	14	6	8	4804784440473600
10	14	7	0	-2582913484800
10	14	7	2	48807087943680
10	14	7	4	-472307347353600
10	14	7	6	143667634176000
10	14	8	0	813673175040
10	14	8	2	2133397854720
10	14	8	4	-379222692710400
10	14	8	6	2184825546731520
10	14	8	8	-6554117471109120
10	14	8	10	10100148955522560
10	14	9	0	-79815352320
10	14	9	2	-11460154337280
10	14	9	4	170844761640960
10	14	9	6	-756529816965120
10	14	9	8	2422775065835520
10	14	10	0	-13302558720
10	14	10	2	3704762603520
10	14	10	4	-5936266828800
10	14	10	6	158213982136320
10	14	10	8	319121732413440
10	14	10	10	382515075993600
10	14	10	12	-1709195885337600
10	14	11	2	26605117440
10	14	11	4	10595488020480
10	14	11	6	29811034091520
10	14	11	8	156058967623680
10	14	11	10	-491343308881920
10	14	12	2	69838433280
10	14	12	4	1197230284800
10	14	12	6	12256645040640
10	14	12	8	-17240116101120
10	14	12	10	-61417913610240
10	14	12	14	90914674752000
10	14	13	4	119723028480
10	14	13	6	538753628160
10	14	13	8	-1616260884480
10	14	13	10	-8081304422400
10	14	13	12	14546347960320
10	15	0	0	86466631680
10	15	0	2	-1469101328640
10	15	1	0	-101432010240
10	15	2	0	-355843445760
10	15	2	2	7043704842240
10	15	2	4	-14508934513920
10	15	3	0	409053680640
10	15	3	2	-768222766080
10	15	4	0	598615142400
10	15	4	2	-14227086551040
10	15	4	4	69080187432960
10	15	4	6	-139200468675840
10	15	5	0	-762402896640
10	15	5	2	5477328552960
10	15	5	4	-23091579118080
10	15	6	0	-351686396160
10	15	6	2	11513364572160
10	15	6	4	-95718561269760
10	15	6	6	322174669639680
10	15	6	8	-315507593491200
10	15	7	0	618568980480
10	15	7	2	-7572481551360
10	15	7	4	43040428738560
10	15	7	6	-32863971317760
10	15	8	0	-10642046976
10	15	8	2	-2706239289600
10	15	8	4	48308241991680
10	15	8	6	-222325663887360
10	15	8	8	517742236661760
10	15	8	10	-595551729408768
10	15	9	0	-196212741120
10	15	9	2	3781252316160
10	15	9	4	-27700915714560
10	15	9	6	85661826877440
10	15	9	8	-167417689950720
10	15	10	0	74826892800
10	15	10	2	-1097461094400
10	15	10	4	2237324094720
10	15	10	6	-10954657105920
10	15	10	8	-21280768312320
10	15	10	10	-30708956805120
10	15	10	12	96369555237120
10	15	11	0	-9976919040
10	15	11	2	39907676160
10	15	11	4	-1436676341760
10	15	11	6	-987714984960
10	15	11	8	-15354478402560
10	15	11	10	34749609016320
10	15	12	2	-14965378560
10	15	12	4	-179584542720
10	15	12	6	-1414228273920
10	15	12	8	1616260884480
10	15	12	10	4848782653440
10	15	12	14	-5454880485120
10	15	13	0	-166281984
10	15	13	4	-29930757120
10	15	13	6	-89792271360
10	15	13	8	202032610560
10	15	13	10	808130442240
10	15	13	12	-1212195663360
11	0	0	2	-4217614411449600
11	0	2	4	25586860762794240
11	0	4	6	-40207924055819520
11	0	6	8	21061293553048320
11	0	8	10	-3871874168338176
11	0	10	12	225633692793600
11	0	12	14	-2810089946880
11	1	0	2	33901586316794880
11	1	2	4	-211443069160673280
11	1	4	6	373821967848821760
11	1	6	8	-221920406877911040
11	1	8	10	45764794276070400
11	1	10	12	-2951586240675840
11	1	12	14	40333055708160
11	2	0	2	-125283231898202880
11	2	2	4	803743414301295360
11	2	4	6	-1587020612920646400
11	2	6	8	1073681646395040000
11	2	8	10	-250305456030163200
11	2	10	12	17924902573512960
11	2	12	14	-269603335491840
11	3	0	0	107114016798720
11	3	0	2	281070155469196800
11	3	1	0	53557008399360
11	3	2	2	-821207462123520
11	3	2	4	-1867875052661568000
11	3	3	2	-1571005579714560
11	3	4	4	690290330480640
11	3	4	6	4077390592501470720
11	3	5	4	4909392436608000
11	3	6	6	92567668838400
11	3	6	8	-3158397730606026240
11	3	7	6	-3665679686000640
11	3	8	8	-70968546109440
11	3	8	10	840429909955054080
11	3	9	8	763683267916800
11	3	10	10	2203992115200
11	3	10	12	-67023290023626240
11	3	11	10	-38790261227520
11	3	12	14	1113126217781760
11	3	13	12	220399211520
11	4	0	0	-130917131642880
11	4	0	2	-426429331145544960
11	4	1	0	-309440492974080
11	4	2	0	41655450977280
11	4	2	2	5708780376791040
11	4	2	4	2971501348129378560
11	4	3	2	9219739816304640
11	4	4	2	-464160739461120
11	4	4	4	-7095973014097920
11	4	4	6	-7088136554832917760
11	4	5	4	-33977624044769280
11	4	6	4	480029482690560
11	4	6	6	-878952055541760
11	4	6	8	6302606472206611200
11	4	7	6	29907291406417920
11	4	8	6	80225312993280
11	4	8	8	1053361298257920
11	4	8	10	-1938134752051357440
11	4	9	8	-7208817410396160
11	4	10	8	-65017767398400
11	4	10	10	-35508761856000
11	4	10	12	172524480492245760
11	4	11	10	415525980119040
11	4	12	10	2497857730560
11	4	12	14	-3173913945296640
11	4	13	12	-2644790538240
11	5	0	0	-115048388413440
11	5	0	2	462478652678799360
11	5	1	0	848977762775040
11	5	2	0	-198359290368000
11	5	2	2	-15986436408391680
11	5	2	4	-3425169707627074560
11	5	3	0	31737486458880
11	5	3	2	-25007816934328320
11	5	4	2	2523130173480960
11	5	4	4	29909936196956160
11	5	4	6	8841380342955448320
11	5	5	2	-112403597875200
11	5	5	4	104695355851499520
11	5	6	4	-3184327808040960
11	5	6	6	2769095693537280
11	5	6	8	-9007142467495633920
11	5	7	4	-42316648611840
11	5	7	6	-109331820597841920
11	5	8	6	-607126361333760
11	5	8	8	-6585773328230400
11	5	8	10	3254675259376816128
11	5	9	6	26741770997760
11	5	9	8	30833947646853120
11	5	10	8	589788290027520
11	5	10	10	239451498915840
11	5	10	12	-323794432422743040
11	5	11	8	8620058050560
11	5	11	10	-2028113544407040
11	5	12	10	-25860174151680
11	5	12	14	6618588321945600
11	5	13	10	-146932807680
11	5	13	12	14546347960320
11	6	0	0	35704672266240
11	6	0	2	-371223626444409600
11	6	1	0	-1266854667816960
11	6	2	0	456887565480960
11	6	2	2	24325460975462400
11	6	2	4	2942939924508107520
11	6	3	0	-109758807336960
11	6	3	2	41582278439055360
11	6	4	0	23803114844160
11	6	4	2	-6107262151219200
11	6	4	4	-69151575009669120
11	6	4	6	-8204662638607184640
11	6	5	2	503391799111680
11	6	5	4	-189896842242478080
11	6	6	2	-130917131642880
11	6	6	4	9466146134784000
11	6	6	6	-1480592925388800
11	6	6	8	9475470945842929920
11	6	7	4	260071069593600
11	6	7	6	236137282505809920
11	6	8	4	166181005486080
11	6	8	6	1916395632967680
11	6	8	8	23717420365547520
11	6	8	10	-4117908287649081600
11	6	9	6	-193363574906880
11	6	9	8	-79002342257356800
11	6	10	6	-53630474803200
11	6	10	8	-2406408383646720
11	6	10	10	-926411352422400
11	6	10	12	457695383690983680
11	6	11	8	-75213271664640
11	6	11	10	5961064007577600
11	6	12	8	832619243520
11	6	12	10	121219566336000
11	6	12	14	-10424276607064320
11	6	13	10	1469328076800
11	6	13	12	-48487826534400
11	7	0	0	886886427156480
11	7	0	2	226792955912993280
11	7	1	0	1140565919616000
11	7	2	0	-670454401443840
11	7	2	2	-23123109810216960
11	7	2	4	-1901333587585605120
11	7	3	0	171470586562560
11	7	3	2	-46896103428802560
11	7	4	0	-76258127185920
11	7	4	2	8467737706598400
11	7	4	4	96768379854766080
11	7	4	6	5814157709024985600
11	7	5	0	11570958604800
11	7	5	2	-660756836136960
11	7	5	4	226237953965184000
11	7	6	2	594049341450240
11	7	6	4	-16588420121456640
11	7	6	6	-13242368269762560
11	7	6	8	-7410912153126474240
11	7	7	2	-29092695920640
11	7	7	4	-690290330480640
11	7	7	6	-334342306050600960
11	7	8	4	-964711837624320
11	7	8	6	-3051239336017920
11	7	8	8	-55729393635041280
11	7	8	10	4007171550644006400
11	7	9	4	4628383441920
11	7	9	6	574376671088640
11	7	9	8	135069673187128320
11	7	10	6	378645845391360
11	7	10	8	5824889946593280
11	7	10	10	2330354329804800
11	7	10	12	-496208658209425920
11	7	11	6	6660953948160
11	7	11	8	294175806842880
11	7	11	10	-11745073981900800
11	7	12	8	-6954819563520
11	7	12	10	-339414785740800
11	7	12	14	12622593442567680
11	7	13	8	-36733201920
11	7	13	10	-6611976345600
11	7	13	12	109097609702400
11	8	0	0	-1586580457328640
11	8	0	2	-108457588758746880
11	8	1	0	-710567057940480
11	8	2	0	839720995891200
11	8	2	2	15851013337313280
11	8	2	4	915145224293733120
11	8	3	0	-242145267056640
11	8	3	2	37195550488166400
11	8	4	0	97122585876480
11	8	4	2	-7290512051466240
11	8	4	4	-83129684825088000
11	8	4	6	-3217818319217268480
11	8	5	0	-33794545766400
11	8	5	2	-169462504857600
11	8	5	4	-187517804175728640
11	8	6	0	4242684821760
11	8	6	2	-1153961293916160
11	8	6	4	18656058591129600
11	8	6	6	43405018012016640
11	8	6	8	4282013263169583360
11	8	7	2	124892886528000
11	8	7	4	1121587098624000
11	8	7	6	325199003946024960
11	8	8	2	-1671360687360
11	8	8	4	2423068931450880
11	8	8	6	1800155456225280
11	8	8	8	90898675401830400
11	8	8	10	-3034826816915324160
11	8	9	4	-25860174151680
11	8	9	6	-838779537530880
11	8	9	8	-162474184613928960
11	8	10	4	-3214155168000
11	8	10	6	-1163593555752960
11	8	10	8	-9287149323294720
11	8	10	10	-4053876163891200
11	8	10	12	416092828524468480
11	8	11	6	-44634921799680
11	8	11	8	-680135640883200
11	8	11	10	16334226364170240
11	8	12	6	-728541838080
11	8	12	8	25664263741440
11	8	12	10	630341744947200
11	8	12	14	-11842545533195520
11	8	13	8	293865615360
11	8	13	10	17631936921600
11	8	13	12	-174556175523840
11	9	0	0	1265091474124800
11	9	0	2	41705579553500160
11	9	1	0	367136108789760
11	9	2	0	-825370558341120
11	9	2	2	-9591283909324800
11	9	2	4	-317716842535741440
11	9	3	0	247434848133120
11	9	3	2	-20810877193359360
11	9	4	0	-53532519598080
11	9	4	2	4205739383562240
11	9	4	4	39746630546841600
11	9	4	6	1420482738255713280
11	9	5	0	35851605073920
11	9	5	2	1219313741598720
11	9	5	4	112090826905251840
11	9	6	0	-10824050165760
11	9	6	2	1281139801896960
11	9	6	4	-13231070769438720
11	9	6	6	-69662150190489600
11	9	6	8	-1775378503383552000
11	9	7	0	1175462461440
11	9	7	2	-252577496401920
11	9	7	4	-1433541775196160
11	9	7	6	-220971465828311040
11	9	8	2	6358925399040
11	9	8	4	-3465083751782400
11	9	8	6	2278503374561280
11	9	8	8	-106196600999301120
11	9	8	10	1797710192276935680
11	9	9	2	-1714216089600
11	9	9	4	66136089323520
11	9	9	6	414089303777280
11	9	9	8	141266490884628480
11	9	10	4	16293215784960
11	9	10	6	2035296926115840
11	9	10	8	10234098617057280
11	9	10	10	5029510006886400
11	9	10	12	-269994764491499520
11	9	11	4	1306069401600
11	9	11	6	128109082429440
11	9	11	8	1031729523793920
11	9	11	10	-16433846807777280
11	9	12	6	4628383441920
11	9	12	8	-54854914867200
11	9	12	10	-814595485777920
11	9	12	14	8604164818529280
11	9	13	6	16325867520
11	9	13	8	-1028529653760
11	9	13	10	-30855889612800
11	9	13	12	203648871444480
11	10	0	0	-559683390320640
11	10	0	2	-13074949899567360
11	10	1	0	-174947996344320
11	10	2	0	514509714892800
11	10	2	2	5628647577047040
11	10	2	4	73516366209818880
11	10	3	0	-131488537006080
11	10	3	2	8058208761815040
11	10	4	0	-21468515788800
11	10	4	2	-2061336684810240
11	10	4	4	-4328350276608000
11	10	4	6	-507813184838580480
11	10	5	0	-3330476974080
11	10	5	2	-1208636624240640
11	10	5	4	-49565297511014400
11	10	6	0	10515899416320
11	10	6	2	-903751048304640
11	10	6	4	4688843571302400
11	10	6	6	69544995765166080
11	10	6	8	487759301388921600
11	10	7	0	-2595812935680
11	10	7	2	304836598333440
11	10	7	4	1647432407531520
11	10	7	6	104189727408537600
11	10	8	0	212236277760
11	10	8	2	-8698286165760
11	10	8	4	3142136324413440
11	10	8	6	-6138983311810560
11	10	8	8	89927547498270720
11	10	8	10	-831217292706601728
11	10	9	2	5844660572160
11	10	9	4	-109503035412480
11	10	9	6	589625031352320
11	10	9	8	-89765954061557760
11	10	10	2	-163258675200
11	10	10	4	-33629699854080
11	10	10	6	-2223044402595840
11	10	10	8	-7949277131765760
11	10	10	10	-4499964168007680
11	10	10	12	134566446687425280
11	10	11	4	-6154852055040
11	10	11	6	-204334557880320
11	10	11	8	-1076756266414080
11	10	11	10	12047902498529280
11	10	12	4	-92513249280
11	10	12	6	-12470922051840
11	10	12	8	74739821506560
11	10	12	10	746712528629760
11	10	12	14	-4798476533410560
11	10	13	6	-97955205120
11	10	13	8	2057059307520
11	10	13	10	37027067535360
11	10	13	12	-174556175523840
11	11	0	0	140854143006720
11	11	0	2	3291421417505280
11	11	1	0	70095112197120
11	11	2	0	-180727353446400
11	11	2	2	-2758035825285120
11	11	2	4	-8732424008240640
11	11	3	0	21278047334400
11	11	3	2	-2065842624245760
11	11	4	0	40036469114880
11	11	4	2	1161618125783040
11	11	4	4	-6792645651517440
11	11	4	6	146531399493818880
11	11	5	0	-8399658839040
11	11	5	2	491934668083200
11	11	5	4	16463221578408960
11	11	6	0	-7250045667840
11	11	6	2	390737871267840
11	11	6	4	822083617013760
11	11	6	6	-45724782295756800
11	11	6	8	-66128216173908480
11	11	7	0	3101914828800
11	11	7	2	-211686640220160
11	11	7	4	-1543099230167040
11	11	7	6	-32890353919672320
11	11	8	0	-391820820480
11	11	8	2	2902829944320
11	11	8	4	-1929091715942400
11	11	8	6	6655011332382720
11	11	8	8	-54947172344555520
11	11	8	10	296616381185779200
11	11	9	0	38093690880
11	11	9	2	-7373850163200
11	11	9	4	136897841111040
11	11	9	6	-1260509347307520
11	11	9	8	41604391826611200
11	11	10	2	511543848960
11	11	10	4	35462958727680
11	11	10	6	1563773220403200
11	11	10	8	4350615131934720
11	11	10	10	2887964334950400
11	11	10	12	-50648730603747840
11	11	11	2	29023764480
11	11	11	4	11819928084480
11	11	11	6	195992039577600
11	11	11	8	786939466199040
11	11	11	10	-6387169149849600
11	11	12	4	402704732160
11	11	12	6	18427822963200
11	11	12	8	-67197270712320
11	11	12	10	-484878265344000
11	11	12	14	2015660988956160
11	11	13	4	5441955840
11	11	13	6	244888012800
11	11	13	8	-2571324134400
11	11	13	10	-30855889612800
11	11	13	12	109097609702400
11	12	0	0	-17572075407360
11	12	0	2	-632544754487040
11	12	1	0	-20262215577600
11	12	2	0	29534401336320
11	12	2	2	947410046023680
11	12	2	4	-459622828535040
11	12	3	0	10463067095040
11	12	3	2	318030317936640
11	12	4	0	-14455648696320
11	12	4	2	-603629602375680
11	12	4	4	4542803244380160
11	12	4	6	-32912918309318400
11	12	5	0	-1491095900160
11	12	5	2	-38957147873280
11	12	5	4	-4085047686942720
11	12	6	0	5429484691200
11	12	6	2	-61077489039360
11	12	6	4	-1807681681152000
11	12	6	6	19829692555407360
11	12	6	8	-6735581529327360
11	12	7	0	-2768141537280
11	12	7	2	63086780067840
11	12	7	4	1001646391910400
11	12	7	6	6330648996495360
11	12	8	0	464380231680
11	12	8	2	3801584067840
11	12	8	4	853924500633600
11	12	8	6	-4295564306657280
11	12	8	8	23675593492961280
11	12	8	10	-79567696845907200
11	12	9	0	-54419558400
11	12	9	2	4784083845120
11	12	9	4	-129366174228480
11	12	9	6	1089719005224960
11	12	9	8	-13825495605841920
11	12	10	0	6802444800
11	12	10	2	-817502699520
11	12	10	4	-18923721189120
11	12	10	6	-704020385064960
11	12	10	8	-1643631201377280
11	12	10	10	-1298151355852800
11	12	10	12	13957716766152960
11	12	11	2	-78606028800
11	12	11	4	-11852579819520
11	12	11	6	-113595386204160
11	12	11	8	-400375575060480
11	12	11	10	2389127452876800
11	12	12	2	-7709437440
11	12	12	4	-685686435840
11	12	12	6	-16070775840000
11	12	12	8	39769813278720
11	12	12	10	218195219404800
11	12	12	14	-616732093635840
11	12	13	4	-21767823360
11	12	13	6	-326517350400
11	12	13	8	2057059307520
11	12	13	10	17631936921600
11	12	13	12	-48487826534400
11	13	0	0	178375219200
11	13	0	2	85336518850560
11	13	1	0	3774298705920
11	13	2	0	143909498880
11	13	2	2	-204757216450560
11	13	2	4	344618202516480
11	13	3	0	-5841032601600
11	13	3	2	-21632983787520
11	13	4	0	44140308480
11	13	4	2	202082797486080
11	13	4	4	-1350820418457600
11	13	4	6	5321710383759360
11	13	5	0	4045187174400
11	13	5	2	-34336927365120
11	13	5	4	722290844805120
11	13	6	0	-1757449405440
11	13	6	2	-30087364515840
11	13	6	4	878571118632960
11	13	6	6	-5452219368714240
11	13	6	8	4826359074401280
11	13	7	0	266051174400
11	13	7	2	8095816304640
11	13	7	4	-401050377584640
11	13	7	6	-546034965073920
11	13	8	0	12093235200
11	13	8	2	-2792932669440
11	13	8	4	-287362478131200
11	13	8	6	1718395511685120
11	13	8	8	-6837648812328960
11	13	8	10	15209651631790080
11	13	9	2	-2941679462400
11	13	9	4	83169411102720
11	13	9	6	-524158302597120
11	13	9	8	3157879902658560
11	13	10	0	-7255941120
11	13	10	2	952946933760
11	13	10	4	3389431495680
11	13	10	6	194490059765760
11	13	10	8	407918125854720
11	13	10	10	388147500288000
11	13	10	12	-2663965269642240
11	13	11	2	62884823040
11	13	11	4	6595650478080
11	13	11	6	37369910753280
11	13	11	8	136810769817600
11	13	11	10	-599338922526720
11	13	12	2	18139852800
11	13	12	4	565963407360
11	13	12	6	8228237230080
11	13	12	8	-14889191178240
11	13	12	10	-64650435379200
11	13	12	14	129594736373760
11	13	13	4	32651735040
11	13	13	6	244888012800
11	13	13	8	-1028529653760
11	13	13	10	-6611976345600
11	13	13	12	14546347960320
11	14	0	0	199739934720
11	14	0	2	-7067664564480
11	14	1	0	-401092300800
11	14	2	0	-691027614720
11	14	2	2	24798992762880
11	14	2	4	-50087988299520
11	14	3	0	1093430016000
11	14	3	2	-668755906560
11	14	4	0	818510469120
11	14	4	2	-35993700587520
11	14	4	4	203569056092160
11	14	4	6	-539616858405120
11	14	5	0	-1352829911040
11	14	5	2	10909307473920
11	14	5	4	-80624389754880
11	14	6	0	-54444752640
11	14	6	2	15960651816960
11	14	6	4	-197635510241280
11	14	6	6	858272623349760
11	14	6	8	-861587454700800
11	14	7	0	481512314880
11	14	7	2	-8932063518720
11	14	7	4	87386926878720
11	14	7	6	-22268483297280
11	14	8	0	-142901729280
11	14	8	2	-392803395840
11	14	8	4	69722338222080
11	14	8	6	-396196152975360
11	14	8	8	1189094560819200
11	14	8	10	-1853845112298240
11	14	9	0	14511882240
11	14	9	2	2088501719040
11	14	9	4	-31138871316480
11	14	9	6	137833857515520
11	14	9	8	-449712346705920
11	14	10	0	2569812480
11	14	10	2	-683267788800
11	14	10	4	1028756401920
11	14	10	6	-29908989296640
11	14	10	8	-59695534586880
11	14	10	10	-69303307622400
11	14	10	12	315556571093760
11	14	11	2	-6046617600
11	14	11	4	-1975429969920
11	14	11	6	-5746705367040
11	14	11	8	-28586594027520
11	14	11	10	90804475146240
11	14	12	2	-13151393280
11	14	12	4	-223120189440
11	14	12	6	-2271336318720
11	14	12	8	3183544166400
11	14	12	10	11313826191360
11	14	12	14	-16695240272640
11	14	13	4	-21767823360
11	14	13	6	-97955205120
11	14	13	8	293865615360
11	14	13	10	1469328076800
11	14	13	12	-2644790538240
11	15	0	0	-15721205760
11	15	0	2	267109332480
11	15	1	0	18442183680
11	15	2	0	64698808320
11	15	2	2	-1280673607680
11	15	2	4	2637988093440
11	15	3	0	-74373396480
11	15	3	2	139676866560
11	15	4	0	-108839116800
11	15	4	2	2586743009280
11	15	4	4	-12560034078720
11	15	4	6	25309176122880
11	15	5	0	138618708480
11	15	5	2	-995877918720
11	15	5	4	4198468930560
11	15	6	0	63942981120
11	15	6	2	-2093339013120
11	15	6	4	17403374776320
11	15	6	6	-58577212661760
11	15	6	8	57365016998400
11	15	7	0	-112467087360
11	15	7	2	1376814827520
11	15	7	4	-7825532497920
11	15	7	6	5975267512320
11	15	8	0	1934917632
11	15	8	2	492043507200
11	15	8	4	-8783316725760
11	15	8	6	40422847979520
11	15	8	8	-94134952120320
11	15	8	10	108282132619776
11	15	9	0	35675043840
11	15	9	2	-687500421120
11	15	9	4	5036530129920
11	15	9	6	-15574877614080
11	15	9	8	30439579991040
11	15	10	0	-13604889600
11	15	10	2	199538380800
11	15	10	4	-406786199040
11	15	10	6	1991755837440
11	15	10	8	3869230602240
11	15	10	10	5583446691840
11	15	10	12	-17521737315840
11	15	11	0	1813985280
11	15	11	2	-7255941120
11	15	11	4	261213880320
11	15	11	6	179584542720
11	15	11	8	2791723345920
11	15	11	10	-6318110730240
11	15	12	2	2720977920
11	15	12	4	32651735040
11	15	12	6	257132413440
11	15	12	8	-293865615360
11	15	12	10	-881596846080
11	15	12	14	991796451840
11	15	13	0	30233088
11	15	13	4	5441955840
11	15	13	6	16325867520
11	15	13	8	-36733201920
11	15	13	10	-146932807680
11	15	13	12	220399211520
12	0	0	2	1265284323434880
12	0	2	4	-5482898734884480
12	0	4	6	6701320675969920
12	0	6	8	-2871994575415680
12	0	8	10	446754711731328
12	0	10	12	-22563369279360
12	0	12	14	247949112960
12	1	0	2	-8013467381754240
12	1	2	4	42035556967447680
12	1	4	6	-60311886083729280
12	1	6	8	29677277279295360
12	1	8	10	-5212138303532160
12	1	10	12	293323800631680
12	1	12	14	-3553937285760
12	2	0	2	24964260540151680
12	2	2	4	-147757091547784320
12	2	4	6	247222870008140160
12	2	6	8	-140637480718250880
12	2	8	10	28094535441567360
12	2	10	12	-1769116920969600
12	2	12	14	23720465139840
12	3	0	2	-50082497479451520
12	3	1	0	-13389252099840
12	3	2	4	317166835283026560
12	3	3	2	294563546196480
12	3	4	6	-611414494309595520
12	3	5	4	-736408865491200
12	3	6	8	404773042371096960
12	3	7	6	458209960750080
12	3	8	10	-92799997157243520
12	3	9	8	-81823207276800
12	3	10	12	6564673164827520
12	3	11	10	3636586990080
12	3	12	14	-97774600210560
12	3	13	12	-18366600960
12	4	0	0	53557008399360
12	4	0	2	70279440424721280
12	4	1	0	53557008399360
12	4	2	0	-8926168066560
12	4	2	2	-410603731061760
12	4	2	4	-466992566280236160
12	4	3	2	-1571005579714560
12	4	4	2	77360123243520
12	4	4	4	345145165240320
12	4	4	6	1019329134591600000
12	4	5	4	4909392436608000
12	4	6	4	-65458565821440
12	4	6	6	46283834419200
12	4	6	8	-789604281434160000
12	4	7	6	-3665679686000640
12	4	8	6	-9256766883840
12	4	8	8	-35484273054720
12	4	8	10	210107036690340480
12	4	9	8	763683267916800
12	4	10	8	6501776739840
12	4	10	10	1101996057600
12	4	10	12	-16755822505906560
12	4	11	10	-38790261227520
12	4	12	10	-220399211520
12	4	12	14	278281554445440
12	4	13	12	220399211520
12	5	0	0	-5950778711040
12	5	0	2	-71096680701037440
12	5	1	0	-139843299709440
12	5	2	0	32729282910720
12	5	2	2	1727709419105280
12	5	2	4	501155656261499520
12	5	3	0	-5950778711040
12	5	3	2	3875940533790720
12	5	4	2	-386800616217600
12	5	4	4	-2259973514926080
12	5	4	6	-1213593628008769920
12	5	5	2	16860539681280
12	5	5	4	-14515602270312960
12	5	6	4	414570916869120
12	5	6	6	-268446239631360
12	5	6	8	1102645105728024960
12	5	7	4	5289581076480
12	5	7	6	13114634682286080
12	5	8	6	70968546109440
12	5	8	8	341692244259840
12	5	8	10	-345601389771506304
12	5	9	6	-2865189749760
12	5	9	8	-3224477197739520
12	5	10	8	-58515990658560
12	5	10	10	-11485247800320
12	5	10	12	31153731597267840
12	5	11	8	-808130442240
12	5	11	10	188416837048320
12	5	12	10	2277458519040
12	5	12	14	-579126478170240
12	5	13	10	12244400640
12	5	13	12	-1212195663360
12	6	0	0	-53557008399360
12	6	0	2	52764645684044160
12	6	1	0	200342883271680
12	6	2	0	-72401140984320
12	6	2	2	-2998531272729600
12	6	2	4	-404784778629110400
12	6	3	0	19835929036800
12	6	3	2	-5912429248235520
12	6	4	0	-3967185807360
12	6	4	2	874764470522880
12	6	4	4	6372622801889280
12	6	4	6	1068365498030271360
12	6	5	2	-78682518512640
12	6	5	4	25157908797373440
12	6	6	2	17852336133120
12	6	6	4	-1173625801344000
12	6	6	6	499718478919680
12	6	6	8	-1133831520691701120
12	6	7	4	-31737486458880
12	6	7	6	-27665978358067200
12	6	8	4	-19174731402240
12	6	8	6	-230831440865280
12	6	8	8	-1492225105996800
12	6	8	10	427226965075336320
12	6	9	6	21011391498240
12	6	9	8	8139955101465600
12	6	10	6	5363047480320
12	6	10	8	236598553566720
12	6	10	10	54242694835200
12	6	10	12	-43581161538034560
12	6	11	8	7003797166080
12	6	11	10	-550753140787200
12	6	12	8	-73466403840
12	6	12	10	-10652628556800
12	6	12	14	910055894267520
12	6	13	10	-122444006400
12	6	13	12	4040652211200
12	7	0	0	-62813775283200
12	7	0	2	-29265902150993280
12	7	1	0	-168440097404160
12	7	2	0	87608686579200
12	7	2	2	2820448709821440
12	7	2	4	248973005047017600
12	7	3	0	-25456108930560
12	7	3	2	6194209640163840
12	7	4	0	11901557422080
12	7	4	2	-1150704283345920
12	7	4	4	-10033012906813440
12	7	4	6	-712676826331655040
12	7	5	0	-1735643790720
12	7	5	2	117362580134400
12	7	5	4	-28511007301635840
12	7	6	2	-77360123243520
12	7	6	4	1965740567546880
12	7	6	6	173821511485440
12	7	6	8	868195668954303360
12	7	7	2	3636586990080
12	7	7	4	80445712204800
12	7	7	6	38185951078333440
12	7	8	4	108656811279360
12	7	8	6	398138931210240
12	7	8	8	3902837400529920
12	7	8	10	-405124964812091520
12	7	9	4	-495898225920
12	7	9	6	-64234125757440
12	7	9	8	-13681332073440000
12	7	10	6	-37541332362240
12	7	10	8	-566748409489920
12	7	10	10	-153177452006400
12	7	10	12	46707414153840000
12	7	11	6	-624464432640
12	7	11	8	-27170325020160
12	7	11	10	1078303142361600
12	7	12	8	612220032000
12	7	12	10	29753893555200
12	7	12	14	-1099158417751680
12	7	13	8	3061100160
12	7	13	10	550998028800
12	7	13	12	-9091467475200
12	8	0	0	189984120330240
12	8	0	2	12447991350541440
12	8	1	0	94771660953600
12	8	2	0	-95432858588160
12	8	2	2	-1664601778206720
12	8	2	4	-115844087727930240
12	8	3	0	30855889612800
12	8	3	2	-4616628817305600
12	8	4	0	-14105549537280
12	8	4	2	939341439498240
12	8	4	4	9475304946462720
12	8	4	6	368091117960243840
12	8	5	0	4628383441920
12	8	5	2	-22627652382720
12	8	5	4	22374683065497600
12	8	6	0	-578547930240
12	8	6	2	142230957834240
12	8	6	4	-2143308865628160
12	8	6	6	-2378123818168320
12	8	6	8	-493093595955438720
12	8	7	2	-14546347960320
12	8	7	4	-119701260656640
12	8	7	6	-36144425833758720
12	8	8	2	192849310080
12	8	8	4	-265164740259840
12	8	8	6	-336541433057280
12	8	8	8	-6795854591477760
12	8	8	10	298240659091578240
12	8	9	4	2644790538240
12	8	9	6	100893861273600
12	8	9	8	16138038414182400
12	8	10	4	321415516800
12	8	10	6	114215769169920
12	8	10	8	892771902397440
12	8	10	10	287253639014400
12	8	10	12	-38672375199258240
12	8	11	6	4163096217600
12	8	11	8	62201555251200
12	8	11	10	-1488723207413760
12	8	12	6	64283103360
12	8	12	8	-2252969717760
12	8	12	10	-55099802880000
12	8	12	14	1028244971445120
12	8	13	8	-24488801280
12	8	13	10	-1469328076800
12	8	13	12	14546347960320
12	9	0	0	-167650333562880
12	9	0	2	-4208244383859840
12	9	1	0	-42683980631040
12	9	2	0	91024874357760
12	9	2	2	783396752947200
12	9	2	4	39675552821493120
12	9	3	0	-29680427151360
12	9	3	2	2447704665538560
12	9	4	0	8228237230080
12	9	4	2	-493253435381760
12	9	4	4	-5200539795025920
12	9	4	6	-150611420514176640
12	9	5	0	-4812049451520
12	9	5	2	-113407638727680
12	9	5	4	-12608769514245120
12	9	6	0	1349945170560
12	9	6	2	-148598046167040
12	9	6	4	1523252417218560
12	9	6	6	4799837702615040
12	9	6	8	202824940623580800
12	9	7	0	-146932807680
12	9	7	2	27476435036160
12	9	7	4	135276138270720
12	9	7	6	23870181507932160
12	9	8	2	-707114136960
12	9	8	4	366254511943680
12	9	8	6	-27808394342400
12	9	8	8	8276806685952000
12	9	8	10	-171391215296511360
12	9	9	2	183666009600
12	9	9	4	-6342599531520
12	9	9	6	-70772635699200
12	9	9	8	-13722014094566400
12	9	10	4	-1607077584000
12	9	10	6	-197423273963520
12	9	10	8	-970189166177280
12	9	10	10	-375413323622400
12	9	10	12	24747883614241920
12	9	11	4	-122444006400
12	9	11	6	-11879789598720
12	9	11	8	-93253355274240
12	9	11	10	1485196820029440
12	9	12	6	-407126321280
12	9	12	8	4799805050880
12	9	12	10	70968546109440
12	9	12	14	-744591186218880
12	9	13	6	-1360488960
12	9	13	8	85710804480
12	9	13	10	2571324134400
12	9	13	12	-16970739287040
12	10	0	0	77825410467840
12	10	0	2	1173767632318080
12	10	1	0	17876824934400
12	10	2	0	-56740552565760
12	10	2	2	-399640911022080
12	10	2	4	-9405876133733760
12	10	3	0	15476922408960
12	10	3	2	-903963284582400
12	10	4	0	1077507256320
12	10	4	2	200922451568640
12	10	4	4	1221272845701120
12	10	4	6	49914387980864640
12	10	5	0	661197634560
12	10	5	2	126215281797120
12	10	5	4	5240946317137920
12	10	6	0	-1190767962240
12	10	6	2	99179645184000
12	10	6	4	-604628503603200
12	10	6	6	-5291638135787520
12	10	6	8	-56679880540222080
12	10	7	0	293865615360
12	10	7	2	-31688508856320
12	10	7	4	-143210509885440
12	10	7	6	-10934347726725120
12	10	8	0	-24488801280
12	10	8	2	943839216000
12	10	8	4	-318338090772480
12	10	8	6	415754542264320
12	10	8	8	-7199136170956800
12	10	8	10	76820271904842624
12	10	9	2	-612220032000
12	10	9	4	9762868776960
12	10	9	6	-22431741972480
12	10	9	8	8504095413565440
12	10	10	2	16325867520
12	10	10	4	3268234604160
12	10	10	6	212579120977920
12	10	10	8	741627020897280
12	10	10	10	348671552624640
12	10	10	12	-12150746280604800
12	10	11	4	571405363200
12	10	11	6	18823725250560
12	10	11	8	95996101017600
12	10	11	10	-1078192942755840
12	10	12	4	8162933760
12	10	12	6	1092812757120
12	10	12	8	-6514021140480
12	10	12	10	-64797368186880
12	10	12	14	413661770121600
12	10	13	6	8162933760
12	10	13	8	-171421608960
12	10	13	10	-3085588961280
12	10	13	12	14546347960320
12	11	0	0	-20880784558080
12	11	0	2	-273039590482560
12	11	1	0	-6609935612160
12	11	2	0	20317542128640
12	11	2	2	199855828224000
12	11	2	4	1312930914295680
12	11	3	0	-2897841484800
12	11	3	2	222601843146240
12	11	4	0	-3624342589440
12	11	4	2	-97155237611520
12	11	4	4	324184565329920
12	11	4	6	-13499328241226880
12	11	5	0	850985844480
12	11	5	2	-53317562342400
12	11	5	4	-1636777284744960
12	11	6	0	737725138560
12	11	6	2	-41581984573440
12	11	6	4	3912766248960
12	11	6	6	3662969591992320
12	11	6	8	8777381252549760
12	11	7	0	-318354416640
12	11	7	2	21558308060160
12	11	7	4	132132501780480
12	11	7	6	3357700358169600
12	11	8	0	40814668800
12	11	8	2	-334340161920
12	11	8	4	185630555658240
12	11	8	6	-516321886187520
12	11	8	8	4474675399219200
12	11	8	10	-26600504286476160
12	11	9	0	-4081466880
12	11	9	2	746908439040
12	11	9	4	-11584563494400
12	11	9	6	93106422466560
12	11	9	8	-3835487074809600
12	11	10	2	-48977602560
12	11	10	4	-3396574062720
12	11	10	6	-146949133547520
12	11	10	8	-398571566699520
12	11	10	10	-229949844019200
12	11	10	12	4501020247562880
12	11	11	2	-2720977920
12	11	11	4	-1082949212160
12	11	11	6	-17917639603200
12	11	11	8	-69082908410880
12	11	11	10	565140311539200
12	11	12	4	-35372712960
12	11	12	6	-1607077584000
12	11	12	8	5828334704640
12	11	12	10	41875850188800
12	11	12	14	-172985831141760
12	11	13	4	-453496320
12	11	13	6	-20407334400
12	11	13	8	214277011200
12	11	13	10	2571324134400
12	11	13	12	-9091467475200
12	12	0	0	3088309939200
12	12	0	2	50723903514240
12	12	1	0	1825776184320
12	12	2	0	-3652912857600
12	12	2	2	-72393431546880
12	12	2	4	-32532578881920
12	12	3	0	-772757729280
12	12	3	2	-33333793505280
12	12	4	0	1349605048320
12	12	4	2	49442889784320
12	12	4	4	-338066994677760
12	12	4	6	2894860993610880
12	12	5	0	95234227200
12	12	5	2	5728565514240
12	12	5	4	383669677624320
12	12	6	0	-497598837120
12	12	6	2	7074542592000
12	12	6	4	136644790164480
12	12	6	6	-1631558222346240
12	12	6	8	129118225115520
12	12	7	0	272097792000
12	12	7	2	-6524905052160
12	12	7	4	-86164300800000
12	12	7	6	-632333500784640
12	12	8	0	-46256624640
12	12	8	2	-347491555200
12	12	8	4	-77569638543360
12	12	8	6	348062053570560
12	12	8	8	-1948712687723520
12	12	8	10	6946404599180160
12	12	9	0	5441955840
12	12	9	2	-451682334720
12	12	9	4	10764188651520
12	12	9	6	-87963774197760
12	12	9	8	1238929271424000
12	12	10	0	-680244480
12	12	10	2	73466403840
12	12	10	4	1795958801280
12	12	10	6	64737506672640
12	12	10	8	147540946245120
12	12	10	10	105424289510400
12	12	10	12	-1220047385270400
12	12	11	2	7255941120
12	12	11	4	1066623344640
12	12	11	6	10290738493440
12	12	11	8	34578187407360
12	12	11	10	-208644586905600
12	12	12	2	680244480
12	12	12	4	59861514240
12	12	12	6	1392800572800
12	12	12	8	-3428432179200
12	12	12	10	-18733932979200
12	12	12	14	52647861651840
12	12	13	4	1813985280
12	12	13	6	27209779200
12	12	13	8	-171421608960
12	12	13	10	-1469328076800
12	12	13	12	4040652211200
12	13	0	0	-178677550080
12	13	0	2	-6835134326400
12	13	1	0	-329691824640
12	13	2	0	141037355520
12	13	2	2	16278401571840
12	13	2	4	-23478298104960
12	13	3	0	494310988800
12	13	3	2	2311621908480
12	13	4	0	-29023764480
12	13	4	2	-16688362245120
12	13	4	4	108822790932480
12	13	4	6	-454870300475520
12	13	5	0	-349645662720
12	13	5	2	2698756600320
12	13	5	4	-64619144133120
12	13	6	0	145232196480
12	13	6	2	2359390187520
12	13	6	4	-72103193902080
12	13	6	6	453875442923520
12	13	6	8	-369798245562240
12	13	7	0	-25395793920
12	13	7	2	-546009569280
12	13	7	4	34425812643840
12	13	7	6	55050825277440
12	13	8	0	-906992640
12	13	8	2	260117930880
12	13	8	4	24847970365440
12	13	8	6	-141724855941120
12	13	8	8	566434136540160
12	13	8	10	-1299336001614720
12	13	9	2	250481134080
12	13	9	4	-6930330762240
12	13	9	6	43467622272000
12	13	9	8	-275274533721600
12	13	10	0	680244480
12	13	10	2	-81931668480
12	13	10	4	-334340161920
12	13	10	6	-17403374776320
12	13	10	8	-35806708938240
12	13	10	10	-31957885670400
12	13	10	12	229022330670720
12	13	11	2	-5744286720
12	13	11	4	-579568296960
12	13	11	6	-3346802841600
12	13	11	8	-11632180608000
12	13	11	10	51573415495680
12	13	12	2	-1587237120
12	13	12	4	-48977602560
12	13	12	6	-707114136960
12	13	12	8	1273417666560
12	13	12	10	5509980288000
12	13	12	14	-10992410674560
12	13	13	4	-2720977920
12	13	13	6	-20407334400
12	13	13	8	85710804480
12	13	13	10	550998028800
12	13	13	12	-1212195663360
12	14	0	0	-9372257280
12	14	0	2	575222290560
12	14	1	0	34163389440
12	14	2	0	48826437120
12	14	2	2	-2024709903360
12	14	2	4	3992468227200
12	14	3	0	-92513249280
12	14	3	2	40512337920
12	14	4	0	-65908131840
12	14	4	2	2986122101760
12	14	4	4	-16806573619200
12	14	4	6	45372646938240
12	14	5	0	115188065280
12	14	5	2	-913341588480
12	14	5	4	6933958732800
12	14	6	0	5479747200
12	14	6	2	-1331162864640
12	14	6	4	16453753482240
12	14	6	6	-71621580810240
12	14	6	8	70798144867200
12	14	7	0	-41116999680
12	14	7	2	749175920640
12	14	7	4	-7408315883520
12	14	7	6	1534631546880
12	14	8	0	11488573440
12	14	8	2	33143022720
12	14	8	4	-5874591329280
12	14	8	6	32929274787840
12	14	8	8	-98877616634880
12	14	8	10	155941625450880
12	14	9	0	-1209323520
12	14	9	2	-174444917760
12	14	9	4	2601254891520
12	14	9	6	-11509736601600
12	14	9	8	38243344665600
12	14	10	0	-226748160
12	14	10	2	57745198080
12	14	10	4	-81515963520
12	14	10	6	2587650001920
12	14	10	8	5114078000640
12	14	10	10	5754868300800
12	14	10	12	-26695854495360
12	14	11	2	604661760
12	14	11	4	168700631040
12	14	11	6	506101893120
12	14	11	8	2399902525440
12	14	11	10	-7689483601920
12	14	12	2	1133740800
12	14	12	4	19046845440
12	14	12	6	192849310080
12	14	12	8	-269376814080
12	14	12	10	-955063249920
12	14	12	14	1405044973440
12	14	13	4	1813985280
12	14	13	6	8162933760
12	14	13	8	-24488801280
12	14	13	10	-122444006400
12	14	13	12	220399211520
12	15	0	0	1310100480
12	15	0	2	-22259111040
12	15	1	0	-1536848640
12	15	2	0	-5391567360
12	15	2	2	106722800640
12	15	2	4	-219832341120
12	15	3	0	6197783040
12	15	3	2	-11639738880
12	15	4	0	9069926400
12	15	4	2	-215561917440
12	15	4	4	1046669506560
12	15	4	6	-2109098010240
12	15	5	0	-11551559040
12	15	5	2	82989826560
12	15	5	4	-349872410880
12	15	6	0	-5328581760
12	15	6	2	174444917760
12	15	6	4	-1450281231360
12	15	6	6	4881434388480
12	15	6	8	-4780418083200
12	15	7	0	9372257280
12	15	7	2	-114734568960
12	15	7	4	652127708160
12	15	7	6	-497938959360
12	15	8	0	-161243136
12	15	8	2	-41003625600
12	15	8	4	731943060480
12	15	8	6	-3368570664960
12	15	8	8	7844579343360
12	15	8	10	-9023511051648
12	15	9	0	-2972920320
12	15	9	2	57291701760
12	15	9	4	-419710844160
12	15	9	6	1297906467840
12	15	9	8	-2536631665920
12	15	10	0	1133740800
12	15	10	2	-16628198400
12	15	10	4	33898849920
12	15	10	6	-165979653120
12	15	10	8	-322435883520
12	15	10	10	-465287224320
12	15	10	12	1460144776320
12	15	11	0	-151165440
12	15	11	2	604661760
12	15	11	4	-21767823360
12	15	11	6	-14965378560
12	15	11	8	-232643612160
12	15	11	10	526509227520
12	15	12	2	-226748160
12	15	12	4	-2720977920
12	15	12	6	-21427701120
12	15	12	8	24488801280
12	15	12	10	73466403840
12	15	12	14	-82649704320
12	15	13	0	-2519424
12	15	13	4	-453496320
12	15	13	6	-1360488960
12	15	13	8	3061100160
12	15	13	10	12244400640
12	15	13	12	-18366600960
