x	y	z	v	lambda	numerator	denominator
0	0	0	0	0	315	4096
0	0	0	1	0	1455	4096
0	0	0	2	0	4135	4096
0	0	0	3	0	5625	4096
0	0	0	4	0	5553	4096
0	0	0	5	0	-795	4096
0	0	0	6	0	45	4096
0	1	0	0	0	-4095	4096
0	1	0	1	0	-18915	4096
0	1	0	2	0	-53755	4096
0	1	0	3	0	-73125	4096
0	1	0	4	0	-72189	4096
0	1	0	5	0	10335	4096
0	1	0	6	0	-585	4096
0	2	0	0	0	12285	2048
0	2	0	1	0	56745	2048
0	2	0	2	0	161265	2048
0	2	0	3	0	219375	2048
0	2	0	4	0	216567	2048
0	2	0	5	0	-31005	2048
0	2	0	6	0	1755	2048
0	3	0	0	0	-43835	2048
0	3	0	0	1	355	4608
0	3	0	1	0	-50985	512
0	3	0	1	1	515	1024
0	3	0	2	0	-583405	2048
0	3	0	2	1	1945	2304
0	3	0	3	0	-398855	1024
0	3	0	3	1	8575	9216
0	3	0	4	0	-793749	2048
0	3	0	4	1	-215	1536
0	3	0	5	0	7105	128
0	3	0	5	1	5	1024
0	3	0	6	0	-6435	2048
0	3	1	0	0	1435	1536
0	3	1	0	1	-355	3072
0	3	1	1	0	4265	1024
0	3	1	1	1	-1545	2048
0	3	1	2	0	6065	768
0	3	1	2	1	-1945	1536
0	3	1	3	0	23215	3072
0	3	1	3	1	-8575	6144
0	3	1	4	0	-335	512
0	3	1	4	1	215	1024
0	3	1	5	0	15	1024
0	3	1	5	1	-15	2048
0	3	2	0	0	1435	3072
0	3	2	1	0	4265	2048
0	3	2	2	0	6065	1536
0	3	2	3	0	23215	6144
0	3	2	4	0	-335	1024
0	3	2	5	0	15	2048
0	3	3	0	1	355	9216
0	3	3	1	1	515	2048
0	3	3	2	1	1945	4608
0	3	3	3	1	8575	18432
0	3	3	4	1	-215	3072
0	3	3	5	1	5	2048
0	4	0	0	0	205185	4096
0	4	0	0	1	-1195	2304
0	4	0	1	0	968985	4096
0	4	0	1	1	-47845	13824
0	4	0	2	0	2814685	4096
0	4	0	2	1	-19075	3456
0	4	0	3	0	3897035	4096
0	4	0	3	1	-37315	4608
0	4	0	4	0	3963795	4096
0	4	0	4	1	1055	768
0	4	0	5	0	-568325	4096
0	4	0	5	1	-25	512
0	4	0	6	0	32175	4096
0	4	1	0	0	-875	128
0	4	1	0	1	1195	1536
0	4	1	1	0	-47815	1536
0	4	1	1	1	47845	9216
0	4	1	2	0	-1915	32
0	4	1	2	1	19075	2304
0	4	1	3	0	-34665	512
0	4	1	3	1	37315	3072
0	4	1	4	0	2425	384
0	4	1	4	1	-1055	512
0	4	1	5	0	-75	512
0	4	1	5	1	75	1024
0	4	2	0	0	-7285	2304
0	4	2	1	0	-133805	9216
0	4	2	2	0	-7745	288
0	4	2	3	0	-310685	9216
0	4	2	4	0	2395	768
0	4	2	5	0	-75	1024
0	4	3	0	0	295	1152
0	4	3	0	1	-1195	4608
0	4	3	1	0	1205	1152
0	4	3	1	1	-47845	27648
0	4	3	2	0	1745	576
0	4	3	2	1	-19075	6912
0	4	3	3	0	325	2304
0	4	3	3	1	-37315	9216
0	4	3	4	0	-5	128
0	4	3	4	1	1055	1536
0	4	3	5	1	-25	1024
0	4	4	0	0	295	4608
0	4	4	1	0	1205	4608
0	4	4	2	0	1745	2304
0	4	4	3	0	325	9216
0	4	4	4	0	-5	512
0	5	0	0	0	-326685	4096
0	5	0	0	1	395	216
0	5	0	1	0	-1586895	4096
0	5	0	1	1	335005	27648
0	5	0	2	0	-4741585	4096
0	5	0	2	1	1095	64
0	5	0	3	0	-6713545	4096
0	5	0	3	1	99805	3072
0	5	0	4	0	-7116951	4096
0	5	0	4	1	-195	32
0	5	0	5	0	1022715	4096
0	5	0	5	1	225	1024
0	5	0	6	0	-57915	4096
0	5	1	0	0	13025	512
0	5	1	0	1	-18005	6912
0	5	1	1	0	352975	3072
0	5	1	1	1	-941975	55296
0	5	1	2	0	54935	256
0	5	1	2	1	-42365	1728
0	5	1	3	0	282625	1024
0	5	1	3	1	-897365	18432
0	5	1	4	0	-42205	1536
0	5	1	4	1	7015	768
0	5	1	5	0	675	1024
0	5	1	5	1	-675	2048
0	5	2	0	0	112925	9216
0	5	2	0	1	-955	6912
0	5	2	1	0	1044125	18432
0	5	2	1	1	-985	864
0	5	2	2	0	421915	4608
0	5	2	2	1	-3965	3456
0	5	2	3	0	2523025	18432
0	5	2	3	1	-55	1152
0	5	2	4	0	-41185	3072
0	5	2	4	1	5	768
0	5	2	5	0	675	2048
0	5	3	0	0	-1075	2304
0	5	3	0	1	22415	27648
0	5	3	1	0	-925	1152
0	5	3	1	1	287725	55296
0	5	3	2	0	-18125	1152
0	5	3	2	1	35455	4608
0	5	3	3	0	-2575	2304
0	5	3	3	1	33195	2048
0	5	3	4	0	85	256
0	5	3	4	1	-3115	1024
0	5	3	5	1	225	2048
0	5	4	0	0	-1075	9216
0	5	4	0	1	955	13824
0	5	4	1	0	-925	4608
0	5	4	1	1	985	1728
0	5	4	2	0	-18125	4608
0	5	4	2	1	3965	6912
0	5	4	3	0	-2575	9216
0	5	4	3	1	55	2304
0	5	4	4	0	85	1024
0	5	4	4	1	-5	1536
0	5	5	0	1	955	27648
0	5	5	1	1	985	3456
0	5	5	2	1	3965	13824
0	5	5	3	1	55	4608
0	5	5	4	1	-5	3072
0	6	0	0	0	88685	1024
0	6	0	0	1	-3365	864
0	6	0	0	2	1045	15552
0	6	0	1	0	452925	1024
0	6	0	1	1	-635	24
0	6	0	1	2	1975	10368
0	6	0	2	0	1420085	1024
0	6	0	2	1	-28765	864
0	6	0	2	2	605	1728
0	6	0	3	0	2085475	1024
0	6	0	3	1	-182845	2304
0	6	0	3	2	-25	768
0	6	0	4	0	2362317	1024
0	6	0	4	1	515	32
0	6	0	5	0	-340755	1024
0	6	0	5	1	-75	128
0	6	0	6	0	19305	1024
0	6	1	0	0	-43675	768
0	6	1	0	1	395	64
0	6	1	0	2	-1045	5184
0	6	1	1	0	-16585	64
0	6	1	1	1	192425	5184
0	6	1	1	2	-1975	3456
0	6	1	2	0	-121335	256
0	6	1	2	1	27125	576
0	6	1	2	2	-605	576
0	6	1	3	0	-1035625	1536
0	6	1	3	1	545515	4608
0	6	1	3	2	25	256
0	6	1	4	0	6815	96
0	6	1	4	1	-4625	192
0	6	1	5	0	-225	128
0	6	1	5	1	225	256
0	6	2	0	0	-38735	1536
0	6	2	0	1	-95	288
0	6	2	0	2	1045	6912
0	6	2	1	0	-24325	192
0	6	2	1	1	13315	5184
0	6	2	1	2	1975	4608
0	6	2	2	0	-882275	4608
0	6	2	2	1	205	72
0	6	2	2	2	605	768
0	6	2	3	0	-3075115	9216
0	6	2	3	1	755	1152
0	6	2	3	2	-75	1024
0	6	2	4	0	6575	192
0	6	2	4	1	-5	96
0	6	2	5	0	-225	256
0	6	3	0	0	11905	3456
0	6	3	0	1	-7585	3456
0	6	3	0	2	1045	15552
0	6	3	1	0	1705	384
0	6	3	1	1	-78125	6912
0	6	3	1	2	1975	10368
0	6	3	2	0	157315	3456
0	6	3	2	1	-25075	1728
0	6	3	2	2	605	1728
0	6	3	3	0	4015	1152
0	6	3	3	1	-45145	1152
0	6	3	3	2	-25	768
0	6	3	4	0	-5	4
0	6	3	4	1	1025	128
0	6	3	5	1	-75	256
0	6	4	0	0	5285	4608
0	6	4	0	1	95	576
0	6	4	0	2	-1045	10368
0	6	4	1	0	4705	1536
0	6	4	1	1	-13315	10368
0	6	4	1	2	-1975	6912
0	6	4	2	0	17485	1536
0	6	4	2	1	-205	144
0	6	4	2	2	-605	1152
0	6	4	3	0	265	288
0	6	4	3	1	-755	2304
0	6	4	3	2	25	512
0	6	4	4	0	-5	16
0	6	4	4	1	5	192
0	6	5	0	0	395	2304
0	6	5	0	1	95	1152
0	6	5	1	0	75	64
0	6	5	1	1	-13315	20736
0	6	5	2	0	5	2304
0	6	5	2	1	-205	288
0	6	5	3	0	15	512
0	6	5	3	1	-755	4608
0	6	5	4	1	5	384
0	6	6	0	0	395	13824
0	6	6	0	2	1045	62208
0	6	6	1	0	25	128
0	6	6	1	2	1975	41472
0	6	6	2	0	5	13824
0	6	6	2	2	605	6912
0	6	6	3	0	5	1024
0	6	6	3	2	-25	3072
0	7	0	0	0	-3975	64
0	7	0	0	1	73505	13824
0	7	0	0	2	-1415	5184
0	7	0	1	0	-711115	2048
0	7	0	1	1	348865	9216
0	7	0	1	2	-2015	3456
0	7	0	2	0	-603715	512
0	7	0	2	1	611435	13824
0	7	0	2	2	-3305	1728
0	7	0	3	0	-7514245	4096
0	7	0	3	1	803915	6144
0	7	0	3	2	175	768
0	7	0	4	0	-2347167	1024
0	7	0	4	1	-7175	256
0	7	0	5	0	170265	512
0	7	0	5	1	525	512
0	7	0	6	0	-19305	1024
0	7	1	0	0	41545	512
0	7	1	0	1	-853985	82944
0	7	1	0	2	1415	1728
0	7	1	1	0	1163875	3072
0	7	1	1	1	-9355315	165888
0	7	1	1	2	2015	1152
0	7	1	2	0	357795	512
0	7	1	2	1	-654995	9216
0	7	1	2	2	3305	576
0	7	1	3	0	2237705	2048
0	7	1	3	1	-2371865	12288
0	7	1	3	2	-175	256
0	7	1	4	0	-92645	768
0	7	1	4	1	64295	1536
0	7	1	5	0	1575	512
0	7	1	5	1	-1575	1024
0	7	2	0	0	267725	9216
0	7	2	0	1	20305	7776
0	7	2	0	2	-1415	2304
0	7	2	1	0	3039605	18432
0	7	2	1	1	2035	3456
0	7	2	1	2	-2015	1536
0	7	2	2	0	2240935	9216
0	7	2	2	1	8345	1728
0	7	2	2	2	-3305	768
0	7	2	3	0	19966805	36864
0	7	2	3	1	-2495	768
0	7	2	3	2	525	1024
0	7	2	4	0	-88445	1536
0	7	2	4	1	35	192
0	7	2	5	0	1575	1024
0	7	3	0	0	-8125	768
0	7	3	0	1	1058315	248832
0	7	3	0	2	-1415	5184
0	7	3	1	0	-364105	13824
0	7	3	1	1	3010895	165888
0	7	3	1	2	-2015	3456
0	7	3	2	0	-730625	6912
0	7	3	2	1	708025	27648
0	7	3	2	2	-3305	1728
0	7	3	3	0	-45745	9216
0	7	3	3	1	774025	12288
0	7	3	3	2	175	768
0	7	3	4	0	175	64
0	7	3	4	1	-7105	512
0	7	3	5	1	525	1024
0	7	4	0	0	-13525	9216
0	7	4	0	1	-189605	124416
0	7	4	0	2	1415	3456
0	7	4	1	0	-54395	6144
0	7	4	1	1	-28355	27648
0	7	4	1	2	2015	2304
0	7	4	2	0	-79075	3072
0	7	4	2	1	-34445	13824
0	7	4	2	2	3305	1152
0	7	4	3	0	-58795	36864
0	7	4	3	1	9995	6144
0	7	4	3	2	-175	512
0	7	4	4	0	175	256
0	7	4	4	1	-35	384
0	7	5	0	0	1085	1536
0	7	5	0	1	-135275	248832
0	7	5	1	0	-12545	9216
0	7	5	1	1	4025	18432
0	7	5	2	0	1895	4608
0	7	5	2	1	-32315	27648
0	7	5	3	0	-435	2048
0	7	5	3	1	9965	12288
0	7	5	4	1	-35	768
0	7	6	0	0	1085	9216
0	7	6	0	1	9055	62208
0	7	6	0	2	-1415	20736
0	7	6	1	0	-12545	55296
0	7	6	1	1	20215	41472
0	7	6	1	2	-2015	13824
0	7	6	2	0	1895	27648
0	7	6	2	1	355	6912
0	7	6	2	2	-3305	6912
0	7	6	3	0	-145	4096
0	7	6	3	1	-5	3072
0	7	6	3	2	175	3072
0	7	7	0	1	9055	248832
0	7	7	1	1	20215	165888
0	7	7	2	1	355	27648
0	7	7	3	1	-5	12288
0	8	0	0	0	13735	512
0	8	0	0	1	-10805	2304
0	8	0	0	2	605	1152
0	8	0	1	0	366995	2048
0	8	0	1	1	-496405	13824
0	8	0	1	2	55	108
0	8	0	2	0	1425185	2048
0	8	0	2	1	-280085	6912
0	8	0	2	2	595	128
0	8	0	3	0	4856645	4096
0	8	0	3	1	-467005	3072
0	8	0	3	2	-175	256
0	8	0	4	0	6977031	4096
0	8	0	4	1	4305	128
0	8	0	5	0	-1020645	4096
0	8	0	5	1	-315	256
0	8	0	6	0	57915	4096
0	8	1	0	0	-113645	1536
0	8	1	0	1	168245	13824
0	8	1	0	2	-46015	31104
0	8	1	1	0	-46565	128
0	8	1	1	1	4783925	82944
0	8	1	1	2	-6865	5184
0	8	1	2	0	-1076315	1536
0	8	1	2	1	1243015	13824
0	8	1	2	2	-5345	384
0	8	1	3	0	-1255845	1024
0	8	1	3	1	4048525	18432
0	8	1	3	2	525	256
0	8	1	4	0	27055	192
0	8	1	4	1	-38465	768
0	8	1	5	0	-945	256
0	8	1	5	1	945	512
0	8	2	0	0	-41855	3072
0	8	2	0	1	-6445	1296
0	8	2	0	2	117115	124416
0	8	2	1	0	-185875	1536
0	8	2	1	1	-15395	2592
0	8	2	1	2	6605	10368
0	8	2	2	0	-1434515	9216
0	8	2	2	1	-25475	864
0	8	2	2	2	15965	1536
0	8	2	3	0	-11292905	18432
0	8	2	3	1	605	72
0	8	2	3	2	-1575	1024
0	8	2	4	0	25585	384
0	8	2	4	1	-35	96
0	8	2	5	0	-945	512
0	8	3	0	0	102745	4608
0	8	3	0	1	-260375	41472
0	8	3	0	2	12385	20736
0	8	3	1	0	780995	13824
0	8	3	1	1	-1638245	82944
0	8	3	1	2	1525	2304
0	8	3	2	0	884395	4608
0	8	3	2	1	-64415	1536
0	8	3	2	2	1195	256
0	8	3	3	0	6475	4608
0	8	3	3	1	-428435	6144
0	8	3	3	2	-175	256
0	8	3	4	0	-245	64
0	8	3	4	1	4235	256
0	8	3	5	1	-315	512
0	8	4	0	0	739165	165888
0	8	4	0	1	49025	20736
0	8	4	0	2	-72595	124416
0	8	4	1	0	477755	55296
0	8	4	1	1	189295	41472
0	8	4	1	2	-13745	41472
0	8	4	2	0	820175	18432
0	8	4	2	1	103715	6912
0	8	4	2	2	-10625	1536
0	8	4	3	0	26725	18432
0	8	4	3	1	-38855	9216
0	8	4	3	2	525	512
0	8	4	4	0	-245	256
0	8	4	4	1	35	192
0	8	5	0	0	-14965	41472
0	8	5	0	1	54095	41472
0	8	5	0	2	-1495	15552
0	8	5	1	0	-11375	3456
0	8	5	1	1	57025	82944
0	8	5	1	2	-1055	5184
0	8	5	2	0	-1075	512
0	8	5	2	1	100085	13824
0	8	5	2	2	-5	192
0	8	5	3	0	675	1024
0	8	5	3	1	-38585	18432
0	8	5	4	1	35	384
0	8	6	0	0	5485	27648
0	8	6	0	1	845	10368
0	8	6	0	2	2455	41472
0	8	6	1	0	-7595	13824
0	8	6	1	1	-22045	20736
0	8	6	1	2	-175	6912
0	8	6	2	0	-3295	9216
0	8	6	2	1	-605	3456
0	8	6	2	2	585	512
0	8	6	3	0	225	2048
0	8	6	3	1	5	512
0	8	6	3	2	-175	1024
0	8	7	0	0	4595	41472
0	8	7	0	1	845	41472
0	8	7	0	2	1495	62208
0	8	7	1	0	-5	13824
0	8	7	1	1	-22045	82944
0	8	7	1	2	1055	20736
0	8	7	2	0	-5	1536
0	8	7	2	1	-605	13824
0	8	7	2	2	5	768
0	8	7	3	1	5	2048
0	8	8	0	0	4595	331776
0	8	8	0	2	1495	124416
0	8	8	1	0	-5	110592
0	8	8	1	2	1055	41472
0	8	8	2	0	-5	12288
0	8	8	2	2	5	1536
0	9	0	0	0	-1365	256
0	9	0	0	1	17485	6912
0	9	0	0	2	-9475	15552
0	9	0	0	3	25	15552
0	9	0	1	0	-28075	512
0	9	0	1	1	611045	27648
0	9	0	1	2	1615	10368
0	9	0	1	3	245	5184
0	9	0	2	0	-554825	2048
0	9	0	2	1	57575	2304
0	9	0	2	2	-3845	576
0	9	0	2	3	-5	1728
0	9	0	3	0	-1094305	2048
0	9	0	3	1	2317735	18432
0	9	0	3	2	875	768
0	9	0	4	0	-3827595	4096
0	9	0	4	1	-3605	128
0	9	0	5	0	566325	4096
0	9	0	5	1	525	512
0	9	0	6	0	-32175	4096
0	9	1	0	0	2575	64
0	9	1	0	1	-428615	41472
0	9	1	0	2	8525	5184
0	9	1	0	3	-25	3456
0	9	1	1	0	686755	3072
0	9	1	1	1	-6396085	165888
0	9	1	1	2	-5945	10368
0	9	1	1	3	-245	1152
0	9	1	2	0	180965	384
0	9	1	2	1	-1269625	13824
0	9	1	2	2	3815	192
0	9	1	2	3	5	384
0	9	1	3	0	5926805	6144
0	9	1	3	1	-6480205	36864
0	9	1	3	2	-875	256
0	9	1	4	0	-88025	768
0	9	1	4	1	32095	768
0	9	1	5	0	1575	512
0	9	1	5	1	-1575	1024
0	9	2	0	0	-45815	4608
0	9	2	0	1	341435	62208
0	9	2	0	2	-18925	20736
0	9	2	0	3	25	2304
0	9	2	1	0	608705	18432
0	9	2	1	1	86005	10368
0	9	2	1	2	25535	41472
0	9	2	1	3	245	768
0	9	2	2	0	-70195	4608
0	9	2	2	1	376885	6912
0	9	2	2	2	-3745	256
0	9	2	2	3	-5	256
0	9	2	3	0	18053915	36864
0	9	2	3	1	-29675	2304
0	9	2	3	2	2625	1024
0	9	2	4	0	-82565	1536
0	9	2	4	1	175	384
0	9	2	5	0	1575	1024
0	9	3	0	0	-425945	13824
0	9	3	0	1	1689835	248832
0	9	3	0	2	-23225	31104
0	9	3	0	3	-125	41472
0	9	3	1	0	-112565	1728
0	9	3	1	1	753395	55296
0	9	3	1	2	395	5184
0	9	3	1	3	-1225	13824
0	9	3	2	0	-3390715	13824
0	9	3	2	1	1470545	27648
0	9	3	2	2	-7825	1152
0	9	3	2	3	25	4608
0	9	3	3	0	54425	9216
0	9	3	3	1	1963885	36864
0	9	3	3	2	875	768
0	9	3	4	0	455	128
0	9	3	4	1	-7035	512
0	9	3	5	1	525	1024
0	9	4	0	0	-1459075	165888
0	9	4	0	1	-243275	124416
0	9	4	0	2	3625	6912
0	9	4	0	3	-25	3456
0	9	4	1	0	15095	27648
0	9	4	1	1	-523795	82944
0	9	4	1	2	-595	1296
0	9	4	1	3	-245	1152
0	9	4	2	0	-333475	6144
0	9	4	2	1	-378625	13824
0	9	4	2	2	7435	768
0	9	4	2	3	5	384
0	9	4	3	0	-15325	36864
0	9	4	3	1	119375	18432
0	9	4	3	2	-875	512
0	9	4	4	0	455	512
0	9	4	4	1	-175	768
0	9	5	0	0	-9005	10368
0	9	5	0	1	-474995	248832
0	9	5	0	2	475	2592
0	9	5	0	3	25	4608
0	9	5	1	0	272185	27648
0	9	5	1	1	-155605	165888
0	9	5	1	2	275	2592
0	9	5	1	3	245	1536
0	9	5	2	0	9925	2304
0	9	5	2	1	-375505	27648
0	9	5	2	2	5	32
0	9	5	2	3	-5	512
0	9	5	3	0	-2325	2048
0	9	5	3	1	118025	36864
0	9	5	4	1	-175	1536
0	9	6	0	0	-165	512
0	9	6	0	1	-5945	10368
0	9	6	0	2	-925	62208
0	9	6	0	3	25	20736
0	9	6	1	0	79015	55296
0	9	6	1	1	20215	13824
0	9	6	1	2	4915	41472
0	9	6	1	3	245	6912
0	9	6	2	0	5435	6912
0	9	6	2	1	275	3456
0	9	6	2	2	-3575	2304
0	9	6	2	3	-5	2304
0	9	6	3	0	-775	4096
0	9	6	3	1	-25	1024
0	9	6	3	2	875	3072
0	9	7	0	0	-3155	41472
0	9	7	0	1	-19445	248832
0	9	7	0	2	-475	10368
0	9	7	0	3	-25	13824
0	9	7	1	0	-1255	13824
0	9	7	1	1	18895	55296
0	9	7	1	2	-275	10368
0	9	7	1	3	-245	4608
0	9	7	2	0	15	512
0	9	7	2	1	715	27648
0	9	7	2	2	-5	128
0	9	7	2	3	5	1536
0	9	7	3	1	-25	4096
0	9	8	0	0	-3155	331776
0	9	8	0	1	1475	41472
0	9	8	0	2	-475	20736
0	9	8	1	0	-1255	110592
0	9	8	1	1	-5	384
0	9	8	1	2	-275	20736
0	9	8	2	0	15	4096
0	9	8	2	1	5	1536
0	9	8	2	2	-5	256
0	9	9	0	1	1475	248832
0	9	9	0	3	25	124416
0	9	9	1	1	-5	2304
0	9	9	1	3	245	41472
0	9	9	2	1	5	9216
0	9	9	2	3	-5	13824
0	10	0	0	1	-2245	3456
0	10	0	0	2	13285	31104
0	10	0	0	3	55	3888
0	10	0	1	0	7725	1024
0	10	0	1	1	-27985	3456
0	10	0	1	2	-415	768
0	10	0	1	3	-205	1296
0	10	0	2	0	63965	1024
0	10	0	2	1	-8545	864
0	10	0	2	2	895	144
0	10	0	2	3	5	432
0	10	0	3	0	324685	2048
0	10	0	3	1	-111965	1536
0	10	0	3	2	-875	768
0	10	0	4	0	752799	2048
0	10	0	4	1	65	4
0	10	0	5	0	-113085	2048
0	10	0	5	1	-75	128
0	10	0	6	0	6435	2048
0	10	1	0	0	-2575	256
0	10	1	0	1	41695	6912
0	10	1	0	2	-32375	31104
0	10	1	0	3	-55	864
0	10	1	1	0	-123365	1536
0	10	1	1	1	341495	20736
0	10	1	1	2	11675	20736
0	10	1	1	3	205	288
0	10	1	2	0	-13005	64
0	10	1	2	1	15305	216
0	10	1	2	2	-585	32
0	10	1	2	3	-5	96
0	10	1	3	0	-134275	256
0	10	1	3	1	298615	3072
0	10	1	3	2	875	256
0	10	1	4	0	6155	96
0	10	1	4	1	-2305	96
0	10	1	5	0	-225	128
0	10	1	5	1	225	256
0	10	2	0	0	86495	4608
0	10	2	0	1	-1145	288
0	10	2	0	2	48365	124416
0	10	2	0	3	55	576
0	10	2	1	0	198125	9216
0	10	2	1	1	-36925	3456
0	10	2	1	2	119275	82944
0	10	2	1	3	-205	192
0	10	2	2	0	29015	256
0	10	2	2	1	-95465	1728
0	10	2	2	2	1255	96
0	10	2	2	3	5	64
0	10	2	3	0	-1260125	4608
0	10	2	3	1	4685	384
0	10	2	3	2	-2625	1024
0	10	2	4	0	5735	192
0	10	2	4	1	-35	96
0	10	2	5	0	-225	256
0	10	3	0	0	56755	2304
0	10	3	0	1	-95015	20736
0	10	3	0	2	17095	31104
0	10	3	0	3	-275	10368
0	10	3	1	0	93035	2304
0	10	3	1	1	-162995	41472
0	10	3	1	2	-2335	1728
0	10	3	1	3	1025	3456
0	10	3	2	0	1446995	6912
0	10	3	2	1	-327515	6912
0	10	3	2	2	7475	1152
0	10	3	2	3	-25	1152
0	10	3	3	0	-22225	2304
0	10	3	3	1	-28035	1024
0	10	3	3	2	-875	768
0	10	3	4	0	-35	16
0	10	3	4	1	1005	128
0	10	3	5	1	-75	256
0	10	4	0	0	209665	27648
0	10	4	0	1	1355	1152
0	10	4	0	2	-8965	62208
0	10	4	0	3	-55	864
0	10	4	1	0	-1302145	82944
0	10	4	1	1	69905	6912
0	10	4	1	2	-29905	20736
0	10	4	1	3	205	288
0	10	4	2	0	416305	9216
0	10	4	2	1	93455	3456
0	10	4	2	2	-6565	768
0	10	4	2	3	-5	96
0	10	4	3	0	-4225	9216
0	10	4	3	1	-9445	1536
0	10	4	3	2	875	512
0	10	4	4	0	-35	64
0	10	4	4	1	35	192
0	10	5	0	0	21385	15552
0	10	5	0	1	8875	6912
0	10	5	0	2	-2615	15552
0	10	5	0	3	55	1152
0	10	5	1	0	-297785	20736
0	10	5	1	1	25	1536
0	10	5	1	2	11195	10368
0	10	5	1	3	-205	384
0	10	5	2	0	-5225	1152
0	10	5	2	1	97835	6912
0	10	5	2	2	-35	96
0	10	5	2	3	5	128
0	10	5	3	0	75	64
0	10	5	3	1	-9295	3072
0	10	5	4	1	35	384
0	10	6	0	0	39655	62208
0	10	6	0	1	2605	5184
0	10	6	0	2	-4465	62208
0	10	6	0	3	55	5184
0	10	6	1	0	-6785	4608
0	10	6	1	1	-16955	5184
0	10	6	1	2	4555	6912
0	10	6	1	3	-205	1728
0	10	6	2	0	-3295	3456
0	10	6	2	1	175	432
0	10	6	2	2	1475	1152
0	10	6	2	3	5	576
0	10	6	3	0	25	128
0	10	6	3	1	25	768
0	10	6	3	2	-875	3072
0	10	7	0	0	9325	62208
0	10	7	0	1	1235	6912
0	10	7	0	2	745	31104
0	10	7	0	3	-55	3456
0	10	7	1	0	8005	20736
0	10	7	1	1	-28795	41472
0	10	7	1	2	-2855	10368
0	10	7	1	3	205	1152
0	10	7	2	0	-65	768
0	10	7	2	1	535	6912
0	10	7	2	2	35	384
0	10	7	2	3	-5	384
0	10	7	3	1	25	3072
0	10	8	0	0	1525	497664
0	10	8	0	1	25	864
0	10	8	0	2	1645	62208
0	10	8	1	0	7105	165888
0	10	8	1	1	155	2304
0	10	8	1	2	-2765	20736
0	10	8	2	0	-65	6144
0	10	8	2	1	-5	384
0	10	8	2	2	35	768
0	10	9	0	0	-325	62208
0	10	9	0	1	25	5184
0	10	9	0	2	25	3456
0	10	9	0	3	55	31104
0	10	9	1	0	-25	13824
0	10	9	1	1	155	13824
0	10	9	1	2	5	2304
0	10	9	1	3	-205	10368
0	10	9	2	1	-5	2304
0	10	9	2	3	5	3456
0	10	10	0	0	-65	124416
0	10	10	0	2	25	13824
0	10	10	1	0	-5	27648
0	10	10	1	2	5	9216
0	11	0	0	2	-2135	15552
0	11	0	0	3	-185	5184
0	11	0	1	1	2075	1536
0	11	0	1	2	1205	3456
0	11	0	1	3	2195	10368
0	11	0	2	0	-825	128
0	11	0	2	1	31765	13824
0	11	0	2	2	-2155	576
0	11	0	2	3	-5	288
0	11	0	3	0	-112975	4096
0	11	0	3	1	57865	2048
0	11	0	3	2	175	256
0	11	0	4	0	-200877	2048
0	11	0	4	1	-3165	512
0	11	0	5	0	7695	512
0	11	0	5	1	225	1024
0	11	0	6	0	-1755	2048
0	11	1	0	1	-2075	1152
0	11	1	0	2	2345	15552
0	11	1	0	3	5215	31104
0	11	1	1	0	825	64
0	11	1	1	1	-348995	82944
0	11	1	1	2	1135	1152
0	11	1	1	3	-6565	6912
0	11	1	2	0	77975	1536
0	11	1	2	1	-117175	3072
0	11	1	2	2	2075	192
0	11	1	2	3	5	64
0	11	1	3	0	386125	2048
0	11	1	3	1	-1304395	36864
0	11	1	3	2	-525	256
0	11	1	4	0	-36265	1536
0	11	1	4	1	27925	3072
0	11	1	5	0	675	1024
0	11	1	5	1	-675	2048
0	11	2	0	0	-275	32
0	11	2	0	1	25595	15552
0	11	2	0	2	23305	62208
0	11	2	0	3	-16745	62208
0	11	2	1	0	-11025	512
0	11	2	1	1	243445	20736
0	11	2	1	2	-6595	1536
0	11	2	1	3	19595	13824
0	11	2	2	0	-282385	3072
0	11	2	2	1	115165	3456
0	11	2	2	2	-5665	768
0	11	2	2	3	-15	128
0	11	2	3	0	3766385	36864
0	11	2	3	1	-16235	2304
0	11	2	3	2	1575	1024
0	11	2	4	0	-33625	3072
0	11	2	4	1	35	192
0	11	2	5	0	675	2048
0	11	3	0	0	-21725	3456
0	11	3	0	1	60475	41472
0	11	3	0	2	-1535	3888
0	11	3	0	3	455	4608
0	11	3	1	0	-25415	4608
0	11	3	1	1	-2795	1024
0	11	3	1	2	3235	1728
0	11	3	1	3	-10615	27648
0	11	3	2	0	-21985	192
0	11	3	2	1	257215	9216
0	11	3	2	2	-2335	576
0	11	3	2	3	25	768
0	11	3	3	0	63905	9216
0	11	3	3	1	109405	12288
0	11	3	3	2	175	256
0	11	3	4	0	55	64
0	11	3	4	1	-3025	1024
0	11	3	5	1	225	2048
0	11	4	0	0	8225	6912
0	11	4	0	1	-29665	41472
0	11	4	0	2	-5665	15552
0	11	4	0	3	1775	10368
0	11	4	1	0	4222895	165888
0	11	4	1	1	-1081855	82944
0	11	4	1	2	2185	576
0	11	4	1	3	-2185	2304
0	11	4	2	0	-38255	1536
0	11	4	2	1	-216095	13824
0	11	4	2	2	605	128
0	11	4	2	3	5	64
0	11	4	3	0	19355	36864
0	11	4	3	1	65615	18432
0	11	4	3	2	-525	512
0	11	4	4	0	55	256
0	11	4	4	1	-35	384
0	11	5	0	0	185365	124416
0	11	5	0	1	-43015	82944
0	11	5	0	2	1315	3888
0	11	5	0	3	-3295	20736
0	11	5	1	0	1191545	82944
0	11	5	1	1	172475	165888
0	11	5	1	2	-65	32
0	11	5	1	3	805	1152
0	11	5	2	0	3905	1536
0	11	5	2	1	-246725	27648
0	11	5	2	2	5	12
0	11	5	2	3	-15	256
0	11	5	3	0	-1485	2048
0	11	5	3	1	64265	36864
0	11	5	4	1	-35	768
0	11	6	0	0	29075	248832
0	11	6	0	1	-4915	62208
0	11	6	0	2	10165	62208
0	11	6	0	3	-65	3456
0	11	6	1	0	17635	18432
0	11	6	1	1	203875	41472
0	11	6	1	2	-19855	13824
0	11	6	1	3	35	216
0	11	6	2	0	2095	3072
0	11	6	2	1	-4925	6912
0	11	6	2	2	-1435	2304
0	11	6	2	3	-5	384
0	11	6	3	0	-495	4096
0	11	6	3	1	-25	1024
0	11	6	3	2	175	1024
0	11	7	0	0	-3025	62208
0	11	7	0	1	2105	248832
0	11	7	0	2	-1615	15552
0	11	7	0	3	595	10368
0	11	7	1	0	-12595	20736
0	11	7	1	1	174625	165888
0	11	7	1	2	65	128
0	11	7	1	3	-355	1536
0	11	7	2	0	85	768
0	11	7	2	1	-3935	27648
0	11	7	2	2	-5	48
0	11	7	2	3	5	256
0	11	7	3	1	-25	4096
0	11	8	0	0	-625	497664
0	11	8	0	1	515	62208
0	11	8	0	2	-1135	31104
0	11	8	0	3	-55	10368
0	11	8	1	0	-11695	165888
0	11	8	1	1	-4115	41472
0	11	8	1	2	65	256
0	11	8	1	3	-5	2304
0	11	8	2	0	85	6144
0	11	8	2	1	5	256
0	11	8	2	2	-5	96
0	11	9	0	0	25	15552
0	11	9	0	1	-505	124416
0	11	9	0	2	5	648
0	11	9	0	3	-175	20736
0	11	9	1	0	25	13824
0	11	9	1	1	-1565	82944
0	11	9	1	3	515	20736
0	11	9	2	1	5	1536
0	11	9	2	3	-5	2304
0	11	10	0	0	5	31104
0	11	10	0	1	-35	15552
0	11	10	0	2	5	2592
0	11	10	0	3	55	62208
0	11	10	1	0	5	27648
0	11	10	1	1	-5	5184
0	11	10	1	3	5	13824
0	11	11	0	1	-35	124416
0	11	11	0	3	55	124416
0	11	11	1	1	-5	41472
0	11	11	1	3	5	27648
0	12	0	0	3	155	7776
0	12	0	0	4	5	1296
0	12	0	1	2	-1675	20736
0	12	0	1	3	-715	5184
0	12	0	2	1	-1705	6912
0	12	0	2	2	4565	3456
0	12	0	2	3	5	432
0	12	0	3	0	8595	4096
0	12	0	3	1	-60785	9216
0	12	0	3	2	-175	768
0	12	0	4	0	65109	4096
0	12	0	4	1	1075	768
0	12	0	5	0	-10235	4096
0	12	0	5	1	-25	512
0	12	0	6	0	585	4096
0	12	1	0	2	1675	15552
0	12	1	0	3	-245	5184
0	12	1	0	4	-5	216
0	12	1	1	1	1705	3456
0	12	1	1	2	-2855	2304
0	12	1	1	3	2125	3456
0	12	1	2	0	-2865	512
0	12	1	2	1	173755	13824
0	12	1	2	2	-4295	1152
0	12	1	2	3	-5	96
0	12	1	3	0	-41415	1024
0	12	1	3	1	140635	18432
0	12	1	3	2	175	256
0	12	1	4	0	1985	384
0	12	1	4	1	-3145	1536
0	12	1	5	0	-75	512
0	12	1	5	1	75	1024
0	12	2	0	1	-1705	5184
0	12	2	0	2	-1715	31104
0	12	2	0	3	-365	10368
0	12	2	0	4	5	96
0	12	2	1	0	2865	512
0	12	2	1	1	-3155	432
0	12	2	1	2	96655	27648
0	12	2	1	3	-6275	6912
0	12	2	2	0	105695	3072
0	12	2	2	1	-19555	1728
0	12	2	2	2	3665	1536
0	12	2	2	3	5	64
0	12	2	3	0	-425315	18432
0	12	2	3	1	1315	576
0	12	2	3	2	-525	1024
0	12	2	4	0	1835	768
0	12	2	4	1	-5	96
0	12	2	5	0	-75	1024
0	12	3	0	0	-955	384
0	12	3	0	1	24755	31104
0	12	3	0	2	-2455	6912
0	12	3	0	3	3185	20736
0	12	3	0	4	-115	2592
0	12	3	1	0	-37135	4608
0	12	3	1	1	130985	41472
0	12	3	1	2	-23635	20736
0	12	3	1	3	3215	13824
0	12	3	2	0	56285	1536
0	12	3	2	1	-134765	13824
0	12	3	2	2	10345	6912
0	12	3	2	3	-25	1152
0	12	3	3	0	-11615	4608
0	12	3	3	1	-29675	18432
0	12	3	3	2	-175	768
0	12	3	4	0	-25	128
0	12	3	4	1	1015	1536
0	12	3	5	1	-25	1024
0	12	4	0	0	-3335	1152
0	12	4	0	1	23015	62208
0	12	4	0	2	16595	124416
0	12	4	0	3	-5	192
0	12	4	0	4	-35	2304
0	12	4	1	0	-3030535	165888
0	12	4	1	1	363575	41472
0	12	4	1	2	-41665	13824
0	12	4	1	3	235	384
0	12	4	2	0	51145	6144
0	12	4	2	1	34535	6912
0	12	4	2	2	-6835	4608
0	12	4	2	3	-5	96
0	12	4	3	0	-3965	18432
0	12	4	3	1	-10655	9216
0	12	4	3	2	175	512
0	12	4	4	0	-25	512
0	12	4	4	1	5	192
0	12	5	0	0	-35285	124416
0	12	5	0	1	-125515	124416
0	12	5	0	2	3415	7776
0	12	5	0	3	-565	3456
0	12	5	0	4	5	96
0	12	5	1	0	-178465	20736
0	12	5	1	1	-75415	82944
0	12	5	1	2	4895	3456
0	12	5	1	3	-125	288
0	12	5	2	0	-355	512
0	12	5	2	1	44405	13824
0	12	5	2	2	-15	64
0	12	5	2	3	5	128
0	12	5	3	0	255	1024
0	12	5	3	1	-10385	18432
0	12	5	4	1	5	384
0	12	6	0	0	179375	248832
0	12	6	0	1	-13015	31104
0	12	6	0	2	-3515	41472
0	12	6	0	3	325	5184
0	12	6	0	4	-35	1728
0	12	6	1	0	-1085	2304
0	12	6	1	1	-72125	20736
0	12	6	1	2	45175	41472
0	12	6	1	3	-95	864
0	12	6	2	0	-845	3072
0	12	6	2	1	1585	3456
0	12	6	2	2	2135	13824
0	12	6	2	3	5	576
0	12	6	3	0	85	2048
0	12	6	3	1	5	512
0	12	6	3	2	-175	3072
0	12	7	0	0	24895	124416
0	12	7	0	1	45475	124416
0	12	7	0	2	-15605	62208
0	12	7	0	3	35	432
0	12	7	0	4	-5	288
0	12	7	1	0	17485	41472
0	12	7	1	1	-65645	82944
0	12	7	1	2	-2335	6912
0	12	7	1	3	325	2304
0	12	7	2	0	-35	512
0	12	7	2	1	1255	13824
0	12	7	2	2	15	256
0	12	7	2	3	-5	384
0	12	7	3	1	5	2048
0	12	8	0	0	-52025	995328
0	12	8	0	1	6965	31104
0	12	8	0	2	-485	124416
0	12	8	0	3	-55	1728
0	12	8	0	4	5	384
0	12	8	1	0	19285	331776
0	12	8	1	1	505	10368
0	12	8	1	2	-2515	13824
0	12	8	1	3	5	1152
0	12	8	2	0	-35	4096
0	12	8	2	1	-5	384
0	12	8	2	2	15	512
0	12	9	0	0	-2875	124416
0	12	9	0	1	775	62208
0	12	9	0	2	205	3456
0	12	9	0	3	-665	31104
0	12	9	0	4	5	2592
0	12	9	1	0	25	13824
0	12	9	1	1	265	20736
0	12	9	1	2	-5	768
0	12	9	1	3	-145	10368
0	12	9	2	1	-5	2304
0	12	9	2	3	5	3456
0	12	10	0	0	-245	248832
0	12	10	0	1	-5	486
0	12	10	0	2	55	4608
0	12	10	0	3	55	10368
0	12	10	0	4	-5	1728
0	12	10	1	0	5	27648
0	12	10	1	1	5	2592
0	12	10	1	2	-5	3072
0	12	10	1	3	-5	6912
0	12	11	0	0	5	13824
0	12	11	0	1	-5	3888
0	12	11	0	2	-5	3456
0	12	11	0	3	55	20736
0	12	11	1	1	5	20736
0	12	11	1	3	-5	13824
0	12	12	0	0	5	165888
0	12	12	0	2	-5	20736
0	12	12	0	4	5	20736
0	13	0	0	4	-5	1296
0	13	0	1	3	385	10368
0	13	0	2	2	-355	1728
0	13	0	2	3	-5	1728
0	13	0	3	1	12955	18432
0	13	0	3	2	25	768
0	13	0	4	0	-4833	4096
0	13	0	4	1	-55	384
0	13	0	5	0	785	4096
0	13	0	5	1	5	1024
0	13	0	6	0	-45	4096
0	13	1	0	3	-385	7776
0	13	1	0	4	5	216
0	13	1	1	2	355	864
0	13	1	1	3	-1135	6912
0	13	1	2	1	-12955	6912
0	13	1	2	2	325	576
0	13	1	2	3	5	384
0	13	1	3	0	8055	2048
0	13	1	3	1	-3025	4096
0	13	1	3	2	-25	256
0	13	1	4	0	-785	1536
0	13	1	4	1	5	24
0	13	1	5	0	15	1024
0	13	1	5	1	-15	2048
0	13	2	0	2	-355	1296
0	13	2	0	3	385	1944
0	13	2	0	4	-5	96
0	13	2	1	1	12955	6912
0	13	2	1	2	-1745	1728
0	13	2	1	3	3305	13824
0	13	2	2	0	-2685	512
0	13	2	2	1	3845	2304
0	13	2	2	2	-85	256
0	13	2	2	3	-5	256
0	13	2	3	0	88195	36864
0	13	2	3	1	-245	768
0	13	2	3	2	75	1024
0	13	2	4	0	-725	3072
0	13	2	4	1	5	768
0	13	2	5	0	15	2048
0	13	3	0	1	-12955	15552
0	13	3	0	2	5	9
0	13	3	0	3	-385	1728
0	13	3	0	4	115	2592
0	13	3	1	0	895	256
0	13	3	1	1	-39145	41472
0	13	3	1	2	35	128
0	13	3	1	3	-1565	27648
0	13	3	2	0	-2685	512
0	13	3	2	1	41945	27648
0	13	3	2	2	-845	3456
0	13	3	2	3	25	4608
0	13	3	3	0	3475	9216
0	13	3	3	1	4285	36864
0	13	3	3	2	25	768
0	13	3	4	0	5	256
0	13	3	4	1	-205	3072
0	13	3	5	1	5	2048
0	13	4	0	0	-895	768
0	13	4	0	1	65	1296
0	13	4	0	2	325	2592
0	13	4	0	3	-385	5184
0	13	4	0	4	35	2304
0	13	4	1	0	209635	41472
0	13	4	1	1	-194645	82944
0	13	4	1	2	5975	6912
0	13	4	1	3	-125	768
0	13	4	2	0	-7855	6144
0	13	4	2	1	-1045	1536
0	13	4	2	2	455	2304
0	13	4	2	3	5	384
0	13	4	3	0	1225	36864
0	13	4	3	1	995	6144
0	13	4	3	2	-25	512
0	13	4	4	0	5	1024
0	13	4	4	1	-5	1536
0	13	5	0	0	-69355	31104
0	13	5	0	1	4405	3456
0	13	5	0	2	-1805	2592
0	13	5	0	3	11165	41472
0	13	5	0	4	-5	96
0	13	5	1	0	185605	82944
0	13	5	1	1	40225	165888
0	13	5	1	2	-635	1728
0	13	5	1	3	505	4608
0	13	5	2	0	25	384
0	13	5	2	1	-4675	9216
0	13	5	2	2	5	96
0	13	5	2	3	-5	512
0	13	5	3	0	-75	2048
0	13	5	3	1	965	12288
0	13	5	4	1	-5	3072
0	13	6	0	0	-186325	124416
0	13	6	0	1	10615	31104
0	13	6	0	2	5	20736
0	13	6	0	3	-385	6912
0	13	6	0	4	35	1728
0	13	6	1	0	2555	18432
0	13	6	1	1	39245	41472
0	13	6	1	2	-1415	4608
0	13	6	1	3	215	6912
0	13	6	2	0	25	512
0	13	6	2	1	-185	1728
0	13	6	2	2	-85	6912
0	13	6	2	3	-5	2304
0	13	6	3	0	-25	4096
0	13	6	3	1	-5	3072
0	13	6	3	2	25	3072
0	13	7	0	0	-41815	124416
0	13	7	0	1	-44065	82944
0	13	7	0	2	3655	10368
0	13	7	0	3	-5005	41472
0	13	7	0	4	5	288
0	13	7	1	0	-4525	41472
0	13	7	1	1	39035	165888
0	13	7	1	2	35	432
0	13	7	1	3	-5	144
0	13	7	2	0	25	1536
0	13	7	2	1	-575	27648
0	13	7	2	2	-5	384
0	13	7	2	3	5	1536
0	13	7	3	1	-5	12288
0	13	8	0	0	45905	995328
0	13	8	0	1	-12305	41472
0	13	8	0	2	515	20736
0	13	8	0	3	385	10368
0	13	8	0	4	-5	384
0	13	8	1	0	-6325	331776
0	13	8	1	1	-155	41472
0	13	8	1	2	85	1728
0	13	8	1	3	-5	2304
0	13	8	2	0	25	12288
0	13	8	2	1	5	1536
0	13	8	2	2	-5	768
0	13	9	0	0	3325	124416
0	13	9	0	1	-4765	248832
0	13	9	0	2	-385	5184
0	13	9	0	3	385	13824
0	13	9	0	4	-5	2592
0	13	9	1	0	-25	13824
0	13	9	1	1	-245	82944
0	13	9	1	2	5	1152
0	13	9	1	3	125	41472
0	13	9	2	1	5	9216
0	13	9	2	3	-5	13824
0	13	10	0	0	335	248832
0	13	10	0	1	65	5184
0	13	10	0	2	-325	20736
0	13	10	0	3	-385	62208
0	13	10	0	4	5	1728
0	13	10	1	0	-5	27648
0	13	10	1	1	-5	5184
0	13	10	1	2	5	4608
0	13	10	1	3	5	13824
0	13	11	0	0	-5	13824
0	13	11	0	1	65	41472
0	13	11	0	2	5	3456
0	13	11	0	3	-385	124416
0	13	11	1	1	-5	41472
0	13	11	1	3	5	27648
0	13	12	0	0	-5	165888
0	13	12	0	2	5	20736
0	13	12	0	4	-5	20736
1	0	0	0	0	-1985	2048
1	0	0	1	0	-8775	2048
1	0	0	2	0	-26825	2048
1	0	0	3	0	-28765	2048
1	0	0	4	0	-37563	2048
1	0	0	5	0	6075	2048
1	0	0	6	0	-315	2048
1	1	0	0	0	12855	1024
1	1	0	1	0	57015	1024
1	1	0	2	0	173355	1024
1	1	0	3	0	189465	1024
1	1	0	4	0	242037	1024
1	1	0	5	0	-38835	1024
1	1	0	6	0	2025	1024
1	2	0	0	0	-76845	1024
1	2	0	1	0	-341955	1024
1	2	0	2	0	-1034085	1024
1	2	0	3	0	-1151745	1024
1	2	0	4	0	-1439487	1024
1	2	0	5	0	229095	1024
1	2	0	6	0	-12015	1024
1	3	0	0	0	2135	8
1	3	0	0	1	-1165	1152
1	3	0	1	0	614275	512
1	3	0	1	1	-15625	2304
1	3	0	2	0	465035	128
1	3	0	2	1	-4595	576
1	3	0	3	0	2119625	512
1	3	0	3	1	-29585	2304
1	3	0	4	0	81711	16
1	3	0	4	1	785	384
1	3	0	5	0	-412815	512
1	3	0	5	1	-15	256
1	3	0	6	0	5445	128
1	3	1	0	0	-1105	96
1	3	1	0	1	1165	768
1	3	1	1	0	-40285	768
1	3	1	1	1	15625	1536
1	3	1	2	0	-8425	96
1	3	1	2	1	4595	384
1	3	1	3	0	-73835	768
1	3	1	3	1	29585	1536
1	3	1	4	0	145	16
1	3	1	4	1	-785	256
1	3	1	5	0	-45	256
1	3	1	5	1	45	512
1	3	2	0	0	-1105	192
1	3	2	1	0	-40285	1536
1	3	2	2	0	-8425	192
1	3	2	3	0	-73835	1536
1	3	2	4	0	145	32
1	3	2	5	0	-45	512
1	3	3	0	1	-1165	2304
1	3	3	1	1	-15625	4608
1	3	3	2	1	-4595	1152
1	3	3	3	1	-29585	4608
1	3	3	4	1	785	768
1	3	3	5	1	-15	512
1	4	0	0	0	-1273975	2048
1	4	0	0	1	2695	432
1	4	0	1	0	-5830465	2048
1	4	0	1	1	158915	3456
1	4	0	2	0	-17851775	2048
1	4	0	2	1	20315	432
1	4	0	3	0	-20940735	2048
1	4	0	3	1	14455	128
1	4	0	4	0	-25885005	2048
1	4	0	4	1	-475	24
1	4	0	5	0	4055925	2048
1	4	0	5	1	75	128
1	4	0	6	0	-215325	2048
1	4	1	0	0	31685	384
1	4	1	0	1	-2695	288
1	4	1	1	0	50035	128
1	4	1	1	1	-158915	2304
1	4	1	2	0	42035	64
1	4	1	2	1	-20315	288
1	4	1	3	0	330935	384
1	4	1	3	1	-43365	256
1	4	1	4	0	-33215	384
1	4	1	4	1	475	16
1	4	1	5	0	225	128
1	4	1	5	1	-225	256
1	4	2	0	0	88075	2304
1	4	2	1	0	427495	2304
1	4	2	2	0	335935	1152
1	4	2	3	0	329105	768
1	4	2	4	0	-32795	768
1	4	2	5	0	225	256
1	4	3	0	0	-1745	576
1	4	3	0	1	2695	864
1	4	3	1	0	-5705	576
1	4	3	1	1	158915	6912
1	4	3	2	0	-10595	288
1	4	3	2	1	20315	864
1	4	3	3	0	-305	128
1	4	3	3	1	14455	256
1	4	3	4	0	35	64
1	4	3	4	1	-475	48
1	4	3	5	1	75	256
1	4	4	0	0	-1745	2304
1	4	4	1	0	-5705	2304
1	4	4	2	0	-10595	1152
1	4	4	3	0	-305	512
1	4	4	4	0	35	256
1	5	0	0	0	1009395	1024
1	5	0	0	1	-36355	1728
1	5	0	1	0	4763545	1024
1	5	0	1	1	-1102475	6912
1	5	0	2	0	14954415	1024
1	5	0	2	1	-224485	1728
1	5	0	3	0	18223155	1024
1	5	0	3	1	-116645	256
1	5	0	4	0	23033553	1024
1	5	0	4	1	2075	24
1	5	0	5	0	-3584925	1024
1	5	0	5	1	-675	256
1	5	0	6	0	191565	1024
1	5	1	0	0	-116425	384
1	5	1	0	1	103195	3456
1	5	1	1	0	-1104725	768
1	5	1	1	1	1040315	4608
1	5	1	2	0	-149675	64
1	5	1	2	1	628175	3456
1	5	1	3	0	-898555	256
1	5	1	3	1	3145895	4608
1	5	1	4	0	142795	384
1	5	1	4	1	-8295	64
1	5	1	5	0	-2025	256
1	5	1	5	1	2025	512
1	5	2	0	0	-37415	256
1	5	2	0	1	2935	1728
1	5	2	1	0	-3338255	4608
1	5	2	1	1	1295	96
1	5	2	2	0	-375425	384
1	5	2	2	1	1415	108
1	5	2	3	0	-8001235	4608
1	5	2	3	1	55	72
1	5	2	4	0	139255	768
1	5	2	4	1	-5	64
1	5	2	5	0	-2025	512
1	5	3	0	0	1045	192
1	5	3	0	1	-63905	6912
1	5	3	1	0	-1505	288
1	5	3	1	1	-962615	13824
1	5	3	2	0	575	3
1	5	3	2	1	-190525	3456
1	5	3	3	0	335	18
1	5	3	3	1	-349055	1536
1	5	3	4	0	-295	64
1	5	3	4	1	33155	768
1	5	3	5	1	-675	512
1	5	4	0	0	1045	768
1	5	4	0	1	-2935	3456
1	5	4	1	0	-1505	1152
1	5	4	1	1	-1295	192
1	5	4	2	0	575	12
1	5	4	2	1	-1415	216
1	5	4	3	0	335	72
1	5	4	3	1	-55	144
1	5	4	4	0	-295	256
1	5	4	4	1	5	128
1	5	5	0	1	-2935	6912
1	5	5	1	1	-1295	384
1	5	5	2	1	-1415	432
1	5	5	3	1	-55	288
1	5	5	4	1	5	256
1	6	0	0	0	-544845	512
1	6	0	0	1	75865	1728
1	6	0	0	2	-8785	7776
1	6	0	1	0	-2709995	512
1	6	0	1	1	600335	1728
1	6	0	1	2	-9725	5184
1	6	0	2	0	-8907025	512
1	6	0	2	1	395495	1728
1	6	0	2	2	-445	96
1	6	0	3	0	-11432905	512
1	6	0	3	1	640745	576
1	6	0	3	2	175	384
1	6	0	4	0	-15156177	512
1	6	0	4	1	-10775	48
1	6	0	5	0	2345985	512
1	6	0	5	1	225	32
1	6	0	6	0	-126225	512
1	6	1	0	0	258835	384
1	6	1	0	1	-748885	10368
1	6	1	0	2	8785	2592
1	6	1	1	0	621655	192
1	6	1	1	1	-5083555	10368
1	6	1	1	2	9725	1728
1	6	1	2	0	1982605	384
1	6	1	2	1	-1091225	3456
1	6	1	2	2	445	32
1	6	1	3	0	2189685	256
1	6	1	3	1	-1911275	1152
1	6	1	3	2	-175	128
1	6	1	4	0	-91055	96
1	6	1	4	1	10755	32
1	6	1	5	0	675	32
1	6	1	5	1	-675	64
1	6	2	0	0	226415	768
1	6	2	0	1	16525	2592
1	6	2	0	2	-8785	3456
1	6	2	1	0	1867655	1152
1	6	2	1	1	-79865	2592
1	6	2	1	2	-9725	2304
1	6	2	2	0	4661635	2304
1	6	2	2	1	-23815	864
1	6	2	2	2	-1335	128
1	6	2	3	0	19439245	4608
1	6	2	3	1	-685	72
1	6	2	3	2	525	512
1	6	2	4	0	-87755	192
1	6	2	4	1	5	8
1	6	2	5	0	675	64
1	6	3	0	0	-75095	1728
1	6	3	0	1	46195	1728
1	6	3	0	2	-8785	7776
1	6	3	1	0	-2965	192
1	6	3	1	1	28915	192
1	6	3	1	2	-9725	5184
1	6	3	2	0	-321455	576
1	6	3	2	1	162025	1728
1	6	3	2	2	-445	96
1	6	3	3	0	-33805	576
1	6	3	3	1	632525	1152
1	6	3	3	2	175	384
1	6	3	4	0	275	16
1	6	3	4	1	-5365	48
1	6	3	5	1	225	64
1	6	4	0	0	-28615	2304
1	6	4	0	1	-16525	5184
1	6	4	0	2	8785	5184
1	6	4	1	0	-60095	2304
1	6	4	1	1	79865	5184
1	6	4	1	2	9725	3456
1	6	4	2	0	-321005	2304
1	6	4	2	1	23815	1728
1	6	4	2	2	445	64
1	6	4	3	0	-8845	576
1	6	4	3	1	685	144
1	6	4	3	2	-175	256
1	6	4	4	0	275	64
1	6	4	4	1	-5	16
1	6	5	0	0	-1075	1152
1	6	5	0	1	-16525	10368
1	6	5	1	0	-40	3
1	6	5	1	1	79865	10368
1	6	5	2	0	15	128
1	6	5	2	1	23815	3456
1	6	5	3	0	-105	256
1	6	5	3	1	685	288
1	6	5	4	1	-5	32
1	6	6	0	0	-1075	6912
1	6	6	0	2	-8785	31104
1	6	6	1	0	-20	9
1	6	6	1	2	-9725	20736
1	6	6	2	0	5	256
1	6	6	2	2	-445	384
1	6	6	3	0	-35	512
1	6	6	3	2	175	1536
1	7	0	0	0	193975	256
1	7	0	0	1	-102625	1728
1	7	0	0	2	11075	2592
1	7	0	1	0	2117855	512
1	7	0	1	1	-3435535	6912
1	7	0	1	2	9505	2592
1	7	0	2	0	3764055	256
1	7	0	2	1	-55105	192
1	7	0	2	2	7505	288
1	7	0	3	0	20801535	1024
1	7	0	3	1	-932075	512
1	7	0	3	2	-25	8
1	7	0	4	0	3731403	128
1	7	0	4	1	73675	192
1	7	0	5	0	-1150785	256
1	7	0	5	1	-1575	128
1	7	0	6	0	31185	128
1	7	1	0	0	-122575	128
1	7	1	0	1	427915	3456
1	7	1	0	2	-11075	864
1	7	1	1	0	-3626485	768
1	7	1	1	1	10079125	13824
1	7	1	1	2	-9505	864
1	7	1	2	0	-2939065	384
1	7	1	2	1	1782115	3456
1	7	1	2	2	-7505	96
1	7	1	3	0	-21206245	1536
1	7	1	3	1	8250955	3072
1	7	1	3	2	75	8
1	7	1	4	0	152635	96
1	7	1	4	1	-73395	128
1	7	1	5	0	-4725	128
1	7	1	5	1	4725	256
1	7	2	0	0	-759755	2304
1	7	2	0	1	-49055	1296
1	7	2	0	2	11075	1152
1	7	2	1	0	-9824035	4608
1	7	2	1	1	14045	2592
1	7	2	1	2	9505	1152
1	7	2	2	0	-1930085	768
1	7	2	2	1	-9355	108
1	7	2	2	2	7505	128
1	7	2	3	0	-20940985	3072
1	7	2	3	1	8615	192
1	7	2	3	2	-225	32
1	7	2	4	0	145495	192
1	7	2	4	1	-35	16
1	7	2	5	0	-4725	256
1	7	3	0	0	232255	1728
1	7	3	0	1	-561805	10368
1	7	3	0	2	11075	2592
1	7	3	1	0	860795	3456
1	7	3	1	1	-9565915	41472
1	7	3	1	2	9505	2592
1	7	3	2	0	250535	192
1	7	3	2	1	-714115	3456
1	7	3	2	2	7505	288
1	7	3	3	0	23095	256
1	7	3	3	1	-897665	1024
1	7	3	3	2	-25	8
1	7	3	4	0	-595	16
1	7	3	4	1	73045	384
1	7	3	5	1	-1575	256
1	7	4	0	0	3915	256
1	7	4	0	1	55115	2592
1	7	4	0	2	-11075	1728
1	7	4	1	0	134105	1536
1	7	4	1	1	115465	20736
1	7	4	1	2	-9505	1728
1	7	4	2	0	241985	768
1	7	4	2	1	76745	1728
1	7	4	2	2	-7505	192
1	7	4	3	0	28045	1024
1	7	4	3	1	-34505	1536
1	7	4	3	2	75	16
1	7	4	4	0	-595	64
1	7	4	4	1	35	32
1	7	5	0	0	-12655	1152
1	7	5	0	1	42995	5184
1	7	5	1	0	34615	2304
1	7	5	1	1	-227825	41472
1	7	5	2	0	-855	128
1	7	5	2	1	72935	3456
1	7	5	3	0	1485	512
1	7	5	3	1	-34415	3072
1	7	5	4	1	35	64
1	7	6	0	0	-12655	6912
1	7	6	0	1	-505	324
1	7	6	0	2	11075	10368
1	7	6	1	0	34615	13824
1	7	6	1	1	-57215	10368
1	7	6	1	2	9505	10368
1	7	6	2	0	-285	256
1	7	6	2	1	-635	864
1	7	6	2	2	7505	1152
1	7	6	3	0	495	1024
1	7	6	3	1	5	256
1	7	6	3	2	-25	32
1	7	7	0	1	-505	1296
1	7	7	1	1	-57215	41472
1	7	7	2	1	-635	3456
1	7	7	3	1	5	1024
1	8	0	0	0	-83105	256
1	8	0	0	1	3775	72
1	8	0	0	2	-40625	5184
1	8	0	1	0	-2174165	1024
1	8	0	1	1	1626805	3456
1	8	0	1	2	7795	2592
1	8	0	2	0	-8828695	1024
1	8	0	2	1	225605	864
1	8	0	2	2	-12425	192
1	8	0	3	0	-27176775	2048
1	8	0	3	1	1601335	768
1	8	0	3	2	1175	128
1	8	0	4	0	-43970181	2048
1	8	0	4	1	-21665	48
1	8	0	5	0	6769845	2048
1	8	0	5	1	945	64
1	8	0	6	0	-369765	2048
1	8	1	0	0	222565	256
1	8	1	0	1	-96895	648
1	8	1	0	2	345695	15552
1	8	1	1	0	1155545	256
1	8	1	1	1	-4910855	6912
1	8	1	1	2	-305	27
1	8	1	2	0	5954125	768
1	8	1	2	1	-1394675	1728
1	8	1	2	2	37205	192
1	8	1	3	0	986385	64
1	8	1	3	1	-13896055	4608
1	8	1	3	2	-3525	128
1	8	1	4	0	-351505	192
1	8	1	4	1	21525	32
1	8	1	5	0	2835	64
1	8	1	5	1	-2835	128
1	8	2	0	0	648335	4608
1	8	2	0	1	86275	1296
1	8	2	0	2	-897575	62208
1	8	2	1	0	7462555	4608
1	8	2	1	1	18485	648
1	8	2	1	2	14345	1152
1	8	2	2	0	2238535	1536
1	8	2	2	1	181705	432
1	8	2	2	2	-111125	768
1	8	2	3	0	1104055	144
1	8	2	3	1	-32315	288
1	8	2	3	2	10575	512
1	8	2	4	0	-331765	384
1	8	2	4	1	35	8
1	8	2	5	0	2835	128
1	8	3	0	0	-1941665	6912
1	8	3	0	1	422675	5184
1	8	3	0	2	-10135	1152
1	8	3	1	0	-4045805	6912
1	8	3	1	1	4698805	20736
1	8	3	1	2	13495	10368
1	8	3	2	0	-608565	256
1	8	3	2	1	23735	54
1	8	3	2	2	-24955	384
1	8	3	3	0	-58525	1152
1	8	3	3	1	1472525	1536
1	8	3	3	2	1175	128
1	8	3	4	0	1645	32
1	8	3	4	1	-10675	48
1	8	3	5	1	945	128
1	8	4	0	0	-4638215	82944
1	8	4	0	1	-38945	1296
1	8	4	0	2	561845	62208
1	8	4	1	0	-249265	3072
1	8	4	1	1	-335455	10368
1	8	4	1	2	-64585	6912
1	8	4	2	0	-1664915	3072
1	8	4	2	1	-185065	864
1	8	4	2	2	73955	768
1	8	4	3	0	-126025	4608
1	8	4	3	1	129665	2304
1	8	4	3	2	-3525	256
1	8	4	4	0	1645	128
1	8	4	4	1	-35	16
1	8	5	0	0	118475	20736
1	8	5	0	1	-23665	1296
1	8	5	0	2	9965	7776
1	8	5	1	0	90275	2304
1	8	5	1	1	39695	20736
1	8	5	1	2	655	288
1	8	5	2	0	24215	768
1	8	5	2	1	-178345	1728
1	8	5	2	2	35	96
1	8	5	3	0	-1125	128
1	8	5	3	1	128855	4608
1	8	5	4	1	-35	32
1	8	6	0	0	-19915	13824
1	8	6	0	1	-2795	1296
1	8	6	0	2	-20695	20736
1	8	6	1	0	91045	13824
1	8	6	1	1	62525	5184
1	8	6	1	2	3185	1296
1	8	6	2	0	2745	512
1	8	6	2	1	70	27
1	8	6	2	2	-12215	768
1	8	6	3	0	-375	256
1	8	6	3	1	-15	128
1	8	6	3	2	1175	512
1	8	7	0	0	-21265	20736
1	8	7	0	1	-2795	5184
1	8	7	0	2	-9965	31104
1	8	7	1	0	55	2304
1	8	7	1	1	62525	20736
1	8	7	1	2	-655	1152
1	8	7	2	0	35	768
1	8	7	2	1	35	54
1	8	7	2	2	-35	384
1	8	7	3	1	-15	512
1	8	8	0	0	-21265	165888
1	8	8	0	2	-9965	62208
1	8	8	1	0	55	18432
1	8	8	1	2	-655	2304
1	8	8	2	0	35	6144
1	8	8	2	2	-35	768
1	9	0	0	0	1025	16
1	9	0	0	1	-49585	1728
1	9	0	0	2	17335	1944
1	9	0	0	3	115	3888
1	9	0	1	0	41335	64
1	9	0	1	1	-1991135	6912
1	9	0	1	2	-5915	432
1	9	0	1	3	-215	324
1	9	0	2	0	1706305	512
1	9	0	2	1	-290935	1728
1	9	0	2	2	1495	16
1	9	0	2	3	5	144
1	9	0	3	0	1549845	256
1	9	0	3	1	-7788005	4608
1	9	0	3	2	-2875	192
1	9	0	4	0	11951415	1024
1	9	0	4	1	35525	96
1	9	0	5	0	-1842525	1024
1	9	0	5	1	-1575	128
1	9	0	6	0	101475	1024
1	9	1	0	0	-30155	64
1	9	1	0	1	1352875	10368
1	9	1	0	2	-7805	324
1	9	1	0	3	-115	864
1	9	1	1	0	-2115605	768
1	9	1	1	1	18230015	41472
1	9	1	1	2	2215	54
1	9	1	1	3	215	72
1	9	1	2	0	-338485	64
1	9	1	2	1	127045	128
1	9	1	2	2	-13355	48
1	9	1	2	3	-5	32
1	9	1	3	0	-6164605	512
1	9	1	3	1	21825815	9216
1	9	1	3	2	2875	64
1	9	1	4	0	281645	192
1	9	1	4	1	-35175	64
1	9	1	5	0	-4725	128
1	9	1	5	1	4725	256
1	9	2	0	0	39325	288
1	9	2	0	1	-1106695	15552
1	9	2	0	2	11585	864
1	9	2	0	3	115	576
1	9	2	1	0	-802885	1536
1	9	2	1	1	-28645	648
1	9	2	1	2	-52985	1728
1	9	2	1	3	-215	48
1	9	2	2	0	1420	3
1	9	2	2	1	-142765	192
1	9	2	2	2	39365	192
1	9	2	2	3	15	64
1	9	2	3	0	-56102185	9216
1	9	2	3	1	96475	576
1	9	2	3	2	-8625	256
1	9	2	4	0	263585	384
1	9	2	4	1	-175	32
1	9	2	5	0	-4725	256
1	9	3	0	0	1328765	3456
1	9	3	0	1	-5545355	62208
1	9	3	0	2	84865	7776
1	9	3	0	3	-575	10368
1	9	3	1	0	1195285	1728
1	9	3	1	1	-5420975	41472
1	9	3	1	2	-23735	1728
1	9	3	1	3	1075	864
1	9	3	2	0	1166015	384
1	9	3	2	1	-4406345	6912
1	9	3	2	2	95	1
1	9	3	2	3	-25	384
1	9	3	3	0	-109735	2304
1	9	3	3	1	-6637055	9216
1	9	3	3	2	-2875	192
1	9	3	4	0	-1505	32
1	9	3	4	1	69475	384
1	9	3	5	1	-1575	256
1	9	4	0	0	4670135	41472
1	9	4	0	1	726865	31104
1	9	4	0	2	-40015	5184
1	9	4	0	3	-115	864
1	9	4	1	0	-24305	864
1	9	4	1	1	1029625	20736
1	9	4	1	2	70555	3456
1	9	4	1	3	215	72
1	9	4	2	0	336285	512
1	9	4	2	1	143795	384
1	9	4	2	2	-6515	48
1	9	4	2	3	-5	32
1	9	4	3	0	117515	9216
1	9	4	3	1	-387925	4608
1	9	4	3	2	2875	128
1	9	4	4	0	-1505	128
1	9	4	4	1	175	64
1	9	5	0	0	58925	5184
1	9	5	0	1	1586485	62208
1	9	5	0	2	-575	216
1	9	5	0	3	115	1152
1	9	5	1	0	-808775	6912
1	9	5	1	1	-147545	41472
1	9	5	1	2	25	432
1	9	5	1	3	-215	96
1	9	5	2	0	-5995	96
1	9	5	2	1	47285	256
1	9	5	2	2	-25	12
1	9	5	2	3	15	128
1	9	5	3	0	7575	512
1	9	5	3	1	-383875	9216
1	9	5	4	1	175	128
1	9	6	0	0	5395	1728
1	9	6	0	1	11245	1296
1	9	6	0	2	905	3888
1	9	6	0	3	115	5184
1	9	6	1	0	-227825	13824
1	9	6	1	1	-193315	10368
1	9	6	1	2	-365	108
1	9	6	1	3	-215	432
1	9	6	2	0	-1445	128
1	9	6	2	1	-125	72
1	9	6	2	2	1395	64
1	9	6	2	3	5	192
1	9	6	3	0	2525	1024
1	9	6	3	1	75	256
1	9	6	3	2	-2875	768
1	9	7	0	0	5455	10368
1	9	7	0	1	89125	62208
1	9	7	0	2	575	864
1	9	7	0	3	-115	3456
1	9	7	1	0	4475	3456
1	9	7	1	1	-177475	41472
1	9	7	1	2	-25	1728
1	9	7	1	3	215	288
1	9	7	2	0	-145	384
1	9	7	2	1	-1165	2304
1	9	7	2	2	25	48
1	9	7	2	3	-5	128
1	9	7	3	1	75	1024
1	9	8	0	0	5455	82944
1	9	8	0	1	-4165	10368
1	9	8	0	2	575	1728
1	9	8	1	0	4475	27648
1	9	8	1	1	5	24
1	9	8	1	2	-25	3456
1	9	8	2	0	-145	3072
1	9	8	2	1	-5	128
1	9	8	2	2	25	96
1	9	9	0	1	-4165	62208
1	9	9	0	3	115	31104
1	9	9	1	1	5	144
1	9	9	1	3	-215	2592
1	9	9	2	1	-5	768
1	9	9	2	3	5	1152
1	10	0	0	1	4345	576
1	10	0	0	2	-31675	5184
1	10	0	0	3	-245	648
1	10	0	1	0	-45225	512
1	10	0	1	1	940	9
1	10	0	1	2	147575	10368
1	10	0	1	3	2875	1296
1	10	0	2	0	-390265	512
1	10	0	2	1	127735	1728
1	10	0	2	2	-770	9
1	10	0	2	3	-5	36
1	10	0	3	0	-1867785	1024
1	10	0	3	1	366955	384
1	10	0	3	2	1875	128
1	10	0	4	0	-4657359	1024
1	10	0	4	1	-10025	48
1	10	0	5	0	721575	1024
1	10	0	5	1	225	32
1	10	0	6	0	-40095	1024
1	10	1	0	0	15075	128
1	10	1	0	1	-805495	10368
1	10	1	0	2	7985	576
1	10	1	0	3	245	144
1	10	1	1	0	753305	768
1	10	1	1	1	-443945	2592
1	10	1	1	2	-92395	3456
1	10	1	1	3	-2875	288
1	10	1	2	0	223075	96
1	10	1	2	1	-2939665	3456
1	10	1	2	2	12095	48
1	10	1	2	3	5	8
1	10	1	3	0	4987315	768
1	10	1	3	1	-982345	768
1	10	1	3	2	-5625	128
1	10	1	4	0	-77555	96
1	10	1	4	1	9885	32
1	10	1	5	0	675	32
1	10	1	5	1	-675	64
1	10	2	0	0	-535955	2304
1	10	2	0	1	125585	2592
1	10	2	0	2	-6715	2304
1	10	2	0	3	-245	96
1	10	2	1	0	-927905	4608
1	10	2	1	1	258415	2592
1	10	2	1	2	-110755	13824
1	10	2	1	3	2875	192
1	10	2	2	0	-1727335	1152
1	10	2	2	1	632075	864
1	10	2	2	2	-5785	32
1	10	2	2	3	-15	16
1	10	2	3	0	1727065	512
1	10	2	3	1	-7445	48
1	10	2	3	2	16875	512
1	10	2	4	0	-72095	192
1	10	2	4	1	35	8
1	10	2	5	0	675	64
1	10	3	0	0	-1056085	3456
1	10	3	0	1	20015	324
1	10	3	0	2	-45565	5184
1	10	3	0	3	1225	1728
1	10	3	1	0	-496355	1152
1	10	3	1	1	186095	10368
1	10	3	1	2	137125	5184
1	10	3	1	3	-14375	3456
1	10	3	2	0	-2973985	1152
1	10	3	2	1	257575	432
1	10	3	2	2	-51305	576
1	10	3	2	3	25	96
1	10	3	3	0	10205	96
1	10	3	3	1	278365	768
1	10	3	3	2	1875	128
1	10	3	4	0	455	16
1	10	3	4	1	-4855	48
1	10	3	5	1	225	64
1	10	4	0	0	-4062775	41472
1	10	4	0	1	-55895	5184
1	10	4	0	2	-185	1152
1	10	4	0	3	245	144
1	10	4	1	0	8595205	41472
1	10	4	1	1	-73655	648
1	10	4	1	2	455	36
1	10	4	1	3	-2875	288
1	10	4	2	0	-2505265	4608
1	10	4	2	1	-621515	1728
1	10	4	2	2	45455	384
1	10	4	2	3	5	8
1	10	4	3	0	1285	768
1	10	4	3	1	30005	384
1	10	4	3	2	-5625	256
1	10	4	4	0	455	64
1	10	4	4	1	-35	16
1	10	5	0	0	-47435	2592
1	10	5	0	1	-183755	10368
1	10	5	0	2	1045	288
1	10	5	0	3	-245	192
1	10	5	1	0	898795	5184
1	10	5	1	1	57085	5184
1	10	5	1	2	-28115	1728
1	10	5	1	3	2875	384
1	10	5	2	0	4095	64
1	10	5	2	1	-644795	3456
1	10	5	2	2	75	16
1	10	5	2	3	-15	32
1	10	5	3	0	-3825	256
1	10	5	3	1	29555	768
1	10	5	4	1	-35	32
1	10	6	0	0	-24895	3456
1	10	6	0	1	-11135	1296
1	10	6	0	2	18685	10368
1	10	6	0	3	-245	864
1	10	6	1	0	1025	64
1	10	6	1	1	113755	2592
1	10	6	1	2	-21835	2592
1	10	6	1	3	2875	1728
1	10	6	2	0	105	8
1	10	6	2	1	-925	216
1	10	6	2	2	-10295	576
1	10	6	2	3	-5	48
1	10	6	3	0	-1275	512
1	10	6	3	1	-25	64
1	10	6	3	2	1875	512
1	10	7	0	0	-15215	10368
1	10	7	0	1	-13775	5184
1	10	7	0	2	-1205	1728
1	10	7	0	3	245	576
1	10	7	1	0	-55975	10368
1	10	7	1	1	94615	10368
1	10	7	1	2	895	216
1	10	7	1	3	-2875	1152
1	10	7	2	0	135	128
1	10	7	2	1	-1355	1728
1	10	7	2	2	-75	64
1	10	7	2	3	5	32
1	10	7	3	1	-25	256
1	10	8	0	0	985	82944
1	10	8	0	1	-5	18
1	10	8	0	2	-595	1152
1	10	8	1	0	-49675	82944
1	10	8	1	1	-145	144
1	10	8	1	2	3475	1728
1	10	8	2	0	135	1024
1	10	8	2	1	5	32
1	10	8	2	2	-75	128
1	10	9	0	0	25	384
1	10	9	0	1	-5	108
1	10	9	0	2	-145	1728
1	10	9	0	3	-245	5184
1	10	9	1	0	175	6912
1	10	9	1	1	-145	864
1	10	9	1	2	-35	1152
1	10	9	1	3	2875	10368
1	10	9	2	1	5	192
1	10	9	2	3	-5	288
1	10	10	0	0	5	768
1	10	10	0	2	-145	6912
1	10	10	1	0	35	13824
1	10	10	1	2	-35	4608
1	11	0	0	2	1805	972
1	11	0	0	3	35	54
1	11	0	1	1	-4945	288
1	11	0	1	2	-33695	5184
1	11	0	1	3	-7495	2592
1	11	0	2	0	19945	256
1	11	0	2	1	-655	32
1	11	0	2	2	4765	96
1	11	0	2	3	5	24
1	11	0	3	0	331695	1024
1	11	0	3	1	-553145	1536
1	11	0	3	2	-275	32
1	11	0	4	0	153849	128
1	11	0	4	1	29825	384
1	11	0	5	0	-96255	512
1	11	0	5	1	-675	256
1	11	0	6	0	675	64
1	11	1	0	1	4945	216
1	11	1	0	2	-1525	1944
1	11	1	0	3	-2915	972
1	11	1	1	0	-19945	128
1	11	1	1	1	217775	5184
1	11	1	1	2	-13985	1728
1	11	1	1	3	7475	576
1	11	1	2	0	-228455	384
1	11	1	2	1	820705	1728
1	11	1	2	2	-13795	96
1	11	1	2	3	-15	16
1	11	1	3	0	-1184095	512
1	11	1	3	1	4174825	9216
1	11	1	3	2	825	32
1	11	1	4	0	28105	96
1	11	1	4	1	-29265	256
1	11	1	5	0	-2025	256
1	11	1	5	1	2025	512
1	11	2	0	0	19945	192
1	11	2	0	1	-8395	486
1	11	2	0	2	-15785	1944
1	11	2	0	3	9145	1944
1	11	2	1	0	190595	768
1	11	2	1	1	-725875	5184
1	11	2	1	2	375955	6912
1	11	2	1	3	-22325	1152
1	11	2	2	0	292855	256
1	11	2	2	1	-123305	288
1	11	2	2	2	37885	384
1	11	2	2	3	45	32
1	11	2	3	0	-11516315	9216
1	11	2	3	1	50555	576
1	11	2	3	2	-2475	128
1	11	2	4	0	26005	192
1	11	2	4	1	-35	16
1	11	2	5	0	-2025	512
1	11	3	0	0	45185	576
1	11	3	0	1	-655	32
1	11	3	0	2	47515	7776
1	11	3	0	3	-685	432
1	11	3	1	0	56515	1152
1	11	3	1	1	465455	10368
1	11	3	1	2	-141335	5184
1	11	3	1	3	36395	6912
1	11	3	2	0	269225	192
1	11	3	2	1	-1216825	3456
1	11	3	2	2	1285	24
1	11	3	2	3	-25	64
1	11	3	3	0	-187055	2304
1	11	3	3	1	-117725	1024
1	11	3	3	2	-275	32
1	11	3	4	0	-175	16
1	11	3	4	1	28565	768
1	11	3	5	1	-675	512
1	11	4	0	0	-75155	6912
1	11	4	0	1	11735	2592
1	11	4	0	2	117445	15552
1	11	4	0	3	-985	324
1	11	4	1	0	-13158935	41472
1	11	4	1	1	3377555	20736
1	11	4	1	2	-56335	1152
1	11	4	1	3	7465	576
1	11	4	2	0	229495	768
1	11	4	2	1	58175	288
1	11	4	2	2	-6085	96
1	11	4	2	3	-15	16
1	11	4	3	0	-48005	9216
1	11	4	3	1	-204245	4608
1	11	4	3	2	825	64
1	11	4	4	0	-175	64
1	11	4	4	1	35	32
1	11	5	0	0	-514285	31104
1	11	5	0	1	37385	5184
1	11	5	0	2	-21835	3888
1	11	5	0	3	3415	1296
1	11	5	1	0	-3616895	20736
1	11	5	1	1	-707575	41472
1	11	5	1	2	23915	864
1	11	5	1	3	-1225	128
1	11	5	2	0	-13375	384
1	11	5	2	1	10945	96
1	11	5	2	2	-125	24
1	11	5	2	3	45	64
1	11	5	3	0	4635	512
1	11	5	3	1	-200195	9216
1	11	5	4	1	35	64
1	11	6	0	0	-87335	62208
1	11	6	0	1	2815	972
1	11	6	0	2	-97865	31104
1	11	6	0	3	85	216
1	11	6	1	0	-45085	4608
1	11	6	1	1	-661955	10368
1	11	6	1	2	197735	10368
1	11	6	1	3	-3815	1728
1	11	6	2	0	-2295	256
1	11	6	2	1	7225	864
1	11	6	2	2	3265	384
1	11	6	2	3	5	32
1	11	6	3	0	1545	1024
1	11	6	3	1	75	256
1	11	6	3	2	-275	128
1	11	7	0	0	3635	7776
1	11	7	0	1	575	1944
1	11	7	0	2	6265	3888
1	11	7	0	3	-1205	1296
1	11	7	1	0	21065	2592
1	11	7	1	1	-555725	41472
1	11	7	1	2	-11995	1728
1	11	7	1	3	1825	576
1	11	7	2	0	-65	48
1	11	7	2	1	1435	864
1	11	7	2	2	125	96
1	11	7	2	3	-15	64
1	11	7	3	1	75	1024
1	11	8	0	0	-715	62208
1	11	8	0	1	-4675	31104
1	11	8	0	2	4975	7776
1	11	8	0	3	5	81
1	11	8	1	0	19265	20736
1	11	8	1	1	4955	3456
1	11	8	1	2	-11935	3456
1	11	8	1	3	5	192
1	11	8	2	0	-65	384
1	11	8	2	1	-15	64
1	11	8	2	2	125	192
1	11	9	0	0	-725	31104
1	11	9	0	1	2405	62208
1	11	9	0	2	-215	2592
1	11	9	0	3	55	432
1	11	9	1	0	-25	864
1	11	9	1	1	205	768
1	11	9	1	2	5	576
1	11	9	1	3	-3545	10368
1	11	9	2	1	-5	128
1	11	9	2	3	5	192
1	11	10	0	0	-145	62208
1	11	10	0	1	205	7776
1	11	10	0	2	-215	10368
1	11	10	0	3	-5	486
1	11	10	1	0	-5	1728
1	11	10	1	1	5	432
1	11	10	1	2	5	2304
1	11	10	1	3	-5	1152
1	11	11	0	1	205	62208
1	11	11	0	3	-5	972
1	11	11	1	1	5	3456
1	11	11	1	3	-5	2304
1	12	0	0	3	-1085	3888
1	12	0	0	4	-35	648
1	12	0	1	2	12025	10368
1	12	0	1	3	385	216
1	12	0	2	1	1205	432
1	12	0	2	2	-3205	192
1	12	0	2	3	-5	36
1	12	0	3	0	-52005	2048
1	12	0	3	1	187975	2304
1	12	0	3	2	1075	384
1	12	0	4	0	-394899	2048
1	12	0	4	1	-275	16
1	12	0	5	0	62715	2048
1	12	0	5	1	75	128
1	12	0	6	0	-3555	2048
1	12	1	0	2	-12025	7776
1	12	1	0	3	1715	2592
1	12	1	0	4	35	108
1	12	1	1	1	-1205	216
1	12	1	1	2	53255	3456
1	12	1	1	3	-1145	144
1	12	1	2	0	17335	256
1	12	1	2	1	-134245	864
1	12	1	2	2	9065	192
1	12	1	2	3	5	8
1	12	1	3	0	94265	192
1	12	1	3	1	-436445	4608
1	12	1	3	2	-1075	128
1	12	1	4	0	-24215	384
1	12	1	4	1	805	32
1	12	1	5	0	225	128
1	12	1	5	1	-225	256
1	12	2	0	1	1205	324
1	12	2	0	2	14585	15552
1	12	2	0	3	2555	5184
1	12	2	0	4	-35	48
1	12	2	1	0	-17335	256
1	12	2	1	1	26035	288
1	12	2	1	2	-204215	4608
1	12	2	1	3	3385	288
1	12	2	2	0	-1927955	4608
1	12	2	2	1	60755	432
1	12	2	2	2	-23345	768
1	12	2	2	3	-15	16
1	12	2	3	0	322135	1152
1	12	2	3	1	-8035	288
1	12	2	3	2	3225	512
1	12	2	4	0	-22355	768
1	12	2	4	1	5	8
1	12	2	5	0	225	256
1	12	3	0	0	17335	576
1	12	3	0	1	-19555	1944
1	12	3	0	2	615	128
1	12	3	0	3	-22295	10368
1	12	3	0	4	805	1296
1	12	3	1	0	75935	768
1	12	3	1	1	-69055	1728
1	12	3	1	2	152785	10368
1	12	3	1	3	-1745	576
1	12	3	2	0	-1024165	2304
1	12	3	2	1	208195	1728
1	12	3	2	2	-7235	384
1	12	3	2	3	25	96
1	12	3	3	0	8665	288
1	12	3	3	1	92905	4608
1	12	3	3	2	1075	384
1	12	3	4	0	155	64
1	12	3	4	1	-65	8
1	12	3	5	1	75	256
1	12	4	0	0	179285	5184
1	12	4	0	1	-15835	3888
1	12	4	0	2	-123425	62208
1	12	4	0	3	35	96
1	12	4	0	4	245	1152
1	12	4	1	0	18457625	82944
1	12	4	1	1	-376385	3456
1	12	4	1	2	264395	6912
1	12	4	1	3	-95	12
1	12	4	2	0	-919825	9216
1	12	4	2	1	-53915	864
1	12	4	2	2	14555	768
1	12	4	2	3	5	8
1	12	4	3	0	2815	1152
1	12	4	3	1	32545	2304
1	12	4	3	2	-1075	256
1	12	4	4	0	155	256
1	12	4	4	1	-5	16
1	12	5	0	0	164915	62208
1	12	5	0	1	101495	7776
1	12	5	0	2	-2885	486
1	12	5	0	3	3955	1728
1	12	5	0	4	-35	48
1	12	5	1	0	2157325	20736
1	12	5	1	1	81325	6912
1	12	5	1	2	-3485	192
1	12	5	1	3	2165	384
1	12	5	2	0	6995	768
1	12	5	2	1	-68675	1728
1	12	5	2	2	275	96
1	12	5	2	3	-15	32
1	12	5	3	0	-195	64
1	12	5	3	1	31735	4608
1	12	5	4	1	-5	32
1	12	6	0	0	-1133465	124416
1	12	6	0	1	9905	1944
1	12	6	0	2	25295	20736
1	12	6	0	3	-2275	2592
1	12	6	0	4	245	864
1	12	6	1	0	23245	4608
1	12	6	1	1	75025	1728
1	12	6	1	2	-287365	20736
1	12	6	1	3	815	576
1	12	6	2	0	1765	512
1	12	6	2	1	-395	72
1	12	6	2	2	-1555	768
1	12	6	2	3	-5	48
1	12	6	3	0	-65	128
1	12	6	3	1	-15	128
1	12	6	3	2	1075	1536
1	12	7	0	0	-147265	62208
1	12	7	0	1	-18925	3888
1	12	7	0	2	106235	31104
1	12	7	0	3	-245	216
1	12	7	0	4	35	144
1	12	7	1	0	-111065	20736
1	12	7	1	1	22445	2304
1	12	7	1	2	5015	1152
1	12	7	1	3	-235	128
1	12	7	2	0	635	768
1	12	7	2	1	-625	576
1	12	7	2	2	-275	384
1	12	7	2	3	5	32
1	12	7	3	1	-15	512
1	12	8	0	0	365975	497664
1	12	8	0	1	-11255	3888
1	12	8	0	2	2555	62208
1	12	8	0	3	385	864
1	12	8	0	4	-35	192
1	12	8	1	0	-120065	165888
1	12	8	1	1	-1175	1728
1	12	8	1	2	595	256
1	12	8	1	3	-5	96
1	12	8	2	0	635	6144
1	12	8	2	1	5	32
1	12	8	2	2	-275	768
1	12	9	0	0	19075	62208
1	12	9	0	1	-1045	7776
1	12	9	0	2	-1405	1728
1	12	9	0	3	4655	15552
1	12	9	0	4	-35	1296
1	12	9	1	0	-125	6912
1	12	9	1	1	-65	384
1	12	9	1	2	85	1152
1	12	9	1	3	635	3456
1	12	9	2	1	5	192
1	12	9	2	3	-5	288
1	12	10	0	0	1505	124416
1	12	10	0	1	35	243
1	12	10	0	2	-125	768
1	12	10	0	3	-385	5184
1	12	10	0	4	35	864
1	12	10	1	0	-25	13824
1	12	10	1	1	-5	216
1	12	10	1	2	85	4608
1	12	10	1	3	5	576
1	12	11	0	0	-35	6912
1	12	11	0	1	35	1944
1	12	11	0	2	35	1728
1	12	11	0	3	-385	10368
1	12	11	1	1	-5	1728
1	12	11	1	3	5	1152
1	12	12	0	0	-35	82944
1	12	12	0	2	35	10368
1	12	12	0	4	-35	10368
1	13	0	0	4	5	108
1	13	0	1	3	-385	864
1	13	0	2	2	355	144
1	13	0	2	3	5	144
1	13	0	3	1	-12955	1536
1	13	0	3	2	-25	64
1	13	0	4	0	14499	1024
1	13	0	4	1	55	32
1	13	0	5	0	-2355	1024
1	13	0	5	1	-15	256
1	13	0	6	0	135	1024
1	13	1	0	3	385	648
1	13	1	0	4	-5	18
1	13	1	1	2	-355	72
1	13	1	1	3	1135	576
1	13	1	2	1	12955	576
1	13	1	2	2	-325	48
1	13	1	2	3	-5	32
1	13	1	3	0	-24165	512
1	13	1	3	1	9075	1024
1	13	1	3	2	75	64
1	13	1	4	0	785	128
1	13	1	4	1	-5	2
1	13	1	5	0	-45	256
1	13	1	5	1	45	512
1	13	2	0	2	355	108
1	13	2	0	3	-385	162
1	13	2	0	4	5	8
1	13	2	1	1	-12955	576
1	13	2	1	2	1745	144
1	13	2	1	3	-3305	1152
1	13	2	2	0	8055	128
1	13	2	2	1	-3845	192
1	13	2	2	2	255	64
1	13	2	2	3	15	64
1	13	2	3	0	-88195	3072
1	13	2	3	1	245	64
1	13	2	3	2	-225	256
1	13	2	4	0	725	256
1	13	2	4	1	-5	64
1	13	2	5	0	-45	512
1	13	3	0	1	12955	1296
1	13	3	0	2	-20	3
1	13	3	0	3	385	144
1	13	3	0	4	-115	216
1	13	3	1	0	-2685	64
1	13	3	1	1	39145	3456
1	13	3	1	2	-105	32
1	13	3	1	3	1565	2304
1	13	3	2	0	8055	128
1	13	3	2	1	-41945	2304
1	13	3	2	2	845	288
1	13	3	2	3	-25	384
1	13	3	3	0	-3475	768
1	13	3	3	1	-4285	3072
1	13	3	3	2	-25	64
1	13	3	4	0	-15	64
1	13	3	4	1	205	256
1	13	3	5	1	-15	512
1	13	4	0	0	895	64
1	13	4	0	1	-65	108
1	13	4	0	2	-325	216
1	13	4	0	3	385	432
1	13	4	0	4	-35	192
1	13	4	1	0	-209635	3456
1	13	4	1	1	194645	6912
1	13	4	1	2	-5975	576
1	13	4	1	3	125	64
1	13	4	2	0	7855	512
1	13	4	2	1	1045	128
1	13	4	2	2	-455	192
1	13	4	2	3	-5	32
1	13	4	3	0	-1225	3072
1	13	4	3	1	-995	512
1	13	4	3	2	75	128
1	13	4	4	0	-15	256
1	13	4	4	1	5	128
1	13	5	0	0	69355	2592
1	13	5	0	1	-4405	288
1	13	5	0	2	1805	216
1	13	5	0	3	-11165	3456
1	13	5	0	4	5	8
1	13	5	1	0	-185605	6912
1	13	5	1	1	-40225	13824
1	13	5	1	2	635	144
1	13	5	1	3	-505	384
1	13	5	2	0	-25	32
1	13	5	2	1	4675	768
1	13	5	2	2	-5	8
1	13	5	2	3	15	128
1	13	5	3	0	225	512
1	13	5	3	1	-965	1024
1	13	5	4	1	5	256
1	13	6	0	0	186325	10368
1	13	6	0	1	-10615	2592
1	13	6	0	2	-5	1728
1	13	6	0	3	385	576
1	13	6	0	4	-35	144
1	13	6	1	0	-2555	1536
1	13	6	1	1	-39245	3456
1	13	6	1	2	1415	384
1	13	6	1	3	-215	576
1	13	6	2	0	-75	128
1	13	6	2	1	185	144
1	13	6	2	2	85	576
1	13	6	2	3	5	192
1	13	6	3	0	75	1024
1	13	6	3	1	5	256
1	13	6	3	2	-25	256
1	13	7	0	0	41815	10368
1	13	7	0	1	44065	6912
1	13	7	0	2	-3655	864
1	13	7	0	3	5005	3456
1	13	7	0	4	-5	24
1	13	7	1	0	4525	3456
1	13	7	1	1	-39035	13824
1	13	7	1	2	-35	36
1	13	7	1	3	5	12
1	13	7	2	0	-25	128
1	13	7	2	1	575	2304
1	13	7	2	2	5	32
1	13	7	2	3	-5	128
1	13	7	3	1	5	1024
1	13	8	0	0	-45905	82944
1	13	8	0	1	12305	3456
1	13	8	0	2	-515	1728
1	13	8	0	3	-385	864
1	13	8	0	4	5	32
1	13	8	1	0	6325	27648
1	13	8	1	1	155	3456
1	13	8	1	2	-85	144
1	13	8	1	3	5	192
1	13	8	2	0	-25	1024
1	13	8	2	1	-5	128
1	13	8	2	2	5	64
1	13	9	0	0	-3325	10368
1	13	9	0	1	4765	20736
1	13	9	0	2	385	432
1	13	9	0	3	-385	1152
1	13	9	0	4	5	216
1	13	9	1	0	25	1152
1	13	9	1	1	245	6912
1	13	9	1	2	-5	96
1	13	9	1	3	-125	3456
1	13	9	2	1	-5	768
1	13	9	2	3	5	1152
1	13	10	0	0	-335	20736
1	13	10	0	1	-65	432
1	13	10	0	2	325	1728
1	13	10	0	3	385	5184
1	13	10	0	4	-5	144
1	13	10	1	0	5	2304
1	13	10	1	1	5	432
1	13	10	1	2	-5	384
1	13	10	1	3	-5	1152
1	13	11	0	0	5	1152
1	13	11	0	1	-65	3456
1	13	11	0	2	-5	288
1	13	11	0	3	385	10368
1	13	11	1	1	5	3456
1	13	11	1	3	-5	2304
1	13	12	0	0	5	13824
1	13	12	0	2	-5	1728
1	13	12	0	4	5	1728
2	0	0	0	0	1515	256
2	0	0	1	0	23905	1024
2	0	0	2	0	42115	512
2	0	0	3	0	51325	1024
2	0	0	4	0	7797	64
2	0	0	5	0	-21465	1024
2	0	0	6	0	495	512
2	1	0	0	0	-155155	2048
2	1	0	1	0	-622435	2048
2	1	0	2	0	-2148135	2048
2	1	0	3	0	-1445565	2048
2	1	0	4	0	-3157737	2048
2	1	0	5	0	539055	2048
2	1	0	6	0	-25245	2048
2	2	0	0	0	229295	512
2	2	0	1	0	934835	512
2	2	0	2	0	3161895	512
2	2	0	3	0	2327985	512
2	2	0	4	0	4612773	512
2	2	0	5	0	-780615	512
2	2	0	6	0	37125	512
2	3	0	0	0	-1613115	1024
2	3	0	0	1	5915	1152
2	3	0	1	0	-1680795	256
2	3	0	1	1	201575	4608
2	3	0	2	0	-22474215	1024
2	3	0	2	1	175	8
2	3	0	3	0	-4497065	256
2	3	0	3	1	394925	4608
2	3	0	4	0	-32944137	1024
2	3	0	4	1	-1755	128
2	3	0	5	0	1380885	256
2	3	0	5	1	165	512
2	3	0	6	0	-266805	1024
2	3	1	0	0	25055	384
2	3	1	0	1	-5915	768
2	3	1	1	0	468455	1536
2	3	1	1	1	-201575	3072
2	3	1	2	0	6615	16
2	3	1	2	1	-525	16
2	3	1	3	0	886925	1536
2	3	1	3	1	-394925	3072
2	3	1	4	0	-7365	128
2	3	1	4	1	5265	256
2	3	1	5	0	495	512
2	3	1	5	1	-495	1024
2	3	2	0	0	25055	768
2	3	2	1	0	468455	3072
2	3	2	2	0	6615	32
2	3	2	3	0	886925	3072
2	3	2	4	0	-7365	256
2	3	2	5	0	495	1024
2	3	3	0	1	5915	2304
2	3	3	1	1	201575	9216
2	3	3	2	1	175	16
2	3	3	3	1	394925	9216
2	3	3	4	1	-1755	256
2	3	3	5	1	165	1024
2	4	0	0	0	1858315	512
2	4	0	0	1	-31865	1152
2	4	0	1	0	15946625	1024
2	4	0	1	1	-2055125	6912
2	4	0	2	0	13326415	256
2	4	0	2	1	-42095	576
2	4	0	3	0	46252755	1024
2	4	0	3	1	-580025	768
2	4	0	4	0	40094595	512
2	4	0	4	1	16735	128
2	4	0	5	0	-13316325	1024
2	4	0	5	1	-825	256
2	4	0	6	0	81675	128
2	4	1	0	0	-174385	384
2	4	1	0	1	31865	768
2	4	1	1	0	-582425	256
2	4	1	1	1	2055125	4608
2	4	1	2	0	-581755	192
2	4	1	2	1	42095	384
2	4	1	3	0	-1320295	256
2	4	1	3	1	580025	512
2	4	1	4	0	208495	384
2	4	1	4	1	-50205	256
2	4	1	5	0	-2475	256
2	4	1	5	1	2475	512
2	4	2	0	0	-161825	768
2	4	2	1	0	-5097865	4608
2	4	2	2	0	-1513865	1152
2	4	2	3	0	-1310795	512
2	4	2	4	0	205855	768
2	4	2	5	0	-2475	512
2	4	3	0	0	785	48
2	4	3	0	1	-31865	2304
2	4	3	1	0	17995	576
2	4	3	1	1	-2055125	13824
2	4	3	2	0	28925	144
2	4	3	2	1	-42095	1152
2	4	3	3	0	2375	128
2	4	3	3	1	-580025	1536
2	4	3	4	0	-55	16
2	4	3	4	1	16735	256
2	4	3	5	1	-825	512
2	4	4	0	0	785	192
2	4	4	1	0	17995	2304
2	4	4	2	0	28925	576
2	4	4	3	0	2375	512
2	4	4	4	0	-55	64
2	5	0	0	0	-11634885	2048
2	5	0	0	1	25655	288
2	5	0	1	0	-52015815	2048
2	5	0	1	1	14221925	13824
2	5	0	2	0	-176679225	2048
2	5	0	2	1	42145	1728
2	5	0	3	0	-166542445	2048
2	5	0	3	1	1554415	512
2	5	0	4	0	-280893663	2048
2	5	0	4	1	-35955	64
2	5	0	5	0	46199835	2048
2	5	0	5	1	7425	512
2	5	0	6	0	-2303235	2048
2	5	1	0	0	1261375	768
2	5	1	0	1	-144685	1152
2	5	1	1	0	12862535	1536
2	5	1	1	1	-13572805	9216
2	5	1	2	0	1371495	128
2	5	1	2	1	107915	3456
2	5	1	3	0	10697725	512
2	5	1	3	1	-13973015	3072
2	5	1	4	0	-1770985	768
2	5	1	4	1	53905	64
2	5	1	5	0	22275	512
2	5	1	5	1	-22275	1024
2	5	2	0	0	3616865	4608
2	5	2	0	1	-9245	1152
2	5	2	1	0	39977365	9216
2	5	2	1	1	-20285	288
2	5	2	2	0	3311425	768
2	5	2	2	1	-117175	1728
2	5	2	3	0	10552605	1024
2	5	2	3	1	-1045	192
2	5	2	4	0	-1726765	1536
2	5	2	4	1	55	128
2	5	2	5	0	22275	1024
2	5	3	0	0	-41815	1152
2	5	3	0	1	177505	4608
2	5	3	1	0	21715	144
2	5	3	1	1	12761405	27648
2	5	3	2	0	-200765	192
2	5	3	2	1	-267235	6912
2	5	3	3	0	-4535	32
2	5	3	3	1	1550235	1024
2	5	3	4	0	3685	128
2	5	3	4	1	-143655	512
2	5	3	5	1	7425	1024
2	5	4	0	0	-41815	4608
2	5	4	0	1	9245	2304
2	5	4	1	0	21715	576
2	5	4	1	1	20285	576
2	5	4	2	0	-200765	768
2	5	4	2	1	117175	3456
2	5	4	3	0	-4535	128
2	5	4	3	1	1045	384
2	5	4	4	0	3685	512
2	5	4	4	1	-55	256
2	5	5	0	1	9245	4608
2	5	5	1	1	20285	1152
2	5	5	2	1	117175	6912
2	5	5	3	1	1045	768
2	5	5	4	1	-55	512
2	6	0	0	0	774795	128
2	6	0	0	1	-322595	1728
2	6	0	0	2	133015	15552
2	6	0	1	0	7373885	256
2	6	0	1	1	-3850145	1728
2	6	0	1	2	8885	1728
2	6	0	2	0	101695	1
2	6	0	2	1	380345	1728
2	6	0	2	2	5645	192
2	6	0	3	0	53791535	512
2	6	0	3	1	-8454515	1152
2	6	0	3	2	-275	96
2	6	0	4	0	45504873	256
2	6	0	4	1	45855	32
2	6	0	5	0	-7415595	256
2	6	0	5	1	-2475	64
2	6	0	6	0	375705	256
2	6	1	0	0	-231855	64
2	6	1	0	1	3481415	10368
2	6	1	0	2	-133015	5184
2	6	1	1	0	-3612995	192
2	6	1	1	1	10937035	3456
2	6	1	1	2	-8885	576
2	6	1	2	0	-4579855	192
2	6	1	2	1	-1502615	3456
2	6	1	2	2	-5645	64
2	6	1	3	0	-6472715	128
2	6	1	3	1	25219445	2304
2	6	1	3	2	275	32
2	6	1	4	0	139345	24
2	6	1	4	1	-137345	64
2	6	1	5	0	-7425	64
2	6	1	5	1	7425	128
2	6	2	0	0	-587875	384
2	6	2	0	1	-144515	2592
2	6	2	0	2	133015	6912
2	6	2	1	0	-1245445	128
2	6	2	1	1	76675	432
2	6	2	1	2	8885	768
2	6	2	2	0	-10190995	1152
2	6	2	2	1	90395	864
2	6	2	2	2	16935	256
2	6	2	3	0	-57236185	2304
2	6	2	3	1	36025	576
2	6	2	3	2	-825	128
2	6	2	4	0	67115	24
2	6	2	4	1	-55	16
2	6	2	5	0	-7425	128
2	6	3	0	0	480085	1728
2	6	3	0	1	-233555	1728
2	6	3	0	2	133015	15552
2	6	3	1	0	-66145	288
2	6	3	1	1	-3390095	3456
2	6	3	1	2	8885	1728
2	6	3	2	0	1772725	576
2	6	3	2	1	325765	1728
2	6	3	2	2	5645	192
2	6	3	3	0	513085	1152
2	6	3	3	1	-1043305	288
2	6	3	3	2	-275	96
2	6	3	4	0	-1705	16
2	6	3	4	1	22845	32
2	6	3	5	1	-2475	128
2	6	4	0	0	152495	2304
2	6	4	0	1	144515	5184
2	6	4	0	2	-133015	10368
2	6	4	1	0	7295	128
2	6	4	1	1	-76675	864
2	6	4	1	2	-8885	1152
2	6	4	2	0	1764925	2304
2	6	4	2	1	-90395	1728
2	6	4	2	2	-5645	128
2	6	4	3	0	532885	4608
2	6	4	3	1	-36025	1152
2	6	4	3	2	275	64
2	6	4	4	0	-1705	64
2	6	4	4	1	55	32
2	6	5	0	0	-565	288
2	6	5	0	1	144515	10368
2	6	5	1	0	3295	48
2	6	5	1	1	-76675	1728
2	6	5	2	0	-65	32
2	6	5	2	1	-90395	3456
2	6	5	3	0	165	64
2	6	5	3	1	-36025	2304
2	6	5	4	1	55	64
2	6	6	0	0	-565	1728
2	6	6	0	2	133015	62208
2	6	6	1	0	3295	288
2	6	6	1	2	8885	6912
2	6	6	2	0	-65	192
2	6	6	2	2	5645	768
2	6	6	3	0	55	128
2	6	6	3	2	-275	384
2	7	0	0	0	-1088115	256
2	7	0	0	1	597475	2304
2	7	0	0	2	-53215	1728
2	7	0	1	0	-22949255	1024
2	7	0	1	1	43669475	13824
2	7	0	1	2	7535	648
2	7	0	2	0	-21781045	256
2	7	0	2	1	-107125	256
2	7	0	2	2	-10755	64
2	7	0	3	0	-200929185	2048
2	7	0	3	1	36310355	3072
2	7	0	3	2	2475	128
2	7	0	4	0	-88325271	512
2	7	0	4	1	-153825	64
2	7	0	5	0	7136415	256
2	7	0	5	1	17325	256
2	7	0	6	0	-735075	512
2	7	1	0	0	3930185	768
2	7	1	0	1	-2906305	4608
2	7	1	0	2	53215	576
2	7	1	1	0	13987965	512
2	7	1	1	1	-374463475	82944
2	7	1	1	2	-7535	216
2	7	1	2	0	27700085	768
2	7	1	2	1	-190225	4608
2	7	1	2	2	32265	64
2	7	1	3	0	82896065	1024
2	7	1	3	1	-107199665	6144
2	7	1	3	2	-7425	128
2	7	1	4	0	-230405	24
2	7	1	4	1	459935	128
2	7	1	5	0	51975	256
2	7	1	5	1	-51975	512
2	7	2	0	0	2518405	1536
2	7	2	0	1	661145	2592
2	7	2	0	2	-53215	768
2	7	2	1	0	13277145	1024
2	7	2	1	1	-869005	5184
2	7	2	1	2	7535	288
2	7	2	2	0	49063555	4608
2	7	2	2	1	48865	72
2	7	2	2	2	-96795	256
2	7	2	3	0	81490005	2048
2	7	2	3	1	-108295	384
2	7	2	3	2	22275	512
2	7	2	4	0	-438865	96
2	7	2	4	1	385	32
2	7	2	5	0	51975	512
2	7	3	0	0	-952265	1152
2	7	3	0	1	12619265	41472
2	7	3	0	2	-53215	1728
2	7	3	1	0	-5521805	6912
2	7	3	1	1	114758215	82944
2	7	3	1	2	7535	648
2	7	3	2	0	-8433125	1152
2	7	3	2	1	441815	1536
2	7	3	2	2	-10755	64
2	7	3	3	0	-363725	512
2	7	3	3	1	35012465	6144
2	7	3	3	2	2475	128
2	7	3	4	0	7315	32
2	7	3	4	1	-76335	64
2	7	3	5	1	17325	512
2	7	4	0	0	-139805	1536
2	7	4	0	1	-2852105	20736
2	7	4	0	2	53215	1152
2	7	4	1	0	-3046885	9216
2	7	4	1	1	1729375	41472
2	7	4	1	2	-7535	432
2	7	4	2	0	-8052875	4608
2	7	4	2	1	-798625	2304
2	7	4	2	2	32265	128
2	7	4	3	0	-424775	2048
2	7	4	3	1	433675	3072
2	7	4	3	2	-7425	256
2	7	4	4	0	7315	128
2	7	4	4	1	-385	64
2	7	5	0	0	53285	768
2	7	5	0	1	-2437055	41472
2	7	5	1	0	-361885	4608
2	7	5	1	1	5222665	82944
2	7	5	2	0	12675	256
2	7	5	2	1	-765055	4608
2	7	5	3	0	-18315	1024
2	7	5	3	1	432685	6144
2	7	5	4	1	-385	128
2	7	6	0	0	53285	4608
2	7	6	0	1	69175	10368
2	7	6	0	2	-53215	6912
2	7	6	1	0	-361885	27648
2	7	6	1	1	582215	20736
2	7	6	1	2	7535	2592
2	7	6	2	0	4225	512
2	7	6	2	1	1865	384
2	7	6	2	2	-10755	256
2	7	6	3	0	-6105	2048
2	7	6	3	1	-55	512
2	7	6	3	2	2475	512
2	7	7	0	1	69175	41472
2	7	7	1	1	582215	82944
2	7	7	2	1	1865	1536
2	7	7	3	1	-55	2048
2	8	0	0	0	229825	128
2	8	0	0	1	-276355	1152
2	8	0	0	2	4475	81
2	8	0	1	0	1464855	128
2	8	0	1	1	-20405645	6912
2	8	0	1	2	-118745	1296
2	8	0	2	0	12645475	256
2	8	0	2	1	1048625	3456
2	8	0	2	2	60535	144
2	8	0	3	0	16814065	256
2	8	0	3	1	-20353765	1536
2	8	0	3	2	-3575	64
2	8	0	4	0	32076711	256
2	8	0	4	1	177345	64
2	8	0	5	0	-20586555	1024
2	8	0	5	1	-10395	128
2	8	0	6	0	539055	512
2	8	1	0	0	-444125	96
2	8	1	0	1	16971545	20736
2	8	1	0	2	-8545	54
2	8	1	1	0	-19907365	768
2	8	1	1	1	169360045	41472
2	8	1	1	2	15475	54
2	8	1	2	0	-7202345	192
2	8	1	2	1	5239175	2304
2	8	1	2	2	-60425	48
2	8	1	3	0	-45840095	512
2	8	1	3	1	58965575	3072
2	8	1	3	2	10725	64
2	8	1	4	0	2092055	192
2	8	1	4	1	-528955	128
2	8	1	5	0	-31185	128
2	8	1	5	1	31185	256
2	8	2	0	0	-338035	576
2	8	2	0	1	-181105	432
2	8	2	0	2	950	9
2	8	2	1	0	-15733685	1536
2	8	2	1	1	288545	1296
2	8	2	1	2	-135595	576
2	8	2	2	0	-5755885	1152
2	8	2	2	1	-99515	36
2	8	2	2	2	180505	192
2	8	2	3	0	-136178585	3072
2	8	2	3	1	65615	96
2	8	2	3	2	-32175	256
2	8	2	4	0	1971935	384
2	8	2	4	1	-385	16
2	8	2	5	0	-31185	256
2	8	3	0	0	361015	216
2	8	3	0	1	-10028125	20736
2	8	3	0	2	39445	648
2	8	3	1	0	4239085	1728
2	8	3	1	1	-47970205	41472
2	8	3	1	2	-429485	5184
2	8	3	2	0	7761355	576
2	8	3	2	1	-12977185	6912
2	8	3	2	2	121565	288
2	8	3	3	0	389875	768
2	8	3	3	1	-18783955	3072
2	8	3	3	2	-3575	64
2	8	3	4	0	-5005	16
2	8	3	4	1	175035	128
2	8	3	5	1	-10395	256
2	8	4	0	0	617485	1728
2	8	4	0	1	69145	384
2	8	4	0	2	-28915	432
2	8	4	1	0	162845	576
2	8	4	1	1	-411865	20736
2	8	4	1	2	560915	3456
2	8	4	2	0	6938935	2304
2	8	4	2	1	1622675	1152
2	8	4	2	2	-40045	64
2	8	4	3	0	662125	3072
2	8	4	3	1	-526405	1536
2	8	4	3	2	10725	128
2	8	4	4	0	-5005	64
2	8	4	4	1	385	32
2	8	5	0	0	-43015	1728
2	8	5	0	1	826535	6912
2	8	5	0	2	-15	2
2	8	5	1	0	-458585	2304
2	8	5	1	1	-4204855	41472
2	8	5	1	2	-1685	144
2	8	5	2	0	-41275	192
2	8	5	2	1	1561805	2304
2	8	5	2	2	-55	24
2	8	5	3	0	27225	512
2	8	5	3	1	-523435	3072
2	8	5	4	1	385	64
2	8	6	0	0	18515	3456
2	8	6	0	1	102115	5184
2	8	6	0	2	5305	648
2	8	6	1	0	-466565	13824
2	8	6	1	1	-632165	10368
2	8	6	1	2	-10265	324
2	8	6	2	0	-14015	384
2	8	6	2	1	-10145	576
2	8	6	2	2	59545	576
2	8	6	3	0	9075	1024
2	8	6	3	1	165	256
2	8	6	3	2	-3575	256
2	8	7	0	0	110	27
2	8	7	0	1	102115	20736
2	8	7	0	2	15	8
2	8	7	1	0	-95	384
2	8	7	1	1	-632165	41472
2	8	7	1	2	1685	576
2	8	7	2	0	-55	192
2	8	7	2	1	-10145	2304
2	8	7	2	2	55	96
2	8	7	3	1	165	1024
2	8	8	0	0	55	108
2	8	8	0	2	15	16
2	8	8	1	0	-95	3072
2	8	8	1	2	1685	1152
2	8	8	2	0	-55	1536
2	8	8	2	2	55	192
2	9	0	0	0	-44795	128
2	9	0	0	1	484975	3456
2	9	0	0	2	-241855	3888
2	9	0	0	3	-5215	7776
2	9	0	1	0	-443185	128
2	9	0	1	1	24537845	13824
2	9	0	1	2	845425	5184
2	9	0	1	3	415	96
2	9	0	2	0	-19360125	1024
2	9	0	2	1	-103055	3456
2	9	0	2	2	-21695	36
2	9	0	2	3	-55	288
2	9	0	3	0	-31436955	1024
2	9	0	3	1	96477575	9216
2	9	0	3	2	34375	384
2	9	0	4	0	-137674455	2048
2	9	0	4	1	-35595	16
2	9	0	5	0	21975525	2048
2	9	0	5	1	17325	256
2	9	0	6	0	-1170675	2048
2	9	1	0	0	240445	96
2	9	1	0	1	-15780865	20736
2	9	1	0	2	108725	648
2	9	1	0	3	5215	1728
2	9	1	1	0	24060275	1536
2	9	1	1	1	-187007845	82944
2	9	1	1	2	-831085	1728
2	9	1	1	3	-1245	64
2	9	1	2	0	1265785	48
2	9	1	2	1	-10567255	2304
2	9	1	2	2	28725	16
2	9	1	2	3	55	64
2	9	1	3	0	70897855	1024
2	9	1	3	1	-271148525	18432
2	9	1	3	2	-34375	128
2	9	1	4	0	-3302495	384
2	9	1	4	1	211645	64
2	9	1	5	0	51975	256
2	9	1	5	1	-51975	512
2	9	2	0	0	-2030155	2304
2	9	2	0	1	13479055	31104
2	9	2	0	2	-160505	1728
2	9	2	0	3	-5215	1152
2	9	2	1	0	35468065	9216
2	9	2	1	1	-1019605	5184
2	9	2	1	2	88625	256
2	9	2	1	3	3735	128
2	9	2	2	0	-1175845	256
2	9	2	2	1	1789985	384
2	9	2	2	2	-127145	96
2	9	2	2	3	-165	128
2	9	2	3	0	642296995	18432
2	9	2	3	1	-1146475	1152
2	9	2	3	2	103125	512
2	9	2	4	0	-3085355	768
2	9	2	4	1	1925	64
2	9	2	5	0	51975	512
2	9	3	0	0	-15486245	6912
2	9	3	0	1	68117795	124416
2	9	3	0	2	-1187065	15552
2	9	3	0	3	26075	20736
2	9	3	1	0	-5382425	1728
2	9	3	1	1	39151105	82944
2	9	3	1	2	438845	2592
2	9	3	1	3	-2075	256
2	9	3	2	0	-13243375	768
2	9	3	2	1	47609405	13824
2	9	3	2	2	-352565	576
2	9	3	2	3	275	768
2	9	3	3	0	514525	4608
2	9	3	3	1	82794125	18432
2	9	3	3	2	34375	384
2	9	3	4	0	18095	64
2	9	3	4	1	-278985	256
2	9	3	5	1	17325	512
2	9	4	0	0	-57669815	82944
2	9	4	0	1	-8011435	62208
2	9	4	0	2	552535	10368
2	9	4	0	3	5215	1728
2	9	4	1	0	1339115	4608
2	9	4	1	1	-2491235	41472
2	9	4	1	2	-24515	108
2	9	4	1	3	-1245	64
2	9	4	2	0	-3725845	1024
2	9	4	2	1	-1807385	768
2	9	4	2	2	336835	384
2	9	4	2	3	55	64
2	9	4	3	0	-2183225	18432
2	9	4	3	1	4608175	9216
2	9	4	3	2	-34375	256
2	9	4	4	0	18095	256
2	9	4	4	1	-1925	128
2	9	5	0	0	-215225	2592
2	9	5	0	1	-20035195	124416
2	9	5	0	2	8135	432
2	9	5	0	3	-5215	2304
2	9	5	1	0	949705	1536
2	9	5	1	1	11140555	82944
2	9	5	1	2	-1195	144
2	9	5	1	3	3735	256
2	9	5	2	0	157325	384
2	9	5	2	1	-1773905	1536
2	9	5	2	2	605	48
2	9	5	2	3	-165	256
2	9	5	3	0	-89925	1024
2	9	5	3	1	4563625	18432
2	9	5	4	1	-1925	256
2	9	6	0	0	-106805	6912
2	9	6	0	1	-318875	5184
2	9	6	0	2	-11105	7776
2	9	6	0	3	-5215	10368
2	9	6	1	0	2312495	27648
2	9	6	1	1	2230925	20736
2	9	6	1	2	716365	20736
2	9	6	1	3	415	128
2	9	6	2	0	14105	192
2	9	6	2	1	2845	192
2	9	6	2	2	-81335	576
2	9	6	2	3	-55	384
2	9	6	3	0	-29975	2048
2	9	6	3	1	-825	512
2	9	6	3	2	34375	1536
2	9	7	0	0	-14335	20736
2	9	7	0	1	-1414345	124416
2	9	7	0	2	-8135	1728
2	9	7	0	3	5215	6912
2	9	7	1	0	-19165	2304
2	9	7	1	1	2005205	82944
2	9	7	1	2	1195	576
2	9	7	1	3	-1245	256
2	9	7	2	0	1705	768
2	9	7	2	1	6295	1536
2	9	7	2	2	-605	192
2	9	7	2	3	55	256
2	9	7	3	1	-825	2048
2	9	8	0	0	-14335	165888
2	9	8	0	1	45355	20736
2	9	8	0	2	-8135	3456
2	9	8	1	0	-19165	18432
2	9	8	1	1	-95	64
2	9	8	1	2	1195	1152
2	9	8	2	0	1705	6144
2	9	8	2	1	55	256
2	9	8	2	2	-605	384
2	9	9	0	1	45355	124416
2	9	9	0	3	-5215	62208
2	9	9	1	1	-95	384
2	9	9	1	3	415	768
2	9	9	2	1	55	1536
2	9	9	2	3	-55	2304
2	10	0	0	1	-355	9
2	10	0	0	2	2965	72
2	10	0	0	3	100	27
2	10	0	1	0	120615	256
2	10	0	1	1	-90745	144
2	10	0	1	2	-678805	5184
2	10	0	1	3	-6155	432
2	10	0	2	0	548085	128
2	10	0	2	1	-58465	576
2	10	0	2	2	310255	576
2	10	0	2	3	55	72
2	10	0	3	0	4858005	512
2	10	0	3	1	-4417385	768
2	10	0	3	2	-1375	16
2	10	0	4	0	13246521	512
2	10	0	4	1	39315	32
2	10	0	5	0	-2109195	512
2	10	0	5	1	-2475	64
2	10	0	6	0	114345	512
2	10	1	0	0	-40205	64
2	10	1	0	1	44785	96
2	10	1	0	2	-37255	432
2	10	1	0	3	-50	3
2	10	1	1	0	-706095	128
2	10	1	1	1	1316255	1728
2	10	1	1	2	493105	1728
2	10	1	1	3	6155	96
2	10	1	2	0	-1149185	96
2	10	1	2	1	5333915	1152
2	10	1	2	2	-304975	192
2	10	1	2	3	-55	16
2	10	1	3	0	-9457675	256
2	10	1	3	1	11873195	1536
2	10	1	3	2	4125	16
2	10	1	4	0	223835	48
2	10	1	4	1	-116405	64
2	10	1	5	0	-7425	64
2	10	1	5	1	7425	128
2	10	2	0	0	170475	128
2	10	2	0	1	-77425	288
2	10	2	0	2	505	432
2	10	2	0	3	25	1
2	10	2	1	0	177145	256
2	10	2	1	1	-192295	576
2	10	2	1	2	-58045	2304
2	10	2	1	3	-6155	64
2	10	2	2	0	5259635	576
2	10	2	2	1	-213155	48
2	10	2	2	2	292655	256
2	10	2	2	3	165	32
2	10	2	3	0	-29359145	1536
2	10	2	3	1	173195	192
2	10	2	3	2	-12375	64
2	10	2	4	0	207665	96
2	10	2	4	1	-385	16
2	10	2	5	0	-7425	128
2	10	3	0	0	7045	4
2	10	3	0	1	-452045	1152
2	10	3	0	2	37795	576
2	10	3	0	3	-125	18
2	10	3	1	0	7985	4
2	10	3	1	1	228635	2304
2	10	3	1	2	-552275	2592
2	10	3	1	3	30775	1152
2	10	3	2	0	4206085	288
2	10	3	2	1	-3951395	1152
2	10	3	2	2	322135	576
2	10	3	2	3	-275	192
2	10	3	3	0	-50495	96
2	10	3	3	1	-3386465	1536
2	10	3	3	2	-1375	16
2	10	3	4	0	-2695	16
2	10	3	4	1	2385	4
2	10	3	5	1	-2475	128
2	10	4	0	0	1037305	1728
2	10	4	0	1	8795	288
2	10	4	0	2	57415	3456
2	10	4	0	3	-50	3
2	10	4	1	0	-12935525	10368
2	10	4	1	1	71035	128
2	10	4	1	2	-27935	864
2	10	4	1	3	6155	96
2	10	4	2	0	3454675	1152
2	10	4	2	1	4385	2
2	10	4	2	2	-287815	384
2	10	4	2	3	-55	16
2	10	4	3	0	10385	768
2	10	4	3	1	-348865	768
2	10	4	3	2	4125	32
2	10	4	4	0	-2695	64
2	10	4	4	1	385	32
2	10	5	0	0	22465	192
2	10	5	0	1	33415	288
2	10	5	0	2	-28405	864
2	10	5	0	3	25	2
2	10	5	1	0	-9845215	10368
2	10	5	1	1	-35205	256
2	10	5	1	2	875	8
2	10	5	1	3	-6155	128
2	10	5	2	0	-26125	64
2	10	5	2	1	108245	96
2	10	5	2	2	-55	2
2	10	5	2	3	165	64
2	10	5	3	0	22275	256
2	10	5	3	1	-343915	1536
2	10	5	4	1	385	64
2	10	6	0	0	121925	3456
2	10	6	0	1	19645	288
2	10	6	0	2	-13495	768
2	10	6	0	3	25	9
2	10	6	1	0	-177385	2304
2	10	6	1	1	-231275	864
2	10	6	1	2	993485	20736
2	10	6	1	3	-6155	576
2	10	6	2	0	-10505	128
2	10	6	2	1	355	18
2	10	6	2	2	262735	2304
2	10	6	2	3	55	96
2	10	6	3	0	7425	512
2	10	6	3	1	275	128
2	10	6	3	2	-1375	64
2	10	7	0	0	965	192
2	10	7	0	1	21295	1152
2	10	7	0	2	6145	864
2	10	7	0	3	-25	6
2	10	7	1	0	176605	5184
2	10	7	1	1	-377135	6912
2	10	7	1	2	-16025	576
2	10	7	1	3	6155	384
2	10	7	2	0	-385	64
2	10	7	2	1	3865	1152
2	10	7	2	2	55	8
2	10	7	2	3	-55	64
2	10	7	3	1	275	512
2	10	8	0	0	-2105	4608
2	10	8	0	1	25	32
2	10	8	0	2	7675	1728
2	10	8	1	0	156805	41472
2	10	8	1	1	7765	1152
2	10	8	1	2	-5195	384
2	10	8	2	0	-385	512
2	10	8	2	1	-55	64
2	10	8	2	2	55	16
2	10	9	0	0	-625	1728
2	10	9	0	1	25	192
2	10	9	0	2	85	192
2	10	9	0	3	25	54
2	10	9	1	0	-275	1728
2	10	9	1	1	7765	6912
2	10	9	1	2	55	288
2	10	9	1	3	-6155	3456
2	10	9	2	1	-55	384
2	10	9	2	3	55	576
2	10	10	0	0	-125	3456
2	10	10	0	2	85	768
2	10	10	1	0	-55	3456
2	10	10	1	2	55	1152
2	11	0	0	2	-30295	2592
2	11	0	0	3	-12845	2592
2	11	0	1	1	233375	2304
2	11	0	1	2	259925	5184
2	11	0	1	3	10355	576
2	11	0	2	0	-110935	256
2	11	0	2	1	466345	6912
2	11	0	2	2	-173155	576
2	11	0	2	3	-55	48
2	11	0	3	0	-3551575	2048
2	11	0	3	1	6460415	3072
2	11	0	3	2	6325	128
2	11	0	4	0	-6919161	1024
2	11	0	4	1	-57195	128
2	11	0	5	0	17235	16
2	11	0	5	1	7425	512
2	11	0	6	0	-60885	1024
2	11	1	0	1	-233375	1728
2	11	1	0	2	-1655	864
2	11	1	0	3	13105	576
2	11	1	1	0	110935	128
2	11	1	1	1	-2450255	13824
2	11	1	1	2	34435	1728
2	11	1	1	3	-92975	1152
2	11	1	2	0	2438585	768
2	11	1	2	1	-37400075	13824
2	11	1	2	2	167435	192
2	11	1	2	3	165	32
2	11	1	3	0	13324145	1024
2	11	1	3	1	-5441815	2048
2	11	1	3	2	-18975	128
2	11	1	4	0	-638645	384
2	11	1	4	1	168505	256
2	11	1	5	0	22275	512
2	11	1	5	1	-22275	1024
2	11	2	0	0	-110935	192
2	11	2	0	1	8515	108
2	11	2	0	2	234575	3456
2	11	2	0	3	-40615	1152
2	11	2	1	0	-165465	128
2	11	2	1	1	872225	1152
2	11	2	1	2	-722155	2304
2	11	2	1	3	277825	2304
2	11	2	2	0	-30102365	4608
2	11	2	2	1	4351255	1728
2	11	2	2	2	-462265	768
2	11	2	2	3	-495	64
2	11	2	3	0	43066135	6144
2	11	2	3	1	-64075	128
2	11	2	3	2	56925	512
2	11	2	4	0	-589805	768
2	11	2	4	1	385	32
2	11	2	5	0	22275	1024
2	11	3	0	0	-392905	864
2	11	3	0	1	2768305	20736
2	11	3	0	2	-222245	5184
2	11	3	0	3	78265	6912
2	11	3	1	0	-41755	256
2	11	3	1	1	-4434835	13824
2	11	3	1	2	926195	5184
2	11	3	1	3	-50455	1536
2	11	3	2	0	-566825	72
2	11	3	2	1	28110145	13824
2	11	3	2	2	-186025	576
2	11	3	2	3	275	128
2	11	3	3	0	667495	1536
2	11	3	3	1	4178465	6144
2	11	3	3	2	6325	128
2	11	3	4	0	2035	32
2	11	3	4	1	-54885	256
2	11	3	5	1	7425	1024
2	11	4	0	0	244075	6912
2	11	4	0	1	44695	20736
2	11	4	0	2	-213965	3456
2	11	4	0	3	13235	576
2	11	4	1	0	150204875	82944
2	11	4	1	1	-12824485	13824
2	11	4	1	2	991765	3456
2	11	4	1	3	-30955	384
2	11	4	2	0	-3786295	2304
2	11	4	2	1	-8255885	6912
2	11	4	2	2	49615	128
2	11	4	2	3	165	32
2	11	4	3	0	137845	6144
2	11	4	3	1	258775	1024
2	11	4	3	2	-18975	256
2	11	4	4	0	2035	128
2	11	4	4	1	-385	64
2	11	5	0	0	574495	6912
2	11	5	0	1	-1959095	41472
2	11	5	0	2	35675	864
2	11	5	0	3	-2455	128
2	11	5	1	0	40182245	41472
2	11	5	1	1	3367625	27648
2	11	5	1	2	-16445	96
2	11	5	1	3	5725	96
2	11	5	2	0	165985	768
2	11	5	2	1	-9220415	13824
2	11	5	2	2	715	24
2	11	5	2	3	-495	128
2	11	5	3	0	-52965	1024
2	11	5	3	1	253825	2048
2	11	5	4	1	-385	128
2	11	6	0	0	127985	13824
2	11	6	0	1	-303625	10368
2	11	6	0	2	516745	20736
2	11	6	0	3	-5545	1728
2	11	6	1	0	405575	9216
2	11	6	1	1	872195	2304
2	11	6	1	2	-1194905	10368
2	11	6	1	3	1315	96
2	11	6	2	0	82535	1536
2	11	6	2	1	-51605	1152
2	11	6	2	2	-121675	2304
2	11	6	2	3	-55	64
2	11	6	3	0	-17655	2048
2	11	6	3	1	-825	512
2	11	6	3	2	6325	512
2	11	7	0	0	-4585	3456
2	11	7	0	1	-165445	41472
2	11	7	0	2	-4925	432
2	11	7	0	3	3845	576
2	11	7	1	0	-512095	10368
2	11	7	1	1	2156675	27648
2	11	7	1	2	24805	576
2	11	7	1	3	-15175	768
2	11	7	2	0	2915	384
2	11	7	2	1	-40715	4608
2	11	7	2	2	-715	96
2	11	7	2	3	165	128
2	11	7	3	1	-825	2048
2	11	8	0	0	6515	27648
2	11	8	0	1	28145	20736
2	11	8	0	2	-1045	216
2	11	8	0	3	-65	192
2	11	8	1	0	-462595	82944
2	11	8	1	1	-64105	6912
2	11	8	1	2	8195	384
2	11	8	1	3	-55	384
2	11	8	2	0	2915	3072
2	11	8	2	1	165	128
2	11	8	2	2	-715	192
2	11	9	0	0	925	6912
2	11	9	0	1	-5215	41472
2	11	9	0	2	745	1728
2	11	9	0	3	-9055	10368
2	11	9	1	0	1375	6912
2	11	9	1	1	-23495	13824
2	11	9	1	2	-55	576
2	11	9	1	3	2465	1152
2	11	9	2	1	55	256
2	11	9	2	3	-55	384
2	11	10	0	0	185	13824
2	11	10	0	1	-755	5184
2	11	10	0	2	745	6912
2	11	10	0	3	65	1152
2	11	10	1	0	275	13824
2	11	10	1	1	-55	864
2	11	10	1	2	-55	2304
2	11	10	1	3	55	2304
2	11	11	0	1	-755	41472
2	11	11	0	3	65	2304
2	11	11	1	1	-55	6912
2	11	11	1	3	55	4608
2	12	0	0	3	1705	972
2	12	0	0	4	55	162
2	12	0	1	2	-9625	1296
2	12	0	1	3	-3025	288
2	12	0	2	1	-49775	3456
2	12	0	2	2	27775	288
2	12	0	2	3	55	72
2	12	0	3	0	72105	512
2	12	0	3	1	-2129545	4608
2	12	0	3	2	-3025	192
2	12	0	4	0	548823	512
2	12	0	4	1	12375	128
2	12	0	5	0	-176055	1024
2	12	0	5	1	-825	256
2	12	0	6	0	2475	256
2	12	1	0	2	9625	972
2	12	1	0	3	-2695	648
2	12	1	0	4	-55	27
2	12	1	1	1	49775	1728
2	12	1	1	2	-37895	432
2	12	1	1	3	27005	576
2	12	1	2	0	-24035	64
2	12	1	2	1	6079645	6912
2	12	1	2	2	-8745	32
2	12	1	2	3	-55	16
2	12	1	3	0	-4195235	1536
2	12	1	3	1	4960835	9216
2	12	1	3	2	3025	64
2	12	1	4	0	135355	384
2	12	1	4	1	-36245	256
2	12	1	5	0	-2475	256
2	12	1	5	1	2475	512
2	12	2	0	1	-49775	2592
2	12	2	0	2	-3245	486
2	12	2	0	3	-4015	1296
2	12	2	0	4	55	12
2	12	2	1	0	24035	64
2	12	2	1	1	-147565	288
2	12	2	1	2	147895	576
2	12	2	1	3	-79915	1152
2	12	2	2	0	2685925	1152
2	12	2	2	1	-691295	864
2	12	2	2	2	67925	384
2	12	2	2	3	165	32
2	12	2	3	0	-14312485	9216
2	12	2	3	1	22495	144
2	12	2	3	2	-9075	256
2	12	2	4	0	124795	768
2	12	2	4	1	-55	16
2	12	2	5	0	-2475	512
2	12	3	0	0	-24035	144
2	12	3	0	1	903925	15552
2	12	3	0	2	-4235	144
2	12	3	0	3	35035	2592
2	12	3	0	4	-1265	324
2	12	3	1	0	-26675	48
2	12	3	1	1	1597585	6912
2	12	3	1	2	-112585	1296
2	12	3	1	3	13805	768
2	12	3	2	0	177925	72
2	12	3	2	1	-4713335	6912
2	12	3	2	2	3905	36
2	12	3	2	3	-275	192
2	12	3	3	0	-379225	2304
2	12	3	3	1	-1064635	9216
2	12	3	3	2	-3025	192
2	12	3	4	0	-55	4
2	12	3	4	1	11715	256
2	12	3	5	1	-825	512
2	12	4	0	0	-122705	648
2	12	4	0	1	633985	31104
2	12	4	0	2	101255	7776
2	12	4	0	3	-55	24
2	12	4	0	4	-385	288
2	12	4	1	0	-25756555	20736
2	12	4	1	1	4281145	6912
2	12	4	1	2	-191675	864
2	12	4	1	3	8965	192
2	12	4	2	0	19745	36
2	12	4	2	1	1232605	3456
2	12	4	2	2	-10615	96
2	12	4	2	3	-55	16
2	12	4	3	0	-116875	9216
2	12	4	3	1	-364375	4608
2	12	4	3	2	3025	128
2	12	4	4	0	-55	16
2	12	4	4	1	55	32
2	12	5	0	0	-162415	15552
2	12	5	0	1	-4789565	62208
2	12	5	0	2	141185	3888
2	12	5	0	3	-6215	432
2	12	5	0	4	55	12
2	12	5	1	0	-11951885	20736
2	12	5	1	1	-959585	13824
2	12	5	1	2	7645	72
2	12	5	1	3	-12815	384
2	12	5	2	0	-5225	96
2	12	5	2	1	1556335	6912
2	12	5	2	2	-385	24
2	12	5	2	3	165	64
2	12	5	3	0	8745	512
2	12	5	3	1	-355465	9216
2	12	5	4	1	55	64
2	12	6	0	0	1637185	31104
2	12	6	0	1	-442145	15552
2	12	6	0	2	-81125	10368
2	12	6	0	3	3575	648
2	12	6	0	4	-385	216
2	12	6	1	0	-112475	4608
2	12	6	1	1	-285725	1152
2	12	6	1	2	52195	648
2	12	6	1	3	-1595	192
2	12	6	2	0	-1265	64
2	12	6	2	1	1925	64
2	12	6	2	2	13915	1152
2	12	6	2	3	55	96
2	12	6	3	0	2915	1024
2	12	6	3	1	165	256
2	12	6	3	2	-3025	768
2	12	7	0	0	199595	15552
2	12	7	0	1	1830125	62208
2	12	7	0	2	-163405	7776
2	12	7	0	3	385	54
2	12	7	0	4	-55	36
2	12	7	1	0	322355	10368
2	12	7	1	1	-759275	13824
2	12	7	1	2	-3685	144
2	12	7	1	3	1045	96
2	12	7	2	0	-55	12
2	12	7	2	1	4565	768
2	12	7	2	2	385	96
2	12	7	2	3	-55	64
2	12	7	3	1	165	1024
2	12	8	0	0	-577225	124416
2	12	8	0	1	265375	15552
2	12	8	0	2	-3025	15552
2	12	8	0	3	-605	216
2	12	8	0	4	55	48
2	12	8	1	0	342155	82944
2	12	8	1	1	3685	864
2	12	8	1	2	-3905	288
2	12	8	1	3	55	192
2	12	8	2	0	-55	96
2	12	8	2	1	-55	64
2	12	8	2	2	385	192
2	12	9	0	0	-57475	31104
2	12	9	0	1	20405	31104
2	12	9	0	2	4345	864
2	12	9	0	3	-7315	3888
2	12	9	0	4	55	324
2	12	9	1	0	275	3456
2	12	9	1	1	55	54
2	12	9	1	2	-55	144
2	12	9	1	3	-1265	1152
2	12	9	2	1	-55	384
2	12	9	2	3	55	576
2	12	10	0	0	-4235	62208
2	12	10	0	1	-220	243
2	12	10	0	2	385	384
2	12	10	0	3	605	1296
2	12	10	0	4	-55	216
2	12	10	1	0	55	6912
2	12	10	1	1	55	432
2	12	10	1	2	-55	576
2	12	10	1	3	-55	1152
2	12	11	0	0	55	1728
2	12	11	0	1	-55	486
2	12	11	0	2	-55	432
2	12	11	0	3	605	2592
2	12	11	1	1	55	3456
2	12	11	1	3	-55	2304
2	12	12	0	0	55	20736
2	12	12	0	2	-55	2592
2	12	12	0	4	55	2592
2	13	0	0	4	-55	216
2	13	0	1	3	4235	1728
2	13	0	2	2	-3905	288
2	13	0	2	3	-55	288
2	13	0	3	1	142505	3072
2	13	0	3	2	275	128
2	13	0	4	0	-159489	2048
2	13	0	4	1	-605	64
2	13	0	5	0	25905	2048
2	13	0	5	1	165	512
2	13	0	6	0	-1485	2048
2	13	1	0	3	-4235	1296
2	13	1	0	4	55	36
2	13	1	1	2	3905	144
2	13	1	1	3	-12485	1152
2	13	1	2	1	-142505	1152
2	13	1	2	2	3575	96
2	13	1	2	3	55	64
2	13	1	3	0	265815	1024
2	13	1	3	1	-99825	2048
2	13	1	3	2	-825	128
2	13	1	4	0	-8635	256
2	13	1	4	1	55	4
2	13	1	5	0	495	512
2	13	1	5	1	-495	1024
2	13	2	0	2	-3905	216
2	13	2	0	3	4235	324
2	13	2	0	4	-55	16
2	13	2	1	1	142505	1152
2	13	2	1	2	-19195	288
2	13	2	1	3	36355	2304
2	13	2	2	0	-88605	256
2	13	2	2	1	42295	384
2	13	2	2	2	-2805	128
2	13	2	2	3	-165	128
2	13	2	3	0	970145	6144
2	13	2	3	1	-2695	128
2	13	2	3	2	2475	512
2	13	2	4	0	-7975	512
2	13	2	4	1	55	128
2	13	2	5	0	495	1024
2	13	3	0	1	-142505	2592
2	13	3	0	2	110	3
2	13	3	0	3	-4235	288
2	13	3	0	4	1265	432
2	13	3	1	0	29535	128
2	13	3	1	1	-430595	6912
2	13	3	1	2	1155	64
2	13	3	1	3	-17215	4608
2	13	3	2	0	-88605	256
2	13	3	2	1	461395	4608
2	13	3	2	2	-9295	576
2	13	3	2	3	275	768
2	13	3	3	0	38225	1536
2	13	3	3	1	47135	6144
2	13	3	3	2	275	128
2	13	3	4	0	165	128
2	13	3	4	1	-2255	512
2	13	3	5	1	165	1024
2	13	4	0	0	-9845	128
2	13	4	0	1	715	216
2	13	4	0	2	3575	432
2	13	4	0	3	-4235	864
2	13	4	0	4	385	384
2	13	4	1	0	2305985	6912
2	13	4	1	1	-2141095	13824
2	13	4	1	2	65725	1152
2	13	4	1	3	-1375	128
2	13	4	2	0	-86405	1024
2	13	4	2	1	-11495	256
2	13	4	2	2	5005	384
2	13	4	2	3	55	64
2	13	4	3	0	13475	6144
2	13	4	3	1	10945	1024
2	13	4	3	2	-825	256
2	13	4	4	0	165	512
2	13	4	4	1	-55	256
2	13	5	0	0	-762905	5184
2	13	5	0	1	48455	576
2	13	5	0	2	-19855	432
2	13	5	0	3	122815	6912
2	13	5	0	4	-55	16
2	13	5	1	0	2041655	13824
2	13	5	1	1	442475	27648
2	13	5	1	2	-6985	288
2	13	5	1	3	5555	768
2	13	5	2	0	275	64
2	13	5	2	1	-51425	1536
2	13	5	2	2	55	16
2	13	5	2	3	-165	256
2	13	5	3	0	-2475	1024
2	13	5	3	1	10615	2048
2	13	5	4	1	-55	512
2	13	6	0	0	-2049575	20736
2	13	6	0	1	116765	5184
2	13	6	0	2	55	3456
2	13	6	0	3	-4235	1152
2	13	6	0	4	385	288
2	13	6	1	0	28105	3072
2	13	6	1	1	431695	6912
2	13	6	1	2	-15565	768
2	13	6	1	3	2365	1152
2	13	6	2	0	825	256
2	13	6	2	1	-2035	288
2	13	6	2	2	-935	1152
2	13	6	2	3	-55	384
2	13	6	3	0	-825	2048
2	13	6	3	1	-55	512
2	13	6	3	2	275	512
2	13	7	0	0	-459965	20736
2	13	7	0	1	-484715	13824
2	13	7	0	2	40205	1728
2	13	7	0	3	-55055	6912
2	13	7	0	4	55	48
2	13	7	1	0	-49775	6912
2	13	7	1	1	429385	27648
2	13	7	1	2	385	72
2	13	7	1	3	-55	24
2	13	7	2	0	275	256
2	13	7	2	1	-6325	4608
2	13	7	2	2	-55	64
2	13	7	2	3	55	256
2	13	7	3	1	-55	2048
2	13	8	0	0	504955	165888
2	13	8	0	1	-135355	6912
2	13	8	0	2	5665	3456
2	13	8	0	3	4235	1728
2	13	8	0	4	-55	64
2	13	8	1	0	-69575	55296
2	13	8	1	1	-1705	6912
2	13	8	1	2	935	288
2	13	8	1	3	-55	384
2	13	8	2	0	275	2048
2	13	8	2	1	55	256
2	13	8	2	2	-55	128
2	13	9	0	0	36575	20736
2	13	9	0	1	-52415	41472
2	13	9	0	2	-4235	864
2	13	9	0	3	4235	2304
2	13	9	0	4	-55	432
2	13	9	1	0	-275	2304
2	13	9	1	1	-2695	13824
2	13	9	1	2	55	192
2	13	9	1	3	1375	6912
2	13	9	2	1	55	1536
2	13	9	2	3	-55	2304
2	13	10	0	0	3685	41472
2	13	10	0	1	715	864
2	13	10	0	2	-3575	3456
2	13	10	0	3	-4235	10368
2	13	10	0	4	55	288
2	13	10	1	0	-55	4608
2	13	10	1	1	-55	864
2	13	10	1	2	55	768
2	13	10	1	3	55	2304
2	13	11	0	0	-55	2304
2	13	11	0	1	715	6912
2	13	11	0	2	55	576
2	13	11	0	3	-4235	20736
2	13	11	1	1	-55	6912
2	13	11	1	3	55	4608
2	13	12	0	0	-55	27648
2	13	12	0	2	55	3456
2	13	12	0	4	-55	3456
3	0	0	0	0	-47515	2048
3	0	0	1	0	-122585	2048
3	0	0	2	0	-697915	2048
3	0	0	3	0	49685	2048
3	0	0	4	0	-1076265	2048
3	0	0	5	0	184725	2048
3	0	0	6	0	-7425	2048
3	1	0	0	0	298175	1024
3	1	0	1	0	851975	1024
3	1	0	2	0	4331875	1024
3	1	0	3	0	264825	1024
3	1	0	4	0	6628845	1024
3	1	0	5	0	-1138275	1024
3	1	0	6	0	47025	1024
3	2	0	0	0	-1729675	1024
3	2	0	1	0	-5389975	1024
3	2	0	2	0	-24863775	1024
3	2	0	3	0	-4805625	1024
3	2	0	4	0	-37724145	1024
3	2	0	5	0	6469875	1024
3	2	0	6	0	-274725	1024
3	3	0	0	0	746845	128
3	3	0	0	1	-335	36
3	3	0	1	0	10076795	512
3	3	0	1	1	-142475	768
3	3	0	2	0	21584245	256
3	3	0	2	1	18185	288
3	3	0	3	0	13853615	512
3	3	0	3	1	-838715	2304
3	3	0	4	0	128235	1
3	3	0	4	1	1775	32
3	3	0	5	0	-11228275	512
3	3	0	5	1	-275	256
3	3	0	6	0	245025	256
3	3	1	0	0	-78175	384
3	3	1	0	1	335	24
3	3	1	1	0	-274295	256
3	3	1	1	1	142475	512
3	3	1	2	0	-179365	192
3	3	1	2	1	-18185	192
3	3	1	3	0	-1667405	768
3	3	1	3	1	838715	1536
3	3	1	4	0	28275	128
3	3	1	4	1	-5325	64
3	3	1	5	0	-825	256
3	3	1	5	1	825	512
3	3	2	0	0	-78175	768
3	3	2	1	0	-274295	512
3	3	2	2	0	-179365	384
3	3	2	3	0	-1667405	1536
3	3	2	4	0	28275	256
3	3	2	5	0	-825	512
3	3	3	0	1	-335	72
3	3	3	1	1	-142475	1536
3	3	3	2	1	18185	576
3	3	3	3	1	-838715	4608
3	3	3	4	1	1775	64
3	3	3	5	1	-275	512
3	4	0	0	0	-27028885	2048
3	4	0	0	1	7985	288
3	4	0	1	0	-98354195	2048
3	4	0	1	1	4438015	3456
3	4	0	2	0	-401039245	2048
3	4	0	2	1	-363605	432
3	4	0	3	0	-178386165	2048
3	4	0	3	1	407355	128
3	4	0	4	0	-623761575	2048
3	4	0	4	1	-16675	32
3	4	0	5	0	106207375	2048
3	4	0	5	1	1375	128
3	4	0	6	0	-4764375	2048
3	4	1	0	0	531095	384
3	4	1	0	1	-7985	192
3	4	1	1	0	3111605	384
3	4	1	1	1	-4438015	2304
3	4	1	2	0	1266205	192
3	4	1	2	1	363605	288
3	4	1	3	0	2460335	128
3	4	1	3	1	-1222065	256
3	4	1	4	0	-263875	128
3	4	1	4	1	50025	64
3	4	1	5	0	4125	128
3	4	1	5	1	-4125	256
3	4	2	0	0	1464545	2304
3	4	2	1	0	9367235	2304
3	4	2	2	0	3054655	1152
3	4	2	3	0	7314575	768
3	4	2	4	0	-260575	256
3	4	2	5	0	4125	256
3	4	3	0	0	-32185	576
3	4	3	0	1	7985	576
3	4	3	1	0	8105	576
3	4	3	1	1	4438015	6912
3	4	3	2	0	-92995	144
3	4	3	2	1	-363605	864
3	4	3	3	0	-33215	384
3	4	3	3	1	407355	256
3	4	3	4	0	825	64
3	4	3	4	1	-16675	64
3	4	3	5	1	1375	256
3	4	4	0	0	-32185	2304
3	4	4	1	0	8105	2304
3	4	4	2	0	-92995	576
3	4	4	3	0	-33215	1536
3	4	4	4	0	825	256
3	5	0	0	0	20755815	1024
3	5	0	0	1	-17615	216
3	5	0	1	0	81786205	1024
3	5	0	1	1	-30597235	6912
3	5	0	2	0	326004435	1024
3	5	0	2	1	1075235	288
3	5	0	3	0	185613555	1024
3	5	0	3	1	-9696475	768
3	5	0	4	0	533636565	1024
3	5	0	4	1	211525	96
3	5	0	5	0	-90342225	1024
3	5	0	5	1	-12375	256
3	5	0	6	0	4165425	1024
3	5	1	0	0	-640415	128
3	5	1	0	1	185675	1728
3	5	1	1	0	-23072705	768
3	5	1	1	1	88847065	13824
3	5	1	2	0	-4524055	192
3	5	1	2	1	-10040885	1728
3	5	1	3	0	-19727435	256
3	5	1	3	1	29054225	1536
3	5	1	4	0	3322475	384
3	5	1	4	1	-158575	48
3	5	1	5	0	-37125	256
3	5	1	5	1	37125	512
3	5	2	0	0	-5316355	2304
3	5	2	0	1	25705	1728
3	5	2	1	0	-74191955	4608
3	5	2	1	1	23005	108
3	5	2	2	0	-1079905	128
3	5	2	2	1	181885	864
3	5	2	3	0	-58191145	1536
3	5	2	3	1	275	12
3	5	2	4	0	3239975	768
3	5	2	4	1	-275	192
3	5	2	5	0	-37125	512
3	5	3	0	0	111845	576
3	5	3	0	1	-204725	6912
3	5	3	1	0	-310865	288
3	5	3	1	1	-28388755	13824
3	5	3	2	0	321085	96
3	5	3	2	1	2332355	1152
3	5	3	3	0	123895	192
3	5	3	3	1	-9670075	1536
3	5	3	4	0	-6875	64
3	5	3	4	1	845275	768
3	5	3	5	1	-12375	512
3	5	4	0	0	111845	2304
3	5	4	0	1	-25705	3456
3	5	4	1	0	-310865	1152
3	5	4	1	1	-23005	216
3	5	4	2	0	321085	384
3	5	4	2	1	-181885	1728
3	5	4	3	0	123895	768
3	5	4	3	1	-275	24
3	5	4	4	0	-6875	256
3	5	4	4	1	275	384
3	5	5	0	1	-25705	6912
3	5	5	1	1	-23005	432
3	5	5	2	1	-181885	3456
3	5	5	3	1	-275	48
3	5	5	4	1	275	768
3	6	0	0	0	-10839815	512
3	6	0	0	1	32345	144
3	6	0	0	2	-152185	3888
3	6	0	1	0	-46953295	512
3	6	0	1	1	1016155	108
3	6	0	1	2	77015	5184
3	6	0	2	0	-188800935	512
3	6	0	2	1	-3649825	432
3	6	0	2	2	-1055	9
3	6	0	3	0	-132710275	512
3	6	0	3	1	17259775	576
3	6	0	3	2	1375	128
3	6	0	4	0	-338271495	512
3	6	0	4	1	-132575	24
3	6	0	5	0	56876025	512
3	6	0	5	1	4125	32
3	6	0	6	0	-2695275	512
3	6	1	0	0	4280585	384
3	6	1	0	1	-1614415	2592
3	6	1	0	2	152185	1296
3	6	1	1	0	4319015	64
3	6	1	1	1	-8706245	648
3	6	1	1	2	-77015	1728
3	6	1	2	0	21247735	384
3	6	1	2	1	11082955	864
3	6	1	2	2	1055	3
3	6	1	3	0	47183475	256
3	6	1	3	1	-5721725	128
3	6	1	3	2	-4125	128
3	6	1	4	0	-2065075	96
3	6	1	4	1	397175	48
3	6	1	5	0	12375	32
3	6	1	5	1	-12375	64
3	6	2	0	0	9992575	2304
3	6	2	0	1	185275	648
3	6	2	0	2	-152185	1728
3	6	2	1	0	41805965	1152
3	6	2	1	1	-219575	324
3	6	2	1	2	77015	2304
3	6	2	2	0	40585105	2304
3	6	2	2	1	-16685	108
3	6	2	2	2	-1055	4
3	6	2	3	0	138487025	1536
3	6	2	3	1	-11825	48
3	6	2	3	2	12375	512
3	6	2	4	0	-1989175	192
3	6	2	4	1	275	24
3	6	2	5	0	12375	64
3	6	3	0	0	-688165	576
3	6	3	0	1	141155	432
3	6	3	0	2	-152185	3888
3	6	3	1	0	1303495	576
3	6	3	1	1	201415	48
3	6	3	1	2	77015	5184
3	6	3	2	0	-5779135	576
3	6	3	2	1	-3749935	864
3	6	3	2	2	-1055	9
3	6	3	3	0	-48175	24
3	6	3	3	1	17046925	1152
3	6	3	3	2	1375	128
3	6	3	4	0	6325	16
3	6	3	4	1	-264325	96
3	6	3	5	1	4125	64
3	6	4	0	0	-567515	2304
3	6	4	0	1	-185275	1296
3	6	4	0	2	152185	2592
3	6	4	1	0	483895	2304
3	6	4	1	1	219575	648
3	6	4	1	2	-77015	3456
3	6	4	2	0	-5727185	2304
3	6	4	2	1	16685	216
3	6	4	2	2	1055	6
3	6	4	3	0	-397775	768
3	6	4	3	1	11825	96
3	6	4	3	2	-4125	256
3	6	4	4	0	6325	64
3	6	4	4	1	-275	48
3	6	5	0	0	12065	384
3	6	5	0	1	-185275	2592
3	6	5	1	0	-3415	16
3	6	5	1	1	219575	1296
3	6	5	2	0	5195	384
3	6	5	2	1	16685	432
3	6	5	3	0	-2475	256
3	6	5	3	1	11825	192
3	6	5	4	1	-275	96
3	6	6	0	0	12065	2304
3	6	6	0	2	-152185	15552
3	6	6	1	0	-3415	96
3	6	6	1	2	77015	20736
3	6	6	2	0	5195	2304
3	6	6	2	2	-1055	36
3	6	6	3	0	-825	512
3	6	6	3	2	1375	512
3	7	0	0	0	3727205	256
3	7	0	0	1	-729515	1728
3	7	0	0	2	179035	1296
3	7	0	1	0	36777275	512
3	7	0	1	1	-9975335	768
3	7	0	1	2	-22595	108
3	7	0	2	0	77707895	256
3	7	0	2	1	605275	54
3	7	0	2	2	96845	144
3	7	0	3	0	267333375	1024
3	7	0	3	1	-217297375	4608
3	7	0	3	2	-6875	96
3	7	0	4	0	80405805	128
3	7	0	4	1	436625	48
3	7	0	5	0	-26831625	256
3	7	0	5	1	-28875	128
3	7	0	6	0	81675	16
3	7	1	0	0	-2036545	128
3	7	1	0	1	17294675	10368
3	7	1	0	2	-179035	432
3	7	1	1	0	-74752865	768
3	7	1	1	1	743935055	41472
3	7	1	1	2	22595	36
3	7	1	2	0	-11526755	128
3	7	1	2	1	-123770	9
3	7	1	2	2	-96845	48
3	7	1	3	0	-149145475	512
3	7	1	3	1	71340525	1024
3	7	1	3	2	6875	32
3	7	1	4	0	6738025	192
3	7	1	4	1	-1306025	96
3	7	1	5	0	-86625	128
3	7	1	5	1	86625	256
3	7	2	0	0	-1127085	256
3	7	2	0	1	-4123225	3888
3	7	2	0	2	179035	576
3	7	2	1	0	-75529085	1536
3	7	2	1	1	396065	288
3	7	2	1	2	-22595	48
3	7	2	2	0	-46311095	2304
3	7	2	2	1	-111595	36
3	7	2	2	2	96845	64
3	7	2	3	0	-1313135575	9216
3	7	2	3	1	204875	192
3	7	2	3	2	-20625	128
3	7	2	4	0	6414625	384
3	7	2	4	1	-1925	48
3	7	2	5	0	-86625	256
3	7	3	0	0	1862915	576
3	7	3	0	1	-30306635	31104
3	7	3	0	2	179035	1296
3	7	3	1	0	-509785	3456
3	7	3	1	1	-217766875	41472
3	7	3	1	2	-22595	108
3	7	3	2	0	4729805	192
3	7	3	2	1	1437745	432
3	7	3	2	2	96845	144
3	7	3	3	0	7496375	2304
3	7	3	3	1	-209930125	9216
3	7	3	3	2	-6875	96
3	7	3	4	0	-13475	16
3	7	3	4	1	867475	192
3	7	3	5	1	-28875	256
3	7	4	0	0	315355	768
3	7	4	0	1	8545955	15552
3	7	4	0	2	-179035	864
3	7	4	1	0	1891255	4608
3	7	4	1	1	-3873565	6912
3	7	4	1	2	22595	72
3	7	4	2	0	13349365	2304
3	7	4	2	1	113695	72
3	7	4	2	2	-96845	96
3	7	4	3	0	8511125	9216
3	7	4	3	1	-820325	1536
3	7	4	3	2	6875	64
3	7	4	4	0	-13475	64
3	7	4	4	1	1925	96
3	7	5	0	0	-91685	384
3	7	5	0	1	7946945	31104
3	7	5	1	0	618355	2304
3	7	5	1	1	-5631995	13824
3	7	5	2	0	-84005	384
3	7	5	2	1	109495	144
3	7	5	3	0	33825	512
3	7	5	3	1	-818675	3072
3	7	5	4	1	1925	192
3	7	6	0	0	-91685	2304
3	7	6	0	1	-99835	7776
3	7	6	0	2	179035	5184
3	7	6	1	0	618355	13824
3	7	6	1	1	-879215	10368
3	7	6	1	2	-22595	432
3	7	6	2	0	-84005	2304
3	7	6	2	1	-175	9
3	7	6	2	2	96845	576
3	7	6	3	0	11275	1024
3	7	6	3	1	275	768
3	7	6	3	2	-6875	384
3	7	7	0	1	-99835	31104
3	7	7	1	1	-879215	41472
3	7	7	2	1	-175	36
3	7	7	3	1	275	3072
3	8	0	0	0	-1541315	256
3	8	0	0	1	148085	288
3	8	0	0	2	-426845	1728
3	8	0	1	0	-37651015	1024
3	8	0	1	1	13554865	1152
3	8	0	1	2	576595	864
3	8	0	2	0	-177770325	1024
3	8	0	2	1	-868795	96
3	8	0	2	2	-321415	192
3	8	0	3	0	-379872585	2048
3	8	0	3	1	39517955	768
3	8	0	3	2	26125	128
3	8	0	4	0	-916886535	2048
3	8	0	4	1	-493675	48
3	8	0	5	0	151755075	2048
3	8	0	5	1	17325	64
3	8	0	6	0	-7595775	2048
3	8	1	0	0	3719655	256
3	8	1	0	1	-1512655	576
3	8	1	0	2	11127025	15552
3	8	1	1	0	70152965	768
3	8	1	1	1	-303055715	20736
3	8	1	1	2	-440425	216
3	8	1	2	0	25830085	256
3	8	1	2	1	4661825	1728
3	8	1	2	2	320865	64
3	8	1	3	0	40688705	128
3	8	1	3	1	-114701665	1536
3	8	1	3	2	-78375	128
3	8	1	4	0	-7539875	192
3	8	1	4	1	1473325	96
3	8	1	5	0	51975	64
3	8	1	5	1	-51975	128
3	8	2	0	0	4754725	4608
3	8	2	0	1	1077685	648
3	8	2	0	2	-30596545	62208
3	8	2	1	0	20737005	512
3	8	2	1	1	-1154905	432
3	8	2	1	2	5508505	3456
3	8	2	2	0	14186215	4608
3	8	2	2	1	595145	54
3	8	2	2	2	-958745	256
3	8	2	3	0	40087555	256
3	8	2	3	1	-241175	96
3	8	2	3	2	235125	512
3	8	2	4	0	-7100975	384
3	8	2	4	1	1925	24
3	8	2	5	0	51975	128
3	8	3	0	0	-14202145	2304
3	8	3	0	1	9041525	5184
3	8	3	0	2	-2759965	10368
3	8	3	1	0	-30751955	6912
3	8	3	1	1	71054455	20736
3	8	3	1	2	2210635	3456
3	8	3	2	0	-106457215	2304
3	8	3	2	1	683675	192
3	8	3	2	2	-645305	384
3	8	3	3	0	-333575	128
3	8	3	3	1	36632105	1536
3	8	3	3	2	26125	128
3	8	3	4	0	36575	32
3	8	3	4	1	-121975	24
3	8	3	5	1	17325	128
3	8	4	0	0	-122171605	82944
3	8	4	0	1	-1782575	2592
3	8	4	0	2	19668415	62208
3	8	4	1	0	-1916045	9216
3	8	4	1	1	3683345	3456
3	8	4	1	2	-7461695	6912
3	8	4	2	0	-93012115	9216
3	8	4	2	1	-4854535	864
3	8	4	2	2	638155	256
3	8	4	3	0	-498575	512
3	8	4	3	1	967175	768
3	8	4	3	2	-78375	256
3	8	4	4	0	36575	128
3	8	4	4	1	-1925	48
3	8	5	0	0	320545	20736
3	8	5	0	1	-2528165	5184
3	8	5	0	2	198895	7776
3	8	5	1	0	1258325	2304
3	8	5	1	1	1851965	2304
3	8	5	1	2	31915	864
3	8	5	2	0	224855	256
3	8	5	2	1	-4667785	1728
3	8	5	2	2	275	32
3	8	5	3	0	-12375	64
3	8	5	3	1	962225	1536
3	8	5	4	1	-1925	96
3	8	6	0	0	-256945	13824
3	8	6	0	1	-124265	1296
3	8	6	0	2	-882745	20736
3	8	6	1	0	1298995	13824
3	8	6	1	1	936275	5184
3	8	6	1	2	168085	864
3	8	6	2	0	76235	512
3	8	6	2	1	10375	144
3	8	6	2	2	-316465	768
3	8	6	3	0	-4125	128
3	8	6	3	1	-275	128
3	8	6	3	2	26125	512
3	8	7	0	0	-188075	20736
3	8	7	0	1	-124265	5184
3	8	7	0	2	-198895	31104
3	8	7	1	0	2905	2304
3	8	7	1	1	936275	20736
3	8	7	1	2	-31915	3456
3	8	7	2	0	275	256
3	8	7	2	1	10375	576
3	8	7	2	2	-275	128
3	8	7	3	1	-275	512
3	8	8	0	0	-188075	165888
3	8	8	0	2	-198895	62208
3	8	8	1	0	2905	18432
3	8	8	1	2	-31915	6912
3	8	8	2	0	275	2048
3	8	8	2	2	-275	256
3	9	0	0	0	9205	8
3	9	0	0	1	-649855	1728
3	9	0	0	2	1061285	3888
3	9	0	0	3	19615	3888
3	9	0	1	0	1423265	128
3	9	0	1	1	-47282195	6912
3	9	0	1	2	-75380	81
3	9	0	1	3	-925	54
3	9	0	2	0	33552245	512
3	9	0	2	1	3667085	864
3	9	0	2	2	509855	216
3	9	0	2	3	275	432
3	9	0	3	0	23316705	256
3	9	0	3	1	-181797505	4608
3	9	0	3	2	-20625	64
3	9	0	4	0	241743975	1024
3	9	0	4	1	388325	48
3	9	0	5	0	-39697125	1024
3	9	0	5	1	-28875	128
3	9	0	6	0	2041875	1024
3	9	1	0	0	-1526305	192
3	9	1	0	1	28322185	10368
3	9	1	0	2	-950495	1296
3	9	1	0	3	-19615	864
3	9	1	1	0	-13942615	256
3	9	1	1	1	283664035	41472
3	9	1	1	2	393965	144
3	9	1	1	3	925	12
3	9	1	2	0	-14565175	192
3	9	1	2	1	4848245	432
3	9	1	2	2	-506555	72
3	9	1	2	3	-275	96
3	9	1	3	0	-124166465	512
3	9	1	3	1	56950835	1024
3	9	1	3	2	61875	64
3	9	1	4	0	5863375	192
3	9	1	4	1	-577675	48
3	9	1	5	0	-86625	128
3	9	1	5	1	86625	256
3	9	2	0	0	168725	48
3	9	2	0	1	-25637875	15552
3	9	2	0	2	691985	1728
3	9	2	0	3	19615	576
3	9	2	1	0	-79698175	4608
3	9	2	1	1	6982555	2592
3	9	2	1	2	-1688195	864
3	9	2	1	3	-925	8
3	9	2	2	0	2263055	96
3	9	2	2	1	-30640135	1728
3	9	2	2	2	166285	32
3	9	2	2	3	275	64
3	9	2	3	0	-373142575	3072
3	9	2	3	1	686125	192
3	9	2	3	2	-185625	256
3	9	2	4	0	5470675	384
3	9	2	4	1	-9625	96
3	9	2	5	0	-86625	256
3	9	3	0	0	27825065	3456
3	9	3	0	1	-130268735	62208
3	9	3	0	2	2621125	7776
3	9	3	0	3	-98075	10368
3	9	3	1	0	12483625	1728
3	9	3	1	1	-19671175	41472
3	9	3	1	2	-5041985	5184
3	9	3	1	3	4625	144
3	9	3	2	0	68426665	1152
3	9	3	2	1	-25345255	2304
3	9	3	2	2	64660	27
3	9	3	2	3	-1375	1152
3	9	3	3	0	160955	768
3	9	3	3	1	-157220755	9216
3	9	3	3	2	-20625	64
3	9	3	4	0	-32725	32
3	9	3	4	1	1524425	384
3	9	3	5	1	-28875	256
3	9	4	0	0	112072475	41472
3	9	4	0	1	13529335	31104
3	9	4	0	2	-1180855	5184
3	9	4	0	3	-19615	864
3	9	4	1	0	-875405	576
3	9	4	1	1	-16622155	20736
3	9	4	1	2	4413175	3456
3	9	4	1	3	925	12
3	9	4	2	0	6247385	512
3	9	4	2	1	31008985	3456
3	9	4	2	2	-247915	72
3	9	4	2	3	-275	96
3	9	4	3	0	1769705	3072
3	9	4	3	1	-2756875	1536
3	9	4	3	2	61875	128
3	9	4	4	0	-32725	128
3	9	4	4	1	9625	192
3	9	5	0	0	2056505	5184
3	9	5	0	1	39690295	62208
3	9	5	0	2	-6155	72
3	9	5	0	3	19615	1152
3	9	5	1	0	-1463975	768
3	9	5	1	1	-40275085	41472
3	9	5	1	2	24185	432
3	9	5	1	3	-925	16
3	9	5	2	0	-12885	8
3	9	5	2	1	30291085	6912
3	9	5	2	2	-275	6
3	9	5	2	3	275	128
3	9	5	3	0	160875	512
3	9	5	3	1	-2732125	3072
3	9	5	4	1	9625	384
3	9	6	0	0	89725	1728
3	9	6	0	1	699695	2592
3	9	6	0	2	64175	15552
3	9	6	0	3	19615	5184
3	9	6	1	0	-3363065	13824
3	9	6	1	1	-3855755	10368
3	9	6	1	2	-988415	5184
3	9	6	1	3	-925	72
3	9	6	2	0	-330415	1152
3	9	6	2	1	-30325	432
3	9	6	2	2	480155	864
3	9	6	2	3	275	576
3	9	6	3	0	53625	1024
3	9	6	3	1	1375	256
3	9	6	3	2	-20625	256
3	9	7	0	0	-63065	10368
3	9	7	0	1	3307225	62208
3	9	7	0	2	6155	288
3	9	7	0	3	-19615	3456
3	9	7	1	0	36745	1152
3	9	7	1	1	-3380555	41472
3	9	7	1	2	-24185	1728
3	9	7	1	3	925	48
3	9	7	2	0	-3025	384
3	9	7	2	1	-130375	6912
3	9	7	2	2	275	24
3	9	7	2	3	-275	384
3	9	7	3	1	1375	1024
3	9	8	0	0	-63065	82944
3	9	8	0	1	-80995	10368
3	9	8	0	2	6155	576
3	9	8	1	0	36745	9216
3	9	8	1	1	25	4
3	9	8	1	2	-24185	3456
3	9	8	2	0	-3025	3072
3	9	8	2	1	-275	384
3	9	8	2	2	275	48
3	9	9	0	1	-80995	62208
3	9	9	0	3	19615	31104
3	9	9	1	1	25	24
3	9	9	1	3	-925	432
3	9	9	2	1	-275	2304
3	9	9	2	3	275	3456
3	10	0	0	1	23405	192
3	10	0	0	2	-887945	5184
3	10	0	0	3	-12695	648
3	10	0	1	0	-773235	512
3	10	0	1	1	676195	288
3	10	0	1	2	249595	384
3	10	0	1	3	23875	432
3	10	0	2	0	-7503155	512
3	10	0	2	1	-32395	36
3	10	0	2	2	-1770605	864
3	10	0	2	3	-275	108
3	10	0	3	0	-30098685	1024
3	10	0	3	1	24197225	1152
3	10	0	3	2	116875	384
3	10	0	4	0	-91601745	1024
3	10	0	4	1	-104975	24
3	10	0	5	0	14937675	1024
3	10	0	5	1	4125	32
3	10	0	6	0	-789525	1024
3	10	1	0	0	257745	128
3	10	1	0	1	-663595	384
3	10	1	0	2	1716715	5184
3	10	1	0	3	12695	144
3	10	1	1	0	14524195	768
3	10	1	1	1	-3118295	1728
3	10	1	1	2	-5256325	3456
3	10	1	1	3	-23875	96
3	10	1	2	0	3506005	96
3	10	1	2	1	-6511945	432
3	10	1	2	2	1742555	288
3	10	1	2	3	275	24
3	10	1	3	0	32688235	256
3	10	1	3	1	-7256875	256
3	10	1	3	2	-116875	128
3	10	1	4	0	-1565275	96
3	10	1	4	1	311075	48
3	10	1	5	0	12375	32
3	10	1	5	1	-12375	64
3	10	2	0	0	-10758145	2304
3	10	2	0	1	258605	288
3	10	2	0	2	1362335	20736
3	10	2	0	3	-12695	96
3	10	2	1	0	-776545	1536
3	10	2	1	1	25315	144
3	10	2	1	2	5350195	13824
3	10	2	1	3	23875	64
3	10	2	2	0	-4329785	128
3	10	2	2	1	2351485	144
3	10	2	2	2	-559035	128
3	10	2	2	3	-275	16
3	10	2	3	0	303146035	4608
3	10	2	3	1	-76175	24
3	10	2	3	2	350625	512
3	10	2	4	0	-1449775	192
3	10	2	4	1	1925	24
3	10	2	5	0	12375	64
3	10	3	0	0	-2400895	384
3	10	3	0	1	1336135	864
3	10	3	0	2	-1539605	5184
3	10	3	0	3	63475	1728
3	10	3	1	0	-5869115	1152
3	10	3	1	1	-978115	864
3	10	3	1	2	563035	576
3	10	3	1	3	-119375	1152
3	10	3	2	0	-57734215	1152
3	10	3	2	1	20602085	1728
3	10	3	2	2	-3667435	1728
3	10	3	2	3	1375	288
3	10	3	3	0	883865	576
3	10	3	3	1	18753875	2304
3	10	3	3	2	116875	384
3	10	3	4	0	9625	16
3	10	3	4	1	-204175	96
3	10	3	5	1	4125	64
3	10	4	0	0	-10630805	4608
3	10	4	0	1	1315	36
3	10	4	0	2	-1332085	10368
3	10	4	0	3	12695	144
3	10	4	1	0	62800415	13824
3	10	4	1	1	-36185	24
3	10	4	1	2	-1670	27
3	10	4	1	3	-23875	96
3	10	4	2	0	-15397805	1536
3	10	4	2	1	-2331185	288
3	10	4	2	2	3302785	1152
3	10	4	2	3	275	24
3	10	4	3	0	-18235	144
3	10	4	3	1	613525	384
3	10	4	3	2	-116875	256
3	10	4	4	0	9625	64
3	10	4	4	1	-1925	48
3	10	5	0	0	-308285	648
3	10	5	0	1	-271625	576
3	10	5	0	2	436885	2592
3	10	5	0	3	-12695	192
3	10	5	1	0	5388335	1728
3	10	5	1	1	222695	288
3	10	5	1	2	-753745	1728
3	10	5	1	3	23875	128
3	10	5	2	0	99895	64
3	10	5	2	1	-264265	64
3	10	5	2	2	4675	48
3	10	5	2	3	-275	32
3	10	5	3	0	-78375	256
3	10	5	3	1	605275	768
3	10	5	4	1	-1925	96
3	10	6	0	0	-1016285	10368
3	10	6	0	1	-280895	864
3	10	6	0	2	60815	648
3	10	6	0	3	-12695	864
3	10	6	1	0	15325	72
3	10	6	1	1	424355	432
3	10	6	1	2	-183695	1152
3	10	6	1	3	23875	576
3	10	6	2	0	177755	576
3	10	6	2	1	-10975	216
3	10	6	2	2	-1518155	3456
3	10	6	2	3	-275	144
3	10	6	3	0	-26125	512
3	10	6	3	1	-1375	192
3	10	6	3	2	116875	1536
3	10	7	0	0	-23585	10368
3	10	7	0	1	-22835	288
3	10	7	0	2	-200105	5184
3	10	7	0	3	12695	576
3	10	7	1	0	-444605	3456
3	10	7	1	1	84845	432
3	10	7	1	2	95765	864
3	10	7	1	3	-23875	384
3	10	7	2	0	7975	384
3	10	7	2	1	-12875	1728
3	10	7	2	2	-4675	192
3	10	7	2	3	275	96
3	10	7	3	1	-1375	768
3	10	8	0	0	274615	82944
3	10	8	0	1	625	576
3	10	8	0	2	-229445	10368
3	10	8	1	0	-395105	27648
3	10	8	1	1	-2575	96
3	10	8	1	2	46645	864
3	10	8	2	0	7975	3072
3	10	8	2	1	275	96
3	10	8	2	2	-4675	384
3	10	9	0	0	12425	10368
3	10	9	0	1	625	3456
3	10	9	0	2	-815	576
3	10	9	0	3	-12695	5184
3	10	9	1	0	1375	2304
3	10	9	1	1	-2575	576
3	10	9	1	2	-275	384
3	10	9	1	3	23875	3456
3	10	9	2	1	275	576
3	10	9	2	3	-275	864
3	10	10	0	0	2485	20736
3	10	10	0	2	-815	2304
3	10	10	1	0	275	4608
3	10	10	1	2	-275	1536
3	11	0	0	2	29125	648
3	11	0	0	3	1175	54
3	11	0	1	1	-70225	192
3	11	0	1	2	-127075	576
3	11	0	1	3	-174475	2592
3	11	0	2	0	375375	256
3	11	0	2	1	-5225	96
3	11	0	2	2	39575	36
3	11	0	2	3	275	72
3	11	0	3	0	5728275	1024
3	11	0	3	1	-11426825	1536
3	11	0	3	2	-1375	8
3	11	0	4	0	2949315	128
3	11	0	4	1	149425	96
3	11	0	5	0	-1914075	512
3	11	0	5	1	-12375	256
3	11	0	6	0	51975	256
3	11	1	0	1	70225	144
3	11	1	0	2	18875	648
3	11	1	0	3	-32225	324
3	11	1	1	0	-375375	128
3	11	1	1	1	1339675	3456
3	11	1	1	2	50275	1728
3	11	1	1	3	522325	1728
3	11	1	2	0	-3916525	384
3	11	1	2	1	5370575	576
3	11	1	2	2	-76675	24
3	11	1	2	3	-275	16
3	11	1	3	0	-22732375	512
3	11	1	3	1	29002675	3072
3	11	1	3	2	4125	8
3	11	1	4	0	2197925	384
3	11	1	4	1	-440575	192
3	11	1	5	0	-37125	256
3	11	1	5	1	37125	512
3	11	2	0	0	125125	64
3	11	2	0	1	-259775	1296
3	11	2	0	2	-815375	2592
3	11	2	0	3	99175	648
3	11	2	1	0	3083425	768
3	11	2	1	1	-4238825	1728
3	11	2	1	2	7516175	6912
3	11	2	1	3	-1561475	3456
3	11	2	2	0	52142125	2304
3	11	2	2	1	-2581675	288
3	11	2	2	2	17725	8
3	11	2	2	3	825	32
3	11	2	3	0	-73248625	3072
3	11	2	3	1	331925	192
3	11	2	3	2	-12375	32
3	11	2	4	0	2026325	768
3	11	2	4	1	-1925	48
3	11	2	5	0	-37125	512
3	11	3	0	0	930775	576
3	11	3	0	1	-915925	1728
3	11	3	0	2	232625	1296
3	11	3	0	3	-6875	144
3	11	3	1	0	168475	1152
3	11	3	1	1	3471775	2592
3	11	3	1	2	-402625	576
3	11	3	1	3	852575	6912
3	11	3	2	0	15433975	576
3	11	3	2	1	-2730025	384
3	11	3	2	2	338875	288
3	11	3	2	3	-1375	192
3	11	3	3	0	-1079725	768
3	11	3	3	1	-7484975	3072
3	11	3	3	2	-1375	8
3	11	3	4	0	-3575	16
3	11	3	4	1	71825	96
3	11	3	5	1	-12375	512
3	11	4	0	0	-116725	6912
3	11	4	0	1	-4075	36
3	11	4	0	2	735875	2592
3	11	4	0	3	-10825	108
3	11	4	1	0	-259542175	41472
3	11	4	1	1	66103775	20736
3	11	4	1	2	-3506575	3456
3	11	4	1	3	19325	64
3	11	4	2	0	12620425	2304
3	11	4	2	1	2461525	576
3	11	4	2	2	-274525	192
3	11	4	2	3	-275	16
3	11	4	3	0	-163975	3072
3	11	4	3	1	-1340075	1536
3	11	4	3	2	4125	16
3	11	4	4	0	-3575	64
3	11	4	4	1	1925	96
3	11	5	0	0	-2587225	10368
3	11	5	0	1	6075	32
3	11	5	0	2	-115625	648
3	11	5	0	3	17675	216
3	11	5	1	0	-67516975	20736
3	11	5	1	1	-21083875	41472
3	11	5	1	2	550825	864
3	11	5	1	3	-257725	1152
3	11	5	2	0	-103025	128
3	11	5	2	1	2721625	1152
3	11	5	2	2	-825	8
3	11	5	2	3	825	64
3	11	5	3	0	91575	512
3	11	5	3	1	-1315325	3072
3	11	5	4	1	1925	192
3	11	6	0	0	-851675	20736
3	11	6	0	1	195625	1296
3	11	6	0	2	-581125	5184
3	11	6	0	3	175	12
3	11	6	1	0	-518125	4608
3	11	6	1	1	-14054375	10368
3	11	6	1	2	13425	32
3	11	6	1	3	-88475	1728
3	11	6	2	0	-149225	768
3	11	6	2	1	3475	24
3	11	6	2	2	56875	288
3	11	6	2	3	275	96
3	11	6	3	0	30525	1024
3	11	6	3	1	1375	256
3	11	6	3	2	-1375	32
3	11	7	0	0	-4525	2592
3	11	7	0	1	112825	5184
3	11	7	0	2	15625	324
3	11	7	0	3	-1525	54
3	11	7	1	0	468025	2592
3	11	7	1	1	-11389625	41472
3	11	7	1	2	-277475	1728
3	11	7	1	3	42725	576
3	11	7	2	0	-825	32
3	11	7	2	1	3625	128
3	11	7	2	2	825	32
3	11	7	2	3	-275	64
3	11	7	3	1	1375	1024
3	11	8	0	0	-30025	20736
3	11	8	0	1	-18475	2592
3	11	8	0	2	6875	324
3	11	8	0	3	125	108
3	11	8	1	0	418525	20736
3	11	8	1	1	370325	10368
3	11	8	1	2	-274175	3456
3	11	8	1	3	275	576
3	11	8	2	0	-825	256
3	11	8	2	1	-275	64
3	11	8	2	2	825	64
3	11	9	0	0	-2125	5184
3	11	9	0	1	125	5184
3	11	9	0	2	-625	432
3	11	9	0	3	775	216
3	11	9	1	0	-1375	1728
3	11	9	1	1	134075	20736
3	11	9	1	2	275	576
3	11	9	1	3	-83525	10368
3	11	9	2	1	-275	384
3	11	9	2	3	275	576
3	11	10	0	0	-425	10368
3	11	10	0	1	325	648
3	11	10	0	2	-625	1728
3	11	10	0	3	-125	648
3	11	10	1	0	-275	3456
3	11	10	1	1	275	1296
3	11	10	1	2	275	2304
3	11	10	1	3	-275	3456
3	11	11	0	1	325	5184
3	11	11	0	3	-125	1296
3	11	11	1	1	275	10368
3	11	11	1	3	-275	6912
3	12	0	0	3	-8525	1296
3	12	0	0	4	-275	216
3	12	0	1	2	97625	3456
3	12	0	1	3	3025	81
3	12	0	2	1	12925	288
3	12	0	2	2	-582175	1728
3	12	0	2	3	-275	108
3	12	0	3	0	-969375	2048
3	12	0	3	1	1217425	768
3	12	0	3	2	6875	128
3	12	0	4	0	-7395465	2048
3	12	0	4	1	-31625	96
3	12	0	5	0	1197625	2048
3	12	0	5	1	1375	128
3	12	0	6	0	-66825	2048
3	12	1	0	2	-97625	2592
3	12	1	0	3	13475	864
3	12	1	0	4	275	36
3	12	1	1	1	-12925	144
3	12	1	1	2	1044725	3456
3	12	1	1	3	-36025	216
3	12	1	2	0	323125	256
3	12	1	2	1	-5210425	1728
3	12	1	2	2	550825	576
3	12	1	2	3	275	24
3	12	1	3	0	3535675	384
3	12	1	3	1	-2844875	1536
3	12	1	3	2	-20625	128
3	12	1	4	0	-458425	384
3	12	1	4	1	92675	192
3	12	1	5	0	4125	128
3	12	1	5	1	-4125	256
3	12	2	0	1	12925	216
3	12	2	0	2	141625	5184
3	12	2	0	3	20075	1728
3	12	2	0	4	-275	16
3	12	2	1	0	-323125	256
3	12	2	1	1	1519375	864
3	12	2	1	2	-12431375	13824
3	12	2	1	3	26675	108
3	12	2	2	0	-36278825	4608
3	12	2	2	1	132275	48
3	12	2	2	2	-159225	256
3	12	2	2	3	-275	16
3	12	2	3	0	4014175	768
3	12	2	3	1	-50875	96
3	12	2	3	2	61875	512
3	12	2	4	0	-422125	768
3	12	2	4	1	275	24
3	12	2	5	0	4125	256
3	12	3	0	0	323125	576
3	12	3	0	1	-87725	432
3	12	3	0	2	373175	3456
3	12	3	0	3	-175175	3456
3	12	3	0	4	6325	432
3	12	3	1	0	4359575	2304
3	12	3	1	1	-1047475	1296
3	12	3	1	2	1067825	3456
3	12	3	1	3	-27775	432
3	12	3	2	0	-19180975	2304
3	12	3	2	1	2019325	864
3	12	3	2	2	-1305425	3456
3	12	3	2	3	1375	288
3	12	3	3	0	34925	64
3	12	3	3	1	615175	1536
3	12	3	3	2	6875	128
3	12	3	4	0	3025	64
3	12	3	4	1	-29975	192
3	12	3	5	1	1375	256
3	12	4	0	0	3257375	5184
3	12	4	0	1	-158675	2592
3	12	4	0	2	-1045825	20736
3	12	4	0	3	275	32
3	12	4	0	4	1925	384
3	12	4	1	0	348451675	82944
3	12	4	1	1	-22110275	10368
3	12	4	1	2	5375425	6912
3	12	4	1	3	-7975	48
3	12	4	2	0	-16834675	9216
3	12	4	2	1	-88825	72
3	12	4	2	2	897875	2304
3	12	4	2	3	275	24
3	12	4	3	0	10175	256
3	12	4	3	1	205975	768
3	12	4	3	2	-20625	256
3	12	4	4	0	3025	256
3	12	4	4	1	-275	48
3	12	5	0	0	435875	20736
3	12	5	0	1	1420375	5184
3	12	5	0	2	-43175	324
3	12	5	0	3	31075	576
3	12	5	0	4	-275	16
3	12	5	1	0	40128275	20736
3	12	5	1	1	5122975	20736
3	12	5	1	2	-648175	1728
3	12	5	1	3	137225	1152
3	12	5	2	0	150425	768
3	12	5	2	1	-222475	288
3	12	5	2	2	5225	96
3	12	5	2	3	-275	32
3	12	5	3	0	-7425	128
3	12	5	3	1	201025	1536
3	12	5	4	1	-275	96
3	12	6	0	0	-7626025	41472
3	12	6	0	1	41525	432
3	12	6	0	2	205975	6912
3	12	6	0	3	-17875	864
3	12	6	0	4	1925	288
3	12	6	1	0	323675	4608
3	12	6	1	1	4445375	5184
3	12	6	1	2	-1955525	6912
3	12	6	1	3	50875	1728
3	12	6	2	0	105325	1536
3	12	6	2	1	-43175	432
3	12	6	2	2	-300025	6912
3	12	6	2	3	-275	144
3	12	6	3	0	-2475	256
3	12	6	3	1	-275	128
3	12	6	3	2	6875	512
3	12	7	0	0	-874225	20736
3	12	7	0	1	-554125	5184
3	12	7	0	2	803275	10368
3	12	7	0	3	-1925	72
3	12	7	0	4	275	48
3	12	7	1	0	-2261875	20736
3	12	7	1	1	3889325	20736
3	12	7	1	2	313775	3456
3	12	7	1	3	-44825	1152
3	12	7	2	0	11825	768
3	12	7	2	1	-8525	432
3	12	7	2	2	-5225	384
3	12	7	2	3	275	96
3	12	7	3	1	-275	512
3	12	8	0	0	2894375	165888
3	12	8	0	1	-39325	648
3	12	8	0	2	11275	20736
3	12	8	0	3	3025	288
3	12	8	0	4	-275	64
3	12	8	1	0	-2360875	165888
3	12	8	1	1	-82775	5184
3	12	8	1	2	330275	6912
3	12	8	1	3	-275	288
3	12	8	2	0	11825	6144
3	12	8	2	1	275	96
3	12	8	2	2	-5225	768
3	12	9	0	0	138875	20736
3	12	9	0	1	-275	144
3	12	9	0	2	-3575	192
3	12	9	0	3	36575	5184
3	12	9	0	4	-275	432
3	12	9	1	0	-1375	6912
3	12	9	1	1	-38225	10368
3	12	9	1	2	1375	1152
3	12	9	1	3	40975	10368
3	12	9	2	1	275	576
3	12	9	2	3	-275	864
3	12	10	0	0	9625	41472
3	12	10	0	1	275	81
3	12	10	0	2	-8525	2304
3	12	10	0	3	-3025	1728
3	12	10	0	4	275	288
3	12	10	1	0	-275	13824
3	12	10	1	1	-275	648
3	12	10	1	2	1375	4608
3	12	10	1	3	275	1728
3	12	11	0	0	-275	2304
3	12	11	0	1	275	648
3	12	11	0	2	275	576
3	12	11	0	3	-3025	3456
3	12	11	1	1	-275	5184
3	12	11	1	3	275	3456
3	12	12	0	0	-275	27648
3	12	12	0	2	275	3456
3	12	12	0	4	-275	3456
3	13	0	0	4	275	324
3	13	0	1	3	-21175	2592
3	13	0	2	2	19525	432
3	13	0	2	3	275	432
3	13	0	3	1	-712525	4608
3	13	0	3	2	-1375	192
3	13	0	4	0	265815	1024
3	13	0	4	1	3025	96
3	13	0	5	0	-43175	1024
3	13	0	5	1	-275	256
3	13	0	6	0	2475	1024
3	13	1	0	3	21175	1944
3	13	1	0	4	-275	54
3	13	1	1	2	-19525	216
3	13	1	1	3	62425	1728
3	13	1	2	1	712525	1728
3	13	1	2	2	-17875	144
3	13	1	2	3	-275	96
3	13	1	3	0	-443025	512
3	13	1	3	1	166375	1024
3	13	1	3	2	1375	64
3	13	1	4	0	43175	384
3	13	1	4	1	-275	6
3	13	1	5	0	-825	256
3	13	1	5	1	825	512
3	13	2	0	2	19525	324
3	13	2	0	3	-21175	486
3	13	2	0	4	275	24
3	13	2	1	1	-712525	1728
3	13	2	1	2	95975	432
3	13	2	1	3	-181775	3456
3	13	2	2	0	147675	128
3	13	2	2	1	-211475	576
3	13	2	2	2	4675	64
3	13	2	2	3	275	64
3	13	2	3	0	-4850725	9216
3	13	2	3	1	13475	192
3	13	2	3	2	-4125	256
3	13	2	4	0	39875	768
3	13	2	4	1	-275	192
3	13	2	5	0	-825	512
3	13	3	0	1	712525	3888
3	13	3	0	2	-1100	9
3	13	3	0	3	21175	432
3	13	3	0	4	-6325	648
3	13	3	1	0	-49225	64
3	13	3	1	1	2152975	10368
3	13	3	1	2	-1925	32
3	13	3	1	3	86075	6912
3	13	3	2	0	147675	128
3	13	3	2	1	-2306975	6912
3	13	3	2	2	46475	864
3	13	3	2	3	-1375	1152
3	13	3	3	0	-191125	2304
3	13	3	3	1	-235675	9216
3	13	3	3	2	-1375	192
3	13	3	4	0	-275	64
3	13	3	4	1	11275	768
3	13	3	5	1	-275	512
3	13	4	0	0	49225	192
3	13	4	0	1	-3575	324
3	13	4	0	2	-17875	648
3	13	4	0	3	21175	1296
3	13	4	0	4	-1925	576
3	13	4	1	0	-11529925	10368
3	13	4	1	1	10705475	20736
3	13	4	1	2	-328625	1728
3	13	4	1	3	6875	192
3	13	4	2	0	432025	1536
3	13	4	2	1	57475	384
3	13	4	2	2	-25025	576
3	13	4	2	3	-275	96
3	13	4	3	0	-67375	9216
3	13	4	3	1	-54725	1536
3	13	4	3	2	1375	128
3	13	4	4	0	-275	256
3	13	4	4	1	275	384
3	13	5	0	0	3814525	7776
3	13	5	0	1	-242275	864
3	13	5	0	2	99275	648
3	13	5	0	3	-614075	10368
3	13	5	0	4	275	24
3	13	5	1	0	-10208275	20736
3	13	5	1	1	-2212375	41472
3	13	5	1	2	34925	432
3	13	5	1	3	-27775	1152
3	13	5	2	0	-1375	96
3	13	5	2	1	257125	2304
3	13	5	2	2	-275	24
3	13	5	2	3	275	128
3	13	5	3	0	4125	512
3	13	5	3	1	-53075	3072
3	13	5	4	1	275	768
3	13	6	0	0	10247875	31104
3	13	6	0	1	-583825	7776
3	13	6	0	2	-275	5184
3	13	6	0	3	21175	1728
3	13	6	0	4	-1925	432
3	13	6	1	0	-140525	4608
3	13	6	1	1	-2158475	10368
3	13	6	1	2	77825	1152
3	13	6	1	3	-11825	1728
3	13	6	2	0	-1375	128
3	13	6	2	1	10175	432
3	13	6	2	2	4675	1728
3	13	6	2	3	275	576
3	13	6	3	0	1375	1024
3	13	6	3	1	275	768
3	13	6	3	2	-1375	768
3	13	7	0	0	2299825	31104
3	13	7	0	1	2423575	20736
3	13	7	0	2	-201025	2592
3	13	7	0	3	275275	10368
3	13	7	0	4	-275	72
3	13	7	1	0	248875	10368
3	13	7	1	1	-2146925	41472
3	13	7	1	2	-1925	108
3	13	7	1	3	275	36
3	13	7	2	0	-1375	384
3	13	7	2	1	31625	6912
3	13	7	2	2	275	96
3	13	7	2	3	-275	384
3	13	7	3	1	275	3072
3	13	8	0	0	-2524775	248832
3	13	8	0	1	676775	10368
3	13	8	0	2	-28325	5184
3	13	8	0	3	-21175	2592
3	13	8	0	4	275	96
3	13	8	1	0	347875	82944
3	13	8	1	1	8525	10368
3	13	8	1	2	-4675	432
3	13	8	1	3	275	576
3	13	8	2	0	-1375	3072
3	13	8	2	1	-275	384
3	13	8	2	2	275	192
3	13	9	0	0	-182875	31104
3	13	9	0	1	262075	62208
3	13	9	0	2	21175	1296
3	13	9	0	3	-21175	3456
3	13	9	0	4	275	648
3	13	9	1	0	1375	3456
3	13	9	1	1	13475	20736
3	13	9	1	2	-275	288
3	13	9	1	3	-6875	10368
3	13	9	2	1	-275	2304
3	13	9	2	3	275	3456
3	13	10	0	0	-18425	62208
3	13	10	0	1	-3575	1296
3	13	10	0	2	17875	5184
3	13	10	0	3	21175	15552
3	13	10	0	4	-275	432
3	13	10	1	0	275	6912
3	13	10	1	1	275	1296
3	13	10	1	2	-275	1152
3	13	10	1	3	-275	3456
3	13	11	0	0	275	3456
3	13	11	0	1	-3575	10368
3	13	11	0	2	-275	864
3	13	11	0	3	21175	31104
3	13	11	1	1	275	10368
3	13	11	1	3	-275	6912
3	13	12	0	0	275	41472
3	13	12	0	2	-275	5184
3	13	12	0	4	275	5184
4	0	0	0	0	264795	4096
4	0	0	1	0	-19245	4096
4	0	0	2	0	4583935	4096
4	0	0	3	0	-3816355	4096
4	0	0	4	0	6645345	4096
4	0	0	5	0	-1072575	4096
4	0	0	6	0	37125	4096
4	1	0	0	0	-3238425	4096
4	1	0	1	0	-2033325	4096
4	1	0	2	0	-53817885	4096
4	1	0	3	0	35241525	4096
4	1	0	4	0	-79180875	4096
4	1	0	5	0	12978225	4096
4	1	0	6	0	-467775	4096
4	2	0	0	0	9160425	2048
4	2	0	1	0	11734425	2048
4	2	0	2	0	146622645	2048
4	2	0	3	0	-68099625	2048
4	2	0	4	0	218021355	2048
4	2	0	5	0	-36200925	2048
4	2	0	6	0	1358775	2048
4	3	0	0	0	-30888285	2048
4	3	0	0	1	-117605	4608
4	3	0	1	0	-14511805	512
4	3	0	1	1	5567725	9216
4	3	0	2	0	-486091935	2048
4	3	0	2	1	-1598915	2304
4	3	0	3	0	66283445	1024
4	3	0	3	1	9975805	9216
4	3	0	4	0	-734882715	2048
4	3	0	4	1	-76925	512
4	3	0	5	0	3852675	64
4	3	0	5	1	2475	1024
4	3	0	6	0	-4818825	2048
4	3	1	0	0	500395	1536
4	3	1	0	1	117605	3072
4	3	1	1	0	7978285	3072
4	3	1	1	1	-5567725	6144
4	3	1	2	0	199885	768
4	3	1	2	1	1598915	1536
4	3	1	3	0	17478685	3072
4	3	1	3	1	-9975805	6144
4	3	1	4	0	-291975	512
4	3	1	4	1	230775	1024
4	3	1	5	0	7425	1024
4	3	1	5	1	-7425	2048
4	3	2	0	0	500395	3072
4	3	2	1	0	7978285	6144
4	3	2	2	0	199885	1536
4	3	2	3	0	17478685	6144
4	3	2	4	0	-291975	1024
4	3	2	5	0	7425	2048
4	3	3	0	1	-117605	9216
4	3	3	1	1	5567725	18432
4	3	3	2	1	-1598915	4608
4	3	3	3	1	9975805	18432
4	3	3	4	1	-76925	1024
4	3	3	5	1	2475	2048
4	4	0	0	0	136410425	4096
4	4	0	0	1	1796165	6912
4	4	0	1	0	332403445	4096
4	4	0	1	1	-58802795	13824
4	4	0	2	0	2168416445	4096
4	4	0	2	1	20993455	3456
4	4	0	3	0	-182386065	4096
4	4	0	3	1	-14299855	1536
4	4	0	4	0	3383818155	4096
4	4	0	4	1	356375	256
4	4	0	5	0	-571928625	4096
4	4	0	5	1	-12375	512
4	4	0	6	0	23277375	4096
4	4	1	0	0	-105005	48
4	4	1	0	1	-1796165	4608
4	4	1	1	0	-30964145	1536
4	4	1	1	1	58802795	9216
4	4	1	2	0	-68885	64
4	4	1	2	1	-20993455	2304
4	4	1	3	0	-25427715	512
4	4	1	3	1	14299855	1024
4	4	1	4	0	337075	64
4	4	1	4	1	-1069125	512
4	4	1	5	0	-37125	512
4	4	1	5	1	37125	1024
4	4	2	0	0	-1085165	1152
4	4	2	1	0	-96643195	9216
4	4	2	2	0	926125	1152
4	4	2	3	0	-25154455	1024
4	4	2	4	0	166475	64
4	4	2	5	0	-37125	1024
4	4	3	0	0	174895	1152
4	4	3	0	1	1796165	13824
4	4	3	1	0	-468845	1152
4	4	3	1	1	-58802795	27648
4	4	3	2	0	773045	576
4	4	3	2	1	20993455	6912
4	4	3	3	0	68315	256
4	4	3	3	1	-14299855	3072
4	4	3	4	0	-4125	128
4	4	3	4	1	356375	512
4	4	3	5	1	-12375	1024
4	4	4	0	0	174895	4608
4	4	4	1	0	-468845	4608
4	4	4	2	0	773045	2304
4	4	4	3	0	68315	1024
4	4	4	4	0	-4125	512
4	5	0	0	0	-204416835	4096
4	5	0	0	1	-689995	864
4	5	0	1	0	-609955025	4096
4	5	0	1	1	397424675	27648
4	5	0	2	0	-3403804015	4096
4	5	0	2	1	-19289645	864
4	5	0	3	0	-348229455	4096
4	5	0	3	1	111153875	3072
4	5	0	4	0	-5619931785	4096
4	5	0	4	1	-371125	64
4	5	0	5	0	954141525	4096
4	5	0	5	1	111375	1024
4	5	0	6	0	-40429125	4096
4	5	1	0	0	12911765	1536
4	5	1	0	1	8170225	6912
4	5	1	1	0	77175835	1024
4	5	1	1	1	-389880355	18432
4	5	1	2	0	6052435	768
4	5	1	2	1	117252005	3456
4	5	1	3	0	200717735	1024
4	5	1	3	1	-333070025	6144
4	5	1	4	0	-11191225	512
4	5	1	4	1	2225925	256
4	5	1	5	0	334125	1024
4	5	1	5	1	-334125	2048
4	5	2	0	0	31165835	9216
4	5	2	0	1	109715	6912
4	5	2	1	0	257047265	6144
4	5	2	1	1	-14735	36
4	5	2	2	0	-1503675	512
4	5	2	2	1	-1514135	3456
4	5	2	3	0	590185645	6144
4	5	2	3	1	-24475	384
4	5	2	4	0	-10917325	1024
4	5	2	4	1	825	256
4	5	2	5	0	334125	2048
4	5	3	0	0	-1892365	2304
4	5	3	0	1	-10710775	27648
4	5	3	1	0	1594985	384
4	5	3	1	1	380449955	55296
4	5	3	2	0	-2640865	384
4	5	3	2	1	-158859565	13824
4	5	3	3	0	-1495945	768
4	5	3	3	1	110860175	6144
4	5	3	4	0	68475	256
4	5	3	4	1	-2966525	1024
4	5	3	5	1	111375	2048
4	5	4	0	0	-1892365	9216
4	5	4	0	1	-109715	13824
4	5	4	1	0	1594985	1536
4	5	4	1	1	14735	72
4	5	4	2	0	-2640865	1536
4	5	4	2	1	1514135	6912
4	5	4	3	0	-1495945	3072
4	5	4	3	1	24475	768
4	5	4	4	0	68475	1024
4	5	4	4	1	-825	512
4	5	5	0	1	-109715	27648
4	5	5	1	1	14735	144
4	5	5	2	1	1514135	13824
4	5	5	3	1	24475	1536
4	5	5	4	1	-825	1024
4	6	0	0	0	52016325	1024
4	6	0	0	1	255295	216
4	6	0	0	2	59935	486
4	6	0	1	0	186225525	1024
4	6	0	1	1	-8442625	288
4	6	0	1	2	-1600915	10368
4	6	0	2	0	956077085	1024
4	6	0	2	1	39431875	864
4	6	0	2	2	31055	96
4	6	0	3	0	279946925	1024
4	6	0	3	1	-193048175	2304
4	6	0	3	2	-6875	256
4	6	0	4	0	1731899745	1024
4	6	0	4	1	228875	16
4	6	0	5	0	-294462675	1024
4	6	0	5	1	-37125	128
4	6	0	6	0	12986325	1024
4	6	1	0	0	-15476215	768
4	6	1	0	1	-2094725	2592
4	6	1	0	2	-59935	162
4	6	1	1	0	-16164605	96
4	6	1	1	1	108916745	2592
4	6	1	1	2	1600915	3456
4	6	1	2	0	-10152275	256
4	6	1	2	1	-117993265	1728
4	6	1	2	2	-31055	32
4	6	1	3	0	-708152125	1536
4	6	1	3	1	192052675	1536
4	6	1	3	2	20625	256
4	6	1	4	0	1718075	32
4	6	1	4	1	-85725	4
4	6	1	5	0	-111375	128
4	6	1	5	1	111375	256
4	6	2	0	0	-28254985	4608
4	6	2	0	1	-2500585	2592
4	6	2	0	2	59935	216
4	6	2	1	0	-108825815	1152
4	6	2	1	1	10117385	5184
4	6	2	1	2	-1600915	4608
4	6	2	2	0	7288265	4608
4	6	2	2	1	-37795	216
4	6	2	2	2	93165	128
4	6	2	3	0	-229958375	1024
4	6	2	3	1	248875	384
4	6	2	3	2	-61875	1024
4	6	2	4	0	1655375	64
4	6	2	4	1	-825	32
4	6	2	5	0	-111375	256
4	6	3	0	0	13062715	3456
4	6	3	0	1	-458225	3456
4	6	3	0	2	59935	486
4	6	3	1	0	-11137105	1152
4	6	3	1	1	-91194115	6912
4	6	3	1	2	-1600915	10368
4	6	3	2	0	24586715	1152
4	6	3	2	1	39205105	1728
4	6	3	2	2	31055	96
4	6	3	3	0	287125	48
4	6	3	3	1	-47702075	1152
4	6	3	3	2	-6875	256
4	6	3	4	0	-15675	16
4	6	3	4	1	913025	128
4	6	3	5	1	-37125	256
4	6	4	0	0	3408355	4608
4	6	4	0	1	2500585	5184
4	6	4	0	2	-59935	324
4	6	4	1	0	-7631705	4608
4	6	4	1	1	-10117385	10368
4	6	4	1	2	1600915	6912
4	6	4	2	0	24196865	4608
4	6	4	2	1	37795	432
4	6	4	2	2	-31055	64
4	6	4	3	0	2358875	1536
4	6	4	3	1	-248875	768
4	6	4	3	2	20625	512
4	6	4	4	0	-15675	64
4	6	4	4	1	825	64
4	6	5	0	0	-283765	2304
4	6	5	0	1	2500585	10368
4	6	5	1	0	87635	192
4	6	5	1	1	-10117385	20736
4	6	5	2	0	-12995	256
4	6	5	2	1	37795	864
4	6	5	3	0	12375	512
4	6	5	3	1	-248875	1536
4	6	5	4	1	825	128
4	6	6	0	0	-283765	13824
4	6	6	0	2	59935	1944
4	6	6	1	0	87635	1152
4	6	6	1	2	-1600915	41472
4	6	6	2	0	-12995	1536
4	6	6	2	2	31055	384
4	6	6	3	0	4125	1024
4	6	6	3	2	-6875	1024
4	7	0	0	0	-8699285	256
4	7	0	0	1	-10890665	13824
4	7	0	0	2	-283825	648
4	7	0	1	0	-303009325	2048
4	7	0	1	1	1064592365	27648
4	7	0	1	2	10957855	10368
4	7	0	2	0	-383245045	512
4	7	0	2	1	-790429975	13824
4	7	0	2	2	-176995	96
4	7	0	3	0	-1535964675	4096
4	7	0	3	1	787645525	6144
4	7	0	3	2	45375	256
4	7	0	4	0	-1604275785	1024
4	7	0	4	1	-5926375	256
4	7	0	5	0	136169775	512
4	7	0	5	1	259875	512
4	7	0	6	0	-12496275	1024
4	7	1	0	0	46988705	1536
4	7	1	0	1	-17419615	9216
4	7	1	0	2	283825	216
4	7	1	1	0	245357575	1024
4	7	1	1	1	-2837925055	55296
4	7	1	1	2	-10957855	3456
4	7	1	2	0	52597125	512
4	7	1	2	1	706109695	9216
4	7	1	2	2	176995	32
4	7	1	3	0	1466657975	2048
4	7	1	3	1	-776559725	4096
4	7	1	3	2	-136125	256
4	7	1	4	0	-22134875	256
4	7	1	4	1	17732925	512
4	7	1	5	0	779625	512
4	7	1	5	1	-779625	1024
4	7	2	0	0	52720855	9216
4	7	2	0	1	165955	54
4	7	2	0	2	-283825	288
4	7	2	1	0	2396747795	18432
4	7	2	1	1	-63212965	10368
4	7	2	1	2	10957855	4608
4	7	2	2	0	-43738895	9216
4	7	2	2	1	5330255	576
4	7	2	2	2	-530985	128
4	7	2	3	0	1427641075	4096
4	7	2	3	1	-693275	256
4	7	2	3	2	408375	1024
4	7	2	4	0	-21072275	512
4	7	2	4	1	5775	64
4	7	2	5	0	779625	1024
4	7	3	0	0	-61591895	6912
4	7	3	0	1	17596135	9216
4	7	3	0	2	-283825	648
4	7	3	1	0	128556305	13824
4	7	3	1	1	2365035665	165888
4	7	3	1	2	10957855	10368
4	7	3	2	0	-127313945	2304
4	7	3	2	1	-602155045	27648
4	7	3	2	2	-176995	96
4	7	3	3	0	-9976975	1024
4	7	3	3	1	762712375	12288
4	7	3	3	2	45375	256
4	7	3	4	0	132825	64
4	7	3	4	1	-5891725	512
4	7	3	5	1	259875	1024
4	7	4	0	0	-4292405	3072
4	7	4	0	1	-21256535	13824
4	7	4	0	2	283825	432
4	7	4	1	0	7150195	6144
4	7	4	1	1	231796105	82944
4	7	4	1	2	-10957855	6912
4	7	4	2	0	-117492395	9216
4	7	4	2	1	-21682445	4608
4	7	4	2	2	176995	64
4	7	4	3	0	-11090725	4096
4	7	4	3	1	2775575	2048
4	7	4	3	2	-136125	512
4	7	4	4	0	132825	256
4	7	4	4	1	-5775	128
4	7	5	0	0	2296025	4608
4	7	5	0	1	-21227945	27648
4	7	5	1	0	-6420455	9216
4	7	5	1	1	273907615	165888
4	7	5	2	0	327385	512
4	7	5	2	1	-20959595	9216
4	7	5	3	0	-334125	2048
4	7	5	3	1	2770625	4096
4	7	5	4	1	-5775	256
4	7	6	0	0	2296025	27648
4	7	6	0	1	4765	6912
4	7	6	0	2	-283825	2592
4	7	6	1	0	-6420455	55296
4	7	6	1	1	7018585	41472
4	7	6	1	2	10957855	41472
4	7	6	2	0	327385	3072
4	7	6	2	1	120475	2304
4	7	6	2	2	-176995	384
4	7	6	3	0	-111375	4096
4	7	6	3	1	-825	1024
4	7	6	3	2	45375	1024
4	7	7	0	1	4765	27648
4	7	7	1	1	7018585	165888
4	7	7	2	1	120475	9216
4	7	7	3	1	-825	4096
4	8	0	0	0	6990275	512
4	8	0	0	1	-301055	2304
4	8	0	0	2	8101325	10368
4	8	0	1	0	158544995	2048
4	8	0	1	1	-457890755	13824
4	8	0	1	2	-1714025	648
4	8	0	2	0	856876025	2048
4	8	0	2	1	311079745	6912
4	8	0	2	2	579315	128
4	8	0	3	0	1292442045	4096
4	8	0	3	1	-416608835	3072
4	8	0	3	2	-127875	256
4	8	0	4	0	4465983015	4096
4	8	0	4	1	3288775	128
4	8	0	5	0	-754841025	4096
4	8	0	5	1	-155925	256
4	8	0	6	0	36018675	4096
4	8	1	0	0	-45069565	1536
4	8	1	0	1	226886525	41472
4	8	1	0	2	-71142215	31104
4	8	1	1	0	-169679305	768
4	8	1	1	1	337681675	9216
4	8	1	1	2	13851145	1728
4	8	1	2	0	-233048195	1536
4	8	1	2	1	-529506155	13824
4	8	1	2	2	-1735195	128
4	8	1	3	0	-786462695	1024
4	8	1	3	1	1211746705	6144
4	8	1	3	2	383625	256
4	8	1	4	0	1526875	16
4	8	1	4	1	-9820125	256
4	8	1	5	0	-467775	256
4	8	1	5	1	467775	512
4	8	2	0	0	7154675	9216
4	8	2	0	1	-6076085	1296
4	8	2	0	2	201038675	124416
4	8	2	1	0	-85469755	768
4	8	2	1	1	32014805	2592
4	8	2	1	2	-7087675	1152
4	8	2	2	0	104565815	3072
4	8	2	2	1	-25573705	864
4	8	2	2	2	5186335	512
4	8	2	3	0	-2312271185	6144
4	8	2	3	1	595925	96
4	8	2	3	2	-1150875	1024
4	8	2	4	0	2874725	64
4	8	2	4	1	-5775	32
4	8	2	5	0	-467775	512
4	8	3	0	0	216420635	13824
4	8	3	0	1	-178939685	41472
4	8	3	0	2	5695835	6912
4	8	3	1	0	-25574125	13824
4	8	3	1	1	-533556995	82944
4	8	3	1	2	-53598295	20736
4	8	3	2	0	163925345	1536
4	8	3	2	1	11003035	13824
4	8	3	2	2	1162755	256
4	8	3	3	0	12744475	1536
4	8	3	3	1	-388078685	6144
4	8	3	3	2	-127875	256
4	8	3	4	0	-179025	64
4	8	3	4	1	3254125	256
4	8	3	5	1	-155925	512
4	8	4	0	0	696457325	165888
4	8	4	0	1	39487435	20736
4	8	4	0	2	-130781315	124416
4	8	4	1	0	-32391695	18432
4	8	4	1	1	-234590455	41472
4	8	4	1	2	57210865	13824
4	8	4	2	0	139484045	6144
4	8	4	2	1	104337145	6912
4	8	4	2	2	-3452515	512
4	8	4	3	0	17570725	6144
4	8	4	3	1	-9557075	3072
4	8	4	3	2	383625	512
4	8	4	4	0	-179025	256
4	8	4	4	1	5775	64
4	8	5	0	0	8500915	41472
4	8	5	0	1	57729925	41472
4	8	5	0	2	-884855	15552
4	8	5	1	0	-1815665	2304
4	8	5	1	1	-277646425	82944
4	8	5	1	2	-46315	576
4	8	5	2	0	-1225915	512
4	8	5	2	1	100252495	13824
4	8	5	2	2	-1375	64
4	8	5	3	0	482625	1024
4	8	5	3	1	-9512525	6144
4	8	5	4	1	5775	128
4	8	6	0	0	1734325	27648
4	8	6	0	1	3040415	10368
4	8	6	0	2	6331615	41472
4	8	6	1	0	-971935	6912
4	8	6	1	1	-7175995	20736
4	8	6	1	2	-14962705	20736
4	8	6	2	0	-415055	1024
4	8	6	2	1	-226925	1152
4	8	6	2	2	571065	512
4	8	6	3	0	160875	2048
4	8	6	3	1	2475	512
4	8	6	3	2	-127875	1024
4	8	7	0	0	507715	41472
4	8	7	0	1	3040415	41472
4	8	7	0	2	884855	62208
4	8	7	1	0	-2035	512
4	8	7	1	1	-7175995	82944
4	8	7	1	2	46315	2304
4	8	7	2	0	-1375	512
4	8	7	2	1	-226925	4608
4	8	7	2	2	1375	256
4	8	7	3	1	2475	2048
4	8	8	0	0	507715	331776
4	8	8	0	2	884855	124416
4	8	8	1	0	-2035	4096
4	8	8	1	2	46315	4608
4	8	8	2	0	-1375	4096
4	8	8	2	2	1375	512
4	9	0	0	0	-649495	256
4	9	0	0	1	3779975	6912
4	9	0	0	2	-12910075	15552
4	9	0	0	3	-326585	15552
4	9	0	1	0	-12121915	512
4	9	0	1	1	506171515	27648
4	9	0	1	2	33420845	10368
4	9	0	1	3	79025	1728
4	9	0	2	0	-317128095	2048
4	9	0	2	1	-148508885	6912
4	9	0	2	2	-1197715	192
4	9	0	2	3	-275	192
4	9	0	3	0	-353402955	2048
4	9	0	3	1	1854620585	18432
4	9	0	3	2	199375	256
4	9	0	4	0	-2305437405	4096
4	9	0	4	1	-2536625	128
4	9	0	5	0	387034875	4096
4	9	0	5	1	259875	512
4	9	0	6	0	-19193625	4096
4	9	1	0	0	1065215	64
4	9	1	0	1	-280599005	41472
4	9	1	0	2	11501785	5184
4	9	1	0	3	326585	3456
4	9	1	1	0	397021325	3072
4	9	1	1	1	-2249305835	165888
4	9	1	1	2	-32755625	3456
4	9	1	1	3	-79025	384
4	9	1	2	0	51970585	384
4	9	1	2	1	-177783415	13824
4	9	1	2	2	1190565	64
4	9	1	2	3	825	128
4	9	1	3	0	3539778155	6144
4	9	1	3	1	-1748767585	12288
4	9	1	3	2	-598125	256
4	9	1	4	0	-18723425	256
4	9	1	4	1	7552125	256
4	9	1	5	0	779625	512
4	9	1	5	1	-779625	1024
4	9	2	0	0	-14820595	1536
4	9	2	0	1	272201885	62208
4	9	2	0	2	-8215775	6912
4	9	2	0	3	-326585	2304
4	9	2	1	0	967078895	18432
4	9	2	1	1	-126818825	10368
4	9	2	1	2	31203445	4608
4	9	2	1	3	79025	256
4	9	2	2	0	-350592785	4608
4	9	2	2	1	314616035	6912
4	9	2	2	2	-3521645	256
4	9	2	2	3	-2475	256
4	9	2	3	0	1175959645	4096
4	9	2	3	1	-6634375	768
4	9	2	3	2	1794375	1024
4	9	2	4	0	-17452925	512
4	9	2	4	1	28875	128
4	9	2	5	0	779625	1024
4	9	3	0	0	-274842655	13824
4	9	3	0	1	1386652405	248832
4	9	3	0	2	-32157455	31104
4	9	3	0	3	1632925	41472
4	9	3	1	0	-1446565	216
4	9	3	1	1	-357421705	165888
4	9	3	1	2	17458795	5184
4	9	3	1	3	-395125	4608
4	9	3	2	0	-636884975	4608
4	9	3	2	1	632144135	27648
4	9	3	2	2	-2427605	384
4	9	3	2	3	1375	512
4	9	3	3	0	-6068555	3072
4	9	3	3	1	1616896835	36864
4	9	3	3	2	199375	256
4	9	3	4	0	317625	128
4	9	3	4	1	-4986625	512
4	9	3	5	1	259875	1024
4	9	4	0	0	-1208433925	165888
4	9	4	0	1	-125701445	124416
4	9	4	0	2	13849685	20736
4	9	4	0	3	326585	3456
4	9	4	1	0	45908935	9216
4	9	4	1	1	403349075	82944
4	9	4	1	2	-7648415	1728
4	9	4	1	3	-79025	384
4	9	4	2	0	-508535375	18432
4	9	4	2	1	-319057535	13824
4	9	4	2	2	2334655	256
4	9	4	2	3	825	128
4	9	4	3	0	-21537305	12288
4	9	4	3	1	26648875	6144
4	9	4	3	2	-598125	512
4	9	4	4	0	317625	512
4	9	4	4	1	-28875	256
4	9	5	0	0	-13319765	10368
4	9	5	0	1	-439210925	248832
4	9	5	0	2	234715	864
4	9	5	0	3	-326585	4608
4	9	5	1	0	3855685	1024
4	9	5	1	1	622735925	165888
4	9	5	1	2	-55435	288
4	9	5	1	3	79025	512
4	9	5	2	0	1083055	256
4	9	5	2	1	-310352735	27648
4	9	5	2	2	3575	32
4	9	5	2	3	-2475	512
4	9	5	3	0	-1546875	2048
4	9	5	3	1	26426125	12288
4	9	5	4	1	-28875	512
4	9	6	0	0	-1763605	13824
4	9	6	0	1	-8423755	10368
4	9	6	0	2	-235465	62208
4	9	6	0	3	-326585	20736
4	9	6	1	0	24190105	55296
4	9	6	1	1	35603275	41472
4	9	6	1	2	27433865	41472
4	9	6	1	3	79025	2304
4	9	6	2	0	575215	768
4	9	6	2	1	81425	384
4	9	6	2	2	-1133365	768
4	9	6	2	3	-275	256
4	9	6	3	0	-515625	4096
4	9	6	3	1	-12375	1024
4	9	6	3	2	199375	1024
4	9	7	0	0	1538155	41472
4	9	7	0	1	-41142755	248832
4	9	7	0	2	-234715	3456
4	9	7	0	3	326585	13824
4	9	7	1	0	-375395	4608
4	9	7	1	1	30316675	165888
4	9	7	1	2	55435	1152
4	9	7	1	3	-79025	1536
4	9	7	2	0	9625	512
4	9	7	2	1	171925	3072
4	9	7	2	2	-3575	128
4	9	7	2	3	825	512
4	9	7	3	1	-12375	4096
4	9	8	0	0	1538155	331776
4	9	8	0	1	854525	41472
4	9	8	0	2	-234715	6912
4	9	8	1	0	-375395	36864
4	9	8	1	1	-2225	128
4	9	8	1	2	55435	2304
4	9	8	2	0	9625	4096
4	9	8	2	1	825	512
4	9	8	2	2	-3575	256
4	9	9	0	1	854525	248832
4	9	9	0	3	-326585	124416
4	9	9	1	1	-2225	768
4	9	9	1	3	79025	13824
4	9	9	2	1	275	1024
4	9	9	2	3	-275	1536
4	10	0	0	1	-94165	384
4	10	0	0	2	1676845	3456
4	10	0	0	3	9365	144
4	10	0	1	0	3307905	1024
4	10	0	1	1	-2303365	384
4	10	0	1	2	-14090515	6912
4	10	0	1	3	-7775	54
4	10	0	2	0	34870965	1024
4	10	0	2	1	1545115	288
4	10	0	2	2	335695	64
4	10	0	2	3	275	48
4	10	0	3	0	122985405	2048
4	10	0	3	1	-26523225	512
4	10	0	3	2	-185625	256
4	10	0	4	0	428750595	2048
4	10	0	4	1	335875	32
4	10	0	5	0	-71365725	2048
4	10	0	5	1	-37125	128
4	10	0	6	0	3675375	2048
4	10	1	0	0	-1102635	256
4	10	1	0	1	30364415	6912
4	10	1	0	2	-3013015	3456
4	10	1	0	3	-9365	32
4	10	1	1	0	-22556395	512
4	10	1	1	1	14321845	6912
4	10	1	1	2	1274775	256
4	10	1	1	3	7775	12
4	10	1	2	0	-4661255	64
4	10	1	2	1	2346055	72
4	10	1	2	2	-992235	64
4	10	1	2	3	-825	32
4	10	1	3	0	-19108735	64
4	10	1	3	1	71896075	1024
4	10	1	3	2	556875	256
4	10	1	4	0	1230725	32
4	10	1	4	1	-996075	64
4	10	1	5	0	-111375	128
4	10	1	5	1	111375	256
4	10	2	0	0	17175745	1536
4	10	2	0	1	-868405	432
4	10	2	0	2	-4913435	13824
4	10	2	0	3	28095	64
4	10	2	1	0	-12301565	3072
4	10	2	1	1	7878185	3456
4	10	2	1	2	-16030145	9216
4	10	2	1	3	-7775	8
4	10	2	2	0	65149865	768
4	10	2	2	1	-23326285	576
4	10	2	2	2	2872755	256
4	10	2	2	3	2475	64
4	10	2	3	0	-39208855	256
4	10	2	3	1	963325	128
4	10	2	3	2	-1670625	1024
4	10	2	4	0	1138325	64
4	10	2	4	1	-5775	32
4	10	2	5	0	-111375	256
4	10	3	0	0	35117555	2304
4	10	3	0	1	-28924895	6912
4	10	3	0	2	3104905	3456
4	10	3	0	3	-46825	384
4	10	3	1	0	5472565	768
4	10	3	1	1	65070385	13824
4	10	3	1	2	-5019745	1728
4	10	3	1	3	38875	144
4	10	3	2	0	29742905	256
4	10	3	2	1	-64225495	2304
4	10	3	2	2	693665	128
4	10	3	2	3	-1375	128
4	10	3	3	0	-743885	256
4	10	3	3	1	-20784525	1024
4	10	3	3	2	-185625	256
4	10	3	4	0	-5775	4
4	10	3	4	1	654425	128
4	10	3	5	1	-37125	256
4	10	4	0	0	170324945	27648
4	10	4	0	1	-1749185	3456
4	10	4	0	2	3501385	6912
4	10	4	0	3	-9365	32
4	10	4	1	0	-308763095	27648
4	10	4	1	1	16206295	6912
4	10	4	1	2	1474735	2304
4	10	4	1	3	7775	12
4	10	4	2	0	69488315	3072
4	10	4	2	1	23210035	1152
4	10	4	2	2	-1887945	256
4	10	4	2	3	-825	32
4	10	4	3	0	493615	1024
4	10	4	3	1	-1939025	512
4	10	4	3	2	556875	512
4	10	4	4	0	-5775	16
4	10	4	4	1	5775	64
4	10	5	0	0	390365	288
4	10	5	0	1	9067225	6912
4	10	5	0	2	-955585	1728
4	10	5	0	3	28095	128
4	10	5	1	0	-47223985	6912
4	10	5	1	1	-35884865	13824
4	10	5	1	2	1329395	1152
4	10	5	1	3	-7775	16
4	10	5	2	0	-510835	128
4	10	5	2	1	23501935	2304
4	10	5	2	2	-7425	32
4	10	5	2	3	2475	128
4	10	5	3	0	185625	256
4	10	5	3	1	-1914275	1024
4	10	5	4	1	5775	128
4	10	6	0	0	1158785	6912
4	10	6	0	1	1771835	1728
4	10	6	0	2	-545635	1728
4	10	6	0	3	9365	192
4	10	6	1	0	-186775	512
4	10	6	1	1	-4177505	1728
4	10	6	1	2	1184965	3456
4	10	6	1	3	-7775	72
4	10	6	2	0	-149365	192
4	10	6	2	1	10925	144
4	10	6	2	2	291145	256
4	10	6	2	3	275	64
4	10	6	3	0	61875	512
4	10	6	3	1	4125	256
4	10	6	3	2	-185625	1024
4	10	7	0	0	-87005	2304
4	10	7	0	1	1601885	6912
4	10	7	0	2	451205	3456
4	10	7	0	3	-9365	128
4	10	7	1	0	2243015	6912
4	10	7	1	1	-6557335	13824
4	10	7	1	2	-337505	1152
4	10	7	1	3	7775	48
4	10	7	2	0	-12375	256
4	10	7	2	1	16475	2304
4	10	7	2	2	7425	128
4	10	7	2	3	-825	128
4	10	7	3	1	4125	1024
4	10	8	0	0	-26045	2048
4	10	8	0	1	-2575	192
4	10	8	0	2	493745	6912
4	10	8	1	0	1995515	55296
4	10	8	1	1	54475	768
4	10	8	1	2	-329255	2304
4	10	8	2	0	-12375	2048
4	10	8	2	1	-825	128
4	10	8	2	2	7425	256
4	10	9	0	0	-18425	6912
4	10	9	0	1	-2575	1152
4	10	9	0	2	3545	1152
4	10	9	0	3	9365	1152
4	10	9	1	0	-6875	4608
4	10	9	1	1	54475	4608
4	10	9	1	2	1375	768
4	10	9	1	3	-7775	432
4	10	9	2	1	-275	256
4	10	9	2	3	275	384
4	10	10	0	0	-3685	13824
4	10	10	0	2	3545	4608
4	10	10	1	0	-1375	9216
4	10	10	1	2	1375	3072
4	11	0	0	2	-606575	5184
4	11	0	0	3	-3975	64
4	11	0	1	1	1379425	1536
4	11	0	1	2	2174275	3456
4	11	0	1	3	584575	3456
4	11	0	2	0	-860475	256
4	11	0	2	1	-470525	1536
4	11	0	2	2	-86525	32
4	11	0	2	3	-275	32
4	11	0	3	0	-49572225	4096
4	11	0	3	1	36358175	2048
4	11	0	3	2	103125	256
4	11	0	4	0	-108704115	2048
4	11	0	4	1	-1872125	512
4	11	0	5	0	4481325	512
4	11	0	5	1	111375	1024
4	11	0	6	0	-957825	2048
4	11	1	0	1	-1379425	1152
4	11	1	0	2	-628075	5184
4	11	1	0	3	2935675	10368
4	11	1	1	0	860475	128
4	11	1	1	1	-9991475	27648
4	11	1	1	2	-358175	1152
4	11	1	1	3	-583475	768
4	11	1	2	0	11234975	512
4	11	1	2	1	-199576075	9216
4	11	1	2	2	251875	32
4	11	1	2	3	2475	64
4	11	1	3	0	209563275	2048
4	11	1	3	1	-278042575	12288
4	11	1	3	2	-309375	256
4	11	1	4	0	-6805075	512
4	11	1	4	1	5523975	1024
4	11	1	5	0	334125	1024
4	11	1	5	1	-334125	2048
4	11	2	0	0	-286825	64
4	11	2	0	1	1511525	5184
4	11	2	0	2	19308025	20736
4	11	2	0	3	-8996525	20736
4	11	2	1	0	-4224925	512
4	11	2	1	1	36621025	6912
4	11	2	1	2	-11664575	4608
4	11	2	1	3	1744925	1536
4	11	2	2	0	-54235625	1024
4	11	2	2	1	2753525	128
4	11	2	2	2	-701725	128
4	11	2	2	3	-7425	128
4	11	2	3	0	673134125	12288
4	11	2	3	1	-3092375	768
4	11	2	3	2	928125	1024
4	11	2	4	0	-6263875	1024
4	11	2	4	1	5775	64
4	11	2	5	0	334125	2048
4	11	3	0	0	-500675	128
4	11	3	0	1	6535825	4608
4	11	3	0	2	-2587025	5184
4	11	3	0	3	612425	4608
4	11	3	1	0	1012325	1536
4	11	3	1	1	-101600275	27648
4	11	3	1	2	1575025	864
4	11	3	1	3	-2863475	9216
4	11	3	2	0	-3940825	64
4	11	3	2	1	154462625	9216
4	11	3	2	2	-23075	8
4	11	3	2	3	4125	256
4	11	3	3	0	9403325	3072
4	11	3	3	1	24112425	4096
4	11	3	3	2	103125	256
4	11	3	4	0	33825	64
4	11	3	4	1	-1802825	1024
4	11	3	5	1	111375	2048
4	11	4	0	0	-267275	1152
4	11	4	0	1	7310275	13824
4	11	4	0	2	-8655725	10368
4	11	4	0	3	984875	3456
4	11	4	1	0	806547875	55296
4	11	4	1	1	-203597675	27648
4	11	4	1	2	308375	128
4	11	4	1	3	-582925	768
4	11	4	2	0	-6310275	512
4	11	4	2	1	-15826525	1536
4	11	4	2	2	113425	32
4	11	4	2	3	2475	64
4	11	4	3	0	864575	12288
4	11	4	3	1	12480875	6144
4	11	4	3	2	-309375	512
4	11	4	4	0	33825	256
4	11	4	4	1	-5775	128
4	11	5	0	0	20583925	41472
4	11	5	0	1	-14267675	27648
4	11	5	0	2	1314275	2592
4	11	5	0	3	-1586275	6912
4	11	5	1	0	203848325	27648
4	11	5	1	1	77128375	55296
4	11	5	1	2	-229075	144
4	11	5	1	3	72075	128
4	11	5	2	0	1027525	512
4	11	5	2	1	-17334575	3072
4	11	5	2	2	1925	8
4	11	5	2	3	-7425	256
4	11	5	3	0	-853875	2048
4	11	5	3	1	12258125	12288
4	11	5	4	1	-5775	256
4	11	6	0	0	10520675	82944
4	11	6	0	1	-9941575	20736
4	11	6	0	2	1688725	5184
4	11	6	0	3	-48925	1152
4	11	6	1	0	1059175	6144
4	11	6	1	1	45150575	13824
4	11	6	1	2	-14175575	13824
4	11	6	1	3	4625	36
4	11	6	2	0	483675	1024
4	11	6	2	1	-724325	2304
4	11	6	2	2	-63425	128
4	11	6	2	3	-825	128
4	11	6	3	0	-284625	4096
4	11	6	3	1	-12375	1024
4	11	6	3	2	103125	1024
4	11	7	0	0	463475	20736
4	11	7	0	1	-5752075	82944
4	11	7	0	2	-702325	5184
4	11	7	0	3	272275	3456
4	11	7	1	0	-3060175	6912
4	11	7	1	1	36021125	55296
4	11	7	1	2	462275	1152
4	11	7	1	3	-286925	1536
4	11	7	2	0	15125	256
4	11	7	2	1	-560975	9216
4	11	7	2	2	-1925	32
4	11	7	2	3	2475	256
4	11	7	3	1	-12375	4096
4	11	8	0	0	820475	165888
4	11	8	0	1	246475	10368
4	11	8	0	2	-630025	10368
4	11	8	0	3	-9475	3456
4	11	8	1	0	-2713675	55296
4	11	8	1	1	-421925	4608
4	11	8	1	2	455675	2304
4	11	8	1	3	-275	256
4	11	8	2	0	15125	2048
4	11	8	2	1	2475	256
4	11	8	2	2	-1925	64
4	11	9	0	0	14875	20736
4	11	9	0	1	22225	20736
4	11	9	0	2	6025	1728
4	11	9	0	3	-22625	2304
4	11	9	1	0	9625	4608
4	11	9	1	1	-50425	3072
4	11	9	1	2	-275	192
4	11	9	1	3	140575	6912
4	11	9	2	1	825	512
4	11	9	2	3	-275	256
4	11	10	0	0	2975	41472
4	11	10	0	1	-775	648
4	11	10	0	2	6025	6912
4	11	10	0	3	9475	20736
4	11	10	1	0	1925	9216
4	11	10	1	1	-275	576
4	11	10	1	2	-275	768
4	11	10	1	3	275	1536
4	11	11	0	1	-775	5184
4	11	11	0	3	9475	41472
4	11	11	1	1	-275	4608
4	11	11	1	3	275	3072
4	12	0	0	3	42625	2592
4	12	0	0	4	1375	432
4	12	0	1	2	-493625	6912
4	12	0	1	3	-51425	576
4	12	0	2	1	-216425	2304
4	12	0	2	2	101475	128
4	12	0	2	3	275	48
4	12	0	3	0	4398075	4096
4	12	0	3	1	-11265925	3072
4	12	0	3	2	-31625	256
4	12	0	4	0	33629805	4096
4	12	0	4	1	193875	256
4	12	0	5	0	-5496975	4096
4	12	0	5	1	-12375	512
4	12	0	6	0	304425	4096
4	12	1	0	2	493625	5184
4	12	1	0	3	-67375	1728
4	12	1	0	4	-1375	72
4	12	1	1	1	216425	1152
4	12	1	1	2	-1618375	2304
4	12	1	1	3	153175	384
4	12	1	2	0	-1466025	512
4	12	1	2	1	32126875	4608
4	12	1	2	2	-288475	128
4	12	1	2	3	-825	32
4	12	1	3	0	-21451925	1024
4	12	1	3	1	26403575	6144
4	12	1	3	2	94875	256
4	12	1	4	0	174625	64
4	12	1	4	1	-568425	512
4	12	1	5	0	-37125	512
4	12	1	5	1	37125	1024
4	12	2	0	1	-216425	1728
4	12	2	0	2	-755425	10368
4	12	2	0	3	-100375	3456
4	12	2	0	4	1375	32
4	12	2	1	0	1466025	512
4	12	2	1	1	-390775	96
4	12	2	1	2	6515575	3072
4	12	2	1	3	-454025	768
4	12	2	2	0	55117975	3072
4	12	2	2	1	-3686375	576
4	12	2	2	2	753775	512
4	12	2	2	3	2475	64
4	12	2	3	0	-72947875	6144
4	12	2	3	1	232925	192
4	12	2	3	2	-284625	1024
4	12	2	4	0	20075	16
4	12	2	4	1	-825	32
4	12	2	5	0	-37125	1024
4	12	3	0	0	-488675	384
4	12	3	0	1	4954675	10368
4	12	3	0	2	-67925	256
4	12	3	0	3	875875	6912
4	12	3	0	4	-31625	864
4	12	3	1	0	-2225575	512
4	12	3	1	1	8771675	4608
4	12	3	1	2	-5107025	6912
4	12	3	1	3	237325	1536
4	12	3	2	0	29074925	1536
4	12	3	2	1	-24897125	4608
4	12	3	2	2	226875	256
4	12	3	2	3	-1375	128
4	12	3	3	0	-1875775	1536
4	12	3	3	1	-5749975	6144
4	12	3	3	2	-31625	256
4	12	3	4	0	-14025	128
4	12	3	4	1	183975	512
4	12	3	5	1	-12375	1024
4	12	4	0	0	-4863925	3456
4	12	4	0	1	2542375	20736
4	12	4	0	2	5362225	41472
4	12	4	0	3	-1375	64
4	12	4	0	4	-9625	768
4	12	4	1	0	-530223925	55296
4	12	4	1	1	22814825	4608
4	12	4	1	2	-8459275	4608
4	12	4	1	3	50875	128
4	12	4	2	0	25230425	6144
4	12	4	2	1	6627775	2304
4	12	4	2	2	-473275	512
4	12	4	2	3	-825	32
4	12	4	3	0	-514525	6144
4	12	4	3	1	-1885675	3072
4	12	4	3	2	94875	512
4	12	4	4	0	-14025	512
4	12	4	4	1	825	64
4	12	5	0	0	-674575	41472
4	12	5	0	1	-27185675	41472
4	12	5	0	2	848375	2592
4	12	5	0	3	-155375	1152
4	12	5	0	4	1375	32
4	12	5	1	0	-7578175	1728
4	12	5	1	1	-5448025	9216
4	12	5	1	2	114125	128
4	12	5	1	3	-36575	128
4	12	5	2	0	-242275	512
4	12	5	2	1	8236525	4608
4	12	5	2	2	-7975	64
4	12	5	2	3	2475	128
4	12	5	3	0	136125	1024
4	12	5	3	1	-1841125	6144
4	12	5	4	1	825	128
4	12	6	0	0	35890525	82944
4	12	6	0	1	-2273975	10368
4	12	6	0	2	-1042525	13824
4	12	6	0	3	89375	1728
4	12	6	0	4	-9625	576
4	12	6	1	0	-204325	1536
4	12	6	1	1	-4604875	2304
4	12	6	1	2	9248525	13824
4	12	6	1	3	-13475	192
4	12	6	2	0	-164175	1024
4	12	6	2	1	86075	384
4	12	6	2	2	53625	512
4	12	6	2	3	275	64
4	12	6	3	0	45375	2048
4	12	6	3	1	2475	512
4	12	6	3	2	-31625	1024
4	12	7	0	0	3876125	41472
4	12	7	0	1	10797875	41472
4	12	7	0	2	-3961375	20736
4	12	7	0	3	9625	144
4	12	7	0	4	-1375	96
4	12	7	1	0	3562075	13824
4	12	7	1	1	-442475	1024
4	12	7	1	2	-166375	768
4	12	7	1	3	23925	256
4	12	7	2	0	-17875	512
4	12	7	2	1	67925	1536
4	12	7	2	2	7975	256
4	12	7	2	3	-825	128
4	12	7	3	1	2475	2048
4	12	8	0	0	-14504875	331776
4	12	8	0	1	1504525	10368
4	12	8	0	2	-40975	41472
4	12	8	0	3	-15125	576
4	12	8	0	4	1375	128
4	12	8	1	0	3661075	110592
4	12	8	1	1	45925	1152
4	12	8	1	2	-58025	512
4	12	8	1	3	275	128
4	12	8	2	0	-17875	4096
4	12	8	2	1	-825	128
4	12	8	2	2	7975	512
4	12	9	0	0	-675125	41472
4	12	9	0	1	76175	20736
4	12	9	0	2	53075	1152
4	12	9	0	3	-182875	10368
4	12	9	0	4	1375	864
4	12	9	1	0	1375	4608
4	12	9	1	1	6875	768
4	12	9	1	2	-1925	768
4	12	9	1	3	-1375	144
4	12	9	2	1	-275	256
4	12	9	2	3	275	384
4	12	10	0	0	-44275	82944
4	12	10	0	1	-1375	162
4	12	10	0	2	4675	512
4	12	10	0	3	15125	3456
4	12	10	0	4	-1375	576
4	12	10	1	0	275	9216
4	12	10	1	1	275	288
4	12	10	1	2	-1925	3072
4	12	10	1	3	-275	768
4	12	11	0	0	1375	4608
4	12	11	0	1	-1375	1296
4	12	11	0	2	-1375	1152
4	12	11	0	3	15125	6912
4	12	11	1	1	275	2304
4	12	11	1	3	-275	1536
4	12	12	0	0	1375	55296
4	12	12	0	2	-1375	6912
4	12	12	0	4	1375	6912
4	13	0	0	4	-275	144
4	13	0	1	3	21175	1152
4	13	0	2	2	-19525	192
4	13	0	2	3	-275	192
4	13	0	3	1	712525	2048
4	13	0	3	2	4125	256
4	13	0	4	0	-2392335	4096
4	13	0	4	1	-9075	128
4	13	0	5	0	388575	4096
4	13	0	5	1	2475	1024
4	13	0	6	0	-22275	4096
4	13	1	0	3	-21175	864
4	13	1	0	4	275	24
4	13	1	1	2	19525	96
4	13	1	1	3	-62425	768
4	13	1	2	1	-712525	768
4	13	1	2	2	17875	64
4	13	1	2	3	825	128
4	13	1	3	0	3987225	2048
4	13	1	3	1	-1497375	4096
4	13	1	3	2	-12375	256
4	13	1	4	0	-129525	512
4	13	1	4	1	825	8
4	13	1	5	0	7425	1024
4	13	1	5	1	-7425	2048
4	13	2	0	2	-19525	144
4	13	2	0	3	21175	216
4	13	2	0	4	-825	32
4	13	2	1	1	712525	768
4	13	2	1	2	-95975	192
4	13	2	1	3	181775	1536
4	13	2	2	0	-1329075	512
4	13	2	2	1	211475	256
4	13	2	2	2	-42075	256
4	13	2	2	3	-2475	256
4	13	2	3	0	4850725	4096
4	13	2	3	1	-40425	256
4	13	2	3	2	37125	1024
4	13	2	4	0	-119625	1024
4	13	2	4	1	825	256
4	13	2	5	0	7425	2048
4	13	3	0	1	-712525	1728
4	13	3	0	2	275	1
4	13	3	0	3	-21175	192
4	13	3	0	4	6325	288
4	13	3	1	0	443025	256
4	13	3	1	1	-2152975	4608
4	13	3	1	2	17325	128
4	13	3	1	3	-86075	3072
4	13	3	2	0	-1329075	512
4	13	3	2	1	2306975	3072
4	13	3	2	2	-46475	384
4	13	3	2	3	1375	512
4	13	3	3	0	191125	1024
4	13	3	3	1	235675	4096
4	13	3	3	2	4125	256
4	13	3	4	0	2475	256
4	13	3	4	1	-33825	1024
4	13	3	5	1	2475	2048
4	13	4	0	0	-147675	256
4	13	4	0	1	3575	144
4	13	4	0	2	17875	288
4	13	4	0	3	-21175	576
4	13	4	0	4	1925	256
4	13	4	1	0	11529925	4608
4	13	4	1	1	-10705475	9216
4	13	4	1	2	328625	768
4	13	4	1	3	-20625	256
4	13	4	2	0	-1296075	2048
4	13	4	2	1	-172425	512
4	13	4	2	2	25025	256
4	13	4	2	3	825	128
4	13	4	3	0	67375	4096
4	13	4	3	1	164175	2048
4	13	4	3	2	-12375	512
4	13	4	4	0	2475	1024
4	13	4	4	1	-825	512
4	13	5	0	0	-3814525	3456
4	13	5	0	1	242275	384
4	13	5	0	2	-99275	288
4	13	5	0	3	614075	4608
4	13	5	0	4	-825	32
4	13	5	1	0	10208275	9216
4	13	5	1	1	2212375	18432
4	13	5	1	2	-34925	192
4	13	5	1	3	27775	512
4	13	5	2	0	4125	128
4	13	5	2	1	-257125	1024
4	13	5	2	2	825	32
4	13	5	2	3	-2475	512
4	13	5	3	0	-37125	2048
4	13	5	3	1	159225	4096
4	13	5	4	1	-825	1024
4	13	6	0	0	-10247875	13824
4	13	6	0	1	583825	3456
4	13	6	0	2	275	2304
4	13	6	0	3	-21175	768
4	13	6	0	4	1925	192
4	13	6	1	0	140525	2048
4	13	6	1	1	2158475	4608
4	13	6	1	2	-77825	512
4	13	6	1	3	11825	768
4	13	6	2	0	12375	512
4	13	6	2	1	-10175	192
4	13	6	2	2	-4675	768
4	13	6	2	3	-275	256
4	13	6	3	0	-12375	4096
4	13	6	3	1	-825	1024
4	13	6	3	2	4125	1024
4	13	7	0	0	-2299825	13824
4	13	7	0	1	-2423575	9216
4	13	7	0	2	201025	1152
4	13	7	0	3	-275275	4608
4	13	7	0	4	275	32
4	13	7	1	0	-248875	4608
4	13	7	1	1	2146925	18432
4	13	7	1	2	1925	48
4	13	7	1	3	-275	16
4	13	7	2	0	4125	512
4	13	7	2	1	-31625	3072
4	13	7	2	2	-825	128
4	13	7	2	3	825	512
4	13	7	3	1	-825	4096
4	13	8	0	0	2524775	110592
4	13	8	0	1	-676775	4608
4	13	8	0	2	28325	2304
4	13	8	0	3	21175	1152
4	13	8	0	4	-825	128
4	13	8	1	0	-347875	36864
4	13	8	1	1	-8525	4608
4	13	8	1	2	4675	192
4	13	8	1	3	-275	256
4	13	8	2	0	4125	4096
4	13	8	2	1	825	512
4	13	8	2	2	-825	256
4	13	9	0	0	182875	13824
4	13	9	0	1	-262075	27648
4	13	9	0	2	-21175	576
4	13	9	0	3	21175	1536
4	13	9	0	4	-275	288
4	13	9	1	0	-1375	1536
4	13	9	1	1	-13475	9216
4	13	9	1	2	275	128
4	13	9	1	3	6875	4608
4	13	9	2	1	275	1024
4	13	9	2	3	-275	1536
4	13	10	0	0	18425	27648
4	13	10	0	1	3575	576
4	13	10	0	2	-17875	2304
4	13	10	0	3	-21175	6912
4	13	10	0	4	275	192
4	13	10	1	0	-275	3072
4	13	10	1	1	-275	576
4	13	10	1	2	275	512
4	13	10	1	3	275	1536
4	13	11	0	0	-275	1536
4	13	11	0	1	3575	4608
4	13	11	0	2	275	384
4	13	11	0	3	-21175	13824
4	13	11	1	1	-275	4608
4	13	11	1	3	275	3072
4	13	12	0	0	-275	18432
4	13	12	0	2	275	2304
4	13	12	0	4	-275	2304
5	0	0	0	0	-149325	1024
5	0	0	1	0	611085	1024
5	0	0	2	0	-3294725	1024
5	0	0	3	0	4330895	1024
5	0	0	4	0	-3798879	1024
5	0	0	5	0	550935	1024
5	0	0	6	0	-16335	1024
5	1	0	0	0	862095	512
5	1	0	1	0	-2463585	512
5	1	0	2	0	17762835	512
5	1	0	3	0	-21139935	512
5	1	0	4	0	21840861	512
5	1	0	5	0	-3276315	512
5	1	0	6	0	102465	512
5	2	0	0	0	-4636545	512
5	2	0	1	0	7605885	512
5	2	0	2	0	-89078865	512
5	2	0	3	0	91610535	512
5	2	0	4	0	-116033451	512
5	2	0	5	0	17956215	512
5	2	0	6	0	-592515	512
5	3	0	0	0	935345	32
5	3	0	0	1	118805	576
5	3	0	1	0	-3840165	256
5	3	0	1	1	-1867625	1152
5	3	0	2	0	8547665	16
5	3	0	2	1	84765	32
5	3	0	3	0	-114715555	256
5	3	0	3	1	-2694085	1152
5	3	0	4	0	23583477	32
5	3	0	4	1	18345	64
5	3	0	5	0	-30022695	256
5	3	0	5	1	-495	128
5	3	0	6	0	16335	4
5	3	1	0	0	-1925	96
5	3	1	0	1	-118805	384
5	3	1	1	0	-1899245	384
5	3	1	1	1	1867625	768
5	3	1	2	0	75635	16
5	3	1	2	1	-254295	64
5	3	1	3	0	-4188655	384
5	3	1	3	1	2694085	768
5	3	1	4	0	33345	32
5	3	1	4	1	-55035	128
5	3	1	5	0	-1485	128
5	3	1	5	1	1485	256
5	3	2	0	0	-1925	192
5	3	2	1	0	-1899245	768
5	3	2	2	0	75635	32
5	3	2	3	0	-4188655	768
5	3	2	4	0	33345	64
5	3	2	5	0	-1485	256
5	3	3	0	1	118805	1152
5	3	3	1	1	-1867625	2304
5	3	3	2	1	84765	64
5	3	3	3	1	-2694085	2304
5	3	3	4	1	18345	128
5	3	3	5	1	-495	256
5	4	0	0	0	-63580355	1024
5	4	0	0	1	-69845	48
5	4	0	1	0	-32841765	1024
5	4	0	1	1	19577255	1728
5	4	0	2	0	-1139715995	1024
5	4	0	2	1	-2999515	144
5	4	0	3	0	717333645	1024
5	4	0	3	1	3779605	192
5	4	0	4	0	-1677074745	1024
5	4	0	4	1	-20985	8
5	4	0	5	0	273384225	1024
5	4	0	5	1	2475	64
5	4	0	6	0	-10046025	1024
5	4	1	0	0	51215	192
5	4	1	0	1	69845	32
5	4	1	1	0	7498735	192
5	4	1	1	1	-19577255	1152
5	4	1	2	0	-1678915	48
5	4	1	2	1	2999515	96
5	4	1	3	0	5980945	64
5	4	1	3	1	-3779605	128
5	4	1	4	0	-610025	64
5	4	1	4	1	62955	16
5	4	1	5	0	7425	64
5	4	1	5	1	-7425	128
5	4	2	0	0	-94825	384
5	4	2	1	0	24151765	1152
5	4	2	2	0	-2785405	144
5	4	2	3	0	5907615	128
5	4	2	4	0	-602765	128
5	4	2	5	0	7425	128
5	4	3	0	0	-6085	16
5	4	3	0	1	-69845	96
5	4	3	1	0	206945	144
5	4	3	1	1	19577255	3456
5	4	3	2	0	-534065	288
5	4	3	2	1	-2999515	288
5	4	3	3	0	-36665	64
5	4	3	3	1	3779605	384
5	4	3	4	0	1815	32
5	4	3	4	1	-20985	16
5	4	3	5	1	2475	128
5	4	4	0	0	-6085	64
5	4	4	1	0	206945	576
5	4	4	2	0	-534065	1152
5	4	4	3	0	-36665	256
5	4	4	4	0	1815	128
5	5	0	0	0	45969795	512
5	5	0	0	1	1218245	288
5	5	0	1	0	67490345	512
5	5	0	1	1	-126521435	3456
5	5	0	2	0	843241055	512
5	5	0	2	1	61268225	864
5	5	0	3	0	-342053925	512
5	5	0	3	1	-28656095	384
5	5	0	4	0	1345580769	512
5	5	0	4	1	86235	8
5	5	0	5	0	-223712685	512
5	5	0	5	1	-22275	128
5	5	0	6	0	8673885	512
5	5	1	0	0	-777785	192
5	5	1	0	1	-3568145	576
5	5	1	1	0	-55428485	384
5	5	1	1	1	125348875	2304
5	5	1	2	0	3267145	32
5	5	1	2	1	-184925435	1728
5	5	1	3	0	-46273955	128
5	5	1	3	1	28624415	256
5	5	1	4	0	2505265	64
5	5	1	4	1	-517245	32
5	5	1	5	0	-66825	128
5	5	1	5	1	66825	256
5	5	2	0	0	588625	1152
5	5	2	0	1	-43295	288
5	5	2	1	0	-189597535	2304
5	5	2	1	1	73285	144
5	5	2	2	0	11589355	192
5	5	2	2	1	140095	216
5	5	2	3	0	-45223795	256
5	5	2	3	1	495	4
5	5	2	4	0	2445205	128
5	5	2	4	1	-165	32
5	5	2	5	0	-66825	256
5	5	3	0	0	730495	288
5	5	3	0	1	2306605	1152
5	5	3	1	0	-1457005	144
5	5	3	1	1	-123883175	6912
5	5	3	2	0	111745	12
5	5	3	2	1	62108795	1728
5	5	3	3	0	65635	16
5	5	3	3	1	-28584815	768
5	5	3	4	0	-15015	32
5	5	3	4	1	689385	128
5	5	3	5	1	-22275	256
5	5	4	0	0	730495	1152
5	5	4	0	1	43295	576
5	5	4	1	0	-1457005	576
5	5	4	1	1	-73285	288
5	5	4	2	0	111745	48
5	5	4	2	1	-140095	432
5	5	4	3	0	65635	64
5	5	4	3	1	-495	8
5	5	4	4	0	-15015	128
5	5	4	4	1	165	64
5	5	5	0	1	43295	1152
5	5	5	1	1	-73285	576
5	5	5	2	1	-140095	864
5	5	5	3	1	-495	16
5	5	5	4	1	165	128
5	6	0	0	0	-22594125	256
5	6	0	0	1	-5746745	864
5	6	0	0	2	-1122715	3888
5	6	0	1	0	-54243675	256
5	6	0	1	1	60499375	864
5	6	0	1	2	478085	864
5	6	0	2	0	-450602025	256
5	6	0	2	1	-118237235	864
5	6	0	2	2	-30895	48
5	6	0	3	0	75737555	256
5	6	0	3	1	48386405	288
5	6	0	3	2	3025	64
5	6	0	4	0	-802530741	256
5	6	0	4	1	-209595	8
5	6	0	5	0	135410265	256
5	6	0	5	1	7425	16
5	6	0	6	0	-5537565	256
5	6	1	0	0	1085405	64
5	6	1	0	1	39782885	5184
5	6	1	0	2	1122715	1296
5	6	1	1	0	7543445	24
5	6	1	1	1	-173916785	1728
5	6	1	1	2	-478085	288
5	6	1	2	0	-27184715	192
5	6	1	2	1	352555805	1728
5	6	1	2	2	30895	16
5	6	1	3	0	319733675	384
5	6	1	3	1	-48155845	192
5	6	1	3	2	-9075	64
5	6	1	4	0	-1521005	16
5	6	1	4	1	628125	16
5	6	1	5	0	22275	16
5	6	1	5	1	-22275	32
5	6	2	0	0	-1005775	1152
5	6	2	0	1	2984455	1296
5	6	2	0	2	-1122715	1728
5	6	2	1	0	52765055	288
5	6	2	1	1	-1895335	432
5	6	2	1	2	478085	384
5	6	2	2	0	-117183565	1152
5	6	2	2	1	538975	432
5	6	2	2	2	-92685	64
5	6	2	3	0	103410105	256
5	6	2	3	1	-7205	6
5	6	2	3	2	27225	256
5	6	2	4	0	-1466225	32
5	6	2	4	1	165	4
5	6	2	5	0	22275	32
5	6	3	0	0	-7772645	864
5	6	3	0	1	-1381145	864
5	6	3	0	2	-1122715	3888
5	6	3	1	0	7223005	288
5	6	3	1	1	27406685	864
5	6	3	1	2	478085	864
5	6	3	2	0	-8860345	288
5	6	3	2	1	-58310155	864
5	6	3	2	2	-30895	48
5	6	3	3	0	-1193365	96
5	6	3	3	1	47867645	576
5	6	3	3	2	3025	64
5	6	3	4	0	13695	8
5	6	3	4	1	-52275	4
5	6	3	5	1	7425	32
5	6	4	0	0	-2077265	1152
5	6	4	0	1	-2984455	2592
5	6	4	0	2	1122715	2592
5	6	4	1	0	5816105	1152
5	6	4	1	1	1895335	864
5	6	4	1	2	-478085	576
5	6	4	2	0	-8625295	1152
5	6	4	2	1	-538975	864
5	6	4	2	2	30895	32
5	6	4	3	0	-610295	192
5	6	4	3	1	7205	12
5	6	4	3	2	-9075	128
5	6	4	4	0	13695	32
5	6	4	4	1	-165	8
5	6	5	0	0	154085	576
5	6	5	0	1	-2984455	5184
5	6	5	1	0	-70345	96
5	6	5	1	1	1895335	1728
5	6	5	2	0	7835	64
5	6	5	2	1	-538975	1728
5	6	5	3	0	-5445	128
5	6	5	3	1	7205	24
5	6	5	4	1	-165	16
5	6	6	0	0	154085	3456
5	6	6	0	2	-1122715	15552
5	6	6	1	0	-70345	576
5	6	6	1	2	478085	3456
5	6	6	2	0	7835	384
5	6	6	2	2	-30895	192
5	6	6	3	0	-1815	256
5	6	6	3	2	3025	256
5	7	0	0	0	7292475	128
5	7	0	0	1	1679695	288
5	7	0	0	2	449855	432
5	7	0	1	0	50332015	256
5	7	0	1	1	-296320375	3456
5	7	0	1	2	-3979505	1296
5	7	0	2	0	173254375	128
5	7	0	2	1	5246845	32
5	7	0	2	2	173725	48
5	7	0	3	0	63020295	512
5	7	0	3	1	-191382385	768
5	7	0	3	2	-2475	8
5	7	0	4	0	180220299	64
5	7	0	4	1	1335075	32
5	7	0	5	0	-61388145	128
5	7	0	5	1	-51975	64
5	7	0	6	0	1323135	64
5	7	1	0	0	-6548725	192
5	7	1	0	1	-3418015	1728
5	7	1	0	2	-449855	144
5	7	1	1	0	-166651765	384
5	7	1	1	1	2301635975	20736
5	7	1	1	2	3979505	432
5	7	1	2	0	12414355	192
5	7	1	2	1	-130767175	576
5	7	1	2	2	-173725	16
5	7	1	3	0	-324110695	256
5	7	1	3	1	188895945	512
5	7	1	3	2	7425	8
5	7	1	4	0	302435	2
5	7	1	4	1	-3995985	64
5	7	1	5	0	-155925	64
5	7	1	5	1	155925	128
5	7	2	0	0	258485	128
5	7	2	0	1	-4315385	648
5	7	2	0	2	449855	192
5	7	2	1	0	-64915115	256
5	7	2	1	1	22217975	1296
5	7	2	1	2	-3979505	576
5	7	2	2	0	139233845	1152
5	7	2	2	1	-344125	18
5	7	2	2	2	521175	64
5	7	2	3	0	-313950755	512
5	7	2	3	1	155485	32
5	7	2	3	2	-22275	32
5	7	2	4	0	575995	8
5	7	2	4	1	-1155	8
5	7	2	5	0	-155925	128
5	7	3	0	0	1746455	96
5	7	3	0	1	-11493355	5184
5	7	3	0	2	449855	432
5	7	3	1	0	-59859005	1728
5	7	3	1	1	-610145675	20736
5	7	3	1	2	-3979505	1296
5	7	3	2	0	24997445	288
5	7	3	2	1	13035185	192
5	7	3	2	2	173725	48
5	7	3	3	0	2588495	128
5	7	3	3	1	-185789875	1536
5	7	3	3	2	-2475	8
5	7	3	4	0	-28875	8
5	7	3	4	1	1328145	64
5	7	3	5	1	-51975	128
5	7	4	0	0	1323505	384
5	7	4	0	1	525955	162
5	7	4	0	2	-449855	288
5	7	4	1	0	-14367085	2304
5	7	4	1	1	-85211975	10368
5	7	4	1	2	3979505	864
5	7	4	2	0	22496195	1152
5	7	4	2	1	2795885	288
5	7	4	2	2	-173725	32
5	7	4	3	0	2831045	512
5	7	4	3	1	-622435	256
5	7	4	3	2	7425	16
5	7	4	4	0	-28875	32
5	7	4	4	1	1155	16
5	7	5	0	0	-42295	64
5	7	5	0	1	2211565	1296
5	7	5	1	0	1675775	1152
5	7	5	1	1	-92531825	20736
5	7	5	2	0	-83375	64
5	7	5	2	1	2710115	576
5	7	5	3	0	72765	256
5	7	5	3	1	-621445	512
5	7	5	4	1	1155	32
5	7	6	0	0	-42295	384
5	7	6	0	1	35915	648
5	7	6	0	2	449855	1728
5	7	6	1	0	1675775	6912
5	7	6	1	1	-1219975	5184
5	7	6	1	2	-3979505	5184
5	7	6	2	0	-83375	384
5	7	6	2	1	-4765	48
5	7	6	2	2	173725	192
5	7	6	3	0	24255	512
5	7	6	3	1	165	128
5	7	6	3	2	-2475	32
5	7	7	0	1	35915	2592
5	7	7	1	1	-1219975	20736
5	7	7	2	1	-4765	192
5	7	7	3	1	165	512
5	8	0	0	0	-2824045	128
5	8	0	0	1	-328565	144
5	8	0	0	2	-4719965	2592
5	8	0	1	0	-56401005	512
5	8	0	1	1	118902025	1728
5	8	0	1	2	8730985	1296
5	8	0	2	0	-374337095	512
5	8	0	2	1	-26949455	216
5	8	0	2	2	-836525	96
5	8	0	3	0	-295257555	1024
5	8	0	3	1	97911815	384
5	8	0	3	2	55275	64
5	8	0	4	0	-1951211073	1024
5	8	0	4	1	-364035	8
5	8	0	5	0	333540585	1024
5	8	0	5	1	31185	32
5	8	0	6	0	-15142545	1024
5	8	1	0	0	14765215	384
5	8	1	0	1	-20066525	2592
5	8	1	0	2	13932785	2592
5	8	1	1	0	49707845	128
5	8	1	1	1	-708339065	10368
5	8	1	1	2	-4393205	216
5	8	1	2	0	10160335	128
5	8	1	2	1	56855495	432
5	8	1	2	2	835315	32
5	8	1	3	0	5318335	4
5	8	1	3	1	-95134095	256
5	8	1	3	2	-165825	64
5	8	1	4	0	-5270335	32
5	8	1	4	1	1087485	16
5	8	1	5	0	93555	32
5	8	1	5	1	-93555	64
5	8	2	0	0	-20030305	2304
5	8	2	0	1	2147105	216
5	8	2	0	2	-40208585	10368
5	8	2	1	0	171246205	768
5	8	2	1	1	-22034285	648
5	8	2	1	2	8915735	576
5	8	2	2	0	-36164675	256
5	8	2	2	1	12160055	216
5	8	2	2	2	-2497475	128
5	8	2	3	0	41475155	64
5	8	2	3	1	-173855	16
5	8	2	3	2	497475	256
5	8	2	4	0	-4960795	64
5	8	2	4	1	1155	4
5	8	2	5	0	93555	64
5	8	3	0	0	-100070705	3456
5	8	3	0	1	10166255	1296
5	8	3	0	2	-9780595	5184
5	8	3	1	0	100340075	3456
5	8	3	1	1	80756405	10368
5	8	3	1	2	34425115	5184
5	8	3	2	0	-22382445	128
5	8	3	2	1	-18236845	864
5	8	3	2	2	-1678495	192
5	8	3	3	0	-1140825	64
5	8	3	3	1	91667885	768
5	8	3	3	2	55275	64
5	8	3	4	0	77385	16
5	8	3	4	1	-180285	8
5	8	3	5	1	31185	64
5	8	4	0	0	-39416495	4608
5	8	4	0	1	-437635	108
5	8	4	0	2	26389355	10368
5	8	4	1	0	34838485	4608
5	8	4	1	1	84675665	5184
5	8	4	1	2	-35866165	3456
5	8	4	2	0	-18477305	512
5	8	4	2	1	-12405485	432
5	8	4	2	2	1662765	128
5	8	4	3	0	-1487325	256
5	8	4	3	1	696905	128
5	8	4	3	2	-165825	128
5	8	4	4	0	77385	64
5	8	4	4	1	-1155	8
5	8	5	0	0	-313475	384
5	8	5	0	1	-47105	16
5	8	5	0	2	113555	1296
5	8	5	1	0	236195	1152
5	8	5	1	1	91598615	10368
5	8	5	1	2	18475	144
5	8	5	2	0	587465	128
5	8	5	2	1	-11914625	864
5	8	5	2	2	605	16
5	8	5	3	0	-51975	64
5	8	5	3	1	693935	256
5	8	5	4	1	-1155	16
5	8	6	0	0	-1097855	6912
5	8	6	0	1	-396565	648
5	8	6	0	2	-4038635	10368
5	8	6	1	0	373325	6912
5	8	6	1	1	1153825	2592
5	8	6	1	2	4614905	2592
5	8	6	2	0	198645	256
5	8	6	2	1	1515	4
5	8	6	2	2	-825635	384
5	8	6	3	0	-17325	128
5	8	6	3	1	-495	64
5	8	6	3	2	55275	256
5	8	7	0	0	-11245	1152
5	8	7	0	1	-396565	2592
5	8	7	0	2	-113555	5184
5	8	7	1	0	3265	384
5	8	7	1	1	1153825	10368
5	8	7	1	2	-18475	576
5	8	7	2	0	605	128
5	8	7	2	1	1515	16
5	8	7	2	2	-605	64
5	8	7	3	1	-495	256
5	8	8	0	0	-11245	9216
5	8	8	0	2	-113555	10368
5	8	8	1	0	3265	3072
5	8	8	1	2	-18475	1152
5	8	8	2	0	605	1024
5	8	8	2	2	-605	128
5	9	0	0	0	31615	8
5	9	0	0	1	-181325	864
5	9	0	0	2	441965	243
5	9	0	0	3	108515	1944
5	9	0	1	0	69785	2
5	9	0	1	1	-123183535	3456
5	9	0	1	2	-4834375	648
5	9	0	1	3	-1555	18
5	9	0	2	0	67378785	256
5	9	0	2	1	50489975	864
5	9	0	2	2	93585	8
5	9	0	2	3	55	24
5	9	0	3	0	26998785	128
5	9	0	3	1	-421027685	2304
5	9	0	3	2	-42625	32
5	9	0	4	0	491227935	512
5	9	0	4	1	551145	16
5	9	0	5	0	-83801925	512
5	9	0	5	1	-51975	64
5	9	0	6	0	4002075	512
5	9	1	0	0	-764955	32
5	9	1	0	1	63434135	5184
5	9	1	0	2	-1566275	324
5	9	1	0	3	-108515	432
5	9	1	1	0	-84842285	384
5	9	1	1	1	378848495	20736
5	9	1	1	2	2372135	108
5	9	1	1	3	1555	4
5	9	1	2	0	-13837415	96
5	9	1	2	1	-9603515	1728
5	9	1	2	2	-279215	8
5	9	1	2	3	-165	16
5	9	1	3	0	-750870215	768
5	9	1	3	1	398334685	1536
5	9	1	3	2	127875	32
5	9	1	4	0	3982475	32
5	9	1	4	1	-1641885	32
5	9	1	5	0	-155925	64
5	9	1	5	1	155925	128
5	9	2	0	0	921535	48
5	9	2	0	1	-66289175	7776
5	9	2	0	2	547955	216
5	9	2	0	3	108515	288
5	9	2	1	0	-259387415	2304
5	9	2	1	1	21056095	648
5	9	2	1	2	-4534025	288
5	9	2	1	3	-4665	8
5	9	2	2	0	12028645	72
5	9	2	2	1	-71695145	864
5	9	2	2	2	826865	32
5	9	2	2	3	495	32
5	9	2	3	0	-248147185	512
5	9	2	3	1	1422025	96
5	9	2	3	2	-383625	128
5	9	2	4	0	3709895	64
5	9	2	4	1	-5775	16
5	9	2	5	0	-155925	128
5	9	3	0	0	61501165	1728
5	9	3	0	1	-337659115	31104
5	9	3	0	2	8885705	3888
5	9	3	0	3	-542575	5184
5	9	3	1	0	-8115955	864
5	9	3	1	1	207672265	20736
5	9	3	1	2	-20148445	2592
5	9	3	1	3	7775	48
5	9	3	2	0	131824925	576
5	9	3	2	1	-110319545	3456
5	9	3	2	2	23685	2
5	9	3	2	3	-275	64
5	9	3	3	0	2265515	384
5	9	3	3	1	-370057535	4608
5	9	3	3	2	-42625	32
5	9	3	4	0	-68145	16
5	9	3	4	1	1084965	64
5	9	3	5	1	-51975	128
5	9	4	0	0	295099975	20736
5	9	4	0	1	26667965	15552
5	9	4	0	2	-3644495	2592
5	9	4	0	3	-108515	432
5	9	4	1	0	-535715	48
5	9	4	1	1	-147445655	10368
5	9	4	1	2	17805715	1728
5	9	4	1	3	1555	4
5	9	4	2	0	102096005	2304
5	9	4	2	1	72838055	1728
5	9	4	2	2	-137105	8
5	9	4	2	3	-165	16
5	9	4	3	0	5557265	1536
5	9	4	3	1	-5710375	768
5	9	4	3	2	127875	64
5	9	4	4	0	-68145	64
5	9	4	4	1	5775	32
5	9	5	0	0	7509805	2592
5	9	5	0	1	111095945	31104
5	9	5	0	2	-67195	108
5	9	5	0	3	108515	576
5	9	5	1	0	-5619445	1152
5	9	5	1	1	-192251225	20736
5	9	5	1	2	30035	72
5	9	5	1	3	-4665	16
5	9	5	2	0	-125295	16
5	9	5	2	1	70587875	3456
5	9	5	2	2	-385	2
5	9	5	2	3	495	64
5	9	5	3	0	329175	256
5	9	5	3	1	-5665825	1536
5	9	5	4	1	5775	64
5	9	6	0	0	199175	864
5	9	6	0	1	142075	81
5	9	6	0	2	-46405	3888
5	9	6	0	3	108515	2592
5	9	6	1	0	-3261145	6912
5	9	6	1	1	-7234315	5184
5	9	6	1	2	-2011715	1296
5	9	6	1	3	-1555	24
5	9	6	2	0	-264835	192
5	9	6	2	1	-875	2
5	9	6	2	2	88965	32
5	9	6	2	3	55	32
5	9	6	3	0	109725	512
5	9	6	3	1	2475	128
5	9	6	3	2	-42625	128
5	9	7	0	0	-560665	5184
5	9	7	0	1	11262485	31104
5	9	7	0	2	67195	432
5	9	7	0	3	-108515	1728
5	9	7	1	0	28075	192
5	9	7	1	1	-5951275	20736
5	9	7	1	2	-30035	288
5	9	7	1	3	1555	16
5	9	7	2	0	-2035	64
5	9	7	2	1	-14605	128
5	9	7	2	2	385	8
5	9	7	2	3	-165	64
5	9	7	3	1	2475	512
5	9	8	0	0	-560665	41472
5	9	8	0	1	-216065	5184
5	9	8	0	2	67195	864
5	9	8	1	0	28075	1536
5	9	8	1	1	135	4
5	9	8	1	2	-30035	576
5	9	8	2	0	-2035	512
5	9	8	2	1	-165	64
5	9	8	2	2	385	16
5	9	9	0	1	-216065	31104
5	9	9	0	3	108515	15552
5	9	9	1	1	45	8
5	9	9	1	3	-1555	144
5	9	9	2	1	-55	128
5	9	9	2	3	55	192
5	10	0	0	1	31855	96
5	10	0	0	2	-845765	864
5	10	0	0	3	-15755	108
5	10	0	1	0	-1238805	256
5	10	0	1	1	264715	24
5	10	0	1	2	7521745	1728
5	10	0	1	3	6365	24
5	10	0	2	0	-14496885	256
5	10	0	2	1	-1430935	96
5	10	0	2	2	-228295	24
5	10	0	2	3	-55	6
5	10	0	3	0	-43258185	512
5	10	0	3	1	5814945	64
5	10	0	3	2	78375	64
5	10	0	4	0	-178842267	512
5	10	0	4	1	-143085	8
5	10	0	5	0	30287655	512
5	10	0	5	1	7425	16
5	10	0	6	0	-1519155	512
5	10	1	0	0	412935	64
5	10	1	0	1	-4638475	576
5	10	1	0	2	1426615	864
5	10	1	0	3	15755	24
5	10	1	1	0	9409335	128
5	10	1	1	1	33065	72
5	10	1	1	2	-6307325	576
5	10	1	1	3	-19095	16
5	10	1	2	0	1576045	16
5	10	1	2	1	-9417215	192
5	10	1	2	2	28145	1
5	10	1	2	3	165	4
5	10	1	3	0	63682605	128
5	10	1	3	1	-15829595	128
5	10	1	3	2	-235125	64
5	10	1	4	0	-1031585	16
5	10	1	4	1	424635	16
5	10	1	5	0	22275	16
5	10	1	5	1	-22275	32
5	10	2	0	0	-2468255	128
5	10	2	0	1	457385	144
5	10	2	0	2	3427955	3456
5	10	2	0	3	-15755	16
5	10	2	1	0	4255755	256
5	10	2	1	1	-1287635	144
5	10	2	1	2	10391995	2304
5	10	2	1	3	57285	32
5	10	2	2	0	-29108225	192
5	10	2	2	1	1141275	16
5	10	2	2	2	-653535	32
5	10	2	2	3	-495	8
5	10	2	3	0	65041445	256
5	10	2	3	1	-101365	8
5	10	2	3	2	705375	256
5	10	2	4	0	-953045	32
5	10	2	4	1	1155	4
5	10	2	5	0	22275	32
5	10	3	0	0	-5159065	192
5	10	3	0	1	585865	72
5	10	3	0	2	-1645295	864
5	10	3	0	3	78775	288
5	10	3	1	0	-188275	64
5	10	3	1	1	-6693215	576
5	10	3	1	2	5148875	864
5	10	3	1	3	-31825	64
5	10	3	2	0	-12267885	64
5	10	3	2	1	738685	16
5	10	3	2	2	-941395	96
5	10	3	2	3	275	16
5	10	3	3	0	14735	4
5	10	3	3	1	4606815	128
5	10	3	3	2	78375	64
5	10	3	4	0	19635	8
5	10	3	4	1	-34905	4
5	10	3	5	1	7425	32
5	10	4	0	0	-27517955	2304
5	10	4	0	1	488455	288
5	10	4	0	2	-2166355	1728
5	10	4	0	3	15755	24
5	10	4	1	0	135166015	6912
5	10	4	1	1	-14180	9
5	10	4	1	2	-49025	24
5	10	4	1	3	-19095	16
5	10	4	2	0	-27876695	768
5	10	4	2	1	-1139435	32
5	10	4	2	2	859885	64
5	10	4	2	3	165	4
5	10	4	3	0	-141995	128
5	10	4	3	1	407935	64
5	10	4	3	2	-235125	128
5	10	4	4	0	19635	32
5	10	4	4	1	-1155	8
5	10	5	0	0	-1212635	432
5	10	5	0	1	-1502825	576
5	10	5	0	2	534415	432
5	10	5	0	3	-15755	32
5	10	5	1	0	9079285	864
5	10	5	1	1	1666195	288
5	10	5	1	2	-616285	288
5	10	5	1	3	57285	64
5	10	5	2	0	230335	32
5	10	5	2	1	-1145755	64
5	10	5	2	2	3135	8
5	10	5	2	3	-495	16
5	10	5	3	0	-155925	128
5	10	5	3	1	402985	128
5	10	5	4	1	-1155	16
5	10	6	0	0	-300095	1728
5	10	6	0	1	-26965	12
5	10	6	0	2	1241045	1728
5	10	6	0	3	-15755	144
5	10	6	1	0	36065	96
5	10	6	1	1	67305	16
5	10	6	1	2	-426685	864
5	10	6	1	3	6365	32
5	10	6	2	0	66535	48
5	10	6	2	1	-625	12
5	10	6	2	2	-12505	6
5	10	6	2	3	-55	8
5	10	6	3	0	-51975	256
5	10	6	3	1	-825	32
5	10	6	3	2	78375	256
5	10	7	0	0	253015	1728
5	10	7	0	1	-138965	288
5	10	7	0	2	-256745	864
5	10	7	0	3	15755	96
5	10	7	1	0	-997045	1728
5	10	7	1	1	466705	576
5	10	7	1	2	39085	72
5	10	7	1	3	-19095	64
5	10	7	2	0	5115	64
5	10	7	2	1	565	96
5	10	7	2	2	-3135	32
5	10	7	2	3	165	16
5	10	7	3	1	-825	128
5	10	8	0	0	428815	13824
5	10	8	0	1	2075	48
5	10	8	0	2	-273485	1728
5	10	8	1	0	-888145	13824
5	10	8	1	1	-395	3
5	10	8	1	2	76355	288
5	10	8	2	0	5115	512
5	10	8	2	1	165	16
5	10	8	2	2	-3135	64
5	10	9	0	0	7325	1728
5	10	9	0	1	2075	288
5	10	9	0	2	-155	32
5	10	9	0	3	-15755	864
5	10	9	1	0	3025	1152
5	10	9	1	1	-395	18
5	10	9	1	2	-605	192
5	10	9	1	3	6365	192
5	10	9	2	1	55	32
5	10	9	2	3	-55	48
5	10	10	0	0	1465	3456
5	10	10	0	2	-155	128
5	10	10	1	0	605	2304
5	10	10	1	2	-605	768
5	11	0	0	2	5845	27
5	11	0	0	3	3310	27
5	11	0	1	1	-37825	24
5	11	0	1	2	-1070365	864
5	11	0	1	3	-43295	144
5	11	0	2	0	703725	128
5	11	0	2	1	179795	144
5	11	0	2	2	226255	48
5	11	0	2	3	55	4
5	11	0	3	0	9465375	512
5	11	0	3	1	-7707035	256
5	11	0	3	2	-10725	16
5	11	0	4	0	5568687	64
5	11	0	4	1	390585	64
5	11	0	5	0	-3728295	256
5	11	0	5	1	-22275	128
5	11	0	6	0	49005	64
5	11	1	0	1	37825	18
5	11	1	0	2	31315	108
5	11	1	0	3	-15065	27
5	11	1	1	0	-703725	64
5	11	1	1	1	-15595	48
5	11	1	1	2	270445	288
5	11	1	1	3	129665	96
5	11	1	2	0	-2129825	64
5	11	1	2	1	10285325	288
5	11	1	2	2	-219875	16
5	11	1	2	3	-495	8
5	11	1	3	0	-42955575	256
5	11	1	3	1	19729145	512
5	11	1	3	2	32175	16
5	11	1	4	0	702035	32
5	11	1	4	1	-1153275	128
5	11	1	5	0	-66825	128
5	11	1	5	1	66825	256
5	11	2	0	0	234575	32
5	11	2	0	1	-19535	108
5	11	2	0	2	-407495	216
5	11	2	0	3	46045	54
5	11	2	1	0	1505325	128
5	11	2	1	1	-2310995	288
5	11	2	1	2	1600435	384
5	11	2	1	3	-387895	192
5	11	2	2	0	33870665	384
5	11	2	2	1	-5279245	144
5	11	2	2	2	614965	64
5	11	2	2	3	1485	16
5	11	2	3	0	-45845435	512
5	11	2	3	1	213235	32
5	11	2	3	2	-96525	64
5	11	2	4	0	645275	64
5	11	2	4	1	-1155	8
5	11	2	5	0	-66825	256
5	11	3	0	0	1952725	288
5	11	3	0	1	-145025	54
5	11	3	0	2	419605	432
5	11	3	0	3	-9295	36
5	11	3	1	0	-178285	64
5	11	3	1	1	449465	64
5	11	3	1	2	-2889985	864
5	11	3	1	3	212515	384
5	11	3	2	0	9661985	96
5	11	3	2	1	-16167455	576
5	11	3	2	2	120305	24
5	11	3	2	3	-825	32
5	11	3	3	0	-604655	128
5	11	3	3	1	-5172965	512
5	11	3	3	2	-10725	16
5	11	3	4	0	-7095	8
5	11	3	4	1	376725	128
5	11	3	5	1	-22275	256
5	11	4	0	0	1004875	1152
5	11	4	0	1	-579595	432
5	11	4	0	2	1455035	864
5	11	4	0	3	-5050	9
5	11	4	1	0	-166957685	6912
5	11	4	1	1	13881755	1152
5	11	4	1	2	-2332595	576
5	11	4	1	3	43185	32
5	11	4	2	0	7572815	384
5	11	4	2	1	1269895	72
5	11	4	2	2	-49785	8
5	11	4	2	3	-495	8
5	11	4	3	0	-15605	512
5	11	4	3	1	-860365	256
5	11	4	3	2	32175	32
5	11	4	4	0	-7095	32
5	11	4	4	1	1155	16
5	11	5	0	0	-1183265	1728
5	11	5	0	1	858455	864
5	11	5	0	2	-216485	216
5	11	5	0	3	32255	72
5	11	5	1	0	-40960685	3456
5	11	5	1	1	-6142975	2304
5	11	5	1	2	134695	48
5	11	5	1	3	-64145	64
5	11	5	2	0	-226165	64
5	11	5	2	1	2757275	288
5	11	5	2	2	-1595	4
5	11	5	2	3	1485	32
5	11	5	3	0	176715	256
5	11	5	3	1	-845515	512
5	11	5	4	1	1155	32
5	11	6	0	0	-955075	3456
5	11	6	0	1	2045	2
5	11	6	0	2	-1126655	1728
5	11	6	0	3	3055	36
5	11	6	1	0	-108455	768
5	11	6	1	1	-3214075	576
5	11	6	1	2	3065695	1728
5	11	6	1	3	-21895	96
5	11	6	2	0	-104135	128
5	11	6	2	1	7725	16
5	11	6	2	2	168835	192
5	11	6	2	3	165	16
5	11	6	3	0	58905	512
5	11	6	3	1	2475	128
5	11	6	3	2	-10725	64
5	11	7	0	0	-31325	432
5	11	7	0	1	5245	36
5	11	7	0	2	57515	216
5	11	7	0	3	-11035	72
5	11	7	1	0	331655	432
5	11	7	1	1	-842375	768
5	11	7	1	2	-68035	96
5	11	7	1	3	10645	32
5	11	7	2	0	-385	4
5	11	7	2	1	2955	32
5	11	7	2	2	1595	16
5	11	7	2	3	-495	32
5	11	7	3	1	2475	512
5	11	8	0	0	-37775	3456
5	11	8	0	1	-92305	1728
5	11	8	0	2	52085	432
5	11	8	0	3	85	18
5	11	8	1	0	292055	3456
5	11	8	1	1	95065	576
5	11	8	1	2	-66935	192
5	11	8	1	3	55	32
5	11	8	2	0	-385	32
5	11	8	2	1	-495	32
5	11	8	2	2	1595	32
5	11	9	0	0	-1075	1728
5	11	9	0	1	-13465	3456
5	11	9	0	2	-905	144
5	11	9	0	3	4075	216
5	11	9	1	0	-275	72
5	11	9	1	1	33815	1152
5	11	9	1	2	275	96
5	11	9	1	3	-20905	576
5	11	9	2	1	-165	64
5	11	9	2	3	55	32
5	11	10	0	0	-215	3456
5	11	10	0	1	895	432
5	11	10	0	2	-905	576
5	11	10	0	3	-85	108
5	11	10	1	0	-55	144
5	11	10	1	1	55	72
5	11	10	1	2	275	384
5	11	10	1	3	-55	192
5	11	11	0	1	895	3456
5	11	11	0	3	-85	216
5	11	11	1	1	55	576
5	11	11	1	3	-55	384
5	12	0	0	3	-18755	648
5	12	0	0	4	-605	108
5	12	0	1	2	219175	1728
5	12	0	1	3	605	4
5	12	0	2	1	5005	36
5	12	0	2	2	-127105	96
5	12	0	2	3	-55	6
5	12	0	3	0	-1773585	1024
5	12	0	3	1	2315005	384
5	12	0	3	2	12925	64
5	12	0	4	0	-13592007	1024
5	12	0	4	1	-2475	2
5	12	0	5	0	2241855	1024
5	12	0	5	1	2475	64
5	12	0	6	0	-123255	1024
5	12	1	0	2	-219175	1296
5	12	1	0	3	29645	432
5	12	1	0	4	605	18
5	12	1	1	1	-5005	18
5	12	1	1	2	667865	576
5	12	1	1	3	-16225	24
5	12	1	2	0	591195	128
5	12	1	2	1	-206195	18
5	12	1	2	2	120615	32
5	12	1	2	3	165	4
5	12	1	3	0	542245	16
5	12	1	3	1	-5440655	768
5	12	1	3	2	-38775	64
5	12	1	4	0	-283745	64
5	12	1	4	1	1815	1
5	12	1	5	0	7425	64
5	12	1	5	1	-7425	128
5	12	2	0	1	5005	27
5	12	2	0	2	349415	2592
5	12	2	0	3	44165	864
5	12	2	0	4	-605	8
5	12	2	1	0	-591195	128
5	12	2	1	1	321365	48
5	12	2	1	2	-2726185	768
5	12	2	1	3	48125	48
5	12	2	2	0	-22327085	768
5	12	2	2	1	760265	72
5	12	2	2	2	-316415	128
5	12	2	2	3	-495	8
5	12	2	3	0	1841015	96
5	12	2	3	1	-94765	48
5	12	2	3	2	116325	256
5	12	2	4	0	-260645	128
5	12	2	4	1	165	4
5	12	2	5	0	7425	128
5	12	3	0	0	197065	96
5	12	3	0	1	-129305	162
5	12	3	0	2	88385	192
5	12	3	0	3	-385385	1728
5	12	3	0	4	13915	216
5	12	3	1	0	908545	128
5	12	3	1	1	-916355	288
5	12	3	1	2	2163535	1728
5	12	3	1	3	-8415	32
5	12	3	2	0	-11751355	384
5	12	3	2	1	2556235	288
5	12	3	2	2	-283415	192
5	12	3	2	3	275	16
5	12	3	3	0	5830	3
5	12	3	3	1	1192675	768
5	12	3	3	2	12925	64
5	12	3	4	0	5775	32
5	12	3	4	1	-9405	16
5	12	3	5	1	2475	128
5	12	4	0	0	1936715	864
5	12	4	0	1	-55715	324
5	12	4	0	2	-2407295	10368
5	12	4	0	3	605	16
5	12	4	0	4	4235	192
5	12	4	1	0	215108135	13824
5	12	4	1	1	-4703875	576
5	12	4	1	2	3542165	1152
5	12	4	1	3	-2695	4
5	12	4	2	0	-10083535	1536
5	12	4	2	1	-686015	144
5	12	4	2	2	199045	128
5	12	4	2	3	165	4
5	12	4	3	0	5995	48
5	12	4	3	1	383515	384
5	12	4	3	2	-38775	128
5	12	4	4	0	5775	128
5	12	4	4	1	-165	8
5	12	5	0	0	-244915	10368
5	12	5	0	1	720115	648
5	12	5	0	2	-45980	81
5	12	5	0	3	68365	288
5	12	5	0	4	-605	8
5	12	5	1	0	24423355	3456
5	12	5	1	1	1154615	1152
5	12	5	1	2	-144265	96
5	12	5	1	3	31075	64
5	12	5	2	0	103565	128
5	12	5	2	1	-846395	288
5	12	5	2	2	3245	16
5	12	5	2	3	-495	16
5	12	5	3	0	-3465	16
5	12	5	3	1	374605	768
5	12	5	4	1	-165	16
5	12	6	0	0	-14985575	20736
5	12	6	0	1	28820	81
5	12	6	0	2	463265	3456
5	12	6	0	3	-39325	432
5	12	6	0	4	4235	144
5	12	6	1	0	132715	768
5	12	6	1	1	105875	32
5	12	6	1	2	-3878875	3456
5	12	6	1	3	3795	32
5	12	6	2	0	68145	256
5	12	6	2	1	-715	2
5	12	6	2	2	-68695	384
5	12	6	2	3	-55	8
5	12	6	3	0	-1155	32
5	12	6	3	1	-495	64
5	12	6	3	2	12925	256
5	12	7	0	0	-1527295	10368
5	12	7	0	1	-581075	1296
5	12	7	0	2	1723205	5184
5	12	7	0	3	-4235	36
5	12	7	0	4	605	24
5	12	7	1	0	-1492535	3456
5	12	7	1	1	815045	1152
5	12	7	1	2	70345	192
5	12	7	1	3	-10175	64
5	12	7	2	0	7205	128
5	12	7	2	1	-2255	32
5	12	7	2	2	-3245	64
5	12	7	2	3	165	16
5	12	7	3	1	-495	256
5	12	8	0	0	6394025	82944
5	12	8	0	1	-159335	648
5	12	8	0	2	12485	10368
5	12	8	0	3	6655	144
5	12	8	0	4	-605	32
5	12	8	1	0	-1512335	27648
5	12	8	1	1	-20185	288
5	12	8	1	2	73205	384
5	12	8	1	3	-55	16
5	12	8	2	0	7205	1024
5	12	8	2	1	165	16
5	12	8	2	2	-3245	128
5	12	9	0	0	290125	10368
5	12	9	0	1	-6325	1296
5	12	9	0	2	-23155	288
5	12	9	0	3	80465	2592
5	12	9	0	4	-605	216
5	12	9	1	0	-275	1152
5	12	9	1	1	-8855	576
5	12	9	1	2	715	192
5	12	9	1	3	1045	64
5	12	9	2	1	55	32
5	12	9	2	3	-55	48
5	12	10	0	0	18095	20736
5	12	10	0	1	1210	81
5	12	10	0	2	-2035	128
5	12	10	0	3	-6655	864
5	12	10	0	4	605	144
5	12	10	1	0	-55	2304
5	12	10	1	1	-55	36
5	12	10	1	2	715	768
5	12	10	1	3	55	96
5	12	11	0	0	-605	1152
5	12	11	0	1	605	324
5	12	11	0	2	605	288
5	12	11	0	3	-6655	1728
5	12	11	1	1	-55	288
5	12	11	1	3	55	192
5	12	12	0	0	-605	13824
5	12	12	0	2	605	1728
5	12	12	0	4	-605	1728
5	13	0	0	4	55	18
5	13	0	1	3	-4235	144
5	13	0	2	2	3905	24
5	13	0	2	3	55	24
5	13	0	3	1	-142505	256
5	13	0	3	2	-825	32
5	13	0	4	0	478467	512
5	13	0	4	1	1815	16
5	13	0	5	0	-77715	512
5	13	0	5	1	-495	128
5	13	0	6	0	4455	512
5	13	1	0	3	4235	108
5	13	1	0	4	-55	3
5	13	1	1	2	-3905	12
5	13	1	1	3	12485	96
5	13	1	2	1	142505	96
5	13	1	2	2	-3575	8
5	13	1	2	3	-165	16
5	13	1	3	0	-797445	256
5	13	1	3	1	299475	512
5	13	1	3	2	2475	32
5	13	1	4	0	25905	64
5	13	1	4	1	-165	1
5	13	1	5	0	-1485	128
5	13	1	5	1	1485	256
5	13	2	0	2	3905	18
5	13	2	0	3	-4235	27
5	13	2	0	4	165	4
5	13	2	1	1	-142505	96
5	13	2	1	2	19195	24
5	13	2	1	3	-36355	192
5	13	2	2	0	265815	64
5	13	2	2	1	-42295	32
5	13	2	2	2	8415	32
5	13	2	2	3	495	32
5	13	2	3	0	-970145	512
5	13	2	3	1	8085	32
5	13	2	3	2	-7425	128
5	13	2	4	0	23925	128
5	13	2	4	1	-165	32
5	13	2	5	0	-1485	256
5	13	3	0	1	142505	216
5	13	3	0	2	-440	1
5	13	3	0	3	4235	24
5	13	3	0	4	-1265	36
5	13	3	1	0	-88605	32
5	13	3	1	1	430595	576
5	13	3	1	2	-3465	16
5	13	3	1	3	17215	384
5	13	3	2	0	265815	64
5	13	3	2	1	-461395	384
5	13	3	2	2	9295	48
5	13	3	2	3	-275	64
5	13	3	3	0	-38225	128
5	13	3	3	1	-47135	512
5	13	3	3	2	-825	32
5	13	3	4	0	-495	32
5	13	3	4	1	6765	128
5	13	3	5	1	-495	256
5	13	4	0	0	29535	32
5	13	4	0	1	-715	18
5	13	4	0	2	-3575	36
5	13	4	0	3	4235	72
5	13	4	0	4	-385	32
5	13	4	1	0	-2305985	576
5	13	4	1	1	2141095	1152
5	13	4	1	2	-65725	96
5	13	4	1	3	4125	32
5	13	4	2	0	259215	256
5	13	4	2	1	34485	64
5	13	4	2	2	-5005	32
5	13	4	2	3	-165	16
5	13	4	3	0	-13475	512
5	13	4	3	1	-32835	256
5	13	4	3	2	2475	64
5	13	4	4	0	-495	128
5	13	4	4	1	165	64
5	13	5	0	0	762905	432
5	13	5	0	1	-48455	48
5	13	5	0	2	19855	36
5	13	5	0	3	-122815	576
5	13	5	0	4	165	4
5	13	5	1	0	-2041655	1152
5	13	5	1	1	-442475	2304
5	13	5	1	2	6985	24
5	13	5	1	3	-5555	64
5	13	5	2	0	-825	16
5	13	5	2	1	51425	128
5	13	5	2	2	-165	4
5	13	5	2	3	495	64
5	13	5	3	0	7425	256
5	13	5	3	1	-31845	512
5	13	5	4	1	165	128
5	13	6	0	0	2049575	1728
5	13	6	0	1	-116765	432
5	13	6	0	2	-55	288
5	13	6	0	3	4235	96
5	13	6	0	4	-385	24
5	13	6	1	0	-28105	256
5	13	6	1	1	-431695	576
5	13	6	1	2	15565	64
5	13	6	1	3	-2365	96
5	13	6	2	0	-2475	64
5	13	6	2	1	2035	24
5	13	6	2	2	935	96
5	13	6	2	3	55	32
5	13	6	3	0	2475	512
5	13	6	3	1	165	128
5	13	6	3	2	-825	128
5	13	7	0	0	459965	1728
5	13	7	0	1	484715	1152
5	13	7	0	2	-40205	144
5	13	7	0	3	55055	576
5	13	7	0	4	-55	4
5	13	7	1	0	49775	576
5	13	7	1	1	-429385	2304
5	13	7	1	2	-385	6
5	13	7	1	3	55	2
5	13	7	2	0	-825	64
5	13	7	2	1	6325	384
5	13	7	2	2	165	16
5	13	7	2	3	-165	64
5	13	7	3	1	165	512
5	13	8	0	0	-504955	13824
5	13	8	0	1	135355	576
5	13	8	0	2	-5665	288
5	13	8	0	3	-4235	144
5	13	8	0	4	165	16
5	13	8	1	0	69575	4608
5	13	8	1	1	1705	576
5	13	8	1	2	-935	24
5	13	8	1	3	55	32
5	13	8	2	0	-825	512
5	13	8	2	1	-165	64
5	13	8	2	2	165	32
5	13	9	0	0	-36575	1728
5	13	9	0	1	52415	3456
5	13	9	0	2	4235	72
5	13	9	0	3	-4235	192
5	13	9	0	4	55	36
5	13	9	1	0	275	192
5	13	9	1	1	2695	1152
5	13	9	1	2	-55	16
5	13	9	1	3	-1375	576
5	13	9	2	1	-55	128
5	13	9	2	3	55	192
5	13	10	0	0	-3685	3456
5	13	10	0	1	-715	72
5	13	10	0	2	3575	288
5	13	10	0	3	4235	864
5	13	10	0	4	-55	24
5	13	10	1	0	55	384
5	13	10	1	1	55	72
5	13	10	1	2	-55	64
5	13	10	1	3	-55	192
5	13	11	0	0	55	192
5	13	11	0	1	-715	576
5	13	11	0	2	-55	48
5	13	11	0	3	4235	1728
5	13	11	1	1	55	576
5	13	11	1	3	-55	384
5	13	12	0	0	55	2304
5	13	12	0	2	-55	288
5	13	12	0	4	55	288
6	0	0	0	0	161775	512
6	0	0	1	0	-150795	64
6	0	0	2	0	4060685	512
6	0	0	3	0	-2800165	256
6	0	0	4	0	3237129	512
6	0	0	5	0	-102375	128
6	0	0	6	0	10395	512
6	1	0	0	0	-3310125	1024
6	1	0	1	0	21166635	1024
6	1	0	2	0	-79912665	1024
6	1	0	3	0	108720885	1024
6	1	0	4	0	-71911959	1024
6	1	0	5	0	9589545	1024
6	1	0	6	0	-259875	1024
6	2	0	0	0	997815	64
6	2	0	1	0	-10093125	128
6	2	0	2	0	22754865	64
6	2	0	3	0	-59267775	128
6	2	0	4	0	23038869	64
6	2	0	5	0	-6462855	128
6	2	0	6	0	93555	64
6	3	0	0	0	-23485125	512
6	3	0	0	1	-30845	48
6	3	0	1	0	21115285	128
6	3	0	1	1	910225	256
6	3	0	2	0	-507913565	512
6	3	0	2	1	-1760755	288
6	3	0	3	0	38093965	32
6	3	0	3	1	8558935	2304
6	3	0	4	0	-577826319	512
6	3	0	4	1	-12635	32
6	3	0	5	0	21245595	128
6	3	0	5	1	1155	256
6	3	0	6	0	-2629935	512
6	3	1	0	0	-17615	16
6	3	1	0	1	30845	32
6	3	1	1	0	2170195	256
6	3	1	1	1	-2730675	512
6	3	1	2	0	-1488515	96
6	3	1	2	1	1760755	192
6	3	1	3	0	11974375	768
6	3	1	3	1	-8558935	1536
6	3	1	4	0	-44205	32
6	3	1	4	1	37905	64
6	3	1	5	0	3465	256
6	3	1	5	1	-3465	512
6	3	2	0	0	-17615	32
6	3	2	1	0	2170195	512
6	3	2	2	0	-1488515	192
6	3	2	3	0	11974375	1536
6	3	2	4	0	-44205	64
6	3	2	5	0	3465	512
6	3	3	0	1	-30845	96
6	3	3	1	1	910225	512
6	3	3	2	1	-1760755	576
6	3	3	3	1	8558935	4608
6	3	3	4	1	-12635	64
6	3	3	5	1	1155	512
6	4	0	0	0	46232275	512
6	4	0	0	1	2325265	576
6	4	0	1	0	-48755555	256
6	4	0	1	1	-9180275	384
6	4	0	2	0	965951125	512
6	4	0	2	1	39042515	864
6	4	0	3	0	-507792495	256
6	4	0	3	1	-11727695	384
6	4	0	4	0	1237425945	512
6	4	0	4	1	228725	64
6	4	0	5	0	-95026575	256
6	4	0	5	1	-5775	128
6	4	0	6	0	6288975	512
6	4	1	0	0	1291205	192
6	4	1	0	1	-2325265	384
6	4	1	1	0	-24803305	384
6	4	1	1	1	9180275	256
6	4	1	2	0	5244925	48
6	4	1	2	1	-39042515	576
6	4	1	3	0	-16732765	128
6	4	1	3	1	11727695	256
6	4	1	4	0	801605	64
6	4	1	4	1	-686175	128
6	4	1	5	0	-17325	128
6	4	1	5	1	17325	256
6	4	2	0	0	4834195	1152
6	4	2	1	0	-26963785	768
6	4	2	2	0	2026745	36
6	4	2	3	0	-49523915	768
6	4	2	4	0	792365	128
6	4	2	5	0	-17325	256
6	4	3	0	0	240145	288
6	4	3	0	1	2325265	1152
6	4	3	1	0	-22505	8
6	4	3	1	1	-9180275	768
6	4	3	2	0	479185	288
6	4	3	2	1	39042515	1728
6	4	3	3	0	168595	192
6	4	3	3	1	-11727695	768
6	4	3	4	0	-1155	16
6	4	3	4	1	228725	128
6	4	3	5	1	-5775	256
6	4	4	0	0	240145	1152
6	4	4	1	0	-22505	32
6	4	4	2	0	479185	1152
6	4	4	3	0	168595	768
6	4	4	4	0	-1155	64
6	5	0	0	0	-125660595	1024
6	5	0	0	1	-1607195	144
6	5	0	1	0	84203775	1024
6	5	0	1	1	166821985	2304
6	5	0	2	0	-2631270975	1024
6	5	0	2	1	-14001035	96
6	5	0	3	0	2255173725	1024
6	5	0	3	1	86586395	768
6	5	0	4	0	-3827730921	1024
6	5	0	4	1	-464275	32
6	5	0	5	0	610739325	1024
6	5	0	5	1	51975	256
6	5	0	6	0	-21611205	1024
6	5	1	0	0	-1931445	128
6	5	1	0	1	3140135	192
6	5	1	1	0	172761505	768
6	5	1	1	1	-1496119625	13824
6	5	1	2	0	-62238085	192
6	5	1	2	1	379253155	1728
6	5	1	3	0	126500675	256
6	5	1	3	1	-259494305	1536
6	5	1	4	0	-6520605	128
6	5	1	4	1	174055	8
6	5	1	5	0	155925	256
6	5	1	5	1	-155925	512
6	5	2	0	0	-30083905	2304
6	5	2	0	1	74255	192
6	5	2	1	0	198473345	1536
6	5	2	1	1	-164945	432
6	5	2	2	0	-65308705	384
6	5	2	2	1	-612605	864
6	5	2	3	0	370002745	1536
6	5	2	3	1	-16555	96
6	5	2	4	0	-6368145	256
6	5	2	4	1	385	64
6	5	2	5	0	155925	512
6	5	3	0	0	-3175225	576
6	5	3	0	1	-12189265	2304
6	5	3	1	0	803495	48
6	5	3	1	1	55167475	1536
6	5	3	2	0	-255885	32
6	5	3	2	1	-84618815	1152
6	5	3	3	0	-593705	96
6	5	3	3	1	86387735	1536
6	5	3	4	0	38115	64
6	5	3	4	1	-1855945	256
6	5	3	5	1	51975	512
6	5	4	0	0	-3175225	2304
6	5	4	0	1	-74255	384
6	5	4	1	0	803495	192
6	5	4	1	1	164945	864
6	5	4	2	0	-255885	128
6	5	4	2	1	612605	1728
6	5	4	3	0	-593705	384
6	5	4	3	1	16555	192
6	5	4	4	0	38115	256
6	5	4	4	1	-385	128
6	5	5	0	1	-74255	768
6	5	5	1	1	164945	1728
6	5	5	2	1	612605	3456
6	5	5	3	1	16555	384
6	5	5	4	1	-385	256
6	6	0	0	0	14647225	128
6	6	0	0	1	14854055	864
6	6	0	0	2	1355665	2592
6	6	0	1	0	2607925	32
6	6	0	1	1	-110647565	864
6	6	0	1	2	-3076535	2592
6	6	0	2	0	327078015	128
6	6	0	2	1	232058275	864
6	6	0	2	2	270235	288
6	6	0	3	0	-404953255	256
6	6	0	3	1	-141956465	576
6	6	0	3	2	-1925	32
6	6	0	4	0	275294523	64
6	6	0	4	1	556675	16
6	6	0	5	0	-708435	1
6	6	0	5	1	-17325	32
6	6	0	6	0	1715175	64
6	6	1	0	0	67265	6
6	6	1	0	1	-112498075	5184
6	6	1	0	2	-1355665	864
6	6	1	1	0	-7357325	16
6	6	1	1	1	956532005	5184
6	6	1	1	2	3076535	864
6	6	1	2	0	24744755	48
6	6	1	2	1	-691467325	1728
6	6	1	2	2	-270235	96
6	6	1	3	0	-106650145	96
6	6	1	3	1	47112975	128
6	6	1	3	2	5775	32
6	6	1	4	0	489615	4
6	6	1	4	1	-1668485	32
6	6	1	5	0	-51975	32
6	6	1	5	1	51975	64
6	6	2	0	0	6408775	288
6	6	2	0	1	-5297105	1296
6	6	2	0	2	1355665	1152
6	6	2	1	0	-79180205	288
6	6	2	1	1	2456005	324
6	6	2	1	2	-3076535	1152
6	6	2	2	0	41478745	144
6	6	2	2	1	-1176875	432
6	6	2	2	2	270235	128
6	6	2	3	0	-51555805	96
6	6	2	3	1	154385	96
6	6	2	3	2	-17325	128
6	6	2	4	0	236145	4
6	6	2	4	1	-385	8
6	6	2	5	0	-51975	64
6	6	3	0	0	13943225	864
6	6	3	0	1	1592825	288
6	6	3	0	2	1355665	2592
6	6	3	1	0	-3150875	72
6	6	3	1	1	-100823545	1728
6	6	3	1	2	-3076535	2592
6	6	3	2	0	960645	32
6	6	3	2	1	114263825	864
6	6	3	2	2	270235	288
6	6	3	3	0	3552395	192
6	6	3	3	1	-17570875	144
6	6	3	3	2	-1925	32
6	6	3	4	0	-17325	8
6	6	3	4	1	17360	1
6	6	3	5	1	-17325	64
6	6	4	0	0	3914375	1152
6	6	4	0	1	5297105	2592
6	6	4	0	2	-1355665	1728
6	6	4	1	0	-674975	72
6	6	4	1	1	-2456005	648
6	6	4	1	2	3076535	1728
6	6	4	2	0	8258705	1152
6	6	4	2	1	1176875	864
6	6	4	2	2	-270235	192
6	6	4	3	0	3621695	768
6	6	4	3	1	-154385	192
6	6	4	3	2	5775	64
6	6	4	4	0	-17325	32
6	6	4	4	1	385	16
6	6	5	0	0	-110005	288
6	6	5	0	1	5297105	5184
6	6	5	1	0	30065	32
6	6	5	1	1	-2456005	1296
6	6	5	2	0	-19355	96
6	6	5	2	1	1176875	1728
6	6	5	3	0	3465	64
6	6	5	3	1	-154385	384
6	6	5	4	1	385	32
6	6	6	0	0	-110005	1728
6	6	6	0	2	1355665	10368
6	6	6	1	0	30065	192
6	6	6	1	2	-3076535	10368
6	6	6	2	0	-19355	576
6	6	6	2	2	270235	1152
6	6	6	3	0	1155	128
6	6	6	3	2	-1925	128
6	7	0	0	0	-9011855	128
6	7	0	0	1	-52746625	3456
6	7	0	0	2	-4888345	2592
6	7	0	1	0	-77331385	512
6	7	0	1	1	332735975	2304
6	7	0	1	2	94045	16
6	7	0	2	0	-236859715	128
6	7	0	2	1	-1066888565	3456
6	7	0	2	2	-1493695	288
6	7	0	3	0	636590145	1024
6	7	0	3	1	543725525	1536
6	7	0	3	2	25025	64
6	7	0	4	0	-955880457	256
6	7	0	4	1	-873425	16
6	7	0	5	0	80633385	128
6	7	0	5	1	121275	128
6	7	0	6	0	-6517665	256
6	7	1	0	0	1453825	128
6	7	1	0	1	236807905	20736
6	7	1	0	2	4888345	864
6	7	1	1	0	460409065	768
6	7	1	1	1	-7610181925	41472
6	7	1	1	2	-282135	16
6	7	1	2	0	-172221245	384
6	7	1	2	1	1002685405	2304
6	7	1	2	2	1493695	96
6	7	1	3	0	843928855	512
6	7	1	3	1	-537254445	1024
6	7	1	3	2	-75075	64
6	7	1	4	0	-6158565	32
6	7	1	4	1	2614885	32
6	7	1	5	0	363825	128
6	7	1	5	1	-363825	256
6	7	2	0	0	-6005475	256
6	7	2	0	1	43479995	3888
6	7	2	0	2	-4888345	1152
6	7	2	1	0	191745735	512
6	7	2	1	1	-28212745	864
6	7	2	1	2	846405	64
6	7	2	2	0	-747231275	2304
6	7	2	2	1	675325	24
6	7	2	2	2	-1493695	128
6	7	2	3	0	813734915	1024
6	7	2	3	1	-404635	64
6	7	2	3	2	225225	256
6	7	2	4	0	-5867505	64
6	7	2	4	1	2695	16
6	7	2	5	0	363825	256
6	7	3	0	0	-16342235	576
6	7	3	0	1	69609365	62208
6	7	3	0	2	-4888345	2592
6	7	3	1	0	247251725	3456
6	7	3	1	1	1954617905	41472
6	7	3	1	2	94045	16
6	7	3	2	0	-56182735	576
6	7	3	2	1	-923373515	6912
6	7	3	2	2	-1493695	288
6	7	3	3	0	-7670915	256
6	7	3	3	1	529170215	3072
6	7	3	3	2	25025	64
6	7	3	4	0	72765	16
6	7	3	4	1	-1738765	64
6	7	3	5	1	121275	256
6	7	4	0	0	-4712095	768
6	7	4	0	1	-167149265	31104
6	7	4	0	2	4888345	1728
6	7	4	1	0	63897925	4608
6	7	4	1	1	12268475	768
6	7	4	1	2	-282135	32
6	7	4	2	0	-48886985	2304
6	7	4	2	1	-1827035	128
6	7	4	2	2	1493695	192
6	7	4	3	0	-8283065	1024
6	7	4	3	1	1619695	512
6	7	4	3	2	-75075	128
6	7	4	4	0	72765	64
6	7	4	4	1	-2695	32
6	7	5	0	0	220595	384
6	7	5	0	1	-180690695	62208
6	7	5	1	0	-5555795	2304
6	7	5	1	1	115285685	13824
6	7	5	2	0	729575	384
6	7	5	2	1	-5324095	768
6	7	5	3	0	-183645	512
6	7	5	3	1	1617385	1024
6	7	5	4	1	-2695	64
6	7	6	0	0	220595	2304
6	7	6	0	1	-2256905	15552
6	7	6	0	2	-4888345	10368
6	7	6	1	0	-5555795	13824
6	7	6	1	1	2434705	10368
6	7	6	1	2	94045	64
6	7	6	2	0	729575	2304
6	7	6	2	1	78505	576
6	7	6	2	2	-1493695	1152
6	7	6	3	0	-61215	1024
6	7	6	3	1	-385	256
6	7	6	3	2	25025	256
6	7	7	0	1	-2256905	62208
6	7	7	1	1	2434705	41472
6	7	7	2	1	78505	2304
6	7	7	3	1	-385	1024
6	8	0	0	0	416605	16
6	8	0	0	1	3989755	576
6	8	0	0	2	1361255	432
6	8	0	1	0	26656385	256
6	8	0	1	1	-41060075	384
6	8	0	1	2	-1271375	108
6	8	0	2	0	243846225	256
6	8	0	2	1	130454765	576
6	8	0	2	2	195405	16
6	8	0	3	0	3246285	512
6	8	0	3	1	-268805075	768
6	8	0	3	2	-17325	16
6	8	0	4	0	1253405643	512
6	8	0	4	1	1874495	32
6	8	0	5	0	-13421835	32
6	8	0	5	1	-72765	64
6	8	0	6	0	9261945	512
6	8	1	0	0	-1911105	64
6	8	1	0	1	26144405	3456
6	8	1	0	2	-36376655	3888
6	8	1	1	0	-196220185	384
6	8	1	1	1	2018035075	20736
6	8	1	1	2	3830855	108
6	8	1	2	0	30795205	192
6	8	1	2	1	-909348125	3456
6	8	1	2	2	-585445	16
6	8	1	3	0	-432606965	256
6	8	1	3	1	785215585	1536
6	8	1	3	2	51975	16
6	8	1	4	0	6623085	32
6	8	1	4	1	-5601925	64
6	8	1	5	0	-218295	64
6	8	1	5	1	218295	128
6	8	2	0	0	26810245	1152
6	8	2	0	1	-10453415	648
6	8	2	0	2	106489355	15552
6	8	2	1	0	-255138485	768
6	8	2	1	1	3364445	54
6	8	2	1	2	-11609675	432
6	8	2	2	0	114035215	384
6	8	2	2	1	-2096675	27
6	8	2	2	2	1750945	64
6	8	2	3	0	-1258533395	1536
6	8	2	3	1	663355	48
6	8	2	3	2	-155925	64
6	8	2	4	0	6235005	64
6	8	2	4	1	-2695	8
6	8	2	5	0	-218295	128
6	8	3	0	0	2580235	64
6	8	3	0	1	-113160635	10368
6	8	3	0	2	8356145	2592
6	8	3	1	0	-129012065	1728
6	8	3	1	1	-119806715	20736
6	8	3	1	2	-2517655	216
6	8	3	2	0	40001185	192
6	8	3	2	1	21624505	384
6	8	3	2	2	391965	32
6	8	3	3	0	10341625	384
6	8	3	3	1	-252919205	1536
6	8	3	3	2	-17325	16
6	8	3	4	0	-24255	4
6	8	3	4	1	1858325	64
6	8	3	5	1	-72765	128
6	8	4	0	0	263900735	20736
6	8	4	0	1	34725425	5184
6	8	4	0	2	-70301315	15552
6	8	4	1	0	-12379955	768
6	8	4	1	1	-35225575	1152
6	8	4	1	2	7770455	432
6	8	4	2	0	10632615	256
6	8	4	2	1	68454715	1728
6	8	4	2	2	-1165885	64
6	8	4	3	0	12940375	1536
6	8	4	3	1	-5317235	768
6	8	4	3	2	51975	32
6	8	4	4	0	-24255	16
6	8	4	4	1	2695	16
6	8	5	0	0	8282785	5184
6	8	5	0	1	48901895	10368
6	8	5	0	2	-188615	1944
6	8	5	1	0	190855	128
6	8	5	1	1	-109647755	6912
6	8	5	1	2	-8365	54
6	8	5	2	0	-406245	64
6	8	5	2	1	65732485	3456
6	8	5	2	2	-385	8
6	8	5	3	0	259875	256
6	8	5	3	1	-5296445	1536
6	8	5	4	1	2695	32
6	8	6	0	0	946715	3456
6	8	6	0	1	2362745	2592
6	8	6	0	2	3706535	5184
6	8	6	1	0	1509935	6912
6	8	6	1	1	-1985515	5184
6	8	6	1	2	-1321565	432
6	8	6	2	0	-411635	384
6	8	6	2	1	-151235	288
6	8	6	2	2	193095	64
6	8	6	3	0	86625	512
6	8	6	3	1	1155	128
6	8	6	3	2	-17325	64
6	8	7	0	0	16975	5184
6	8	7	0	1	2362745	10368
6	8	7	0	2	188615	7776
6	8	7	1	0	-1855	144
6	8	7	1	1	-1985515	20736
6	8	7	1	2	8365	216
6	8	7	2	0	-385	64
6	8	7	2	1	-151235	1152
6	8	7	2	2	385	32
6	8	7	3	1	1155	512
6	8	8	0	0	16975	41472
6	8	8	0	2	188615	15552
6	8	8	1	0	-1855	1152
6	8	8	1	2	8365	432
6	8	8	2	0	-385	512
6	8	8	2	2	385	64
6	9	0	0	0	-285145	64
6	9	0	0	1	-1386595	1728
6	9	0	0	2	-1414595	486
6	9	0	0	3	-392105	3888
6	9	0	1	0	-1150975	32
6	9	0	1	1	355352515	6912
6	9	0	1	2	31291715	2592
6	9	0	1	3	51065	432
6	9	0	2	0	-169130115	512
6	9	0	2	1	-178034465	1728
6	9	0	2	2	-1147895	72
6	9	0	2	3	-385	144
6	9	0	3	0	-77743785	512
6	9	0	3	1	1115550065	4608
6	9	0	3	2	105875	64
6	9	0	4	0	-1227184665	1024
6	9	0	4	1	-697025	16
6	9	0	5	0	211536675	1024
6	9	0	5	1	121275	128
6	9	0	6	0	-9719325	1024
6	9	1	0	0	377475	16
6	9	1	0	1	-171975755	10368
6	9	1	0	2	4987325	648
6	9	1	0	3	392105	864
6	9	1	1	0	214621925	768
6	9	1	1	1	-695464595	41472
6	9	1	1	2	-30760135	864
6	9	1	1	3	-51065	96
6	9	1	2	0	2971325	48
6	9	1	2	1	158121845	3456
6	9	1	2	2	142765	3
6	9	1	2	3	385	32
6	9	1	3	0	1865911355	1536
6	9	1	3	1	-352974755	1024
6	9	1	3	2	-317625	64
6	9	1	4	0	-9873255	64
6	9	1	4	1	64925	1
6	9	1	5	0	363825	128
6	9	1	5	1	-363825	256
6	9	2	0	0	-10886015	384
6	9	2	0	1	193337585	15552
6	9	2	0	2	-190085	48
6	9	2	0	3	-392105	576
6	9	2	1	0	804559175	4608
6	9	2	1	1	-148246175	2592
6	9	2	1	2	88559345	3456
6	9	2	1	3	51065	64
6	9	2	2	0	-298748975	1152
6	9	2	2	1	190211735	1728
6	9	2	2	2	-1128645	32
6	9	2	2	3	-1155	64
6	9	2	3	0	1840195735	3072
6	9	2	3	1	-3547775	192
6	9	2	3	2	952875	256
6	9	2	4	0	-9194115	128
6	9	2	4	1	13475	32
6	9	2	5	0	363825	256
6	9	3	0	0	-163863595	3456
6	9	3	0	1	982468165	62208
6	9	3	0	2	-28673015	7776
6	9	3	0	3	1960525	10368
6	9	3	1	0	35563535	864
6	9	3	1	1	-881559385	41472
6	9	3	1	2	16243885	1296
6	9	3	1	3	-255325	1152
6	9	3	2	0	-106180865	384
6	9	3	2	1	203516915	6912
6	9	3	2	2	-4643555	288
6	9	3	2	3	1925	384
6	9	3	3	0	-8057455	768
6	9	3	3	1	988349915	9216
6	9	3	3	2	105875	64
6	9	3	4	0	169785	32
6	9	3	4	1	-2747675	128
6	9	3	5	1	121275	256
6	9	4	0	0	-851675545	41472
6	9	4	0	1	-68319965	31104
6	9	4	0	2	11225585	5184
6	9	4	0	3	392105	864
6	9	4	1	0	40948145	2304
6	9	4	1	1	543946235	20736
6	9	4	1	2	-2419375	144
6	9	4	1	3	-51065	96
6	9	4	2	0	-238870835	4608
6	9	4	2	1	-193543175	3456
6	9	4	2	2	4493405	192
6	9	4	2	3	385	32
6	9	4	3	0	-16200205	3072
6	9	4	3	1	14243075	1536
6	9	4	3	2	-317625	128
6	9	4	4	0	169785	128
6	9	4	4	1	-13475	64
6	9	5	0	0	-376180	81
6	9	5	0	1	-334388285	62208
6	9	5	0	2	223685	216
6	9	5	0	3	-392105	1152
6	9	5	1	0	9121805	2304
6	9	5	1	1	649825085	41472
6	9	5	1	2	-132895	216
6	9	5	1	3	51065	128
6	9	5	2	0	2012815	192
6	9	5	2	1	-186963455	6912
6	9	5	2	2	1925	8
6	9	5	2	3	-1155	128
6	9	5	3	0	-814275	512
6	9	5	3	1	14139125	3072
6	9	5	4	1	-13475	128
6	9	6	0	0	-1046815	3456
6	9	6	0	1	-7168105	2592
6	9	6	0	2	381115	7776
6	9	6	0	3	-392105	5184
6	9	6	1	0	3013465	13824
6	9	6	1	1	16996315	10368
6	9	6	1	2	26507495	10368
6	9	6	1	3	51065	576
6	9	6	2	0	66185	36
6	9	6	2	1	183925	288
6	9	6	2	2	-68495	18
6	9	6	2	3	-385	192
6	9	6	3	0	-271425	1024
6	9	6	3	1	-5775	256
6	9	6	3	2	105875	256
6	9	7	0	0	2093455	10368
6	9	7	0	1	-35660135	62208
6	9	7	0	2	-223685	864
6	9	7	0	3	392105	3456
6	9	7	1	0	-218155	1152
6	9	7	1	1	13420435	41472
6	9	7	1	2	132895	864
6	9	7	1	3	-51065	384
6	9	7	2	0	5005	128
6	9	7	2	1	380555	2304
6	9	7	2	2	-1925	32
6	9	7	2	3	385	128
6	9	7	3	1	-5775	1024
6	9	8	0	0	2093455	82944
6	9	8	0	1	668045	10368
6	9	8	0	2	-223685	1728
6	9	8	1	0	-218155	9216
6	9	8	1	1	-1505	32
6	9	8	1	2	132895	1728
6	9	8	2	0	5005	1024
6	9	8	2	1	385	128
6	9	8	2	2	-1925	64
6	9	9	0	1	668045	62208
6	9	9	0	3	-392105	31104
6	9	9	1	1	-1505	192
6	9	9	1	3	51065	3456
6	9	9	2	1	385	768
6	9	9	2	3	-385	1152
6	10	0	0	1	-42875	144
6	10	0	0	2	1859795	1296
6	10	0	0	3	37205	162
6	10	0	1	0	82845	16
6	10	0	1	1	-2147495	144
6	10	0	1	2	-945805	144
6	10	0	1	3	-76475	216
6	10	0	2	0	8846775	128
6	10	0	2	1	7490945	288
6	10	0	2	2	3609095	288
6	10	0	2	3	385	36
6	10	0	3	0	661395	8
6	10	0	3	1	-44606135	384
6	10	0	3	2	-48125	32
6	10	0	4	0	851949	2
6	10	0	4	1	355075	16
6	10	0	5	0	-9366525	128
6	10	0	5	1	-17325	32
6	10	0	6	0	114345	32
6	10	1	0	0	-27615	4
6	10	1	0	1	3133375	288
6	10	1	0	2	-2977135	1296
6	10	1	0	3	-37205	36
6	10	1	1	0	-2883685	32
6	10	1	1	1	-2461165	432
6	10	1	1	2	7294805	432
6	10	1	1	3	76475	48
6	10	1	2	0	-1438745	16
6	10	1	2	1	30164645	576
6	10	1	2	2	-3562895	96
6	10	1	2	3	-385	8
6	10	1	3	0	-77527275	128
6	10	1	3	1	40645255	256
6	10	1	3	2	144375	32
6	10	1	4	0	630105	8
6	10	1	4	1	-1054445	32
6	10	1	5	0	-51975	32
6	10	1	5	1	51975	64
6	10	2	0	0	2356585	96
6	10	2	0	1	-522725	144
6	10	2	0	2	-9165905	5184
6	10	2	0	3	37205	24
6	10	2	1	0	-6513325	192
6	10	2	1	1	1720145	96
6	10	2	1	2	-13334615	1728
6	10	2	1	3	-76475	32
6	10	2	2	0	3165365	16
6	10	2	2	1	-6586195	72
6	10	2	2	2	3455095	128
6	10	2	2	3	1155	16
6	10	2	3	0	-78819195	256
6	10	2	3	1	497035	32
6	10	2	3	2	-433125	128
6	10	2	4	0	581595	16
6	10	2	4	1	-2695	8
6	10	2	5	0	-51975	64
6	10	3	0	0	3366265	96
6	10	3	0	1	-20028365	1728
6	10	3	0	2	7504525	2592
6	10	3	0	3	-186025	432
6	10	3	1	0	-269955	32
6	10	3	1	1	66140935	3456
6	10	3	1	2	-1254785	144
6	10	3	1	3	382375	576
6	10	3	2	0	66463495	288
6	10	3	2	1	-31979605	576
6	10	3	2	2	3713045	288
6	10	3	2	3	-1925	96
6	10	3	3	0	-97965	32
6	10	3	3	1	-35717255	768
6	10	3	3	2	-48125	32
6	10	3	4	0	-24255	8
6	10	3	4	1	173495	16
6	10	3	5	1	-17325	64
6	10	4	0	0	19691455	1152
6	10	4	0	1	-473375	144
6	10	4	0	2	10901135	5184
6	10	4	0	3	-37205	36
6	10	4	1	0	-86514995	3456
6	10	4	1	1	-776195	576
6	10	4	1	2	3331195	864
6	10	4	1	3	76475	48
6	10	4	2	0	16310945	384
6	10	4	2	1	824495	18
6	10	4	2	2	-3412745	192
6	10	4	2	3	-385	8
6	10	4	3	0	54915	32
6	10	4	3	1	-999845	128
6	10	4	3	2	144375	64
6	10	4	4	0	-24255	32
6	10	4	4	1	2695	16
6	10	5	0	0	11075855	2592
6	10	5	0	1	90755	24
6	10	5	0	2	-2528225	1296
6	10	5	0	3	37205	48
6	10	5	1	0	-20064695	1728
6	10	5	1	1	-10356955	1152
6	10	5	1	2	1234765	432
6	10	5	1	3	-76475	64
6	10	5	2	0	-902405	96
6	10	5	2	1	3295145	144
6	10	5	2	2	-1925	4
6	10	5	2	3	1155	32
6	10	5	3	0	190575	128
6	10	5	3	1	-988295	256
6	10	5	4	1	2695	32
6	10	6	0	0	443905	5184
6	10	6	0	1	1515955	432
6	10	6	0	2	-11879105	10368
6	10	6	0	3	37205	216
6	10	6	1	0	-21175	128
6	10	6	1	1	-2293655	432
6	10	6	1	2	181475	384
6	10	6	1	3	-76475	288
6	10	6	2	0	-1031765	576
6	10	6	2	1	-175	6
6	10	6	2	2	3193295	1152
6	10	6	2	3	385	48
6	10	6	3	0	63525	256
6	10	6	3	1	1925	64
6	10	6	3	2	-48125	128
6	10	7	0	0	-379085	1296
6	10	7	0	1	140035	192
6	10	7	0	2	306775	648
6	10	7	0	3	-37205	144
6	10	7	1	0	80185	108
6	10	7	1	1	-3470425	3456
6	10	7	1	2	-626045	864
6	10	7	1	3	76475	192
6	10	7	2	0	-385	4
6	10	7	2	1	-5635	192
6	10	7	2	2	1925	16
6	10	7	2	3	-385	32
6	10	7	3	1	1925	256
6	10	8	0	0	-534485	10368
6	10	8	0	1	-2905	36
6	10	8	0	2	80395	324
6	10	8	1	0	143045	1728
6	10	8	1	1	33845	192
6	10	8	1	2	-612185	1728
6	10	8	2	0	-385	32
6	10	8	2	1	-385	32
6	10	8	2	2	1925	32
6	10	9	0	0	-6475	1296
6	10	9	0	1	-2905	216
6	10	9	0	2	1645	288
6	10	9	0	3	37205	1296
6	10	9	1	0	-1925	576
6	10	9	1	1	33845	1152
6	10	9	1	2	385	96
6	10	9	1	3	-76475	1728
6	10	9	2	1	-385	192
6	10	9	2	3	385	288
6	10	10	0	0	-1295	2592
6	10	10	0	2	1645	1152
6	10	10	1	0	-385	1152
6	10	10	1	2	385	384
6	11	0	0	2	-377405	1296
6	11	0	0	3	-74585	432
6	11	0	1	1	258965	128
6	11	0	1	2	166985	96
6	11	0	1	3	111685	288
6	11	0	2	0	-841995	128
6	11	0	2	1	-2794715	1152
6	11	0	2	2	-191135	32
6	11	0	2	3	-385	24
6	11	0	3	0	-20915265	1024
6	11	0	3	1	19045355	512
6	11	0	3	2	51975	64
6	11	0	4	0	-53285967	512
6	11	0	4	1	-237475	32
6	11	0	5	0	282555	16
6	11	0	5	1	51975	256
6	11	0	6	0	-467775	512
6	11	1	0	1	-258965	96
6	11	1	0	2	-594475	1296
6	11	1	0	3	2034655	2592
6	11	1	1	0	841995	64
6	11	1	1	1	10594675	6912
6	11	1	1	2	-480305	288
6	11	1	1	3	-1003625	576
6	11	1	2	0	4662945	128
6	11	1	2	1	-10978695	256
6	11	1	2	2	558005	32
6	11	1	2	3	1155	16
6	11	1	3	0	102776415	512
6	11	1	3	1	-146863675	3072
6	11	1	3	2	-155925	64
6	11	1	4	0	-211155	8
6	11	1	4	1	701645	64
6	11	1	5	0	155925	256
6	11	1	5	1	-155925	512
6	11	2	0	0	-280665	32
6	11	2	0	1	-102305	648
6	11	2	0	2	14047495	5184
6	11	2	0	3	-6208265	5184
6	11	2	1	0	-378035	32
6	11	2	1	1	15064525	1728
6	11	2	1	2	-5735485	1152
6	11	2	1	3	3003175	1152
6	11	2	2	0	-82304005	768
6	11	2	2	1	13103335	288
6	11	2	2	2	-1566215	128
6	11	2	2	3	-3465	32
6	11	2	3	0	328010585	3072
6	11	2	3	1	-1542695	192
6	11	2	3	2	467775	256
6	11	2	4	0	-96915	8
6	11	2	4	1	2695	16
6	11	2	5	0	155925	512
6	11	3	0	0	-620165	72
6	11	3	0	1	12728905	3456
6	11	3	0	2	-3522085	2592
6	11	3	0	3	138215	384
6	11	3	1	0	696955	128
6	11	3	1	1	-66541265	6912
6	11	3	1	2	425705	96
6	11	3	1	3	-549185	768
6	11	3	2	0	-1439725	12
6	11	3	2	1	8765925	256
6	11	3	2	2	-202685	32
6	11	3	2	3	1925	64
6	11	3	3	0	4067945	768
6	11	3	3	1	12932325	1024
6	11	3	3	2	51975	64
6	11	3	4	0	17325	16
6	11	3	4	1	-114695	32
6	11	3	5	1	51975	512
6	11	4	0	0	-646205	384
6	11	4	0	1	7637315	3456
6	11	4	0	2	-12501055	5184
6	11	4	0	3	681695	864
6	11	4	1	0	134298605	4608
6	11	4	1	1	-33008465	2304
6	11	4	1	2	2847635	576
6	11	4	1	3	-334285	192
6	11	4	2	0	-8835995	384
6	11	4	2	1	-25319525	1152
6	11	4	2	2	507955	64
6	11	4	2	3	1155	16
6	11	4	3	0	-194005	3072
6	11	4	3	1	6222755	1536
6	11	4	3	2	-155925	128
6	11	4	4	0	17325	64
6	11	4	4	1	-2695	32
6	11	5	0	0	6897415	10368
6	11	5	0	1	-9573235	6912
6	11	5	0	2	1837465	1296
6	11	5	0	3	-1082515	1728
6	11	5	1	0	31953635	2304
6	11	5	1	1	5615575	1536
6	11	5	1	2	-517055	144
6	11	5	1	3	62125	48
6	11	5	2	0	577325	128
6	11	5	2	1	-27260135	2304
6	11	5	2	2	1925	4
6	11	5	2	3	-3465	64
6	11	5	3	0	-426195	512
6	11	5	3	1	6118805	3072
6	11	5	4	1	-2695	64
6	11	6	0	0	8904665	20736
6	11	6	0	1	-7920535	5184
6	11	6	0	2	9627485	10368
6	11	6	0	3	-34685	288
6	11	6	1	0	1715	1536
6	11	6	1	1	7986965	1152
6	11	6	1	2	-35665	16
6	11	6	1	3	14105	48
6	11	6	2	0	260715	256
6	11	6	2	1	-309575	576
6	11	6	2	2	-144935	128
6	11	6	2	3	-385	32
6	11	6	3	0	-142065	1024
6	11	6	3	1	-5775	256
6	11	6	3	2	51975	256
6	11	7	0	0	704795	5184
6	11	7	0	1	-4416475	20736
6	11	7	0	2	-121765	324
6	11	7	0	3	184765	864
6	11	7	1	0	-556465	576
6	11	7	1	1	6195175	4608
6	11	7	1	2	261415	288
6	11	7	1	3	-165025	384
6	11	7	2	0	7315	64
6	11	7	2	1	-233345	2304
6	11	7	2	2	-1925	16
6	11	7	2	3	1155	64
6	11	7	3	1	-5775	1024
6	11	8	0	0	690095	41472
6	11	8	0	1	868525	10368
6	11	8	0	2	-221375	1296
6	11	8	0	3	-5215	864
6	11	8	1	0	-487165	4608
6	11	8	1	1	-742735	3456
6	11	8	1	2	256795	576
6	11	8	1	3	-385	192
6	11	8	2	0	7315	512
6	11	8	2	1	1155	64
6	11	8	2	2	-1925	32
6	11	9	0	0	-1225	10368
6	11	9	0	1	156205	20736
6	11	9	0	2	7385	864
6	11	9	0	3	-45115	1728
6	11	9	1	0	1925	384
6	11	9	1	1	-262465	6912
6	11	9	1	2	-385	96
6	11	9	1	3	27055	576
6	11	9	2	1	385	128
6	11	9	2	3	-385	192
6	11	10	0	0	-245	20736
6	11	10	0	1	-6895	2592
6	11	10	0	2	7385	3456
6	11	10	0	3	5215	5184
6	11	10	1	0	385	768
6	11	10	1	1	-385	432
6	11	10	1	2	-385	384
6	11	10	1	3	385	1152
6	11	11	0	1	-6895	20736
6	11	11	0	3	5215	10368
6	11	11	1	1	-385	3456
6	11	11	1	3	385	2304
6	12	0	0	3	11935	324
6	12	0	0	4	385	54
6	12	0	1	2	-140525	864
6	12	0	1	3	-80465	432
6	12	0	2	1	-85855	576
6	12	0	2	2	115885	72
6	12	0	2	3	385	36
6	12	0	3	0	1042965	512
6	12	0	3	1	-5545925	768
6	12	0	3	2	-1925	8
6	12	0	4	0	8010387	512
6	12	0	4	1	94325	64
6	12	0	5	0	-666435	256
6	12	0	5	1	-5775	128
6	12	0	6	0	72765	512
6	12	1	0	2	140525	648
6	12	1	0	3	-18865	216
6	12	1	0	4	-385	9
6	12	1	1	1	85855	288
6	12	1	1	2	-401555	288
6	12	1	1	3	239855	288
6	12	1	2	0	-347655	64
6	12	1	2	1	5266415	384
6	12	1	2	2	-55055	12
6	12	1	2	3	-385	8
6	12	1	3	0	-10232915	256
6	12	1	3	1	13068055	1536
6	12	1	3	2	5775	8
6	12	1	4	0	336105	64
6	12	1	4	1	-276815	128
6	12	1	5	0	-17325	128
6	12	1	5	1	17325	256
6	12	2	0	1	-85855	432
6	12	2	0	2	-231385	1296
6	12	2	0	3	-28105	432
6	12	2	0	4	385	4
6	12	2	1	0	347655	64
6	12	2	1	1	-1155385	144
6	12	2	1	2	4980745	1152
6	12	2	1	3	-711865	576
6	12	2	2	0	13187405	384
6	12	2	2	1	-1827595	144
6	12	2	2	2	96635	32
6	12	2	2	3	1155	16
6	12	2	3	0	-34688885	1536
6	12	2	3	1	28105	12
6	12	2	3	2	-17325	32
6	12	2	4	0	308385	128
6	12	2	4	1	-385	8
6	12	2	5	0	-17325	256
6	12	3	0	0	-115885	48
6	12	3	0	1	2515205	2592
6	12	3	0	2	-166705	288
6	12	3	0	3	245245	864
6	12	3	0	4	-8855	108
6	12	3	1	0	-1622005	192
6	12	3	1	1	13377595	3456
6	12	3	1	2	-1332485	864
6	12	3	1	3	374605	1152
6	12	3	2	0	6925765	192
6	12	3	2	1	-4079845	384
6	12	3	2	2	515515	288
6	12	3	2	3	-1925	96
6	12	3	3	0	-865865	384
6	12	3	3	1	-2882495	1536
6	12	3	3	2	-1925	8
6	12	3	4	0	-3465	16
6	12	3	4	1	89705	128
6	12	3	5	1	-5775	256
6	12	4	0	0	-1124585	432
6	12	4	0	1	893585	5184
6	12	4	0	2	1557325	5184
6	12	4	0	3	-385	8
6	12	4	0	4	-2695	96
6	12	4	1	0	-42413525	2304
6	12	4	1	1	33913495	3456
6	12	4	1	2	-239855	64
6	12	4	1	3	26565	32
6	12	4	2	0	5877025	768
6	12	4	2	1	3309845	576
6	12	4	2	2	-365365	192
6	12	4	2	3	-385	8
6	12	4	3	0	-207515	1536
6	12	4	3	1	-909755	768
6	12	4	3	2	5775	16
6	12	4	4	0	-3465	64
6	12	4	4	1	385	16
6	12	5	0	0	443135	5184
6	12	5	0	1	-14197645	10368
6	12	5	0	2	462385	648
6	12	5	0	3	-43505	144
6	12	5	0	4	385	4
6	12	5	1	0	-9565325	1152
6	12	5	1	1	-8537375	6912
6	12	5	1	2	265265	144
6	12	5	1	3	-115115	192
6	12	5	2	0	-64295	64
6	12	5	2	1	4055975	1152
6	12	5	2	2	-1925	8
6	12	5	2	3	1155	32
6	12	5	3	0	65835	256
6	12	5	3	1	-888965	1536
6	12	5	4	1	385	32
6	12	6	0	0	9108715	10368
6	12	6	0	1	-1090705	2592
6	12	6	0	2	-74305	432
6	12	6	0	3	25025	216
6	12	6	0	4	-2695	72
6	12	6	1	0	-39655	256
6	12	6	1	1	-6893425	1728
6	12	6	1	2	2367365	1728
6	12	6	1	3	-41965	288
6	12	6	2	0	-41195	128
6	12	6	2	1	119735	288
6	12	6	2	2	31955	144
6	12	6	2	3	385	48
6	12	6	3	0	21945	512
6	12	6	3	1	1155	128
6	12	6	3	2	-1925	32
6	12	7	0	0	877415	5184
6	12	7	0	1	5807725	10368
6	12	7	0	2	-1086085	2592
6	12	7	0	3	2695	18
6	12	7	0	4	-385	12
6	12	7	1	0	75845	144
6	12	7	1	1	-5835445	6912
6	12	7	1	2	-129745	288
6	12	7	1	3	18865	96
6	12	7	2	0	-4235	64
6	12	7	2	1	94325	1152
6	12	7	2	2	1925	32
6	12	7	2	3	-385	32
6	12	7	3	1	1155	512
6	12	8	0	0	-4075225	41472
6	12	8	0	1	785015	2592
6	12	8	0	2	-5005	5184
6	12	8	0	3	-4235	72
6	12	8	0	4	385	16
6	12	8	1	0	75845	1152
6	12	8	1	1	9625	108
6	12	8	1	2	-134365	576
6	12	8	1	3	385	96
6	12	8	2	0	-4235	512
6	12	8	2	1	-385	32
6	12	8	2	2	1925	64
6	12	9	0	0	-90475	2592
6	12	9	0	1	23485	5184
6	12	9	0	2	7315	72
6	12	9	0	3	-51205	1296
6	12	9	0	4	385	108
6	12	9	1	1	16555	864
6	12	9	1	2	-385	96
6	12	9	1	3	-35035	1728
6	12	9	2	1	-385	192
6	12	9	2	3	385	288
6	12	10	0	0	-2695	2592
6	12	10	0	1	-1540	81
6	12	10	0	2	1925	96
6	12	10	0	3	4235	432
6	12	10	0	4	-385	72
6	12	10	1	1	385	216
6	12	10	1	2	-385	384
6	12	10	1	3	-385	576
6	12	11	0	0	385	576
6	12	11	0	1	-385	162
6	12	11	0	2	-385	144
6	12	11	0	3	4235	864
6	12	11	1	1	385	1728
6	12	11	1	3	-385	1152
6	12	12	0	0	385	6912
6	12	12	0	2	-385	864
6	12	12	0	4	385	864
6	13	0	0	4	-385	108
6	13	0	1	3	29645	864
6	13	0	2	2	-27335	144
6	13	0	2	3	-385	144
6	13	0	3	1	997535	1536
6	13	0	3	2	1925	64
6	13	0	4	0	-1116423	1024
6	13	0	4	1	-4235	32
6	13	0	5	0	181335	1024
6	13	0	5	1	1155	256
6	13	0	6	0	-10395	1024
6	13	1	0	3	-29645	648
6	13	1	0	4	385	18
6	13	1	1	2	27335	72
6	13	1	1	3	-87395	576
6	13	1	2	1	-997535	576
6	13	1	2	2	25025	48
6	13	1	2	3	385	32
6	13	1	3	0	1860705	512
6	13	1	3	1	-698775	1024
6	13	1	3	2	-5775	64
6	13	1	4	0	-60445	128
6	13	1	4	1	385	2
6	13	1	5	0	3465	256
6	13	1	5	1	-3465	512
6	13	2	0	2	-27335	108
6	13	2	0	3	29645	162
6	13	2	0	4	-385	8
6	13	2	1	1	997535	576
6	13	2	1	2	-134365	144
6	13	2	1	3	254485	1152
6	13	2	2	0	-620235	128
6	13	2	2	1	296065	192
6	13	2	2	2	-19635	64
6	13	2	2	3	-1155	64
6	13	2	3	0	6791015	3072
6	13	2	3	1	-18865	64
6	13	2	3	2	17325	256
6	13	2	4	0	-55825	256
6	13	2	4	1	385	64
6	13	2	5	0	3465	512
6	13	3	0	1	-997535	1296
6	13	3	0	2	1540	3
6	13	3	0	3	-29645	144
6	13	3	0	4	8855	216
6	13	3	1	0	206745	64
6	13	3	1	1	-3014165	3456
6	13	3	1	2	8085	32
6	13	3	1	3	-120505	2304
6	13	3	2	0	-620235	128
6	13	3	2	1	3229765	2304
6	13	3	2	2	-65065	288
6	13	3	2	3	1925	384
6	13	3	3	0	267575	768
6	13	3	3	1	329945	3072
6	13	3	3	2	1925	64
6	13	3	4	0	1155	64
6	13	3	4	1	-15785	256
6	13	3	5	1	1155	512
6	13	4	0	0	-68915	64
6	13	4	0	1	5005	108
6	13	4	0	2	25025	216
6	13	4	0	3	-29645	432
6	13	4	0	4	2695	192
6	13	4	1	0	16141895	3456
6	13	4	1	1	-14987665	6912
6	13	4	1	2	460075	576
6	13	4	1	3	-9625	64
6	13	4	2	0	-604835	512
6	13	4	2	1	-80465	128
6	13	4	2	2	35035	192
6	13	4	2	3	385	32
6	13	4	3	0	94325	3072
6	13	4	3	1	76615	512
6	13	4	3	2	-5775	128
6	13	4	4	0	1155	256
6	13	4	4	1	-385	128
6	13	5	0	0	-5340335	2592
6	13	5	0	1	339185	288
6	13	5	0	2	-138985	216
6	13	5	0	3	859705	3456
6	13	5	0	4	-385	8
6	13	5	1	0	14291585	6912
6	13	5	1	1	3097325	13824
6	13	5	1	2	-48895	144
6	13	5	1	3	38885	384
6	13	5	2	0	1925	32
6	13	5	2	1	-359975	768
6	13	5	2	2	385	8
6	13	5	2	3	-1155	128
6	13	5	3	0	-17325	512
6	13	5	3	1	74305	1024
6	13	5	4	1	-385	256
6	13	6	0	0	-14347025	10368
6	13	6	0	1	817355	2592
6	13	6	0	2	385	1728
6	13	6	0	3	-29645	576
6	13	6	0	4	2695	144
6	13	6	1	0	196735	1536
6	13	6	1	1	3021865	3456
6	13	6	1	2	-108955	384
6	13	6	1	3	16555	576
6	13	6	2	0	5775	128
6	13	6	2	1	-14245	144
6	13	6	2	2	-6545	576
6	13	6	2	3	-385	192
6	13	6	3	0	-5775	1024
6	13	6	3	1	-385	256
6	13	6	3	2	1925	256
6	13	7	0	0	-3219755	10368
6	13	7	0	1	-3393005	6912
6	13	7	0	2	281435	864
6	13	7	0	3	-385385	3456
6	13	7	0	4	385	24
6	13	7	1	0	-348425	3456
6	13	7	1	1	3005695	13824
6	13	7	1	2	2695	36
6	13	7	1	3	-385	12
6	13	7	2	0	1925	128
6	13	7	2	1	-44275	2304
6	13	7	2	2	-385	32
6	13	7	2	3	385	128
6	13	7	3	1	-385	1024
6	13	8	0	0	3534685	82944
6	13	8	0	1	-947485	3456
6	13	8	0	2	39655	1728
6	13	8	0	3	29645	864
6	13	8	0	4	-385	32
6	13	8	1	0	-487025	27648
6	13	8	1	1	-11935	3456
6	13	8	1	2	6545	144
6	13	8	1	3	-385	192
6	13	8	2	0	1925	1024
6	13	8	2	1	385	128
6	13	8	2	2	-385	64
6	13	9	0	0	256025	10368
6	13	9	0	1	-366905	20736
6	13	9	0	2	-29645	432
6	13	9	0	3	29645	1152
6	13	9	0	4	-385	216
6	13	9	1	0	-1925	1152
6	13	9	1	1	-18865	6912
6	13	9	1	2	385	96
6	13	9	1	3	9625	3456
6	13	9	2	1	385	768
6	13	9	2	3	-385	1152
6	13	10	0	0	25795	20736
6	13	10	0	1	5005	432
6	13	10	0	2	-25025	1728
6	13	10	0	3	-29645	5184
6	13	10	0	4	385	144
6	13	10	1	0	-385	2304
6	13	10	1	1	-385	432
6	13	10	1	2	385	384
6	13	10	1	3	385	1152
6	13	11	0	0	-385	1152
6	13	11	0	1	5005	3456
6	13	11	0	2	385	288
6	13	11	0	3	-29645	10368
6	13	11	1	1	-385	3456
6	13	11	1	3	385	2304
6	13	12	0	0	-385	13824
6	13	12	0	2	385	1728
6	13	12	0	4	-385	1728
7	0	0	0	0	-678915	1024
7	0	0	1	0	5528295	1024
7	0	0	2	0	-15801555	1024
7	0	0	3	0	19174245	1024
7	0	0	4	0	-8159169	1024
7	0	0	5	0	886005	1024
7	0	0	6	0	-19305	1024
7	1	0	0	0	3007395	512
7	1	0	1	0	-23823045	512
7	1	0	2	0	71768775	512
7	1	0	3	0	-91124715	512
7	1	0	4	0	43900281	512
7	1	0	5	0	-5115015	512
7	1	0	6	0	120285	512
7	2	0	0	0	-12483675	512
7	2	0	1	0	91307565	512
7	2	0	2	0	-299290935	512
7	2	0	3	0	390893115	512
7	2	0	4	0	-217618641	512
7	2	0	5	0	27171855	512
7	2	0	6	0	-690525	512
7	3	0	0	0	3969615	64
7	3	0	0	1	40085	32
7	3	0	1	0	-100277505	256
7	3	0	1	1	-2327975	384
7	3	0	2	0	189867115	128
7	3	0	2	1	1363165	144
7	3	0	3	0	-497745345	256
7	3	0	3	1	-4987675	1152
7	3	0	4	0	41167467	32
7	3	0	4	1	12665	32
7	3	0	5	0	-43965495	256
7	3	0	5	1	-495	128
7	3	0	6	0	604395	128
7	3	1	0	0	167565	64
7	3	1	0	1	-120255	64
7	3	1	1	0	-1721075	128
7	3	1	1	1	2327975	256
7	3	1	2	0	2591915	96
7	3	1	2	1	-1363165	96
7	3	1	3	0	-6384325	384
7	3	1	3	1	4987675	768
7	3	1	4	0	85665	64
7	3	1	4	1	-37995	64
7	3	1	5	0	-1485	128
7	3	1	5	1	1485	256
7	3	2	0	0	167565	128
7	3	2	1	0	-1721075	256
7	3	2	2	0	2591915	192
7	3	2	3	0	-6384325	768
7	3	2	4	0	85665	128
7	3	2	5	0	-1485	256
7	3	3	0	1	40085	64
7	3	3	1	1	-2327975	768
7	3	3	2	1	1363165	288
7	3	3	3	1	-4987675	2304
7	3	3	4	1	12665	64
7	3	3	5	1	-495	256
7	4	0	0	0	-109901925	1024
7	4	0	0	1	-7260	1
7	4	0	1	0	541515565	1024
7	4	0	1	1	2459725	64
7	4	0	2	0	-2619429325	1024
7	4	0	2	1	-28839205	432
7	4	0	3	0	3325097235	1024
7	4	0	3	1	6675925	192
7	4	0	4	0	-2720087775	1024
7	4	0	4	1	-56765	16
7	4	0	5	0	386828775	1024
7	4	0	5	1	2475	64
7	4	0	6	0	-11516175	1024
7	4	1	0	0	-3099995	192
7	4	1	0	1	10890	1
7	4	1	1	0	17846695	192
7	4	1	1	1	-7379175	128
7	4	1	2	0	-2948055	16
7	4	1	2	1	28839205	288
7	4	1	3	0	8719775	64
7	4	1	3	1	-6675925	128
7	4	1	4	0	-770515	64
7	4	1	4	1	170295	32
7	4	1	5	0	7425	64
7	4	1	5	1	-7425	128
7	4	2	0	0	-3635795	384
7	4	2	1	0	6409885	128
7	4	2	2	0	-13388545	144
7	4	2	3	0	8595645	128
7	4	2	4	0	-761935	128
7	4	2	5	0	7425	128
7	4	3	0	0	-22325	16
7	4	3	0	1	-3630	1
7	4	3	1	0	86435	24
7	4	3	1	1	2459725	128
7	4	3	2	0	-244595	288
7	4	3	2	1	-28839205	864
7	4	3	3	0	-62065	64
7	4	3	3	1	6675925	384
7	4	3	4	0	2145	32
7	4	3	4	1	-56765	32
7	4	3	5	1	2475	128
7	4	4	0	0	-22325	64
7	4	4	1	0	86435	96
7	4	4	2	0	-244595	1152
7	4	4	3	0	-62065	256
7	4	4	4	0	2145	128
7	5	0	0	0	67193475	512
7	5	0	0	1	2738995	144
7	5	0	1	0	-219544015	512
7	5	0	1	1	-124514645	1152
7	5	0	2	0	1620461695	512
7	5	0	2	1	11127655	54
7	5	0	3	0	-1891239945	512
7	5	0	3	1	-48010535	384
7	5	0	4	0	2026543689	512
7	5	0	4	1	227965	16
7	5	0	5	0	-305402805	512
7	5	0	5	1	-22275	128
7	5	0	6	0	9850005	512
7	5	1	0	0	7988815	192
7	5	1	0	1	-2012315	72
7	5	1	1	0	-111601925	384
7	5	1	1	1	373300735	2304
7	5	1	2	0	51729065	96
7	5	1	2	1	-133785515	432
7	5	1	3	0	-64315055	128
7	5	1	3	1	143897845	768
7	5	1	4	0	3106085	64
7	5	1	4	1	-341865	16
7	5	1	5	0	-66825	128
7	5	1	5	1	66825	256
7	5	2	0	0	33613265	1152
7	5	2	0	1	-167725	288
7	5	2	1	0	-379792415	2304
7	5	2	1	1	950	9
7	5	2	2	0	17469695	64
7	5	2	2	1	253655	432
7	5	2	3	0	-187773605	768
7	5	2	3	1	1045	6
7	5	2	4	0	3035465	128
7	5	2	4	1	-165	32
7	5	2	5	0	-66825	256
7	5	3	0	0	2411705	288
7	5	3	0	1	10452805	1152
7	5	3	1	0	-2811665	144
7	5	3	1	1	-124332245	2304
7	5	3	2	0	170005	48
7	5	3	2	1	178803445	1728
7	5	3	3	0	646445	96
7	5	3	3	1	-47910215	768
7	5	3	4	0	-17655	32
7	5	3	4	1	911365	128
7	5	3	5	1	-22275	256
7	5	4	0	0	2411705	1152
7	5	4	0	1	167725	576
7	5	4	1	0	-2811665	576
7	5	4	1	1	-475	9
7	5	4	2	0	170005	192
7	5	4	2	1	-253655	864
7	5	4	3	0	646445	384
7	5	4	3	1	-1045	12
7	5	4	4	0	-17655	128
7	5	4	4	1	165	64
7	5	5	0	1	167725	1152
7	5	5	1	1	-475	18
7	5	5	2	1	-253655	1728
7	5	5	3	1	-1045	24
7	5	5	4	1	165	128
7	6	0	0	0	-28819395	256
7	6	0	0	1	-4052665	144
7	6	0	0	2	-79405	108
7	6	0	1	0	42988885	256
7	6	0	1	1	4751350	27
7	6	0	1	2	4397615	2592
7	6	0	2	0	-737167835	256
7	6	0	2	1	-157148875	432
7	6	0	2	2	-24085	24
7	6	0	3	0	731070645	256
7	6	0	3	1	76450295	288
7	6	0	3	2	3575	64
7	6	0	4	0	-1123305111	256
7	6	0	4	1	-33755	1
7	6	0	5	0	178105365	256
7	6	0	5	1	7425	16
7	6	0	6	0	-6223635	256
7	6	1	0	0	-10192975	192
7	6	1	0	1	31687165	864
7	6	1	0	2	79405	36
7	6	1	1	0	25742885	48
7	6	1	1	1	-82356935	324
7	6	1	1	2	-4397615	864
7	6	1	2	0	-55664055	64
7	6	1	2	1	468401845	864
7	6	1	2	2	24085	8
7	6	1	3	0	422623865	384
7	6	1	3	1	-25382965	64
7	6	1	3	2	-10725	64
7	6	1	4	0	-1847485	16
7	6	1	4	1	202365	4
7	6	1	5	0	22275	16
7	6	1	5	1	-22275	32
7	6	2	0	0	-56273345	1152
7	6	2	0	1	1196705	216
7	6	2	0	2	-79405	48
7	6	2	1	0	15509435	48
7	6	2	1	1	-3167365	324
7	6	2	1	2	4397615	1152
7	6	2	2	0	-523038715	1152
7	6	2	2	1	761195	216
7	6	2	2	2	-72255	32
7	6	2	3	0	407386465	768
7	6	2	3	1	-37675	24
7	6	2	3	2	32175	256
7	6	2	4	0	-1783465	32
7	6	2	4	1	165	4
7	6	2	5	0	22275	32
7	6	3	0	0	-696675	32
7	6	3	0	1	-356995	36
7	6	3	0	2	-79405	108
7	6	3	1	0	15450415	288
7	6	3	1	1	34843435	432
7	6	3	1	2	4397615	2592
7	6	3	2	0	-5426125	288
7	6	3	2	1	-77432645	432
7	6	3	2	2	-24085	24
7	6	3	3	0	-955555	48
7	6	3	3	1	75772145	576
7	6	3	3	2	3575	64
7	6	3	4	0	16005	8
7	6	3	4	1	-269545	16
7	6	3	5	1	7425	32
7	6	4	0	0	-5502425	1152
7	6	4	0	1	-1196705	432
7	6	4	0	2	79405	72
7	6	4	1	0	4520905	384
7	6	4	1	1	3167365	648
7	6	4	1	2	-4397615	1728
7	6	4	2	0	-4978975	1152
7	6	4	2	1	-761195	432
7	6	4	2	2	24085	16
7	6	4	3	0	-1943285	384
7	6	4	3	1	37675	48
7	6	4	3	2	-10725	128
7	6	4	4	0	16005	32
7	6	4	4	1	-165	8
7	6	5	0	0	76765	192
7	6	5	0	1	-1196705	864
7	6	5	1	0	-94385	96
7	6	5	1	1	3167365	1296
7	6	5	2	0	14905	64
7	6	5	2	1	-761195	864
7	6	5	3	0	-6435	128
7	6	5	3	1	37675	96
7	6	5	4	1	-165	16
7	6	6	0	0	76765	1152
7	6	6	0	2	-79405	432
7	6	6	1	0	-94385	576
7	6	6	1	2	4397615	10368
7	6	6	2	0	14905	384
7	6	6	2	2	-24085	96
7	6	6	3	0	-2145	256
7	6	6	3	2	3575	256
7	7	0	0	0	8285885	128
7	7	0	0	1	20982415	864
7	7	0	0	2	416705	162
7	7	0	1	0	6097735	256
7	7	0	1	1	-629208755	3456
7	7	0	1	2	-5036225	648
7	7	0	2	0	247100195	128
7	7	0	2	1	43381165	108
7	7	0	2	2	5445	1
7	7	0	3	0	-726152205	512
7	7	0	3	1	-283632265	768
7	7	0	3	2	-5775	16
7	7	0	4	0	235070649	64
7	7	0	4	1	835975	16
7	7	0	5	0	-77703165	128
7	7	0	5	1	-51975	64
7	7	0	6	0	735075	32
7	7	1	0	0	5428825	192
7	7	1	0	1	-37019645	1728
7	7	1	0	2	-416705	54
7	7	1	1	0	-81949895	128
7	7	1	1	1	58731475	256
7	7	1	1	2	5036225	216
7	7	1	2	0	52510965	64
7	7	1	2	1	-41253575	72
7	7	1	2	2	-16335	1
7	7	1	3	0	-407006895	256
7	7	1	3	1	280554465	512
7	7	1	3	2	17325	16
7	7	1	4	0	5746405	32
7	7	1	4	1	-2503305	32
7	7	1	5	0	-155925	64
7	7	1	5	1	155925	128
7	7	2	0	0	56325455	1152
7	7	2	0	1	-9451505	648
7	7	2	0	2	416705	72
7	7	2	1	0	-970125635	2304
7	7	2	1	1	56157655	1296
7	7	2	1	2	-5036225	288
7	7	2	2	0	566246705	1152
7	7	2	2	1	-59645	2
7	7	2	2	2	49005	4
7	7	2	3	0	-390826715	512
7	7	2	3	1	192445	32
7	7	2	3	2	-51975	64
7	7	2	4	0	5478445	64
7	7	2	4	1	-1155	8
7	7	2	5	0	-155925	128
7	7	3	0	0	29619005	864
7	7	3	0	1	3524765	5184
7	7	3	0	2	416705	162
7	7	3	1	0	-167417285	1728
7	7	3	1	1	-1204850855	20736
7	7	3	1	2	-5036225	648
7	7	3	2	0	22643075	288
7	7	3	2	1	77247065	432
7	7	3	2	2	5445	1
7	7	3	3	0	4101475	128
7	7	3	3	1	-276709195	1536
7	7	3	3	2	-5775	16
7	7	3	4	0	-33495	8
7	7	3	4	1	416255	16
7	7	3	5	1	-51975	128
7	7	4	0	0	3063095	384
7	7	4	0	1	18088975	2592
7	7	4	0	2	-416705	108
7	7	4	1	0	-14704615	768
7	7	4	1	1	-221965555	10368
7	7	4	1	2	5036225	432
7	7	4	2	0	18798425	1152
7	7	4	2	1	725555	48
7	7	4	2	2	-16335	2
7	7	4	3	0	4383625	512
7	7	4	3	1	-770275	256
7	7	4	3	2	17325	32
7	7	4	4	0	-33495	32
7	7	4	4	1	1155	16
7	7	5	0	0	-205115	576
7	7	5	0	1	19717045	5184
7	7	5	1	0	3507575	1152
7	7	5	1	1	-227295685	20736
7	7	5	2	0	-128155	64
7	7	5	2	1	705925	96
7	7	5	3	0	84645	256
7	7	5	3	1	-769285	512
7	7	5	4	1	1155	32
7	7	6	0	0	-205115	3456
7	7	6	0	1	271345	1296
7	7	6	0	2	416705	648
7	7	6	1	0	3507575	6912
7	7	6	1	1	-888355	5184
7	7	6	1	2	-5036225	2592
7	7	6	2	0	-128155	384
7	7	6	2	1	-9815	72
7	7	6	2	2	5445	4
7	7	6	3	0	28215	512
7	7	6	3	1	165	128
7	7	6	3	2	-5775	64
7	7	7	0	1	271345	5184
7	7	7	1	1	-888355	20736
7	7	7	2	1	-9815	288
7	7	7	3	1	165	512
7	8	0	0	0	-2891275	128
7	8	0	0	1	-402125	36
7	8	0	0	2	-10410895	2592
7	8	0	1	0	-30078235	512
7	8	0	1	1	213953075	1728
7	8	0	1	2	18783035	1296
7	8	0	2	0	-477887065	512
7	8	0	2	1	-61311955	216
7	8	0	2	2	-400925	32
7	8	0	3	0	366879255	1024
7	8	0	3	1	135510095	384
7	8	0	3	2	63525	64
7	8	0	4	0	-2383010703	1024
7	8	0	4	1	-441805	8
7	8	0	5	0	405910035	1024
7	8	0	5	1	31185	32
7	8	0	6	0	-16612695	1024
7	8	1	0	0	2631545	384
7	8	1	0	1	-3301585	648
7	8	1	0	2	93079225	7776
7	8	1	1	0	195284365	384
7	8	1	1	1	-366829745	3456
7	8	1	1	2	-9422395	216
7	8	1	2	0	-161165525	384
7	8	1	2	1	150603305	432
7	8	1	2	2	1201345	32
7	8	1	3	0	101598355	64
7	8	1	3	1	-396657125	768
7	8	1	3	2	-190575	64
7	8	1	4	0	-6105785	32
7	8	1	4	1	1320795	16
7	8	1	5	0	93555	32
7	8	1	5	1	-93555	64
7	8	2	0	0	-84963895	2304
7	8	2	0	1	6437665	324
7	8	2	0	2	-274905865	31104
7	8	2	1	0	94369005	256
7	8	2	1	1	-25649405	324
7	8	2	1	2	18988885	576
7	8	2	2	0	-307314895	768
7	8	2	2	1	8447455	108
7	8	2	2	2	-3594025	128
7	8	2	3	0	294094415	384
7	8	2	3	1	-617815	48
7	8	2	3	2	571725	256
7	8	2	4	0	-5750045	64
7	8	2	4	1	1155	4
7	8	2	5	0	93555	64
7	8	3	0	0	-148313215	3456
7	8	3	0	1	3820955	324
7	8	3	0	2	-7043735	1728
7	8	3	1	0	379859225	3456
7	8	3	1	1	20889155	10368
7	8	3	1	2	74576345	5184
7	8	3	2	0	-69815665	384
7	8	3	2	1	-36541165	432
7	8	3	2	2	-803995	64
7	8	3	3	0	-5587925	192
7	8	3	3	1	128111165	768
7	8	3	3	2	63525	64
7	8	3	4	0	88935	16
7	8	3	4	1	-109585	4
7	8	3	5	1	31185	64
7	8	4	0	0	-580158985	41472
7	8	4	0	1	-10949885	1296
7	8	4	0	2	182136055	31104
7	8	4	1	0	101178055	4608
7	8	4	1	1	203579935	5184
7	8	4	1	2	-76181975	3456
7	8	4	2	0	-53503405	1536
7	8	4	2	1	-17237855	432
7	8	4	2	2	2393395	128
7	8	4	3	0	-6775925	768
7	8	4	3	1	2475715	384
7	8	4	3	2	-190575	128
7	8	4	4	0	88935	64
7	8	4	4	1	-1155	8
7	8	5	0	0	-20226215	10368
7	8	5	0	1	-14800775	2592
7	8	5	0	2	309415	3888
7	8	5	1	0	-3770935	1152
7	8	5	1	1	206810545	10368
7	8	5	1	2	20585	144
7	8	5	2	0	817615	128
7	8	5	2	1	-16551965	864
7	8	5	2	2	715	16
7	8	5	3	0	-7425	8
7	8	5	3	1	2466805	768
7	8	5	4	1	-1155	16
7	8	6	0	0	-2215865	6912
7	8	6	0	1	-641815	648
7	8	6	0	2	-9792065	10368
7	8	6	1	0	-3544345	6912
7	8	6	1	1	538435	2592
7	8	6	1	2	9669415	2592
7	8	6	2	0	275875	256
7	8	6	2	1	38105	72
7	8	6	2	2	-396635	128
7	8	6	3	0	-2475	16
7	8	6	3	1	-495	64
7	8	6	3	2	63525	256
7	8	7	0	0	20245	10368
7	8	7	0	1	-641815	2592
7	8	7	0	2	-309415	15552
7	8	7	1	0	5395	384
7	8	7	1	1	538435	10368
7	8	7	1	2	-20585	576
7	8	7	2	0	715	128
7	8	7	2	1	38105	288
7	8	7	2	2	-715	64
7	8	7	3	1	-495	256
7	8	8	0	0	20245	82944
7	8	8	0	2	-309415	31104
7	8	8	1	0	5395	3072
7	8	8	1	2	-20585	1152
7	8	8	2	0	715	1024
7	8	8	2	2	-715	128
7	9	0	0	0	7315	2
7	9	0	0	1	1618345	864
7	9	0	0	2	6612715	1944
7	9	0	0	3	247355	1944
7	9	0	1	0	1627855	64
7	9	0	1	1	-190051135	3456
7	9	0	1	2	-4508675	324
7	9	0	1	3	-3185	27
7	9	0	2	0	79000185	256
7	9	0	2	1	3372565	27
7	9	0	2	2	95395	6
7	9	0	2	3	55	24
7	9	0	3	0	4017105	128
7	9	0	3	1	-542683925	2304
7	9	0	3	2	-48125	32
7	9	0	4	0	565604475	512
7	9	0	4	1	40390	1
7	9	0	5	0	-97995825	512
7	9	0	5	1	-51975	64
7	9	0	6	0	4328775	512
7	9	1	0	0	-490535	32
7	9	1	0	1	87819065	5184
7	9	1	0	2	-5802565	648
7	9	1	0	3	-247355	432
7	9	1	1	0	-101254145	384
7	9	1	1	1	208455215	20736
7	9	1	1	2	8879785	216
7	9	1	1	3	3185	6
7	9	1	2	0	5731045	96
7	9	1	2	1	-70599445	864
7	9	1	2	2	-94955	2
7	9	1	2	3	-165	16
7	9	1	3	0	-854821775	768
7	9	1	3	1	172262575	512
7	9	1	3	2	144375	32
7	9	1	4	0	4491445	32
7	9	1	4	1	-963585	16
7	9	1	5	0	-155925	64
7	9	1	5	1	155925	128
7	9	2	0	0	748615	24
7	9	2	0	1	-105503135	7776
7	9	2	0	2	3912215	864
7	9	2	0	3	247355	288
7	9	2	1	0	-453459635	2304
7	9	2	1	1	90401945	1296
7	9	2	1	2	-534925	18
7	9	2	1	3	-3185	4
7	9	2	2	0	41602055	144
7	9	2	2	1	-92445575	864
7	9	2	2	2	281785	8
7	9	2	2	3	495	32
7	9	2	3	0	-838632715	1536
7	9	2	3	1	1622225	96
7	9	2	3	2	-433125	128
7	9	2	4	0	4181905	64
7	9	2	4	1	-5775	16
7	9	2	5	0	-155925	128
7	9	3	0	0	81843085	1728
7	9	3	0	1	-533937355	31104
7	9	3	0	2	16871105	3888
7	9	3	0	3	-1236775	5184
7	9	3	1	0	-58733515	864
7	9	3	1	1	586763845	20736
7	9	3	1	2	-37307485	2592
7	9	3	1	3	15925	72
7	9	3	2	0	141462365	576
7	9	3	2	1	-55706825	3456
7	9	3	2	2	96385	6
7	9	3	2	3	-275	64
7	9	3	3	0	4784815	384
7	9	3	3	1	-484506575	4608
7	9	3	3	2	-48125	32
7	9	3	4	0	-77385	16
7	9	3	4	1	1275155	64
7	9	3	5	1	-51975	128
7	9	4	0	0	455244295	20736
7	9	4	0	1	33393455	15552
7	9	4	0	2	-6339155	2592
7	9	4	0	3	-247355	432
7	9	4	1	0	-5873765	288
7	9	4	1	1	-340767575	10368
7	9	4	1	2	33730795	1728
7	9	4	1	3	3185	6
7	9	4	2	0	102536405	2304
7	9	4	2	1	94188425	1728
7	9	4	2	2	-93525	4
7	9	4	2	3	-165	16
7	9	4	3	0	8472565	1536
7	9	4	3	1	-6511175	768
7	9	4	3	2	144375	64
7	9	4	4	0	-77385	64
7	9	4	4	1	5775	32
7	9	5	0	0	13845565	2592
7	9	5	0	1	186901655	31104
7	9	5	0	2	-135025	108
7	9	5	0	3	247355	576
7	9	5	1	0	-1774625	1152
7	9	5	1	1	-386387825	20736
7	9	5	1	2	5095	8
7	9	5	1	3	-3185	8
7	9	5	2	0	-81885	8
7	9	5	2	1	90738365	3456
7	9	5	2	2	-220	1
7	9	5	2	3	495	64
7	9	5	3	0	368775	256
7	9	5	3	1	-6466625	1536
7	9	5	4	1	5775	64
7	9	6	0	0	246125	864
7	9	6	0	1	4135105	1296
7	9	6	0	2	-678635	7776
7	9	6	0	3	247355	2592
7	9	6	1	0	1103915	6912
7	9	6	1	1	-7275055	5184
7	9	6	1	2	-7779265	2592
7	9	6	1	3	-3185	36
7	9	6	2	0	-343325	192
7	9	6	2	1	-16055	24
7	9	6	2	2	91435	24
7	9	6	2	3	55	32
7	9	6	3	0	122925	512
7	9	6	3	1	2475	128
7	9	6	3	2	-48125	128
7	9	7	0	0	-1345045	5184
7	9	7	0	1	20553245	31104
7	9	7	0	2	135025	432
7	9	7	0	3	-247355	1728
7	9	7	1	0	102805	576
7	9	7	1	1	-5469295	20736
7	9	7	1	2	-5095	32
7	9	7	1	3	3185	24
7	9	7	2	0	-2255	64
7	9	7	2	1	-66035	384
7	9	7	2	2	55	1
7	9	7	2	3	-165	64
7	9	7	3	1	2475	512
7	9	8	0	0	-1345045	41472
7	9	8	0	1	-387035	5184
7	9	8	0	2	135025	864
7	9	8	1	0	102805	4608
7	9	8	1	1	95	2
7	9	8	1	2	-5095	64
7	9	8	2	0	-2255	512
7	9	8	2	1	-165	64
7	9	8	2	2	55	2
7	9	9	0	1	-387035	31104
7	9	9	0	3	247355	15552
7	9	9	1	1	95	12
7	9	9	1	3	-3185	216
7	9	9	2	1	-55	128
7	9	9	2	3	55	192
7	10	0	0	1	5135	32
7	10	0	0	2	-147395	96
7	10	0	0	3	-27845	108
7	10	0	1	0	-1012635	256
7	10	0	1	1	238225	16
7	10	0	1	2	12284035	1728
7	10	0	1	3	74555	216
7	10	0	2	0	-15970155	256
7	10	0	2	1	-4441085	144
7	10	0	2	2	-580015	48
7	10	0	2	3	-55	6
7	10	0	3	0	-28178865	512
7	10	0	3	1	6978685	64
7	10	0	3	2	86625	64
7	10	0	4	0	-195832017	512
7	10	0	4	1	-40405	2
7	10	0	5	0	34026615	512
7	10	0	5	1	7425	16
7	10	0	6	0	-1617165	512
7	10	1	0	0	337545	64
7	10	1	0	1	-18798275	1728
7	10	1	0	2	2035985	864
7	10	1	0	3	27845	24
7	10	1	1	0	10467385	128
7	10	1	1	1	8651335	864
7	10	1	1	2	-10706695	576
7	10	1	1	3	-74555	48
7	10	1	2	0	830975	16
7	10	1	2	1	-11386225	288
7	10	1	2	2	573085	16
7	10	1	2	3	165	4
7	10	1	3	0	69465155	128
7	10	1	3	1	-19154495	128
7	10	1	3	2	-259875	64
7	10	1	4	0	-1130365	16
7	10	1	4	1	30015	1
7	10	1	5	0	22275	16
7	10	1	5	1	-22275	32
7	10	2	0	0	-8916595	384
7	10	2	0	1	1304995	432
7	10	2	0	2	7427005	3456
7	10	2	0	3	-27845	16
7	10	2	1	0	33802295	768
7	10	2	1	1	-2484475	108
7	10	2	1	2	2338265	256
7	10	2	1	3	74555	32
7	10	2	2	0	-36441755	192
7	10	2	2	1	3097585	36
7	10	2	2	2	-1670745	64
7	10	2	2	3	-495	8
7	10	2	3	0	70296035	256
7	10	2	3	1	-13970	1
7	10	2	3	2	779625	256
7	10	2	4	0	-1042585	32
7	10	2	4	1	1155	4
7	10	2	5	0	22275	32
7	10	3	0	0	-19608965	576
7	10	3	0	1	5240945	432
7	10	3	0	2	-305435	96
7	10	3	0	3	139225	288
7	10	3	1	0	3707675	192
7	10	3	1	1	-18960235	864
7	10	3	1	2	7942265	864
7	10	3	1	3	-372775	576
7	10	3	2	0	-39220045	192
7	10	3	2	1	14063345	288
7	10	3	2	2	-1191215	96
7	10	3	2	3	275	16
7	10	3	3	0	46935	32
7	10	3	3	1	5645815	128
7	10	3	3	2	86625	64
7	10	3	4	0	21945	8
7	10	3	4	1	-158155	16
7	10	3	5	1	7425	32
7	10	4	0	0	-124871735	6912
7	10	4	0	1	1815445	432
7	10	4	0	2	-4263275	1728
7	10	4	0	3	27845	24
7	10	4	1	0	163229795	6912
7	10	4	1	1	242755	54
7	10	4	1	2	-348235	72
7	10	4	1	3	-74555	48
7	10	4	2	0	-28051565	768
7	10	4	2	1	-3110935	72
7	10	4	2	2	1101125	64
7	10	4	2	3	165	4
7	10	4	3	0	-118845	64
7	10	4	3	1	449515	64
7	10	4	3	2	-259875	128
7	10	4	4	0	21945	32
7	10	4	4	1	-1155	8
7	10	5	0	0	-1030435	216
7	10	5	0	1	-865835	216
7	10	5	0	2	949715	432
7	10	5	0	3	-27845	32
7	10	5	1	0	8001095	864
7	10	5	1	1	2147375	216
7	10	5	1	2	-266465	96
7	10	5	1	3	74555	64
7	10	5	2	0	286835	32
7	10	5	2	1	-3090175	144
7	10	5	2	2	3465	8
7	10	5	2	3	-495	16
7	10	5	3	0	-170775	128
7	10	5	3	1	444565	128
7	10	5	4	1	-1155	16
7	10	6	0	0	48965	1728
7	10	6	0	1	-1702445	432
7	10	6	0	2	375005	288
7	10	6	0	3	-27845	144
7	10	6	1	0	-1895	16
7	10	6	1	1	132305	27
7	10	6	1	2	-479615	1728
7	10	6	1	3	74555	288
7	10	6	2	0	162475	96
7	10	6	2	1	3955	36
7	10	6	2	2	-517645	192
7	10	6	2	3	-55	8
7	10	6	3	0	-56925	256
7	10	6	3	1	-825	32
7	10	6	3	2	86625	256
7	10	7	0	0	646645	1728
7	10	7	0	1	-173515	216
7	10	7	0	2	-463795	864
7	10	7	0	3	27845	96
7	10	7	1	0	-1204985	1728
7	10	7	1	1	786355	864
7	10	7	1	2	33755	48
7	10	7	1	3	-74555	192
7	10	7	2	0	5445	64
7	10	7	2	1	13355	288
7	10	7	2	2	-3465	32
7	10	7	2	3	165	16
7	10	7	3	1	-825	128
7	10	8	0	0	830845	13824
7	10	8	0	1	3175	32
7	10	8	0	2	-481495	1728
7	10	8	1	0	-1076285	13824
7	10	8	1	1	-8245	48
7	10	8	1	2	2065	6
7	10	8	2	0	5445	512
7	10	8	2	1	165	16
7	10	8	2	2	-3465	64
7	10	9	0	0	7675	1728
7	10	9	0	1	3175	192
7	10	9	0	2	-1475	288
7	10	9	0	3	-27845	864
7	10	9	1	0	3575	1152
7	10	9	1	1	-8245	288
7	10	9	1	2	-715	192
7	10	9	1	3	74555	1728
7	10	9	2	1	55	32
7	10	9	2	3	-55	48
7	10	10	0	0	1535	3456
7	10	10	0	2	-1475	1152
7	10	10	1	0	715	2304
7	10	10	1	2	-715	768
7	11	0	0	2	92855	324
7	11	0	0	3	1580	9
7	11	0	1	1	-183475	96
7	11	0	1	2	-1523125	864
7	11	0	1	3	-158045	432
7	11	0	2	0	742335	128
7	11	0	2	1	143165	48
7	11	0	2	2	44355	8
7	11	0	2	3	55	4
7	11	0	3	0	8409375	512
7	11	0	3	1	-8637415	256
7	11	0	3	2	-5775	8
7	11	0	4	0	5856777	64
7	11	0	4	1	211985	32
7	11	0	5	0	-4025295	256
7	11	0	5	1	-22275	128
7	11	0	6	0	102465	128
7	11	1	0	1	183475	72
7	11	1	0	2	163135	324
7	11	1	0	3	-64610	81
7	11	1	1	0	-742335	64
7	11	1	1	1	-4127455	1728
7	11	1	1	2	567005	288
7	11	1	1	3	157825	96
7	11	1	2	0	-1852735	64
7	11	1	2	1	10882625	288
7	11	1	2	2	-129655	8
7	11	1	2	3	-495	8
7	11	1	3	0	-45187035	256
7	11	1	3	1	66870935	1536
7	11	1	3	2	17325	8
7	11	1	4	0	1492565	64
7	11	1	4	1	-626715	64
7	11	1	5	0	-66825	128
7	11	1	5	1	66825	256
7	11	2	0	0	247445	32
7	11	2	0	1	312395	648
7	11	2	0	2	-3626425	1296
7	11	2	0	3	98465	81
7	11	2	1	0	1062355	128
7	11	2	1	1	-5893925	864
7	11	2	1	2	5010305	1152
7	11	2	1	3	-472375	192
7	11	2	2	0	12249605	128
7	11	2	2	1	-1988585	48
7	11	2	2	2	365095	32
7	11	2	2	3	1485	16
7	11	2	3	0	-143745805	1536
7	11	2	3	1	682825	96
7	11	2	3	2	-51975	32
7	11	2	4	0	1368485	128
7	11	2	4	1	-1155	8
7	11	2	5	0	-66825	256
7	11	3	0	0	774365	96
7	11	3	0	1	-1060805	288
7	11	3	0	2	223345	162
7	11	3	0	3	-6545	18
7	11	3	1	0	-1286155	192
7	11	3	1	1	8264945	864
7	11	3	1	2	-3702115	864
7	11	3	1	3	778345	1152
7	11	3	2	0	3363075	32
7	11	3	2	1	-17661035	576
7	11	3	2	2	93825	16
7	11	3	2	3	-825	32
7	11	3	3	0	-1668985	384
7	11	3	3	1	-5930865	512
7	11	3	3	2	-5775	8
7	11	3	4	0	-7755	8
7	11	3	4	1	205055	64
7	11	3	5	1	-22275	256
7	11	4	0	0	2398025	1152
7	11	4	0	1	-270395	108
7	11	4	0	2	402485	162
7	11	4	0	3	-21640	27
7	11	4	1	0	-178445425	6912
7	11	4	1	1	43102105	3456
7	11	4	1	2	-848335	192
7	11	4	1	3	157715	96
7	11	4	2	0	2525005	128
7	11	4	2	1	642895	32
7	11	4	2	2	-237145	32
7	11	4	2	3	-495	8
7	11	4	3	0	216965	1536
7	11	4	3	1	-2753575	768
7	11	4	3	2	17325	16
7	11	4	4	0	-7755	32
7	11	4	4	1	1155	16
7	11	5	0	0	-2335505	5184
7	11	5	0	1	607565	432
7	11	5	0	2	-117475	81
7	11	5	0	3	68485	108
7	11	5	1	0	-41137345	3456
7	11	5	1	1	-25119125	6912
7	11	5	1	2	483835	144
7	11	5	1	3	-78225	64
7	11	5	2	0	-269285	64
7	11	5	2	1	2060365	192
7	11	5	2	2	-1705	4
7	11	5	2	3	1485	32
7	11	5	3	0	188595	256
7	11	5	3	1	-2709025	1536
7	11	5	4	1	1155	32
7	11	6	0	0	-4957315	10368
7	11	6	0	1	1055225	648
7	11	6	0	2	-1235065	1296
7	11	6	0	3	2215	18
7	11	6	1	0	111325	768
7	11	6	1	1	-10910305	1728
7	11	6	1	2	1771355	864
7	11	6	1	3	-79765	288
7	11	6	2	0	-119535	128
7	11	6	2	1	31435	72
7	11	6	2	2	34125	32
7	11	6	2	3	165	16
7	11	6	3	0	62865	512
7	11	6	3	1	2475	128
7	11	6	3	2	-5775	32
7	11	7	0	0	-217505	1296
7	11	7	0	1	574265	2592
7	11	7	0	2	124525	324
7	11	7	0	3	-23345	108
7	11	7	1	0	384235	432
7	11	7	1	1	-8355775	6912
7	11	7	1	2	-244805	288
7	11	7	1	3	38975	96
7	11	7	2	0	-1595	16
7	11	7	2	1	46535	576
7	11	7	2	2	1705	16
7	11	7	2	3	-495	32
7	11	7	3	1	2475	512
7	11	8	0	0	-185705	10368
7	11	8	0	1	-241555	2592
7	11	8	0	2	113245	648
7	11	8	0	3	155	27
7	11	8	1	0	334735	3456
7	11	8	1	1	117505	576
7	11	8	1	2	-240185	576
7	11	8	1	3	55	32
7	11	8	2	0	-1595	128
7	11	8	2	1	-495	32
7	11	8	2	2	1705	32
7	11	9	0	0	1325	1296
7	11	9	0	1	-48715	5184
7	11	9	0	2	-235	27
7	11	9	0	3	105	4
7	11	9	1	0	-1375	288
7	11	9	1	1	13765	384
7	11	9	1	2	385	96
7	11	9	1	3	-76795	1728
7	11	9	2	1	-165	64
7	11	9	2	3	55	32
7	11	10	0	0	265	2592
7	11	10	0	1	1645	648
7	11	10	0	2	-235	108
7	11	10	0	3	-155	162
7	11	10	1	0	-275	576
7	11	10	1	1	55	72
7	11	10	1	2	385	384
7	11	10	1	3	-55	192
7	11	11	0	1	1645	5184
7	11	11	0	3	-155	324
7	11	11	1	1	55	576
7	11	11	1	3	-55	384
7	12	0	0	3	-22165	648
7	12	0	0	4	-715	108
7	12	0	1	2	262625	1728
7	12	0	1	3	3025	18
7	12	0	2	1	16775	144
7	12	0	2	2	-45925	32
7	12	0	2	3	-55	6
7	12	0	3	0	-1802295	1024
7	12	0	3	1	2438645	384
7	12	0	3	2	13475	64
7	12	0	4	0	-13872177	1024
7	12	0	4	1	-20625	16
7	12	0	5	0	2327985	1024
7	12	0	5	1	2475	64
7	12	0	6	0	-126225	1024
7	12	1	0	2	-262625	1296
7	12	1	0	3	35035	432
7	12	1	0	4	715	18
7	12	1	1	1	-16775	72
7	12	1	1	2	708895	576
7	12	1	1	3	-2255	3
7	12	1	2	0	600765	128
7	12	1	2	1	-3471985	288
7	12	1	2	2	131065	32
7	12	1	2	3	165	4
7	12	1	3	0	2216555	64
7	12	1	3	1	-5760535	768
7	12	1	3	2	-40425	64
7	12	1	4	0	-292435	64
7	12	1	4	1	60555	32
7	12	1	5	0	7425	64
7	12	1	5	1	-7425	128
7	12	2	0	1	16775	108
7	12	2	0	2	443905	2592
7	12	2	0	3	52195	864
7	12	2	0	4	-715	8
7	12	2	1	0	-600765	128
7	12	2	1	1	338855	48
7	12	2	1	2	-2966095	768
7	12	2	1	3	26785	24
7	12	2	2	0	-22886875	768
7	12	2	2	1	806245	72
7	12	2	2	2	-346225	128
7	12	2	2	3	-495	8
7	12	2	3	0	7502605	384
7	12	2	3	1	-97955	48
7	12	2	3	2	121275	256
7	12	2	4	0	-268015	128
7	12	2	4	1	165	4
7	12	2	5	0	7425	128
7	12	3	0	0	200255	96
7	12	3	0	1	-560725	648
7	12	3	0	2	34045	64
7	12	3	0	3	-455455	1728
7	12	3	0	4	16445	216
7	12	3	1	0	945175	128
7	12	3	1	1	-497365	144
7	12	3	1	2	2404985	1728
7	12	3	1	3	-14135	48
7	12	3	2	0	-11994125	384
7	12	3	2	1	84040	9
7	12	3	2	2	-101915	64
7	12	3	2	3	275	16
7	12	3	3	0	184525	96
7	12	3	3	1	1278035	768
7	12	3	3	2	13475	64
7	12	3	4	0	6105	32
7	12	3	4	1	-19635	32
7	12	3	5	1	2475	128
7	12	4	0	0	1919005	864
7	12	4	0	1	-160105	1296
7	12	4	0	2	-2932105	10368
7	12	4	0	3	715	16
7	12	4	0	4	5005	192
7	12	4	1	0	221145265	13824
7	12	4	1	1	-4985695	576
7	12	4	1	2	3859075	1152
7	12	4	1	3	-5995	8
7	12	4	2	0	-10066265	1536
7	12	4	2	1	-366245	72
7	12	4	2	2	218515	128
7	12	4	2	3	165	4
7	12	4	3	0	40975	384
7	12	4	3	1	396275	384
7	12	4	3	2	-40425	128
7	12	4	4	0	6105	128
7	12	4	4	1	-165	8
7	12	5	0	0	-1274405	10368
7	12	5	0	1	3204245	2592
7	12	5	0	2	-106205	162
7	12	5	0	3	80795	288
7	12	5	0	4	-715	8
7	12	5	1	0	24769745	3456
7	12	5	1	1	1284635	1152
7	12	5	1	2	-52965	32
7	12	5	1	3	34705	64
7	12	5	2	0	116875	128
7	12	5	2	1	-111485	36
7	12	5	2	2	3355	16
7	12	5	2	3	-495	16
7	12	5	3	0	-14355	64
7	12	5	3	1	387365	768
7	12	5	4	1	-165	16
7	12	6	0	0	-16244305	20736
7	12	6	0	1	236885	648
7	12	6	0	2	555775	3456
7	12	6	0	3	-46475	432
7	12	6	0	4	5005	144
7	12	6	1	0	71225	768
7	12	6	1	1	1016675	288
7	12	6	1	2	-4237805	3456
7	12	6	1	3	12595	96
7	12	6	2	0	73095	256
7	12	6	2	1	-8525	24
7	12	6	2	2	-25795	128
7	12	6	2	3	-55	8
7	12	6	3	0	-4785	128
7	12	6	3	1	-495	64
7	12	6	3	2	13475	256
7	12	7	0	0	-1480985	10368
7	12	7	0	1	-1326875	2592
7	12	7	0	2	2000515	5184
7	12	7	0	3	-5005	36
7	12	7	0	4	715	24
7	12	7	1	0	-1627945	3456
7	12	7	1	1	284075	384
7	12	7	1	2	77935	192
7	12	7	1	3	-11385	64
7	12	7	2	0	7315	128
7	12	7	2	1	-3355	48
7	12	7	2	2	-3355	64
7	12	7	2	3	165	16
7	12	7	3	1	-495	256
7	12	8	0	0	7578175	82944
7	12	8	0	1	-44275	162
7	12	8	0	2	4675	10368
7	12	8	0	3	7865	144
7	12	8	0	4	-715	32
7	12	8	1	0	-1608145	27648
7	12	8	1	1	-23815	288
7	12	8	1	2	26785	128
7	12	8	1	3	-55	16
7	12	8	2	0	7315	1024
7	12	8	2	1	165	16
7	12	8	2	2	-3355	128
7	12	9	0	0	330275	10368
7	12	9	0	1	-935	324
7	12	9	0	2	-27005	288
7	12	9	0	3	95095	2592
7	12	9	0	4	-715	216
7	12	9	1	0	275	1152
7	12	9	1	1	-3355	192
7	12	9	1	2	605	192
7	12	9	1	3	10615	576
7	12	9	2	1	55	32
7	12	9	2	3	-55	48
7	12	10	0	0	18865	20736
7	12	10	0	1	1430	81
7	12	10	0	2	-2365	128
7	12	10	0	3	-7865	864
7	12	10	0	4	715	144
7	12	10	1	0	55	2304
7	12	10	1	1	-55	36
7	12	10	1	2	605	768
7	12	10	1	3	55	96
7	12	11	0	0	-715	1152
7	12	11	0	1	715	324
7	12	11	0	2	715	288
7	12	11	0	3	-7865	1728
7	12	11	1	1	-55	288
7	12	11	1	3	55	192
7	12	12	0	0	-715	13824
7	12	12	0	2	715	1728
7	12	12	0	4	-715	1728
7	13	0	0	4	55	18
7	13	0	1	3	-4235	144
7	13	0	2	2	3905	24
7	13	0	2	3	55	24
7	13	0	3	1	-142505	256
7	13	0	3	2	-825	32
7	13	0	4	0	478467	512
7	13	0	4	1	1815	16
7	13	0	5	0	-77715	512
7	13	0	5	1	-495	128
7	13	0	6	0	4455	512
7	13	1	0	3	4235	108
7	13	1	0	4	-55	3
7	13	1	1	2	-3905	12
7	13	1	1	3	12485	96
7	13	1	2	1	142505	96
7	13	1	2	2	-3575	8
7	13	1	2	3	-165	16
7	13	1	3	0	-797445	256
7	13	1	3	1	299475	512
7	13	1	3	2	2475	32
7	13	1	4	0	25905	64
7	13	1	4	1	-165	1
7	13	1	5	0	-1485	128
7	13	1	5	1	1485	256
7	13	2	0	2	3905	18
7	13	2	0	3	-4235	27
7	13	2	0	4	165	4
7	13	2	1	1	-142505	96
7	13	2	1	2	19195	24
7	13	2	1	3	-36355	192
7	13	2	2	0	265815	64
7	13	2	2	1	-42295	32
7	13	2	2	2	8415	32
7	13	2	2	3	495	32
7	13	2	3	0	-970145	512
7	13	2	3	1	8085	32
7	13	2	3	2	-7425	128
7	13	2	4	0	23925	128
7	13	2	4	1	-165	32
7	13	2	5	0	-1485	256
7	13	3	0	1	142505	216
7	13	3	0	2	-440	1
7	13	3	0	3	4235	24
7	13	3	0	4	-1265	36
7	13	3	1	0	-88605	32
7	13	3	1	1	430595	576
7	13	3	1	2	-3465	16
7	13	3	1	3	17215	384
7	13	3	2	0	265815	64
7	13	3	2	1	-461395	384
7	13	3	2	2	9295	48
7	13	3	2	3	-275	64
7	13	3	3	0	-38225	128
7	13	3	3	1	-47135	512
7	13	3	3	2	-825	32
7	13	3	4	0	-495	32
7	13	3	4	1	6765	128
7	13	3	5	1	-495	256
7	13	4	0	0	29535	32
7	13	4	0	1	-715	18
7	13	4	0	2	-3575	36
7	13	4	0	3	4235	72
7	13	4	0	4	-385	32
7	13	4	1	0	-2305985	576
7	13	4	1	1	2141095	1152
7	13	4	1	2	-65725	96
7	13	4	1	3	4125	32
7	13	4	2	0	259215	256
7	13	4	2	1	34485	64
7	13	4	2	2	-5005	32
7	13	4	2	3	-165	16
7	13	4	3	0	-13475	512
7	13	4	3	1	-32835	256
7	13	4	3	2	2475	64
7	13	4	4	0	-495	128
7	13	4	4	1	165	64
7	13	5	0	0	762905	432
7	13	5	0	1	-48455	48
7	13	5	0	2	19855	36
7	13	5	0	3	-122815	576
7	13	5	0	4	165	4
7	13	5	1	0	-2041655	1152
7	13	5	1	1	-442475	2304
7	13	5	1	2	6985	24
7	13	5	1	3	-5555	64
7	13	5	2	0	-825	16
7	13	5	2	1	51425	128
7	13	5	2	2	-165	4
7	13	5	2	3	495	64
7	13	5	3	0	7425	256
7	13	5	3	1	-31845	512
7	13	5	4	1	165	128
7	13	6	0	0	2049575	1728
7	13	6	0	1	-116765	432
7	13	6	0	2	-55	288
7	13	6	0	3	4235	96
7	13	6	0	4	-385	24
7	13	6	1	0	-28105	256
7	13	6	1	1	-431695	576
7	13	6	1	2	15565	64
7	13	6	1	3	-2365	96
7	13	6	2	0	-2475	64
7	13	6	2	1	2035	24
7	13	6	2	2	935	96
7	13	6	2	3	55	32
7	13	6	3	0	2475	512
7	13	6	3	1	165	128
7	13	6	3	2	-825	128
7	13	7	0	0	459965	1728
7	13	7	0	1	484715	1152
7	13	7	0	2	-40205	144
7	13	7	0	3	55055	576
7	13	7	0	4	-55	4
7	13	7	1	0	49775	576
7	13	7	1	1	-429385	2304
7	13	7	1	2	-385	6
7	13	7	1	3	55	2
7	13	7	2	0	-825	64
7	13	7	2	1	6325	384
7	13	7	2	2	165	16
7	13	7	2	3	-165	64
7	13	7	3	1	165	512
7	13	8	0	0	-504955	13824
7	13	8	0	1	135355	576
7	13	8	0	2	-5665	288
7	13	8	0	3	-4235	144
7	13	8	0	4	165	16
7	13	8	1	0	69575	4608
7	13	8	1	1	1705	576
7	13	8	1	2	-935	24
7	13	8	1	3	55	32
7	13	8	2	0	-825	512
7	13	8	2	1	-165	64
7	13	8	2	2	165	32
7	13	9	0	0	-36575	1728
7	13	9	0	1	52415	3456
7	13	9	0	2	4235	72
7	13	9	0	3	-4235	192
7	13	9	0	4	55	36
7	13	9	1	0	275	192
7	13	9	1	1	2695	1152
7	13	9	1	2	-55	16
7	13	9	1	3	-1375	576
7	13	9	2	1	-55	128
7	13	9	2	3	55	192
7	13	10	0	0	-3685	3456
7	13	10	0	1	-715	72
7	13	10	0	2	3575	288
7	13	10	0	3	4235	864
7	13	10	0	4	-55	24
7	13	10	1	0	55	384
7	13	10	1	1	55	72
7	13	10	1	2	-55	64
7	13	10	1	3	-55	192
7	13	11	0	0	55	192
7	13	11	0	1	-715	576
7	13	11	0	2	-55	48
7	13	11	0	3	4235	1728
7	13	11	1	1	55	576
7	13	11	1	3	-55	384
7	13	12	0	0	55	2304
7	13	12	0	2	-55	288
7	13	12	0	4	55	288
8	0	0	0	0	4703265	4096
8	0	0	1	0	-34777755	4096
8	0	0	2	0	90305685	4096
8	0	0	3	0	-90058845	4096
8	0	0	4	0	29866755	4096
8	0	0	5	0	-2766825	4096
8	0	0	6	0	51975	4096
8	1	0	0	0	-37094625	4096
8	1	0	1	0	284454675	4096
8	1	0	2	0	-767559525	4096
8	1	0	3	0	833779125	4096
8	1	0	4	0	-312517155	4096
8	1	0	5	0	31554225	4096
8	1	0	6	0	-645975	4096
8	2	0	0	0	67168575	2048
8	2	0	1	0	-522685125	2048
8	2	0	2	0	1485247275	2048
8	2	0	3	0	-1745026275	2048
8	2	0	4	0	751519965	2048
8	2	0	5	0	-82704375	2048
8	2	0	6	0	1848825	2048
8	3	0	0	0	-146448645	2048
8	3	0	0	1	-861135	512
8	3	0	1	0	280097685	512
8	3	0	1	1	7796925	1024
8	3	0	2	0	-3467965435	2048
8	3	0	2	1	-2584245	256
8	3	0	3	0	2175044595	1024
8	3	0	3	1	33659785	9216
8	3	0	4	0	-2202023355	2048
8	3	0	4	1	-146775	512
8	3	0	5	0	16490475	128
8	3	0	5	1	2475	1024
8	3	0	6	0	-6452325	2048
8	3	1	0	0	-1766085	512
8	3	1	0	1	2583405	1024
8	3	1	1	0	18031575	1024
8	3	1	1	1	-23390775	2048
8	3	1	2	0	-7717655	256
8	3	1	2	1	7752735	512
8	3	1	3	0	40060345	3072
8	3	1	3	1	-33659785	6144
8	3	1	4	0	-481725	512
8	3	1	4	1	440325	1024
8	3	1	5	0	7425	1024
8	3	1	5	1	-7425	2048
8	3	2	0	0	-1766085	1024
8	3	2	1	0	18031575	2048
8	3	2	2	0	-7717655	512
8	3	2	3	0	40060345	6144
8	3	2	4	0	-481725	1024
8	3	2	5	0	7425	2048
8	3	3	0	1	-861135	1024
8	3	3	1	1	7796925	2048
8	3	3	2	1	-2584245	512
8	3	3	3	1	33659785	18432
8	3	3	4	1	-146775	1024
8	3	3	5	1	2475	2048
8	4	0	0	0	431957475	4096
8	4	0	0	1	2313035	256
8	4	0	1	0	-3044105165	4096
8	4	0	1	1	-69381715	1536
8	4	0	2	0	10921535815	4096
8	4	0	2	1	8756745	128
8	4	0	3	0	-14298579495	4096
8	4	0	3	1	-44069935	1536
8	4	0	4	0	8784857625	4096
8	4	0	4	1	652275	256
8	4	0	5	0	-1143120375	4096
8	4	0	5	1	-12375	512
8	4	0	6	0	30628125	4096
8	4	1	0	0	2702105	128
8	4	1	0	1	-6939105	512
8	4	1	1	0	-166755305	1536
8	4	1	1	1	69381715	1024
8	4	1	2	0	19200685	96
8	4	1	2	1	-26270235	256
8	4	1	3	0	-53486815	512
8	4	1	3	1	44069935	1024
8	4	1	4	0	1075375	128
8	4	1	4	1	-1956825	512
8	4	1	5	0	-37125	512
8	4	1	5	1	37125	1024
8	4	2	0	0	3123275	256
8	4	2	1	0	-176596865	3072
8	4	2	2	0	14411315	144
8	4	2	3	0	-52701075	1024
8	4	2	4	0	1063825	256
8	4	2	5	0	-37125	1024
8	4	3	0	0	210585	128
8	4	3	0	1	2313035	512
8	4	3	1	0	-410065	128
8	4	3	1	1	-69381715	3072
8	4	3	2	0	43205	576
8	4	3	2	1	8756745	256
8	4	3	3	0	196435	256
8	4	3	3	1	-44069935	3072
8	4	3	4	0	-5775	128
8	4	3	4	1	652275	512
8	4	3	5	1	-12375	1024
8	4	4	0	0	210585	512
8	4	4	1	0	-410065	512
8	4	4	2	0	43205	2304
8	4	4	3	0	196435	1024
8	4	4	4	0	-5775	512
8	5	0	0	0	-455634675	4096
8	5	0	0	1	-355985	16
8	5	0	1	0	2653780895	4096
8	5	0	1	1	361940635	3072
8	5	0	2	0	-12277519295	4096
8	5	0	2	1	-350653535	1728
8	5	0	3	0	16157570505	4096
8	5	0	3	1	309144275	3072
8	5	0	4	0	-12624172185	4096
8	5	0	4	1	-81075	8
8	5	0	5	0	1775805525	4096
8	5	0	5	1	111375	1024
8	5	0	6	0	-52190325	4096
8	5	1	0	0	-85265155	1536
8	5	1	0	1	8394615	256
8	5	1	1	0	307132235	1024
8	5	1	1	1	-362152155	2048
8	5	1	2	0	-146591735	256
8	5	1	2	1	131656315	432
8	5	1	3	0	384803615	1024
8	5	1	3	1	-308884675	2048
8	5	1	4	0	-17199425	512
8	5	1	4	1	3890775	256
8	5	1	5	0	334125	1024
8	5	1	5	1	-334125	2048
8	5	2	0	0	-112617215	3072
8	5	2	0	1	149025	256
8	5	2	1	0	1021995025	6144
8	5	2	1	1	3305	32
8	5	2	2	0	-439125865	1536
8	5	2	2	1	-1289915	3456
8	5	2	3	0	374023735	2048
8	5	2	3	1	-16225	128
8	5	2	4	0	-16819925	1024
8	5	2	4	1	825	256
8	5	2	5	0	334125	2048
8	5	3	0	0	-6838015	768
8	5	3	0	1	-10944445	1024
8	5	3	1	0	6287395	384
8	5	3	1	1	362416555	6144
8	5	3	2	0	162335	384
8	5	3	2	1	-1406483885	13824
8	5	3	3	0	-1347485	256
8	5	3	3	1	308560175	6144
8	5	3	4	0	94875	256
8	5	3	4	1	-5186325	1024
8	5	3	5	1	111375	2048
8	5	4	0	0	-6838015	3072
8	5	4	0	1	-149025	512
8	5	4	1	0	6287395	1536
8	5	4	1	1	-3305	64
8	5	4	2	0	162335	1536
8	5	4	2	1	1289915	6912
8	5	4	3	0	-1347485	1024
8	5	4	3	1	16225	256
8	5	4	4	0	94875	1024
8	5	4	4	1	-825	512
8	5	5	0	1	-149025	1024
8	5	5	1	1	-3305	128
8	5	5	2	1	1289915	13824
8	5	5	3	1	16225	512
8	5	5	4	1	-825	1024
8	6	0	0	0	86432055	1024
8	6	0	0	1	8996735	288
8	6	0	0	2	449495	576
8	6	0	1	0	-350688185	1024
8	6	0	1	1	-25464665	144
8	6	0	1	2	-1917095	1152
8	6	0	2	0	2537919695	1024
8	6	0	2	1	297488275	864
8	6	0	2	2	149465	192
8	6	0	3	0	-3159808275	1024
8	6	0	3	1	-478750475	2304
8	6	0	3	2	-9625	256
8	6	0	4	0	3370791615	1024
8	6	0	4	1	759975	32
8	6	0	5	0	-508930425	1024
8	6	0	5	1	-37125	128
8	6	0	6	0	16416675	1024
8	6	1	0	0	19510285	256
8	6	1	0	1	-23696755	576
8	6	1	0	2	-449495	192
8	6	1	1	0	-94035245	192
8	6	1	1	1	147528665	576
8	6	1	1	2	1917095	384
8	6	1	2	0	703252105	768
8	6	1	2	1	-887291785	1728
8	6	1	2	2	-149465	64
8	6	1	3	0	-1230915475	1536
8	6	1	3	1	159015525	512
8	6	1	3	2	28875	256
8	6	1	4	0	2534275	32
8	6	1	4	1	-2278275	64
8	6	1	5	0	-111375	128
8	6	1	5	1	111375	256
8	6	2	0	0	278554225	4608
8	6	2	0	1	-1646725	288
8	6	2	0	2	449495	256
8	6	2	1	0	-168680995	576
8	6	2	1	1	5259325	576
8	6	2	1	2	-1917095	512
8	6	2	2	0	2139533615	4608
8	6	2	2	1	-323315	108
8	6	2	2	2	448395	256
8	6	2	3	0	-1183766675	3072
8	6	2	3	1	425975	384
8	6	2	3	2	-86625	1024
8	6	2	4	0	2448475	64
8	6	2	4	1	-825	32
8	6	2	5	0	-111375	256
8	6	3	0	0	25226005	1152
8	6	3	0	1	13053295	1152
8	6	3	0	2	449495	576
8	6	3	1	0	-18000605	384
8	6	3	1	1	-187939345	2304
8	6	3	1	2	-1917095	1152
8	6	3	2	0	7153295	1152
8	6	3	2	1	293608495	1728
8	6	3	2	2	149465	192
8	6	3	3	0	5910925	384
8	6	3	3	1	-118729175	1152
8	6	3	3	2	-9625	256
8	6	3	4	0	-10725	8
8	6	3	4	1	1517475	128
8	6	3	5	1	-37125	256
8	6	4	0	0	22653955	4608
8	6	4	0	1	1646725	576
8	6	4	0	2	-449495	384
8	6	4	1	0	-47729615	4608
8	6	4	1	1	-5259325	1152
8	6	4	1	2	1917095	768
8	6	4	2	0	5698145	4608
8	6	4	2	1	323315	216
8	6	4	2	2	-149465	128
8	6	4	3	0	2998775	768
8	6	4	3	1	-425975	768
8	6	4	3	2	28875	512
8	6	4	4	0	-10725	32
8	6	4	4	1	825	64
8	6	5	0	0	-85735	256
8	6	5	0	1	1646725	1152
8	6	5	1	0	156805	192
8	6	5	1	1	-5259325	2304
8	6	5	2	0	-48505	256
8	6	5	2	1	323315	432
8	6	5	3	0	17325	512
8	6	5	3	1	-425975	1536
8	6	5	4	1	825	128
8	6	6	0	0	-85735	1536
8	6	6	0	2	449495	2304
8	6	6	1	0	156805	1152
8	6	6	1	2	-1917095	4608
8	6	6	2	0	-48505	1536
8	6	6	2	2	149465	768
8	6	6	3	0	5775	1024
8	6	6	3	2	-9625	1024
8	7	0	0	0	-5645715	128
8	7	0	0	1	-39584345	1536
8	7	0	0	2	-4445605	1728
8	7	0	1	0	173036075	2048
8	7	0	1	1	4647895885	27648
8	7	0	1	2	74429345	10368
8	7	0	2	0	-778668365	512
8	7	0	2	1	-1685049425	4608
8	7	0	2	2	-796085	192
8	7	0	3	0	6638285925	4096
8	7	0	3	1	1722329125	6144
8	7	0	3	2	61875	256
8	7	0	4	0	-2718380865	1024
8	7	0	4	1	-9295125	256
8	7	0	5	0	218028375	512
8	7	0	5	1	259875	512
8	7	0	6	0	-15436575	1024
8	7	1	0	0	-82126835	1536
8	7	1	0	1	659766475	27648
8	7	1	0	2	4445605	576
8	7	1	1	0	1608297085	3072
8	7	1	1	1	-35123937245	165888
8	7	1	1	2	-74429345	3456
8	7	1	2	0	-1346798665	1536
8	7	1	2	1	4848259355	9216
8	7	1	2	2	796085	64
8	7	1	3	0	2305536775	2048
8	7	1	3	1	-1705329725	4096
8	7	1	3	2	-185625	256
8	7	1	4	0	-31209325	256
8	7	1	4	1	27839175	512
8	7	1	5	0	779625	512
8	7	1	5	1	-779625	1024
8	7	2	0	0	-180761255	3072
8	7	2	0	1	12437225	864
8	7	2	0	2	-4445605	768
8	7	2	1	0	2183854265	6144
8	7	2	1	1	-417267665	10368
8	7	2	1	2	74429345	4608
8	7	2	2	0	-4471773095	9216
8	7	2	2	1	13044145	576
8	7	2	2	2	-2388255	256
8	7	2	3	0	2205959075	4096
8	7	2	3	1	-1062875	256
8	7	2	3	2	556875	1024
8	7	2	4	0	-29777125	512
8	7	2	4	1	5775	64
8	7	2	5	0	779625	1024
8	7	3	0	0	-73348385	2304
8	7	3	0	1	-43991155	27648
8	7	3	0	2	-4445605	1728
8	7	3	1	0	1243240265	13824
8	7	3	1	1	8897921825	165888
8	7	3	1	2	74429345	10368
8	7	3	2	0	-103185485	2304
8	7	3	2	1	-1530791435	9216
8	7	3	2	2	-796085	192
8	7	3	3	0	-25196375	1024
8	7	3	3	1	1684090375	12288
8	7	3	3	2	61875	256
8	7	3	4	0	179025	64
8	7	3	4	1	-9260475	512
8	7	3	5	1	259875	1024
8	7	4	0	0	-23403745	3072
8	7	4	0	1	-95365435	13824
8	7	4	0	2	4445605	1152
8	7	4	1	0	328141105	18432
8	7	4	1	1	1657504505	82944
8	7	4	1	2	-74429345	6912
8	7	4	2	0	-79891535	9216
8	7	4	2	1	-52858105	4608
8	7	4	2	2	796085	128
8	7	4	3	0	-26706125	4096
8	7	4	3	1	4253975	2048
8	7	4	3	2	-185625	512
8	7	4	4	0	179025	256
8	7	4	4	1	-5775	128
8	7	5	0	0	313715	1536
8	7	5	0	1	-103630165	27648
8	7	5	1	0	-25881695	9216
8	7	5	1	1	1680636815	165888
8	7	5	2	0	776465	512
8	7	5	2	1	-51495055	9216
8	7	5	3	0	-452925	2048
8	7	5	3	1	4249025	4096
8	7	5	4	1	-5775	256
8	7	6	0	0	313715	9216
8	7	6	0	1	-1377455	6912
8	7	6	0	2	-4445605	6912
8	7	6	1	0	-25881695	55296
8	7	6	1	1	3855385	41472
8	7	6	1	2	74429345	41472
8	7	6	2	0	776465	3072
8	7	6	2	1	75725	768
8	7	6	2	2	-796085	768
8	7	6	3	0	-150975	4096
8	7	6	3	1	-825	1024
8	7	6	3	2	61875	1024
8	7	7	0	1	-1377455	27648
8	7	7	1	1	3855385	165888
8	7	7	2	1	75725	3072
8	7	7	3	1	-825	4096
8	8	0	0	0	7311005	512
8	8	0	0	1	26648845	2304
8	8	0	0	2	38392495	10368
8	8	0	1	0	20218905	2048
8	8	0	1	1	-1452143755	13824
8	8	0	1	2	-8170765	648
8	8	0	2	0	1397261875	2048
8	8	0	2	1	1720193165	6912
8	8	0	2	2	3580955	384
8	8	0	3	0	-2096759505	4096
8	8	0	3	1	-795851795	3072
8	8	0	3	2	-169125	256
8	8	0	4	0	6646623045	4096
8	8	0	4	1	4844175	128
8	8	0	5	0	-1117538775	4096
8	8	0	5	1	-155925	256
8	8	0	6	0	43369425	4096
8	8	1	0	0	18882745	1536
8	8	1	0	1	97047385	41472
8	8	1	0	2	-114662975	10368
8	8	1	1	0	-1519545	4
8	8	1	1	1	7220752235	82944
8	8	1	1	2	65538575	1728
8	8	1	2	0	249789205	512
8	8	1	2	1	-4382195375	13824
8	8	1	2	2	-3577105	128
8	8	1	3	0	-1119187715	1024
8	8	1	3	1	778025195	2048
8	8	1	3	2	507375	256
8	8	1	4	0	8196125	64
8	8	1	4	1	-14486325	256
8	8	1	5	0	-467775	256
8	8	1	5	1	467775	512
8	8	2	0	0	357324425	9216
8	8	2	0	1	-2608655	144
8	8	2	0	2	340387355	41472
8	8	2	1	0	-461771215	1536
8	8	2	1	1	182478955	2592
8	8	2	1	2	-32970485	1152
8	8	2	2	0	1122543965	3072
8	8	2	2	1	-49314445	864
8	8	2	2	2	10704365	512
8	8	2	3	0	-1074871015	2048
8	8	2	3	1	139425	16
8	8	2	3	2	-1522125	1024
8	8	2	4	0	7722575	128
8	8	2	4	1	-5775	32
8	8	2	5	0	-467775	512
8	8	3	0	0	480459745	13824
8	8	3	0	1	-405221825	41472
8	8	3	0	2	77556755	20736
8	8	3	1	0	-1461689815	13824
8	8	3	1	1	34582405	82944
8	8	3	1	2	-259912385	20736
8	8	3	2	0	177104635	1536
8	8	3	2	1	1141728575	13824
8	8	3	2	2	7179235	768
8	8	3	3	0	11499925	512
8	8	3	3	1	-755771645	6144
8	8	3	3	2	-169125	256
8	8	3	4	0	-236775	64
8	8	3	4	1	4809525	256
8	8	3	5	1	-155925	512
8	8	4	0	0	627314845	55296
8	8	4	0	1	54448525	6912
8	8	4	0	2	-225981635	41472
8	8	4	1	0	-373506485	18432
8	8	4	1	1	-1456376015	41472
8	8	4	1	2	264396215	13824
8	8	4	2	0	129640735	6144
8	8	4	2	1	201250405	6912
8	8	4	2	2	-7129185	512
8	8	4	3	0	13603675	2048
8	8	4	3	1	-4469025	1024
8	8	4	3	2	507375	512
8	8	4	4	0	-236775	256
8	8	4	4	1	5775	64
8	8	5	0	0	21897995	13824
8	8	5	0	1	70766915	13824
8	8	5	0	2	-257255	5184
8	8	5	1	0	2114575	576
8	8	5	1	1	-1463287265	82944
8	8	5	1	2	-57485	576
8	8	5	2	0	-2378585	512
8	8	5	2	1	193265155	13824
8	8	5	2	2	-1925	64
8	8	5	3	0	631125	1024
8	8	5	3	1	-4454175	2048
8	8	5	4	1	5775	128
8	8	6	0	0	7082215	27648
8	8	6	0	1	8159195	10368
8	8	6	0	2	36848965	41472
8	8	6	1	0	8103505	13824
8	8	6	1	1	-1151875	20736
8	8	6	1	2	-66918215	20736
8	8	6	2	0	-801845	1024
8	8	6	2	1	-147875	384
8	8	6	2	2	3546305	1536
8	8	6	3	0	210375	2048
8	8	6	3	1	2475	512
8	8	6	3	2	-169125	1024
8	8	7	0	0	-46525	13824
8	8	7	0	1	8159195	41472
8	8	7	0	2	257255	20736
8	8	7	1	0	-16895	1536
8	8	7	1	1	-1151875	82944
8	8	7	1	2	57485	2304
8	8	7	2	0	-1925	512
8	8	7	2	1	-147875	1536
8	8	7	2	2	1925	256
8	8	7	3	1	2475	2048
8	8	8	0	0	-46525	110592
8	8	8	0	2	257255	41472
8	8	8	1	0	-16895	12288
8	8	8	1	2	57485	4608
8	8	8	2	0	-1925	4096
8	8	8	2	2	1925	512
8	9	0	0	0	-554035	256
8	9	0	0	1	-14730805	6912
8	9	0	0	2	-44603065	15552
8	9	0	0	3	-1750985	15552
8	9	0	1	0	-5897185	512
8	9	0	1	1	1190440555	27648
8	9	0	1	2	118373465	10368
8	9	0	1	3	49075	576
8	9	0	2	0	-436056855	2048
8	9	0	2	1	-730989605	6912
8	9	0	2	2	-2209885	192
8	9	0	2	3	-275	192
8	9	0	3	0	112518585	2048
8	9	0	3	1	3076912745	18432
8	9	0	3	2	254375	256
8	9	0	4	0	-3053203125	4096
8	9	0	4	1	-3487575	128
8	9	0	5	0	529162875	4096
8	9	0	5	1	259875	512
8	9	0	6	0	-22460625	4096
8	9	1	0	0	357685	64
8	9	1	0	1	-533893265	41472
8	9	1	0	2	38994655	5184
8	9	1	0	3	1750985	3456
8	9	1	1	0	565770605	3072
8	9	1	1	1	-557439515	165888
8	9	1	1	2	-116766485	3456
8	9	1	1	3	-49075	128
8	9	1	2	0	-47354825	384
8	9	1	2	1	1161666185	13824
8	9	1	2	2	2200535	64
8	9	1	2	3	825	128
8	9	1	3	0	4583844155	6144
8	9	1	3	1	-979675915	4096
8	9	1	3	2	-763125	256
8	9	1	4	0	-23813125	256
8	9	1	4	1	10404975	256
8	9	1	5	0	779625	512
8	9	1	5	1	-779625	1024
8	9	2	0	0	-38803475	1536
8	9	2	0	1	678820325	62208
8	9	2	0	2	-25908365	6912
8	9	2	0	3	-1750985	2304
8	9	2	1	0	2947196975	18432
8	9	2	1	1	-617703245	10368
8	9	2	1	2	113016865	4608
8	9	2	1	3	147225	256
8	9	2	2	0	-1061345765	4608
8	9	2	2	1	522611915	6912
8	9	2	2	2	-6536155	256
8	9	2	2	3	-2475	256
8	9	2	3	0	4474018375	12288
8	9	2	3	1	-8636375	768
8	9	2	3	2	2289375	1024
8	9	2	4	0	-22173025	512
8	9	2	4	1	28875	128
8	9	2	5	0	779625	1024
8	9	3	0	0	-485984935	13824
8	9	3	0	1	3417656965	248832
8	9	3	0	2	-114443975	31104
8	9	3	0	3	8754925	41472
8	9	3	1	0	117270475	1728
8	9	3	1	1	-4198002025	165888
8	9	3	1	2	60994585	5184
8	9	3	1	3	-245375	1536
8	9	3	2	0	-733307735	4608
8	9	3	2	1	71172335	27648
8	9	3	2	2	-4461845	384
8	9	3	2	3	1375	512
8	9	3	3	0	-31342195	3072
8	9	3	3	1	2767116995	36864
8	9	3	3	2	254375	256
8	9	3	4	0	410025	128
8	9	3	4	1	-6888525	512
8	9	3	5	1	259875	1024
8	9	4	0	0	-2852398525	165888
8	9	4	0	1	-197492165	124416
8	9	4	0	2	41534645	20736
8	9	4	0	3	1750985	3456
8	9	4	1	0	17193795	1024
8	9	4	1	1	2368335395	82944
8	9	4	1	2	-13942975	864
8	9	4	1	3	-49075	128
8	9	4	2	0	-512910935	18432
8	9	4	2	1	-533052815	13824
8	9	4	2	2	4340295	256
8	9	4	2	3	825	128
8	9	4	3	0	-50770945	12288
8	9	4	3	1	34656875	6144
8	9	4	3	2	-763125	512
8	9	4	4	0	410025	512
8	9	4	4	1	-28875	256
8	9	5	0	0	-45518135	10368
8	9	5	0	1	-1223033405	248832
8	9	5	0	2	934735	864
8	9	5	0	3	-1750985	4608
8	9	5	1	0	-4107875	9216
8	9	5	1	1	2596229765	165888
8	9	5	1	2	-133915	288
8	9	5	1	3	147225	512
8	9	5	2	0	1853195	256
8	9	5	2	1	-512349215	27648
8	9	5	2	2	4675	32
8	9	5	2	3	-2475	512
8	9	5	3	0	-1942875	2048
8	9	5	3	1	34434125	12288
8	9	5	4	1	-28875	512
8	9	6	0	0	-2589025	13824
8	9	6	0	1	-27613855	10368
8	9	6	0	2	5872625	62208
8	9	6	0	3	-1750985	20736
8	9	6	1	0	-19797815	55296
8	9	6	1	1	36070795	41472
8	9	6	1	2	103910645	41472
8	9	6	1	3	49075	768
8	9	6	2	0	967985	768
8	9	6	2	1	64175	128
8	9	6	2	2	-2125735	768
8	9	6	2	3	-275	256
8	9	6	3	0	-647625	4096
8	9	6	3	1	-12375	1024
8	9	6	3	2	254375	1024
8	9	7	0	0	9676435	41472
8	9	7	0	1	-136860875	248832
8	9	7	0	2	-934735	3456
8	9	7	0	3	1750985	13824
8	9	7	1	0	-186785	1536
8	9	7	1	1	25556995	165888
8	9	7	1	2	133915	1152
8	9	7	1	3	-49075	512
8	9	7	2	0	11825	512
8	9	7	2	1	131375	1024
8	9	7	2	2	-4675	128
8	9	7	2	3	825	512
8	9	7	3	1	-12375	4096
8	9	8	0	0	9676435	331776
8	9	8	0	1	2620205	41472
8	9	8	0	2	-934735	6912
8	9	8	1	0	-186785	12288
8	9	8	1	1	-4425	128
8	9	8	1	2	133915	2304
8	9	8	2	0	11825	4096
8	9	8	2	1	825	512
8	9	8	2	2	-4675	256
8	9	9	0	1	2620205	248832
8	9	9	0	3	-1750985	124416
8	9	9	1	1	-1475	256
8	9	9	1	3	49075	4608
8	9	9	2	1	275	1024
8	9	9	2	3	-275	1536
8	10	0	0	1	-3645	128
8	10	0	0	2	4105255	3456
8	10	0	0	3	89005	432
8	10	0	1	0	2164095	1024
8	10	0	1	1	-1390545	128
8	10	0	1	2	-38043085	6912
8	10	0	1	3	-35125	144
8	10	0	2	0	42310935	1024
8	10	0	2	1	2438095	96
8	10	0	2	2	270865	32
8	10	0	2	3	275	48
8	10	0	3	0	47151495	2048
8	10	0	3	1	-38180225	512
8	10	0	3	2	-226875	256
8	10	0	4	0	513862965	2048
8	10	0	4	1	214275	16
8	10	0	5	0	-90069975	2048
8	10	0	5	1	-37125	128
8	10	0	6	0	4165425	2048
8	10	1	0	0	-721365	256
8	10	1	0	1	18351695	2304
8	10	1	0	2	-6094685	3456
8	10	1	0	3	-89005	96
8	10	1	1	0	-27907005	512
8	10	1	1	1	-22903315	2304
8	10	1	1	2	3734825	256
8	10	1	1	3	35125	32
8	10	1	2	0	-910795	64
8	10	1	2	1	657445	32
8	10	1	2	2	-25110	1
8	10	1	2	3	-825	32
8	10	1	3	0	-90914235	256
8	10	1	3	1	105203875	1024
8	10	1	3	2	680625	256
8	10	1	4	0	1477675	32
8	10	1	4	1	-318525	16
8	10	1	5	0	-111375	128
8	10	1	5	1	111375	256
8	10	2	0	0	8280685	512
8	10	2	0	1	-522605	288
8	10	2	0	2	-25071265	13824
8	10	2	0	3	89005	64
8	10	2	1	0	-39474345	1024
8	10	2	1	1	23030855	1152
8	10	2	1	2	-69740255	9216
8	10	2	1	3	-105375	64
8	10	2	2	0	101979335	768
8	10	2	2	1	-3770285	64
8	10	2	2	2	2347035	128
8	10	2	2	3	2475	64
8	10	2	3	0	-91574865	512
8	10	2	3	1	1171225	128
8	10	2	3	2	-2041875	1024
8	10	2	4	0	1362175	64
8	10	2	4	1	-5775	32
8	10	2	5	0	-111375	256
8	10	3	0	0	18686915	768
8	10	3	0	1	-21270985	2304
8	10	3	0	2	8674945	3456
8	10	3	0	3	-445025	1152
8	10	3	1	0	-5358655	256
8	10	3	1	1	81516155	4608
8	10	3	1	2	-12037105	1728
8	10	3	1	3	175625	384
8	10	3	2	0	101321185	768
8	10	3	2	1	-23933885	768
8	10	3	2	2	1110685	128
8	10	3	2	3	-1375	128
8	10	3	3	0	-33315	256
8	10	3	3	1	-31194125	1024
8	10	3	3	2	-226875	256
8	10	3	4	0	-28875	16
8	10	3	4	1	839775	128
8	10	3	5	1	-37125	256
8	10	4	0	0	14254665	1024
8	10	4	0	1	-4231955	1152
8	10	4	0	2	14075765	6912
8	10	4	0	3	-89005	96
8	10	4	1	0	-450523705	27648
8	10	4	1	1	-12241115	2304
8	10	4	1	2	9596965	2304
8	10	4	1	3	35125	32
8	10	4	2	0	70369985	3072
8	10	4	2	1	3796235	128
8	10	4	2	2	-3096105	256
8	10	4	2	3	-825	32
8	10	4	3	0	1451685	1024
8	10	4	3	1	-2354825	512
8	10	4	3	2	680625	512
8	10	4	4	0	-28875	64
8	10	4	4	1	5775	64
8	10	5	0	0	6658885	1728
8	10	5	0	1	7090375	2304
8	10	5	0	2	-3050465	1728
8	10	5	0	3	89005	128
8	10	5	1	0	-36408965	6912
8	10	5	1	1	-36051995	4608
8	10	5	1	2	2243705	1152
8	10	5	1	3	-105375	128
8	10	5	2	0	-793415	128
8	10	5	2	1	3750935	256
8	10	5	2	2	-9075	32
8	10	5	2	3	2475	128
8	10	5	3	0	111375	128
8	10	5	3	1	-2330075	1024
8	10	5	4	1	5775	128
8	10	6	0	0	-549935	6912
8	10	6	0	1	607685	192
8	10	6	0	2	-7272985	6912
8	10	6	0	3	89005	576
8	10	6	1	0	389275	1536
8	10	6	1	1	-1891265	576
8	10	6	1	2	460295	6912
8	10	6	1	3	-35125	192
8	10	6	2	0	-445795	384
8	10	6	2	1	-2025	16
8	10	6	2	2	30455	16
8	10	6	2	3	275	64
8	10	6	3	0	37125	256
8	10	6	3	1	4125	256
8	10	6	3	2	-226875	1024
8	10	7	0	0	-2236985	6912
8	10	7	0	1	1471055	2304
8	10	7	0	2	1495195	3456
8	10	7	0	3	-89005	384
8	10	7	1	0	3282085	6912
8	10	7	1	1	-306645	512
8	10	7	1	2	-568145	1152
8	10	7	1	3	35125	128
8	10	7	2	0	-14025	256
8	10	7	2	1	-11125	256
8	10	7	2	2	9075	128
8	10	7	2	3	-825	128
8	10	7	3	1	4125	1024
8	10	8	0	0	-2730785	55296
8	10	8	0	1	-250	3
8	10	8	0	2	1543255	6912
8	10	8	1	0	2935585	55296
8	10	8	1	1	92975	768
8	10	8	1	2	-556595	2304
8	10	8	2	0	-14025	2048
8	10	8	2	1	-825	128
8	10	8	2	2	9075	256
8	10	9	0	0	-20575	6912
8	10	9	0	1	-125	9
8	10	9	0	2	445	128
8	10	9	0	3	89005	3456
8	10	9	1	0	-9625	4608
8	10	9	1	1	92975	4608
8	10	9	1	2	1925	768
8	10	9	1	3	-35125	1152
8	10	9	2	1	-275	256
8	10	9	2	3	275	384
8	10	10	0	0	-4115	13824
8	10	10	0	2	445	512
8	10	10	1	0	-1925	9216
8	10	10	1	2	1925	3072
8	11	0	0	2	-117875	576
8	11	0	0	3	-221725	1728
8	11	0	1	1	2022925	1536
8	11	0	1	2	4438075	3456
8	11	0	1	3	288725	1152
8	11	0	2	0	-119625	32
8	11	0	2	1	-11399575	4608
8	11	0	2	2	-718525	192
8	11	0	2	3	-275	32
8	11	0	3	0	-39012225	4096
8	11	0	3	1	45661975	2048
8	11	0	3	2	119625	256
8	11	0	4	0	-120227715	2048
8	11	0	4	1	-2205975	512
8	11	0	5	0	5223825	512
8	11	0	5	1	111375	1024
8	11	0	6	0	-1046925	2048
8	11	1	0	1	-2022925	1152
8	11	1	0	2	-670625	1728
8	11	1	0	3	2014025	3456
8	11	1	1	0	119625	16
8	11	1	1	1	20443075	9216
8	11	1	1	2	-1840975	1152
8	11	1	1	3	-865075	768
8	11	1	2	0	8464075	512
8	11	1	2	1	-223468075	9216
8	11	1	2	2	700925	64
8	11	1	2	3	2475	64
8	11	1	3	0	231877875	2048
8	11	1	3	1	-118292525	4096
8	11	1	3	2	-358875	256
8	11	1	4	0	-7690025	512
8	11	1	4	1	6525525	1024
8	11	1	5	0	334125	1024
8	11	1	5	1	-334125	2048
8	11	2	0	0	-39875	8
8	11	2	0	1	-928175	1728
8	11	2	0	2	14312375	6912
8	11	2	0	3	-6134575	6912
8	11	2	1	0	-2010075	512
8	11	2	1	1	8743475	2304
8	11	2	1	2	-1412175	512
8	11	2	1	3	2589725	1536
8	11	2	2	0	-191488375	3072
8	11	2	2	1	31646825	1152
8	11	2	2	2	-1979575	256
8	11	2	2	3	-7425	128
8	11	2	3	0	245076375	4096
8	11	2	3	1	-1174525	256
8	11	2	3	2	1076625	1024
8	11	2	4	0	-7043225	1024
8	11	2	4	1	5775	64
8	11	2	5	0	334125	2048
8	11	3	0	0	-6357925	1152
8	11	3	0	1	36847775	13824
8	11	3	0	2	-290375	288
8	11	3	0	3	1219625	4608
8	11	3	1	0	2841775	512
8	11	3	1	1	-63162325	9216
8	11	3	1	2	5180375	1728
8	11	3	1	3	-1423825	3072
8	11	3	2	0	-12890575	192
8	11	3	2	1	184334225	9216
8	11	3	2	2	-758125	192
8	11	3	2	3	4125	256
8	11	3	3	0	2651175	1024
8	11	3	3	1	31691425	4096
8	11	3	3	2	119625	256
8	11	3	4	0	40425	64
8	11	3	4	1	-2136675	1024
8	11	3	5	1	111375	2048
8	11	4	0	0	-4017425	2304
8	11	4	0	1	27389675	13824
8	11	4	0	2	-792875	432
8	11	4	0	3	674425	1152
8	11	4	1	0	921425275	55296
8	11	4	1	1	-8080225	1024
8	11	4	1	2	103325	36
8	11	4	1	3	-288175	256
8	11	4	2	0	-18941825	1536
8	11	4	2	1	-61609075	4608
8	11	4	2	2	643725	128
8	11	4	2	3	2475	64
8	11	4	3	0	-591075	4096
8	11	4	3	1	4735225	2048
8	11	4	3	2	-358875	512
8	11	4	4	0	40425	256
8	11	4	4	1	-5775	128
8	11	5	0	0	2813675	13824
8	11	5	0	1	-28534675	27648
8	11	5	0	2	57625	54
8	11	5	0	3	-1064825	2304
8	11	5	1	0	205614925	27648
8	11	5	1	1	16003375	6144
8	11	5	1	2	-219175	96
8	11	5	1	3	107275	128
8	11	5	2	0	1458725	512
8	11	5	2	1	-65334625	9216
8	11	5	2	2	275	1
8	11	5	2	3	-7425	256
8	11	5	3	0	-972675	2048
8	11	5	3	1	4660975	4096
8	11	5	4	1	-5775	256
8	11	6	0	0	10480525	27648
8	11	6	0	1	-8549125	6912
8	11	6	0	2	539125	768
8	11	6	0	3	-103925	1152
8	11	6	1	0	-1138625	6144
8	11	6	1	1	19277125	4608
8	11	6	1	2	-18945725	13824
8	11	6	1	3	2275	12
8	11	6	2	0	637675	1024
8	11	6	2	1	-197075	768
8	11	6	2	2	-560125	768
8	11	6	2	3	-825	128
8	11	6	3	0	-324225	4096
8	11	6	3	1	-12375	1024
8	11	6	3	2	119625	1024
8	11	7	0	0	978025	6912
8	11	7	0	1	-4539025	27648
8	11	7	0	2	-489125	1728
8	11	7	0	3	181325	1152
8	11	7	1	0	-4111775	6912
8	11	7	1	1	14588375	18432
8	11	7	1	2	73975	128
8	11	7	1	3	-142575	512
8	11	7	2	0	16225	256
8	11	7	2	1	-142625	3072
8	11	7	2	2	-275	4
8	11	7	2	3	2475	256
8	11	7	3	1	-12375	4096
8	11	8	0	0	756025	55296
8	11	8	0	1	169325	2304
8	11	8	0	2	-444125	3456
8	11	8	0	3	-4625	1152
8	11	8	1	0	-3567275	55296
8	11	8	1	1	-646325	4608
8	11	8	1	2	217525	768
8	11	8	1	3	-275	256
8	11	8	2	0	16225	2048
8	11	8	2	1	2475	256
8	11	8	2	2	-275	8
8	11	9	0	0	-4625	3456
8	11	9	0	1	36625	4608
8	11	9	0	2	625	96
8	11	9	0	3	-131675	6912
8	11	9	1	0	15125	4608
8	11	9	1	1	-226075	9216
8	11	9	1	2	-275	96
8	11	9	1	3	70325	2304
8	11	9	2	1	825	512
8	11	9	2	3	-275	256
8	11	10	0	0	-925	6912
8	11	10	0	1	-1025	576
8	11	10	0	2	625	384
8	11	10	0	3	4625	6912
8	11	10	1	0	3025	9216
8	11	10	1	1	-275	576
8	11	10	1	2	-275	384
8	11	10	1	3	275	1536
8	11	11	0	1	-1025	4608
8	11	11	0	3	4625	13824
8	11	11	1	1	-275	4608
8	11	11	1	3	275	3072
8	12	0	0	3	59675	2592
8	12	0	0	4	1925	432
8	12	0	1	2	-710875	6912
8	12	0	1	3	-21175	192
8	12	0	2	1	-151525	2304
8	12	0	2	2	357775	384
8	12	0	2	3	275	48
8	12	0	3	0	4541625	4096
8	12	0	3	1	-12502325	3072
8	12	0	3	2	-34375	256
8	12	0	4	0	35030655	4096
8	12	0	4	1	210375	256
8	12	0	5	0	-5927625	4096
8	12	0	5	1	-12375	512
8	12	0	6	0	319275	4096
8	12	1	0	2	710875	5184
8	12	1	0	3	-94325	1728
8	12	1	0	4	-1925	72
8	12	1	1	1	151525	1152
8	12	1	1	2	-1823525	2304
8	12	1	1	3	189475	384
8	12	1	2	0	-1513875	512
8	12	1	2	1	35584175	4608
8	12	1	2	2	-340725	128
8	12	1	2	3	-825	32
8	12	1	3	0	-22403425	1024
8	12	1	3	1	29602375	6144
8	12	1	3	2	103125	256
8	12	1	4	0	370975	128
8	12	1	4	1	-617925	512
8	12	1	5	0	-37125	512
8	12	1	5	1	37125	1024
8	12	2	0	1	-151525	1728
8	12	2	0	2	-1227875	10368
8	12	2	0	3	-140525	3456
8	12	2	0	4	1925	32
8	12	2	1	0	1513875	512
8	12	2	1	1	-108625	24
8	12	2	1	2	7715125	3072
8	12	2	1	3	-562925	768
8	12	2	2	0	57916925	3072
8	12	2	2	1	-4146175	576
8	12	2	2	2	902825	512
8	12	2	2	3	2475	64
8	12	2	3	0	-75718775	6144
8	12	2	3	1	248875	192
8	12	2	3	2	-309375	1024
8	12	2	4	0	339625	256
8	12	2	4	1	-825	32
8	12	2	5	0	-37125	1024
8	12	3	0	0	-504625	384
8	12	3	0	1	5824775	10368
8	12	3	0	2	-272525	768
8	12	3	0	3	1226225	6912
8	12	3	0	4	-44275	864
8	12	3	1	0	-2408725	512
8	12	3	1	1	10339175	4608
8	12	3	1	2	-6314275	6912
8	12	3	1	3	99275	512
8	12	3	2	0	30288775	1536
8	12	3	2	1	-27558025	4608
8	12	3	2	2	792275	768
8	12	3	2	3	-1375	128
8	12	3	3	0	-1835075	1536
8	12	3	3	1	-6603575	6144
8	12	3	3	2	-34375	256
8	12	3	4	0	-15675	128
8	12	3	4	1	200475	512
8	12	3	5	1	-12375	1024
8	12	4	0	0	-4775375	3456
8	12	4	0	1	1287275	20736
8	12	4	0	2	7986275	41472
8	12	4	0	3	-1925	64
8	12	4	0	4	-13475	768
8	12	4	1	0	-560409575	55296
8	12	4	1	1	25633025	4608
8	12	4	1	2	-10043825	4608
8	12	4	1	3	62975	128
8	12	4	2	0	25144075	6144
8	12	4	2	1	7557275	2304
8	12	4	2	2	-570625	512
8	12	4	2	3	-825	32
8	12	4	3	0	-374825	6144
8	12	4	3	1	-2013275	3072
8	12	4	3	2	103125	512
8	12	4	4	0	-15675	512
8	12	4	4	1	825	64
8	12	5	0	0	4472875	41472
8	12	5	0	1	-33661375	41472
8	12	5	0	2	1133275	2592
8	12	5	0	3	-217525	1152
8	12	5	0	4	1925	32
8	12	5	1	0	-31178675	6912
8	12	5	1	1	-6748225	9216
8	12	5	1	2	415525	384
8	12	5	1	3	-22825	64
8	12	5	2	0	-308825	512
8	12	5	2	1	9146225	4608
8	12	5	2	2	-8525	64
8	12	5	2	3	2475	128
8	12	5	3	0	146025	1024
8	12	5	3	1	-1968725	6144
8	12	5	4	1	825	128
8	12	6	0	0	42184175	82944
8	12	6	0	1	-2400475	10368
8	12	6	0	2	-1505075	13824
8	12	6	0	3	125125	1728
8	12	6	0	4	-13475	576
8	12	6	1	0	-6325	192
8	12	6	1	1	-1747625	768
8	12	6	1	2	11043175	13824
8	12	6	1	3	-1375	16
8	12	6	2	0	-188925	1024
8	12	6	2	1	28325	128
8	12	6	2	2	204325	1536
8	12	6	2	3	275	64
8	12	6	3	0	48675	2048
8	12	6	3	1	2475	512
8	12	6	3	2	-34375	1024
8	12	7	0	0	3644575	41472
8	12	7	0	1	14092375	41472
8	12	7	0	2	-5347925	20736
8	12	7	0	3	13475	144
8	12	7	0	4	-1925	96
8	12	7	1	0	4239125	13824
8	12	7	1	1	-4354075	9216
8	12	7	1	2	-204325	768
8	12	7	1	3	29975	256
8	12	7	2	0	-18425	512
8	12	7	2	1	22275	512
8	12	7	2	2	8525	256
8	12	7	2	3	-825	128
8	12	7	3	1	2475	2048
8	12	8	0	0	-20425625	331776
8	12	8	0	1	1859825	10368
8	12	8	0	2	-1925	41472
8	12	8	0	3	-21175	576
8	12	8	0	4	1925	128
8	12	8	1	0	4140125	110592
8	12	8	1	1	64075	1152
8	12	8	1	2	-209825	1536
8	12	8	1	3	275	128
8	12	8	2	0	-18425	4096
8	12	8	2	1	-825	128
8	12	8	2	2	8525	512
8	12	9	0	0	-875875	41472
8	12	9	0	1	24475	20736
8	12	9	0	2	72325	1152
8	12	9	0	3	-256025	10368
8	12	9	0	4	1925	864
8	12	9	1	0	-1375	4608
8	12	9	1	1	26675	2304
8	12	9	1	2	-1375	768
8	12	9	1	3	-4675	384
8	12	9	2	1	-275	256
8	12	9	2	3	275	384
8	12	10	0	0	-48125	82944
8	12	10	0	1	-1925	162
8	12	10	0	2	6325	512
8	12	10	0	3	21175	3456
8	12	10	0	4	-1925	576
8	12	10	1	0	-275	9216
8	12	10	1	1	275	288
8	12	10	1	2	-1375	3072
8	12	10	1	3	-275	768
8	12	11	0	0	1925	4608
8	12	11	0	1	-1925	1296
8	12	11	0	2	-1925	1152
8	12	11	0	3	21175	6912
8	12	11	1	1	275	2304
8	12	11	1	3	-275	1536
8	12	12	0	0	1925	55296
8	12	12	0	2	-1925	6912
8	12	12	0	4	1925	6912
8	13	0	0	4	-275	144
8	13	0	1	3	21175	1152
8	13	0	2	2	-19525	192
8	13	0	2	3	-275	192
8	13	0	3	1	712525	2048
8	13	0	3	2	4125	256
8	13	0	4	0	-2392335	4096
8	13	0	4	1	-9075	128
8	13	0	5	0	388575	4096
8	13	0	5	1	2475	1024
8	13	0	6	0	-22275	4096
8	13	1	0	3	-21175	864
8	13	1	0	4	275	24
8	13	1	1	2	19525	96
8	13	1	1	3	-62425	768
8	13	1	2	1	-712525	768
8	13	1	2	2	17875	64
8	13	1	2	3	825	128
8	13	1	3	0	3987225	2048
8	13	1	3	1	-1497375	4096
8	13	1	3	2	-12375	256
8	13	1	4	0	-129525	512
8	13	1	4	1	825	8
8	13	1	5	0	7425	1024
8	13	1	5	1	-7425	2048
8	13	2	0	2	-19525	144
8	13	2	0	3	21175	216
8	13	2	0	4	-825	32
8	13	2	1	1	712525	768
8	13	2	1	2	-95975	192
8	13	2	1	3	181775	1536
8	13	2	2	0	-1329075	512
8	13	2	2	1	211475	256
8	13	2	2	2	-42075	256
8	13	2	2	3	-2475	256
8	13	2	3	0	4850725	4096
8	13	2	3	1	-40425	256
8	13	2	3	2	37125	1024
8	13	2	4	0	-119625	1024
8	13	2	4	1	825	256
8	13	2	5	0	7425	2048
8	13	3	0	1	-712525	1728
8	13	3	0	2	275	1
8	13	3	0	3	-21175	192
8	13	3	0	4	6325	288
8	13	3	1	0	443025	256
8	13	3	1	1	-2152975	4608
8	13	3	1	2	17325	128
8	13	3	1	3	-86075	3072
8	13	3	2	0	-1329075	512
8	13	3	2	1	2306975	3072
8	13	3	2	2	-46475	384
8	13	3	2	3	1375	512
8	13	3	3	0	191125	1024
8	13	3	3	1	235675	4096
8	13	3	3	2	4125	256
8	13	3	4	0	2475	256
8	13	3	4	1	-33825	1024
8	13	3	5	1	2475	2048
8	13	4	0	0	-147675	256
8	13	4	0	1	3575	144
8	13	4	0	2	17875	288
8	13	4	0	3	-21175	576
8	13	4	0	4	1925	256
8	13	4	1	0	11529925	4608
8	13	4	1	1	-10705475	9216
8	13	4	1	2	328625	768
8	13	4	1	3	-20625	256
8	13	4	2	0	-1296075	2048
8	13	4	2	1	-172425	512
8	13	4	2	2	25025	256
8	13	4	2	3	825	128
8	13	4	3	0	67375	4096
8	13	4	3	1	164175	2048
8	13	4	3	2	-12375	512
8	13	4	4	0	2475	1024
8	13	4	4	1	-825	512
8	13	5	0	0	-3814525	3456
8	13	5	0	1	242275	384
8	13	5	0	2	-99275	288
8	13	5	0	3	614075	4608
8	13	5	0	4	-825	32
8	13	5	1	0	10208275	9216
8	13	5	1	1	2212375	18432
8	13	5	1	2	-34925	192
8	13	5	1	3	27775	512
8	13	5	2	0	4125	128
8	13	5	2	1	-257125	1024
8	13	5	2	2	825	32
8	13	5	2	3	-2475	512
8	13	5	3	0	-37125	2048
8	13	5	3	1	159225	4096
8	13	5	4	1	-825	1024
8	13	6	0	0	-10247875	13824
8	13	6	0	1	583825	3456
8	13	6	0	2	275	2304
8	13	6	0	3	-21175	768
8	13	6	0	4	1925	192
8	13	6	1	0	140525	2048
8	13	6	1	1	2158475	4608
8	13	6	1	2	-77825	512
8	13	6	1	3	11825	768
8	13	6	2	0	12375	512
8	13	6	2	1	-10175	192
8	13	6	2	2	-4675	768
8	13	6	2	3	-275	256
8	13	6	3	0	-12375	4096
8	13	6	3	1	-825	1024
8	13	6	3	2	4125	1024
8	13	7	0	0	-2299825	13824
8	13	7	0	1	-2423575	9216
8	13	7	0	2	201025	1152
8	13	7	0	3	-275275	4608
8	13	7	0	4	275	32
8	13	7	1	0	-248875	4608
8	13	7	1	1	2146925	18432
8	13	7	1	2	1925	48
8	13	7	1	3	-275	16
8	13	7	2	0	4125	512
8	13	7	2	1	-31625	3072
8	13	7	2	2	-825	128
8	13	7	2	3	825	512
8	13	7	3	1	-825	4096
8	13	8	0	0	2524775	110592
8	13	8	0	1	-676775	4608
8	13	8	0	2	28325	2304
8	13	8	0	3	21175	1152
8	13	8	0	4	-825	128
8	13	8	1	0	-347875	36864
8	13	8	1	1	-8525	4608
8	13	8	1	2	4675	192
8	13	8	1	3	-275	256
8	13	8	2	0	4125	4096
8	13	8	2	1	825	512
8	13	8	2	2	-825	256
8	13	9	0	0	182875	13824
8	13	9	0	1	-262075	27648
8	13	9	0	2	-21175	576
8	13	9	0	3	21175	1536
8	13	9	0	4	-275	288
8	13	9	1	0	-1375	1536
8	13	9	1	1	-13475	9216
8	13	9	1	2	275	128
8	13	9	1	3	6875	4608
8	13	9	2	1	275	1024
8	13	9	2	3	-275	1536
8	13	10	0	0	18425	27648
8	13	10	0	1	3575	576
8	13	10	0	2	-17875	2304
8	13	10	0	3	-21175	6912
8	13	10	0	4	275	192
8	13	10	1	0	-275	3072
8	13	10	1	1	-275	576
8	13	10	1	2	275	512
8	13	10	1	3	275	1536
8	13	11	0	0	-275	1536
8	13	11	0	1	3575	4608
8	13	11	0	2	275	384
8	13	11	0	3	-21175	13824
8	13	11	1	1	-275	4608
8	13	11	1	3	275	3072
8	13	12	0	0	-275	18432
8	13	12	0	2	275	2304
8	13	12	0	4	-275	2304
9	0	0	0	0	-2890485	2048
9	0	0	1	0	19404765	2048
9	0	0	2	0	-44810685	2048
9	0	0	3	0	35990415	2048
9	0	0	4	0	-9615735	2048
9	0	0	5	0	759975	2048
9	0	0	6	0	-12375	2048
9	1	0	0	0	10484235	1024
9	1	0	1	0	-73587285	1024
9	1	0	2	0	179927055	1024
9	1	0	3	0	-162039675	1024
9	1	0	4	0	49098225	1024
9	1	0	5	0	-4286775	1024
9	1	0	6	0	76725	1024
9	2	0	0	0	-34273665	1024
9	2	0	1	0	252608265	1024
9	2	0	2	0	-653670345	1024
9	2	0	3	0	659949075	1024
9	2	0	4	0	-229905915	1024
9	2	0	5	0	22207275	1024
9	2	0	6	0	-438075	1024
9	3	0	0	0	2058885	32
9	3	0	0	1	203715	128
9	3	0	1	0	-256085145	512
9	3	0	1	1	-1712925	256
9	3	0	2	0	177738865	128
9	3	0	2	1	469865	64
9	3	0	3	0	-801370835	512
9	3	0	3	1	-1664615	768
9	3	0	4	0	20444085	32
9	3	0	4	1	56225	384
9	3	0	5	0	-34970275	512
9	3	0	5	1	-275	256
9	3	0	6	0	190575	128
9	3	1	0	0	25245	8
9	3	1	0	1	-611145	256
9	3	1	1	0	-4277475	256
9	3	1	1	1	5138775	512
9	3	1	2	0	712985	32
9	3	1	2	1	-1409595	128
9	3	1	3	0	-1868205	256
9	3	1	3	1	1664615	512
9	3	1	4	0	14975	32
9	3	1	4	1	-56225	256
9	3	1	5	0	-825	256
9	3	1	5	1	825	512
9	3	2	0	0	25245	16
9	3	2	1	0	-4277475	512
9	3	2	2	0	712985	64
9	3	2	3	0	-1868205	512
9	3	2	4	0	14975	64
9	3	2	5	0	-825	512
9	3	3	0	1	203715	256
9	3	3	1	1	-1712925	512
9	3	3	2	1	469865	128
9	3	3	3	1	-1664615	1536
9	3	3	4	1	56225	768
9	3	3	5	1	-275	512
9	4	0	0	0	-167295795	2048
9	4	0	0	1	-62715	8
9	4	0	1	0	1340711355	2048
9	4	0	1	1	4755165	128
9	4	0	2	0	-4136287355	2048
9	4	0	2	1	-384265	8
9	4	0	3	0	5145792245	2048
9	4	0	3	1	19223635	1152
9	4	0	4	0	-2528136465	2048
9	4	0	4	1	-3875	3
9	4	0	5	0	298809625	2048
9	4	0	5	1	1375	128
9	4	0	6	0	-7214625	2048
9	4	1	0	0	-2329185	128
9	4	1	0	1	188145	16
9	4	1	1	0	11932755	128
9	4	1	1	1	-14265495	256
9	4	1	2	0	-27642245	192
9	4	1	2	1	1152795	16
9	4	1	3	0	7323185	128
9	4	1	3	1	-19223635	768
9	4	1	4	0	-1594075	384
9	4	1	4	1	3875	2
9	4	1	5	0	4125	128
9	4	1	5	1	-4125	256
9	4	2	0	0	-2669325	256
9	4	2	1	0	12451815	256
9	4	2	2	0	-27561925	384
9	4	2	3	0	64929455	2304
9	4	2	4	0	-1577575	768
9	4	2	5	0	4125	256
9	4	3	0	0	-85035	64
9	4	3	0	1	-62715	16
9	4	3	1	0	129765	64
9	4	3	1	1	4755165	256
9	4	3	2	0	1255	6
9	4	3	2	1	-384265	16
9	4	3	3	0	-489605	1152
9	4	3	3	1	19223635	2304
9	4	3	4	0	1375	64
9	4	3	4	1	-3875	6
9	4	3	5	1	1375	256
9	4	4	0	0	-85035	256
9	4	4	1	0	129765	256
9	4	4	2	0	1255	24
9	4	4	3	0	-489605	4608
9	4	4	4	0	1375	256
9	5	0	0	0	74949255	1024
9	5	0	0	1	1146295	64
9	5	0	1	0	-579727915	1024
9	5	0	1	1	-69223975	768
9	5	0	2	0	2129776915	1024
9	5	0	2	1	79120505	576
9	5	0	3	0	-2853826505	1024
9	5	0	3	1	-43929875	768
9	5	0	4	0	1755352365	1024
9	5	0	4	1	20375	4
9	5	0	5	0	-228609225	1024
9	5	0	5	1	-12375	256
9	5	0	6	0	6125625	1024
9	5	1	0	0	5939625	128
9	5	1	0	1	-3387255	128
9	5	1	1	0	-58919435	256
9	5	1	1	1	69295255	512
9	5	1	2	0	77297435	192
9	5	1	2	1	-237569435	1152
9	5	1	3	0	-51429215	256
9	5	1	3	1	395069675	4608
9	5	1	4	0	6326575	384
9	5	1	4	1	-1466725	192
9	5	1	5	0	-37125	256
9	5	1	5	1	37125	512
9	5	2	0	0	7627925	256
9	5	2	0	1	-25815	64
9	5	2	1	0	-191942545	1536
9	5	2	1	1	-4455	32
9	5	2	2	0	230035025	1152
9	5	2	2	1	12995	72
9	5	2	3	0	-449569015	4608
9	5	2	3	1	4675	72
9	5	2	4	0	6191275	768
9	5	2	4	1	-275	192
9	5	2	5	0	-37125	512
9	5	3	0	0	422075	64
9	5	3	0	1	2215145	256
9	5	3	1	0	-949015	96
9	5	3	1	1	-69384355	1536
9	5	3	2	0	-14510	9
9	5	3	2	1	79276445	1152
9	5	3	3	0	415435	144
9	5	3	3	1	-43855075	1536
9	5	3	4	0	-11275	64
9	5	3	4	1	651725	256
9	5	3	5	1	-12375	512
9	5	4	0	0	422075	256
9	5	4	0	1	25815	128
9	5	4	1	0	-949015	384
9	5	4	1	1	4455	64
9	5	4	2	0	-7255	18
9	5	4	2	1	-12995	144
9	5	4	3	0	415435	576
9	5	4	3	1	-4675	144
9	5	4	4	0	-11275	256
9	5	4	4	1	275	384
9	5	5	0	1	25815	256
9	5	5	1	1	4455	128
9	5	5	2	1	-12995	288
9	5	5	3	1	-4675	288
9	5	5	4	1	275	768
9	6	0	0	0	-24335625	512
9	6	0	0	1	-4532615	192
9	6	0	0	2	-57185	96
9	6	0	1	0	161477025	512
9	6	0	1	1	8015425	64
9	6	0	1	2	213485	192
9	6	0	2	0	-802153005	512
9	6	0	2	1	-387946025	1728
9	6	0	2	2	-368245	864
9	6	0	3	0	1105897075	512
9	6	0	3	1	66283325	576
9	6	0	3	2	6875	384
9	6	0	4	0	-904095285	512
9	6	0	4	1	-189125	16
9	6	0	5	0	128916525	512
9	6	0	5	1	4125	32
9	6	0	6	0	-3838725	512
9	6	1	0	0	-24439505	384
9	6	1	0	1	3977875	128
9	6	1	0	2	57185	32
9	6	1	1	0	21331795	64
9	6	1	1	1	-69850765	384
9	6	1	1	2	-213485	64
9	6	1	2	0	-242834375	384
9	6	1	2	1	1157980855	3456
9	6	1	2	2	368245	288
9	6	1	3	0	106807625	256
9	6	1	3	1	-198211975	1152
9	6	1	3	2	-6875	128
9	6	1	4	0	-3697475	96
9	6	1	4	1	1701025	96
9	6	1	5	0	12375	32
9	6	1	5	1	-12375	64
9	6	2	0	0	-36966965	768
9	6	2	0	1	138685	32
9	6	2	0	2	-171555	128
9	6	2	1	0	75354455	384
9	6	2	1	1	-572015	96
9	6	2	1	2	640455	256
9	6	2	2	0	-728142745	2304
9	6	2	2	1	1464305	864
9	6	2	2	2	-368245	384
9	6	2	3	0	922870625	4608
9	6	2	3	1	-39875	72
9	6	2	3	2	20625	512
9	6	2	4	0	-3575375	192
9	6	2	4	1	275	24
9	6	2	5	0	12375	64
9	6	3	0	0	-3073655	192
9	6	3	0	1	-1642225	192
9	6	3	0	2	-57185	96
9	6	3	1	0	5550055	192
9	6	3	1	1	3721705	64
9	6	3	1	2	213485	192
9	6	3	2	0	516115	1728
9	6	3	2	1	-191776555	1728
9	6	3	2	2	-368245	864
9	6	3	3	0	-4812125	576
9	6	3	3	1	65804825	1152
9	6	3	3	2	6875	384
9	6	3	4	0	10175	16
9	6	3	4	1	-94425	16
9	6	3	5	1	4125	64
9	6	4	0	0	-927535	256
9	6	4	0	1	-138685	64
9	6	4	0	2	57185	64
9	6	4	1	0	4902655	768
9	6	4	1	1	572015	192
9	6	4	1	2	-213485	128
9	6	4	2	0	581755	2304
9	6	4	2	1	-1464305	1728
9	6	4	2	2	368245	576
9	6	4	3	0	-304625	144
9	6	4	3	1	39875	144
9	6	4	3	2	-6875	256
9	6	4	4	0	10175	64
9	6	4	4	1	-275	48
9	6	5	0	0	29105	128
9	6	5	0	1	-138685	128
9	6	5	1	0	-16185	32
9	6	5	1	1	572015	384
9	6	5	2	0	122915	1152
9	6	5	2	1	-1464305	3456
9	6	5	3	0	-4125	256
9	6	5	3	1	39875	288
9	6	5	4	1	-275	96
9	6	6	0	0	29105	768
9	6	6	0	2	-57185	384
9	6	6	1	0	-5395	64
9	6	6	1	2	213485	768
9	6	6	2	0	122915	6912
9	6	6	2	2	-368245	3456
9	6	6	3	0	-1375	512
9	6	6	3	2	6875	1536
9	7	0	0	0	5589635	256
9	7	0	0	1	1180165	64
9	7	0	0	2	58075	32
9	7	0	1	0	-52144125	512
9	7	0	1	1	-84362315	768
9	7	0	1	2	-1314655	288
9	7	0	2	0	224378235	256
9	7	0	2	1	396754675	1728
9	7	0	2	2	1926955	864
9	7	0	3	0	-1174182125	1024
9	7	0	3	1	-231597725	1536
9	7	0	3	2	-1375	12
9	7	0	4	0	175627695	128
9	7	0	4	1	1143625	64
9	7	0	5	0	-54275325	256
9	7	0	5	1	-28875	128
9	7	0	6	0	898425	128
9	7	1	0	0	6035885	128
9	7	1	0	1	-19746095	1152
9	7	1	0	2	-174225	32
9	7	1	1	0	-81038475	256
9	7	1	1	1	640395515	4608
9	7	1	1	2	1314655	96
9	7	1	2	0	231128275	384
9	7	1	2	1	-127666505	384
9	7	1	2	2	-1926955	288
9	7	1	3	0	-291713275	512
9	7	1	3	1	688560575	3072
9	7	1	3	2	1375	4
9	7	1	4	0	5637625	96
9	7	1	4	1	-10277225	384
9	7	1	5	0	-86625	128
9	7	1	5	1	86625	256
9	7	2	0	0	105220705	2304
9	7	2	0	1	-1477255	144
9	7	2	0	2	522675	128
9	7	2	1	0	-1003770455	4608
9	7	2	1	1	2469055	96
9	7	2	1	2	-1314655	128
9	7	2	2	0	245299735	768
9	7	2	2	1	-1300415	108
9	7	2	2	2	1926955	384
9	7	2	3	0	-2504508575	9216
9	7	2	3	1	389675	192
9	7	2	3	2	-4125	16
9	7	2	4	0	5383525	192
9	7	2	4	1	-1925	48
9	7	2	5	0	-86625	256
9	7	3	0	0	1402665	64
9	7	3	0	1	1382555	1152
9	7	3	0	2	58075	32
9	7	3	1	0	-65820715	1152
9	7	3	1	1	-163762615	4608
9	7	3	1	2	-1314655	288
9	7	3	2	0	30028115	1728
9	7	3	2	1	13554795	128
9	7	3	2	2	1926955	864
9	7	3	3	0	30549475	2304
9	7	3	3	1	-226924375	3072
9	7	3	3	2	-1375	12
9	7	3	4	0	-21175	16
9	7	3	4	1	1139775	128
9	7	3	5	1	-28875	256
9	7	4	0	0	12121735	2304
9	7	4	0	1	1420945	288
9	7	4	0	2	-174225	64
9	7	4	1	0	-51894065	4608
9	7	4	1	1	-9832385	768
9	7	4	1	2	1314655	192
9	7	4	2	0	6913255	2304
9	7	4	2	1	10533745	1728
9	7	4	2	2	-1926955	576
9	7	4	3	0	32158225	9216
9	7	4	3	1	-1559525	1536
9	7	4	3	2	1375	8
9	7	4	4	0	-21175	64
9	7	4	4	1	1925	96
9	7	5	0	0	-50225	384
9	7	5	0	1	1533565	576
9	7	5	1	0	1392665	768
9	7	5	1	1	-3306685	512
9	7	5	2	0	-928835	1152
9	7	5	2	1	10272895	3456
9	7	5	3	0	53625	512
9	7	5	3	1	-1557875	3072
9	7	5	4	1	1925	192
9	7	6	0	0	-50225	2304
9	7	6	0	1	9385	72
9	7	6	0	2	58075	128
9	7	6	1	0	1392665	4608
9	7	6	1	1	-43835	1152
9	7	6	1	2	-1314655	1152
9	7	6	2	0	-928835	6912
9	7	6	2	1	-43475	864
9	7	6	2	2	1926955	3456
9	7	6	3	0	17875	1024
9	7	6	3	1	275	768
9	7	6	3	2	-1375	48
9	7	7	0	1	9385	288
9	7	7	1	1	-43835	4608
9	7	7	2	1	-43475	3456
9	7	7	3	1	275	3072
9	8	0	0	0	-1640725	256
9	8	0	0	1	-127105	16
9	8	0	0	2	-1378525	576
9	8	0	1	0	12218815	1024
9	8	0	1	1	218616745	3456
9	8	0	1	2	6574825	864
9	8	0	2	0	-370568875	1024
9	8	0	2	1	-130068065	864
9	8	0	2	2	-314095	64
9	8	0	3	0	793614365	2048
9	8	0	3	1	103630715	768
9	8	0	3	2	39875	128
9	8	0	4	0	-1655799945	2048
9	8	0	4	1	-294175	16
9	8	0	5	0	273126825	2048
9	8	0	5	1	17325	64
9	8	0	6	0	-10046025	2048
9	8	1	0	0	-12010205	768
9	8	1	0	1	-639325	864
9	8	1	0	2	12365555	1728
9	8	1	1	0	159030055	768
9	8	1	1	1	-1072990825	20736
9	8	1	1	2	-14826445	648
9	8	1	2	0	-263453815	768
9	8	1	2	1	37782215	192
9	8	1	2	2	2824105	192
9	8	1	3	0	34390195	64
9	8	1	3	1	-913419835	4608
9	8	1	3	2	-119625	128
9	8	1	4	0	-11717125	192
9	8	1	4	1	2639875	96
9	8	1	5	0	51975	64
9	8	1	5	1	-51975	128
9	8	2	0	0	-126446525	4608
9	8	2	0	1	5079845	432
9	8	2	0	2	-36808475	6912
9	8	2	1	0	89543695	512
9	8	2	1	1	-3495365	81
9	8	2	1	2	178843825	10368
9	8	2	2	0	-1043700335	4608
9	8	2	2	1	12711665	432
9	8	2	2	2	-8453065	768
9	8	2	3	0	147996715	576
9	8	2	3	1	-1204775	288
9	8	2	3	2	358875	512
9	8	2	4	0	-11047225	384
9	8	2	4	1	1925	24
9	8	2	5	0	51975	128
9	8	3	0	0	-47893135	2304
9	8	3	0	1	3437905	576
9	8	3	0	2	-2777635	1152
9	8	3	1	0	156494125	2304
9	8	3	1	1	-4980965	6912
9	8	3	1	2	8722315	1152
9	8	3	2	0	-119369705	2304
9	8	3	2	1	-15464345	288
9	8	3	2	2	-629565	128
9	8	3	3	0	-13963825	1152
9	8	3	3	1	32939955	512
9	8	3	3	2	39875	128
9	8	3	4	0	55825	32
9	8	3	4	1	-146125	16
9	8	3	5	1	17325	128
9	8	4	0	0	-61275875	9216
9	8	4	0	1	-2249245	432
9	8	4	0	2	24463505	6912
9	8	4	1	0	351205355	27648
9	8	4	1	1	223798445	10368
9	8	4	1	2	-238943735	20736
9	8	4	2	0	-82838005	9216
9	8	4	2	1	-12967565	864
9	8	4	2	2	5630335	768
9	8	4	3	0	-16191325	4608
9	8	4	3	1	4826525	2304
9	8	4	3	2	-119625	256
9	8	4	4	0	55825	128
9	8	4	4	1	-1925	48
9	8	5	0	0	-1992305	2304
9	8	5	0	1	-353825	108
9	8	5	0	2	20585	864
9	8	5	1	0	-17624555	6912
9	8	5	1	1	223608275	20736
9	8	5	1	2	132355	2592
9	8	5	2	0	610145	256
9	8	5	2	1	-12455765	1728
9	8	5	2	2	1375	96
9	8	5	3	0	-37125	128
9	8	5	3	1	4811675	4608
9	8	5	4	1	-1925	96
9	8	6	0	0	-212975	1536
9	8	6	0	1	-64595	144
9	8	6	0	2	-148595	256
9	8	6	1	0	-210365	512
9	8	6	1	1	-10565	1728
9	8	6	1	2	1676795	864
9	8	6	2	0	1849685	4608
9	8	6	2	1	21325	108
9	8	6	2	2	-311345	256
9	8	6	3	0	-12375	256
9	8	6	3	1	-275	128
9	8	6	3	2	39875	512
9	8	7	0	0	5395	2304
9	8	7	0	1	-64595	576
9	8	7	0	2	-20585	3456
9	8	7	1	0	41785	6912
9	8	7	1	1	-10565	6912
9	8	7	1	2	-132355	10368
9	8	7	2	0	1375	768
9	8	7	2	1	21325	432
9	8	7	2	2	-1375	384
9	8	7	3	1	-275	512
9	8	8	0	0	5395	18432
9	8	8	0	2	-20585	6912
9	8	8	1	0	41785	55296
9	8	8	1	2	-132355	20736
9	8	8	2	0	1375	6144
9	8	8	2	2	-1375	768
9	9	0	0	0	14345	16
9	9	0	0	1	2578075	1728
9	9	0	0	2	1099975	648
9	9	0	0	3	89005	1296
9	9	0	1	0	169005	64
9	9	0	1	1	-165658435	6912
9	9	0	1	2	-8465065	1296
9	9	0	1	3	-14075	324
9	9	0	2	0	54127805	512
9	9	0	2	1	106680865	1728
9	9	0	2	2	283085	48
9	9	0	2	3	275	432
9	9	0	3	0	-16383415	256
9	9	0	3	1	-387104465	4608
9	9	0	3	2	-89375	192
9	9	0	4	0	367482795	1024
9	9	0	4	1	417375	32
9	9	0	5	0	-63437625	1024
9	9	0	5	1	-28875	128
9	9	0	6	0	2586375	1024
9	9	1	0	0	-13215	64
9	9	1	0	1	2709685	384
9	9	1	0	2	-719105	162
9	9	1	0	3	-89005	288
9	9	1	1	0	-71239025	768
9	9	1	1	1	5038115	41472
9	9	1	1	2	6272575	324
9	9	1	1	3	14075	72
9	9	1	2	0	19367245	192
9	9	1	2	1	-63660755	1152
9	9	1	2	2	-281985	16
9	9	1	2	3	-275	96
9	9	1	3	0	-182591465	512
9	9	1	3	1	1112462395	9216
9	9	1	3	2	89375	64
9	9	1	4	0	8408225	192
9	9	1	4	1	-3737125	192
9	9	1	5	0	-86625	128
9	9	1	5	1	86625	256
9	9	2	0	0	4209185	288
9	9	2	0	1	-32476505	5184
9	9	2	0	2	5664725	2592
9	9	2	0	3	89005	192
9	9	2	1	0	-140220385	1536
9	9	2	1	1	316025	9
9	9	2	1	2	-73136635	5184
9	9	2	1	3	-14075	48
9	9	2	2	0	9256565	72
9	9	2	2	1	-65442665	1728
9	9	2	2	2	838255	64
9	9	2	2	3	275	64
9	9	2	3	0	-1596020645	9216
9	9	2	3	1	3059375	576
9	9	2	3	2	-268125	256
9	9	2	4	0	7830725	384
9	9	2	4	1	-9625	96
9	9	2	5	0	-86625	256
9	9	3	0	0	65160745	3456
9	9	3	0	1	-162573365	20736
9	9	3	0	2	5670415	2592
9	9	3	0	3	-445025	3456
9	9	3	1	0	-2813565	64
9	9	3	1	1	634221245	41472
9	9	3	1	2	-34774945	5184
9	9	3	1	3	70375	864
9	9	3	2	0	253531675	3456
9	9	3	2	1	2398115	768
9	9	3	2	2	35695	6
9	9	3	2	3	-1375	1152
9	9	3	3	0	13186885	2304
9	9	3	3	1	-350515715	9216
9	9	3	3	2	-89375	192
9	9	3	4	0	-48125	32
9	9	3	4	1	825125	128
9	9	3	5	1	-28875	256
9	9	4	0	0	4912075	512
9	9	4	0	1	8918135	10368
9	9	4	0	2	-6000115	5184
9	9	4	0	3	-89005	288
9	9	4	1	0	-8371165	864
9	9	4	1	1	-117648025	6912
9	9	4	1	2	96397565	10368
9	9	4	1	3	14075	72
9	9	4	2	0	56947825	4608
9	9	4	2	1	66811415	3456
9	9	4	2	2	-139205	16
9	9	4	2	3	-275	96
9	9	4	3	0	19993135	9216
9	9	4	3	1	-12274625	4608
9	9	4	3	2	89375	128
9	9	4	4	0	-48125	128
9	9	4	4	1	9625	192
9	9	5	0	0	1453105	576
9	9	5	0	1	59161475	20736
9	9	5	0	2	-423505	648
9	9	5	0	3	89005	384
9	9	5	1	0	6529445	6912
9	9	5	1	1	-126038375	13824
9	9	5	1	2	304895	1296
9	9	5	1	3	-14075	96
9	9	5	2	0	-1042265	288
9	9	5	2	1	64093715	6912
9	9	5	2	2	-275	4
9	9	5	2	3	275	128
9	9	5	3	0	226875	512
9	9	5	3	1	-12200375	9216
9	9	5	4	1	9625	384
9	9	6	0	0	142735	1728
9	9	6	0	1	2028335	1296
9	9	6	0	2	-42635	648
9	9	6	0	3	89005	1728
9	9	6	1	0	1353985	4608
9	9	6	1	1	-3950375	10368
9	9	6	1	2	-1887595	1296
9	9	6	1	3	-14075	432
9	9	6	2	0	-2171155	3456
9	9	6	2	1	-56825	216
9	9	6	2	2	273185	192
9	9	6	2	3	275	576
9	9	6	3	0	75625	1024
9	9	6	3	1	1375	256
9	9	6	3	2	-89375	768
9	9	7	0	0	-166805	1152
9	9	7	0	1	6680315	20736
9	9	7	0	2	423505	2592
9	9	7	0	3	-89005	1152
9	9	7	1	0	202015	3456
9	9	7	1	1	-2603975	41472
9	9	7	1	2	-304895	5184
9	9	7	1	3	14075	288
9	9	7	2	0	-1375	128
9	9	7	2	1	-463675	6912
9	9	7	2	2	275	16
9	9	7	2	3	-275	384
9	9	7	3	1	1375	1024
9	9	8	0	0	-166805	9216
9	9	8	0	1	-4825	128
9	9	8	0	2	423505	5184
9	9	8	1	0	202015	27648
9	9	8	1	1	425	24
9	9	8	1	2	-304895	10368
9	9	8	2	0	-1375	1024
9	9	8	2	1	-275	384
9	9	8	2	2	275	32
9	9	9	0	1	-4825	768
9	9	9	0	3	89005	10368
9	9	9	1	1	425	144
9	9	9	1	3	-14075	2592
9	9	9	2	1	-275	2304
9	9	9	2	3	275	3456
9	10	0	0	1	-43945	1728
9	10	0	0	2	-10071365	15552
9	10	0	0	3	-223115	1944
9	10	0	1	0	-384765	512
9	10	0	1	1	1217635	216
9	10	0	1	2	3436315	1152
9	10	0	1	3	157975	1296
9	10	0	2	0	-10024045	512
9	10	0	2	1	-24848065	1728
9	10	0	2	2	-302485	72
9	10	0	2	3	-275	108
9	10	0	3	0	-4577765	1024
9	10	0	3	1	13910575	384
9	10	0	3	2	158125	384
9	10	0	4	0	-120063435	1024
9	10	0	4	1	-100875	16
9	10	0	5	0	21177675	1024
9	10	0	5	1	4125	32
9	10	0	6	0	-952875	1024
9	10	1	0	0	128255	128
9	10	1	0	1	-14356145	3456
9	10	1	0	2	14569255	15552
9	10	1	0	3	223115	432
9	10	1	1	0	19975405	768
9	10	1	1	1	16283105	2592
9	10	1	1	2	-82908325	10368
9	10	1	1	3	-157975	288
9	10	1	2	0	-95435	32
9	10	1	2	1	-23788265	3456
9	10	1	2	2	598645	48
9	10	1	2	3	275	24
9	10	1	3	0	42366565	256
9	10	1	3	1	-38473525	768
9	10	1	3	2	-158125	128
9	10	1	4	0	-2059175	96
9	10	1	4	1	900175	96
9	10	1	5	0	12375	32
9	10	1	5	1	-12375	64
9	10	2	0	0	-18603055	2304
9	10	2	0	1	220645	288
9	10	2	0	2	65373395	62208
9	10	2	0	3	-223115	288
9	10	2	1	0	105369035	4608
9	10	2	1	1	-10179515	864
9	10	2	1	2	179421715	41472
9	10	2	1	3	157975	192
9	10	2	2	0	-8451915	128
9	10	2	2	1	24735115	864
9	10	2	2	2	-437915	48
9	10	2	2	3	-275	16
9	10	2	3	0	382295765	4608
9	10	2	3	1	-204325	48
9	10	2	3	2	474375	512
9	10	2	4	0	-1897475	192
9	10	2	4	1	1925	24
9	10	2	5	0	12375	64
9	10	3	0	0	-14341715	1152
9	10	3	0	1	3221455	648
9	10	3	0	2	-21588635	15552
9	10	3	0	3	1115575	5184
9	10	3	1	0	15989465	1152
9	10	3	1	1	-102367945	10368
9	10	3	1	2	6404995	1728
9	10	3	1	3	-789875	3456
9	10	3	2	0	-209532655	3456
9	10	3	2	1	759745	54
9	10	3	2	2	-2476805	576
9	10	3	2	3	1375	288
9	10	3	3	0	-92395	288
9	10	3	3	1	11472425	768
9	10	3	3	2	158125	384
9	10	3	4	0	13475	16
9	10	3	4	1	-49475	16
9	10	3	5	1	4125	64
9	10	4	0	0	-105054785	13824
9	10	4	0	1	419795	192
9	10	4	0	2	-36168295	31104
9	10	4	0	3	223115	432
9	10	4	1	0	332564705	41472
9	10	4	1	1	793565	216
9	10	4	1	2	-1586695	648
9	10	4	1	3	-157975	288
9	10	4	2	0	-47087285	4608
9	10	4	2	1	-24963115	1728
9	10	4	2	2	770785	128
9	10	4	2	3	275	24
9	10	4	3	0	-1731665	2304
9	10	4	3	1	821425	384
9	10	4	3	2	-158125	256
9	10	4	4	0	13475	64
9	10	4	4	1	-1925	48
9	10	5	0	0	-17027105	7776
9	10	5	0	1	-5760425	3456
9	10	5	0	2	7687195	7776
9	10	5	0	3	-223115	576
9	10	5	1	0	10729895	5184
9	10	5	1	1	2473885	576
9	10	5	1	2	-4997965	5184
9	10	5	1	3	157975	384
9	10	5	2	0	1747195	576
9	10	5	2	1	-24546715	3456
9	10	5	2	2	6325	48
9	10	5	2	3	-275	32
9	10	5	3	0	-103125	256
9	10	5	3	1	813175	768
9	10	5	4	1	-1925	96
9	10	6	0	0	1894405	31104
9	10	6	0	1	-2302345	1296
9	10	6	0	2	18418055	31104
9	10	6	0	3	-223115	2592
9	10	6	1	0	-115175	576
9	10	6	1	1	4039195	2592
9	10	6	1	2	845	27
9	10	6	1	3	157975	1728
9	10	6	2	0	243665	432
9	10	6	2	1	18175	216
9	10	6	2	2	-548045	576
9	10	6	2	3	-275	144
9	10	6	3	0	-34375	512
9	10	6	3	1	-1375	192
9	10	6	3	2	158125	1536
9	10	7	0	0	5896255	31104
9	10	7	0	1	-616565	1728
9	10	7	0	2	-3775985	15552
9	10	7	0	3	223115	1728
9	10	7	1	0	-2371835	10368
9	10	7	1	1	2894095	10368
9	10	7	1	2	19765	81
9	10	7	1	3	-157975	1152
9	10	7	2	0	9625	384
9	10	7	2	1	45425	1728
9	10	7	2	2	-6325	192
9	10	7	2	3	275	96
9	10	7	3	1	-1375	768
9	10	8	0	0	6993655	248832
9	10	8	0	1	20575	432
9	10	8	0	2	-3884165	31104
9	10	8	1	0	-2124335	82944
9	10	8	1	1	-8675	144
9	10	8	1	2	620105	5184
9	10	8	2	0	9625	3072
9	10	8	2	1	275	96
9	10	8	2	2	-6325	384
9	10	9	0	0	45725	31104
9	10	9	0	1	20575	2592
9	10	9	0	2	-3005	1728
9	10	9	0	3	-223115	15552
9	10	9	1	0	6875	6912
9	10	9	1	1	-8675	864
9	10	9	1	2	-1375	1152
9	10	9	1	3	157975	10368
9	10	9	2	1	275	576
9	10	9	2	3	-275	864
9	10	10	0	0	9145	62208
9	10	10	0	2	-3005	6912
9	10	10	1	0	1375	13824
9	10	10	1	2	-1375	4608
9	11	0	0	2	100475	972
9	11	0	0	3	10675	162
9	11	0	1	1	-61925	96
9	11	0	1	2	-1135825	1728
9	11	0	1	3	-315275	2592
9	11	0	2	0	439725	256
9	11	0	2	1	1201475	864
9	11	0	2	2	515975	288
9	11	0	2	3	275	72
9	11	0	3	0	3968275	1024
9	11	0	3	1	-5359575	512
9	11	0	3	2	-6875	32
9	11	0	4	0	3429465	128
9	11	0	4	1	254875	128
9	11	0	5	0	-2409075	512
9	11	0	5	1	-12375	256
9	11	0	6	0	7425	32
9	11	1	0	1	61925	72
9	11	1	0	2	402575	1944
9	11	1	0	3	-290825	972
9	11	1	1	0	-439725	128
9	11	1	1	1	-6905575	5184
9	11	1	1	2	511025	576
9	11	1	1	3	944725	1728
9	11	1	2	0	-2531075	384
9	11	1	2	1	2122025	192
9	11	1	2	2	-503875	96
9	11	1	2	3	-275	16
9	11	1	3	0	-26451475	512
9	11	1	3	1	125425525	9216
9	11	1	3	2	20625	32
9	11	1	4	0	165025	24
9	11	1	4	1	-2263075	768
9	11	1	5	0	-37125	256
9	11	1	5	1	37125	512
9	11	2	0	0	146575	64
9	11	2	0	1	342175	972
9	11	2	0	2	-1044175	972
9	11	2	0	3	885475	1944
9	11	2	1	0	289525	256
9	11	2	1	1	-7521175	5184
9	11	2	1	2	2853725	2304
9	11	2	1	3	-2828675	3456
9	11	2	2	0	22177625	768
9	11	2	2	1	-11177575	864
9	11	2	2	2	1426925	384
9	11	2	2	3	825	32
9	11	2	3	0	-250793375	9216
9	11	2	3	1	1211375	576
9	11	2	3	2	-61875	128
9	11	2	4	0	18875	6
9	11	2	4	1	-1925	48
9	11	2	5	0	-37125	512
9	11	3	0	0	4644175	1728
9	11	3	0	1	-3528925	2592
9	11	3	0	2	4035475	7776
9	11	3	0	3	-19525	144
9	11	3	1	0	-3588025	1152
9	11	3	1	1	11952925	3456
9	11	3	1	2	-2561425	1728
9	11	3	1	3	1556575	6912
9	11	3	2	0	5856725	192
9	11	3	2	1	-10679375	1152
9	11	3	2	2	16975	9
9	11	3	2	3	-1375	192
9	11	3	3	0	-2514275	2304
9	11	3	3	1	-11274475	3072
9	11	3	3	2	-6875	32
9	11	3	4	0	-4675	16
9	11	3	4	1	247175	256
9	11	3	5	1	-12375	512
9	11	4	0	0	6849025	6912
9	11	4	0	1	-2803325	2592
9	11	4	0	2	14788525	15552
9	11	4	0	3	-97375	324
9	11	4	1	0	-316980875	41472
9	11	4	1	1	73387975	20736
9	11	4	1	2	-507625	384
9	11	4	1	3	314725	576
9	11	4	2	0	4210475	768
9	11	4	2	1	5458475	864
9	11	4	2	2	-77425	32
9	11	4	2	3	-275	16
9	11	4	3	0	826975	9216
9	11	4	3	1	-4882625	4608
9	11	4	3	2	20625	64
9	11	4	4	0	-4675	64
9	11	4	4	1	1925	96
9	11	5	0	0	-1690225	31104
9	11	5	0	1	2767525	5184
9	11	5	0	2	-2145475	3888
9	11	5	0	3	307075	1296
9	11	5	1	0	-68400275	20736
9	11	5	1	1	-54534875	41472
9	11	5	1	2	316525	288
9	11	5	1	3	-468925	1152
9	11	5	2	0	-524675	384
9	11	5	2	1	89825	27
9	11	5	2	2	-3025	24
9	11	5	2	3	825	64
9	11	5	3	0	111375	512
9	11	5	3	1	-4808375	9216
9	11	5	4	1	1925	192
9	11	6	0	0	-13015475	62208
9	11	6	0	1	637525	972
9	11	6	0	2	-11288225	31104
9	11	6	0	3	10025	216
9	11	6	1	0	580775	4608
9	11	6	1	1	-20394775	10368
9	11	6	1	2	2244925	3456
9	11	6	1	3	-158875	1728
9	11	6	2	0	-226225	768
9	11	6	2	1	91825	864
9	11	6	2	2	407075	1152
9	11	6	2	3	275	96
9	11	6	3	0	37125	1024
9	11	6	3	1	1375	256
9	11	6	3	2	-6875	128
9	11	7	0	0	-631225	7776
9	11	7	0	1	20650	243
9	11	7	0	2	570025	3888
9	11	7	0	3	-104525	1296
9	11	7	1	0	730925	2592
9	11	7	1	1	-15261625	41472
9	11	7	1	2	-160325	576
9	11	7	1	3	25975	192
9	11	7	2	0	-1375	48
9	11	7	2	1	8075	432
9	11	7	2	2	3025	96
9	11	7	2	3	-275	64
9	11	7	3	1	1375	1024
9	11	8	0	0	-451975	62208
9	11	8	0	1	-1252675	31104
9	11	8	0	2	516175	7776
9	11	8	0	3	325	162
9	11	8	1	0	631925	20736
9	11	8	1	1	706925	10368
9	11	8	1	2	-157025	1152
9	11	8	1	3	275	576
9	11	8	2	0	-1375	384
9	11	8	2	1	-275	64
9	11	8	2	2	3025	192
9	11	9	0	0	29875	31104
9	11	9	0	1	-283675	62208
9	11	9	0	2	-8975	2592
9	11	9	0	3	12625	1296
9	11	9	1	0	-1375	864
9	11	9	1	1	246275	20736
9	11	9	1	2	275	192
9	11	9	1	3	-153925	10368
9	11	9	2	1	-275	384
9	11	9	2	3	275	576
9	11	10	0	0	5975	62208
9	11	10	0	1	6925	7776
9	11	10	0	2	-8975	10368
9	11	10	0	3	-325	972
9	11	10	1	0	-275	1728
9	11	10	1	1	275	1296
9	11	10	1	2	275	768
9	11	10	1	3	-275	3456
9	11	11	0	1	6925	62208
9	11	11	0	3	-325	1944
9	11	11	1	1	275	10368
9	11	11	1	3	-275	6912
9	12	0	0	3	-42625	3888
9	12	0	0	4	-1375	648
9	12	0	1	2	510125	10368
9	12	0	1	3	33275	648
9	12	0	2	1	11275	432
9	12	0	2	2	-742225	1728
9	12	0	2	3	-275	108
9	12	0	3	0	-1017225	2048
9	12	0	3	1	4270475	2304
9	12	0	3	2	23375	384
9	12	0	4	0	-7862415	2048
9	12	0	4	1	-17875	48
9	12	0	5	0	1341175	2048
9	12	0	5	1	1375	128
9	12	0	6	0	-71775	2048
9	12	1	0	2	-510125	7776
9	12	1	0	3	67375	2592
9	12	1	0	4	1375	108
9	12	1	1	1	-11275	216
9	12	1	1	2	138875	384
9	12	1	1	3	-99275	432
9	12	1	2	0	339075	256
9	12	1	2	1	-3037375	864
9	12	1	2	2	707575	576
9	12	1	2	3	275	24
9	12	1	3	0	628925	64
9	12	1	3	1	-10134025	4608
9	12	1	3	2	-23375	128
9	12	1	4	0	-501875	384
9	12	1	4	1	52525	96
9	12	1	5	0	4125	128
9	12	1	5	1	-4125	256
9	12	2	0	1	11275	324
9	12	2	0	2	897325	15552
9	12	2	0	3	100375	5184
9	12	2	0	4	-1375	48
9	12	2	1	0	-339075	256
9	12	2	1	1	1781725	864
9	12	2	1	2	-16030025	13824
9	12	2	1	3	295075	864
9	12	2	2	0	-4341975	512
9	12	2	2	1	1420375	432
9	12	2	2	2	-626725	768
9	12	2	2	3	-275	16
9	12	2	3	0	6367625	1152
9	12	2	3	1	-168575	288
9	12	2	3	2	70125	512
9	12	2	4	0	-458975	768
9	12	2	4	1	275	24
9	12	2	5	0	4125	256
9	12	3	0	0	37675	64
9	12	3	0	1	-503525	1944
9	12	3	0	2	579425	3456
9	12	3	0	3	-875875	10368
9	12	3	0	4	31625	1296
9	12	3	1	0	4909025	2304
9	12	3	1	1	-5365525	5184
9	12	3	1	2	4410725	10368
9	12	3	1	3	-156475	1728
9	12	3	2	0	-6798275	768
9	12	3	2	1	4703875	1728
9	12	3	2	2	-1640375	3456
9	12	3	2	3	1375	288
9	12	3	3	0	152075	288
9	12	3	3	1	2272325	4608
9	12	3	3	2	23375	384
9	12	3	4	0	3575	64
9	12	3	4	1	-8525	48
9	12	3	5	1	1375	256
9	12	4	0	0	1056275	1728
9	12	4	0	1	-81125	3888
9	12	4	0	2	-5761525	62208
9	12	4	0	3	1375	96
9	12	4	0	4	9625	1152
9	12	4	1	0	378637325	82944
9	12	4	1	1	-26337575	10368
9	12	4	1	2	6959975	6912
9	12	4	1	3	-1375	6
9	12	4	2	0	-1860925	1024
9	12	4	2	1	-1298275	864
9	12	4	2	2	1189925	2304
9	12	4	2	3	275	24
9	12	4	3	0	28325	1152
9	12	4	3	1	681725	2304
9	12	4	3	2	-23375	256
9	12	4	4	0	3575	256
9	12	4	4	1	-275	48
9	12	5	0	0	-3839825	62208
9	12	5	0	1	2940025	7776
9	12	5	0	2	-100375	486
9	12	5	0	3	155375	1728
9	12	5	0	4	-1375	48
9	12	5	1	0	41860225	20736
9	12	5	1	1	7073275	20736
9	12	5	1	2	-867625	1728
9	12	5	1	3	191675	1152
9	12	5	2	0	72325	256
9	12	5	2	1	-1562275	1728
9	12	5	2	2	1925	32
9	12	5	2	3	-275	32
9	12	5	3	0	-4125	64
9	12	5	3	1	666875	4608
9	12	5	4	1	-275	96
9	12	6	0	0	-29171725	124416
9	12	6	0	1	202675	1944
9	12	6	0	2	1080475	20736
9	12	6	0	3	-89375	2592
9	12	6	0	4	9625	864
9	12	6	1	0	16225	4608
9	12	6	1	1	5402375	5184
9	12	6	1	2	-7661225	20736
9	12	6	1	3	69025	1728
9	12	6	2	0	130075	1536
9	12	6	2	1	-21175	216
9	12	6	2	2	-430375	6912
9	12	6	2	3	-275	144
9	12	6	3	0	-1375	128
9	12	6	3	1	-275	128
9	12	6	3	2	23375	1536
9	12	7	0	0	-2391125	62208
9	12	7	0	1	-155375	972
9	12	7	0	2	3796375	31104
9	12	7	0	3	-9625	216
9	12	7	0	4	1375	144
9	12	7	1	0	-2938925	20736
9	12	7	1	1	4447025	20736
9	12	7	1	2	427625	3456
9	12	7	1	3	-62975	1152
9	12	7	2	0	4125	256
9	12	7	2	1	-33275	1728
9	12	7	2	2	-1925	128
9	12	7	2	3	275	96
9	12	7	3	1	-275	512
9	12	8	0	0	14603875	497664
9	12	8	0	1	-324775	3888
9	12	8	0	2	-5225	62208
9	12	8	0	3	15125	864
9	12	8	0	4	-1375	192
9	12	8	1	0	-2839925	165888
9	12	8	1	1	-137225	5184
9	12	8	1	2	437525	6912
9	12	8	1	3	-275	288
9	12	8	2	0	4125	2048
9	12	8	2	1	275	96
9	12	8	2	2	-1925	256
9	12	9	0	0	617375	62208
9	12	9	0	1	-1925	7776
9	12	9	0	2	-51425	1728
9	12	9	0	3	182875	15552
9	12	9	0	4	-1375	1296
9	12	9	1	0	1375	6912
9	12	9	1	1	-56375	10368
9	12	9	1	2	275	384
9	12	9	1	3	59125	10368
9	12	9	2	1	275	576
9	12	9	2	3	-275	864
9	12	10	0	0	32725	124416
9	12	10	0	1	1375	243
9	12	10	0	2	-13475	2304
9	12	10	0	3	-15125	5184
9	12	10	0	4	1375	864
9	12	10	1	0	275	13824
9	12	10	1	1	-275	648
9	12	10	1	2	275	1536
9	12	10	1	3	275	1728
9	12	11	0	0	-1375	6912
9	12	11	0	1	1375	1944
9	12	11	0	2	1375	1728
9	12	11	0	3	-15125	10368
9	12	11	1	1	-275	5184
9	12	11	1	3	275	3456
9	12	12	0	0	-1375	82944
9	12	12	0	2	1375	10368
9	12	12	0	4	-1375	10368
9	13	0	0	4	275	324
9	13	0	1	3	-21175	2592
9	13	0	2	2	19525	432
9	13	0	2	3	275	432
9	13	0	3	1	-712525	4608
9	13	0	3	2	-1375	192
9	13	0	4	0	265815	1024
9	13	0	4	1	3025	96
9	13	0	5	0	-43175	1024
9	13	0	5	1	-275	256
9	13	0	6	0	2475	1024
9	13	1	0	3	21175	1944
9	13	1	0	4	-275	54
9	13	1	1	2	-19525	216
9	13	1	1	3	62425	1728
9	13	1	2	1	712525	1728
9	13	1	2	2	-17875	144
9	13	1	2	3	-275	96
9	13	1	3	0	-443025	512
9	13	1	3	1	166375	1024
9	13	1	3	2	1375	64
9	13	1	4	0	43175	384
9	13	1	4	1	-275	6
9	13	1	5	0	-825	256
9	13	1	5	1	825	512
9	13	2	0	2	19525	324
9	13	2	0	3	-21175	486
9	13	2	0	4	275	24
9	13	2	1	1	-712525	1728
9	13	2	1	2	95975	432
9	13	2	1	3	-181775	3456
9	13	2	2	0	147675	128
9	13	2	2	1	-211475	576
9	13	2	2	2	4675	64
9	13	2	2	3	275	64
9	13	2	3	0	-4850725	9216
9	13	2	3	1	13475	192
9	13	2	3	2	-4125	256
9	13	2	4	0	39875	768
9	13	2	4	1	-275	192
9	13	2	5	0	-825	512
9	13	3	0	1	712525	3888
9	13	3	0	2	-1100	9
9	13	3	0	3	21175	432
9	13	3	0	4	-6325	648
9	13	3	1	0	-49225	64
9	13	3	1	1	2152975	10368
9	13	3	1	2	-1925	32
9	13	3	1	3	86075	6912
9	13	3	2	0	147675	128
9	13	3	2	1	-2306975	6912
9	13	3	2	2	46475	864
9	13	3	2	3	-1375	1152
9	13	3	3	0	-191125	2304
9	13	3	3	1	-235675	9216
9	13	3	3	2	-1375	192
9	13	3	4	0	-275	64
9	13	3	4	1	11275	768
9	13	3	5	1	-275	512
9	13	4	0	0	49225	192
9	13	4	0	1	-3575	324
9	13	4	0	2	-17875	648
9	13	4	0	3	21175	1296
9	13	4	0	4	-1925	576
9	13	4	1	0	-11529925	10368
9	13	4	1	1	10705475	20736
9	13	4	1	2	-328625	1728
9	13	4	1	3	6875	192
9	13	4	2	0	432025	1536
9	13	4	2	1	57475	384
9	13	4	2	2	-25025	576
9	13	4	2	3	-275	96
9	13	4	3	0	-67375	9216
9	13	4	3	1	-54725	1536
9	13	4	3	2	1375	128
9	13	4	4	0	-275	256
9	13	4	4	1	275	384
9	13	5	0	0	3814525	7776
9	13	5	0	1	-242275	864
9	13	5	0	2	99275	648
9	13	5	0	3	-614075	10368
9	13	5	0	4	275	24
9	13	5	1	0	-10208275	20736
9	13	5	1	1	-2212375	41472
9	13	5	1	2	34925	432
9	13	5	1	3	-27775	1152
9	13	5	2	0	-1375	96
9	13	5	2	1	257125	2304
9	13	5	2	2	-275	24
9	13	5	2	3	275	128
9	13	5	3	0	4125	512
9	13	5	3	1	-53075	3072
9	13	5	4	1	275	768
9	13	6	0	0	10247875	31104
9	13	6	0	1	-583825	7776
9	13	6	0	2	-275	5184
9	13	6	0	3	21175	1728
9	13	6	0	4	-1925	432
9	13	6	1	0	-140525	4608
9	13	6	1	1	-2158475	10368
9	13	6	1	2	77825	1152
9	13	6	1	3	-11825	1728
9	13	6	2	0	-1375	128
9	13	6	2	1	10175	432
9	13	6	2	2	4675	1728
9	13	6	2	3	275	576
9	13	6	3	0	1375	1024
9	13	6	3	1	275	768
9	13	6	3	2	-1375	768
9	13	7	0	0	2299825	31104
9	13	7	0	1	2423575	20736
9	13	7	0	2	-201025	2592
9	13	7	0	3	275275	10368
9	13	7	0	4	-275	72
9	13	7	1	0	248875	10368
9	13	7	1	1	-2146925	41472
9	13	7	1	2	-1925	108
9	13	7	1	3	275	36
9	13	7	2	0	-1375	384
9	13	7	2	1	31625	6912
9	13	7	2	2	275	96
9	13	7	2	3	-275	384
9	13	7	3	1	275	3072
9	13	8	0	0	-2524775	248832
9	13	8	0	1	676775	10368
9	13	8	0	2	-28325	5184
9	13	8	0	3	-21175	2592
9	13	8	0	4	275	96
9	13	8	1	0	347875	82944
9	13	8	1	1	8525	10368
9	13	8	1	2	-4675	432
9	13	8	1	3	275	576
9	13	8	2	0	-1375	3072
9	13	8	2	1	-275	384
9	13	8	2	2	275	192
9	13	9	0	0	-182875	31104
9	13	9	0	1	262075	62208
9	13	9	0	2	21175	1296
9	13	9	0	3	-21175	3456
9	13	9	0	4	275	648
9	13	9	1	0	1375	3456
9	13	9	1	1	13475	20736
9	13	9	1	2	-275	288
9	13	9	1	3	-6875	10368
9	13	9	2	1	-275	2304
9	13	9	2	3	275	3456
9	13	10	0	0	-18425	62208
9	13	10	0	1	-3575	1296
9	13	10	0	2	17875	5184
9	13	10	0	3	21175	15552
9	13	10	0	4	-275	432
9	13	10	1	0	275	6912
9	13	10	1	1	275	1296
9	13	10	1	2	-275	1152
9	13	10	1	3	-275	3456
9	13	11	0	0	275	3456
9	13	11	0	1	-3575	10368
9	13	11	0	2	-275	864
9	13	11	0	3	21175	31104
9	13	11	1	1	275	10368
9	13	11	1	3	-275	6912
9	13	12	0	0	275	41472
9	13	12	0	2	-275	5184
9	13	12	0	4	275	5184
10	0	0	0	0	579555	512
10	0	0	1	0	-7424865	1024
10	0	0	2	0	905985	64
10	0	0	3	0	-9369945	1024
10	0	0	4	0	1030311	512
10	0	0	5	0	-139455	1024
10	0	0	6	0	495	256
10	1	0	0	0	-15626115	2048
10	1	0	1	0	102763485	2048
10	1	0	2	0	-221406615	2048
10	1	0	3	0	164190915	2048
10	1	0	4	0	-41210937	2048
10	1	0	5	0	3116655	2048
10	1	0	6	0	-49005	2048
10	2	0	0	0	11769705	512
10	2	0	1	0	-80881335	512
10	2	0	2	0	190296945	512
10	2	0	3	0	-162577485	512
10	2	0	4	0	47126403	512
10	2	0	5	0	-3994245	512
10	2	0	6	0	69795	512
10	3	0	0	0	-41113035	1024
10	3	0	0	1	-132435	128
10	3	0	1	0	76013865	256
10	3	0	1	1	1975455	512
10	3	0	2	0	-778728015	1024
10	3	0	2	1	-111525	32
10	3	0	3	0	192003825	256
10	3	0	3	1	439085	512
10	3	0	4	0	-261298377	1024
10	3	0	4	1	-19235	384
10	3	0	5	0	6217485	256
10	3	0	5	1	165	512
10	3	0	6	0	-484605	1024
10	3	1	0	0	-279045	128
10	3	1	0	1	397305	256
10	3	1	1	0	5312925	512
10	3	1	1	1	-5926365	1024
10	3	1	2	0	-339105	32
10	3	1	2	1	334575	64
10	3	1	3	0	1410375	512
10	3	1	3	1	-1317255	1024
10	3	1	4	0	-20015	128
10	3	1	4	1	19235	256
10	3	1	5	0	495	512
10	3	1	5	1	-495	1024
10	3	2	0	0	-279045	256
10	3	2	1	0	5312925	1024
10	3	2	2	0	-339105	64
10	3	2	3	0	1410375	1024
10	3	2	4	0	-20015	256
10	3	2	5	0	495	1024
10	3	3	0	1	-132435	256
10	3	3	1	1	1975455	1024
10	3	3	2	1	-111525	64
10	3	3	3	1	439085	1024
10	3	3	4	1	-19235	768
10	3	3	5	1	165	1024
10	4	0	0	0	11573325	256
10	4	0	0	1	585135	128
10	4	0	1	0	-374751765	1024
10	4	0	1	1	-5150655	256
10	4	0	2	0	528720405	512
10	4	0	2	1	1413765	64
10	4	0	3	0	-1200399735	1024
10	4	0	3	1	-4979705	768
10	4	0	4	0	61311255	128
10	4	0	4	1	168565	384
10	4	0	5	0	-52454175	1024
10	4	0	5	1	-825	256
10	4	0	6	0	571725	512
10	4	1	0	0	1372365	128
10	4	1	0	1	-1755405	256
10	4	1	1	0	-13676625	256
10	4	1	1	1	15451965	512
10	4	1	2	0	4274325	64
10	4	1	2	1	-4241295	128
10	4	1	3	0	-16257805	768
10	4	1	3	1	4979705	512
10	4	1	4	0	529475	384
10	4	1	4	1	-168565	256
10	4	1	5	0	-2475	256
10	4	1	5	1	2475	512
10	4	2	0	0	1557045	256
10	4	2	1	0	-14137065	512
10	4	2	2	0	4255705	128
10	4	2	3	0	-16017145	1536
10	4	2	4	0	524195	768
10	4	2	5	0	-2475	512
10	4	3	0	0	23085	32
10	4	3	0	1	585135	256
10	4	3	1	0	-57555	64
10	4	3	1	1	-5150655	512
10	4	3	2	0	-4655	32
10	4	3	2	1	1413765	128
10	4	3	3	0	20055	128
10	4	3	3	1	-4979705	1536
10	4	3	4	0	-55	8
10	4	3	4	1	168565	768
10	4	3	5	1	-825	512
10	4	4	0	0	23085	128
10	4	4	1	0	-57555	256
10	4	4	2	0	-4655	128
10	4	4	3	0	20055	512
10	4	4	4	0	-55	32
10	5	0	0	0	-71441445	2048
10	5	0	0	1	-305145	32
10	5	0	1	0	623336025	2048
10	5	0	1	1	23354175	512
10	5	0	2	0	-2015702105	2048
10	5	0	2	1	-3908545	64
10	5	0	3	0	2599609635	2048
10	5	0	3	1	33433165	1536
10	5	0	4	0	-1319606463	2048
10	5	0	4	1	-329845	192
10	5	0	5	0	158295195	2048
10	5	0	5	1	7425	512
10	5	0	6	0	-3871395	2048
10	5	1	0	0	-6395355	256
10	5	1	0	1	1806075	128
10	5	1	1	0	61497165	512
10	5	1	1	1	-70141725	1024
10	5	1	2	0	-69999355	384
10	5	1	2	1	11733725	128
10	5	1	3	0	37202445	512
10	5	1	3	1	-300693445	9216
10	5	1	4	0	-4174265	768
10	5	1	4	1	164895	64
10	5	1	5	0	22275	512
10	5	1	5	1	-22275	1024
10	5	2	0	0	-8088855	512
10	5	2	0	1	24795	128
10	5	2	1	0	65767245	1024
10	5	2	1	1	2475	32
10	5	2	2	0	-69245135	768
10	5	2	2	1	-4045	64
10	5	2	3	0	325109045	9216
10	5	2	3	1	-12815	576
10	5	2	4	0	-4087805	1536
10	5	2	4	1	55	128
10	5	2	5	0	22275	1024
10	5	3	0	0	-423375	128
10	5	3	0	1	-2366775	512
10	5	3	1	0	4170	1
10	5	3	1	1	23413575	1024
10	5	3	2	0	188555	192
10	5	3	2	1	-7829225	256
10	5	3	3	0	-151765	144
10	5	3	3	1	33381905	3072
10	5	3	4	0	7205	128
10	5	3	4	1	-1318885	1536
10	5	3	5	1	7425	1024
10	5	4	0	0	-423375	512
10	5	4	0	1	-24795	256
10	5	4	1	0	2085	2
10	5	4	1	1	-2475	64
10	5	4	2	0	188555	768
10	5	4	2	1	4045	128
10	5	4	3	0	-151765	576
10	5	4	3	1	12815	1152
10	5	4	4	0	7205	512
10	5	4	4	1	-55	256
10	5	5	0	1	-24795	512
10	5	5	1	1	-2475	128
10	5	5	2	1	4045	256
10	5	5	3	1	12815	2304
10	5	5	4	1	-55	512
10	6	0	0	0	612495	32
10	6	0	0	1	747735	64
10	6	0	0	2	19505	64
10	6	0	1	0	-43098525	256
10	6	0	1	1	-3773815	64
10	6	0	1	2	-93155	192
10	6	0	2	0	87096505	128
10	6	0	2	1	55489475	576
10	6	0	2	2	9995	64
10	6	0	3	0	-494375985	512
10	6	0	3	1	-49248635	1152
10	6	0	3	2	-275	48
10	6	0	4	0	164166843	256
10	6	0	4	1	379345	96
10	6	0	5	0	-21978045	256
10	6	0	5	1	-2475	64
10	6	0	6	0	604395	256
10	6	1	0	0	2103695	64
10	6	1	0	1	-1955385	128
10	6	1	0	2	-58515	64
10	6	1	1	0	-30028505	192
10	6	1	1	1	10992685	128
10	6	1	1	2	93155	64
10	6	1	2	0	53805235	192
10	6	1	2	1	-55252015	384
10	6	1	2	2	-29985	64
10	6	1	3	0	-56485675	384
10	6	1	3	1	147318445	2304
10	6	1	3	2	275	16
10	6	1	4	0	302585	24
10	6	1	4	1	-379125	64
10	6	1	5	0	-7425	64
10	6	1	5	1	7425	128
10	6	2	0	0	3152005	128
10	6	2	0	1	-71955	32
10	6	2	0	2	175545	256
10	6	2	1	0	-34769965	384
10	6	2	1	1	41095	16
10	6	2	1	2	-279465	256
10	6	2	2	0	17790435	128
10	6	2	2	1	-59365	96
10	6	2	2	2	89955	256
10	6	2	3	0	-162503135	2304
10	6	2	3	1	106865	576
10	6	2	3	2	-825	64
10	6	2	4	0	146425	24
10	6	2	4	1	-55	16
10	6	2	5	0	-7425	128
10	6	3	0	0	514475	64
10	6	3	0	1	265935	64
10	6	3	0	2	19505	64
10	6	3	1	0	-1157905	96
10	6	3	1	1	-3527245	128
10	6	3	1	2	-93155	192
10	6	3	2	0	-227125	192
10	6	3	2	1	27477595	576
10	6	3	2	2	9995	64
10	6	3	3	0	3484865	1152
10	6	3	3	1	-6116005	288
10	6	3	3	2	-275	48
10	6	3	4	0	-3245	16
10	6	3	4	1	189425	96
10	6	3	5	1	-2475	128
10	6	4	0	0	466075	256
10	6	4	0	1	71955	64
10	6	4	0	2	-58515	128
10	6	4	1	0	-1020605	384
10	6	4	1	1	-41095	32
10	6	4	1	2	93155	128
10	6	4	2	0	-277925	768
10	6	4	2	1	59365	192
10	6	4	2	2	-29985	128
10	6	4	3	0	3524465	4608
10	6	4	3	1	-106865	1152
10	6	4	3	2	275	32
10	6	4	4	0	-3245	64
10	6	4	4	1	55	32
10	6	5	0	0	-1815	16
10	6	5	0	1	71955	128
10	6	5	1	0	6865	32
10	6	5	1	1	-41095	64
10	6	5	2	0	-635	16
10	6	5	2	1	59365	384
10	6	5	3	0	165	32
10	6	5	3	1	-106865	2304
10	6	5	4	1	55	64
10	6	6	0	0	-605	32
10	6	6	0	2	19505	256
10	6	6	1	0	6865	192
10	6	6	1	2	-93155	768
10	6	6	2	0	-635	96
10	6	6	2	2	9995	256
10	6	6	3	0	55	64
10	6	6	3	2	-275	192
10	7	0	0	0	-1919775	256
10	7	0	0	1	-6593855	768
10	7	0	0	2	-163235	192
10	7	0	1	0	59285385	1024
10	7	0	1	1	24550745	512
10	7	0	1	2	30545	16
10	7	0	2	0	-89032805	256
10	7	0	2	1	-656588975	6912
10	7	0	2	2	-463015	576
10	7	0	3	0	1042031055	2048
10	7	0	3	1	167433395	3072
10	7	0	3	2	4675	128
10	7	0	4	0	-246028071	512
10	7	0	4	1	-1135225	192
10	7	0	5	0	18202095	256
10	7	0	5	1	17325	256
10	7	0	6	0	-1127115	512
10	7	1	0	0	-18639455	768
10	7	1	0	1	4013415	512
10	7	1	0	2	163235	64
10	7	1	1	0	203583335	1536
10	7	1	1	1	-62573955	1024
10	7	1	1	2	-91635	16
10	7	1	2	0	-201786475	768
10	7	1	2	1	1911320405	13824
10	7	1	2	2	463015	192
10	7	1	3	0	600106595	3072
10	7	1	3	1	-498203345	6144
10	7	1	3	2	-14025	128
10	7	1	4	0	-1829065	96
10	7	1	4	1	1133685	128
10	7	1	5	0	51975	256
10	7	1	5	1	-51975	512
10	7	2	0	0	-11601665	512
10	7	2	0	1	157605	32
10	7	2	0	2	-489705	256
10	7	2	1	0	93371625	1024
10	7	2	1	1	-2072695	192
10	7	2	1	2	274905	64
10	7	2	2	0	-626788285	4608
10	7	2	2	1	230165	54
10	7	2	2	2	-463015	256
10	7	2	3	0	571090655	6144
10	7	2	3	1	-256135	384
10	7	2	3	2	42075	512
10	7	2	4	0	-1748215	192
10	7	2	4	1	385	32
10	7	2	5	0	51975	512
10	7	3	0	0	-1335465	128
10	7	3	0	1	-699725	1536
10	7	3	0	2	-163235	192
10	7	3	1	0	18341515	768
10	7	3	1	1	48690245	3072
10	7	3	1	2	30545	16
10	7	3	2	0	-4917805	1152
10	7	3	2	1	-612991945	13824
10	7	3	2	2	-463015	576
10	7	3	3	0	-2440765	512
10	7	3	3	1	164361425	6144
10	7	3	3	2	4675	128
10	7	3	4	0	13475	32
10	7	3	4	1	-70735	24
10	7	3	5	1	17325	512
10	7	4	0	0	-3831445	1536
10	7	4	0	1	-608385	256
10	7	4	0	2	163235	128
10	7	4	1	0	14384665	3072
10	7	4	1	1	8263885	1536
10	7	4	1	2	-91635	32
10	7	4	2	0	-2720755	4608
10	7	4	2	1	-14908955	6912
10	7	4	2	2	463015	384
10	7	4	3	0	-2554615	2048
10	7	4	3	1	1025035	3072
10	7	4	3	2	-14025	256
10	7	4	4	0	13475	128
10	7	4	4	1	-385	64
10	7	5	0	0	17495	256
10	7	5	0	1	-652455	512
10	7	5	1	0	-395685	512
10	7	5	1	1	8317675	3072
10	7	5	2	0	73235	256
10	7	5	2	1	-14552165	13824
10	7	5	3	0	-34155	1024
10	7	5	3	1	1024045	6144
10	7	5	4	1	-385	128
10	7	6	0	0	17495	1536
10	7	6	0	1	-7345	128
10	7	6	0	2	-163235	768
10	7	6	1	0	-131895	1024
10	7	6	1	1	8965	768
10	7	6	1	2	30545	64
10	7	6	2	0	73235	1536
10	7	6	2	1	59465	3456
10	7	6	2	2	-463015	2304
10	7	6	3	0	-11385	2048
10	7	6	3	1	-55	512
10	7	6	3	2	4675	512
10	7	7	0	1	-7345	512
10	7	7	1	1	8965	3072
10	7	7	2	1	59465	13824
10	7	7	3	1	-55	2048
10	8	0	0	0	248055	128
10	8	0	0	1	4055485	1152
10	8	0	0	2	49265	48
10	8	0	1	0	-2590575	256
10	8	0	1	1	-6542055	256
10	8	0	1	2	-48595	16
10	8	0	2	0	8429735	64
10	8	0	2	1	69167195	1152
10	8	0	2	2	20795	12
10	8	0	3	0	-89873775	512
10	8	0	3	1	-24219415	512
10	8	0	3	2	-6325	64
10	8	0	4	0	139731567	512
10	8	0	4	1	1154195	192
10	8	0	5	0	-44993205	1024
10	8	0	5	1	-10395	128
10	8	0	6	0	49005	32
10	8	1	0	0	1693645	192
10	8	1	0	1	413905	2304
10	8	1	0	2	-147385	48
10	8	1	1	0	-59724505	768
10	8	1	1	1	96479765	4608
10	8	1	1	2	109555	12
10	8	1	2	0	7196485	48
10	8	1	2	1	-553120715	6912
10	8	1	2	2	-31165	6
10	8	1	3	0	-91603495	512
10	8	1	3	1	641477045	9216
10	8	1	3	2	18975	64
10	8	1	4	0	3762955	192
10	8	1	4	1	-1151115	128
10	8	1	5	0	-31185	128
10	8	1	5	1	31185	256
10	8	2	0	0	14536145	1152
10	8	2	0	1	-736015	144
10	8	2	0	2	439285	192
10	8	2	1	0	-316237555	4608
10	8	2	1	1	2507695	144
10	8	2	1	2	-1320715	192
10	8	2	2	0	733645	8
10	8	2	2	1	-40695	4
10	8	2	2	2	186605	48
10	8	2	3	0	-785427955	9216
10	8	2	3	1	389345	288
10	8	2	3	2	-56925	256
10	8	2	4	0	3550435	384
10	8	2	4	1	-385	16
10	8	2	5	0	-31185	256
10	8	3	0	0	4967765	576
10	8	3	0	1	-5781845	2304
10	8	3	0	2	99145	96
10	8	3	1	0	-1356265	48
10	8	3	1	1	1193035	4608
10	8	3	1	2	-193515	64
10	8	3	2	0	1502675	96
10	8	3	2	1	155932015	6912
10	8	3	2	2	83345	48
10	8	3	3	0	10033025	2304
10	8	3	3	1	-69548435	3072
10	8	3	3	2	-6325	64
10	8	3	4	0	-8855	16
10	8	3	4	1	1147265	384
10	8	3	5	1	-10395	256
10	8	4	0	0	684885	256
10	8	4	0	1	2642515	1152
10	8	4	0	2	-292105	192
10	8	4	1	0	-11996275	2304
10	8	4	1	1	-20095505	2304
10	8	4	1	2	1764125	384
10	8	4	2	0	326445	128
10	8	4	2	1	5977195	1152
10	8	4	2	2	-248605	96
10	8	4	3	0	11443775	9216
10	8	4	3	1	-3119215	4608
10	8	4	3	2	18975	128
10	8	4	4	0	-8855	64
10	8	4	4	1	385	32
10	8	5	0	0	44455	144
10	8	5	0	1	3245605	2304
10	8	5	0	2	-205	24
10	8	5	1	0	2553035	2304
10	8	5	1	1	-20027615	4608
10	8	5	1	2	-865	48
10	8	5	2	0	-78655	96
10	8	5	2	1	5742965	2304
10	8	5	2	2	-55	12
10	8	5	3	0	47025	512
10	8	5	3	1	-3110305	9216
10	8	5	4	1	385	64
10	8	6	0	0	28295	576
10	8	6	0	1	33505	192
10	8	6	0	2	48035	192
10	8	6	1	0	827165	4608
10	8	6	1	1	11315	1152
10	8	6	1	2	-12365	16
10	8	6	2	0	-8825	64
10	8	6	2	1	-117115	1728
10	8	6	2	2	10315	24
10	8	6	3	0	15675	1024
10	8	6	3	1	165	256
10	8	6	3	2	-6325	256
10	8	7	0	0	-575	576
10	8	7	0	1	33505	768
10	8	7	0	2	205	96
10	8	7	1	0	-2555	1152
10	8	7	1	1	11315	4608
10	8	7	1	2	865	192
10	8	7	2	0	-55	96
10	8	7	2	1	-117115	6912
10	8	7	2	2	55	48
10	8	7	3	1	165	1024
10	8	8	0	0	-575	4608
10	8	8	0	2	205	192
10	8	8	1	0	-2555	9216
10	8	8	1	2	865	384
10	8	8	2	0	-55	768
10	8	8	2	2	55	96
10	9	0	0	0	-31395	128
10	9	0	0	1	-752435	1152
10	9	0	0	2	-288985	432
10	9	0	0	3	-23815	864
10	9	0	1	0	17685	128
10	9	0	1	1	41363335	4608
10	9	0	1	2	12862105	5184
10	9	0	1	3	38485	2592
10	9	0	2	0	-36665165	1024
10	9	0	2	1	-82118975	3456
10	9	0	2	2	-48725	24
10	9	0	2	3	-55	288
10	9	0	3	0	34039485	1024
10	9	0	3	1	262505735	9216
10	9	0	3	2	56375	384
10	9	0	4	0	-239510055	2048
10	9	0	4	1	-25235	6
10	9	0	5	0	41026725	2048
10	9	0	5	1	17325	256
10	9	0	6	0	-1606275	2048
10	9	1	0	0	-25645	32
10	9	1	0	1	-18196915	6912
10	9	1	0	2	62825	36
10	9	1	0	3	23815	192
10	9	1	1	0	49029875	1536
10	9	1	1	1	32138875	82944
10	9	1	1	2	-4242055	576
10	9	1	1	3	-38485	576
10	9	1	2	0	-1121405	24
10	9	1	2	1	159422635	6912
10	9	1	2	2	291305	48
10	9	1	2	3	55	64
10	9	1	3	0	354329245	3072
10	9	1	3	1	-756420205	18432
10	9	1	3	2	-56375	128
10	9	1	4	0	-5338375	384
10	9	1	4	1	401835	64
10	9	1	5	0	51975	256
10	9	1	5	1	-51975	512
10	9	2	0	0	-13151435	2304
10	9	2	0	1	8379655	3456
10	9	2	0	2	-490105	576
10	9	2	0	3	-23815	128
10	9	2	1	0	320494945	9216
10	9	2	1	1	-70730525	5184
10	9	2	1	2	37226915	6912
10	9	2	1	3	38485	384
10	9	2	2	0	-110129605	2304
10	9	2	2	1	44104825	3456
10	9	2	2	2	-108325	24
10	9	2	2	3	-165	128
10	9	2	3	0	1027517315	18432
10	9	2	3	1	-1947275	1152
10	9	2	3	2	169125	512
10	9	2	4	0	-4973395	768
10	9	2	4	1	1925	64
10	9	2	5	0	51975	512
10	9	3	0	0	-15919175	2304
10	9	3	0	1	41700395	13824
10	9	3	0	2	-1495105	1728
10	9	3	0	3	119075	2304
10	9	3	1	0	10476025	576
10	9	3	1	1	-499414015	82944
10	9	3	1	2	6583985	2592
10	9	3	1	3	-192425	6912
10	9	3	2	0	-52612285	2304
10	9	3	2	1	-35103955	13824
10	9	3	2	2	-392935	192
10	9	3	2	3	275	768
10	9	3	3	0	-9723955	4608
10	9	3	3	1	239212685	18432
10	9	3	3	2	56375	384
10	9	3	4	0	30415	64
10	9	3	4	1	-1597715	768
10	9	3	5	1	17325	512
10	9	4	0	0	-33282575	9216
10	9	4	0	1	-2222515	6912
10	9	4	0	2	57255	128
10	9	4	0	3	23815	192
10	9	4	1	0	51481385	13824
10	9	4	1	1	276449405	41472
10	9	4	1	2	-1535545	432
10	9	4	1	3	-38485	576
10	9	4	2	0	-34100845	9216
10	9	4	2	1	-45061345	6912
10	9	4	2	2	1151635	384
10	9	4	2	3	55	64
10	9	4	3	0	-14005705	18432
10	9	4	3	1	7811375	9216
10	9	4	3	2	-56375	256
10	9	4	4	0	30415	256
10	9	4	4	1	-1925	128
10	9	5	0	0	-92605	96
10	9	5	0	1	-15365155	13824
10	9	5	0	2	37685	144
10	9	5	0	3	-23815	256
10	9	5	1	0	-7553615	13824
10	9	5	1	1	291407915	82944
10	9	5	1	2	-33985	432
10	9	5	1	3	38485	768
10	9	5	2	0	466405	384
10	9	5	2	1	-43160185	13824
10	9	5	2	2	1045	48
10	9	5	2	3	-165	256
10	9	5	3	0	-142725	1024
10	9	5	3	1	7766825	18432
10	9	5	4	1	-1925	256
10	9	6	0	0	-17365	768
10	9	6	0	1	-1060705	1728
10	9	6	0	2	12545	432
10	9	6	0	3	-23815	1152
10	9	6	1	0	-1244155	9216
10	9	6	1	1	2325325	20736
10	9	6	1	2	11638645	20736
10	9	6	1	3	38485	3456
10	9	6	2	0	40375	192
10	9	6	2	1	52975	576
10	9	6	2	2	-94315	192
10	9	6	2	3	-55	384
10	9	6	3	0	-47575	2048
10	9	6	3	1	-825	512
10	9	6	3	2	56375	1536
10	9	7	0	0	45475	768
10	9	7	0	1	-1741745	13824
10	9	7	0	2	-37685	576
10	9	7	0	3	23815	768
10	9	7	1	0	-130135	6912
10	9	7	1	1	1402645	82944
10	9	7	1	2	33985	1728
10	9	7	1	3	-38485	2304
10	9	7	2	0	2585	768
10	9	7	2	1	107765	4608
10	9	7	2	2	-1045	192
10	9	7	2	3	55	256
10	9	7	3	1	-825	2048
10	9	8	0	0	45475	6144
10	9	8	0	1	3835	256
10	9	8	0	2	-37685	1152
10	9	8	1	0	-130135	55296
10	9	8	1	1	-1165	192
10	9	8	1	2	33985	3456
10	9	8	2	0	2585	6144
10	9	8	2	1	55	256
10	9	8	2	2	-1045	384
10	9	9	0	1	3835	1536
10	9	9	0	3	-23815	6912
10	9	9	1	1	-1165	1152
10	9	9	1	3	38485	20736
10	9	9	2	1	55	1536
10	9	9	2	3	-55	2304
10	10	0	0	1	3035	144
10	10	0	0	2	305995	1296
10	10	0	0	3	6875	162
10	10	0	1	0	40905	256
10	10	0	1	1	-70975	36
10	10	0	1	2	-5582215	5184
10	10	0	1	3	-53005	1296
10	10	0	2	0	201475	32
10	10	0	2	1	9263045	1728
10	10	0	2	2	807875	576
10	10	0	2	3	55	72
10	10	0	3	0	-314205	512
10	10	0	3	1	-9111545	768
10	10	0	3	2	-4125	32
10	10	0	4	0	18964311	512
10	10	0	4	1	192085	96
10	10	0	5	0	-3358665	512
10	10	0	5	1	-2475	64
10	10	0	6	0	147015	512
10	10	1	0	0	-13635	64
10	10	1	0	1	1894415	1296
10	10	1	0	2	-36155	108
10	10	1	0	3	-6875	36
10	10	1	1	0	-3236695	384
10	10	1	1	1	-13046585	5184
10	10	1	1	2	5036075	1728
10	10	1	1	3	53005	288
10	10	1	2	0	391175	96
10	10	1	2	1	4359865	3456
10	10	1	2	2	-799955	192
10	10	1	2	3	-55	16
10	10	1	3	0	-40029805	768
10	10	1	3	1	25290395	1536
10	10	1	3	2	12375	32
10	10	1	4	0	322615	48
10	10	1	4	1	-190545	64
10	10	1	5	0	-7425	64
10	10	1	5	1	7425	128
10	10	2	0	0	3153265	1152
10	10	2	0	1	-558125	2592
10	10	2	0	2	-691585	1728
10	10	2	0	3	6875	24
10	10	2	1	0	-20387045	2304
10	10	2	1	1	23498185	5184
10	10	2	1	2	-11274685	6912
10	10	2	1	3	-53005	192
10	10	2	2	0	12754985	576
10	10	2	2	1	-4049215	432
10	10	2	2	2	781475	256
10	10	2	2	3	165	32
10	10	2	3	0	-13317015	512
10	10	2	3	1	256355	192
10	10	2	3	2	-37125	128
10	10	2	4	0	297205	96
10	10	2	4	1	-385	16
10	10	2	5	0	-7425	128
10	10	3	0	0	3729775	864
10	10	3	0	1	-18620365	10368
10	10	3	0	2	2651275	5184
10	10	3	0	3	-34375	432
10	10	3	1	0	-1654345	288
10	10	3	1	1	75560675	20736
10	10	3	1	2	-3413435	2592
10	10	3	1	3	265025	3456
10	10	3	2	0	1354885	72
10	10	3	2	1	-14734265	3456
10	10	3	2	2	825695	576
10	10	3	2	3	-275	192
10	10	3	3	0	10505	48
10	10	3	3	1	-7581665	1536
10	10	3	3	2	-4125	32
10	10	3	4	0	-4235	16
10	10	3	4	1	47155	48
10	10	3	5	1	-2475	128
10	10	4	0	0	28863595	10368
10	10	4	0	1	-2205425	2592
10	10	4	0	2	1515215	3456
10	10	4	0	3	-6875	36
10	10	4	1	0	-13844135	5184
10	10	4	1	1	-16179685	10368
10	10	4	1	2	67885	72
10	10	4	1	3	53005	288
10	10	4	2	0	1772885	576
10	10	4	2	1	1023775	216
10	10	4	2	2	-774215	384
10	10	4	2	3	-55	16
10	10	4	3	0	202895	768
10	10	4	3	1	-515185	768
10	10	4	3	2	12375	64
10	10	4	4	0	-4235	64
10	10	4	4	1	385	32
10	10	5	0	0	4301575	5184
10	10	5	0	1	1566275	2592
10	10	5	0	2	-317525	864
10	10	5	0	3	6875	48
10	10	5	1	0	-5466215	10368
10	10	5	1	1	-32484565	20736
10	10	5	1	2	138185	432
10	10	5	1	3	-53005	384
10	10	5	2	0	-63845	64
10	10	5	2	1	2004635	864
10	10	5	2	2	-165	4
10	10	5	2	3	165	64
10	10	5	3	0	32175	256
10	10	5	3	1	-510235	1536
10	10	5	4	1	385	64
10	10	6	0	0	-86395	3456
10	10	6	0	1	1717825	2592
10	10	6	0	2	-4582385	20736
10	10	6	0	3	6875	216
10	10	6	1	0	22655	256
10	10	6	1	1	-1289245	2592
10	10	6	1	2	-664975	20736
10	10	6	1	3	-53005	1728
10	10	6	2	0	-70775	384
10	10	6	2	1	-925	27
10	10	6	2	2	736595	2304
10	10	6	2	3	55	96
10	10	6	3	0	10725	512
10	10	6	3	1	275	128
10	10	6	3	2	-4125	128
10	10	7	0	0	-375395	5184
10	10	7	0	1	1379575	10368
10	10	7	0	2	8675	96
10	10	7	0	3	-6875	144
10	10	7	1	0	383915	5184
10	10	7	1	1	-1814045	20736
10	10	7	1	2	-139835	1728
10	10	7	1	3	53005	1152
10	10	7	2	0	-495	64
10	10	7	2	1	-35045	3456
10	10	7	2	2	165	16
10	10	7	2	3	-55	64
10	10	7	3	1	275	512
10	10	8	0	0	-438395	41472
10	10	8	0	1	-5125	288
10	10	8	0	2	80165	1728
10	10	8	1	0	344315	41472
10	10	8	1	1	23165	1152
10	10	8	1	2	-137195	3456
10	10	8	2	0	-495	512
10	10	8	2	1	-55	64
10	10	8	2	2	165	32
10	10	9	0	0	-875	1728
10	10	9	0	1	-5125	1728
10	10	9	0	2	1045	1728
10	10	9	0	3	6875	1296
10	10	9	1	0	-275	864
10	10	9	1	1	23165	6912
10	10	9	1	2	55	144
10	10	9	1	3	-53005	10368
10	10	9	2	1	-55	384
10	10	9	2	3	55	576
10	10	10	0	0	-175	3456
10	10	10	0	2	1045	6912
10	10	10	1	0	-55	1728
10	10	10	1	2	55	576
10	11	0	0	2	-272605	7776
10	11	0	0	3	-19535	864
10	11	0	1	1	490775	2304
10	11	0	1	2	1165445	5184
10	11	0	1	3	205835	5184
10	11	0	2	0	-136675	256
10	11	0	2	1	-392095	768
10	11	0	2	2	-110885	192
10	11	0	2	3	-55	48
10	11	0	3	0	-2143575	2048
10	11	0	3	1	10181935	3072
10	11	0	3	2	8525	128
10	11	0	4	0	-8455641	1024
10	11	0	4	1	-238355	384
10	11	0	5	0	46845	32
10	11	0	5	1	7425	512
10	11	0	6	0	-72765	1024
10	11	1	0	1	-490775	1728
10	11	1	0	2	-568415	7776
10	11	1	0	3	1596395	15552
10	11	1	1	0	136675	128
10	11	1	1	1	21177515	41472
10	11	1	1	2	-558685	1728
10	11	1	1	3	-205615	1152
10	11	1	2	0	1330225	768
10	11	1	2	1	-46956875	13824
10	11	1	2	2	325175	192
10	11	1	2	3	165	32
10	11	1	3	0	16299425	1024
10	11	1	3	1	-79710335	18432
10	11	1	3	2	-25575	128
10	11	1	4	0	-815635	384
10	11	1	4	1	235275	256
10	11	1	5	0	22275	512
10	11	1	5	1	-22275	1024
10	11	2	0	0	-136675	192
10	11	2	0	1	-276335	1944
10	11	2	0	2	11562815	31104
10	11	2	0	3	-4859485	31104
10	11	2	1	0	-53425	384
10	11	2	1	1	3693785	10368
10	11	2	1	2	-2584465	6912
10	11	2	1	3	615745	2304
10	11	2	2	0	-4623885	512
10	11	2	2	1	2365765	576
10	11	2	2	2	-923165	768
10	11	2	2	3	-495	64
10	11	2	3	0	154036405	18432
10	11	2	3	1	-749155	1152
10	11	2	3	2	76725	512
10	11	2	4	0	-745675	768
10	11	2	4	1	385	32
10	11	2	5	0	22275	1024
10	11	3	0	0	-254425	288
10	11	3	0	1	1073825	2304
10	11	3	0	2	-2778515	15552
10	11	3	0	3	321145	6912
10	11	3	1	0	2629405	2304
10	11	3	1	1	-48459185	41472
10	11	3	1	2	2550455	5184
10	11	3	1	3	-1017295	13824
10	11	3	2	0	-224545	24
10	11	3	2	1	40058785	13824
10	11	3	2	2	-116495	192
10	11	3	2	3	275	128
10	11	3	3	0	1422565	4608
10	11	3	3	1	2403355	2048
10	11	3	3	2	8525	128
10	11	3	4	0	2915	32
10	11	3	4	1	-231425	768
10	11	3	5	1	7425	1024
10	11	4	0	0	-2542225	6912
10	11	4	0	1	8076455	20736
10	11	4	0	2	-10224305	31104
10	11	4	0	3	534475	5184
10	11	4	1	0	196155835	82944
10	11	4	1	1	-44300815	41472
10	11	4	1	2	472195	1152
10	11	4	1	3	-205505	1152
10	11	4	2	0	-1263565	768
10	11	4	2	1	-4635895	2304
10	11	4	2	2	300865	384
10	11	4	2	3	165	32
10	11	4	3	0	-641585	18432
10	11	4	3	1	3018895	9216
10	11	4	3	2	-25575	256
10	11	4	4	0	2915	128
10	11	4	4	1	-385	64
10	11	5	0	0	313295	62208
10	11	5	0	1	-7665895	41472
10	11	5	0	2	1482455	7776
10	11	5	0	3	-842135	10368
10	11	5	1	0	40888885	41472
10	11	5	1	1	36863675	82944
10	11	5	1	2	-307505	864
10	11	5	1	3	4255	32
10	11	5	2	0	338465	768
10	11	5	2	1	-1616975	1536
10	11	5	2	2	935	24
10	11	5	2	3	-495	128
10	11	5	3	0	-68805	1024
10	11	5	3	1	2974345	18432
10	11	5	4	1	-385	128
10	11	6	0	0	9520225	124416
10	11	6	0	1	-7193195	31104
10	11	6	0	2	7791415	62208
10	11	6	0	3	-27545	1728
10	11	6	1	0	-473545	9216
10	11	6	1	1	12922075	20736
10	11	6	1	2	-2148935	10368
10	11	6	1	3	25915	864
10	11	6	2	0	48045	512
10	11	6	2	1	-101575	3456
10	11	6	2	2	-88445	768
10	11	6	2	3	-55	64
10	11	6	3	0	-22935	2048
10	11	6	3	1	-825	512
10	11	6	3	2	8525	512
10	11	7	0	0	946975	31104
10	11	7	0	1	-3642335	124416
10	11	7	0	2	-197335	3888
10	11	7	0	3	143285	5184
10	11	7	1	0	-932735	10368
10	11	7	1	1	9567625	82944
10	11	7	1	2	155815	1728
10	11	7	1	3	-101845	2304
10	11	7	2	0	3355	384
10	11	7	2	1	-68905	13824
10	11	7	2	2	-935	96
10	11	7	2	3	165	128
10	11	7	3	1	-825	2048
10	11	8	0	0	637675	248832
10	11	8	0	1	909215	62208
10	11	8	0	2	-89045	3888
10	11	8	0	3	-3515	5184
10	11	8	1	0	-804035	82944
10	11	8	1	1	-153865	6912
10	11	8	1	2	152515	3456
10	11	8	1	3	-55	384
10	11	8	2	0	3355	3072
10	11	8	2	1	165	128
10	11	8	2	2	-935	192
10	11	9	0	0	-25775	62208
10	11	9	0	1	212495	124416
10	11	9	0	2	6415	5184
10	11	9	0	3	-11525	3456
10	11	9	1	0	3575	6912
10	11	9	1	1	-5935	1536
10	11	9	1	2	-275	576
10	11	9	1	3	50345	10368
10	11	9	2	1	55	256
10	11	9	2	3	-55	384
10	11	10	0	0	-5155	124416
10	11	10	0	1	-4685	15552
10	11	10	0	2	6415	20736
10	11	10	0	3	3515	31104
10	11	10	1	0	715	13824
10	11	10	1	1	-55	864
10	11	10	1	2	-275	2304
10	11	10	1	3	55	2304
10	11	11	0	1	-4685	124416
10	11	11	0	3	3515	62208
10	11	11	1	1	-55	6912
10	11	11	1	3	55	4608
10	12	0	0	3	1705	486
10	12	0	0	4	55	81
10	12	0	1	2	-40975	2592
10	12	0	1	3	-13915	864
10	12	0	2	1	-23815	3456
10	12	0	2	2	12815	96
10	12	0	2	3	55	72
10	12	0	3	0	38445	256
10	12	0	3	1	-2624105	4608
10	12	0	3	2	-3575	192
10	12	0	4	0	297759	256
10	12	0	4	1	14575	128
10	12	0	5	0	-204765	1024
10	12	0	5	1	-825	256
10	12	0	6	0	5445	512
10	12	1	0	2	40975	1944
10	12	1	0	3	-2695	324
10	12	1	0	4	-110	27
10	12	1	1	1	23815	1728
10	12	1	1	2	-96305	864
10	12	1	1	3	41525	576
10	12	1	2	0	-12815	32
10	12	1	2	1	7462565	6912
10	12	1	2	2	-36685	96
10	12	1	2	3	-55	16
10	12	1	3	0	-4575835	1536
10	12	1	3	1	6240355	9216
10	12	1	3	2	3575	64
10	12	1	4	0	152735	384
10	12	1	4	1	-42845	256
10	12	1	5	0	-2475	256
10	12	1	5	1	2475	512
10	12	2	0	1	-23815	2592
10	12	2	0	2	-73205	3888
10	12	2	0	3	-4015	648
10	12	2	0	4	55	6
10	12	2	1	0	12815	32
10	12	2	1	1	-182545	288
10	12	2	1	2	415745	1152
10	12	2	1	3	-123475	1152
10	12	2	2	0	741455	288
10	12	2	2	1	-875215	864
10	12	2	2	2	97735	384
10	12	2	2	3	165	32
10	12	2	3	0	-15420845	9216
10	12	2	3	1	25685	144
10	12	2	3	2	-10725	256
10	12	2	4	0	139535	768
10	12	2	4	1	-55	16
10	12	2	5	0	-2475	512
10	12	3	0	0	-12815	72
10	12	3	0	1	1251965	15552
10	12	3	0	2	-1705	32
10	12	3	0	3	35035	1296
10	12	3	0	4	-1265	162
10	12	3	1	0	-125015	192
10	12	3	1	1	2224585	6912
10	12	3	1	2	-345895	2592
10	12	3	1	3	65615	2304
10	12	3	2	0	1544785	576
10	12	3	2	1	-5777695	6912
10	12	3	2	2	14135	96
10	12	3	2	3	-275	192
10	12	3	3	0	-362945	2304
10	12	3	3	1	-1406075	9216
10	12	3	3	2	-3575	192
10	12	3	4	0	-275	16
10	12	3	4	1	13915	256
10	12	3	5	1	-825	512
10	12	4	0	0	-236555	1296
10	12	4	0	1	131945	31104
10	12	4	0	2	464915	15552
10	12	4	0	3	-55	12
10	12	4	0	4	-385	144
10	12	4	1	0	-1798445	1296
10	12	4	1	1	5408425	6912
10	12	4	1	2	-541805	1728
10	12	4	1	3	13805	192
10	12	4	2	0	1255045	2304
10	12	4	2	1	1604405	3456
10	12	4	2	2	-30965	192
10	12	4	2	3	-55	16
10	12	4	3	0	-60995	9216
10	12	4	3	1	-415415	4608
10	12	4	3	2	3575	128
10	12	4	4	0	-275	64
10	12	4	4	1	55	32
10	12	5	0	0	176165	7776
10	12	5	0	1	-7379845	62208
10	12	5	0	2	255145	3888
10	12	5	0	3	-6215	216
10	12	5	0	4	55	6
10	12	5	1	0	-12644665	20736
10	12	5	1	1	-1479665	13824
10	12	5	1	2	7535	48
10	12	5	1	3	-20075	384
10	12	5	2	0	-17105	192
10	12	5	2	1	1920215	6912
10	12	5	2	2	-55	3
10	12	5	2	3	165	64
10	12	5	3	0	10065	512
10	12	5	3	1	-406505	9216
10	12	5	4	1	55	64
10	12	6	0	0	1133275	15552
10	12	6	0	1	-492745	15552
10	12	6	0	2	-173635	10368
10	12	6	0	3	3575	324
10	12	6	0	4	-385	108
10	12	6	1	0	10505	4608
10	12	6	1	1	-1112375	3456
10	12	6	1	2	597025	5184
10	12	6	1	3	-7205	576
10	12	6	2	0	-3355	128
10	12	6	2	1	16885	576
10	12	6	2	2	7535	384
10	12	6	2	3	55	96
10	12	6	3	0	3355	1024
10	12	6	3	1	165	256
10	12	6	3	2	-3575	768
10	12	7	0	0	22055	1944
10	12	7	0	1	3147925	62208
10	12	7	0	2	-75515	1944
10	12	7	0	3	385	27
10	12	7	0	4	-55	18
10	12	7	1	0	457765	10368
10	12	7	1	1	-302665	4608
10	12	7	1	2	-11165	288
10	12	7	1	3	275	16
10	12	7	2	0	-935	192
10	12	7	2	1	13255	2304
10	12	7	2	2	55	12
10	12	7	2	3	-55	64
10	12	7	3	1	165	1024
10	12	8	0	0	-292325	31104
10	12	8	0	1	407495	15552
10	12	8	0	2	55	972
10	12	8	0	3	-605	108
10	12	8	0	4	55	24
10	12	8	1	0	437965	82944
10	12	8	1	1	7315	864
10	12	8	1	2	-1265	64
10	12	8	1	3	55	192
10	12	8	2	0	-935	1536
10	12	8	2	1	-55	64
10	12	8	2	2	55	24
10	12	9	0	0	-97625	31104
10	12	9	0	1	-275	31104
10	12	9	0	2	8195	864
10	12	9	0	3	-7315	1944
10	12	9	0	4	55	162
10	12	9	1	0	-275	3456
10	12	9	1	1	55	32
10	12	9	1	2	-55	288
10	12	9	1	3	-6215	3456
10	12	9	2	1	-55	384
10	12	9	2	3	55	576
10	12	10	0	0	-5005	62208
10	12	10	0	1	-440	243
10	12	10	0	2	715	384
10	12	10	0	3	605	648
10	12	10	0	4	-55	108
10	12	10	1	0	-55	6912
10	12	10	1	1	55	432
10	12	10	1	2	-55	1152
10	12	10	1	3	-55	1152
10	12	11	0	0	55	864
10	12	11	0	1	-55	243
10	12	11	0	2	-55	216
10	12	11	0	3	605	1296
10	12	11	1	1	55	3456
10	12	11	1	3	-55	2304
10	12	12	0	0	55	10368
10	12	12	0	2	-55	1296
10	12	12	0	4	55	1296
10	13	0	0	4	-55	216
10	13	0	1	3	4235	1728
10	13	0	2	2	-3905	288
10	13	0	2	3	-55	288
10	13	0	3	1	142505	3072
10	13	0	3	2	275	128
10	13	0	4	0	-159489	2048
10	13	0	4	1	-605	64
10	13	0	5	0	25905	2048
10	13	0	5	1	165	512
10	13	0	6	0	-1485	2048
10	13	1	0	3	-4235	1296
10	13	1	0	4	55	36
10	13	1	1	2	3905	144
10	13	1	1	3	-12485	1152
10	13	1	2	1	-142505	1152
10	13	1	2	2	3575	96
10	13	1	2	3	55	64
10	13	1	3	0	265815	1024
10	13	1	3	1	-99825	2048
10	13	1	3	2	-825	128
10	13	1	4	0	-8635	256
10	13	1	4	1	55	4
10	13	1	5	0	495	512
10	13	1	5	1	-495	1024
10	13	2	0	2	-3905	216
10	13	2	0	3	4235	324
10	13	2	0	4	-55	16
10	13	2	1	1	142505	1152
10	13	2	1	2	-19195	288
10	13	2	1	3	36355	2304
10	13	2	2	0	-88605	256
10	13	2	2	1	42295	384
10	13	2	2	2	-2805	128
10	13	2	2	3	-165	128
10	13	2	3	0	970145	6144
10	13	2	3	1	-2695	128
10	13	2	3	2	2475	512
10	13	2	4	0	-7975	512
10	13	2	4	1	55	128
10	13	2	5	0	495	1024
10	13	3	0	1	-142505	2592
10	13	3	0	2	110	3
10	13	3	0	3	-4235	288
10	13	3	0	4	1265	432
10	13	3	1	0	29535	128
10	13	3	1	1	-430595	6912
10	13	3	1	2	1155	64
10	13	3	1	3	-17215	4608
10	13	3	2	0	-88605	256
10	13	3	2	1	461395	4608
10	13	3	2	2	-9295	576
10	13	3	2	3	275	768
10	13	3	3	0	38225	1536
10	13	3	3	1	47135	6144
10	13	3	3	2	275	128
10	13	3	4	0	165	128
10	13	3	4	1	-2255	512
10	13	3	5	1	165	1024
10	13	4	0	0	-9845	128
10	13	4	0	1	715	216
10	13	4	0	2	3575	432
10	13	4	0	3	-4235	864
10	13	4	0	4	385	384
10	13	4	1	0	2305985	6912
10	13	4	1	1	-2141095	13824
10	13	4	1	2	65725	1152
10	13	4	1	3	-1375	128
10	13	4	2	0	-86405	1024
10	13	4	2	1	-11495	256
10	13	4	2	2	5005	384
10	13	4	2	3	55	64
10	13	4	3	0	13475	6144
10	13	4	3	1	10945	1024
10	13	4	3	2	-825	256
10	13	4	4	0	165	512
10	13	4	4	1	-55	256
10	13	5	0	0	-762905	5184
10	13	5	0	1	48455	576
10	13	5	0	2	-19855	432
10	13	5	0	3	122815	6912
10	13	5	0	4	-55	16
10	13	5	1	0	2041655	13824
10	13	5	1	1	442475	27648
10	13	5	1	2	-6985	288
10	13	5	1	3	5555	768
10	13	5	2	0	275	64
10	13	5	2	1	-51425	1536
10	13	5	2	2	55	16
10	13	5	2	3	-165	256
10	13	5	3	0	-2475	1024
10	13	5	3	1	10615	2048
10	13	5	4	1	-55	512
10	13	6	0	0	-2049575	20736
10	13	6	0	1	116765	5184
10	13	6	0	2	55	3456
10	13	6	0	3	-4235	1152
10	13	6	0	4	385	288
10	13	6	1	0	28105	3072
10	13	6	1	1	431695	6912
10	13	6	1	2	-15565	768
10	13	6	1	3	2365	1152
10	13	6	2	0	825	256
10	13	6	2	1	-2035	288
10	13	6	2	2	-935	1152
10	13	6	2	3	-55	384
10	13	6	3	0	-825	2048
10	13	6	3	1	-55	512
10	13	6	3	2	275	512
10	13	7	0	0	-459965	20736
10	13	7	0	1	-484715	13824
10	13	7	0	2	40205	1728
10	13	7	0	3	-55055	6912
10	13	7	0	4	55	48
10	13	7	1	0	-49775	6912
10	13	7	1	1	429385	27648
10	13	7	1	2	385	72
10	13	7	1	3	-55	24
10	13	7	2	0	275	256
10	13	7	2	1	-6325	4608
10	13	7	2	2	-55	64
10	13	7	2	3	55	256
10	13	7	3	1	-55	2048
10	13	8	0	0	504955	165888
10	13	8	0	1	-135355	6912
10	13	8	0	2	5665	3456
10	13	8	0	3	4235	1728
10	13	8	0	4	-55	64
10	13	8	1	0	-69575	55296
10	13	8	1	1	-1705	6912
10	13	8	1	2	935	288
10	13	8	1	3	-55	384
10	13	8	2	0	275	2048
10	13	8	2	1	55	256
10	13	8	2	2	-55	128
10	13	9	0	0	36575	20736
10	13	9	0	1	-52415	41472
10	13	9	0	2	-4235	864
10	13	9	0	3	4235	2304
10	13	9	0	4	-55	432
10	13	9	1	0	-275	2304
10	13	9	1	1	-2695	13824
10	13	9	1	2	55	192
10	13	9	1	3	1375	6912
10	13	9	2	1	55	1536
10	13	9	2	3	-55	2304
10	13	10	0	0	3685	41472
10	13	10	0	1	715	864
10	13	10	0	2	-3575	3456
10	13	10	0	3	-4235	10368
10	13	10	0	4	55	288
10	13	10	1	0	-55	4608
10	13	10	1	1	-55	864
10	13	10	1	2	55	768
10	13	10	1	3	55	2304
10	13	11	0	0	-55	2304
10	13	11	0	1	715	6912
10	13	11	0	2	55	576
10	13	11	0	3	-4235	20736
10	13	11	1	1	-55	6912
10	13	11	1	3	55	4608
10	13	12	0	0	-55	27648
10	13	12	0	2	55	3456
10	13	12	0	4	-55	3456
11	0	0	0	0	-1148175	2048
11	0	0	1	0	6965595	2048
11	0	0	2	0	-10945935	2048
11	0	0	3	0	5733585	2048
11	0	0	4	0	-1054053	2048
11	0	0	5	0	61425	2048
11	0	0	6	0	-765	2048
11	1	0	0	0	3466395	1024
11	1	0	1	0	-21815325	1024
11	1	0	2	0	39937455	1024
11	1	0	3	0	-24473475	1024
11	1	0	4	0	5175297	1024
11	1	0	5	0	-340335	1024
11	1	0	6	0	4725	1024
11	2	0	0	0	-9546255	1024
11	2	0	1	0	62289405	1024
11	2	0	2	0	-130672035	1024
11	2	0	3	0	94332195	1024
11	2	0	4	0	-23193117	1024
11	2	0	5	0	1728495	1024
11	2	0	6	0	-26865	1024
11	3	0	0	0	1921725	128
11	3	0	0	1	13365	32
11	3	0	1	0	-53546265	512
11	3	0	1	1	-334125	256
11	3	0	2	0	63308205	256
11	3	0	2	1	31185	32
11	3	0	3	0	-108339165	512
11	3	0	3	1	-51975	256
11	3	0	4	0	1963437	32
11	3	0	4	1	165	16
11	3	0	5	0	-2662815	512
11	3	0	5	1	-15	256
11	3	0	6	0	23265	256
11	3	1	0	0	132435	128
11	3	1	0	1	-40095	64
11	3	1	1	0	-955395	256
11	3	1	1	1	1002375	512
11	3	1	2	0	188685	64
11	3	1	2	1	-93555	64
11	3	1	3	0	-160755	256
11	3	1	3	1	155925	512
11	3	1	4	0	4035	128
11	3	1	4	1	-495	32
11	3	1	5	0	-45	256
11	3	1	5	1	45	512
11	3	2	0	0	132435	256
11	3	2	1	0	-955395	512
11	3	2	2	0	188685	128
11	3	2	3	0	-160755	512
11	3	2	4	0	4035	256
11	3	2	5	0	-45	512
11	3	3	0	1	13365	64
11	3	3	1	1	-334125	512
11	3	3	2	1	31185	64
11	3	3	3	1	-51975	512
11	3	3	4	1	165	32
11	3	3	5	1	-15	512
11	4	0	0	0	-31562865	2048
11	4	0	0	1	-51705	32
11	4	0	1	0	244941705	2048
11	4	0	1	1	822105	128
11	4	0	2	0	-647426985	2048
11	4	0	2	1	-48015	8
11	4	0	3	0	658708095	2048
11	4	0	3	1	193335	128
11	4	0	4	0	-229814475	2048
11	4	0	4	1	-2875	32
11	4	0	5	0	22206675	2048
11	4	0	5	1	75	128
11	4	0	6	0	-438075	2048
11	4	1	0	0	-513675	128
11	4	1	0	1	155115	64
11	4	1	1	0	2304495	128
11	4	1	1	1	-2466315	256
11	4	1	2	0	-1161435	64
11	4	1	2	1	144045	16
11	4	1	3	0	606595	128
11	4	1	3	1	-580005	256
11	4	1	4	0	-106165	384
11	4	1	4	1	8625	64
11	4	1	5	0	225	128
11	4	1	5	1	-225	256
11	4	2	0	0	-576855	256
11	4	2	1	0	2369835	256
11	4	2	2	0	-1155975	128
11	4	2	3	0	597745	256
11	4	2	4	0	-105145	768
11	4	2	5	0	225	256
11	4	3	0	0	-15795	64
11	4	3	0	1	-51705	64
11	4	3	1	0	16335	64
11	4	3	1	1	822105	256
11	4	3	2	0	1365	32
11	4	3	2	1	-48015	16
11	4	3	3	0	-4425	128
11	4	3	3	1	193335	256
11	4	3	4	0	85	64
11	4	3	4	1	-2875	64
11	4	3	5	1	75	256
11	4	4	0	0	-15795	256
11	4	4	1	0	16335	256
11	4	4	2	0	1365	128
11	4	4	3	0	-4425	512
11	4	4	4	0	85	256
11	5	0	0	0	10762515	1024
11	5	0	0	1	48465	16
11	5	0	1	0	-96305535	1024
11	5	0	1	1	-3499965	256
11	5	0	2	0	288215215	1024
11	5	0	2	1	514585	32
11	5	0	3	0	-347253505	1024
11	5	0	3	1	-3821335	768
11	5	0	4	0	150123993	1024
11	5	0	4	1	11175	32
11	5	0	5	0	-16539525	1024
11	5	0	5	1	-675	256
11	5	0	6	0	369765	1024
11	5	1	0	0	1028565	128
11	5	1	0	1	-286965	64
11	5	1	1	0	-9594855	256
11	5	1	1	1	10511415	512
11	5	1	2	0	3094695	64
11	5	1	2	1	-1544665	64
11	5	1	3	0	-4077495	256
11	5	1	3	1	11456965	1536
11	5	1	4	0	415895	384
11	5	1	4	1	-2095	4
11	5	1	5	0	-2025	256
11	5	1	5	1	2025	512
11	5	2	0	0	1291545	256
11	5	2	0	1	-3825	64
11	5	2	1	0	-10165815	512
11	5	2	1	1	-45	2
11	5	2	2	0	3058835	128
11	5	2	2	1	455	32
11	5	2	3	0	-3959375	512
11	5	2	3	1	55	12
11	5	2	4	0	407555	768
11	5	2	4	1	-5	64
11	5	2	5	0	-2025	512
11	5	3	0	0	65745	64
11	5	3	0	1	376245	256
11	5	3	1	0	-35685	32
11	5	3	1	1	-3508605	512
11	5	3	2	0	-8965	32
11	5	3	2	1	1030535	128
11	5	3	3	0	14765	64
11	5	3	3	1	-3816055	1536
11	5	3	4	0	-695	64
11	5	3	4	1	44685	256
11	5	3	5	1	-675	512
11	5	4	0	0	65745	256
11	5	4	0	1	3825	128
11	5	4	1	0	-35685	128
11	5	4	1	1	45	4
11	5	4	2	0	-8965	128
11	5	4	2	1	-455	64
11	5	4	3	0	14765	256
11	5	4	3	1	-55	24
11	5	4	4	0	-695	256
11	5	4	4	1	5	128
11	5	5	0	1	3825	256
11	5	5	1	1	45	8
11	5	5	2	1	-455	128
11	5	5	3	1	-55	48
11	5	5	4	1	5	256
11	6	0	0	0	-2516355	512
11	6	0	0	1	-27375	8
11	6	0	0	2	-1485	16
11	6	0	1	0	25793445	512
11	6	0	1	1	132195	8
11	6	0	1	2	7995	64
11	6	0	2	0	-92239635	512
11	6	0	2	1	-588685	24
11	6	0	2	2	-275	8
11	6	0	3	0	129022665	512
11	6	0	3	1	5506595	576
11	6	0	3	2	425	384
11	6	0	4	0	-72329307	512
11	6	0	4	1	-6375	8
11	6	0	5	0	9055485	512
11	6	0	5	1	225	32
11	6	0	6	0	-230175	512
11	6	1	0	0	-1256265	128
11	6	1	0	1	70845	16
11	6	1	0	2	4455	16
11	6	1	1	0	2852565	64
11	6	1	1	1	-386085	16
11	6	1	1	2	-23985	64
11	6	1	2	0	-27892445	384
11	6	1	2	1	586575	16
11	6	1	2	2	825	8
11	6	1	3	0	24173605	768
11	6	1	3	1	-16476625	1152
11	6	1	3	2	-425	128
11	6	1	4	0	-239455	96
11	6	1	4	1	19115	16
11	6	1	5	0	675	32
11	6	1	5	1	-675	64
11	6	2	0	0	-1900005	256
11	6	2	0	1	705	1
11	6	2	0	2	-13365	64
11	6	2	1	0	3255435	128
11	6	2	1	1	-2625	4
11	6	2	1	2	71955	256
11	6	2	2	0	-27560185	768
11	6	2	2	1	1055	8
11	6	2	2	2	-2475	32
11	6	2	3	0	69499895	4608
11	6	2	3	1	-5395	144
11	6	2	3	2	1275	512
11	6	2	4	0	-231955	192
11	6	2	4	1	5	8
11	6	2	5	0	675	64
11	6	3	0	0	-157965	64
11	6	3	0	1	-18915	16
11	6	3	0	2	-1485	16
11	6	3	1	0	196755	64
11	6	3	1	1	7770	1
11	6	3	1	2	7995	64
11	6	3	2	0	85315	192
11	6	3	2	1	-1167875	96
11	6	3	2	2	-275	8
11	6	3	3	0	-94595	144
11	6	3	3	1	5474225	1152
11	6	3	3	2	425	384
11	6	3	4	0	625	16
11	6	3	4	1	-12735	32
11	6	3	5	1	225	64
11	6	4	0	0	-143115	256
11	6	4	0	1	-705	2
11	6	4	0	2	4455	32
11	6	4	1	0	173355	256
11	6	4	1	1	2625	8
11	6	4	1	2	-23985	128
11	6	4	2	0	96565	768
11	6	4	2	1	-1055	16
11	6	4	2	2	825	16
11	6	4	3	0	-382205	2304
11	6	4	3	1	5395	288
11	6	4	3	2	-425	256
11	6	4	4	0	625	64
11	6	4	4	1	-5	16
11	6	5	0	0	4455	128
11	6	5	0	1	-705	4
11	6	5	1	0	-1755	32
11	6	5	1	1	2625	16
11	6	5	2	0	1125	128
11	6	5	2	1	-1055	32
11	6	5	3	0	-255	256
11	6	5	3	1	5395	576
11	6	5	4	1	-5	32
11	6	6	0	0	1485	256
11	6	6	0	2	-1485	64
11	6	6	1	0	-585	64
11	6	6	1	2	7995	256
11	6	6	2	0	375	256
11	6	6	2	2	-275	32
11	6	6	3	0	-85	512
11	6	6	3	2	425	1536
11	7	0	0	0	412785	256
11	7	0	0	1	150775	64
11	7	0	0	2	3785	16
11	7	0	1	0	-8919945	512
11	7	0	1	1	-9615235	768
11	7	0	1	2	-11365	24
11	7	0	2	0	21658275	256
11	7	0	2	1	1681235	72
11	7	0	2	2	8365	48
11	7	0	3	0	-133772805	1024
11	7	0	3	1	-6083475	512
11	7	0	3	2	-225	32
11	7	0	4	0	13084113	128
11	7	0	4	1	4725	4
11	7	0	5	0	-3691485	256
11	7	0	5	1	-1575	128
11	7	0	6	0	13365	32
11	7	1	0	0	899275	128
11	7	1	0	1	-267285	128
11	7	1	0	2	-11355	16
11	7	1	1	0	-26156405	768
11	7	1	1	1	8238875	512
11	7	1	1	2	11365	8
11	7	1	2	0	25646635	384
11	7	1	2	1	-4914665	144
11	7	1	2	2	-8365	16
11	7	1	3	0	-20830815	512
11	7	1	3	1	54344755	3072
11	7	1	3	2	675	32
11	7	1	4	0	717745	192
11	7	1	4	1	-28315	16
11	7	1	5	0	-4725	128
11	7	1	5	1	4725	256
11	7	2	0	0	1682095	256
11	7	2	0	1	-22635	16
11	7	2	0	2	34065	64
11	7	2	1	0	-35680385	1536
11	7	2	1	1	85865	32
11	7	2	1	2	-34095	32
11	7	2	2	0	78440405	2304
11	7	2	2	1	-32515	36
11	7	2	2	2	25095	64
11	7	2	3	0	-19786795	1024
11	7	2	3	1	25415	192
11	7	2	3	2	-2025	128
11	7	2	4	0	686665	384
11	7	2	4	1	-35	16
11	7	2	5	0	-4725	256
11	7	3	0	0	193975	64
11	7	3	0	1	10015	128
11	7	3	0	2	3785	16
11	7	3	1	0	-2281205	384
11	7	3	1	1	-6514645	1536
11	7	3	1	2	-11365	24
11	7	3	2	0	328355	576
11	7	3	2	1	1584965	144
11	7	3	2	2	8365	48
11	7	3	3	0	263195	256
11	7	3	3	1	-5981865	1024
11	7	3	3	2	-225	32
11	7	3	4	0	-1295	16
11	7	3	4	1	37695	64
11	7	3	5	1	-1575	256
11	7	4	0	0	185325	256
11	7	4	0	1	43785	64
11	7	4	0	2	-11355	32
11	7	4	1	0	-594085	512
11	7	4	1	1	-342515	256
11	7	4	1	2	11365	16
11	7	4	2	0	94505	2304
11	7	4	2	1	65795	144
11	7	4	2	2	-8365	32
11	7	4	3	0	274145	1024
11	7	4	3	1	-101705	1536
11	7	4	3	2	675	64
11	7	4	4	0	-1295	64
11	7	4	4	1	35	32
11	7	5	0	0	-2595	128
11	7	5	0	1	46755	128
11	7	5	1	0	49895	256
11	7	5	1	1	-344405	512
11	7	5	2	0	-7795	128
11	7	5	2	1	64265	288
11	7	5	3	0	3285	512
11	7	5	3	1	-101615	3072
11	7	5	4	1	35	64
11	7	6	0	0	-865	256
11	7	6	0	1	495	32
11	7	6	0	2	3785	64
11	7	6	1	0	49895	1536
11	7	6	1	1	-315	128
11	7	6	1	2	-11365	96
11	7	6	2	0	-7795	768
11	7	6	2	1	-85	24
11	7	6	2	2	8365	192
11	7	6	3	0	1095	1024
11	7	6	3	1	5	256
11	7	6	3	2	-225	128
11	7	7	0	1	495	128
11	7	7	1	1	-315	512
11	7	7	2	1	-85	96
11	7	7	3	1	5	1024
11	8	0	0	0	-90775	256
11	8	0	0	1	-29285	32
11	8	0	0	2	-50305	192
11	8	0	1	0	3478125	1024
11	8	0	1	1	2381855	384
11	8	0	1	2	23105	32
11	8	0	2	0	-30113705	1024
11	8	0	2	1	-12302665	864
11	8	0	2	2	-212305	576
11	8	0	3	0	92333035	2048
11	8	0	3	1	2564405	256
11	8	0	3	2	2425	128
11	8	0	4	0	-114652491	2048
11	8	0	4	1	-19005	16
11	8	0	5	0	17941095	2048
11	8	0	5	1	945	64
11	8	0	6	0	-592515	2048
11	8	1	0	0	-666045	256
11	8	1	0	1	-7555	192
11	8	1	0	2	50175	64
11	8	1	1	0	13789585	768
11	8	1	1	1	-3945605	768
11	8	1	1	2	-2170	1
11	8	1	2	0	-28988245	768
11	8	1	2	1	33295475	1728
11	8	1	2	2	212135	192
11	8	1	3	0	4632625	128
11	8	1	3	1	-22674325	1536
11	8	1	3	2	-7275	128
11	8	1	4	0	-731255	192
11	8	1	4	1	56875	32
11	8	1	5	0	2835	64
11	8	1	5	1	-2835	128
11	8	2	0	0	-1747535	512
11	8	2	0	1	31895	24
11	8	2	0	2	-149615	256
11	8	2	1	0	24983035	1536
11	8	2	1	1	-200275	48
11	8	2	1	2	209195	128
11	8	2	2	0	-101156285	4608
11	8	2	2	1	228805	108
11	8	2	2	2	-635215	768
11	8	2	3	0	13196225	768
11	8	2	3	1	-25355	96
11	8	2	3	2	21825	512
11	8	2	4	0	-690515	384
11	8	2	4	1	35	8
11	8	2	5	0	2835	128
11	8	3	0	0	-563645	256
11	8	3	0	1	41155	64
11	8	3	0	2	-101195	384
11	8	3	1	0	5310185	768
11	8	3	1	1	-15895	768
11	8	3	1	2	92045	128
11	8	3	2	0	-6576235	2304
11	8	3	2	1	-9617455	1728
11	8	3	2	2	-425375	1152
11	8	3	3	0	-359825	384
11	8	3	3	1	2463135	512
11	8	3	3	2	2425	128
11	8	3	4	0	3395	32
11	8	3	4	1	-4725	8
11	8	3	5	1	945	128
11	8	4	0	0	-677625	1024
11	8	4	0	1	-57805	96
11	8	4	0	2	99505	256
11	8	4	1	0	1293495	1024
11	8	4	1	1	802765	384
11	8	4	1	2	-279385	256
11	8	4	2	0	-3976495	9216
11	8	4	2	1	-933355	864
11	8	4	2	2	141055	256
11	8	4	3	0	-404825	1536
11	8	4	3	1	101555	768
11	8	4	3	2	-7275	256
11	8	4	4	0	3395	128
11	8	4	4	1	-35	16
11	8	5	0	0	-16915	256
11	8	5	0	1	-69775	192
11	8	5	0	2	65	32
11	8	5	1	0	-71135	256
11	8	5	1	1	799435	768
11	8	5	1	2	125	32
11	8	5	2	0	130225	768
11	8	5	2	1	-897085	1728
11	8	5	2	2	85	96
11	8	5	3	0	-1125	64
11	8	5	3	1	101285	1536
11	8	5	4	1	-35	32
11	8	6	0	0	-5335	512
11	8	6	0	1	-665	16
11	8	6	0	2	-49135	768
11	8	6	1	0	-69385	1536
11	8	6	1	1	-185	64
11	8	6	1	2	2935	16
11	8	6	2	0	43805	1536
11	8	6	2	1	2015	144
11	8	6	2	2	-210775	2304
11	8	6	3	0	-375	128
11	8	6	3	1	-15	128
11	8	6	3	2	2425	512
11	8	7	0	0	65	256
11	8	7	0	1	-665	64
11	8	7	0	2	-65	128
11	8	7	1	0	125	256
11	8	7	1	1	-185	256
11	8	7	1	2	-125	128
11	8	7	2	0	85	768
11	8	7	2	1	2015	576
11	8	7	2	2	-85	384
11	8	7	3	1	-15	512
11	8	8	0	0	65	2048
11	8	8	0	2	-65	256
11	8	8	1	0	125	2048
11	8	8	1	2	-125	256
11	8	8	2	0	85	6144
11	8	8	2	2	-85	768
11	9	0	0	0	315	8
11	9	0	0	1	95135	576
11	9	0	0	2	7565	48
11	9	0	0	3	105	16
11	9	0	1	0	-29895	128
11	9	0	1	1	-4670885	2304
11	9	0	1	2	-20275	36
11	9	0	1	3	-55	18
11	9	0	2	0	3796185	512
11	9	0	2	1	4699975	864
11	9	0	2	2	30355	72
11	9	0	2	3	5	144
11	9	0	3	0	-2313315	256
11	9	0	3	1	-26915285	4608
11	9	0	3	2	-5375	192
11	9	0	4	0	23705475	1024
11	9	0	4	1	13125	16
11	9	0	5	0	-4016025	1024
11	9	0	5	1	-1575	128
11	9	0	6	0	150975	1024
11	9	1	0	0	65515	192
11	9	1	0	1	688045	1152
11	9	1	0	2	-59095	144
11	9	1	0	3	-945	32
11	9	1	1	0	-5163545	768
11	9	1	1	1	-226835	1536
11	9	1	1	2	241045	144
11	9	1	1	3	55	4
11	9	1	2	0	2309005	192
11	9	1	2	1	-4839115	864
11	9	1	2	2	-10085	8
11	9	1	2	3	-5	32
11	9	1	3	0	-34795615	1536
11	9	1	3	1	77751655	9216
11	9	1	3	2	5375	64
11	9	1	4	0	512995	192
11	9	1	4	1	-1225	1
11	9	1	5	0	-4725	128
11	9	1	5	1	4725	256
11	9	2	0	0	193915	144
11	9	2	0	1	-326045	576
11	9	2	0	2	114355	576
11	9	2	0	3	2835	64
11	9	2	1	0	-12196265	1536
11	9	2	1	1	907795	288
11	9	2	1	2	-353675	288
11	9	2	1	3	-165	8
11	9	2	2	0	3066205	288
11	9	2	2	1	-4488475	1728
11	9	2	2	2	90065	96
11	9	2	2	3	15	64
11	9	2	3	0	-100453745	9216
11	9	2	3	1	187475	576
11	9	2	3	2	-16125	256
11	9	2	4	0	478135	384
11	9	2	4	1	-175	32
11	9	2	5	0	-4725	256
11	9	3	0	0	1782335	1152
11	9	3	0	1	-1613105	2304
11	9	3	0	2	19625	96
11	9	3	0	3	-1575	128
11	9	3	1	0	-281065	64
11	9	3	1	1	6448565	4608
11	9	3	1	2	-331165	576
11	9	3	1	3	275	48
11	9	3	2	0	4964125	1152
11	9	3	2	1	5667655	6912
11	9	3	2	2	7645	18
11	9	3	2	3	-25	384
11	9	3	3	0	1064725	2304
11	9	3	3	1	-24672335	9216
11	9	3	3	2	-5375	192
11	9	3	4	0	-2905	32
11	9	3	4	1	51975	128
11	9	3	5	1	-1575	256
11	9	4	0	0	3787615	4608
11	9	4	0	1	85025	1152
11	9	4	0	2	-59755	576
11	9	4	0	3	-945	32
11	9	4	1	0	-493585	576
11	9	4	1	1	-3568015	2304
11	9	4	1	2	934865	1152
11	9	4	1	3	55	4
11	9	4	2	0	3089845	4608
11	9	4	2	1	4588645	3456
11	9	4	2	2	-14965	24
11	9	4	2	3	-5	32
11	9	4	3	0	1471975	9216
11	9	4	3	1	-751925	4608
11	9	4	3	2	5375	128
11	9	4	4	0	-2905	128
11	9	4	4	1	175	64
11	9	5	0	0	127205	576
11	9	5	0	1	599825	2304
11	9	5	0	2	-4495	72
11	9	5	0	3	2835	128
11	9	5	1	0	356695	2304
11	9	5	1	1	-3717385	4608
11	9	5	1	2	2255	144
11	9	5	1	3	-165	16
11	9	5	2	0	-1475	6
11	9	5	2	1	4389385	6912
11	9	5	2	2	-25	6
11	9	5	2	3	15	128
11	9	5	3	0	13575	512
11	9	5	3	1	-747875	9216
11	9	5	4	1	175	128
11	9	6	0	0	625	192
11	9	6	0	1	4615	32
11	9	6	0	2	-475	64
11	9	6	0	3	315	64
11	9	6	1	0	52715	1536
11	9	6	1	1	-22975	1152
11	9	6	1	2	-74335	576
11	9	6	1	3	-55	24
11	9	6	2	0	-5435	128
11	9	6	2	1	-925	48
11	9	6	2	2	29455	288
11	9	6	2	3	5	192
11	9	6	3	0	4525	1024
11	9	6	3	1	75	256
11	9	6	3	2	-5375	768
11	9	7	0	0	-16565	1152
11	9	7	0	1	22685	768
11	9	7	0	2	4495	288
11	9	7	0	3	-945	128
11	9	7	1	0	4205	1152
11	9	7	1	1	-12415	4608
11	9	7	1	2	-2255	576
11	9	7	1	3	55	16
11	9	7	2	0	-245	384
11	9	7	2	1	-3755	768
11	9	7	2	2	25	24
11	9	7	2	3	-5	128
11	9	7	3	1	75	1024
11	9	8	0	0	-16565	9216
11	9	8	0	1	-455	128
11	9	8	0	2	4495	576
11	9	8	1	0	4205	9216
11	9	8	1	1	5	4
11	9	8	1	2	-2255	1152
11	9	8	2	0	-245	3072
11	9	8	2	1	-5	128
11	9	8	2	2	25	48
11	9	9	0	1	-455	768
11	9	9	0	3	105	128
11	9	9	1	1	5	24
11	9	9	1	3	-55	144
11	9	9	2	1	-5	768
11	9	9	2	3	5	1152
11	10	0	0	1	-3845	576
11	10	0	0	2	-89335	1728
11	10	0	0	3	-75	8
11	10	0	1	0	-7815	512
11	10	0	1	1	120035	288
11	10	0	1	2	2414885	10368
11	10	0	1	3	3575	432
11	10	0	2	0	-631335	512
11	10	0	2	1	-171065	144
11	10	0	2	2	-81455	288
11	10	0	2	3	-5	36
11	10	0	3	0	522975	1024
11	10	0	3	1	903055	384
11	10	0	3	2	3125	128
11	10	0	4	0	-7271229	1024
11	10	0	4	1	-3075	8
11	10	0	5	0	1290375	1024
11	10	0	5	1	225	32
11	10	0	6	0	-54945	1024
11	10	1	0	0	2605	128
11	10	1	0	1	-358445	1152
11	10	1	0	2	41575	576
11	10	1	0	3	675	16
11	10	1	1	0	426045	256
11	10	1	1	1	1013665	1728
11	10	1	1	2	-2196545	3456
11	10	1	1	3	-3575	96
11	10	1	2	0	-133855	96
11	10	1	2	1	-16715	288
11	10	1	2	2	80705	96
11	10	1	2	3	5	8
11	10	1	3	0	2549695	256
11	10	1	3	1	-2515045	768
11	10	1	3	2	-9375	128
11	10	1	4	0	-122455	96
11	10	1	4	1	9155	16
11	10	1	5	0	675	32
11	10	1	5	1	-675	64
11	10	2	0	0	-144565	256
11	10	2	0	1	10385	288
11	10	2	0	2	23155	256
11	10	2	0	3	-2025	32
11	10	2	1	0	1035745	512
11	10	2	1	1	-148435	144
11	10	2	1	2	1685725	4608
11	10	2	1	3	3575	64
11	10	2	2	0	-5178445	1152
11	10	2	2	1	89105	48
11	10	2	2	2	-78955	128
11	10	2	2	3	-15	16
11	10	2	3	0	7599725	1536
11	10	2	3	1	-6085	24
11	10	2	3	2	28125	512
11	10	2	4	0	-112795	192
11	10	2	4	1	35	8
11	10	2	5	0	675	64
11	10	3	0	0	-348995	384
11	10	3	0	1	37495	96
11	10	3	0	2	-194995	1728
11	10	3	0	3	1125	64
11	10	3	1	0	175665	128
11	10	3	1	1	-57725	72
11	10	3	1	2	1456135	5184
11	10	3	1	3	-17875	1152
11	10	3	2	0	-4079995	1152
11	10	3	2	1	448255	576
11	10	3	2	2	-166285	576
11	10	3	2	3	25	96
11	10	3	3	0	-12245	192
11	10	3	3	1	757765	768
11	10	3	3	2	3125	128
11	10	3	4	0	805	16
11	10	3	4	1	-6045	32
11	10	3	5	1	225	64
11	10	4	0	0	-8484035	13824
11	10	4	0	1	28195	144
11	10	4	0	2	-113345	1152
11	10	4	0	3	675	16
11	10	4	1	0	22399985	41472
11	10	4	1	1	27335	72
11	10	4	1	2	-46435	216
11	10	4	1	3	-3575	96
11	10	4	2	0	-2590075	4608
11	10	4	2	1	-30095	32
11	10	4	2	2	156535	384
11	10	4	2	3	5	8
11	10	4	3	0	-10655	192
11	10	4	3	1	48905	384
11	10	4	3	2	-9375	256
11	10	4	4	0	805	64
11	10	4	4	1	-35	16
11	10	5	0	0	-10165	54
11	10	5	0	1	-75835	576
11	10	5	0	2	7835	96
11	10	5	0	3	-2025	64
11	10	5	1	0	396665	5184
11	10	5	1	1	98425	288
11	10	5	1	2	-36815	576
11	10	5	1	3	3575	128
11	10	5	2	0	12675	64
11	10	5	2	1	-88045	192
11	10	5	2	2	125	16
11	10	5	2	3	-15	32
11	10	5	3	0	-6075	256
11	10	5	3	1	48455	768
11	10	5	4	1	-35	32
11	10	6	0	0	2125	384
11	10	6	0	1	-42565	288
11	10	6	0	2	42535	864
11	10	6	0	3	-225	32
11	10	6	1	0	-3125	144
11	10	6	1	1	41425	432
11	10	6	1	2	112265	10368
11	10	6	1	3	3575	576
11	10	6	2	0	6985	192
11	10	6	2	1	575	72
11	10	6	2	2	-74705	1152
11	10	6	2	3	-5	48
11	10	6	3	0	-2025	512
11	10	6	3	1	-25	64
11	10	6	3	2	3125	512
11	10	7	0	0	56465	3456
11	10	7	0	1	-2855	96
11	10	7	0	2	-1285	64
11	10	7	0	3	675	64
11	10	7	1	0	-150035	10368
11	10	7	1	1	14305	864
11	10	7	1	2	4655	288
11	10	7	1	3	-3575	384
11	10	7	2	0	185	128
11	10	7	2	1	1315	576
11	10	7	2	2	-125	64
11	10	7	2	3	5	32
11	10	7	3	1	-25	256
11	10	8	0	0	65465	27648
11	10	8	0	1	755	192
11	10	8	0	2	-3955	384
11	10	8	1	0	-134735	82944
11	10	8	1	1	-1165	288
11	10	8	1	2	2285	288
11	10	8	2	0	185	1024
11	10	8	2	1	5	32
11	10	8	2	2	-125	128
11	10	9	0	0	125	1152
11	10	9	0	1	755	1152
11	10	9	0	2	-25	192
11	10	9	0	3	-75	64
11	10	9	1	0	425	6912
11	10	9	1	1	-1165	1728
11	10	9	1	2	-85	1152
11	10	9	1	3	3575	3456
11	10	9	2	1	5	192
11	10	9	2	3	-5	288
11	10	10	0	0	25	2304
11	10	10	0	2	-25	768
11	10	10	1	0	85	13824
11	10	10	1	2	-85	4608
11	11	0	0	2	4645	648
11	11	0	0	3	755	162
11	11	0	1	1	-24515	576
11	11	0	1	2	-239495	5184
11	11	0	1	3	-2255	288
11	11	0	2	0	25795	256
11	11	0	2	1	95815	864
11	11	0	2	2	8105	72
11	11	0	2	3	5	24
11	11	0	3	0	171695	1024
11	11	0	3	1	-976045	1536
11	11	0	3	2	-25	2
11	11	0	4	0	197499	128
11	11	0	4	1	1875	16
11	11	0	5	0	-141255	512
11	11	0	5	1	-675	256
11	11	0	6	0	3375	256
11	11	1	0	1	24515	432
11	11	1	0	2	3325	216
11	11	1	0	3	-2285	108
11	11	1	1	0	-25795	128
11	11	1	1	1	-395125	3456
11	11	1	1	2	120815	1728
11	11	1	1	3	20275	576
11	11	1	2	0	-102505	384
11	11	1	2	1	1092205	1728
11	11	1	2	2	-3965	12
11	11	1	2	3	-15	16
11	11	1	3	0	-1522195	512
11	11	1	3	1	851925	1024
11	11	1	3	2	75	2
11	11	1	4	0	152645	384
11	11	1	4	1	-5555	32
11	11	1	5	0	-2025	256
11	11	1	5	1	2025	512
11	11	2	0	0	25795	192
11	11	2	0	1	4745	144
11	11	2	0	2	-66685	864
11	11	2	0	3	6955	216
11	11	2	1	0	-3585	256
11	11	2	1	1	-28175	576
11	11	2	1	2	156985	2304
11	11	2	1	3	-60725	1152
11	11	2	2	0	3943945	2304
11	11	2	2	1	-681965	864
11	11	2	2	2	22565	96
11	11	2	2	3	45	32
11	11	2	3	0	-4779605	3072
11	11	2	3	1	7795	64
11	11	2	3	2	-225	8
11	11	2	4	0	139445	768
11	11	2	4	1	-35	16
11	11	2	5	0	-2025	512
11	11	3	0	0	303905	1728
11	11	3	0	1	-497935	5184
11	11	3	0	2	47915	1296
11	11	3	0	3	-4135	432
11	11	3	1	0	-31665	128
11	11	3	1	1	25655	108
11	11	3	1	2	-510485	5184
11	11	3	1	3	11155	768
11	11	3	2	0	1001875	576
11	11	3	2	1	-1895725	3456
11	11	3	2	2	33995	288
11	11	3	2	3	-25	64
11	11	3	3	0	-40385	768
11	11	3	3	1	-697675	3072
11	11	3	3	2	-25	2
11	11	3	4	0	-275	16
11	11	3	4	1	3645	64
11	11	3	5	1	-675	512
11	11	4	0	0	558095	6912
11	11	4	0	1	-27055	324
11	11	4	0	2	58915	864
11	11	4	0	3	-85	4
11	11	4	1	0	-18380635	41472
11	11	4	1	1	1346585	6912
11	11	4	1	2	-265555	3456
11	11	4	1	3	6755	192
11	11	4	2	0	689485	2304
11	11	4	2	1	670175	1728
11	11	4	2	2	-9815	64
11	11	4	2	3	-15	16
11	11	4	3	0	23965	3072
11	11	4	3	1	-31405	512
11	11	4	3	2	75	4
11	11	4	4	0	-275	64
11	11	4	4	1	35	32
11	11	5	0	0	155	128
11	11	5	0	1	99755	2592
11	11	5	0	2	-8545	216
11	11	5	0	3	1205	72
11	11	5	1	0	-3697195	20736
11	11	5	1	1	-1249525	13824
11	11	5	1	2	6685	96
11	11	5	1	3	-10075	384
11	11	5	2	0	-32975	384
11	11	5	2	1	696995	3456
11	11	5	2	2	-175	24
11	11	5	2	3	45	64
11	11	5	3	0	6435	512
11	11	5	3	1	-30955	1024
11	11	5	4	1	35	64
11	11	6	0	0	-38455	2304
11	11	6	0	1	63245	1296
11	11	6	0	2	-134515	5184
11	11	6	0	3	355	108
11	11	6	1	0	54815	4608
11	11	6	1	1	-45865	384
11	11	6	1	2	12955	324
11	11	6	1	3	-1135	192
11	11	6	2	0	-13885	768
11	11	6	2	1	175	36
11	11	6	2	2	3265	144
11	11	6	2	3	5	32
11	11	6	3	0	2145	1024
11	11	6	3	1	75	256
11	11	6	3	2	-25	8
11	11	7	0	0	-1945	288
11	11	7	0	1	31325	5184
11	11	7	0	2	95	9
11	11	7	0	3	-205	36
11	11	7	1	0	44965	2592
11	11	7	1	1	-302575	13824
11	11	7	1	2	-10165	576
11	11	7	1	3	1675	192
11	11	7	2	0	-155	96
11	11	7	2	1	905	1152
11	11	7	2	2	175	96
11	11	7	2	3	-15	64
11	11	7	3	1	75	1024
11	11	8	0	0	-415	768
11	11	8	0	1	-1025	324
11	11	8	0	2	1025	216
11	11	8	0	3	5	36
11	11	8	1	0	38665	20736
11	11	8	1	1	15155	3456
11	11	8	1	2	-1105	128
11	11	8	1	3	5	192
11	11	8	2	0	-155	768
11	11	8	2	1	-15	64
11	11	8	2	2	175	192
11	11	9	0	0	175	1728
11	11	9	0	1	-245	648
11	11	9	0	2	-115	432
11	11	9	0	3	445	648
11	11	9	1	0	-175	1728
11	11	9	1	1	5245	6912
11	11	9	1	2	55	576
11	11	9	1	3	-1105	1152
11	11	9	2	1	-5	128
11	11	9	2	3	5	192
11	11	10	0	0	35	3456
11	11	10	0	1	5	81
11	11	10	0	2	-115	1728
11	11	10	0	3	-5	216
11	11	10	1	0	-35	3456
11	11	10	1	1	5	432
11	11	10	1	2	55	2304
11	11	10	1	3	-5	1152
11	11	11	0	1	5	648
11	11	11	0	3	-5	432
11	11	11	1	1	5	3456
11	11	11	1	3	-5	2304
11	12	0	0	3	-2635	3888
11	12	0	0	4	-85	648
11	12	0	1	2	31775	10368
11	12	0	1	3	55	18
11	12	0	2	1	935	864
11	12	0	2	2	-14465	576
11	12	0	2	3	-5	36
11	12	0	3	0	-56355	2048
11	12	0	3	1	244175	2304
11	12	0	3	2	1325	384
11	12	0	4	0	-437349	2048
11	12	0	4	1	-675	32
11	12	0	5	0	75765	2048
11	12	0	5	1	75	128
11	12	0	6	0	-4005	2048
11	12	1	0	2	-31775	7776
11	12	1	0	3	4165	2592
11	12	1	0	4	85	108
11	12	1	1	1	-935	432
11	12	1	1	2	71905	3456
11	12	1	1	3	-985	72
11	12	1	2	0	18785	256
11	12	1	2	1	-347065	1728
11	12	1	2	2	4605	64
11	12	1	2	3	5	8
11	12	1	3	0	210155	384
11	12	1	3	1	-581845	4608
11	12	1	3	2	-1325	128
11	12	1	4	0	-28165	384
11	12	1	4	1	1985	64
11	12	1	5	0	225	128
11	12	1	5	1	-225	256
11	12	2	0	1	935	648
11	12	2	0	2	57535	15552
11	12	2	0	3	6205	5184
11	12	2	0	4	-85	48
11	12	2	1	0	-18785	256
11	12	2	1	1	33985	288
11	12	2	1	2	-313265	4608
11	12	2	1	3	1465	72
11	12	2	2	0	-2182405	4608
11	12	2	2	1	81655	432
11	12	2	2	2	-36895	768
11	12	2	2	3	-15	16
11	12	2	3	0	707245	2304
11	12	2	3	1	-9485	288
11	12	2	3	2	3975	512
11	12	2	4	0	-25705	768
11	12	2	4	1	5	8
11	12	2	5	0	225	256
11	12	3	0	0	18785	576
11	12	3	0	1	-58885	3888
11	12	3	0	2	11785	1152
11	12	3	0	3	-54145	10368
11	12	3	0	4	1955	1296
11	12	3	1	0	92585	768
11	12	3	1	1	-13085	216
11	12	3	1	2	262535	10368
11	12	3	1	3	-65	12
11	12	3	2	0	-1134515	2304
11	12	3	2	1	134335	864
11	12	3	2	2	-31855	1152
11	12	3	2	3	25	96
11	12	3	3	0	16405	576
11	12	3	3	1	131705	4608
11	12	3	3	2	1325	384
11	12	3	4	0	205	64
11	12	3	4	1	-645	64
11	12	3	5	1	75	256
11	12	4	0	0	171235	5184
11	12	4	0	1	-3145	7776
11	12	4	0	2	-361975	62208
11	12	4	0	3	85	96
11	12	4	0	4	595	1152
11	12	4	1	0	21201775	82944
11	12	4	1	1	-504485	3456
11	12	4	1	2	408445	6912
11	12	4	1	3	-655	48
11	12	4	2	0	-911975	9216
11	12	4	2	1	-2345	27
11	12	4	2	2	23405	768
11	12	4	2	3	5	8
11	12	4	3	0	2455	2304
11	12	4	3	1	38345	2304
11	12	4	3	2	-1325	256
11	12	4	4	0	205	256
11	12	4	4	1	-5	16
11	12	5	0	0	-303035	62208
11	12	5	0	1	350165	15552
11	12	5	0	2	-12245	972
11	12	5	0	3	9605	1728
11	12	5	0	4	-85	48
11	12	5	1	0	2314775	20736
11	12	5	1	1	140425	6912
11	12	5	1	2	-17105	576
11	12	5	1	3	3815	384
11	12	5	2	0	13045	768
11	12	5	2	1	-44675	864
11	12	5	2	2	325	96
11	12	5	2	3	-15	32
11	12	5	3	0	-465	128
11	12	5	3	1	37535	4608
11	12	5	4	1	-5	32
11	12	6	0	0	-1705615	124416
11	12	6	0	1	22685	3888
11	12	6	0	2	67345	20736
11	12	6	0	3	-5525	2592
11	12	6	0	4	595	864
11	12	6	1	0	-4705	4608
11	12	6	1	1	34675	576
11	12	6	1	2	-450515	20736
11	12	6	1	3	455	192
11	12	6	2	0	2515	512
11	12	6	2	1	-85	16
11	12	6	2	2	-8615	2304
11	12	6	2	3	-5	48
11	12	6	3	0	-155	256
11	12	6	3	1	-15	128
11	12	6	3	2	1325	1536
11	12	7	0	0	-126215	62208
11	12	7	0	1	-150575	15552
11	12	7	0	2	232285	31104
11	12	7	0	3	-595	216
11	12	7	0	4	85	144
11	12	7	1	0	-172615	20736
11	12	7	1	1	84235	6912
11	12	7	1	2	8465	1152
11	12	7	1	3	-1255	384
11	12	7	2	0	685	768
11	12	7	2	1	-25	24
11	12	7	2	2	-325	384
11	12	7	2	3	5	32
11	12	7	3	1	-15	512
11	12	8	0	0	904225	497664
11	12	8	0	1	-9665	1944
11	12	8	0	2	-995	62208
11	12	8	0	3	935	864
11	12	8	0	4	-85	192
11	12	8	1	0	-163615	165888
11	12	8	1	1	-2825	1728
11	12	8	1	2	8605	2304
11	12	8	1	3	-5	96
11	12	8	2	0	685	6144
11	12	8	2	1	5	32
11	12	8	2	2	-325	768
11	12	9	0	0	37325	62208
11	12	9	0	1	65	3888
11	12	9	0	2	-3155	1728
11	12	9	0	3	11305	15552
11	12	9	0	4	-85	1296
11	12	9	1	0	125	6912
11	12	9	1	1	-1135	3456
11	12	9	1	2	35	1152
11	12	9	1	3	395	1152
11	12	9	2	1	5	192
11	12	9	2	3	-5	288
11	12	10	0	0	1855	124416
11	12	10	0	1	85	243
11	12	10	0	2	-275	768
11	12	10	0	3	-935	5184
11	12	10	0	4	85	864
11	12	10	1	0	25	13824
11	12	10	1	1	-5	216
11	12	10	1	2	35	4608
11	12	10	1	3	5	576
11	12	11	0	0	-85	6912
11	12	11	0	1	85	1944
11	12	11	0	2	85	1728
11	12	11	0	3	-935	10368
11	12	11	1	1	-5	1728
11	12	11	1	3	5	1152
11	12	12	0	0	-85	82944
11	12	12	0	2	85	10368
11	12	12	0	4	-85	10368
11	13	0	0	4	5	108
11	13	0	1	3	-385	864
11	13	0	2	2	355	144
11	13	0	2	3	5	144
11	13	0	3	1	-12955	1536
11	13	0	3	2	-25	64
11	13	0	4	0	14499	1024
11	13	0	4	1	55	32
11	13	0	5	0	-2355	1024
11	13	0	5	1	-15	256
11	13	0	6	0	135	1024
11	13	1	0	3	385	648
11	13	1	0	4	-5	18
11	13	1	1	2	-355	72
11	13	1	1	3	1135	576
11	13	1	2	1	12955	576
11	13	1	2	2	-325	48
11	13	1	2	3	-5	32
11	13	1	3	0	-24165	512
11	13	1	3	1	9075	1024
11	13	1	3	2	75	64
11	13	1	4	0	785	128
11	13	1	4	1	-5	2
11	13	1	5	0	-45	256
11	13	1	5	1	45	512
11	13	2	0	2	355	108
11	13	2	0	3	-385	162
11	13	2	0	4	5	8
11	13	2	1	1	-12955	576
11	13	2	1	2	1745	144
11	13	2	1	3	-3305	1152
11	13	2	2	0	8055	128
11	13	2	2	1	-3845	192
11	13	2	2	2	255	64
11	13	2	2	3	15	64
11	13	2	3	0	-88195	3072
11	13	2	3	1	245	64
11	13	2	3	2	-225	256
11	13	2	4	0	725	256
11	13	2	4	1	-5	64
11	13	2	5	0	-45	512
11	13	3	0	1	12955	1296
11	13	3	0	2	-20	3
11	13	3	0	3	385	144
11	13	3	0	4	-115	216
11	13	3	1	0	-2685	64
11	13	3	1	1	39145	3456
11	13	3	1	2	-105	32
11	13	3	1	3	1565	2304
11	13	3	2	0	8055	128
11	13	3	2	1	-41945	2304
11	13	3	2	2	845	288
11	13	3	2	3	-25	384
11	13	3	3	0	-3475	768
11	13	3	3	1	-4285	3072
11	13	3	3	2	-25	64
11	13	3	4	0	-15	64
11	13	3	4	1	205	256
11	13	3	5	1	-15	512
11	13	4	0	0	895	64
11	13	4	0	1	-65	108
11	13	4	0	2	-325	216
11	13	4	0	3	385	432
11	13	4	0	4	-35	192
11	13	4	1	0	-209635	3456
11	13	4	1	1	194645	6912
11	13	4	1	2	-5975	576
11	13	4	1	3	125	64
11	13	4	2	0	7855	512
11	13	4	2	1	1045	128
11	13	4	2	2	-455	192
11	13	4	2	3	-5	32
11	13	4	3	0	-1225	3072
11	13	4	3	1	-995	512
11	13	4	3	2	75	128
11	13	4	4	0	-15	256
11	13	4	4	1	5	128
11	13	5	0	0	69355	2592
11	13	5	0	1	-4405	288
11	13	5	0	2	1805	216
11	13	5	0	3	-11165	3456
11	13	5	0	4	5	8
11	13	5	1	0	-185605	6912
11	13	5	1	1	-40225	13824
11	13	5	1	2	635	144
11	13	5	1	3	-505	384
11	13	5	2	0	-25	32
11	13	5	2	1	4675	768
11	13	5	2	2	-5	8
11	13	5	2	3	15	128
11	13	5	3	0	225	512
11	13	5	3	1	-965	1024
11	13	5	4	1	5	256
11	13	6	0	0	186325	10368
11	13	6	0	1	-10615	2592
11	13	6	0	2	-5	1728
11	13	6	0	3	385	576
11	13	6	0	4	-35	144
11	13	6	1	0	-2555	1536
11	13	6	1	1	-39245	3456
11	13	6	1	2	1415	384
11	13	6	1	3	-215	576
11	13	6	2	0	-75	128
11	13	6	2	1	185	144
11	13	6	2	2	85	576
11	13	6	2	3	5	192
11	13	6	3	0	75	1024
11	13	6	3	1	5	256
11	13	6	3	2	-25	256
11	13	7	0	0	41815	10368
11	13	7	0	1	44065	6912
11	13	7	0	2	-3655	864
11	13	7	0	3	5005	3456
11	13	7	0	4	-5	24
11	13	7	1	0	4525	3456
11	13	7	1	1	-39035	13824
11	13	7	1	2	-35	36
11	13	7	1	3	5	12
11	13	7	2	0	-25	128
11	13	7	2	1	575	2304
11	13	7	2	2	5	32
11	13	7	2	3	-5	128
11	13	7	3	1	5	1024
11	13	8	0	0	-45905	82944
11	13	8	0	1	12305	3456
11	13	8	0	2	-515	1728
11	13	8	0	3	-385	864
11	13	8	0	4	5	32
11	13	8	1	0	6325	27648
11	13	8	1	1	155	3456
11	13	8	1	2	-85	144
11	13	8	1	3	5	192
11	13	8	2	0	-25	1024
11	13	8	2	1	-5	128
11	13	8	2	2	5	64
11	13	9	0	0	-3325	10368
11	13	9	0	1	4765	20736
11	13	9	0	2	385	432
11	13	9	0	3	-385	1152
11	13	9	0	4	5	216
11	13	9	1	0	25	1152
11	13	9	1	1	245	6912
11	13	9	1	2	-5	96
11	13	9	1	3	-125	3456
11	13	9	2	1	-5	768
11	13	9	2	3	5	1152
11	13	10	0	0	-335	20736
11	13	10	0	1	-65	432
11	13	10	0	2	325	1728
11	13	10	0	3	385	5184
11	13	10	0	4	-5	144
11	13	10	1	0	5	2304
11	13	10	1	1	5	432
11	13	10	1	2	-5	384
11	13	10	1	3	-5	1152
11	13	11	0	0	5	1152
11	13	11	0	1	-65	3456
11	13	11	0	2	-5	288
11	13	11	0	3	385	10368
11	13	11	1	1	5	3456
11	13	11	1	3	-5	2304
11	13	12	0	0	5	13824
11	13	12	0	2	-5	1728
11	13	12	0	4	5	1728
12	0	0	0	0	688905	4096
12	0	0	1	0	-2985255	4096
12	0	0	2	0	3648645	4096
12	0	0	3	0	-1563705	4096
12	0	0	4	0	243243	4096
12	0	0	5	0	-12285	4096
12	0	0	6	0	135	4096
12	1	0	0	0	-2985255	4096
12	1	0	1	0	16916445	4096
12	1	0	2	0	-25540515	4096
12	1	0	3	0	13030875	4096
12	1	0	4	0	-2351349	4096
12	1	0	5	0	135135	4096
12	1	0	6	0	-1665	4096
12	2	0	0	0	3466395	2048
12	2	0	1	0	-21815325	2048
12	2	0	2	0	39937455	2048
12	2	0	3	0	-24473475	2048
12	2	0	4	0	5175297	2048
12	2	0	5	0	-340335	2048
12	2	0	6	0	4725	2048
12	3	0	0	0	-5128515	2048
12	3	0	0	1	-40095	512
12	3	0	1	0	8513505	512
12	3	0	1	1	200475	1024
12	3	0	2	0	-73677465	2048
12	3	0	2	1	-31185	256
12	3	0	3	0	27354015	1024
12	3	0	3	1	22275	1024
12	3	0	4	0	-13735989	2048
12	3	0	4	1	-495	512
12	3	0	5	0	32465	64
12	3	0	5	1	5	1024
12	3	0	6	0	-16335	2048
12	3	1	0	0	-120285	512
12	3	1	0	1	120285	1024
12	3	1	1	0	601425	1024
12	3	1	1	1	-601425	2048
12	3	1	2	0	-93555	256
12	3	1	2	1	93555	512
12	3	1	3	0	66825	1024
12	3	1	3	1	-66825	2048
12	3	1	4	0	-1485	512
12	3	1	4	1	1485	1024
12	3	1	5	0	15	1024
12	3	1	5	1	-15	2048
12	3	2	0	0	-120285	1024
12	3	2	1	0	601425	2048
12	3	2	2	0	-93555	512
12	3	2	3	0	66825	2048
12	3	2	4	0	-1485	1024
12	3	2	5	0	15	2048
12	3	3	0	1	-40095	1024
12	3	3	1	1	200475	2048
12	3	3	2	1	-31185	512
12	3	3	3	1	22275	2048
12	3	3	4	1	-495	1024
12	3	3	5	1	5	2048
12	4	0	0	0	9781155	4096
12	4	0	0	1	66825	256
12	4	0	1	0	-71589825	4096
12	4	0	1	1	-467775	512
12	4	0	2	0	178430175	4096
12	4	0	2	1	93555	128
12	4	0	3	0	-161734035	4096
12	4	0	3	1	-81675	512
12	4	0	4	0	49081065	4096
12	4	0	4	1	2145	256
12	4	0	5	0	-4286675	4096
12	4	0	5	1	-25	512
12	4	0	6	0	76725	4096
12	4	1	0	0	45765	64
12	4	1	0	1	-200475	512
12	4	1	1	0	-1374165	512
12	4	1	1	1	1403325	1024
12	4	1	2	0	140805	64
12	4	1	2	1	-280665	256
12	4	1	3	0	-248085	512
12	4	1	3	1	245025	1024
12	4	1	4	0	405	16
12	4	1	4	1	-6435	512
12	4	1	5	0	-75	512
12	4	1	5	1	75	1024
12	4	2	0	0	25515	64
12	4	2	1	0	-1409805	1024
12	4	2	2	0	140175	128
12	4	2	3	0	-244545	1024
12	4	2	4	0	1605	128
12	4	2	5	0	-75	1024
12	4	3	0	0	5265	128
12	4	3	0	1	66825	512
12	4	3	1	0	-4455	128
12	4	3	1	1	-467775	1024
12	4	3	2	0	-315	64
12	4	3	2	1	93555	256
12	4	3	3	0	885	256
12	4	3	3	1	-81675	1024
12	4	3	4	0	-15	128
12	4	3	4	1	2145	512
12	4	3	5	1	-25	1024
12	4	4	0	0	5265	512
12	4	4	1	0	-4455	512
12	4	4	2	0	-315	256
12	4	4	3	0	885	1024
12	4	4	4	0	-15	512
12	5	0	0	0	-6040845	4096
12	5	0	0	1	-13905	32
12	5	0	1	0	52669665	4096
12	5	0	1	1	1878615	1024
12	5	0	2	0	-149514465	4096
12	5	0	2	1	-30435	16
12	5	0	3	0	165867375	4096
12	5	0	3	1	529055	1024
12	5	0	4	0	-62436711	4096
12	5	0	4	1	-6215	192
12	5	0	5	0	6310395	4096
12	5	0	5	1	225	1024
12	5	0	6	0	-129195	4096
12	5	1	0	0	-604935	512
12	5	1	0	1	164565	256
12	5	1	1	0	5364405	1024
12	5	1	1	1	-5641605	2048
12	5	1	2	0	-1465905	256
12	5	1	2	1	365415	128
12	5	1	3	0	1635865	1024
12	5	1	3	1	-1586285	2048
12	5	1	4	0	-151445	1536
12	5	1	4	1	37285	768
12	5	1	5	0	675	1024
12	5	1	5	1	-675	2048
12	5	2	0	0	-758835	1024
12	5	2	0	1	2295	256
12	5	2	1	0	5656005	2048
12	5	2	1	1	45	16
12	5	2	2	0	-1449285	512
12	5	2	2	1	-195	128
12	5	2	3	0	1588945	2048
12	5	2	3	1	-55	128
12	5	2	4	0	-148505	3072
12	5	2	4	1	5	768
12	5	2	5	0	675	2048
12	5	3	0	0	-38475	256
12	5	3	0	1	-215595	1024
12	5	3	1	0	18225	128
12	5	3	1	1	1882935	2048
12	5	3	2	0	4155	128
12	5	3	2	1	-487545	512
12	5	3	3	0	-5865	256
12	5	3	3	1	528395	2048
12	5	3	4	0	245	256
12	5	3	4	1	-49705	3072
12	5	3	5	1	225	2048
12	5	4	0	0	-38475	1024
12	5	4	0	1	-2295	512
12	5	4	1	0	18225	512
12	5	4	1	1	-45	32
12	5	4	2	0	4155	512
12	5	4	2	1	195	256
12	5	4	3	0	-5865	1024
12	5	4	3	1	55	256
12	5	4	4	0	245	1024
12	5	4	4	1	-5	1536
12	5	5	0	1	-2295	1024
12	5	5	1	1	-45	64
12	5	5	2	1	195	512
12	5	5	3	1	55	512
12	5	5	4	1	-5	3072
12	6	0	0	0	614295	1024
12	6	0	0	1	450	1
12	6	0	0	2	405	32
12	6	0	1	0	-6740505	1024
12	6	0	1	1	-66645	32
12	6	0	1	2	-1845	128
12	6	0	2	0	22331935	1024
12	6	0	2	1	89945	32
12	6	0	2	2	55	16
12	6	0	3	0	-30028125	1024
12	6	0	3	1	-747235	768
12	6	0	3	2	-25	256
12	6	0	4	0	14595027	1024
12	6	0	4	1	220	3
12	6	0	5	0	-1704705	1024
12	6	0	5	1	-75	128
12	6	0	6	0	40095	1024
12	6	1	0	0	333945	256
12	6	1	0	1	-18405	32
12	6	1	0	2	-1215	32
12	6	1	1	0	-184545	32
12	6	1	1	1	12195	4
12	6	1	1	2	5535	128
12	6	1	2	0	2150535	256
12	6	1	2	1	-269035	64
12	6	1	2	2	-165	16
12	6	1	3	0	-4741255	1536
12	6	1	3	1	2236405	1536
12	6	1	3	2	75	256
12	6	1	4	0	21655	96
12	6	1	4	1	-10555	96
12	6	1	5	0	-225	128
12	6	1	5	1	225	256
12	6	2	0	0	514845	512
12	6	2	0	1	-3195	32
12	6	2	0	2	3645	128
12	6	2	1	0	-416565	128
12	6	2	1	1	4815	64
12	6	2	1	2	-16605	512
12	6	2	2	0	2121235	512
12	6	2	2	1	-25	2
12	6	2	2	2	495	64
12	6	2	3	0	-4542655	3072
12	6	2	3	1	1325	384
12	6	2	3	2	-225	1024
12	6	2	4	0	20995	192
12	6	2	4	1	-5	96
12	6	2	5	0	-225	256
12	6	3	0	0	44415	128
12	6	3	0	1	19215	128
12	6	3	0	2	405	32
12	6	3	1	0	-46395	128
12	6	3	1	1	-252135	256
12	6	3	1	2	-1845	128
12	6	3	2	0	-7475	128
12	6	3	2	1	89345	64
12	6	3	2	2	55	16
12	6	3	3	0	4145	64
12	6	3	3	1	-185815	384
12	6	3	3	2	-25	256
12	6	3	4	0	-55	16
12	6	3	4	1	14065	384
12	6	3	5	1	-75	256
12	6	4	0	0	40365	512
12	6	4	0	1	3195	64
12	6	4	0	2	-1215	64
12	6	4	1	0	-40995	512
12	6	4	1	1	-4815	128
12	6	4	1	2	5535	256
12	6	4	2	0	-8225	512
12	6	4	2	1	25	4
12	6	4	2	2	-165	32
12	6	4	3	0	8365	512
12	6	4	3	1	-1325	768
12	6	4	3	2	75	512
12	6	4	4	0	-55	64
12	6	4	4	1	5	192
12	6	5	0	0	-1215	256
12	6	5	0	1	3195	128
12	6	5	1	0	405	64
12	6	5	1	1	-4815	256
12	6	5	2	0	-225	256
12	6	5	2	1	25	8
12	6	5	3	0	45	512
12	6	5	3	1	-1325	1536
12	6	5	4	1	5	384
12	6	6	0	0	-405	512
12	6	6	0	2	405	128
12	6	6	1	0	135	128
12	6	6	1	2	-1845	512
12	6	6	2	0	-75	512
12	6	6	2	2	55	64
12	6	6	3	0	15	1024
12	6	6	3	2	-25	1024
12	7	0	0	0	-42105	256
12	7	0	0	1	-148245	512
12	7	0	0	2	-945	32
12	7	0	1	0	4575405	2048
12	7	0	1	1	1512345	1024
12	7	0	1	2	6765	128
12	7	0	2	0	-4851515	512
12	7	0	2	1	-1324435	512
12	7	0	2	2	-275	16
12	7	0	3	0	60964035	4096
12	7	0	3	1	21769105	18432
12	7	0	3	2	475	768
12	7	0	4	0	-10214967	1024
12	7	0	4	1	-82775	768
12	7	0	5	0	684705	512
12	7	0	5	1	525	512
12	7	0	6	0	-37125	1024
12	7	1	0	0	-455715	512
12	7	1	0	1	253575	1024
12	7	1	0	2	2835	32
12	7	1	1	0	4117305	1024
12	7	1	1	1	-3922275	2048
12	7	1	1	2	-20295	128
12	7	1	2	0	-11608655	1536
12	7	1	2	1	11655475	3072
12	7	1	2	2	825	16
12	7	1	3	0	7962905	2048
12	7	1	3	1	-7207235	4096
12	7	1	3	2	-475	256
12	7	1	4	0	-257635	768
12	7	1	4	1	248045	1536
12	7	1	5	0	1575	512
12	7	1	5	1	-1575	1024
12	7	2	0	0	-869655	1024
12	7	2	0	1	2925	16
12	7	2	0	2	-8505	128
12	7	2	1	0	5545605	2048
12	7	2	1	1	-38355	128
12	7	2	1	2	60885	512
12	7	2	2	0	-11717275	3072
12	7	2	2	1	16655	192
12	7	2	2	2	-2475	64
12	7	2	3	0	67981765	36864
12	7	2	3	1	-9215	768
12	7	2	3	2	1425	1024
12	7	2	4	0	-246715	1536
12	7	2	4	1	35	192
12	7	2	5	0	1575	1024
12	7	3	0	0	-102675	256
12	7	3	0	1	-2895	1024
12	7	3	0	2	-945	32
12	7	3	1	0	342045	512
12	7	3	1	1	1050735	2048
12	7	3	1	2	6765	128
12	7	3	2	0	-21125	768
12	7	3	2	1	-1258665	1024
12	7	3	2	2	-275	16
12	7	3	3	0	-928025	9216
12	7	3	3	1	21437515	36864
12	7	3	3	2	475	768
12	7	3	4	0	455	64
12	7	3	4	1	-82565	1536
12	7	3	5	1	525	1024
12	7	4	0	0	-98625	1024
12	7	4	0	1	-45315	512
12	7	4	0	2	2835	64
12	7	4	1	0	266895	2048
12	7	4	1	1	153015	1024
12	7	4	1	2	-20295	256
12	7	4	2	0	9025	3072
12	7	4	2	1	-67385	1536
12	7	4	2	2	825	32
12	7	4	3	0	-962675	36864
12	7	4	3	1	36875	6144
12	7	4	3	2	-475	512
12	7	4	4	0	455	256
12	7	4	4	1	-35	384
12	7	5	0	0	1215	512
12	7	5	0	1	-48285	1024
12	7	5	1	0	-22545	1024
12	7	5	1	1	153825	2048
12	7	5	2	0	3015	512
12	7	5	2	1	-65855	3072
12	7	5	3	0	-1155	2048
12	7	5	3	1	36845	12288
12	7	5	4	1	-35	768
12	7	6	0	0	405	1024
12	7	6	0	1	-495	256
12	7	6	0	2	-945	128
12	7	6	1	0	-7515	2048
12	7	6	1	1	135	512
12	7	6	1	2	6765	512
12	7	6	2	0	1005	1024
12	7	6	2	1	85	256
12	7	6	2	2	-275	64
12	7	6	3	0	-385	4096
12	7	6	3	1	-5	3072
12	7	6	3	2	475	3072
12	7	7	0	1	-495	1024
12	7	7	1	1	135	2048
12	7	7	2	1	85	1024
12	7	7	3	1	-5	12288
12	8	0	0	0	15225	512
12	8	0	0	1	27215	256
12	8	0	0	2	3855	128
12	8	0	1	0	-921615	2048
12	8	0	1	1	-1049365	1536
12	8	0	1	2	-155	2
12	8	0	2	0	6211635	2048
12	8	0	2	1	3509645	2304
12	8	0	2	2	13715	384
12	8	0	3	0	-20827185	4096
12	8	0	3	1	-2976205	3072
12	8	0	3	2	-425	256
12	8	0	4	0	21597261	4096
12	8	0	4	1	41195	384
12	8	0	5	0	-3273795	4096
12	8	0	5	1	-315	256
12	8	0	6	0	102465	4096
12	8	1	0	0	166715	512
12	8	1	0	1	2875	512
12	8	1	0	2	-11535	128
12	8	1	1	0	-1471465	768
12	8	1	1	1	1766695	3072
12	8	1	1	2	14905	64
12	8	1	2	0	6459935	1536
12	8	1	2	1	-3204965	1536
12	8	1	2	2	-13705	128
12	8	1	3	0	-3442065	1024
12	8	1	3	1	2927925	2048
12	8	1	3	2	1275	256
12	8	1	4	0	32515	96
12	8	1	4	1	-123305	768
12	8	1	5	0	-945	256
12	8	1	5	1	945	512
12	8	2	0	0	422585	1024
12	8	2	0	1	-2495	16
12	8	2	0	2	34395	512
12	8	2	1	0	-337415	192
12	8	2	1	1	43225	96
12	8	2	1	2	-22445	128
12	8	2	2	0	21764695	9216
12	8	2	2	1	-19295	96
12	8	2	2	2	41045	512
12	8	2	3	0	-9776695	6144
12	8	2	3	1	755	32
12	8	2	3	2	-3825	1024
12	8	2	4	0	15365	96
12	8	2	4	1	-35	96
12	8	2	5	0	-945	512
12	8	3	0	0	132475	512
12	8	3	0	1	-38515	512
12	8	3	0	2	7755	256
12	8	3	1	0	-1164295	1536
12	8	3	1	1	-14215	3072
12	8	3	1	2	-19765	256
12	8	3	2	0	1094465	4608
12	8	3	2	1	2830175	4608
12	8	3	2	2	27475	768
12	8	3	3	0	140525	1536
12	8	3	3	1	-2867635	6144
12	8	3	3	2	-425	256
12	8	3	4	0	-595	64
12	8	3	4	1	40985	768
12	8	3	5	1	-315	512
12	8	4	0	0	155055	2048
12	8	4	0	1	18205	256
12	8	4	0	2	-22875	512
12	8	4	1	0	-282365	2048
12	8	4	1	1	-346475	1536
12	8	4	1	2	59945	512
12	8	4	2	0	604205	18432
12	8	4	2	1	78695	768
12	8	4	2	2	-27345	512
12	8	4	3	0	156275	6144
12	8	4	3	1	-12095	1024
12	8	4	3	2	1275	512
12	8	4	4	0	-595	256
12	8	4	4	1	35	192
12	8	5	0	0	3345	512
12	8	5	0	1	21715	512
12	8	5	0	2	-15	64
12	8	5	1	0	7895	256
12	8	5	1	1	-345125	3072
12	8	5	1	2	-25	64
12	8	5	2	0	-8185	512
12	8	5	2	1	75665	1536
12	8	5	2	2	-5	64
12	8	5	3	0	1575	1024
12	8	5	3	1	-12065	2048
12	8	5	4	1	35	384
12	8	6	0	0	1045	1024
12	8	6	0	1	585	128
12	8	6	0	2	3765	512
12	8	6	1	0	965	192
12	8	6	1	1	75	256
12	8	6	1	2	-5035	256
12	8	6	2	0	-8255	3072
12	8	6	2	1	-505	384
12	8	6	2	2	13625	1536
12	8	6	3	0	525	2048
12	8	6	3	1	5	512
12	8	6	3	2	-425	1024
12	8	7	0	0	-15	512
12	8	7	0	1	585	512
12	8	7	0	2	15	256
12	8	7	1	0	-25	512
12	8	7	1	1	75	1024
12	8	7	1	2	25	256
12	8	7	2	0	-5	512
12	8	7	2	1	-505	1536
12	8	7	2	2	5	256
12	8	7	3	1	5	2048
12	8	8	0	0	-15	4096
12	8	8	0	2	15	512
12	8	8	1	0	-25	4096
12	8	8	1	2	25	512
12	8	8	2	0	-5	4096
12	8	8	2	2	5	512
12	9	0	0	0	-705	256
12	9	0	0	1	-14215	768
12	9	0	0	2	-1075	64
12	9	0	0	3	-45	64
12	9	0	1	0	20775	512
12	9	0	1	1	640685	3072
12	9	0	1	2	22225	384
12	9	0	1	3	55	192
12	9	0	2	0	-1451105	2048
12	9	0	2	1	-1294985	2304
12	9	0	2	2	-69025	1728
12	9	0	2	3	-5	1728
12	9	0	3	0	2135955	2048
12	9	0	3	1	1121775	2048
12	9	0	3	2	625	256
12	9	0	4	0	-8618115	4096
12	9	0	4	1	-28105	384
12	9	0	5	0	1439925	4096
12	9	0	5	1	525	512
12	9	0	6	0	-51975	4096
12	9	1	0	0	-9305	192
12	9	1	0	1	-95345	1536
12	9	1	0	2	2795	64
12	9	1	0	3	405	128
12	9	1	1	0	2008835	3072
12	9	1	1	1	37995	2048
12	9	1	1	2	-22045	128
12	9	1	1	3	-165	128
12	9	1	2	0	-172295	128
12	9	1	2	1	8367175	13824
12	9	1	2	2	68815	576
12	9	1	2	3	5	384
12	9	1	3	0	12548645	6144
12	9	1	3	1	-9744175	12288
12	9	1	3	2	-1875	256
12	9	1	4	0	-180565	768
12	9	1	4	1	83965	768
12	9	1	5	0	1575	512
12	9	1	5	1	-1575	1024
12	9	2	0	0	-222365	1536
12	9	2	0	1	46195	768
12	9	2	0	2	-5375	256
12	9	2	0	3	-1215	256
12	9	2	1	0	1684025	2048
12	9	2	1	1	-126125	384
12	9	2	1	2	64875	512
12	9	2	1	3	495	256
12	9	2	2	0	-4957175	4608
12	9	2	2	1	556415	2304
12	9	2	2	2	-22775	256
12	9	2	2	3	-5	256
12	9	2	3	0	12025465	12288
12	9	2	3	1	-22025	768
12	9	2	3	2	5625	1024
12	9	2	4	0	-168385	1536
12	9	2	4	1	175	384
12	9	2	5	0	1575	1024
12	9	3	0	0	-244985	1536
12	9	3	0	1	227275	3072
12	9	3	0	2	-2795	128
12	9	3	0	3	675	512
12	9	3	1	0	45385	96
12	9	3	1	1	-299095	2048
12	9	3	1	2	11315	192
12	9	3	1	3	-275	512
12	9	3	2	0	-1717745	4608
12	9	3	2	1	-2888935	27648
12	9	3	2	2	-138995	3456
12	9	3	2	3	25	4608
12	9	3	3	0	-140245	3072
12	9	3	3	1	1033925	4096
12	9	3	3	2	625	256
12	9	3	4	0	1015	128
12	9	3	4	1	-55685	1536
12	9	3	5	1	525	1024
12	9	4	0	0	-174955	2048
12	9	4	0	1	-11995	1536
12	9	4	0	2	2795	256
12	9	4	0	3	405	128
12	9	4	1	0	274475	3072
12	9	4	1	1	497735	3072
12	9	4	1	2	-5365	64
12	9	4	1	3	-165	128
12	9	4	2	0	-1025105	18432
12	9	4	2	1	-63235	512
12	9	4	2	2	136265	2304
12	9	4	2	3	5	384
12	9	4	3	0	-187495	12288
12	9	4	3	1	88325	6144
12	9	4	3	2	-1875	512
12	9	4	4	0	1015	512
12	9	4	4	1	-175	768
12	9	5	0	0	-2935	128
12	9	5	0	1	-85075	3072
12	9	5	0	2	215	32
12	9	5	0	3	-1215	512
12	9	5	1	0	-18645	1024
12	9	5	1	1	514145	6144
12	9	5	1	2	-45	32
12	9	5	1	3	495	512
12	9	5	2	0	17435	768
12	9	5	2	1	-543835	9216
12	9	5	2	2	35	96
12	9	5	2	3	-5	512
12	9	5	3	0	-4725	2048
12	9	5	3	1	87875	12288
12	9	5	4	1	-175	1536
12	9	6	0	0	-235	1536
12	9	6	0	1	-1965	128
12	9	6	0	2	215	256
12	9	6	0	3	-135	256
12	9	6	1	0	-7755	2048
12	9	6	1	1	2495	1536
12	9	6	1	2	20605	1536
12	9	6	1	3	55	256
12	9	6	2	0	3005	768
12	9	6	2	1	6335	3456
12	9	6	2	2	-67135	6912
12	9	6	2	3	-5	2304
12	9	6	3	0	-1575	4096
12	9	6	3	1	-25	1024
12	9	6	3	2	625	1024
12	9	7	0	0	805	512
12	9	7	0	1	-3215	1024
12	9	7	0	2	-215	128
12	9	7	0	3	405	512
12	9	7	1	0	-165	512
12	9	7	1	1	1175	6144
12	9	7	1	2	45	128
12	9	7	1	3	-165	512
12	9	7	2	0	85	1536
12	9	7	2	1	12835	27648
12	9	7	2	2	-35	384
12	9	7	2	3	5	1536
12	9	7	3	1	-25	4096
12	9	8	0	0	805	4096
12	9	8	0	1	195	512
12	9	8	0	2	-215	256
12	9	8	1	0	-165	4096
12	9	8	1	1	-15	128
12	9	8	1	2	45	256
12	9	8	2	0	85	12288
12	9	8	2	1	5	1536
12	9	8	2	2	-35	768
12	9	9	0	1	65	1024
12	9	9	0	3	-45	512
12	9	9	1	1	-5	256
12	9	9	1	3	55	1536
12	9	9	2	1	5	9216
12	9	9	2	3	-5	13824
12	10	0	0	1	955	1152
12	10	0	0	2	1975	384
12	10	0	0	3	15	16
12	10	0	1	0	-45	1024
12	10	0	1	1	-15455	384
12	10	0	1	2	-52675	2304
12	10	0	1	3	-55	72
12	10	0	2	0	113815	1024
12	10	0	2	1	11405	96
12	10	0	2	2	45025	1728
12	10	0	2	3	5	432
12	10	0	3	0	-163185	2048
12	10	0	3	1	-983135	4608
12	10	0	3	2	-1625	768
12	10	0	4	0	1279209	2048
12	10	0	4	1	3245	96
12	10	0	5	0	-227055	2048
12	10	0	5	1	-75	128
12	10	0	6	0	9405	2048
12	10	1	0	0	15	256
12	10	1	0	1	23245	768
12	10	1	0	2	-2725	384
12	10	1	0	3	-135	32
12	10	1	1	0	-232355	1536
12	10	1	1	1	-140275	2304
12	10	1	1	2	16085	256
12	10	1	1	3	55	16
12	10	1	2	0	34045	192
12	10	1	2	1	-10105	864
12	10	1	2	2	-44635	576
12	10	1	2	3	-5	96
12	10	1	3	0	-111755	128
12	10	1	3	1	305205	1024
12	10	1	3	2	1625	256
12	10	1	4	0	10645	96
12	10	1	4	1	-9665	192
12	10	1	5	0	-225	128
12	10	1	5	1	225	256
12	10	2	0	0	246665	4608
12	10	2	0	1	-65	24
12	10	2	0	2	-4715	512
12	10	2	0	3	405	64
12	10	2	1	0	-212765	1024
12	10	2	1	1	13485	128
12	10	2	1	2	-37915	1024
12	10	2	1	3	-165	32
12	10	2	2	0	106905	256
12	10	2	2	1	-96875	576
12	10	2	2	2	14575	256
12	10	2	2	3	5	64
12	10	2	3	0	-497455	1152
12	10	2	3	1	8465	384
12	10	2	3	2	-4875	1024
12	10	2	4	0	9805	192
12	10	2	4	1	-35	96
12	10	2	5	0	-225	256
12	10	3	0	0	67355	768
12	10	3	0	1	-89075	2304
12	10	3	0	2	1445	128
12	10	3	0	3	-225	128
12	10	3	1	0	-334835	2304
12	10	3	1	1	367525	4608
12	10	3	1	2	-15685	576
12	10	3	1	3	275	192
12	10	3	2	0	234745	768
12	10	3	2	1	-447035	6912
12	10	3	2	2	91805	3456
12	10	3	2	3	-25	1152
12	10	3	3	0	17185	2304
12	10	3	3	1	-831515	9216
12	10	3	3	2	-1625	768
12	10	3	4	0	-35	8
12	10	3	4	1	6385	384
12	10	3	5	1	-75	256
12	10	4	0	0	567145	9216
12	10	4	0	1	-7775	384
12	10	4	0	2	7655	768
12	10	4	0	3	-135	32
12	10	4	1	0	-154045	3072
12	10	4	1	1	-31295	768
12	10	4	1	2	5645	256
12	10	4	1	3	55	16
12	10	4	2	0	48195	1024
12	10	4	2	1	10925	128
12	10	4	2	2	-86735	2304
12	10	4	2	3	-5	96
12	10	4	3	0	48685	9216
12	10	4	3	1	-17005	1536
12	10	4	3	2	1625	512
12	10	4	4	0	-35	32
12	10	4	4	1	35	192
12	10	5	0	0	2785	144
12	10	5	0	1	10015	768
12	10	5	0	2	-525	64
12	10	5	0	3	405	128
12	10	5	1	0	-10525	2304
12	10	5	1	1	-51895	1536
12	10	5	1	2	745	128
12	10	5	1	3	-165	64
12	10	5	2	0	-6895	384
12	10	5	2	1	95545	2304
12	10	5	2	2	-65	96
12	10	5	2	3	5	128
12	10	5	3	0	525	256
12	10	5	3	1	-16855	3072
12	10	5	4	1	35	384
12	10	6	0	0	-1195	2304
12	10	6	0	1	955	64
12	10	6	0	2	-635	128
12	10	6	0	3	45	64
12	10	6	1	0	10655	4608
12	10	6	1	1	-4865	576
12	10	6	1	2	-805	576
12	10	6	1	3	-55	96
12	10	6	2	0	-105	32
12	10	6	2	1	-355	432
12	10	6	2	2	41515	6912
12	10	6	2	3	5	576
12	10	6	3	0	175	512
12	10	6	3	1	25	768
12	10	6	3	2	-1625	3072
12	10	7	0	0	-3815	2304
12	10	7	0	1	2315	768
12	10	7	0	2	775	384
12	10	7	0	3	-135	128
12	10	7	1	0	2975	2304
12	10	7	1	1	-6595	4608
12	10	7	1	2	-565	384
12	10	7	1	3	55	64
12	10	7	2	0	-95	768
12	10	7	2	1	-1585	6912
12	10	7	2	2	65	384
12	10	7	2	3	-5	384
12	10	7	3	1	25	3072
12	10	8	0	0	-4415	18432
12	10	8	0	1	-25	64
12	10	8	0	2	265	256
12	10	8	1	0	2675	18432
12	10	8	1	1	95	256
12	10	8	1	2	-185	256
12	10	8	2	0	-95	6144
12	10	8	2	1	-5	384
12	10	8	2	2	65	768
12	10	9	0	0	-25	2304
12	10	9	0	1	-25	384
12	10	9	0	2	5	384
12	10	9	0	3	15	128
12	10	9	1	0	-25	4608
12	10	9	1	1	95	1536
12	10	9	1	2	5	768
12	10	9	1	3	-55	576
12	10	9	2	1	-5	2304
12	10	9	2	3	5	3456
12	10	10	0	0	-5	4608
12	10	10	0	2	5	1536
12	10	10	1	0	-5	9216
12	10	10	1	2	5	3072
12	11	0	0	2	-385	576
12	11	0	0	3	-755	1728
12	11	0	1	1	5975	1536
12	11	0	1	2	4975	1152
12	11	0	1	3	7315	10368
12	11	0	2	0	-2235	256
12	11	0	2	1	-49945	4608
12	11	0	2	2	-1445	144
12	11	0	2	3	-5	288
12	11	0	3	0	-48975	4096
12	11	0	3	1	342755	6144
12	11	0	3	2	275	256
12	11	0	4	0	-270717	2048
12	11	0	4	1	-15565	1536
12	11	0	5	0	12195	512
12	11	0	5	1	225	1024
12	11	0	6	0	-2295	2048
12	11	1	0	1	-5975	1152
12	11	1	0	2	-845	576
12	11	1	0	3	2285	1152
12	11	1	1	0	2235	128
12	11	1	1	1	105305	9216
12	11	1	1	2	-23555	3456
12	11	1	1	3	-21925	6912
12	11	1	2	0	27595	1536
12	11	1	2	1	-496325	9216
12	11	1	2	2	1415	48
12	11	1	2	3	5	64
12	11	1	3	0	521365	2048
12	11	1	3	1	-300155	4096
12	11	1	3	2	-825	256
12	11	1	4	0	-52355	1536
12	11	1	4	1	46135	3072
12	11	1	5	0	675	1024
12	11	1	5	1	-675	2048
12	11	2	0	0	-745	64
12	11	2	0	1	-1945	576
12	11	2	0	2	16775	2304
12	11	2	0	3	-6955	2304
12	11	2	1	0	7195	1536
12	11	2	1	1	18175	6912
12	11	2	1	2	-78355	13824
12	11	2	1	3	65675	13824
12	11	2	2	0	-1370455	9216
12	11	2	2	1	26665	384
12	11	2	2	2	-1345	64
12	11	2	2	3	-15	128
12	11	2	3	0	1631795	12288
12	11	2	3	1	-2675	256
12	11	2	3	2	2475	1024
12	11	2	4	0	-47795	3072
12	11	2	4	1	35	192
12	11	2	5	0	675	2048
12	11	3	0	0	-6155	384
12	11	3	0	1	124645	13824
12	11	3	0	2	-2005	576
12	11	3	0	3	4135	4608
12	11	3	1	0	111185	4608
12	11	3	1	1	-1824335	82944
12	11	3	1	2	1295	144
12	11	3	1	3	-36215	27648
12	11	3	2	0	-85375	576
12	11	3	2	1	48695	1024
12	11	3	2	2	-3025	288
12	11	3	2	3	25	768
12	11	3	3	0	12515	3072
12	11	3	3	1	247205	12288
12	11	3	3	2	275	256
12	11	3	4	0	95	64
12	11	3	4	1	-15145	3072
12	11	3	5	1	225	2048
12	11	4	0	0	-13775	1728
12	11	4	0	1	111805	13824
12	11	4	0	2	-7405	1152
12	11	4	0	3	255	128
12	11	4	1	0	6311575	165888
12	11	4	1	1	-1346735	82944
12	11	4	1	2	22765	3456
12	11	4	1	3	-2435	768
12	11	4	2	0	-114965	4608
12	11	4	2	1	-52555	1536
12	11	4	2	2	2635	192
12	11	4	2	3	5	64
12	11	4	3	0	-9535	12288
12	11	4	3	1	10775	2048
12	11	4	3	2	-825	512
12	11	4	4	0	95	256
12	11	4	4	1	-35	384
12	11	5	0	0	-3935	13824
12	11	5	0	1	-100805	27648
12	11	5	0	2	1075	288
12	11	5	0	3	-1205	768
12	11	5	1	0	1223665	82944
12	11	5	1	1	1388875	165888
12	11	5	1	2	-1345	216
12	11	5	1	3	2725	1152
12	11	5	2	0	3915	512
12	11	5	2	1	-18115	1024
12	11	5	2	2	5	8
12	11	5	2	3	-15	256
12	11	5	3	0	-2205	2048
12	11	5	3	1	10625	4096
12	11	5	4	1	-35	768
12	11	6	0	0	1685	1024
12	11	6	0	1	-32275	6912
12	11	6	0	2	2815	1152
12	11	6	0	3	-355	1152
12	11	6	1	0	-22325	18432
12	11	6	1	1	434435	41472
12	11	6	1	2	-16255	4608
12	11	6	1	3	115	216
12	11	6	2	0	4895	3072
12	11	6	2	1	-835	2304
12	11	6	2	2	-1175	576
12	11	6	2	3	-5	384
12	11	6	3	0	-735	4096
12	11	6	3	1	-25	1024
12	11	6	3	2	275	1024
12	11	7	0	0	4655	6912
12	11	7	0	1	-15655	27648
12	11	7	0	2	-575	576
12	11	7	0	3	205	384
12	11	7	1	0	-31715	20736
12	11	7	1	1	315425	165888
12	11	7	1	2	5455	3456
12	11	7	1	3	-3625	4608
12	11	7	2	0	35	256
12	11	7	2	1	-505	9216
12	11	7	2	2	-5	32
12	11	7	2	3	5	256
12	11	7	3	1	-25	4096
12	11	8	0	0	2855	55296
12	11	8	0	1	535	1728
12	11	8	0	2	-515	1152
12	11	8	0	3	-5	384
12	11	8	1	0	-27215	165888
12	11	8	1	1	-16355	41472
12	11	8	1	2	5335	6912
12	11	8	1	3	-5	2304
12	11	8	2	0	35	2048
12	11	8	2	1	5	256
12	11	8	2	2	-5	64
12	11	9	0	0	-25	2304
12	11	9	0	1	65	1728
12	11	9	0	2	5	192
12	11	9	0	3	-445	6912
12	11	9	1	0	125	13824
12	11	9	1	1	-5645	82944
12	11	9	1	2	-5	576
12	11	9	1	3	1795	20736
12	11	9	2	1	5	1536
12	11	9	2	3	-5	2304
12	11	10	0	0	-5	4608
12	11	10	0	1	-5	864
12	11	10	0	2	5	768
12	11	10	0	3	5	2304
12	11	10	1	0	25	27648
12	11	10	1	1	-5	5184
12	11	10	1	2	-5	2304
12	11	10	1	3	5	13824
12	11	11	0	1	-5	6912
12	11	11	0	3	5	4608
12	11	11	1	1	-5	41472
12	11	11	1	3	5	27648
12	12	0	0	3	155	2592
12	12	0	0	4	5	432
12	12	0	1	2	-625	2304
12	12	0	1	3	-1375	5184
12	12	0	2	1	-175	2304
12	12	0	2	2	7475	3456
12	12	0	2	3	5	432
12	12	0	3	0	9465	4096
12	12	0	3	1	-27755	3072
12	12	0	3	2	-75	256
12	12	0	4	0	73599	4096
12	12	0	4	1	1375	768
12	12	0	5	0	-12845	4096
12	12	0	5	1	-25	512
12	12	0	6	0	675	4096
12	12	1	0	2	625	1728
12	12	1	0	3	-245	1728
12	12	1	0	4	-5	72
12	12	1	1	1	175	1152
12	12	1	1	2	-12295	6912
12	12	1	1	3	4105	3456
12	12	1	2	0	-3155	512
12	12	1	2	1	236615	13824
12	12	1	2	2	-7145	1152
12	12	1	2	3	-5	96
12	12	1	3	0	-141545	3072
12	12	1	3	1	66265	6144
12	12	1	3	2	225	256
12	12	1	4	0	595	96
12	12	1	4	1	-4045	1536
12	12	1	5	0	-75	512
12	12	1	5	1	75	1024
12	12	2	0	1	-175	1728
12	12	2	0	2	-1145	3456
12	12	2	0	3	-365	3456
12	12	2	0	4	5	32
12	12	2	1	0	3155	512
12	12	2	1	1	-8695	864
12	12	2	1	2	162085	27648
12	12	2	1	3	-12215	6912
12	12	2	2	0	367975	9216
12	12	2	2	1	-9305	576
12	12	2	2	2	2125	512
12	12	2	2	3	5	64
12	12	2	3	0	-52855	2048
12	12	2	3	1	535	192
12	12	2	3	2	-675	1024
12	12	2	4	0	1085	384
12	12	2	4	1	-5	96
12	12	2	5	0	-75	1024
12	12	3	0	0	-3155	1152
12	12	3	0	1	13525	10368
12	12	3	0	2	-6205	6912
12	12	3	0	3	3185	6912
12	12	3	0	4	-115	864
12	12	3	1	0	-47125	4608
12	12	3	1	1	216485	41472
12	12	3	1	2	-5065	2304
12	12	3	1	3	6515	13824
12	12	3	2	0	190925	4608
12	12	3	2	1	-183145	13824
12	12	3	2	2	16435	6912
12	12	3	2	3	-25	1152
12	12	3	3	0	-3625	1536
12	12	3	3	1	-15065	6144
12	12	3	3	2	-75	256
12	12	3	4	0	-35	128
12	12	3	4	1	1315	1536
12	12	3	5	1	-25	1024
12	12	4	0	0	-28405	10368
12	12	4	0	1	65	20736
12	12	4	0	2	7145	13824
12	12	4	0	3	-5	64
12	12	4	0	4	-35	768
12	12	4	1	0	-3579365	165888
12	12	4	1	1	517295	41472
12	12	4	1	2	-70475	13824
12	12	4	1	3	455	384
12	12	4	2	0	151865	18432
12	12	4	2	1	1905	256
12	12	4	2	2	-12145	4608
12	12	4	2	3	-5	96
12	12	4	3	0	-475	6144
12	12	4	3	1	-4325	3072
12	12	4	3	2	225	512
12	12	4	4	0	-35	512
12	12	4	4	1	5	192
12	12	5	0	0	19435	41472
12	12	5	0	1	-81085	41472
12	12	5	0	2	955	864
12	12	5	0	3	-565	1152
12	12	5	0	4	5	32
12	12	5	1	0	-97105	10368
12	12	5	1	1	-146335	82944
12	12	5	1	2	8885	3456
12	12	5	1	3	-995	1152
12	12	5	2	0	-2275	1536
12	12	5	2	1	20315	4608
12	12	5	2	2	-55	192
12	12	5	2	3	5	128
12	12	5	3	0	315	1024
12	12	5	3	1	-4235	6144
12	12	5	4	1	5	384
12	12	6	0	0	32645	27648
12	12	6	0	1	-5105	10368
12	12	6	0	2	-1325	4608
12	12	6	0	3	325	1728
12	12	6	0	4	-35	576
12	12	6	1	0	625	4608
12	12	6	1	1	-106925	20736
12	12	6	1	2	8645	4608
12	12	6	1	3	-355	1728
12	12	6	2	0	-1295	3072
12	12	6	2	1	1525	3456
12	12	6	2	2	4505	13824
12	12	6	2	3	5	576
12	12	6	3	0	105	2048
12	12	6	3	1	5	512
12	12	6	3	2	-75	1024
12	12	7	0	0	6895	41472
12	12	7	0	1	35125	41472
12	12	7	0	2	-4535	6912
12	12	7	0	3	35	144
12	12	7	0	4	-5	96
12	12	7	1	0	29795	41472
12	12	7	1	1	-85925	82944
12	12	7	1	2	-4405	6912
12	12	7	1	3	655	2304
12	12	7	2	0	-115	1536
12	12	7	2	1	1195	13824
12	12	7	2	2	55	768
12	12	7	2	3	-5	384
12	12	7	3	1	5	2048
12	12	8	0	0	-53225	331776
12	12	8	0	1	4475	10368
12	12	8	0	2	25	13824
12	12	8	0	3	-55	576
12	12	8	0	4	5	128
12	12	8	1	0	27995	331776
12	12	8	1	1	1495	10368
12	12	8	1	2	-4465	13824
12	12	8	1	3	5	1152
12	12	8	2	0	-115	12288
12	12	8	2	1	-5	384
12	12	8	2	2	55	1536
12	12	9	0	0	-725	13824
12	12	9	0	1	-55	20736
12	12	9	0	2	185	1152
12	12	9	0	3	-665	10368
12	12	9	0	4	5	864
12	12	9	1	0	-25	13824
12	12	9	1	1	595	20736
12	12	9	1	2	-5	2304
12	12	9	1	3	-155	5184
12	12	9	2	1	-5	2304
12	12	9	2	3	5	3456
12	12	10	0	0	-35	27648
12	12	10	0	1	-5	162
12	12	10	0	2	145	4608
12	12	10	0	3	55	3456
12	12	10	0	4	-5	576
12	12	10	1	0	-5	27648
12	12	10	1	1	5	2592
12	12	10	1	2	-5	9216
12	12	10	1	3	-5	6912
12	12	11	0	0	5	4608
12	12	11	0	1	-5	1296
12	12	11	0	2	-5	1152
12	12	11	0	3	55	6912
12	12	11	1	1	5	20736
12	12	11	1	3	-5	13824
12	12	12	0	0	5	55296
12	12	12	0	2	-5	6912
12	12	12	0	4	5	6912
12	13	0	0	4	-5	1296
12	13	0	1	3	385	10368
12	13	0	2	2	-355	1728
12	13	0	2	3	-5	1728
12	13	0	3	1	12955	18432
12	13	0	3	2	25	768
12	13	0	4	0	-4833	4096
12	13	0	4	1	-55	384
12	13	0	5	0	785	4096
12	13	0	5	1	5	1024
12	13	0	6	0	-45	4096
12	13	1	0	3	-385	7776
12	13	1	0	4	5	216
12	13	1	1	2	355	864
12	13	1	1	3	-1135	6912
12	13	1	2	1	-12955	6912
12	13	1	2	2	325	576
12	13	1	2	3	5	384
12	13	1	3	0	8055	2048
12	13	1	3	1	-3025	4096
12	13	1	3	2	-25	256
12	13	1	4	0	-785	1536
12	13	1	4	1	5	24
12	13	1	5	0	15	1024
12	13	1	5	1	-15	2048
12	13	2	0	2	-355	1296
12	13	2	0	3	385	1944
12	13	2	0	4	-5	96
12	13	2	1	1	12955	6912
12	13	2	1	2	-1745	1728
12	13	2	1	3	3305	13824
12	13	2	2	0	-2685	512
12	13	2	2	1	3845	2304
12	13	2	2	2	-85	256
12	13	2	2	3	-5	256
12	13	2	3	0	88195	36864
12	13	2	3	1	-245	768
12	13	2	3	2	75	1024
12	13	2	4	0	-725	3072
12	13	2	4	1	5	768
12	13	2	5	0	15	2048
12	13	3	0	1	-12955	15552
12	13	3	0	2	5	9
12	13	3	0	3	-385	1728
12	13	3	0	4	115	2592
12	13	3	1	0	895	256
12	13	3	1	1	-39145	41472
12	13	3	1	2	35	128
12	13	3	1	3	-1565	27648
12	13	3	2	0	-2685	512
12	13	3	2	1	41945	27648
12	13	3	2	2	-845	3456
12	13	3	2	3	25	4608
12	13	3	3	0	3475	9216
12	13	3	3	1	4285	36864
12	13	3	3	2	25	768
12	13	3	4	0	5	256
12	13	3	4	1	-205	3072
12	13	3	5	1	5	2048
12	13	4	0	0	-895	768
12	13	4	0	1	65	1296
12	13	4	0	2	325	2592
12	13	4	0	3	-385	5184
12	13	4	0	4	35	2304
12	13	4	1	0	209635	41472
12	13	4	1	1	-194645	82944
12	13	4	1	2	5975	6912
12	13	4	1	3	-125	768
12	13	4	2	0	-7855	6144
12	13	4	2	1	-1045	1536
12	13	4	2	2	455	2304
12	13	4	2	3	5	384
12	13	4	3	0	1225	36864
12	13	4	3	1	995	6144
12	13	4	3	2	-25	512
12	13	4	4	0	5	1024
12	13	4	4	1	-5	1536
12	13	5	0	0	-69355	31104
12	13	5	0	1	4405	3456
12	13	5	0	2	-1805	2592
12	13	5	0	3	11165	41472
12	13	5	0	4	-5	96
12	13	5	1	0	185605	82944
12	13	5	1	1	40225	165888
12	13	5	1	2	-635	1728
12	13	5	1	3	505	4608
12	13	5	2	0	25	384
12	13	5	2	1	-4675	9216
12	13	5	2	2	5	96
12	13	5	2	3	-5	512
12	13	5	3	0	-75	2048
12	13	5	3	1	965	12288
12	13	5	4	1	-5	3072
12	13	6	0	0	-186325	124416
12	13	6	0	1	10615	31104
12	13	6	0	2	5	20736
12	13	6	0	3	-385	6912
12	13	6	0	4	35	1728
12	13	6	1	0	2555	18432
12	13	6	1	1	39245	41472
12	13	6	1	2	-1415	4608
12	13	6	1	3	215	6912
12	13	6	2	0	25	512
12	13	6	2	1	-185	1728
12	13	6	2	2	-85	6912
12	13	6	2	3	-5	2304
12	13	6	3	0	-25	4096
12	13	6	3	1	-5	3072
12	13	6	3	2	25	3072
12	13	7	0	0	-41815	124416
12	13	7	0	1	-44065	82944
12	13	7	0	2	3655	10368
12	13	7	0	3	-5005	41472
12	13	7	0	4	5	288
12	13	7	1	0	-4525	41472
12	13	7	1	1	39035	165888
12	13	7	1	2	35	432
12	13	7	1	3	-5	144
12	13	7	2	0	25	1536
12	13	7	2	1	-575	27648
12	13	7	2	2	-5	384
12	13	7	2	3	5	1536
12	13	7	3	1	-5	12288
12	13	8	0	0	45905	995328
12	13	8	0	1	-12305	41472
12	13	8	0	2	515	20736
12	13	8	0	3	385	10368
12	13	8	0	4	-5	384
12	13	8	1	0	-6325	331776
12	13	8	1	1	-155	41472
12	13	8	1	2	85	1728
12	13	8	1	3	-5	2304
12	13	8	2	0	25	12288
12	13	8	2	1	5	1536
12	13	8	2	2	-5	768
12	13	9	0	0	3325	124416
12	13	9	0	1	-4765	248832
12	13	9	0	2	-385	5184
12	13	9	0	3	385	13824
12	13	9	0	4	-5	2592
12	13	9	1	0	-25	13824
12	13	9	1	1	-245	82944
12	13	9	1	2	5	1152
12	13	9	1	3	125	41472
12	13	9	2	1	5	9216
12	13	9	2	3	-5	13824
12	13	10	0	0	335	248832
12	13	10	0	1	65	5184
12	13	10	0	2	-325	20736
12	13	10	0	3	-385	62208
12	13	10	0	4	5	1728
12	13	10	1	0	-5	27648
12	13	10	1	1	-5	5184
12	13	10	1	2	5	4608
12	13	10	1	3	5	13824
12	13	11	0	0	-5	13824
12	13	11	0	1	65	41472
12	13	11	0	2	5	3456
12	13	11	0	3	-385	124416
12	13	11	1	1	-5	41472
12	13	11	1	3	5	27648
12	13	12	0	0	-5	165888
12	13	12	0	2	5	20736
12	13	12	0	4	-5	20736
