c --- [ banner ] -------------------------------------------------------------
c 
c CaDiCaL SAT Solver
c Copyright (c) 2016-2023 A. Biere, M. Fleury, N. Froleyks, K. Fazekas, F. Pollitt
c 
c Version 1.7.3
c g++-13.2.0
c Feb 11 2024 04:08:27
c 
c --- [ limit ] --------------------------------------------------------------
c 
c setting time limit to 6900 seconds real time (due to '-t 6900')
c 
c --- [ parsing input ] ------------------------------------------------------
c 
c reading DIMACS file from '/root/projects/maph/discovery/out/cover-23-6-2-bounded-balanced-20260807/222-star.cnf'
c opening file to read '/root/projects/maph/discovery/out/cover-23-6-2-bounded-balanced-20260807/222-star.cnf'
c found 'p cnf 65207 139856' header
c parsed 139856 clauses in 0.04 seconds process time
c closing file '/root/projects/maph/discovery/out/cover-23-6-2-bounded-balanced-20260807/222-star.cnf'
c 
c --- [ options ] ------------------------------------------------------------
c 
c all options are set to their default value
c 
c --- [ solving ] ------------------------------------------------------------
c 
c time measured in process time since initialization
c 
c  seconds  reductions  redundant  irredundant
c         MB    restarts       trail       variables
c          level   conflicts       glue         remaining
c 
c *  0.04 28  0 0   0    0    0  0% 0 124103 57300 88%
c {  0.05 29  0 0   0    0    0  0% 0 124103 57300 88%
c i  0.05 29 25 0   0    8    4 22% 3 124103 56845 87%
c i  0.05 29 27 0   0   12    7 22% 3 124103 56843 87%
c i  0.06 29 45 0   9  115   91 22% 4 124103 56784 87%
c i  0.06 30 40 0  18  223  162 20% 4 124103 56586 87%
c -  0.07 30 45 1  23  300  223 20% 4 114453 56586 87%
c -  0.12 35 49 2  74  937  714 21% 4 114453 56586 87%
c i  0.12 35 49 2  80  978  744 21% 4 114453 56404 86%
c }  0.13 35 49 2  83 1000  759 21% 4 114453 56404 86%
c [  0.13 35  0 2  83 1000  759  0% 0 114453 56404 86%
c O  0.13 35 118 2  83 1006  764 32% 16 114453 56404 86%
c -  0.20 35 43 3  83 1892 1484 33% 17 113928 56404 86%
c s  0.28 41 69 3  84 2230 1746 18% 28 109581 56404 86%
c v  0.31 41 69 3  84 2230 1746 18% 28 109579 56404 86%
c t  0.32 41 69 3  84 2230 1736 18% 28 109140 56010 86%
c e  0.40 41 69 3  84 2230  148 18% 28 33127 7705 12%
c s  0.41 44 69 3  84 2230  135 18% 28 32951 7705 12%
c e  0.42 44 69 3  84 2230  133 18% 28 32947 7687 12%
c ]  0.45 44 87 3  84 3001  858  7% 29 32947 7687 12%
c 
c  seconds  reductions  redundant  irredundant
c         MB    restarts       trail     variables
c          level   conflicts       glue       remaining
c 
c {  0.45 44 49 3  84 3001  858 24% 4 32947 7687 12%
c F  0.45 44 50 3  85 3010  867 24% 4 32947 7687 12%
c -  0.46 38 48 4 122 3159  959 21% 4 32947 7687 12%
c i  0.48 38 49 4 219 3528 1286 17% 5 32947 7671 12%
c -  0.52 38 48 5 475 4659 1713 11% 7 32848 7671 12%
c i  0.52 38 48 5 487 4714 1753 11% 7 32848 7669 12%
c 3  0.53 40 48 5 527 5000 9467 10% 7 32848 7669 12%
c 3  0.54 40 48 5 527 5000 9644 10% 7 32848 7669 12%
c 2  0.54 40 48 5 527 5000 9641 10% 7 32848 7669 12%
c p  0.57 40 48 5 527 5000 16936 10% 7 32848 7644 12%
c #  0.61 40 48 5 711 6011 17811  9% 8 32848 7644 12%
c -  0.64 40 47 6 796 6459 2937 22% 8 32713 7644 12%
c }  0.65 40 45 6 934 7001 3338 18% 8 32713 7644 12%
c [  0.65 40 87 6 934 7001 3338 55% 29 32713 7644 12%
c -  0.71 40 79 7 935 8561 3502 41% 28 32713 7644 12%
c I  0.76 40 72 7 936 10012 4891 38% 26 32713 7644 12%
c s  0.79 40 71 7 937 10629 5327 36% 26 31986 7644 12%
c v  0.80 40 71 7 937 10629 5327 36% 26 31917 7644 12%
c w  0.80 40 71 7 937 10629 5320 36% 26 31917 7644 12%
c t  0.80 40 71 7 937 10629 5313 36% 26 31894 7644 12%
c 
c  seconds  reductions   redundant   irredundant
c         MB    restarts        trail      variables
c          level    conflicts       glue        remaining
c 
c e  0.81 40 71 7 937 10629 3576 36% 26 31706 7451 11%
c s  0.81 40 71 7 937 10629 3556 36% 26 31675 7451 11%
c e  0.82 40 71 7 937 10629 3552 36% 26 31669 7448 11%
c -  0.83 40 73 8 937 10961 2951 36% 26 31669 7448 11%
c -  0.96 40 90 9 939 13661 3888 37% 36 31669 7448 11%
c ]  1.04 40 93 9 939 15003 5164 37% 39 31669 7448 11%
c {  1.04 40 45 9 939 15003 5164 18% 8 31669 7448 11%
c d  1.04 40 45 9 940 15003 5162 18% 8 31669 7447 11%
c 3  1.05 40 45 9 940 15003 6907 18% 8 31669 7447 11%
c p  1.06 40 45 9 940 15003 14321 18% 8 31669 7447 11%
c d  1.07 40 45 9 940 15003 14319 18% 8 31666 7444 11%
c B  1.07 40 45 9 943 15016 14331 18% 8 31666 7444 11%
c i  1.08 40 45 9 987 15213 14497 18% 8 31666 7441 11%
c -  1.14 40 47 10 1170 16661 5166 22% 9 31569 7428 11%
c i  1.23 40 46 10 1539 19173 7252 22% 9 31569 7424 11%
c -  1.26 40 46 11 1660 19964 5415 22% 9 31557 7424 11%
c W  1.31 40 46 11 1820 21017 6366 22% 9 31557 7424 11%
c s  1.39 40 44 11 1959 23158 7831 22% 9 31526 7424 11%
c v  1.41 40 44 11 1959 23158 7831 22% 9 31196 7424 11%
c w  1.41 40 44 11 1959 23158 7826 22% 9 31196 7424 11%
c 
c  seconds  reductions     redundant  irredundant
c         MB     restarts         trail     variables
c          level      conflicts       glue       remaining
c 
c t  1.41 40 44 11 1959 23158 7821 22% 9 31188 7424 11%
c e  1.42 40 44 11 1959 23158 6660 22% 9 31134 7367 11%
c s  1.43 40 44 11 1959 23158 6615 22% 9 31121 7367 11%
c e  1.43 40 44 11 1959 23158 6615 22% 9 31118 7365 11%
c -  1.46 40 44 12 2047 23565 5550 22% 9 31118 7365 11%
c -  1.60 40 44 13 2487 27467 6867 21% 10 31118 7365 11%
c F  1.61 40 43 13 2492 28019 7283 21% 9 31118 7365 11%
c d  1.69 40 43 13 2756 30004 9115 21% 10 31118 7359 11%
c 3  1.69 40 43 13 2756 30004 12366 21% 10 31118 7359 11%
c 2  1.70 40 43 13 2756 30004 13092 21% 10 31117 7359 11%
c p  1.71 40 43 13 2756 30004 19747 21% 10 31117 7357 11%
c }  1.74 40 43 13 2830 31004 20663 21% 10 31117 7357 11%
c [  1.74 40 93 13 2830 31004 20663 37% 39 31117 7357 11%
c -  1.78 40 90 14 2830 31671 8682 37% 38 31111 7357 11%
c B  2.01 40 89 14 2833 36021 12870 39% 37 31111 7357 11%
c -  2.02 40 89 15 2833 36172 9378 39% 37 31111 7357 11%
c s  2.20 40 94 15 2836 39790 12646 39% 39 31071 7357 11%
c v  2.22 40 94 15 2836 39790 12646 39% 39 31030 7357 11%
c w  2.22 40 94 15 2836 39790 12643 39% 39 31030 7357 11%
c t  2.22 40 94 15 2836 39790 12640 39% 39 31025 7357 11%
c 
c  seconds  reductions      redundant   irredundant
c         MB     restarts          trail      variables
c          level      conflicts        glue        remaining
c 
c e  2.23 40 94 15 2836 39790 12572 39% 39 30923 7302 11%
c s  2.23 40 94 15 2836 39790 12555 39% 39 30839 7302 11%
c -  2.31 40 93 16 2836 40972 8895 39% 39 30839 7302 11%
c W  2.58 40 89 16 2837 45024 12633 39% 41 30839 7302 11%
c -  2.63 40 90 17 2838 46072 9273 39% 41 30839 7302 11%
c d  2.83 40 93 17 2838 50005 12982 38% 44 30839 7301 11%
c 3  2.84 40 93 17 2838 50005 16430 38% 44 30839 7301 11%
c 3  2.84 40 93 17 2838 50005 17485 38% 44 30839 7301 11%
c p  2.86 40 93 17 2838 50005 23949 38% 44 30839 7301 11%
c d  2.86 40 93 17 2838 50005 23947 38% 44 30839 7300 11%
c -  2.93 40 92 18 2838 51473 9743 38% 43 30839 7300 11%
c O  3.12 40 91 18 2839 55027 13111 37% 43 30839 7300 11%
c -  3.20 40 88 19 2841 57173 10467 37% 42 30839 7300 11%
c s  3.36 40 89 19 2843 60575 13646 37% 41 30839 7300 11%
c v  3.38 40 89 19 2843 60575 13646 37% 41 30765 7300 11%
c w  3.38 40 89 19 2843 60575 13645 37% 41 30765 7300 11%
c e  3.39 40 89 19 2843 60575 13643 37% 41 30683 7250 11%
c s  3.39 40 89 19 2843 60575 13631 37% 41 30629 7250 11%
c ]  3.53 40 89 19 2845 63004 15941 38% 42 30629 7250 11%
c {  3.53 40 43 19 2845 63004 15941 21% 10 30629 7250 11%
c 
c  seconds  reductions      redundant   irredundant
c         MB     restarts          trail      variables
c          level      conflicts        glue        remaining
c 
c -  3.54 40 43 20 2871 63175 10889 21% 10 30629 7250 11%
c B  3.65 40 42 20 3134 66030 13415 21% 10 30629 7250 11%
c i  3.71 40 43 20 3383 67308 14561 21% 10 30629 7249 11%
c -  3.79 40 42 21 3610 69475 11010 21% 10 30626 7249 11%
c i  3.81 40 42 21 3667 69870 11323 21% 10 30626 7234 11%
c d  4.01 40 42 21 4289 75005 15873 21% 10 30547 7221 11%
c 3  4.02 40 42 21 4289 75005 19190 21% 10 30547 7221 11%
c 3  4.02 40 42 21 4289 75005 19912 21% 10 30547 7221 11%
c d  4.03 40 42 21 4289 75005 19882 21% 10 30547 7220 11%
c 2  4.03 40 42 21 4289 75005 19871 21% 10 30547 7220 11%
c p  4.04 40 42 21 4289 75005 26085 21% 10 30547 7220 11%
c d  4.04 40 42 21 4289 75005 26079 21% 10 30547 7218 11%
c -  4.09 40 42 22 4390 76076 12991 21% 10 30547 7218 11%
c W  4.21 40 42 22 4656 78034 14748 22% 10 30547 7218 11%
c i  4.34 40 41 22 5013 81637 17810 21% 10 30547 7216 11%
c -  4.42 40 42 23 5265 82976 13765 22% 10 30541 7216 11%
c s  4.50 40 40 23 5301 85524 15563 21% 10 30522 7216 11%
c v  4.52 40 40 23 5301 85524 15563 21% 10 30454 7216 11%
c w  4.52 40 40 23 5301 85524 15558 21% 10 30454 7216 11%
c t  4.52 40 40 23 5301 85524 15550 21% 10 30454 7216 11%
c 
c  seconds  reductions      redundant   irredundant
c         MB     restarts          trail      variables
c          level      conflicts        glue        remaining
c 
c e  4.53 40 40 23 5301 85524 15505 21% 10 30395 7163 11%
c s  4.54 40 40 23 5301 85524 15450 21% 10 30341 7163 11%
c e  4.54 40 40 23 5301 85524 15450 21% 10 30337 7159 11%
c -  4.67 40 37 24 5330 90176 14398 21% 10 30337 7159 11%
c #  4.70 40 36 24 5346 91036 15153 21% 10 30337 7159 11%
c -  4.99 40 36 25 6144 97678 16063 21% 10 30337 7159 11%
c d  5.33 40 36 25 7174 105005 22446 21% 10 30337 7130 11%
c 3  5.33 40 36 25 7174 105005 25710 21% 10 30337 7130 11%
c 3  5.34 40 36 25 7174 105005 26525 21% 10 30337 7130 11%
c d  5.34 40 36 25 7174 105005 26475 21% 10 30337 7125 11%
c 2  5.34 40 36 25 7174 105005 26467 21% 10 30337 7125 11%
c p  5.36 40 36 25 7174 105005 32119 21% 10 30337 7125 11%
c d  5.36 40 36 25 7174 105005 32091 21% 10 30337 7121 11%
c B  5.36 40 36 25 7176 105038 32122 21% 10 30337 7121 11%
c -  5.40 40 37 26 7254 105479 16838 21% 10 30337 7121 11%
c -  5.79 40 37 27 8648 113579 17704 21% 11 30337 7121 11%
c s  5.84 40 36 27 8908 114690 18330 21% 11 30336 7121 11%
c v  5.87 40 36 27 8908 114690 18330 21% 11 30315 7121 11%
c w  5.87 40 36 27 8908 114690 18323 21% 11 30315 7121 11%
c t  5.87 40 36 27 8908 114690 18318 21% 11 30315 7121 11%
c 
c  seconds  reductions       redundant   irredundant
c         MB     restarts           trail      variables
c          level      conflicts         glue        remaining
c 
c e  5.88 40 36 27 8908 114690 16371 21% 11 30314 7116 11%
c s  5.89 40 36 27 8908 114690 16336 21% 11 30303 7116 11%
c e  5.89 40 36 27 8908 114690 16336 21% 11 30302 7115 11%
c W  6.24 40 38 27 9851 120039 21224 21% 11 30302 7115 11%
c -  6.32 40 38 28 9964 121979 17692 21% 11 30302 7115 11%
c }  6.48 40 37 28 10409 127004 22198 21% 11 30302 7115 11%
c [  6.48 40 89 28 10409 127004 22198 38% 42 30302 7115 11%
c -  6.62 40 84 29 10409 130679 18503 37% 39 30302 7115 11%
c B  6.86 40 85 29 10414 136040 23692 37% 39 30302 7115 11%
c -  7.06 40 84 30 10416 139680 19431 37% 39 30302 7115 11%
c d  7.09 40 84 30 10416 140005 19641 38% 39 30302 7094 11%
c 3  7.09 40 84 30 10416 140005 22959 38% 39 30302 7094 11%
c 3  7.10 40 84 30 10416 140005 23709 38% 39 30302 7094 11%
c d  7.10 40 84 30 10416 140005 23698 38% 39 30302 7092 11%
c 2  7.11 40 84 30 10416 140005 23697 38% 39 30302 7092 11%
c p  7.12 40 84 30 10416 140005 29822 38% 39 30302 7090 11%
c d  7.13 40 84 30 10416 140005 29453 38% 39 30296 7088 11%
c s  7.75 40 84 30 10417 148139 36802 38% 42 30278 7088 11%
c v  7.77 40 84 30 10417 148139 36802 38% 42 30267 7088 11%
c w  7.77 40 84 30 10417 148139 36797 38% 42 30267 7088 11%
c 
c  seconds  reductions        redundant   irredundant
c         MB      restarts           trail      variables
c          level       conflicts         glue        remaining
c 
c t  7.78 40 84 30 10417 148139 36795 38% 42 30266 7088 11%
c e  7.78 40 84 30 10417 148139 36777 38% 42 30262 7081 11%
c s  7.79 40 84 30 10417 148139 36749 38% 42 30227 7081 11%
c e  7.80 40 84 30 10417 148139 36749 38% 42 30225 7079 11%
c -  7.87 40 84 31 10417 148981 19195 38% 43 30225 7079 11%
c W  8.22 40 84 31 10418 153043 22579 38% 44 30225 7079 11%
c -  8.68 45 83 32 10418 158581 18679 39% 45 30225 7079 11%
c -  9.59 40 82 33 10419 168481 19667 39% 47 30225 7079 11%
c I  9.80 40 82 33 10421 171045 21815 39% 48 30225 7079 11%
c - 10.04 40 79 34 10425 178682 20620 38% 46 30225 7079 11%
c d 10.10 40 79 34 10425 180008 21806 38% 46 30225 7076 11%
c 3 10.10 40 79 34 10425 180008 24763 38% 46 30225 7076 11%
c p 10.12 40 79 34 10425 180008 31499 38% 46 30225 7076 11%
c s 10.37 40 77 34 10429 185834 36527 37% 45 30224 7076 11%
c v 10.39 40 77 34 10429 185834 36527 37% 45 30203 7076 11%
c w 10.40 40 77 34 10429 185834 36521 37% 45 30203 7076 11%
c e 10.41 40 77 34 10429 185834 36512 37% 45 30200 7074 11%
c s 10.42 40 77 34 10429 185834 36483 37% 45 30185 7074 11%
c - 10.53 40 74 35 10432 189183 20980 36% 44 30185 7074 11%
c B 10.55 40 74 35 10432 190047 21692 36% 44 30185 7074 11%
c 
c  seconds  reductions        redundant   irredundant
c         MB      restarts           trail      variables
c          level       conflicts         glue        remaining
c 
c - 11.11 40 76 36 10433 199985 20965 36% 44 30185 7074 11%
c W 11.86 40 75 36 10440 210048 30374 37% 44 30185 7074 11%
c - 11.92 45 75 37 10440 211085 21439 37% 44 30185 7074 11%
c - 12.70 40 77 38 10447 222486 21589 38% 45 30185 7074 11%
c d 12.89 40 77 38 10447 225008 23842 38% 45 30185 7069 11%
c 3 12.90 40 77 38 10447 225008 26942 38% 45 30185 7069 11%
c d 12.91 40 77 38 10447 225008 27883 38% 45 30185 7068 11%
c 2 12.91 40 77 38 10447 225008 27882 38% 45 30185 7068 11%
c p 12.92 40 77 38 10447 225008 33545 38% 45 30185 7068 11%
c d 12.93 40 77 38 10447 225008 33541 38% 45 30185 7067 11%
c s 13.16 40 77 38 10448 227705 35845 38% 45 30185 7067 11%
c v 13.19 40 77 38 10448 227705 35845 38% 45 30136 7067 11%
c w 13.20 40 77 38 10448 227705 35844 38% 45 30136 7067 11%
c e 13.20 40 77 38 10448 227705 35834 38% 45 30129 7058 11%
c s 13.21 40 77 38 10448 227705 35823 38% 45 30121 7058 11%
c e 13.22 40 77 38 10448 227705 35822 38% 45 30121 7057 11%
c O 13.48 40 77 38 10448 231049 38808 38% 46 30121 7057 11%
c - 13.69 40 76 39 10448 234188 22272 38% 45 30121 7057 11%
c - 14.54 40 71 40 10449 246191 22124 37% 42 30121 7057 11%
c B 15.00 40 70 40 10450 253050 28169 37% 42 30121 7057 11%
c 
c  seconds  reductions        redundant   irredundant
c         MB      restarts           trail      variables
c          level       conflicts         glue        remaining
c 
c ] 15.11 40 70 40 10450 255004 30023 37% 41 30121 7057 11%
c { 15.11 40 37 40 10450 255004 30023 21% 11 30121 7057 11%
c - 15.28 40 36 41 10751 258492 23623 21% 11 30121 7057 11%
c - 15.85 40 35 42 11850 271092 24504 21% 11 30121 7057 11%
c s 15.94 40 34 42 11850 273768 25125 21% 11 30117 7057 11%
c v 15.97 40 34 42 11850 273768 25125 21% 11 29986 7057 11%
c w 15.98 40 34 42 11850 273768 25117 21% 11 29986 7057 11%
c t 15.98 40 34 42 11850 273768 25113 21% 11 29986 7057 11%
c e 15.99 40 34 42 11850 273768 25098 21% 11 29951 7020 11%
c s 16.00 40 34 42 11850 273768 24873 21% 11 29922 7020 11%
c e 16.01 40 34 42 11850 273768 24866 21% 11 29919 7017 11%
c d 16.06 40 34 42 11850 275008 25834 21% 11 29919 6996 11%
c 3 16.06 40 34 42 11850 275008 29027 21% 11 29919 6996 11%
c p 16.09 40 34 42 11850 275008 35352 21% 11 29919 6996 11%
c d 16.10 40 34 42 11850 275008 35346 21% 11 29919 6995 11%
c F 16.15 40 34 42 11960 276053 36230 21% 11 29919 6995 11%
c - 16.62 40 35 43 13109 283993 26088 21% 11 29919 6995 11%
c - 17.24 40 35 44 14475 297193 27627 21% 11 29919 6995 11%
c B 17.29 40 34 44 14475 300056 29701 20% 11 29919 6995 11%
c - 17.97 40 34 45 15812 310693 28290 21% 11 29919 6995 11%
c 
c  seconds  reductions        redundant   irredundant
c         MB      restarts           trail      variables
c          level       conflicts         glue        remaining
c 
c s 18.50 40 33 45 16418 323983 37914 20% 11 29908 6995 11%
c v 18.53 40 33 45 16418 323983 37914 20% 11 29797 6995 11%
c w 18.54 40 33 45 16418 323983 37905 20% 11 29797 6995 11%
c t 18.54 40 33 45 16418 323983 37899 20% 11 29797 6995 11%
c e 18.55 40 33 45 16418 323983 37663 20% 11 29786 6984 11%
c s 18.56 40 33 45 16418 323983 37572 20% 11 29784 6984 11%
c - 18.60 40 32 46 16418 324493 27736 20% 11 29784 6984 11%
c W 18.72 40 32 46 16418 325057 28199 20% 11 29784 6984 11%
c d 18.95 40 32 46 16800 330010 32502 21% 11 29784 6965 11%
c 3 18.96 40 32 46 16800 330010 35688 21% 11 29784 6965 11%
c d 18.97 40 32 46 16800 330010 36567 21% 11 29784 6964 11%
c p 18.99 40 32 46 16800 330010 41875 21% 11 29784 6964 11%
c - 19.42 40 32 47 17830 338593 29892 21% 11 29784 6964 11%
c # 19.96 40 32 47 20014 351058 40839 20% 12 29784 6964 11%
c - 20.07 40 32 48 20271 352994 30471 20% 12 29784 6964 11%
c - 20.98 40 33 49 22004 367696 31652 21% 12 29784 6964 11%
c B 21.55 40 33 49 23620 378060 40625 21% 12 29784 6964 11%
c s 21.60 40 33 49 23663 378386 40567 21% 12 29778 6964 11%
c v 21.63 40 33 49 23663 378386 40567 21% 12 29727 6964 11%
c w 21.65 40 33 49 23663 378386 40562 21% 12 29727 6964 11%
c 
c  seconds  reductions        redundant   irredundant
c         MB      restarts           trail      variables
c          level       conflicts         glue        remaining
c 
c t 21.65 40 33 49 23663 378386 40555 21% 12 29727 6964 11%
c e 21.66 40 33 49 23663 378386 40256 21% 12 29721 6951 11%
c s 21.68 40 33 49 23663 378386 40214 21% 12 29719 6951 11%
c - 21.92 40 34 50 24279 382698 32556 21% 12 29719 6951 11%
c d 22.19 40 33 50 25788 390010 38655 21% 12 29719 6928 11%
c 3 22.20 40 33 50 25788 390010 41852 21% 12 29719 6928 11%
c 3 22.20 40 33 50 25788 390010 42704 21% 12 29719 6928 11%
c d 22.21 40 33 50 25788 390010 42700 21% 12 29719 6927 11%
c p 22.23 40 33 50 25788 390010 47688 21% 12 29719 6926 11%
c d 22.23 40 33 50 25788 390010 47666 21% 12 29716 6925 11%
c - 22.57 40 32 51 26055 398000 32389 20% 12 29716 6925 11%
c W 23.04 40 32 51 26572 406062 39278 21% 12 29716 6925 11%
c - 23.31 40 31 52 26714 413600 33240 21% 12 29716 6925 11%
c - 23.99 40 31 53 29191 429502 34994 20% 12 29716 6925 11%
c F 24.30 40 31 53 30122 435064 39691 20% 12 29716 6925 11%
c s 24.45 40 31 53 30332 437078 41290 21% 12 29712 6925 11%
c v 24.48 40 31 53 30332 437078 41290 21% 12 29700 6925 11%
c w 24.50 40 31 53 30332 437078 41286 21% 12 29700 6925 11%
c t 24.50 40 31 53 30332 437078 41277 21% 12 29700 6925 11%
c e 24.50 40 31 53 30332 437078 41195 21% 12 29695 6917 11%
c 
c  seconds  reductions        redundant   irredundant
c         MB      restarts           trail      variables
c          level       conflicts         glue        remaining
c 
c s 24.52 40 31 53 30332 437078 41149 21% 12 29687 6917 11%
c - 24.78 40 31 54 30576 445702 35158 20% 12 29687 6917 11%
c d 25.25 40 31 54 31227 455011 42888 20% 12 29687 6907 11%
c 3 25.26 40 31 54 31227 455011 46841 20% 12 29687 6907 11%
c p 25.29 40 31 54 31227 455011 51984 20% 12 29687 6907 11%
c d 25.29 40 31 54 31227 455011 51971 20% 12 29687 6905 11%
c - 25.65 40 31 55 32026 462202 35928 20% 12 29687 6905 11%
c B 25.76 40 31 55 32664 465065 38479 20% 12 29687 6905 11%
c - 26.44 40 29 56 33218 479002 36330 20% 12 29687 6905 11%
c i 26.66 40 28 56 33223 484223 40311 20% 12 29687 6899 11%
c W 27.33 40 29 56 34355 496066 38980 20% 12 29669 6899 11%
c - 27.34 40 29 57 34364 496105 29809 20% 12 29669 6899 11%
c s 27.55 40 29 57 34940 500127 33386 20% 12 29661 6899 11%
c v 27.58 40 29 57 34940 500127 33386 20% 12 29641 6899 11%
c w 27.59 40 29 57 34940 500127 33381 20% 12 29641 6899 11%
c t 27.59 40 29 57 34940 500127 33378 20% 12 29641 6899 11%
c e 27.59 40 29 57 34940 500127 33374 20% 12 29634 6890 11%
c s 27.60 40 29 57 34940 500127 33345 20% 12 29632 6890 11%
c } 28.23 40 30 57 36111 511006 43157 20% 12 29632 6890 11%
c [ 28.23 40 70 57 36111 511006 43157 37% 41 29632 6890 11%
c 
c  seconds  reductions        redundant   irredundant
c         MB      restarts           trail      variables
c          level       conflicts         glue        remaining
c 
c - 28.34 40 69 58 36111 513506 36146 37% 41 29632 6890 11%
c d 28.99 40 65 58 36111 525013 47099 38% 38 29632 6879 11%
c 3 29.00 40 65 58 36111 525013 50418 38% 38 29632 6879 11%
c d 29.01 40 65 58 36111 525013 51205 38% 38 29632 6875 11%
c p 29.05 40 65 58 36111 525013 55948 38% 38 29632 6873 11%
c W 29.39 40 66 58 36111 528068 58727 42% 38 29626 6873 11%
c - 29.57 48 67 59 36111 531206 39202 39% 38 29626 6873 11%
c - 31.13 40 67 60 36117 549206 38774 44% 37 29626 6873 11%
c I 32.14 40 66 60 36124 561070 49912 45% 37 29626 6873 11%
c s 32.39 40 64 60 36126 567474 55661 41% 36 29624 6873 11%
c v 32.43 40 64 60 36126 567474 55661 41% 36 29590 6873 11%
c w 32.45 40 64 60 36126 567474 55658 41% 36 29590 6873 11%
c e 32.46 40 64 60 36126 567474 55655 41% 36 29584 6864 11%
c s 32.48 40 64 60 36126 567474 55623 41% 36 29581 6864 11%
c - 32.50 43 64 61 36126 567508 39431 41% 36 29581 6864 11%
c - 33.36 43 62 62 36133 586110 38544 38% 34 29581 6864 11%
c B 33.84 43 61 62 36140 595075 47187 37% 33 29581 6864 11%
c d 34.15 43 61 62 36141 600014 51904 38% 33 29581 6862 11%
c 3 34.16 43 61 62 36141 600014 55833 38% 33 29581 6862 11%
c d 34.17 43 61 62 36141 600014 55820 38% 33 29581 6861 11%
c 
c  seconds  reductions        redundant   irredundant
c         MB      restarts           trail      variables
c          level       conflicts         glue        remaining
c 
c p 34.20 43 61 62 36141 600014 60600 38% 33 29581 6861 11%
c d 34.20 43 61 62 36141 600014 60593 38% 33 29581 6860 11%
c - 34.50 43 60 63 36141 605010 40771 38% 33 29581 6860 11%
c - 35.83 43 57 64 36143 624210 41470 39% 31 29581 6860 11%
c W 36.36 43 57 64 36147 630077 46911 39% 31 29581 6860 11%
c s 36.92 43 57 64 36152 639132 55355 39% 31 29581 6860 11%
c v 36.96 43 57 64 36152 639132 55355 39% 31 29572 6860 11%
c w 36.98 43 57 64 36152 639132 55352 39% 31 29572 6860 11%
c t 36.98 43 57 64 36152 639132 55351 39% 31 29572 6860 11%
c e 36.99 43 57 64 36152 639132 55310 39% 31 29571 6859 11%
c s 37.01 43 57 64 36152 639132 55268 39% 31 29570 6859 11%
c - 37.24 43 57 65 36155 643710 41014 38% 31 29570 6859 11%
c - 38.64 43 57 66 36162 663510 40488 38% 32 29570 6859 11%
c O 38.81 43 57 66 36164 666079 42856 38% 32 29570 6859 11%
c d 39.80 43 57 66 36171 680014 55820 39% 32 29570 6852 11%
c 2 39.82 43 57 66 36171 680014 59896 39% 32 29570 6852 11%
c p 39.85 43 57 66 36171 680014 64639 39% 32 29570 6852 11%
c - 40.07 51 58 67 36172 683610 41352 39% 32 29570 6852 11%
c B 41.30 51 65 67 36173 703083 60003 40% 35 29570 6852 11%
c - 41.38 53 66 68 36173 704011 41971 40% 35 29570 6852 11%
c 
c  seconds  reductions        redundant   irredundant
c         MB      restarts           trail      variables
c          level       conflicts         glue        remaining
c 
c s 42.22 53 66 68 36174 715023 52448 40% 35 29570 6852 11%
c v 42.26 53 66 68 36174 715023 52448 40% 35 29561 6852 11%
c w 42.28 53 66 68 36174 715023 52447 40% 35 29561 6852 11%
c t 42.28 53 66 68 36174 715023 52446 40% 35 29561 6852 11%
c e 42.28 53 66 68 36174 715023 52446 40% 35 29559 6850 11%
c s 42.30 53 66 68 36174 715023 52437 40% 35 29559 6850 11%
c ^ 42.30 53 66 68 36174 715023 52437 40% 35 29559 6850 11%
c - 43.29 54 69 69 36174 724713 41959 41% 37 29559 6850 11%
c W 45.11 54 69 69 36175 741085 57431 42% 37 29559 6850 11%
c - 45.50 55 68 70 36175 745713 44118 42% 36 29559 6850 11%
c d 47.41 55 64 70 36175 765015 62343 44% 36 29559 6849 11%
c 3 47.42 55 64 70 36175 765015 65209 44% 36 29559 6849 11%
c d 47.44 55 64 70 36175 765015 66234 44% 36 29559 6848 11%
c p 47.47 55 64 70 36175 765015 71010 44% 36 29559 6848 11%
c - 47.78 55 64 71 36175 767013 44301 44% 35 29559 6848 11%
c I 49.15 55 62 71 36175 780089 56685 44% 35 29559 6848 11%
c - 49.63 46 60 72 36175 788613 46267 43% 34 29559 6848 11%
c s 49.99 46 59 72 36175 795185 52321 42% 34 29559 6848 11%
c v 50.03 46 59 72 36175 795185 52321 42% 34 29551 6848 11%
c w 50.05 46 59 72 36175 795185 52320 42% 34 29551 6848 11%
c 
c  seconds  reductions        redundant   irredundant
c         MB      restarts           trail      variables
c          level       conflicts         glue        remaining
c 
c e 50.07 46 59 72 36175 795185 21162 42% 34 29820 6428 10%
c s 50.08 46 59 72 36175 795185 21083 42% 34 29802 6428 10%
c e 50.09 46 59 72 36175 795185 20752 42% 34 29803 6427 10%
c - 50.83 46 58 73 36178 810513 29935 40% 33 29803 6427 10%
c B 51.37 46 58 73 36183 820090 38988 40% 33 29803 6427 10%
c - 52.19 50 61 74 36190 832714 39335 40% 34 29803 6427 10%
c d 54.14 50 64 74 36199 855015 60221 39% 36 29803 6425 10%
c 3 54.15 50 64 74 36199 855015 62926 39% 36 29803 6425 10%
c 2 54.16 50 64 74 36199 855015 63652 39% 36 29803 6425 10%
c p 54.19 50 64 74 36199 855015 67587 39% 36 29803 6425 10%
c - 54.23 60 64 75 36199 855218 42129 39% 36 29803 6425 10%
c W 54.69 60 63 75 36203 861091 47347 38% 36 29803 6425 10%
c - 55.72 60 66 76 36206 878018 41684 38% 36 29803 6425 10%
c s 56.12 60 67 76 36206 883717 46628 38% 36 29798 6425 10%
c v 56.16 60 67 76 36206 883717 46628 38% 36 29787 6425 10%
c w 56.18 60 67 76 36206 883717 46620 38% 36 29787 6425 10%
c t 56.18 60 67 76 36206 883717 46620 38% 36 29785 6425 10%
c e 56.19 60 67 76 36206 883717 46620 38% 36 29785 6421 10%
c s 56.23 60 67 76 36206 883717 46576 38% 36 29783 6421 10%
c - 57.27 60 68 77 36213 901119 44932 37% 36 29783 6421 10%
c 
c  seconds  reductions        redundant   irredundant
c         MB      restarts           trail      variables
c          level       conflicts         glue        remaining
c 
c O 57.45 60 68 77 36213 903092 46696 37% 36 29783 6421 10%
c - 58.56 36 65 78 36222 924521 43279 36% 35 29783 6421 10%
c B 60.10 36 64 78 36235 946096 62801 36% 35 29783 6421 10%
c - 60.26 45 64 79 36235 948222 44151 36% 36 29783 6421 10%
c d 60.38 45 65 79 36236 950018 45830 36% 36 29783 6420 10%
c 3 60.39 45 65 79 36236 950018 48224 36% 36 29783 6420 10%
c d 60.40 45 65 79 36236 950018 48965 36% 36 29783 6419 10%
c 2 60.41 45 65 79 36236 950018 48963 36% 36 29783 6419 10%
c p 60.43 45 65 79 36236 950018 52939 36% 36 29783 6419 10%
c - 62.12 54 65 80 36237 972226 43934 36% 38 29783 6419 10%
c s 62.54 54 65 80 36238 976690 47717 36% 38 29783 6419 10%
c v 62.59 54 65 80 36238 976690 47717 36% 38 29779 6419 10%
c w 62.61 54 65 80 36238 976690 47714 36% 38 29779 6419 10%
c s 62.64 54 65 80 36238 976690 47695 36% 38 29779 6419 10%
c W 64.27 54 65 80 36238 990097 59719 37% 40 29779 6419 10%
c - 64.88 64 65 81 36238 996529 46285 37% 40 29779 6419 10%
c - 67.41 64 63 82 36247 1021131 47254 38% 40 29779 6419 10%
c ] 67.60 64 63 82 36248 1023006 48913 38% 40 29779 6419 10%
c { 67.60 64 30 82 36248 1023006 48913 23% 12 29779 6419 10%
c # 68.59 64 31 82 37885 1035099 59986 23% 12 29779 6419 10%
c 
c  seconds  reductions         redundant   irredundant
c         MB      restarts            trail      variables
c          level        conflicts         glue        remaining
c 
c - 69.02 36 30 83 38110 1046032 46239 22% 12 29779 6419 10%
c d 69.16 36 29 83 38117 1050020 49045 22% 12 29779 6414 10%
c 3 69.17 36 29 83 38117 1050020 51169 22% 12 29779 6414 10%
c 2 69.18 36 29 83 38117 1050020 51850 22% 12 29779 6414 10%
c p 69.20 36 29 83 38117 1050020 55747 22% 12 29779 6414 10%
c d 69.20 36 29 83 38117 1050020 55739 22% 12 29779 6413 10%
c - 70.21 40 28 84 38871 1071232 46206 22% 12 29779 6413 10%
c s 70.34 40 27 84 38921 1074101 40948 22% 12 29779 6413 10%
c v 70.38 40 27 84 38921 1074101 40948 22% 12 29626 6413 10%
c w 70.40 40 27 84 38921 1074101 40941 22% 12 29626 6413 10%
c t 70.40 40 27 84 38921 1074101 40938 22% 12 29626 6413 10%
c s 70.44 40 27 84 38921 1074101 40515 22% 12 29626 6413 10%
c B 70.77 40 27 84 39462 1081100 46498 21% 12 29626 6413 10%
c - 71.54 40 27 85 41016 1096733 45819 21% 12 29626 6413 10%
c - 72.34 40 24 86 41102 1122535 45632 20% 11 29626 6413 10%
c W 72.96 40 24 86 41601 1128101 50433 20% 11 29626 6413 10%
c - 74.49 40 26 87 44176 1148635 51097 20% 11 29626 6413 10%
c d 74.81 40 27 87 45309 1155022 56751 20% 12 29626 6405 10%
c 3 74.82 40 27 87 45309 1155022 59186 20% 12 29626 6405 10%
c d 74.83 40 27 87 45309 1155022 59779 20% 12 29626 6402 10%
c 
c  seconds  reductions         redundant   irredundant
c         MB      restarts            trail      variables
c          level        conflicts         glue        remaining
c 
c 2 74.83 40 27 87 45309 1155022 59778 20% 12 29626 6402 10%
c p 74.85 40 27 87 45309 1155022 63509 20% 12 29626 6402 10%
c d 74.86 40 27 87 45309 1155022 63507 20% 12 29626 6401 10%
c - 75.75 41 26 88 47514 1175038 51442 20% 12 29626 6401 10%
c s 75.83 41 26 88 47590 1175661 50728 20% 12 29625 6401 10%
c v 75.88 41 26 88 47590 1175661 50728 20% 12 29606 6401 10%
c w 75.90 41 26 88 47590 1175661 50723 20% 12 29606 6401 10%
c t 75.90 41 26 88 47590 1175661 50721 20% 12 29606 6401 10%
c s 75.93 41 26 88 47590 1175661 50545 20% 12 29604 6401 10%
c e 75.94 41 26 88 47590 1175661 50544 20% 12 29605 6400 10%
c F 75.96 41 26 88 47621 1176104 50923 20% 12 29605 6400 10%
c - 77.01 41 26 89 50275 1201741 50996 19% 12 29605 6400 10%
c B 78.19 41 26 89 51770 1225105 70237 19% 12 29605 6400 10%
c - 78.45 41 26 90 52445 1228741 51534 19% 12 29605 6400 10%
c - 79.51 41 26 91 54871 1256041 53668 19% 12 29605 6400 10%
c d 79.96 41 26 91 55646 1265023 61664 19% 12 29605 6395 10%
c 3 79.96 41 26 91 55646 1265023 64028 19% 12 29605 6395 10%
c 2 79.98 41 26 91 55646 1265023 64701 19% 12 29605 6395 10%
c p 79.99 41 26 91 55646 1265023 68283 19% 12 29605 6394 10%
c W 80.85 43 26 91 56930 1275107 77262 19% 12 29602 6394 10%
c 
c  seconds  reductions         redundant   irredundant
c         MB      restarts            trail      variables
c          level        conflicts         glue        remaining
c 
c s 81.27 43 26 91 58064 1281728 81669 19% 12 29590 6394 10%
c v 81.31 43 26 91 58064 1281728 81669 19% 12 29590 6394 10%
c w 81.33 43 26 91 58064 1281728 81659 19% 12 29590 6394 10%
c t 81.34 43 26 91 58064 1281728 81657 19% 12 29590 6394 10%
c e 81.34 43 26 91 58064 1281728 81547 19% 12 29588 6392 10%
c s 81.38 43 26 91 58064 1281728 81466 19% 12 29587 6392 10%
c - 81.45 43 26 92 58544 1283642 54718 19% 12 29587 6392 10%
c - 82.49 43 25 93 61630 1311542 52553 18% 12 29587 6392 10%
c # 82.94 43 24 93 61966 1326108 64211 18% 12 29587 6392 10%
c - 83.50 43 23 94 62282 1339742 51244 18% 12 29587 6392 10%
c - 85.50 43 26 95 65339 1368243 55512 19% 12 29587 6392 10%
c B 85.79 43 25 95 65447 1378109 63262 19% 12 29587 6392 10%
c d 85.97 43 25 95 65776 1380028 65006 19% 12 29587 6386 10%
c 2 85.99 43 25 95 65776 1380028 67954 19% 12 29587 6386 10%
c p 86.01 43 25 95 65776 1380028 71480 19% 12 29587 6386 10%
c d 86.01 43 25 95 65776 1380028 71468 19% 12 29587 6385 10%
c s 86.98 43 26 95 67394 1392260 81203 19% 12 29585 6385 10%
c v 87.03 43 26 95 67394 1392260 81203 19% 12 29584 6385 10%
c w 87.06 43 26 95 67394 1392260 81196 19% 12 29584 6385 10%
c t 87.06 43 26 95 67394 1392260 81193 19% 12 29584 6385 10%
c 
c  seconds  reductions         redundant   irredundant
c         MB      restarts            trail      variables
c          level        conflicts         glue        remaining
c 
c s 87.11 43 26 95 67394 1392260 81076 19% 12 29584 6385 10%
c - 87.53 43 26 96 67823 1397045 57485 20% 12 29584 6385 10%
c - 88.82 43 26 97 71408 1426146 57825 19% 13 29584 6385 10%
c W 89.38 43 26 97 71453 1431111 62075 19% 13 29584 6385 10%
c - 90.80 43 26 98 73388 1455547 58060 20% 13 29584 6385 10%
c F 92.11 43 25 98 75205 1485112 82104 19% 12 29584 6385 10%
c - 92.14 43 25 99 75226 1485248 56893 19% 12 29584 6385 10%
c d 92.61 43 24 99 75268 1500032 68598 20% 12 29584 6378 10%
c 3 92.62 43 24 99 75268 1500032 71540 20% 12 29584 6378 10%
c d 92.63 43 24 99 75268 1500032 71523 20% 12 29584 6376 10%
c p 92.65 43 24 99 75268 1500032 75097 20% 12 29584 6376 10%
c d 92.66 43 24 99 75268 1500032 75085 20% 12 29584 6374 10%
c i 92.73 43 23 99 75268 1502631 76772 20% 12 29584 6372 10%
c s 92.96 43 24 99 76358 1507288 80392 19% 12 29584 6372 10%
c v 93.02 43 24 99 76358 1507288 80392 19% 12 29583 6372 10%
c w 93.05 43 24 99 76358 1507288 80391 19% 12 29583 6372 10%
c t 93.05 43 24 99 76358 1507288 80389 19% 12 29583 6372 10%
c e 93.06 43 24 99 76358 1507288 80382 19% 12 29576 6371 10%
c s 93.10 43 24 99 76358 1507288 80349 19% 12 29575 6371 10%
c - 93.78 43 25 100 77846 1515249 44717 20% 12 29575 6371 10%
c 
c  seconds   reductions         redundant   irredundant
c         MB       restarts            trail      variables
c          level         conflicts         glue        remaining
c 
c B 94.86 43 25 100 80315 1540114 66350 19% 12 29575 6371 10%
c - 95.30 43 25 101 80826 1545549 55319 20% 12 29575 6371 10%
c - 96.56 43 25 102 85935 1576149 59202 19% 13 29575 6371 10%
c W 97.81 43 26 102 88080 1596116 75713 18% 13 29575 6371 10%
c - 98.41 43 26 103 88828 1607049 59122 18% 13 29575 6371 10%
c d 99.58 43 27 103 90606 1625033 75547 19% 13 29575 6365 10%
c 2 99.60 43 27 103 90606 1625033 78632 19% 13 29575 6365 10%
c p 99.62 43 27 103 90606 1625033 82091 19% 13 29575 6365 10%
c d 99.63 43 27 103 90606 1625033 82079 19% 13 29575 6363 10%
c s 99.76 43 27 103 91068 1626887 82500 19% 13 29572 6363 10%
c v 99.82 43 27 103 91068 1626887 82500 19% 13 29572 6363 10%
c w 99.85 43 27 103 91068 1626887 82485 19% 13 29572 6363 10%
c t 99.85 43 27 103 91068 1626887 82483 19% 13 29572 6363 10%
c s 99.92 43 27 103 91068 1626887 82357 19% 13 29572 6363 10%
c ^ 99.93 43 27 103 91068 1626887 82357 19% 13 29572 6363 10%
c - 100.46 43 27 104 91832 1638249 62132 19% 13 29572 6363 10%
c # 100.84 43 25 104 91844 1653117 73819 19% 13 29572 6363 10%
c - 101.54 43 25 105 92213 1669749 60287 19% 13 29572 6363 10%
c - 103.24 43 25 106 93845 1701550 62911 19% 12 29572 6363 10%
c B 103.74 43 25 106 94238 1711119 70496 20% 12 29572 6363 10%
c 
c  seconds    reductions         redundant   irredundant
c          MB       restarts            trail      variables
c           level         conflicts         glue        remaining
c 
c - 104.63 43 24 107 94953 1733653 63453 19% 12 29572 6363 10%
c s 105.45 43 24 107 96240 1751009 76714 19% 12 29572 6363 10%
c v 105.50 43 24 107 96240 1751009 76714 19% 12 29571 6363 10%
c w 105.53 43 24 107 96240 1751009 76709 19% 12 29571 6363 10%
c t 105.53 43 24 107 96240 1751009 76708 19% 12 29571 6363 10%
c e 105.54 43 24 107 96240 1751009 64461 19% 12 29955 6171  9%
c s 105.60 43 24 107 96240 1751009 64379 19% 12 29931 6171  9%
c d 105.82 43 24 107 96367 1755035 67610 19% 12 29930 6165  9%
c 3 105.82 43 24 107 96367 1755035 70105 19% 12 29930 6165  9%
c 2 105.84 43 24 107 96367 1755035 70858 19% 12 29930 6165  9%
c p 105.86 43 24 107 96367 1755035 74359 19% 12 29930 6165  9%
c - 106.31 43 24 108 96972 1766054 59180 22% 12 29930 6165  9%
c W 106.92 43 24 108 97457 1770121 62414 21% 12 29930 6165  9%
c - 108.24 43 24 109 100387 1798755 62194 21% 12 29930 6165  9%
c F 110.32 43 25 109 103077 1830124 89784 22% 12 29930 6165  9%
c - 110.48 43 26 110 103377 1831755 65012 22% 12 29930 6165  9%
c - 111.61 43 25 111 106365 1865060 63971 21% 13 29930 6165  9%
c s 112.54 43 26 111 107395 1883134 79483 22% 13 29927 6165  9%
c v 112.59 43 26 111 107395 1883134 79483 22% 13 29927 6165  9%
c w 112.62 43 26 111 107395 1883134 79480 22% 13 29927 6165  9%
c 
c  seconds    reductions          redundant   irredundant
c          MB       restarts             trail      variables
c           level          conflicts         glue        remaining
c 
c t 112.62 43 26 111 107395 1883134 79479 22% 13 29925 6165  9%
c s 112.68 43 26 111 107395 1883134 79425 22% 13 29920 6165  9%
c e 112.69 43 26 111 107395 1883134 79407 22% 13 29919 6164  9%
c d 113.15 43 25 111 107725 1890035 85360 22% 12 29919 6163  9%
c 3 113.16 43 25 111 107725 1890035 87986 22% 12 29919 6163  9%
c 3 113.17 43 25 111 107725 1890035 88742 22% 12 29919 6163  9%
c d 113.18 43 25 111 107725 1890035 88725 22% 12 29919 6161  9%
c p 113.22 43 25 111 107725 1890035 92232 22% 12 29919 6161  9%
c B 113.35 43 26 111 107886 1891125 93224 22% 12 29919 6161  9%
c - 113.92 43 26 112 108904 1898660 65546 22% 13 29919 6161  9%
c - 116.34 49 27 113 111526 1932563 68866 22% 13 29919 6161  9%
c W 117.82 49 26 113 112669 1953127 86300 22% 13 29919 6161  9%
c - 118.31 49 26 114 112868 1966763 68833 22% 12 29919 6161  9%
c - 119.68 49 23 115 113376 2001264 67333 22% 12 29919 6161  9%
c # 120.53 49 23 115 113967 2016128 80130 22% 12 29919 6161  9%
c s 120.77 49 23 115 114485 2019882 83384 22% 12 29918 6161  9%
c v 120.82 49 23 115 114485 2019882 83384 22% 12 29909 6161  9%
c w 120.87 49 23 115 114485 2019882 83380 22% 12 29909 6161  9%
c t 120.87 49 23 115 114485 2019882 83379 22% 12 29909 6161  9%
c s 120.92 49 23 115 114485 2019882 83340 22% 12 29909 6161  9%
c 
c  seconds    reductions          redundant   irredundant
c          MB       restarts             trail      variables
c           level          conflicts         glue        remaining
c 
c ^ 120.93 49 23 115 114485 2019882 83340 22% 12 29909 6161  9%
c 3 121.69 49 24 115 116581 2030035 94072 22% 12 29909 6161  9%
c p 121.73 49 24 115 116581 2030035 98240 22% 12 29909 6161  9%
c - 122.05 49 24 116 116619 2036064 70324 22% 12 29909 6161  9%
c } 122.82 49 24 116 117447 2047006 79877 22% 12 29909 6161  9%
c [ 122.82 49 63 116 117447 2047006 79877 42% 40 29909 6161  9%
c - 124.60 53 62 117 117458 2071164 72913 42% 39 29909 6161  9%
c I 125.51 53 61 117 117462 2080130 80520 42% 39 29909 6161  9%
c - 127.15 66 61 118 117468 2106565 70878 41% 39 29909 6161  9%
c - 130.42 53 62 119 117483 2142266 69517 41% 43 29909 6161  9%
c B 130.67 53 62 119 117483 2145131 72201 41% 43 29909 6161  9%
c s 131.68 53 66 119 117491 2161202 87353 41% 43 29909 6161  9%
c v 131.74 53 66 119 117491 2161202 87353 41% 43 29891 6161  9%
c w 131.78 53 66 119 117491 2161202 87349 41% 43 29891 6161  9%
c e 131.80 53 66 119 117491 2161202 43476 41% 43 30883 5837  9%
c s 131.84 53 66 119 117491 2161202 43406 41% 43 30712 5837  9%
c d 132.72 55 65 119 117498 2175035 55767 40% 43 30712 5836  9%
c 3 132.73 55 65 119 117498 2175035 57987 40% 43 30712 5836  9%
c d 132.74 55 65 119 117498 2175035 58358 40% 43 30712 5835  9%
c p 132.76 55 65 119 117498 2175035 60930 40% 43 30712 5835  9%
c 
c  seconds    reductions          redundant   irredundant
c          MB       restarts             trail      variables
c           level          conflicts         glue        remaining
c 
c - 132.96 55 65 120 117498 2178269 49027 40% 42 30712 5835  9%
c W 136.43 55 65 120 117500 2211132 79904 40% 44 30712 5835  9%
c - 136.80 70 65 121 117500 2214569 64051 40% 44 30712 5835  9%
c - 139.97 55 64 122 117501 2251170 70300 39% 44 30712 5835  9%
c O 142.12 55 67 122 117501 2278133 96004 39% 45 30712 5835  9%
c - 142.72 71 64 123 117501 2288070 70524 38% 42 30712 5835  9%
c s 144.26 71 60 123 117502 2314515 94969 36% 39 30712 5835  9%
c v 144.31 71 60 123 117502 2314515 94969 36% 39 30698 5835  9%
c w 144.37 71 60 123 117502 2314515 94958 36% 39 30698 5835  9%
c e 144.38 71 60 123 117502 2314515 94883 36% 39 30702 5834  9%
c s 144.50 71 60 123 117502 2314515 94827 36% 39 30699 5834  9%
c d 145.33 71 58 123 117502 2325035 104438 35% 39 30699 5833  9%
c 3 145.34 71 58 123 117502 2325035 105475 35% 39 30699 5833  9%
c p 145.41 71 58 123 117502 2325035 108743 35% 39 30699 5833  9%
c - 145.47 55 59 124 117502 2325270 76679 35% 39 30699 5833  9%
c B 147.04 55 59 124 117502 2346134 96350 35% 39 30699 5833  9%
c - 148.00 66 66 125 117502 2362771 72910 35% 40 30699 5833  9%
c - 151.17 83 74 126 117502 2400571 73652 36% 43 30699 5833  9%
c W 153.17 83 75 126 117502 2415135 87390 36% 43 30699 5833  9%
c - 154.91 66 73 127 117509 2438671 73707 37% 42 30699 5833  9%
c 
c  seconds    reductions          redundant    irredundant
c          MB       restarts              trail      variables
c           level          conflicts          glue        remaining
c 
c s 157.90 66 77 127 117524 2472631 105720 39% 46 30699 5833  9%
c v 157.97 66 77 127 117524 2472631 105720 39% 46 30684 5833  9%
c w 158.03 66 77 127 117524 2472631 105713 39% 46 30684 5833  9%
c e 158.04 66 77 127 117524 2472631 105713 39% 46 30686 5832  9%
c s 158.13 66 77 127 117524 2472631 105681 39% 46 30686 5832  9%
c - 158.74 84 77 128 117526 2477071 74537 39% 46 30686 5832  9%
c d 159.00 84 77 128 117528 2480036 77349 39% 46 30686 5829  9%
c 3 159.01 84 77 128 117528 2480036 79283 39% 46 30686 5829  9%
c p 159.05 84 77 128 117528 2480036 81854 39% 46 30686 5829  9%
c I 159.44 84 76 128 117531 2485136 86688 39% 46 30686 5829  9%
c - 161.06 66 74 129 117536 2515771 72851 38% 44 30686 5829  9%
c - 164.92 70 72 130 117555 2554771 73487 39% 44 30686 5829  9%
c B 165.06 70 71 130 117555 2556141 74735 39% 44 30686 5829  9%
c - 169.38 70 66 131 117564 2594075 73333 39% 43 30686 5829  9%
c W 174.14 70 62 131 117565 2628143 102033 40% 42 30686 5829  9%
c - 174.70 70 62 132 117568 2633675 74922 40% 42 30686 5829  9%
c s 174.89 70 62 132 117570 2635528 76428 40% 42 30686 5829  9%
c v 174.97 70 62 132 117570 2635528 76428 40% 42 30644 5829  9%
c w 175.01 70 62 132 117570 2635528 76419 40% 42 30644 5829  9%
c s 175.07 70 62 132 117570 2635528 76382 40% 42 30642 5829  9%
c 
c  seconds    reductions          redundant   irredundant
c          MB       restarts             trail      variables
c           level          conflicts         glue        remaining
c 
c d 175.39 70 62 132 117572 2640036 80717 40% 42 30642 5828  9%
c 3 175.40 70 62 132 117572 2640036 82075 40% 42 30642 5828  9%
c p 175.44 70 62 132 117572 2640036 85295 40% 42 30642 5828  9%
c - 177.67 83 63 133 117587 2673578 76734 40% 41 30642 5828  9%
c O 180.53 83 62 133 117596 2701146 101360 40% 41 30642 5828  9%
c - 181.09 83 59 134 117598 2713779 76065 38% 39 30642 5828  9%
c - 183.02 83 51 135 117618 2754279 74663 34% 34 30642 5828  9%
c B 184.51 83 55 135 117626 2775148 94653 36% 35 30642 5828  9%
c - 186.03 85 57 136 117627 2795079 76402 36% 36 30642 5828  9%
c s 186.81 85 57 136 117628 2803122 83462 36% 36 30642 5828  9%
c v 186.87 85 57 136 117628 2803122 83462 36% 36 30639 5828  9%
c w 186.91 85 57 136 117628 2803122 83450 36% 36 30639 5828  9%
c s 186.98 85 57 136 117628 2803122 83413 36% 36 30639 5828  9%
c 3 187.22 85 57 136 117628 2805038 86551 36% 36 30639 5828  9%
c d 187.24 85 57 136 117628 2805038 87070 36% 36 30639 5827  9%
c p 187.28 85 57 136 117628 2805038 89583 36% 36 30639 5827  9%
c - 190.25 85 55 137 117629 2836182 78129 35% 36 30639 5827  9%
c W 191.96 85 54 137 117629 2850149 90588 35% 35 30639 5827  9%
c - 195.11 85 52 138 117629 2877584 78547 35% 35 30639 5827  9%
c - 199.80 85 52 139 117643 2919285 80899 37% 36 30639 5827  9%
c 
c  seconds    reductions          redundant   irredundant
c          MB       restarts             trail      variables
c           level          conflicts         glue        remaining
c 
c I 200.34 85 54 139 117644 2926151 87356 37% 36 30639 5827  9%
c - 203.20 85 63 140 117659 2961285 81322 38% 40 30639 5827  9%
c p 204.56 85 63 140 117660 2975040 98672 39% 40 30639 5827  9%
c s 204.73 85 63 140 117660 2975517 98671 39% 40 30639 5827  9%
c v 204.80 85 63 140 117660 2975517 98671 39% 40 30633 5827  9%
c w 204.86 85 63 140 117660 2975517 98664 39% 40 30633 5827  9%
c t 204.86 85 63 140 117660 2975517 98663 39% 40 30633 5827  9%
c e 204.87 85 63 140 117660 2975517 97814 39% 40 30637 5826  9%
c s 204.95 85 63 140 117660 2975517 97769 39% 40 30637 5826  9%
c ^ 204.96 85 63 140 117660 2975517 97769 39% 40 30637 5826  9%
c B 208.00 85 60 140 117674 3003153 121758 40% 40 30637 5826  9%
c - 208.08 85 60 141 117674 3003588 79819 40% 40 30637 5826  9%
c - 213.66 85 58 142 117691 3046189 79676 41% 41 30637 5826  9%
c W 219.07 85 56 142 117692 3081154 111753 42% 41 30637 5826  9%
c - 220.33 85 56 143 117692 3089090 84475 42% 41 30637 5826  9%
c - 226.85 104 54 144 117710 3132292 83652 42% 40 30637 5826  9%
c 3 229.38 59 53 144 117721 3150041 100700 43% 40 30637 5826  9%
c p 229.45 59 53 144 117721 3150041 103642 43% 40 30637 5826  9%
c s 229.95 61 53 144 117721 3152725 105729 43% 40 30637 5826  9%
c v 230.03 61 53 144 117721 3152725 105729 43% 40 30633 5826  9%
c 
c  seconds    reductions          redundant    irredundant
c          MB       restarts              trail      variables
c           level          conflicts          glue        remaining
c 
c w 230.10 61 53 144 117721 3152725 105718 43% 40 30633 5826  9%
c e 230.13 61 53 144 117721 3152725 29292 43% 40 38636 4532  7%
c s 230.20 61 53 144 117721 3152725 29158 43% 40 38446 4532  7%
c O 230.62 47 54 144 117722 3160156 36196 49% 40 38446 4532  7%
c - 231.44 55 52 145 117723 3175792 44545 38% 37 38446 4532  7%
c - 234.67 70 56 146 117744 3219593 66984 39% 37 38446 4532  7%
c B 236.49 70 57 146 117753 3240160 85289 40% 38 38446 4532  7%
c - 238.98 90 64 147 117755 3263694 74102 44% 41 38446 4532  7%
c - 245.75 70 71 148 117756 3308097 79191 47% 48 38446 4532  7%
c W 248.78 70 72 148 117756 3321162 91258 48% 50 38446 4532  7%
c 3 249.80 70 72 148 117756 3330042 101592 48% 50 38446 4532  7%
c 2 249.82 70 72 148 117756 3330042 101792 48% 50 38446 4532  7%
c p 249.86 70 72 148 117756 3330042 103799 48% 50 38446 4532  7%
c - 253.34 94 71 149 117756 3352799 82094 49% 50 38446 4532  7%
c - 260.69 70 68 150 117757 3397801 82985 51% 49 38446 4532  7%
c I 261.51 70 67 150 117757 3403164 87839 51% 49 38446 4532  7%
c - 264.84 90 67 151 117757 3443103 81167 50% 46 38446 4532  7%
c B 269.10 90 67 151 117757 3486165 121704 51% 45 38446 4532  7%
c - 269.44 91 67 152 117757 3488708 81606 51% 46 38446 4532  7%
c p 272.36 91 70 152 117758 3515043 109001 51% 48 38446 4532  7%
c 
c  seconds    reductions          redundant   irredundant
c          MB       restarts             trail      variables
c           level          conflicts         glue        remaining
c 
c - 275.03 91 71 153 117758 3534608 78730 51% 51 38446 4532  7%
c W 280.49 91 72 153 117758 3570167 109758 51% 54 38446 4532  7%
c - 282.16 91 72 154 117758 3580808 80653 51% 54 38446 4532  7%
c - 288.96 91 70 155 117758 3627308 81682 51% 54 38446 4532  7%
c O 293.45 91 69 155 117758 3655168 105317 51% 54 38446 4532  7%
c - 295.06 114 65 156 117758 3674108 84203 50% 48 38446 4532  7%
c p 299.26 114 58 156 117758 3705043 116941 48% 43 38446 4532  7%
c - 301.06 114 64 157 117758 3721208 84068 48% 44 38446 4532  7%
c B 303.06 114 69 157 117758 3741169 102880 48% 45 38446 4532  7%
c - 305.74 114 74 158 117764 3768612 83676 48% 45 38446 4532  7%
c - 311.16 66 70 159 117787 3816314 82808 48% 45 38446 4532  7%
c W 313.59 66 69 159 117789 3828172 93816 49% 45 38446 4532  7%
c - 319.48 89 65 160 117802 3864314 86171 50% 44 38446 4532  7%
c p 325.11 89 62 160 117818 3900043 121069 49% 43 38446 4532  7%
c - 326.94 110 61 161 117820 3912615 90639 50% 42 38446 4532  7%
c I 327.37 110 61 161 117820 3916175 93961 50% 42 38446 4532  7%
c - 331.90 110 66 162 117822 3961216 88101 49% 44 38446 4532  7%
c B 335.46 110 64 162 117843 4005176 127563 46% 42 38446 4532  7%
c - 336.01 110 65 163 117846 4010116 85754 46% 42 38446 4532  7%
c - 342.30 110 65 164 117862 4059317 82226 48% 46 38446 4532  7%
c 
c  seconds     reductions          redundant    irredundant
c           MB       restarts              trail      variables
c            level          conflicts          glue        remaining
c 
c ] 347.03 110 68 164 117879 4095006 114209 48% 47 38446 4532  7%
c { 347.03 110 24 164 117879 4095006 114209 30% 12 38446 4532  7%
c B 347.09 110 24 164 117922 4095180 114368 30% 12 38446 4532  7%
c d 347.77 110 25 164 118478 4100045 118782 30% 12 38446 4530  7%
c p 347.84 110 25 164 118478 4100045 122157 30% 12 38446 4530  7%
c s 347.97 110 25 164 118478 4100045 121160 30% 12 38434 4530  7%
c v 348.17 110 25 164 118478 4100045 121160 30% 12 38203 4530  7%
c w 348.42 110 25 164 118478 4100045 121123 30% 12 38203 4530  7%
c t 348.42 110 25 164 118478 4100045 121120 30% 12 38199 4530  7%
c e 348.44 110 25 164 118478 4100045 117207 30% 12 38255 4523  7%
c s 348.56 110 25 164 118478 4100045 117065 30% 12 38253 4523  7%
c - 348.91 110 25 165 120576 4108817 84862 29% 12 38253 4523  7%
c - 352.09 110 27 166 128908 4158617 83096 26% 13 38253 4523  7%
c W 354.56 110 28 166 132344 4186181 106818 26% 14 38253 4523  7%
c - 356.40 110 29 167 134558 4208717 86138 26% 13 38253 4523  7%
c - 358.14 110 26 168 136746 4259120 84288 25% 13 38253 4523  7%
c F 358.69 110 24 168 136778 4278182 98678 24% 13 38253 4523  7%
c 3 360.74 110 26 168 141058 4305046 123747 24% 13 38253 4523  7%
c p 360.80 110 26 168 141058 4305046 125621 24% 13 38253 4523  7%
c - 360.96 110 26 169 141722 4309821 84395 24% 14 38253 4523  7%
c 
c  seconds     reductions          redundant    irredundant
c           MB       restarts              trail      variables
c            level          conflicts          glue        remaining
c 
c s 363.47 110 28 169 145426 4340304 111425 25% 14 38247 4523  7%
c v 363.56 110 28 169 145426 4340304 111425 25% 14 38245 4523  7%
c w 363.63 110 28 169 145426 4340304 111397 25% 14 38245 4523  7%
c t 363.64 110 28 169 145426 4340304 111396 25% 14 38245 4523  7%
c e 363.64 110 28 169 145426 4340304 110959 25% 14 38253 4522  7%
c s 363.76 110 28 169 145426 4340304 110875 25% 14 38253 4522  7%
c - 365.07 110 28 170 148852 4360822 89820 24% 14 38253 4522  7%
c B 365.59 110 27 170 148961 4371183 98024 24% 14 38253 4522  7%
c - 368.13 110 26 171 150951 4412122 89917 25% 13 38253 4522  7%
c - 371.43 110 24 172 152554 4463722 91806 26% 13 38253 4522  7%
c W 372.37 110 24 172 152604 4465184 92917 26% 12 38253 4522  7%
c 3 375.15 55 25 172 161434 4515046 137225 24% 13 38253 4522  7%
c p 375.21 56 25 172 161434 4515046 139082 24% 13 38253 4522  7%
c - 375.28 66 25 173 161579 4515623 95331 24% 13 38253 4522  7%
c # 377.97 66 25 173 166569 4560186 132715 24% 13 38253 4522  7%
c - 378.92 66 26 174 167236 4567823 95979 24% 13 38253 4522  7%
c s 380.47 66 27 174 169235 4586748 110855 25% 13 38250 4522  7%
c v 380.58 66 27 174 169235 4586748 110855 25% 13 38232 4522  7%
c w 380.68 66 27 174 169235 4586748 110838 25% 13 38232 4522  7%
c t 380.68 66 27 174 169235 4586748 110835 25% 13 38232 4522  7%
c 
c  seconds    reductions          redundant    irredundant
c          MB       restarts              trail      variables
c           level          conflicts          glue        remaining
c 
c s 380.82 66 27 174 169235 4586748 110698 25% 13 38230 4522  7%
c - 383.77 69 29 175 171275 4620323 100888 26% 13 38230 4522  7%
c B 386.62 69 28 175 174490 4656188 131345 26% 13 38230 4522  7%
c - 387.81 78 28 176 177806 4673123 100597 25% 14 38230 4522  7%
c - 392.50 78 28 177 181158 4726228 101557 26% 13 38230 4522  7%
c p 392.65 78 28 177 181451 4730046 108394 25% 13 38230 4522  7%
c W 394.41 78 28 177 183095 4753190 127238 25% 13 38230 4522  7%
c - 396.57 78 28 178 186581 4779633 101962 25% 14 38230 4522  7%
c - 399.93 79 27 179 190947 4833333 99454 23% 14 38230 4522  7%
c s 400.27 79 27 179 191040 4839289 103857 23% 14 38227 4522  7%
c v 400.35 79 27 179 191040 4839289 103857 23% 14 38190 4522  7%
c w 400.41 79 27 179 191040 4839289 103850 23% 14 38190 4522  7%
c t 400.41 79 27 179 191040 4839289 103848 23% 14 38190 4522  7%
c e 400.42 79 27 179 191040 4839289 103844 23% 14 38196 4521  7%
c s 400.53 79 27 179 191040 4839289 103764 23% 14 38196 4521  7%
c F 400.92 79 26 179 193249 4851192 113207 22% 14 38196 4521  7%
c - 403.45 79 25 180 194592 4887335 101831 23% 13 38196 4521  7%
c - 407.58 79 26 181 199170 4941635 104648 24% 13 38196 4521  7%
c p 408.41 79 27 181 200449 4950046 115373 25% 13 38196 4521  7%
c B 408.43 79 27 181 200488 4950193 115510 25% 13 38196 4521  7%
c 
c  seconds    reductions          redundant    irredundant
c          MB       restarts              trail      variables
c           level          conflicts          glue        remaining
c 
c - 411.77 79 28 182 204061 4996240 108013 26% 13 38196 4521  7%
c W 415.49 79 27 182 209704 5050194 155411 25% 14 38196 4521  7%
c - 415.68 79 27 183 209798 5051143 106710 25% 14 38196 4521  7%
c s 419.30 79 28 183 213275 5097901 146047 25% 14 38193 4521  7%
c w 419.46 79 28 183 213275 5097901 146034 25% 14 38193 4521  7%
c e 419.47 79 28 183 213275 5097901 145936 25% 14 38201 4520  7%
c s 419.59 79 28 183 213275 5097901 145875 25% 14 38199 4520  7%
c e 419.60 79 28 183 213275 5097901 145869 25% 14 38204 4519  7%
c - 421.00 79 29 184 214378 5106345 105726 25% 14 38204 4519  7%
c # 423.16 79 25 184 214878 5151196 140255 25% 13 38204 4519  7%
c - 423.92 79 25 185 215250 5161846 101705 26% 13 38204 4519  7%
c 3 424.92 79 26 185 216434 5175049 114810 26% 13 38204 4519  7%
c p 424.96 79 26 185 216434 5175049 116470 26% 13 38204 4519  7%
c - 428.25 79 25 186 219328 5217646 107848 26% 13 38204 4519  7%
c B 430.32 79 21 186 219527 5253197 134297 26% 12 38204 4519  7%
c - 431.65 79 23 187 223715 5273748 107661 25% 13 38204 4519  7%
c - 435.37 79 26 188 232034 5330148 113987 25% 13 38204 4519  7%
c W 438.17 79 28 188 234439 5356198 137104 25% 13 38204 4519  7%
c s 438.90 79 28 188 235059 5362751 141653 26% 13 38200 4519  7%
c v 439.00 79 28 188 235059 5362751 141653 26% 13 38198 4519  7%
c 
c  seconds    reductions          redundant    irredundant
c          MB       restarts              trail      variables
c           level          conflicts          glue        remaining
c 
c t 439.06 79 28 188 235059 5362751 141638 26% 13 38198 4519  7%
c e 439.07 79 28 188 235059 5362751 141441 26% 13 38206 4518  7%
c s 439.19 79 28 188 235059 5362751 141372 26% 13 38206 4518  7%
c ^ 439.19 79 28 188 235059 5362751 141372 26% 13 38206 4518  7%
c - 441.19 79 28 189 236546 5386849 114851 26% 13 38206 4518  7%
c 3 442.53 79 28 189 238568 5405051 131837 26% 13 38206 4518  7%
c p 442.58 79 28 189 238568 5405051 133433 26% 13 38206 4518  7%
c - 444.77 79 23 190 238644 5443849 111850 26% 12 38206 4518  7%
c F 445.76 79 22 190 238728 5460200 123708 26% 12 38206 4518  7%
c - 448.68 79 24 191 247030 5501149 114274 25% 13 38206 4518  7%
c - 453.28 79 25 192 251076 5558750 117888 26% 13 38206 4518  7%
c B 453.66 79 24 192 251076 5565201 121905 26% 12 38206 4518  7%
c - 458.11 79 27 193 258775 5616653 120644 25% 13 38206 4518  7%
c s 459.75 79 28 193 260138 5633795 134280 26% 13 38202 4518  7%
c v 459.84 79 28 193 260138 5633795 134280 26% 13 38201 4518  7%
c w 459.90 79 28 193 260138 5633795 134268 26% 13 38201 4518  7%
c e 459.94 79 28 193 260138 5633795 70723 26% 13 45959 3885  6%
c s 460.05 79 28 193 260138 5633795 70300 26% 13 45766 3885  6%
c 3 460.33 79 28 193 260466 5640051 77391 27% 13 45766 3885  6%
c 3 460.33 79 28 193 260466 5640051 77593 27% 13 45766 3885  6%
c 
c  seconds    reductions          redundant   irredundant
c          MB       restarts             trail      variables
c           level          conflicts         glue        remaining
c 
c p 460.36 79 28 193 260466 5640051 78938 27% 13 45766 3885  6%
c W 462.84 79 28 193 263797 5671202 105912 28% 13 45766 3885  6%
c - 463.19 79 28 194 264092 5674853 81492 28% 13 45766 3885  6%
c - 466.54 79 28 195 269148 5733354 95701 26% 14 45766 3885  6%
c # 468.64 79 26 195 270613 5778204 133877 27% 13 45766 3885  6%
c - 469.41 79 26 196 271508 5792158 99396 27% 13 45766 3885  6%
c - 472.53 79 26 197 277252 5851258 102443 25% 14 45766 3885  6%
c 3 473.50 79 24 197 277770 5880053 127592 25% 13 45766 3885  6%
c p 473.55 79 24 197 277770 5880053 128879 25% 13 45766 3885  6%
c B 474.30 79 25 197 278538 5886208 134564 26% 13 45766 3885  6%
c - 475.79 80 25 198 282441 5910660 101332 25% 14 45766 3885  6%
c i 477.08 80 25 198 287353 5940274 126092 24% 14 45766 3883  6%
c s 478.64 80 27 198 288821 5954044 138489 24% 14 45756 3883  6%
c v 478.75 80 27 198 288821 5954044 138489 24% 14 45625 3883  6%
c w 478.83 80 27 198 288821 5954044 138471 24% 14 45625 3883  6%
c t 478.83 80 27 198 288821 5954044 138470 24% 14 45620 3883  6%
c e 478.85 80 27 198 288821 5954044 137093 24% 14 45641 3879  6%
c s 478.99 80 27 198 288821 5954044 136891 24% 14 45638 3879  6%
c - 480.29 80 28 199 289528 5970360 102928 25% 14 45638 3879  6%
c W 482.80 80 29 199 291280 5995209 124889 25% 14 45638 3879  6%
c 
c  seconds    reductions          redundant    irredundant
c          MB       restarts              trail      variables
c           level          conflicts          glue        remaining
c 
c - 485.58 80 29 200 294556 6030361 106135 26% 14 45638 3879  6%
c - 488.86 84 28 201 296989 6090661 107154 25% 14 45638 3879  6%
c F 490.00 84 29 201 298023 6105213 120242 26% 14 45638 3879  6%
c p 491.59 84 30 201 300411 6125057 140637 26% 14 45638 3878  6%
c - 493.84 84 30 202 303094 6151264 109464 26% 14 45638 3878  6%
c - 497.88 84 30 203 309127 6212165 110459 26% 14 45638 3878  6%
c B 498.00 84 30 203 310058 6216216 113885 26% 14 45638 3878  6%
c - 502.49 84 31 204 314255 6273365 111964 26% 14 45638 3878  6%
c s 503.17 84 31 204 314463 6281243 119028 26% 14 45631 3878  6%
c v 503.28 84 31 204 314463 6281243 119028 26% 14 45476 3878  6%
c w 503.35 84 31 204 314463 6281243 119010 26% 14 45476 3878  6%
c t 503.36 84 31 204 314463 6281243 119009 26% 14 45476 3878  6%
c s 503.53 84 31 204 314463 6281243 118921 26% 14 45476 3878  6%
c W 507.39 84 31 204 318606 6328217 159715 27% 14 45476 3878  6%
c - 507.75 84 31 205 318821 6334868 113271 27% 14 45476 3878  6%
c p 510.53 84 31 205 320709 6375059 151045 27% 14 45476 3878  6%
c - 512.44 86 30 206 322219 6396668 113325 27% 14 45476 3878  6%
c # 515.00 86 29 206 325000 6441218 150427 26% 14 45476 3878  6%
c - 517.14 86 30 207 326341 6458768 113415 26% 14 45476 3878  6%
c - 521.39 86 29 208 329787 6521168 112948 27% 14 45476 3878  6%
c 
c  seconds    reductions          redundant    irredundant
c          MB       restarts              trail      variables
c           level          conflicts          glue        remaining
c 
c B 523.22 86 27 208 331088 6555220 140939 27% 13 45476 3878  6%
c - 525.46 87 27 209 333277 6583868 115285 25% 13 45476 3878  6%
c s 528.13 87 28 209 336678 6615107 142219 26% 13 45469 3878  6%
c v 528.25 87 28 209 336678 6615107 142219 26% 13 45047 3878  6%
c w 528.32 87 28 209 336678 6615107 142208 26% 13 45047 3878  6%
c e 528.34 87 28 209 336678 6615107 140758 26% 13 45125 3870  6%
c s 528.55 87 28 209 336678 6615107 140663 26% 13 45110 3870  6%
c e 528.56 87 28 209 336678 6615107 140473 26% 13 45126 3869  6%
c p 529.36 87 27 209 337064 6630059 155758 25% 13 45126 3869  6%
c - 530.49 87 27 210 339638 6646868 119110 25% 14 45126 3869  6%
c W 532.53 87 28 210 342223 6670221 138971 25% 14 45126 3869  6%
c - 535.38 87 28 211 344969 6710170 115463 25% 14 45126 3869  6%
c - 538.04 87 26 212 346714 6773771 112874 25% 13 45126 3869  6%
c F 538.70 87 26 212 348750 6786223 122708 25% 14 45126 3869  6%
c - 543.52 87 28 213 356075 6837671 115595 25% 14 45126 3869  6%
c p 546.20 87 27 213 359877 6890059 162652 25% 14 45126 3869  6%
c - 546.99 87 27 214 360844 6901872 114419 25% 15 45126 3869  6%
c B 547.09 87 27 214 360920 6903224 115650 25% 15 45126 3869  6%
c s 550.44 87 27 214 363144 6955327 161164 25% 14 45110 3869  6%
c v 550.56 87 27 214 363144 6955327 161164 25% 14 45109 3869  6%
c 
c  seconds    reductions          redundant    irredundant
c          MB       restarts              trail      variables
c           level          conflicts          glue        remaining
c 
c w 550.64 87 27 214 363144 6955327 161159 25% 14 45109 3869  6%
c s 550.83 87 27 214 363144 6955327 161110 25% 14 45109 3869  6%
c - 551.54 87 27 215 363767 6966372 117110 25% 14 45109 3869  6%
c W 556.13 87 28 215 368028 7021225 164104 25% 15 45109 3869  6%
c - 556.39 87 27 216 368397 7031173 116140 25% 15 45109 3869  6%
c - 560.44 87 26 217 371343 7096275 113717 29% 14 45109 3869  6%
c # 563.26 87 23 217 372200 7140226 148037 33% 13 45109 3869  6%
c 2 564.22 87 24 217 375594 7155059 161862 31% 14 45109 3869  6%
c p 564.26 87 24 217 375594 7155059 162954 31% 14 45109 3869  6%
c - 564.75 87 24 218 376422 7161675 115454 31% 14 45109 3869  6%
c - 567.89 87 25 219 382093 7227376 118680 28% 14 45109 3869  6%
c B 570.15 87 26 219 386507 7260229 147583 27% 14 45109 3869  6%
c - 572.55 87 27 220 388420 7293378 121904 26% 14 45109 3869  6%
c s 573.07 87 27 220 388980 7302580 129329 26% 14 45108 3869  6%
c v 573.18 87 27 220 388980 7302580 129329 26% 14 45102 3869  6%
c w 573.25 87 27 220 388980 7302580 129310 26% 14 45102 3869  6%
c s 573.45 87 27 220 388980 7302580 129245 26% 14 45097 3869  6%
c - 577.08 87 27 221 393114 7359678 122742 26% 14 45097 3869  6%
c W 579.36 87 27 221 394177 7381231 141933 26% 14 45097 3869  6%
c p 583.26 87 28 221 397311 7425059 183494 28% 14 45097 3869  6%
c 
c  seconds    reductions          redundant    irredundant
c          MB       restarts              trail      variables
c           level          conflicts          glue        remaining
c 
c - 583.38 87 28 222 397312 7426279 126858 28% 14 45097 3869  6%
c - 587.46 87 22 223 397852 7493181 119776 34% 12 45097 3869  6%
c F 588.00 87 23 223 399966 7503234 128965 33% 13 45097 3869  6%
c - 591.70 87 23 224 405469 7560381 127921 30% 13 45097 3869  6%
c B 596.45 87 25 224 414782 7626235 183455 27% 14 45097 3869  6%
c - 596.70 87 25 225 414916 7627881 127497 27% 14 45097 3869  6%
c s 599.30 87 25 225 416556 7656880 152791 28% 13 45091 3869  6%
c v 599.43 87 25 225 416556 7656880 152791 28% 13 45063 3869  6%
c w 599.54 87 25 225 416556 7656880 152778 28% 13 45063 3869  6%
c e 599.55 87 25 225 416556 7656880 151392 28% 13 45137 3861  6%
c s 599.80 87 25 225 416556 7656880 151235 28% 13 45115 3861  6%
c - 602.46 87 24 226 418610 7695681 129480 27% 13 45115 3861  6%
c 3 602.59 87 23 226 418610 7700059 133928 27% 13 45115 3861  6%
c p 602.64 87 23 226 418610 7700059 135061 27% 13 45115 3861  6%
c W 607.20 87 24 226 423729 7750236 176709 26% 13 45115 3861  6%
c - 607.98 87 24 227 425371 7763781 128794 26% 13 45115 3861  6%
c - 613.68 87 26 228 432865 7832182 131372 26% 14 45115 3861  6%
c # 616.05 87 27 228 437683 7875237 168294 25% 14 45115 3861  6%
c - 618.67 89 28 229 440989 7900882 134126 26% 14 45115 3861  6%
c - 621.08 89 24 230 442126 7969884 123739 25% 14 45115 3861  6%
c 
c  seconds    reductions          redundant    irredundant
c          MB       restarts              trail      variables
c           level          conflicts          glue        remaining
c 
c 3 621.60 89 24 230 442669 7980059 133380 25% 14 45115 3861  6%
c p 621.64 89 24 230 442669 7980059 134795 25% 14 45115 3861  6%
c B 622.99 89 24 230 443646 8001240 153032 26% 13 45115 3861  6%
c s 624.19 89 25 230 446352 8018630 167707 25% 14 45105 3861  6%
c v 624.31 89 25 230 446352 8018630 167707 25% 14 45101 3861  6%
c w 624.41 89 25 230 446352 8018630 167700 25% 14 45101 3861  6%
c t 624.42 89 25 230 446352 8018630 167699 25% 14 45101 3861  6%
c s 624.64 89 25 230 446352 8018630 167619 25% 14 45101 3861  6%
c - 625.94 89 25 231 449264 8039185 127943 25% 14 45101 3861  6%
c - 630.70 89 26 232 454936 8108787 132099 26% 14 45101 3861  6%
c W 632.66 89 26 232 456045 8128242 148542 26% 14 45101 3861  6%
c - 635.31 89 24 233 456985 8178687 129456 27% 14 45101 3861  6%
c } 636.56 89 26 233 458307 8191006 140732 27% 14 45101 3861  6%
c [ 636.56 89 68 233 458307 8191006 140732 56% 47 45101 3861  6%
c - 638.53 89 51 234 458312 8248887 127706 44% 35 45101 3861  6%
c W 640.02 89 52 234 458313 8256244 134779 44% 34 45101 3861  6%
c 3 640.59 89 52 234 458313 8265059 144028 45% 34 45101 3861  6%
c p 640.65 89 52 234 458313 8265059 145403 45% 34 45101 3861  6%
c - 645.86 117 66 235 458313 8319387 132180 45% 43 45101 3861  6%
c O 653.76 117 66 235 458343 8385245 192722 48% 45 45101 3861  6%
c 
c  seconds    reductions          redundant    irredundant
c          MB       restarts              trail      variables
c           level          conflicts          glue        remaining
c 
c - 654.42 89 65 236 458344 8390188 133496 47% 44 45101 3861  6%
c - 659.19 106 48 237 458373 8461288 130520 37% 33 45101 3861  6%
c B 662.29 106 39 237 458376 8515247 176558 31% 29 45101 3861  6%
c - 663.56 106 43 238 458383 8532689 131111 33% 30 45101 3861  6%
c p 665.52 106 43 238 458392 8555060 153817 35% 30 45101 3861  6%
c - 670.34 109 48 239 458407 8604391 132249 40% 33 45101 3861  6%
c W 676.04 109 51 239 458428 8646249 170103 42% 36 45101 3861  6%
c - 680.66 109 53 240 458438 8676393 135644 44% 38 45101 3861  6%
c - 692.21 111 54 241 458440 8748694 136404 46% 41 45101 3861  6%
c I 696.28 111 56 241 458440 8778250 163159 46% 43 45101 3861  6%
c - 699.55 111 57 242 458441 8821294 138787 42% 41 45101 3861  6%
c p 702.16 111 58 242 458441 8850060 167275 41% 41 45101 3861  6%
c - 706.92 111 57 243 458441 8894195 138753 40% 40 45101 3861  6%
c B 708.88 111 56 243 458441 8911255 153996 40% 40 45101 3861  6%
c - 713.72 132 57 244 458464 8967395 141491 41% 38 45101 3861  6%
c - 722.42 132 55 245 458490 9040895 140814 45% 38 45101 3861  6%
c W 723.93 132 55 245 458493 9045258 144847 44% 37 45101 3861  6%
c - 732.93 132 53 246 458504 9114695 137690 44% 37 45101 3861  6%
c p 736.40 132 52 246 458519 9150061 170681 44% 38 45101 3861  6%
c O 740.22 132 54 246 458534 9180259 196715 45% 40 45101 3861  6%
c 
c  seconds     reductions          redundant    irredundant
c           MB       restarts              trail      variables
c            level          conflicts          glue        remaining
c 
c - 741.08 132 53 247 458535 9188795 137817 45% 39 45101 3861  6%
c - 748.71 132 47 248 458565 9263197 140171 44% 33 45101 3861  6%
c B 755.68 132 47 248 458567 9316260 186180 43% 34 45101 3861  6%
c - 758.41 132 48 249 458568 9337897 140518 44% 35 45101 3861  6%
c - 768.96 132 52 250 458583 9412898 141327 45% 39 45101 3861  6%
c W 776.51 132 51 250 458598 9453263 173109 45% 40 45101 3861  6%
c p 776.94 132 51 250 458599 9455062 176651 45% 40 45101 3861  6%
c - 781.57 132 50 251 458611 9488198 142923 45% 38 45101 3861  6%
c - 792.93 132 52 252 458631 9563798 142195 47% 40 45101 3861  6%
c I 797.52 132 52 252 458635 9591265 165228 46% 40 45101 3861  6%
c - 802.80 92 55 253 458659 9639700 146536 47% 39 45101 3861  6%
c - 812.86 92 59 254 458685 9715901 143139 47% 44 45101 3861  6%
c B 814.46 92 59 254 458692 9730266 154916 47% 44 45101 3861  6%
c p 819.03 92 60 254 458694 9765063 187579 47% 45 45101 3861  6%
c - 822.68 93 59 255 458695 9792405 139748 47% 45 45101 3861  6%
c - 835.64 130 60 256 458696 9869205 139247 47% 48 45101 3861  6%
c s 835.87 130 60 256 458696 9869205 138967 47% 48 45101 3861  6%
c v 836.12 130 60 256 458696 9869205 138967 47% 48 45055 3861  6%
c w 836.49 130 60 256 458696 9869205 138948 47% 48 45055 3861  6%
c e 836.50 130 60 256 458696 9869205 138768 47% 48 45083 3854  6%
c 
c  seconds     reductions          redundant    irredundant
c           MB       restarts              trail      variables
c            level          conflicts          glue        remaining
c 
c s 836.71 130 60 256 458696 9869205 138632 47% 48 45081 3854  6%
c W 837.90 130 60 256 458696 9870269 139568 47% 48 45081 3854  6%
c - 850.01 133 58 257 458696 9946307 141984 48% 47 45081 3854  6%
c O 861.69 133 59 257 458697 10011272 195182 48% 48 45081 3854  6%
c - 862.87 130 56 258 458697 10023707 144411 47% 45 45081 3854  6%
c p 867.45 130 44 258 458697 10080066 199785 41% 34 45081 3854  6%
c - 869.30 96 42 259 458697 10101407 146074 40% 32 45081 3854  6%
c B 874.77 96 42 259 458697 10153274 194726 42% 31 45081 3854  6%
c - 877.05 122 51 260 458697 10179407 147780 43% 32 45081 3854  6%
c - 886.07 157 64 261 458698 10257708 149821 45% 40 45081 3854  6%
c W 891.97 157 67 261 458698 10296275 183996 46% 46 45081 3854  6%
c - 898.90 122 67 262 458698 10336315 145352 47% 48 45081 3854  6%
c p 908.77 122 67 262 458698 10400067 202186 49% 52 45081 3854  6%
c - 912.17 156 66 263 458698 10415215 146488 49% 52 45081 3854  6%
c I 916.16 156 65 263 458698 10440276 167243 49% 52 45081 3854  6%
c - 920.30 122 62 264 458698 10494416 150996 47% 43 45081 3854  6%
c - 929.44 162 69 265 458698 10573920 153686 51% 43 45081 3854  6%
c B 930.74 162 70 265 458698 10585279 164595 51% 43 45081 3854  6%
c - 938.01 122 70 266 458698 10653720 156046 53% 40 45081 3854  6%
c p 948.66 122 72 266 458698 10725068 224774 52% 45 45081 3854  6%
c 
c  seconds     reductions           redundant    irredundant
c           MB       restarts               trail      variables
c            level          conflicts           glue        remaining
c 
c W 950.72 122 72 266 458698 10731280 230554 52% 45 45081 3854  6%
c - 951.17 160 73 267 458698 10733820 157236 52% 45 45081 3854  6%
c - 962.02 122 75 268 458713 10814225 156645 51% 49 45081 3854  6%
c O 969.41 122 69 268 458736 10878281 214345 48% 46 45081 3854  6%
c - 971.00 139 69 269 458744 10894926 153795 47% 46 45081 3854  6%
c - 981.64 139 70 270 458761 10975926 150486 49% 50 45081 3854  6%
c B 990.03 139 69 270 458783 11026282 193893 50% 53 45081 3854  6%
c p 994.66 139 69 270 458792 11055069 220122 51% 53 45081 3854  6%
c - 995.21 139 69 271 458792 11057228 149018 51% 53 45081 3854  6%
c - 1003.62 139 62 272 458823 11138828 142792 45% 51 45081 3854  6%
c W 1008.63 139 59 272 458824 11175283 165907 43% 50 45081 3854  6%
c - 1014.66 139 55 273 458825 11220728 140673 41% 48 45081 3854  6%
c - 1024.93 139 50 274 458853 11302928 140732 39% 45 45081 3854  6%
c I 1027.49 139 50 274 458856 11325284 157364 39% 45 45081 3854  6%
c - 1033.38 139 48 275 458884 11385430 143873 39% 41 45081 3854  6%
c p 1033.87 139 48 275 458885 11390070 149619 39% 41 45081 3854  6%
c - 1042.48 140 46 276 458901 11468232 144479 38% 40 45081 3854  6%
c B 1043.33 140 46 276 458903 11476285 150052 38% 40 45081 3854  6%
c - 1052.13 140 45 277 458932 11551332 152120 37% 40 45081 3854  6%
c W 1060.92 140 57 277 458951 11628286 221764 41% 44 45081 3854  6%
c 
c   seconds     reductions           redundant    irredundant
c            MB       restarts               trail      variables
c             level          conflicts           glue        remaining
c 
c - 1061.41 140 59 278 458951 11634733 158909 41% 43 45081 3854  6%
c - 1071.09 105 75 279 458953 11718433 156793 44% 51 45081 3854  6%
c p 1072.96 105 76 279 458953 11730070 169392 44% 52 45081 3854  6%
c O 1082.13 105 73 279 458953 11781287 213612 45% 53 45081 3854  6%
c - 1084.15 102 66 280 458953 11802433 157607 43% 47 45081 3854  6%
c s 1084.52 102 66 280 458953 11802433 157195 43% 47 45081 3854  6%
c v 1084.83 102 66 280 458953 11802433 157195 43% 47 45051 3854  6%
c w 1085.28 102 66 280 458953 11802433 157096 43% 47 45051 3854  6%
c s 1085.52 102 66 280 458953 11802433 156953 43% 47 45051 3854  6%
c - 1093.53 97 63 281 458974 11886733 160010 40% 42 45051 3854  6%
c B 1100.13 97 63 281 458989 11935289 204086 41% 44 45051 3854  6%
c - 1103.50 131 64 282 459006 11971334 163608 43% 42 45051 3854  6%
c - 1114.00 129 63 283 459023 12056234 159960 46% 43 45051 3854  6%
c p 1116.67 129 62 283 459031 12075070 178034 46% 43 45051 3853  6%
c W 1119.79 129 61 283 459038 12090290 190557 47% 43 45051 3853  6%
c - 1128.75 126 56 284 459054 12141434 156606 48% 42 45051 3853  6%
c s 1135.48 126 56 284 459076 12185525 195685 49% 43 45051 3853  6%
c w 1135.97 126 56 284 459076 12185525 195669 49% 43 45051 3853  6%
c s 1136.22 126 56 284 459076 12185525 195623 49% 43 45051 3853  6%
c - 1143.74 156 54 285 459079 12226934 157717 49% 43 45051 3853  6%
c 
c   seconds     reductions           redundant    irredundant
c            MB       restarts               trail      variables
c             level          conflicts           glue        remaining
c 
c I 1146.66 156 54 285 459080 12246293 173383 50% 43 45051 3853  6%
c - 1153.40 189 60 286 459081 12312734 162559 50% 42 45051 3853  6%
c - 1165.07 156 56 287 459114 12398834 159708 49% 40 45051 3853  6%
c B 1165.60 156 56 287 459117 12403294 163692 49% 40 45051 3853  6%
c p 1168.10 156 57 287 459126 12425071 186398 49% 41 45051 3853  6%
c - 1175.79 192 60 288 459143 12485235 163162 49% 43 45051 3853  6%
c W 1187.16 192 62 288 459168 12561295 230222 49% 45 45051 3853  6%
c - 1188.97 156 61 289 459173 12571935 162397 49% 44 45051 3853  6%
c - 1204.69 156 55 290 459204 12658936 157512 48% 42 45051 3853  6%
c O 1214.00 156 55 290 459207 12720297 211267 49% 43 45051 3853  6%
c - 1216.21 156 49 291 459207 12746236 165663 46% 38 45051 3853  6%
c p 1218.81 156 45 291 459208 12780072 200128 43% 33 45051 3853  6%
c - 1225.63 191 53 292 459208 12833836 168817 45% 38 45051 3853  6%
c B 1233.50 191 58 292 459208 12880298 213065 46% 43 45051 3853  6%
c - 1238.59 156 67 293 459209 12921736 175660 47% 46 45051 3853  6%
c - 1253.06 197 72 294 459209 13009938 174629 48% 49 45051 3853  6%
c W 1259.20 197 73 294 459209 13041299 204312 48% 51 45051 3853  6%
c - 1268.16 156 75 295 459209 13098438 176278 49% 52 45051 3853  6%
c p 1275.33 156 74 295 459209 13140072 216546 49% 53 45051 3853  6%
c - 1282.87 108 74 296 459216 13187240 177796 49% 53 45051 3853  6%
c 
c   seconds     reductions           redundant    irredundant
c            MB       restarts               trail      variables
c             level          conflicts           glue        remaining
c 
c I 1285.12 108 73 296 459224 13203301 192642 49% 53 45051 3853  6%
c - 1292.84 105 68 297 459250 13276340 172427 47% 48 45051 3853  6%
c - 1305.05 105 63 298 459272 13365740 171128 46% 45 45051 3853  6%
c B 1305.14 105 63 298 459272 13366302 171660 46% 45 45051 3853  6%
c - 1315.86 108 67 299 459303 13455442 170547 48% 46 45051 3853  6%
c p 1323.12 108 65 299 459325 13505072 216854 49% 45 45051 3853  6%
c W 1327.90 108 63 299 459334 13530303 239674 49% 45 45051 3853  6%
c - 1330.32 108 62 300 459335 13545443 172540 49% 44 45051 3853  6%
c - 1344.80 108 60 301 459336 13635746 173967 51% 44 45051 3853  6%
c O 1356.67 108 61 301 459363 13695305 225753 50% 47 45051 3853  6%
c - 1360.00 114 58 302 459367 13726347 177363 48% 42 45051 3853  6%
c - 1370.87 116 53 303 459399 13817247 176741 46% 35 45051 3853  6%
c B 1376.27 116 55 303 459411 13861307 217678 46% 36 45051 3853  6%
c p 1378.00 116 56 303 459414 13875074 232899 46% 37 45051 3853  6%
c - 1382.16 114 59 304 459429 13908449 176301 47% 38 45051 3853  6%
c - 1392.92 107 57 305 459461 13999949 174302 47% 38 45051 3853  6%
c W 1397.10 107 55 305 459462 14028309 200913 46% 37 45051 3853  6%
c - 1405.88 140 56 306 459463 14091749 176224 46% 38 45051 3853  6%
c - 1420.89 107 55 307 459464 14183849 176381 46% 40 45051 3853  6%
c s 1421.15 110 55 307 459464 14183849 176076 46% 40 45051 3853  6%
c 
c   seconds     reductions           redundant    irredundant
c            MB       restarts               trail      variables
c             level          conflicts           glue        remaining
c 
c v 1421.42 110 55 307 459464 14183849 176076 46% 40 45046 3853  6%
c w 1421.68 110 55 307 459464 14183849 176049 46% 40 45046 3853  6%
c s 1421.96 110 55 307 459464 14183849 175980 46% 40 45043 3853  6%
c e 1421.97 110 55 307 459464 14183849 175978 46% 40 45054 3852  6%
c I 1423.73 110 56 307 459464 14196310 187236 46% 41 45054 3852  6%
c p 1428.64 110 57 307 459470 14250075 240690 46% 39 45054 3852  6%
c - 1431.67 144 57 308 459480 14276249 181129 46% 39 45054 3852  6%
c B 1443.22 144 56 308 459516 14365311 261430 46% 39 45054 3852  6%
c - 1443.76 142 56 309 459517 14368954 179422 46% 39 45054 3852  6%
c - 1457.19 145 63 310 459540 14461954 175220 48% 46 45054 3852  6%
c W 1471.89 145 63 310 459565 14535313 238408 49% 49 45054 3852  6%
c - 1477.22 145 63 311 459573 14555255 179016 49% 49 45054 3852  6%
c s 1482.71 145 62 311 459587 14581227 200545 48% 48 45054 3852  6%
c w 1483.02 145 62 311 459587 14581227 200529 48% 48 45054 3852  6%
c s 1483.16 145 62 311 459587 14581227 200500 48% 48 45053 3852  6%
c p 1493.04 145 60 311 459590 14630077 244031 48% 47 45053 3852  6%
c - 1497.08 110 59 312 459591 14648856 181209 48% 47 45053 3852  6%
c O 1506.31 110 56 312 459591 14706314 233914 49% 45 45053 3852  6%
c - 1509.79 147 56 313 459608 14742756 185551 48% 41 45053 3852  6%
c - 1521.76 146 67 314 459645 14836958 178084 49% 47 45053 3852  6%
c 
c   seconds     reductions           redundant    irredundant
c            MB       restarts               trail      variables
c             level          conflicts           glue        remaining
c 
c B 1527.39 146 69 314 459654 14878318 215428 50% 49 45053 3852  6%
c - 1536.95 150 68 315 459668 14931459 180717 49% 49 45053 3852  6%
c p 1548.71 150 63 315 459699 15015077 251531 44% 50 45053 3852  6%
c - 1550.46 143 63 316 459703 15026259 171306 44% 49 45053 3852  6%
c W 1553.99 143 61 316 459715 15051319 193212 43% 48 45053 3852  6%
c - 1562.10 112 61 317 459718 15121360 175328 43% 45 45053 3852  6%
c - 1575.13 155 65 318 459719 15216763 177653 44% 51 45053 3852  6%
c I 1576.22 155 65 318 459719 15225322 185553 44% 51 45053 3852  6%
c - 1586.79 162 64 319 459720 15312463 183656 48% 48 45053 3852  6%
c B 1600.98 162 64 319 459720 15400325 267698 50% 48 45053 3852  6%
c p 1601.93 162 64 319 459720 15405077 274336 50% 48 45053 3852  6%
c - 1602.45 165 64 320 459720 15408463 193472 49% 47 45053 3852  6%
c - 1614.49 150 63 321 459720 15504765 185592 48% 43 45053 3852  6%
c W 1624.23 150 64 321 459721 15576326 252322 46% 43 45053 3852  6%
c - 1628.76 150 63 322 459721 15601365 189270 46% 43 45053 3852  6%
c - 1644.05 148 63 323 459721 15698267 185198 48% 46 45053 3852  6%
c O 1654.21 148 61 323 459721 15753329 231464 48% 46 45053 3852  6%
c - 1658.87 148 53 324 459721 15795467 189394 45% 38 45053 3852  6%
c p 1659.44 148 53 324 459721 15800078 195864 45% 38 45053 3852  6%
c - 1674.31 154 55 325 459721 15892968 187093 46% 38 45053 3852  6%
c 
c   seconds     reductions           redundant    irredundant
c            MB       restarts               trail      variables
c             level          conflicts           glue        remaining
c 
c B 1682.10 154 55 325 459721 15931332 222455 46% 39 45053 3852  6%
c - 1689.72 158 63 326 459721 15990769 195683 46% 41 45053 3852  6%
c - 1706.40 160 69 327 459721 16088870 196264 45% 46 45053 3852  6%
c W 1709.71 160 70 327 459722 16110334 216553 46% 46 45053 3852  6%
c - 1721.44 155 64 328 459722 16187272 189447 45% 45 45053 3852  6%
c p 1723.42 155 63 328 459722 16200082 203208 45% 45 45053 3852  6%
c - 1736.91 153 63 329 459722 16285972 191045 45% 46 45053 3852  6%
c I 1737.64 153 63 329 459722 16290337 194855 45% 46 45053 3852  6%
c ] 1746.55 153 61 329 459722 16383007 280734 43% 41 45053 3852  6%
c { 1746.55 153 26 329 459722 16383007 280734 27% 14 45053 3852  6%
c - 1747.34 147 26 330 459940 16384972 189831 27% 14 45053 3852  6%
c s 1751.35 147 27 330 465356 16424352 223588 27% 14 45050 3852  6%
c v 1751.61 147 27 330 465356 16424352 223588 27% 14 45047 3852  6%
c w 1752.05 147 27 330 465356 16424352 223544 27% 14 45047 3852  6%
c s 1752.54 147 27 330 465356 16424352 223386 27% 14 45041 3852  6%
c F 1758.76 147 27 330 469347 16471338 265246 27% 14 45041 3852  6%
c - 1760.87 112 28 331 470638 16484273 189222 27% 14 45041 3852  6%
c - 1771.59 124 27 332 477083 16583873 190449 28% 14 45041 3852  6%
c d 1773.70 124 28 332 479275 16605085 209818 27% 14 45041 3851  6%
c p 1773.79 124 28 332 479275 16605085 212131 27% 14 45041 3851  6%
c 
c   seconds     reductions           redundant    irredundant
c            MB       restarts               trail      variables
c             level          conflicts           glue        remaining
c 
c B 1778.13 124 25 332 480987 16653341 252198 27% 13 45041 3851  6%
c - 1781.12 124 25 333 485372 16683774 192289 27% 13 45041 3851  6%
c - 1789.18 124 24 334 494671 16783976 191426 27% 14 45041 3851  6%
c s 1792.84 124 24 334 499991 16835870 233433 25% 14 45040 3851  6%
c w 1793.17 124 24 334 499991 16835870 233415 25% 14 45040 3851  6%
c s 1793.59 124 24 334 499991 16835870 233260 25% 14 45040 3851  6%
c W 1794.76 124 24 334 500050 16836342 233675 25% 14 45040 3851  6%
c - 1801.63 143 27 335 504478 16884477 195841 26% 14 45040 3851  6%
c - 1809.20 143 25 336 513538 16985277 192363 24% 14 45040 3851  6%
c p 1810.86 143 25 336 515732 17015085 219574 24% 14 45040 3851  6%
c # 1811.60 143 26 336 516012 17020344 223897 24% 14 45040 3851  6%
c - 1819.24 143 27 337 519767 17086377 195566 24% 14 45040 3851  6%
c - 1828.77 143 27 338 526881 17187777 193850 26% 14 45040 3851  6%
c B 1830.20 143 27 338 528078 17205345 208247 26% 14 45040 3851  6%
c s 1835.67 143 28 338 533245 17254523 250984 25% 15 45039 3851  6%
c v 1835.82 143 28 338 533245 17254523 250984 25% 15 45038 3851  6%
c w 1836.07 143 28 338 533245 17254523 250978 25% 15 45038 3851  6%
c s 1836.51 143 28 338 533245 17254523 250847 25% 15 45031 3851  6%
c - 1838.33 143 26 339 533998 17289477 192649 25% 14 45031 3851  6%
c W 1845.29 143 24 339 539785 17391346 276996 25% 14 45031 3851  6%
c 
c   seconds     reductions           redundant    irredundant
c            MB       restarts               trail      variables
c             level          conflicts           glue        remaining
c 
c - 1845.35 143 24 340 539785 17391477 190396 25% 14 45031 3851  6%
c p 1848.34 143 24 340 542326 17430087 225089 25% 14 45031 3851  6%
c - 1854.50 143 25 341 548794 17493777 196724 24% 14 45031 3851  6%
c F 1862.39 143 26 341 556090 17578348 270448 24% 14 45031 3851  6%
c - 1863.71 143 25 342 556607 17596377 197488 24% 14 45031 3851  6%
c s 1871.68 143 26 342 562573 17680239 269556 25% 14 45010 3851  6%
c v 1871.82 143 26 342 562573 17680239 269556 25% 14 45006 3851  6%
c w 1871.95 143 26 342 562573 17680239 269551 25% 14 45006 3851  6%
c s 1872.47 143 26 342 562573 17680239 269407 25% 14 45006 3851  6%
c - 1874.95 143 26 343 564119 17699280 202987 25% 14 45006 3851  6%
c B 1881.50 143 27 343 569302 17766349 262410 25% 14 45006 3851  6%
c - 1889.37 147 30 344 572456 17802480 206364 27% 14 45006 3851  6%
c p 1893.62 147 25 344 573723 17850087 244711 29% 13 45006 3851  6%
c - 1899.13 147 25 345 580249 17905983 199660 27% 14 45006 3851  6%
c W 1902.59 147 23 345 581237 17955350 240676 28% 13 45006 3851  6%
c - 1904.13 147 20 346 581570 18009784 194820 25% 13 45006 3851  6%
c - 1907.53 147 17 347 582693 18113885 179830 24% 12 45006 3851  6%
c # 1909.31 147 20 347 588897 18145351 206299 23% 13 45006 3851  6%
c s 1909.81 147 20 347 589065 18146211 206818 23% 13 45005 3851  6%
c w 1910.06 147 20 347 589065 18146211 206813 23% 13 45005 3851  6%
c 
c   seconds     reductions           redundant    irredundant
c            MB       restarts               trail      variables
c             level          conflicts           glue        remaining
c 
c s 1910.40 147 20 347 589065 18146211 206748 23% 13 45005 3851  6%
c - 1917.60 147 25 348 599458 18218287 193195 24% 14 45005 3851  6%
c p 1922.87 147 26 348 604592 18275089 245159 25% 14 45005 3851  6%
c - 1930.41 147 27 349 608188 18322990 203897 27% 14 45005 3851  6%
c B 1931.61 147 26 349 608784 18336352 214561 27% 13 45005 3851  6%
c - 1940.59 147 25 350 615267 18427991 206489 27% 13 45005 3851  6%
c W 1951.65 147 27 350 626634 18528354 294017 25% 14 45005 3851  6%
c - 1952.05 147 26 351 626659 18533294 210023 25% 14 45005 3851  6%
c s 1959.01 147 28 351 632309 18586013 255893 26% 14 45001 3851  6%
c v 1959.20 147 28 351 632309 18586013 255893 26% 14 44996 3851  6%
c w 1959.42 147 28 351 632309 18586013 255878 26% 14 44996 3851  6%
c e 1959.44 147 28 351 632309 18586013 255625 26% 14 45012 3850  6%
c s 1959.96 147 28 351 632309 18586013 255496 26% 14 45009 3850  6%
c - 1964.13 147 23 352 632545 18638895 207452 32% 13 45009 3850  6%
c p 1970.74 147 21 352 635898 18705089 261323 34% 12 45009 3850  6%
c F 1971.38 147 21 352 639913 18721356 274293 31% 13 45009 3850  6%
c - 1973.69 147 22 353 641782 18744795 205784 30% 13 45009 3850  6%
c - 1982.76 147 26 354 655578 18850996 213748 26% 14 45009 3850  6%
c B 1990.57 147 28 354 660287 18915358 270834 26% 14 45009 3850  6%
c - 1996.05 147 29 355 664648 18957496 213477 26% 14 45009 3850  6%
c 
c   seconds     reductions           redundant    irredundant
c            MB       restarts               trail      variables
c             level          conflicts           glue        remaining
c 
c s 2002.56 147 25 355 666461 19032972 276625 27% 13 45003 3850  6%
c w 2002.98 147 25 355 666461 19032972 276612 27% 13 45003 3850  6%
c s 2003.52 147 25 355 666461 19032972 276498 27% 13 45002 3850  6%
c - 2005.38 147 23 356 667734 19064296 211755 26% 13 45002 3850  6%
c W 2011.25 147 25 356 672261 19110360 252123 26% 13 45002 3850  6%
c p 2014.95 147 26 356 677397 19140089 280941 26% 14 45002 3850  6%
c - 2018.22 147 25 357 678549 19171397 214951 26% 14 45002 3850  6%
c - 2026.55 147 24 358 688950 19278798 206958 25% 14 45002 3850  6%
c # 2028.11 147 24 358 691524 19306361 230899 25% 14 45002 3850  6%
c - 2034.17 147 24 359 695684 19386499 207771 24% 14 45002 3850  6%
c s 2040.77 147 23 359 702008 19486999 288252 24% 14 44999 3850  6%
c v 2040.94 147 23 359 702008 19486999 288252 24% 14 44999 3850  6%
c w 2041.13 147 23 359 702008 19486999 288251 24% 14 44999 3850  6%
c s 2041.54 147 23 359 702008 19486999 288186 24% 14 44998 3850  6%
c - 2041.84 147 23 360 702082 19494499 203330 23% 14 44998 3850  6%
c B 2042.06 147 22 360 702126 19503362 210000 23% 14 44998 3850  6%
c p 2048.73 147 24 360 708654 19580089 278380 24% 14 44998 3850  6%
c - 2051.11 147 24 361 709854 19602800 209055 24% 14 44998 3850  6%
c W 2059.67 147 24 361 716543 19701364 293795 23% 14 44998 3850  6%
c - 2060.58 147 24 362 718167 19711400 211096 23% 14 44998 3850  6%
c 
c   seconds     reductions           redundant    irredundant
c            MB       restarts               trail      variables
c             level          conflicts           glue        remaining
c 
c - 2066.50 147 21 363 724487 19820300 203100 22% 13 44998 3850  6%
c F 2075.64 147 25 363 733491 19900366 272232 25% 13 44998 3850  6%
c - 2078.24 147 25 364 737387 19929503 215629 25% 14 44998 3850  6%
c s 2080.20 147 25 364 738058 19948100 231012 25% 14 44983 3850  6%
c v 2080.35 147 25 364 738058 19948100 231012 25% 14 44982 3850  6%
c w 2080.55 147 25 364 738058 19948100 231007 25% 14 44982 3850  6%
c t 2080.55 147 25 364 738058 19948100 231006 25% 14 44982 3850  6%
c e 2080.57 147 25 364 738058 19948100 230361 25% 14 45005 3848  6%
c s 2080.97 147 25 364 738058 19948100 230291 25% 14 45005 3848  6%
c p 2089.96 147 26 364 742686 20025089 297624 26% 14 45005 3848  6%
c - 2091.50 147 26 365 744797 20039003 215624 26% 14 45005 3848  6%
c B 2096.51 147 25 365 748497 20100368 266836 25% 14 45005 3848  6%
c - 2100.13 147 25 366 750348 20148803 216062 25% 14 45005 3848  6%
c - 2106.45 147 24 367 758251 20258904 213121 23% 14 45005 3848  6%
c W 2111.41 147 25 367 760573 20301370 250049 24% 14 45005 3848  6%
c - 2117.81 147 25 368 766157 20369306 214654 23% 14 45005 3848  6%
c s 2122.68 147 26 368 769329 20416426 255925 24% 14 45004 3848  6%
c v 2122.84 147 26 368 769329 20416426 255925 24% 14 44996 3848  6%
c w 2123.03 147 26 368 769329 20416426 255922 24% 14 44996 3848  6%
c s 2123.53 147 26 368 769329 20416426 255848 24% 14 44992 3848  6%
c 
c   seconds     reductions           redundant    irredundant
c            MB       restarts               trail      variables
c             level          conflicts           glue        remaining
c 
c 3 2129.32 147 25 368 771505 20475089 306928 25% 14 44992 3848  6%
c p 2129.47 147 25 368 771505 20475089 308286 25% 14 44992 3848  6%
c - 2130.38 147 25 369 771937 20480008 220241 25% 14 44992 3848  6%
c # 2131.14 147 24 369 773273 20503371 240727 24% 14 44992 3848  6%
c - 2143.06 147 27 370 780230 20591008 223042 25% 14 44992 3848  6%
c - 2156.41 164 27 371 785087 20702308 223487 27% 14 44992 3848  6%
c B 2156.69 164 26 371 785090 20706372 227182 26% 14 44992 3848  6%
c - 2168.96 164 26 372 793198 20813908 224652 25% 14 44992 3848  6%
c s 2175.78 164 26 372 801893 20891790 291338 25% 15 44991 3848  6%
c v 2175.96 164 26 372 801893 20891790 291338 25% 15 44989 3848  6%
c w 2176.21 164 26 372 801893 20891790 291331 25% 15 44989 3848  6%
c s 2176.77 164 26 372 801893 20891790 291281 25% 15 44989 3848  6%
c W 2179.06 164 26 372 802369 20910374 306337 25% 14 44989 3848  6%
c - 2180.26 97 25 373 802659 20925809 221223 25% 14 44989 3848  6%
c p 2180.48 97 25 373 802680 20930090 227089 25% 14 44989 3848  6%
c - 2189.42 119 24 374 809124 21038010 219189 23% 14 44989 3848  6%
c F 2196.37 119 25 374 816740 21115375 286447 23% 14 44989 3848  6%
c - 2199.77 142 25 375 818580 21150512 226593 24% 14 44989 3848  6%
c - 2210.34 142 22 376 824091 21263312 223098 26% 13 44989 3848  6%
c B 2217.74 142 25 376 828887 21321376 273498 26% 14 44989 3848  6%
c 
c   seconds     reductions           redundant    irredundant
c            MB       restarts               trail      variables
c             level          conflicts           glue        remaining
c 
c s 2224.88 142 26 376 833493 21374237 319082 26% 14 44984 3848  6%
c w 2225.30 142 26 376 833493 21374237 319075 26% 14 44984 3848  6%
c s 2225.43 142 26 376 833493 21374237 319069 26% 14 44984 3848  6%
c - 2225.58 142 25 377 833499 21376417 230629 25% 14 44984 3848  6%
c 2 2227.53 142 26 377 834864 21390093 244433 26% 14 44984 3848  6%
c p 2227.62 142 26 377 834864 21390093 245354 26% 14 44984 3848  6%
c - 2236.96 142 23 378 840427 21489817 229585 25% 13 44984 3848  6%
c W 2241.08 142 24 378 843287 21528380 262320 25% 14 44984 3848  6%
c - 2248.87 142 24 379 850686 21603518 230567 25% 14 44984 3848  6%
c - 2258.26 142 22 380 856743 21717523 226977 27% 13 44984 3848  6%
c # 2259.20 142 21 380 857122 21736382 243606 27% 13 44984 3848  6%
c - 2268.22 142 24 381 865619 21831826 230921 26% 14 44984 3848  6%
c 2 2269.25 142 23 381 866557 21855093 250498 25% 14 44984 3848  6%
c p 2269.33 142 23 381 866557 21855093 251391 25% 14 44984 3848  6%
c s 2270.21 142 23 381 867129 21863755 257995 24% 14 44979 3848  6%
c w 2270.58 142 23 381 867129 21863755 257990 24% 14 44979 3848  6%
c s 2271.13 142 23 381 867129 21863755 257907 24% 14 44979 3848  6%
c B 2280.42 142 25 381 874575 21945384 328900 26% 14 44979 3848  6%
c - 2280.74 142 26 382 874691 21946426 231663 26% 14 44979 3848  6%
c - 2292.11 142 26 383 882629 22061328 231261 24% 14 44979 3848  6%
c 
c   seconds     reductions           redundant    irredundant
c            MB       restarts               trail      variables
c             level          conflicts           glue        remaining
c 
c W 2299.60 142 24 383 887421 22155385 310161 23% 14 44979 3848  6%
c - 2302.18 142 24 384 888499 22176529 229304 24% 14 44979 3848  6%
c - 2312.30 142 24 385 894019 22292029 227577 25% 14 44979 3848  6%
c p 2314.35 142 23 385 895207 22325094 257656 26% 14 44979 3848  6%
c s 2318.22 142 25 385 898614 22360345 287875 25% 14 44971 3848  6%
c v 2318.39 142 25 385 898614 22360345 287875 25% 14 44968 3848  6%
c w 2318.68 142 25 385 898614 22360345 287872 25% 14 44968 3848  6%
c e 2318.70 142 25 385 898614 22360345 287787 25% 14 44979 3847  6%
c s 2319.24 142 25 385 898614 22360345 287710 25% 14 44971 3847  6%
c F 2319.47 142 24 385 898660 22366387 292407 25% 14 44971 3847  6%
c - 2321.58 142 23 386 899277 22407830 223910 24% 14 44971 3847  6%
c - 2329.56 142 22 387 906778 22523930 222671 25% 13 44971 3847  6%
c B 2335.08 142 24 387 910948 22578388 271119 26% 13 44971 3847  6%
c - 2343.81 142 26 388 916533 22640330 233514 27% 14 44971 3847  6%
c - 2357.43 142 23 389 922054 22757030 232305 27% 13 44971 3847  6%
c W 2361.56 142 23 389 927045 22791389 259595 26% 13 44971 3847  6%
c p 2362.67 142 24 389 928326 22800094 269506 26% 13 44971 3847  6%
c s 2369.76 142 22 389 931370 22864048 319768 28% 13 44968 3847  6%
c v 2369.94 142 22 389 931370 22864048 319768 28% 13 44967 3847  6%
c w 2370.10 142 22 389 931370 22864048 319751 28% 13 44967 3847  6%
c 
c   seconds     reductions           redundant    irredundant
c            MB       restarts               trail      variables
c             level          conflicts           glue        remaining
c 
c t 2370.10 142 22 389 931370 22864048 319750 28% 13 44967 3847  6%
c e 2370.12 142 22 389 931370 22864048 319628 28% 13 44983 3846  6%
c s 2370.31 142 22 389 931370 22864048 318495 28% 13 44983 3846  6%
c - 2371.17 142 21 390 931424 22874032 234467 28% 13 44983 3846  6%
c - 2381.67 142 16 391 933168 22991333 223526 30% 12 44983 3846  6%
c # 2382.93 142 16 391 933548 23005390 233821 30% 12 44983 3846  6%
c - 2394.37 142 23 392 951691 23108933 237071 26% 14 44983 3846  6%
c B 2405.90 142 26 392 962761 23220391 333039 26% 15 44983 3846  6%
c - 2406.26 142 26 393 962986 23226834 240571 26% 15 44983 3846  6%
c 2 2410.81 142 26 393 966065 23280095 288199 26% 15 44983 3846  6%
c p 2410.93 142 26 393 966065 23280095 289184 26% 15 44983 3846  6%
c - 2418.50 142 25 394 969025 23345037 237969 27% 14 44983 3846  6%
c s 2421.05 142 25 394 969972 23374953 261802 26% 14 44979 3846  6%
c v 2421.26 142 25 394 969972 23374953 261802 26% 14 44978 3846  6%
c w 2421.48 142 25 394 969972 23374953 261785 26% 14 44978 3846  6%
c s 2421.57 142 25 394 969972 23374953 261784 26% 14 44978 3846  6%
c W 2430.95 142 26 394 974973 23436392 317437 27% 14 44978 3846  6%
c - 2433.77 145 26 395 977715 23463537 243468 26% 14 44978 3846  6%
c - 2444.65 145 24 396 984048 23582337 241913 25% 14 44978 3846  6%
c F 2454.17 145 26 396 990813 23653393 303620 25% 14 44978 3846  6%
c 
c   seconds     reductions           redundant    irredundant
c            MB       restarts               trail      variables
c             level          conflicts           glue        remaining
c 
c - 2462.33 145 27 397 993924 23701438 244888 26% 14 44978 3846  6%
c p 2467.05 145 24 397 995425 23765096 301775 27% 14 44978 3846  6%
c - 2471.51 145 21 398 997493 23820838 238780 29% 13 44978 3846  6%
c B 2475.10 145 21 398 1001741 23871395 281579 26% 13 44978 3846  6%
c s 2477.44 145 22 398 1004876 23892934 299965 26% 13 44973 3846  6%
c w 2477.88 145 22 398 1004876 23892934 299955 26% 13 44973 3846  6%
c s 2478.03 145 22 398 1004876 23892934 299913 26% 13 44973 3846  6%
c - 2483.52 145 20 399 1006182 23940538 242170 28% 13 44973 3846  6%
c - 2497.28 145 22 400 1016820 24060539 238691 26% 13 44973 3846  6%
c W 2500.87 145 21 400 1018053 24090398 262240 28% 13 44973 3846  6%
c - 2515.19 145 24 401 1027074 24180840 249590 28% 13 44973 3846  6%
c 2 2523.15 145 24 401 1032342 24255101 313998 27% 13 44973 3846  6%
c p 2523.25 145 24 401 1032342 24255101 314928 27% 13 44973 3846  6%
c - 2531.44 145 26 402 1038479 24301441 256591 27% 14 44973 3846  6%
c # 2532.11 145 25 402 1039027 24310400 264046 27% 14 44973 3846  6%
c s 2545.86 145 24 402 1045599 24417987 354325 27% 13 44969 3846  6%
c v 2546.07 145 24 402 1045599 24417987 354325 27% 13 44966 3846  6%
c w 2546.48 145 24 402 1045599 24417987 354297 27% 13 44966 3846  6%
c s 2546.74 145 24 402 1045599 24417987 354085 27% 13 44966 3846  6%
c - 2547.52 145 24 403 1046316 24422342 255228 27% 13 44966 3846  6%
c 
c   seconds     reductions            redundant    irredundant
c            MB        restarts               trail      variables
c             level           conflicts           glue        remaining
c 
c B 2558.83 145 24 403 1052347 24531401 349395 27% 13 44966 3846  6%
c - 2559.88 145 24 404 1054486 24543545 253120 26% 13 44966 3846  6%
c - 2571.35 145 24 405 1065623 24665046 253063 25% 14 44966 3846  6%
c p 2579.57 145 24 405 1071402 24750102 327278 25% 14 44966 3846  6%
c W 2580.68 145 24 405 1071542 24753403 329940 25% 14 44966 3846  6%
c - 2582.86 145 23 406 1075214 24786846 246080 23% 14 44966 3846  6%
c - 2599.70 147 25 407 1082682 24908946 251950 27% 14 44966 3846  6%
c s 2604.66 147 25 407 1086011 24950098 285682 26% 14 44965 3846  6%
c v 2604.84 147 25 407 1086011 24950098 285682 26% 14 44964 3846  6%
c w 2605.13 147 25 407 1086011 24950098 285674 26% 14 44964 3846  6%
c s 2605.33 147 25 407 1086011 24950098 285527 26% 14 44963 3846  6%
c F 2607.99 147 24 407 1086778 24976404 307726 27% 13 44963 3846  6%
c - 2613.81 147 24 408 1094103 25031347 255506 25% 14 44963 3846  6%
c - 2629.61 147 25 409 1103164 25154048 254763 26% 14 44963 3846  6%
c B 2634.70 147 26 409 1107873 25200406 296033 26% 14 44963 3846  6%
c p 2638.45 147 26 409 1111320 25250105 340710 25% 14 44963 3846  6%
c - 2642.94 161 27 410 1114697 25277048 258241 25% 15 44963 3846  6%
c - 2656.30 161 27 411 1122390 25400348 258258 26% 15 44963 3846  6%
c W 2658.16 161 26 411 1122694 25425412 278409 25% 14 44963 3846  6%
c s 2663.70 161 22 411 1123540 25489290 326433 30% 13 44962 3846  6%
c 
c   seconds     reductions            redundant    irredundant
c            MB        restarts               trail      variables
c             level           conflicts           glue        remaining
c 
c w 2664.12 161 22 411 1123540 25489290 326429 30% 13 44962 3846  6%
c s 2664.37 161 22 411 1123540 25489290 325767 30% 13 44962 3846  6%
c - 2669.64 161 23 412 1126483 25523950 247882 29% 13 44962 3846  6%
c - 2683.18 161 22 413 1134290 25647851 256454 28% 13 44962 3846  6%
c # 2683.29 161 22 413 1134715 25651415 259125 28% 13 44962 3846  6%
c p 2696.70 161 24 413 1144910 25755106 348200 27% 14 44962 3846  6%
c - 2698.40 161 24 414 1146624 25772053 256609 26% 14 44962 3846  6%
c B 2710.83 161 26 414 1155496 25878418 349110 26% 14 44962 3846  6%
c - 2713.25 161 26 415 1156472 25896553 259552 26% 14 44962 3846  6%
c - 2728.12 161 25 416 1163602 26021354 259699 27% 14 44962 3846  6%
c s 2729.98 161 25 416 1164586 26035571 271436 27% 14 44962 3846  6%
c w 2730.36 161 25 416 1164586 26035571 271424 27% 14 44962 3846  6%
c s 2730.61 161 25 416 1164586 26035571 271400 27% 14 44957 3846  6%
c W 2742.24 161 26 416 1170446 26106420 333135 27% 14 44957 3846  6%
c - 2745.89 161 24 417 1171967 26146454 262805 27% 13 44957 3846  6%
c p 2754.03 161 21 417 1179889 26265109 364395 26% 13 44957 3846  6%
c - 2755.28 161 22 418 1180646 26271855 259336 26% 13 44957 3846  6%
c F 2761.85 161 23 418 1188175 26335421 313481 25% 14 44957 3846  6%
c - 2770.15 161 24 419 1192350 26397556 260671 25% 14 44957 3846  6%
c - 2780.76 161 24 420 1202687 26523557 258191 24% 15 44957 3846  6%
c 
c   seconds     reductions            redundant    irredundant
c            MB        restarts               trail      variables
c             level           conflicts           glue        remaining
c 
c B 2785.26 161 25 420 1204689 26565422 295264 25% 14 44957 3846  6%
c s 2788.33 161 24 420 1205000 26588921 316102 25% 14 44956 3846  6%
c w 2788.84 161 24 420 1205000 26588921 316100 25% 14 44956 3846  6%
c s 2789.05 161 24 420 1205000 26588921 316097 25% 14 44956 3846  6%
c - 2797.43 161 25 421 1211938 26649860 260736 24% 14 44956 3846  6%
c - 2807.78 183 23 422 1219858 26776461 259993 23% 14 44956 3846  6%
c 3 2808.02 183 22 422 1219874 26780109 263833 24% 14 44956 3846  6%
c 3 2808.02 183 22 422 1219874 26780109 264201 24% 14 44956 3846  6%
c p 2808.11 183 22 422 1219874 26780109 265116 24% 14 44956 3846  6%
c W 2810.41 183 21 422 1219993 26796424 278746 24% 14 44956 3846  6%
c - 2825.27 183 24 423 1228957 26903362 264970 26% 14 44956 3846  6%
c # 2835.89 183 23 423 1239805 27028425 371354 25% 14 44956 3846  6%
c - 2836.63 183 23 424 1240063 27030563 266554 25% 14 44956 3846  6%
c s 2850.57 183 23 424 1246355 27149362 366316 26% 14 44956 3846  6%
c w 2851.12 183 23 424 1246355 27149362 366315 26% 14 44956 3846  6%
c s 2851.35 183 23 424 1246355 27149362 366307 26% 14 44955 3846  6%
c - 2852.34 111 23 425 1246877 27158063 265102 26% 14 44955 3846  6%
c B 2864.69 111 25 425 1257307 27261428 354265 25% 14 44955 3846  6%
c - 2867.15 136 25 426 1260458 27285863 266236 24% 14 44955 3846  6%
c p 2868.32 136 24 426 1260607 27300112 280793 24% 14 44955 3846  6%
c 
c   seconds     reductions            redundant    irredundant
c            MB        restarts               trail      variables
c             level           conflicts           glue        remaining
c 
c - 2880.28 136 23 427 1265734 27413963 264447 24% 14 44955 3846  6%
c W 2887.82 136 24 427 1272817 27495430 333473 24% 14 44955 3846  6%
c - 2892.03 136 24 428 1275263 27542363 263501 24% 14 44955 3846  6%
c - 2905.76 157 24 429 1282448 27671063 263918 25% 14 44955 3846  6%
c s 2911.86 157 26 429 1288006 27716892 303812 26% 14 44955 3846  6%
c v 2912.05 157 26 429 1288006 27716892 303812 26% 14 44954 3846  6%
c w 2912.37 157 26 429 1288006 27716892 303809 26% 14 44954 3846  6%
c t 2912.37 157 26 429 1288006 27716892 303808 26% 14 44954 3846  6%
c s 2912.59 157 26 429 1288006 27716892 303802 26% 14 44954 3846  6%
c F 2913.23 157 25 429 1288951 27730431 314088 25% 14 44954 3846  6%
c - 2918.79 157 25 430 1292346 27800066 264882 23% 15 44954 3846  6%
c p 2920.42 157 23 430 1292458 27825116 286495 25% 14 44954 3846  6%
c - 2932.42 157 24 431 1299076 27929368 258468 25% 14 44954 3846  6%
c B 2937.52 157 25 431 1301073 27966435 292041 26% 14 44954 3846  6%
c - 2948.43 158 24 432 1305981 28058968 268107 27% 14 44954 3846  6%
c - 2961.33 158 24 433 1316229 28188869 271000 25% 14 44954 3846  6%
c W 2963.47 158 24 433 1317215 28203436 284136 25% 14 44954 3846  6%
c s 2970.75 158 25 433 1322473 28291510 359450 25% 14 44953 3846  6%
c w 2971.42 158 25 433 1322473 28291510 359442 25% 14 44953 3846  6%
c s 2971.90 158 25 433 1322473 28291510 359352 25% 14 44948 3846  6%
c 
c   seconds     reductions            redundant    irredundant
c            MB        restarts               trail      variables
c             level           conflicts           glue        remaining
c 
c - 2977.34 158 26 434 1324570 28319070 274490 26% 14 44948 3846  6%
c p 2983.23 158 27 434 1326922 28355117 308709 27% 14 44948 3846  6%
c # 2993.30 158 24 434 1330003 28441437 379982 26% 14 44948 3846  6%
c - 2994.57 158 24 435 1330272 28449570 269766 27% 14 44948 3846  6%
c - 3013.78 158 25 436 1339752 28580371 277196 27% 14 44948 3846  6%
c B 3024.04 158 25 436 1348543 28680438 361214 24% 14 44948 3846  6%
c - 3029.95 162 26 437 1351426 28711473 277602 25% 14 44948 3846  6%
c - 3044.05 162 27 438 1359566 28842873 274994 25% 15 44948 3846  6%
c s 3046.79 162 26 438 1360320 28873192 301441 25% 14 44946 3846  6%
c v 3046.99 162 26 438 1360320 28873192 301441 25% 14 44941 3846  6%
c w 3047.30 162 26 438 1360320 28873192 301437 25% 14 44941 3846  6%
c t 3047.31 162 26 438 1360320 28873192 301436 25% 14 44941 3846  6%
c s 3047.62 162 26 438 1360320 28873192 301419 25% 14 44941 3846  6%
c p 3050.68 162 26 438 1361462 28890117 318332 26% 14 44941 3846  6%
c W 3055.93 162 26 438 1364142 28920440 343856 26% 14 44941 3846  6%
c - 3059.48 162 24 439 1365120 28974573 272509 27% 14 44941 3846  6%
c - 3071.66 162 24 440 1372832 29106575 269185 25% 14 44941 3846  6%
c F 3074.29 162 24 440 1376892 29161441 315021 24% 15 44941 3846  6%
c - 3083.28 162 26 441 1382656 29238875 269895 26% 15 44941 3846  6%
c - 3094.43 162 23 442 1389750 29371476 267700 24% 14 44941 3846  6%
c 
c   seconds     reductions            redundant    irredundant
c            MB        restarts               trail      variables
c             level           conflicts           glue        remaining
c 
c B 3097.67 162 24 442 1393587 29403444 295425 25% 15 44941 3846  6%
c p 3100.46 162 25 442 1395038 29430120 321443 25% 15 44941 3846  6%
c s 3103.63 162 25 442 1396737 29461930 348374 24% 15 44941 3846  6%
c v 3103.83 162 25 442 1396737 29461930 348374 24% 15 44941 3846  6%
c w 3104.26 162 25 442 1396737 29461930 348351 24% 15 44941 3846  6%
c t 3104.27 162 25 442 1396737 29461930 348349 24% 15 44941 3846  6%
c s 3104.56 162 25 442 1396737 29461930 348338 24% 15 44939 3846  6%
c - 3109.59 162 24 443 1398130 29504376 275152 24% 14 44939 3846  6%
c - 3122.26 162 23 444 1407655 29637579 272657 24% 14 44939 3846  6%
c W 3123.77 162 23 444 1407899 29646446 280380 24% 14 44939 3846  6%
c - 3141.79 164 26 445 1416862 29771079 277670 26% 14 44939 3846  6%
c # 3154.88 164 25 445 1424653 29890448 383404 25% 14 44939 3846  6%
c - 3157.30 164 26 446 1426458 29904879 283596 25% 14 44939 3846  6%
c 3 3169.29 164 27 446 1433308 29975124 347070 26% 15 44939 3846  6%
c p 3169.54 164 27 446 1433308 29975124 348337 26% 15 44939 3846  6%
c - 3178.74 164 27 447 1436755 30038979 286485 26% 14 44939 3846  6%
c s 3181.14 164 27 447 1439016 30057749 301891 25% 15 44938 3846  6%
c v 3181.35 164 27 447 1439016 30057749 301891 25% 15 44937 3846  6%
c w 3181.70 164 27 447 1439016 30057749 301880 25% 15 44937 3846  6%
c s 3182.18 164 27 447 1439016 30057749 301800 25% 15 44937 3846  6%
c 
c   seconds     reductions            redundant    irredundant
c            MB        restarts               trail      variables
c             level           conflicts           glue        remaining
c 
c B 3186.91 164 26 447 1446020 30135449 366426 23% 15 44937 3846  6%
c - 3191.78 164 26 448 1448963 30173379 284585 24% 15 44937 3846  6%
c - 3207.44 164 26 449 1455850 30308080 283077 24% 14 44937 3846  6%
c W 3215.63 164 24 449 1459137 30381450 345043 25% 14 44937 3846  6%
c - 3220.60 164 19 450 1459459 30443081 275750 28% 13 44937 3846  6%
c p 3228.16 164 20 450 1465480 30525128 344101 26% 13 44937 3846  6%
c - 3235.26 164 23 451 1473830 30578382 282202 26% 14 44937 3846  6%
c F 3241.89 164 24 451 1477666 30628451 327373 27% 14 44937 3846  6%
c - 3251.60 165 23 452 1485815 30713983 290810 26% 14 44937 3846  6%
c s 3262.30 165 23 452 1492026 30817042 374446 26% 14 44937 3846  6%
c w 3263.21 165 23 452 1492026 30817042 374431 26% 14 44937 3846  6%
c s 3263.87 165 23 452 1492026 30817042 374116 26% 14 44936 3846  6%
c - 3269.37 165 23 453 1493835 30849885 290056 27% 14 44936 3846  6%
c B 3271.40 165 21 453 1493916 30876452 309939 28% 13 44936 3846  6%
c - 3283.98 165 20 454 1501957 30986085 283401 29% 13 44936 3846  6%
c p 3295.65 165 25 454 1514070 31080128 366317 27% 14 44936 3846  6%
c - 3299.16 165 23 455 1515694 31122585 292087 26% 14 44936 3846  6%
c W 3300.79 165 23 455 1515979 31125453 294553 26% 14 44936 3846  6%
c - 3317.18 165 26 456 1529090 31259386 288932 24% 15 44936 3846  6%
c # 3331.52 165 26 456 1534884 31375455 388188 28% 14 44936 3846  6%
c 
c   seconds     reductions            redundant    irredundant
c            MB        restarts               trail      variables
c             level           conflicts           glue        remaining
c 
c - 3335.74 169 26 457 1536178 31396486 289948 28% 14 44936 3846  6%
c s 3341.72 169 28 457 1538989 31427035 317607 28% 14 44936 3846  6%
c v 3341.93 169 28 457 1538989 31427035 317607 28% 14 44933 3846  6%
c w 3342.37 169 28 457 1538989 31427035 317604 28% 14 44933 3846  6%
c s 3342.73 169 28 457 1538989 31427035 317588 28% 14 44933 3846  6%
c - 3352.73 197 25 458 1546828 31533886 292577 24% 14 44933 3846  6%
c B 3362.89 197 24 458 1552021 31626456 370333 25% 14 44933 3846  6%
c p 3365.57 197 25 458 1553160 31640128 384859 25% 14 44933 3846  6%
c - 3371.40 197 26 459 1555996 31671587 291311 26% 14 44933 3846  6%
c - 3386.41 197 21 460 1560184 31809588 290960 28% 13 44933 3846  6%
c W 3396.71 197 22 460 1566914 31878458 347818 28% 13 44933 3846  6%
c - 3406.11 197 25 461 1575337 31947890 300387 28% 14 44933 3846  6%
c - 3425.93 197 22 462 1583139 32086492 302427 28% 13 44933 3846  6%
c F 3429.49 197 20 462 1583599 32131461 337729 29% 12 44933 3846  6%
c s 3431.97 197 21 462 1586836 32146787 350102 28% 13 44922 3846  6%
c v 3432.20 197 21 462 1586836 32146787 350102 28% 13 44899 3846  6%
c w 3432.87 197 21 462 1586836 32146787 350089 28% 13 44899 3846  6%
c s 3433.52 197 21 462 1586836 32146787 349834 28% 13 44898 3846  6%
c p 3440.45 197 21 462 1592233 32205131 400609 27% 13 44898 3846  6%
c - 3443.85 197 21 463 1593869 32225394 300634 27% 13 44898 3846  6%
c 
c   seconds     reductions            redundant    irredundant
c            MB        restarts               trail      variables
c             level           conflicts           glue        remaining
c 
c - 3455.76 113 21 464 1603456 32364596 293886 28% 13 44898 3846  6%
c B 3459.21 113 23 464 1606418 32385463 312692 27% 13 44898 3846  6%
c - 3470.52 140 19 465 1615181 32504096 287026 27% 13 44898 3846  6%
c W 3485.95 140 20 465 1624867 32640465 391853 27% 13 44898 3846  6%
c - 3486.13 162 20 466 1625014 32643896 283907 27% 13 44898 3846  6%
c } 3496.01 162 23 466 1634868 32767007 384701 26% 13 44898 3846  6%
c [ 3496.01 162 61 466 1634868 32767007 384701 43% 41 44898 3846  6%
c s 3496.88 162 60 466 1634868 32770747 387653 42% 41 44898 3846  6%
c v 3497.10 162 60 466 1634868 32770747 387653 42% 41 44893 3846  6%
c w 3497.60 162 60 466 1634868 32770747 387649 42% 41 44893 3846  6%
c s 3497.95 162 60 466 1634868 32770747 387574 42% 41 44893 3846  6%
c p 3498.60 162 61 466 1634868 32775132 393667 42% 40 44893 3846  6%
c - 3499.73 189 62 467 1634868 32783997 295347 43% 41 44893 3846  6%
c B 3516.22 189 67 467 1634868 32896466 401038 43% 44 44893 3846  6%
c - 3520.00 189 68 468 1634868 32924399 302873 43% 43 44893 3846  6%
c - 3544.69 253 68 469 1634868 33065100 303414 45% 42 44893 3846  6%
c W 3562.07 253 67 469 1634868 33153467 387317 45% 42 44893 3846  6%
c - 3575.16 254 67 470 1634868 33206101 310370 46% 46 44893 3846  6%
c - 3612.10 254 65 471 1634868 33347403 309584 46% 48 44893 3846  6%
c p 3612.87 254 65 471 1634868 33350134 314219 46% 48 44893 3846  6%
c 
c   seconds     reductions            redundant    irredundant
c            MB        restarts               trail      variables
c             level           conflicts           glue        remaining
c 
c O 3625.64 254 62 471 1634868 33411470 371686 47% 44 44893 3846  6%
c - 3636.87 252 52 472 1634868 33489003 308795 47% 36 44893 3846  6%
c - 3659.45 258 58 473 1634899 33630904 308658 50% 38 44893 3846  6%
c B 3666.21 258 59 473 1634917 33670471 345717 49% 39 44893 3846  6%
c - 3689.36 245 59 474 1634945 33773104 296882 48% 42 44893 3846  6%
c - 3722.81 241 55 475 1634993 33915606 298842 46% 42 44893 3846  6%
c p 3725.80 241 55 475 1634994 33930135 313209 46% 42 44893 3846  6%
c W 3726.95 241 55 475 1634994 33930473 313527 46% 42 44893 3846  6%
c - 3749.93 239 58 476 1635016 34058406 302530 42% 41 44893 3846  6%
c I 3768.71 239 62 476 1635058 34191476 424391 48% 41 44893 3846  6%
c - 3770.11 245 61 477 1635058 34201506 302441 48% 40 44893 3846  6%
c - 3792.04 241 60 478 1635111 34344908 295673 48% 45 44893 3846  6%
c B 3811.22 241 55 478 1635122 34453478 385859 50% 43 44893 3846  6%
c - 3815.96 242 64 479 1635123 34488609 291441 49% 44 44893 3846  6%
c p 3820.12 242 68 479 1635123 34515138 318137 49% 46 44893 3846  6%
c - 3846.15 250 71 480 1635134 34632610 300545 48% 51 44893 3846  6%
c W 3867.81 250 69 480 1635165 34716479 374088 49% 51 44893 3846  6%
c - 3882.93 249 68 481 1635185 34776911 308680 49% 49 44893 3846  6%
c - 3912.60 243 55 482 1635231 34921512 305681 48% 40 44893 3846  6%
c O 3922.94 243 54 482 1635248 34980480 357498 50% 40 44893 3846  6%
c 
c   seconds     reductions            redundant    irredundant
c            MB        restarts               trail      variables
c             level           conflicts           glue        remaining
c 
c - 3934.14 238 45 483 1635250 35066412 299387 43% 33 44893 3846  6%
c p 3939.11 238 41 483 1635264 35105138 333578 41% 30 44893 3846  6%
c - 3951.48 233 44 484 1635305 35211612 295219 41% 29 44893 3846  6%
c B 3956.56 233 45 484 1635312 35245483 326168 43% 30 44893 3846  6%
c - 3967.70 241 46 485 1635344 35357115 303746 40% 30 44893 3846  6%
c - 3989.49 239 54 486 1635377 35502917 304855 45% 37 44893 3846  6%
c W 3992.19 239 55 486 1635377 35511487 312354 45% 38 44893 3846  6%
c - 4021.50 242 57 487 1635378 35649018 302059 48% 43 44893 3846  6%
c p 4030.62 242 58 487 1635379 35700140 348613 48% 45 44893 3846  6%
c I 4047.85 242 57 487 1635379 35778490 417125 49% 46 44893 3846  6%
c - 4050.09 245 58 488 1635379 35795420 310520 48% 45 44893 3846  6%
c - 4075.94 250 58 489 1635379 35942121 307132 46% 45 44893 3846  6%
c s 4076.56 250 58 489 1635379 35942121 306959 46% 45 44893 3846  6%
c w 4078.70 250 58 489 1635379 35942121 306893 46% 45 44893 3846  6%
c B 4097.00 250 50 489 1635421 36046491 390789 46% 39 44893 3846  6%
c - 4102.97 237 50 490 1635440 36089121 296679 46% 38 44893 3846  6%
c - 4127.62 237 50 491 1635479 36236422 292543 43% 41 44893 3846  6%
c p 4138.88 237 49 491 1635504 36300140 341429 44% 41 44893 3846  6%
c W 4142.21 237 49 491 1635505 36315492 353557 44% 42 44893 3846  6%
c - 4154.99 234 48 492 1635506 36384022 286642 45% 42 44893 3846  6%
c 
c   seconds     reductions            redundant    irredundant
c            MB        restarts               trail      variables
c             level           conflicts           glue        remaining
c 
c - 4185.05 234 47 493 1635556 36531924 292110 46% 41 44893 3846  6%
c O 4193.97 234 47 493 1635569 36585494 335702 47% 40 44893 3846  6%
c - 4207.68 240 44 494 1635600 36680125 301828 46% 34 44893 3846  6%
c - 4232.28 242 42 495 1635633 36828626 308017 45% 31 44893 3846  6%
c B 4236.67 242 43 495 1635633 36856497 333043 46% 31 44893 3846  6%
c p 4246.47 242 42 495 1635634 36905141 376031 46% 31 44893 3846  6%
c - 4259.74 244 43 496 1635634 36977428 307121 47% 32 44893 3846  6%
c - 4293.48 243 47 497 1635681 37126529 310617 47% 38 44893 3846  6%
c W 4294.82 243 47 497 1635683 37128498 312080 47% 38 44893 3846  6%
c - 4327.36 241 51 498 1635727 37275929 312970 48% 40 44893 3846  6%
c I 4350.49 241 51 498 1635760 37401500 412403 49% 42 44893 3846  6%
c - 4352.80 237 54 499 1635761 37425630 301325 46% 40 44893 3846  6%
c p 4358.91 237 49 499 1635782 37515141 385630 36% 34 44893 3846  6%
c - 4362.01 189 38 500 1635804 37575630 304731 28% 29 44893 3846  6%
c B 4373.05 189 57 500 1635826 37675501 395348 38% 39 44893 3846  6%
c - 4381.50 244 56 501 1635852 37725930 305187 44% 41 44893 3846  6%
c - 4410.42 241 56 502 1635888 37876530 300792 50% 46 44893 3846  6%
c W 4427.03 241 57 502 1635889 37950502 362169 52% 48 44893 3846  6%
c - 4447.35 243 59 503 1635889 38027430 301232 51% 50 44893 3846  6%
c p 4475.47 243 58 503 1635890 38130141 384319 52% 50 44893 3846  6%
c 
c   seconds     reductions            redundant    irredundant
c            MB        restarts               trail      variables
c             level           conflicts           glue        remaining
c 
c - 4488.36 244 58 504 1635890 38178631 306623 51% 51 44893 3846  6%
c O 4499.88 244 57 504 1635890 38226503 342384 51% 50 44893 3846  6%
c - 4515.06 250 46 505 1635890 38330131 318713 47% 37 44893 3846  6%
c - 4548.90 262 39 506 1635891 38481932 328307 47% 30 44893 3846  6%
c B 4552.92 262 38 506 1635891 38503506 348751 47% 29 44893 3846  6%
c - 4573.27 258 60 507 1635891 38634032 323400 47% 42 44893 3846  6%
c p 4598.27 258 65 507 1635891 38750144 430737 49% 50 44893 3846  6%
c W 4607.93 258 63 507 1635891 38781509 457532 49% 49 44893 3846  6%
c - 4609.34 257 62 508 1635891 38786432 320175 49% 49 44893 3846  6%
c - 4637.08 249 63 509 1635922 38939132 316453 48% 47 44893 3846  6%
c I 4659.99 249 60 509 1635954 39060511 422043 48% 47 44893 3846  6%
c - 4666.30 248 59 510 1635968 39092133 312820 48% 47 44893 3846  6%
c - 4696.38 241 62 511 1636017 39245435 304307 48% 52 44893 3846  6%
c s 4696.57 173 62 511 1636017 39245435 304262 48% 52 44893 3846  6%
c w 4698.71 173 62 511 1636017 39245435 304173 48% 52 44893 3846  6%
c B 4718.94 173 63 511 1636022 39340513 382531 49% 54 44893 3846  6%
c p 4724.51 173 63 511 1636038 39375147 416464 49% 52 44893 3846  6%
c - 4729.68 178 64 512 1636048 39399037 312508 49% 51 44893 3846  6%
c - 4759.24 175 59 513 1636092 39552940 314958 48% 46 44893 3846  6%
c W 4774.38 175 58 513 1636115 39621516 374072 48% 45 44893 3846  6%
c 
c   seconds     reductions            redundant    irredundant
c            MB        restarts               trail      variables
c             level           conflicts           glue        remaining
c 
c - 4786.33 174 55 514 1636144 39707140 318372 43% 40 44893 3846  6%
c - 4815.38 185 69 515 1636146 39861645 313823 45% 54 44893 3846  6%
c O 4823.79 185 68 515 1636146 39903517 349322 45% 56 44893 3846  6%
c p 4830.75 185 43 515 1636177 40005148 447320 34% 33 44893 3846  6%
c - 4831.86 174 44 516 1636177 40016447 325255 34% 33 44893 3846  6%
c - 4854.44 171 50 517 1636229 40171547 311215 44% 37 44893 3846  6%
c B 4856.89 171 50 517 1636237 40186518 324482 45% 38 44893 3846  6%
c - 4882.95 181 49 518 1636272 40326947 312314 49% 39 44893 3846  6%
c W 4914.99 181 49 518 1636304 40470521 431830 49% 40 44893 3846  6%
c - 4917.44 186 49 519 1636305 40482648 319028 50% 40 44893 3846  6%
c - 4957.56 184 46 520 1636357 40638649 315794 49% 40 44893 3846  6%
c p 4958.05 184 46 520 1636358 40640148 318900 49% 40 44893 3846  6%
c I 4983.69 184 46 520 1636398 40755525 411320 49% 40 44893 3846  6%
c - 4988.31 177 53 521 1636399 40794949 317944 48% 42 44893 3846  6%
c - 5012.17 175 60 522 1636401 40951549 320102 46% 44 44893 3846  6%
c B 5027.29 175 59 522 1636402 41041526 395718 48% 46 44893 3846  6%
c - 5037.58 183 63 523 1636402 41108450 324202 49% 45 44893 3846  6%
c - 5066.78 195 64 524 1636405 41265650 330870 49% 48 44893 3846  6%
c p 5069.65 195 64 524 1636413 41280150 346129 49% 48 44893 3846  6%
c W 5080.40 195 62 524 1636432 41328527 390049 49% 47 44893 3846  6%
c 
c   seconds     reductions            redundant    irredundant
c            MB        restarts               trail      variables
c             level           conflicts           glue        remaining
c 
c - 5097.75 204 65 525 1636464 41423150 337017 49% 46 44893 3846  6%
c - 5135.26 193 61 526 1636513 41580951 327431 49% 44 44893 3846  6%
c O 5141.75 193 60 526 1636527 41616528 359139 49% 44 44893 3846  6%
c - 5158.17 188 49 527 1636536 41739051 332351 43% 31 44893 3846  6%
c - 5184.37 197 42 528 1636592 41897451 336464 48% 29 44893 3846  6%
c B 5185.72 197 43 528 1636592 41905529 343916 48% 29 44893 3846  6%
c p 5189.13 197 44 528 1636592 41925150 363280 48% 30 44893 3846  6%
c - 5211.98 188 47 529 1636645 42056152 323322 49% 35 44893 3846  6%
c W 5244.90 188 53 529 1636657 42195533 449297 50% 42 44893 3846  6%
c - 5248.88 197 52 530 1636657 42215154 326700 49% 42 44893 3846  6%
c - 5285.85 191 49 531 1636681 42374457 320179 50% 40 44893 3846  6%
c I 5318.61 191 50 531 1636719 42486534 410996 51% 42 44893 3846  6%
c - 5326.07 198 58 532 1636726 42534058 330977 49% 45 44893 3846  6%
c s 5326.73 198 58 532 1636726 42534058 330496 49% 45 44893 3846  6%
c w 5329.48 198 58 532 1636726 42534058 330404 49% 45 44893 3846  6%
c p 5336.46 198 61 532 1636745 42575151 368242 48% 47 44893 3846  6%
c - 5360.46 189 59 533 1636783 42693958 322969 48% 46 44893 3846  6%
c B 5377.20 189 59 533 1636784 42778535 394374 49% 48 44893 3846  6%
c - 5398.57 194 60 534 1636814 42854161 321031 50% 50 44893 3846  6%
c - 5433.59 199 67 535 1636861 43014662 327718 51% 53 44893 3846  6%
c 
c   seconds     reductions            redundant    irredundant
c            MB        restarts               trail      variables
c             level           conflicts           glue        remaining
c 
c W 5445.79 199 66 535 1636878 43071537 378863 51% 52 44893 3846  6%
c - 5468.98 203 63 536 1636910 43175462 332216 52% 50 44893 3846  6%
c p 5482.03 203 60 536 1636911 43230151 383126 52% 48 44893 3846  6%
c - 5509.91 200 54 537 1636912 43336562 330880 52% 45 44893 3846  6%
c O 5516.81 200 54 537 1636912 43365539 354757 52% 45 44893 3846  6%
c - 5540.55 198 39 538 1636913 43497964 340765 47% 32 44893 3846  6%
c - 5577.61 207 38 539 1636914 43659664 354501 48% 29 44893 3846  6%
c B 5577.81 207 38 539 1636914 43660540 355351 48% 29 44893 3846  6%
c - 5608.58 208 72 540 1636914 43821665 345273 48% 48 44893 3846  6%
c p 5625.27 208 76 540 1636914 43890151 412454 48% 51 44893 3846  6%
c W 5643.69 208 71 540 1636914 43956542 472293 49% 51 44893 3846  6%
c - 5647.44 203 67 541 1636914 43983965 351428 46% 46 44893 3846  6%
c - 5668.27 187 55 542 1636914 44146565 343547 42% 35 44893 3846  6%
c I 5688.67 187 56 542 1636915 44253543 442640 47% 38 44893 3846  6%
c - 5695.50 211 60 543 1636915 44309468 346575 47% 41 44893 3846  6%
c - 5731.28 194 55 544 1636915 44472668 339826 49% 40 44893 3846  6%
c B 5751.61 194 52 544 1636915 44551544 409979 49% 39 44893 3846  6%
c p 5752.63 194 52 544 1636915 44555152 415265 49% 39 44893 3846  6%
c - 5769.36 188 48 545 1636915 44636169 337619 51% 38 44893 3846  6%
c - 5812.75 187 45 546 1636915 44799970 333177 51% 37 44893 3846  6%
c 
c   seconds     reductions            redundant    irredundant
c            MB        restarts               trail      variables
c             level           conflicts           glue        remaining
c 
c W 5826.68 187 45 546 1636915 44850546 375839 51% 37 44893 3846  6%
c - 5862.66 187 44 547 1636915 44964070 338550 51% 37 44893 3846  6%
c - 5904.22 190 44 548 1636915 45128472 342964 52% 37 44893 3846  6%
c O 5909.50 190 44 548 1636915 45150547 361706 52% 37 44893 3846  6%
c p 5920.91 190 40 548 1636915 45225152 433689 50% 30 44893 3846  6%
c - 5933.87 197 41 549 1636916 45293172 346311 48% 30 44893 3846  6%
c B 5970.67 197 42 549 1636916 45451549 486654 47% 32 44893 3846  6%
c - 5971.84 198 45 550 1636916 45458173 349784 47% 33 44893 3846  6%
c - 6001.97 202 66 551 1636916 45623474 348624 48% 43 44893 3846  6%
c W 6037.45 202 65 551 1636916 45753550 470739 49% 45 44893 3846  6%
c - 6045.35 204 63 552 1636916 45789075 356637 48% 44 44893 3846  6%
c p 6066.79 204 55 552 1636916 45900153 459235 49% 40 44893 3846  6%
c - 6079.68 197 53 553 1636916 45954976 350275 49% 40 44893 3846  6%
c s 6079.97 197 53 553 1636916 45954976 350151 49% 40 44893 3846  6%
c w 6081.56 197 53 553 1636916 45954976 349941 49% 40 44893 3846  6%
c I 6100.33 197 53 553 1636916 46056551 438941 49% 39 44893 3846  6%
c - 6110.65 192 58 554 1636916 46121177 344673 48% 44 44893 3846  6%
c - 6137.21 187 56 555 1636916 46287677 334763 47% 45 44893 3846  6%
c B 6147.36 187 55 555 1636916 46360552 396906 47% 43 44893 3846  6%
c - 6162.96 189 53 556 1636916 46454477 340523 47% 43 44893 3846  6%
c 
c   seconds     reductions            redundant    irredundant
c            MB        restarts               trail      variables
c             level           conflicts           glue        remaining
c 
c p 6183.43 189 51 556 1636916 46580153 442389 48% 45 44893 3846  6%
c - 6189.59 186 51 557 1636916 46621578 333150 47% 44 44893 3846  6%
c W 6196.22 186 51 557 1636916 46665553 372014 48% 43 44893 3846  6%
c - 6216.95 196 52 558 1636916 46788979 348734 48% 42 44893 3846  6%
c - 6254.67 203 51 559 1636916 46956679 363210 48% 42 44893 3846  6%
c O 6257.20 203 51 559 1636916 46971554 377385 48% 42 44893 3846  6%
c - 6276.91 197 39 560 1636916 47124679 360246 42% 28 44893 3846  6%
c p 6301.93 197 34 560 1636916 47265153 495233 43% 24 44893 3846  6%
c B 6304.68 197 36 560 1636916 47278556 507934 43% 25 44893 3846  6%
c - 6307.24 201 43 561 1636916 47292981 370998 44% 29 44893 3846  6%
c - 6339.60 207 68 562 1636949 47461581 358265 49% 49 44893 3846  6%
c W 6364.64 207 59 562 1636986 47586559 466193 48% 48 44893 3846  6%
c - 6376.43 198 56 563 1637008 47630482 345885 48% 46 44893 3846  6%
c - 6416.68 199 51 564 1637043 47799685 345292 49% 44 44893 3846  6%
c I 6436.84 199 50 564 1637072 47895560 418219 48% 44 44893 3846  6%
c p 6447.45 199 52 564 1637089 47955153 474709 49% 41 44893 3846  6%
c - 6449.64 199 52 565 1637096 47969185 353326 48% 40 44893 3846  6%
c - 6482.76 198 54 566 1637147 48138988 355366 49% 40 44893 3846  6%
c B 6497.72 198 51 566 1637168 48205562 413240 48% 39 44893 3846  6%
c - 6506.55 184 45 567 1637171 48309090 350962 38% 34 44893 3846  6%
c 
c   seconds     reductions            redundant    irredundant
c            MB        restarts               trail      variables
c             level           conflicts           glue        remaining
c 
c - 6540.86 213 56 568 1637192 48479490 360328 48% 42 44893 3846  6%
c W 6551.01 213 56 568 1637202 48516563 392897 48% 43 44893 3846  6%
c p 6583.51 213 61 568 1637241 48650153 511483 49% 47 44893 3846  6%
c - 6583.77 204 61 569 1637241 48650190 366012 49% 47 44893 3846  6%
c - 6626.84 194 62 570 1637297 48821190 362165 49% 51 44893 3846  6%
c O 6628.63 194 62 570 1637297 48828564 367921 49% 51 44893 3846  6%
c - 6654.12 196 39 571 1637333 48992490 369941 41% 29 44893 3846  6%
c B 6684.40 196 33 571 1637380 49141566 500266 42% 25 44893 3846  6%
c - 6687.57 195 38 572 1637391 49164091 368252 43% 27 44893 3846  6%
c - 6720.38 196 44 573 1637425 49335991 366119 48% 34 44893 3846  6%
c s 6720.98 196 44 573 1637425 49335991 365823 48% 34 44890 3846  6%
c w 6722.39 196 44 573 1637425 49335991 365277 48% 34 44890 3846  6%
c t 6722.40 196 44 573 1637425 49335991 365276 48% 34 44890 3846  6%
c s 6723.05 196 44 573 1637425 49335991 364801 48% 34 44890 3846  6%
c d 6725.90 196 45 573 1637425 49350153 378182 49% 35 44890 3845  6%
c p 6726.14 196 45 573 1637425 49350153 380559 49% 35 44890 3845  6%
c W 6750.56 196 47 573 1637426 49455567 473891 49% 37 44890 3845  6%
c - 6765.18 200 49 574 1637427 49508191 376013 49% 39 44890 3845  6%
c - 6807.41 201 50 575 1637427 49680691 380703 49% 40 44890 3845  6%
c I 6833.38 201 49 575 1637430 49770569 458984 49% 41 44890 3845  6%
c 
c   seconds     reductions            redundant    irredundant
c            MB        restarts               trail      variables
c             level           conflicts           glue        remaining
c 
c - 6844.91 199 42 576 1637461 49853492 387937 45% 33 44890 3845  6%
c s 6862.87 199 39 576 1637496 49974085 491955 43% 29 44890 3845  6%
c w 6863.54 199 39 576 1637496 49974085 491876 43% 29 44890 3845  6%
c s 6864.05 199 39 576 1637496 49974085 491827 43% 29 44890 3845  6%
c - 6873.30 194 40 577 1637520 50026593 377614 43% 29 44890 3845  6%
c p 6878.23 194 39 577 1637526 50055153 405315 44% 29 44890 3845  6%
c B 6884.19 194 39 577 1637539 50086571 434134 45% 29 44890 3845  6%
c ] 6887.63 194 41 577 1637550 50104846 450227 45% 30 44890 3845  6%
c ? 6887.63 194 41 577 1637550 50104846 450227 45% 30 44890 3845  6%
c 
c --- [ result ] -------------------------------------------------------------
c 
c UNKNOWN
c 
c --- [ run-time profiling ] -------------------------------------------------
c 
c process time taken by individual solving procedures
c (percentage relative to process time for solving)
c 
c      6787.84   98.55% search
c      4697.42   68.20% stable
c      2009.98   29.18% unstable
c        99.75    1.45% simplify
c        80.43    1.17% walk
c        44.68    0.65% subsume
c        33.46    0.49% vivify
c        11.99    0.17% probe
c         2.97    0.04% ternary
c         1.71    0.02% elim
c         0.04    0.00% parse
c         0.01    0.00% lucky
c   =================================
c      6887.59  100.00% solve
c 
c last line shows process time for solving
c (percentage relative to total process time)
c 
c --- [ statistics ] ---------------------------------------------------------
c 
c blocked:                       0         0.00 %  of irredundant clauses
c   blockings:                   0         0.00    internal
c   candidates:                  0         0.00    per blocking 
c   blockres:                    0         0.00    per candidate
c   pure:                        0         0.00 %  of all variables
c   pureclauses:                 0         0.00    per pure literal
c chronological:          10008376        19.97 %  of conflicts
c compacts:                      6   8350807.67    interval
c conflicts:              50104846      7274.66    per second
c   backtracked:          58912549       117.58 %  of conflicts
c conditioned:                   0         0.00 %  of irredundant clauses
c   conditionings:               0         0.00    interval
c   condcands:                   0         0.00    candidate clauses
c   condassinit:                 0.0       0.00 %  initial assigned
c   condcondinit:                0.0       0.00 %  initial condition
c   condautinit:                 0.0       0.00 %  initial autarky
c   condassrem:                  0.0       0.00 %  final assigned
c   condcondrem:                 0.000     0.00 %  final conditional
c   condautrem:                  0.000     0.00 %  final autarky
c   condprops:                   0         0.00    per candidate
c covered:                       0         0.00 %  of irredundant clauses
c   coverings:                   0         0.00    interval
c   asymmetric:                  0         0.00 %  of covered clauses
c   blocked:                     0         0.00 %  of covered clauses
c decisions:             100175022     14544.28    per second
c   searched:            367826551         3.67    per decision
c eliminated:                51782        79.41 %  of all variables
c   elimphases:                 90    556720.51    interval
c   elimrounds:                156         1.73    per phase
c   elimtried:               95028        54.49 %  eliminated
c   elimgates:               16737        17.61 %  gates per tried
c   elimequivs:                 80         0.48 %  equivalence gates
c   elimands:                16657        99.52 %  and gates
c   elimites:                    0         0.00 %  if-then-else gates
c   elimxors:                    0         0.00 %  xor gates
c   elimsubst:                1668         3.22 %  substituted
c   elimres:               1286347        24.84    per eliminated
c   elimrestried:          1204621        93.65 %  per resolution
c ext.prop. calls:               0         0.00 %  of queries
c   propagating:                 0         0.00 %  per eprop-call
c   explained:                   0         0.00 %  per eprop-call
c   falsified:                   0         0.00 %  per eprop-call
c ext.clause calls:              0         0.00 %  of queries
c   learned:                     0         0.00 %  per called
c   conflicting:                 0         0.00 %  per learned
c   propagating:                 0         0.00 %  per learned
c ext.final check:               0         0.00 %  of queries
c fixed:                      9297        14.26 %  of all variables
c   failed:                     25         0.04 %  of all variables
c   probefailed:                22        88.00 %  per failed
c   transredunits:               3        12.00 %  per failed
c   probingphases:             141    355353.52    interval
c   probesuccess:               37        26.24 %  phases
c   probingrounds:             141         1.00    per phase
c   probed:                 315182     12607.28    per failed
c   hbrs:                   273212         0.87    per probed
c   hbrsizes:              1082583         3.96    per hbr
c   hbreds:                 272132        99.60 %  per hbr
c   hbrsubs:                   799         0.29 %  per hbr
c   units:                      19   2637097.16    interval
c   binaries:                 2237     22398.23    interval
c flushed:                       0         0.00 %  per conflict
c   hyper:                       0         0.00 %  per conflict
c   flushings:                   0         0.00    interval
c instantiated:                  0         0.00 %  of tried
c   instrounds:                  0         0.00 %  of elimrounds
c learned:                49139826        98.07 %  per conflict
c   bumped:             1888356149        38.43    per learned
c   recomputed:          283005955       575.92 %  per learned
c   promoted1:              148482         0.30 %  per learned
c   promoted2:              496619         1.01 %  per learned
c   improvedglue:         20196685        41.10 %  per learned
c lucky:                         0         0.00 %  of tried
c   constantzero                 0         0.00 %  of tried
c   constantone                  0         0.00 %  of tried
c   backwardone                  0         0.00 %  of tried
c   backwardzero                 0         0.00 %  of tried
c   forwardone                   0         0.00 %  of tried
c   forwardzero                  0         0.00 %  of tried
c   positivehorn                 0         0.00 %  of tried
c   negativehorn                 0         0.00 %  of tried
c   extendbytes:           3279128         3.13    bytes and MB
c learned_lits:         5223634891       100.00 %  learned literals
c minimized:                     0         0.00 %  learned literals
c shrunken:             1777360552        34.03 %  learned literals
c minishrunken:          675176768        12.93 %  learned literals
c otfs:                     113744         0.23 %  of conflict
c   subsumed                  3606         0.01 %  of conflict
c   strengthened            110138         0.22 %  of conflict
c propagations:        11391788807         1.65 M  per second
c   coverprops:                  0         0.00 %  of propagations
c   probeprops:            7327604         0.06 %  of propagations
c   searchprops:       10318868629        90.58 %  of propagations
c   transredprops:         1207542         0.01 %  of propagations
c   vivifyprops:         139186775         1.22 %  of propagations
c   walkprops:           925198257         8.12 %  of propagations
c reactivated:                   0         0.00 %  of all variables
c reduced:                42798637        85.42 %  per conflict
c   reductions:                577     86836.82    interval
c   collections:               589     85067.65    interval
c rephased:                    316    158559.64    interval
c   rephasedbest:              105        33.23 %  rephased best
c   rephasedflip:               26         8.23 %  rephased flipping
c   rephasedinv:                28         8.86 %  rephased inverted
c   rephasedorig:               28         8.86 %  rephased original
c   rephasedrand:               25         7.91 %  rephased random
c   rephasedwalk:              104        32.91 %  rephased walk
c rescored:                   4138     12108.47    interval
c restarts:                1637550        30.60    interval
c   reused:                1412229        86.24 %  per restart
c   reusedlevels:         14111307        25.48 %  per restart levels
c restored:                      0         0.00 %  per weakened
c   restorations:                0         0.00 %  per extension
c   literals:                    0         0.00    per restored clause
c stabilizing:                   8        56.40 %  of conflicts
c   restartstab:              4728         0.29 %  of all restarts
c   reusedstab:               4686        99.11 %  per stable restarts
c substituted:                 283         0.43 %  of all variables
c   decompositions:            389         2.76    per phase
c subsumed:                5634134         5.65 %  of all clauses
c   subsumephases:              94    533030.28    interval
c   subsumerounds:             184         1.96    per phase
c   deduplicated:               46         0.00 %  per subsumed
c   transreds:                  94    533030.28    interval
c   transitive:                598         0.01 %  per subsumed
c   subirr:                   7441         0.13 %  of subsumed
c   subred:                  71621         1.27 %  of subsumed
c   subtried:             15456928         2.74    tried per subsumed
c   subchecks:          6403080902       414.25    per tried
c   subchecks2:           59856166         0.93 %  per subcheck
c   elimotfsub:                  0         0.00 %  of subsumed
c   elimbwsub:                 746         0.01 %  of subsumed
c   eagersub:              5548025        98.47 %  of subsumed
c   eagertried:         1081075754       194.86    tried per eagersub
c strengthened:             481504         0.48 %  of all clauses
c   elimotfstr:               4623         0.96 %  of strengthened
c   elimbwstr:                   6         0.00 %  of strengthened
c ternary:                  246582         0.73 %  of resolved
c   phases:                    282    177676.76    interval
c   htr3:                   246492        99.96 %  ternary hyper ternres
c   htr2:                       90         0.04 %  binary hyper ternres
c vivified:                  18562         0.02 %  of all clauses
c   vivifications:              94    533030.28    interval
c   vivifychecks:          1878217         3.75 %  per conflict
c   vivifysched:          10769594        17.44 %  checks per scheduled
c   vivifyunits:                 0         0.00 %  per vivify check
c   vivifyinst:                260         0.01 %  per vivify check
c   vivifysubs:               4566         0.08 %  per subsumed
c   vivifystrs:              13996         2.91 %  per strengthened
c   vivifystrirr:              679         4.85 %  per vivifystrs
c   vivifystred1:              273         1.95 %  per vivifystrs
c   vivifystred2:             7625        54.48 %  per vivifystrs
c   vivifystred3:             5419        38.72 %  per vivifystrs
c   vivifydecs:            8850963         4.71    per checks
c   vivifyreused:          3476207        39.27 %  per decision
c walked:                      104    481777.37    interval
c   flips:               114820469         1.43 M  per second
c   minimum:                    12         0.01 %  clauses
c   broken:             3712054433        32.33    per flip
c weakened:                 129155         3.35    average size
c   extensions:                  0         0.00    interval
c   flipped:                     0         0.00    per weakened
c 
c seconds are measured in process time for solving
c 
c --- [ resources ] ----------------------------------------------------------
c 
c total process time since initialization:      6887.63    seconds
c total real time since initialization:         6900.00    seconds
c maximum resident set size of process:          330.34    MB
c 
c --- [ shutting down ] ------------------------------------------------------
c 
c exit 0
