c --- [ banner ] -------------------------------------------------------------
c 
c CaDiCaL SAT Solver
c Copyright (c) 2016-2023 A. Biere, M. Fleury, N. Froleyks, K. Fazekas, F. Pollitt
c 
c Version 1.7.3
c g++-13.2.0
c Feb 11 2024 04:08:27
c 
c --- [ limit ] --------------------------------------------------------------
c 
c setting time limit to 6900 seconds real time (due to '-t 6900')
c 
c --- [ parsing input ] ------------------------------------------------------
c 
c reading DIMACS file from '/root/projects/maph/discovery/out/cover-23-6-2-bounded-balanced-20260807/222-double-disjoint.cnf'
c opening file to read '/root/projects/maph/discovery/out/cover-23-6-2-bounded-balanced-20260807/222-double-disjoint.cnf'
c found 'p cnf 65228 139977' header
c parsed 139977 clauses in 0.04 seconds process time
c closing file '/root/projects/maph/discovery/out/cover-23-6-2-bounded-balanced-20260807/222-double-disjoint.cnf'
c 
c --- [ options ] ------------------------------------------------------------
c 
c all options are set to their default value
c 
c --- [ solving ] ------------------------------------------------------------
c 
c time measured in process time since initialization
c 
c  seconds  reductions  redundant  irredundant
c         MB    restarts       trail       variables
c          level   conflicts       glue         remaining
c 
c *  0.04 28  0 0   0    0    0  0% 0 124195 57315 88%
c {  0.05 29  0 0   0    0    0  0% 0 124195 57315 88%
c i  0.05 29 25 0   0    8    4 22% 3 124195 56860 87%
c i  0.05 29 27 0   0   12    7 22% 3 124195 56858 87%
c i  0.05 29 36 0   5   94   72 21% 3 124195 56785 87%
c i  0.05 29 36 0   5   95   72 21% 3 124195 56723 87%
c i  0.05 29 35 0   5   96   72 21% 3 124195 56722 87%
c i  0.05 29 35 0   6   98   73 21% 3 124195 56617 87%
c i  0.06 30 39 0  14  241  176 20% 3 124195 56532 87%
c i  0.06 30 41 0  15  255  189 20% 3 124195 56451 87%
c -  0.07 30 44 1  26  300  225 20% 3 114124 56451 87%
c i  0.07 30 44 1  26  308  228 20% 3 114124 56395 86%
c -  0.11 35 37 2 104  935  664 20% 5 113926 56391 86%
c }  0.11 35 37 2 121 1001  723 20% 5 113926 56391 86%
c [  0.11 35  0 2 121 1001  723  0% 0 113926 56391 86%
c O  0.11 35 24 2 121 1002  724 22% 6 113926 56391 86%
c -  0.18 35 56 3 121 1885 1394 33% 20 113926 56391 86%
c s  0.25 40 76 3 122 2234 1631 18% 27 109579 56391 86%
c v  0.28 40 76 3 122 2234 1631 18% 27 109577 56391 86%
c w  0.28 40 76 3 122 2234 1630 18% 27 109577 56391 86%
c 
c  seconds  reductions  redundant   irredundant
c         MB    restarts       trail        variables
c          level   conflicts       glue          remaining
c 
c t  0.29 40 76 3 122 2234 1622 18% 27 109123 55997 86%
c e  0.36 41 76 3 122 2234  105 18% 27 33113 7699 12%
c s  0.37 44 76 3 122 2234   98 18% 27 32922 7699 12%
c e  0.38 44 76 3 122 2234   98 18% 27 32919 7671 12%
c ]  0.41 44 98 3 122 3001  829  8% 30 32919 7671 12%
c {  0.41 44 37 3 122 3001  829 23% 5 32919 7671 12%
c F  0.41 44 37 3 123 3003  831 23% 5 32919 7671 12%
c -  0.43 38 40 4 150 3153  935 21% 5 32919 7671 12%
c i  0.43 38 39 4 150 3171  945 20% 5 32919 7668 12%
c i  0.46 38 43 4 334 4280 1875 12% 7 32919 7666 12%
c -  0.47 38 43 5 390 4653 1670 11% 7 32850 7666 12%
c 3  0.49 40 43 5 451 5001 9567 10% 7 32850 7666 12%
c 3  0.50 40 43 5 451 5001 9734 10% 7 32850 7666 12%
c 2  0.50 40 43 5 451 5001 9733 10% 7 32849 7666 12%
c p  0.52 40 43 5 451 5001 17262 10% 7 32849 7625 12%
c d  0.53 40 43 5 451 5001 16526 10% 7 32677 7624 12%
c #  0.56 40 39 5 692 6004 17436  8% 9 32677 7624 12%
c -  0.60 40 40 6 798 6453 2965 23% 9 32677 7624 12%
c }  0.61 40 40 6 825 7002 3444 22% 9 32677 7624 12%
c [  0.61 40 98 6 825 7002 3444 56% 30 32677 7624 12%
c 
c  seconds   reductions  redundant   irredundant
c         MB     restarts       trail      variables
c           level   conflicts       glue        remaining
c 
c -  0.68 40 100 7 826 8554 3322 49% 33 32677 7624 12%
c I  0.76 40 105 7 827 10005 4716 48% 38 32677 7624 12%
c s  0.78 40 101 7 828 10642 5162 45% 35 31907 7624 12%
c v  0.79 40 101 7 828 10642 5162 45% 35 31884 7624 12%
c w  0.80 40 101 7 828 10642 5161 45% 35 31884 7624 12%
c t  0.80 40 101 7 828 10642 5159 45% 35 31865 7624 12%
c e  0.80 40 101 7 828 10642 3667 45% 35 31650 7425 11%
c s  0.81 40 101 7 828 10642 3652 45% 35 31616 7425 11%
c -  0.83 40 98 8 828 10954 3013 44% 34 31616 7425 11%
c -  0.96 40 94 9 830 13654 3983 41% 36 31616 7425 11%
c 3  1.04 40 92 9 830 15001 8603 41% 38 31616 7425 11%
c p  1.06 40 92 9 830 15001 16171 41% 38 31616 7424 11%
c ]  1.06 40 92 9 830 15002 16172 41% 38 31616 7424 11%
c {  1.06 40 40 9 830 15002 16172 22% 9 31616 7424 11%
c B  1.06 40 40 9 831 15009 16179 22% 9 31616 7424 11%
c -  1.13 40 43 10 1042 16656 4910 22% 10 31613 7424 11%
c i  1.17 40 43 10 1171 17940 6066 23% 10 31613 7410 11%
c i  1.20 40 45 10 1273 18694 6722 23% 10 31613 7382 11%
c -  1.26 40 46 11 1502 19957 5407 23% 10 31390 7382 11%
c W  1.30 40 45 11 1538 21013 6316 23% 10 31390 7382 11%
c 
c  seconds  reductions     redundant   irredundant
c         MB     restarts         trail      variables
c          level      conflicts       glue        remaining
c 
c s  1.37 40 47 11 1669 23184 7944 23% 10 31332 7382 11%
c v  1.38 40 47 11 1669 23184 7944 23% 10 30974 7382 11%
c w  1.39 40 47 11 1669 23184 7933 23% 10 30974 7382 11%
c t  1.39 40 47 11 1669 23184 7927 23% 10 30972 7382 11%
c e  1.39 40 47 11 1669 23184 7084 23% 10 30862 7297 11%
c s  1.40 40 47 11 1669 23184 7020 23% 10 30847 7297 11%
c e  1.40 40 47 11 1669 23184 6993 23% 10 30841 7294 11%
c -  1.42 40 47 12 1724 23557 5632 23% 10 30841 7294 11%
c i  1.45 40 47 12 1852 24755 6675 23% 10 30841 7283 11%
c -  1.55 40 47 13 2150 27461 6636 23% 10 30759 7281 11%
c F  1.57 40 46 13 2174 28015 7147 23% 10 30759 7281 11%
c d  1.65 40 48 13 2401 30003 8958 23% 10 30759 7280 11%
c 3  1.65 40 48 13 2401 30003 12338 23% 10 30759 7280 11%
c 2  1.66 40 48 13 2401 30003 12945 23% 10 30759 7280 11%
c p  1.67 40 48 13 2401 30003 19015 23% 10 30759 7277 11%
c d  1.67 40 48 13 2401 30003 18968 23% 10 30748 7272 11%
c }  1.71 40 48 13 2512 31006 19822 23% 10 30748 7272 11%
c [  1.71 40 92 13 2512 31006 19822 41% 38 30748 7272 11%
c -  1.75 40 92 14 2512 31662 8336 41% 38 30748 7272 11%
c B  1.94 40 92 14 2515 36017 12419 40% 39 30748 7272 11%
c 
c  seconds  reductions     redundant   irredundant
c         MB     restarts         trail      variables
c          level      conflicts       glue        remaining
c 
c -  1.95 40 92 15 2515 36162 9012 40% 39 30748 7272 11%
c s  2.08 40 85 15 2518 39825 12045 36% 36 30722 7272 11%
c v  2.09 40 85 15 2518 39825 12045 36% 36 30669 7272 11%
c w  2.09 40 85 15 2518 39825 12041 36% 36 30669 7272 11%
c t  2.09 40 85 15 2518 39825 12036 36% 36 30665 7272 11%
c e  2.10 40 85 15 2518 39825 11845 36% 36 30566 7214 11%
c s  2.10 40 85 15 2518 39825 11820 36% 36 30483 7214 11%
c -  2.15 40 82 16 2518 40962 8203 35% 35 30483 7214 11%
c W  2.30 40 73 16 2519 45018 11521 32% 34 30483 7214 11%
c -  2.34 40 71 17 2520 46062 8462 31% 33 30483 7214 11%
c d  2.50 40 70 17 2520 50003 12082 32% 33 30483 7213 11%
c 3  2.51 40 70 17 2520 50003 15155 32% 33 30483 7213 11%
c 3  2.51 40 70 17 2520 50003 16057 32% 33 30483 7213 11%
c d  2.52 40 70 17 2520 50003 16047 32% 33 30483 7212 11%
c p  2.53 40 70 17 2520 50003 22073 32% 33 30483 7212 11%
c -  2.57 40 70 18 2520 51462 9160 32% 33 30483 7212 11%
c O  2.72 40 71 18 2521 55019 12484 32% 32 30483 7212 11%
c -  2.81 40 71 19 2523 57164 9603 33% 32 30483 7212 11%
c s  2.93 40 71 19 2526 60617 12721 32% 32 30479 7212 11%
c v  2.94 40 71 19 2526 60617 12721 32% 32 30408 7212 11%
c 
c  seconds  reductions      redundant   irredundant
c         MB     restarts          trail      variables
c          level      conflicts        glue        remaining
c 
c w  2.95 40 71 19 2526 60617 12719 32% 32 30408 7212 11%
c e  2.95 40 71 19 2526 60617 12719 32% 32 30311 7155 11%
c s  2.96 40 71 19 2526 60617 12709 32% 32 30252 7155 11%
c ]  3.09 40 72 19 2527 63006 14947 33% 32 30252 7155 11%
c {  3.09 40 48 19 2527 63006 14947 23% 10 30252 7155 11%
c -  3.10 40 48 20 2542 63165 10480 23% 10 30252 7155 11%
c i  3.12 40 47 20 2575 63912 11054 23% 10 30252 7154 11%
c B  3.21 40 47 20 2882 66020 12954 23% 10 30252 7154 11%
c -  3.35 40 47 21 3186 69466 10565 24% 10 30249 7154 11%
c d  3.55 40 46 21 4047 75003 15464 23% 10 30249 7146 11%
c 3  3.55 40 46 21 4047 75003 19086 23% 10 30249 7146 11%
c d  3.56 40 46 21 4047 75003 19888 23% 10 30249 7145 11%
c 2  3.56 40 46 21 4047 75003 19883 23% 10 30249 7145 11%
c p  3.58 40 46 21 4047 75003 25927 23% 10 30249 7145 11%
c d  3.58 40 46 21 4047 75003 25909 23% 10 30249 7142 11%
c -  3.63 40 45 22 4234 76067 12454 22% 10 30249 7142 11%
c W  3.72 40 44 22 4492 78021 14202 22% 11 30249 7142 11%
c -  3.90 40 43 23 4905 82968 13428 22% 11 30249 7142 11%
c s  4.01 40 43 23 5175 85579 15439 22% 11 30215 7142 11%
c v  4.03 40 43 23 5175 85579 15439 22% 11 30142 7142 11%
c 
c  seconds  reductions      redundant   irredundant
c         MB     restarts          trail      variables
c          level      conflicts        glue        remaining
c 
c w  4.03 40 43 23 5175 85579 15432 22% 11 30142 7142 11%
c t  4.03 40 43 23 5175 85579 15424 22% 11 30142 7142 11%
c e  4.04 40 43 23 5175 85579 15342 22% 11 30074 7090 11%
c s  4.04 40 43 23 5175 85579 15281 22% 11 30013 7090 11%
c e  4.05 40 43 23 5175 85579 15281 22% 11 30011 7088 11%
c -  4.20 40 42 24 5864 90173 14100 22% 11 30011 7088 11%
c #  4.23 40 42 24 5948 91023 14883 22% 11 30011 7088 11%
c -  4.42 40 39 25 6141 97673 14702 21% 11 30011 7088 11%
c d  4.75 40 39 25 7153 105003 21410 21% 11 30011 7078 11%
c 3  4.76 40 39 25 7153 105003 25110 21% 11 30011 7078 11%
c 3  4.76 40 39 25 7153 105003 25927 21% 11 30011 7078 11%
c d  4.76 40 39 25 7153 105003 25922 21% 11 30011 7077 11%
c 2  4.77 40 39 25 7153 105003 25914 21% 11 30011 7077 11%
c p  4.78 40 39 25 7153 105003 32024 21% 11 30011 7076 11%
c d  4.79 40 39 25 7153 105003 31895 21% 11 30008 7075 11%
c B  4.79 40 39 25 7157 105024 31914 21% 11 30008 7075 11%
c -  4.83 40 40 26 7246 105473 16692 22% 11 30008 7075 11%
c -  5.12 40 38 27 7738 113573 17000 21% 11 30008 7075 11%
c s  5.18 40 38 27 7800 114730 17718 21% 11 29994 7075 11%
c v  5.20 40 38 27 7800 114730 17718 21% 11 29971 7075 11%
c 
c  seconds  reductions       redundant   irredundant
c         MB     restarts           trail      variables
c          level      conflicts         glue        remaining
c 
c w  5.21 40 38 27 7800 114730 17713 21% 11 29971 7075 11%
c t  5.21 40 38 27 7800 114730 17707 21% 11 29970 7075 11%
c e  5.21 40 38 27 7800 114730 17704 21% 11 29958 7063 11%
c s  5.22 40 38 27 7800 114730 17660 21% 11 29941 7063 11%
c e  5.22 40 38 27 7800 114730 17660 21% 11 29937 7059 11%
c W  5.43 40 36 27 7854 120025 22359 21% 11 29937 7059 11%
c i  5.46 40 36 27 7931 120670 22924 21% 11 29937 7054 11%
c -  5.52 40 36 28 8110 121974 17887 21% 11 29922 7054 11%
c }  5.69 40 34 28 8460 127009 21874 20% 11 29922 7054 11%
c [  5.69 40 72 28 8460 127009 21874 33% 32 29922 7054 11%
c -  5.84 40 66 29 8460 130674 18009 31% 30 29922 7054 11%
c B  6.05 40 60 29 8465 136026 22299 29% 28 29922 7054 11%
c -  6.23 40 63 30 8467 139674 18834 30% 29 29922 7054 11%
c d  6.25 40 63 30 8467 140004 19071 30% 29 29922 7035 11%
c 3  6.26 40 63 30 8467 140004 22849 30% 29 29922 7035 11%
c 3  6.26 40 63 30 8467 140004 23672 30% 29 29922 7035 11%
c d  6.26 40 63 30 8467 140004 23653 30% 29 29922 7032 11%
c 2  6.27 40 63 30 8467 140004 23650 30% 29 29922 7032 11%
c p  6.28 40 63 30 8467 140004 29086 30% 29 29922 7032 11%
c d  6.28 40 63 30 8467 140004 29080 30% 29 29922 7030 11%
c 
c  seconds  reductions       redundant   irredundant
c         MB     restarts           trail      variables
c          level      conflicts         glue        remaining
c 
c s  6.69 40 62 30 8468 148081 36108 30% 30 29909 7030 11%
c v  6.71 40 62 30 8468 148081 36108 30% 30 29880 7030 11%
c w  6.72 40 62 30 8468 148081 36102 30% 30 29880 7030 11%
c t  6.72 40 62 30 8468 148081 36101 30% 30 29880 7030 11%
c e  6.72 40 62 30 8468 148081 35212 30% 30 29875 7022 11%
c s  6.73 40 62 30 8468 148081 35157 30% 30 29860 7022 11%
c -  6.79 40 63 31 8468 148976 19376 30% 30 29860 7022 11%
c W  7.10 40 63 31 8469 153028 23241 31% 30 29860 7022 11%
c -  7.45 40 66 32 8469 158577 18860 33% 32 29860 7022 11%
c -  8.06 40 69 33 8470 168486 19343 35% 34 29860 7022 11%
c I  8.28 40 69 33 8472 171030 21742 35% 34 29860 7022 11%
c -  8.61 40 70 34 8476 178689 19999 35% 34 29860 7022 11%
c d  8.70 40 70 34 8476 180006 21168 35% 34 29860 7016 11%
c 2  8.71 40 70 34 8476 180006 25352 35% 34 29860 7016 11%
c p  8.73 40 70 34 8476 180006 30731 35% 34 29860 7016 11%
c d  8.73 40 70 34 8476 180006 30726 35% 34 29860 7015 11%
c s  9.02 40 69 34 8480 185670 35712 35% 34 29855 7015 11%
c v  9.05 40 69 34 8480 185670 35712 35% 34 29853 7015 11%
c w  9.06 40 69 34 8480 185670 35712 35% 34 29853 7015 11%
c t  9.06 40 69 34 8480 185670 35710 35% 34 29849 7015 11%
c 
c  seconds  reductions       redundant   irredundant
c         MB     restarts           trail      variables
c          level      conflicts         glue        remaining
c 
c e  9.07 40 69 34 8480 185670 35641 35% 34 29844 7008 11%
c s  9.08 40 69 34 8480 185670 35625 35% 34 29815 7008 11%
c -  9.35 40 68 35 8483 189190 20455 36% 34 29815 7008 11%
c B  9.40 40 68 35 8483 190032 21212 36% 34 29815 7008 11%
c - 10.07 40 71 36 8484 199993 20561 37% 36 29815 7008 11%
c W 10.78 40 72 36 8491 210033 29976 38% 37 29815 7008 11%
c - 10.86 45 72 37 8491 211093 21168 38% 37 29815 7008 11%
c - 11.72 40 73 38 8498 222493 21746 39% 39 29815 7008 11%
c d 11.94 40 74 38 8498 225006 24020 39% 39 29815 7006 11%
c 3 11.95 40 74 38 8498 225006 27501 39% 39 29815 7006 11%
c d 11.96 40 74 38 8498 225006 28444 39% 39 29815 7005 11%
c 2 11.96 40 74 38 8498 225006 28442 39% 39 29815 7005 11%
c p 11.98 40 74 38 8498 225006 33807 39% 39 29815 7005 11%
c d 11.98 40 74 38 8498 225006 33805 39% 39 29815 7004 11%
c s 12.17 40 74 38 8499 227453 35731 39% 40 29815 7004 11%
c v 12.19 40 74 38 8499 227453 35731 39% 40 29784 7004 11%
c w 12.20 40 74 38 8499 227453 35731 39% 40 29784 7004 11%
c e 12.21 40 74 38 8499 227453 35720 39% 40 29779 6997 11%
c s 12.22 40 74 38 8499 227453 35708 39% 40 29770 6997 11%
c O 12.45 40 74 38 8499 231035 38705 39% 40 29770 6997 11%
c 
c  seconds  reductions       redundant   irredundant
c         MB     restarts           trail      variables
c          level      conflicts         glue        remaining
c 
c - 12.63 40 72 39 8499 234194 22222 39% 39 29770 6997 11%
c - 12.97 40 70 40 8500 246194 21486 36% 36 29770 6997 11%
c B 13.21 40 69 40 8501 253036 27632 35% 35 29770 6997 11%
c ] 13.34 40 71 40 8501 255010 29515 35% 35 29770 6997 11%
c { 13.34 40 34 40 8501 255010 29515 20% 11 29770 6997 11%
c - 13.45 40 33 41 8534 258494 23200 20% 11 29770 6997 11%
c - 13.91 40 32 42 10059 271096 23227 20% 11 29770 6997 11%
c s 14.03 40 32 42 10238 273414 24193 20% 11 29767 6997 11%
c v 14.06 40 32 42 10238 273414 24193 20% 11 29649 6997 11%
c w 14.07 40 32 42 10238 273414 24192 20% 11 29649 6997 11%
c t 14.07 40 32 42 10238 273414 24186 20% 11 29649 6997 11%
c e 14.08 40 32 42 10238 273414 23843 20% 11 29636 6982 11%
c s 14.10 40 32 42 10238 273414 23625 20% 11 29631 6982 11%
c d 14.15 40 32 42 10244 275006 24958 20% 11 29631 6966 11%
c 3 14.15 40 32 42 10244 275006 28497 20% 11 29631 6966 11%
c d 14.16 40 32 42 10244 275006 29244 20% 11 29631 6965 11%
c p 14.18 40 32 42 10244 275006 34637 20% 11 29631 6965 11%
c F 14.20 40 32 42 10244 276038 35429 19% 11 29631 6965 11%
c - 14.62 40 32 43 11202 283997 27006 20% 11 29631 6965 11%
c - 15.07 40 30 44 11640 297198 26573 20% 10 29631 6965 11%
c 
c  seconds  reductions        redundant   irredundant
c         MB      restarts           trail      variables
c          level       conflicts         glue        remaining
c 
c B 15.21 40 31 44 12040 300039 29220 20% 11 29631 6965 11%
c - 15.70 40 31 45 14059 310698 28948 20% 11 29631 6965 11%
c s 16.32 40 32 45 15662 323473 39315 20% 11 29625 6965 11%
c v 16.35 40 32 45 15662 323473 39315 20% 11 29470 6965 11%
c w 16.36 40 32 45 15662 323473 39307 20% 11 29470 6965 11%
c t 16.36 40 32 45 15662 323473 39298 20% 11 29469 6965 11%
c e 16.37 40 32 45 15662 323473 36839 20% 11 29428 6919 11%
c s 16.38 40 32 45 15662 323473 36772 20% 11 29415 6919 11%
c - 16.42 40 31 46 15671 324500 27031 20% 11 29415 6919 11%
c W 16.53 40 31 46 15671 325041 27422 20% 11 29415 6919 11%
c d 16.73 40 31 46 15989 330006 31780 20% 11 29415 6892 11%
c 3 16.73 40 31 46 15989 330006 35521 20% 11 29415 6892 11%
c 3 16.74 40 31 46 15989 330006 36384 20% 11 29415 6892 11%
c d 16.74 40 31 46 15989 330006 36358 20% 11 29415 6889 11%
c p 16.76 40 31 46 15989 330006 41384 20% 11 29415 6889 11%
c d 16.77 40 31 46 15989 330006 41367 20% 11 29415 6887 11%
c - 17.07 40 30 47 16831 338600 27659 20% 11 29415 6887 11%
c # 17.58 40 29 47 17775 351043 38243 20% 11 29415 6887 11%
c - 17.69 40 29 48 18006 353000 29659 20% 11 29415 6887 11%
c - 18.32 40 28 49 18684 367700 30661 20% 11 29415 6887 11%
c 
c  seconds  reductions        redundant   irredundant
c         MB      restarts           trail      variables
c          level       conflicts         glue        remaining
c 
c i 18.62 40 27 49 18696 374938 35643 19% 11 29415 6881 11%
c s 18.80 40 27 49 19349 377759 37990 19% 11 29409 6881 11%
c v 18.83 40 27 49 19349 377759 37990 19% 11 29378 6881 11%
c w 18.84 40 27 49 19349 377759 37981 19% 11 29378 6881 11%
c t 18.84 40 27 49 19349 377759 37974 19% 11 29378 6881 11%
c e 18.85 40 27 49 19349 377759 37922 19% 11 29357 6874 11%
c s 18.87 40 27 49 19349 377759 37803 19% 11 29357 6874 11%
c ^ 18.87 40 27 49 19349 377759 37803 19% 11 29357 6874 11%
c B 18.88 40 27 49 19422 378044 38062 19% 11 29357 6874 11%
c - 19.19 40 28 50 20059 382700 22417 20% 11 29357 6874 11%
c d 19.47 40 28 50 20641 390008 28856 20% 11 29357 6845 10%
c 3 19.47 40 28 50 20641 390008 32311 20% 11 29357 6845 10%
c 3 19.48 40 28 50 20641 390008 33154 20% 11 29357 6845 10%
c d 19.48 40 28 50 20641 390008 33089 20% 11 29357 6840 10%
c p 19.50 40 28 50 20641 390008 37894 20% 11 29357 6839 10%
c d 19.50 40 28 50 20641 390008 37740 20% 11 29354 6836 10%
c - 19.98 40 29 51 21764 398000 29870 25% 11 29354 6836 10%
c W 20.35 40 29 51 23111 406046 36610 22% 11 29354 6836 10%
c - 20.66 40 29 52 24174 413602 31212 21% 11 29354 6836 10%
c - 21.59 40 30 53 26188 429504 32812 23% 12 29354 6836 10%
c 
c  seconds  reductions        redundant   irredundant
c         MB      restarts           trail      variables
c          level       conflicts         glue        remaining
c 
c F 21.84 40 31 53 27216 435048 37772 23% 12 29354 6836 10%
c s 21.95 40 31 53 27379 436406 38554 23% 12 29337 6836 10%
c v 21.98 40 31 53 27379 436406 38554 23% 12 29306 6836 10%
c w 22.00 40 31 53 27379 436406 38542 23% 12 29306 6836 10%
c t 22.00 40 31 53 27379 436406 38528 23% 12 29306 6836 10%
c e 22.02 40 31 53 27379 436406 25823 23% 12 29541 6433 10%
c s 22.04 40 31 53 27379 436406 25629 23% 12 29536 6433 10%
c - 22.41 40 31 54 27993 445704 27381 22% 12 29536 6433 10%
c d 22.86 40 31 54 28864 455011 35576 22% 12 29536 6405 10%
c 3 22.86 40 31 54 28864 455011 39058 22% 12 29536 6405 10%
c 3 22.87 40 31 54 28864 455011 39852 22% 12 29536 6405 10%
c d 22.87 40 31 54 28864 455011 39813 22% 12 29536 6402 10%
c 2 22.88 40 31 54 28864 455011 39812 22% 12 29536 6402 10%
c p 22.89 40 31 54 28864 455011 43499 22% 12 29536 6402 10%
c d 22.89 40 31 54 28864 455011 43475 22% 12 29536 6399 10%
c - 23.14 40 31 55 29165 462205 30935 22% 12 29536 6399 10%
c B 23.27 40 31 55 29524 465049 33589 22% 12 29536 6399 10%
c - 23.67 40 29 56 29768 479006 31203 21% 12 29536 6399 10%
c W 24.55 40 30 56 32707 496053 46211 20% 12 29536 6399 10%
c - 24.56 40 30 57 32717 496107 33420 20% 12 29536 6399 10%
c 
c  seconds  reductions        redundant   irredundant
c         MB      restarts           trail      variables
c          level       conflicts         glue        remaining
c 
c s 24.94 40 31 57 33517 502374 38678 21% 12 29532 6399 10%
c v 24.98 40 31 57 33517 502374 38678 21% 12 29512 6399 10%
c w 24.99 40 31 57 33517 502374 38673 21% 12 29512 6399 10%
c t 24.99 40 31 57 33517 502374 38664 21% 12 29510 6399 10%
c e 24.99 40 31 57 33517 502374 38634 21% 12 29513 6394 10%
c s 25.01 40 31 57 33517 502374 38543 21% 12 29505 6394 10%
c } 25.32 40 31 57 34924 511010 46302 20% 12 29505 6394 10%
c [ 25.32 40 71 57 34924 511010 46302 39% 35 29505 6394 10%
c - 25.39 40 71 58 34924 513507 34931 39% 35 29505 6394 10%
c d 25.81 40 74 58 34924 525014 44822 39% 34 29505 6376 10%
c 3 25.81 40 74 58 34924 525014 48061 39% 34 29505 6376 10%
c 3 25.82 40 74 58 34924 525014 48847 39% 34 29505 6376 10%
c d 25.83 40 74 58 34924 525014 48819 39% 34 29505 6373 10%
c 2 25.83 40 74 58 34924 525014 48819 39% 34 29505 6372 10%
c p 25.84 40 74 58 34924 525014 52555 39% 34 29505 6372 10%
c d 25.85 40 74 58 34924 525014 52477 39% 34 29502 6370 10%
c d 25.85 40 74 58 34924 525014 52461 39% 34 29502 6367 10%
c W 26.15 48 74 58 34924 528055 55348 39% 34 29502 6367 10%
c - 26.24 40 72 59 34924 531208 34054 38% 34 29502 6367 10%
c - 26.96 40 68 60 34931 549208 33189 36% 32 29502 6367 10%
c 
c  seconds  reductions        redundant   irredundant
c         MB      restarts           trail      variables
c          level       conflicts         glue        remaining
c 
c I 27.39 40 66 60 34937 561056 43384 34% 32 29502 6367 10%
c - 27.65 42 66 61 34939 567509 32926 34% 32 29502 6367 10%
c s 27.80 42 65 61 34939 572973 37727 34% 32 29501 6367 10%
c v 27.83 42 65 61 34939 572973 37727 34% 32 29478 6367 10%
c w 27.84 42 65 61 34939 572973 37722 34% 32 29478 6367 10%
c t 27.84 42 65 61 34939 572973 37716 34% 32 29476 6367 10%
c e 27.84 42 65 61 34939 572973 37716 34% 32 29483 6358 10%
c s 27.85 42 65 61 34939 572973 37603 34% 32 29467 6358 10%
c - 28.54 42 67 62 34946 586109 33925 34% 31 29467 6358 10%
c B 28.97 42 66 62 34953 595058 42041 34% 32 29467 6358 10%
c d 29.21 42 66 62 34954 600016 46668 34% 31 29467 6355 10%
c 3 29.21 42 66 62 34954 600016 48875 34% 31 29467 6355 10%
c d 29.22 42 66 62 34954 600016 49724 34% 31 29467 6354 10%
c p 29.24 42 66 62 34954 600016 53629 34% 31 29467 6354 10%
c d 29.25 42 66 62 34954 600016 53624 34% 31 29467 6353 10%
c - 29.49 43 67 63 34954 605010 34607 34% 32 29467 6353 10%
c - 31.03 43 74 64 34956 624210 35756 35% 37 29467 6353 10%
c W 31.66 43 76 64 34961 630061 41181 35% 38 29467 6353 10%
c - 32.28 43 74 65 34968 643711 36502 34% 37 29467 6353 10%
c s 32.65 43 73 65 34969 648197 40761 35% 36 29467 6353 10%
c 
c  seconds  reductions        redundant   irredundant
c         MB      restarts           trail      variables
c          level       conflicts         glue        remaining
c 
c v 32.69 43 73 65 34969 648197 40761 35% 36 29450 6353 10%
c w 32.71 43 73 65 34969 648197 40758 35% 36 29450 6353 10%
c e 32.71 43 73 65 34969 648197 40722 35% 36 29451 6349 10%
c s 32.73 43 73 65 34969 648197 40695 35% 36 29449 6349 10%
c - 33.91 43 69 66 34976 663512 36681 35% 36 29449 6349 10%
c O 34.12 43 69 66 34977 666064 38941 35% 36 29449 6349 10%
c d 35.05 43 66 66 34984 680016 51936 35% 35 29449 6348 10%
c p 35.09 43 66 66 34984 680016 58733 35% 35 29449 6348 10%
c - 35.36 43 66 67 34985 683613 37948 35% 35 29449 6348 10%
c B 36.87 43 65 67 34986 703065 56147 35% 37 29449 6348 10%
c - 36.95 43 65 68 34986 704013 38429 35% 37 29449 6348 10%
c - 38.95 53 68 69 34987 724713 38287 36% 40 29449 6348 10%
c s 39.34 53 68 69 34987 727889 41209 37% 40 29448 6348 10%
c v 39.38 53 68 69 34987 727889 41209 37% 40 29413 6348 10%
c w 39.40 53 68 69 34987 727889 41189 37% 40 29413 6348 10%
c e 39.41 53 68 69 34987 727889 41187 37% 40 29410 6345 10%
c s 39.42 53 68 69 34987 727889 41140 37% 40 29408 6345 10%
c W 41.35 53 68 69 34988 741066 53086 37% 42 29408 6345 10%
c - 41.78 54 68 70 34988 745716 40375 37% 42 29408 6345 10%
c d 44.03 54 69 70 34988 765017 58601 38% 43 29408 6335 10%
c 
c  seconds  reductions        redundant   irredundant
c         MB      restarts           trail      variables
c          level       conflicts         glue        remaining
c 
c p 44.09 54 69 70 34988 765017 65355 38% 43 29408 6335 10%
c - 44.35 55 69 71 34988 767017 41395 39% 44 29408 6335 10%
c I 45.67 55 69 71 34988 780068 53315 39% 44 29408 6335 10%
c - 46.46 54 69 72 34988 788617 41160 39% 44 29408 6335 10%
c - 48.47 47 68 73 34991 810518 41973 40% 44 29408 6335 10%
c s 48.65 47 68 73 34992 811967 43240 40% 44 29408 6335 10%
c v 48.69 47 68 73 34992 811967 43240 40% 44 29278 6335 10%
c w 48.70 47 68 73 34992 811967 43238 40% 44 29278 6335 10%
c s 48.73 47 68 73 34992 811967 43213 40% 44 29278 6335 10%
c ^ 48.73 47 68 73 34992 811967 43213 40% 44 29278 6335 10%
c B 49.50 47 68 73 34996 820069 50551 40% 44 29278 6335 10%
c - 50.63 57 68 74 35003 832718 41287 40% 45 29278 6335 10%
c p 52.66 57 67 74 35013 855017 68184 40% 44 29278 6335 10%
c - 52.70 57 67 75 35013 855220 42210 40% 44 29278 6335 10%
c W 53.44 57 67 75 35016 861070 47602 40% 44 29278 6335 10%
c - 54.67 57 68 76 35019 878020 42220 40% 44 29278 6335 10%
c s 56.46 57 69 76 35026 900305 62833 39% 45 29278 6335 10%
c v 56.51 57 69 76 35026 900305 62833 39% 45 29245 6335 10%
c w 56.53 57 69 76 35026 900305 62828 39% 45 29245 6335 10%
c e 56.55 57 69 76 35026 900305 51041 39% 45 29681 6117  9%
c 
c  seconds  reductions        redundant   irredundant
c         MB      restarts           trail      variables
c          level       conflicts         glue        remaining
c 
c s 56.58 57 69 76 35026 900305 51016 39% 45 29650 6117  9%
c - 56.75 57 69 77 35026 901121 35736 41% 45 29650 6117  9%
c O 56.90 57 69 77 35027 903073 37455 40% 46 29650 6117  9%
c - 58.05 57 65 78 35035 924522 40451 36% 42 29650 6117  9%
c B 59.49 57 65 78 35048 946074 60775 38% 41 29650 6117  9%
c - 59.68 57 66 79 35048 948225 42776 38% 42 29650 6117  9%
c 2 59.83 57 66 79 35049 950020 47403 39% 42 29649 6117  9%
c p 59.84 57 66 79 35049 950020 51205 39% 42 29649 6117  9%
c - 61.60 65 68 80 35050 972225 43365 40% 43 29649 6117  9%
c W 63.39 65 69 80 35051 990075 60051 41% 44 29649 6117  9%
c s 64.02 65 69 80 35051 995946 65267 41% 44 29649 6117  9%
c v 64.07 65 69 80 35051 995946 65267 41% 44 29634 6117  9%
c w 64.11 65 69 80 35051 995946 65262 41% 44 29634 6117  9%
c t 64.11 65 69 80 35051 995946 65262 41% 44 29631 6117  9%
c e 64.12 65 69 80 35051 995946 65150 41% 44 29632 6116  9%
c s 64.14 65 69 80 35051 995946 65108 41% 44 29632 6116  9%
c ^ 64.15 65 69 80 35051 995946 65108 41% 44 29632 6116  9%
c - 64.23 65 69 81 35051 996525 45973 41% 44 29632 6116  9%
c - 66.50 65 69 82 35060 1021125 45045 42% 45 29632 6116  9%
c ] 66.62 65 69 82 35061 1023010 46773 42% 45 29632 6116  9%
c 
c  seconds  reductions         redundant   irredundant
c         MB      restarts            trail      variables
c          level        conflicts         glue        remaining
c 
c { 66.62 65 31 82 35061 1023010 46773 23% 12 29632 6116  9%
c # 67.23 65 31 82 36901 1035077 57406 23% 12 29632 6116  9%
c - 67.99 36 31 83 37887 1046028 44983 23% 12 29632 6116  9%
c d 68.12 36 31 83 38315 1050021 48359 23% 12 29632 6114  9%
c 3 68.12 36 31 83 38315 1050021 50422 23% 12 29632 6114  9%
c d 68.13 36 31 83 38315 1050021 51018 23% 12 29632 6112  9%
c p 68.15 36 31 83 38315 1050021 54682 23% 12 29632 6112  9%
c - 68.89 40 29 84 40628 1071228 45393 22% 12 29632 6112  9%
c B 69.26 40 29 84 41585 1081079 53933 22% 12 29632 6112  9%
c s 70.09 40 30 84 43335 1096112 65029 22% 13 29628 6112  9%
c v 70.13 40 30 84 43335 1096112 65029 22% 13 29618 6112  9%
c w 70.16 40 30 84 43335 1096112 65020 22% 13 29618 6112  9%
c t 70.16 40 30 84 43335 1096112 65019 22% 13 29618 6112  9%
c e 70.17 40 30 84 43335 1096112 53685 22% 13 30612 5786  9%
c s 70.21 40 30 84 43335 1096112 53527 22% 13 30463 5786  9%
c e 70.22 40 30 84 43335 1096112 52869 22% 13 30467 5785  9%
c - 70.30 40 30 85 43462 1096728 38081 22% 13 30467 5785  9%
c - 71.30 40 29 86 44242 1122528 44242 21% 12 30467 5785  9%
c W 71.81 40 28 86 44980 1128081 48752 21% 12 30467 5785  9%
c - 72.74 40 29 87 47500 1148628 47485 21% 13 30467 5785  9%
c 
c  seconds  reductions         redundant   irredundant
c         MB      restarts            trail      variables
c          level        conflicts         glue        remaining
c 
c d 72.99 40 28 87 47504 1155021 52408 21% 12 30467 5777  9%
c 3 73.00 40 28 87 47504 1155021 54492 21% 12 30467 5777  9%
c 2 73.01 40 28 87 47504 1155021 54838 21% 12 30467 5777  9%
c p 73.03 40 28 87 47504 1155021 57289 21% 12 30467 5777  9%
c d 73.03 40 28 87 47504 1155021 57282 21% 12 30467 5776  9%
c - 74.01 41 27 88 48826 1175028 48743 22% 12 30467 5776  9%
c F 74.05 41 27 88 48883 1176082 49703 21% 12 30467 5776  9%
c - 75.22 41 27 89 51720 1201728 52372 21% 12 30467 5776  9%
c s 75.38 41 27 89 51747 1206370 54279 21% 12 30464 5776  9%
c v 75.43 41 27 89 51747 1206370 54279 21% 12 30445 5776  9%
c w 75.45 41 27 89 51747 1206370 54267 21% 12 30445 5776  9%
c t 75.46 41 27 89 51747 1206370 54267 21% 12 30442 5776  9%
c e 75.46 41 27 89 51747 1206370 54060 21% 12 30460 5771  9%
c s 75.49 41 27 89 51747 1206370 53889 21% 12 30453 5771  9%
c B 76.28 41 26 89 52384 1225085 68696 21% 12 30453 5771  9%
c - 76.54 41 26 90 52791 1228730 49853 21% 12 30453 5771  9%
c - 77.89 41 27 91 55344 1256030 51212 21% 12 30453 5771  9%
c d 78.31 41 27 91 55784 1265021 58788 20% 12 30453 5769  9%
c 3 78.32 41 27 91 55784 1265021 60787 20% 12 30453 5769  9%
c 2 78.33 41 27 91 55784 1265021 60785 20% 12 30453 5769  9%
c 
c  seconds  reductions         redundant   irredundant
c         MB      restarts            trail      variables
c          level        conflicts         glue        remaining
c 
c p 78.35 41 27 91 55784 1265021 63279 20% 12 30453 5769  9%
c W 79.28 41 26 91 56612 1275088 71943 20% 12 30453 5769  9%
c - 79.65 41 27 92 57989 1283630 52655 20% 12 30453 5769  9%
c - 80.94 41 26 93 60278 1311530 53523 20% 12 30453 5769  9%
c s 81.28 41 26 93 60569 1321556 60328 20% 12 30447 5769  9%
c v 81.32 41 26 93 60569 1321556 60328 20% 12 30424 5769  9%
c w 81.34 41 26 93 60569 1321556 60320 20% 12 30424 5769  9%
c t 81.34 41 26 93 60569 1321556 60318 20% 12 30424 5769  9%
c e 81.35 41 26 93 60569 1321556 59946 20% 12 30440 5765  9%
c s 81.39 41 26 93 60569 1321556 59826 20% 12 30440 5765  9%
c ^ 81.39 41 26 93 60569 1321556 59826 20% 12 30440 5765  9%
c # 81.54 41 25 93 61218 1326091 63461 19% 12 30440 5765  9%
c - 82.38 41 27 94 62554 1339731 53703 20% 12 30440 5765  9%
c - 83.85 41 27 95 64941 1368231 54889 20% 13 30440 5765  9%
c B 84.26 41 27 95 65342 1378092 63320 20% 13 30440 5765  9%
c d 84.33 41 27 95 65795 1380026 64997 20% 13 30440 5760  9%
c 3 84.34 41 27 95 65795 1380026 66443 20% 13 30440 5760  9%
c p 84.36 41 27 95 65795 1380026 69338 20% 13 30440 5760  9%
c d 84.36 41 27 95 65795 1380026 69330 20% 13 30440 5759  9%
c - 85.04 41 27 96 68223 1397032 55236 20% 13 30440 5759  9%
c 
c  seconds  reductions         redundant   irredundant
c         MB      restarts            trail      variables
c          level        conflicts         glue        remaining
c 
c - 86.24 41 26 97 69252 1426133 54263 19% 13 30440 5759  9%
c W 86.84 41 26 97 69256 1431093 57677 19% 13 30440 5759  9%
c s 87.36 41 25 97 69805 1441586 66216 19% 12 30435 5759  9%
c v 87.40 41 25 97 69805 1441586 66216 19% 12 30424 5759  9%
c w 87.43 41 25 97 69805 1441586 66213 19% 12 30424 5759  9%
c t 87.43 41 25 97 69805 1441586 66212 19% 12 30424 5759  9%
c e 87.45 41 25 97 69805 1441586 17425 19% 12 38278 4490  7%
c s 87.49 41 25 97 69805 1441586 17348 19% 12 38113 4490  7%
c e 87.49 41 25 97 69805 1441586 17347 19% 12 38121 4489  7%
c - 87.96 41 27 98 72000 1455533 26253 24% 13 38121 4489  7%
c F 88.90 41 27 98 73950 1485094 51995 21% 13 38121 4489  7%
c - 88.92 43 27 99 73952 1485237 42350 21% 13 38121 4489  7%
c d 89.50 43 27 99 75931 1500026 55086 21% 13 38121 4488  7%
c 3 89.51 43 27 99 75931 1500026 56826 21% 13 38121 4488  7%
c 2 89.52 43 27 99 75931 1500026 56990 21% 13 38120 4488  7%
c p 89.54 43 27 99 75931 1500026 58932 21% 13 38120 4488  7%
c - 90.08 43 26 100 76826 1515237 46093 21% 13 38120 4488  7%
c B 91.16 43 27 100 79234 1540095 67463 22% 13 38120 4488  7%
c - 91.36 43 27 101 79441 1545538 48611 22% 13 38120 4488  7%
c - 93.06 43 29 102 81971 1576143 51526 23% 13 38120 4488  7%
c 
c  seconds   reductions         redundant   irredundant
c         MB       restarts            trail      variables
c          level         conflicts         glue        remaining
c 
c W 94.74 43 30 102 84891 1596096 68963 24% 13 38120 4488  7%
c s 95.17 43 30 102 85403 1602065 73330 24% 13 38105 4488  7%
c v 95.24 43 30 102 85403 1602065 73330 24% 13 38046 4488  7%
c w 95.28 43 30 102 85403 1602065 73298 24% 13 38046 4488  7%
c t 95.28 43 30 102 85403 1602065 73296 24% 13 38044 4488  7%
c e 95.29 43 30 102 85403 1602065 68956 24% 13 38148 4473  7%
c s 95.38 43 30 102 85403 1602065 68756 24% 13 38146 4473  7%
c - 95.73 43 31 103 85779 1607043 53835 24% 13 38146 4473  7%
c d 96.54 43 31 103 87016 1625026 69232 24% 13 38146 4471  7%
c 3 96.54 43 31 103 87016 1625026 70122 24% 13 38146 4471  7%
c p 96.57 43 31 103 87016 1625026 72343 24% 13 38146 4471  7%
c - 97.07 43 30 104 89192 1638243 53438 23% 14 38146 4471  7%
c # 97.61 43 30 104 89799 1653098 66273 23% 13 38146 4471  7%
c - 98.33 44 29 105 90804 1669744 54522 24% 13 38146 4471  7%
c - 99.40 44 27 106 92239 1701545 54714 23% 13 38146 4471  7%
c B 99.60 44 26 106 92329 1711099 61986 22% 13 38146 4471  7%
c - 101.00 44 28 107 95014 1733646 55122 23% 13 38146 4471  7%
c i 101.19 44 27 107 95042 1741437 61077 23% 13 38146 4470  7%
c 3 101.76 44 27 107 96647 1755026 72975 23% 13 38146 4470  7%
c 2 101.77 44 27 107 96647 1755026 73232 23% 13 38146 4470  7%
c 
c  seconds    reductions         redundant   irredundant
c          MB       restarts            trail      variables
c           level         conflicts         glue        remaining
c 
c p 101.78 44 27 107 96647 1755026 75076 23% 13 38146 4470  7%
c - 102.31 44 28 108 98680 1766046 49146 23% 13 38143 4470  7%
c s 102.45 44 27 108 98755 1769045 51326 23% 13 38109 4470  7%
c v 102.50 44 27 108 98755 1769045 51326 23% 13 38099 4470  7%
c w 102.53 44 27 108 98755 1769045 51313 23% 13 38099 4470  7%
c t 102.53 44 27 108 98755 1769045 51312 23% 13 38099 4470  7%
c e 102.53 44 27 108 98755 1769045 51306 23% 13 38107 4469  7%
c s 102.59 44 27 108 98755 1769045 51192 23% 13 38104 4469  7%
c W 103.26 44 27 108 98755 1770101 51998 23% 13 38104 4469  7%
c - 104.21 44 27 109 101003 1798746 54283 22% 13 38104 4469  7%
c F 105.02 44 25 109 102798 1830103 78936 23% 13 38104 4469  7%
c - 105.17 44 25 110 103007 1831746 53580 23% 13 38104 4469  7%
c - 106.41 44 25 111 104334 1865047 55891 23% 13 38104 4469  7%
c 3 107.67 44 26 111 105756 1890026 77609 23% 13 38104 4469  7%
c p 107.72 44 26 111 105756 1890026 79808 23% 13 38104 4469  7%
c B 107.81 44 27 111 105821 1891106 80810 23% 13 38104 4469  7%
c - 108.16 50 27 112 107413 1898647 57440 23% 13 38104 4469  7%
c - 109.36 50 26 113 109785 1932548 56540 23% 13 38104 4469  7%
c s 109.71 50 25 113 109983 1942193 64251 22% 13 38096 4469  7%
c v 109.77 50 25 113 109983 1942193 64251 22% 13 38076 4469  7%
c 
c  seconds    reductions          redundant   irredundant
c          MB       restarts             trail      variables
c           level          conflicts         glue        remaining
c 
c w 109.80 50 25 113 109983 1942193 64246 22% 13 38076 4469  7%
c e 109.81 50 25 113 109983 1942193 64224 22% 13 38083 4468  7%
c s 109.86 50 25 113 109983 1942193 64187 22% 13 38080 4468  7%
c e 109.87 50 25 113 109983 1942193 64155 22% 13 38084 4467  7%
c W 111.15 50 25 113 111085 1953108 73136 22% 13 38084 4467  7%
c - 111.83 50 26 114 112412 1966749 57501 22% 13 38084 4467  7%
c - 113.15 50 26 115 115575 2001249 58001 22% 14 38084 4467  7%
c # 114.14 50 27 115 117045 2016109 71355 23% 14 38084 4467  7%
c p 114.79 50 27 115 117665 2030029 86475 23% 14 38084 4467  7%
c - 115.00 57 27 116 118005 2036049 59811 22% 14 38084 4467  7%
c } 115.34 57 26 116 118176 2047011 68659 22% 14 38084 4467  7%
c [ 115.34 57 69 116 118176 2047011 68659 57% 45 38084 4467  7%
c - 116.98 57 67 117 118187 2071149 61199 54% 43 38084 4467  7%
c I 117.56 57 65 117 118191 2080111 69745 52% 41 38084 4467  7%
c - 118.85 60 62 118 118197 2106549 60439 47% 38 38084 4467  7%
c s 119.36 60 56 118 118203 2121518 71989 43% 36 38080 4467  7%
c v 119.43 60 56 118 118203 2121518 71989 43% 36 37994 4467  7%
c w 119.47 60 56 118 118203 2121518 71988 43% 36 37994 4467  7%
c s 119.52 60 56 118 118203 2121518 71948 43% 36 37994 4467  7%
c ^ 119.53 60 56 118 118203 2121518 71948 43% 36 37994 4467  7%
c 
c  seconds    reductions          redundant   irredundant
c          MB       restarts             trail      variables
c           level          conflicts         glue        remaining
c 
c - 121.05 60 56 119 118212 2142249 59391 44% 36 37994 4467  7%
c B 121.28 60 56 119 118212 2145112 62013 44% 36 37994 4467  7%
c 3 124.02 60 55 119 118227 2175029 89130 45% 36 37994 4467  7%
c p 124.07 60 55 119 118227 2175029 91484 45% 36 37994 4466  7%
c - 124.43 60 55 120 118227 2178251 61366 45% 36 37994 4466  7%
c W 127.82 60 53 120 118229 2211113 91328 46% 35 37994 4466  7%
c - 128.05 73 52 121 118229 2214553 62441 46% 35 37994 4466  7%
c - 131.01 60 48 122 118230 2251154 61885 46% 34 37994 4466  7%
c O 133.37 60 45 122 118230 2278116 85182 45% 33 37994 4466  7%
c - 133.91 75 44 123 118230 2288058 64598 44% 32 37994 4466  7%
c s 134.95 75 43 123 118231 2306824 82367 42% 30 37994 4466  7%
c v 135.02 75 43 123 118231 2306824 82367 42% 30 37993 4466  7%
c w 135.07 75 43 123 118231 2306824 82358 42% 30 37993 4466  7%
c e 135.11 75 43 123 118231 2306824 26436 42% 30 45620 3842  6%
c s 135.16 75 43 123 118231 2306824 26275 42% 30 45407 3842  6%
c 3 135.83 60 41 123 118231 2325030 43618 20% 29 45407 3842  6%
c p 135.85 60 41 123 118231 2325030 45381 20% 29 45407 3842  6%
c - 135.88 60 41 124 118231 2325260 31973 20% 29 45407 3842  6%
c B 136.73 60 40 124 118231 2346117 47937 20% 28 45407 3842  6%
c - 137.69 67 46 125 118231 2362760 49259 28% 30 45407 3842  6%
c 
c  seconds    reductions          redundant   irredundant
c          MB       restarts             trail      variables
c           level          conflicts         glue        remaining
c 
c - 140.72 67 57 126 118231 2400560 57433 36% 35 45407 3842  6%
c W 143.14 67 60 126 118231 2415118 70867 37% 36 45407 3842  6%
c - 145.64 83 63 127 118238 2438660 60981 39% 40 45407 3842  6%
c - 149.78 83 66 128 118255 2477060 62622 41% 43 45407 3842  6%
c p 150.07 83 66 128 118257 2480038 67259 41% 43 45407 3842  6%
c I 150.52 83 66 128 118260 2485119 71928 41% 43 45407 3842  6%
c - 152.23 83 72 129 118265 2515761 63720 42% 43 45407 3842  6%
c s 152.63 83 69 129 118272 2527731 72443 40% 42 45388 3842  6%
c v 152.73 83 69 129 118272 2527731 72443 40% 42 45369 3842  6%
c w 152.79 83 69 129 118272 2527731 72421 40% 42 45369 3842  6%
c t 152.79 83 69 129 118272 2527731 72421 40% 42 45359 3842  6%
c e 152.80 83 69 129 118272 2527731 72405 40% 42 45384 3840  6%
c s 152.90 83 69 129 118272 2527731 72320 40% 42 45374 3840  6%
c e 152.91 83 69 129 118272 2527731 72318 40% 42 45378 3839  6%
c - 153.65 67 59 130 118284 2554761 59695 36% 38 45378 3839  6%
c B 153.69 67 59 130 118284 2556120 60795 35% 38 45378 3839  6%
c - 156.21 69 65 131 118293 2594061 61540 38% 41 45378 3839  6%
c W 160.17 69 70 131 118294 2628121 93965 41% 45 45378 3839  6%
c - 160.88 88 70 132 118298 2633662 65080 41% 45 45378 3839  6%
c p 161.43 88 70 132 118301 2640038 73212 42% 45 45378 3839  6%
c 
c  seconds    reductions          redundant   irredundant
c          MB       restarts             trail      variables
c           level          conflicts         glue        remaining
c 
c - 164.17 69 68 133 118316 2673562 64226 44% 45 45378 3839  6%
c O 166.80 69 65 133 118325 2701123 87841 45% 44 45378 3839  6%
c - 167.40 85 62 134 118327 2713762 63886 44% 41 45378 3839  6%
c - 169.84 85 64 135 118347 2754262 65126 43% 40 45378 3839  6%
c s 170.07 85 64 135 118347 2755776 66265 44% 40 45378 3839  6%
c v 170.16 85 64 135 118347 2755776 66265 44% 40 45246 3839  6%
c w 170.19 85 64 135 118347 2755776 66257 44% 40 45246 3839  6%
c e 170.21 85 64 135 118347 2755776 65324 44% 40 45356 3829  6%
c s 170.29 85 64 135 118347 2755776 65282 44% 40 45293 3829  6%
c B 171.75 85 64 135 118355 2775124 83072 44% 40 45293 3829  6%
c - 173.55 85 66 136 118356 2795065 66042 46% 43 45293 3829  6%
c p 174.59 85 67 136 118357 2805040 77141 46% 44 45293 3829  6%
c - 178.20 103 68 137 118358 2836166 66087 47% 46 45293 3829  6%
c W 180.64 103 68 137 118358 2850127 78458 48% 47 45293 3829  6%
c - 183.75 58 67 138 118358 2877569 67733 48% 47 45293 3829  6%
c - 189.44 76 67 139 118372 2919269 67984 48% 48 45293 3829  6%
c I 190.45 76 67 139 118373 2926130 73566 48% 49 45293 3829  6%
c - 193.73 95 69 140 118388 2961269 68775 48% 50 45293 3829  6%
c p 195.03 95 70 140 118389 2975042 83485 48% 50 45293 3829  6%
c B 197.81 95 67 140 118403 3003131 109848 47% 48 45293 3829  6%
c 
c  seconds     reductions          redundant   irredundant
c           MB       restarts             trail      variables
c            level          conflicts         glue        remaining
c 
c - 197.92 114 67 141 118403 3003570 70823 47% 48 45293 3829  6%
c - 201.68 95 68 142 118420 3046172 67103 48% 48 45293 3829  6%
c W 205.57 95 68 142 118421 3081132 98914 48% 48 45293 3829  6%
c - 206.30 96 68 143 118421 3089074 69243 48% 48 45293 3829  6%
c - 210.70 96 70 144 118439 3132279 70386 48% 50 45293 3829  6%
c p 212.43 96 71 144 118450 3150043 88110 48% 50 45293 3829  6%
c O 213.58 96 71 144 118451 3160135 96837 48% 51 45293 3829  6%
c - 214.46 96 65 145 118452 3175780 71422 45% 46 45293 3829  6%
c - 218.02 96 59 146 118473 3219581 69942 45% 41 45293 3829  6%
c B 219.83 96 57 146 118482 3240137 88465 45% 39 45293 3829  6%
c - 221.66 96 64 147 118484 3263681 71927 45% 42 45293 3829  6%
c - 226.23 111 71 148 118485 3308085 71267 45% 48 45293 3829  6%
c W 228.61 111 72 148 118485 3321143 82989 45% 49 45293 3829  6%
c p 229.35 111 71 148 118485 3330043 93483 45% 47 45293 3829  6%
c - 231.32 111 72 149 118485 3352785 75103 46% 48 45293 3829  6%
c - 236.15 111 70 150 118486 3397785 74609 46% 49 45293 3829  6%
c I 236.76 111 70 150 118486 3403146 79547 46% 49 45293 3829  6%
c - 239.87 61 66 151 118486 3443085 76387 44% 46 45293 3829  6%
c B 244.31 61 63 151 118486 3486150 116747 43% 44 45293 3829  6%
c - 244.64 83 63 152 118486 3488687 78035 43% 44 45293 3829  6%
c 
c  seconds    reductions          redundant    irredundant
c          MB       restarts              trail      variables
c           level          conflicts          glue        remaining
c 
c p 247.60 83 64 152 118487 3515044 104450 43% 46 45293 3829  6%
c - 250.11 83 63 153 118487 3534588 78708 43% 46 45293 3829  6%
c W 254.22 83 71 153 118487 3570152 112131 44% 47 45293 3829  6%
c - 255.09 65 71 154 118487 3580789 77348 44% 46 45293 3829  6%
c - 259.72 87 73 155 118487 3627289 77596 46% 46 45293 3829  6%
c O 263.15 87 73 155 118487 3655153 104422 46% 47 45293 3829  6%
c - 264.61 88 66 156 118487 3674089 81981 45% 42 45293 3829  6%
c p 267.53 88 58 156 118487 3705045 113738 45% 37 45293 3829  6%
c - 269.13 84 56 157 118487 3721190 78843 45% 36 45293 3829  6%
c B 270.81 84 53 157 118487 3741155 96313 44% 34 45293 3829  6%
c - 273.07 84 60 158 118493 3768590 77000 45% 37 45293 3829  6%
c - 278.56 85 65 159 118516 3816292 78380 46% 42 45293 3829  6%
c W 281.33 85 66 159 118518 3828157 89063 47% 44 45293 3829  6%
c - 285.58 105 69 160 118531 3864293 78570 47% 47 45293 3829  6%
c p 290.01 105 70 160 118547 3900048 109499 48% 51 45293 3829  6%
c - 291.80 105 70 161 118549 3912593 77603 48% 51 45293 3829  6%
c I 292.18 105 70 161 118549 3916158 80649 48% 50 45293 3829  6%
c - 296.09 105 68 162 118551 3961193 79903 48% 47 45293 3829  6%
c s 296.19 105 68 162 118551 3961193 79226 48% 47 45291 3829  6%
c v 296.45 105 68 162 118551 3961193 79226 48% 47 44736 3829  6%
c 
c  seconds     reductions          redundant   irredundant
c           MB       restarts             trail      variables
c            level          conflicts         glue        remaining
c 
c w 296.58 105 68 162 118551 3961193 79189 48% 47 44736 3829  6%
c e 296.60 105 68 162 118551 3961193 76565 48% 47 44983 3807  6%
c s 296.69 105 68 162 118551 3961193 76370 48% 47 44930 3807  6%
c e 296.70 105 68 162 118551 3961193 76360 48% 47 44946 3806  6%
c B 300.84 105 63 162 118572 4005159 116144 47% 44 44946 3806  6%
c - 301.34 105 64 163 118575 4010096 80818 47% 43 44946 3806  6%
c - 306.06 105 64 164 118591 4059296 80359 46% 44 44946 3806  6%
c ] 309.67 105 65 164 118608 4095011 112923 46% 44 44946 3806  6%
c { 309.67 105 26 164 118608 4095011 112923 26% 14 44946 3806  6%
c B 309.71 105 26 164 118638 4095161 113067 26% 14 44946 3806  6%
c d 310.14 105 26 164 118856 4100048 117320 25% 14 44946 3804  6%
c p 310.20 105 26 164 118856 4100048 119994 25% 14 44946 3804  6%
c - 310.59 105 26 165 119183 4108798 79756 25% 14 44946 3804  6%
c - 312.19 105 24 166 120003 4158599 74917 24% 13 44946 3804  6%
c W 313.96 105 23 166 120354 4186164 98412 23% 13 44946 3804  6%
c s 315.62 105 24 166 121611 4203399 112761 23% 13 44932 3804  6%
c w 315.79 105 24 166 121611 4203399 112746 23% 13 44932 3804  6%
c t 315.79 105 24 166 121611 4203399 112745 23% 13 44932 3804  6%
c s 315.92 105 24 166 121611 4203399 112617 23% 13 44932 3804  6%
c - 316.19 57 24 167 121882 4208701 78046 23% 13 44932 3804  6%
c 
c  seconds    reductions          redundant   irredundant
c          MB       restarts             trail      variables
c           level          conflicts         glue        remaining
c 
c - 319.28 67 25 168 126393 4259102 79591 23% 13 44932 3804  6%
c F 320.24 67 24 168 127522 4278168 96061 23% 13 44932 3804  6%
c p 322.03 67 24 168 130113 4305049 121794 23% 13 44932 3804  6%
c - 322.46 67 25 169 130447 4309803 83245 23% 13 44932 3804  6%
c - 325.01 67 25 170 135494 4360803 85371 23% 13 44932 3804  6%
c B 325.65 67 26 170 136447 4371169 94516 24% 13 44932 3804  6%
c - 327.77 75 25 171 139553 4412104 85855 23% 13 44932 3804  6%
c s 329.52 75 24 171 140092 4452750 119691 24% 12 44926 3804  6%
c v 329.60 75 24 171 140092 4452750 119691 24% 12 44925 3804  6%
c w 329.66 75 24 171 140092 4452750 119673 24% 12 44925 3804  6%
c s 329.78 75 24 171 140092 4452750 119556 24% 12 44925 3804  6%
c - 331.30 75 25 172 141757 4463704 87487 24% 13 44925 3804  6%
c W 332.48 75 25 172 142033 4465172 88873 24% 13 44925 3804  6%
c 3 335.05 75 26 172 148064 4515049 131591 23% 13 44925 3804  6%
c 3 335.05 75 26 172 148064 4515049 131886 23% 13 44925 3804  6%
c p 335.12 75 26 172 148064 4515049 133221 23% 13 44925 3804  6%
c - 335.17 75 26 173 148069 4515605 87108 23% 13 44925 3804  6%
c # 338.52 75 28 173 152765 4560175 126845 24% 13 44925 3804  6%
c - 339.05 75 28 174 153165 4567805 88965 24% 13 44925 3804  6%
c - 341.72 75 25 175 155899 4620307 88310 23% 13 44925 3804  6%
c 
c  seconds    reductions          redundant    irredundant
c          MB       restarts              trail      variables
c           level          conflicts          glue        remaining
c 
c B 343.42 75 24 175 158708 4656178 117546 23% 13 44925 3804  6%
c - 344.76 75 25 176 160012 4673107 88662 23% 13 44925 3804  6%
c s 346.49 75 25 176 163015 4709210 118962 24% 13 44919 3804  6%
c v 346.59 75 25 176 163015 4709210 118962 24% 13 44808 3804  6%
c w 346.67 75 25 176 163015 4709210 118953 24% 13 44808 3804  6%
c t 346.67 75 25 176 163015 4709210 118951 24% 13 44808 3804  6%
c e 346.68 75 25 176 163015 4709210 116396 24% 13 44912 3791  6%
c s 346.81 75 25 176 163015 4709210 116237 24% 13 44892 3791  6%
c - 347.71 75 25 177 164882 4726210 88982 23% 14 44892 3791  6%
c 3 347.83 75 25 177 164934 4730049 93084 23% 13 44892 3791  6%
c 3 347.84 75 25 177 164934 4730049 93404 23% 13 44892 3791  6%
c p 347.88 75 25 177 164934 4730049 94753 23% 13 44892 3791  6%
c W 349.93 75 25 177 165803 4753182 114391 24% 13 44892 3791  6%
c - 351.27 77 24 178 166812 4779612 90195 23% 13 44892 3791  6%
c - 353.41 77 22 179 171083 4833312 88466 23% 13 44892 3791  6%
c F 354.13 77 21 179 171468 4851183 103381 23% 13 44892 3791  6%
c - 355.07 77 21 180 179282 4887312 89007 22% 13 44892 3791  6%
c - 357.71 77 23 181 182264 4941613 90985 22% 13 44892 3791  6%
c 3 358.15 77 23 181 182550 4950050 98833 22% 13 44892 3791  6%
c 2 358.17 77 23 181 182550 4950050 99194 22% 13 44892 3791  6%
c 
c  seconds    reductions          redundant    irredundant
c          MB       restarts              trail      variables
c           level          conflicts          glue        remaining
c 
c p 358.19 77 23 181 182550 4950050 100459 22% 13 44892 3791  6%
c B 358.21 77 23 181 182550 4950184 100553 22% 13 44892 3791  6%
c s 359.41 77 23 181 184907 4973083 119564 22% 13 44884 3791  6%
c v 359.50 77 23 181 184907 4973083 119564 22% 13 44884 3791  6%
c w 359.57 77 23 181 184907 4973083 119550 22% 13 44884 3791  6%
c t 359.58 77 23 181 184907 4973083 119549 22% 13 44884 3791  6%
c s 359.71 77 23 181 184907 4973083 119424 22% 13 44875 3791  6%
c - 361.10 77 24 182 186445 4996213 93892 22% 13 44875 3791  6%
c W 365.42 77 25 182 191412 5050187 140041 23% 14 44875 3791  6%
c - 365.59 77 26 183 191525 5051114 94528 23% 14 44875 3791  6%
c - 368.83 78 27 184 196975 5106314 96723 23% 14 44875 3791  6%
c # 371.64 78 27 184 201708 5151189 135006 23% 14 44875 3791  6%
c - 371.93 78 27 185 201920 5161815 97423 23% 14 44875 3791  6%
c 3 372.25 78 25 185 202045 5175052 108730 23% 14 44875 3791  6%
c p 372.28 78 25 185 202045 5175052 109886 23% 14 44875 3791  6%
c - 373.96 78 24 186 205265 5217620 93224 23% 14 44875 3791  6%
c s 375.28 78 24 186 206417 5244043 115241 23% 13 44860 3791  6%
c v 375.37 78 24 186 206417 5244043 115241 23% 13 44859 3791  6%
c w 375.43 78 24 186 206417 5244043 115231 23% 13 44859 3791  6%
c e 375.44 78 24 186 206417 5244043 114918 23% 13 44891 3789  6%
c 
c  seconds    reductions          redundant    irredundant
c          MB       restarts              trail      variables
c           level          conflicts          glue        remaining
c 
c s 375.56 78 24 186 206417 5244043 114875 23% 13 44883 3789  6%
c B 376.00 78 23 186 206843 5253192 122051 23% 13 44883 3789  6%
c - 377.50 78 25 187 208931 5273720 94480 23% 14 44883 3789  6%
c - 380.07 78 24 188 211939 5330120 97127 22% 14 44883 3789  6%
c W 381.89 78 24 188 212949 5356198 119182 22% 13 44883 3789  6%
c - 382.97 78 23 189 215320 5386824 93974 22% 14 44883 3789  6%
c p 384.00 78 24 189 217794 5405053 111844 22% 14 44883 3789  6%
c - 386.28 78 25 190 221505 5443824 98056 23% 14 44883 3789  6%
c F 386.77 78 25 190 223142 5460201 111091 22% 14 44883 3789  6%
c - 388.64 78 24 191 224579 5501124 97631 24% 14 44883 3789  6%
c s 389.72 78 24 191 225732 5522216 115842 24% 14 44877 3789  6%
c v 389.81 78 24 191 225732 5522216 115842 24% 14 44847 3789  6%
c w 389.88 78 24 191 225732 5522216 115837 24% 14 44847 3789  6%
c e 389.89 78 24 191 225732 5522216 114277 24% 14 44926 3778  6%
c s 390.03 78 24 191 225732 5522216 114209 24% 14 44916 3778  6%
c - 392.59 80 26 192 228173 5558724 100712 24% 14 44916 3778  6%
c B 392.93 80 26 192 229381 5565202 106694 25% 14 44916 3778  6%
c - 395.46 80 25 193 232028 5616624 101149 23% 14 44916 3778  6%
c 3 396.61 80 25 193 232809 5640053 122290 23% 13 44916 3778  6%
c 2 396.62 80 25 193 232809 5640053 122289 23% 13 44916 3778  6%
c 
c  seconds    reductions          redundant    irredundant
c          MB       restarts              trail      variables
c           level          conflicts          glue        remaining
c 
c p 396.65 80 25 193 232809 5640053 123415 23% 13 44916 3778  6%
c W 399.29 80 25 193 235590 5671203 149404 22% 14 44916 3778  6%
c - 399.43 80 25 194 235629 5674825 100852 22% 14 44916 3778  6%
c - 401.98 80 24 195 239070 5733326 100473 21% 14 44916 3778  6%
c # 403.91 80 24 195 242351 5778205 138644 22% 14 44916 3778  6%
c - 404.50 80 24 196 242475 5792127 101243 22% 14 44916 3778  6%
c s 405.27 80 24 196 243207 5807939 114822 22% 14 44904 3778  6%
c v 405.37 80 24 196 243207 5807939 114822 22% 14 44903 3778  6%
c w 405.44 80 24 196 243207 5807939 114817 22% 14 44903 3778  6%
c s 405.59 80 24 196 243207 5807939 114773 22% 14 44903 3778  6%
c - 407.85 80 24 197 246847 5851228 102492 23% 14 44903 3778  6%
c 3 409.33 80 24 197 248458 5880053 128461 23% 13 44903 3778  6%
c p 409.38 80 24 197 248458 5880053 129620 23% 13 44903 3778  6%
c B 409.71 80 24 197 248785 5886207 134654 23% 13 44903 3778  6%
c - 410.83 80 24 198 250136 5910628 104820 22% 14 44903 3778  6%
c - 414.31 80 25 199 254352 5970333 104388 22% 14 44903 3778  6%
c W 416.96 80 25 199 257027 5995210 125546 22% 14 44903 3778  6%
c - 418.47 80 24 200 258822 6030336 104065 22% 14 44903 3778  6%
c - 421.91 80 25 201 262854 6090636 107728 22% 14 44903 3778  6%
c s 422.44 80 25 201 263335 6100774 116429 22% 14 44900 3778  6%
c 
c  seconds    reductions          redundant    irredundant
c          MB       restarts              trail      variables
c           level          conflicts          glue        remaining
c 
c w 422.61 80 25 201 263335 6100774 116426 22% 14 44900 3778  6%
c t 422.62 80 25 201 263335 6100774 116425 22% 14 44900 3778  6%
c s 422.76 80 25 201 263335 6100774 116373 22% 14 44900 3778  6%
c F 422.94 80 25 201 263459 6105212 120157 22% 14 44900 3778  6%
c 3 423.90 80 24 201 264225 6125053 137333 22% 14 44900 3778  6%
c p 423.95 80 24 201 264225 6125053 138501 22% 14 44900 3778  6%
c - 425.08 80 23 202 264742 6151237 106336 22% 13 44900 3778  6%
c - 428.14 80 23 203 269202 6212139 106316 21% 14 44900 3778  6%
c B 428.37 80 23 203 269678 6216215 109435 21% 14 44900 3778  6%
c - 431.00 80 24 204 272149 6273339 108229 22% 13 44900 3778  6%
c W 434.94 80 24 204 277928 6328217 153701 22% 13 44900 3778  6%
c - 435.21 82 24 205 279381 6334840 108582 22% 14 44900 3778  6%
c d 437.25 82 24 205 280981 6375053 141329 22% 13 44900 3777  6%
c 3 437.26 82 24 205 280981 6375053 142455 22% 13 44900 3777  6%
c 2 437.28 82 24 205 280981 6375053 142454 22% 13 44900 3777  6%
c p 437.32 82 24 205 280981 6375053 143621 22% 13 44900 3777  6%
c - 438.52 82 23 206 282920 6396641 106362 22% 13 44900 3777  6%
c s 439.04 82 24 206 283316 6400742 109837 22% 13 44893 3777  6%
c v 439.14 82 24 206 283316 6400742 109837 22% 13 44807 3777  6%
c w 439.21 82 24 206 283316 6400742 109825 22% 13 44807 3777  6%
c 
c  seconds    reductions          redundant    irredundant
c          MB       restarts              trail      variables
c           level          conflicts          glue        remaining
c 
c e 439.22 82 24 206 283316 6400742 107963 22% 13 44831 3774  6%
c s 439.40 82 24 206 283316 6400742 107896 22% 13 44831 3774  6%
c # 441.77 82 24 206 285256 6441218 142590 23% 13 44831 3774  6%
c - 443.11 82 24 207 287262 6458743 111415 23% 13 44831 3774  6%
c - 446.11 83 23 208 292200 6521143 110533 21% 13 44831 3774  6%
c B 448.04 83 23 208 295203 6555219 138969 22% 13 44831 3774  6%
c - 449.93 83 23 209 296732 6583843 110203 22% 13 44831 3774  6%
c 3 452.50 83 24 209 302835 6630053 150585 22% 14 44831 3774  6%
c p 452.56 83 24 209 302835 6630053 151740 22% 14 44831 3774  6%
c - 453.48 83 24 210 304845 6646845 113828 22% 14 44831 3774  6%
c W 455.60 83 25 210 306690 6670220 134075 22% 14 44831 3774  6%
c s 458.55 83 25 210 308481 6707791 165996 23% 14 44825 3774  6%
c v 458.65 83 25 210 308481 6707791 165996 23% 14 44824 3774  6%
c w 458.79 83 25 210 308481 6707791 165996 23% 14 44824 3774  6%
c e 458.81 83 25 210 308481 6707791 165987 23% 14 44838 3773  6%
c s 458.97 83 25 210 308481 6707791 165941 23% 14 44838 3773  6%
c - 459.28 83 26 211 308617 6710145 114590 23% 14 44838 3773  6%
c - 463.78 83 27 212 314046 6773745 115686 24% 14 44838 3773  6%
c F 464.54 83 27 212 315023 6786222 126419 23% 14 44838 3773  6%
c - 467.87 83 26 213 318790 6837645 116733 23% 14 44838 3773  6%
c 
c  seconds    reductions          redundant    irredundant
c          MB       restarts              trail      variables
c           level          conflicts          glue        remaining
c 
c 3 470.61 83 24 213 320759 6890053 163353 22% 13 44838 3773  6%
c 3 470.62 83 24 213 320759 6890053 163639 22% 13 44838 3773  6%
c p 470.69 83 24 213 320759 6890053 164761 22% 13 44838 3773  6%
c - 472.49 88 24 214 322284 6901845 118551 22% 13 44838 3773  6%
c B 472.57 88 24 214 322304 6903225 119844 22% 13 44838 3773  6%
c - 475.89 88 24 215 327819 6966345 121294 22% 13 44838 3773  6%
c W 480.94 88 25 215 333126 7021227 169223 23% 14 44838 3773  6%
c s 481.37 88 26 215 333236 7022034 169658 23% 14 44834 3773  6%
c w 481.66 88 26 215 333236 7022034 169651 23% 14 44834 3773  6%
c s 481.86 88 26 215 333236 7022034 169562 23% 14 44834 3773  6%
c - 482.40 88 25 216 333974 7031145 117433 22% 14 44834 3773  6%
c - 485.76 88 25 217 338571 7096246 115118 22% 14 44834 3773  6%
c # 488.03 88 24 217 342418 7140229 150436 22% 14 44834 3773  6%
c 3 488.78 88 24 217 343039 7155059 163647 22% 14 44834 3773  6%
c p 488.85 88 24 217 343039 7155059 164798 22% 14 44834 3773  6%
c - 489.38 88 24 218 343465 7161649 114145 22% 14 44834 3773  6%
c - 493.18 88 25 219 350880 7227349 117887 21% 14 44834 3773  6%
c B 495.23 88 26 219 353571 7260231 146974 22% 14 44834 3773  6%
c - 497.47 88 25 220 354892 7293350 121727 22% 14 44834 3773  6%
c s 500.84 88 25 220 357183 7343408 163140 22% 13 44833 3773  6%
c 
c  seconds    reductions          redundant    irredundant
c          MB       restarts              trail      variables
c           level          conflicts          glue        remaining
c 
c v 500.95 88 25 220 357183 7343408 163140 22% 13 44824 3773  6%
c w 501.08 88 25 220 357183 7343408 163133 22% 13 44824 3773  6%
c t 501.08 88 25 220 357183 7343408 163132 22% 13 44824 3773  6%
c s 501.34 88 25 220 357183 7343408 163067 22% 13 44824 3773  6%
c - 501.89 88 24 221 357273 7359651 121029 22% 13 44824 3773  6%
c W 503.67 88 23 221 357667 7381232 137648 21% 13 44824 3773  6%
c d 506.70 88 22 221 359425 7425059 175214 22% 13 44824 3772  6%
c 3 506.72 88 22 221 359425 7425059 176499 22% 13 44824 3772  6%
c p 506.80 88 22 221 359425 7425059 177657 22% 13 44824 3772  6%
c - 506.94 88 22 222 359436 7426252 120103 22% 13 44824 3772  6%
c - 511.56 88 24 223 366676 7493152 122842 22% 13 44824 3772  6%
c F 512.36 88 24 223 367982 7503233 131965 22% 13 44824 3772  6%
c - 515.44 88 24 224 372945 7560352 122940 22% 14 44824 3772  6%
c B 518.83 88 22 224 376507 7626234 177289 23% 13 44824 3772  6%
c - 519.22 88 22 225 376806 7627852 122760 23% 13 44824 3772  6%
c s 521.60 88 22 225 380253 7671893 158611 23% 13 44819 3772  6%
c w 521.81 88 22 225 380253 7671893 158608 23% 13 44819 3772  6%
c s 521.99 88 22 225 380253 7671893 158562 23% 13 44819 3772  6%
c - 523.48 88 23 226 381890 7695652 123377 24% 13 44819 3772  6%
c 3 523.75 88 23 226 382005 7700059 128038 24% 13 44819 3772  6%
c 
c  seconds    reductions          redundant    irredundant
c          MB       restarts              trail      variables
c           level          conflicts          glue        remaining
c 
c 3 523.75 88 23 226 382005 7700059 128359 24% 13 44819 3772  6%
c p 523.79 88 23 226 382005 7700059 129537 24% 13 44819 3772  6%
c W 526.97 88 22 226 385967 7750235 169388 24% 13 44819 3772  6%
c - 527.91 88 22 227 386938 7763752 120543 23% 13 44819 3772  6%
c - 532.52 90 24 228 391811 7832152 127995 23% 13 44819 3772  6%
c # 534.97 90 24 228 396590 7875236 163510 22% 13 44819 3772  6%
c - 538.03 90 26 229 399323 7900853 127998 23% 14 44819 3772  6%
c - 543.13 90 26 230 404232 7969853 128683 24% 13 44819 3772  6%
c 3 543.68 90 26 230 405710 7980061 138602 23% 14 44819 3772  6%
c p 543.72 90 26 230 405710 7980061 139708 23% 14 44819 3772  6%
c B 544.99 90 25 230 406326 8001237 157634 24% 13 44819 3772  6%
c s 545.88 90 25 230 407285 8007542 162340 23% 13 44816 3772  6%
c w 546.14 90 25 230 407285 8007542 162325 23% 13 44816 3772  6%
c t 546.14 90 25 230 407285 8007542 162324 23% 13 44816 3772  6%
c s 546.40 90 25 230 407285 8007542 162028 23% 13 44813 3772  6%
c - 548.69 90 25 231 409168 8039153 131986 24% 14 44813 3772  6%
c - 553.81 90 24 232 412425 8108755 129671 24% 13 44813 3772  6%
c W 555.77 90 23 232 412792 8128238 144856 24% 13 44813 3772  6%
c - 560.13 90 23 233 417432 8178655 130515 24% 13 44813 3772  6%
c } 560.92 90 23 233 419686 8191013 141090 24% 13 44813 3772  6%
c 
c  seconds    reductions          redundant    irredundant
c          MB       restarts              trail      variables
c           level          conflicts          glue        remaining
c 
c [ 560.92 90 65 233 419686 8191013 141090 46% 44 44813 3772  6%
c - 563.36 93 53 234 419691 8248857 136075 38% 35 44813 3772  6%
c W 564.71 93 54 234 419692 8256239 143035 38% 35 44813 3772  6%
c 3 565.10 93 53 234 419692 8265061 152269 38% 34 44813 3772  6%
c p 565.16 93 53 234 419692 8265061 153425 38% 34 44813 3772  6%
c - 571.23 123 58 235 419692 8319360 133159 42% 39 44813 3772  6%
c s 576.20 123 62 235 419707 8350313 161484 44% 44 44810 3772  6%
c w 576.50 123 62 235 419707 8350313 161481 44% 44 44810 3772  6%
c t 576.51 123 62 235 419707 8350313 161480 44% 44 44810 3772  6%
c s 576.71 123 62 235 419707 8350313 161411 44% 44 44810 3772  6%
c O 580.71 123 61 235 419722 8385240 191282 45% 44 44810 3772  6%
c - 581.21 93 60 236 419723 8390161 132799 45% 43 44810 3772  6%
c - 588.39 117 59 237 419752 8461261 130023 46% 42 44810 3772  6%
c B 595.80 117 59 237 419755 8515241 175732 46% 44 44810 3772  6%
c - 597.70 117 62 238 419762 8532663 130659 46% 45 44810 3772  6%
c d 599.73 117 63 238 419770 8555062 151778 46% 43 44810 3771  6%
c 3 599.75 117 63 238 419770 8555062 152943 46% 43 44810 3771  6%
c p 599.83 117 63 238 419770 8555062 154252 46% 43 44810 3771  6%
c - 606.47 117 66 239 419786 8604363 131420 48% 47 44810 3771  6%
c W 613.98 117 65 239 419807 8646242 168159 49% 48 44810 3771  6%
c 
c  seconds     reductions          redundant    irredundant
c           MB       restarts              trail      variables
c            level          conflicts          glue        remaining
c 
c - 620.11 145 65 240 419817 8676363 130882 49% 48 44810 3771  6%
c s 624.75 145 63 240 419818 8700216 150251 49% 49 44810 3771  6%
c w 625.11 145 63 240 419818 8700216 150245 49% 49 44810 3771  6%
c s 625.30 145 63 240 419818 8700216 150231 49% 49 44810 3771  6%
c - 636.19 89 62 241 419819 8748663 134215 50% 50 44810 3771  6%
c I 640.80 89 61 241 419819 8778243 157819 50% 49 44810 3771  6%
c - 645.79 88 57 242 419820 8821264 134917 49% 45 44810 3771  6%
c 3 649.34 88 55 242 419820 8850063 160907 48% 42 44810 3771  6%
c p 649.42 88 55 242 419820 8850063 162169 48% 42 44810 3771  6%
c - 655.76 114 55 243 419820 8894164 134367 49% 44 44810 3771  6%
c B 658.08 114 56 243 419820 8911245 148514 50% 44 44810 3771  6%
c - 663.82 142 60 244 419842 8967366 137208 48% 44 44810 3771  6%
c - 675.20 142 58 245 419869 9040867 131137 49% 44 44810 3771  6%
c W 676.80 142 58 245 419872 9045250 134314 49% 44 44810 3771  6%
c - 688.54 142 56 246 419883 9114669 133798 49% 45 44810 3771  6%
c 3 694.15 142 54 246 419898 9150065 164594 49% 44 44810 3771  6%
c p 694.24 142 54 246 419898 9150065 165915 49% 44 44810 3771  6%
c O 698.99 142 53 246 419913 9180252 189082 49% 43 44810 3771  6%
c - 699.48 142 51 247 419914 9188770 136518 47% 42 44810 3771  6%
c - 707.04 142 49 248 419944 9263170 137900 47% 36 44810 3771  6%
c 
c  seconds     reductions          redundant    irredundant
c           MB       restarts              trail      variables
c            level          conflicts          glue        remaining
c 
c B 712.88 142 47 248 419946 9316254 186031 46% 35 44810 3771  6%
c - 714.93 148 53 249 419947 9337871 138723 45% 37 44810 3771  6%
c - 723.79 148 67 250 419962 9412871 140016 46% 46 44810 3771  6%
c W 730.26 148 68 250 419977 9453256 174242 46% 49 44810 3771  6%
c 3 730.55 148 68 250 419978 9455065 176641 46% 50 44810 3771  6%
c p 730.65 148 68 250 419978 9455065 177941 46% 50 44810 3771  6%
c - 735.17 148 67 251 419989 9488172 135317 47% 50 44810 3771  6%
c - 745.93 87 68 252 420010 9563772 134431 48% 52 44810 3771  6%
c I 749.09 87 69 252 420013 9591259 160595 48% 52 44810 3771  6%
c - 752.73 116 61 253 420038 9639673 138777 45% 44 44810 3771  6%
c - 761.15 116 54 254 420063 9715878 136165 46% 41 44810 3771  6%
c B 763.15 116 53 254 420071 9730261 148387 46% 41 44810 3771  6%
c 3 766.23 116 60 254 420073 9765065 181743 47% 43 44810 3771  6%
c p 766.33 116 60 254 420073 9765065 183063 47% 43 44810 3771  6%
c - 769.63 116 62 255 420074 9792379 140398 47% 44 44810 3771  6%
c - 780.40 148 64 256 420075 9869179 142445 47% 47 44810 3771  6%
c W 781.57 148 64 256 420075 9870262 143416 47% 47 44810 3771  6%
c - 790.81 116 69 257 420075 9946282 141826 47% 49 44810 3771  6%
c O 800.79 116 71 257 420076 10011264 199653 47% 53 44810 3771  6%
c - 801.59 148 65 258 420076 10023682 147729 44% 49 44810 3771  6%
c 
c  seconds     reductions           redundant    irredundant
c           MB       restarts               trail      variables
c            level          conflicts           glue        remaining
c 
c 3 806.60 148 56 258 420076 10080067 202178 44% 41 44810 3771  6%
c p 806.70 148 56 258 420076 10080067 203497 44% 41 44810 3771  6%
c - 808.60 122 53 259 420076 10101383 145780 43% 38 44810 3771  6%
c B 814.79 122 46 259 420076 10153265 194063 45% 33 44810 3771  6%
c - 816.90 154 51 260 420076 10179384 146166 42% 33 44810 3771  6%
c - 825.82 188 60 261 420077 10257684 148388 45% 38 44810 3771  6%
c W 832.03 188 63 261 420077 10296271 185206 46% 41 44810 3771  6%
c - 840.83 154 64 262 420077 10336284 154377 46% 44 44810 3771  6%
c 3 851.08 154 65 262 420077 10400067 215709 47% 46 44810 3771  6%
c p 851.21 154 65 262 420077 10400067 216970 47% 46 44810 3771  6%
c - 853.79 194 66 263 420077 10415185 157264 48% 47 44810 3771  6%
c I 857.65 194 66 263 420077 10440273 179979 48% 48 44810 3771  6%
c - 863.98 154 64 264 420077 10494385 153690 48% 45 44810 3771  6%
c s 864.28 154 64 264 420077 10494385 153123 48% 45 44810 3771  6%
c v 864.53 154 64 264 420077 10494385 153123 48% 45 44809 3771  6%
c w 864.84 154 64 264 420077 10494385 153090 48% 45 44809 3771  6%
c t 864.84 154 64 264 420077 10494385 153089 48% 45 44809 3771  6%
c s 865.14 154 64 264 420077 10494385 152920 48% 45 44809 3771  6%
c - 873.57 155 60 265 420077 10573885 151289 47% 43 44809 3771  6%
c B 874.48 155 59 265 420077 10585274 161681 46% 42 44809 3771  6%
c 
c  seconds     reductions           redundant    irredundant
c           MB       restarts               trail      variables
c            level          conflicts           glue        remaining
c 
c - 883.90 129 78 266 420077 10653687 151333 47% 54 44809 3771  6%
c 3 895.84 129 85 266 420077 10725067 220443 47% 58 44809 3770  6%
c p 895.98 129 85 266 420077 10725067 221751 47% 58 44809 3770  6%
c W 898.42 129 84 266 420077 10731276 227439 47% 58 44809 3770  6%
c - 899.17 131 84 267 420077 10733787 155337 47% 58 44809 3770  6%
c - 911.92 126 74 268 420092 10814189 154097 47% 54 44809 3770  6%
c s 919.19 126 70 268 420108 10858604 191683 48% 54 44809 3770  6%
c w 919.49 126 70 268 420108 10858604 191679 48% 54 44809 3770  6%
c s 919.72 126 70 268 420108 10858604 191637 48% 54 44809 3770  6%
c O 923.15 126 69 268 420115 10878278 208142 48% 54 44809 3770  6%
c - 924.85 124 63 269 420123 10894889 149520 47% 49 44809 3770  6%
c - 933.48 125 59 270 420140 10975890 150983 48% 42 44809 3770  6%
c B 940.43 125 59 270 420161 11026279 197473 49% 44 44809 3770  6%
c 3 941.46 125 52 270 420171 11055068 223446 43% 39 44809 3770  6%
c p 941.59 125 52 270 420171 11055068 224748 43% 39 44809 3770  6%
c - 941.81 120 52 271 420171 11057192 150384 43% 39 44809 3770  6%
c - 950.18 150 57 272 420202 11138796 148001 43% 40 44809 3770  6%
c W 956.60 150 60 272 420203 11175280 180330 45% 43 44809 3770  6%
c - 964.69 187 62 273 420204 11220696 152989 46% 46 44809 3770  6%
c s 966.30 187 62 273 420204 11230006 161055 46% 46 44808 3770  6%
c 
c  seconds     reductions           redundant    irredundant
c           MB       restarts               trail      variables
c            level          conflicts           glue        remaining
c 
c w 966.56 187 62 273 420204 11230006 161052 46% 46 44808 3770  6%
c s 966.68 187 62 273 420204 11230006 161033 46% 46 44808 3770  6%
c - 978.69 150 64 274 420232 11302896 152997 47% 49 44808 3770  6%
c I 981.66 150 65 274 420235 11325283 171565 48% 50 44808 3770  6%
c - 988.71 182 67 275 420262 11385397 153235 47% 49 44808 3770  6%
c 3 989.24 182 67 275 420264 11390068 158342 48% 49 44808 3770  6%
c 3 989.24 182 67 275 420264 11390068 158636 48% 49 44808 3770  6%
c p 989.32 182 67 275 420264 11390068 159963 48% 49 44808 3770  6%
c - 1000.51 150 67 276 420278 11468197 153751 49% 50 44808 3770  6%
c B 1001.64 150 68 276 420282 11476285 161238 49% 51 44808 3770  6%
c - 1010.27 187 76 277 420309 11551297 155397 49% 51 44808 3770  6%
c s 1019.26 187 73 277 420329 11608546 206694 50% 50 44807 3770  6%
c w 1019.65 187 73 277 420329 11608546 206683 50% 50 44807 3770  6%
c s 1019.97 187 73 277 420329 11608546 206623 50% 50 44807 3770  6%
c W 1024.43 187 73 277 420330 11628286 225130 50% 50 44807 3770  6%
c - 1025.46 150 72 278 420330 11634698 157969 50% 49 44807 3770  6%
c - 1039.51 188 67 279 420332 11718398 157573 49% 47 44807 3770  6%
c 3 1041.27 188 66 279 420332 11730069 168533 49% 47 44807 3770  6%
c p 1041.35 188 66 279 420332 11730069 169820 49% 47 44807 3770  6%
c O 1048.85 188 65 279 420332 11781287 216005 49% 46 44807 3770  6%
c 
c   seconds     reductions           redundant    irredundant
c            MB       restarts               trail      variables
c             level          conflicts           glue        remaining
c 
c - 1050.16 150 58 280 420332 11802398 162202 45% 41 44807 3770  6%
c - 1054.20 150 42 281 420350 11886700 155419 34% 30 44807 3770  6%
c B 1057.81 150 41 281 420366 11935288 199392 36% 29 44807 3770  6%
c - 1060.83 150 49 282 420383 11971300 155155 38% 33 44807 3770  6%
c - 1070.48 182 62 283 420401 12056201 154836 43% 44 44807 3770  6%
c 3 1072.67 182 63 283 420410 12075070 173062 44% 45 44807 3770  6%
c p 1072.76 182 63 283 420410 12075070 174308 44% 45 44807 3770  6%
c W 1075.71 182 64 283 420416 12090290 188114 45% 45 44807 3770  6%
c - 1083.61 150 65 284 420433 12141401 154651 46% 47 44807 3770  6%
c - 1097.55 183 67 285 420458 12226903 160125 46% 50 44807 3770  6%
c I 1100.73 183 67 285 420458 12246291 176603 46% 50 44807 3770  6%
c - 1107.38 150 69 286 420459 12312704 162989 44% 49 44807 3770  6%
c - 1118.54 152 62 287 420491 12398805 160703 46% 45 44807 3770  6%
c B 1119.10 152 61 287 420494 12403293 164372 46% 45 44807 3770  6%
c 3 1120.98 152 62 287 420505 12425072 186158 46% 44 44807 3770  6%
c p 1121.09 152 62 287 420505 12425072 187438 46% 44 44807 3770  6%
c s 1121.94 152 63 287 420505 12429827 191242 46% 44 44806 3770  6%
c w 1122.55 152 63 287 420505 12429827 191219 46% 44 44806 3770  6%
c s 1122.90 152 63 287 420505 12429827 191049 46% 44 44806 3770  6%
c - 1129.01 185 61 288 420522 12485206 160824 46% 43 44806 3770  6%
c 
c   seconds     reductions           redundant    irredundant
c            MB       restarts               trail      variables
c             level          conflicts           glue        remaining
c 
c W 1142.12 185 59 288 420545 12561296 228120 47% 45 44806 3770  6%
c - 1144.41 152 60 289 420551 12571907 162396 47% 46 44806 3770  6%
c - 1157.82 187 61 290 420583 12658909 163810 47% 48 44806 3770  6%
c O 1168.34 187 61 290 420586 12720298 219290 46% 49 44806 3770  6%
c - 1170.29 152 56 291 420586 12746212 170171 42% 43 44806 3770  6%
c 3 1173.01 152 49 291 420586 12780075 202936 39% 38 44806 3770  6%
c p 1173.11 152 49 291 420586 12780075 204216 39% 38 44806 3770  6%
c - 1176.66 152 46 292 420587 12833812 161740 34% 33 44806 3770  6%
c B 1179.99 152 44 292 420587 12880299 201711 30% 31 44806 3770  6%
c - 1184.23 152 54 293 420588 12921713 163146 35% 36 44806 3770  6%
c - 1198.17 195 63 294 420588 13009916 166080 41% 47 44806 3770  6%
c W 1203.70 195 66 294 420588 13041304 195678 43% 49 44806 3770  6%
c - 1210.69 152 71 295 420588 13098417 167205 44% 51 44806 3770  6%
c 3 1215.52 152 71 295 420588 13140075 205883 43% 52 44806 3770  6%
c p 1215.65 152 71 295 420588 13140075 207207 43% 52 44806 3770  6%
c - 1225.42 190 74 296 420594 13187217 167964 45% 55 44806 3770  6%
c I 1228.00 190 74 296 420602 13203306 181714 46% 56 44806 3770  6%
c - 1235.55 152 67 297 420627 13276319 167363 47% 47 44806 3770  6%
c - 1246.49 186 69 298 420651 13365720 163917 47% 48 44806 3770  6%
c B 1246.59 186 69 298 420651 13366307 164374 47% 48 44806 3770  6%
c 
c   seconds     reductions           redundant    irredundant
c            MB       restarts               trail      variables
c             level          conflicts           glue        remaining
c 
c - 1259.47 152 67 299 420682 13455420 169373 48% 48 44806 3770  6%
c 3 1266.72 152 67 299 420704 13505075 216381 47% 47 44806 3770  6%
c p 1266.86 152 67 299 420704 13505075 217670 47% 47 44806 3770  6%
c W 1269.20 152 63 299 420713 13530309 239698 44% 43 44806 3770  6%
c - 1271.01 186 64 300 420713 13545422 170488 44% 42 44806 3770  6%
c - 1281.66 152 60 301 420715 13635722 168892 46% 40 44806 3770  6%
c O 1287.68 152 57 301 420740 13695310 223170 44% 37 44806 3770  6%
c - 1290.42 184 53 302 420746 13726323 171302 42% 34 44806 3770  6%
c - 1297.99 152 49 303 420778 13817223 170890 40% 31 44806 3770  6%
c B 1303.04 152 49 303 420788 13861311 213143 42% 31 44806 3770  6%
c 3 1304.38 152 53 303 420793 13875076 227087 43% 33 44806 3770  6%
c p 1304.49 152 53 303 420793 13875076 228330 43% 33 44806 3770  6%
c - 1307.18 192 55 304 420808 13908425 174721 41% 35 44806 3770  6%
c - 1317.31 152 61 305 420840 13999926 170635 44% 40 44806 3770  6%
c W 1322.37 152 61 305 420841 14028312 196108 45% 41 44806 3770  6%
c - 1333.85 190 60 306 420842 14091727 171931 46% 43 44806 3770  6%
c - 1350.50 152 62 307 420843 14183827 173565 47% 47 44806 3770  6%
c I 1352.45 152 62 307 420843 14196316 184182 47% 47 44806 3770  6%
c 3 1357.53 152 58 307 420848 14250077 235590 46% 42 44806 3770  6%
c p 1357.67 152 58 307 420848 14250077 236860 46% 42 44806 3770  6%
c 
c   seconds     reductions           redundant    irredundant
c            MB       restarts               trail      variables
c             level          conflicts           glue        remaining
c 
c - 1360.57 185 56 308 420858 14276227 173793 45% 41 44806 3770  6%
c B 1371.69 185 54 308 420893 14365317 248747 45% 41 44806 3770  6%
c - 1372.18 152 55 309 420895 14368927 166674 45% 41 44806 3770  6%
c - 1383.78 192 61 310 420918 14461928 171268 45% 42 44806 3770  6%
c s 1384.08 192 61 310 420918 14461928 170862 45% 42 44806 3770  6%
c v 1384.34 192 61 310 420918 14461928 170862 45% 42 44805 3770  6%
c w 1384.90 192 61 310 420918 14461928 170848 45% 42 44805 3770  6%
c s 1385.23 192 61 310 420918 14461928 170666 45% 42 44803 3770  6%
c W 1395.25 192 59 310 420943 14535320 238879 46% 39 44803 3770  6%
c - 1397.97 152 58 311 420952 14555228 174084 46% 39 44803 3770  6%
c 3 1409.44 152 55 311 420969 14630077 240450 47% 40 44803 3770  6%
c p 1409.57 152 55 311 420969 14630077 241735 47% 40 44803 3770  6%
c - 1412.48 186 55 312 420970 14648829 171951 47% 41 44803 3770  6%
c O 1421.00 186 57 312 420970 14706321 222024 49% 44 44803 3770  6%
c - 1423.40 152 50 313 420985 14742730 173887 43% 38 44803 3770  6%
c - 1430.41 152 50 314 421023 14836935 170180 38% 33 44803 3770  6%
c B 1432.48 152 44 314 421033 14878328 205406 36% 31 44803 3770  6%
c - 1437.92 152 56 315 421047 14931435 171078 40% 36 44803 3770  6%
c 3 1449.60 152 56 315 421078 15015079 246756 44% 41 44803 3770  6%
c p 1449.75 152 56 315 421078 15015079 248038 44% 41 44803 3770  6%
c 
c   seconds     reductions           redundant    irredundant
c            MB       restarts               trail      variables
c             level          conflicts           glue        remaining
c 
c - 1452.11 188 56 316 421080 15026235 170040 44% 41 44803 3770  6%
c W 1456.54 188 54 316 421094 15051330 192499 44% 40 44803 3770  6%
c - 1467.75 152 51 317 421097 15121336 177083 44% 38 44803 3770  6%
c - 1483.87 192 51 318 421098 15216738 179238 45% 39 44803 3770  6%
c I 1485.38 192 51 318 421098 15225333 186872 45% 39 44803 3770  6%
c - 1494.74 152 63 319 421099 15312439 181638 46% 45 44803 3770  6%
c B 1508.48 152 64 319 421099 15400337 262039 45% 50 44803 3770  6%
c 3 1509.13 152 65 319 421099 15405080 267982 46% 49 44803 3770  6%
c p 1509.30 152 65 319 421099 15405080 269232 46% 49 44803 3770  6%
c - 1509.90 192 65 320 421099 15408442 185417 46% 49 44803 3770  6%
c - 1524.22 152 64 321 421099 15504744 175622 48% 50 44803 3770  6%
c W 1537.14 152 62 321 421100 15576338 237772 48% 49 44803 3770  6%
c - 1541.13 193 63 322 421100 15601348 181668 48% 49 44803 3770  6%
c - 1557.06 152 64 323 421100 15698248 181703 48% 49 44803 3770  6%
c O 1565.32 152 64 323 421100 15753340 229548 48% 50 44803 3770  6%
c - 1570.45 196 57 324 421100 15795448 184432 48% 42 44803 3770  6%
c 3 1571.09 196 56 324 421100 15800080 190008 48% 41 44803 3770  6%
c p 1571.19 196 56 324 421100 15800080 191276 48% 41 44803 3770  6%
c - 1580.17 152 65 325 421100 15892950 185055 45% 39 44803 3770  6%
c B 1584.69 152 64 325 421100 15931341 219158 44% 39 44803 3770  6%
c 
c   seconds     reductions           redundant    irredundant
c            MB       restarts               trail      variables
c             level          conflicts           glue        remaining
c 
c - 1592.48 194 68 326 421100 15990750 184112 44% 44 44803 3770  6%
c - 1608.64 152 70 327 421100 16088850 189119 46% 49 44803 3770  6%
c W 1612.44 152 70 327 421101 16110343 209371 46% 49 44803 3770  6%
c - 1624.07 194 72 328 421101 16187251 188975 45% 47 44803 3770  6%
c 3 1625.80 194 73 328 421101 16200081 202428 44% 46 44803 3770  6%
c p 1625.94 194 73 328 421101 16200081 203671 44% 46 44803 3770  6%
c - 1640.51 152 76 329 421101 16285951 191259 46% 51 44803 3770  6%
c I 1641.06 152 76 329 421101 16290345 195238 45% 51 44803 3770  6%
c ] 1653.51 152 78 329 421101 16383014 282406 47% 51 44803 3770  6%
c { 1653.51 152 23 329 421101 16383014 282406 24% 13 44803 3770  6%
c - 1654.19 193 24 330 421305 16384951 188033 24% 13 44803 3770  6%
c F 1662.81 193 25 330 430495 16471351 262473 23% 14 44803 3770  6%
c - 1663.90 152 25 331 431507 16484255 180647 23% 14 44803 3770  6%
c s 1664.38 152 25 331 431507 16484255 178511 23% 14 44803 3770  6%
c w 1665.08 152 25 331 431507 16484255 178470 23% 14 44803 3770  6%
c t 1665.09 152 25 331 431507 16484255 178469 23% 14 44803 3770  6%
c s 1665.61 152 25 331 431507 16484255 178019 23% 14 44803 3770  6%
c - 1674.63 152 22 332 436166 16583855 186751 25% 13 44803 3770  6%
c 3 1675.73 152 22 332 439965 16605084 204676 24% 13 44803 3770  6%
c p 1675.81 152 22 332 439965 16605084 205874 24% 13 44803 3770  6%
c 
c   seconds     reductions           redundant    irredundant
c            MB       restarts               trail      variables
c             level          conflicts           glue        remaining
c 
c B 1679.11 152 23 332 444488 16653353 246387 22% 13 44803 3770  6%
c - 1682.30 152 24 333 445952 16683755 189562 23% 13 44803 3770  6%
c - 1690.46 152 23 334 451835 16783955 187089 23% 13 44803 3770  6%
c W 1695.63 152 24 334 455380 16836355 232680 24% 13 44803 3770  6%
c - 1698.68 152 23 335 456638 16884455 186532 23% 13 44803 3770  6%
c s 1699.38 152 23 335 456871 16891348 191872 23% 13 44792 3770  6%
c w 1699.68 152 23 335 456871 16891348 191856 23% 13 44792 3770  6%
c t 1699.68 152 23 335 456871 16891348 191855 23% 13 44792 3770  6%
c s 1700.06 152 23 335 456871 16891348 191735 23% 13 44792 3770  6%
c - 1707.08 152 20 336 462261 16985256 184288 24% 12 44792 3770  6%
c 3 1708.48 152 19 336 465323 17015084 207782 23% 12 44792 3770  6%
c p 1708.55 152 19 336 465323 17015084 208846 23% 12 44792 3770  6%
c # 1709.02 152 20 336 466613 17020360 213362 23% 13 44792 3770  6%
c - 1714.38 152 22 337 474510 17086356 188569 22% 13 44792 3770  6%
c - 1721.75 152 22 338 483014 17187758 190869 23% 13 44792 3770  6%
c B 1723.76 152 23 338 485372 17205362 206508 23% 13 44792 3770  6%
c - 1731.55 152 24 339 491428 17289458 192251 23% 13 44792 3770  6%
c s 1733.20 152 23 339 492852 17305539 204169 23% 13 44780 3770  6%
c w 1733.55 152 23 339 492852 17305539 204167 23% 13 44780 3770  6%
c t 1733.55 152 23 339 492852 17305539 204166 23% 13 44780 3770  6%
c 
c   seconds     reductions           redundant    irredundant
c            MB       restarts               trail      variables
c             level          conflicts           glue        remaining
c 
c e 1733.57 152 23 339 492852 17305539 203046 23% 13 44796 3769  6%
c s 1733.92 152 23 339 492852 17305539 202964 23% 13 44796 3769  6%
c W 1743.63 152 24 339 500083 17391363 275045 23% 13 44796 3769  6%
c - 1743.68 152 24 340 500084 17391459 192839 23% 13 44796 3769  6%
c d 1745.81 152 23 340 503668 17430084 225799 23% 14 44796 3768  6%
c 3 1745.83 152 23 340 503668 17430084 227110 23% 14 44796 3768  6%
c p 1745.91 152 23 340 503668 17430084 228101 23% 14 44796 3768  6%
c - 1749.85 152 22 341 505902 17493760 192117 23% 14 44796 3768  6%
c F 1756.37 152 23 341 510867 17578365 264808 23% 14 44796 3768  6%
c - 1758.17 152 23 342 511710 17596362 191508 23% 14 44796 3768  6%
c - 1765.47 152 23 343 519321 17699262 191769 23% 14 44796 3768  6%
c s 1768.35 152 22 343 520391 17726931 215082 24% 13 44791 3768  6%
c w 1768.71 152 22 343 520391 17726931 215077 24% 13 44791 3768  6%
c s 1769.14 152 22 343 520391 17726931 214958 24% 13 44791 3768  6%
c B 1772.57 152 23 343 522613 17766366 248535 23% 13 44791 3768  6%
c - 1776.51 152 24 344 526203 17802463 194577 23% 14 44791 3768  6%
c 3 1779.58 152 24 344 528881 17850085 236175 23% 14 44791 3768  6%
c p 1779.70 152 24 344 528881 17850085 237220 23% 14 44791 3768  6%
c - 1783.87 152 23 345 532179 17905966 191992 22% 14 44791 3768  6%
c W 1787.97 152 19 345 532273 17955367 227246 24% 12 44791 3768  6%
c 
c   seconds     reductions           redundant    irredundant
c            MB       restarts               trail      variables
c             level          conflicts           glue        remaining
c 
c i 1790.07 152 17 345 532297 17983897 246456 24% 11 44791 3766  6%
c - 1794.59 152 20 346 538017 18009768 134636 24% 12 44781 3766  6%
c - 1804.43 152 24 347 548566 18113868 182935 23% 13 44781 3766  6%
c # 1806.55 152 24 347 552188 18145371 209887 23% 13 44781 3766  6%
c s 1807.28 152 23 347 553590 18155492 218717 23% 13 44745 3766  6%
c v 1807.43 152 23 347 553590 18155492 218717 23% 13 44744 3766  6%
c w 1807.62 152 23 347 553590 18155492 218713 23% 13 44744 3766  6%
c t 1807.62 152 23 347 553590 18155492 218712 23% 13 44744 3766  6%
c e 1807.63 152 23 347 553590 18155492 217068 23% 13 44765 3763  6%
c s 1807.83 152 23 347 553590 18155492 216996 23% 13 44763 3763  6%
c - 1811.92 152 23 348 558753 18218270 195051 22% 14 44763 3763  6%
c 3 1814.80 152 23 348 564513 18275085 244004 21% 14 44763 3763  6%
c p 1814.92 152 23 348 564513 18275085 244922 21% 14 44763 3763  6%
c - 1818.43 152 24 349 567914 18322971 193516 22% 14 44763 3763  6%
c B 1818.76 152 23 349 567941 18336372 203607 22% 14 44763 3763  6%
c - 1825.62 152 23 350 576143 18427973 192196 21% 14 44763 3763  6%
c W 1833.66 152 23 350 582949 18528373 277155 22% 14 44763 3763  6%
c - 1833.84 152 23 351 582976 18533275 194254 21% 14 44763 3763  6%
c s 1837.86 152 24 351 587081 18591319 243590 22% 14 44757 3763  6%
c w 1838.21 152 24 351 587081 18591319 243575 22% 14 44757 3763  6%
c 
c   seconds     reductions           redundant    irredundant
c            MB       restarts               trail      variables
c             level          conflicts           glue        remaining
c 
c s 1838.71 152 24 351 587081 18591319 243384 22% 14 44757 3763  6%
c - 1843.10 152 24 352 589046 18638875 202150 23% 14 44757 3763  6%
c 3 1848.41 152 23 352 591756 18705088 260122 24% 13 44757 3763  6%
c p 1848.52 152 23 352 591756 18705088 261050 24% 13 44757 3763  6%
c d 1848.54 152 23 352 591756 18705088 261034 24% 13 44757 3762  6%
c F 1849.11 152 23 352 591856 18721374 274293 23% 13 44757 3762  6%
c - 1850.79 152 23 353 595501 18744776 199619 23% 14 44757 3762  6%
c - 1860.30 152 23 354 601935 18850977 200474 23% 14 44757 3762  6%
c B 1863.90 152 23 354 607670 18915376 255440 22% 14 44757 3762  6%
c - 1869.19 152 23 355 610111 18957478 201932 22% 14 44757 3762  6%
c s 1874.90 152 23 355 613903 19034268 266594 22% 13 44742 3762  6%
c v 1875.06 152 23 355 613903 19034268 266594 22% 13 44738 3762  6%
c w 1875.34 152 23 355 613903 19034268 266587 22% 13 44738 3762  6%
c e 1875.36 152 23 355 613903 19034268 266212 22% 13 44769 3760  6%
c s 1875.84 152 23 355 613903 19034268 266099 22% 13 44767 3760  6%
c - 1877.34 152 22 356 614446 19064278 203261 23% 13 44767 3760  6%
c W 1882.69 152 23 356 618395 19110377 243842 23% 13 44767 3760  6%
c 3 1884.50 152 23 356 619068 19140091 270203 23% 13 44767 3760  6%
c p 1884.68 152 23 356 619068 19140091 271450 23% 13 44767 3760  6%
c - 1891.08 152 24 357 621878 19171380 204742 24% 13 44767 3760  6%
c 
c   seconds     reductions           redundant    irredundant
c            MB       restarts               trail      variables
c             level          conflicts           glue        remaining
c 
c - 1897.61 152 21 358 626548 19278781 204322 24% 12 44767 3760  6%
c # 1899.00 152 21 358 630068 19306379 227572 24% 13 44767 3760  6%
c - 1904.98 152 21 359 635575 19386482 200277 23% 13 44767 3760  6%
c s 1914.37 152 23 359 646253 19484546 280709 22% 14 44759 3760  6%
c v 1914.54 152 23 359 646253 19484546 280709 22% 14 44757 3760  6%
c w 1914.82 152 23 359 646253 19484546 280703 22% 14 44757 3760  6%
c s 1915.34 152 23 359 646253 19484546 280630 22% 14 44757 3760  6%
c - 1916.94 152 23 360 647448 19494485 200321 22% 14 44757 3760  6%
c B 1917.70 152 23 360 649342 19503384 207936 22% 14 44757 3760  6%
c 3 1924.11 152 25 360 655042 19580092 274607 23% 14 44757 3760  6%
c p 1924.24 152 25 360 655042 19580092 275844 23% 14 44757 3760  6%
c - 1926.90 152 25 361 656091 19602786 203704 23% 14 44757 3760  6%
c W 1936.31 152 25 361 661825 19701385 288013 24% 14 44757 3760  6%
c - 1938.13 152 25 362 662587 19711387 205834 24% 14 44757 3760  6%
c - 1949.88 152 25 363 669204 19820287 209491 24% 14 44757 3760  6%
c F 1956.39 152 24 363 671728 19900386 278090 24% 14 44757 3760  6%
c - 1958.53 152 22 364 672202 19929491 211780 23% 13 44757 3760  6%
c s 1959.55 152 22 364 672297 19941930 222322 23% 13 44748 3760  6%
c w 1959.95 152 22 364 672297 19941930 222313 23% 13 44748 3760  6%
c e 1959.97 152 22 364 672297 19941930 221868 23% 13 44764 3759  6%
c 
c   seconds     reductions           redundant    irredundant
c            MB       restarts               trail      variables
c             level          conflicts           glue        remaining
c 
c s 1960.56 152 22 364 672297 19941930 221802 23% 13 44763 3759  6%
c 3 1971.13 152 24 364 680408 20025094 294108 24% 13 44763 3759  6%
c 3 1971.14 152 24 364 680408 20025094 294564 24% 13 44763 3759  6%
c p 1971.27 152 24 364 680408 20025094 295458 24% 13 44763 3759  6%
c - 1974.14 154 24 365 681751 20038991 216294 24% 13 44763 3759  6%
c B 1977.96 154 22 365 687311 20100387 267914 24% 13 44763 3759  6%
c - 1982.40 154 22 366 693066 20148791 215793 23% 13 44763 3759  6%
c - 1990.32 154 21 367 698007 20258891 212668 23% 13 44763 3759  6%
c W 1995.02 154 21 367 701433 20301390 246719 24% 13 44763 3759  6%
c - 2001.92 154 22 368 707436 20369294 209074 24% 13 44763 3759  6%
c s 2006.41 154 23 368 710304 20406536 242003 24% 13 44761 3759  6%
c w 2006.86 154 23 368 710304 20406536 241999 24% 13 44761 3759  6%
c s 2007.38 154 23 368 710304 20406536 241888 24% 13 44761 3759  6%
c 3 2013.35 154 22 368 715010 20475098 298767 23% 13 44761 3759  6%
c 3 2013.35 154 22 368 715010 20475098 299086 23% 13 44761 3759  6%
c p 2013.46 154 22 368 715010 20475098 299991 23% 13 44761 3759  6%
c - 2014.21 154 22 369 715231 20479995 214768 23% 13 44761 3759  6%
c # 2016.67 154 23 369 717444 20503391 235303 23% 13 44761 3759  6%
c - 2026.81 154 25 370 725610 20590995 218962 24% 14 44761 3759  6%
c - 2035.27 154 23 371 731487 20702295 213434 23% 14 44761 3759  6%
c 
c   seconds     reductions           redundant    irredundant
c            MB       restarts               trail      variables
c             level          conflicts           glue        remaining
c 
c B 2035.56 154 23 371 731600 20706393 216628 23% 14 44761 3759  6%
c - 2048.48 154 25 372 741574 20813898 217351 24% 14 44761 3759  6%
c s 2053.57 154 24 372 744678 20878281 270353 24% 14 44755 3759  6%
c w 2054.01 154 24 372 744678 20878281 270349 24% 14 44755 3759  6%
c s 2054.55 154 24 372 744678 20878281 270276 24% 14 44755 3759  6%
c W 2058.19 154 23 372 747104 20910395 297167 25% 14 44755 3759  6%
c - 2059.13 154 23 373 747585 20925799 215217 24% 14 44755 3759  6%
c 3 2060.06 154 24 373 748109 20930098 220183 24% 14 44755 3759  6%
c p 2060.15 154 24 373 748109 20930098 221544 24% 14 44755 3759  6%
c - 2070.72 154 25 374 755423 21037999 220128 23% 14 44755 3759  6%
c F 2077.73 154 23 374 759112 21115396 285566 24% 13 44755 3759  6%
c - 2080.66 154 22 375 761269 21150501 219024 24% 13 44755 3759  6%
c - 2089.60 154 24 376 773963 21263301 221063 24% 14 44755 3759  6%
c B 2091.60 154 20 376 774406 21321402 266912 25% 13 44755 3759  6%
c s 2094.63 154 20 376 776754 21357152 296157 25% 13 44752 3759  6%
c w 2095.23 154 20 376 776754 21357152 296152 25% 13 44752 3759  6%
c s 2095.85 154 20 376 776754 21357152 296057 25% 13 44752 3759  6%
c - 2097.16 154 20 377 777439 21376404 210329 24% 13 44752 3759  6%
c 3 2097.93 154 20 377 778734 21390098 223302 24% 13 44752 3759  6%
c p 2098.01 154 20 377 778734 21390098 224530 24% 13 44752 3759  6%
c 
c   seconds     reductions           redundant    irredundant
c            MB       restarts               trail      variables
c             level          conflicts           glue        remaining
c 
c - 2106.61 154 21 378 786995 21489805 216845 24% 13 44752 3759  6%
c W 2111.87 154 23 378 791767 21528403 250902 24% 14 44752 3759  6%
c - 2118.46 154 22 379 797355 21603507 223001 24% 13 44752 3759  6%
c - 2131.65 154 24 380 806350 21717507 225112 23% 14 44752 3759  6%
c # 2133.02 154 24 380 809184 21736410 241037 22% 14 44752 3759  6%
c - 2139.00 154 22 381 814214 21831807 217921 21% 13 44752 3759  6%
c s 2140.77 154 22 381 815666 21843153 227112 21% 14 44750 3759  6%
c w 2141.17 154 22 381 815666 21843153 227108 21% 14 44750 3759  6%
c s 2141.73 154 22 381 815666 21843153 227025 21% 14 44750 3759  6%
c 3 2142.25 154 22 381 815892 21855098 238229 21% 13 44750 3759  6%
c 3 2142.25 154 22 381 815892 21855098 238621 21% 13 44750 3759  6%
c p 2142.34 154 22 381 815892 21855098 239485 21% 13 44750 3759  6%
c B 2153.15 154 23 381 821077 21945411 317035 23% 13 44750 3759  6%
c - 2153.47 154 23 382 821272 21946408 222997 23% 13 44750 3759  6%
c - 2162.96 154 23 383 827843 22061308 224978 23% 13 44750 3759  6%
c W 2171.38 154 23 383 836542 22155412 305192 21% 14 44750 3759  6%
c - 2173.21 154 23 384 837275 22176510 221230 22% 14 44750 3759  6%
c - 2182.33 154 23 385 846596 22292010 223257 22% 14 44750 3759  6%
c 3 2183.41 154 22 385 847133 22325102 249617 22% 14 44750 3759  6%
c 2 2183.43 154 22 385 847133 22325102 250007 22% 14 44750 3759  6%
c 
c   seconds     reductions           redundant    irredundant
c            MB       restarts               trail      variables
c             level          conflicts           glue        remaining
c 
c p 2183.51 154 22 385 847133 22325102 250876 22% 14 44750 3759  6%
c s 2185.29 154 22 385 847914 22336293 260269 22% 14 44744 3759  6%
c v 2185.46 154 22 385 847914 22336293 260269 22% 14 44743 3759  6%
c w 2185.88 154 22 385 847914 22336293 260264 22% 14 44743 3759  6%
c s 2186.49 154 22 385 847914 22336293 260181 22% 14 44737 3759  6%
c F 2189.55 154 23 385 850307 22366414 285659 22% 14 44737 3759  6%
c - 2192.65 154 23 386 853269 22407810 220134 22% 14 44737 3759  6%
c - 2201.03 154 22 387 857161 22523910 223306 22% 13 44737 3759  6%
c B 2206.65 154 24 387 860550 22578416 270655 23% 14 44737 3759  6%
c - 2212.58 154 23 388 863166 22640311 226463 23% 13 44737 3759  6%
c - 2221.97 154 21 389 870003 22757012 227399 23% 13 44737 3759  6%
c W 2225.82 154 22 389 872181 22791420 256901 22% 13 44737 3759  6%
c 3 2227.13 154 23 389 873389 22800102 265970 22% 13 44737 3759  6%
c p 2227.24 154 23 389 873389 22800102 266824 22% 13 44737 3759  6%
c s 2231.60 154 23 389 877097 22836520 297340 22% 13 44733 3759  6%
c w 2232.22 154 23 389 877097 22836520 297335 22% 13 44733 3759  6%
c t 2232.22 154 23 389 877097 22836520 297334 22% 13 44733 3759  6%
c s 2232.78 154 23 389 877097 22836520 297270 22% 13 44733 3759  6%
c - 2236.96 154 23 390 879558 22874013 230344 22% 14 44733 3759  6%
c - 2246.91 154 22 391 888652 22991315 229912 22% 14 44733 3759  6%
c 
c   seconds     reductions           redundant    irredundant
c            MB       restarts               trail      variables
c             level          conflicts           glue        remaining
c 
c # 2248.11 154 22 391 889621 23005421 241520 22% 14 44733 3759  6%
c - 2261.60 154 24 392 896776 23108915 231901 23% 14 44733 3759  6%
c B 2273.24 154 23 392 905586 23220422 323280 24% 14 44733 3759  6%
c - 2274.53 154 24 393 906060 23226816 231369 24% 14 44733 3759  6%
c 3 2280.69 154 25 393 910186 23280103 280017 24% 14 44733 3759  6%
c 2 2280.73 154 25 393 910186 23280103 280016 24% 14 44733 3759  6%
c p 2280.84 154 25 393 910186 23280103 280844 24% 14 44733 3759  6%
c s 2288.07 154 24 393 915069 23343875 332708 22% 14 44724 3759  6%
c v 2288.28 154 24 393 915069 23343875 332708 22% 14 44722 3759  6%
c w 2288.83 154 24 393 915069 23343875 332700 22% 14 44722 3759  6%
c e 2288.85 154 24 393 915069 23343875 332107 22% 14 44738 3758  6%
c s 2288.99 154 24 393 915069 23343875 332091 22% 14 44738 3758  6%
c - 2289.13 154 24 394 915083 23345017 235642 22% 14 44738 3758  6%
c W 2297.09 154 22 394 917804 23436425 313086 22% 13 44738 3758  6%
c - 2300.54 154 23 395 919131 23463519 234599 23% 13 44738 3758  6%
c - 2309.68 154 21 396 928189 23582320 230993 24% 13 44738 3758  6%
c F 2316.42 154 21 396 934143 23653426 289956 23% 13 44738 3758  6%
c - 2318.72 154 22 397 943348 23701420 232876 23% 14 44738 3758  6%
c d 2323.36 154 22 397 945985 23765105 286370 25% 14 44738 3757  6%
c p 2323.48 154 22 397 945985 23765105 288523 25% 14 44738 3757  6%
c 
c   seconds     reductions           redundant    irredundant
c            MB       restarts               trail      variables
c             level          conflicts           glue        remaining
c 
c - 2328.50 154 20 398 947896 23820822 233633 26% 13 44738 3757  6%
c s 2334.46 154 22 398 953005 23858456 266808 25% 14 44732 3757  6%
c v 2334.64 154 22 398 953005 23858456 266808 25% 14 44732 3757  6%
c w 2334.95 154 22 398 953005 23858456 266794 25% 14 44732 3757  6%
c e 2334.97 154 22 398 953005 23858456 266789 25% 14 44737 3756  6%
c s 2335.04 154 22 398 953005 23858456 266786 25% 14 44737 3756  6%
c B 2336.31 154 22 398 953630 23871428 278268 25% 13 44737 3756  6%
c - 2342.72 154 22 399 958429 23940522 239648 24% 14 44737 3756  6%
c - 2351.20 154 22 400 966237 24060522 230291 22% 14 44737 3756  6%
c W 2353.86 154 22 400 967391 24090430 255138 22% 14 44737 3756  6%
c - 2362.79 154 23 401 975278 24180822 233010 22% 14 44737 3756  6%
c p 2370.50 154 24 401 979693 24255106 298592 24% 14 44737 3756  6%
c - 2374.63 154 24 402 982110 24301427 234457 24% 14 44737 3756  6%
c # 2375.22 154 24 402 982972 24310431 242179 24% 14 44737 3756  6%
c s 2381.28 154 23 402 987212 24380293 303606 23% 14 44732 3756  6%
c v 2381.44 154 23 402 987212 24380293 303606 23% 14 44731 3756  6%
c w 2381.72 154 23 402 987212 24380293 303597 23% 14 44731 3756  6%
c t 2381.73 154 23 402 987212 24380293 303596 23% 14 44731 3756  6%
c s 2381.91 154 23 402 987212 24380293 303563 23% 14 44731 3756  6%
c - 2387.61 154 25 403 992382 24422328 241414 23% 14 44731 3756  6%
c 
c   seconds     reductions           redundant    irredundant
c            MB       restarts               trail      variables
c             level          conflicts           glue        remaining
c 
c B 2394.14 154 22 403 996148 24531432 335322 23% 13 44731 3756  6%
c - 2397.23 154 23 404 997452 24543528 237291 23% 13 44731 3756  6%
c - 2407.80 154 23 405 1006628 24665029 236289 24% 13 44731 3756  6%
c d 2414.32 154 21 405 1014042 24750106 306572 24% 13 44731 3755  6%
c p 2414.47 154 21 405 1014042 24750106 308736 24% 13 44731 3755  6%
c W 2415.81 154 21 405 1014197 24753433 311441 24% 13 44731 3755  6%
c - 2418.90 154 22 406 1018415 24786832 235449 24% 14 44731 3755  6%
c - 2432.60 154 24 407 1029425 24908933 243420 23% 14 44731 3755  6%
c s 2433.21 154 24 407 1029425 24909247 242496 23% 14 44730 3755  6%
c w 2433.78 154 24 407 1029425 24909247 242478 23% 14 44730 3755  6%
c s 2434.00 154 24 407 1029425 24909247 242269 23% 14 44725 3755  6%
c F 2440.19 154 24 407 1035957 24976435 297294 23% 14 44725 3755  6%
c - 2444.84 154 24 408 1038977 25031335 243090 23% 14 44725 3755  6%
c - 2453.85 154 19 409 1043154 25154037 233055 28% 13 44725 3755  6%
c B 2458.05 154 18 409 1045963 25200436 269526 29% 12 44725 3755  6%
c 2 2461.95 154 20 409 1053937 25250109 312748 26% 13 44725 3755  6%
c p 2462.06 154 20 409 1053937 25250109 313641 26% 13 44725 3755  6%
c - 2465.04 154 21 410 1056556 25277038 239777 25% 13 44725 3755  6%
c - 2474.30 154 22 411 1065280 25400340 243615 23% 14 44725 3755  6%
c W 2477.28 154 21 411 1065781 25425437 264960 23% 13 44725 3755  6%
c 
c   seconds     reductions            redundant    irredundant
c            MB        restarts               trail      variables
c             level           conflicts           glue        remaining
c 
c s 2480.05 154 22 411 1067078 25445380 281421 23% 13 44711 3755  6%
c w 2480.59 154 22 411 1067078 25445380 281415 23% 13 44711 3755  6%
c s 2480.75 154 22 411 1067078 25445380 281312 23% 13 44711 3755  6%
c - 2490.56 154 23 412 1073190 25523941 242820 23% 14 44711 3755  6%
c - 2501.85 154 23 413 1081054 25647841 242933 22% 14 44711 3755  6%
c # 2501.97 154 23 413 1081938 25651438 246116 22% 14 44711 3755  6%
c p 2508.48 154 21 413 1089087 25755113 337229 23% 14 44711 3755  6%
c - 2509.93 154 21 414 1091165 25772043 245071 23% 14 44711 3755  6%
c B 2519.14 154 22 414 1099737 25878439 333453 23% 14 44711 3755  6%
c - 2521.39 154 23 415 1101326 25896543 243887 23% 14 44711 3755  6%
c s 2528.91 154 22 415 1107068 25988590 321634 23% 14 44711 3755  6%
c v 2529.09 154 22 415 1107068 25988590 321634 23% 14 44708 3755  6%
c w 2529.51 154 22 415 1107068 25988590 321629 23% 14 44708 3755  6%
c t 2529.52 154 22 415 1107068 25988590 321628 23% 14 44708 3755  6%
c s 2529.70 154 22 415 1107068 25988590 321579 23% 14 44706 3755  6%
c - 2532.21 154 22 416 1107714 26021344 247615 23% 13 44706 3755  6%
c W 2539.85 154 22 416 1114046 26106440 319246 24% 13 44706 3755  6%
c - 2543.79 154 22 417 1115460 26146446 247074 24% 13 44706 3755  6%
c d 2554.13 154 20 417 1121069 26265113 345366 28% 13 44706 3754  6%
c p 2554.31 154 20 417 1121069 26265113 347740 28% 13 44706 3754  6%
c 
c   seconds     reductions            redundant    irredundant
c            MB        restarts               trail      variables
c             level           conflicts           glue        remaining
c 
c - 2554.72 154 20 418 1121142 26271848 245155 28% 13 44706 3754  6%
c F 2558.25 154 19 418 1124520 26335441 293205 27% 13 44706 3754  6%
c - 2565.76 154 21 419 1130377 26397549 245053 25% 13 44706 3754  6%
c - 2578.30 154 23 420 1141297 26523551 250339 25% 14 44706 3754  6%
c s 2580.17 154 23 420 1142777 26538923 262527 25% 14 44703 3754  6%
c w 2580.67 154 23 420 1142777 26538923 262523 25% 14 44703 3754  6%
c s 2580.84 154 23 420 1142777 26538923 262511 25% 14 44701 3754  6%
c B 2584.07 154 23 420 1145922 26565442 285273 24% 14 44701 3754  6%
c - 2591.79 154 24 421 1150976 26649852 250425 23% 14 44701 3754  6%
c - 2603.93 154 24 422 1157610 26776452 251787 22% 14 44701 3754  6%
c p 2604.45 154 24 422 1157951 26780113 257260 22% 14 44701 3754  6%
c W 2607.23 154 24 422 1158610 26796443 271303 22% 14 44701 3754  6%
c - 2615.00 154 21 423 1161701 26903352 247833 23% 13 44701 3754  6%
c # 2627.02 154 22 423 1172634 27028445 353053 22% 14 44701 3754  6%
c - 2627.71 154 23 424 1172792 27030554 249461 22% 14 44701 3754  6%
c s 2633.19 154 22 424 1178083 27096438 305135 21% 14 44701 3754  6%
c v 2633.38 154 22 424 1178083 27096438 305135 21% 14 44699 3754  6%
c w 2633.89 154 22 424 1178083 27096438 305133 21% 14 44699 3754  6%
c s 2634.09 154 22 424 1178083 27096438 305125 21% 14 44698 3754  6%
c - 2642.55 154 25 425 1182065 27158057 253314 24% 14 44698 3754  6%
c 
c   seconds     reductions            redundant    irredundant
c            MB        restarts               trail      variables
c             level           conflicts           glue        remaining
c 
c B 2653.73 154 24 425 1188136 27261446 342486 23% 14 44698 3754  6%
c - 2654.97 154 23 426 1188857 27285857 253288 23% 14 44698 3754  6%
c p 2655.79 154 23 426 1190511 27300113 267996 22% 14 44698 3754  6%
c - 2666.91 154 23 427 1198366 27413958 255048 24% 14 44698 3754  6%
c W 2675.33 154 22 427 1202540 27495448 322001 24% 13 44698 3754  6%
c - 2681.18 154 21 428 1204911 27542360 254004 24% 13 44698 3754  6%
c s 2695.39 154 21 428 1213974 27661085 353844 24% 13 44698 3754  6%
c v 2695.60 154 21 428 1213974 27661085 353844 24% 13 44695 3754  6%
c w 2696.30 154 21 428 1213974 27661085 353835 24% 13 44695 3754  6%
c s 2696.68 154 21 428 1213974 27661085 353682 24% 13 44693 3754  6%
c e 2696.70 154 21 428 1213974 27661085 351602 24% 13 44709 3753  6%
c - 2697.44 154 22 429 1215970 27671060 258336 23% 13 44709 3753  6%
c F 2702.54 154 21 429 1218607 27730449 307344 23% 13 44709 3753  6%
c - 2709.09 154 21 430 1224244 27800060 255698 23% 13 44709 3753  6%
c p 2710.71 154 21 430 1226042 27825114 278869 22% 13 44709 3753  6%
c - 2723.01 154 22 431 1235020 27929360 257891 24% 13 44709 3753  6%
c B 2727.12 154 23 431 1238236 27966450 290805 23% 13 44709 3753  6%
c - 2735.11 156 22 432 1243051 28058960 263230 24% 13 44709 3753  6%
c - 2751.01 183 23 433 1253999 28188860 264541 24% 13 44709 3753  6%
c W 2753.05 183 23 433 1255922 28203451 276558 23% 14 44709 3753  6%
c 
c   seconds     reductions            redundant    irredundant
c            MB        restarts               trail      variables
c             level           conflicts           glue        remaining
c 
c s 2756.13 183 24 433 1258428 28232999 302287 23% 14 44709 3753  6%
c w 2756.78 183 24 433 1258428 28232999 302276 23% 14 44709 3753  6%
c s 2757.07 183 24 433 1258428 28232999 302223 23% 14 44706 3753  6%
c - 2765.13 183 23 434 1264526 28319065 264374 23% 14 44706 3753  6%
c p 2766.93 183 22 434 1267334 28355115 295656 22% 14 44706 3753  6%
c # 2775.55 183 22 434 1272139 28441456 367866 23% 14 44706 3753  6%
c - 2778.03 183 23 435 1273010 28449566 258084 24% 14 44706 3753  6%
c - 2790.65 106 23 436 1281213 28580368 259850 24% 14 44706 3753  6%
c B 2799.55 106 23 436 1288173 28680458 344171 23% 14 44706 3753  6%
c - 2802.56 131 21 437 1289442 28711468 260007 24% 13 44706 3753  6%
c s 2812.25 131 22 437 1296438 28812045 344866 22% 14 44706 3753  6%
c v 2812.45 131 22 437 1296438 28812045 344866 22% 14 44703 3753  6%
c w 2812.76 131 22 437 1296438 28812045 344856 22% 14 44703 3753  6%
c s 2813.07 131 22 437 1296438 28812045 344796 22% 14 44701 3753  6%
c - 2817.55 131 23 438 1299509 28842868 262953 23% 14 44701 3753  6%
c p 2821.01 131 21 438 1302618 28890116 304322 22% 14 44701 3753  6%
c W 2823.76 131 21 438 1305759 28920459 329819 22% 14 44701 3753  6%
c - 2830.44 132 22 439 1310029 28974570 263695 22% 14 44701 3753  6%
c - 2842.82 134 22 440 1316664 29106571 263460 23% 13 44701 3753  6%
c F 2847.36 134 22 440 1320778 29161461 309718 22% 14 44701 3753  6%
c 
c   seconds     reductions            redundant    irredundant
c            MB        restarts               trail      variables
c             level           conflicts           glue        remaining
c 
c - 2854.06 134 22 441 1324773 29238871 259761 23% 14 44701 3753  6%
c - 2867.43 154 23 442 1333968 29371473 262632 23% 14 44701 3753  6%
c s 2869.66 154 22 442 1335109 29398213 285924 22% 14 44701 3753  6%
c w 2870.15 154 22 442 1335109 29398213 285920 22% 14 44701 3753  6%
c s 2870.38 154 22 442 1335109 29398213 285915 22% 14 44699 3753  6%
c B 2870.90 154 23 442 1335273 29403464 290559 23% 14 44699 3753  6%
c p 2872.70 154 23 442 1336638 29430116 315561 23% 14 44699 3753  6%
c - 2879.14 154 21 443 1339662 29504373 262985 23% 14 44699 3753  6%
c - 2896.30 154 22 444 1348218 29637574 266650 22% 13 44699 3753  6%
c W 2897.54 154 22 444 1348567 29646465 273447 22% 13 44699 3753  6%
c - 2909.98 154 23 445 1361041 29771074 268732 22% 14 44699 3753  6%
c # 2918.90 154 21 445 1365936 29890466 367272 25% 13 44699 3753  6%
c - 2921.36 154 22 446 1368054 29904876 261954 25% 14 44699 3753  6%
c d 2927.02 154 21 446 1371240 29975118 319641 25% 13 44699 3752  6%
c p 2927.17 154 21 446 1371240 29975118 321865 25% 13 44699 3752  6%
c s 2930.34 154 21 446 1372332 29991518 335288 25% 13 44697 3752  6%
c v 2930.53 154 21 446 1372332 29991518 335288 25% 13 44694 3752  6%
c w 2930.94 154 21 446 1372332 29991518 335281 25% 13 44694 3752  6%
c t 2930.94 154 21 446 1372332 29991518 335280 25% 13 44694 3752  6%
c s 2931.25 154 21 446 1372332 29991518 335265 25% 13 44692 3752  6%
c 
c   seconds     reductions            redundant    irredundant
c            MB        restarts               trail      variables
c             level           conflicts           glue        remaining
c 
c e 2931.26 154 21 446 1372332 29991518 334967 25% 13 44708 3751  6%
c - 2936.24 154 22 447 1376323 30038977 265182 25% 14 44708 3751  6%
c B 2944.70 154 21 447 1380951 30135467 342322 24% 13 44708 3751  6%
c - 2948.20 154 21 448 1384718 30173377 260881 23% 13 44708 3751  6%
c - 2963.37 157 23 449 1394241 30308079 269425 24% 14 44708 3751  6%
c W 2971.76 157 23 449 1398390 30381468 332408 24% 14 44708 3751  6%
c - 2975.12 157 22 450 1401292 30443081 268846 23% 14 44708 3751  6%
c d 2982.07 157 22 450 1404513 30525120 336511 24% 13 44708 3750  6%
c p 2982.21 157 22 450 1404513 30525120 338713 24% 13 44708 3750  6%
c - 2988.52 157 22 451 1407046 30578381 267624 25% 13 44708 3750  6%
c s 2990.08 157 21 451 1407342 30592150 279400 24% 13 44700 3750  6%
c v 2990.27 157 21 451 1407342 30592150 279400 24% 13 44696 3750  6%
c w 2990.57 157 21 451 1407342 30592150 279394 24% 13 44696 3750  6%
c e 2990.58 157 21 451 1407342 30592150 277897 24% 13 44712 3749  6%
c s 2990.86 157 21 451 1407342 30592150 277880 24% 13 44710 3749  6%
c F 2994.38 157 20 451 1408465 30628469 307155 23% 12 44710 3749  6%
c - 3006.34 158 21 452 1416698 30713981 274204 24% 13 44710 3749  6%
c - 3017.48 158 22 453 1428757 30849882 279423 24% 13 44710 3749  6%
c B 3020.25 158 23 453 1431766 30876470 302696 24% 14 44710 3749  6%
c - 3029.42 158 21 454 1440282 30986086 272715 22% 14 44710 3749  6%
c 
c   seconds     reductions            redundant    irredundant
c            MB        restarts               trail      variables
c             level           conflicts           glue        remaining
c 
c p 3037.98 158 22 454 1447947 31080120 354602 21% 14 44710 3749  6%
c - 3042.54 158 22 455 1450054 31122590 271682 22% 14 44710 3749  6%
c W 3043.83 158 22 455 1450486 31125473 273880 22% 14 44710 3749  6%
c s 3053.09 158 24 455 1455498 31200077 337228 23% 14 44710 3749  6%
c v 3053.30 158 24 455 1455498 31200077 337228 23% 14 44706 3749  6%
c w 3053.89 158 24 455 1455498 31200077 337223 23% 14 44706 3749  6%
c s 3054.40 158 24 455 1455498 31200077 337204 23% 14 44704 3749  6%
c - 3059.09 158 23 456 1458022 31259390 273649 22% 14 44704 3749  6%
c # 3071.81 158 24 456 1466402 31375474 373737 23% 14 44704 3749  6%
c - 3073.90 161 23 457 1466886 31396491 276172 24% 14 44704 3749  6%
c - 3087.31 161 24 458 1474792 31533892 274930 23% 14 44704 3749  6%
c B 3094.52 161 23 458 1479457 31626475 353901 24% 14 44704 3749  6%
c 3 3097.74 161 24 458 1480912 31640120 367709 25% 14 44704 3749  6%
c p 3097.91 161 24 458 1480912 31640120 368563 25% 14 44704 3749  6%
c - 3101.39 161 23 459 1481953 31671592 278066 24% 13 44704 3749  6%
c - 3119.89 165 22 460 1490222 31809592 280887 25% 13 44704 3749  6%
c s 3121.14 165 21 460 1490263 31815121 284953 25% 13 44704 3749  6%
c v 3121.35 165 21 460 1490263 31815121 284953 25% 13 44702 3749  6%
c w 3121.93 165 21 460 1490263 31815121 284938 25% 13 44702 3749  6%
c s 3122.47 165 21 460 1490263 31815121 284693 25% 13 44697 3749  6%
c 
c   seconds     reductions            redundant    irredundant
c            MB        restarts               trail      variables
c             level           conflicts           glue        remaining
c 
c W 3130.07 165 21 460 1493551 31878477 338079 24% 13 44697 3749  6%
c - 3137.05 165 21 461 1498669 31947897 284282 23% 13 44697 3749  6%
c - 3148.63 165 24 462 1512477 32086499 279999 23% 14 44697 3749  6%
c F 3151.13 165 23 462 1513021 32131478 317789 25% 13 44697 3749  6%
c 2 3160.78 165 21 462 1516693 32205120 381215 26% 13 44697 3749  6%
c p 3160.91 165 21 462 1516693 32205120 382072 26% 13 44697 3749  6%
c - 3163.81 165 21 463 1518019 32225399 276564 25% 13 44697 3749  6%
c - 3184.56 165 26 464 1533836 32364599 287960 25% 14 44697 3749  6%
c B 3186.08 165 25 464 1534320 32385479 306439 24% 14 44697 3749  6%
c s 3193.11 165 24 464 1536913 32437277 349696 23% 14 44694 3749  6%
c v 3193.33 165 24 464 1536913 32437277 349696 23% 14 44689 3749  6%
c w 3193.98 165 24 464 1536913 32437277 349683 23% 14 44689 3749  6%
c t 3193.98 165 24 464 1536913 32437277 349682 23% 14 44689 3749  6%
c s 3194.51 165 24 464 1536913 32437277 349548 23% 14 44689 3749  6%
c - 3203.72 168 23 465 1542220 32504101 285808 24% 14 44689 3749  6%
c W 3218.36 168 23 465 1549939 32640480 398231 24% 14 44689 3749  6%
c - 3218.58 168 23 466 1550809 32643901 280465 24% 14 44689 3749  6%
c } 3231.93 168 21 466 1556859 32767014 383711 26% 13 44689 3749  6%
c [ 3231.93 168 78 466 1556859 32767014 383711 47% 51 44689 3749  6%
c p 3232.90 168 73 466 1556859 32775123 391943 45% 48 44689 3749  6%
c 
c   seconds     reductions            redundant    irredundant
c            MB        restarts               trail      variables
c             level           conflicts           glue        remaining
c 
c - 3233.62 168 74 467 1556859 32784001 283532 45% 47 44689 3749  6%
c B 3246.76 168 77 467 1556859 32896481 390707 46% 46 44689 3749  6%
c - 3251.64 234 74 468 1556859 32924403 297095 47% 46 44689 3749  6%
c - 3276.50 230 69 469 1556859 33065104 289613 46% 52 44689 3749  6%
c s 3277.35 230 69 469 1556859 33066538 290826 45% 52 44687 3749  6%
c v 3277.57 230 69 469 1556859 33066538 290826 45% 52 44685 3749  6%
c w 3277.77 230 69 469 1556859 33066538 290813 45% 52 44685 3749  6%
c t 3277.78 230 69 469 1556859 33066538 290809 45% 52 44685 3749  6%
c s 3278.06 230 69 469 1556859 33066538 290805 45% 52 44682 3749  6%
c W 3290.90 230 66 469 1556859 33153482 363307 43% 53 44682 3749  6%
c - 3300.85 168 65 470 1556859 33206105 283414 46% 51 44682 3749  6%
c - 3323.45 226 65 471 1556859 33347405 293196 49% 47 44682 3749  6%
c p 3324.18 226 65 471 1556859 33350123 297944 49% 47 44682 3749  6%
c O 3336.58 226 68 471 1556859 33411483 355008 49% 50 44682 3749  6%
c - 3346.57 229 63 472 1556859 33489005 296554 46% 44 44682 3749  6%
c - 3368.04 230 61 473 1556890 33630905 293137 46% 41 44682 3749  6%
c B 3371.05 230 58 473 1556906 33670486 329402 42% 39 44682 3749  6%
c - 3385.12 168 58 474 1556935 33773105 287730 45% 38 44682 3749  6%
c - 3396.92 209 54 475 1556984 33915606 281660 42% 36 44682 3749  6%
c p 3399.14 209 55 475 1556985 33930124 297584 43% 37 44682 3749  6%
c 
c   seconds     reductions            redundant    irredundant
c            MB        restarts               trail      variables
c             level           conflicts           glue        remaining
c 
c d 3399.16 209 55 475 1556985 33930124 297569 43% 37 44682 3748  6%
c s 3399.81 209 55 475 1556985 33930124 297290 43% 37 44682 3748  6%
c w 3400.33 209 55 475 1556985 33930124 297257 43% 37 44682 3748  6%
c t 3400.34 209 55 475 1556985 33930124 297255 43% 37 44682 3748  6%
c s 3400.64 209 55 475 1556985 33930124 297033 43% 37 44682 3748  6%
c W 3401.76 209 55 475 1556985 33930488 297373 43% 37 44682 3748  6%
c - 3427.15 168 48 476 1557006 34058407 283043 46% 37 44682 3748  6%
c I 3455.43 168 47 476 1557049 34191491 393023 47% 39 44682 3748  6%
c - 3457.01 218 49 477 1557049 34201508 283569 48% 39 44682 3748  6%
c - 3481.67 168 52 478 1557102 34344908 281980 46% 41 44682 3748  6%
c B 3500.65 168 55 478 1557113 34453495 375793 46% 44 44682 3748  6%
c - 3505.82 215 62 479 1557114 34488610 282734 46% 44 44682 3748  6%
c p 3510.19 215 64 479 1557114 34515125 309288 46% 44 44682 3748  6%
c - 3528.03 168 65 480 1557124 34632610 286184 47% 46 44682 3748  6%
c W 3546.57 168 65 480 1557155 34716498 361921 48% 48 44682 3748  6%
c - 3558.81 228 63 481 1557176 34776910 293885 48% 46 44682 3748  6%
c - 3588.56 168 60 482 1557221 34921513 288218 46% 47 44682 3748  6%
c O 3600.45 168 59 482 1557239 34980501 337963 46% 47 44682 3748  6%
c - 3612.20 217 55 483 1557241 35066413 293421 40% 40 44682 3748  6%
c p 3618.82 217 52 483 1557255 35105125 330853 38% 39 44682 3748  6%
c 
c   seconds     reductions            redundant    irredundant
c            MB        restarts               trail      variables
c             level           conflicts           glue        remaining
c 
c - 3632.02 168 54 484 1557294 35211613 297057 41% 38 44682 3748  6%
c B 3636.27 168 53 484 1557303 35245502 327753 42% 37 44682 3748  6%
c - 3653.28 223 56 485 1557335 35357113 293088 47% 40 44682 3748  6%
c - 3684.36 168 51 486 1557368 35502915 284078 47% 41 44682 3748  6%
c W 3687.15 168 51 486 1557368 35511503 290397 47% 41 44682 3748  6%
c - 3716.04 216 50 487 1557369 35649016 283607 47% 40 44682 3748  6%
c p 3725.47 216 50 487 1557370 35700129 329054 47% 40 44682 3748  6%
c I 3739.85 216 49 487 1557370 35778508 390103 46% 41 44682 3748  6%
c - 3742.00 168 51 488 1557370 35795417 282436 46% 40 44682 3748  6%
c - 3764.10 238 62 489 1557370 35942118 296258 47% 44 44682 3748  6%
c B 3779.41 238 67 489 1557410 36046509 389832 47% 48 44682 3748  6%
c - 3787.06 224 66 490 1557430 36089119 294598 47% 48 44682 3748  6%
c - 3820.35 227 66 491 1557468 36236422 286852 48% 54 44682 3748  6%
c p 3832.65 227 65 491 1557495 36300129 336272 47% 56 44682 3748  6%
c W 3835.38 227 66 491 1557496 36315510 350443 47% 54 44682 3748  6%
c - 3846.05 228 61 492 1557497 36384024 295811 46% 47 44682 3748  6%
c - 3872.35 226 57 493 1557544 36531924 294438 48% 44 44682 3748  6%
c O 3882.53 226 56 493 1557560 36585511 338743 48% 44 44682 3748  6%
c - 3893.99 220 49 494 1557590 36680127 299978 41% 34 44682 3748  6%
c - 3911.92 218 55 495 1557624 36828629 297378 41% 37 44682 3748  6%
c 
c   seconds     reductions            redundant    irredundant
c            MB        restarts               trail      variables
c             level           conflicts           glue        remaining
c 
c B 3915.54 218 54 495 1557624 36856516 321558 40% 37 44682 3748  6%
c p 3921.55 218 62 495 1557625 36905130 369461 42% 40 44682 3748  6%
c - 3934.17 228 66 496 1557625 36977431 304175 45% 46 44682 3748  6%
c - 3966.46 230 69 497 1557671 37126534 300299 47% 52 44682 3748  6%
c W 3967.91 230 69 497 1557671 37128520 302116 47% 52 44682 3748  6%
c - 3998.01 228 59 498 1557718 37275934 301748 47% 44 44682 3748  6%
c s 3998.61 228 59 498 1557718 37275934 301614 47% 44 44682 3748  6%
c w 3999.96 228 59 498 1557718 37275934 301574 47% 44 44682 3748  6%
c t 3999.96 228 59 498 1557718 37275934 301573 47% 44 44682 3748  6%
c I 4023.55 228 59 498 1557751 37401522 417653 47% 42 44682 3748  6%
c - 4027.61 233 64 499 1557752 37425634 310333 46% 44 44682 3748  6%
c p 4038.87 233 71 499 1557770 37515133 396769 45% 45 44682 3748  6%
c - 4046.42 222 62 500 1557791 37575634 307949 43% 39 44682 3748  6%
c B 4058.60 222 55 500 1557815 37675524 400590 41% 37 44682 3748  6%
c - 4062.82 220 52 501 1557839 37725934 304777 38% 35 44682 3748  6%
c - 4086.88 228 63 502 1557878 37876534 305648 46% 43 44682 3748  6%
c W 4099.62 228 65 502 1557880 37950525 374215 46% 44 44682 3748  6%
c - 4117.03 224 63 503 1557880 38027434 307083 46% 45 44682 3748  6%
c p 4137.83 224 63 503 1557881 38130135 400962 47% 46 44682 3748  6%
c - 4145.21 225 65 504 1557881 38178634 311076 46% 45 44682 3748  6%
c 
c   seconds     reductions            redundant    irredundant
c            MB        restarts               trail      variables
c             level           conflicts           glue        remaining
c 
c O 4153.40 225 65 504 1557881 38226527 353917 46% 46 44682 3748  6%
c - 4171.02 232 48 505 1557881 38330134 314808 47% 34 44682 3748  6%
c - 4205.69 229 41 506 1557882 38481935 312800 46% 30 44682 3748  6%
c B 4209.99 229 40 506 1557882 38503528 333257 46% 29 44682 3748  6%
c - 4233.58 238 69 507 1557882 38634036 316571 47% 48 44682 3748  6%
c p 4259.55 238 74 507 1557882 38750136 427814 48% 53 44682 3748  6%
c W 4267.14 238 72 507 1557882 38781529 456526 48% 53 44682 3748  6%
c - 4268.45 243 73 508 1557882 38786436 319831 49% 53 44682 3748  6%
c - 4295.13 240 76 509 1557912 38939136 313033 49% 56 44682 3748  6%
c I 4313.03 240 59 509 1557945 39060530 418889 47% 46 44682 3748  6%
c - 4315.88 220 53 510 1557956 39092138 301919 43% 40 44682 3748  6%
c - 4339.87 222 54 511 1558008 39245440 297431 45% 41 44682 3748  6%
c B 4360.71 222 57 511 1558009 39340531 385777 46% 44 44682 3748  6%
c p 4366.03 222 61 511 1558026 39375138 419082 47% 46 44682 3748  6%
c - 4370.50 231 62 512 1558039 39399040 309328 48% 47 44682 3748  6%
c - 4395.71 229 64 513 1558080 39552940 312264 48% 46 44682 3748  6%
c W 4411.29 229 61 513 1558103 39621533 373299 49% 47 44682 3748  6%
c - 4425.35 232 60 514 1558135 39707140 316437 48% 46 44682 3748  6%
c - 4459.83 224 53 515 1558137 39861640 305704 48% 44 44682 3748  6%
c O 4469.84 224 52 515 1558137 39903535 339961 48% 44 44682 3748  6%
c 
c   seconds     reductions            redundant    irredundant
c            MB        restarts               trail      variables
c             level           conflicts           glue        remaining
c 
c p 4484.85 224 45 515 1558167 40005138 437580 46% 35 44682 3748  6%
c - 4486.95 230 47 516 1558168 40016440 315022 46% 36 44682 3748  6%
c - 4514.98 228 50 517 1558215 40171540 310760 46% 36 44682 3748  6%
c B 4517.69 228 51 517 1558224 40186536 323736 46% 38 44682 3748  6%
c - 4548.45 227 58 518 1558263 40326940 308285 49% 44 44682 3748  6%
c W 4586.09 227 59 518 1558294 40470538 431111 49% 46 44682 3748  6%
c - 4590.44 228 59 519 1558295 40482643 312938 49% 46 44682 3748  6%
c - 4634.57 224 53 520 1558343 40638645 312980 48% 43 44682 3748  6%
c s 4634.81 224 53 520 1558343 40638645 312889 48% 43 44682 3748  6%
c w 4636.16 224 53 520 1558343 40638645 312830 48% 43 44682 3748  6%
c d 4636.71 224 53 520 1558344 40640138 313921 48% 43 44682 3747  6%
c p 4636.91 224 53 520 1558344 40640138 316311 48% 43 44682 3747  6%
c s 4637.66 224 53 520 1558344 40640138 315765 48% 43 44671 3747  6%
c I 4668.15 224 54 520 1558389 40755539 412094 49% 43 44671 3747  6%
c - 4672.56 226 60 521 1558390 40794946 321539 45% 42 44671 3747  6%
c - 4692.61 227 65 522 1558392 40951546 320880 40% 44 44671 3747  6%
c B 4707.54 227 67 522 1558393 41041540 407166 43% 48 44671 3747  6%
c - 4719.62 240 68 523 1558393 41108449 325492 47% 48 44671 3747  6%
c - 4757.57 241 64 524 1558393 41265649 327825 49% 47 44671 3747  6%
c p 4760.68 241 64 524 1558400 41280141 343314 49% 47 44671 3747  6%
c 
c   seconds     reductions            redundant    irredundant
c            MB        restarts               trail      variables
c             level           conflicts           glue        remaining
c 
c W 4772.18 241 62 524 1558423 41328541 386049 50% 47 44671 3747  6%
c - 4800.76 234 55 525 1558455 41423152 322947 49% 42 44671 3747  6%
c - 4837.97 236 54 526 1558502 41580952 326352 50% 43 44671 3747  6%
c O 4844.16 236 57 526 1558517 41616542 356938 51% 46 44671 3747  6%
c - 4860.84 229 46 527 1558523 41739052 321253 46% 33 44671 3747  6%
c - 4894.18 228 49 528 1558582 41897452 315764 48% 36 44671 3747  6%
c B 4896.13 228 49 528 1558583 41905543 322484 48% 36 44671 3747  6%
c p 4898.77 228 60 528 1558583 41925142 343682 49% 40 44671 3747  6%
c - 4922.38 236 70 529 1558633 42056153 317910 51% 50 44671 3747  6%
c W 4953.12 236 74 529 1558647 42195544 440741 51% 57 44671 3747  6%
c - 4958.80 234 73 530 1558648 42215153 319574 51% 56 44671 3747  6%
c - 4992.90 238 71 531 1558669 42374453 322837 52% 58 44671 3747  6%
c I 5017.31 238 65 531 1558710 42486545 419286 54% 53 44671 3747  6%
c - 5023.07 231 63 532 1558712 42534053 319168 51% 47 44671 3747  6%
c p 5028.69 231 60 532 1558732 42575142 359058 50% 44 44671 3747  6%
c - 5046.49 229 60 533 1558773 42693953 319001 49% 43 44671 3747  6%
c B 5061.91 229 57 533 1558775 42778546 399391 50% 41 44671 3747  6%
c - 5073.78 234 57 534 1558803 42854154 323966 48% 41 44671 3747  6%
c - 5105.33 239 54 535 1558847 43014656 318847 50% 40 44671 3747  6%
c W 5118.85 239 51 535 1558869 43071547 367613 50% 39 44671 3747  6%
c 
c   seconds     reductions            redundant    irredundant
c            MB        restarts               trail      variables
c             level           conflicts           glue        remaining
c 
c - 5141.17 236 51 536 1558901 43175456 323679 50% 39 44671 3747  6%
c p 5153.86 236 51 536 1558902 43230142 375096 50% 40 44671 3747  6%
c - 5179.76 231 54 537 1558903 43336557 318844 51% 44 44671 3747  6%
c O 5185.87 231 55 537 1558903 43365548 342503 51% 45 44671 3747  6%
c - 5206.00 244 46 538 1558904 43497958 328484 50% 34 44671 3747  6%
c - 5248.27 252 45 539 1558904 43659659 337813 49% 34 44671 3747  6%
c B 5248.50 252 45 539 1558904 43660549 338652 49% 34 44671 3747  6%
c - 5279.03 252 62 540 1558905 43821659 331063 51% 47 44671 3747  6%
c p 5297.02 252 63 540 1558905 43890142 396369 50% 49 44671 3747  6%
c W 5313.94 252 61 540 1558905 43956550 456450 51% 48 44671 3747  6%
c - 5322.34 245 60 541 1558905 43983963 336967 51% 47 44671 3747  6%
c s 5322.59 245 60 541 1558905 43983963 336826 51% 47 44671 3747  6%
c v 5322.88 245 60 541 1558905 43983963 336826 51% 47 44659 3747  6%
c w 5324.04 245 60 541 1558905 43983963 336729 51% 47 44659 3747  6%
c s 5324.67 245 60 541 1558905 43983963 336413 51% 47 44654 3747  6%
c - 5366.40 227 58 542 1558905 44146564 328435 49% 46 44654 3747  6%
c I 5394.49 227 58 542 1558906 44253551 416957 49% 48 44654 3747  6%
c - 5403.29 233 59 543 1558906 44309465 338310 47% 45 44654 3747  6%
c - 5442.73 241 53 544 1558906 44472667 339098 47% 43 44654 3747  6%
c B 5463.57 241 54 544 1558906 44551554 411832 48% 44 44654 3747  6%
c 
c   seconds     reductions            redundant    irredundant
c            MB        restarts               trail      variables
c             level           conflicts           glue        remaining
c 
c d 5464.13 241 55 544 1558906 44555142 415283 48% 44 44654 3746  6%
c p 5464.41 241 55 544 1558906 44555142 417482 48% 44 44654 3746  6%
c - 5479.54 240 54 545 1558906 44636169 345702 49% 41 44654 3746  6%
c s 5480.93 240 54 545 1558906 44641765 350708 50% 41 44654 3746  6%
c v 5481.21 240 54 545 1558906 44641765 350708 50% 41 44653 3746  6%
c w 5481.60 240 54 545 1558906 44641765 350636 50% 41 44653 3746  6%
c s 5482.37 240 54 545 1558906 44641765 350530 50% 41 44653 3746  6%
c - 5519.92 234 54 546 1558906 44799969 334021 51% 42 44653 3746  6%
c W 5532.88 234 54 546 1558906 44850559 378176 51% 42 44653 3746  6%
c - 5563.08 236 53 547 1558906 44964069 334665 52% 43 44653 3746  6%
c - 5609.03 236 52 548 1558906 45128474 339228 51% 42 44653 3746  6%
c O 5614.04 236 51 548 1558906 45150561 358622 51% 42 44653 3746  6%
c p 5625.12 236 46 548 1558906 45225143 432301 49% 33 44653 3746  6%
c - 5633.89 234 48 549 1558907 45293174 339755 44% 32 44653 3746  6%
c B 5663.77 234 48 549 1558907 45451562 485310 42% 33 44653 3746  6%
c - 5665.05 234 51 550 1558907 45458174 342892 42% 34 44653 3746  6%
c - 5696.46 241 72 551 1558907 45623474 337673 46% 48 44653 3746  6%
c W 5730.05 241 73 551 1558907 45753563 456633 46% 52 44653 3746  6%
c - 5737.70 244 69 552 1558907 45789075 348995 48% 51 44653 3746  6%
c p 5765.10 244 65 552 1558907 45900143 451467 49% 51 44653 3746  6%
c 
c   seconds     reductions            redundant    irredundant
c            MB        restarts               trail      variables
c             level           conflicts           glue        remaining
c 
c - 5780.96 237 64 553 1558907 45954976 338672 50% 51 44653 3746  6%
c I 5805.30 237 62 553 1558907 46056564 426108 51% 50 44653 3746  6%
c - 5814.55 235 64 554 1558907 46121178 341629 47% 45 44653 3746  6%
c - 5842.91 239 75 555 1558907 46287678 340576 47% 51 44653 3746  6%
c B 5858.19 239 73 555 1558907 46360568 409022 45% 51 44653 3746  6%
c - 5874.74 244 73 556 1558907 46454481 350566 46% 48 44653 3746  6%
c p 5903.13 244 73 556 1558907 46580143 472074 49% 50 44653 3746  6%
c - 5917.57 246 70 557 1558907 46621581 349393 50% 49 44653 3746  6%
c W 5929.28 246 67 557 1558907 46665570 389136 50% 49 44653 3746  6%
c - 5965.11 233 60 558 1558907 46788982 341328 49% 48 44653 3746  6%
c - 6008.37 229 57 559 1558907 46956682 328887 50% 49 44653 3746  6%
c O 6012.03 229 56 559 1558907 46971571 340869 50% 48 44653 3746  6%
c - 6030.97 224 38 560 1558907 47124682 343079 38% 27 44653 3746  6%
c p 6052.86 224 33 560 1558907 47265144 478324 35% 22 44653 3746  6%
c B 6054.99 224 33 560 1558907 47278575 491227 36% 23 44653 3746  6%
c - 6057.30 228 40 561 1558907 47292983 356243 38% 26 44653 3746  6%
c - 6090.71 248 66 562 1558938 47461584 342768 49% 48 44653 3746  6%
c W 6122.32 248 63 562 1558971 47586578 446767 50% 51 44653 3746  6%
c - 6136.37 231 62 563 1558992 47630485 329839 50% 50 44653 3746  6%
c - 6178.36 231 60 564 1559034 47799685 328654 51% 49 44653 3746  6%
c 
c   seconds     reductions            redundant    irredundant
c            MB        restarts               trail      variables
c             level           conflicts           glue        remaining
c 
c I 6199.49 231 59 564 1559056 47895580 406617 50% 49 44653 3746  6%
c p 6206.42 231 49 564 1559078 47955146 461775 43% 38 44653 3746  6%
c - 6208.72 230 50 565 1559081 47969186 336507 44% 38 44653 3746  6%
c - 6236.16 234 50 566 1559132 48138986 339602 45% 36 44653 3746  6%
c s 6236.35 234 50 566 1559132 48138986 339512 45% 36 44653 3746  6%
c w 6238.55 234 50 566 1559132 48138986 339410 45% 36 44653 3746  6%
c B 6249.54 234 49 566 1559159 48205582 396699 44% 37 44653 3746  6%
c - 6270.00 236 63 567 1559161 48309088 337623 49% 46 44653 3746  6%
c - 6316.27 250 64 568 1559177 48479489 344636 52% 51 44653 3746  6%
c W 6326.65 250 66 568 1559192 48516584 378754 52% 52 44653 3746  6%
c p 6355.69 250 57 568 1559226 48650148 504745 49% 41 44653 3746  6%
c - 6355.95 240 57 569 1559226 48650189 351759 49% 41 44653 3746  6%
c - 6392.64 235 55 570 1559288 48821189 349232 49% 40 44653 3746  6%
c O 6394.31 235 55 570 1559288 48828585 355886 49% 41 44653 3746  6%
c - 6413.95 217 41 571 1559320 48992489 342360 37% 28 44653 3746  6%
c s 6418.69 217 44 571 1559335 49028772 375527 39% 29 44653 3746  6%
c B 6438.87 217 54 571 1559367 49141586 478547 45% 42 44653 3746  6%
c - 6442.69 234 58 572 1559377 49164090 347759 46% 43 44653 3746  6%
c - 6477.00 232 58 573 1559416 49335990 340654 49% 45 44653 3746  6%
c p 6480.17 232 58 573 1559416 49350149 355356 50% 45 44653 3746  6%
c 
c   seconds     reductions            redundant    irredundant
c            MB        restarts               trail      variables
c             level           conflicts           glue        remaining
c 
c W 6510.44 232 57 573 1559417 49455590 452236 51% 45 44653 3746  6%
c - 6530.20 241 57 574 1559417 49508191 348802 50% 45 44653 3746  6%
c - 6585.13 234 58 575 1559418 49680692 348641 49% 47 44653 3746  6%
c I 6610.72 234 58 575 1559418 49770594 428256 50% 48 44653 3746  6%
c - 6617.54 226 48 576 1559449 49853497 349738 39% 36 44653 3746  6%
c s 6618.85 226 47 576 1559449 49859556 355271 40% 35 44651 3746  6%
c w 6619.90 226 47 576 1559449 49859556 355203 40% 35 44651 3746  6%
c t 6619.90 226 47 576 1559449 49859556 355202 40% 35 44651 3746  6%
c s 6620.58 226 47 576 1559449 49859556 355037 40% 35 44650 3746  6%
c - 6647.37 236 63 577 1559505 50026597 342741 46% 47 44650 3746  6%
c p 6653.46 236 65 577 1559512 50055152 368449 47% 50 44650 3746  6%
c B 6660.78 236 66 577 1559526 50086595 394170 47% 53 44650 3746  6%
c - 6681.67 238 66 578 1559545 50199998 347749 49% 48 44650 3746  6%
c - 6719.65 239 63 579 1559598 50373698 352238 51% 46 44650 3746  6%
c W 6727.32 239 60 579 1559607 50403599 378746 52% 45 44650 3746  6%
c - 6761.41 240 56 580 1559652 50547699 351675 52% 42 44650 3746  6%
c O 6801.65 240 51 580 1559673 50721600 506179 50% 40 44650 3746  6%
c - 6801.94 237 51 581 1559673 50722000 350474 50% 39 44650 3746  6%
c p 6807.62 237 46 581 1559673 50765153 392633 46% 35 44650 3746  6%
c - 6831.22 249 57 582 1559701 50896600 352521 49% 40 44650 3746  6%
c 
c   seconds     reductions            redundant    irredundant
c            MB        restarts               trail      variables
c             level           conflicts           glue        remaining
c 
c B 6863.19 249 61 582 1559736 51040603 478498 52% 46 44650 3746  6%
c - 6868.46 243 62 583 1559751 51071502 348697 52% 46 44650 3746  6%
c ] 6891.25 243 62 583 1559796 51184127 447327 53% 47 44650 3746  6%
c ? 6891.25 243 62 583 1559796 51184127 447327 53% 47 44650 3746  6%
c 
c --- [ result ] -------------------------------------------------------------
c 
c UNKNOWN
c 
c --- [ run-time profiling ] -------------------------------------------------
c 
c process time taken by individual solving procedures
c (percentage relative to process time for solving)
c 
c      6786.28   98.48% search
c      4913.54   71.30% stable
c      1787.64   25.94% unstable
c       104.93    1.52% simplify
c        85.09    1.23% walk
c        48.79    0.71% subsume
c        34.22    0.50% vivify
c        11.91    0.17% probe
c         2.81    0.04% ternary
c         1.79    0.03% elim
c         0.04    0.00% parse
c         0.01    0.00% lucky
c   =================================
c      6891.21  100.00% solve
c 
c last line shows process time for solving
c (percentage relative to total process time)
c 
c --- [ statistics ] ---------------------------------------------------------
c 
c blocked:                       0         0.00 %  of irredundant clauses
c   blockings:                   0         0.00    internal
c   candidates:                  0         0.00    per blocking 
c   blockres:                    0         0.00    per candidate
c   pure:                        0         0.00 %  of all variables
c   pureclauses:                 0         0.00    per pure literal
c chronological:          10188751        19.91 %  of conflicts
c compacts:                      6   8530687.83    interval
c conflicts:              51184127      7427.45    per second
c   backtracked:          59975767       117.18 %  of conflicts
c conditioned:                   0         0.00 %  of irredundant clauses
c   conditionings:               0         0.00    interval
c   condcands:                   0         0.00    candidate clauses
c   condassinit:                 0.0       0.00 %  initial assigned
c   condcondinit:                0.0       0.00 %  initial condition
c   condautinit:                 0.0       0.00 %  initial autarky
c   condassrem:                  0.0       0.00 %  final assigned
c   condcondrem:                 0.000     0.00 %  final conditional
c   condautrem:                  0.000     0.00 %  final autarky
c   condprops:                   0         0.00    per candidate
c covered:                       0         0.00 %  of irredundant clauses
c   coverings:                   0         0.00    interval
c   asymmetric:                  0         0.00 %  of covered clauses
c   blocked:                     0         0.00 %  of covered clauses
c decisions:              94390626     13697.25    per second
c   searched:            321503901         3.41    per decision
c eliminated:                51857        79.50 %  of all variables
c   elimphases:                 94    544511.99    interval
c   elimrounds:                156         1.66    per phase
c   elimtried:               94788        54.71 %  eliminated
c   elimgates:               17336        18.29 %  gates per tried
c   elimequivs:                 90         0.52 %  equivalence gates
c   elimands:                17246        99.48 %  and gates
c   elimites:                    0         0.00 %  if-then-else gates
c   elimxors:                    0         0.00 %  xor gates
c   elimsubst:                1738         3.35 %  substituted
c   elimres:               1252904        24.16    per eliminated
c   elimrestried:          1170156        93.40 %  per resolution
c ext.prop. calls:               0         0.00 %  of queries
c   propagating:                 0         0.00 %  per eprop-call
c   explained:                   0         0.00 %  per eprop-call
c   falsified:                   0         0.00 %  per eprop-call
c ext.clause calls:              0         0.00 %  of queries
c   learned:                     0         0.00 %  per called
c   conflicting:                 0         0.00 %  per learned
c   propagating:                 0         0.00 %  per learned
c ext.final check:               0         0.00 %  of queries
c fixed:                      9354        14.34 %  of all variables
c   failed:                     26         0.04 %  of all variables
c   probefailed:                22        84.62 %  per failed
c   transredunits:               3        11.54 %  per failed
c   probingphases:             142    360451.60    interval
c   probesuccess:               39        27.46 %  phases
c   probingrounds:             142         1.00    per phase
c   probed:                 299493     11518.96    per failed
c   hbrs:                   245930         0.82    per probed
c   hbrsizes:               963343         3.92    per hbr
c   hbreds:                 244945        99.60 %  per hbr
c   hbrsubs:                   678         0.28 %  per hbr
c   units:                      23   2225396.83    interval
c   binaries:                 2049     24980.05    interval
c flushed:                       0         0.00 %  per conflict
c   hyper:                       0         0.00 %  per conflict
c   flushings:                   0         0.00    interval
c instantiated:                  0         0.00 %  of tried
c   instrounds:                  0         0.00 %  of elimrounds
c learned:                50185100        98.05 %  per conflict
c   bumped:             1799042001        35.85    per learned
c   recomputed:          286703329       571.29 %  per learned
c   promoted1:              119986         0.24 %  per learned
c   promoted2:              452868         0.90 %  per learned
c   improvedglue:         20817240        41.48 %  per learned
c lucky:                         0         0.00 %  of tried
c   constantzero                 0         0.00 %  of tried
c   constantone                  0         0.00 %  of tried
c   backwardone                  0         0.00 %  of tried
c   backwardzero                 0         0.00 %  of tried
c   forwardone                   0         0.00 %  of tried
c   forwardzero                  0         0.00 %  of tried
c   positivehorn                 0         0.00 %  of tried
c   negativehorn                 0         0.00 %  of tried
c   extendbytes:           3282128         3.13    bytes and MB
c learned_lits:         5345966041       100.00 %  learned literals
c minimized:                     0         0.00 %  learned literals
c shrunken:             1669058394        31.22 %  learned literals
c minishrunken:          722561616        13.52 %  learned literals
c otfs:                     119566         0.23 %  of conflict
c   subsumed                  4354         0.01 %  of conflict
c   strengthened            115212         0.23 %  of conflict
c propagations:        11091805211         1.61 M  per second
c   coverprops:                  0         0.00 %  of propagations
c   probeprops:            6165011         0.06 %  of propagations
c   searchprops:       10015593720        90.30 %  of propagations
c   transredprops:         1175525         0.01 %  of propagations
c   vivifyprops:         136823024         1.23 %  of propagations
c   walkprops:           932047931         8.40 %  of propagations
c reactivated:                   0         0.00 %  of all variables
c reduced:                44113226        86.19 %  per conflict
c   reductions:                583     87794.39    interval
c   collections:               592     86459.67    interval
c rephased:                    319    160451.81    interval
c   rephasedbest:              106        33.23 %  rephased best
c   rephasedflip:               26         8.15 %  rephased flipping
c   rephasedinv:                28         8.78 %  rephased inverted
c   rephasedorig:               29         9.09 %  rephased original
c   rephasedrand:               25         7.84 %  rephased random
c   rephasedwalk:              105        32.92 %  rephased walk
c rescored:                   4294     11919.92    interval
c restarts:                1559796        32.81    interval
c   reused:                1344475        86.20 %  per restart
c   reusedlevels:         14024679        28.87 %  per restart levels
c restored:                      0         0.00 %  per weakened
c   restorations:                0         0.00 %  per extension
c   literals:                    0         0.00    per restored clause
c stabilizing:                   8        57.32 %  of conflicts
c   restartstab:              4983         0.32 %  of all restarts
c   reusedstab:               4903        98.39 %  per stable restarts
c substituted:                 271         0.42 %  of all variables
c   decompositions:            424         2.99    per phase
c subsumed:                5398370         5.30 %  of all clauses
c   subsumephases:              95    538780.28    interval
c   subsumerounds:             189         1.99    per phase
c   deduplicated:               47         0.00 %  per subsumed
c   transreds:                  95    538780.28    interval
c   transitive:                629         0.01 %  per subsumed
c   subirr:                   7667         0.14 %  of subsumed
c   subred:                  52003         0.96 %  of subsumed
c   subtried:             16154586         2.99    tried per subsumed
c   subchecks:          7245457832       448.51    per tried
c   subchecks2:           57531461         0.79 %  per subcheck
c   elimotfsub:                  0         0.00 %  of subsumed
c   elimbwsub:                 769         0.01 %  of subsumed
c   eagersub:              5330899        98.75 %  of subsumed
c   eagertried:         1104071694       207.11    tried per eagersub
c strengthened:             459415         0.45 %  of all clauses
c   elimotfstr:               4614         1.00 %  of strengthened
c   elimbwstr:                   6         0.00 %  of strengthened
c ternary:                  230644         0.85 %  of resolved
c   phases:                    284    180225.80    interval
c   htr3:                   230495        99.94 %  ternary hyper ternres
c   htr2:                      149         0.06 %  binary hyper ternres
c vivified:                  19188         0.02 %  of all clauses
c   vivifications:              95    538780.28    interval
c   vivifychecks:          1893739         3.70 %  per conflict
c   vivifysched:          10769873        17.58 %  checks per scheduled
c   vivifyunits:                 0         0.00 %  per vivify check
c   vivifyinst:                299         0.02 %  per vivify check
c   vivifysubs:               3768         0.07 %  per subsumed
c   vivifystrs:              15420         3.36 %  per strengthened
c   vivifystrirr:              714         4.63 %  per vivifystrs
c   vivifystred1:              261         1.69 %  per vivifystrs
c   vivifystred2:             7982        51.76 %  per vivifystrs
c   vivifystred3:             6463        41.91 %  per vivifystrs
c   vivifydecs:            9077121         4.79    per checks
c   vivifyreused:          3665547        40.38 %  per decision
c walked:                      105    487467.88    interval
c   flips:               122549872         1.44 M  per second
c   minimum:                    11         0.01 %  clauses
c   broken:             3780652383        30.85    per flip
c weakened:                 129333         3.34    average size
c   extensions:                  0         0.00    interval
c   flipped:                     0         0.00    per weakened
c 
c seconds are measured in process time for solving
c 
c --- [ resources ] ----------------------------------------------------------
c 
c total process time since initialization:      6891.25    seconds
c total real time since initialization:         6900.00    seconds
c maximum resident set size of process:          336.10    MB
c 
c --- [ shutting down ] ------------------------------------------------------
c 
c exit 0
