c --- [ banner ] -------------------------------------------------------------
c 
c CaDiCaL SAT Solver
c Copyright (c) 2016-2023 A. Biere, M. Fleury, N. Froleyks, K. Fazekas, F. Pollitt
c 
c Version 1.7.3
c g++-13.2.0
c Feb 11 2024 04:08:27
c 
c --- [ limit ] --------------------------------------------------------------
c 
c setting time limit to 6900 seconds real time (due to '-t 6900')
c 
c --- [ parsing input ] ------------------------------------------------------
c 
c reading DIMACS file from '/root/projects/maph/discovery/out/cover-23-6-2-bounded-balanced-20260807/222-path-edge.cnf'
c opening file to read '/root/projects/maph/discovery/out/cover-23-6-2-bounded-balanced-20260807/222-path-edge.cnf'
c found 'p cnf 65207 139856' header
c parsed 139856 clauses in 0.05 seconds process time
c closing file '/root/projects/maph/discovery/out/cover-23-6-2-bounded-balanced-20260807/222-path-edge.cnf'
c 
c --- [ options ] ------------------------------------------------------------
c 
c all options are set to their default value
c 
c --- [ solving ] ------------------------------------------------------------
c 
c time measured in process time since initialization
c 
c  seconds  reductions  redundant  irredundant
c         MB    restarts       trail       variables
c          level   conflicts       glue         remaining
c 
c *  0.05 28  0 0   0    0    0  0% 0 124103 57300 88%
c {  0.05 29  0 0   0    0    0  0% 0 124103 57300 88%
c i  0.05 29 25 0   0    8    4 22% 3 124103 56845 87%
c i  0.06 30 70 0   7  287  242 24% 5 124103 56777 87%
c -  0.07 30 68 1  12  300  250 24% 5 115118 56777 87%
c i  0.08 30 62 1  25  611  471 24% 5 115118 56715 87%
c i  0.08 30 62 1  25  615  474 24% 5 115118 56675 87%
c -  0.11 35 57 2  50  936  691 23% 5 114779 56675 87%
c }  0.11 35 54 2  50 1002  746 23% 5 114779 56675 87%
c [  0.11 35  0 2  50 1002  746  0% 0 114779 56675 87%
c O  0.12 35 27 2  50 1003  747 22% 8 114779 56675 87%
c -  0.18 35 59 3  50 1889 1432 32% 23 114779 56675 87%
c s  0.27 41 74 3  51 2230 1692 22% 30 110557 56675 87%
c v  0.29 41 74 3  51 2230 1692 22% 30 110555 56675 87%
c w  0.30 41 74 3  51 2230 1692 22% 30 110555 56675 87%
c t  0.31 41 74 3  51 2230 1685 22% 30 110114 56281 86%
c e  0.38 41 74 3  51 2230  121 22% 30 33831 7882 12%
c s  0.40 44 74 3  51 2230  110 22% 30 33643 7882 12%
c e  0.40 44 74 3  51 2230  109 22% 30 33637 7866 12%
c i  0.41 44 81 3  51 2392  256 14% 30 33637 7863 12%
c 
c  seconds  reductions  redundant   irredundant
c         MB    restarts       trail      variables
c          level   conflicts       glue        remaining
c 
c i  0.41 44 84 3  51 2472  334 12% 30 33637 7850 12%
c ]  0.43 44 94 3  51 3004  836  8% 30 33637 7850 12%
c {  0.43 44 54 3  51 3004  836 26% 5 33637 7850 12%
c F  0.43 44 54 3  51 3005  837 26% 5 33637 7850 12%
c i  0.44 44 55 3  69 3086  911 24% 5 33637 7818 12%
c -  0.45 38 54 4  90 3161  962 23% 6 33302 7818 12%
c i  0.49 38 51 4 323 4627 2204 12% 7 33302 7817 12%
c -  0.50 38 51 5 333 4662 1658 12% 7 33293 7814 12%
c i  0.50 38 51 5 343 4700 1694 12% 7 33293 7764 12%
c i  0.50 38 51 5 343 4701 1694 12% 7 33293 7763 12%
c i  0.50 38 50 5 369 4917 1857 11% 7 33293 7762 12%
c 3  0.51 40 51 5 369 5003 9421 11% 7 33293 7761 12%
c 2  0.52 40 51 5 369 5003 9586 11% 7 33290 7761 12%
c p  0.54 40 51 5 369 5003 17111 11% 7 33290 7686 12%
c d  0.55 40 51 5 369 5003 16454 11% 7 32729 7685 12%
c d  0.55 40 51 5 369 5003 16453 11% 7 32727 7684 12%
c #  0.59 40 50 5 569 6006 17370  9% 8 32727 7684 12%
c -  0.62 40 50 6 664 6462 3160 22% 8 32727 7684 12%
c }  0.64 40 50 6 750 7004 3642 23% 8 32727 7684 12%
c [  0.64 40 94 6 750 7004 3642 60% 30 32727 7684 12%
c 
c  seconds   reductions  redundant   irredundant
c         MB     restarts       trail      variables
c           level   conflicts       glue        remaining
c 
c -  0.70 40 101 7 751 8562 3642 49% 32 32727 7684 12%
c I  0.78 40 101 7 752 10007 5003 47% 35 32727 7684 12%
c s  0.81 40 105 7 753 10617 5497 46% 38 32482 7684 12%
c v  0.82 40 105 7 753 10617 5497 46% 38 32407 7684 12%
c w  0.82 40 105 7 753 10617 5496 46% 38 32407 7684 12%
c t  0.82 40 105 7 753 10617 5484 46% 38 32341 7684 12%
c e  0.83 40 105 7 753 10617 3581 46% 38 31915 7442 11%
c s  0.83 40 105 7 753 10617 3562 46% 38 31705 7442 11%
c e  0.84 40 105 7 753 10617 3490 46% 38 31647 7392 11%
c -  0.86 40 107 8 753 10962 2662 45% 40 31647 7392 11%
c -  1.00 40 113 9 755 13663 3835 40% 49 31647 7392 11%
c ]  1.08 40 114 9 755 15004 5043 39% 53 31647 7392 11%
c {  1.08 40 50 9 755 15004 5043 23% 8 31647 7392 11%
c 3  1.09 40 50 9 756 15004 7665 23% 8 31647 7392 11%
c 2  1.10 40 50 9 756 15004 7663 23% 8 31647 7392 11%
c p  1.10 40 50 9 756 15004 14139 23% 8 31647 7392 11%
c d  1.11 40 50 9 756 15004 14137 23% 8 31647 7391 11%
c B  1.11 40 50 9 757 15008 14141 23% 8 31647 7391 11%
c -  1.18 40 51 10 1047 16665 5416 22% 9 31647 7391 11%
c -  1.27 40 47 11 1373 19965 5425 20% 9 31647 7391 11%
c 
c  seconds  reductions     redundant  irredundant
c         MB     restarts         trail     variables
c          level      conflicts       glue       remaining
c 
c W  1.31 40 47 11 1544 21009 6342 20% 9 31647 7391 11%
c i  1.33 40 46 11 1580 21439 6708 20% 9 31647 7386 11%
c s  1.39 40 45 11 1722 23208 7973 20% 9 31309 7386 11%
c v  1.40 40 45 11 1722 23208 7973 20% 9 30968 7386 11%
c w  1.41 40 45 11 1722 23208 7967 20% 9 30968 7386 11%
c t  1.41 40 45 11 1722 23208 7961 20% 9 30963 7386 11%
c e  1.41 40 45 11 1722 23208 6846 20% 9 30854 7291 11%
c s  1.42 40 45 11 1722 23208 6806 20% 9 30849 7291 11%
c -  1.45 40 45 12 1774 23568 5629 20% 9 30849 7291 11%
c -  1.58 40 44 13 2137 27468 6898 20% 9 30849 7291 11%
c F  1.60 40 44 13 2245 28010 7387 20% 9 30849 7291 11%
c d  1.67 40 44 13 2495 30005 9169 21% 9 30849 7285 11%
c 3  1.68 40 44 13 2495 30005 12919 21% 9 30849 7285 11%
c 2  1.68 40 44 13 2495 30005 12915 21% 9 30849 7285 11%
c p  1.69 40 44 13 2495 30005 18269 21% 9 30849 7283 11%
c }  1.73 40 44 13 2657 31006 19205 21% 9 30849 7283 11%
c [  1.73 40 114 13 2657 31006 19205 39% 53 30849 7283 11%
c -  1.77 40 110 14 2657 31670 8841 39% 51 30843 7283 11%
c B  1.98 40 110 14 2660 36011 12984 40% 48 30843 7283 11%
c -  1.98 40 110 15 2660 36170 9507 39% 48 30843 7283 11%
c 
c  seconds   reductions      redundant   irredundant
c         MB      restarts          trail      variables
c           level      conflicts        glue        remaining
c 
c s  2.08 40 102 15 2663 39858 12337 36% 43 30800 7283 11%
c v  2.10 40 102 15 2663 39858 12337 36% 43 30770 7283 11%
c w  2.10 40 102 15 2663 39858 12336 36% 43 30770 7283 11%
c e  2.11 40 102 15 2663 39858 12256 36% 43 30677 7233 11%
c s  2.11 40 102 15 2663 39858 12245 36% 43 30601 7233 11%
c -  2.16 40 99 16 2663 40971 8537 35% 42 30601 7233 11%
c W  2.38 40 92 16 2664 45013 12390 36% 39 30601 7233 11%
c -  2.41 40 89 17 2665 46071 9014 35% 38 30601 7233 11%
c d  2.49 40 79 17 2665 50005 12021 32% 35 30601 7230 11%
c 3  2.49 40 79 17 2665 50005 14713 32% 35 30601 7230 11%
c 3  2.49 40 79 17 2665 50005 15701 32% 35 30601 7230 11%
c p  2.51 40 79 17 2665 50005 21378 32% 35 30601 7230 11%
c d  2.51 40 79 17 2665 50005 21372 32% 35 30601 7229 11%
c -  2.57 40 79 18 2665 51472 9214 32% 34 30601 7229 11%
c O  2.72 40 78 18 2666 55014 12575 33% 34 30601 7229 11%
c -  2.79 40 76 19 2668 57172 9999 32% 33 30601 7229 11%
c s  2.89 40 72 19 2671 60668 13033 31% 32 30595 7229 11%
c v  2.90 40 72 19 2671 60668 13033 31% 32 30537 7229 11%
c w  2.91 40 72 19 2671 60668 13032 31% 32 30537 7229 11%
c e  2.91 40 72 19 2671 60668 13031 31% 32 30459 7183 11%
c 
c  seconds  reductions      redundant   irredundant
c         MB     restarts          trail      variables
c          level      conflicts        glue        remaining
c 
c s  2.92 40 72 19 2671 60668 13029 31% 32 30412 7183 11%
c ]  3.03 40 72 19 2672 63006 15254 31% 32 30412 7183 11%
c {  3.03 40 44 19 2672 63006 15254 21% 9 30412 7183 11%
c -  3.04 40 44 20 2676 63174 10453 21% 9 30412 7183 11%
c B  3.17 40 44 20 3170 66015 13041 21% 10 30412 7183 11%
c -  3.28 40 41 21 3321 69476 10701 20% 9 30412 7183 11%
c d  3.45 40 39 21 3854 75007 15333 20% 10 30412 7174 11%
c 3  3.46 40 39 21 3854 75007 18329 20% 10 30412 7174 11%
c 3  3.46 40 39 21 3854 75007 19059 20% 10 30412 7174 11%
c 2  3.46 40 39 21 3854 75007 19053 20% 10 30412 7174 11%
c p  3.48 40 39 21 3854 75007 24630 20% 10 30412 7174 11%
c d  3.48 40 39 21 3854 75007 24615 20% 10 30411 7172 11%
c -  3.51 40 38 22 4113 76076 12512 19% 10 30411 7172 11%
c W  3.57 40 37 22 4604 78016 14075 19% 10 30411 7172 11%
c -  3.76 40 37 23 5216 82977 13813 19% 10 30411 7172 11%
c s  3.89 40 38 23 5520 85652 15811 20% 10 30374 7172 11%
c v  3.90 40 38 23 5520 85652 15811 20% 10 30288 7172 11%
c w  3.91 40 38 23 5520 85652 15802 20% 10 30288 7172 11%
c t  3.91 40 38 23 5520 85652 15794 20% 10 30285 7172 11%
c e  3.91 40 38 23 5520 85652 15722 20% 10 30215 7115 11%
c 
c  seconds  reductions      redundant   irredundant
c         MB     restarts          trail      variables
c          level      conflicts        glue        remaining
c 
c s  3.92 40 38 23 5520 85652 15659 20% 10 30156 7115 11%
c e  3.92 40 38 23 5520 85652 15659 20% 10 30154 7113 11%
c -  4.15 40 39 24 6192 90177 14625 20% 11 30154 7113 11%
c #  4.18 40 39 24 6269 91017 15376 20% 11 30154 7113 11%
c -  4.43 40 38 25 6952 97677 15768 20% 11 30154 7113 11%
c d  4.75 40 38 25 7649 105007 22249 21% 11 30154 7088 11%
c 3  4.76 40 38 25 7649 105007 25751 21% 11 30154 7088 11%
c 3  4.76 40 38 25 7649 105007 26414 21% 11 30154 7088 11%
c d  4.76 40 38 25 7649 105007 26390 21% 11 30154 7086 11%
c 2  4.77 40 38 25 7649 105007 26384 21% 11 30154 7086 11%
c p  4.78 40 38 25 7649 105007 31768 21% 11 30154 7086 11%
c d  4.78 40 38 25 7649 105007 31738 21% 11 30154 7082 11%
c B  4.79 40 38 25 7652 105018 31749 21% 11 30154 7082 11%
c -  4.82 40 39 26 7754 105478 16915 21% 11 30154 7082 11%
c -  5.16 40 38 27 8922 113578 17494 21% 11 30154 7082 11%
c s  5.22 40 38 27 9046 114826 18223 21% 11 30149 7082 11%
c v  5.24 40 38 27 9046 114826 18223 21% 11 30124 7082 11%
c w  5.25 40 38 27 9046 114826 18214 21% 11 30124 7082 11%
c t  5.25 40 38 27 9046 114826 18205 21% 11 30124 7082 11%
c e  5.26 40 38 27 9046 114826 18093 21% 11 30121 7076 11%
c 
c  seconds  reductions       redundant   irredundant
c         MB     restarts           trail      variables
c          level      conflicts         glue        remaining
c 
c s  5.26 40 38 27 9046 114826 18015 21% 11 30103 7076 11%
c e  5.27 40 38 27 9046 114826 18015 21% 11 30101 7074 11%
c W  5.48 40 37 27 9568 120019 22357 20% 11 30101 7074 11%
c -  5.60 40 38 28 9868 121980 17490 21% 11 30101 7074 11%
c }  5.78 40 37 28 10209 127007 21994 21% 11 30101 7074 11%
c [  5.78 40 72 28 10209 127007 21994 31% 32 30101 7074 11%
c -  5.91 40 67 29 10209 130681 18288 30% 30 30101 7074 11%
c B  6.08 40 60 29 10214 136021 22497 28% 27 30101 7074 11%
c -  6.28 40 62 30 10216 139681 18767 29% 28 30101 7074 11%
c d  6.30 40 62 30 10216 140007 19020 30% 28 30101 7052 11%
c 3  6.31 40 62 30 10216 140007 22333 30% 28 30101 7052 11%
c 3  6.31 40 62 30 10216 140007 23268 30% 28 30101 7052 11%
c 2  6.32 40 62 30 10216 140007 23261 30% 28 30101 7051 11%
c p  6.33 40 62 30 10216 140007 28620 30% 28 30101 7051 11%
c d  6.33 40 62 30 10216 140007 28615 30% 28 30101 7049 11%
c s  6.85 40 65 30 10217 148254 36163 31% 30 30099 7049 11%
c v  6.87 40 65 30 10217 148254 36163 31% 30 30090 7049 11%
c w  6.89 40 65 30 10217 148254 36162 31% 30 30090 7049 11%
c t  6.89 40 65 30 10217 148254 36157 31% 30 30089 7049 11%
c e  6.89 40 65 30 10217 148254 36139 31% 30 30089 7048 11%
c 
c  seconds  reductions        redundant   irredundant
c         MB      restarts           trail      variables
c          level       conflicts         glue        remaining
c 
c s  6.90 40 65 30 10217 148254 36105 31% 30 30069 7048 11%
c e  6.91 40 65 30 10217 148254 36100 31% 30 30069 7047 11%
c -  6.97 40 65 31 10217 148982 19722 31% 30 30069 7047 11%
c W  7.29 40 66 31 10218 153023 23608 32% 31 30069 7047 11%
c -  7.55 40 66 32 10218 158583 19382 32% 32 30069 7047 11%
c -  8.10 40 65 33 10219 168483 19829 32% 33 30069 7047 11%
c I  8.22 40 66 33 10221 171024 22192 32% 33 30069 7047 11%
c -  8.71 40 68 34 10225 178683 19605 33% 34 30069 7047 11%
c d  8.80 40 68 34 10225 180010 20830 33% 35 30069 7046 11%
c p  8.83 40 68 34 10225 180010 30224 33% 35 30069 7046 11%
c d  8.84 40 68 34 10225 180010 30214 33% 35 30069 7044 11%
c s  9.30 40 68 34 10230 185932 35456 33% 36 30067 7044 11%
c v  9.33 40 68 34 10230 185932 35456 33% 36 30027 7044 11%
c w  9.34 40 68 34 10230 185932 35453 33% 36 30027 7044 11%
c t  9.34 40 68 34 10230 185932 35451 33% 36 30027 7044 11%
c e  9.35 40 68 34 10230 185932 35419 33% 36 30017 7034 11%
c s  9.36 40 68 34 10230 185932 35405 33% 36 29989 7034 11%
c -  9.60 40 69 35 10232 189185 20741 34% 36 29989 7034 11%
c B  9.65 40 69 35 10232 190028 21544 34% 36 29989 7034 11%
c - 10.28 40 73 36 10233 199985 20507 35% 39 29989 7034 11%
c 
c  seconds  reductions        redundant   irredundant
c         MB      restarts           trail      variables
c          level       conflicts         glue        remaining
c 
c W 11.00 40 74 36 10240 210029 29721 35% 40 29989 7034 11%
c - 11.06 40 74 37 10240 211088 21540 35% 40 29989 7034 11%
c - 11.77 40 72 38 10247 222488 21547 36% 39 29989 7034 11%
c d 11.91 40 72 38 10247 225013 23875 36% 39 29989 7032 11%
c 2 11.92 40 72 38 10247 225013 28065 36% 39 29989 7032 11%
c p 11.94 40 72 38 10247 225013 33382 36% 39 29989 7032 11%
c s 12.15 40 72 38 10248 227774 35676 36% 39 29977 7032 11%
c v 12.17 40 72 38 10248 227774 35676 36% 39 29936 7032 11%
c w 12.18 40 72 38 10248 227774 35673 36% 39 29936 7032 11%
c e 12.19 40 72 38 10248 227774 35668 36% 39 29927 7019 11%
c s 12.20 40 72 38 10248 227774 35623 36% 39 29912 7019 11%
c O 12.46 40 71 38 10248 231030 38539 36% 39 29912 7019 11%
c - 12.60 40 70 39 10248 234189 22894 35% 38 29912 7019 11%
c - 13.22 40 65 40 10249 246191 22869 34% 35 29912 7019 11%
c B 13.69 40 63 40 10250 253033 29342 35% 35 29912 7019 11%
c ] 13.81 40 64 40 10250 255008 31219 35% 35 29912 7019 11%
c { 13.81 40 37 40 10250 255008 31219 21% 11 29912 7019 11%
c - 13.93 40 36 41 10553 258493 23094 20% 11 29912 7019 11%
c - 14.50 40 35 42 11227 271093 23218 20% 11 29912 7019 11%
c s 14.66 40 35 42 11489 273786 24550 20% 11 29908 7019 11%
c 
c  seconds  reductions        redundant   irredundant
c         MB      restarts           trail      variables
c          level       conflicts         glue        remaining
c 
c v 14.69 40 35 42 11489 273786 24550 20% 11 29770 7019 11%
c w 14.70 40 35 42 11489 273786 24544 20% 11 29770 7019 11%
c t 14.70 40 35 42 11489 273786 24534 20% 11 29770 7019 11%
c e 14.71 40 35 42 11489 273786 24310 20% 11 29734 6980 11%
c s 14.73 40 35 42 11489 273786 24212 20% 11 29722 6980 11%
c d 14.83 40 35 42 11733 275015 25290 20% 11 29722 6954 11%
c 3 14.84 40 35 42 11733 275015 28287 20% 11 29722 6954 11%
c 3 14.84 40 35 42 11733 275015 29195 20% 11 29722 6954 11%
c d 14.85 40 35 42 11733 275015 29179 20% 11 29722 6952 11%
c p 14.86 40 35 42 11733 275015 34753 20% 11 29722 6952 11%
c d 14.87 40 35 42 11733 275015 34735 20% 11 29722 6949 11%
c F 14.94 40 35 42 11942 276034 35694 20% 11 29722 6949 11%
c - 15.28 40 34 43 12287 283994 26660 20% 11 29722 6949 11%
c - 15.88 40 32 44 13488 297195 26971 20% 11 29722 6949 11%
c B 15.98 40 31 44 13488 300035 29054 19% 11 29722 6949 11%
c - 16.41 40 31 45 15558 310696 28029 19% 11 29722 6949 11%
c s 16.90 40 30 45 16946 323952 38736 19% 11 29717 6949 11%
c v 16.93 40 30 45 16946 323952 38736 19% 11 29617 6949 11%
c w 16.94 40 30 45 16946 323952 38733 19% 11 29617 6949 11%
c t 16.94 40 30 45 16946 323952 38721 19% 11 29616 6949 11%
c 
c  seconds  reductions        redundant   irredundant
c         MB      restarts           trail      variables
c          level       conflicts         glue        remaining
c 
c e 16.94 40 30 45 16946 323952 38120 19% 11 29607 6938 11%
c s 16.96 40 30 45 16946 323952 38055 19% 11 29607 6938 11%
c i 16.97 40 30 45 16946 324112 38119 19% 11 29607 6933 11%
c - 17.01 40 30 46 17039 324496 25509 19% 11 29592 6933 11%
c W 17.14 40 31 46 17131 325036 26007 19% 11 29592 6933 11%
c d 17.34 40 31 46 18099 330015 29978 19% 12 29592 6899 11%
c 3 17.34 40 31 46 18099 330015 33299 19% 12 29592 6899 11%
c 3 17.35 40 31 46 18099 330015 34180 19% 12 29592 6899 11%
c d 17.35 40 31 46 18099 330015 34136 19% 12 29592 6895 11%
c p 17.37 40 31 46 18099 330015 39271 19% 12 29592 6895 11%
c d 17.37 40 31 46 18099 330015 39269 19% 12 29592 6894 11%
c - 17.82 40 31 47 19700 338597 28459 23% 12 29592 6894 11%
c # 18.34 40 31 47 20879 351037 39448 23% 12 29592 6894 11%
c - 18.47 40 31 48 21027 352997 29616 23% 12 29592 6894 11%
c - 19.19 40 31 49 22189 367698 31320 23% 12 29592 6894 11%
c B 19.69 40 31 49 23713 378041 40398 22% 12 29592 6894 11%
c s 19.75 40 31 49 23744 378382 40295 22% 12 29577 6894 11%
c v 19.78 40 31 49 23744 378382 40295 22% 12 29520 6894 11%
c w 19.79 40 31 49 23744 378382 40286 22% 12 29520 6894 11%
c t 19.80 40 31 49 23744 378382 40280 22% 12 29520 6894 11%
c 
c  seconds  reductions        redundant   irredundant
c         MB      restarts           trail      variables
c          level       conflicts         glue        remaining
c 
c e 19.80 40 31 49 23744 378382 39492 22% 12 29518 6886 11%
c s 19.83 40 31 49 23744 378382 39425 22% 12 29518 6886 11%
c ^ 19.83 40 31 49 23744 378382 39425 22% 12 29518 6886 11%
c - 20.08 40 31 50 24051 382698 31859 22% 12 29518 6886 11%
c d 20.37 40 30 50 24074 390016 37027 22% 12 29518 6867 11%
c 3 20.37 40 30 50 24074 390016 40435 22% 12 29518 6867 11%
c 3 20.38 40 30 50 24074 390016 41280 22% 12 29518 6867 11%
c d 20.39 40 30 50 24074 390016 41252 22% 12 29518 6864 11%
c p 20.40 40 30 50 24074 390016 46207 22% 12 29518 6864 11%
c d 20.41 40 30 50 24074 390016 46197 22% 12 29518 6862 11%
c - 20.75 40 28 51 24149 397999 30346 21% 12 29518 6862 11%
c i 20.98 40 27 51 24161 403608 33902 21% 11 29518 6861 11%
c W 21.24 40 28 51 24534 406043 21153 21% 11 29515 6861 11%
c - 21.64 40 29 52 25631 413601 24180 21% 12 29515 6861 11%
c - 22.41 40 30 53 27673 429502 31068 22% 12 29515 6861 11%
c F 22.64 40 29 53 28179 435047 36082 22% 12 29515 6861 11%
c s 22.81 40 30 53 28509 437178 37683 22% 12 29512 6861 11%
c v 22.83 40 30 53 28509 437178 37683 22% 12 29507 6861 11%
c w 22.85 40 30 53 28509 437178 37677 22% 12 29507 6861 11%
c t 22.85 40 30 53 28509 437178 37667 22% 12 29507 6861 11%
c 
c  seconds  reductions        redundant   irredundant
c         MB      restarts           trail      variables
c          level       conflicts         glue        remaining
c 
c e 22.86 40 30 53 28509 437178 25808 22% 12 29756 6453 10%
c s 22.88 40 30 53 28509 437178 25740 22% 12 29740 6453 10%
c - 23.31 40 31 54 29699 445702 26605 22% 12 29740 6453 10%
c d 23.63 40 30 54 31002 455017 34688 22% 12 29740 6439 10%
c 3 23.63 40 30 54 31002 455017 37740 22% 12 29740 6439 10%
c 3 23.64 40 30 54 31002 455017 38483 22% 12 29740 6439 10%
c 2 23.64 40 30 54 31002 455017 38482 22% 12 29740 6439 10%
c p 23.66 40 30 54 31002 455017 42905 22% 12 29740 6439 10%
c d 23.66 40 30 54 31002 455017 42890 22% 12 29740 6437 10%
c - 23.85 40 30 55 31916 462203 30186 21% 12 29740 6437 10%
c B 23.95 40 30 55 32071 465049 32529 21% 12 29740 6437 10%
c - 24.61 40 30 56 33037 479003 32272 21% 12 29740 6437 10%
c W 25.42 40 29 56 34496 496051 46314 20% 12 29740 6437 10%
c - 25.44 40 29 57 34499 496104 33270 20% 12 29740 6437 10%
c s 26.01 40 30 57 35644 503309 39096 20% 12 29736 6437 10%
c v 26.04 40 30 57 35644 503309 39096 20% 12 29725 6437 10%
c w 26.07 40 30 57 35644 503309 39088 20% 12 29725 6437 10%
c t 26.07 40 30 57 35644 503309 39082 20% 12 29725 6437 10%
c e 26.07 40 30 57 35644 503309 37254 20% 12 29727 6433 10%
c s 26.10 40 30 57 35644 503309 37183 20% 12 29723 6433 10%
c 
c  seconds  reductions        redundant   irredundant
c         MB      restarts           trail      variables
c          level       conflicts         glue        remaining
c 
c } 26.39 40 29 57 36144 511011 43385 20% 12 29723 6433 10%
c [ 26.39 40 64 57 36144 511011 43385 39% 35 29723 6433 10%
c - 26.47 40 63 58 36144 513505 33579 38% 34 29723 6433 10%
c d 26.84 40 58 58 36144 525018 43710 35% 32 29723 6423 10%
c 3 26.84 40 58 58 36144 525018 46469 35% 32 29723 6423 10%
c 3 26.85 40 58 58 36144 525018 47346 35% 32 29723 6423 10%
c d 26.85 40 58 58 36144 525018 47335 35% 32 29723 6422 10%
c p 26.87 40 58 58 36144 525018 51590 35% 32 29723 6422 10%
c d 26.88 40 58 58 36144 525018 51578 35% 32 29723 6420 10%
c W 27.20 40 58 58 36144 528054 54469 35% 31 29723 6420 10%
c - 27.38 40 59 59 36144 531205 35534 35% 32 29723 6420 10%
c - 28.74 49 59 60 36151 549206 35181 36% 34 29723 6420 10%
c I 29.64 49 59 60 36157 561055 46173 36% 34 29723 6420 10%
c - 30.03 40 60 61 36159 567507 35336 36% 34 29723 6420 10%
c s 30.48 40 61 61 36159 573966 41243 36% 34 29721 6420 10%
c v 30.51 40 61 61 36159 573966 41243 36% 34 29685 6420 10%
c w 30.53 40 61 61 36159 573966 41234 36% 34 29685 6420 10%
c e 30.54 40 61 61 36159 573966 41234 36% 34 29689 6411 10%
c s 30.55 40 61 61 36159 573966 41196 36% 34 29682 6411 10%
c - 31.20 43 61 62 36166 586108 35542 36% 34 29682 6411 10%
c 
c  seconds  reductions        redundant   irredundant
c         MB      restarts           trail      variables
c          level       conflicts         glue        remaining
c 
c B 31.78 43 63 62 36173 595057 44013 36% 34 29682 6411 10%
c d 32.12 43 64 62 36174 600018 48665 36% 35 29682 6409 10%
c 3 32.12 43 64 62 36174 600018 50853 36% 35 29682 6409 10%
c d 32.14 43 64 62 36174 600018 51657 36% 35 29682 6408 10%
c 2 32.14 43 64 62 36174 600018 51656 36% 35 29682 6408 10%
c p 32.16 43 64 62 36174 600018 55994 36% 35 29682 6408 10%
c - 32.54 43 63 63 36174 605008 36324 36% 35 29682 6408 10%
c - 34.19 44 60 64 36176 624209 36583 37% 34 29682 6408 10%
c W 34.92 44 59 64 36180 630058 41824 37% 34 29682 6408 10%
c - 35.98 44 61 65 36188 643713 37552 37% 36 29682 6408 10%
c s 36.46 44 61 65 36189 649140 42478 37% 37 29682 6408 10%
c v 36.50 44 61 65 36189 649140 42478 37% 37 29676 6408 10%
c w 36.52 44 61 65 36189 649140 42474 37% 37 29676 6407 10%
c s 36.53 44 61 65 36189 649140 42448 37% 37 29673 6407 10%
c - 38.13 53 63 66 36195 663513 36830 38% 38 29672 6407 10%
c O 38.42 53 63 66 36197 666059 38916 38% 39 29672 6407 10%
c d 39.00 53 59 66 36204 680018 51490 35% 37 29672 6406 10%
c 3 39.00 53 59 66 36204 680018 53482 35% 37 29672 6406 10%
c p 39.04 53 59 66 36204 680018 58537 35% 37 29672 6406 10%
c d 39.04 53 59 66 36204 680018 58532 35% 37 29672 6405 10%
c 
c  seconds  reductions        redundant   irredundant
c         MB      restarts           trail      variables
c          level       conflicts         glue        remaining
c 
c - 39.25 44 59 67 36205 683613 37841 35% 36 29672 6405 10%
c B 40.66 44 58 67 36206 703060 56110 36% 36 29672 6405 10%
c - 40.75 54 58 68 36206 704016 38818 36% 36 29672 6405 10%
c - 42.56 54 57 69 36207 724716 39931 37% 35 29672 6405 10%
c s 42.88 54 57 69 36207 728752 43652 37% 35 29672 6405 10%
c v 42.92 54 57 69 36207 728752 43652 37% 35 29513 6405 10%
c w 42.93 54 57 69 36207 728752 43645 37% 35 29513 6405 10%
c t 42.93 54 57 69 36207 728752 43644 37% 35 29513 6405 10%
c s 42.95 54 57 69 36207 728752 43625 37% 35 29513 6405 10%
c ^ 42.95 54 57 69 36207 728752 43625 37% 35 29513 6405 10%
c W 44.23 54 56 69 36208 741061 55236 38% 34 29513 6405 10%
c - 44.69 54 56 70 36208 745716 40922 38% 35 29513 6405 10%
c d 46.38 54 56 70 36208 765018 58986 39% 34 29513 6401 10%
c 3 46.39 54 56 70 36208 765018 60898 39% 34 29513 6401 10%
c 2 46.40 54 56 70 36208 765018 61823 39% 34 29513 6401 10%
c p 46.43 54 56 70 36208 765018 66018 39% 34 29513 6401 10%
c - 46.66 45 56 71 36208 767017 41743 39% 35 29513 6401 10%
c I 47.74 45 56 71 36208 780063 53655 38% 35 29513 6401 10%
c - 48.24 45 57 72 36208 788618 41405 38% 35 29513 6401 10%
c - 49.86 56 59 73 36211 810519 41938 39% 35 29513 6401 10%
c 
c  seconds  reductions        redundant   irredundant
c         MB      restarts           trail      variables
c          level       conflicts         glue        remaining
c 
c s 50.00 56 59 73 36212 812510 43730 39% 36 29513 6401 10%
c v 50.04 56 59 73 36212 812510 43730 39% 36 29501 6401 10%
c w 50.06 56 59 73 36212 812510 43727 39% 36 29501 6401 10%
c e 50.07 56 59 73 36212 812510 28070 39% 36 29916 6193  9%
c s 50.09 56 59 73 36212 812510 28027 39% 36 29889 6193  9%
c B 50.48 45 60 73 36216 820064 35241 43% 36 29889 6193  9%
c - 51.45 45 61 74 36223 832719 36194 44% 37 29889 6193  9%
c d 53.53 45 61 74 36232 855018 56446 43% 37 29889 6192  9%
c 3 53.54 45 61 74 36232 855018 59059 43% 37 29889 6192  9%
c d 53.55 45 61 74 36232 855018 59748 43% 37 29889 6191  9%
c p 53.58 45 61 74 36232 855018 63971 43% 37 29889 6191  9%
c d 53.59 45 61 74 36232 855018 63962 43% 37 29889 6190  9%
c - 53.64 54 61 75 36232 855220 40971 43% 37 29889 6190  9%
c W 54.50 54 61 75 36236 861066 46035 44% 38 29889 6190  9%
c - 55.56 54 59 76 36239 878021 42670 40% 36 29889 6190  9%
c - 57.01 54 59 77 36246 901122 43910 39% 35 29889 6190  9%
c O 57.12 54 59 77 36246 903067 45789 39% 35 29889 6190  9%
c s 57.19 54 59 77 36247 903347 45845 39% 35 29889 6190  9%
c v 57.23 54 59 77 36247 903347 45845 39% 35 29860 6190  9%
c w 57.25 54 59 77 36247 903347 45840 39% 35 29860 6190  9%
c 
c  seconds  reductions        redundant   irredundant
c         MB      restarts           trail      variables
c          level       conflicts         glue        remaining
c 
c t 57.25 54 59 77 36247 903347 45838 39% 35 29859 6190  9%
c e 57.25 54 59 77 36247 903347 45731 39% 35 29861 6189  9%
c s 57.30 54 59 77 36247 903347 45689 39% 35 29860 6189  9%
c - 58.48 54 56 78 36255 924523 45235 37% 32 29860 6189  9%
c B 59.76 54 54 78 36268 946070 65008 35% 31 29860 6189  9%
c - 59.90 54 55 79 36268 948223 44171 35% 31 29860 6189  9%
c p 60.06 54 55 79 36269 950018 52972 35% 31 29860 6189  9%
c - 61.64 54 58 80 36270 972224 44667 36% 33 29860 6189  9%
c W 63.37 54 60 80 36271 990071 61353 37% 35 29860 6189  9%
c - 63.76 62 60 81 36271 996524 46203 37% 35 29860 6189  9%
c - 65.53 62 59 82 36280 1021126 45854 37% 35 29860 6189  9%
c ] 65.69 62 59 82 36281 1023015 47544 37% 35 29860 6189  9%
c { 65.69 62 29 82 36281 1023015 47544 22% 12 29860 6189  9%
c s 66.03 62 30 82 36740 1026275 50385 22% 12 29859 6189  9%
c v 66.08 62 30 82 36740 1026275 50385 22% 12 29854 6189  9%
c w 66.10 62 30 82 36740 1026275 50377 22% 12 29854 6189  9%
c s 66.14 62 30 82 36740 1026275 50346 22% 12 29854 6189  9%
c ^ 66.14 62 30 82 36740 1026275 50346 22% 12 29854 6189  9%
c # 66.58 62 30 82 38125 1035072 57798 22% 12 29854 6189  9%
c - 67.05 36 30 83 39883 1046026 46333 22% 12 29854 6189  9%
c 
c  seconds  reductions         redundant   irredundant
c         MB      restarts            trail      variables
c          level        conflicts         glue        remaining
c 
c d 67.25 36 30 83 40506 1050018 49729 22% 13 29854 6188  9%
c 3 67.26 36 30 83 40506 1050018 51824 22% 13 29854 6188  9%
c p 67.28 36 30 83 40506 1050018 56687 22% 13 29854 6188  9%
c - 68.10 41 29 84 43918 1071226 46404 21% 13 29854 6188  9%
c B 68.58 41 30 84 44734 1081074 55054 21% 13 29854 6188  9%
c - 69.41 41 30 85 45964 1096726 47772 21% 13 29854 6188  9%
c - 70.32 41 27 86 46279 1122527 46612 21% 12 29854 6188  9%
c s 70.49 41 27 86 46309 1126162 48074 21% 12 29850 6188  9%
c v 70.53 41 27 86 46309 1126162 48074 21% 12 29836 6188  9%
c w 70.55 41 27 86 46309 1126162 48066 21% 12 29836 6188  9%
c t 70.55 41 27 86 46309 1126162 48064 21% 12 29836 6188  9%
c e 70.57 41 27 86 46309 1126162 42266 21% 12 30856 5855  9%
c s 70.60 41 27 86 46309 1126162 41722 21% 12 30686 5855  9%
c W 70.99 41 27 86 46310 1128077 43297 21% 12 30686 5855  9%
c - 71.94 41 26 87 47238 1148630 44054 21% 12 30686 5855  9%
c d 72.26 41 26 87 47651 1155019 49822 21% 12 30686 5849  9%
c 3 72.26 41 26 87 47651 1155019 52164 21% 12 30686 5849  9%
c 3 72.27 41 26 87 47651 1155019 52511 21% 12 30686 5849  9%
c d 72.27 41 26 87 47651 1155019 52500 21% 12 30686 5848  9%
c 2 72.28 41 26 87 47651 1155019 52499 21% 12 30686 5848  9%
c 
c  seconds  reductions         redundant   irredundant
c         MB      restarts            trail      variables
c          level        conflicts         glue        remaining
c 
c p 72.29 41 26 87 47651 1155019 55031 21% 12 30686 5848  9%
c - 73.26 41 25 88 48437 1175030 48761 21% 12 30686 5848  9%
c F 73.29 41 25 88 48437 1176080 49507 21% 12 30686 5848  9%
c - 74.53 41 26 89 50439 1201730 51258 21% 12 30686 5848  9%
c B 75.69 41 26 89 52857 1225081 71322 21% 12 30686 5848  9%
c - 75.88 41 26 90 53757 1228730 51518 21% 12 30686 5848  9%
c s 76.10 41 26 90 55563 1236096 56667 20% 13 30679 5848  9%
c v 76.15 41 26 90 55563 1236096 56667 20% 13 30661 5848  9%
c w 76.17 41 26 90 55563 1236096 56656 20% 13 30661 5848  9%
c t 76.17 41 26 90 55563 1236096 56654 20% 13 30659 5848  9%
c e 76.18 41 26 90 55563 1236096 56385 20% 13 30682 5842  9%
c s 76.21 41 26 90 55563 1236096 56315 20% 13 30679 5842  9%
c - 76.94 41 25 91 56830 1256030 50212 19% 13 30679 5842  9%
c d 77.28 41 25 91 57694 1265020 57146 19% 13 30679 5840  9%
c 3 77.29 41 25 91 57694 1265020 58442 19% 13 30679 5840  9%
c 3 77.29 41 25 91 57694 1265020 59064 19% 13 30679 5840  9%
c d 77.30 41 25 91 57694 1265020 59041 19% 13 30679 5838  9%
c p 77.31 41 25 91 57694 1265020 61530 19% 13 30679 5838  9%
c W 78.11 41 24 91 57984 1275082 70036 19% 12 30679 5838  9%
c - 78.46 41 24 92 58320 1283630 49522 19% 12 30679 5838  9%
c 
c  seconds  reductions         redundant   irredundant
c         MB      restarts            trail      variables
c          level        conflicts         glue        remaining
c 
c - 80.36 41 26 93 61063 1311531 54339 20% 13 30679 5838  9%
c # 81.35 41 27 93 62301 1326083 67393 20% 13 30679 5838  9%
c - 82.08 42 28 94 64185 1339732 55817 20% 13 30679 5838  9%
c s 82.61 42 28 94 66138 1350949 65004 20% 13 30675 5838  9%
c v 82.66 42 28 94 66138 1350949 65004 20% 13 30669 5838  9%
c w 82.69 42 28 94 66138 1350949 65000 20% 13 30669 5838  9%
c t 82.69 42 28 94 66138 1350949 64999 20% 13 30669 5838  9%
c e 82.69 42 28 94 66138 1350949 64921 20% 13 30673 5837  9%
c s 82.74 42 28 94 66138 1350949 64863 20% 13 30673 5837  9%
c ^ 82.74 42 28 94 66138 1350949 64863 20% 13 30673 5837  9%
c - 83.94 42 29 95 67758 1368235 56697 20% 13 30673 5837  9%
c B 84.47 42 29 95 68423 1378085 65733 21% 13 30673 5837  9%
c d 84.53 42 29 95 68911 1380020 67445 20% 13 30673 5832  9%
c 3 84.54 42 29 95 68911 1380020 69041 20% 13 30673 5832  9%
c d 84.55 42 29 95 68911 1380020 69525 20% 13 30673 5830  9%
c p 84.58 42 29 95 68911 1380020 71868 20% 13 30673 5830  9%
c - 85.56 42 29 96 71362 1397039 57392 20% 13 30673 5830  9%
c - 86.61 42 27 97 72408 1426139 55402 19% 13 30673 5830  9%
c W 87.20 42 26 97 72940 1431087 59093 19% 13 30673 5830  9%
c - 88.24 42 26 98 74805 1455543 55437 19% 13 30673 5830  9%
c 
c  seconds  reductions         redundant   irredundant
c         MB      restarts            trail      variables
c          level        conflicts         glue        remaining
c 
c s 88.88 42 26 98 75969 1470633 67967 19% 13 30658 5830  9%
c v 88.93 42 26 98 75969 1470633 67967 19% 13 30650 5830  9%
c w 88.96 42 26 98 75969 1470633 67963 19% 13 30650 5830  9%
c t 88.96 42 26 98 75969 1470633 67962 19% 13 30650 5830  9%
c e 88.99 42 26 98 75969 1470633 28026 19% 13 38741 4522  7%
c s 89.04 42 26 98 75969 1470633 27973 19% 13 38568 4522  7%
c F 89.58 42 26 98 77766 1485089 40592 22% 13 38568 4522  7%
c - 89.59 42 26 99 77766 1485245 32587 22% 13 38568 4522  7%
c 2 90.16 42 27 99 78771 1500021 47354 24% 13 38568 4522  7%
c p 90.18 42 27 99 78771 1500021 49277 24% 13 38568 4521  7%
c - 90.81 42 27 100 81854 1515245 45615 23% 13 38565 4521  7%
c B 91.58 42 27 100 84032 1540090 65582 21% 14 38565 4521  7%
c - 91.86 42 27 101 84570 1545547 48576 22% 14 38565 4521  7%
c - 93.08 42 28 102 86210 1576147 50106 23% 14 38565 4521  7%
c W 94.72 42 28 102 87233 1596091 66768 24% 14 38565 4521  7%
c - 95.40 42 29 103 87880 1607050 51574 24% 14 38565 4521  7%
c 3 96.09 42 29 103 88936 1625022 67748 24% 14 38565 4520  7%
c d 96.10 42 29 103 88936 1625022 68108 24% 14 38565 4519  7%
c p 96.13 42 29 103 88936 1625022 69971 24% 14 38565 4519  7%
c s 96.51 42 29 103 89165 1631438 74865 24% 14 38546 4519  7%
c 
c  seconds   reductions         redundant   irredundant
c         MB       restarts            trail      variables
c          level         conflicts         glue        remaining
c 
c v 96.58 42 29 103 89165 1631438 74865 24% 14 38484 4519  7%
c w 96.62 42 29 103 89165 1631438 74850 24% 14 38484 4519  7%
c t 96.63 42 29 103 89165 1631438 74848 24% 14 38482 4519  7%
c e 96.63 42 29 103 89165 1631438 74157 24% 14 38514 4514  7%
c s 96.72 42 29 103 89165 1631438 74082 24% 14 38505 4514  7%
c - 97.22 44 29 104 89856 1638250 55174 25% 14 38505 4514  7%
c # 98.12 44 30 104 91214 1653093 68125 25% 14 38505 4514  7%
c - 99.15 51 31 105 92241 1669750 57304 26% 14 38505 4514  7%
c - 100.75 51 30 106 94377 1701555 59279 26% 13 38505 4514  7%
c B 101.13 51 29 106 94713 1711095 67168 26% 13 38505 4514  7%
c - 102.03 51 28 107 97151 1733655 57872 25% 13 38505 4514  7%
c 3 102.80 51 26 107 97434 1755022 74947 25% 13 38505 4514  7%
c p 102.83 51 26 107 97434 1755022 77171 25% 13 38505 4514  7%
c - 103.59 51 26 108 98334 1766055 56443 25% 13 38505 4514  7%
c W 104.57 51 27 108 98732 1770097 59872 25% 13 38505 4514  7%
c s 106.06 51 27 108 101171 1798437 83569 25% 13 38491 4514  7%
c v 106.12 51 27 108 101171 1798437 83569 25% 13 38481 4514  7%
c w 106.16 51 27 108 101171 1798437 83556 25% 13 38481 4514  7%
c t 106.16 51 27 108 101171 1798437 83555 25% 13 38481 4514  7%
c e 106.17 51 27 108 101171 1798437 82258 25% 13 38497 4512  7%
c 
c  seconds    reductions          redundant   irredundant
c          MB       restarts             trail      variables
c           level          conflicts         glue        remaining
c 
c s 106.23 51 27 108 101171 1798437 82141 25% 13 38495 4512  7%
c - 106.26 51 27 109 101251 1798755 60021 25% 13 38495 4512  7%
c F 107.49 51 27 109 106162 1830101 85692 24% 13 38495 4512  7%
c - 107.60 51 27 110 106278 1831755 58961 24% 13 38495 4512  7%
c - 109.00 51 27 111 108888 1865055 57810 23% 13 38495 4512  7%
c p 110.08 51 27 111 112520 1890023 82069 23% 14 38495 4512  7%
c B 110.16 51 27 111 112618 1891103 83079 23% 14 38495 4512  7%
c - 110.60 51 27 112 112856 1898657 59223 24% 13 38495 4512  7%
c - 112.43 51 28 113 115599 1932557 63651 24% 13 38495 4512  7%
c W 114.41 51 29 113 117433 1953106 81025 24% 14 38495 4512  7%
c - 115.11 58 28 114 117588 1966759 64184 25% 13 38495 4512  7%
c s 115.39 58 27 114 117588 1971637 67222 25% 13 38491 4512  7%
c v 115.46 58 27 114 117588 1971637 67222 25% 13 38459 4512  7%
c w 115.49 58 27 114 117588 1971637 67216 25% 13 38459 4512  7%
c t 115.49 58 27 114 117588 1971637 67214 25% 13 38459 4512  7%
c e 115.50 58 27 114 117588 1971637 67024 25% 13 38475 4510  7%
c s 115.56 58 27 114 117588 1971637 66896 25% 13 38475 4510  7%
c ^ 115.57 58 27 114 117588 1971637 66896 25% 13 38475 4510  7%
c - 116.99 58 23 115 117616 2001259 59880 25% 12 38475 4510  7%
c # 117.80 58 24 115 119695 2016108 72472 25% 12 38475 4510  7%
c 
c  seconds    reductions          redundant   irredundant
c          MB       restarts             trail      variables
c           level          conflicts         glue        remaining
c 
c p 118.49 58 25 115 122659 2030026 87692 25% 13 38475 4509  7%
c - 118.69 58 25 116 123013 2036061 65637 24% 13 38475 4509  7%
c } 119.10 58 25 116 125044 2047018 74515 24% 13 38475 4509  7%
c [ 119.10 58 59 116 125044 2047018 74515 50% 35 38475 4509  7%
c - 119.81 58 51 117 125055 2071161 61201 42% 31 38475 4509  7%
c I 120.11 58 48 117 125059 2080110 67474 40% 30 38475 4509  7%
c - 121.14 58 45 118 125065 2106561 59682 36% 29 38475 4509  7%
c - 123.33 58 46 119 125080 2142261 63351 35% 29 38475 4509  7%
c B 123.55 58 46 119 125080 2145112 65989 35% 29 38475 4509  7%
c s 123.86 58 49 119 125083 2151016 70583 36% 30 38475 4509  7%
c v 123.93 58 49 119 125083 2151016 70583 36% 30 38388 4509  7%
c w 123.97 58 49 119 125083 2151016 70579 36% 30 38388 4509  7%
c e 124.02 59 49 119 125083 2151016 31134 36% 30 45973 3892  6%
c s 124.07 59 49 119 125083 2151016 30970 36% 30 45831 3892  6%
c 3 125.73 42 55 119 125095 2175026 54451 48% 34 45831 3892  6%
c p 125.76 42 55 119 125095 2175026 56304 48% 34 45831 3892  6%
c - 126.04 52 56 120 125095 2178261 44980 48% 35 45831 3892  6%
c W 130.01 52 57 120 125097 2211114 73815 47% 37 45831 3892  6%
c - 130.29 54 57 121 125097 2214562 55002 47% 37 45831 3892  6%
c - 133.72 59 59 122 125098 2251167 59628 50% 40 45831 3892  6%
c 
c  seconds    reductions          redundant   irredundant
c          MB       restarts             trail      variables
c           level          conflicts         glue        remaining
c 
c O 136.54 59 59 122 125098 2278115 85116 51% 41 45831 3892  6%
c - 137.31 60 56 123 125098 2288067 63283 50% 39 45831 3892  6%
c p 140.44 60 53 123 125099 2325028 100222 47% 36 45831 3892  6%
c - 140.52 53 53 124 125099 2325268 62481 47% 35 45831 3892  6%
c B 142.69 53 53 124 125099 2346116 82034 47% 36 45831 3892  6%
c - 143.77 68 57 125 125099 2362768 64358 46% 36 45831 3892  6%
c s 143.99 68 57 125 125099 2364483 65634 47% 36 45823 3892  6%
c v 144.08 68 57 125 125099 2364483 65634 47% 36 45727 3892  6%
c w 144.13 68 57 125 125099 2364483 65619 47% 36 45727 3892  6%
c t 144.13 68 57 125 125099 2364483 65619 47% 36 45720 3892  6%
c e 144.14 68 57 125 125099 2364483 65175 47% 36 45749 3890  6%
c s 144.22 68 57 125 125099 2364483 65131 47% 36 45743 3890  6%
c - 147.30 68 58 126 125099 2400569 67527 47% 37 45743 3890  6%
c W 149.55 68 59 126 125099 2415118 81245 47% 37 45743 3890  6%
c - 151.35 69 59 127 125106 2438671 67685 48% 36 45743 3890  6%
c - 155.27 84 58 128 125123 2477074 65356 49% 37 45743 3890  6%
c p 155.58 84 58 128 125124 2480030 70617 49% 37 45743 3890  6%
c I 156.10 84 58 128 125128 2485121 75085 49% 38 45743 3890  6%
c - 157.51 84 62 129 125133 2515775 66137 47% 37 45743 3890  6%
c - 161.13 84 66 130 125151 2554778 62860 48% 43 45743 3890  6%
c 
c  seconds    reductions          redundant   irredundant
c          MB       restarts             trail      variables
c           level          conflicts         glue        remaining
c 
c B 161.30 84 66 130 125152 2556122 63946 48% 43 45743 3890  6%
c - 164.21 84 70 131 125161 2594080 64779 49% 45 45743 3890  6%
c W 168.41 84 71 131 125162 2628127 96875 50% 47 45743 3890  6%
c - 168.86 84 71 132 125165 2633682 68223 50% 47 45743 3890  6%
c p 169.32 84 69 132 125169 2640030 76192 50% 46 45743 3890  6%
c - 171.59 84 64 133 125184 2673582 65349 48% 42 45743 3890  6%
c O 174.26 84 60 133 125193 2701128 89291 47% 41 45743 3890  6%
c - 174.99 84 57 134 125195 2713782 67479 45% 38 45743 3890  6%
c - 177.14 84 53 135 125215 2754283 66259 41% 34 45743 3890  6%
c B 178.32 84 53 135 125223 2775129 85278 39% 33 45743 3890  6%
c - 179.60 84 57 136 125224 2795083 68452 41% 35 45743 3890  6%
c p 180.40 84 58 136 125225 2805034 80021 41% 36 45743 3890  6%
c - 182.97 84 59 137 125226 2836184 69920 43% 36 45743 3890  6%
c W 184.95 84 59 137 125226 2850130 83119 44% 35 45743 3890  6%
c - 186.20 84 54 138 125226 2877584 66040 41% 32 45743 3890  6%
c - 189.10 84 57 139 125240 2919285 69635 42% 34 45743 3890  6%
c I 189.54 84 57 139 125241 2926133 75912 42% 34 45743 3890  6%
c - 191.99 84 56 140 125256 2961286 68543 43% 36 45743 3890  6%
c 3 193.07 84 57 140 125257 2975035 81703 43% 37 45743 3890  6%
c p 193.11 84 57 140 125257 2975035 83225 43% 37 45743 3890  6%
c 
c  seconds    reductions          redundant    irredundant
c          MB       restarts              trail      variables
c           level          conflicts          glue        remaining
c 
c B 195.97 84 55 140 125271 3003135 107893 43% 38 45743 3890  6%
c - 196.04 84 55 141 125272 3003586 69441 43% 38 45743 3890  6%
c - 199.04 84 57 142 125288 3046187 70144 45% 37 45743 3890  6%
c W 203.39 84 55 142 125289 3081136 102369 47% 36 45743 3890  6%
c - 204.26 84 55 143 125289 3089089 72870 47% 37 45743 3890  6%
c - 208.05 84 59 144 125307 3132289 74222 48% 38 45743 3890  6%
c p 209.39 84 59 144 125318 3150035 92862 47% 38 45743 3890  6%
c O 210.49 84 60 144 125319 3160137 102366 47% 38 45743 3890  6%
c - 211.31 84 55 145 125320 3175790 73262 43% 36 45743 3890  6%
c - 213.38 84 55 146 125342 3219591 73245 40% 32 45743 3890  6%
c B 214.60 84 58 146 125350 3240138 92088 41% 34 45743 3890  6%
c - 216.43 84 61 147 125352 3263694 73618 43% 36 45743 3890  6%
c - 220.31 84 63 148 125353 3308094 74388 44% 38 45743 3890  6%
c W 222.50 84 64 148 125353 3321139 86305 44% 40 45743 3890  6%
c p 223.46 84 64 148 125353 3330037 96594 44% 40 45743 3890  6%
c - 226.17 84 63 149 125353 3352796 73647 45% 42 45743 3890  6%
c - 231.64 84 60 150 125354 3397796 73438 46% 44 45743 3890  6%
c I 232.20 84 60 150 125354 3403140 77659 45% 44 45743 3890  6%
c - 235.63 84 63 151 125354 3443096 77123 46% 43 45743 3890  6%
c B 240.18 84 64 151 125354 3486142 117676 46% 43 45743 3890  6%
c 
c  seconds    reductions          redundant   irredundant
c          MB       restarts             trail      variables
c           level          conflicts         glue        remaining
c 
c - 240.45 84 65 152 125354 3488697 80341 46% 43 45743 3890  6%
c s 240.54 84 65 152 125354 3488697 79905 46% 43 45743 3890  6%
c v 240.80 84 65 152 125354 3488697 79905 46% 43 45090 3890  6%
c w 240.93 84 65 152 125354 3488697 79858 46% 43 45090 3890  6%
c t 240.94 84 65 152 125354 3488697 79855 46% 43 45090 3890  6%
c e 240.95 84 65 152 125354 3488697 75134 46% 43 45253 3878  6%
c s 241.03 84 65 152 125354 3488697 75020 46% 43 45189 3878  6%
c d 243.30 84 67 152 125355 3515037 98881 46% 45 45189 3875  6%
c p 243.37 84 67 152 125355 3515037 101530 46% 45 45189 3875  6%
c - 245.66 84 67 153 125355 3534597 76906 47% 46 45189 3875  6%
c W 251.06 84 68 153 125355 3570145 107763 48% 48 45189 3875  6%
c - 252.69 102 68 154 125355 3580798 77096 48% 49 45189 3875  6%
c - 258.21 84 67 155 125355 3627300 79649 47% 50 45189 3875  6%
c O 261.61 84 66 155 125355 3655146 103805 47% 50 45189 3875  6%
c - 262.56 84 59 156 125355 3674103 82240 43% 44 45189 3875  6%
c p 264.70 84 52 156 125355 3705039 111987 38% 39 45189 3875  6%
c s 265.56 84 50 156 125355 3715426 121073 37% 37 45186 3875  6%
c w 265.77 84 50 156 125355 3715426 121068 37% 37 45186 3875  6%
c s 265.89 84 50 156 125355 3715426 121043 37% 37 45186 3875  6%
c - 266.42 84 49 157 125355 3721204 80809 37% 36 45186 3875  6%
c 
c  seconds    reductions          redundant   irredundant
c          MB       restarts             trail      variables
c           level          conflicts         glue        remaining
c 
c B 267.75 84 47 157 125355 3741147 98897 36% 34 45186 3875  6%
c - 269.82 84 58 158 125362 3768605 81885 39% 38 45186 3875  6%
c - 274.96 84 65 159 125384 3816306 77524 43% 45 45186 3875  6%
c W 277.25 84 66 159 125386 3828150 87635 43% 46 45186 3875  6%
c - 280.54 105 70 160 125399 3864306 81092 45% 49 45186 3875  6%
c 3 284.17 105 72 160 125415 3900039 114176 46% 51 45186 3875  6%
c p 284.23 105 72 160 125415 3900039 115704 46% 51 45186 3875  6%
c - 286.07 84 72 161 125417 3912607 82089 46% 52 45186 3875  6%
c I 286.41 84 72 161 125417 3916151 85321 46% 52 45186 3875  6%
c - 291.00 106 73 162 125420 3961210 83521 48% 51 45186 3875  6%
c B 295.33 106 72 162 125440 4005152 123751 49% 51 45186 3875  6%
c - 296.01 84 71 163 125444 4010111 82831 49% 51 45186 3875  6%
c - 302.88 84 68 164 125459 4059311 81260 49% 50 45186 3875  6%
c ] 306.89 84 67 164 125476 4095019 109732 49% 52 45186 3875  6%
c { 306.89 84 25 164 125476 4095019 109732 28% 13 45186 3875  6%
c B 306.93 84 25 164 125509 4095153 109862 28% 13 45186 3875  6%
c p 307.55 84 25 164 126147 4100042 117038 28% 13 45186 3875  6%
c - 307.85 84 25 165 127191 4108813 80316 28% 13 45186 3875  6%
c s 308.17 84 25 165 128246 4114348 84487 27% 13 45183 3875  6%
c v 308.34 84 25 165 128246 4114348 84487 27% 13 45109 3875  6%
c 
c  seconds    reductions          redundant   irredundant
c          MB       restarts             trail      variables
c           level          conflicts         glue        remaining
c 
c w 308.40 84 25 165 128246 4114348 84475 27% 13 45109 3875  6%
c e 308.42 84 25 165 128246 4114348 84026 27% 13 45221 3865  6%
c s 308.51 84 25 165 128246 4114348 83945 27% 13 45207 3865  6%
c - 310.20 84 25 166 133966 4158614 79819 25% 14 45207 3865  6%
c W 312.70 84 27 166 135265 4186158 104216 25% 14 45207 3865  6%
c - 313.80 84 26 167 135838 4208714 82958 25% 13 45207 3865  6%
c - 317.26 84 28 168 140112 4259114 86290 25% 13 45207 3865  6%
c F 318.12 84 27 168 141699 4278160 102208 24% 13 45207 3865  6%
c p 320.45 84 28 168 144149 4305042 128310 24% 14 45207 3865  6%
c - 321.11 84 29 169 144537 4309814 87873 25% 14 45207 3865  6%
c s 324.74 84 30 169 148590 4355616 128099 25% 14 45201 3865  6%
c v 324.82 84 30 169 148590 4355616 128099 25% 14 45200 3865  6%
c w 324.90 84 30 169 148590 4355616 128081 25% 14 45200 3865  6%
c s 325.07 84 30 169 148590 4355616 127987 25% 14 45199 3865  6%
c - 325.42 84 30 170 149493 4360814 91325 25% 14 45199 3865  6%
c B 325.92 84 29 170 149971 4371161 100034 25% 14 45199 3865  6%
c - 327.72 84 27 171 153717 4412115 86809 23% 14 45199 3865  6%
c - 330.30 84 27 172 156633 4463715 86708 22% 14 45199 3865  6%
c W 331.38 84 26 172 156633 4465164 87870 22% 14 45199 3865  6%
c 3 333.71 84 25 172 160127 4515044 128503 22% 13 45199 3865  6%
c 
c  seconds    reductions          redundant    irredundant
c          MB       restarts              trail      variables
c           level          conflicts          glue        remaining
c 
c 2 333.73 84 25 172 160127 4515044 128887 22% 13 45199 3865  6%
c p 333.76 84 25 172 160127 4515044 130217 22% 13 45199 3865  6%
c - 333.81 84 25 173 160269 4515617 86200 22% 13 45199 3865  6%
c # 335.67 84 25 173 164049 4560166 123844 22% 14 45199 3865  6%
c - 336.23 84 25 174 164540 4567818 91839 23% 14 45199 3865  6%
c s 338.14 84 25 174 166366 4603960 121094 23% 13 45195 3865  6%
c w 338.29 84 25 174 166366 4603960 121087 23% 13 45195 3865  6%
c s 338.42 84 25 174 166366 4603960 121009 23% 13 45195 3865  6%
c - 339.59 84 25 175 167369 4620318 91723 23% 13 45195 3865  6%
c B 341.66 84 26 175 169613 4656167 123079 23% 13 45195 3865  6%
c - 342.87 84 26 176 170851 4673118 92729 23% 13 45195 3865  6%
c - 345.61 84 26 177 177963 4726218 92118 22% 14 45195 3865  6%
c 3 345.84 84 27 177 178102 4730044 96884 23% 14 45195 3865  6%
c p 345.87 84 27 177 178102 4730044 98266 23% 14 45195 3865  6%
c W 347.79 84 27 177 179025 4753169 118355 23% 14 45195 3865  6%
c - 349.27 84 27 178 180377 4779618 92187 24% 14 45195 3865  6%
c - 351.39 84 26 179 182293 4833318 91313 23% 14 45195 3865  6%
c F 352.00 84 25 179 183051 4851171 105825 22% 14 45195 3865  6%
c s 352.69 84 25 179 183531 4859391 112904 22% 14 45183 3865  6%
c v 352.80 84 25 179 183531 4859391 112904 22% 14 45182 3865  6%
c 
c  seconds    reductions          redundant    irredundant
c          MB       restarts              trail      variables
c           level          conflicts          glue        remaining
c 
c w 352.93 84 25 179 183531 4859391 112901 22% 14 45182 3865  6%
c s 353.07 84 25 179 183531 4859391 112854 22% 14 45182 3865  6%
c - 354.78 84 25 180 184510 4887318 93080 23% 13 45182 3865  6%
c - 357.57 84 24 181 187743 4941621 93782 24% 13 45182 3865  6%
c 3 357.99 84 23 181 187785 4950044 101589 24% 13 45182 3865  6%
c p 358.02 84 23 181 187785 4950044 102853 24% 13 45182 3865  6%
c B 358.04 84 23 181 187785 4950172 102965 24% 13 45182 3865  6%
c - 360.92 84 24 182 191895 4996221 95275 25% 13 45182 3865  6%
c W 364.45 84 24 182 200767 5050173 138621 23% 14 45182 3865  6%
c - 364.56 84 25 183 200833 5051121 97003 23% 14 45182 3865  6%
c - 367.78 84 24 184 202888 5106323 97545 24% 13 45182 3865  6%
c s 368.68 84 25 184 203893 5121886 110485 24% 13 45175 3865  6%
c v 368.77 84 25 184 203893 5121886 110485 24% 13 45106 3865  6%
c w 368.84 84 25 184 203893 5121886 110479 24% 13 45106 3865  6%
c e 368.85 84 25 184 203893 5121886 109714 24% 13 45154 3859  6%
c s 368.98 84 25 184 203893 5121886 109626 24% 13 45143 3859  6%
c # 370.57 84 25 184 206091 5151174 135521 25% 13 45143 3859  6%
c - 371.75 84 26 185 207054 5161826 102628 25% 13 45143 3859  6%
c p 372.41 84 26 185 208000 5175046 116072 25% 13 45143 3859  6%
c - 374.73 84 25 186 210642 5217626 100465 24% 13 45143 3859  6%
c 
c  seconds    reductions          redundant    irredundant
c          MB       restarts              trail      variables
c           level          conflicts          glue        remaining
c 
c B 376.17 84 22 186 211301 5253175 128277 24% 13 45143 3859  6%
c - 377.83 84 23 187 213085 5273726 98816 25% 13 45143 3859  6%
c - 381.59 84 23 188 217802 5330126 102269 24% 13 45143 3859  6%
c W 384.05 84 24 188 221207 5356180 124263 23% 13 45143 3859  6%
c - 386.03 84 24 189 223322 5386827 102608 24% 13 45143 3859  6%
c s 386.55 84 25 189 223756 5391550 106217 24% 13 45141 3859  6%
c w 386.74 84 25 189 223756 5391550 106209 24% 13 45141 3859  6%
c t 386.75 84 25 189 223756 5391550 106207 24% 13 45141 3859  6%
c s 386.90 84 25 189 223756 5391550 106131 24% 13 45141 3859  6%
c 3 387.99 84 25 189 225240 5405046 118853 24% 14 45141 3859  6%
c p 388.04 84 25 189 225240 5405046 120046 24% 14 45141 3859  6%
c - 390.12 84 24 190 227741 5443830 103163 25% 13 45141 3859  6%
c F 391.06 84 23 190 228250 5460182 117124 25% 13 45141 3859  6%
c - 393.14 84 24 191 231783 5501133 103786 25% 13 45141 3859  6%
c - 396.14 84 23 192 235309 5558735 100322 24% 13 45141 3859  6%
c B 396.33 84 23 192 235967 5565185 105261 24% 13 45141 3859  6%
c - 399.08 84 24 193 240302 5616637 102671 22% 13 45141 3859  6%
c 3 400.63 84 25 193 241613 5640046 123974 23% 13 45141 3859  6%
c 3 400.63 84 25 193 241613 5640046 124349 23% 13 45141 3859  6%
c p 400.68 84 25 193 241613 5640046 125607 23% 13 45141 3859  6%
c 
c  seconds    reductions          redundant    irredundant
c          MB       restarts              trail      variables
c           level          conflicts          glue        remaining
c 
c s 402.03 84 24 193 242762 5668305 147737 23% 13 45136 3859  6%
c w 402.21 84 24 193 242762 5668305 147730 23% 13 45135 3859  6%
c t 402.22 84 24 193 242762 5668305 147729 23% 13 45135 3859  6%
c s 402.36 84 24 193 242762 5668305 147655 23% 13 45135 3859  6%
c W 403.54 84 24 193 242929 5671186 150081 23% 13 45135 3859  6%
c - 403.83 84 24 194 243059 5674839 102970 23% 13 45135 3859  6%
c - 407.91 84 24 195 248336 5733339 107658 23% 13 45135 3859  6%
c # 410.28 84 24 195 252264 5778188 144010 24% 13 45135 3859  6%
c - 411.32 84 25 196 252953 5792143 108469 24% 13 45135 3859  6%
c - 414.54 84 20 197 253422 5851243 104220 25% 12 45135 3859  6%
c p 416.56 84 18 197 253591 5880046 127434 25% 11 45135 3859  6%
c B 417.01 84 18 197 253595 5886189 131829 25% 11 45135 3859  6%
c - 417.79 84 19 198 257748 5910649 106266 24% 12 45135 3859  6%
c s 419.35 84 19 198 265210 5960542 144485 21% 13 45135 3859  6%
c v 419.46 84 19 198 265210 5960542 144485 21% 13 45135 3859  6%
c w 419.55 84 19 198 265210 5960542 144478 21% 13 45135 3859  6%
c e 419.56 84 19 198 265210 5960542 144338 21% 13 45167 3857  6%
c s 419.69 84 19 198 265210 5960542 144209 21% 13 45150 3857  6%
c - 420.00 84 19 199 267548 5970350 106854 21% 13 45150 3857  6%
c W 421.66 84 19 199 268972 5995192 127265 21% 13 45150 3857  6%
c 
c  seconds    reductions          redundant    irredundant
c          MB       restarts              trail      variables
c           level          conflicts          glue        remaining
c 
c - 423.35 84 20 200 272708 6030350 103460 22% 13 45150 3857  6%
c - 426.58 84 19 201 275628 6090650 102637 23% 12 45150 3857  6%
c F 427.31 84 18 201 275651 6105193 113055 23% 12 45150 3857  6%
c p 428.40 84 19 201 277346 6125048 131980 23% 12 45150 3857  6%
c - 429.42 84 20 202 279379 6151251 108375 23% 12 45150 3857  6%
c - 432.34 84 21 203 285784 6212151 110983 23% 13 45150 3857  6%
c B 432.64 84 21 203 286039 6216195 114672 23% 13 45150 3857  6%
c s 434.56 84 23 203 292015 6251576 142808 22% 13 45145 3857  6%
c v 434.66 84 23 203 292015 6251576 142808 22% 13 45144 3857  6%
c w 434.75 84 23 203 292015 6251576 142804 22% 13 45144 3857  6%
c t 434.75 84 23 203 292015 6251576 142803 22% 13 45144 3857  6%
c s 434.90 84 23 203 292015 6251576 142699 22% 13 45144 3857  6%
c - 436.40 84 24 204 295073 6273351 110148 22% 14 45144 3857  6%
c W 440.17 84 24 204 299821 6328198 157671 21% 14 45144 3857  6%
c - 440.51 84 24 205 300199 6334851 110612 21% 14 45144 3857  6%
c p 442.72 84 24 205 302165 6375049 144984 21% 14 45144 3857  6%
c - 444.29 84 24 206 303499 6396652 108899 22% 14 45144 3857  6%
c # 446.12 84 23 206 305933 6441200 144812 21% 14 45144 3857  6%
c - 447.08 84 23 207 306313 6458753 108780 21% 14 45144 3857  6%
c - 450.80 84 21 208 308093 6521156 110263 23% 12 45144 3857  6%
c 
c  seconds    reductions          redundant    irredundant
c          MB       restarts              trail      variables
c           level          conflicts          glue        remaining
c 
c i 450.91 84 21 208 308093 6523629 111879 23% 12 45144 3855  6%
c s 452.07 84 21 208 311126 6549694 132775 23% 13 45137 3855  6%
c v 452.17 84 21 208 311126 6549694 132775 23% 13 45112 3855  6%
c w 452.25 84 21 208 311126 6549694 132768 23% 13 45112 3855  6%
c e 452.27 84 21 208 311126 6549694 131961 23% 13 45136 3849  6%
c s 452.44 84 21 208 311126 6549694 131893 23% 13 45130 3849  6%
c B 452.85 84 21 208 311685 6555201 136710 23% 13 45130 3849  6%
c - 454.00 84 21 209 312536 6583856 101863 23% 12 45130 3849  6%
c p 456.60 84 22 209 320257 6630053 143022 22% 13 45130 3849  6%
c - 457.89 84 23 210 322970 6646856 109002 22% 14 45130 3849  6%
c W 459.59 84 22 210 323150 6670203 128854 21% 13 45130 3849  6%
c - 462.86 84 25 211 329440 6710156 112865 22% 14 45130 3849  6%
c - 466.78 90 26 212 333469 6773756 115971 24% 14 45130 3849  6%
c F 467.56 90 26 212 334860 6786204 126393 24% 14 45130 3849  6%
c - 471.10 90 26 213 337057 6837657 117369 23% 14 45130 3849  6%
c s 472.31 90 26 213 338302 6855128 132021 23% 14 45101 3849  6%
c v 472.42 90 26 213 338302 6855128 132021 23% 14 45099 3849  6%
c w 472.59 90 26 213 338302 6855128 132014 23% 14 45099 3849  6%
c t 472.59 90 26 213 338302 6855128 132012 23% 14 45099 3849  6%
c e 472.60 90 26 213 338302 6855128 131838 23% 14 45102 3848  6%
c 
c  seconds    reductions          redundant    irredundant
c          MB       restarts              trail      variables
c           level          conflicts          glue        remaining
c 
c s 472.84 90 26 213 338302 6855128 131743 23% 14 45100 3848  6%
c p 475.43 90 26 213 340854 6890054 163405 23% 14 45100 3848  6%
c - 476.31 90 26 214 341608 6901860 120265 23% 14 45100 3848  6%
c B 476.42 90 26 214 341711 6903205 121499 23% 14 45100 3848  6%
c - 480.54 90 26 215 346861 6966363 121489 24% 14 45100 3848  6%
c W 484.26 90 25 215 350322 7021208 167677 22% 14 45100 3848  6%
c - 484.98 90 25 216 350585 7031164 120300 23% 14 45100 3848  6%
c - 488.69 100 25 217 353834 7096264 120472 23% 14 45100 3848  6%
c # 490.79 100 23 217 355978 7140210 155598 23% 14 45100 3848  6%
c p 491.56 100 23 217 356313 7155056 169927 22% 14 45100 3848  6%
c - 492.27 100 23 218 356620 7161669 117884 22% 14 45100 3848  6%
c s 492.78 100 23 218 356817 7167614 122296 22% 14 45099 3848  6%
c v 492.87 100 23 218 356817 7167614 122296 22% 14 45098 3848  6%
c w 492.98 100 23 218 356817 7167614 122293 22% 14 45098 3848  6%
c t 492.98 100 23 218 356817 7167614 122292 22% 14 45098 3848  6%
c s 493.19 100 23 218 356817 7167614 122227 22% 14 45096 3848  6%
c - 496.94 100 23 219 359824 7227369 120047 23% 13 45096 3848  6%
c B 498.72 100 22 219 362839 7260211 148268 23% 13 45096 3848  6%
c - 500.42 100 23 220 366239 7293369 120240 22% 14 45096 3848  6%
c - 504.74 100 23 221 370627 7359670 122277 23% 13 45096 3848  6%
c 
c  seconds     reductions          redundant    irredundant
c           MB       restarts              trail      variables
c            level          conflicts          glue        remaining
c 
c W 507.02 100 24 221 372440 7381213 140833 23% 14 45096 3848  6%
c p 510.62 100 25 221 374950 7425056 181256 24% 14 45096 3848  6%
c - 510.72 100 25 222 375053 7426270 125982 24% 14 45096 3848  6%
c s 514.70 100 24 222 378792 7487188 178627 24% 14 45089 3848  6%
c v 514.82 100 24 222 378792 7487188 178627 24% 14 45040 3848  6%
c w 514.96 100 24 222 378792 7487188 178621 24% 14 45040 3848  6%
c e 514.97 100 24 222 378792 7487188 178620 24% 14 45051 3847  6%
c s 515.20 100 24 222 378792 7487188 178542 24% 14 45050 3847  6%
c - 515.57 100 24 223 378972 7493170 127839 23% 14 45050 3847  6%
c F 515.96 100 24 223 379275 7503214 135144 23% 14 45050 3847  6%
c - 520.51 100 25 224 383453 7560370 123503 23% 14 45050 3847  6%
c B 524.47 100 25 224 387452 7626215 179129 23% 14 45050 3847  6%
c - 524.76 100 25 225 387620 7627871 125672 24% 14 45050 3847  6%
c - 528.45 100 24 226 392635 7695672 124766 23% 13 45050 3847  6%
c 3 528.59 100 23 226 392635 7700056 128997 23% 13 45050 3847  6%
c 2 528.60 100 23 226 392635 7700056 129465 23% 13 45050 3847  6%
c p 528.64 100 23 226 392635 7700056 130659 23% 13 45050 3847  6%
c W 532.55 100 22 226 395665 7750217 171817 24% 13 45050 3847  6%
c - 533.46 100 22 227 396009 7763772 125744 24% 13 45050 3847  6%
c s 536.02 100 22 227 401436 7813763 167182 23% 13 45047 3847  6%
c 
c  seconds     reductions          redundant    irredundant
c           MB       restarts              trail      variables
c            level          conflicts          glue        remaining
c 
c w 536.30 100 22 227 401436 7813763 167181 23% 13 45047 3847  6%
c s 536.51 100 22 227 401436 7813763 167145 23% 13 45047 3847  6%
c - 538.10 100 22 228 402268 7832172 128045 23% 13 45047 3847  6%
c # 542.06 100 23 228 404628 7875220 166169 23% 13 45047 3847  6%
c - 543.90 100 23 229 405301 7900872 128406 23% 13 45047 3847  6%
c - 547.77 100 23 230 413237 7969872 126249 22% 14 45047 3847  6%
c p 548.47 100 24 230 413896 7980057 137703 23% 14 45047 3847  6%
c B 549.31 100 23 230 414904 8001222 154127 23% 13 45047 3847  6%
c - 551.79 100 23 231 416393 8039173 126180 23% 13 45047 3847  6%
c - 555.65 100 23 232 422190 8108776 126907 22% 13 45047 3847  6%
c W 557.92 100 24 232 423761 8128223 143546 22% 14 45047 3847  6%
c s 559.50 100 24 232 424726 8147428 160077 23% 14 45044 3847  6%
c w 559.76 100 24 232 424726 8147428 160069 23% 14 45044 3847  6%
c s 559.97 100 24 232 424726 8147428 160024 23% 14 45044 3847  6%
c - 562.77 100 26 233 426410 8178676 133335 24% 13 45044 3847  6%
c } 563.42 100 26 233 428325 8191021 143878 24% 14 45044 3847  6%
c [ 563.42 100 67 233 428325 8191021 143878 49% 52 45044 3847  6%
c - 567.25 126 67 234 428330 8248878 136565 48% 47 45044 3847  6%
c W 568.97 126 68 234 428331 8256230 143606 49% 47 45044 3847  6%
c p 569.73 126 67 234 428331 8265057 154214 48% 47 45044 3847  6%
c 
c  seconds     reductions          redundant    irredundant
c           MB       restarts              trail      variables
c            level          conflicts          glue        remaining
c 
c - 575.61 100 62 235 428331 8319381 135144 49% 45 45044 3847  6%
c O 585.62 100 57 235 428361 8385232 192613 48% 43 45044 3847  6%
c - 586.14 111 58 236 428362 8390183 134402 48% 42 45044 3847  6%
c - 593.19 111 56 237 428391 8461284 128827 47% 42 45044 3847  6%
c s 596.30 111 54 237 428393 8488183 150719 47% 40 45044 3847  6%
c w 596.58 111 54 237 428393 8488183 150695 47% 40 45044 3847  6%
c s 596.84 111 54 237 428393 8488183 150613 47% 40 45042 3847  6%
c B 600.06 111 51 237 428394 8515234 173433 46% 38 45042 3847  6%
c - 601.48 111 55 238 428401 8532684 132610 47% 39 45042 3847  6%
c p 603.63 111 56 238 428410 8555059 155351 47% 40 45042 3847  6%
c - 609.58 111 55 239 428425 8604384 131132 47% 40 45042 3847  6%
c W 615.52 111 54 239 428446 8646237 168232 48% 39 45042 3847  6%
c - 620.01 111 53 240 428456 8676384 133245 49% 39 45042 3847  6%
c - 631.80 130 52 241 428458 8748686 132035 50% 41 45042 3847  6%
c I 636.40 130 51 241 428458 8778238 154751 50% 41 45042 3847  6%
c - 640.57 130 54 242 428459 8821286 140147 50% 40 45042 3847  6%
c p 644.44 130 54 242 428459 8850059 169066 50% 40 45042 3847  6%
c - 651.20 130 55 243 428459 8894188 137729 51% 42 45042 3847  6%
c B 653.48 130 55 243 428459 8911239 152684 51% 42 45042 3847  6%
c - 659.50 89 60 244 428482 8967388 140788 51% 44 45042 3847  6%
c 
c  seconds    reductions          redundant    irredundant
c          MB       restarts              trail      variables
c           level          conflicts          glue        remaining
c 
c - 667.00 89 62 245 428508 9040889 140198 49% 43 45042 3847  6%
c W 668.47 89 62 245 428511 9045241 144076 49% 44 45042 3847  6%
c - 676.31 84 61 246 428522 9114693 131679 47% 48 45042 3847  6%
c p 680.45 84 59 246 428537 9150060 160818 45% 48 45042 3847  6%
c O 684.16 84 57 246 428552 9180242 182064 45% 48 45042 3847  6%
c - 684.93 107 56 247 428553 9188793 129310 45% 46 45042 3847  6%
c - 692.53 136 60 248 428583 9263195 135980 45% 44 45042 3847  6%
c B 698.73 136 59 248 428585 9316243 183622 46% 43 45042 3847  6%
c - 700.96 136 65 249 428586 9337896 141167 46% 46 45042 3847  6%
c - 711.33 136 78 250 428601 9412896 142302 48% 54 45042 3847  6%
c W 718.54 136 78 250 428617 9453247 178063 49% 55 45042 3847  6%
c p 719.01 136 77 250 428617 9455060 182322 49% 55 45042 3847  6%
c - 724.77 168 71 251 428630 9488197 142180 50% 52 45042 3847  6%
c - 737.55 136 63 252 428649 9563797 139865 49% 49 45042 3847  6%
c I 740.96 136 61 252 428654 9591249 162976 49% 48 45042 3847  6%
c - 744.54 136 63 253 428678 9639698 144122 49% 43 45042 3847  6%
c - 752.76 136 61 254 428704 9715900 145323 49% 42 45042 3847  6%
c B 754.45 136 60 254 428710 9730250 158261 49% 42 45042 3847  6%
c p 758.10 136 64 254 428712 9765061 192905 49% 45 45042 3847  6%
c - 760.75 136 62 255 428713 9792400 145825 48% 43 45042 3847  6%
c 
c  seconds     reductions          redundant    irredundant
c           MB       restarts              trail      variables
c            level          conflicts          glue        remaining
c 
c - 769.64 153 56 256 428714 9869202 147368 48% 39 45042 3847  6%
c W 770.89 153 56 256 428714 9870254 148317 48% 39 45042 3847  6%
c - 779.15 153 57 257 428714 9946305 148943 48% 40 45042 3847  6%
c O 786.84 153 57 257 428715 10011257 210495 48% 40 45042 3847  6%
c - 787.96 185 55 258 428715 10023705 154513 47% 38 45042 3847  6%
c p 792.10 185 45 258 428715 10080061 209027 41% 30 45042 3847  6%
c - 794.11 153 45 259 428715 10101407 148602 39% 29 45042 3847  6%
c B 798.99 153 46 259 428715 10153260 196108 39% 29 45042 3847  6%
c - 801.86 153 47 260 428715 10179409 149756 39% 29 45042 3847  6%
c - 810.98 153 46 261 428716 10257709 153410 37% 30 45042 3847  6%
c s 811.23 153 46 261 428716 10257709 153029 37% 30 45042 3847  6%
c v 811.50 153 46 261 428716 10257709 153029 37% 30 45040 3847  6%
c w 811.99 153 46 261 428716 10257709 152991 37% 30 45040 3847  6%
c s 812.25 153 46 261 428716 10257709 152869 37% 30 45040 3847  6%
c W 816.58 153 50 261 428716 10296261 188806 41% 32 45040 3847  6%
c - 821.14 186 51 262 428716 10336309 152538 44% 34 45040 3847  6%
c p 829.79 186 57 262 428716 10400064 213343 47% 40 45040 3847  6%
c - 832.51 153 58 263 428716 10415209 151701 47% 41 45040 3847  6%
c I 835.93 153 59 263 428716 10440265 173388 48% 43 45040 3847  6%
c - 841.48 153 62 264 428716 10494410 150707 46% 44 45040 3847  6%
c 
c  seconds     reductions           redundant    irredundant
c           MB       restarts               trail      variables
c            level          conflicts           glue        remaining
c 
c - 852.50 153 66 265 428716 10573912 150872 45% 50 45040 3847  6%
c B 854.10 153 66 265 428716 10585269 160700 45% 50 45040 3847  6%
c - 861.98 186 69 266 428716 10653712 154585 46% 49 45040 3847  6%
c p 871.40 186 68 266 428716 10725065 221913 47% 49 45040 3847  6%
c W 872.95 186 68 266 428716 10731270 227745 47% 48 45040 3847  6%
c - 873.37 153 68 267 428716 10733812 155910 47% 48 45040 3847  6%
c - 883.86 191 72 268 428731 10814213 153627 50% 49 45040 3847  6%
c O 893.56 191 72 268 428754 10878271 208863 50% 50 45040 3847  6%
c - 894.66 153 65 269 428762 10894914 152353 47% 46 45040 3847  6%
c - 901.49 153 50 270 428779 10975914 150010 44% 35 45040 3847  6%
c B 907.33 153 49 270 428801 11026274 197010 45% 33 45040 3847  6%
c p 910.06 153 53 270 428810 11055066 226842 45% 34 45040 3847  6%
c - 910.39 185 53 271 428810 11057218 156156 45% 34 45040 3847  6%
c - 920.80 153 70 272 428841 11138818 155647 47% 47 45040 3847  6%
c W 926.97 153 73 272 428842 11175275 189247 48% 52 45040 3847  6%
c - 932.79 192 74 273 428843 11220718 157435 48% 53 45040 3847  6%
c - 944.87 153 73 274 428871 11302918 153539 49% 54 45040 3847  6%
c I 948.30 153 73 274 428874 11325278 173164 49% 55 45040 3847  6%
c - 954.98 186 69 275 428902 11385418 155311 47% 51 45040 3847  6%
c p 955.67 186 69 275 428903 11390067 161746 47% 51 45040 3847  6%
c 
c  seconds     reductions           redundant    irredundant
c           MB       restarts               trail      variables
c            level          conflicts           glue        remaining
c 
c - 966.88 153 65 276 428919 11468221 156436 47% 50 45040 3847  6%
c B 968.13 153 65 276 428921 11476280 162849 46% 50 45040 3847  6%
c - 976.61 186 64 277 428950 11551322 156988 48% 47 45040 3847  6%
c W 990.06 186 65 277 428969 11628281 222685 49% 50 45040 3847  6%
c - 991.50 153 65 278 428969 11634722 156123 49% 50 45040 3847  6%
c - 1007.22 186 62 279 428971 11718423 155338 49% 50 45040 3847  6%
c p 1008.97 186 62 279 428971 11730068 167339 49% 50 45040 3847  6%
c O 1017.69 186 61 279 428971 11781282 208527 48% 50 45040 3847  6%
c - 1019.29 153 55 280 428971 11802425 157808 45% 44 45040 3847  6%
c - 1026.66 153 43 281 428991 11886725 160486 39% 30 45040 3847  6%
c B 1029.73 153 39 281 429006 11935284 205969 33% 26 45040 3847  6%
c - 1033.76 153 47 282 429023 11971325 161405 39% 32 45040 3847  6%
c - 1045.57 192 59 283 429041 12056226 161995 47% 42 45040 3847  6%
c s 1045.85 111 59 283 429041 12056226 161716 47% 42 45040 3847  6%
c w 1046.41 111 59 283 429041 12056226 161691 47% 42 45040 3847  6%
c t 1046.41 111 59 283 429041 12056226 161690 47% 42 45040 3847  6%
c p 1049.21 111 60 283 429049 12075070 180850 48% 43 45040 3847  6%
c W 1052.39 111 61 283 429056 12090286 194382 49% 44 45040 3847  6%
c - 1060.56 109 64 284 429072 12141426 161603 51% 47 45040 3847  6%
c - 1077.32 107 64 285 429097 12226929 157497 52% 49 45040 3847  6%
c 
c   seconds     reductions           redundant    irredundant
c            MB       restarts               trail      variables
c             level          conflicts           glue        remaining
c 
c I 1080.69 107 63 285 429098 12246289 174382 52% 49 45040 3847  6%
c - 1088.15 106 65 286 429098 12312730 163596 49% 47 45040 3847  6%
c - 1099.61 100 59 287 429132 12398830 158821 47% 45 45040 3847  6%
c B 1100.02 100 59 287 429135 12403292 162620 47% 45 45040 3847  6%
c p 1102.05 100 58 287 429144 12425070 185765 47% 42 45040 3847  6%
c - 1109.86 133 57 288 429161 12485230 160500 48% 41 45040 3847  6%
c W 1124.60 133 55 288 429186 12561293 224242 49% 41 45040 3847  6%
c - 1127.14 132 55 289 429191 12571930 160010 49% 41 45040 3847  6%
c - 1138.75 102 54 290 429222 12658933 164624 45% 40 45040 3847  6%
c O 1145.29 102 47 290 429225 12720296 219789 42% 33 45040 3847  6%
c - 1147.80 130 44 291 429225 12746233 163579 42% 31 45040 3847  6%
c p 1151.49 130 41 291 429226 12780075 197656 40% 28 45040 3847  6%
c - 1156.95 130 41 292 429226 12833833 169016 37% 28 45040 3847  6%
c B 1161.72 130 40 292 429226 12880298 210980 36% 27 45040 3847  6%
c - 1165.82 130 46 293 429227 12921733 174825 37% 29 45040 3847  6%
c - 1180.13 169 56 294 429227 13009935 170179 42% 38 45040 3847  6%
c W 1187.84 169 57 294 429227 13041300 198628 44% 41 45040 3847  6%
c - 1199.54 130 56 295 429227 13098437 176290 46% 40 45040 3847  6%
c p 1205.38 130 55 295 429227 13140077 217171 46% 39 45040 3847  6%
c - 1214.14 167 53 296 429234 13187237 174685 47% 38 45040 3847  6%
c 
c   seconds     reductions           redundant    irredundant
c            MB       restarts               trail      variables
c             level          conflicts           glue        remaining
c 
c I 1216.86 167 51 296 429242 13203302 188516 47% 37 45040 3847  6%
c - 1224.41 130 55 297 429268 13276338 170216 46% 41 45040 3847  6%
c - 1236.97 164 54 298 429290 13365740 166863 47% 41 45040 3847  6%
c B 1237.07 164 54 298 429290 13366305 167324 47% 41 45040 3847  6%
c - 1252.15 130 55 299 429321 13455440 166887 48% 44 45040 3847  6%
c p 1261.64 130 55 299 429343 13505077 211392 49% 45 45040 3847  6%
c W 1268.24 130 55 299 429352 13530307 232562 50% 45 45040 3847  6%
c - 1269.75 169 56 300 429353 13545442 170697 50% 43 45040 3847  6%
c - 1281.91 130 58 301 429354 13635744 170833 50% 43 45040 3847  6%
c O 1289.59 130 60 301 429382 13695310 224735 50% 44 45040 3847  6%
c - 1292.76 164 62 302 429386 13726344 172017 49% 43 45040 3847  6%
c - 1302.82 130 52 303 429417 13817247 171891 47% 35 45040 3847  6%
c B 1308.49 130 52 303 429429 13861311 213746 48% 35 45040 3847  6%
c p 1310.08 130 54 303 429432 13875080 229023 48% 35 45040 3847  6%
c - 1313.86 166 55 304 429447 13908448 174939 48% 36 45040 3847  6%
c s 1314.17 166 55 304 429447 13908448 174320 48% 36 45039 3847  6%
c v 1314.45 166 55 304 429447 13908448 174320 48% 36 45038 3847  6%
c w 1314.82 166 55 304 429447 13908448 174287 48% 36 45038 3847  6%
c t 1314.83 166 55 304 429447 13908448 174286 48% 36 45038 3847  6%
c s 1315.15 166 55 304 429447 13908448 174073 48% 36 45037 3847  6%
c 
c   seconds     reductions           redundant    irredundant
c            MB       restarts               trail      variables
c             level          conflicts           glue        remaining
c 
c - 1330.30 130 55 305 429479 13999950 168764 49% 42 45037 3847  6%
c W 1335.88 130 54 305 429480 14028313 193188 50% 42 45037 3847  6%
c - 1347.39 166 51 306 429481 14091750 172206 51% 41 45037 3847  6%
c - 1365.37 130 50 307 429482 14183852 175709 50% 40 45037 3847  6%
c I 1367.34 130 50 307 429482 14196314 186486 51% 41 45037 3847  6%
c d 1372.92 130 55 307 429488 14250080 236645 49% 41 45037 3845  6%
c p 1373.07 130 55 307 429488 14250080 239316 49% 41 45037 3845  6%
c s 1375.46 130 56 307 429497 14270480 257721 47% 40 45037 3845  6%
c v 1375.66 130 56 307 429497 14270480 257721 47% 40 45036 3845  6%
c w 1375.90 130 56 307 429497 14270480 257718 47% 40 45036 3845  6%
c t 1375.90 130 56 307 429497 14270480 257717 47% 40 45036 3845  6%
c s 1376.15 130 56 307 429497 14270480 257687 47% 40 45034 3845  6%
c - 1376.99 164 56 308 429498 14276254 176357 47% 40 45034 3845  6%
c B 1389.28 164 53 308 429534 14365316 255573 47% 40 45034 3845  6%
c - 1389.83 130 54 309 429535 14368954 171403 47% 40 45034 3845  6%
c - 1401.38 172 61 310 429558 14461956 173083 49% 45 45034 3845  6%
c W 1413.67 172 63 310 429583 14535317 235962 49% 49 45034 3845  6%
c - 1417.18 130 63 311 429591 14555258 171036 50% 49 45034 3845  6%
c p 1429.44 130 63 311 429608 14630080 235308 49% 51 45034 3845  6%
c - 1432.70 169 65 312 429609 14648859 174298 49% 52 45034 3845  6%
c 
c   seconds     reductions           redundant    irredundant
c            MB       restarts               trail      variables
c             level          conflicts           glue        remaining
c 
c O 1441.71 169 67 312 429609 14706318 226497 49% 53 45034 3845  6%
c - 1445.19 130 61 313 429626 14742759 180622 47% 46 45034 3845  6%
c - 1457.74 167 57 314 429663 14836959 177933 47% 40 45034 3845  6%
c B 1462.93 167 55 314 429672 14878321 215743 47% 38 45034 3845  6%
c - 1470.47 172 69 315 429686 14931460 179434 48% 48 45034 3845  6%
c p 1483.55 172 73 315 429717 15015080 256336 50% 53 45034 3845  6%
c - 1485.71 130 73 316 429721 15026261 178595 50% 53 45034 3845  6%
c W 1490.38 130 71 316 429733 15051323 200198 50% 52 45034 3845  6%
c - 1500.84 168 70 317 429736 15121361 176964 50% 53 45034 3845  6%
c - 1518.03 130 68 318 429737 15216764 175301 48% 55 45034 3845  6%
c I 1519.39 130 68 318 429737 15225325 182070 48% 55 45034 3845  6%
c - 1529.91 165 60 319 429738 15312467 178130 48% 46 45034 3845  6%
c B 1542.54 165 58 319 429738 15400326 254934 49% 45 45034 3845  6%
c p 1543.25 165 59 319 429738 15405080 261841 48% 44 45034 3845  6%
c - 1543.73 130 60 320 429738 15408468 178091 48% 45 45034 3845  6%
c - 1556.60 172 65 321 429738 15504768 180712 49% 48 45034 3845  6%
c W 1569.88 172 67 321 429739 15576327 246888 49% 51 45034 3845  6%
c - 1573.37 130 67 322 429739 15601370 187165 49% 50 45034 3845  6%
c - 1589.68 171 67 323 429739 15698274 185834 48% 50 45034 3845  6%
c O 1598.85 171 65 323 429739 15753328 236595 48% 49 45034 3845  6%
c 
c   seconds     reductions           redundant    irredundant
c            MB       restarts               trail      variables
c             level          conflicts           glue        remaining
c 
c - 1603.34 131 58 324 429739 15795474 192784 47% 42 45034 3845  6%
c p 1603.99 131 58 324 429739 15800080 199809 47% 42 45034 3845  6%
c - 1617.79 173 61 325 429739 15892974 188645 48% 43 45034 3845  6%
c B 1624.41 173 61 325 429739 15931329 224567 48% 43 45034 3845  6%
c - 1633.11 179 70 326 429739 15990776 194489 48% 49 45034 3845  6%
c - 1653.04 186 73 327 429739 16088876 193721 47% 56 45034 3845  6%
c W 1657.85 186 74 327 429740 16110331 213664 47% 57 45034 3845  6%
c - 1672.07 177 71 328 429740 16187276 190755 49% 55 45034 3845  6%
c s 1672.40 177 71 328 429740 16187276 190175 49% 55 45034 3845  6%
c w 1673.35 177 71 328 429740 16187276 190151 49% 55 45034 3845  6%
c p 1675.48 177 71 328 429740 16200080 203823 49% 55 45034 3845  6%
c - 1689.66 131 71 329 429740 16285977 189084 48% 56 45034 3845  6%
c I 1690.42 131 71 329 429740 16290333 192701 48% 56 45034 3845  6%
c ] 1696.10 131 52 329 429740 16383021 279387 36% 38 45034 3845  6%
c { 1696.10 131 26 329 429740 16383021 279387 24% 14 45034 3845  6%
c s 1697.05 137 26 329 429905 16383837 279907 24% 14 45032 3845  6%
c e 1697.07 137 26 329 429905 16383837 279901 24% 14 45042 3844  6%
c - 1697.28 179 26 330 430150 16384978 188942 24% 14 45042 3844  6%
c F 1704.45 179 24 330 436158 16471334 261016 22% 14 45042 3844  6%
c - 1706.91 137 25 331 437193 16484278 179140 22% 14 45042 3844  6%
c 
c   seconds     reductions           redundant    irredundant
c            MB       restarts               trail      variables
c             level          conflicts           glue        remaining
c 
c - 1716.46 137 25 332 442453 16583878 183077 24% 13 45042 3844  6%
c p 1717.44 137 23 332 442765 16605080 203113 24% 13 45042 3844  6%
c B 1721.20 137 23 332 446592 16653335 243437 24% 13 45042 3844  6%
c - 1723.42 137 23 333 449885 16683779 183884 23% 13 45042 3844  6%
c s 1729.14 137 23 333 455600 16760201 245564 23% 13 45040 3844  6%
c w 1729.48 137 23 333 455600 16760201 245541 23% 13 45040 3844  6%
c s 1729.99 137 23 333 455600 16760201 245384 23% 13 45040 3844  6%
c - 1730.82 137 22 334 455689 16783981 184373 23% 13 45040 3844  6%
c W 1735.70 137 22 334 457561 16836336 227168 25% 13 45040 3844  6%
c - 1739.40 137 22 335 462378 16884481 183096 24% 13 45040 3844  6%
c - 1747.72 137 23 336 470810 16985281 186120 23% 13 45040 3844  6%
c 2 1749.02 137 22 336 471161 17015082 211518 24% 13 45040 3844  6%
c p 1749.07 137 22 336 471161 17015082 212536 24% 13 45040 3844  6%
c # 1749.26 137 22 336 471163 17020337 216782 24% 13 45040 3844  6%
c - 1753.53 137 21 337 475309 17086382 186424 22% 13 45040 3844  6%
c s 1758.56 137 22 337 479387 17143658 235820 23% 13 45032 3844  6%
c v 1758.71 137 22 337 479387 17143658 235820 23% 13 45032 3844  6%
c w 1758.89 137 22 337 479387 17143658 235812 23% 13 45032 3844  6%
c t 1758.89 137 22 337 479387 17143658 235811 23% 13 45032 3844  6%
c s 1759.25 137 22 337 479387 17143658 235741 23% 13 45032 3844  6%
c 
c   seconds     reductions           redundant    irredundant
c            MB       restarts               trail      variables
c             level          conflicts           glue        remaining
c 
c - 1762.58 151 23 338 484775 17187784 188109 22% 14 45032 3844  6%
c B 1763.53 151 23 338 485696 17205340 201548 22% 14 45032 3844  6%
c - 1770.60 151 25 339 492121 17289484 189218 22% 14 45032 3844  6%
c W 1776.55 151 23 339 500618 17391343 270686 21% 15 45032 3844  6%
c - 1776.62 151 23 340 500633 17391484 183233 21% 15 45032 3844  6%
c p 1779.62 151 24 340 502659 17430083 219853 23% 15 45032 3844  6%
c - 1784.37 151 24 341 506060 17493785 187973 24% 15 45032 3844  6%
c s 1787.79 151 24 341 507329 17534188 221694 24% 14 45028 3844  6%
c w 1788.10 151 24 341 507329 17534188 221693 24% 14 45028 3844  6%
c s 1788.43 151 24 341 507329 17534188 221635 24% 14 45028 3844  6%
c F 1792.56 151 24 341 509599 17578344 258190 24% 14 45028 3844  6%
c - 1794.72 151 25 342 510282 17596386 191083 25% 14 45028 3844  6%
c - 1803.50 151 26 343 517980 17699289 192834 24% 14 45028 3844  6%
c B 1809.63 151 25 343 520875 17766345 251243 25% 14 45028 3844  6%
c - 1813.28 151 25 344 522050 17802491 196627 25% 14 45028 3844  6%
c p 1816.50 151 24 344 523859 17850085 239581 24% 14 45028 3844  6%
c - 1821.90 151 24 345 526330 17905991 197876 25% 14 45028 3844  6%
c s 1824.36 151 25 345 527857 17931807 219659 25% 14 45024 3844  6%
c v 1824.49 151 25 345 527857 17931807 219659 25% 14 45024 3844  6%
c w 1824.67 151 25 345 527857 17931807 219653 25% 14 45024 3844  6%
c 
c   seconds     reductions           redundant    irredundant
c            MB       restarts               trail      variables
c             level          conflicts           glue        remaining
c 
c s 1825.11 151 25 345 527857 17931807 219574 25% 14 45019 3844  6%
c W 1827.69 151 24 345 528774 17955347 239026 24% 14 45019 3844  6%
c - 1831.91 151 23 346 532722 18009791 196766 22% 14 45019 3844  6%
c - 1840.00 151 22 347 540168 18113893 194583 23% 14 45019 3844  6%
c # 1842.56 151 23 347 542056 18145348 220727 24% 13 45019 3844  6%
c - 1849.56 151 24 348 547327 18218294 200902 25% 14 45019 3844  6%
c p 1853.58 151 24 348 552892 18275085 250918 23% 14 45019 3844  6%
c - 1856.20 151 23 349 554651 18322995 202798 22% 13 45019 3844  6%
c B 1856.70 151 22 349 554798 18336354 213897 22% 13 45019 3844  6%
c s 1857.19 151 22 349 554829 18336491 213843 22% 13 45018 3844  6%
c w 1857.50 151 22 349 554829 18336491 213830 22% 13 45018 3844  6%
c t 1857.50 151 22 349 554829 18336491 213829 22% 13 45018 3844  6%
c s 1857.90 151 22 349 554829 18336491 213762 22% 13 45014 3844  6%
c e 1857.91 151 22 349 554829 18336491 213585 22% 13 45025 3843  6%
c - 1865.01 151 23 350 563892 18427995 201661 22% 14 45025 3843  6%
c W 1873.73 151 22 350 569357 18528355 285483 23% 13 45025 3843  6%
c - 1874.37 151 22 351 569584 18533297 200243 23% 13 45025 3843  6%
c - 1880.50 151 21 352 577685 18638900 197842 21% 14 45025 3843  6%
c p 1884.70 151 22 352 582130 18705085 254187 21% 14 45025 3843  6%
c F 1886.61 151 22 352 583111 18721356 268922 21% 14 45025 3843  6%
c 
c   seconds     reductions           redundant    irredundant
c            MB       restarts               trail      variables
c             level          conflicts           glue        remaining
c 
c - 1888.40 151 22 353 584602 18744800 198568 21% 14 45025 3843  6%
c s 1888.96 151 22 353 584642 18748342 201109 21% 14 45020 3843  6%
c v 1889.11 151 22 353 584642 18748342 201109 21% 14 45017 3843  6%
c w 1889.28 151 22 353 584642 18748342 201106 21% 14 45017 3843  6%
c s 1889.63 151 22 353 584642 18748342 201052 21% 14 45011 3843  6%
c - 1897.23 151 20 354 587639 18851000 196217 22% 13 45011 3843  6%
c B 1901.66 151 22 354 595070 18915357 250874 22% 14 45011 3843  6%
c - 1904.95 151 22 355 596321 18957501 201441 21% 14 45011 3843  6%
c - 1912.68 151 23 356 604263 19064301 198735 21% 14 45011 3843  6%
c W 1918.04 151 25 356 606927 19110358 238232 22% 14 45011 3843  6%
c p 1921.33 151 25 356 609257 19140085 266674 23% 14 45011 3843  6%
c s 1923.80 151 25 356 611906 19167240 288665 23% 14 45003 3843  6%
c v 1923.94 151 25 356 611906 19167240 288665 23% 14 45002 3843  6%
c w 1924.16 151 25 356 611906 19167240 288661 23% 14 45002 3843  6%
c s 1924.63 151 25 356 611906 19167240 288579 23% 14 45002 3843  6%
c - 1925.05 151 24 357 612037 19171402 204572 23% 14 45002 3843  6%
c - 1933.93 151 24 358 617131 19278802 204243 24% 14 45002 3843  6%
c # 1935.80 151 23 358 617873 19306362 226891 23% 14 45002 3843  6%
c - 1942.05 151 22 359 624224 19386502 202392 24% 13 45002 3843  6%
c - 1951.60 151 23 360 630044 19494503 209250 25% 13 45002 3843  6%
c 
c   seconds     reductions           redundant    irredundant
c            MB       restarts               trail      variables
c             level          conflicts           glue        remaining
c 
c B 1951.84 151 22 360 630073 19503364 216282 25% 13 45002 3843  6%
c d 1958.02 151 23 360 638470 19580085 278704 23% 14 45002 3842  6%
c p 1958.14 151 23 360 638470 19580085 281068 23% 14 45002 3842  6%
c s 1961.01 151 24 360 639550 19593204 292439 23% 14 44993 3842  6%
c w 1961.38 151 24 360 639550 19593204 292436 23% 14 44993 3842  6%
c t 1961.38 151 24 360 639550 19593204 292435 23% 14 44993 3842  6%
c s 1961.91 151 24 360 639550 19593204 292365 23% 14 44993 3842  6%
c - 1963.77 151 24 361 640379 19602803 207704 23% 14 44993 3842  6%
c W 1971.62 151 23 361 644113 19701366 290455 24% 14 44993 3842  6%
c - 1972.77 151 23 362 645218 19711403 205853 24% 14 44993 3842  6%
c - 1979.19 151 22 363 649710 19820303 203819 23% 13 44993 3842  6%
c F 1984.85 151 21 363 654413 19900368 269811 25% 13 44993 3842  6%
c - 1988.36 151 22 364 657876 19929503 208686 24% 13 44993 3842  6%
c p 1995.60 151 20 364 661605 20025085 287994 25% 12 44993 3842  6%
c s 1996.20 151 20 364 661605 20026277 288485 25% 12 44981 3842  6%
c w 1996.54 151 20 364 661605 20026277 288483 25% 12 44981 3842  6%
c t 1996.55 151 20 364 661605 20026277 288482 25% 12 44981 3842  6%
c s 1997.00 151 20 364 661605 20026277 288393 25% 12 44980 3842  6%
c - 1999.18 151 21 365 663735 20039003 207253 25% 12 44980 3842  6%
c B 2003.30 151 22 365 674510 20100370 257250 23% 14 44980 3842  6%
c 
c   seconds     reductions           redundant    irredundant
c            MB       restarts               trail      variables
c             level          conflicts           glue        remaining
c 
c - 2008.19 151 24 366 678993 20148803 213799 23% 14 44980 3842  6%
c - 2015.22 151 23 367 685209 20258904 206998 23% 14 44980 3842  6%
c W 2017.56 151 22 367 685505 20301371 242641 24% 13 44980 3842  6%
c - 2023.08 151 22 368 690411 20369306 209296 24% 13 44980 3842  6%
c s 2031.32 151 22 368 695587 20466397 295191 24% 13 44976 3842  6%
c w 2031.68 151 22 368 695587 20466397 295189 24% 13 44976 3842  6%
c s 2032.16 151 22 368 695587 20466397 295133 24% 13 44976 3842  6%
c p 2033.95 151 22 368 696662 20475085 304959 24% 13 44976 3842  6%
c - 2034.24 151 22 369 697748 20480006 215320 24% 13 44976 3842  6%
c # 2036.11 151 22 369 698591 20503372 234679 23% 13 44976 3842  6%
c - 2046.83 151 23 370 707781 20591007 218125 23% 13 44976 3842  6%
c - 2055.75 151 23 371 715592 20702308 213944 23% 14 44976 3842  6%
c B 2055.87 151 23 371 715633 20706373 217223 23% 14 44976 3842  6%
c - 2067.91 151 23 372 721199 20813908 217355 25% 13 44976 3842  6%
c W 2077.77 151 24 372 729121 20910374 300015 23% 14 44976 3842  6%
c s 2078.53 151 24 372 729187 20913600 302442 23% 14 44964 3842  6%
c w 2079.00 151 24 372 729187 20913600 302434 23% 14 44964 3842  6%
c s 2079.62 151 24 372 729187 20913600 302350 23% 14 44964 3842  6%
c - 2080.48 151 23 373 730501 20925809 222106 23% 14 44964 3842  6%
c p 2080.70 151 23 373 731498 20930087 227884 22% 14 44964 3842  6%
c 
c   seconds     reductions           redundant    irredundant
c            MB       restarts               trail      variables
c             level          conflicts           glue        remaining
c 
c - 2090.46 151 21 374 739676 21038009 215162 24% 13 44964 3842  6%
c F 2096.47 151 22 374 746656 21115375 280376 23% 14 44964 3842  6%
c - 2100.15 151 23 375 750028 21150509 221840 24% 14 44964 3842  6%
c - 2109.55 151 23 376 755499 21263309 221200 25% 13 44964 3842  6%
c B 2112.61 151 22 376 763382 21321376 267478 23% 14 44964 3842  6%
c s 2117.41 151 23 376 765857 21367853 305667 23% 14 44958 3842  6%
c w 2117.84 151 23 376 765857 21367853 305658 23% 14 44958 3842  6%
c s 2118.43 151 23 376 765857 21367853 305596 23% 14 44958 3842  6%
c - 2118.79 151 22 377 765884 21376409 218792 23% 14 44958 3842  6%
c 3 2120.01 151 23 377 766988 21390089 230812 23% 14 44958 3842  6%
c p 2120.11 151 23 377 766988 21390089 232259 23% 14 44958 3842  6%
c - 2127.19 151 21 378 771191 21489811 217938 24% 13 44958 3842  6%
c W 2133.27 151 23 378 775885 21528377 252350 24% 13 44958 3842  6%
c - 2138.52 151 23 379 781981 21603511 223085 23% 13 44958 3842  6%
c - 2148.31 151 23 380 789960 21717511 222734 23% 14 44958 3842  6%
c # 2148.93 151 22 380 793975 21736379 238280 22% 14 44958 3842  6%
c s 2156.86 151 23 380 800517 21829178 314306 21% 14 44952 3842  6%
c w 2157.56 151 23 380 800517 21829178 314303 21% 14 44952 3842  6%
c t 2157.56 151 23 380 800517 21829178 314302 21% 14 44952 3842  6%
c s 2158.47 151 23 380 800517 21829178 314241 21% 14 44952 3842  6%
c 
c   seconds     reductions           redundant    irredundant
c            MB       restarts               trail      variables
c             level          conflicts           glue        remaining
c 
c - 2158.82 151 23 381 800698 21831811 219152 21% 14 44952 3842  6%
c 3 2160.30 151 22 381 801812 21855089 239914 21% 14 44952 3842  6%
c p 2160.41 151 22 381 801812 21855089 240827 21% 14 44952 3842  6%
c B 2168.25 151 22 381 805677 21945384 315476 23% 14 44952 3842  6%
c - 2168.77 151 22 382 805924 21946411 217610 23% 14 44952 3842  6%
c - 2175.85 151 22 383 813133 22061312 217784 23% 14 44952 3842  6%
c W 2181.41 151 22 383 817331 22155385 292544 22% 14 44952 3842  6%
c - 2183.45 151 21 384 817744 22176515 215170 22% 14 44952 3842  6%
c - 2192.99 151 22 385 825102 22292015 222467 23% 13 44952 3842  6%
c s 2194.11 151 22 385 825695 22297575 227102 24% 13 44946 3842  6%
c w 2194.47 151 22 385 825695 22297575 227097 24% 13 44946 3842  6%
c s 2194.93 151 22 385 825695 22297575 226988 24% 13 44943 3842  6%
c 3 2197.76 151 22 385 827302 22325091 252144 25% 13 44943 3842  6%
c p 2197.87 151 22 385 827302 22325091 253081 25% 13 44943 3842  6%
c F 2203.16 151 24 385 831665 22366386 288600 25% 13 44943 3842  6%
c - 2207.40 151 23 386 834961 22407816 230918 26% 13 44943 3842  6%
c - 2216.05 151 23 387 845481 22523918 228473 25% 14 44943 3842  6%
c B 2220.32 151 21 387 846771 22578387 272946 26% 13 44943 3842  6%
c - 2224.62 151 21 388 851543 22640320 224390 25% 13 44943 3842  6%
c - 2233.20 151 22 389 863169 22757024 225648 23% 14 44943 3842  6%
c 
c   seconds     reductions           redundant    irredundant
c            MB       restarts               trail      variables
c             level          conflicts           glue        remaining
c 
c W 2235.39 151 22 389 864134 22791390 252339 23% 14 44943 3842  6%
c p 2236.54 151 22 389 864777 22800094 261504 23% 14 44943 3842  6%
c s 2242.01 151 22 389 867544 22869305 317366 24% 14 44942 3842  6%
c v 2242.19 151 22 389 867544 22869305 317366 24% 14 44942 3842  6%
c w 2242.48 151 22 389 867544 22869305 317356 24% 14 44942 3842  6%
c t 2242.48 151 22 389 867544 22869305 317355 24% 14 44942 3842  6%
c e 2242.50 151 22 389 867544 22869305 317347 24% 14 44957 3841  6%
c s 2243.02 151 22 389 867544 22869305 317245 24% 14 44955 3841  6%
c - 2244.09 151 22 390 868043 22874025 221060 24% 14 44955 3841  6%
c - 2253.18 151 24 391 875660 22991326 225295 24% 14 44955 3841  6%
c # 2254.24 151 24 391 876251 23005392 237371 23% 14 44955 3841  6%
c - 2262.58 151 23 392 881636 23108928 223952 22% 14 44955 3841  6%
c B 2273.18 151 24 392 887756 23220393 319325 23% 14 44955 3841  6%
c - 2274.98 151 24 393 888406 23226828 230574 24% 14 44955 3841  6%
c p 2278.44 151 23 393 890028 23280094 276224 24% 14 44955 3841  6%
c - 2285.00 151 22 394 892475 23345030 228951 24% 13 44955 3841  6%
c s 2286.58 151 23 394 893314 23351960 234828 24% 14 44953 3841  6%
c v 2286.73 151 23 394 893314 23351960 234828 24% 14 44952 3841  6%
c w 2286.95 151 23 394 893314 23351960 234825 24% 14 44952 3841  6%
c s 2287.57 151 23 394 893314 23351960 234761 24% 14 44952 3841  6%
c 
c   seconds     reductions           redundant    irredundant
c            MB       restarts               trail      variables
c             level          conflicts           glue        remaining
c 
c W 2294.64 151 22 394 900821 23436398 303830 23% 14 44952 3841  6%
c - 2297.93 151 23 395 902280 23463530 232519 24% 14 44952 3841  6%
c - 2307.34 151 21 396 909198 23582330 231923 25% 13 44952 3841  6%
c F 2312.74 151 23 396 915827 23653399 290437 24% 14 44952 3841  6%
c - 2318.52 151 24 397 918859 23701432 233484 24% 14 44952 3841  6%
c p 2323.94 151 23 397 921840 23765097 288553 24% 14 44952 3841  6%
c - 2329.56 151 24 398 926917 23820833 234986 24% 14 44952 3841  6%
c s 2332.04 151 24 398 928605 23841699 252760 24% 14 44944 3841  6%
c v 2332.20 151 24 398 928605 23841699 252760 24% 14 44941 3841  6%
c w 2332.47 151 24 398 928605 23841699 252758 24% 14 44941 3841  6%
c s 2332.55 151 24 398 928605 23841699 252753 24% 14 44941 3841  6%
c B 2335.05 151 24 398 929562 23871403 278073 24% 14 44941 3841  6%
c - 2342.40 151 22 399 932613 23940534 236548 24% 13 44941 3841  6%
c - 2352.66 151 23 400 941861 24060535 238892 23% 14 44941 3841  6%
c W 2355.72 151 24 400 946032 24090404 263033 22% 14 44941 3841  6%
c - 2364.49 151 24 401 951122 24180836 236759 22% 14 44941 3841  6%
c p 2371.74 151 23 401 956979 24255097 304407 22% 14 44941 3840  6%
c - 2378.03 151 23 402 959811 24301436 241226 25% 14 44941 3840  6%
c # 2379.36 151 24 402 960532 24310405 249498 25% 14 44941 3840  6%
c s 2382.06 151 23 402 961691 24338487 272262 24% 14 44936 3840  6%
c 
c   seconds     reductions           redundant    irredundant
c            MB       restarts               trail      variables
c             level          conflicts           glue        remaining
c 
c w 2382.55 151 23 402 961691 24338487 272257 24% 14 44936 3840  6%
c t 2382.55 151 23 402 961691 24338487 272256 24% 14 44936 3840  6%
c s 2382.64 151 23 402 961691 24338487 272255 24% 14 44936 3840  6%
c - 2389.36 151 22 403 965326 24422340 240742 24% 14 44936 3840  6%
c B 2397.07 151 21 403 970434 24531407 331096 24% 13 44936 3840  6%
c - 2399.61 151 22 404 971710 24543540 236248 24% 13 44936 3840  6%
c - 2411.59 151 23 405 981811 24665042 241957 24% 14 44936 3840  6%
c p 2422.38 151 24 405 989679 24750097 318100 24% 14 44936 3840  6%
c W 2423.40 151 24 405 989689 24753411 320737 24% 14 44936 3840  6%
c - 2428.23 151 23 406 991126 24786842 245526 26% 13 44936 3840  6%
c s 2434.03 151 20 406 992520 24842407 288115 29% 12 44936 3840  6%
c w 2434.59 151 20 406 992520 24842407 288100 29% 12 44936 3840  6%
c s 2434.90 151 20 406 992520 24842407 287924 29% 12 44928 3840  6%
c - 2439.00 151 20 407 997839 24908944 243713 29% 13 44928 3840  6%
c F 2442.43 151 19 407 999048 24976413 300530 31% 12 44928 3840  6%
c - 2446.52 151 21 408 1009036 25031345 242035 26% 13 44928 3840  6%
c - 2453.96 151 20 409 1021374 25154045 238717 25% 14 44928 3840  6%
c B 2457.54 151 19 409 1024439 25200415 276773 25% 13 44928 3840  6%
c p 2461.31 151 20 409 1028065 25250098 321527 23% 13 44928 3840  6%
c - 2464.05 151 19 410 1030477 25277045 239539 24% 13 44928 3840  6%
c 
c   seconds     reductions            redundant    irredundant
c            MB        restarts               trail      variables
c             level           conflicts           glue        remaining
c 
c s 2468.92 151 20 410 1037120 25353383 303722 22% 13 44925 3840  6%
c w 2469.43 151 20 410 1037120 25353383 303720 22% 13 44925 3840  6%
c s 2469.52 151 20 410 1037120 25353383 303715 22% 13 44925 3840  6%
c - 2476.80 151 22 411 1039923 25400346 249273 25% 13 44925 3840  6%
c W 2479.93 151 22 411 1041140 25425416 270570 25% 13 44925 3840  6%
c - 2490.49 151 21 412 1046848 25523946 242411 27% 13 44925 3840  6%
c - 2502.44 151 21 413 1057447 25647847 248686 26% 13 44925 3840  6%
c # 2502.62 151 21 413 1057604 25651419 251251 26% 13 44925 3840  6%
c p 2512.58 151 23 413 1070005 25755101 341775 24% 14 44925 3840  6%
c - 2513.75 151 22 414 1070337 25772047 250822 23% 14 44925 3840  6%
c s 2523.17 151 24 414 1079898 25871441 335550 22% 14 44922 3840  6%
c w 2523.90 151 24 414 1079898 25871441 335549 22% 14 44922 3840  6%
c s 2524.06 151 24 414 1079898 25871441 335531 22% 14 44922 3840  6%
c B 2524.71 151 24 414 1080769 25878421 341441 22% 15 44922 3840  6%
c - 2527.50 154 25 415 1083008 25896548 249264 22% 15 44922 3840  6%
c - 2537.39 154 23 416 1087162 26021350 247608 26% 14 44922 3840  6%
c W 2542.98 154 23 416 1097119 26106422 318034 23% 15 44922 3840  6%
c - 2547.21 154 23 417 1098677 26146451 244702 23% 14 44922 3840  6%
c p 2559.30 154 23 417 1104548 26265101 348921 24% 14 44922 3840  6%
c - 2559.59 154 23 418 1104581 26271855 248832 24% 14 44922 3840  6%
c 
c   seconds     reductions            redundant    irredundant
c            MB        restarts               trail      variables
c             level           conflicts           glue        remaining
c 
c F 2565.01 154 22 418 1107634 26335426 299981 24% 14 44922 3840  6%
c - 2569.82 154 22 419 1113002 26397557 247763 23% 14 44922 3840  6%
c - 2582.19 154 23 420 1120371 26523557 248437 24% 14 44922 3840  6%
c B 2585.06 154 22 420 1122680 26565430 283143 24% 13 44922 3840  6%
c - 2593.19 154 22 421 1128483 26649861 248708 25% 13 44922 3840  6%
c - 2605.07 154 22 422 1137187 26776462 253201 24% 13 44922 3840  6%
c p 2605.67 154 22 422 1137547 26780103 259073 25% 13 44922 3840  6%
c W 2607.39 154 23 422 1138096 26796432 273506 25% 13 44922 3840  6%
c - 2616.09 154 22 423 1146993 26903362 255250 23% 14 44922 3840  6%
c s 2623.98 154 24 423 1155104 26982143 320199 24% 14 44921 3840  6%
c w 2624.97 154 24 423 1155104 26982143 320191 24% 14 44921 3840  6%
c t 2624.98 154 24 423 1155104 26982143 320190 24% 14 44921 3840  6%
c s 2625.15 154 24 423 1155104 26982143 320186 24% 14 44921 3840  6%
c # 2630.00 154 23 423 1156772 27028435 358792 25% 14 44921 3840  6%
c - 2630.25 154 23 424 1156784 27030562 253614 25% 14 44921 3840  6%
c - 2642.11 154 23 425 1163522 27158064 252996 25% 14 44921 3840  6%
c B 2653.10 154 21 425 1169754 27261438 335716 27% 13 44921 3840  6%
c - 2656.63 154 22 426 1171987 27285864 251992 27% 13 44921 3840  6%
c 3 2657.99 154 22 426 1172978 27300104 266094 27% 13 44921 3840  6%
c p 2658.10 154 22 426 1172978 27300104 266929 27% 13 44921 3840  6%
c 
c   seconds     reductions            redundant    irredundant
c            MB        restarts               trail      variables
c             level           conflicts           glue        remaining
c 
c - 2669.77 154 24 427 1185897 27413964 261743 24% 14 44921 3840  6%
c W 2678.14 154 22 427 1188974 27495439 326027 25% 13 44921 3840  6%
c s 2680.95 154 22 427 1191057 27514376 341069 25% 13 44920 3840  6%
c w 2681.75 154 22 427 1191057 27514376 341063 25% 13 44920 3840  6%
c s 2681.98 154 22 427 1191057 27514376 340961 25% 13 44917 3840  6%
c - 2685.08 154 22 428 1192083 27542365 254597 25% 13 44917 3840  6%
c - 2696.65 154 23 429 1203568 27671066 258856 23% 14 44917 3840  6%
c F 2703.05 154 25 429 1209923 27730440 311000 24% 14 44917 3840  6%
c - 2708.26 154 24 430 1212307 27800069 259186 23% 14 44917 3840  6%
c p 2710.40 154 24 430 1213178 27825106 283139 24% 14 44917 3840  6%
c - 2723.32 178 25 431 1218436 27929370 260385 25% 14 44917 3840  6%
c B 2726.37 178 25 431 1220262 27966441 290487 24% 14 44917 3840  6%
c s 2735.27 178 23 431 1225013 28053685 363022 24% 14 44916 3840  6%
c v 2735.47 178 23 431 1225013 28053685 363022 24% 14 44907 3840  6%
c w 2736.11 178 23 431 1225013 28053685 363018 24% 14 44907 3840  6%
c s 2736.36 178 23 431 1225013 28053685 363010 24% 14 44907 3840  6%
c - 2737.22 178 24 432 1225176 28058970 258928 25% 14 44907 3840  6%
c - 2752.21 178 23 433 1231269 28188870 261495 25% 13 44907 3840  6%
c W 2754.18 178 23 433 1231641 28203447 273838 26% 13 44907 3840  6%
c - 2766.60 178 24 434 1243074 28319070 266445 26% 14 44907 3840  6%
c 
c   seconds     reductions            redundant    irredundant
c            MB        restarts               trail      variables
c             level           conflicts           glue        remaining
c 
c p 2769.57 178 23 434 1245182 28355107 298821 25% 14 44907 3840  6%
c # 2780.46 178 24 434 1252516 28441450 372449 24% 14 44907 3840  6%
c - 2781.64 178 23 435 1252673 28449571 265997 25% 14 44907 3840  6%
c - 2793.51 178 19 436 1257644 28580374 257187 27% 13 44907 3840  6%
c s 2795.25 178 19 436 1259740 28600041 272424 26% 13 44907 3840  6%
c w 2795.89 178 19 436 1259740 28600041 272419 26% 13 44907 3840  6%
c s 2796.14 178 19 436 1259740 28600041 272405 26% 13 44900 3840  6%
c B 2808.03 178 23 436 1267388 28680451 343035 26% 13 44900 3840  6%
c - 2811.24 178 23 437 1269144 28711476 270973 26% 13 44900 3840  6%
c - 2823.16 178 21 438 1278064 28842880 269123 24% 13 44900 3840  6%
c p 2827.73 178 19 438 1279521 28890107 307280 26% 12 44900 3840  6%
c W 2833.50 178 20 438 1281750 28920455 332311 27% 12 44900 3840  6%
c - 2840.40 105 21 439 1289519 28974580 265878 26% 13 44900 3840  6%
c - 2853.33 130 21 440 1298180 29106586 273338 25% 13 44900 3840  6%
c s 2859.70 130 21 440 1302719 29153457 311129 25% 13 44900 3840  6%
c v 2859.89 130 21 440 1302719 29153457 311129 25% 13 44896 3840  6%
c w 2860.27 130 21 440 1302719 29153457 311118 25% 13 44896 3840  6%
c s 2860.54 130 21 440 1302719 29153457 311053 25% 13 44896 3840  6%
c F 2860.98 130 21 440 1304220 29161457 317530 25% 13 44896 3840  6%
c - 2866.05 130 21 441 1308454 29238887 269279 23% 14 44896 3840  6%
c 
c   seconds     reductions            redundant    irredundant
c            MB        restarts               trail      variables
c             level           conflicts           glue        remaining
c 
c - 2881.07 133 22 442 1315746 29371487 271616 26% 13 44896 3840  6%
c B 2885.81 133 23 442 1318779 29403460 299880 26% 13 44896 3840  6%
c 2 2889.64 133 24 442 1320825 29430107 323488 25% 14 44896 3840  6%
c p 2889.76 133 24 442 1320825 29430107 324320 25% 14 44896 3840  6%
c - 2898.62 156 22 443 1325120 29504388 272831 25% 13 44896 3840  6%
c - 2911.09 156 21 444 1336160 29637589 271077 25% 14 44896 3840  6%
c W 2912.59 156 21 444 1336434 29646463 277921 25% 14 44896 3840  6%
c s 2919.43 156 22 444 1342321 29713948 332475 23% 14 44896 3840  6%
c w 2919.96 156 22 444 1342321 29713948 332469 23% 14 44896 3840  6%
c t 2919.96 156 22 444 1342321 29713948 332468 23% 14 44896 3840  6%
c s 2920.29 156 22 444 1342321 29713948 332447 23% 14 44887 3840  6%
c - 2926.21 156 22 445 1345619 29771090 272397 24% 14 44887 3840  6%
c # 2936.81 156 21 445 1351660 29890465 369293 26% 13 44887 3840  6%
c - 2938.12 176 20 446 1351906 29904892 269171 26% 13 44887 3840  6%
c p 2945.45 176 22 446 1362031 29975107 329705 24% 14 44887 3840  6%
c - 2949.61 176 21 447 1365435 30038992 271047 23% 13 44887 3840  6%
c B 2958.46 176 23 447 1373425 30135467 352098 23% 14 44887 3840  6%
c - 2962.72 176 21 448 1375315 30173395 269952 24% 14 44887 3840  6%
c s 2971.85 176 22 448 1383172 30281488 357566 21% 14 44887 3840  6%
c v 2972.03 176 22 448 1383172 30281488 357566 21% 14 44879 3840  6%
c 
c   seconds     reductions            redundant    irredundant
c            MB        restarts               trail      variables
c             level           conflicts           glue        remaining
c 
c w 2972.49 176 22 448 1383172 30281488 357562 21% 14 44879 3840  6%
c e 2972.51 176 22 448 1383172 30281488 357175 21% 14 44895 3839  6%
c s 2972.78 176 22 448 1383172 30281488 357163 21% 14 44895 3839  6%
c - 2975.88 176 23 449 1387214 30308097 266903 21% 14 44895 3839  6%
c W 2983.13 176 23 449 1390756 30381470 328840 22% 14 44895 3839  6%
c - 2988.23 176 22 450 1392169 30443097 268659 25% 14 44895 3839  6%
c p 2995.11 176 22 450 1398543 30525108 338658 23% 14 44895 3839  6%
c - 3000.14 176 22 451 1400066 30578399 270361 25% 14 44895 3839  6%
c F 3005.50 176 24 451 1405567 30628471 312926 24% 14 44895 3839  6%
c - 3019.48 182 25 452 1410653 30713999 277023 26% 14 44895 3839  6%
c - 3034.76 182 23 453 1419546 30849899 278271 25% 14 44895 3839  6%
c s 3035.91 182 23 453 1420328 30856225 282964 25% 14 44895 3839  6%
c w 3036.46 182 23 453 1420328 30856225 282954 25% 14 44895 3839  6%
c s 3036.92 182 23 453 1420328 30856225 282687 25% 14 44890 3839  6%
c B 3039.16 182 24 453 1422151 30876472 300055 24% 14 44890 3839  6%
c - 3048.01 182 23 454 1429347 30986100 277513 24% 14 44890 3839  6%
c p 3055.72 182 22 454 1437165 31080108 356593 25% 14 44890 3839  6%
c - 3059.29 182 20 455 1437311 31122600 268419 26% 13 44890 3839  6%
c W 3060.82 182 20 455 1437441 31125477 270555 26% 13 44890 3839  6%
c - 3075.58 182 23 456 1446611 31259400 276500 25% 13 44890 3839  6%
c 
c   seconds     reductions            redundant    irredundant
c            MB        restarts               trail      variables
c             level           conflicts           glue        remaining
c 
c # 3089.34 182 23 456 1454605 31375478 375068 24% 14 44890 3839  6%
c - 3093.46 182 25 457 1456620 31396500 282233 24% 14 44890 3839  6%
c s 3097.37 182 25 457 1461260 31438031 317371 25% 14 44890 3839  6%
c v 3097.57 182 25 457 1461260 31438031 317371 25% 14 44884 3839  6%
c w 3098.00 182 25 457 1461260 31438031 317358 25% 14 44884 3839  6%
c s 3098.44 182 25 457 1461260 31438031 317099 25% 14 44884 3839  6%
c - 3107.30 182 23 458 1466388 31533900 279314 23% 14 44884 3839  6%
c B 3117.47 182 21 458 1470082 31626479 354420 26% 13 44884 3839  6%
c 3 3119.82 182 22 458 1470965 31640108 367161 27% 13 44884 3839  6%
c 3 3119.83 182 22 458 1470965 31640108 367760 27% 13 44884 3839  6%
c p 3120.01 182 22 458 1470965 31640108 368630 27% 13 44884 3839  6%
c - 3123.77 182 22 459 1474925 31671602 277557 26% 14 44884 3839  6%
c - 3136.23 182 20 460 1483059 31809602 280350 26% 13 44884 3839  6%
c W 3144.33 182 22 460 1489449 31878482 335470 25% 14 44884 3839  6%
c - 3151.56 182 23 461 1494627 31947903 281186 25% 14 44884 3839  6%
c s 3159.13 182 19 461 1496199 32026901 343114 27% 13 44878 3839  6%
c v 3159.35 182 19 461 1496199 32026901 343114 27% 13 44877 3839  6%
c w 3159.92 182 19 461 1496199 32026901 343111 27% 13 44877 3839  6%
c s 3160.28 182 19 461 1496199 32026901 343071 27% 13 44872 3839  6%
c - 3174.60 182 23 462 1504214 32086504 283325 27% 14 44872 3839  6%
c 
c   seconds     reductions            redundant    irredundant
c            MB        restarts               trail      variables
c             level           conflicts           glue        remaining
c 
c F 3179.88 182 24 462 1506912 32131483 321919 26% 14 44872 3839  6%
c p 3187.81 182 23 462 1513077 32205114 387780 24% 14 44872 3839  6%
c - 3189.14 182 23 463 1515329 32225405 289373 23% 14 44872 3839  6%
c - 3201.54 182 21 464 1521638 32364605 281435 24% 14 44872 3839  6%
c B 3203.43 182 22 464 1523984 32385485 299527 23% 14 44872 3839  6%
c - 3216.49 182 22 465 1533351 32504105 280322 25% 14 44872 3839  6%
c s 3229.24 182 21 465 1540844 32622800 380980 24% 13 44866 3839  6%
c v 3229.46 182 21 465 1540844 32622800 380980 24% 13 44859 3839  6%
c w 3230.17 182 21 465 1540844 32622800 380972 24% 13 44859 3839  6%
c t 3230.17 182 21 465 1540844 32622800 380971 24% 13 44859 3839  6%
c e 3230.19 182 21 465 1540844 32622800 380701 24% 13 44875 3838  6%
c s 3230.64 182 21 465 1540844 32622800 380652 24% 13 44875 3838  6%
c W 3233.88 182 20 465 1541062 32640486 394880 25% 13 44875 3838  6%
c - 3234.75 182 21 466 1541278 32643905 288600 25% 13 44875 3838  6%
c } 3245.50 182 22 466 1551480 32767021 391140 23% 14 44875 3838  6%
c [ 3245.50 182 52 466 1551480 32767021 391140 36% 38 44875 3838  6%
c d 3246.46 182 52 466 1551480 32775115 398928 37% 37 44875 3837  6%
c p 3246.67 182 52 466 1551480 32775115 401229 37% 37 44875 3837  6%
c - 3247.43 115 53 467 1551480 32784005 289477 38% 38 44875 3837  6%
c B 3259.74 115 52 467 1551480 32896488 389537 39% 42 44875 3837  6%
c 
c   seconds     reductions            redundant    irredundant
c            MB        restarts               trail      variables
c             level           conflicts           glue        remaining
c 
c - 3264.05 174 51 468 1551480 32924407 285509 39% 42 44875 3837  6%
c - 3284.46 177 56 469 1551480 33065107 287426 42% 43 44875 3837  6%
c W 3297.98 177 60 469 1551480 33153492 369400 45% 47 44875 3837  6%
c - 3306.19 187 59 470 1551480 33206109 287040 45% 47 44875 3837  6%
c s 3309.74 187 58 470 1551480 33225873 303446 45% 47 44875 3837  6%
c v 3309.94 187 58 470 1551480 33225873 303446 45% 47 44874 3837  6%
c w 3310.38 187 58 470 1551480 33225873 303434 45% 47 44874 3837  6%
c s 3310.70 187 58 470 1551480 33225873 303303 45% 47 44873 3837  6%
c - 3329.57 180 55 471 1551480 33347412 284246 44% 45 44873 3837  6%
c p 3329.97 180 55 471 1551480 33350116 289139 44% 44 44873 3837  6%
c O 3337.05 180 55 471 1551480 33411493 345402 44% 41 44873 3837  6%
c - 3344.97 171 42 472 1551480 33489014 288326 39% 29 44873 3837  6%
c - 3360.87 168 39 473 1551511 33630914 293811 39% 27 44873 3837  6%
c B 3365.88 168 42 473 1551531 33670494 329068 42% 30 44873 3837  6%
c - 3380.68 176 50 474 1551557 33773115 289821 44% 35 44873 3837  6%
c - 3404.69 177 59 475 1551606 33915617 291709 45% 40 44873 3837  6%
c p 3406.96 177 61 475 1551606 33930116 307169 46% 42 44873 3837  6%
c W 3408.09 177 61 475 1551606 33930497 307442 46% 42 44873 3837  6%
c - 3430.01 185 72 476 1551629 34058417 295053 47% 50 44873 3837  6%
c I 3453.92 185 62 476 1551670 34191498 414374 47% 45 44873 3837  6%
c 
c   seconds     reductions            redundant    irredundant
c            MB        restarts               trail      variables
c             level           conflicts           glue        remaining
c 
c - 3455.35 179 63 477 1551670 34201520 294414 47% 45 44873 3837  6%
c - 3466.04 166 45 478 1551726 34344926 283835 38% 33 44873 3837  6%
c B 3477.54 166 47 478 1551734 34453500 385600 44% 34 44873 3837  6%
c - 3482.61 181 61 479 1551735 34488626 293354 46% 39 44873 3837  6%
c p 3486.70 181 67 479 1551735 34515117 321184 48% 43 44873 3837  6%
c - 3507.74 189 73 480 1551748 34632626 294293 51% 51 44873 3837  6%
c W 3526.84 189 73 480 1551779 34716502 370170 52% 54 44873 3837  6%
c - 3539.88 191 73 481 1551797 34776927 302482 53% 54 44873 3837  6%
c - 3567.67 183 65 482 1551844 34921528 301924 50% 45 44873 3837  6%
c O 3575.63 183 65 482 1551861 34980507 357943 48% 43 44873 3837  6%
c - 3588.47 176 50 483 1551862 35066428 303815 43% 32 44873 3837  6%
c p 3592.72 176 48 483 1551877 35105119 341149 40% 30 44873 3837  6%
c - 3607.50 177 59 484 1551919 35211630 303356 45% 38 44873 3837  6%
c B 3612.74 177 62 484 1551925 35245508 334404 47% 41 44873 3837  6%
c - 3626.33 177 60 485 1551956 35357131 300781 43% 38 44873 3837  6%
c - 3650.66 177 51 486 1551989 35502931 300441 44% 34 44873 3837  6%
c W 3653.13 177 50 486 1551989 35511509 307846 44% 34 44873 3837  6%
c - 3681.27 179 43 487 1551990 35649031 305272 45% 30 44873 3837  6%
c p 3690.37 179 44 487 1551991 35700119 355202 46% 30 44873 3837  6%
c I 3702.98 179 51 487 1551991 35778510 427915 46% 36 44873 3837  6%
c 
c   seconds     reductions            redundant    irredundant
c            MB        restarts               trail      variables
c             level           conflicts           glue        remaining
c 
c - 3704.98 184 51 488 1551991 35795431 311418 45% 35 44873 3837  6%
c - 3727.99 187 62 489 1551991 35942131 304228 46% 41 44873 3837  6%
c B 3739.22 187 50 489 1552036 36046511 393817 42% 35 44873 3837  6%
c - 3744.08 168 52 490 1552052 36089132 293861 42% 34 44873 3837  6%
c - 3770.81 175 45 491 1552092 36236432 289226 46% 33 44873 3837  6%
c p 3781.59 175 47 491 1552116 36300120 349450 47% 34 44873 3837  6%
c W 3784.70 175 48 491 1552117 36315513 363908 48% 34 44873 3837  6%
c - 3797.08 182 53 492 1552118 36384032 299693 50% 39 44873 3837  6%
c s 3797.71 182 53 492 1552118 36384032 299570 50% 39 44873 3837  6%
c w 3799.66 182 53 492 1552118 36384032 299547 50% 39 44873 3837  6%
c t 3799.67 182 53 492 1552118 36384032 299544 50% 39 44873 3837  6%
c - 3833.33 186 57 493 1552170 36531933 304344 51% 43 44873 3837  6%
c O 3843.84 186 57 493 1552181 36585516 353916 51% 43 44873 3837  6%
c - 3851.68 172 42 494 1552212 36680133 305323 36% 32 44873 3837  6%
c - 3870.55 166 34 495 1552245 36828641 292826 32% 28 44873 3837  6%
c B 3873.49 166 34 495 1552245 36856519 318518 32% 28 44873 3837  6%
c 3 3878.81 166 52 495 1552246 36905120 364755 38% 38 44873 3837  6%
c p 3879.01 166 52 495 1552246 36905120 366159 38% 38 44873 3837  6%
c - 3890.63 184 64 496 1552246 36977441 302815 43% 46 44873 3837  6%
c - 3919.30 183 64 497 1552295 37126545 303808 46% 47 44873 3837  6%
c 
c   seconds     reductions            redundant    irredundant
c            MB        restarts               trail      variables
c             level           conflicts           glue        remaining
c 
c W 3920.69 183 64 497 1552297 37128524 305565 46% 47 44873 3837  6%
c - 3949.00 179 60 498 1552340 37275947 300224 46% 45 44873 3837  6%
c I 3973.59 179 58 498 1552372 37401528 403695 47% 45 44873 3837  6%
c - 3977.97 180 58 499 1552373 37425648 302237 47% 44 44873 3837  6%
c p 3993.31 180 56 499 1552395 37515120 387970 48% 41 44873 3837  6%
c - 4003.19 182 54 500 1552417 37575649 308094 49% 40 44873 3837  6%
c B 4022.31 182 52 500 1552439 37675530 396086 51% 40 44873 3837  6%
c - 4031.83 191 54 501 1552465 37725951 310857 51% 40 44873 3837  6%
c - 4061.71 196 56 502 1552500 37876551 313991 51% 43 44873 3837  6%
c W 4079.00 196 55 502 1552501 37950535 381781 51% 44 44873 3837  6%
c - 4095.16 198 55 503 1552501 38027451 316377 52% 44 44873 3837  6%
c p 4114.79 198 54 503 1552502 38130122 405513 51% 43 44873 3837  6%
c - 4127.94 192 52 504 1552502 38178652 313605 51% 42 44873 3837  6%
c O 4136.80 192 51 504 1552502 38226536 355111 51% 41 44873 3837  6%
c - 4150.23 187 39 505 1552502 38330154 323977 45% 29 44873 3837  6%
c - 4176.28 190 57 506 1552503 38481954 319684 46% 41 44873 3837  6%
c B 4179.96 190 58 506 1552503 38503537 340395 46% 42 44873 3837  6%
c - 4203.12 200 72 507 1552503 38634056 322366 50% 49 44873 3837  6%
c p 4230.37 200 76 507 1552503 38750122 435425 51% 53 44873 3837  6%
c W 4240.67 204 75 507 1552503 38781538 465278 52% 54 44873 3837  6%
c 
c   seconds     reductions            redundant    irredundant
c            MB        restarts               trail      variables
c             level           conflicts           glue        remaining
c 
c - 4242.46 220 75 508 1552503 38786458 333746 52% 54 44873 3837  6%
c - 4283.88 218 71 509 1552534 38939158 334571 52% 53 44873 3837  6%
c I 4313.36 218 71 509 1552566 39060541 439829 53% 57 44873 3837  6%
c - 4317.79 209 74 510 1552580 39092164 320134 52% 53 44873 3837  6%
c - 4342.65 184 57 511 1552629 39245465 305555 49% 44 44873 3837  6%
c B 4360.25 184 53 511 1552636 39340545 390222 50% 41 44873 3837  6%
c p 4368.85 184 53 511 1552651 39375122 422080 50% 42 44873 3837  6%
c - 4374.71 187 53 512 1552660 39399065 308007 50% 43 44873 3837  6%
c - 4406.47 184 54 513 1552706 39552966 302065 50% 46 44873 3837  6%
c s 4406.73 184 54 513 1552706 39552966 302018 50% 46 44873 3837  6%
c w 4407.88 184 54 513 1552706 39552966 301942 50% 46 44873 3837  6%
c W 4418.35 184 58 513 1552729 39621546 361514 49% 46 44873 3837  6%
c - 4434.04 193 62 514 1552756 39707167 319914 48% 44 44873 3837  6%
c - 4468.34 195 58 515 1552758 39861669 319055 49% 47 44873 3837  6%
c O 4477.34 195 57 515 1552758 39903548 355527 49% 48 44873 3837  6%
c p 4488.84 195 53 515 1552789 40005122 451160 41% 39 44873 3837  6%
c - 4490.54 191 54 516 1552791 40016470 327546 42% 38 44873 3837  6%
c - 4514.00 193 56 517 1552842 40171571 318188 43% 40 44873 3837  6%
c B 4516.39 193 57 517 1552850 40186550 331346 43% 42 44873 3837  6%
c - 4540.60 193 58 518 1552884 40326971 319492 46% 44 44873 3837  6%
c 
c   seconds     reductions            redundant    irredundant
c            MB        restarts               trail      variables
c             level           conflicts           glue        remaining
c 
c W 4573.47 193 57 518 1552916 40470552 447839 49% 44 44873 3837  6%
c - 4576.90 194 56 519 1552919 40482673 327063 49% 44 44873 3837  6%
c - 4613.75 189 52 520 1552970 40638675 321203 48% 41 44873 3837  6%
c p 4614.22 189 52 520 1552970 40640123 324711 48% 41 44873 3837  6%
c I 4636.84 189 52 520 1553010 40755553 429150 49% 40 44873 3837  6%
c - 4643.81 192 52 521 1553011 40794975 331404 48% 39 44873 3837  6%
c - 4671.62 200 48 522 1553013 40951575 332394 46% 38 44873 3837  6%
c B 4689.60 200 49 522 1553014 41041554 417052 47% 39 44873 3837  6%
c - 4708.24 205 48 523 1553014 41108475 340310 46% 39 44873 3837  6%
c - 4741.09 206 49 524 1553019 41265677 342079 48% 38 44873 3837  6%
c p 4743.63 206 50 524 1553027 41280123 357271 47% 39 44873 3837  6%
c W 4754.89 206 50 524 1553045 41328556 399130 48% 40 44873 3837  6%
c - 4774.75 196 50 525 1553076 41423178 334538 48% 41 44873 3837  6%
c - 4817.72 185 46 526 1553127 41580978 316707 49% 41 44873 3837  6%
c O 4825.89 185 46 526 1553139 41616557 343551 48% 40 44873 3837  6%
c - 4842.24 197 53 527 1553150 41739080 332790 46% 37 44873 3837  6%
c - 4870.65 199 60 528 1553204 41897481 330710 46% 42 44873 3837  6%
c B 4872.26 199 60 528 1553204 41905558 338056 46% 42 44873 3837  6%
c p 4874.61 199 64 528 1553205 41925123 359110 46% 43 44873 3837  6%
c - 4896.06 193 50 529 1553260 42056181 326962 48% 36 44873 3837  6%
c 
c   seconds     reductions            redundant    irredundant
c            MB        restarts               trail      variables
c             level           conflicts           glue        remaining
c 
c W 4926.09 193 47 529 1553269 42195562 450220 50% 37 44873 3837  6%
c - 4932.13 195 46 530 1553269 42215184 328352 50% 37 44873 3837  6%
c - 4969.58 194 43 531 1553296 42374485 332386 50% 34 44873 3837  6%
c I 4995.17 194 45 531 1553331 42486564 428419 49% 36 44873 3837  6%
c - 5004.30 193 48 532 1553339 42534085 332773 50% 38 44873 3837  6%
c p 5012.03 193 51 532 1553360 42575123 370369 51% 40 44873 3837  6%
c - 5036.58 190 50 533 1553395 42693985 329043 51% 40 44873 3837  6%
c B 5056.71 190 47 533 1553396 42778566 398411 50% 39 44873 3837  6%
c - 5072.59 190 49 534 1553426 42854186 334019 50% 39 44873 3837  6%
c s 5073.22 190 49 534 1553426 42854186 333674 50% 39 44870 3837  6%
c v 5073.51 190 49 534 1553426 42854186 333674 50% 39 44868 3837  6%
c w 5074.49 190 49 534 1553426 42854186 333502 50% 39 44868 3837  6%
c s 5074.87 190 49 534 1553426 42854186 333329 50% 39 44868 3837  6%
c - 5108.48 187 48 535 1553474 43014688 326002 49% 39 44868 3837  6%
c W 5121.56 187 47 535 1553491 43071569 375052 49% 38 44868 3837  6%
c - 5144.85 188 47 536 1553522 43175490 334224 48% 38 44868 3837  6%
c d 5157.13 188 46 536 1553523 43230123 381297 48% 37 44868 3836  6%
c p 5157.42 188 46 536 1553523 43230123 383917 48% 37 44868 3836  6%
c - 5186.22 187 45 537 1553524 43336590 335844 47% 37 44868 3836  6%
c O 5192.05 187 45 537 1553524 43365573 359880 46% 37 44868 3836  6%
c 
c   seconds     reductions            redundant    irredundant
c            MB        restarts               trail      variables
c             level           conflicts           glue        remaining
c 
c s 5205.54 187 48 537 1553525 43471476 459972 45% 34 44864 3836  6%
c w 5206.27 187 48 537 1553525 43471476 459928 45% 34 44864 3836  6%
c t 5206.29 187 48 537 1553525 43471476 459927 45% 34 44864 3836  6%
c s 5206.69 187 48 537 1553525 43471476 459766 45% 34 44864 3836  6%
c - 5211.60 196 48 538 1553525 43497990 343842 46% 34 44864 3836  6%
c - 5242.00 203 47 539 1553526 43659691 340809 48% 34 44864 3836  6%
c B 5242.14 203 47 539 1553526 43660575 341645 48% 34 44864 3836  6%
c - 5267.00 201 61 540 1553526 43821691 337250 46% 42 44864 3836  6%
c p 5276.58 201 66 540 1553526 43890123 404237 44% 45 44864 3836  6%
c W 5289.99 201 56 540 1553526 43956577 464140 44% 41 44864 3836  6%
c - 5296.60 192 51 541 1553526 43983991 339775 43% 38 44864 3836  6%
c - 5328.99 185 44 542 1553526 44146594 333254 48% 35 44864 3836  6%
c I 5355.10 185 40 542 1553527 44253581 426114 48% 33 44864 3836  6%
c - 5363.49 192 48 543 1553527 44309494 344324 46% 36 44864 3836  6%
c - 5389.67 198 53 544 1553527 44472695 347330 44% 37 44864 3836  6%
c B 5404.22 198 53 544 1553527 44551585 422032 44% 38 44864 3836  6%
c p 5404.99 198 53 544 1553527 44555123 427827 44% 38 44864 3836  6%
c - 5416.33 195 48 545 1553527 44636197 346444 46% 36 44864 3836  6%
c - 5450.03 185 45 546 1553527 44799997 334649 48% 36 44864 3836  6%
c W 5462.02 185 43 546 1553527 44850586 376515 48% 35 44864 3836  6%
c 
c   seconds     reductions            redundant    irredundant
c            MB        restarts               trail      variables
c             level           conflicts           glue        remaining
c 
c - 5492.09 187 42 547 1553527 44964098 340045 49% 34 44864 3836  6%
c - 5541.70 187 39 548 1553527 45128498 347733 48% 32 44864 3836  6%
c O 5547.13 187 39 548 1553527 45150589 365985 48% 32 44864 3836  6%
c p 5556.41 187 41 548 1553527 45225125 439197 48% 28 44864 3836  6%
c - 5566.83 209 51 549 1553528 45293200 353177 48% 34 44864 3836  6%
c B 5602.11 209 62 549 1553528 45451590 492471 49% 48 44864 3836  6%
c - 5603.40 208 64 550 1553528 45458200 343742 49% 47 44864 3836  6%
c - 5634.45 207 69 551 1553528 45623500 346604 44% 48 44864 3836  6%
c W 5661.71 207 69 551 1553528 45753591 469111 44% 48 44864 3836  6%
c - 5670.20 208 61 552 1553528 45789100 356038 46% 44 44864 3836  6%
c p 5697.14 208 46 552 1553528 45900125 454350 48% 35 44864 3836  6%
c - 5711.14 192 44 553 1553528 45955002 346319 48% 34 44864 3836  6%
c I 5735.26 192 41 553 1553528 46056597 432566 50% 33 44864 3836  6%
c - 5746.29 194 48 554 1553528 46121203 349934 49% 35 44864 3836  6%
c - 5788.98 201 52 555 1553528 46287703 353857 49% 38 44864 3836  6%
c B 5806.15 201 50 555 1553528 46360598 421738 49% 37 44864 3836  6%
c - 5839.04 202 52 556 1553528 46454504 364479 48% 39 44864 3836  6%
c p 5868.23 202 49 556 1553528 46580125 472111 48% 39 44864 3836  6%
c - 5877.64 200 49 557 1553528 46621605 356024 47% 40 44864 3836  6%
c W 5886.80 200 50 557 1553528 46665600 392583 48% 41 44864 3836  6%
c 
c   seconds     reductions            redundant    irredundant
c            MB        restarts               trail      variables
c             level           conflicts           glue        remaining
c 
c - 5914.09 199 51 558 1553528 46789006 349675 48% 42 44864 3836  6%
c s 5914.71 199 51 558 1553528 46789006 349555 48% 42 44864 3836  6%
c w 5916.07 199 51 558 1553528 46789006 349305 48% 42 44864 3836  6%
c s 5916.63 199 51 558 1553528 46789006 348871 48% 42 44864 3836  6%
c - 5955.76 203 51 559 1553528 46956706 354156 50% 40 44864 3836  6%
c O 5958.94 203 50 559 1553528 46971601 366407 50% 40 44864 3836  6%
c - 5983.85 212 49 560 1553528 47124707 360350 47% 31 44864 3836  6%
c p 6010.45 212 47 560 1553528 47265125 498114 46% 28 44864 3836  6%
c B 6013.37 212 48 560 1553528 47278604 511104 47% 29 44864 3836  6%
c - 6015.94 215 51 561 1553528 47293007 368484 47% 31 44864 3836  6%
c - 6049.03 220 60 562 1553563 47461610 360136 48% 46 44864 3836  6%
c W 6084.91 220 57 562 1553600 47586606 469812 48% 47 44864 3836  6%
c - 6098.42 208 55 563 1553620 47630511 353763 48% 45 44864 3836  6%
c - 6149.83 212 51 564 1553655 47799711 357008 49% 43 44864 3836  6%
c I 6176.68 212 49 564 1553684 47895609 436832 49% 43 44864 3836  6%
c p 6189.28 212 48 564 1553702 47955126 490047 47% 41 44864 3836  6%
c - 6192.64 204 48 565 1553711 47969212 351205 47% 41 44864 3836  6%
c - 6235.27 194 43 566 1553762 48139012 342591 46% 37 44864 3836  6%
c B 6249.01 194 45 566 1553781 48205612 401486 47% 38 44864 3836  6%
c - 6270.76 201 50 567 1553783 48309112 356955 48% 39 44864 3836  6%
c 
c   seconds     reductions            redundant    irredundant
c            MB        restarts               trail      variables
c             level           conflicts           glue        remaining
c 
c - 6315.32 196 52 568 1553805 48479515 355370 48% 42 44864 3836  6%
c W 6323.74 196 53 568 1553814 48516613 387768 48% 42 44864 3836  6%
c p 6359.76 196 50 568 1553856 48650126 501244 49% 41 44864 3836  6%
c - 6360.01 197 50 569 1553856 48650216 354236 49% 41 44864 3836  6%
c - 6400.66 195 46 570 1553909 48821217 356591 46% 35 44864 3836  6%
c O 6402.18 195 46 570 1553909 48828615 363138 46% 36 44864 3836  6%
c s 6402.95 195 46 570 1553909 48829100 363429 46% 35 44864 3836  6%
c v 6403.26 195 46 570 1553909 48829100 363429 46% 35 44863 3836  6%
c w 6404.00 195 46 570 1553909 48829100 363292 46% 35 44863 3836  6%
c t 6404.01 195 46 570 1553909 48829100 363291 46% 35 44863 3836  6%
c s 6404.66 195 46 570 1553909 48829100 362917 46% 35 44863 3836  6%
c - 6431.49 202 47 571 1553947 48992518 361411 42% 32 44863 3836  6%
c B 6456.83 202 50 571 1553994 49141617 490362 44% 36 44863 3836  6%
c - 6460.64 195 54 572 1554003 49164119 353512 45% 39 44863 3836  6%
c - 6491.68 206 62 573 1554037 49336020 360097 49% 47 44863 3836  6%
c p 6494.55 206 62 573 1554037 49350127 374968 49% 47 44863 3836  6%
c W 6521.55 206 61 573 1554038 49455618 467455 49% 49 44863 3836  6%
c - 6535.54 207 59 574 1554039 49508223 362732 50% 47 44863 3836  6%
c - 6584.12 205 56 575 1554039 49680725 361645 50% 46 44863 3836  6%
c I 6607.39 205 55 575 1554043 49770621 437410 50% 46 44863 3836  6%
c 
c   seconds     reductions            redundant    irredundant
c            MB        restarts               trail      variables
c             level           conflicts           glue        remaining
c 
c - 6623.76 208 57 576 1554074 49853526 370372 49% 44 44863 3836  6%
c - 6664.39 193 50 577 1554132 50026627 363293 47% 37 44863 3836  6%
c p 6669.35 193 48 577 1554139 50055128 391353 46% 35 44863 3836  6%
c B 6675.30 193 48 577 1554152 50086622 419974 46% 34 44863 3836  6%
c - 6695.02 199 49 578 1554166 50200027 364254 49% 35 44863 3836  6%
c - 6728.38 198 49 579 1554227 50373728 362375 49% 39 44863 3836  6%
c W 6734.78 198 48 579 1554229 50403629 386114 49% 39 44863 3836  6%
c - 6768.20 195 43 580 1554276 50547729 361333 49% 36 44863 3836  6%
c O 6809.49 195 39 580 1554294 50721630 498853 49% 33 44863 3836  6%
c - 6809.75 194 39 581 1554294 50722031 359722 49% 33 44863 3836  6%
c p 6813.66 194 40 581 1554294 50765129 402848 47% 30 44863 3836  6%
c - 6831.45 200 57 582 1554325 50896631 366656 46% 37 44863 3836  6%
c B 6861.41 200 66 582 1554364 51040631 494463 48% 50 44863 3836  6%
c - 6866.73 208 64 583 1554379 51071533 365373 49% 47 44863 3836  6%
c ] 6887.80 208 54 583 1554418 51172946 452217 50% 41 44863 3836  6%
c ? 6887.80 208 54 583 1554418 51172946 452217 50% 41 44863 3836  6%
c 
c --- [ result ] -------------------------------------------------------------
c 
c UNKNOWN
c 
c --- [ run-time profiling ] -------------------------------------------------
c 
c process time taken by individual solving procedures
c (percentage relative to process time for solving)
c 
c      6785.65   98.52% search
c      4930.68   71.59% stable
c      1769.44   25.69% unstable
c       102.11    1.48% simplify
c        85.52    1.24% walk
c        47.57    0.69% subsume
c        33.09    0.48% vivify
c        12.03    0.17% probe
c         2.91    0.04% ternary
c         1.67    0.02% elim
c         0.05    0.00% parse
c         0.00    0.00% lucky
c   =================================
c      6887.76  100.00% solve
c 
c last line shows process time for solving
c (percentage relative to total process time)
c 
c --- [ statistics ] ---------------------------------------------------------
c 
c blocked:                       0         0.00 %  of irredundant clauses
c   blockings:                   0         0.00    internal
c   candidates:                  0         0.00    per blocking 
c   blockres:                    0         0.00    per candidate
c   pure:                        0         0.00 %  of all variables
c   pureclauses:                 0         0.00    per pure literal
c chronological:          10001283        19.54 %  of conflicts
c compacts:                      6   8528824.33    interval
c conflicts:              51172946      7429.55    per second
c   backtracked:          59723272       116.71 %  of conflicts
c conditioned:                   0         0.00 %  of irredundant clauses
c   conditionings:               0         0.00    interval
c   condcands:                   0         0.00    candidate clauses
c   condassinit:                 0.0       0.00 %  initial assigned
c   condcondinit:                0.0       0.00 %  initial condition
c   condautinit:                 0.0       0.00 %  initial autarky
c   condassrem:                  0.0       0.00 %  final assigned
c   condcondrem:                 0.000     0.00 %  final conditional
c   condautrem:                  0.000     0.00 %  final autarky
c   condprops:                   0         0.00    per candidate
c covered:                       0         0.00 %  of irredundant clauses
c   coverings:                   0         0.00    interval
c   asymmetric:                  0         0.00 %  of covered clauses
c   blocked:                     0         0.00 %  of covered clauses
c decisions:              93013388     13504.16    per second
c   searched:            315248530         3.39    per decision
c eliminated:                51997        79.74 %  of all variables
c   elimphases:                 89    574976.92    interval
c   elimrounds:                145         1.63    per phase
c   elimtried:               95487        54.45 %  eliminated
c   elimgates:               17809        18.65 %  gates per tried
c   elimequivs:                 37         0.21 %  equivalence gates
c   elimands:                17772        99.79 %  and gates
c   elimites:                    0         0.00 %  if-then-else gates
c   elimxors:                    0         0.00 %  xor gates
c   elimsubst:                1692         3.25 %  substituted
c   elimres:               1253959        24.12    per eliminated
c   elimrestried:          1171245        93.40 %  per resolution
c ext.prop. calls:               0         0.00 %  of queries
c   propagating:                 0         0.00 %  per eprop-call
c   explained:                   0         0.00 %  per eprop-call
c   falsified:                   0         0.00 %  per eprop-call
c ext.clause calls:              0         0.00 %  of queries
c   learned:                     0         0.00 %  per called
c   conflicting:                 0         0.00 %  per learned
c   propagating:                 0         0.00 %  per learned
c ext.final check:               0         0.00 %  of queries
c fixed:                      9123        13.99 %  of all variables
c   failed:                     26         0.04 %  of all variables
c   probefailed:                23        88.46 %  per failed
c   transredunits:               3        11.54 %  per failed
c   probingphases:             142    360372.86    interval
c   probesuccess:               31        21.83 %  phases
c   probingrounds:             142         1.00    per phase
c   probed:                 305046     11732.54    per failed
c   hbrs:                   247433         0.81    per probed
c   hbrsizes:               947710         3.83    per hbr
c   hbreds:                 245690        99.30 %  per hbr
c   hbrsubs:                   766         0.31 %  per hbr
c   units:                      18   2842941.44    interval
c   binaries:                 2097     24402.93    interval
c flushed:                       0         0.00 %  per conflict
c   hyper:                       0         0.00 %  per conflict
c   flushings:                   0         0.00    interval
c instantiated:                  0         0.00 %  of tried
c   instrounds:                  0         0.00 %  of elimrounds
c learned:                50199525        98.10 %  per conflict
c   bumped:             1809118116        36.04    per learned
c   recomputed:          293113158       583.90 %  per learned
c   promoted1:              135534         0.27 %  per learned
c   promoted2:              439567         0.88 %  per learned
c   improvedglue:         21067601        41.97 %  per learned
c lucky:                         0         0.00 %  of tried
c   constantzero                 0         0.00 %  of tried
c   constantone                  0         0.00 %  of tried
c   backwardone                  0         0.00 %  of tried
c   backwardzero                 0         0.00 %  of tried
c   forwardone                   0         0.00 %  of tried
c   forwardzero                  0         0.00 %  of tried
c   positivehorn                 0         0.00 %  of tried
c   negativehorn                 0         0.00 %  of tried
c   extendbytes:           3309960         3.16    bytes and MB
c learned_lits:         5224345437       100.00 %  learned literals
c minimized:                     0         0.00 %  learned literals
c shrunken:             1712722568        32.78 %  learned literals
c minishrunken:          698125250        13.36 %  learned literals
c otfs:                     121699         0.24 %  of conflict
c   subsumed                  4454         0.01 %  of conflict
c   strengthened            117245         0.23 %  of conflict
c propagations:        11291201514         1.64 M  per second
c   coverprops:                  0         0.00 %  of propagations
c   probeprops:            6222610         0.06 %  of propagations
c   searchprops:       10216637986        90.48 %  of propagations
c   transredprops:         1164153         0.01 %  of propagations
c   vivifyprops:         134489604         1.19 %  of propagations
c   walkprops:           932687161         8.26 %  of propagations
c reactivated:                   0         0.00 %  of all variables
c reduced:                43761068        85.52 %  per conflict
c   reductions:                583     87775.21    interval
c   collections:               592     86440.79    interval
c rephased:                    319    160416.76    interval
c   rephasedbest:              106        33.23 %  rephased best
c   rephasedflip:               26         8.15 %  rephased flipping
c   rephasedinv:                28         8.78 %  rephased inverted
c   rephasedorig:               29         9.09 %  rephased original
c   rephasedrand:               25         7.84 %  rephased random
c   rephasedwalk:              105        32.92 %  rephased walk
c rescored:                   4294     11917.31    interval
c restarts:                1554418        32.92    interval
c   reused:                1363716        87.73 %  per restart
c   reusedlevels:         14324695        30.10 %  per restart levels
c restored:                      0         0.00 %  per weakened
c   restorations:                0         0.00 %  per extension
c   literals:                    0         0.00    per restored clause
c stabilizing:                   8        57.31 %  of conflicts
c   restartstab:              4984         0.32 %  of all restarts
c   reusedstab:               4928        98.88 %  per stable restarts
c substituted:                 251         0.38 %  of all variables
c   decompositions:            371         2.61    per phase
c subsumed:                5818953         5.71 %  of all clauses
c   subsumephases:              92    556227.67    interval
c   subsumerounds:             181         1.97    per phase
c   deduplicated:               37         0.00 %  per subsumed
c   transreds:                  92    556227.67    interval
c   transitive:                664         0.01 %  per subsumed
c   subirr:                   7196         0.12 %  of subsumed
c   subred:                  47657         0.82 %  of subsumed
c   subtried:             15911082         2.73    tried per subsumed
c   subchecks:          6955241412       437.13    per tried
c   subchecks2:           59264863         0.85 %  per subcheck
c   elimotfsub:                  0         0.00 %  of subsumed
c   elimbwsub:                 779         0.01 %  of subsumed
c   eagersub:              5756205        98.92 %  of subsumed
c   eagertried:         1104389154       191.86    tried per eagersub
c strengthened:             419071         0.41 %  of all clauses
c   elimotfstr:               4646         1.11 %  of strengthened
c   elimbwstr:                   7         0.00 %  of strengthened
c ternary:                  244140         0.81 %  of resolved
c   phases:                    284    180186.43    interval
c   htr3:                   244056        99.97 %  ternary hyper ternres
c   htr2:                       84         0.03 %  binary hyper ternres
c vivified:                  17676         0.02 %  of all clauses
c   vivifications:              92    556227.67    interval
c   vivifychecks:          1800262         3.52 %  per conflict
c   vivifysched:          10648625        16.91 %  checks per scheduled
c   vivifyunits:                 1         0.00 %  per vivify check
c   vivifyinst:                406         0.02 %  per vivify check
c   vivifysubs:               3928         0.07 %  per subsumed
c   vivifystrs:              13748         3.28 %  per strengthened
c   vivifystrirr:              703         5.11 %  per vivifystrs
c   vivifystred1:              350         2.55 %  per vivifystrs
c   vivifystred2:             7074        51.45 %  per vivifystrs
c   vivifystred3:             5621        40.89 %  per vivifystrs
c   vivifydecs:            8508341         4.73    per checks
c   vivifyreused:          3456041        40.62 %  per decision
c walked:                      105    487361.39    interval
c   flips:               122566689         1.43 M  per second
c   minimum:                    12         0.01 %  clauses
c   broken:             3788322163        30.91    per flip
c weakened:                 130302         3.35    average size
c   extensions:                  0         0.00    interval
c   flipped:                     0         0.00    per weakened
c 
c seconds are measured in process time for solving
c 
c --- [ resources ] ----------------------------------------------------------
c 
c total process time since initialization:      6887.81    seconds
c total real time since initialization:         6900.00    seconds
c maximum resident set size of process:          302.91    MB
c 
c --- [ shutting down ] ------------------------------------------------------
c 
c exit 0
