c --- [ banner ] -------------------------------------------------------------
c 
c CaDiCaL SAT Solver
c Copyright (c) 2016-2023 A. Biere, M. Fleury, N. Froleyks, K. Fazekas, F. Pollitt
c 
c Version 1.7.3
c g++-13.2.0
c Feb 11 2024 04:08:27
c 
c --- [ limit ] --------------------------------------------------------------
c 
c setting time limit to 6900 seconds real time (due to '-t 6900')
c 
c --- [ parsing input ] ------------------------------------------------------
c 
c reading DIMACS file from '/root/projects/maph/discovery/out/cover-23-6-2-bounded-balanced-20260807/222-path.cnf'
c opening file to read '/root/projects/maph/discovery/out/cover-23-6-2-bounded-balanced-20260807/222-path.cnf'
c found 'p cnf 65207 139856' header
c parsed 139856 clauses in 0.04 seconds process time
c closing file '/root/projects/maph/discovery/out/cover-23-6-2-bounded-balanced-20260807/222-path.cnf'
c 
c --- [ options ] ------------------------------------------------------------
c 
c all options are set to their default value
c 
c --- [ solving ] ------------------------------------------------------------
c 
c time measured in process time since initialization
c 
c  seconds  reductions  redundant  irredundant
c         MB    restarts       trail       variables
c          level   conflicts       glue         remaining
c 
c *  0.04 28  0 0   0    0    0  0% 0 124103 57300 88%
c {  0.05 29  0 0   0    0    0  0% 0 124103 57300 88%
c i  0.05 29 25 0   0    8    4 22% 3 124103 56845 87%
c i  0.05 29 27 0   0   12    7 22% 3 124103 56843 87%
c i  0.05 29 36 0   5   94   72 21% 3 124103 56770 87%
c i  0.05 29 36 0   5   95   72 21% 3 124103 56708 87%
c i  0.05 29 35 0   5   96   72 21% 3 124103 56707 87%
c i  0.05 29 35 0   6   98   73 21% 3 124103 56602 87%
c -  0.07 30 55 1  21  300  233 21% 3 114563 56578 87%
c i  0.08 30 58 1  58  437  342 22% 4 114563 56538 87%
c i  0.08 30 58 1  59  440  344 22% 4 114563 56517 87%
c i  0.08 30 57 1  62  453  356 21% 4 114563 56456 87%
c i  0.08 30 56 1  65  525  419 21% 4 114563 56448 87%
c -  0.12 35 49 2 133  936  767 21% 6 114057 56437 87%
c }  0.13 35 49 2 138 1000  827 21% 6 114057 56437 87%
c [  0.13 35  0 2 138 1000  827  0% 0 114057 56437 87%
c O  0.13 35 52 2 138 1002  829 25% 5 114057 56437 87%
c -  0.19 35 31 3 138 1888 1416 24% 14 114057 56437 87%
c s  0.27 40 41 3 139 2232 1710 11% 18 109769 56437 87%
c v  0.30 40 41 3 139 2232 1710 11% 18 109767 56437 87%
c 
c  seconds  reductions  redundant   irredundant
c         MB    restarts       trail        variables
c          level   conflicts       glue          remaining
c 
c w  0.30 40 41 3 139 2232 1710 11% 18 109767 56437 87%
c t  0.31 40 41 3 139 2232 1703 11% 18 109322 56042 86%
c e  0.38 41 41 3 139 2232  139 11% 18 33236 7737 12%
c s  0.40 43 41 3 139 2232  132 11% 18 33068 7737 12%
c e  0.40 43 41 3 139 2232  132 11% 18 33065 7723 12%
c ]  0.44 43 100 3 139 3000  869  7% 19 33065 7723 12%
c {  0.44 43 49 3 139 3000  869 24% 6 33065 7723 12%
c F  0.44 43 49 3 139 3004  873 24% 6 33065 7723 12%
c -  0.45 38 47 4 156 3156  999 21% 6 33065 7723 12%
c i  0.46 38 41 4 202 3643 1395 15% 6 33065 7707 12%
c -  0.49 38 42 5 362 4656 1610 11% 7 32965 7707 12%
c 3  0.50 40 39 5 380 5000 9360 10% 7 32965 7707 12%
c 2  0.51 40 39 5 380 5000 9548 10% 7 32965 7707 12%
c p  0.53 40 39 5 380 5000 17288 10% 7 32965 7682 12%
c d  0.54 40 39 5 380 5000 16675 10% 7 32834 7679 12%
c i  0.56 40 41 5 479 5472 17091  9% 8 32834 7678 12%
c #  0.58 40 42 5 571 6008 17556  8% 8 32834 7677 12%
c -  0.62 40 45 6 667 6460 3025 27% 8 32828 7677 12%
c }  0.64 40 46 6 772 7000 3512 25% 9 32828 7677 12%
c [  0.64 40 100 6 772 7000 3512 50% 19 32828 7677 12%
c 
c  seconds  reductions  redundant   irredundant
c         MB    restarts       trail      variables
c          level   conflicts       glue        remaining
c 
c -  0.71 40 97 7 773 8560 3574 45% 24 32828 7677 12%
c I  0.77 40 100 7 774 10010 4961 43% 28 32828 7677 12%
c s  0.80 40 98 7 775 10625 5402 41% 30 32122 7677 12%
c v  0.81 40 98 7 775 10625 5402 41% 30 32066 7677 12%
c w  0.81 40 98 7 775 10625 5402 41% 30 32066 7677 12%
c t  0.81 40 98 7 775 10625 5398 41% 30 32045 7677 12%
c e  0.82 40 98 7 775 10625 4387 41% 30 31818 7470 11%
c s  0.82 40 98 7 775 10625 4358 41% 30 31789 7470 11%
c e  0.83 40 98 7 775 10625 4358 41% 30 31788 7469 11%
c -  0.84 40 96 8 775 10960 3379 40% 30 31788 7469 11%
c -  0.98 40 102 9 777 13661 4057 40% 37 31788 7469 11%
c ]  1.04 40 102 9 777 15002 5255 40% 41 31788 7469 11%
c {  1.04 40 46 9 777 15002 5255 25% 9 31788 7469 11%
c d  1.04 40 46 9 778 15002 5253 25% 9 31788 7468 11%
c 2  1.05 40 46 9 778 15002 8381 25% 9 31788 7468 11%
c p  1.06 40 46 9 778 15002 15211 25% 9 31788 7452 11%
c B  1.07 40 46 9 781 15012 15221 25% 9 31788 7452 11%
c -  1.13 40 45 10 987 16661 4955 22% 9 31716 7452 11%
c i  1.13 40 45 10 1013 16753 5044 22% 9 31716 7438 11%
c -  1.22 40 43 11 1324 19961 5242 21% 9 31632 7438 11%
c 
c  seconds  reductions     redundant  irredundant
c         MB     restarts         trail     variables
c          level      conflicts       glue       remaining
c 
c i  1.23 40 43 11 1368 20168 5424 21% 9 31632 7437 11%
c i  1.24 40 43 11 1399 20660 5834 21% 9 31632 7408 11%
c W  1.26 40 43 11 1419 21015 6092 21% 9 31479 7408 11%
c i  1.29 40 43 11 1485 21918 6832 21% 9 31479 7406 11%
c s  1.36 40 44 11 1705 23165 7482 22% 9 31395 7406 11%
c v  1.38 40 44 11 1705 23165 7482 22% 9 31060 7406 11%
c w  1.38 40 44 11 1705 23165 7480 22% 9 31060 7406 11%
c t  1.38 40 44 11 1705 23165 7473 22% 9 31058 7406 11%
c e  1.39 40 44 11 1705 23165 6561 22% 9 30914 7307 11%
c s  1.40 40 44 11 1705 23165 6520 22% 9 30903 7307 11%
c e  1.40 40 44 11 1705 23165 6516 22% 9 30903 7306 11%
c -  1.42 40 44 12 1740 23561 5364 22% 9 30903 7306 11%
c i  1.48 40 44 12 1888 25044 6675 22% 9 30903 7304 11%
c -  1.55 40 43 13 2140 27461 6458 21% 9 30897 7304 11%
c F  1.57 40 43 13 2211 28017 6965 21% 9 30897 7304 11%
c i  1.57 40 43 13 2211 28018 6965 21% 9 30897 7303 11%
c d  1.63 40 42 13 2366 30002 8698 21% 9 30891 7297 11%
c 3  1.64 40 42 13 2366 30002 11583 21% 9 30891 7297 11%
c 2  1.65 40 42 13 2366 30002 12311 21% 9 30891 7297 11%
c p  1.66 40 42 13 2366 30002 18065 21% 9 30891 7295 11%
c 
c  seconds  reductions      redundant  irredundant
c         MB     restarts          trail     variables
c          level      conflicts        glue       remaining
c 
c }  1.70 40 42 13 2489 31003 18974 21% 9 30891 7295 11%
c [  1.70 40 102 13 2489 31003 18974 40% 41 30891 7295 11%
c -  1.72 40 96 14 2489 31662 8151 38% 39 30885 7295 11%
c i  1.76 40 86 14 2489 32985 9017 35% 35 30885 7290 11%
c B  1.90 40 92 14 2492 36018 11902 36% 37 30885 7290 11%
c -  1.91 40 92 15 2492 36163 7957 36% 37 30870 7290 11%
c s  2.05 40 95 15 2495 39811 11266 37% 36 30848 7290 11%
c v  2.06 40 95 15 2495 39811 11266 37% 36 30805 7290 11%
c w  2.07 40 95 15 2495 39811 11264 37% 36 30805 7290 11%
c t  2.07 40 95 15 2495 39811 11263 37% 36 30800 7290 11%
c e  2.07 40 95 15 2495 39811 10940 37% 36 30726 7253 11%
c s  2.08 40 95 15 2495 39811 10899 37% 36 30657 7253 11%
c e  2.08 40 95 15 2495 39811 10896 37% 36 30653 7250 11%
c -  2.12 40 93 16 2495 40963 8505 36% 36 30653 7250 11%
c W  2.34 40 88 16 2496 45020 12231 36% 36 30653 7250 11%
c -  2.38 40 87 17 2497 46063 9034 36% 35 30653 7250 11%
c d  2.60 40 86 17 2497 50003 12631 37% 37 30653 7249 11%
c 3  2.61 40 86 17 2497 50003 16771 37% 37 30653 7249 11%
c d  2.62 40 86 17 2497 50003 16763 37% 37 30653 7248 11%
c p  2.63 40 86 17 2497 50003 22182 37% 37 30653 7248 11%
c 
c  seconds  reductions      redundant   irredundant
c         MB     restarts          trail      variables
c          level      conflicts        glue        remaining
c 
c d  2.63 40 86 17 2497 50003 22180 37% 37 30652 7246 11%
c -  2.75 40 86 18 2497 51463 9711 37% 38 30652 7246 11%
c O  3.03 40 86 18 2498 55022 12997 38% 40 30652 7246 11%
c -  3.12 40 87 19 2500 57166 10329 38% 40 30652 7246 11%
c s  3.24 40 84 19 2502 60611 13397 37% 39 30649 7246 11%
c v  3.26 40 84 19 2502 60611 13397 37% 39 30570 7246 11%
c w  3.27 40 84 19 2502 60611 13396 37% 39 30570 7246 11%
c t  3.27 40 84 19 2502 60611 13395 37% 39 30570 7246 11%
c e  3.27 40 84 19 2502 60611 13395 37% 39 30468 7184 11%
c s  3.28 40 84 19 2502 60611 13387 37% 39 30408 7184 11%
c ]  3.40 40 85 19 2504 63003 15702 37% 39 30408 7184 11%
c {  3.40 40 42 19 2504 63003 15702 21% 9 30408 7184 11%
c -  3.42 40 42 20 2541 63167 10574 21% 9 30408 7184 11%
c B  3.53 40 43 20 3072 66023 13181 21% 10 30408 7184 11%
c -  3.70 40 43 21 3662 69467 10902 22% 10 30408 7184 11%
c d  3.87 40 39 21 3841 75003 15422 22% 10 30408 7171 11%
c 3  3.88 40 39 21 3841 75003 18365 22% 10 30408 7171 11%
c 3  3.89 40 39 21 3841 75003 19045 22% 10 30408 7171 11%
c d  3.89 40 39 21 3841 75003 19032 22% 10 30408 7169 11%
c 2  3.89 40 39 21 3841 75003 19023 22% 10 30408 7169 11%
c 
c  seconds  reductions      redundant   irredundant
c         MB     restarts          trail      variables
c          level      conflicts        glue        remaining
c 
c p  3.90 40 39 21 3841 75003 24479 22% 10 30408 7169 11%
c -  3.93 40 38 22 3846 76067 11933 21% 10 30408 7169 11%
c W  4.03 40 38 22 4019 78024 13593 21% 10 30408 7169 11%
c -  4.24 40 38 23 4607 82967 13734 22% 10 30408 7169 11%
c s  4.35 40 38 23 4844 85592 15726 22% 10 30385 7169 11%
c v  4.36 40 38 23 4844 85592 15726 22% 10 30302 7169 11%
c w  4.37 40 38 23 4844 85592 15720 22% 10 30302 7169 11%
c t  4.37 40 38 23 4844 85592 15711 22% 10 30302 7169 11%
c e  4.37 40 38 23 4844 85592 15699 22% 10 30236 7115 11%
c s  4.38 40 38 23 4844 85592 15650 22% 10 30168 7115 11%
c e  4.38 40 38 23 4844 85592 15650 22% 10 30165 7112 11%
c -  4.61 40 40 24 5497 90167 14929 22% 10 30165 7112 11%
c #  4.64 40 40 24 5655 91025 15693 22% 10 30165 7112 11%
c -  4.84 40 38 25 7037 97668 15445 22% 11 30165 7112 11%
c d  5.19 40 39 25 7955 105003 21909 22% 11 30165 7073 11%
c 3  5.19 40 39 25 7955 105003 25147 22% 11 30165 7073 11%
c d  5.20 40 39 25 7955 105003 25930 22% 11 30165 7070 11%
c 2  5.21 40 39 25 7955 105003 25921 22% 11 30165 7070 11%
c p  5.22 40 39 25 7955 105003 31094 22% 11 30165 7070 11%
c d  5.22 40 39 25 7955 105003 31056 22% 11 30165 7066 11%
c 
c  seconds  reductions       redundant   irredundant
c         MB     restarts           trail      variables
c          level      conflicts         glue        remaining
c 
c B  5.22 40 39 25 7955 105026 31072 22% 11 30165 7066 11%
c -  5.25 40 39 26 7996 105468 15942 22% 11 30165 7066 11%
c -  5.58 40 39 27 9175 113569 17240 22% 11 30165 7066 11%
c s  5.65 40 39 27 9325 114776 17940 22% 11 30150 7066 11%
c v  5.67 40 39 27 9325 114776 17940 22% 11 30128 7066 11%
c w  5.68 40 39 27 9325 114776 17934 22% 11 30128 7066 11%
c t  5.68 40 39 27 9325 114776 17921 22% 11 30128 7066 11%
c e  5.69 40 39 27 9325 114776 17127 22% 11 30122 7056 11%
c s  5.69 40 39 27 9325 114776 17083 22% 11 30091 7056 11%
c e  5.70 40 39 27 9325 114776 17080 22% 11 30087 7052 11%
c W  6.01 40 40 27 9965 120027 21927 22% 11 30087 7052 11%
c -  6.07 40 40 28 10255 121971 17502 22% 11 30087 7052 11%
c }  6.29 40 39 28 11200 127003 21850 22% 11 30087 7052 11%
c [  6.29 40 85 28 11200 127003 21850 37% 39 30087 7052 11%
c -  6.47 40 83 29 11200 130672 18513 38% 37 30087 7052 11%
c B  6.73 40 90 29 11204 136030 23609 38% 41 30087 7052 11%
c -  6.86 40 89 30 11207 139675 18449 37% 40 30087 7052 11%
c d  6.87 40 88 30 11207 140007 18641 37% 40 30087 7023 11%
c 3  6.88 40 88 30 11207 140007 21720 37% 40 30087 7023 11%
c d  6.89 40 88 30 11207 140007 22437 37% 40 30087 7022 11%
c 
c  seconds  reductions        redundant   irredundant
c         MB      restarts           trail      variables
c          level       conflicts         glue        remaining
c 
c 2  6.89 40 88 30 11207 140007 22436 37% 40 30087 7022 11%
c p  6.90 40 88 30 11207 140007 27623 37% 40 30087 7022 11%
c s  7.31 40 88 30 11208 148265 34993 37% 40 30087 7022 11%
c v  7.33 40 88 30 11208 148265 34993 37% 40 30087 7022 11%
c w  7.34 40 88 30 11208 148265 34986 37% 40 30087 7022 11%
c t  7.34 40 88 30 11208 148265 34979 37% 40 30086 7022 11%
c e  7.35 40 88 30 11208 148265 34933 37% 40 30085 7021 11%
c s  7.35 40 88 30 11208 148265 34875 37% 40 30072 7021 11%
c -  7.42 40 88 31 11208 148977 18436 37% 40 30072 7021 11%
c W  7.75 40 88 31 11209 153033 22080 37% 42 30072 7021 11%
c -  8.13 40 86 32 11209 158577 18534 37% 41 30072 7021 11%
c -  8.94 40 83 33 11210 168480 19708 37% 41 30072 7021 11%
c I  9.12 40 82 33 11212 171034 22049 36% 40 30072 7021 11%
c -  9.57 40 82 34 11216 178681 20305 37% 41 30072 7021 11%
c d  9.66 40 81 34 11216 180007 21522 37% 41 30072 7013 11%
c 3  9.67 40 81 34 11216 180007 24367 37% 41 30072 7013 11%
c p  9.69 40 81 34 11216 180007 30444 37% 41 30072 7013 11%
c s 10.06 40 81 34 11221 186042 35874 36% 41 30072 7013 11%
c v 10.08 40 81 34 11221 186042 35874 36% 41 30035 7013 11%
c w 10.09 40 81 34 11221 186042 35869 36% 41 30035 7013 11%
c 
c  seconds  reductions        redundant   irredundant
c         MB      restarts           trail      variables
c          level       conflicts         glue        remaining
c 
c t 10.10 40 81 34 11221 186042 35868 36% 41 30035 7013 11%
c e 10.10 40 81 34 11221 186042 35854 36% 41 30023 7002 11%
c s 10.11 40 81 34 11221 186042 35762 36% 41 29980 7002 11%
c e 10.12 40 81 34 11221 186042 35753 36% 41 29979 7000 11%
c - 10.28 40 80 35 11223 189183 21026 36% 41 29979 7000 11%
c B 10.33 40 80 35 11223 190036 21836 36% 40 29979 7000 11%
c - 10.86 45 77 36 11224 199983 20517 36% 39 29979 7000 11%
c W 11.57 45 77 36 11231 210037 30104 37% 39 29979 7000 11%
c - 11.64 40 77 37 11231 211083 21294 37% 39 29979 7000 11%
c - 12.45 40 76 38 11238 222483 21478 37% 40 29979 7000 11%
c d 12.59 40 75 38 11238 225007 23916 37% 39 29979 6997 11%
c p 12.61 40 75 38 11238 225007 33007 37% 39 29979 6997 11%
c s 12.80 40 76 38 11239 228013 35565 37% 39 29970 6997 11%
c v 12.82 40 76 38 11239 228013 35565 37% 39 29925 6997 11%
c w 12.83 40 76 38 11239 228013 35561 37% 39 29925 6997 11%
c t 12.83 40 76 38 11239 228013 35560 37% 39 29925 6997 11%
c e 12.84 40 76 38 11239 228013 35532 37% 39 29913 6985 11%
c s 12.84 40 76 38 11239 228013 35480 37% 39 29898 6985 11%
c O 13.00 40 77 38 11239 231040 38359 37% 40 29898 6985 11%
c - 13.16 40 76 39 11239 234184 22536 37% 39 29898 6985 11%
c 
c  seconds  reductions        redundant   irredundant
c         MB      restarts           trail      variables
c          level       conflicts         glue        remaining
c 
c - 13.83 40 73 40 11240 246184 22490 37% 39 29898 6985 11%
c B 14.28 40 72 40 11241 253041 28773 36% 38 29898 6985 11%
c ] 14.41 40 73 40 11241 255006 30650 37% 39 29898 6985 11%
c { 14.41 40 39 40 11241 255006 30650 22% 11 29898 6985 11%
c - 14.62 40 39 41 11601 258485 23551 22% 12 29898 6985 11%
c - 15.16 40 38 42 12961 271085 23625 22% 12 29898 6985 11%
c s 15.31 40 38 42 13162 274163 25673 22% 12 29896 6985 11%
c v 15.34 40 38 42 13162 274163 25673 22% 12 29753 6985 11%
c w 15.35 40 38 42 13162 274163 25663 22% 12 29753 6985 11%
c t 15.35 40 38 42 13162 274163 25652 22% 12 29753 6985 11%
c e 15.36 40 38 42 13162 274163 25468 22% 12 29712 6940 11%
c s 15.38 40 38 42 13162 274163 25327 22% 12 29695 6940 11%
c e 15.38 40 38 42 13162 274163 25326 22% 12 29693 6937 11%
c d 15.44 40 38 42 13244 275007 26054 22% 12 29693 6917 11%
c 3 15.44 40 38 42 13244 275007 29163 22% 12 29693 6917 11%
c d 15.45 40 38 42 13244 275007 30022 22% 12 29693 6915 11%
c p 15.46 40 38 42 13244 275007 35040 22% 12 29693 6915 11%
c d 15.47 40 38 42 13244 275007 35031 22% 12 29693 6914 11%
c F 15.52 40 38 42 13349 276043 35951 22% 12 29693 6914 11%
c - 15.86 40 36 43 13630 283987 25788 22% 11 29693 6914 11%
c 
c  seconds  reductions        redundant   irredundant
c         MB      restarts           trail      variables
c          level       conflicts         glue        remaining
c 
c - 16.37 40 33 44 13809 297189 26579 21% 11 29693 6914 11%
c B 16.49 40 32 44 13936 300044 29138 21% 11 29693 6914 11%
c - 16.89 40 30 45 14236 310693 27793 21% 11 29693 6914 11%
c - 17.65 40 31 46 15720 324497 29551 21% 11 29693 6914 11%
c s 17.67 40 31 46 15720 324509 28793 21% 11 29684 6914 11%
c v 17.70 40 31 46 15720 324509 28793 21% 11 29593 6914 11%
c w 17.71 40 31 46 15720 324509 28788 21% 11 29593 6914 11%
c t 17.71 40 31 46 15720 324509 28777 21% 11 29593 6914 11%
c e 17.72 40 31 46 15720 324509 28354 21% 11 29591 6909 11%
c s 17.73 40 31 46 15720 324509 28287 21% 11 29590 6909 11%
c W 17.89 40 31 46 15728 325045 28680 20% 11 29590 6909 11%
c d 18.07 40 29 46 15739 330007 32214 20% 11 29590 6888 11%
c p 18.10 40 29 46 15739 330007 40966 20% 11 29590 6888 11%
c d 18.10 40 29 46 15739 330007 40963 20% 11 29590 6887 11%
c - 18.58 40 30 47 17243 338598 29865 21% 11 29590 6887 11%
c # 19.29 40 31 47 18897 351050 41161 23% 11 29590 6887 11%
c - 19.35 40 31 48 18915 352998 30888 22% 11 29590 6887 11%
c - 19.80 40 28 49 18989 367699 29666 21% 11 29590 6887 11%
c B 20.26 40 28 49 20089 378052 38328 22% 11 29590 6887 11%
c s 20.33 40 28 49 20135 379072 38757 22% 11 29587 6887 11%
c 
c  seconds  reductions        redundant   irredundant
c         MB      restarts           trail      variables
c          level       conflicts         glue        remaining
c 
c v 20.36 40 28 49 20135 379072 38757 22% 11 29521 6887 11%
c w 20.38 40 28 49 20135 379072 38754 22% 11 29521 6887 11%
c t 20.38 40 28 49 20135 379072 38746 22% 11 29521 6887 11%
c e 20.38 40 28 49 20135 379072 38698 22% 11 29517 6881 11%
c s 20.40 40 28 49 20135 379072 38654 22% 11 29516 6881 11%
c - 20.59 40 28 50 20812 382699 30645 22% 11 29516 6881 11%
c d 20.85 40 28 50 21567 390008 36591 21% 11 29516 6867 11%
c 3 20.86 40 28 50 21567 390008 39681 21% 11 29516 6867 11%
c d 20.87 40 28 50 21567 390008 40652 21% 11 29516 6866 11%
c p 20.89 40 28 50 21567 390008 45406 21% 11 29516 6866 11%
c d 20.89 40 28 50 21567 390008 45386 21% 11 29516 6862 11%
c - 21.35 40 28 51 22268 397999 32625 21% 11 29516 6862 11%
c W 21.78 40 28 51 23325 406053 39068 21% 11 29516 6862 11%
c - 22.19 40 28 52 24402 413600 32160 21% 12 29516 6862 11%
c - 22.86 40 28 53 26450 429500 32673 21% 12 29516 6862 11%
c F 23.09 40 28 53 27233 435055 37576 21% 12 29516 6862 11%
c s 23.22 40 28 53 27244 437896 39748 21% 12 29516 6862 11%
c v 23.25 40 28 53 27244 437896 39748 21% 12 29511 6862 11%
c w 23.27 40 28 53 27244 437896 39745 21% 12 29511 6862 11%
c t 23.27 40 28 53 27244 437896 39735 21% 12 29511 6862 11%
c 
c  seconds  reductions        redundant   irredundant
c         MB      restarts           trail      variables
c          level       conflicts         glue        remaining
c 
c e 23.27 40 28 53 27244 437896 39735 21% 12 29508 6859 11%
c s 23.29 40 28 53 27244 437896 39692 21% 12 29508 6859 11%
c ^ 23.29 40 28 53 27244 437896 39692 21% 12 29508 6859 11%
c - 23.66 40 28 54 27647 445700 33720 21% 12 29508 6859 11%
c d 24.13 40 28 54 28488 455008 42176 21% 12 29508 6845 10%
c 3 24.14 40 28 54 28488 455008 45599 21% 12 29508 6845 10%
c 3 24.14 40 28 54 28488 455008 46512 21% 12 29508 6845 10%
c d 24.15 40 28 54 28488 455008 46458 21% 12 29508 6840 10%
c 2 24.15 40 28 54 28488 455008 46457 21% 12 29508 6840 10%
c p 24.17 40 28 54 28488 455008 50987 21% 12 29508 6840 10%
c - 24.62 40 29 55 29172 462202 36089 21% 12 29508 6840 10%
c B 24.79 40 29 55 29433 465057 38672 21% 12 29508 6840 10%
c - 25.59 40 29 56 31448 479003 37068 21% 12 29508 6840 10%
c W 26.70 40 29 56 32545 496058 51585 21% 12 29508 6840 10%
c - 26.72 40 29 57 32552 496103 37055 21% 12 29508 6840 10%
c s 26.94 40 30 57 32703 501048 41192 22% 12 29507 6840 10%
c v 26.97 40 30 57 32703 501048 41192 22% 12 29488 6840 10%
c w 26.99 40 30 57 32703 501048 41187 22% 12 29488 6840 10%
c t 26.99 40 30 57 32703 501048 41182 22% 12 29488 6840 10%
c e 27.00 40 30 57 32703 501048 27085 22% 12 29752 6418 10%
c 
c  seconds  reductions        redundant   irredundant
c         MB      restarts           trail      variables
c          level       conflicts         glue        remaining
c 
c s 27.02 40 30 57 32703 501048 26971 22% 12 29730 6418 10%
c } 27.40 40 29 57 33220 511006 35629 22% 12 29730 6418 10%
c [ 27.40 40 73 57 33220 511006 35629 41% 39 29730 6418 10%
c - 27.51 40 71 58 33220 513504 28811 40% 38 29730 6418 10%
c d 27.96 40 64 58 33220 525009 37824 37% 35 29729 6406 10%
c 3 27.97 40 64 58 33220 525009 40707 37% 35 29729 6406 10%
c 3 27.97 40 64 58 33220 525009 41459 37% 35 29729 6406 10%
c d 27.98 40 64 58 33220 525009 41447 37% 35 29729 6405 10%
c 2 27.98 40 64 58 33220 525009 41444 37% 35 29728 6405 10%
c p 27.99 40 64 58 33220 525009 45380 37% 35 29728 6405 10%
c W 28.31 40 65 58 33220 528059 48319 37% 35 29728 6405 10%
c - 28.50 40 66 59 33220 531204 32545 37% 35 29728 6405 10%
c - 29.86 48 69 60 33226 549204 34528 37% 37 29728 6405 10%
c I 30.72 48 68 60 33233 561060 45345 37% 38 29728 6405 10%
c - 30.98 40 66 61 33235 567506 34046 36% 37 29728 6405 10%
c s 31.15 40 64 61 33235 571824 37459 35% 36 29727 6405 10%
c v 31.18 40 64 61 33235 571824 37459 35% 36 29689 6405 10%
c w 31.19 40 64 61 33235 571824 37456 35% 36 29689 6405 10%
c t 31.19 40 64 61 33235 571824 37453 35% 36 29687 6405 10%
c e 31.20 40 64 61 33235 571824 37453 35% 36 29688 6397 10%
c 
c  seconds  reductions        redundant   irredundant
c         MB      restarts           trail      variables
c          level       conflicts         glue        remaining
c 
c s 31.21 40 64 61 33235 571824 37429 35% 36 29683 6397 10%
c - 31.65 40 58 62 33242 586107 29321 32% 34 29683 6397 10%
c B 31.98 40 56 62 33249 595061 36316 31% 33 29683 6397 10%
c d 32.27 40 57 62 33250 600009 40968 31% 33 29683 6396 10%
c 3 32.28 40 57 62 33250 600009 44081 31% 33 29683 6396 10%
c p 32.30 40 57 62 33250 600009 48265 31% 33 29683 6396 10%
c - 32.60 40 58 63 33250 605007 33296 32% 33 29683 6396 10%
c - 34.17 49 59 64 33252 624207 35724 33% 34 29683 6396 10%
c W 34.92 49 59 64 33256 630062 41258 34% 35 29683 6396 10%
c - 35.74 49 62 65 33264 643713 37327 34% 35 29683 6396 10%
c s 36.00 49 62 65 33265 647107 40473 34% 35 29683 6396 10%
c v 36.04 49 62 65 33265 647107 40473 34% 35 29678 6396 10%
c w 36.06 49 62 65 33265 647107 40471 34% 35 29678 6396 10%
c e 36.07 49 62 65 33265 647107 40471 34% 35 29679 6395 10%
c s 36.10 49 62 65 33265 647107 40423 34% 35 29679 6395 10%
c - 37.50 44 63 66 33271 663514 36759 34% 37 29679 6395 10%
c O 37.74 44 62 66 33273 666064 39072 34% 37 29679 6395 10%
c d 38.48 44 60 66 33280 680009 52119 33% 35 29679 6390 10%
c 3 38.49 44 60 66 33280 680009 54401 33% 35 29679 6390 10%
c 3 38.50 44 60 66 33280 680009 55184 33% 35 29679 6390 10%
c 
c  seconds  reductions        redundant   irredundant
c         MB      restarts           trail      variables
c          level       conflicts         glue        remaining
c 
c d 38.51 44 60 66 33280 680009 55170 33% 35 29679 6389 10%
c p 38.53 44 60 66 33280 680009 59261 33% 35 29679 6389 10%
c d 38.54 44 60 66 33280 680009 59254 33% 35 29679 6388 10%
c - 38.78 51 60 67 33281 683614 38093 33% 35 29679 6388 10%
c B 40.04 51 58 67 33282 703066 54700 33% 35 29679 6388 10%
c - 40.10 51 58 68 33282 704018 36785 33% 35 29679 6388 10%
c - 41.56 51 61 69 33283 724719 37826 33% 36 29679 6388 10%
c s 41.73 51 62 69 33283 726829 39739 33% 36 29679 6388 10%
c v 41.76 51 62 69 33283 726829 39739 33% 36 29534 6388 10%
c w 41.78 51 62 69 33283 726829 39739 33% 36 29534 6388 10%
c s 41.80 51 62 69 33283 726829 39726 33% 36 29534 6388 10%
c ^ 41.80 51 62 69 33283 726829 39726 33% 36 29534 6388 10%
c W 43.05 51 62 69 33284 741067 53133 33% 37 29534 6388 10%
c - 43.35 59 62 70 33284 745719 40032 33% 37 29534 6388 10%
c 3 44.49 59 62 70 33284 765015 59748 33% 36 29534 6388 10%
c 3 44.49 59 62 70 33284 765015 60610 33% 36 29534 6388 10%
c d 44.50 59 62 70 33284 765015 60599 33% 36 29534 6387 10%
c p 44.53 59 62 70 33284 765015 64708 33% 36 29534 6387 10%
c - 44.71 59 62 71 33284 767019 39882 33% 37 29534 6387 10%
c I 45.63 59 62 71 33284 780070 52196 34% 37 29534 6387 10%
c 
c  seconds  reductions        redundant   irredundant
c         MB      restarts           trail      variables
c          level       conflicts         glue        remaining
c 
c - 46.16 59 62 72 33284 788620 40477 34% 36 29534 6387 10%
c - 47.66 46 62 73 33287 810520 41092 34% 35 29534 6387 10%
c s 47.70 46 62 73 33287 810769 41270 34% 35 29534 6387 10%
c v 47.74 46 62 73 33287 810769 41270 34% 35 29515 6387 10%
c w 47.76 46 62 73 33287 810769 41267 34% 35 29515 6387 10%
c e 47.77 46 62 73 33287 810769 34261 34% 35 29912 6188  9%
c s 47.79 46 62 73 33287 810769 34240 34% 35 29890 6188  9%
c B 48.41 43 60 73 33292 820071 42869 38% 34 29890 6188  9%
c - 49.33 51 59 74 33299 832720 38003 40% 34 29890 6188  9%
c 3 51.40 51 56 74 33308 855015 61211 40% 33 29890 6188  9%
c d 51.41 51 56 74 33308 855015 61199 40% 33 29890 6187  9%
c 2 51.42 51 56 74 33308 855015 61198 40% 33 29889 6187  9%
c p 51.44 51 56 74 33308 855015 65286 40% 33 29889 6187  9%
c - 51.50 59 56 75 33309 855220 40469 40% 33 29889 6187  9%
c W 52.22 59 55 75 33312 861074 45699 40% 33 29889 6187  9%
c - 53.14 59 52 76 33315 878022 40628 40% 31 29889 6187  9%
c - 54.88 59 50 77 33322 901124 41913 40% 31 29889 6187  9%
c s 54.94 59 50 77 33322 901654 42268 39% 31 29889 6187  9%
c v 54.98 59 50 77 33322 901654 42268 39% 31 29857 6187  9%
c w 55.00 59 50 77 33322 901654 42267 39% 31 29857 6187  9%
c 
c  seconds  reductions        redundant   irredundant
c         MB      restarts           trail      variables
c          level       conflicts         glue        remaining
c 
c t 55.00 59 50 77 33322 901654 42267 39% 31 29855 6187  9%
c s 55.03 59 50 77 33322 901654 42250 39% 31 29854 6187  9%
c O 55.08 59 50 77 33323 903076 43542 39% 31 29854 6187  9%
c - 56.36 59 48 78 33331 924525 41903 38% 29 29854 6187  9%
c B 57.65 59 46 78 33344 946078 61264 37% 29 29854 6187  9%
c - 57.80 59 46 79 33344 948225 42341 37% 29 29854 6187  9%
c d 57.93 59 46 79 33345 950017 43918 37% 29 29854 6186  9%
c 3 57.94 59 46 79 33345 950017 46808 37% 29 29854 6186  9%
c p 57.96 59 46 79 33345 950017 50940 37% 29 29854 6186  9%
c - 59.62 61 48 80 33346 972226 43343 38% 31 29854 6186  9%
c W 61.76 61 49 80 33347 990079 58654 39% 32 29854 6186  9%
c - 62.36 61 49 81 33347 996526 43674 39% 32 29854 6186  9%
c s 62.43 61 49 81 33347 997020 44022 39% 32 29854 6186  9%
c v 62.47 61 49 81 33347 997020 44022 39% 32 29854 6186  9%
c w 62.49 61 49 81 33347 997020 44016 39% 32 29854 6186  9%
c s 62.51 61 49 81 33347 997020 44005 39% 32 29853 6186  9%
c - 64.97 61 50 82 33356 1021127 44161 40% 34 29853 6186  9%
c ] 65.16 61 50 82 33357 1023006 45680 40% 34 29853 6186  9%
c { 65.16 61 29 82 33357 1023006 45680 24% 12 29853 6186  9%
c # 65.67 61 29 82 35272 1035080 55783 23% 12 29853 6186  9%
c 
c  seconds  reductions         redundant   irredundant
c         MB      restarts            trail      variables
c          level        conflicts         glue        remaining
c 
c - 66.25 36 29 83 36528 1046028 44334 23% 12 29853 6186  9%
c d 66.41 36 28 83 36641 1050018 47484 23% 12 29853 6184  9%
c p 66.44 36 28 83 36641 1050018 54080 23% 12 29853 6184  9%
c i 66.91 36 28 83 37154 1058423 61564 23% 12 29853 6183  9%
c - 67.53 40 27 84 37451 1071228 42791 22% 12 29849 6183  9%
c B 67.93 40 25 84 37480 1081085 49941 22% 12 29849 6183  9%
c - 68.97 40 26 85 39515 1096728 46992 22% 12 29849 6183  9%
c s 69.01 40 26 85 39573 1096936 45541 22% 12 29844 6183  9%
c v 69.05 40 26 85 39573 1096936 45541 22% 12 29839 6183  9%
c w 69.08 40 26 85 39573 1096936 45536 22% 12 29839 6183  9%
c t 69.08 40 26 85 39573 1096936 45532 22% 12 29839 6183  9%
c s 69.12 40 26 85 39573 1096936 45320 22% 12 29839 6183  9%
c ^ 69.12 40 26 85 39573 1096936 45320 22% 12 29839 6183  9%
c - 70.59 41 27 86 42648 1122528 51319 22% 12 29839 6183  9%
c W 71.18 41 26 86 42658 1128087 54949 22% 12 29839 6183  9%
c i 71.54 41 27 86 43318 1132648 59116 22% 12 29839 6177  9%
c - 72.75 41 29 87 45824 1148628 46773 22% 12 29821 6177  9%
c d 73.00 41 29 87 46310 1155018 52264 22% 12 29821 6157  9%
c 3 73.00 41 29 87 46310 1155018 54543 22% 12 29821 6157  9%
c d 73.01 41 29 87 46310 1155018 55119 22% 12 29821 6153  9%
c 
c  seconds  reductions         redundant   irredundant
c         MB      restarts            trail      variables
c          level        conflicts         glue        remaining
c 
c 2 73.02 41 29 87 46310 1155018 55117 22% 12 29821 6153  9%
c p 73.03 41 29 87 46310 1155018 58362 22% 12 29821 6152  9%
c - 73.85 41 28 88 50179 1175030 50124 21% 12 29818 6152  9%
c F 73.91 41 28 88 50357 1176088 51108 21% 13 29818 6152  9%
c s 75.25 41 29 88 53258 1201394 72355 21% 13 29800 6152  9%
c v 75.31 41 29 88 53258 1201394 72355 21% 13 29788 6152  9%
c w 75.33 41 29 88 53258 1201394 72346 21% 13 29788 6152  9%
c t 75.33 41 29 88 53258 1201394 72341 21% 13 29788 6152  9%
c e 75.35 41 29 88 53258 1201394 67333 21% 13 30741 5838  9%
c s 75.39 41 29 88 53258 1201394 67211 21% 13 30556 5838  9%
c - 75.44 41 29 89 53322 1201730 47112 21% 13 30556 5838  9%
c B 76.83 41 30 89 55324 1225089 67693 22% 13 30556 5838  9%
c - 77.15 41 30 90 55698 1228730 51489 22% 13 30556 5838  9%
c - 78.63 41 30 91 58503 1256032 52811 21% 13 30556 5838  9%
c d 79.06 41 30 91 59887 1265018 60158 21% 13 30556 5829  9%
c 2 79.08 41 30 91 59887 1265018 62828 21% 13 30556 5829  9%
c p 79.09 41 30 91 59887 1265018 65095 21% 13 30556 5829  9%
c W 80.09 41 30 91 61117 1275091 73893 21% 13 30556 5829  9%
c - 80.72 41 30 92 61751 1283633 55161 21% 13 30556 5829  9%
c - 82.18 47 29 93 63994 1311534 55358 21% 13 30556 5829  9%
c 
c  seconds  reductions         redundant   irredundant
c         MB      restarts            trail      variables
c          level        conflicts         glue        remaining
c 
c s 82.36 47 29 93 63999 1316017 58748 21% 13 30552 5829  9%
c v 82.41 47 29 93 63999 1316017 58748 21% 13 30546 5829  9%
c w 82.43 47 29 93 63999 1316017 58732 21% 13 30546 5829  9%
c t 82.43 47 29 93 63999 1316017 58728 21% 13 30545 5829  9%
c e 82.44 47 29 93 63999 1316017 57722 21% 13 30560 5825  9%
c s 82.48 47 29 93 63999 1316017 57684 21% 13 30557 5825  9%
c # 82.98 47 29 93 64538 1326093 65957 21% 13 30557 5825  9%
c - 83.70 47 28 94 65111 1339734 55109 21% 13 30557 5825  9%
c - 84.85 47 26 95 66078 1368234 54175 21% 12 30557 5825  9%
c B 85.19 47 25 95 66174 1378094 62364 20% 12 30557 5825  9%
c d 85.30 47 25 95 66334 1380018 64092 20% 12 30557 5817  9%
c p 85.33 47 25 95 66334 1380018 68358 20% 12 30557 5817  9%
c - 86.22 47 24 96 67025 1397036 55674 20% 12 30557 5817  9%
c - 87.79 47 25 97 70115 1426138 57790 20% 12 30557 5817  9%
c W 88.50 47 25 97 70439 1431095 61905 20% 12 30557 5817  9%
c s 88.72 47 24 97 70925 1435576 64788 20% 12 30548 5817  9%
c v 88.77 47 24 97 70925 1435576 64788 20% 12 30541 5817  9%
c w 88.79 47 24 97 70925 1435576 64785 20% 12 30541 5817  9%
c t 88.79 47 24 97 70925 1435576 64784 20% 12 30541 5817  9%
c e 88.80 47 24 97 70925 1435576 64732 20% 12 30550 5814  9%
c 
c  seconds  reductions         redundant   irredundant
c         MB      restarts            trail      variables
c          level        conflicts         glue        remaining
c 
c s 88.84 47 24 97 70925 1435576 64686 20% 12 30550 5814  9%
c - 89.87 47 25 98 73868 1455538 58962 20% 12 30550 5814  9%
c F 92.17 47 27 98 76793 1485096 85596 21% 13 30550 5814  9%
c - 92.20 48 27 99 76794 1485239 61147 21% 13 30550 5814  9%
c d 93.09 48 28 99 77775 1500019 73913 21% 13 30550 5809  9%
c 3 93.10 48 28 99 77775 1500019 75886 21% 13 30550 5809  9%
c p 93.13 48 28 99 77775 1500019 78170 21% 13 30550 5809  9%
c - 94.08 54 28 100 80031 1515245 61579 20% 13 30550 5809  9%
c B 95.80 54 29 100 82844 1540097 83903 21% 13 30550 5809  9%
c - 96.21 54 29 101 83353 1545549 62745 21% 13 30550 5809  9%
c s 96.77 54 28 101 83641 1560043 74339 20% 13 30544 5809  9%
c v 96.83 54 28 101 83641 1560043 74339 20% 13 30520 5809  9%
c w 96.86 54 28 101 83641 1560043 74334 20% 13 30520 5809  9%
c t 96.86 54 28 101 83641 1560043 74333 20% 13 30520 5809  9%
c s 96.92 54 28 101 83641 1560043 74289 20% 13 30520 5809  9%
c ^ 96.92 54 28 101 83641 1560043 74289 20% 13 30520 5809  9%
c - 97.95 54 28 102 85784 1576153 62225 20% 13 30520 5809  9%
c W 99.73 54 29 102 87278 1596099 79345 20% 13 30520 5809  9%
c - 100.30 54 29 103 88351 1607054 62294 20% 13 30520 5809  9%
c d 101.18 54 27 103 88788 1625020 76912 20% 13 30520 5806  9%
c 
c  seconds    reductions         redundant   irredundant
c          MB       restarts            trail      variables
c           level         conflicts         glue        remaining
c 
c 2 101.20 54 27 103 88788 1625020 78891 20% 13 30520 5806  9%
c p 101.22 54 27 103 88788 1625020 81065 20% 13 30520 5806  9%
c - 102.07 54 27 104 90085 1638254 62454 20% 13 30520 5806  9%
c # 102.67 54 27 104 91503 1653100 74291 20% 13 30520 5806  9%
c - 103.68 54 27 105 92424 1669757 63341 21% 13 30520 5806  9%
c s 104.64 54 26 105 95200 1689288 79564 20% 13 30514 5806  9%
c v 104.68 54 26 105 95200 1689288 79564 20% 13 30505 5806  9%
c w 104.71 54 26 105 95200 1689288 79562 20% 13 30505 5806  9%
c e 104.74 54 26 105 95200 1689288 34610 20% 13 38535 4506  7%
c s 104.79 54 26 105 95200 1689288 34538 20% 13 38352 4506  7%
c - 105.14 54 27 106 97528 1701557 36079 20% 13 38352 4506  7%
c B 105.57 54 27 106 98401 1711101 44916 23% 13 38352 4506  7%
c - 106.68 54 28 107 100312 1733658 51166 25% 13 38352 4506  7%
c 3 107.54 54 29 107 101655 1755020 70750 25% 13 38352 4505  7%
c 3 107.54 54 29 107 101655 1755020 70957 25% 13 38352 4505  7%
c 2 107.55 54 29 107 101655 1755020 70955 25% 13 38352 4505  7%
c p 107.57 54 29 107 101655 1755020 72742 25% 13 38352 4505  7%
c - 107.87 54 28 108 101790 1766058 55345 26% 13 38352 4505  7%
c W 108.66 54 28 108 101797 1770102 58491 25% 13 38352 4505  7%
c - 109.88 54 28 109 104218 1798760 56095 24% 13 38352 4505  7%
c 
c  seconds    reductions          redundant   irredundant
c          MB       restarts             trail      variables
c           level          conflicts         glue        remaining
c 
c F 111.46 54 29 109 106868 1830105 83182 25% 13 38352 4505  7%
c - 111.59 54 29 110 107088 1831760 57665 25% 13 38352 4505  7%
c s 113.71 54 31 110 109862 1862295 84511 26% 14 38340 4505  7%
c v 113.79 54 31 110 109862 1862295 84511 26% 14 38333 4505  7%
c w 113.84 54 31 110 109862 1862295 84491 26% 14 38333 4505  7%
c t 113.84 54 31 110 109862 1862295 84489 26% 14 38331 4505  7%
c e 113.85 54 31 110 109862 1862295 83357 26% 14 38355 4502  7%
c s 113.96 54 31 110 109862 1862295 83271 26% 14 38351 4502  7%
c - 114.17 57 30 111 110409 1865061 61668 26% 14 38351 4502  7%
c 3 115.29 57 30 111 112144 1890022 84246 26% 14 38351 4502  7%
c p 115.33 57 30 111 112144 1890022 86055 26% 14 38351 4502  7%
c B 115.42 57 30 111 112194 1891106 87048 26% 14 38351 4502  7%
c - 115.97 57 30 112 112690 1898661 61238 26% 14 38351 4502  7%
c - 117.51 57 29 113 116032 1932561 60479 25% 14 38351 4502  7%
c W 119.53 57 30 113 117248 1953109 79094 26% 14 38351 4502  7%
c - 120.19 59 30 114 117821 1966763 63959 25% 14 38351 4502  7%
c - 121.62 59 27 115 120400 2001263 62715 24% 13 38351 4502  7%
c # 122.42 59 27 115 121779 2016113 75186 24% 13 38351 4502  7%
c 3 123.42 59 28 115 123454 2030024 89163 24% 14 38351 4502  7%
c p 123.47 59 28 115 123454 2030024 90959 24% 14 38351 4502  7%
c 
c  seconds    reductions          redundant   irredundant
c          MB       restarts             trail      variables
c           level          conflicts         glue        remaining
c 
c - 124.12 59 29 116 124045 2036064 65678 25% 14 38351 4502  7%
c s 124.47 59 29 116 124225 2041553 70133 25% 14 38346 4502  7%
c v 124.54 59 29 116 124225 2041553 70133 25% 14 38331 4502  7%
c w 124.58 59 29 116 124225 2041553 70126 25% 14 38331 4502  7%
c t 124.58 59 29 116 124225 2041553 70125 25% 14 38331 4502  7%
c e 124.58 59 29 116 124225 2041553 69412 25% 14 38339 4501  7%
c s 124.66 59 29 116 124225 2041553 69346 25% 14 38339 4501  7%
c ^ 124.66 59 29 116 124225 2041553 69346 25% 14 38339 4501  7%
c } 124.94 59 28 116 124230 2047006 73582 25% 13 38339 4501  7%
c [ 124.94 59 50 116 124230 2047006 73582 55% 34 38339 4501  7%
c - 125.92 60 51 117 124241 2071164 65449 51% 32 38339 4501  7%
c I 126.46 60 53 117 124245 2080114 73908 50% 32 38339 4501  7%
c - 128.18 60 59 118 124251 2106566 66103 49% 35 38339 4501  7%
c - 130.40 49 58 119 124266 2142266 65880 48% 35 38339 4501  7%
c B 130.53 49 58 119 124266 2145117 68488 47% 35 38339 4501  7%
c 3 132.33 49 62 119 124281 2175024 97655 47% 36 38339 4501  7%
c p 132.38 49 62 119 124281 2175024 99638 47% 36 38339 4501  7%
c - 132.70 49 62 120 124281 2178266 65200 47% 36 38339 4501  7%
c W 136.53 49 65 120 124283 2211121 96390 48% 39 38339 4501  7%
c - 136.78 52 66 121 124283 2214566 67230 48% 39 38339 4501  7%
c 
c  seconds    reductions          redundant   irredundant
c          MB       restarts             trail      variables
c           level          conflicts         glue        remaining
c 
c s 137.73 53 68 121 124283 2226983 78889 47% 39 38338 4501  7%
c v 137.81 53 68 121 124283 2226983 78889 47% 39 38311 4501  7%
c w 137.84 53 68 121 124283 2226983 78888 47% 39 38311 4501  7%
c e 137.89 54 68 121 124283 2226983 25795 47% 39 45913 3884  6%
c s 137.95 54 68 121 124283 2226983 25633 47% 39 45707 3884  6%
c - 139.34 55 71 122 124284 2251166 40407 47% 40 45707 3884  6%
c O 141.87 55 72 122 124284 2278122 65242 48% 42 45707 3884  6%
c - 142.33 70 68 123 124284 2288066 56769 45% 40 45707 3884  6%
c 3 143.98 70 60 123 124285 2325024 92786 40% 35 45707 3884  6%
c 3 143.98 70 60 123 124285 2325024 92992 40% 35 45707 3884  6%
c 2 143.99 70 60 123 124285 2325024 92991 40% 35 45707 3884  6%
c p 144.03 70 60 123 124285 2325024 94651 40% 35 45707 3884  6%
c - 144.08 70 60 124 124285 2325266 59300 40% 35 45707 3884  6%
c B 145.67 70 61 124 124285 2346124 79263 42% 36 45707 3884  6%
c - 146.88 70 64 125 124285 2362766 60500 43% 37 45707 3884  6%
c - 150.14 52 68 126 124285 2400566 61680 45% 39 45707 3884  6%
c W 152.64 53 68 126 124285 2415125 74868 45% 40 45707 3884  6%
c - 153.60 51 64 127 124292 2438666 65766 42% 37 45707 3884  6%
c s 154.08 52 64 127 124296 2447505 73486 41% 36 45689 3884  6%
c v 154.17 52 64 127 124296 2447505 73486 41% 36 45591 3884  6%
c 
c  seconds    reductions          redundant   irredundant
c          MB       restarts             trail      variables
c           level          conflicts         glue        remaining
c 
c w 154.23 52 64 127 124296 2447505 73472 41% 36 45591 3884  6%
c t 154.23 52 64 127 124296 2447505 73472 41% 36 45580 3884  6%
c e 154.24 52 64 127 124296 2447505 73358 41% 36 45608 3882  6%
c s 154.33 52 64 127 124296 2447505 73290 41% 36 45599 3882  6%
c - 156.53 67 62 128 124308 2477069 66072 41% 36 45599 3882  6%
c p 156.80 67 62 128 124310 2480024 71203 42% 36 45599 3882  6%
c I 157.20 67 63 128 124314 2485127 75785 42% 37 45599 3882  6%
c - 159.42 82 64 129 124319 2515769 63811 43% 37 45599 3882  6%
c - 162.79 82 64 130 124337 2554770 63381 44% 40 45599 3882  6%
c B 162.93 82 64 130 124338 2556128 64431 44% 40 45599 3882  6%
c - 166.43 82 61 131 124347 2594070 62411 43% 41 45599 3882  6%
c W 170.41 82 59 131 124348 2628131 91321 43% 42 45599 3882  6%
c - 171.04 82 59 132 124351 2633672 62976 42% 42 45599 3882  6%
c 3 171.69 82 58 132 124355 2640026 68630 42% 42 45599 3882  6%
c p 171.73 82 58 132 124355 2640026 70199 42% 42 45599 3882  6%
c - 175.32 82 55 133 124370 2673573 64252 42% 41 45599 3882  6%
c O 178.01 82 53 133 124379 2701132 85163 41% 41 45599 3882  6%
c - 178.62 82 51 134 124380 2713774 65463 40% 38 45599 3882  6%
c - 181.45 82 59 135 124400 2754274 65580 41% 41 45599 3882  6%
c B 183.28 82 61 135 124409 2775134 84730 42% 42 45599 3882  6%
c 
c  seconds    reductions          redundant   irredundant
c          MB       restarts             trail      variables
c           level          conflicts         glue        remaining
c 
c - 185.24 82 61 136 124410 2795078 68083 43% 42 45599 3882  6%
c p 186.36 82 61 136 124411 2805027 79510 44% 42 45599 3882  6%
c - 189.55 82 64 137 124412 2836179 69064 44% 44 45599 3882  6%
c W 192.01 82 66 137 124412 2850138 82166 45% 45 45599 3882  6%
c - 194.97 82 66 138 124412 2877579 70749 45% 46 45599 3882  6%
c - 199.36 100 65 139 124426 2919279 71677 45% 45 45599 3882  6%
c I 200.15 55 65 139 124427 2926139 77794 45% 46 45599 3882  6%
c s 202.85 58 67 139 124442 2958542 107525 45% 45 45598 3882  6%
c v 203.06 58 67 139 124442 2958542 107525 45% 45 45044 3882  6%
c w 203.21 58 67 139 124442 2958542 107509 45% 45 45044 3882  6%
c e 203.23 58 67 139 124442 2958542 102616 45% 45 45155 3873  6%
c s 203.31 58 67 139 124442 2958542 102526 45% 45 45115 3873  6%
c - 203.61 57 67 140 124442 2961280 70243 45% 45 45115 3873  6%
c 3 204.92 57 68 140 124443 2975027 83860 46% 46 45115 3873  6%
c 2 204.93 57 68 140 124443 2975027 83859 46% 46 45113 3873  6%
c p 204.97 57 68 140 124443 2975027 85388 46% 46 45113 3873  6%
c B 208.37 57 65 140 124457 3003140 109890 47% 45 45113 3873  6%
c - 208.45 55 65 141 124457 3003580 68605 47% 45 45113 3873  6%
c - 212.43 71 63 142 124473 3046180 69125 46% 44 45113 3873  6%
c W 216.03 71 64 142 124475 3081141 101123 45% 43 45113 3873  6%
c 
c  seconds    reductions          redundant   irredundant
c          MB       restarts             trail      variables
c           level          conflicts         glue        remaining
c 
c - 216.74 71 64 143 124475 3089081 69958 45% 43 45113 3873  6%
c - 220.73 90 65 144 124493 3132282 70166 47% 44 45113 3873  6%
c p 222.79 90 66 144 124503 3150029 88330 47% 44 45113 3873  6%
c O 223.83 90 66 144 124505 3160143 97645 47% 44 45113 3873  6%
c - 225.09 71 62 145 124506 3175786 73687 45% 42 45113 3873  6%
c s 226.55 71 59 145 124514 3192322 88491 43% 39 45113 3873  6%
c v 226.66 71 59 145 124514 3192322 88491 43% 39 44984 3873  6%
c w 226.72 71 59 145 124514 3192322 88486 43% 39 44984 3873  6%
c s 226.82 71 59 145 124514 3192322 88463 43% 39 44984 3873  6%
c - 229.44 86 54 146 124527 3219586 74088 43% 36 44984 3873  6%
c B 231.72 86 51 146 124536 3240144 91787 41% 34 44984 3873  6%
c - 234.03 105 58 147 124538 3263687 75312 43% 38 44984 3873  6%
c - 239.68 87 65 148 124539 3308089 77583 45% 45 44984 3873  6%
c W 242.32 87 67 148 124539 3321145 89871 46% 47 44984 3873  6%
c 3 243.52 87 67 148 124539 3330030 97950 46% 47 44984 3873  6%
c p 243.58 87 67 148 124539 3330030 99514 46% 47 44984 3873  6%
c - 246.41 108 67 149 124539 3352791 76990 47% 48 44984 3873  6%
c - 252.32 87 67 150 124540 3397792 76370 48% 48 44984 3873  6%
c I 253.02 87 67 150 124540 3403147 81039 48% 48 44984 3873  6%
c - 256.56 112 73 151 124540 3443093 77980 49% 50 44984 3873  6%
c 
c  seconds     reductions          redundant    irredundant
c           MB       restarts              trail      variables
c            level          conflicts          glue        remaining
c 
c B 260.45 112 75 151 124540 3486148 118031 48% 53 44984 3873  6%
c - 260.86 87 75 152 124540 3488693 78696 48% 53 44984 3873  6%
c p 263.64 87 77 152 124541 3515030 105883 48% 53 44984 3873  6%
c - 266.36 96 76 153 124541 3534593 77012 48% 54 44984 3873  6%
c W 272.72 96 74 153 124541 3570149 109995 48% 54 44984 3873  6%
c - 274.31 96 73 154 124541 3580793 80368 48% 54 44984 3873  6%
c - 280.82 96 70 155 124541 3627296 77994 49% 54 44984 3873  6%
c O 284.81 96 68 155 124541 3655151 101859 49% 54 44984 3873  6%
c - 285.86 96 61 156 124541 3674096 82807 45% 47 44984 3873  6%
c 3 287.76 96 54 156 124541 3705030 112213 41% 40 44984 3873  6%
c p 287.83 96 54 156 124541 3705030 113783 41% 40 44984 3873  6%
c - 289.08 96 54 157 124541 3721196 79868 41% 39 44984 3873  6%
c B 290.63 96 53 157 124541 3741152 98271 40% 38 44984 3873  6%
c - 293.28 106 61 158 124547 3768596 82970 42% 42 44984 3873  6%
c - 297.59 106 67 159 124570 3816296 80055 45% 44 44984 3873  6%
c W 299.07 106 66 159 124572 3828154 91081 44% 43 44984 3873  6%
c - 302.10 106 68 160 124585 3864296 79358 45% 43 44984 3873  6%
c p 304.46 106 71 160 124601 3900030 115534 46% 42 44984 3873  6%
c - 305.55 106 69 161 124603 3912596 80060 46% 42 44984 3873  6%
c I 305.83 106 69 161 124603 3916155 83155 46% 42 44984 3873  6%
c 
c  seconds     reductions          redundant   irredundant
c           MB       restarts             trail      variables
c            level          conflicts         glue        remaining
c 
c - 308.54 106 66 162 124606 3961196 80506 45% 40 44984 3873  6%
c B 312.62 106 62 162 124626 4005156 118436 44% 40 44984 3873  6%
c - 313.03 106 62 163 124630 4010097 79496 44% 40 44984 3873  6%
c - 318.12 106 59 164 124645 4059297 82378 47% 39 44984 3873  6%
c ] 322.78 106 60 164 124662 4095006 115287 49% 41 44984 3873  6%
c { 322.78 106 28 164 124662 4095006 115287 29% 13 44984 3873  6%
c B 322.83 106 28 164 124690 4095159 115429 29% 13 44984 3873  6%
c 3 323.27 106 28 164 124866 4100030 120454 29% 13 44984 3873  6%
c 3 323.27 106 28 164 124866 4100030 120673 29% 13 44984 3873  6%
c p 323.33 106 28 164 124866 4100030 122248 29% 13 44984 3873  6%
c - 323.95 113 28 165 125102 4108799 87208 29% 13 44984 3873  6%
c s 324.54 113 26 165 125163 4123124 98002 30% 13 44983 3873  6%
c v 324.80 113 26 165 125163 4123124 98002 30% 13 44934 3873  6%
c w 324.94 113 26 165 125163 4123124 97974 30% 13 44934 3873  6%
c t 324.94 113 26 165 125163 4123124 97973 30% 13 44934 3873  6%
c e 324.95 113 26 165 125163 4123124 96864 30% 13 45012 3865  6%
c s 325.06 113 26 165 125163 4123124 96755 30% 13 45004 3865  6%
c - 328.24 113 29 166 130047 4158600 83509 29% 13 45004 3865  6%
c W 330.17 113 28 166 132135 4186160 106537 27% 13 45004 3865  6%
c - 331.19 113 27 167 133751 4208702 81871 26% 13 45004 3865  6%
c 
c  seconds     reductions          redundant   irredundant
c           MB       restarts             trail      variables
c            level          conflicts         glue        remaining
c 
c - 334.04 113 28 168 139121 4259102 83983 25% 14 45004 3865  6%
c F 335.22 113 28 168 140345 4278161 100143 25% 14 45004 3865  6%
c d 337.67 113 30 168 142835 4305030 124711 26% 14 45004 3864  6%
c 3 337.69 113 30 168 142835 4305030 125678 26% 14 45004 3864  6%
c p 337.75 113 30 168 142835 4305030 127083 26% 14 45004 3864  6%
c - 337.93 113 29 169 143713 4309802 87837 26% 14 45004 3864  6%
c - 340.96 113 29 170 147194 4360802 89038 26% 14 45004 3864  6%
c s 341.60 113 29 170 148373 4371030 96924 25% 14 44998 3864  6%
c w 341.74 113 29 170 148373 4371030 96900 25% 14 44998 3864  6%
c t 341.74 113 29 170 148373 4371030 96899 25% 14 44998 3864  6%
c s 341.87 113 29 170 148373 4371030 96800 25% 14 44998 3864  6%
c B 341.89 113 29 170 148373 4371162 96913 25% 14 44998 3864  6%
c - 344.93 57 30 171 151533 4412102 91722 26% 14 44998 3864  6%
c - 348.05 68 29 172 156239 4463702 91656 26% 14 44998 3864  6%
c W 349.17 68 29 172 156242 4465163 92812 26% 13 44998 3864  6%
c d 351.74 68 28 172 160212 4515032 133531 24% 14 44998 3863  6%
c 3 351.75 68 28 172 160212 4515032 134629 24% 14 44998 3863  6%
c p 351.81 68 28 172 160212 4515032 135987 24% 14 44998 3863  6%
c - 351.91 68 28 173 160262 4515602 90296 24% 14 44998 3863  6%
c # 354.14 68 28 173 164546 4560165 128225 24% 14 44998 3863  6%
c 
c  seconds    reductions          redundant   irredundant
c          MB       restarts             trail      variables
c           level          conflicts         glue        remaining
c 
c - 354.52 68 28 174 165089 4567802 89882 24% 14 44998 3863  6%
c - 357.97 78 27 175 167587 4620303 92048 25% 13 44998 3863  6%
c s 358.25 78 27 175 168401 4626032 96460 25% 13 44992 3863  6%
c v 358.34 78 27 175 168401 4626032 96460 25% 13 44991 3863  6%
c w 358.39 78 27 175 168401 4626032 96447 25% 13 44991 3863  6%
c e 358.40 78 27 175 168401 4626032 95870 25% 13 45022 3861  6%
c s 358.53 78 27 175 168401 4626032 95740 25% 13 45015 3861  6%
c B 360.49 78 28 175 171101 4656167 122438 26% 13 45015 3861  6%
c - 361.32 78 27 176 172064 4673104 93974 26% 14 45015 3861  6%
c - 363.96 78 27 177 176316 4726205 93313 25% 14 45015 3861  6%
c 3 364.12 78 27 177 176736 4730035 97170 25% 14 45015 3860  6%
c p 364.16 78 27 177 176736 4730035 98539 25% 14 45015 3860  6%
c W 366.17 78 27 177 179743 4753169 118069 24% 14 45015 3860  6%
c - 367.93 78 27 178 180986 4779605 91892 24% 14 45015 3860  6%
c - 370.73 78 25 179 184326 4833310 91632 24% 13 45015 3860  6%
c F 372.02 78 26 179 185961 4851171 107726 25% 13 45015 3860  6%
c - 374.15 78 27 180 190911 4887310 95937 24% 14 45015 3860  6%
c s 374.37 78 27 180 191007 4888241 96552 24% 14 45008 3860  6%
c v 374.47 78 27 180 191007 4888241 96552 24% 14 44978 3860  6%
c w 374.53 78 27 180 191007 4888241 96549 24% 14 44978 3860  6%
c 
c  seconds    reductions          redundant   irredundant
c          MB       restarts             trail      variables
c           level          conflicts         glue        remaining
c 
c e 374.54 78 27 180 191007 4888241 95592 24% 14 45034 3853  6%
c s 374.65 78 27 180 191007 4888241 95513 24% 14 45026 3853  6%
c e 374.65 78 27 180 191007 4888241 95476 24% 14 45056 3851  6%
c - 377.39 78 27 181 195806 4941611 96229 23% 14 45056 3851  6%
c 3 377.78 78 26 181 195843 4950036 105118 23% 14 45056 3851  6%
c p 377.82 78 26 181 195843 4950036 106349 23% 14 45056 3851  6%
c B 377.85 78 26 181 195859 4950172 106481 23% 14 45056 3851  6%
c - 380.44 78 27 182 199849 4996213 97623 23% 14 45056 3851  6%
c W 383.94 78 25 182 202107 5050174 142524 23% 13 45056 3851  6%
c - 384.12 80 25 183 202199 5051113 96694 23% 13 45056 3851  6%
c - 388.14 80 27 184 206844 5106313 101687 24% 14 45056 3851  6%
c # 391.12 80 27 184 211149 5151176 139040 24% 14 45056 3851  6%
c s 391.51 80 27 184 211262 5157922 144594 25% 14 45042 3851  6%
c v 391.60 80 27 184 211262 5157922 144594 25% 14 45040 3851  6%
c w 391.67 80 27 184 211262 5157922 144585 25% 14 45040 3851  6%
c t 391.67 80 27 184 211262 5157922 144584 25% 14 45040 3851  6%
c e 391.69 80 27 184 211262 5157922 143960 25% 14 45056 3850  6%
c s 391.83 80 27 184 211262 5157922 143902 25% 14 45048 3850  6%
c - 391.98 80 26 185 211281 5161815 100147 25% 14 45048 3850  6%
c d 392.41 80 26 185 213039 5175037 111290 24% 14 45048 3848  6%
c 
c  seconds    reductions          redundant    irredundant
c          MB       restarts              trail      variables
c           level          conflicts          glue        remaining
c 
c 3 392.42 80 26 185 213039 5175037 112489 24% 14 45048 3848  6%
c p 392.46 80 26 185 213039 5175037 113685 24% 14 45048 3848  6%
c - 394.51 80 25 186 219210 5217615 97574 23% 14 45048 3848  6%
c B 396.70 80 27 186 221345 5253178 128584 24% 14 45048 3848  6%
c - 398.05 80 27 187 222905 5273716 99334 24% 14 45048 3848  6%
c - 400.64 80 24 188 224469 5330116 98921 24% 14 45048 3848  6%
c W 402.43 80 24 188 227000 5356180 120232 24% 14 45048 3848  6%
c - 404.23 80 25 189 229606 5386816 100093 24% 14 45048 3848  6%
c 3 404.85 80 25 189 230712 5405037 116270 23% 14 45048 3848  6%
c p 404.90 80 25 189 230712 5405037 117496 23% 14 45048 3848  6%
c s 406.84 80 24 189 231336 5434710 140929 25% 13 45044 3848  6%
c v 406.93 80 24 189 231336 5434710 140929 25% 13 45039 3848  6%
c w 407.00 80 24 189 231336 5434710 140923 25% 13 45039 3848  6%
c t 407.01 80 24 189 231336 5434710 140922 25% 13 45039 3848  6%
c s 407.15 80 24 189 231336 5434710 140860 25% 13 45037 3848  6%
c - 408.08 80 25 190 232287 5443817 100199 25% 13 45037 3848  6%
c F 409.04 80 25 190 234135 5460182 114718 25% 13 45037 3848  6%
c - 411.09 80 26 191 240186 5501117 103825 24% 14 45037 3848  6%
c - 414.18 80 26 192 244490 5558717 103562 23% 14 45037 3848  6%
c B 414.40 80 26 192 244582 5565183 108382 23% 14 45037 3848  6%
c 
c  seconds    reductions          redundant    irredundant
c          MB       restarts              trail      variables
c           level          conflicts          glue        remaining
c 
c - 416.62 80 27 193 248525 5616618 102365 22% 14 45037 3848  6%
c p 417.72 80 26 193 249035 5640038 124556 23% 14 45037 3848  6%
c W 420.92 80 26 193 250652 5671185 152125 23% 14 45037 3848  6%
c - 421.17 83 26 194 250816 5674820 104428 23% 14 45037 3848  6%
c s 423.42 83 26 194 252738 5718626 140617 23% 14 45035 3848  6%
c v 423.51 83 26 194 252738 5718626 140617 23% 14 45011 3848  6%
c w 423.59 83 26 194 252738 5718626 140613 23% 14 45011 3848  6%
c e 423.60 83 26 194 252738 5718626 138972 23% 14 45059 3842  6%
c s 423.72 83 26 194 252738 5718626 138919 23% 14 45046 3842  6%
c - 424.85 83 26 195 253519 5733322 103670 23% 14 45046 3842  6%
c # 427.92 83 27 195 256463 5778187 143153 25% 14 45046 3842  6%
c - 428.95 83 27 196 257281 5792123 106526 25% 14 45046 3842  6%
c - 432.91 83 25 197 260852 5851223 108092 27% 13 45046 3842  6%
c i 434.02 83 22 197 260857 5873234 123196 29% 12 45046 3841  6%
c 3 434.53 83 22 197 261363 5880038 130499 29% 12 45046 3841  6%
c p 434.58 83 22 197 261363 5880038 131569 29% 12 45046 3841  6%
c B 434.86 83 22 197 262675 5886189 136847 28% 12 45046 3841  6%
c - 436.17 83 22 198 266744 5910623 90431 27% 13 45041 3841  6%
c - 439.61 83 21 199 269983 5970323 100517 26% 12 45041 3841  6%
c W 441.61 83 21 199 272216 5995190 121217 26% 12 45041 3841  6%
c 
c  seconds    reductions          redundant    irredundant
c          MB       restarts              trail      variables
c           level          conflicts          glue        remaining
c 
c s 442.87 83 22 199 273847 6009847 133562 26% 12 45015 3841  6%
c v 442.97 83 22 199 273847 6009847 133562 26% 12 45009 3841  6%
c w 443.06 83 22 199 273847 6009847 133557 26% 12 45009 3841  6%
c t 443.06 83 22 199 273847 6009847 133556 26% 12 45009 3841  6%
c e 443.07 83 22 199 273847 6009847 133110 26% 12 45020 3839  6%
c s 443.23 83 22 199 273847 6009847 132966 26% 12 45020 3839  6%
c - 444.74 83 24 200 277181 6030323 112176 25% 13 45020 3839  6%
c - 448.45 83 25 201 287421 6090623 110331 23% 14 45020 3839  6%
c F 449.31 83 26 201 288179 6105192 122921 23% 14 45020 3839  6%
c 3 450.33 83 25 201 289179 6125042 139808 23% 14 45020 3839  6%
c 3 450.33 83 25 201 289179 6125042 140116 23% 14 45020 3839  6%
c p 450.37 83 25 201 289179 6125042 141218 23% 14 45020 3839  6%
c - 452.23 83 26 202 291098 6151227 111768 24% 14 45020 3839  6%
c - 454.29 86 26 203 293140 6212129 109652 26% 14 45020 3839  6%
c B 454.45 86 26 203 293972 6216195 112760 25% 14 45020 3839  6%
c - 458.65 86 28 204 299796 6273329 112253 26% 14 45020 3839  6%
c s 461.30 86 28 204 303426 6308196 140574 25% 14 45016 3839  6%
c w 461.50 86 28 204 303426 6308196 140570 25% 14 45016 3839  6%
c t 461.51 86 28 204 303426 6308196 140569 25% 14 45016 3839  6%
c e 461.52 86 28 204 303426 6308196 140568 25% 14 45030 3838  6%
c 
c  seconds    reductions          redundant    irredundant
c          MB       restarts              trail      variables
c           level          conflicts          glue        remaining
c 
c s 461.71 86 28 204 303426 6308196 140481 25% 14 45030 3838  6%
c W 464.52 86 29 204 304835 6328197 158327 26% 14 45030 3838  6%
c - 465.61 86 30 205 305546 6334830 115634 26% 14 45030 3838  6%
c 3 467.36 86 28 205 310087 6375042 148452 25% 14 45030 3838  6%
c p 467.43 86 28 205 310087 6375042 149842 25% 14 45030 3838  6%
c - 468.84 86 27 206 311570 6396630 111579 25% 14 45030 3838  6%
c # 470.72 86 28 206 313755 6441199 149224 25% 14 45030 3838  6%
c - 472.27 86 28 207 315851 6458731 113550 25% 14 45030 3838  6%
c - 476.03 86 23 208 317563 6521132 109036 25% 13 45030 3838  6%
c B 477.63 86 24 208 323895 6555200 137035 24% 14 45030 3838  6%
c - 479.26 86 25 209 325584 6583833 116857 24% 14 45030 3838  6%
c s 481.02 86 25 209 327589 6613711 142959 25% 14 45022 3838  6%
c v 481.13 86 25 209 327589 6613711 142959 25% 14 44961 3838  6%
c w 481.22 86 25 209 327589 6613711 142951 25% 14 44961 3838  6%
c t 481.22 86 25 209 327589 6613711 142949 25% 14 44961 3838  6%
c s 481.41 86 25 209 327589 6613711 142900 25% 14 44961 3838  6%
c 3 482.41 86 25 209 328560 6630045 157610 24% 14 44961 3838  6%
c p 482.48 86 25 209 328560 6630045 158762 24% 14 44961 3838  6%
c - 483.51 86 25 210 329300 6646833 117938 24% 14 44961 3838  6%
c W 486.34 86 27 210 331952 6670201 138732 25% 14 44961 3838  6%
c 
c  seconds    reductions          redundant    irredundant
c          MB       restarts              trail      variables
c           level          conflicts          glue        remaining
c 
c - 490.13 86 28 211 335814 6710134 120657 25% 14 44961 3838  6%
c - 494.75 86 28 212 338941 6773735 121973 25% 14 44961 3838  6%
c F 495.72 86 28 212 340050 6786203 132889 25% 14 44961 3838  6%
c - 498.46 86 26 213 342089 6837635 120679 25% 14 44961 3838  6%
c 3 501.98 86 26 213 345250 6890047 168989 25% 14 44961 3838  6%
c p 502.06 86 26 213 345250 6890047 170060 25% 14 44961 3838  6%
c - 503.39 86 26 214 346924 6901837 124319 25% 14 44961 3838  6%
c B 503.45 86 26 214 347230 6903206 125571 25% 14 44961 3838  6%
c s 505.95 86 28 214 349049 6926133 145870 26% 14 44958 3838  6%
c w 506.16 86 28 214 349049 6926133 145868 26% 14 44958 3838  6%
c s 506.38 86 28 214 349049 6926133 145822 26% 14 44958 3838  6%
c - 508.99 88 27 215 351730 6966337 124267 25% 14 44958 3838  6%
c W 512.83 88 23 215 354223 7021211 167246 25% 13 44958 3838  6%
c - 513.42 88 22 216 354237 7031138 117623 25% 13 44958 3838  6%
c i 514.06 88 21 216 354237 7042938 125199 25% 12 44958 3837  6%
c - 517.46 88 23 217 361961 7096239 103823 24% 13 44953 3837  6%
c # 520.17 88 24 217 367268 7140214 140998 23% 14 44953 3837  6%
c d 521.09 88 24 217 368166 7155047 153671 23% 14 44953 3835  6%
c 3 521.11 88 24 217 368166 7155047 154777 23% 14 44953 3835  6%
c 2 521.12 88 24 217 368166 7155047 154776 23% 14 44953 3835  6%
c 
c  seconds    reductions          redundant    irredundant
c          MB       restarts              trail      variables
c           level          conflicts          glue        remaining
c 
c p 521.17 88 24 217 368166 7155047 155819 23% 14 44953 3835  6%
c - 521.90 88 25 218 368567 7161639 117947 23% 14 44953 3835  6%
c - 525.87 88 25 219 375713 7227341 120013 22% 14 44953 3835  6%
c s 526.92 88 25 219 377093 7245647 135315 22% 14 44895 3835  6%
c v 527.03 88 25 219 377093 7245647 135315 22% 14 44886 3835  6%
c w 527.13 88 25 219 377093 7245647 135305 22% 14 44886 3835  6%
c t 527.13 88 25 219 377093 7245647 135303 22% 14 44886 3835  6%
c e 527.14 88 25 219 377093 7245647 133963 22% 14 44911 3831  6%
c s 527.39 88 25 219 377093 7245647 133880 22% 14 44911 3831  6%
c B 528.07 88 23 219 377098 7260216 145950 23% 14 44911 3831  6%
c - 530.34 88 24 220 380383 7293342 123529 24% 14 44911 3831  6%
c - 533.86 88 24 221 385815 7359645 124162 24% 13 44911 3831  6%
c W 535.74 88 24 221 389902 7381217 141730 23% 14 44911 3831  6%
c p 539.68 88 26 221 393998 7425049 182490 23% 14 44911 3831  6%
c - 539.81 88 26 222 393998 7426245 126236 23% 14 44911 3831  6%
c - 544.49 88 25 223 399114 7493145 127896 24% 14 44911 3831  6%
c F 544.96 88 25 223 399325 7503218 136670 24% 14 44911 3831  6%
c - 548.88 89 25 224 404545 7560347 128408 24% 14 44911 3831  6%
c s 549.77 89 25 224 404878 7572365 138011 24% 14 44906 3831  6%
c v 549.89 89 25 224 404878 7572365 138011 24% 14 44887 3831  6%
c 
c  seconds    reductions          redundant    irredundant
c          MB       restarts              trail      variables
c           level          conflicts          glue        remaining
c 
c w 549.99 89 25 224 404878 7572365 138002 24% 14 44887 3831  6%
c s 550.23 89 25 224 404878 7572365 137907 24% 14 44887 3831  6%
c B 554.18 89 25 224 407613 7626223 184294 24% 14 44887 3831  6%
c - 554.44 89 25 225 407729 7627850 130850 24% 14 44887 3831  6%
c - 560.47 89 27 226 413633 7695652 132350 25% 14 44887 3831  6%
c 3 560.77 89 27 226 413834 7700050 137005 25% 14 44887 3831  6%
c 3 560.78 89 27 226 413834 7700050 137343 25% 14 44887 3831  6%
c p 560.83 89 27 226 413834 7700050 138386 25% 14 44887 3831  6%
c W 565.90 89 27 226 416837 7750227 182089 25% 14 44887 3831  6%
c - 566.58 89 26 227 417543 7763754 133707 25% 14 44887 3831  6%
c - 570.95 89 25 228 422912 7832154 131330 25% 14 44887 3831  6%
c # 574.03 89 24 228 425374 7875228 166245 26% 13 44887 3831  6%
c - 575.76 89 25 229 428575 7900855 130266 25% 13 44887 3831  6%
c s 576.14 89 25 229 429769 7906114 134095 25% 14 44871 3831  6%
c v 576.26 89 25 229 429769 7906114 134095 25% 14 44869 3831  6%
c w 576.32 89 25 229 429769 7906114 134093 25% 14 44869 3831  6%
c e 576.33 89 25 229 429769 7906114 133671 25% 14 44885 3830  6%
c s 576.53 89 25 229 429769 7906114 133614 25% 14 44885 3830  6%
c - 580.77 89 25 230 436975 7969855 133708 24% 14 44885 3830  6%
c 3 581.22 89 26 230 437117 7980050 143760 24% 14 44885 3830  6%
c 
c  seconds    reductions          redundant    irredundant
c          MB       restarts              trail      variables
c           level          conflicts          glue        remaining
c 
c p 581.29 89 26 230 437117 7980050 144698 24% 14 44885 3830  6%
c B 582.08 89 24 230 437340 8001231 163265 23% 14 44885 3830  6%
c - 585.88 91 26 231 440791 8039156 133168 23% 14 44885 3830  6%
c - 591.15 91 26 232 445679 8108756 132785 24% 14 44885 3830  6%
c W 593.23 91 26 232 448161 8128232 149239 23% 14 44885 3830  6%
c - 596.16 91 26 233 451754 8178656 132806 24% 14 44885 3830  6%
c } 596.63 91 25 233 452151 8191007 142432 23% 14 44885 3830  6%
c [ 596.63 91 60 233 452151 8191007 142432 49% 41 44885 3830  6%
c s 602.03 91 57 233 452156 8246993 195136 46% 37 44881 3830  6%
c v 602.15 91 57 233 452156 8246993 195136 46% 37 44881 3830  6%
c w 602.27 91 57 233 452156 8246993 195136 46% 37 44881 3830  6%
c t 602.27 91 57 233 452156 8246993 195135 46% 37 44881 3830  6%
c s 602.54 91 57 233 452156 8246993 195084 46% 37 44876 3830  6%
c - 602.75 100 57 234 452156 8248857 136872 46% 37 44876 3830  6%
c W 604.14 100 58 234 452157 8256233 143890 44% 36 44876 3830  6%
c p 604.77 100 57 234 452157 8265050 154061 43% 36 44876 3830  6%
c - 609.08 100 55 235 452157 8319359 134829 41% 36 44876 3830  6%
c O 616.69 100 56 235 452187 8385234 195911 45% 39 44876 3830  6%
c - 617.23 128 55 236 452188 8390160 135511 44% 38 44876 3830  6%
c - 623.48 102 54 237 452217 8461261 133669 44% 37 44876 3830  6%
c 
c  seconds     reductions          redundant    irredundant
c           MB       restarts              trail      variables
c            level          conflicts          glue        remaining
c 
c B 631.16 102 55 237 452220 8515236 178597 46% 40 44876 3830  6%
c - 633.08 130 58 238 452227 8532661 132620 46% 41 44876 3830  6%
c 3 635.24 130 59 238 452235 8555050 153550 47% 42 44876 3830  6%
c p 635.32 130 59 238 452235 8555050 154732 47% 42 44876 3830  6%
c - 641.13 132 62 239 452251 8604361 135517 49% 44 44876 3830  6%
c W 647.23 132 64 239 452272 8646238 173644 49% 46 44876 3830  6%
c - 652.22 132 64 240 452282 8676362 138541 50% 46 44876 3830  6%
c - 662.91 134 64 241 452284 8748662 144273 51% 46 44876 3830  6%
c I 667.47 134 64 241 452284 8778239 171811 51% 46 44876 3830  6%
c - 671.86 136 67 242 452285 8821263 147405 51% 46 44876 3830  6%
c p 675.64 136 69 242 452285 8850051 176959 51% 47 44876 3830  6%
c - 682.58 139 75 243 452285 8894166 144659 51% 52 44876 3830  6%
c B 685.09 139 76 243 452285 8911241 160234 52% 53 44876 3830  6%
c - 691.86 137 74 244 452308 8967370 144872 52% 53 44876 3830  6%
c - 705.11 134 71 245 452334 9040871 142818 51% 53 44876 3830  6%
c W 706.83 134 71 245 452337 9045242 146615 51% 53 44876 3830  6%
c - 716.34 132 63 246 452348 9114673 135196 51% 49 44876 3830  6%
c 3 720.95 132 61 246 452363 9150051 163965 51% 48 44876 3830  6%
c p 721.05 132 61 246 452363 9150051 165151 51% 48 44876 3830  6%
c O 725.53 132 62 246 452378 9180243 191450 51% 49 44876 3830  6%
c 
c  seconds     reductions          redundant    irredundant
c           MB       restarts              trail      variables
c            level          conflicts          glue        remaining
c 
c - 726.16 106 58 247 452379 9188774 137359 49% 46 44876 3830  6%
c - 731.53 126 43 248 452409 9263174 137234 37% 33 44876 3830  6%
c B 734.29 126 39 248 452411 9316244 185775 33% 29 44876 3830  6%
c - 736.59 126 47 249 452412 9337874 141339 36% 33 44876 3830  6%
c - 746.63 161 60 250 452427 9412875 143087 44% 43 44876 3830  6%
c W 752.74 161 63 250 452442 9453249 180313 46% 44 44876 3830  6%
c p 753.01 161 63 250 452443 9455051 184135 45% 44 44876 3830  6%
c - 756.04 126 63 251 452455 9488176 145019 45% 43 44876 3830  6%
c - 765.61 137 66 252 452475 9563776 142073 47% 46 44876 3830  6%
c I 769.52 137 66 252 452479 9591250 164203 47% 48 44876 3830  6%
c - 775.07 137 64 253 452503 9639676 140955 47% 47 44876 3830  6%
c - 786.71 137 63 254 452529 9715876 140873 47% 48 44876 3830  6%
c B 788.70 137 63 254 452536 9730251 153891 48% 47 44876 3830  6%
c 3 792.59 137 65 254 452538 9765051 187248 47% 47 44876 3830  6%
c p 792.69 137 65 254 452538 9765051 188405 47% 47 44876 3830  6%
c - 796.45 169 66 255 452539 9792378 146037 48% 47 44876 3830  6%
c - 809.21 137 67 256 452540 9869178 149562 49% 48 44876 3830  6%
c W 810.39 137 67 256 452540 9870255 150521 49% 48 44876 3830  6%
c - 822.66 172 66 257 452540 9946280 148219 49% 48 44876 3830  6%
c O 834.14 172 72 257 452541 10011258 208719 50% 52 44876 3830  6%
c 
c  seconds     reductions           redundant    irredundant
c           MB       restarts               trail      variables
c            level          conflicts           glue        remaining
c 
c - 835.01 137 68 258 452541 10023680 155439 48% 49 44876 3830  6%
c s 835.23 137 68 258 452541 10023680 155285 48% 49 44876 3830  6%
c v 835.48 137 68 258 452541 10023680 155285 48% 49 44870 3830  6%
c w 836.09 137 68 258 452541 10023680 155269 48% 49 44870 3830  6%
c s 836.31 137 68 258 452541 10023680 155126 48% 49 44868 3830  6%
c p 843.13 137 61 258 452541 10080051 209637 47% 45 44868 3830  6%
c - 846.23 171 59 259 452541 10101381 149340 46% 44 44868 3830  6%
c B 852.92 171 57 259 452541 10153260 196874 48% 43 44868 3830  6%
c - 857.80 137 55 260 452541 10179383 148350 47% 42 44868 3830  6%
c - 872.48 173 52 261 452542 10257684 154194 46% 41 44868 3830  6%
c W 878.54 173 56 261 452542 10296261 189760 47% 43 44868 3830  6%
c - 884.30 137 59 262 452542 10336284 154085 48% 46 44868 3830  6%
c 3 893.90 137 62 262 452542 10400052 213440 48% 49 44868 3830  6%
c p 894.05 137 62 262 452542 10400052 214552 48% 49 44868 3830  6%
c - 895.95 173 63 263 452542 10415184 155389 48% 48 44868 3830  6%
c I 898.88 173 63 263 452542 10440262 178745 47% 47 44868 3830  6%
c - 904.88 137 63 264 452542 10494385 154952 47% 44 44868 3830  6%
c - 916.87 174 62 265 452542 10573885 159591 49% 42 44868 3830  6%
c B 918.65 174 61 265 452542 10585263 170395 49% 42 44868 3830  6%
c - 929.09 137 62 266 452542 10653687 160097 49% 43 44868 3830  6%
c 
c  seconds     reductions           redundant    irredundant
c           MB       restarts               trail      variables
c            level          conflicts           glue        remaining
c 
c p 941.94 137 61 266 452542 10725052 229001 49% 43 44868 3830  6%
c W 944.08 137 62 266 452542 10731267 234810 49% 44 44868 3830  6%
c - 944.61 172 62 267 452542 10733789 163171 49% 44 44868 3830  6%
c - 957.99 137 60 268 452557 10814189 151590 49% 45 44868 3830  6%
c O 969.54 137 59 268 452580 10878269 204458 49% 47 44868 3830  6%
c - 971.67 141 58 269 452588 10894889 151380 48% 45 44868 3830  6%
c - 981.40 141 51 270 452605 10975889 150099 47% 38 44868 3830  6%
c B 990.75 141 50 270 452627 11026271 190718 47% 38 44868 3830  6%
c 3 993.94 141 56 270 452636 11055052 218602 48% 40 44868 3830  6%
c p 994.07 141 56 270 452636 11055052 219734 48% 40 44868 3830  6%
c - 994.44 141 56 271 452636 11057191 155159 48% 40 44868 3830  6%
c - 1005.89 177 67 272 452667 11138792 152866 49% 49 44868 3830  6%
c W 1012.52 177 70 272 452668 11175273 183070 50% 53 44868 3830  6%
c - 1021.08 141 72 273 452669 11220693 153294 50% 56 44868 3830  6%
c - 1037.87 180 72 274 452697 11302894 159858 50% 59 44868 3830  6%
c I 1041.96 180 72 274 452700 11325275 179473 50% 59 44868 3830  6%
c - 1049.12 141 68 275 452728 11385396 162224 49% 52 44868 3830  6%
c p 1049.90 141 68 275 452729 11390055 168695 49% 52 44868 3830  6%
c - 1060.70 176 69 276 452745 11468197 156894 50% 52 44868 3830  6%
c B 1061.62 176 69 276 452747 11476276 164300 50% 52 44868 3830  6%
c 
c   seconds     reductions           redundant    irredundant
c            MB       restarts               trail      variables
c             level          conflicts           glue        remaining
c 
c - 1072.68 141 65 277 452776 11551300 157991 50% 48 44868 3830  6%
c W 1084.77 141 59 277 452795 11628277 230365 52% 43 44868 3830  6%
c - 1086.08 178 60 278 452795 11634700 161270 52% 44 44868 3830  6%
c - 1102.42 141 63 279 452797 11718400 165712 53% 48 44868 3830  6%
c 3 1104.59 141 63 279 452797 11730055 177081 53% 48 44868 3830  6%
c p 1104.69 141 63 279 452797 11730055 178185 53% 48 44868 3830  6%
c O 1116.51 141 62 279 452797 11781282 222970 52% 49 44868 3830  6%
c - 1118.86 176 58 280 452797 11802400 166689 49% 44 44868 3830  6%
c s 1119.14 176 58 280 452797 11802400 166102 49% 44 44868 3830  6%
c w 1119.88 176 58 280 452797 11802400 166081 49% 44 44868 3830  6%
c - 1125.15 141 57 281 452817 11886701 162145 45% 38 44868 3830  6%
c B 1127.42 141 51 281 452832 11935283 205703 42% 34 44868 3830  6%
c - 1131.19 141 56 282 452849 11971302 160602 43% 36 44868 3830  6%
c - 1142.02 173 59 283 452867 12056203 159738 46% 40 44868 3830  6%
c d 1144.58 173 60 283 452875 12075057 177600 46% 40 44868 3829  6%
c p 1144.71 173 60 283 452875 12075057 179866 46% 40 44868 3829  6%
c s 1145.06 173 60 283 452875 12075057 179502 46% 40 44868 3829  6%
c W 1148.14 173 61 283 452882 12090285 193437 47% 41 44868 3829  6%
c - 1154.47 141 65 284 452898 12141404 164090 47% 42 44868 3829  6%
c - 1166.34 175 68 285 452923 12226905 163421 48% 46 44868 3829  6%
c 
c   seconds     reductions           redundant    irredundant
c            MB       restarts               trail      variables
c             level          conflicts           glue        remaining
c 
c I 1169.07 175 67 285 452923 12246286 180690 48% 47 44868 3829  6%
c - 1174.23 141 64 286 452924 12312709 164676 44% 44 44868 3829  6%
c - 1184.35 175 58 287 452958 12398809 161396 46% 43 44868 3829  6%
c B 1184.96 175 58 287 452961 12403289 165112 46% 43 44868 3829  6%
c 3 1187.28 175 62 287 452970 12425058 186340 46% 44 44868 3829  6%
c 3 1187.29 175 62 287 452970 12425058 186748 46% 44 44868 3829  6%
c p 1187.39 175 62 287 452970 12425058 187848 46% 44 44868 3829  6%
c - 1195.16 141 66 288 452987 12485209 164215 48% 45 44868 3829  6%
c W 1208.37 141 69 288 453012 12561291 234192 50% 48 44868 3829  6%
c - 1210.13 183 69 289 453017 12571909 168877 50% 48 44868 3829  6%
c - 1223.41 141 71 290 453048 12658909 168022 51% 50 44868 3829  6%
c O 1231.37 141 68 290 453051 12720293 224217 50% 50 44868 3829  6%
c - 1232.81 173 59 291 453051 12746210 166801 45% 43 44868 3829  6%
c 3 1234.52 173 52 291 453052 12780058 199381 40% 36 44868 3829  6%
c p 1234.63 173 52 291 453052 12780058 200500 40% 36 44868 3829  6%
c - 1239.39 141 54 292 453052 12833812 166666 41% 36 44868 3829  6%
c B 1244.57 141 58 292 453052 12880294 211147 43% 37 44868 3829  6%
c - 1249.82 183 63 293 453053 12921713 170048 45% 41 44868 3829  6%
c - 1265.43 141 67 294 453053 13009917 170314 48% 46 44868 3829  6%
c W 1271.79 141 68 294 453053 13041295 199804 49% 48 44868 3829  6%
c 
c   seconds     reductions           redundant    irredundant
c            MB       restarts               trail      variables
c             level          conflicts           glue        remaining
c 
c - 1281.24 186 71 295 453053 13098420 173171 50% 53 44868 3829  6%
c 3 1287.62 186 71 295 453053 13140059 212456 51% 54 44868 3829  6%
c p 1287.73 186 71 295 453053 13140059 213578 51% 54 44868 3829  6%
c - 1296.62 141 69 296 453060 13187226 171676 51% 53 44868 3829  6%
c I 1299.09 141 70 296 453068 13203299 186186 51% 53 44868 3829  6%
c - 1305.27 152 63 297 453094 13276326 171720 44% 43 44868 3829  6%
c - 1318.32 152 55 298 453116 13365729 162616 44% 40 44868 3829  6%
c B 1318.41 152 55 298 453116 13366304 163049 44% 40 44868 3829  6%
c - 1329.55 152 64 299 453147 13455430 167357 48% 44 44868 3829  6%
c 3 1336.08 152 64 299 453169 13505060 214818 49% 44 44868 3829  6%
c p 1336.22 152 64 299 453169 13505060 215954 49% 44 44868 3829  6%
c W 1340.80 152 63 299 453178 13530305 239325 49% 43 44868 3829  6%
c - 1343.31 118 63 300 453179 13545436 174071 50% 43 44868 3829  6%
c - 1359.66 123 60 301 453180 13635736 177139 52% 44 44868 3829  6%
c s 1359.97 124 60 301 453180 13635736 176678 52% 44 44868 3829  6%
c w 1360.56 124 60 301 453180 13635736 176650 52% 44 44868 3829  6%
c O 1371.97 124 63 301 453207 13695306 229857 52% 47 44868 3829  6%
c - 1375.51 121 62 302 453211 13726336 181408 50% 44 44868 3829  6%
c - 1387.91 120 62 303 453243 13817240 173712 51% 46 44868 3829  6%
c B 1395.21 120 63 303 453255 13861307 212979 51% 46 44868 3829  6%
c 
c   seconds     reductions           redundant    irredundant
c            MB       restarts               trail      variables
c             level          conflicts           glue        remaining
c 
c 3 1396.87 120 65 303 453258 13875061 227158 51% 47 44868 3829  6%
c p 1397.01 120 65 303 453258 13875061 228248 51% 47 44868 3829  6%
c - 1401.00 119 64 304 453273 13908443 176475 50% 46 44868 3829  6%
c - 1414.09 116 58 305 453305 13999945 173659 49% 43 44868 3829  6%
c W 1419.64 116 57 305 453306 14028309 199556 49% 42 44868 3829  6%
c - 1429.89 122 58 306 453307 14091746 180164 50% 43 44868 3829  6%
c - 1447.14 125 57 307 453308 14183847 180671 50% 45 44868 3829  6%
c I 1449.19 125 57 307 453308 14196310 192259 50% 45 44868 3829  6%
c 3 1456.03 125 59 307 453314 14250062 243824 50% 45 44868 3829  6%
c p 1456.18 125 59 307 453314 14250062 244920 50% 45 44868 3829  6%
c - 1459.72 122 62 308 453324 14276247 181592 50% 46 44868 3829  6%
c B 1473.45 122 68 308 453359 14365313 261886 51% 51 44868 3829  6%
c - 1474.14 119 67 309 453361 14368948 178283 51% 50 44868 3829  6%
c - 1488.85 117 59 310 453384 14461949 177253 51% 45 44868 3829  6%
c W 1502.68 117 60 310 453409 14535315 242555 52% 46 44868 3829  6%
c - 1506.64 120 60 311 453417 14555251 178515 52% 46 44868 3829  6%
c 3 1519.31 120 59 311 453434 14630062 245654 51% 45 44868 3829  6%
c p 1519.46 120 59 311 453434 14630062 246744 51% 45 44868 3829  6%
c - 1523.28 121 59 312 453435 14648851 183950 51% 45 44868 3829  6%
c O 1534.44 121 59 312 453435 14706317 236762 52% 45 44868 3829  6%
c 
c   seconds     reductions           redundant    irredundant
c            MB       restarts               trail      variables
c             level          conflicts           glue        remaining
c 
c - 1538.07 120 56 313 453451 14742752 188223 48% 40 44868 3829  6%
c - 1545.91 109 50 314 453488 14836957 178395 40% 36 44868 3829  6%
c B 1552.53 109 51 314 453498 14878319 215470 43% 37 44868 3829  6%
c - 1559.13 147 58 315 453512 14931457 181775 46% 39 44868 3829  6%
c 3 1570.93 147 62 315 453543 15015064 261007 50% 42 44868 3829  6%
c p 1571.09 147 62 315 453543 15015064 262095 50% 42 44868 3829  6%
c - 1573.35 149 62 316 453546 15026257 182409 50% 43 44868 3829  6%
c W 1579.16 149 63 316 453559 15051320 205205 51% 45 44868 3829  6%
c - 1592.21 153 66 317 453562 15121359 186629 52% 48 44868 3829  6%
c - 1612.86 155 65 318 453563 15216761 188086 52% 50 44868 3829  6%
c I 1614.43 155 65 318 453563 15225326 195694 52% 50 44868 3829  6%
c - 1620.48 111 57 319 453564 15312463 181304 40% 42 44868 3829  6%
c B 1628.46 111 50 319 453564 15400328 257363 34% 39 44868 3829  6%
c 3 1628.83 111 52 319 453564 15405065 263012 35% 39 44868 3829  6%
c p 1628.98 112 52 319 453564 15405065 264120 35% 39 44868 3829  6%
c - 1629.40 144 53 320 453564 15408464 185834 35% 40 44868 3829  6%
c - 1640.98 113 56 321 453564 15504765 177927 45% 42 44868 3829  6%
c s 1641.37 119 56 321 453564 15504765 177231 45% 42 44866 3829  6%
c v 1641.63 119 56 321 453564 15504765 177231 45% 42 44865 3829  6%
c w 1641.96 119 56 321 453564 15504765 177199 45% 42 44865 3829  6%
c 
c   seconds     reductions           redundant    irredundant
c            MB       restarts               trail      variables
c             level          conflicts           glue        remaining
c 
c s 1642.34 119 56 321 453564 15504765 177053 45% 42 44850 3829  6%
c W 1654.67 119 53 321 453565 15576330 235227 47% 42 44850 3829  6%
c - 1659.67 112 53 322 453565 15601365 178280 48% 42 44850 3829  6%
c - 1675.96 145 55 323 453565 15698270 176273 50% 46 44850 3829  6%
c O 1685.15 145 54 323 453565 15753333 218743 51% 45 44850 3829  6%
c - 1687.99 112 44 324 453565 15795471 183187 43% 36 44850 3829  6%
c 3 1688.33 112 43 324 453565 15800065 188681 43% 35 44850 3829  6%
c p 1688.43 112 43 324 453565 15800065 189812 43% 35 44850 3829  6%
c - 1699.01 155 39 325 453565 15892971 186453 44% 30 44850 3829  6%
c B 1704.24 155 39 325 453565 15931336 223426 45% 30 44850 3829  6%
c - 1711.76 158 48 326 453565 15990771 189523 46% 36 44850 3829  6%
c - 1725.58 158 53 327 453565 16088875 193078 45% 39 44850 3829  6%
c W 1729.48 158 54 327 453566 16110339 213155 45% 40 44850 3829  6%
c - 1743.10 157 51 328 453566 16187276 190196 49% 38 44850 3829  6%
c p 1745.21 157 50 328 453566 16200065 204288 49% 38 44850 3829  6%
c - 1762.41 162 46 329 453566 16285976 193099 51% 35 44850 3829  6%
c I 1763.25 162 46 329 453566 16290340 196820 51% 35 44850 3829  6%
c ] 1771.41 162 46 329 453566 16383008 284376 44% 32 44850 3829  6%
c { 1771.41 162 25 329 453566 16383008 284376 23% 14 44850 3829  6%
c - 1772.24 146 25 330 453830 16384976 191953 23% 14 44850 3829  6%
c 
c   seconds     reductions           redundant    irredundant
c            MB       restarts               trail      variables
c             level          conflicts           glue        remaining
c 
c s 1772.84 146 26 330 454034 16386830 193422 24% 14 44848 3829  6%
c v 1773.10 146 26 330 454034 16386830 193422 24% 14 44843 3829  6%
c w 1773.35 146 26 330 454034 16386830 193362 24% 14 44843 3829  6%
c s 1773.70 146 26 330 454034 16386830 193277 24% 14 44843 3829  6%
c F 1779.52 146 25 330 457891 16471342 262449 24% 14 44843 3829  6%
c - 1780.91 112 25 331 458533 16484276 181709 24% 14 44843 3829  6%
c - 1785.11 119 22 332 462535 16583876 180098 21% 13 44843 3829  6%
c 3 1785.77 119 21 332 462608 16605067 199424 20% 13 44843 3829  6%
c p 1785.84 119 21 332 462608 16605067 200517 20% 13 44843 3829  6%
c B 1788.83 119 22 332 465701 16653343 240865 22% 13 44843 3829  6%
c - 1792.45 119 23 333 469647 16683777 180120 22% 13 44843 3829  6%
c s 1798.74 119 24 333 476851 16763118 246649 22% 14 44841 3829  6%
c w 1799.06 119 24 333 476851 16763118 246637 22% 14 44841 3829  6%
c e 1799.08 119 24 333 476851 16763118 246141 22% 14 44857 3828  6%
c s 1799.47 119 24 333 476851 16763118 246074 22% 14 44857 3828  6%
c - 1802.38 119 24 334 478126 16783978 183309 23% 14 44857 3828  6%
c W 1807.89 119 25 334 483170 16836344 227594 24% 14 44857 3828  6%
c - 1811.11 119 23 335 486983 16884478 184571 24% 14 44857 3828  6%
c - 1819.79 119 24 336 495673 16985279 189314 23% 14 44857 3828  6%
c p 1822.40 119 25 336 498254 17015068 217180 23% 14 44857 3828  6%
c 
c   seconds     reductions           redundant    irredundant
c            MB       restarts               trail      variables
c             level          conflicts           glue        remaining
c 
c # 1822.68 119 25 336 499257 17020345 221696 23% 14 44857 3828  6%
c - 1828.46 135 25 337 502834 17086379 189555 24% 14 44857 3828  6%
c s 1834.62 135 25 337 506492 17146592 239545 26% 14 44851 3828  6%
c w 1834.95 135 25 337 506492 17146592 239533 26% 14 44851 3828  6%
c s 1835.41 135 25 337 506492 17146592 239436 26% 14 44850 3828  6%
c - 1838.62 135 24 338 509118 17187780 190614 25% 14 44850 3828  6%
c B 1839.38 135 24 338 511407 17205348 205778 24% 14 44850 3828  6%
c - 1844.44 135 23 339 516063 17289480 189266 23% 14 44850 3828  6%
c W 1852.03 135 22 339 521134 17391349 275014 23% 13 44850 3828  6%
c - 1852.13 135 22 340 521154 17391481 187855 23% 13 44850 3828  6%
c 3 1855.68 135 23 340 524320 17430068 222804 23% 13 44850 3828  6%
c p 1855.78 135 23 340 524320 17430068 223718 23% 13 44850 3828  6%
c - 1860.89 135 22 341 529032 17493782 189772 24% 13 44850 3828  6%
c s 1864.53 135 23 341 531756 17537142 225841 24% 13 44844 3828  6%
c w 1864.83 135 23 341 531756 17537142 225839 24% 13 44844 3828  6%
c s 1865.19 135 23 341 531756 17537142 225751 24% 13 44844 3828  6%
c F 1869.59 135 24 341 534936 17578351 261159 24% 13 44844 3828  6%
c - 1871.83 135 24 342 536090 17596383 194629 24% 13 44844 3828  6%
c - 1882.21 137 27 343 547848 17699285 197330 24% 14 44844 3828  6%
c B 1886.50 137 24 343 552846 17766353 254332 22% 14 44844 3828  6%
c 
c   seconds     reductions           redundant    irredundant
c            MB       restarts               trail      variables
c             level          conflicts           glue        remaining
c 
c - 1891.17 137 25 344 555291 17802486 197324 23% 14 44844 3828  6%
c 3 1895.48 137 25 344 559236 17850068 238653 23% 14 44844 3828  6%
c 2 1895.51 137 25 344 559236 17850068 238652 23% 14 44844 3828  6%
c p 1895.59 137 25 344 559236 17850068 239520 23% 14 44844 3828  6%
c - 1902.16 137 26 345 563909 17905986 197060 23% 15 44844 3828  6%
c s 1905.45 137 27 345 565399 17934773 222826 25% 15 44838 3828  6%
c w 1905.81 137 27 345 565399 17934773 222823 25% 15 44838 3828  6%
c s 1906.20 137 27 345 565399 17934773 222756 25% 15 44832 3828  6%
c W 1908.61 137 26 345 566164 17955355 239766 24% 15 44832 3828  6%
c - 1912.30 137 25 346 568678 18009789 197728 25% 14 44832 3828  6%
c - 1922.42 137 27 347 574912 18113890 200676 26% 14 44832 3828  6%
c # 1925.07 137 27 347 576202 18145357 228590 26% 14 44832 3828  6%
c - 1931.08 142 26 348 580378 18218291 202397 25% 14 44832 3828  6%
c 3 1934.79 142 25 348 583383 18275069 249929 25% 14 44832 3828  6%
c p 1934.89 142 25 348 583383 18275069 250788 25% 14 44832 3828  6%
c - 1943.18 142 27 349 587696 18322991 202050 26% 14 44832 3828  6%
c B 1944.03 142 27 349 588010 18336359 213313 26% 14 44832 3828  6%
c s 1945.02 142 27 349 588357 18339459 215819 26% 14 44830 3828  6%
c v 1945.14 142 27 349 588357 18339459 215819 26% 14 44829 3828  6%
c w 1945.27 142 27 349 588357 18339459 215817 26% 14 44829 3828  6%
c 
c   seconds     reductions           redundant    irredundant
c            MB       restarts               trail      variables
c             level          conflicts           glue        remaining
c 
c s 1945.71 142 27 349 588357 18339459 215756 26% 14 44829 3828  6%
c - 1953.60 142 24 350 593925 18427991 201533 24% 14 44829 3828  6%
c W 1962.64 142 24 350 601803 18528361 287109 24% 14 44829 3828  6%
c - 1963.57 142 24 351 602177 18533292 204555 25% 14 44829 3828  6%
c - 1975.05 142 27 352 612249 18638893 207160 24% 15 44829 3828  6%
c 3 1978.85 142 25 352 615174 18705069 262927 23% 14 44829 3828  6%
c p 1978.97 142 25 352 615174 18705069 263767 23% 14 44829 3828  6%
c F 1980.29 142 25 352 616726 18721362 277167 23% 14 44829 3828  6%
c - 1984.47 142 27 353 618686 18744796 206271 25% 14 44829 3828  6%
c s 1985.94 142 27 353 619392 18751233 212011 25% 14 44823 3828  6%
c v 1986.09 142 27 353 619392 18751233 212011 25% 14 44823 3828  6%
c w 1986.23 142 27 353 619392 18751233 212009 25% 14 44823 3828  6%
c e 1986.24 142 27 353 619392 18751233 210347 25% 14 44839 3827  6%
c s 1986.65 142 27 353 619392 18751233 210273 25% 14 44839 3827  6%
c - 1996.99 142 27 354 626072 18850996 205916 25% 15 44839 3827  6%
c B 2004.56 142 28 354 629707 18915363 263324 26% 14 44839 3827  6%
c - 2008.39 142 28 355 632348 18957498 210532 25% 15 44839 3827  6%
c - 2018.64 142 26 356 636141 19064299 210625 26% 14 44839 3827  6%
c W 2021.15 142 23 356 636490 19110365 246912 25% 13 44839 3827  6%
c p 2025.45 142 25 356 640072 19140069 274646 25% 14 44839 3827  6%
c 
c   seconds     reductions           redundant    irredundant
c            MB       restarts               trail      variables
c             level          conflicts           glue        remaining
c 
c s 2029.76 142 25 356 642018 19170189 300524 26% 14 44835 3827  6%
c w 2030.15 142 25 356 642018 19170189 300518 26% 14 44835 3827  6%
c s 2030.67 142 25 356 642018 19170189 300439 26% 14 44835 3827  6%
c - 2030.98 142 25 357 642290 19171399 209140 26% 14 44835 3827  6%
c - 2041.29 142 26 358 653347 19278800 208862 24% 14 44835 3827  6%
c # 2043.23 142 26 358 654573 19306367 232581 25% 14 44835 3827  6%
c - 2049.25 142 25 359 658707 19386501 210199 26% 14 44835 3827  6%
c - 2059.95 142 26 360 667364 19494503 211106 24% 15 44835 3827  6%
c B 2060.55 142 25 360 667427 19503368 218705 25% 15 44835 3827  6%
c d 2067.21 142 24 360 671651 19580069 283344 25% 14 44835 3826  6%
c 3 2067.23 142 24 360 671651 19580069 284781 25% 14 44835 3826  6%
c 2 2067.26 142 24 360 671651 19580069 284780 25% 14 44835 3826  6%
c p 2067.35 142 24 360 671651 19580069 285623 25% 14 44835 3826  6%
c s 2070.15 142 25 360 672591 19596230 299571 25% 14 44833 3826  6%
c w 2070.57 142 25 360 672591 19596230 299568 25% 14 44833 3826  6%
c s 2071.10 142 25 360 672591 19596230 299514 25% 14 44833 3826  6%
c - 2072.21 142 25 361 672990 19602805 214016 25% 14 44833 3826  6%
c W 2081.46 142 25 361 680512 19701370 298779 24% 14 44833 3826  6%
c - 2083.23 143 26 362 681329 19711408 217419 25% 14 44833 3826  6%
c - 2095.68 143 25 363 687205 19820308 217566 23% 14 44833 3826  6%
c 
c   seconds     reductions           redundant    irredundant
c            MB       restarts               trail      variables
c             level          conflicts           glue        remaining
c 
c F 2105.87 143 26 363 694692 19900372 288064 25% 14 44833 3826  6%
c - 2109.03 143 26 364 697694 19929509 219266 24% 14 44833 3826  6%
c 3 2117.88 143 26 364 702143 20025073 302385 25% 14 44833 3826  6%
c p 2118.03 143 26 364 702143 20025073 303228 25% 14 44833 3826  6%
c s 2118.84 143 26 364 702591 20029410 306227 25% 14 44829 3826  6%
c w 2119.23 143 26 364 702591 20029410 306223 25% 14 44829 3826  6%
c t 2119.23 143 26 364 702591 20029410 306221 25% 14 44829 3826  6%
c s 2119.75 143 26 364 702591 20029410 306147 25% 14 44829 3826  6%
c - 2121.17 143 26 365 703950 20039014 217819 25% 14 44829 3826  6%
c B 2129.79 143 28 365 709529 20100374 272415 26% 15 44829 3826  6%
c - 2133.37 143 26 366 712490 20148814 219814 25% 15 44829 3826  6%
c - 2141.77 146 24 367 718401 20258915 215066 23% 14 44829 3826  6%
c W 2147.10 146 25 367 721463 20301375 251532 22% 14 44829 3826  6%
c - 2151.78 146 23 368 723840 20369316 216077 23% 14 44829 3826  6%
c s 2160.31 146 23 368 728648 20469675 301561 24% 13 44826 3826  6%
c w 2160.74 146 23 368 728648 20469675 301556 24% 13 44826 3826  6%
c t 2160.74 146 23 368 728648 20469675 301555 24% 13 44826 3826  6%
c e 2160.76 146 23 368 728648 20469675 299517 24% 13 44842 3825  6%
c s 2161.24 146 23 368 728648 20469675 299493 24% 13 44842 3825  6%
c 3 2162.37 146 23 368 728987 20475073 305214 24% 13 44842 3825  6%
c 
c   seconds     reductions           redundant    irredundant
c            MB       restarts               trail      variables
c             level          conflicts           glue        remaining
c 
c 3 2162.38 146 23 368 728987 20475073 305605 24% 13 44842 3825  6%
c p 2162.52 146 23 368 728987 20475073 306471 24% 13 44842 3825  6%
c - 2163.21 146 23 369 729185 20480016 215511 24% 13 44842 3825  6%
c # 2164.76 146 23 369 730438 20503377 234839 24% 13 44842 3825  6%
c - 2174.44 146 24 370 736752 20591016 217559 24% 13 44842 3825  6%
c - 2184.34 146 24 371 747680 20702316 218537 23% 14 44842 3825  6%
c B 2185.09 146 24 371 748166 20706378 222303 23% 14 44842 3825  6%
c - 2199.57 146 27 372 759391 20813920 226066 25% 15 44842 3825  6%
c W 2209.64 146 26 372 764838 20910380 308086 26% 14 44842 3825  6%
c s 2210.81 146 26 372 764964 20917142 312957 25% 14 44837 3825  6%
c w 2211.21 146 26 372 764964 20917142 312948 25% 14 44837 3825  6%
c t 2211.21 146 26 372 764964 20917142 312946 25% 14 44837 3825  6%
c e 2211.23 146 26 372 764964 20917142 310856 25% 14 44853 3824  6%
c s 2211.88 146 26 372 764964 20917142 310791 25% 14 44853 3824  6%
c - 2213.10 146 26 373 765728 20925821 224597 25% 14 44853 3824  6%
c d 2213.60 146 26 373 765974 20930074 228519 25% 14 44853 3823  6%
c 3 2213.62 146 26 373 765974 20930074 229818 25% 14 44853 3823  6%
c p 2213.73 146 26 373 765974 20930074 230713 25% 14 44853 3823  6%
c - 2219.93 146 24 374 770287 21038022 219271 25% 14 44853 3823  6%
c F 2225.50 146 23 374 774604 21115382 282069 24% 14 44853 3823  6%
c 
c   seconds     reductions           redundant    irredundant
c            MB       restarts               trail      variables
c             level          conflicts           glue        remaining
c 
c - 2232.59 146 25 375 777603 21150523 216886 26% 14 44853 3823  6%
c - 2247.51 146 26 376 784920 21263323 224374 27% 14 44853 3823  6%
c B 2252.27 146 25 376 789686 21321385 273633 26% 14 44853 3823  6%
c s 2257.78 146 25 376 793449 21371805 315188 25% 14 44848 3823  6%
c v 2257.95 146 25 376 793449 21371805 315188 25% 14 44847 3823  6%
c w 2258.23 146 25 376 793449 21371805 315178 25% 14 44847 3823  6%
c e 2258.25 146 25 376 793449 21371805 314255 25% 14 44863 3822  6%
c s 2258.36 146 25 376 793449 21371805 314250 25% 14 44863 3822  6%
c - 2258.69 146 24 377 793535 21376425 224788 25% 14 44863 3822  6%
c 3 2259.18 146 23 377 793670 21390074 236619 25% 14 44863 3822  6%
c 3 2259.19 146 23 377 793670 21390074 237026 25% 14 44863 3822  6%
c p 2259.29 146 23 377 793670 21390074 237866 25% 14 44863 3822  6%
c - 2269.55 146 24 378 799651 21489826 223317 25% 14 44863 3822  6%
c W 2272.84 146 23 378 800789 21528387 255942 25% 14 44863 3822  6%
c - 2283.04 146 25 379 807262 21603528 226948 26% 14 44863 3822  6%
c - 2290.81 147 21 380 811114 21717531 225169 24% 13 44863 3822  6%
c # 2292.82 147 22 380 814809 21736389 240665 24% 13 44863 3822  6%
c - 2301.17 147 24 381 826506 21831831 227943 22% 14 44863 3822  6%
c s 2301.94 147 24 381 826559 21833713 229208 22% 14 44858 3822  6%
c w 2302.30 147 24 381 826559 21833713 229199 22% 14 44858 3822  6%
c 
c   seconds     reductions           redundant    irredundant
c            MB       restarts               trail      variables
c             level          conflicts           glue        remaining
c 
c t 2302.31 147 24 381 826559 21833713 229198 22% 14 44858 3822  6%
c s 2302.88 147 24 381 826559 21833713 229052 22% 14 44858 3822  6%
c 3 2304.88 147 24 381 827169 21855075 249572 24% 14 44858 3822  6%
c p 2304.99 147 24 381 827169 21855075 250421 24% 14 44858 3822  6%
c B 2311.89 147 23 381 832742 21945391 324704 23% 14 44858 3822  6%
c - 2312.23 147 23 382 832850 21946432 224120 23% 14 44858 3822  6%
c - 2326.52 147 25 383 841548 22061335 230411 25% 14 44858 3822  6%
c W 2333.82 147 25 383 849943 22155392 306872 24% 14 44858 3822  6%
c - 2337.57 147 25 384 851192 22176535 228834 24% 14 44858 3822  6%
c - 2349.03 147 26 385 857745 22292037 230249 26% 14 44858 3822  6%
c s 2350.95 147 27 385 858988 22302705 239781 26% 14 44855 3822  6%
c w 2351.29 147 27 385 858988 22302705 239778 26% 14 44855 3822  6%
c s 2351.82 147 27 385 858988 22302705 239692 26% 14 44855 3822  6%
c 3 2354.10 147 27 385 861002 22325077 259983 25% 14 44855 3822  6%
c p 2354.22 147 27 385 861002 22325077 260809 25% 14 44855 3822  6%
c F 2357.03 147 25 385 861949 22366395 294591 26% 14 44855 3822  6%
c - 2362.79 147 26 386 865217 22407838 230653 27% 14 44855 3822  6%
c - 2372.42 147 24 387 871441 22523938 230742 25% 14 44855 3822  6%
c B 2378.32 147 25 387 876696 22578397 277330 25% 14 44855 3822  6%
c - 2384.66 147 24 388 880817 22640338 233682 25% 14 44855 3822  6%
c 
c   seconds     reductions           redundant    irredundant
c            MB       restarts               trail      variables
c             level          conflicts           glue        remaining
c 
c - 2392.24 147 21 389 886630 22757038 231261 25% 13 44855 3822  6%
c s 2395.20 147 22 389 889450 22778790 249098 25% 14 44850 3822  6%
c w 2395.57 147 22 389 889450 22778790 249093 25% 14 44850 3822  6%
c s 2396.23 147 22 389 889450 22778790 249028 25% 14 44850 3822  6%
c W 2398.36 147 22 389 890282 22791398 259059 25% 14 44850 3822  6%
c 3 2398.71 147 22 389 890384 22800078 267813 24% 14 44850 3822  6%
c p 2398.82 147 22 389 890384 22800078 268669 24% 14 44850 3822  6%
c - 2406.69 147 23 390 896775 22874040 229609 25% 14 44850 3822  6%
c - 2416.82 147 23 391 906170 22991340 229865 24% 14 44850 3822  6%
c # 2417.57 147 23 391 906636 23005401 241738 24% 14 44850 3822  6%
c - 2424.31 147 23 392 911573 23108940 229729 23% 14 44850 3822  6%
c B 2432.42 147 23 392 917528 23220404 324418 24% 14 44850 3822  6%
c - 2433.49 147 23 393 917866 23226842 230717 24% 14 44850 3822  6%
c s 2437.14 147 24 393 919489 23261959 260761 24% 14 44846 3822  6%
c w 2437.52 147 24 393 919489 23261959 260760 24% 14 44846 3822  6%
c t 2437.52 147 24 393 919489 23261959 260759 24% 14 44846 3822  6%
c s 2438.06 147 24 393 919489 23261959 260682 24% 14 44846 3822  6%
c d 2440.28 147 24 393 920611 23280078 276667 24% 14 44846 3821  6%
c 3 2440.30 147 24 393 920611 23280078 277981 24% 14 44846 3821  6%
c p 2440.42 147 24 393 920611 23280078 278844 24% 14 44846 3821  6%
c 
c   seconds     reductions           redundant    irredundant
c            MB       restarts               trail      variables
c             level          conflicts           glue        remaining
c 
c - 2444.20 147 23 394 924855 23345044 231621 23% 14 44846 3821  6%
c W 2450.49 147 21 394 928610 23436405 305576 24% 14 44846 3821  6%
c - 2453.40 147 21 395 931157 23463544 227807 24% 13 44846 3821  6%
c - 2467.36 147 26 396 943530 23582344 237838 25% 14 44846 3821  6%
c F 2473.77 147 25 396 947039 23653407 298720 24% 14 44846 3821  6%
c - 2480.10 147 25 397 949217 23701445 240912 25% 14 44846 3821  6%
c s 2486.77 147 25 397 952397 23752217 282786 25% 14 44834 3821  6%
c v 2486.95 147 25 397 952397 23752217 282786 25% 14 44833 3821  6%
c w 2487.19 147 25 397 952397 23752217 282783 25% 14 44833 3821  6%
c t 2487.19 147 25 397 952397 23752217 282782 25% 14 44833 3821  6%
c s 2487.32 147 25 397 952397 23752217 282775 25% 14 44833 3821  6%
c 3 2488.07 147 24 397 952459 23765078 294066 26% 14 44833 3820  6%
c p 2488.20 147 24 397 952459 23765078 294917 26% 14 44833 3820  6%
c - 2496.01 147 24 398 955553 23820849 238554 28% 13 44833 3820  6%
c B 2501.66 147 24 398 959805 23871408 281041 26% 14 44833 3820  6%
c - 2509.78 147 24 399 967155 23940550 241536 25% 14 44833 3820  6%
c - 2519.76 147 21 400 975088 24060550 238662 22% 13 44833 3820  6%
c W 2523.36 147 22 400 976878 24090411 263111 22% 13 44833 3820  6%
c - 2536.38 147 24 401 983598 24180852 245752 25% 13 44833 3820  6%
c s 2543.87 147 25 401 989650 24249574 304997 25% 14 44832 3820  6%
c 
c   seconds     reductions           redundant    irredundant
c            MB       restarts               trail      variables
c             level          conflicts           glue        remaining
c 
c w 2544.33 147 25 401 989650 24249574 304991 25% 14 44832 3820  6%
c s 2544.49 147 25 401 989650 24249574 304989 25% 14 44832 3820  6%
c 3 2545.18 147 25 401 990581 24255083 311295 25% 14 44832 3820  6%
c p 2545.33 147 25 401 990581 24255083 312139 25% 14 44832 3820  6%
c - 2550.74 147 24 402 993271 24301452 247312 25% 14 44832 3820  6%
c # 2551.79 147 24 402 993782 24310417 254945 26% 14 44832 3820  6%
c - 2562.61 147 23 403 1001189 24422352 244281 25% 14 44832 3820  6%
c B 2573.29 147 24 403 1011443 24531418 337935 24% 14 44832 3820  6%
c - 2574.51 147 24 404 1011749 24543553 243512 24% 14 44832 3820  6%
c - 2587.63 147 24 405 1018208 24665056 247182 24% 14 44832 3820  6%
c 3 2595.10 147 23 405 1024399 24750085 322023 23% 13 44832 3820  6%
c p 2595.26 147 23 405 1024399 24750085 322847 23% 13 44832 3820  6%
c W 2596.98 147 23 405 1024830 24753419 325551 23% 13 44832 3820  6%
c s 2597.68 147 23 405 1024940 24754084 325604 23% 13 44815 3820  6%
c v 2597.87 147 23 405 1024940 24754084 325604 23% 13 44814 3820  6%
c w 2598.18 147 23 405 1024940 24754084 325598 23% 13 44814 3820  6%
c e 2598.20 147 23 405 1024940 24754084 325289 23% 13 44821 3819  6%
c s 2598.34 147 23 405 1024940 24754084 325276 23% 13 44821 3819  6%
c - 2603.73 156 23 406 1027890 24786857 248385 24% 13 44821 3819  6%
c - 2619.24 156 24 407 1039445 24908957 251541 24% 14 44821 3819  6%
c 
c   seconds     reductions            redundant    irredundant
c            MB        restarts               trail      variables
c             level           conflicts           glue        remaining
c 
c F 2627.77 156 23 407 1042900 24976422 307969 25% 13 44821 3819  6%
c - 2635.45 156 25 408 1049557 25031358 253047 25% 14 44821 3819  6%
c - 2645.96 156 25 409 1059451 25154060 252592 24% 15 44821 3819  6%
c B 2650.73 156 25 409 1061478 25200425 291333 24% 15 44821 3819  6%
c 3 2655.94 156 25 409 1064636 25250085 334768 24% 14 44821 3819  6%
c p 2656.12 156 25 409 1064636 25250085 335574 24% 14 44821 3819  6%
c s 2659.55 156 25 409 1066021 25265706 348885 25% 14 44819 3819  6%
c v 2659.75 156 25 409 1066021 25265706 348885 25% 14 44807 3819  6%
c w 2660.01 156 25 409 1066021 25265706 348879 25% 14 44807 3819  6%
c e 2660.03 156 25 409 1066021 25265706 348439 25% 14 44823 3818  6%
c s 2660.22 156 25 409 1066021 25265706 348430 25% 14 44823 3818  6%
c - 2661.69 156 25 410 1066694 25277060 249049 25% 14 44823 3818  6%
c - 2670.96 156 21 411 1070013 25400360 247569 25% 14 44823 3818  6%
c W 2674.60 156 23 411 1071957 25425428 269990 25% 14 44823 3818  6%
c - 2686.19 156 24 412 1081373 25523960 251045 24% 14 44823 3818  6%
c - 2696.86 156 22 413 1086496 25647863 249048 25% 13 44823 3818  6%
c # 2696.94 156 22 413 1087361 25651429 251960 24% 14 44823 3818  6%
c 3 2706.30 156 21 413 1093779 25755086 340213 25% 13 44823 3818  6%
c p 2706.45 156 21 413 1093779 25755086 341029 25% 13 44823 3818  6%
c - 2707.79 156 21 414 1094729 25772063 249590 25% 13 44823 3818  6%
c 
c   seconds     reductions            redundant    irredundant
c            MB        restarts               trail      variables
c             level           conflicts           glue        remaining
c 
c s 2709.03 156 21 414 1095664 25784496 260176 25% 13 44817 3818  6%
c v 2709.20 156 21 414 1095664 25784496 260176 25% 13 44816 3818  6%
c w 2709.45 156 21 414 1095664 25784496 260174 25% 13 44816 3818  6%
c e 2709.47 156 21 414 1095664 25784496 258623 25% 13 44832 3817  6%
c s 2709.61 156 21 414 1095664 25784496 258620 25% 13 44832 3817  6%
c B 2717.41 156 21 414 1101667 25878431 336164 24% 13 44832 3817  6%
c - 2719.26 156 21 415 1102386 25896564 248035 24% 13 44832 3817  6%
c - 2731.66 156 22 416 1114030 26021364 250565 24% 14 44832 3817  6%
c W 2740.42 156 23 416 1123504 26106432 320977 22% 14 44832 3817  6%
c - 2745.02 156 24 417 1126058 26146464 249070 23% 15 44832 3817  6%
c 3 2756.65 156 24 417 1132838 26265086 352105 23% 14 44832 3817  6%
c 2 2756.69 156 24 417 1132838 26265086 352104 23% 14 44832 3817  6%
c p 2756.80 156 24 417 1132838 26265086 352929 23% 14 44832 3817  6%
c - 2757.53 156 24 418 1133159 26271866 251688 24% 14 44832 3817  6%
c s 2762.45 156 25 418 1135873 26310491 284351 24% 14 44831 3817  6%
c v 2762.63 156 25 418 1135873 26310491 284351 24% 14 44817 3817  6%
c w 2762.94 156 25 418 1135873 26310491 284343 24% 14 44817 3817  6%
c s 2763.14 156 25 418 1135873 26310491 284337 24% 14 44815 3817  6%
c F 2766.05 156 25 418 1137443 26335435 305647 24% 14 44815 3817  6%
c - 2772.75 156 25 419 1140679 26397566 256057 24% 14 44815 3817  6%
c 
c   seconds     reductions            redundant    irredundant
c            MB        restarts               trail      variables
c             level           conflicts           glue        remaining
c 
c - 2782.32 156 22 420 1146065 26523566 248176 24% 14 44815 3817  6%
c B 2785.11 156 21 420 1148230 26565438 283092 24% 14 44815 3817  6%
c - 2795.11 156 21 421 1152604 26649866 252702 26% 13 44815 3817  6%
c - 2810.94 156 25 422 1164167 26776466 260589 26% 14 44815 3817  6%
c 3 2811.10 156 25 422 1164253 26780086 264740 26% 14 44815 3817  6%
c 3 2811.11 156 25 422 1164253 26780086 265163 26% 14 44815 3817  6%
c p 2811.23 156 25 422 1164253 26780086 266016 26% 14 44815 3817  6%
c W 2813.88 156 24 422 1164878 26796439 280040 25% 14 44815 3817  6%
c s 2817.84 156 23 422 1166342 26843512 319007 24% 13 44815 3817  6%
c w 2818.38 156 23 422 1166342 26843512 319003 24% 13 44815 3817  6%
c s 2818.77 156 23 422 1166342 26843512 318896 24% 13 44812 3817  6%
c - 2822.28 156 20 423 1169308 26903366 257411 25% 13 44812 3817  6%
c # 2832.60 156 19 423 1180952 27028442 361582 23% 13 44812 3817  6%
c - 2833.36 156 19 424 1181426 27030569 252941 23% 13 44812 3817  6%
c - 2847.43 156 22 425 1193964 27158072 259253 24% 14 44812 3817  6%
c B 2856.19 156 22 425 1202569 27261443 345865 23% 14 44812 3817  6%
c - 2860.89 156 24 426 1204223 27285873 258219 24% 14 44812 3817  6%
c 3 2862.69 156 24 426 1205409 27300086 272158 24% 14 44812 3817  6%
c p 2862.81 156 24 426 1205409 27300086 272977 24% 14 44812 3817  6%
c s 2871.95 156 23 426 1208447 27383625 342041 26% 13 44812 3817  6%
c 
c   seconds     reductions            redundant    irredundant
c            MB        restarts               trail      variables
c             level           conflicts           glue        remaining
c 
c v 2872.15 156 23 426 1208447 27383625 342041 26% 13 44807 3817  6%
c w 2872.54 156 23 426 1208447 27383625 342036 26% 13 44807 3817  6%
c t 2872.54 156 23 426 1208447 27383625 342035 26% 13 44807 3817  6%
c s 2872.86 156 23 426 1208447 27383625 341991 26% 13 44807 3817  6%
c - 2875.45 156 23 427 1211764 27413973 261130 25% 14 44807 3817  6%
c W 2884.70 156 24 427 1218312 27495445 330902 26% 14 44807 3817  6%
c - 2888.89 156 23 428 1219542 27542374 261089 26% 13 44807 3817  6%
c - 2899.32 156 23 429 1228768 27671075 261392 24% 14 44807 3817  6%
c F 2904.54 156 23 429 1232125 27730446 312178 24% 14 44807 3817  6%
c - 2910.79 156 23 430 1238452 27800075 258179 23% 14 44807 3817  6%
c 3 2913.46 156 23 430 1241175 27825086 280346 23% 14 44807 3817  6%
c 2 2913.49 156 23 430 1241175 27825086 280345 23% 14 44807 3817  6%
c p 2913.59 156 23 430 1241175 27825086 281152 23% 14 44807 3817  6%
c - 2929.16 160 24 431 1247811 27929378 264713 26% 14 44807 3817  6%
c s 2930.29 160 24 431 1247962 27930820 265764 26% 14 44807 3817  6%
c v 2930.50 160 24 431 1247962 27930820 265764 26% 14 44806 3817  6%
c w 2930.84 160 24 431 1247962 27930820 265755 26% 14 44806 3817  6%
c s 2931.17 160 24 431 1247962 27930820 265731 26% 14 44799 3817  6%
c B 2936.05 160 25 431 1250464 27966448 297185 26% 14 44799 3817  6%
c - 2947.33 184 24 432 1254618 28058979 268105 26% 14 44799 3817  6%
c 
c   seconds     reductions            redundant    irredundant
c            MB        restarts               trail      variables
c             level           conflicts           glue        remaining
c 
c - 2960.07 184 24 433 1264770 28188880 266353 25% 14 44799 3817  6%
c W 2962.54 184 24 433 1264996 28203449 278735 25% 14 44799 3817  6%
c - 2976.64 184 24 434 1273783 28319080 269454 24% 14 44799 3817  6%
c 3 2980.02 184 23 434 1276004 28355086 301551 24% 14 44799 3817  6%
c p 2980.16 184 23 434 1276004 28355086 302330 24% 14 44799 3817  6%
c # 2990.60 184 24 434 1282483 28441451 378645 26% 14 44799 3817  6%
c - 2991.32 187 24 435 1282672 28449582 270418 25% 14 44799 3817  6%
c s 2996.30 187 25 435 1287317 28485082 300578 25% 14 44799 3817  6%
c v 2996.49 187 25 435 1287317 28485082 300578 25% 14 44793 3817  6%
c w 2996.82 187 25 435 1287317 28485082 300574 25% 14 44793 3817  6%
c t 2996.82 187 25 435 1287317 28485082 300573 25% 14 44793 3817  6%
c s 2997.15 187 25 435 1287317 28485082 300533 25% 14 44793 3817  6%
c - 3007.41 187 24 436 1293146 28580383 271043 24% 14 44793 3817  6%
c B 3017.34 187 23 436 1298768 28680453 356728 25% 14 44793 3817  6%
c - 3022.93 187 25 437 1302426 28711483 271318 26% 14 44793 3817  6%
c - 3038.95 187 26 438 1313211 28842883 272062 24% 15 44793 3817  6%
c 3 3043.63 187 25 438 1315005 28890089 313423 24% 14 44793 3817  6%
c 2 3043.66 187 25 438 1315005 28890089 313422 24% 14 44793 3817  6%
c p 3043.77 187 25 438 1315005 28890089 314184 24% 14 44793 3817  6%
c W 3048.43 187 24 438 1315984 28920457 341002 25% 14 44793 3817  6%
c 
c   seconds     reductions            redundant    irredundant
c            MB        restarts               trail      variables
c             level           conflicts           glue        remaining
c 
c - 3055.06 187 24 439 1319855 28974585 273403 24% 14 44793 3817  6%
c s 3064.10 187 24 439 1325904 29046419 335273 24% 14 44792 3817  6%
c w 3064.70 187 24 439 1325904 29046419 335268 24% 14 44792 3817  6%
c s 3065.06 187 24 439 1325904 29046419 335252 24% 14 44786 3817  6%
c - 3069.37 109 23 440 1330623 29106586 276047 23% 14 44786 3817  6%
c F 3073.65 109 22 440 1333313 29161459 323226 23% 14 44786 3817  6%
c - 3083.63 139 23 441 1340899 29238886 275160 23% 14 44786 3817  6%
c - 3101.69 163 23 442 1349339 29371486 273030 24% 14 44786 3817  6%
c B 3105.42 163 24 442 1351452 29403461 301286 24% 14 44786 3817  6%
c 3 3108.38 163 24 442 1355535 29430089 325696 24% 14 44786 3817  6%
c p 3108.52 163 24 442 1355535 29430089 326490 24% 14 44786 3817  6%
c - 3116.12 163 22 443 1357652 29504386 277313 25% 13 44786 3817  6%
c s 3130.86 163 24 443 1369764 29614827 372174 25% 14 44786 3817  6%
c v 3131.07 163 24 443 1369764 29614827 372174 25% 14 44781 3817  6%
c w 3131.48 163 24 443 1369764 29614827 372171 25% 14 44781 3817  6%
c s 3131.87 163 24 443 1369764 29614827 372144 25% 14 44781 3817  6%
c - 3135.56 163 24 444 1370777 29637587 280122 25% 14 44781 3817  6%
c W 3137.45 163 24 444 1371118 29646463 287758 25% 14 44781 3817  6%
c - 3150.78 188 24 445 1378341 29771090 279046 25% 14 44781 3817  6%
c # 3162.11 188 21 445 1385309 29890465 382383 25% 13 44781 3817  6%
c 
c   seconds     reductions            redundant    irredundant
c            MB        restarts               trail      variables
c             level           conflicts           glue        remaining
c 
c - 3163.13 188 21 446 1385538 29904890 278091 24% 13 44781 3817  6%
c 3 3171.77 188 23 446 1392071 29975091 339999 25% 13 44781 3817  6%
c p 3171.93 188 23 446 1392071 29975091 340810 25% 13 44781 3817  6%
c - 3185.37 188 24 447 1396698 30038991 282102 25% 13 44781 3817  6%
c B 3195.63 188 22 447 1403966 30135469 362939 26% 13 44781 3817  6%
c - 3201.14 114 22 448 1406867 30173395 281344 26% 13 44781 3817  6%
c s 3203.79 120 22 448 1408607 30190313 294982 25% 14 44774 3817  6%
c w 3204.43 120 22 448 1408607 30190313 294980 25% 14 44774 3817  6%
c s 3204.81 120 22 448 1408607 30190313 294942 25% 14 44772 3817  6%
c - 3218.31 139 24 449 1420590 30308095 279956 24% 14 44772 3817  6%
c W 3224.64 139 22 449 1422654 30381471 340492 24% 14 44772 3817  6%
c - 3234.29 165 23 450 1425726 30443097 277979 26% 13 44772 3817  6%
c 3 3243.39 165 23 450 1432408 30525095 348570 26% 14 44772 3817  6%
c p 3243.55 165 23 450 1432408 30525095 349363 26% 14 44772 3817  6%
c - 3247.91 165 22 451 1437024 30578397 276555 24% 14 44772 3817  6%
c F 3252.16 165 22 451 1439360 30628473 318517 25% 14 44772 3817  6%
c - 3264.85 165 24 452 1445127 30713999 280963 26% 14 44772 3817  6%
c s 3271.92 165 24 452 1449647 30772856 329751 26% 14 44770 3817  6%
c v 3272.12 165 24 452 1449647 30772856 329751 26% 14 44763 3817  6%
c w 3272.58 165 24 452 1449647 30772856 329746 26% 14 44763 3817  6%
c 
c   seconds     reductions            redundant    irredundant
c            MB        restarts               trail      variables
c             level           conflicts           glue        remaining
c 
c s 3273.01 165 24 452 1449647 30772856 329714 26% 14 44763 3817  6%
c - 3283.71 165 24 453 1454366 30849903 282140 26% 14 44763 3817  6%
c B 3286.47 165 24 453 1456499 30876475 305055 26% 14 44763 3817  6%
c - 3303.02 192 26 454 1465942 30986103 290419 27% 14 44763 3817  6%
c 3 3313.65 192 23 454 1471420 31080097 373107 27% 14 44763 3817  6%
c p 3313.81 192 23 454 1471420 31080097 373902 27% 14 44763 3817  6%
c - 3319.99 192 23 455 1474113 31122604 290192 26% 13 44763 3817  6%
c W 3321.10 192 23 455 1474121 31125476 292427 26% 13 44763 3817  6%
c - 3335.88 112 23 456 1487673 31259404 289419 24% 14 44763 3817  6%
c s 3346.52 119 24 456 1495278 31362455 376769 24% 14 44759 3817  6%
c v 3346.73 119 24 456 1495278 31362455 376769 24% 14 44758 3817  6%
c w 3347.21 119 24 456 1495278 31362455 376760 24% 14 44758 3817  6%
c s 3347.70 119 24 456 1495278 31362455 376727 24% 14 44757 3817  6%
c # 3349.06 119 24 456 1496277 31375480 387294 24% 14 44757 3817  6%
c - 3351.58 141 24 457 1497155 31396504 284467 23% 14 44757 3817  6%
c - 3363.93 141 23 458 1504302 31533905 280972 24% 14 44757 3817  6%
c B 3371.45 141 22 458 1510475 31626481 361864 24% 13 44757 3817  6%
c 3 3373.66 141 22 458 1511229 31640097 375745 25% 13 44757 3817  6%
c p 3373.86 141 22 458 1511229 31640097 376552 25% 13 44757 3817  6%
c - 3377.81 142 23 459 1515345 31671605 283687 24% 14 44757 3817  6%
c 
c   seconds     reductions            redundant    irredundant
c            MB        restarts               trail      variables
c             level           conflicts           glue        remaining
c 
c - 3393.90 166 24 460 1525326 31809608 287185 26% 14 44757 3817  6%
c W 3401.84 166 23 460 1528185 31878482 345277 27% 14 44757 3817  6%
c - 3409.68 166 23 461 1532362 31947909 288104 26% 13 44757 3817  6%
c s 3411.39 166 22 461 1532386 31959126 296808 26% 13 44755 3817  6%
c v 3411.58 166 22 461 1532386 31959126 296808 26% 13 44749 3817  6%
c w 3411.96 166 22 461 1532386 31959126 296791 26% 13 44749 3817  6%
c s 3412.55 166 22 461 1532386 31959126 296687 26% 13 44749 3817  6%
c - 3430.36 167 23 462 1543538 32086510 293172 25% 13 44749 3817  6%
c F 3435.91 167 22 462 1546407 32131486 331114 26% 13 44749 3817  6%
c 3 3445.50 167 23 462 1552570 32205100 395184 26% 14 44749 3817  6%
c p 3445.68 167 23 462 1552570 32205100 395990 26% 14 44749 3817  6%
c - 3448.33 194 23 463 1553945 32225411 294762 25% 14 44749 3817  6%
c - 3463.97 194 25 464 1565480 32364614 292195 24% 14 44749 3817  6%
c B 3466.03 194 25 464 1566076 32385487 309631 24% 14 44749 3817  6%
c - 3482.33 194 24 465 1573144 32504114 289602 25% 14 44749 3817  6%
c s 3488.03 194 22 465 1577466 32562856 335968 25% 14 44749 3817  6%
c v 3488.23 194 22 465 1577466 32562856 335968 25% 14 44746 3817  6%
c w 3488.74 194 22 465 1577466 32562856 335962 25% 14 44746 3817  6%
c t 3488.74 194 22 465 1577466 32562856 335961 25% 14 44746 3817  6%
c s 3489.29 194 22 465 1577466 32562856 335912 25% 14 44733 3817  6%
c 
c   seconds     reductions            redundant    irredundant
c            MB        restarts               trail      variables
c             level           conflicts           glue        remaining
c 
c e 3489.30 194 22 465 1577466 32562856 333551 25% 14 44765 3815  6%
c W 3498.17 194 22 465 1583954 32640488 400105 24% 14 44765 3815  6%
c - 3499.19 194 23 466 1584434 32643915 288681 24% 14 44765 3815  6%
c } 3514.97 194 22 466 1591529 32767009 394545 26% 13 44765 3815  6%
c [ 3514.97 194 46 466 1591529 32767009 394545 44% 32 44765 3815  6%
c 3 3515.63 194 44 466 1591529 32775101 403324 43% 31 44765 3815  6%
c p 3515.82 194 44 466 1591529 32775101 404141 43% 31 44765 3815  6%
c - 3516.94 194 50 467 1591529 32784016 293596 44% 33 44765 3815  6%
c B 3534.64 194 88 467 1591529 32896492 401706 49% 54 44765 3815  6%
c - 3540.18 204 85 468 1591529 32924419 305827 50% 54 44765 3815  6%
c - 3571.28 196 78 469 1591529 33065119 300140 50% 59 44765 3815  6%
c W 3589.74 196 76 469 1591529 33153493 382153 50% 59 44765 3815  6%
c s 3595.41 202 78 469 1591529 33173906 400718 50% 61 44763 3815  6%
c v 3595.67 202 78 469 1591529 33173906 400718 50% 61 44760 3815  6%
c w 3596.63 202 78 469 1591529 33173906 400716 50% 61 44760 3815  6%
c s 3597.05 202 78 469 1591529 33173906 400707 50% 61 44760 3815  6%
c - 3606.81 201 77 470 1591529 33206119 305937 50% 59 44760 3815  6%
c - 3642.43 191 73 471 1591529 33347419 298433 50% 58 44760 3815  6%
c 3 3643.22 191 73 471 1591529 33350106 301666 49% 58 44760 3815  6%
c p 3643.38 191 73 471 1591529 33350106 302631 49% 58 44760 3815  6%
c 
c   seconds     reductions            redundant    irredundant
c            MB        restarts               trail      variables
c             level           conflicts           glue        remaining
c 
c O 3659.22 191 73 471 1591529 33411497 353917 50% 60 44760 3815  6%
c - 3668.54 185 51 472 1591529 33489019 305617 41% 39 44760 3815  6%
c - 3689.77 182 40 473 1591560 33630922 297405 43% 30 44760 3815  6%
c B 3696.40 182 38 473 1591578 33670499 331898 44% 29 44760 3815  6%
c - 3712.01 191 58 474 1591606 33773123 300978 47% 42 44760 3815  6%
c - 3739.56 194 60 475 1591654 33915626 289952 50% 47 44760 3815  6%
c 3 3742.91 194 60 475 1591655 33930109 303489 50% 47 44760 3815  6%
c p 3743.10 194 60 475 1591655 33930109 304459 50% 47 44760 3815  6%
c W 3744.24 194 60 475 1591655 33930501 304772 50% 47 44760 3815  6%
c - 3766.43 188 63 476 1591677 34058428 295635 49% 48 44760 3815  6%
c I 3790.01 188 59 476 1591719 34191502 414030 47% 45 44760 3815  6%
c - 3791.84 183 60 477 1591719 34201533 300759 48% 45 44760 3815  6%
c - 3815.72 188 59 478 1591772 34344934 296128 50% 44 44760 3815  6%
c B 3841.51 188 56 478 1591783 34453504 389796 51% 46 44760 3815  6%
c - 3850.65 189 53 479 1591784 34488635 298386 52% 42 44760 3815  6%
c 3 3856.02 189 51 479 1591784 34515109 324093 52% 41 44760 3815  6%
c p 3856.21 189 51 479 1591784 34515109 325067 52% 41 44760 3815  6%
c s 3860.77 189 53 479 1591784 34540556 347826 52% 42 44760 3815  6%
c v 3861.05 189 53 479 1591784 34540556 347826 52% 42 44758 3815  6%
c w 3862.60 189 53 479 1591784 34540556 347798 52% 42 44758 3815  6%
c 
c   seconds     reductions            redundant    irredundant
c            MB        restarts               trail      variables
c             level           conflicts           glue        remaining
c 
c s 3862.94 189 53 479 1591784 34540556 347664 52% 42 44758 3815  6%
c - 3883.08 187 52 480 1591795 34632635 299702 52% 41 44758 3815  6%
c W 3905.48 187 47 480 1591827 34716507 370957 51% 39 44758 3815  6%
c - 3920.55 185 49 481 1591846 34776936 299045 51% 39 44758 3815  6%
c - 3954.11 190 51 482 1591892 34921536 297020 50% 43 44758 3815  6%
c O 3969.06 190 50 482 1591910 34980509 344688 50% 43 44758 3815  6%
c - 3980.50 192 52 483 1591911 35066436 303530 50% 38 44758 3815  6%
c 3 3987.21 192 53 483 1591925 35105109 340399 50% 38 44758 3815  6%
c p 3987.41 192 53 483 1591925 35105109 341384 50% 38 44758 3815  6%
c s 4000.71 192 60 483 1591945 35165777 395640 52% 43 44758 3815  6%
c v 4000.99 192 60 483 1591945 35165777 395640 52% 43 44754 3815  6%
c w 4001.66 192 60 483 1591945 35165777 395620 52% 43 44754 3815  6%
c s 4002.03 192 60 483 1591945 35165777 395588 52% 43 44754 3815  6%
c - 4012.67 201 63 484 1591967 35211637 304073 53% 44 44754 3815  6%
c B 4020.92 201 61 484 1591973 35245510 334717 53% 43 44754 3815  6%
c - 4045.71 199 62 485 1592005 35357137 309843 51% 42 44754 3815  6%
c - 4078.74 201 65 486 1592038 35502937 308410 52% 47 44754 3815  6%
c W 4081.52 201 65 486 1592038 35511511 316283 52% 47 44754 3815  6%
c - 4117.00 208 73 487 1592039 35649038 313437 52% 56 44754 3815  6%
c d 4128.64 208 74 487 1592040 35700111 359240 52% 57 44754 3814  6%
c 
c   seconds     reductions            redundant    irredundant
c            MB        restarts               trail      variables
c             level           conflicts           glue        remaining
c 
c 3 4128.67 208 74 487 1592040 35700111 360440 52% 57 44754 3814  6%
c p 4128.94 208 74 487 1592040 35700111 361392 52% 57 44754 3814  6%
c I 4153.72 208 72 487 1592040 35778512 423504 51% 58 44754 3814  6%
c - 4156.76 198 69 488 1592040 35795439 307101 51% 55 44754 3814  6%
c s 4157.78 200 69 488 1592040 35798083 309436 51% 54 44754 3814  6%
c w 4158.50 200 69 488 1592040 35798083 309366 51% 54 44754 3814  6%
c s 4158.87 200 69 488 1592040 35798083 309047 51% 54 44754 3814  6%
c - 4183.57 191 60 489 1592040 35942139 301895 48% 47 44754 3814  6%
c B 4207.31 191 59 489 1592083 36046513 395180 48% 46 44754 3814  6%
c - 4215.27 201 63 490 1592101 36089139 313407 50% 47 44754 3814  6%
c - 4248.13 205 61 491 1592141 36236439 316220 52% 44 44754 3814  6%
c 3 4262.62 205 65 491 1592165 36300111 374610 50% 48 44754 3814  6%
c p 4262.89 205 65 491 1592165 36300111 375565 50% 48 44754 3814  6%
c W 4268.31 205 64 491 1592166 36315514 389478 49% 48 44754 3814  6%
c - 4277.52 190 64 492 1592167 36384039 311289 47% 46 44754 3814  6%
c s 4287.00 190 66 492 1592182 36437560 358045 47% 49 44754 3814  6%
c v 4287.26 190 66 492 1592182 36437560 358045 47% 49 44753 3814  6%
c w 4287.89 190 66 492 1592182 36437560 357981 47% 49 44753 3814  6%
c s 4288.39 190 66 492 1592182 36437560 357619 47% 49 44753 3814  6%
c - 4306.51 190 63 493 1592217 36531943 306440 50% 47 44753 3814  6%
c 
c   seconds     reductions            redundant    irredundant
c            MB        restarts               trail      variables
c             level           conflicts           glue        remaining
c 
c O 4316.15 190 63 493 1592230 36585515 353769 49% 48 44753 3814  6%
c - 4330.22 184 48 494 1592261 36680145 303828 47% 36 44753 3814  6%
c - 4359.42 184 42 495 1592294 36828645 300904 46% 34 44753 3814  6%
c B 4365.16 184 41 495 1592294 36856517 323615 46% 33 44753 3814  6%
c 3 4372.32 184 53 495 1592295 36905111 370223 47% 38 44753 3814  6%
c p 4372.58 184 53 495 1592295 36905111 371201 47% 38 44753 3814  6%
c - 4385.94 197 52 496 1592295 36977447 312571 49% 37 44753 3814  6%
c - 4422.62 198 58 497 1592342 37126547 315926 50% 41 44753 3814  6%
c W 4424.22 198 58 497 1592343 37128518 317728 50% 41 44753 3814  6%
c - 4454.50 195 66 498 1592388 37275948 312537 50% 48 44753 3814  6%
c I 4481.38 195 71 498 1592421 37401520 419541 50% 56 44753 3814  6%
c - 4484.80 192 70 499 1592422 37425648 311423 49% 51 44753 3814  6%
c 3 4499.25 192 70 499 1592442 37515113 397114 51% 47 44753 3814  6%
c p 4499.49 192 70 499 1592442 37515113 398067 51% 47 44753 3814  6%
c - 4511.12 203 68 500 1592463 37575648 314709 51% 47 44753 3814  6%
c B 4530.78 203 68 500 1592485 37675521 404995 52% 51 44753 3814  6%
c - 4543.06 207 65 501 1592511 37725951 310764 53% 50 44753 3814  6%
c - 4576.93 203 66 502 1592549 37876552 308725 55% 53 44753 3814  6%
c W 4596.37 203 65 502 1592550 37950524 372501 55% 55 44753 3814  6%
c - 4618.59 203 63 503 1592550 38027453 310561 54% 54 44753 3814  6%
c 
c   seconds     reductions            redundant    irredundant
c            MB        restarts               trail      variables
c             level           conflicts           glue        remaining
c 
c 3 4644.18 203 60 503 1592551 38130113 392249 55% 53 44753 3814  6%
c p 4644.42 203 60 503 1592551 38130113 393223 55% 53 44753 3814  6%
c - 4658.05 199 59 504 1592551 38178654 306930 55% 52 44753 3814  6%
c O 4668.05 199 59 504 1592551 38226528 344218 55% 51 44753 3814  6%
c - 4683.72 193 42 505 1592551 38330154 315146 44% 32 44753 3814  6%
c - 4707.55 177 36 506 1592552 38481954 320962 32% 26 44753 3814  6%
c B 4709.58 177 36 506 1592552 38503530 341451 32% 25 44753 3814  6%
c - 4730.50 198 73 507 1592552 38634058 325062 41% 45 44753 3814  6%
c 3 4759.67 198 79 507 1592552 38750116 437262 44% 51 44753 3814  6%
c p 4759.95 198 79 507 1592552 38750116 438246 44% 51 44753 3814  6%
c W 4767.65 198 80 507 1592552 38781531 467648 44% 54 44753 3814  6%
c - 4768.94 208 80 508 1592552 38786458 340036 44% 54 44753 3814  6%
c - 4798.46 193 73 509 1592583 38939158 325778 46% 51 44753 3814  6%
c I 4812.08 193 55 509 1592615 39060532 427790 36% 39 44753 3814  6%
c - 4816.84 182 61 510 1592629 39092158 311616 40% 40 44753 3814  6%
c - 4838.33 179 53 511 1592678 39245459 310672 45% 38 44753 3814  6%
c B 4856.37 179 50 511 1592682 39340535 392262 46% 39 44753 3814  6%
c 3 4864.67 179 49 511 1592699 39375118 423504 46% 39 44753 3814  6%
c p 4864.91 179 49 511 1592699 39375118 424463 46% 39 44753 3814  6%
c - 4871.31 180 49 512 1592709 39399061 316677 47% 38 44753 3814  6%
c 
c   seconds     reductions            redundant    irredundant
c            MB        restarts               trail      variables
c             level           conflicts           glue        remaining
c 
c - 4901.81 182 46 513 1592753 39552962 311242 47% 37 44753 3814  6%
c W 4913.77 182 51 513 1592775 39621536 371821 47% 39 44753 3814  6%
c - 4934.45 183 51 514 1592805 39707162 312794 47% 41 44753 3814  6%
c s 4935.11 183 51 514 1592805 39707162 312630 47% 41 44753 3814  6%
c w 4937.80 183 51 514 1592805 39707162 312548 47% 41 44753 3814  6%
c - 4971.33 181 49 515 1592807 39861662 313927 47% 40 44753 3814  6%
c O 4979.54 181 49 515 1592807 39903537 349715 48% 40 44753 3814  6%
c 3 4993.64 181 43 515 1592838 40005118 442179 44% 34 44753 3814  6%
c p 4993.88 181 43 515 1592838 40005118 443144 44% 34 44753 3814  6%
c - 4995.93 186 43 516 1592838 40016465 321334 44% 34 44753 3814  6%
c - 5028.77 185 44 517 1592888 40171565 317904 45% 35 44753 3814  6%
c B 5032.61 185 44 517 1592897 40186538 330323 45% 35 44753 3814  6%
c - 5056.07 197 58 518 1592933 40326965 322151 49% 44 44753 3814  6%
c W 5090.67 197 63 518 1592965 40470539 446203 49% 50 44753 3814  6%
c - 5094.12 198 63 519 1592965 40482668 321760 49% 50 44753 3814  6%
c - 5125.04 194 63 520 1593016 40638668 322166 49% 48 44753 3814  6%
c 3 5125.41 194 63 520 1593018 40640121 324659 49% 48 44753 3814  6%
c p 5125.59 194 63 520 1593018 40640121 325631 49% 48 44753 3814  6%
c I 5149.69 194 62 520 1593059 40755541 428238 50% 47 44753 3814  6%
c - 5156.23 200 60 521 1593060 40794972 328618 51% 43 44753 3814  6%
c 
c   seconds     reductions            redundant    irredundant
c            MB        restarts               trail      variables
c             level           conflicts           glue        remaining
c 
c - 5187.24 221 59 522 1593062 40951572 333201 53% 44 44753 3814  6%
c B 5207.72 221 62 522 1593063 41041542 418096 54% 46 44753 3814  6%
c - 5222.96 232 63 523 1593063 41108472 339689 54% 47 44753 3814  6%
c - 5261.45 225 65 524 1593064 41265672 344058 51% 49 44753 3814  6%
c 3 5264.19 225 66 524 1593072 41280122 358455 52% 49 44753 3814  6%
c p 5264.40 225 66 524 1593072 41280122 359417 52% 49 44753 3814  6%
c W 5276.50 225 64 524 1593093 41328546 401516 52% 49 44753 3814  6%
c - 5295.77 220 64 525 1593125 41423173 338164 53% 47 44753 3814  6%
c - 5331.50 223 58 526 1593172 41580974 337854 54% 45 44753 3814  6%
c O 5338.38 223 56 526 1593188 41616548 368464 55% 44 44753 3814  6%
c - 5349.31 191 44 527 1593196 41739074 332852 37% 30 44753 3814  6%
c - 5363.44 182 44 528 1593253 41897476 322332 35% 29 44753 3814  6%
c B 5364.31 182 45 528 1593253 41905549 329430 35% 29 44753 3814  6%
c 3 5366.54 182 52 528 1593253 41925122 349366 39% 33 44753 3814  6%
c p 5366.73 182 52 528 1593253 41925122 350327 39% 33 44753 3814  6%
c - 5388.75 214 57 529 1593306 42056176 328473 49% 41 44753 3814  6%
c W 5423.68 214 52 529 1593317 42195550 448617 50% 41 44753 3814  6%
c - 5428.67 203 52 530 1593318 42215177 325397 50% 41 44753 3814  6%
c - 5468.39 203 49 531 1593340 42374478 326131 50% 40 44753 3814  6%
c I 5493.59 203 48 531 1593380 42486551 417520 48% 40 44753 3814  6%
c 
c   seconds     reductions            redundant    irredundant
c            MB        restarts               trail      variables
c             level           conflicts           glue        remaining
c 
c - 5501.80 200 57 532 1593385 42534078 332213 48% 44 44753 3814  6%
c 3 5508.92 200 58 532 1593404 42575124 368892 49% 45 44753 3814  6%
c p 5509.11 200 58 532 1593404 42575124 369854 49% 45 44753 3814  6%
c - 5535.12 201 60 533 1593443 42693979 323639 50% 47 44753 3814  6%
c B 5551.72 201 62 533 1593445 42778552 399024 50% 48 44753 3814  6%
c - 5565.10 212 58 534 1593475 42854179 332638 51% 43 44753 3814  6%
c - 5593.00 206 54 535 1593521 43014680 335174 50% 38 44753 3814  6%
c s 5593.33 206 54 535 1593521 43014680 335091 50% 38 44753 3814  6%
c w 5596.00 206 54 535 1593521 43014680 334903 50% 38 44753 3814  6%
c W 5607.95 206 54 535 1593539 43071553 386748 50% 38 44753 3814  6%
c - 5632.39 205 49 536 1593571 43175480 336342 52% 36 44753 3814  6%
c 3 5643.54 205 51 536 1593572 43230125 388898 53% 38 44753 3814  6%
c p 5643.76 205 51 536 1593572 43230125 389858 53% 38 44753 3814  6%
c - 5669.38 218 51 537 1593573 43336582 341136 54% 38 44753 3814  6%
c O 5675.95 218 50 537 1593573 43365555 367068 53% 38 44753 3814  6%
c - 5693.50 204 38 538 1593574 43497983 345566 44% 25 44753 3814  6%
c - 5722.73 209 37 539 1593575 43659683 350361 44% 25 44753 3814  6%
c B 5722.91 209 37 539 1593575 43660557 351207 44% 25 44753 3814  6%
c - 5753.39 219 64 540 1593575 43821683 342824 48% 47 44753 3814  6%
c 3 5769.13 219 68 540 1593575 43890127 407950 48% 52 44753 3814  6%
c 
c   seconds     reductions            redundant    irredundant
c            MB        restarts               trail      variables
c             level           conflicts           glue        remaining
c 
c p 5769.40 219 68 540 1593575 43890127 408904 48% 52 44753 3814  6%
c W 5784.59 219 65 540 1593575 43956560 471836 51% 50 44753 3814  6%
c - 5791.22 229 64 541 1593575 43983983 350696 52% 50 44753 3814  6%
c - 5824.46 227 63 542 1593575 44146583 349818 54% 48 44753 3814  6%
c I 5849.34 227 66 542 1593576 44253561 445239 53% 53 44753 3814  6%
c - 5859.77 217 63 543 1593576 44309483 349638 51% 49 44753 3814  6%
c - 5900.33 208 59 544 1593576 44472686 340511 50% 48 44753 3814  6%
c B 5919.14 208 58 544 1593576 44551563 410307 49% 47 44753 3814  6%
c 3 5919.67 208 59 544 1593576 44555130 414806 49% 47 44753 3814  6%
c p 5919.94 208 59 544 1593576 44555130 415750 49% 47 44753 3814  6%
c - 5935.51 211 57 545 1593576 44636188 348497 49% 45 44753 3814  6%
c - 5969.65 212 58 546 1593576 44799990 337537 50% 47 44753 3814  6%
c W 5980.12 212 57 546 1593576 44850565 380971 50% 46 44753 3814  6%
c - 6009.64 216 56 547 1593576 44964090 343457 51% 45 44753 3814  6%
c - 6056.57 213 54 548 1593576 45128490 347645 51% 44 44753 3814  6%
c O 6061.64 213 55 548 1593576 45150566 367258 51% 44 44753 3814  6%
c 3 6070.63 213 43 548 1593576 45225130 439690 45% 33 44753 3814  6%
c p 6070.89 213 43 548 1593576 45225130 440628 45% 33 44753 3814  6%
c - 6081.80 207 50 549 1593577 45293190 353318 46% 37 44753 3814  6%
c B 6114.58 207 51 549 1593577 45451567 503418 47% 39 44753 3814  6%
c 
c   seconds     reductions            redundant    irredundant
c            MB        restarts               trail      variables
c             level           conflicts           glue        remaining
c 
c - 6115.68 216 53 550 1593577 45458191 356573 47% 39 44753 3814  6%
c - 6145.58 217 78 551 1593577 45623491 347783 49% 56 44753 3814  6%
c W 6176.72 217 79 551 1593577 45753569 465865 49% 59 44753 3814  6%
c - 6186.59 218 76 552 1593577 45789091 350449 50% 58 44753 3814  6%
c 3 6221.93 218 69 552 1593577 45900133 441862 50% 57 44753 3814  6%
c p 6222.25 218 69 552 1593577 45900133 442809 50% 57 44753 3814  6%
c - 6240.32 210 68 553 1593577 45954994 338727 50% 56 44753 3814  6%
c I 6267.88 210 64 553 1593577 46056570 420994 50% 54 44753 3814  6%
c - 6276.80 216 69 554 1593577 46121198 347063 50% 51 44753 3814  6%
c - 6301.85 205 64 555 1593577 46287702 348086 42% 43 44753 3814  6%
c B 6314.85 205 63 555 1593577 46360571 416065 40% 42 44753 3814  6%
c - 6333.05 212 71 556 1593577 46454502 353841 47% 54 44753 3814  6%
c s 6333.73 212 71 556 1593577 46454502 353496 47% 54 44753 3814  6%
c w 6334.74 212 71 556 1593577 46454502 353357 47% 54 44753 3814  6%
c 3 6363.63 212 71 556 1593577 46580134 463681 52% 56 44753 3814  6%
c p 6363.91 212 71 556 1593577 46580134 464623 52% 56 44753 3814  6%
c - 6375.99 218 71 557 1593577 46621606 344588 53% 57 44753 3814  6%
c W 6387.19 218 70 557 1593577 46665572 382582 53% 56 44753 3814  6%
c - 6421.79 211 64 558 1593577 46789009 336518 53% 54 44753 3814  6%
c - 6464.73 212 65 559 1593577 46956709 336480 54% 55 44753 3814  6%
c 
c   seconds     reductions            redundant    irredundant
c            MB        restarts               trail      variables
c             level           conflicts           glue        remaining
c 
c O 6468.82 212 66 559 1593577 46971573 348238 54% 55 44753 3814  6%
c - 6487.21 194 40 560 1593577 47124709 348006 38% 29 44753 3814  6%
c 3 6508.79 194 39 560 1593577 47265135 480519 42% 26 44753 3814  6%
c 3 6508.80 194 39 560 1593577 47265135 480986 42% 26 44753 3814  6%
c p 6509.09 194 39 560 1593577 47265135 481931 42% 26 44753 3814  6%
c B 6511.56 194 41 560 1593577 47278576 494857 43% 28 44753 3814  6%
c - 6513.95 208 44 561 1593577 47293009 361003 44% 30 44753 3814  6%
c - 6550.07 223 66 562 1593608 47461611 353037 50% 49 44753 3814  6%
c W 6579.07 223 67 562 1593645 47586578 457748 50% 52 44753 3814  6%
c - 6591.21 214 68 563 1593665 47630512 343753 50% 54 44753 3814  6%
c - 6632.50 217 72 564 1593704 47799714 350641 51% 56 44753 3814  6%
c I 6653.31 217 74 564 1593729 47895580 433090 52% 59 44753 3814  6%
c 3 6661.42 217 65 564 1593749 47955136 490062 47% 47 44753 3814  6%
c p 6661.71 217 65 564 1593749 47955136 490997 47% 47 44753 3814  6%
c - 6664.09 211 65 565 1593755 47969215 355362 47% 47 44753 3814  6%
c - 6695.41 198 52 566 1593805 48139015 347437 46% 39 44753 3814  6%
c B 6708.87 198 49 566 1593829 48205581 403970 45% 38 44753 3814  6%
c - 6727.52 210 69 567 1593831 48309115 354595 48% 49 44753 3814  6%
c - 6771.41 223 70 568 1593847 48479515 363505 50% 54 44753 3814  6%
c W 6780.72 223 66 568 1593863 48516582 396234 50% 51 44753 3814  6%
c 
c   seconds     reductions            redundant    irredundant
c            MB        restarts               trail      variables
c             level           conflicts           glue        remaining
c 
c 3 6810.71 223 67 568 1593898 48650138 515784 50% 52 44753 3814  6%
c p 6811.09 223 67 568 1593898 48650138 516719 50% 52 44753 3814  6%
c - 6811.37 216 67 569 1593898 48650218 356580 50% 52 44753 3814  6%
c - 6854.91 213 59 570 1593958 48821220 348326 49% 47 44753 3814  6%
c O 6856.76 213 59 570 1593958 48828584 354399 49% 47 44753 3814  6%
c - 6882.78 211 48 571 1593990 48992522 357648 47% 34 44753 3814  6%
c ] 6888.24 211 51 571 1594005 49021865 385052 48% 36 44753 3814  6%
c ? 6888.24 211 51 571 1594005 49021865 385052 48% 36 44753 3814  6%
c 
c --- [ result ] -------------------------------------------------------------
c 
c UNKNOWN
c 
c --- [ run-time profiling ] -------------------------------------------------
c 
c process time taken by individual solving procedures
c (percentage relative to process time for solving)
c 
c      6780.52   98.44% search
c      4710.94   68.39% stable
c      1985.20   28.82% unstable
c       107.68    1.56% simplify
c        84.38    1.22% walk
c        50.10    0.73% subsume
c        34.83    0.51% vivify
c        12.18    0.18% probe
c         2.84    0.04% ternary
c         1.64    0.02% elim
c         0.04    0.00% parse
c         0.00    0.00% lucky
c   =================================
c      6888.20  100.00% solve
c 
c last line shows process time for solving
c (percentage relative to total process time)
c 
c --- [ statistics ] ---------------------------------------------------------
c 
c blocked:                       0         0.00 %  of irredundant clauses
c   blockings:                   0         0.00    internal
c   candidates:                  0         0.00    per blocking 
c   blockres:                    0         0.00    per candidate
c   pure:                        0         0.00 %  of all variables
c   pureclauses:                 0         0.00    per pure literal
c chronological:           9882137        20.16 %  of conflicts
c compacts:                      6   8170310.83    interval
c conflicts:              49021865      7116.79    per second
c   backtracked:          57764673       117.83 %  of conflicts
c conditioned:                   0         0.00 %  of irredundant clauses
c   conditionings:               0         0.00    interval
c   condcands:                   0         0.00    candidate clauses
c   condassinit:                 0.0       0.00 %  initial assigned
c   condcondinit:                0.0       0.00 %  initial condition
c   condautinit:                 0.0       0.00 %  initial autarky
c   condassrem:                  0.0       0.00 %  final assigned
c   condcondrem:                 0.000     0.00 %  final conditional
c   condautrem:                  0.000     0.00 %  final autarky
c   condprops:                   0         0.00    per candidate
c covered:                       0         0.00 %  of irredundant clauses
c   coverings:                   0         0.00    interval
c   asymmetric:                  0         0.00 %  of covered clauses
c   blocked:                     0         0.00 %  of covered clauses
c decisions:              95728433     13897.46    per second
c   searched:            347033121         3.63    per decision
c eliminated:                51815        79.46 %  of all variables
c   elimphases:                 90    544687.39    interval
c   elimrounds:                145         1.61    per phase
c   elimtried:               95540        54.23 %  eliminated
c   elimgates:               17963        18.80 %  gates per tried
c   elimequivs:                 80         0.45 %  equivalence gates
c   elimands:                17883        99.55 %  and gates
c   elimites:                    0         0.00 %  if-then-else gates
c   elimxors:                    0         0.00 %  xor gates
c   elimsubst:                1692         3.27 %  substituted
c   elimres:               1298963        25.07    per eliminated
c   elimrestried:          1216672        93.66 %  per resolution
c ext.prop. calls:               0         0.00 %  of queries
c   propagating:                 0         0.00 %  per eprop-call
c   explained:                   0         0.00 %  per eprop-call
c   falsified:                   0         0.00 %  per eprop-call
c ext.clause calls:              0         0.00 %  of queries
c   learned:                     0         0.00 %  per called
c   conflicting:                 0         0.00 %  per learned
c   propagating:                 0         0.00 %  per learned
c ext.final check:               0         0.00 %  of queries
c fixed:                      9291        14.25 %  of all variables
c   failed:                     23         0.04 %  of all variables
c   probefailed:                19        82.61 %  per failed
c   transredunits:               4        17.39 %  per failed
c   probingphases:             139    352675.29    interval
c   probesuccess:               37        26.62 %  phases
c   probingrounds:             139         1.00    per phase
c   probed:                 299705     13030.65    per failed
c   hbrs:                   235855         0.79    per probed
c   hbrsizes:               907750         3.85    per hbr
c   hbreds:                 235033        99.65 %  per hbr
c   hbrsubs:                   640         0.27 %  per hbr
c   units:                      26   1885456.35    interval
c   binaries:                 2177     22518.08    interval
c flushed:                       0         0.00 %  per conflict
c   hyper:                       0         0.00 %  per conflict
c   flushings:                   0         0.00    interval
c instantiated:                  0         0.00 %  of tried
c   instrounds:                  0         0.00 %  of elimrounds
c learned:                48055533        98.03 %  per conflict
c   bumped:             1879427599        39.11    per learned
c   recomputed:          282381770       587.62 %  per learned
c   promoted1:              128564         0.27 %  per learned
c   promoted2:              421468         0.88 %  per learned
c   improvedglue:         19994664        41.61 %  per learned
c lucky:                         0         0.00 %  of tried
c   constantzero                 0         0.00 %  of tried
c   constantone                  0         0.00 %  of tried
c   backwardone                  0         0.00 %  of tried
c   backwardzero                 0         0.00 %  of tried
c   forwardone                   0         0.00 %  of tried
c   forwardzero                  0         0.00 %  of tried
c   positivehorn                 0         0.00 %  of tried
c   negativehorn                 0         0.00 %  of tried
c   extendbytes:           3283296         3.13    bytes and MB
c learned_lits:         5211048602       100.00 %  learned literals
c minimized:                     0         0.00 %  learned literals
c shrunken:             1602911754        30.76 %  learned literals
c minishrunken:          718154550        13.78 %  learned literals
c otfs:                     111671         0.23 %  of conflict
c   subsumed                  4049         0.01 %  of conflict
c   strengthened            107622         0.22 %  of conflict
c propagations:        10894619320         1.58 M  per second
c   coverprops:                  0         0.00 %  of propagations
c   probeprops:            6458916         0.06 %  of propagations
c   searchprops:        9832737460        90.25 %  of propagations
c   transredprops:         1179491         0.01 %  of propagations
c   vivifyprops:         138571452         1.27 %  of propagations
c   walkprops:           915672001         8.40 %  of propagations
c reactivated:                   0         0.00 %  of all variables
c reduced:                42332253        86.35 %  per conflict
c   reductions:                571     85852.65    interval
c   collections:               579     84666.43    interval
c rephased:                    312    157121.36    interval
c   rephasedbest:              103        33.01 %  rephased best
c   rephasedflip:               26         8.33 %  rephased flipping
c   rephasedinv:                27         8.65 %  rephased inverted
c   rephasedorig:               28         8.97 %  rephased original
c   rephasedrand:               25         8.01 %  rephased random
c   rephasedwalk:              103        33.01 %  rephased walk
c rescored:                   3978     12323.24    interval
c restarts:                1594005        30.75    interval
c   reused:                1358354        85.22 %  per restart
c   reusedlevels:         13985859        26.83 %  per restart levels
c restored:                      0         0.00 %  per weakened
c   restorations:                0         0.00 %  per extension
c   literals:                    0         0.00    per restored clause
c stabilizing:                   8        55.44 %  of conflicts
c   restartstab:              4522         0.28 %  of all restarts
c   reusedstab:               4468        98.81 %  per stable restarts
c substituted:                 287         0.44 %  of all variables
c   decompositions:            443         3.19    per phase
c subsumed:                5125484         5.26 %  of all clauses
c   subsumephases:              94    521509.20    interval
c   subsumerounds:             184         1.96    per phase
c   deduplicated:               54         0.00 %  per subsumed
c   transreds:                  94    521509.20    interval
c   transitive:                631         0.01 %  per subsumed
c   subirr:                   7442         0.15 %  of subsumed
c   subred:                  40349         0.79 %  of subsumed
c   subtried:             16060797         3.13    tried per subsumed
c   subchecks:          7298363181       454.42    per tried
c   subchecks2:           56298751         0.77 %  per subcheck
c   elimotfsub:                  0         0.00 %  of subsumed
c   elimbwsub:                 743         0.01 %  of subsumed
c   eagersub:              5070323        98.92 %  of subsumed
c   eagertried:         1057221154       208.51    tried per eagersub
c strengthened:             394517         0.40 %  of all clauses
c   elimotfstr:               4568         1.16 %  of strengthened
c   elimbwstr:                   0         0.00 %  of strengthened
c ternary:                  220314         0.78 %  of resolved
c   phases:                    278    176337.64    interval
c   htr3:                   220156        99.93 %  ternary hyper ternres
c   htr2:                      158         0.07 %  binary hyper ternres
c vivified:                  19119         0.02 %  of all clauses
c   vivifications:              94    521509.20    interval
c   vivifychecks:          1880654         3.84 %  per conflict
c   vivifysched:          11033496        17.04 %  checks per scheduled
c   vivifyunits:                 0         0.00 %  per vivify check
c   vivifyinst:                339         0.02 %  per vivify check
c   vivifysubs:               3695         0.07 %  per subsumed
c   vivifystrs:              15424         3.91 %  per strengthened
c   vivifystrirr:              679         4.40 %  per vivifystrs
c   vivifystred1:              340         2.20 %  per vivifystrs
c   vivifystred2:             8275        53.65 %  per vivifystrs
c   vivifystred3:             6130        39.74 %  per vivifystrs
c   vivifydecs:            9078672         4.83    per checks
c   vivifyreused:          3604150        39.70 %  per decision
c walked:                      103    475940.44    interval
c   flips:               119717306         1.42 M  per second
c   minimum:                    10         0.00 %  clauses
c   broken:             3688615326        30.81    per flip
c weakened:                 129368         3.34    average size
c   extensions:                  0         0.00    interval
c   flipped:                     0         0.00    per weakened
c 
c seconds are measured in process time for solving
c 
c --- [ resources ] ----------------------------------------------------------
c 
c total process time since initialization:      6888.24    seconds
c total real time since initialization:         6900.00    seconds
c maximum resident set size of process:          320.85    MB
c 
c --- [ shutting down ] ------------------------------------------------------
c 
c exit 0
