c --- [ banner ] -------------------------------------------------------------
c 
c CaDiCaL SAT Solver
c Copyright (c) 2016-2023 A. Biere, M. Fleury, N. Froleyks, K. Fazekas, F. Pollitt
c 
c Version 1.7.3
c g++-13.2.0
c Feb 11 2024 04:08:27
c 
c --- [ limit ] --------------------------------------------------------------
c 
c setting time limit to 6900 seconds real time (due to '-t 6900')
c 
c --- [ parsing input ] ------------------------------------------------------
c 
c reading DIMACS file from '/root/projects/maph/discovery/out/cover-23-6-2-bounded-balanced-20260807/222-double-share.cnf'
c opening file to read '/root/projects/maph/discovery/out/cover-23-6-2-bounded-balanced-20260807/222-double-share.cnf'
c found 'p cnf 65228 139977' header
c parsed 139977 clauses in 0.06 seconds process time
c closing file '/root/projects/maph/discovery/out/cover-23-6-2-bounded-balanced-20260807/222-double-share.cnf'
c 
c --- [ options ] ------------------------------------------------------------
c 
c all options are set to their default value
c 
c --- [ solving ] ------------------------------------------------------------
c 
c time measured in process time since initialization
c 
c  seconds  reductions  redundant  irredundant
c         MB    restarts       trail       variables
c          level   conflicts       glue         remaining
c 
c *  0.06 28  0 0   0    0    0  0% 0 124195 57315 88%
c {  0.07 29  0 0   0    0    0  0% 0 124195 57315 88%
c i  0.07 29 25 0   0    8    4 22% 3 124195 56860 87%
c i  0.07 29 27 0   0   12    7 22% 3 124195 56858 87%
c i  0.08 30 44 0  22  182  151 21% 5 124195 56766 87%
c i  0.09 30 39 0  36  288  246 21% 4 124195 56704 87%
c i  0.09 30 39 0  36  289  246 21% 4 124195 56583 87%
c -  0.10 30 39 1  36  300  253 20% 4 114517 56583 87%
c i  0.14 30 39 1 103  926  773 20% 5 114517 56490 87%
c -  0.16 35 38 2 103  939  735 20% 5 114174 56480 87%
c }  0.16 35 37 2 104 1001  786 20% 5 114174 56480 87%
c [  0.16 35  0 2 104 1001  786  0% 0 114174 56480 87%
c O  0.16 35 24 2 104 1002  787 22% 6 114174 56480 87%
c -  0.22 35 51 3 104 1890 1464 31% 20 114174 56480 87%
c s  0.30 40 66 3 105 2235 1744 13% 23 109884 56480 87%
c v  0.33 40 66 3 105 2235 1744 13% 23 109882 56480 87%
c w  0.33 40 66 3 105 2235 1743 13% 23 109882 56480 87%
c t  0.34 40 66 3 105 2235 1737 13% 23 109437 56086 86%
c e  0.43 41 66 3 105 2235  138 13% 23 33300 7747 12%
c s  0.44 44 66 3 105 2235  133 13% 23 33121 7747 12%
c 
c  seconds  reductions  redundant   irredundant
c         MB    restarts       trail      variables
c          level   conflicts       glue        remaining
c 
c e  0.45 44 66 3 105 2235  133 13% 23 33118 7719 12%
c ]  0.48 44 77 3 105 3002  861  7% 22 33118 7719 12%
c {  0.48 44 37 3 105 3002  861 23% 5 33118 7719 12%
c F  0.48 44 37 3 105 3003  862 23% 5 33118 7719 12%
c -  0.50 38 38 4 128 3159  985 20% 5 33118 7719 12%
c i  0.50 38 41 4 153 3263 1074 19% 5 33118 7705 12%
c -  0.55 38 42 5 417 4660 1735 11% 7 33014 7702 12%
c 3  0.57 40 44 5 497 5000 9670 10% 7 33014 7702 12%
c 2  0.58 40 44 5 497 5000 9850 10% 7 33014 7702 12%
c p  0.61 40 44 5 497 5000 17503 10% 7 33014 7672 12%
c #  0.65 40 48 5 685 6006 18366  8% 8 33014 7672 12%
c -  0.69 40 49 6 787 6460 3090 26% 8 32813 7672 12%
c }  0.70 40 46 6 874 7004 3453 17% 9 32813 7672 12%
c [  0.70 40 77 6 874 7004 3453 53% 22 32813 7672 12%
c -  0.77 40 85 7 875 8562 3396 47% 26 32813 7672 12%
c I  0.83 40 81 7 876 10007 4741 42% 26 32813 7672 12%
c s  0.85 40 76 7 877 10641 5242 39% 25 31985 7672 12%
c v  0.86 40 76 7 877 10641 5242 39% 25 31941 7672 12%
c w  0.86 40 76 7 877 10641 5240 39% 25 31941 7672 12%
c t  0.86 40 76 7 877 10641 5235 39% 25 31908 7672 12%
c 
c  seconds  reductions   redundant   irredundant
c         MB    restarts        trail      variables
c          level    conflicts       glue        remaining
c 
c e  0.87 40 76 7 877 10641 4171 39% 25 31632 7426 11%
c s  0.87 40 76 7 877 10641 4159 39% 25 31590 7426 11%
c e  0.88 40 76 7 877 10641 4158 39% 25 31589 7424 11%
c -  0.89 40 76 8 877 10964 3379 40% 25 31589 7424 11%
c -  1.01 40 86 9 879 13664 4078 38% 35 31589 7424 11%
c 3  1.09 40 88 9 879 15001 9608 38% 36 31589 7424 11%
c 3  1.09 40 88 9 879 15001 10412 38% 36 31589 7424 11%
c p  1.12 40 88 9 879 15001 17743 38% 36 31589 7404 11%
c d  1.12 40 88 9 879 15001 16871 38% 36 31504 7403 11%
c ]  1.12 40 88 9 879 15006 16875 38% 36 31504 7403 11%
c {  1.12 40 46 9 879 15006 16875 17% 9 31504 7403 11%
c B  1.12 40 46 9 880 15008 16877 17% 9 31504 7403 11%
c -  1.18 40 43 10 1042 16664 4936 17% 9 31504 7403 11%
c i  1.20 40 43 10 1107 17223 5392 18% 9 31504 7386 11%
c -  1.29 40 46 11 1431 19965 5378 20% 9 31411 7386 11%
c W  1.33 40 45 11 1482 21009 6302 20% 9 31411 7386 11%
c s  1.42 40 45 11 1794 23176 7797 21% 9 31366 7386 11%
c v  1.43 40 45 11 1794 23176 7797 21% 9 31010 7386 11%
c w  1.43 40 45 11 1794 23176 7794 21% 9 31010 7386 11%
c t  1.43 40 45 11 1794 23176 7785 21% 9 31002 7386 11%
c 
c  seconds  reductions     redundant  irredundant
c         MB     restarts         trail     variables
c          level      conflicts       glue       remaining
c 
c e  1.44 40 45 11 1794 23176 6883 21% 9 30929 7322 11%
c s  1.45 40 45 11 1794 23176 6852 21% 9 30911 7322 11%
c e  1.45 40 45 11 1794 23176 6852 21% 9 30910 7321 11%
c -  1.47 40 45 12 1837 23569 5635 21% 9 30910 7321 11%
c -  1.58 40 44 13 2233 27469 6757 21% 9 30910 7321 11%
c F  1.58 40 43 13 2233 28011 7164 20% 9 30910 7321 11%
c d  1.64 40 41 13 2364 30001 8758 20% 9 30910 7317 11%
c 3  1.64 40 41 13 2364 30001 11839 20% 9 30910 7317 11%
c d  1.65 40 41 13 2364 30001 12463 20% 9 30910 7316 11%
c 2  1.65 40 41 13 2364 30001 12459 20% 9 30910 7316 11%
c p  1.66 40 41 13 2364 30001 18601 20% 9 30910 7316 11%
c d  1.66 40 41 13 2364 30001 18591 20% 9 30909 7314 11%
c }  1.69 40 40 13 2416 31008 19418 20% 9 30909 7314 11%
c [  1.69 40 88 13 2416 31008 19418 38% 36 30909 7314 11%
c -  1.71 40 85 14 2416 31670 8107 37% 35 30909 7314 11%
c B  1.87 40 78 14 2419 36012 12265 37% 32 30909 7314 11%
c -  1.88 40 78 15 2419 36174 9164 37% 32 30909 7314 11%
c s  2.04 40 82 15 2422 39800 12344 38% 33 30898 7314 11%
c v  2.05 40 82 15 2422 39800 12344 38% 33 30867 7314 11%
c w  2.05 40 82 15 2422 39800 12341 38% 33 30867 7314 11%
c 
c  seconds  reductions      redundant   irredundant
c         MB     restarts          trail      variables
c          level      conflicts        glue        remaining
c 
c t  2.05 40 82 15 2422 39800 12340 38% 33 30866 7314 11%
c e  2.06 40 82 15 2422 39800 12182 38% 33 30792 7277 11%
c s  2.06 40 82 15 2422 39800 12163 38% 33 30723 7277 11%
c -  2.14 40 82 16 2422 40975 8579 38% 33 30723 7277 11%
c W  2.38 40 83 16 2423 45014 12406 39% 36 30723 7277 11%
c -  2.44 40 84 17 2424 46075 8895 39% 36 30723 7277 11%
c d  2.65 40 86 17 2424 50001 12549 39% 39 30723 7276 11%
c 3  2.66 40 86 17 2424 50001 14976 39% 39 30723 7276 11%
c 3  2.66 40 86 17 2424 50001 15972 39% 39 30723 7276 11%
c 2  2.67 40 86 17 2424 50001 15971 39% 39 30723 7276 11%
c p  2.68 40 86 17 2424 50001 22235 39% 39 30723 7276 11%
c -  2.78 40 85 18 2424 51475 9490 39% 40 30723 7276 11%
c O  2.95 40 83 18 2425 55016 12858 39% 40 30723 7276 11%
c -  3.05 40 82 19 2427 57178 9915 39% 39 30723 7276 11%
c s  3.22 40 83 19 2429 60581 13108 39% 39 30723 7276 11%
c v  3.23 40 83 19 2429 60581 13108 39% 39 30639 7276 11%
c w  3.24 40 83 19 2429 60581 13108 39% 39 30639 7276 11%
c e  3.24 40 83 19 2429 60581 13108 39% 39 30533 7213 11%
c s  3.25 40 83 19 2429 60581 13099 39% 39 30467 7213 11%
c e  3.25 40 83 19 2429 60581 13099 39% 39 30467 7212 11%
c 
c  seconds  reductions      redundant   irredundant
c         MB     restarts          trail      variables
c          level      conflicts        glue        remaining
c 
c ]  3.38 40 84 19 2431 63008 15422 39% 39 30467 7212 11%
c {  3.38 40 40 19 2431 63008 15422 20% 9 30467 7212 11%
c -  3.39 40 41 20 2447 63179 10411 20% 9 30467 7212 11%
c B  3.50 40 39 20 2693 66019 12927 20% 9 30467 7212 11%
c -  3.62 40 37 21 2827 69480 10161 20% 9 30467 7212 11%
c i  3.68 40 34 21 2828 71664 11751 20% 9 30467 7207 11%
c d  3.81 40 35 21 3450 75003 12191 20% 9 30452 7200 11%
c 3  3.81 40 35 21 3450 75003 15157 20% 9 30452 7200 11%
c 3  3.82 40 35 21 3450 75003 15810 20% 9 30452 7200 11%
c d  3.82 40 35 21 3450 75003 15801 20% 9 30452 7199 11%
c 2  3.82 40 35 21 3450 75003 15795 20% 9 30452 7199 11%
c p  3.83 40 35 21 3450 75003 21832 20% 9 30452 7196 11%
c -  3.86 40 34 22 3726 76080 9817 20% 10 30443 7196 11%
c W  3.94 40 34 22 4052 78031 11328 20% 10 30443 7196 11%
c -  4.10 40 34 23 4459 82980 12206 20% 10 30443 7196 11%
c s  4.19 40 34 23 4759 85528 14069 20% 10 30431 7196 11%
c v  4.21 40 34 23 4759 85528 14069 20% 10 30344 7196 11%
c w  4.21 40 34 23 4759 85528 14060 20% 10 30344 7196 11%
c t  4.21 40 34 23 4759 85528 14053 20% 10 30344 7196 11%
c e  4.22 40 34 23 4759 85528 14038 20% 10 30278 7143 11%
c 
c  seconds  reductions      redundant   irredundant
c         MB     restarts          trail      variables
c          level      conflicts        glue        remaining
c 
c s  4.22 40 34 23 4759 85528 14009 20% 10 30183 7143 11%
c e  4.23 40 34 23 4759 85528 13902 20% 10 30167 7131 11%
c -  4.37 40 34 24 5572 90181 13447 20% 10 30167 7131 11%
c #  4.41 40 34 24 5733 91032 14239 20% 10 30167 7131 11%
c -  4.74 40 35 25 6552 97682 14886 20% 10 30167 7131 11%
c i  4.88 40 35 25 6933 101015 17741 20% 10 30167 7130 11%
c d  5.08 40 36 25 7403 105003 21103 21% 10 30164 7094 11%
c d  5.08 40 36 25 7403 105003 21084 21% 10 30164 7093 11%
c 3  5.08 40 36 25 7403 105003 24329 21% 10 30164 7093 11%
c 3  5.09 40 36 25 7403 105003 25036 21% 10 30164 7093 11%
c d  5.09 40 36 25 7403 105003 25018 21% 10 30164 7091 11%
c 2  5.10 40 36 25 7403 105003 25011 21% 10 30164 7091 11%
c p  5.12 40 36 25 7403 105003 31517 21% 10 30164 7076 11%
c d  5.13 40 36 25 7403 105003 31205 21% 10 30087 7065 11%
c B  5.13 40 36 25 7403 105034 31230 21% 10 30087 7065 11%
c -  5.15 40 36 26 7415 105482 16015 21% 10 30087 7065 11%
c i  5.22 40 36 26 7540 107129 17254 21% 10 30087 7060 11%
c -  5.47 40 35 27 8455 113583 16123 20% 11 30072 7060 11%
c s  5.52 40 36 27 8545 114660 16705 21% 11 30048 7060 11%
c v  5.53 40 36 27 8545 114660 16705 21% 11 30043 7060 11%
c 
c  seconds  reductions       redundant   irredundant
c         MB     restarts           trail      variables
c          level      conflicts         glue        remaining
c 
c w  5.54 40 36 27 8545 114660 16698 21% 11 30043 7060 11%
c t  5.54 40 36 27 8545 114660 16691 21% 11 30043 7060 11%
c e  5.55 40 36 27 8545 114660 16642 21% 11 30027 7044 11%
c s  5.55 40 36 27 8545 114660 16606 21% 11 30008 7044 11%
c e  5.56 40 36 27 8545 114660 16606 21% 11 30006 7042 11%
c W  5.82 40 36 27 9115 120036 21362 21% 11 30006 7042 11%
c -  5.92 40 36 28 9309 121983 17384 21% 11 30006 7042 11%
c }  6.10 40 36 28 9740 127009 21855 21% 11 30006 7042 11%
c [  6.10 40 84 28 9740 127009 21855 39% 39 30006 7042 11%
c -  6.26 40 83 29 9740 130684 18379 39% 38 30006 7042 11%
c B  6.45 40 85 29 9745 136037 23292 38% 39 30006 7042 11%
c -  6.64 40 84 30 9747 139684 18497 38% 38 30006 7042 11%
c d  6.65 40 84 30 9747 140003 18700 38% 38 30006 7017 11%
c 3  6.66 40 84 30 9747 140003 22032 38% 38 30006 7017 11%
c 3  6.66 40 84 30 9747 140003 22858 38% 38 30006 7017 11%
c d  6.67 40 84 30 9747 140003 22813 38% 38 30006 7012 11%
c 2  6.67 40 84 30 9747 140003 22808 38% 38 30006 7012 11%
c p  6.69 40 84 30 9747 140003 28582 38% 38 30006 7011 11%
c d  6.69 40 84 30 9747 140003 28543 38% 38 30001 7005 11%
c s  7.09 40 84 30 9748 148121 35808 38% 38 29987 7005 11%
c 
c  seconds  reductions       redundant   irredundant
c         MB     restarts           trail      variables
c          level      conflicts         glue        remaining
c 
c v  7.11 40 84 30 9748 148121 35808 38% 38 29967 7005 11%
c w  7.12 40 84 30 9748 148121 35800 38% 38 29967 7005 11%
c t  7.12 40 84 30 9748 148121 35792 38% 38 29963 7005 11%
c e  7.13 40 84 30 9748 148121 34348 38% 38 29958 6997 11%
c s  7.14 40 84 30 9748 148121 34288 38% 38 29940 6997 11%
c -  7.21 40 84 31 9748 148985 18100 38% 38 29940 6997 11%
c W  7.53 40 83 31 9749 153038 21823 38% 39 29940 6997 11%
c -  7.81 40 81 32 9749 158586 18250 38% 38 29940 6997 11%
c -  8.47 40 79 33 9750 168487 19095 38% 39 29940 6997 11%
c I  8.64 40 78 33 9752 171039 21432 38% 39 29940 6997 11%
c -  9.04 40 78 34 9756 178687 19608 39% 39 29940 6997 11%
c d  9.13 40 78 34 9756 180003 20830 39% 40 29940 6990 11%
c p  9.16 40 78 34 9756 180003 30080 39% 40 29940 6990 11%
c d  9.17 40 78 34 9756 180003 30062 39% 40 29940 6988 11%
c s  9.49 40 77 34 9760 185872 35146 39% 40 29940 6988 11%
c v  9.51 40 77 34 9760 185872 35146 39% 40 29928 6988 11%
c w  9.52 40 77 34 9760 185872 35142 39% 40 29928 6988 11%
c t  9.52 40 77 34 9760 185872 35140 39% 40 29928 6988 11%
c e  9.53 40 77 34 9760 185872 35123 39% 40 29924 6982 11%
c s  9.53 40 77 34 9760 185872 35107 39% 40 29891 6982 11%
c 
c  seconds  reductions       redundant   irredundant
c         MB     restarts           trail      variables
c          level      conflicts         glue        remaining
c 
c -  9.75 40 76 35 9763 189187 19361 38% 40 29891 6982 11%
c B  9.80 40 75 35 9763 190040 20070 38% 40 29891 6982 11%
c - 10.45 40 79 36 9764 199988 19763 38% 42 29891 6982 11%
c W 11.20 40 79 36 9771 210041 28755 38% 45 29891 6982 11%
c - 11.28 40 78 37 9771 211089 20192 38% 45 29891 6982 11%
c - 12.05 40 78 38 9778 222491 20689 39% 47 29891 6982 11%
c d 12.21 40 78 38 9778 225007 23070 39% 47 29891 6981 11%
c 3 12.22 40 78 38 9778 225007 25882 39% 47 29891 6981 11%
c d 12.23 40 78 38 9778 225007 27039 39% 47 29891 6980 11%
c p 12.24 40 78 38 9778 225007 32541 39% 47 29891 6980 11%
c s 12.47 40 78 38 9779 227832 34819 39% 47 29891 6980 11%
c v 12.50 40 78 38 9779 227832 34819 39% 47 29844 6980 11%
c w 12.50 40 78 38 9779 227832 34816 39% 47 29844 6980 11%
c e 12.51 40 78 38 9779 227832 34802 39% 47 29839 6972 11%
c s 12.51 40 78 38 9779 227832 34793 39% 47 29832 6972 11%
c e 12.52 40 78 38 9779 227832 34793 39% 47 29831 6971 11%
c O 12.73 40 78 38 9779 231043 37732 39% 48 29831 6971 11%
c - 12.86 40 77 39 9779 234191 21974 38% 47 29831 6971 11%
c - 13.53 40 92 40 9780 246192 21579 38% 51 29831 6971 11%
c B 14.00 40 98 40 9781 253044 27852 37% 54 29831 6971 11%
c 
c  seconds   reductions       redundant   irredundant
c         MB      restarts           trail      variables
c           level      conflicts         glue        remaining
c 
c ] 14.10 40 100 40 9781 255011 29719 37% 54 29831 6971 11%
c { 14.10 40 36 40 9781 255011 29719 21% 11 29831 6971 11%
c - 14.29 40 37 41 10175 258495 23219 21% 11 29831 6971 11%
c - 14.70 40 35 42 12277 271098 22579 21% 11 29831 6971 11%
c s 14.78 40 34 42 12301 273975 24381 21% 11 29830 6971 11%
c v 14.81 40 34 42 12301 273975 24381 21% 11 29725 6971 11%
c w 14.82 40 34 42 12301 273975 24375 21% 11 29725 6971 11%
c t 14.82 40 34 42 12301 273975 24371 21% 11 29725 6971 11%
c e 14.83 40 34 42 12301 273975 24371 21% 11 29712 6958 11%
c s 14.84 40 34 42 12301 273975 24301 21% 11 29707 6958 11%
c d 14.88 40 34 42 12301 275007 24962 21% 11 29707 6943 11%
c 3 14.89 40 34 42 12301 275007 28798 21% 11 29707 6943 11%
c d 14.89 40 34 42 12301 275007 28785 21% 11 29707 6942 11%
c p 14.91 40 34 42 12301 275007 34419 21% 11 29707 6941 11%
c d 14.91 40 34 42 12301 275007 34329 21% 11 29704 6939 11%
c F 14.95 40 34 42 12370 276045 35109 21% 11 29704 6939 11%
c - 15.26 40 33 43 12746 283999 24078 21% 11 29704 6939 11%
c - 15.80 40 33 44 13966 297199 26076 21% 11 29704 6939 11%
c B 15.95 40 33 44 14276 300046 28534 21% 11 29704 6939 11%
c - 16.32 40 31 45 14474 310699 25759 20% 11 29704 6939 11%
c 
c  seconds  reductions        redundant   irredundant
c         MB      restarts           trail      variables
c          level       conflicts         glue        remaining
c 
c i 16.56 40 29 45 14479 317022 30219 20% 11 29704 6938 11%
c s 16.94 40 30 45 15459 324233 35858 20% 11 29692 6938 11%
c v 16.96 40 30 45 15459 324233 35858 20% 11 29553 6938 11%
c w 16.98 40 30 45 15459 324233 35852 20% 11 29553 6938 11%
c t 16.98 40 30 45 15459 324233 35847 20% 11 29552 6938 11%
c e 16.98 40 30 45 15459 324233 35033 20% 11 29508 6895 11%
c s 17.00 40 30 45 15459 324233 34975 20% 11 29498 6895 11%
c - 17.02 40 30 46 15459 324499 19372 11% 11 29498 6895 11%
c W 17.13 40 30 46 15496 325047 19744 15% 11 29498 6895 11%
c d 17.32 40 30 46 16496 330009 24033 21% 11 29498 6863 11%
c 3 17.32 40 30 46 16496 330009 27239 21% 11 29498 6863 11%
c d 17.33 40 30 46 16496 330009 28079 21% 11 29498 6860 11%
c p 17.35 40 30 46 16496 330009 33185 21% 11 29498 6858 11%
c d 17.35 40 30 46 16496 330009 32982 21% 11 29492 6853 11%
c - 17.71 40 30 47 17988 338599 25444 20% 11 29492 6853 11%
c # 18.45 40 32 47 20145 351048 36926 23% 11 29492 6853 11%
c - 18.53 40 32 48 20322 352999 28338 23% 11 29492 6853 11%
c i 18.80 40 31 48 20555 361736 35558 22% 11 29492 6851 11%
c - 19.22 40 32 49 21599 367699 29368 23% 11 29486 6851 11%
c B 19.60 40 32 49 23561 378051 38114 22% 12 29486 6851 11%
c 
c  seconds  reductions        redundant   irredundant
c         MB      restarts           trail      variables
c          level       conflicts         glue        remaining
c 
c s 19.67 40 32 49 23690 378755 38355 22% 12 29474 6851 11%
c v 19.70 40 32 49 23690 378755 38355 22% 12 29425 6851 11%
c w 19.71 40 32 49 23690 378755 38344 22% 12 29425 6851 11%
c t 19.71 40 32 49 23690 378755 38330 22% 12 29425 6851 11%
c e 19.72 40 32 49 23690 378755 38263 22% 12 29421 6843 10%
c s 19.74 40 32 49 23690 378755 38173 22% 12 29421 6843 10%
c - 19.96 40 32 50 24127 382703 30494 22% 12 29421 6843 10%
c d 20.25 40 32 50 25608 390013 36907 22% 12 29421 6820 10%
c 3 20.25 40 32 50 25608 390013 40367 22% 12 29421 6820 10%
c d 20.26 40 32 50 25608 390013 41113 22% 12 29421 6816 10%
c 2 20.27 40 32 50 25608 390013 41112 22% 12 29421 6816 10%
c p 20.28 40 32 50 25608 390013 45497 22% 12 29421 6816 10%
c d 20.28 40 32 50 25608 390013 45485 22% 12 29421 6813 10%
c - 20.56 40 31 51 27066 398004 30412 21% 12 29421 6813 10%
c W 20.97 40 30 51 27245 406052 37259 22% 12 29421 6813 10%
c - 21.32 40 31 52 28292 413604 30806 22% 12 29421 6813 10%
c - 21.93 40 31 53 29476 429505 32631 23% 12 29421 6813 10%
c F 22.08 40 30 53 29505 435054 37152 23% 12 29421 6813 10%
c s 22.28 40 31 53 29895 437672 39400 23% 12 29419 6813 10%
c v 22.31 40 31 53 29895 437672 39400 23% 12 29411 6813 10%
c 
c  seconds  reductions        redundant   irredundant
c         MB      restarts           trail      variables
c          level       conflicts         glue        remaining
c 
c w 22.32 40 31 53 29895 437672 39397 23% 12 29411 6813 10%
c t 22.32 40 31 53 29895 437672 39390 23% 12 29411 6813 10%
c e 22.32 40 31 53 29895 437672 39353 23% 12 29407 6808 10%
c s 22.34 40 31 53 29895 437672 39323 23% 12 29404 6808 10%
c - 22.74 40 31 54 30622 445705 33100 23% 12 29404 6808 10%
c d 23.24 40 32 54 31974 455013 41338 23% 12 29404 6790 10%
c 3 23.25 40 32 54 31974 455013 44599 23% 12 29404 6790 10%
c 3 23.25 40 32 54 31974 455013 45528 23% 12 29404 6790 10%
c d 23.26 40 32 54 31974 455013 45490 23% 12 29404 6785 10%
c p 23.28 40 32 54 31974 455013 49929 23% 12 29404 6785 10%
c d 23.28 40 32 54 31974 455013 49905 23% 12 29404 6781 10%
c - 23.52 40 32 55 33525 462205 34344 22% 12 29404 6781 10%
c B 23.70 40 32 55 34087 465055 36874 22% 12 29404 6781 10%
c - 24.16 40 31 56 34765 479005 34111 22% 12 29404 6781 10%
c W 24.95 40 30 56 35605 496057 48485 22% 12 29404 6781 10%
c - 24.96 40 30 57 35605 496106 34989 22% 12 29404 6781 10%
c s 25.12 40 29 57 35636 500995 38519 22% 12 29401 6781 10%
c v 25.15 40 29 57 35636 500995 38519 22% 12 29385 6781 10%
c w 25.16 40 29 57 35636 500995 38517 22% 12 29385 6781 10%
c t 25.16 40 29 57 35636 500995 38510 22% 12 29385 6781 10%
c 
c  seconds  reductions        redundant   irredundant
c         MB      restarts           trail      variables
c          level       conflicts         glue        remaining
c 
c e 25.17 40 29 57 35636 500995 38485 22% 12 29384 6778 10%
c s 25.18 40 29 57 35636 500995 38460 22% 12 29383 6778 10%
c } 25.55 40 29 57 36092 511012 47180 22% 12 29383 6778 10%
c [ 25.55 40 100 57 36092 511012 47180 41% 54 29383 6778 10%
c - 25.62 40 98 58 36092 513507 35176 41% 53 29383 6778 10%
c d 26.18 40 95 58 36092 525015 46090 41% 48 29383 6772 10%
c 3 26.18 40 95 58 36092 525015 49156 41% 48 29383 6772 10%
c d 26.20 40 95 58 36092 525015 49914 41% 48 29383 6770 10%
c 2 26.20 40 95 58 36092 525015 49913 41% 48 29383 6770 10%
c p 26.21 40 95 58 36092 525015 54375 41% 48 29383 6770 10%
c W 26.57 40 96 58 36092 528058 57214 41% 49 29383 6770 10%
c - 26.79 50 97 59 36092 531208 37606 41% 48 29383 6770 10%
c - 28.00 48 95 60 36099 549208 35919 41% 48 29383 6770 10%
c I 28.98 48 90 60 36105 561059 47038 42% 47 29383 6770 10%
c - 29.31 40 86 61 36107 567509 35457 41% 46 29383 6770 10%
c s 29.39 40 86 61 36107 568711 36475 41% 45 29381 6770 10%
c v 29.42 40 86 61 36107 568711 36475 41% 45 29347 6770 10%
c w 29.43 40 86 61 36107 568711 36473 41% 45 29347 6770 10%
c t 29.43 40 86 61 36107 568711 36472 41% 45 29347 6770 10%
c e 29.44 40 86 61 36107 568711 35320 41% 45 29339 6759 10%
c 
c  seconds  reductions        redundant   irredundant
c         MB      restarts           trail      variables
c          level       conflicts         glue        remaining
c 
c s 29.45 40 86 61 36107 568711 35279 41% 45 29337 6759 10%
c - 30.37 43 77 62 36114 586112 35399 40% 42 29337 6759 10%
c B 30.90 43 74 62 36121 595062 43676 39% 41 29337 6759 10%
c d 31.25 43 75 62 36122 600018 48283 40% 41 29337 6757 10%
c p 31.28 43 75 62 36122 600018 56641 40% 41 29337 6757 10%
c - 31.67 43 74 63 36122 605013 36844 40% 42 29337 6757 10%
c - 33.44 44 72 64 36124 624213 36955 40% 42 29337 6757 10%
c W 34.04 44 71 64 36128 630065 42346 40% 42 29337 6757 10%
c s 34.33 44 67 64 36134 640723 50931 38% 40 29337 6757 10%
c v 34.37 44 67 64 36134 640723 50931 38% 40 29323 6757 10%
c w 34.38 44 67 64 36134 640723 50929 38% 40 29323 6757 10%
c e 34.39 44 67 64 36134 640723 50924 38% 40 29319 6751 10%
c s 34.40 44 67 64 36134 640723 50891 38% 40 29316 6751 10%
c - 34.54 44 66 65 36136 643714 36322 37% 40 29316 6751 10%
c - 36.08 44 65 66 36144 663515 36347 39% 40 29316 6751 10%
c O 36.32 44 65 66 36145 666067 38417 39% 40 29316 6751 10%
c d 37.15 44 68 66 36152 680018 51606 39% 40 29316 6748 10%
c 3 37.16 44 68 66 36152 680018 54484 39% 40 29316 6748 10%
c d 37.18 44 68 66 36152 680018 55316 39% 40 29316 6747 10%
c p 37.20 44 68 66 36152 680018 59932 39% 40 29316 6747 10%
c 
c  seconds  reductions        redundant   irredundant
c         MB      restarts           trail      variables
c          level       conflicts         glue        remaining
c 
c - 37.42 44 69 67 36153 683615 38755 39% 40 29316 6747 10%
c B 38.78 44 70 67 36154 703068 57169 39% 40 29316 6747 10%
c - 38.85 45 70 68 36154 704018 39589 39% 40 29316 6747 10%
c s 39.98 45 69 68 36155 716991 51744 40% 40 29316 6747 10%
c v 40.02 45 69 68 36155 716991 51744 40% 40 29309 6747 10%
c w 40.04 45 69 68 36155 716991 51741 40% 40 29309 6747 10%
c e 40.05 45 69 68 36155 716991 51741 40% 40 29308 6746 10%
c s 40.07 45 69 68 36155 716991 51730 40% 40 29308 6746 10%
c ^ 40.07 45 69 68 36155 716991 51730 40% 40 29308 6746 10%
c - 40.80 45 69 69 36155 724722 40375 40% 40 29308 6746 10%
c W 42.74 45 69 69 36156 741069 55220 40% 42 29308 6746 10%
c - 43.34 45 69 70 36156 745722 39982 41% 42 29308 6746 10%
c p 45.56 45 67 70 36156 765020 64164 41% 42 29308 6746 10%
c - 45.83 55 67 71 36156 767022 40899 41% 43 29308 6746 10%
c I 47.33 55 66 71 36156 780072 52279 42% 44 29308 6746 10%
c - 48.03 55 67 72 36156 788622 42165 41% 44 29308 6746 10%
c s 48.89 55 67 72 36156 797521 50244 41% 44 29308 6746 10%
c v 48.93 55 67 72 36156 797521 50244 41% 44 29304 6746 10%
c w 48.95 55 67 72 36156 797521 50240 41% 44 29304 6746 10%
c e 48.97 55 67 72 36156 797521 23421 41% 44 29556 6338 10%
c 
c  seconds  reductions        redundant   irredundant
c         MB      restarts           trail      variables
c          level       conflicts         glue        remaining
c 
c s 48.98 55 67 72 36156 797521 23377 41% 44 29543 6338 10%
c - 49.83 55 68 73 36159 810525 27426 41% 44 29543 6338 10%
c B 50.39 55 69 73 36164 820073 36491 41% 44 29543 6338 10%
c - 51.31 55 71 74 36171 832725 36709 40% 45 29543 6338 10%
c p 53.37 55 70 74 36180 855020 64260 39% 45 29543 6338 10%
c - 53.41 55 70 75 36180 855225 39595 39% 45 29543 6338 10%
c W 54.13 55 69 75 36184 861077 45148 39% 45 29543 6338 10%
c - 55.64 55 68 76 36187 878025 40388 39% 45 29543 6338 10%
c - 57.71 55 67 77 36194 901126 42130 39% 45 29543 6338 10%
c O 57.89 55 67 77 36194 903080 43948 39% 45 29543 6338 10%
c - 58.63 55 58 78 36203 924526 41232 35% 40 29543 6338 10%
c B 59.39 55 50 78 36216 946082 60481 31% 35 29543 6338 10%
c - 59.54 55 51 79 36216 948227 41283 31% 35 29543 6338 10%
c p 59.72 55 52 79 36217 950021 49801 31% 35 29543 6338 10%
c - 61.77 55 56 80 36218 972231 42253 33% 39 29543 6338 10%
c W 63.84 55 57 80 36219 990085 57986 34% 41 29543 6338 10%
c - 64.44 65 57 81 36219 996533 42937 34% 41 29543 6338 10%
c - 66.66 55 58 82 36228 1021135 44224 35% 41 29543 6338 10%
c ] 66.86 55 59 82 36229 1023012 45964 35% 41 29543 6338 10%
c { 66.86 55 29 82 36229 1023012 45964 22% 12 29543 6338 10%
c 
c  seconds  reductions         redundant   irredundant
c         MB      restarts            trail      variables
c          level        conflicts         glue        remaining
c 
c s 67.24 55 29 82 36691 1030886 51016 21% 12 29541 6338 10%
c v 67.33 55 29 82 36691 1030886 51016 21% 12 29373 6338 10%
c w 67.37 55 29 82 36691 1030886 51005 21% 12 29373 6338 10%
c t 67.37 55 29 82 36691 1030886 51004 21% 12 29372 6338 10%
c s 67.42 55 29 82 36691 1030886 50672 21% 12 29372 6338 10%
c ^ 67.42 55 29 82 36691 1030886 50672 21% 12 29372 6338 10%
c # 67.63 55 29 82 36966 1035086 54157 21% 12 29372 6338 10%
c - 68.40 55 30 83 38103 1046038 43776 21% 12 29372 6338 10%
c d 68.62 55 30 83 38516 1050021 47430 21% 12 29372 6333 10%
c 3 68.63 55 30 83 38516 1050021 49933 21% 12 29372 6333 10%
c d 68.64 55 30 83 38516 1050021 50561 21% 12 29372 6332 10%
c 2 68.64 55 30 83 38516 1050021 50560 21% 12 29372 6332 10%
c p 68.66 55 30 83 38516 1050021 54309 21% 12 29372 6332 10%
c - 69.71 55 30 84 39766 1071238 47214 21% 12 29372 6332 10%
c B 70.11 55 30 84 41405 1081087 55867 20% 12 29372 6332 10%
c - 70.91 55 29 85 42274 1096738 48158 20% 12 29372 6332 10%
c - 71.68 55 26 86 42414 1122538 46293 20% 11 29372 6332 10%
c s 71.75 55 25 86 42423 1123805 46133 20% 11 29371 6332 10%
c v 71.79 55 25 86 42423 1123805 46133 20% 11 29346 6332 10%
c w 71.80 55 25 86 42423 1123805 46121 20% 11 29346 6332 10%
c 
c  seconds  reductions         redundant   irredundant
c         MB      restarts            trail      variables
c          level        conflicts         glue        remaining
c 
c t 71.81 55 25 86 42423 1123805 46113 20% 11 29346 6332 10%
c e 71.82 55 25 86 42423 1123805 45026 20% 11 29758 6126  9%
c s 71.85 55 25 86 42423 1123805 44942 20% 11 29738 6126  9%
c W 72.36 55 25 86 42597 1128092 48260 23% 11 29738 6126  9%
c - 73.35 55 26 87 46063 1148641 49531 21% 12 29738 6126  9%
c d 73.73 55 27 87 46704 1155021 55446 22% 12 29738 6117  9%
c 3 73.73 55 27 87 46704 1155021 57849 22% 12 29738 6117  9%
c 3 73.74 55 27 87 46704 1155021 58633 22% 12 29738 6117  9%
c d 73.74 55 27 87 46704 1155021 58624 22% 12 29738 6116  9%
c 2 73.75 55 27 87 46704 1155021 58622 22% 12 29738 6116  9%
c p 73.76 55 27 87 46704 1155021 62151 22% 12 29738 6116  9%
c d 73.77 55 27 87 46704 1155021 62141 22% 12 29738 6115  9%
c - 74.74 55 27 88 48639 1175041 52213 22% 12 29738 6115  9%
c F 74.78 55 27 88 48640 1176093 53087 22% 12 29738 6115  9%
c - 75.75 55 25 89 49502 1201741 49868 21% 12 29738 6115  9%
c s 76.70 55 25 89 52750 1224094 67098 21% 12 29733 6115  9%
c w 76.76 55 25 89 52750 1224094 67092 21% 12 29733 6115  9%
c t 76.76 55 25 89 52750 1224094 67090 21% 12 29733 6115  9%
c s 76.80 55 25 89 52750 1224094 66964 21% 12 29733 6115  9%
c B 76.84 55 25 89 52965 1225094 67785 21% 12 29733 6115  9%
c 
c  seconds  reductions         redundant   irredundant
c         MB      restarts            trail      variables
c          level        conflicts         glue        remaining
c 
c - 76.98 55 25 90 53731 1228742 51474 20% 12 29733 6115  9%
c - 78.56 55 28 91 57442 1256043 53157 21% 12 29733 6115  9%
c d 78.98 55 28 91 58090 1265023 61056 21% 12 29733 6113  9%
c 3 78.99 55 28 91 58090 1265023 64005 21% 12 29733 6113  9%
c p 79.01 55 28 91 58090 1265023 67390 21% 12 29733 6113  9%
c d 79.02 55 28 91 58090 1265023 67369 21% 12 29733 6111  9%
c W 79.84 55 28 91 60489 1275095 75827 21% 13 29733 6111  9%
c - 80.06 55 27 92 62398 1283644 52311 20% 13 29733 6111  9%
c - 81.38 55 27 93 65213 1311544 52419 20% 13 29733 6111  9%
c # 82.04 55 28 93 66123 1326096 64932 20% 13 29733 6111  9%
c s 82.24 55 28 93 66429 1329050 67249 20% 13 29728 6111  9%
c v 82.29 55 28 93 66429 1329050 67249 20% 13 29728 6111  9%
c w 82.31 55 28 93 66429 1329050 67246 20% 13 29728 6111  9%
c e 82.32 55 28 93 66429 1329050 67223 20% 13 29730 6110  9%
c s 82.35 55 28 93 66429 1329050 67189 20% 13 29728 6110  9%
c - 82.73 55 27 94 67441 1339745 53629 20% 13 29728 6110  9%
c - 84.07 55 27 95 69248 1368246 55094 21% 13 29728 6110  9%
c B 84.64 55 28 95 69944 1378098 63928 21% 12 29728 6110  9%
c d 84.82 55 28 95 70326 1380024 65741 21% 12 29728 6106  9%
c 3 84.83 55 28 95 70326 1380024 67601 21% 12 29728 6106  9%
c 
c  seconds  reductions         redundant   irredundant
c         MB      restarts            trail      variables
c          level        conflicts         glue        remaining
c 
c 3 84.83 55 28 95 70326 1380024 68242 21% 12 29728 6106  9%
c d 84.84 55 28 95 70326 1380024 68235 21% 12 29728 6105  9%
c 2 84.85 55 28 95 70326 1380024 68234 21% 12 29728 6105  9%
c p 84.87 55 28 95 70326 1380024 71979 21% 12 29728 6104  9%
c - 85.56 55 27 96 72347 1397048 56900 21% 13 29725 6104  9%
c - 86.87 55 26 97 73997 1426149 56484 20% 12 29725 6104  9%
c W 87.39 55 26 97 75192 1431100 60495 20% 12 29725 6104  9%
c s 87.69 55 26 97 76819 1438614 65976 20% 13 29724 6104  9%
c v 87.73 55 26 97 76819 1438614 65976 20% 13 29722 6104  9%
c w 87.75 55 26 97 76819 1438614 65970 20% 13 29722 6104  9%
c s 87.79 55 26 97 76819 1438614 65905 20% 13 29720 6104  9%
c - 88.61 55 25 98 77624 1455549 55924 20% 13 29720 6104  9%
c F 89.96 55 25 98 78854 1485101 81309 20% 12 29720 6104  9%
c - 89.99 55 25 99 78875 1485253 55468 20% 12 29720 6104  9%
c d 90.59 55 25 99 81836 1500025 68201 20% 13 29720 6093  9%
c 3 90.60 55 25 99 81836 1500025 70185 20% 13 29720 6093  9%
c 3 90.61 55 25 99 81836 1500025 70754 20% 13 29720 6093  9%
c d 90.62 55 25 99 81836 1500025 70745 20% 13 29720 6092  9%
c p 90.64 55 25 99 81836 1500025 74124 20% 13 29720 6092  9%
c d 90.65 55 25 99 81836 1500025 74120 20% 13 29720 6091  9%
c 
c  seconds   reductions         redundant   irredundant
c         MB       restarts            trail      variables
c          level         conflicts         glue        remaining
c 
c - 91.41 55 26 100 82917 1515257 57789 20% 13 29720 6091  9%
c B 92.52 55 25 100 83555 1540103 79086 21% 13 29720 6091  9%
c - 92.82 55 25 101 84006 1545557 57606 21% 13 29720 6091  9%
c s 93.16 55 26 101 84618 1552796 63773 21% 13 29715 6091  9%
c v 93.20 55 26 101 84618 1552796 63773 21% 13 29702 6091  9%
c w 93.23 55 26 101 84618 1552796 63769 21% 13 29702 6091  9%
c t 93.23 55 26 101 84618 1552796 63768 21% 13 29702 6091  9%
c e 93.23 55 26 101 84618 1552796 63746 21% 13 29704 6090  9%
c s 93.26 55 26 101 84618 1552796 63703 21% 13 29702 6090  9%
c - 94.21 55 24 102 84945 1576159 58922 21% 12 29702 6090  9%
c W 95.43 55 24 102 87533 1596105 75734 20% 12 29702 6090  9%
c - 95.95 55 24 103 88331 1607059 60077 20% 12 29702 6090  9%
c d 96.86 55 25 103 90596 1625025 75197 20% 13 29702 6086  9%
c 3 96.86 55 25 103 90596 1625025 77177 20% 13 29702 6086  9%
c 3 96.87 55 25 103 90596 1625025 77800 20% 13 29702 6086  9%
c d 96.88 55 25 103 90596 1625025 77777 20% 13 29702 6084  9%
c p 96.90 55 25 103 90596 1625025 81020 20% 13 29702 6084  9%
c - 97.98 55 27 104 92570 1638259 61624 21% 13 29702 6084  9%
c # 98.47 55 27 104 92854 1653107 73901 21% 13 29702 6084  9%
c - 99.72 55 28 105 95682 1669760 61585 21% 13 29702 6084  9%
c 
c  seconds   reductions         redundant   irredundant
c         MB       restarts            trail      variables
c          level         conflicts         glue        remaining
c 
c s 99.91 55 28 105 95912 1671671 62934 21% 13 29701 6084  9%
c v 99.96 55 28 105 95912 1671671 62934 21% 13 29693 6084  9%
c w 99.98 55 28 105 95912 1671671 62931 21% 13 29693 6084  9%
c e 99.99 55 28 105 95912 1671671 62840 21% 13 29697 6082  9%
c s 100.03 55 28 105 95912 1671671 62786 21% 13 29697 6082  9%
c ^ 100.03 55 28 105 95912 1671671 62786 21% 13 29697 6082  9%
c - 101.28 55 27 106 97731 1701561 62255 21% 13 29697 6082  9%
c B 101.48 55 26 106 97752 1711108 69719 21% 12 29697 6082  9%
c - 102.63 55 26 107 100300 1733661 60931 21% 13 29697 6082  9%
c d 103.73 55 26 107 101184 1755025 79442 21% 12 29697 6081  9%
c 3 103.74 55 26 107 101184 1755025 82175 21% 12 29697 6081  9%
c p 103.78 55 26 107 101184 1755025 85323 21% 12 29697 6081  9%
c - 104.41 55 26 108 102100 1766061 63814 21% 12 29697 6081  9%
c W 104.98 55 25 108 103086 1770110 66978 21% 12 29697 6081  9%
c s 106.26 55 26 108 104889 1795207 87973 21% 12 29696 6081  9%
c v 106.30 55 26 108 104889 1795207 87973 21% 12 29687 6081  9%
c w 106.34 55 26 108 104889 1795207 87968 21% 12 29687 6081  9%
c t 106.34 55 26 108 104889 1795207 87967 21% 12 29687 6081  9%
c e 106.36 55 26 108 104889 1795207 68224 21% 12 30640 5768  9%
c s 106.40 55 26 108 104889 1795207 68142 21% 12 30491 5768  9%
c 
c  seconds    reductions          redundant   irredundant
c          MB       restarts             trail      variables
c           level          conflicts         glue        remaining
c 
c - 106.67 55 26 109 105313 1798762 50290 21% 13 30491 5768  9%
c F 108.01 55 24 109 106312 1830111 76208 21% 12 30491 5768  9%
c - 108.19 55 25 110 106565 1831763 58243 21% 12 30491 5768  9%
c - 109.96 55 26 111 111106 1865064 63245 21% 13 30491 5768  9%
c d 110.94 55 25 111 114335 1890025 83979 20% 13 30491 5766  9%
c 3 110.95 55 25 111 114335 1890025 86816 20% 13 30491 5766  9%
c p 110.99 55 25 111 114335 1890025 89168 20% 13 30491 5766  9%
c B 111.02 55 25 111 114335 1891112 89885 20% 13 30491 5766  9%
c - 111.38 55 25 112 114673 1898667 63401 20% 13 30491 5766  9%
c s 112.96 55 25 112 116246 1929734 87280 20% 12 30480 5766  9%
c v 113.01 55 25 112 116246 1929734 87280 20% 12 30476 5766  9%
c w 113.05 55 25 112 116246 1929734 87272 20% 12 30476 5766  9%
c t 113.05 55 25 112 116246 1929734 87272 20% 12 30474 5766  9%
c e 113.06 55 25 112 116246 1929734 87230 20% 12 30478 5765  9%
c s 113.12 55 25 112 116246 1929734 87011 20% 12 30477 5765  9%
c - 113.33 55 25 113 116841 1932567 63584 20% 12 30477 5765  9%
c W 115.08 55 26 113 118797 1953114 81839 20% 13 30477 5765  9%
c - 115.64 55 25 114 118832 1966769 64538 20% 12 30477 5765  9%
c - 117.03 55 24 115 123796 2001270 65675 19% 13 30477 5765  9%
c # 117.61 55 24 115 126034 2016115 78246 19% 13 30477 5765  9%
c 
c  seconds    reductions          redundant   irredundant
c          MB       restarts             trail      variables
c           level          conflicts         glue        remaining
c 
c d 118.68 55 26 115 127251 2030025 90648 20% 13 30477 5763  9%
c 3 118.69 55 26 115 127251 2030025 92805 20% 13 30477 5763  9%
c p 118.73 55 26 115 127251 2030025 95169 20% 13 30477 5763  9%
c - 119.30 55 27 116 127844 2036071 68765 20% 13 30477 5763  9%
c } 119.71 55 26 116 128715 2047013 78049 20% 13 30477 5763  9%
c [ 119.71 55 59 116 128715 2047013 78049 40% 41 30477 5763  9%
c s 121.00 55 50 116 128724 2069070 93899 35% 35 30475 5763  9%
c v 121.06 55 50 116 128724 2069070 93899 35% 35 30471 5763  9%
c w 121.10 55 50 116 128724 2069070 93895 35% 35 30471 5763  9%
c e 121.11 55 50 116 128724 2069070 93330 35% 35 30475 5762  9%
c s 121.17 55 50 116 128724 2069070 93214 35% 35 30474 5762  9%
c - 121.32 55 51 117 128726 2071173 66544 35% 36 30474 5762  9%
c I 121.88 55 54 117 128730 2080116 74956 36% 37 30474 5762  9%
c - 123.45 68 52 118 128736 2106573 68715 36% 36 30474 5762  9%
c - 126.09 55 51 119 128751 2142274 66425 36% 36 30474 5762  9%
c B 126.29 55 51 119 128751 2145117 68774 36% 36 30474 5762  9%
c 3 128.46 55 57 119 128766 2175025 98502 37% 39 30474 5762  9%
c p 128.51 55 57 119 128766 2175025 101030 37% 39 30474 5762  9%
c - 128.90 69 57 120 128766 2178274 66865 37% 39 30474 5762  9%
c W 132.32 69 58 120 128768 2211119 94241 38% 43 30474 5762  9%
c 
c  seconds    reductions          redundant   irredundant
c          MB       restarts             trail      variables
c           level          conflicts         glue        remaining
c 
c - 132.58 55 58 121 128768 2214574 64934 38% 42 30474 5762  9%
c - 136.08 70 60 122 128769 2251174 67726 40% 43 30474 5762  9%
c O 138.96 70 60 122 128769 2278122 93006 40% 43 30474 5762  9%
c - 139.67 55 58 123 128769 2288076 71585 39% 41 30474 5762  9%
c 3 142.86 55 51 123 128770 2325025 108718 39% 35 30474 5762  9%
c p 142.91 55 51 123 128770 2325025 111251 39% 35 30474 5762  9%
c - 143.01 66 51 124 128770 2325277 71631 39% 35 30474 5762  9%
c B 144.58 66 55 124 128770 2346123 91112 38% 37 30474 5762  9%
c - 146.21 66 57 125 128770 2362778 71055 38% 38 30474 5762  9%
c - 150.47 66 59 126 128770 2400579 71886 37% 41 30474 5762  9%
c W 152.82 66 60 126 128770 2415124 84740 37% 43 30474 5762  9%
c - 155.24 82 59 127 128777 2438679 73790 37% 42 30474 5762  9%
c - 156.57 66 51 128 128794 2477079 69908 32% 36 30474 5762  9%
c 3 156.69 66 50 128 128796 2480025 73805 31% 36 30474 5762  9%
c p 156.72 66 50 128 128796 2480025 76348 31% 36 30474 5762  9%
c I 156.90 66 49 128 128799 2485126 80463 31% 35 30474 5762  9%
c - 158.97 66 59 129 128804 2515783 72050 33% 39 30474 5762  9%
c - 162.82 85 71 130 128823 2554783 75740 36% 45 30474 5762  9%
c B 162.95 85 71 130 128823 2556128 77046 36% 45 30474 5762  9%
c - 166.40 66 69 131 128832 2594083 74128 38% 45 30474 5762  9%
c 
c  seconds    reductions          redundant    irredundant
c          MB       restarts              trail      variables
c           level          conflicts          glue        remaining
c 
c W 171.22 66 66 131 128833 2628130 103882 39% 45 30474 5762  9%
c - 171.97 72 66 132 128837 2633683 75461 39% 45 30474 5762  9%
c 3 172.63 72 65 132 128840 2640025 83208 39% 45 30474 5762  9%
c p 172.66 72 65 132 128840 2640025 85649 39% 45 30474 5762  9%
c - 174.48 72 62 133 128855 2673588 76204 38% 41 30474 5762  9%
c O 175.66 72 59 133 128864 2701131 100594 34% 39 30474 5762  9%
c - 176.68 72 56 134 128866 2713792 74832 34% 37 30474 5762  9%
c - 178.82 72 50 135 128886 2754292 74517 31% 33 30474 5762  9%
c B 179.91 72 49 135 128894 2775134 93693 30% 32 30474 5762  9%
c - 180.63 72 47 136 128895 2795093 75406 29% 30 30474 5762  9%
c s 180.69 72 47 136 128895 2795093 75251 29% 30 30474 5762  9%
c v 180.81 72 47 136 128895 2795093 75251 29% 30 30435 5762  9%
c w 180.90 72 47 136 128895 2795093 75238 29% 30 30435 5762  9%
c e 180.90 72 47 136 128895 2795093 75062 29% 30 30439 5761  9%
c s 180.96 72 47 136 128895 2795093 74956 29% 30 30438 5761  9%
c d 181.39 72 46 136 128896 2805025 84289 29% 30 30438 5760  9%
c 3 181.40 72 46 136 128896 2805025 86336 29% 30 30438 5760  9%
c p 181.44 72 46 136 128896 2805025 88815 29% 30 30438 5760  9%
c - 183.18 72 44 137 128897 2836194 76425 27% 29 30438 5760  9%
c W 184.60 72 43 137 128897 2850135 89193 27% 29 30438 5760  9%
c 
c  seconds    reductions          redundant   irredundant
c          MB       restarts             trail      variables
c           level          conflicts         glue        remaining
c 
c - 186.58 72 41 138 128897 2877594 77269 26% 29 30438 5760  9%
c - 189.53 72 39 139 128911 2919294 78460 24% 28 30438 5760  9%
c I 190.08 72 38 139 128912 2926138 83797 24% 28 30438 5760  9%
c s 190.95 72 37 139 128922 2943987 99543 24% 27 30438 5760  9%
c w 191.03 72 37 139 128922 2943987 99542 24% 27 30438 5760  9%
c s 191.06 72 37 139 128922 2943987 99525 24% 27 30438 5760  9%
c ^ 191.07 72 37 139 128922 2943987 99525 24% 27 30438 5760  9%
c - 192.06 72 36 140 128928 2961294 77109 23% 27 30438 5760  9%
c 3 192.86 72 35 140 128928 2975027 89927 23% 26 30438 5760  9%
c p 192.91 72 35 140 128928 2975027 92403 23% 26 30438 5760  9%
c B 194.68 72 33 140 128943 3003140 114594 22% 25 30438 5760  9%
c - 194.74 72 33 141 128943 3003594 75704 22% 25 30438 5760  9%
c - 196.98 72 35 142 128959 3046194 75706 23% 27 30438 5760  9%
c W 199.69 72 35 142 128960 3081142 106083 22% 27 30438 5760  9%
c - 200.32 72 34 143 128960 3089095 79270 22% 27 30438 5760  9%
c s 200.92 72 34 143 128963 3097698 85927 22% 27 30438 5760  9%
c w 200.99 72 34 143 128963 3097698 85926 22% 27 30438 5760  9%
c e 201.02 72 34 143 128963 3097698 38865 22% 27 38292 4490  7%
c s 201.06 72 34 143 128963 3097698 38799 22% 27 38082 4490  7%
c - 202.66 72 33 144 128980 3132295 55058 28% 26 38082 4490  7%
c 
c  seconds    reductions          redundant   irredundant
c          MB       restarts             trail      variables
c           level          conflicts         glue        remaining
c 
c p 203.62 72 32 144 128989 3150027 74005 28% 26 38082 4490  7%
c O 204.17 72 32 144 128991 3160144 82044 28% 26 38082 4490  7%
c - 205.22 72 33 145 128991 3175795 67066 32% 25 38082 4490  7%
c - 208.90 80 42 146 129013 3219595 70611 40% 29 38082 4490  7%
c B 210.49 80 47 146 129021 3240147 90038 42% 31 38082 4490  7%
c - 211.96 80 56 147 129023 3263695 73418 41% 31 38082 4490  7%
c - 215.68 80 58 148 129024 3308095 74595 42% 34 38082 4490  7%
c W 217.55 80 59 148 129024 3321148 86788 42% 35 38082 4490  7%
c p 218.39 80 60 148 129024 3330028 98078 43% 36 38082 4490  7%
c - 220.48 93 61 149 129024 3352797 75151 43% 38 38082 4490  7%
c - 225.60 112 62 150 129025 3397797 76211 45% 42 38082 4490  7%
c I 226.25 112 62 150 129025 3403149 80738 45% 42 38082 4490  7%
c - 229.41 93 67 151 129025 3443097 77105 45% 44 38082 4490  7%
c B 233.37 93 71 151 129025 3486152 117445 46% 46 38082 4490  7%
c - 233.53 114 71 152 129025 3488699 78769 46% 45 38082 4490  7%
c p 234.37 114 66 152 129026 3515029 104125 41% 42 38082 4490  7%
c - 234.97 93 60 153 129026 3534601 71044 37% 40 38082 4490  7%
c W 236.88 93 51 153 129026 3570153 99790 33% 36 38082 4490  7%
c - 237.36 93 49 154 129026 3580802 69833 32% 35 38082 4490  7%
c - 239.23 93 41 155 129026 3627302 72434 27% 30 38082 4490  7%
c 
c  seconds    reductions          redundant   irredundant
c          MB       restarts             trail      variables
c           level          conflicts         glue        remaining
c 
c O 240.54 93 43 155 129026 3655154 97240 28% 29 38082 4490  7%
c - 241.85 93 43 156 129026 3674104 78487 30% 29 38082 4490  7%
c p 244.87 93 46 156 129026 3705029 110663 34% 31 38082 4490  7%
c - 246.65 118 47 157 129026 3721205 81069 36% 31 38082 4490  7%
c B 248.86 118 47 157 129026 3741157 99956 38% 31 38082 4490  7%
c - 252.72 93 46 158 129033 3768609 82378 41% 31 38082 4490  7%
c - 258.80 102 47 159 129055 3816311 84933 44% 33 38082 4490  7%
c W 260.94 102 48 159 129057 3828161 95904 44% 33 38082 4490  7%
c - 266.06 102 50 160 129071 3864311 84040 45% 35 38082 4490  7%
c p 269.98 102 52 160 129087 3900030 119318 45% 36 38082 4490  7%
c - 271.61 102 51 161 129088 3912611 83272 44% 36 38082 4490  7%
c s 271.70 102 51 161 129088 3912611 82631 44% 36 38075 4490  7%
c v 271.90 102 51 161 129088 3912611 82631 44% 36 37816 4490  7%
c w 272.01 102 51 161 129088 3912611 82604 44% 36 37816 4490  7%
c t 272.01 102 51 161 129088 3912611 82603 44% 36 37814 4490  7%
c e 272.02 102 51 161 129088 3912611 76044 44% 36 37906 4478  7%
c s 272.10 102 51 161 129088 3912611 75939 44% 36 37900 4478  7%
c I 272.49 102 51 161 129088 3916164 79082 44% 36 37900 4478  7%
c - 275.11 102 57 162 129092 3961215 83032 44% 37 37900 4478  7%
c B 278.18 102 57 162 129113 4005165 123600 45% 36 37900 4478  7%
c 
c  seconds     reductions          redundant   irredundant
c           MB       restarts             trail      variables
c            level          conflicts         glue        remaining
c 
c - 278.51 102 57 163 129117 4010117 82227 44% 35 37900 4478  7%
c - 282.97 80 69 164 129132 4059317 83089 47% 42 37900 4478  7%
c ] 286.96 80 68 164 129148 4095014 115416 47% 43 37900 4478  7%
c { 286.96 80 26 164 129148 4095014 115416 27% 13 37900 4478  7%
c B 287.02 80 26 164 129173 4095168 115559 27% 13 37900 4478  7%
c 3 287.54 80 27 164 129459 4100030 120654 27% 13 37900 4478  7%
c p 287.61 80 27 164 129459 4100030 122916 27% 13 37900 4478  7%
c - 288.06 67 27 165 131618 4108817 81785 26% 13 37900 4478  7%
c s 289.93 68 27 165 136083 4142940 110109 25% 13 37895 4478  7%
c v 290.02 68 27 165 136083 4142940 110109 25% 13 37894 4478  7%
c w 290.08 68 27 165 136083 4142940 110093 25% 13 37894 4478  7%
c s 290.20 68 27 165 136083 4142940 109984 25% 13 37894 4478  7%
c - 291.67 77 28 166 137561 4158621 82058 25% 13 37894 4478  7%
c W 294.45 77 30 166 139463 4186172 106514 26% 13 37894 4478  7%
c - 296.12 77 31 167 141062 4208723 85776 26% 13 37894 4478  7%
c - 298.48 77 30 168 148837 4259124 86618 25% 14 37894 4478  7%
c F 299.22 77 29 168 150397 4278173 102567 25% 14 37894 4478  7%
c 3 301.00 77 30 168 152595 4305032 126798 25% 14 37894 4478  7%
c p 301.06 77 30 168 152595 4305032 128977 25% 14 37894 4478  7%
c - 301.34 77 30 169 153367 4309825 86378 25% 14 37894 4478  7%
c 
c  seconds    reductions          redundant    irredundant
c          MB       restarts              trail      variables
c           level          conflicts          glue        remaining
c 
c s 303.66 77 28 169 156536 4358617 126589 24% 14 37888 4478  7%
c v 303.74 77 28 169 156536 4358617 126589 24% 14 37882 4478  7%
c w 303.83 77 28 169 156536 4358617 126557 24% 14 37882 4478  7%
c e 303.85 77 28 169 156536 4358617 126545 24% 14 37881 4477  7%
c s 303.98 77 28 169 156536 4358617 126412 24% 14 37879 4477  7%
c - 304.33 77 28 170 156739 4360826 87292 24% 14 37879 4477  7%
c B 304.72 77 28 170 156916 4371174 96538 24% 13 37879 4477  7%
c - 306.36 77 27 171 162760 4412126 86394 22% 14 37879 4477  7%
c - 310.17 77 29 172 166445 4463727 91092 24% 14 37879 4477  7%
c W 311.10 77 29 172 166558 4465176 92417 24% 14 37879 4477  7%
c d 314.34 77 30 172 171549 4515032 135914 24% 14 37879 4476  7%
c 3 314.35 77 30 172 171549 4515032 136913 24% 14 37879 4476  7%
c 2 314.37 77 30 172 171549 4515032 137282 24% 14 37879 4476  7%
c p 314.42 77 30 172 171549 4515032 139088 24% 14 37879 4476  7%
c - 314.48 82 30 173 171550 4515627 93697 24% 14 37879 4476  7%
c # 316.55 82 28 173 173148 4560180 130867 24% 14 37879 4476  7%
c - 316.84 82 27 174 173295 4567828 92065 24% 14 37879 4476  7%
c s 317.76 82 28 174 173884 4580436 102840 24% 13 37868 4476  7%
c v 317.84 82 28 174 173884 4580436 102840 24% 13 37781 4476  7%
c w 317.90 82 28 174 173884 4580436 102823 24% 13 37781 4476  7%
c 
c  seconds    reductions          redundant    irredundant
c          MB       restarts              trail      variables
c           level          conflicts          glue        remaining
c 
c e 317.91 82 28 174 173884 4580436 102693 24% 13 37805 4473  7%
c s 318.00 82 28 174 173884 4580436 102606 24% 13 37805 4473  7%
c - 320.77 82 27 175 175512 4620328 94073 24% 13 37805 4473  7%
c B 322.67 82 26 175 179366 4656181 124561 24% 13 37805 4473  7%
c - 323.92 83 27 176 182357 4673128 98189 24% 13 37805 4473  7%
c - 327.79 83 29 177 188598 4726229 99914 24% 14 37805 4473  7%
c 3 328.18 83 29 177 188999 4730032 104393 24% 14 37805 4473  7%
c p 328.22 83 29 177 188999 4730032 106575 24% 14 37805 4473  7%
c W 330.39 83 29 177 190209 4753182 126118 25% 13 37805 4473  7%
c - 332.08 83 27 178 191024 4779629 99610 25% 13 37805 4473  7%
c s 333.48 83 26 178 193152 4808306 123422 24% 13 37801 4473  7%
c v 333.55 83 26 178 193152 4808306 123422 24% 13 37794 4473  7%
c w 333.61 83 26 178 193152 4808306 123405 24% 13 37794 4473  7%
c s 333.74 83 26 178 193152 4808306 123298 24% 13 37791 4473  7%
c - 335.81 84 27 179 195650 4833330 102417 24% 13 37791 4473  7%
c F 337.63 84 29 179 197464 4851184 118843 25% 13 37791 4473  7%
c - 339.86 84 28 180 200030 4887330 101748 24% 13 37791 4473  7%
c - 343.02 84 28 181 208466 4941631 99242 23% 14 37791 4473  7%
c 3 343.82 84 29 181 209384 4950033 107908 24% 14 37791 4473  7%
c 3 343.82 84 29 181 209384 4950033 108241 24% 14 37791 4473  7%
c 
c  seconds    reductions          redundant    irredundant
c          MB       restarts              trail      variables
c           level          conflicts          glue        remaining
c 
c p 343.87 84 29 181 209384 4950033 109789 24% 14 37791 4472  7%
c B 343.89 84 29 181 209395 4950187 109927 24% 14 37791 4472  7%
c - 347.53 84 31 182 212179 4996231 102795 25% 14 37791 4472  7%
c s 349.73 84 28 182 216382 5042292 138660 24% 14 37785 4472  7%
c v 349.82 84 28 182 216382 5042292 138660 24% 14 37780 4472  7%
c w 349.88 84 28 182 216382 5042292 138651 24% 14 37780 4472  7%
c e 349.89 84 28 182 216382 5042292 136497 24% 14 37795 4470  7%
c s 350.01 84 28 182 216382 5042292 136417 24% 14 37794 4470  7%
c W 351.26 84 27 182 216536 5050188 143096 24% 14 37794 4470  7%
c - 351.37 84 28 183 216577 5051133 98879 24% 14 37794 4470  7%
c - 355.20 84 29 184 222544 5106334 103804 25% 14 37794 4470  7%
c # 358.00 84 29 184 228525 5151194 142896 25% 14 37794 4470  7%
c - 358.87 84 29 185 228959 5161834 105288 25% 14 37794 4470  7%
c p 359.93 84 29 185 230406 5175033 120018 25% 14 37794 4470  7%
c - 363.21 87 29 186 232837 5217636 107162 24% 14 37794 4470  7%
c B 365.52 87 28 186 236186 5253197 137859 24% 14 37794 4470  7%
c - 367.71 87 30 187 237687 5273736 107464 25% 14 37794 4470  7%
c s 368.47 87 29 187 238144 5282518 114382 25% 14 37793 4470  7%
c v 368.55 87 29 187 238144 5282518 114382 25% 14 37792 4470  7%
c w 368.62 87 29 187 238144 5282518 114373 25% 14 37792 4470  7%
c 
c  seconds    reductions          redundant    irredundant
c          MB       restarts              trail      variables
c           level          conflicts          glue        remaining
c 
c s 368.77 87 29 187 238144 5282518 114302 25% 14 37792 4470  7%
c - 372.23 87 28 188 241736 5330137 108768 24% 14 37792 4470  7%
c W 374.71 87 28 188 242994 5356199 131132 25% 14 37792 4470  7%
c - 375.63 87 26 189 243429 5386840 105106 25% 13 37792 4470  7%
c p 376.11 87 25 189 243535 5405033 121641 25% 13 37792 4470  7%
c - 377.94 87 25 190 250276 5443840 100549 23% 14 37792 4470  7%
c F 378.89 87 26 190 252039 5460200 115530 23% 14 37792 4470  7%
c - 381.01 87 26 191 254822 5501141 102086 24% 14 37792 4470  7%
c s 383.00 87 27 191 256796 5528900 126729 25% 14 37791 4470  7%
c w 383.13 87 27 191 256796 5528900 126727 25% 14 37791 4470  7%
c e 383.14 87 27 191 256796 5528900 126576 25% 14 37799 4469  7%
c s 383.23 87 27 191 256796 5528900 126543 25% 14 37799 4469  7%
c ^ 383.24 87 27 191 256796 5528900 126543 25% 14 37799 4469  7%
c - 385.46 87 28 192 258357 5558741 107875 25% 14 37799 4469  7%
c B 385.63 87 27 192 258364 5565201 112902 25% 13 37799 4469  7%
c - 389.65 87 27 193 263832 5616641 109112 24% 14 37799 4469  7%
c 3 391.03 87 27 193 265052 5640033 131557 25% 13 37799 4469  7%
c p 391.09 87 27 193 265052 5640033 133085 25% 13 37799 4469  7%
c W 394.76 87 27 193 268315 5671202 160535 25% 13 37799 4469  7%
c - 395.15 90 27 194 268493 5674841 111707 24% 13 37799 4469  7%
c 
c  seconds    reductions          redundant    irredundant
c          MB       restarts              trail      variables
c           level          conflicts          glue        remaining
c 
c - 399.17 90 26 195 272253 5733341 113806 24% 13 37799 4469  7%
c # 401.98 90 26 195 274406 5778206 152115 24% 13 37799 4469  7%
c s 402.40 90 26 195 274789 5781487 154858 25% 13 37795 4469  7%
c v 402.49 90 26 195 274789 5781487 154858 25% 13 37793 4469  7%
c w 402.57 90 26 195 274789 5781487 154851 25% 13 37793 4469  7%
c e 402.62 90 26 195 274789 5781487 69817 25% 13 45492 3839  6%
c s 402.71 90 26 195 274789 5781487 69566 25% 13 45208 3839  6%
c - 403.48 90 27 196 275861 5792141 59693 29% 13 45208 3839  6%
c - 406.46 90 30 197 282394 5851242 87706 26% 14 45208 3839  6%
c 3 407.99 90 29 197 284014 5880033 114926 27% 13 45208 3839  6%
c 2 408.00 90 29 197 284014 5880033 115125 27% 13 45207 3839  6%
c p 408.04 90 29 197 284014 5880033 116313 27% 13 45207 3839  6%
c B 408.34 90 29 197 284398 5886208 121839 26% 13 45207 3839  6%
c - 410.09 90 29 198 286694 5910643 98248 26% 13 45207 3839  6%
c - 413.98 90 30 199 294438 5970343 101820 25% 14 45207 3839  6%
c W 416.03 90 29 199 295234 5995213 122956 25% 14 45207 3839  6%
c - 418.08 90 29 200 299710 6030343 101407 26% 14 45207 3839  6%
c s 420.16 90 28 200 303997 6080341 142478 26% 14 45187 3839  6%
c v 420.26 90 28 200 303997 6080341 142478 26% 14 45101 3839  6%
c w 420.33 90 28 200 303997 6080341 142457 26% 14 45101 3839  6%
c 
c  seconds    reductions          redundant    irredundant
c          MB       restarts              trail      variables
c           level          conflicts          glue        remaining
c 
c t 420.34 90 28 200 303997 6080341 142457 26% 14 45091 3839  6%
c s 420.52 90 28 200 303997 6080341 142281 26% 14 45089 3839  6%
c - 420.76 90 27 201 304195 6090643 102576 25% 14 45089 3839  6%
c F 421.41 90 28 201 304836 6105215 114513 25% 14 45089 3839  6%
c p 422.99 90 29 201 305945 6125035 134723 26% 14 45089 3839  6%
c - 424.19 90 28 202 308548 6151243 102238 25% 14 45089 3839  6%
c - 427.09 90 28 203 313782 6212144 103550 24% 14 45089 3839  6%
c B 427.18 90 27 203 314231 6216218 106612 24% 15 45089 3839  6%
c - 431.55 90 30 204 317852 6273344 106906 26% 14 45089 3839  6%
c W 436.86 90 30 204 320637 6328221 154210 27% 14 45089 3839  6%
c - 437.25 90 30 205 321899 6334844 108647 27% 14 45089 3839  6%
c 2 438.66 90 28 205 323360 6375035 143543 26% 14 45089 3839  6%
c p 438.71 90 28 205 323360 6375035 144721 26% 14 45089 3839  6%
c s 439.83 90 28 205 324408 6385986 152992 26% 14 45086 3839  6%
c v 439.93 90 28 205 324408 6385986 152992 26% 14 45024 3839  6%
c w 440.02 90 28 205 324408 6385986 152973 26% 14 45024 3839  6%
c t 440.03 90 28 205 324408 6385986 152970 26% 14 45024 3839  6%
c s 440.27 90 28 205 324408 6385986 152825 26% 14 45022 3839  6%
c - 441.40 90 28 206 325327 6396644 111508 26% 14 45022 3839  6%
c # 444.15 90 27 206 327495 6441223 150960 27% 13 45022 3839  6%
c 
c  seconds    reductions          redundant    irredundant
c          MB       restarts              trail      variables
c           level          conflicts          glue        remaining
c 
c - 445.22 90 27 207 328431 6458744 109703 26% 13 45022 3839  6%
c - 448.92 90 26 208 335846 6521147 108867 25% 13 45022 3839  6%
c B 451.05 90 27 208 339889 6555224 137789 25% 14 45022 3839  6%
c - 453.62 90 29 209 342051 6583848 112060 26% 14 45022 3839  6%
c 3 458.25 90 31 209 346040 6630035 155042 26% 14 45022 3839  6%
c p 458.32 90 31 209 346040 6630035 156506 26% 14 45022 3839  6%
c - 459.33 90 29 210 346719 6646850 115026 26% 14 45022 3839  6%
c W 462.10 90 31 210 348200 6670225 135784 27% 14 45022 3839  6%
c s 464.38 90 29 210 349292 6698547 159850 27% 13 45019 3839  6%
c v 464.50 90 29 210 349292 6698547 159850 27% 13 44651 3839  6%
c w 464.58 90 29 210 349292 6698547 159840 27% 13 44651 3839  6%
c e 464.59 90 29 210 349292 6698547 156193 27% 13 44775 3826  6%
c s 464.82 90 29 210 349292 6698547 156086 27% 13 44748 3826  6%
c e 464.83 90 29 210 349292 6698547 155492 27% 13 44777 3824  6%
c - 466.50 90 31 211 350495 6710152 115306 27% 13 44777 3824  6%
c - 470.86 90 31 212 357119 6773752 117270 27% 14 44777 3824  6%
c F 471.82 90 31 212 358432 6786226 128389 27% 14 44777 3824  6%
c - 475.44 90 31 213 363074 6837654 117360 26% 14 44777 3824  6%
c 3 479.25 90 30 213 368053 6890035 163126 25% 14 44777 3824  6%
c p 479.33 90 30 213 368053 6890035 164592 25% 14 44777 3824  6%
c 
c  seconds    reductions          redundant    irredundant
c          MB       restarts              trail      variables
c           level          conflicts          glue        remaining
c 
c - 479.99 90 29 214 368438 6901855 116776 25% 14 44777 3824  6%
c B 480.07 90 29 214 368664 6903229 118056 25% 14 44777 3824  6%
c - 484.64 90 28 215 374485 6966356 119239 25% 14 44777 3824  6%
c s 488.22 90 27 215 377664 7018012 163523 25% 13 44762 3824  6%
c v 488.33 90 27 215 377664 7018012 163523 25% 13 44761 3824  6%
c w 488.42 90 27 215 377664 7018012 163520 25% 13 44761 3824  6%
c s 488.62 90 27 215 377664 7018012 163432 25% 13 44754 3824  6%
c W 489.76 90 27 215 377681 7021230 165974 25% 13 44754 3824  6%
c - 490.44 90 27 216 379118 7031157 119941 25% 13 44754 3824  6%
c - 493.06 90 25 217 385957 7096257 115164 25% 14 44754 3824  6%
c # 495.81 90 24 217 387684 7140231 153122 26% 13 44754 3824  6%
c 2 496.57 90 22 217 387727 7155035 164579 26% 13 44754 3824  6%
c p 496.61 90 22 217 387727 7155035 165770 26% 13 44754 3824  6%
c - 497.00 90 22 218 387739 7161657 111929 26% 12 44754 3824  6%
c - 502.89 90 26 219 394921 7227358 124807 26% 13 44754 3824  6%
c B 506.21 90 28 219 398238 7260233 154830 27% 13 44754 3824  6%
c - 510.61 90 29 220 401819 7293359 129729 27% 13 44754 3824  6%
c s 513.93 90 23 220 402695 7344511 163102 27% 12 44753 3824  6%
c v 514.05 90 23 220 402695 7344511 163102 27% 12 44752 3824  6%
c w 514.18 90 23 220 402695 7344511 163089 27% 12 44752 3824  6%
c 
c  seconds    reductions          redundant    irredundant
c          MB       restarts              trail      variables
c           level          conflicts          glue        remaining
c 
c t 514.19 90 23 220 402695 7344511 163087 27% 12 44752 3824  6%
c s 514.48 90 23 220 402695 7344511 162188 27% 12 44752 3824  6%
c i 514.82 90 22 220 402695 7348831 164717 27% 12 44752 3822  6%
c - 516.36 90 23 221 404441 7359659 80231 27% 12 44742 3822  6%
c W 517.95 90 24 221 407427 7381234 98765 27% 12 44742 3822  6%
c p 520.62 90 24 221 412948 7425035 136478 26% 13 44742 3822  6%
c - 520.82 90 24 222 413137 7426260 108761 26% 13 44742 3822  6%
c - 524.85 90 25 223 419639 7493161 117446 25% 13 44742 3822  6%
c F 525.22 90 25 223 420450 7503236 126152 25% 13 44742 3822  6%
c - 528.11 90 25 224 427529 7560361 119113 24% 14 44742 3822  6%
c B 532.66 90 25 224 433109 7626239 176839 24% 13 44742 3822  6%
c - 532.93 90 25 225 433408 7627863 123471 24% 13 44742 3822  6%
c s 535.90 90 25 225 436365 7678102 164959 24% 13 44710 3822  6%
c v 536.01 90 25 225 436365 7678102 164959 24% 13 44669 3822  6%
c w 536.13 90 25 225 436365 7678102 164946 24% 13 44669 3822  6%
c e 536.14 90 25 225 436365 7678102 158657 24% 13 44835 3806  6%
c s 536.43 90 25 225 436365 7678102 158443 24% 13 44801 3806  6%
c - 537.81 90 26 226 438556 7695665 128076 24% 13 44801 3806  6%
c p 538.02 90 26 226 439304 7700035 133357 23% 14 44801 3806  6%
c W 541.50 90 25 226 443249 7750243 175796 23% 14 44801 3806  6%
c 
c  seconds    reductions          redundant    irredundant
c          MB       restarts              trail      variables
c           level          conflicts          glue        remaining
c 
c - 543.24 90 26 227 444733 7763765 126453 24% 14 44801 3806  6%
c - 549.40 90 26 228 449703 7832169 128700 25% 13 44801 3806  6%
c # 554.02 90 28 228 453557 7875244 168027 26% 13 44801 3806  6%
c - 555.12 93 26 229 453962 7900869 132082 25% 13 44801 3806  6%
c - 559.82 107 26 230 460906 7969869 130051 24% 14 44801 3806  6%
c 2 560.16 107 26 230 462667 7980035 139304 24% 14 44801 3806  6%
c p 560.20 107 26 230 462667 7980035 140226 24% 14 44801 3806  6%
c B 561.71 107 26 230 464118 8001245 158233 25% 14 44801 3806  6%
c s 562.67 107 26 230 465111 8019593 173297 24% 14 44800 3806  6%
c v 562.78 107 26 230 465111 8019593 173297 24% 14 44799 3806  6%
c w 562.87 107 26 230 465111 8019593 173285 24% 14 44799 3806  6%
c e 562.89 107 26 230 465111 8019593 173281 24% 14 44804 3805  6%
c s 563.11 107 26 230 465111 8019593 173189 24% 14 44803 3805  6%
c - 564.43 107 26 231 467658 8039170 128565 24% 14 44803 3805  6%
c - 568.17 107 26 232 474234 8108772 127458 23% 14 44803 3805  6%
c W 569.74 107 25 232 476925 8128246 143307 23% 14 44803 3805  6%
c - 572.43 107 25 233 479551 8178672 127109 23% 14 44803 3805  6%
c } 573.25 107 25 233 480378 8191017 138075 23% 14 44803 3805  6%
c [ 573.25 107 68 233 480378 8191017 138075 55% 43 44803 3805  6%
c - 576.93 107 46 234 480382 8248872 120782 43% 31 44803 3805  6%
c 
c  seconds     reductions          redundant    irredundant
c           MB       restarts              trail      variables
c            level          conflicts          glue        remaining
c 
c W 578.50 107 44 234 480383 8256247 126221 42% 30 44803 3805  6%
c p 579.15 107 42 234 480383 8265036 134808 41% 28 44803 3805  6%
c - 583.85 107 32 235 480383 8319372 122810 36% 23 44803 3805  6%
c s 587.54 107 27 235 480408 8368241 159363 33% 20 44802 3805  6%
c w 587.74 107 27 235 480408 8368241 159358 33% 20 44802 3805  6%
c t 587.74 107 27 235 480408 8368241 159357 33% 20 44802 3805  6%
c s 587.91 107 27 235 480408 8368241 159312 33% 20 44802 3805  6%
c O 589.30 107 25 235 480413 8385249 171838 33% 19 44802 3805  6%
c - 589.57 107 25 236 480414 8390172 123413 32% 19 44802 3805  6%
c - 595.35 107 38 237 480444 8461274 130857 37% 27 44802 3805  6%
c B 601.19 107 43 237 480446 8515250 179628 40% 31 44802 3805  6%
c - 602.47 113 47 238 480455 8532674 134291 40% 32 44802 3805  6%
c 3 604.44 113 51 238 480464 8555037 154357 42% 34 44802 3805  6%
c p 604.52 113 51 238 480464 8555037 155850 42% 34 44802 3805  6%
c - 610.43 113 51 239 480480 8604374 127363 44% 36 44802 3805  6%
c W 616.44 113 50 239 480499 8646251 165162 45% 35 44802 3805  6%
c - 619.37 113 54 240 480508 8676374 130578 45% 39 44802 3805  6%
c - 627.66 87 58 241 480510 8748675 132937 46% 42 44802 3805  6%
c I 631.28 87 59 241 480510 8778253 158641 47% 43 44802 3805  6%
c - 635.55 83 55 242 480511 8821276 131405 45% 39 44802 3805  6%
c 
c  seconds    reductions          redundant    irredundant
c          MB       restarts              trail      variables
c           level          conflicts          glue        remaining
c 
c p 638.75 83 53 242 480511 8850038 158185 45% 38 44802 3805  6%
c - 643.51 106 49 243 480511 8894176 130777 44% 36 44802 3805  6%
c B 645.45 106 47 243 480511 8911255 143732 43% 36 44802 3805  6%
c - 648.91 106 45 244 480536 8967376 133931 38% 33 44802 3805  6%
c - 656.90 108 49 245 480563 9040876 134169 42% 36 44802 3805  6%
c W 658.35 108 50 245 480564 9045258 138275 42% 36 44802 3805  6%
c - 665.34 134 52 246 480574 9114678 132449 45% 37 44802 3805  6%
c p 669.81 134 51 246 480589 9150038 165502 45% 38 44802 3805  6%
c O 673.59 134 53 246 480604 9180260 193010 47% 40 44802 3805  6%
c - 674.33 134 51 247 480605 9188780 134348 46% 38 44802 3805  6%
c - 680.04 134 49 248 480635 9263181 136688 43% 32 44802 3805  6%
c B 685.99 134 47 248 480637 9316264 184348 43% 32 44802 3805  6%
c - 687.86 134 51 249 480638 9337881 138268 43% 34 44802 3805  6%
c - 696.88 134 58 250 480653 9412881 140570 45% 40 44802 3805  6%
c W 701.83 134 56 250 480669 9453265 177729 46% 39 44802 3805  6%
c p 702.16 134 56 250 480669 9455038 181383 46% 39 44802 3805  6%
c - 706.16 147 57 251 480683 9488182 138914 48% 41 44802 3805  6%
c - 714.73 147 57 252 480701 9563783 137126 50% 42 44802 3805  6%
c I 718.32 147 57 252 480708 9591266 160305 50% 42 44802 3805  6%
c - 721.37 147 55 253 480730 9639684 138677 45% 39 44802 3805  6%
c 
c  seconds     reductions          redundant    irredundant
c           MB       restarts              trail      variables
c            level          conflicts          glue        remaining
c 
c - 725.72 147 50 254 480758 9715884 138529 40% 32 44802 3805  6%
c B 726.74 147 50 254 480762 9730267 151887 40% 32 44802 3805  6%
c p 729.78 147 58 254 480764 9765041 186779 41% 36 44802 3805  6%
c - 732.63 147 60 255 480765 9792384 141023 43% 38 44802 3805  6%
c - 743.18 182 64 256 480766 9869186 145775 47% 44 44802 3805  6%
c W 744.34 182 64 256 480766 9870268 146784 47% 44 44802 3805  6%
c - 756.74 147 64 257 480766 9946286 147038 47% 46 44802 3805  6%
c O 766.74 147 63 257 480767 10011269 204783 48% 47 44802 3805  6%
c - 767.84 179 59 258 480767 10023686 150632 46% 44 44802 3805  6%
c p 773.00 179 46 258 480767 10080041 205227 43% 33 44802 3805  6%
c - 775.30 147 49 259 480767 10101388 145353 44% 34 44802 3805  6%
c B 782.42 147 49 259 480767 10153271 193078 45% 36 44802 3805  6%
c - 784.44 179 56 260 480767 10179390 146265 44% 37 44802 3805  6%
c s 784.66 179 56 260 480767 10179390 145916 44% 37 44802 3805  6%
c v 784.90 179 56 260 480767 10179390 145916 44% 37 44699 3805  6%
c w 785.36 179 56 260 480767 10179390 145895 44% 37 44699 3805  6%
c t 785.36 179 56 260 480767 10179390 145894 44% 37 44699 3805  6%
c e 785.37 179 56 260 480767 10179390 144953 44% 37 44760 3794  6%
c s 785.59 179 56 260 480767 10179390 144785 44% 37 44752 3794  6%
c - 794.07 147 64 261 480768 10257691 146760 47% 43 44752 3794  6%
c 
c  seconds     reductions           redundant    irredundant
c           MB       restarts               trail      variables
c            level          conflicts           glue        remaining
c 
c W 799.69 147 65 261 480768 10296272 183429 47% 45 44752 3794  6%
c - 806.36 187 70 262 480768 10336292 149475 48% 50 44752 3794  6%
c p 817.34 187 73 262 480768 10400041 209627 47% 54 44752 3794  6%
c - 820.45 147 73 263 480768 10415194 153868 47% 54 44752 3794  6%
c I 824.14 147 71 263 480768 10440273 176039 47% 53 44752 3794  6%
c - 830.52 187 77 264 480768 10494395 154699 47% 55 44752 3794  6%
c - 839.57 147 78 265 480768 10573895 150828 47% 53 44752 3794  6%
c B 841.16 147 78 265 480768 10585274 161647 47% 54 44752 3794  6%
c - 848.15 182 75 266 480768 10653696 151252 45% 51 44752 3794  6%
c p 855.69 182 73 266 480768 10725041 220586 45% 49 44752 3794  6%
c W 857.65 182 73 266 480768 10731275 226462 45% 49 44752 3794  6%
c - 858.03 147 73 267 480768 10733797 152807 45% 49 44752 3794  6%
c - 867.71 179 70 268 480785 10814197 148790 46% 49 44752 3794  6%
c O 875.17 179 67 268 480809 10878276 206941 47% 48 44752 3794  6%
c - 876.50 147 66 269 480814 10894898 148402 46% 45 44752 3794  6%
c - 885.00 147 54 270 480831 10975898 145170 46% 38 44752 3794  6%
c B 891.54 147 50 270 480855 11026277 190809 47% 35 44752 3794  6%
c p 893.98 147 51 270 480862 11055044 219559 45% 35 44752 3794  6%
c - 894.26 147 52 271 480862 11057198 153103 46% 35 44752 3794  6%
c - 904.27 183 62 272 480893 11138799 149985 48% 42 44752 3794  6%
c 
c  seconds     reductions           redundant    irredundant
c           MB       restarts               trail      variables
c            level          conflicts           glue        remaining
c 
c W 910.45 183 65 272 480894 11175280 181833 48% 46 44752 3794  6%
c - 918.60 147 64 273 480895 11220700 147945 48% 48 44752 3794  6%
c - 933.38 181 65 274 480924 11302903 147124 49% 52 44752 3794  6%
c I 936.71 181 65 274 480926 11325282 165428 49% 52 44752 3794  6%
c - 943.28 147 65 275 480955 11385403 153965 48% 49 44752 3794  6%
c p 943.86 147 65 275 480956 11390045 160190 48% 49 44752 3794  6%
c - 954.41 152 58 276 480972 11468205 151106 47% 43 44752 3794  6%
c B 955.46 152 58 276 480973 11476283 158675 48% 43 44752 3794  6%
c - 965.13 152 51 277 481003 11551305 152465 46% 38 44752 3794  6%
c W 976.06 152 49 277 481021 11628286 221187 46% 38 44752 3794  6%
c - 977.30 152 50 278 481021 11634707 151744 46% 39 44752 3794  6%
c - 988.49 179 49 279 481023 11718408 155176 47% 38 44752 3794  6%
c p 990.11 179 49 279 481023 11730046 167384 47% 39 44752 3794  6%
c O 998.98 179 47 279 481023 11781287 209042 47% 39 44752 3794  6%
c - 1000.74 179 45 280 481023 11802409 154849 45% 35 44752 3794  6%
c - 1009.54 179 50 281 481045 11886709 156485 44% 36 44752 3794  6%
c B 1014.47 179 52 281 481060 11935288 200921 44% 36 44752 3794  6%
c - 1018.91 184 50 282 481076 11971311 155528 45% 35 44752 3794  6%
c - 1029.21 184 53 283 481093 12056212 158679 44% 37 44752 3794  6%
c s 1029.46 184 53 283 481093 12056212 158309 44% 37 44752 3794  6%
c 
c   seconds     reductions           redundant    irredundant
c            MB       restarts               trail      variables
c             level          conflicts           glue        remaining
c 
c v 1029.73 184 53 283 481093 12056212 158309 44% 37 44703 3794  6%
c w 1030.18 184 53 283 481093 12056212 158286 44% 37 44703 3794  6%
c s 1030.43 184 53 283 481093 12056212 158175 44% 37 44703 3794  6%
c p 1032.73 184 54 283 481101 12075046 178084 44% 38 44703 3794  6%
c W 1035.46 184 58 283 481109 12090289 192123 44% 40 44703 3794  6%
c - 1041.29 184 64 284 481126 12141412 161820 46% 43 44703 3794  6%
c - 1050.78 117 61 285 481149 12226912 158370 43% 40 44703 3794  6%
c I 1052.95 117 61 285 481150 12246294 176230 44% 41 44703 3794  6%
c - 1058.29 151 59 286 481153 12312714 161112 42% 36 44703 3794  6%
c - 1070.64 154 57 287 481186 12398815 156974 48% 39 44703 3794  6%
c B 1071.16 154 57 287 481188 12403297 161205 48% 39 44703 3794  6%
c p 1073.08 154 57 287 481196 12425047 183552 47% 39 44703 3794  6%
c - 1078.45 118 56 288 481213 12485215 159686 46% 36 44703 3794  6%
c W 1089.26 118 54 288 481240 12561300 228501 47% 36 44703 3794  6%
c - 1091.15 149 53 289 481243 12571916 159730 47% 36 44703 3794  6%
c - 1104.21 149 51 290 481274 12658916 160844 47% 37 44703 3794  6%
c O 1112.55 149 52 290 481277 12720301 213561 47% 40 44703 3794  6%
c - 1114.73 149 49 291 481277 12746217 161042 46% 36 44703 3794  6%
c p 1117.77 149 47 291 481278 12780047 194438 44% 33 44703 3794  6%
c - 1123.13 149 49 292 481278 12833818 159918 43% 35 44703 3794  6%
c 
c   seconds     reductions           redundant    irredundant
c            MB       restarts               trail      variables
c             level          conflicts           glue        remaining
c 
c B 1127.98 149 48 292 481278 12880302 200221 42% 34 44703 3794  6%
c - 1132.52 149 52 293 481279 12921718 163693 44% 35 44703 3794  6%
c - 1146.32 188 61 294 481279 13009919 167288 47% 40 44703 3794  6%
c W 1152.60 188 63 294 481279 13041304 197039 47% 42 44703 3794  6%
c - 1160.35 149 61 295 481279 13098422 172254 47% 42 44703 3794  6%
c p 1166.29 149 61 295 481279 13140049 213249 48% 43 44703 3794  6%
c - 1174.68 183 60 296 481287 13187223 168602 48% 43 44703 3794  6%
c I 1176.83 183 60 296 481294 13203306 183598 48% 43 44703 3794  6%
c - 1185.79 149 68 297 481323 13276324 164454 46% 50 44703 3794  6%
c - 1199.66 182 73 298 481342 13365724 159147 47% 59 44703 3794  6%
c B 1199.77 182 73 298 481342 13366308 159616 47% 59 44703 3794  6%
c - 1210.09 149 66 299 481373 13455425 161046 47% 50 44703 3794  6%
c p 1217.19 149 62 299 481397 13505051 206332 48% 46 44703 3794  6%
c W 1221.74 149 59 299 481404 13530311 228367 48% 44 44703 3794  6%
c - 1223.91 149 58 300 481405 13545425 164167 49% 42 44703 3794  6%
c - 1237.72 181 50 301 481406 13635725 163505 49% 37 44703 3794  6%
c O 1248.08 181 48 301 481435 13695312 212657 49% 37 44703 3794  6%
c - 1251.08 181 44 302 481440 13726325 169258 47% 33 44703 3794  6%
c - 1258.22 181 45 303 481469 13817225 167740 43% 30 44703 3794  6%
c B 1260.21 181 42 303 481483 13861314 207078 38% 28 44703 3794  6%
c 
c   seconds     reductions           redundant    irredundant
c            MB       restarts               trail      variables
c             level          conflicts           glue        remaining
c 
c 3 1260.62 181 41 303 481487 13875051 220137 36% 28 44703 3794  6%
c p 1260.73 181 41 303 481487 13875051 221476 36% 28 44703 3794  6%
c - 1262.14 111 37 304 481500 13908425 162147 33% 27 44703 3794  6%
c s 1262.40 111 37 304 481500 13908425 161810 33% 27 44703 3794  6%
c w 1262.91 111 37 304 481500 13908425 161784 33% 27 44703 3794  6%
c t 1262.91 111 37 304 481500 13908425 161782 33% 27 44703 3794  6%
c - 1270.09 139 44 305 481531 13999927 165639 37% 30 44703 3794  6%
c W 1273.79 139 48 305 481532 14028315 191559 40% 33 44703 3794  6%
c - 1282.03 171 53 306 481533 14091727 166219 44% 37 44703 3794  6%
c - 1295.97 139 55 307 481534 14183828 166744 46% 41 44703 3794  6%
c I 1297.57 139 55 307 481534 14196316 177378 46% 41 44703 3794  6%
c 3 1303.82 139 67 307 481541 14250052 227462 47% 49 44703 3793  6%
c p 1303.94 139 67 307 481541 14250052 228557 47% 49 44703 3793  6%
c s 1304.25 139 67 307 481541 14250052 228168 47% 49 44703 3793  6%
c - 1307.98 175 71 308 481553 14276228 167653 47% 52 44703 3793  6%
c B 1313.82 175 63 308 481587 14365318 249427 40% 43 44703 3793  6%
c - 1314.04 139 62 309 481590 14368930 167320 39% 43 44703 3793  6%
c - 1317.04 139 39 310 481612 14461931 152854 29% 29 44703 3793  6%
c W 1325.39 139 49 310 481638 14535320 219574 38% 35 44703 3793  6%
c - 1328.26 139 50 311 481645 14555232 161254 39% 36 44703 3793  6%
c 
c   seconds     reductions           redundant    irredundant
c            MB       restarts               trail      variables
c             level          conflicts           glue        remaining
c 
c p 1339.85 139 54 311 481660 14630052 226782 43% 40 44703 3793  6%
c - 1342.60 172 53 312 481661 14648832 165288 44% 39 44703 3793  6%
c O 1350.69 172 52 312 481664 14706321 215763 44% 39 44703 3793  6%
c - 1355.10 139 53 313 481682 14742734 172233 44% 37 44703 3793  6%
c - 1366.97 173 47 314 481719 14836936 171312 46% 34 44703 3793  6%
c B 1373.04 173 45 314 481724 14878322 205542 46% 34 44703 3793  6%
c - 1379.05 139 53 315 481739 14931436 177066 47% 36 44703 3793  6%
c p 1390.42 139 58 315 481770 15015053 253114 49% 42 44703 3793  6%
c - 1392.43 171 58 316 481776 15026238 170433 49% 43 44703 3793  6%
c W 1396.62 171 58 316 481785 15051325 191229 48% 43 44703 3793  6%
c - 1407.16 139 62 317 481788 15121339 170752 49% 48 44703 3793  6%
c - 1423.24 175 65 318 481789 15216739 172106 50% 53 44703 3793  6%
c I 1424.44 175 65 318 481789 15225326 178657 50% 53 44703 3793  6%
c - 1434.35 139 66 319 481790 15312440 176885 47% 50 44703 3793  6%
c B 1451.36 139 63 319 481790 15400327 255390 47% 49 44703 3793  6%
c p 1452.01 139 64 319 481790 15405053 261821 47% 49 44703 3793  6%
c - 1452.49 180 64 320 481790 15408441 180544 47% 49 44703 3793  6%
c - 1465.20 139 65 321 481790 15504743 178875 47% 48 44703 3793  6%
c W 1479.04 139 63 321 481791 15576328 245663 46% 48 44703 3793  6%
c - 1482.20 178 62 322 481791 15601343 186356 46% 46 44703 3793  6%
c 
c   seconds     reductions           redundant    irredundant
c            MB       restarts               trail      variables
c             level          conflicts           glue        remaining
c 
c - 1496.57 139 60 323 481791 15698243 181352 46% 47 44703 3793  6%
c O 1505.47 139 59 323 481791 15753330 230306 46% 47 44703 3793  6%
c - 1510.21 178 52 324 481791 15795445 185825 45% 40 44703 3793  6%
c s 1510.51 178 52 324 481791 15795445 185351 45% 40 44703 3793  6%
c w 1511.23 178 52 324 481791 15795445 185335 45% 40 44703 3793  6%
c p 1511.81 178 52 324 481791 15800055 191995 45% 40 44703 3793  6%
c - 1523.73 139 52 325 481791 15892945 180674 46% 38 44703 3793  6%
c B 1528.91 139 52 325 481791 15931335 215770 46% 38 44703 3793  6%
c - 1536.82 182 68 326 481791 15990746 182878 47% 45 44703 3793  6%
c - 1551.78 139 82 327 481791 16088848 186457 49% 55 44703 3793  6%
c W 1556.12 139 83 327 481792 16110336 206612 49% 56 44703 3793  6%
c - 1567.83 183 78 328 481792 16187249 181055 49% 58 44703 3793  6%
c p 1569.39 183 77 328 481792 16200057 194449 49% 58 44703 3793  6%
c - 1581.82 139 72 329 481792 16285951 182479 51% 53 44703 3793  6%
c I 1582.30 139 72 329 481792 16290337 186707 51% 53 44703 3793  6%
c ] 1587.61 139 59 329 481792 16383017 274885 39% 39 44703 3793  6%
c { 1587.61 139 25 329 481792 16383017 274885 23% 14 44703 3793  6%
c - 1587.99 155 25 330 482231 16384953 182645 23% 14 44703 3793  6%
c F 1595.38 155 27 330 488441 16471339 257751 23% 14 44703 3793  6%
c - 1596.84 155 27 331 490481 16484254 178472 23% 14 44703 3793  6%
c 
c   seconds     reductions           redundant    irredundant
c            MB       restarts               trail      variables
c             level          conflicts           glue        remaining
c 
c - 1606.45 155 26 332 495785 16583855 184088 25% 13 44703 3793  6%
c 3 1608.11 155 26 332 498465 16605057 203988 24% 14 44703 3793  6%
c p 1608.20 155 26 332 498465 16605057 205005 24% 14 44703 3793  6%
c B 1611.77 155 27 332 504334 16653341 245772 24% 14 44703 3793  6%
c - 1615.32 155 27 333 506783 16683755 186888 25% 14 44703 3793  6%
c s 1621.44 155 28 333 510875 16744092 239411 24% 14 44697 3793  6%
c - 1625.83 155 28 334 515752 16783955 193129 24% 14 44697 3793  6%
c W 1631.69 155 28 334 521189 16836343 238423 24% 15 44697 3793  6%
c - 1635.64 155 26 335 522516 16884456 188647 25% 14 44697 3793  6%
c - 1642.94 155 24 336 528324 16985256 187541 25% 14 44697 3793  6%
c p 1644.86 155 24 336 529975 17015059 214153 24% 14 44697 3793  6%
c # 1645.11 155 24 336 530100 17020344 218274 24% 14 44697 3793  6%
c - 1650.42 155 24 337 533215 17086356 184582 24% 14 44697 3793  6%
c s 1653.36 155 24 337 538184 17128440 220177 23% 14 44695 3793  6%
c v 1653.61 155 24 337 538184 17128440 220177 23% 14 44694 3793  6%
c w 1654.03 155 24 337 538184 17128440 220166 23% 14 44694 3793  6%
c t 1654.03 155 24 337 538184 17128440 220165 23% 14 44694 3793  6%
c s 1654.44 155 24 337 538184 17128440 219992 23% 14 44689 3793  6%
c - 1657.81 155 21 338 542139 17187756 186026 24% 13 44689 3793  6%
c B 1659.54 155 22 338 543939 17205345 201079 25% 13 44689 3793  6%
c 
c   seconds     reductions           redundant    irredundant
c            MB       restarts               trail      variables
c             level          conflicts           glue        remaining
c 
c - 1667.71 155 25 339 549196 17289456 196135 27% 13 44689 3793  6%
c W 1678.86 155 26 339 558396 17391346 284696 26% 14 44689 3793  6%
c - 1678.92 155 26 340 558404 17391456 196813 26% 14 44689 3793  6%
c p 1682.63 155 27 340 560501 17430059 232034 27% 14 44689 3793  6%
c - 1687.44 155 25 341 566833 17493756 192325 24% 14 44689 3793  6%
c s 1689.99 155 24 341 568487 17519878 213633 25% 14 44685 3793  6%
c v 1690.12 155 24 341 568487 17519878 213633 25% 14 44684 3793  6%
c w 1690.27 155 24 341 568487 17519878 213626 25% 14 44684 3793  6%
c s 1690.70 155 24 341 568487 17519878 213531 25% 14 44684 3793  6%
c F 1695.03 155 24 341 572833 17578347 262433 23% 14 44684 3793  6%
c - 1696.78 155 25 342 574107 17596357 193024 23% 14 44684 3793  6%
c - 1709.48 155 28 343 581307 17699257 200216 25% 14 44684 3793  6%
c B 1714.02 155 26 343 585216 17766349 258839 24% 14 44684 3793  6%
c - 1718.36 155 26 344 588478 17802458 201759 25% 14 44684 3793  6%
c p 1720.62 155 25 344 590656 17850059 244457 25% 14 44684 3793  6%
c - 1728.10 155 24 345 594469 17905961 199006 26% 13 44684 3793  6%
c s 1729.44 155 25 345 596242 17918414 209733 25% 13 44681 3793  6%
c v 1729.57 155 25 345 596242 17918414 209733 25% 13 44680 3793  6%
c w 1729.72 155 25 345 596242 17918414 209731 25% 13 44680 3793  6%
c s 1730.12 155 25 345 596242 17918414 209674 25% 13 44680 3793  6%
c 
c   seconds     reductions           redundant    irredundant
c            MB       restarts               trail      variables
c             level          conflicts           glue        remaining
c 
c W 1733.97 155 24 345 600113 17955350 240502 26% 14 44680 3793  6%
c - 1738.83 155 25 346 604574 18009763 200898 25% 14 44680 3793  6%
c - 1750.76 155 27 347 613240 18113864 204667 26% 14 44680 3793  6%
c # 1753.87 155 27 347 614960 18145351 232626 27% 14 44680 3793  6%
c - 1759.28 155 24 348 623683 18218264 201483 24% 14 44680 3793  6%
c 3 1765.53 155 25 348 628703 18275059 251211 27% 14 44680 3793  6%
c p 1765.64 155 25 348 628703 18275059 252382 27% 14 44680 3793  6%
c - 1771.05 155 26 349 634340 18322965 206338 26% 14 44680 3793  6%
c B 1771.69 155 26 349 634519 18336354 217933 26% 14 44680 3793  6%
c - 1779.31 155 22 350 640311 18427965 203069 26% 13 44680 3793  6%
c W 1786.99 155 24 350 648883 18528360 288829 24% 14 44680 3793  6%
c - 1787.84 155 24 351 649162 18533265 208357 24% 14 44680 3793  6%
c - 1799.76 155 26 352 656726 18638865 204853 24% 14 44680 3793  6%
c p 1806.10 155 26 352 663620 18705059 265680 24% 14 44680 3793  6%
c d 1806.13 155 26 352 663620 18705059 265671 24% 14 44680 3792  6%
c s 1806.67 155 26 352 663620 18705059 263828 24% 14 44679 3792  6%
c v 1806.91 155 26 352 663620 18705059 263828 24% 14 44674 3792  6%
c w 1807.29 155 26 352 663620 18705059 263811 24% 14 44674 3792  6%
c t 1807.30 155 26 352 663620 18705059 263809 24% 14 44674 3792  6%
c s 1807.83 155 26 352 663620 18705059 263592 24% 14 44673 3792  6%
c 
c   seconds     reductions           redundant    irredundant
c            MB       restarts               trail      variables
c             level          conflicts           glue        remaining
c 
c F 1810.33 155 27 352 665977 18721364 278057 24% 14 44673 3792  6%
c - 1813.70 155 26 353 667856 18744765 211151 24% 14 44673 3792  6%
c - 1821.67 155 25 354 675149 18850965 207309 24% 14 44673 3792  6%
c B 1826.50 155 26 354 680888 18915365 261323 23% 14 44673 3792  6%
c - 1830.44 155 26 355 683353 18957466 203979 25% 14 44673 3792  6%
c - 1839.43 155 25 356 688378 19064266 202252 25% 14 44673 3792  6%
c W 1843.60 155 24 356 689753 19110366 240015 27% 13 44673 3792  6%
c s 1845.05 155 24 356 691191 19117833 246707 27% 14 44671 3792  6%
c w 1845.34 155 24 356 691191 19117833 246704 27% 14 44671 3792  6%
c s 1845.79 155 24 356 691191 19117833 246642 27% 14 44671 3792  6%
c p 1847.69 155 25 356 694671 19140059 268378 26% 14 44671 3792  6%
c - 1849.43 155 24 357 697626 19171366 202279 25% 14 44671 3792  6%
c - 1859.09 155 25 358 705274 19278767 204522 25% 14 44671 3792  6%
c # 1860.40 155 25 358 705646 19306368 228527 26% 14 44671 3792  6%
c - 1869.90 155 27 359 714002 19386467 208278 26% 14 44671 3792  6%
c - 1878.20 155 25 360 719477 19494468 211000 25% 14 44671 3792  6%
c B 1879.19 155 26 360 720101 19503369 218505 25% 14 44671 3792  6%
c s 1882.87 155 26 360 723192 19537715 246867 24% 14 44666 3792  6%
c w 1883.23 155 26 360 723192 19537715 246859 24% 14 44666 3792  6%
c t 1883.24 155 26 360 723192 19537715 246858 24% 14 44666 3792  6%
c 
c   seconds     reductions           redundant    irredundant
c            MB       restarts               trail      variables
c             level          conflicts           glue        remaining
c 
c e 1883.25 155 26 360 723192 19537715 246124 24% 14 44682 3791  6%
c s 1883.76 155 26 360 723192 19537715 245984 24% 14 44681 3791  6%
c p 1888.13 155 25 360 725229 19580063 285126 24% 14 44681 3791  6%
c - 1889.63 155 24 361 725806 19602768 208824 24% 14 44681 3791  6%
c W 1900.83 155 26 361 733688 19701371 294580 25% 14 44681 3791  6%
c - 1901.15 155 25 362 733845 19711371 213131 25% 14 44681 3791  6%
c - 1911.41 155 25 363 746592 19820273 216625 23% 14 44681 3791  6%
c F 1917.77 155 25 363 753099 19900372 284165 24% 14 44681 3791  6%
c - 1920.44 155 25 364 754677 19929473 212610 24% 15 44681 3791  6%
c s 1923.13 155 25 364 756593 19964799 243550 24% 14 44678 3791  6%
c v 1923.27 155 25 364 756593 19964799 243550 24% 14 44677 3791  6%
c w 1923.44 155 25 364 756593 19964799 243545 24% 14 44677 3791  6%
c t 1923.44 155 25 364 756593 19964799 243543 24% 14 44677 3791  6%
c s 1923.94 155 25 364 756593 19964799 243435 24% 14 44677 3791  6%
c d 1927.94 155 24 364 760528 20025064 293846 24% 14 44677 3790  6%
c p 1928.12 155 24 364 760528 20025064 295977 24% 14 44677 3790  6%
c - 1929.23 155 24 365 761202 20038974 210758 24% 14 44677 3790  6%
c B 1935.65 155 24 365 763363 20100375 264334 26% 14 44677 3790  6%
c - 1943.71 155 27 366 768611 20148776 214594 26% 14 44677 3790  6%
c - 1950.97 155 24 367 776826 20258877 212303 24% 14 44677 3790  6%
c 
c   seconds     reductions           redundant    irredundant
c            MB       restarts               trail      variables
c             level          conflicts           glue        remaining
c 
c W 1954.65 155 24 367 779521 20301380 248268 23% 14 44677 3790  6%
c - 1961.52 155 25 368 785695 20369281 212497 23% 15 44677 3790  6%
c s 1963.25 155 24 368 786259 20398984 236145 22% 15 44675 3790  6%
c v 1963.40 155 24 368 786259 20398984 236145 22% 15 44674 3790  6%
c w 1963.57 155 24 368 786259 20398984 236141 22% 15 44674 3790  6%
c s 1964.01 155 24 368 786259 20398984 236053 22% 15 44674 3790  6%
c p 1971.97 155 26 368 791207 20475064 305026 24% 15 44674 3790  6%
c - 1972.98 155 27 369 791513 20479985 213587 24% 15 44674 3790  6%
c # 1974.65 155 26 369 792752 20503381 233449 24% 15 44674 3790  6%
c - 1981.22 155 24 370 798832 20590985 209491 24% 14 44674 3790  6%
c - 1988.98 155 22 371 805993 20702286 209535 24% 14 44674 3790  6%
c B 1989.24 155 22 371 806005 20706385 212736 24% 14 44674 3790  6%
c - 1995.92 155 20 372 810756 20813886 210429 26% 13 44674 3790  6%
c s 1998.07 155 19 372 810831 20840322 230581 27% 13 44673 3790  6%
c w 1998.30 155 19 372 810831 20840322 230577 27% 13 44673 3790  6%
c s 1998.74 155 19 372 810831 20840322 230537 27% 13 44673 3790  6%
c W 2005.49 155 23 372 818733 20910386 290888 25% 13 44673 3790  6%
c - 2006.69 155 23 373 819407 20925787 216491 25% 13 44673 3790  6%
c p 2007.04 155 23 373 819541 20930064 221935 25% 13 44673 3790  6%
c - 2015.33 155 22 374 830159 21037987 216622 25% 14 44673 3790  6%
c 
c   seconds     reductions           redundant    irredundant
c            MB       restarts               trail      variables
c             level          conflicts           glue        remaining
c 
c F 2022.09 155 24 374 837345 21115388 283207 25% 14 44673 3790  6%
c - 2025.75 155 26 375 840313 21150488 221696 25% 14 44673 3790  6%
c - 2035.68 155 22 376 844223 21263288 220311 27% 13 44673 3790  6%
c s 2038.83 155 23 376 847334 21288775 241681 26% 13 44668 3790  6%
c w 2039.19 155 23 376 847334 21288775 241671 26% 13 44668 3790  6%
c s 2039.27 155 23 376 847334 21288775 241668 26% 13 44668 3790  6%
c B 2042.11 155 24 376 852515 21321390 269510 25% 14 44668 3790  6%
c - 2048.94 155 26 377 857623 21376389 227223 25% 14 44668 3790  6%
c p 2049.83 155 26 377 858052 21390073 241495 25% 14 44668 3790  6%
c - 2056.54 155 24 378 862118 21489789 219756 25% 14 44668 3790  6%
c W 2060.31 155 24 378 867502 21528394 251983 25% 14 44668 3790  6%
c - 2068.14 155 24 379 872755 21603489 219395 25% 14 44668 3790  6%
c - 2074.74 155 21 380 876594 21717490 217087 24% 13 44668 3790  6%
c # 2075.28 155 20 380 876656 21736395 230874 24% 13 44668 3790  6%
c - 2087.17 155 24 381 885765 21831791 221372 26% 13 44668 3790  6%
c s 2088.58 155 24 381 888386 21849471 235839 25% 13 44663 3790  6%
c v 2088.75 155 24 381 888386 21849471 235839 25% 13 44662 3790  6%
c w 2088.95 155 24 381 888386 21849471 235831 25% 13 44662 3790  6%
c s 2089.45 155 24 381 888386 21849471 235719 25% 13 44662 3790  6%
c p 2089.80 155 24 381 889702 21855075 242561 25% 14 44662 3790  6%
c 
c   seconds     reductions           redundant    irredundant
c            MB       restarts               trail      variables
c             level          conflicts           glue        remaining
c 
c B 2099.01 155 25 381 898491 21945398 320435 25% 14 44662 3790  6%
c - 2099.39 155 25 382 898608 21946391 225687 25% 14 44662 3790  6%
c - 2108.78 155 24 383 905135 22061293 225630 25% 14 44662 3790  6%
c W 2118.40 155 24 383 913165 22155401 306981 26% 14 44662 3790  6%
c - 2120.46 155 25 384 914280 22176497 226597 26% 14 44662 3790  6%
c - 2133.35 155 25 385 923435 22292003 229729 26% 14 44662 3790  6%
c s 2136.01 155 25 385 924582 22312114 247691 27% 13 44658 3790  6%
c w 2136.42 155 25 385 924582 22312114 247687 27% 13 44658 3790  6%
c s 2137.02 155 25 385 924582 22312114 247606 27% 13 44658 3790  6%
c p 2138.09 155 25 385 927230 22325077 260596 26% 14 44658 3790  6%
c F 2142.70 155 25 385 929831 22366402 295475 26% 14 44658 3790  6%
c - 2147.07 155 26 386 933664 22407803 232130 25% 14 44658 3790  6%
c - 2159.76 155 26 387 942360 22523907 235194 27% 14 44658 3790  6%
c B 2165.35 155 27 387 949097 22578405 282682 25% 14 44658 3790  6%
c - 2174.28 155 28 388 952660 22640308 237543 25% 14 44658 3790  6%
c - 2186.43 155 24 389 959049 22757008 233571 26% 13 44658 3790  6%
c s 2188.50 155 23 389 960473 22781856 252983 25% 13 44656 3790  6%
c w 2188.88 155 23 389 960473 22781856 252976 25% 13 44656 3790  6%
c s 2189.00 155 23 389 960473 22781856 252964 25% 13 44656 3790  6%
c W 2191.40 155 23 389 961396 22791407 261074 25% 13 44656 3790  6%
c 
c   seconds     reductions           redundant    irredundant
c            MB       restarts               trail      variables
c             level          conflicts           glue        remaining
c 
c p 2193.03 155 24 389 962491 22800077 271103 25% 14 44656 3790  6%
c - 2199.93 155 25 390 966939 22874009 237997 26% 13 44656 3790  6%
c - 2212.74 155 25 391 979335 22991311 236160 24% 14 44656 3790  6%
c # 2214.24 155 25 391 979933 23005410 248059 25% 14 44656 3790  6%
c - 2225.71 155 26 392 989075 23108911 235542 24% 14 44656 3790  6%
c B 2236.12 155 26 392 995811 23220411 332005 26% 14 44656 3790  6%
c - 2237.65 155 27 393 996272 23226812 236492 26% 14 44656 3790  6%
c s 2240.21 155 26 393 997968 23258707 263496 26% 14 44654 3790  6%
c w 2240.67 155 26 393 997968 23258707 263491 26% 14 44654 3790  6%
c s 2241.28 155 26 393 997968 23258707 263426 26% 14 44653 3790  6%
c p 2243.57 155 26 393 998883 23280080 284147 26% 14 44653 3790  6%
c - 2249.54 155 25 394 1001984 23345015 237631 26% 14 44653 3790  6%
c W 2259.52 155 25 394 1013039 23436414 316387 25% 14 44653 3790  6%
c - 2261.77 155 25 395 1014945 23463515 237050 26% 14 44653 3790  6%
c - 2275.21 155 27 396 1020867 23582315 242743 28% 14 44653 3790  6%
c F 2282.98 155 26 396 1026676 23653419 303304 27% 14 44653 3790  6%
c - 2289.51 155 26 397 1031021 23701418 241416 25% 14 44653 3790  6%
c s 2293.60 155 25 397 1032826 23742665 275880 26% 14 44652 3790  6%
c w 2294.12 155 25 397 1032826 23742665 275871 26% 14 44652 3790  6%
c t 2294.13 155 25 397 1032826 23742665 275870 26% 14 44652 3790  6%
c 
c   seconds     reductions            redundant    irredundant
c            MB        restarts               trail      variables
c             level           conflicts           glue        remaining
c 
c s 2294.31 155 25 397 1032826 23742665 275867 26% 14 44652 3790  6%
c p 2297.41 155 26 397 1034951 23765080 297688 26% 14 44652 3790  6%
c - 2300.73 155 24 398 1037379 23820818 241387 26% 14 44652 3790  6%
c B 2304.57 155 24 398 1042731 23871420 283222 25% 14 44652 3790  6%
c - 2310.93 155 24 399 1049573 23940519 235191 24% 14 44652 3790  6%
c - 2322.63 155 25 400 1061093 24060519 237487 23% 15 44652 3790  6%
c W 2325.63 155 25 400 1061978 24090422 262977 23% 15 44652 3790  6%
c - 2333.60 155 24 401 1067233 24180820 234022 24% 14 44652 3790  6%
c s 2339.30 155 25 401 1069614 24233732 278819 25% 14 44651 3790  6%
c w 2339.79 155 25 401 1069614 24233732 278818 25% 14 44651 3790  6%
c s 2339.88 155 25 401 1069614 24233732 278818 25% 14 44651 3790  6%
c 3 2342.61 155 25 401 1070541 24255082 297899 25% 14 44651 3790  6%
c p 2342.75 155 25 401 1070541 24255082 299070 25% 14 44651 3790  6%
c - 2348.90 155 26 402 1075044 24301421 241870 25% 14 44651 3790  6%
c # 2350.08 155 26 402 1075562 24310424 250153 25% 14 44651 3790  6%
c - 2358.79 155 25 403 1081744 24422322 241907 25% 14 44651 3790  6%
c B 2368.49 155 24 403 1090766 24531427 333234 25% 14 44651 3790  6%
c - 2370.54 155 25 404 1091554 24543526 242268 25% 14 44651 3790  6%
c - 2387.02 155 24 405 1098733 24665026 245867 27% 13 44651 3790  6%
c s 2395.91 155 24 405 1103762 24731912 300814 27% 13 44649 3790  6%
c 
c   seconds     reductions            redundant    irredundant
c            MB        restarts               trail      variables
c             level           conflicts           glue        remaining
c 
c w 2396.42 155 24 405 1103762 24731912 300796 27% 13 44649 3790  6%
c s 2396.79 155 24 405 1103762 24731912 300182 27% 13 44649 3790  6%
c p 2398.87 155 24 405 1105133 24750082 318325 26% 13 44649 3790  6%
c W 2399.99 155 24 405 1105959 24753428 321160 25% 13 44649 3790  6%
c - 2405.82 155 25 406 1110965 24786829 254123 25% 14 44649 3790  6%
c - 2422.04 155 26 407 1121229 24908929 250855 26% 14 44649 3790  6%
c F 2427.98 155 24 407 1124829 24976429 308748 27% 13 44649 3790  6%
c - 2435.85 155 24 408 1129226 25031330 251523 27% 13 44649 3790  6%
c - 2453.81 155 26 409 1138807 25154031 253552 27% 14 44649 3790  6%
c B 2458.84 155 26 409 1142158 25200430 292543 27% 14 44649 3790  6%
c s 2464.34 155 26 409 1145551 25237200 324420 26% 14 44647 3790  6%
c v 2464.54 155 26 409 1145551 25237200 324420 26% 14 44646 3790  6%
c w 2464.93 155 26 409 1145551 25237200 324416 26% 14 44646 3790  6%
c s 2465.17 155 26 409 1145551 25237200 324389 26% 14 44646 3790  6%
c 3 2466.76 155 26 409 1146675 25250083 335840 26% 14 44646 3790  6%
c p 2466.92 155 26 409 1146675 25250083 336991 26% 14 44646 3790  6%
c - 2469.21 155 25 410 1149665 25277033 254581 25% 14 44646 3790  6%
c - 2483.93 155 24 411 1157239 25400334 248864 25% 13 44646 3790  6%
c W 2486.24 155 23 411 1158579 25425432 269087 25% 13 44646 3790  6%
c - 2496.42 155 24 412 1166744 25523935 248475 25% 14 44646 3790  6%
c 
c   seconds     reductions            redundant    irredundant
c            MB        restarts               trail      variables
c             level           conflicts           glue        remaining
c 
c - 2512.89 155 25 413 1175357 25647836 254842 26% 13 44646 3790  6%
c # 2513.07 155 25 413 1175361 25651436 257887 26% 13 44646 3790  6%
c s 2524.01 155 25 413 1183992 25749592 342129 24% 14 44637 3790  6%
c v 2524.18 155 25 413 1183992 25749592 342129 24% 14 44636 3790  6%
c w 2524.62 155 25 413 1183992 25749592 342120 24% 14 44636 3790  6%
c s 2524.90 155 25 413 1183992 25749592 342036 24% 14 44636 3790  6%
c p 2525.74 155 25 413 1184477 25755084 348849 25% 14 44636 3790  6%
c - 2528.63 155 26 414 1185698 25772038 261297 25% 14 44636 3790  6%
c B 2539.47 155 24 414 1191879 25878438 352637 27% 13 44636 3790  6%
c - 2541.76 155 24 415 1193324 25896538 253921 27% 13 44636 3790  6%
c - 2557.85 155 25 416 1200525 26021339 255149 26% 14 44636 3790  6%
c W 2565.23 155 21 416 1202562 26106441 326895 26% 13 44636 3790  6%
c - 2567.94 155 19 417 1202655 26146442 247627 28% 12 44636 3790  6%
c p 2579.57 155 23 417 1214409 26265086 353182 27% 13 44636 3790  6%
c s 2580.42 155 23 417 1214541 26269054 356027 27% 13 44633 3790  6%
c v 2580.60 155 23 417 1214541 26269054 356027 27% 13 44631 3790  6%
c w 2581.02 155 23 417 1214541 26269054 356020 27% 13 44631 3790  6%
c s 2581.26 155 23 417 1214541 26269054 355978 27% 13 44631 3790  6%
c - 2581.46 155 23 418 1214585 26271844 258291 27% 13 44631 3790  6%
c F 2590.81 155 25 418 1221742 26335442 312277 27% 13 44631 3790  6%
c 
c   seconds     reductions            redundant    irredundant
c            MB        restarts               trail      variables
c             level           conflicts           glue        remaining
c 
c - 2600.86 155 26 419 1226910 26397545 258313 26% 14 44631 3790  6%
c - 2617.28 155 26 420 1239035 26523549 260805 24% 14 44631 3790  6%
c B 2622.86 155 27 420 1242078 26565445 298416 26% 14 44631 3790  6%
c - 2633.28 155 26 421 1248040 26649849 262565 25% 14 44631 3790  6%
c - 2643.39 155 23 422 1253547 26776449 255242 24% 14 44631 3790  6%
c p 2643.79 155 23 422 1253638 26780086 260825 24% 14 44631 3790  6%
c s 2646.06 155 23 422 1254574 26795607 272930 24% 14 44630 3790  6%
c v 2646.22 155 23 422 1254574 26795607 272930 24% 14 44629 3790  6%
c w 2646.53 155 23 422 1254574 26795607 272925 24% 14 44629 3790  6%
c s 2646.79 155 23 422 1254574 26795607 272917 24% 14 44629 3790  6%
c W 2647.82 155 23 422 1254584 26796446 273597 24% 14 44629 3790  6%
c - 2662.06 155 26 423 1263361 26903352 260057 25% 14 44629 3790  6%
c # 2674.61 155 24 423 1270740 27028449 365372 24% 14 44629 3790  6%
c - 2675.55 163 24 424 1271009 27030552 258930 24% 14 44629 3790  6%
c - 2686.45 163 23 425 1278537 27158056 258055 24% 14 44629 3790  6%
c B 2700.37 163 24 425 1286388 27261451 345125 26% 14 44629 3790  6%
c - 2704.54 163 25 426 1289936 27285857 258345 26% 14 44629 3790  6%
c p 2706.26 163 25 426 1290628 27300088 273431 26% 14 44629 3790  6%
c s 2709.65 163 25 426 1292751 27329265 297542 25% 14 44628 3790  6%
c v 2709.82 163 25 426 1292751 27329265 297542 25% 14 44625 3790  6%
c 
c   seconds     reductions            redundant    irredundant
c            MB        restarts               trail      variables
c             level           conflicts           glue        remaining
c 
c w 2710.21 163 25 426 1292751 27329265 297535 25% 14 44625 3790  6%
c e 2710.23 163 25 426 1292751 27329265 297336 25% 14 44641 3789  6%
c s 2710.51 163 25 426 1292751 27329265 297305 25% 14 44641 3789  6%
c - 2722.40 163 25 427 1298746 27413958 265044 25% 14 44641 3789  6%
c W 2730.42 163 24 427 1301775 27495452 335624 26% 14 44641 3789  6%
c - 2739.06 188 25 428 1304974 27542360 267074 26% 14 44641 3789  6%
c - 2752.46 188 24 429 1310929 27671061 263365 26% 13 44641 3789  6%
c F 2760.14 188 25 429 1316971 27730455 315064 25% 14 44641 3789  6%
c - 2772.94 188 27 430 1324176 27800061 267369 26% 14 44641 3789  6%
c 2 2775.19 188 26 430 1324923 27825088 290149 26% 14 44641 3789  6%
c p 2775.28 188 26 430 1324923 27825088 290860 26% 14 44641 3789  6%
c s 2783.07 188 27 430 1328486 27870157 329322 26% 14 44641 3789  6%
c w 2783.82 188 27 430 1328486 27870157 329318 26% 14 44641 3789  6%
c s 2784.16 188 27 430 1328486 27870157 329291 26% 14 44640 3789  6%
c - 2791.25 188 26 431 1331805 27929361 267907 24% 14 44640 3789  6%
c B 2792.37 188 24 431 1332332 27966459 296449 24% 14 44640 3789  6%
c - 2803.50 114 25 432 1337921 28058963 264008 26% 14 44640 3789  6%
c - 2818.09 138 24 433 1343955 28188863 262329 26% 14 44640 3789  6%
c W 2820.43 138 24 433 1346933 28203462 275016 25% 14 44640 3789  6%
c - 2832.92 138 23 434 1353617 28319065 266778 27% 13 44640 3789  6%
c 
c   seconds     reductions            redundant    irredundant
c            MB        restarts               trail      variables
c             level           conflicts           glue        remaining
c 
c p 2836.88 138 24 434 1356635 28355089 299335 26% 13 44640 3789  6%
c s 2844.90 138 24 434 1361185 28418159 351932 26% 13 44639 3789  6%
c v 2845.09 138 24 434 1361185 28418159 351932 26% 13 44638 3789  6%
c w 2845.60 138 24 434 1361185 28418159 351926 26% 13 44638 3789  6%
c t 2845.61 138 24 434 1361185 28418159 351925 26% 13 44638 3789  6%
c s 2845.91 138 24 434 1361185 28418159 351905 26% 13 44638 3789  6%
c # 2850.19 138 25 434 1362872 28441464 372465 27% 13 44638 3789  6%
c - 2852.32 138 25 435 1363992 28449565 268714 27% 14 44638 3789  6%
c - 2864.57 138 23 436 1372700 28580368 267735 26% 13 44638 3789  6%
c B 2874.45 138 24 436 1383338 28680466 351676 25% 14 44638 3789  6%
c - 2879.13 138 24 437 1385170 28711468 267935 24% 14 44638 3789  6%
c - 2897.16 138 26 438 1395154 28842869 269434 25% 14 44638 3789  6%
c p 2901.60 138 26 438 1401503 28890094 311311 24% 14 44638 3789  6%
c W 2906.06 138 26 438 1402650 28920467 338163 25% 14 44638 3789  6%
c s 2912.64 138 24 438 1406801 28973267 382473 26% 14 44634 3789  6%
c w 2913.55 138 24 438 1406801 28973267 382470 26% 14 44634 3789  6%
c s 2913.90 138 24 438 1406801 28973267 382453 26% 14 44632 3789  6%
c - 2914.07 138 24 439 1407091 28974570 271046 26% 14 44632 3789  6%
c - 2932.59 162 24 440 1415669 29106573 277419 27% 13 44632 3789  6%
c F 2938.84 162 24 440 1420242 29161470 325599 25% 13 44632 3789  6%
c 
c   seconds     reductions            redundant    irredundant
c            MB        restarts               trail      variables
c             level           conflicts           glue        remaining
c 
c - 2949.45 190 24 441 1425649 29238874 280674 24% 14 44632 3789  6%
c - 2961.88 190 24 442 1434196 29371475 269313 24% 14 44632 3789  6%
c B 2965.29 190 24 442 1437107 29403473 295729 24% 14 44632 3789  6%
c p 2967.73 190 24 442 1439095 29430095 321051 24% 14 44632 3789  6%
c - 2976.07 190 24 443 1442450 29504375 270501 26% 14 44632 3789  6%
c s 2978.90 190 22 443 1442831 29535461 297224 25% 13 44632 3789  6%
c v 2979.10 190 22 443 1442831 29535461 297224 25% 13 44630 3789  6%
c w 2979.59 190 22 443 1442831 29535461 297220 25% 13 44630 3789  6%
c s 2979.94 190 22 443 1442831 29535461 297204 25% 13 44630 3789  6%
c - 2992.53 190 22 444 1448842 29637575 274560 27% 13 44630 3789  6%
c W 2994.34 190 22 444 1449078 29646474 282363 27% 13 44630 3789  6%
c - 3012.51 190 25 445 1461835 29771075 283393 26% 13 44630 3789  6%
c # 3027.15 190 25 445 1470661 29890476 384583 27% 13 44630 3789  6%
c - 3029.17 190 24 446 1471224 29904875 282448 27% 13 44630 3789  6%
c p 3036.02 190 23 446 1479989 29975098 343789 26% 13 44630 3789  6%
c - 3042.88 190 22 447 1484136 30038978 282037 26% 13 44630 3789  6%
c s 3050.59 190 22 447 1491814 30104763 338043 26% 13 44627 3789  6%
c w 3051.30 190 22 447 1491814 30104763 338029 26% 13 44627 3789  6%
c s 3051.73 190 22 447 1491814 30104763 337968 26% 13 44627 3789  6%
c B 3055.10 190 20 447 1491977 30135478 362824 27% 13 44627 3789  6%
c 
c   seconds     reductions            redundant    irredundant
c            MB        restarts               trail      variables
c             level           conflicts           glue        remaining
c 
c - 3065.23 190 22 448 1495461 30173378 286119 28% 13 44627 3789  6%
c - 3083.61 190 24 449 1509352 30308082 288530 27% 14 44627 3789  6%
c W 3093.73 190 25 449 1515104 30381481 352662 26% 14 44627 3789  6%
c - 3101.28 190 25 450 1522116 30443086 286087 25% 14 44627 3789  6%
c p 3109.12 190 25 450 1527039 30525098 357467 25% 14 44627 3789  6%
c - 3113.21 190 24 451 1529345 30578386 278216 25% 14 44627 3789  6%
c F 3118.05 190 25 451 1531429 30628483 321884 26% 14 44627 3789  6%
c s 3122.95 118 25 451 1535452 30681164 365954 24% 15 44626 3789  6%
c v 3123.16 118 25 451 1535452 30681164 365954 24% 15 44622 3789  6%
c w 3123.61 118 25 451 1535452 30681164 365952 24% 15 44622 3789  6%
c s 3124.01 118 25 451 1535452 30681164 365947 24% 15 44622 3789  6%
c - 3126.90 138 24 452 1536250 30713988 274462 23% 14 44622 3789  6%
c - 3142.68 161 23 453 1545285 30849889 277147 25% 14 44622 3789  6%
c B 3146.00 161 24 453 1547390 30876487 300588 26% 14 44622 3789  6%
c - 3157.69 190 24 454 1553011 30986092 286246 27% 13 44622 3789  6%
c p 3168.66 190 23 454 1561746 31080098 367046 26% 14 44622 3789  6%
c - 3173.72 110 24 455 1567639 31122592 282128 24% 14 44622 3789  6%
c W 3174.80 110 24 455 1567759 31125488 284346 24% 14 44622 3789  6%
c - 3193.03 141 26 456 1575434 31259392 285397 25% 14 44622 3789  6%
c # 3207.64 141 24 456 1582047 31375489 385330 27% 14 44622 3789  6%
c 
c   seconds     reductions            redundant    irredundant
c            MB        restarts               trail      variables
c             level           conflicts           glue        remaining
c 
c - 3210.90 166 24 457 1582955 31396493 287686 28% 14 44622 3789  6%
c - 3224.78 166 25 458 1594753 31533894 287404 25% 14 44622 3789  6%
c B 3233.42 166 20 458 1596140 31626490 363450 29% 13 44622 3789  6%
c p 3236.04 166 21 458 1599073 31640099 377382 28% 13 44622 3789  6%
c - 3239.99 166 21 459 1603592 31671596 283366 27% 13 44622 3789  6%
c - 3254.20 189 24 460 1614217 31809597 288792 26% 14 44622 3789  6%
c W 3263.31 189 22 460 1616348 31878495 346241 28% 13 44622 3789  6%
c - 3272.04 189 20 461 1618829 31947899 285332 29% 12 44622 3789  6%
c s 3273.44 189 20 461 1619589 31951010 287472 29% 12 44622 3789  6%
c v 3273.70 189 20 461 1619589 31951010 287472 29% 12 44621 3789  6%
c w 3274.45 189 20 461 1619589 31951010 287455 29% 12 44621 3789  6%
c t 3274.45 189 20 461 1619589 31951010 287454 29% 12 44621 3789  6%
c s 3275.04 189 20 461 1619589 31951010 287290 29% 12 44621 3789  6%
c - 3293.60 189 21 462 1630917 32086500 293671 27% 12 44621 3789  6%
c F 3302.22 189 24 462 1637896 32131496 333884 27% 13 44621 3789  6%
c p 3309.55 189 23 462 1641959 32205100 399182 26% 13 44621 3789  6%
c - 3311.48 191 22 463 1641995 32225400 300217 27% 13 44621 3789  6%
c - 3331.78 191 23 464 1657113 32364600 300022 25% 14 44621 3789  6%
c B 3334.18 191 24 464 1659803 32385498 318394 25% 14 44621 3789  6%
c - 3350.73 191 24 465 1670227 32504100 305291 24% 14 44621 3789  6%
c 
c   seconds     reductions            redundant    irredundant
c            MB        restarts               trail      variables
c             level           conflicts           glue        remaining
c 
c s 3356.38 191 24 465 1671886 32541611 337476 25% 13 44617 3789  6%
c v 3356.57 191 24 465 1671886 32541611 337476 25% 13 44614 3789  6%
c w 3357.18 191 24 465 1671886 32541611 337461 25% 13 44614 3789  6%
c e 3357.20 191 24 465 1671886 32541611 336918 25% 13 44625 3788  6%
c s 3357.71 191 24 465 1671886 32541611 336687 25% 13 44624 3788  6%
c W 3374.52 191 25 465 1685177 32640500 420839 23% 14 44624 3788  6%
c - 3374.93 198 24 466 1685184 32643902 300489 23% 14 44624 3788  6%
c } 3389.89 198 24 466 1691706 32767017 406373 25% 14 44624 3788  6%
c [ 3389.89 198 59 466 1691706 32767017 406373 39% 39 44624 3788  6%
c p 3390.87 198 59 466 1691706 32775102 416294 40% 38 44624 3788  6%
c - 3391.83 198 61 467 1691706 32784003 299491 41% 39 44624 3788  6%
c B 3408.20 198 65 467 1691706 32896501 405498 48% 43 44624 3788  6%
c - 3413.21 173 62 468 1691706 32924403 302403 49% 41 44624 3788  6%
c - 3439.25 164 50 469 1691706 33065104 297692 48% 36 44624 3788  6%
c s 3455.50 167 48 469 1691706 33139408 360672 47% 36 44624 3788  6%
c v 3455.74 167 48 469 1691706 33139408 360672 47% 36 44614 3788  6%
c w 3456.28 167 48 469 1691706 33139408 360670 47% 36 44614 3788  6%
c s 3456.63 167 48 469 1691706 33139408 360655 47% 36 44612 3788  6%
c W 3460.68 167 48 469 1691706 33153502 373638 47% 36 44612 3788  6%
c - 3469.87 162 48 470 1691706 33206105 293364 47% 36 44612 3788  6%
c 
c   seconds     reductions            redundant    irredundant
c            MB        restarts               trail      variables
c             level           conflicts           glue        remaining
c 
c - 3496.04 167 50 471 1691706 33347406 296900 49% 38 44612 3788  6%
c p 3496.68 167 50 471 1691706 33350102 301645 49% 38 44612 3788  6%
c O 3507.90 167 50 471 1691706 33411504 359411 49% 38 44612 3788  6%
c - 3519.12 172 45 472 1691706 33489008 299609 48% 32 44612 3788  6%
c - 3545.42 178 41 473 1691738 33630910 301855 50% 29 44612 3788  6%
c B 3553.02 178 39 473 1691758 33670505 337186 49% 29 44612 3788  6%
c - 3576.76 176 38 474 1691784 33773110 297419 50% 29 44612 3788  6%
c - 3611.64 180 34 475 1691832 33915610 302773 49% 27 44612 3788  6%
c 3 3614.13 180 34 475 1691832 33930102 316627 49% 27 44612 3788  6%
c p 3614.30 180 34 475 1691832 33930102 317503 49% 27 44612 3788  6%
c W 3615.39 180 34 475 1691832 33930508 317844 49% 27 44612 3788  6%
c - 3641.08 179 40 476 1691855 34058410 302810 51% 30 44612 3788  6%
c I 3671.72 179 42 476 1691896 34191509 425024 52% 32 44612 3788  6%
c - 3673.22 175 43 477 1691896 34201510 303109 51% 33 44612 3788  6%
c - 3693.56 159 47 478 1691952 34344911 288903 46% 36 44612 3788  6%
c B 3713.83 159 47 478 1691960 34453510 378859 45% 37 44612 3788  6%
c - 3718.68 163 52 479 1691961 34488611 294219 45% 37 44612 3788  6%
c 3 3722.66 163 54 479 1691961 34515102 320214 44% 38 44612 3788  6%
c p 3722.82 163 54 479 1691961 34515102 321123 44% 38 44612 3788  6%
c - 3737.84 167 52 480 1691974 34632613 297842 44% 36 44612 3788  6%
c 
c   seconds     reductions            redundant    irredundant
c            MB        restarts               trail      variables
c             level           conflicts           glue        remaining
c 
c W 3750.78 167 50 480 1692006 34716511 372521 44% 36 44612 3788  6%
c - 3762.45 163 45 481 1692023 34776915 291746 45% 33 44612 3788  6%
c - 3787.19 163 42 482 1692070 34921515 294761 49% 33 44612 3788  6%
c O 3796.77 163 39 482 1692087 34980515 344175 49% 32 44612 3788  6%
c - 3809.19 168 36 483 1692088 35066416 298473 45% 27 44612 3788  6%
c p 3815.17 168 39 483 1692103 35105102 336781 46% 28 44612 3788  6%
c - 3833.38 175 50 484 1692146 35211617 298155 45% 38 44612 3788  6%
c B 3840.19 175 50 484 1692151 35245516 325047 45% 39 44612 3788  6%
c - 3855.06 171 59 485 1692182 35357117 300288 46% 40 44612 3788  6%
c - 3878.70 164 51 486 1692215 35502918 291988 47% 38 44612 3788  6%
c W 3881.05 164 50 486 1692215 35511517 299271 47% 38 44612 3788  6%
c - 3903.91 159 44 487 1692216 35649018 287369 47% 34 44612 3788  6%
c p 3914.04 159 44 487 1692217 35700102 331057 47% 35 44612 3788  6%
c I 3934.62 159 43 487 1692217 35778519 390619 47% 35 44612 3788  6%
c - 3936.73 161 47 488 1692217 35795419 289539 46% 36 44612 3788  6%
c - 3960.14 188 61 489 1692218 35942122 302550 48% 45 44612 3788  6%
c B 3977.50 188 69 489 1692262 36046520 396520 49% 53 44612 3788  6%
c - 3986.24 177 67 490 1692278 36089122 296765 49% 52 44612 3788  6%
c - 4022.79 171 65 491 1692318 36236423 288558 49% 54 44612 3788  6%
c s 4023.40 175 65 491 1692318 36236423 288405 49% 54 44612 3788  6%
c 
c   seconds     reductions            redundant    irredundant
c            MB        restarts               trail      variables
c             level           conflicts           glue        remaining
c 
c w 4025.30 175 65 491 1692318 36236423 288341 49% 54 44612 3788  6%
c p 4037.27 175 67 491 1692342 36300106 346730 50% 54 44612 3787  6%
c s 4037.56 175 67 491 1692342 36300106 346583 50% 54 44612 3787  6%
c W 4040.94 175 67 491 1692343 36315523 360806 50% 53 44612 3787  6%
c - 4054.65 179 64 492 1692344 36384024 298039 50% 50 44612 3787  6%
c - 4083.23 177 57 493 1692396 36531926 302263 49% 43 44612 3787  6%
c O 4092.47 177 55 493 1692407 36585525 350048 50% 42 44612 3787  6%
c - 4099.72 167 38 494 1692438 36680126 304179 36% 28 44612 3787  6%
c - 4112.05 169 38 495 1692471 36828626 305163 36% 26 44612 3787  6%
c B 4115.97 169 38 495 1692471 36856527 332136 39% 26 44612 3787  6%
c p 4122.57 169 56 495 1692472 36905109 380145 41% 36 44612 3787  6%
c - 4135.44 188 68 496 1692472 36977426 309474 44% 46 44612 3787  6%
c - 4163.22 184 68 497 1692522 37126526 311514 47% 48 44612 3787  6%
c W 4164.23 184 68 497 1692524 37128528 313271 46% 48 44612 3787  6%
c - 4177.58 162 57 498 1692566 37275926 292969 39% 42 44612 3787  6%
c I 4203.63 162 65 498 1692598 37401529 402873 44% 50 44612 3787  6%
c - 4207.16 182 62 499 1692599 37425627 303508 44% 47 44612 3787  6%
c p 4220.80 182 57 499 1692621 37515109 385140 44% 43 44612 3787  6%
c - 4228.97 172 53 500 1692644 37575627 302491 45% 39 44612 3787  6%
c B 4234.30 172 38 500 1692667 37675531 388180 35% 28 44612 3787  6%
c 
c   seconds     reductions            redundant    irredundant
c            MB        restarts               trail      variables
c             level           conflicts           glue        remaining
c 
c - 4242.07 165 49 501 1692691 37725927 295945 40% 36 44612 3787  6%
c - 4272.59 175 56 502 1692726 37876528 295313 46% 45 44612 3787  6%
c W 4289.12 175 57 502 1692727 37950532 354549 47% 47 44612 3787  6%
c - 4306.52 173 60 503 1692727 38027428 293713 48% 50 44612 3787  6%
c p 4329.04 173 61 503 1692728 38130109 375033 48% 53 44612 3787  6%
c - 4341.61 173 60 504 1692728 38178628 294502 47% 52 44612 3787  6%
c O 4351.27 173 60 504 1692728 38226534 330772 48% 52 44612 3787  6%
c - 4362.85 174 44 505 1692728 38330128 308599 42% 33 44612 3787  6%
c - 4381.22 187 38 506 1692729 38481928 315516 43% 27 44612 3787  6%
c B 4384.17 187 37 506 1692729 38503535 336200 43% 27 44612 3787  6%
c - 4404.05 175 55 507 1692729 38634030 310912 38% 40 44612 3787  6%
c p 4424.25 175 56 507 1692729 38750113 418013 38% 40 44612 3787  6%
c W 4431.35 175 56 507 1692729 38781536 445979 39% 41 44612 3787  6%
c - 4432.71 176 55 508 1692729 38786433 314971 39% 41 44612 3787  6%
c - 4460.98 174 50 509 1692760 38939138 314806 41% 38 44612 3787  6%
c I 4473.03 174 47 509 1692792 39060539 424053 36% 36 44612 3787  6%
c - 4477.17 167 48 510 1692806 39092139 310691 37% 35 44612 3787  6%
c - 4500.19 175 52 511 1692855 39245439 310468 44% 39 44612 3787  6%
c B 4516.14 175 55 511 1692862 39340542 398939 48% 41 44612 3787  6%
c p 4523.20 175 55 511 1692877 39375113 431803 48% 42 44612 3787  6%
c 
c   seconds     reductions            redundant    irredundant
c            MB        restarts               trail      variables
c             level           conflicts           glue        remaining
c 
c - 4527.51 180 54 512 1692886 39399040 314405 47% 42 44612 3787  6%
c s 4528.14 180 54 512 1692886 39399040 314075 47% 42 44609 3787  6%
c w 4529.95 180 54 512 1692886 39399040 313999 47% 42 44609 3787  6%
c t 4529.96 180 54 512 1692886 39399040 313996 47% 42 44609 3787  6%
c s 4530.30 180 54 512 1692886 39399040 313750 47% 42 44609 3787  6%
c - 4556.43 164 51 513 1692932 39552940 293365 43% 43 44609 3787  6%
c W 4568.38 164 49 513 1692954 39621544 346403 43% 42 44609 3787  6%
c - 4583.48 168 50 514 1692982 39707142 297346 44% 42 44609 3787  6%
c - 4613.28 167 53 515 1692984 39861642 289497 44% 47 44609 3787  6%
c O 4621.71 167 52 515 1692984 39903546 317133 44% 47 44609 3787  6%
c d 4630.38 167 44 515 1693015 40005113 411385 37% 33 44609 3785  6%
c p 4630.61 167 44 515 1693015 40005113 413623 37% 33 44609 3785  6%
c - 4631.65 168 45 516 1693017 40016442 313385 38% 33 44609 3785  6%
c s 4632.35 168 44 516 1693018 40018169 314675 37% 33 44609 3785  6%
c w 4632.80 168 44 516 1693018 40018169 314674 37% 33 44609 3785  6%
c s 4633.03 168 44 516 1693018 40018169 314669 37% 33 44609 3785  6%
c - 4654.24 179 46 517 1693068 40171542 311543 43% 35 44609 3785  6%
c B 4656.48 179 47 517 1693076 40186547 325255 43% 35 44609 3785  6%
c - 4679.41 175 49 518 1693110 40326943 310662 47% 38 44609 3785  6%
c W 4713.71 175 45 518 1693142 40470548 427067 48% 38 44609 3785  6%
c 
c   seconds     reductions            redundant    irredundant
c            MB        restarts               trail      variables
c             level           conflicts           glue        remaining
c 
c - 4717.06 170 45 519 1693145 40482643 303913 48% 38 44609 3785  6%
c - 4750.93 169 47 520 1693196 40638643 305203 47% 40 44609 3785  6%
c p 4751.45 169 47 520 1693196 40640120 308516 47% 40 44609 3785  6%
c I 4776.62 169 45 520 1693236 40755550 399536 47% 37 44609 3785  6%
c - 4783.14 175 49 521 1693237 40794943 315379 48% 39 44609 3785  6%
c - 4812.78 183 54 522 1693239 40951544 309437 49% 45 44609 3785  6%
c B 4831.73 183 58 522 1693240 41041552 387938 49% 50 44609 3785  6%
c - 4843.11 183 58 523 1693240 41108445 319142 48% 47 44609 3785  6%
c - 4878.18 179 57 524 1693243 41265646 321782 47% 47 44609 3785  6%
c p 4881.67 179 56 524 1693252 41280121 336340 47% 46 44609 3785  6%
c W 4893.38 179 53 524 1693271 41328556 375148 47% 45 44609 3785  6%
c - 4915.61 170 51 525 1693302 41423147 312095 46% 42 44609 3785  6%
c - 4953.27 168 47 526 1693352 41580947 307142 46% 41 44609 3785  6%
c O 4962.46 168 47 526 1693365 41616557 336935 46% 40 44609 3785  6%
c - 4979.26 179 49 527 1693375 41739047 324166 44% 36 44609 3785  6%
c - 5001.88 172 41 528 1693430 41897448 326129 40% 29 44609 3785  6%
c B 5002.92 172 41 528 1693430 41905558 333555 40% 29 44609 3785  6%
c p 5005.61 172 47 528 1693430 41925121 353970 42% 32 44609 3785  6%
c - 5029.61 174 54 529 1693485 42056149 316383 46% 43 44609 3785  6%
c W 5061.32 174 54 529 1693495 42195560 426196 47% 47 44609 3785  6%
c 
c   seconds     reductions            redundant    irredundant
c            MB        restarts               trail      variables
c             level           conflicts           glue        remaining
c 
c - 5066.44 174 54 530 1693495 42215149 314120 47% 46 44609 3785  6%
c - 5104.44 178 53 531 1693521 42374451 325871 47% 45 44609 3785  6%
c I 5125.36 178 54 531 1693557 42486565 423706 48% 45 44609 3785  6%
c - 5133.17 178 54 532 1693565 42534051 324709 48% 43 44609 3785  6%
c p 5140.44 178 53 532 1693585 42575126 360552 48% 43 44609 3785  6%
c s 5151.68 178 52 532 1693603 42631082 406746 49% 42 44609 3785  6%
c v 5151.98 178 52 532 1693603 42631082 406746 49% 42 44606 3785  6%
c w 5153.12 178 52 532 1693603 42631082 406665 49% 42 44606 3785  6%
c s 5154.09 178 52 532 1693603 42631082 406092 49% 42 44606 3785  6%
c - 5167.29 174 52 533 1693621 42693952 322026 49% 43 44606 3785  6%
c B 5183.49 174 51 533 1693622 42778566 391373 48% 43 44606 3785  6%
c - 5194.46 177 54 534 1693652 42854155 324539 46% 42 44606 3785  6%
c - 5224.62 176 52 535 1693700 43014655 320507 44% 42 44606 3785  6%
c W 5237.20 176 53 535 1693716 43071569 369700 44% 43 44606 3785  6%
c - 5257.61 171 44 536 1693748 43175455 320063 45% 37 44606 3785  6%
c p 5267.52 171 44 536 1693749 43230126 368380 47% 36 44606 3785  6%
c - 5289.60 173 48 537 1693750 43336555 321202 47% 38 44606 3785  6%
c O 5294.39 173 47 537 1693750 43365570 346695 46% 38 44606 3785  6%
c - 5303.66 166 34 538 1693751 43497955 329374 32% 24 44606 3785  6%
c - 5326.85 180 37 539 1693752 43659655 334076 39% 26 44606 3785  6%
c 
c   seconds     reductions            redundant    irredundant
c            MB        restarts               trail      variables
c             level           conflicts           glue        remaining
c 
c B 5327.03 180 37 539 1693752 43660571 334953 39% 26 44606 3785  6%
c - 5360.96 180 45 540 1693752 43821655 316408 48% 36 44606 3785  6%
c p 5375.12 180 45 540 1693752 43890128 371651 49% 37 44606 3785  6%
c W 5392.08 180 46 540 1693752 43956574 425598 50% 39 44606 3785  6%
c - 5399.71 184 46 541 1693752 43983955 317587 50% 39 44606 3785  6%
c - 5441.95 198 47 542 1693752 44146555 340803 46% 37 44606 3785  6%
c I 5455.44 198 44 542 1693753 44253579 443456 41% 30 44606 3785  6%
c - 5462.42 186 47 543 1693753 44309457 339408 39% 32 44606 3785  6%
c - 5488.82 180 46 544 1693753 44472657 333451 41% 33 44606 3785  6%
c B 5504.14 180 47 544 1693753 44551582 405920 41% 34 44606 3785  6%
c p 5504.85 180 48 544 1693753 44555129 411619 41% 34 44606 3785  6%
c - 5511.44 182 52 545 1693753 44636159 345349 38% 34 44606 3785  6%
c - 5530.11 186 51 546 1693753 44799959 345590 39% 37 44606 3785  6%
c W 5538.97 186 53 546 1693753 44850583 393480 40% 37 44606 3785  6%
c - 5558.21 188 58 547 1693753 44964059 350573 42% 39 44606 3785  6%
c - 5588.90 190 58 548 1693753 45128463 358052 43% 41 44606 3785  6%
c O 5592.68 190 59 548 1693753 45150584 379396 45% 42 44606 3785  6%
c p 5600.79 190 45 548 1693753 45225129 451797 38% 31 44606 3785  6%
c - 5609.36 181 39 549 1693754 45293163 343542 36% 26 44606 3785  6%
c B 5632.11 181 33 549 1693754 45451585 490675 34% 22 44606 3785  6%
c 
c   seconds     reductions            redundant    irredundant
c            MB        restarts               trail      variables
c             level           conflicts           glue        remaining
c 
c - 5633.61 180 36 550 1693754 45458163 342080 35% 24 44606 3785  6%
c - 5664.75 204 63 551 1693754 45623463 342935 46% 42 44606 3785  6%
c W 5696.09 204 68 551 1693754 45753587 468044 48% 45 44606 3785  6%
c - 5703.64 219 72 552 1693754 45789065 349319 48% 49 44606 3785  6%
c p 5731.44 219 74 552 1693754 45900130 454153 48% 55 44606 3785  6%
c - 5745.26 215 74 553 1693754 45954967 347008 48% 55 44606 3785  6%
c s 5746.01 215 74 553 1693754 45954967 346746 48% 55 44606 3785  6%
c w 5747.36 215 74 553 1693754 45954967 346672 48% 55 44606 3785  6%
c t 5747.37 215 74 553 1693754 45954967 346671 48% 55 44606 3785  6%
c s 5747.90 215 74 553 1693754 45954967 346244 48% 55 44606 3785  6%
c I 5772.01 215 75 553 1693754 46056590 437126 48% 57 44606 3785  6%
c - 5781.84 202 70 554 1693754 46121167 346372 46% 50 44606 3785  6%
c - 5815.84 201 63 555 1693754 46287668 344576 42% 46 44606 3785  6%
c B 5830.91 201 60 555 1693754 46360592 410804 41% 45 44606 3785  6%
c - 5848.38 211 69 556 1693754 46454468 357965 46% 49 44606 3785  6%
c p 5879.22 211 70 556 1693754 46580130 479453 49% 52 44606 3785  6%
c - 5891.95 217 69 557 1693754 46621569 358615 49% 52 44606 3785  6%
c W 5905.57 217 69 557 1693754 46665593 398711 49% 53 44606 3785  6%
c - 5929.31 217 79 558 1693754 46788971 359380 50% 56 44606 3785  6%
c - 5968.43 211 79 559 1693754 46956672 352061 48% 58 44606 3785  6%
c 
c   seconds     reductions            redundant    irredundant
c            MB        restarts               trail      variables
c             level           conflicts           glue        remaining
c 
c O 5971.60 211 79 559 1693754 46971599 366024 48% 58 44606 3785  6%
c - 5993.97 199 49 560 1693754 47124672 351218 44% 36 44606 3785  6%
c p 6020.06 199 40 560 1693754 47265130 481837 44% 31 44606 3785  6%
c B 6022.19 199 39 560 1693754 47278604 493387 44% 31 44606 3785  6%
c - 6024.83 200 46 561 1693754 47292972 347882 44% 34 44606 3785  6%
c - 6059.94 207 73 562 1693791 47461573 337506 48% 56 44606 3785  6%
c W 6086.29 207 73 562 1693827 47586606 450131 48% 55 44606 3785  6%
c - 6094.28 206 69 563 1693847 47630473 339024 46% 51 44606 3785  6%
c - 6135.87 201 60 564 1693881 47799674 334840 46% 47 44606 3785  6%
c I 6164.61 201 60 564 1693911 47895607 414257 46% 50 44606 3785  6%
c p 6173.27 201 60 564 1693929 47955131 469888 44% 46 44606 3785  6%
c - 6175.58 201 60 565 1693937 47969176 343087 44% 45 44606 3785  6%
c - 6205.95 193 59 566 1693987 48138978 336043 44% 43 44606 3785  6%
c B 6220.72 193 58 566 1694007 48205608 394817 45% 43 44606 3785  6%
c - 6247.31 194 57 567 1694009 48309078 337772 46% 44 44606 3785  6%
c - 6294.00 194 56 568 1694031 48479478 345231 45% 45 44606 3785  6%
c W 6306.58 194 55 568 1694040 48516610 374914 45% 44 44606 3785  6%
c p 6338.33 194 48 568 1694080 48650133 488777 43% 39 44606 3785  6%
c - 6338.56 193 48 569 1694080 48650178 347393 43% 39 44606 3785  6%
c - 6378.46 189 49 570 1694135 48821179 338857 45% 39 44606 3785  6%
c 
c   seconds     reductions            redundant    irredundant
c            MB        restarts               trail      variables
c             level           conflicts           glue        remaining
c 
c O 6380.16 189 49 570 1694135 48828615 345068 45% 39 44606 3785  6%
c - 6400.35 198 52 571 1694172 48992479 347270 42% 37 44606 3785  6%
c B 6432.11 198 54 571 1694219 49141616 478856 45% 41 44606 3785  6%
c - 6436.37 208 58 572 1694229 49164079 347894 45% 44 44606 3785  6%
c s 6437.04 208 58 572 1694229 49164079 347686 45% 44 44606 3785  6%
c w 6438.82 208 58 572 1694229 49164079 347619 45% 44 44606 3785  6%
c t 6438.83 208 58 572 1694229 49164079 347618 45% 44 44606 3785  6%
c s 6439.38 208 58 572 1694229 49164079 347233 45% 44 44606 3785  6%
c - 6453.50 187 47 573 1694263 49335979 343781 37% 36 44606 3785  6%
c p 6455.87 187 49 573 1694263 49350133 359936 38% 38 44606 3785  6%
c W 6474.92 187 54 573 1694264 49455621 456412 43% 43 44606 3785  6%
c - 6485.23 203 54 574 1694265 49508179 343929 43% 44 44606 3785  6%
c - 6527.95 198 52 575 1694265 49680681 346464 42% 44 44606 3785  6%
c I 6546.54 198 51 575 1694269 49770622 417911 41% 43 44606 3785  6%
c s 6553.90 198 49 575 1694288 49811794 451365 41% 41 44606 3785  6%
c v 6554.16 198 49 575 1694288 49811794 451365 41% 41 44605 3785  6%
c w 6554.57 198 49 575 1694288 49811794 451348 41% 41 44605 3785  6%
c s 6555.07 198 49 575 1694288 49811794 451264 41% 41 44604 3785  6%
c - 6563.35 187 47 576 1694300 49853481 332780 41% 39 44604 3785  6%
c - 6594.11 181 40 577 1694358 50026582 321338 40% 34 44604 3785  6%
c 
c   seconds     reductions            redundant    irredundant
c            MB        restarts               trail      variables
c             level           conflicts           glue        remaining
c 
c p 6599.78 181 40 577 1694365 50055134 344109 40% 33 44604 3785  6%
c B 6604.67 181 40 577 1694378 50086623 370230 40% 33 44604 3785  6%
c - 6625.20 198 51 578 1694392 50199983 339716 46% 41 44604 3785  6%
c - 6671.56 206 55 579 1694453 50373683 345836 48% 46 44604 3785  6%
c W 6681.25 206 54 579 1694455 50403627 370156 48% 46 44604 3785  6%
c - 6722.20 205 50 580 1694502 50547683 348092 48% 43 44604 3785  6%
c O 6768.33 205 54 580 1694520 50721630 493957 48% 46 44604 3785  6%
c - 6768.68 207 54 581 1694520 50721985 349962 48% 46 44604 3785  6%
c p 6773.83 207 45 581 1694520 50765135 392505 43% 36 44604 3785  6%
c - 6791.49 191 46 582 1694551 50896585 349291 43% 33 44604 3785  6%
c B 6822.52 191 49 582 1694590 51040633 477971 48% 36 44604 3785  6%
c - 6832.62 202 49 583 1694605 51071486 351914 47% 36 44604 3785  6%
c - 6866.92 192 48 584 1694647 51246688 336370 46% 39 44604 3785  6%
c W 6890.79 192 47 584 1694677 51360634 418202 45% 41 44604 3785  6%
c ] 6891.98 192 47 584 1694678 51365893 421905 45% 41 44604 3785  6%
c ? 6891.98 192 47 584 1694678 51365893 421905 45% 41 44604 3785  6%
c 
c --- [ result ] -------------------------------------------------------------
c 
c UNKNOWN
c 
c --- [ run-time profiling ] -------------------------------------------------
c 
c process time taken by individual solving procedures
c (percentage relative to process time for solving)
c 
c      6790.22   98.52% search
c      4653.35   67.52% stable
c      2054.66   29.81% unstable
c       101.69    1.48% simplify
c        82.20    1.19% walk
c        48.09    0.70% subsume
c        32.89    0.48% vivify
c        11.51    0.17% probe
c         2.83    0.04% ternary
c         1.68    0.02% elim
c         0.06    0.00% parse
c         0.01    0.00% lucky
c   =================================
c      6891.92  100.00% solve
c 
c last line shows process time for solving
c (percentage relative to total process time)
c 
c --- [ statistics ] ---------------------------------------------------------
c 
c blocked:                       0         0.00 %  of irredundant clauses
c   blockings:                   0         0.00    internal
c   candidates:                  0         0.00    per blocking 
c   blockres:                    0         0.00    per candidate
c   pure:                        0         0.00 %  of all variables
c   pureclauses:                 0         0.00    per pure literal
c chronological:          10296286        20.04 %  of conflicts
c compacts:                      6   8560982.17    interval
c conflicts:              51365893      7453.06    per second
c   backtracked:          60237086       117.27 %  of conflicts
c conditioned:                   0         0.00 %  of irredundant clauses
c   conditionings:               0         0.00    interval
c   condcands:                   0         0.00    candidate clauses
c   condassinit:                 0.0       0.00 %  initial assigned
c   condcondinit:                0.0       0.00 %  initial condition
c   condautinit:                 0.0       0.00 %  initial autarky
c   condassrem:                  0.0       0.00 %  final assigned
c   condcondrem:                 0.000     0.00 %  final conditional
c   condautrem:                  0.000     0.00 %  final autarky
c   condprops:                   0         0.00    per candidate
c covered:                       0         0.00 %  of irredundant clauses
c   coverings:                   0         0.00    interval
c   asymmetric:                  0         0.00 %  of covered clauses
c   blocked:                     0         0.00 %  of covered clauses
c decisions:             102394651     14857.21    per second
c   searched:            372902378         3.64    per decision
c eliminated:                51876        79.53 %  of all variables
c   elimphases:                 91    564460.36    interval
c   elimrounds:                151         1.66    per phase
c   elimtried:               93895        55.25 %  eliminated
c   elimgates:               16021        17.06 %  gates per tried
c   elimequivs:                 92         0.57 %  equivalence gates
c   elimands:                15929        99.43 %  and gates
c   elimites:                    0         0.00 %  if-then-else gates
c   elimxors:                    0         0.00 %  xor gates
c   elimsubst:                1735         3.34 %  substituted
c   elimres:               1225437        23.62    per eliminated
c   elimrestried:          1143279        93.30 %  per resolution
c ext.prop. calls:               0         0.00 %  of queries
c   propagating:                 0         0.00 %  per eprop-call
c   explained:                   0         0.00 %  per eprop-call
c   falsified:                   0         0.00 %  per eprop-call
c ext.clause calls:              0         0.00 %  of queries
c   learned:                     0         0.00 %  per called
c   conflicting:                 0         0.00 %  per learned
c   propagating:                 0         0.00 %  per learned
c ext.final check:               0         0.00 %  of queries
c fixed:                      9265        14.20 %  of all variables
c   failed:                     34         0.05 %  of all variables
c   probefailed:                31        91.18 %  per failed
c   transredunits:               3         8.82 %  per failed
c   probingphases:             142    361731.64    interval
c   probesuccess:               33        23.24 %  phases
c   probingrounds:             142         1.00    per phase
c   probed:                 315554      9281.00    per failed
c   hbrs:                   258493         0.82    per probed
c   hbrsizes:              1013969         3.92    per hbr
c   hbreds:                 256992        99.42 %  per hbr
c   hbrsubs:                   845         0.33 %  per hbr
c   units:                      18   2853660.72    interval
c   binaries:                 2157     23813.58    interval
c flushed:                       0         0.00 %  per conflict
c   hyper:                       0         0.00 %  per conflict
c   flushings:                   0         0.00    interval
c instantiated:                  0         0.00 %  of tried
c   instrounds:                  0         0.00 %  of elimrounds
c learned:                50364752        98.05 %  per conflict
c   bumped:             1868781194        37.10    per learned
c   recomputed:          284861879       565.60 %  per learned
c   promoted1:              128619         0.26 %  per learned
c   promoted2:              518065         1.03 %  per learned
c   improvedglue:         20558614        40.82 %  per learned
c lucky:                         0         0.00 %  of tried
c   constantzero                 0         0.00 %  of tried
c   constantone                  0         0.00 %  of tried
c   backwardone                  0         0.00 %  of tried
c   backwardzero                 0         0.00 %  of tried
c   forwardone                   0         0.00 %  of tried
c   forwardzero                  0         0.00 %  of tried
c   positivehorn                 0         0.00 %  of tried
c   negativehorn                 0         0.00 %  of tried
c   extendbytes:           3284904         3.13    bytes and MB
c learned_lits:         5146671438       100.00 %  learned literals
c minimized:                     0         0.00 %  learned literals
c shrunken:             1714042520        33.30 %  learned literals
c minishrunken:          675616265        13.13 %  learned literals
c otfs:                     117294         0.23 %  of conflict
c   subsumed                  4551         0.01 %  of conflict
c   strengthened            112743         0.22 %  of conflict
c propagations:        11460048566         1.66 M  per second
c   coverprops:                  0         0.00 %  of propagations
c   probeprops:            7364759         0.06 %  of propagations
c   searchprops:       10371592190        90.50 %  of propagations
c   transredprops:         1197515         0.01 %  of propagations
c   vivifyprops:         135346033         1.18 %  of propagations
c   walkprops:           944548069         8.24 %  of propagations
c reactivated:                   0         0.00 %  of all variables
c reduced:                44071115        85.80 %  per conflict
c   reductions:                584     87955.30    interval
c   collections:               593     86620.39    interval
c rephased:                    320    160518.42    interval
c   rephasedbest:              106        33.12 %  rephased best
c   rephasedflip:               26         8.12 %  rephased flipping
c   rephasedinv:                28         8.75 %  rephased inverted
c   rephasedorig:               29         9.06 %  rephased original
c   rephasedrand:               25         7.81 %  rephased random
c   rephasedwalk:              106        33.12 %  rephased walk
c rescored:                   4322     11884.75    interval
c restarts:                1694678        30.31    interval
c   reused:                1434048        84.62 %  per restart
c   reusedlevels:         14810467        26.04 %  per restart levels
c restored:                      0         0.00 %  per weakened
c   restorations:                0         0.00 %  per extension
c   literals:                    0         0.00    per restored clause
c stabilizing:                   8        57.47 %  of conflicts
c   restartstab:              5018         0.30 %  of all restarts
c   reusedstab:               4979        99.22 %  per stable restarts
c substituted:                 302         0.46 %  of all variables
c   decompositions:            387         2.73    per phase
c subsumed:                5622436         5.50 %  of all clauses
c   subsumephases:              91    564460.36    interval
c   subsumerounds:             182         2.00    per phase
c   deduplicated:               37         0.00 %  per subsumed
c   transreds:                  91    564460.36    interval
c   transitive:                627         0.01 %  per subsumed
c   subirr:                   7493         0.13 %  of subsumed
c   subred:                  61507         1.09 %  of subsumed
c   subtried:             15163864         2.70    tried per subsumed
c   subchecks:          6838072301       450.95    per tried
c   subchecks2:           56641255         0.83 %  per subcheck
c   elimotfsub:                  0         0.00 %  of subsumed
c   elimbwsub:                 744         0.01 %  of subsumed
c   eagersub:              5545560        98.63 %  of subsumed
c   eagertried:         1108024148       199.80    tried per eagersub
c strengthened:             503746         0.49 %  of all clauses
c   elimotfstr:               4591         0.91 %  of strengthened
c   elimbwstr:                   1         0.00 %  of strengthened
c ternary:                  248455         0.75 %  of resolved
c   phases:                    284    180865.82    interval
c   htr3:                   248338        99.95 %  ternary hyper ternres
c   htr2:                      117         0.05 %  binary hyper ternres
c vivified:                  18892         0.02 %  of all clauses
c   vivifications:              91    564460.36    interval
c   vivifychecks:          1843671         3.59 %  per conflict
c   vivifysched:          10367823        17.78 %  checks per scheduled
c   vivifyunits:                 0         0.00 %  per vivify check
c   vivifyinst:                236         0.01 %  per vivify check
c   vivifysubs:               3536         0.06 %  per subsumed
c   vivifystrs:              15356         3.05 %  per strengthened
c   vivifystrirr:              728         4.74 %  per vivifystrs
c   vivifystred1:              276         1.80 %  per vivifystrs
c   vivifystred2:             8479        55.22 %  per vivifystrs
c   vivifystred3:             5873        38.25 %  per vivifystrs
c   vivifydecs:            8750491         4.75    per checks
c   vivifyreused:          3462001        39.56 %  per decision
c walked:                      106    484583.90    interval
c   flips:               118403533         1.44 M  per second
c   minimum:                    14         0.01 %  clauses
c   broken:             3779250736        31.92    per flip
c weakened:                 129436         3.34    average size
c   extensions:                  0         0.00    interval
c   flipped:                     0         0.00    per weakened
c 
c seconds are measured in process time for solving
c 
c --- [ resources ] ----------------------------------------------------------
c 
c total process time since initialization:      6891.98    seconds
c total real time since initialization:         6900.00    seconds
c maximum resident set size of process:          298.55    MB
c 
c --- [ shutting down ] ------------------------------------------------------
c 
c exit 0
