c --- [ banner ] -------------------------------------------------------------
c 
c CaDiCaL SAT Solver
c Copyright (c) 2016-2023 A. Biere, M. Fleury, N. Froleyks, K. Fazekas, F. Pollitt
c 
c Version 1.7.3
c g++-13.2.0
c Feb 11 2024 04:08:27
c 
c --- [ limit ] --------------------------------------------------------------
c 
c setting time limit to 6900 seconds real time (due to '-t 6900')
c 
c --- [ parsing input ] ------------------------------------------------------
c 
c reading DIMACS file from '/root/projects/maph/discovery/out/cover-23-6-2-bounded-balanced-20260807/4.cnf'
c opening file to read '/root/projects/maph/discovery/out/cover-23-6-2-bounded-balanced-20260807/4.cnf'
c found 'p cnf 63196 136607' header
c parsed 136607 clauses in 0.04 seconds process time
c closing file '/root/projects/maph/discovery/out/cover-23-6-2-bounded-balanced-20260807/4.cnf'
c 
c --- [ options ] ------------------------------------------------------------
c 
c all options are set to their default value
c 
c --- [ solving ] ------------------------------------------------------------
c 
c time measured in process time since initialization
c 
c  seconds  reductions  redundant  irredundant
c         MB    restarts       trail       variables
c          level   conflicts       glue         remaining
c 
c *  0.04 28  0 0   0    0    0  0% 0 129198 58942 93%
c {  0.05 29  0 0   0    0    0  0% 0 129198 58942 93%
c i  0.05 30 68 0   0   22   21 17% 2 129198 58925 93%
c i  0.05 30 67 0   0   24   22 17% 2 129198 58908 93%
c i  0.05 30 32 0   3  101   84 11% 2 129198 58893 93%
c i  0.05 30 28 0   4  124  104 11% 2 129198 58836 93%
c i  0.06 30 30 0   9  158  135 11% 3 129198 58814 93%
c i  0.06 30 29 0  11  167  142 11% 3 129198 58798 93%
c i  0.06 30 29 0  11  168  142 11% 3 129198 58783 93%
c i  0.06 30 30 0  12  171  144 11% 3 129198 58782 93%
c i  0.06 30 37 0  33  244  214 13% 5 129198 58670 93%
c i  0.07 30 40 0  43  284  247 14% 5 129198 58656 93%
c i  0.07 30 40 0  44  294  252 14% 5 129198 58551 93%
c -  0.07 30 39 1  47  300  243 14% 5 122949 58518 93%
c i  0.08 30 39 1  55  338  276 14% 6 122949 58462 93%
c i  0.08 30 40 1  57  351  285 14% 6 122949 58365 92%
c i  0.08 30 40 1  57  353  286 14% 6 122949 58260 92%
c i  0.08 30 40 1  58  355  287 14% 6 122949 58224 92%
c i  0.09 30 42 1  71  421  344 15% 6 122949 57826 92%
c i  0.09 30 42 1  71  422  344 15% 6 122949 57713 91%
c 
c  seconds  reductions  redundant  irredundant
c         MB    restarts       trail       variables
c          level   conflicts       glue         remaining
c 
c i  0.09 30 42 1  72  423  344 15% 6 122949 57614 91%
c i  0.10 30 44 1  89  509  419 16% 6 122949 57592 91%
c i  0.10 30 45 1 100  561  469 16% 6 122949 57487 91%
c i  0.11 30 42 1 107  775  593 16% 5 122949 57436 91%
c -  0.13 36 43 2 118  954  657 16% 5 119429 57387 91%
c }  0.13 36 44 2 118 1002  697 16% 5 119429 57387 91%
c [  0.13 36  0 2 118 1002  697  0% 0 119429 57387 91%
c O  0.13 36 33 2 118 1003  698 19% 4 119429 57387 91%
c -  0.17 37 40 3 118 1925 1406 19% 16 119429 57387 91%
c i  0.18 37 39 3 119 2087 1556 19% 16 119429 57372 91%
c s  0.22 33 45 3 119 2265 1669 21% 16 115587 57372 91%
c v  0.24 37 45 3 119 2265 1669 21% 16 115585 57372 91%
c w  0.25 37 45 3 119 2265 1667 21% 16 115585 57372 91%
c t  0.26 37 45 3 119 2265 1653 21% 16 115230 56962 90%
c e  0.36 43 45 3 119 2265  137 21% 16 41660 9938 16%
c s  0.37 43 45 3 119 2265  121 21% 16 39915 9938 16%
c e  0.38 43 45 3 119 2265  116 21% 16 38318 9076 14%
c i  0.41 36 45 3 119 2266  116 16% 16 38318 8992 14%
c ]  0.43 36 57 3 119 3002  795 31% 19 38318 8992 14%
c {  0.43 36 44 3 119 3002  795 114% 5 38318 8992 14%
c 
c  seconds  reductions  redundant   irredundant
c         MB    restarts       trail      variables
c          level   conflicts        glue       remaining
c 
c F  0.43 36 44 3 119 3005  797 114% 5 38318 8922 14%
c i  0.43 36 44 3 119 3005  797 114% 5 38318 8917 14%
c -  0.44 36 45 4 162 3217  961 98% 6 37589 8917 14%
c i  0.45 36 45 4 190 3471 1161 84% 6 37589 8909 14%
c i  0.48 36 45 4 344 4102 1738 66% 8 37589 8906 14%
c i  0.49 36 47 4 433 4614 2131 57% 8 37589 8901 14%
c -  0.50 36 47 5 460 4719 1740 56% 8 37473 8900 14%
c i  0.50 36 47 5 482 4804 1818 55% 8 37473 8893 14%
c i  0.50 36 47 5 486 4821 1834 55% 8 37473 8872 14%
c d  0.51 36 47 5 499 5001 1959 53% 8 37175 8823 14%
c d  0.51 36 47 5 499 5001 1959 53% 8 37173 8822 14%
c 3  0.52 36 47 5 499 5001 11153 53% 8 37173 8822 14%
c 3  0.52 36 47 5 499 5001 11415 53% 8 37173 8822 14%
c d  0.53 36 47 5 499 5001 11412 53% 8 37171 8821 14%
c 2  0.53 36 47 5 499 5001 11409 53% 8 37155 8756 14%
c p  0.55 36 47 5 499 5001 19050 53% 8 37155 8673 14%
c d  0.55 36 47 5 499 5001 18119 53% 8 36575 8663 14%
c d  0.55 36 47 5 499 5001 18118 53% 8 36562 8658 14%
c #  0.59 36 45 5 608 6006 19024 46% 8 36562 8658 14%
c -  0.61 36 43 6 648 6520 3220 43% 8 36562 8658 14%
c 
c  seconds  reductions  redundant  irredundant
c         MB    restarts       trail     variables
c          level   conflicts       glue       remaining
c 
c }  0.62 36 40 6 648 7004 3655 40% 8 36562 8658 14%
c [  0.62 36 57 6 648 7004 3655 31% 19 36562 8658 14%
c -  0.66 36 37 7 649 8623 3433 22% 14 36562 8658 14%
c I  0.70 36 30 7 650 10008 4479 20% 13 36562 8658 14%
c s  0.73 36 27 7 651 10578 4452 20% 12 35544 8658 14%
c v  0.74 36 27 7 651 10578 4452 20% 12 35437 8658 14%
c w  0.74 36 27 7 651 10578 4444 20% 12 35437 8658 14%
c t  0.74 36 27 7 651 10578 4404 20% 12 35318 8658 14%
c e  0.75 36 27 7 651 10578 4103 20% 12 34695 8264 13%
c s  0.76 36 27 7 651 10578 4051 20% 12 34538 8264 13%
c e  0.76 36 27 7 651 10578 4049 20% 12 34528 8246 13%
c i  0.77 36 27 7 651 10656 4082 20% 12 34528 8244 13%
c -  0.79 36 32 8 651 11024 1512 22% 13 34523 8244 13%
c -  0.91 36 52 9 653 13724 3562 28% 23 34523 8244 13%
c d  0.97 36 54 9 653 15001 4772 29% 24 34517 8241 13%
c 3  0.98 36 54 9 653 15001 12085 29% 24 34516 8241 13%
c 3  0.98 36 54 9 653 15001 12959 29% 24 34516 8241 13%
c d  0.99 36 54 9 653 15001 12959 29% 24 34513 8240 13%
c 2  0.99 36 54 9 653 15001 12958 29% 24 34512 8240 13%
c p  1.00 36 54 9 653 15001 18970 29% 24 34512 8240 13%
c 
c  seconds  reductions    redundant   irredundant
c         MB    restarts         trail      variables
c          level    conflicts        glue        remaining
c 
c d  1.00 36 54 9 653 15001 18966 29% 24 34507 8235 13%
c ]  1.00 36 54 9 653 15004 18969 29% 24 34507 8235 13%
c {  1.00 36 40 9 653 15004 18969 40% 8 34507 8235 13%
c B  1.00 36 40 9 653 15013 18977 40% 8 34507 8235 13%
c -  1.08 36 42 10 952 16724 5292 37% 9 34507 8235 13%
c -  1.19 36 41 11 1341 20024 5527 32% 9 34507 8235 13%
c W  1.24 36 42 11 1525 21017 6385 32% 9 34507 8235 13%
c s  1.32 36 41 11 1743 22975 8016 30% 10 34458 8235 13%
c v  1.33 36 41 11 1743 22975 8016 30% 10 34070 8235 13%
c w  1.33 36 41 11 1743 22975 8013 30% 10 34070 8235 13%
c t  1.33 36 41 11 1743 22975 8000 30% 10 34046 8235 13%
c e  1.34 36 41 11 1743 22975 7858 30% 10 34021 8214 13%
c s  1.35 36 41 11 1743 22975 7831 30% 10 33999 8214 13%
c -  1.38 36 41 12 1786 23624 6744 30% 10 33999 8214 13%
c -  1.51 36 40 13 2314 27526 6951 28% 10 33999 8214 13%
c F  1.53 36 40 13 2410 28018 7416 28% 10 33999 8214 13%
c d  1.59 37 41 13 2628 30001 9157 28% 10 33997 8206 13%
c 3  1.60 37 41 13 2628 30001 12922 28% 10 33997 8206 13%
c 3  1.60 37 41 13 2628 30001 13735 28% 10 33997 8206 13%
c d  1.61 37 41 13 2628 30001 13730 28% 10 33997 8205 13%
c 
c  seconds  reductions      redundant   irredundant
c         MB     restarts          trail      variables
c          level      conflicts        glue        remaining
c 
c 2  1.61 37 41 13 2628 30001 13721 28% 10 33996 8205 13%
c p  1.62 37 41 13 2628 30001 19987 28% 10 33996 8203 13%
c d  1.62 37 41 13 2628 30001 19854 28% 10 33990 8200 13%
c }  1.65 37 40 13 2638 31005 20766 27% 10 33990 8200 13%
c [  1.65 37 54 13 2638 31005 20766 29% 24 33990 8200 13%
c -  1.67 37 51 14 2638 31726 7806 28% 23 33990 8200 13%
c B  1.84 37 56 14 2641 36020 11718 29% 24 33990 8200 13%
c -  1.85 37 56 15 2641 36228 8775 29% 24 33990 8200 13%
c s  1.98 37 58 15 2643 39370 11442 29% 26 33969 8200 13%
c v  2.00 37 58 15 2643 39370 11442 29% 26 33755 8200 13%
c w  2.00 37 58 15 2643 39370 11439 29% 26 33755 8200 13%
c e  2.01 37 58 15 2643 39370 9095 29% 26 33611 8070 13%
c s  2.01 37 58 15 2643 39370 9082 29% 26 33503 8070 13%
c e  2.02 37 58 15 2643 39370 9082 29% 26 33386 8037 13%
c -  2.10 37 57 16 2644 41031 6791 26% 26 33386 8037 13%
c W  2.26 37 56 16 2645 45021 10246 28% 27 33386 8037 13%
c -  2.31 37 56 17 2646 46134 8293 28% 27 33386 8037 13%
c d  2.45 37 55 17 2646 50004 11776 29% 28 33386 8036 13%
c 3  2.46 37 55 17 2646 50004 15940 29% 28 33386 8036 13%
c p  2.47 37 55 17 2646 50004 21962 29% 28 33386 8036 13%
c 
c  seconds  reductions     redundant   irredundant
c         MB     restarts         trail      variables
c          level      conflicts       glue        remaining
c 
c -  2.53 37 55 18 2646 51534 9262 29% 28 33386 8036 13%
c O  2.66 37 55 18 2647 55025 12488 30% 29 33386 8036 13%
c -  2.75 37 53 19 2649 57234 9665 28% 28 33386 8036 13%
c s  2.85 37 51 19 2651 59916 12040 27% 27 33384 8036 13%
c v  2.87 37 51 19 2651 59916 12040 27% 27 33333 8036 13%
c w  2.88 37 51 19 2651 59916 12039 27% 27 33333 8036 13%
c e  2.88 37 51 19 2651 59916 12037 27% 27 33164 7956 13%
c s  2.89 37 51 19 2651 59916 12034 27% 27 33061 7956 13%
c e  2.89 37 51 19 2651 59916 12034 27% 27 33043 7950 13%
c ]  2.98 37 49 19 2653 63005 14637 26% 27 33043 7950 13%
c {  2.98 37 40 19 2653 63005 14637 30% 10 33043 7950 13%
c -  3.00 37 40 20 2700 63234 9740 30% 10 33043 7950 13%
c B  3.08 37 41 20 2918 66026 12255 30% 10 33043 7950 13%
c -  3.20 37 40 21 3251 69538 9948 28% 10 33043 7950 13%
c d  3.36 37 38 21 3933 75004 14720 27% 10 33043 7945 13%
c 3  3.36 37 38 21 3933 75004 18323 27% 10 33043 7945 13%
c 3  3.37 37 38 21 3933 75004 19090 27% 10 33043 7945 13%
c d  3.37 37 38 21 3933 75004 19071 27% 10 33043 7942 13%
c 2  3.37 37 38 21 3933 75004 19067 27% 10 33043 7942 13%
c p  3.38 37 38 21 3933 75004 25124 27% 10 33043 7942 13%
c 
c  seconds  reductions      redundant   irredundant
c         MB     restarts          trail      variables
c          level      conflicts        glue        remaining
c 
c -  3.43 37 38 22 4099 76138 12003 27% 10 33043 7942 13%
c W  3.50 37 37 22 4248 78027 13594 26% 10 33043 7942 13%
c -  3.62 37 35 23 4531 83038 11744 25% 10 33043 7942 13%
c s  3.66 37 34 23 4587 84580 12604 24% 10 33037 7942 13%
c v  3.67 37 34 23 4587 84580 12604 24% 10 32997 7942 13%
c w  3.68 37 34 23 4587 84580 12601 24% 10 32997 7942 13%
c t  3.68 37 34 23 4587 84580 12597 24% 10 32997 7942 13%
c e  3.68 37 34 23 4587 84580 12588 24% 10 32932 7900 13%
c s  3.69 37 34 23 4587 84580 12567 24% 10 32901 7900 13%
c e  3.69 37 34 23 4587 84580 12567 24% 10 32892 7897 12%
c -  3.81 37 32 24 4787 90238 11457 23% 10 32892 7897 12%
c #  3.82 37 31 24 4802 91029 12028 22% 10 32892 7897 12%
c -  4.04 37 32 25 5139 97739 12477 22% 10 32892 7897 12%
c d  4.29 37 32 25 5508 105004 19017 22% 10 32892 7883 12%
c 3  4.30 37 32 25 5508 105004 22643 22% 10 32892 7883 12%
c 3  4.30 37 32 25 5508 105004 23518 22% 10 32892 7883 12%
c d  4.31 37 32 25 5508 105004 23492 22% 10 32892 7880 12%
c 2  4.31 37 32 25 5508 105004 23489 22% 10 32892 7880 12%
c p  4.32 37 32 25 5508 105004 29559 22% 10 32892 7880 12%
c B  4.32 37 32 25 5508 105030 29584 22% 10 32892 7880 12%
c 
c  seconds  reductions       redundant   irredundant
c         MB     restarts           trail      variables
c          level      conflicts         glue        remaining
c 
c -  4.36 37 32 26 5615 105539 14731 22% 10 32892 7880 12%
c s  4.55 37 30 26 5994 113398 20935 21% 10 32889 7880 12%
c v  4.56 37 30 26 5994 113398 20935 21% 10 32880 7880 12%
c w  4.57 37 30 26 5994 113398 20931 21% 10 32880 7880 12%
c t  4.57 37 30 26 5994 113398 20927 21% 10 32879 7880 12%
c e  4.57 37 30 26 5994 113398 20927 21% 10 32878 7878 12%
c s  4.58 37 30 26 5994 113398 20904 21% 10 32877 7878 12%
c -  4.60 37 30 27 6003 113640 14659 21% 10 32877 7878 12%
c W  4.83 37 29 27 6594 120033 20347 20% 10 32877 7878 12%
c -  4.93 37 30 28 6879 122042 14727 20% 11 32877 7878 12%
c }  5.05 37 28 28 6904 127008 18752 20% 10 32877 7878 12%
c [  5.05 37 49 28 6904 127008 18752 26% 27 32877 7878 12%
c -  5.15 37 46 29 6904 130743 14880 24% 25 32877 7878 12%
c B  5.30 37 41 29 6909 136036 18860 22% 23 32877 7878 12%
c -  5.46 37 45 30 6911 139745 16336 24% 24 32877 7878 12%
c d  5.47 37 45 30 6911 140005 16575 24% 24 32877 7875 12%
c 3  5.48 37 45 30 6911 140005 20206 24% 24 32877 7875 12%
c 3  5.48 37 45 30 6911 140005 21182 24% 24 32877 7875 12%
c d  5.49 37 45 30 6911 140005 21169 24% 24 32877 7874 12%
c 2  5.49 37 45 30 6911 140005 21168 24% 24 32877 7874 12%
c 
c  seconds  reductions       redundant   irredundant
c         MB     restarts           trail      variables
c          level      conflicts         glue        remaining
c 
c p  5.50 37 45 30 6911 140005 26997 24% 24 32877 7874 12%
c d  5.50 37 45 30 6911 140005 26990 24% 24 32877 7873 12%
c s  5.96 37 51 30 6912 146378 32447 28% 27 32873 7873 12%
c v  5.99 37 51 30 6912 146378 32447 28% 27 32807 7873 12%
c w  5.99 37 51 30 6912 146378 32446 28% 27 32807 7873 12%
c t  5.99 37 51 30 6912 146378 32443 28% 27 32807 7873 12%
c e  6.00 37 51 30 6912 146378 32286 28% 27 32791 7851 12%
c s  6.00 37 51 30 6912 146378 32251 28% 27 32782 7851 12%
c -  6.20 37 52 31 6912 149046 18003 29% 28 32782 7851 12%
c W  6.60 37 54 31 6913 153037 21748 31% 30 32782 7851 12%
c -  7.02 42 56 32 6913 158647 17723 33% 32 32782 7851 12%
c -  7.79 37 60 33 6914 168551 18283 36% 34 32782 7851 12%
c I  8.05 37 60 33 6916 171041 20550 37% 35 32782 7851 12%
c -  8.43 39 63 34 6920 178751 18529 37% 34 32782 7851 12%
c d  8.51 39 64 34 6920 180006 19722 37% 34 32782 7847 12%
c 3  8.51 39 64 34 6920 180006 23177 37% 34 32782 7847 12%
c d  8.52 39 64 34 6920 180006 24073 37% 34 32782 7846 12%
c p  8.54 39 64 34 6920 180006 29782 37% 34 32782 7846 12%
c s  8.83 39 66 34 6923 183494 32856 38% 35 32781 7846 12%
c v  8.85 39 66 34 6923 183494 32856 38% 35 32680 7846 12%
c 
c  seconds  reductions       redundant   irredundant
c         MB     restarts           trail      variables
c          level      conflicts         glue        remaining
c 
c w  8.86 39 66 34 6923 183494 32852 38% 35 32680 7846 12%
c e  8.86 39 66 34 6923 183494 32721 38% 35 32648 7804 12%
c s  8.87 39 66 34 6923 183494 32639 38% 35 32620 7804 12%
c -  9.25 39 67 35 6927 189258 19336 38% 35 32620 7804 12%
c B  9.30 39 67 35 6927 190043 20085 38% 35 32620 7804 12%
c -  9.94 45 70 36 6928 200058 19059 39% 36 32620 7804 12%
c W 10.55 45 70 36 6935 210044 28393 39% 36 32620 7804 12%
c - 10.62 39 70 37 6935 211159 19640 39% 36 32620 7804 12%
c - 11.17 39 69 38 6942 222559 19715 39% 34 32620 7804 12%
c d 11.31 39 70 38 6942 225006 22014 38% 35 32620 7799 12%
c 3 11.32 39 70 38 6942 225006 25751 38% 35 32620 7799 12%
c p 11.34 39 70 38 6942 225006 32410 38% 35 32620 7799 12%
c d 11.34 39 70 38 6942 225006 32407 38% 35 32620 7798 12%
c s 11.36 39 70 38 6942 225006 32230 38% 35 32620 7798 12%
c v 11.38 39 70 38 6942 225006 32230 38% 35 32567 7798 12%
c w 11.39 39 70 38 6942 225006 32227 38% 35 32567 7798 12%
c e 11.40 39 70 38 6942 225006 32137 38% 35 32555 7787 12%
c s 11.41 39 70 38 6942 225006 32120 38% 35 32539 7787 12%
c e 11.41 39 70 38 6942 225006 31835 38% 35 32535 7786 12%
c O 11.83 39 70 38 6943 231046 37493 39% 35 32535 7786 12%
c 
c  seconds  reductions       redundant   irredundant
c         MB     restarts           trail      variables
c          level      conflicts         glue        remaining
c 
c - 12.02 39 69 39 6943 234262 20614 39% 35 32535 7786 12%
c - 13.02 45 70 40 6944 246265 20763 40% 36 32535 7786 12%
c B 13.67 45 70 40 6945 253047 27195 40% 36 32535 7786 12%
c ] 13.87 45 70 40 6945 255009 29039 40% 37 32535 7786 12%
c { 13.87 45 28 40 6945 255009 29039 20% 10 32535 7786 12%
c - 14.03 39 28 41 7204 258566 22354 20% 10 32535 7786 12%
c s 14.44 39 28 41 8245 270394 31625 20% 11 32528 7786 12%
c v 14.48 39 28 41 8245 270394 31625 20% 11 32307 7786 12%
c w 14.49 39 28 41 8245 270394 31624 20% 11 32307 7786 12%
c t 14.49 39 28 41 8245 270394 31621 20% 11 32307 7786 12%
c e 14.49 39 28 41 8245 270394 31620 20% 11 32247 7731 12%
c s 14.50 39 28 41 8245 270394 31582 20% 11 32212 7731 12%
c e 14.51 39 28 41 8245 270394 31570 20% 11 32208 7727 12%
c - 14.56 39 28 42 8426 271166 20731 20% 11 32208 7727 12%
c d 14.72 39 28 42 8876 275006 24147 20% 11 32208 7714 12%
c 3 14.74 39 28 42 8876 275006 28685 20% 11 32208 7714 12%
c p 14.75 39 28 42 8876 275006 34340 20% 11 32208 7714 12%
c d 14.76 39 28 42 8876 275006 34338 20% 11 32208 7713 12%
c F 14.79 39 28 42 8878 276048 35212 20% 11 32208 7713 12%
c - 15.03 39 28 43 10741 284066 21997 19% 11 32208 7713 12%
c 
c  seconds  reductions        redundant   irredundant
c         MB      restarts           trail      variables
c          level       conflicts         glue        remaining
c 
c - 15.37 39 26 44 12292 297269 21397 18% 11 32208 7713 12%
c B 15.47 39 26 44 12476 300051 23849 19% 11 32208 7713 12%
c - 15.80 39 26 45 12888 310770 21760 18% 11 32208 7713 12%
c s 16.11 39 27 45 13208 319825 29571 19% 11 32205 7713 12%
c v 16.13 39 27 45 13208 319825 29571 19% 11 32144 7713 12%
c w 16.14 39 27 45 13208 319825 29567 19% 11 32144 7713 12%
c t 16.14 39 27 45 13208 319825 29561 19% 11 32144 7713 12%
c e 16.15 39 27 45 13208 319825 29547 19% 11 32129 7697 12%
c s 16.16 39 27 45 13208 319825 29499 19% 11 32080 7697 12%
c - 16.29 39 26 46 13280 324570 23281 18% 11 32080 7697 12%
c W 16.40 39 26 46 13280 325053 23660 18% 11 32080 7697 12%
c d 16.54 39 26 46 13384 330006 27437 18% 11 32080 7684 12%
c 3 16.55 39 26 46 13384 330006 30932 18% 11 32080 7684 12%
c 3 16.55 39 26 46 13384 330006 31950 18% 11 32080 7684 12%
c d 16.56 39 26 46 13384 330006 31943 18% 11 32080 7683 12%
c 2 16.56 39 26 46 13384 330006 31942 18% 11 32080 7683 12%
c p 16.57 39 26 46 13384 330006 37406 18% 11 32080 7683 12%
c - 16.83 39 25 47 13666 338671 24327 18% 11 32080 7683 12%
c # 17.25 39 25 47 14252 351054 34796 19% 11 32080 7683 12%
c - 17.37 39 25 48 14503 353071 26034 19% 11 32080 7683 12%
c 
c  seconds  reductions        redundant   irredundant
c         MB      restarts           trail      variables
c          level       conflicts         glue        remaining
c 
c - 17.93 39 25 49 15101 367771 27738 19% 11 32080 7683 12%
c s 18.14 39 24 49 15106 373367 32228 18% 11 32075 7683 12%
c v 18.17 39 24 49 15106 373367 32228 18% 11 31892 7683 12%
c w 18.18 39 24 49 15106 373367 32228 18% 11 31892 7683 12%
c t 18.18 39 24 49 15106 373367 32223 18% 11 31892 7683 12%
c e 18.18 39 24 49 15106 373367 32178 18% 11 31845 7642 12%
c s 18.19 39 24 49 15106 373367 32134 18% 11 31817 7642 12%
c B 18.36 39 24 49 15115 378058 35716 18% 11 31817 7642 12%
c - 18.58 39 24 50 15966 382771 28586 18% 11 31817 7642 12%
c d 18.81 39 24 50 16866 390006 34532 18% 11 31817 7633 12%
c 3 18.82 39 24 50 16866 390006 38039 18% 11 31817 7633 12%
c 3 18.82 39 24 50 16866 390006 38836 18% 11 31817 7633 12%
c d 18.83 39 24 50 16866 390006 38833 18% 11 31817 7632 12%
c 2 18.83 39 24 50 16866 390006 38831 18% 11 31817 7629 12%
c p 18.85 39 24 50 16866 390006 44067 18% 11 31817 7629 12%
c d 18.85 39 24 50 16866 390006 44041 18% 11 31808 7628 12%
c - 19.10 39 24 51 17315 398071 29398 18% 11 31808 7628 12%
c W 19.56 39 24 51 18360 406060 35879 18% 11 31808 7628 12%
c - 19.85 39 23 52 19165 413671 27875 18% 11 31808 7628 12%
c - 20.39 39 22 53 19408 429571 27208 17% 11 31808 7628 12%
c 
c  seconds  reductions        redundant   irredundant
c         MB      restarts           trail      variables
c          level       conflicts         glue        remaining
c 
c s 20.45 39 22 53 19411 430986 28204 17% 11 31799 7628 12%
c v 20.47 39 22 53 19411 430986 28204 17% 11 31695 7628 12%
c w 20.48 39 22 53 19411 430986 28199 17% 11 31695 7628 12%
c t 20.48 39 22 53 19411 430986 28196 17% 11 31695 7628 12%
c e 20.49 39 22 53 19411 430986 28144 17% 11 31657 7594 12%
c s 20.50 39 22 53 19411 430986 28116 17% 11 31647 7594 12%
c F 20.63 39 22 53 19426 435063 31252 17% 11 31647 7594 12%
c i 20.92 39 22 53 19997 443967 38641 17% 11 31647 7593 12%
c - 21.02 39 22 54 20222 445771 29987 17% 11 31468 7593 12%
c d 21.27 39 22 54 20565 455007 37497 17% 11 31468 7587 12%
c 3 21.28 39 22 54 20565 455007 40863 17% 11 31468 7587 12%
c 3 21.28 39 22 54 20565 455007 41865 17% 11 31468 7587 12%
c d 21.29 39 22 54 20565 455007 41840 17% 11 31468 7585 12%
c 2 21.29 39 22 54 20565 455007 41837 17% 11 31468 7585 12%
c p 21.30 39 22 54 20565 455007 47102 17% 11 31468 7585 12%
c d 21.31 39 22 54 20565 455007 47070 17% 11 31468 7580 12%
c - 21.58 39 22 55 20860 462271 30491 17% 11 31468 7580 12%
c B 21.66 39 21 55 20865 465065 32560 17% 11 31468 7580 12%
c - 22.03 39 21 56 21877 479071 31326 17% 11 31468 7580 12%
c s 22.69 39 22 56 22966 492761 41624 17% 11 31456 7580 12%
c 
c  seconds  reductions        redundant   irredundant
c         MB      restarts           trail      variables
c          level       conflicts         glue        remaining
c 
c v 22.71 39 22 56 22966 492761 41624 17% 11 31450 7580 12%
c w 22.72 39 22 56 22966 492761 41616 17% 11 31450 7580 12%
c t 22.73 39 22 56 22966 492761 41612 17% 11 31447 7580 12%
c e 22.73 39 22 56 22966 492761 41612 17% 11 31446 7547 12%
c s 22.75 39 22 56 22966 492761 41577 17% 11 31446 7547 12%
c ^ 22.75 39 22 56 22966 492761 41577 17% 11 31446 7547 12%
c W 23.03 39 22 56 23223 496067 44398 17% 11 31446 7547 12%
c - 23.04 39 22 57 23223 496171 32093 17% 11 31446 7547 12%
c } 23.46 39 21 57 23641 511009 44282 17% 11 31446 7547 12%
c [ 23.46 39 70 57 23641 511009 44282 40% 37 31446 7547 12%
c - 23.55 39 69 58 23641 513573 32483 39% 36 31446 7547 12%
c d 24.32 39 67 58 23641 525011 42284 39% 35 31445 7542 12%
c 3 24.33 39 67 58 23641 525011 45599 39% 35 31445 7542 12%
c 3 24.34 39 67 58 23641 525011 46601 39% 35 31445 7542 12%
c d 24.34 39 67 58 23641 525011 46571 39% 35 31445 7539 12%
c 2 24.35 39 67 58 23641 525011 46571 39% 35 31443 7539 12%
c p 24.36 39 67 58 23641 525011 51840 39% 35 31443 7539 12%
c d 24.37 39 67 58 23641 525011 51836 39% 35 31443 7538 12%
c W 24.75 39 69 58 23641 528071 54722 40% 36 31443 7538 12%
c - 24.97 39 69 59 23641 531273 34338 39% 36 31443 7538 12%
c 
c  seconds  reductions        redundant   irredundant
c         MB      restarts           trail      variables
c          level       conflicts         glue        remaining
c 
c - 26.20 46 70 60 23647 549273 33569 39% 37 31443 7538 12%
c s 26.90 46 71 60 23652 558650 40852 39% 38 31443 7538 12%
c v 26.93 46 71 60 23652 558650 40852 39% 38 31419 7538 12%
c w 26.95 46 71 60 23652 558650 40851 39% 38 31419 7538 12%
c e 26.97 46 71 60 23652 558650 14793 39% 38 31709 7015 11%
c s 26.99 46 71 60 23652 558650 14616 39% 38 31677 7015 11%
c I 27.10 39 71 60 23654 561072 16846 25% 38 31677 7015 11%
c - 27.28 39 70 61 23656 567577 18387 22% 37 31677 7015 11%
c - 28.29 39 74 62 23663 586179 27445 33% 38 31677 7015 11%
c B 28.99 39 76 62 23669 595079 35299 36% 41 31677 7015 11%
c d 29.29 39 77 62 23671 600012 39950 37% 41 31677 7013 11%
c 3 29.30 39 77 62 23671 600012 43270 37% 41 31677 7013 11%
c 3 29.31 39 77 62 23671 600012 44151 37% 41 31677 7013 11%
c 2 29.31 39 77 62 23671 600012 44150 37% 41 31677 7013 11%
c p 29.33 39 77 62 23671 600012 48833 37% 41 31677 7013 11%
c - 29.70 48 78 63 23671 605079 31058 38% 42 31677 7013 11%
c - 31.22 48 82 64 23672 624280 33190 40% 44 31677 7013 11%
c W 31.87 48 82 64 23677 630080 38654 41% 44 31677 7013 11%
c s 32.05 48 81 64 23678 632598 40764 41% 44 31671 7013 11%
c v 32.10 48 81 64 23678 632598 40764 41% 44 31524 7013 11%
c 
c  seconds  reductions        redundant   irredundant
c         MB      restarts           trail      variables
c          level       conflicts         glue        remaining
c 
c w 32.12 48 81 64 23678 632598 40757 41% 44 31524 7013 11%
c t 32.12 48 81 64 23678 632598 40757 41% 44 31522 7013 11%
c e 32.13 48 81 64 23678 632598 40753 41% 44 31517 6999 11%
c s 32.17 48 81 64 23678 632598 40701 41% 44 31496 6999 11%
c e 32.18 48 81 64 23678 632598 40671 41% 44 31496 6998 11%
c - 33.04 48 82 65 23685 643780 35137 41% 44 31496 6998 11%
c - 34.38 42 81 66 23692 663583 34330 42% 42 31496 6998 11%
c O 34.56 42 80 66 23694 666083 36653 42% 42 31496 6998 11%
c d 35.35 42 79 66 23701 680013 49739 41% 41 31496 6996 11%
c 3 35.36 42 79 66 23701 680013 51625 41% 41 31496 6996 11%
c 3 35.36 42 79 66 23701 680013 52637 41% 41 31496 6996 11%
c p 35.39 42 79 66 23701 680013 57133 41% 41 31496 6996 11%
c - 35.70 50 79 67 23702 683683 34370 42% 41 31496 6996 11%
c B 37.45 50 81 67 23703 703084 52632 43% 43 31496 6996 11%
c - 37.54 60 81 68 23703 704083 35278 43% 43 31496 6996 11%
c s 37.91 60 82 68 23704 710724 41128 43% 44 31490 6996 11%
c v 37.96 60 82 68 23704 710724 41128 43% 44 31411 6996 11%
c w 37.97 60 82 68 23704 710724 41123 43% 44 31411 6996 11%
c e 37.98 60 82 68 23704 710724 40868 43% 44 31401 6982 11%
c s 38.00 60 82 68 23704 710724 40799 43% 44 31401 6982 11%
c 
c  seconds  reductions        redundant   irredundant
c         MB      restarts           trail      variables
c          level       conflicts         glue        remaining
c 
c - 38.59 50 80 69 23704 724785 34249 40% 43 31401 6982 11%
c W 40.13 50 81 69 23705 741086 49682 40% 44 31401 6982 11%
c - 40.46 50 81 70 23705 745788 35777 40% 44 31401 6982 11%
c d 41.89 50 81 70 23705 765014 54129 41% 43 31401 6974 11%
c 3 41.90 50 81 70 23705 765014 57000 41% 43 31401 6974 11%
c 2 41.91 50 81 70 23705 765014 56999 41% 43 31401 6974 11%
c p 41.94 50 81 70 23705 765014 61619 41% 43 31401 6974 11%
c - 42.20 53 81 71 23705 767090 36765 41% 44 31401 6974 11%
c I 43.34 53 80 71 23705 780087 48983 41% 44 31401 6974 11%
c - 43.89 63 80 72 23705 788690 37845 41% 44 31401 6974 11%
c s 44.15 63 79 72 23705 793150 41688 41% 44 31401 6974 11%
c v 44.19 63 79 72 23705 793150 41688 41% 44 31211 6974 11%
c w 44.21 63 79 72 23705 793150 41687 41% 44 31211 6974 11%
c e 44.21 63 79 72 23705 793150 41687 41% 44 31213 6972 11%
c s 44.23 63 79 72 23705 793150 41649 41% 44 31212 6972 11%
c - 45.30 53 77 73 23708 810591 37228 41% 44 31212 6972 11%
c B 45.83 53 77 73 23713 820090 45902 41% 43 31212 6972 11%
c - 46.79 53 76 74 23720 832791 36395 40% 43 31212 6972 11%
c d 48.86 53 73 74 23729 855016 56483 41% 43 31212 6971 11%
c 3 48.87 53 73 74 23729 855016 58976 41% 43 31212 6971 11%
c 
c  seconds  reductions        redundant   irredundant
c         MB      restarts           trail      variables
c          level       conflicts         glue        remaining
c 
c p 48.90 53 73 74 23729 855016 63654 41% 43 31212 6971 11%
c - 48.96 63 73 75 23729 855291 37710 41% 43 31212 6971 11%
c W 49.57 63 74 75 23733 861093 43152 41% 43 31212 6971 11%
c - 51.03 53 74 76 23736 878092 38715 42% 44 31212 6971 11%
c s 51.20 53 74 76 23736 879649 40046 42% 44 31209 6971 11%
c v 51.24 53 74 76 23736 879649 40046 42% 44 31178 6971 11%
c w 51.26 53 74 76 23736 879649 40044 42% 44 31178 6971 11%
c t 51.26 53 74 76 23736 879649 40043 42% 44 31178 6971 11%
c e 51.26 53 74 76 23736 879649 40034 42% 44 31180 6968 11%
c s 51.28 53 74 76 23736 879649 40019 42% 44 31180 6968 11%
c - 53.38 64 74 77 23743 901192 41067 43% 44 31180 6968 11%
c O 53.56 64 73 77 23743 903094 42730 43% 44 31180 6968 11%
c - 54.17 53 66 78 23752 924593 39122 38% 40 31180 6968 11%
c B 54.83 53 59 78 23765 946095 57538 35% 36 31180 6968 11%
c - 54.97 53 60 79 23765 948293 38073 35% 36 31180 6968 11%
c 3 55.06 53 60 79 23766 950016 42150 35% 36 31180 6968 11%
c 2 55.06 53 60 79 23766 950016 42149 35% 36 31180 6968 11%
c p 55.08 53 60 79 23766 950016 46869 35% 36 31180 6968 11%
c d 55.08 53 60 79 23766 950016 46862 35% 36 31180 6967 11%
c s 55.83 53 57 79 23767 970445 65195 33% 34 31178 6967 11%
c 
c  seconds  reductions        redundant   irredundant
c         MB      restarts           trail      variables
c          level       conflicts         glue        remaining
c 
c v 55.87 53 57 79 23767 970445 65195 33% 34 31140 6967 11%
c w 55.89 53 57 79 23767 970445 65190 33% 34 31140 6967 11%
c t 55.89 53 57 79 23767 970445 65189 33% 34 31140 6967 11%
c s 55.92 53 57 79 23767 970445 65177 33% 34 31140 6967 11%
c - 56.03 53 57 80 23767 972295 39452 33% 34 31140 6967 11%
c W 57.69 53 61 80 23768 990096 56525 35% 34 31140 6967 11%
c - 58.14 53 62 81 23768 996596 40792 35% 34 31140 6967 11%
c - 59.39 53 63 82 23777 1021196 40752 34% 34 31140 6967 11%
c ] 59.51 53 64 82 23778 1023009 42481 34% 34 31140 6967 11%
c { 59.51 53 21 82 23778 1023009 42481 19% 11 31140 6967 11%
c # 59.93 53 22 82 26458 1035097 52744 19% 11 31140 6967 11%
c - 60.52 53 22 83 28231 1046096 39948 19% 11 31140 6967 11%
c d 60.61 53 22 83 29232 1050016 43052 19% 11 31140 6963 11%
c 3 60.62 53 22 83 29232 1050016 44731 19% 11 31140 6963 11%
c d 60.63 53 22 83 29232 1050016 45562 19% 11 31140 6962 11%
c 2 60.63 53 22 83 29232 1050016 45558 19% 11 31140 6962 11%
c p 60.64 53 22 83 29232 1050016 50059 19% 11 31140 6962 11%
c s 61.58 53 23 83 30435 1065493 61113 19% 11 31133 6962 11%
c v 61.61 53 23 83 30435 1065493 61113 19% 11 31131 6962 11%
c w 61.64 53 23 83 30435 1065493 61101 19% 11 31131 6962 11%
c 
c  seconds  reductions         redundant   irredundant
c         MB      restarts            trail      variables
c          level        conflicts         glue        remaining
c 
c t 61.64 53 23 83 30435 1065493 61098 19% 11 31131 6962 11%
c e 61.65 53 23 83 30435 1065493 61061 19% 11 31130 6961 11%
c s 61.70 53 23 83 30435 1065493 60819 19% 11 31130 6961 11%
c - 62.20 53 24 84 31147 1071296 42126 20% 11 31130 6961 11%
c B 62.47 53 24 84 31503 1081103 50393 20% 11 31130 6961 11%
c - 63.14 53 24 85 32568 1096798 43091 20% 11 31130 6961 11%
c - 63.87 53 23 86 33559 1122598 42363 20% 11 31130 6961 11%
c W 64.42 53 24 86 33944 1128110 47227 20% 11 31130 6961 11%
c - 65.18 53 24 87 35363 1148699 43408 19% 11 31130 6961 11%
c d 65.48 53 24 87 35804 1155016 48851 19% 11 31130 6950 11%
c 3 65.48 53 24 87 35804 1155016 50855 19% 11 31130 6950 11%
c d 65.49 53 24 87 35804 1155016 51666 19% 11 31130 6949 11%
c 2 65.50 53 24 87 35804 1155016 51662 19% 11 31130 6949 11%
c p 65.51 53 24 87 35804 1155016 55732 19% 11 31130 6949 11%
c s 66.20 53 26 87 37758 1164897 61747 20% 12 31123 6949 11%
c v 66.25 53 26 87 37758 1164897 61747 20% 12 31120 6949 11%
c w 66.27 53 26 87 37758 1164897 61741 20% 12 31120 6949 11%
c t 66.27 53 26 87 37758 1164897 61739 20% 12 31120 6949 11%
c s 66.31 53 26 87 37758 1164897 61586 20% 12 31120 6949 11%
c - 66.59 53 25 88 38056 1175099 45890 20% 12 31120 6949 11%
c 
c  seconds  reductions         redundant   irredundant
c         MB      restarts            trail      variables
c          level        conflicts         glue        remaining
c 
c F 66.61 53 25 88 38062 1176113 46778 20% 12 31120 6949 11%
c - 67.94 53 25 89 40164 1201799 46969 20% 12 31120 6949 11%
c B 68.95 53 26 89 42397 1225117 67542 20% 12 31120 6949 11%
c - 69.23 53 26 90 42793 1228799 50507 20% 12 31120 6949 11%
c - 70.14 53 24 91 43484 1256101 46710 19% 11 31120 6949 11%
c d 70.48 53 24 91 44156 1265018 54380 19% 11 31120 6935 11%
c 3 70.49 53 24 91 44156 1265018 56368 19% 11 31120 6935 11%
c 3 70.50 53 24 91 44156 1265018 57251 19% 11 31120 6935 11%
c d 70.51 53 24 91 44156 1265018 57224 19% 11 31120 6932 11%
c 2 70.51 53 24 91 44156 1265018 57220 19% 11 31120 6932 11%
c p 70.52 53 24 91 44156 1265018 61462 19% 11 31120 6932 11%
c s 70.68 53 24 91 44179 1268720 60511 18% 11 31112 6932 11%
c v 70.72 53 24 91 44179 1268720 60511 18% 11 31092 6932 11%
c w 70.74 53 24 91 44179 1268720 60499 18% 11 31092 6932 11%
c e 70.74 53 24 91 44179 1268720 60418 18% 11 31093 6929 11%
c s 70.77 53 24 91 44179 1268720 60261 18% 11 31092 6929 11%
c W 71.33 53 24 91 45662 1275120 65838 18% 12 31092 6929 11%
c - 71.66 53 23 92 46324 1283702 47629 18% 12 31092 6929 11%
c - 72.80 53 24 93 49586 1311602 47960 18% 12 31092 6929 11%
c # 73.49 53 24 93 50624 1326123 60666 19% 12 31092 6929 11%
c 
c  seconds  reductions         redundant   irredundant
c         MB      restarts            trail      variables
c          level        conflicts         glue        remaining
c 
c - 74.10 53 25 94 53255 1339803 49783 19% 12 31092 6929 11%
c - 75.40 53 25 95 55727 1368304 51127 18% 12 31092 6929 11%
c s 75.65 53 24 95 55938 1377012 57163 18% 12 31084 6929 11%
c w 75.71 53 24 95 55938 1377012 57157 18% 12 31084 6929 11%
c t 75.71 53 24 95 55938 1377012 57155 18% 12 31084 6929 11%
c e 75.72 53 24 95 55938 1377012 57136 18% 12 31085 6928 11%
c s 75.75 53 24 95 55938 1377012 57021 18% 12 31085 6928 11%
c ^ 75.75 53 24 95 55938 1377012 57021 18% 12 31085 6928 11%
c B 75.80 53 24 95 55987 1378124 57845 18% 12 31085 6928 11%
c d 75.97 53 24 95 56206 1380018 59545 18% 12 31085 6903 11%
c 3 75.98 53 24 95 56206 1380018 61644 18% 12 31085 6903 11%
c 3 75.98 53 24 95 56206 1380018 62558 18% 12 31085 6903 11%
c d 75.99 53 24 95 56206 1380018 62529 18% 12 31085 6900 11%
c 2 75.99 53 24 95 56206 1380018 62528 18% 12 31085 6900 11%
c p 76.02 53 24 95 56206 1380018 66696 18% 12 31085 6900 11%
c d 76.03 53 24 95 56206 1380018 66679 18% 12 31085 6897 11%
c - 77.00 53 26 96 58528 1397106 53143 19% 13 31085 6897 11%
c - 78.00 53 24 97 62396 1426207 50009 18% 13 31085 6897 11%
c W 78.63 53 25 97 63245 1431126 54040 18% 13 31085 6897 11%
c - 79.60 53 24 98 65315 1455607 52546 20% 13 31085 6897 11%
c 
c  seconds  reductions         redundant   irredundant
c         MB      restarts            trail      variables
c          level        conflicts         glue        remaining
c 
c F 80.70 53 24 98 67376 1485127 76516 21% 12 31085 6897 11%
c - 80.73 53 24 99 67407 1485307 51799 21% 12 31085 6897 11%
c s 80.96 53 24 99 67634 1489630 54158 21% 12 31080 6897 11%
c w 81.03 53 24 99 67634 1489630 54155 21% 12 31080 6897 11%
c t 81.03 53 24 99 67634 1489630 54151 21% 12 31080 6897 11%
c e 81.04 53 24 99 67634 1489630 45327 21% 12 31421 6723 11%
c s 81.07 53 24 99 67634 1489630 45304 21% 12 31407 6723 11%
c d 81.43 53 24 99 67905 1500020 53843 21% 12 31407 6719 11%
c p 81.47 53 24 99 67905 1500020 61571 21% 12 31407 6719 11%
c - 82.01 53 24 100 68823 1515307 49260 20% 12 31407 6719 11%
c i 82.83 53 24 100 70756 1536367 66465 20% 12 31407 6718 11%
c B 82.98 53 24 100 71617 1540131 69709 20% 13 31407 6718 11%
c - 83.21 53 24 101 71740 1545607 51686 20% 12 31230 6718 11%
c - 84.14 53 24 102 76046 1576209 51091 19% 13 31230 6718 11%
c W 85.50 53 24 102 76795 1596133 67557 19% 12 31230 6718 11%
c - 85.79 53 23 103 76837 1607110 51898 18% 12 31230 6718 11%
c s 85.99 53 23 103 77025 1609723 52879 18% 12 31223 6718 11%
c v 86.03 53 23 103 77025 1609723 52879 18% 12 31218 6718 11%
c w 86.05 53 23 103 77025 1609723 52875 18% 12 31218 6718 11%
c t 86.05 53 23 103 77025 1609723 52870 18% 12 31216 6718 11%
c 
c  seconds   reductions         redundant   irredundant
c         MB       restarts            trail      variables
c          level         conflicts         glue        remaining
c 
c e 86.06 53 23 103 77025 1609723 52870 18% 12 31235 6676 11%
c s 86.09 53 23 103 77025 1609723 52728 18% 12 31233 6676 11%
c d 87.01 53 24 103 78459 1625021 66589 18% 12 31233 6670 11%
c 3 87.02 53 24 103 78459 1625021 69032 18% 12 31233 6670 11%
c 3 87.02 53 24 103 78459 1625021 69996 18% 12 31233 6670 11%
c d 87.03 53 24 103 78459 1625021 69973 18% 12 31233 6667 11%
c 2 87.04 53 24 103 78459 1625021 69972 18% 12 31233 6667 11%
c p 87.06 53 24 103 78459 1625021 74343 18% 12 31233 6667 11%
c d 87.07 53 24 103 78459 1625021 74340 18% 12 31233 6666 11%
c - 87.81 53 25 104 79441 1638314 57389 19% 12 31233 6666 11%
c # 88.41 53 25 104 82502 1653134 69783 19% 13 31233 6666 11%
c - 89.53 53 26 105 84232 1669817 57830 19% 13 31233 6666 11%
c - 90.85 53 24 106 84583 1701617 56951 19% 12 31233 6666 11%
c B 91.18 53 23 106 84936 1711137 64777 19% 12 31233 6666 11%
c - 92.02 53 23 107 87346 1733717 59738 19% 12 31233 6666 11%
c s 92.09 53 23 107 87346 1734381 59855 20% 12 31226 6666 11%
c v 92.13 53 23 107 87346 1734381 59855 20% 12 31214 6666 11%
c w 92.15 53 23 107 87346 1734381 59849 20% 12 31214 6666 11%
c t 92.15 53 23 107 87346 1734381 59847 20% 12 31214 6666 11%
c e 92.16 53 23 107 87346 1734381 59804 20% 12 31218 6664 11%
c 
c  seconds   reductions         redundant   irredundant
c         MB       restarts            trail      variables
c          level         conflicts         glue        remaining
c 
c s 92.20 53 23 107 87346 1734381 59759 20% 12 31218 6664 11%
c ^ 92.20 53 23 107 87346 1734381 59759 20% 12 31218 6664 11%
c d 93.12 53 23 107 90375 1755023 77735 20% 12 31218 6659 11%
c 3 93.13 53 23 107 90375 1755023 80100 20% 12 31218 6659 11%
c 3 93.14 53 23 107 90375 1755023 81173 20% 12 31218 6659 11%
c d 93.15 53 23 107 90375 1755023 81166 20% 12 31218 6658 11%
c 2 93.16 53 23 107 90375 1755023 81164 20% 12 31218 6658 11%
c p 93.19 53 23 107 90375 1755023 85432 20% 12 31218 6658 11%
c d 93.19 53 23 107 90375 1755023 85426 20% 12 31218 6657 11%
c - 93.56 53 23 108 90582 1766119 60346 20% 12 31218 6657 11%
c W 94.12 53 23 108 90613 1770138 63304 19% 12 31218 6657 11%
c - 95.09 53 23 109 92483 1798819 58219 19% 12 31218 6657 11%
c F 96.17 53 22 109 93343 1830139 82909 18% 12 31218 6657 11%
c - 96.36 53 22 110 93535 1831820 56453 18% 12 31218 6657 11%
c s 98.05 53 22 110 95840 1863603 83624 18% 12 31212 6657 11%
c v 98.09 53 22 110 95840 1863603 83624 18% 12 31188 6657 11%
c w 98.12 53 22 110 95840 1863603 83619 18% 12 31188 6657 11%
c t 98.12 53 22 110 95840 1863603 83618 18% 12 31188 6657 11%
c e 98.14 53 22 110 95840 1863603 74509 18% 12 32133 6330 10%
c s 98.17 53 22 110 95840 1863603 74444 18% 12 32036 6330 10%
c 
c  seconds   reductions         redundant   irredundant
c         MB       restarts            trail      variables
c          level         conflicts         glue        remaining
c 
c - 98.28 53 22 111 95926 1865120 50744 18% 12 32036 6330 10%
c d 99.23 53 22 111 97110 1890024 70920 18% 12 32036 6328 10%
c 3 99.24 53 22 111 97110 1890024 73382 18% 12 32036 6328 10%
c 3 99.24 53 22 111 97110 1890024 74119 18% 12 32036 6328 10%
c d 99.25 53 22 111 97110 1890024 74110 18% 12 32036 6327 10%
c p 99.28 53 22 111 97110 1890024 77791 18% 12 32036 6327 10%
c d 99.28 53 22 111 97110 1890024 77788 18% 12 32036 6326 10%
c B 99.31 53 22 111 97111 1891140 78664 18% 12 32036 6326 10%
c - 99.60 53 22 112 98233 1898721 58017 18% 12 32036 6326 10%
c - 101.02 53 23 113 101337 1932621 59341 18% 12 32036 6326 10%
c W 102.54 53 23 113 102468 1953141 75754 17% 12 32036 6326 10%
c - 103.12 53 23 114 103620 1966821 60441 17% 12 32036 6326 10%
c - 104.58 53 23 115 107674 2001321 64975 17% 12 32036 6326 10%
c s 104.75 53 23 115 107791 2003968 65720 17% 12 32022 6326 10%
c v 104.79 53 23 115 107791 2003968 65720 17% 12 32018 6326 10%
c w 104.81 53 23 115 107791 2003968 65714 17% 12 32018 6326 10%
c t 104.82 53 23 115 107791 2003968 65712 17% 12 32017 6326 10%
c e 104.82 53 23 115 107791 2003968 65670 17% 12 32017 6323 10%
c s 104.87 53 23 115 107791 2003968 65582 17% 12 32017 6323 10%
c # 105.27 53 22 115 107953 2016142 74735 16% 12 32017 6323 10%
c 
c  seconds    reductions          redundant   irredundant
c          MB       restarts             trail      variables
c           level          conflicts         glue        remaining
c 
c d 105.80 53 22 115 111160 2030025 85976 16% 12 32017 6319 10%
c p 105.83 53 22 115 111160 2030025 92103 16% 12 32017 6319 10%
c - 106.23 53 23 116 111598 2036121 64159 16% 12 32017 6319 10%
c } 106.86 53 23 116 112329 2047011 73454 16% 12 32017 6319 10%
c [ 106.86 53 64 116 112329 2047011 73454 34% 34 32017 6319 10%
c - 108.96 67 69 117 112340 2071222 65018 36% 38 32017 6319 10%
c I 109.87 67 70 117 112344 2080143 73245 36% 40 32017 6319 10%
c - 112.18 70 71 118 112350 2106622 65350 38% 41 32017 6319 10%
c - 116.23 71 71 119 112365 2142324 65689 39% 45 32017 6319 10%
c B 116.57 71 72 119 112365 2145145 68267 39% 45 32017 6319 10%
c s 117.09 71 72 119 112367 2149060 71654 39% 46 32010 6319 10%
c v 117.16 71 72 119 112367 2149060 71654 39% 46 31909 6319 10%
c w 117.20 71 72 119 112367 2149060 71653 39% 46 31909 6319 10%
c e 117.21 71 72 119 112367 2149060 71652 39% 46 31919 6316 10%
c s 117.24 71 72 119 112367 2149060 71591 39% 46 31905 6316 10%
c p 120.81 71 72 119 112380 2175027 99179 40% 48 31905 6316 10%
c - 121.20 53 71 120 112380 2178324 64214 40% 47 31905 6316 10%
c W 126.05 53 70 120 112382 2211146 91162 41% 48 31905 6316 10%
c - 126.66 68 69 121 112382 2214626 63446 41% 48 31905 6316 10%
c - 131.29 83 68 122 112383 2251227 66107 42% 49 31905 6316 10%
c 
c  seconds    reductions          redundant   irredundant
c          MB       restarts             trail      variables
c           level          conflicts         glue        remaining
c 
c O 134.96 83 68 122 112383 2278151 88467 42% 49 31905 6316 10%
c - 135.71 83 65 123 112383 2288128 68079 41% 47 31905 6316 10%
c p 139.82 83 60 123 112384 2325028 109380 42% 43 31905 6316 10%
c - 139.91 84 61 124 112384 2325329 68036 42% 43 31905 6316 10%
c B 142.21 84 62 124 112384 2346152 86317 41% 43 31905 6316 10%
c - 143.80 101 64 125 112384 2362829 66646 42% 43 31905 6316 10%
c - 147.90 84 71 126 112384 2400630 68798 43% 46 31905 6316 10%
c W 150.00 84 73 126 112384 2415153 82664 42% 47 31905 6316 10%
c - 152.15 102 74 127 112390 2438730 69597 42% 47 31905 6316 10%
c - 154.45 84 68 128 112407 2477130 68262 38% 43 31905 6316 10%
c p 154.62 84 68 128 112409 2480030 76901 38% 42 31905 6316 10%
c I 154.83 84 66 128 112413 2485156 80652 37% 42 31905 6316 10%
c - 157.12 84 70 129 112418 2515830 68986 38% 43 31905 6316 10%
c - 159.82 84 64 130 112436 2554831 68603 35% 40 31905 6316 10%
c B 159.90 84 63 130 112437 2556157 69763 34% 40 31905 6316 10%
c - 163.37 84 67 131 112446 2594132 68716 37% 43 31905 6316 10%
c W 167.96 84 67 131 112447 2628161 100123 39% 46 31905 6316 10%
c - 168.80 104 67 132 112450 2633732 71533 40% 46 31905 6316 10%
c d 169.37 104 67 132 112454 2640031 77323 40% 46 31905 6315 10%
c p 169.42 104 67 132 112454 2640031 83401 40% 46 31905 6315 10%
c 
c  seconds     reductions          redundant   irredundant
c           MB       restarts             trail      variables
c            level          conflicts         glue        remaining
c 
c s 169.48 104 67 132 112454 2640031 82877 40% 46 31904 6315 10%
c v 169.61 104 67 132 112454 2640031 82877 40% 46 31800 6315 10%
c w 169.69 104 67 132 112454 2640031 82870 40% 46 31800 6315 10%
c t 169.70 104 67 132 112454 2640031 82869 40% 46 31800 6315 10%
c e 169.70 104 67 132 112454 2640031 82865 40% 46 31802 6313 10%
c s 169.75 104 67 132 112454 2640031 82758 40% 46 31798 6313 10%
c - 171.27 84 59 133 112469 2673633 67604 25% 42 31798 6313 10%
c O 172.42 84 52 133 112478 2701162 89419 24% 38 31798 6313 10%
c - 173.06 84 51 134 112479 2713833 66469 26% 35 31798 6313 10%
c - 176.46 84 54 135 112499 2754337 70382 36% 36 31798 6313 10%
c B 179.03 84 58 135 112508 2775164 89350 39% 40 31798 6313 10%
c - 180.12 84 63 136 112509 2795138 72826 39% 40 31798 6313 10%
c d 180.50 84 61 136 112510 2805031 81586 38% 39 31798 6312 10%
c p 180.55 84 61 136 112510 2805031 87641 38% 39 31798 6312 10%
c s 180.62 84 61 136 112510 2805031 87300 38% 39 31798 6312 10%
c w 180.72 84 61 136 112510 2805031 87297 38% 39 31798 6312 10%
c t 180.72 84 61 136 112510 2805031 87296 38% 39 31798 6312 10%
c s 180.78 84 61 136 112510 2805031 87239 38% 39 31798 6312 10%
c ^ 180.79 84 61 136 112510 2805031 87239 38% 39 31798 6312 10%
c - 182.06 84 56 137 112511 2836239 71746 35% 36 31798 6312 10%
c 
c  seconds    reductions          redundant   irredundant
c          MB       restarts             trail      variables
c           level          conflicts         glue        remaining
c 
c W 183.65 84 58 137 112511 2850165 84694 36% 37 31798 6312 10%
c - 186.41 84 61 138 112511 2877639 71464 38% 41 31798 6312 10%
c - 191.72 92 63 139 112525 2919339 75109 42% 45 31798 6312 10%
c I 192.51 92 63 139 112526 2926166 81203 42% 46 31798 6312 10%
c - 195.03 92 59 140 112541 2961339 74801 40% 42 31798 6312 10%
c s 195.32 92 58 140 112542 2963664 76538 40% 42 31798 6312 10%
c v 195.39 92 58 140 112542 2963664 76538 40% 42 31798 6312 10%
c w 195.44 92 58 140 112542 2963664 76530 40% 42 31798 6312 10%
c e 195.47 92 58 140 112542 2963664 20719 40% 42 39658 5013  8%
c s 195.52 92 58 140 112542 2963664 20663 40% 42 39164 5013  8%
c e 195.53 92 58 140 112542 2963664 20663 40% 42 39163 5004  8%
c p 196.28 92 58 140 112542 2975038 36622 50% 41 39163 5004  8%
c B 199.01 92 56 140 112556 3003167 59523 51% 41 39163 5004  8%
c - 199.06 92 56 141 112556 3003639 49360 51% 41 39163 5004  8%
c - 201.60 92 59 142 112573 3046240 61826 45% 39 39163 5004  8%
c W 203.76 92 58 142 112574 3081168 93835 41% 36 39163 5004  8%
c - 204.19 92 59 143 112574 3089140 65680 41% 35 39163 5004  8%
c - 208.38 92 65 144 112592 3132340 65699 45% 40 39163 5004  8%
c p 210.72 92 66 144 112603 3150038 84907 47% 43 39163 5004  8%
c O 212.02 92 65 144 112604 3160170 93661 47% 43 39163 5004  8%
c 
c  seconds    reductions          redundant    irredundant
c          MB       restarts              trail      variables
c           level          conflicts          glue        remaining
c 
c s 212.84 92 62 144 112605 3171450 103565 45% 40 39152 5004  8%
c v 212.93 92 62 144 112605 3171450 103565 45% 40 39115 5004  8%
c w 213.00 92 62 144 112605 3171450 103551 45% 40 39115 5004  8%
c t 213.00 92 62 144 112605 3171450 103549 45% 40 39107 5004  8%
c e 213.02 92 62 144 112605 3171450 103548 45% 40 39115 5003  8%
c s 213.16 92 62 144 112605 3171450 103463 45% 40 39103 5003  8%
c - 213.60 109 63 145 112605 3175840 71706 45% 40 39103 5003  8%
c - 217.46 109 64 146 112626 3219641 70510 47% 39 39103 5003  8%
c B 218.80 109 62 146 112635 3240171 88967 46% 37 39103 5003  8%
c - 221.01 109 67 147 112637 3263742 71224 47% 40 39103 5003  8%
c - 225.69 109 71 148 112638 3308145 71534 49% 45 39103 5003  8%
c W 227.84 109 72 148 112638 3321172 83797 49% 46 39103 5003  8%
c d 228.64 109 72 148 112638 3330038 92057 49% 46 39103 5002  8%
c 2 228.66 109 72 148 112638 3330038 93692 49% 46 39102 5002  8%
c p 228.70 109 72 148 112638 3330038 96664 49% 46 39102 5002  8%
c - 230.74 109 71 149 112638 3352845 74773 49% 45 39102 5002  8%
c s 233.72 109 69 149 112639 3385032 104596 49% 44 39094 5002  8%
c v 233.82 109 69 149 112639 3385032 104596 49% 44 38783 5002  8%
c w 233.90 109 69 149 112639 3385032 104592 49% 44 38783 5002  8%
c e 233.92 109 69 149 112639 3385032 104004 49% 44 38796 5000  8%
c 
c  seconds     reductions          redundant    irredundant
c           MB       restarts              trail      variables
c            level          conflicts          glue        remaining
c 
c s 233.99 109 69 149 112639 3385032 103974 49% 44 38780 5000  8%
c - 235.31 109 69 150 112639 3397846 75214 50% 43 38780 5000  8%
c I 235.84 109 68 150 112639 3403174 80199 50% 43 38780 5000  8%
c - 239.49 109 62 151 112639 3443147 74314 50% 40 38780 5000  8%
c B 244.00 109 66 151 112639 3486177 115434 51% 43 38780 5000  8%
c - 244.30 81 66 152 112639 3488749 76617 51% 43 38780 5000  8%
c 3 246.70 81 67 152 112640 3515038 103070 52% 43 38780 5000  8%
c p 246.77 81 67 152 112640 3515038 105999 52% 43 38780 5000  8%
c - 248.60 82 68 153 112640 3534650 74972 52% 43 38780 5000  8%
c W 252.19 82 70 153 112640 3570178 107797 51% 43 38780 5000  8%
c - 253.19 78 70 154 112640 3580853 75238 51% 43 38780 5000  8%
c - 258.10 98 69 155 112640 3627356 75115 51% 44 38780 5000  8%
c O 261.72 98 68 155 112640 3655179 99600 51% 45 38780 5000  8%
c - 263.52 121 70 156 112640 3674156 78722 51% 45 38780 5000  8%
c p 267.14 121 69 156 112640 3705039 112707 51% 45 38780 5000  8%
c - 269.14 121 68 157 112640 3721256 78574 51% 44 38780 5000  8%
c B 271.63 121 67 157 112640 3741180 97627 52% 45 38780 5000  8%
c - 274.34 121 68 158 112646 3768656 79167 50% 45 38780 5000  8%
c - 279.45 121 70 159 112669 3816358 78842 50% 45 38780 5000  8%
c W 281.47 121 71 159 112670 3828182 89931 50% 46 38780 5000  8%
c 
c  seconds     reductions          redundant   irredundant
c           MB       restarts             trail      variables
c            level          conflicts         glue        remaining
c 
c - 283.55 121 65 160 112684 3864358 77973 46% 41 38780 5000  8%
c 3 285.32 121 60 160 112700 3900042 112112 43% 37 38780 5000  8%
c p 285.41 121 60 160 112700 3900042 114976 43% 37 38780 5000  8%
c - 285.99 71 57 161 112702 3912659 76205 41% 36 38780 5000  8%
c I 286.15 71 56 161 112702 3916183 79277 40% 36 38780 5000  8%
c - 290.39 94 57 162 112703 3961259 78097 44% 36 38780 5000  8%
c B 294.75 94 60 162 112725 4005185 117651 47% 39 38780 5000  8%
c - 295.24 114 60 163 112728 4010161 77729 47% 39 38780 5000  8%
c - 299.64 114 61 164 112744 4059362 77973 47% 42 38780 5000  8%
c ] 303.99 114 63 164 112760 4095011 109814 49% 45 38780 5000  8%
c { 303.99 114 23 164 112760 4095011 109814 23% 12 38780 5000  8%
c B 304.03 114 23 164 112794 4095188 109982 23% 12 38780 5000  8%
c 3 304.28 114 24 164 112954 4100047 116169 23% 12 38780 5000  8%
c p 304.36 114 24 164 112954 4100047 119189 23% 12 38780 5000  8%
c - 304.81 114 23 165 113216 4108862 78219 24% 12 38780 5000  8%
c - 306.51 58 19 166 113435 4158662 73996 25% 11 38780 5000  8%
c W 308.35 58 17 166 113505 4186190 95015 25% 10 38780 5000  8%
c s 308.96 58 18 166 114589 4194752 86759 25% 11 38776 5000  8%
c v 309.15 58 18 166 114589 4194752 86759 25% 11 38641 5000  8%
c w 309.27 58 18 166 114589 4194752 86716 25% 11 38641 5000  8%
c 
c  seconds    reductions          redundant   irredundant
c          MB       restarts             trail      variables
c           level          conflicts         glue        remaining
c 
c t 309.27 58 18 166 114589 4194752 86716 25% 11 38640 5000  8%
c e 309.28 58 18 166 114589 4194752 83753 25% 11 38776 4983  8%
c s 309.41 58 18 166 114589 4194752 81573 25% 11 38690 4983  8%
c - 310.36 65 20 167 116753 4208762 67530 25% 11 38690 4983  8%
c - 312.31 65 20 168 121985 4259164 76063 23% 11 38690 4983  8%
c F 312.78 65 19 168 122079 4278191 90750 23% 11 38690 4983  8%
c d 314.29 65 20 168 126114 4305047 112957 23% 11 38690 4981  8%
c 3 314.30 65 20 168 126114 4305047 114326 23% 11 38690 4981  8%
c 2 314.32 65 20 168 126114 4305047 114801 23% 11 38690 4981  8%
c p 314.36 65 20 168 126114 4305047 117773 23% 11 38690 4981  8%
c - 314.66 66 21 169 127242 4309866 80834 23% 12 38690 4981  8%
c - 317.11 66 20 170 130786 4360866 83101 23% 11 38690 4981  8%
c B 317.61 66 19 170 130826 4371193 91233 23% 11 38690 4981  8%
c - 319.18 66 21 171 139650 4412166 85858 22% 12 38690 4981  8%
c s 319.55 66 21 171 140149 4419475 88791 22% 12 38659 4981  8%
c v 319.62 66 21 171 140149 4419475 88791 22% 12 38659 4981  8%
c w 319.66 66 21 171 140149 4419475 88769 22% 12 38659 4981  8%
c t 319.66 66 21 171 140149 4419475 88767 22% 12 38659 4979  8%
c e 319.67 66 21 171 140149 4419475 88247 22% 12 38660 4973  8%
c s 319.76 66 21 171 140149 4419475 87867 22% 12 38656 4973  8%
c 
c  seconds    reductions          redundant    irredundant
c          MB       restarts              trail      variables
c           level          conflicts          glue        remaining
c 
c i 320.94 66 19 171 140681 4450863 112566 22% 11 38656 4972  8%
c - 321.46 66 19 172 140966 4463766 66973 21% 11 38652 4972  8%
c W 322.35 66 19 172 141128 4465197 68058 21% 11 38652 4972  8%
c d 325.13 66 22 172 146875 4515048 110181 21% 12 38652 4971  8%
c 3 325.14 66 22 172 146875 4515048 111514 21% 12 38652 4971  8%
c 3 325.14 66 22 172 146875 4515048 112077 21% 12 38652 4971  8%
c 2 325.15 66 22 172 146875 4515048 112076 21% 12 38652 4971  8%
c p 325.18 66 22 172 146875 4515048 114556 21% 12 38652 4971  8%
c - 325.22 66 22 173 147032 4515667 81223 21% 12 38652 4971  8%
c # 326.76 66 21 173 151777 4560201 115158 21% 12 38652 4971  8%
c - 327.29 66 21 174 152367 4567867 82145 21% 12 38652 4971  8%
c - 329.08 66 20 175 154227 4620367 81559 22% 11 38652 4971  8%
c s 329.84 66 18 175 154246 4650242 96353 23% 10 38613 4971  8%
c v 329.91 66 18 175 154246 4650242 96353 23% 10 38611 4971  8%
c w 329.95 66 18 175 154246 4650242 96342 23% 10 38611 4971  8%
c t 329.95 66 18 175 154246 4650242 96340 23% 10 38611 4971  8%
c e 329.96 66 18 175 154246 4650242 96009 23% 10 38615 4969  8%
c s 330.04 66 18 175 154246 4650242 94949 23% 10 38605 4969  8%
c i 330.14 66 18 175 154246 4654805 97896 23% 10 38605 4951  8%
c B 330.28 66 18 175 154529 4656202 99140 23% 10 38605 4951  8%
c 
c  seconds    reductions          redundant   irredundant
c          MB       restarts             trail      variables
c           level          conflicts         glue        remaining
c 
c - 331.23 66 20 176 158469 4673167 46760 23% 11 38532 4951  8%
c - 333.09 66 20 177 164532 4726268 72487 22% 11 38532 4951  8%
c d 333.20 66 20 177 164533 4730049 75528 22% 11 38532 4949  8%
c 3 333.20 66 20 177 164533 4730049 77013 22% 11 38532 4949  8%
c 3 333.21 66 20 177 164533 4730049 77564 22% 11 38532 4949  8%
c 2 333.22 66 20 177 164533 4730049 77561 22% 11 38532 4949  8%
c p 333.23 66 20 177 164533 4730049 80007 22% 11 38532 4949  8%
c W 335.07 66 20 177 165650 4753203 98700 23% 11 38532 4949  8%
c - 336.34 66 19 178 166748 4779668 83905 24% 11 38532 4949  8%
c - 338.55 66 21 179 177202 4833369 90232 23% 12 38532 4949  8%
c F 339.01 66 20 179 177242 4851206 103942 23% 12 38532 4949  8%
c s 340.58 66 20 179 178772 4886863 126554 21% 12 38499 4949  8%
c v 340.65 66 20 179 178772 4886863 126554 21% 12 38478 4949  8%
c w 340.71 66 20 179 178772 4886863 126520 21% 12 38478 4949  8%
c t 340.71 66 20 179 178772 4886863 126518 21% 12 38478 4949  8%
c e 340.72 66 20 179 178772 4886863 123776 21% 12 38666 4922  8%
c s 340.86 66 20 179 178772 4886863 123239 21% 12 38617 4922  8%
c - 340.91 66 20 180 178772 4887372 82726 21% 12 38617 4922  8%
c - 343.56 66 20 181 183405 4941672 87177 19% 12 38617 4922  8%
c d 343.95 66 20 181 184559 4950050 94054 20% 12 38617 4921  8%
c 
c  seconds    reductions          redundant   irredundant
c          MB       restarts             trail      variables
c           level          conflicts         glue        remaining
c 
c 3 343.96 66 20 181 184559 4950050 95365 20% 12 38617 4921  8%
c 3 343.96 66 20 181 184559 4950050 95993 20% 12 38617 4921  8%
c d 343.97 66 20 181 184559 4950050 95988 20% 12 38617 4920  8%
c p 343.99 66 20 181 184559 4950050 98163 20% 12 38617 4920  8%
c B 344.01 66 20 181 184559 4950208 98303 20% 12 38617 4920  8%
c - 345.97 67 20 182 188344 4996272 94009 18% 11 38617 4920  8%
c W 349.05 67 21 182 197032 5050210 137815 19% 12 38617 4920  8%
c - 349.14 67 21 183 197113 5051172 95273 19% 12 38617 4920  8%
c - 351.69 67 21 184 198922 5106372 91772 18% 12 38617 4920  8%
c s 352.54 67 19 184 199107 5130561 107484 17% 12 38605 4920  8%
c v 352.61 67 19 184 199107 5130561 107484 17% 12 38596 4920  8%
c w 352.66 67 19 184 199107 5130561 107461 17% 12 38596 4920  8%
c t 352.66 67 19 184 199107 5130561 107460 17% 12 38596 4920  8%
c e 352.67 67 19 184 199107 5130561 106777 17% 12 38607 4917  8%
c s 352.77 67 19 184 199107 5130561 106642 17% 12 38607 4917  8%
c ^ 352.78 67 19 184 199107 5130561 106642 17% 12 38607 4917  8%
c # 353.85 67 20 184 200312 5151211 122427 17% 12 38607 4917  8%
c - 354.49 67 20 185 200591 5161872 91324 17% 12 38607 4917  8%
c d 355.11 67 20 185 201693 5175050 101493 17% 12 38607 4915  8%
c 3 355.12 67 20 185 201693 5175050 102868 17% 12 38607 4915  8%
c 
c  seconds    reductions          redundant    irredundant
c          MB       restarts              trail      variables
c           level          conflicts          glue        remaining
c 
c 3 355.12 67 20 185 201693 5175050 103475 17% 12 38607 4915  8%
c 2 355.13 67 20 185 201693 5175050 103474 17% 12 38607 4915  8%
c p 355.17 67 20 185 201693 5175050 105729 17% 12 38607 4915  8%
c - 358.05 67 20 186 204646 5217672 95747 17% 11 38607 4915  8%
c B 360.18 67 21 186 209972 5253212 126530 18% 12 38607 4915  8%
c - 361.32 67 22 187 212642 5273772 102466 19% 12 38607 4915  8%
c - 363.58 67 22 188 218345 5330173 96895 21% 12 38607 4915  8%
c W 365.25 67 22 188 220350 5356216 118071 22% 12 38607 4915  8%
c s 366.36 67 22 188 223514 5380297 136740 22% 13 38602 4915  8%
c v 366.44 67 22 188 223514 5380297 136740 22% 13 38578 4915  8%
c w 366.51 67 22 188 223514 5380297 136726 22% 13 38578 4915  8%
c t 366.51 67 22 188 223514 5380297 136725 22% 13 38578 4915  8%
c e 366.55 67 22 188 223514 5380297 81876 22% 13 45896 4325  7%
c s 366.64 67 22 188 223514 5380297 81640 22% 13 45507 4325  7%
c e 366.65 67 22 188 223514 5380297 81640 22% 13 45536 4315  7%
c - 366.90 67 22 189 223592 5386874 59217 23% 13 45536 4315  7%
c d 367.38 67 20 189 223608 5405052 73704 23% 12 45536 4314  7%
c 3 367.39 67 20 189 223608 5405052 75520 23% 12 45536 4314  7%
c 3 367.39 67 20 189 223608 5405052 75810 23% 12 45536 4314  7%
c 2 367.40 67 20 189 223608 5405052 75809 23% 12 45536 4314  7%
c 
c  seconds    reductions          redundant   irredundant
c          MB       restarts             trail      variables
c           level          conflicts         glue        remaining
c 
c p 367.42 67 20 189 223608 5405052 77702 23% 12 45536 4314  7%
c - 368.52 67 20 190 225824 5443875 74169 22% 12 45536 4314  7%
c F 369.07 67 21 190 226319 5460217 88328 23% 12 45536 4314  7%
c - 370.83 67 22 191 231987 5501175 84753 22% 12 45536 4314  7%
c - 372.79 67 22 192 239058 5558775 87820 19% 13 45536 4314  7%
c B 373.10 67 22 192 239509 5565220 93275 19% 13 45536 4314  7%
c - 375.20 67 22 193 244757 5616675 87892 19% 13 45536 4314  7%
c i 376.06 67 22 193 246516 5636538 103685 19% 13 45536 4313  7%
c d 376.33 67 23 193 246806 5640052 106768 19% 13 45278 4312  7%
c d 376.34 67 23 193 246806 5640052 106768 19% 13 45276 4311  7%
c 2 376.35 67 23 193 246806 5640052 108499 19% 13 45276 4311  7%
c p 376.37 67 23 193 246806 5640052 110346 19% 13 45276 4311  7%
c W 378.18 67 22 193 247150 5671221 135399 21% 12 45276 4311  7%
c s 378.57 67 22 193 247398 5672662 134427 21% 12 45202 4311  7%
c v 378.65 67 22 193 247398 5672662 134427 21% 12 45168 4311  7%
c w 378.72 67 22 193 247398 5672662 134383 21% 12 45168 4311  7%
c t 378.72 67 22 193 247398 5672662 134381 21% 12 45162 4311  7%
c e 378.73 67 22 193 247398 5672662 133232 21% 12 45172 4294  7%
c s 378.89 67 22 193 247398 5672662 132953 21% 12 45169 4294  7%
c - 378.99 67 22 194 247419 5674876 88340 21% 12 45169 4294  7%
c 
c  seconds    reductions          redundant   irredundant
c          MB       restarts             trail      variables
c           level          conflicts         glue        remaining
c 
c - 380.97 67 21 195 249965 5733376 87528 20% 12 45169 4294  7%
c # 382.58 67 22 195 256954 5778222 123323 19% 12 45169 4294  7%
c - 383.03 67 21 196 258152 5792177 89669 19% 12 45169 4294  7%
c - 384.95 67 22 197 267085 5851277 89870 20% 13 45169 4294  7%
c d 385.76 67 21 197 270795 5880052 112503 19% 14 45169 4292  7%
c 3 385.77 67 21 197 270795 5880052 114286 19% 14 45169 4292  7%
c 2 385.78 67 21 197 270795 5880052 114285 19% 14 45169 4292  7%
c p 385.82 67 21 197 270795 5880052 116185 19% 14 45169 4292  7%
c B 386.29 67 22 197 271413 5886226 121862 20% 14 45169 4292  7%
c - 387.33 68 23 198 273695 5910678 88855 20% 14 45169 4292  7%
c - 389.89 68 23 199 276722 5970379 88546 20% 14 45169 4292  7%
c s 390.05 68 23 199 276758 5971418 88661 20% 14 45164 4292  7%
c v 390.14 68 23 199 276758 5971418 88661 20% 14 45054 4292  7%
c w 390.19 68 23 199 276758 5971418 88649 20% 14 45054 4292  7%
c t 390.19 68 23 199 276758 5971418 88648 20% 14 45054 4292  7%
c e 390.20 68 23 199 276758 5971418 88598 20% 14 45081 4290  7%
c s 390.31 68 23 199 276758 5971418 88492 20% 14 45073 4290  7%
c W 392.22 68 24 199 277630 5995227 107827 21% 13 45073 4290  7%
c - 393.36 68 23 200 278797 6030379 90024 20% 13 45073 4290  7%
c - 395.21 68 21 201 281677 6090680 88864 18% 13 45073 4290  7%
c 
c  seconds    reductions          redundant   irredundant
c          MB       restarts             trail      variables
c           level          conflicts         glue        remaining
c 
c F 395.55 68 21 201 281888 6105228 99415 18% 13 45073 4290  7%
c 3 396.49 68 21 201 282933 6125054 116972 20% 13 45073 4290  7%
c p 396.53 68 21 201 282933 6125054 118908 20% 13 45073 4290  7%
c - 397.12 68 20 202 283080 6151284 87492 21% 13 45073 4290  7%
c - 399.46 68 21 203 288620 6212187 89454 21% 13 45073 4290  7%
c B 399.66 68 21 203 288804 6216230 92973 21% 13 45073 4290  7%
c - 402.37 68 22 204 294578 6273388 96610 19% 12 45073 4290  7%
c s 402.68 68 22 204 294578 6276809 98558 19% 12 45057 4290  7%
c v 402.77 68 22 204 294578 6276809 98558 19% 12 44634 4290  7%
c w 402.83 68 22 204 294578 6276809 98526 19% 12 44634 4290  7%
c e 402.83 68 22 204 294578 6276809 98506 19% 12 44662 4285  7%
c s 403.07 68 22 204 294578 6276809 98180 19% 12 44656 4285  7%
c W 406.35 68 21 204 297696 6328232 139179 20% 12 44656 4285  7%
c - 406.62 68 21 205 299185 6334888 99513 19% 12 44656 4285  7%
c 3 408.22 68 21 205 301197 6375054 134328 21% 12 44656 4285  7%
c p 408.27 68 21 205 301197 6375054 136262 21% 12 44656 4285  7%
c - 409.23 68 22 206 304953 6396689 99688 21% 12 44656 4285  7%
c # 411.08 68 23 206 309216 6441234 136202 21% 13 44656 4285  7%
c - 411.64 68 23 207 311443 6458789 96246 20% 13 44656 4285  7%
c - 413.69 68 21 208 315719 6521191 92351 19% 13 44656 4285  7%
c 
c  seconds    reductions          redundant    irredundant
c          MB       restarts              trail      variables
c           level          conflicts          glue        remaining
c 
c B 414.36 68 20 208 316603 6555235 118087 20% 13 44656 4285  7%
c - 415.27 68 20 209 320486 6583891 88927 20% 13 44656 4285  7%
c s 415.50 68 20 209 320503 6587908 92125 20% 13 44652 4285  7%
c v 415.59 68 20 209 320503 6587908 92125 20% 13 44282 4285  7%
c w 415.66 68 20 209 320503 6587908 92122 20% 13 44282 4285  7%
c t 415.66 68 20 209 320503 6587908 92120 20% 13 44282 4285  7%
c e 415.67 68 20 209 320503 6587908 91661 20% 13 44367 4270  7%
c s 415.79 68 20 209 320503 6587908 91602 20% 13 44360 4270  7%
c d 417.26 68 20 209 324886 6630055 124643 20% 13 44360 4269  7%
c 3 417.27 68 20 209 324886 6630055 125643 20% 13 44360 4269  7%
c 3 417.28 68 20 209 324886 6630055 126198 20% 13 44360 4269  7%
c d 417.29 68 20 209 324886 6630055 126185 20% 13 44360 4268  7%
c 2 417.30 68 20 209 324886 6630055 126184 20% 13 44360 4268  7%
c p 417.34 68 20 209 324886 6630055 128119 20% 13 44360 4268  7%
c - 418.06 68 21 210 326569 6646891 91196 20% 13 44360 4268  7%
c W 419.75 68 21 210 329028 6670237 111273 20% 13 44360 4268  7%
c - 420.88 68 20 211 332769 6710193 93264 18% 13 44360 4268  7%
c - 422.97 68 20 212 341784 6773796 93600 18% 13 44360 4268  7%
c F 423.42 68 20 212 343605 6786238 103254 18% 14 44360 4268  7%
c - 425.02 70 20 213 346727 6837697 96423 21% 13 44360 4268  7%
c 
c  seconds    reductions          redundant    irredundant
c          MB       restarts              trail      variables
c           level          conflicts          glue        remaining
c 
c p 427.02 70 20 213 348151 6890055 142507 21% 12 44360 4268  7%
c - 427.70 70 20 214 350571 6901897 98550 21% 12 44360 4268  7%
c B 427.74 70 20 214 350914 6903239 99555 21% 12 44360 4268  7%
c s 428.15 70 21 214 351260 6905342 100599 21% 12 44354 4268  7%
c v 428.24 70 21 214 351260 6905342 100599 21% 12 44349 4268  7%
c w 428.29 70 21 214 351260 6905342 100583 21% 12 44349 4268  7%
c s 428.48 70 21 214 351260 6905342 100499 21% 12 44346 4268  7%
c - 431.08 70 20 215 355441 6966398 103596 21% 12 44346 4268  7%
c W 433.59 70 20 215 364177 7021241 144767 19% 13 44346 4268  7%
c - 434.21 72 20 216 365556 7031199 100278 19% 13 44346 4268  7%
c - 436.98 72 23 217 375037 7096300 100295 18% 13 44346 4268  7%
c # 438.91 72 23 217 379409 7140242 135903 18% 13 44346 4268  7%
c p 439.45 72 23 217 381406 7155055 152018 18% 13 44346 4268  7%
c - 439.89 72 23 218 382225 7161700 102891 18% 13 44346 4268  7%
c - 443.42 76 25 219 388098 7227400 106219 19% 13 44346 4268  7%
c s 443.69 76 25 219 388119 7229551 107377 19% 13 44339 4268  7%
c v 443.80 76 25 219 388119 7229551 107377 19% 13 44304 4268  7%
c w 443.88 76 25 219 388119 7229551 107363 19% 13 44304 4268  7%
c t 443.88 76 25 219 388119 7229551 107362 19% 13 44304 4268  7%
c s 444.06 76 25 219 388119 7229551 107239 19% 13 44302 4268  7%
c 
c  seconds    reductions          redundant    irredundant
c          MB       restarts              trail      variables
c           level          conflicts          glue        remaining
c 
c B 445.71 76 24 219 389584 7260244 133176 20% 13 44302 4268  7%
c - 446.87 76 23 220 390504 7293403 109949 20% 12 44302 4268  7%
c - 449.66 76 21 221 394434 7359704 109301 20% 12 44302 4268  7%
c W 451.42 76 22 221 398522 7381245 127482 20% 13 44302 4268  7%
c d 452.90 76 22 221 404665 7425061 163203 20% 13 44302 4267  7%
c 3 452.92 76 22 221 404665 7425061 164785 20% 13 44302 4267  7%
c 2 452.93 76 22 221 404665 7425061 164782 20% 13 44302 4267  7%
c p 452.98 76 22 221 404665 7425061 166642 20% 13 44302 4267  7%
c - 453.07 76 22 222 404981 7426304 107748 20% 13 44302 4267  7%
c - 455.56 76 22 223 410436 7493204 102371 19% 13 44302 4267  7%
c F 456.05 76 22 223 411657 7503247 110612 20% 13 44302 4267  7%
c s 458.09 76 21 223 413281 7560375 157916 19% 13 44158 4267  7%
c v 458.20 76 21 223 413281 7560375 157916 19% 13 44123 4267  7%
c w 458.34 76 21 223 413281 7560375 157912 19% 13 44123 4267  7%
c e 458.35 76 21 223 413281 7560375 157866 19% 13 44164 4258  7%
c s 458.50 76 21 223 413281 7560375 157791 19% 13 44144 4258  7%
c e 458.51 76 21 223 413281 7560375 157791 19% 13 44155 4257  7%
c - 458.55 76 21 224 413281 7560405 106559 19% 13 44155 4257  7%
c B 461.05 76 21 224 420625 7626248 158553 20% 13 44155 4257  7%
c - 461.31 76 21 225 420864 7627907 103538 20% 13 44155 4257  7%
c 
c  seconds    reductions          redundant    irredundant
c          MB       restarts              trail      variables
c           level          conflicts          glue        remaining
c 
c - 463.49 76 21 226 424489 7695708 103361 22% 13 44155 4257  7%
c 3 463.61 76 21 226 424526 7700062 107943 22% 13 44155 4257  7%
c p 463.66 76 21 226 424526 7700062 110277 22% 13 44155 4257  7%
c W 466.70 76 21 226 428573 7750253 151005 23% 12 44155 4257  7%
c - 467.03 76 21 227 429800 7763808 105273 22% 13 44155 4257  7%
c - 470.11 77 22 228 436200 7832208 111242 21% 13 44155 4257  7%
c # 472.50 77 23 228 439441 7875255 149175 21% 13 44155 4257  7%
c s 473.35 77 22 228 441106 7897847 165763 21% 12 44152 4257  7%
c v 473.45 77 22 228 441106 7897847 165763 21% 12 44106 4257  7%
c w 473.58 77 22 228 441106 7897847 165740 21% 12 44106 4257  7%
c e 473.59 77 22 228 441106 7897847 165740 21% 12 44117 4250  7%
c s 473.84 77 22 228 441106 7897847 165428 21% 12 44111 4250  7%
c - 473.98 77 22 229 441651 7900912 113387 21% 13 44111 4250  7%
c - 477.57 77 22 230 451712 7969913 110948 20% 13 44111 4250  7%
c d 477.96 77 22 230 453201 7980062 119594 20% 13 44111 4249  7%
c p 478.01 77 22 230 453201 7980062 122955 20% 13 44111 4249  7%
c B 479.00 77 23 230 455227 8001257 140534 20% 13 44111 4249  7%
c - 480.78 77 22 231 458522 8039213 111643 18% 13 44111 4249  7%
c - 483.19 77 20 232 464965 8108815 109909 18% 13 44111 4249  7%
c W 484.73 77 20 232 468863 8128260 124468 17% 13 44111 4249  7%
c 
c  seconds    reductions          redundant    irredundant
c          MB       restarts              trail      variables
c           level          conflicts          glue        remaining
c 
c - 486.09 79 20 233 473073 8178715 104703 20% 13 44111 4249  7%
c } 486.41 79 20 233 473114 8191012 114303 20% 13 44111 4249  7%
c [ 486.41 79 63 233 473114 8191012 114303 57% 45 44111 4249  7%
c s 488.49 79 47 233 473120 8242159 156953 45% 33 44108 4249  7%
c v 488.59 79 47 233 473120 8242159 156953 45% 33 43991 4249  7%
c w 488.67 79 47 233 473120 8242159 156949 45% 33 43991 4249  7%
c e 488.68 79 47 233 473120 8242159 156949 45% 33 43990 4247  7%
c s 488.81 79 47 233 473120 8242159 156920 45% 33 43984 4247  7%
c - 489.06 79 45 234 473120 8248915 106088 43% 32 43984 4247  7%
c W 490.25 79 44 234 473120 8256261 112105 42% 31 43984 4247  7%
c p 490.57 79 42 234 473121 8265062 122264 40% 30 43984 4247  7%
c - 494.15 82 57 235 473121 8319415 108458 43% 28 43984 4247  7%
c O 499.16 82 57 235 473151 8385263 170233 45% 30 43984 4247  7%
c - 499.52 110 56 236 473152 8390215 115181 44% 29 43984 4247  7%
c - 502.96 82 40 237 473181 8461315 111457 30% 24 43984 4247  7%
c B 506.27 82 34 237 473184 8515266 155039 24% 23 43984 4247  7%
c - 507.37 100 40 238 473191 8532717 116733 27% 24 43984 4247  7%
c p 509.18 100 48 238 473199 8555062 140903 32% 28 43984 4247  7%
c - 513.46 128 60 239 473215 8604420 118294 39% 35 43984 4247  7%
c W 518.76 128 68 239 473236 8646267 156505 43% 42 43984 4247  7%
c 
c  seconds     reductions          redundant    irredundant
c           MB       restarts              trail      variables
c            level          conflicts          glue        remaining
c 
c - 522.62 100 70 240 473246 8676421 117249 45% 46 43984 4247  7%
c - 533.28 134 73 241 473248 8748723 123019 49% 51 43984 4247  7%
c I 537.48 134 73 241 473248 8778269 148666 49% 52 43984 4247  7%
c - 542.33 131 72 242 473249 8821325 124343 49% 50 43984 4247  7%
c 3 545.94 131 72 242 473249 8850062 152569 50% 51 43984 4247  7%
c p 546.03 131 72 242 473249 8850062 154396 50% 51 43984 4247  7%
c - 552.67 133 74 243 473249 8894226 125023 52% 52 43984 4247  7%
c B 555.18 133 75 243 473249 8911270 140816 52% 52 43984 4247  7%
c - 563.07 135 75 244 473272 8967427 128849 52% 52 43984 4247  7%
c - 570.58 100 71 245 473298 9040928 124943 50% 47 43984 4247  7%
c W 572.05 100 71 245 473301 9045272 128584 50% 47 43984 4247  7%
c - 581.94 119 68 246 473312 9114730 121308 51% 48 43984 4247  7%
c p 587.76 119 67 246 473327 9150063 156145 51% 49 43984 4247  7%
c O 592.04 119 64 246 473342 9180274 182689 51% 48 43984 4247  7%
c - 592.80 121 61 247 473343 9188831 128884 49% 45 43984 4247  7%
c - 598.86 121 62 248 473373 9263231 123295 46% 42 43984 4247  7%
c B 603.35 121 60 248 473375 9316276 170801 44% 40 43984 4247  7%
c - 606.24 121 60 249 473376 9337932 125470 45% 41 43984 4247  7%
c - 617.84 153 61 250 473391 9412933 125513 49% 43 43984 4247  7%
c W 625.89 153 61 250 473406 9453277 159122 50% 45 43984 4247  7%
c 
c  seconds     reductions          redundant    irredundant
c           MB       restarts              trail      variables
c            level          conflicts          glue        remaining
c 
c p 626.40 153 61 250 473407 9455064 163869 50% 45 43984 4247  7%
c - 632.37 121 60 251 473419 9488233 122132 51% 46 43984 4247  7%
c - 645.19 122 60 252 473439 9563833 124967 52% 47 43984 4247  7%
c I 649.81 122 59 252 473443 9591278 146340 52% 48 43984 4247  7%
c - 654.33 152 62 253 473467 9639734 129202 50% 45 43984 4247  7%
c - 662.45 152 60 254 473493 9715935 124198 48% 44 43984 4247  7%
c B 664.08 152 60 254 473500 9730280 136804 48% 44 43984 4247  7%
c p 668.49 152 60 254 473502 9765067 169791 48% 44 43984 4247  7%
c - 672.56 152 59 255 473503 9792435 126091 48% 43 43984 4247  7%
c - 683.58 152 57 256 473504 9869236 129945 49% 43 43984 4247  7%
c W 684.67 152 57 256 473504 9870282 130830 49% 43 43984 4247  7%
c - 693.13 185 76 257 473504 9946336 129280 49% 49 43984 4247  7%
c O 703.28 185 83 257 473505 10011284 188954 49% 55 43984 4247  7%
c - 704.04 152 78 258 473505 10023736 135309 46% 52 43984 4247  7%
c s 704.21 152 78 258 473505 10023736 134927 46% 52 43984 4247  7%
c v 704.47 152 78 258 473505 10023736 134927 46% 52 43875 4247  7%
c w 704.77 152 78 258 473505 10023736 134892 46% 52 43875 4247  7%
c e 704.79 152 78 258 473505 10023736 134883 46% 52 43870 4239  7%
c s 704.96 152 78 258 473505 10023736 134624 46% 52 43860 4239  7%
c 3 708.36 152 62 258 473505 10080068 185940 35% 40 43860 4239  7%
c 
c  seconds     reductions           redundant    irredundant
c           MB       restarts               trail      variables
c            level          conflicts           glue        remaining
c 
c p 708.47 152 62 258 473505 10080068 188238 35% 40 43860 4239  7%
c - 709.36 152 60 259 473505 10101436 129249 32% 39 43860 4239  7%
c B 711.93 152 56 259 473505 10153286 175449 28% 37 43860 4239  7%
c - 714.11 152 65 260 473505 10179436 131196 32% 40 43860 4239  7%
c - 723.16 152 85 261 473506 10257738 134528 41% 51 43860 4239  7%
c W 729.40 152 88 261 473506 10296287 170600 45% 55 43860 4239  7%
c - 736.33 187 88 262 473506 10336338 134704 47% 58 43860 4239  7%
c p 747.14 187 86 262 473506 10400069 194195 49% 61 43860 4239  7%
c s 747.36 187 86 262 473506 10400069 193760 49% 61 43860 4239  7%
c v 747.52 187 86 262 473506 10400069 193760 49% 61 43808 4239  7%
c w 747.66 187 86 262 473506 10400069 193748 49% 61 43808 4239  7%
c t 747.66 187 86 262 473506 10400069 193747 49% 61 43808 4239  7%
c e 747.69 187 86 262 473506 10400069 193747 49% 61 43810 4238  7%
c s 747.88 187 86 262 473506 10400069 193677 49% 61 43810 4238  7%
c - 750.62 152 86 263 473506 10415238 138310 50% 61 43810 4238  7%
c I 755.00 152 85 263 473506 10440288 160159 51% 61 43810 4238  7%
c - 760.53 186 77 264 473506 10494438 140299 49% 53 43810 4238  7%
c - 770.75 152 72 265 473506 10573938 137585 47% 50 43810 4238  7%
c B 772.24 152 72 265 473506 10585289 147579 47% 51 43810 4238  7%
c - 780.10 186 77 266 473506 10653738 137799 48% 51 43810 4238  7%
c 
c  seconds     reductions           redundant    irredundant
c           MB       restarts               trail      variables
c            level          conflicts           glue        remaining
c 
c p 791.31 186 83 266 473506 10725071 207944 49% 57 43810 4238  7%
c W 793.80 186 83 266 473506 10731290 213366 50% 57 43810 4238  7%
c - 794.47 152 83 267 473506 10733838 140714 50% 58 43810 4238  7%
c s 799.08 152 83 267 473506 10764008 167799 51% 58 43808 4238  7%
c v 799.26 152 83 267 473506 10764008 167799 51% 58 43806 4238  7%
c w 799.40 152 83 267 473506 10764008 167794 51% 58 43806 4238  7%
c t 799.41 152 83 267 473506 10764008 167793 51% 58 43806 4238  7%
c s 799.56 152 83 267 473506 10764008 167757 51% 58 43806 4238  7%
c - 807.37 187 82 268 473521 10814238 137934 51% 60 43806 4238  7%
c O 817.79 187 81 268 473545 10878291 195370 52% 61 43806 4238  7%
c - 819.53 152 78 269 473552 10894939 138081 51% 57 43806 4238  7%
c - 827.90 184 69 270 473569 10975939 138249 50% 46 43806 4238  7%
c B 830.79 184 58 270 473591 11026292 180887 43% 39 43806 4238  7%
c p 833.76 184 63 270 473600 11055071 211098 45% 40 43806 4238  7%
c - 834.07 152 63 271 473600 11057240 135104 45% 40 43806 4238  7%
c s 844.99 152 59 271 473631 11134677 200937 48% 41 43805 4238  7%
c v 845.17 152 59 271 473631 11134677 200937 48% 41 43801 4238  7%
c w 845.39 152 59 271 473631 11134677 200920 48% 41 43801 4238  7%
c e 845.41 152 59 271 473631 11134677 200919 48% 41 43813 4237  7%
c s 845.61 152 59 271 473631 11134677 200885 48% 41 43813 4237  7%
c 
c  seconds     reductions           redundant    irredundant
c           MB       restarts               trail      variables
c            level          conflicts           glue        remaining
c 
c - 846.54 152 59 272 473631 11138840 132100 48% 41 43813 4237  7%
c W 852.54 152 56 272 473632 11175296 163847 50% 41 43813 4237  7%
c - 859.55 172 54 273 473633 11220740 133648 50% 42 43813 4237  7%
c - 872.04 172 54 274 473662 11302940 136901 51% 44 43813 4237  7%
c I 875.34 172 53 274 473664 11325298 154743 51% 44 43813 4237  7%
c - 878.55 91 50 275 473693 11385440 138563 40% 38 43813 4237  7%
c p 879.02 91 51 275 473694 11390071 145935 40% 38 43813 4237  7%
c - 887.89 125 61 276 473709 11468241 137324 45% 44 43813 4237  7%
c B 888.99 125 62 276 473711 11476300 144640 45% 44 43813 4237  7%
c s 892.47 125 63 276 473726 11512145 177291 46% 43 43813 4237  7%
c w 892.80 125 63 276 473726 11512145 177281 46% 43 43813 4237  7%
c s 893.01 125 63 276 473726 11512145 177196 46% 43 43813 4237  7%
c - 897.19 121 62 277 473740 11551341 141306 47% 41 43813 4237  7%
c W 907.15 121 56 277 473759 11628302 206561 48% 39 43813 4237  7%
c - 908.23 147 56 278 473759 11634741 135698 48% 39 43813 4237  7%
c - 918.65 147 54 279 473761 11718443 139462 50% 39 43813 4237  7%
c p 920.28 147 53 279 473761 11730071 153415 50% 39 43813 4237  7%
c O 927.16 147 52 279 473761 11781306 201778 49% 39 43813 4237  7%
c - 929.20 151 49 280 473761 11802447 146976 49% 36 43813 4237  7%
c - 940.36 185 44 281 473782 11886747 144972 50% 32 43813 4237  7%
c 
c  seconds     reductions           redundant    irredundant
c           MB       restarts               trail      variables
c            level          conflicts           glue        remaining
c 
c B 948.34 185 41 281 473797 11935308 190264 49% 31 43813 4237  7%
c - 952.19 151 49 282 473813 11971347 151615 49% 34 43813 4237  7%
c - 962.73 183 57 283 473831 12056248 146445 48% 39 43813 4237  7%
c p 964.60 183 57 283 473839 12075071 167226 48% 39 43813 4237  7%
c W 967.15 183 57 283 473846 12090312 180655 48% 39 43813 4237  7%
c - 973.95 151 57 284 473862 12141450 143783 49% 39 43813 4237  7%
c - 979.80 151 46 285 473887 12226953 136744 40% 34 43813 4237  7%
c s 981.11 151 44 285 473887 12243566 147681 38% 33 43812 4237  7%
c v 981.37 151 44 285 473887 12243566 147681 38% 33 43802 4237  7%
c w 981.57 151 44 285 473887 12243566 147664 38% 33 43802 4237  7%
c s 981.76 151 44 285 473887 12243566 147606 38% 33 43802 4237  7%
c I 981.98 151 44 285 473888 12246314 150232 39% 33 43802 4237  7%
c - 986.92 151 58 286 473889 12312753 142869 41% 36 43802 4237  7%
c - 993.33 151 55 287 473922 12398853 144935 43% 32 43802 4237  7%
c B 993.78 151 54 287 473925 12403320 148892 43% 32 43802 4237  7%
c p 995.64 151 58 287 473934 12425071 172097 44% 35 43802 4237  7%
c - 1003.13 184 65 288 473951 12485253 143949 47% 43 43802 4237  7%
c W 1014.86 184 70 288 473976 12561323 213559 49% 47 43802 4237  7%
c - 1016.67 151 70 289 473981 12571954 148789 49% 47 43802 4237  7%
c s 1026.73 151 70 289 474003 12634474 202449 49% 49 43797 4237  7%
c 
c   seconds     reductions           redundant    irredundant
c            MB       restarts               trail      variables
c             level          conflicts           glue        remaining
c 
c v 1026.90 151 70 289 474003 12634474 202449 49% 49 43796 4237  7%
c w 1027.11 151 70 289 474003 12634474 202444 49% 49 43796 4237  7%
c e 1027.14 151 70 289 474003 12634474 202383 49% 49 43812 4236  7%
c s 1027.29 151 70 289 474003 12634474 202349 49% 49 43812 4236  7%
c - 1030.66 183 70 290 474012 12658954 151325 49% 48 43812 4236  7%
c O 1038.20 183 69 290 474015 12720324 206960 48% 45 43812 4236  7%
c - 1040.07 151 61 291 474015 12746254 149161 46% 39 43812 4236  7%
c p 1042.23 151 53 291 474016 12780071 184928 43% 33 43812 4236  7%
c - 1045.95 151 49 292 474016 12833855 152457 39% 29 43812 4236  7%
c B 1049.81 151 47 292 474016 12880325 196163 37% 27 43812 4236  7%
c - 1053.41 178 59 293 474017 12921756 154076 39% 33 43812 4236  7%
c - 1064.83 178 66 294 474017 13009957 154465 43% 40 43812 4236  7%
c s 1067.67 178 67 294 474017 13032200 175555 44% 40 43812 4236  7%
c v 1067.85 178 67 294 474017 13032200 175555 44% 40 43811 4236  7%
c w 1068.12 178 67 294 474017 13032200 175539 44% 40 43811 4236  7%
c s 1068.38 178 67 294 474017 13032200 175485 44% 40 43811 4236  7%
c W 1070.56 178 68 294 474017 13041326 183986 44% 40 43811 4236  7%
c - 1078.23 178 73 295 474017 13098457 155797 46% 47 43811 4236  7%
c p 1084.26 178 75 295 474017 13140072 197025 48% 50 43811 4236  7%
c - 1092.64 178 75 296 474024 13187258 157772 48% 51 43811 4236  7%
c 
c   seconds     reductions           redundant    irredundant
c            MB       restarts               trail      variables
c             level          conflicts           glue        remaining
c 
c I 1095.06 178 75 296 474032 13203328 172243 49% 52 43811 4236  7%
c - 1103.63 178 76 297 474059 13276358 154656 49% 53 43811 4236  7%
c - 1115.91 178 74 298 474080 13365759 152711 48% 53 43811 4236  7%
c B 1115.99 178 74 298 474080 13366331 153235 48% 53 43811 4236  7%
c - 1126.04 178 68 299 474111 13455461 145588 47% 49 43811 4236  7%
c p 1132.49 178 66 299 474134 13505073 189265 47% 48 43811 4236  7%
c W 1137.68 178 66 299 474142 13530332 210914 47% 48 43811 4236  7%
c - 1139.96 104 66 300 474143 13545461 148826 48% 48 43811 4236  7%
c s 1141.68 106 67 300 474143 13560349 162020 48% 48 43811 4236  7%
c w 1142.10 106 67 300 474143 13560349 162017 48% 48 43811 4236  7%
c s 1142.25 106 67 300 474143 13560349 161951 48% 48 43811 4236  7%
c - 1154.68 145 70 301 474144 13635764 153828 50% 52 43811 4236  7%
c O 1164.78 145 71 301 474172 13695333 207620 51% 53 43811 4236  7%
c - 1167.47 144 70 302 474177 13726364 161594 47% 50 43811 4236  7%
c - 1179.11 140 63 303 474207 13817264 156698 48% 44 43811 4236  7%
c B 1184.32 140 62 303 474220 13861334 197418 48% 42 43811 4236  7%
c p 1184.86 140 58 303 474223 13875074 211865 45% 39 43811 4236  7%
c - 1186.79 106 54 304 474238 13908464 152258 41% 36 43811 4236  7%
c - 1197.38 146 63 305 474269 13999964 155149 46% 42 43811 4236  7%
c W 1202.31 146 63 305 474270 14028335 181176 47% 43 43811 4236  7%
c 
c   seconds     reductions           redundant    irredundant
c            MB       restarts               trail      variables
c             level          conflicts           glue        remaining
c 
c - 1213.28 143 61 306 474271 14091765 156015 47% 43 43811 4236  7%
c - 1229.21 143 59 307 474272 14183867 156727 49% 44 43811 4236  7%
c I 1230.91 143 60 307 474272 14196336 167322 49% 45 43811 4236  7%
c p 1236.87 143 68 307 474279 14250077 220926 50% 47 43811 4236  7%
c - 1240.72 147 73 308 474290 14276267 159996 52% 52 43811 4236  7%
c B 1252.80 147 75 308 474325 14365338 240299 53% 54 43811 4236  7%
c - 1253.38 146 75 309 474325 14368970 156910 53% 54 43811 4236  7%
c - 1266.85 143 71 310 474349 14461970 156620 51% 51 43811 4236  7%
c W 1278.29 143 65 310 474373 14535340 223835 51% 46 43811 4236  7%
c - 1281.62 146 66 311 474381 14555270 162230 51% 46 43811 4236  7%
c 3 1291.82 146 63 311 474398 14630078 231758 49% 45 43811 4236  7%
c p 1291.97 146 63 311 474398 14630078 233819 49% 45 43811 4236  7%
c - 1296.23 145 63 312 474399 14648871 162502 49% 45 43811 4236  7%
c O 1306.55 145 61 312 474400 14706341 214856 49% 45 43811 4236  7%
c - 1310.79 149 64 313 474417 14742772 170753 50% 46 43811 4236  7%
c - 1324.19 147 68 314 474454 14836972 163735 53% 48 43811 4236  7%
c B 1331.58 147 67 314 474462 14878344 200912 54% 49 43811 4236  7%
c - 1341.52 150 68 315 474477 14931473 165338 54% 50 43811 4236  7%
c p 1355.34 150 68 315 474508 15015078 245019 54% 50 43811 4236  7%
c - 1357.30 149 68 316 474512 15026275 170666 54% 49 43811 4236  7%
c 
c   seconds     reductions           redundant    irredundant
c            MB       restarts               trail      variables
c             level          conflicts           glue        remaining
c 
c W 1362.04 149 66 316 474523 15051346 194127 54% 48 43811 4236  7%
c - 1377.21 151 67 317 474526 15121375 172192 55% 50 43811 4236  7%
c - 1396.58 148 63 318 474527 15216775 171164 55% 48 43811 4236  7%
c I 1398.14 148 63 318 474527 15225347 178336 55% 48 43811 4236  7%
c - 1411.39 156 72 319 474528 15312475 169743 53% 51 43811 4236  7%
c B 1426.12 156 74 319 474528 15400351 251941 51% 55 43811 4236  7%
c p 1426.89 156 74 319 474528 15405081 259692 51% 55 43811 4236  7%
c - 1427.44 150 75 320 474528 15408477 169401 51% 55 43811 4236  7%
c - 1441.33 149 76 321 474528 15504778 166696 53% 55 43811 4236  7%
c W 1455.39 149 75 321 474529 15576352 231401 55% 56 43811 4236  7%
c - 1461.38 148 72 322 474529 15601378 166398 55% 54 43811 4236  7%
c - 1479.42 148 67 323 474529 15698278 167492 56% 53 43811 4236  7%
c s 1479.65 148 67 323 474529 15698278 167058 56% 53 43811 4236  7%
c v 1479.90 148 67 323 474529 15698278 167058 56% 53 43810 4236  7%
c w 1480.50 148 67 323 474529 15698278 167034 56% 53 43810 4236  7%
c s 1480.73 148 67 323 474529 15698278 166725 56% 53 43808 4236  7%
c e 1480.75 148 67 323 474529 15698278 166722 56% 53 43822 4235  7%
c O 1490.50 148 67 323 474529 15753356 210536 56% 53 43822 4235  7%
c - 1492.55 139 53 324 474529 15795478 164326 45% 41 43822 4235  7%
c d 1492.73 139 52 324 474529 15800081 168644 44% 40 43822 4234  7%
c 
c   seconds     reductions           redundant    irredundant
c            MB       restarts               trail      variables
c             level          conflicts           glue        remaining
c 
c p 1492.82 139 52 324 474529 15800081 171969 44% 40 43822 4234  7%
c - 1500.95 110 41 325 474529 15892978 164909 41% 30 43822 4234  7%
c B 1505.85 110 39 325 474529 15931359 199351 42% 29 43822 4234  7%
c - 1513.47 154 59 326 474529 15990778 170646 47% 39 43822 4234  7%
c - 1531.40 164 72 327 474529 16088878 176951 52% 48 43822 4234  7%
c W 1536.27 164 73 327 474530 16110360 196906 53% 49 43822 4234  7%
c s 1537.50 164 73 327 474530 16116310 202467 53% 49 43822 4234  7%
c w 1537.95 164 73 327 474530 16116310 202464 53% 49 43822 4234  7%
c s 1538.18 164 73 327 474530 16116310 202398 53% 49 43822 4234  7%
c - 1551.66 162 70 328 474530 16187278 178358 54% 49 43822 4234  7%
c p 1554.42 162 70 328 474530 16200084 193594 54% 49 43822 4234  7%
c - 1575.40 158 70 329 474530 16285979 176582 54% 52 43822 4234  7%
c I 1576.05 158 71 329 474530 16290361 180708 54% 53 43822 4234  7%
c ] 1587.42 158 71 329 474530 16383012 267131 51% 50 43822 4234  7%
c { 1587.42 158 20 329 474530 16383012 267131 20% 13 43822 4234  7%
c - 1587.69 149 20 330 475007 16384980 171919 20% 13 43822 4234  7%
c F 1592.85 149 20 330 481129 16471362 243633 19% 12 43822 4234  7%
c - 1594.33 110 21 331 481604 16484280 159975 19% 12 43822 4234  7%
c - 1598.38 120 21 332 488595 16583882 161284 21% 13 43822 4234  7%
c p 1599.13 120 20 332 489956 16605084 181100 22% 13 43822 4234  7%
c 
c   seconds     reductions           redundant    irredundant
c            MB       restarts               trail      variables
c             level          conflicts           glue        remaining
c 
c s 1600.65 120 22 332 492516 16619166 192053 22% 13 43821 4234  7%
c v 1600.83 120 22 332 492516 16619166 192053 22% 13 43821 4234  7%
c w 1601.06 120 22 332 492516 16619166 192048 22% 13 43821 4234  7%
c t 1601.07 120 22 332 492516 16619166 192047 22% 13 43821 4234  7%
c s 1601.31 120 22 332 492516 16619166 191896 22% 13 43821 4234  7%
c B 1603.04 120 22 332 497631 16653366 219967 22% 14 43821 4234  7%
c - 1604.48 120 22 333 498340 16683782 160294 23% 13 43821 4234  7%
c - 1608.94 120 21 334 502765 16783983 159506 24% 13 43821 4234  7%
c W 1612.94 120 22 334 508049 16836367 203954 22% 13 43821 4234  7%
c - 1615.16 120 21 335 510146 16884483 161790 20% 12 43821 4234  7%
c - 1619.48 120 20 336 518206 16985284 159463 18% 12 43821 4234  7%
c 3 1620.94 120 20 336 522802 17015087 184799 18% 13 43821 4234  7%
c p 1621.02 120 20 336 522802 17015087 186786 18% 13 43821 4234  7%
c # 1621.44 120 20 336 524031 17020370 191525 18% 13 43821 4234  7%
c s 1623.11 120 22 336 527706 17050723 214768 20% 13 43819 4234  7%
c w 1623.46 120 22 336 527706 17050723 214760 20% 13 43819 4234  7%
c s 1623.74 120 22 336 527706 17050723 214618 20% 13 43819 4234  7%
c - 1625.41 130 21 337 529738 17086384 162774 20% 13 43819 4234  7%
c i 1630.16 130 21 337 536177 17183031 240381 20% 13 43819 4233  7%
c - 1630.87 130 22 338 536478 17187786 161886 20% 13 43577 4233  7%
c 
c   seconds     reductions           redundant    irredundant
c            MB       restarts               trail      variables
c             level          conflicts           glue        remaining
c 
c B 1631.30 130 21 338 536523 17205372 175087 20% 13 43577 4233  7%
c - 1634.63 130 20 339 544171 17289486 163945 20% 13 43577 4233  7%
c W 1640.18 130 21 339 553523 17391373 247137 20% 13 43577 4233  7%
c - 1640.23 130 21 340 553545 17391486 165355 20% 13 43577 4233  7%
c 3 1642.21 130 20 340 556209 17430087 199159 19% 13 43577 4233  7%
c p 1642.29 130 20 340 556209 17430087 201214 19% 13 43577 4233  7%
c s 1644.18 130 20 340 559798 17489014 246151 19% 13 43575 4233  7%
c w 1644.55 130 20 340 559798 17489014 246147 19% 13 43575 4233  7%
c t 1644.56 130 20 340 559798 17489014 246144 19% 13 43575 4233  7%
c e 1644.57 130 20 340 559798 17489014 246144 19% 13 43575 4217  7%
c s 1644.80 130 20 340 559798 17489014 246063 19% 13 43575 4217  7%
c - 1645.15 130 20 341 559953 17493787 163657 19% 13 43575 4217  7%
c F 1648.28 130 21 341 572113 17578374 227818 20% 14 43575 4217  7%
c - 1649.96 130 22 342 573264 17596387 163605 20% 14 43575 4217  7%
c - 1653.85 130 20 343 579053 17699290 161499 20% 13 43575 4217  7%
c B 1657.06 130 22 343 588303 17766375 215155 20% 14 43575 4217  7%
c - 1659.41 130 21 344 588794 17802491 164469 22% 13 43575 4217  7%
c p 1662.53 130 23 344 593598 17850087 207827 22% 13 43575 4217  7%
c - 1664.93 130 22 345 598661 17905991 168618 21% 14 43575 4217  7%
c s 1666.58 130 21 345 599068 17933751 190076 22% 13 43572 4217  7%
c 
c   seconds     reductions           redundant    irredundant
c            MB       restarts               trail      variables
c             level          conflicts           glue        remaining
c 
c w 1666.90 130 21 345 599068 17933751 190063 22% 13 43572 4217  7%
c s 1667.21 130 21 345 599068 17933751 189807 22% 13 43572 4217  7%
c W 1670.53 130 23 345 600949 17955379 208867 23% 13 43572 4217  7%
c - 1673.00 132 23 346 607177 18009793 170797 23% 14 43572 4217  7%
c - 1679.40 132 23 347 613720 18113893 172838 23% 13 43572 4217  7%
c # 1681.01 132 22 347 614324 18145381 198978 21% 12 43572 4217  7%
c - 1684.49 132 21 348 624157 18218293 172339 19% 13 43572 4217  7%
c p 1686.53 132 21 348 628775 18275087 221803 22% 13 43572 4217  7%
c - 1689.61 132 22 349 632470 18322993 173263 21% 14 43572 4217  7%
c B 1689.92 132 22 349 632644 18336382 184484 21% 13 43572 4217  7%
c s 1693.71 132 24 349 636362 18385213 226459 21% 13 43571 4217  7%
c w 1694.03 132 24 349 636362 18385213 226454 21% 13 43571 4217  7%
c s 1694.32 132 24 349 636362 18385213 226385 21% 13 43570 4217  7%
c - 1697.23 132 23 350 638701 18427993 173972 21% 13 43570 4217  7%
c W 1703.31 132 20 350 644082 18528383 252671 23% 12 43570 4217  7%
c - 1703.80 132 20 351 644794 18533293 171175 22% 12 43570 4217  7%
c - 1710.29 132 24 352 656584 18638894 176927 22% 13 43570 4217  7%
c i 1713.15 132 24 352 663174 18685079 214891 22% 14 43570 4216  7%
c i 1713.15 132 24 352 663174 18685150 214912 22% 14 43570 4215  7%
c i 1713.15 132 24 352 663174 18685262 214956 22% 14 43570 4213  7%
c 
c   seconds     reductions           redundant    irredundant
c            MB       restarts               trail      variables
c             level          conflicts           glue        remaining
c 
c 2 1713.89 132 23 352 663264 18705088 233825 21% 13 43570 4213  7%
c p 1713.97 132 23 352 663264 18705088 235335 21% 13 43570 4213  7%
c F 1714.74 132 22 352 663400 18721384 248896 19% 13 43570 4213  7%
c - 1717.21 132 23 353 667796 18744794 178232 20% 13 42816 4213  7%
c s 1722.27 132 22 353 675074 18843404 255713 22% 14 42799 4213  7%
c v 1722.42 132 22 353 675074 18843404 255713 22% 14 42793 4213  7%
c w 1722.72 132 22 353 675074 18843404 255699 22% 14 42793 4213  7%
c t 1722.72 132 22 353 675074 18843404 255698 22% 14 42793 4213  7%
c e 1722.73 132 22 353 675074 18843404 255698 22% 14 42856 4163  7%
c s 1723.10 132 22 353 675074 18843404 255541 22% 14 42856 4163  7%
c - 1723.39 132 22 354 675097 18850994 175479 22% 13 42856 4163  7%
c B 1726.03 132 20 354 676471 18915387 224510 21% 13 42856 4163  7%
c - 1727.49 132 19 355 677207 18957494 167610 21% 12 42856 4163  7%
c - 1732.11 132 20 356 692242 19064294 174257 20% 13 42856 4163  7%
c W 1735.03 132 19 356 694383 19110390 213578 23% 12 42856 4163  7%
c 3 1736.31 132 20 356 701069 19140090 238343 21% 13 42856 4163  7%
c 3 1736.31 132 20 356 701069 19140090 238939 21% 13 42856 4163  7%
c 2 1736.35 132 20 356 701069 19140090 238938 21% 13 42856 4163  7%
c p 1736.47 132 20 356 701069 19140090 240511 21% 13 42856 4162  7%
c - 1738.60 132 21 357 705074 19171394 180315 21% 13 42578 4162  7%
c 
c   seconds     reductions           redundant    irredundant
c            MB       restarts               trail      variables
c             level          conflicts           glue        remaining
c 
c - 1744.46 132 21 358 713291 19278794 177184 19% 13 42578 4162  7%
c # 1745.56 132 21 358 717960 19306393 198935 19% 13 42578 4162  7%
c s 1745.95 132 21 358 717965 19307609 197026 19% 13 42561 4162  7%
c v 1746.07 132 21 358 717965 19307609 197026 19% 13 42557 4162  7%
c w 1746.26 132 21 358 717965 19307609 197011 19% 13 42557 4162  7%
c e 1746.27 132 21 358 717965 19307609 197011 19% 13 42624 4143  7%
c s 1746.59 132 21 358 717965 19307609 196780 19% 13 42619 4143  7%
c - 1750.25 132 20 359 728024 19386494 177145 19% 14 42619 4143  7%
c - 1756.99 132 21 360 737078 19494495 182266 18% 13 42619 4143  7%
c B 1757.46 132 21 360 738622 19503394 189160 18% 13 42619 4143  7%
c p 1761.11 132 21 360 740182 19580091 256201 23% 13 42619 4143  7%
c - 1763.00 134 21 361 743175 19602796 184551 22% 13 42619 4143  7%
c W 1768.63 134 19 361 745835 19701395 262647 23% 12 42619 4143  7%
c - 1770.80 134 20 362 747146 19711398 178407 23% 12 42619 4143  7%
c s 1774.40 134 22 362 758695 19778394 232907 22% 13 42613 4143  7%
c v 1774.53 134 22 362 758695 19778394 232907 22% 13 42613 4143  7%
c w 1774.70 134 22 362 758695 19778394 232900 22% 13 42613 4143  7%
c e 1774.72 134 22 362 758695 19778394 232900 22% 13 42624 4142  7%
c s 1775.06 134 22 362 758695 19778394 232765 22% 13 42624 4142  7%
c - 1777.39 134 22 363 760048 19820298 182327 23% 13 42624 4142  7%
c 
c   seconds     reductions           redundant    irredundant
c            MB       restarts               trail      variables
c             level          conflicts           glue        remaining
c 
c F 1781.64 134 22 363 766455 19900396 248374 21% 13 42624 4142  7%
c - 1783.45 134 22 364 768078 19929498 183467 21% 13 42624 4142  7%
c p 1788.33 134 21 364 775972 20025095 262794 19% 13 42624 4142  7%
c - 1789.57 134 21 365 777310 20038998 181913 19% 13 42624 4142  7%
c B 1791.66 134 21 365 785352 20100399 229470 21% 14 42624 4142  7%
c - 1794.00 134 20 366 787501 20148800 177306 20% 13 42624 4142  7%
c s 1799.25 134 19 366 792939 20255979 262382 26% 12 42622 4142  7%
c v 1799.40 134 19 366 792939 20255979 262382 26% 12 42622 4142  7%
c w 1799.69 134 19 366 792939 20255979 262378 26% 12 42622 4142  7%
c t 1799.70 134 19 366 792939 20255979 262377 26% 12 42622 4142  7%
c s 1800.03 134 19 366 792939 20255979 262291 26% 12 42621 4142  7%
c - 1800.18 134 19 367 792939 20258900 178490 26% 12 42621 4142  7%
c W 1802.92 134 20 367 800746 20301401 212306 24% 13 42621 4142  7%
c - 1806.01 134 20 368 807662 20369301 179947 22% 13 42621 4142  7%
c 3 1810.37 134 21 368 820251 20475097 262741 20% 14 42621 4142  7%
c p 1810.48 134 21 368 820251 20475097 264310 20% 14 42621 4142  7%
c - 1810.81 134 21 369 820484 20480002 174696 20% 14 42621 4142  7%
c # 1811.84 134 21 369 821319 20503404 194213 22% 14 42621 4142  7%
c - 1818.05 134 24 370 826842 20591002 184112 22% 14 42621 4142  7%
c - 1825.79 134 22 371 832862 20702302 186014 23% 13 42621 4142  7%
c 
c   seconds     reductions           redundant    irredundant
c            MB       restarts               trail      variables
c             level          conflicts           glue        remaining
c 
c B 1826.27 134 23 371 833324 20706405 189815 23% 13 42621 4142  7%
c s 1828.71 134 22 371 835878 20740275 209861 23% 13 42616 4142  7%
c v 1828.85 134 22 371 835878 20740275 209861 23% 13 42615 4142  7%
c w 1829.07 134 22 371 835878 20740275 209845 23% 13 42615 4142  7%
c t 1829.07 134 22 371 835878 20740275 209844 23% 13 42615 4142  7%
c e 1829.09 134 22 371 835878 20740275 209844 23% 13 42614 4141  7%
c s 1829.59 134 22 371 835878 20740275 208819 23% 13 42614 4141  7%
c - 1834.82 134 22 372 842941 20813902 189389 21% 13 42614 4141  7%
c W 1840.62 134 21 372 848415 20910406 267426 23% 12 42614 4141  7%
c - 1841.14 134 21 373 852045 20925803 188199 23% 13 42614 4141  7%
c d 1841.27 134 21 373 853091 20930098 191563 23% 13 42614 4140  7%
c p 1841.36 134 21 373 853091 20930098 195003 23% 13 42614 4140  7%
c - 1846.21 134 20 374 865620 21038004 186167 21% 13 42614 4140  7%
c F 1849.66 134 22 374 871614 21115407 249979 21% 13 42614 4140  7%
c - 1853.08 134 22 375 873891 21150506 191066 21% 13 42614 4140  7%
c s 1861.07 134 24 375 884589 21231314 259006 22% 14 42613 4140  7%
c v 1861.22 134 24 375 884589 21231314 259006 22% 14 42597 4140  7%
c w 1861.54 134 24 375 884589 21231314 259001 22% 14 42597 4140  7%
c s 1861.91 134 24 375 884589 21231314 258936 22% 14 42597 4140  7%
c - 1864.04 134 24 376 888695 21263307 192753 22% 14 42597 4140  7%
c 
c   seconds     reductions           redundant    irredundant
c            MB       restarts               trail      variables
c             level          conflicts           glue        remaining
c 
c B 1866.53 134 23 376 891244 21321408 241667 22% 14 42597 4140  7%
c - 1870.59 134 24 377 896697 21376407 192580 22% 14 42597 4140  7%
c 3 1870.91 134 23 377 896861 21390099 204203 21% 14 42597 4140  7%
c p 1871.02 134 23 377 896861 21390099 206143 21% 14 42597 4140  7%
c - 1875.88 134 22 378 902182 21489807 187856 19% 14 42597 4140  7%
c W 1879.10 134 22 378 904930 21528410 220584 20% 14 42597 4140  7%
c - 1884.43 136 21 379 907487 21603509 189629 22% 13 42597 4140  7%
c - 1892.60 136 22 380 918300 21717512 193422 21% 13 42597 4140  7%
c s 1893.55 136 22 380 920623 21729047 202387 21% 13 42586 4140  7%
c v 1893.70 136 22 380 920623 21729047 202387 21% 13 42582 4140  7%
c w 1893.84 136 22 380 920623 21729047 202385 21% 13 42582 4140  7%
c e 1893.86 136 22 380 920623 21729047 202385 21% 13 42592 4138  7%
c s 1894.15 136 22 380 920623 21729047 202307 21% 13 42592 4138  7%
c # 1894.70 136 22 380 921402 21736411 208549 21% 13 42592 4138  7%
c - 1899.83 136 22 381 928607 21831813 192074 22% 13 42592 4138  7%
c p 1900.96 136 20 381 928782 21855099 214748 23% 13 42592 4138  7%
c B 1905.74 136 22 381 939570 21945413 287168 21% 14 42592 4138  7%
c - 1906.03 136 22 382 939678 21946413 190374 22% 14 42592 4138  7%
c - 1913.63 136 23 383 951939 22061315 195904 22% 14 42592 4138  7%
c W 1918.72 136 23 383 957870 22155417 272348 20% 14 42592 4138  7%
c 
c   seconds     reductions           redundant    irredundant
c            MB       restarts               trail      variables
c             level          conflicts           glue        remaining
c 
c - 1920.65 136 22 384 958441 22176516 196210 21% 14 42592 4138  7%
c s 1924.52 136 23 384 962214 22233584 246940 23% 13 42590 4138  7%
c v 1924.67 136 23 384 962214 22233584 246940 23% 13 42574 4138  7%
c w 1924.97 136 23 384 962214 22233584 246929 23% 13 42574 4138  7%
c t 1924.97 136 23 384 962214 22233584 246928 23% 13 42574 4138  7%
c s 1925.42 136 23 384 962214 22233584 246824 23% 13 42574 4138  7%
c - 1928.95 136 21 385 965285 22292016 199805 22% 13 42574 4138  7%
c p 1929.98 136 20 385 972548 22325099 228131 21% 14 42574 4138  7%
c F 1932.27 136 21 385 975785 22366419 262054 21% 14 42574 4138  7%
c - 1934.49 136 21 386 980568 22407816 195631 20% 14 42574 4138  7%
c - 1939.09 136 19 387 984949 22523917 189464 23% 13 42574 4138  7%
c B 1942.31 136 18 387 987817 22578420 234930 28% 12 42574 4138  7%
c - 1944.75 136 18 388 995766 22640317 194083 24% 13 42574 4138  7%
c s 1952.11 136 21 388 1004772 22744756 280496 23% 13 42571 4138  7%
c v 1952.26 136 21 388 1004772 22744756 280496 23% 13 42562 4138  7%
c w 1952.49 136 21 388 1004772 22744756 280488 23% 13 42562 4138  7%
c e 1952.51 136 21 388 1004772 22744756 280488 23% 13 42589 4136  7%
c s 1952.89 136 21 388 1004772 22744756 280403 23% 13 42583 4136  7%
c - 1953.71 136 20 389 1005717 22757021 202387 23% 13 42583 4136  7%
c W 1956.66 136 21 389 1011370 22791423 231219 22% 13 42583 4136  7%
c 
c   seconds     reductions            redundant    irredundant
c            MB        restarts               trail      variables
c             level           conflicts           glue        remaining
c 
c 2 1957.30 136 21 389 1011443 22800099 240466 23% 13 42583 4136  7%
c p 1957.36 136 21 389 1011443 22800099 241946 23% 13 42583 4136  7%
c - 1962.06 136 18 390 1012189 22874021 197771 26% 12 42583 4136  7%
c - 1968.03 136 21 391 1024113 22991321 204813 24% 12 42583 4136  7%
c # 1969.18 136 22 391 1025972 23005427 216729 24% 13 42583 4136  7%
c - 1976.32 137 22 392 1034024 23108922 204580 23% 13 42583 4136  7%
c B 1982.01 137 21 392 1048747 23220430 293507 22% 14 42583 4136  7%
c - 1982.60 137 22 393 1048906 23226822 198547 22% 14 42583 4136  7%
c s 1984.39 137 22 393 1052167 23262809 227071 21% 14 42582 4136  7%
c v 1984.54 137 22 393 1052167 23262809 227071 21% 14 42557 4136  7%
c w 1984.76 137 22 393 1052167 23262809 227069 21% 14 42557 4136  7%
c t 1984.76 137 22 393 1052167 23262809 227068 21% 14 42557 4136  7%
c s 1985.17 137 22 393 1052167 23262809 226980 21% 14 42557 4136  7%
c p 1986.05 137 22 393 1052862 23280103 243031 21% 14 42557 4136  7%
c - 1990.79 137 22 394 1054687 23345022 198604 23% 13 42557 4136  7%
c W 1996.51 137 22 394 1064025 23436431 275700 23% 13 42557 4136  7%
c - 1997.50 137 22 395 1065703 23463522 200531 22% 14 42557 4136  7%
c - 2002.25 137 21 396 1075950 23582322 196000 20% 15 42557 4136  7%
c F 2006.33 137 22 396 1078465 23653433 255248 21% 14 42557 4136  7%
c - 2008.95 137 22 397 1081473 23701422 198284 22% 14 42557 4136  7%
c 
c   seconds     reductions            redundant    irredundant
c            MB        restarts               trail      variables
c             level           conflicts           glue        remaining
c 
c p 2011.08 137 19 397 1081593 23765104 251474 24% 12 42557 4136  7%
c s 2012.40 137 19 397 1081804 23787451 269010 24% 12 42554 4136  7%
c v 2012.54 137 19 397 1081804 23787451 269010 24% 12 42545 4136  7%
c w 2012.78 137 19 397 1081804 23787451 268995 24% 12 42545 4136  7%
c t 2012.78 137 19 397 1081804 23787451 268994 24% 12 42545 4136  7%
c e 2012.80 137 19 397 1081804 23787451 268951 24% 12 42561 4135  7%
c s 2013.21 137 19 397 1081804 23787451 268709 24% 12 42560 4135  7%
c - 2015.24 137 19 398 1086220 23820822 198122 24% 12 42560 4135  7%
c B 2017.34 137 19 398 1090613 23871435 239761 22% 13 42560 4135  7%
c - 2020.27 137 20 399 1103048 23940525 196718 20% 14 42560 4135  7%
c - 2025.03 137 20 400 1108375 24060525 199866 22% 13 42560 4135  7%
c W 2027.49 137 21 400 1109884 24090436 225509 22% 14 42560 4135  7%
c - 2032.37 137 22 401 1118568 24180826 202317 21% 14 42560 4135  7%
c 3 2035.14 137 22 401 1121816 24255104 264353 22% 14 42560 4135  7%
c 3 2035.15 137 22 401 1121816 24255104 264983 22% 14 42560 4135  7%
c p 2035.26 137 22 401 1121816 24255104 266508 22% 14 42560 4135  7%
c - 2037.14 137 21 402 1122455 24301426 199955 25% 14 42560 4135  7%
c # 2037.55 137 21 402 1122521 24310441 207422 25% 14 42560 4135  7%
c s 2038.51 137 21 402 1123169 24318894 214068 24% 14 42559 4135  7%
c v 2038.67 137 21 402 1123169 24318894 214068 24% 14 42553 4135  7%
c 
c   seconds     reductions            redundant    irredundant
c            MB        restarts               trail      variables
c             level           conflicts           glue        remaining
c 
c w 2038.87 137 21 402 1123169 24318894 214064 24% 14 42553 4135  7%
c e 2038.89 137 21 402 1123169 24318894 214064 24% 14 42564 4134  7%
c s 2039.25 137 21 402 1123169 24318894 214028 24% 14 42564 4134  7%
c - 2043.87 137 21 403 1130093 24422326 197712 21% 14 42564 4134  7%
c B 2049.09 137 21 403 1135912 24531443 285690 22% 14 42564 4134  7%
c - 2050.35 137 22 404 1137047 24543526 201272 22% 14 42564 4134  7%
c - 2057.52 137 22 405 1144807 24665026 203920 25% 13 42564 4134  7%
c p 2062.41 137 22 405 1150162 24750106 277171 24% 13 42564 4134  7%
c W 2063.51 137 22 405 1150174 24753444 279782 24% 13 42564 4134  7%
c - 2065.48 137 22 406 1153410 24786827 206774 23% 13 42564 4134  7%
c s 2070.93 137 22 406 1161736 24857138 265656 23% 14 42561 4134  7%
c w 2071.41 137 22 406 1161736 24857138 265656 23% 14 42561 4134  7%
c s 2071.83 137 22 406 1161736 24857138 265612 23% 14 42561 4134  7%
c - 2075.31 138 23 407 1166597 24908927 209174 22% 14 42561 4134  7%
c F 2077.81 138 22 407 1169834 24976447 263431 23% 14 42561 4134  7%
c - 2082.26 138 22 408 1171233 25031327 209304 22% 13 42561 4134  7%
c - 2089.79 138 19 409 1177300 25154030 205009 20% 13 42561 4134  7%
c B 2093.08 138 20 409 1181772 25200448 243312 20% 13 42561 4134  7%
c d 2095.18 138 20 409 1184671 25250108 282780 21% 13 42561 4133  7%
c p 2095.30 138 20 409 1184671 25250108 285964 21% 13 42561 4133  7%
c 
c   seconds     reductions            redundant    irredundant
c            MB        restarts               trail      variables
c             level           conflicts           glue        remaining
c 
c - 2096.86 138 20 410 1187233 25277035 209206 22% 13 42561 4133  7%
c - 2103.88 138 21 411 1199105 25400336 206622 20% 13 42561 4133  7%
c s 2104.41 138 21 411 1199539 25402096 207356 20% 13 42536 4133  7%
c v 2104.56 138 21 411 1199539 25402096 207356 20% 13 42535 4133  7%
c w 2104.83 138 21 411 1199539 25402096 207345 20% 13 42535 4133  7%
c t 2104.83 138 21 411 1199539 25402096 207344 20% 13 42535 4133  7%
c e 2104.84 138 21 411 1199539 25402096 207340 20% 13 42550 4131  7%
c s 2105.31 138 21 411 1199539 25402096 207261 20% 13 42550 4131  7%
c W 2107.47 138 21 411 1202203 25425449 225529 20% 13 42550 4131  7%
c - 2113.56 138 22 412 1214692 25523936 208175 20% 14 42550 4131  7%
c - 2122.17 138 23 413 1224577 25647839 212702 24% 14 42550 4131  7%
c # 2122.27 138 23 413 1224938 25651451 215302 24% 14 42550 4131  7%
c p 2127.75 138 21 413 1230787 25755110 303022 21% 13 42550 4131  7%
c - 2129.50 138 22 414 1233874 25772041 212023 21% 14 42550 4131  7%
c B 2137.60 138 21 414 1241573 25878452 303262 22% 13 42550 4131  7%
c - 2139.52 138 22 415 1243906 25896543 219624 22% 13 42550 4131  7%
c s 2144.52 138 23 415 1248872 25953893 267160 24% 13 42546 4131  7%
c v 2144.68 138 23 415 1248872 25953893 267160 24% 13 42511 4131  7%
c w 2144.95 138 23 415 1248872 25953893 267151 24% 13 42511 4131  7%
c e 2144.97 138 23 415 1248872 25953893 267151 24% 13 42522 4130  7%
c 
c   seconds     reductions            redundant    irredundant
c            MB        restarts               trail      variables
c             level           conflicts           glue        remaining
c 
c s 2145.52 138 23 415 1248872 25953893 267067 24% 13 42519 4130  7%
c - 2149.66 138 22 416 1251655 26021344 218621 25% 13 42519 4130  7%
c W 2154.25 138 21 416 1258683 26106454 284727 22% 14 42519 4130  7%
c - 2156.37 138 22 417 1261125 26146444 211668 21% 14 42519 4130  7%
c p 2162.55 138 22 417 1269027 26265110 316351 21% 14 42519 4130  7%
c - 2162.91 138 22 418 1269377 26271845 212352 21% 14 42519 4130  7%
c F 2167.47 138 22 418 1271759 26335457 264752 23% 13 42519 4130  7%
c - 2170.52 140 23 419 1278122 26397545 215536 22% 14 42519 4130  7%
c s 2177.60 140 21 419 1280747 26512300 306655 24% 13 42516 4130  7%
c v 2177.76 140 21 419 1280747 26512300 306655 24% 13 42475 4130  7%
c w 2178.18 140 21 419 1280747 26512300 306647 24% 13 42475 4130  7%
c e 2178.20 140 21 419 1280747 26512300 306647 24% 13 42493 4127  7%
c s 2178.86 140 21 419 1280747 26512300 306100 24% 13 42478 4127  7%
c - 2179.80 140 21 420 1282859 26523545 215128 24% 13 42478 4127  7%
c B 2182.20 140 22 420 1287766 26565458 250804 23% 13 42478 4127  7%
c - 2187.72 140 23 421 1296758 26649845 218579 25% 14 42478 4127  7%
c i 2193.33 140 22 421 1304107 26746656 298991 24% 13 42478 4124  7%
c - 2195.04 140 22 422 1304886 26776445 220330 23% 13 42004 4124  7%
c d 2195.20 140 22 422 1304886 26780111 223626 23% 13 42004 4123  7%
c p 2195.28 140 22 422 1304886 26780111 227106 23% 13 42004 4123  7%
c 
c   seconds     reductions            redundant    irredundant
c            MB        restarts               trail      variables
c             level           conflicts           glue        remaining
c 
c W 2197.62 140 22 422 1305470 26796459 241220 23% 13 42004 4123  7%
c - 2203.07 140 21 423 1316152 26903347 215739 21% 14 42004 4123  7%
c # 2208.33 140 21 423 1320958 27028460 317087 22% 13 42004 4123  7%
c - 2208.91 140 22 424 1321249 27030549 214221 22% 13 42004 4123  7%
c s 2211.54 140 22 424 1325363 27077377 250687 21% 13 42001 4123  7%
c v 2211.70 140 22 424 1325363 27077377 250687 21% 13 42001 4123  7%
c w 2211.88 140 22 424 1325363 27077377 250684 21% 13 42001 4123  7%
c e 2211.89 140 22 424 1325363 27077377 250684 21% 13 42012 4091  6%
c s 2212.33 140 22 424 1325363 27077377 250656 21% 13 41999 4091  6%
c - 2216.26 140 20 425 1329381 27158049 209119 24% 13 41999 4091  6%
c B 2220.36 140 21 425 1339550 27261463 294298 24% 14 41999 4091  6%
c - 2222.86 140 22 426 1341085 27285849 217991 23% 14 41999 4091  6%
c p 2223.73 140 22 426 1342031 27300111 232947 23% 14 41999 4091  6%
c - 2230.56 140 22 427 1354758 27413949 217565 23% 14 41999 4091  6%
c W 2236.78 140 24 427 1359519 27495466 286225 24% 14 41999 4091  6%
c - 2239.98 140 23 428 1364394 27542349 223666 22% 14 41999 4091  6%
c s 2246.10 140 22 428 1374386 27648551 311138 22% 14 41997 4091  6%
c v 2246.29 140 22 428 1374386 27648551 311138 22% 14 41985 4091  6%
c w 2246.58 140 22 428 1374386 27648551 311124 22% 14 41985 4091  6%
c s 2247.20 140 22 428 1374386 27648551 311002 22% 14 41985 4091  6%
c 
c   seconds     reductions            redundant    irredundant
c            MB        restarts               trail      variables
c             level           conflicts           glue        remaining
c 
c - 2249.01 140 22 429 1375194 27671050 227168 22% 14 41985 4091  6%
c F 2251.56 140 22 429 1380623 27730467 274353 22% 14 41985 4091  6%
c - 2255.39 140 22 430 1382701 27800051 218675 24% 13 41985 4091  6%
c p 2256.21 140 21 430 1382764 27825111 241653 25% 13 41985 4090  6%
c - 2261.88 140 19 431 1384785 27929352 215800 25% 12 41985 4090  6%
c B 2263.54 140 20 431 1390170 27966469 246684 24% 12 41985 4090  6%
c - 2270.10 140 23 432 1404891 28058952 223713 23% 14 41985 4090  6%
c i 2274.40 140 23 432 1407171 28134976 290144 23% 13 41985 4089  6%
c i 2274.40 140 23 432 1407171 28135045 290166 23% 13 41985 4087  6%
c - 2277.23 140 21 433 1409359 28188854 223659 22% 13 41520 4087  6%
c W 2279.21 140 22 433 1411956 28203470 235374 22% 14 41520 4087  6%
c s 2281.84 140 23 433 1415368 28226359 252562 22% 14 41518 4087  6%
c v 2282.03 140 23 433 1415368 28226359 252562 22% 14 41515 4087  6%
c w 2282.27 140 23 433 1415368 28226359 252559 22% 14 41515 4087  6%
c e 2282.29 140 23 433 1415368 28226359 252559 22% 14 41525 4053  6%
c s 2282.83 140 23 433 1415368 28226359 252361 22% 14 41525 4053  6%
c - 2288.25 140 22 434 1420029 28319055 220494 22% 14 41525 4053  6%
c p 2289.81 140 21 434 1421326 28355111 253377 21% 13 41525 4053  6%
c # 2298.02 140 22 434 1428003 28441474 323851 22% 13 41525 4053  6%
c - 2299.73 140 23 435 1428719 28449555 224157 23% 13 41525 4053  6%
c 
c   seconds     reductions            redundant    irredundant
c            MB        restarts               trail      variables
c             level           conflicts           glue        remaining
c 
c - 2307.02 140 21 436 1438835 28580356 222835 23% 13 41525 4053  6%
c B 2312.51 140 21 436 1443872 28680477 306210 24% 13 41525 4053  6%
c - 2316.00 140 22 437 1447505 28711456 225809 24% 13 41525 4053  6%
c s 2322.48 140 22 437 1456828 28810463 305878 22% 13 41522 4053  6%
c w 2323.03 140 22 437 1456828 28810463 305874 22% 13 41522 4053  6%
c - 2327.83 140 24 438 1459422 28842856 231594 22% 13 41522 4053  6%
c p 2333.48 140 25 438 1464856 28890111 276206 23% 13 41522 4053  6%
c W 2336.12 140 24 438 1466117 28920479 300510 23% 13 41522 4053  6%
c - 2340.32 140 23 439 1471215 28974558 234066 22% 14 41522 4053  6%
c - 2349.52 140 22 440 1483214 29106558 228984 22% 14 41522 4053  6%
c F 2352.73 140 22 440 1486768 29161484 275373 24% 14 41522 4053  6%
c - 2358.96 140 23 441 1494997 29238859 231730 21% 14 41522 4053  6%
c - 2367.45 140 22 442 1499575 29371460 232255 21% 13 41522 4053  6%
c s 2370.07 140 22 442 1503460 29401264 256932 20% 13 41518 4053  6%
c w 2370.55 140 22 442 1503460 29401264 256926 20% 13 41518 4053  6%
c s 2370.64 140 22 442 1503460 29401264 256910 20% 13 41518 4053  6%
c B 2370.73 140 21 442 1504004 29403487 258532 20% 13 41518 4053  6%
c 3 2373.83 140 22 442 1507393 29430112 283602 21% 13 41518 4053  6%
c p 2373.95 140 22 442 1507393 29430112 285525 21% 13 41518 4053  6%
c - 2379.39 145 23 443 1514597 29504361 236651 22% 14 41518 4053  6%
c 
c   seconds     reductions            redundant    irredundant
c            MB        restarts               trail      variables
c             level           conflicts           glue        remaining
c 
c - 2388.20 170 23 444 1526757 29637561 236882 21% 14 41518 4053  6%
c W 2389.57 170 23 444 1527302 29646488 244422 20% 14 41518 4053  6%
c - 2398.12 170 23 445 1533504 29771061 233303 22% 14 41518 4053  6%
c # 2407.39 170 23 445 1542204 29890493 333682 24% 14 41518 4053  6%
c - 2409.50 170 24 446 1544436 29904866 233590 24% 14 41518 4053  6%
c 2 2411.79 170 22 446 1547380 29975114 289442 23% 14 41518 4053  6%
c p 2411.89 170 22 446 1547380 29975114 290766 23% 14 41518 4053  6%
c s 2414.04 170 22 446 1549686 29998755 309127 22% 14 41511 4053  6%
c w 2414.71 170 22 446 1549686 29998755 309117 22% 14 41511 4053  6%
c s 2414.84 170 22 446 1549686 29998755 309110 22% 14 41511 4053  6%
c - 2416.93 170 21 447 1551837 30038966 227850 24% 14 41511 4053  6%
c B 2420.70 102 20 447 1555191 30135494 304481 25% 13 41511 4053  6%
c - 2422.92 121 19 448 1555816 30173366 222521 26% 13 41511 4053  6%
c - 2431.71 121 22 449 1573354 30308066 230000 23% 14 41511 4053  6%
c W 2436.59 121 22 449 1577798 30381496 288490 23% 14 41511 4053  6%
c - 2440.15 123 22 450 1580384 30443066 229913 21% 14 41511 4053  6%
c d 2445.57 123 22 450 1586483 30525114 297695 22% 14 41511 4052  6%
c p 2445.72 123 22 450 1586483 30525114 301103 22% 14 41511 4052  6%
c - 2449.95 125 22 451 1588741 30578366 236324 26% 13 41511 4052  6%
c s 2453.23 125 22 451 1589753 30602914 257293 25% 13 41509 4052  6%
c 
c   seconds     reductions            redundant    irredundant
c            MB        restarts               trail      variables
c             level           conflicts           glue        remaining
c 
c w 2453.67 125 22 451 1589753 30602914 257270 25% 13 41509 4052  6%
c s 2453.89 125 22 451 1589753 30602914 257170 25% 13 41509 4052  6%
c F 2454.99 125 21 451 1590054 30628498 277821 24% 13 41509 4052  6%
c - 2457.72 125 19 452 1591699 30713966 235691 24% 12 41509 4052  6%
c - 2463.82 146 19 453 1605992 30849866 237476 23% 12 41509 4052  6%
c B 2464.83 146 19 453 1606288 30876501 260047 24% 12 41509 4052  6%
c - 2474.71 171 22 454 1619037 30986067 242691 23% 13 41509 4052  6%
c p 2478.79 171 21 454 1626561 31080114 320262 23% 13 41509 4052  6%
c - 2480.20 106 20 455 1630115 31122569 230636 22% 14 41509 4052  6%
c W 2481.23 106 20 455 1630229 31125504 232903 22% 14 41509 4052  6%
c s 2488.81 106 23 455 1635366 31213838 307192 24% 13 41505 4052  6%
c v 2488.99 106 23 455 1635366 31213838 307192 24% 13 41504 4052  6%
c w 2489.19 106 23 455 1635366 31213838 307184 24% 13 41504 4052  6%
c t 2489.19 106 23 455 1635366 31213838 307183 24% 13 41504 4052  6%
c e 2489.21 106 23 455 1635366 31213838 307038 24% 13 41532 4050  6%
c s 2489.26 106 23 455 1635366 31213838 307038 24% 13 41532 4050  6%
c - 2491.46 128 22 456 1636089 31259369 235027 25% 13 41532 4050  6%
c # 2496.73 128 21 456 1649430 31375506 325005 22% 14 41532 4050  6%
c - 2497.93 128 22 457 1650924 31396469 231195 22% 14 41532 4050  6%
c - 2503.35 128 19 458 1657106 31533870 226689 22% 13 41532 4050  6%
c 
c   seconds     reductions            redundant    irredundant
c            MB        restarts               trail      variables
c             level           conflicts           glue        remaining
c 
c B 2507.57 128 20 458 1664785 31626508 300631 22% 14 41532 4050  6%
c 3 2508.52 128 20 458 1665008 31640114 314149 22% 13 41532 4050  6%
c p 2508.66 128 20 458 1665008 31640114 316165 22% 13 41532 4050  6%
c - 2510.97 128 20 459 1665994 31671572 233287 21% 13 41532 4050  6%
c - 2518.52 128 19 460 1679007 31809573 237189 24% 13 41532 4050  6%
c s 2519.86 128 19 460 1679853 31831754 251859 22% 13 41529 4050  6%
c v 2520.02 128 19 460 1679853 31831754 251859 22% 13 41527 4050  6%
c w 2520.16 128 19 460 1679853 31831754 251843 22% 13 41527 4050  6%
c s 2520.33 128 19 460 1679853 31831754 251788 22% 13 41527 4050  6%
c W 2524.22 128 21 460 1685875 31878509 290112 22% 14 41527 4050  6%
c - 2528.57 128 21 461 1688725 31947873 238993 22% 13 41527 4050  6%
c - 2536.90 128 21 462 1698427 32086473 234461 22% 13 41527 4050  6%
c F 2539.13 128 21 462 1702746 32131510 271938 22% 13 41527 4050  6%
c p 2546.03 128 22 462 1708837 32205114 338508 23% 13 41527 4050  6%
c - 2547.66 128 21 463 1709377 32225379 242612 24% 13 41527 4050  6%
c - 2558.98 145 22 464 1724863 32364580 245433 22% 13 41527 4050  6%
c B 2559.91 145 22 464 1726076 32385512 262684 22% 13 41527 4050  6%
c s 2567.78 145 22 464 1729295 32456353 318227 23% 13 41512 4050  6%
c v 2567.99 145 22 464 1729295 32456353 318227 23% 13 41456 4050  6%
c w 2568.17 145 22 464 1729295 32456353 318200 23% 13 41456 4050  6%
c 
c   seconds     reductions            redundant    irredundant
c            MB        restarts               trail      variables
c             level           conflicts           glue        remaining
c 
c s 2568.46 145 22 464 1729295 32456353 317632 23% 13 41453 4050  6%
c - 2571.66 145 20 465 1731276 32504080 244544 22% 12 41453 4050  6%
c W 2580.98 145 22 465 1745552 32640514 354960 23% 13 41453 4050  6%
c - 2581.34 145 22 466 1745580 32643880 242982 23% 13 41453 4050  6%
c } 2590.66 145 21 466 1752464 32767013 347677 22% 13 41453 4050  6%
c [ 2590.66 145 71 466 1752464 32767013 347677 51% 50 41453 4050  6%
c 3 2591.00 145 68 466 1752464 32775115 355769 48% 47 41453 4050  6%
c 3 2591.00 145 68 466 1752464 32775115 356372 48% 47 41453 4050  6%
c p 2591.19 145 68 466 1752464 32775115 357732 48% 47 41453 4050  6%
c - 2592.29 150 69 467 1752464 32783982 250039 48% 47 41453 4050  6%
c B 2606.74 150 78 467 1752464 32896517 355075 47% 50 41453 4050  6%
c - 2610.80 210 79 468 1752464 32924384 262549 48% 50 41453 4050  6%
c - 2635.84 216 82 469 1752464 33065084 261511 51% 55 41453 4050  6%
c s 2641.58 216 82 469 1752464 33087188 281858 51% 56 41445 4050  6%
c v 2641.81 216 82 469 1752464 33087188 281858 51% 56 41435 4050  6%
c w 2642.03 216 82 469 1752464 33087188 281855 51% 56 41435 4050  6%
c s 2642.16 216 82 469 1752464 33087188 281854 51% 56 41435 4050  6%
c W 2654.42 216 79 469 1752464 33153518 344175 52% 55 41435 4050  6%
c - 2665.49 217 80 470 1752464 33206085 270086 53% 57 41435 4050  6%
c - 2696.44 213 78 471 1752464 33347385 267623 53% 58 41435 4050  6%
c 
c   seconds     reductions            redundant    irredundant
c            MB        restarts               trail      variables
c             level           conflicts           glue        remaining
c 
c 3 2697.05 213 78 471 1752464 33350115 272261 53% 58 41435 4050  6%
c p 2697.20 213 78 471 1752464 33350115 273751 53% 58 41435 4050  6%
c O 2710.25 213 74 471 1752464 33411519 329327 54% 58 41435 4050  6%
c - 2717.21 202 55 472 1752464 33488985 266757 43% 40 41435 4050  6%
c - 2733.98 208 50 473 1752495 33630886 257514 41% 35 41435 4050  6%
c B 2739.01 208 54 473 1752514 33670520 294448 45% 37 41435 4050  6%
c - 2743.84 150 35 474 1752542 33773088 242529 30% 25 41435 4050  6%
c - 2759.41 195 54 475 1752590 33915589 245828 43% 36 41435 4050  6%
c 3 2761.75 195 55 475 1752590 33930115 260800 44% 37 41435 4050  6%
c 3 2761.76 195 55 475 1752590 33930115 261449 44% 37 41435 4050  6%
c p 2761.91 195 55 475 1752590 33930115 262906 44% 37 41435 4050  6%
c W 2763.04 195 55 475 1752590 33930522 263270 44% 37 41435 4050  6%
c - 2783.66 203 56 476 1752613 34058389 250696 49% 42 41435 4050  6%
c I 2808.55 203 57 476 1752654 34191523 366588 51% 45 41435 4050  6%
c - 2809.99 208 58 477 1752654 34201489 263505 50% 45 41435 4050  6%
c - 2834.92 199 56 478 1752710 34344889 248488 53% 45 41435 4050  6%
c B 2857.80 199 52 478 1752718 34453525 333105 53% 44 41435 4050  6%
c - 2863.62 199 56 479 1752719 34488591 250383 53% 45 41435 4050  6%
c 3 2867.46 199 59 479 1752719 34515115 277292 53% 46 41435 4050  6%
c p 2867.60 199 59 479 1752719 34515115 278779 53% 46 41435 4050  6%
c 
c   seconds     reductions            redundant    irredundant
c            MB        restarts               trail      variables
c             level           conflicts           glue        remaining
c 
c - 2891.27 221 65 480 1752732 34632592 265504 55% 51 41435 4050  6%
c W 2908.14 221 65 480 1752764 34716526 335862 54% 54 41435 4050  6%
c - 2923.16 211 63 481 1752781 34776892 259553 54% 52 41435 4050  6%
c - 2947.45 206 65 482 1752828 34921494 265730 52% 49 41435 4050  6%
c O 2957.66 206 65 482 1752845 34980527 316655 51% 49 41435 4050  6%
c - 2965.72 198 48 483 1752846 35066394 268303 37% 34 41435 4050  6%
c 3 2969.58 198 51 483 1752861 35105116 306021 40% 33 41435 4050  6%
c 3 2969.59 198 51 483 1752861 35105116 306617 40% 33 41435 4050  6%
c p 2969.74 198 51 483 1752861 35105116 308090 40% 33 41435 4050  6%
c - 2985.00 215 61 484 1752904 35211594 268821 49% 41 41435 4050  6%
c B 2991.67 215 60 484 1752909 35245529 300682 50% 42 41435 4050  6%
c s 2999.66 215 71 484 1752924 35303043 354662 50% 45 41434 4050  6%
c v 2999.94 215 71 484 1752924 35303043 354662 50% 45 41418 4050  6%
c w 3000.92 215 71 484 1752924 35303043 354615 50% 45 41418 4050  6%
c s 3001.17 215 71 484 1752924 35303043 354536 50% 45 41418 4050  6%
c - 3008.76 217 71 485 1752940 35357094 278570 51% 45 41418 4050  6%
c - 3037.71 214 74 486 1752973 35502894 268802 54% 55 41418 4050  6%
c W 3040.76 214 73 486 1752973 35511532 276368 54% 55 41418 4050  6%
c - 3075.82 214 67 487 1752974 35648994 269428 54% 55 41418 4050  6%
c d 3088.22 214 64 487 1752975 35700117 311945 54% 54 41418 4049  6%
c 
c   seconds     reductions            redundant    irredundant
c            MB        restarts               trail      variables
c             level           conflicts           glue        remaining
c 
c 3 3088.25 214 64 487 1752975 35700117 314172 54% 54 41418 4049  6%
c p 3088.43 214 64 487 1752975 35700117 315674 54% 54 41418 4049  6%
c I 3109.05 214 61 487 1752975 35778534 381001 54% 51 41418 4049  6%
c - 3110.44 211 61 488 1752975 35795398 270133 51% 48 41418 4049  6%
c - 3131.13 215 63 489 1752976 35942099 268593 49% 48 41418 4049  6%
c s 3132.85 215 63 489 1752980 35947063 272929 50% 48 41418 4049  6%
c w 3133.33 215 63 489 1752980 35947063 272898 50% 48 41418 4049  6%
c s 3133.60 215 63 489 1752980 35947063 272700 50% 48 41418 4049  6%
c B 3148.84 215 70 489 1753020 36046535 357785 50% 55 41418 4049  6%
c - 3157.02 211 71 490 1753036 36089100 263802 51% 56 41418 4049  6%
c - 3189.10 218 73 491 1753077 36236400 266593 52% 57 41418 4049  6%
c p 3200.94 218 74 491 1753100 36300119 326021 51% 56 41418 4049  6%
c W 3205.22 218 75 491 1753101 36315537 339789 52% 56 41418 4049  6%
c - 3220.29 215 75 492 1753102 36384001 267338 53% 58 41418 4049  6%
c - 3257.31 216 75 493 1753155 36531901 267751 54% 60 41418 4049  6%
c O 3264.78 216 75 493 1753165 36585538 315373 52% 56 41418 4049  6%
c - 3272.82 198 53 494 1753196 36680102 268310 36% 38 41418 4049  6%
c - 3289.90 195 42 495 1753229 36828604 263197 30% 32 41418 4049  6%
c B 3294.41 195 40 495 1753229 36856540 287669 29% 31 41418 4049  6%
c 3 3299.94 195 66 495 1753230 36905120 336024 36% 42 41418 4049  6%
c 
c   seconds     reductions            redundant    irredundant
c            MB        restarts               trail      variables
c             level           conflicts           glue        remaining
c 
c p 3300.16 195 66 495 1753230 36905120 337524 36% 42 41418 4049  6%
c - 3310.80 211 75 496 1753230 36977404 275608 41% 49 41418 4049  6%
c - 3336.89 213 79 497 1753282 37126509 280135 46% 54 41418 4049  6%
c W 3338.31 213 79 497 1753283 37128541 281938 46% 54 41418 4049  6%
c - 3361.61 212 80 498 1753324 37275909 272338 50% 56 41418 4049  6%
c I 3385.98 212 80 498 1753356 37401544 384474 54% 60 41418 4049  6%
c - 3389.52 219 80 499 1753357 37425609 279292 52% 57 41418 4049  6%
c p 3403.54 219 81 499 1753379 37515124 363071 51% 56 41418 4049  6%
c - 3414.50 207 78 500 1753402 37575610 271600 51% 55 41418 4049  6%
c B 3429.72 207 74 500 1753426 37675545 363760 46% 51 41418 4049  6%
c - 3436.54 206 71 501 1753449 37725910 276855 46% 44 41418 4049  6%
c - 3459.53 206 64 502 1753484 37876510 273512 48% 42 41418 4049  6%
c W 3474.88 206 65 502 1753485 37950550 340338 51% 46 41418 4049  6%
c - 3490.16 213 64 503 1753485 38027411 275177 53% 46 41418 4049  6%
c p 3513.06 213 67 503 1753486 38130127 366553 54% 51 41418 4049  6%
c - 3526.14 214 65 504 1753486 38178611 279264 54% 50 41418 4049  6%
c O 3535.40 214 69 504 1753486 38226551 324318 54% 51 41418 4049  6%
c - 3549.02 216 54 505 1753486 38330112 290124 49% 38 41418 4049  6%
c - 3581.82 222 51 506 1753487 38481914 288162 50% 36 41418 4049  6%
c B 3585.80 222 51 506 1753487 38503553 308602 50% 36 41418 4049  6%
c 
c   seconds     reductions            redundant    irredundant
c            MB        restarts               trail      variables
c             level           conflicts           glue        remaining
c 
c - 3609.33 226 87 507 1753487 38634014 289695 53% 57 41418 4049  6%
c p 3635.14 226 94 507 1753487 38750127 403684 53% 64 41418 4049  6%
c W 3644.34 226 92 507 1753487 38781554 432819 53% 63 41418 4049  6%
c - 3645.58 231 92 508 1753487 38786414 300538 53% 63 41418 4049  6%
c - 3678.17 218 84 509 1753518 38939115 286272 53% 61 41418 4049  6%
c I 3707.09 218 72 509 1753550 39060556 398509 53% 54 41418 4049  6%
c - 3712.14 215 76 510 1753565 39092116 284888 52% 53 41418 4049  6%
c - 3735.00 209 66 511 1753613 39245416 281752 50% 42 41418 4049  6%
c s 3735.60 209 66 511 1753613 39245416 280838 50% 42 41418 4049  6%
c v 3735.86 209 66 511 1753613 39245416 280838 50% 42 41417 4049  6%
c w 3736.89 209 66 511 1753613 39245416 280774 50% 42 41417 4049  6%
c s 3737.13 209 66 511 1753613 39245416 280500 50% 42 41417 4049  6%
c B 3752.08 209 64 511 1753621 39340558 367008 51% 42 41417 4049  6%
c d 3756.67 209 62 511 1753636 39375128 399180 50% 40 41417 4048  6%
c 3 3756.70 209 62 511 1753636 39375128 401316 50% 40 41417 4048  6%
c p 3756.95 209 62 511 1753636 39375128 402764 50% 40 41417 4048  6%
c - 3760.39 209 64 512 1753645 39399016 283501 49% 41 41417 4048  6%
c - 3786.46 216 70 513 1753691 39552917 283949 54% 48 41417 4048  6%
c W 3799.02 216 68 513 1753714 39621559 348670 55% 46 41417 4048  6%
c - 3811.36 211 58 514 1753740 39707117 286257 51% 40 41417 4048  6%
c 
c   seconds     reductions            redundant    irredundant
c            MB        restarts               trail      variables
c             level           conflicts           glue        remaining
c 
c - 3839.45 209 52 515 1753742 39861618 283910 51% 38 41417 4048  6%
c s 3847.80 209 51 515 1753742 39902916 317777 51% 39 41414 4048  6%
c w 3848.39 209 51 515 1753742 39902916 317754 51% 39 41414 4048  6%
c s 3848.63 209 51 515 1753742 39902916 317685 51% 39 41414 4048  6%
c O 3848.85 209 51 515 1753742 39903560 318282 51% 39 41414 4048  6%
c p 3862.68 209 61 515 1753773 40005129 416382 50% 42 41414 4048  6%
c - 3864.41 211 62 516 1753776 40016419 289973 50% 42 41414 4048  6%
c - 3892.92 212 70 517 1753827 40171520 284307 51% 51 41414 4048  6%
c B 3895.20 212 71 517 1753834 40186561 298494 51% 50 41414 4048  6%
c - 3916.95 208 60 518 1753868 40326920 280022 50% 44 41414 4048  6%
c W 3944.16 208 60 518 1753900 40470562 404729 49% 44 41414 4048  6%
c - 3946.72 210 59 519 1753903 40482620 282539 49% 43 41414 4048  6%
c - 3971.93 215 61 520 1753954 40638620 287496 50% 41 41414 4048  6%
c p 3972.37 215 60 520 1753954 40640130 292462 50% 41 41414 4048  6%
c I 3994.75 215 57 520 1753994 40755564 395637 52% 41 41414 4048  6%
c - 4000.80 220 66 521 1753995 40794920 289047 52% 41 41414 4048  6%
c - 4025.84 231 75 522 1753997 40951522 292919 51% 46 41414 4048  6%
c B 4044.61 231 78 522 1753998 41041565 379611 52% 47 41414 4048  6%
c - 4055.23 226 73 523 1753998 41108422 302782 49% 46 41414 4048  6%
c - 4087.91 214 73 524 1754002 41265623 296649 49% 51 41414 4048  6%
c 
c   seconds     reductions            redundant    irredundant
c            MB        restarts               trail      variables
c             level           conflicts           glue        remaining
c 
c p 4090.88 214 72 524 1754011 41280131 313004 49% 51 41414 4048  6%
c W 4100.80 214 64 524 1754029 41328568 355462 48% 46 41414 4048  6%
c - 4116.03 204 61 525 1754060 41423124 289863 48% 42 41414 4048  6%
c - 4138.71 210 66 526 1754111 41580925 297360 48% 39 41414 4048  6%
c O 4143.60 210 65 526 1754123 41616569 331325 48% 39 41414 4048  6%
c - 4160.70 210 63 527 1754133 41739027 298904 46% 36 41414 4048  6%
c - 4193.65 218 71 528 1754188 41897427 301409 49% 46 41414 4048  6%
c B 4195.86 218 71 528 1754188 41905571 308297 49% 47 41414 4048  6%
c p 4198.49 218 69 528 1754188 41925131 330419 48% 44 41414 4048  6%
c - 4219.41 213 63 529 1754243 42056130 293163 49% 45 41414 4048  6%
c W 4252.79 213 65 529 1754253 42195572 414637 49% 50 41414 4048  6%
c - 4258.74 211 65 530 1754253 42215131 292457 49% 50 41414 4048  6%
c - 4302.18 214 64 531 1754279 42374433 297537 52% 49 41414 4048  6%
c I 4337.09 214 63 531 1754315 42486574 388040 50% 51 41414 4048  6%
c - 4344.04 212 68 532 1754323 42534036 300220 49% 50 41414 4048  6%
c p 4350.25 212 71 532 1754343 42575131 340747 50% 52 41414 4048  6%
c - 4369.71 220 73 533 1754379 42693937 296618 51% 49 41414 4048  6%
c B 4390.44 220 77 533 1754380 42778575 377673 52% 55 41414 4048  6%
c - 4398.47 220 69 534 1754410 42854137 304577 45% 42 41414 4048  6%
c - 4423.06 207 58 535 1754458 43014640 302975 38% 37 41414 4048  6%
c 
c   seconds     reductions            redundant    irredundant
c            MB        restarts               trail      variables
c             level           conflicts           glue        remaining
c 
c W 4431.05 207 67 535 1754475 43071577 357041 42% 42 41414 4048  6%
c - 4440.94 202 58 536 1754506 43175440 300007 38% 34 41414 4048  6%
c p 4447.14 202 52 536 1754507 43230131 356216 43% 30 41414 4048  6%
c - 4462.87 213 59 537 1754508 43336540 303019 46% 36 41414 4048  6%
c s 4463.50 213 59 537 1754508 43336540 302312 46% 36 41414 4048  6%
c w 4465.59 213 59 537 1754508 43336540 302239 46% 36 41414 4048  6%
c O 4468.98 213 58 537 1754508 43365585 329726 45% 35 41414 4048  6%
c - 4481.99 190 37 538 1754509 43497941 294938 30% 26 41414 4048  6%
c - 4498.16 188 30 539 1754510 43659643 302648 24% 23 41414 4048  6%
c B 4498.32 188 30 539 1754510 43660586 303457 24% 23 41414 4048  6%
c - 4528.00 230 64 540 1754510 43821645 302825 48% 41 41414 4048  6%
c p 4543.53 230 66 540 1754510 43890132 371886 50% 42 41414 4048  6%
c W 4558.08 230 71 540 1754510 43956588 434614 51% 47 41414 4048  6%
c - 4565.06 224 71 541 1754510 43983946 310530 50% 47 41414 4048  6%
c - 4599.99 216 69 542 1754510 44146547 309079 49% 47 41414 4048  6%
c I 4621.96 216 69 542 1754511 44253589 409788 50% 49 41414 4048  6%
c - 4628.96 221 75 543 1754511 44309448 310780 49% 47 41414 4048  6%
c - 4650.64 215 79 544 1754511 44472648 306722 48% 49 41414 4048  6%
c B 4665.29 215 82 544 1754511 44551590 381102 50% 53 41414 4048  6%
c p 4666.11 215 82 544 1754511 44555133 388006 50% 53 41414 4048  6%
c 
c   seconds     reductions            redundant    irredundant
c            MB        restarts               trail      variables
c             level           conflicts           glue        remaining
c 
c - 4677.98 219 75 545 1754511 44636148 306649 49% 49 41414 4048  6%
c - 4708.73 207 64 546 1754511 44799948 301854 48% 44 41414 4048  6%
c W 4717.06 207 63 546 1754511 44850591 346993 49% 44 41414 4048  6%
c - 4735.57 215 63 547 1754511 44964050 301448 52% 44 41414 4048  6%
c - 4773.79 223 64 548 1754511 45128450 310366 53% 47 41414 4048  6%
c O 4777.83 223 65 548 1754511 45150592 330942 54% 47 41414 4048  6%
c p 4786.42 223 56 548 1754511 45225133 403297 41% 38 41414 4048  6%
c - 4796.06 201 49 549 1754512 45293151 304604 31% 34 41414 4048  6%
c B 4813.33 201 66 549 1754512 45451594 451306 38% 41 41414 4048  6%
c - 4814.35 213 67 550 1754512 45458152 308247 39% 41 41414 4048  6%
c - 4843.90 228 76 551 1754512 45623453 308557 47% 48 41414 4048  6%
c W 4874.66 228 77 551 1754512 45753595 432881 47% 47 41414 4048  6%
c - 4880.83 225 77 552 1754512 45789053 322603 45% 46 41414 4048  6%
c p 4898.21 225 78 552 1754512 45900134 431163 44% 48 41414 4048  6%
c - 4908.70 215 76 553 1754512 45954955 316516 44% 50 41414 4048  6%
c I 4930.64 215 71 553 1754512 46056596 411883 45% 52 41414 4048  6%
c - 4941.78 220 74 554 1754512 46121155 314609 46% 53 41414 4048  6%
c - 4978.43 224 73 555 1754512 46287658 311638 48% 58 41414 4048  6%
c B 4993.17 224 74 555 1754512 46360597 376868 49% 57 41414 4048  6%
c - 5010.49 221 70 556 1754512 46454459 318989 46% 53 41414 4048  6%
c 
c   seconds     reductions            redundant    irredundant
c            MB        restarts               trail      variables
c             level           conflicts           glue        remaining
c 
c p 5037.38 221 68 556 1754512 46580134 437902 46% 51 41414 4048  6%
c - 5045.69 223 71 557 1754512 46621559 318910 48% 53 41414 4048  6%
c W 5054.71 223 72 557 1754512 46665602 359476 48% 52 41414 4048  6%
c - 5080.95 228 72 558 1754512 46788960 315832 52% 52 41414 4048  6%
c s 5081.14 228 72 558 1754512 46788960 315777 52% 52 41414 4048  6%
c w 5083.05 228 72 558 1754512 46788960 315663 52% 52 41414 4048  6%
c - 5119.12 226 76 559 1754512 46956661 313158 52% 56 41414 4048  6%
c O 5121.79 226 76 559 1754512 46971608 326961 52% 56 41414 4048  6%
c - 5139.48 212 57 560 1754512 47124661 319763 44% 36 41414 4048  6%
c p 5171.11 212 58 560 1754512 47265134 456423 48% 37 41414 4048  6%
c B 5174.07 212 59 560 1754512 47278613 469150 49% 38 41414 4048  6%
c - 5176.34 225 63 561 1754512 47292963 325001 49% 41 41414 4048  6%
c s 5205.13 225 77 561 1754546 47458807 480398 52% 51 41413 4048  6%
c - 5205.92 226 77 562 1754548 47461564 318376 52% 51 41413 4048  6%
c W 5229.46 226 66 562 1754584 47586614 429115 54% 48 41413 4048  6%
c - 5239.17 214 62 563 1754604 47630466 303487 53% 46 41413 4048  6%
c - 5274.88 216 60 564 1754639 47799666 309491 53% 47 41413 4048  6%
c I 5294.57 216 60 564 1754668 47895616 390364 54% 47 41413 4048  6%
c p 5303.28 216 60 564 1754685 47955134 449628 51% 43 41413 4048  6%
c - 5305.82 215 59 565 1754694 47969168 317209 51% 42 41413 4048  6%
c 
c   seconds     reductions            redundant    irredundant
c            MB        restarts               trail      variables
c             level           conflicts           glue        remaining
c 
c s 5337.79 215 57 565 1754740 48129770 458300 49% 42 41411 4048  6%
c v 5338.10 215 57 565 1754740 48129770 458300 49% 42 41408 4048  6%
c w 5339.42 215 57 565 1754740 48129770 458216 49% 42 41408 4048  6%
c s 5340.19 215 57 565 1754740 48129770 457872 49% 42 41408 4048  6%
c - 5342.34 214 57 566 1754744 48138968 311596 49% 42 41408 4048  6%
c B 5354.35 214 58 566 1754765 48205617 372553 51% 42 41408 4048  6%
c - 5372.36 223 69 567 1754767 48309069 319056 52% 44 41408 4048  6%
c - 5410.27 235 76 568 1754789 48479470 330743 55% 53 41408 4048  6%
c W 5417.92 235 78 568 1754798 48516618 364041 55% 54 41408 4048  6%
c p 5453.17 235 74 568 1754838 48650138 480964 54% 55 41408 4048  6%
c - 5453.46 220 74 569 1754838 48650171 311134 54% 55 41408 4048  6%
c - 5499.85 223 74 570 1754893 48821171 313685 55% 56 41408 4048  6%
c O 5501.68 223 74 570 1754893 48828619 320074 55% 56 41408 4048  6%
c - 5516.43 207 54 571 1754931 48992471 305756 41% 36 41408 4048  6%
c s 5530.00 207 67 571 1754957 49080892 387281 48% 46 41407 4048  6%
c w 5530.94 207 67 571 1754957 49080892 387200 48% 46 41407 4048  6%
c s 5531.74 207 67 571 1754957 49080892 386931 48% 46 41407 4048  6%
c B 5541.07 207 71 571 1754978 49141620 443892 50% 47 41407 4048  6%
c - 5544.82 224 72 572 1754987 49164071 316223 51% 48 41407 4048  6%
c - 5582.47 235 64 573 1755021 49335971 317393 55% 48 41407 4048  6%
c 
c   seconds     reductions            redundant    irredundant
c            MB        restarts               trail      variables
c             level           conflicts           glue        remaining
c 
c p 5585.28 235 65 573 1755021 49350138 334694 55% 48 41407 4048  6%
c W 5609.66 235 67 573 1755022 49455622 432969 55% 51 41407 4048  6%
c - 5617.81 229 70 574 1755023 49508172 323686 53% 48 41407 4048  6%
c - 5649.61 220 69 575 1755023 49680672 324271 50% 46 41407 4048  6%
c I 5665.91 220 68 575 1755027 49770623 407800 50% 48 41407 4048  6%
c - 5677.77 220 72 576 1755058 49853472 330631 48% 50 41407 4048  6%
c - 5711.88 226 69 577 1755116 50026572 319674 52% 51 41407 4048  6%
c p 5718.62 226 69 577 1755122 50055138 347366 53% 52 41407 4048  6%
c B 5726.03 226 68 577 1755136 50086624 373411 53% 52 41407 4048  6%
c - 5745.29 230 72 578 1755150 50199972 325382 53% 51 41407 4048  6%
c - 5783.73 231 73 579 1755211 50373674 328947 53% 53 41407 4048  6%
c s 5788.34 231 72 579 1755212 50397233 349081 53% 54 41407 4048  6%
c v 5788.62 231 72 579 1755212 50397233 349081 53% 54 41406 4048  6%
c w 5789.77 231 72 579 1755212 50397233 349024 53% 54 41406 4048  6%
c s 5790.44 231 72 579 1755212 50397233 348768 53% 54 41406 4048  6%
c W 5792.77 231 73 579 1755213 50403627 354340 53% 54 41406 4048  6%
c - 5817.41 215 66 580 1755259 50547674 317046 49% 48 41406 4048  6%
c O 5854.53 215 56 580 1755278 50721628 461753 50% 43 41406 4048  6%
c - 5854.83 212 56 581 1755278 50721974 307876 50% 43 41406 4048  6%
c p 5861.20 212 53 581 1755278 50765141 351863 47% 38 41406 4048  6%
c 
c   seconds     reductions            redundant    irredundant
c            MB        restarts               trail      variables
c             level           conflicts           glue        remaining
c 
c - 5869.54 197 38 582 1755308 50896574 309409 35% 25 41406 4048  6%
c B 5878.05 197 30 582 1755348 51040629 430529 29% 22 41406 4048  6%
c - 5882.42 191 41 583 1755363 51071474 304388 33% 28 41406 4048  6%
c s 5884.48 191 46 583 1755371 51088273 320269 35% 31 41405 4048  6%
c w 5885.19 191 46 583 1755371 51088273 320249 35% 31 41405 4048  6%
c s 5885.90 191 46 583 1755371 51088273 320085 35% 31 41405 4048  6%
c - 5905.92 209 45 584 1755405 51246676 319505 36% 28 41405 4048  6%
c W 5922.25 209 49 584 1755435 51360630 424691 39% 32 41405 4048  6%
c - 5932.23 209 54 585 1755458 51422176 320275 41% 37 41405 4048  6%
c p 5942.65 209 57 585 1755468 51480142 373974 45% 42 41405 4048  6%
c - 5973.31 213 58 586 1755513 51597978 312700 49% 45 41405 4048  6%
c I 5993.18 213 57 586 1755531 51681634 379892 49% 45 41405 4048  6%
c - 6008.41 217 72 587 1755533 51774079 327703 49% 48 41405 4048  6%
c - 6043.54 224 76 588 1755534 51950480 335655 50% 51 41405 4048  6%
c B 6054.44 224 75 588 1755534 52003635 385852 50% 50 41405 4048  6%
c - 6080.12 234 70 589 1755534 52127181 342535 51% 48 41405 4048  6%
c p 6098.97 234 68 589 1755535 52200142 416137 52% 49 41405 4048  6%
c - 6119.76 232 72 590 1755535 52304181 346460 48% 48 41405 4048  6%
c W 6124.61 232 73 590 1755535 52326638 367630 49% 48 41405 4048  6%
c - 6157.12 218 65 591 1755535 52481482 335332 49% 45 41405 4048  6%
c 
c   seconds     reductions            redundant    irredundant
c            MB        restarts               trail      variables
c             level           conflicts           glue        remaining
c 
c O 6199.72 218 61 591 1755535 52650640 485256 50% 46 41405 4048  6%
c - 6201.35 222 58 592 1755535 52659082 335796 48% 43 41405 4048  6%
c - 6228.53 215 47 593 1755596 52836987 331041 44% 31 41405 4048  6%
c p 6243.36 215 48 593 1755616 52925142 417476 48% 31 41405 4048  6%
c B 6253.60 215 49 593 1755632 52975645 465622 49% 32 41405 4048  6%
c - 6259.58 227 57 594 1755651 53015187 340102 51% 37 41405 4048  6%
c - 6297.03 233 68 595 1755681 53193691 333195 52% 50 41405 4048  6%
c W 6322.64 233 70 595 1755723 53301648 426302 54% 53 41405 4048  6%
c - 6339.56 235 71 596 1755736 53372491 336047 55% 52 41405 4048  6%
c - 6376.69 226 70 597 1755788 53551592 328279 56% 52 41405 4048  6%
c I 6393.31 226 66 597 1755790 53628650 398498 56% 49 41405 4048  6%
c p 6397.17 226 65 597 1755790 53655145 427007 54% 47 41405 4048  6%
c - 6408.06 227 65 598 1755790 53730992 337243 50% 43 41405 4048  6%
c - 6437.89 215 60 599 1755852 53910693 335707 46% 42 41405 4048  6%
c B 6444.66 215 59 599 1755856 53956652 378074 46% 40 41405 4048  6%
c - 6470.70 236 65 600 1755912 54090693 336166 55% 48 41405 4048  6%
c - 6518.08 234 66 601 1755944 54270994 335715 56% 51 41405 4048  6%
c W 6522.10 234 65 601 1755947 54285654 348346 57% 51 41405 4048  6%
c p 6545.11 234 58 601 1755980 54390145 448793 56% 45 41405 4048  6%
c - 6561.24 234 56 602 1755995 54451595 334845 55% 43 41405 4048  6%
c 
c   seconds     reductions            redundant    irredundant
c            MB        restarts               trail      variables
c             level           conflicts           glue        remaining
c 
c O 6602.59 234 54 602 1756043 54615655 473492 55% 44 41405 4048  6%
c - 6605.94 235 56 603 1756044 54632495 336806 55% 44 41405 4048  6%
c s 6606.04 235 56 603 1756044 54632495 336805 55% 44 41405 4048  6%
c w 6609.36 235 56 603 1756044 54632495 336768 55% 44 41405 4048  6%
c - 6648.83 247 67 604 1756045 54813697 336285 53% 49 41405 4048  6%
c B 6688.09 247 69 604 1756046 54946657 462088 53% 49 41405 4048  6%
c - 6697.61 249 75 605 1756046 54995199 352556 53% 50 41405 4048  6%
c p 6726.78 249 79 605 1756069 55130145 482936 54% 54 41405 4048  6%
c - 6737.50 241 74 606 1756084 55176999 337977 55% 54 41405 4048  6%
c W 6762.04 241 68 606 1756109 55278659 422511 56% 54 41405 4048  6%
c - 6782.23 240 66 607 1756140 55359099 335399 57% 51 41405 4048  6%
c - 6835.79 242 68 608 1756173 55541499 337246 59% 53 41405 4048  6%
c I 6857.63 242 67 608 1756203 55611660 395496 58% 54 41405 4048  6%
c - 6875.63 235 65 609 1756236 55724200 344954 54% 45 41405 4048  6%
c ] 6891.27 235 59 609 1756265 55806474 418995 55% 43 41405 4048  6%
c ? 6891.27 235 59 609 1756265 55806474 418995 55% 43 41405 4048  6%
c 
c --- [ result ] -------------------------------------------------------------
c 
c UNKNOWN
c 
c --- [ run-time profiling ] -------------------------------------------------
c 
c process time taken by individual solving procedures
c (percentage relative to process time for solving)
c 
c      6784.82   98.46% search
c      5545.53   80.47% stable
c      1154.11   16.75% unstable
c       106.41    1.54% simplify
c        85.17    1.24% walk
c        45.68    0.66% subsume
c        37.46    0.54% vivify
c        12.73    0.18% probe
c         3.19    0.05% ternary
c         2.03    0.03% elim
c         0.04    0.00% parse
c         0.00    0.00% lucky
c   =================================
c      6891.22  100.00% solve
c 
c last line shows process time for solving
c (percentage relative to total process time)
c 
c --- [ statistics ] ---------------------------------------------------------
c 
c blocked:                       0         0.00 %  of irredundant clauses
c   blockings:                   0         0.00    internal
c   candidates:                  0         0.00    per blocking 
c   blockres:                    0         0.00    per candidate
c   pure:                        0         0.00 %  of all variables
c   pureclauses:                 0         0.00    per pure literal
c chronological:          10341852        18.53 %  of conflicts
c compacts:                      6   9301079.00    interval
c conflicts:              55806474      8098.19    per second
c   backtracked:          64823658       116.16 %  of conflicts
c conditioned:                   0         0.00 %  of irredundant clauses
c   conditionings:               0         0.00    interval
c   condcands:                   0         0.00    candidate clauses
c   condassinit:                 0.0       0.00 %  initial assigned
c   condcondinit:                0.0       0.00 %  initial condition
c   condautinit:                 0.0       0.00 %  initial autarky
c   condassrem:                  0.0       0.00 %  final assigned
c   condcondrem:                 0.000     0.00 %  final conditional
c   condautrem:                  0.000     0.00 %  final autarky
c   condprops:                   0         0.00    per candidate
c covered:                       0         0.00 %  of irredundant clauses
c   coverings:                   0         0.00    interval
c   asymmetric:                  0         0.00 %  of covered clauses
c   blocked:                     0         0.00 %  of covered clauses
c decisions:              92568083     13432.75    per second
c   searched:            271650667         2.93    per decision
c eliminated:                52152        82.52 %  of all variables
c   elimphases:                103    541810.43    interval
c   elimrounds:                168         1.63    per phase
c   elimtried:              110297        47.28 %  eliminated
c   elimgates:               26307        23.85 %  gates per tried
c   elimequivs:                135         0.51 %  equivalence gates
c   elimands:                26170        99.48 %  and gates
c   elimites:                    2         0.01 %  if-then-else gates
c   elimxors:                    0         0.00 %  xor gates
c   elimsubst:                1631         3.13 %  substituted
c   elimres:               1419712        27.22    per eliminated
c   elimrestried:          1322538        93.16 %  per resolution
c ext.prop. calls:               0         0.00 %  of queries
c   propagating:                 0         0.00 %  per eprop-call
c   explained:                   0         0.00 %  per eprop-call
c   falsified:                   0         0.00 %  per eprop-call
c ext.clause calls:              0         0.00 %  of queries
c   learned:                     0         0.00 %  per called
c   conflicting:                 0         0.00 %  per learned
c   propagating:                 0         0.00 %  per learned
c ext.final check:               0         0.00 %  of queries
c fixed:                      6713        10.62 %  of all variables
c   failed:                     71         0.11 %  of all variables
c   probefailed:                59        83.10 %  per failed
c   transredunits:              10        14.08 %  per failed
c   probingphases:             148    377070.77    interval
c   probesuccess:               51        34.46 %  phases
c   probingrounds:             148         1.00    per phase
c   probed:                 370144      5213.30    per failed
c   hbrs:                   361145         0.98    per probed
c   hbrsizes:              1442630         3.99    per hbr
c   hbreds:                 356882        98.82 %  per hbr
c   hbrsubs:                  1100         0.30 %  per hbr
c   units:                      43   1297824.98    interval
c   binaries:                 2559     21807.92    interval
c flushed:                       0         0.00 %  per conflict
c   hyper:                       0         0.00 %  per conflict
c   flushings:                   0         0.00    interval
c instantiated:                  0         0.00 %  of tried
c   instrounds:                  0         0.00 %  of elimrounds
c learned:                54778783        98.16 %  per conflict
c   bumped:             1541028332        28.13    per learned
c   recomputed:          302857376       552.87 %  per learned
c   promoted1:               99024         0.18 %  per learned
c   promoted2:              558915         1.02 %  per learned
c   improvedglue:         23177699        42.31 %  per learned
c lucky:                         0         0.00 %  of tried
c   constantzero                 0         0.00 %  of tried
c   constantone                  0         0.00 %  of tried
c   backwardone                  0         0.00 %  of tried
c   backwardzero                 0         0.00 %  of tried
c   forwardone                   0         0.00 %  of tried
c   forwardzero                  0         0.00 %  of tried
c   positivehorn                 0         0.00 %  of tried
c   negativehorn                 0         0.00 %  of tried
c   extendbytes:           3631420         3.46    bytes and MB
c learned_lits:         5858574766       100.00 %  learned literals
c minimized:                     0         0.00 %  learned literals
c shrunken:             1643644897        28.06 %  learned literals
c minishrunken:          802040476        13.69 %  learned literals
c otfs:                     168021         0.30 %  of conflict
c   subsumed                 10052         0.02 %  of conflict
c   strengthened            157969         0.28 %  of conflict
c propagations:        12798239201         1.86 M  per second
c   coverprops:                  0         0.00 %  of propagations
c   probeprops:            8901372         0.07 %  of propagations
c   searchprops:       11646347830        91.00 %  of propagations
c   transredprops:         1224971         0.01 %  of propagations
c   vivifyprops:         158555438         1.24 %  of propagations
c   walkprops:           983209590         7.68 %  of propagations
c reactivated:                   0         0.00 %  of all variables
c reduced:                47824334        85.70 %  per conflict
c   reductions:                609     91636.25    interval
c   collections:               618     90301.74    interval
c rephased:                    333    167587.01    interval
c   rephasedbest:              110        33.03 %  rephased best
c   rephasedflip:               26         7.81 %  rephased flipping
c   rephasedinv:                31         9.31 %  rephased inverted
c   rephasedorig:               31         9.31 %  rephased original
c   rephasedrand:               25         7.51 %  rephased random
c   rephasedwalk:              110        33.03 %  rephased walk
c rescored:                   4973     11221.89    interval
c restarts:                1756265        31.78    interval
c   reused:                1609047        91.62 %  per restart
c   reusedlevels:         18587469        39.57 %  per restart levels
c restored:                      0         0.00 %  per weakened
c   restorations:                0         0.00 %  per extension
c   literals:                    0         0.00    per restored clause
c stabilizing:                   8        60.86 %  of conflicts
c   restartstab:              5847         0.33 %  of all restarts
c   reusedstab:               5764        98.58 %  per stable restarts
c substituted:                 283         0.45 %  of all variables
c   decompositions:            438         2.96    per phase
c subsumed:                6315623         5.67 %  of all clauses
c   subsumephases:             105    531490.23    interval
c   subsumerounds:             208         1.98    per phase
c   deduplicated:               85         0.00 %  per subsumed
c   transreds:                 105    531490.23    interval
c   transitive:                676         0.01 %  per subsumed
c   subirr:                   9861         0.16 %  of subsumed
c   subred:                 130288         2.06 %  of subsumed
c   subtried:             16445218         2.60    tried per subsumed
c   subchecks:          6980541100       424.47    per tried
c   subchecks2:           65094189         0.93 %  per subcheck
c   elimotfsub:                  0         0.00 %  of subsumed
c   elimbwsub:                1515         0.02 %  of subsumed
c   eagersub:              6159168        97.52 %  of subsumed
c   eagertried:         1205132280       195.66    tried per eagersub
c strengthened:             506714         0.45 %  of all clauses
c   elimotfstr:               4115         0.81 %  of strengthened
c   elimbwstr:                 145         0.03 %  of strengthened
c ternary:                  335655         0.81 %  of resolved
c   phases:                    296    188535.39    interval
c   htr3:                   335484        99.95 %  ternary hyper ternres
c   htr2:                      171         0.05 %  binary hyper ternres
c vivified:                  25494         0.02 %  of all clauses
c   vivifications:             105    531490.23    interval
c   vivifychecks:          1944578         3.48 %  per conflict
c   vivifysched:          10463748        18.58 %  checks per scheduled
c   vivifyunits:                 0         0.00 %  per vivify check
c   vivifyinst:                778         0.04 %  per vivify check
c   vivifysubs:               6090         0.10 %  per subsumed
c   vivifystrs:              19404         3.83 %  per strengthened
c   vivifystrirr:             1371         7.07 %  per vivifystrs
c   vivifystred1:              557         2.87 %  per vivifystrs
c   vivifystred2:            10345        53.31 %  per vivifystrs
c   vivifystred3:             7131        36.75 %  per vivifystrs
c   vivifydecs:            9984111         5.13    per checks
c   vivifyreused:          3583981        35.90 %  per decision
c walked:                      110    507331.58    interval
c   flips:               101310291         1.19 M  per second
c   minimum:                    13         0.01 %  clauses
c   broken:             4509566549        44.51    per flip
c weakened:                 140065         3.48    average size
c   extensions:                  0         0.00    interval
c   flipped:                     0         0.00    per weakened
c 
c seconds are measured in process time for solving
c 
c --- [ resources ] ----------------------------------------------------------
c 
c total process time since initialization:      6891.27    seconds
c total real time since initialization:         6900.00    seconds
c maximum resident set size of process:          340.10    MB
c 
c --- [ shutting down ] ------------------------------------------------------
c 
c exit 0
