c --- [ banner ] -------------------------------------------------------------
c 
c CaDiCaL SAT Solver
c Copyright (c) 2016-2023 A. Biere, M. Fleury, N. Froleyks, K. Fazekas, F. Pollitt
c 
c Version 1.7.3
c g++-13.2.0
c Feb 11 2024 04:08:27
c 
c --- [ limit ] --------------------------------------------------------------
c 
c setting time limit to 6800 seconds real time (due to '-t 6800')
c 
c --- [ parsing input ] ------------------------------------------------------
c 
c reading DIMACS file from '/root/projects/maph/discovery/out/cover-23-6-2-wave3-20260807/222-triple.cnf'
c opening file to read '/root/projects/maph/discovery/out/cover-23-6-2-wave3-20260807/222-triple.cnf'
c found 'p cnf 65249 140098' header
c parsed 140098 clauses in 0.05 seconds process time
c closing file '/root/projects/maph/discovery/out/cover-23-6-2-wave3-20260807/222-triple.cnf'
c 
c --- [ options ] ------------------------------------------------------------
c 
c all options are set to their default value
c 
c --- [ solving ] ------------------------------------------------------------
c 
c time measured in process time since initialization
c 
c  seconds  reductions  redundant  irredundant
c         MB    restarts       trail       variables
c          level   conflicts       glue         remaining
c 
c *  0.05 28  0 0   0    0    0  0% 0 124288 57330 88%
c {  0.05 29  0 0   0    0    0  0% 0 124288 57330 88%
c i  0.05 29 25 0   0    8    4 22% 3 124288 56875 87%
c i  0.05 29 27 0   0   12    7 22% 3 124288 56873 87%
c i  0.07 30 37 0  28  228  193 20% 4 124288 56822 87%
c i  0.07 30 37 0  28  230  194 20% 4 124288 56786 87%
c -  0.08 30 41 1  29  300  253 21% 4 115137 56781 87%
c i  0.11 30 43 1  74  796  647 21% 4 115137 56657 87%
c -  0.14 35 42 2 114  937  742 21% 5 114771 56657 87%
c }  0.14 35 41 2 128 1000  795 21% 6 114771 56657 87%
c [  0.14 35  0 2 128 1000  795  0% 0 114771 56657 87%
c O  0.14 35 47 2 128 1003  798 25% 13 114771 56657 87%
c -  0.20 35 54 3 128 1890 1484 29% 16 114771 56657 87%
c i  0.25 35 58 3 129 2070 1653 12% 17 114771 56656 87%
c s  0.29 40 64 3 129 2233 1767 15% 18 110591 56656 87%
c v  0.32 40 64 3 129 2233 1767 15% 18 110589 56656 87%
c w  0.32 40 64 3 129 2233 1767 15% 18 110589 56656 87%
c t  0.33 40 64 3 129 2233 1755 15% 18 110144 56262 86%
c e  0.41 41 64 3 129 2233  150 15% 18 33748 7851 12%
c s  0.43 44 64 3 129 2233  139 15% 18 33544 7851 12%
c 
c  seconds  reductions  redundant   irredundant
c         MB    restarts       trail      variables
c          level   conflicts       glue        remaining
c 
c e  0.43 44 64 3 129 2233  139 15% 18 33535 7823 12%
c ]  0.46 44 68 3 129 3000  870  7% 16 33535 7823 12%
c {  0.46 44 41 3 129 3000  870 24% 6 33535 7823 12%
c F  0.46 44 41 3 131 3012  876 24% 6 33535 7823 12%
c i  0.46 44 41 3 141 3052  911 23% 6 33535 7787 12%
c i  0.46 44 41 3 141 3053  911 23% 6 33535 7768 12%
c -  0.47 38 43 4 165 3161  980 21% 6 33272 7768 12%
c -  0.50 38 32 5 503 4661 1663 11% 9 33272 7768 12%
c 3  0.52 40 31 5 503 5000 9807 10% 9 33272 7768 12%
c 3  0.52 40 31 5 503 5000 10031 10% 9 33272 7768 12%
c 2  0.53 40 31 5 503 5000 10030 10% 9 33267 7768 12%
c p  0.55 40 31 5 503 5000 18195 10% 9 33267 7724 12%
c #  0.58 40 33 5 690 6013 19040  8% 10 33267 7724 12%
c -  0.62 40 35 6 722 6461 2727 26% 10 33049 7724 12%
c }  0.63 40 34 6 738 7001 3147 18% 10 33049 7724 12%
c [  0.63 40 68 6 738 7001 3147 51% 16 33049 7724 12%
c -  0.69 40 59 7 739 8561 3076 40% 18 33049 7724 12%
c I  0.75 40 59 7 740 10014 4483 42% 21 33049 7724 12%
c s  0.78 40 63 7 741 10634 4971 41% 22 32212 7724 12%
c v  0.79 40 63 7 741 10634 4971 41% 22 32201 7724 12%
c 
c  seconds  reductions   redundant   irredundant
c         MB    restarts        trail      variables
c          level    conflicts       glue        remaining
c 
c w  0.79 40 63 7 741 10634 4969 41% 22 32201 7724 12%
c t  0.79 40 63 7 741 10634 4965 41% 22 32147 7724 12%
c e  0.80 40 63 7 741 10634 4026 41% 22 31786 7445 11%
c s  0.80 40 63 7 741 10634 4016 41% 22 31737 7445 11%
c e  0.81 40 63 7 741 10634 4009 41% 22 31732 7443 11%
c -  0.82 40 64 8 741 10962 3080 41% 22 31732 7443 11%
c -  0.92 40 73 9 743 13665 3792 39% 30 31732 7443 11%
c ]  0.96 40 73 9 743 15002 5022 37% 31 31732 7443 11%
c {  0.96 40 34 9 743 15002 5022 18% 10 31732 7443 11%
c 3  0.97 40 34 9 743 15002 10968 18% 10 31732 7443 11%
c 2  0.98 40 34 9 743 15002 12019 18% 10 31732 7443 11%
c p  1.00 40 34 9 743 15002 19298 18% 10 31732 7419 11%
c B  1.01 40 34 9 743 15017 19310 18% 10 31732 7419 11%
c -  1.05 40 35 10 880 16666 4550 20% 9 31564 7419 11%
c -  1.12 40 32 11 993 19966 4749 19% 9 31564 7419 11%
c W  1.15 40 31 11 1132 21019 5678 19% 9 31564 7419 11%
c s  1.21 40 30 11 1294 23186 6752 19% 9 31471 7419 11%
c v  1.22 40 30 11 1294 23186 6752 19% 9 31206 7419 11%
c w  1.23 40 30 11 1294 23186 6749 19% 9 31206 7419 11%
c t  1.23 40 30 11 1294 23186 6745 19% 9 31190 7419 11%
c 
c  seconds  reductions     redundant  irredundant
c         MB     restarts         trail     variables
c          level      conflicts       glue       remaining
c 
c e  1.23 40 30 11 1294 23186 6071 19% 9 31092 7331 11%
c s  1.24 40 30 11 1294 23186 5937 19% 9 31074 7331 11%
c -  1.25 40 30 12 1301 23566 4815 18% 9 31073 7331 11%
c i  1.27 40 30 12 1361 24058 5209 18% 9 31073 7330 11%
c -  1.34 40 30 13 1827 27467 5360 17% 9 31070 7330 11%
c F  1.36 40 30 13 1892 28020 5772 17% 9 31070 7330 11%
c d  1.40 40 30 13 2199 30002 7365 17% 10 31070 7329 11%
c 3  1.41 40 30 13 2199 30002 10172 17% 10 31070 7329 11%
c 3  1.41 40 30 13 2199 30002 10919 17% 10 31070 7329 11%
c 2  1.41 40 30 13 2199 30002 10917 17% 10 31070 7329 11%
c p  1.42 40 30 13 2199 30002 17603 17% 10 31070 7326 11%
c d  1.43 40 30 13 2199 30002 17363 17% 10 31059 7323 11%
c }  1.45 40 29 13 2230 31004 18148 17% 10 31059 7323 11%
c [  1.45 40 73 13 2230 31004 18148 37% 31 31059 7323 11%
c -  1.47 40 72 14 2230 31667 6411 37% 30 31059 7323 11%
c B  1.61 40 73 14 2233 36022 10373 37% 28 31059 7323 11%
c -  1.62 40 73 15 2233 36170 7199 37% 28 31059 7323 11%
c s  1.74 40 73 15 2236 39855 10414 35% 30 31019 7323 11%
c v  1.75 40 73 15 2236 39855 10414 35% 30 30870 7323 11%
c w  1.75 40 73 15 2236 39855 10412 35% 30 30870 7323 11%
c 
c  seconds  reductions      redundant   irredundant
c         MB     restarts          trail      variables
c          level      conflicts        glue        remaining
c 
c t  1.75 40 73 15 2236 39855 10408 35% 30 30867 7323 11%
c e  1.76 40 73 15 2236 39855 9930 35% 30 30827 7293 11%
c s  1.76 40 73 15 2236 39855 9912 35% 30 30808 7293 11%
c -  1.81 40 72 16 2236 40970 7068 35% 31 30808 7293 11%
c W  1.98 40 69 16 2237 45025 10674 34% 32 30808 7293 11%
c -  2.02 40 69 17 2238 46071 7797 34% 32 30808 7293 11%
c 3  2.11 40 64 17 2238 50004 13603 32% 31 30808 7293 11%
c 2  2.12 40 64 17 2238 50004 14438 32% 31 30808 7293 11%
c p  2.13 40 64 17 2238 50004 20714 32% 31 30808 7293 11%
c -  2.17 40 61 18 2238 51473 7431 31% 31 30808 7293 11%
c O  2.23 40 57 18 2239 55026 10039 29% 29 30808 7293 11%
c -  2.33 40 60 19 2241 57173 7870 29% 30 30808 7293 11%
c s  2.49 40 61 19 2244 60645 11093 29% 30 30807 7293 11%
c v  2.51 40 61 19 2244 60645 11093 29% 30 30760 7293 11%
c w  2.51 40 61 19 2244 60645 11090 29% 30 30760 7293 11%
c e  2.52 40 61 19 2244 60645 11089 29% 30 30655 7243 11%
c s  2.52 40 61 19 2244 60645 11076 29% 30 30568 7243 11%
c ]  2.63 40 61 19 2245 63005 13326 29% 30 30568 7243 11%
c {  2.63 40 29 19 2245 63005 13326 17% 10 30568 7243 11%
c -  2.64 40 29 20 2287 63173 8902 17% 10 30568 7243 11%
c 
c  seconds  reductions      redundant   irredundant
c         MB     restarts          trail      variables
c          level      conflicts        glue        remaining
c 
c B  2.70 40 28 20 2519 66029 11226 17% 10 30568 7243 11%
c -  2.79 40 29 21 3167 69473 8757 17% 10 30568 7243 11%
c d  2.92 40 28 21 3795 75004 13076 16% 10 30568 7241 11%
c 3  2.92 40 28 21 3795 75004 15757 16% 10 30568 7241 11%
c 3  2.93 40 28 21 3795 75004 16298 16% 10 30568 7241 11%
c 2  2.93 40 28 21 3795 75004 16294 16% 10 30568 7224 11%
c p  2.96 40 28 21 3795 75004 22800 16% 10 30568 7219 11%
c -  3.00 40 28 22 3858 76075 9607 16% 10 30470 7219 11%
c W  3.07 40 28 22 3991 78031 11132 17% 10 30470 7219 11%
c -  3.19 40 27 23 4218 82975 10118 16% 10 30470 7219 11%
c s  3.25 40 27 23 4265 85576 11606 16% 10 30454 7219 11%
c v  3.26 40 27 23 4265 85576 11606 16% 10 30360 7219 11%
c w  3.26 40 27 23 4265 85576 11602 16% 10 30360 7219 11%
c t  3.26 40 27 23 4265 85576 11598 16% 10 30360 7219 11%
c e  3.27 40 27 23 4265 85576 11556 16% 10 30259 7146 11%
c s  3.27 40 27 23 4265 85576 11513 16% 10 30186 7146 11%
c -  3.41 40 28 24 4857 90176 10756 16% 10 30186 7146 11%
c #  3.43 40 28 24 4948 91035 11469 16% 10 30186 7146 11%
c -  3.58 40 27 25 5518 97676 11778 16% 10 30186 7146 11%
c d  3.76 40 27 25 6497 105004 17475 16% 10 30186 7138 11%
c 
c  seconds  reductions       redundant   irredundant
c         MB     restarts           trail      variables
c          level      conflicts         glue        remaining
c 
c 3  3.77 40 27 25 6497 105004 20276 16% 10 30186 7138 11%
c 3  3.77 40 27 25 6497 105004 21036 16% 10 30186 7138 11%
c d  3.78 40 27 25 6497 105004 21018 16% 10 30186 7136 11%
c 2  3.78 40 27 25 6497 105004 21009 16% 10 30186 7136 11%
c p  3.79 40 27 25 6497 105004 27140 16% 10 30186 7135 11%
c d  3.80 40 27 25 6497 105004 26931 16% 10 30183 7134 11%
c B  3.80 40 27 25 6497 105036 26950 16% 10 30183 7134 11%
c -  3.82 40 27 26 6527 105477 12563 16% 10 30183 7134 11%
c -  4.03 40 27 27 7314 113577 13155 16% 10 30183 7134 11%
c s  4.07 40 27 27 7457 114679 13782 16% 10 30175 7134 11%
c v  4.09 40 27 27 7457 114679 13782 16% 10 30129 7134 11%
c w  4.09 40 27 27 7457 114679 13772 16% 10 30129 7134 11%
c t  4.09 40 27 27 7457 114679 13768 16% 10 30129 7134 11%
c e  4.10 40 27 27 7457 114679 13721 16% 10 30097 7106 11%
c s  4.10 40 27 27 7457 114679 13681 16% 10 30066 7106 11%
c e  4.11 40 27 27 7457 114679 13681 16% 10 30063 7103 11%
c W  4.28 40 27 27 7882 120037 18156 16% 10 30063 7103 11%
c -  4.35 40 27 28 8139 121978 14029 16% 11 30063 7103 11%
c }  4.46 40 26 28 9169 127006 18095 16% 11 30063 7103 11%
c [  4.46 40 61 28 9169 127006 18095 29% 30 30063 7103 11%
c 
c  seconds  reductions       redundant   irredundant
c         MB     restarts           trail      variables
c          level      conflicts         glue        remaining
c 
c -  4.57 40 60 29 9169 130678 14664 29% 29 30063 7103 11%
c B  4.76 40 56 29 9174 136040 19393 28% 28 30063 7103 11%
c -  4.93 40 62 30 9176 139678 15552 29% 30 30063 7103 11%
c d  4.95 40 62 30 9176 140004 15796 29% 31 30063 7095 11%
c 3  4.95 40 62 30 9176 140004 18952 29% 31 30063 7095 11%
c 3  4.96 40 62 30 9176 140004 19681 29% 31 30063 7095 11%
c d  4.96 40 62 30 9176 140004 19666 29% 31 30063 7093 11%
c 2  4.96 40 62 30 9176 140004 19664 29% 31 30063 7093 11%
c p  4.97 40 62 30 9176 140004 25603 29% 31 30063 7093 11%
c s  5.42 40 68 30 9177 147983 32583 30% 35 30053 7093 11%
c v  5.44 40 68 30 9177 147983 32583 30% 35 30032 7093 11%
c w  5.44 40 68 30 9177 147983 32582 30% 35 30032 7093 11%
c t  5.44 40 68 30 9177 147983 32580 30% 35 30032 7093 11%
c e  5.45 40 68 30 9177 147983 32523 30% 35 30021 7082 11%
c s  5.46 40 68 30 9177 147983 32463 30% 35 30004 7082 11%
c e  5.46 40 68 30 9177 147983 32463 30% 35 30002 7080 11%
c -  5.55 40 68 31 9177 148979 16195 30% 35 30002 7080 11%
c W  5.86 40 69 31 9178 153042 19966 31% 36 30002 7080 11%
c -  6.17 45 69 32 9178 158579 16698 32% 37 30002 7080 11%
c -  6.85 40 70 33 9179 168480 16896 33% 40 30002 7080 11%
c 
c  seconds  reductions       redundant   irredundant
c         MB     restarts           trail      variables
c          level      conflicts         glue        remaining
c 
c I  7.04 40 70 33 9181 171046 19130 34% 41 30002 7080 11%
c -  7.39 40 71 34 9185 178682 17694 34% 39 30002 7080 11%
c d  7.47 40 71 34 9185 180006 18922 34% 39 30002 7077 11%
c 3  7.47 40 71 34 9185 180006 21171 34% 39 30002 7077 11%
c 2  7.48 40 71 34 9185 180006 22277 34% 39 30002 7077 11%
c p  7.50 40 71 34 9185 180006 28137 34% 39 30002 7077 11%
c s  7.94 40 70 34 9189 185484 32978 34% 39 30001 7077 11%
c v  7.96 40 70 34 9189 185484 32978 34% 39 29979 7077 11%
c w  7.97 40 70 34 9189 185484 32975 34% 39 29979 7077 11%
c t  7.97 40 70 34 9189 185484 32975 34% 39 29978 7077 11%
c e  7.98 40 70 34 9189 185484 32941 34% 39 29973 7070 11%
c s  7.99 40 70 34 9189 185484 32901 34% 39 29944 7070 11%
c -  8.27 40 69 35 9192 189182 18389 34% 39 29944 7070 11%
c B  8.32 40 69 35 9192 190047 19203 35% 39 29944 7070 11%
c -  8.83 40 71 36 9193 199982 18772 35% 39 29944 7070 11%
c W  9.63 40 70 36 9200 210050 27852 35% 40 29944 7070 11%
c -  9.69 45 70 37 9200 211084 19550 36% 40 29944 7070 11%
c - 10.54 40 69 38 9207 222484 18910 36% 40 29944 7070 11%
c d 10.83 40 69 38 9207 225006 20829 37% 41 29944 7069 11%
c 3 10.84 40 69 38 9207 225006 24437 37% 41 29944 7069 11%
c 
c  seconds  reductions       redundant   irredundant
c         MB     restarts           trail      variables
c          level      conflicts         glue        remaining
c 
c 2 10.84 40 69 38 9207 225006 24434 37% 41 29944 7069 11%
c p 10.86 40 69 38 9207 225006 30236 37% 41 29944 7069 11%
c s 11.09 40 69 38 9208 227135 31789 37% 41 29943 7069 11%
c v 11.11 40 69 38 9208 227135 31789 37% 41 29905 7069 11%
c w 11.12 40 69 38 9208 227135 31785 37% 41 29905 7069 11%
c t 11.13 40 69 38 9208 227135 31785 37% 41 29903 7069 11%
c e 11.13 40 69 38 9208 227135 31394 37% 41 29891 7054 11%
c s 11.14 40 69 38 9208 227135 31376 37% 41 29853 7054 11%
c O 11.50 40 69 38 9208 231056 34281 37% 41 29853 7054 11%
c - 11.64 40 67 39 9208 234184 19697 36% 40 29853 7054 11%
c - 12.12 45 63 40 9209 246184 19957 35% 38 29853 7054 11%
c B 12.36 45 60 40 9210 253057 25937 34% 36 29853 7054 11%
c ] 12.45 45 61 40 9210 255006 27799 34% 36 29853 7054 11%
c { 12.45 45 26 40 9210 255006 27799 16% 11 29853 7054 11%
c - 12.61 40 27 41 9425 258484 20813 17% 11 29853 7054 11%
c i 12.74 40 27 41 9687 261990 23580 17% 11 29853 7052 11%
c - 13.01 40 26 42 9852 271085 19935 17% 11 29847 7052 11%
c s 13.08 40 25 42 9873 272925 20873 17% 11 29840 7052 11%
c v 13.11 40 25 42 9873 272925 20873 17% 11 29775 7052 11%
c w 13.12 40 25 42 9873 272925 20869 17% 11 29775 7052 11%
c 
c  seconds  reductions       redundant   irredundant
c         MB     restarts           trail      variables
c          level      conflicts         glue        remaining
c 
c t 13.12 40 25 42 9873 272925 20866 17% 11 29774 7052 11%
c e 13.12 40 25 42 9873 272925 20855 17% 11 29763 7039 11%
c s 13.14 40 25 42 9873 272925 20764 17% 11 29757 7039 11%
c e 13.14 40 25 42 9873 272925 20764 17% 11 29756 7038 11%
c d 13.21 40 25 42 9875 275007 22340 17% 10 29756 7032 11%
c 3 13.22 40 25 42 9875 275007 25431 17% 10 29756 7032 11%
c 3 13.23 40 25 42 9875 275007 26252 17% 10 29756 7032 11%
c d 13.23 40 25 42 9875 275007 26244 17% 10 29756 7031 11%
c p 13.25 40 25 42 9875 275007 31953 17% 10 29756 7031 11%
c d 13.25 40 25 42 9875 275007 31944 17% 10 29756 7030 11%
c F 13.29 40 25 42 9882 276058 32803 17% 10 29756 7030 11%
c - 13.55 40 25 43 10895 283985 22501 17% 11 29756 7030 11%
c - 13.96 40 25 44 11850 297186 23474 17% 11 29756 7030 11%
c B 14.06 40 25 44 12069 300060 25815 17% 11 29756 7030 11%
c - 14.48 40 26 45 13162 310688 23948 17% 11 29756 7030 11%
c s 14.92 40 26 45 14390 322845 33699 17% 11 29751 7030 11%
c v 14.94 40 26 45 14390 322845 33699 17% 11 29633 7030 11%
c w 14.95 40 26 45 14390 322845 33693 17% 11 29633 7030 11%
c t 14.95 40 26 45 14390 322845 33681 17% 11 29633 7030 11%
c e 14.96 40 26 45 14390 322845 33435 17% 11 29618 7011 11%
c 
c  seconds  reductions        redundant   irredundant
c         MB      restarts           trail      variables
c          level       conflicts         glue        remaining
c 
c s 14.97 40 26 45 14390 322845 33345 17% 11 29606 7011 11%
c e 14.98 40 26 45 14390 322845 33345 17% 11 29606 7010 11%
c - 15.04 40 26 46 14635 324488 24043 17% 11 29606 7010 11%
c W 15.13 40 26 46 14640 325062 24423 17% 11 29606 7010 11%
c d 15.31 40 26 46 15264 330007 28397 17% 11 29606 6982 11%
c 3 15.32 40 26 46 15264 330007 31628 17% 11 29606 6982 11%
c 3 15.32 40 26 46 15264 330007 32336 17% 11 29606 6982 11%
c 2 15.32 40 26 46 15264 330007 32335 17% 11 29606 6982 11%
c p 15.34 40 26 46 15264 330007 38161 17% 11 29606 6981 11%
c d 15.34 40 26 46 15264 330007 38009 17% 11 29603 6979 11%
c - 15.73 40 26 47 16352 338589 25198 17% 11 29603 6979 11%
c # 16.30 40 27 47 17789 351063 35656 18% 11 29603 6979 11%
c - 16.36 40 27 48 18105 352990 25891 18% 11 29603 6979 11%
c - 16.76 40 27 49 19776 367691 25536 17% 11 29603 6979 11%
c s 17.05 40 26 49 20277 376884 32815 17% 11 29598 6979 11%
c v 17.08 40 26 49 20277 376884 32815 17% 11 29472 6979 11%
c w 17.09 40 26 49 20277 376884 32808 17% 11 29472 6979 11%
c t 17.09 40 26 49 20277 376884 32799 17% 11 29472 6979 11%
c e 17.10 40 26 49 20277 376884 32048 17% 11 29437 6940 11%
c s 17.11 40 26 49 20277 376884 31984 17% 11 29434 6940 11%
c 
c  seconds  reductions        redundant   irredundant
c         MB      restarts           trail      variables
c          level       conflicts         glue        remaining
c 
c B 17.15 40 26 49 20289 378064 32732 21% 11 29434 6940 11%
c - 17.34 40 26 50 20684 382692 24750 18% 11 29434 6940 11%
c d 17.62 40 26 50 21346 390007 30551 19% 12 29433 6920 11%
c 3 17.62 40 26 50 21346 390007 33609 19% 12 29433 6920 11%
c 3 17.63 40 26 50 21346 390007 34296 19% 12 29433 6920 11%
c 2 17.63 40 26 50 21346 390007 34282 19% 12 29432 6919 11%
c p 17.64 40 26 50 21346 390007 39994 19% 12 29432 6919 11%
c d 17.65 40 26 50 21346 390007 39963 19% 12 29432 6916 11%
c - 17.90 40 26 51 23239 397992 26229 18% 12 29432 6916 11%
c W 18.21 40 26 51 23794 406071 32558 18% 12 29432 6916 11%
c - 18.42 40 26 52 25435 413593 26371 18% 12 29432 6916 11%
c - 18.87 40 26 53 27756 429493 27055 18% 12 29432 6916 11%
c F 19.04 40 26 53 27856 435072 32067 18% 12 29432 6916 11%
c s 19.07 40 26 53 27861 435251 32046 18% 12 29432 6916 11%
c v 19.10 40 26 53 27861 435251 32046 18% 12 29387 6916 11%
c w 19.11 40 26 53 27861 435251 32043 18% 12 29387 6916 11%
c t 19.11 40 26 53 27861 435251 32038 18% 12 29387 6916 11%
c e 19.12 40 26 53 27861 435251 31642 18% 12 29381 6906 11%
c s 19.12 40 26 53 27861 435251 31618 18% 12 29380 6906 11%
c - 19.56 40 26 54 28230 445695 28692 19% 12 29380 6906 11%
c 
c  seconds  reductions        redundant   irredundant
c         MB      restarts           trail      variables
c          level       conflicts         glue        remaining
c 
c d 19.95 40 27 54 28735 455009 36648 19% 12 29380 6893 11%
c 3 19.96 40 27 54 28735 455009 39538 19% 12 29380 6893 11%
c 3 19.97 40 27 54 28735 455009 40399 19% 12 29380 6893 11%
c d 19.97 40 27 54 28735 455009 40333 19% 12 29380 6887 11%
c 2 19.98 40 27 54 28735 455009 40332 19% 12 29380 6887 11%
c p 20.00 40 27 54 28735 455009 45805 19% 12 29380 6886 11%
c d 20.00 40 27 54 28735 455009 45736 19% 12 29377 6884 11%
c i 20.06 40 27 54 28785 456380 46820 19% 12 29377 6883 11%
c - 20.28 40 27 55 29923 462197 30288 19% 12 29374 6883 11%
c B 20.37 40 27 55 30107 465077 32489 19% 12 29374 6883 11%
c - 20.82 40 27 56 31007 478997 31169 20% 12 29374 6883 11%
c W 21.51 40 28 56 31887 496078 45396 20% 12 29374 6883 11%
c - 21.52 40 28 57 31890 496097 31972 20% 12 29374 6883 11%
c s 21.61 40 28 57 32005 497921 32906 20% 12 29368 6883 11%
c v 21.63 40 28 57 32005 497921 32906 20% 12 29359 6883 11%
c w 21.65 40 28 57 32005 497921 32898 20% 12 29359 6883 11%
c t 21.65 40 28 57 32005 497921 32895 20% 12 29359 6883 11%
c e 21.65 40 28 57 32005 497921 32783 20% 12 29356 6877 11%
c s 21.67 40 28 57 32005 497921 32746 20% 12 29355 6877 11%
c } 22.10 40 27 57 32546 511006 43295 20% 12 29355 6877 11%
c 
c  seconds  reductions        redundant   irredundant
c         MB      restarts           trail      variables
c          level       conflicts         glue        remaining
c 
c [ 22.10 40 61 57 32546 511006 43295 38% 36 29355 6877 11%
c - 22.19 40 60 58 32546 513497 31811 37% 35 29355 6877 11%
c d 22.68 40 55 58 32546 525009 42058 35% 33 29355 6863 11%
c 3 22.69 40 55 58 32546 525009 44745 35% 33 29355 6863 11%
c d 22.70 40 55 58 32546 525009 45517 35% 33 29355 6861 11%
c p 22.71 40 55 58 32546 525009 50672 35% 33 29355 6861 11%
c d 22.72 40 55 58 32546 525009 50656 35% 33 29355 6859 11%
c W 23.00 40 55 58 32546 528080 53595 35% 32 29355 6859 11%
c - 23.21 40 56 59 32546 531197 34016 35% 33 29355 6859 11%
c - 24.68 48 58 60 32553 549197 34790 37% 35 29355 6859 11%
c I 25.66 48 60 60 32559 561081 45555 37% 37 29355 6859 11%
c s 25.93 48 62 60 32560 564922 49052 38% 38 29355 6859 11%
c v 25.96 48 62 60 32560 564922 49052 38% 38 29338 6859 11%
c w 25.98 48 62 60 32560 564922 49051 38% 38 29338 6859 11%
c e 25.99 48 62 60 32560 564922 49034 38% 38 29336 6856 11%
c s 26.00 48 62 60 32560 564922 49013 38% 38 29328 6856 11%
c e 26.01 48 62 60 32560 564922 49013 38% 38 29328 6854 11%
c - 26.12 40 62 61 32561 567498 33535 37% 38 29328 6854 11%
c - 27.22 43 67 62 32568 586098 33498 38% 40 29328 6854 11%
c B 27.87 43 68 62 32575 595083 41744 38% 40 29328 6854 11%
c 
c  seconds  reductions        redundant   irredundant
c         MB      restarts           trail      variables
c          level       conflicts         glue        remaining
c 
c d 28.21 43 68 62 32576 600010 46417 38% 40 29328 6853 11%
c 3 28.22 43 68 62 32576 600010 48935 38% 40 29328 6853 11%
c 2 28.23 43 68 62 32576 600010 49920 38% 40 29328 6853 11%
c p 28.25 43 68 62 32576 600010 55308 38% 40 29328 6853 11%
c - 28.58 43 68 63 32576 604999 34891 38% 40 29328 6853 11%
c - 30.47 51 66 64 32578 624202 35155 39% 40 29328 6853 11%
c W 31.14 51 65 64 32582 630089 40660 39% 40 29328 6853 11%
c s 31.52 51 65 64 32584 636230 46423 39% 39 29328 6853 11%
c v 31.56 51 65 64 32584 636230 46423 39% 39 29276 6853 11%
c w 31.57 51 65 64 32584 636230 46419 39% 39 29276 6853 11%
c t 31.57 51 65 64 32584 636230 46418 39% 39 29276 6853 11%
c e 31.58 51 65 64 32584 636230 46418 39% 39 29267 6839 10%
c s 31.59 51 65 64 32584 636230 46387 39% 39 29260 6839 10%
c - 32.01 43 66 65 32590 643704 36663 39% 39 29260 6839 10%
c - 32.96 43 64 66 32597 663504 35978 37% 37 29260 6839 10%
c O 33.10 43 65 66 32599 666091 38478 37% 37 29260 6839 10%
c d 33.99 43 66 66 32606 680010 51669 38% 36 29260 6838 10%
c p 34.03 43 66 66 32606 680010 60150 38% 36 29260 6838 10%
c - 34.23 43 67 67 32607 683605 36707 38% 36 29260 6838 10%
c B 35.02 43 68 67 32608 703093 54918 38% 36 29260 6838 10%
c 
c  seconds  reductions        redundant   irredundant
c         MB      restarts           trail      variables
c          level       conflicts         glue        remaining
c 
c - 35.08 43 69 68 32608 704006 37025 38% 36 29260 6838 10%
c s 35.43 43 70 68 32609 711726 44095 38% 36 29260 6838 10%
c v 35.46 43 70 68 32609 711726 44095 38% 36 29252 6838 10%
c w 35.47 43 70 68 32609 711726 44093 38% 36 29252 6838 10%
c e 35.48 43 70 68 32609 711726 44090 38% 36 29250 6834 10%
c s 35.48 43 70 68 32609 711726 44064 38% 36 29250 6834 10%
c - 36.22 43 68 69 32609 724706 36647 37% 35 29250 6834 10%
c W 37.91 43 66 69 32610 741094 51869 38% 36 29250 6834 10%
c - 38.39 54 66 70 32610 745706 38338 38% 36 29250 6834 10%
c d 40.63 54 64 70 32610 765010 56243 39% 37 29250 6831 10%
c p 40.68 54 64 70 32610 765010 64776 39% 37 29250 6831 10%
c - 40.92 57 65 71 32610 767006 40385 39% 37 29250 6831 10%
c I 42.54 57 66 71 32610 780095 52121 39% 39 29250 6831 10%
c - 43.12 46 66 72 32610 788606 40034 39% 39 29250 6831 10%
c s 43.40 46 66 72 32610 791438 42635 39% 39 29250 6831 10%
c v 43.44 46 66 72 32610 791438 42635 39% 39 29240 6831 10%
c w 43.45 46 66 72 32610 791438 42627 39% 39 29240 6831 10%
c e 43.46 46 66 72 32610 791438 42627 39% 39 29239 6830 10%
c s 43.48 46 66 72 32610 791438 42595 39% 39 29239 6830 10%
c ^ 43.48 46 66 72 32610 791438 42595 39% 39 29239 6830 10%
c 
c  seconds  reductions        redundant   irredundant
c         MB      restarts           trail      variables
c          level       conflicts         glue        remaining
c 
c - 44.50 54 65 73 32613 810507 40678 39% 37 29239 6830 10%
c B 45.16 54 64 73 32618 820098 49680 39% 37 29239 6830 10%
c - 46.00 54 65 74 32625 832707 40797 39% 37 29239 6830 10%
c 3 47.48 54 66 74 32634 855012 63988 39% 37 29239 6830 10%
c d 47.50 54 66 74 32634 855012 64857 39% 37 29239 6829 10%
c p 47.53 54 66 74 32634 855012 70151 39% 37 29239 6829 10%
c d 47.54 54 66 74 32634 855012 70141 39% 37 29239 6828 10%
c - 47.57 54 66 75 32634 855207 40819 39% 37 29239 6828 10%
c W 48.18 54 65 75 32638 861101 46222 39% 37 29239 6828 10%
c s 49.24 54 61 75 32641 875357 57587 38% 36 29239 6828 10%
c v 49.27 54 61 75 32641 875357 57587 38% 36 29234 6828 10%
c w 49.29 54 61 75 32641 875357 57586 38% 36 29234 6828 10%
c e 49.31 54 61 75 32641 875357 29167 38% 36 29491 6416 10%
c s 49.33 54 61 75 32641 875357 29133 38% 36 29478 6416 10%
c - 49.47 54 61 76 32641 878007 23813 38% 35 29478 6416 10%
c - 51.12 54 56 77 32648 901108 32898 36% 34 29478 6416 10%
c O 51.26 54 56 77 32649 903102 34576 36% 34 29478 6416 10%
c - 52.51 54 59 78 32657 924510 38857 36% 35 29478 6416 10%
c B 54.51 54 63 78 32670 946103 58477 36% 38 29478 6416 10%
c - 54.65 56 64 79 32670 948210 40109 36% 38 29478 6416 10%
c 
c  seconds  reductions        redundant   irredundant
c         MB      restarts           trail      variables
c          level       conflicts         glue        remaining
c 
c 3 54.78 56 64 79 32671 950013 44840 36% 38 29478 6416 10%
c d 54.79 56 64 79 32671 950013 44828 36% 38 29478 6415 10%
c p 54.81 56 64 79 32671 950013 49245 36% 38 29478 6415 10%
c s 56.07 56 64 79 32672 967753 65065 36% 39 29475 6415 10%
c v 56.12 56 64 79 32672 967753 65065 36% 39 29457 6415 10%
c w 56.15 56 64 79 32672 967753 65062 36% 39 29457 6415 10%
c t 56.15 56 64 79 32672 967753 65062 36% 39 29455 6415 10%
c e 56.16 56 64 79 32672 967753 65062 36% 39 29453 6413 10%
c s 56.20 56 64 79 32672 967753 64983 36% 39 29441 6413 10%
c e 56.21 56 64 79 32672 967753 64784 36% 39 29438 6410 10%
c - 56.69 66 64 80 32672 972210 42397 36% 39 29438 6410 10%
c W 58.78 66 63 80 32673 990104 58778 37% 40 29438 6410 10%
c - 59.36 66 63 81 32673 996513 43118 37% 40 29438 6410 10%
c - 61.94 66 62 82 32682 1021114 43177 37% 41 29438 6410 10%
c ] 62.16 66 62 82 32683 1023009 44800 37% 41 29438 6410 10%
c { 62.16 66 27 82 32683 1023009 44800 20% 12 29438 6410 10%
c # 62.59 66 27 82 34314 1035106 55084 20% 12 29438 6410 10%
c - 63.06 36 26 83 34746 1046015 42540 19% 12 29438 6410 10%
c d 63.18 36 26 83 34939 1050014 45612 19% 12 29438 6404 10%
c p 63.21 36 26 83 34939 1050014 52485 19% 12 29438 6404 10%
c 
c  seconds  reductions         redundant   irredundant
c         MB      restarts            trail      variables
c          level        conflicts         glue        remaining
c 
c s 63.95 37 26 83 36433 1064522 60363 19% 12 29437 6404 10%
c v 63.99 37 26 83 36433 1064522 60363 19% 12 29335 6404 10%
c w 64.03 37 26 83 36433 1064522 60342 19% 12 29335 6404 10%
c t 64.03 37 26 83 36433 1064522 60341 19% 12 29335 6404 10%
c e 64.03 37 26 83 36433 1064522 59512 19% 12 29336 6403 10%
c s 64.11 37 26 83 36433 1064522 58536 19% 12 29336 6403 10%
c ^ 64.12 37 26 83 36433 1064522 58536 19% 12 29336 6403 10%
c - 64.42 41 27 84 36978 1071216 43499 19% 12 29336 6403 10%
c B 64.66 41 26 84 37767 1081107 51766 18% 12 29336 6403 10%
c - 65.38 41 27 85 39495 1096721 44258 18% 12 29336 6403 10%
c - 66.25 41 26 86 44182 1122521 43552 18% 13 29336 6403 10%
c W 66.69 41 26 86 44623 1128112 47965 18% 13 29336 6403 10%
c - 67.49 41 27 87 46372 1148621 43537 18% 13 29336 6403 10%
c d 67.78 41 27 87 46701 1155015 48783 18% 13 29336 6387 10%
c 3 67.78 41 27 87 46701 1155015 50941 18% 13 29336 6387 10%
c d 67.79 41 27 87 46701 1155015 51621 18% 13 29336 6385 10%
c 2 67.80 41 27 87 46701 1155015 51620 18% 13 29336 6385 10%
c p 67.81 41 27 87 46701 1155015 55559 18% 13 29336 6385 10%
c d 67.82 41 27 87 46701 1155015 55529 18% 13 29336 6382 10%
c s 68.31 41 28 87 47614 1165532 64018 18% 13 29332 6382 10%
c 
c  seconds  reductions         redundant   irredundant
c         MB      restarts            trail      variables
c          level        conflicts         glue        remaining
c 
c v 68.35 41 28 87 47614 1165532 64018 18% 13 29271 6382 10%
c w 68.37 41 28 87 47614 1165532 64006 18% 13 29271 6382 10%
c t 68.37 41 28 87 47614 1165532 64003 18% 13 29271 6382 10%
c e 68.39 41 28 87 47614 1165532 57050 18% 13 29713 6161  9%
c s 68.43 41 28 87 47614 1165532 56856 18% 13 29697 6161  9%
c - 68.98 42 28 88 48220 1175023 42278 21% 13 29696 6161  9%
c F 69.02 42 28 88 48363 1176113 43274 21% 13 29696 6161  9%
c - 69.71 42 27 89 50379 1201724 43468 21% 13 29696 6161  9%
c B 70.46 42 27 89 50893 1225114 62919 23% 13 29696 6161  9%
c - 70.57 42 27 90 50986 1228724 44387 22% 13 29696 6161  9%
c - 71.61 42 26 91 51815 1256024 47553 21% 12 29696 6161  9%
c d 72.08 42 27 91 53602 1265015 55624 21% 13 29696 6155  9%
c 3 72.08 42 27 91 53602 1265015 57784 21% 13 29696 6155  9%
c d 72.09 42 27 91 53602 1265015 58460 21% 13 29696 6152  9%
c 2 72.10 42 27 91 53602 1265015 58458 21% 13 29696 6152  9%
c p 72.11 42 27 91 53602 1265015 62401 21% 13 29696 6152  9%
c s 72.58 42 27 91 54799 1274447 69655 21% 13 29693 6152  9%
c v 72.62 42 27 91 54799 1274447 69655 21% 13 29673 6152  9%
c w 72.65 42 27 91 54799 1274447 69652 21% 13 29673 6152  9%
c t 72.65 42 27 91 54799 1274447 69643 21% 13 29673 6152  9%
c 
c  seconds  reductions         redundant   irredundant
c         MB      restarts            trail      variables
c          level        conflicts         glue        remaining
c 
c s 72.70 42 27 91 54799 1274447 69557 21% 13 29670 6152  9%
c W 73.06 42 26 91 54799 1275115 69978 21% 13 29670 6152  9%
c - 73.50 48 26 92 55056 1283624 50357 21% 13 29670 6152  9%
c - 74.93 48 26 93 56436 1311526 51155 21% 12 29670 6152  9%
c # 75.75 48 27 93 57465 1326117 64012 21% 12 29670 6152  9%
c - 76.55 48 27 94 59069 1339727 53886 21% 12 29670 6152  9%
c i 77.61 48 26 94 61772 1368196 77480 20% 12 29670 6151  9%
c - 77.63 48 26 95 61774 1368231 47275 20% 12 29664 6150  9%
c B 78.09 48 26 95 62890 1378118 56085 21% 12 29664 6150  9%
c d 78.14 48 26 95 62903 1380017 57620 21% 12 29664 6141  9%
c 3 78.15 48 26 95 62903 1380017 59650 21% 12 29664 6141  9%
c 3 78.15 48 26 95 62903 1380017 60192 21% 12 29664 6141  9%
c d 78.16 48 26 95 62903 1380017 60184 21% 12 29664 6140  9%
c 2 78.16 48 26 95 62903 1380017 60183 21% 12 29664 6140  9%
c p 78.18 48 26 95 62903 1380017 64021 21% 12 29664 6138  9%
c s 78.50 48 26 95 64492 1387942 70136 20% 12 29657 6138  9%
c v 78.54 48 26 95 64492 1387942 70136 20% 12 29625 6138  9%
c w 78.56 48 26 95 64492 1387942 70120 20% 12 29625 6138  9%
c t 78.56 48 26 95 64492 1387942 70114 20% 12 29625 6138  9%
c s 78.62 48 26 95 64492 1387942 69977 20% 12 29617 6138  9%
c 
c  seconds  reductions         redundant   irredundant
c         MB      restarts            trail      variables
c          level        conflicts         glue        remaining
c 
c - 79.27 48 27 96 65286 1397032 54300 21% 12 29617 6138  9%
c - 80.75 48 28 97 67041 1426132 54707 21% 12 29617 6138  9%
c W 81.28 48 27 97 68266 1431119 58934 21% 13 29617 6138  9%
c - 82.15 48 27 98 71602 1455532 54579 21% 13 29617 6138  9%
c F 82.99 48 25 98 71877 1485120 78903 22% 12 29617 6138  9%
c - 83.02 48 25 99 71877 1485232 51569 22% 12 29617 6138  9%
c d 83.72 48 26 99 73188 1500020 64483 22% 12 29617 6118  9%
c 3 83.73 48 26 99 73188 1500020 66345 22% 12 29617 6118  9%
c 3 83.73 48 26 99 73188 1500020 67028 22% 12 29617 6118  9%
c d 83.74 48 26 99 73188 1500020 66953 22% 12 29617 6110  9%
c 2 83.74 48 26 99 73188 1500020 66949 22% 12 29617 6110  9%
c p 83.75 48 26 99 73188 1500020 70755 22% 12 29617 6110  9%
c d 83.76 48 26 99 73188 1500020 70747 22% 12 29617 6109  9%
c s 83.99 48 25 99 73192 1506013 73582 22% 12 29608 6109  9%
c v 84.03 48 25 99 73192 1506013 73582 22% 12 29588 6109  9%
c w 84.05 48 25 99 73192 1506013 73566 22% 12 29588 6109  9%
c t 84.05 48 25 99 73192 1506013 73557 22% 12 29588 6109  9%
c e 84.06 48 25 99 73192 1506013 73413 22% 12 29587 6108  9%
c s 84.09 48 25 99 73192 1506013 73290 22% 12 29587 6108  9%
c ^ 84.10 48 25 99 73192 1506013 73290 22% 12 29587 6108  9%
c 
c  seconds   reductions         redundant   irredundant
c         MB       restarts            trail      variables
c          level         conflicts         glue        remaining
c 
c - 84.51 48 25 100 73933 1515232 55445 22% 12 29587 6108  9%
c i 84.69 48 25 100 74172 1519505 58826 22% 12 29587 6102  9%
c B 85.58 48 24 100 74935 1540121 75749 21% 12 29587 6102  9%
c - 85.86 48 24 101 75624 1545533 54908 21% 12 29569 6102  9%
c i 86.38 48 24 101 76123 1555575 62887 21% 12 29569 6101  9%
c - 87.64 48 24 102 78020 1576133 57381 21% 12 29565 6101  9%
c W 88.89 48 24 102 80673 1596123 74105 21% 12 29565 6101  9%
c - 89.45 48 24 103 81540 1607033 59192 21% 12 29565 6101  9%
c d 90.06 48 24 103 83169 1625022 74251 20% 12 29565 6074  9%
c 3 90.07 48 24 103 83169 1625022 76274 20% 12 29565 6074  9%
c 3 90.07 48 24 103 83169 1625022 76751 20% 12 29565 6074  9%
c d 90.08 48 24 103 83169 1625022 76733 20% 12 29565 6072  9%
c 2 90.09 48 24 103 83169 1625022 76731 20% 12 29565 6072  9%
c p 90.10 48 24 103 83169 1625022 80005 20% 12 29565 6072  9%
c s 90.32 48 24 103 83275 1628929 82279 21% 12 29534 6072  9%
c v 90.37 48 24 103 83275 1628929 82279 21% 12 29496 6072  9%
c w 90.40 48 24 103 83275 1628929 82266 21% 12 29496 6072  9%
c t 90.40 48 24 103 83275 1628929 82263 21% 12 29496 6072  9%
c e 90.42 48 24 103 83275 1628929 74439 21% 12 30429 5758  9%
c s 90.46 48 24 103 83275 1628929 74285 21% 12 30291 5758  9%
c 
c  seconds   reductions         redundant   irredundant
c         MB       restarts            trail      variables
c          level         conflicts         glue        remaining
c 
c - 90.89 48 25 104 85168 1638233 53444 20% 12 30291 5758  9%
c # 91.66 48 25 104 86927 1653124 66449 20% 12 30291 5758  9%
c - 92.37 48 26 105 88395 1669734 56591 20% 13 30291 5758  9%
c - 93.74 48 26 106 92341 1701534 58195 20% 13 30291 5758  9%
c B 94.05 48 26 106 93073 1711125 65990 20% 13 30291 5758  9%
c - 94.81 48 26 107 93897 1733634 57916 20% 13 30291 5758  9%
c d 95.59 48 25 107 94532 1755023 75288 20% 12 30291 5748  9%
c 3 95.60 48 25 107 94532 1755023 77640 20% 12 30291 5748  9%
c d 95.61 48 25 107 94532 1755023 77629 20% 12 30291 5747  9%
c 2 95.61 48 25 107 94532 1755023 77626 20% 12 30291 5747  9%
c p 95.63 48 25 107 94532 1755023 80131 20% 12 30291 5747  9%
c s 96.06 48 25 107 94815 1763064 86125 20% 12 30287 5747  9%
c v 96.10 48 25 107 94815 1763064 86125 20% 12 30262 5747  9%
c w 96.13 48 25 107 94815 1763064 86118 20% 12 30262 5747  9%
c t 96.13 48 25 107 94815 1763064 86116 20% 12 30260 5747  9%
c e 96.14 48 25 107 94815 1763064 84825 20% 12 30281 5740  9%
c s 96.19 48 25 107 94815 1763064 84757 20% 12 30279 5740  9%
c - 96.35 48 24 108 94816 1766034 56799 20% 12 30279 5740  9%
c W 97.02 48 24 108 94826 1770128 60086 20% 12 30279 5740  9%
c - 98.47 48 26 109 98216 1798735 61540 20% 12 30279 5740  9%
c 
c  seconds   reductions          redundant   irredundant
c         MB       restarts             trail      variables
c          level          conflicts         glue        remaining
c 
c F 99.80 48 25 109 101447 1830129 86911 20% 13 30279 5740  9%
c - 99.95 48 25 110 101569 1831737 62266 20% 13 30279 5740  9%
c - 101.79 48 26 111 106365 1865037 62526 20% 13 30279 5740  9%
c d 102.77 48 26 111 109277 1890026 83074 19% 13 30279 5736  9%
c 3 102.78 48 26 111 109277 1890026 84770 19% 13 30279 5736  9%
c 2 102.79 48 26 111 109277 1890026 84769 19% 13 30279 5736  9%
c p 102.82 48 26 111 109277 1890026 87268 19% 13 30279 5736  9%
c B 102.92 48 26 111 109411 1891131 88268 19% 13 30279 5736  9%
c - 103.17 48 26 112 109556 1898637 62124 19% 13 30279 5736  9%
c s 103.35 48 26 112 109612 1902218 65030 19% 13 30274 5736  9%
c v 103.40 48 26 112 109612 1902218 65030 19% 13 30267 5736  9%
c w 103.43 48 26 112 109612 1902218 65026 19% 13 30267 5736  9%
c t 103.43 48 26 112 109612 1902218 65024 19% 13 30267 5736  9%
c e 103.43 48 26 112 109612 1902218 64982 19% 13 30275 5734  9%
c s 103.48 48 26 112 109612 1902218 64906 19% 13 30269 5734  9%
c - 104.91 48 27 113 111326 1932537 62646 20% 13 30269 5734  9%
c W 106.15 48 27 113 112395 1953132 79895 21% 13 30269 5734  9%
c - 106.62 48 26 114 112804 1966738 61434 20% 13 30269 5734  9%
c - 107.83 48 26 115 115811 2001238 61409 20% 13 30269 5734  9%
c # 108.39 48 26 115 116328 2016134 73807 20% 13 30269 5734  9%
c 
c  seconds    reductions          redundant   irredundant
c          MB       restarts             trail      variables
c           level          conflicts         glue        remaining
c 
c d 108.97 48 26 115 117381 2030029 85564 20% 13 30269 5732  9%
c 3 108.98 48 26 115 117381 2030029 87499 20% 13 30269 5732  9%
c p 109.01 48 26 115 117381 2030029 89965 20% 13 30269 5732  9%
c - 109.29 48 26 116 118343 2036038 63251 20% 13 30269 5732  9%
c s 109.74 48 26 116 120230 2046232 71411 19% 13 30265 5732  9%
c v 109.79 48 26 116 120230 2046232 71411 19% 13 30212 5732  9%
c w 109.82 48 26 116 120230 2046232 71407 19% 13 30212 5732  9%
c e 109.82 48 26 116 120230 2046232 71210 19% 13 30224 5729  9%
c s 109.87 48 26 116 120230 2046232 71193 19% 13 30224 5729  9%
c } 109.95 48 26 116 120349 2047009 71913 19% 13 30224 5729  9%
c [ 109.95 48 62 116 120349 2047009 71913 42% 41 30224 5729  9%
c - 111.34 52 60 117 120360 2071141 66173 39% 38 30224 5729  9%
c I 112.10 52 61 117 120364 2080135 74470 40% 38 30224 5729  9%
c - 114.04 65 61 118 120370 2106541 65677 39% 38 30224 5729  9%
c - 117.91 65 60 119 120385 2142241 64961 39% 40 30224 5729  9%
c B 118.22 65 60 119 120385 2145138 67442 39% 40 30224 5729  9%
c 3 120.08 65 55 119 120400 2175031 96329 35% 37 30224 5728  9%
c p 120.13 65 55 119 120400 2175031 98958 35% 37 30224 5728  9%
c - 120.42 65 54 120 120400 2178241 66259 35% 36 30224 5728  9%
c s 121.82 65 53 120 120401 2194992 81408 35% 35 30224 5728  9%
c 
c  seconds    reductions          redundant   irredundant
c          MB       restarts             trail      variables
c           level          conflicts         glue        remaining
c 
c v 121.89 65 53 120 120401 2194992 81408 35% 35 30220 5728  9%
c w 121.94 65 53 120 120401 2194992 81401 35% 35 30220 5728  9%
c s 121.99 65 53 120 120401 2194992 81372 35% 35 30220 5728  9%
c ^ 122.00 65 53 120 120401 2194992 81372 35% 35 30220 5728  9%
c W 123.82 65 52 120 120402 2211140 96052 36% 34 30220 5728  9%
c - 124.13 65 52 121 120402 2214541 67007 36% 34 30220 5728  9%
c - 127.45 65 50 122 120403 2251142 67251 36% 33 30220 5728  9%
c O 129.83 65 47 122 120403 2278141 90704 35% 31 30220 5728  9%
c - 130.66 65 46 123 120403 2288042 69613 35% 30 30220 5728  9%
c d 134.20 65 41 123 120404 2325033 103856 34% 27 30220 5725  9%
c p 134.26 65 41 123 120404 2325033 107953 34% 27 30220 5725  9%
c - 134.32 65 41 124 120404 2325245 70613 34% 27 30220 5725  9%
c B 135.01 65 43 124 120404 2346145 88851 33% 27 30220 5725  9%
c s 135.30 65 44 124 120404 2348554 90890 33% 27 30220 5725  9%
c v 135.37 65 44 124 120404 2348554 90890 33% 27 30214 5725  9%
c w 135.42 65 44 124 120404 2348554 90886 33% 27 30214 5725  9%
c e 135.45 66 44 124 120404 2348554 21619 33% 27 38033 4462  7%
c s 135.50 66 44 124 120404 2348554 21562 33% 27 37881 4462  7%
c - 136.40 49 45 125 120404 2362745 30536 45% 27 37881 4462  7%
c - 140.05 67 47 126 120404 2400545 55326 48% 30 37881 4462  7%
c 
c  seconds    reductions          redundant   irredundant
c          MB       restarts             trail      variables
c           level          conflicts         glue        remaining
c 
c W 142.71 67 47 126 120404 2415146 69181 49% 31 37881 4462  7%
c - 145.51 68 50 127 120410 2438648 64542 50% 33 37881 4462  7%
c - 150.20 55 52 128 120427 2477048 60916 49% 37 37881 4462  7%
c 2 150.56 55 52 128 120429 2480033 65519 49% 37 37880 4462  7%
c p 150.58 55 52 128 120429 2480033 67642 49% 37 37880 4462  7%
c I 151.24 55 52 128 120433 2485148 71495 49% 38 37880 4462  7%
c - 153.44 70 57 129 120438 2515748 63683 47% 39 37880 4462  7%
c s 156.97 70 60 129 120454 2552212 95623 47% 42 37877 4462  7%
c v 157.06 70 60 129 120454 2552212 95623 47% 42 37832 4462  7%
c w 157.13 70 60 129 120454 2552212 95609 47% 42 37832 4462  7%
c t 157.14 70 60 129 120454 2552212 95609 47% 42 37831 4462  7%
c e 157.15 70 60 129 120454 2552212 95210 47% 42 37839 4461  7%
c s 157.24 70 60 129 120454 2552212 95135 47% 42 37833 4461  7%
c - 157.58 86 61 130 120456 2554751 67708 47% 43 37833 4461  7%
c B 157.73 86 61 130 120457 2556150 68963 47% 43 37833 4461  7%
c - 160.60 86 60 131 120466 2594052 66126 46% 42 37833 4461  7%
c W 164.29 86 59 131 120467 2628153 98233 45% 42 37833 4461  7%
c - 164.57 86 58 132 120470 2633654 66128 44% 41 37833 4461  7%
c p 165.09 86 57 132 120474 2640035 74792 44% 41 37833 4461  7%
c - 168.70 86 55 133 120489 2673554 63719 46% 41 37833 4461  7%
c 
c  seconds    reductions          redundant   irredundant
c          MB       restarts             trail      variables
c           level          conflicts         glue        remaining
c 
c O 171.61 86 53 133 120498 2701155 86064 46% 41 37833 4461  7%
c - 172.09 86 49 134 120499 2713754 63739 43% 38 37833 4461  7%
c - 174.35 86 49 135 120519 2754255 65556 42% 34 37833 4461  7%
c B 175.68 86 50 135 120528 2775156 84805 41% 33 37833 4461  7%
c - 176.46 86 46 136 120529 2795055 66006 39% 31 37833 4461  7%
c p 176.88 86 44 136 120530 2805036 78109 37% 29 37833 4461  7%
c - 178.92 86 44 137 120531 2836155 67900 36% 28 37833 4461  7%
c W 181.03 86 45 137 120531 2850159 81197 38% 29 37833 4461  7%
c - 183.81 86 49 138 120531 2877557 69921 40% 32 37833 4461  7%
c - 188.99 86 52 139 120545 2919258 70442 42% 36 37833 4461  7%
c I 189.75 86 52 139 120546 2926161 76554 42% 36 37833 4461  7%
c - 192.68 86 54 140 120561 2961258 71408 43% 37 37833 4461  7%
c p 194.13 86 55 140 120562 2975036 86940 44% 38 37833 4461  7%
c B 197.40 86 55 140 120576 3003162 112238 45% 39 37833 4461  7%
c - 197.49 91 55 141 120576 3003558 71544 45% 39 37833 4461  7%
c - 203.31 91 56 142 120593 3046158 71915 46% 41 37833 4461  7%
c W 208.36 91 54 142 120594 3081164 101730 46% 41 37833 4461  7%
c - 209.14 91 55 143 120594 3089058 74339 46% 41 37833 4461  7%
c - 214.02 112 55 144 120612 3132259 71807 47% 41 37833 4461  7%
c p 215.90 112 56 144 120622 3150037 91178 47% 42 37833 4461  7%
c 
c  seconds     reductions          redundant    irredundant
c           MB       restarts              trail      variables
c            level          conflicts          glue        remaining
c 
c O 217.06 112 57 144 120624 3160167 100530 47% 43 37833 4461  7%
c - 218.19 91 54 145 120625 3175759 73315 47% 40 37833 4461  7%
c - 221.61 97 55 146 120646 3219562 74597 46% 37 37833 4461  7%
c B 223.30 97 56 146 120655 3240171 94040 46% 37 37833 4461  7%
c - 225.28 97 58 147 120657 3263663 74622 46% 37 37833 4461  7%
c - 229.22 97 57 148 120658 3308071 73864 45% 36 37833 4461  7%
c W 231.22 97 57 148 120658 3321173 86075 45% 36 37833 4461  7%
c p 232.22 97 57 148 120658 3330037 96350 46% 37 37833 4461  7%
c - 234.88 97 56 149 120658 3352771 73650 46% 37 37833 4461  7%
c - 240.37 97 54 150 120659 3397772 75129 47% 39 37833 4461  7%
c I 240.95 97 54 150 120659 3403175 79939 47% 39 37833 4461  7%
c - 244.49 119 58 151 120659 3443074 77862 49% 38 37833 4461  7%
c B 250.06 119 63 151 120659 3486177 119267 50% 43 37833 4461  7%
c - 250.39 97 63 152 120659 3488674 80802 50% 43 37833 4461  7%
c p 253.02 97 67 152 120660 3515037 108737 50% 45 37833 4461  7%
c - 255.18 104 69 153 120660 3534574 77527 48% 46 37833 4461  7%
c W 259.52 104 72 153 120660 3570179 110948 48% 48 37833 4461  7%
c - 260.80 104 73 154 120660 3580774 80886 47% 49 37833 4461  7%
c - 266.63 104 77 155 120660 3627274 80042 47% 54 37833 4461  7%
c s 266.71 104 77 155 120660 3627274 79210 47% 54 37831 4461  7%
c 
c  seconds     reductions          redundant   irredundant
c           MB       restarts             trail      variables
c            level          conflicts         glue        remaining
c 
c v 266.90 104 77 155 120660 3627274 79210 47% 54 37573 4461  7%
c w 267.06 104 77 155 120660 3627274 79174 47% 54 37573 4461  7%
c e 267.08 104 77 155 120660 3627274 79170 47% 54 37581 4460  7%
c s 267.15 104 77 155 120660 3627274 79005 47% 54 37574 4460  7%
c e 267.16 104 77 155 120660 3627274 79001 47% 54 37579 4459  7%
c O 270.72 104 77 155 120660 3655183 102268 47% 56 37579 4459  7%
c - 271.57 104 69 156 120660 3674074 81084 45% 50 37579 4459  7%
c p 272.97 104 61 156 120660 3705038 111557 42% 44 37579 4459  7%
c - 273.75 104 57 157 120660 3721174 77308 40% 41 37579 4459  7%
c B 274.72 104 54 157 120660 3741185 95475 39% 37 37579 4459  7%
c - 277.08 108 66 158 120666 3768574 79118 42% 42 37579 4459  7%
c - 282.23 108 70 159 120689 3816274 79450 44% 47 37579 4459  7%
c W 284.59 108 71 159 120691 3828187 89747 44% 48 37579 4459  7%
c s 286.18 108 70 159 120691 3842534 102748 45% 48 37579 4459  7%
c v 286.27 108 70 159 120691 3842534 102748 45% 48 37576 4459  7%
c w 286.33 108 70 159 120691 3842534 102741 45% 48 37576 4459  7%
c s 286.42 108 70 159 120691 3842534 102704 45% 48 37576 4459  7%
c ^ 286.43 108 70 159 120691 3842534 102704 45% 48 37576 4459  7%
c - 289.28 108 70 160 120704 3864274 81503 46% 49 37576 4459  7%
c p 294.74 108 69 160 120720 3900041 115495 46% 51 37576 4459  7%
c 
c  seconds     reductions          redundant   irredundant
c           MB       restarts             trail      variables
c            level          conflicts         glue        remaining
c 
c - 296.48 108 69 161 120722 3912574 82431 47% 50 37576 4459  7%
c I 296.90 108 69 161 120722 3916190 85722 47% 50 37576 4459  7%
c - 301.11 108 66 162 120723 3961175 82468 46% 46 37576 4459  7%
c B 306.59 108 64 162 120745 4005193 123618 47% 45 37576 4459  7%
c - 307.15 108 65 163 120748 4010076 83293 47% 45 37576 4459  7%
c - 312.92 108 65 164 120763 4059277 84089 49% 46 37576 4459  7%
c s 313.62 108 66 164 120767 4063936 88208 49% 46 37576 4459  7%
c v 313.72 108 66 164 120767 4063936 88208 49% 46 37572 4459  7%
c w 313.78 108 66 164 120767 4063936 88204 49% 46 37572 4459  7%
c e 313.82 108 66 164 120767 4063936 21193 49% 46 45270 3826  6%
c s 313.88 108 66 164 120767 4063936 21027 49% 46 44971 3826  6%
c e 313.89 108 66 164 120767 4063936 20877 49% 46 45125 3815  6%
c ] 316.17 108 66 164 120780 4095009 49769 48% 46 45125 3815  6%
c { 316.17 108 26 164 120780 4095009 49769 31% 13 45125 3815  6%
c B 316.20 108 26 164 120820 4095195 49941 31% 13 45125 3815  6%
c 3 316.44 108 27 164 121078 4100041 55653 31% 13 45125 3815  6%
c p 316.47 108 27 164 121078 4100041 57554 31% 13 45125 3815  6%
c - 316.95 108 28 165 121484 4108778 57255 31% 13 45125 3815  6%
c - 318.93 108 26 166 126309 4158578 66905 27% 13 45125 3815  6%
c W 320.92 108 27 166 130613 4186196 90539 25% 13 45125 3815  6%
c 
c  seconds     reductions          redundant   irredundant
c           MB       restarts             trail      variables
c            level          conflicts         glue        remaining
c 
c - 322.03 108 27 167 132013 4208678 73420 24% 13 45125 3815  6%
c - 324.26 108 27 168 136772 4259078 75197 23% 13 45125 3815  6%
c F 325.30 108 28 168 137794 4278202 92297 23% 13 45125 3815  6%
c p 326.55 108 28 168 140957 4305041 116908 23% 14 45125 3815  6%
c - 326.91 56 27 169 141078 4309778 78288 24% 13 45125 3815  6%
c s 327.82 56 27 169 142388 4327686 92837 23% 13 45029 3815  6%
c v 327.90 56 27 169 142388 4327686 92837 23% 13 44938 3815  6%
c w 327.95 56 27 169 142388 4327686 92783 23% 13 44938 3815  6%
c t 327.95 56 27 169 142388 4327686 92782 23% 13 44935 3815  6%
c e 327.96 56 27 169 142388 4327686 92162 23% 13 44967 3813  6%
c s 328.08 56 27 169 142388 4327686 91749 23% 13 44958 3813  6%
c - 329.20 66 26 170 147421 4360779 83182 23% 14 44958 3813  6%
c B 329.63 66 26 170 148111 4371205 92180 22% 14 44958 3813  6%
c - 332.06 77 27 171 151120 4412080 80207 23% 14 44958 3813  6%
c - 334.16 77 26 172 156435 4463681 79139 23% 14 44958 3813  6%
c W 335.23 77 27 172 156645 4465206 80521 23% 14 44958 3813  6%
c 2 337.78 77 26 172 161521 4515041 123516 23% 14 44958 3811  6%
c p 337.83 77 26 172 161521 4515041 125049 23% 14 44958 3811  6%
c - 337.92 77 27 173 161547 4515581 79947 23% 14 44958 3811  6%
c # 339.94 77 26 173 165282 4560207 118620 23% 14 44958 3811  6%
c 
c  seconds    reductions          redundant   irredundant
c          MB       restarts             trail      variables
c           level          conflicts         glue        remaining
c 
c - 340.42 77 26 174 165638 4567781 82806 23% 14 44958 3811  6%
c s 342.40 77 28 174 166767 4598215 109583 25% 14 44944 3811  6%
c v 342.48 77 28 174 166767 4598215 109583 25% 14 44892 3811  6%
c w 342.54 77 28 174 166767 4598215 109557 25% 14 44892 3811  6%
c e 342.56 77 28 174 166767 4598215 109232 25% 14 44908 3810  6%
c s 342.69 77 28 174 166767 4598215 109062 25% 14 44903 3810  6%
c - 343.71 77 28 175 169000 4620281 85948 24% 14 44903 3810  6%
c B 345.05 77 27 175 171160 4656208 116118 24% 14 44903 3810  6%
c - 346.11 77 27 176 171869 4673082 84394 25% 14 44903 3810  6%
c - 349.50 77 28 177 175667 4726182 85905 25% 14 44903 3810  6%
c p 349.86 77 28 177 175892 4730043 92157 25% 14 44903 3810  6%
c W 352.37 77 29 177 177620 4753209 112848 26% 14 44903 3810  6%
c - 354.13 77 28 178 178654 4779583 91521 25% 13 44903 3810  6%
c - 357.70 82 29 179 185397 4833284 92933 25% 14 44903 3810  6%
c F 358.09 82 27 179 185579 4851212 106929 24% 14 44903 3810  6%
c s 359.95 82 28 179 187400 4875814 128383 25% 14 44900 3810  6%
c v 360.04 82 28 179 187400 4875814 128383 25% 14 44585 3810  6%
c w 360.10 82 28 179 187400 4875814 128372 25% 14 44585 3810  6%
c e 360.11 82 28 179 187400 4875814 125678 25% 14 44687 3797  6%
c s 360.24 82 28 179 187400 4875814 125571 25% 14 44659 3797  6%
c 
c  seconds    reductions          redundant    irredundant
c          MB       restarts              trail      variables
c           level          conflicts          glue        remaining
c 
c e 360.25 82 28 179 187400 4875814 124190 25% 14 44831 3786  6%
c - 361.06 82 27 180 187745 4887287 90585 25% 14 44831 3786  6%
c - 364.44 82 30 181 192407 4941587 92741 26% 14 44831 3786  6%
c p 364.97 82 29 181 192843 4950044 102514 25% 14 44831 3786  6%
c B 365.03 82 29 181 192875 4950215 102674 25% 14 44831 3786  6%
c - 367.30 82 28 182 194842 4996191 92209 25% 13 44831 3786  6%
c W 370.85 82 26 182 198513 5050218 138951 25% 13 44831 3786  6%
c - 370.90 82 26 183 198519 5051091 91924 25% 13 44831 3786  6%
c - 373.75 82 27 184 204957 5106291 91759 24% 14 44831 3786  6%
c # 376.40 82 28 184 208193 5151223 130590 24% 14 44831 3786  6%
c s 377.30 82 29 184 209088 5161076 139233 25% 14 44797 3786  6%
c v 377.39 82 29 184 209088 5161076 139233 25% 14 44755 3786  6%
c w 377.45 82 29 184 209088 5161076 139223 25% 14 44755 3786  6%
c t 377.46 82 29 184 209088 5161076 139221 25% 14 44755 3786  6%
c s 377.61 82 29 184 209088 5161076 139127 25% 14 44697 3786  6%
c - 377.71 82 29 185 209120 5161791 96168 25% 14 44697 3786  6%
c p 378.43 82 29 185 211344 5175045 109737 25% 14 44697 3786  6%
c - 381.34 82 27 186 212939 5217592 96248 25% 14 44697 3786  6%
c B 382.82 82 26 186 217627 5253225 124676 24% 14 44697 3786  6%
c - 384.05 82 25 187 218611 5273694 96229 25% 13 44697 3786  6%
c 
c  seconds    reductions          redundant   irredundant
c          MB       restarts             trail      variables
c           level          conflicts         glue        remaining
c 
c - 386.95 82 25 188 223606 5330095 96915 24% 13 44697 3786  6%
c W 388.95 82 25 188 227466 5356226 119145 24% 14 44697 3786  6%
c - 390.87 82 26 189 232362 5386800 100606 23% 14 44697 3786  6%
c p 391.98 82 27 189 233525 5405049 119169 24% 14 44697 3786  6%
c - 394.54 82 28 190 236224 5443802 101531 25% 14 44697 3786  6%
c s 395.20 82 27 190 237329 5453115 109144 25% 14 44695 3786  6%
c v 395.30 82 27 190 237329 5453115 109144 25% 14 44689 3786  6%
c w 395.37 82 27 190 237329 5453115 109125 25% 14 44689 3786  6%
c s 395.54 82 27 190 237329 5453115 108979 25% 14 44689 3786  6%
c F 396.04 82 27 190 237764 5460227 115218 25% 14 44689 3786  6%
c - 398.93 82 28 191 241829 5501102 103683 24% 14 44689 3786  6%
c - 402.22 82 26 192 245049 5558705 103686 25% 14 44689 3786  6%
c B 402.74 82 27 192 245544 5565232 109243 25% 14 44689 3786  6%
c - 406.28 82 27 193 248470 5616605 106383 26% 13 44689 3786  6%
c p 407.38 82 28 193 249960 5640051 129800 26% 13 44689 3786  6%
c W 409.65 82 27 193 254733 5671235 154858 26% 14 44689 3786  6%
c - 409.93 82 27 194 254799 5674805 104740 26% 14 44689 3786  6%
c - 413.65 82 27 195 259149 5733305 103782 25% 14 44689 3786  6%
c s 414.75 82 27 195 260124 5752257 119568 25% 14 44674 3786  6%
c v 414.86 82 27 195 260124 5752257 119568 25% 14 44507 3786  6%
c 
c  seconds    reductions          redundant    irredundant
c          MB       restarts              trail      variables
c           level          conflicts          glue        remaining
c 
c w 414.92 82 27 195 260124 5752257 119559 25% 14 44507 3786  6%
c e 414.94 82 27 195 260124 5752257 117046 25% 14 44587 3777  6%
c s 415.07 82 27 195 260124 5752257 116966 25% 14 44573 3777  6%
c e 415.08 82 27 195 260124 5752257 116590 25% 14 44603 3775  6%
c # 416.40 82 26 195 263259 5778238 137462 25% 14 44603 3775  6%
c - 417.20 82 27 196 263701 5792106 100594 25% 14 44603 3775  6%
c - 419.33 82 25 197 265532 5851206 98620 24% 13 44603 3775  6%
c p 421.30 82 25 197 267306 5880053 126791 25% 13 44603 3775  6%
c B 421.46 82 25 197 267604 5886240 131603 25% 13 44603 3775  6%
c - 422.68 82 25 198 269438 5910607 102627 26% 13 44603 3775  6%
c - 425.89 82 24 199 274458 5970307 102739 25% 13 44603 3775  6%
c W 427.79 82 24 199 277685 5995241 123232 24% 13 44603 3775  6%
c - 429.22 82 24 200 281278 6030307 103959 23% 14 44603 3775  6%
c s 430.89 82 25 200 284711 6058640 128621 24% 14 44583 3775  6%
c v 430.98 82 25 200 284711 6058640 128621 24% 14 44567 3775  6%
c w 431.05 82 25 200 284711 6058640 128619 24% 14 44567 3775  6%
c e 431.06 82 25 200 284711 6058640 128326 24% 14 44582 3774  6%
c s 431.19 82 25 200 284711 6058640 128268 24% 14 44572 3774  6%
c - 432.73 82 25 201 288051 6090610 103628 24% 14 44572 3774  6%
c F 433.25 82 24 201 288063 6105242 114999 24% 14 44572 3774  6%
c 
c  seconds    reductions          redundant    irredundant
c          MB       restarts              trail      variables
c           level          conflicts          glue        remaining
c 
c d 434.37 82 24 201 289522 6125054 131633 25% 14 44572 3773  6%
c p 434.44 82 24 201 289522 6125054 134214 25% 14 44572 3773  6%
c - 435.45 82 24 202 289972 6151211 101545 24% 14 44572 3773  6%
c - 438.52 82 25 203 296664 6212113 104772 24% 14 44572 3773  6%
c B 438.61 82 25 203 297649 6216244 108203 23% 14 44572 3773  6%
c - 442.22 82 26 204 301876 6273313 107126 24% 14 44572 3773  6%
c W 445.76 82 24 204 305117 6328245 153955 24% 13 44572 3773  6%
c - 446.15 82 23 205 305566 6334815 108695 24% 13 44572 3773  6%
c s 448.33 82 24 205 309316 6372096 139755 24% 13 44569 3773  6%
c v 448.43 82 24 205 309316 6372096 139755 24% 13 44554 3773  6%
c w 448.49 82 24 205 309316 6372096 139750 24% 13 44554 3773  6%
c s 448.66 82 24 205 309316 6372096 139700 24% 13 44554 3773  6%
c p 448.82 82 24 205 309331 6375055 144851 24% 13 44554 3773  6%
c - 450.42 82 25 206 310403 6396615 112024 24% 13 44554 3773  6%
c # 454.22 82 26 206 314140 6441246 151647 25% 13 44554 3773  6%
c - 455.82 84 27 207 315132 6458717 113593 25% 13 44554 3773  6%
c - 460.36 84 26 208 319890 6521118 118013 25% 13 44554 3773  6%
c B 462.18 84 24 208 322430 6555247 145630 25% 13 44554 3773  6%
c - 465.31 84 26 209 325944 6583820 118151 26% 13 44554 3773  6%
c p 469.07 84 26 209 330794 6630058 161395 25% 13 44554 3773  6%
c 
c  seconds    reductions          redundant    irredundant
c          MB       restarts              trail      variables
c           level          conflicts          glue        remaining
c 
c i 469.91 84 25 209 330853 6641940 170604 26% 13 44554 3771  6%
c - 470.80 89 25 210 331391 6646820 107911 26% 13 44542 3771  6%
c W 473.48 89 26 210 335163 6670249 128434 25% 13 44542 3771  6%
c s 475.90 89 27 210 338185 6692662 147945 25% 13 44475 3771  6%
c v 476.02 89 27 210 338185 6692662 147945 25% 13 44417 3771  6%
c w 476.11 89 27 210 338185 6692662 147938 25% 13 44417 3771  6%
c e 476.12 89 27 210 338185 6692662 144862 25% 13 44443 3768  6%
c s 476.29 89 27 210 338185 6692662 144762 25% 13 44434 3768  6%
c - 477.67 89 27 211 340801 6710121 115212 25% 14 44434 3768  6%
c - 481.64 89 27 212 346030 6773721 116532 25% 14 44434 3768  6%
c F 482.35 89 27 212 348175 6786250 127509 25% 14 44434 3768  6%
c - 485.02 89 26 213 350735 6837622 115594 25% 14 44434 3768  6%
c p 487.16 89 25 213 355707 6890058 160936 23% 14 44434 3768  6%
c - 487.70 89 25 214 356417 6901828 112980 23% 14 44434 3768  6%
c B 487.83 89 25 214 356553 6903252 114268 23% 14 44434 3768  6%
c - 490.68 89 25 215 363203 6966328 111850 23% 14 44434 3768  6%
c W 494.70 89 26 215 366502 7021257 159029 24% 14 44434 3768  6%
c - 495.00 89 25 216 367412 7031130 112412 23% 15 44434 3768  6%
c s 496.07 89 25 216 367917 7053736 130611 24% 14 44433 3768  6%
c v 496.18 89 25 216 367917 7053736 130611 24% 14 44432 3768  6%
c 
c  seconds    reductions          redundant    irredundant
c          MB       restarts              trail      variables
c           level          conflicts          glue        remaining
c 
c w 496.26 89 25 216 367917 7053736 130608 24% 14 44432 3768  6%
c s 496.43 89 25 216 367917 7053736 130528 24% 14 44432 3768  6%
c - 499.08 89 25 217 370039 7096233 113974 24% 14 44432 3768  6%
c # 501.55 89 26 217 373550 7140260 150337 24% 14 44432 3768  6%
c p 502.68 89 27 217 374127 7155058 166231 24% 14 44432 3768  6%
c - 503.04 89 26 218 374285 7161637 115975 24% 14 44432 3768  6%
c - 507.47 89 26 219 377858 7227337 120816 25% 14 44432 3768  6%
c B 509.27 89 26 219 381248 7260263 148352 24% 14 44432 3768  6%
c - 512.77 89 27 220 384037 7293338 122568 25% 14 44432 3768  6%
c - 516.67 89 25 221 388433 7359638 122185 25% 13 44432 3768  6%
c W 519.04 89 25 221 391076 7381264 140671 25% 13 44432 3768  6%
c s 520.00 89 26 221 391630 7388353 146641 25% 13 44428 3768  6%
c v 520.12 89 26 221 391630 7388353 146641 25% 13 44427 3768  6%
c w 520.22 89 26 221 391630 7388353 146627 25% 13 44427 3768  6%
c e 520.23 89 26 221 391630 7388353 146569 25% 13 44442 3767  6%
c s 520.46 89 26 221 391630 7388353 146433 25% 13 44442 3767  6%
c p 522.23 89 24 221 392584 7425058 179504 25% 13 44442 3767  6%
c - 522.44 89 24 222 392680 7426242 124415 25% 13 44442 3767  6%
c - 526.18 89 25 223 402746 7493142 124268 24% 14 44442 3767  6%
c F 526.78 89 25 223 404528 7503266 132844 24% 14 44442 3767  6%
c 
c  seconds    reductions          redundant    irredundant
c          MB       restarts              trail      variables
c           level          conflicts          glue        remaining
c 
c - 530.10 89 26 224 406953 7560342 124602 24% 14 44442 3767  6%
c B 533.68 89 25 224 410454 7626267 182760 25% 13 44442 3767  6%
c - 533.88 89 25 225 410527 7627842 126174 25% 13 44442 3767  6%
c - 538.69 89 26 226 416607 7695642 126985 25% 13 44442 3767  6%
c 3 539.04 89 26 226 417057 7700062 131994 25% 13 44442 3767  6%
c p 539.11 89 26 226 417057 7700062 133455 25% 13 44442 3767  6%
c s 541.39 89 25 226 418425 7730156 158741 24% 13 44438 3767  6%
c v 541.50 89 25 226 418425 7730156 158741 24% 13 44436 3767  6%
c w 541.65 89 25 226 418425 7730156 158732 24% 13 44436 3767  6%
c e 541.66 89 25 226 418425 7730156 158730 24% 13 44447 3766  6%
c s 541.88 89 25 226 418425 7730156 158605 24% 13 44442 3766  6%
c W 543.72 89 23 226 418461 7750268 173770 23% 13 44442 3766  6%
c - 544.63 89 23 227 419599 7763746 125012 23% 13 44442 3766  6%
c - 549.66 89 25 228 428247 7832147 128567 24% 13 44442 3766  6%
c # 552.48 89 25 228 433038 7875269 165485 25% 13 44442 3766  6%
c - 554.01 89 25 229 435202 7900847 129562 25% 13 44442 3766  6%
c - 559.13 89 26 230 441288 7969847 132326 26% 13 44442 3766  6%
c 2 560.01 89 26 230 442394 7980063 143048 26% 13 44442 3766  6%
c p 560.04 89 26 230 442394 7980063 144007 26% 13 44442 3766  6%
c B 561.23 89 27 230 444843 8001271 162855 26% 14 44442 3766  6%
c 
c  seconds    reductions          redundant    irredundant
c          MB       restarts              trail      variables
c           level          conflicts          glue        remaining
c 
c - 563.59 89 27 231 449877 8039147 134667 25% 14 44442 3766  6%
c s 566.37 89 28 231 451856 8079117 169042 25% 14 44420 3766  6%
c v 566.49 89 28 231 451856 8079117 169042 25% 14 44417 3766  6%
c w 566.60 89 28 231 451856 8079117 169028 25% 14 44417 3766  6%
c e 566.62 89 28 231 451856 8079117 167446 25% 14 44447 3764  6%
c s 566.86 89 28 231 451856 8079117 167337 25% 14 44440 3764  6%
c - 568.84 91 27 232 455782 8108750 130608 25% 14 44440 3764  6%
c W 571.28 91 27 232 457058 8128272 148041 26% 14 44440 3764  6%
c - 576.02 91 29 233 461915 8178651 136906 26% 14 44440 3764  6%
c } 576.69 91 29 233 462861 8191009 147282 25% 14 44440 3764  6%
c [ 576.69 91 66 233 462861 8191009 147282 48% 46 44440 3764  6%
c - 582.43 116 67 234 462867 8248851 135841 46% 48 44440 3764  6%
c W 584.38 116 67 234 462867 8256273 142509 46% 48 44440 3764  6%
c p 585.41 116 68 234 462868 8265064 153096 46% 49 44440 3764  6%
c - 592.24 117 65 235 462868 8319351 130469 44% 47 44440 3764  6%
c O 602.07 117 63 235 462898 8385275 187126 43% 48 44440 3764  6%
c - 602.44 96 61 236 462898 8390153 129815 42% 46 44440 3764  6%
c s 605.35 96 53 236 462914 8435270 170859 40% 39 44439 3764  6%
c v 605.51 96 53 236 462914 8435270 170859 40% 39 44424 3764  6%
c w 605.72 96 53 236 462914 8435270 170858 40% 39 44424 3764  6%
c 
c  seconds    reductions          redundant    irredundant
c          MB       restarts              trail      variables
c           level          conflicts          glue        remaining
c 
c s 605.92 96 53 236 462914 8435270 170828 40% 39 44424 3764  6%
c - 608.42 119 51 237 462927 8461254 128390 40% 37 44424 3764  6%
c B 614.43 119 53 237 462931 8515277 178489 44% 38 44424 3764  6%
c - 616.08 147 52 238 462938 8532654 130862 43% 36 44424 3764  6%
c p 618.01 147 53 238 462946 8555064 153747 42% 36 44424 3764  6%
c - 623.37 119 58 239 462962 8604357 128925 43% 41 44424 3764  6%
c W 629.71 119 58 239 462982 8646281 164091 44% 43 44424 3764  6%
c - 634.77 122 58 240 462993 8676358 127606 45% 44 44424 3764  6%
c - 645.25 122 55 241 462995 8748659 129446 45% 43 44424 3764  6%
c I 648.66 122 53 241 462995 8778282 153020 45% 42 44424 3764  6%
c - 652.95 150 55 242 462996 8821259 136472 46% 39 44424 3764  6%
c p 656.17 150 58 242 462996 8850065 166106 47% 39 44424 3764  6%
c - 662.10 122 57 243 462996 8894159 138862 48% 37 44424 3764  6%
c B 664.41 122 56 243 462996 8911284 154839 48% 37 44424 3764  6%
c - 674.12 156 56 244 463018 8967361 140896 49% 38 44424 3764  6%
c - 686.17 122 54 245 463044 9040864 143392 49% 38 44424 3764  6%
c W 687.66 122 54 245 463047 9045286 147408 49% 39 44424 3764  6%
c - 697.22 131 57 246 463059 9114668 137982 49% 39 44424 3764  6%
c p 702.73 131 57 246 463074 9150065 172628 49% 40 44424 3764  6%
c O 706.68 131 56 246 463088 9180291 199772 49% 40 44424 3764  6%
c 
c  seconds     reductions          redundant    irredundant
c           MB       restarts              trail      variables
c            level          conflicts          glue        remaining
c 
c - 707.59 131 54 247 463089 9188771 139906 48% 38 44424 3764  6%
c - 713.83 131 47 248 463119 9263172 135945 43% 33 44424 3764  6%
c B 718.29 131 50 248 463122 9316292 185316 43% 33 44424 3764  6%
c - 720.55 131 52 249 463123 9337874 139103 44% 35 44424 3764  6%
c - 730.39 131 51 250 463137 9412874 139625 46% 37 44424 3764  6%
c W 736.72 131 48 250 463153 9453293 173959 47% 36 44424 3764  6%
c p 737.05 131 48 250 463153 9455065 178174 47% 36 44424 3764  6%
c - 742.68 157 47 251 463164 9488174 134906 48% 35 44424 3764  6%
c - 755.78 95 43 252 463186 9563774 135468 49% 35 44424 3764  6%
c I 760.90 95 43 252 463189 9591295 156474 49% 35 44424 3764  6%
c - 764.70 120 50 253 463213 9639676 139666 45% 35 44424 3764  6%
c - 773.06 148 55 254 463239 9715878 139038 45% 38 44424 3764  6%
c B 774.67 148 55 254 463247 9730298 150995 45% 39 44424 3764  6%
c p 778.75 148 53 254 463249 9765066 181622 45% 39 44424 3764  6%
c - 782.27 148 53 255 463250 9792379 133551 45% 40 44424 3764  6%
c - 793.73 148 51 256 463251 9869180 134748 45% 40 44424 3764  6%
c W 794.89 148 51 256 463251 9870299 135539 45% 40 44424 3764  6%
c - 804.28 102 53 257 463251 9946280 138169 46% 41 44424 3764  6%
c O 814.20 102 52 257 463252 10011300 189818 45% 41 44424 3764  6%
c - 815.38 100 49 258 463252 10023682 140806 45% 38 44424 3764  6%
c 
c  seconds     reductions           redundant    irredundant
c           MB       restarts               trail      variables
c            level          conflicts           glue        remaining
c 
c p 821.43 100 39 258 463252 10080066 197234 46% 30 44424 3764  6%
c - 824.05 107 41 259 463252 10101383 145089 47% 30 44424 3764  6%
c B 832.32 107 48 259 463252 10153301 195058 48% 35 44424 3764  6%
c - 834.74 107 44 260 463252 10179384 148842 44% 32 44424 3764  6%
c - 844.97 106 52 261 463253 10257684 148113 46% 35 44424 3764  6%
c s 845.22 106 52 261 463253 10257684 147599 46% 35 44424 3764  6%
c v 845.48 106 52 261 463253 10257684 147599 46% 35 44418 3764  6%
c w 845.90 106 52 261 463253 10257684 147568 46% 35 44418 3764  6%
c s 846.18 106 52 261 463253 10257684 147369 46% 35 44418 3764  6%
c W 852.21 106 51 261 463253 10296302 182955 46% 36 44418 3764  6%
c - 858.23 106 51 262 463253 10336286 149296 47% 35 44418 3764  6%
c d 869.08 106 51 262 463253 10400067 207549 48% 37 44418 3763  6%
c p 869.23 106 51 262 463253 10400067 210152 48% 37 44418 3763  6%
c - 872.20 109 52 263 463253 10415187 150149 48% 39 44418 3763  6%
c I 875.61 109 54 263 463253 10440304 173495 48% 40 44418 3763  6%
c - 879.56 105 56 264 463253 10494387 150291 45% 38 44418 3763  6%
c - 887.21 106 56 265 463253 10573889 151457 42% 38 44418 3763  6%
c B 888.49 106 56 265 463253 10585306 162169 42% 38 44418 3763  6%
c s 893.85 106 56 265 463253 10628009 201563 45% 40 44418 3763  6%
c v 894.00 106 56 265 463253 10628009 201563 45% 40 44417 3763  6%
c 
c  seconds     reductions           redundant    irredundant
c           MB       restarts               trail      variables
c            level          conflicts           glue        remaining
c 
c w 894.10 106 56 265 463253 10628009 201560 45% 40 44417 3763  6%
c s 894.31 106 56 265 463253 10628009 201548 45% 40 44417 3763  6%
c - 897.94 108 58 266 463253 10653689 149452 46% 42 44417 3763  6%
c p 910.54 108 58 266 463253 10725068 215209 48% 46 44417 3763  6%
c W 913.14 108 58 266 463253 10731309 220659 48% 47 44417 3763  6%
c - 913.91 105 58 267 463253 10733791 148743 48% 47 44417 3763  6%
c - 928.15 103 54 268 463268 10814194 147152 47% 44 44417 3763  6%
c O 936.27 103 53 268 463291 10878310 205343 47% 42 44417 3763  6%
c - 937.33 100 48 269 463299 10894895 146986 44% 37 44417 3763  6%
c - 942.06 122 37 270 463316 10975897 145340 35% 27 44417 3763  6%
c B 945.22 122 33 270 463338 11026314 188828 32% 25 44417 3763  6%
c p 948.44 122 40 270 463347 11055068 218283 36% 28 44417 3763  6%
c - 948.76 122 40 271 463347 11057197 146632 36% 29 44417 3763  6%
c - 959.69 127 46 272 463378 11138797 143265 43% 35 44417 3763  6%
c W 966.13 127 46 272 463379 11175316 174252 43% 36 44417 3763  6%
c - 973.62 156 46 273 463380 11220698 147492 45% 36 44417 3763  6%
c - 986.67 156 46 274 463409 11302901 150671 46% 37 44417 3763  6%
c I 989.92 156 45 274 463411 11325318 169172 46% 37 44417 3763  6%
c - 996.93 156 51 275 463439 11385401 153027 46% 38 44417 3763  6%
c p 997.65 156 51 275 463440 11390070 159928 46% 38 44417 3763  6%
c 
c   seconds     reductions           redundant    irredundant
c            MB       restarts               trail      variables
c             level          conflicts           glue        remaining
c 
c - 1011.19 105 57 276 463456 11468201 152570 45% 43 44417 3763  6%
c B 1012.16 105 57 276 463458 11476324 160198 45% 43 44417 3763  6%
c - 1023.33 109 61 277 463487 11551303 154506 47% 45 44417 3763  6%
c W 1038.83 109 60 277 463506 11628328 223898 48% 45 44417 3763  6%
c - 1039.90 107 60 278 463506 11634703 156670 48% 45 44417 3763  6%
c - 1054.88 101 54 279 463508 11718403 155371 49% 43 44417 3763  6%
c p 1056.99 101 54 279 463508 11730071 167354 49% 43 44417 3763  6%
c O 1066.97 101 50 279 463508 11781332 205808 49% 41 44417 3763  6%
c - 1068.28 127 44 280 463508 11802403 149341 45% 36 44417 3763  6%
c - 1071.70 127 31 281 463529 11886703 148329 32% 24 44417 3763  6%
c B 1073.31 127 28 281 463544 11935334 192003 29% 21 44417 3763  6%
c - 1076.74 127 33 282 463560 11971303 152041 33% 23 44417 3763  6%
c - 1087.94 161 36 283 463578 12056203 153748 40% 27 44417 3763  6%
c p 1090.10 161 37 283 463586 12075071 173050 41% 27 44417 3763  6%
c W 1092.93 161 38 283 463593 12090336 187189 42% 27 44417 3763  6%
c - 1100.86 127 44 284 463609 12141404 155990 44% 33 44417 3763  6%
c - 1116.46 161 46 285 463634 12226905 156899 46% 36 44417 3763  6%
c I 1119.44 161 47 285 463635 12246337 173198 47% 37 44417 3763  6%
c - 1126.68 127 50 286 463636 12312707 161594 46% 36 44417 3763  6%
c - 1136.85 160 49 287 463669 12398810 158391 48% 36 44417 3763  6%
c 
c   seconds     reductions           redundant    irredundant
c            MB       restarts               trail      variables
c             level          conflicts           glue        remaining
c 
c B 1137.49 160 49 287 463672 12403339 162299 48% 36 44417 3763  6%
c p 1141.16 160 47 287 463681 12425073 183150 49% 35 44417 3763  6%
c - 1153.59 127 44 288 463698 12485211 154563 50% 35 44417 3763  6%
c W 1167.40 127 41 288 463723 12561342 218385 50% 33 44417 3763  6%
c - 1169.81 160 41 289 463728 12571911 159419 50% 33 44417 3763  6%
c s 1170.07 160 41 289 463728 12571911 159276 50% 33 44417 3763  6%
c v 1170.33 160 41 289 463728 12571911 159276 50% 33 44416 3763  6%
c w 1170.68 160 41 289 463728 12571911 159262 50% 33 44416 3763  6%
c s 1170.87 160 41 289 463728 12571911 159135 50% 33 44415 3763  6%
c - 1184.93 127 45 290 463759 12658911 158641 51% 36 44415 3763  6%
c O 1194.56 127 46 290 463762 12720343 212770 51% 36 44415 3763  6%
c - 1197.64 163 42 291 463762 12746212 164195 49% 33 44415 3763  6%
c p 1202.02 163 40 291 463763 12780073 198865 47% 31 44415 3763  6%
c - 1209.07 127 46 292 463763 12833812 165815 47% 34 44415 3763  6%
c B 1216.39 127 48 292 463763 12880346 209454 46% 36 44415 3763  6%
c - 1220.94 164 52 293 463764 12921712 170611 48% 36 44415 3763  6%
c - 1234.87 127 52 294 463764 13009912 166403 50% 38 44415 3763  6%
c W 1241.42 127 52 294 463764 13041349 195375 50% 39 44415 3763  6%
c - 1253.27 160 50 295 463764 13098412 163416 50% 39 44415 3763  6%
c p 1259.82 160 49 295 463764 13140073 199056 50% 39 44415 3763  6%
c 
c   seconds     reductions           redundant    irredundant
c            MB       restarts               trail      variables
c             level          conflicts           glue        remaining
c 
c - 1267.70 127 49 296 463771 13187217 162550 51% 39 44415 3763  6%
c I 1271.02 127 49 296 463779 13203351 175549 52% 39 44415 3763  6%
c - 1280.38 159 56 297 463805 13276317 160226 50% 43 44415 3763  6%
c - 1293.25 127 55 298 463827 13365718 161570 48% 42 44415 3763  6%
c B 1293.33 127 55 298 463827 13366353 162134 48% 42 44415 3763  6%
c - 1300.54 129 52 299 463858 13455419 161534 46% 36 44415 3763  6%
c p 1306.75 129 50 299 463880 13505074 208690 48% 36 44415 3763  6%
c W 1311.04 129 49 299 463889 13530354 230564 48% 35 44415 3763  6%
c - 1313.35 163 48 300 463890 13545421 161780 48% 35 44415 3763  6%
c - 1326.64 129 46 301 463891 13635721 167435 48% 34 44415 3763  6%
c O 1336.02 129 47 301 463919 13695359 221449 48% 35 44415 3763  6%
c - 1339.08 165 48 302 463922 13726322 173513 48% 34 44415 3763  6%
c - 1345.44 129 40 303 463954 13817222 160266 35% 30 44415 3763  6%
c B 1347.89 129 35 303 463967 13861360 193836 28% 28 44415 3763  6%
c p 1349.20 129 38 303 463969 13875074 209234 29% 28 44415 3763  6%
c - 1352.13 129 41 304 463984 13908422 159814 33% 29 44415 3763  6%
c - 1363.46 151 45 305 464016 13999923 160778 40% 34 44415 3763  6%
c W 1367.64 151 47 305 464017 14028362 186286 41% 36 44415 3763  6%
c - 1376.84 151 48 306 464018 14091724 167252 44% 36 44415 3763  6%
c - 1393.45 151 48 307 464019 14183825 176180 46% 37 44415 3763  6%
c 
c   seconds     reductions           redundant    irredundant
c            MB       restarts               trail      variables
c             level          conflicts           glue        remaining
c 
c I 1395.37 151 48 307 464019 14196363 187610 46% 37 44415 3763  6%
c p 1401.08 151 57 307 464026 14250074 240008 45% 40 44415 3763  6%
c - 1404.22 107 58 308 464036 14276225 174859 45% 41 44415 3763  6%
c B 1416.10 107 64 308 464071 14365366 254794 46% 47 44415 3763  6%
c - 1416.85 109 64 309 464072 14368926 170190 46% 47 44415 3763  6%
c - 1433.98 109 60 310 464096 14461926 161984 49% 47 44415 3763  6%
c W 1447.95 109 54 310 464120 14535368 220896 49% 43 44415 3763  6%
c - 1452.09 104 52 311 464128 14555227 159993 49% 42 44415 3763  6%
c s 1452.34 104 52 311 464128 14555227 159741 49% 42 44415 3763  6%
c v 1452.58 104 52 311 464128 14555227 159741 49% 42 44415 3763  6%
c w 1453.04 104 52 311 464128 14555227 159724 49% 42 44415 3763  6%
c t 1453.04 104 52 311 464128 14555227 159723 49% 42 44415 3763  6%
c s 1453.29 104 52 311 464128 14555227 159441 49% 42 44410 3763  6%
c p 1466.22 104 46 311 464145 14630075 218159 48% 38 44410 3762  6%
c - 1469.68 134 44 312 464146 14648827 161479 48% 37 44410 3762  6%
c O 1478.82 134 43 312 464146 14706369 205817 47% 36 44410 3762  6%
c - 1481.83 134 44 313 464164 14742727 166434 46% 35 44410 3762  6%
c - 1491.84 134 42 314 464201 14836929 170538 41% 30 44410 3762  6%
c B 1494.91 134 40 314 464209 14878370 207390 39% 29 44410 3762  6%
c - 1500.55 134 49 315 464224 14931429 171021 40% 33 44410 3762  6%
c 
c   seconds     reductions           redundant    irredundant
c            MB       restarts               trail      variables
c             level          conflicts           glue        remaining
c 
c s 1502.64 134 52 315 464230 14946931 184177 41% 36 44410 3762  6%
c v 1502.81 134 52 315 464230 14946931 184177 41% 36 44408 3762  6%
c w 1502.97 134 52 315 464230 14946931 184155 41% 36 44408 3762  6%
c s 1503.33 134 52 315 464230 14946931 184101 41% 36 44408 3762  6%
c p 1512.31 134 55 315 464255 15015075 243069 43% 41 44408 3762  6%
c - 1513.86 134 55 316 464258 15026230 167064 43% 41 44408 3762  6%
c W 1517.43 134 55 316 464270 15051371 188209 43% 42 44408 3762  6%
c - 1526.26 162 53 317 464273 15121330 166613 44% 41 44408 3762  6%
c - 1540.08 162 50 318 464274 15216733 168692 43% 41 44408 3762  6%
c I 1541.29 162 50 318 464274 15225372 175937 43% 41 44408 3762  6%
c - 1551.73 162 55 319 464275 15312435 173942 44% 41 44408 3762  6%
c B 1564.61 162 55 319 464275 15400374 256199 46% 41 44408 3762  6%
c p 1565.64 162 55 319 464275 15405075 263078 46% 41 44408 3762  6%
c - 1566.19 111 56 320 464275 15408435 182002 46% 41 44408 3762  6%
c - 1578.82 106 58 321 464275 15504735 172864 44% 43 44408 3762  6%
c W 1589.92 106 57 321 464276 15576377 234501 43% 43 44408 3762  6%
c - 1593.97 107 57 322 464276 15601337 178342 43% 44 44408 3762  6%
c - 1608.74 107 57 323 464276 15698237 172545 45% 46 44408 3762  6%
c O 1616.09 107 55 323 464276 15753379 216924 45% 45 44408 3762  6%
c - 1619.06 104 46 324 464276 15795439 174462 39% 36 44408 3762  6%
c 
c   seconds     reductions           redundant    irredundant
c            MB       restarts               trail      variables
c             level          conflicts           glue        remaining
c 
c p 1619.48 104 45 324 464276 15800076 181452 39% 36 44408 3762  6%
c - 1632.33 154 46 325 464276 15892939 179898 42% 34 44408 3762  6%
c B 1638.99 154 45 325 464276 15931380 216883 43% 33 44408 3762  6%
c - 1649.59 162 49 326 464276 15990742 189854 45% 35 44408 3762  6%
c - 1667.21 160 50 327 464276 16088842 188586 47% 37 44408 3762  6%
c W 1671.99 160 50 327 464277 16110381 207943 47% 38 44408 3762  6%
c - 1689.26 163 49 328 464277 16187242 189004 47% 39 44408 3762  6%
c p 1691.88 163 49 328 464277 16200082 202401 47% 39 44408 3762  6%
c - 1706.34 156 46 329 464277 16285943 191894 45% 35 44408 3762  6%
c I 1707.12 156 46 329 464277 16290382 196031 45% 35 44408 3762  6%
c ] 1721.64 156 50 329 464277 16383010 275661 46% 40 44408 3762  6%
c { 1721.64 156 29 329 464277 16383010 275661 25% 14 44408 3762  6%
c - 1722.33 147 29 330 464417 16384945 178413 25% 14 44408 3762  6%
c s 1724.67 147 26 330 464935 16414189 201950 24% 14 44407 3762  6%
c v 1724.96 147 26 330 464935 16414189 201950 24% 14 44406 3762  6%
c w 1725.54 147 26 330 464935 16414189 201919 24% 14 44406 3762  6%
c s 1726.07 147 26 330 464935 16414189 201532 24% 14 44405 3762  6%
c F 1733.10 147 27 330 469683 16471386 251263 24% 14 44405 3762  6%
c - 1734.41 128 26 331 470127 16484245 179507 24% 13 44405 3762  6%
c - 1741.58 128 25 332 482327 16583845 178070 23% 14 44405 3762  6%
c 
c   seconds     reductions           redundant    irredundant
c            MB       restarts               trail      variables
c             level          conflicts           glue        remaining
c 
c p 1742.25 128 24 332 482520 16605082 197344 23% 14 44405 3762  6%
c B 1743.62 128 21 332 483340 16653387 232842 23% 14 44405 3762  6%
c - 1746.53 128 23 333 485791 16683747 173416 24% 14 44405 3762  6%
c - 1751.87 128 22 334 490455 16783949 175472 25% 13 44405 3762  6%
c W 1756.32 128 22 334 494160 16836388 219039 25% 13 44405 3762  6%
c - 1760.83 128 23 335 498172 16884449 180709 25% 13 44405 3762  6%
c - 1769.43 128 22 336 507109 16985249 186128 25% 13 44405 3762  6%
c 3 1771.67 128 21 336 509918 17015082 209125 25% 13 44405 3762  6%
c p 1771.77 128 21 336 509918 17015082 210378 25% 13 44405 3762  6%
c # 1772.70 128 22 336 510497 17020389 215200 25% 13 44405 3762  6%
c s 1774.35 128 22 336 513623 17047265 234535 25% 13 44403 3762  6%
c v 1774.55 128 22 336 513623 17047265 234535 25% 13 44401 3762  6%
c w 1774.91 128 22 336 513623 17047265 234504 25% 13 44401 3762  6%
c t 1774.91 128 22 336 513623 17047265 234502 25% 13 44401 3762  6%
c s 1775.46 128 22 336 513623 17047265 233349 25% 13 44401 3762  6%
c - 1777.54 128 22 337 517293 17086350 187250 24% 13 44401 3762  6%
c - 1784.77 128 23 338 529295 17187750 185379 23% 14 44401 3762  6%
c B 1785.92 128 24 338 531216 17205391 200120 23% 14 44401 3762  6%
c - 1793.19 128 25 339 536506 17289450 189392 24% 14 44401 3762  6%
c W 1801.91 128 25 339 542873 17391394 275601 24% 14 44401 3762  6%
c 
c   seconds     reductions           redundant    irredundant
c            MB       restarts               trail      variables
c             level          conflicts           glue        remaining
c 
c - 1801.97 128 25 340 542873 17391450 188540 24% 14 44401 3762  6%
c p 1805.52 128 25 340 544309 17430083 224291 25% 14 44401 3762  6%
c s 1808.82 128 26 340 545909 17460344 250418 25% 14 44383 3762  6%
c v 1808.97 128 26 340 545909 17460344 250418 25% 14 44381 3762  6%
c w 1809.18 128 26 340 545909 17460344 250409 25% 14 44381 3762  6%
c e 1809.20 128 26 340 545909 17460344 250401 25% 14 44384 3761  6%
c s 1809.63 128 26 340 545909 17460344 250252 25% 14 44382 3761  6%
c - 1811.46 128 24 341 546173 17493754 189248 25% 13 44382 3761  6%
c F 1817.40 128 23 341 550860 17578397 260152 24% 13 44382 3761  6%
c - 1819.52 128 24 342 552608 17596354 188474 25% 13 44382 3761  6%
c - 1827.31 128 20 343 559052 17699254 185239 27% 12 44382 3761  6%
c B 1833.27 128 22 343 567710 17766399 243106 26% 13 44382 3761  6%
c - 1837.55 128 24 344 571693 17802454 196549 26% 13 44382 3761  6%
c p 1841.36 128 24 344 576393 17850087 238398 25% 14 44382 3761  6%
c s 1844.58 128 24 344 577906 17880519 263458 25% 13 44381 3761  6%
c v 1844.73 128 24 344 577906 17880519 263458 25% 13 44380 3761  6%
c w 1844.90 128 24 344 577906 17880519 263454 25% 13 44380 3761  6%
c e 1844.92 128 24 344 577906 17880519 262084 25% 13 44396 3760  6%
c s 1845.31 128 24 344 577906 17880519 261959 25% 13 44396 3760  6%
c - 1847.23 128 24 345 581236 17905955 194523 25% 14 44396 3760  6%
c 
c   seconds     reductions           redundant    irredundant
c            MB       restarts               trail      variables
c             level          conflicts           glue        remaining
c 
c W 1852.06 128 24 345 585970 17955400 237780 24% 14 44396 3760  6%
c - 1856.35 128 24 346 589346 18009755 194286 24% 13 44396 3760  6%
c - 1865.71 128 25 347 598585 18113856 196317 26% 13 44396 3760  6%
c # 1868.38 128 26 347 603551 18145401 223090 26% 14 44396 3760  6%
c - 1873.32 128 24 348 609785 18218256 195935 24% 14 44396 3760  6%
c p 1876.79 128 25 348 613970 18275090 245580 23% 14 44396 3760  6%
c s 1879.49 128 24 348 615790 18307915 272124 23% 15 44392 3760  6%
c w 1879.86 128 24 348 615790 18307915 272120 23% 15 44392 3760  6%
c s 1880.29 128 24 348 615790 18307915 272054 23% 15 44392 3760  6%
c - 1881.61 128 24 349 616140 18322956 192056 23% 14 44392 3760  6%
c B 1882.47 128 24 349 616387 18336402 203645 23% 14 44392 3760  6%
c - 1890.70 128 23 350 620280 18427956 194088 27% 13 44392 3760  6%
c W 1897.60 128 24 350 627974 18528407 278745 26% 14 44392 3760  6%
c - 1898.22 128 24 351 628440 18533256 197436 26% 14 44392 3760  6%
c - 1907.66 128 26 352 639630 18638856 197677 25% 14 44392 3760  6%
c p 1912.61 128 25 352 642922 18705090 257628 26% 14 44392 3760  6%
c F 1913.20 128 24 352 643584 18721409 270474 26% 14 44392 3760  6%
c s 1916.35 128 24 352 646396 18742418 288055 25% 14 44389 3760  6%
c v 1916.53 128 24 352 646396 18742418 288055 25% 14 44383 3760  6%
c w 1916.82 128 24 352 646396 18742418 288041 25% 14 44383 3760  6%
c 
c   seconds     reductions           redundant    irredundant
c            MB       restarts               trail      variables
c             level          conflicts           glue        remaining
c 
c s 1917.40 128 24 352 646396 18742418 287902 25% 14 44383 3760  6%
c - 1918.29 128 25 353 646714 18744758 202724 25% 14 44383 3760  6%
c - 1926.33 128 24 354 654616 18850959 197625 24% 14 44383 3760  6%
c B 1931.21 128 24 354 657162 18915410 254059 26% 14 44383 3760  6%
c - 1936.54 128 23 355 660546 18957460 200084 28% 14 44383 3760  6%
c - 1945.86 128 22 356 669727 19064260 200251 27% 13 44383 3760  6%
c W 1950.15 128 23 356 675657 19110412 238363 25% 14 44383 3760  6%
c p 1951.24 128 23 356 678724 19140090 264677 25% 14 44383 3760  6%
c - 1953.92 128 22 357 679812 19171360 201443 26% 14 44383 3760  6%
c s 1955.31 128 23 357 680709 19184009 211488 26% 14 44381 3760  6%
c w 1955.61 128 23 357 680709 19184009 211488 26% 14 44381 3760  6%
c s 1956.01 128 23 357 680709 19184009 211434 26% 14 44379 3760  6%
c - 1965.98 128 25 358 689455 19278760 202902 25% 14 44379 3760  6%
c # 1967.97 128 24 358 690449 19306415 227214 26% 13 44379 3760  6%
c - 1975.93 128 24 359 694965 19386460 204591 25% 13 44379 3760  6%
c - 1987.37 128 26 360 704482 19494461 208167 25% 14 44379 3760  6%
c B 1987.63 128 25 360 704509 19503419 214778 25% 14 44379 3760  6%
c p 1994.23 128 25 360 712473 19580090 280951 24% 14 44379 3760  6%
c - 1996.29 128 25 361 713334 19602762 202889 23% 14 44379 3760  6%
c s 2000.09 128 25 361 715338 19632707 229256 24% 14 44376 3760  6%
c 
c   seconds     reductions           redundant    irredundant
c            MB       restarts               trail      variables
c             level          conflicts           glue        remaining
c 
c v 2000.25 128 25 361 715338 19632707 229256 24% 14 44375 3760  6%
c w 2000.51 128 25 361 715338 19632707 229252 24% 14 44375 3760  6%
c s 2000.99 128 25 361 715338 19632707 229187 24% 14 44375 3760  6%
c W 2011.78 128 26 361 719795 19701421 290374 24% 14 44375 3760  6%
c - 2013.37 128 26 362 720400 19711362 209856 25% 14 44375 3760  6%
c - 2024.51 128 26 363 728371 19820265 211726 26% 14 44375 3760  6%
c F 2030.45 128 24 363 735641 19900423 279422 24% 14 44375 3760  6%
c - 2033.65 128 25 364 738741 19929466 209940 24% 15 44375 3760  6%
c p 2038.49 128 22 364 740411 20025090 289507 25% 14 44375 3760  6%
c - 2039.62 128 22 365 740536 20038966 203703 26% 14 44375 3760  6%
c s 2044.32 128 23 365 743146 20088510 245748 26% 13 44374 3760  6%
c w 2044.70 128 23 365 743146 20088510 245744 26% 13 44374 3760  6%
c s 2045.22 128 23 365 743146 20088510 245687 26% 13 44374 3760  6%
c B 2046.41 128 23 365 745166 20100425 256197 26% 13 44374 3760  6%
c - 2050.39 134 23 366 750294 20148766 209757 24% 14 44374 3760  6%
c - 2061.29 134 24 367 758761 20258868 214418 25% 13 44374 3760  6%
c W 2064.96 134 23 367 760508 20301426 250131 25% 13 44374 3760  6%
c - 2072.20 134 23 368 764769 20369271 213059 26% 13 44374 3760  6%
c p 2084.38 134 23 368 773973 20475091 303587 26% 13 44374 3760  6%
c - 2084.98 135 23 369 774015 20479971 213161 26% 13 44374 3760  6%
c 
c   seconds     reductions           redundant    irredundant
c            MB       restarts               trail      variables
c             level          conflicts           glue        remaining
c 
c # 2086.19 135 22 369 775727 20503427 233347 26% 13 44374 3760  6%
c s 2091.35 135 20 369 778034 20551430 268093 27% 12 44369 3760  6%
c w 2091.85 135 20 369 778034 20551430 268079 27% 12 44369 3760  6%
c t 2091.85 135 20 369 778034 20551430 268078 27% 12 44369 3760  6%
c s 2092.53 135 20 369 778034 20551430 267742 27% 12 44369 3760  6%
c - 2096.87 135 22 370 783501 20590971 214962 26% 13 44369 3760  6%
c - 2103.43 135 21 371 789690 20702272 211240 24% 13 44369 3760  6%
c B 2104.04 135 21 371 790123 20706429 215164 24% 13 44369 3760  6%
c - 2114.49 135 25 372 802881 20813874 215845 25% 14 44369 3760  6%
c W 2124.88 135 24 372 809722 20910434 297951 25% 14 44369 3760  6%
c - 2127.77 135 25 373 812392 20925774 217832 25% 14 44369 3760  6%
c p 2128.03 135 24 373 812825 20930101 223836 24% 14 44369 3760  6%
c - 2133.66 135 20 374 817100 21037974 212533 26% 13 44369 3760  6%
c F 2139.34 135 21 374 824673 21115435 277195 25% 13 44369 3760  6%
c - 2142.45 135 20 375 825307 21150474 211753 27% 13 44369 3760  6%
c s 2153.42 135 22 375 833190 21255383 299573 26% 13 44365 3760  6%
c w 2154.06 135 22 375 833190 21255383 299569 26% 13 44365 3760  6%
c s 2154.64 135 22 375 833190 21255383 299414 26% 13 44365 3760  6%
c - 2156.87 135 23 376 834604 21263277 220156 26% 13 44365 3760  6%
c B 2164.16 135 25 376 843144 21321441 270327 26% 14 44365 3760  6%
c 
c   seconds     reductions           redundant    irredundant
c            MB       restarts               trail      variables
c             level          conflicts           glue        remaining
c 
c - 2168.00 136 25 377 846163 21376378 223087 26% 14 44365 3760  6%
c p 2169.64 136 25 377 846912 21390101 237324 26% 14 44365 3760  6%
c - 2177.84 136 24 378 852368 21489781 219409 26% 14 44365 3760  6%
c W 2181.05 136 23 378 854803 21528442 251681 26% 14 44365 3760  6%
c - 2190.06 136 25 379 862556 21603482 222916 25% 14 44365 3760  6%
c - 2200.77 138 25 380 869534 21717485 224103 25% 14 44365 3760  6%
c s 2202.33 138 24 380 870826 21732506 235933 26% 14 44362 3760  6%
c w 2202.77 138 24 380 870826 21732506 235932 26% 14 44362 3760  6%
c s 2203.36 138 24 380 870826 21732506 235809 26% 14 44361 3760  6%
c # 2203.88 138 24 380 871153 21736443 239159 26% 14 44361 3760  6%
c - 2211.75 138 23 381 875483 21831787 219826 25% 13 44361 3760  6%
c p 2213.23 138 22 381 876260 21855104 240586 25% 13 44361 3760  6%
c B 2222.53 138 22 381 882922 21945445 314526 26% 13 44361 3760  6%
c - 2222.70 138 22 382 883001 21946388 219692 26% 13 44361 3760  6%
c - 2231.56 138 19 383 890915 22061288 223649 28% 12 44361 3760  6%
c W 2242.04 138 20 383 898872 22155448 301960 28% 12 44361 3760  6%
c - 2244.34 138 20 384 899891 22176492 227564 28% 12 44361 3760  6%
c s 2248.66 138 21 384 906600 22216734 260268 26% 13 44360 3760  6%
c v 2248.83 138 21 384 906600 22216734 260268 26% 13 44358 3760  6%
c w 2249.15 138 21 384 906600 22216734 260260 26% 13 44358 3760  6%
c 
c   seconds     reductions           redundant    irredundant
c            MB       restarts               trail      variables
c             level          conflicts           glue        remaining
c 
c s 2249.85 138 21 384 906600 22216734 260069 26% 13 44357 3760  6%
c - 2258.01 138 22 385 912131 22291992 233972 25% 13 44357 3760  6%
c 2 2263.42 138 24 385 915171 22325105 265374 25% 13 44357 3760  6%
c p 2263.51 138 24 385 915171 22325105 266236 25% 13 44357 3760  6%
c F 2268.07 138 25 385 919645 22366449 302005 25% 14 44357 3760  6%
c - 2273.29 138 23 386 922985 22407792 230996 26% 13 44357 3760  6%
c - 2285.74 138 23 387 932078 22523893 230158 26% 13 44357 3760  6%
c B 2290.19 138 21 387 934214 22578450 276203 28% 13 44357 3760  6%
c - 2297.25 138 22 388 941060 22640293 230350 27% 13 44357 3760  6%
c s 2304.76 138 21 388 944709 22708064 283165 29% 12 44354 3760  6%
c v 2304.95 138 21 388 944709 22708064 283165 29% 12 44352 3760  6%
c w 2305.27 138 21 388 944709 22708064 283157 29% 12 44352 3760  6%
c t 2305.27 138 21 388 944709 22708064 283156 29% 12 44352 3760  6%
c s 2305.35 138 21 388 944709 22708064 283152 29% 12 44352 3760  6%
c - 2309.71 138 22 389 951154 22756994 227497 26% 13 44352 3760  6%
c W 2313.21 138 23 389 957640 22791451 257112 25% 14 44352 3760  6%
c p 2314.32 138 22 389 957869 22800105 267002 25% 14 44352 3760  6%
c - 2322.60 138 21 390 963813 22873994 228388 26% 13 44352 3760  6%
c - 2333.61 138 21 391 971188 22991294 235527 27% 13 44352 3760  6%
c # 2334.91 138 22 391 973068 23005452 248134 27% 13 44352 3760  6%
c 
c   seconds     reductions           redundant    irredundant
c            MB       restarts               trail      variables
c             level          conflicts           glue        remaining
c 
c - 2346.21 138 23 392 981873 23108895 236180 27% 13 44352 3760  6%
c s 2354.65 138 21 392 988537 23206492 313917 27% 13 44348 3760  6%
c w 2355.18 138 21 392 988537 23206492 313908 27% 13 44348 3760  6%
c s 2355.37 138 21 392 988537 23206492 313793 27% 13 44348 3760  6%
c B 2356.61 138 20 392 988608 23220454 324240 27% 13 44348 3760  6%
c - 2358.12 138 21 393 989212 23226798 231855 27% 13 44348 3760  6%
c p 2362.72 138 18 393 990414 23280105 273116 28% 12 44348 3760  6%
c - 2371.76 138 22 394 999462 23344998 230930 27% 13 44348 3760  6%
c W 2380.12 138 22 394 1007677 23436456 306230 26% 13 44348 3760  6%
c - 2383.41 138 23 395 1012979 23463504 238839 25% 14 44348 3760  6%
c - 2396.11 138 25 396 1024004 23582304 237607 26% 14 44348 3760  6%
c F 2400.64 138 22 396 1027852 23653458 296238 26% 13 44348 3760  6%
c - 2405.17 138 23 397 1031838 23701406 233527 27% 14 44348 3760  6%
c s 2407.88 138 24 397 1033172 23712022 240414 27% 14 44345 3760  6%
c w 2408.38 138 24 397 1033172 23712022 240411 27% 14 44345 3760  6%
c t 2408.38 138 24 397 1033172 23712022 240409 27% 14 44345 3760  6%
c s 2408.45 138 24 397 1033172 23712022 240401 27% 14 44345 3760  6%
c p 2414.15 138 24 397 1035605 23765108 288474 27% 14 44345 3760  6%
c - 2417.82 138 21 398 1039303 23820808 234551 26% 13 44345 3760  6%
c B 2422.77 138 20 398 1042774 23871462 274969 27% 13 44345 3760  6%
c 
c   seconds     reductions            redundant    irredundant
c            MB        restarts               trail      variables
c             level           conflicts           glue        remaining
c 
c - 2427.53 138 20 399 1050481 23940508 230665 23% 13 44345 3760  6%
c - 2442.72 138 24 400 1062627 24060508 241839 25% 14 44345 3760  6%
c W 2447.47 138 25 400 1065496 24090463 267877 25% 14 44345 3760  6%
c - 2457.54 144 25 401 1072711 24180808 240723 26% 14 44345 3760  6%
c s 2461.28 144 24 401 1076402 24224660 276636 26% 14 44341 3760  6%
c w 2461.79 144 24 401 1076402 24224660 276617 26% 14 44341 3760  6%
c s 2462.00 144 24 401 1076402 24224660 276540 26% 14 44341 3760  6%
c 3 2466.10 144 25 401 1079683 24255109 304368 26% 14 44341 3760  6%
c p 2466.25 144 25 401 1079683 24255109 305662 26% 14 44341 3760  6%
c - 2470.07 144 21 402 1079947 24301408 242161 28% 13 44341 3760  6%
c # 2470.80 144 20 402 1079965 24310465 249555 29% 12 44341 3760  6%
c - 2481.45 144 16 403 1083451 24422309 233189 30% 11 44341 3760  6%
c B 2490.29 144 17 403 1092990 24531468 315827 28% 11 44341 3760  6%
c - 2492.37 144 18 404 1095788 24543509 245364 27% 12 44341 3760  6%
c - 2502.44 144 22 405 1114054 24665009 250417 24% 13 44341 3760  6%
c s 2510.52 144 23 405 1120209 24744397 311629 25% 13 44335 3760  6%
c w 2511.12 144 23 405 1120209 24744397 311613 25% 13 44335 3760  6%
c t 2511.12 144 23 405 1120209 24744397 311612 25% 13 44335 3760  6%
c s 2511.21 144 23 405 1120209 24744397 311563 25% 13 44335 3760  6%
c 3 2511.44 144 23 405 1120490 24750109 317731 25% 13 44335 3760  6%
c 
c   seconds     reductions            redundant    irredundant
c            MB        restarts               trail      variables
c             level           conflicts           glue        remaining
c 
c p 2511.58 144 23 405 1120490 24750109 318698 25% 13 44335 3760  6%
c W 2512.93 144 23 405 1120697 24753471 321456 25% 13 44335 3760  6%
c - 2516.56 144 23 406 1124772 24786812 241602 25% 14 44335 3760  6%
c - 2527.90 144 23 407 1132422 24908912 237828 25% 14 44335 3760  6%
c F 2532.01 144 21 407 1134079 24976474 295204 25% 13 44335 3760  6%
c - 2537.02 164 21 408 1138331 25031315 236130 25% 13 44335 3760  6%
c - 2550.12 164 24 409 1150956 25154015 242536 25% 14 44335 3760  6%
c B 2552.90 164 23 409 1153599 25200475 281076 24% 14 44335 3760  6%
c p 2558.02 164 23 409 1157663 25250109 325629 24% 14 44335 3760  6%
c - 2560.05 164 23 410 1159770 25277016 238560 24% 14 44335 3760  6%
c s 2565.22 164 23 410 1164205 25331142 282981 24% 14 44332 3760  6%
c v 2565.41 164 23 410 1164205 25331142 282981 24% 14 44330 3760  6%
c w 2565.88 164 23 410 1164205 25331142 282966 24% 14 44330 3760  6%
c t 2565.89 164 23 410 1164205 25331142 282965 24% 14 44330 3760  6%
c s 2566.15 164 23 410 1164205 25331142 282872 24% 14 44330 3760  6%
c - 2572.58 101 24 411 1170071 25400318 241435 24% 14 44330 3760  6%
c W 2575.19 101 23 411 1171672 25425476 261588 23% 14 44330 3760  6%
c - 2586.00 127 24 412 1176458 25523920 239645 26% 14 44330 3760  6%
c - 2599.61 151 24 413 1184922 25647823 247450 26% 14 44330 3760  6%
c # 2599.80 151 24 413 1185781 25651479 250678 26% 14 44330 3760  6%
c 
c   seconds     reductions            redundant    irredundant
c            MB        restarts               trail      variables
c             level           conflicts           glue        remaining
c 
c 3 2609.34 151 18 413 1188010 25755110 331405 28% 11 44330 3760  6%
c 2 2609.37 151 18 413 1188010 25755110 331404 28% 11 44330 3760  6%
c p 2609.50 151 18 413 1188010 25755110 332344 28% 11 44330 3760  6%
c i 2609.99 151 17 413 1188014 25760102 335554 29% 11 44330 3758  6%
c - 2613.29 151 19 414 1190683 25772025 183016 29% 12 44320 3758  6%
c s 2623.03 151 22 414 1206026 25865064 261068 26% 14 44284 3758  6%
c v 2623.21 151 22 414 1206026 25865064 261068 26% 14 44281 3758  6%
c w 2623.64 151 22 414 1206026 25865064 261042 26% 14 44281 3758  6%
c e 2623.66 151 22 414 1206026 25865064 257507 26% 14 44302 3756  6%
c s 2623.95 151 22 414 1206026 25865064 257353 26% 14 44300 3756  6%
c B 2625.72 151 23 414 1208632 25878480 268567 26% 14 44300 3756  6%
c - 2627.34 151 24 415 1209570 25896525 231338 26% 14 44300 3756  6%
c - 2637.13 151 23 416 1215801 26021325 236564 25% 14 44300 3756  6%
c W 2646.54 151 24 416 1221084 26106481 310856 25% 13 44300 3756  6%
c - 2650.75 151 23 417 1224896 26146425 242798 25% 13 44300 3756  6%
c d 2660.24 151 24 417 1238507 26265111 341098 23% 14 44300 3755  6%
c p 2660.39 151 24 417 1238507 26265111 343564 23% 14 44300 3755  6%
c - 2660.66 151 23 418 1238637 26271826 242522 23% 14 44300 3755  6%
c F 2664.90 151 23 418 1241018 26335483 297299 23% 14 44300 3755  6%
c - 2669.32 151 23 419 1244059 26397526 241952 24% 14 44300 3755  6%
c 
c   seconds     reductions            redundant    irredundant
c            MB        restarts               trail      variables
c             level           conflicts           glue        remaining
c 
c s 2670.32 151 23 419 1245316 26406191 248218 24% 14 44296 3755  6%
c v 2670.49 151 23 419 1245316 26406191 248218 24% 14 44292 3755  6%
c w 2670.83 151 23 419 1245316 26406191 248206 24% 14 44292 3755  6%
c e 2670.84 151 23 419 1245316 26406191 248203 24% 14 44303 3754  6%
c s 2671.00 151 23 419 1245316 26406191 248171 24% 14 44303 3754  6%
c - 2684.39 151 23 420 1253124 26523526 249124 25% 14 44303 3754  6%
c B 2688.24 151 23 420 1254290 26565484 284609 27% 14 44303 3754  6%
c - 2696.86 151 23 421 1260442 26649826 248198 26% 14 44303 3754  6%
c - 2710.79 151 25 422 1269771 26776430 248145 26% 14 44303 3754  6%
c 3 2710.99 151 25 422 1269795 26780111 252786 26% 14 44303 3754  6%
c p 2711.10 151 25 422 1269795 26780111 253545 26% 14 44303 3754  6%
c W 2712.63 151 24 422 1269835 26796486 266679 26% 14 44303 3754  6%
c - 2721.02 151 23 423 1277113 26903330 246940 26% 14 44303 3754  6%
c s 2726.48 151 24 423 1281658 26954573 292261 26% 14 44303 3754  6%
c v 2726.66 151 24 423 1281658 26954573 292261 26% 14 44302 3754  6%
c w 2727.01 151 24 423 1281658 26954573 292245 26% 14 44302 3754  6%
c s 2727.22 151 24 423 1281658 26954573 292213 26% 14 44297 3754  6%
c # 2733.00 151 23 423 1283539 27028490 352537 26% 14 44297 3754  6%
c - 2733.41 151 22 424 1283674 27030530 251218 26% 13 44297 3754  6%
c - 2749.70 151 24 425 1291353 27158031 255348 27% 14 44297 3754  6%
c 
c   seconds     reductions            redundant    irredundant
c            MB        restarts               trail      variables
c             level           conflicts           glue        remaining
c 
c B 2761.84 151 26 425 1300391 27261494 345266 26% 14 44297 3754  6%
c - 2763.66 151 25 426 1301048 27285832 258361 26% 14 44297 3754  6%
c d 2765.01 151 25 426 1302557 27300115 270726 26% 14 44297 3753  6%
c 3 2765.03 151 25 426 1302557 27300115 271949 26% 14 44297 3753  6%
c p 2765.15 151 25 426 1302557 27300115 273014 26% 14 44297 3753  6%
c - 2775.56 151 23 427 1309176 27413932 251299 24% 14 44297 3753  6%
c W 2782.13 151 21 427 1312887 27495495 315562 24% 13 44297 3753  6%
c s 2786.06 151 22 427 1314401 27510044 328166 24% 13 44297 3753  6%
c v 2786.25 151 22 427 1314401 27510044 328166 24% 13 44293 3753  6%
c w 2786.80 151 22 427 1314401 27510044 328148 24% 13 44293 3753  6%
c s 2787.10 151 22 427 1314401 27510044 327940 24% 13 44293 3753  6%
c - 2793.23 151 23 428 1318951 27542332 253865 24% 14 44293 3753  6%
c - 2808.18 151 25 429 1328814 27671032 260227 25% 14 44293 3753  6%
c F 2812.11 151 23 429 1331786 27730496 308929 24% 14 44293 3753  6%
c - 2822.42 155 25 430 1336341 27800035 258293 25% 14 44293 3753  6%
c 3 2823.79 155 24 430 1338309 27825115 280283 25% 14 44293 3753  6%
c p 2823.94 155 24 430 1338309 27825115 280913 25% 14 44293 3753  6%
c - 2831.96 180 21 431 1343635 27929335 251098 26% 13 44293 3753  6%
c B 2836.11 180 23 431 1349040 27966498 283708 25% 14 44293 3753  6%
c - 2849.67 109 25 432 1358186 28058936 260131 25% 14 44293 3753  6%
c 
c   seconds     reductions            redundant    irredundant
c            MB        restarts               trail      variables
c             level           conflicts           glue        remaining
c 
c s 2851.65 112 24 432 1358677 28072678 271789 25% 14 44293 3753  6%
c v 2851.87 112 24 432 1358677 28072678 271789 25% 14 44292 3753  6%
c w 2852.40 112 24 432 1358677 28072678 271779 25% 14 44292 3753  6%
c s 2852.68 112 24 432 1358677 28072678 271723 25% 14 44290 3753  6%
c - 2869.20 138 25 433 1367683 28188841 266696 29% 14 44290 3753  6%
c W 2871.15 138 25 433 1368944 28203499 279848 29% 14 44290 3753  6%
c - 2884.13 161 25 434 1377625 28319041 266502 26% 14 44290 3753  6%
c 3 2886.95 161 24 434 1379173 28355116 298772 26% 14 44290 3753  6%
c p 2887.08 161 24 434 1379173 28355116 299427 26% 14 44290 3753  6%
c # 2893.54 161 23 434 1385716 28441501 372704 26% 14 44290 3753  6%
c - 2894.14 161 23 435 1386253 28449541 259966 26% 14 44290 3753  6%
c - 2908.63 161 25 436 1394286 28580341 259280 25% 14 44290 3753  6%
c s 2920.56 161 24 436 1400695 28678541 342854 26% 14 44290 3753  6%
c v 2920.76 161 24 436 1400695 28678541 342854 26% 14 44287 3753  6%
c w 2921.21 161 24 436 1400695 28678541 342847 26% 14 44287 3753  6%
c s 2921.49 161 24 436 1400695 28678541 342816 26% 14 44287 3753  6%
c B 2922.09 161 25 436 1400907 28680502 344626 26% 14 44287 3753  6%
c - 2926.74 161 24 437 1402346 28711442 264337 27% 14 44287 3753  6%
c - 2937.70 161 23 438 1411015 28842842 261539 25% 14 44287 3753  6%
c 3 2940.76 161 22 438 1413032 28890116 301737 24% 14 44287 3753  6%
c 
c   seconds     reductions            redundant    irredundant
c            MB        restarts               trail      variables
c             level           conflicts           glue        remaining
c 
c p 2940.90 161 22 438 1413032 28890116 302411 24% 14 44287 3753  6%
c W 2946.23 161 23 438 1414942 28920503 329651 25% 14 44287 3753  6%
c - 2952.27 161 23 439 1417048 28974545 263161 25% 14 44287 3753  6%
c - 2964.75 161 21 440 1427103 29106545 262435 25% 13 44287 3753  6%
c F 2971.34 161 22 440 1431532 29161505 310686 25% 13 44287 3753  6%
c - 2979.82 161 23 441 1440393 29238845 268851 25% 14 44287 3753  6%
c s 2981.98 161 23 441 1441696 29255387 282124 25% 14 44284 3753  6%
c v 2982.17 161 23 441 1441696 29255387 282124 25% 14 44282 3753  6%
c w 2982.52 161 23 441 1441696 29255387 282111 25% 14 44282 3753  6%
c e 2982.54 161 23 441 1441696 29255387 282104 25% 14 44295 3752  6%
c s 2982.77 161 23 441 1441696 29255387 282010 25% 14 44294 3752  6%
c - 2997.37 186 24 442 1451941 29371447 266255 25% 14 44294 3752  6%
c B 3002.16 186 25 442 1453785 29403506 294690 26% 14 44294 3752  6%
c p 3007.46 186 26 442 1456618 29430116 319541 26% 14 44294 3752  6%
c - 3017.56 113 25 443 1462299 29504349 272886 25% 14 44294 3752  6%
c - 3025.19 136 22 444 1466639 29637549 264076 25% 14 44294 3752  6%
c W 3027.22 136 22 444 1467343 29646510 271623 25% 14 44294 3752  6%
c - 3040.02 136 23 445 1476031 29771049 261519 25% 14 44294 3752  6%
c s 3045.88 136 23 445 1479947 29839454 318315 26% 14 44293 3752  6%
c v 3046.06 136 23 445 1479947 29839454 318315 26% 14 44289 3752  6%
c 
c   seconds     reductions            redundant    irredundant
c            MB        restarts               trail      variables
c             level           conflicts           glue        remaining
c 
c w 3046.41 136 23 445 1479947 29839454 318306 26% 14 44289 3752  6%
c s 3046.69 136 23 445 1479947 29839454 318273 26% 14 44289 3752  6%
c # 3054.79 136 24 445 1483340 29890512 363913 26% 14 44289 3752  6%
c - 3056.22 138 24 446 1483730 29904850 268079 26% 14 44289 3752  6%
c 3 3063.52 138 24 446 1490495 29975118 330875 24% 14 44289 3752  6%
c p 3063.66 138 24 446 1490495 29975118 331566 24% 14 44289 3752  6%
c - 3070.15 138 23 447 1493061 30038950 270831 25% 14 44289 3752  6%
c B 3079.19 138 24 447 1502747 30135516 351026 24% 14 44289 3752  6%
c - 3085.39 141 25 448 1505434 30173352 273318 25% 14 44289 3752  6%
c - 3099.43 141 24 449 1513205 30308052 271113 25% 14 44289 3752  6%
c W 3108.12 141 24 449 1517361 30381517 331963 25% 14 44289 3752  6%
c s 3115.90 141 23 449 1520250 30430616 372505 26% 13 44288 3752  6%
c v 3116.11 141 23 449 1520250 30430616 372505 26% 13 44287 3752  6%
c w 3116.72 141 23 449 1520250 30430616 372498 26% 13 44287 3752  6%
c s 3117.06 141 23 449 1520250 30430616 372457 26% 13 44286 3752  6%
c - 3118.52 141 24 450 1521612 30443054 272510 26% 13 44286 3752  6%
c p 3132.22 141 25 450 1529783 30525118 345968 26% 14 44286 3752  6%
c - 3139.61 164 25 451 1532181 30578355 277520 26% 14 44286 3752  6%
c F 3147.79 164 26 451 1536751 30628518 322547 27% 14 44286 3752  6%
c - 3158.36 164 25 452 1541758 30713955 278560 25% 14 44286 3752  6%
c 
c   seconds     reductions            redundant    irredundant
c            MB        restarts               trail      variables
c             level           conflicts           glue        remaining
c 
c - 3174.53 164 23 453 1550850 30849855 276466 26% 14 44286 3752  6%
c B 3176.15 164 23 453 1551953 30876520 300441 25% 14 44286 3752  6%
c - 3185.29 164 19 454 1553604 30986056 272270 29% 12 44286 3752  6%
c s 3189.25 164 17 454 1554138 31028887 303659 30% 12 44286 3752  6%
c v 3189.45 164 17 454 1554138 31028887 303659 30% 12 44284 3752  6%
c w 3189.83 164 17 454 1554138 31028887 303651 30% 12 44284 3752  6%
c s 3190.17 164 17 454 1554138 31028887 303622 30% 12 44284 3752  6%
c 3 3194.13 164 20 454 1565359 31080119 346944 26% 14 44284 3752  6%
c p 3194.27 164 20 454 1565359 31080119 347625 26% 14 44284 3752  6%
c - 3198.45 164 22 455 1571235 31122560 270717 25% 14 44284 3752  6%
c W 3199.55 164 21 455 1571581 31125521 272874 25% 14 44284 3752  6%
c - 3208.92 164 22 456 1579168 31259362 270378 26% 14 44284 3752  6%
c # 3220.28 164 21 456 1588311 31375523 365439 27% 13 44284 3752  6%
c - 3221.85 164 21 457 1589198 31396463 267300 26% 13 44284 3752  6%
c - 3236.67 164 21 458 1601197 31533864 276800 26% 14 44284 3752  6%
c B 3243.65 164 22 458 1608636 31626524 353245 24% 14 44284 3752  6%
c s 3245.15 164 21 458 1608747 31634267 359860 25% 13 44284 3752  6%
c v 3245.33 164 21 458 1608747 31634267 359860 25% 13 44283 3752  6%
c w 3245.83 164 21 458 1608747 31634267 359855 25% 13 44283 3752  6%
c s 3246.12 164 21 458 1608747 31634267 359837 25% 13 44281 3752  6%
c 
c   seconds     reductions            redundant    irredundant
c            MB        restarts               trail      variables
c             level           conflicts           glue        remaining
c 
c p 3246.93 164 21 458 1608790 31640120 366682 25% 13 44281 3752  6%
c - 3249.16 164 20 459 1609585 31671564 276705 26% 13 44281 3752  6%
c - 3264.21 167 23 460 1624001 31809564 281514 25% 14 44281 3752  6%
c W 3270.92 167 21 460 1626223 31878525 340484 26% 13 44281 3752  6%
c - 3278.86 167 21 461 1634728 31947864 278147 26% 13 44281 3752  6%
c - 3295.86 167 24 462 1646779 32086464 283834 26% 14 44281 3752  6%
c F 3298.79 167 23 462 1649946 32131527 321899 26% 14 44281 3752  6%
c 3 3308.53 167 23 462 1655517 32205120 386893 25% 14 44281 3752  6%
c 2 3308.57 167 23 462 1655517 32205120 386892 25% 14 44281 3752  6%
c p 3308.73 167 23 462 1655517 32205120 387571 25% 14 44281 3752  6%
c - 3312.89 172 24 463 1658095 32225364 282616 25% 14 44281 3752  6%
c s 3315.41 172 24 463 1658988 32246754 300406 25% 14 44281 3752  6%
c w 3316.09 172 24 463 1658988 32246754 300393 25% 14 44281 3752  6%
c s 3316.50 172 24 463 1658988 32246754 300310 25% 14 44280 3752  6%
c - 3332.06 172 25 464 1666564 32364564 288888 25% 14 44280 3752  6%
c B 3333.57 172 23 464 1666678 32385528 306405 27% 14 44280 3752  6%
c - 3350.93 172 24 465 1674024 32504066 286942 27% 14 44280 3752  6%
c W 3367.50 172 24 465 1683307 32640529 400090 26% 13 44280 3752  6%
c - 3367.98 172 24 466 1683364 32643867 283856 27% 13 44280 3752  6%
c } 3380.00 172 23 466 1697038 32767012 386749 24% 15 44280 3752  6%
c 
c   seconds     reductions            redundant    irredundant
c            MB        restarts               trail      variables
c             level           conflicts           glue        remaining
c 
c [ 3380.00 172 50 466 1697038 32767012 386749 46% 40 44280 3752  6%
c 3 3380.58 172 49 466 1697038 32775120 395409 45% 38 44280 3752  6%
c 2 3380.63 172 49 466 1697038 32775120 395408 45% 38 44280 3752  6%
c p 3380.77 172 49 466 1697038 32775120 396046 45% 38 44280 3752  6%
c - 3381.93 172 50 467 1697038 32783967 283871 45% 38 44280 3752  6%
c s 3393.79 172 57 467 1697038 32866355 362540 46% 41 44280 3752  6%
c v 3394.01 172 57 467 1697038 32866355 362540 46% 41 44278 3752  6%
c w 3394.63 172 57 467 1697038 32866355 362533 46% 41 44278 3752  6%
c s 3395.11 172 57 467 1697038 32866355 362490 46% 41 44276 3752  6%
c B 3400.20 172 57 467 1697038 32896531 390790 46% 42 44276 3752  6%
c - 3406.23 237 56 468 1697038 32924368 291006 46% 42 44276 3752  6%
c - 3436.77 172 51 469 1697038 33065069 278634 45% 40 44276 3752  6%
c W 3452.38 172 55 469 1697038 33153533 362824 47% 41 44276 3752  6%
c - 3463.59 234 57 470 1697038 33206069 281766 47% 42 44276 3752  6%
c - 3491.66 232 54 471 1697038 33347369 285967 45% 42 44276 3752  6%
c 3 3492.13 232 54 471 1697038 33350122 290036 45% 42 44276 3752  6%
c p 3492.29 232 54 471 1697038 33350122 290837 45% 42 44276 3752  6%
c O 3502.37 232 51 471 1697038 33411537 346342 45% 39 44276 3752  6%
c - 3511.49 172 41 472 1697038 33488971 291421 40% 29 44276 3752  6%
c - 3535.25 224 37 473 1697069 33630871 287846 40% 26 44276 3752  6%
c 
c   seconds     reductions            redundant    irredundant
c            MB        restarts               trail      variables
c             level           conflicts           glue        remaining
c 
c B 3541.96 224 35 473 1697087 33670543 323877 41% 26 44276 3752  6%
c - 3556.77 230 50 474 1697115 33773075 291176 46% 34 44276 3752  6%
c - 3586.34 232 58 475 1697163 33915575 289429 49% 42 44276 3752  6%
c p 3589.51 232 58 475 1697164 33930123 304682 49% 43 44276 3752  6%
c W 3590.76 232 58 475 1697164 33930545 305058 49% 43 44276 3752  6%
c - 3621.00 235 57 476 1697187 34058375 295034 48% 43 44276 3752  6%
c I 3648.96 235 48 476 1697228 34191547 413276 49% 37 44276 3752  6%
c - 3650.88 235 48 477 1697228 34201477 299430 47% 36 44276 3752  6%
c - 3671.94 174 51 478 1697282 34344877 294297 47% 35 44276 3752  6%
c B 3695.15 174 49 478 1697292 34453551 394375 48% 35 44276 3752  6%
c - 3701.54 233 55 479 1697293 34488581 300516 47% 39 44276 3752  6%
c p 3706.18 233 58 479 1697293 34515125 327639 48% 41 44276 3752  6%
c - 3732.11 234 60 480 1697304 34632585 297804 48% 45 44276 3752  6%
c W 3749.78 234 57 480 1697336 34716552 372363 47% 44 44276 3752  6%
c - 3760.99 174 53 481 1697355 34776886 290238 47% 42 44276 3752  6%
c - 3792.86 227 50 482 1697401 34921486 288623 47% 42 44276 3752  6%
c O 3805.40 227 48 482 1697418 34980553 334507 47% 40 44276 3752  6%
c - 3811.68 174 35 483 1697420 35066386 296726 38% 26 44276 3752  6%
c p 3815.23 174 34 483 1697435 35105126 335066 37% 24 44276 3752  6%
c - 3829.89 222 40 484 1697476 35211586 294599 42% 29 44276 3752  6%
c 
c   seconds     reductions            redundant    irredundant
c            MB        restarts               trail      variables
c             level           conflicts           glue        remaining
c 
c B 3835.37 222 40 484 1697482 35245554 323746 41% 30 44276 3752  6%
c - 3849.87 174 49 485 1697514 35357086 299889 44% 34 44276 3752  6%
c - 3878.31 228 57 486 1697547 35502887 293351 46% 42 44276 3752  6%
c W 3880.87 228 57 486 1697547 35511555 301350 46% 42 44276 3752  6%
c - 3911.00 174 56 487 1697548 35648987 296535 47% 42 44276 3752  6%
c 3 3921.11 174 56 487 1697549 35700128 341713 47% 43 44276 3752  6%
c p 3921.33 174 56 487 1697549 35700128 342528 47% 43 44276 3752  6%
c I 3940.78 174 56 487 1697549 35778556 407766 47% 44 44276 3752  6%
c - 3943.26 228 57 488 1697549 35795387 296177 47% 43 44276 3752  6%
c - 3972.44 233 58 489 1697549 35942087 296807 47% 43 44276 3752  6%
c B 3995.00 233 63 489 1697593 36046562 389259 47% 47 44276 3752  6%
c - 3998.96 174 54 490 1697610 36089088 298118 41% 41 44276 3752  6%
c s 3999.69 174 54 490 1697610 36089088 297830 41% 41 44273 3752  6%
c v 3999.95 174 54 490 1697610 36089088 297830 41% 41 44273 3752  6%
c w 4002.36 174 54 490 1697610 36089088 297798 41% 41 44273 3752  6%
c s 4002.70 174 54 490 1697610 36089088 297562 41% 41 44273 3752  6%
c - 4025.19 228 57 491 1697650 36236389 293744 45% 41 44273 3752  6%
c d 4035.66 228 56 491 1697674 36300128 344400 45% 43 44273 3751  6%
c p 4035.86 228 56 491 1697674 36300128 346994 45% 43 44273 3751  6%
c W 4039.75 228 55 491 1697675 36315566 359329 45% 43 44273 3751  6%
c 
c   seconds     reductions            redundant    irredundant
c            MB        restarts               trail      variables
c             level           conflicts           glue        remaining
c 
c - 4055.45 174 53 492 1697676 36383991 281534 44% 43 44273 3751  6%
c - 4085.36 224 49 493 1697726 36531891 285317 44% 42 44273 3751  6%
c O 4093.78 224 50 493 1697739 36585569 327430 45% 42 44273 3751  6%
c - 4103.09 174 47 494 1697770 36680094 290705 42% 34 44273 3751  6%
c s 4108.50 174 47 494 1697785 36722892 328914 41% 33 44271 3751  6%
c v 4108.77 174 47 494 1697785 36722892 328914 41% 33 44270 3751  6%
c w 4109.12 174 47 494 1697785 36722892 328849 41% 33 44270 3751  6%
c s 4109.92 174 47 494 1697785 36722892 328252 41% 33 44270 3751  6%
c - 4125.38 217 44 495 1697803 36828594 290099 38% 35 44270 3751  6%
c B 4128.17 217 42 495 1697803 36856570 314824 38% 32 44270 3751  6%
c 3 4133.15 217 53 495 1697804 36905130 363070 41% 35 44270 3750  6%
c p 4133.34 217 53 495 1697804 36905130 363900 41% 35 44270 3750  6%
c - 4144.56 174 60 496 1697804 36977396 298714 44% 40 44270 3750  6%
c - 4171.27 231 60 497 1697852 37126497 298126 47% 44 44270 3750  6%
c W 4172.57 231 60 497 1697853 37128571 300078 47% 44 44270 3750  6%
c - 4198.03 174 49 498 1697898 37275897 293002 48% 38 44270 3750  6%
c s 4215.56 174 48 498 1697929 37363870 363187 47% 39 44270 3750  6%
c v 4215.85 174 48 498 1697929 37363870 363187 47% 39 44263 3750  6%
c w 4216.16 174 48 498 1697929 37363870 363144 47% 39 44263 3750  6%
c s 4216.37 174 48 498 1697929 37363870 363051 47% 39 44263 3750  6%
c 
c   seconds     reductions            redundant    irredundant
c            MB        restarts               trail      variables
c             level           conflicts           glue        remaining
c 
c I 4224.12 174 49 498 1697930 37401575 396268 48% 40 44263 3750  6%
c - 4228.16 225 51 499 1697931 37425598 293741 48% 40 44263 3750  6%
c 3 4242.45 225 51 499 1697952 37515133 373218 45% 39 44263 3750  6%
c p 4242.67 225 51 499 1697952 37515133 374041 45% 39 44263 3750  6%
c - 4252.13 174 47 500 1697974 37575598 285589 42% 38 44263 3750  6%
c B 4267.01 174 41 500 1697996 37675576 362100 39% 35 44263 3750  6%
c - 4274.55 219 50 501 1698021 37725900 287213 44% 39 44263 3750  6%
c - 4304.96 174 55 502 1698058 37876500 281755 48% 45 44263 3750  6%
c W 4321.51 174 55 502 1698059 37950578 344607 49% 45 44263 3750  6%
c - 4340.89 228 52 503 1698059 38027400 292574 48% 43 44263 3750  6%
c p 4365.09 228 51 503 1698060 38130133 377249 47% 43 44263 3750  6%
c - 4374.73 174 53 504 1698060 38178601 301632 48% 43 44263 3750  6%
c O 4385.76 174 54 504 1698060 38226580 341421 48% 44 44263 3750  6%
c - 4397.46 225 41 505 1698060 38330102 307321 38% 29 44263 3750  6%
c - 4418.59 174 35 506 1698061 38481902 314097 34% 23 44263 3750  6%
c B 4421.62 174 33 506 1698061 38503581 334301 34% 23 44263 3750  6%
c - 4441.67 238 53 507 1698061 38634003 315919 44% 33 44263 3750  6%
c 3 4470.05 238 56 507 1698061 38750135 425224 46% 39 44263 3750  6%
c p 4470.31 238 56 507 1698061 38750135 426046 46% 39 44263 3750  6%
c W 4479.13 238 57 507 1698061 38781584 454748 47% 41 44263 3750  6%
c 
c   seconds     reductions            redundant    irredundant
c            MB        restarts               trail      variables
c             level           conflicts           glue        remaining
c 
c - 4480.47 239 58 508 1698061 38786404 317023 47% 41 44263 3750  6%
c - 4511.30 174 59 509 1698092 38939105 303237 46% 45 44263 3750  6%
c I 4531.51 174 57 509 1698124 39060587 412254 47% 43 44263 3750  6%
c - 4536.07 229 57 510 1698138 39092106 305238 47% 41 44263 3750  6%
c - 4559.32 174 56 511 1698187 39245407 300630 47% 41 44263 3750  6%
c B 4577.51 174 55 511 1698192 39340588 386787 49% 43 44263 3750  6%
c p 4580.16 174 52 511 1698208 39375136 420812 46% 39 44263 3750  6%
c - 4582.49 228 50 512 1698218 39399007 308287 44% 37 44263 3750  6%
c - 4606.85 174 52 513 1698262 39552908 305914 47% 40 44263 3750  6%
c W 4623.71 174 51 513 1698285 39621589 364684 47% 42 44263 3750  6%
c - 4644.74 226 51 514 1698314 39707109 304406 45% 42 44263 3750  6%
c - 4671.60 174 52 515 1698316 39861609 301877 43% 44 44263 3750  6%
c O 4678.29 174 52 515 1698316 39903591 337798 43% 43 44263 3750  6%
c 3 4689.07 174 42 515 1698347 40005136 433441 38% 33 44263 3750  6%
c p 4689.30 174 42 515 1698347 40005136 434269 38% 33 44263 3750  6%
c - 4690.34 223 41 516 1698347 40016410 312734 37% 32 44263 3750  6%
c - 4714.98 174 38 517 1698398 40171510 311391 41% 30 44263 3750  6%
c B 4718.60 174 38 517 1698407 40186592 324487 42% 30 44263 3750  6%
c - 4735.55 230 56 518 1698442 40326911 312466 41% 41 44263 3750  6%
c W 4757.53 230 56 518 1698474 40470593 445999 40% 45 44263 3750  6%
c 
c   seconds     reductions            redundant    irredundant
c            MB        restarts               trail      variables
c             level           conflicts           glue        remaining
c 
c - 4759.72 175 56 519 1698476 40482613 314510 40% 46 44263 3750  6%
c - 4782.59 229 57 520 1698528 40638615 306386 40% 47 44263 3750  6%
c s 4783.21 229 57 520 1698528 40638615 306224 40% 47 44262 3750  6%
c v 4783.48 229 57 520 1698528 40638615 306224 40% 47 44261 3750  6%
c w 4784.19 229 57 520 1698528 40638615 306166 40% 47 44261 3750  6%
c t 4784.19 229 57 520 1698528 40638615 306164 40% 47 44261 3750  6%
c s 4784.55 229 57 520 1698528 40638615 305824 40% 47 44261 3750  6%
c 3 4784.92 229 57 520 1698528 40640137 308816 40% 47 44261 3749  6%
c p 4785.06 229 57 520 1698528 40640137 309639 40% 47 44261 3749  6%
c I 4805.86 229 56 520 1698568 40755594 404417 45% 46 44261 3749  6%
c - 4811.83 175 57 521 1698569 40794915 302858 45% 42 44261 3749  6%
c - 4838.55 233 54 522 1698571 40951515 316836 46% 37 44261 3749  6%
c B 4858.23 233 52 522 1698572 41041596 401792 46% 36 44261 3749  6%
c - 4870.56 236 56 523 1698572 41108417 327166 48% 38 44261 3749  6%
c - 4908.86 237 56 524 1698575 41265617 325607 48% 43 44261 3749  6%
c p 4911.69 237 56 524 1698584 41280137 340093 48% 43 44261 3749  6%
c s 4914.85 237 56 524 1698587 41293854 351936 48% 43 44260 3749  6%
c v 4915.14 237 56 524 1698587 41293854 351936 48% 43 44258 3749  6%
c w 4915.54 237 56 524 1698587 41293854 351879 48% 43 44258 3749  6%
c s 4916.01 237 56 524 1698587 41293854 351549 48% 43 44258 3749  6%
c 
c   seconds     reductions            redundant    irredundant
c            MB        restarts               trail      variables
c             level           conflicts           glue        remaining
c 
c W 4922.58 237 57 524 1698602 41328598 383422 48% 42 44258 3749  6%
c - 4938.39 175 53 525 1698634 41423119 314657 47% 41 44258 3749  6%
c - 4969.64 228 49 526 1698684 41580920 308900 46% 39 44258 3749  6%
c O 4976.71 228 49 526 1698697 41616599 339102 47% 39 44258 3749  6%
c - 4988.46 175 32 527 1698706 41739021 318514 32% 24 44258 3749  6%
c - 5014.06 228 36 528 1698762 41897421 317140 42% 27 44258 3749  6%
c B 5015.11 228 36 528 1698762 41905600 324755 42% 28 44258 3749  6%
c 3 5017.39 228 44 528 1698762 41925139 344703 42% 32 44258 3749  6%
c p 5017.55 228 44 528 1698762 41925139 345465 42% 32 44258 3749  6%
c - 5037.91 175 53 529 1698816 42056122 318470 46% 38 44258 3749  6%
c W 5067.42 175 54 529 1698827 42195601 437565 48% 43 44258 3749  6%
c - 5072.76 230 54 530 1698827 42215122 314349 48% 43 44258 3749  6%
c - 5108.67 175 53 531 1698852 42374423 315632 48% 44 44258 3749  6%
c I 5133.55 175 54 531 1698889 42486602 410629 49% 45 44258 3749  6%
c - 5139.11 228 48 532 1698896 42534024 318365 45% 37 44258 3749  6%
c 3 5143.22 228 45 532 1698915 42575139 357951 43% 34 44258 3749  6%
c p 5143.41 228 45 532 1698915 42575139 358664 43% 34 44258 3749  6%
c - 5162.97 234 43 533 1698953 42693924 317268 46% 32 44258 3749  6%
c B 5175.40 234 40 533 1698954 42778603 394395 44% 29 44258 3749  6%
c - 5189.03 175 41 534 1698984 42854125 325048 43% 30 44258 3749  6%
c 
c   seconds     reductions            redundant    irredundant
c            MB        restarts               trail      variables
c             level           conflicts           glue        remaining
c 
c - 5210.97 224 42 535 1699031 43014625 320045 43% 32 44258 3749  6%
c W 5218.95 224 43 535 1699048 43071607 369597 40% 35 44258 3749  6%
c - 5235.30 175 42 536 1699080 43175426 323897 43% 34 44258 3749  6%
c p 5241.84 175 41 536 1699081 43230141 374838 43% 32 44258 3749  6%
c - 5257.00 224 43 537 1699082 43336526 321724 42% 33 44258 3749  6%
c O 5260.77 224 42 537 1699082 43365610 347652 41% 33 44258 3749  6%
c - 5282.42 246 37 538 1699083 43497926 328090 44% 28 44258 3749  6%
c - 5318.00 245 34 539 1699084 43659626 334171 44% 27 44258 3749  6%
c B 5318.23 245 34 539 1699084 43660611 335084 44% 27 44258 3749  6%
c - 5352.99 251 38 540 1699084 43821627 339096 47% 31 44258 3749  6%
c 3 5369.01 251 37 540 1699084 43890141 404325 46% 31 44258 3749  6%
c p 5369.27 251 37 540 1699084 43890141 405083 46% 31 44258 3749  6%
c W 5391.97 251 42 540 1699084 43956612 468283 47% 34 44258 3749  6%
c - 5396.92 253 43 541 1699084 43983927 348029 48% 34 44258 3749  6%
c - 5428.12 245 44 542 1699084 44146527 336229 47% 34 44258 3749  6%
c I 5458.43 245 42 542 1699085 44253613 429251 48% 34 44258 3749  6%
c - 5464.72 236 37 543 1699085 44309427 329281 44% 30 44258 3749  6%
c - 5484.47 175 29 544 1699085 44472628 308193 41% 24 44258 3749  6%
c B 5494.81 175 29 544 1699085 44551615 374204 42% 23 44258 3749  6%
c 3 5495.11 175 29 544 1699085 44555143 379103 41% 23 44258 3749  6%
c 
c   seconds     reductions            redundant    irredundant
c            MB        restarts               trail      variables
c             level           conflicts           glue        remaining
c 
c p 5495.30 175 29 544 1699085 44555143 379871 41% 23 44258 3749  6%
c - 5504.71 222 42 545 1699085 44636130 321381 42% 29 44258 3749  6%
c s 5505.37 222 42 545 1699085 44636130 321246 42% 29 44258 3749  6%
c w 5507.00 222 42 545 1699085 44636130 321200 42% 29 44258 3749  6%
c t 5507.01 222 42 545 1699085 44636130 321199 42% 29 44258 3749  6%
c s 5507.40 222 42 545 1699085 44636130 321032 42% 29 44258 3749  6%
c - 5533.29 243 51 546 1699085 44799930 328421 46% 37 44258 3749  6%
c W 5543.89 243 50 546 1699085 44850617 373850 46% 37 44258 3749  6%
c - 5572.73 242 50 547 1699085 44964030 330240 48% 38 44258 3749  6%
c - 5612.97 248 54 548 1699085 45128431 336012 49% 41 44258 3749  6%
c O 5618.77 248 54 548 1699085 45150618 356151 49% 41 44258 3749  6%
c 3 5625.45 248 43 548 1699085 45225143 427811 40% 32 44258 3749  6%
c p 5625.72 248 43 548 1699085 45225143 429101 40% 32 44258 3749  6%
c - 5635.39 230 41 549 1699086 45293132 338780 42% 30 44258 3749  6%
c B 5662.10 230 37 549 1699086 45451622 471762 44% 30 44258 3749  6%
c - 5663.44 175 40 550 1699086 45458132 323701 44% 31 44258 3749  6%
c - 5694.74 244 66 551 1699086 45623433 330008 46% 48 44258 3749  6%
c W 5722.21 244 68 551 1699086 45753625 450773 46% 48 44258 3749  6%
c - 5731.06 246 67 552 1699086 45789033 343159 47% 48 44258 3749  6%
c 3 5757.81 246 67 552 1699086 45900144 442435 48% 50 44258 3749  6%
c 
c   seconds     reductions            redundant    irredundant
c            MB        restarts               trail      variables
c             level           conflicts           glue        remaining
c 
c p 5758.09 246 67 552 1699086 45900144 443230 48% 50 44258 3749  6%
c - 5772.95 243 65 553 1699086 45954934 332235 48% 50 44258 3749  6%
c I 5799.25 243 63 553 1699086 46056628 419400 49% 51 44258 3749  6%
c - 5810.07 241 61 554 1699086 46121135 338221 47% 46 44258 3749  6%
c - 5846.11 240 65 555 1699086 46287635 339016 47% 47 44258 3749  6%
c B 5866.99 240 66 555 1699086 46360629 406413 46% 49 44258 3749  6%
c - 5879.04 239 68 556 1699086 46454435 346811 44% 43 44258 3749  6%
c p 5900.97 239 66 556 1699086 46580146 466730 44% 42 44258 3749  6%
c - 5908.02 240 67 557 1699086 46621535 347800 45% 44 44258 3749  6%
c W 5916.62 240 68 557 1699086 46665630 386937 46% 46 44258 3749  6%
c - 5945.59 237 66 558 1699086 46788935 336287 47% 49 44258 3749  6%
c - 5988.14 241 64 559 1699086 46956637 341357 48% 50 44258 3749  6%
c O 5991.18 241 63 559 1699086 46971631 354905 48% 49 44258 3749  6%
c - 6008.42 231 41 560 1699086 47124640 342015 39% 27 44258 3749  6%
c 3 6035.26 231 35 560 1699086 47265149 473237 37% 23 44258 3749  6%
c p 6035.54 231 35 560 1699086 47265149 473999 37% 23 44258 3749  6%
c B 6039.09 231 34 560 1699086 47278632 486092 37% 23 44258 3749  6%
c - 6041.87 236 42 561 1699086 47292941 350288 39% 27 44258 3749  6%
c - 6073.82 248 61 562 1699119 47461543 341329 46% 46 44258 3749  6%
c W 6098.00 248 63 562 1699156 47586633 450837 48% 49 44258 3749  6%
c 
c   seconds     reductions            redundant    irredundant
c            MB        restarts               trail      variables
c             level           conflicts           glue        remaining
c 
c - 6108.34 235 64 563 1699177 47630443 332174 48% 51 44258 3749  6%
c - 6155.20 236 62 564 1699213 47799643 329522 50% 52 44258 3749  6%
c I 6179.30 236 62 564 1699241 47895635 407444 50% 52 44258 3749  6%
c p 6190.22 236 62 564 1699259 47955152 464241 49% 50 44258 3749  6%
c - 6193.01 241 63 565 1699266 47969143 336095 49% 50 44258 3749  6%
c - 6229.22 239 59 566 1699315 48138943 324088 48% 49 44258 3749  6%
c s 6229.86 239 59 566 1699315 48138943 323824 48% 49 44258 3749  6%
c w 6231.21 239 59 566 1699315 48138943 323759 48% 49 44258 3749  6%
c t 6231.22 239 59 566 1699315 48138943 323758 48% 49 44258 3749  6%
c B 6246.06 239 60 566 1699338 48205640 382495 48% 50 44258 3749  6%
c - 6262.01 242 61 567 1699341 48309043 342804 48% 45 44258 3749  6%
c - 6301.71 241 61 568 1699360 48479443 341713 50% 46 44258 3749  6%
c W 6309.63 241 60 568 1699372 48516641 373313 49% 47 44258 3749  6%
c - 6343.40 237 63 569 1699411 48650143 335027 48% 50 44258 3749  6%
c 3 6343.45 237 63 569 1699411 48650152 336700 48% 50 44258 3749  6%
c p 6343.65 237 63 569 1699411 48650152 337483 48% 50 44258 3749  6%
c - 6382.30 231 56 570 1699467 48821143 329600 46% 46 44258 3749  6%
c O 6383.58 231 55 570 1699467 48828643 336136 46% 45 44258 3749  6%
c - 6409.49 236 48 571 1699501 48992443 337114 45% 36 44258 3749  6%
c B 6440.13 236 49 571 1699547 49141645 468790 45% 38 44258 3749  6%
c 
c   seconds     reductions            redundant    irredundant
c            MB        restarts               trail      variables
c             level           conflicts           glue        remaining
c 
c - 6443.89 237 51 572 1699560 49164044 340348 45% 38 44258 3749  6%
c - 6474.33 240 55 573 1699595 49335946 340432 48% 41 44258 3749  6%
c 3 6477.03 240 55 573 1699595 49350153 354738 48% 41 44258 3749  6%
c p 6477.22 240 55 573 1699595 49350153 355536 48% 41 44258 3749  6%
c W 6499.47 240 53 573 1699596 49455646 450483 49% 41 44258 3749  6%
c - 6511.84 244 55 574 1699597 49508148 346034 49% 43 44258 3749  6%
c - 6558.22 245 59 575 1699597 49680648 346507 48% 48 44258 3749  6%
c I 6583.66 245 59 575 1699597 49770649 424906 49% 48 44258 3749  6%
c - 6599.45 243 59 576 1699628 49853448 353014 48% 47 44258 3749  6%
c - 6637.15 236 60 577 1699688 50026549 346401 46% 44 44258 3749  6%
c p 6643.33 236 59 577 1699691 50055153 374863 46% 44 44258 3749  6%
c B 6651.87 236 60 577 1699706 50086651 402075 46% 46 44258 3749  6%
c - 6672.29 251 54 578 1699724 50199950 359602 48% 39 44258 3749  6%
c - 6717.24 244 52 579 1699782 50373652 348808 49% 41 44258 3749  6%
c W 6726.75 244 50 579 1699786 50403652 374287 48% 40 44258 3749  6%
c - 6758.04 228 45 580 1699833 50547652 335937 46% 38 44258 3749  6%
c ] 6785.28 228 46 580 1699851 50666433 437147 48% 38 44258 3749  6%
c ? 6785.28 228 46 580 1699851 50666433 437147 48% 38 44258 3749  6%
c 
c --- [ result ] -------------------------------------------------------------
c 
c UNKNOWN
c 
c --- [ run-time profiling ] -------------------------------------------------
c 
c process time taken by individual solving procedures
c (percentage relative to process time for solving)
c 
c      6683.05   98.49% search
c      4724.66   69.63% stable
c      1875.23   27.64% unstable
c       102.19    1.51% simplify
c        83.15    1.23% walk
c        47.42    0.70% subsume
c        33.38    0.49% vivify
c        11.65    0.17% probe
c         2.86    0.04% ternary
c         1.76    0.03% elim
c         0.05    0.00% parse
c         0.01    0.00% lucky
c   =================================
c      6785.23  100.00% solve
c 
c last line shows process time for solving
c (percentage relative to total process time)
c 
c --- [ statistics ] ---------------------------------------------------------
c 
c blocked:                       0         0.00 %  of irredundant clauses
c   blockings:                   0         0.00    internal
c   candidates:                  0         0.00    per blocking 
c   blockres:                    0         0.00    per candidate
c   pure:                        0         0.00 %  of all variables
c   pureclauses:                 0         0.00    per pure literal
c chronological:          10083148        19.90 %  of conflicts
c compacts:                      6   8444405.50    interval
c conflicts:              50666433      7467.16    per second
c   backtracked:          59436280       117.31 %  of conflicts
c conditioned:                   0         0.00 %  of irredundant clauses
c   conditionings:               0         0.00    interval
c   condcands:                   0         0.00    candidate clauses
c   condassinit:                 0.0       0.00 %  initial assigned
c   condcondinit:                0.0       0.00 %  initial condition
c   condautinit:                 0.0       0.00 %  initial autarky
c   condassrem:                  0.0       0.00 %  final assigned
c   condcondrem:                 0.000     0.00 %  final conditional
c   condautrem:                  0.000     0.00 %  final autarky
c   condprops:                   0         0.00    per candidate
c covered:                       0         0.00 %  of irredundant clauses
c   coverings:                   0         0.00    interval
c   asymmetric:                  0         0.00 %  of covered clauses
c   blocked:                     0         0.00 %  of covered clauses
c decisions:              94921461     13989.42    per second
c   searched:            335622567         3.54    per decision
c eliminated:                52060        79.79 %  of all variables
c   elimphases:                 93    544800.35    interval
c   elimrounds:                157         1.69    per phase
c   elimtried:               94827        54.90 %  eliminated
c   elimgates:               16412        17.31 %  gates per tried
c   elimequivs:                 71         0.43 %  equivalence gates
c   elimands:                16341        99.57 %  and gates
c   elimites:                    0         0.00 %  if-then-else gates
c   elimxors:                    0         0.00 %  xor gates
c   elimsubst:                1752         3.37 %  substituted
c   elimres:               1259072        24.19    per eliminated
c   elimrestried:          1175717        93.38 %  per resolution
c ext.prop. calls:               0         0.00 %  of queries
c   propagating:                 0         0.00 %  per eprop-call
c   explained:                   0         0.00 %  per eprop-call
c   falsified:                   0         0.00 %  per eprop-call
c ext.clause calls:              0         0.00 %  of queries
c   learned:                     0         0.00 %  per called
c   conflicting:                 0         0.00 %  per learned
c   propagating:                 0         0.00 %  per learned
c ext.final check:               0         0.00 %  of queries
c fixed:                      9165        14.05 %  of all variables
c   failed:                     38         0.06 %  of all variables
c   probefailed:                34        89.47 %  per failed
c   transredunits:               3         7.89 %  per failed
c   probingphases:             141    359336.40    interval
c   probesuccess:               38        26.95 %  phases
c   probingrounds:             141         1.00    per phase
c   probed:                 311646      8201.21    per failed
c   hbrs:                   268384         0.86    per probed
c   hbrsizes:              1038687         3.87    per hbr
c   hbreds:                 266636        99.35 %  per hbr
c   hbrsubs:                   877         0.33 %  per hbr
c   units:                      19   2666654.37    interval
c   binaries:                 1955     25916.33    interval
c flushed:                       0         0.00 %  per conflict
c   hyper:                       0         0.00 %  per conflict
c   flushings:                   0         0.00    interval
c instantiated:                  0         0.00 %  of tried
c   instrounds:                  0         0.00 %  of elimrounds
c learned:                49677968        98.05 %  per conflict
c   bumped:             1815271389        36.54    per learned
c   recomputed:          285945643       575.60 %  per learned
c   promoted1:              120851         0.24 %  per learned
c   promoted2:              539360         1.09 %  per learned
c   improvedglue:         20483335        41.23 %  per learned
c lucky:                         0         0.00 %  of tried
c   constantzero                 0         0.00 %  of tried
c   constantone                  0         0.00 %  of tried
c   backwardone                  0         0.00 %  of tried
c   backwardzero                 0         0.00 %  of tried
c   forwardone                   0         0.00 %  of tried
c   forwardzero                  0         0.00 %  of tried
c   positivehorn                 0         0.00 %  of tried
c   negativehorn                 0         0.00 %  of tried
c   extendbytes:           3313224         3.16    bytes and MB
c learned_lits:         5045129434       100.00 %  learned literals
c minimized:                     0         0.00 %  learned literals
c shrunken:             1656330606        32.83 %  learned literals
c minishrunken:          677161434        13.42 %  learned literals
c otfs:                     114791         0.23 %  of conflict
c   subsumed                  4973         0.01 %  of conflict
c   strengthened            109818         0.22 %  of conflict
c propagations:        11102794323         1.64 M  per second
c   coverprops:                  0         0.00 %  of propagations
c   probeprops:            7303188         0.07 %  of propagations
c   searchprops:       10031633297        90.35 %  of propagations
c   transredprops:         1193489         0.01 %  of propagations
c   vivifyprops:         134684649         1.21 %  of propagations
c   walkprops:           927979700         8.36 %  of propagations
c reactivated:                   0         0.00 %  of all variables
c reduced:                43231614        85.33 %  per conflict
c   reductions:                580     87355.92    interval
c   collections:               589     86021.11    interval
c rephased:                    317    159831.02    interval
c   rephasedbest:              105        33.12 %  rephased best
c   rephasedflip:               26         8.20 %  rephased flipping
c   rephasedinv:                28         8.83 %  rephased inverted
c   rephasedorig:               28         8.83 %  rephased original
c   rephasedrand:               25         7.89 %  rephased random
c   rephasedwalk:              105        33.12 %  rephased walk
c rescored:                   4219     12009.11    interval
c restarts:                1699851        29.81    interval
c   reused:                1486806        87.47 %  per restart
c   reusedlevels:         16013922        30.94 %  per restart levels
c restored:                      0         0.00 %  per weakened
c   restorations:                0         0.00 %  per extension
c   literals:                    0         0.00    per restored clause
c stabilizing:                   8        56.88 %  of conflicts
c   restartstab:              4859         0.29 %  of all restarts
c   reusedstab:               4822        99.24 %  per stable restarts
c substituted:                 275         0.42 %  of all variables
c   decompositions:            391         2.77    per phase
c subsumed:                5736434         5.69 %  of all clauses
c   subsumephases:              94    539004.61    interval
c   subsumerounds:             187         1.99    per phase
c   deduplicated:               57         0.00 %  per subsumed
c   transreds:                  94    539004.61    interval
c   transitive:                648         0.01 %  per subsumed
c   subirr:                   7871         0.14 %  of subsumed
c   subred:                  76956         1.34 %  of subsumed
c   subtried:             15264132         2.66    tried per subsumed
c   subchecks:          6803922956       445.75    per tried
c   subchecks2:           60377446         0.89 %  per subcheck
c   elimotfsub:                  0         0.00 %  of subsumed
c   elimbwsub:                 775         0.01 %  of subsumed
c   eagersub:              5643003        98.37 %  of subsumed
c   eagertried:         1092914878       193.68    tried per eagersub
c strengthened:             535126         0.53 %  of all clauses
c   elimotfstr:               4711         0.88 %  of strengthened
c   elimbwstr:                   0         0.00 %  of strengthened
c ternary:                  263362         0.84 %  of resolved
c   phases:                    282    179668.20    interval
c   htr3:                   263253        99.96 %  ternary hyper ternres
c   htr2:                      109         0.04 %  binary hyper ternres
c vivified:                  20161         0.02 %  of all clauses
c   vivifications:              94    539004.61    interval
c   vivifychecks:          1857950         3.67 %  per conflict
c   vivifysched:          10369425        17.92 %  checks per scheduled
c   vivifyunits:                 0         0.00 %  per vivify check
c   vivifyinst:                287         0.02 %  per vivify check
c   vivifysubs:               3931         0.07 %  per subsumed
c   vivifystrs:              16230         3.03 %  per strengthened
c   vivifystrirr:              646         3.98 %  per vivifystrs
c   vivifystred1:              424         2.61 %  per vivifystrs
c   vivifystred2:             9065        55.85 %  per vivifystrs
c   vivifystred3:             6095        37.55 %  per vivifystrs
c   vivifydecs:            8801026         4.74    per checks
c   vivifyreused:          3542438        40.25 %  per decision
c walked:                      105    482537.46    interval
c   flips:               118611576         1.43 M  per second
c   minimum:                    11         0.01 %  clauses
c   broken:             3765143659        31.74    per flip
c weakened:                 130492         3.35    average size
c   extensions:                  0         0.00    interval
c   flipped:                     0         0.00    per weakened
c 
c seconds are measured in process time for solving
c 
c --- [ resources ] ----------------------------------------------------------
c 
c total process time since initialization:      6785.28    seconds
c total real time since initialization:         6800.00    seconds
c maximum resident set size of process:          329.69    MB
c 
c --- [ shutting down ] ------------------------------------------------------
c 
c exit 0
