c --- [ banner ] -------------------------------------------------------------
c 
c CaDiCaL SAT Solver
c Copyright (c) 2016-2023 A. Biere, M. Fleury, N. Froleyks, K. Fazekas, F. Pollitt
c 
c Version 1.7.3
c g++-13.2.0
c Feb 11 2024 04:08:27
c 
c --- [ limit ] --------------------------------------------------------------
c 
c setting time limit to 6800 seconds real time (due to '-t 6800')
c 
c --- [ parsing input ] ------------------------------------------------------
c 
c reading DIMACS file from '/root/projects/maph/discovery/out/cover-23-6-2-wave3-20260807/222-triangle.cnf'
c opening file to read '/root/projects/maph/discovery/out/cover-23-6-2-wave3-20260807/222-triangle.cnf'
c found 'p cnf 65207 139856' header
c parsed 139856 clauses in 0.04 seconds process time
c closing file '/root/projects/maph/discovery/out/cover-23-6-2-wave3-20260807/222-triangle.cnf'
c 
c --- [ options ] ------------------------------------------------------------
c 
c all options are set to their default value
c 
c --- [ solving ] ------------------------------------------------------------
c 
c time measured in process time since initialization
c 
c  seconds  reductions  redundant  irredundant
c         MB    restarts       trail       variables
c          level   conflicts       glue         remaining
c 
c *  0.04 28  0 0   0    0    0  0% 0 124103 57300 88%
c {  0.05 29  0 0   0    0    0  0% 0 124103 57300 88%
c i  0.05 29 25 0   0    8    4 22% 3 124103 56845 87%
c i  0.05 29 27 0   0   12    7 22% 3 124103 56843 87%
c i  0.05 29 31 0  15  150  121 20% 4 124103 56809 87%
c i  0.05 30 35 0  17  157  127 20% 4 124103 56689 87%
c -  0.07 30 33 1  33  300  235 19% 4 114791 56689 87%
c i  0.08 30 28 1  37  437  338 19% 4 114791 56648 87%
c i  0.09 30 28 1  69  651  499 19% 4 114791 56586 87%
c i  0.09 30 28 1  69  653  500 19% 4 114791 56580 87%
c -  0.13 35 40 2 121  936  696 20% 5 114441 56580 87%
c }  0.13 35 40 2 133 1000  752 20% 5 114441 56580 87%
c [  0.13 35  0 2 133 1000  752  0% 0 114441 56580 87%
c O  0.13 35 26 2 133 1002  754 18% 3 114441 56580 87%
c -  0.19 35 71 3 133 1888 1402 32% 19 114441 56580 87%
c s  0.27 40 75 3 134 2230 1675 16% 23 110279 56580 87%
c v  0.29 40 75 3 134 2230 1675 16% 23 110277 56580 87%
c w  0.30 40 75 3 134 2230 1675 16% 23 110277 56580 87%
c t  0.31 40 75 3 134 2230 1667 16% 23 109840 56186 86%
c e  0.39 41 75 3 134 2230  172 16% 23 33580 7823 12%
c 
c  seconds  reductions  redundant   irredundant
c         MB    restarts       trail      variables
c          level   conflicts       glue        remaining
c 
c s  0.40 43 75 3 134 2230  162 16% 23 33388 7823 12%
c e  0.41 43 75 3 134 2230  162 16% 23 33384 7807 12%
c i  0.43 44 67 3 134 2956  838  7% 23 33384 7742 12%
c ]  0.44 44 66 3 134 3000  881  7% 23 33384 7742 12%
c {  0.44 44 40 3 134 3000  881 23% 5 33384 7742 12%
c F  0.44 44 40 3 134 3003  884 23% 5 33384 7742 12%
c -  0.45 38 41 4 143 3158  702 20% 5 33070 7742 12%
c i  0.49 38 44 4 400 4441 1811 11% 7 33070 7735 12%
c -  0.50 38 45 5 455 4658 1656 11% 7 33049 7735 12%
c 3  0.52 40 45 5 539 5000 9632 10% 8 33049 7735 12%
c 3  0.53 40 45 5 539 5000 9822 10% 8 33049 7735 12%
c 2  0.53 40 45 5 539 5000 9818 10% 8 33035 7718 12%
c p  0.56 40 45 5 539 5000 17754 10% 8 33035 7693 12%
c #  0.59 40 40 5 641 6005 18623  8% 8 33035 7693 12%
c -  0.63 40 41 6 729 6458 2934 20% 8 32746 7693 12%
c }  0.64 40 41 6 798 7000 3386 20% 8 32746 7693 12%
c [  0.64 40 66 6 798 7000 3386 52% 23 32746 7693 12%
c -  0.72 40 88 7 799 8558 3603 45% 28 32746 7693 12%
c I  0.77 40 95 7 800 10006 4968 43% 30 32746 7693 12%
c s  0.80 40 98 7 801 10617 5476 42% 32 31963 7693 12%
c 
c  seconds  reductions   redundant   irredundant
c         MB    restarts        trail      variables
c          level    conflicts       glue        remaining
c 
c v  0.81 40 98 7 801 10617 5476 42% 32 31901 7693 12%
c w  0.81 40 98 7 801 10617 5475 42% 32 31901 7693 12%
c t  0.81 40 98 7 801 10617 5470 42% 32 31860 7693 12%
c e  0.82 40 98 7 801 10617 3969 42% 32 31440 7367 11%
c s  0.82 40 98 7 801 10617 3963 42% 32 31389 7367 11%
c e  0.83 40 98 7 801 10617 3950 42% 32 31385 7365 11%
c -  0.85 40 98 8 801 10958 3228 42% 32 31385 7365 11%
c -  0.97 40 105 9 803 13659 3998 41% 37 31385 7365 11%
c ]  1.04 40 106 9 803 15000 5277 40% 40 31385 7365 11%
c {  1.04 40 41 9 803 15000 5277 20% 8 31385 7365 11%
c 3  1.04 40 41 9 804 15000 8483 20% 8 31385 7365 11%
c 3  1.04 40 41 9 804 15000 9353 20% 8 31385 7365 11%
c 2  1.05 40 41 9 804 15000 9349 20% 8 31385 7365 11%
c p  1.06 40 41 9 804 15000 15863 20% 8 31385 7364 11%
c B  1.06 40 41 9 805 15007 15870 20% 8 31385 7364 11%
c -  1.13 40 43 10 1086 16659 5174 22% 9 31382 7364 11%
c -  1.22 40 39 11 1325 19962 5280 20% 9 31382 7364 11%
c W  1.27 40 38 11 1432 21008 6257 20% 9 31382 7364 11%
c s  1.35 40 38 11 1731 23166 7441 20% 9 31369 7364 11%
c v  1.36 40 38 11 1731 23166 7441 20% 9 31026 7364 11%
c 
c  seconds  reductions     redundant  irredundant
c         MB     restarts         trail     variables
c          level      conflicts       glue       remaining
c 
c w  1.37 40 38 11 1731 23166 7435 20% 9 31026 7364 11%
c t  1.37 40 38 11 1731 23166 7428 20% 9 31019 7364 11%
c e  1.37 40 38 11 1731 23166 6262 20% 9 30985 7332 11%
c s  1.38 40 38 11 1731 23166 6185 20% 9 30977 7332 11%
c -  1.41 40 39 12 1826 23562 5367 20% 9 30977 7332 11%
c -  1.53 40 38 13 2181 27463 6499 20% 9 30977 7332 11%
c i  1.54 40 38 13 2212 27639 6662 20% 9 30977 7319 11%
c F  1.56 40 38 13 2280 28009 6989 20% 9 30977 7317 11%
c d  1.63 40 39 13 2454 30000 8710 20% 9 30898 7312 11%
c 3  1.64 40 39 13 2454 30000 11681 20% 9 30898 7312 11%
c 3  1.64 40 39 13 2454 30000 12200 20% 9 30898 7312 11%
c 2  1.64 40 39 13 2454 30000 12194 20% 9 30898 7312 11%
c p  1.66 40 39 13 2454 30000 18088 20% 9 30898 7311 11%
c d  1.66 40 39 13 2454 30000 17978 20% 9 30895 7310 11%
c }  1.70 40 39 13 2615 31001 18887 21% 9 30895 7310 11%
c [  1.70 40 106 13 2615 31001 18887 40% 40 30895 7310 11%
c -  1.74 40 105 14 2615 31665 8430 41% 40 30895 7310 11%
c B  1.92 40 107 14 2618 36010 12595 41% 40 30895 7310 11%
c -  1.93 40 107 15 2618 36166 9103 41% 40 30895 7310 11%
c s  2.13 40 107 15 2621 39801 12416 41% 44 30879 7310 11%
c 
c  seconds   reductions      redundant   irredundant
c         MB      restarts          trail      variables
c           level      conflicts        glue        remaining
c 
c v  2.14 40 107 15 2621 39801 12416 41% 44 30837 7310 11%
c w  2.15 40 107 15 2621 39801 12415 41% 44 30837 7310 11%
c t  2.15 40 107 15 2621 39801 12413 41% 44 30836 7310 11%
c e  2.15 40 107 15 2621 39801 11847 41% 44 30725 7250 11%
c s  2.16 40 107 15 2621 39801 11824 41% 44 30646 7250 11%
c -  2.24 40 107 16 2621 40966 8412 41% 45 30646 7250 11%
c W  2.50 40 105 16 2622 45015 12220 40% 48 30646 7250 11%
c -  2.57 40 104 17 2623 46070 8912 40% 48 30646 7250 11%
c d  2.80 40 102 17 2623 50000 12576 40% 47 30646 7249 11%
c 3  2.81 40 102 17 2623 50000 14739 40% 47 30646 7249 11%
c 3  2.81 40 102 17 2623 50000 15707 40% 47 30646 7249 11%
c d  2.81 40 102 17 2623 50000 15696 40% 47 30646 7248 11%
c p  2.83 40 102 17 2623 50000 21430 40% 47 30646 7248 11%
c -  2.93 40 101 18 2623 51470 9557 40% 48 30646 7248 11%
c O  3.14 40 99 18 2624 55016 12839 40% 48 30646 7248 11%
c -  3.22 40 96 19 2626 57170 10217 39% 46 30646 7248 11%
c s  3.35 40 92 19 2628 60601 13317 39% 44 30641 7248 11%
c v  3.37 40 92 19 2628 60601 13317 39% 44 30561 7248 11%
c w  3.37 40 92 19 2628 60601 13317 39% 44 30561 7248 11%
c t  3.37 40 92 19 2628 60601 13316 39% 44 30561 7248 11%
c 
c  seconds  reductions      redundant   irredundant
c         MB     restarts          trail      variables
c          level      conflicts        glue        remaining
c 
c e  3.38 40 92 19 2628 60601 13316 39% 44 30476 7192 11%
c s  3.38 40 92 19 2628 60601 13304 39% 44 30391 7192 11%
c e  3.39 40 92 19 2628 60601 13273 39% 44 30385 7186 11%
c ]  3.50 40 90 19 2630 63001 15507 38% 43 30385 7186 11%
c {  3.50 40 39 19 2630 63001 15507 21% 9 30385 7186 11%
c -  3.52 40 39 20 2660 63170 10455 21% 9 30385 7186 11%
c B  3.62 40 39 20 3009 66017 12995 21% 9 30385 7186 11%
c -  3.76 40 40 21 3425 69474 10741 21% 10 30385 7186 11%
c i  3.85 40 39 21 3658 72307 13135 21% 10 30385 7184 11%
c d  3.98 40 40 21 4098 75000 14593 21% 10 30380 7175 11%
c 3  3.98 40 40 21 4098 75000 17873 21% 10 30380 7175 11%
c 3  3.99 40 40 21 4098 75000 18505 21% 10 30380 7175 11%
c d  3.99 40 40 21 4098 75000 18495 21% 10 30380 7174 11%
c 2  3.99 40 40 21 4098 75000 18486 21% 10 30380 7174 11%
c p  4.02 40 40 21 4098 75000 24459 21% 10 30380 7169 11%
c d  4.02 40 40 21 4098 75000 24229 21% 10 30365 7165 11%
c -  4.08 40 41 22 4295 76074 11935 21% 10 30365 7165 11%
c W  4.21 40 42 22 4653 78018 13737 21% 10 30365 7165 11%
c -  4.38 40 40 23 4973 82974 13537 21% 10 30365 7165 11%
c s  4.46 40 38 23 5025 85563 15408 21% 10 30352 7165 11%
c 
c  seconds  reductions      redundant   irredundant
c         MB     restarts          trail      variables
c          level      conflicts        glue        remaining
c 
c v  4.48 40 38 23 5025 85563 15408 21% 10 30292 7165 11%
c w  4.49 40 38 23 5025 85563 15404 21% 10 30292 7165 11%
c t  4.49 40 38 23 5025 85563 15395 21% 10 30292 7165 11%
c e  4.49 40 38 23 5025 85563 15388 21% 10 30247 7130 11%
c s  4.50 40 38 23 5025 85563 15335 21% 10 30197 7130 11%
c e  4.50 40 38 23 5025 85563 15335 21% 10 30194 7127 11%
c -  4.69 40 37 24 5294 90174 14700 21% 10 30194 7127 11%
c #  4.73 40 37 24 5408 91020 15407 21% 10 30194 7127 11%
c -  5.01 40 37 25 6335 97676 16776 22% 10 30194 7127 11%
c i  5.08 40 37 25 6532 99005 17959 22% 10 30194 7125 11%
c d  5.35 40 38 25 7244 105000 23107 22% 10 30188 7094 11%
c 3  5.36 40 38 25 7244 105000 26794 22% 10 30188 7094 11%
c 3  5.36 40 38 25 7244 105000 27524 22% 10 30188 7094 11%
c d  5.37 40 38 25 7244 105000 27487 22% 10 30188 7091 11%
c 2  5.37 40 38 25 7244 105000 27482 22% 10 30188 7091 11%
c p  5.39 40 38 25 7244 105000 32785 22% 10 30188 7087 11%
c d  5.39 40 38 25 7244 105000 32236 22% 10 30174 7082 11%
c B  5.39 40 38 25 7248 105023 32254 22% 10 30174 7082 11%
c -  5.43 40 38 26 7317 105477 17143 22% 10 30174 7082 11%
c -  5.86 40 39 27 8562 113577 18473 22% 10 30174 7082 11%
c 
c  seconds  reductions       redundant   irredundant
c         MB     restarts           trail      variables
c          level      conflicts         glue        remaining
c 
c s  5.94 40 39 27 8715 114724 19041 22% 10 30156 7082 11%
c v  5.96 40 39 27 8715 114724 19041 22% 10 30117 7082 11%
c w  5.97 40 39 27 8715 114724 19032 22% 10 30117 7082 11%
c t  5.97 40 39 27 8715 114724 19016 22% 10 30117 7082 11%
c e  5.97 40 39 27 8715 114724 18966 22% 10 30102 7068 11%
c s  5.98 40 39 27 8715 114724 18915 22% 10 30080 7068 11%
c e  5.99 40 39 27 8715 114724 18915 22% 10 30078 7066 11%
c W  6.28 40 39 27 9655 120024 23552 22% 10 30078 7066 11%
c -  6.33 40 38 28 10159 121977 18484 22% 11 30078 7066 11%
c }  6.55 40 38 28 10968 127003 22998 22% 11 30078 7066 11%
c [  6.55 40 90 28 10968 127003 22998 38% 43 30078 7066 11%
c -  6.72 40 87 29 10968 130678 18959 38% 40 30078 7066 11%
c B  6.95 40 85 29 10972 136025 23811 37% 39 30078 7066 11%
c -  7.16 40 84 30 10975 139679 18809 37% 39 30078 7066 11%
c d  7.18 40 83 30 10975 140001 19013 37% 39 30078 7038 11%
c 3  7.18 40 83 30 10975 140001 22503 37% 39 30078 7038 11%
c 3  7.19 40 83 30 10975 140001 23286 37% 39 30078 7038 11%
c d  7.19 40 83 30 10975 140001 23275 37% 39 30078 7037 11%
c 2  7.19 40 83 30 10975 140001 23269 37% 39 30078 7037 11%
c p  7.21 40 83 30 10975 140001 28458 37% 39 30078 7037 11%
c 
c  seconds  reductions        redundant   irredundant
c         MB      restarts           trail      variables
c          level       conflicts         glue        remaining
c 
c d  7.21 40 83 30 10975 140001 28443 37% 39 30078 7034 11%
c s  7.70 40 81 30 10976 148160 35586 38% 38 30072 7034 11%
c v  7.72 40 81 30 10976 148160 35586 38% 38 30069 7034 11%
c w  7.73 40 81 30 10976 148160 35578 38% 38 30069 7034 11%
c t  7.73 40 81 30 10976 148160 35570 38% 38 30068 7034 11%
c e  7.74 40 81 30 10976 148160 34980 38% 38 30068 7030 11%
c s  7.75 40 81 30 10976 148160 34928 38% 38 30044 7030 11%
c -  7.79 40 81 31 10976 148979 18497 38% 38 30044 7030 11%
c W  8.02 40 79 31 10977 153026 22272 37% 38 30044 7030 11%
c -  8.34 40 78 32 10977 158579 19079 37% 38 30044 7030 11%
c -  8.79 40 76 33 10978 168481 19412 37% 37 30044 7030 11%
c I  8.93 40 76 33 10980 171028 21805 37% 36 30044 7030 11%
c -  9.35 40 79 34 10984 178684 19677 38% 38 30044 7030 11%
c d  9.43 40 79 34 10984 180002 20886 38% 38 30044 7021 11%
c 3  9.43 40 79 34 10984 180002 23841 38% 38 30044 7021 11%
c 3  9.44 40 79 34 10984 180002 24767 38% 38 30044 7021 11%
c d  9.44 40 79 34 10984 180002 24728 38% 38 30044 7017 11%
c p  9.46 40 79 34 10984 180002 29830 38% 38 30044 7017 11%
c s  9.83 40 80 34 10988 185881 35278 38% 39 30044 7017 11%
c v  9.85 40 80 34 10988 185881 35278 38% 39 30025 7017 11%
c 
c  seconds  reductions        redundant   irredundant
c         MB      restarts           trail      variables
c          level       conflicts         glue        remaining
c 
c w  9.86 40 80 34 10988 185881 35273 38% 39 30025 7017 11%
c e  9.87 40 80 34 10988 185881 35257 38% 39 30025 7015 11%
c s  9.88 40 80 34 10988 185881 35236 38% 39 30003 7015 11%
c e  9.88 40 80 34 10988 185881 35236 38% 39 30002 7014 11%
c - 10.12 45 80 35 10990 189185 20917 38% 40 30002 7014 11%
c B 10.18 45 79 35 10991 190029 21702 38% 40 30002 7014 11%
c - 10.80 40 80 36 10992 199985 20801 38% 40 30002 7014 11%
c W 11.60 40 80 36 10998 210033 30011 38% 41 30002 7014 11%
c - 11.68 40 80 37 10999 211085 21368 38% 41 30002 7014 11%
c - 12.40 41 79 38 11005 222485 21529 38% 41 30002 7014 11%
c d 12.55 41 79 38 11006 225003 23885 39% 41 30002 7010 11%
c 3 12.56 41 79 38 11006 225003 28343 39% 41 30002 7010 11%
c 2 12.56 41 79 38 11006 225003 28342 39% 41 30002 7010 11%
c p 12.57 41 79 38 11006 225003 33448 39% 41 30002 7010 11%
c d 12.58 41 79 38 11006 225003 33441 39% 41 30002 7009 11%
c s 12.82 41 78 38 11007 227816 35652 39% 41 29998 7009 11%
c v 12.84 41 78 38 11007 227816 35652 39% 41 29930 7009 11%
c w 12.85 41 78 38 11007 227816 35647 39% 41 29930 7009 11%
c t 12.86 41 78 38 11007 227816 35645 39% 41 29930 7009 11%
c e 12.86 41 78 38 11007 227816 35612 39% 41 29914 6990 11%
c 
c  seconds  reductions        redundant   irredundant
c         MB      restarts           trail      variables
c          level       conflicts         glue        remaining
c 
c s 12.87 41 78 38 11007 227816 35591 39% 41 29892 6990 11%
c e 12.87 41 78 38 11007 227816 35591 39% 41 29891 6989 11%
c O 13.13 41 77 38 11007 231034 38259 39% 41 29891 6989 11%
c - 13.29 41 75 39 11007 234187 22423 38% 40 29891 6989 11%
c - 14.02 41 73 40 11008 246187 22797 38% 38 29891 6989 11%
c B 14.43 41 72 40 11009 253036 29280 37% 37 29891 6989 11%
c ] 14.58 41 72 40 11009 255003 31120 37% 37 29891 6989 11%
c { 14.58 41 38 40 11009 255003 31120 22% 11 29891 6989 11%
c - 14.75 41 38 41 11425 258488 24148 22% 11 29891 6989 11%
c i 14.80 41 37 41 11425 260334 25503 22% 11 29891 6988 11%
c - 15.30 41 37 42 12434 271090 22722 22% 11 29888 6988 11%
c s 15.45 41 37 42 12747 273943 24408 21% 11 29883 6988 11%
c v 15.48 41 37 42 12747 273943 24408 21% 11 29741 6988 11%
c w 15.49 41 37 42 12747 273943 24405 21% 11 29741 6988 11%
c t 15.49 41 37 42 12747 273943 24402 21% 11 29741 6988 11%
c e 15.50 41 37 42 12747 273943 24352 21% 11 29699 6945 11%
c s 15.51 41 37 42 12747 273943 24210 21% 11 29667 6945 11%
c e 15.52 41 37 42 12747 273943 24197 21% 11 29663 6940 11%
c d 15.59 41 37 42 12956 275007 25185 22% 11 29663 6934 11%
c 3 15.59 41 37 42 12956 275007 28348 22% 11 29663 6934 11%
c 
c  seconds  reductions        redundant   irredundant
c         MB      restarts           trail      variables
c          level       conflicts         glue        remaining
c 
c 3 15.60 41 37 42 12956 275007 29310 22% 11 29663 6934 11%
c d 15.60 41 37 42 12956 275007 29304 22% 11 29663 6933 11%
c p 15.62 41 37 42 12956 275007 34298 22% 11 29663 6933 11%
c F 15.69 41 37 42 13111 276037 35245 22% 11 29663 6933 11%
c - 16.02 41 36 43 13858 283992 26810 21% 11 29663 6933 11%
c - 16.36 41 32 44 13924 297193 25594 21% 11 29663 6933 11%
c B 16.44 41 31 44 13931 300040 27670 21% 10 29663 6933 11%
c - 16.97 41 32 45 15408 310694 28202 21% 11 29663 6933 11%
c s 17.49 41 32 45 16382 324239 39374 21% 11 29659 6933 11%
c v 17.52 41 32 45 16382 324239 39374 21% 11 29560 6933 11%
c w 17.53 41 32 45 16382 324239 39368 21% 11 29560 6933 11%
c t 17.53 41 32 45 16382 324239 39357 21% 11 29560 6933 11%
c e 17.54 41 32 45 16382 324239 38446 21% 11 29560 6929 11%
c s 17.55 41 32 45 16382 324239 38383 21% 11 29560 6929 11%
c - 17.57 41 32 46 16451 324494 28201 21% 11 29560 6929 11%
c W 17.68 41 31 46 16588 325042 28640 21% 11 29560 6929 11%
c d 17.88 41 31 46 17372 330008 32739 21% 11 29560 6912 11%
c 3 17.89 41 31 46 17372 330008 36361 21% 11 29560 6912 11%
c 3 17.89 41 31 46 17372 330008 37146 21% 11 29560 6912 11%
c d 17.90 41 31 46 17372 330008 37124 21% 11 29560 6910 11%
c 
c  seconds  reductions        redundant   irredundant
c         MB      restarts           trail      variables
c          level       conflicts         glue        remaining
c 
c 2 17.90 41 31 46 17372 330008 37122 21% 11 29560 6910 11%
c p 17.91 41 31 46 17372 330008 41931 21% 11 29560 6910 11%
c d 17.92 41 31 46 17372 330008 41899 21% 11 29560 6905 11%
c - 18.44 41 32 47 18604 338594 30047 25% 11 29560 6905 11%
c # 19.04 41 33 47 20266 351044 40835 24% 11 29560 6905 11%
c - 19.18 41 33 48 20472 352996 30357 24% 11 29560 6905 11%
c i 19.85 41 32 48 21394 365652 41224 24% 11 29560 6902 11%
c - 20.02 41 33 49 21738 367696 28033 24% 11 29551 6902 11%
c B 20.43 41 32 49 23201 378046 37077 23% 11 29551 6902 11%
c s 20.48 41 32 49 23230 378656 37187 23% 11 29543 6902 11%
c v 20.51 41 32 49 23230 378656 37187 23% 11 29502 6902 11%
c w 20.52 41 32 49 23230 378656 37179 23% 11 29502 6902 11%
c t 20.53 41 32 49 23230 378656 37169 23% 11 29502 6902 11%
c e 20.53 41 32 49 23230 378656 37017 23% 11 29498 6893 11%
c s 20.55 41 32 49 23230 378656 36986 23% 11 29496 6893 11%
c - 20.68 41 32 50 23266 382696 30968 23% 11 29496 6893 11%
c d 21.03 41 32 50 23820 390009 37469 23% 11 29496 6869 11%
c 3 21.03 41 32 50 23820 390009 41174 23% 11 29496 6869 11%
c 3 21.04 41 32 50 23820 390009 42119 23% 11 29496 6869 11%
c d 21.04 41 32 50 23820 390009 42073 23% 11 29496 6865 11%
c 
c  seconds  reductions        redundant   irredundant
c         MB      restarts           trail      variables
c          level       conflicts         glue        remaining
c 
c p 21.06 41 32 50 23820 390009 46514 23% 11 29496 6865 11%
c d 21.06 41 32 50 23820 390009 46485 23% 11 29496 6861 11%
c - 21.41 41 31 51 24068 397996 32068 22% 11 29496 6861 11%
c W 21.91 41 31 51 25023 406047 38817 22% 11 29496 6861 11%
c - 22.44 41 32 52 26378 413598 34512 23% 11 29496 6861 11%
c - 22.88 41 29 53 26607 429499 33037 22% 11 29496 6861 11%
c F 23.04 41 28 53 26658 435049 37328 22% 11 29496 6861 11%
c s 23.23 41 29 53 27050 437383 38876 22% 11 29491 6861 11%
c v 23.25 41 29 53 27050 437383 38876 22% 11 29482 6861 11%
c w 23.27 41 29 53 27050 437383 38868 22% 11 29482 6861 11%
c t 23.27 41 29 53 27050 437383 38856 22% 11 29482 6861 11%
c e 23.27 41 29 53 27050 437383 38834 22% 11 29482 6857 11%
c s 23.29 41 29 53 27050 437383 38778 22% 11 29481 6857 11%
c - 23.76 41 29 54 28003 445699 33873 22% 11 29481 6857 11%
c i 24.12 41 27 54 28015 454905 40548 22% 11 29481 6856 11%
c d 24.13 41 27 54 28035 455009 32124 22% 11 29478 6837 10%
c 3 24.14 41 27 54 28035 455009 35608 22% 11 29478 6837 10%
c 3 24.14 41 27 54 28035 455009 36351 22% 11 29478 6837 10%
c d 24.15 41 27 54 28035 455009 36329 22% 11 29478 6835 10%
c p 24.17 41 27 54 28035 455009 40912 22% 11 29478 6835 10%
c 
c  seconds  reductions        redundant   irredundant
c         MB      restarts           trail      variables
c          level       conflicts         glue        remaining
c 
c d 24.17 41 27 54 28035 455009 40896 22% 11 29478 6832 10%
c - 24.46 41 27 55 29150 462202 26375 22% 11 29478 6832 10%
c B 24.51 41 27 55 29150 465051 28341 21% 11 29478 6832 10%
c - 25.16 41 28 56 31339 479002 31620 22% 11 29478 6832 10%
c W 26.38 41 30 56 34491 496052 46435 22% 12 29478 6832 10%
c - 26.39 41 30 57 34503 496103 34942 22% 12 29478 6832 10%
c s 26.68 41 30 57 34927 500508 38114 22% 12 29474 6832 10%
c v 26.71 41 30 57 34927 500508 38114 22% 12 29437 6832 10%
c w 26.73 41 30 57 34927 500508 38104 22% 12 29437 6832 10%
c t 26.73 41 30 57 34927 500508 38093 22% 12 29437 6832 10%
c e 26.74 41 30 57 34927 500508 37997 22% 12 29429 6821 10%
c s 26.76 41 30 57 34927 500508 37878 22% 12 29427 6821 10%
c } 27.19 41 29 57 35222 511003 46651 22% 12 29427 6821 10%
c [ 27.19 41 72 57 35222 511003 46651 42% 37 29427 6821 10%
c - 27.30 41 70 58 35222 513504 36118 41% 36 29427 6821 10%
c d 27.74 41 63 58 35222 525009 45374 38% 33 29427 6791 10%
c 3 27.75 41 63 58 35222 525009 49772 38% 33 29427 6791 10%
c 2 27.75 41 63 58 35222 525009 49771 38% 33 29427 6791 10%
c p 27.77 41 63 58 35222 525009 54282 38% 33 29427 6791 10%
c d 27.77 41 63 58 35222 525009 54262 38% 33 29427 6788 10%
c 
c  seconds  reductions        redundant   irredundant
c         MB      restarts           trail      variables
c          level       conflicts         glue        remaining
c 
c W 28.10 41 66 58 35222 528053 57165 39% 34 29427 6788 10%
c - 28.29 41 68 59 35222 531207 36954 39% 35 29427 6788 10%
c - 29.49 50 75 60 35228 549209 38069 39% 40 29427 6788 10%
c I 30.35 50 78 60 35235 561054 49253 40% 42 29427 6788 10%
c - 30.71 41 77 61 35237 567509 36627 39% 41 29427 6788 10%
c s 30.76 41 77 61 35237 568000 37014 39% 41 29427 6788 10%
c v 30.79 41 77 61 35237 568000 37014 39% 41 29407 6788 10%
c w 30.81 41 77 61 35237 568000 37010 39% 41 29407 6788 10%
c t 30.81 41 77 61 35237 568000 37009 39% 41 29407 6788 10%
c e 30.81 41 77 61 35237 568000 37008 39% 41 29404 6782 10%
c s 30.83 41 77 61 35237 568000 36948 39% 41 29398 6782 10%
c - 32.13 43 73 62 35244 586110 36339 39% 41 29398 6782 10%
c B 32.65 43 72 62 35250 595055 44555 39% 41 29398 6782 10%
c d 32.86 43 71 62 35252 600010 49129 39% 41 29398 6773 10%
c 3 32.87 43 71 62 35252 600010 51753 39% 41 29398 6773 10%
c 3 32.87 43 71 62 35252 600010 52594 39% 41 29398 6773 10%
c d 32.88 43 71 62 35252 600010 52576 39% 41 29398 6771 10%
c 2 32.88 43 71 62 35252 600010 52575 39% 41 29398 6771 10%
c p 32.91 43 71 62 35252 600010 57235 39% 41 29398 6771 10%
c - 33.12 43 69 63 35252 605010 36899 38% 40 29398 6771 10%
c 
c  seconds  reductions        redundant   irredundant
c         MB      restarts           trail      variables
c          level       conflicts         glue        remaining
c 
c - 34.07 43 65 64 35253 624210 36530 37% 38 29398 6771 10%
c W 34.63 43 65 64 35258 630056 41982 37% 37 29398 6771 10%
c s 35.17 43 63 64 35263 639942 51042 38% 37 29398 6771 10%
c v 35.20 43 63 64 35263 639942 51042 38% 37 29394 6771 10%
c w 35.22 43 63 64 35263 639942 51038 38% 37 29394 6771 10%
c t 35.23 43 63 64 35263 639942 51037 38% 37 29394 6771 10%
c s 35.25 43 63 64 35263 639942 51005 38% 37 29392 6771 10%
c - 35.50 43 63 65 35266 643710 38032 38% 36 29392 6771 10%
c - 36.62 43 61 66 35273 663511 38449 38% 35 29392 6771 10%
c O 36.70 43 61 66 35275 666057 40781 38% 35 29392 6771 10%
c d 37.59 43 60 66 35282 680011 53996 38% 34 29392 6768 10%
c 3 37.60 43 60 66 35282 680011 57609 38% 34 29392 6768 10%
c p 37.63 43 60 66 35282 680011 62260 38% 34 29392 6768 10%
c - 37.88 43 60 67 35283 683612 39492 38% 34 29392 6768 10%
c B 39.40 43 64 67 35284 703058 57693 39% 37 29392 6768 10%
c - 39.51 53 64 68 35284 704012 39887 39% 37 29392 6768 10%
c s 40.47 53 65 68 35285 716190 51448 39% 37 29392 6768 10%
c v 40.51 53 65 68 35285 716190 51448 39% 37 29388 6768 10%
c w 40.54 53 65 68 35285 716190 51447 39% 37 29388 6768 10%
c e 40.54 53 65 68 35285 716190 51447 39% 37 29387 6767 10%
c 
c  seconds  reductions        redundant   irredundant
c         MB      restarts           trail      variables
c          level       conflicts         glue        remaining
c 
c s 40.56 53 65 68 35285 716190 51438 39% 37 29387 6767 10%
c ^ 40.56 53 65 68 35285 716190 51438 39% 37 29387 6767 10%
c - 41.18 43 64 69 35285 724715 40374 39% 36 29387 6767 10%
c W 42.81 43 64 69 35286 741059 55737 39% 36 29387 6767 10%
c - 43.12 44 64 70 35286 745715 42237 39% 36 29387 6767 10%
c 3 44.88 44 63 70 35286 765013 63122 40% 36 29387 6767 10%
c 3 44.89 44 63 70 35286 765013 64012 40% 36 29387 6767 10%
c d 44.90 44 63 70 35286 765013 64002 40% 36 29387 6766 10%
c p 44.94 44 63 70 35286 765013 68727 40% 36 29387 6766 10%
c - 45.22 54 63 71 35286 767015 42899 40% 37 29387 6766 10%
c I 46.69 54 64 71 35286 780060 55017 41% 38 29387 6766 10%
c - 47.21 45 64 72 35286 788615 44236 41% 38 29387 6766 10%
c s 47.80 45 64 72 35286 796697 51822 41% 38 29387 6766 10%
c v 47.84 45 64 72 35286 796697 51822 41% 38 29383 6766 10%
c w 47.86 45 64 72 35286 796697 51820 41% 38 29383 6766 10%
c t 47.86 45 64 72 35286 796697 51819 41% 38 29383 6766 10%
c e 47.88 45 64 72 35286 796697 24864 41% 38 29647 6352 10%
c s 47.89 45 64 72 35286 796697 24792 41% 38 29634 6352 10%
c - 48.72 45 64 73 35289 810517 29556 40% 37 29634 6352 10%
c B 49.26 45 64 73 35294 820061 38499 40% 37 29634 6352 10%
c 
c  seconds  reductions        redundant   irredundant
c         MB      restarts           trail      variables
c          level       conflicts         glue        remaining
c 
c - 50.00 50 66 74 35301 832719 38321 40% 38 29634 6352 10%
c d 51.46 50 69 74 35310 855013 59375 39% 41 29634 6351 10%
c 3 51.47 50 69 74 35310 855013 62982 39% 41 29634 6351 10%
c p 51.50 50 69 74 35310 855013 66766 39% 41 29634 6351 10%
c - 51.54 61 69 75 35310 855219 40656 39% 41 29634 6351 10%
c W 52.12 61 69 75 35314 861063 46178 39% 41 29634 6351 10%
c - 53.47 50 71 76 35317 878021 40990 39% 43 29634 6351 10%
c s 54.15 50 72 76 35317 885576 48146 39% 45 29634 6351 10%
c v 54.19 50 72 76 35317 885576 48146 39% 45 29625 6351 10%
c w 54.21 50 72 76 35317 885576 48138 39% 45 29625 6351 10%
c t 54.21 50 72 76 35317 885576 48138 39% 45 29624 6351 10%
c e 54.22 50 72 76 35317 885576 48138 39% 45 29622 6349 10%
c s 54.25 50 72 76 35317 885576 48111 39% 45 29622 6349 10%
c ^ 54.25 50 72 76 35317 885576 48111 39% 45 29622 6349 10%
c - 55.78 62 73 77 35324 901121 43628 39% 47 29622 6349 10%
c O 55.96 62 73 77 35324 903064 45376 39% 47 29622 6349 10%
c - 57.60 50 75 78 35333 924522 42571 38% 48 29622 6349 10%
c B 59.53 50 75 78 35346 946066 62303 38% 48 29622 6349 10%
c - 59.73 57 75 79 35346 948222 43791 38% 48 29622 6349 10%
c d 59.89 57 75 79 35347 950015 45459 38% 48 29622 6348 10%
c 
c  seconds  reductions        redundant   irredundant
c         MB      restarts           trail      variables
c          level       conflicts         glue        remaining
c 
c 3 59.89 57 75 79 35347 950015 48393 38% 48 29622 6348 10%
c p 59.92 57 75 79 35347 950015 52184 38% 48 29622 6348 10%
c - 61.99 69 76 80 35348 972223 45514 38% 47 29622 6348 10%
c s 62.64 69 77 80 35349 978904 51468 38% 47 29622 6348 10%
c v 62.69 69 77 80 35349 978904 51468 38% 47 29618 6348 10%
c w 62.71 69 77 80 35349 978904 51462 38% 47 29618 6348 10%
c e 62.73 69 77 80 35349 978904 31438 38% 47 30032 6141  9%
c s 62.75 69 77 80 35349 978904 31419 38% 47 30023 6141  9%
c W 64.06 57 78 80 35349 990068 41712 45% 49 30023 6141  9%
c - 64.59 57 78 81 35349 996523 36979 43% 49 30023 6141  9%
c - 67.02 61 78 82 35358 1021124 43996 42% 49 30023 6141  9%
c ] 67.21 61 78 82 35359 1023007 45641 42% 49 30023 6141  9%
c { 67.21 61 29 82 35359 1023007 45641 25% 12 30023 6141  9%
c # 67.77 61 28 82 35918 1035069 55647 24% 12 30023 6141  9%
c - 68.32 36 27 83 36428 1046024 43069 24% 12 30023 6141  9%
c d 68.50 36 28 83 36913 1050017 46547 24% 12 30023 6140  9%
c 3 68.51 36 28 83 36913 1050017 48920 24% 12 30023 6140  9%
c 3 68.51 36 28 83 36913 1050017 49695 24% 12 30023 6140  9%
c d 68.52 36 28 83 36913 1050017 49683 24% 12 30023 6138  9%
c p 68.54 36 28 83 36913 1050017 53369 24% 12 30023 6138  9%
c 
c  seconds  reductions         redundant   irredundant
c         MB      restarts            trail      variables
c          level        conflicts         glue        remaining
c 
c - 69.49 40 27 84 39035 1071224 46336 24% 12 30023 6138  9%
c s 69.82 40 27 84 39323 1079643 49780 23% 12 30022 6138  9%
c v 69.86 40 27 84 39323 1079643 49780 23% 12 29867 6138  9%
c w 69.89 40 27 84 39323 1079643 49773 23% 12 29867 6138  9%
c t 69.89 40 27 84 39323 1079643 49771 23% 12 29867 6138  9%
c s 69.93 40 27 84 39323 1079643 49362 23% 12 29865 6138  9%
c B 70.02 40 27 84 39440 1081070 50602 23% 12 29865 6138  9%
c - 70.87 40 27 85 40577 1096728 46320 23% 12 29865 6138  9%
c - 72.15 41 27 86 42361 1122528 48008 23% 11 29865 6138  9%
c W 72.69 41 27 86 43043 1128071 52824 23% 12 29865 6138  9%
c - 73.55 41 26 87 44163 1148629 50294 22% 11 29865 6138  9%
c d 73.93 41 26 87 44812 1155017 55970 22% 11 29865 6133  9%
c 3 73.94 41 26 87 44812 1155017 58063 22% 11 29865 6133  9%
c 3 73.94 41 26 87 44812 1155017 58723 22% 11 29865 6133  9%
c d 73.95 41 26 87 44812 1155017 58695 22% 11 29865 6130  9%
c p 73.97 41 26 87 44812 1155017 62165 22% 11 29865 6130  9%
c d 73.98 41 26 87 44812 1155017 62160 22% 11 29865 6129  9%
c - 75.21 41 27 88 47823 1175029 52496 22% 12 29865 6129  9%
c F 75.24 41 27 88 47840 1176072 53363 22% 12 29865 6129  9%
c s 75.91 41 28 88 49214 1184644 59150 22% 12 29861 6129  9%
c 
c  seconds  reductions         redundant   irredundant
c         MB      restarts            trail      variables
c          level        conflicts         glue        remaining
c 
c v 75.96 41 28 88 49214 1184644 59150 22% 12 29839 6129  9%
c w 75.98 41 28 88 49214 1184644 59146 22% 12 29839 6129  9%
c t 75.98 41 28 88 49214 1184644 59144 22% 12 29839 6129  9%
c s 76.02 41 28 88 49214 1184644 59048 22% 12 29839 6129  9%
c ^ 76.03 41 28 88 49214 1184644 59048 22% 12 29839 6129  9%
c - 76.64 48 27 89 49536 1201730 51989 22% 12 29839 6129  9%
c B 77.73 48 26 89 50647 1225073 72174 22% 11 29839 6129  9%
c - 78.09 48 27 90 51171 1228731 53839 22% 11 29839 6129  9%
c - 79.53 48 26 91 53815 1256035 53684 23% 11 29839 6129  9%
c d 80.08 48 27 91 54780 1265019 61698 23% 12 29839 6124  9%
c 3 80.09 48 27 91 54780 1265019 63609 23% 12 29839 6124  9%
c 3 80.09 48 27 91 54780 1265019 64213 23% 12 29839 6124  9%
c d 80.10 48 27 91 54780 1265019 64193 23% 12 29839 6123  9%
c 2 80.10 48 27 91 54780 1265019 64191 23% 12 29839 6123  9%
c p 80.12 48 27 91 54780 1265019 67570 23% 12 29839 6123  9%
c W 81.16 48 28 91 55986 1275075 76645 23% 12 29839 6123  9%
c - 81.68 48 28 92 57875 1283636 57041 23% 12 29839 6123  9%
c s 82.07 48 28 92 59722 1294255 64493 22% 12 29830 6123  9%
c v 82.12 48 28 92 59722 1294255 64493 22% 12 29822 6123  9%
c w 82.14 48 28 92 59722 1294255 64480 22% 12 29822 6123  9%
c 
c  seconds  reductions         redundant   irredundant
c         MB      restarts            trail      variables
c          level        conflicts         glue        remaining
c 
c t 82.14 48 28 92 59722 1294255 64479 22% 12 29822 6123  9%
c e 82.16 48 28 92 59722 1294255 57587 22% 12 30763 5812  9%
c s 82.20 48 28 92 59722 1294255 57465 22% 12 30591 5812  9%
c - 83.22 48 28 93 61064 1311537 52937 23% 12 30590 5812  9%
c # 83.81 48 28 93 62402 1326076 64870 22% 12 30590 5812  9%
c - 84.62 48 28 94 64726 1339740 54545 22% 12 30590 5812  9%
c - 86.26 48 29 95 68385 1368243 57364 22% 12 30590 5812  9%
c B 86.81 48 30 95 70160 1378077 65806 23% 13 30590 5812  9%
c d 86.94 48 30 95 70509 1380023 67577 23% 13 30590 5807  9%
c 2 86.96 48 30 95 70509 1380023 70171 23% 13 30590 5807  9%
c p 86.98 48 30 95 70509 1380023 72423 23% 13 30590 5807  9%
c - 87.90 48 30 96 71958 1397043 57226 22% 13 30590 5807  9%
c s 88.89 48 30 96 74139 1414054 71003 22% 13 30584 5807  9%
c v 88.95 48 30 96 74139 1414054 71003 22% 13 30567 5807  9%
c w 88.98 48 30 96 74139 1414054 70991 22% 13 30567 5807  9%
c t 88.99 48 30 96 74139 1414054 70989 22% 13 30567 5807  9%
c e 88.99 48 30 96 74139 1414054 70732 22% 13 30576 5804  9%
c s 89.03 48 30 96 74139 1414054 70650 22% 13 30574 5804  9%
c - 89.49 48 29 97 74370 1426146 55702 22% 13 30574 5804  9%
c W 90.10 48 29 97 74377 1431078 59712 22% 13 30574 5804  9%
c 
c  seconds  reductions         redundant   irredundant
c         MB      restarts            trail      variables
c          level        conflicts         glue        remaining
c 
c - 91.47 48 28 98 75648 1455546 56811 22% 13 30574 5804  9%
c F 92.73 48 28 98 78030 1485084 82200 22% 12 30574 5804  9%
c - 92.75 48 28 99 78030 1485250 58132 22% 12 30574 5804  9%
c d 93.49 48 28 99 78868 1500023 71176 22% 12 30574 5797  9%
c p 93.52 48 28 99 78868 1500023 75558 22% 12 30574 5797  9%
c - 93.95 48 27 100 78933 1515250 57680 22% 12 30574 5797  9%
c s 95.28 48 27 100 81036 1538712 77309 22% 12 30571 5797  9%
c v 95.33 48 27 100 81036 1538712 77309 22% 12 30557 5797  9%
c w 95.35 48 27 100 81036 1538712 77306 22% 12 30557 5797  9%
c s 95.40 48 27 100 81036 1538712 77270 22% 12 30557 5797  9%
c ^ 95.41 48 27 100 81036 1538712 77270 22% 12 30557 5797  9%
c B 95.45 48 27 100 81345 1540086 78507 22% 12 30557 5797  9%
c - 95.79 48 27 101 81754 1545551 59396 21% 12 30557 5797  9%
c - 96.84 48 25 102 85229 1576151 59101 20% 13 30557 5797  9%
c W 98.38 48 26 102 86941 1596087 75277 21% 13 30557 5797  9%
c - 99.09 48 26 103 87609 1607052 57797 21% 12 30557 5797  9%
c d 100.13 48 27 103 90312 1625023 73848 22% 13 30557 5796  9%
c 3 100.13 48 27 103 90312 1625023 75188 22% 13 30557 5796  9%
c d 100.14 48 27 103 90312 1625023 75620 22% 13 30557 5795  9%
c p 100.17 48 27 103 90312 1625023 78016 22% 13 30557 5795  9%
c 
c  seconds    reductions         redundant   irredundant
c          MB       restarts            trail      variables
c           level         conflicts         glue        remaining
c 
c - 100.81 48 26 104 90610 1638254 61721 21% 13 30557 5795  9%
c # 101.73 48 27 104 91929 1653091 74745 21% 13 30557 5795  9%
c i 102.30 48 26 104 92803 1665854 85133 21% 12 30557 5794  9%
c s 102.51 48 26 104 93198 1668211 86918 21% 12 30554 5794  9%
c v 102.56 48 26 104 93198 1668211 86918 21% 12 30544 5794  9%
c w 102.61 48 26 104 93198 1668211 86913 21% 12 30544 5794  9%
c e 102.64 49 26 104 93198 1668211 33484 21% 12 38550 4499  7%
c s 102.69 49 26 104 93198 1668211 33398 21% 12 38354 4499  7%
c e 102.70 49 26 104 93198 1668211 30218 21% 12 38359 4498  7%
c - 102.82 49 27 105 93449 1669755 24807 30% 12 38359 4498  7%
c - 104.46 49 29 106 97286 1701555 46304 27% 13 38359 4498  7%
c B 104.96 49 30 106 98094 1711093 54998 27% 13 38359 4498  7%
c - 106.68 49 32 107 100334 1733658 55797 29% 13 38359 4498  7%
c 3 108.20 49 33 107 102510 1755023 76745 28% 13 38359 4498  7%
c 3 108.20 49 33 107 102510 1755023 76927 28% 13 38359 4498  7%
c 2 108.21 49 33 107 102510 1755023 76925 28% 13 38359 4498  7%
c p 108.23 49 33 107 102510 1755023 78753 28% 13 38359 4498  7%
c - 109.11 57 33 108 103552 1766061 60044 28% 13 38359 4498  7%
c W 109.93 57 33 108 104391 1770095 63222 27% 13 38359 4498  7%
c - 111.62 57 33 109 108133 1798763 60950 27% 13 38359 4498  7%
c 
c  seconds    reductions          redundant   irredundant
c          MB       restarts             trail      variables
c           level          conflicts         glue        remaining
c 
c F 113.42 57 33 109 111360 1830097 88813 26% 13 38359 4498  7%
c - 113.58 57 33 110 111458 1831764 61436 26% 13 38359 4498  7%
c s 114.01 57 32 110 111922 1841375 68403 26% 13 38345 4498  7%
c v 114.09 57 32 110 111922 1841375 68403 26% 13 38312 4498  7%
c w 114.13 57 32 110 111922 1841375 68371 26% 13 38312 4498  7%
c t 114.13 57 32 110 111922 1841375 68365 26% 13 38310 4498  7%
c e 114.13 57 32 110 111922 1841375 68357 26% 13 38316 4497  7%
c s 114.20 57 32 110 111922 1841375 68234 26% 13 38309 4497  7%
c e 114.21 57 32 110 111922 1841375 68234 26% 13 38313 4496  7%
c - 115.71 59 32 111 113290 1865064 63756 26% 13 38313 4496  7%
c 3 117.08 59 32 111 116706 1890023 87045 26% 13 38313 4495  7%
c p 117.12 59 32 111 116706 1890023 88763 26% 13 38313 4495  7%
c B 117.15 59 32 111 116945 1891099 89628 26% 13 38313 4495  7%
c - 117.71 59 32 112 117432 1898666 64895 26% 13 38313 4495  7%
c - 120.03 59 33 113 121597 1932567 65042 26% 14 38313 4495  7%
c W 122.47 59 34 113 123602 1953100 83704 27% 14 38313 4495  7%
c - 123.07 59 33 114 123880 1966772 66008 26% 14 38313 4495  7%
c - 124.93 59 31 115 125420 2001272 65394 25% 13 38313 4495  7%
c # 126.02 59 32 115 127210 2016103 78951 25% 14 38313 4495  7%
c s 126.45 59 32 115 127619 2020660 82808 26% 14 38304 4495  7%
c 
c  seconds    reductions          redundant   irredundant
c          MB       restarts             trail      variables
c           level          conflicts         glue        remaining
c 
c v 126.52 59 32 115 127619 2020660 82808 26% 14 38261 4495  7%
c w 126.56 59 32 115 127619 2020660 82790 26% 14 38261 4495  7%
c t 126.56 59 32 115 127619 2020660 82789 26% 14 38261 4495  7%
c s 126.64 59 32 115 127619 2020660 82704 26% 14 38260 4495  7%
c e 126.65 59 32 115 127619 2020660 82704 26% 14 38267 4494  7%
c d 127.40 59 32 115 128364 2030023 91364 26% 13 38267 4493  7%
c 3 127.41 59 32 115 128364 2030023 92735 26% 13 38267 4493  7%
c p 127.44 59 32 115 128364 2030023 94483 26% 13 38267 4493  7%
c - 128.14 60 33 116 129221 2036074 70344 26% 14 38267 4493  7%
c } 128.93 60 34 116 130068 2047011 80459 27% 14 38267 4493  7%
c [ 128.93 60 78 116 130068 2047011 80459 58% 49 38267 4493  7%
c - 129.95 60 68 117 130079 2071176 70201 48% 44 38267 4493  7%
c I 130.41 60 65 117 130083 2080105 77541 46% 42 38267 4493  7%
c - 131.62 60 57 118 130089 2106578 64638 41% 38 38267 4493  7%
c - 133.59 60 50 119 130104 2142281 64426 38% 34 38267 4493  7%
c B 133.75 60 50 119 130104 2145106 66904 38% 34 38267 4493  7%
c 3 135.93 60 57 119 130119 2175024 96401 42% 37 38267 4493  7%
c p 135.98 60 57 119 130119 2175024 98301 42% 37 38267 4493  7%
c - 136.30 53 57 120 130119 2178282 66356 43% 38 38267 4493  7%
c s 138.91 54 62 120 130121 2206063 92346 45% 42 38261 4493  7%
c 
c  seconds    reductions          redundant   irredundant
c          MB       restarts             trail      variables
c           level          conflicts         glue        remaining
c 
c v 138.99 54 62 120 130121 2206063 92346 45% 42 38082 4493  7%
c w 139.02 54 62 120 130121 2206063 92345 45% 42 38082 4493  7%
c e 139.03 54 62 120 130121 2206063 92112 45% 42 38146 4485  7%
c s 139.08 54 62 120 130121 2206063 92044 45% 42 38137 4485  7%
c W 140.42 54 63 120 130121 2211108 96557 45% 43 38137 4485  7%
c - 140.81 54 63 121 130121 2214585 67488 46% 43 38137 4485  7%
c - 144.87 52 62 122 130122 2251185 66241 47% 44 38137 4485  7%
c O 147.81 52 62 122 130122 2278109 90159 48% 46 38137 4485  7%
c - 148.65 69 60 123 130122 2288086 68694 48% 44 38137 4485  7%
c 3 151.79 69 52 123 130123 2325024 105475 48% 37 38137 4485  7%
c p 151.85 69 52 123 130123 2325024 107484 48% 37 38137 4485  7%
c - 151.94 88 52 124 130123 2325286 69856 48% 37 38137 4485  7%
c B 153.81 88 59 124 130123 2346111 89796 48% 39 38137 4485  7%
c - 155.30 86 62 125 130123 2362787 69015 48% 40 38137 4485  7%
c - 159.82 86 66 126 130123 2400587 70870 48% 44 38137 4485  7%
c W 162.55 86 66 126 130123 2415112 84379 48% 45 38137 4485  7%
c - 165.33 103 67 127 130130 2438687 74323 48% 46 38137 4485  7%
c - 169.26 103 68 128 130147 2477089 72391 48% 48 38137 4485  7%
c 3 169.56 103 68 128 130148 2480024 76137 48% 48 38137 4485  7%
c p 169.60 103 68 128 130148 2480024 78149 48% 48 38137 4485  7%
c 
c  seconds     reductions          redundant   irredundant
c           MB       restarts             trail      variables
c            level          conflicts         glue        remaining
c 
c I 170.17 103 68 128 130152 2485116 82454 48% 48 38137 4485  7%
c - 172.46 103 68 129 130157 2515791 72317 47% 46 38137 4485  7%
c - 176.30 103 66 130 130175 2554792 70950 48% 45 38137 4485  7%
c B 176.46 103 66 130 130176 2556117 72139 48% 45 38137 4485  7%
c - 180.91 103 62 131 130185 2594093 72076 49% 44 38137 4485  7%
c W 186.12 103 60 131 130186 2628118 103667 49% 44 38137 4485  7%
c - 187.10 74 60 132 130189 2633693 75458 50% 44 38137 4485  7%
c 3 187.83 74 59 132 130193 2640024 82229 50% 44 38137 4485  7%
c p 187.88 74 59 132 130193 2640024 84206 50% 44 38137 4485  7%
c - 191.57 67 55 133 130208 2673595 72397 49% 41 38137 4485  7%
c O 194.61 67 52 133 130217 2701119 95226 49% 40 38137 4485  7%
c - 195.54 80 50 134 130218 2713795 71846 47% 38 38137 4485  7%
c - 197.51 80 50 135 130238 2754295 72002 43% 34 38137 4485  7%
c B 198.92 80 53 135 130247 2775120 91239 43% 36 38137 4485  7%
c - 200.26 80 58 136 130248 2795095 73899 44% 37 38137 4485  7%
c 3 201.10 80 60 136 130249 2805024 84300 44% 38 38137 4485  7%
c p 201.13 80 60 136 130249 2805024 86282 44% 38 38137 4485  7%
c - 204.67 100 63 137 130250 2836198 75913 46% 41 38137 4485  7%
c W 207.16 100 64 137 130250 2850121 89022 47% 43 38137 4485  7%
c - 211.00 100 65 138 130250 2877598 78552 48% 45 38137 4485  7%
c 
c  seconds     reductions          redundant   irredundant
c           MB       restarts             trail      variables
c            level          conflicts         glue        remaining
c 
c - 216.97 100 65 139 130264 2919300 80951 49% 47 38137 4485  7%
c I 217.85 100 65 139 130265 2926122 87216 49% 47 38137 4485  7%
c - 220.77 100 68 140 130280 2961302 80644 48% 45 38137 4485  7%
c 3 222.07 100 68 140 130281 2975024 94361 48% 45 38137 4485  7%
c 3 222.07 100 68 140 130281 2975024 94727 48% 45 38137 4485  7%
c p 222.11 100 68 140 130281 2975024 96634 48% 45 38137 4485  7%
c B 225.52 100 66 140 130295 3003124 122157 48% 45 38137 4485  7%
c - 225.62 100 67 141 130295 3003607 79534 48% 45 38137 4485  7%
c - 230.29 100 67 142 130311 3046207 74862 49% 47 38137 4485  7%
c W 235.65 100 66 142 130313 3081125 102981 50% 49 38137 4485  7%
c - 236.98 100 65 143 130313 3089107 75435 50% 49 38137 4485  7%
c - 242.91 100 63 144 130331 3132307 76528 51% 49 38137 4485  7%
c 3 245.10 100 62 144 130341 3150026 91660 51% 48 38137 4485  7%
c p 245.14 100 62 144 130341 3150026 93618 51% 48 38137 4485  7%
c O 246.62 100 61 144 130343 3160127 101186 52% 49 38137 4485  7%
c - 247.79 100 58 145 130344 3175807 77632 50% 45 38137 4485  7%
c s 247.88 100 58 145 130344 3175807 77442 50% 45 38137 4485  7%
c v 248.06 100 58 145 130344 3175807 77442 50% 45 38071 4485  7%
c w 248.20 100 58 145 130344 3175807 77433 50% 45 38071 4485  7%
c s 248.29 100 58 145 130344 3175807 77333 50% 45 38067 4485  7%
c 
c  seconds     reductions          redundant   irredundant
c           MB       restarts             trail      variables
c            level          conflicts         glue        remaining
c 
c - 251.86 100 51 146 130365 3219607 80224 46% 39 38067 4485  7%
c B 253.05 100 53 146 130374 3240129 99335 46% 38 38067 4485  7%
c - 255.12 100 59 147 130376 3263707 80669 46% 40 38067 4485  7%
c - 260.05 100 62 148 130377 3308107 82348 47% 41 38067 4485  7%
c W 262.56 100 63 148 130377 3321130 94314 47% 42 38067 4485  7%
c 3 263.78 100 64 148 130377 3330026 103499 47% 44 38067 4485  7%
c p 263.86 100 64 148 130377 3330026 105477 47% 44 38067 4485  7%
c - 266.68 100 63 149 130377 3352807 82441 48% 44 38067 4485  7%
c - 272.18 100 60 150 130378 3397807 83431 48% 43 38067 4485  7%
c I 272.85 100 60 150 130378 3403131 88018 48% 43 38067 4485  7%
c - 275.77 100 63 151 130378 3443107 85219 46% 43 38067 4485  7%
c B 280.24 100 67 151 130378 3486132 125597 46% 46 38067 4485  7%
c - 280.53 100 67 152 130378 3488707 85110 46% 46 38067 4485  7%
c 3 283.29 100 68 152 130379 3515026 110349 47% 47 38067 4485  7%
c p 283.36 100 68 152 130379 3515026 112327 47% 47 38067 4485  7%
c - 285.71 100 69 153 130379 3534611 83849 47% 47 38067 4485  7%
c W 291.15 100 70 153 130379 3570133 117177 49% 49 38067 4485  7%
c - 293.03 123 70 154 130379 3580813 87263 49% 49 38067 4485  7%
c - 300.01 100 73 155 130379 3627313 89892 50% 51 38067 4485  7%
c O 303.55 100 72 155 130379 3655135 114423 50% 51 38067 4485  7%
c 
c  seconds     reductions          redundant   irredundant
c           MB       restarts             trail      variables
c            level          conflicts         glue        remaining
c 
c - 305.31 100 67 156 130379 3674113 88346 49% 46 38067 4485  7%
c 3 308.25 100 60 156 130379 3705027 118981 48% 41 38067 4485  7%
c p 308.32 100 60 156 130379 3705027 120924 48% 41 38067 4485  7%
c - 309.72 100 62 157 130379 3721213 89009 47% 41 38067 4485  7%
c B 311.36 100 63 157 130379 3741138 107705 47% 41 38067 4485  7%
c - 313.81 100 70 158 130385 3768613 88634 47% 44 38067 4485  7%
c - 318.09 100 65 159 130408 3816314 86700 47% 40 38067 4485  7%
c W 320.27 100 63 159 130409 3828139 97165 48% 40 38067 4485  7%
c - 324.49 116 62 160 130423 3864315 88672 48% 40 38067 4485  7%
c 3 329.97 116 61 160 130439 3900027 121987 49% 41 38067 4485  7%
c p 330.10 116 61 160 130439 3900027 123929 49% 41 38067 4485  7%
c - 332.31 116 61 161 130441 3912615 89967 49% 42 38067 4485  7%
c I 332.92 116 61 161 130441 3916141 92783 49% 42 38067 4485  7%
c - 336.71 116 58 162 130442 3961216 88226 47% 40 38067 4485  7%
c B 341.83 116 55 162 130464 4005142 127119 45% 40 38067 4485  7%
c - 342.31 116 57 163 130467 4010116 89646 45% 40 38067 4485  7%
c - 347.16 116 62 164 130482 4059319 87852 46% 43 38067 4485  7%
c ] 351.50 116 63 164 130499 4095013 119561 47% 45 38067 4485  7%
c { 351.50 116 34 164 130499 4095013 119561 27% 14 38067 4485  7%
c B 351.56 116 34 164 130532 4095143 119686 27% 14 38067 4485  7%
c 
c  seconds     reductions          redundant    irredundant
c           MB       restarts              trail      variables
c            level          conflicts          glue        remaining
c 
c 3 352.17 116 34 164 130940 4100029 125285 27% 14 38067 4485  7%
c p 352.25 116 34 164 130940 4100029 127251 27% 14 38067 4485  7%
c - 353.76 70 35 165 132205 4108819 90985 27% 14 38067 4485  7%
c s 354.84 70 36 165 133215 4118919 99271 27% 14 38065 4485  7%
c v 355.04 70 36 165 133215 4118919 99271 27% 14 38056 4485  7%
c w 355.25 70 36 165 133215 4118919 99241 27% 14 38056 4485  7%
c s 355.39 70 36 165 133215 4118919 99048 27% 14 38056 4485  7%
c ^ 355.39 70 36 165 133215 4118919 99048 27% 14 38056 4485  7%
c - 359.55 81 36 166 136419 4158619 95364 28% 14 38056 4485  7%
c W 362.27 81 35 166 137886 4186145 119047 28% 14 38056 4485  7%
c - 364.76 81 35 167 139939 4208719 96338 28% 14 38056 4485  7%
c - 367.69 81 33 168 143665 4259121 95326 27% 14 38056 4485  7%
c F 368.82 81 32 168 147013 4278147 111750 26% 14 38056 4485  7%
c d 371.14 81 33 168 148721 4305030 136386 27% 14 38056 4484  7%
c 3 371.15 81 33 168 148721 4305030 137731 27% 14 38056 4484  7%
c p 371.19 81 33 168 148721 4305030 139392 27% 14 38056 4484  7%
c - 371.72 81 33 169 149087 4309821 98220 27% 14 38056 4484  7%
c s 372.66 81 33 169 149871 4322528 109094 27% 14 38052 4484  7%
c w 372.78 81 33 169 149871 4322528 109079 27% 14 38052 4484  7%
c t 372.79 81 33 169 149871 4322528 109077 27% 14 38052 4484  7%
c 
c  seconds    reductions          redundant   irredundant
c          MB       restarts             trail      variables
c           level          conflicts         glue        remaining
c 
c e 372.82 81 33 169 149871 4322528 52368 27% 14 45784 3855  6%
c s 372.91 81 33 169 149871 4322528 52116 27% 14 45536 3855  6%
c - 374.22 81 29 170 150579 4360822 66113 29% 13 45536 3855  6%
c B 374.65 81 29 170 151867 4371148 75205 27% 13 45536 3855  6%
c - 377.19 81 30 171 155201 4412124 81287 28% 13 45536 3855  6%
c - 380.18 81 28 172 157565 4463726 87529 29% 13 45536 3855  6%
c W 381.26 81 28 172 157878 4465149 88624 29% 13 45536 3855  6%
c 3 384.43 81 28 172 162565 4515033 133739 28% 13 45536 3855  6%
c 2 384.45 81 28 172 162565 4515033 133920 28% 13 45536 3855  6%
c p 384.49 81 28 172 162565 4515033 135250 28% 13 45536 3855  6%
c - 384.60 81 28 173 162654 4515630 92282 28% 13 45536 3855  6%
c # 388.28 81 30 173 168639 4560150 132376 28% 13 45536 3855  6%
c s 388.90 81 31 173 169521 4564760 135462 28% 13 45527 3855  6%
c v 389.00 81 31 173 169521 4564760 135462 28% 13 45522 3855  6%
c w 389.07 81 31 173 169521 4564760 135427 28% 13 45522 3855  6%
c t 389.07 81 31 173 169521 4564760 135427 28% 13 45515 3855  6%
c s 389.31 81 31 173 169521 4564760 135253 28% 13 45513 3855  6%
c - 389.49 81 30 174 170044 4567830 98770 27% 14 45513 3855  6%
c - 392.19 81 30 175 175945 4620330 93010 26% 14 45513 3855  6%
c B 394.06 81 29 175 179911 4656151 123113 25% 14 45513 3855  6%
c 
c  seconds    reductions          redundant   irredundant
c          MB       restarts             trail      variables
c           level          conflicts         glue        remaining
c 
c - 395.40 81 30 176 181325 4673131 92689 25% 14 45513 3855  6%
c - 398.98 81 30 177 184555 4726231 93150 27% 14 45513 3855  6%
c 2 399.29 81 31 177 184874 4730033 97653 27% 14 45513 3855  6%
c p 399.31 81 31 177 184874 4730033 99039 27% 14 45513 3855  6%
c W 401.95 81 32 177 186604 4753153 119913 27% 14 45513 3855  6%
c - 403.97 81 32 178 188622 4779631 97308 27% 14 45513 3855  6%
c s 405.78 81 30 178 191056 4814065 125303 26% 14 45507 3855  6%
c v 405.87 81 30 178 191056 4814065 125303 26% 14 45421 3855  6%
c w 405.93 81 30 178 191056 4814065 125292 26% 14 45421 3855  6%
c t 405.93 81 30 178 191056 4814065 125289 26% 14 45421 3855  6%
c e 405.94 81 30 178 191056 4814065 118829 26% 14 45449 3853  6%
c s 406.07 81 30 178 191056 4814065 118764 26% 14 45441 3853  6%
c - 407.91 81 31 179 192403 4833332 94147 27% 14 45441 3853  6%
c F 409.08 81 31 179 193390 4851156 110404 27% 14 45441 3853  6%
c - 411.61 81 30 180 195235 4887332 96681 28% 13 45441 3853  6%
c - 415.29 81 30 181 200990 4941632 99724 28% 13 45441 3853  6%
c 2 415.57 81 29 181 202495 4950035 107308 27% 14 45440 3853  6%
c p 415.59 81 29 181 202495 4950035 108479 27% 14 45440 3853  6%
c B 415.61 81 29 181 202526 4950158 108575 27% 14 45440 3853  6%
c - 419.40 81 31 182 206771 4996233 102710 28% 14 45440 3853  6%
c 
c  seconds    reductions          redundant    irredundant
c          MB       restarts              trail      variables
c           level          conflicts          glue        remaining
c 
c W 424.07 81 31 182 210402 5050160 150454 28% 14 45440 3853  6%
c - 424.24 81 31 183 210510 5051133 102433 28% 14 45440 3853  6%
c s 425.47 81 31 183 213667 5070381 117769 27% 14 45432 3853  6%
c v 425.57 81 31 183 213667 5070381 117769 27% 14 45376 3853  6%
c w 425.63 81 31 183 213667 5070381 117757 27% 14 45376 3853  6%
c t 425.63 81 31 183 213667 5070381 117757 27% 14 45375 3853  6%
c e 425.64 81 31 183 213667 5070381 117753 27% 14 45386 3852  6%
c s 425.79 81 31 183 213667 5070381 117649 27% 14 45386 3852  6%
c - 429.10 82 32 184 216059 5106336 104226 28% 14 45386 3852  6%
c # 431.83 82 30 184 219716 5151161 143644 27% 14 45386 3852  6%
c - 432.85 82 30 185 220713 5161836 103374 27% 14 45386 3852  6%
c 2 433.60 82 29 185 221372 5175035 115105 26% 14 45386 3852  6%
c p 433.65 82 29 185 221372 5175035 116289 26% 14 45386 3852  6%
c - 436.04 82 28 186 225380 5217637 102625 27% 13 45386 3852  6%
c B 438.05 82 28 186 229048 5253162 132328 26% 14 45386 3852  6%
c - 439.91 82 29 187 230509 5273739 104863 27% 14 45386 3852  6%
c - 444.14 82 29 188 235346 5330139 105985 26% 14 45386 3852  6%
c s 444.46 82 29 188 235366 5333721 108933 25% 13 45375 3852  6%
c v 444.56 82 29 188 235366 5333721 108933 25% 13 45002 3852  6%
c w 444.62 82 29 188 235366 5333721 108922 25% 13 45002 3852  6%
c 
c  seconds    reductions          redundant    irredundant
c          MB       restarts              trail      variables
c           level          conflicts          glue        remaining
c 
c e 444.63 82 29 188 235366 5333721 107711 25% 13 45113 3841  6%
c s 444.78 82 29 188 235366 5333721 107585 25% 13 45087 3841  6%
c e 444.79 82 29 188 235366 5333721 107405 25% 13 45116 3839  6%
c W 447.18 82 29 188 236848 5356163 127243 26% 13 45116 3839  6%
c - 449.57 84 29 189 238576 5386842 107665 27% 13 45116 3839  6%
c 3 450.68 84 29 189 240135 5405036 124348 26% 13 45116 3837  6%
c p 450.74 84 29 189 240135 5405036 125857 26% 13 45116 3837  6%
c - 453.70 84 29 190 243234 5443843 106694 26% 14 45116 3837  6%
c F 454.69 84 29 190 243931 5460166 120947 26% 14 45116 3837  6%
c - 458.55 84 29 191 247405 5501146 109473 26% 14 45116 3837  6%
c - 461.51 84 26 192 251656 5558747 106142 26% 13 45116 3837  6%
c B 461.84 84 25 192 251661 5565170 111131 26% 13 45116 3837  6%
c s 463.96 84 25 192 253355 5603889 144480 26% 13 45107 3837  6%
c v 464.06 84 25 192 253355 5603889 144480 26% 13 44975 3837  6%
c w 464.12 84 25 192 253355 5603889 144480 26% 13 44975 3837  6%
c t 464.13 84 25 192 253355 5603889 144479 26% 13 44975 3837  6%
c e 464.14 84 25 192 253355 5603889 144474 26% 13 44989 3836  6%
c s 464.28 84 25 192 253355 5603889 144403 26% 13 44983 3836  6%
c - 465.43 84 26 193 255741 5616647 108513 26% 13 44983 3836  6%
c p 467.29 84 27 193 257310 5640037 132092 27% 13 44983 3836  6%
c 
c  seconds    reductions          redundant    irredundant
c          MB       restarts              trail      variables
c           level          conflicts          glue        remaining
c 
c W 469.74 84 26 193 258631 5671172 157169 26% 13 44983 3836  6%
c - 470.05 84 26 194 258766 5674847 109444 26% 13 44983 3836  6%
c - 475.82 84 28 195 265010 5733348 113554 27% 13 44983 3836  6%
c # 478.92 84 28 195 267372 5778174 152842 28% 13 44983 3836  6%
c - 480.47 84 28 196 268934 5792148 115246 28% 13 44983 3836  6%
c - 486.20 84 29 197 276262 5851248 118380 28% 13 44983 3836  6%
c p 488.13 84 28 197 277971 5880041 145061 28% 13 44983 3836  6%
c s 488.40 84 28 197 278176 5880925 144070 28% 13 44979 3836  6%
c v 488.51 84 28 197 278176 5880925 144070 28% 13 44954 3836  6%
c w 488.60 84 28 197 278176 5880925 144054 28% 13 44954 3836  6%
c t 488.60 84 28 197 278176 5880925 144051 28% 13 44954 3836  6%
c s 488.83 84 28 197 278176 5880925 143865 28% 13 44953 3836  6%
c B 489.09 84 28 197 278926 5886176 148431 27% 13 44953 3836  6%
c - 491.37 84 29 198 281438 5910648 118246 27% 13 44953 3836  6%
c - 494.63 84 26 199 284347 5970350 115253 27% 13 44953 3836  6%
c W 496.76 84 26 199 286337 5995179 136591 27% 13 44953 3836  6%
c - 498.86 84 26 200 288580 6030350 114151 27% 13 44953 3836  6%
c - 504.71 84 28 201 296271 6090651 117030 26% 14 44953 3836  6%
c F 505.89 84 29 201 297493 6105181 130280 27% 14 44953 3836  6%
c p 506.92 84 29 201 298144 6125041 150106 27% 13 44953 3836  6%
c 
c  seconds    reductions          redundant    irredundant
c          MB       restarts              trail      variables
c           level          conflicts          glue        remaining
c 
c - 508.54 84 28 202 301146 6151253 116749 27% 14 44953 3836  6%
c - 512.94 84 26 203 307082 6212154 115859 26% 14 44953 3836  6%
c B 513.14 84 26 203 307082 6216182 118988 26% 14 44953 3836  6%
c - 518.37 84 28 204 311632 6273355 119435 28% 14 44953 3836  6%
c W 524.59 84 30 204 317245 6328184 169343 28% 14 44953 3836  6%
c - 524.97 86 29 205 317250 6334859 124702 28% 14 44953 3836  6%
c p 527.34 86 27 205 318429 6375041 160971 28% 13 44953 3836  6%
c s 527.66 86 27 205 318489 6375310 160538 28% 13 44947 3836  6%
c v 527.82 86 27 205 318489 6375310 160538 28% 13 44907 3836  6%
c w 527.91 86 27 205 318489 6375310 160521 28% 13 44907 3836  6%
c e 527.93 86 27 205 318489 6375310 159088 28% 13 44975 3826  6%
c s 528.18 86 27 205 318489 6375310 158935 28% 13 44961 3826  6%
c e 528.19 86 27 205 318489 6375310 158744 28% 13 44992 3824  6%
c - 530.32 86 28 206 320278 6396659 124660 28% 13 44992 3824  6%
c # 533.68 86 29 206 326359 6441185 163763 27% 13 44992 3824  6%
c - 535.21 86 29 207 329468 6458760 126115 27% 14 44992 3824  6%
c - 539.09 86 25 208 333669 6521161 119523 26% 13 44992 3824  6%
c B 541.87 86 26 208 337064 6555186 149783 26% 13 44992 3824  6%
c - 544.89 86 27 209 339655 6583864 126391 26% 13 44992 3824  6%
c d 549.07 86 28 209 343883 6630041 167717 26% 14 44992 3823  6%
c 
c  seconds    reductions          redundant    irredundant
c          MB       restarts              trail      variables
c           level          conflicts          glue        remaining
c 
c 2 549.09 86 28 209 343883 6630041 168901 26% 14 44992 3823  6%
c p 549.14 86 28 209 343883 6630041 170118 26% 14 44992 3823  6%
c - 551.04 89 29 210 345416 6646864 127399 26% 14 44992 3823  6%
c s 552.80 89 29 210 347769 6666945 144825 26% 14 44978 3823  6%
c v 552.91 89 29 210 347769 6666945 144825 26% 14 44976 3823  6%
c w 552.99 89 29 210 347769 6666945 144815 26% 14 44976 3823  6%
c t 552.99 89 29 210 347769 6666945 144814 26% 14 44976 3823  6%
c s 553.24 89 29 210 347769 6666945 144684 26% 14 44974 3823  6%
c W 554.42 89 29 210 348030 6670187 147630 26% 14 44974 3823  6%
c - 557.48 89 28 211 350373 6710165 128487 27% 14 44974 3823  6%
c - 562.59 89 27 212 354476 6773767 126398 27% 14 44974 3823  6%
c F 563.16 89 26 212 354592 6786189 137111 27% 13 44974 3823  6%
c - 568.31 89 29 213 359509 6837670 129690 28% 13 44974 3823  6%
c 3 572.50 89 29 213 363450 6890041 176262 28% 14 44974 3823  6%
c p 572.59 89 29 213 363450 6890041 177808 28% 14 44974 3823  6%
c - 574.43 89 30 214 364731 6901870 131486 29% 14 44974 3823  6%
c B 574.50 89 30 214 364731 6903192 132632 29% 14 44974 3823  6%
c s 580.42 89 30 214 371301 6965676 186891 28% 14 44970 3823  6%
c v 580.58 89 30 214 371301 6965676 186891 28% 14 44969 3823  6%
c w 580.72 89 30 214 371301 6965676 186888 28% 14 44969 3823  6%
c 
c  seconds    reductions          redundant    irredundant
c          MB       restarts              trail      variables
c           level          conflicts          glue        remaining
c 
c s 580.96 89 30 214 371301 6965676 186781 28% 14 44969 3823  6%
c - 581.07 89 30 215 371311 6966370 130238 28% 14 44969 3823  6%
c W 586.30 89 29 215 375708 7021194 177970 28% 14 44969 3823  6%
c - 586.93 89 28 216 375786 7031171 129726 28% 14 44969 3823  6%
c - 592.69 89 29 217 380701 7096273 132024 28% 14 44969 3823  6%
c # 595.86 89 28 217 382834 7140195 170366 28% 13 44969 3823  6%
c p 597.43 89 28 217 384028 7155044 185637 28% 13 44969 3823  6%
c - 598.43 91 29 218 384850 7161673 134806 28% 13 44969 3823  6%
c - 603.05 91 26 219 390149 7227373 134556 27% 13 44969 3823  6%
c B 605.58 91 28 219 394141 7260196 163602 28% 14 44969 3823  6%
c s 607.31 91 28 219 395336 7271509 173730 28% 14 44966 3823  6%
c v 607.43 91 28 219 395336 7271509 173730 28% 14 44914 3823  6%
c w 607.54 91 28 219 395336 7271509 173726 28% 14 44914 3823  6%
c t 607.54 91 28 219 395336 7271509 173724 28% 14 44914 3823  6%
c e 607.55 91 28 219 395336 7271509 172569 28% 14 44945 3817  6%
c s 607.81 91 28 219 395336 7271509 172444 28% 14 44941 3817  6%
c - 610.46 91 30 220 398448 7293373 137298 28% 14 44941 3817  6%
c - 614.70 91 28 221 402914 7359673 134342 27% 14 44941 3817  6%
c W 617.15 91 27 221 403895 7381197 152355 27% 13 44941 3817  6%
c p 620.21 91 25 221 405445 7425044 192676 28% 13 44941 3817  6%
c 
c  seconds    reductions          redundant    irredundant
c          MB       restarts              trail      variables
c           level          conflicts          glue        remaining
c 
c - 620.55 91 25 222 405693 7426273 133651 28% 13 44941 3817  6%
c - 624.87 91 23 223 409519 7493173 135169 28% 12 44941 3817  6%
c F 625.38 91 22 223 409551 7503201 142578 28% 12 44941 3817  6%
c - 631.86 91 26 224 417683 7560374 141723 27% 13 44941 3817  6%
c s 634.70 91 28 224 420296 7584571 162675 27% 13 44939 3817  6%
c w 634.96 91 28 224 420296 7584571 162664 27% 13 44939 3817  6%
c s 635.26 91 28 224 420296 7584571 162522 27% 13 44938 3817  6%
c B 639.56 91 28 224 424264 7626202 200971 26% 13 44938 3817  6%
c - 639.99 93 28 225 424536 7627878 147164 26% 13 44938 3817  6%
c - 648.47 93 27 226 430412 7695682 141234 27% 13 44938 3817  6%
c p 649.04 93 28 226 430759 7700044 147750 28% 13 44938 3817  6%
c W 653.45 93 23 226 432183 7750203 185907 27% 13 44938 3817  6%
c - 654.31 93 23 227 434469 7763782 135713 26% 13 44938 3817  6%
c - 659.05 93 23 228 439818 7832183 140720 26% 13 44938 3817  6%
c # 662.34 93 24 228 442523 7875205 178019 26% 13 44938 3817  6%
c - 666.36 93 26 229 446458 7900887 143219 26% 13 44938 3817  6%
c s 666.88 93 25 229 446492 7904742 145834 26% 13 44937 3817  6%
c v 667.00 93 25 229 446492 7904742 145834 26% 13 44936 3817  6%
c w 667.14 93 25 229 446492 7904742 145825 26% 13 44936 3817  6%
c s 667.48 93 25 229 446492 7904742 145673 26% 13 44935 3817  6%
c 
c  seconds    reductions          redundant    irredundant
c          MB       restarts              trail      variables
c           level          conflicts          glue        remaining
c 
c e 667.49 93 25 229 446492 7904742 145526 26% 13 44951 3816  6%
c - 675.18 99 28 230 455574 7969887 146728 25% 14 44951 3816  6%
c 3 676.19 99 28 230 456396 7980045 156761 26% 14 44951 3816  6%
c p 676.26 99 28 230 456396 7980045 158306 26% 14 44951 3816  6%
c B 678.66 99 29 230 458047 8001207 176973 26% 14 44951 3816  6%
c - 683.43 99 30 231 460806 8039189 148723 27% 14 44951 3816  6%
c - 690.79 99 30 232 468088 8108791 148841 27% 14 44951 3816  6%
c W 693.57 99 30 232 469336 8128211 165972 27% 14 44951 3816  6%
c - 696.22 99 27 233 470746 8178692 144377 27% 14 44951 3816  6%
c } 696.72 99 27 233 471175 8191017 154711 26% 14 44951 3816  6%
c [ 696.72 99 63 233 471175 8191017 154711 55% 45 44951 3816  6%
c s 699.76 99 56 233 471181 8232100 192780 51% 38 44950 3816  6%
c v 699.89 99 56 233 471181 8232100 192780 51% 38 44938 3816  6%
c w 700.00 99 56 233 471181 8232100 192773 51% 38 44938 3816  6%
c s 700.31 99 56 233 471181 8232100 192716 51% 38 44938 3816  6%
c - 702.32 124 55 234 471181 8248894 144859 51% 38 44938 3816  6%
c W 704.24 124 55 234 471181 8256214 151759 51% 37 44938 3816  6%
c 3 705.22 124 54 234 471182 8265045 161237 51% 37 44938 3816  6%
c p 705.30 124 54 234 471182 8265045 162491 51% 37 44938 3816  6%
c - 711.37 129 53 235 471182 8319394 145610 50% 37 44938 3816  6%
c 
c  seconds     reductions          redundant    irredundant
c           MB       restarts              trail      variables
c            level          conflicts          glue        remaining
c 
c O 720.99 129 50 235 471212 8385217 204982 49% 36 44938 3816  6%
c - 721.32 128 49 236 471213 8390196 147600 48% 35 44938 3816  6%
c - 727.12 110 46 237 471242 8461296 144280 43% 31 44938 3816  6%
c B 732.17 110 52 237 471245 8515220 195029 44% 35 44938 3816  6%
c - 733.70 138 53 238 471252 8532696 143595 44% 34 44938 3816  6%
c 3 736.05 138 51 238 471260 8555046 162980 45% 35 44938 3816  6%
c p 736.14 138 51 238 471260 8555046 164359 45% 35 44938 3816  6%
c - 741.69 138 47 239 471276 8604400 135428 44% 34 44938 3816  6%
c W 747.18 138 45 239 471297 8646221 166341 43% 34 44938 3816  6%
c - 751.47 138 43 240 471307 8676400 132581 43% 34 44938 3816  6%
c - 760.10 138 43 241 471309 8748700 140276 43% 35 44938 3816  6%
c I 764.44 138 43 241 471309 8778223 162924 42% 35 44938 3816  6%
c - 768.03 138 49 242 471310 8821300 144303 44% 35 44938 3816  6%
c 3 770.29 138 50 242 471310 8850046 172667 42% 35 44938 3816  6%
c p 770.38 138 50 242 471310 8850046 174058 42% 35 44938 3816  6%
c - 775.59 98 52 243 471310 8894200 149194 43% 36 44938 3816  6%
c B 777.43 98 52 243 471310 8911224 164965 43% 36 44938 3816  6%
c - 783.71 94 53 244 471333 8967402 146972 44% 37 44938 3816  6%
c - 793.32 120 51 245 471359 9040902 143714 46% 37 44938 3816  6%
c W 794.88 120 50 245 471362 9045228 147479 46% 37 44938 3816  6%
c 
c  seconds     reductions          redundant    irredundant
c           MB       restarts              trail      variables
c            level          conflicts          glue        remaining
c 
c - 806.01 149 48 246 471373 9114702 145864 48% 36 44938 3816  6%
c 3 811.71 149 48 246 471388 9150047 176594 49% 37 44938 3816  6%
c p 811.82 149 48 246 471388 9150047 177962 49% 37 44938 3816  6%
c O 816.07 149 48 246 471403 9180232 202811 49% 37 44938 3816  6%
c - 816.61 149 47 247 471404 9188802 147047 47% 35 44938 3816  6%
c - 823.31 149 46 248 471434 9263204 146418 42% 33 44938 3816  6%
c B 830.09 149 45 248 471436 9316235 190541 42% 34 44938 3816  6%
c - 832.53 149 51 249 471437 9337905 147593 43% 38 44938 3816  6%
c - 841.98 149 54 250 471452 9412905 148000 45% 43 44938 3816  6%
c W 848.49 149 56 250 471467 9453238 182769 46% 44 44938 3816  6%
c 3 848.79 149 56 250 471468 9455049 185350 46% 44 44938 3816  6%
c p 848.88 149 56 250 471468 9455049 186752 46% 44 44938 3816  6%
c - 853.85 149 57 251 471480 9488206 146254 47% 46 44938 3816  6%
c - 867.06 149 55 252 471500 9563806 139508 48% 46 44938 3816  6%
c I 871.35 149 55 252 471504 9591239 161392 48% 46 44938 3816  6%
c - 875.72 149 65 253 471528 9639706 151369 49% 51 44938 3816  6%
c - 885.27 98 67 254 471554 9715906 148259 48% 53 44938 3816  6%
c B 886.97 98 67 254 471561 9730241 161200 48% 54 44938 3816  6%
c 3 890.86 98 67 254 471563 9765049 194759 48% 52 44938 3816  6%
c p 890.98 98 67 254 471563 9765049 196167 48% 52 44938 3816  6%
c 
c  seconds    reductions          redundant    irredundant
c          MB       restarts              trail      variables
c           level          conflicts          glue        remaining
c 
c - 894.45 98 65 255 471564 9792406 151953 48% 50 44938 3816  6%
c - 906.53 92 59 256 471565 9869208 147238 47% 47 44938 3816  6%
c W 907.68 92 59 256 471565 9870247 148162 47% 47 44938 3816  6%
c - 915.84 128 64 257 471565 9946308 153377 49% 44 44938 3816  6%
c s 916.12 128 64 257 471565 9946308 153064 49% 44 44938 3816  6%
c v 916.36 128 64 257 471565 9946308 153064 49% 44 44924 3816  6%
c w 916.75 128 64 257 471565 9946308 153028 49% 44 44924 3816  6%
c s 917.01 128 64 257 471565 9946308 152802 49% 44 44924 3816  6%
c O 926.31 128 62 257 471566 10011248 211968 49% 44 44924 3816  6%
c - 927.59 125 59 258 471566 10023709 158272 49% 42 44924 3816  6%
c 3 933.16 125 57 258 471566 10080052 212659 46% 39 44924 3816  6%
c p 933.29 125 57 258 471566 10080052 214043 46% 39 44924 3816  6%
c - 935.67 127 56 259 471566 10101410 156818 46% 37 44924 3816  6%
c B 941.87 127 54 259 471566 10153250 206337 45% 36 44924 3816  6%
c - 945.74 131 54 260 471566 10179410 158715 45% 37 44924 3816  6%
c - 956.37 128 51 261 471567 10257711 162971 45% 36 44924 3816  6%
c W 962.37 128 54 261 471567 10296252 199268 45% 38 44924 3816  6%
c - 968.76 127 56 262 471567 10336312 161642 46% 39 44924 3816  6%
c 3 979.50 127 57 262 471567 10400054 221623 48% 41 44924 3816  6%
c p 979.63 127 57 262 471567 10400054 222947 48% 41 44924 3816  6%
c 
c  seconds     reductions           redundant    irredundant
c           MB       restarts               trail      variables
c            level          conflicts           glue        remaining
c 
c - 983.26 128 58 263 471567 10415215 164596 48% 41 44924 3816  6%
c I 987.59 128 58 263 471567 10440253 187290 48% 42 44924 3816  6%
c - 993.24 127 59 264 471567 10494415 163769 46% 41 44924 3816  6%
c - 1005.80 130 58 265 471567 10573915 160369 48% 43 44924 3816  6%
c B 1007.08 130 58 265 471567 10585255 171245 48% 43 44924 3816  6%
c - 1018.81 130 60 266 471567 10653716 163241 48% 45 44924 3816  6%
c 3 1030.32 130 60 266 471567 10725056 230643 48% 46 44924 3816  6%
c p 1030.45 130 60 266 471567 10725056 232005 48% 46 44924 3816  6%
c W 1032.95 130 60 266 471567 10731256 237662 48% 46 44924 3816  6%
c - 1033.55 132 60 267 471567 10733817 169062 48% 46 44924 3816  6%
c - 1045.94 132 62 268 471582 10814217 169576 48% 48 44924 3816  6%
c O 1055.53 132 61 268 471605 10878257 226427 48% 48 44924 3816  6%
c - 1057.09 128 62 269 471613 10894918 170556 47% 45 44924 3816  6%
c - 1065.69 104 65 270 471630 10975920 165761 46% 44 44924 3816  6%
c B 1073.31 104 64 270 471652 11026262 209650 47% 46 44924 3816  6%
c 3 1076.29 104 65 270 471661 11055056 237755 47% 45 44924 3816  6%
c p 1076.44 104 65 270 471661 11055056 239130 47% 45 44924 3816  6%
c - 1076.83 136 65 271 471661 11057220 164319 47% 45 44924 3816  6%
c - 1087.84 106 64 272 471692 11138820 159669 48% 46 44924 3816  6%
c W 1094.83 106 63 272 471693 11175263 190371 49% 47 44924 3816  6%
c 
c   seconds     reductions           redundant    irredundant
c            MB       restarts               trail      variables
c             level          conflicts           glue        remaining
c 
c - 1103.05 138 60 273 471694 11220722 160162 48% 46 44924 3816  6%
c - 1118.66 106 57 274 471723 11302924 161533 47% 46 44924 3816  6%
c I 1121.67 106 57 274 471725 11325264 182000 48% 46 44924 3816  6%
c - 1127.02 138 58 275 471753 11385424 166696 47% 42 44924 3816  6%
c 3 1127.57 138 58 275 471755 11390056 172084 48% 42 44924 3816  6%
c p 1127.65 138 58 275 471755 11390056 173445 48% 42 44924 3816  6%
c - 1139.20 106 59 276 471770 11468226 163564 48% 44 44924 3816  6%
c B 1140.41 106 59 276 471772 11476266 169787 48% 44 44924 3816  6%
c - 1148.51 138 70 277 471801 11551328 164050 48% 49 44924 3816  6%
c W 1160.29 138 72 277 471820 11628267 234929 48% 53 44924 3816  6%
c - 1161.60 141 72 278 471820 11634729 166830 48% 53 44924 3816  6%
c - 1174.72 141 69 279 471822 11718430 171392 48% 53 44924 3816  6%
c s 1174.98 141 69 279 471822 11718430 171159 48% 53 44924 3816  6%
c w 1175.78 141 69 279 471822 11718430 171089 48% 53 44924 3816  6%
c 3 1177.54 141 68 279 471822 11730056 182479 48% 53 44924 3816  6%
c p 1177.63 141 68 279 471822 11730056 183853 48% 53 44924 3816  6%
c O 1186.08 141 66 279 471822 11781268 226760 48% 53 44924 3816  6%
c - 1188.46 106 61 280 471822 11802430 170403 48% 48 44924 3816  6%
c - 1198.98 141 52 281 471842 11886730 169246 46% 39 44924 3816  6%
c B 1205.23 141 52 281 471857 11935269 214887 46% 38 44924 3816  6%
c 
c   seconds     reductions           redundant    irredundant
c            MB       restarts               trail      variables
c             level          conflicts           glue        remaining
c 
c - 1209.02 106 56 282 471874 11971330 172148 46% 38 44924 3816  6%
c - 1218.53 140 57 283 471892 12056230 170562 47% 39 44924 3816  6%
c p 1220.88 140 57 283 471900 12075057 190049 47% 39 44924 3816  6%
c W 1223.68 140 57 283 471907 12090270 204029 46% 39 44924 3816  6%
c - 1229.79 106 58 284 471923 12141431 171751 46% 39 44924 3816  6%
c - 1242.61 131 55 285 471948 12226931 170444 46% 40 44924 3816  6%
c I 1245.00 131 55 285 471948 12246271 186505 46% 41 44924 3816  6%
c - 1252.33 162 53 286 471949 12312732 173398 46% 35 44924 3816  6%
c - 1263.38 162 52 287 471983 12398834 172045 45% 36 44924 3816  6%
c B 1264.02 162 52 287 471986 12403272 176001 45% 37 44924 3816  6%
c 3 1266.21 162 54 287 471995 12425057 196067 45% 38 44924 3816  6%
c p 1266.31 162 54 287 471995 12425057 197404 45% 38 44924 3816  6%
c - 1273.17 162 55 288 472012 12485234 170790 45% 38 44924 3816  6%
c W 1285.36 162 53 288 472037 12561275 236412 46% 39 44924 3816  6%
c - 1287.02 162 53 289 472042 12571935 172607 47% 40 44924 3816  6%
c - 1301.91 162 53 290 472073 12658938 174328 49% 40 44924 3816  6%
c O 1311.98 162 51 290 472076 12720276 224739 49% 40 44924 3816  6%
c - 1314.62 105 51 291 472076 12746238 179929 46% 37 44924 3816  6%
c 3 1318.01 105 49 291 472077 12780057 212952 44% 34 44924 3816  6%
c p 1318.11 105 49 291 472077 12780057 214254 44% 34 44924 3816  6%
c 
c   seconds     reductions           redundant    irredundant
c            MB       restarts               trail      variables
c             level          conflicts           glue        remaining
c 
c - 1324.26 109 55 292 472077 12833838 179548 43% 37 44924 3816  6%
c B 1329.20 109 54 292 472077 12880277 223336 41% 35 44924 3816  6%
c - 1333.55 108 62 293 472078 12921738 180841 43% 39 44924 3816  6%
c - 1342.33 106 63 294 472078 13009939 177722 42% 42 44924 3816  6%
c W 1346.09 106 63 294 472078 13041278 205952 41% 43 44924 3816  6%
c - 1354.12 118 62 295 472078 13098440 180233 46% 44 44924 3816  6%
c 3 1360.61 118 59 295 472078 13140059 220698 47% 43 44924 3816  6%
c p 1360.72 118 59 295 472078 13140059 222047 47% 43 44924 3816  6%
c - 1369.30 129 61 296 472085 13187241 181563 48% 45 44924 3816  6%
c I 1372.14 129 61 296 472093 13203279 195076 48% 45 44924 3816  6%
c - 1379.24 111 51 297 472119 13276341 176841 44% 38 44924 3816  6%
c - 1390.55 135 45 298 472141 13365741 175568 42% 34 44924 3816  6%
c B 1390.63 135 44 298 472141 13366280 175948 42% 34 44924 3816  6%
c - 1402.27 175 58 299 472172 13455442 176922 47% 42 44924 3816  6%
c p 1410.19 175 60 299 472194 13505060 221819 49% 45 44924 3816  6%
c W 1415.55 175 62 299 472203 13530283 242358 49% 48 44924 3816  6%
c - 1418.34 135 62 300 472204 13545443 174326 49% 49 44924 3816  6%
c s 1418.64 135 62 300 472204 13545443 173914 49% 49 44924 3816  6%
c v 1418.90 135 62 300 472204 13545443 173914 49% 49 44924 3816  6%
c w 1419.47 135 62 300 472204 13545443 173842 49% 49 44924 3816  6%
c 
c   seconds     reductions           redundant    irredundant
c            MB       restarts               trail      variables
c             level          conflicts           glue        remaining
c 
c s 1419.75 135 62 300 472204 13545443 173721 49% 49 44924 3816  6%
c - 1433.80 171 63 301 472205 13635746 173268 50% 51 44924 3816  6%
c O 1443.69 171 65 301 472232 13695284 224524 50% 52 44924 3816  6%
c - 1446.87 135 63 302 472236 13726346 181456 49% 48 44924 3816  6%
c - 1459.05 149 54 303 472268 13817246 174744 45% 42 44924 3816  6%
c B 1464.24 149 53 303 472280 13861287 214742 44% 40 44924 3816  6%
c 3 1465.67 149 56 303 472283 13875061 228581 45% 41 44924 3816  6%
c p 1465.80 149 56 303 472283 13875061 229941 45% 41 44924 3816  6%
c - 1469.14 149 58 304 472298 13908447 179798 45% 42 44924 3816  6%
c - 1482.13 149 58 305 472330 13999948 175218 48% 45 44924 3816  6%
c W 1486.61 149 58 305 472331 14028289 199485 48% 45 44924 3816  6%
c - 1496.32 120 59 306 472332 14091749 182693 49% 46 44924 3816  6%
c - 1513.99 122 58 307 472333 14183850 188088 51% 47 44924 3816  6%
c I 1516.03 122 58 307 472333 14196290 198744 51% 47 44924 3816  6%
c 3 1523.12 122 55 307 472339 14250061 249288 48% 44 44924 3816  6%
c p 1523.25 122 55 307 472339 14250061 250633 48% 44 44924 3816  6%
c - 1526.94 114 53 308 472349 14276251 185852 48% 42 44924 3816  6%
c B 1540.29 114 52 308 472385 14365291 262665 48% 41 44924 3816  6%
c - 1540.91 113 53 309 472386 14368951 181863 48% 41 44924 3816  6%
c - 1555.44 112 52 310 472409 14461951 176053 50% 42 44924 3816  6%
c 
c   seconds     reductions           redundant    irredundant
c            MB       restarts               trail      variables
c             level          conflicts           glue        remaining
c 
c W 1568.54 112 53 310 472434 14535295 238134 51% 42 44924 3816  6%
c - 1572.05 144 52 311 472442 14555251 179092 51% 42 44924 3816  6%
c 3 1584.11 144 49 311 472459 14630062 244511 51% 40 44924 3816  6%
c p 1584.26 144 49 311 472459 14630062 245853 51% 40 44924 3816  6%
c - 1587.72 112 48 312 472460 14648855 180061 51% 39 44924 3816  6%
c O 1598.67 112 45 312 472460 14706296 227243 50% 37 44924 3816  6%
c - 1602.47 140 53 313 472477 14742755 183934 49% 38 44924 3816  6%
c - 1614.55 173 54 314 472513 14836955 185793 46% 37 44924 3816  6%
c B 1619.16 173 55 314 472523 14878297 222827 44% 38 44924 3816  6%
c - 1625.62 140 58 315 472537 14931456 186792 45% 38 44924 3816  6%
c 3 1637.78 140 50 315 472568 15015063 259383 48% 37 44924 3816  6%
c p 1637.93 140 50 315 472568 15015063 260746 48% 37 44924 3816  6%
c - 1639.94 144 49 316 472571 15026257 181744 49% 37 44924 3816  6%
c W 1644.81 144 50 316 472584 15051298 203338 49% 38 44924 3816  6%
c - 1658.37 144 50 317 472587 15121358 181618 50% 39 44924 3816  6%
c - 1676.45 144 49 318 472588 15216759 188479 51% 40 44924 3816  6%
c I 1677.68 144 49 318 472588 15225299 195803 51% 39 44924 3816  6%
c - 1684.31 112 60 319 472589 15312460 191700 46% 38 44924 3816  6%
c B 1694.86 112 68 319 472589 15400300 275361 48% 44 44924 3816  6%
c p 1695.72 112 68 319 472589 15405063 282196 48% 44 44924 3816  6%
c 
c   seconds     reductions           redundant    irredundant
c            MB       restarts               trail      variables
c             level          conflicts           glue        remaining
c 
c - 1696.37 122 67 320 472589 15408462 196572 48% 43 44924 3816  6%
c s 1696.72 124 67 320 472589 15408462 196310 48% 43 44924 3816  6%
c v 1696.99 124 67 320 472589 15408462 196310 48% 43 44923 3816  6%
c w 1697.35 124 67 320 472589 15408462 196283 48% 43 44923 3816  6%
c s 1697.68 124 67 320 472589 15408462 196196 48% 43 44923 3816  6%
c - 1708.08 115 53 321 472589 15504762 190583 48% 36 44923 3816  6%
c W 1720.11 115 49 321 472590 15576301 255768 50% 37 44923 3816  6%
c - 1725.52 118 49 322 472590 15601362 192472 51% 37 44923 3816  6%
c - 1741.13 118 46 323 472590 15698262 196574 50% 35 44923 3816  6%
c O 1751.85 118 45 323 472590 15753302 245989 50% 36 44923 3816  6%
c - 1756.70 118 42 324 472590 15795462 199194 47% 31 44923 3816  6%
c 3 1757.25 118 42 324 472590 15800065 204761 46% 31 44923 3816  6%
c p 1757.36 118 42 324 472590 15800065 206117 46% 31 44923 3816  6%
c - 1771.22 122 47 325 472590 15892962 195825 45% 32 44923 3816  6%
c B 1778.31 122 46 325 472590 15931303 230816 45% 33 44923 3816  6%
c - 1786.19 126 59 326 472590 15990762 199528 47% 39 44923 3816  6%
c - 1801.24 129 64 327 472590 16088864 200554 48% 42 44923 3816  6%
c W 1805.67 129 64 327 472591 16110304 220008 48% 43 44923 3816  6%
c - 1819.42 123 63 328 472591 16187264 199949 48% 46 44923 3816  6%
c p 1821.55 123 62 328 472591 16200065 213872 48% 46 44923 3816  6%
c 
c   seconds     reductions           redundant    irredundant
c            MB       restarts               trail      variables
c             level          conflicts           glue        remaining
c 
c - 1838.17 120 60 329 472591 16285964 198378 49% 45 44923 3816  6%
c I 1839.03 120 60 329 472591 16290310 202094 49% 46 44923 3816  6%
c ] 1845.60 120 61 329 472591 16383017 288707 42% 42 44923 3816  6%
c { 1845.60 120 27 329 472591 16383017 288707 26% 14 44923 3816  6%
c - 1846.26 123 27 330 472767 16384965 199211 26% 14 44923 3816  6%
c F 1858.68 123 28 330 479063 16471313 276916 27% 13 44923 3816  6%
c - 1862.86 106 29 331 480672 16484265 196939 27% 14 44923 3816  6%
c - 1872.88 125 28 332 489517 16583866 198202 27% 14 44923 3816  6%
c 3 1874.96 125 28 332 491185 16605066 218582 27% 14 44923 3816  6%
c p 1875.06 125 28 332 491185 16605066 219890 27% 14 44923 3816  6%
c B 1881.41 125 30 332 496980 16653314 262026 27% 14 44923 3816  6%
c s 1884.38 125 28 332 497514 16679514 282786 27% 14 44917 3816  6%
c v 1884.64 125 28 332 497514 16679514 282786 27% 14 44911 3816  6%
c w 1885.12 125 28 332 497514 16679514 282757 27% 14 44911 3816  6%
c t 1885.13 125 28 332 497514 16679514 282756 27% 14 44911 3816  6%
c s 1885.80 125 28 332 497514 16679514 282573 27% 14 44907 3816  6%
c - 1886.41 126 28 333 498021 16683770 206496 27% 14 44907 3816  6%
c - 1898.84 126 30 334 507375 16783971 202461 27% 14 44907 3816  6%
c W 1907.07 126 31 334 511003 16836315 249482 28% 14 44907 3816  6%
c - 1913.99 142 31 335 515208 16884472 206098 27% 15 44907 3816  6%
c 
c   seconds     reductions           redundant    irredundant
c            MB       restarts               trail      variables
c             level          conflicts           glue        remaining
c 
c - 1922.60 142 26 336 518997 16985273 204036 26% 14 44907 3816  6%
c 3 1925.18 142 26 336 521756 17015066 229943 26% 14 44907 3816  6%
c p 1925.28 142 26 336 521756 17015066 230991 26% 14 44907 3816  6%
c # 1926.24 142 26 336 522274 17020317 235642 26% 14 44907 3816  6%
c s 1929.26 142 27 336 524044 17042310 254958 27% 14 44907 3816  6%
c w 1929.59 142 27 336 524044 17042310 254801 27% 14 44907 3816  6%
c s 1929.72 142 27 336 524044 17042310 254685 27% 14 44907 3816  6%
c - 1936.37 142 27 337 526632 17086374 207234 28% 14 44907 3816  6%
c i 1945.39 142 20 337 530000 17187155 286279 28% 12 44907 3814  6%
c - 1945.53 142 20 338 530117 17187774 145816 28% 12 44897 3814  6%
c B 1946.97 142 22 338 533196 17205320 160725 27% 12 44897 3814  6%
c - 1955.10 142 26 339 544936 17289476 189589 27% 14 44897 3814  6%
c W 1969.16 142 27 339 553210 17391321 279164 27% 14 44897 3814  6%
c - 1969.31 142 27 340 553248 17391476 204340 27% 14 44897 3814  6%
c s 1972.08 142 28 340 555836 17412222 217561 27% 14 44819 3814  6%
c w 1972.40 142 28 340 555836 17412222 217536 27% 14 44819 3814  6%
c t 1972.41 142 28 340 555836 17412222 217535 27% 14 44819 3814  6%
c e 1972.42 142 28 340 555836 17412222 217182 27% 14 44852 3810  6%
c s 1972.51 142 28 340 555836 17412222 217176 27% 14 44852 3810  6%
c d 1974.50 142 28 340 558050 17430067 232207 26% 14 44852 3809  6%
c 
c   seconds     reductions           redundant    irredundant
c            MB       restarts               trail      variables
c             level          conflicts           glue        remaining
c 
c 3 1974.52 142 28 340 558050 17430067 233614 26% 14 44852 3809  6%
c 2 1974.54 142 28 340 558050 17430067 233613 26% 14 44852 3809  6%
c p 1974.62 142 28 340 558050 17430067 234525 26% 14 44852 3809  6%
c - 1981.90 142 28 341 562314 17493776 216771 26% 14 44852 3809  6%
c F 1990.39 142 26 341 565946 17578323 290755 28% 13 44852 3809  6%
c - 1993.38 142 27 342 567468 17596376 213723 28% 14 44852 3809  6%
c - 2003.32 142 26 343 575417 17699279 213207 26% 14 44852 3809  6%
c B 2010.97 142 28 343 581924 17766324 272441 26% 14 44852 3809  6%
c s 2014.42 142 27 343 582784 17789298 291300 27% 14 44850 3809  6%
c v 2014.57 142 27 343 582784 17789298 291300 27% 14 44849 3809  6%
c w 2014.79 142 27 343 582784 17789298 291273 27% 14 44849 3809  6%
c s 2015.46 142 27 343 582784 17789298 291113 27% 14 44849 3809  6%
c - 2017.18 142 27 344 583302 17802480 217987 27% 14 44849 3809  6%
c d 2021.87 142 25 344 585731 17850067 258906 27% 14 44849 3808  6%
c 3 2021.89 142 25 344 585731 17850067 260258 27% 14 44849 3808  6%
c 2 2021.92 142 25 344 585731 17850067 260257 27% 14 44849 3808  6%
c p 2022.00 142 25 344 585731 17850067 261133 27% 14 44849 3808  6%
c - 2030.32 142 27 345 590750 17905981 215039 27% 14 44849 3808  6%
c W 2038.91 142 29 345 596219 17955325 260179 28% 14 44849 3808  6%
c - 2045.01 142 28 346 599171 18009782 219797 26% 14 44849 3808  6%
c 
c   seconds     reductions           redundant    irredundant
c            MB       restarts               trail      variables
c             level          conflicts           glue        remaining
c 
c - 2055.81 142 28 347 607282 18113882 218783 27% 14 44849 3808  6%
c # 2058.13 142 28 347 610537 18145326 245732 27% 14 44849 3808  6%
c s 2061.54 142 27 347 612002 18173518 270139 27% 14 44849 3808  6%
c v 2061.69 142 27 347 612002 18173518 270139 27% 14 44847 3808  6%
c w 2061.84 142 27 347 612002 18173518 270112 27% 14 44847 3808  6%
c s 2062.10 142 27 347 612002 18173518 269957 27% 14 44847 3808  6%
c - 2066.98 142 26 348 614146 18218284 216784 27% 14 44847 3808  6%
c p 2074.54 142 29 348 619480 18275068 270561 28% 14 44847 3808  6%
c - 2079.67 142 28 349 623446 18322984 219753 27% 14 44847 3808  6%
c B 2081.51 142 28 349 624927 18336331 231720 27% 14 44847 3808  6%
c - 2088.63 142 24 350 628540 18427985 217639 25% 13 44847 3808  6%
c W 2100.20 142 24 350 635652 18528334 305094 26% 13 44847 3808  6%
c - 2100.74 142 24 351 635732 18533286 220668 26% 13 44847 3808  6%
c w 2103.18 142 24 351 640260 18564888 246471 25% 14 44847 3808  6%
c t 2103.19 142 24 351 640260 18564888 246470 25% 14 44847 3808  6%
c s 2103.20 142 24 351 640260 18564888 246470 25% 14 44847 3808  6%
c - 2110.66 142 26 352 649031 18638887 217526 25% 14 44847 3808  6%
c 3 2116.55 142 27 352 652897 18705070 276788 26% 14 44847 3808  6%
c p 2116.67 142 27 352 652897 18705070 277676 26% 14 44847 3808  6%
c F 2119.05 142 28 352 654121 18721342 291850 27% 14 44847 3808  6%
c 
c   seconds     reductions           redundant    irredundant
c            MB       restarts               trail      variables
c             level          conflicts           glue        remaining
c 
c - 2122.77 142 29 353 655605 18744789 221157 28% 14 44847 3808  6%
c - 2135.22 142 27 354 663955 18850990 227374 27% 14 44847 3808  6%
c B 2143.31 142 27 354 670708 18915344 284621 27% 14 44847 3808  6%
c - 2150.36 148 28 355 673985 18957490 229970 27% 14 44847 3808  6%
c - 2163.08 148 28 356 681411 19064292 227545 27% 14 44847 3808  6%
c W 2167.93 148 26 356 683613 19110345 266303 27% 14 44847 3808  6%
c 3 2171.91 148 27 356 685572 19140070 293903 26% 14 44847 3808  6%
c p 2172.02 148 27 356 685572 19140070 294766 26% 14 44847 3808  6%
c - 2175.64 148 26 357 688513 19171392 227452 26% 14 44847 3808  6%
c - 2188.25 148 27 358 696547 19278792 228087 27% 14 44847 3808  6%
c # 2190.51 148 26 358 697808 19306346 251645 26% 14 44847 3808  6%
c - 2200.04 148 25 359 702254 19386492 227943 28% 13 44847 3808  6%
c s 2210.51 148 24 359 710707 19490113 315944 27% 14 44843 3808  6%
c v 2210.76 148 24 359 710707 19490113 315944 27% 14 44842 3808  6%
c w 2211.03 148 24 359 710707 19490113 315921 27% 14 44842 3808  6%
c s 2211.62 148 24 359 710707 19490113 315751 27% 14 44842 3808  6%
c - 2212.76 148 25 360 711158 19494493 230574 27% 14 44842 3808  6%
c B 2213.25 148 24 360 711163 19503349 238079 27% 13 44842 3808  6%
c 3 2222.12 148 24 360 716194 19580070 306045 26% 13 44842 3808  6%
c p 2222.25 148 24 360 716194 19580070 306904 26% 13 44842 3808  6%
c 
c   seconds     reductions           redundant    irredundant
c            MB       restarts               trail      variables
c             level          conflicts           glue        remaining
c 
c - 2225.49 148 24 361 718226 19602793 228412 26% 13 44842 3808  6%
c W 2240.15 148 26 361 728392 19701350 314825 26% 14 44842 3808  6%
c - 2241.55 148 26 362 728841 19711396 235303 27% 14 44842 3808  6%
c - 2253.30 148 25 363 737191 19820296 233886 26% 13 44842 3808  6%
c s 2264.52 148 26 363 745262 19895698 298439 26% 14 44840 3808  6%
c w 2264.87 148 26 363 745262 19895698 298436 26% 14 44840 3808  6%
c t 2264.88 148 26 363 745262 19895698 298435 26% 14 44840 3808  6%
c s 2264.94 148 26 363 745262 19895698 298435 26% 14 44840 3808  6%
c F 2265.28 148 26 363 745263 19900351 302077 26% 14 44840 3808  6%
c - 2271.17 148 27 364 748506 19929497 237273 27% 14 44840 3808  6%
c 3 2279.97 148 23 364 751430 20025070 319684 28% 13 44840 3808  6%
c p 2280.11 148 23 364 751430 20025070 320537 28% 13 44840 3808  6%
c - 2282.48 148 23 365 753469 20039002 234204 27% 13 44840 3808  6%
c B 2290.62 148 25 365 760258 20100356 287331 28% 13 44840 3808  6%
c - 2296.80 148 26 366 764314 20148803 238669 27% 14 44840 3808  6%
c - 2306.62 148 20 367 766996 20258903 230716 29% 12 44840 3808  6%
c W 2313.92 148 23 367 774252 20301358 266283 28% 13 44840 3808  6%
c s 2316.15 148 24 367 775664 20308389 271775 28% 13 44838 3808  6%
c w 2316.58 148 24 367 775664 20308389 271765 28% 13 44838 3808  6%
c s 2316.67 148 24 367 775664 20308389 271762 28% 13 44838 3808  6%
c 
c   seconds     reductions           redundant    irredundant
c            MB       restarts               trail      variables
c             level          conflicts           glue        remaining
c 
c - 2325.61 148 26 368 781003 20369304 240963 28% 14 44838 3808  6%
c 3 2343.62 148 28 368 791311 20475072 335961 28% 14 44838 3808  6%
c p 2343.79 148 28 368 791311 20475072 336845 28% 14 44838 3808  6%
c - 2344.09 148 28 369 791516 20480004 242327 28% 14 44838 3808  6%
c # 2346.94 148 28 369 793027 20503361 262182 28% 14 44838 3808  6%
c - 2358.58 148 28 370 799471 20591009 242139 27% 14 44838 3808  6%
c - 2370.42 148 27 371 806019 20702309 239808 26% 14 44838 3808  6%
c B 2371.13 148 27 371 806888 20706362 243637 26% 14 44838 3808  6%
c s 2373.55 148 26 371 807456 20728188 261401 27% 14 44836 3808  6%
c w 2373.85 148 26 371 807456 20728188 261394 27% 14 44836 3808  6%
c s 2373.94 148 26 371 807456 20728188 261394 27% 14 44836 3808  6%
c - 2384.65 148 25 372 813413 20813915 236011 27% 14 44836 3808  6%
c W 2396.23 148 24 372 819796 20910366 317078 28% 13 44836 3808  6%
c - 2398.85 148 24 373 821250 20925815 238527 28% 13 44836 3808  6%
c p 2399.12 148 24 373 821285 20930072 243636 28% 13 44836 3808  6%
c - 2416.02 148 27 374 830557 21038017 247211 27% 13 44836 3808  6%
c F 2423.70 148 26 374 836427 21115367 313187 26% 14 44836 3808  6%
c - 2429.97 148 26 375 839674 21150517 245048 25% 14 44836 3808  6%
c s 2430.88 148 26 375 839709 21155095 247946 25% 14 44835 3808  6%
c w 2431.26 148 26 375 839709 21155095 247938 25% 14 44835 3808  6%
c 
c   seconds     reductions           redundant    irredundant
c            MB       restarts               trail      variables
c             level          conflicts           glue        remaining
c 
c s 2431.46 148 26 375 839709 21155095 247878 25% 14 44835 3808  6%
c - 2446.53 148 26 376 848874 21263318 244325 26% 14 44835 3808  6%
c B 2449.86 148 22 376 849219 21321369 290994 27% 13 44835 3808  6%
c - 2458.81 148 23 377 854860 21376420 241375 27% 13 44835 3808  6%
c 3 2460.56 148 23 377 855963 21390073 254722 27% 13 44835 3808  6%
c p 2460.67 148 23 377 855963 21390073 255555 27% 13 44835 3808  6%
c - 2474.22 148 24 378 863970 21489821 247417 28% 13 44835 3808  6%
c W 2481.15 148 26 378 870117 21528371 282086 28% 13 44835 3808  6%
c s 2491.34 148 25 378 875424 21589114 335402 28% 13 44834 3808  6%
c w 2491.83 148 25 378 875424 21589114 335395 28% 13 44834 3808  6%
c t 2491.84 148 25 378 875424 21589114 335394 28% 13 44834 3808  6%
c s 2491.99 148 25 378 875424 21589114 335392 28% 13 44834 3808  6%
c - 2495.92 148 26 379 877017 21603521 255328 28% 14 44834 3808  6%
c - 2512.41 148 28 380 886589 21717523 252559 28% 14 44834 3808  6%
c # 2515.28 148 28 380 888299 21736374 269551 28% 14 44834 3808  6%
c - 2528.02 148 28 381 894790 21831826 250308 28% 14 44834 3808  6%
c 3 2530.14 148 28 381 896193 21855074 271756 28% 14 44834 3808  6%
c p 2530.25 148 28 381 896193 21855074 272555 28% 14 44834 3808  6%
c B 2538.68 148 24 381 900570 21945377 347469 27% 14 44834 3808  6%
c - 2539.03 148 24 382 900684 21946428 244624 27% 14 44834 3808  6%
c 
c   seconds     reductions           redundant    irredundant
c            MB       restarts               trail      variables
c             level          conflicts           glue        remaining
c 
c s 2552.92 148 26 382 907642 22030245 318987 28% 14 44826 3808  6%
c v 2553.11 148 26 382 907642 22030245 318987 28% 14 44824 3808  6%
c w 2553.38 148 26 382 907642 22030245 318984 28% 14 44824 3808  6%
c s 2553.54 148 26 382 907642 22030245 318979 28% 14 44824 3808  6%
c - 2557.83 148 26 383 909536 22061328 251815 28% 14 44824 3808  6%
c W 2571.55 148 27 383 916759 22155378 333421 27% 14 44824 3808  6%
c - 2572.36 148 26 384 917475 22176529 250029 27% 14 44824 3808  6%
c - 2589.31 148 26 385 924010 22292033 253509 27% 14 44824 3808  6%
c d 2593.62 148 26 385 926014 22325074 282853 28% 14 44824 3807  6%
c 3 2593.65 148 26 385 926014 22325074 284157 28% 14 44824 3807  6%
c p 2593.78 148 26 385 926014 22325074 285001 28% 14 44824 3807  6%
c F 2601.80 148 28 385 931473 22366379 322069 28% 14 44824 3807  6%
c - 2609.29 157 28 386 934043 22407833 260222 29% 14 44824 3807  6%
c s 2620.24 157 28 386 940527 22478449 321501 28% 14 44820 3807  6%
c v 2620.43 157 28 386 940527 22478449 321501 28% 14 44818 3807  6%
c w 2620.73 157 28 386 940527 22478449 321496 28% 14 44818 3807  6%
c t 2620.73 157 28 386 940527 22478449 321493 28% 14 44818 3807  6%
c s 2620.94 157 28 386 940527 22478449 321473 28% 14 44817 3807  6%
c e 2620.95 157 28 386 940527 22478449 320980 28% 14 44833 3806  6%
c - 2628.44 157 29 387 944304 22523933 257922 28% 14 44833 3806  6%
c 
c   seconds     reductions           redundant    irredundant
c            MB       restarts               trail      variables
c             level          conflicts           glue        remaining
c 
c B 2634.71 157 27 387 946752 22578381 305169 28% 14 44833 3806  6%
c - 2643.47 157 26 388 949876 22640334 255923 28% 14 44833 3806  6%
c - 2660.42 157 26 389 958574 22757034 258480 28% 14 44833 3806  6%
c W 2664.71 157 25 389 960209 22791382 287313 28% 14 44833 3806  6%
c p 2665.63 157 25 389 960329 22800076 296206 27% 14 44833 3806  6%
c - 2677.63 157 25 390 966414 22874034 257513 28% 14 44833 3806  6%
c s 2684.63 157 24 390 969445 22933902 308563 28% 13 44833 3806  6%
c v 2684.81 157 24 390 969445 22933902 308563 28% 13 44829 3806  6%
c w 2685.07 157 24 390 969445 22933902 308555 28% 13 44829 3806  6%
c s 2685.39 157 24 390 969445 22933902 308511 28% 13 44829 3806  6%
c - 2694.55 157 26 391 976305 22991335 263157 27% 14 44829 3806  6%
c # 2695.44 157 26 391 976577 23005387 274989 28% 14 44829 3806  6%
c - 2709.93 157 26 392 985805 23108937 262768 27% 14 44829 3806  6%
c B 2724.31 157 26 392 993687 23220389 359352 28% 14 44829 3806  6%
c - 2725.95 157 26 393 994215 23226839 263275 28% 14 44829 3806  6%
c 3 2732.70 157 25 393 997383 23280076 310994 27% 13 44829 3806  6%
c p 2732.84 157 25 393 997383 23280076 311809 27% 13 44829 3806  6%
c - 2741.10 157 25 394 1005037 23345041 264505 26% 14 44829 3806  6%
c s 2746.89 157 23 394 1007903 23396454 306683 26% 13 44829 3806  6%
c v 2747.07 157 23 394 1007903 23396454 306683 26% 13 44828 3806  6%
c 
c   seconds     reductions            redundant    irredundant
c            MB        restarts               trail      variables
c             level           conflicts           glue        remaining
c 
c w 2747.34 157 23 394 1007903 23396454 306676 26% 13 44828 3806  6%
c s 2747.59 157 23 394 1007903 23396454 306664 26% 13 44826 3806  6%
c W 2754.68 157 25 394 1011125 23436390 341616 27% 14 44826 3806  6%
c - 2759.05 157 24 395 1013012 23463541 264181 27% 13 44826 3806  6%
c - 2776.05 157 26 396 1022559 23582341 263082 29% 14 44826 3806  6%
c F 2784.62 157 25 396 1027942 23653392 323744 28% 14 44826 3806  6%
c - 2791.00 157 25 397 1033180 23701442 262889 27% 14 44826 3806  6%
c 3 2798.79 157 25 397 1038099 23765078 319035 27% 14 44826 3806  6%
c p 2798.93 157 25 397 1038099 23765078 319836 27% 14 44826 3806  6%
c - 2808.16 157 25 398 1041310 23820842 263835 27% 14 44826 3806  6%
c s 2816.69 157 28 398 1046876 23866109 304557 28% 14 44826 3806  6%
c v 2816.88 157 28 398 1046876 23866109 304557 28% 14 44822 3806  6%
c w 2817.15 157 28 398 1046876 23866109 304553 28% 14 44822 3806  6%
c s 2817.38 157 28 398 1046876 23866109 304541 28% 14 44822 3806  6%
c B 2818.11 157 28 398 1047197 23871394 309225 28% 14 44822 3806  6%
c - 2826.51 157 25 399 1049550 23940544 269294 29% 14 44822 3806  6%
c - 2840.50 157 25 400 1056632 24060545 269039 28% 14 44822 3806  6%
c W 2844.28 157 24 400 1057331 24090395 294417 28% 13 44822 3806  6%
c - 2857.89 157 24 401 1064073 24180847 267284 27% 13 44822 3806  6%
c p 2868.18 157 26 401 1071195 24255078 334216 28% 14 44822 3806  6%
c 
c   seconds     reductions            redundant    irredundant
c            MB        restarts               trail      variables
c             level           conflicts           glue        remaining
c 
c - 2872.90 157 25 402 1074343 24301450 269294 28% 14 44822 3806  6%
c # 2873.75 157 24 402 1074449 24310398 276958 28% 13 44822 3806  6%
c s 2879.41 157 25 402 1077700 24342863 305587 28% 14 44821 3806  6%
c w 2879.81 157 25 402 1077700 24342863 305583 28% 14 44821 3806  6%
c s 2880.06 157 25 402 1077700 24342863 305570 28% 14 44816 3806  6%
c - 2889.96 157 24 403 1082227 24422350 269648 27% 14 44816 3806  6%
c B 2903.03 157 22 403 1087025 24531401 362530 29% 13 44816 3806  6%
c - 2906.30 157 24 404 1089177 24543552 268618 29% 13 44816 3806  6%
c - 2922.70 157 25 405 1098033 24665053 271989 28% 13 44816 3806  6%
c 3 2933.57 157 27 405 1107172 24750078 348242 28% 14 44816 3806  6%
c p 2933.74 157 27 405 1107172 24750078 349060 28% 14 44816 3806  6%
c W 2935.58 157 27 405 1107594 24753403 351970 28% 14 44816 3806  6%
c - 2942.63 157 28 406 1110878 24786853 273864 28% 14 44816 3806  6%
c s 2946.47 157 27 406 1113035 24826707 306983 28% 14 44816 3806  6%
c v 2946.65 157 27 406 1113035 24826707 306983 28% 14 44812 3806  6%
c w 2946.92 157 27 406 1113035 24826707 306978 28% 14 44812 3806  6%
c s 2947.29 157 27 406 1113035 24826707 306926 28% 14 44812 3806  6%
c - 2957.28 157 25 407 1116191 24908954 271767 28% 14 44812 3806  6%
c F 2967.35 157 25 407 1121008 24976404 331144 29% 14 44812 3806  6%
c - 2972.17 157 23 408 1123978 25031354 269161 27% 13 44812 3806  6%
c 
c   seconds     reductions            redundant    irredundant
c            MB        restarts               trail      variables
c             level           conflicts           glue        remaining
c 
c - 2991.18 158 25 409 1134172 25154054 275790 28% 14 44812 3806  6%
c B 2999.20 158 28 409 1138641 25200407 318296 28% 14 44812 3806  6%
c 3 3004.62 158 25 409 1140143 25250078 360711 29% 13 44812 3806  6%
c p 3004.80 158 25 409 1140143 25250078 361509 29% 13 44812 3806  6%
c - 3009.21 183 25 410 1142903 25277057 277119 28% 14 44812 3806  6%
c s 3013.97 183 25 410 1145095 25317650 310706 28% 14 44811 3806  6%
c v 3014.15 183 25 410 1145095 25317650 310706 28% 14 44810 3806  6%
c w 3014.38 183 25 410 1145095 25317650 310702 28% 14 44810 3806  6%
c s 3014.75 183 25 410 1145095 25317650 310652 28% 14 44809 3806  6%
c e 3014.77 183 25 410 1145095 25317650 307436 28% 14 44825 3805  6%
c - 3026.23 183 26 411 1154472 25400357 277745 27% 14 44825 3805  6%
c W 3028.65 183 24 411 1154627 25425408 300697 25% 14 44825 3805  6%
c - 3042.38 183 24 412 1163312 25523957 275229 25% 14 44825 3805  6%
c - 3059.18 183 27 413 1171685 25647857 278221 27% 14 44825 3805  6%
c # 3059.29 183 27 413 1171708 25651410 281277 27% 14 44825 3805  6%
c 3 3071.81 183 23 413 1174923 25755079 368983 29% 13 44825 3805  6%
c p 3072.01 183 23 413 1174923 25755079 369792 29% 13 44825 3805  6%
c - 3074.29 183 23 414 1178151 25772057 274510 28% 13 44825 3805  6%
c s 3081.43 183 25 414 1182455 25815823 312060 28% 13 44825 3805  6%
c v 3081.61 183 25 414 1182455 25815823 312060 28% 13 44824 3805  6%
c 
c   seconds     reductions            redundant    irredundant
c            MB        restarts               trail      variables
c             level           conflicts           glue        remaining
c 
c w 3081.97 183 25 414 1182455 25815823 312049 28% 13 44824 3805  6%
c t 3081.97 183 25 414 1182455 25815823 312048 28% 13 44824 3805  6%
c s 3082.40 183 25 414 1182455 25815823 311931 28% 13 44824 3805  6%
c B 3088.52 183 22 414 1184813 25878411 364247 25% 13 44824 3805  6%
c - 3090.85 187 23 415 1188090 25896557 280528 25% 13 44824 3805  6%
c - 3111.60 187 27 416 1199792 26021360 282536 28% 14 44824 3805  6%
c W 3122.41 187 23 416 1203030 26106412 355308 28% 13 44824 3805  6%
c - 3127.53 187 22 417 1205456 26146462 277336 28% 13 44824 3805  6%
c p 3140.88 187 23 417 1219035 26265079 379469 26% 14 44824 3805  6%
c - 3142.62 187 24 418 1219712 26271863 281749 26% 14 44824 3805  6%
c s 3151.25 187 26 418 1224894 26321105 324471 26% 14 44819 3805  6%
c v 3151.43 187 26 418 1224894 26321105 324471 26% 14 44817 3805  6%
c w 3151.59 187 26 418 1224894 26321105 324463 26% 14 44817 3805  6%
c s 3151.97 187 26 418 1224894 26321105 324407 26% 14 44817 3805  6%
c F 3154.82 187 27 418 1226440 26335414 337439 27% 14 44817 3805  6%
c - 3164.24 187 27 419 1230177 26397566 286096 27% 14 44817 3805  6%
c - 3179.93 187 23 420 1235892 26523567 280974 29% 13 44817 3805  6%
c B 3184.57 187 24 420 1239931 26565416 317805 28% 13 44817 3805  6%
c - 3192.67 187 23 421 1246045 26649867 283665 29% 13 44817 3805  6%
c - 3210.84 187 23 422 1253465 26776468 285138 29% 13 44817 3805  6%
c 
c   seconds     reductions            redundant    irredundant
c            MB        restarts               trail      variables
c             level           conflicts           glue        remaining
c 
c 3 3211.66 187 23 422 1254075 26780083 289316 29% 13 44817 3805  6%
c 3 3211.67 187 23 422 1254075 26780083 289672 29% 13 44817 3805  6%
c p 3211.79 187 23 422 1254075 26780083 290507 29% 13 44817 3805  6%
c W 3214.57 187 23 422 1255009 26796417 304487 29% 13 44817 3805  6%
c s 3221.78 187 25 422 1258878 26833469 336658 29% 13 44817 3805  6%
c v 3221.98 187 25 422 1258878 26833469 336658 29% 13 44816 3805  6%
c w 3222.16 187 25 422 1258878 26833469 336648 29% 13 44816 3805  6%
c s 3222.64 187 25 422 1258878 26833469 336491 29% 13 44816 3805  6%
c - 3232.85 107 25 423 1264929 26903369 289064 28% 14 44816 3805  6%
c # 3246.88 109 23 423 1273425 27028418 392134 28% 13 44816 3805  6%
c - 3247.80 133 23 424 1273753 27030572 282705 28% 14 44816 3805  6%
c - 3263.35 136 25 425 1286446 27158073 286930 27% 14 44816 3805  6%
c B 3274.65 136 21 425 1289461 27261419 374373 29% 13 44816 3805  6%
c - 3282.10 137 24 426 1293652 27285874 288071 29% 13 44816 3805  6%
c 3 3282.91 137 23 426 1294116 27300083 301667 29% 13 44816 3805  6%
c p 3283.04 137 23 426 1294116 27300083 302450 29% 13 44816 3805  6%
c s 3290.67 137 24 426 1299114 27352944 347651 28% 13 44816 3805  6%
c w 3291.04 137 24 426 1299114 27352944 347644 28% 13 44816 3805  6%
c s 3291.50 137 24 426 1299114 27352944 347599 28% 13 44814 3805  6%
c - 3296.82 137 23 427 1303850 27413976 287570 27% 14 44814 3805  6%
c 
c   seconds     reductions            redundant    irredundant
c            MB        restarts               trail      variables
c             level           conflicts           glue        remaining
c 
c W 3304.58 137 19 427 1305338 27495420 352590 28% 12 44814 3805  6%
c - 3313.68 137 21 428 1310079 27542376 284299 29% 13 44814 3805  6%
c - 3333.15 161 25 429 1322266 27671076 295846 29% 14 44814 3805  6%
c F 3343.04 161 26 429 1326882 27730421 348047 28% 14 44814 3805  6%
c - 3352.32 161 23 430 1329131 27800077 291539 29% 13 44814 3805  6%
c 3 3354.64 161 23 430 1330467 27825084 314838 29% 13 44814 3805  6%
c p 3354.78 161 23 430 1330467 27825084 315619 29% 13 44814 3805  6%
c s 3365.52 161 25 430 1337582 27879526 362992 28% 14 44814 3805  6%
c v 3365.73 161 25 430 1337582 27879526 362992 28% 14 44811 3805  6%
c w 3366.06 161 25 430 1337582 27879526 362982 28% 14 44811 3805  6%
c s 3366.64 161 25 430 1337582 27879526 362613 28% 14 44811 3805  6%
c - 3374.11 161 24 431 1340542 27929377 295006 28% 14 44811 3805  6%
c B 3379.90 161 25 431 1343483 27966423 327601 28% 14 44811 3805  6%
c - 3389.07 161 22 432 1347832 28058978 289258 28% 13 44811 3805  6%
c - 3403.02 161 20 433 1354163 28188880 286135 29% 12 44811 3805  6%
c W 3406.46 161 21 433 1355718 28203424 298698 29% 13 44811 3805  6%
c - 3422.23 161 22 434 1366152 28319081 293585 29% 13 44811 3805  6%
c p 3428.74 161 23 434 1370263 28355084 327289 29% 13 44811 3805  6%
c s 3434.56 161 20 434 1370867 28413210 371814 29% 12 44811 3805  6%
c w 3435.04 161 20 434 1370867 28413210 371800 29% 12 44811 3805  6%
c 
c   seconds     reductions            redundant    irredundant
c            MB        restarts               trail      variables
c             level           conflicts           glue        remaining
c 
c t 3435.05 161 20 434 1370867 28413210 371798 29% 12 44811 3805  6%
c s 3435.65 161 20 434 1370867 28413210 371458 29% 12 44810 3805  6%
c # 3441.54 161 21 434 1374184 28441428 395543 29% 12 44810 3805  6%
c - 3444.41 161 22 435 1375560 28449581 296256 30% 13 44810 3805  6%
c - 3458.99 161 18 436 1381195 28580381 290937 30% 12 44810 3805  6%
c B 3472.20 161 23 436 1391858 28680430 374910 28% 13 44810 3805  6%
c - 3475.99 161 21 437 1392255 28711481 296517 28% 13 44810 3805  6%
c - 3495.00 161 22 438 1400902 28842884 296530 29% 13 44810 3805  6%
c 3 3502.50 161 24 438 1406983 28890086 338695 28% 13 44810 3805  6%
c p 3502.64 161 24 438 1406983 28890086 339476 28% 13 44810 3805  6%
c W 3508.69 161 25 438 1409573 28920431 365558 28% 13 44810 3805  6%
c s 3517.43 161 27 438 1413355 28954004 395409 28% 14 44809 3805  6%
c v 3517.64 161 27 438 1413355 28954004 395409 28% 14 44806 3805  6%
c w 3518.05 161 27 438 1413355 28954004 395387 28% 14 44806 3805  6%
c s 3518.68 161 27 438 1413355 28954004 394868 28% 14 44806 3805  6%
c - 3522.11 186 26 439 1414547 28974584 306651 28% 14 44806 3805  6%
c - 3535.24 108 18 440 1416690 29106584 289185 30% 12 44806 3805  6%
c F 3542.09 108 21 440 1425024 29161432 332975 28% 13 44806 3805  6%
c - 3552.39 136 23 441 1433619 29238884 302441 28% 13 44806 3805  6%
c - 3571.58 138 22 442 1444274 29371484 300400 28% 13 44806 3805  6%
c 
c   seconds     reductions            redundant    irredundant
c            MB        restarts               trail      variables
c             level           conflicts           glue        remaining
c 
c B 3576.59 138 24 442 1448956 29403433 328223 27% 14 44806 3805  6%
c 3 3581.68 138 26 442 1451583 29430086 353679 28% 14 44806 3805  6%
c p 3581.85 138 26 442 1451583 29430086 354480 28% 14 44806 3805  6%
c - 3592.52 139 26 443 1456641 29504387 305265 28% 14 44806 3805  6%
c s 3598.87 139 25 443 1460270 29561280 351791 27% 14 44806 3805  6%
c w 3599.50 139 25 443 1460270 29561280 351782 27% 14 44806 3805  6%
c s 3600.02 139 25 443 1460270 29561280 348626 27% 14 44805 3805  6%
c - 3615.03 164 26 444 1466252 29637588 302517 28% 14 44805 3805  6%
c W 3617.30 164 26 444 1466882 29646436 309882 28% 14 44805 3805  6%
c - 3631.83 164 24 445 1474673 29771089 296998 26% 14 44805 3805  6%
c # 3648.65 164 25 445 1486349 29890442 400566 25% 14 44805 3805  6%
c - 3651.30 164 26 446 1486963 29904892 302035 26% 14 44805 3805  6%
c 3 3660.57 164 26 446 1492443 29975087 364036 26% 15 44805 3805  6%
c p 3660.75 164 26 446 1492443 29975087 364786 26% 15 44805 3805  6%
c - 3670.26 191 26 447 1495423 30038993 303967 28% 14 44805 3805  6%
c s 3679.87 191 27 447 1499788 30116281 371788 28% 14 44804 3805  6%
c v 3680.08 191 27 447 1499788 30116281 371788 28% 14 44802 3805  6%
c w 3680.44 191 27 447 1499788 30116281 371783 28% 14 44802 3805  6%
c s 3680.91 191 27 447 1499788 30116281 371656 28% 14 44802 3805  6%
c B 3683.52 191 27 447 1500465 30135443 388590 28% 14 44802 3805  6%
c 
c   seconds     reductions            redundant    irredundant
c            MB        restarts               trail      variables
c             level           conflicts           glue        remaining
c 
c - 3691.98 191 28 448 1503094 30173393 306685 28% 14 44802 3805  6%
c - 3706.45 191 23 449 1508446 30308094 302776 28% 13 44802 3805  6%
c W 3720.15 191 26 449 1516002 30381444 367995 28% 14 44802 3805  6%
c - 3729.24 191 25 450 1520381 30443095 308259 27% 14 44802 3805  6%
c 3 3739.88 191 25 450 1526348 30525088 381137 27% 14 44802 3805  6%
c p 3740.06 191 25 450 1526348 30525088 381908 27% 14 44802 3805  6%
c - 3746.95 191 25 451 1532175 30578398 307724 25% 14 44802 3805  6%
c F 3750.90 191 21 451 1532734 30628446 345574 27% 13 44802 3805  6%
c s 3757.44 191 22 451 1535874 30678383 388137 27% 13 44802 3805  6%
c w 3757.97 191 22 451 1535874 30678383 388133 27% 13 44802 3805  6%
c s 3758.52 191 22 451 1535874 30678383 388065 27% 13 44799 3805  6%
c - 3768.20 191 26 452 1540099 30713998 304812 28% 14 44799 3805  6%
c - 3786.74 191 25 453 1549062 30849898 308459 28% 14 44799 3805  6%
c B 3789.95 191 25 453 1551864 30876449 332224 27% 14 44799 3805  6%
c - 3804.72 191 24 454 1558981 30986098 310992 29% 13 44799 3805  6%
c 3 3815.68 191 23 454 1565852 31080089 389867 28% 13 44799 3805  6%
c p 3815.85 191 23 454 1565852 31080089 390643 28% 13 44799 3805  6%
c - 3819.31 191 20 455 1566128 31122599 309121 28% 13 44799 3805  6%
c W 3820.98 191 21 455 1566536 31125450 311735 28% 13 44799 3805  6%
c s 3844.78 191 27 455 1579929 31247583 419449 29% 14 44799 3805  6%
c 
c   seconds     reductions            redundant    irredundant
c            MB        restarts               trail      variables
c             level           conflicts           glue        remaining
c 
c v 3845.02 191 27 455 1579929 31247583 419449 29% 14 44796 3805  6%
c w 3845.45 191 27 455 1579929 31247583 419445 29% 14 44796 3805  6%
c s 3846.09 191 27 455 1579929 31247583 419263 29% 14 44796 3805  6%
c - 3847.44 191 26 456 1579937 31259399 318330 30% 13 44796 3805  6%
c # 3862.36 191 24 456 1588846 31375452 421492 27% 13 44796 3805  6%
c - 3866.89 195 25 457 1590392 31396499 320253 28% 13 44796 3805  6%
c - 3887.42 195 26 458 1603696 31533900 315519 27% 14 44796 3805  6%
c B 3898.87 195 24 458 1607840 31626453 394383 28% 14 44796 3805  6%
c 3 3903.15 195 25 458 1609579 31640093 407941 28% 14 44796 3805  6%
c p 3903.35 195 25 458 1609579 31640093 408734 28% 14 44796 3805  6%
c - 3908.35 195 24 459 1611192 31671600 313620 28% 13 44796 3805  6%
c - 3928.81 195 24 460 1619866 31809600 312914 28% 13 44796 3805  6%
c s 3930.61 195 23 460 1620049 31823883 323970 29% 13 44796 3805  6%
c w 3931.14 195 23 460 1620049 31823883 323962 29% 13 44796 3805  6%
c s 3931.69 195 23 460 1620049 31823883 323818 29% 13 44794 3805  6%
c W 3940.29 195 23 460 1624128 31878456 369815 29% 13 44794 3805  6%
c - 3951.50 195 26 461 1631907 31947901 317336 28% 14 44794 3805  6%
c - 3966.35 195 20 462 1635790 32086501 307228 30% 13 44794 3805  6%
c F 3970.67 195 17 462 1636129 32131457 341495 31% 12 44794 3805  6%
c 3 3982.01 195 23 462 1645856 32205093 407189 29% 13 44794 3805  6%
c 
c   seconds     reductions            redundant    irredundant
c            MB        restarts               trail      variables
c             level           conflicts           glue        remaining
c 
c 3 3982.01 195 23 462 1645856 32205093 407654 29% 13 44794 3805  6%
c p 3982.18 195 23 462 1645856 32205093 408446 29% 13 44794 3805  6%
c - 3985.13 195 23 463 1647291 32225401 315158 29% 13 44794 3805  6%
c - 4005.79 195 25 464 1661090 32364602 317740 26% 14 44794 3805  6%
c B 4008.50 195 25 464 1662393 32385459 335548 27% 14 44794 3805  6%
c - 4026.87 195 27 465 1672228 32504102 318226 28% 14 44794 3805  6%
c W 4041.83 195 20 465 1675838 32640461 428929 32% 12 44794 3805  6%
c - 4042.33 195 20 466 1675852 32643902 309378 32% 12 44794 3805  6%
c } 4063.57 195 26 466 1690641 32767018 414879 29% 14 44794 3805  6%
c [ 4063.57 195 61 466 1690641 32767018 414879 42% 42 44794 3805  6%
c 3 4064.31 195 60 466 1690641 32775096 423624 42% 41 44794 3805  6%
c p 4064.51 195 60 466 1690641 32775096 424418 42% 41 44794 3805  6%
c - 4065.73 195 63 467 1690641 32784002 320395 42% 41 44794 3805  6%
c B 4084.52 195 75 467 1690641 32896462 426172 45% 50 44794 3805  6%
c - 4088.28 170 77 468 1690641 32924402 327740 46% 49 44794 3805  6%
c - 4114.18 169 83 469 1690641 33065104 321307 46% 55 44794 3805  6%
c W 4135.21 169 82 469 1690641 33153463 404476 46% 55 44794 3805  6%
c - 4148.31 167 74 470 1690641 33206105 326184 46% 52 44794 3805  6%
c - 4182.57 158 62 471 1690641 33347408 312372 46% 48 44794 3805  6%
c 3 4183.31 158 62 471 1690641 33350097 315596 46% 48 44794 3805  6%
c 
c   seconds     reductions            redundant    irredundant
c            MB        restarts               trail      variables
c             level           conflicts           glue        remaining
c 
c p 4183.49 158 62 471 1690641 33350097 316566 46% 48 44794 3805  6%
c O 4195.27 158 60 471 1690641 33411464 368440 46% 45 44794 3805  6%
c - 4202.82 161 47 472 1690641 33489009 318839 40% 34 44794 3805  6%
c - 4219.31 161 43 473 1690672 33630909 319068 40% 30 44794 3805  6%
c B 4223.64 161 43 473 1690690 33670468 355519 41% 30 44794 3805  6%
c - 4235.93 160 45 474 1690718 33773110 311160 41% 32 44794 3805  6%
c - 4262.20 160 52 475 1690766 33915610 303912 45% 39 44794 3805  6%
c 3 4265.15 160 54 475 1690767 33930100 317828 45% 40 44794 3805  6%
c p 4265.31 160 54 475 1690767 33930100 318797 45% 40 44794 3805  6%
c W 4266.40 160 54 475 1690767 33930470 319149 45% 40 44794 3805  6%
c - 4289.46 160 54 476 1690789 34058411 307895 47% 40 44794 3805  6%
c I 4311.54 160 49 476 1690831 34191471 423486 45% 37 44794 3805  6%
c - 4313.14 157 49 477 1690831 34201513 307359 45% 36 44794 3805  6%
c - 4330.35 162 58 478 1690884 34344915 314081 45% 36 44794 3805  6%
c B 4352.30 162 55 478 1690895 34453472 416117 48% 38 44794 3805  6%
c - 4360.82 175 56 479 1690896 34488617 319138 48% 39 44794 3805  6%
c 3 4366.33 175 55 479 1690896 34515101 344691 48% 40 44794 3805  6%
c p 4366.53 175 55 479 1690896 34515101 345657 48% 40 44794 3805  6%
c - 4390.15 172 55 480 1690906 34632618 323824 47% 42 44794 3805  6%
c W 4411.10 172 57 480 1690938 34716478 397022 47% 47 44794 3805  6%
c 
c   seconds     reductions            redundant    irredundant
c            MB        restarts               trail      variables
c             level           conflicts           glue        remaining
c 
c - 4420.54 171 59 481 1690958 34776920 321942 47% 43 44794 3805  6%
c s 4421.24 171 59 481 1690958 34776920 321138 47% 43 44794 3805  6%
c v 4421.56 171 59 481 1690958 34776920 321138 47% 43 44793 3805  6%
c w 4422.99 171 59 481 1690958 34776920 321065 47% 43 44793 3805  6%
c s 4423.45 171 59 481 1690958 34776920 320441 47% 43 44793 3805  6%
c - 4446.68 172 63 482 1691004 34921520 321782 48% 43 44793 3805  6%
c O 4456.80 172 64 482 1691021 34980480 372969 49% 47 44793 3805  6%
c - 4470.70 171 50 483 1691023 35066420 319692 46% 35 44793 3805  6%
c 3 4477.06 171 49 483 1691037 35105101 356202 46% 35 44793 3805  6%
c p 4477.26 171 49 483 1691037 35105101 357174 46% 35 44793 3805  6%
c - 4499.38 173 50 484 1691078 35211622 322160 47% 38 44793 3805  6%
c B 4505.49 173 50 484 1691085 35245482 352922 47% 38 44793 3805  6%
c - 4512.84 157 46 485 1691117 35357123 320415 34% 36 44793 3805  6%
c - 4531.39 165 46 486 1691150 35502923 321054 42% 33 44793 3805  6%
c W 4533.59 165 46 486 1691150 35511484 328836 43% 33 44793 3805  6%
c - 4558.31 164 40 487 1691151 35649026 318561 43% 31 44793 3805  6%
c 3 4566.63 164 40 487 1691152 35700108 363771 44% 32 44793 3805  6%
c p 4566.83 164 40 487 1691152 35700108 364756 44% 32 44793 3805  6%
c I 4581.30 164 44 487 1691152 35778486 433263 45% 35 44793 3805  6%
c - 4583.57 165 46 488 1691152 35795426 324349 46% 35 44793 3805  6%
c 
c   seconds     reductions            redundant    irredundant
c            MB        restarts               trail      variables
c             level           conflicts           glue        remaining
c 
c - 4607.32 179 53 489 1691152 35942127 326879 49% 38 44793 3805  6%
c B 4623.85 179 44 489 1691194 36046490 416021 46% 34 44793 3805  6%
c - 4629.30 162 43 490 1691213 36089132 317560 43% 32 44793 3805  6%
c - 4650.88 166 50 491 1691252 36236433 322451 46% 34 44793 3805  6%
c 3 4660.42 166 49 491 1691277 36300109 382375 47% 34 44793 3805  6%
c p 4660.63 166 49 491 1691277 36300109 383358 47% 34 44793 3805  6%
c W 4664.34 166 49 491 1691278 36315491 397817 47% 34 44793 3805  6%
c - 4674.78 168 50 492 1691279 36384034 327967 46% 36 44793 3805  6%
c - 4700.86 171 51 493 1691328 36531934 328331 46% 38 44793 3805  6%
c O 4709.72 171 53 493 1691342 36585493 376285 47% 38 44793 3805  6%
c - 4720.80 171 58 494 1691373 36680135 332045 44% 35 44793 3805  6%
c - 4739.46 166 50 495 1691406 36828635 332820 44% 30 44793 3805  6%
c B 4743.52 166 48 495 1691406 36856495 359206 44% 29 44793 3805  6%
c 3 4748.18 166 48 495 1691407 36905112 406708 42% 29 44793 3805  6%
c p 4748.41 166 48 495 1691407 36905112 407653 42% 29 44793 3805  6%
c - 4755.39 163 48 496 1691407 36977435 332796 40% 32 44793 3805  6%
c - 4777.45 163 47 497 1691454 37126535 330665 43% 31 44793 3805  6%
c W 4778.62 163 47 497 1691456 37128498 332462 43% 30 44793 3805  6%
c - 4797.43 175 53 498 1691500 37275937 328105 47% 36 44793 3805  6%
c I 4822.16 175 56 498 1691533 37401500 440136 48% 40 44793 3805  6%
c 
c   seconds     reductions            redundant    irredundant
c            MB        restarts               trail      variables
c             level           conflicts           glue        remaining
c 
c - 4825.06 173 55 499 1691534 37425638 329553 45% 39 44793 3805  6%
c 3 4836.68 173 56 499 1691555 37515113 414298 45% 38 44793 3805  6%
c p 4836.96 173 56 499 1691555 37515113 415254 45% 38 44793 3805  6%
c - 4846.48 170 60 500 1691576 37575638 330260 46% 39 44793 3805  6%
c B 4865.75 170 59 500 1691598 37675502 416084 49% 43 44793 3805  6%
c - 4873.27 176 58 501 1691623 37725939 328804 49% 40 44793 3805  6%
c - 4897.63 170 56 502 1691661 37876539 330466 48% 39 44793 3805  6%
c s 4898.23 173 56 502 1691661 37876539 330076 48% 39 44793 3805  6%
c w 4900.18 173 56 502 1691661 37876539 329951 48% 39 44793 3805  6%
c s 4900.59 173 56 502 1691661 37876539 329636 48% 39 44793 3805  6%
c W 4916.71 173 54 502 1691662 37950505 395154 49% 40 44793 3805  6%
c - 4923.75 169 50 503 1691662 38027439 337290 43% 33 44793 3805  6%
c 3 4938.43 169 48 503 1691663 38130113 432424 44% 32 44793 3805  6%
c p 4938.69 169 48 503 1691663 38130113 433384 44% 32 44793 3805  6%
c - 4946.69 175 54 504 1691663 38178641 337369 45% 36 44793 3805  6%
c O 4954.45 175 57 504 1691663 38226506 381063 46% 39 44793 3805  6%
c - 4967.05 175 44 505 1691663 38330141 341135 44% 28 44793 3805  6%
c - 4988.85 179 40 506 1691664 38481942 344351 44% 24 44793 3805  6%
c B 4992.05 179 40 506 1691664 38503507 364861 44% 25 44793 3805  6%
c - 5016.58 205 65 507 1691664 38634044 345750 48% 45 44793 3805  6%
c 
c   seconds     reductions            redundant    irredundant
c            MB        restarts               trail      variables
c             level           conflicts           glue        remaining
c 
c 3 5044.04 205 70 507 1691664 38750114 457835 49% 52 44793 3805  6%
c p 5044.33 205 70 507 1691664 38750114 458776 49% 52 44793 3805  6%
c W 5052.91 216 69 507 1691664 38781508 488708 49% 49 44793 3805  6%
c - 5054.16 232 69 508 1691664 38786445 354572 49% 49 44793 3805  6%
c - 5089.02 217 67 509 1691695 38939146 343752 50% 48 44793 3805  6%
c I 5119.85 217 61 509 1691727 39060511 451809 51% 46 44793 3805  6%
c - 5124.14 212 62 510 1691741 39092148 340845 49% 44 44793 3805  6%
c - 5149.15 203 60 511 1691790 39245448 334597 46% 42 44793 3805  6%
c B 5167.34 203 53 511 1691795 39340513 416506 45% 39 44793 3805  6%
c 3 5172.14 203 57 511 1691811 39375114 450474 45% 38 44793 3805  6%
c p 5172.48 203 57 511 1691811 39375114 451438 45% 38 44793 3805  6%
c - 5176.18 203 56 512 1691821 39399048 338857 46% 37 44793 3805  6%
c - 5206.16 206 53 513 1691866 39552949 330793 50% 41 44793 3805  6%
c W 5222.75 206 53 513 1691888 39621514 384571 51% 42 44793 3805  6%
c - 5244.68 202 53 514 1691917 39707150 327691 51% 43 44793 3805  6%
c - 5280.09 205 48 515 1691919 39861650 329964 51% 39 44793 3805  6%
c O 5289.30 205 47 515 1691919 39903519 364747 51% 39 44793 3805  6%
c 3 5306.10 205 46 515 1691950 40005114 459874 49% 36 44793 3805  6%
c p 5306.37 205 46 515 1691950 40005114 460817 49% 36 44793 3805  6%
c - 5309.22 212 46 516 1691950 40016451 340428 49% 36 44793 3805  6%
c 
c   seconds     reductions            redundant    irredundant
c            MB        restarts               trail      variables
c             level           conflicts           glue        remaining
c 
c - 5335.33 198 49 517 1692002 40171551 319894 42% 41 44793 3805  6%
c B 5337.13 198 49 517 1692010 40186520 332447 41% 41 44793 3805  6%
c - 5351.25 194 42 518 1692045 40326955 330497 37% 31 44793 3805  6%
c W 5367.95 194 45 518 1692077 40470521 463240 38% 30 44793 3805  6%
c - 5370.47 198 45 519 1692079 40482656 338154 39% 30 44793 3805  6%
c - 5390.35 196 49 520 1692130 40638657 336312 44% 34 44793 3805  6%
c 3 5390.59 196 49 520 1692131 40640116 338741 44% 34 44793 3805  6%
c p 5390.77 196 49 520 1692131 40640116 339712 44% 34 44793 3805  6%
c I 5408.69 196 47 520 1692171 40755523 438446 46% 34 44793 3805  6%
c - 5413.34 194 45 521 1692172 40794957 334158 44% 32 44793 3805  6%
c - 5437.81 196 41 522 1692174 40951558 339996 43% 30 44793 3805  6%
c s 5438.43 196 41 522 1692174 40951558 339724 43% 30 44793 3805  6%
c w 5440.78 196 41 522 1692174 40951558 339660 43% 30 44793 3805  6%
c t 5440.79 196 41 522 1692174 40951558 339659 43% 30 44793 3805  6%
c B 5451.27 196 39 522 1692175 41041526 422088 40% 27 44793 3805  6%
c - 5459.19 194 44 523 1692175 41108458 342730 39% 28 44793 3805  6%
c - 5482.37 193 37 524 1692178 41265658 347465 38% 24 44793 3805  6%
c 3 5484.09 193 36 524 1692187 41280116 361983 39% 24 44793 3805  6%
c p 5484.28 193 36 524 1692187 41280116 362903 39% 24 44793 3805  6%
c W 5493.16 193 32 524 1692205 41328528 405126 37% 23 44793 3805  6%
c 
c   seconds     reductions            redundant    irredundant
c            MB        restarts               trail      variables
c             level           conflicts           glue        remaining
c 
c - 5507.22 200 37 525 1692237 41423160 353436 42% 27 44793 3805  6%
c - 5533.89 209 48 526 1692287 41580960 348663 47% 34 44793 3805  6%
c O 5540.07 209 47 526 1692300 41616530 380222 46% 34 44793 3805  6%
c - 5555.61 198 44 527 1692309 41739061 345250 43% 30 44793 3805  6%
c - 5586.09 200 46 528 1692365 41897463 345453 45% 34 44793 3805  6%
c B 5587.05 200 46 528 1692365 41905532 352781 45% 33 44793 3805  6%
c 3 5590.17 200 47 528 1692365 41925117 371423 46% 34 44793 3805  6%
c p 5590.38 200 47 528 1692365 41925117 372344 46% 34 44793 3805  6%
c - 5620.38 197 48 529 1692419 42056163 336742 49% 39 44793 3805  6%
c W 5652.19 197 49 529 1692430 42195535 453113 51% 40 44793 3805  6%
c - 5657.17 204 50 530 1692430 42215167 345669 51% 41 44793 3805  6%
c - 5694.87 205 48 531 1692455 42374467 355876 50% 36 44793 3805  6%
c I 5715.96 205 41 531 1692492 42486537 453048 47% 31 44793 3805  6%
c - 5725.14 205 52 532 1692500 42534068 352480 49% 40 44793 3805  6%
c 3 5731.10 205 57 532 1692519 42575118 390271 49% 43 44793 3805  6%
c p 5731.29 205 57 532 1692519 42575118 391214 49% 43 44793 3805  6%
c - 5753.37 208 58 533 1692556 42693969 340259 50% 44 44793 3805  6%
c B 5769.33 208 60 533 1692557 42778539 416739 50% 46 44793 3805  6%
c - 5786.33 211 62 534 1692587 42854169 346105 51% 47 44793 3805  6%
c - 5821.42 215 60 535 1692634 43014671 343036 53% 45 44793 3805  6%
c 
c   seconds     reductions            redundant    irredundant
c            MB        restarts               trail      variables
c             level           conflicts           glue        remaining
c 
c W 5836.34 215 57 535 1692651 43071542 390731 53% 44 44793 3805  6%
c - 5867.16 218 56 536 1692683 43175473 346746 52% 45 44793 3805  6%
c 3 5876.62 218 56 536 1692684 43230118 397735 52% 43 44793 3805  6%
c p 5876.84 218 56 536 1692684 43230118 398681 52% 43 44793 3805  6%
c - 5910.47 223 60 537 1692685 43336573 356997 52% 47 44793 3805  6%
c O 5917.51 223 61 537 1692685 43365545 382416 52% 47 44793 3805  6%
c - 5939.31 216 47 538 1692686 43497973 363074 46% 33 44793 3805  6%
c - 5971.44 216 41 539 1692687 43659674 366625 45% 29 44793 3805  6%
c B 5971.64 216 41 539 1692687 43660546 367434 45% 29 44793 3805  6%
c - 5992.62 209 60 540 1692687 43821674 356679 41% 40 44793 3805  6%
c 3 6002.19 209 62 540 1692687 43890118 421891 42% 42 44793 3805  6%
c p 6002.42 209 62 540 1692687 43890118 422848 42% 42 44793 3805  6%
c W 6016.32 209 66 540 1692687 43956548 485236 45% 48 44793 3805  6%
c - 6022.78 225 67 541 1692687 43983974 365192 46% 49 44793 3805  6%
c - 6057.85 221 64 542 1692687 44146574 360111 47% 49 44793 3805  6%
c s 6058.21 221 64 542 1692687 44146574 359948 47% 49 44793 3805  6%
c w 6060.26 221 64 542 1692687 44146574 359833 47% 49 44793 3805  6%
c s 6060.92 221 64 542 1692687 44146574 359581 47% 49 44793 3805  6%
c I 6083.78 221 61 542 1692688 44253549 456237 51% 47 44793 3805  6%
c - 6091.89 222 56 543 1692688 44309475 358617 48% 41 44793 3805  6%
c 
c   seconds     reductions            redundant    irredundant
c            MB        restarts               trail      variables
c             level           conflicts           glue        remaining
c 
c - 6124.92 214 51 544 1692688 44472676 357411 48% 37 44793 3805  6%
c B 6145.56 214 50 544 1692688 44551550 429743 47% 38 44793 3805  6%
c 3 6146.17 214 51 544 1692688 44555120 434226 47% 38 44793 3805  6%
c p 6146.46 214 51 544 1692688 44555120 435184 47% 38 44793 3805  6%
c - 6161.53 222 58 545 1692688 44636176 366268 49% 43 44793 3805  6%
c - 6201.40 223 57 546 1692688 44799978 363470 50% 44 44793 3805  6%
c W 6213.69 223 56 546 1692688 44850552 409222 51% 44 44793 3805  6%
c - 6244.88 218 52 547 1692688 44964078 355416 51% 41 44793 3805  6%
c - 6280.73 230 53 548 1692688 45128478 361852 52% 39 44793 3805  6%
c O 6284.94 230 54 548 1692688 45150553 382296 52% 40 44793 3805  6%
c 3 6294.31 230 46 548 1692688 45225123 451149 40% 32 44793 3805  6%
c p 6294.58 230 46 548 1692688 45225123 452104 40% 32 44793 3805  6%
c - 6302.12 197 41 549 1692689 45293178 358973 35% 28 44793 3805  6%
c B 6324.59 197 38 549 1692689 45451554 503385 31% 26 44793 3805  6%
c - 6325.77 196 43 550 1692689 45458179 365492 33% 28 44793 3805  6%
c - 6356.09 226 91 551 1692689 45623485 362728 47% 59 44793 3805  6%
c W 6389.20 226 95 551 1692689 45753556 485450 49% 66 44793 3805  6%
c - 6399.80 231 91 552 1692689 45789087 372262 49% 64 44793 3805  6%
c 3 6425.21 231 83 552 1692689 45900123 476941 49% 60 44793 3805  6%
c p 6425.55 231 83 552 1692689 45900123 477878 49% 60 44793 3805  6%
c 
c   seconds     reductions            redundant    irredundant
c            MB        restarts               trail      variables
c             level           conflicts           glue        remaining
c 
c - 6443.45 222 80 553 1692689 45954989 369064 49% 60 44793 3805  6%
c I 6470.26 222 76 553 1692689 46056557 457795 49% 60 44793 3805  6%
c - 6481.16 218 72 554 1692689 46121194 368979 48% 52 44793 3805  6%
c - 6514.93 212 66 555 1692689 46287694 369989 48% 47 44793 3805  6%
c B 6530.90 212 64 555 1692689 46360558 436357 48% 46 44793 3805  6%
c - 6549.44 214 63 556 1692689 46454494 378023 49% 47 44793 3805  6%
c 3 6577.65 214 63 556 1692689 46580125 483515 50% 51 44793 3805  6%
c p 6577.92 214 63 556 1692689 46580125 484483 50% 51 44793 3805  6%
c - 6588.33 210 62 557 1692689 46621598 360114 50% 51 44793 3805  6%
c W 6599.08 210 62 557 1692689 46665560 396107 50% 51 44793 3805  6%
c - 6634.63 210 62 558 1692689 46788999 356733 50% 52 44793 3805  6%
c - 6679.09 214 60 559 1692689 46956702 367105 51% 50 44793 3805  6%
c O 6682.67 214 61 559 1692689 46971564 379971 51% 51 44793 3805  6%
c - 6708.03 211 51 560 1692689 47124704 369615 43% 36 44793 3805  6%
c 3 6738.93 211 53 560 1692689 47265125 503412 44% 37 44793 3805  6%
c p 6739.23 211 53 560 1692689 47265125 504369 44% 37 44793 3805  6%
c B 6741.59 211 55 560 1692689 47278565 516936 44% 37 44793 3805  6%
c - 6744.47 222 56 561 1692689 47293004 373403 45% 38 44793 3805  6%
c s 6744.83 222 56 561 1692689 47293004 373280 45% 38 44793 3805  6%
c w 6747.62 222 56 561 1692689 47293004 373063 45% 38 44793 3805  6%
c 
c   seconds     reductions            redundant    irredundant
c            MB        restarts               trail      variables
c             level           conflicts           glue        remaining
c 
c - 6769.36 208 47 562 1692720 47461605 357579 37% 37 44793 3805  6%
c W 6785.37 208 50 562 1692758 47586566 471595 41% 36 44793 3805  6%
c ] 6785.62 208 50 562 1692759 47588256 473073 41% 36 44793 3805  6%
c ? 6785.62 208 50 562 1692759 47588256 473073 41% 36 44793 3805  6%
c 
c --- [ result ] -------------------------------------------------------------
c 
c UNKNOWN
c 
c --- [ run-time profiling ] -------------------------------------------------
c 
c process time taken by individual solving procedures
c (percentage relative to process time for solving)
c 
c      6685.88   98.53% search
c      4067.79   59.95% stable
c      2536.42   37.38% unstable
c        99.70    1.47% simplify
c        81.67    1.20% walk
c        44.70    0.66% subsume
c        32.71    0.48% vivify
c        11.94    0.18% probe
c         2.85    0.04% ternary
c         1.55    0.02% elim
c         0.04    0.00% parse
c         0.00    0.00% lucky
c   =================================
c      6785.58  100.00% solve
c 
c last line shows process time for solving
c (percentage relative to total process time)
c 
c --- [ statistics ] ---------------------------------------------------------
c 
c blocked:                       0         0.00 %  of irredundant clauses
c   blockings:                   0         0.00    internal
c   candidates:                  0         0.00    per blocking 
c   blockres:                    0         0.00    per candidate
c   pure:                        0         0.00 %  of all variables
c   pureclauses:                 0         0.00    per pure literal
c chronological:           9895285        20.79 %  of conflicts
c compacts:                      6   7931376.00    interval
c conflicts:              47588256      7013.15    per second
c   backtracked:          56280809       118.27 %  of conflicts
c conditioned:                   0         0.00 %  of irredundant clauses
c   conditionings:               0         0.00    interval
c   condcands:                   0         0.00    candidate clauses
c   condassinit:                 0.0       0.00 %  initial assigned
c   condcondinit:                0.0       0.00 %  initial condition
c   condautinit:                 0.0       0.00 %  initial autarky
c   condassrem:                  0.0       0.00 %  final assigned
c   condcondrem:                 0.000     0.00 %  final conditional
c   condautrem:                  0.000     0.00 %  final autarky
c   condprops:                   0         0.00    per candidate
c covered:                       0         0.00 %  of irredundant clauses
c   coverings:                   0         0.00    interval
c   asymmetric:                  0         0.00 %  of covered clauses
c   blocked:                     0         0.00 %  of covered clauses
c decisions:             107638866     15862.89    per second
c   searched:            416159890         3.87    per decision
c eliminated:                51940        79.65 %  of all variables
c   elimphases:                 84    566526.86    interval
c   elimrounds:                139         1.65    per phase
c   elimtried:               94634        54.89 %  eliminated
c   elimgates:               16641        17.58 %  gates per tried
c   elimequivs:                 80         0.48 %  equivalence gates
c   elimands:                16561        99.52 %  and gates
c   elimites:                    0         0.00 %  if-then-else gates
c   elimxors:                    0         0.00 %  xor gates
c   elimsubst:                1721         3.31 %  substituted
c   elimres:               1252943        24.12    per eliminated
c   elimrestried:          1170578        93.43 %  per resolution
c ext.prop. calls:               0         0.00 %  of queries
c   propagating:                 0         0.00 %  per eprop-call
c   explained:                   0         0.00 %  per eprop-call
c   falsified:                   0         0.00 %  per eprop-call
c ext.clause calls:              0         0.00 %  of queries
c   learned:                     0         0.00 %  per called
c   conflicting:                 0         0.00 %  per learned
c   propagating:                 0         0.00 %  per learned
c ext.final check:               0         0.00 %  of queries
c fixed:                      9173        14.07 %  of all variables
c   failed:                     31         0.05 %  of all variables
c   probefailed:                27        87.10 %  per failed
c   transredunits:               3         9.68 %  per failed
c   probingphases:             137    347359.53    interval
c   probesuccess:               33        24.09 %  phases
c   probingrounds:             137         1.00    per phase
c   probed:                 303677      9796.03    per failed
c   hbrs:                   249546         0.82    per probed
c   hbrsizes:               964783         3.87    per hbr
c   hbreds:                 247911        99.34 %  per hbr
c   hbrsubs:                   900         0.36 %  per hbr
c   units:                      20   2379412.80    interval
c   binaries:                 2132     22320.95    interval
c flushed:                       0         0.00 %  per conflict
c   hyper:                       0         0.00 %  per conflict
c   flushings:                   0         0.00    interval
c instantiated:                  0         0.00 %  of tried
c   instrounds:                  0         0.00 %  of elimrounds
c learned:                46642161        98.01 %  per conflict
c   bumped:             1961850335        42.06    per learned
c   recomputed:          255310596       547.38 %  per learned
c   promoted1:              143616         0.31 %  per learned
c   promoted2:              574089         1.23 %  per learned
c   improvedglue:         18569350        39.81 %  per learned
c lucky:                         0         0.00 %  of tried
c   constantzero                 0         0.00 %  of tried
c   constantone                  0         0.00 %  of tried
c   backwardone                  0         0.00 %  of tried
c   backwardzero                 0         0.00 %  of tried
c   forwardone                   0         0.00 %  of tried
c   forwardzero                  0         0.00 %  of tried
c   positivehorn                 0         0.00 %  of tried
c   negativehorn                 0         0.00 %  of tried
c   extendbytes:           3300624         3.15    bytes and MB
c learned_lits:         4762068660       100.00 %  learned literals
c minimized:                     0         0.00 %  learned literals
c shrunken:             1487914181        31.25 %  learned literals
c minishrunken:          650111249        13.65 %  learned literals
c otfs:                      95979         0.20 %  of conflict
c   subsumed                  3023         0.01 %  of conflict
c   strengthened             92956         0.20 %  of conflict
c propagations:        10956850104         1.61 M  per second
c   coverprops:                  0         0.00 %  of propagations
c   probeprops:            7019578         0.06 %  of propagations
c   searchprops:        9909450751        90.44 %  of propagations
c   transredprops:         1179432         0.01 %  of propagations
c   vivifyprops:         133498620         1.22 %  of propagations
c   walkprops:           905701723         8.27 %  of propagations
c reactivated:                   0         0.00 %  of all variables
c reduced:                41151607        86.47 %  per conflict
c   reductions:                562     84676.61    interval
c   collections:               572     83196.25    interval
c rephased:                    308    154507.32    interval
c   rephasedbest:              102        33.12 %  rephased best
c   rephasedflip:               26         8.44 %  rephased flipping
c   rephasedinv:                26         8.44 %  rephased inverted
c   rephasedorig:               27         8.77 %  rephased original
c   rephasedrand:               25         8.12 %  rephased random
c   rephasedwalk:              102        33.12 %  rephased walk
c rescored:                   3768     12629.58    interval
c restarts:                1692759        28.11    interval
c   reused:                1395340        82.43 %  per restart
c   reusedlevels:         12242668        19.35 %  per restart levels
c restored:                      0         0.00 %  per weakened
c   restorations:                0         0.00 %  per extension
c   literals:                    0         0.00    per restored clause
c stabilizing:                   8        54.10 %  of conflicts
c   restartstab:              4164         0.25 %  of all restarts
c   reusedstab:               4105        98.58 %  per stable restarts
c substituted:                 289         0.44 %  of all variables
c   decompositions:            441         3.22    per phase
c subsumed:                4772221         5.04 %  of all clauses
c   subsumephases:              87    546991.45    interval
c   subsumerounds:             171         1.97    per phase
c   deduplicated:               66         0.00 %  per subsumed
c   transreds:                  87    546991.45    interval
c   transitive:                644         0.01 %  per subsumed
c   subirr:                   7328         0.15 %  of subsumed
c   subred:                  63278         1.33 %  of subsumed
c   subtried:             13798008         2.89    tried per subsumed
c   subchecks:          6461533567       468.29    per tried
c   subchecks2:           51743354         0.80 %  per subcheck
c   elimotfsub:                  0         0.00 %  of subsumed
c   elimbwsub:                 746         0.02 %  of subsumed
c   eagersub:              4695215        98.39 %  of subsumed
c   eagertried:         1026127102       218.55    tried per eagersub
c strengthened:             433963         0.46 %  of all clauses
c   elimotfstr:               4638         1.07 %  of strengthened
c   elimbwstr:                   2         0.00 %  of strengthened
c ternary:                  225539         0.72 %  of resolved
c   phases:                    274    173679.77    interval
c   htr3:                   225337        99.91 %  ternary hyper ternres
c   htr2:                      202         0.09 %  binary hyper ternres
c vivified:                  18558         0.02 %  of all clauses
c   vivifications:              87    546991.45    interval
c   vivifychecks:          1807880         3.80 %  per conflict
c   vivifysched:          10889824        16.60 %  checks per scheduled
c   vivifyunits:                 0         0.00 %  per vivify check
c   vivifyinst:                223         0.01 %  per vivify check
c   vivifysubs:               4181         0.09 %  per subsumed
c   vivifystrs:              14377         3.31 %  per strengthened
c   vivifystrirr:              650         4.52 %  per vivifystrs
c   vivifystred1:              275         1.91 %  per vivifystrs
c   vivifystred2:             7998        55.63 %  per vivifystrs
c   vivifystred3:             5454        37.94 %  per vivifystrs
c   vivifydecs:            8597620         4.76    per checks
c   vivifyreused:          3438198        39.99 %  per decision
c walked:                      102    466551.53    interval
c   flips:               116168813         1.42 M  per second
c   minimum:                    12         0.01 %  clauses
c   broken:             3652776976        31.44    per flip
c weakened:                 129972         3.35    average size
c   extensions:                  0         0.00    interval
c   flipped:                     0         0.00    per weakened
c 
c seconds are measured in process time for solving
c 
c --- [ resources ] ----------------------------------------------------------
c 
c total process time since initialization:      6785.62    seconds
c total real time since initialization:         6800.00    seconds
c maximum resident set size of process:          312.25    MB
c 
c --- [ shutting down ] ------------------------------------------------------
c 
c exit 0
