c --- [ banner ] -------------------------------------------------------------
c 
c CaDiCaL SAT Solver
c Copyright (c) 2016-2023 A. Biere, M. Fleury, N. Froleyks, K. Fazekas, F. Pollitt
c 
c Version 1.7.3
c g++-13.2.0
c Feb 11 2024 04:08:27
c 
c --- [ limit ] --------------------------------------------------------------
c 
c setting time limit to 6800 seconds real time (due to '-t 6800')
c 
c --- [ parsing input ] ------------------------------------------------------
c 
c reading DIMACS file from '/root/projects/maph/discovery/out/cover-23-6-2-wave3-20260807/32-overlap0.cnf'
c opening file to read '/root/projects/maph/discovery/out/cover-23-6-2-wave3-20260807/32-overlap0.cnf'
c found 'p cnf 65228 139977' header
c parsed 139977 clauses in 0.06 seconds process time
c closing file '/root/projects/maph/discovery/out/cover-23-6-2-wave3-20260807/32-overlap0.cnf'
c 
c --- [ options ] ------------------------------------------------------------
c 
c all options are set to their default value
c 
c --- [ solving ] ------------------------------------------------------------
c 
c time measured in process time since initialization
c 
c  seconds  reductions  redundant  irredundant
c         MB    restarts       trail       variables
c          level   conflicts       glue         remaining
c 
c *  0.06 28  0 0   0    0    0  0% 0 124190 57315 88%
c {  0.07 29  0 0   0    0    0  0% 0 124190 57315 88%
c i  0.07 29 25 0   0    8    4 22% 3 124190 56860 87%
c i  0.08 30 51 0   8  133  114 24% 10 124190 56628 87%
c -  0.10 30 41 1  24  302  190 21% 9 114700 56628 87%
c i  0.13 30 27 1  41  920  686 21% 8 114700 56608 87%
c -  0.14 35 27 2  41  937  614 21% 8 114660 56608 87%
c }  0.15 35 29 2  41 1000  665 21% 8 114660 56608 87%
c [  0.15 35  0 2  41 1000  665  0% 0 114660 56608 87%
c O  0.15 35 48 2  41 1002  667 24% 12 114660 56608 87%
c -  0.22 35 64 3  41 1890 1289 33% 24 114660 56608 87%
c s  0.27 31 91 3  42 2232 1592 32% 32 110458 56608 87%
c v  0.29 37 91 3  42 2232 1592 32% 32 110456 56608 87%
c w  0.30 37 91 3  42 2232 1592 32% 32 110456 56608 87%
c t  0.31 37 91 3  42 2232 1590 32% 32 110033 56173 86%
c e  0.39 42 91 3  42 2232   74 32% 32 33637 7832 12%
c s  0.41 45 91 3  42 2232   73 32% 32 33442 7832 12%
c e  0.41 45 91 3  42 2232   73 32% 32 33435 7819 12%
c ]  0.48 33 109 3  42 3002  809 40% 35 33435 7819 12%
c {  0.48 33 29 3  42 3002  809 173% 8 33435 7819 12%
c 
c  seconds  reductions  redundant   irredundant
c         MB    restarts       trail      variables
c          level   conflicts        glue       remaining
c 
c F  0.48 33 29 3  42 3003  810 173% 8 33435 7819 12%
c -  0.49 33 32 4  56 3161  938 153% 8 33435 7819 12%
c i  0.50 33 37 4 124 3493 1250 124% 8 33435 7766 12%
c i  0.50 33 39 4 154 3704 1425 111% 8 33435 7747 12%
c i  0.53 33 45 4 270 4480 2097 84% 9 33435 7714 12%
c -  0.54 33 45 5 287 4663 1653 80% 9 32890 7714 12%
c 3  0.55 33 45 5 326 5000 9535 73% 9 32890 7714 12%
c 3  0.56 33 45 5 326 5000 9734 73% 9 32890 7714 12%
c 2  0.56 33 45 5 326 5000 9733 73% 9 32873 7714 12%
c p  0.58 33 45 5 326 5000 17173 73% 9 32873 7663 12%
c d  0.58 33 45 5 326 5000 16543 73% 9 32670 7662 12%
c d  0.58 33 45 5 326 5000 16542 73% 9 32668 7661 12%
c #  0.61 33 45 5 453 6004 17412 61% 10 32668 7661 12%
c -  0.62 33 43 6 471 6463 3101 56% 9 32668 7661 12%
c }  0.64 33 44 6 529 7003 3610 53% 10 32668 7661 12%
c [  0.64 33 109 6 529 7003 3610 40% 35 32668 7661 12%
c -  0.70 33 109 7 530 8564 3516 39% 35 32668 7661 12%
c I  0.78 33 110 7 531 10006 4865 41% 43 32668 7661 12%
c s  0.81 33 107 7 532 10620 5393 41% 41 32086 7661 12%
c v  0.83 33 107 7 532 10620 5393 41% 41 32029 7661 12%
c 
c  seconds   reductions   redundant   irredundant
c         MB     restarts        trail      variables
c           level    conflicts       glue        remaining
c 
c w  0.83 33 107 7 532 10620 5392 41% 41 32029 7661 12%
c t  0.83 33 107 7 532 10620 5386 41% 41 31977 7661 12%
c e  0.83 33 107 7 532 10620 4033 41% 41 31619 7390 11%
c s  0.84 33 107 7 532 10620 4023 41% 41 31578 7390 11%
c e  0.84 33 107 7 532 10620 4023 41% 41 31572 7387 11%
c -  0.86 33 108 8 532 10966 3183 41% 41 31572 7387 11%
c -  0.99 33 108 9 534 13666 3933 39% 42 31572 7387 11%
c 3  1.06 33 107 9 534 15000 11151 39% 44 31572 7387 11%
c 2  1.07 33 107 9 534 15000 12277 39% 44 31572 7387 11%
c p  1.08 33 107 9 534 15000 18881 39% 44 31572 7386 11%
c ]  1.08 33 107 9 534 15004 18884 39% 44 31572 7386 11%
c {  1.08 33 44 9 534 15004 18884 53% 10 31572 7386 11%
c B  1.08 33 44 9 535 15007 18887 53% 10 31572 7386 11%
c -  1.12 33 39 10 908 16666 4585 43% 11 31569 7386 11%
c i  1.15 33 39 10 1006 17643 5477 41% 11 31569 7367 11%
c -  1.20 33 37 11 1444 19966 4664 35% 11 31483 7367 11%
c W  1.23 33 36 11 1716 21010 5548 33% 12 31483 7367 11%
c s  1.29 33 34 11 1864 23201 6641 31% 12 31453 7367 11%
c v  1.30 33 34 11 1864 23201 6641 31% 12 31136 7367 11%
c w  1.31 33 34 11 1864 23201 6640 31% 12 31136 7367 11%
c 
c  seconds  reductions     redundant   irredundant
c         MB     restarts         trail      variables
c          level      conflicts       glue        remaining
c 
c t  1.31 33 34 11 1864 23201 6636 31% 12 31129 7367 11%
c e  1.31 33 34 11 1864 23201 6058 31% 12 31088 7321 11%
c s  1.32 33 34 11 1864 23201 6023 31% 12 31079 7321 11%
c -  1.33 33 33 12 1864 23568 4552 30% 11 31079 7321 11%
c -  1.43 33 31 13 1963 27468 5263 28% 11 31079 7321 11%
c F  1.45 33 31 13 2015 28015 5740 27% 11 31079 7321 11%
c d  1.52 33 33 13 2281 30000 7570 27% 11 31079 7319 11%
c 3  1.52 33 33 13 2281 30000 10612 27% 11 31079 7319 11%
c 2  1.53 33 33 13 2281 30000 11434 27% 11 31079 7319 11%
c p  1.54 33 33 13 2281 30000 17786 27% 11 31079 7319 11%
c }  1.57 33 33 13 2350 31005 18702 27% 11 31079 7319 11%
c [  1.57 33 107 13 2350 31005 18702 39% 44 31079 7319 11%
c -  1.60 33 106 14 2350 31669 7384 39% 43 31079 7319 11%
c B  1.82 33 105 14 2353 36016 11528 40% 45 31079 7319 11%
c -  1.83 33 104 15 2353 36171 8080 40% 45 31079 7319 11%
c s  2.02 33 100 15 2356 39889 11271 40% 44 31059 7319 11%
c v  2.04 33 100 15 2356 39889 11271 40% 44 31004 7319 11%
c w  2.04 33 100 15 2356 39889 11269 40% 44 31004 7319 11%
c t  2.04 33 100 15 2356 39889 11269 40% 44 31002 7319 11%
c e  2.05 33 100 15 2356 39889 10969 40% 44 30947 7291 11%
c 
c  seconds   reductions      redundant   irredundant
c         MB      restarts          trail      variables
c           level      conflicts        glue        remaining
c 
c s  2.05 33 100 15 2356 39889 10957 40% 44 30915 7291 11%
c e  2.05 33 100 15 2356 39889 10957 40% 44 30914 7290 11%
c -  2.11 33 99 16 2356 40971 7693 40% 44 30914 7290 11%
c W  2.34 33 93 16 2357 45017 11332 39% 44 30914 7290 11%
c -  2.38 33 92 17 2358 46072 8357 38% 43 30914 7290 11%
c 3  2.54 33 87 17 2358 50004 14602 37% 42 30914 7290 11%
c 3  2.54 33 87 17 2358 50004 15571 37% 42 30914 7290 11%
c p  2.56 33 87 17 2358 50004 22004 37% 42 30914 7289 11%
c -  2.64 33 85 18 2358 51472 8603 37% 41 30911 7289 11%
c O  2.82 33 80 18 2359 55024 11805 38% 40 30911 7289 11%
c -  2.91 33 80 19 2361 57173 9492 38% 38 30911 7289 11%
c s  3.11 33 79 19 2364 60732 12727 38% 38 30896 7289 11%
c v  3.12 33 79 19 2364 60732 12727 38% 38 30787 7289 11%
c w  3.13 33 79 19 2364 60732 12723 38% 38 30787 7289 11%
c e  3.13 33 79 19 2364 60732 12716 38% 38 30657 7207 11%
c s  3.14 33 79 19 2364 60732 12700 38% 38 30559 7207 11%
c ]  3.29 33 78 19 2365 63007 14860 38% 38 30559 7207 11%
c {  3.29 33 33 19 2365 63007 14860 27% 11 30559 7207 11%
c -  3.30 33 33 20 2407 63173 9859 27% 11 30559 7207 11%
c B  3.39 33 32 20 2696 66026 12338 26% 11 30559 7207 11%
c 
c  seconds  reductions      redundant   irredundant
c         MB     restarts          trail      variables
c          level      conflicts        glue        remaining
c 
c i  3.44 33 33 20 2799 67509 13682 26% 11 30559 7190 11%
c -  3.50 33 32 21 2825 69473 9891 25% 11 30459 7188 11%
c i  3.63 33 31 21 3055 73525 13303 24% 11 30459 7187 11%
c d  3.68 33 31 21 3116 75004 14003 24% 11 30429 7181 11%
c 3  3.69 33 31 21 3116 75004 17258 24% 11 30427 7181 11%
c 3  3.69 33 31 21 3116 75004 17944 24% 11 30427 7181 11%
c 2  3.70 33 31 21 3116 75004 17938 24% 11 30427 7181 11%
c p  3.71 33 31 21 3116 75004 24153 24% 11 30427 7181 11%
c -  3.75 33 31 22 3129 76073 10917 24% 11 30427 7181 11%
c W  3.83 33 30 22 3180 78027 12703 24% 10 30427 7181 11%
c -  4.00 33 30 23 3815 82973 12650 23% 11 30427 7181 11%
c s  4.10 33 30 23 4064 85743 14685 23% 11 30373 7181 11%
c v  4.12 33 30 23 4064 85743 14685 23% 11 30328 7181 11%
c w  4.12 33 30 23 4064 85743 14679 23% 11 30328 7181 11%
c t  4.12 33 30 23 4064 85743 14676 23% 11 30326 7181 11%
c e  4.13 33 30 23 4064 85743 13869 23% 11 30225 7111 11%
c s  4.13 33 30 23 4064 85743 13825 23% 11 30151 7111 11%
c -  4.28 33 30 24 4581 90174 12368 23% 11 30151 7111 11%
c #  4.31 33 29 24 4644 91028 13088 22% 11 30151 7111 11%
c i  4.36 33 30 24 4792 92477 14344 22% 11 30151 7106 11%
c 
c  seconds  reductions      redundant   irredundant
c         MB     restarts          trail      variables
c          level      conflicts        glue        remaining
c 
c -  4.58 33 31 25 5267 97674 13527 23% 11 30136 7106 11%
c d  4.86 33 32 25 6020 105004 20233 23% 11 30136 7103 11%
c 3  4.87 33 32 25 6020 105004 23808 23% 11 30136 7103 11%
c 3  4.87 33 32 25 6020 105004 24565 23% 11 30136 7103 11%
c 2  4.88 33 32 25 6020 105004 24559 23% 11 30136 7103 11%
c p  4.89 33 32 25 6020 105004 30195 23% 11 30136 7103 11%
c d  4.89 33 32 25 6020 105004 30191 23% 11 30136 7101 11%
c B  4.90 33 32 25 6020 105029 30209 23% 11 30136 7101 11%
c -  4.91 33 32 26 6130 105474 14774 23% 11 30136 7101 11%
c -  5.24 33 33 27 7174 113574 15712 23% 11 30136 7101 11%
c s  5.29 33 33 27 7180 114922 16552 23% 11 30102 7101 11%
c w  5.32 33 33 27 7180 114922 16547 23% 11 30102 7101 11%
c t  5.32 33 33 27 7180 114922 16534 23% 11 30102 7101 11%
c e  5.32 33 33 27 7180 114922 16354 23% 11 30095 7091 11%
c s  5.33 33 33 27 7180 114922 16300 23% 11 30092 7091 11%
c W  5.56 33 32 27 7513 120031 20831 23% 11 30092 7091 11%
c -  5.64 33 33 28 7924 121975 16392 23% 11 30092 7091 11%
c }  5.78 33 32 28 8498 127008 20485 22% 11 30092 7091 11%
c [  5.78 33 78 28 8498 127008 20485 38% 38 30092 7091 11%
c -  5.88 33 73 29 8498 130676 16345 36% 35 30092 7091 11%
c 
c  seconds  reductions       redundant   irredundant
c         MB     restarts           trail      variables
c          level      conflicts         glue        remaining
c 
c B  6.09 33 72 29 8502 136032 21395 36% 33 30092 7091 11%
c -  6.28 34 73 30 8505 139676 16989 37% 34 30092 7091 11%
c d  6.30 34 73 30 8505 140004 17235 37% 34 30092 7076 11%
c 3  6.30 34 73 30 8505 140004 20614 37% 34 30092 7076 11%
c 3  6.31 34 73 30 8505 140004 21650 37% 34 30092 7076 11%
c 2  6.31 34 73 30 8505 140004 21649 37% 34 30092 7076 11%
c p  6.32 34 73 30 8505 140004 27338 37% 34 30092 7076 11%
c s  6.78 34 70 30 8506 148290 34723 38% 33 30086 7076 11%
c v  6.80 34 70 30 8506 148290 34723 38% 33 30043 7076 11%
c w  6.81 34 70 30 8506 148290 34720 38% 33 30043 7076 11%
c t  6.81 34 70 30 8506 148290 34716 38% 33 30043 7076 11%
c e  6.82 34 70 30 8506 148290 33752 38% 33 30038 7065 11%
c s  6.82 34 70 30 8506 148290 33705 38% 33 30021 7065 11%
c -  6.88 34 70 31 8506 148976 17117 38% 34 30021 7065 11%
c W  7.21 34 68 31 8507 153034 20694 38% 33 30021 7065 11%
c -  7.59 34 65 32 8507 158578 17393 38% 33 30021 7065 11%
c -  8.29 34 62 33 8508 168480 18232 39% 33 30021 7065 11%
c I  8.46 34 61 33 8510 171039 20351 39% 33 30021 7065 11%
c -  8.87 39 64 34 8514 178684 18811 39% 34 30021 7065 11%
c d  8.96 39 64 34 8514 180006 20045 39% 34 30021 7063 11%
c 
c  seconds  reductions       redundant   irredundant
c         MB     restarts           trail      variables
c          level      conflicts         glue        remaining
c 
c 3  8.96 39 64 34 8514 180006 23146 39% 34 30021 7063 11%
c d  8.97 39 64 34 8514 180006 24169 39% 34 30021 7062 11%
c 2  8.97 39 64 34 8514 180006 24168 39% 34 30021 7062 11%
c p  8.98 39 64 34 8514 180006 29727 39% 34 30021 7062 11%
c s  9.38 39 65 34 8518 185860 35120 40% 35 30021 7062 11%
c v  9.40 39 65 34 8518 185860 35120 40% 35 29997 7062 11%
c w  9.41 39 65 34 8518 185860 35119 40% 35 29997 7062 11%
c t  9.41 39 65 34 8518 185860 35119 40% 35 29996 7062 11%
c e  9.42 39 65 34 8518 185860 35103 40% 35 29988 7052 11%
c s  9.42 39 65 34 8518 185860 35087 40% 35 29954 7052 11%
c e  9.43 39 65 34 8518 185860 35083 40% 35 29954 7051 11%
c -  9.65 34 66 35 8520 189186 19353 40% 36 29954 7051 11%
c B  9.69 34 66 35 8521 190041 20150 40% 36 29954 7051 11%
c -  9.92 34 64 36 8522 199987 18432 38% 35 29954 7051 11%
c W 10.45 34 63 36 8529 210042 27482 38% 34 29954 7051 11%
c - 10.51 34 63 37 8529 211090 19281 38% 34 29954 7051 11%
c - 10.85 34 59 38 8536 222492 19728 36% 33 29954 7051 11%
c d 10.91 34 58 38 8536 225007 21804 36% 32 29954 7049 11%
c 2 10.92 34 58 38 8536 225007 26189 36% 32 29954 7049 11%
c p 10.93 34 58 38 8536 225007 31795 36% 32 29954 7049 11%
c 
c  seconds  reductions       redundant   irredundant
c         MB     restarts           trail      variables
c          level      conflicts         glue        remaining
c 
c s 11.02 34 57 38 8537 227599 33783 35% 32 29953 7049 11%
c v 11.04 34 57 38 8537 227599 33783 35% 32 29924 7049 11%
c w 11.05 34 57 38 8537 227599 33780 35% 32 29924 7049 11%
c t 11.05 34 57 38 8537 227599 33779 35% 32 29924 7049 11%
c e 11.05 34 57 38 8537 227599 33664 35% 32 29912 7036 11%
c s 11.06 34 57 38 8537 227599 33641 35% 32 29909 7036 11%
c O 11.15 34 55 38 8537 231043 36590 21% 31 29909 7036 11%
c - 11.28 34 55 39 8537 234192 20238 26% 30 29909 7036 11%
c - 11.92 39 56 40 8538 246192 20873 35% 31 29909 7036 11%
c B 12.40 39 58 40 8539 253045 27359 38% 31 29909 7036 11%
c ] 12.52 39 58 40 8539 255009 29202 38% 31 29909 7036 11%
c { 12.52 39 32 40 8539 255009 29202 25% 11 29909 7036 11%
c - 12.64 34 32 41 8766 258492 21778 25% 11 29909 7036 11%
c - 13.15 34 32 42 10634 271093 21593 24% 12 29909 7036 11%
c s 13.24 34 31 42 11216 273532 23118 23% 12 29907 7036 11%
c v 13.26 34 31 42 11216 273532 23118 23% 12 29838 7036 11%
c w 13.28 34 31 42 11216 273532 23112 23% 12 29838 7036 11%
c t 13.28 34 31 42 11216 273532 23108 23% 12 29838 7036 11%
c e 13.28 34 31 42 11216 273532 22949 23% 12 29826 7020 11%
c s 13.30 34 31 42 11216 273532 22859 23% 12 29824 7020 11%
c 
c  seconds  reductions        redundant   irredundant
c         MB      restarts           trail      variables
c          level       conflicts         glue        remaining
c 
c d 13.34 34 31 42 11587 275009 23891 23% 12 29824 7002 11%
c p 13.36 34 31 42 11587 275009 33938 23% 12 29824 7002 11%
c F 13.39 34 31 42 11843 276046 34866 23% 12 29824 7002 11%
c - 13.65 34 30 43 12280 283993 23197 23% 12 29824 7002 11%
c - 14.19 34 31 44 13123 297195 24218 23% 12 29824 7002 11%
c B 14.27 34 30 44 13145 300047 26488 23% 12 29824 7002 11%
c - 14.75 34 30 45 14231 310696 24831 23% 12 29824 7002 11%
c s 15.22 34 29 45 14600 323619 34735 22% 12 29822 7002 11%
c v 15.24 34 29 45 14600 323619 34735 22% 12 29645 7002 11%
c w 15.25 34 29 45 14600 323619 34729 22% 12 29645 7002 11%
c t 15.25 34 29 45 14600 323619 34718 22% 12 29645 7002 11%
c e 15.26 34 29 45 14600 323619 34660 22% 12 29594 6963 11%
c s 15.28 34 29 45 14600 323619 34616 22% 12 29575 6963 11%
c - 15.33 34 29 46 14600 324497 24629 22% 12 29575 6963 11%
c W 15.45 34 29 46 14607 325048 25085 22% 12 29575 6963 11%
c d 15.65 34 28 46 14607 330009 28777 22% 12 29575 6945 11%
c 3 15.66 34 28 46 14607 330009 32214 22% 12 29575 6945 11%
c d 15.68 34 28 46 14607 330009 33130 22% 12 29575 6944 11%
c p 15.69 34 28 46 14607 330009 38373 22% 12 29575 6944 11%
c d 15.70 34 28 46 14607 330009 38364 22% 12 29575 6942 11%
c 
c  seconds  reductions        redundant   irredundant
c         MB      restarts           trail      variables
c          level       conflicts         glue        remaining
c 
c - 16.04 34 26 47 14637 338597 24765 22% 11 29575 6942 11%
c # 16.46 34 24 47 14680 351049 34385 22% 11 29575 6942 11%
c - 16.54 34 24 48 14684 352997 26531 22% 11 29575 6942 11%
c - 17.16 34 25 49 16345 367698 28604 22% 11 29575 6942 11%
c s 17.50 34 24 49 16619 377875 32201 22% 11 29574 6942 11%
c v 17.53 34 24 49 16619 377875 32201 22% 11 29299 6942 11%
c w 17.54 34 24 49 16619 377875 32197 22% 11 29299 6942 11%
c t 17.54 34 24 49 16619 377875 32193 22% 11 29299 6942 11%
c e 17.54 34 24 49 16619 377875 32145 22% 11 29253 6895 11%
c s 17.56 34 24 49 16619 377875 31768 22% 11 29250 6895 11%
c B 17.57 34 24 49 16619 378050 31897 22% 11 29250 6895 11%
c - 17.75 34 24 50 17619 382700 25168 22% 11 29250 6895 11%
c d 17.96 34 24 50 18790 390009 30935 21% 11 29250 6889 11%
c 3 17.96 34 24 50 18790 390009 33993 21% 11 29250 6889 11%
c 3 17.97 34 24 50 18790 390009 34877 21% 11 29250 6889 11%
c d 17.97 34 24 50 18790 390009 34851 21% 11 29250 6886 11%
c p 17.99 34 24 50 18790 390009 40241 21% 11 29250 6885 11%
c - 18.26 34 23 51 18862 398000 26941 21% 11 29247 6885 11%
c W 18.64 34 22 51 18884 406055 32680 21% 11 29247 6885 11%
c - 18.94 34 23 52 20294 413601 28045 21% 11 29247 6885 11%
c 
c  seconds  reductions        redundant   irredundant
c         MB      restarts           trail      variables
c          level       conflicts         glue        remaining
c 
c - 19.56 34 23 53 22201 429501 30244 20% 11 29247 6885 11%
c F 19.82 34 24 53 23010 435056 35006 21% 11 29247 6885 11%
c s 19.93 34 24 53 23157 436251 35352 21% 11 29241 6885 11%
c v 19.96 34 24 53 23157 436251 35352 21% 11 29198 6885 11%
c w 19.98 34 24 53 23157 436251 35346 21% 11 29198 6885 11%
c t 19.98 34 24 53 23157 436251 35340 21% 11 29198 6885 11%
c e 19.98 34 24 53 23157 436251 35021 21% 11 29195 6881 11%
c s 20.00 34 24 53 23157 436251 34932 21% 11 29195 6881 11%
c ^ 20.01 34 24 53 23157 436251 34932 21% 11 29195 6881 11%
c - 20.39 34 24 54 23395 445703 30640 21% 11 29195 6881 11%
c d 20.66 34 24 54 25431 455011 38069 20% 11 29195 6859 11%
c 3 20.67 34 24 54 25431 455011 42318 20% 11 29195 6859 11%
c d 20.67 34 24 54 25431 455011 42308 20% 11 29195 6858 11%
c p 20.69 34 24 54 25431 455011 47442 20% 11 29195 6856 11%
c d 20.70 34 24 54 25431 455011 47316 20% 11 29189 6854 11%
c - 20.97 34 24 55 26572 462205 31613 20% 11 29189 6854 11%
c B 21.09 34 24 55 26979 465057 33714 20% 11 29189 6854 11%
c - 21.64 34 24 56 28904 479005 30796 20% 12 29189 6854 11%
c W 22.49 34 24 56 30451 496058 44703 20% 12 29189 6854 11%
c - 22.50 34 24 57 30451 496105 31683 20% 12 29189 6854 11%
c 
c  seconds  reductions        redundant   irredundant
c         MB      restarts           trail      variables
c          level       conflicts         glue        remaining
c 
c s 22.61 34 24 57 30458 498804 33189 20% 12 29181 6854 11%
c v 22.64 34 24 57 30458 498804 33189 20% 12 29159 6854 11%
c w 22.65 34 24 57 30458 498804 33188 20% 12 29159 6854 11%
c t 22.65 34 24 57 30458 498804 33184 20% 12 29159 6854 11%
c e 22.66 34 24 57 30458 498804 21314 20% 12 29406 6438 10%
c s 22.68 34 24 57 30458 498804 21211 20% 12 29395 6438 10%
c } 23.06 34 23 57 32014 511009 31565 19% 12 29395 6438 10%
c [ 23.06 34 58 57 32014 511009 31565 38% 31 29395 6438 10%
c - 23.14 34 58 58 32014 513505 26663 37% 31 29395 6438 10%
c d 23.85 34 62 58 32014 525013 37605 39% 33 29395 6427 10%
c 3 23.86 34 62 58 32014 525013 41112 39% 33 29395 6427 10%
c d 23.87 34 62 58 32014 525013 41106 39% 33 29395 6426 10%
c 2 23.87 34 62 58 32014 525013 41103 39% 33 29395 6426 10%
c p 23.89 34 62 58 32014 525013 45735 39% 33 29395 6426 10%
c d 23.89 34 62 58 32014 525013 45724 39% 33 29395 6425 10%
c W 24.24 34 63 58 32014 528059 48572 39% 33 29395 6425 10%
c - 24.47 42 63 59 32014 531205 31915 38% 33 29395 6425 10%
c - 25.76 43 64 60 32020 549206 32773 39% 34 29395 6425 10%
c I 26.50 43 66 60 32027 561060 43898 38% 35 29395 6425 10%
c - 26.85 37 67 61 32029 567507 33277 38% 35 29395 6425 10%
c 
c  seconds  reductions        redundant   irredundant
c         MB      restarts           trail      variables
c          level       conflicts         glue        remaining
c 
c s 26.97 37 67 61 32029 568913 34273 38% 36 29390 6425 10%
c v 27.00 37 67 61 32029 568913 34273 38% 36 29367 6425 10%
c w 27.01 37 67 61 32029 568913 34271 38% 36 29367 6425 10%
c t 27.01 37 67 61 32029 568913 34271 38% 36 29363 6425 10%
c e 27.02 37 67 61 32029 568913 34271 38% 36 29360 6416 10%
c s 27.03 37 67 61 32029 568913 34189 38% 36 29350 6416 10%
c e 27.04 37 67 61 32029 568913 34122 38% 36 29348 6414 10%
c - 28.22 45 68 62 32036 586108 33150 38% 37 29348 6414 10%
c B 28.93 45 69 62 32042 595062 41498 38% 38 29348 6414 10%
c d 29.24 45 69 62 32044 600014 46166 38% 38 29348 6410 10%
c 3 29.24 45 69 62 32044 600014 47907 38% 38 29348 6410 10%
c 3 29.25 45 69 62 32044 600014 49036 38% 38 29348 6410 10%
c p 29.28 45 69 62 32044 600014 53716 38% 38 29348 6410 10%
c - 29.71 55 68 63 32044 605008 34732 38% 38 29348 6410 10%
c - 31.73 45 67 64 32045 624208 35562 39% 39 29348 6410 10%
c W 32.46 45 68 64 32050 630064 41044 38% 39 29348 6410 10%
c s 33.39 45 69 64 32058 643509 53597 38% 40 29348 6410 10%
c v 33.44 45 69 64 32058 643509 53597 38% 40 29306 6410 10%
c w 33.46 45 69 64 32058 643509 53589 38% 40 29306 6410 10%
c e 33.47 45 69 64 32058 643509 53572 38% 40 29304 6405 10%
c 
c  seconds  reductions        redundant   irredundant
c         MB      restarts           trail      variables
c          level       conflicts         glue        remaining
c 
c s 33.48 45 69 64 32058 643509 53530 38% 40 29300 6405 10%
c - 33.53 51 69 65 32058 643708 35855 38% 40 29300 6405 10%
c - 35.27 51 67 66 32065 663510 35497 38% 40 29300 6405 10%
c O 35.49 51 67 66 32067 666067 37915 39% 40 29300 6405 10%
c d 36.24 51 63 66 32074 680015 50792 37% 37 29300 6401 10%
c 3 36.24 51 63 66 32074 680015 52905 37% 37 29300 6401 10%
c d 36.26 51 63 66 32074 680015 53716 37% 37 29300 6400 10%
c 2 36.26 51 63 66 32074 680015 53715 37% 37 29300 6400 10%
c p 36.28 51 63 66 32074 680015 58363 37% 37 29300 6400 10%
c d 36.29 51 63 66 32074 680015 58351 37% 37 29300 6399 10%
c - 36.57 51 63 67 32075 683610 36014 37% 37 29300 6399 10%
c B 38.21 51 62 67 32076 703069 53713 38% 37 29300 6399 10%
c - 38.27 51 62 68 32076 704011 36672 38% 37 29300 6399 10%
c s 39.58 51 65 68 32077 722480 53940 37% 38 29300 6399 10%
c v 39.62 51 65 68 32077 722480 53940 37% 38 29270 6399 10%
c w 39.64 51 65 68 32077 722480 53926 37% 38 29270 6399 10%
c e 39.64 51 65 68 32077 722480 53924 37% 38 29269 6394 10%
c s 39.66 51 65 68 32077 722480 53853 37% 38 29268 6394 10%
c - 39.89 51 65 69 32077 724713 36639 37% 38 29268 6394 10%
c W 41.61 51 66 69 32078 741070 52262 38% 40 29268 6394 10%
c 
c  seconds  reductions        redundant   irredundant
c         MB      restarts           trail      variables
c          level       conflicts         glue        remaining
c 
c - 42.00 40 66 70 32078 745714 38688 38% 40 29268 6394 10%
c d 43.79 40 66 70 32078 765015 56347 38% 41 29268 6383 10%
c 3 43.80 40 66 70 32078 765015 58197 38% 41 29268 6383 10%
c d 43.81 40 66 70 32078 765015 59204 38% 41 29268 6381 10%
c 2 43.81 40 66 70 32078 765015 59202 38% 41 29268 6381 10%
c p 43.84 40 66 70 32078 765015 63803 38% 41 29268 6381 10%
c d 43.85 40 66 70 32078 765015 63791 38% 41 29268 6380 10%
c - 44.14 40 66 71 32078 767014 38314 38% 41 29268 6380 10%
c I 44.85 40 65 71 32078 780072 50372 37% 40 29268 6380 10%
c - 45.45 48 64 72 32078 788614 38410 37% 39 29268 6380 10%
c s 46.91 48 65 72 32078 805873 54552 38% 39 29268 6380 10%
c v 46.95 48 65 72 32078 805873 54552 38% 39 29125 6380 10%
c w 46.97 48 65 72 32078 805873 54549 38% 39 29125 6380 10%
c s 47.00 48 65 72 32078 805873 54526 38% 39 29125 6380 10%
c - 47.32 58 66 73 32081 810516 39306 38% 39 29125 6380 10%
c B 47.88 58 67 73 32086 820073 48359 38% 40 29125 6380 10%
c - 48.74 48 66 74 32093 832716 37748 37% 40 29125 6380 10%
c d 50.48 48 64 74 32102 855015 57314 36% 41 29125 6379 10%
c 3 50.49 48 64 74 32102 855015 59122 36% 41 29125 6379 10%
c p 50.52 48 64 74 32102 855015 64447 36% 41 29125 6379 10%
c 
c  seconds  reductions        redundant   irredundant
c         MB      restarts           trail      variables
c          level       conflicts         glue        remaining
c 
c d 50.53 48 64 74 32102 855015 64441 36% 41 29125 6378 10%
c - 50.58 48 64 75 32103 855216 38305 36% 41 29125 6378 10%
c W 51.24 48 63 75 32106 861074 43462 36% 42 29125 6378 10%
c - 52.44 56 64 76 32109 878020 39614 36% 43 29125 6378 10%
c s 53.55 56 64 76 32112 893499 53617 36% 43 29124 6378 10%
c v 53.60 56 64 76 32112 893499 53617 36% 43 29102 6378 10%
c w 53.61 56 64 76 32112 893499 53615 36% 43 29102 6378 10%
c t 53.61 56 64 76 32112 893499 53613 36% 43 29102 6378 10%
c e 53.62 56 64 76 32112 893499 53612 36% 43 29097 6375 10%
c s 53.63 56 64 76 32112 893499 53585 36% 43 29091 6375 10%
c - 54.12 56 65 77 32116 901121 40297 36% 43 29091 6375 10%
c O 54.28 56 65 77 32117 903076 42165 36% 43 29091 6375 10%
c - 55.36 56 57 78 32125 924521 40218 34% 38 29091 6375 10%
c B 56.36 56 52 78 32138 946078 59138 33% 34 29091 6375 10%
c - 56.49 56 52 79 32138 948221 41142 33% 34 29091 6375 10%
c d 56.60 56 52 79 32139 950015 42852 33% 34 29091 6374 10%
c 3 56.61 56 52 79 32139 950015 44502 33% 34 29091 6374 10%
c p 56.63 56 52 79 32139 950015 50028 33% 34 29091 6374 10%
c d 56.64 56 52 79 32139 950015 50021 33% 34 29091 6373 10%
c - 58.17 56 51 80 32140 972221 43001 34% 33 29091 6373 10%
c 
c  seconds  reductions        redundant   irredundant
c         MB      restarts           trail      variables
c          level       conflicts         glue        remaining
c 
c s 59.00 56 50 80 32141 985486 55327 34% 32 29091 6373 10%
c v 59.04 56 50 80 32141 985486 55327 34% 32 29072 6373 10%
c w 59.06 56 50 80 32141 985486 55321 34% 32 29072 6373 10%
c t 59.06 56 50 80 32141 985486 55320 34% 32 29072 6373 10%
c e 59.06 56 50 80 32141 985486 55320 34% 32 29073 6372 10%
c s 59.08 56 50 80 32141 985486 55299 34% 32 29073 6372 10%
c ^ 59.09 56 50 80 32141 985486 55299 34% 32 29073 6372 10%
c W 59.71 56 50 80 32141 990082 59637 34% 32 29073 6372 10%
c - 60.18 56 50 81 32141 996525 44840 34% 32 29073 6372 10%
c - 62.11 56 49 82 32150 1021126 45180 35% 31 29073 6372 10%
c ] 62.26 56 49 82 32151 1023010 46863 35% 31 29073 6372 10%
c { 62.26 56 23 82 32151 1023010 46863 19% 12 29073 6372 10%
c # 62.68 56 24 82 33948 1035083 56455 19% 12 29073 6372 10%
c - 63.02 56 24 83 35876 1046026 42266 18% 12 29073 6372 10%
c d 63.19 56 24 83 36204 1050016 45604 18% 12 29073 6363 10%
c 3 63.20 56 24 83 36204 1050016 47571 18% 12 29073 6363 10%
c d 63.21 56 24 83 36204 1050016 48328 18% 12 29073 6362 10%
c p 63.22 56 24 83 36204 1050016 52819 18% 12 29073 6362 10%
c d 63.22 56 24 83 36204 1050016 52814 18% 12 29073 6361 10%
c - 64.15 35 24 84 38238 1071226 44338 18% 12 29073 6361 10%
c 
c  seconds  reductions         redundant   irredundant
c         MB      restarts            trail      variables
c          level        conflicts         glue        remaining
c 
c B 64.46 35 24 84 39029 1081084 52771 18% 12 29073 6361 10%
c s 64.56 35 24 84 39174 1081840 53169 18% 12 29070 6361 10%
c v 64.60 35 24 84 39174 1081840 53169 18% 12 29069 6361 10%
c w 64.62 35 24 84 39174 1081840 53161 18% 12 29069 6361 10%
c t 64.62 35 24 84 39174 1081840 53159 18% 12 29069 6361 10%
c e 64.64 35 24 84 39174 1081840 41493 18% 12 29489 6151  9%
c s 64.67 35 24 84 39174 1081840 41436 18% 12 29480 6151  9%
c - 65.30 40 26 85 41566 1096726 39747 21% 12 29480 6151  9%
c - 66.31 40 26 86 44244 1122526 43340 20% 12 29480 6151  9%
c W 66.77 40 26 86 44421 1128085 47917 20% 12 29480 6151  9%
c - 67.55 40 25 87 45698 1148626 44298 19% 12 29480 6151  9%
c d 67.96 40 26 87 46360 1155016 50144 20% 12 29480 6139  9%
c 3 67.97 40 26 87 46360 1155016 52391 20% 12 29480 6139  9%
c d 67.98 40 26 87 46360 1155016 53186 20% 12 29480 6138  9%
c 2 67.98 40 26 87 46360 1155016 53185 20% 12 29480 6138  9%
c p 68.00 40 26 87 46360 1155016 57415 20% 12 29480 6138  9%
c d 68.01 40 26 87 46360 1155016 57398 20% 12 29480 6135  9%
c - 68.78 40 26 88 48862 1175029 47816 19% 12 29480 6135  9%
c F 68.81 40 25 88 48862 1176086 48707 19% 12 29480 6135  9%
c s 69.32 40 26 88 49775 1185839 56918 20% 12 29467 6135  9%
c 
c  seconds  reductions         redundant   irredundant
c         MB      restarts            trail      variables
c          level        conflicts         glue        remaining
c 
c v 69.36 40 26 88 49775 1185839 56918 20% 12 29466 6135  9%
c w 69.39 40 26 88 49775 1185839 56911 20% 12 29466 6135  9%
c t 69.39 40 26 88 49775 1185839 56910 20% 12 29466 6135  9%
c e 69.39 40 26 88 49775 1185839 56878 20% 12 29470 6133  9%
c s 69.42 40 26 88 49775 1185839 56823 20% 12 29467 6133  9%
c - 70.11 45 26 89 51074 1201729 48578 20% 13 29467 6133  9%
c B 70.74 45 25 89 52520 1225087 67601 20% 13 29467 6133  9%
c - 70.95 45 25 90 52737 1228729 47484 20% 13 29467 6133  9%
c - 71.80 45 24 91 54222 1256031 46947 19% 13 29467 6133  9%
c d 72.04 45 24 91 54728 1265018 53803 19% 13 29467 6128  9%
c 3 72.04 45 24 91 54728 1265018 56038 19% 13 29467 6128  9%
c p 72.07 45 24 91 54728 1265018 60900 19% 13 29467 6128  9%
c W 72.79 45 24 91 55241 1275089 69424 19% 12 29467 6128  9%
c - 73.20 45 24 92 55672 1283633 48269 19% 12 29467 6128  9%
c s 73.68 45 25 92 56851 1294533 57391 19% 13 29463 6128  9%
c v 73.72 45 25 92 56851 1294533 57391 19% 13 29460 6128  9%
c w 73.74 45 25 92 56851 1294533 57390 19% 13 29460 6128  9%
c t 73.74 45 25 92 56851 1294533 57388 19% 13 29460 6128  9%
c e 73.75 45 25 92 56851 1294533 57324 19% 13 29464 6126  9%
c s 73.77 45 25 92 56851 1294533 57288 19% 13 29459 6126  9%
c 
c  seconds  reductions         redundant   irredundant
c         MB      restarts            trail      variables
c          level        conflicts         glue        remaining
c 
c e 73.78 45 25 92 56851 1294533 57285 19% 13 29461 6125  9%
c - 74.38 45 24 93 58593 1311533 50030 19% 13 29461 6125  9%
c # 75.00 45 24 93 59791 1326090 62063 19% 12 29461 6125  9%
c - 75.63 45 24 94 60741 1339734 50369 19% 13 29461 6125  9%
c i 76.43 45 22 94 61155 1360945 66735 19% 12 29461 6121  9%
c - 76.77 45 23 95 61932 1368235 37004 19% 12 29449 6121  9%
c B 77.08 45 23 95 62944 1378094 45096 19% 12 29449 6121  9%
c d 77.16 45 23 95 63244 1380018 46667 19% 12 29449 6112  9%
c 3 77.17 45 23 95 63244 1380018 48637 19% 12 29449 6112  9%
c d 77.18 45 23 95 63244 1380018 49271 19% 12 29449 6109  9%
c 2 77.18 45 23 95 63244 1380018 49268 19% 12 29449 6109  9%
c p 77.20 45 23 95 63244 1380018 53374 19% 12 29449 6109  9%
c d 77.20 45 23 95 63244 1380018 53357 19% 12 29449 6108  9%
c - 77.89 45 23 96 65346 1397038 48209 19% 12 29449 6108  9%
c s 78.20 45 23 96 66373 1407835 56954 19% 12 29441 6108  9%
c v 78.24 45 23 96 66373 1407835 56954 19% 12 29439 6108  9%
c w 78.26 45 23 96 66373 1407835 56951 19% 12 29439 6108  9%
c t 78.26 45 23 96 66373 1407835 56949 19% 12 29439 6108  9%
c s 78.28 45 23 96 66373 1407835 56924 19% 12 29438 6108  9%
c - 79.29 45 25 97 67913 1426140 51240 19% 13 29438 6108  9%
c 
c  seconds  reductions         redundant   irredundant
c         MB      restarts            trail      variables
c          level        conflicts         glue        remaining
c 
c W 79.94 45 25 97 68323 1431097 55702 20% 13 29438 6108  9%
c - 80.91 45 25 98 70120 1455540 51844 19% 13 29438 6108  9%
c F 81.89 45 24 98 71263 1485099 75205 19% 12 29438 6108  9%
c - 81.92 45 24 99 71284 1485245 50919 19% 12 29438 6108  9%
c d 82.30 45 23 99 71754 1500018 62884 19% 12 29438 6107  9%
c 3 82.31 45 23 99 71754 1500018 64665 19% 12 29438 6107  9%
c 3 82.31 45 23 99 71754 1500018 65350 19% 12 29438 6107  9%
c d 82.32 45 23 99 71754 1500018 65318 19% 12 29438 6104  9%
c 2 82.32 45 23 99 71754 1500018 65317 19% 12 29438 6104  9%
c p 82.34 45 23 99 71754 1500018 69379 19% 12 29438 6104  9%
c - 82.97 45 23 100 72146 1515246 51885 19% 12 29438 6104  9%
c s 83.38 45 23 100 73157 1525820 59676 19% 12 29434 6104  9%
c v 83.42 45 23 100 73157 1525820 59676 19% 12 29423 6104  9%
c w 83.44 45 23 100 73157 1525820 59669 19% 12 29423 6104  9%
c t 83.44 45 23 100 73157 1525820 59668 19% 12 29423 6104  9%
c s 83.49 45 23 100 73157 1525820 59568 19% 12 29423 6104  9%
c B 84.02 45 22 100 74231 1540103 71601 19% 12 29423 6104  9%
c - 84.25 45 22 101 74416 1545548 54056 19% 12 29423 6104  9%
c - 85.44 46 22 102 77246 1576149 54861 20% 12 29423 6104  9%
c W 86.75 46 22 102 79352 1596104 71200 19% 12 29423 6104  9%
c 
c  seconds   reductions         redundant   irredundant
c         MB       restarts            trail      variables
c          level         conflicts         glue        remaining
c 
c - 87.31 46 22 103 80365 1607052 56775 20% 12 29423 6104  9%
c d 88.16 46 23 103 81410 1625020 71949 20% 12 29423 6100  9%
c 3 88.16 46 23 103 81410 1625020 73804 20% 12 29423 6100  9%
c 3 88.17 46 23 103 81410 1625020 74528 20% 12 29423 6100  9%
c d 88.18 46 23 103 81410 1625020 74516 20% 12 29423 6098  9%
c 2 88.18 46 23 103 81410 1625020 74514 20% 12 29423 6098  9%
c p 88.20 46 23 103 81410 1625020 78512 20% 12 29423 6098  9%
c d 88.21 46 23 103 81410 1625020 78507 20% 12 29423 6097  9%
c - 88.65 46 21 104 81423 1638252 56758 20% 12 29423 6097  9%
c s 89.04 46 21 104 81447 1648354 64117 19% 12 29421 6097  9%
c v 89.08 46 21 104 81447 1648354 64117 19% 12 29402 6097  9%
c w 89.11 46 21 104 81447 1648354 64112 19% 12 29402 6097  9%
c s 89.16 46 21 104 81447 1648354 63985 19% 12 29401 6097  9%
c # 89.38 46 21 104 81749 1653106 68017 19% 12 29401 6097  9%
c - 90.12 46 22 105 83734 1669753 58410 19% 12 29401 6097  9%
c - 91.50 46 22 106 86529 1701555 59801 19% 12 29401 6097  9%
c B 91.84 46 22 106 87319 1711108 67404 19% 12 29401 6097  9%
c - 93.09 48 23 107 90076 1733660 60758 20% 12 29401 6097  9%
c d 94.33 48 25 107 92821 1755022 79612 20% 13 29401 6093  9%
c 3 94.34 48 25 107 92821 1755022 81764 20% 13 29401 6093  9%
c 
c  seconds   reductions         redundant   irredundant
c         MB       restarts            trail      variables
c          level         conflicts         glue        remaining
c 
c 3 94.34 48 25 107 92821 1755022 82402 20% 13 29401 6093  9%
c d 94.35 48 25 107 92821 1755022 82397 20% 13 29401 6092  9%
c p 94.39 48 25 107 92821 1755022 86406 20% 13 29401 6092  9%
c - 95.18 48 25 108 93740 1766060 63231 20% 13 29401 6092  9%
c W 95.76 48 25 108 94219 1770111 66804 20% 13 29401 6092  9%
c s 96.04 48 25 108 94305 1775457 70956 20% 13 29387 6092  9%
c v 96.09 48 25 108 94305 1775457 70956 20% 13 29372 6092  9%
c w 96.13 48 25 108 94305 1775457 70950 20% 13 29372 6092  9%
c t 96.13 48 25 108 94305 1775457 70946 20% 13 29372 6092  9%
c e 96.13 48 25 108 94305 1775457 70895 20% 13 29375 6089  9%
c s 96.19 48 25 108 94305 1775457 70834 20% 13 29371 6089  9%
c - 97.21 48 24 109 96077 1798760 61787 20% 12 29371 6089  9%
c F 98.46 48 23 109 97413 1830114 85929 19% 12 29371 6089  9%
c - 98.60 48 23 110 97524 1831762 60084 19% 12 29371 6089  9%
c - 99.83 48 22 111 101313 1865062 62081 18% 12 29371 6089  9%
c d 101.23 48 23 111 104989 1890022 83158 19% 13 29371 6084  9%
c 3 101.23 48 23 111 104989 1890022 85591 19% 13 29371 6084  9%
c 3 101.24 48 23 111 104989 1890022 86355 19% 13 29371 6084  9%
c d 101.25 48 23 111 104989 1890022 86345 19% 13 29371 6082  9%
c p 101.28 48 23 111 104989 1890022 90243 19% 13 29371 6082  9%
c 
c  seconds    reductions          redundant   irredundant
c          MB       restarts             trail      variables
c           level          conflicts         glue        remaining
c 
c B 101.32 48 23 111 105137 1891115 90946 19% 13 29371 6082  9%
c - 101.82 50 24 112 105711 1898665 62938 19% 13 29371 6082  9%
c s 102.20 50 24 112 106149 1907124 69798 19% 13 29365 6082  9%
c v 102.25 50 24 112 106149 1907124 69798 19% 13 29363 6082  9%
c w 102.28 50 24 112 106149 1907124 69796 19% 13 29363 6082  9%
c t 102.28 50 24 112 106149 1907124 69794 19% 13 29363 6082  9%
c e 102.29 50 24 112 106149 1907124 68754 19% 13 29367 6080  9%
c s 102.34 50 24 112 106149 1907124 68714 19% 13 29367 6080  9%
c ^ 102.34 50 24 112 106149 1907124 68714 19% 13 29367 6080  9%
c - 103.61 50 24 113 107710 1932567 62666 19% 13 29367 6080  9%
c W 105.11 50 24 113 108656 1953118 80445 19% 13 29367 6080  9%
c - 105.81 50 24 114 109469 1966767 64451 20% 13 29367 6080  9%
c - 107.31 50 22 115 110411 2001269 65444 19% 12 29367 6080  9%
c # 107.86 50 22 115 110703 2016120 77727 20% 12 29367 6080  9%
c d 108.66 50 23 115 112868 2030025 90071 20% 12 29367 6077  9%
c 3 108.66 50 23 115 112868 2030025 91987 20% 12 29367 6077  9%
c 3 108.67 50 23 115 112868 2030025 92694 20% 12 29367 6077  9%
c d 108.68 50 23 115 112868 2030025 92664 20% 12 29367 6074  9%
c 2 108.68 50 23 115 112868 2030025 92663 20% 12 29367 6074  9%
c p 108.70 50 23 115 112868 2030025 96570 20% 12 29367 6074  9%
c 
c  seconds    reductions          redundant   irredundant
c          MB       restarts             trail      variables
c           level          conflicts         glue        remaining
c 
c - 108.95 50 23 116 113352 2036069 67762 20% 12 29367 6074  9%
c s 109.31 50 23 116 114249 2043448 73667 19% 12 29361 6074  9%
c v 109.36 50 23 116 114249 2043448 73667 19% 12 29348 6074  9%
c w 109.40 50 23 116 114249 2043448 73665 19% 12 29348 6074  9%
c e 109.42 50 23 116 114249 2043448 59216 19% 12 30410 5732  9%
c s 109.47 50 23 116 114249 2043448 59127 19% 12 30267 5732  9%
c } 109.69 50 23 116 114596 2047011 62210 19% 12 30266 5732  9%
c [ 109.69 50 49 116 114596 2047011 62210 40% 31 30266 5732  9%
c - 111.31 55 52 117 114607 2071170 62262 39% 32 30266 5732  9%
c I 112.00 55 52 117 114611 2080122 70696 39% 32 30266 5732  9%
c - 114.17 46 55 118 114617 2106570 65163 40% 34 30266 5732  9%
c - 117.50 49 58 119 114632 2142270 67223 40% 37 30266 5732  9%
c B 117.80 49 58 119 114632 2145124 69777 40% 37 30266 5732  9%
c d 119.69 49 65 119 114647 2175025 97727 40% 40 30266 5730  9%
c 3 119.69 49 65 119 114647 2175025 99793 40% 40 30266 5730  9%
c 3 119.70 49 65 119 114647 2175025 100353 40% 40 30266 5730  9%
c 2 119.71 49 65 119 114647 2175025 100352 40% 40 30266 5730  9%
c p 119.75 49 65 119 114647 2175025 102979 40% 40 30266 5730  9%
c - 120.04 49 65 120 114647 2178271 67447 40% 40 30266 5730  9%
c s 121.15 50 65 120 114648 2192285 79627 39% 40 30249 5730  9%
c 
c  seconds    reductions          redundant   irredundant
c          MB       restarts             trail      variables
c           level          conflicts         glue        remaining
c 
c v 121.21 50 65 120 114648 2192285 79627 39% 40 30247 5730  9%
c w 121.25 50 65 120 114648 2192285 79617 39% 40 30247 5730  9%
c t 121.26 50 65 120 114648 2192285 79616 39% 40 30245 5730  9%
c s 121.32 50 65 120 114648 2192285 79580 39% 40 30243 5730  9%
c W 123.63 50 64 120 114649 2211127 96477 39% 41 30243 5730  9%
c - 123.93 47 64 121 114649 2214571 66423 40% 41 30243 5730  9%
c - 126.37 60 63 122 114650 2251172 66724 39% 38 30243 5730  9%
c O 127.79 60 60 122 114650 2278128 91485 37% 35 30243 5730  9%
c - 128.43 72 59 123 114650 2288075 67803 37% 35 30243 5730  9%
c 3 130.75 72 55 123 114651 2325026 102604 35% 31 30243 5730  9%
c 3 130.76 72 55 123 114651 2325026 103205 35% 31 30243 5730  9%
c p 130.80 72 55 123 114651 2325026 105923 35% 31 30243 5730  9%
c - 130.85 72 55 124 114651 2325275 67138 35% 31 30243 5730  9%
c B 132.22 72 54 124 114651 2346129 86993 35% 31 30243 5730  9%
c - 133.43 72 62 125 114651 2362776 68502 36% 34 30243 5730  9%
c - 137.28 52 73 126 114651 2400578 71514 37% 38 30243 5730  9%
c W 139.50 52 76 126 114651 2415130 85248 37% 40 30243 5730  9%
c - 142.22 57 77 127 114657 2438679 74113 38% 43 30243 5730  9%
c - 146.48 56 76 128 114674 2477079 72267 39% 46 30243 5730  9%
c 3 146.80 56 76 128 114676 2480026 76041 39% 46 30243 5730  9%
c 
c  seconds    reductions          redundant   irredundant
c          MB       restarts             trail      variables
c           level          conflicts         glue        remaining
c 
c p 146.85 56 76 128 114676 2480026 79435 39% 46 30243 5730  9%
c I 147.43 56 76 128 114680 2485131 83906 39% 47 30243 5730  9%
c - 149.98 69 73 129 114684 2515779 72431 38% 45 30243 5730  9%
c - 154.58 69 68 130 114703 2554779 70619 39% 46 30243 5730  9%
c B 154.71 69 68 130 114704 2556132 71791 39% 46 30243 5730  9%
c - 159.41 69 63 131 114713 2594079 70703 39% 46 30243 5730  9%
c W 164.02 69 60 131 114714 2628134 97759 40% 46 30243 5730  9%
c - 164.82 69 59 132 114717 2633679 70877 40% 46 30243 5730  9%
c 3 165.32 69 59 132 114721 2640027 77856 40% 45 30243 5730  9%
c 3 165.33 69 59 132 114721 2640027 78435 40% 45 30243 5730  9%
c p 165.36 69 59 132 114721 2640027 81038 40% 45 30243 5730  9%
c - 168.79 69 57 133 114736 2673579 73975 40% 44 30243 5730  9%
c O 172.07 69 56 133 114745 2701135 96246 40% 45 30243 5730  9%
c - 172.94 84 53 134 114746 2713780 73719 39% 42 30243 5730  9%
c - 174.74 84 51 135 114766 2754283 70400 34% 37 30243 5730  9%
c B 175.42 84 48 135 114775 2775138 85994 32% 34 30243 5730  9%
c - 176.13 84 48 136 114776 2795084 67806 30% 33 30243 5730  9%
c 3 176.46 84 46 136 114777 2805027 77648 28% 32 30243 5730  9%
c p 176.50 84 46 136 114777 2805027 80832 28% 32 30243 5730  9%
c - 179.08 84 52 137 114778 2836184 74608 33% 34 30243 5730  9%
c 
c  seconds    reductions          redundant   irredundant
c          MB       restarts             trail      variables
c           level          conflicts         glue        remaining
c 
c W 181.03 84 54 137 114778 2850139 87972 34% 36 30243 5730  9%
c - 184.10 84 56 138 114778 2877585 76393 36% 38 30243 5730  9%
c - 189.23 84 57 139 114792 2919288 78286 38% 41 30243 5730  9%
c I 190.02 84 57 139 114793 2926140 84509 38% 41 30243 5730  9%
c - 192.32 84 60 140 114808 2961288 77506 37% 41 30243 5730  9%
c s 192.39 84 60 140 114808 2961288 77193 37% 41 30243 5730  9%
c v 192.51 84 60 140 114808 2961288 77193 37% 41 30176 5730  9%
c w 192.63 84 60 140 114808 2961288 77173 37% 41 30176 5730  9%
c s 192.70 84 60 140 114808 2961288 77048 37% 41 30176 5730  9%
c ^ 192.71 84 60 140 114808 2961288 77048 37% 41 30176 5730  9%
c d 194.15 84 62 140 114809 2975027 89591 38% 43 30176 5728  9%
c 3 194.15 84 62 140 114809 2975027 90879 38% 43 30176 5728  9%
c 3 194.16 84 62 140 114809 2975027 91439 38% 43 30176 5728  9%
c p 194.20 84 62 140 114809 2975027 94017 38% 43 30176 5728  9%
c B 197.14 84 63 140 114823 3003141 119621 39% 43 30176 5728  9%
c - 197.21 84 63 141 114823 3003588 80391 39% 43 30176 5728  9%
c - 201.40 103 65 142 114840 3046193 78212 41% 44 30176 5728  9%
c W 205.62 103 63 142 114841 3081142 109864 41% 43 30176 5728  9%
c - 206.67 84 64 143 114841 3089093 78109 41% 44 30176 5728  9%
c s 210.24 84 64 143 114855 3119477 105160 41% 44 30176 5728  9%
c 
c  seconds    reductions          redundant    irredundant
c          MB       restarts              trail      variables
c           level          conflicts          glue        remaining
c 
c v 210.31 84 64 143 114855 3119477 105160 41% 44 30176 5728  9%
c w 210.37 84 64 143 114855 3119477 105155 41% 44 30176 5728  9%
c e 210.41 85 64 143 114855 3119477 29912 41% 44 38169 4434  7%
c s 210.48 85 64 143 114855 3119477 29807 41% 44 37997 4434  7%
c - 211.54 85 65 144 114859 3132295 33131 50% 44 37997 4434  7%
c 3 213.18 85 64 144 114869 3150027 50376 50% 45 37997 4434  7%
c p 213.20 85 64 144 114869 3150027 52492 50% 45 37997 4434  7%
c O 214.09 85 64 144 114871 3160143 61618 49% 44 37997 4434  7%
c - 214.93 85 61 145 114872 3175796 62144 44% 41 37997 4434  7%
c - 217.10 85 55 146 114893 3219596 69545 38% 36 37997 4434  7%
c B 218.50 85 53 146 114902 3240144 88402 39% 35 37997 4434  7%
c - 220.61 85 53 147 114904 3263697 72663 43% 34 37997 4434  7%
c - 225.55 106 55 148 114905 3308097 75905 46% 35 37997 4434  7%
c W 227.70 106 56 148 114905 3321145 88360 47% 36 37997 4434  7%
c 3 228.54 106 56 148 114905 3330029 97424 47% 36 37997 4434  7%
c p 228.60 106 56 148 114905 3330029 99509 47% 36 37997 4434  7%
c - 231.05 85 56 149 114905 3352797 76101 48% 37 37997 4434  7%
c - 236.44 96 56 150 114906 3397799 77445 49% 39 37997 4434  7%
c I 237.05 96 56 150 114906 3403146 82266 49% 40 37997 4434  7%
c - 239.08 96 53 151 114906 3443100 76364 44% 35 37997 4434  7%
c 
c  seconds    reductions          redundant    irredundant
c          MB       restarts              trail      variables
c           level          conflicts          glue        remaining
c 
c B 242.61 96 53 151 114906 3486148 116899 42% 38 37997 4434  7%
c - 242.90 96 54 152 114906 3488700 76519 43% 38 37997 4434  7%
c 3 245.72 96 58 152 114907 3515032 102861 45% 41 37997 4434  7%
c p 245.78 96 58 152 114907 3515032 105007 45% 41 37997 4434  7%
c - 248.30 118 59 153 114907 3534602 76310 46% 42 37997 4434  7%
c W 254.00 118 59 153 114907 3570149 108565 48% 43 37997 4434  7%
c - 256.01 96 59 154 114907 3580802 78408 48% 43 37997 4434  7%
c - 261.94 118 58 155 114907 3627303 81858 49% 42 37997 4434  7%
c O 265.32 118 59 155 114907 3655151 108298 49% 42 37997 4434  7%
c - 266.13 96 53 156 114907 3674103 82390 45% 38 37997 4434  7%
c 3 267.67 96 51 156 114907 3705032 111542 41% 34 37997 4434  7%
c p 267.74 96 51 156 114907 3705032 113648 41% 34 37997 4434  7%
c - 268.75 96 51 157 114907 3721204 77798 41% 33 37997 4434  7%
c B 269.64 96 51 157 114907 3741153 95986 39% 32 37997 4434  7%
c - 272.36 96 57 158 114913 3768604 78766 42% 36 37997 4434  7%
c - 276.60 96 59 159 114936 3816309 79502 43% 37 37997 4434  7%
c W 278.38 96 59 159 114938 3828157 90621 43% 37 37997 4434  7%
c - 281.32 96 54 160 114951 3864309 78441 42% 34 37997 4434  7%
c 3 284.28 96 56 160 114967 3900035 111574 43% 35 37997 4434  7%
c p 284.34 96 56 160 114967 3900035 113724 43% 35 37997 4434  7%
c 
c  seconds    reductions          redundant   irredundant
c          MB       restarts             trail      variables
c           level          conflicts         glue        remaining
c 
c - 285.82 96 56 161 114969 3912609 77806 43% 36 37997 4434  7%
c I 286.15 96 56 161 114969 3916159 81022 43% 36 37997 4434  7%
c - 288.69 105 54 162 114971 3961210 79043 42% 32 37997 4434  7%
c s 288.78 105 54 162 114971 3961210 78382 42% 32 37990 4434  7%
c v 288.98 105 54 162 114971 3961210 78382 42% 32 37897 4434  7%
c w 289.07 105 54 162 114971 3961210 78357 42% 32 37897 4434  7%
c t 289.07 105 54 162 114971 3961210 78356 42% 32 37894 4434  7%
c e 289.07 105 54 162 114971 3961210 78125 42% 32 37963 4423  7%
c s 289.16 105 54 162 114971 3961210 78031 42% 32 37949 4423  7%
c B 293.22 105 52 162 114992 4005161 116673 44% 33 37949 4423  7%
c - 293.66 105 53 163 114995 4010111 80266 44% 34 37949 4423  7%
c - 297.93 105 63 164 115011 4059312 80474 46% 39 37949 4423  7%
c ] 301.88 105 62 164 115028 4095012 113099 47% 39 37949 4423  7%
c { 301.88 105 23 164 115028 4095012 113099 27% 12 37949 4423  7%
c B 301.92 105 23 164 115064 4095163 113242 27% 12 37949 4423  7%
c 3 302.09 105 23 164 115111 4100036 118917 26% 12 37949 4423  7%
c p 302.15 105 23 164 115111 4100036 121060 26% 12 37949 4423  7%
c - 302.48 105 23 165 116257 4108815 80627 26% 12 37949 4423  7%
c - 304.92 55 23 166 121455 4158616 77071 24% 13 37949 4423  7%
c s 305.65 56 23 166 122800 4178282 91055 23% 13 37940 4423  7%
c 
c  seconds    reductions          redundant   irredundant
c          MB       restarts             trail      variables
c           level          conflicts         glue        remaining
c 
c w 305.80 56 23 166 122800 4178282 91044 23% 13 37940 4423  7%
c t 305.80 56 23 166 122800 4178282 91043 23% 13 37940 4423  7%
c s 305.92 56 23 166 122800 4178282 90793 23% 13 37938 4423  7%
c e 305.93 56 23 166 122800 4178282 90792 23% 13 37946 4422  7%
c W 306.95 56 22 166 124137 4186164 96956 22% 13 37946 4422  7%
c - 307.89 63 22 167 125679 4208718 75174 22% 13 37946 4422  7%
c - 310.14 63 22 168 127934 4259119 76114 23% 12 37946 4422  7%
c F 310.86 63 22 168 131231 4278165 91805 23% 13 37946 4422  7%
c 3 311.84 63 23 168 134203 4305036 115249 22% 13 37946 4422  7%
c p 311.89 63 23 168 134203 4305036 117281 22% 13 37946 4422  7%
c - 312.05 63 23 169 134949 4309819 78792 21% 13 37946 4422  7%
c - 313.93 63 23 170 138693 4360819 76416 21% 13 37946 4422  7%
c B 314.49 63 23 170 139424 4371167 85214 21% 13 37946 4422  7%
c s 315.55 63 23 170 140726 4401567 109075 21% 13 37934 4422  7%
c w 315.67 63 23 170 140726 4401567 109069 21% 13 37934 4422  7%
c s 315.76 63 23 170 140726 4401567 108949 21% 13 37934 4422  7%
c - 316.29 63 23 171 141086 4412120 79888 21% 13 37934 4422  7%
c - 318.51 63 24 172 144783 4463720 81857 22% 13 37934 4422  7%
c W 319.32 63 24 172 145136 4465168 83062 22% 13 37934 4422  7%
c 3 321.72 63 25 172 148646 4515037 126837 23% 13 37934 4422  7%
c 
c  seconds    reductions          redundant    irredundant
c          MB       restarts              trail      variables
c           level          conflicts          glue        remaining
c 
c 2 321.74 63 25 172 148646 4515037 126836 23% 13 37934 4422  7%
c p 321.79 63 25 172 148646 4515037 128842 23% 13 37934 4422  7%
c - 321.84 64 25 173 148649 4515621 84409 23% 13 37934 4422  7%
c # 323.40 64 24 173 151971 4560169 120081 21% 13 37934 4422  7%
c - 323.70 64 24 174 152358 4567822 81911 21% 13 37934 4422  7%
c - 325.97 64 24 175 155182 4620322 82254 22% 13 37934 4422  7%
c s 326.52 64 24 175 155509 4631021 91360 22% 13 37924 4422  7%
c v 326.62 64 24 175 155509 4631021 91360 22% 13 37899 4422  7%
c w 326.67 64 24 175 155509 4631021 91351 22% 13 37899 4422  7%
c e 326.68 64 24 175 155509 4631021 89496 22% 13 37943 4411  7%
c s 326.78 64 24 175 155509 4631021 89453 22% 13 37943 4411  7%
c ^ 326.78 64 24 175 155509 4631021 89453 22% 13 37943 4411  7%
c B 328.10 64 25 175 157575 4656170 110627 23% 13 37943 4411  7%
c - 329.08 64 25 176 158350 4673124 85815 23% 13 37943 4411  7%
c - 331.96 64 25 177 162728 4726224 86412 22% 13 37943 4411  7%
c d 332.06 64 25 177 162894 4730038 89571 22% 13 37943 4409  7%
c 3 332.07 64 25 177 162894 4730038 90964 22% 13 37943 4409  7%
c p 332.10 64 25 177 162894 4730038 92966 22% 13 37943 4409  7%
c W 333.54 64 25 177 164104 4753171 111134 21% 14 37943 4409  7%
c - 334.39 64 23 178 164709 4779624 83857 20% 13 37943 4409  7%
c 
c  seconds    reductions          redundant   irredundant
c          MB       restarts             trail      variables
c           level          conflicts         glue        remaining
c 
c - 336.74 64 21 179 165770 4833324 83511 22% 12 37943 4409  7%
c F 337.64 64 22 179 167981 4851173 99406 22% 13 37943 4409  7%
c s 338.49 64 22 179 169716 4866975 111064 22% 13 37934 4409  7%
c w 338.63 64 22 179 169716 4866975 111057 22% 13 37934 4409  7%
c e 338.67 64 22 179 169716 4866975 57056 22% 13 44947 3835  6%
c s 338.77 64 22 179 169716 4866975 56841 22% 13 44803 3835  6%
c - 339.43 64 22 180 171126 4887327 55608 23% 13 44803 3835  6%
c - 340.70 64 21 181 173044 4941630 69924 25% 12 44803 3835  6%
c 3 340.90 64 21 181 174016 4950040 77940 24% 13 44803 3834  6%
c 3 340.90 64 21 181 174016 4950040 78112 24% 13 44803 3834  6%
c d 340.91 64 21 181 174016 4950040 78107 24% 13 44803 3833  6%
c 2 340.92 64 21 181 174016 4950040 78106 24% 13 44803 3833  6%
c p 340.94 64 21 181 174016 4950040 79570 24% 13 44803 3833  6%
c B 340.95 64 21 181 174017 4950175 79687 24% 13 44803 3833  6%
c - 342.92 64 21 182 178261 4996230 74909 23% 13 44803 3833  6%
c W 346.07 64 21 182 181127 5050176 120917 24% 12 44803 3833  6%
c - 346.14 64 21 183 181127 5051131 81156 24% 12 44803 3833  6%
c - 348.15 64 21 184 185405 5106331 80900 23% 13 44803 3833  6%
c s 349.78 64 22 184 189618 5143587 109349 22% 13 44783 3833  6%
c v 349.87 64 22 184 189618 5143587 109349 22% 13 44776 3833  6%
c 
c  seconds    reductions          redundant    irredundant
c          MB       restarts              trail      variables
c           level          conflicts          glue        remaining
c 
c w 349.92 64 22 184 189618 5143587 109337 22% 13 44776 3833  6%
c t 349.92 64 22 184 189618 5143587 109337 22% 13 44768 3833  6%
c s 350.05 64 22 184 189618 5143587 109201 22% 13 44768 3833  6%
c # 350.28 64 22 184 190080 5151178 115457 22% 13 44768 3833  6%
c - 350.91 64 23 185 191796 5161835 85145 22% 13 44768 3833  6%
c 3 351.51 64 23 185 192454 5175041 97180 22% 13 44768 3833  6%
c 3 351.51 64 23 185 192454 5175041 97485 22% 13 44768 3833  6%
c p 351.54 64 23 185 192454 5175041 98804 22% 13 44768 3833  6%
c - 353.55 64 24 186 196082 5217637 86109 22% 13 44768 3833  6%
c B 354.57 64 22 186 196514 5253179 116929 23% 13 44768 3833  6%
c - 355.75 77 22 187 197805 5273740 87692 23% 13 44768 3833  6%
c - 358.35 77 23 188 203367 5330140 85263 22% 13 44768 3833  6%
c W 359.96 77 22 188 205152 5356181 106406 21% 13 44768 3833  6%
c - 361.24 77 23 189 209557 5386842 85107 22% 13 44768 3833  6%
c 2 362.06 77 23 189 210130 5405042 102255 22% 13 44768 3833  6%
c p 362.09 77 23 189 210130 5405042 103620 22% 13 44768 3833  6%
c s 363.22 77 22 189 210346 5427267 120788 23% 13 44763 3833  6%
c v 363.30 77 22 189 210346 5427267 120788 23% 13 44635 3833  6%
c w 363.36 77 22 189 210346 5427267 120774 23% 13 44635 3833  6%
c s 363.50 77 22 189 210346 5427267 120697 23% 13 44634 3833  6%
c 
c  seconds    reductions          redundant   irredundant
c          MB       restarts             trail      variables
c           level          conflicts         glue        remaining
c 
c - 364.37 77 22 190 211794 5443843 89574 23% 13 44634 3833  6%
c F 365.01 77 23 190 213039 5460182 103658 23% 13 44634 3833  6%
c - 366.70 77 23 191 216036 5501143 91384 22% 13 44634 3833  6%
c - 368.92 77 21 192 217140 5558743 86854 26% 12 44634 3833  6%
c B 369.18 77 20 192 217177 5565186 91770 26% 12 44634 3833  6%
c - 371.50 77 21 193 221925 5616643 90706 24% 12 44634 3833  6%
c 3 372.67 77 22 193 224096 5640045 110600 24% 12 44634 3833  6%
c 3 372.67 77 22 193 224096 5640045 110899 24% 12 44634 3833  6%
c 2 372.68 77 22 193 224096 5640045 110898 24% 12 44634 3833  6%
c p 372.71 77 22 193 224096 5640045 112235 24% 12 44634 3833  6%
c W 375.03 77 22 193 226144 5671187 137874 25% 12 44634 3833  6%
c - 375.17 77 22 194 227021 5674845 93554 24% 12 44634 3833  6%
c s 377.04 77 22 194 231164 5717678 127833 24% 13 44626 3833  6%
c v 377.12 77 22 194 231164 5717678 127833 24% 13 44614 3833  6%
c w 377.20 77 22 194 231164 5717678 127824 24% 13 44614 3833  6%
c s 377.35 77 22 194 231164 5717678 127748 24% 13 44614 3833  6%
c - 378.44 77 23 195 232079 5733347 94517 24% 13 44614 3833  6%
c # 380.59 77 22 195 236247 5778188 131656 22% 13 44614 3833  6%
c - 381.38 77 23 196 237821 5792147 94421 22% 13 44614 3833  6%
c - 384.41 77 23 197 242225 5851247 96116 22% 13 44614 3833  6%
c 
c  seconds    reductions          redundant    irredundant
c          MB       restarts              trail      variables
c           level          conflicts          glue        remaining
c 
c d 385.82 77 24 197 246309 5880045 120138 22% 13 44614 3831  6%
c 3 385.83 77 24 197 246309 5880045 121211 22% 13 44614 3831  6%
c p 385.88 77 24 197 246309 5880045 122564 22% 13 44614 3831  6%
c B 386.23 77 24 197 246538 5886189 128075 22% 13 44614 3831  6%
c - 387.60 77 24 198 247852 5910647 97659 23% 13 44614 3831  6%
c - 390.71 77 24 199 251236 5970349 97596 24% 13 44614 3831  6%
c W 392.63 77 25 199 254264 5995191 118643 23% 13 44614 3831  6%
c s 393.94 77 24 199 255574 6015118 134888 24% 13 44603 3831  6%
c v 394.04 77 24 199 255574 6015118 134888 24% 13 44324 3831  6%
c w 394.09 77 24 199 255574 6015118 134883 24% 13 44324 3831  6%
c t 394.09 77 24 199 255574 6015118 134882 24% 13 44324 3831  6%
c s 394.26 77 24 199 255574 6015118 134802 24% 13 44323 3831  6%
c - 395.12 77 24 200 256148 6030349 100492 24% 13 44323 3831  6%
c - 398.36 77 25 201 261859 6090649 101725 23% 13 44323 3831  6%
c F 398.97 77 24 201 262480 6105193 113382 23% 13 44323 3831  6%
c 3 399.72 77 24 201 263029 6125046 130153 23% 13 44323 3831  6%
c 3 399.72 77 24 201 263029 6125046 130502 23% 13 44323 3831  6%
c 2 399.73 77 24 201 263029 6125046 130501 23% 13 44323 3831  6%
c p 399.77 77 24 201 263029 6125046 131810 23% 13 44323 3831  6%
c - 400.89 77 24 202 263751 6151251 98027 24% 13 44323 3831  6%
c 
c  seconds    reductions          redundant   irredundant
c          MB       restarts             trail      variables
c           level          conflicts         glue        remaining
c 
c - 403.99 77 20 203 264288 6212153 92697 25% 12 44323 3831  6%
c B 404.26 77 19 203 264296 6216194 95120 25% 12 44323 3831  6%
c - 406.48 77 21 204 270242 6273356 101246 24% 12 44323 3831  6%
c s 408.49 77 21 204 274266 6318894 137399 22% 13 44317 3831  6%
c v 408.58 77 21 204 274266 6318894 137399 22% 13 44299 3831  6%
c w 408.66 77 21 204 274266 6318894 137391 22% 13 44299 3831  6%
c s 408.79 77 21 204 274266 6318894 137290 22% 13 44299 3831  6%
c W 410.63 77 21 204 274994 6328195 145465 22% 13 44299 3831  6%
c - 411.05 77 21 205 275620 6334856 101787 23% 13 44299 3831  6%
c 3 413.62 77 22 205 278184 6375047 136904 23% 12 44299 3831  6%
c p 413.68 77 22 205 278184 6375047 138368 23% 12 44299 3831  6%
c - 414.85 86 22 206 280255 6396656 102645 23% 13 44299 3831  6%
c # 417.52 86 23 206 285278 6441199 139892 22% 13 44299 3831  6%
c - 418.45 86 23 207 287282 6458756 104903 23% 13 44299 3831  6%
c - 421.78 86 24 208 295146 6521157 103914 21% 14 44299 3831  6%
c B 423.53 86 23 208 296369 6555200 132702 21% 13 44299 3831  6%
c - 424.62 86 22 209 297749 6583857 101898 21% 13 44299 3831  6%
c s 426.55 86 23 209 302300 6629666 140465 22% 14 44287 3831  6%
c v 426.66 86 23 209 302300 6629666 140465 22% 14 44282 3831  6%
c w 426.74 86 23 209 302300 6629666 140463 22% 14 44282 3831  6%
c 
c  seconds    reductions          redundant    irredundant
c          MB       restarts              trail      variables
c           level          conflicts          glue        remaining
c 
c t 426.75 86 23 209 302300 6629666 140462 22% 14 44282 3831  6%
c e 426.76 86 23 209 302300 6629666 140461 22% 14 44293 3830  6%
c s 426.90 86 23 209 302300 6629666 140410 22% 14 44293 3830  6%
c d 426.95 86 23 209 302300 6630049 140710 22% 14 44293 3829  6%
c 3 426.97 86 23 209 302300 6630049 141774 22% 14 44293 3829  6%
c p 427.03 86 23 209 302300 6630049 143088 22% 14 44293 3829  6%
c - 428.23 86 24 210 303182 6646858 105365 23% 14 44293 3829  6%
c W 429.74 86 23 210 304948 6670204 123743 23% 14 44293 3829  6%
c - 430.77 86 22 211 307519 6710159 98777 21% 13 44293 3829  6%
c - 433.64 86 23 212 310653 6773764 100059 22% 13 44293 3829  6%
c F 434.36 86 24 212 311498 6786206 110917 22% 13 44293 3829  6%
c - 436.91 86 21 213 312733 6837666 106008 24% 13 44293 3829  6%
c 3 439.08 86 19 213 317334 6890049 145873 23% 12 44293 3829  6%
c p 439.13 86 19 213 317334 6890049 147195 23% 12 44293 3829  6%
c - 439.67 86 20 214 319442 6901867 104107 23% 12 44293 3829  6%
c B 439.78 86 20 214 319661 6903207 105334 23% 12 44293 3829  6%
c s 441.52 86 20 214 323451 6947517 137821 22% 13 44289 3829  6%
c v 441.61 86 20 214 323451 6947517 137821 22% 13 44288 3829  6%
c w 441.69 86 20 214 323451 6947517 137816 22% 13 44288 3829  6%
c s 441.88 86 20 214 323451 6947517 137596 22% 13 44283 3829  6%
c 
c  seconds    reductions          redundant    irredundant
c          MB       restarts              trail      variables
c           level          conflicts          glue        remaining
c 
c e 441.89 86 20 214 323451 6947517 137596 22% 13 44296 3828  6%
c - 442.47 86 21 215 325478 6966368 107224 22% 13 44296 3828  6%
c W 445.73 86 21 215 329053 7021210 152009 21% 13 44296 3828  6%
c - 446.28 86 21 216 329708 7031169 104049 21% 13 44296 3828  6%
c - 449.37 86 22 217 335858 7096269 108617 22% 13 44296 3828  6%
c # 451.68 86 22 217 338126 7140211 146058 23% 13 44296 3828  6%
c 3 453.01 86 23 217 339972 7155051 160277 23% 13 44296 3828  6%
c p 453.09 86 23 217 339972 7155051 161642 23% 13 44296 3828  6%
c - 453.59 86 23 218 340995 7161670 111706 23% 13 44296 3828  6%
c - 458.43 92 25 219 347622 7227371 114985 23% 13 44296 3828  6%
c B 460.18 92 23 219 348516 7260212 140770 24% 13 44296 3828  6%
c s 460.85 92 22 219 348649 7272511 151207 23% 12 44282 3828  6%
c v 460.95 92 22 219 348649 7272511 151207 23% 12 44280 3828  6%
c w 461.07 92 22 219 348649 7272511 151197 23% 12 44280 3828  6%
c t 461.07 92 22 219 348649 7272511 151196 23% 12 44280 3828  6%
c e 461.08 92 22 219 348649 7272511 151193 23% 12 44294 3827  6%
c s 461.28 92 22 219 348649 7272511 151083 23% 12 44292 3827  6%
c - 462.80 92 22 220 350706 7293371 114456 23% 13 44292 3827  6%
c - 465.81 92 21 221 358405 7359673 112165 22% 13 44292 3827  6%
c W 468.33 92 22 221 359906 7381214 130978 24% 13 44292 3827  6%
c 
c  seconds    reductions          redundant    irredundant
c          MB       restarts              trail      variables
c           level          conflicts          glue        remaining
c 
c 3 470.72 92 23 221 364286 7425052 167791 23% 13 44292 3827  6%
c 3 470.72 92 23 221 364286 7425052 168123 23% 13 44292 3827  6%
c p 470.79 92 23 221 364286 7425052 169453 23% 13 44292 3827  6%
c - 471.02 92 23 222 364437 7426275 115645 23% 13 44292 3827  6%
c - 474.35 92 23 223 370737 7493176 113377 23% 13 44292 3827  6%
c F 474.89 92 23 223 371560 7503215 122279 22% 13 44292 3827  6%
c - 478.49 92 23 224 374851 7560376 117609 23% 13 44292 3827  6%
c s 480.47 92 23 224 377618 7604591 153703 23% 13 44286 3827  6%
c v 480.58 92 23 224 377618 7604591 153703 23% 13 44280 3827  6%
c w 480.70 92 23 224 377618 7604591 153697 23% 13 44280 3827  6%
c s 480.90 92 23 224 377618 7604591 153639 23% 13 44276 3827  6%
c B 482.13 92 23 224 379915 7626216 171142 23% 13 44276 3827  6%
c - 482.31 92 23 225 379990 7627876 116513 23% 13 44276 3827  6%
c - 485.28 92 22 226 384757 7695677 112325 22% 13 44276 3827  6%
c 3 485.42 92 22 226 385099 7700052 117021 22% 13 44276 3827  6%
c p 485.46 92 22 226 385099 7700052 118374 22% 13 44276 3827  6%
c W 488.67 92 21 226 389140 7750217 159032 23% 13 44276 3827  6%
c - 489.37 92 21 227 389748 7763777 114951 22% 13 44276 3827  6%
c - 493.03 92 22 228 396331 7832177 116937 21% 13 44276 3827  6%
c # 495.47 92 24 228 399433 7875219 154191 22% 13 44276 3827  6%
c 
c  seconds    reductions          redundant    irredundant
c          MB       restarts              trail      variables
c           level          conflicts          glue        remaining
c 
c - 496.64 92 23 229 401753 7900878 117912 22% 13 44276 3827  6%
c s 498.82 92 21 229 403643 7943687 151575 23% 13 44273 3827  6%
c v 498.93 92 21 229 403643 7943687 151575 23% 13 44262 3827  6%
c w 499.04 92 21 229 403643 7943687 151565 23% 13 44262 3827  6%
c s 499.29 92 21 229 403643 7943687 151477 23% 13 44262 3827  6%
c - 500.24 92 20 230 404544 7969878 116656 22% 12 44262 3827  6%
c 3 500.77 92 21 230 406801 7980052 125940 22% 13 44262 3827  6%
c p 500.83 92 21 230 406801 7980052 127215 22% 13 44262 3827  6%
c B 501.78 92 21 230 408409 8001220 144502 22% 13 44262 3827  6%
c - 504.65 92 22 231 412322 8039178 121534 23% 13 44262 3827  6%
c - 508.65 92 20 232 414983 8108780 121991 24% 12 44262 3827  6%
c W 511.02 92 22 232 418268 8128221 139158 24% 12 44262 3827  6%
c - 514.25 92 22 233 423627 8178680 128040 24% 13 44262 3827  6%
c } 514.96 92 23 233 425557 8191012 138270 24% 13 44262 3827  6%
c [ 514.96 92 62 233 425557 8191012 138270 54% 39 44262 3827  6%
c - 518.90 117 58 234 425562 8248880 129127 49% 36 44262 3827  6%
c W 520.61 117 57 234 425562 8256222 135872 48% 35 44262 3827  6%
c 3 521.44 117 56 234 425563 8265052 144943 48% 35 44262 3827  6%
c p 521.51 117 56 234 425563 8265052 146240 48% 35 44262 3827  6%
c s 523.93 117 57 234 425563 8289802 168913 47% 35 44259 3827  6%
c 
c  seconds     reductions          redundant    irredundant
c           MB       restarts              trail      variables
c            level          conflicts          glue        remaining
c 
c w 524.16 117 57 234 425563 8289802 168911 47% 35 44259 3827  6%
c s 524.39 117 57 234 425563 8289802 168868 47% 35 44259 3827  6%
c - 526.75 120 60 235 425563 8319381 129407 47% 36 44259 3827  6%
c O 534.64 120 65 235 425593 8385224 189016 49% 44 44259 3827  6%
c - 535.21 120 64 236 425594 8390181 126640 48% 42 44259 3827  6%
c - 542.19 95 65 237 425623 8461282 123950 46% 42 44259 3827  6%
c B 548.79 95 62 237 425626 8515225 172296 47% 42 44259 3827  6%
c - 550.20 120 64 238 425633 8532683 124980 47% 43 44259 3827  6%
c 3 552.18 120 65 238 425641 8555054 146034 47% 43 44259 3827  6%
c p 552.27 120 65 238 425641 8555054 147512 47% 43 44259 3827  6%
c - 557.40 120 64 239 425657 8604384 121999 48% 45 44259 3827  6%
c W 562.43 120 63 239 425678 8646226 156905 48% 46 44259 3827  6%
c - 565.84 120 62 240 425688 8676384 123811 48% 46 44259 3827  6%
c - 575.97 143 60 241 425690 8748684 122286 49% 48 44259 3827  6%
c I 579.94 143 59 241 425690 8778228 146798 49% 49 44259 3827  6%
c - 581.19 143 50 242 425691 8821284 125620 41% 40 44259 3827  6%
c p 582.28 143 44 242 425691 8850057 152423 37% 35 44259 3827  6%
c - 584.26 143 38 243 425691 8894184 121069 32% 31 44259 3827  6%
c B 585.15 143 35 243 425691 8911230 134499 30% 29 44259 3827  6%
c - 590.30 143 50 244 425714 8967384 126081 38% 38 44259 3827  6%
c 
c  seconds     reductions          redundant    irredundant
c           MB       restarts              trail      variables
c            level          conflicts          glue        remaining
c 
c - 600.70 143 58 245 425740 9040884 130658 45% 45 44259 3827  6%
c W 602.32 143 59 245 425743 9045234 134156 45% 45 44259 3827  6%
c - 611.00 143 58 246 425754 9114685 131003 47% 44 44259 3827  6%
c 3 615.37 143 58 246 425769 9150058 163270 48% 44 44259 3827  6%
c p 615.46 143 58 246 425769 9150058 164755 48% 44 44259 3827  6%
c O 618.14 143 55 246 425784 9180236 191868 45% 42 44259 3827  6%
c - 618.95 143 54 247 425785 9188786 136722 45% 40 44259 3827  6%
c - 624.29 143 60 248 425815 9263186 134658 45% 36 44259 3827  6%
c B 629.33 143 69 248 425817 9316237 184061 45% 43 44259 3827  6%
c - 631.52 98 72 249 425818 9337887 134119 46% 44 44259 3827  6%
c - 639.60 99 69 250 425833 9412891 136742 45% 44 44259 3827  6%
c W 642.55 99 61 250 425848 9453238 172064 41% 40 44259 3827  6%
c p 642.81 99 61 250 425849 9455059 176237 42% 40 44259 3827  6%
c - 646.68 93 61 251 425861 9488191 131566 44% 42 44259 3827  6%
c s 650.11 93 64 251 425874 9519110 158715 45% 44 44258 3827  6%
c v 650.37 93 64 251 425874 9519110 158715 45% 44 44249 3827  6%
c w 650.83 93 64 251 425874 9519110 158691 45% 44 44249 3827  6%
c t 650.83 93 64 251 425874 9519110 158690 45% 44 44249 3827  6%
c s 651.11 93 64 251 425874 9519110 158577 45% 44 44249 3827  6%
c - 656.52 124 65 252 425881 9563792 134698 47% 48 44249 3827  6%
c 
c  seconds     reductions          redundant    irredundant
c           MB       restarts              trail      variables
c            level          conflicts          glue        remaining
c 
c I 659.99 124 65 252 425885 9591239 158305 47% 50 44249 3827  6%
c - 664.92 151 63 253 425909 9639692 133757 46% 49 44249 3827  6%
c - 674.66 151 63 254 425935 9715893 131423 47% 50 44249 3827  6%
c B 676.18 151 63 254 425942 9730241 144714 47% 49 44249 3827  6%
c 3 679.97 151 63 254 425944 9765059 177158 47% 49 44249 3827  6%
c p 680.08 151 63 254 425944 9765059 178629 47% 49 44249 3827  6%
c - 683.48 151 61 255 425945 9792396 134589 47% 48 44249 3827  6%
c - 693.59 103 63 256 425946 9869198 140829 48% 48 44249 3827  6%
c W 694.70 103 63 256 425946 9870243 141789 48% 48 44249 3827  6%
c s 696.15 103 63 256 425946 9879309 150177 48% 48 44246 3827  6%
c w 696.39 103 63 256 425946 9879309 150163 48% 48 44246 3827  6%
c s 696.56 103 63 256 425946 9879309 150124 48% 48 44246 3827  6%
c - 703.57 98 58 257 425946 9946301 140217 47% 44 44246 3827  6%
c O 710.87 98 56 257 425947 10011245 200872 48% 41 44246 3827  6%
c - 711.93 129 53 258 425947 10023701 142230 46% 39 44246 3827  6%
c 3 716.11 129 42 258 425947 10080059 195908 41% 31 44246 3826  6%
c p 716.24 129 42 258 425947 10080059 197360 41% 31 44246 3826  6%
c - 718.17 98 39 259 425947 10101402 140120 38% 28 44246 3826  6%
c B 720.88 98 34 259 425947 10153246 187241 33% 25 44246 3826  6%
c - 723.51 117 45 260 425947 10179402 139573 38% 30 44246 3826  6%
c 
c  seconds     reductions           redundant    irredundant
c           MB       restarts               trail      variables
c            level          conflicts           glue        remaining
c 
c s 732.10 117 62 260 425947 10246563 203589 45% 41 44239 3826  6%
c w 732.35 117 62 260 425947 10246563 203580 45% 41 44239 3826  6%
c s 732.60 117 62 260 425947 10246563 203540 45% 41 44238 3826  6%
c - 734.37 157 62 261 425948 10257702 144906 45% 41 44238 3826  6%
c W 741.20 157 61 261 425948 10296251 178436 47% 41 44238 3826  6%
c - 747.20 117 60 262 425948 10336302 142060 48% 42 44238 3826  6%
c p 756.05 117 58 262 425948 10400063 197976 48% 44 44238 3826  6%
c - 758.47 129 58 263 425948 10415204 140718 49% 44 44238 3826  6%
c I 761.22 129 58 263 425948 10440254 162208 48% 44 44238 3826  6%
c - 766.15 129 59 264 425948 10494406 141971 47% 40 44238 3826  6%
c - 777.22 129 57 265 425948 10573906 145083 46% 40 44238 3826  6%
c B 778.50 129 58 265 425948 10585255 155427 46% 40 44238 3826  6%
c - 786.41 102 66 266 425948 10653707 146620 47% 46 44238 3826  6%
c 3 795.57 102 72 266 425948 10725065 213567 48% 51 44238 3826  6%
c p 795.71 102 72 266 425948 10725065 215004 48% 51 44238 3826  6%
c W 797.91 102 72 266 425948 10731256 220012 48% 51 44238 3826  6%
c - 798.43 102 72 267 425948 10733808 145266 48% 51 44238 3826  6%
c - 808.58 97 69 268 425963 10814209 140622 49% 53 44238 3826  6%
c O 815.99 97 67 268 425986 10878257 197127 50% 50 44238 3826  6%
c - 817.57 129 63 269 425994 10894909 143734 49% 46 44238 3826  6%
c 
c  seconds     reductions           redundant    irredundant
c           MB       restarts               trail      variables
c            level          conflicts           glue        remaining
c 
c - 827.51 100 51 270 426011 10975911 144673 48% 37 44238 3826  6%
c B 835.76 100 51 270 426033 11026259 190055 48% 37 44238 3826  6%
c 3 838.39 100 57 270 426042 11055067 217924 48% 39 44238 3826  6%
c p 838.52 100 57 270 426042 11055067 219351 48% 39 44238 3826  6%
c - 838.87 101 57 271 426042 11057215 149460 48% 39 44238 3826  6%
c - 847.74 97 61 272 426073 11138815 144012 48% 43 44238 3826  6%
c W 852.38 97 60 272 426074 11175261 176924 47% 43 44238 3826  6%
c - 858.04 128 58 273 426075 11220715 146885 49% 42 44238 3826  6%
c - 869.64 129 58 274 426104 11302917 143760 50% 44 44238 3826  6%
c I 871.77 129 57 274 426106 11325262 164572 49% 43 44238 3826  6%
c - 877.85 129 61 275 426134 11385418 147627 48% 43 44238 3826  6%
c p 878.61 129 61 275 426136 11390067 154390 48% 44 44238 3826  6%
c - 890.39 164 65 276 426151 11468219 150618 47% 48 44238 3826  6%
c B 891.76 164 65 276 426153 11476265 158081 47% 48 44238 3826  6%
c - 906.99 129 63 277 426182 11551320 157548 46% 47 44238 3826  6%
c W 918.32 129 64 277 426201 11628267 225218 48% 47 44238 3826  6%
c - 919.21 164 64 278 426201 11634722 151686 48% 47 44238 3826  6%
c - 931.71 129 66 279 426203 11718422 152015 49% 49 44238 3826  6%
c 3 933.28 129 66 279 426203 11730069 163472 49% 49 44238 3826  6%
c p 933.36 129 66 279 426203 11730069 164870 49% 49 44238 3826  6%
c 
c  seconds     reductions           redundant    irredundant
c           MB       restarts               trail      variables
c            level          conflicts           glue        remaining
c 
c O 941.58 129 65 279 426203 11781268 209261 49% 49 44238 3826  6%
c - 943.34 163 60 280 426203 11802423 154962 47% 44 44238 3826  6%
c - 950.94 129 55 281 426224 11886727 152506 46% 36 44238 3826  6%
c B 956.56 129 62 281 426238 11935271 198525 47% 40 44238 3826  6%
c - 961.92 163 64 282 426255 11971329 150903 48% 43 44238 3826  6%
c - 972.42 129 64 283 426273 12056232 153426 48% 42 44238 3826  6%
c 3 975.04 129 63 283 426281 12075071 171940 48% 43 44238 3826  6%
c p 975.14 129 63 283 426281 12075071 173282 48% 43 44238 3826  6%
c W 978.39 129 63 283 426288 12090272 187020 48% 42 44238 3826  6%
c - 985.57 133 62 284 426304 12141435 156645 47% 43 44238 3826  6%
c s 985.81 133 62 284 426304 12141435 156277 47% 43 44238 3826  6%
c w 986.37 133 62 284 426304 12141435 156249 47% 43 44238 3826  6%
c - 996.62 133 61 285 426329 12226935 153982 48% 42 44238 3826  6%
c I 999.10 133 60 285 426329 12246275 170956 49% 41 44238 3826  6%
c - 1007.92 106 60 286 426330 12312735 156584 50% 43 44238 3826  6%
c - 1020.33 101 61 287 426364 12398835 154986 47% 42 44238 3826  6%
c B 1020.60 101 61 287 426367 12403277 159184 47% 42 44238 3826  6%
c 3 1022.06 101 63 287 426376 12425071 180657 46% 41 44238 3826  6%
c p 1022.16 101 63 287 426376 12425071 182017 46% 41 44238 3826  6%
c s 1023.07 103 63 287 426379 12432610 188232 46% 41 44236 3826  6%
c 
c   seconds     reductions           redundant    irredundant
c            MB       restarts               trail      variables
c             level          conflicts           glue        remaining
c 
c - 1028.65 136 64 288 426393 12485237 156060 48% 42 44236 3826  6%
c W 1042.80 136 67 288 426418 12561278 222305 50% 49 44236 3826  6%
c - 1043.65 137 66 289 426423 12571938 155127 49% 47 44236 3826  6%
c - 1055.67 137 62 290 426454 12658939 149074 50% 46 44236 3826  6%
c O 1064.66 137 61 290 426457 12720279 202911 50% 47 44236 3826  6%
c - 1066.88 138 56 291 426457 12746239 152827 47% 41 44236 3826  6%
c p 1070.31 138 52 291 426458 12780074 187708 46% 37 44236 3826  6%
c - 1073.52 103 50 292 426458 12833842 157471 40% 34 44236 3826  6%
c B 1075.76 103 47 292 426458 12880281 200784 37% 31 44236 3826  6%
c - 1079.52 132 62 293 426459 12921743 158711 41% 36 44236 3826  6%
c - 1092.64 178 74 294 426459 13009943 162603 47% 45 44236 3826  6%
c W 1097.97 178 77 294 426459 13041283 192394 48% 48 44236 3826  6%
c - 1108.32 132 78 295 426459 13098444 162864 48% 53 44236 3826  6%
c 3 1115.07 132 79 295 426459 13140076 200787 48% 55 44236 3826  6%
c p 1115.19 132 79 295 426459 13140076 202173 48% 55 44236 3826  6%
c - 1122.54 172 76 296 426466 13187244 165458 49% 55 44236 3826  6%
c I 1124.64 172 77 296 426474 13203285 179372 49% 55 44236 3826  6%
c - 1134.68 132 74 297 426500 13276345 157807 49% 55 44236 3826  6%
c - 1148.88 167 71 298 426522 13365746 159306 49% 55 44236 3826  6%
c B 1148.97 167 71 298 426522 13366286 159787 49% 55 44236 3826  6%
c 
c   seconds     reductions           redundant    irredundant
c            MB       restarts               trail      variables
c             level          conflicts           glue        remaining
c 
c - 1160.74 132 74 299 426553 13455447 157763 50% 57 44236 3826  6%
c p 1168.51 132 73 299 426575 13505076 201273 50% 57 44236 3826  6%
c W 1173.75 132 72 299 426584 13530287 222938 50% 57 44236 3826  6%
c - 1176.99 167 71 300 426585 13545448 156932 50% 56 44236 3826  6%
c - 1190.96 132 66 301 426586 13635748 157292 49% 54 44236 3826  6%
c O 1198.84 132 68 301 426613 13695288 210423 49% 51 44236 3826  6%
c - 1202.28 171 62 302 426617 13726348 164762 48% 46 44236 3826  6%
c - 1213.85 132 55 303 426649 13817248 159311 47% 41 44236 3826  6%
c B 1219.72 132 53 303 426661 13861290 199496 46% 39 44236 3826  6%
c 3 1220.98 132 54 303 426664 13875080 213511 46% 38 44236 3826  6%
c p 1221.11 132 54 303 426664 13875080 214907 46% 38 44236 3826  6%
c - 1225.49 169 58 304 426679 13908448 165935 47% 40 44236 3826  6%
c - 1234.86 133 59 305 426711 13999949 167672 45% 38 44236 3826  6%
c W 1239.02 133 58 305 426712 14028293 193296 46% 38 44236 3826  6%
c - 1247.22 166 57 306 426713 14091750 167422 46% 39 44236 3826  6%
c s 1247.54 166 57 306 426713 14091750 166867 46% 39 44236 3826  6%
c v 1247.80 166 57 306 426713 14091750 166867 46% 39 44235 3826  6%
c w 1248.17 166 57 306 426713 14091750 166824 46% 39 44235 3826  6%
c s 1248.51 166 57 306 426713 14091750 166577 46% 39 44233 3826  6%
c - 1262.77 133 58 307 426714 14183851 164020 45% 44 44233 3826  6%
c 
c   seconds     reductions           redundant    irredundant
c            MB       restarts               trail      variables
c             level          conflicts           glue        remaining
c 
c I 1264.56 133 59 307 426714 14196295 175636 45% 46 44233 3826  6%
c 3 1268.44 133 56 307 426720 14250080 227002 41% 39 44233 3826  6%
c p 1268.58 133 56 307 426720 14250080 228391 41% 39 44233 3826  6%
c - 1271.44 135 59 308 426730 14276253 167705 43% 40 44233 3826  6%
c B 1283.27 135 62 308 426766 14365297 243808 46% 46 44233 3826  6%
c - 1283.71 169 63 309 426767 14368955 160809 47% 46 44233 3826  6%
c - 1295.83 135 64 310 426790 14461955 160252 48% 47 44233 3826  6%
c W 1309.04 135 63 310 426815 14535300 222072 48% 48 44233 3826  6%
c - 1312.17 169 64 311 426823 14555255 164283 47% 48 44233 3826  6%
c p 1324.41 169 67 311 426840 14630082 229078 46% 52 44233 3826  6%
c - 1328.12 135 67 312 426841 14648856 160884 46% 53 44233 3826  6%
c O 1337.02 135 67 312 426841 14706302 206914 46% 54 44233 3826  6%
c - 1339.01 168 56 313 426858 14742756 168104 40% 45 44233 3826  6%
c - 1346.77 135 47 314 426895 14836959 169351 40% 34 44233 3826  6%
c B 1350.19 135 45 314 426904 14878303 206188 41% 32 44233 3826  6%
c - 1356.31 136 42 315 426918 14931462 169068 43% 29 44233 3826  6%
c 3 1367.28 136 37 315 426949 15015082 245384 43% 27 44233 3826  6%
c p 1367.45 136 37 315 426949 15015082 246726 43% 27 44233 3826  6%
c - 1369.30 168 36 316 426953 15026263 172443 43% 27 44233 3826  6%
c W 1372.60 168 34 316 426965 15051305 192880 41% 26 44233 3826  6%
c 
c   seconds     reductions           redundant    irredundant
c            MB       restarts               trail      variables
c             level          conflicts           glue        remaining
c 
c - 1381.94 168 33 317 426968 15121364 178462 44% 24 44233 3826  6%
c - 1397.59 168 32 318 426969 15216764 182264 46% 23 44233 3826  6%
c I 1399.05 168 32 318 426969 15225306 190157 47% 23 44233 3826  6%
c - 1407.20 168 43 319 426970 15312464 179542 46% 29 44233 3826  6%
c B 1418.39 168 52 319 426970 15400307 262464 46% 35 44233 3826  6%
c p 1419.05 168 52 319 426970 15405082 269369 46% 35 44233 3826  6%
c - 1419.47 168 53 320 426970 15408464 181825 46% 35 44233 3826  6%
c - 1429.73 206 64 321 426970 15504764 175474 47% 44 44233 3826  6%
c W 1439.91 206 68 321 426971 15576310 243237 48% 49 44233 3826  6%
c - 1444.63 215 67 322 426971 15601364 176489 48% 50 44233 3826  6%
c - 1459.51 168 68 323 426971 15698266 177641 47% 52 44233 3826  6%
c O 1469.75 168 68 323 426971 15753312 221308 48% 55 44233 3826  6%
c - 1473.05 168 54 324 426971 15795467 177986 42% 42 44233 3826  6%
c 3 1473.53 168 54 324 426971 15800083 183561 42% 41 44233 3826  6%
c p 1473.62 168 54 324 426971 15800083 184912 42% 41 44233 3826  6%
c - 1487.19 168 54 325 426971 15892970 174303 48% 40 44233 3826  6%
c B 1493.57 168 53 325 426971 15931314 209789 47% 39 44233 3826  6%
c - 1504.07 116 48 326 426971 15990771 178777 48% 35 44233 3826  6%
c - 1518.69 116 42 327 426971 16088871 182863 46% 31 44233 3826  6%
c s 1519.00 118 42 327 426971 16088871 182302 46% 31 44233 3826  6%
c 
c   seconds     reductions           redundant    irredundant
c            MB       restarts               trail      variables
c             level          conflicts           glue        remaining
c 
c w 1519.73 118 42 327 426971 16088871 182293 46% 31 44233 3826  6%
c W 1523.76 118 45 327 426972 16110317 202288 47% 33 44233 3826  6%
c - 1534.76 122 56 328 426972 16187275 178061 46% 42 44233 3826  6%
c 3 1536.68 122 56 328 426972 16200083 190660 46% 43 44233 3826  6%
c p 1536.79 122 56 328 426972 16200083 191999 46% 43 44233 3826  6%
c - 1548.88 121 60 329 426972 16285977 176265 44% 47 44233 3826  6%
c I 1549.72 121 60 329 426972 16290318 180227 44% 47 44233 3826  6%
c ] 1563.74 121 67 329 426972 16383013 265873 49% 52 44233 3826  6%
c { 1563.74 121 23 329 426972 16383013 265873 24% 13 44233 3826  6%
c - 1564.17 126 23 330 427030 16384977 177517 24% 13 44233 3826  6%
c s 1567.98 127 22 330 432218 16434025 217833 22% 13 44231 3826  6%
c F 1571.03 127 22 330 433823 16471320 249083 22% 13 44231 3826  6%
c - 1572.35 95 22 331 435095 16484277 170906 22% 13 44231 3826  6%
c - 1580.59 113 23 332 443349 16583877 172982 22% 13 44231 3826  6%
c 3 1581.62 113 23 332 444523 16605084 191623 22% 13 44231 3826  6%
c 2 1581.64 113 23 332 444523 16605084 191622 22% 13 44231 3826  6%
c p 1581.68 113 23 332 444523 16605084 192909 22% 13 44231 3826  6%
c B 1584.61 113 23 332 448983 16653321 231666 22% 14 44231 3826  6%
c - 1587.16 130 23 333 450885 16683777 174298 23% 14 44231 3826  6%
c - 1593.13 130 22 334 456021 16783977 173224 22% 14 44231 3826  6%
c 
c   seconds     reductions           redundant    irredundant
c            MB       restarts               trail      variables
c             level          conflicts           glue        remaining
c 
c s 1595.62 130 22 334 457834 16829515 210305 22% 13 44229 3826  6%
c w 1596.10 130 22 334 457834 16829515 210292 22% 13 44229 3826  6%
c s 1596.52 130 22 334 457834 16829515 210182 22% 13 44229 3826  6%
c W 1598.41 130 22 334 458573 16836323 216420 23% 13 44229 3826  6%
c - 1601.28 130 23 335 462630 16884479 176227 23% 14 44229 3826  6%
c - 1606.44 130 21 336 467731 16985279 174676 25% 13 44229 3826  6%
c 3 1608.14 130 19 336 467879 17015084 196978 26% 12 44229 3826  6%
c p 1608.21 130 19 336 467879 17015084 198157 26% 12 44229 3826  6%
c # 1608.66 130 19 336 468430 17020324 202797 26% 12 44229 3826  6%
c - 1611.32 130 19 337 471146 17086379 170842 24% 12 44229 3826  6%
c - 1616.94 130 21 338 482406 17187779 179294 22% 13 44229 3826  6%
c B 1617.96 130 22 338 484100 17205328 194399 22% 13 44229 3826  6%
c s 1620.28 130 20 338 484662 17232062 213059 24% 13 44224 3826  6%
c w 1620.57 130 20 338 484662 17232062 213050 24% 13 44224 3826  6%
c s 1620.94 130 20 338 484662 17232062 212909 24% 13 44224 3826  6%
c - 1624.74 130 16 339 484774 17289481 169271 26% 11 44224 3826  6%
c i 1624.82 130 16 339 484774 17290439 169696 26% 11 44224 3824  6%
c W 1634.25 130 22 339 500430 17391330 200776 24% 13 44214 3824  6%
c - 1634.29 130 22 340 500467 17391482 163846 24% 13 44214 3824  6%
c d 1636.99 130 22 340 503868 17430086 195368 23% 13 44214 3821  6%
c 
c   seconds     reductions           redundant    irredundant
c            MB       restarts               trail      variables
c             level          conflicts           glue        remaining
c 
c 2 1637.01 130 22 340 503868 17430086 196716 23% 13 44214 3821  6%
c p 1637.08 130 22 340 503868 17430086 197849 23% 13 44214 3821  6%
c - 1642.09 130 22 341 508337 17493783 177140 21% 13 44214 3821  6%
c F 1647.60 130 22 341 514514 17578331 247562 22% 13 44214 3821  6%
c - 1649.10 130 22 342 515854 17596383 179793 22% 13 44214 3821  6%
c s 1653.32 130 22 342 520232 17641651 214939 22% 13 44167 3821  6%
c v 1653.44 130 22 342 520232 17641651 214939 22% 13 44166 3821  6%
c w 1653.64 130 22 342 520232 17641651 214916 22% 13 44166 3821  6%
c t 1653.64 130 22 342 520232 17641651 214914 22% 13 44166 3821  6%
c e 1653.65 130 22 342 520232 17641651 213827 22% 13 44185 3819  6%
c s 1654.18 130 22 342 520232 17641651 213212 22% 13 44185 3819  6%
c - 1658.19 130 23 343 523963 17699284 189283 24% 13 44185 3819  6%
c B 1663.72 130 24 343 529288 17766333 246433 24% 13 44185 3819  6%
c - 1668.77 130 25 344 532958 17802486 187993 25% 13 44185 3819  6%
c p 1673.15 130 26 344 536630 17850086 232118 25% 14 44185 3818  6%
c - 1679.86 134 26 345 541845 17905986 191735 24% 14 44185 3818  6%
c W 1683.63 134 23 345 543278 17955334 229098 24% 13 44185 3818  6%
c - 1689.76 134 24 346 547826 18009786 187569 25% 13 44185 3818  6%
c s 1693.14 134 24 346 551770 18058462 227180 24% 13 44173 3818  6%
c v 1693.29 134 24 346 551770 18058462 227180 24% 13 44170 3818  6%
c 
c   seconds     reductions           redundant    irredundant
c            MB       restarts               trail      variables
c             level          conflicts           glue        remaining
c 
c w 1693.51 134 24 346 551770 18058462 227163 24% 13 44170 3818  6%
c s 1694.09 134 24 346 551770 18058462 227031 24% 13 44168 3818  6%
c - 1697.56 134 22 347 553293 18113886 188669 23% 13 44168 3818  6%
c # 1698.72 134 21 347 554852 18145337 212914 23% 13 44168 3818  6%
c - 1706.25 134 23 348 560480 18218286 186693 25% 13 44168 3818  6%
c 3 1711.37 134 24 348 564992 18275087 237060 25% 13 44168 3818  6%
c p 1711.47 134 24 348 564992 18275087 238086 25% 13 44168 3818  6%
c - 1714.31 134 24 349 568137 18322988 188677 23% 13 44168 3818  6%
c B 1715.03 134 23 349 568953 18336338 199408 23% 13 44168 3818  6%
c - 1721.47 134 22 350 576477 18427988 189855 22% 13 44168 3818  6%
c s 1726.18 134 23 350 581818 18482317 235488 23% 13 44164 3818  6%
c v 1726.34 134 23 350 581818 18482317 235488 23% 13 44156 3818  6%
c w 1726.54 134 23 350 581818 18482317 235481 23% 13 44156 3818  6%
c e 1726.56 134 23 350 581818 18482317 235451 23% 13 44167 3817  6%
c s 1727.09 134 23 350 581818 18482317 235380 23% 13 44165 3817  6%
c W 1730.60 134 22 350 582978 18528339 273870 23% 13 44165 3817  6%
c - 1730.98 134 22 351 583198 18533288 192544 23% 13 44165 3817  6%
c - 1738.07 134 21 352 593590 18638888 191133 22% 14 44165 3817  6%
c 3 1743.16 134 22 352 598614 18705087 245960 21% 14 44165 3817  6%
c p 1743.29 134 22 352 598614 18705087 246999 21% 14 44165 3817  6%
c 
c   seconds     reductions           redundant    irredundant
c            MB       restarts               trail      variables
c             level          conflicts           glue        remaining
c 
c F 1744.37 134 22 352 600805 18721340 261020 21% 14 44165 3817  6%
c - 1746.71 134 22 353 601451 18744790 190044 22% 14 44165 3817  6%
c - 1756.05 134 24 354 609924 18850992 191838 22% 14 44165 3817  6%
c s 1760.96 134 23 354 613350 18913270 243984 23% 13 44159 3817  6%
c v 1761.10 134 23 354 613350 18913270 243984 23% 13 44158 3817  6%
c w 1761.33 134 23 354 613350 18913270 243979 23% 13 44158 3817  6%
c e 1761.35 134 23 354 613350 18913270 243979 23% 13 44169 3816  6%
c s 1761.83 134 23 354 613350 18913270 243918 23% 13 44166 3816  6%
c B 1761.93 134 23 354 613350 18915342 245578 23% 13 44166 3816  6%
c - 1765.26 134 23 355 617140 18957492 196339 22% 13 44166 3816  6%
c - 1773.89 134 23 356 623447 19064292 196639 24% 13 44166 3816  6%
c W 1777.27 134 22 356 625337 19110343 233904 24% 13 44166 3816  6%
c p 1779.94 134 22 356 626706 19140087 261495 24% 13 44166 3816  6%
c - 1781.81 134 22 357 631712 19171394 193895 23% 13 44166 3816  6%
c - 1789.52 134 22 358 638014 19278795 193769 23% 13 44166 3816  6%
c # 1791.40 134 22 358 639311 19306344 217404 24% 13 44166 3816  6%
c s 1796.50 134 23 358 642163 19351338 256299 25% 13 44161 3816  6%
c w 1796.89 134 23 358 642163 19351338 256297 25% 13 44161 3816  6%
c s 1797.37 134 23 358 642163 19351338 256169 25% 13 44159 3816  6%
c - 1800.56 135 22 359 643718 19386496 199482 25% 13 44159 3816  6%
c 
c   seconds     reductions           redundant    irredundant
c            MB       restarts               trail      variables
c             level          conflicts           glue        remaining
c 
c - 1807.70 135 23 360 654367 19494496 199861 24% 13 44159 3816  6%
c B 1808.00 135 22 360 656004 19503345 207222 23% 14 44159 3816  6%
c 3 1813.00 135 23 360 664716 19580088 271891 22% 14 44159 3816  6%
c p 1813.12 135 23 360 664716 19580088 272922 22% 14 44159 3816  6%
c - 1815.26 135 23 361 666083 19602798 194635 23% 14 44159 3816  6%
c W 1821.39 135 22 361 672084 19701347 276463 21% 14 44159 3816  6%
c - 1822.37 135 22 362 672472 19711398 194096 21% 14 44159 3816  6%
c s 1829.91 135 22 362 677198 19796443 264573 23% 13 44154 3816  6%
c v 1830.06 135 22 362 677198 19796443 264573 23% 13 44153 3816  6%
c w 1830.28 135 22 362 677198 19796443 264568 23% 13 44153 3816  6%
c s 1830.72 135 22 362 677198 19796443 264489 23% 13 44153 3816  6%
c - 1832.97 135 22 363 678725 19820298 196906 24% 13 44153 3816  6%
c F 1838.62 135 22 363 683746 19900348 264934 24% 13 44153 3816  6%
c - 1842.24 135 23 364 686388 19929499 201982 24% 13 44153 3816  6%
c 3 1848.77 135 22 364 693126 20025088 281181 23% 13 44153 3816  6%
c 3 1848.78 135 22 364 693126 20025088 281588 23% 13 44153 3816  6%
c p 1848.90 135 22 364 693126 20025088 282634 23% 13 44153 3816  6%
c - 1849.49 135 21 365 693245 20039006 199298 23% 13 44153 3816  6%
c B 1854.72 135 23 365 697522 20100351 252634 24% 13 44153 3816  6%
c - 1859.41 135 24 366 702155 20148806 206308 24% 13 44153 3816  6%
c 
c   seconds     reductions           redundant    irredundant
c            MB       restarts               trail      variables
c             level          conflicts           glue        remaining
c 
c s 1867.19 135 22 366 708440 20248588 287406 23% 13 44147 3816  6%
c v 1867.35 135 22 366 708440 20248588 287406 23% 13 44146 3816  6%
c w 1867.61 135 22 366 708440 20248588 287397 23% 13 44146 3816  6%
c e 1867.63 135 22 366 708440 20248588 286011 23% 13 44162 3815  6%
c s 1868.21 135 22 366 708440 20248588 285896 23% 13 44162 3815  6%
c - 1869.34 135 22 367 708843 20258906 202742 23% 13 44162 3815  6%
c W 1872.97 135 22 367 713092 20301352 238551 23% 13 44162 3815  6%
c i 1876.75 135 21 367 717863 20357405 286519 23% 13 44162 3814  6%
c - 1879.40 135 22 368 719507 20369307 200954 23% 13 44158 3814  6%
c 3 1887.93 135 22 368 726253 20475088 291739 22% 13 44158 3814  6%
c p 1888.06 135 22 368 726253 20475088 292755 22% 13 44158 3814  6%
c - 1888.29 135 22 369 727484 20480007 204852 22% 13 44158 3814  6%
c # 1889.68 135 22 369 729337 20503353 224238 22% 13 44158 3814  6%
c - 1897.17 135 23 370 737344 20591008 202970 22% 14 44158 3814  6%
c - 1905.64 135 23 371 743859 20702308 205422 23% 14 44158 3814  6%
c B 1906.01 135 24 371 744191 20706355 208970 23% 14 44158 3814  6%
c s 1906.62 135 24 371 744231 20707888 210072 23% 14 44142 3814  6%
c v 1906.76 135 24 371 744231 20707888 210072 23% 14 44141 3814  6%
c w 1906.96 135 24 371 744231 20707888 210064 23% 14 44141 3814  6%
c e 1906.97 135 24 371 744231 20707888 210031 23% 14 44152 3813  6%
c 
c   seconds     reductions           redundant    irredundant
c            MB       restarts               trail      variables
c             level          conflicts           glue        remaining
c 
c s 1907.47 135 24 371 744231 20707888 209937 23% 14 44149 3813  6%
c - 1915.59 135 23 372 750243 20813910 209515 23% 13 44149 3813  6%
c W 1924.44 135 23 372 759553 20910358 288937 22% 14 44149 3813  6%
c - 1925.88 135 23 373 760677 20925812 208566 22% 14 44149 3813  6%
c 3 1926.10 135 23 373 760790 20930088 213262 22% 14 44149 3813  6%
c 2 1926.12 135 23 373 760790 20930088 213261 22% 14 44149 3813  6%
c p 1926.19 135 23 373 760790 20930088 214280 22% 14 44149 3813  6%
c - 1934.03 135 22 374 766181 21038012 205929 22% 14 44149 3813  6%
c F 1938.16 135 21 374 771981 21115363 272542 23% 13 44149 3813  6%
c - 1940.33 136 21 375 774041 21150512 209164 23% 13 44149 3813  6%
c s 1941.80 136 21 375 776444 21174296 227107 21% 13 44122 3813  6%
c v 1941.96 136 21 375 776444 21174296 227107 21% 13 44118 3813  6%
c w 1942.18 136 21 375 776444 21174296 227107 21% 13 44118 3813  6%
c e 1942.19 136 21 375 776444 21174296 226242 21% 13 44142 3811  6%
c s 1942.62 136 21 375 776444 21174296 226176 21% 13 44135 3811  6%
c - 1949.33 136 22 376 782202 21263313 208487 23% 13 44135 3811  6%
c B 1953.66 136 22 376 784950 21321364 257404 24% 13 44135 3811  6%
c - 1958.85 136 22 377 789124 21376413 210871 23% 13 44135 3811  6%
c p 1959.79 136 22 377 789341 21390088 224140 23% 13 44135 3811  6%
c - 1966.14 137 21 378 797765 21489813 210741 23% 13 44135 3811  6%
c 
c   seconds     reductions           redundant    irredundant
c            MB       restarts               trail      variables
c             level          conflicts           glue        remaining
c 
c W 1969.97 137 22 378 801851 21528366 243417 22% 13 44135 3811  6%
c - 1977.48 137 23 379 805989 21603514 214723 23% 13 44135 3811  6%
c s 1980.45 137 22 379 809996 21647810 250108 23% 14 44133 3811  6%
c v 1980.61 137 22 379 809996 21647810 250108 23% 14 44119 3811  6%
c w 1980.90 137 22 379 809996 21647810 250098 23% 14 44119 3811  6%
c t 1980.90 137 22 379 809996 21647810 250097 23% 14 44119 3811  6%
c e 1980.92 137 22 379 809996 21647810 247749 23% 14 44148 3809  6%
c s 1981.49 137 22 379 809996 21647810 247630 23% 14 44135 3809  6%
c - 1988.98 137 22 380 813807 21717516 213173 23% 13 44135 3809  6%
c # 1990.26 137 23 380 817220 21736367 228970 23% 14 44135 3809  6%
c - 1999.45 137 23 381 822035 21831817 214774 25% 13 44135 3809  6%
c 3 2000.91 137 23 381 825289 21855089 234694 24% 13 44135 3809  6%
c p 2001.00 137 23 381 825289 21855089 235595 24% 13 44135 3809  6%
c B 2008.69 137 23 381 831264 21945368 312689 23% 14 44135 3809  6%
c - 2009.06 137 23 382 831400 21946417 216727 23% 14 44135 3809  6%
c - 2017.90 137 22 383 838556 22061317 214219 22% 13 44135 3809  6%
c s 2026.28 137 24 383 845939 22128494 271983 23% 14 44120 3809  6%
c w 2026.78 137 24 383 845939 22128494 271977 23% 14 44120 3809  6%
c s 2027.41 137 24 383 845939 22128494 271845 23% 14 44120 3809  6%
c W 2030.21 137 24 383 847786 22155369 294435 23% 14 44120 3809  6%
c 
c   seconds     reductions           redundant    irredundant
c            MB       restarts               trail      variables
c             level          conflicts           glue        remaining
c 
c - 2033.01 137 24 384 849589 22176519 219155 24% 14 44120 3809  6%
c - 2041.85 139 23 385 856742 22292021 217861 24% 14 44120 3809  6%
c 3 2044.50 139 23 385 858098 22325089 245840 24% 13 44120 3809  6%
c p 2044.61 139 23 385 858098 22325089 246753 24% 13 44120 3809  6%
c F 2047.70 139 24 385 860877 22366370 281800 23% 14 44120 3809  6%
c - 2051.65 139 24 386 863208 22407823 218847 24% 13 44120 3809  6%
c - 2061.02 139 24 387 875568 22523924 218926 23% 14 44120 3809  6%
c B 2065.22 139 23 387 877409 22578372 264779 23% 14 44120 3809  6%
c s 2069.13 139 23 387 880274 22616180 297090 23% 14 44111 3809  6%
c v 2069.30 139 23 387 880274 22616180 297090 23% 14 44107 3809  6%
c w 2069.62 139 23 387 880274 22616180 297082 23% 14 44107 3809  6%
c s 2070.20 139 23 387 880274 22616180 296992 23% 14 44107 3809  6%
c - 2072.68 139 23 388 881100 22640324 220455 24% 14 44107 3809  6%
c - 2082.85 139 24 389 888382 22757024 223385 24% 14 44107 3809  6%
c W 2086.13 139 24 389 890957 22791373 251736 24% 14 44107 3809  6%
c p 2086.82 139 24 389 891410 22800091 260827 24% 14 44107 3809  6%
c - 2093.86 145 23 390 894858 22874025 222089 24% 13 44107 3809  6%
c - 2104.01 145 23 391 903167 22991325 224015 23% 13 44107 3809  6%
c # 2104.49 145 22 391 903863 23005376 234571 22% 13 44107 3809  6%
c - 2115.68 145 24 392 913173 23108926 225815 24% 14 44107 3809  6%
c 
c   seconds     reductions           redundant    irredundant
c            MB       restarts               trail      variables
c             level          conflicts           glue        remaining
c 
c s 2116.32 145 24 392 913187 23110874 227106 24% 14 44098 3809  6%
c v 2116.47 145 24 392 913187 23110874 227106 24% 14 44097 3809  6%
c w 2116.75 145 24 392 913187 23110874 227103 24% 14 44097 3809  6%
c e 2116.76 145 24 392 913187 23110874 226748 24% 14 44113 3808  6%
c s 2116.83 145 24 392 913187 23110874 226748 24% 14 44113 3808  6%
c B 2123.36 145 22 392 921822 23220379 317451 23% 13 44113 3808  6%
c - 2124.32 145 22 393 922098 23226827 220952 23% 13 44113 3808  6%
c 3 2128.60 145 23 393 926796 23280091 268463 23% 14 44113 3808  6%
c 2 2128.63 145 23 393 926796 23280091 268461 23% 14 44113 3808  6%
c p 2128.73 145 23 393 926796 23280091 269389 23% 14 44113 3808  6%
c - 2133.08 145 23 394 930663 23345027 224326 24% 13 44113 3808  6%
c W 2143.95 145 24 394 939079 23436380 303690 24% 14 44113 3808  6%
c - 2146.84 147 24 395 940942 23463527 227565 23% 14 44113 3808  6%
c - 2160.38 170 25 396 948952 23582328 232841 24% 14 44113 3808  6%
c s 2162.86 170 24 396 950282 23612717 258709 24% 14 44109 3808  6%
c w 2163.35 170 24 396 950282 23612717 258702 24% 14 44109 3808  6%
c t 2163.36 170 24 396 950282 23612717 258701 24% 14 44109 3808  6%
c s 2163.46 170 24 396 950282 23612717 258637 24% 14 44109 3808  6%
c F 2167.07 170 23 396 951419 23653382 294004 24% 13 44109 3808  6%
c - 2173.06 104 24 397 955406 23701429 233648 24% 14 44109 3808  6%
c 
c   seconds     reductions           redundant    irredundant
c            MB       restarts               trail      variables
c             level          conflicts           glue        remaining
c 
c 3 2177.82 104 22 397 959417 23765092 288138 25% 13 44109 3808  6%
c p 2177.95 104 22 397 959417 23765092 289045 25% 13 44109 3808  6%
c - 2184.10 125 23 398 964234 23820829 229816 24% 14 44109 3808  6%
c B 2187.31 125 24 398 969299 23871389 272760 24% 14 44109 3808  6%
c - 2193.03 125 23 399 973423 23940530 231216 23% 14 44109 3808  6%
c - 2202.83 125 23 400 979911 24060531 228975 24% 14 44109 3808  6%
c W 2206.22 125 23 400 983674 24090390 254335 23% 14 44109 3808  6%
c s 2208.90 125 24 400 985426 24121610 280613 23% 14 44096 3808  6%
c w 2209.44 125 24 400 985426 24121610 280606 23% 14 44096 3808  6%
c s 2209.53 125 24 400 985426 24121610 280601 23% 14 44096 3808  6%
c - 2217.06 147 24 401 989847 24180837 231841 26% 14 44096 3808  6%
c 3 2222.73 147 23 401 996498 24255092 293985 24% 14 44096 3808  6%
c 2 2222.76 147 23 401 996498 24255092 293984 24% 14 44096 3808  6%
c p 2222.86 147 23 401 996498 24255092 294895 24% 14 44096 3808  6%
c - 2227.13 147 23 402 998101 24301439 230849 26% 14 44096 3808  6%
c # 2227.56 147 23 402 998826 24310392 238721 25% 14 44096 3808  6%
c - 2238.32 147 23 403 1004461 24422339 236551 25% 13 44096 3808  6%
c B 2248.44 147 23 403 1011106 24531393 329335 25% 13 44096 3808  6%
c - 2252.32 147 25 404 1012754 24543544 237476 25% 13 44096 3808  6%
c s 2261.09 147 22 404 1018436 24637509 317176 24% 13 44095 3808  6%
c 
c   seconds     reductions            redundant    irredundant
c            MB        restarts               trail      variables
c             level           conflicts           glue        remaining
c 
c v 2261.28 147 22 404 1018436 24637509 317176 24% 13 44082 3808  6%
c w 2262.03 147 22 404 1018436 24637509 317163 24% 13 44082 3808  6%
c t 2262.04 147 22 404 1018436 24637509 317162 24% 13 44082 3808  6%
c s 2262.34 147 22 404 1018436 24637509 317125 24% 13 44082 3808  6%
c - 2264.68 147 22 405 1020102 24665047 236222 23% 13 44082 3808  6%
c 3 2271.89 147 22 405 1026078 24750096 308022 23% 13 44082 3808  6%
c 3 2271.89 147 22 405 1026078 24750096 308485 23% 13 44082 3808  6%
c p 2272.05 147 22 405 1026078 24750096 309386 23% 13 44082 3808  6%
c W 2273.53 147 22 405 1026888 24753395 312294 23% 13 44082 3808  6%
c - 2278.40 147 23 406 1029676 24786848 233862 24% 13 44082 3808  6%
c - 2290.85 152 23 407 1037632 24908948 237361 22% 13 44082 3808  6%
c F 2295.78 152 23 407 1043275 24976396 294284 23% 13 44082 3808  6%
c - 2304.55 152 24 408 1049726 25031350 238499 23% 14 44082 3808  6%
c - 2315.48 152 25 409 1059376 25154053 238750 23% 14 44082 3808  6%
c s 2316.49 152 25 409 1059991 25160406 243614 23% 14 44075 3808  6%
c w 2316.97 152 25 409 1059991 25160406 243608 23% 14 44075 3808  6%
c s 2317.12 152 25 409 1059991 25160406 243596 23% 14 44074 3808  6%
c B 2322.47 152 25 409 1062046 25200397 279909 25% 14 44074 3808  6%
c 3 2328.69 152 24 409 1064744 25250096 324752 25% 14 44074 3808  6%
c p 2328.86 152 24 409 1064744 25250096 325641 25% 14 44074 3808  6%
c 
c   seconds     reductions            redundant    irredundant
c            MB        restarts               trail      variables
c             level           conflicts           glue        remaining
c 
c - 2333.57 153 24 410 1066234 25277053 246356 25% 13 44074 3808  6%
c - 2347.07 153 24 411 1077665 25400353 247432 25% 14 44074 3808  6%
c W 2350.06 153 24 411 1078869 25425401 267829 24% 14 44074 3808  6%
c - 2358.69 153 23 412 1085239 25523953 241836 23% 14 44074 3808  6%
c - 2371.63 153 24 413 1091604 25647853 242400 25% 13 44074 3808  6%
c # 2371.75 153 23 413 1091604 25651403 245732 24% 13 44074 3808  6%
c s 2377.04 153 24 413 1094859 25690331 279698 24% 14 44074 3808  6%
c v 2377.24 153 24 413 1094859 25690331 279698 24% 14 44066 3808  6%
c w 2377.60 153 24 413 1094859 25690331 279690 24% 14 44066 3808  6%
c t 2377.61 153 24 413 1094859 25690331 279689 24% 14 44066 3808  6%
c s 2377.76 153 24 413 1094859 25690331 279684 24% 14 44066 3808  6%
c 3 2381.45 153 22 413 1098780 25755097 331661 22% 14 44066 3808  6%
c 3 2381.46 153 22 413 1098780 25755097 332113 22% 14 44066 3808  6%
c p 2381.62 153 22 413 1098780 25755097 333011 22% 14 44066 3808  6%
c - 2383.74 153 22 414 1099450 25772055 239476 23% 14 44066 3808  6%
c B 2392.25 153 23 414 1107343 25878404 331322 24% 13 44066 3808  6%
c - 2394.80 153 23 415 1109728 25896555 241302 24% 13 44066 3808  6%
c - 2406.85 153 24 416 1119375 26021356 244102 24% 14 44066 3808  6%
c W 2413.94 153 23 416 1124088 26106406 316628 23% 14 44066 3808  6%
c - 2416.52 153 22 417 1124916 26146456 242383 23% 14 44066 3808  6%
c 
c   seconds     reductions            redundant    irredundant
c            MB        restarts               trail      variables
c             level           conflicts           glue        remaining
c 
c s 2426.06 153 24 417 1132107 26227281 312141 23% 14 44064 3808  6%
c w 2426.77 153 24 417 1132107 26227281 312139 23% 14 44064 3808  6%
c s 2426.97 153 24 417 1132107 26227281 312129 23% 14 44060 3808  6%
c d 2432.93 153 24 417 1135360 26265098 345437 24% 14 44060 3807  6%
c 3 2432.96 153 24 417 1135360 26265098 346866 24% 14 44060 3807  6%
c 2 2433.00 153 24 417 1135360 26265098 346865 24% 14 44060 3807  6%
c p 2433.12 153 24 417 1135360 26265098 347785 24% 14 44060 3807  6%
c - 2434.67 153 25 418 1135890 26271856 247426 24% 14 44060 3807  6%
c F 2441.88 153 24 418 1140093 26335408 301937 24% 14 44060 3807  6%
c - 2448.31 153 24 419 1143521 26397557 247305 24% 14 44060 3807  6%
c - 2463.71 153 24 420 1150044 26523558 249757 25% 13 44060 3807  6%
c B 2468.53 153 25 420 1153693 26565410 285949 25% 14 44060 3807  6%
c - 2477.37 153 24 421 1159580 26649858 250509 25% 14 44060 3807  6%
c s 2489.41 153 22 421 1166871 26771266 352894 22% 13 44055 3807  6%
c v 2489.61 153 22 421 1166871 26771266 352894 22% 13 44046 3807  6%
c w 2490.18 153 22 421 1166871 26771266 352890 22% 13 44046 3807  6%
c t 2490.18 153 22 421 1166871 26771266 352888 22% 13 44046 3807  6%
c e 2490.20 153 22 421 1166871 26771266 351948 22% 13 44057 3806  6%
c s 2490.40 153 22 421 1166871 26771266 351933 22% 13 44057 3806  6%
c - 2491.40 153 22 422 1167179 26776460 248633 23% 13 44057 3806  6%
c 
c   seconds     reductions            redundant    irredundant
c            MB        restarts               trail      variables
c             level           conflicts           glue        remaining
c 
c d 2492.00 153 22 422 1167416 26780102 251935 23% 13 44057 3805  6%
c 3 2492.03 153 22 422 1167416 26780102 253291 23% 13 44057 3805  6%
c p 2492.15 153 22 422 1167416 26780102 254225 23% 13 44057 3805  6%
c W 2494.83 153 22 422 1168510 26796412 267347 23% 13 44057 3805  6%
c - 2505.60 153 23 423 1179932 26903360 248729 23% 14 44057 3805  6%
c # 2517.00 153 22 423 1186852 27028415 354853 23% 13 44057 3805  6%
c - 2517.54 153 22 424 1187089 27030562 249963 23% 13 44057 3805  6%
c - 2530.31 153 23 425 1199484 27158062 250066 24% 14 44057 3805  6%
c B 2540.30 153 24 425 1205966 27261417 339672 23% 14 44057 3805  6%
c - 2542.90 153 23 426 1207047 27285864 249914 23% 14 44057 3805  6%
c 3 2543.60 153 23 426 1208467 27300105 262350 23% 14 44057 3805  6%
c p 2543.72 153 23 426 1208467 27300105 263197 23% 14 44057 3805  6%
c s 2546.95 153 23 426 1209585 27322418 281593 24% 14 44057 3805  6%
c v 2547.12 153 23 426 1209585 27322418 281593 24% 14 44057 3805  6%
c w 2547.49 153 23 426 1209585 27322418 281588 24% 14 44057 3805  6%
c t 2547.49 153 23 426 1209585 27322418 281587 24% 14 44057 3805  6%
c s 2547.70 153 23 426 1209585 27322418 281559 24% 14 44052 3805  6%
c - 2555.82 153 23 427 1217507 27413964 251111 23% 14 44052 3805  6%
c W 2563.73 153 23 427 1221034 27495418 319322 24% 14 44052 3805  6%
c - 2567.30 153 22 428 1223147 27542365 247633 22% 14 44052 3805  6%
c 
c   seconds     reductions            redundant    irredundant
c            MB        restarts               trail      variables
c             level           conflicts           glue        remaining
c 
c - 2580.28 153 22 429 1231064 27671065 248172 23% 13 44052 3805  6%
c F 2586.25 153 23 429 1235331 27730419 298317 23% 14 44052 3805  6%
c - 2594.61 153 23 430 1240057 27800065 252891 24% 14 44052 3805  6%
c p 2597.93 153 24 430 1242029 27825105 276980 25% 14 44052 3805  6%
c s 2604.29 153 24 430 1245889 27880670 323487 24% 14 44049 3805  6%
c v 2604.49 153 24 430 1245889 27880670 323487 24% 14 44045 3805  6%
c w 2605.04 153 24 430 1245889 27880670 323478 24% 14 44045 3805  6%
c s 2605.34 153 24 430 1245889 27880670 323466 24% 14 44045 3805  6%
c - 2612.46 153 25 431 1249783 27929365 258384 25% 14 44045 3805  6%
c B 2616.29 153 25 431 1251783 27966420 290146 24% 14 44045 3805  6%
c - 2624.29 153 23 432 1258327 28058965 255231 23% 14 44045 3805  6%
c - 2636.84 153 24 433 1266663 28188865 253390 24% 14 44045 3805  6%
c W 2639.26 153 24 433 1267420 28203421 266051 25% 14 44045 3805  6%
c - 2652.04 153 25 434 1276448 28319065 258126 25% 14 44045 3805  6%
c 3 2655.02 153 24 434 1278369 28355108 290970 25% 14 44045 3805  6%
c 3 2655.02 153 24 434 1278369 28355108 291416 25% 14 44045 3805  6%
c p 2655.15 153 24 434 1278369 28355108 292256 25% 14 44045 3805  6%
c # 2661.92 153 20 434 1281036 28441423 361078 26% 13 44045 3805  6%
c s 2662.99 153 20 434 1281725 28445952 364417 26% 13 44045 3805  6%
c w 2663.72 153 20 434 1281725 28445952 364403 26% 13 44045 3805  6%
c 
c   seconds     reductions            redundant    irredundant
c            MB        restarts               trail      variables
c             level           conflicts           glue        remaining
c 
c t 2663.72 153 20 434 1281725 28445952 364402 26% 13 44045 3805  6%
c s 2664.07 153 20 434 1281725 28445952 364330 26% 13 44038 3805  6%
c e 2664.10 153 20 434 1281725 28445952 362775 26% 13 44054 3804  6%
c - 2664.67 153 20 435 1281915 28449565 255106 26% 13 44054 3804  6%
c - 2682.53 153 24 436 1295499 28580367 262972 24% 14 44054 3804  6%
c B 2693.14 153 22 436 1301010 28680425 344312 23% 13 44054 3804  6%
c - 2697.46 153 23 437 1302878 28711467 259670 23% 13 44054 3804  6%
c - 2713.60 153 23 438 1313729 28842869 263549 24% 14 44054 3804  6%
c 3 2716.81 153 23 438 1316749 28890108 303870 24% 14 44054 3804  6%
c p 2716.96 153 23 438 1316749 28890108 304742 24% 14 44054 3804  6%
c W 2721.67 153 22 438 1318382 28920428 330629 25% 14 44054 3804  6%
c - 2726.40 153 22 439 1323307 28974569 261342 24% 14 44054 3804  6%
c s 2730.91 153 22 439 1327018 29018411 298836 24% 14 44054 3804  6%
c v 2731.12 153 22 439 1327018 29018411 298836 24% 14 44048 3804  6%
c w 2731.58 153 22 439 1327018 29018411 298820 24% 14 44048 3804  6%
c s 2731.86 153 22 439 1327018 29018411 298806 24% 14 44048 3804  6%
c - 2740.33 153 22 440 1331402 29106572 260768 24% 14 44048 3804  6%
c F 2743.98 153 23 440 1336310 29161429 307490 24% 14 44048 3804  6%
c - 2750.16 153 23 441 1340503 29238873 259998 26% 14 44048 3804  6%
c - 2763.42 153 24 442 1349859 29371473 260589 25% 14 44048 3804  6%
c 
c   seconds     reductions            redundant    irredundant
c            MB        restarts               trail      variables
c             level           conflicts           glue        remaining
c 
c B 2766.56 153 24 442 1351460 29403431 287771 25% 14 44048 3804  6%
c 3 2769.29 153 24 442 1354400 29430108 312709 24% 14 44048 3804  6%
c p 2769.44 153 24 442 1354400 29430108 313582 24% 14 44048 3804  6%
c - 2776.99 153 23 443 1358638 29504373 262374 26% 14 44048 3804  6%
c s 2784.78 153 22 443 1365197 29597905 339090 26% 14 44048 3804  6%
c w 2785.44 153 22 443 1365197 29597905 339075 26% 14 44048 3804  6%
c s 2785.81 153 22 443 1365197 29597905 338710 26% 14 44044 3804  6%
c - 2789.05 153 20 444 1365598 29637577 262491 25% 13 44044 3804  6%
c W 2790.61 153 20 444 1367186 29646433 270199 25% 13 44044 3804  6%
c - 2806.73 156 23 445 1377331 29771078 269077 25% 13 44044 3804  6%
c # 2821.52 156 25 445 1387779 29890437 372962 26% 13 44044 3804  6%
c - 2824.57 156 25 446 1389262 29904882 274805 26% 14 44044 3804  6%
c 3 2829.45 156 21 446 1394317 29975109 331077 25% 13 44044 3804  6%
c p 2829.59 156 21 446 1394317 29975109 331920 25% 13 44044 3804  6%
c - 2833.10 156 21 447 1399965 30038983 265443 26% 13 44044 3804  6%
c B 2839.82 156 22 447 1409084 30135439 346950 24% 14 44044 3804  6%
c - 2843.78 156 22 448 1411760 30173386 269724 25% 14 44044 3804  6%
c s 2845.73 156 22 448 1413006 30184444 278615 24% 14 44032 3804  6%
c v 2845.92 156 22 448 1413006 30184444 278615 24% 14 44018 3804  6%
c w 2846.19 156 22 448 1413006 30184444 278605 24% 14 44018 3804  6%
c 
c   seconds     reductions            redundant    irredundant
c            MB        restarts               trail      variables
c             level           conflicts           glue        remaining
c 
c s 2846.45 156 22 448 1413006 30184444 278579 24% 14 44018 3804  6%
c - 2860.18 156 24 449 1422371 30308086 271077 25% 14 44018 3804  6%
c W 2869.14 156 24 449 1429286 30381440 332875 24% 14 44018 3804  6%
c - 2875.82 156 24 450 1434852 30443088 270640 24% 14 44018 3804  6%
c 3 2881.83 156 23 450 1438701 30525113 341202 25% 14 44018 3804  6%
c p 2881.99 156 23 450 1438701 30525113 342099 25% 14 44018 3804  6%
c - 2886.49 156 22 451 1440871 30578391 269644 25% 13 44018 3804  6%
c F 2892.69 156 24 451 1446528 30628442 312772 25% 14 44018 3804  6%
c - 2900.64 156 23 452 1450708 30713991 272314 24% 13 44018 3804  6%
c s 2906.76 156 23 452 1455514 30777905 326477 25% 13 44018 3804  6%
c v 2906.96 156 23 452 1455514 30777905 326477 25% 13 44015 3804  6%
c w 2907.30 156 23 452 1455514 30777905 326464 25% 13 44015 3804  6%
c s 2907.68 156 23 452 1455514 30777905 326405 25% 13 44007 3804  6%
c - 2917.20 156 22 453 1460947 30849892 273912 26% 13 44007 3804  6%
c B 2919.29 156 22 453 1462753 30876443 294731 26% 13 44007 3804  6%
c - 2929.94 156 22 454 1472322 30986095 274385 24% 14 44007 3804  6%
c 3 2936.67 156 22 454 1477776 31080115 353642 23% 14 44007 3804  6%
c p 2936.83 156 22 454 1477776 31080115 354529 23% 14 44007 3804  6%
c - 2940.60 156 22 455 1482320 31122600 269676 23% 14 44007 3804  6%
c W 2941.78 156 22 455 1482407 31125447 272262 23% 14 44007 3804  6%
c 
c   seconds     reductions            redundant    irredundant
c            MB        restarts               trail      variables
c             level           conflicts           glue        remaining
c 
c - 2958.40 156 23 456 1491213 31259400 273730 25% 14 44007 3804  6%
c # 2970.16 156 23 456 1497888 31375448 372692 24% 13 44007 3804  6%
c s 2971.03 156 23 456 1497948 31378371 374844 24% 13 44007 3804  6%
c v 2971.24 156 23 456 1497948 31378371 374844 24% 13 43995 3804  6%
c w 2971.63 156 23 456 1497948 31378371 374829 24% 13 43995 3804  6%
c s 2972.07 156 23 456 1497948 31378371 374738 24% 13 43995 3804  6%
c - 2975.31 156 23 457 1499681 31396500 279784 24% 13 43995 3804  6%
c - 2990.38 156 22 458 1508360 31533900 274805 25% 13 43995 3804  6%
c B 2997.87 156 21 458 1514351 31626451 352747 24% 13 43995 3804  6%
c 3 2999.69 156 21 458 1515135 31640115 365553 23% 13 43995 3804  6%
c p 2999.84 156 21 458 1515135 31640115 366456 23% 13 43995 3804  6%
c - 3002.55 156 22 459 1519907 31671604 276379 23% 14 43995 3804  6%
c - 3016.01 156 21 460 1529640 31809604 274504 24% 14 43995 3804  6%
c W 3023.06 156 22 460 1532913 31878452 333112 26% 13 43995 3804  6%
c - 3031.54 156 23 461 1538168 31947904 278351 26% 13 43995 3804  6%
c s 3036.78 156 23 461 1540565 31985834 311163 26% 13 43995 3804  6%
c v 3036.98 156 23 461 1540565 31985834 311163 26% 13 43993 3804  6%
c w 3037.34 156 23 461 1540565 31985834 311158 26% 13 43993 3804  6%
c s 3037.74 156 23 461 1540565 31985834 311110 26% 13 43984 3804  6%
c - 3049.11 159 23 462 1546336 32086505 279913 25% 13 43984 3804  6%
c 
c   seconds     reductions            redundant    irredundant
c            MB        restarts               trail      variables
c             level           conflicts           glue        remaining
c 
c F 3053.89 159 23 462 1549333 32131453 319810 26% 13 43984 3804  6%
c 3 3059.18 159 22 462 1553265 32205117 380272 25% 13 43984 3804  6%
c p 3059.34 159 22 462 1553265 32205117 381175 25% 13 43984 3804  6%
c - 3060.71 159 22 463 1553981 32225405 277939 25% 13 43984 3804  6%
c - 3073.70 159 21 464 1563487 32364606 280530 25% 13 43984 3804  6%
c B 3075.68 159 21 464 1566609 32385459 298099 25% 13 43984 3804  6%
c - 3087.19 159 22 465 1575256 32504107 280420 24% 13 43984 3804  6%
c s 3096.54 159 24 465 1584168 32600297 363421 24% 14 43984 3804  6%
c v 3096.73 159 24 465 1584168 32600297 363421 24% 14 43974 3804  6%
c w 3097.22 159 24 465 1584168 32600297 363416 24% 14 43974 3804  6%
c e 3097.24 159 24 465 1584168 32600297 363052 24% 14 43990 3803  6%
c s 3097.60 159 24 465 1584168 32600297 363034 24% 14 43990 3803  6%
c W 3102.47 159 23 465 1586509 32640465 396091 24% 14 43990 3803  6%
c - 3102.82 159 23 466 1586622 32643909 280306 24% 14 43990 3803  6%
c } 3114.42 159 23 466 1592921 32767013 386693 24% 14 43990 3803  6%
c [ 3114.42 159 67 466 1592921 32767013 386693 49% 52 43990 3803  6%
c 3 3115.00 159 64 466 1592921 32775117 394928 47% 49 43990 3803  6%
c p 3115.17 159 64 466 1592921 32775117 395836 47% 49 43990 3803  6%
c - 3116.31 166 65 467 1592921 32784010 283108 46% 48 43990 3803  6%
c B 3128.53 166 70 467 1592921 32896467 389548 44% 44 43990 3803  6%
c 
c   seconds     reductions            redundant    irredundant
c            MB        restarts               trail      variables
c             level           conflicts           glue        remaining
c 
c - 3132.19 143 71 468 1592921 32924410 292023 44% 44 43990 3803  6%
c - 3150.32 146 70 469 1592921 33065110 286641 45% 46 43990 3803  6%
c W 3165.85 146 69 469 1592921 33153468 369242 46% 46 43990 3803  6%
c - 3173.21 152 66 470 1592921 33206110 291645 45% 44 43990 3803  6%
c s 3176.02 156 65 470 1592921 33221924 306213 45% 44 43990 3803  6%
c w 3176.79 156 65 470 1592921 33221924 306211 45% 44 43990 3803  6%
c s 3177.02 156 65 470 1592921 33221924 306210 45% 44 43989 3803  6%
c - 3198.26 152 62 471 1592921 33347412 292259 45% 42 43989 3803  6%
c 3 3198.69 152 62 471 1592921 33350117 296274 45% 42 43989 3803  6%
c p 3198.85 152 62 471 1592921 33350117 297310 45% 42 43989 3803  6%
c O 3212.53 152 62 471 1592921 33411470 352694 46% 43 43989 3803  6%
c - 3220.66 149 48 472 1592921 33489012 293985 41% 31 43989 3803  6%
c - 3234.73 143 38 473 1592952 33630914 286041 42% 27 43989 3803  6%
c B 3240.02 143 37 473 1592970 33670471 319709 45% 28 43989 3803  6%
c - 3258.38 145 34 474 1592998 33773116 272312 48% 27 43989 3803  6%
c - 3287.42 143 31 475 1593046 33915616 271492 49% 26 43989 3803  6%
c 3 3289.76 143 31 475 1593047 33930120 283020 50% 26 43989 3803  6%
c p 3289.89 143 31 475 1593047 33930120 284049 50% 26 43989 3803  6%
c W 3290.92 143 31 475 1593047 33930472 284335 50% 26 43989 3803  6%
c - 3311.55 148 32 476 1593070 34058416 282883 48% 24 43989 3803  6%
c 
c   seconds     reductions            redundant    irredundant
c            MB        restarts               trail      variables
c             level           conflicts           glue        remaining
c 
c I 3331.86 148 34 476 1593111 34191474 403445 50% 26 43989 3803  6%
c - 3333.27 157 36 477 1593111 34201516 287998 49% 26 43989 3803  6%
c - 3350.15 152 47 478 1593165 34344917 287727 47% 31 43989 3803  6%
c B 3365.73 152 50 478 1593175 34453475 387578 48% 34 43989 3803  6%
c - 3372.67 157 51 479 1593176 34488620 289833 48% 37 43989 3803  6%
c 3 3377.48 157 51 479 1593176 34515122 314579 48% 38 43989 3803  6%
c p 3377.67 157 51 479 1593176 34515122 315644 48% 38 43989 3803  6%
c - 3400.26 154 53 480 1593188 34632621 294552 49% 40 43989 3803  6%
c W 3419.96 154 54 480 1593220 34716478 365137 50% 43 43989 3803  6%
c - 3434.99 154 54 481 1593238 34776923 289945 49% 43 43989 3803  6%
c - 3469.64 154 53 482 1593284 34921527 292541 49% 43 43989 3803  6%
c O 3477.56 154 49 482 1593302 34980479 343059 46% 38 43989 3803  6%
c - 3486.11 150 43 483 1593303 35066430 293637 43% 29 43989 3803  6%
c 3 3488.68 150 41 483 1593318 35105122 330415 41% 27 43989 3803  6%
c 3 3488.69 150 41 483 1593318 35105122 330937 41% 27 43989 3803  6%
c p 3488.85 150 41 483 1593318 35105122 331975 41% 27 43989 3803  6%
c - 3505.47 151 48 484 1593359 35211637 295331 46% 32 43989 3803  6%
c B 3510.04 151 50 484 1593365 35245481 326350 46% 34 43989 3803  6%
c - 3527.71 154 53 485 1593397 35357139 288903 49% 39 43989 3803  6%
c - 3555.65 157 51 486 1593430 35502939 286682 51% 40 43989 3803  6%
c 
c   seconds     reductions            redundant    irredundant
c            MB        restarts               trail      variables
c             level           conflicts           glue        remaining
c 
c W 3558.16 157 51 486 1593430 35511483 293524 52% 40 43989 3803  6%
c - 3589.60 153 49 487 1593431 35649041 280918 51% 41 43989 3803  6%
c 3 3597.69 153 48 487 1593432 35700124 323052 51% 41 43989 3803  6%
c p 3597.88 153 48 487 1593432 35700124 324140 51% 41 43989 3803  6%
c I 3612.83 153 47 487 1593432 35778485 388167 51% 40 43989 3803  6%
c - 3614.58 157 50 488 1593432 35795441 284256 51% 40 43989 3803  6%
c - 3635.20 210 59 489 1593432 35942142 296637 51% 41 43989 3803  6%
c B 3650.98 210 65 489 1593476 36046486 387182 51% 49 43989 3803  6%
c - 3656.27 180 66 490 1593493 36089142 290840 49% 47 43989 3803  6%
c - 3678.01 182 55 491 1593533 36236442 294825 49% 40 43989 3803  6%
c 3 3687.64 182 54 491 1593557 36300128 353840 50% 40 43989 3803  6%
c p 3687.85 182 54 491 1593557 36300128 354927 50% 40 43989 3803  6%
c W 3691.76 182 54 491 1593558 36315487 368882 50% 40 43989 3803  6%
c - 3704.20 185 53 492 1593559 36384043 301710 52% 40 43989 3803  6%
c s 3704.83 185 53 492 1593559 36384043 301553 52% 40 43989 3803  6%
c v 3705.10 185 53 492 1593559 36384043 301553 52% 40 43988 3803  6%
c w 3705.88 185 53 492 1593559 36384043 301395 52% 40 43988 3803  6%
c s 3706.23 185 53 492 1593559 36384043 300968 52% 40 43988 3803  6%
c - 3738.76 179 52 493 1593611 36531943 297363 52% 40 43988 3803  6%
c O 3746.53 179 56 493 1593622 36585490 343329 51% 44 43988 3803  6%
c 
c   seconds     reductions            redundant    irredundant
c            MB        restarts               trail      variables
c             level           conflicts           glue        remaining
c 
c - 3757.74 172 39 494 1593653 36680143 297244 41% 28 43988 3803  6%
c - 3774.32 174 48 495 1593686 36828643 296424 42% 33 43988 3803  6%
c B 3778.43 174 49 495 1593686 36856491 320554 43% 35 43988 3803  6%
c 3 3782.07 174 46 495 1593687 36905128 367868 38% 32 43988 3802  6%
c p 3782.28 174 46 495 1593687 36905128 368909 38% 32 43988 3802  6%
c - 3787.03 166 37 496 1593687 36977443 298865 29% 27 43988 3802  6%
c s 3792.41 166 46 496 1593696 37019788 337648 34% 32 43988 3802  6%
c w 3792.99 166 46 496 1593696 37019788 337594 34% 32 43988 3802  6%
c s 3793.35 166 46 496 1593696 37019788 337424 34% 32 43988 3802  6%
c - 3810.46 185 56 497 1593737 37126543 305318 45% 39 43988 3802  6%
c W 3811.77 185 56 497 1593738 37128492 307165 45% 39 43988 3802  6%
c - 3837.38 185 58 498 1593781 37275944 308419 49% 40 43988 3802  6%
c I 3858.69 185 59 498 1593813 37401495 423314 49% 45 43988 3802  6%
c - 3862.65 183 62 499 1593814 37425644 309159 50% 46 43988 3802  6%
c 3 3878.10 183 64 499 1593836 37515129 389717 51% 49 43988 3802  6%
c p 3878.33 183 64 499 1593836 37515129 390760 51% 49 43988 3802  6%
c - 3891.06 179 61 500 1593859 37575644 296167 51% 49 43988 3802  6%
c B 3911.63 179 58 500 1593881 37675496 379430 51% 48 43988 3802  6%
c - 3923.13 175 57 501 1593906 37725945 290871 50% 49 43988 3802  6%
c - 3955.41 176 55 502 1593941 37876547 291765 48% 48 43988 3802  6%
c 
c   seconds     reductions            redundant    irredundant
c            MB        restarts               trail      variables
c             level           conflicts           glue        remaining
c 
c W 3968.97 176 58 502 1593942 37950497 354044 50% 50 43988 3802  6%
c - 3983.11 182 61 503 1593942 38027447 297444 51% 51 43988 3802  6%
c 3 4003.71 182 64 503 1593943 38130129 388946 51% 53 43988 3802  6%
c p 4003.92 182 64 503 1593943 38130129 390010 51% 53 43988 3802  6%
c - 4016.92 186 63 504 1593943 38178647 303462 51% 53 43988 3802  6%
c O 4029.85 186 63 504 1593943 38226500 343958 51% 54 43988 3802  6%
c - 4040.24 178 49 505 1593943 38330148 313763 41% 35 43988 3802  6%
c - 4066.97 187 39 506 1593944 38481948 312160 45% 27 43988 3802  6%
c B 4070.64 187 38 506 1593944 38503501 332907 46% 27 43988 3802  6%
c - 4091.92 200 75 507 1593944 38634048 313701 50% 49 43988 3802  6%
c 3 4119.95 200 85 507 1593944 38750131 422529 51% 60 43988 3802  6%
c p 4120.25 200 85 507 1593944 38750131 423589 51% 60 43988 3802  6%
c W 4132.02 200 84 507 1593944 38781503 451458 51% 61 43988 3802  6%
c - 4134.02 201 84 508 1593944 38786448 314182 51% 61 43988 3802  6%
c - 4169.82 194 80 509 1593975 38939148 310944 52% 60 43988 3802  6%
c I 4194.03 194 75 509 1594007 39060504 419017 52% 58 43988 3802  6%
c - 4198.74 194 74 510 1594022 39092150 308002 51% 54 43988 3802  6%
c - 4229.91 190 67 511 1594070 39245454 295040 51% 55 43988 3802  6%
c B 4255.16 190 64 511 1594077 39340506 367858 50% 55 43988 3802  6%
c 3 4260.69 190 67 511 1594093 39375132 400675 51% 55 43988 3802  6%
c 
c   seconds     reductions            redundant    irredundant
c            MB        restarts               trail      variables
c             level           conflicts           glue        remaining
c 
c p 4260.96 190 67 511 1594093 39375132 401754 51% 55 43988 3802  6%
c - 4264.75 191 67 512 1594101 39399054 300046 51% 54 43988 3802  6%
c - 4286.08 188 64 513 1594147 39552954 308623 49% 45 43988 3802  6%
c W 4299.35 188 62 513 1594170 39621508 370538 49% 45 43988 3802  6%
c - 4316.74 188 61 514 1594197 39707156 312906 49% 43 43988 3802  6%
c - 4349.90 188 59 515 1594199 39861656 312370 49% 44 43988 3802  6%
c O 4358.57 188 57 515 1594199 39903509 349299 49% 43 43988 3802  6%
c p 4373.62 188 56 515 1594230 40005133 445748 46% 39 43988 3802  6%
c - 4375.99 190 58 516 1594232 40016456 315924 46% 41 43988 3802  6%
c - 4401.43 191 59 517 1594283 40171557 308369 49% 45 43988 3802  6%
c B 4404.27 191 60 517 1594291 40186514 321356 49% 46 43988 3802  6%
c - 4426.66 192 69 518 1594325 40326959 311948 48% 49 43988 3802  6%
c s 4427.27 192 69 518 1594325 40326959 311803 48% 49 43988 3802  6%
c w 4428.37 192 69 518 1594325 40326959 311659 48% 49 43988 3802  6%
c W 4455.71 192 60 518 1594357 40470516 439645 50% 45 43988 3802  6%
c - 4458.35 185 61 519 1594359 40482659 308566 50% 46 43988 3802  6%
c - 4499.30 187 62 520 1594411 40638661 302917 51% 50 43988 3802  6%
c p 4499.86 187 62 520 1594411 40640133 306656 51% 50 43988 3802  6%
c I 4528.60 187 61 520 1594451 40755517 400149 51% 50 43988 3802  6%
c - 4531.89 186 57 521 1594452 40794963 312999 46% 40 43988 3802  6%
c 
c   seconds     reductions            redundant    irredundant
c            MB        restarts               trail      variables
c             level           conflicts           glue        remaining
c 
c - 4560.58 184 49 522 1594454 40951565 311838 44% 37 43988 3802  6%
c B 4579.43 184 46 522 1594455 41041519 392386 43% 36 43988 3802  6%
c - 4589.34 194 61 523 1594455 41108471 322796 45% 43 43988 3802  6%
c - 4622.89 204 67 524 1594459 41265672 324784 48% 49 43988 3802  6%
c p 4626.18 204 69 524 1594468 41280134 340232 48% 50 43988 3802  6%
c W 4634.77 204 70 524 1594486 41328521 384942 48% 49 43988 3802  6%
c - 4652.68 187 61 525 1594517 41423173 319142 49% 44 43988 3802  6%
c - 4686.08 180 54 526 1594567 41580974 305570 50% 43 43988 3802  6%
c O 4694.40 180 52 526 1594580 41616523 331863 50% 43 43988 3802  6%
c - 4709.97 179 45 527 1594589 41739074 317317 44% 33 43988 3802  6%
c - 4729.19 162 34 528 1594645 41897474 303315 35% 25 43988 3802  6%
c B 4730.53 162 34 528 1594645 41905525 310647 35% 25 43988 3802  6%
c p 4732.81 162 44 528 1594645 41925138 331875 38% 29 43988 3802  6%
c - 4752.90 197 67 529 1594700 42056174 317279 47% 46 43988 3802  6%
c W 4782.36 197 62 529 1594710 42195526 445927 50% 46 43988 3802  6%
c - 4787.48 194 61 530 1594710 42215174 318826 50% 45 43988 3802  6%
c - 4831.84 191 56 531 1594735 42374474 321162 50% 44 43988 3802  6%
c I 4851.96 191 53 531 1594772 42486527 420424 49% 41 43988 3802  6%
c - 4858.40 190 53 532 1594780 42534076 321764 49% 39 43988 3802  6%
c p 4865.02 190 52 532 1594799 42575139 359344 49% 39 43988 3802  6%
c 
c   seconds     reductions            redundant    irredundant
c            MB        restarts               trail      variables
c             level           conflicts           glue        remaining
c 
c - 4875.74 178 47 533 1594836 42693977 319392 39% 31 43988 3802  6%
c B 4882.37 178 44 533 1594837 42778530 395743 38% 25 43988 3802  6%
c - 4894.21 185 58 534 1594867 42854177 319945 46% 37 43988 3802  6%
c - 4928.20 201 57 535 1594915 43014677 317246 51% 43 43988 3802  6%
c W 4940.89 201 56 535 1594931 43071533 367964 52% 42 43988 3802  6%
c - 4957.87 203 63 536 1594963 43175477 325627 53% 43 43988 3802  6%
c 3 4968.40 203 65 536 1594964 43230141 376632 52% 44 43988 3802  6%
c p 4968.65 203 65 536 1594964 43230141 377669 52% 44 43988 3802  6%
c - 4997.34 204 66 537 1594965 43336577 330287 52% 47 43988 3802  6%
c O 5003.52 204 66 537 1594965 43365534 357176 52% 47 43988 3802  6%
c - 5015.60 182 44 538 1594966 43497977 330501 33% 28 43988 3802  6%
c - 5038.64 193 46 539 1594967 43659683 330654 42% 31 43988 3802  6%
c s 5038.91 195 46 539 1594967 43659683 330509 42% 31 43988 3802  6%
c w 5040.19 195 46 539 1594967 43659683 330375 42% 31 43988 3802  6%
c B 5040.41 195 46 539 1594967 43660537 331123 42% 31 43988 3802  6%
c - 5072.32 223 67 540 1594967 43821684 329732 49% 47 43988 3802  6%
c d 5088.50 223 68 540 1594967 43890142 393936 49% 49 43988 3801  6%
c 2 5088.56 223 68 540 1594967 43890142 395379 49% 49 43988 3801  6%
c p 5088.72 223 68 540 1594967 43890142 396433 49% 49 43988 3801  6%
c s 5089.43 227 68 540 1594967 43890142 395852 49% 49 43984 3801  6%
c 
c   seconds     reductions            redundant    irredundant
c            MB        restarts               trail      variables
c             level           conflicts           glue        remaining
c 
c W 5112.99 227 65 540 1594967 43956538 454327 50% 49 43984 3801  6%
c - 5120.90 222 65 541 1594967 43983986 334767 51% 50 43984 3801  6%
c - 5164.48 211 62 542 1594967 44146587 324888 50% 50 43984 3801  6%
c I 5199.09 211 59 542 1594968 44253539 411300 50% 49 43984 3801  6%
c - 5207.72 212 62 543 1594968 44309488 333969 49% 46 43984 3801  6%
c - 5239.83 210 61 544 1594968 44472688 327216 47% 46 43984 3801  6%
c B 5256.78 210 60 544 1594968 44551540 397556 48% 46 43984 3801  6%
c 3 5257.63 210 60 544 1594968 44555143 401842 49% 46 43984 3801  6%
c p 5257.91 210 60 544 1594968 44555143 403295 49% 46 43984 3801  6%
c - 5275.87 215 58 545 1594968 44636188 331208 50% 45 43984 3801  6%
c - 5313.36 211 52 546 1594968 44799990 332580 51% 43 43984 3801  6%
c W 5324.99 211 51 546 1594968 44850541 377275 51% 42 43984 3801  6%
c - 5351.88 212 52 547 1594968 44964091 340724 51% 43 43984 3801  6%
c - 5391.73 215 52 548 1594968 45128494 348023 51% 43 43984 3801  6%
c O 5396.91 215 53 548 1594968 45150543 367873 51% 44 43984 3801  6%
c p 5404.40 215 41 548 1594968 45225143 439769 42% 31 43984 3801  6%
c - 5413.19 204 46 549 1594969 45293194 345201 42% 30 43984 3801  6%
c B 5437.99 204 47 549 1594969 45451545 493250 41% 30 43984 3801  6%
c - 5439.21 206 48 550 1594969 45458195 343091 41% 30 43984 3801  6%
c - 5468.91 212 65 551 1594969 45623497 336994 47% 45 43984 3801  6%
c 
c   seconds     reductions            redundant    irredundant
c            MB        restarts               trail      variables
c             level           conflicts           glue        remaining
c 
c W 5500.42 212 64 551 1594969 45753548 458320 49% 46 43984 3801  6%
c - 5508.97 215 62 552 1594969 45789097 345493 49% 45 43984 3801  6%
c p 5533.79 215 56 552 1594969 45900143 444770 48% 42 43984 3801  6%
c - 5546.58 207 55 553 1594969 45954998 340367 48% 41 43984 3801  6%
c I 5568.27 207 55 553 1594969 46056551 428683 49% 42 43984 3801  6%
c - 5578.56 208 55 554 1594969 46121199 341192 49% 40 43984 3801  6%
c - 5616.62 211 52 555 1594969 46287700 336408 50% 43 43984 3801  6%
c B 5633.41 211 51 555 1594969 46360553 397351 51% 42 43984 3801  6%
c - 5658.40 218 52 556 1594969 46454501 350901 51% 41 43984 3801  6%
c p 5683.71 218 54 556 1594969 46580145 468321 50% 41 43984 3801  6%
c - 5693.75 223 56 557 1594969 46621601 359229 50% 42 43984 3801  6%
c W 5703.11 223 56 557 1594969 46665554 400270 51% 43 43984 3801  6%
c - 5729.20 221 52 558 1594969 46789003 350257 52% 42 43984 3801  6%
c - 5766.31 220 53 559 1594969 46956707 347837 52% 43 43984 3801  6%
c s 5766.63 220 53 559 1594969 46956707 347727 52% 43 43984 3801  6%
c v 5766.89 220 53 559 1594969 46956707 347727 52% 43 43981 3801  6%
c w 5768.06 220 53 559 1594969 46956707 347546 52% 43 43981 3801  6%
c e 5768.08 220 53 559 1594969 46956707 347545 52% 43 43995 3800  6%
c s 5768.65 220 53 559 1594969 46956707 347260 52% 43 43992 3800  6%
c O 5772.16 220 53 559 1594969 46971555 360732 52% 43 43992 3800  6%
c 
c   seconds     reductions            redundant    irredundant
c            MB        restarts               trail      variables
c             level           conflicts           glue        remaining
c 
c - 5785.20 206 40 560 1594969 47124709 351054 40% 27 43992 3800  6%
c p 5812.43 206 44 560 1594969 47265145 487255 47% 34 43992 3800  6%
c B 5815.54 206 45 560 1594969 47278558 499220 47% 35 43992 3800  6%
c - 5818.28 227 52 561 1594969 47293009 345500 48% 38 43992 3800  6%
c - 5851.85 229 74 562 1595003 47461609 347055 51% 55 43992 3800  6%
c W 5878.42 229 67 562 1595039 47586560 462094 52% 50 43992 3800  6%
c - 5890.21 218 65 563 1595061 47630511 344811 52% 49 43992 3800  6%
c - 5933.26 206 59 564 1595096 47799714 337426 51% 47 43992 3800  6%
c I 5954.87 206 57 564 1595125 47895562 415669 51% 46 43992 3800  6%
c p 5964.46 206 57 564 1595142 47955147 472231 50% 44 43992 3800  6%
c - 5967.46 213 58 565 1595149 47969216 340672 50% 45 43992 3800  6%
c - 5993.63 202 56 566 1595200 48139016 331634 46% 41 43992 3800  6%
c B 6007.01 202 53 566 1595221 48205564 390288 49% 41 43992 3800  6%
c - 6024.77 228 61 567 1595224 48309117 344481 51% 47 43992 3800  6%
c - 6063.43 241 58 568 1595244 48479518 353472 52% 48 43992 3800  6%
c W 6071.74 241 57 568 1595255 48516565 385981 52% 47 43992 3800  6%
c p 6100.42 241 57 568 1595294 48650150 497156 50% 47 43992 3800  6%
c - 6100.70 219 57 569 1595294 48650218 339445 50% 47 43992 3800  6%
c - 6144.87 222 57 570 1595350 48821218 342405 51% 48 43992 3800  6%
c O 6146.25 222 56 570 1595350 48828568 348832 51% 48 43992 3800  6%
c 
c   seconds     reductions            redundant    irredundant
c            MB        restarts               trail      variables
c             level           conflicts           glue        remaining
c 
c - 6168.44 211 44 571 1595385 48992520 346459 47% 32 43992 3800  6%
c B 6198.36 211 45 571 1595432 49141569 479689 46% 34 43992 3800  6%
c - 6202.66 204 48 572 1595444 49164120 347194 47% 36 43992 3800  6%
c - 6236.76 214 57 573 1595478 49336025 340948 51% 45 43992 3800  6%
c p 6239.64 214 57 573 1595478 49350150 356282 51% 45 43992 3800  6%
c W 6270.97 214 56 573 1595479 49455571 445586 51% 46 43992 3800  6%
c - 6287.71 210 55 574 1595480 49508225 345013 51% 46 43992 3800  6%
c - 6334.76 213 55 575 1595480 49680728 352529 51% 47 43992 3800  6%
c I 6358.96 213 54 575 1595482 49770572 423224 51% 46 43992 3800  6%
c - 6371.30 209 49 576 1595513 49853530 353663 49% 38 43992 3800  6%
c - 6408.89 206 46 577 1595573 50026630 338680 49% 36 43992 3800  6%
c p 6416.81 206 45 577 1595577 50055150 365067 49% 36 43992 3800  6%
c B 6425.78 206 45 577 1595591 50086577 391604 48% 36 43992 3800  6%
c - 6444.71 210 53 578 1595607 50200032 349773 49% 40 43992 3800  6%
c - 6480.64 211 54 579 1595667 50373735 352964 50% 41 43992 3800  6%
c s 6480.92 211 54 579 1595667 50373735 352865 50% 41 43992 3800  6%
c w 6482.31 211 54 579 1595667 50373735 352678 50% 41 43992 3800  6%
c W 6488.54 211 52 579 1595670 50403578 379737 50% 40 43992 3800  6%
c - 6521.65 207 45 580 1595716 50547737 339402 48% 35 43992 3800  6%
c O 6564.37 207 41 580 1595735 50721579 492518 48% 33 43992 3800  6%
c 
c   seconds     reductions            redundant    irredundant
c            MB        restarts               trail      variables
c             level           conflicts           glue        remaining
c 
c - 6564.69 206 41 581 1595735 50722037 344114 48% 33 43992 3800  6%
c p 6570.84 206 45 581 1595735 50765151 387200 47% 31 43992 3800  6%
c - 6594.24 209 46 582 1595765 50896637 342555 48% 35 43992 3800  6%
c B 6630.08 209 48 582 1595804 51040581 461431 50% 39 43992 3800  6%
c - 6635.00 208 50 583 1595818 51071537 344523 48% 38 43992 3800  6%
c - 6664.92 205 51 584 1595862 51246737 346811 49% 38 43992 3800  6%
c W 6690.83 205 51 584 1595892 51360582 445055 51% 40 43992 3800  6%
c - 6706.97 208 51 585 1595914 51422237 348090 52% 42 43992 3800  6%
c p 6723.14 208 52 585 1595925 51480152 396894 53% 43 43992 3800  6%
c - 6749.60 207 52 586 1595967 51598040 345582 50% 44 43992 3800  6%
c I 6765.57 207 52 586 1595988 51681584 409275 49% 45 43992 3800  6%
c - 6781.47 208 61 587 1595990 51774140 343701 47% 47 43992 3800  6%
c ] 6784.84 208 62 587 1595990 51796189 363012 47% 47 43992 3800  6%
c ? 6784.84 208 62 587 1595990 51796189 363012 47% 47 43992 3800  6%
c 
c --- [ result ] -------------------------------------------------------------
c 
c UNKNOWN
c 
c --- [ run-time profiling ] -------------------------------------------------
c 
c process time taken by individual solving procedures
c (percentage relative to process time for solving)
c 
c      6685.05   98.53% search
c      4880.91   71.94% stable
c      1722.37   25.39% unstable
c        99.73    1.47% simplify
c        81.77    1.21% walk
c        45.89    0.68% subsume
c        31.24    0.46% vivify
c        12.26    0.18% probe
c         2.87    0.04% ternary
c         1.79    0.03% elim
c         0.06    0.00% parse
c         0.01    0.00% lucky
c   =================================
c      6784.78  100.00% solve
c 
c last line shows process time for solving
c (percentage relative to total process time)
c 
c --- [ statistics ] ---------------------------------------------------------
c 
c blocked:                       0         0.00 %  of irredundant clauses
c   blockings:                   0         0.00    internal
c   candidates:                  0         0.00    per blocking 
c   blockres:                    0         0.00    per candidate
c   pure:                        0         0.00 %  of all variables
c   pureclauses:                 0         0.00    per pure literal
c chronological:          10140385        19.58 %  of conflicts
c compacts:                      5   10359237.80    interval
c conflicts:              51796189      7634.17    per second
c   backtracked:          60359611       116.53 %  of conflicts
c conditioned:                   0         0.00 %  of irredundant clauses
c   conditionings:               0         0.00    interval
c   condcands:                   0         0.00    candidate clauses
c   condassinit:                 0.0       0.00 %  initial assigned
c   condcondinit:                0.0       0.00 %  initial condition
c   condautinit:                 0.0       0.00 %  initial autarky
c   condassrem:                  0.0       0.00 %  final assigned
c   condcondrem:                 0.000     0.00 %  final conditional
c   condautrem:                  0.000     0.00 %  final autarky
c   condprops:                   0         0.00    per candidate
c covered:                       0         0.00 %  of irredundant clauses
c   coverings:                   0         0.00    interval
c   asymmetric:                  0         0.00 %  of covered clauses
c   blocked:                     0         0.00 %  of covered clauses
c decisions:              94079213     13866.22    per second
c   searched:            314506337         3.34    per decision
c eliminated:                51910        79.58 %  of all variables
c   elimphases:                 92    563002.05    interval
c   elimrounds:                161         1.75    per phase
c   elimtried:               95385        54.42 %  eliminated
c   elimgates:               18052        18.93 %  gates per tried
c   elimequivs:                 57         0.32 %  equivalence gates
c   elimands:                17995        99.68 %  and gates
c   elimites:                    0         0.00 %  if-then-else gates
c   elimxors:                    0         0.00 %  xor gates
c   elimsubst:                1612         3.11 %  substituted
c   elimres:               1214702        23.40    per eliminated
c   elimrestried:          1133852        93.34 %  per resolution
c ext.prop. calls:               0         0.00 %  of queries
c   propagating:                 0         0.00 %  per eprop-call
c   explained:                   0         0.00 %  per eprop-call
c   falsified:                   0         0.00 %  per eprop-call
c ext.clause calls:              0         0.00 %  of queries
c   learned:                     0         0.00 %  per called
c   conflicting:                 0         0.00 %  per learned
c   propagating:                 0         0.00 %  per learned
c ext.final check:               0         0.00 %  of queries
c fixed:                      9275        14.22 %  of all variables
c   failed:                     25         0.04 %  of all variables
c   probefailed:                21        84.00 %  per failed
c   transredunits:               4        16.00 %  per failed
c   probingphases:             143    362211.11    interval
c   probesuccess:               41        28.67 %  phases
c   probingrounds:             143         1.00    per phase
c   probed:                 312557     12502.28    per failed
c   hbrs:                   292789         0.94    per probed
c   hbrsizes:              1103507         3.77    per hbr
c   hbreds:                 291031        99.40 %  per hbr
c   hbrsubs:                   726         0.25 %  per hbr
c   units:                      16   3237261.81    interval
c   binaries:                 1978     26186.14    interval
c flushed:                       0         0.00 %  per conflict
c   hyper:                       0         0.00 %  per conflict
c   flushings:                   0         0.00    interval
c instantiated:                  0         0.00 %  of tried
c   instrounds:                  0         0.00 %  of elimrounds
c learned:                50813042        98.10 %  per conflict
c   bumped:             1751257222        34.46    per learned
c   recomputed:          288378654       567.53 %  per learned
c   promoted1:              127165         0.25 %  per learned
c   promoted2:              418582         0.82 %  per learned
c   improvedglue:         21116788        41.56 %  per learned
c lucky:                         0         0.00 %  of tried
c   constantzero                 0         0.00 %  of tried
c   constantone                  0         0.00 %  of tried
c   backwardone                  0         0.00 %  of tried
c   backwardzero                 0         0.00 %  of tried
c   forwardone                   0         0.00 %  of tried
c   forwardzero                  0         0.00 %  of tried
c   positivehorn                 0         0.00 %  of tried
c   negativehorn                 0         0.00 %  of tried
c   extendbytes:           3282376         3.13    bytes and MB
c learned_lits:         5350243012       100.00 %  learned literals
c minimized:                     0         0.00 %  learned literals
c shrunken:             1749768003        32.70 %  learned literals
c minishrunken:          704012668        13.16 %  learned literals
c otfs:                     132698         0.26 %  of conflict
c   subsumed                  5280         0.01 %  of conflict
c   strengthened            127418         0.25 %  of conflict
c propagations:        11339229700         1.67 M  per second
c   coverprops:                  0         0.00 %  of propagations
c   probeprops:            7182337         0.06 %  of propagations
c   searchprops:       10257140804        90.46 %  of propagations
c   transredprops:         1178507         0.01 %  of propagations
c   vivifyprops:         134545700         1.19 %  of propagations
c   walkprops:           939182352         8.28 %  of propagations
c reactivated:                   0         0.00 %  of all variables
c reduced:                44340601        85.61 %  per conflict
c   reductions:                587     88238.82    interval
c   collections:               595     87052.42    interval
c rephased:                    321    161358.84    interval
c   rephasedbest:              106        33.02 %  rephased best
c   rephasedflip:               26         8.10 %  rephased flipping
c   rephasedinv:                29         9.03 %  rephased inverted
c   rephasedorig:               29         9.03 %  rephased original
c   rephasedrand:               25         7.79 %  rephased random
c   rephasedwalk:              106        33.02 %  rephased walk
c rescored:                   4385     11812.13    interval
c restarts:                1595990        32.45    interval
c   reused:                1413808        88.59 %  per restart
c   reusedlevels:         14594531        30.20 %  per restart levels
c restored:                      0         0.00 %  per weakened
c   restorations:                0         0.00 %  per extension
c   literals:                    0         0.00    per restored clause
c stabilizing:                   8        57.83 %  of conflicts
c   restartstab:              5115         0.32 %  of all restarts
c   reusedstab:               5073        99.18 %  per stable restarts
c substituted:                 243         0.37 %  of all variables
c   decompositions:            459         3.21    per phase
c subsumed:                5862664         5.68 %  of all clauses
c   subsumephases:              94    551023.29    interval
c   subsumerounds:             186         1.98    per phase
c   deduplicated:               66         0.00 %  per subsumed
c   transreds:                  94    551023.29    interval
c   transitive:                600         0.01 %  per subsumed
c   subirr:                   7192         0.12 %  of subsumed
c   subred:                  60124         1.03 %  of subsumed
c   subtried:             14853535         2.53    tried per subsumed
c   subchecks:          6908100296       465.08    per tried
c   subchecks2:           54233455         0.79 %  per subcheck
c   elimotfsub:                  0         0.00 %  of subsumed
c   elimbwsub:                 761         0.01 %  of subsumed
c   eagersub:              5786746        98.71 %  of subsumed
c   eagertried:         1117886572       193.18    tried per eagersub
c strengthened:             441784         0.43 %  of all clauses
c   elimotfstr:               4733         1.07 %  of strengthened
c   elimbwstr:                   3         0.00 %  of strengthened
c ternary:                  253243         0.80 %  of resolved
c   phases:                    286    181105.56    interval
c   htr3:                   253026        99.91 %  ternary hyper ternres
c   htr2:                      217         0.09 %  binary hyper ternres
c vivified:                  18324         0.02 %  of all clauses
c   vivifications:              94    551023.29    interval
c   vivifychecks:          1782539         3.44 %  per conflict
c   vivifysched:          10155138        17.55 %  checks per scheduled
c   vivifyunits:                 0         0.00 %  per vivify check
c   vivifyinst:                289         0.02 %  per vivify check
c   vivifysubs:               3970         0.07 %  per subsumed
c   vivifystrs:              14354         3.25 %  per strengthened
c   vivifystrirr:              571         3.98 %  per vivifystrs
c   vivifystred1:              216         1.50 %  per vivifystrs
c   vivifystred2:             7064        49.21 %  per vivifystrs
c   vivifystred3:             6503        45.30 %  per vivifystrs
c   vivifydecs:            8322996         4.67    per checks
c   vivifyreused:          3369694        40.49 %  per decision
c walked:                      106    488643.29    interval
c   flips:               118840840         1.45 M  per second
c   minimum:                    11         0.01 %  clauses
c   broken:             3693612464        31.08    per flip
c weakened:                 129458         3.34    average size
c   extensions:                  0         0.00    interval
c   flipped:                     0         0.00    per weakened
c 
c seconds are measured in process time for solving
c 
c --- [ resources ] ----------------------------------------------------------
c 
c total process time since initialization:      6784.84    seconds
c total real time since initialization:         6800.00    seconds
c maximum resident set size of process:          323.10    MB
c 
c --- [ shutting down ] ------------------------------------------------------
c 
c exit 0
