c --- [ banner ] -------------------------------------------------------------
c 
c CaDiCaL SAT Solver
c Copyright (c) 2016-2023 A. Biere, M. Fleury, N. Froleyks, K. Fazekas, F. Pollitt
c 
c Version 1.7.3
c g++-13.2.0
c Feb 11 2024 04:08:27
c 
c --- [ limit ] --------------------------------------------------------------
c 
c setting time limit to 7399 seconds real time (due to '-t 7399')
c 
c --- [ parsing input ] ------------------------------------------------------
c 
c reading DIMACS file from '/root/projects/maph/discovery/out/cover-23-6-2-wave4-20260807/32-overlap2.cnf'
c opening file to read '/root/projects/maph/discovery/out/cover-23-6-2-wave4-20260807/32-overlap2.cnf'
c found 'p cnf 65228 139977' header
c parsed 139977 clauses in 0.04 seconds process time
c closing file '/root/projects/maph/discovery/out/cover-23-6-2-wave4-20260807/32-overlap2.cnf'
c 
c --- [ options ] ------------------------------------------------------------
c 
c all options are set to their default value
c 
c --- [ solving ] ------------------------------------------------------------
c 
c time measured in process time since initialization
c 
c  seconds  reductions  redundant  irredundant
c         MB    restarts       trail       variables
c          level   conflicts       glue         remaining
c 
c *  0.04 28  0 0   0    0    0  0% 0 124193 57315 88%
c {  0.05 29  0 0   0    0    0  0% 0 124193 57315 88%
c i  0.05 29 25 0   0    8    4 22% 3 124193 56860 87%
c i  0.05 29 27 0   0   12    7 22% 3 124193 56858 87%
c i  0.06 29 33 0  13  141  116 20% 4 124193 56824 87%
c i  0.06 30 39 0  17  152  126 21% 4 124193 56580 87%
c -  0.07 30 37 1  23  303  230 19% 4 114534 56580 87%
c i  0.07 30 36 1  28  321  246 19% 4 114534 56574 87%
c i  0.10 30 34 1 113  886  712 20% 5 114534 56520 87%
c i  0.10 30 34 1 114  889  714 20% 5 114534 56456 87%
c -  0.12 35 33 2 120  940  718 19% 5 114154 56439 87%
c i  0.12 35 31 2 120  996  743 19% 4 114154 56438 87%
c }  0.12 35 32 2 120 1004  748 19% 4 114154 56438 87%
c [  0.12 35  0 2 120 1004  748  0% 0 114154 56438 87%
c O  0.12 35 19 2 120 1005  749 21% 9 114154 56438 87%
c -  0.18 35 57 3 120 1892 1437 33% 23 114152 56438 87%
c s  0.27 40 61 3 121 2232 1712 15% 24 109856 56438 87%
c v  0.29 40 61 3 121 2232 1712 15% 24 109854 56438 87%
c w  0.30 40 61 3 121 2232 1709 15% 24 109854 56438 87%
c t  0.31 40 61 3 121 2232 1700 15% 24 109407 56044 86%
c 
c  seconds  reductions  redundant   irredundant
c         MB    restarts       trail      variables
c          level   conflicts       glue        remaining
c 
c e  0.38 41 61 3 121 2232  156 15% 24 33605 7829 12%
c s  0.39 44 61 3 121 2232  145 15% 24 33427 7829 12%
c e  0.39 44 61 3 121 2232  143 15% 24 33422 7806 12%
c i  0.40 44 61 3 121 2255  163 14% 24 33422 7772 12%
c ]  0.43 44 76 3 121 3004  893  9% 26 33422 7772 12%
c {  0.43 44 32 3 121 3004  893 22% 4 33422 7772 12%
c F  0.43 44 32 3 122 3008  896 22% 5 33422 7772 12%
c -  0.44 38 34 4 159 3160 1013 20% 5 33250 7772 12%
c i  0.47 38 41 4 337 3923 1637 13% 6 33250 7770 12%
c -  0.50 38 41 5 446 4660 1706 11% 7 33244 7770 12%
c 3  0.52 40 43 5 536 5001 9794 10% 7 33244 7770 12%
c 2  0.53 40 43 5 536 5001 9792 10% 7 33240 7770 12%
c p  0.54 40 43 5 536 5001 17532 10% 7 33240 7737 12%
c d  0.55 40 43 5 536 5001 16439 10% 7 33087 7734 12%
c #  0.60 40 47 5 758 6009 17311  8% 8 33087 7734 12%
c -  0.63 40 46 6 835 6461 3088 21% 8 33087 7734 12%
c }  0.65 40 46 6 949 7004 3554 20% 9 33087 7734 12%
c [  0.65 40 76 6 949 7004 3554 62% 26 33087 7734 12%
c -  0.70 40 77 7 950 8561 3567 43% 30 33087 7734 12%
c I  0.75 40 78 7 951 10011 4900 41% 28 33087 7734 12%
c 
c  seconds  reductions   redundant   irredundant
c         MB    restarts        trail      variables
c          level    conflicts       glue        remaining
c 
c s  0.78 40 79 7 952 10628 5400 40% 29 32348 7734 12%
c v  0.79 40 79 7 952 10628 5400 40% 29 32288 7734 12%
c w  0.79 40 79 7 952 10628 5399 40% 29 32288 7734 12%
c t  0.79 40 79 7 952 10628 5398 40% 29 32260 7734 12%
c e  0.80 40 79 7 952 10628 4359 40% 29 31956 7475 11%
c s  0.80 40 79 7 952 10628 4341 40% 29 31911 7475 11%
c e  0.81 40 79 7 952 10628 4341 40% 29 31904 7471 11%
c -  0.82 40 79 8 952 10961 3328 39% 29 31904 7471 11%
c -  0.95 40 85 9 954 13662 4141 41% 32 31904 7471 11%
c 3  1.03 40 90 9 954 15001 12645 40% 35 31904 7471 11%
c p  1.05 40 90 9 954 15001 19011 40% 35 31904 7437 11%
c ]  1.05 40 90 9 954 15004 19014 40% 35 31904 7437 11%
c {  1.05 40 46 9 954 15004 19014 20% 9 31904 7437 11%
c B  1.05 40 46 9 954 15012 19021 20% 9 31904 7437 11%
c -  1.11 40 44 10 1103 16662 5282 21% 9 31741 7437 11%
c i  1.16 40 43 10 1285 18449 6886 21% 9 31741 7425 11%
c -  1.21 40 42 11 1400 19962 5677 22% 9 31627 7417 11%
c i  1.23 40 41 11 1409 20492 6005 22% 9 31627 7411 11%
c W  1.26 40 41 11 1514 21013 6045 22% 9 31609 7411 11%
c s  1.35 40 43 11 1797 23195 7651 22% 9 31541 7411 11%
c 
c  seconds  reductions     redundant  irredundant
c         MB     restarts         trail     variables
c          level      conflicts       glue       remaining
c 
c v  1.37 40 43 11 1797 23195 7651 22% 9 31218 7411 11%
c w  1.37 40 43 11 1797 23195 7648 22% 9 31218 7411 11%
c t  1.37 40 43 11 1797 23195 7641 22% 9 31210 7411 11%
c e  1.38 40 43 11 1797 23195 6567 22% 9 31107 7326 11%
c s  1.38 40 43 11 1797 23195 6522 22% 9 31082 7326 11%
c e  1.38 40 43 11 1797 23195 6522 22% 9 31079 7322 11%
c -  1.41 40 43 12 1870 23564 5430 22% 9 31079 7322 11%
c -  1.54 40 43 13 2337 27465 6736 22% 9 31079 7322 11%
c F  1.56 40 42 13 2348 28015 7210 22% 9 31079 7322 11%
c d  1.63 40 44 13 2570 30003 8993 23% 9 31079 7314 11%
c 3  1.64 40 44 13 2570 30003 12379 23% 9 31079 7314 11%
c 3  1.64 40 44 13 2570 30003 13036 23% 9 31079 7314 11%
c 2  1.65 40 44 13 2570 30003 13030 23% 9 31079 7314 11%
c p  1.66 40 44 13 2570 30003 18396 23% 9 31079 7312 11%
c d  1.66 40 44 13 2570 30003 18392 23% 9 31073 7311 11%
c }  1.71 40 44 13 2752 31005 19322 23% 9 31073 7311 11%
c [  1.71 40 90 13 2752 31005 19322 40% 35 31073 7311 11%
c -  1.73 40 89 14 2752 31668 8641 40% 34 31073 7311 11%
c B  1.90 40 88 14 2755 36018 12556 38% 34 31073 7311 11%
c -  1.91 40 88 15 2755 36168 9155 38% 34 31073 7311 11%
c 
c  seconds  reductions      redundant   irredundant
c         MB     restarts          trail      variables
c          level      conflicts        glue        remaining
c 
c s  2.11 40 95 15 2758 39881 12507 39% 39 31048 7311 11%
c v  2.12 40 95 15 2758 39881 12507 39% 39 30990 7311 11%
c w  2.12 40 95 15 2758 39881 12503 39% 39 30990 7311 11%
c t  2.12 40 95 15 2758 39881 12501 39% 39 30988 7311 11%
c e  2.13 40 95 15 2758 39881 12043 39% 39 30941 7283 11%
c s  2.13 40 95 15 2758 39881 12025 39% 39 30880 7283 11%
c e  2.14 40 95 15 2758 39881 12025 39% 39 30878 7281 11%
c -  2.20 40 94 16 2758 40969 8795 39% 39 30878 7281 11%
c W  2.44 40 93 16 2759 45019 12680 39% 41 30878 7281 11%
c -  2.51 40 92 17 2760 46069 9213 40% 41 30878 7281 11%
c 3  2.79 40 95 17 2760 50004 15692 40% 45 30878 7281 11%
c 3  2.80 40 95 17 2760 50004 16866 40% 45 30878 7281 11%
c p  2.82 40 95 17 2760 50004 22291 40% 45 30878 7281 11%
c d  2.83 40 95 17 2760 50004 22289 40% 45 30878 7280 11%
c -  2.95 40 94 18 2760 51469 9698 40% 46 30878 7280 11%
c O  3.21 40 94 18 2761 55020 12942 40% 48 30878 7280 11%
c -  3.33 40 94 19 2763 57171 10133 40% 47 30878 7280 11%
c s  3.58 40 96 19 2766 60726 13525 40% 49 30875 7280 11%
c v  3.59 40 96 19 2766 60726 13525 40% 49 30773 7280 11%
c w  3.60 40 96 19 2766 60726 13525 40% 49 30773 7280 11%
c 
c  seconds  reductions      redundant   irredundant
c         MB     restarts          trail      variables
c          level      conflicts        glue        remaining
c 
c e  3.60 40 96 19 2766 60726 13525 40% 49 30653 7208 11%
c s  3.61 40 96 19 2766 60726 13513 40% 49 30575 7208 11%
c ]  3.78 40 96 19 2767 63006 15649 40% 50 30575 7208 11%
c {  3.78 40 44 19 2767 63006 15649 23% 9 30575 7208 11%
c -  3.80 40 44 20 2811 63172 10622 23% 9 30575 7208 11%
c B  3.93 40 45 20 3252 66023 13234 23% 10 30575 7208 11%
c -  4.06 40 44 21 3966 69472 10855 22% 10 30575 7208 11%
c d  4.21 40 40 21 4988 75004 15297 21% 11 30575 7198 11%
c 3  4.21 40 40 21 4988 75004 18857 21% 11 30575 7198 11%
c 3  4.22 40 40 21 4988 75004 19546 21% 11 30575 7198 11%
c d  4.22 40 40 21 4988 75004 19539 21% 11 30575 7197 11%
c 2  4.23 40 40 21 4988 75004 19534 21% 11 30575 7197 11%
c p  4.24 40 40 21 4988 75004 24980 21% 11 30575 7197 11%
c d  4.24 40 40 21 4988 75004 24960 21% 11 30574 7192 11%
c -  4.29 40 40 22 5026 76072 12305 21% 11 30574 7192 11%
c W  4.39 40 41 22 5143 78024 13895 21% 11 30574 7192 11%
c -  4.58 40 39 23 5370 82972 12569 21% 11 30574 7192 11%
c s  4.70 40 39 23 5723 85745 14691 21% 11 30570 7192 11%
c v  4.71 40 39 23 5723 85745 14691 21% 11 30531 7192 11%
c w  4.72 40 39 23 5723 85745 14684 21% 11 30531 7192 11%
c 
c  seconds  reductions      redundant   irredundant
c         MB     restarts          trail      variables
c          level      conflicts        glue        remaining
c 
c t  4.72 40 39 23 5723 85745 14673 21% 11 30531 7192 11%
c e  4.72 40 39 23 5723 85745 14665 21% 11 30475 7161 11%
c s  4.73 40 39 23 5723 85745 14639 21% 11 30423 7161 11%
c -  4.94 40 38 24 6154 90172 13972 21% 11 30423 7161 11%
c #  4.97 40 39 24 6277 91027 14752 21% 11 30423 7161 11%
c -  5.22 40 37 25 6722 97672 14676 21% 11 30423 7161 11%
c d  5.54 40 37 25 7540 105005 21208 22% 11 30423 7135 11%
c 3  5.54 40 37 25 7540 105005 24742 22% 11 30423 7135 11%
c 3  5.55 40 37 25 7540 105005 25560 22% 11 30423 7135 11%
c d  5.56 40 37 25 7540 105005 25525 22% 11 30423 7131 11%
c 2  5.56 40 37 25 7540 105005 25517 22% 11 30423 7131 11%
c p  5.57 40 37 25 7540 105005 30865 22% 11 30423 7130 11%
c d  5.57 40 37 25 7540 105005 30690 22% 11 30420 7126 11%
c B  5.58 40 37 25 7545 105028 30711 22% 11 30420 7126 11%
c -  5.61 40 38 26 7614 105473 16081 22% 11 30420 7126 11%
c -  5.96 40 37 27 8392 113573 16638 22% 11 30420 7126 11%
c s  6.05 40 37 27 8616 114964 17530 22% 11 30416 7126 11%
c v  6.07 40 37 27 8616 114964 17530 22% 11 30385 7126 11%
c w  6.07 40 37 27 8616 114964 17520 22% 11 30385 7126 11%
c t  6.07 40 37 27 8616 114964 17515 22% 11 30385 7126 11%
c 
c  seconds  reductions       redundant   irredundant
c         MB     restarts           trail      variables
c          level      conflicts         glue        remaining
c 
c e  6.08 40 37 27 8616 114964 17474 22% 11 30372 7112 11%
c s  6.09 40 37 27 8616 114964 17396 22% 11 30342 7112 11%
c e  6.09 40 37 27 8616 114964 17395 22% 11 30341 7111 11%
c W  6.37 40 38 27 9304 120029 22068 22% 11 30341 7111 11%
c -  6.44 40 38 28 9437 121973 17749 22% 11 30341 7111 11%
c }  6.63 40 37 28 9860 127007 21914 22% 11 30341 7111 11%
c [  6.63 40 96 28 9860 127007 21914 40% 50 30341 7111 11%
c -  6.76 40 92 29 9860 130675 18129 39% 48 30341 7111 11%
c B  7.05 40 87 29 9865 136030 23014 39% 46 30341 7111 11%
c -  7.19 40 88 30 9867 139677 18341 39% 46 30341 7111 11%
c d  7.22 40 88 30 9867 140006 18562 39% 45 30341 7089 11%
c 3  7.22 40 88 30 9867 140006 22260 39% 45 30341 7089 11%
c 3  7.23 40 88 30 9867 140006 23286 39% 45 30341 7089 11%
c d  7.23 40 88 30 9867 140006 23249 39% 45 30341 7085 11%
c p  7.25 40 88 30 9867 140006 28483 39% 45 30341 7085 11%
c d  7.25 40 88 30 9867 140006 28451 39% 45 30341 7081 11%
c s  7.84 40 93 30 9868 148456 36055 40% 50 30332 7081 11%
c v  7.86 40 93 30 9868 148456 36055 40% 50 30298 7081 11%
c w  7.87 40 93 30 9868 148456 36051 40% 50 30298 7081 11%
c t  7.88 40 93 30 9868 148456 36033 40% 50 30297 7081 11%
c 
c  seconds  reductions       redundant   irredundant
c         MB     restarts           trail      variables
c          level      conflicts         glue        remaining
c 
c e  7.88 40 93 30 9868 148456 35864 40% 50 30283 7064 11%
c s  7.89 40 93 30 9868 148456 35829 40% 50 30280 7064 11%
c -  7.95 40 93 31 9868 148978 18160 40% 50 30280 7064 11%
c W  8.26 40 94 31 9869 153031 21929 40% 51 30280 7064 11%
c -  8.55 40 92 32 9869 158578 18169 40% 51 30280 7064 11%
c -  9.19 40 90 33 9870 168484 18708 39% 52 30280 7064 11%
c I  9.35 40 89 33 9872 171032 21054 39% 52 30280 7064 11%
c -  9.70 40 90 34 9876 178685 18930 39% 51 30280 7064 11%
c d  9.78 40 91 34 9876 180008 20121 39% 51 30280 7059 11%
c 3  9.78 40 91 34 9876 180008 23449 39% 51 30280 7059 11%
c 3  9.79 40 91 34 9876 180008 24316 39% 51 30280 7059 11%
c d  9.79 40 91 34 9876 180008 24307 39% 51 30280 7058 11%
c p  9.81 40 91 34 9876 180008 29398 39% 51 30280 7058 11%
c d  9.81 40 91 34 9876 180008 29393 39% 51 30280 7057 11%
c s 10.25 40 90 34 9881 186255 35009 39% 51 30278 7057 11%
c v 10.27 40 90 34 9881 186255 35009 39% 51 30236 7057 11%
c w 10.28 40 90 34 9881 186255 35008 39% 51 30236 7057 11%
c t 10.28 40 90 34 9881 186255 35007 39% 51 30235 7057 11%
c e 10.29 40 90 34 9881 186255 34798 39% 51 30210 7037 11%
c s 10.30 40 90 34 9881 186255 34768 39% 51 30198 7037 11%
c 
c  seconds  reductions       redundant   irredundant
c         MB     restarts           trail      variables
c          level      conflicts         glue        remaining
c 
c - 10.51 45 89 35 9883 189185 20198 39% 50 30198 7037 11%
c B 10.57 45 89 35 9883 190036 20984 39% 50 30198 7037 11%
c - 11.20 40 91 36 9884 199990 20272 39% 50 30198 7037 11%
c W 11.95 40 87 36 9891 210038 29403 39% 49 30198 7037 11%
c - 12.03 40 87 37 9891 211090 20426 39% 49 30198 7037 11%
c - 12.77 40 84 38 9898 222491 20959 39% 48 30198 7037 11%
c d 12.95 40 83 38 9898 225008 23167 39% 47 30198 7034 11%
c 3 12.96 40 83 38 9898 225008 27295 39% 47 30198 7034 11%
c p 12.98 40 83 38 9898 225008 32388 39% 47 30198 7034 11%
c d 12.99 40 83 38 9898 225008 32384 39% 47 30198 7033 11%
c s 13.27 40 82 38 9899 228284 35182 39% 47 30198 7033 11%
c v 13.29 40 82 38 9899 228284 35182 39% 47 30122 7033 11%
c w 13.30 40 82 38 9899 228284 35179 39% 47 30122 7033 11%
c e 13.31 40 82 38 9899 228284 35158 39% 47 30116 7020 11%
c s 13.32 40 82 38 9899 228284 35138 39% 47 30113 7020 11%
c O 13.56 40 81 38 9899 231039 37514 39% 47 30113 7020 11%
c - 13.69 40 79 39 9899 234192 22097 38% 46 30113 7020 11%
c - 14.17 40 73 40 9900 246192 22408 36% 43 30113 7020 11%
c B 14.47 40 70 40 9901 253043 28872 35% 42 30113 7020 11%
c ] 14.54 40 70 40 9901 255007 30710 35% 41 30113 7020 11%
c 
c  seconds  reductions       redundant   irredundant
c         MB     restarts           trail      variables
c          level      conflicts         glue        remaining
c 
c { 14.54 40 37 40 9901 255007 30710 22% 11 30113 7020 11%
c - 14.71 40 37 41 10434 258492 23195 22% 11 30113 7020 11%
c - 15.23 40 36 42 12008 271092 22928 21% 11 30113 7020 11%
c d 15.42 40 36 42 12495 275009 26455 22% 11 30113 7006 11%
c 3 15.42 40 36 42 12495 275009 29764 22% 11 30113 7006 11%
c 3 15.42 40 36 42 12495 275009 30526 22% 11 30113 7006 11%
c d 15.43 40 36 42 12495 275009 30513 22% 11 30113 7004 11%
c 2 15.43 40 36 42 12495 275009 30512 22% 11 30113 7004 11%
c p 15.44 40 36 42 12495 275009 35619 22% 11 30113 7004 11%
c d 15.45 40 36 42 12495 275009 35613 22% 11 30113 7003 11%
c s 15.48 40 36 42 12495 275009 35051 22% 11 30110 7003 11%
c v 15.50 40 36 42 12495 275009 35051 22% 11 30020 7003 11%
c w 15.52 40 36 42 12495 275009 35048 22% 11 30020 7003 11%
c t 15.52 40 36 42 12495 275009 35042 22% 11 30020 7003 11%
c e 15.52 40 36 42 12495 275009 35030 22% 11 30001 6984 11%
c s 15.54 40 36 42 12495 275009 34975 22% 11 29991 6984 11%
c F 15.60 40 36 42 12593 276046 35949 22% 11 29991 6984 11%
c - 15.91 40 36 43 13940 283992 25980 21% 12 29991 6984 11%
c - 16.50 40 36 44 15960 297195 26171 21% 12 29991 6984 11%
c B 16.58 40 36 44 16034 300048 28721 22% 12 29991 6984 11%
c 
c  seconds  reductions        redundant   irredundant
c         MB      restarts           trail      variables
c          level       conflicts         glue        remaining
c 
c - 17.03 40 37 45 17176 310695 26889 22% 12 29991 6984 11%
c - 17.56 40 35 46 17755 324495 27570 22% 12 29991 6984 11%
c W 17.68 40 35 46 17790 325049 28076 22% 12 29991 6984 11%
c s 17.71 40 35 46 17815 325470 28212 22% 12 29986 6984 11%
c v 17.74 40 35 46 17815 325470 28212 22% 12 29854 6984 11%
c w 17.75 40 35 46 17815 325470 28207 22% 12 29854 6984 11%
c t 17.75 40 35 46 17815 325470 28199 22% 12 29854 6984 11%
c e 17.75 40 35 46 17815 325470 28165 22% 12 29832 6958 11%
c s 17.76 40 35 46 17815 325470 28126 22% 12 29821 6958 11%
c d 17.98 40 36 46 18553 330011 32207 26% 12 29821 6928 11%
c 3 17.98 40 36 46 18553 330011 35695 26% 12 29821 6928 11%
c 3 17.99 40 36 46 18553 330011 36640 26% 12 29821 6928 11%
c d 17.99 40 36 46 18553 330011 36604 26% 12 29821 6924 11%
c 2 18.00 40 36 46 18553 330011 36602 26% 12 29821 6924 11%
c p 18.01 40 36 46 18553 330011 41377 26% 12 29821 6924 11%
c d 18.01 40 36 46 18553 330011 41367 26% 12 29821 6922 11%
c - 18.55 40 37 47 19683 338595 30229 28% 12 29821 6922 11%
c # 18.84 40 35 47 19931 351051 40442 23% 12 29821 6922 11%
c - 18.92 40 34 48 20031 352996 28363 23% 12 29821 6922 11%
c - 19.57 40 34 49 21366 367697 28187 23% 12 29821 6922 11%
c 
c  seconds  reductions        redundant   irredundant
c         MB      restarts           trail      variables
c          level       conflicts         glue        remaining
c 
c B 20.04 40 34 49 21986 378052 36957 23% 12 29821 6922 11%
c s 20.16 40 34 49 22200 380060 38564 23% 12 29820 6922 11%
c v 20.19 40 34 49 22200 380060 38564 23% 12 29700 6922 11%
c w 20.20 40 34 49 22200 380060 38558 23% 12 29700 6922 11%
c t 20.20 40 34 49 22200 380060 38551 23% 12 29700 6922 11%
c e 20.21 40 34 49 22200 380060 38108 23% 12 29683 6899 11%
c s 20.22 40 34 49 22200 380060 38076 23% 12 29683 6899 11%
c - 20.41 40 34 50 22692 382698 29197 23% 12 29683 6899 11%
c d 20.67 40 34 50 23171 390011 35188 23% 12 29683 6887 11%
c 3 20.68 40 34 50 23171 390011 38504 23% 12 29683 6887 11%
c 3 20.68 40 34 50 23171 390011 39376 23% 12 29683 6887 11%
c d 20.69 40 34 50 23171 390011 39367 23% 12 29683 6886 11%
c p 20.71 40 34 50 23171 390011 44139 23% 12 29683 6885 11%
c - 21.14 40 34 51 23915 398000 31626 24% 12 29680 6885 11%
c W 21.54 40 33 51 23959 406053 37767 23% 12 29680 6885 11%
c - 21.90 40 32 52 24519 413600 30218 23% 12 29680 6885 11%
c - 22.62 40 32 53 26842 429501 31571 23% 12 29680 6885 11%
c F 22.79 40 31 53 26884 435054 36078 22% 12 29680 6885 11%
c s 23.01 40 31 53 27097 439005 39637 23% 12 29678 6885 11%
c v 23.04 40 31 53 27097 439005 39637 23% 12 29672 6885 11%
c 
c  seconds  reductions        redundant   irredundant
c         MB      restarts           trail      variables
c          level       conflicts         glue        remaining
c 
c w 23.05 40 31 53 27097 439005 39634 23% 12 29672 6885 11%
c t 23.05 40 31 53 27097 439005 39631 23% 12 29672 6885 11%
c e 23.06 40 31 53 27097 439005 39595 23% 12 29669 6881 11%
c s 23.07 40 31 53 27097 439005 39564 23% 12 29668 6881 11%
c - 23.39 40 31 54 27775 445702 32294 23% 12 29668 6881 11%
c d 23.70 40 30 54 27918 455012 39931 22% 12 29668 6871 11%
c 3 23.70 40 30 54 27918 455012 43143 22% 12 29668 6871 11%
c 3 23.71 40 30 54 27918 455012 44111 22% 12 29668 6871 11%
c d 23.71 40 30 54 27918 455012 44102 22% 12 29668 6870 11%
c p 23.73 40 30 54 27918 455012 48660 22% 12 29668 6870 11%
c d 23.73 40 30 54 27918 455012 48653 22% 12 29668 6869 11%
c - 24.04 40 29 55 28033 462202 32098 22% 12 29668 6869 11%
c B 24.18 40 29 55 28227 465055 34647 22% 12 29668 6869 11%
c - 24.84 40 29 56 30657 479002 33755 22% 12 29668 6869 11%
c W 25.67 40 27 56 30904 496057 48434 22% 12 29668 6869 11%
c - 25.68 40 27 57 30909 496102 34606 22% 12 29668 6869 11%
c s 25.95 40 27 57 31363 502252 39664 22% 12 29665 6869 11%
c v 25.98 40 27 57 31363 502252 39664 22% 12 29654 6869 11%
c w 25.99 40 27 57 31363 502252 39661 22% 12 29654 6869 11%
c e 26.00 40 27 57 31363 502252 39630 22% 12 29652 6866 11%
c 
c  seconds  reductions        redundant   irredundant
c         MB      restarts           trail      variables
c          level       conflicts         glue        remaining
c 
c s 26.01 40 27 57 31363 502252 39603 22% 12 29649 6866 11%
c e 26.02 40 27 57 31363 502252 39603 22% 12 29649 6865 11%
c } 26.40 40 28 57 32076 511007 47123 22% 12 29649 6865 11%
c [ 26.40 40 70 57 32076 511007 47123 39% 41 29649 6865 11%
c - 26.53 40 69 58 32076 513503 36375 39% 41 29649 6865 11%
c d 27.42 40 67 58 32076 525012 47350 39% 40 29649 6860 11%
c 3 27.44 40 67 58 32076 525012 51243 39% 40 29649 6860 11%
c p 27.46 40 67 58 32076 525012 55877 39% 40 29649 6860 11%
c d 27.47 40 67 58 32076 525012 55869 39% 40 29649 6859 11%
c W 27.80 40 67 58 32076 528061 58738 39% 39 29649 6859 11%
c - 28.00 49 67 59 32076 531203 37470 39% 39 29649 6859 11%
c - 29.42 40 65 60 32083 549203 36198 40% 39 29649 6859 11%
c I 30.43 40 63 60 32089 561063 46521 40% 38 29649 6859 11%
c - 30.76 43 64 61 32091 567503 36976 40% 38 29649 6859 11%
c s 30.90 43 65 61 32091 569793 39138 40% 39 29648 6859 11%
c v 30.93 43 65 61 32091 569793 39138 40% 39 29617 6859 11%
c w 30.95 43 65 61 32091 569793 39134 40% 39 29617 6859 11%
c e 30.95 43 65 61 32091 569793 39131 40% 39 29602 6845 10%
c s 30.96 43 65 61 32091 569793 39119 40% 39 29600 6845 10%
c - 31.94 43 65 62 32098 586104 37321 40% 39 29600 6845 10%
c 
c  seconds  reductions        redundant   irredundant
c         MB      restarts           trail      variables
c          level       conflicts         glue        remaining
c 
c B 32.36 43 64 62 32105 595064 45786 40% 38 29600 6845 10%
c d 32.65 43 66 62 32106 600013 50565 40% 38 29600 6844 10%
c 3 32.66 43 66 62 32106 600013 54642 40% 38 29600 6844 10%
c p 32.68 43 66 62 32106 600013 59315 40% 38 29600 6844 10%
c - 33.03 43 67 63 32106 605004 37780 41% 39 29600 6844 10%
c - 34.27 43 68 64 32108 624204 37880 41% 40 29600 6844 10%
c W 34.83 43 68 64 32112 630068 43217 41% 40 29600 6844 10%
c s 35.32 43 64 64 32119 641618 53532 40% 38 29600 6844 10%
c v 35.36 43 64 64 32119 641618 53532 40% 38 29578 6844 10%
c w 35.38 43 64 64 32119 641618 53528 40% 38 29578 6844 10%
c e 35.39 43 64 64 32119 641618 53524 40% 38 29567 6832 10%
c s 35.40 43 64 64 32119 641618 53513 40% 38 29562 6832 10%
c - 35.52 43 64 65 32120 643704 38333 40% 38 29562 6832 10%
c - 36.41 43 58 66 32128 663505 38069 38% 35 29562 6832 10%
c O 36.53 43 57 66 32129 666070 40278 38% 35 29562 6832 10%
c d 37.43 43 57 66 32136 680013 53256 38% 34 29562 6831 10%
c 3 37.44 43 57 66 32136 680013 57009 38% 34 29562 6831 10%
c p 37.47 43 57 66 32136 680013 61700 38% 34 29562 6831 10%
c - 37.75 43 57 67 32137 683607 39707 38% 34 29562 6831 10%
c B 39.49 43 57 67 32138 703071 57713 39% 35 29562 6831 10%
c 
c  seconds  reductions        redundant   irredundant
c         MB      restarts           trail      variables
c          level       conflicts         glue        remaining
c 
c - 39.62 52 57 68 32138 704009 40707 39% 35 29562 6831 10%
c s 41.10 52 57 68 32139 717702 52702 39% 36 29562 6831 10%
c v 41.14 52 57 68 32139 717702 52702 39% 36 29551 6831 10%
c w 41.16 52 57 68 32139 717702 52699 39% 36 29551 6831 10%
c s 41.18 52 57 68 32139 717702 52677 39% 36 29550 6831 10%
c - 42.03 45 57 69 32139 724709 40580 39% 36 29550 6831 10%
c W 43.98 45 57 69 32140 741073 54960 40% 37 29550 6831 10%
c - 44.27 54 58 70 32140 745710 41530 40% 37 29550 6831 10%
c 3 46.00 54 65 70 32140 765014 63002 41% 41 29550 6831 10%
c p 46.06 54 65 70 32140 765014 67669 41% 41 29550 6831 10%
c - 46.37 64 65 71 32140 767010 41167 41% 41 29550 6831 10%
c I 47.79 64 68 71 32140 780076 53366 41% 43 29550 6831 10%
c - 48.21 54 67 72 32140 788610 43561 40% 42 29550 6831 10%
c - 49.49 54 64 73 32143 810510 43202 38% 40 29550 6831 10%
c B 49.97 54 63 73 32148 820077 52121 37% 39 29550 6831 10%
c - 50.67 54 64 74 32155 832711 43727 37% 40 29550 6831 10%
c 3 52.76 54 64 74 32165 855014 66588 38% 41 29550 6831 10%
c p 52.79 54 64 74 32165 855014 71315 38% 41 29550 6831 10%
c - 52.84 54 64 75 32165 855213 42493 38% 41 29550 6831 10%
c W 53.61 54 64 75 32168 861080 47894 38% 41 29550 6831 10%
c 
c  seconds  reductions        redundant   irredundant
c         MB      restarts           trail      variables
c          level       conflicts         glue        remaining
c 
c - 54.94 63 64 76 32171 878013 44390 39% 41 29550 6831 10%
c - 57.09 63 64 77 32178 901115 45467 39% 41 29550 6831 10%
c O 57.29 63 64 77 32179 903081 47259 39% 41 29550 6831 10%
c - 58.29 36 58 78 32187 924515 45324 37% 37 29550 6831 10%
c B 59.91 36 55 78 32200 946082 65053 38% 35 29550 6831 10%
c - 60.08 45 56 79 32200 948215 45669 38% 35 29550 6831 10%
c d 60.20 45 56 79 32201 950015 47334 38% 35 29550 6830 10%
c 3 60.21 45 56 79 32201 950015 50832 38% 35 29550 6830 10%
c p 60.24 45 56 79 32201 950015 55551 38% 35 29550 6830 10%
c s 60.29 45 56 79 32201 950015 55232 38% 35 29550 6830 10%
c v 60.37 45 56 79 32201 950015 55232 38% 35 29532 6830 10%
c w 60.41 45 56 79 32201 950015 55225 38% 35 29532 6830 10%
c t 60.41 45 56 79 32201 950015 55224 38% 35 29532 6830 10%
c e 60.41 45 56 79 32201 950015 55223 38% 35 29531 6829 10%
c s 60.44 45 56 79 32201 950015 55140 38% 35 29530 6829 10%
c - 61.86 54 56 80 32202 972216 47462 38% 34 29530 6829 10%
c W 63.64 54 58 80 32203 990086 64379 39% 35 29530 6829 10%
c - 64.31 65 59 81 32203 996516 48085 39% 36 29530 6829 10%
c - 67.20 54 60 82 32212 1021117 49258 40% 37 29530 6829 10%
c ] 67.38 54 60 82 32213 1023008 50983 40% 37 29530 6829 10%
c 
c  seconds  reductions         redundant   irredundant
c         MB      restarts            trail      variables
c          level        conflicts         glue        remaining
c 
c { 67.38 54 28 82 32213 1023008 50983 22% 12 29530 6829 10%
c s 68.08 54 28 82 33068 1034515 61089 22% 12 29529 6829 10%
c v 68.13 54 28 82 33068 1034515 61089 22% 12 29529 6829 10%
c w 68.15 54 28 82 33068 1034515 61088 22% 12 29529 6829 10%
c t 68.15 54 28 82 33068 1034515 61087 22% 12 29528 6829 10%
c e 68.16 54 28 82 33068 1034515 58157 22% 12 29528 6828 10%
c s 68.18 54 28 82 33068 1034515 58141 22% 12 29528 6828 10%
c ^ 68.18 54 28 82 33068 1034515 58141 22% 12 29528 6828 10%
c # 68.20 54 28 82 33079 1035088 58532 22% 12 29528 6828 10%
c - 68.80 54 28 83 35424 1046017 46785 22% 12 29528 6828 10%
c d 68.93 54 28 83 35757 1050017 50009 22% 13 29528 6821 10%
c 3 68.93 54 28 83 35757 1050017 53014 22% 13 29528 6821 10%
c 3 68.94 54 28 83 35757 1050017 53853 22% 13 29528 6821 10%
c d 68.95 54 28 83 35757 1050017 53839 22% 13 29528 6820 10%
c p 68.97 54 28 83 35757 1050017 58381 22% 13 29528 6820 10%
c - 69.65 54 27 84 38579 1071218 46941 21% 13 29528 6820 10%
c B 70.02 54 27 84 38810 1081089 54672 21% 13 29528 6820 10%
c - 70.65 54 25 85 38885 1096718 45645 21% 12 29528 6820 10%
c - 71.82 54 25 86 42166 1122519 49732 21% 12 29528 6820 10%
c s 71.90 54 25 86 42203 1123244 50133 21% 12 29527 6820 10%
c 
c  seconds  reductions         redundant   irredundant
c         MB      restarts            trail      variables
c          level        conflicts         glue        remaining
c 
c w 71.96 54 25 86 42203 1123244 50130 21% 12 29527 6820 10%
c t 71.96 54 25 86 42203 1123244 50128 21% 12 29527 6820 10%
c e 71.97 54 25 86 42203 1123244 34756 21% 12 29732 6458 10%
c s 71.99 54 25 86 42203 1123244 34655 21% 12 29712 6458 10%
c e 72.00 54 25 86 42203 1123244 34522 21% 12 29713 6457 10%
c W 72.54 54 26 86 42743 1128092 38970 21% 13 29713 6457 10%
c - 73.51 54 26 87 43775 1148620 42418 21% 12 29713 6457 10%
c d 73.63 54 25 87 44053 1155017 47497 21% 12 29713 6452 10%
c 3 73.64 54 25 87 44053 1155017 50683 21% 12 29713 6452 10%
c 3 73.64 54 25 87 44053 1155017 51428 21% 12 29713 6452 10%
c d 73.65 54 25 87 44053 1155017 51405 21% 12 29713 6450 10%
c 2 73.65 54 25 87 44053 1155017 51404 21% 12 29713 6450 10%
c p 73.67 54 25 87 44053 1155017 55494 21% 12 29713 6450 10%
c - 74.43 54 25 88 46353 1175020 46504 21% 12 29713 6450 10%
c F 74.46 54 25 88 46353 1176093 47245 20% 12 29713 6450 10%
c - 75.70 54 24 89 47605 1201720 47648 20% 12 29713 6450 10%
c s 76.51 54 24 89 48688 1220140 61494 20% 12 29711 6450 10%
c v 76.55 54 24 89 48688 1220140 61494 20% 12 29711 6450 10%
c w 76.57 54 24 89 48688 1220140 61489 20% 12 29711 6450 10%
c t 76.57 54 24 89 48688 1220140 61486 20% 12 29709 6450 10%
c 
c  seconds  reductions         redundant   irredundant
c         MB      restarts            trail      variables
c          level        conflicts         glue        remaining
c 
c e 76.58 54 24 89 48688 1220140 61486 20% 12 29710 6449 10%
c s 76.62 54 24 89 48688 1220140 61326 20% 12 29709 6449 10%
c B 77.03 54 25 89 49073 1225094 65886 20% 12 29709 6449 10%
c - 77.32 54 25 90 49416 1228720 49830 20% 12 29709 6449 10%
c - 78.58 54 26 91 53121 1256020 49999 20% 13 29709 6449 10%
c d 79.00 54 26 91 54051 1265018 57037 19% 13 29709 6443 10%
c 3 79.01 54 26 91 54051 1265018 59753 19% 13 29709 6443 10%
c 3 79.01 54 26 91 54051 1265018 60632 19% 13 29709 6443 10%
c 2 79.03 54 26 91 54051 1265018 60631 19% 13 29709 6443 10%
c p 79.05 54 26 91 54051 1265018 64644 19% 13 29709 6442 10%
c W 79.88 54 25 91 54215 1275096 72584 19% 13 29706 6442 10%
c - 80.33 54 25 92 55721 1283623 49611 19% 13 29706 6442 10%
c - 81.28 54 25 93 58504 1311523 49468 19% 13 29706 6442 10%
c s 81.84 54 26 93 59481 1321516 58374 19% 13 29698 6442 10%
c v 81.88 54 26 93 59481 1321516 58374 19% 13 29694 6442 10%
c w 81.90 54 26 93 59481 1321516 58370 19% 13 29694 6442 10%
c t 81.91 54 26 93 59481 1321516 58369 19% 13 29694 6442 10%
c s 81.94 54 26 93 59481 1321516 58336 19% 13 29694 6442 10%
c # 82.10 54 26 93 59767 1326098 62135 19% 13 29694 6442 10%
c - 82.73 54 24 94 59973 1339723 50854 19% 13 29694 6442 10%
c 
c  seconds  reductions         redundant   irredundant
c         MB      restarts            trail      variables
c          level        conflicts         glue        remaining
c 
c - 83.87 54 24 95 63246 1368224 51599 19% 13 29694 6442 10%
c B 84.37 54 25 95 63977 1378099 60281 20% 13 29694 6442 10%
c d 84.44 54 25 95 64023 1380020 61946 20% 13 29694 6438 10%
c 3 84.45 54 25 95 64023 1380020 65582 20% 13 29694 6438 10%
c p 84.49 54 25 95 64023 1380020 69662 20% 13 29694 6437 10%
c - 84.98 54 24 96 64734 1397027 52110 20% 13 29691 6437 10%
c - 86.44 54 26 97 67051 1426127 53355 20% 13 29691 6437 10%
c s 86.56 54 26 97 67183 1427341 54202 20% 13 29687 6437 10%
c v 86.60 54 26 97 67183 1427341 54202 20% 13 29526 6437 10%
c w 86.62 54 26 97 67183 1427341 54200 20% 13 29526 6437 10%
c t 86.62 54 26 97 67183 1427341 54198 20% 13 29526 6437 10%
c s 86.66 54 26 97 67183 1427341 54165 20% 13 29526 6437 10%
c W 87.35 54 27 97 67573 1431100 57659 20% 13 29526 6437 10%
c - 88.83 54 28 98 69765 1455527 56271 20% 13 29526 6437 10%
c F 90.14 54 26 98 70644 1485103 79308 20% 13 29526 6437 10%
c - 90.17 54 26 99 70663 1485229 55108 20% 13 29526 6437 10%
c d 90.80 54 26 99 72681 1500020 67440 19% 13 29526 6435 10%
c 3 90.81 54 26 99 72681 1500020 71049 19% 13 29526 6435 10%
c d 90.82 54 26 99 72681 1500020 71041 19% 13 29526 6434 10%
c p 90.84 54 26 99 72681 1500020 74974 19% 13 29526 6434 10%
c 
c  seconds   reductions         redundant   irredundant
c         MB       restarts            trail      variables
c          level         conflicts         glue        remaining
c 
c - 91.81 54 27 100 74163 1515230 57683 20% 13 29526 6434 10%
c s 93.11 54 27 100 76025 1537218 76358 20% 13 29522 6434 10%
c v 93.16 54 27 100 76025 1537218 76358 20% 13 29507 6434 10%
c w 93.19 54 27 100 76025 1537218 76355 20% 13 29507 6434 10%
c t 93.19 54 27 100 76025 1537218 76354 20% 13 29507 6434 10%
c e 93.20 54 27 100 76025 1537218 76307 20% 13 29507 6433 10%
c s 93.23 54 27 100 76025 1537218 76261 20% 13 29507 6433 10%
c ^ 93.23 54 27 100 76025 1537218 76261 20% 13 29507 6433 10%
c B 93.30 54 27 100 76196 1540104 78528 20% 13 29507 6433 10%
c - 93.61 54 27 101 76271 1545530 58699 20% 13 29507 6433 10%
c i 93.75 54 26 101 76278 1548865 60947 20% 13 29507 6427 10%
c - 94.53 54 24 102 76700 1576136 52913 20% 12 29489 6427 10%
c W 95.77 54 22 102 76745 1596106 68097 20% 12 29489 6427 10%
c - 96.42 54 23 103 78004 1607036 57531 20% 12 29489 6427 10%
c d 97.15 54 21 103 78097 1625022 72075 20% 11 29489 6416 10%
c 3 97.16 54 21 103 78097 1625022 74894 20% 11 29489 6416 10%
c 3 97.16 54 21 103 78097 1625022 75611 20% 11 29489 6416 10%
c d 97.17 54 21 103 78097 1625022 75595 20% 11 29489 6415 10%
c p 97.20 54 21 103 78097 1625022 79122 20% 11 29489 6415 10%
c d 97.20 54 21 103 78097 1625022 79113 20% 11 29489 6413 10%
c 
c  seconds   reductions         redundant   irredundant
c         MB       restarts            trail      variables
c          level         conflicts         glue        remaining
c 
c - 97.91 54 21 104 78771 1638239 59647 20% 11 29489 6413 10%
c s 98.55 54 21 104 80460 1651489 69660 20% 12 29482 6413 10%
c v 98.59 54 21 104 80460 1651489 69660 20% 12 29475 6413 10%
c w 98.61 54 21 104 80460 1651489 69648 20% 12 29475 6413 10%
c t 98.61 54 21 104 80460 1651489 69646 20% 12 29475 6413 10%
c e 98.62 54 21 104 80460 1651489 60449 20% 12 29898 6200 10%
c s 98.66 54 21 104 80460 1651489 60393 20% 12 29875 6200 10%
c # 98.77 54 21 104 80501 1653107 61522 22% 12 29875 6200 10%
c - 99.36 54 20 105 80855 1669739 54620 18% 11 29875 6200 10%
c - 100.83 54 22 106 84324 1701539 58531 21% 12 29875 6200 10%
c B 101.23 54 22 106 85053 1711111 66676 22% 12 29875 6200 10%
c - 102.47 54 24 107 89865 1733639 60084 21% 12 29875 6200 10%
c d 103.49 54 25 107 93390 1755022 78689 21% 13 29875 6195  9%
c 3 103.50 54 25 107 93390 1755022 82324 21% 13 29875 6195  9%
c p 103.53 54 25 107 93390 1755022 85846 21% 13 29875 6195  9%
c - 103.85 54 24 108 93534 1766041 59027 20% 13 29875 6195  9%
c W 104.44 54 24 108 93563 1770113 61761 20% 12 29875 6195  9%
c s 104.66 54 24 108 93765 1773995 63800 20% 12 29870 6195  9%
c v 104.70 54 24 108 93765 1773995 63800 20% 12 29869 6195  9%
c w 104.73 54 24 108 93765 1773995 63793 20% 12 29869 6195  9%
c 
c  seconds    reductions         redundant   irredundant
c          MB       restarts            trail      variables
c           level         conflicts         glue        remaining
c 
c t 104.73 54 24 108 93765 1773995 63793 20% 12 29868 6195  9%
c e 104.73 54 24 108 93765 1773995 63364 20% 12 29873 6192  9%
c s 104.77 54 24 108 93765 1773995 63275 20% 12 29871 6192  9%
c - 105.78 54 24 109 95472 1798741 58242 20% 12 29871 6192  9%
c F 107.27 54 25 109 98941 1830114 84998 20% 13 29871 6192  9%
c - 107.42 54 25 110 99131 1831741 60353 20% 13 29871 6192  9%
c - 108.92 54 26 111 104327 1865041 62137 20% 13 29871 6192  9%
c d 110.11 54 26 111 107276 1890022 83886 21% 13 29871 6184  9%
c 3 110.12 54 26 111 107276 1890022 87355 21% 13 29871 6184  9%
c 2 110.13 54 26 111 107276 1890022 87354 21% 13 29871 6184  9%
c p 110.17 54 26 111 107276 1890022 90935 21% 13 29871 6183  9%
c B 110.22 54 26 111 107276 1891117 91740 21% 13 29871 6183  9%
c - 110.61 54 25 112 107342 1898641 63372 21% 13 29867 6183  9%
c s 110.76 54 25 112 107350 1901136 65138 21% 13 29863 6183  9%
c v 110.81 54 25 112 107350 1901136 65138 21% 13 29859 6183  9%
c w 110.84 54 25 112 107350 1901136 65133 21% 13 29859 6183  9%
c s 110.89 54 25 112 107350 1901136 65080 21% 13 29858 6183  9%
c - 112.07 54 24 113 110084 1932544 62459 21% 13 29858 6183  9%
c W 113.59 54 23 113 110993 1953120 79459 21% 13 29858 6183  9%
c - 114.26 54 22 114 111027 1966745 62436 21% 12 29858 6183  9%
c 
c  seconds    reductions          redundant   irredundant
c          MB       restarts             trail      variables
c           level          conflicts         glue        remaining
c 
c - 115.64 54 23 115 113575 2001246 64950 21% 12 29858 6183  9%
c # 116.37 54 22 115 114200 2016121 77144 21% 12 29858 6183  9%
c 3 117.08 54 23 115 116295 2030023 91484 21% 12 29858 6183  9%
c p 117.12 54 23 115 116295 2030023 94928 21% 12 29858 6183  9%
c s 117.38 54 23 115 116528 2032900 96974 21% 12 29855 6183  9%
c v 117.43 54 23 115 116528 2032900 96974 21% 12 29848 6183  9%
c w 117.46 54 23 115 116528 2032900 96974 21% 12 29848 6183  9%
c t 117.46 54 23 115 116528 2032900 96973 21% 12 29848 6183  9%
c s 117.52 54 23 115 116528 2032900 96906 21% 12 29848 6183  9%
c - 117.84 54 23 116 116909 2036046 65563 21% 12 29848 6183  9%
c } 118.28 54 23 116 117019 2047009 74597 21% 12 29848 6183  9%
c [ 118.28 54 60 116 117019 2047009 74597 45% 37 29848 6183  9%
c - 119.64 54 50 117 117030 2071148 64248 40% 32 29848 6183  9%
c I 120.09 54 47 117 117034 2080123 71644 39% 30 29848 6183  9%
c - 122.02 54 48 118 117040 2106548 66690 39% 30 29848 6183  9%
c - 125.46 70 53 119 117055 2142248 70820 40% 33 29848 6183  9%
c B 125.76 70 53 119 117055 2145127 73487 40% 34 29848 6183  9%
c d 128.55 70 56 119 117070 2175026 100833 40% 36 29848 6181  9%
c 3 128.56 70 56 119 117070 2175026 104061 40% 36 29848 6181  9%
c p 128.65 70 56 119 117070 2175026 107610 40% 36 29848 6181  9%
c 
c  seconds    reductions          redundant    irredundant
c          MB       restarts              trail      variables
c           level          conflicts          glue        remaining
c 
c s 128.73 70 56 119 117070 2175026 107309 40% 36 29848 6181  9%
c v 128.80 70 56 119 117070 2175026 107309 40% 36 29833 6181  9%
c w 128.85 70 56 119 117070 2175026 107304 40% 36 29833 6181  9%
c e 128.87 70 56 119 117070 2175026 107275 40% 36 29835 6180  9%
c s 128.91 70 56 119 117070 2175026 107242 40% 36 29834 6180  9%
c - 129.21 54 56 120 117070 2178248 70900 40% 35 29834 6180  9%
c W 133.12 54 55 120 117072 2211128 100373 40% 36 29834 6180  9%
c - 133.37 65 55 121 117072 2214549 69520 40% 35 29834 6180  9%
c - 135.84 80 59 122 117073 2251149 69811 39% 38 29834 6180  9%
c O 137.85 80 63 122 117073 2278130 95746 39% 40 29834 6180  9%
c - 138.53 80 61 123 117073 2288049 72178 39% 38 29834 6180  9%
c d 141.26 80 61 123 117074 2325026 107491 40% 36 29834 6179  9%
c 3 141.27 80 61 123 117074 2325026 110284 40% 36 29834 6179  9%
c p 141.34 80 61 123 117074 2325026 113798 40% 36 29834 6179  9%
c s 141.41 80 61 123 117074 2325026 113590 40% 36 29834 6179  9%
c v 141.48 80 61 123 117074 2325026 113590 40% 36 29811 6179  9%
c w 141.52 80 61 123 117074 2325026 113586 40% 36 29811 6179  9%
c s 141.56 80 61 123 117074 2325026 113559 40% 36 29811 6179  9%
c ^ 141.56 80 61 123 117074 2325026 113559 40% 36 29811 6179  9%
c - 141.62 80 61 124 117074 2325249 71096 40% 36 29811 6179  9%
c 
c  seconds    reductions          redundant   irredundant
c          MB       restarts             trail      variables
c           level          conflicts         glue        remaining
c 
c B 143.73 80 66 124 117074 2346132 90922 40% 39 29811 6179  9%
c - 145.14 80 70 125 117074 2362749 70463 40% 41 29811 6179  9%
c - 149.09 80 75 126 117074 2400551 71632 41% 46 29811 6179  9%
c W 151.28 80 76 126 117074 2415133 85156 41% 46 29811 6179  9%
c - 153.69 98 73 127 117081 2438651 74643 41% 46 29811 6179  9%
c s 156.30 98 70 127 117095 2470333 103831 39% 43 29811 6179  9%
c w 156.44 98 70 127 117095 2470333 103828 39% 43 29811 6179  9%
c e 156.47 98 70 127 117095 2470333 59398 39% 43 30865 5835  9%
c s 156.51 98 70 127 117095 2470333 59333 39% 43 30732 5835  9%
c - 157.05 80 71 128 117098 2477052 47161 39% 43 30731 5835  9%
c d 157.27 80 71 128 117100 2480028 49954 39% 43 30731 5832  9%
c 3 157.28 80 71 128 117100 2480028 52828 39% 43 30731 5832  9%
c p 157.31 80 71 128 117100 2480028 55476 39% 43 30731 5832  9%
c I 157.69 80 70 128 117103 2485134 60049 39% 43 30731 5832  9%
c - 159.74 80 72 129 117108 2515752 66043 39% 42 30731 5832  9%
c - 162.93 94 73 130 117127 2554752 69485 39% 44 30731 5832  9%
c B 163.06 94 73 130 117127 2556136 70776 39% 44 30731 5832  9%
c - 166.92 53 71 131 117136 2594052 69558 40% 45 30731 5832  9%
c W 172.26 53 68 131 117137 2628137 100105 41% 46 30731 5832  9%
c s 172.39 54 68 131 117137 2628530 100185 41% 46 30727 5832  9%
c 
c  seconds    reductions          redundant    irredundant
c          MB       restarts              trail      variables
c           level          conflicts          glue        remaining
c 
c v 172.47 54 68 131 117137 2628530 100185 41% 46 30723 5832  9%
c w 172.53 54 68 131 117137 2628530 100177 41% 46 30723 5832  9%
c t 172.53 54 68 131 117137 2628530 100177 41% 46 30720 5832  9%
c s 172.61 54 68 131 117137 2628530 100081 41% 46 30718 5832  9%
c - 173.16 74 70 132 117140 2633652 74720 40% 46 30718 5832  9%
c 3 173.74 74 71 132 117144 2640030 82697 40% 46 30718 5832  9%
c p 173.78 74 71 132 117144 2640030 85218 40% 46 30718 5832  9%
c - 176.05 56 67 133 117159 2673552 73564 38% 42 30718 5832  9%
c O 177.93 56 66 133 117168 2701140 97678 37% 41 30718 5832  9%
c - 178.45 67 61 134 117169 2713753 71367 35% 38 30718 5832  9%
c - 181.72 67 53 135 117189 2754253 71731 36% 34 30718 5832  9%
c B 183.83 67 49 135 117198 2775142 89751 37% 32 30718 5832  9%
c - 185.67 71 55 136 117199 2795053 75731 38% 36 30718 5832  9%
c 3 186.71 71 57 136 117200 2805032 87042 38% 38 30718 5832  9%
c p 186.75 71 57 136 117200 2805032 89590 38% 38 30718 5832  9%
c - 190.01 89 60 137 117201 2836156 76368 38% 41 30718 5832  9%
c W 191.44 89 62 137 117201 2850143 89598 38% 41 30718 5832  9%
c - 192.90 89 65 138 117201 2877556 76593 38% 40 30718 5832  9%
c - 196.66 89 69 139 117215 2919256 77521 40% 43 30718 5832  9%
c I 197.27 89 70 139 117216 2926144 83968 40% 44 30718 5832  9%
c 
c  seconds    reductions          redundant   irredundant
c          MB       restarts             trail      variables
c           level          conflicts         glue        remaining
c 
c - 200.65 91 69 140 117231 2961257 77592 41% 44 30718 5832  9%
c 3 202.23 91 70 140 117232 2975033 92342 41% 45 30718 5832  9%
c p 202.28 91 70 140 117232 2975033 94907 41% 45 30718 5832  9%
c B 205.55 91 70 140 117246 3003145 120719 40% 46 30718 5832  9%
c - 205.63 91 70 141 117246 3003557 80210 40% 46 30718 5832  9%
c - 211.22 91 68 142 117263 3046157 80633 41% 46 30718 5832  9%
c W 216.72 91 66 142 117264 3081146 110766 40% 48 30718 5832  9%
c - 217.52 107 65 143 117264 3089058 82328 40% 47 30718 5832  9%
c - 222.43 107 64 144 117282 3132258 82025 40% 46 30718 5832  9%
c 3 224.80 107 64 144 117293 3150033 99593 41% 47 30718 5832  9%
c p 224.86 107 64 144 117293 3150033 102094 41% 47 30718 5832  9%
c O 226.42 107 64 144 117294 3160151 110073 41% 48 30718 5832  9%
c - 227.68 107 60 145 117295 3175758 82767 40% 43 30718 5832  9%
c - 231.53 107 56 146 117316 3219560 82655 39% 39 30718 5832  9%
c B 233.60 107 56 146 117325 3240152 102111 40% 38 30718 5832  9%
c - 234.77 107 60 147 117327 3263660 81942 38% 40 30718 5832  9%
c - 237.10 70 65 148 117328 3308060 79095 35% 43 30718 5832  9%
c W 238.66 70 67 148 117328 3321153 91545 35% 45 30718 5832  9%
c 3 239.26 70 71 148 117328 3330033 101829 36% 46 30718 5832  9%
c p 239.31 70 71 148 117328 3330033 104358 36% 46 30718 5832  9%
c 
c  seconds    reductions          redundant   irredundant
c          MB       restarts             trail      variables
c           level          conflicts         glue        remaining
c 
c - 241.41 91 77 149 117328 3352763 81275 36% 50 30718 5832  9%
c - 246.39 72 76 150 117329 3397763 83610 37% 50 30718 5832  9%
c I 246.89 72 76 150 117329 3403156 88752 37% 50 30718 5832  9%
c - 251.89 94 73 151 117329 3443064 84663 38% 48 30718 5832  9%
c B 255.95 94 68 151 117329 3486158 124965 37% 44 30718 5832  9%
c - 256.24 72 68 152 117329 3488664 87223 37% 43 30718 5832  9%
c s 256.31 72 68 152 117329 3488664 86720 37% 43 30686 5832  9%
c v 256.45 72 68 152 117329 3488664 86720 37% 43 30593 5832  9%
c w 256.58 72 68 152 117329 3488664 86710 37% 43 30593 5832  9%
c e 256.59 72 68 152 117329 3488664 84083 37% 43 30626 5814  9%
c s 256.66 72 68 152 117329 3488664 83956 37% 43 30626 5814  9%
c 3 259.29 72 68 152 117330 3515035 110156 38% 44 30626 5814  9%
c 3 259.29 72 68 152 117330 3515035 110642 38% 44 30626 5814  9%
c p 259.35 72 68 152 117330 3515035 113205 38% 44 30626 5814  9%
c - 261.47 91 68 153 117330 3534564 85656 39% 44 30626 5814  9%
c W 266.86 91 66 153 117330 3570160 117559 39% 44 30626 5814  9%
c - 268.23 110 65 154 117330 3580764 87485 39% 43 30626 5814  9%
c - 273.64 110 65 155 117330 3627267 87037 40% 44 30626 5814  9%
c O 276.29 110 68 155 117330 3655161 112614 40% 45 30626 5814  9%
c - 277.64 110 62 156 117330 3674067 86771 38% 41 30626 5814  9%
c 
c  seconds     reductions          redundant    irredundant
c           MB       restarts              trail      variables
c            level          conflicts          glue        remaining
c 
c 3 280.01 110 55 156 117330 3705036 117024 36% 36 30626 5814  9%
c p 280.09 110 55 156 117330 3705036 119546 36% 36 30626 5814  9%
c - 281.27 110 53 157 117330 3721168 86353 35% 35 30626 5814  9%
c B 282.50 110 51 157 117330 3741162 104828 34% 34 30626 5814  9%
c - 284.97 110 59 158 117336 3768569 89582 36% 36 30626 5814  9%
c - 289.91 76 61 159 117359 3816269 90059 38% 39 30626 5814  9%
c W 291.79 76 62 159 117361 3828163 100923 38% 40 30626 5814  9%
c - 295.86 74 64 160 117374 3864271 89802 40% 41 30626 5814  9%
c 3 300.92 74 64 160 117390 3900040 123211 42% 43 30626 5814  9%
c p 300.99 74 64 160 117390 3900040 125782 42% 43 30626 5814  9%
c - 303.10 97 63 161 117392 3912572 87857 42% 43 30626 5814  9%
c I 303.51 97 63 161 117392 3916165 90859 42% 43 30626 5814  9%
c - 306.40 96 66 162 117394 3961174 88816 41% 42 30626 5814  9%
c B 309.49 96 66 162 117415 4005167 129833 40% 41 30626 5814  9%
c - 310.07 74 67 163 117419 4010074 89534 41% 42 30626 5814  9%
c - 317.34 103 70 164 117434 4059275 89720 43% 49 30626 5814  9%
c ] 323.71 103 71 164 117451 4095009 122892 44% 51 30626 5814  9%
c { 323.71 103 23 164 117451 4095009 122892 21% 12 30626 5814  9%
c B 323.80 103 23 164 117491 4095170 123049 21% 12 30626 5814  9%
c 3 324.10 103 23 164 118690 4100040 128866 21% 13 30626 5814  9%
c 
c  seconds     reductions          redundant    irredundant
c           MB       restarts              trail      variables
c            level          conflicts          glue        remaining
c 
c p 324.20 103 23 164 118690 4100040 131420 21% 13 30626 5814  9%
c s 324.84 103 23 164 119039 4104704 135320 21% 13 30624 5814  9%
c w 325.17 103 23 164 119039 4104704 135306 21% 13 30624 5814  9%
c s 325.27 103 23 164 119039 4104704 135213 21% 13 30623 5814  9%
c - 325.70 76 23 165 119295 4108775 92718 21% 13 30623 5814  9%
c - 328.88 85 25 166 122937 4158576 88473 21% 13 30623 5814  9%
c W 330.65 85 23 166 123478 4186172 110941 21% 12 30623 5814  9%
c - 332.19 85 23 167 125974 4208677 88890 20% 13 30623 5814  9%
c - 335.20 85 22 168 129246 4259079 89840 20% 12 30623 5814  9%
c F 336.38 85 22 168 129941 4278173 105908 20% 12 30623 5814  9%
c s 336.85 85 23 168 130402 4280544 107290 20% 12 30621 5814  9%
c v 336.91 85 23 168 130402 4280544 107290 20% 12 30618 5814  9%
c w 336.97 85 23 168 130402 4280544 107283 20% 12 30618 5814  9%
c t 336.97 85 23 168 130402 4280544 107282 20% 12 30618 5814  9%
c e 336.97 85 23 168 130402 4280544 107175 20% 12 30622 5813  9%
c s 337.08 85 23 168 130402 4280544 106976 20% 12 30622 5813  9%
c d 338.70 85 22 168 132491 4305040 126853 20% 12 30622 5811  9%
c 3 338.71 85 22 168 132491 4305040 128822 20% 12 30622 5811  9%
c p 338.77 85 22 168 132491 4305040 131204 20% 12 30622 5811  9%
c - 339.11 85 23 169 133488 4309779 94894 20% 12 30622 5811  9%
c 
c  seconds    reductions          redundant   irredundant
c          MB       restarts             trail      variables
c           level          conflicts         glue        remaining
c 
c - 341.71 85 24 170 140599 4360779 95683 19% 13 30622 5811  9%
c B 342.65 85 25 170 141745 4371175 105397 20% 13 30622 5811  9%
c - 344.91 85 24 171 144482 4412079 93688 19% 13 30622 5811  9%
c s 347.30 85 21 171 145458 4457938 128194 20% 12 30619 5811  9%
c v 347.37 85 21 171 145458 4457938 128194 20% 12 30618 5811  9%
c w 347.45 85 21 171 145458 4457938 128186 20% 12 30618 5811  9%
c t 347.45 85 21 171 145458 4457938 128183 20% 12 30618 5811  9%
c e 347.46 85 21 171 145458 4457938 127115 20% 12 30622 5810  9%
c s 347.55 85 21 171 145458 4457938 126876 20% 12 30622 5810  9%
c ^ 347.56 85 21 171 145458 4457938 126876 20% 12 30622 5810  9%
c - 347.97 85 20 172 145695 4463679 90526 20% 12 30622 5810  9%
c W 348.67 85 21 172 146060 4465176 91885 20% 12 30622 5810  9%
c d 350.75 85 20 172 150102 4515040 132131 20% 12 30622 5808  9%
c 3 350.76 85 20 172 150102 4515040 133714 20% 12 30622 5808  9%
c 3 350.76 85 20 172 150102 4515040 134245 20% 12 30622 5808  9%
c d 350.78 85 20 172 150102 4515040 134226 20% 12 30622 5806  9%
c p 350.82 85 20 172 150102 4515040 136591 20% 12 30622 5806  9%
c - 350.87 85 20 173 150236 4515579 93429 20% 12 30622 5806  9%
c # 353.54 85 22 173 155143 4560180 131779 20% 13 30622 5806  9%
c - 354.41 85 23 174 156323 4567779 99008 20% 13 30622 5806  9%
c 
c  seconds    reductions          redundant   irredundant
c          MB       restarts             trail      variables
c           level          conflicts         glue        remaining
c 
c - 357.41 85 24 175 162180 4620282 98905 20% 13 30622 5806  9%
c s 358.97 85 24 175 164415 4640185 113843 20% 13 30620 5806  9%
c w 359.10 85 24 175 164415 4640185 113836 20% 13 30620 5806  9%
c t 359.10 85 24 175 164415 4640185 113835 20% 13 30620 5806  9%
c e 359.13 85 24 175 164415 4640185 49011 20% 13 39174 4438  7%
c s 359.19 85 24 175 164415 4640185 48886 20% 13 38959 4438  7%
c B 359.91 85 25 175 165306 4656181 63156 27% 13 38959 4438  7%
c - 360.69 85 26 176 167693 4673082 60573 25% 13 38959 4438  7%
c - 363.03 85 26 177 173311 4726182 78132 25% 14 38959 4438  7%
c p 363.26 85 26 177 173513 4730043 85794 25% 14 38959 4438  7%
c W 364.88 85 26 177 174415 4753182 105664 25% 13 38959 4438  7%
c - 366.19 85 26 178 176167 4779582 86163 24% 14 38959 4438  7%
c - 368.33 85 26 179 178967 4833282 86318 24% 13 38959 4438  7%
c F 369.18 85 27 179 180263 4851185 101696 25% 13 38959 4438  7%
c s 371.14 85 26 179 182258 4884637 128798 24% 13 38948 4438  7%
c v 371.23 85 26 179 182258 4884637 128798 24% 13 38945 4438  7%
c w 371.31 85 26 179 182258 4884637 128779 24% 13 38945 4438  7%
c t 371.32 85 26 179 182258 4884637 128777 24% 13 38943 4438  7%
c e 371.32 85 26 179 182258 4884637 128773 24% 13 38941 4437  7%
c s 371.46 85 26 179 182258 4884637 128618 24% 13 38935 4437  7%
c 
c  seconds    reductions          redundant   irredundant
c          MB       restarts             trail      variables
c           level          conflicts         glue        remaining
c 
c - 371.70 85 26 180 182487 4887283 91135 24% 13 38935 4437  7%
c - 374.59 85 28 181 188775 4941583 92165 25% 14 38935 4437  7%
c 3 375.29 85 29 181 189568 4950044 100899 26% 14 38935 4436  7%
c 3 375.29 85 29 181 189568 4950044 101290 26% 14 38935 4436  7%
c p 375.34 85 29 181 189568 4950044 103136 26% 14 38935 4436  7%
c B 375.36 85 29 181 189591 4950186 103271 26% 14 38935 4436  7%
c - 377.57 85 28 182 191636 4996189 93693 25% 13 38935 4436  7%
c W 380.07 85 26 182 196860 5050187 138272 25% 14 38935 4436  7%
c - 380.12 85 26 183 197078 5051089 90291 25% 14 38935 4436  7%
c - 383.01 85 27 184 201629 5106289 91215 24% 14 38935 4436  7%
c s 384.01 85 26 184 203171 5135310 115102 24% 14 38919 4436  7%
c v 384.09 85 26 184 203171 5135310 115102 24% 14 38823 4436  7%
c w 384.15 85 26 184 203171 5135310 115092 24% 14 38823 4436  7%
c s 384.25 85 26 184 203171 5135310 115053 24% 14 38805 4436  7%
c # 384.89 85 26 184 204711 5151189 127681 24% 14 38805 4436  7%
c - 385.34 85 26 185 206018 5161790 92464 24% 14 38805 4436  7%
c 3 386.06 85 26 185 206716 5175044 106192 24% 14 38805 4436  7%
c 2 386.07 85 26 185 206716 5175044 106191 24% 14 38805 4436  7%
c p 386.11 85 26 185 206716 5175044 108055 24% 14 38805 4436  7%
c - 388.41 85 26 186 209405 5217592 93977 24% 14 38805 4436  7%
c 
c  seconds    reductions          redundant    irredundant
c          MB       restarts              trail      variables
c           level          conflicts          glue        remaining
c 
c B 389.42 85 24 186 210569 5253190 121779 23% 14 38805 4436  7%
c - 390.79 85 24 187 210943 5273692 92800 24% 13 38805 4436  7%
c - 394.05 85 24 188 213903 5330092 97029 25% 13 38805 4436  7%
c W 395.98 85 23 188 214627 5356193 117220 25% 12 38805 4436  7%
c - 397.51 85 20 189 214785 5386792 93525 25% 11 38805 4436  7%
c i 397.62 85 20 189 214785 5389232 94711 25% 11 38805 4433  7%
c s 398.01 85 20 189 215362 5391881 96443 25% 11 38801 4433  7%
c v 398.08 85 20 189 215362 5391881 96443 25% 11 38663 4433  7%
c w 398.13 85 20 189 215362 5391881 96429 25% 11 38663 4433  7%
c t 398.14 85 20 189 215362 5391881 96427 25% 11 38663 4433  7%
c e 398.14 85 20 189 215362 5391881 93915 25% 11 38738 4419  7%
c s 398.23 85 20 189 215362 5391881 93839 25% 11 38698 4419  7%
c d 398.91 85 22 189 218114 5405044 81137 25% 12 38698 4418  7%
c 3 398.92 85 22 189 218114 5405044 82374 25% 12 38698 4418  7%
c p 398.96 85 22 189 218114 5405044 84393 25% 12 38698 4418  7%
c d 398.96 85 22 189 218114 5405044 84387 25% 12 38698 4417  7%
c - 400.94 85 22 190 223557 5443792 90624 24% 12 38698 4417  7%
c F 401.59 85 22 190 226649 5460194 103689 24% 13 38698 4417  7%
c - 403.92 85 23 191 230336 5501093 95432 24% 13 38698 4417  7%
c - 406.56 85 24 192 235707 5558694 98440 23% 13 38698 4417  7%
c 
c  seconds    reductions          redundant    irredundant
c          MB       restarts              trail      variables
c           level          conflicts          glue        remaining
c 
c B 406.74 85 24 192 237307 5565195 104046 23% 13 38698 4417  7%
c - 409.03 85 23 193 238847 5616595 99081 23% 13 38698 4417  7%
c 3 410.21 85 23 193 240052 5640044 119214 23% 13 38698 4417  7%
c p 410.27 85 23 193 240052 5640044 121180 23% 13 38698 4417  7%
c s 411.34 85 24 193 241326 5654842 131933 23% 13 38674 4417  7%
c v 411.43 85 24 193 241326 5654842 131933 23% 13 38663 4417  7%
c w 411.50 85 24 193 241326 5654842 131922 23% 13 38663 4417  7%
c t 411.51 85 24 193 241326 5654842 131919 23% 13 38663 4417  7%
c e 411.51 85 24 193 241326 5654842 130766 23% 13 38682 4414  7%
c s 411.66 85 24 193 241326 5654842 130541 23% 13 38681 4414  7%
c W 413.24 85 24 193 243046 5671197 143535 23% 13 38681 4414  7%
c - 413.36 85 24 194 243764 5674796 99104 23% 13 38681 4414  7%
c - 416.98 85 25 195 249651 5733296 100418 23% 14 38681 4414  7%
c # 419.82 85 27 195 253913 5778199 138064 24% 14 38681 4414  7%
c - 420.48 85 26 196 254159 5792097 101443 23% 14 38681 4414  7%
c - 423.81 86 24 197 255781 5851197 102525 23% 13 38681 4414  7%
c d 425.47 86 25 197 258973 5880048 126159 23% 13 38681 4413  7%
c 3 425.49 86 25 197 258973 5880048 127769 23% 13 38681 4413  7%
c 2 425.50 86 25 197 258973 5880048 127768 23% 13 38681 4413  7%
c p 425.54 86 25 197 258973 5880048 129293 23% 13 38681 4413  7%
c 
c  seconds    reductions          redundant    irredundant
c          MB       restarts              trail      variables
c           level          conflicts          glue        remaining
c 
c B 426.09 86 25 197 259495 5886200 134713 23% 13 38681 4413  7%
c - 427.60 96 25 198 261208 5910598 105530 23% 13 38681 4413  7%
c s 428.34 96 25 198 262925 5924151 116011 23% 13 38679 4413  7%
c v 428.43 96 25 198 262925 5924151 116011 23% 13 38666 4413  7%
c w 428.51 96 25 198 262925 5924151 116002 23% 13 38666 4413  7%
c s 428.64 96 25 198 262925 5924151 115913 23% 13 38664 4413  7%
c - 431.96 96 26 199 267986 5970298 108480 23% 14 38664 4413  7%
c W 434.28 96 26 199 269143 5995202 130270 23% 13 38664 4413  7%
c - 437.07 96 27 200 272022 6030298 109442 23% 14 38664 4413  7%
c - 439.66 96 26 201 276973 6090599 107944 23% 14 38664 4413  7%
c F 440.55 96 26 201 277950 6105208 120411 23% 14 38664 4413  7%
c d 441.61 96 26 201 280358 6125048 137345 23% 14 38664 4412  7%
c 3 441.63 96 26 201 280358 6125048 139010 23% 14 38664 4412  7%
c 2 441.64 96 26 201 280358 6125048 139009 23% 14 38664 4412  7%
c p 441.69 96 26 201 280358 6125048 140519 23% 14 38664 4412  7%
c - 443.12 96 26 202 281178 6151201 107513 24% 14 38664 4412  7%
c s 445.56 96 25 202 285016 6199697 144767 24% 13 38659 4412  7%
c v 445.66 96 25 202 285016 6199697 144767 24% 13 38632 4412  7%
c w 445.75 96 25 202 285016 6199697 144753 24% 13 38632 4412  7%
c t 445.75 96 25 202 285016 6199697 144751 24% 13 38632 4412  7%
c 
c  seconds    reductions          redundant    irredundant
c          MB       restarts              trail      variables
c           level          conflicts          glue        remaining
c 
c e 445.77 96 25 202 285016 6199697 141877 24% 13 38725 4398  7%
c s 445.91 96 25 202 285016 6199697 141190 24% 13 38698 4398  7%
c - 447.05 96 25 203 286378 6212103 104308 24% 13 38698 4398  7%
c B 447.44 96 26 203 286874 6216210 108001 24% 13 38698 4398  7%
c - 450.26 96 25 204 290083 6273304 108945 24% 13 38698 4398  7%
c W 453.53 96 21 204 293245 6328212 153167 24% 13 38698 4398  7%
c - 454.04 96 22 205 294748 6334806 107685 24% 13 38698 4398  7%
c 3 456.06 96 23 205 298174 6375048 142235 24% 13 38698 4398  7%
c p 456.11 96 23 205 298174 6375048 144238 24% 13 38698 4398  7%
c - 457.26 96 22 206 299145 6396606 113509 24% 12 38698 4398  7%
c # 459.48 96 24 206 305353 6441213 151342 23% 13 38698 4398  7%
c - 460.86 96 24 207 307441 6458710 114851 24% 13 38698 4398  7%
c s 462.23 96 24 207 310258 6482058 131823 23% 13 38690 4398  7%
c v 462.33 96 24 207 310258 6482058 131823 23% 13 38683 4398  7%
c w 462.39 96 24 207 310258 6482058 131820 23% 13 38683 4398  7%
c t 462.39 96 24 207 310258 6482058 131819 23% 13 38683 4398  7%
c e 462.40 96 24 207 310258 6482058 131307 23% 13 38715 4394  7%
c s 462.55 96 24 207 310258 6482058 131208 23% 13 38715 4394  7%
c - 464.73 96 24 208 312764 6521112 110729 23% 14 38715 4394  7%
c B 466.52 96 25 208 315245 6555214 138847 23% 14 38715 4394  7%
c 
c  seconds    reductions          redundant    irredundant
c          MB       restarts              trail      variables
c           level          conflicts          glue        remaining
c 
c - 468.16 96 24 209 316777 6583813 109804 23% 14 38715 4394  7%
c p 470.60 96 24 209 319218 6630049 151134 23% 14 38715 4394  7%
c - 471.84 96 25 210 319936 6646813 112259 23% 14 38715 4394  7%
c W 474.09 96 26 210 321456 6670215 133469 24% 14 38715 4394  7%
c - 476.11 96 23 211 322446 6710114 112566 22% 13 38715 4394  7%
c s 480.52 96 25 211 328877 6770873 163787 24% 14 38712 4394  7%
c v 480.63 96 25 211 328877 6770873 163787 24% 14 38707 4394  7%
c w 480.70 96 25 211 328877 6770873 163784 24% 14 38707 4394  7%
c e 480.72 96 25 211 328877 6770873 163434 24% 14 38715 4393  7%
c s 480.86 96 25 211 328877 6770873 163406 24% 14 38715 4393  7%
c ^ 480.87 96 25 211 328877 6770873 163406 24% 14 38715 4393  7%
c - 480.99 96 25 212 329455 6773714 114770 24% 14 38715 4393  7%
c F 481.70 96 25 212 330906 6786216 124952 24% 14 38715 4393  7%
c - 485.65 96 25 213 333619 6837614 118393 24% 13 38715 4393  7%
c p 487.95 96 24 213 336127 6890050 164327 25% 13 38715 4393  7%
c - 489.19 96 24 214 337087 6901814 118753 25% 13 38715 4393  7%
c B 489.23 96 24 214 337442 6903219 120024 25% 13 38715 4393  7%
c - 494.54 96 28 215 343010 6966317 121246 26% 13 38715 4393  7%
c W 498.48 96 26 215 347677 7021220 167496 25% 13 38715 4393  7%
c - 499.86 96 27 216 348671 7031118 121633 25% 13 38715 4393  7%
c 
c  seconds    reductions          redundant    irredundant
c          MB       restarts              trail      variables
c           level          conflicts          glue        remaining
c 
c s 503.00 96 28 216 351481 7065997 152493 25% 13 38711 4393  7%
c v 503.10 96 28 216 351481 7065997 152493 25% 13 38689 4393  7%
c w 503.18 96 28 216 351481 7065997 152483 25% 13 38689 4393  7%
c t 503.18 96 28 216 351481 7065997 152482 25% 13 38689 4393  7%
c e 503.22 97 28 216 351481 7065997 72910 25% 13 45786 3812  6%
c s 503.34 97 28 216 351481 7065997 72696 25% 13 45596 3812  6%
c - 504.81 97 29 217 354006 7096219 72920 25% 14 45596 3812  6%
c # 506.56 97 28 217 356998 7140221 110623 27% 14 45596 3812  6%
c 3 507.19 97 28 217 357444 7155050 124381 27% 14 45596 3812  6%
c 2 507.21 97 28 217 357444 7155050 124605 27% 14 45592 3812  6%
c p 507.25 97 28 217 357444 7155050 125921 27% 14 45592 3812  6%
c - 507.44 97 27 218 357508 7161620 96392 27% 14 45592 3812  6%
c - 510.09 97 26 219 360176 7227320 100677 26% 14 45592 3812  6%
c B 511.62 97 27 219 362222 7260222 128893 26% 14 45592 3812  6%
c - 513.25 97 26 220 365444 7293320 104038 25% 14 45592 3812  6%
c - 517.51 97 27 221 371008 7359621 108753 26% 14 45592 3812  6%
c W 519.66 97 25 221 371469 7381223 126821 26% 13 45592 3812  6%
c s 521.22 97 24 221 371963 7409705 147817 26% 13 45568 3812  6%
c v 521.32 97 24 221 371963 7409705 147817 26% 13 45471 3812  6%
c w 521.41 97 24 221 371963 7409705 147784 26% 13 45471 3812  6%
c 
c  seconds    reductions          redundant    irredundant
c          MB       restarts              trail      variables
c           level          conflicts          glue        remaining
c 
c t 521.41 97 24 221 371963 7409705 147784 26% 13 45465 3812  6%
c e 521.42 97 24 221 371963 7409705 147784 26% 13 45480 3811  6%
c s 521.71 97 24 221 371963 7409705 147317 26% 13 45473 3811  6%
c p 522.50 97 24 221 374397 7425052 162473 25% 13 45473 3811  6%
c - 522.57 97 24 222 374681 7426221 111391 25% 13 45473 3811  6%
c - 527.21 97 26 223 380453 7493121 114017 26% 13 45473 3811  6%
c F 527.65 97 26 223 380752 7503224 122679 26% 13 45473 3811  6%
c - 530.27 97 26 224 387084 7560322 113129 26% 14 45473 3811  6%
c B 533.32 97 24 224 390060 7626225 166830 28% 12 45473 3811  6%
c - 533.71 97 24 225 390424 7627823 110788 28% 12 45473 3811  6%
c - 537.87 97 26 226 398935 7695623 118440 26% 13 45473 3811  6%
c 3 538.10 97 26 226 399281 7700057 123357 26% 13 45473 3811  6%
c p 538.16 97 26 226 399281 7700057 124974 26% 13 45473 3811  6%
c W 542.81 97 26 226 404836 7750226 167376 26% 14 45473 3811  6%
c s 544.03 97 26 226 406002 7760230 172267 26% 14 45459 3811  6%
c v 544.17 97 26 226 406002 7760230 172267 26% 14 45390 3811  6%
c w 544.27 97 26 226 406002 7760230 172252 26% 14 45390 3811  6%
c t 544.27 97 26 226 406002 7760230 172247 26% 14 45390 3811  6%
c e 544.28 97 26 226 406002 7760230 170870 26% 14 45426 3808  6%
c s 544.48 97 26 226 406002 7760230 170637 26% 14 45399 3808  6%
c 
c  seconds    reductions          redundant    irredundant
c          MB       restarts              trail      variables
c           level          conflicts          glue        remaining
c 
c - 545.05 97 27 227 406441 7763723 116611 26% 14 45399 3808  6%
c - 548.40 97 24 228 410417 7832123 113721 25% 14 45399 3808  6%
c # 551.73 97 26 228 414386 7875228 150862 25% 14 45399 3808  6%
c - 554.39 97 28 229 415958 7900824 118765 26% 14 45399 3808  6%
c - 558.51 97 28 230 421165 7969826 119622 27% 14 45399 3808  6%
c 3 559.12 97 28 230 422509 7980061 129330 26% 14 45399 3808  6%
c 2 559.14 97 28 230 422509 7980061 129721 26% 14 45399 3808  6%
c p 559.18 97 28 230 422509 7980061 130953 26% 14 45399 3808  6%
c B 560.48 97 27 230 423305 8001229 149405 26% 14 45399 3808  6%
c - 562.20 97 26 231 424978 8039126 118388 25% 14 45399 3808  6%
c - 566.20 97 26 232 429626 8108727 116482 25% 14 45399 3808  6%
c s 566.61 97 25 232 429638 8117786 123015 25% 14 45395 3808  6%
c v 566.72 97 25 232 429638 8117786 123015 25% 14 44996 3808  6%
c w 566.79 97 25 232 429638 8117786 123007 25% 14 44996 3808  6%
c e 566.81 97 25 232 429638 8117786 118759 25% 14 45158 3790  6%
c s 566.97 97 25 232 429638 8117786 118692 25% 14 45153 3790  6%
c W 568.31 97 25 232 430953 8128232 127549 24% 14 45153 3790  6%
c - 571.24 97 25 233 434582 8178627 115342 26% 14 45153 3790  6%
c } 571.55 97 24 233 434597 8191011 125691 26% 13 45153 3790  6%
c [ 571.55 97 71 233 434597 8191011 125691 71% 51 45153 3790  6%
c 
c  seconds    reductions          redundant    irredundant
c          MB       restarts              trail      variables
c           level          conflicts          glue        remaining
c 
c - 574.87 97 65 234 434602 8248827 120291 56% 39 45153 3790  6%
c W 576.48 97 67 234 434603 8256233 127273 56% 39 45153 3790  6%
c p 577.32 97 66 234 434603 8265063 137664 55% 39 45153 3782  6%
c - 583.74 127 64 235 434603 8319329 123172 51% 38 45112 3782  6%
c O 590.10 127 63 235 434633 8385235 183304 48% 39 45112 3782  6%
c - 590.59 97 61 236 434634 8390133 123737 47% 38 45112 3782  6%
c - 597.52 106 52 237 434663 8461233 121316 45% 33 45112 3782  6%
c s 599.56 106 51 237 434665 8482391 137343 44% 33 45089 3782  6%
c v 599.70 106 51 237 434665 8482391 137343 44% 33 45084 3782  6%
c w 599.79 106 51 237 434665 8482391 137325 44% 33 45084 3782  6%
c t 599.79 106 51 237 434665 8482391 137324 44% 33 45084 3782  6%
c s 599.95 106 51 237 434665 8482391 137153 44% 33 45084 3782  6%
c B 603.61 106 48 237 434666 8515237 165647 43% 32 45084 3782  6%
c - 605.33 106 51 238 434673 8532633 122607 44% 33 45084 3782  6%
c d 606.37 106 50 238 434681 8555065 142131 42% 32 45084 3781  6%
c p 606.44 106 50 238 434681 8555065 144635 42% 32 45084 3781  6%
c - 607.93 106 42 239 434697 8604334 114558 34% 28 45084 3781  6%
c W 612.14 106 45 239 434718 8646238 151216 38% 30 45084 3781  6%
c - 615.40 118 45 240 434728 8676334 119052 41% 30 45084 3781  6%
c - 624.29 118 41 241 434730 8748634 122751 45% 29 45084 3781  6%
c 
c  seconds     reductions          redundant    irredundant
c           MB       restarts              trail      variables
c            level          conflicts          glue        remaining
c 
c I 628.03 118 41 241 434730 8778240 148978 46% 29 45084 3781  6%
c - 632.78 118 52 242 434731 8821234 127237 48% 36 45084 3781  6%
c p 637.01 118 57 242 434731 8850065 156739 49% 40 45084 3781  6%
c s 637.96 118 58 242 434731 8854234 160107 49% 41 45084 3781  6%
c v 638.11 118 58 242 434731 8854234 160107 49% 41 45056 3781  6%
c w 638.24 118 58 242 434731 8854234 160092 49% 41 45056 3781  6%
c e 638.26 118 58 242 434731 8854234 159786 49% 41 45070 3779  6%
c s 638.44 118 58 242 434731 8854234 159728 49% 41 45063 3779  6%
c e 638.46 118 58 242 434731 8854234 159124 49% 41 45094 3777  6%
c - 644.54 90 62 243 434731 8894138 130560 50% 45 45094 3777  6%
c B 646.74 90 63 243 434731 8911242 145316 50% 45 45094 3777  6%
c - 656.44 90 63 244 434754 8967339 128762 51% 46 45094 3777  6%
c - 667.93 118 61 245 434780 9040839 128222 52% 45 45094 3777  6%
c W 669.48 118 61 245 434783 9045243 131913 52% 45 45094 3777  6%
c - 677.20 118 58 246 434794 9114641 129964 49% 41 45094 3777  6%
c p 679.30 118 58 246 434809 9150067 165196 46% 38 45094 3777  6%
c O 680.74 118 53 246 434824 9180245 190310 42% 35 45094 3777  6%
c - 681.35 118 51 247 434825 9188741 127504 41% 33 45094 3777  6%
c s 684.56 118 48 247 434840 9233463 169760 40% 30 45089 3777  6%
c v 684.72 118 48 247 434840 9233463 169760 40% 30 45039 3777  6%
c 
c  seconds     reductions          redundant    irredundant
c           MB       restarts              trail      variables
c            level          conflicts          glue        remaining
c 
c w 684.88 118 48 247 434840 9233463 169742 40% 30 45039 3777  6%
c e 684.90 118 48 247 434840 9233463 169330 40% 30 45053 3775  6%
c s 685.15 118 48 247 434840 9233463 169255 40% 30 45039 3775  6%
c e 685.17 118 48 247 434840 9233463 168643 40% 30 45071 3773  6%
c - 688.26 118 48 248 434855 9263142 130513 41% 30 45071 3773  6%
c B 695.29 118 49 248 434857 9316246 178786 44% 34 45071 3773  6%
c - 697.62 119 56 249 434858 9337843 131302 45% 38 45071 3773  6%
c - 706.61 151 64 250 434873 9412844 133045 45% 45 45071 3773  6%
c W 709.44 151 57 250 434888 9453248 168486 40% 41 45071 3773  6%
c p 709.61 151 56 250 434889 9455069 172242 39% 41 45071 3773  6%
c - 710.98 119 49 251 434901 9488144 125663 35% 36 45071 3773  6%
c - 716.63 119 40 252 434921 9563745 126745 33% 30 45071 3773  6%
c I 719.02 119 40 252 434926 9591250 151427 34% 29 45071 3773  6%
c s 720.83 119 42 252 434938 9619932 177287 32% 30 45059 3773  6%
c w 721.09 119 42 252 434938 9619932 177283 32% 30 45059 3773  6%
c s 721.25 119 42 252 434938 9619932 177231 32% 30 45052 3773  6%
c - 723.16 123 46 253 434950 9639645 132173 35% 31 45052 3773  6%
c - 730.39 123 56 254 434976 9715845 131045 40% 37 45052 3773  6%
c B 731.21 123 55 254 434982 9730251 144093 39% 36 45052 3773  6%
c p 733.58 123 52 254 434984 9765069 178872 39% 33 45052 3773  6%
c 
c  seconds     reductions          redundant    irredundant
c           MB       restarts              trail      variables
c            level          conflicts          glue        remaining
c 
c - 735.33 123 47 255 434985 9792346 132699 36% 30 45052 3773  6%
c - 742.61 123 38 256 434986 9869146 137972 33% 26 45052 3773  6%
c W 743.76 123 38 256 434986 9870253 139014 33% 26 45052 3773  6%
c - 750.51 123 45 257 434986 9946247 136892 37% 30 45052 3773  6%
c O 755.60 123 49 257 434987 10011257 197119 38% 30 45052 3773  6%
c - 756.49 135 47 258 434987 10023649 138357 37% 29 45052 3773  6%
c 2 761.04 135 42 258 434987 10080069 192301 37% 26 45052 3773  6%
c p 761.12 135 42 258 434987 10080069 193631 37% 26 45052 3773  6%
c - 763.90 135 44 259 434987 10101353 136581 39% 28 45052 3773  6%
c B 770.41 135 46 259 434987 10153259 184703 42% 30 45052 3773  6%
c - 775.32 135 46 260 434987 10179357 139231 43% 32 45052 3773  6%
c - 787.78 92 46 261 434988 10257657 144731 45% 34 45052 3773  6%
c W 794.85 92 45 261 434988 10296262 179580 45% 34 45052 3773  6%
c - 802.01 91 45 262 434988 10336257 146771 46% 34 45052 3773  6%
c p 812.24 91 44 262 434988 10400069 205021 46% 34 45052 3773  6%
c - 814.85 91 44 263 434988 10415160 147799 46% 34 45052 3773  6%
c I 818.34 91 44 263 434988 10440266 167282 45% 34 45052 3773  6%
c - 825.05 126 53 264 434988 10494360 143833 47% 39 45052 3773  6%
c - 837.15 131 58 265 434988 10573861 143654 48% 44 45052 3773  6%
c B 838.72 131 59 265 434988 10585269 154058 48% 45 45052 3773  6%
c 
c  seconds     reductions           redundant    irredundant
c           MB       restarts               trail      variables
c            level          conflicts           glue        remaining
c 
c - 847.29 126 63 266 434988 10653664 144393 46% 45 45052 3773  6%
c p 855.88 126 66 266 434988 10725072 211466 44% 47 45052 3773  6%
c W 857.59 126 66 266 434988 10731270 216971 44% 47 45052 3773  6%
c - 857.92 120 66 267 434988 10733764 144526 44% 47 45052 3773  6%
c - 867.67 151 68 268 435003 10814164 138472 45% 50 45052 3773  6%
c O 875.63 151 66 268 435027 10878271 194780 44% 48 45052 3773  6%
c - 876.48 151 63 269 435034 10894864 142810 41% 44 45052 3773  6%
c - 883.25 151 54 270 435051 10975864 141049 39% 37 45052 3773  6%
c B 889.82 151 53 270 435073 11026272 185552 43% 37 45052 3773  6%
c p 892.82 151 56 270 435082 11055076 214369 44% 39 45052 3773  6%
c - 893.13 151 56 271 435082 11057164 140866 44% 39 45052 3773  6%
c - 903.68 151 58 272 435113 11138764 138994 47% 42 45052 3773  6%
c W 908.73 151 57 272 435114 11175274 172166 48% 42 45052 3773  6%
c - 915.44 151 56 273 435115 11220665 141984 48% 43 45052 3773  6%
c - 927.54 97 55 274 435144 11302865 149121 48% 43 45052 3773  6%
c I 930.46 97 55 274 435146 11325276 169089 48% 43 45052 3773  6%
c - 936.46 97 62 275 435175 11385368 149151 47% 43 45052 3773  6%
c p 937.02 97 62 275 435176 11390079 155776 47% 43 45052 3773  6%
c - 946.77 125 60 276 435192 11468168 142801 46% 44 45052 3773  6%
c B 947.67 125 60 276 435193 11476278 149723 46% 44 45052 3773  6%
c 
c  seconds     reductions           redundant    irredundant
c           MB       restarts               trail      variables
c            level          conflicts           glue        remaining
c 
c - 958.09 125 60 277 435222 11551269 142820 46% 46 45052 3773  6%
c W 969.98 125 61 277 435241 11628279 208469 46% 47 45052 3773  6%
c - 970.76 126 61 278 435241 11634669 149610 45% 46 45052 3773  6%
c s 970.95 126 61 278 435241 11634669 149258 45% 46 45052 3773  6%
c v 971.26 126 61 278 435241 11634669 149258 45% 46 45009 3773  6%
c w 971.72 126 61 278 435241 11634669 149238 45% 46 45009 3773  6%
c s 971.91 126 61 278 435241 11634669 149037 45% 46 45008 3773  6%
c - 983.50 126 64 279 435243 11718370 142537 49% 50 45008 3773  6%
c p 985.22 126 65 279 435243 11730079 155295 49% 51 45008 3773  6%
c O 993.87 126 66 279 435243 11781281 200092 50% 52 45008 3773  6%
c - 996.15 159 59 280 435243 11802372 148140 48% 46 45008 3773  6%
c - 1005.00 158 53 281 435264 11886672 149755 47% 38 45008 3773  6%
c B 1011.06 158 54 281 435279 11935284 193518 47% 39 45008 3773  6%
c - 1014.50 160 63 282 435296 11971275 150718 49% 44 45008 3773  6%
c - 1024.86 159 64 283 435313 12056176 145545 49% 49 45008 3773  6%
c p 1027.73 159 65 283 435321 12075079 164127 49% 50 45008 3773  6%
c W 1030.92 159 64 283 435328 12090286 177118 49% 50 45008 3773  6%
c - 1038.01 126 60 284 435344 12141377 144569 48% 48 45008 3773  6%
c - 1050.02 127 53 285 435369 12226877 137054 48% 45 45008 3773  6%
c I 1052.72 127 52 285 435370 12246293 152005 48% 44 45008 3773  6%
c 
c   seconds     reductions           redundant    irredundant
c            MB       restarts               trail      variables
c             level          conflicts           glue        remaining
c 
c - 1060.77 160 55 286 435371 12312679 148049 49% 42 45008 3773  6%
c - 1071.84 159 58 287 435404 12398780 148359 49% 44 45008 3773  6%
c B 1072.45 159 58 287 435408 12403295 152227 49% 45 45008 3773  6%
c p 1075.53 159 58 287 435416 12425082 172071 49% 45 45008 3773  6%
c - 1083.11 160 59 288 435433 12485180 150180 48% 44 45008 3773  6%
c W 1095.00 160 62 288 435459 12561297 217617 48% 48 45008 3773  6%
c - 1096.58 127 62 289 435463 12571882 151876 47% 47 45008 3773  6%
c - 1109.69 130 62 290 435494 12658884 146111 48% 51 45008 3773  6%
c O 1118.41 130 60 290 435497 12720301 194972 48% 51 45008 3773  6%
c - 1119.59 130 53 291 435497 12746185 148166 43% 44 45008 3773  6%
c p 1121.58 130 49 291 435498 12780082 182252 40% 38 45008 3773  6%
c - 1126.96 131 46 292 435498 12833787 154140 41% 35 45008 3773  6%
c B 1133.24 131 43 292 435498 12880303 197733 42% 34 45008 3773  6%
c - 1137.36 170 55 293 435499 12921687 163197 44% 39 45008 3773  6%
c - 1150.06 171 67 294 435499 13009888 154754 48% 51 45008 3773  6%
c W 1155.24 171 71 294 435499 13041307 183083 48% 52 45008 3773  6%
c - 1163.35 164 70 295 435499 13098389 152359 47% 54 45008 3773  6%
c p 1169.22 164 69 295 435499 13140083 189491 47% 55 45008 3773  6%
c - 1176.83 132 69 296 435506 13187191 152549 47% 55 45008 3773  6%
c I 1178.67 132 69 296 435514 13203309 166677 47% 55 45008 3773  6%
c 
c   seconds     reductions           redundant    irredundant
c            MB       restarts               trail      variables
c             level          conflicts           glue        remaining
c 
c - 1185.98 162 62 297 435541 13276291 155929 46% 46 45008 3773  6%
c - 1197.42 162 56 298 435562 13365691 155175 47% 41 45008 3773  6%
c B 1197.49 162 56 298 435562 13366310 155708 47% 41 45008 3773  6%
c - 1208.84 162 51 299 435593 13455392 155892 46% 41 45008 3773  6%
c p 1214.84 162 49 299 435617 13505083 194535 45% 41 45008 3773  6%
c W 1219.46 162 49 299 435624 13530311 214626 46% 41 45008 3773  6%
c - 1221.22 162 49 300 435625 13545394 152206 45% 41 45008 3773  6%
c - 1229.75 162 47 301 435626 13635694 154460 43% 38 45008 3773  6%
c O 1236.01 162 49 301 435655 13695312 208023 46% 38 45008 3773  6%
c - 1238.83 162 46 302 435660 13726294 160612 44% 35 45008 3773  6%
c s 1239.14 162 46 302 435660 13726294 160118 44% 35 45008 3773  6%
c v 1239.39 162 46 302 435660 13726294 160118 44% 35 45007 3773  6%
c w 1240.05 162 46 302 435660 13726294 159938 44% 35 45007 3773  6%
c s 1240.36 162 46 302 435660 13726294 159702 44% 35 45003 3773  6%
c - 1250.31 162 44 303 435689 13817194 164498 38% 34 45003 3773  6%
c B 1255.70 162 45 303 435703 13861313 204548 38% 33 45003 3773  6%
c p 1257.11 162 48 303 435707 13875083 219767 40% 35 45003 3773  6%
c - 1261.24 195 50 304 435720 13908395 166711 43% 37 45003 3773  6%
c - 1274.23 162 52 305 435751 13999895 158792 48% 41 45003 3773  6%
c W 1279.15 162 51 305 435752 14028317 181166 49% 42 45003 3773  6%
c 
c   seconds     reductions           redundant    irredundant
c            MB       restarts               trail      variables
c             level          conflicts           glue        remaining
c 
c - 1290.35 162 50 306 435753 14091696 157764 50% 42 45003 3773  6%
c - 1304.87 195 49 307 435754 14183797 159585 51% 42 45003 3773  6%
c I 1306.80 195 49 307 435754 14196319 169572 52% 42 45003 3773  6%
c p 1310.33 195 55 307 435762 14250083 223080 49% 37 45003 3773  6%
c - 1311.36 162 49 308 435774 14276198 164216 45% 33 45003 3773  6%
c B 1317.64 162 47 308 435807 14365322 246820 45% 32 45003 3773  6%
c - 1317.85 162 48 309 435810 14368899 164398 44% 32 45003 3773  6%
c - 1327.37 162 57 310 435832 14461900 164268 45% 38 45003 3773  6%
c W 1337.58 162 56 310 435858 14535324 227415 42% 40 45003 3773  6%
c - 1340.11 194 59 311 435866 14555202 164524 44% 42 45003 3773  6%
c p 1351.13 194 66 311 435880 14630084 230953 48% 50 45003 3773  6%
c - 1354.52 162 67 312 435881 14648802 159720 48% 51 45003 3773  6%
c O 1365.00 162 65 312 435884 14706326 208530 49% 51 45003 3773  6%
c - 1368.43 200 64 313 435902 14742702 166675 48% 47 45003 3773  6%
c - 1381.23 162 67 314 435939 14836903 167632 47% 48 45003 3773  6%
c B 1386.83 162 63 314 435944 14878328 205102 47% 44 45003 3773  6%
c - 1393.06 200 63 315 435959 14931404 167966 48% 43 45003 3773  6%
c p 1405.53 200 61 315 435990 15015084 246350 49% 44 45003 3773  6%
c - 1407.53 162 60 316 435996 15026206 167647 49% 44 45003 3773  6%
c W 1412.37 162 59 316 436005 15051332 186951 49% 45 45003 3773  6%
c 
c   seconds     reductions           redundant    irredundant
c            MB       restarts               trail      variables
c             level          conflicts           glue        remaining
c 
c - 1423.60 196 58 317 436008 15121307 161011 49% 46 45003 3773  6%
c - 1437.28 162 57 318 436009 15216707 170664 48% 45 45003 3773  6%
c I 1438.50 162 57 318 436009 15225333 178025 48% 45 45003 3773  6%
c - 1448.98 196 56 319 436010 15312408 172514 46% 41 45003 3773  6%
c B 1464.22 196 55 319 436010 15400334 253391 44% 41 45003 3773  6%
c p 1465.09 196 55 319 436010 15405085 259978 45% 41 45003 3773  6%
c - 1465.58 162 55 320 436010 15408409 178832 45% 41 45003 3773  6%
c - 1476.89 197 57 321 436010 15504710 171643 46% 42 45003 3773  6%
c W 1489.92 197 59 321 436011 15576335 233359 47% 45 45003 3773  6%
c - 1494.44 162 60 322 436011 15601311 175143 47% 46 45003 3773  6%
c - 1513.72 198 64 323 436011 15698213 165480 48% 53 45003 3773  6%
c O 1522.52 198 64 323 436011 15753336 212102 49% 53 45003 3773  6%
c - 1526.01 162 52 324 436011 15795413 175557 45% 42 45003 3773  6%
c s 1526.23 162 52 324 436011 15795413 175335 45% 42 45003 3773  6%
c w 1527.14 162 52 324 436011 15795413 175310 45% 42 45003 3773  6%
c p 1527.81 162 52 324 436011 15800087 181942 45% 41 45003 3773  6%
c - 1540.14 205 58 325 436011 15892913 176256 47% 38 45003 3773  6%
c B 1546.92 205 59 325 436011 15931338 212792 47% 38 45003 3773  6%
c - 1553.91 162 64 326 436011 15990717 183515 47% 39 45003 3773  6%
c - 1570.82 209 75 327 436011 16088817 184983 47% 44 45003 3773  6%
c 
c   seconds     reductions           redundant    irredundant
c            MB       restarts               trail      variables
c             level          conflicts           glue        remaining
c 
c W 1575.57 209 77 327 436012 16110341 205044 47% 46 45003 3773  6%
c - 1588.57 162 74 328 436012 16187217 178694 50% 51 45003 3773  6%
c p 1591.12 162 74 328 436012 16200087 192165 50% 51 45003 3773  6%
c - 1605.37 210 70 329 436012 16285917 182896 50% 52 45003 3773  6%
c I 1606.03 210 70 329 436012 16290343 187010 50% 52 45003 3773  6%
c ] 1615.40 210 57 329 436012 16383013 259110 42% 45 45003 3773  6%
c { 1615.40 210 24 329 436012 16383013 259110 26% 13 45003 3773  6%
c - 1615.87 162 24 330 436385 16384917 165137 26% 13 45003 3773  6%
c s 1619.38 162 23 330 440906 16445586 201900 25% 13 45002 3773  6%
c F 1621.81 162 24 330 444512 16471345 223757 25% 13 45002 3773  6%
c - 1623.48 162 24 331 446385 16484219 155551 25% 13 45002 3773  6%
c - 1630.75 162 25 332 452981 16583822 168607 25% 14 45002 3773  6%
c p 1631.91 162 25 332 453883 16605087 187570 25% 14 45002 3773  6%
c B 1634.51 162 25 332 458667 16653346 227153 24% 14 45002 3773  6%
c - 1635.90 162 23 333 459398 16683723 168565 24% 14 45002 3773  6%
c - 1641.90 162 24 334 466023 16783923 169557 23% 14 45002 3773  6%
c W 1646.96 162 26 334 468302 16836347 216022 24% 14 45002 3773  6%
c s 1649.76 162 27 334 469749 16860428 236999 24% 14 44996 3773  6%
c v 1650.01 162 27 334 469749 16860428 236999 24% 14 44995 3773  6%
c w 1650.24 162 27 334 469749 16860428 236983 24% 14 44995 3773  6%
c 
c   seconds     reductions           redundant    irredundant
c            MB       restarts               trail      variables
c             level          conflicts           glue        remaining
c 
c s 1650.60 162 27 334 469749 16860428 236885 24% 14 44994 3773  6%
c - 1653.47 162 27 335 470947 16884423 180101 25% 14 44994 3773  6%
c - 1658.47 162 25 336 475221 16985224 175826 26% 14 44994 3773  6%
c p 1660.47 162 25 336 477903 17015088 204251 25% 14 44994 3773  6%
c # 1660.75 162 25 336 478125 17020354 208137 25% 14 44994 3773  6%
c - 1664.88 162 24 337 482349 17086325 176745 26% 14 44994 3773  6%
c - 1672.88 162 26 338 490568 17187725 181143 25% 14 44994 3773  6%
c B 1674.39 162 26 338 492248 17205355 195956 25% 14 44994 3773  6%
c s 1681.20 162 26 338 497330 17282390 260859 24% 14 44991 3773  6%
c w 1681.52 162 26 338 497330 17282390 260857 24% 14 44991 3773  6%
c t 1681.52 162 26 338 497330 17282390 260856 24% 14 44991 3773  6%
c s 1681.89 162 26 338 497330 17282390 260762 24% 14 44990 3773  6%
c - 1683.30 162 26 339 497895 17289425 183716 24% 14 44990 3773  6%
c W 1694.86 98 27 339 503386 17391356 270603 26% 14 44990 3773  6%
c - 1694.93 117 27 340 503386 17391426 185703 26% 14 44990 3773  6%
c d 1698.03 117 26 340 504792 17430088 219938 26% 13 44990 3772  6%
c p 1698.13 117 26 340 504792 17430088 222288 26% 13 44990 3772  6%
c - 1703.79 137 25 341 508480 17493727 189496 25% 13 44990 3772  6%
c F 1711.07 137 25 341 517300 17578357 260418 24% 14 44990 3772  6%
c - 1711.97 137 24 342 517627 17596328 188168 24% 13 44990 3772  6%
c 
c   seconds     reductions           redundant    irredundant
c            MB       restarts               trail      variables
c             level          conflicts           glue        remaining
c 
c - 1720.78 137 24 343 526374 17699228 187297 23% 14 44990 3772  6%
c s 1721.48 137 24 343 527993 17711489 196961 23% 14 44988 3772  6%
c w 1721.76 137 24 343 527993 17711489 196950 23% 14 44988 3772  6%
c s 1722.11 137 24 343 527993 17711489 196822 23% 14 44987 3772  6%
c B 1726.77 137 26 343 531685 17766360 243454 24% 14 44987 3772  6%
c - 1729.67 137 26 344 533311 17802429 187639 24% 14 44987 3772  6%
c p 1731.63 137 24 344 534341 17850090 228429 25% 14 44987 3771  6%
c - 1736.64 137 25 345 538218 17905930 186310 25% 14 44987 3771  6%
c W 1740.80 137 25 345 540831 17955361 226794 25% 14 44987 3771  6%
c - 1745.33 137 25 346 544386 18009730 188610 25% 14 44987 3771  6%
c - 1756.38 137 28 347 551159 18113830 195142 26% 14 44987 3771  6%
c # 1758.84 137 27 347 553439 18145362 222316 26% 14 44987 3771  6%
c s 1759.56 137 27 347 553552 18147776 224341 27% 14 44986 3771  6%
c v 1759.70 137 27 347 553552 18147776 224341 27% 14 44985 3771  6%
c w 1759.87 137 27 347 553552 18147776 224335 27% 14 44985 3771  6%
c e 1759.89 137 27 347 553552 18147776 224089 27% 14 45001 3770  6%
c s 1760.24 137 27 347 553552 18147776 224023 27% 14 45001 3770  6%
c - 1769.41 137 28 348 558409 18218231 197743 27% 14 45001 3770  6%
c p 1772.36 137 26 348 561240 18275093 245493 26% 14 45001 3770  6%
c - 1776.88 137 27 349 566475 18322931 191063 25% 14 45001 3770  6%
c 
c   seconds     reductions           redundant    irredundant
c            MB       restarts               trail      variables
c             level          conflicts           glue        remaining
c 
c B 1778.00 137 26 349 566915 18336363 203327 25% 14 45001 3770  6%
c - 1782.91 137 24 350 569959 18427932 188048 26% 13 45001 3770  6%
c W 1791.39 137 25 350 576355 18528364 273878 26% 14 45001 3770  6%
c - 1791.68 137 25 351 577416 18533232 192935 26% 14 45001 3770  6%
c s 1796.55 137 26 351 582090 18591364 242438 26% 14 44998 3770  6%
c v 1796.70 137 26 351 582090 18591364 242438 26% 14 44997 3770  6%
c w 1796.86 137 26 351 582090 18591364 242432 26% 14 44997 3770  6%
c s 1797.23 137 26 351 582090 18591364 242351 26% 14 44996 3770  6%
c - 1800.05 137 25 352 584255 18638832 194833 26% 14 44996 3770  6%
c p 1804.71 137 24 352 588250 18705093 252980 25% 13 44996 3770  6%
c F 1806.01 137 24 352 589895 18721365 266812 24% 13 44996 3770  6%
c - 1808.53 137 24 353 591876 18744732 195070 25% 13 44996 3770  6%
c - 1815.80 137 24 354 599492 18850932 191096 25% 14 44996 3770  6%
c B 1822.51 137 26 354 605989 18915367 247432 25% 14 44996 3770  6%
c - 1826.11 137 25 355 609507 18957432 197677 26% 14 44996 3770  6%
c s 1832.13 137 24 355 614252 19042087 268503 24% 13 44995 3770  6%
c w 1832.45 137 24 355 614252 19042087 268500 24% 13 44995 3770  6%
c t 1832.46 137 24 355 614252 19042087 268499 24% 13 44995 3770  6%
c s 1832.85 137 24 355 614252 19042087 268422 24% 13 44995 3770  6%
c - 1836.00 138 25 356 616272 19064234 200389 25% 13 44995 3770  6%
c 
c   seconds     reductions           redundant    irredundant
c            MB       restarts               trail      variables
c             level          conflicts           glue        remaining
c 
c W 1839.22 138 25 356 619641 19110369 239951 24% 14 44995 3770  6%
c p 1842.01 138 23 356 620210 19140093 266434 26% 13 44995 3769  6%
c - 1846.39 138 23 357 622649 19171336 199444 27% 13 44995 3769  6%
c - 1857.82 138 26 358 631071 19278736 204317 25% 13 44995 3769  6%
c # 1859.51 138 25 358 632919 19306370 227665 25% 14 44995 3769  6%
c - 1865.36 138 24 359 636266 19386436 199649 26% 14 44995 3769  6%
c - 1874.74 138 24 360 643429 19494436 199666 24% 13 44995 3769  6%
c s 1875.87 138 25 360 644123 19499960 204451 24% 13 44986 3769  6%
c v 1876.03 138 25 360 644123 19499960 204451 24% 13 44985 3769  6%
c w 1876.15 138 25 360 644123 19499960 204445 24% 13 44985 3769  6%
c s 1876.54 138 25 360 644123 19499960 204389 24% 13 44984 3769  6%
c B 1876.76 138 25 360 644906 19503371 207383 24% 13 44984 3769  6%
c p 1883.39 138 25 360 650524 19580094 275594 23% 14 44984 3769  6%
c - 1885.60 138 24 361 651345 19602737 205568 25% 14 44984 3769  6%
c W 1896.39 138 25 361 657315 19701372 290603 28% 13 44984 3769  6%
c - 1897.43 157 25 362 658301 19711337 206671 27% 13 44984 3769  6%
c - 1905.08 157 25 363 666208 19820237 206933 26% 14 44984 3769  6%
c F 1909.14 157 24 363 669017 19900373 271920 27% 14 44984 3769  6%
c - 1911.65 157 24 364 670253 19929439 202069 28% 13 44984 3769  6%
c s 1913.74 157 23 364 671550 19964993 229314 27% 13 44982 3769  6%
c 
c   seconds     reductions           redundant    irredundant
c            MB       restarts               trail      variables
c             level          conflicts           glue        remaining
c 
c w 1914.00 157 23 364 671550 19964993 229309 27% 13 44982 3769  6%
c s 1914.40 157 23 364 671550 19964993 229258 27% 13 44982 3769  6%
c p 1919.14 157 24 364 676651 20025094 282355 26% 14 44982 3769  6%
c - 1920.77 157 25 365 679478 20038941 202179 26% 14 44982 3769  6%
c B 1924.74 157 25 365 682485 20100374 252673 27% 14 44982 3769  6%
c - 1929.24 157 26 366 686063 20148746 204127 27% 14 44982 3769  6%
c - 1938.36 157 26 367 693921 20258848 206646 26% 14 44982 3769  6%
c W 1944.69 157 26 367 696256 20301378 244109 26% 14 44982 3769  6%
c - 1951.95 157 27 368 702128 20369248 212523 26% 14 44982 3769  6%
c s 1957.61 157 25 368 706102 20437171 269751 26% 14 44980 3769  6%
c w 1957.94 157 25 368 706102 20437171 269743 26% 14 44980 3769  6%
c e 1957.96 157 25 368 706102 20437171 266338 26% 14 45012 3767  6%
c s 1958.48 157 25 368 706102 20437171 266269 26% 14 45010 3767  6%
c p 1960.93 157 24 368 708641 20475095 299174 25% 14 45010 3767  6%
c - 1961.85 157 25 369 708885 20479950 209758 26% 14 45010 3767  6%
c # 1963.86 157 25 369 711983 20503382 230760 26% 14 45010 3767  6%
c - 1972.15 157 26 370 717728 20590952 213485 26% 14 45010 3767  6%
c - 1982.44 161 25 371 726277 20702252 214230 25% 14 45010 3767  6%
c B 1983.00 161 26 371 726794 20706384 218068 25% 14 45010 3767  6%
c - 1995.00 161 26 372 735173 20813852 217198 27% 14 45010 3767  6%
c 
c   seconds     reductions           redundant    irredundant
c            MB       restarts               trail      variables
c             level          conflicts           glue        remaining
c 
c W 2006.30 161 27 372 743117 20910385 301662 26% 14 45010 3767  6%
c s 2007.79 161 27 372 743541 20916726 307208 27% 14 45008 3767  6%
c w 2008.20 161 27 372 743541 20916726 307197 27% 14 45008 3767  6%
c s 2008.78 161 27 372 743541 20916726 307110 27% 14 45008 3767  6%
c - 2009.41 161 27 373 743724 20925753 221709 27% 14 45008 3767  6%
c p 2009.65 161 27 373 743774 20930099 227630 27% 14 45008 3767  6%
c - 2017.32 161 24 374 747190 21037954 213443 27% 14 45008 3767  6%
c F 2021.81 161 23 374 751546 21115386 276538 26% 13 45008 3767  6%
c - 2026.41 161 24 375 754567 21150456 211864 26% 14 45008 3767  6%
c - 2036.73 161 24 376 763259 21263256 215076 25% 14 45008 3767  6%
c B 2042.02 161 25 376 767546 21321388 264590 25% 14 45008 3767  6%
c - 2047.72 161 25 377 771310 21376356 218214 25% 14 45008 3767  6%
c p 2048.61 161 24 377 771339 21390099 231417 26% 13 45008 3767  6%
c s 2050.31 161 24 377 771849 21403431 242460 26% 13 45006 3767  6%
c v 2050.48 161 24 377 771849 21403431 242460 26% 13 45006 3767  6%
c w 2050.66 161 24 377 771849 21403431 242452 26% 13 45006 3767  6%
c t 2050.67 161 24 377 771849 21403431 242451 26% 13 45006 3767  6%
c s 2051.23 161 24 377 771849 21403431 242340 26% 13 45005 3767  6%
c - 2059.58 161 24 378 776373 21489757 219093 26% 13 45005 3767  6%
c W 2064.37 161 24 378 779191 21528389 252581 27% 13 45005 3767  6%
c 
c   seconds     reductions           redundant    irredundant
c            MB       restarts               trail      variables
c             level          conflicts           glue        remaining
c 
c - 2075.73 161 26 379 787279 21603459 227412 27% 13 45005 3767  6%
c - 2084.87 162 26 380 796144 21717460 226877 26% 14 45005 3767  6%
c # 2086.02 162 25 380 796838 21736390 242190 26% 14 45005 3767  6%
c - 2093.40 98 22 381 801541 21831760 216566 25% 13 45005 3767  6%
c 3 2095.47 98 23 381 803459 21855099 237444 26% 13 45005 3767  6%
c p 2095.55 98 23 381 803459 21855099 238378 26% 13 45005 3767  6%
c s 2100.10 101 24 381 808179 21897278 272960 25% 13 45000 3767  6%
c v 2100.27 101 24 381 808179 21897278 272960 25% 13 44998 3767  6%
c w 2100.51 101 24 381 808179 21897278 272951 25% 13 44998 3767  6%
c s 2101.07 101 24 381 808179 21897278 272795 25% 13 44998 3767  6%
c B 2105.48 101 24 381 811016 21945392 313455 25% 14 44998 3767  6%
c - 2105.82 118 24 382 811155 21946361 222849 25% 14 44998 3767  6%
c - 2116.20 118 24 383 818406 22061263 220226 27% 13 44998 3767  6%
c W 2127.03 118 25 383 826369 22155396 301417 26% 14 44998 3767  6%
c - 2129.01 119 25 384 828949 22176468 222410 25% 14 44998 3767  6%
c - 2140.39 141 25 385 837891 22291968 226196 25% 14 44998 3767  6%
c 3 2142.83 141 26 385 838859 22325100 257156 26% 14 44998 3767  6%
c p 2142.94 141 26 385 838859 22325100 258056 26% 14 44998 3767  6%
c F 2144.46 141 24 385 839446 22366399 290931 27% 14 44998 3767  6%
c s 2147.88 141 24 385 840684 22398251 318750 26% 14 44991 3767  6%
c 
c   seconds     reductions           redundant    irredundant
c            MB       restarts               trail      variables
c             level          conflicts           glue        remaining
c 
c v 2148.07 141 24 385 840684 22398251 318750 26% 14 44988 3767  6%
c w 2148.29 141 24 385 840684 22398251 318747 26% 14 44988 3767  6%
c t 2148.30 141 24 385 840684 22398251 318746 26% 14 44988 3767  6%
c s 2148.87 141 24 385 840684 22398251 318647 26% 14 44985 3767  6%
c - 2149.43 163 23 386 840913 22407770 222815 26% 14 44985 3767  6%
c - 2160.49 163 23 387 847517 22523871 220605 24% 13 44985 3767  6%
c B 2164.27 163 19 387 847769 22578404 261249 27% 12 44985 3767  6%
c - 2174.13 98 23 388 857091 22640271 221933 26% 13 44985 3767  6%
c - 2185.21 119 25 389 868727 22756976 232701 26% 14 44985 3767  6%
c W 2189.70 119 26 389 871021 22791408 262451 27% 14 44985 3767  6%
c 3 2189.96 119 26 389 871076 22800100 270481 27% 14 44985 3767  6%
c p 2190.07 119 26 389 871076 22800100 271428 27% 14 44985 3767  6%
c - 2196.04 140 24 390 877267 22873977 228235 25% 14 44985 3767  6%
c s 2198.88 140 24 390 879697 22906323 254393 24% 14 44983 3767  6%
c v 2199.05 140 24 390 879697 22906323 254393 24% 14 44978 3767  6%
c w 2199.27 140 24 390 879697 22906323 254386 24% 14 44978 3767  6%
c s 2199.96 140 24 390 879697 22906323 254231 24% 14 44977 3767  6%
c - 2206.44 140 24 391 884729 22991277 223804 24% 14 44977 3767  6%
c # 2206.91 140 23 391 884752 23005410 234269 22% 14 44977 3767  6%
c - 2215.22 140 24 392 890440 23108877 222940 25% 14 44977 3767  6%
c 
c   seconds     reductions           redundant    irredundant
c            MB       restarts               trail      variables
c             level          conflicts           glue        remaining
c 
c B 2221.87 140 22 392 894618 23220411 309458 23% 14 44977 3767  6%
c - 2222.30 140 22 393 894713 23226777 216006 24% 14 44977 3767  6%
c 3 2226.61 140 24 393 898163 23280101 264680 25% 14 44977 3767  6%
c 2 2226.64 140 24 393 898163 23280101 264679 25% 14 44977 3767  6%
c p 2226.72 140 24 393 898163 23280101 265654 25% 14 44977 3767  6%
c - 2232.26 140 23 394 900184 23344978 224908 26% 13 44977 3767  6%
c s 2240.72 140 22 394 905246 23421512 289619 26% 13 44976 3767  6%
c w 2241.10 140 22 394 905246 23421512 289616 26% 13 44976 3767  6%
c e 2241.12 140 22 394 905246 23421512 288867 26% 13 44992 3766  6%
c s 2241.64 140 22 394 905246 23421512 288800 26% 13 44990 3766  6%
c e 2241.65 140 22 394 905246 23421512 288779 26% 13 45005 3765  6%
c W 2244.58 140 23 394 907888 23436412 301052 26% 13 45005 3765  6%
c - 2247.36 142 23 395 910283 23463478 227602 25% 13 45005 3765  6%
c - 2261.77 165 25 396 921384 23582278 232795 25% 14 45005 3765  6%
c F 2267.53 165 24 396 927150 23653414 291277 24% 14 45005 3765  6%
c - 2272.37 165 25 397 929860 23701378 231813 24% 14 45005 3765  6%
c 3 2278.68 165 25 397 934677 23765101 286975 25% 14 45005 3765  6%
c p 2278.82 165 25 397 934677 23765101 287912 25% 14 45005 3765  6%
c - 2285.61 165 25 398 937483 23820778 233941 25% 14 45005 3765  6%
c B 2292.25 165 25 398 942029 23871415 277541 26% 14 45005 3765  6%
c 
c   seconds     reductions           redundant    irredundant
c            MB       restarts               trail      variables
c             level          conflicts           glue        remaining
c 
c - 2302.55 165 27 399 946837 23940478 238009 28% 14 45005 3765  6%
c s 2303.51 165 27 399 946930 23944100 240745 28% 14 44999 3765  6%
c v 2303.68 165 27 399 946930 23944100 240745 28% 14 44996 3765  6%
c w 2303.93 165 27 399 946930 23944100 240726 28% 14 44996 3765  6%
c e 2303.95 165 27 399 946930 23944100 239159 28% 14 45012 3764  6%
c s 2304.06 165 27 399 946930 23944100 239117 28% 14 45012 3764  6%
c - 2315.11 165 25 400 952544 24060478 239777 25% 14 45012 3764  6%
c W 2318.81 165 24 400 956500 24090416 264565 24% 14 45012 3764  6%
c - 2325.98 165 23 401 959868 24180780 235408 26% 13 45012 3764  6%
c 3 2331.49 165 21 401 964934 24255102 295526 25% 13 45012 3764  6%
c p 2331.62 165 21 401 964934 24255102 296453 25% 13 45012 3764  6%
c - 2341.13 165 24 402 970514 24301380 237850 25% 14 45012 3764  6%
c # 2342.06 165 25 402 971083 24310419 246124 26% 13 45012 3764  6%
c - 2357.06 165 24 403 977610 24422282 242213 28% 13 45012 3764  6%
c s 2362.13 165 22 403 979893 24473937 283328 28% 13 45010 3764  6%
c v 2362.31 165 22 403 979893 24473937 283328 28% 13 45009 3764  6%
c w 2362.56 165 22 403 979893 24473937 283317 28% 13 45009 3764  6%
c s 2362.76 165 22 403 979893 24473937 283246 28% 13 45009 3764  6%
c B 2367.96 165 19 403 982008 24531420 325927 28% 12 45009 3764  6%
c - 2371.46 165 21 404 984123 24543482 238008 28% 13 45009 3764  6%
c 
c   seconds     reductions           redundant    irredundant
c            MB       restarts               trail      variables
c             level          conflicts           glue        remaining
c 
c - 2389.76 165 23 405 995331 24664982 248893 27% 13 45009 3764  6%
c 3 2397.92 165 24 405 1004315 24750102 322100 25% 14 45009 3764  6%
c p 2398.06 165 24 405 1004315 24750102 323008 25% 14 45009 3764  6%
c W 2399.10 165 24 405 1004376 24753421 325516 25% 14 45009 3764  6%
c - 2403.33 166 24 406 1006261 24786782 249647 26% 14 45009 3764  6%
c - 2413.82 166 24 407 1017002 24908882 242649 26% 14 45009 3764  6%
c F 2418.36 166 20 407 1018344 24976422 292542 27% 13 45009 3764  6%
c s 2423.17 166 21 407 1020614 25010919 323202 26% 13 45005 3764  6%
c w 2423.60 166 21 407 1020614 25010919 323187 26% 13 45005 3764  6%
c s 2423.76 166 21 407 1020614 25010919 323177 26% 13 45005 3764  6%
c - 2425.69 166 22 408 1024611 25031282 236392 26% 13 45005 3764  6%
c - 2439.08 166 24 409 1035440 25153982 246835 25% 14 45005 3764  6%
c B 2441.70 166 23 409 1036867 25200423 284232 25% 14 45005 3764  6%
c 3 2445.25 166 23 409 1039164 25250103 326630 26% 13 45005 3763  6%
c p 2445.39 166 23 409 1039164 25250103 327562 26% 13 45005 3763  6%
c - 2446.49 166 22 410 1039270 25276982 238444 27% 13 45005 3763  6%
c - 2455.72 166 19 411 1046945 25400283 230764 28% 12 45005 3763  6%
c W 2458.89 166 18 411 1047428 25425425 250037 28% 12 45005 3763  6%
c - 2470.05 102 20 412 1057232 25523884 240524 28% 13 45005 3763  6%
c s 2474.23 105 22 412 1061769 25555042 267511 28% 13 45002 3763  6%
c 
c   seconds     reductions            redundant    irredundant
c            MB        restarts               trail      variables
c             level           conflicts           glue        remaining
c 
c v 2474.42 105 22 412 1061769 25555042 267511 28% 13 45001 3763  6%
c w 2474.61 105 22 412 1061769 25555042 267506 28% 13 45001 3763  6%
c s 2474.75 105 22 412 1061769 25555042 267495 28% 13 45001 3763  6%
c - 2488.36 126 25 413 1070430 25647784 253835 28% 14 45001 3763  6%
c # 2488.62 126 25 413 1070560 25651426 256712 28% 13 45001 3763  6%
c 3 2497.89 126 24 413 1076132 25755104 346010 28% 13 45001 3763  6%
c p 2498.04 126 24 413 1076132 25755104 346982 28% 13 45001 3763  6%
c - 2499.77 126 24 414 1077136 25771984 252593 28% 13 45001 3763  6%
c B 2508.98 126 25 414 1084688 25878427 343306 27% 14 45001 3763  6%
c - 2511.72 126 25 415 1085868 25896486 250742 27% 14 45001 3763  6%
c - 2524.91 148 26 416 1095044 26021289 249233 27% 14 45001 3763  6%
c s 2532.98 148 24 416 1098421 26106367 320970 26% 13 45000 3763  6%
c w 2533.48 148 24 416 1098421 26106367 320962 26% 13 45000 3763  6%
c s 2533.69 148 24 416 1098421 26106367 320954 26% 13 44995 3763  6%
c W 2534.65 148 24 416 1098421 26106429 320987 26% 13 44995 3763  6%
c - 2538.48 148 23 417 1100515 26146389 248675 26% 13 44995 3763  6%
c 3 2552.80 148 25 417 1111512 26265104 349938 25% 14 44995 3763  6%
c p 2552.95 148 25 417 1111512 26265104 350877 25% 14 44995 3763  6%
c - 2553.36 148 24 418 1112159 26271790 252153 25% 14 44995 3763  6%
c F 2559.21 148 24 418 1115167 26335430 306848 26% 13 44995 3763  6%
c 
c   seconds     reductions            redundant    irredundant
c            MB        restarts               trail      variables
c             level           conflicts           glue        remaining
c 
c - 2568.51 172 26 419 1123053 26397491 255748 25% 14 44995 3763  6%
c - 2578.33 105 22 420 1129182 26523492 247616 27% 13 44995 3763  6%
c B 2582.61 105 23 420 1133057 26565431 283836 27% 13 44995 3763  6%
c - 2590.16 128 23 421 1140112 26649792 254456 26% 14 44995 3763  6%
c s 2592.44 128 24 421 1141203 26664819 266413 26% 14 44994 3763  6%
c v 2592.63 128 24 421 1141203 26664819 266413 26% 14 44993 3763  6%
c w 2592.85 128 24 421 1141203 26664819 266405 26% 14 44993 3763  6%
c s 2593.05 128 24 421 1141203 26664819 266398 26% 14 44993 3763  6%
c - 2603.42 128 20 422 1145236 26776392 247977 27% 13 44993 3763  6%
c 3 2604.13 128 21 422 1145943 26780104 252891 27% 13 44993 3763  6%
c p 2604.22 128 21 422 1145943 26780104 253874 27% 13 44993 3763  6%
c W 2606.89 128 21 422 1147508 26796433 268648 27% 13 44993 3763  6%
c - 2616.48 128 22 423 1155491 26903293 256895 26% 13 44993 3763  6%
c # 2628.60 128 22 423 1164176 27028434 363512 26% 13 44993 3763  6%
c - 2628.85 152 22 424 1164693 27030495 259301 26% 13 44993 3763  6%
c - 2645.69 152 26 425 1177708 27157996 260858 25% 14 44993 3763  6%
c s 2653.52 152 25 425 1181172 27230419 323382 24% 14 44991 3763  6%
c w 2653.91 152 25 425 1181172 27230419 323374 24% 14 44991 3763  6%
c s 2654.17 152 25 425 1181172 27230419 323327 24% 14 44990 3763  6%
c B 2656.08 152 24 425 1182326 27261437 348461 25% 14 44990 3763  6%
c 
c   seconds     reductions            redundant    irredundant
c            MB        restarts               trail      variables
c             level           conflicts           glue        remaining
c 
c - 2659.03 153 23 426 1183425 27285798 258063 25% 13 44990 3763  6%
c 3 2660.02 153 23 426 1183907 27300108 271671 25% 13 44990 3763  6%
c p 2660.12 153 23 426 1183907 27300108 272558 25% 13 44990 3763  6%
c - 2672.78 153 23 427 1191162 27413898 257527 27% 13 44990 3763  6%
c W 2682.46 153 23 427 1195040 27495441 325658 28% 13 44990 3763  6%
c - 2690.65 153 25 428 1202261 27542299 261328 27% 14 44990 3763  6%
c - 2697.15 153 20 429 1205414 27671000 256172 28% 12 44990 3763  6%
c F 2701.94 153 22 429 1212187 27730442 305284 26% 13 44990 3763  6%
c - 2707.11 153 23 430 1220577 27800005 255316 24% 14 44990 3763  6%
c s 2707.90 153 23 430 1221119 27803163 257819 24% 14 44989 3763  6%
c w 2708.29 153 23 430 1221119 27803163 257819 24% 14 44989 3763  6%
c s 2708.46 153 23 430 1221119 27803163 257810 24% 14 44988 3763  6%
c 3 2710.87 153 24 430 1223225 27825108 277957 24% 14 44988 3763  6%
c p 2710.98 153 24 430 1223225 27825108 278876 24% 14 44988 3763  6%
c - 2720.61 153 23 431 1228720 27929305 255938 25% 14 44988 3763  6%
c B 2722.05 153 22 431 1229541 27966444 285620 27% 14 44988 3763  6%
c - 2727.67 153 22 432 1235266 28058905 249373 24% 14 44988 3763  6%
c - 2738.41 153 23 433 1244633 28188807 253200 23% 14 44988 3763  6%
c W 2741.20 153 24 433 1245439 28203445 266205 23% 14 44988 3763  6%
c - 2756.89 153 25 434 1254005 28319007 262720 25% 14 44988 3763  6%
c 
c   seconds     reductions            redundant    irredundant
c            MB        restarts               trail      variables
c             level           conflicts           glue        remaining
c 
c 3 2760.06 153 25 434 1255416 28355108 295752 25% 14 44988 3763  6%
c p 2760.20 153 25 434 1255416 28355108 296662 25% 14 44988 3763  6%
c s 2763.18 153 25 434 1257034 28383056 319493 25% 14 44988 3763  6%
c v 2763.36 153 25 434 1257034 28383056 319493 25% 14 44982 3763  6%
c w 2763.67 153 25 434 1257034 28383056 319479 25% 14 44982 3763  6%
c s 2764.07 153 25 434 1257034 28383056 319378 25% 14 44980 3763  6%
c # 2766.55 153 23 434 1258703 28441450 366222 26% 14 44980 3763  6%
c - 2767.39 153 23 435 1258810 28449509 262992 26% 14 44980 3763  6%
c - 2780.31 153 24 436 1265400 28580309 262915 27% 14 44980 3763  6%
c B 2792.88 153 25 436 1273391 28680454 349098 25% 14 44980 3763  6%
c - 2795.24 175 24 437 1276516 28711409 263584 23% 14 44980 3763  6%
c - 2809.89 175 24 438 1283686 28842809 266798 25% 14 44980 3763  6%
c 3 2814.08 175 24 438 1287413 28890108 308485 26% 14 44980 3763  6%
c p 2814.22 175 24 438 1287413 28890108 309383 26% 14 44980 3763  6%
c W 2819.86 175 24 438 1289095 28920455 336021 26% 14 44980 3763  6%
c s 2826.65 175 23 438 1290603 28970069 378412 27% 13 44977 3763  6%
c v 2826.86 175 23 438 1290603 28970069 378412 27% 13 44975 3763  6%
c w 2827.34 175 23 438 1290603 28970069 378404 27% 13 44975 3763  6%
c s 2827.86 175 23 438 1290603 28970069 378269 27% 13 44975 3763  6%
c - 2828.89 175 23 439 1291657 28974509 272210 27% 13 44975 3763  6%
c 
c   seconds     reductions            redundant    irredundant
c            MB        restarts               trail      variables
c             level           conflicts           glue        remaining
c 
c - 2843.52 175 22 440 1300660 29106509 267927 28% 13 44975 3763  6%
c F 2849.22 175 23 440 1305257 29161457 315799 27% 13 44975 3763  6%
c - 2858.58 175 24 441 1311989 29238812 273214 26% 13 44975 3763  6%
c - 2879.46 178 26 442 1322169 29371412 277399 28% 14 44975 3763  6%
c B 2882.92 178 25 442 1324980 29403461 305334 27% 14 44975 3763  6%
c 3 2888.52 178 27 442 1327352 29430108 331406 28% 14 44975 3763  6%
c p 2888.69 178 27 442 1327352 29430108 332305 28% 14 44975 3763  6%
c - 2894.47 178 24 443 1329298 29504313 277667 28% 13 44975 3763  6%
c s 2901.75 178 24 443 1335279 29564211 328716 25% 14 44975 3763  6%
c w 2902.26 178 24 443 1335279 29564211 328706 25% 14 44975 3763  6%
c s 2902.59 178 24 443 1335279 29564211 328657 25% 14 44974 3763  6%
c e 2902.60 178 24 443 1335279 29564211 327392 25% 14 44990 3762  6%
c - 2910.77 178 24 444 1339567 29637513 273489 26% 14 44990 3762  6%
c W 2912.81 178 24 444 1340583 29646462 281300 26% 14 44990 3762  6%
c - 2924.86 178 23 445 1345594 29771014 270401 27% 13 44990 3762  6%
c # 2936.65 178 21 445 1351669 29890466 364518 29% 12 44990 3762  6%
c - 2938.81 178 22 446 1354858 29904814 266443 28% 13 44990 3762  6%
c 3 2943.32 178 22 446 1362173 29975109 325410 26% 13 44990 3762  6%
c p 2943.46 178 22 446 1362173 29975109 326329 26% 13 44990 3762  6%
c - 2952.75 178 24 447 1367605 30038914 277109 27% 13 44990 3762  6%
c 
c   seconds     reductions            redundant    irredundant
c            MB        restarts               trail      variables
c             level           conflicts           glue        remaining
c 
c B 2963.49 178 22 447 1373807 30135467 358454 28% 13 44990 3762  6%
c s 2966.96 178 23 447 1378011 30165657 383181 28% 13 44990 3762  6%
c v 2967.17 178 23 447 1378011 30165657 383181 28% 13 44988 3762  6%
c w 2967.43 178 23 447 1378011 30165657 383178 28% 13 44988 3762  6%
c s 2967.74 178 23 447 1378011 30165657 383086 28% 13 44988 3762  6%
c - 2968.52 178 23 448 1379314 30173314 276078 27% 13 44988 3762  6%
c - 2988.62 178 25 449 1390470 30308014 279982 28% 13 44988 3762  6%
c W 2996.87 178 25 449 1398153 30381468 340137 27% 14 44988 3762  6%
c - 3000.97 178 23 450 1399348 30443016 275860 28% 13 44988 3762  6%
c 3 3010.43 178 24 450 1408075 30525110 347804 27% 14 44988 3762  6%
c p 3010.62 178 24 450 1408075 30525110 348681 27% 14 44988 3762  6%
c - 3015.55 178 20 451 1408473 30578316 275642 28% 13 44988 3762  6%
c F 3021.36 178 21 451 1412265 30628469 315288 28% 13 44988 3762  6%
c - 3030.17 178 22 452 1419118 30713917 273684 28% 13 44988 3762  6%
c s 3035.67 178 22 452 1424483 30774252 322868 26% 13 44988 3762  6%
c w 3036.16 178 22 452 1424483 30774252 322858 26% 13 44988 3762  6%
c s 3036.54 178 22 452 1424483 30774252 322807 26% 13 44986 3762  6%
c - 3044.89 178 24 453 1428914 30849818 279747 26% 13 44986 3762  6%
c B 3048.21 178 24 453 1432151 30876470 302356 25% 14 44986 3762  6%
c - 3059.77 178 23 454 1439687 30986019 278864 25% 14 44986 3762  6%
c 
c   seconds     reductions            redundant    irredundant
c            MB        restarts               trail      variables
c             level           conflicts           glue        remaining
c 
c 3 3069.27 178 21 454 1445791 31080112 357279 27% 13 44986 3762  6%
c p 3069.44 178 21 454 1445791 31080112 358155 27% 13 44986 3762  6%
c - 3075.93 178 23 455 1450350 31122519 278638 27% 13 44986 3762  6%
c W 3077.13 178 23 455 1450444 31125471 280937 27% 13 44986 3762  6%
c - 3092.18 178 25 456 1462658 31259319 285800 25% 14 44986 3762  6%
c # 3104.19 178 24 456 1470210 31375472 383863 26% 13 44986 3762  6%
c s 3106.99 178 25 456 1471353 31389996 396042 26% 13 44986 3762  6%
c v 3107.23 178 25 456 1471353 31389996 396042 26% 13 44984 3762  6%
c w 3107.61 178 25 456 1471353 31389996 396029 26% 13 44984 3762  6%
c t 3107.61 178 25 456 1471353 31389996 396028 26% 13 44984 3762  6%
c s 3108.02 178 25 456 1471353 31389996 395753 26% 13 44984 3762  6%
c - 3108.44 178 24 457 1471520 31396421 282214 27% 13 44984 3762  6%
c - 3119.94 178 24 458 1477668 31533823 280065 28% 13 44984 3762  6%
c B 3130.68 178 24 458 1485252 31626473 357438 26% 14 44984 3762  6%
c 3 3133.33 178 25 458 1486896 31640112 371302 26% 14 44984 3762  6%
c p 3133.50 178 25 458 1486896 31640112 372199 26% 14 44984 3762  6%
c - 3138.68 178 25 459 1488499 31671524 279509 26% 13 44984 3762  6%
c - 3154.85 178 26 460 1497996 31809528 282804 27% 14 44984 3762  6%
c W 3162.92 178 24 460 1500930 31878481 343137 27% 13 44984 3762  6%
c - 3169.81 178 20 461 1502511 31947831 282116 29% 12 44984 3762  6%
c 
c   seconds     reductions            redundant    irredundant
c            MB        restarts               trail      variables
c             level           conflicts           glue        remaining
c 
c s 3179.79 178 22 461 1508074 32012890 336907 29% 12 44984 3762  6%
c w 3180.36 178 22 461 1508074 32012890 336864 29% 12 44984 3762  6%
c s 3181.22 178 22 461 1508074 32012890 335282 29% 12 44983 3762  6%
c - 3189.96 178 24 462 1515365 32086431 297154 27% 13 44983 3762  6%
c F 3195.49 178 22 462 1517799 32131482 334491 28% 13 44983 3762  6%
c 3 3205.33 178 25 462 1524435 32205113 399240 28% 13 44983 3762  6%
c p 3205.51 178 25 462 1524435 32205113 400120 28% 13 44983 3762  6%
c - 3206.74 181 24 463 1526901 32225331 292935 28% 13 44983 3762  6%
c - 3218.43 181 23 464 1537586 32364533 286546 27% 13 44983 3762  6%
c B 3222.05 181 24 464 1539892 32385485 305829 27% 14 44983 3762  6%
c - 3235.73 181 20 465 1545103 32504033 283888 28% 13 44983 3762  6%
c W 3253.81 181 16 465 1550255 32640487 387004 30% 12 44983 3762  6%
c s 3254.21 181 16 465 1550367 32642938 388810 30% 12 44983 3762  6%
c v 3254.43 181 16 465 1550367 32642938 388810 30% 12 44982 3762  6%
c w 3254.94 181 16 465 1550367 32642938 388794 30% 12 44982 3762  6%
c s 3255.64 181 16 465 1550367 32642938 387075 30% 12 44982 3762  6%
c - 3255.99 181 16 466 1550400 32643834 278739 30% 12 44982 3762  6%
c } 3269.87 181 20 466 1562823 32767016 379579 29% 12 44982 3762  6%
c [ 3269.87 181 57 466 1562823 32767016 379579 42% 45 44982 3762  6%
c 3 3270.57 181 53 466 1562823 32775113 386494 41% 42 44982 3762  6%
c 
c   seconds     reductions            redundant    irredundant
c            MB        restarts               trail      variables
c             level           conflicts           glue        remaining
c 
c p 3270.74 181 53 466 1562823 32775113 387487 41% 42 44982 3762  6%
c - 3271.39 181 56 467 1562823 32783935 294494 41% 42 44982 3762  6%
c B 3283.08 181 62 467 1562823 32896488 399702 40% 37 44982 3762  6%
c - 3285.01 152 58 468 1562823 32924336 306515 37% 35 44982 3762  6%
c - 3307.41 163 63 469 1562823 33065036 294455 45% 38 44982 3762  6%
c W 3328.73 163 62 469 1562823 33153490 378063 47% 41 44982 3762  6%
c - 3346.40 171 61 470 1562823 33206036 305580 47% 43 44982 3762  6%
c - 3382.25 165 61 471 1562823 33347336 307850 47% 47 44982 3762  6%
c 3 3382.84 165 61 471 1562823 33350116 311760 47% 47 44982 3762  6%
c p 3382.99 165 61 471 1562823 33350116 312839 47% 47 44982 3762  6%
c O 3397.15 165 57 471 1562823 33411494 365450 47% 45 44982 3762  6%
c - 3405.98 157 41 472 1562823 33488938 302691 39% 30 44982 3762  6%
c - 3420.15 150 41 473 1562856 33630838 297330 33% 25 44982 3762  6%
c B 3424.52 150 45 473 1562875 33670495 335174 37% 28 44982 3762  6%
c - 3438.81 159 51 474 1562901 33773041 293999 43% 32 44982 3762  6%
c - 3464.27 154 49 475 1562949 33915541 279594 48% 36 44982 3762  6%
c 3 3466.52 154 50 475 1562949 33930116 293004 49% 37 44982 3762  6%
c p 3466.67 154 50 475 1562949 33930116 294011 49% 37 44982 3762  6%
c W 3467.71 154 50 475 1562949 33930496 294321 49% 37 44982 3762  6%
c - 3493.48 159 52 476 1562973 34058345 284076 51% 40 44982 3762  6%
c 
c   seconds     reductions            redundant    irredundant
c            MB        restarts               trail      variables
c             level           conflicts           glue        remaining
c 
c I 3520.85 159 53 476 1563013 34191499 399112 51% 40 44982 3762  6%
c - 3522.25 163 53 477 1563013 34201446 296371 50% 39 44982 3762  6%
c - 3543.92 155 55 478 1563070 34344847 290717 47% 39 44982 3762  6%
c B 3564.72 155 50 478 1563077 34453500 385797 49% 37 44982 3762  6%
c - 3572.26 156 51 479 1563078 34488548 290132 48% 38 44982 3762  6%
c 3 3577.65 156 50 479 1563078 34515118 314098 47% 39 44982 3762  6%
c p 3577.80 156 50 479 1563078 34515118 315135 47% 39 44982 3762  6%
c - 3605.56 153 47 480 1563092 34632548 294755 45% 37 44982 3762  6%
c W 3623.01 153 47 480 1563123 34716503 367330 46% 37 44982 3762  6%
c - 3639.50 153 45 481 1563140 34776852 288380 45% 37 44982 3762  6%
c - 3673.29 154 44 482 1563187 34921453 294576 45% 38 44982 3762  6%
c O 3686.35 154 43 482 1563204 34980507 338746 45% 37 44982 3762  6%
c - 3697.24 163 39 483 1563205 35066357 302418 44% 28 44982 3762  6%
c 3 3703.36 163 39 483 1563220 35105119 340814 45% 27 44982 3762  6%
c p 3703.54 163 39 483 1563220 35105119 341852 45% 27 44982 3762  6%
c - 3721.33 177 52 484 1563264 35211559 305484 47% 33 44982 3762  6%
c B 3726.32 177 52 484 1563268 35245510 336203 48% 34 44982 3762  6%
c - 3749.47 167 56 485 1563299 35357060 292827 49% 41 44982 3762  6%
c - 3783.66 168 59 486 1563332 35502862 292137 50% 47 44982 3762  6%
c W 3786.11 168 59 486 1563332 35511512 299554 49% 47 44982 3762  6%
c 
c   seconds     reductions            redundant    irredundant
c            MB        restarts               trail      variables
c             level           conflicts           glue        remaining
c 
c - 3808.36 172 72 487 1563333 35648968 297210 48% 50 44982 3762  6%
c 3 3818.75 172 74 487 1563334 35700120 344937 48% 52 44982 3762  6%
c p 3818.95 172 74 487 1563334 35700120 345945 48% 52 44982 3762  6%
c I 3836.34 172 67 487 1563334 35778513 411909 47% 50 44982 3762  6%
c - 3839.24 171 65 488 1563334 35795369 300473 47% 47 44982 3762  6%
c - 3864.96 171 60 489 1563336 35942069 304376 48% 41 44982 3762  6%
c s 3865.09 174 60 489 1563336 35942069 304367 48% 41 44982 3762  6%
c w 3867.35 174 60 489 1563336 35942069 304256 48% 41 44982 3762  6%
c B 3881.65 174 59 489 1563379 36046514 399556 47% 42 44982 3762  6%
c - 3886.86 173 60 490 1563395 36089071 299541 46% 42 44982 3762  6%
c - 3915.06 170 56 491 1563436 36236371 291503 49% 45 44982 3762  6%
c 3 3928.99 170 54 491 1563459 36300120 345440 49% 45 44982 3762  6%
c p 3929.19 170 54 491 1563459 36300120 346484 49% 45 44982 3762  6%
c W 3934.18 170 54 491 1563460 36315516 359019 49% 45 44982 3762  6%
c - 3948.44 173 53 492 1563461 36383973 300285 49% 44 44982 3762  6%
c - 3981.83 174 55 493 1563514 36531876 300857 51% 46 44982 3762  6%
c O 3993.98 174 56 493 1563524 36585517 346693 51% 47 44982 3762  6%
c - 4003.46 171 42 494 1563555 36680076 309068 42% 33 44982 3762  6%
c - 4030.64 177 42 495 1563588 36828576 307399 44% 33 44982 3762  6%
c B 4037.02 177 43 495 1563588 36856518 333721 45% 34 44982 3762  6%
c 
c   seconds     reductions            redundant    irredundant
c            MB        restarts               trail      variables
c             level           conflicts           glue        remaining
c 
c 3 4044.60 177 61 495 1563589 36905122 380539 47% 45 44982 3762  6%
c p 4044.83 177 61 495 1563589 36905122 381555 47% 45 44982 3762  6%
c - 4060.62 184 65 496 1563589 36977377 308249 49% 51 44982 3762  6%
c - 4095.90 182 66 497 1563640 37126477 311641 51% 53 44982 3762  6%
c W 4097.48 182 66 497 1563641 37128520 313297 51% 53 44982 3762  6%
c - 4130.03 178 61 498 1563683 37275877 302584 51% 49 44982 3762  6%
c I 4160.08 178 60 498 1563715 37401521 410633 51% 49 44982 3762  6%
c - 4162.04 177 57 499 1563716 37425577 307701 50% 43 44982 3762  6%
c 3 4168.98 177 44 499 1563738 37515122 388887 44% 31 44982 3762  6%
c p 4169.25 177 44 499 1563738 37515122 389917 44% 31 44982 3762  6%
c - 4174.91 162 41 500 1563761 37575577 301337 45% 31 44982 3762  6%
c B 4184.91 162 35 500 1563785 37675522 393746 46% 24 44982 3762  6%
c - 4191.78 163 50 501 1563808 37725878 306432 47% 34 44982 3762  6%
c - 4216.29 168 62 502 1563843 37876479 300679 44% 46 44982 3762  6%
c W 4229.83 168 63 502 1563844 37950523 365690 44% 48 44982 3762  6%
c - 4244.50 172 60 503 1563844 38027381 308445 46% 46 44982 3762  6%
c 3 4262.04 172 54 503 1563845 38130123 403065 47% 42 44982 3762  6%
c p 4262.28 172 54 503 1563845 38130123 404138 47% 42 44982 3762  6%
c - 4270.61 176 53 504 1563845 38178584 312683 49% 40 44982 3762  6%
c O 4278.61 176 52 504 1563845 38226524 358053 51% 39 44982 3762  6%
c 
c   seconds     reductions            redundant    irredundant
c            MB        restarts               trail      variables
c             level           conflicts           glue        remaining
c 
c - 4287.32 173 40 505 1563845 38330084 317158 35% 28 44982 3762  6%
c - 4306.99 159 33 506 1563846 38481884 310893 30% 23 44982 3762  6%
c B 4310.19 159 32 506 1563846 38503526 328634 29% 23 44982 3762  6%
c - 4328.86 188 70 507 1563846 38633984 317434 44% 53 44982 3762  6%
c 3 4349.72 188 79 507 1563846 38750123 427309 48% 61 44982 3762  6%
c p 4349.97 188 79 507 1563846 38750123 428365 48% 61 44982 3762  6%
c W 4358.22 192 77 507 1563846 38781527 456052 49% 60 44982 3762  6%
c - 4359.44 204 76 508 1563846 38786387 319416 49% 60 44982 3762  6%
c - 4395.36 182 67 509 1563877 38939087 301710 51% 56 44982 3762  6%
c I 4422.67 182 60 509 1563909 39060528 401007 51% 51 44982 3762  6%
c - 4427.25 181 61 510 1563924 39092087 306364 49% 48 44982 3762  6%
c - 4447.93 180 53 511 1563972 39245387 308926 47% 39 44982 3762  6%
c s 4448.56 180 53 511 1563972 39245387 308361 47% 39 44980 3762  6%
c v 4448.84 180 53 511 1563972 39245387 308361 47% 39 44978 3762  6%
c w 4450.98 180 53 511 1563972 39245387 308160 47% 39 44978 3762  6%
c s 4451.50 180 53 511 1563972 39245387 307431 47% 39 44978 3762  6%
c B 4471.47 180 50 511 1563980 39340530 386023 48% 40 44978 3762  6%
c 3 4477.16 180 57 511 1563995 39375125 417469 48% 45 44978 3762  6%
c p 4477.43 180 57 511 1563995 39375125 418510 48% 45 44978 3762  6%
c - 4481.28 183 61 512 1564004 39398987 313302 48% 45 44978 3762  6%
c 
c   seconds     reductions            redundant    irredundant
c            MB        restarts               trail      variables
c             level           conflicts           glue        remaining
c 
c - 4511.10 193 68 513 1564050 39552890 307640 51% 56 44978 3762  6%
c W 4524.05 193 68 513 1564073 39621531 368351 50% 54 44978 3762  6%
c - 4541.69 188 65 514 1564099 39707091 310945 51% 52 44978 3762  6%
c - 4574.81 189 62 515 1564101 39861591 308920 51% 52 44978 3762  6%
c O 4583.27 189 61 515 1564101 39903533 343664 51% 52 44978 3762  6%
c 3 4592.75 189 44 515 1564132 40005125 440173 39% 32 44978 3762  6%
c p 4593.03 189 44 515 1564132 40005125 441208 39% 32 44978 3762  6%
c - 4593.92 177 42 516 1564135 40016391 320593 38% 31 44978 3762  6%
c - 4609.07 178 41 517 1564186 40171491 317446 39% 27 44978 3762  6%
c B 4611.15 178 42 517 1564193 40186534 331442 41% 28 44978 3762  6%
c - 4633.20 197 71 518 1564227 40326892 317318 48% 49 44978 3762  6%
c W 4663.61 197 69 518 1564259 40470536 446940 48% 51 44978 3762  6%
c - 4666.50 199 69 519 1564263 40482593 320855 48% 52 44978 3762  6%
c - 4691.93 197 72 520 1564313 40638593 321318 52% 50 44978 3762  6%
c 3 4692.22 197 72 520 1564313 40640126 324095 52% 50 44978 3762  6%
c p 4692.39 197 72 520 1564313 40640126 325154 52% 50 44978 3762  6%
c I 4713.36 197 71 520 1564353 40755537 426109 52% 53 44978 3762  6%
c - 4719.70 190 68 521 1564355 40794894 314923 51% 50 44978 3762  6%
c - 4750.56 191 60 522 1564356 40951496 318055 49% 46 44978 3762  6%
c B 4766.86 191 58 522 1564357 41041540 400500 51% 45 44978 3762  6%
c 
c   seconds     reductions            redundant    irredundant
c            MB        restarts               trail      variables
c             level           conflicts           glue        remaining
c 
c - 4779.17 197 68 523 1564357 41108396 326456 52% 52 44978 3762  6%
c - 4812.73 195 76 524 1564361 41265597 326940 52% 59 44978 3762  6%
c 3 4815.21 195 74 524 1564370 41280128 340249 52% 58 44978 3762  6%
c p 4815.37 195 74 524 1564370 41280128 341276 52% 58 44978 3762  6%
c W 4825.94 195 70 524 1564388 41328541 382708 51% 55 44978 3762  6%
c - 4846.81 185 65 525 1564419 41423097 309151 51% 53 44978 3762  6%
c - 4881.52 186 62 526 1564469 41580897 310001 50% 49 44978 3762  6%
c O 4889.76 186 62 526 1564482 41616543 340125 50% 49 44978 3762  6%
c - 4902.22 184 44 527 1564492 41738997 322885 42% 30 44978 3762  6%
c - 4924.77 179 47 528 1564547 41897398 321433 44% 33 44978 3762  6%
c B 4926.01 179 47 528 1564547 41905544 328476 44% 33 44978 3762  6%
c 3 4928.50 179 54 528 1564547 41925128 348612 45% 35 44978 3762  6%
c p 4928.70 179 54 528 1564547 41925128 349644 45% 35 44978 3762  6%
c - 4951.28 193 69 529 1564602 42056100 320051 50% 49 44978 3762  6%
c W 4987.90 193 76 529 1564612 42195545 443176 51% 58 44978 3762  6%
c - 4994.98 196 75 530 1564612 42215100 324224 51% 57 44978 3762  6%
c - 5036.24 196 77 531 1564637 42374400 325118 51% 60 44978 3762  6%
c I 5063.39 196 77 531 1564674 42486546 421801 51% 60 44978 3762  6%
c - 5070.03 194 69 532 1564682 42534001 334383 48% 51 44978 3762  6%
c s 5070.66 194 69 532 1564682 42534001 334128 48% 51 44976 3762  6%
c 
c   seconds     reductions            redundant    irredundant
c            MB        restarts               trail      variables
c             level           conflicts           glue        remaining
c 
c v 5070.95 194 69 532 1564682 42534001 334128 48% 51 44974 3762  6%
c w 5073.40 194 69 532 1564682 42534001 334056 48% 51 44974 3762  6%
c e 5073.43 194 69 532 1564682 42534001 333632 48% 51 44989 3761  6%
c s 5073.72 194 69 532 1564682 42534001 333437 48% 51 44986 3761  6%
c 3 5079.48 194 59 532 1564701 42575130 371197 47% 45 44986 3761  6%
c p 5079.66 194 59 532 1564701 42575130 372184 47% 45 44986 3761  6%
c - 5102.01 174 44 533 1564738 42693903 314400 46% 35 44986 3761  6%
c B 5120.37 174 38 533 1564739 42778547 380885 44% 32 44986 3761  6%
c - 5131.17 179 54 534 1564769 42854104 317372 45% 39 44986 3761  6%
c - 5167.57 190 60 535 1564816 43014604 321346 48% 45 44986 3761  6%
c W 5181.89 190 59 535 1564833 43071551 372121 49% 44 44986 3761  6%
c - 5203.16 194 59 536 1564865 43175406 334267 48% 42 44986 3761  6%
c 3 5215.75 194 57 536 1564866 43230130 384307 48% 42 44986 3761  6%
c p 5215.99 194 57 536 1564866 43230130 385329 48% 42 44986 3761  6%
c - 5240.00 194 55 537 1564867 43336508 335775 48% 41 44986 3761  6%
c O 5245.88 194 55 537 1564867 43365552 362796 49% 41 44986 3761  6%
c - 5265.12 196 49 538 1564868 43497908 340285 46% 32 44986 3761  6%
c - 5296.69 201 41 539 1564869 43659610 343119 44% 27 44986 3761  6%
c B 5296.81 201 41 539 1564869 43660555 344038 44% 27 44986 3761  6%
c - 5327.39 199 53 540 1564869 43821610 339657 49% 39 44986 3761  6%
c 
c   seconds     reductions            redundant    irredundant
c            MB        restarts               trail      variables
c             level           conflicts           glue        remaining
c 
c 3 5342.99 199 53 540 1564869 43890130 404733 49% 40 44986 3761  6%
c p 5343.23 199 53 540 1564869 43890130 405766 49% 40 44986 3761  6%
c W 5359.34 199 55 540 1564869 43956556 468288 50% 41 44986 3761  6%
c - 5365.94 206 56 541 1564869 43983910 352375 50% 41 44986 3761  6%
c - 5404.59 203 55 542 1564869 44146511 340128 49% 41 44986 3761  6%
c I 5433.21 203 52 542 1564870 44253559 436268 49% 40 44986 3761  6%
c - 5442.82 202 58 543 1564870 44309412 344197 48% 44 44986 3761  6%
c - 5473.85 187 60 544 1564870 44472612 331857 47% 46 44986 3761  6%
c B 5489.81 187 60 544 1564870 44551562 400839 47% 48 44986 3761  6%
c 3 5490.33 187 61 544 1564870 44555133 405525 48% 48 44986 3761  6%
c p 5490.57 187 61 544 1564870 44555133 406557 48% 48 44986 3761  6%
c - 5503.70 192 59 545 1564870 44636114 331956 49% 46 44986 3761  6%
c - 5535.05 193 54 546 1564870 44799915 333926 48% 41 44986 3761  6%
c W 5546.15 193 56 546 1564870 44850566 380513 48% 42 44986 3761  6%
c - 5563.94 196 62 547 1564870 44964016 340888 44% 43 44986 3761  6%
c - 5593.58 199 65 548 1564870 45128416 338375 43% 48 44986 3761  6%
c O 5596.20 199 65 548 1564870 45150568 359039 42% 46 44986 3761  6%
c 3 5605.47 199 50 548 1564870 45225133 431219 43% 36 44986 3761  6%
c p 5605.71 199 50 548 1564870 45225133 432242 43% 36 44986 3761  6%
c - 5616.55 195 53 549 1564871 45293116 340173 46% 37 44986 3761  6%
c 
c   seconds     reductions            redundant    irredundant
c            MB        restarts               trail      variables
c             level           conflicts           glue        remaining
c 
c B 5649.06 195 48 549 1564871 45451572 484260 49% 38 44986 3761  6%
c - 5650.10 202 51 550 1564871 45458121 340313 48% 38 44986 3761  6%
c - 5677.23 207 81 551 1564871 45623424 340526 50% 54 44986 3761  6%
c W 5703.48 207 93 551 1564871 45753574 464523 51% 61 44986 3761  6%
c - 5712.54 219 89 552 1564871 45789026 348620 51% 61 44986 3761  6%
c 3 5735.08 219 80 552 1564871 45900136 453904 51% 57 44986 3761  6%
c p 5735.47 219 80 552 1564871 45900136 454937 51% 57 44986 3761  6%
c - 5750.95 218 73 553 1564871 45954928 346857 51% 55 44986 3761  6%
c s 5751.57 218 73 553 1564871 45954928 346560 51% 55 44986 3761  6%
c w 5754.36 218 73 553 1564871 45954928 346381 51% 55 44986 3761  6%
c t 5754.37 218 73 553 1564871 45954928 346380 51% 55 44986 3761  6%
c I 5777.36 218 66 553 1564871 46056575 432397 52% 52 44986 3761  6%
c - 5785.38 212 63 554 1564871 46121129 342688 48% 46 44986 3761  6%
c - 5811.99 212 59 555 1564871 46287631 346703 50% 42 44986 3761  6%
c B 5822.32 212 66 555 1564871 46360579 415843 47% 48 44986 3761  6%
c - 5839.27 218 72 556 1564871 46454432 350132 50% 52 44986 3761  6%
c 3 5866.08 218 69 556 1564871 46580136 466163 51% 53 44986 3761  6%
c p 5866.35 218 69 556 1564871 46580136 467191 51% 53 44986 3761  6%
c - 5875.59 220 70 557 1564871 46621532 348971 51% 54 44986 3761  6%
c W 5886.18 220 70 557 1564871 46665581 387166 50% 56 44986 3761  6%
c 
c   seconds     reductions            redundant    irredundant
c            MB        restarts               trail      variables
c             level           conflicts           glue        remaining
c 
c - 5918.94 209 67 558 1564871 46788937 338548 51% 55 44986 3761  6%
c - 5963.84 213 65 559 1564871 46956640 340728 52% 54 44986 3761  6%
c O 5967.23 213 65 559 1564871 46971583 353205 52% 54 44986 3761  6%
c - 5991.04 204 37 560 1564871 47124642 345672 47% 29 44986 3761  6%
c 3 6017.50 204 35 560 1564871 47265136 478551 44% 25 44986 3761  6%
c p 6017.80 204 35 560 1564871 47265136 479579 44% 25 44986 3761  6%
c B 6021.16 204 36 560 1564871 47278588 491877 45% 25 44986 3761  6%
c - 6023.69 204 42 561 1564871 47292942 354150 45% 29 44986 3761  6%
c - 6059.85 214 71 562 1564902 47461543 345905 49% 54 44986 3761  6%
c W 6093.69 214 71 562 1564941 47586591 453804 49% 55 44986 3761  6%
c - 6106.15 208 67 563 1564962 47630444 342332 50% 53 44986 3761  6%
c - 6154.16 204 63 564 1564998 47799646 336171 51% 53 44986 3761  6%
c I 6176.04 204 61 564 1565025 47895593 411659 52% 52 44986 3761  6%
c 3 6183.84 204 53 564 1565044 47955136 467408 48% 42 44986 3761  6%
c p 6184.11 204 53 564 1565044 47955136 468456 48% 42 44986 3761  6%
c - 6186.23 196 52 565 1565051 47969146 342938 47% 39 44986 3761  6%
c - 6211.98 179 35 566 1565099 48138946 334851 42% 28 44986 3761  6%
c B 6223.35 179 32 566 1565123 48205594 389896 41% 25 44986 3761  6%
c - 6240.14 200 61 567 1565125 48309048 351206 45% 43 44986 3761  6%
c - 6275.95 209 61 568 1565144 48479450 348939 48% 47 44986 3761  6%
c 
c   seconds     reductions            redundant    irredundant
c            MB        restarts               trail      variables
c             level           conflicts           glue        remaining
c 
c W 6282.38 209 61 568 1565157 48516595 383154 48% 45 44986 3761  6%
c 3 6305.78 209 59 568 1565195 48650136 504837 47% 42 44986 3761  6%
c p 6306.15 209 59 568 1565195 48650136 505882 47% 42 44986 3761  6%
c - 6306.40 207 59 569 1565195 48650150 347372 47% 42 44986 3761  6%
c - 6345.44 204 53 570 1565252 48821150 336173 47% 44 44986 3761  6%
c O 6346.66 204 53 570 1565252 48828598 342283 47% 44 44986 3761  6%
c - 6363.83 192 39 571 1565287 48992452 345799 41% 28 44986 3761  6%
c B 6387.69 192 43 571 1565333 49141599 483840 47% 31 44986 3761  6%
c - 6391.25 208 47 572 1565345 49164056 351937 47% 33 44986 3761  6%
c - 6421.31 203 49 573 1565380 49335957 347690 49% 36 44986 3761  6%
c s 6421.71 203 49 573 1565380 49335957 347298 49% 36 44986 3761  6%
c w 6422.96 203 49 573 1565380 49335957 347134 49% 36 44986 3761  6%
c d 6425.53 203 50 573 1565380 49350137 360547 49% 36 44986 3759  6%
c 3 6425.56 203 50 573 1565380 49350137 362196 49% 36 44986 3759  6%
c p 6425.75 203 50 573 1565380 49350137 363232 49% 36 44986 3759  6%
c s 6426.46 203 50 573 1565380 49350137 362757 49% 36 44969 3759  6%
c W 6454.06 203 52 573 1565381 49455602 457342 51% 38 44969 3759  6%
c - 6468.77 206 52 574 1565382 49508157 349885 50% 38 44969 3759  6%
c - 6513.60 204 53 575 1565382 49680658 353277 49% 40 44969 3759  6%
c I 6532.51 204 55 575 1565382 49770603 435353 48% 42 44969 3759  6%
c 
c   seconds     reductions            redundant    irredundant
c            MB        restarts               trail      variables
c             level           conflicts           glue        remaining
c 
c - 6542.08 200 50 576 1565413 49853458 356952 45% 36 44969 3759  6%
c - 6572.83 199 49 577 1565474 50026561 348353 47% 36 44969 3759  6%
c 3 6577.20 199 49 577 1565477 50055138 372266 47% 37 44969 3759  6%
c p 6577.44 199 49 577 1565477 50055138 373282 47% 37 44969 3759  6%
c B 6581.22 199 48 577 1565491 50086607 402294 45% 34 44969 3759  6%
c - 6601.61 202 69 578 1565509 50199962 347708 49% 52 44969 3759  6%
c - 6644.32 206 72 579 1565568 50373662 348041 50% 56 44969 3759  6%
c W 6651.18 206 72 579 1565571 50403608 374058 50% 56 44969 3759  6%
c - 6682.13 208 65 580 1565618 50547663 357595 48% 48 44969 3759  6%
c O 6711.68 208 55 580 1565637 50721609 511741 46% 42 44969 3759  6%
c - 6712.04 198 55 581 1565637 50721964 350259 46% 42 44969 3759  6%
c 3 6715.93 198 45 581 1565637 50765138 393212 41% 33 44969 3759  6%
c p 6716.14 198 45 581 1565637 50765138 394218 41% 33 44969 3759  6%
c - 6731.96 189 34 582 1565667 50896564 354949 36% 24 44969 3759  6%
c B 6756.36 189 45 582 1565704 51040611 488682 42% 34 44969 3759  6%
c - 6761.12 210 50 583 1565718 51071464 355685 44% 36 44969 3759  6%
c - 6793.26 212 54 584 1565764 51246665 353996 50% 39 44969 3759  6%
c W 6819.55 212 52 584 1565794 51360615 455930 51% 39 44969 3759  6%
c - 6837.75 214 54 585 1565813 51422166 363934 51% 39 44969 3759  6%
c 3 6849.51 214 57 585 1565827 51480138 414822 51% 43 44969 3759  6%
c 
c   seconds     reductions            redundant    irredundant
c            MB        restarts               trail      variables
c             level           conflicts           glue        remaining
c 
c p 6849.81 214 57 585 1565827 51480138 415834 51% 43 44969 3759  6%
c - 6877.30 204 59 586 1565866 51597966 348477 50% 46 44969 3759  6%
c I 6894.74 204 58 586 1565890 51681620 423207 50% 47 44969 3759  6%
c - 6908.83 205 51 587 1565892 51774066 360495 44% 38 44969 3759  6%
c - 6941.88 210 49 588 1565893 51950466 369415 48% 36 44969 3759  6%
c B 6952.70 210 49 588 1565893 52003623 419055 49% 37 44969 3759  6%
c - 6975.75 214 63 589 1565893 52127168 371556 49% 45 44969 3759  6%
c 3 6993.33 214 65 589 1565894 52200140 440097 49% 49 44969 3759  6%
c p 6993.59 214 65 589 1565894 52200140 441083 49% 49 44969 3759  6%
c - 7027.14 210 64 590 1565894 52304169 370971 49% 51 44969 3759  6%
c W 7032.72 210 64 590 1565894 52326624 391629 49% 51 44969 3759  6%
c - 7066.83 205 59 591 1565894 52481469 356891 49% 48 44969 3759  6%
c O 7107.38 205 56 591 1565894 52650629 507267 48% 45 44969 3759  6%
c - 7109.38 208 54 592 1565894 52659069 363917 48% 43 44969 3759  6%
c - 7131.81 203 45 593 1565954 52836970 363903 42% 31 44969 3759  6%
c s 7132.23 206 45 593 1565954 52836970 363513 42% 31 44969 3759  6%
c v 7132.53 206 45 593 1565954 52836970 363513 42% 31 44965 3759  6%
c w 7133.43 206 45 593 1565954 52836970 363298 42% 31 44965 3759  6%
c t 7133.44 206 45 593 1565954 52836970 363297 42% 31 44965 3759  6%
c s 7134.06 206 45 593 1565954 52836970 363074 42% 31 44963 3759  6%
c 
c   seconds     reductions            redundant    irredundant
c            MB        restarts               trail      variables
c             level           conflicts           glue        remaining
c 
c 3 7150.86 206 43 593 1565972 52925142 447040 44% 31 44963 3759  6%
c p 7151.19 206 43 593 1565972 52925142 448029 44% 31 44963 3759  6%
c B 7160.59 206 40 593 1565988 52975630 491702 44% 30 44963 3759  6%
c - 7167.41 211 49 594 1566005 53015172 361921 46% 36 44963 3759  6%
c - 7209.06 209 61 595 1566036 53193674 348673 50% 48 44963 3759  6%
c W 7238.24 209 60 595 1566081 53301632 434813 51% 48 44963 3759  6%
c - 7260.79 214 63 596 1566091 53372477 359299 51% 50 44963 3759  6%
c - 7312.50 208 60 597 1566147 53551577 350831 50% 48 44963 3759  6%
c I 7331.03 208 58 597 1566149 53628633 417189 50% 45 44963 3759  6%
c 3 7333.65 208 58 597 1566149 53655142 443674 47% 42 44963 3759  6%
c p 7333.92 208 58 597 1566149 53655142 444675 47% 42 44963 3759  6%
c - 7346.55 210 56 598 1566149 53730977 367182 47% 41 44963 3759  6%
c - 7388.44 204 54 599 1566210 53910677 355358 47% 45 44963 3759  6%
c ] 7395.36 204 54 599 1566212 53940597 378981 47% 46 44963 3759  6%
c ? 7395.36 204 54 599 1566212 53940597 378981 47% 46 44963 3759  6%
c 
c --- [ result ] -------------------------------------------------------------
c 
c UNKNOWN
c 
c --- [ run-time profiling ] -------------------------------------------------
c 
c process time taken by individual solving procedures
c (percentage relative to process time for solving)
c 
c      7293.34   98.62% search
c      5340.73   72.22% stable
c      1870.39   25.29% unstable
c       101.97    1.38% simplify
c        82.22    1.11% walk
c        44.10    0.60% subsume
c        33.62    0.45% vivify
c        12.97    0.18% probe
c         3.16    0.04% ternary
c         1.84    0.02% elim
c         0.04    0.00% parse
c         0.00    0.00% lucky
c   =================================
c      7395.31  100.00% solve
c 
c last line shows process time for solving
c (percentage relative to total process time)
c 
c --- [ statistics ] ---------------------------------------------------------
c 
c blocked:                       0         0.00 %  of irredundant clauses
c   blockings:                   0         0.00    internal
c   candidates:                  0         0.00    per blocking 
c   blockres:                    0         0.00    per candidate
c   pure:                        0         0.00 %  of all variables
c   pureclauses:                 0         0.00    per pure literal
c chronological:          10726622        19.89 %  of conflicts
c compacts:                      6   8990099.50    interval
c conflicts:              53940597      7293.89    per second
c   backtracked:          62803788       116.43 %  of conflicts
c conditioned:                   0         0.00 %  of irredundant clauses
c   conditionings:               0         0.00    interval
c   condcands:                   0         0.00    candidate clauses
c   condassinit:                 0.0       0.00 %  initial assigned
c   condcondinit:                0.0       0.00 %  initial condition
c   condautinit:                 0.0       0.00 %  initial autarky
c   condassrem:                  0.0       0.00 %  final assigned
c   condcondrem:                 0.000     0.00 %  final conditional
c   condautrem:                  0.000     0.00 %  final autarky
c   condprops:                   0         0.00    per candidate
c covered:                       0         0.00 %  of irredundant clauses
c   coverings:                   0         0.00    interval
c   asymmetric:                  0         0.00 %  of covered clauses
c   blocked:                     0         0.00 %  of covered clauses
c decisions:             102179763     13816.83    per second
c   searched:            349092184         3.42    per decision
c eliminated:                51862        79.51 %  of all variables
c   elimphases:                 92    586310.84    interval
c   elimrounds:                165         1.79    per phase
c   elimtried:               94612        54.82 %  eliminated
c   elimgates:               17137        18.11 %  gates per tried
c   elimequivs:                 60         0.35 %  equivalence gates
c   elimands:                17077        99.65 %  and gates
c   elimites:                    0         0.00 %  if-then-else gates
c   elimxors:                    0         0.00 %  xor gates
c   elimsubst:                1659         3.20 %  substituted
c   elimres:               1171469        22.59    per eliminated
c   elimrestried:          1088489        92.92 %  per resolution
c ext.prop. calls:               0         0.00 %  of queries
c   propagating:                 0         0.00 %  per eprop-call
c   explained:                   0         0.00 %  per eprop-call
c   falsified:                   0         0.00 %  per eprop-call
c ext.clause calls:              0         0.00 %  of queries
c   learned:                     0         0.00 %  per called
c   conflicting:                 0         0.00 %  per learned
c   propagating:                 0         0.00 %  per learned
c ext.final check:               0         0.00 %  of queries
c fixed:                      9337        14.31 %  of all variables
c   failed:                     30         0.05 %  of all variables
c   probefailed:                27        90.00 %  per failed
c   transredunits:               3        10.00 %  per failed
c   probingphases:             146    369456.14    interval
c   probesuccess:               41        28.08 %  phases
c   probingrounds:             146         1.00    per phase
c   probed:                 320138     10671.27    per failed
c   hbrs:                   291501         0.91    per probed
c   hbrsizes:              1133513         3.89    per hbr
c   hbreds:                 289080        99.17 %  per hbr
c   hbrsubs:                   894         0.31 %  per hbr
c   units:                      17   3172976.29    interval
c   binaries:                 2134     25276.76    interval
c flushed:                       0         0.00 %  per conflict
c   hyper:                       0         0.00 %  per conflict
c   flushings:                   0         0.00    interval
c instantiated:                  0         0.00 %  of tried
c   instrounds:                  0         0.00 %  of elimrounds
c learned:                52906282        98.08 %  per conflict
c   bumped:             1789387702        33.82    per learned
c   recomputed:          307299445       580.84 %  per learned
c   promoted1:              137752         0.26 %  per learned
c   promoted2:              501192         0.95 %  per learned
c   improvedglue:         22148616        41.86 %  per learned
c lucky:                         0         0.00 %  of tried
c   constantzero                 0         0.00 %  of tried
c   constantone                  0         0.00 %  of tried
c   backwardone                  0         0.00 %  of tried
c   backwardzero                 0         0.00 %  of tried
c   forwardone                   0         0.00 %  of tried
c   forwardzero                  0         0.00 %  of tried
c   positivehorn                 0         0.00 %  of tried
c   negativehorn                 0         0.00 %  of tried
c   extendbytes:           3289052         3.14    bytes and MB
c learned_lits:         5596735581       100.00 %  learned literals
c minimized:                     0         0.00 %  learned literals
c shrunken:             1811820846        32.37 %  learned literals
c minishrunken:          729351559        13.03 %  learned literals
c otfs:                     132315         0.25 %  of conflict
c   subsumed                  4745         0.01 %  of conflict
c   strengthened            127570         0.24 %  of conflict
c propagations:        12150684251         1.64 M  per second
c   coverprops:                  0         0.00 %  of propagations
c   probeprops:            7313130         0.06 %  of propagations
c   searchprops:       11040150759        90.86 %  of propagations
c   transredprops:         1188094         0.01 %  of propagations
c   vivifyprops:         137356260         1.13 %  of propagations
c   walkprops:           964676008         7.94 %  of propagations
c reactivated:                   0         0.00 %  of all variables
c reduced:                46210402        85.67 %  per conflict
c   reductions:                599     90051.08    interval
c   collections:               610     88427.21    interval
c rephased:                    327    164955.95    interval
c   rephasedbest:              108        33.03 %  rephased best
c   rephasedflip:               26         7.95 %  rephased flipping
c   rephasedinv:                30         9.17 %  rephased inverted
c   rephasedorig:               30         9.17 %  rephased original
c   rephasedrand:               25         7.65 %  rephased random
c   rephasedwalk:              108        33.03 %  rephased walk
c rescored:                   4699     11479.17    interval
c restarts:                1566212        34.44    interval
c   reused:                1336053        85.30 %  per restart
c   reusedlevels:         13125294        25.26 %  per restart levels
c restored:                      0         0.00 %  per weakened
c   restorations:                0         0.00 %  per extension
c   literals:                    0         0.00    per restored clause
c stabilizing:                   8        59.50 %  of conflicts
c   restartstab:              5435         0.35 %  of all restarts
c   reusedstab:               5364        98.69 %  per stable restarts
c substituted:                 270         0.41 %  of all variables
c   decompositions:            458         3.14    per phase
c subsumed:                6040916         5.62 %  of all clauses
c   subsumephases:              94    573836.14    interval
c   subsumerounds:             186         1.98    per phase
c   deduplicated:               41         0.00 %  per subsumed
c   transreds:                  94    573836.14    interval
c   transitive:                623         0.01 %  per subsumed
c   subirr:                   7549         0.12 %  of subsumed
c   subred:                  76811         1.27 %  of subsumed
c   subtried:             15344967         2.54    tried per subsumed
c   subchecks:          6358624808       414.38    per tried
c   subchecks2:           54285428         0.85 %  per subcheck
c   elimotfsub:                  0         0.00 %  of subsumed
c   elimbwsub:                 783         0.01 %  of subsumed
c   eagersub:              5948306        98.47 %  of subsumed
c   eagertried:         1163937830       195.68    tried per eagersub
c strengthened:             492090         0.46 %  of all clauses
c   elimotfstr:               4562         0.93 %  of strengthened
c   elimbwstr:                   2         0.00 %  of strengthened
c ternary:                  286660         0.81 %  of resolved
c   phases:                    292    184728.07    interval
c   htr3:                   286479        99.94 %  ternary hyper ternres
c   htr2:                      181         0.06 %  binary hyper ternres
c vivified:                  18976         0.02 %  of all clauses
c   vivifications:              94    573836.14    interval
c   vivifychecks:          1822387         3.38 %  per conflict
c   vivifysched:          10312555        17.67 %  checks per scheduled
c   vivifyunits:                 0         0.00 %  per vivify check
c   vivifyinst:                256         0.01 %  per vivify check
c   vivifysubs:               4448         0.07 %  per subsumed
c   vivifystrs:              14528         2.95 %  per strengthened
c   vivifystrirr:              634         4.36 %  per vivifystrs
c   vivifystred1:              258         1.78 %  per vivifystrs
c   vivifystred2:             8103        55.78 %  per vivifystrs
c   vivifystred3:             5533        38.09 %  per vivifystrs
c   vivifydecs:            8578304         4.71    per checks
c   vivifyreused:          3373577        39.33 %  per decision
c walked:                      108    499449.97    interval
c   flips:               119879232         1.46 M  per second
c   minimum:                    12         0.01 %  clauses
c   broken:             3776955200        31.51    per flip
c weakened:                 129625         3.34    average size
c   extensions:                  0         0.00    interval
c   flipped:                     0         0.00    per weakened
c 
c seconds are measured in process time for solving
c 
c --- [ resources ] ----------------------------------------------------------
c 
c total process time since initialization:      7395.36    seconds
c total real time since initialization:         7399.00    seconds
c maximum resident set size of process:          301.17    MB
c 
c --- [ shutting down ] ------------------------------------------------------
c 
c exit 0
