c --- [ banner ] -------------------------------------------------------------
c 
c CaDiCaL SAT Solver
c Copyright (c) 2016-2023 A. Biere, M. Fleury, N. Froleyks, K. Fazekas, F. Pollitt
c 
c Version 1.7.3
c g++-13.2.0
c Feb 11 2024 04:08:27
c 
c --- [ limit ] --------------------------------------------------------------
c 
c setting time limit to 7399 seconds real time (due to '-t 7399')
c 
c --- [ parsing input ] ------------------------------------------------------
c 
c reading DIMACS file from '/root/projects/maph/discovery/out/cover-23-6-2-wave4-20260807/32-overlap1.cnf'
c opening file to read '/root/projects/maph/discovery/out/cover-23-6-2-wave4-20260807/32-overlap1.cnf'
c found 'p cnf 65228 139977' header
c parsed 139977 clauses in 0.05 seconds process time
c closing file '/root/projects/maph/discovery/out/cover-23-6-2-wave4-20260807/32-overlap1.cnf'
c 
c --- [ options ] ------------------------------------------------------------
c 
c all options are set to their default value
c 
c --- [ solving ] ------------------------------------------------------------
c 
c time measured in process time since initialization
c 
c  seconds  reductions  redundant  irredundant
c         MB    restarts       trail       variables
c          level   conflicts       glue         remaining
c 
c *  0.05 28  0 0   0    0    0  0% 0 124190 57315 88%
c {  0.05 29  0 0   0    0    0  0% 0 124190 57315 88%
c i  0.05 29 25 0   0    8    4 22% 3 124190 56860 87%
c i  0.05 29 27 0   0   12    7 22% 3 124190 56858 87%
c i  0.06 29 35 0   7  107   82 21% 3 124190 56826 87%
c i  0.06 29 29 0   7  129   95 20% 3 124190 56785 87%
c i  0.06 29 42 0  13  214  161 20% 3 124190 56729 87%
c i  0.06 29 40 0  13  230  173 19% 3 124190 56665 87%
c i  0.06 29 40 0  13  231  173 19% 3 124190 56604 87%
c i  0.06 29 40 0  13  233  174 19% 3 124190 56542 87%
c i  0.06 29 40 0  13  234  174 19% 3 124190 56481 87%
c i  0.06 29 40 0  13  237  176 19% 3 124190 56419 86%
c i  0.06 29 40 0  13  240  177 19% 3 124190 56358 86%
c -  0.07 29 45 1  13  302  222 20% 3 113819 56337 86%
c -  0.12 35 43 2 124  936  753 20% 4 113819 56337 86%
c i  0.12 35 42 2 124  941  756 20% 4 113819 56328 86%
c }  0.13 35 42 2 128 1001  805 20% 4 113819 56317 86%
c [  0.13 35  0 2 128 1001  805  0% 0 113819 56317 86%
c O  0.13 35 19 2 128 1002  806 21% 6 113819 56317 86%
c -  0.18 35 41 3 128 1887 1480 30% 16 113779 56317 86%
c 
c  seconds  reductions  redundant   irredundant
c         MB    restarts       trail        variables
c          level   conflicts       glue          remaining
c 
c s  0.23 31 50 3 129 2232 1758 31% 18 109374 56317 86%
c v  0.25 36 50 3 129 2232 1758 31% 18 109372 56317 86%
c t  0.27 36 50 3 129 2232 1744 31% 18 108930 55923 86%
c e  0.35 42 50 3 129 2232  125 31% 18 33317 7756 12%
c s  0.36 42 50 3 129 2232  111 31% 18 33098 7756 12%
c e  0.37 42 50 3 129 2232  111 31% 18 33084 7733 12%
c ]  0.42 30 99 3 129 3002  852 36% 35 33084 7733 12%
c {  0.42 30 42 3 129 3002  852 171% 4 33084 7733 12%
c F  0.42 30 42 3 129 3003  853 171% 4 33084 7733 12%
c -  0.42 30 41 4 151 3154  958 151% 4 33084 7733 12%
c i  0.43 30 43 4 196 3326 1112 134% 5 33084 7717 12%
c i  0.43 30 43 4 196 3329 1114 134% 5 33084 7701 12%
c -  0.46 30 37 5 344 4655 1551 75% 6 32921 7701 12%
c 3  0.48 30 39 5 396 5001 9413 69% 6 32921 7701 12%
c 3  0.48 30 39 5 396 5001 9604 69% 6 32921 7701 12%
c 2  0.49 30 39 5 396 5001 9604 69% 6 32919 7701 12%
c p  0.51 30 39 5 396 5001 16968 69% 6 32919 7669 12%
c #  0.55 30 43 5 624 6004 17858 58% 7 32919 7669 12%
c -  0.57 30 42 6 652 6455 2983 54% 7 32771 7669 12%
c }  0.59 30 44 6 750 7005 3480 50% 8 32771 7669 12%
c 
c  seconds  reductions  redundant   irredundant
c         MB    restarts       trail      variables
c          level   conflicts       glue        remaining
c 
c [  0.59 30 99 6 750 7005 3480 36% 35 32771 7669 12%
c -  0.64 30 88 7 751 8556 3610 37% 31 32771 7669 12%
c I  0.71 30 89 7 752 10005 4991 40% 33 32771 7669 12%
c s  0.73 30 85 7 753 10621 5277 38% 31 32095 7669 12%
c v  0.74 30 85 7 753 10621 5277 38% 31 32082 7669 12%
c w  0.74 30 85 7 753 10621 5274 38% 31 32082 7669 12%
c t  0.74 30 85 7 753 10621 5270 38% 31 32050 7669 12%
c e  0.75 30 85 7 753 10621 3520 38% 31 31768 7421 11%
c s  0.75 30 85 7 753 10621 3497 38% 31 31734 7421 11%
c e  0.76 30 85 7 753 10621 3497 38% 31 31731 7419 11%
c -  0.78 30 85 8 753 10957 2755 38% 31 31731 7419 11%
c -  0.92 30 95 9 755 13657 3901 38% 38 31731 7419 11%
c 3  1.00 30 95 9 755 15002 12345 37% 40 31731 7419 11%
c d  1.00 30 95 9 755 15002 12338 37% 40 31731 7418 11%
c 2  1.00 30 95 9 755 15002 12337 37% 40 31730 7418 11%
c p  1.01 30 95 9 755 15002 18846 37% 40 31730 7416 11%
c ]  1.02 30 95 9 755 15009 18852 37% 40 31730 7416 11%
c {  1.02 30 44 9 755 15009 18852 50% 8 31730 7416 11%
c B  1.02 30 44 9 755 15010 18853 50% 8 31730 7416 11%
c -  1.08 30 43 10 1083 16659 5465 43% 9 31724 7416 11%
c 
c  seconds  reductions     redundant  irredundant
c         MB     restarts         trail     variables
c          level      conflicts       glue       remaining
c 
c -  1.19 30 46 11 1532 19959 5443 36% 9 31724 7416 11%
c W  1.24 30 46 11 1720 21011 6374 35% 9 31724 7416 11%
c i  1.31 30 44 11 1892 23070 8011 33% 9 31724 7410 11%
c s  1.32 30 44 11 1900 23201 7836 32% 9 31692 7410 11%
c v  1.34 30 44 11 1900 23201 7836 32% 9 31311 7410 11%
c w  1.34 30 44 11 1900 23201 7834 32% 9 31311 7410 11%
c t  1.34 30 44 11 1900 23201 7826 32% 9 31305 7410 11%
c e  1.35 30 44 11 1900 23201 6932 32% 9 31257 7375 11%
c s  1.35 30 44 11 1900 23201 6895 32% 9 31252 7375 11%
c e  1.36 30 44 11 1900 23201 6895 32% 9 31252 7374 11%
c -  1.38 30 44 12 1976 23566 5356 32% 9 31252 7374 11%
c -  1.50 30 41 13 2925 27466 6710 29% 10 31252 7374 11%
c F  1.51 30 40 13 3068 28014 7152 28% 10 31252 7374 11%
c d  1.57 30 42 13 3202 30002 8938 28% 10 31252 7369 11%
c 3  1.58 30 42 13 3202 30002 12773 28% 10 31252 7369 11%
c 3  1.58 30 42 13 3202 30002 13470 28% 10 31252 7369 11%
c 2  1.59 30 42 13 3202 30002 13465 28% 10 31252 7369 11%
c p  1.60 30 42 13 3202 30002 19147 28% 10 31252 7351 11%
c d  1.60 30 42 13 3202 30002 19075 28% 10 31158 7349 11%
c }  1.65 30 42 13 3345 31010 20044 28% 10 31158 7349 11%
c 
c  seconds  reductions      redundant   irredundant
c         MB     restarts          trail      variables
c          level      conflicts        glue        remaining
c 
c [  1.65 30 95 13 3345 31010 20044 37% 40 31158 7349 11%
c -  1.69 30 95 14 3345 31666 8247 38% 40 31158 7349 11%
c B  1.85 30 94 14 3348 36016 12322 37% 39 31158 7349 11%
c -  1.86 30 95 15 3348 36168 8767 37% 39 31158 7349 11%
c s  2.04 30 101 15 3351 39869 12150 38% 43 31110 7349 11%
c v  2.05 30 101 15 3351 39869 12150 38% 43 31074 7349 11%
c w  2.05 30 101 15 3351 39869 12149 38% 43 31074 7349 11%
c t  2.06 30 101 15 3351 39869 12147 38% 43 31070 7349 11%
c e  2.06 30 101 15 3351 39869 12043 38% 43 31009 7304 11%
c s  2.06 30 101 15 3351 39869 12014 38% 43 30981 7304 11%
c -  2.13 30 102 16 3351 40970 8594 38% 43 30981 7304 11%
c W  2.32 30 97 16 3352 45017 12367 37% 41 30981 7304 11%
c -  2.38 33 96 17 3353 46073 8939 38% 41 30981 7304 11%
c 3  2.60 33 94 17 3353 50002 17110 38% 40 30981 7304 11%
c p  2.61 33 94 17 3353 50002 22672 38% 40 30981 7304 11%
c -  2.70 33 93 18 3353 51474 9829 38% 40 30981 7304 11%
c O  2.90 33 91 18 3354 55020 13079 38% 40 30981 7304 11%
c -  2.99 33 89 19 3356 57175 10418 38% 39 30981 7304 11%
c s  3.18 33 89 19 3359 60717 13746 38% 40 30978 7304 11%
c v  3.20 33 89 19 3359 60717 13746 38% 40 30889 7304 11%
c 
c  seconds  reductions      redundant   irredundant
c         MB     restarts          trail      variables
c          level      conflicts        glue        remaining
c 
c w  3.20 33 89 19 3359 60717 13742 38% 40 30889 7304 11%
c t  3.20 33 89 19 3359 60717 13742 38% 40 30888 7304 11%
c e  3.21 33 89 19 3359 60717 13739 38% 40 30759 7232 11%
c s  3.21 33 89 19 3359 60717 13720 38% 40 30658 7232 11%
c ]  3.33 33 90 19 3360 63010 15849 38% 40 30658 7232 11%
c {  3.33 33 42 19 3360 63010 15849 28% 10 30658 7232 11%
c -  3.35 34 43 20 3383 63175 10539 28% 10 30658 7232 11%
c B  3.46 34 43 20 3740 66022 13110 28% 10 30658 7232 11%
c -  3.60 34 43 21 4260 69475 10752 27% 11 30658 7232 11%
c d  3.82 34 42 21 4886 75003 15719 26% 11 30658 7226 11%
c 3  3.83 34 42 21 4886 75003 19294 26% 11 30658 7226 11%
c 3  3.83 34 42 21 4886 75003 20047 26% 11 30658 7226 11%
c d  3.84 34 42 21 4886 75003 20019 26% 11 30658 7223 11%
c 2  3.84 34 42 21 4886 75003 20010 26% 11 30658 7223 11%
c p  3.85 34 42 21 4886 75003 25493 26% 11 30658 7221 11%
c d  3.86 34 42 21 4886 75003 25480 26% 11 30652 7219 11%
c -  3.92 34 42 22 5015 76075 12759 26% 11 30652 7219 11%
c W  4.02 34 43 22 5192 78024 14540 26% 11 30652 7219 11%
c -  4.25 34 43 23 5916 82975 14212 26% 11 30652 7219 11%
c s  4.32 34 42 23 6616 85724 15964 25% 11 30618 7219 11%
c 
c  seconds  reductions      redundant   irredundant
c         MB     restarts          trail      variables
c          level      conflicts        glue        remaining
c 
c v  4.33 34 42 23 6616 85724 15964 25% 11 30589 7219 11%
c w  4.34 34 42 23 6616 85724 15961 25% 11 30589 7219 11%
c t  4.34 34 42 23 6616 85724 15954 25% 11 30589 7219 11%
c e  4.34 34 42 23 6616 85724 15872 25% 11 30531 7184 11%
c s  4.35 34 42 23 6616 85724 15826 25% 11 30479 7184 11%
c -  4.51 34 41 24 6993 90176 14377 25% 11 30479 7184 11%
c #  4.52 34 40 24 6993 91025 15071 25% 11 30479 7184 11%
c -  4.71 34 38 25 7710 97679 14716 25% 11 30479 7184 11%
c d  4.87 34 35 25 7720 105004 20469 24% 11 30479 7171 11%
c 3  4.88 34 35 25 7720 105004 23910 24% 11 30479 7171 11%
c 3  4.88 34 35 25 7720 105004 24721 24% 11 30479 7171 11%
c d  4.89 34 35 25 7720 105004 24708 24% 11 30479 7170 11%
c 2  4.89 34 35 25 7720 105004 24703 24% 11 30479 7170 11%
c p  4.90 34 35 25 7720 105004 30131 24% 11 30479 7170 11%
c d  4.90 34 35 25 7720 105004 30109 24% 11 30479 7168 11%
c B  4.91 34 35 25 7720 105028 30130 24% 11 30479 7168 11%
c -  4.94 34 35 26 7807 105479 14766 24% 11 30479 7168 11%
c -  5.24 34 35 27 8623 113579 16823 24% 11 30479 7168 11%
c s  5.27 34 35 27 8670 114916 17619 23% 11 30476 7168 11%
c v  5.29 34 35 27 8670 114916 17619 23% 11 30465 7168 11%
c 
c  seconds  reductions       redundant   irredundant
c         MB     restarts           trail      variables
c          level      conflicts         glue        remaining
c 
c w  5.29 34 35 27 8670 114916 17615 23% 11 30465 7168 11%
c t  5.29 34 35 27 8670 114916 17611 23% 11 30465 7168 11%
c e  5.30 34 35 27 8670 114916 17607 23% 11 30460 7164 11%
c s  5.30 34 35 27 8670 114916 17553 23% 11 30460 7164 11%
c W  5.48 34 33 27 8844 120031 21418 23% 11 30460 7164 11%
c -  5.57 34 33 28 9054 121980 16000 23% 11 30460 7164 11%
c }  5.84 34 35 28 9879 127012 20672 23% 11 30460 7164 11%
c [  5.84 34 90 28 9879 127012 20672 38% 40 30460 7164 11%
c -  6.05 34 88 29 9879 130683 16909 39% 39 30460 7164 11%
c B  6.26 34 89 29 9884 136033 21887 39% 39 30460 7164 11%
c -  6.51 34 90 30 9886 139684 17646 39% 41 30460 7164 11%
c d  6.53 34 90 30 9886 140004 17801 39% 41 30460 7136 11%
c 3  6.54 34 90 30 9886 140004 21218 39% 41 30460 7136 11%
c 3  6.54 34 90 30 9886 140004 22143 39% 41 30460 7136 11%
c d  6.55 34 90 30 9886 140004 22086 39% 41 30460 7132 11%
c 2  6.55 34 90 30 9886 140004 22085 39% 41 30460 7132 11%
c p  6.56 34 90 30 9886 140004 27392 39% 41 30460 7132 11%
c d  6.56 34 90 30 9886 140004 27376 39% 41 30460 7131 11%
c s  6.99 34 86 30 9887 148327 34709 39% 39 30457 7131 11%
c v  7.01 34 86 30 9887 148327 34709 39% 39 30406 7131 11%
c 
c  seconds  reductions       redundant   irredundant
c         MB     restarts           trail      variables
c          level      conflicts         glue        remaining
c 
c w  7.02 34 86 30 9887 148327 34707 39% 39 30406 7131 11%
c t  7.02 34 86 30 9887 148327 34702 39% 39 30405 7131 11%
c e  7.03 34 86 30 9887 148327 33924 39% 39 30390 7109 11%
c s  7.04 34 86 30 9887 148327 33864 39% 39 30373 7109 11%
c -  7.09 34 86 31 9887 148986 17472 39% 39 30373 7109 11%
c W  7.42 34 83 31 9888 153038 21289 39% 38 30373 7109 11%
c -  7.78 34 81 32 9888 158586 17895 39% 38 30373 7109 11%
c -  8.48 39 77 33 9889 168490 18733 39% 37 30373 7109 11%
c I  8.67 39 76 33 9891 171041 21027 39% 37 30373 7109 11%
c -  9.02 34 77 34 9895 178690 19728 39% 37 30373 7109 11%
c d  9.11 34 78 34 9895 180004 20972 39% 38 30373 7102 11%
c 3  9.11 34 78 34 9895 180004 23992 39% 38 30373 7102 11%
c 3  9.12 34 78 34 9895 180004 25063 39% 38 30373 7102 11%
c d  9.12 34 78 34 9895 180004 25054 39% 38 30373 7101 11%
c p  9.14 34 78 34 9895 180004 30316 39% 38 30373 7101 11%
c d  9.15 34 78 34 9895 180004 30310 39% 38 30373 7100 11%
c s  9.48 34 79 34 9899 186039 35822 39% 39 30372 7100 11%
c v  9.50 34 79 34 9899 186039 35822 39% 39 30349 7100 11%
c w  9.51 34 79 34 9899 186039 35821 39% 39 30349 7100 11%
c t  9.52 34 79 34 9899 186039 35820 39% 39 30349 7100 11%
c 
c  seconds  reductions       redundant   irredundant
c         MB     restarts           trail      variables
c          level      conflicts         glue        remaining
c 
c e  9.52 34 79 34 9899 186039 35804 39% 39 30336 7088 11%
c s  9.53 34 79 34 9899 186039 35783 39% 39 30324 7088 11%
c -  9.70 39 78 35 9902 189190 20062 39% 38 30324 7088 11%
c B  9.74 39 77 35 9902 190043 20869 39% 38 30324 7088 11%
c - 10.33 34 79 36 9903 199993 19739 39% 38 30324 7088 11%
c W 11.10 34 78 36 9910 210048 28986 39% 39 30324 7088 11%
c - 11.16 39 78 37 9910 211093 20835 39% 39 30324 7088 11%
c - 12.06 34 77 38 9916 222498 20353 40% 40 30324 7088 11%
c 3 12.28 34 76 38 9917 225004 25846 40% 40 30324 7088 11%
c d 12.29 34 76 38 9917 225004 26807 40% 40 30324 7087 11%
c p 12.31 34 76 38 9917 225004 32065 40% 40 30324 7087 11%
c s 12.61 34 76 38 9918 227981 34518 40% 40 30324 7087 11%
c v 12.64 34 76 38 9918 227981 34518 40% 40 30267 7087 11%
c w 12.65 34 76 38 9918 227981 34517 40% 40 30267 7087 11%
c e 12.65 34 76 38 9918 227981 34510 40% 40 30262 7078 11%
c s 12.66 34 76 38 9918 227981 34498 40% 40 30257 7078 11%
c O 12.93 34 76 38 9918 231049 37213 40% 40 30257 7078 11%
c - 13.14 40 74 39 9918 234201 22026 40% 39 30257 7078 11%
c - 13.86 34 69 40 9919 246202 21494 39% 37 30257 7078 11%
c B 14.38 34 67 40 9920 253050 27991 39% 36 30257 7078 11%
c 
c  seconds  reductions       redundant   irredundant
c         MB     restarts           trail      variables
c          level      conflicts         glue        remaining
c 
c ] 14.47 34 68 40 9920 255012 29820 39% 36 30257 7078 11%
c { 14.47 34 35 40 9920 255012 29820 23% 11 30257 7078 11%
c - 14.68 40 36 41 10311 258504 22772 23% 11 30257 7078 11%
c - 15.18 34 33 42 10926 271106 22054 23% 11 30257 7078 11%
c s 15.30 34 33 42 11123 274091 24208 23% 11 30253 7078 11%
c v 15.33 34 33 42 11123 274091 24208 23% 11 30195 7078 11%
c w 15.34 34 33 42 11123 274091 24197 23% 11 30195 7078 11%
c t 15.34 34 33 42 11123 274091 24194 23% 11 30195 7078 11%
c e 15.35 34 33 42 11123 274091 24139 23% 11 30183 7064 11%
c s 15.36 34 33 42 11123 274091 24012 23% 11 30159 7064 11%
c e 15.37 34 33 42 11123 274091 23989 23% 11 30154 7059 11%
c d 15.42 34 33 42 11199 275007 24787 22% 11 30154 7048 11%
c 3 15.43 34 33 42 11199 275007 28673 22% 11 30154 7048 11%
c d 15.44 34 33 42 11199 275007 29583 22% 11 30154 7047 11%
c p 15.45 34 33 42 11199 275007 34833 22% 11 30154 7047 11%
c d 15.46 34 33 42 11199 275007 34824 22% 11 30154 7045 11%
c F 15.51 34 33 42 11323 276051 35736 22% 11 30154 7045 11%
c - 15.92 34 33 43 12201 284006 25793 23% 11 30154 7045 11%
c - 16.52 34 34 44 14262 297206 26778 23% 12 30154 7045 11%
c B 16.67 34 34 44 14651 300055 29393 23% 12 30154 7045 11%
c 
c  seconds  reductions        redundant   irredundant
c         MB      restarts           trail      variables
c          level       conflicts         glue        remaining
c 
c - 17.27 34 34 45 15841 310707 27125 23% 12 30154 7045 11%
c s 17.85 34 33 45 16911 324368 38286 23% 12 30146 7045 11%
c v 17.88 34 33 45 16911 324368 38286 23% 12 29963 7045 11%
c w 17.89 34 33 45 16911 324368 38276 23% 12 29963 7045 11%
c t 17.89 34 33 45 16911 324368 38266 23% 12 29963 7045 11%
c e 17.90 34 33 45 16911 324368 38130 23% 12 29950 7029 11%
c s 17.92 34 33 45 16911 324368 38066 23% 12 29934 7029 11%
c - 17.93 34 33 46 16945 324507 27636 23% 12 29934 7029 11%
c W 18.05 34 33 46 17081 325057 28126 22% 12 29934 7029 11%
c d 18.27 34 33 46 17649 330008 32217 22% 12 29934 7009 11%
c 3 18.28 34 33 46 17649 330008 36128 22% 12 29934 7009 11%
c d 18.29 34 33 46 17649 330008 36975 22% 12 29934 7007 11%
c 2 18.29 34 33 46 17649 330008 36974 22% 12 29934 7007 11%
c p 18.30 34 33 46 17649 330008 42107 22% 12 29934 7005 11%
c d 18.31 34 33 46 17649 330008 41870 22% 12 29928 7001 11%
c - 18.64 34 33 47 18265 338607 28023 22% 12 29928 7001 11%
c # 18.93 34 31 47 20385 351058 38132 21% 12 29928 7001 11%
c - 18.99 34 31 48 20854 353007 26484 21% 12 29928 7001 11%
c - 19.41 34 30 49 22547 367707 26762 21% 12 29928 7001 11%
c B 19.71 34 29 49 24212 378059 35430 20% 12 29928 7001 11%
c 
c  seconds  reductions        redundant   irredundant
c         MB      restarts           trail      variables
c          level       conflicts         glue        remaining
c 
c s 19.76 34 29 49 24275 378720 35912 20% 12 29925 7001 11%
c v 19.79 34 29 49 24275 378720 35912 20% 12 29818 7001 11%
c w 19.80 34 29 49 24275 378720 35911 20% 12 29818 7001 11%
c t 19.80 34 29 49 24275 378720 35907 20% 12 29818 7001 11%
c e 19.81 34 29 49 24275 378720 35883 20% 12 29794 6976 11%
c s 19.82 34 29 49 24275 378720 35851 20% 12 29794 6976 11%
c ^ 19.82 34 29 49 24275 378720 35851 20% 12 29794 6976 11%
c - 19.99 34 29 50 24614 382709 27330 20% 12 29794 6976 11%
c d 20.21 34 29 50 24961 390012 33526 20% 12 29794 6973 11%
c 2 20.22 34 29 50 24961 390012 38022 20% 12 29794 6973 11%
c p 20.23 34 29 50 24961 390012 43010 20% 12 29794 6973 11%
c - 20.51 34 29 51 25640 398009 28195 20% 12 29794 6973 11%
c W 20.85 34 29 51 25956 406060 34850 21% 12 29794 6973 11%
c - 21.12 34 29 52 26615 413609 28265 21% 13 29794 6973 11%
c - 21.69 34 28 53 28361 429509 29077 21% 13 29794 6973 11%
c F 21.92 34 28 53 28682 435061 33730 21% 13 29794 6973 11%
c s 22.05 34 28 53 29036 437368 35624 21% 13 29793 6973 11%
c v 22.08 34 28 53 29036 437368 35624 21% 13 29780 6973 11%
c w 22.09 34 28 53 29036 437368 35622 21% 13 29780 6973 11%
c t 22.10 34 28 53 29036 437368 35618 21% 13 29780 6973 11%
c 
c  seconds  reductions        redundant   irredundant
c         MB      restarts           trail      variables
c          level       conflicts         glue        remaining
c 
c e 22.11 34 28 53 29036 437368 21089 21% 13 30006 6573 10%
c s 22.13 34 28 53 29036 437368 21025 21% 13 29973 6573 10%
c - 22.43 34 28 54 29209 445711 21694 19% 12 29973 6573 10%
c d 22.76 34 26 54 29457 455015 28329 18% 12 29973 6564 10%
c 3 22.77 34 26 54 29457 455015 31698 18% 12 29973 6564 10%
c 2 22.78 34 26 54 29457 455015 32378 18% 12 29973 6564 10%
c p 22.79 34 26 54 29457 455015 36911 18% 12 29973 6564 10%
c - 23.15 34 27 55 30017 462211 27640 20% 12 29973 6564 10%
c B 23.26 34 27 55 30102 465064 30045 19% 12 29973 6564 10%
c - 23.85 34 28 56 32632 479011 31725 20% 12 29973 6564 10%
c W 24.63 34 28 56 35712 496065 46290 20% 13 29973 6564 10%
c - 24.64 34 28 57 35717 496111 31999 20% 13 29973 6564 10%
c s 24.95 34 29 57 36029 503040 37857 21% 13 29966 6564 10%
c v 24.98 34 29 57 36029 503040 37857 21% 13 29958 6564 10%
c w 24.99 34 29 57 36029 503040 37850 21% 13 29958 6564 10%
c t 25.00 34 29 57 36029 503040 37842 21% 13 29958 6564 10%
c e 25.00 34 29 57 36029 503040 37817 21% 13 29958 6559 10%
c s 25.02 34 29 57 36029 503040 37758 21% 13 29950 6559 10%
c } 25.33 34 29 57 37089 511012 44558 20% 13 29950 6559 10%
c [ 25.33 34 68 57 37089 511012 44558 46% 36 29950 6559 10%
c 
c  seconds  reductions        redundant   irredundant
c         MB      restarts           trail      variables
c          level       conflicts         glue        remaining
c 
c - 25.40 35 66 58 37089 513513 33082 45% 35 29950 6559 10%
c d 26.07 35 64 58 37089 525017 43941 45% 34 29950 6541 10%
c 3 26.08 35 64 58 37089 525017 47017 45% 34 29950 6541 10%
c 3 26.09 35 64 58 37089 525017 47808 45% 34 29950 6541 10%
c d 26.09 35 64 58 37089 525017 47787 45% 34 29950 6539 10%
c p 26.11 35 64 58 37089 525017 52071 45% 34 29950 6539 10%
c W 26.46 35 65 58 37089 528066 55001 44% 34 29950 6539 10%
c - 26.70 43 68 59 37089 531218 34346 44% 35 29950 6539 10%
c - 28.11 45 77 60 37095 549219 33688 44% 39 29950 6539 10%
c I 29.17 45 78 60 37102 561068 44705 44% 41 29950 6539 10%
c - 29.64 44 78 61 37104 567520 34405 44% 41 29950 6539 10%
c s 30.16 44 78 61 37104 573154 39747 44% 42 29946 6539 10%
c v 30.19 44 78 61 37104 573154 39747 44% 42 29910 6539 10%
c w 30.21 44 78 61 37104 573154 39745 44% 42 29910 6539 10%
c e 30.21 44 78 61 37104 573154 39744 44% 42 29903 6526 10%
c s 30.23 44 78 61 37104 573154 39692 44% 42 29893 6526 10%
c - 31.49 41 78 62 37111 586120 35037 44% 43 29893 6526 10%
c B 32.34 41 77 62 37117 595070 43245 44% 44 29893 6526 10%
c d 32.71 41 77 62 37119 600017 47585 44% 44 29893 6520 10%
c 3 32.72 41 77 62 37119 600017 49867 44% 44 29893 6520 10%
c 
c  seconds  reductions        redundant   irredundant
c         MB      restarts           trail      variables
c          level       conflicts         glue        remaining
c 
c 3 32.72 41 77 62 37119 600017 50873 44% 44 29893 6520 10%
c p 32.76 41 77 62 37119 600017 55365 44% 44 29893 6520 10%
c d 32.77 41 77 62 37119 600017 55358 44% 44 29893 6519 10%
c - 33.22 49 76 63 37119 605020 35844 44% 44 29893 6519 10%
c - 34.79 49 74 64 37120 624220 35837 44% 44 29893 6519 10%
c W 35.44 49 74 64 37125 630072 41190 44% 44 29893 6519 10%
c - 36.13 49 73 65 37133 643723 36580 42% 43 29893 6519 10%
c s 36.41 49 72 65 37134 647804 40037 42% 43 29892 6519 10%
c v 36.45 49 72 65 37134 647804 40037 42% 43 29874 6519 10%
c w 36.47 49 72 65 37134 647804 40021 42% 43 29874 6519 10%
c t 36.47 49 72 65 37134 647804 40020 42% 43 29874 6519 10%
c e 36.47 49 72 65 37134 647804 40019 42% 43 29873 6516 10%
c s 36.49 49 72 65 37134 647804 39935 42% 43 29871 6516 10%
c - 37.66 49 71 66 37140 663523 36972 42% 42 29871 6516 10%
c O 37.82 49 71 66 37142 666073 39306 42% 42 29871 6516 10%
c d 38.60 49 71 66 37149 680019 52260 40% 41 29871 6502 10%
c 3 38.61 49 71 66 37149 680019 54609 40% 41 29871 6502 10%
c 3 38.61 49 71 66 37149 680019 55419 40% 41 29871 6502 10%
c p 38.64 49 71 66 37149 680019 59896 40% 41 29871 6502 10%
c - 38.83 49 71 67 37150 683623 36854 40% 41 29871 6502 10%
c 
c  seconds  reductions        redundant   irredundant
c         MB      restarts           trail      variables
c          level       conflicts         glue        remaining
c 
c B 39.81 49 71 67 37151 703075 55169 39% 40 29871 6502 10%
c - 39.88 56 72 68 37151 704026 37358 39% 40 29871 6502 10%
c - 41.52 56 83 69 37152 724727 37468 41% 47 29871 6502 10%
c s 41.75 56 84 69 37152 726886 39517 41% 48 29871 6502 10%
c v 41.79 56 84 69 37152 726886 39517 41% 48 29869 6502 10%
c w 41.81 56 84 69 37152 726886 39512 41% 48 29869 6502 10%
c s 41.82 56 84 69 37152 726886 39496 41% 48 29869 6502 10%
c ^ 41.83 56 84 69 37152 726886 39496 41% 48 29869 6502 10%
c W 43.48 56 88 69 37153 741076 52882 41% 52 29869 6502 10%
c - 43.84 56 87 70 37153 745727 38877 41% 51 29869 6502 10%
c d 45.54 56 84 70 37153 765023 57133 41% 49 29869 6501 10%
c 3 45.54 56 84 70 37153 765023 59350 41% 49 29869 6501 10%
c 3 45.55 56 84 70 37153 765023 60364 41% 49 29869 6501 10%
c p 45.58 56 84 70 37153 765023 64886 41% 49 29869 6501 10%
c - 45.82 56 84 71 37153 767028 38995 42% 49 29869 6501 10%
c I 47.17 56 82 71 37153 780079 51293 42% 49 29869 6501 10%
c - 47.69 56 83 72 37153 788628 40019 42% 49 29869 6501 10%
c s 49.28 56 81 72 37156 810477 60533 42% 49 29869 6501 10%
c v 49.32 56 81 72 37156 810477 60533 42% 49 29707 6501 10%
c w 49.33 56 81 72 37156 810477 60531 42% 49 29707 6501 10%
c 
c  seconds  reductions        redundant   irredundant
c         MB      restarts           trail      variables
c          level       conflicts         glue        remaining
c 
c e 49.35 56 81 72 37156 810477 45198 42% 49 30090 6306 10%
c s 49.36 56 81 72 37156 810477 45190 42% 49 30070 6306 10%
c - 49.41 37 81 73 37156 810528 29332 42% 49 30070 6306 10%
c B 50.06 37 80 73 37161 820080 38003 42% 50 30070 6306 10%
c - 50.87 45 79 74 37168 832728 36729 41% 48 30070 6306 10%
c 3 52.93 45 75 74 37177 855023 59453 42% 47 30070 6306 10%
c 3 52.94 45 75 74 37177 855023 60221 42% 47 30070 6306 10%
c d 52.95 45 75 74 37177 855023 60215 42% 47 30070 6305 10%
c p 52.98 45 75 74 37177 855023 64645 42% 47 30070 6305 10%
c - 53.03 56 75 75 37178 855230 38366 42% 47 30070 6305 10%
c W 53.79 56 74 75 37181 861081 43583 42% 47 30070 6305 10%
c - 55.12 56 74 76 37184 878031 39831 41% 47 30070 6305 10%
c s 57.13 56 71 76 37191 900622 60281 41% 45 30070 6305 10%
c v 57.18 56 71 76 37191 900622 60281 41% 45 30050 6305 10%
c w 57.21 56 71 76 37191 900622 60274 41% 45 30050 6305 10%
c e 57.22 56 71 76 37191 900622 60274 41% 45 30049 6299 10%
c s 57.25 56 71 76 37191 900622 60252 41% 45 30046 6299 10%
c - 57.33 56 71 77 37191 901131 41595 41% 45 30046 6299 10%
c O 57.50 56 71 77 37191 903088 43374 41% 45 30046 6299 10%
c - 58.71 59 73 78 37200 924533 41703 40% 46 30046 6299 10%
c 
c  seconds  reductions        redundant   irredundant
c         MB      restarts           trail      variables
c          level       conflicts         glue        remaining
c 
c B 60.39 59 72 78 37213 946089 61810 40% 46 30046 6299 10%
c - 60.56 59 73 79 37213 948234 41854 40% 46 30046 6299 10%
c d 60.70 59 73 79 37214 950024 43539 40% 46 30046 6298 10%
c 3 60.71 59 73 79 37214 950024 45670 40% 46 30046 6298 10%
c 3 60.71 59 73 79 37214 950024 46422 40% 46 30046 6298 10%
c p 60.74 59 73 79 37214 950024 50873 40% 46 30046 6298 10%
c - 62.53 59 73 80 37215 972234 42362 40% 46 30046 6298 10%
c W 64.41 59 73 80 37216 990091 58688 40% 47 30046 6298 10%
c s 64.90 59 72 80 37216 995290 63301 40% 46 30046 6298 10%
c v 64.95 59 72 80 37216 995290 63301 40% 46 30040 6298 10%
c w 64.99 59 72 80 37216 995290 63297 40% 46 30040 6298 10%
c e 65.00 59 72 80 37216 995290 63297 40% 46 30041 6297 10%
c s 65.02 59 72 80 37216 995290 63264 40% 46 30040 6297 10%
c - 65.15 59 72 81 37216 996534 43914 40% 46 30040 6297 10%
c - 67.26 59 72 82 37225 1021134 43973 40% 46 30040 6297 10%
c ] 67.43 59 72 82 37226 1023013 45656 40% 46 30040 6297 10%
c { 67.43 59 29 82 37226 1023013 45656 20% 13 30040 6297 10%
c # 68.04 59 29 82 38337 1035096 56186 21% 13 30040 6297 10%
c - 68.75 59 30 83 39112 1046035 44394 21% 13 30040 6297 10%
c d 69.06 59 31 83 39555 1050024 48109 21% 13 30040 6291 10%
c 
c  seconds  reductions         redundant   irredundant
c         MB      restarts            trail      variables
c          level        conflicts         glue        remaining
c 
c 3 69.07 59 31 83 39555 1050024 50658 21% 13 30040 6291 10%
c 3 69.07 59 31 83 39555 1050024 51352 21% 13 30040 6291 10%
c d 69.08 59 31 83 39555 1050024 51342 21% 13 30040 6290 10%
c p 69.11 59 31 83 39555 1050024 55709 21% 13 30040 6290 10%
c - 70.07 59 30 84 42826 1071236 46474 21% 13 30040 6290 10%
c B 70.37 59 29 84 43103 1081099 54788 20% 13 30040 6290 10%
c s 71.01 59 28 84 43266 1094473 65890 20% 13 30040 6290 10%
c v 71.05 59 28 84 43266 1094473 65890 20% 13 30031 6290 10%
c w 71.08 59 28 84 43266 1094473 65883 20% 13 30031 6290 10%
c t 71.08 59 28 84 43266 1094473 65881 20% 13 30031 6290 10%
c e 71.09 59 28 84 43266 1094473 65881 20% 13 30033 6289 10%
c s 71.15 59 28 84 43266 1094473 65657 20% 13 30033 6289 10%
c - 71.27 59 28 85 43270 1096736 47691 20% 13 30033 6289 10%
c i 71.70 59 26 85 43300 1106069 54791 20% 12 30033 6283 10%
c - 72.42 59 26 86 45862 1122536 36176 19% 12 30015 6283 10%
c W 72.97 59 26 86 46982 1128100 40714 19% 13 30015 6283 10%
c - 74.10 59 27 87 49165 1148637 45534 20% 13 30015 6283 10%
c d 74.48 59 28 87 49799 1155025 51348 20% 13 30015 6267 10%
c 3 74.49 59 28 87 49799 1155025 54135 20% 13 30015 6267 10%
c d 74.50 59 28 87 49799 1155025 54724 20% 13 30015 6266 10%
c 
c  seconds  reductions         redundant   irredundant
c         MB      restarts            trail      variables
c          level        conflicts         glue        remaining
c 
c 2 74.50 59 28 87 49799 1155025 54723 20% 13 30015 6266 10%
c p 74.52 59 28 87 49799 1155025 58629 20% 13 30015 6266 10%
c - 75.74 59 29 88 51915 1175037 51156 21% 13 30015 6266 10%
c F 75.77 59 29 88 52184 1176103 52115 21% 13 30015 6266 10%
c s 76.82 59 28 88 53409 1198233 70370 21% 13 30006 6266 10%
c v 76.86 59 28 88 53409 1198233 70370 21% 13 29987 6266 10%
c w 76.89 59 28 88 53409 1198233 70365 21% 13 29987 6266 10%
c t 76.89 59 28 88 53409 1198233 70357 21% 13 29987 6266 10%
c e 76.90 59 28 88 53409 1198233 70357 21% 13 29992 6263 10%
c s 76.95 59 28 88 53409 1198233 70225 21% 13 29990 6263 10%
c - 77.26 59 29 89 53903 1201739 52569 21% 13 29990 6263 10%
c B 78.15 59 28 89 56599 1225105 71509 20% 13 29990 6263 10%
c - 78.47 59 28 90 57147 1228740 49918 20% 13 29990 6263 10%
c - 79.56 59 28 91 59188 1256042 49692 20% 13 29990 6263 10%
c d 79.93 59 28 91 59551 1265025 57611 21% 13 29990 6255 10%
c 3 79.93 59 28 91 59551 1265025 60321 21% 13 29990 6255 10%
c 3 79.94 59 28 91 59551 1265025 61072 21% 13 29990 6255 10%
c d 79.94 59 28 91 59551 1265025 61058 21% 13 29990 6253 10%
c 2 79.95 59 28 91 59551 1265025 61056 21% 13 29990 6253 10%
c p 79.98 59 28 91 59551 1265025 64777 21% 13 29990 6251 10%
c 
c  seconds  reductions         redundant   irredundant
c         MB      restarts            trail      variables
c          level        conflicts         glue        remaining
c 
c W 80.63 59 27 91 59579 1275106 72566 20% 13 29984 6251 10%
c - 81.12 59 27 92 60138 1283646 51080 21% 13 29984 6251 10%
c s 82.18 59 26 92 61002 1306692 70248 21% 13 29974 6251 10%
c v 82.23 59 26 92 61002 1306692 70248 21% 13 29960 6251 10%
c w 82.25 59 26 92 61002 1306692 70244 21% 13 29960 6251 10%
c t 82.25 59 26 92 61002 1306692 70243 21% 13 29960 6251 10%
c e 82.26 59 26 92 61002 1306692 70215 21% 13 29961 6247 10%
c s 82.28 59 26 92 61002 1306692 70190 21% 13 29958 6247 10%
c - 82.53 59 26 93 61336 1311549 52154 21% 13 29958 6247 10%
c # 82.99 59 25 93 61801 1326108 63333 20% 13 29958 6247 10%
c - 83.64 59 25 94 62806 1339750 51908 20% 13 29958 6247 10%
c - 84.74 59 23 95 63033 1368252 50579 20% 12 29958 6247 10%
c B 85.23 59 23 95 63447 1378109 59248 20% 12 29958 6247 10%
c d 85.34 59 23 95 63865 1380025 60968 20% 12 29958 6244 10%
c 3 85.34 59 23 95 63865 1380025 63132 20% 12 29958 6244 10%
c 3 85.35 59 23 95 63865 1380025 63816 20% 12 29958 6244 10%
c d 85.36 59 23 95 63865 1380025 63799 20% 12 29958 6243 10%
c 2 85.36 59 23 95 63865 1380025 63798 20% 12 29958 6243 10%
c p 85.38 59 23 95 63865 1380025 67770 20% 12 29958 6243 10%
c - 85.99 59 23 96 65718 1397052 53993 19% 12 29958 6243 10%
c 
c  seconds  reductions         redundant   irredundant
c         MB      restarts            trail      variables
c          level        conflicts         glue        remaining
c 
c s 86.91 59 23 96 67237 1419779 72554 19% 12 29958 6243 10%
c v 86.95 59 23 96 67237 1419779 72554 19% 12 29956 6243 10%
c w 86.98 59 23 96 67237 1419779 72554 19% 12 29956 6243 10%
c t 86.99 59 23 96 67237 1419779 72553 19% 12 29956 6243 10%
c s 87.02 59 23 96 67237 1419779 72520 19% 12 29956 6243 10%
c ^ 87.02 59 23 96 67237 1419779 72520 19% 12 29956 6243 10%
c - 87.36 59 23 97 67950 1426152 54359 19% 12 29956 6243 10%
c W 88.17 59 24 97 68628 1431115 58950 19% 12 29956 6243 10%
c - 89.56 59 25 98 70607 1455552 55655 20% 12 29956 6243 10%
c F 90.78 59 25 98 74014 1485116 80190 20% 13 29956 6243 10%
c - 90.82 59 25 99 74037 1485252 55886 20% 13 29956 6243 10%
c d 91.38 59 25 99 75086 1500025 68648 20% 13 29956 6239 10%
c 3 91.39 59 25 99 75086 1500025 71238 20% 13 29956 6239 10%
c 3 91.39 59 25 99 75086 1500025 71924 20% 13 29956 6239 10%
c p 91.43 59 25 99 75086 1500025 75721 20% 13 29956 6239 10%
c - 92.22 59 25 100 76926 1515254 56564 20% 13 29956 6239 10%
c s 93.63 59 27 100 80344 1537432 75786 20% 13 29954 6239 10%
c v 93.68 59 27 100 80344 1537432 75786 20% 13 29947 6239 10%
c w 93.71 59 27 100 80344 1537432 75778 20% 13 29947 6239 10%
c t 93.71 59 27 100 80344 1537432 75775 20% 13 29947 6239 10%
c 
c  seconds   reductions         redundant   irredundant
c         MB       restarts            trail      variables
c          level         conflicts         glue        remaining
c 
c e 93.73 59 27 100 80344 1537432 63711 20% 13 30965 5903  9%
c s 93.77 59 27 100 80344 1537432 63624 20% 13 30836 5903  9%
c B 93.93 59 27 100 80675 1540117 66075 20% 13 30836 5903  9%
c - 94.22 59 27 101 80860 1545555 52209 26% 13 30836 5903  9%
c - 95.51 59 25 102 81716 1576156 54353 22% 12 30836 5903  9%
c W 96.71 59 24 102 85231 1596122 70561 20% 13 30836 5903  9%
c - 97.24 59 24 103 85626 1607057 56636 20% 13 30836 5903  9%
c d 98.00 59 22 103 85647 1625026 70499 21% 12 30836 5897  9%
c 3 98.01 59 22 103 85647 1625026 72884 21% 12 30836 5897  9%
c p 98.04 59 22 103 85647 1625026 75896 21% 12 30836 5897  9%
c - 98.66 59 22 104 86051 1638258 56774 21% 12 30836 5897  9%
c # 99.24 59 22 104 86464 1653124 68756 21% 12 30836 5897  9%
c s 99.64 59 22 104 87759 1666229 78171 20% 12 30832 5897  9%
c v 99.69 59 22 104 87759 1666229 78171 20% 12 30826 5897  9%
c w 99.72 59 22 104 87759 1666229 78169 20% 12 30826 5897  9%
c t 99.72 59 22 104 87759 1666229 78164 20% 12 30826 5897  9%
c e 99.73 59 22 104 87759 1666229 78138 20% 12 30830 5896  9%
c s 99.77 59 22 104 87759 1666229 78038 20% 12 30830 5896  9%
c ^ 99.77 59 22 104 87759 1666229 78038 20% 12 30830 5896  9%
c - 99.88 59 22 105 88568 1669758 57468 20% 12 30830 5896  9%
c 
c  seconds    reductions         redundant   irredundant
c          MB       restarts            trail      variables
c           level         conflicts         glue        remaining
c 
c - 101.54 59 24 106 93070 1701558 56888 20% 12 30830 5896  9%
c B 101.82 59 23 106 93681 1711125 64744 19% 13 30830 5896  9%
c - 102.54 59 22 107 95309 1733660 56079 19% 12 30830 5896  9%
c d 103.54 59 24 107 98428 1755027 75260 20% 13 30830 5893  9%
c 3 103.54 59 24 107 98428 1755027 76957 20% 13 30830 5893  9%
c 3 103.55 59 24 107 98428 1755027 77533 20% 13 30830 5893  9%
c p 103.58 59 24 107 98428 1755027 80137 20% 13 30830 5893  9%
c - 104.46 59 26 108 99686 1766060 60354 21% 13 30830 5893  9%
c W 105.12 59 26 108 99989 1770126 63608 21% 13 30830 5893  9%
c - 106.30 59 26 109 102283 1798760 60469 21% 13 30830 5893  9%
c s 106.38 59 26 109 102307 1799877 61256 21% 13 30828 5893  9%
c v 106.43 59 26 109 102307 1799877 61256 21% 13 30822 5893  9%
c w 106.46 59 26 109 102307 1799877 61254 21% 13 30822 5893  9%
c e 106.50 60 26 109 102307 1799877 29254 21% 13 39495 4495  7%
c s 106.54 60 26 109 102307 1799877 29153 21% 13 39292 4495  7%
c F 107.44 34 26 109 104396 1830129 54619 20% 13 39292 4495  7%
c - 107.58 40 26 110 104605 1831761 44893 21% 13 39292 4495  7%
c - 109.46 47 28 111 108260 1865062 51439 24% 13 39292 4495  7%
c d 110.53 47 29 111 111412 1890029 73271 25% 13 39292 4493  7%
c 3 110.54 47 29 111 111412 1890029 75415 25% 13 39292 4493  7%
c 
c  seconds    reductions          redundant   irredundant
c          MB       restarts             trail      variables
c           level          conflicts         glue        remaining
c 
c 2 110.55 47 29 111 111412 1890029 75412 25% 13 39292 4493  7%
c p 110.57 47 29 111 111412 1890029 77596 25% 13 39292 4493  7%
c B 110.63 47 29 111 111607 1891132 78565 24% 13 39292 4493  7%
c - 110.93 47 29 112 111945 1898664 54913 24% 13 39292 4493  7%
c - 112.16 47 25 113 112493 1932564 52700 25% 13 39292 4493  7%
c W 113.72 47 24 113 112754 1953135 69310 25% 13 39292 4493  7%
c - 114.24 47 24 114 113204 1966764 55114 24% 13 39292 4493  7%
c s 114.76 47 23 114 113483 1981292 66233 24% 12 39279 4493  7%
c v 114.82 47 23 114 113483 1981292 66233 24% 12 39216 4493  7%
c w 114.86 47 23 114 113483 1981292 66220 24% 12 39216 4493  7%
c t 114.86 47 23 114 113483 1981292 66219 24% 12 39214 4493  7%
c e 114.87 47 23 114 113483 1981292 64045 24% 12 39300 4480  7%
c s 114.92 47 23 114 113483 1981292 63942 24% 12 39291 4480  7%
c - 115.73 47 23 115 115306 2001265 54759 23% 13 39291 4480  7%
c # 116.64 47 25 115 117043 2016136 68107 24% 13 39291 4480  7%
c d 117.55 47 26 115 118184 2030030 80946 24% 13 39291 4478  7%
c 3 117.56 47 26 115 118184 2030030 82271 24% 13 39291 4478  7%
c p 117.59 47 26 115 118184 2030030 84504 24% 13 39291 4478  7%
c - 117.79 51 26 116 118206 2036066 59290 24% 13 39291 4478  7%
c } 118.13 51 25 116 118244 2047015 68598 23% 12 39291 4478  7%
c 
c  seconds    reductions          redundant   irredundant
c          MB       restarts             trail      variables
c           level          conflicts         glue        remaining
c 
c [ 118.13 51 72 116 118244 2047015 68598 58% 46 39291 4478  7%
c - 119.84 65 70 117 118255 2071167 60898 55% 44 39291 4478  7%
c I 120.49 65 70 117 118259 2080137 69285 55% 44 39291 4478  7%
c - 122.26 51 69 118 118265 2106569 61274 52% 42 39291 4478  7%
c - 126.19 66 69 119 118280 2142269 59955 51% 45 39291 4478  7%
c B 126.53 66 69 119 118280 2145138 62412 51% 45 39291 4478  7%
c s 129.49 66 68 119 118294 2169250 83231 51% 46 39285 4478  7%
c v 129.57 66 68 119 118294 2169250 83231 51% 46 39235 4478  7%
c w 129.62 66 68 119 118294 2169250 83228 51% 46 39235 4478  7%
c s 129.67 66 68 119 118294 2169250 83197 51% 46 39235 4478  7%
c 3 130.50 66 68 119 118295 2175030 89301 51% 46 39235 4478  7%
c p 130.57 66 68 119 118295 2175030 91659 51% 46 39235 4478  7%
c - 131.00 66 67 120 118295 2178271 61357 51% 46 39235 4478  7%
c W 135.49 66 64 120 118297 2211140 90815 50% 45 39235 4478  7%
c - 135.92 66 64 121 118297 2214572 62347 50% 45 39235 4478  7%
c - 140.29 67 59 122 118298 2251175 65592 49% 43 39235 4478  7%
c O 143.31 67 58 122 118298 2278142 89585 49% 43 39235 4478  7%
c - 143.74 67 56 123 118298 2288075 67790 47% 40 39235 4478  7%
c 3 145.34 67 51 123 118299 2325033 102620 40% 35 39235 4478  7%
c p 145.40 67 51 123 118299 2325033 104912 40% 35 39235 4478  7%
c 
c  seconds    reductions          redundant   irredundant
c          MB       restarts             trail      variables
c           level          conflicts         glue        remaining
c 
c - 145.46 61 51 124 118299 2325275 64419 40% 35 39235 4478  7%
c B 146.21 61 54 124 118299 2346143 83917 39% 34 39235 4478  7%
c - 146.92 62 61 125 118299 2362775 62641 40% 34 39235 4478  7%
c - 150.65 79 68 126 118299 2400576 64566 42% 38 39235 4478  7%
c W 153.17 79 71 126 118299 2415145 78262 43% 40 39235 4478  7%
c - 155.41 79 71 127 118305 2438676 66715 44% 42 39235 4478  7%
c - 160.20 65 71 128 118322 2477076 65305 45% 46 39235 4478  7%
c 3 160.49 65 72 128 118324 2480034 69219 46% 47 39235 4478  7%
c p 160.53 65 72 128 118324 2480034 71579 46% 47 39235 4478  7%
c I 161.13 65 72 128 118328 2485147 76249 46% 47 39235 4478  7%
c - 163.03 79 66 129 118333 2515776 67042 44% 43 39235 4478  7%
c - 165.12 79 59 130 118351 2554778 66738 41% 36 39235 4478  7%
c B 165.26 79 59 130 118352 2556149 67993 41% 36 39235 4478  7%
c - 168.37 79 63 131 118361 2594078 67087 42% 38 39235 4478  7%
c W 173.00 79 67 131 118362 2628151 98501 44% 42 39235 4478  7%
c - 173.77 99 67 132 118365 2633678 69459 45% 43 39235 4478  7%
c 3 174.52 99 67 132 118369 2640035 76407 45% 43 39235 4478  7%
c p 174.57 99 67 132 118369 2640035 78708 45% 43 39235 4478  7%
c - 179.03 79 66 133 118384 2673579 66580 46% 46 39235 4478  7%
c O 182.38 79 67 133 118393 2701152 89823 46% 48 39235 4478  7%
c 
c  seconds    reductions          redundant   irredundant
c          MB       restarts             trail      variables
c           level          conflicts         glue        remaining
c 
c - 183.19 82 63 134 118394 2713783 69843 46% 45 39235 4478  7%
c - 186.91 82 65 135 118414 2754284 67778 46% 45 39235 4478  7%
c B 188.44 82 65 135 118423 2775154 86851 45% 44 39235 4478  7%
c - 189.41 82 67 136 118424 2795084 71304 43% 43 39235 4478  7%
c 3 190.29 82 69 136 118425 2805035 81964 44% 44 39235 4478  7%
c p 190.32 82 69 136 118425 2805035 84270 44% 44 39235 4478  7%
c - 193.74 93 68 137 118426 2836186 70511 44% 45 39235 4478  7%
c W 196.19 93 67 137 118426 2850155 83111 44% 45 39235 4478  7%
c - 199.93 93 64 138 118426 2877586 71707 45% 45 39235 4478  7%
c - 203.59 93 62 139 118440 2919286 74003 43% 43 39235 4478  7%
c I 203.76 93 60 139 118441 2926159 79620 41% 41 39235 4478  7%
c - 205.31 93 53 140 118456 2961286 69290 38% 37 39235 4478  7%
c 3 206.28 93 53 140 118457 2975038 83448 39% 36 39235 4478  7%
c p 206.33 93 53 140 118457 2975038 85738 39% 36 39235 4478  7%
c B 207.96 93 52 140 118471 3003160 110566 38% 35 39235 4478  7%
c - 208.02 93 53 141 118471 3003587 71159 38% 35 39235 4478  7%
c - 211.28 93 59 142 118488 3046188 71447 40% 37 39235 4478  7%
c W 215.55 93 58 142 118489 3081161 102105 42% 38 39235 4478  7%
c - 216.46 93 58 143 118489 3089089 72089 43% 39 39235 4478  7%
c - 221.36 93 58 144 118507 3132294 72876 44% 40 39235 4478  7%
c 
c  seconds    reductions          redundant   irredundant
c          MB       restarts             trail      variables
c           level          conflicts         glue        remaining
c 
c 3 223.22 93 58 144 118518 3150040 90005 45% 40 39235 4478  7%
c p 223.27 93 58 144 118518 3150040 92280 45% 40 39235 4478  7%
c O 224.61 93 58 144 118519 3160164 100860 45% 41 39235 4478  7%
c - 225.74 93 54 145 118520 3175794 75435 43% 38 39235 4478  7%
c s 225.82 93 54 145 118520 3175794 75109 43% 38 39235 4478  7%
c v 226.02 93 54 145 118520 3175794 75109 43% 38 39030 4478  7%
c w 226.15 93 54 145 118520 3175794 75095 43% 38 39030 4478  7%
c e 226.16 93 54 145 118520 3175794 73402 43% 38 39036 4477  7%
c s 226.23 93 54 145 118520 3175794 73332 43% 38 39032 4477  7%
c - 228.86 93 51 146 118541 3219594 75986 41% 34 39032 4477  7%
c B 230.33 93 53 146 118550 3240166 95282 41% 34 39032 4477  7%
c - 232.13 96 59 147 118552 3263695 77345 42% 36 39032 4477  7%
c - 237.14 96 64 148 118553 3308096 77214 45% 39 39032 4477  7%
c W 239.61 96 64 148 118553 3321169 89293 45% 40 39032 4477  7%
c d 240.35 96 65 148 118553 3330042 97685 45% 40 39032 4474  7%
c 3 240.36 96 65 148 118553 3330042 98977 45% 40 39032 4474  7%
c 2 240.37 96 65 148 118553 3330042 98977 45% 40 39031 4474  7%
c p 240.41 96 65 148 118553 3330042 101244 45% 40 39031 4474  7%
c - 242.97 96 73 149 118553 3352797 80410 46% 44 39031 4474  7%
c s 245.90 96 79 149 118554 3375735 101925 47% 49 39031 4474  7%
c 
c  seconds    reductions          redundant    irredundant
c          MB       restarts              trail      variables
c           level          conflicts          glue        remaining
c 
c v 245.98 96 79 149 118554 3375735 101925 47% 49 39028 4474  7%
c w 246.03 96 79 149 118554 3375735 101923 47% 49 39028 4474  7%
c s 246.08 96 79 149 118554 3375735 101907 47% 49 39028 4474  7%
c ^ 246.09 96 79 149 118554 3375735 101907 47% 49 39028 4474  7%
c - 248.63 72 80 150 118554 3397798 80981 48% 51 39028 4474  7%
c I 249.22 72 81 150 118554 3403173 86056 48% 51 39028 4474  7%
c - 252.62 69 80 151 118554 3443100 79600 48% 51 39028 4474  7%
c B 257.91 69 79 151 118554 3486175 119485 49% 54 39028 4474  7%
c - 258.22 69 79 152 118554 3488702 81035 49% 54 39028 4474  7%
c 3 260.69 69 79 152 118555 3515042 107109 49% 53 39028 4474  7%
c p 260.75 69 79 152 118555 3515042 109377 49% 53 39028 4474  7%
c - 262.82 89 78 153 118555 3534603 78982 49% 53 39028 4474  7%
c W 267.71 89 73 153 118555 3570177 110133 49% 52 39028 4474  7%
c - 269.35 89 72 154 118555 3580806 78710 49% 51 39028 4474  7%
c s 269.56 89 72 154 118555 3581977 79723 49% 51 39024 4474  7%
c v 269.64 89 72 154 118555 3581977 79723 49% 51 39015 4474  7%
c w 269.68 89 72 154 118555 3581977 79723 49% 51 39015 4474  7%
c e 269.72 89 72 154 118555 3581977 24256 49% 51 46466 3867  6%
c s 269.77 89 72 154 118555 3581977 24081 49% 51 46273 3867  6%
c e 269.79 89 72 154 118555 3581977 23974 49% 51 46342 3862  6%
c 
c  seconds    reductions          redundant   irredundant
c          MB       restarts             trail      variables
c           level          conflicts         glue        remaining
c 
c - 273.70 89 68 155 118555 3627307 57912 50% 49 46342 3862  6%
c O 276.94 89 66 155 118555 3655181 81939 50% 48 46342 3862  6%
c - 277.90 89 59 156 118555 3674108 70815 45% 43 46342 3862  6%
c 3 280.04 89 52 156 118555 3705042 101625 45% 38 46342 3862  6%
c p 280.11 89 52 156 118555 3705042 103649 45% 38 46342 3862  6%
c - 281.62 89 54 157 118555 3721211 73535 45% 38 46342 3862  6%
c B 283.39 89 54 157 118555 3741185 92192 44% 37 46342 3862  6%
c - 285.80 89 61 158 118561 3768611 77477 45% 39 46342 3862  6%
c - 291.04 89 66 159 118584 3816314 73319 45% 45 46342 3862  6%
c s 292.33 89 66 159 118585 3825754 80516 45% 46 46314 3862  6%
c v 292.44 89 66 159 118585 3825754 80516 45% 46 46210 3862  6%
c w 292.49 89 66 159 118585 3825754 80502 45% 46 46210 3862  6%
c t 292.49 89 66 159 118585 3825754 80502 45% 46 46207 3862  6%
c e 292.50 89 66 159 118585 3825754 80502 45% 46 46235 3860  6%
c s 292.61 89 66 159 118585 3825754 80445 45% 46 46220 3860  6%
c W 293.83 89 66 159 118586 3828187 82385 45% 46 46220 3860  6%
c - 298.26 89 64 160 118599 3864314 74801 46% 46 46220 3860  6%
c p 302.44 89 63 160 118615 3900044 105347 46% 48 46220 3860  6%
c - 303.93 101 64 161 118617 3912618 73600 46% 48 46220 3860  6%
c I 304.38 101 65 161 118617 3916189 76846 47% 49 46220 3860  6%
c 
c  seconds     reductions          redundant   irredundant
c           MB       restarts             trail      variables
c            level          conflicts         glue        remaining
c 
c - 309.54 101 65 162 118619 3961219 75504 48% 51 46220 3860  6%
c B 315.33 101 65 162 118640 4005191 113461 48% 53 46220 3860  6%
c - 316.15 101 65 163 118643 4010122 74643 48% 53 46220 3860  6%
c - 323.23 101 64 164 118659 4059323 75236 48% 54 46220 3860  6%
c ] 327.41 101 64 164 118676 4095016 105165 48% 53 46220 3860  6%
c { 327.41 101 25 164 118676 4095016 105165 27% 12 46220 3860  6%
c B 327.47 101 25 164 118717 4095192 105329 27% 12 46220 3860  6%
c p 327.88 101 25 164 118895 4100046 112309 27% 12 46220 3860  6%
c - 328.65 101 26 165 119784 4108823 79156 27% 12 46220 3860  6%
c - 331.28 101 26 166 123934 4158624 75347 25% 13 46220 3860  6%
c W 333.85 101 27 166 128031 4186198 99251 25% 13 46220 3860  6%
c s 334.87 101 28 166 128953 4197014 104200 25% 13 46204 3860  6%
c v 335.03 101 28 166 128953 4197014 104200 25% 13 45912 3860  6%
c w 335.13 101 28 166 128953 4197014 104181 25% 13 45912 3860  6%
c s 335.36 101 28 166 128953 4197014 103470 25% 13 45909 3860  6%
c - 335.91 101 27 167 129339 4208725 81962 25% 13 45909 3860  6%
c - 338.77 101 28 168 134822 4259125 80212 25% 13 45909 3860  6%
c F 339.59 101 27 168 136018 4278199 96018 25% 13 45909 3860  6%
c 3 341.13 101 27 168 139706 4305047 119873 25% 13 45909 3860  6%
c p 341.18 101 27 168 139706 4305047 121748 25% 13 45909 3860  6%
c 
c  seconds     reductions          redundant   irredundant
c           MB       restarts             trail      variables
c            level          conflicts         glue        remaining
c 
c - 341.54 101 28 169 140317 4309825 80902 25% 13 45909 3860  6%
c - 344.47 101 27 170 143858 4360827 80100 25% 13 45909 3860  6%
c B 345.20 101 28 170 144697 4371204 89569 25% 13 45909 3860  6%
c - 347.26 101 28 171 148939 4412127 84396 24% 14 45909 3860  6%
c s 349.56 101 27 171 152696 4454206 117278 23% 14 45894 3860  6%
c v 349.66 101 27 171 152696 4454206 117278 23% 14 45737 3860  6%
c w 349.73 101 27 171 152696 4454206 117258 23% 14 45737 3860  6%
c t 349.74 101 27 171 152696 4454206 117257 23% 14 45737 3860  6%
c e 349.75 101 27 171 152696 4454206 112183 23% 14 45904 3843  6%
c s 349.87 101 27 171 152696 4454206 112009 23% 14 45848 3843  6%
c e 349.88 101 27 171 152696 4454206 111604 23% 14 45880 3841  6%
c - 350.29 101 26 172 153803 4463728 81763 23% 14 45880 3841  6%
c W 351.42 101 26 172 154105 4465208 83056 23% 14 45880 3841  6%
c d 354.03 101 25 172 156587 4515047 123424 22% 14 45880 3840  6%
c 3 354.04 101 25 172 156587 4515047 124239 22% 14 45880 3840  6%
c p 354.10 101 25 172 156587 4515047 126114 22% 14 45880 3840  6%
c - 354.15 101 25 173 156708 4515628 80760 22% 14 45880 3840  6%
c # 355.41 101 24 173 160636 4560209 114942 21% 14 45880 3840  6%
c - 355.94 101 24 174 161130 4567829 79177 22% 14 45880 3840  6%
c - 358.41 101 26 175 165324 4620329 81882 24% 14 45880 3840  6%
c 
c  seconds     reductions          redundant    irredundant
c           MB       restarts              trail      variables
c            level          conflicts          glue        remaining
c 
c B 359.61 101 26 175 166692 4656210 111062 23% 14 45880 3840  6%
c - 360.75 101 28 176 167703 4673131 84435 24% 14 45880 3840  6%
c s 362.21 101 25 176 170380 4719002 118930 23% 14 45861 3840  6%
c v 362.30 101 25 176 170380 4719002 118930 23% 14 45860 3840  6%
c w 362.35 101 25 176 170380 4719002 118924 23% 14 45860 3840  6%
c s 362.49 101 25 176 170380 4719002 118858 23% 14 45839 3840  6%
c - 362.72 101 25 177 170964 4726231 81076 23% 14 45839 3840  6%
c 3 362.87 101 25 177 171094 4730049 84893 23% 14 45839 3840  6%
c p 362.90 101 25 177 171094 4730049 86947 23% 14 45839 3840  6%
c W 364.79 101 25 177 171710 4753211 106598 22% 14 45839 3840  6%
c - 366.12 101 24 178 172578 4779632 84755 24% 14 45839 3840  6%
c - 368.49 101 24 179 177145 4833333 87857 23% 14 45839 3840  6%
c F 369.36 101 25 179 178442 4851214 102848 23% 14 45839 3840  6%
c - 371.56 101 25 180 180375 4887334 88383 23% 14 45839 3840  6%
c - 373.68 101 24 181 183505 4941634 86011 24% 14 45839 3840  6%
c 3 374.12 101 24 181 184161 4950049 93934 24% 14 45839 3840  6%
c 2 374.13 101 24 181 184161 4950049 94192 24% 14 45839 3840  6%
c p 374.15 101 24 181 184161 4950049 95763 24% 14 45839 3840  6%
c B 374.16 101 24 181 184188 4950217 95918 24% 14 45839 3840  6%
c s 376.73 101 26 181 187407 4990885 131196 25% 13 45837 3840  6%
c 
c  seconds     reductions          redundant    irredundant
c           MB       restarts              trail      variables
c            level          conflicts          glue        remaining
c 
c v 376.81 101 26 181 187407 4990885 131196 25% 13 45834 3840  6%
c w 376.89 101 26 181 187407 4990885 131188 25% 13 45834 3840  6%
c t 376.89 101 26 181 187407 4990885 131186 25% 13 45834 3840  6%
c s 377.02 101 26 181 187407 4990885 131083 25% 13 45832 3840  6%
c - 377.45 101 27 182 187731 4996234 92513 25% 13 45832 3840  6%
c W 380.58 101 26 182 192156 5050221 136307 24% 14 45832 3840  6%
c - 380.63 101 26 183 192225 5051136 90434 24% 14 45832 3840  6%
c - 382.69 101 25 184 195468 5106338 88205 24% 14 45832 3840  6%
c # 385.14 101 27 184 197952 5151223 127380 25% 14 45832 3840  6%
c - 386.04 101 27 185 198947 5161839 93563 26% 14 45832 3840  6%
c d 386.39 101 27 185 199906 5175049 103295 25% 14 45832 3838  6%
c 2 386.41 101 27 185 199906 5175049 104350 25% 14 45832 3838  6%
c p 386.44 101 27 185 199906 5175049 105877 25% 14 45832 3838  6%
c - 388.01 101 25 186 201994 5217639 92891 25% 14 45832 3838  6%
c B 389.14 101 24 186 202620 5253228 121592 26% 13 45832 3838  6%
c s 390.72 101 25 186 204316 5269908 135647 26% 13 45831 3838  6%
c v 390.81 101 25 186 204316 5269908 135647 26% 13 45790 3838  6%
c w 390.89 101 25 186 204316 5269908 135637 26% 13 45790 3838  6%
c t 390.89 101 25 186 204316 5269908 135636 26% 13 45790 3838  6%
c e 390.90 101 25 186 204316 5269908 135636 26% 13 45874 3832  6%
c 
c  seconds     reductions          redundant    irredundant
c           MB       restarts              trail      variables
c            level          conflicts          glue        remaining
c 
c s 391.06 101 25 186 204316 5269908 135547 26% 13 45872 3832  6%
c - 391.32 101 25 187 204811 5273740 92671 27% 13 45872 3832  6%
c - 394.13 101 26 188 210910 5330140 96194 26% 13 45872 3832  6%
c W 396.82 101 27 188 214219 5356229 118990 26% 14 45872 3832  6%
c - 398.53 101 27 189 216540 5386843 97176 26% 14 45872 3832  6%
c p 399.46 101 26 189 217267 5405051 114307 26% 14 45872 3832  6%
c - 401.23 101 24 190 218652 5443844 93001 25% 13 45872 3832  6%
c F 401.81 101 24 190 220606 5460231 106386 24% 13 45872 3832  6%
c - 403.66 101 24 191 224917 5501144 96532 23% 14 45872 3832  6%
c s 405.62 101 22 191 226003 5556424 138952 26% 12 45867 3832  6%
c v 405.72 101 22 191 226003 5556424 138952 26% 12 45865 3832  6%
c w 405.79 101 22 191 226003 5556424 138948 26% 12 45865 3832  6%
c s 405.91 101 22 191 226003 5556424 138833 26% 12 45865 3832  6%
c - 406.01 101 22 192 226003 5558747 92094 26% 12 45865 3832  6%
c B 406.17 101 21 192 226006 5565232 96717 26% 12 45865 3832  6%
c - 408.65 101 23 193 236411 5616647 101420 25% 13 45865 3832  6%
c p 410.10 101 24 193 238027 5640051 124858 26% 13 45865 3832  6%
c W 413.41 101 25 193 241566 5671233 150687 26% 13 45865 3832  6%
c - 413.92 101 26 194 241977 5674848 103799 26% 13 45865 3832  6%
c - 417.19 101 26 195 247535 5733351 102048 25% 14 45865 3832  6%
c 
c  seconds     reductions          redundant    irredundant
c           MB       restarts              trail      variables
c            level          conflicts          glue        remaining
c 
c # 419.49 101 26 195 249961 5778237 139248 25% 14 45865 3832  6%
c - 420.67 101 27 196 251139 5792151 102542 26% 13 45865 3832  6%
c s 423.85 101 24 196 252776 5850087 148091 27% 13 45858 3832  6%
c v 423.95 101 24 196 252776 5850087 148091 27% 13 45791 3832  6%
c w 424.03 101 24 196 252776 5850087 148081 27% 13 45791 3832  6%
c e 424.04 101 24 196 252776 5850087 143090 27% 13 45850 3824  6%
c s 424.19 101 24 196 252776 5850087 142976 27% 13 45838 3824  6%
c e 424.20 101 24 196 252776 5850087 142739 27% 13 45870 3822  6%
c - 424.37 101 24 197 252826 5851254 97888 27% 13 45870 3822  6%
c p 426.80 101 26 197 256094 5880052 125919 27% 13 45870 3822  6%
c B 427.09 101 26 197 257569 5886238 131227 27% 13 45870 3822  6%
c - 428.61 101 26 198 258529 5910656 105219 26% 13 45870 3822  6%
c - 432.43 101 27 199 266649 5970356 107577 26% 14 45870 3822  6%
c W 434.90 101 27 199 269757 5995239 128234 27% 14 45870 3822  6%
c - 437.84 101 28 200 272675 6030358 105516 27% 14 45870 3822  6%
c - 441.01 101 26 201 275235 6090658 102565 23% 14 45870 3822  6%
c F 441.91 101 26 201 276024 6105240 115672 24% 14 45870 3822  6%
c p 443.06 101 26 201 278072 6125056 135604 24% 14 45870 3822  6%
c s 445.20 101 26 201 279141 6151240 158707 24% 14 45854 3822  6%
c v 445.30 101 26 201 279141 6151240 158707 24% 14 45851 3822  6%
c 
c  seconds     reductions          redundant    irredundant
c           MB       restarts              trail      variables
c            level          conflicts          glue        remaining
c 
c w 445.40 101 26 201 279141 6151240 158698 24% 14 45851 3822  6%
c t 445.40 101 26 201 279141 6151240 158697 24% 14 45851 3822  6%
c e 445.41 101 26 201 279141 6151240 158093 24% 14 45867 3821  6%
c s 445.57 101 26 201 279141 6151240 158022 24% 14 45854 3821  6%
c - 445.62 101 26 202 279141 6151259 108221 24% 14 45854 3821  6%
c - 448.13 101 24 203 283476 6212159 106188 24% 14 45854 3821  6%
c B 448.32 101 24 203 283675 6216241 109409 24% 14 45854 3821  6%
c - 451.41 101 24 204 287214 6273362 107876 24% 14 45854 3821  6%
c W 455.65 101 25 204 290127 6328242 155468 25% 13 45854 3821  6%
c - 456.28 101 25 205 290563 6334863 109720 25% 13 45854 3821  6%
c 3 458.75 101 26 205 295008 6375056 144976 24% 14 45854 3821  6%
c p 458.84 101 26 205 295008 6375056 146489 24% 14 45854 3821  6%
c - 460.76 101 26 206 296464 6396663 111159 24% 14 45854 3821  6%
c # 462.71 101 24 206 297548 6441244 147299 25% 13 45854 3821  6%
c - 463.69 101 24 207 301407 6458763 110379 24% 14 45854 3821  6%
c s 463.91 101 24 207 301536 6459553 110807 24% 14 45849 3821  6%
c v 464.00 101 24 207 301536 6459553 110807 24% 14 45847 3821  6%
c w 464.07 101 24 207 301536 6459553 110803 24% 14 45847 3821  6%
c s 464.23 101 24 207 301536 6459553 110737 24% 14 45843 3821  6%
c e 464.24 101 24 207 301536 6459553 110728 24% 14 45855 3820  6%
c 
c  seconds     reductions          redundant    irredundant
c           MB       restarts              trail      variables
c            level          conflicts          glue        remaining
c 
c - 468.12 101 26 208 306746 6521163 113351 25% 14 45855 3820  6%
c B 469.36 101 25 208 310125 6555245 140324 24% 14 45855 3820  6%
c - 471.05 101 24 209 310916 6583863 110880 25% 14 45855 3820  6%
c 3 473.80 101 25 209 314327 6630056 152029 27% 14 45855 3820  6%
c p 473.88 101 25 209 314327 6630056 153897 27% 14 45855 3820  6%
c - 475.29 101 26 210 315506 6646863 114382 27% 14 45855 3820  6%
c W 476.90 101 25 210 317272 6670247 133269 26% 14 45855 3820  6%
c - 478.74 101 24 211 318903 6710163 111220 26% 14 45855 3820  6%
c - 481.81 101 24 212 321492 6773764 108948 27% 13 45855 3820  6%
c s 482.06 101 24 212 321619 6775072 109861 27% 13 45851 3820  6%
c v 482.16 101 24 212 321619 6775072 109861 27% 13 45791 3820  6%
c w 482.23 101 24 212 321619 6775072 109857 27% 13 45791 3820  6%
c e 482.24 101 24 212 321619 6775072 109396 27% 13 45807 3816  6%
c s 482.37 101 24 212 321619 6775072 109348 27% 13 45807 3816  6%
c F 482.77 101 24 212 323907 6786248 118803 27% 14 45807 3816  6%
c - 485.01 101 23 213 327663 6837664 111877 26% 14 45807 3816  6%
c 3 487.87 101 24 213 333089 6890056 157791 24% 14 45807 3816  6%
c p 487.98 101 24 213 333089 6890056 159304 24% 14 45807 3816  6%
c - 488.63 101 24 214 334503 6901864 114088 24% 14 45807 3816  6%
c B 488.67 101 24 214 334835 6903249 115231 24% 14 45807 3816  6%
c 
c  seconds     reductions          redundant    irredundant
c           MB       restarts              trail      variables
c            level          conflicts          glue        remaining
c 
c - 492.29 101 25 215 338191 6966364 115676 24% 14 45807 3816  6%
c W 495.96 101 24 215 340580 7021250 163715 24% 13 45807 3816  6%
c - 496.78 101 24 216 341399 7031165 116822 24% 13 45807 3816  6%
c - 500.11 101 24 217 346784 7096265 113687 23% 14 45807 3816  6%
c s 500.34 101 24 217 346784 7097764 114663 23% 13 45806 3816  6%
c v 500.43 101 24 217 346784 7097764 114663 23% 13 45806 3816  6%
c w 500.50 101 24 217 346784 7097764 114661 23% 13 45806 3816  6%
c s 500.66 101 24 217 346784 7097764 114622 23% 13 45806 3816  6%
c # 503.05 101 25 217 351529 7140251 150103 23% 14 45806 3816  6%
c 3 503.52 101 23 217 351578 7155056 163114 22% 14 45806 3816  6%
c p 503.59 101 23 217 351578 7155056 164664 22% 14 45806 3816  6%
c - 503.92 101 23 218 351852 7161666 113858 22% 13 45806 3816  6%
c - 507.49 101 24 219 357110 7227370 117232 23% 14 45806 3816  6%
c B 509.79 101 26 219 360215 7260252 146158 24% 14 45806 3816  6%
c - 511.68 101 26 220 362920 7293371 118795 25% 14 45806 3816  6%
c - 515.08 101 24 221 365964 7359672 118003 25% 13 45806 3816  6%
c W 516.94 101 25 221 368105 7381253 136084 25% 14 45806 3816  6%
c p 519.30 101 25 221 372911 7425064 175128 25% 14 45806 3816  6%
c - 519.42 101 25 222 373004 7426274 120368 25% 14 45806 3816  6%
c s 519.68 101 25 222 373063 7427622 121362 25% 14 45802 3816  6%
c 
c  seconds     reductions          redundant    irredundant
c           MB       restarts              trail      variables
c            level          conflicts          glue        remaining
c 
c v 519.78 101 25 222 373063 7427622 121362 25% 14 45798 3816  6%
c w 519.85 101 25 222 373063 7427622 121359 25% 14 45798 3816  6%
c s 520.03 101 25 222 373063 7427622 121314 25% 14 45798 3816  6%
c - 524.18 101 26 223 377347 7493174 120450 24% 14 45798 3816  6%
c F 524.76 101 26 223 378343 7503254 129230 24% 14 45798 3816  6%
c - 527.17 101 25 224 380542 7560374 120301 24% 14 45798 3816  6%
c B 529.51 101 23 224 383876 7626257 171599 23% 14 45798 3816  6%
c - 529.70 101 23 225 383944 7627876 115926 23% 14 45798 3816  6%
c - 532.77 101 22 226 385724 7695677 116068 24% 13 45798 3816  6%
c 3 532.99 101 23 226 386492 7700065 121088 24% 13 45798 3816  6%
c p 533.03 101 23 226 386492 7700065 122704 24% 13 45798 3816  6%
c W 536.89 101 23 226 389477 7750258 165670 24% 13 45798 3816  6%
c - 538.05 101 23 227 391031 7763778 122925 24% 13 45798 3816  6%
c s 538.33 101 23 227 391055 7764627 123337 24% 13 45797 3816  6%
c v 538.44 101 23 227 391055 7764627 123337 24% 13 45769 3816  6%
c w 538.50 101 23 227 391055 7764627 123328 24% 13 45769 3816  6%
c s 538.75 101 23 227 391055 7764627 123255 24% 13 45769 3816  6%
c - 542.89 101 24 228 395771 7832178 128202 24% 13 45769 3816  6%
c # 545.23 101 23 228 397382 7875261 164236 25% 13 45769 3816  6%
c - 546.07 101 23 229 400814 7900879 127293 24% 13 45769 3816  6%
c 
c  seconds     reductions          redundant    irredundant
c           MB       restarts              trail      variables
c            level          conflicts          glue        remaining
c 
c - 549.01 101 23 230 404553 7969881 122105 26% 13 45769 3816  6%
c 3 549.28 101 22 230 404612 7980066 131070 26% 13 45769 3816  6%
c p 549.33 101 22 230 404612 7980066 132557 26% 13 45769 3816  6%
c B 549.90 101 21 230 404878 8001262 148574 27% 13 45769 3816  6%
c - 552.84 101 24 231 409702 8039182 123635 27% 13 45769 3816  6%
c s 556.49 101 24 231 414849 8108716 181469 26% 14 45768 3816  6%
c v 556.60 101 24 231 414849 8108716 181469 26% 14 45767 3816  6%
c w 556.72 101 24 231 414849 8108716 181465 26% 14 45767 3816  6%
c s 556.91 101 24 231 414849 8108716 181440 26% 14 45767 3816  6%
c - 556.96 101 24 232 414849 8108782 124941 26% 14 45767 3816  6%
c W 558.84 101 24 232 416192 8128263 140939 26% 14 45767 3816  6%
c - 561.70 101 24 233 419050 8178685 126531 24% 14 45767 3816  6%
c } 562.12 101 24 233 419325 8191016 136510 24% 14 45767 3816  6%
c [ 562.12 101 64 233 419325 8191016 136510 48% 53 45767 3816  6%
c - 565.20 101 52 234 419330 8248887 126028 41% 40 45767 3816  6%
c W 566.86 101 52 234 419331 8256265 133131 42% 40 45767 3816  6%
c 3 567.64 101 53 234 419331 8265066 142679 43% 40 45767 3816  6%
c p 567.71 101 53 234 419331 8265066 144214 43% 40 45767 3816  6%
c - 573.08 131 57 235 419331 8319387 131832 44% 39 45767 3816  6%
c O 580.64 131 60 235 419361 8385268 193152 45% 41 45767 3816  6%
c 
c  seconds     reductions          redundant    irredundant
c           MB       restarts              trail      variables
c            level          conflicts          glue        remaining
c 
c - 581.14 101 59 236 419362 8390188 134413 45% 40 45767 3816  6%
c - 587.03 105 47 237 419391 8461289 131012 37% 31 45767 3816  6%
c B 591.97 105 39 237 419394 8515271 178465 33% 26 45767 3816  6%
c - 593.36 105 43 238 419401 8532689 134822 34% 27 45767 3816  6%
c 3 595.50 105 44 238 419410 8555066 156935 36% 30 45767 3816  6%
c p 595.57 105 44 238 419410 8555066 158548 36% 30 45767 3816  6%
c - 600.72 108 48 239 419425 8604389 135213 40% 32 45767 3816  6%
c W 606.39 108 52 239 419447 8646272 173274 44% 35 45767 3816  6%
c - 609.37 140 54 240 419456 8676389 136016 46% 36 45767 3816  6%
c - 617.34 108 54 241 419458 8748690 131901 50% 38 45767 3816  6%
c I 621.11 108 55 241 419458 8778273 159469 50% 38 45767 3816  6%
c - 625.07 117 55 242 419459 8821290 140066 48% 36 45767 3816  6%
c 3 628.68 117 57 242 419459 8850066 168979 49% 36 45767 3816  6%
c p 628.78 117 57 242 419459 8850066 170574 49% 36 45767 3816  6%
c - 635.23 149 64 243 419459 8894192 140309 49% 41 45767 3816  6%
c B 637.61 149 65 243 419459 8911274 156205 49% 42 45767 3816  6%
c - 644.08 117 73 244 419483 8967393 140548 49% 46 45767 3816  6%
c - 652.70 146 72 245 419509 9040895 141062 47% 46 45767 3816  6%
c W 654.21 146 71 245 419512 9045275 145221 47% 46 45767 3816  6%
c - 665.39 178 70 246 419522 9114696 141804 49% 47 45767 3816  6%
c 
c  seconds     reductions          redundant    irredundant
c           MB       restarts              trail      variables
c            level          conflicts          glue        remaining
c 
c 3 671.18 178 69 246 419537 9150071 175417 50% 47 45767 3816  6%
c p 671.35 178 69 246 419537 9150071 177092 50% 47 45767 3816  6%
c O 676.44 178 67 246 419552 9180277 204256 49% 47 45767 3816  6%
c - 676.97 178 64 247 419553 9188797 145304 47% 45 45767 3816  6%
c - 683.05 146 54 248 419583 9263197 140051 42% 37 45767 3816  6%
c B 689.43 146 53 248 419585 9316278 188635 43% 36 45767 3816  6%
c - 692.05 146 58 249 419586 9337897 143321 46% 38 45767 3816  6%
c - 702.89 187 63 250 419601 9412897 144829 50% 41 45767 3816  6%
c W 709.34 187 63 250 419617 9453280 182013 50% 42 45767 3816  6%
c 3 709.65 187 63 250 419617 9455071 184755 50% 42 45767 3816  6%
c p 709.77 187 63 250 419617 9455071 186428 50% 42 45767 3816  6%
c - 716.33 180 61 251 419630 9488197 144103 50% 42 45767 3816  6%
c - 725.66 180 59 252 419649 9563797 146821 50% 40 45767 3816  6%
c I 728.90 180 60 252 419654 9591283 172979 50% 40 45767 3816  6%
c - 734.44 146 56 253 419677 9639699 145426 47% 37 45767 3816  6%
c - 742.60 146 53 254 419704 9715902 145479 46% 35 45767 3816  6%
c B 744.15 146 53 254 419710 9730284 158573 46% 35 45767 3816  6%
c 3 747.84 146 59 254 419712 9765074 192292 47% 38 45767 3816  6%
c 3 747.84 146 59 254 419712 9765074 192614 47% 38 45767 3816  6%
c p 747.97 146 59 254 419712 9765074 194294 47% 38 45767 3816  6%
c 
c  seconds     reductions          redundant    irredundant
c           MB       restarts              trail      variables
c            level          conflicts          glue        remaining
c 
c - 749.73 146 55 255 419713 9792402 145531 44% 36 45767 3816  6%
c - 755.39 146 44 256 419714 9869204 145562 38% 30 45767 3816  6%
c s 755.63 146 44 256 419714 9869204 145202 38% 30 45767 3816  6%
c v 755.89 146 44 256 419714 9869204 145202 38% 30 45763 3816  6%
c w 756.29 146 44 256 419714 9869204 145181 38% 30 45763 3816  6%
c s 756.52 146 44 256 419714 9869204 145083 38% 30 45755 3816  6%
c e 756.53 146 44 256 419714 9869204 145083 38% 30 45761 3815  6%
c W 757.64 146 44 256 419714 9870286 146005 37% 30 45761 3815  6%
c - 766.01 181 66 257 419714 9946305 144649 42% 40 45761 3815  6%
c O 775.10 181 75 257 419715 10011288 206438 44% 45 45761 3815  6%
c - 776.30 183 71 258 419715 10023705 150975 44% 42 45761 3815  6%
c 3 782.65 183 62 258 419715 10080074 206046 47% 36 45761 3815  6%
c p 782.78 183 62 258 419715 10080074 207724 47% 36 45761 3815  6%
c - 785.15 146 60 259 419715 10101405 148784 48% 35 45761 3815  6%
c B 791.65 146 55 259 419715 10153290 198424 49% 33 45761 3815  6%
c - 796.49 183 53 260 419715 10179406 153524 49% 33 45761 3815  6%
c s 803.40 183 50 260 419715 10227641 198540 48% 32 45760 3815  6%
c v 803.56 183 50 260 419715 10227641 198540 48% 32 45759 3815  6%
c w 803.70 183 50 260 419715 10227641 198536 48% 32 45759 3815  6%
c s 803.94 183 50 260 419715 10227641 198525 48% 32 45759 3815  6%
c 
c  seconds     reductions           redundant    irredundant
c           MB       restarts               trail      variables
c            level          conflicts           glue        remaining
c 
c - 808.01 146 50 261 419716 10257706 154796 49% 33 45759 3815  6%
c W 813.53 146 50 261 419716 10296293 190983 49% 33 45759 3815  6%
c - 818.68 181 52 262 419716 10336306 154522 50% 35 45759 3815  6%
c 3 827.72 102 52 262 419716 10400077 215065 51% 36 45759 3815  6%
c p 827.84 103 52 262 419716 10400077 216591 51% 36 45759 3815  6%
c - 830.43 107 53 263 419716 10415209 158881 51% 36 45759 3815  6%
c I 833.36 107 58 263 419716 10440294 183036 52% 38 45759 3815  6%
c - 837.16 99 57 264 419716 10494410 154036 47% 35 45759 3815  6%
c - 847.05 134 58 265 419716 10573912 152809 48% 39 45759 3815  6%
c B 848.53 134 58 265 419716 10585299 163480 48% 39 45759 3815  6%
c - 857.17 135 65 266 419716 10653713 156591 51% 42 45759 3815  6%
c 3 868.82 135 71 266 419716 10725078 225758 52% 47 45759 3815  6%
c p 868.95 135 71 266 419716 10725078 227328 52% 47 45759 3815  6%
c W 870.98 135 71 266 419716 10731302 233311 52% 47 45759 3815  6%
c - 871.55 139 71 267 419716 10733814 161180 52% 47 45759 3815  6%
c - 882.00 102 69 268 419731 10814214 152232 47% 46 45759 3815  6%
c O 890.26 102 67 268 419754 10878303 206721 48% 48 45759 3815  6%
c - 891.75 131 67 269 419762 10894914 148307 47% 46 45759 3815  6%
c - 896.93 131 56 270 419779 10975915 146128 39% 36 45759 3815  6%
c B 901.67 131 55 270 419801 11026304 193154 40% 36 45759 3815  6%
c 
c  seconds     reductions           redundant    irredundant
c           MB       restarts               trail      variables
c            level          conflicts           glue        remaining
c 
c 3 904.60 131 58 270 419810 11055080 221712 43% 36 45759 3815  6%
c p 904.74 131 58 270 419810 11055080 223327 43% 36 45759 3815  6%
c - 905.10 131 58 271 419810 11057215 153618 43% 37 45759 3815  6%
c - 913.01 154 56 272 419841 11138815 153787 43% 36 45759 3815  6%
c W 918.05 154 55 272 419842 11175305 186675 43% 36 45759 3815  6%
c - 923.92 154 55 273 419843 11220716 157378 43% 36 45759 3815  6%
c - 933.36 154 56 274 419872 11302919 161137 43% 37 45759 3815  6%
c I 935.97 154 56 274 419874 11325308 182226 45% 37 45759 3815  6%
c - 942.28 161 56 275 419902 11385421 154832 43% 38 45759 3815  6%
c 3 942.89 161 56 275 419904 11390081 159935 43% 38 45759 3815  6%
c p 942.97 161 56 275 419904 11390081 161571 43% 38 45759 3815  6%
c - 955.27 161 54 276 419919 11468222 155631 42% 39 45759 3815  6%
c B 956.38 161 53 276 419921 11476309 162548 42% 39 45759 3815  6%
c - 964.95 161 64 277 419950 11551323 156363 47% 44 45759 3815  6%
c W 979.56 161 62 277 419969 11628318 225175 48% 45 45759 3815  6%
c - 981.22 106 61 278 419969 11634723 159874 48% 45 45759 3815  6%
c - 994.74 109 54 279 419971 11718423 162568 49% 41 45759 3815  6%
c 3 996.56 109 53 279 419971 11730083 174024 49% 40 45759 3815  6%
c p 996.65 109 53 279 419971 11730083 175634 49% 40 45759 3815  6%
c O 1004.72 109 52 279 419971 11781320 222171 50% 39 45759 3815  6%
c 
c   seconds     reductions           redundant    irredundant
c            MB       restarts               trail      variables
c             level          conflicts           glue        remaining
c 
c - 1006.51 108 48 280 419971 11802424 165702 47% 35 45759 3815  6%
c - 1015.26 98 38 281 419992 11886727 160096 39% 27 45759 3815  6%
c B 1018.55 98 39 281 420007 11935322 204773 38% 27 45759 3815  6%
c - 1021.88 126 44 282 420024 11971328 160432 39% 30 45759 3815  6%
c - 1032.03 155 48 283 420041 12056228 159690 42% 35 45759 3815  6%
c s 1032.32 155 48 283 420041 12056228 159189 42% 35 45759 3815  6%
c v 1032.60 155 48 283 420041 12056228 159189 42% 35 45756 3815  6%
c w 1032.91 155 48 283 420041 12056228 159168 42% 35 45756 3815  6%
c s 1033.20 155 48 283 420041 12056228 159035 42% 35 45756 3815  6%
c d 1035.09 155 47 283 420049 12075083 175155 41% 35 45756 3812  6%
c 3 1035.11 155 47 283 420049 12075083 176452 41% 35 45756 3812  6%
c p 1035.22 155 47 283 420049 12075083 177957 41% 35 45756 3812  6%
c W 1037.75 155 48 283 420056 12090324 191985 42% 35 45756 3812  6%
c - 1044.18 155 54 284 420072 12141428 161825 46% 39 45756 3812  6%
c - 1060.95 155 61 285 420097 12226928 164263 49% 45 45756 3812  6%
c I 1063.97 155 63 285 420098 12246325 181850 49% 46 45756 3812  6%
c - 1070.35 194 61 286 420099 12312730 165368 47% 41 45756 3812  6%
c - 1078.62 155 60 287 420132 12398831 162045 46% 39 45756 3812  6%
c B 1079.12 155 60 287 420135 12403326 166269 46% 39 45756 3812  6%
c 3 1081.34 155 63 287 420144 12425085 187657 47% 41 45756 3812  6%
c 
c   seconds     reductions           redundant    irredundant
c            MB       restarts               trail      variables
c             level          conflicts           glue        remaining
c 
c p 1081.46 155 63 287 420144 12425085 189190 47% 41 45756 3812  6%
c s 1082.22 155 64 287 420145 12428987 192359 47% 41 45755 3812  6%
c v 1082.37 155 64 287 420145 12428987 192359 47% 41 45754 3812  6%
c w 1082.50 155 64 287 420145 12428987 192335 47% 41 45754 3812  6%
c s 1082.86 155 64 287 420145 12428987 192284 47% 41 45754 3812  6%
c - 1089.69 155 63 288 420161 12485232 165444 48% 42 45754 3812  6%
c W 1100.96 155 65 288 420186 12561329 236055 49% 44 45754 3812  6%
c - 1102.53 194 64 289 420191 12571935 169041 49% 44 45754 3812  6%
c - 1117.72 155 65 290 420222 12658935 167476 50% 47 45754 3812  6%
c O 1127.89 155 66 290 420225 12720330 219785 50% 50 45754 3812  6%
c - 1129.90 155 60 291 420225 12746235 164388 47% 44 45754 3812  6%
c 3 1132.60 155 53 291 420226 12780085 196531 44% 39 45754 3812  6%
c p 1132.72 155 53 291 420226 12780085 198046 44% 39 45754 3812  6%
c - 1138.02 155 52 292 420226 12833836 165609 43% 35 45754 3812  6%
c B 1144.11 155 52 292 420226 12880332 208413 45% 35 45754 3812  6%
c - 1148.48 196 65 293 420227 12921739 168864 47% 39 45754 3812  6%
c - 1160.98 155 63 294 420227 13009939 166612 47% 41 45754 3812  6%
c W 1166.56 155 62 294 420227 13041337 196293 46% 41 45754 3812  6%
c - 1176.85 197 57 295 420227 13098440 172242 46% 40 45754 3812  6%
c 3 1184.26 197 54 295 420227 13140086 213283 46% 39 45754 3812  6%
c 
c   seconds     reductions           redundant    irredundant
c            MB       restarts               trail      variables
c             level          conflicts           glue        remaining
c 
c p 1184.40 197 54 295 420227 13140086 214808 46% 39 45754 3812  6%
c - 1193.99 155 51 296 420234 13187241 170524 45% 38 45754 3812  6%
c I 1196.60 155 50 296 420242 13203339 184044 45% 38 45754 3812  6%
c - 1203.79 193 59 297 420268 13276345 170204 47% 41 45754 3812  6%
c - 1215.44 155 61 298 420290 13365745 164629 49% 43 45754 3812  6%
c B 1215.55 155 61 298 420290 13366340 165137 49% 43 45754 3812  6%
c - 1231.11 155 59 299 420321 13455446 161884 51% 47 45754 3812  6%
c 3 1239.28 155 59 299 420343 13505086 204815 51% 47 45754 3812  6%
c p 1239.41 155 59 299 420343 13505086 206391 51% 47 45754 3812  6%
c W 1246.50 155 58 299 420352 13530344 226673 51% 48 45754 3812  6%
c - 1249.68 190 57 300 420353 13545449 166886 51% 47 45754 3812  6%
c - 1266.12 155 54 301 420354 13635750 167766 51% 46 45754 3812  6%
c O 1273.47 155 58 301 420382 13695347 220282 49% 43 45754 3812  6%
c - 1275.72 155 53 302 420386 13726351 173839 43% 38 45754 3812  6%
c - 1284.60 155 57 303 420417 13817253 167117 43% 41 45754 3812  6%
c B 1291.13 155 61 303 420430 13861350 206267 45% 45 45754 3812  6%
c 3 1292.76 155 63 303 420432 13875086 219854 46% 45 45754 3812  6%
c p 1292.88 155 63 303 420432 13875086 221408 46% 45 45754 3812  6%
c - 1294.73 155 58 304 420448 13908453 168439 41% 41 45754 3812  6%
c - 1303.13 155 57 305 420479 13999953 166186 44% 40 45754 3812  6%
c 
c   seconds     reductions           redundant    irredundant
c            MB       restarts               trail      variables
c             level          conflicts           glue        remaining
c 
c W 1308.02 155 57 305 420480 14028351 191988 46% 42 45754 3812  6%
c - 1319.83 155 60 306 420481 14091757 166853 49% 47 45754 3812  6%
c - 1340.56 192 59 307 420482 14183857 168732 50% 49 45754 3812  6%
c I 1342.71 192 59 307 420482 14196352 179997 51% 49 45754 3812  6%
c 3 1347.62 192 59 307 420489 14250087 230492 48% 45 45754 3812  6%
c 2 1347.66 192 59 307 420489 14250087 230491 48% 45 45754 3812  6%
c p 1347.78 192 59 307 420489 14250087 232062 48% 45 45754 3812  6%
c - 1351.52 155 60 308 420500 14276258 171221 48% 45 45754 3812  6%
c B 1363.00 155 50 308 420534 14365353 247825 46% 37 45754 3812  6%
c - 1363.47 155 52 309 420535 14368958 166601 46% 38 45754 3812  6%
c s 1363.80 155 52 309 420535 14368958 166204 46% 38 45754 3812  6%
c v 1364.07 155 52 309 420535 14368958 166204 46% 38 45753 3812  6%
c w 1364.39 155 52 309 420535 14368958 166168 46% 38 45753 3812  6%
c s 1364.72 155 52 309 420535 14368958 165951 46% 38 45753 3812  6%
c - 1376.52 155 54 310 420559 14461958 167259 48% 40 45753 3812  6%
c W 1386.73 155 57 310 420583 14535354 232292 48% 42 45753 3812  6%
c - 1389.19 155 58 311 420591 14555260 169169 47% 43 45753 3812  6%
c 3 1400.11 155 60 311 420608 14630089 232585 47% 46 45753 3812  6%
c p 1400.25 155 60 311 420608 14630089 234157 47% 46 45753 3812  6%
c - 1402.75 155 61 312 420609 14648860 168736 47% 45 45753 3812  6%
c 
c   seconds     reductions           redundant    irredundant
c            MB       restarts               trail      variables
c             level          conflicts           glue        remaining
c 
c O 1411.25 155 62 312 420609 14706357 220816 47% 46 45753 3812  6%
c - 1414.21 155 53 313 420627 14742760 175272 42% 39 45753 3812  6%
c - 1421.77 155 53 314 420664 14836961 171890 42% 38 45753 3812  6%
c B 1426.83 155 54 314 420672 14878358 206501 44% 40 45753 3812  6%
c - 1432.86 195 66 315 420687 14931461 173561 46% 44 45753 3812  6%
c 3 1444.51 195 70 315 420718 15015089 247917 49% 50 45753 3812  6%
c p 1444.67 195 70 315 420718 15015089 249478 49% 50 45753 3812  6%
c - 1446.47 155 69 316 420721 15026262 170674 49% 50 45753 3812  6%
c W 1450.98 155 67 316 420733 15051359 190225 50% 50 45753 3812  6%
c - 1464.34 193 64 317 420736 15121363 168645 52% 50 45753 3812  6%
c - 1481.77 155 61 318 420737 15216763 172688 52% 49 45753 3812  6%
c I 1483.04 155 61 318 420737 15225360 180048 52% 49 45753 3812  6%
c - 1492.47 190 59 319 420738 15312464 179733 45% 41 45753 3812  6%
c B 1504.88 190 59 319 420738 15400362 261240 45% 41 45753 3812  6%
c 3 1505.56 190 60 319 420738 15405092 266737 46% 42 45753 3812  6%
c p 1505.72 190 60 319 420738 15405092 268278 46% 42 45753 3812  6%
c - 1506.25 155 61 320 420738 15408464 182584 46% 42 45753 3812  6%
c - 1520.07 155 66 321 420738 15504765 178835 49% 50 45753 3812  6%
c W 1534.28 155 66 321 420739 15576364 242593 50% 52 45753 3812  6%
c - 1540.37 197 66 322 420739 15601365 182232 51% 53 45753 3812  6%
c 
c   seconds     reductions           redundant    irredundant
c            MB       restarts               trail      variables
c             level          conflicts           glue        remaining
c 
c - 1562.24 155 63 323 420739 15698267 175156 50% 52 45753 3812  6%
c O 1572.41 155 61 323 420739 15753365 217534 51% 52 45753 3812  6%
c - 1576.67 194 53 324 420739 15795467 181040 48% 42 45753 3812  6%
c 3 1577.18 194 52 324 420739 15800094 186868 48% 42 45753 3812  6%
c p 1577.27 194 52 324 420739 15800094 188422 48% 42 45753 3812  6%
c - 1589.75 155 48 325 420739 15892967 184935 47% 35 45753 3812  6%
c B 1595.72 155 47 325 420739 15931367 221220 47% 34 45753 3812  6%
c - 1603.59 201 68 326 420739 15990767 191737 49% 44 45753 3812  6%
c - 1619.88 205 78 327 420739 16088867 190836 49% 52 45753 3812  6%
c W 1624.87 205 79 327 420740 16110368 211111 50% 53 45753 3812  6%
c - 1636.42 155 84 328 420740 16187269 192855 50% 56 45753 3812  6%
c 3 1638.22 155 84 328 420740 16200094 206141 50% 56 45753 3812  6%
c p 1638.34 155 84 328 420740 16200094 207675 50% 56 45753 3812  6%
c - 1655.81 201 79 329 420740 16285969 188393 51% 57 45753 3812  6%
c I 1656.58 201 79 329 420740 16290370 192326 51% 57 45753 3812  6%
c ] 1667.87 201 63 329 420740 16383016 277481 49% 45 45753 3812  6%
c { 1667.87 201 24 329 420740 16383016 277481 24% 14 45753 3812  6%
c - 1668.27 155 24 330 421083 16384969 186961 24% 14 45753 3812  6%
c s 1668.64 155 24 330 421083 16384969 186236 24% 14 45753 3812  6%
c v 1668.93 155 24 330 421083 16384969 186236 24% 14 45752 3812  6%
c 
c   seconds     reductions           redundant    irredundant
c            MB       restarts               trail      variables
c             level          conflicts           glue        remaining
c 
c w 1669.45 155 24 330 421083 16384969 186195 24% 14 45752 3812  6%
c s 1669.81 155 24 330 421083 16384969 185946 24% 14 45752 3812  6%
c F 1676.59 155 23 330 427695 16471371 257180 26% 13 45752 3812  6%
c - 1678.19 155 23 331 428727 16484269 181121 26% 13 45752 3812  6%
c - 1684.81 155 22 332 435198 16583869 182899 24% 13 45752 3812  6%
c 3 1687.12 155 24 332 437549 16605094 203213 25% 13 45752 3812  6%
c p 1687.21 155 24 332 437549 16605094 204727 25% 13 45752 3812  6%
c B 1691.52 155 24 332 441788 16653372 245996 24% 13 45752 3812  6%
c - 1695.05 155 24 333 444484 16683769 187367 24% 13 45752 3812  6%
c s 1703.76 155 24 333 451924 16779343 264921 26% 13 45751 3812  6%
c w 1704.15 155 24 333 451924 16779343 264889 26% 13 45751 3812  6%
c t 1704.15 155 24 333 451924 16779343 264888 26% 13 45751 3812  6%
c s 1704.73 155 24 333 451924 16779343 264596 26% 13 45751 3812  6%
c - 1705.69 155 25 334 452369 16783969 188907 26% 13 45751 3812  6%
c W 1709.79 155 24 334 457667 16836373 233049 24% 14 45751 3812  6%
c - 1712.16 155 23 335 462260 16884470 184991 24% 14 45751 3812  6%
c - 1718.42 155 21 336 468043 16985272 182831 25% 13 45751 3812  6%
c d 1720.25 155 22 336 471765 17015097 207278 25% 14 45751 3811  6%
c 3 1720.26 155 22 336 471765 17015097 208674 25% 14 45751 3811  6%
c 2 1720.29 155 22 336 471765 17015097 208673 25% 14 45751 3811  6%
c 
c   seconds     reductions           redundant    irredundant
c            MB       restarts               trail      variables
c             level          conflicts           glue        remaining
c 
c p 1720.35 155 22 336 471765 17015097 210005 25% 14 45751 3811  6%
c # 1720.76 155 22 336 472592 17020379 214222 25% 14 45751 3811  6%
c - 1727.18 155 24 337 480251 17086373 189553 25% 14 45751 3811  6%
c s 1735.26 155 26 337 486835 17180885 269697 25% 14 45751 3811  6%
c w 1735.66 155 26 337 486835 17180885 269687 25% 14 45751 3811  6%
c s 1736.12 155 26 337 486835 17180885 269604 25% 14 45750 3811  6%
c - 1736.49 155 25 338 486839 17187773 190703 24% 14 45750 3811  6%
c B 1738.06 155 25 338 487517 17205381 205694 24% 14 45750 3811  6%
c - 1743.97 155 24 339 493654 17289475 187510 23% 14 45750 3811  6%
c W 1752.53 155 24 339 500213 17391383 271504 25% 14 45750 3811  6%
c - 1752.59 155 24 340 500213 17391475 187845 25% 14 45750 3811  6%
c 3 1754.59 155 23 340 501274 17430101 218804 24% 14 45750 3811  6%
c p 1754.69 155 23 340 501274 17430101 220080 24% 14 45750 3811  6%
c - 1760.20 155 25 341 506364 17493776 187750 24% 14 45750 3811  6%
c F 1765.10 155 19 341 506861 17578385 252146 26% 12 45750 3811  6%
c - 1767.71 155 21 342 510867 17596376 184537 26% 13 45750 3811  6%
c - 1770.45 155 18 343 512591 17699276 185669 29% 12 45750 3811  6%
c B 1773.24 155 19 343 514972 17766387 238229 29% 12 45750 3811  6%
c - 1775.91 155 21 344 521897 17802476 182418 28% 13 45750 3811  6%
c 3 1779.07 155 23 344 528890 17850101 225354 26% 13 45750 3811  6%
c 
c   seconds     reductions           redundant    irredundant
c            MB       restarts               trail      variables
c             level          conflicts           glue        remaining
c 
c 2 1779.10 155 23 344 528890 17850101 225352 26% 13 45750 3811  6%
c p 1779.16 155 23 344 528890 17850101 226780 26% 13 45750 3811  6%
c - 1782.58 155 22 345 533050 17905976 187861 24% 13 45750 3811  6%
c W 1786.44 155 23 345 539162 17955391 229489 23% 14 45750 3811  6%
c i 1787.49 155 21 345 539348 17967837 237979 24% 13 45750 3809  6%
c s 1787.92 155 21 345 539348 17967837 236318 24% 13 45750 3809  6%
c v 1788.12 155 21 345 539348 17967837 236318 24% 13 45711 3809  6%
c w 1788.32 155 21 345 539348 17967837 236285 24% 13 45711 3809  6%
c e 1788.34 155 21 345 539348 17967837 236078 24% 13 45725 3807  6%
c s 1788.76 155 21 345 539348 17967837 235821 24% 13 45718 3807  6%
c - 1791.81 155 23 346 546929 18009776 177335 23% 14 45718 3807  6%
c - 1797.67 155 22 347 552661 18113876 184612 24% 14 45718 3807  6%
c # 1800.43 155 23 347 555480 18145392 211113 24% 14 45718 3807  6%
c - 1804.84 155 23 348 558354 18218276 190596 23% 14 45718 3807  6%
c 3 1808.96 155 20 348 559735 18275102 237155 26% 13 45718 3807  6%
c 3 1808.97 155 20 348 559735 18275102 237517 26% 13 45718 3807  6%
c p 1809.07 155 20 348 559735 18275102 238713 26% 13 45718 3807  6%
c - 1812.48 155 20 349 562111 18322976 187496 26% 12 45718 3807  6%
c B 1813.13 155 20 349 564094 18336393 199007 26% 13 45718 3807  6%
c s 1815.69 155 21 349 571387 18383818 235899 23% 14 45716 3807  6%
c 
c   seconds     reductions           redundant    irredundant
c            MB       restarts               trail      variables
c             level          conflicts           glue        remaining
c 
c v 1815.83 155 21 349 571387 18383818 235899 23% 14 45713 3807  6%
c w 1816.00 155 21 349 571387 18383818 235888 23% 14 45713 3807  6%
c s 1816.53 155 21 349 571387 18383818 234983 23% 14 45711 3807  6%
c - 1820.99 155 23 350 575618 18427976 196401 24% 14 45711 3807  6%
c W 1830.01 155 24 350 581149 18528394 280778 27% 14 45711 3807  6%
c - 1830.37 155 24 351 581220 18533276 194311 26% 14 45711 3807  6%
c - 1836.98 155 22 352 587512 18638877 193840 26% 13 45711 3807  6%
c 3 1840.25 155 22 352 593987 18705103 249722 26% 14 45711 3807  6%
c p 1840.35 155 22 352 593987 18705103 250918 26% 14 45711 3807  6%
c F 1840.93 155 22 352 597459 18721395 263758 25% 14 45711 3807  6%
c - 1842.67 155 23 353 599238 18744777 193649 24% 14 45711 3807  6%
c s 1847.52 155 22 353 601783 18806946 241348 25% 13 45709 3807  6%
c v 1847.67 155 22 353 601783 18806946 241348 25% 13 45700 3807  6%
c w 1847.86 155 22 353 601783 18806946 241339 25% 13 45700 3807  6%
c s 1848.31 155 22 353 601783 18806946 240991 25% 13 45700 3807  6%
c - 1853.10 155 24 354 605665 18850977 195373 26% 13 45700 3807  6%
c B 1858.01 155 25 354 612873 18915396 248741 25% 14 45700 3807  6%
c - 1861.73 155 25 355 617429 18957479 198968 25% 14 45700 3807  6%
c - 1869.09 155 25 356 623355 19064281 200985 26% 14 45700 3807  6%
c W 1872.19 155 24 356 626418 19110399 237389 25% 15 45700 3807  6%
c 
c   seconds     reductions           redundant    irredundant
c            MB       restarts               trail      variables
c             level          conflicts           glue        remaining
c 
c 3 1873.25 155 23 356 627724 19140104 260859 24% 15 45700 3807  6%
c p 1873.41 155 23 356 627724 19140104 262017 24% 15 45700 3807  6%
c - 1875.19 155 23 357 628337 19171381 193998 25% 15 45700 3807  6%
c s 1880.53 155 24 357 631390 19237204 248429 26% 15 45698 3807  6%
c v 1880.67 155 24 357 631390 19237204 248429 26% 15 45698 3807  6%
c w 1880.86 155 24 357 631390 19237204 248426 26% 15 45698 3807  6%
c e 1880.88 155 24 357 631390 19237204 248424 26% 15 45709 3806  6%
c s 1881.34 155 24 357 631390 19237204 248367 26% 15 45709 3806  6%
c - 1883.85 155 23 358 632738 19278782 195618 26% 14 45709 3806  6%
c # 1885.38 155 23 358 634999 19306400 217204 25% 14 45709 3806  6%
c - 1891.80 155 25 359 640141 19386483 197386 26% 15 45709 3806  6%
c - 1897.98 155 21 360 642321 19494484 197238 30% 13 45709 3806  6%
c B 1898.65 155 21 360 643429 19503401 204713 30% 13 45709 3806  6%
c 3 1907.22 155 25 360 652000 19580104 272557 28% 14 45709 3806  6%
c p 1907.34 155 25 360 652000 19580104 273758 28% 14 45709 3806  6%
c - 1908.49 155 25 361 653211 19602786 204822 28% 14 45709 3806  6%
c s 1914.19 155 25 361 661050 19674712 261566 26% 14 45708 3806  6%
c w 1914.58 155 25 361 661050 19674712 261560 26% 14 45708 3806  6%
c s 1915.14 155 25 361 661050 19674712 260989 26% 14 45708 3806  6%
c W 1917.34 155 23 361 662914 19701402 284062 24% 14 45708 3806  6%
c 
c   seconds     reductions           redundant    irredundant
c            MB       restarts               trail      variables
c             level          conflicts           glue        remaining
c 
c - 1918.06 155 24 362 663415 19711387 204187 24% 14 45708 3806  6%
c - 1924.86 155 22 363 670990 19820288 199936 24% 14 45708 3806  6%
c F 1930.46 155 23 363 678167 19900404 268116 25% 14 45708 3806  6%
c - 1932.37 155 23 364 679670 19929489 203836 26% 14 45708 3806  6%
c 3 1939.51 155 24 364 686408 20025107 283558 25% 14 45708 3806  6%
c 3 1939.52 155 24 364 686408 20025107 283911 25% 14 45708 3806  6%
c 2 1939.55 155 24 364 686408 20025107 283910 25% 14 45708 3806  6%
c p 1939.66 155 24 364 686408 20025107 285193 25% 14 45708 3806  6%
c - 1941.61 155 24 365 687162 20038989 202558 25% 14 45708 3806  6%
c B 1946.17 155 25 365 693393 20100406 254623 25% 14 45708 3806  6%
c s 1948.39 155 25 365 694836 20119389 269998 25% 14 45703 3806  6%
c v 1948.56 155 25 365 694836 20119389 269998 25% 14 45698 3806  6%
c w 1948.84 155 25 365 694836 20119389 269992 25% 14 45698 3806  6%
c s 1949.40 155 25 365 694836 20119389 269913 25% 14 45698 3806  6%
c - 1950.74 155 25 366 697263 20148789 205824 24% 15 45698 3806  6%
c - 1955.62 155 22 367 700536 20258895 201860 24% 14 45698 3806  6%
c W 1960.18 155 23 367 702476 20301407 236101 25% 14 45698 3806  6%
c - 1965.11 155 23 368 706955 20369295 202302 23% 14 45698 3806  6%
c 3 1971.44 155 23 368 710460 20475107 290959 27% 14 45698 3806  6%
c 3 1971.45 155 23 368 710460 20475107 291381 27% 14 45698 3806  6%
c 
c   seconds     reductions           redundant    irredundant
c            MB       restarts               trail      variables
c             level          conflicts           glue        remaining
c 
c p 1971.57 155 23 368 710460 20475107 292632 27% 14 45698 3806  6%
c - 1972.54 155 24 369 711019 20479997 206396 27% 14 45698 3806  6%
c # 1973.64 155 23 369 714196 20503408 225436 26% 14 45698 3806  6%
c s 1978.87 155 25 369 719657 20571202 285080 27% 14 45696 3806  6%
c v 1979.03 155 25 369 719657 20571202 285080 27% 14 45696 3806  6%
c w 1979.33 155 25 369 719657 20571202 285079 27% 14 45696 3806  6%
c s 1979.78 155 25 369 719657 20571202 285029 27% 14 45694 3806  6%
c - 1982.10 155 26 370 721679 20590999 211287 27% 14 45694 3806  6%
c - 1989.17 155 24 371 728020 20702301 209569 24% 14 45694 3806  6%
c B 1989.68 155 24 371 728295 20706409 213071 24% 14 45694 3806  6%
c - 2000.14 155 26 372 734283 20813901 213631 27% 14 45694 3806  6%
c W 2007.94 155 25 372 739015 20910410 294045 25% 14 45694 3806  6%
c - 2009.12 155 25 373 740122 20925803 213035 25% 14 45694 3806  6%
c d 2009.38 155 25 373 740255 20930109 216927 26% 14 45694 3805  6%
c 3 2009.40 155 25 373 740255 20930109 218272 26% 14 45694 3805  6%
c p 2009.48 155 25 373 740255 20930109 219483 26% 14 45694 3805  6%
c s 2017.40 155 24 373 744284 21030167 299908 28% 14 45688 3805  6%
c v 2017.55 155 24 373 744284 21030167 299908 28% 14 45687 3805  6%
c w 2017.84 155 24 373 744284 21030167 299898 28% 14 45687 3805  6%
c t 2017.85 155 24 373 744284 21030167 299897 28% 14 45687 3805  6%
c 
c   seconds     reductions           redundant    irredundant
c            MB       restarts               trail      variables
c             level          conflicts           glue        remaining
c 
c s 2018.54 155 24 373 744284 21030167 299787 28% 14 45687 3805  6%
c - 2019.98 155 25 374 744863 21038004 210233 28% 14 45687 3805  6%
c F 2024.95 155 24 374 749037 21115411 277051 27% 14 45687 3805  6%
c - 2028.09 155 24 375 750174 21150504 214131 27% 13 45687 3805  6%
c - 2036.97 155 23 376 758171 21263304 214901 25% 13 45687 3805  6%
c B 2041.38 155 24 376 763395 21321413 264609 25% 14 45687 3805  6%
c - 2045.67 155 24 377 767263 21376406 216868 26% 13 45687 3805  6%
c 3 2046.16 155 23 377 767313 21390110 228917 27% 13 45687 3804  6%
c p 2046.25 155 23 377 767313 21390110 230047 27% 13 45687 3804  6%
c - 2054.98 155 25 378 777700 21489807 216610 25% 14 45687 3804  6%
c s 2055.99 155 25 378 777821 21496323 222334 25% 14 45676 3804  6%
c v 2056.15 155 25 378 777821 21496323 222334 25% 14 45671 3804  6%
c w 2056.32 155 25 378 777821 21496323 222333 25% 14 45671 3804  6%
c s 2056.81 155 25 378 777821 21496323 222274 25% 14 45671 3804  6%
c W 2059.62 155 24 378 778863 21528414 248085 26% 14 45671 3804  6%
c - 2064.76 155 22 379 784085 21603507 211845 26% 13 45671 3804  6%
c - 2075.87 155 24 380 794972 21717510 221653 25% 14 45671 3804  6%
c # 2076.73 155 24 380 795249 21736415 238621 25% 14 45671 3804  6%
c - 2086.17 155 26 381 804375 21831812 221266 26% 14 45671 3804  6%
c 3 2088.05 155 26 381 806101 21855110 243364 26% 14 45671 3804  6%
c 
c   seconds     reductions           redundant    irredundant
c            MB       restarts               trail      variables
c             level          conflicts           glue        remaining
c 
c p 2088.17 155 26 381 806101 21855110 244505 26% 14 45671 3804  6%
c B 2093.20 155 23 381 812534 21945419 316274 24% 15 45671 3804  6%
c - 2093.46 155 24 382 812617 21946417 214062 24% 15 45671 3804  6%
c s 2096.28 155 25 382 813953 21969634 234612 25% 15 45667 3804  6%
c v 2096.43 155 25 382 813953 21969634 234612 25% 15 45666 3804  6%
c w 2096.62 155 25 382 813953 21969634 234609 25% 15 45666 3804  6%
c e 2096.64 155 25 382 813953 21969634 234458 25% 15 45675 3803  6%
c s 2097.10 155 25 382 813953 21969634 234383 25% 15 45675 3803  6%
c - 2102.35 155 23 383 816401 22061319 216140 24% 14 45675 3803  6%
c W 2110.03 155 24 383 822060 22155420 295173 26% 14 45675 3803  6%
c - 2111.88 155 23 384 823004 22176524 217621 26% 14 45675 3803  6%
c - 2122.02 155 24 385 833427 22292025 221014 26% 14 45675 3803  6%
c 3 2123.80 155 24 385 837598 22325113 248597 25% 15 45675 3803  6%
c p 2123.93 155 24 385 837598 22325113 249732 25% 15 45675 3803  6%
c F 2125.75 155 23 385 840306 22366423 281375 24% 15 45675 3803  6%
c - 2129.29 155 24 386 843032 22407826 218143 25% 15 45675 3803  6%
c s 2137.97 155 26 386 850101 22499598 296335 25% 15 45674 3803  6%
c v 2138.15 155 26 386 850101 22499598 296335 25% 15 45673 3803  6%
c w 2138.46 155 26 386 850101 22499598 296332 25% 15 45673 3803  6%
c s 2139.02 155 26 386 850101 22499598 296269 25% 15 45671 3803  6%
c 
c   seconds     reductions           redundant    irredundant
c            MB       restarts               trail      variables
c             level          conflicts           glue        remaining
c 
c - 2143.17 155 27 387 851709 22523929 225525 26% 15 45671 3803  6%
c B 2146.74 155 26 387 853485 22578424 270879 28% 14 45671 3803  6%
c - 2151.55 155 25 388 856519 22640329 224868 27% 14 45671 3803  6%
c - 2160.68 155 25 389 864154 22757029 223168 25% 14 45671 3803  6%
c W 2163.69 155 24 389 864967 22791425 251161 27% 14 45671 3803  6%
c 3 2165.08 155 24 389 865839 22800114 260216 27% 14 45671 3803  6%
c p 2165.19 155 24 389 865839 22800114 261340 27% 14 45671 3803  6%
c - 2170.77 155 24 390 869116 22874030 223736 25% 14 45671 3803  6%
c s 2181.00 155 24 390 874988 22987305 318020 26% 13 45668 3803  6%
c v 2181.17 155 24 390 874988 22987305 318020 26% 13 45667 3803  6%
c w 2181.52 155 24 390 874988 22987305 318019 26% 13 45667 3803  6%
c t 2181.53 155 24 390 874988 22987305 318018 26% 13 45667 3803  6%
c s 2182.11 155 24 390 874988 22987305 317926 26% 13 45663 3803  6%
c - 2183.38 155 24 391 875538 22991331 225759 27% 14 45663 3803  6%
c # 2185.22 155 26 391 877704 23005426 238777 27% 14 45663 3803  6%
c - 2192.98 155 26 392 887051 23108931 229484 26% 14 45663 3803  6%
c B 2203.93 155 25 392 891852 23220427 323130 28% 14 45663 3803  6%
c - 2205.17 155 25 393 892395 23226832 228828 27% 14 45663 3803  6%
c 3 2209.84 155 26 393 896490 23280115 274133 26% 14 45663 3803  6%
c p 2209.95 155 26 393 896490 23280115 275232 26% 14 45663 3803  6%
c 
c   seconds     reductions           redundant    irredundant
c            MB       restarts               trail      variables
c             level          conflicts           glue        remaining
c 
c - 2214.68 155 23 394 898632 23345033 228450 27% 13 45663 3803  6%
c W 2221.67 155 23 394 906902 23436430 304021 27% 13 45663 3803  6%
c - 2225.45 155 23 395 908562 23463533 228537 28% 13 45663 3803  6%
c s 2226.77 155 23 395 911398 23482148 243660 27% 14 45661 3803  6%
c v 2226.93 155 23 395 911398 23482148 243660 27% 14 45648 3803  6%
c w 2227.14 155 23 395 911398 23482148 243657 27% 14 45648 3803  6%
c e 2227.15 155 23 395 911398 23482148 242906 27% 14 45661 3802  6%
c s 2227.66 155 23 395 911398 23482148 242809 27% 14 45661 3802  6%
c - 2234.40 155 23 396 918278 23582334 231509 25% 14 45661 3802  6%
c F 2240.15 155 24 396 924569 23653432 291363 26% 14 45661 3802  6%
c - 2246.18 155 25 397 927888 23701436 231571 25% 14 45661 3802  6%
c 3 2251.56 155 25 397 931479 23765115 283521 23% 14 45661 3802  6%
c 2 2251.59 155 25 397 931479 23765115 283520 23% 14 45661 3802  6%
c p 2251.69 155 25 397 931479 23765115 284656 23% 14 45661 3802  6%
c - 2256.31 155 24 398 933969 23820837 228937 23% 14 45661 3802  6%
c B 2259.94 155 24 398 936323 23871433 271772 24% 14 45661 3802  6%
c - 2268.99 155 26 399 942522 23940537 233487 25% 14 45661 3802  6%
c s 2272.14 155 25 399 945023 23984207 267714 25% 14 45659 3802  6%
c v 2272.30 155 25 399 945023 23984207 267714 25% 14 45658 3802  6%
c w 2272.65 155 25 399 945023 23984207 267711 25% 14 45658 3802  6%
c 
c   seconds     reductions           redundant    irredundant
c            MB       restarts               trail      variables
c             level          conflicts           glue        remaining
c 
c t 2272.65 155 25 399 945023 23984207 267710 25% 14 45658 3802  6%
c s 2273.27 155 25 399 945023 23984207 267650 25% 14 45658 3802  6%
c - 2281.88 155 24 400 949426 24060538 235408 26% 14 45658 3802  6%
c W 2284.52 155 24 400 950767 24090434 259730 26% 14 45658 3802  6%
c - 2293.64 155 24 401 955574 24180838 233646 26% 14 45658 3802  6%
c 3 2298.55 155 23 401 959035 24255117 297534 26% 13 45658 3802  6%
c p 2298.69 155 23 401 959035 24255117 298653 26% 13 45658 3802  6%
c - 2302.76 155 23 402 963633 24301438 234300 26% 14 45658 3802  6%
c # 2304.21 155 24 402 964709 24310435 242632 26% 14 45658 3802  6%
c - 2311.66 155 23 403 970487 24422338 231904 23% 14 45658 3802  6%
c s 2317.24 155 22 403 974288 24493425 291478 24% 13 45655 3802  6%
c w 2317.77 155 22 403 974288 24493425 291478 24% 13 45655 3802  6%
c s 2318.42 155 22 403 974288 24493425 291378 24% 13 45655 3802  6%
c B 2323.54 155 23 403 978359 24531436 324382 25% 14 45655 3802  6%
c - 2324.26 155 23 404 978670 24543539 234858 25% 14 45655 3802  6%
c - 2332.16 155 22 405 985496 24665039 235130 27% 14 45655 3802  6%
c 3 2339.60 155 24 405 990009 24750117 307470 27% 14 45655 3802  6%
c p 2339.72 155 24 405 990009 24750117 308612 27% 14 45655 3802  6%
c W 2341.68 155 25 405 990686 24753439 311679 27% 14 45655 3802  6%
c - 2344.02 155 25 406 992921 24786840 236388 27% 14 45655 3802  6%
c 
c   seconds     reductions           redundant    irredundant
c            MB       restarts               trail      variables
c             level          conflicts           glue        remaining
c 
c - 2351.24 155 22 407 999498 24908944 230825 27% 13 45655 3802  6%
c F 2355.90 155 24 407 1005803 24976441 287851 26% 14 45655 3802  6%
c s 2359.76 155 24 407 1007050 25009801 316162 26% 14 45649 3802  6%
c v 2359.94 155 24 407 1007050 25009801 316162 26% 14 45645 3802  6%
c w 2360.52 155 24 407 1007050 25009801 316159 26% 14 45645 3802  6%
c e 2360.54 155 24 407 1007050 25009801 316103 26% 14 45658 3801  6%
c s 2361.20 155 24 407 1007050 25009801 316040 26% 14 45651 3801  6%
c - 2363.24 155 24 408 1008750 25031345 233307 26% 14 45651 3801  6%
c - 2372.66 155 23 409 1016751 25154045 236379 25% 13 45651 3801  6%
c B 2380.10 155 25 409 1021476 25200442 276778 26% 13 45651 3801  6%
c 3 2386.17 155 25 409 1027801 25250117 319091 26% 14 45651 3801  6%
c p 2386.32 155 25 409 1027801 25250117 320247 26% 14 45651 3801  6%
c - 2389.14 155 25 410 1029950 25277045 243760 26% 14 45651 3801  6%
c - 2398.55 155 24 411 1038569 25400348 243294 23% 14 45651 3801  6%
c W 2401.66 155 24 411 1040061 25425445 264336 24% 14 45651 3801  6%
c - 2410.44 155 24 412 1044733 25523948 239909 25% 14 45651 3801  6%
c s 2411.43 155 24 412 1044800 25533387 247084 25% 14 45648 3801  6%
c w 2411.92 155 24 412 1044800 25533387 247081 25% 14 45648 3801  6%
c s 2412.02 155 24 412 1044800 25533387 247075 25% 14 45648 3801  6%
c - 2422.38 155 24 413 1053364 25647849 241778 25% 14 45648 3801  6%
c 
c   seconds     reductions            redundant    irredundant
c            MB        restarts               trail      variables
c             level           conflicts           glue        remaining
c 
c # 2422.51 155 24 413 1053976 25651449 245085 25% 14 45648 3801  6%
c 3 2430.01 155 23 413 1058966 25755118 332517 28% 13 45648 3801  6%
c p 2430.17 155 23 413 1058966 25755118 333658 28% 13 45648 3801  6%
c - 2432.35 155 23 414 1061616 25772049 242045 28% 14 45648 3801  6%
c B 2440.93 155 22 414 1068610 25878452 331081 27% 14 45648 3801  6%
c - 2442.44 155 21 415 1069034 25896552 240419 26% 13 45648 3801  6%
c - 2449.05 155 22 416 1083069 26021352 237807 23% 15 45648 3801  6%
c s 2451.58 155 22 416 1084304 26064132 270540 25% 15 45647 3801  6%
c v 2451.74 155 22 416 1084304 26064132 270540 25% 15 45646 3801  6%
c w 2452.07 155 22 416 1084304 26064132 270536 25% 15 45646 3801  6%
c t 2452.07 155 22 416 1084304 26064132 270535 25% 15 45646 3801  6%
c s 2452.13 155 22 416 1084304 26064132 270535 25% 15 45646 3801  6%
c W 2455.76 155 21 416 1085082 26106456 306550 25% 14 45646 3801  6%
c - 2458.10 155 21 417 1088915 26146454 236415 24% 14 45646 3801  6%
c 3 2466.17 155 24 417 1095246 26265119 341424 25% 14 45646 3801  6%
c p 2466.32 155 24 417 1095246 26265119 342606 25% 14 45646 3801  6%
c - 2466.95 155 24 418 1095324 26271855 244401 24% 14 45646 3801  6%
c F 2470.77 155 24 418 1097967 26335457 297592 25% 14 45646 3801  6%
c - 2475.66 155 24 419 1103596 26397555 243143 26% 14 45646 3801  6%
c - 2483.52 155 23 420 1111020 26523555 232807 23% 15 45646 3801  6%
c 
c   seconds     reductions            redundant    irredundant
c            MB        restarts               trail      variables
c             level           conflicts           glue        remaining
c 
c B 2486.36 155 24 420 1113996 26565460 267671 24% 15 45646 3801  6%
c - 2493.53 155 25 421 1117392 26649855 240238 24% 14 45646 3801  6%
c s 2494.92 155 25 421 1117759 26659441 247978 24% 14 45645 3801  6%
c w 2495.29 155 25 421 1117759 26659441 247976 24% 14 45645 3801  6%
c s 2495.37 155 25 421 1117759 26659441 247969 24% 14 45645 3801  6%
c - 2506.76 155 26 422 1124527 26776455 247950 26% 14 45645 3801  6%
c 3 2506.96 155 25 422 1124527 26780119 252035 26% 14 45645 3801  6%
c p 2507.04 155 25 422 1124527 26780119 253207 26% 14 45645 3801  6%
c W 2509.30 155 25 422 1126494 26796462 266783 26% 14 45645 3801  6%
c - 2518.82 155 26 423 1135029 26903357 251415 25% 14 45645 3801  6%
c # 2531.14 155 25 423 1142074 27028463 358667 26% 14 45645 3801  6%
c - 2531.55 155 25 424 1142197 27030558 252194 26% 14 45645 3801  6%
c - 2540.30 155 23 425 1149075 27158060 247879 26% 14 45645 3801  6%
c s 2544.98 155 24 425 1151621 27204514 288794 26% 14 45640 3801  6%
c w 2545.45 155 24 425 1151621 27204514 288785 26% 14 45640 3801  6%
c s 2545.65 155 24 425 1151621 27204514 288753 26% 14 45640 3801  6%
c B 2550.77 155 24 425 1156985 27261465 337944 25% 14 45640 3801  6%
c - 2552.99 155 24 426 1159547 27285863 253980 24% 14 45640 3801  6%
c 3 2553.59 155 24 426 1160040 27300119 267818 24% 14 45640 3801  6%
c p 2553.70 155 24 426 1160040 27300119 268883 24% 14 45640 3801  6%
c 
c   seconds     reductions            redundant    irredundant
c            MB        restarts               trail      variables
c             level           conflicts           glue        remaining
c 
c - 2567.82 155 26 427 1168399 27413963 257413 25% 14 45640 3801  6%
c W 2574.00 155 25 427 1172858 27495466 324711 24% 15 45640 3801  6%
c - 2579.43 155 26 428 1174864 27542363 255499 26% 14 45640 3801  6%
c - 2592.17 155 25 429 1182817 27671063 259158 26% 14 45640 3801  6%
c F 2595.55 155 24 429 1186844 27730468 307814 26% 14 45640 3801  6%
c s 2600.29 155 25 429 1190153 27756735 330061 26% 14 45634 3801  6%
c v 2600.48 155 25 429 1190153 27756735 330061 26% 14 45633 3801  6%
c w 2600.85 155 25 429 1190153 27756735 330053 26% 14 45633 3801  6%
c s 2601.07 155 25 429 1190153 27756735 330014 26% 14 45630 3801  6%
c - 2607.69 155 26 430 1193925 27800065 257658 26% 15 45630 3801  6%
c 3 2608.54 155 25 430 1195231 27825121 277541 25% 15 45630 3801  6%
c 3 2608.54 155 25 430 1195231 27825121 277961 25% 15 45630 3801  6%
c p 2608.66 155 25 430 1195231 27825121 279014 25% 15 45630 3801  6%
c - 2614.22 155 22 431 1197992 27929366 246130 28% 14 45630 3801  6%
c B 2616.91 155 23 431 1200927 27966472 276802 27% 14 45630 3801  6%
c - 2624.60 155 23 432 1205892 28058966 245611 24% 14 45630 3801  6%
c - 2635.45 155 24 433 1213069 28188867 252437 27% 14 45630 3801  6%
c W 2637.72 155 24 433 1213591 28203474 263796 27% 14 45630 3801  6%
c s 2644.81 155 23 433 1221600 28316080 354715 25% 15 45629 3801  6%
c v 2644.99 155 23 433 1221600 28316080 354715 25% 15 45626 3801  6%
c 
c   seconds     reductions            redundant    irredundant
c            MB        restarts               trail      variables
c             level           conflicts           glue        remaining
c 
c w 2645.44 155 23 433 1221600 28316080 354710 25% 15 45626 3801  6%
c t 2645.45 155 23 433 1221600 28316080 354709 25% 15 45626 3801  6%
c s 2645.63 155 23 433 1221600 28316080 354705 25% 15 45626 3801  6%
c - 2646.52 155 23 434 1221824 28319067 248933 25% 15 45626 3801  6%
c 3 2649.77 155 24 434 1223698 28355121 281034 25% 15 45626 3801  6%
c 3 2649.77 155 24 434 1223698 28355121 281426 25% 15 45626 3801  6%
c p 2649.91 155 24 434 1223698 28355121 282563 25% 15 45626 3801  6%
c # 2659.10 155 25 434 1227202 28441475 355699 27% 14 45626 3801  6%
c - 2661.30 155 25 435 1227815 28449568 255640 28% 14 45626 3801  6%
c - 2672.78 155 22 436 1231889 28580369 256171 28% 13 45626 3801  6%
c B 2684.10 155 26 436 1241649 28680476 344451 27% 14 45626 3801  6%
c - 2688.10 155 25 437 1243369 28711471 263140 28% 14 45626 3801  6%
c - 2698.14 155 23 438 1254768 28842871 260734 25% 14 45626 3801  6%
c s 2701.32 155 23 438 1257590 28882576 293181 24% 14 45619 3801  6%
c v 2701.50 155 23 438 1257590 28882576 293181 24% 14 45617 3801  6%
c w 2701.85 155 23 438 1257590 28882576 293176 24% 14 45617 3801  6%
c t 2701.85 155 23 438 1257590 28882576 293175 24% 14 45617 3801  6%
c s 2702.08 155 23 438 1257590 28882576 293153 24% 14 45617 3801  6%
c 3 2702.81 155 23 438 1257803 28890121 300847 25% 14 45617 3801  6%
c p 2702.94 155 23 438 1257803 28890121 301905 25% 14 45617 3801  6%
c 
c   seconds     reductions            redundant    irredundant
c            MB        restarts               trail      variables
c             level           conflicts           glue        remaining
c 
c W 2707.17 155 25 438 1261610 28920477 329118 25% 15 45617 3801  6%
c - 2713.89 155 25 439 1264122 28974572 263552 25% 14 45617 3801  6%
c - 2725.14 155 24 440 1270720 29106572 258710 25% 14 45617 3801  6%
c F 2729.70 155 23 440 1272248 29161481 306893 27% 14 45617 3801  6%
c - 2736.19 155 24 441 1278474 29238874 263756 25% 14 45617 3801  6%
c - 2747.48 155 23 442 1285334 29371477 259480 26% 14 45617 3801  6%
c B 2750.98 155 22 442 1286764 29403483 285707 26% 14 45617 3801  6%
c 3 2755.15 155 24 442 1288788 29430122 309823 27% 14 45617 3801  6%
c 3 2755.16 155 24 442 1288788 29430122 310240 27% 14 45617 3801  6%
c p 2755.29 155 24 442 1288788 29430122 311325 27% 14 45617 3801  6%
c s 2758.54 155 25 442 1291213 29456198 333728 26% 14 45617 3801  6%
c v 2758.72 155 25 442 1291213 29456198 333728 26% 14 45616 3801  6%
c w 2759.19 155 25 442 1291213 29456198 333723 26% 14 45616 3801  6%
c s 2759.38 155 25 442 1291213 29456198 333717 26% 14 45616 3801  6%
c - 2763.28 155 23 443 1292599 29504378 260011 25% 14 45616 3801  6%
c - 2777.68 156 24 444 1302985 29637578 267640 25% 14 45616 3801  6%
c W 2779.03 156 23 444 1303111 29646484 274467 25% 14 45616 3801  6%
c - 2791.24 156 24 445 1310399 29771078 271690 25% 14 45616 3801  6%
c # 2801.66 156 25 445 1318685 29890485 371310 26% 15 45616 3801  6%
c - 2803.77 156 26 446 1320391 29904878 266519 27% 15 45616 3801  6%
c 
c   seconds     reductions            redundant    irredundant
c            MB        restarts               trail      variables
c             level           conflicts           glue        remaining
c 
c 3 2806.80 156 23 446 1322350 29975123 322015 25% 15 45616 3801  6%
c p 2806.95 156 23 446 1322350 29975123 323046 25% 15 45616 3801  6%
c s 2811.93 156 24 446 1325591 30036983 376714 24% 15 45615 3801  6%
c v 2812.12 156 24 446 1325591 30036983 376714 24% 15 45614 3801  6%
c w 2812.65 156 24 446 1325591 30036983 376713 24% 15 45614 3801  6%
c s 2812.92 156 24 446 1325591 30036983 376705 24% 15 45613 3801  6%
c - 2813.19 156 24 447 1325640 30038978 262611 24% 15 45613 3801  6%
c B 2820.99 156 24 447 1330691 30135492 340754 24% 15 45613 3801  6%
c - 2823.37 156 24 448 1331570 30173378 258378 25% 15 45613 3801  6%
c - 2836.67 157 25 449 1340079 30308081 264024 25% 15 45613 3801  6%
c W 2844.89 157 26 449 1344455 30381494 328650 26% 14 45613 3801  6%
c - 2855.06 157 27 450 1350445 30443082 273870 26% 14 45613 3801  6%
c 3 2861.71 157 26 450 1355802 30525128 345919 27% 14 45613 3801  6%
c 2 2861.75 157 26 450 1355802 30525128 345918 27% 14 45613 3801  6%
c p 2861.89 157 26 450 1355802 30525128 346993 27% 14 45613 3801  6%
c - 2867.40 157 25 451 1360045 30578382 276175 27% 15 45613 3801  6%
c s 2871.81 157 24 451 1361477 30624923 313892 26% 14 45611 3801  6%
c v 2872.00 157 24 451 1361477 30624923 313892 26% 14 45608 3801  6%
c w 2872.52 157 24 451 1361477 30624923 313882 26% 14 45608 3801  6%
c s 2872.85 157 24 451 1361477 30624923 313835 26% 14 45607 3801  6%
c 
c   seconds     reductions            redundant    irredundant
c            MB        restarts               trail      variables
c             level           conflicts           glue        remaining
c 
c F 2873.47 157 25 451 1361819 30628495 316983 26% 15 45607 3801  6%
c - 2884.95 157 26 452 1366373 30713982 274565 27% 14 45607 3801  6%
c - 2895.79 157 24 453 1374057 30849884 270126 24% 15 45607 3801  6%
c B 2896.83 157 23 453 1375391 30876498 290413 24% 15 45607 3801  6%
c - 2907.52 157 24 454 1379738 30986085 268148 25% 14 45607 3801  6%
c 3 2918.31 157 25 454 1388147 31080128 350831 23% 14 45607 3801  6%
c 3 2918.31 157 25 454 1388147 31080128 351173 23% 14 45607 3801  6%
c p 2918.49 157 25 454 1388147 31080128 352222 23% 14 45607 3801  6%
c - 2923.03 157 25 455 1390003 31122585 274315 24% 14 45607 3801  6%
c W 2924.51 157 25 455 1390220 31125499 276994 24% 14 45607 3801  6%
c s 2933.20 157 24 455 1395274 31226285 361024 25% 14 45607 3801  6%
c v 2933.39 157 24 455 1395274 31226285 361024 25% 14 45605 3801  6%
c w 2933.95 157 24 455 1395274 31226285 361016 25% 14 45605 3801  6%
c s 2934.23 157 24 455 1395274 31226285 360994 25% 14 45605 3801  6%
c - 2938.04 170 23 456 1397231 31259386 275110 24% 14 45605 3801  6%
c # 2949.77 170 25 456 1408037 31375500 376698 23% 15 45605 3801  6%
c - 2951.11 170 24 457 1408278 31396487 275709 22% 14 45605 3801  6%
c - 2959.78 170 22 458 1412863 31533888 269044 25% 14 45605 3801  6%
c B 2969.14 170 24 458 1418031 31626501 348780 27% 14 45605 3801  6%
c 3 2970.60 170 24 458 1419339 31640128 361791 27% 14 45605 3801  6%
c 
c   seconds     reductions            redundant    irredundant
c            MB        restarts               trail      variables
c             level           conflicts           glue        remaining
c 
c 3 2970.60 170 24 458 1419339 31640128 362115 27% 14 45605 3801  6%
c p 2970.75 170 24 458 1419339 31640128 363187 27% 14 45605 3801  6%
c - 2976.29 170 25 459 1421393 31671588 276259 27% 13 45605 3801  6%
c - 2994.98 170 26 460 1430872 31809588 285778 28% 14 45605 3801  6%
c s 2997.88 170 26 460 1432727 31828524 302470 28% 14 45598 3801  6%
c w 2998.59 170 26 460 1432727 31828524 302454 28% 14 45598 3801  6%
c s 2999.03 170 26 460 1432727 31828524 302211 28% 14 45596 3801  6%
c W 3007.13 170 26 460 1437318 31878504 345659 27% 14 45596 3801  6%
c - 3020.14 170 27 461 1442714 31947889 291112 28% 14 45596 3801  6%
c - 3033.59 170 25 462 1449404 32086490 285495 27% 14 45596 3801  6%
c F 3037.34 170 25 462 1454612 32131507 323294 27% 14 45596 3801  6%
c 3 3043.59 170 25 462 1459009 32205128 385375 26% 14 45596 3801  6%
c p 3043.77 170 25 462 1459009 32205128 386376 26% 14 45596 3801  6%
c - 3046.53 170 25 463 1460077 32225390 280977 26% 14 45596 3801  6%
c - 3060.26 170 24 464 1469767 32364590 281198 26% 14 45596 3801  6%
c B 3062.51 170 24 464 1470710 32385508 299229 26% 14 45596 3801  6%
c s 3070.37 170 27 464 1475001 32437885 345408 27% 14 45596 3801  6%
c v 3070.57 170 27 464 1475001 32437885 345408 27% 14 45594 3801  6%
c w 3071.14 170 27 464 1475001 32437885 345406 27% 14 45594 3801  6%
c s 3071.45 170 27 464 1475001 32437885 345400 27% 14 45594 3801  6%
c 
c   seconds     reductions            redundant    irredundant
c            MB        restarts               trail      variables
c             level           conflicts           glue        remaining
c 
c - 3080.89 170 26 465 1478939 32504091 286257 27% 15 45594 3801  6%
c W 3094.22 170 26 465 1487025 32640510 401435 26% 15 45594 3801  6%
c - 3094.69 170 26 466 1487384 32643893 284449 25% 15 45594 3801  6%
c } 3107.17 170 24 466 1491773 32767017 387951 27% 14 45594 3801  6%
c [ 3107.17 170 63 466 1491773 32767017 387951 49% 45 45594 3801  6%
c 3 3107.85 170 61 466 1491773 32775128 396634 48% 43 45594 3801  6%
c 3 3107.86 170 61 466 1491773 32775128 397025 48% 43 45594 3801  6%
c p 3108.06 170 61 466 1491773 32775128 398074 48% 43 45594 3801  6%
c - 3109.21 170 63 467 1491773 32783993 283748 48% 43 45594 3801  6%
c B 3126.19 170 81 467 1491773 32896511 390005 45% 53 45594 3801  6%
c - 3131.45 232 78 468 1491773 32924394 294830 45% 53 45594 3801  6%
c s 3162.05 232 70 468 1491773 33054401 413524 45% 53 45594 3801  6%
c v 3162.31 232 70 468 1491773 33054401 413524 45% 53 45593 3801  6%
c w 3162.87 232 70 468 1491773 33054401 413515 45% 53 45593 3801  6%
c t 3162.88 232 70 468 1491773 33054401 413513 45% 53 45593 3801  6%
c s 3163.19 232 70 468 1491773 33054401 413504 45% 53 45592 3801  6%
c - 3166.91 227 69 469 1491773 33065094 296787 44% 53 45592 3801  6%
c W 3186.18 227 65 469 1491773 33153514 371820 46% 51 45592 3801  6%
c - 3196.39 222 61 470 1491773 33206095 289596 48% 47 45592 3801  6%
c - 3224.19 220 55 471 1491773 33347397 289065 47% 42 45592 3801  6%
c 
c   seconds     reductions            redundant    irredundant
c            MB        restarts               trail      variables
c             level           conflicts           glue        remaining
c 
c d 3224.71 220 55 471 1491773 33350129 291283 47% 42 45592 3800  6%
c 3 3224.74 220 55 471 1491773 33350129 292375 47% 42 45592 3800  6%
c p 3224.89 220 55 471 1491773 33350129 293579 47% 42 45592 3800  6%
c O 3235.74 220 54 471 1491773 33411515 349420 47% 41 45592 3800  6%
c - 3242.95 220 50 472 1491773 33489001 293649 41% 32 45592 3800  6%
c - 3262.12 220 53 473 1491804 33630901 290419 40% 36 45592 3800  6%
c B 3268.02 220 55 473 1491822 33670517 325224 42% 39 45592 3800  6%
c s 3269.49 220 55 473 1491826 33678077 332080 42% 39 45590 3800  6%
c w 3270.26 220 55 473 1491826 33678077 332041 42% 39 45590 3800  6%
c s 3270.57 220 55 473 1491826 33678077 331798 42% 39 45590 3800  6%
c - 3283.70 222 55 474 1491850 33773104 292974 44% 38 45590 3800  6%
c - 3312.22 223 53 475 1491898 33915604 288511 47% 40 45590 3800  6%
c 3 3315.25 223 53 475 1491899 33930131 302184 47% 40 45590 3800  6%
c 3 3315.26 223 53 475 1491899 33930131 302525 47% 40 45590 3800  6%
c p 3315.43 223 53 475 1491899 33930131 303714 47% 40 45590 3800  6%
c W 3316.59 223 53 475 1491899 33930519 304055 47% 40 45590 3800  6%
c - 3345.39 216 50 476 1491922 34058405 291040 46% 39 45590 3800  6%
c I 3373.66 216 44 476 1491963 34191520 400919 46% 36 45590 3800  6%
c - 3374.83 170 44 477 1491963 34201508 289447 46% 35 45590 3800  6%
c - 3395.75 216 43 478 1492017 34344908 286972 45% 34 45590 3800  6%
c 
c   seconds     reductions            redundant    irredundant
c            MB        restarts               trail      variables
c             level           conflicts           glue        remaining
c 
c B 3412.90 216 44 478 1492027 34453522 386001 45% 32 45590 3800  6%
c - 3419.92 219 44 479 1492028 34488609 295754 45% 33 45590 3800  6%
c 3 3424.60 219 45 479 1492028 34515131 321433 45% 33 45590 3800  6%
c p 3424.78 219 45 479 1492028 34515131 322616 45% 33 45590 3800  6%
c - 3449.59 221 46 480 1492039 34632609 299206 46% 34 45590 3800  6%
c W 3463.27 221 50 480 1492071 34716525 375991 48% 36 45590 3800  6%
c - 3472.76 223 50 481 1492090 34776909 300821 47% 35 45590 3800  6%
c - 3500.24 219 48 482 1492136 34921509 293608 48% 37 45590 3800  6%
c O 3512.89 219 47 482 1492153 34980526 344772 48% 37 45590 3800  6%
c - 3522.09 219 41 483 1492155 35066409 298587 39% 29 45590 3800  6%
c 3 3525.87 219 39 483 1492170 35105132 334177 34% 28 45590 3800  6%
c p 3526.03 219 39 483 1492170 35105132 335347 34% 28 45590 3800  6%
c - 3535.02 170 37 484 1492211 35211611 289200 30% 28 45590 3800  6%
c B 3539.14 170 42 484 1492218 35245527 320904 35% 32 45590 3800  6%
c - 3558.76 234 46 485 1492249 35357112 295496 43% 37 45590 3800  6%
c - 3583.27 223 47 486 1492282 35502912 288935 49% 37 45590 3800  6%
c W 3586.01 223 47 486 1492282 35511529 295711 50% 37 45590 3800  6%
c - 3621.49 221 43 487 1492283 35649012 285628 50% 35 45590 3800  6%
c 3 3634.42 221 42 487 1492284 35700135 327508 50% 34 45590 3800  6%
c p 3634.60 221 42 487 1492284 35700135 328655 50% 34 45590 3800  6%
c 
c   seconds     reductions            redundant    irredundant
c            MB        restarts               trail      variables
c             level           conflicts           glue        remaining
c 
c I 3651.69 221 47 487 1492284 35778531 398302 51% 37 45590 3800  6%
c - 3653.75 230 49 488 1492284 35795416 304573 50% 37 45590 3800  6%
c - 3672.97 237 58 489 1492284 35942119 303473 49% 40 45590 3800  6%
c B 3684.25 237 52 489 1492328 36046534 397815 42% 36 45590 3800  6%
c - 3689.93 224 57 490 1492345 36089120 298774 44% 38 45590 3800  6%
c - 3718.67 228 64 491 1492385 36236423 294436 48% 49 45590 3800  6%
c 3 3732.96 228 64 491 1492409 36300136 347100 48% 51 45590 3800  6%
c p 3733.19 228 64 491 1492409 36300136 348290 48% 51 45590 3800  6%
c W 3737.84 228 63 491 1492410 36315535 360572 47% 51 45590 3800  6%
c - 3749.72 230 57 492 1492411 36384025 302522 47% 43 45590 3800  6%
c - 3779.01 233 56 493 1492462 36531926 298226 48% 42 45590 3800  6%
c O 3790.32 233 55 493 1492474 36585536 342068 47% 42 45590 3800  6%
c - 3802.74 230 54 494 1492505 36680126 299995 47% 38 45590 3800  6%
c - 3833.09 239 67 495 1492538 36828626 305215 50% 49 45590 3800  6%
c B 3839.97 239 67 495 1492538 36856537 330404 50% 50 45590 3800  6%
c 3 3848.65 239 65 495 1492539 36905141 377475 50% 45 45590 3800  6%
c p 3848.90 239 65 495 1492539 36905141 378640 50% 45 45590 3800  6%
c - 3863.07 234 64 496 1492539 36977427 311625 50% 45 45590 3800  6%
c s 3863.69 234 64 496 1492539 36977427 311493 50% 45 45590 3800  6%
c w 3866.12 234 64 496 1492539 36977427 311373 50% 45 45590 3800  6%
c 
c   seconds     reductions            redundant    irredundant
c            MB        restarts               trail      variables
c             level           conflicts           glue        remaining
c 
c - 3901.79 231 63 497 1492587 37126527 300265 50% 50 45590 3800  6%
c W 3903.14 231 63 497 1492588 37128538 302015 50% 50 45590 3800  6%
c - 3934.28 225 61 498 1492633 37275927 288242 49% 51 45590 3800  6%
c I 3950.81 225 47 498 1492665 37401542 392979 38% 39 45590 3800  6%
c - 3954.33 224 50 499 1492666 37425627 296085 41% 39 45590 3800  6%
c 3 3969.43 224 55 499 1492687 37515141 379426 47% 42 45590 3800  6%
c p 3969.65 224 55 499 1492687 37515141 380590 47% 42 45590 3800  6%
c - 3985.28 239 54 500 1492710 37575627 296034 48% 43 45590 3800  6%
c B 4003.83 239 47 500 1492732 37675543 379944 49% 37 45590 3800  6%
c - 4014.57 222 48 501 1492757 37725928 295395 49% 37 45590 3800  6%
c - 4046.89 228 47 502 1492793 37876528 312653 50% 34 45590 3800  6%
c W 4068.65 228 47 502 1492794 37950544 379323 51% 35 45590 3800  6%
c - 4091.71 230 48 503 1492794 38027432 313524 51% 37 45590 3800  6%
c 3 4116.65 230 48 503 1492795 38130141 404728 51% 37 45590 3800  6%
c 3 4116.65 230 48 503 1492795 38130141 405048 51% 37 45590 3800  6%
c p 4116.91 230 48 503 1492795 38130141 406214 51% 37 45590 3800  6%
c - 4129.13 228 48 504 1492795 38178632 319299 51% 37 45590 3800  6%
c O 4140.12 228 48 504 1492795 38226546 360741 49% 37 45590 3800  6%
c - 4149.54 220 34 505 1492795 38330133 323617 38% 25 45590 3800  6%
c - 4167.23 217 31 506 1492796 38481933 319700 35% 21 45590 3800  6%
c 
c   seconds     reductions            redundant    irredundant
c            MB        restarts               trail      variables
c             level           conflicts           glue        remaining
c 
c B 4169.64 217 32 506 1492796 38503547 339186 35% 21 45590 3800  6%
c - 4188.58 235 69 507 1492796 38634037 314601 46% 47 45590 3800  6%
c 3 4211.13 235 72 507 1492796 38750142 425561 49% 50 45590 3800  6%
c p 4211.44 235 72 507 1492796 38750142 426746 49% 50 45590 3800  6%
c W 4220.59 235 72 507 1492796 38781549 456131 50% 50 45590 3800  6%
c - 4222.21 250 72 508 1492796 38786437 325167 50% 50 45590 3800  6%
c - 4259.73 234 62 509 1492827 38939137 314012 51% 47 45590 3800  6%
c I 4287.22 234 58 509 1492859 39060552 423367 50% 43 45590 3800  6%
c - 4292.07 235 59 510 1492873 39092138 321314 50% 42 45590 3800  6%
c - 4310.44 222 56 511 1492922 39245438 308087 47% 41 45590 3800  6%
c B 4325.35 222 54 511 1492929 39340555 385711 49% 43 45590 3800  6%
c 3 4332.31 222 54 511 1492945 39375145 413950 49% 44 45590 3800  6%
c 3 4332.32 222 54 511 1492945 39375145 414296 49% 44 45590 3800  6%
c p 4332.56 222 54 511 1492945 39375145 415474 49% 44 45590 3800  6%
c - 4336.55 227 54 512 1492953 39399041 297815 49% 44 45590 3800  6%
c - 4359.98 234 59 513 1492999 39552944 306866 51% 46 45590 3800  6%
c W 4372.85 234 59 513 1493021 39621556 366739 50% 46 45590 3800  6%
c - 4390.47 228 59 514 1493049 39707145 307663 50% 46 45590 3800  6%
c - 4423.93 231 62 515 1493051 39861645 311366 50% 50 45590 3800  6%
c O 4431.01 231 64 515 1493051 39903558 348355 49% 52 45590 3800  6%
c 
c   seconds     reductions            redundant    irredundant
c            MB        restarts               trail      variables
c             level           conflicts           glue        remaining
c 
c 3 4439.88 231 46 515 1493082 40005146 443861 37% 33 45590 3800  6%
c p 4440.13 231 46 515 1493082 40005146 445037 37% 33 45590 3800  6%
c - 4441.48 219 47 516 1493084 40016445 316946 37% 32 45590 3800  6%
c - 4462.94 222 53 517 1493135 40171547 314279 42% 35 45590 3800  6%
c s 4463.11 222 53 517 1493135 40171547 314071 42% 35 45590 3800  6%
c w 4464.05 222 53 517 1493135 40171547 313897 42% 35 45590 3800  6%
c B 4466.03 222 53 517 1493143 40186561 327650 43% 36 45590 3800  6%
c - 4489.56 229 69 518 1493177 40326947 305537 48% 52 45590 3800  6%
c W 4522.37 229 65 518 1493209 40470563 418970 49% 54 45590 3800  6%
c - 4524.84 228 65 519 1493212 40482647 302326 49% 53 45590 3800  6%
c - 4547.47 236 66 520 1493263 40638647 312962 49% 49 45590 3800  6%
c d 4547.81 236 66 520 1493263 40640146 314238 49% 49 45590 3797  6%
c 3 4547.84 236 66 520 1493263 40640146 315384 49% 49 45590 3797  6%
c p 4548.01 236 66 520 1493263 40640146 316584 49% 49 45590 3797  6%
c s 4548.68 236 66 520 1493263 40640146 316142 49% 49 45590 3797  6%
c I 4570.22 236 56 520 1493303 40755564 416489 51% 45 45590 3797  6%
c - 4575.89 231 57 521 1493304 40794947 317247 50% 43 45590 3797  6%
c - 4602.97 228 55 522 1493306 40951549 318594 50% 40 45590 3797  6%
c B 4619.05 228 52 522 1493307 41041567 397164 49% 40 45590 3797  6%
c - 4631.52 227 52 523 1493307 41108450 317705 50% 41 45590 3797  6%
c 
c   seconds     reductions            redundant    irredundant
c            MB        restarts               trail      variables
c             level           conflicts           glue        remaining
c 
c - 4669.96 230 50 524 1493310 41265650 319718 50% 41 45590 3797  6%
c 3 4672.74 230 50 524 1493319 41280146 334023 50% 41 45590 3797  6%
c p 4672.91 230 50 524 1493319 41280146 335198 50% 41 45590 3797  6%
c W 4684.48 230 51 524 1493338 41328568 376558 49% 42 45590 3797  6%
c - 4710.64 226 48 525 1493369 41423150 319905 50% 40 45590 3797  6%
c - 4750.87 220 44 526 1493419 41580950 314921 50% 38 45590 3797  6%
c O 4757.96 220 45 526 1493432 41616571 344602 50% 38 45590 3797  6%
c - 4779.06 231 53 527 1493441 41739050 324280 45% 39 45590 3797  6%
c - 4813.38 230 61 528 1493497 41897450 309738 46% 47 45590 3797  6%
c B 4815.03 230 61 528 1493497 41905573 316354 46% 48 45590 3797  6%
c 3 4817.50 230 63 528 1493497 41925146 335848 47% 47 45590 3797  6%
c p 4817.68 230 63 528 1493497 41925146 337028 47% 47 45590 3797  6%
c - 4839.42 232 58 529 1493551 42056150 318418 47% 44 45590 3797  6%
c W 4873.03 232 58 529 1493562 42195574 438066 48% 45 45590 3797  6%
c - 4877.49 228 56 530 1493562 42215151 318460 48% 45 45590 3797  6%
c - 4915.04 227 51 531 1493587 42374455 321863 48% 42 45590 3797  6%
c I 4937.49 227 51 531 1493624 42486578 420084 48% 42 45590 3797  6%
c - 4945.29 230 57 532 1493632 42534058 328352 48% 44 45590 3797  6%
c 3 4951.58 230 58 532 1493650 42575146 365432 49% 45 45590 3797  6%
c p 4951.80 230 58 532 1493650 42575146 366596 49% 45 45590 3797  6%
c 
c   seconds     reductions            redundant    irredundant
c            MB        restarts               trail      variables
c             level           conflicts           glue        remaining
c 
c - 4974.35 220 51 533 1493688 42693958 314018 51% 41 45590 3797  6%
c B 4991.38 220 47 533 1493689 42778579 382473 51% 39 45590 3797  6%
c - 5003.40 226 56 534 1493719 42854158 318155 49% 43 45590 3797  6%
c - 5030.25 230 65 535 1493766 43014658 312987 46% 54 45590 3797  6%
c W 5041.07 230 65 535 1493783 43071581 357551 45% 56 45590 3797  6%
c - 5063.31 225 63 536 1493815 43175458 303388 45% 55 45590 3797  6%
c 3 5074.83 225 62 536 1493816 43230146 347519 45% 55 45590 3797  6%
c p 5075.02 225 62 536 1493816 43230146 348700 45% 55 45590 3797  6%
c - 5100.96 224 58 537 1493817 43336559 303892 45% 52 45590 3797  6%
c O 5105.53 224 58 537 1493817 43365582 328898 46% 50 45590 3797  6%
c - 5128.13 233 44 538 1493818 43497961 320722 46% 34 45590 3797  6%
c s 5128.43 233 44 538 1493818 43497961 320681 46% 34 45590 3797  6%
c w 5129.71 233 44 538 1493818 43497961 320538 46% 34 45590 3797  6%
c - 5171.32 236 46 539 1493819 43659662 338816 45% 34 45590 3797  6%
c B 5171.61 236 46 539 1493819 43660583 339582 45% 34 45590 3797  6%
c - 5203.26 240 71 540 1493819 43821664 330533 48% 52 45590 3797  6%
c 3 5220.51 240 72 540 1493819 43890147 393685 48% 55 45590 3797  6%
c 3 5220.52 240 72 540 1493819 43890147 393933 48% 55 45590 3797  6%
c p 5220.75 240 72 540 1493819 43890147 395097 48% 55 45590 3797  6%
c W 5238.93 240 66 540 1493819 43956587 452865 48% 52 45590 3797  6%
c 
c   seconds     reductions            redundant    irredundant
c            MB        restarts               trail      variables
c             level           conflicts           glue        remaining
c 
c - 5247.73 243 63 541 1493819 43983964 337971 48% 50 45590 3797  6%
c - 5288.61 236 57 542 1493819 44146564 333905 49% 47 45590 3797  6%
c I 5310.75 236 53 542 1493820 44253590 428729 49% 42 45590 3797  6%
c - 5320.19 237 60 543 1493820 44309466 341949 48% 44 45590 3797  6%
c - 5354.27 234 67 544 1493820 44472666 339244 47% 49 45590 3797  6%
c B 5371.31 234 67 544 1493820 44551592 410781 48% 50 45590 3797  6%
c 3 5371.82 234 67 544 1493820 44555149 414924 48% 50 45590 3797  6%
c p 5372.07 234 67 544 1493820 44555149 416079 48% 50 45590 3797  6%
c - 5385.87 235 65 545 1493820 44636166 342599 49% 48 45590 3797  6%
c - 5419.03 231 62 546 1493820 44799967 340321 48% 47 45590 3797  6%
c W 5428.72 231 63 546 1493820 44850593 386868 48% 47 45590 3797  6%
c - 5454.64 226 59 547 1493820 44964068 325222 50% 48 45590 3797  6%
c - 5487.90 225 57 548 1493820 45128469 318979 49% 50 45590 3797  6%
c O 5491.75 225 57 548 1493820 45150594 336192 48% 50 45590 3797  6%
c 3 5502.45 225 43 548 1493820 45225149 408378 43% 35 45590 3797  6%
c p 5502.67 225 43 548 1493820 45225149 409532 43% 35 45590 3797  6%
c - 5514.99 233 39 549 1493821 45293171 332903 42% 31 45590 3797  6%
c B 5549.77 233 34 549 1493821 45451598 469066 40% 28 45590 3797  6%
c - 5550.96 231 37 550 1493821 45458172 332863 40% 28 45590 3797  6%
c - 5580.13 239 57 551 1493821 45623477 337510 46% 39 45590 3797  6%
c 
c   seconds     reductions            redundant    irredundant
c            MB        restarts               trail      variables
c             level           conflicts           glue        remaining
c 
c W 5611.85 239 57 551 1493821 45753599 459318 48% 41 45590 3797  6%
c - 5618.08 243 58 552 1493821 45789077 350631 47% 41 45590 3797  6%
c 3 5634.94 243 57 552 1493821 45900151 453151 45% 40 45590 3797  6%
c p 5635.23 243 57 552 1493821 45900151 454265 45% 40 45590 3797  6%
c - 5645.35 233 57 553 1493821 45954979 345844 47% 40 45590 3797  6%
c I 5666.72 233 52 553 1493821 46056600 441149 48% 39 45590 3797  6%
c - 5677.21 238 57 554 1493821 46121180 348060 49% 39 45590 3797  6%
c - 5717.10 244 61 555 1493821 46287680 349635 50% 44 45590 3797  6%
c B 5733.10 244 61 555 1493821 46360602 418079 49% 42 45590 3797  6%
c - 5768.72 247 62 556 1493821 46454481 370086 49% 47 45590 3797  6%
c 3 5798.02 247 65 556 1493821 46580151 487370 50% 47 45590 3797  6%
c p 5798.33 247 65 556 1493821 46580151 488531 50% 47 45590 3797  6%
c - 5808.84 241 63 557 1493821 46621582 371336 48% 45 45590 3797  6%
c W 5814.49 241 61 557 1493821 46665604 411980 47% 41 45590 3797  6%
c - 5843.26 234 56 558 1493821 46788984 344705 48% 43 45590 3797  6%
c s 5843.85 234 56 558 1493821 46788984 344422 48% 43 45590 3797  6%
c w 5845.15 234 56 558 1493821 46788984 344292 48% 43 45590 3797  6%
c - 5893.20 237 49 559 1493821 46956684 351316 47% 41 45590 3797  6%
c O 5897.15 237 49 559 1493821 46971606 365244 47% 41 45590 3797  6%
c - 5921.49 241 55 560 1493821 47124685 349791 46% 35 45590 3797  6%
c 
c   seconds     reductions            redundant    irredundant
c            MB        restarts               trail      variables
c             level           conflicts           glue        remaining
c 
c 3 5956.94 241 55 560 1493821 47265152 483007 46% 36 45590 3797  6%
c p 5957.25 241 55 560 1493821 47265152 484178 46% 36 45590 3797  6%
c B 5961.86 241 55 560 1493821 47278607 496941 47% 36 45590 3797  6%
c - 5964.20 253 58 561 1493821 47292990 361978 47% 36 45590 3797  6%
c - 5987.51 235 55 562 1493855 47461591 346495 40% 36 45590 3797  6%
c W 6017.56 235 59 562 1493891 47586608 460184 46% 44 45590 3797  6%
c - 6030.36 228 58 563 1493913 47630491 339351 48% 45 45590 3797  6%
c - 6077.46 227 54 564 1493948 47799693 341730 48% 44 45590 3797  6%
c I 6101.35 227 54 564 1493977 47895609 423667 48% 46 45590 3797  6%
c 3 6110.46 227 62 564 1493994 47955152 479897 48% 47 45590 3797  6%
c p 6110.76 227 62 564 1493994 47955152 481058 48% 47 45590 3797  6%
c - 6113.02 237 62 565 1494002 47969193 354267 48% 46 45590 3797  6%
c - 6134.60 226 54 566 1494052 48138993 341606 39% 38 45590 3797  6%
c B 6137.47 226 38 566 1494074 48205612 392605 30% 28 45590 3797  6%
c - 6156.21 222 57 567 1494076 48309093 333812 42% 39 45590 3797  6%
c - 6190.86 234 59 568 1494098 48479494 343777 46% 43 45590 3797  6%
c W 6197.18 234 55 568 1494107 48516614 375194 46% 41 45590 3797  6%
c 3 6223.14 234 49 568 1494147 48650152 490562 50% 38 45590 3797  6%
c p 6223.49 234 49 568 1494147 48650152 491724 50% 38 45590 3797  6%
c - 6223.77 225 49 569 1494147 48650194 332940 50% 38 45590 3797  6%
c 
c   seconds     reductions            redundant    irredundant
c            MB        restarts               trail      variables
c             level           conflicts           glue        remaining
c 
c - 6261.51 225 46 570 1494202 48821194 332769 51% 37 45590 3797  6%
c O 6262.91 225 46 570 1494202 48828615 339404 51% 37 45590 3797  6%
c - 6285.87 227 52 571 1494239 48992494 341086 44% 36 45590 3797  6%
c B 6310.98 227 53 571 1494286 49141616 461508 48% 44 45590 3797  6%
c - 6314.50 228 55 572 1494296 49164094 330356 49% 43 45590 3797  6%
c - 6343.68 233 57 573 1494330 49335995 338548 48% 42 45590 3797  6%
c 3 6346.34 233 58 573 1494330 49350152 352390 48% 43 45590 3797  6%
c p 6346.58 233 58 573 1494330 49350152 353581 48% 43 45590 3797  6%
c W 6367.75 233 50 573 1494331 49455618 446664 51% 38 45590 3797  6%
c - 6380.36 232 48 574 1494332 49508196 343917 51% 36 45590 3797  6%
c - 6422.62 228 45 575 1494332 49680699 340650 47% 36 45590 3797  6%
c I 6443.64 228 44 575 1494335 49770620 415940 49% 36 45590 3797  6%
c - 6454.33 236 60 576 1494366 49853502 351518 50% 44 45590 3797  6%
c - 6490.85 239 69 577 1494425 50026602 343095 49% 55 45590 3797  6%
c 3 6495.74 239 69 577 1494431 50055152 368871 49% 55 45590 3797  6%
c p 6495.96 239 69 577 1494431 50055152 370034 49% 55 45590 3797  6%
c B 6501.95 239 68 577 1494444 50086622 396102 50% 55 45590 3797  6%
c - 6509.62 219 43 578 1494459 50200002 344622 35% 35 45590 3797  6%
c s 6509.86 219 43 578 1494459 50200002 344475 35% 35 45590 3797  6%
c w 6511.00 219 43 578 1494459 50200002 344385 35% 35 45590 3797  6%
c 
c   seconds     reductions            redundant    irredundant
c            MB        restarts               trail      variables
c             level           conflicts           glue        remaining
c 
c - 6527.27 170 28 579 1494520 50373702 334037 28% 22 45590 3797  6%
c W 6530.01 170 31 579 1494522 50403624 361458 30% 22 45590 3797  6%
c - 6546.37 216 40 580 1494570 50547704 340469 38% 28 45590 3797  6%
c O 6577.28 216 41 580 1494587 50721629 487081 43% 33 45590 3797  6%
c - 6577.57 220 41 581 1494587 50722005 336369 43% 33 45590 3797  6%
c 3 6582.82 220 41 581 1494587 50765154 377764 42% 30 45590 3797  6%
c 3 6582.82 220 41 581 1494587 50765154 378089 42% 30 45590 3797  6%
c p 6583.04 220 41 581 1494587 50765154 379266 42% 30 45590 3797  6%
c - 6604.76 244 50 582 1494618 50896608 348070 47% 36 45590 3797  6%
c B 6634.28 244 58 582 1494657 51040631 479191 48% 45 45590 3797  6%
c - 6638.76 250 57 583 1494672 51071510 353680 47% 42 45590 3797  6%
c - 6662.96 230 55 584 1494714 51246710 349358 44% 38 45590 3797  6%
c W 6685.36 230 51 584 1494744 51360634 454999 47% 35 45590 3797  6%
c - 6696.62 232 51 585 1494767 51422211 362820 48% 35 45590 3797  6%
c 3 6708.91 232 49 585 1494777 51480154 413797 48% 36 45590 3797  6%
c 3 6708.92 232 49 585 1494777 51480154 414221 48% 36 45590 3797  6%
c p 6709.18 232 49 585 1494777 51480154 415369 48% 36 45590 3797  6%
c - 6723.29 224 41 586 1494822 51598012 357577 44% 30 45590 3797  6%
c I 6736.52 224 44 586 1494840 51681637 431755 48% 34 45590 3797  6%
c - 6748.93 229 51 587 1494842 51774115 356642 48% 34 45590 3797  6%
c 
c   seconds     reductions            redundant    irredundant
c            MB        restarts               trail      variables
c             level           conflicts           glue        remaining
c 
c - 6790.77 229 55 588 1494843 51950517 360173 51% 42 45590 3797  6%
c B 6802.53 229 54 588 1494843 52003641 408313 50% 41 45590 3797  6%
c - 6827.61 237 59 589 1494843 52127219 371177 51% 43 45590 3797  6%
c 3 6841.83 237 59 589 1494844 52200154 440160 50% 43 45590 3797  6%
c p 6842.17 237 59 589 1494844 52200154 441303 50% 43 45590 3797  6%
c - 6867.98 232 52 590 1494844 52304221 366378 50% 39 45590 3797  6%
c W 6873.28 232 51 590 1494844 52326642 386636 50% 38 45590 3797  6%
c - 6911.94 229 50 591 1494844 52481523 356700 50% 41 45590 3797  6%
c O 6955.36 229 48 591 1494844 52650645 498172 49% 40 45590 3797  6%
c - 6956.42 230 46 592 1494844 52659124 363482 48% 37 45590 3797  6%
c - 6982.81 251 56 593 1494905 52837028 364074 48% 41 45590 3797  6%
c 3 7000.26 251 60 593 1494925 52925154 446598 49% 46 45590 3797  6%
c p 7000.53 251 60 593 1494925 52925154 447758 49% 46 45590 3797  6%
c B 7013.62 251 59 593 1494941 52975648 489343 50% 47 45590 3797  6%
c - 7020.08 247 56 594 1494960 53015229 361910 51% 43 45590 3797  6%
c - 7059.87 231 52 595 1494990 53193730 357156 53% 41 45590 3797  6%
c W 7083.16 231 50 595 1495032 53301649 451954 51% 38 45590 3797  6%
c - 7100.89 221 48 596 1495045 53372531 355334 52% 36 45590 3797  6%
c - 7141.95 220 48 597 1495097 53551631 355238 51% 39 45590 3797  6%
c s 7142.55 220 48 597 1495097 53551631 354811 51% 39 45590 3797  6%
c 
c   seconds     reductions            redundant    irredundant
c            MB        restarts               trail      variables
c             level           conflicts           glue        remaining
c 
c w 7143.98 220 48 597 1495097 53551631 354531 51% 39 45590 3797  6%
c s 7144.42 220 48 597 1495097 53551631 354179 51% 39 45590 3797  6%
c I 7165.01 220 47 597 1495099 53628652 414566 51% 39 45590 3797  6%
c 3 7169.48 220 46 597 1495099 53655155 440530 51% 38 45590 3797  6%
c p 7169.78 220 46 597 1495099 53655155 441688 51% 38 45590 3797  6%
c - 7182.14 226 45 598 1495099 53731031 370679 51% 35 45590 3797  6%
c - 7227.59 227 45 599 1495161 53910731 361654 50% 37 45590 3797  6%
c B 7239.70 227 45 599 1495165 53956657 398774 50% 38 45590 3797  6%
c - 7263.39 233 48 600 1495221 54090733 369767 51% 37 45590 3797  6%
c - 7305.18 223 49 601 1495253 54271033 363917 51% 38 45590 3797  6%
c W 7308.72 223 49 601 1495256 54285659 377271 52% 38 45590 3797  6%
c 3 7334.12 223 45 601 1495289 54390155 467147 53% 36 45590 3797  6%
c 3 7334.12 223 45 601 1495289 54390155 467561 53% 36 45590 3797  6%
c p 7334.43 223 45 601 1495289 54390155 468719 53% 36 45590 3797  6%
c - 7350.61 223 43 602 1495304 54451636 360034 53% 33 45590 3797  6%
c O 7383.31 223 44 602 1495352 54615662 502245 53% 34 45590 3797  6%
c - 7386.36 226 47 603 1495353 54632538 374212 51% 34 45590 3797  6%
c ] 7395.28 226 54 603 1495354 54690829 429382 48% 36 45590 3797  6%
c ? 7395.28 226 54 603 1495354 54690829 429382 48% 36 45590 3797  6%
c 
c --- [ result ] -------------------------------------------------------------
c 
c UNKNOWN
c 
c --- [ run-time profiling ] -------------------------------------------------
c 
c process time taken by individual solving procedures
c (percentage relative to process time for solving)
c 
c      7290.55   98.58% search
c      5569.18   75.31% stable
c      1632.60   22.08% unstable
c       104.68    1.42% simplify
c        88.76    1.20% walk
c        46.62    0.63% subsume
c        32.92    0.45% vivify
c        13.61    0.18% probe
c         3.10    0.04% ternary
c         1.72    0.02% elim
c         0.05    0.00% parse
c         0.00    0.00% lucky
c   =================================
c      7395.23  100.00% solve
c 
c last line shows process time for solving
c (percentage relative to total process time)
c 
c --- [ statistics ] ---------------------------------------------------------
c 
c blocked:                       0         0.00 %  of irredundant clauses
c   blockings:                   0         0.00    internal
c   candidates:                  0         0.00    per blocking 
c   blockres:                    0         0.00    per candidate
c   pure:                        0         0.00 %  of all variables
c   pureclauses:                 0         0.00    per pure literal
c chronological:          10713092        19.59 %  of conflicts
c compacts:                      5   10938165.80    interval
c conflicts:              54690829      7395.42    per second
c   backtracked:          63369296       115.87 %  of conflicts
c conditioned:                   0         0.00 %  of irredundant clauses
c   conditionings:               0         0.00    interval
c   condcands:                   0         0.00    candidate clauses
c   condassinit:                 0.0       0.00 %  initial assigned
c   condcondinit:                0.0       0.00 %  initial condition
c   condautinit:                 0.0       0.00 %  initial autarky
c   condassrem:                  0.0       0.00 %  final assigned
c   condcondrem:                 0.000     0.00 %  final conditional
c   condautrem:                  0.000     0.00 %  final autarky
c   condprops:                   0         0.00    per candidate
c covered:                       0         0.00 %  of irredundant clauses
c   coverings:                   0         0.00    interval
c   asymmetric:                  0         0.00 %  of covered clauses
c   blocked:                     0         0.00 %  of covered clauses
c decisions:             100273508     13559.21    per second
c   searched:            337181501         3.36    per decision
c eliminated:                51777        79.38 %  of all variables
c   elimphases:                 89    614503.70    interval
c   elimrounds:                149         1.67    per phase
c   elimtried:               93593        55.32 %  eliminated
c   elimgates:               16497        17.63 %  gates per tried
c   elimequivs:                 60         0.36 %  equivalence gates
c   elimands:                16437        99.64 %  and gates
c   elimites:                    0         0.00 %  if-then-else gates
c   elimxors:                    0         0.00 %  xor gates
c   elimsubst:                1606         3.10 %  substituted
c   elimres:               1114247        21.52    per eliminated
c   elimrestried:          1031086        92.54 %  per resolution
c ext.prop. calls:               0         0.00 %  of queries
c   propagating:                 0         0.00 %  per eprop-call
c   explained:                   0         0.00 %  per eprop-call
c   falsified:                   0         0.00 %  per eprop-call
c ext.clause calls:              0         0.00 %  of queries
c   learned:                     0         0.00 %  per called
c   conflicting:                 0         0.00 %  per learned
c   propagating:                 0         0.00 %  per learned
c ext.final check:               0         0.00 %  of queries
c fixed:                      9409        14.42 %  of all variables
c   failed:                     27         0.04 %  of all variables
c   probefailed:                24        88.89 %  per failed
c   transredunits:               3        11.11 %  per failed
c   probingphases:             147    372046.46    interval
c   probesuccess:               36        24.49 %  phases
c   probingrounds:             147         1.00    per phase
c   probed:                 324551     12020.41    per failed
c   hbrs:                   297545         0.92    per probed
c   hbrsizes:              1147978         3.86    per hbr
c   hbreds:                 295801        99.41 %  per hbr
c   hbrsubs:                   768         0.26 %  per hbr
c   units:                      20   2734541.45    interval
c   binaries:                 2040     26809.23    interval
c flushed:                       0         0.00 %  per conflict
c   hyper:                       0         0.00 %  per conflict
c   flushings:                   0         0.00    interval
c instantiated:                  0         0.00 %  of tried
c   instrounds:                  0         0.00 %  of elimrounds
c learned:                53655441        98.11 %  per conflict
c   bumped:             1784135067        33.25    per learned
c   recomputed:          314096691       585.40 %  per learned
c   promoted1:              131032         0.24 %  per learned
c   promoted2:              342988         0.64 %  per learned
c   improvedglue:         22911699        42.70 %  per learned
c lucky:                         0         0.00 %  of tried
c   constantzero                 0         0.00 %  of tried
c   constantone                  0         0.00 %  of tried
c   backwardone                  0         0.00 %  of tried
c   backwardzero                 0         0.00 %  of tried
c   forwardone                   0         0.00 %  of tried
c   forwardzero                  0         0.00 %  of tried
c   positivehorn                 0         0.00 %  of tried
c   negativehorn                 0         0.00 %  of tried
c   extendbytes:           3280388         3.13    bytes and MB
c learned_lits:         5646951407       100.00 %  learned literals
c minimized:                     0         0.00 %  learned literals
c shrunken:             1859619412        32.93 %  learned literals
c minishrunken:          728780411        12.91 %  learned literals
c otfs:                     143372         0.26 %  of conflict
c   subsumed                  5396         0.01 %  of conflict
c   strengthened            137976         0.25 %  of conflict
c propagations:        12035908562         1.63 M  per second
c   coverprops:                  0         0.00 %  of propagations
c   probeprops:            8000592         0.07 %  of propagations
c   searchprops:       10911973543        90.66 %  of propagations
c   transredprops:         1181381         0.01 %  of propagations
c   vivifyprops:         141722364         1.18 %  of propagations
c   walkprops:           973030682         8.08 %  of propagations
c reactivated:                   0         0.00 %  of all variables
c reduced:                46897778        85.75 %  per conflict
c   reductions:                603     90697.89    interval
c   collections:               611     89510.36    interval
c rephased:                    330    165729.78    interval
c   rephasedbest:              109        33.03 %  rephased best
c   rephasedflip:               26         7.88 %  rephased flipping
c   rephasedinv:                30         9.09 %  rephased inverted
c   rephasedorig:               31         9.39 %  rephased original
c   rephasedrand:               25         7.58 %  rephased random
c   rephasedwalk:              109        33.03 %  rephased walk
c rescored:                   4809     11372.60    interval
c restarts:                1495354        36.57    interval
c   reused:                1341101        89.68 %  per restart
c   reusedlevels:         13113257        26.57 %  per restart levels
c restored:                      0         0.00 %  per weakened
c   restorations:                0         0.00 %  per extension
c   literals:                    0         0.00    per restored clause
c stabilizing:                   8        60.06 %  of conflicts
c   restartstab:              5627         0.38 %  of all restarts
c   reusedstab:               5570        98.99 %  per stable restarts
c substituted:                 245         0.38 %  of all variables
c   decompositions:            485         3.30    per phase
c subsumed:                6160023         5.66 %  of all clauses
c   subsumephases:              93    588073.43    interval
c   subsumerounds:             182         1.96    per phase
c   deduplicated:               47         0.00 %  per subsumed
c   transreds:                  93    588073.43    interval
c   transitive:                601         0.01 %  per subsumed
c   subirr:                   7427         0.12 %  of subsumed
c   subred:                  60171         0.98 %  of subsumed
c   subtried:             15997701         2.60    tried per subsumed
c   subchecks:          6878308126       429.96    per tried
c   subchecks2:           59967019         0.87 %  per subcheck
c   elimotfsub:                  0         0.00 %  of subsumed
c   elimbwsub:                 769         0.01 %  of subsumed
c   eagersub:              6083539        98.76 %  of subsumed
c   eagertried:         1180419262       194.03    tried per eagersub
c strengthened:             441269         0.41 %  of all clauses
c   elimotfstr:               4525         1.03 %  of strengthened
c   elimbwstr:                   1         0.00 %  of strengthened
c ternary:                  245779         0.76 %  of resolved
c   phases:                    294    186023.23    interval
c   htr3:                   245546        99.91 %  ternary hyper ternres
c   htr2:                      233         0.09 %  binary hyper ternres
c vivified:                  19166         0.02 %  of all clauses
c   vivifications:              93    588073.43    interval
c   vivifychecks:          1755240         3.21 %  per conflict
c   vivifysched:          10615991        16.53 %  checks per scheduled
c   vivifyunits:                 0         0.00 %  per vivify check
c   vivifyinst:                250         0.01 %  per vivify check
c   vivifysubs:               4176         0.07 %  per subsumed
c   vivifystrs:              14990         3.40 %  per strengthened
c   vivifystrirr:              709         4.73 %  per vivifystrs
c   vivifystred1:              262         1.75 %  per vivifystrs
c   vivifystred2:             7910        52.77 %  per vivifystrs
c   vivifystred3:             6109        40.75 %  per vivifystrs
c   vivifydecs:            8331071         4.75    per checks
c   vivifyreused:          3382508        40.60 %  per decision
c walked:                      109    501750.72    interval
c   flips:               127002314         1.43 M  per second
c   minimum:                     9         0.00 %  clauses
c   broken:             3961304267        31.19    per flip
c weakened:                 129277         3.34    average size
c   extensions:                  0         0.00    interval
c   flipped:                     0         0.00    per weakened
c 
c seconds are measured in process time for solving
c 
c --- [ resources ] ----------------------------------------------------------
c 
c total process time since initialization:      7395.28    seconds
c total real time since initialization:         7399.00    seconds
c maximum resident set size of process:          327.34    MB
c 
c --- [ shutting down ] ------------------------------------------------------
c 
c exit 0
