base_index	leaf_ordinal	status	source_clauses	weights	W	U	coordinate_maxima	pool_size
4	0	UNCOVERED			0	0	0,0,0,0,0,0,0,0,0,0,0,0,0	24
4	1	UNCOVERED			0	0	0,0,0,0,0,0,0,0,0,0,0,0,0	24
4	2	UNCOVERED			0	0	0,0,0,0,0,0,0,0,0,0,0,0,0	24
4	3	UNCOVERED			0	0	0,0,0,0,0,0,0,0,0,0,0,0,0	24
4	4	UNCOVERED			0	0	0,0,0,0,0,0,0,0,0,0,0,0,0	24
4	5	UNCOVERED			0	0	0,0,0,0,0,0,0,0,0,0,0,0,0	24
4	6	UNCOVERED			0	0	0,0,0,0,0,0,0,0,0,0,0,0,0	24
4	7	UNCOVERED			0	0	0,0,0,0,0,0,0,0,0,0,0,0,0	24
4	8	UNCOVERED			0	0	0,0,0,0,0,0,0,0,0,0,0,0,0	24
4	9	UNCOVERED			0	0	0,0,0,0,0,0,0,0,0,0,0,0,0	24
4	10	UNCOVERED			0	0	0,0,0,0,0,0,0,0,0,0,0,0,0	24
4	11	CERTIFIED_DEFICIT	1299,1405	1,1	2	1	1,0,0,0,0,0,0,0,0,0,0,0,0	24
4	12	UNCOVERED			0	0	0,0,0,0,0,0,0,0,0,0,0,0,0	24
4	13	UNCOVERED			0	0	0,0,0,0,0,0,0,0,0,0,0,0,0	24
4	14	UNCOVERED			0	0	0,0,0,0,0,0,0,0,0,0,0,0,0	24
4	15	UNCOVERED			0	0	0,0,0,0,0,0,0,0,0,0,0,0,0	24
4	16	UNCOVERED			0	0	0,0,0,0,0,0,0,0,0,0,0,0,0	24
4	17	UNCOVERED			0	0	0,0,0,0,0,0,0,0,0,0,0,0,0	24
4	18	UNCOVERED			0	0	0,0,0,0,0,0,0,0,0,0,0,0,0	24
4	19	UNCOVERED			0	0	0,0,0,0,0,0,0,0,0,0,0,0,0	24
4	20	UNCOVERED			0	0	0,0,0,0,0,0,0,0,0,0,0,0,0	24
4	21	UNCOVERED			0	0	0,0,0,0,0,0,0,0,0,0,0,0,0	24
4	22	CERTIFIED_DEFICIT	1299,1405	1,1	2	1	0,1,0,0,0,0,0,0,0,0,0,0,0	24
4	23	UNCOVERED			0	0	0,0,0,0,0,0,0,0,0,0,0,0,0	24
4	24	UNCOVERED			0	0	0,0,0,0,0,0,0,0,0,0,0,0,0	24
4	25	UNCOVERED			0	0	0,0,0,0,0,0,0,0,0,0,0,0,0	24
4	26	UNCOVERED			0	0	0,0,0,0,0,0,0,0,0,0,0,0,0	24
4	27	UNCOVERED			0	0	0,0,0,0,0,0,0,0,0,0,0,0,0	24
4	28	UNCOVERED			0	0	0,0,0,0,0,0,0,0,0,0,0,0,0	24
4	29	UNCOVERED			0	0	0,0,0,0,0,0,0,0,0,0,0,0,0	24
4	30	UNCOVERED			0	0	0,0,0,0,0,0,0,0,0,0,0,0,0	24
4	31	CERTIFIED_DEFICIT	1233,1313,1331	1,1,1	3	2	0,0,1,0,0,0,0,0,0,0,0,0,1	24
4	32	CERTIFIED_DEFICIT	1299,1387	1,1	2	1	0,0,1,0,0,0,0,0,0,0,0,0,0	24
4	33	UNCOVERED			0	0	0,0,0,0,0,0,0,0,0,0,0,0,0	24
4	34	UNCOVERED			0	0	0,0,0,0,0,0,0,0,0,0,0,0,0	24
4	35	UNCOVERED			0	0	0,0,0,0,0,0,0,0,0,0,0,0,0	24
4	36	UNCOVERED			0	0	0,0,0,0,0,0,0,0,0,0,0,0,0	24
4	37	UNCOVERED			0	0	0,0,0,0,0,0,0,0,0,0,0,0,0	24
4	38	UNCOVERED			0	0	0,0,0,0,0,0,0,0,0,0,0,0,0	24
4	39	UNCOVERED			0	0	0,0,0,0,0,0,0,0,0,0,0,0,0	24
4	40	CERTIFIED_DEFICIT	1367,1425	1,1	2	1	0,0,0,0,0,0,0,0,0,0,0,0,1	24
4	41	CERTIFIED_DEFICIT	1269,1283	1,1	2	1	0,0,0,0,0,0,0,0,0,0,0,0,1	24
4	42	UNCOVERED			0	0	0,0,0,0,0,0,0,0,0,0,0,0,0	24
4	43	UNCOVERED			0	0	0,0,0,0,0,0,0,0,0,0,0,0,0	24
4	44	UNCOVERED			0	0	0,0,0,0,0,0,0,0,0,0,0,0,0	24
4	45	UNCOVERED			0	0	0,0,0,0,0,0,0,0,0,0,0,0,0	24
4	46	UNCOVERED			0	0	0,0,0,0,0,0,0,0,0,0,0,0,0	24
4	47	UNCOVERED			0	0	0,0,0,0,0,0,0,0,0,0,0,0,0	24
4	48	CERTIFIED_DEFICIT	1233,1291,1313	1,1,1	3	2	0,0,0,0,1,0,0,0,0,0,0,0,1	24
4	49	CERTIFIED_DEFICIT	1265,1335	1,1	2	1	0,0,0,0,0,0,0,0,0,0,0,0,1	24
4	50	UNCOVERED			0	0	0,0,0,0,0,0,0,0,0,0,0,0,0	24
4	51	UNCOVERED			0	0	0,0,0,0,0,0,0,0,0,0,0,0,0	24
4	52	UNCOVERED			0	0	0,0,0,0,0,0,0,0,0,0,0,0,0	24
4	53	UNCOVERED			0	0	0,0,0,0,0,0,0,0,0,0,0,0,0	24
4	54	UNCOVERED			0	0	0,0,0,0,0,0,0,0,0,0,0,0,0	24
4	55	CERTIFIED_DEFICIT	1199,1205,1207	1,1,1	3	2	0,0,0,0,0,0,0,0,0,0,0,1,1	24
4	56	CERTIFIED_DEFICIT	1219	1	1	0	0,0,0,0,0,0,0,0,0,0,0,0,0	0
4	57	UNCOVERED			0	0	0,0,0,0,0,0,0,0,0,0,0,0,0	24
4	58	UNCOVERED			0	0	0,0,0,0,0,0,0,0,0,0,0,0,0	24
4	59	UNCOVERED			0	0	0,0,0,0,0,0,0,0,0,0,0,0,0	24
4	60	UNCOVERED			0	0	0,0,0,0,0,0,0,0,0,0,0,0,0	24
4	61	CERTIFIED_DEFICIT	1327,1465	1,1	2	1	0,0,0,0,0,0,0,0,0,0,0,0,1	24
4	62	CERTIFIED_DEFICIT	1259	1	1	0	0,0,0,0,0,0,0,0,0,0,0,0,0	0
4	63	UNCOVERED			0	0	0,0,0,0,0,0,0,0,0,0,0,0,0	24
4	64	UNCOVERED			0	0	0,0,0,0,0,0,0,0,0,0,0,0,0	24
4	65	UNCOVERED			0	0	0,0,0,0,0,0,0,0,0,0,0,0,0	24
4	66	CERTIFIED_DEFICIT	1273,1671	1,1	2	1	0,0,0,0,0,0,0,0,0,0,0,0,1	24
4	67	CERTIFIED_DEFICIT	1235,1249	1,1	2	1	0,0,0,0,0,0,0,0,0,0,0,0,1	24
4	68	UNCOVERED			0	0	0,0,0,0,0,0,0,0,0,0,0,0,0	24
4	69	UNCOVERED			0	0	0,0,0,0,0,0,0,0,0,0,0,0,0	24
4	70	CERTIFIED_DEFICIT	1255,1537	1,1	2	1	0,0,0,0,0,0,0,0,0,0,0,0,1	24
4	71	CERTIFIED_DEFICIT	1241	1	1	0	0,0,0,0,0,0,0,0,0,0,0,0,0	0
4	72	UNCOVERED			0	0	0,0,0,0,0,0,0,0,0,0,0,0,0	24
4	73	UNCOVERED			0	0	0,0,0,0,0,0,0,0,0,0,0,0,0	24
4	74	CERTIFIED_DEFICIT	1303	1	1	0	0,0,0,0,0,0,0,0,0,0,0,0,0	0
4	75	CERTIFIED_DEFICIT	1229,1243,1247	1,1,1	3	2	0,0,0,0,0,0,0,0,0,0,0,1,1	24
4	76	CERTIFIED_DEFICIT	1229,1243	1,1	2	1	0,0,0,0,0,0,0,0,0,0,0,0,1	24
4	77	CERTIFIED_DEFICIT	1233,1291	1,1	2	1	0,0,0,0,0,0,0,0,0,0,0,0,1	24
4	78	UNCOVERED			0	0	0,0,0,0,0,0,0,0,0,0,0,0,0	24
4	79	UNCOVERED			0	0	0,0,0,0,0,0,0,0,0,0,0,0,0	24
4	80	UNCOVERED			0	0	0,0,0,0,0,0,0,0,0,0,0,0,0	24
4	81	UNCOVERED			0	0	0,0,0,0,0,0,0,0,0,0,0,0,0	24
4	82	UNCOVERED			0	0	0,0,0,0,0,0,0,0,0,0,0,0,0	24
4	83	UNCOVERED			0	0	0,0,0,0,0,0,0,0,0,0,0,0,0	24
4	84	UNCOVERED			0	0	0,0,0,0,0,0,0,0,0,0,0,0,0	24
4	85	UNCOVERED			0	0	0,0,0,0,0,0,0,0,0,0,0,0,0	24
4	86	UNCOVERED			0	0	0,0,0,0,0,0,0,0,0,0,0,0,0	24
4	87	UNCOVERED			0	0	0,0,0,0,0,0,0,0,0,0,0,0,0	24
4	88	UNCOVERED			0	0	0,0,0,0,0,0,0,0,0,0,0,0,0	24
4	89	CERTIFIED_DEFICIT	1299,1405	1,1	2	1	1,0,0,0,0,0,0,0,0,0,0,0,0	24
4	90	UNCOVERED			0	0	0,0,0,0,0,0,0,0,0,0,0,0,0	24
4	91	UNCOVERED			0	0	0,0,0,0,0,0,0,0,0,0,0,0,0	24
4	92	UNCOVERED			0	0	0,0,0,0,0,0,0,0,0,0,0,0,0	24
4	93	UNCOVERED			0	0	0,0,0,0,0,0,0,0,0,0,0,0,0	24
4	94	UNCOVERED			0	0	0,0,0,0,0,0,0,0,0,0,0,0,0	24
4	95	UNCOVERED			0	0	0,0,0,0,0,0,0,0,0,0,0,0,0	24
4	96	UNCOVERED			0	0	0,0,0,0,0,0,0,0,0,0,0,0,0	24
4	97	UNCOVERED			0	0	0,0,0,0,0,0,0,0,0,0,0,0,0	24
4	98	UNCOVERED			0	0	0,0,0,0,0,0,0,0,0,0,0,0,0	24
4	99	UNCOVERED			0	0	0,0,0,0,0,0,0,0,0,0,0,0,0	24
4	100	CERTIFIED_DEFICIT	1298,1312	1,1	2	1	0,0,0,0,0,0,0,0,0,0,0,0,1	24
4	101	UNCOVERED			0	0	0,0,0,0,0,0,0,0,0,0,0,0,0	24
4	102	UNCOVERED			0	0	0,0,0,0,0,0,0,0,0,0,0,0,0	24
4	103	UNCOVERED			0	0	0,0,0,0,0,0,0,0,0,0,0,0,0	24
4	104	UNCOVERED			0	0	0,0,0,0,0,0,0,0,0,0,0,0,0	24
4	105	UNCOVERED			0	0	0,0,0,0,0,0,0,0,0,0,0,0,0	24
4	106	UNCOVERED			0	0	0,0,0,0,0,0,0,0,0,0,0,0,0	24
4	107	UNCOVERED			0	0	0,0,0,0,0,0,0,0,0,0,0,0,0	24
4	108	UNCOVERED			0	0	0,0,0,0,0,0,0,0,0,0,0,0,0	24
4	109	UNCOVERED			0	0	0,0,0,0,0,0,0,0,0,0,0,0,0	24
4	110	CERTIFIED_DEFICIT	1299,1387	1,1	2	1	0,0,1,0,0,0,0,0,0,0,0,0,0	24
4	111	UNCOVERED			0	0	0,0,0,0,0,0,0,0,0,0,0,0,0	24
4	112	UNCOVERED			0	0	0,0,0,0,0,0,0,0,0,0,0,0,0	24
4	113	UNCOVERED			0	0	0,0,0,0,0,0,0,0,0,0,0,0,0	24
4	114	UNCOVERED			0	0	0,0,0,0,0,0,0,0,0,0,0,0,0	24
4	115	UNCOVERED			0	0	0,0,0,0,0,0,0,0,0,0,0,0,0	24
4	116	UNCOVERED			0	0	0,0,0,0,0,0,0,0,0,0,0,0,0	24
4	117	UNCOVERED			0	0	0,0,0,0,0,0,0,0,0,0,0,0,0	24
4	118	CERTIFIED_DEFICIT	1367,1425	1,1	2	1	0,0,0,0,0,0,0,0,0,0,0,0,1	24
4	119	CERTIFIED_DEFICIT	1269,1283	1,1	2	1	0,0,0,0,0,0,0,0,0,0,0,0,1	24
4	120	UNCOVERED			0	0	0,0,0,0,0,0,0,0,0,0,0,0,0	24
4	121	UNCOVERED			0	0	0,0,0,0,0,0,0,0,0,0,0,0,0	24
4	122	UNCOVERED			0	0	0,0,0,0,0,0,0,0,0,0,0,0,0	24
4	123	UNCOVERED			0	0	0,0,0,0,0,0,0,0,0,0,0,0,0	24
4	124	UNCOVERED			0	0	0,0,0,0,0,0,0,0,0,0,0,0,0	24
4	125	UNCOVERED			0	0	0,0,0,0,0,0,0,0,0,0,0,0,0	24
4	126	CERTIFIED_DEFICIT	1233,1291,1313	1,1,1	3	2	0,0,0,0,1,0,0,0,0,0,0,0,1	24
4	127	CERTIFIED_DEFICIT	1265,1335	1,1	2	1	0,0,0,0,0,0,0,0,0,0,0,0,1	24
4	128	UNCOVERED			0	0	0,0,0,0,0,0,0,0,0,0,0,0,0	24
4	129	UNCOVERED			0	0	0,0,0,0,0,0,0,0,0,0,0,0,0	24
4	130	UNCOVERED			0	0	0,0,0,0,0,0,0,0,0,0,0,0,0	24
4	131	UNCOVERED			0	0	0,0,0,0,0,0,0,0,0,0,0,0,0	24
4	132	UNCOVERED			0	0	0,0,0,0,0,0,0,0,0,0,0,0,0	24
4	133	CERTIFIED_DEFICIT	1199,1205,1207	1,1,1	3	2	0,0,0,0,0,0,0,0,0,0,0,1,1	24
4	134	CERTIFIED_DEFICIT	1219	1	1	0	0,0,0,0,0,0,0,0,0,0,0,0,0	0
4	135	UNCOVERED			0	0	0,0,0,0,0,0,0,0,0,0,0,0,0	24
4	136	UNCOVERED			0	0	0,0,0,0,0,0,0,0,0,0,0,0,0	24
4	137	UNCOVERED			0	0	0,0,0,0,0,0,0,0,0,0,0,0,0	24
4	138	UNCOVERED			0	0	0,0,0,0,0,0,0,0,0,0,0,0,0	24
4	139	CERTIFIED_DEFICIT	1327,1465	1,1	2	1	0,0,0,0,0,0,0,0,0,0,0,0,1	24
4	140	CERTIFIED_DEFICIT	1259	1	1	0	0,0,0,0,0,0,0,0,0,0,0,0,0	0
4	141	UNCOVERED			0	0	0,0,0,0,0,0,0,0,0,0,0,0,0	24
4	142	UNCOVERED			0	0	0,0,0,0,0,0,0,0,0,0,0,0,0	24
4	143	UNCOVERED			0	0	0,0,0,0,0,0,0,0,0,0,0,0,0	24
4	144	CERTIFIED_DEFICIT	1273,1671	1,1	2	1	0,0,0,0,0,0,0,0,0,0,0,0,1	24
4	145	CERTIFIED_DEFICIT	1235,1249	1,1	2	1	0,0,0,0,0,0,0,0,0,0,0,0,1	24
4	146	UNCOVERED			0	0	0,0,0,0,0,0,0,0,0,0,0,0,0	24
4	147	UNCOVERED			0	0	0,0,0,0,0,0,0,0,0,0,0,0,0	24
4	148	CERTIFIED_DEFICIT	1255,1537	1,1	2	1	0,0,0,0,0,0,0,0,0,0,0,0,1	24
4	149	CERTIFIED_DEFICIT	1241	1	1	0	0,0,0,0,0,0,0,0,0,0,0,0,0	0
4	150	UNCOVERED			0	0	0,0,0,0,0,0,0,0,0,0,0,0,0	24
4	151	UNCOVERED			0	0	0,0,0,0,0,0,0,0,0,0,0,0,0	24
4	152	CERTIFIED_DEFICIT	1303	1	1	0	0,0,0,0,0,0,0,0,0,0,0,0,0	0
4	153	CERTIFIED_DEFICIT	1229,1243,1247	1,1,1	3	2	0,0,0,0,0,0,0,0,0,0,0,1,1	24
4	154	CERTIFIED_DEFICIT	1229,1243	1,1	2	1	0,0,0,0,0,0,0,0,0,0,0,0,1	24
4	155	CERTIFIED_DEFICIT	1233,1291	1,1	2	1	0,0,0,0,0,0,0,0,0,0,0,0,1	24
4	156	CERTIFIED_DEFICIT	1638	1	1	0	0,0,0,0,0,0,0,0,0,0,0,0,0	0
4	157	CERTIFIED_DEFICIT	1638	1	1	0	0,0,0,0,0,0,0,0,0,0,0,0,0	0
4	158	CERTIFIED_DEFICIT	1638	1	1	0	0,0,0,0,0,0,0,0,0,0,0,0,0	0
4	159	CERTIFIED_DEFICIT	1638	1	1	0	0,0,0,0,0,0,0,0,0,0,0,0,0	0
4	160	CERTIFIED_DEFICIT	1638	1	1	0	0,0,0,0,0,0,0,0,0,0,0,0,0	0
4	161	CERTIFIED_DEFICIT	1638	1	1	0	0,0,0,0,0,0,0,0,0,0,0,0,0	0
4	162	CERTIFIED_DEFICIT	1638	1	1	0	0,0,0,0,0,0,0,0,0,0,0,0,0	0
4	163	CERTIFIED_DEFICIT	1638	1	1	0	0,0,0,0,0,0,0,0,0,0,0,0,0	0
4	164	CERTIFIED_DEFICIT	1638	1	1	0	0,0,0,0,0,0,0,0,0,0,0,0,0	0
4	165	CERTIFIED_DEFICIT	1638	1	1	0	0,0,0,0,0,0,0,0,0,0,0,0,0	0
4	166	CERTIFIED_DEFICIT	1638	1	1	0	0,0,0,0,0,0,0,0,0,0,0,0,0	0
4	167	CERTIFIED_DEFICIT	1638	1	1	0	0,0,0,0,0,0,0,0,0,0,0,0,0	0
4	168	CERTIFIED_DEFICIT	1638	1	1	0	0,0,0,0,0,0,0,0,0,0,0,0,0	0
4	169	CERTIFIED_DEFICIT	1638	1	1	0	0,0,0,0,0,0,0,0,0,0,0,0,0	0
4	170	CERTIFIED_DEFICIT	1638	1	1	0	0,0,0,0,0,0,0,0,0,0,0,0,0	0
4	171	CERTIFIED_DEFICIT	1638	1	1	0	0,0,0,0,0,0,0,0,0,0,0,0,0	0
4	172	CERTIFIED_DEFICIT	1638	1	1	0	0,0,0,0,0,0,0,0,0,0,0,0,0	0
4	173	CERTIFIED_DEFICIT	1638	1	1	0	0,0,0,0,0,0,0,0,0,0,0,0,0	0
4	174	CERTIFIED_DEFICIT	1638	1	1	0	0,0,0,0,0,0,0,0,0,0,0,0,0	0
4	175	CERTIFIED_DEFICIT	1638	1	1	0	0,0,0,0,0,0,0,0,0,0,0,0,0	0
4	176	CERTIFIED_DEFICIT	1638	1	1	0	0,0,0,0,0,0,0,0,0,0,0,0,0	0
4	177	CERTIFIED_DEFICIT	1638	1	1	0	0,0,0,0,0,0,0,0,0,0,0,0,0	0
4	178	CERTIFIED_DEFICIT	1638	1	1	0	0,0,0,0,0,0,0,0,0,0,0,0,0	0
4	179	CERTIFIED_DEFICIT	1638	1	1	0	0,0,0,0,0,0,0,0,0,0,0,0,0	0
4	180	CERTIFIED_DEFICIT	1638	1	1	0	0,0,0,0,0,0,0,0,0,0,0,0,0	0
4	181	CERTIFIED_DEFICIT	1638	1	1	0	0,0,0,0,0,0,0,0,0,0,0,0,0	0
4	182	CERTIFIED_DEFICIT	1638	1	1	0	0,0,0,0,0,0,0,0,0,0,0,0,0	0
4	183	CERTIFIED_DEFICIT	1638	1	1	0	0,0,0,0,0,0,0,0,0,0,0,0,0	0
4	184	CERTIFIED_DEFICIT	1638	1	1	0	0,0,0,0,0,0,0,0,0,0,0,0,0	0
4	185	CERTIFIED_DEFICIT	1638	1	1	0	0,0,0,0,0,0,0,0,0,0,0,0,0	0
4	186	CERTIFIED_DEFICIT	1638	1	1	0	0,0,0,0,0,0,0,0,0,0,0,0,0	0
4	187	CERTIFIED_DEFICIT	1638	1	1	0	0,0,0,0,0,0,0,0,0,0,0,0,0	0
4	188	CERTIFIED_DEFICIT	1638	1	1	0	0,0,0,0,0,0,0,0,0,0,0,0,0	0
4	189	CERTIFIED_DEFICIT	1638	1	1	0	0,0,0,0,0,0,0,0,0,0,0,0,0	0
4	190	CERTIFIED_DEFICIT	1638	1	1	0	0,0,0,0,0,0,0,0,0,0,0,0,0	0
4	191	CERTIFIED_DEFICIT	1638	1	1	0	0,0,0,0,0,0,0,0,0,0,0,0,0	0
4	192	CERTIFIED_DEFICIT	1638	1	1	0	0,0,0,0,0,0,0,0,0,0,0,0,0	0
4	193	CERTIFIED_DEFICIT	1638	1	1	0	0,0,0,0,0,0,0,0,0,0,0,0,0	0
4	194	CERTIFIED_DEFICIT	1638	1	1	0	0,0,0,0,0,0,0,0,0,0,0,0,0	0
4	195	CERTIFIED_DEFICIT	1638	1	1	0	0,0,0,0,0,0,0,0,0,0,0,0,0	0
4	196	CERTIFIED_DEFICIT	1638	1	1	0	0,0,0,0,0,0,0,0,0,0,0,0,0	0
4	197	CERTIFIED_DEFICIT	1638	1	1	0	0,0,0,0,0,0,0,0,0,0,0,0,0	0
4	198	CERTIFIED_DEFICIT	1638	1	1	0	0,0,0,0,0,0,0,0,0,0,0,0,0	0
4	199	CERTIFIED_DEFICIT	1638	1	1	0	0,0,0,0,0,0,0,0,0,0,0,0,0	0
4	200	CERTIFIED_DEFICIT	1638	1	1	0	0,0,0,0,0,0,0,0,0,0,0,0,0	0
4	201	CERTIFIED_DEFICIT	1638	1	1	0	0,0,0,0,0,0,0,0,0,0,0,0,0	0
4	202	CERTIFIED_DEFICIT	1638	1	1	0	0,0,0,0,0,0,0,0,0,0,0,0,0	0
4	203	CERTIFIED_DEFICIT	1638	1	1	0	0,0,0,0,0,0,0,0,0,0,0,0,0	0
4	204	CERTIFIED_DEFICIT	1638	1	1	0	0,0,0,0,0,0,0,0,0,0,0,0,0	0
4	205	CERTIFIED_DEFICIT	1638	1	1	0	0,0,0,0,0,0,0,0,0,0,0,0,0	0
4	206	CERTIFIED_DEFICIT	1638	1	1	0	0,0,0,0,0,0,0,0,0,0,0,0,0	0
4	207	CERTIFIED_DEFICIT	1638	1	1	0	0,0,0,0,0,0,0,0,0,0,0,0,0	0
4	208	CERTIFIED_DEFICIT	1638	1	1	0	0,0,0,0,0,0,0,0,0,0,0,0,0	0
4	209	CERTIFIED_DEFICIT	1638	1	1	0	0,0,0,0,0,0,0,0,0,0,0,0,0	0
4	210	CERTIFIED_DEFICIT	1638	1	1	0	0,0,0,0,0,0,0,0,0,0,0,0,0	0
4	211	CERTIFIED_DEFICIT	1638	1	1	0	0,0,0,0,0,0,0,0,0,0,0,0,0	0
4	212	CERTIFIED_DEFICIT	1219	1	1	0	0,0,0,0,0,0,0,0,0,0,0,0,0	0
4	213	CERTIFIED_DEFICIT	1638	1	1	0	0,0,0,0,0,0,0,0,0,0,0,0,0	0
4	214	CERTIFIED_DEFICIT	1638	1	1	0	0,0,0,0,0,0,0,0,0,0,0,0,0	0
4	215	CERTIFIED_DEFICIT	1638	1	1	0	0,0,0,0,0,0,0,0,0,0,0,0,0	0
4	216	CERTIFIED_DEFICIT	1638	1	1	0	0,0,0,0,0,0,0,0,0,0,0,0,0	0
4	217	CERTIFIED_DEFICIT	1638	1	1	0	0,0,0,0,0,0,0,0,0,0,0,0,0	0
4	218	CERTIFIED_DEFICIT	1259	1	1	0	0,0,0,0,0,0,0,0,0,0,0,0,0	0
4	219	CERTIFIED_DEFICIT	1638	1	1	0	0,0,0,0,0,0,0,0,0,0,0,0,0	0
4	220	CERTIFIED_DEFICIT	1638	1	1	0	0,0,0,0,0,0,0,0,0,0,0,0,0	0
4	221	CERTIFIED_DEFICIT	1638	1	1	0	0,0,0,0,0,0,0,0,0,0,0,0,0	0
4	222	CERTIFIED_DEFICIT	1638	1	1	0	0,0,0,0,0,0,0,0,0,0,0,0,0	0
4	223	CERTIFIED_DEFICIT	1638	1	1	0	0,0,0,0,0,0,0,0,0,0,0,0,0	0
4	224	CERTIFIED_DEFICIT	1638	1	1	0	0,0,0,0,0,0,0,0,0,0,0,0,0	0
4	225	CERTIFIED_DEFICIT	1638	1	1	0	0,0,0,0,0,0,0,0,0,0,0,0,0	0
4	226	CERTIFIED_DEFICIT	1638	1	1	0	0,0,0,0,0,0,0,0,0,0,0,0,0	0
4	227	CERTIFIED_DEFICIT	1241	1	1	0	0,0,0,0,0,0,0,0,0,0,0,0,0	0
4	228	CERTIFIED_DEFICIT	1638	1	1	0	0,0,0,0,0,0,0,0,0,0,0,0,0	0
4	229	CERTIFIED_DEFICIT	1638	1	1	0	0,0,0,0,0,0,0,0,0,0,0,0,0	0
4	230	CERTIFIED_DEFICIT	1303	1	1	0	0,0,0,0,0,0,0,0,0,0,0,0,0	0
4	231	CERTIFIED_DEFICIT	1638	1	1	0	0,0,0,0,0,0,0,0,0,0,0,0,0	0
4	232	CERTIFIED_DEFICIT	1638	1	1	0	0,0,0,0,0,0,0,0,0,0,0,0,0	0
4	233	CERTIFIED_DEFICIT	1638	1	1	0	0,0,0,0,0,0,0,0,0,0,0,0,0	0
4	234	CERTIFIED_DEFICIT	1862	1	1	0	0,0,0,0,0,0,0,0,0,0,0,0,0	0
4	235	CERTIFIED_DEFICIT	1862	1	1	0	0,0,0,0,0,0,0,0,0,0,0,0,0	0
4	236	CERTIFIED_DEFICIT	1862	1	1	0	0,0,0,0,0,0,0,0,0,0,0,0,0	0
4	237	CERTIFIED_DEFICIT	1862	1	1	0	0,0,0,0,0,0,0,0,0,0,0,0,0	0
4	238	CERTIFIED_DEFICIT	1862	1	1	0	0,0,0,0,0,0,0,0,0,0,0,0,0	0
4	239	CERTIFIED_DEFICIT	1862	1	1	0	0,0,0,0,0,0,0,0,0,0,0,0,0	0
4	240	CERTIFIED_DEFICIT	1862	1	1	0	0,0,0,0,0,0,0,0,0,0,0,0,0	0
4	241	CERTIFIED_DEFICIT	1862	1	1	0	0,0,0,0,0,0,0,0,0,0,0,0,0	0
4	242	CERTIFIED_DEFICIT	1862	1	1	0	0,0,0,0,0,0,0,0,0,0,0,0,0	0
4	243	CERTIFIED_DEFICIT	1862	1	1	0	0,0,0,0,0,0,0,0,0,0,0,0,0	0
4	244	CERTIFIED_DEFICIT	1862	1	1	0	0,0,0,0,0,0,0,0,0,0,0,0,0	0
4	245	CERTIFIED_DEFICIT	1862	1	1	0	0,0,0,0,0,0,0,0,0,0,0,0,0	0
4	246	CERTIFIED_DEFICIT	1862	1	1	0	0,0,0,0,0,0,0,0,0,0,0,0,0	0
4	247	CERTIFIED_DEFICIT	1862	1	1	0	0,0,0,0,0,0,0,0,0,0,0,0,0	0
4	248	CERTIFIED_DEFICIT	1862	1	1	0	0,0,0,0,0,0,0,0,0,0,0,0,0	0
4	249	CERTIFIED_DEFICIT	1862	1	1	0	0,0,0,0,0,0,0,0,0,0,0,0,0	0
4	250	CERTIFIED_DEFICIT	1862	1	1	0	0,0,0,0,0,0,0,0,0,0,0,0,0	0
4	251	CERTIFIED_DEFICIT	1862	1	1	0	0,0,0,0,0,0,0,0,0,0,0,0,0	0
4	252	CERTIFIED_DEFICIT	1862	1	1	0	0,0,0,0,0,0,0,0,0,0,0,0,0	0
4	253	CERTIFIED_DEFICIT	1862	1	1	0	0,0,0,0,0,0,0,0,0,0,0,0,0	0
4	254	CERTIFIED_DEFICIT	1862	1	1	0	0,0,0,0,0,0,0,0,0,0,0,0,0	0
4	255	CERTIFIED_DEFICIT	1862	1	1	0	0,0,0,0,0,0,0,0,0,0,0,0,0	0
4	256	CERTIFIED_DEFICIT	1862	1	1	0	0,0,0,0,0,0,0,0,0,0,0,0,0	0
4	257	CERTIFIED_DEFICIT	1862	1	1	0	0,0,0,0,0,0,0,0,0,0,0,0,0	0
4	258	CERTIFIED_DEFICIT	1862	1	1	0	0,0,0,0,0,0,0,0,0,0,0,0,0	0
4	259	CERTIFIED_DEFICIT	1862	1	1	0	0,0,0,0,0,0,0,0,0,0,0,0,0	0
4	260	CERTIFIED_DEFICIT	1862	1	1	0	0,0,0,0,0,0,0,0,0,0,0,0,0	0
4	261	CERTIFIED_DEFICIT	1862	1	1	0	0,0,0,0,0,0,0,0,0,0,0,0,0	0
4	262	CERTIFIED_DEFICIT	1862	1	1	0	0,0,0,0,0,0,0,0,0,0,0,0,0	0
4	263	CERTIFIED_DEFICIT	1862	1	1	0	0,0,0,0,0,0,0,0,0,0,0,0,0	0
4	264	CERTIFIED_DEFICIT	1862	1	1	0	0,0,0,0,0,0,0,0,0,0,0,0,0	0
4	265	CERTIFIED_DEFICIT	1862	1	1	0	0,0,0,0,0,0,0,0,0,0,0,0,0	0
4	266	CERTIFIED_DEFICIT	1862	1	1	0	0,0,0,0,0,0,0,0,0,0,0,0,0	0
4	267	CERTIFIED_DEFICIT	1862	1	1	0	0,0,0,0,0,0,0,0,0,0,0,0,0	0
4	268	CERTIFIED_DEFICIT	1862	1	1	0	0,0,0,0,0,0,0,0,0,0,0,0,0	0
4	269	CERTIFIED_DEFICIT	1862	1	1	0	0,0,0,0,0,0,0,0,0,0,0,0,0	0
4	270	CERTIFIED_DEFICIT	1862	1	1	0	0,0,0,0,0,0,0,0,0,0,0,0,0	0
4	271	CERTIFIED_DEFICIT	1862	1	1	0	0,0,0,0,0,0,0,0,0,0,0,0,0	0
4	272	CERTIFIED_DEFICIT	1862	1	1	0	0,0,0,0,0,0,0,0,0,0,0,0,0	0
4	273	CERTIFIED_DEFICIT	1862	1	1	0	0,0,0,0,0,0,0,0,0,0,0,0,0	0
4	274	CERTIFIED_DEFICIT	1862	1	1	0	0,0,0,0,0,0,0,0,0,0,0,0,0	0
4	275	CERTIFIED_DEFICIT	1862	1	1	0	0,0,0,0,0,0,0,0,0,0,0,0,0	0
4	276	CERTIFIED_DEFICIT	1862	1	1	0	0,0,0,0,0,0,0,0,0,0,0,0,0	0
4	277	CERTIFIED_DEFICIT	1862	1	1	0	0,0,0,0,0,0,0,0,0,0,0,0,0	0
4	278	CERTIFIED_DEFICIT	1862	1	1	0	0,0,0,0,0,0,0,0,0,0,0,0,0	0
4	279	CERTIFIED_DEFICIT	1862	1	1	0	0,0,0,0,0,0,0,0,0,0,0,0,0	0
4	280	CERTIFIED_DEFICIT	1862	1	1	0	0,0,0,0,0,0,0,0,0,0,0,0,0	0
4	281	CERTIFIED_DEFICIT	1862	1	1	0	0,0,0,0,0,0,0,0,0,0,0,0,0	0
4	282	CERTIFIED_DEFICIT	1862	1	1	0	0,0,0,0,0,0,0,0,0,0,0,0,0	0
4	283	CERTIFIED_DEFICIT	1862	1	1	0	0,0,0,0,0,0,0,0,0,0,0,0,0	0
4	284	CERTIFIED_DEFICIT	1862	1	1	0	0,0,0,0,0,0,0,0,0,0,0,0,0	0
4	285	CERTIFIED_DEFICIT	1862	1	1	0	0,0,0,0,0,0,0,0,0,0,0,0,0	0
4	286	CERTIFIED_DEFICIT	1862	1	1	0	0,0,0,0,0,0,0,0,0,0,0,0,0	0
4	287	CERTIFIED_DEFICIT	1862	1	1	0	0,0,0,0,0,0,0,0,0,0,0,0,0	0
4	288	CERTIFIED_DEFICIT	1862	1	1	0	0,0,0,0,0,0,0,0,0,0,0,0,0	0
4	289	CERTIFIED_DEFICIT	1862	1	1	0	0,0,0,0,0,0,0,0,0,0,0,0,0	0
4	290	CERTIFIED_DEFICIT	1219	1	1	0	0,0,0,0,0,0,0,0,0,0,0,0,0	0
4	291	CERTIFIED_DEFICIT	1862	1	1	0	0,0,0,0,0,0,0,0,0,0,0,0,0	0
4	292	CERTIFIED_DEFICIT	1862	1	1	0	0,0,0,0,0,0,0,0,0,0,0,0,0	0
4	293	CERTIFIED_DEFICIT	1862	1	1	0	0,0,0,0,0,0,0,0,0,0,0,0,0	0
4	294	CERTIFIED_DEFICIT	1862	1	1	0	0,0,0,0,0,0,0,0,0,0,0,0,0	0
4	295	CERTIFIED_DEFICIT	1862	1	1	0	0,0,0,0,0,0,0,0,0,0,0,0,0	0
4	296	CERTIFIED_DEFICIT	1259	1	1	0	0,0,0,0,0,0,0,0,0,0,0,0,0	0
4	297	CERTIFIED_DEFICIT	1862	1	1	0	0,0,0,0,0,0,0,0,0,0,0,0,0	0
4	298	CERTIFIED_DEFICIT	1862	1	1	0	0,0,0,0,0,0,0,0,0,0,0,0,0	0
4	299	CERTIFIED_DEFICIT	1862	1	1	0	0,0,0,0,0,0,0,0,0,0,0,0,0	0
4	300	CERTIFIED_DEFICIT	1862	1	1	0	0,0,0,0,0,0,0,0,0,0,0,0,0	0
4	301	CERTIFIED_DEFICIT	1862	1	1	0	0,0,0,0,0,0,0,0,0,0,0,0,0	0
4	302	CERTIFIED_DEFICIT	1862	1	1	0	0,0,0,0,0,0,0,0,0,0,0,0,0	0
4	303	CERTIFIED_DEFICIT	1862	1	1	0	0,0,0,0,0,0,0,0,0,0,0,0,0	0
4	304	CERTIFIED_DEFICIT	1862	1	1	0	0,0,0,0,0,0,0,0,0,0,0,0,0	0
4	305	CERTIFIED_DEFICIT	1241	1	1	0	0,0,0,0,0,0,0,0,0,0,0,0,0	0
4	306	CERTIFIED_DEFICIT	1862	1	1	0	0,0,0,0,0,0,0,0,0,0,0,0,0	0
4	307	CERTIFIED_DEFICIT	1862	1	1	0	0,0,0,0,0,0,0,0,0,0,0,0,0	0
4	308	CERTIFIED_DEFICIT	1303	1	1	0	0,0,0,0,0,0,0,0,0,0,0,0,0	0
4	309	CERTIFIED_DEFICIT	1862	1	1	0	0,0,0,0,0,0,0,0,0,0,0,0,0	0
4	310	CERTIFIED_DEFICIT	1862	1	1	0	0,0,0,0,0,0,0,0,0,0,0,0,0	0
4	311	CERTIFIED_DEFICIT	1862	1	1	0	0,0,0,0,0,0,0,0,0,0,0,0,0	0
4	312	CERTIFIED_DEFICIT	1400	1	1	0	0,0,0,0,0,0,0,0,0,0,0,0,0	0
4	313	CERTIFIED_DEFICIT	1400	1	1	0	0,0,0,0,0,0,0,0,0,0,0,0,0	0
4	314	CERTIFIED_DEFICIT	1400	1	1	0	0,0,0,0,0,0,0,0,0,0,0,0,0	0
4	315	CERTIFIED_DEFICIT	1400	1	1	0	0,0,0,0,0,0,0,0,0,0,0,0,0	0
4	316	CERTIFIED_DEFICIT	1400	1	1	0	0,0,0,0,0,0,0,0,0,0,0,0,0	0
4	317	CERTIFIED_DEFICIT	1400	1	1	0	0,0,0,0,0,0,0,0,0,0,0,0,0	0
4	318	CERTIFIED_DEFICIT	1400	1	1	0	0,0,0,0,0,0,0,0,0,0,0,0,0	0
4	319	CERTIFIED_DEFICIT	1400	1	1	0	0,0,0,0,0,0,0,0,0,0,0,0,0	0
4	320	CERTIFIED_DEFICIT	1400	1	1	0	0,0,0,0,0,0,0,0,0,0,0,0,0	0
4	321	CERTIFIED_DEFICIT	1400	1	1	0	0,0,0,0,0,0,0,0,0,0,0,0,0	0
4	322	CERTIFIED_DEFICIT	1400	1	1	0	0,0,0,0,0,0,0,0,0,0,0,0,0	0
4	323	CERTIFIED_DEFICIT	1400	1	1	0	0,0,0,0,0,0,0,0,0,0,0,0,0	0
4	324	CERTIFIED_DEFICIT	1400	1	1	0	0,0,0,0,0,0,0,0,0,0,0,0,0	0
4	325	CERTIFIED_DEFICIT	1400	1	1	0	0,0,0,0,0,0,0,0,0,0,0,0,0	0
4	326	CERTIFIED_DEFICIT	1400	1	1	0	0,0,0,0,0,0,0,0,0,0,0,0,0	0
4	327	CERTIFIED_DEFICIT	1400	1	1	0	0,0,0,0,0,0,0,0,0,0,0,0,0	0
4	328	CERTIFIED_DEFICIT	1400	1	1	0	0,0,0,0,0,0,0,0,0,0,0,0,0	0
4	329	CERTIFIED_DEFICIT	1400	1	1	0	0,0,0,0,0,0,0,0,0,0,0,0,0	0
4	330	CERTIFIED_DEFICIT	1400	1	1	0	0,0,0,0,0,0,0,0,0,0,0,0,0	0
4	331	CERTIFIED_DEFICIT	1400	1	1	0	0,0,0,0,0,0,0,0,0,0,0,0,0	0
4	332	CERTIFIED_DEFICIT	1400	1	1	0	0,0,0,0,0,0,0,0,0,0,0,0,0	0
4	333	CERTIFIED_DEFICIT	1400	1	1	0	0,0,0,0,0,0,0,0,0,0,0,0,0	0
4	334	CERTIFIED_DEFICIT	1400	1	1	0	0,0,0,0,0,0,0,0,0,0,0,0,0	0
4	335	CERTIFIED_DEFICIT	1400	1	1	0	0,0,0,0,0,0,0,0,0,0,0,0,0	0
4	336	CERTIFIED_DEFICIT	1400	1	1	0	0,0,0,0,0,0,0,0,0,0,0,0,0	0
4	337	CERTIFIED_DEFICIT	1400	1	1	0	0,0,0,0,0,0,0,0,0,0,0,0,0	0
4	338	CERTIFIED_DEFICIT	1400	1	1	0	0,0,0,0,0,0,0,0,0,0,0,0,0	0
4	339	CERTIFIED_DEFICIT	1400	1	1	0	0,0,0,0,0,0,0,0,0,0,0,0,0	0
4	340	CERTIFIED_DEFICIT	1400	1	1	0	0,0,0,0,0,0,0,0,0,0,0,0,0	0
4	341	CERTIFIED_DEFICIT	1400	1	1	0	0,0,0,0,0,0,0,0,0,0,0,0,0	0
4	342	CERTIFIED_DEFICIT	1400	1	1	0	0,0,0,0,0,0,0,0,0,0,0,0,0	0
4	343	CERTIFIED_DEFICIT	1400	1	1	0	0,0,0,0,0,0,0,0,0,0,0,0,0	0
4	344	CERTIFIED_DEFICIT	1400	1	1	0	0,0,0,0,0,0,0,0,0,0,0,0,0	0
4	345	CERTIFIED_DEFICIT	1400	1	1	0	0,0,0,0,0,0,0,0,0,0,0,0,0	0
4	346	CERTIFIED_DEFICIT	1400	1	1	0	0,0,0,0,0,0,0,0,0,0,0,0,0	0
4	347	CERTIFIED_DEFICIT	1400	1	1	0	0,0,0,0,0,0,0,0,0,0,0,0,0	0
4	348	CERTIFIED_DEFICIT	1400	1	1	0	0,0,0,0,0,0,0,0,0,0,0,0,0	0
4	349	CERTIFIED_DEFICIT	1400	1	1	0	0,0,0,0,0,0,0,0,0,0,0,0,0	0
4	350	CERTIFIED_DEFICIT	1400	1	1	0	0,0,0,0,0,0,0,0,0,0,0,0,0	0
4	351	CERTIFIED_DEFICIT	1400	1	1	0	0,0,0,0,0,0,0,0,0,0,0,0,0	0
4	352	CERTIFIED_DEFICIT	1400	1	1	0	0,0,0,0,0,0,0,0,0,0,0,0,0	0
4	353	CERTIFIED_DEFICIT	1400	1	1	0	0,0,0,0,0,0,0,0,0,0,0,0,0	0
4	354	CERTIFIED_DEFICIT	1400	1	1	0	0,0,0,0,0,0,0,0,0,0,0,0,0	0
4	355	CERTIFIED_DEFICIT	1400	1	1	0	0,0,0,0,0,0,0,0,0,0,0,0,0	0
4	356	CERTIFIED_DEFICIT	1400	1	1	0	0,0,0,0,0,0,0,0,0,0,0,0,0	0
4	357	CERTIFIED_DEFICIT	1400	1	1	0	0,0,0,0,0,0,0,0,0,0,0,0,0	0
4	358	CERTIFIED_DEFICIT	1400	1	1	0	0,0,0,0,0,0,0,0,0,0,0,0,0	0
4	359	CERTIFIED_DEFICIT	1400	1	1	0	0,0,0,0,0,0,0,0,0,0,0,0,0	0
4	360	CERTIFIED_DEFICIT	1400	1	1	0	0,0,0,0,0,0,0,0,0,0,0,0,0	0
4	361	CERTIFIED_DEFICIT	1400	1	1	0	0,0,0,0,0,0,0,0,0,0,0,0,0	0
4	362	CERTIFIED_DEFICIT	1400	1	1	0	0,0,0,0,0,0,0,0,0,0,0,0,0	0
4	363	CERTIFIED_DEFICIT	1400	1	1	0	0,0,0,0,0,0,0,0,0,0,0,0,0	0
4	364	CERTIFIED_DEFICIT	1400	1	1	0	0,0,0,0,0,0,0,0,0,0,0,0,0	0
4	365	CERTIFIED_DEFICIT	1400	1	1	0	0,0,0,0,0,0,0,0,0,0,0,0,0	0
4	366	CERTIFIED_DEFICIT	1400	1	1	0	0,0,0,0,0,0,0,0,0,0,0,0,0	0
4	367	CERTIFIED_DEFICIT	1400	1	1	0	0,0,0,0,0,0,0,0,0,0,0,0,0	0
4	368	CERTIFIED_DEFICIT	1219	1	1	0	0,0,0,0,0,0,0,0,0,0,0,0,0	0
4	369	CERTIFIED_DEFICIT	1400	1	1	0	0,0,0,0,0,0,0,0,0,0,0,0,0	0
4	370	CERTIFIED_DEFICIT	1400	1	1	0	0,0,0,0,0,0,0,0,0,0,0,0,0	0
4	371	CERTIFIED_DEFICIT	1400	1	1	0	0,0,0,0,0,0,0,0,0,0,0,0,0	0
4	372	CERTIFIED_DEFICIT	1400	1	1	0	0,0,0,0,0,0,0,0,0,0,0,0,0	0
4	373	CERTIFIED_DEFICIT	1400	1	1	0	0,0,0,0,0,0,0,0,0,0,0,0,0	0
4	374	CERTIFIED_DEFICIT	1259	1	1	0	0,0,0,0,0,0,0,0,0,0,0,0,0	0
4	375	CERTIFIED_DEFICIT	1400	1	1	0	0,0,0,0,0,0,0,0,0,0,0,0,0	0
4	376	CERTIFIED_DEFICIT	1400	1	1	0	0,0,0,0,0,0,0,0,0,0,0,0,0	0
4	377	CERTIFIED_DEFICIT	1400	1	1	0	0,0,0,0,0,0,0,0,0,0,0,0,0	0
4	378	CERTIFIED_DEFICIT	1400	1	1	0	0,0,0,0,0,0,0,0,0,0,0,0,0	0
4	379	CERTIFIED_DEFICIT	1400	1	1	0	0,0,0,0,0,0,0,0,0,0,0,0,0	0
4	380	CERTIFIED_DEFICIT	1400	1	1	0	0,0,0,0,0,0,0,0,0,0,0,0,0	0
4	381	CERTIFIED_DEFICIT	1400	1	1	0	0,0,0,0,0,0,0,0,0,0,0,0,0	0
4	382	CERTIFIED_DEFICIT	1400	1	1	0	0,0,0,0,0,0,0,0,0,0,0,0,0	0
4	383	CERTIFIED_DEFICIT	1241	1	1	0	0,0,0,0,0,0,0,0,0,0,0,0,0	0
4	384	CERTIFIED_DEFICIT	1400	1	1	0	0,0,0,0,0,0,0,0,0,0,0,0,0	0
4	385	CERTIFIED_DEFICIT	1400	1	1	0	0,0,0,0,0,0,0,0,0,0,0,0,0	0
4	386	CERTIFIED_DEFICIT	1303	1	1	0	0,0,0,0,0,0,0,0,0,0,0,0,0	0
4	387	CERTIFIED_DEFICIT	1400	1	1	0	0,0,0,0,0,0,0,0,0,0,0,0,0	0
4	388	CERTIFIED_DEFICIT	1400	1	1	0	0,0,0,0,0,0,0,0,0,0,0,0,0	0
4	389	CERTIFIED_DEFICIT	1400	1	1	0	0,0,0,0,0,0,0,0,0,0,0,0,0	0
4	390	CERTIFIED_DEFICIT	1428,1554	1,1	2	1	0,0,0,0,0,0,0,0,0,0,1,0,0	24
4	391	CERTIFIED_DEFICIT	1428,1554	1,1	2	1	0,0,0,0,0,0,0,0,0,0,1,0,0	24
4	392	CERTIFIED_DEFICIT	1428,1554	1,1	2	1	0,0,0,0,0,0,0,0,0,0,1,0,0	24
4	393	CERTIFIED_DEFICIT	1428,1554	1,1	2	1	0,0,0,0,0,0,0,0,0,0,1,0,0	24
4	394	CERTIFIED_DEFICIT	1428,1554	1,1	2	1	0,0,0,0,0,0,0,0,0,0,1,0,0	24
4	395	CERTIFIED_DEFICIT	1428,1554	1,1	2	1	0,0,0,0,0,0,0,0,0,0,1,0,0	24
4	396	CERTIFIED_DEFICIT	1428,1554	1,1	2	1	0,0,0,0,0,0,0,0,0,0,1,0,0	24
4	397	CERTIFIED_DEFICIT	1428,1554	1,1	2	1	0,0,0,0,0,0,0,0,0,0,1,0,0	24
4	398	CERTIFIED_DEFICIT	1428,1554	1,1	2	1	0,0,0,0,0,0,0,0,0,0,1,0,0	24
4	399	CERTIFIED_DEFICIT	1428,1554	1,1	2	1	0,0,0,0,0,0,0,0,0,0,1,0,0	24
4	400	CERTIFIED_DEFICIT	1428,1554	1,1	2	1	0,0,0,0,0,0,0,0,0,0,1,0,0	24
4	401	CERTIFIED_DEFICIT	1299,1405	1,1	2	1	1,0,0,0,0,0,0,0,0,0,0,0,0	24
4	402	CERTIFIED_DEFICIT	1428,1554	1,1	2	1	0,0,0,0,0,0,0,0,0,0,1,0,0	24
4	403	CERTIFIED_DEFICIT	1428,1554	1,1	2	1	0,0,0,0,0,0,0,0,0,0,1,0,0	24
4	404	CERTIFIED_DEFICIT	1428,1554	1,1	2	1	0,0,0,0,0,0,0,0,0,0,1,0,0	24
4	405	CERTIFIED_DEFICIT	1428,1554	1,1	2	1	0,0,0,0,0,0,0,0,0,0,1,0,0	24
4	406	CERTIFIED_DEFICIT	1428,1554	1,1	2	1	0,0,0,0,0,0,0,0,0,0,1,0,0	24
4	407	CERTIFIED_DEFICIT	1428,1554	1,1	2	1	0,0,0,0,0,0,0,0,0,0,1,0,0	24
4	408	CERTIFIED_DEFICIT	1428,1554	1,1	2	1	0,0,0,0,0,0,0,0,0,0,1,0,0	24
4	409	CERTIFIED_DEFICIT	1428,1554	1,1	2	1	0,0,0,0,0,0,0,0,0,0,1,0,0	24
4	410	CERTIFIED_DEFICIT	1428,1554	1,1	2	1	0,0,0,0,0,0,0,0,0,0,1,0,0	24
4	411	CERTIFIED_DEFICIT	1428,1554	1,1	2	1	0,0,0,0,0,0,0,0,0,0,1,0,0	24
4	412	CERTIFIED_DEFICIT	1299,1405	1,1	2	1	0,1,0,0,0,0,0,0,0,0,0,0,0	24
4	413	CERTIFIED_DEFICIT	1428,1554	1,1	2	1	0,0,0,0,0,0,0,0,0,0,1,0,0	24
4	414	CERTIFIED_DEFICIT	1428,1554	1,1	2	1	0,0,0,0,0,0,0,0,0,0,1,0,0	24
4	415	CERTIFIED_DEFICIT	1428,1554	1,1	2	1	0,0,0,0,0,0,0,0,0,0,1,0,0	24
4	416	CERTIFIED_DEFICIT	1428,1554	1,1	2	1	0,0,0,0,0,0,0,0,0,0,1,0,0	24
4	417	CERTIFIED_DEFICIT	1428,1554	1,1	2	1	0,0,0,0,0,0,0,0,0,0,1,0,0	24
4	418	CERTIFIED_DEFICIT	1428,1554	1,1	2	1	0,0,0,0,0,0,0,0,0,0,1,0,0	24
4	419	CERTIFIED_DEFICIT	1428,1554	1,1	2	1	0,0,0,0,0,0,0,0,0,0,1,0,0	24
4	420	CERTIFIED_DEFICIT	1428,1554	1,1	2	1	0,0,0,0,0,0,0,0,0,0,1,0,0	24
4	421	CERTIFIED_DEFICIT	1428,1554	1,1	2	1	0,0,0,0,0,0,0,0,0,0,1,0,0	24
4	422	CERTIFIED_DEFICIT	1299,1387	1,1	2	1	0,0,1,0,0,0,0,0,0,0,0,0,0	24
4	423	CERTIFIED_DEFICIT	1428,1554	1,1	2	1	0,0,0,0,0,0,0,0,0,0,1,0,0	24
4	424	CERTIFIED_DEFICIT	1428,1554	1,1	2	1	0,0,0,0,0,0,0,0,0,0,1,0,0	24
4	425	CERTIFIED_DEFICIT	1428,1554	1,1	2	1	0,0,0,0,0,0,0,0,0,0,1,0,0	24
4	426	CERTIFIED_DEFICIT	1428,1554	1,1	2	1	0,0,0,0,0,0,0,0,0,0,1,0,0	24
4	427	CERTIFIED_DEFICIT	1428,1554	1,1	2	1	0,0,0,0,0,0,0,0,0,0,1,0,0	24
4	428	CERTIFIED_DEFICIT	1428,1554	1,1	2	1	0,0,0,0,0,0,0,0,0,0,1,0,0	24
4	429	CERTIFIED_DEFICIT	1428,1554	1,1	2	1	0,0,0,0,0,0,0,0,0,0,1,0,0	24
4	430	CERTIFIED_DEFICIT	1367,1425	1,1	2	1	0,0,0,0,0,0,0,0,0,0,0,0,1	24
4	431	CERTIFIED_DEFICIT	1240,1269	1,1	2	1	0,0,0,0,0,0,0,0,0,0,0,0,1	24
4	432	CERTIFIED_DEFICIT	1428,1554	1,1	2	1	0,0,0,0,0,0,0,0,0,0,1,0,0	24
4	433	CERTIFIED_DEFICIT	1428,1554	1,1	2	1	0,0,0,0,0,0,0,0,0,0,1,0,0	24
4	434	CERTIFIED_DEFICIT	1428,1554	1,1	2	1	0,0,0,0,0,0,0,0,0,0,1,0,0	24
4	435	CERTIFIED_DEFICIT	1428,1554	1,1	2	1	0,0,0,0,0,0,0,0,0,0,1,0,0	24
4	436	CERTIFIED_DEFICIT	1428,1554	1,1	2	1	0,0,0,0,0,0,0,0,0,0,1,0,0	24
4	437	CERTIFIED_DEFICIT	1428,1554	1,1	2	1	0,0,0,0,0,0,0,0,0,0,1,0,0	24
4	438	CERTIFIED_DEFICIT	1428,1554	1,1	2	1	0,0,0,0,0,0,0,0,0,0,1,0,0	24
4	439	CERTIFIED_DEFICIT	1258,1265	1,1	2	1	0,0,0,0,0,0,0,0,0,0,0,0,1	24
4	440	CERTIFIED_DEFICIT	1428,1554	1,1	2	1	0,0,0,0,0,0,0,0,0,0,1,0,0	24
4	441	CERTIFIED_DEFICIT	1428,1554	1,1	2	1	0,0,0,0,0,0,0,0,0,0,1,0,0	24
4	442	CERTIFIED_DEFICIT	1428,1554	1,1	2	1	0,0,0,0,0,0,0,0,0,0,1,0,0	24
4	443	CERTIFIED_DEFICIT	1428,1554	1,1	2	1	0,0,0,0,0,0,0,0,0,0,1,0,0	24
4	444	CERTIFIED_DEFICIT	1428,1554	1,1	2	1	0,0,0,0,0,0,0,0,0,0,1,0,0	24
4	445	CERTIFIED_DEFICIT	1428,1554	1,1	2	1	0,0,0,0,0,0,0,0,0,0,1,0,0	24
4	446	CERTIFIED_DEFICIT	1219	1	1	0	0,0,0,0,0,0,0,0,0,0,0,0,0	0
4	447	CERTIFIED_DEFICIT	1428,1554	1,1	2	1	0,0,0,0,0,0,0,0,0,0,1,0,0	24
4	448	CERTIFIED_DEFICIT	1428,1554	1,1	2	1	0,0,0,0,0,0,0,0,0,0,1,0,0	24
4	449	CERTIFIED_DEFICIT	1428,1554	1,1	2	1	0,0,0,0,0,0,0,0,0,0,1,0,0	24
4	450	CERTIFIED_DEFICIT	1428,1554	1,1	2	1	0,0,0,0,0,0,0,0,0,0,1,0,0	24
4	451	CERTIFIED_DEFICIT	1327,1465	1,1	2	1	0,0,0,0,0,0,0,0,0,0,0,0,1	24
4	452	CERTIFIED_DEFICIT	1259	1	1	0	0,0,0,0,0,0,0,0,0,0,0,0,0	0
4	453	CERTIFIED_DEFICIT	1428,1554	1,1	2	1	0,0,0,0,0,0,0,0,0,0,1,0,0	24
4	454	CERTIFIED_DEFICIT	1428,1554	1,1	2	1	0,0,0,0,0,0,0,0,0,0,1,0,0	24
4	455	CERTIFIED_DEFICIT	1428,1554	1,1	2	1	0,0,0,0,0,0,0,0,0,0,1,0,0	24
4	456	CERTIFIED_DEFICIT	1273,1671	1,1	2	1	0,0,0,0,0,0,0,0,0,0,0,0,1	24
4	457	CERTIFIED_DEFICIT	1235,1249	1,1	2	1	0,0,0,0,0,0,0,0,0,0,0,0,1	24
4	458	CERTIFIED_DEFICIT	1428,1554	1,1	2	1	0,0,0,0,0,0,0,0,0,0,1,0,0	24
4	459	CERTIFIED_DEFICIT	1428,1554	1,1	2	1	0,0,0,0,0,0,0,0,0,0,1,0,0	24
4	460	CERTIFIED_DEFICIT	1255,1537	1,1	2	1	0,0,0,0,0,0,0,0,0,0,0,0,1	24
4	461	CERTIFIED_DEFICIT	1241	1	1	0	0,0,0,0,0,0,0,0,0,0,0,0,0	0
4	462	CERTIFIED_DEFICIT	1428,1554	1,1	2	1	0,0,0,0,0,0,0,0,0,0,1,0,0	24
4	463	CERTIFIED_DEFICIT	1428,1554	1,1	2	1	0,0,0,0,0,0,0,0,0,0,1,0,0	24
4	464	CERTIFIED_DEFICIT	1303	1	1	0	0,0,0,0,0,0,0,0,0,0,0,0,0	0
4	465	CERTIFIED_DEFICIT	1428,1554	1,1	2	1	0,0,0,0,0,0,0,0,0,0,1,0,0	24
4	466	CERTIFIED_DEFICIT	1229,1243	1,1	2	1	0,0,0,0,0,0,0,0,0,0,0,0,1	24
4	467	CERTIFIED_DEFICIT	1233,1291	1,1	2	1	0,0,0,0,0,0,0,0,0,0,0,0,1	24
4	468	CERTIFIED_DEFICIT	1988	1	1	0	0,0,0,0,0,0,0,0,0,0,0,0,0	0
4	469	CERTIFIED_DEFICIT	1988	1	1	0	0,0,0,0,0,0,0,0,0,0,0,0,0	0
4	470	CERTIFIED_DEFICIT	1988	1	1	0	0,0,0,0,0,0,0,0,0,0,0,0,0	0
4	471	CERTIFIED_DEFICIT	1988	1	1	0	0,0,0,0,0,0,0,0,0,0,0,0,0	0
4	472	CERTIFIED_DEFICIT	1988	1	1	0	0,0,0,0,0,0,0,0,0,0,0,0,0	0
4	473	CERTIFIED_DEFICIT	1988	1	1	0	0,0,0,0,0,0,0,0,0,0,0,0,0	0
4	474	CERTIFIED_DEFICIT	1988	1	1	0	0,0,0,0,0,0,0,0,0,0,0,0,0	0
4	475	CERTIFIED_DEFICIT	1988	1	1	0	0,0,0,0,0,0,0,0,0,0,0,0,0	0
4	476	CERTIFIED_DEFICIT	1988	1	1	0	0,0,0,0,0,0,0,0,0,0,0,0,0	0
4	477	CERTIFIED_DEFICIT	1988	1	1	0	0,0,0,0,0,0,0,0,0,0,0,0,0	0
4	478	CERTIFIED_DEFICIT	1988	1	1	0	0,0,0,0,0,0,0,0,0,0,0,0,0	0
4	479	CERTIFIED_DEFICIT	1988	1	1	0	0,0,0,0,0,0,0,0,0,0,0,0,0	0
4	480	CERTIFIED_DEFICIT	1988	1	1	0	0,0,0,0,0,0,0,0,0,0,0,0,0	0
4	481	CERTIFIED_DEFICIT	1988	1	1	0	0,0,0,0,0,0,0,0,0,0,0,0,0	0
4	482	CERTIFIED_DEFICIT	1988	1	1	0	0,0,0,0,0,0,0,0,0,0,0,0,0	0
4	483	CERTIFIED_DEFICIT	1988	1	1	0	0,0,0,0,0,0,0,0,0,0,0,0,0	0
4	484	CERTIFIED_DEFICIT	1988	1	1	0	0,0,0,0,0,0,0,0,0,0,0,0,0	0
4	485	CERTIFIED_DEFICIT	1988	1	1	0	0,0,0,0,0,0,0,0,0,0,0,0,0	0
4	486	CERTIFIED_DEFICIT	1988	1	1	0	0,0,0,0,0,0,0,0,0,0,0,0,0	0
4	487	CERTIFIED_DEFICIT	1988	1	1	0	0,0,0,0,0,0,0,0,0,0,0,0,0	0
4	488	CERTIFIED_DEFICIT	1988	1	1	0	0,0,0,0,0,0,0,0,0,0,0,0,0	0
4	489	CERTIFIED_DEFICIT	1988	1	1	0	0,0,0,0,0,0,0,0,0,0,0,0,0	0
4	490	CERTIFIED_DEFICIT	1988	1	1	0	0,0,0,0,0,0,0,0,0,0,0,0,0	0
4	491	CERTIFIED_DEFICIT	1988	1	1	0	0,0,0,0,0,0,0,0,0,0,0,0,0	0
4	492	CERTIFIED_DEFICIT	1988	1	1	0	0,0,0,0,0,0,0,0,0,0,0,0,0	0
4	493	CERTIFIED_DEFICIT	1988	1	1	0	0,0,0,0,0,0,0,0,0,0,0,0,0	0
4	494	CERTIFIED_DEFICIT	1988	1	1	0	0,0,0,0,0,0,0,0,0,0,0,0,0	0
4	495	CERTIFIED_DEFICIT	1988	1	1	0	0,0,0,0,0,0,0,0,0,0,0,0,0	0
4	496	CERTIFIED_DEFICIT	1988	1	1	0	0,0,0,0,0,0,0,0,0,0,0,0,0	0
4	497	CERTIFIED_DEFICIT	1988	1	1	0	0,0,0,0,0,0,0,0,0,0,0,0,0	0
4	498	CERTIFIED_DEFICIT	1988	1	1	0	0,0,0,0,0,0,0,0,0,0,0,0,0	0
4	499	CERTIFIED_DEFICIT	1988	1	1	0	0,0,0,0,0,0,0,0,0,0,0,0,0	0
4	500	CERTIFIED_DEFICIT	1988	1	1	0	0,0,0,0,0,0,0,0,0,0,0,0,0	0
4	501	CERTIFIED_DEFICIT	1988	1	1	0	0,0,0,0,0,0,0,0,0,0,0,0,0	0
4	502	CERTIFIED_DEFICIT	1988	1	1	0	0,0,0,0,0,0,0,0,0,0,0,0,0	0
4	503	CERTIFIED_DEFICIT	1988	1	1	0	0,0,0,0,0,0,0,0,0,0,0,0,0	0
4	504	CERTIFIED_DEFICIT	1988	1	1	0	0,0,0,0,0,0,0,0,0,0,0,0,0	0
4	505	CERTIFIED_DEFICIT	1988	1	1	0	0,0,0,0,0,0,0,0,0,0,0,0,0	0
4	506	CERTIFIED_DEFICIT	1988	1	1	0	0,0,0,0,0,0,0,0,0,0,0,0,0	0
4	507	CERTIFIED_DEFICIT	1988	1	1	0	0,0,0,0,0,0,0,0,0,0,0,0,0	0
4	508	CERTIFIED_DEFICIT	1988	1	1	0	0,0,0,0,0,0,0,0,0,0,0,0,0	0
4	509	CERTIFIED_DEFICIT	1988	1	1	0	0,0,0,0,0,0,0,0,0,0,0,0,0	0
4	510	CERTIFIED_DEFICIT	1988	1	1	0	0,0,0,0,0,0,0,0,0,0,0,0,0	0
4	511	CERTIFIED_DEFICIT	1988	1	1	0	0,0,0,0,0,0,0,0,0,0,0,0,0	0
4	512	CERTIFIED_DEFICIT	1988	1	1	0	0,0,0,0,0,0,0,0,0,0,0,0,0	0
4	513	CERTIFIED_DEFICIT	1988	1	1	0	0,0,0,0,0,0,0,0,0,0,0,0,0	0
4	514	CERTIFIED_DEFICIT	1988	1	1	0	0,0,0,0,0,0,0,0,0,0,0,0,0	0
4	515	CERTIFIED_DEFICIT	1988	1	1	0	0,0,0,0,0,0,0,0,0,0,0,0,0	0
4	516	CERTIFIED_DEFICIT	1988	1	1	0	0,0,0,0,0,0,0,0,0,0,0,0,0	0
4	517	CERTIFIED_DEFICIT	1988	1	1	0	0,0,0,0,0,0,0,0,0,0,0,0,0	0
4	518	CERTIFIED_DEFICIT	1988	1	1	0	0,0,0,0,0,0,0,0,0,0,0,0,0	0
4	519	CERTIFIED_DEFICIT	1988	1	1	0	0,0,0,0,0,0,0,0,0,0,0,0,0	0
4	520	CERTIFIED_DEFICIT	1988	1	1	0	0,0,0,0,0,0,0,0,0,0,0,0,0	0
4	521	CERTIFIED_DEFICIT	1988	1	1	0	0,0,0,0,0,0,0,0,0,0,0,0,0	0
4	522	CERTIFIED_DEFICIT	1988	1	1	0	0,0,0,0,0,0,0,0,0,0,0,0,0	0
4	523	CERTIFIED_DEFICIT	1988	1	1	0	0,0,0,0,0,0,0,0,0,0,0,0,0	0
4	524	CERTIFIED_DEFICIT	1219	1	1	0	0,0,0,0,0,0,0,0,0,0,0,0,0	0
4	525	CERTIFIED_DEFICIT	1988	1	1	0	0,0,0,0,0,0,0,0,0,0,0,0,0	0
4	526	CERTIFIED_DEFICIT	1988	1	1	0	0,0,0,0,0,0,0,0,0,0,0,0,0	0
4	527	CERTIFIED_DEFICIT	1988	1	1	0	0,0,0,0,0,0,0,0,0,0,0,0,0	0
4	528	CERTIFIED_DEFICIT	1988	1	1	0	0,0,0,0,0,0,0,0,0,0,0,0,0	0
4	529	CERTIFIED_DEFICIT	1988	1	1	0	0,0,0,0,0,0,0,0,0,0,0,0,0	0
4	530	CERTIFIED_DEFICIT	1259	1	1	0	0,0,0,0,0,0,0,0,0,0,0,0,0	0
4	531	CERTIFIED_DEFICIT	1988	1	1	0	0,0,0,0,0,0,0,0,0,0,0,0,0	0
4	532	CERTIFIED_DEFICIT	1988	1	1	0	0,0,0,0,0,0,0,0,0,0,0,0,0	0
4	533	CERTIFIED_DEFICIT	1988	1	1	0	0,0,0,0,0,0,0,0,0,0,0,0,0	0
4	534	CERTIFIED_DEFICIT	1988	1	1	0	0,0,0,0,0,0,0,0,0,0,0,0,0	0
4	535	CERTIFIED_DEFICIT	1988	1	1	0	0,0,0,0,0,0,0,0,0,0,0,0,0	0
4	536	CERTIFIED_DEFICIT	1988	1	1	0	0,0,0,0,0,0,0,0,0,0,0,0,0	0
4	537	CERTIFIED_DEFICIT	1988	1	1	0	0,0,0,0,0,0,0,0,0,0,0,0,0	0
4	538	CERTIFIED_DEFICIT	1988	1	1	0	0,0,0,0,0,0,0,0,0,0,0,0,0	0
4	539	CERTIFIED_DEFICIT	1241	1	1	0	0,0,0,0,0,0,0,0,0,0,0,0,0	0
4	540	CERTIFIED_DEFICIT	1988	1	1	0	0,0,0,0,0,0,0,0,0,0,0,0,0	0
4	541	CERTIFIED_DEFICIT	1988	1	1	0	0,0,0,0,0,0,0,0,0,0,0,0,0	0
4	542	CERTIFIED_DEFICIT	1303	1	1	0	0,0,0,0,0,0,0,0,0,0,0,0,0	0
4	543	CERTIFIED_DEFICIT	1988	1	1	0	0,0,0,0,0,0,0,0,0,0,0,0,0	0
4	544	CERTIFIED_DEFICIT	1988	1	1	0	0,0,0,0,0,0,0,0,0,0,0,0,0	0
4	545	CERTIFIED_DEFICIT	1988	1	1	0	0,0,0,0,0,0,0,0,0,0,0,0,0	0
4	546	CERTIFIED_DEFICIT	1484	1	1	0	0,0,0,0,0,0,0,0,0,0,0,0,0	0
4	547	CERTIFIED_DEFICIT	1484	1	1	0	0,0,0,0,0,0,0,0,0,0,0,0,0	0
4	548	CERTIFIED_DEFICIT	1484	1	1	0	0,0,0,0,0,0,0,0,0,0,0,0,0	0
4	549	CERTIFIED_DEFICIT	1484	1	1	0	0,0,0,0,0,0,0,0,0,0,0,0,0	0
4	550	CERTIFIED_DEFICIT	1484	1	1	0	0,0,0,0,0,0,0,0,0,0,0,0,0	0
4	551	CERTIFIED_DEFICIT	1484	1	1	0	0,0,0,0,0,0,0,0,0,0,0,0,0	0
4	552	CERTIFIED_DEFICIT	1484	1	1	0	0,0,0,0,0,0,0,0,0,0,0,0,0	0
4	553	CERTIFIED_DEFICIT	1484	1	1	0	0,0,0,0,0,0,0,0,0,0,0,0,0	0
4	554	CERTIFIED_DEFICIT	1484	1	1	0	0,0,0,0,0,0,0,0,0,0,0,0,0	0
4	555	CERTIFIED_DEFICIT	1484	1	1	0	0,0,0,0,0,0,0,0,0,0,0,0,0	0
4	556	CERTIFIED_DEFICIT	1484	1	1	0	0,0,0,0,0,0,0,0,0,0,0,0,0	0
4	557	CERTIFIED_DEFICIT	1484	1	1	0	0,0,0,0,0,0,0,0,0,0,0,0,0	0
4	558	CERTIFIED_DEFICIT	1484	1	1	0	0,0,0,0,0,0,0,0,0,0,0,0,0	0
4	559	CERTIFIED_DEFICIT	1484	1	1	0	0,0,0,0,0,0,0,0,0,0,0,0,0	0
4	560	CERTIFIED_DEFICIT	1484	1	1	0	0,0,0,0,0,0,0,0,0,0,0,0,0	0
4	561	CERTIFIED_DEFICIT	1484	1	1	0	0,0,0,0,0,0,0,0,0,0,0,0,0	0
4	562	CERTIFIED_DEFICIT	1484	1	1	0	0,0,0,0,0,0,0,0,0,0,0,0,0	0
4	563	CERTIFIED_DEFICIT	1484	1	1	0	0,0,0,0,0,0,0,0,0,0,0,0,0	0
4	564	CERTIFIED_DEFICIT	1484	1	1	0	0,0,0,0,0,0,0,0,0,0,0,0,0	0
4	565	CERTIFIED_DEFICIT	1484	1	1	0	0,0,0,0,0,0,0,0,0,0,0,0,0	0
4	566	CERTIFIED_DEFICIT	1484	1	1	0	0,0,0,0,0,0,0,0,0,0,0,0,0	0
4	567	CERTIFIED_DEFICIT	1484	1	1	0	0,0,0,0,0,0,0,0,0,0,0,0,0	0
4	568	CERTIFIED_DEFICIT	1484	1	1	0	0,0,0,0,0,0,0,0,0,0,0,0,0	0
4	569	CERTIFIED_DEFICIT	1484	1	1	0	0,0,0,0,0,0,0,0,0,0,0,0,0	0
4	570	CERTIFIED_DEFICIT	1484	1	1	0	0,0,0,0,0,0,0,0,0,0,0,0,0	0
4	571	CERTIFIED_DEFICIT	1484	1	1	0	0,0,0,0,0,0,0,0,0,0,0,0,0	0
4	572	CERTIFIED_DEFICIT	1484	1	1	0	0,0,0,0,0,0,0,0,0,0,0,0,0	0
4	573	CERTIFIED_DEFICIT	1484	1	1	0	0,0,0,0,0,0,0,0,0,0,0,0,0	0
4	574	CERTIFIED_DEFICIT	1484	1	1	0	0,0,0,0,0,0,0,0,0,0,0,0,0	0
4	575	CERTIFIED_DEFICIT	1484	1	1	0	0,0,0,0,0,0,0,0,0,0,0,0,0	0
4	576	CERTIFIED_DEFICIT	1484	1	1	0	0,0,0,0,0,0,0,0,0,0,0,0,0	0
4	577	CERTIFIED_DEFICIT	1484	1	1	0	0,0,0,0,0,0,0,0,0,0,0,0,0	0
4	578	CERTIFIED_DEFICIT	1484	1	1	0	0,0,0,0,0,0,0,0,0,0,0,0,0	0
4	579	CERTIFIED_DEFICIT	1484	1	1	0	0,0,0,0,0,0,0,0,0,0,0,0,0	0
4	580	CERTIFIED_DEFICIT	1484	1	1	0	0,0,0,0,0,0,0,0,0,0,0,0,0	0
4	581	CERTIFIED_DEFICIT	1484	1	1	0	0,0,0,0,0,0,0,0,0,0,0,0,0	0
4	582	CERTIFIED_DEFICIT	1484	1	1	0	0,0,0,0,0,0,0,0,0,0,0,0,0	0
4	583	CERTIFIED_DEFICIT	1484	1	1	0	0,0,0,0,0,0,0,0,0,0,0,0,0	0
4	584	CERTIFIED_DEFICIT	1484	1	1	0	0,0,0,0,0,0,0,0,0,0,0,0,0	0
4	585	CERTIFIED_DEFICIT	1484	1	1	0	0,0,0,0,0,0,0,0,0,0,0,0,0	0
4	586	CERTIFIED_DEFICIT	1484	1	1	0	0,0,0,0,0,0,0,0,0,0,0,0,0	0
4	587	CERTIFIED_DEFICIT	1484	1	1	0	0,0,0,0,0,0,0,0,0,0,0,0,0	0
4	588	CERTIFIED_DEFICIT	1484	1	1	0	0,0,0,0,0,0,0,0,0,0,0,0,0	0
4	589	CERTIFIED_DEFICIT	1484	1	1	0	0,0,0,0,0,0,0,0,0,0,0,0,0	0
4	590	CERTIFIED_DEFICIT	1484	1	1	0	0,0,0,0,0,0,0,0,0,0,0,0,0	0
4	591	CERTIFIED_DEFICIT	1484	1	1	0	0,0,0,0,0,0,0,0,0,0,0,0,0	0
4	592	CERTIFIED_DEFICIT	1484	1	1	0	0,0,0,0,0,0,0,0,0,0,0,0,0	0
4	593	CERTIFIED_DEFICIT	1484	1	1	0	0,0,0,0,0,0,0,0,0,0,0,0,0	0
4	594	CERTIFIED_DEFICIT	1484	1	1	0	0,0,0,0,0,0,0,0,0,0,0,0,0	0
4	595	CERTIFIED_DEFICIT	1484	1	1	0	0,0,0,0,0,0,0,0,0,0,0,0,0	0
4	596	CERTIFIED_DEFICIT	1484	1	1	0	0,0,0,0,0,0,0,0,0,0,0,0,0	0
4	597	CERTIFIED_DEFICIT	1484	1	1	0	0,0,0,0,0,0,0,0,0,0,0,0,0	0
4	598	CERTIFIED_DEFICIT	1484	1	1	0	0,0,0,0,0,0,0,0,0,0,0,0,0	0
4	599	CERTIFIED_DEFICIT	1484	1	1	0	0,0,0,0,0,0,0,0,0,0,0,0,0	0
4	600	CERTIFIED_DEFICIT	1484	1	1	0	0,0,0,0,0,0,0,0,0,0,0,0,0	0
4	601	CERTIFIED_DEFICIT	1484	1	1	0	0,0,0,0,0,0,0,0,0,0,0,0,0	0
4	602	CERTIFIED_DEFICIT	1219	1	1	0	0,0,0,0,0,0,0,0,0,0,0,0,0	0
4	603	CERTIFIED_DEFICIT	1484	1	1	0	0,0,0,0,0,0,0,0,0,0,0,0,0	0
4	604	CERTIFIED_DEFICIT	1484	1	1	0	0,0,0,0,0,0,0,0,0,0,0,0,0	0
4	605	CERTIFIED_DEFICIT	1484	1	1	0	0,0,0,0,0,0,0,0,0,0,0,0,0	0
4	606	CERTIFIED_DEFICIT	1484	1	1	0	0,0,0,0,0,0,0,0,0,0,0,0,0	0
4	607	CERTIFIED_DEFICIT	1484	1	1	0	0,0,0,0,0,0,0,0,0,0,0,0,0	0
4	608	CERTIFIED_DEFICIT	1259	1	1	0	0,0,0,0,0,0,0,0,0,0,0,0,0	0
4	609	CERTIFIED_DEFICIT	1484	1	1	0	0,0,0,0,0,0,0,0,0,0,0,0,0	0
4	610	CERTIFIED_DEFICIT	1484	1	1	0	0,0,0,0,0,0,0,0,0,0,0,0,0	0
4	611	CERTIFIED_DEFICIT	1484	1	1	0	0,0,0,0,0,0,0,0,0,0,0,0,0	0
4	612	CERTIFIED_DEFICIT	1484	1	1	0	0,0,0,0,0,0,0,0,0,0,0,0,0	0
4	613	CERTIFIED_DEFICIT	1484	1	1	0	0,0,0,0,0,0,0,0,0,0,0,0,0	0
4	614	CERTIFIED_DEFICIT	1484	1	1	0	0,0,0,0,0,0,0,0,0,0,0,0,0	0
4	615	CERTIFIED_DEFICIT	1484	1	1	0	0,0,0,0,0,0,0,0,0,0,0,0,0	0
4	616	CERTIFIED_DEFICIT	1484	1	1	0	0,0,0,0,0,0,0,0,0,0,0,0,0	0
4	617	CERTIFIED_DEFICIT	1241	1	1	0	0,0,0,0,0,0,0,0,0,0,0,0,0	0
4	618	CERTIFIED_DEFICIT	1484	1	1	0	0,0,0,0,0,0,0,0,0,0,0,0,0	0
4	619	CERTIFIED_DEFICIT	1484	1	1	0	0,0,0,0,0,0,0,0,0,0,0,0,0	0
4	620	CERTIFIED_DEFICIT	1303	1	1	0	0,0,0,0,0,0,0,0,0,0,0,0,0	0
4	621	CERTIFIED_DEFICIT	1484	1	1	0	0,0,0,0,0,0,0,0,0,0,0,0,0	0
4	622	CERTIFIED_DEFICIT	1484	1	1	0	0,0,0,0,0,0,0,0,0,0,0,0,0	0
4	623	CERTIFIED_DEFICIT	1484	1	1	0	0,0,0,0,0,0,0,0,0,0,0,0,0	0
4	624	CERTIFIED_DEFICIT	2072	1	1	0	0,0,0,0,0,0,0,0,0,0,0,0,0	0
4	625	CERTIFIED_DEFICIT	2072	1	1	0	0,0,0,0,0,0,0,0,0,0,0,0,0	0
4	626	CERTIFIED_DEFICIT	2072	1	1	0	0,0,0,0,0,0,0,0,0,0,0,0,0	0
4	627	CERTIFIED_DEFICIT	2072	1	1	0	0,0,0,0,0,0,0,0,0,0,0,0,0	0
4	628	CERTIFIED_DEFICIT	2072	1	1	0	0,0,0,0,0,0,0,0,0,0,0,0,0	0
4	629	CERTIFIED_DEFICIT	2072	1	1	0	0,0,0,0,0,0,0,0,0,0,0,0,0	0
4	630	CERTIFIED_DEFICIT	2072	1	1	0	0,0,0,0,0,0,0,0,0,0,0,0,0	0
4	631	CERTIFIED_DEFICIT	2072	1	1	0	0,0,0,0,0,0,0,0,0,0,0,0,0	0
4	632	CERTIFIED_DEFICIT	2072	1	1	0	0,0,0,0,0,0,0,0,0,0,0,0,0	0
4	633	CERTIFIED_DEFICIT	2072	1	1	0	0,0,0,0,0,0,0,0,0,0,0,0,0	0
4	634	CERTIFIED_DEFICIT	2072	1	1	0	0,0,0,0,0,0,0,0,0,0,0,0,0	0
4	635	CERTIFIED_DEFICIT	2072	1	1	0	0,0,0,0,0,0,0,0,0,0,0,0,0	0
4	636	CERTIFIED_DEFICIT	2072	1	1	0	0,0,0,0,0,0,0,0,0,0,0,0,0	0
4	637	CERTIFIED_DEFICIT	2072	1	1	0	0,0,0,0,0,0,0,0,0,0,0,0,0	0
4	638	CERTIFIED_DEFICIT	2072	1	1	0	0,0,0,0,0,0,0,0,0,0,0,0,0	0
4	639	CERTIFIED_DEFICIT	2072	1	1	0	0,0,0,0,0,0,0,0,0,0,0,0,0	0
4	640	CERTIFIED_DEFICIT	2072	1	1	0	0,0,0,0,0,0,0,0,0,0,0,0,0	0
4	641	CERTIFIED_DEFICIT	2072	1	1	0	0,0,0,0,0,0,0,0,0,0,0,0,0	0
4	642	CERTIFIED_DEFICIT	2072	1	1	0	0,0,0,0,0,0,0,0,0,0,0,0,0	0
4	643	CERTIFIED_DEFICIT	2072	1	1	0	0,0,0,0,0,0,0,0,0,0,0,0,0	0
4	644	CERTIFIED_DEFICIT	2072	1	1	0	0,0,0,0,0,0,0,0,0,0,0,0,0	0
4	645	CERTIFIED_DEFICIT	2072	1	1	0	0,0,0,0,0,0,0,0,0,0,0,0,0	0
4	646	CERTIFIED_DEFICIT	2072	1	1	0	0,0,0,0,0,0,0,0,0,0,0,0,0	0
4	647	CERTIFIED_DEFICIT	2072	1	1	0	0,0,0,0,0,0,0,0,0,0,0,0,0	0
4	648	CERTIFIED_DEFICIT	2072	1	1	0	0,0,0,0,0,0,0,0,0,0,0,0,0	0
4	649	CERTIFIED_DEFICIT	2072	1	1	0	0,0,0,0,0,0,0,0,0,0,0,0,0	0
4	650	CERTIFIED_DEFICIT	2072	1	1	0	0,0,0,0,0,0,0,0,0,0,0,0,0	0
4	651	CERTIFIED_DEFICIT	2072	1	1	0	0,0,0,0,0,0,0,0,0,0,0,0,0	0
4	652	CERTIFIED_DEFICIT	2072	1	1	0	0,0,0,0,0,0,0,0,0,0,0,0,0	0
4	653	CERTIFIED_DEFICIT	2072	1	1	0	0,0,0,0,0,0,0,0,0,0,0,0,0	0
4	654	CERTIFIED_DEFICIT	2072	1	1	0	0,0,0,0,0,0,0,0,0,0,0,0,0	0
4	655	CERTIFIED_DEFICIT	2072	1	1	0	0,0,0,0,0,0,0,0,0,0,0,0,0	0
4	656	CERTIFIED_DEFICIT	2072	1	1	0	0,0,0,0,0,0,0,0,0,0,0,0,0	0
4	657	CERTIFIED_DEFICIT	2072	1	1	0	0,0,0,0,0,0,0,0,0,0,0,0,0	0
4	658	CERTIFIED_DEFICIT	2072	1	1	0	0,0,0,0,0,0,0,0,0,0,0,0,0	0
4	659	CERTIFIED_DEFICIT	2072	1	1	0	0,0,0,0,0,0,0,0,0,0,0,0,0	0
4	660	CERTIFIED_DEFICIT	2072	1	1	0	0,0,0,0,0,0,0,0,0,0,0,0,0	0
4	661	CERTIFIED_DEFICIT	2072	1	1	0	0,0,0,0,0,0,0,0,0,0,0,0,0	0
4	662	CERTIFIED_DEFICIT	2072	1	1	0	0,0,0,0,0,0,0,0,0,0,0,0,0	0
4	663	CERTIFIED_DEFICIT	2072	1	1	0	0,0,0,0,0,0,0,0,0,0,0,0,0	0
4	664	CERTIFIED_DEFICIT	2072	1	1	0	0,0,0,0,0,0,0,0,0,0,0,0,0	0
4	665	CERTIFIED_DEFICIT	2072	1	1	0	0,0,0,0,0,0,0,0,0,0,0,0,0	0
4	666	CERTIFIED_DEFICIT	2072	1	1	0	0,0,0,0,0,0,0,0,0,0,0,0,0	0
4	667	CERTIFIED_DEFICIT	2072	1	1	0	0,0,0,0,0,0,0,0,0,0,0,0,0	0
4	668	CERTIFIED_DEFICIT	2072	1	1	0	0,0,0,0,0,0,0,0,0,0,0,0,0	0
4	669	CERTIFIED_DEFICIT	2072	1	1	0	0,0,0,0,0,0,0,0,0,0,0,0,0	0
4	670	CERTIFIED_DEFICIT	2072	1	1	0	0,0,0,0,0,0,0,0,0,0,0,0,0	0
4	671	CERTIFIED_DEFICIT	2072	1	1	0	0,0,0,0,0,0,0,0,0,0,0,0,0	0
4	672	CERTIFIED_DEFICIT	2072	1	1	0	0,0,0,0,0,0,0,0,0,0,0,0,0	0
4	673	CERTIFIED_DEFICIT	2072	1	1	0	0,0,0,0,0,0,0,0,0,0,0,0,0	0
4	674	CERTIFIED_DEFICIT	2072	1	1	0	0,0,0,0,0,0,0,0,0,0,0,0,0	0
4	675	CERTIFIED_DEFICIT	2072	1	1	0	0,0,0,0,0,0,0,0,0,0,0,0,0	0
4	676	CERTIFIED_DEFICIT	2072	1	1	0	0,0,0,0,0,0,0,0,0,0,0,0,0	0
4	677	CERTIFIED_DEFICIT	2072	1	1	0	0,0,0,0,0,0,0,0,0,0,0,0,0	0
4	678	CERTIFIED_DEFICIT	2072	1	1	0	0,0,0,0,0,0,0,0,0,0,0,0,0	0
4	679	CERTIFIED_DEFICIT	2072	1	1	0	0,0,0,0,0,0,0,0,0,0,0,0,0	0
4	680	CERTIFIED_DEFICIT	1219	1	1	0	0,0,0,0,0,0,0,0,0,0,0,0,0	0
4	681	CERTIFIED_DEFICIT	2072	1	1	0	0,0,0,0,0,0,0,0,0,0,0,0,0	0
4	682	CERTIFIED_DEFICIT	2072	1	1	0	0,0,0,0,0,0,0,0,0,0,0,0,0	0
4	683	CERTIFIED_DEFICIT	2072	1	1	0	0,0,0,0,0,0,0,0,0,0,0,0,0	0
4	684	CERTIFIED_DEFICIT	2072	1	1	0	0,0,0,0,0,0,0,0,0,0,0,0,0	0
4	685	CERTIFIED_DEFICIT	2072	1	1	0	0,0,0,0,0,0,0,0,0,0,0,0,0	0
4	686	CERTIFIED_DEFICIT	1259	1	1	0	0,0,0,0,0,0,0,0,0,0,0,0,0	0
4	687	CERTIFIED_DEFICIT	2072	1	1	0	0,0,0,0,0,0,0,0,0,0,0,0,0	0
4	688	CERTIFIED_DEFICIT	2072	1	1	0	0,0,0,0,0,0,0,0,0,0,0,0,0	0
4	689	CERTIFIED_DEFICIT	2072	1	1	0	0,0,0,0,0,0,0,0,0,0,0,0,0	0
4	690	CERTIFIED_DEFICIT	2072	1	1	0	0,0,0,0,0,0,0,0,0,0,0,0,0	0
4	691	CERTIFIED_DEFICIT	2072	1	1	0	0,0,0,0,0,0,0,0,0,0,0,0,0	0
4	692	CERTIFIED_DEFICIT	2072	1	1	0	0,0,0,0,0,0,0,0,0,0,0,0,0	0
4	693	CERTIFIED_DEFICIT	2072	1	1	0	0,0,0,0,0,0,0,0,0,0,0,0,0	0
4	694	CERTIFIED_DEFICIT	2072	1	1	0	0,0,0,0,0,0,0,0,0,0,0,0,0	0
4	695	CERTIFIED_DEFICIT	1241	1	1	0	0,0,0,0,0,0,0,0,0,0,0,0,0	0
4	696	CERTIFIED_DEFICIT	2072	1	1	0	0,0,0,0,0,0,0,0,0,0,0,0,0	0
4	697	CERTIFIED_DEFICIT	2072	1	1	0	0,0,0,0,0,0,0,0,0,0,0,0,0	0
4	698	CERTIFIED_DEFICIT	1303	1	1	0	0,0,0,0,0,0,0,0,0,0,0,0,0	0
4	699	CERTIFIED_DEFICIT	2072	1	1	0	0,0,0,0,0,0,0,0,0,0,0,0,0	0
4	700	CERTIFIED_DEFICIT	2072	1	1	0	0,0,0,0,0,0,0,0,0,0,0,0,0	0
4	701	CERTIFIED_DEFICIT	2072	1	1	0	0,0,0,0,0,0,0,0,0,0,0,0,0	0
4	702	CERTIFIED_DEFICIT	1428	1	1	0	0,0,0,0,0,0,0,0,0,0,0,0,0	0
4	703	CERTIFIED_DEFICIT	1428	1	1	0	0,0,0,0,0,0,0,0,0,0,0,0,0	0
4	704	CERTIFIED_DEFICIT	1428	1	1	0	0,0,0,0,0,0,0,0,0,0,0,0,0	0
4	705	CERTIFIED_DEFICIT	1428	1	1	0	0,0,0,0,0,0,0,0,0,0,0,0,0	0
4	706	CERTIFIED_DEFICIT	1428	1	1	0	0,0,0,0,0,0,0,0,0,0,0,0,0	0
4	707	CERTIFIED_DEFICIT	1428	1	1	0	0,0,0,0,0,0,0,0,0,0,0,0,0	0
4	708	CERTIFIED_DEFICIT	1428	1	1	0	0,0,0,0,0,0,0,0,0,0,0,0,0	0
4	709	CERTIFIED_DEFICIT	1428	1	1	0	0,0,0,0,0,0,0,0,0,0,0,0,0	0
4	710	CERTIFIED_DEFICIT	1428	1	1	0	0,0,0,0,0,0,0,0,0,0,0,0,0	0
4	711	CERTIFIED_DEFICIT	1428	1	1	0	0,0,0,0,0,0,0,0,0,0,0,0,0	0
4	712	CERTIFIED_DEFICIT	1428	1	1	0	0,0,0,0,0,0,0,0,0,0,0,0,0	0
4	713	CERTIFIED_DEFICIT	1428	1	1	0	0,0,0,0,0,0,0,0,0,0,0,0,0	0
4	714	CERTIFIED_DEFICIT	1428	1	1	0	0,0,0,0,0,0,0,0,0,0,0,0,0	0
4	715	CERTIFIED_DEFICIT	1428	1	1	0	0,0,0,0,0,0,0,0,0,0,0,0,0	0
4	716	CERTIFIED_DEFICIT	1428	1	1	0	0,0,0,0,0,0,0,0,0,0,0,0,0	0
4	717	CERTIFIED_DEFICIT	1428	1	1	0	0,0,0,0,0,0,0,0,0,0,0,0,0	0
4	718	CERTIFIED_DEFICIT	1428	1	1	0	0,0,0,0,0,0,0,0,0,0,0,0,0	0
4	719	CERTIFIED_DEFICIT	1428	1	1	0	0,0,0,0,0,0,0,0,0,0,0,0,0	0
4	720	CERTIFIED_DEFICIT	1428	1	1	0	0,0,0,0,0,0,0,0,0,0,0,0,0	0
4	721	CERTIFIED_DEFICIT	1428	1	1	0	0,0,0,0,0,0,0,0,0,0,0,0,0	0
4	722	CERTIFIED_DEFICIT	1428	1	1	0	0,0,0,0,0,0,0,0,0,0,0,0,0	0
4	723	CERTIFIED_DEFICIT	1428	1	1	0	0,0,0,0,0,0,0,0,0,0,0,0,0	0
4	724	CERTIFIED_DEFICIT	1428	1	1	0	0,0,0,0,0,0,0,0,0,0,0,0,0	0
4	725	CERTIFIED_DEFICIT	1428	1	1	0	0,0,0,0,0,0,0,0,0,0,0,0,0	0
4	726	CERTIFIED_DEFICIT	1428	1	1	0	0,0,0,0,0,0,0,0,0,0,0,0,0	0
4	727	CERTIFIED_DEFICIT	1428	1	1	0	0,0,0,0,0,0,0,0,0,0,0,0,0	0
4	728	CERTIFIED_DEFICIT	1428	1	1	0	0,0,0,0,0,0,0,0,0,0,0,0,0	0
4	729	CERTIFIED_DEFICIT	1428	1	1	0	0,0,0,0,0,0,0,0,0,0,0,0,0	0
4	730	CERTIFIED_DEFICIT	1428	1	1	0	0,0,0,0,0,0,0,0,0,0,0,0,0	0
4	731	CERTIFIED_DEFICIT	1428	1	1	0	0,0,0,0,0,0,0,0,0,0,0,0,0	0
4	732	CERTIFIED_DEFICIT	1428	1	1	0	0,0,0,0,0,0,0,0,0,0,0,0,0	0
4	733	CERTIFIED_DEFICIT	1428	1	1	0	0,0,0,0,0,0,0,0,0,0,0,0,0	0
4	734	CERTIFIED_DEFICIT	1428	1	1	0	0,0,0,0,0,0,0,0,0,0,0,0,0	0
4	735	CERTIFIED_DEFICIT	1428	1	1	0	0,0,0,0,0,0,0,0,0,0,0,0,0	0
4	736	CERTIFIED_DEFICIT	1428	1	1	0	0,0,0,0,0,0,0,0,0,0,0,0,0	0
4	737	CERTIFIED_DEFICIT	1428	1	1	0	0,0,0,0,0,0,0,0,0,0,0,0,0	0
4	738	CERTIFIED_DEFICIT	1428	1	1	0	0,0,0,0,0,0,0,0,0,0,0,0,0	0
4	739	CERTIFIED_DEFICIT	1428	1	1	0	0,0,0,0,0,0,0,0,0,0,0,0,0	0
4	740	CERTIFIED_DEFICIT	1428	1	1	0	0,0,0,0,0,0,0,0,0,0,0,0,0	0
4	741	CERTIFIED_DEFICIT	1428	1	1	0	0,0,0,0,0,0,0,0,0,0,0,0,0	0
4	742	CERTIFIED_DEFICIT	1428	1	1	0	0,0,0,0,0,0,0,0,0,0,0,0,0	0
4	743	CERTIFIED_DEFICIT	1428	1	1	0	0,0,0,0,0,0,0,0,0,0,0,0,0	0
4	744	CERTIFIED_DEFICIT	1428	1	1	0	0,0,0,0,0,0,0,0,0,0,0,0,0	0
4	745	CERTIFIED_DEFICIT	1428	1	1	0	0,0,0,0,0,0,0,0,0,0,0,0,0	0
4	746	CERTIFIED_DEFICIT	1428	1	1	0	0,0,0,0,0,0,0,0,0,0,0,0,0	0
4	747	CERTIFIED_DEFICIT	1428	1	1	0	0,0,0,0,0,0,0,0,0,0,0,0,0	0
4	748	CERTIFIED_DEFICIT	1428	1	1	0	0,0,0,0,0,0,0,0,0,0,0,0,0	0
4	749	CERTIFIED_DEFICIT	1428	1	1	0	0,0,0,0,0,0,0,0,0,0,0,0,0	0
4	750	CERTIFIED_DEFICIT	1428	1	1	0	0,0,0,0,0,0,0,0,0,0,0,0,0	0
4	751	CERTIFIED_DEFICIT	1428	1	1	0	0,0,0,0,0,0,0,0,0,0,0,0,0	0
4	752	CERTIFIED_DEFICIT	1428	1	1	0	0,0,0,0,0,0,0,0,0,0,0,0,0	0
4	753	CERTIFIED_DEFICIT	1428	1	1	0	0,0,0,0,0,0,0,0,0,0,0,0,0	0
4	754	CERTIFIED_DEFICIT	1428	1	1	0	0,0,0,0,0,0,0,0,0,0,0,0,0	0
4	755	CERTIFIED_DEFICIT	1428	1	1	0	0,0,0,0,0,0,0,0,0,0,0,0,0	0
4	756	CERTIFIED_DEFICIT	1428	1	1	0	0,0,0,0,0,0,0,0,0,0,0,0,0	0
4	757	CERTIFIED_DEFICIT	1428	1	1	0	0,0,0,0,0,0,0,0,0,0,0,0,0	0
4	758	CERTIFIED_DEFICIT	1219	1	1	0	0,0,0,0,0,0,0,0,0,0,0,0,0	0
4	759	CERTIFIED_DEFICIT	1428	1	1	0	0,0,0,0,0,0,0,0,0,0,0,0,0	0
4	760	CERTIFIED_DEFICIT	1428	1	1	0	0,0,0,0,0,0,0,0,0,0,0,0,0	0
4	761	CERTIFIED_DEFICIT	1428	1	1	0	0,0,0,0,0,0,0,0,0,0,0,0,0	0
4	762	CERTIFIED_DEFICIT	1428	1	1	0	0,0,0,0,0,0,0,0,0,0,0,0,0	0
4	763	CERTIFIED_DEFICIT	1428	1	1	0	0,0,0,0,0,0,0,0,0,0,0,0,0	0
4	764	CERTIFIED_DEFICIT	1259	1	1	0	0,0,0,0,0,0,0,0,0,0,0,0,0	0
4	765	CERTIFIED_DEFICIT	1428	1	1	0	0,0,0,0,0,0,0,0,0,0,0,0,0	0
4	766	CERTIFIED_DEFICIT	1428	1	1	0	0,0,0,0,0,0,0,0,0,0,0,0,0	0
4	767	CERTIFIED_DEFICIT	1428	1	1	0	0,0,0,0,0,0,0,0,0,0,0,0,0	0
4	768	CERTIFIED_DEFICIT	1428	1	1	0	0,0,0,0,0,0,0,0,0,0,0,0,0	0
4	769	CERTIFIED_DEFICIT	1428	1	1	0	0,0,0,0,0,0,0,0,0,0,0,0,0	0
4	770	CERTIFIED_DEFICIT	1428	1	1	0	0,0,0,0,0,0,0,0,0,0,0,0,0	0
4	771	CERTIFIED_DEFICIT	1428	1	1	0	0,0,0,0,0,0,0,0,0,0,0,0,0	0
4	772	CERTIFIED_DEFICIT	1428	1	1	0	0,0,0,0,0,0,0,0,0,0,0,0,0	0
4	773	CERTIFIED_DEFICIT	1241	1	1	0	0,0,0,0,0,0,0,0,0,0,0,0,0	0
4	774	CERTIFIED_DEFICIT	1428	1	1	0	0,0,0,0,0,0,0,0,0,0,0,0,0	0
4	775	CERTIFIED_DEFICIT	1428	1	1	0	0,0,0,0,0,0,0,0,0,0,0,0,0	0
4	776	CERTIFIED_DEFICIT	1303	1	1	0	0,0,0,0,0,0,0,0,0,0,0,0,0	0
4	777	CERTIFIED_DEFICIT	1428	1	1	0	0,0,0,0,0,0,0,0,0,0,0,0,0	0
4	778	CERTIFIED_DEFICIT	1428	1	1	0	0,0,0,0,0,0,0,0,0,0,0,0,0	0
4	779	CERTIFIED_DEFICIT	1428	1	1	0	0,0,0,0,0,0,0,0,0,0,0,0,0	0
4	780	CERTIFIED_DEFICIT	1512	1	1	0	0,0,0,0,0,0,0,0,0,0,0,0,0	0
4	781	CERTIFIED_DEFICIT	1512	1	1	0	0,0,0,0,0,0,0,0,0,0,0,0,0	0
4	782	CERTIFIED_DEFICIT	1512	1	1	0	0,0,0,0,0,0,0,0,0,0,0,0,0	0
4	783	CERTIFIED_DEFICIT	1512	1	1	0	0,0,0,0,0,0,0,0,0,0,0,0,0	0
4	784	CERTIFIED_DEFICIT	1512	1	1	0	0,0,0,0,0,0,0,0,0,0,0,0,0	0
4	785	CERTIFIED_DEFICIT	1512	1	1	0	0,0,0,0,0,0,0,0,0,0,0,0,0	0
4	786	CERTIFIED_DEFICIT	1512	1	1	0	0,0,0,0,0,0,0,0,0,0,0,0,0	0
4	787	CERTIFIED_DEFICIT	1512	1	1	0	0,0,0,0,0,0,0,0,0,0,0,0,0	0
4	788	CERTIFIED_DEFICIT	1512	1	1	0	0,0,0,0,0,0,0,0,0,0,0,0,0	0
4	789	CERTIFIED_DEFICIT	1512	1	1	0	0,0,0,0,0,0,0,0,0,0,0,0,0	0
4	790	CERTIFIED_DEFICIT	1512	1	1	0	0,0,0,0,0,0,0,0,0,0,0,0,0	0
4	791	CERTIFIED_DEFICIT	1512	1	1	0	0,0,0,0,0,0,0,0,0,0,0,0,0	0
4	792	CERTIFIED_DEFICIT	1512	1	1	0	0,0,0,0,0,0,0,0,0,0,0,0,0	0
4	793	CERTIFIED_DEFICIT	1512	1	1	0	0,0,0,0,0,0,0,0,0,0,0,0,0	0
4	794	CERTIFIED_DEFICIT	1512	1	1	0	0,0,0,0,0,0,0,0,0,0,0,0,0	0
4	795	CERTIFIED_DEFICIT	1512	1	1	0	0,0,0,0,0,0,0,0,0,0,0,0,0	0
4	796	CERTIFIED_DEFICIT	1512	1	1	0	0,0,0,0,0,0,0,0,0,0,0,0,0	0
4	797	CERTIFIED_DEFICIT	1512	1	1	0	0,0,0,0,0,0,0,0,0,0,0,0,0	0
4	798	CERTIFIED_DEFICIT	1512	1	1	0	0,0,0,0,0,0,0,0,0,0,0,0,0	0
4	799	CERTIFIED_DEFICIT	1512	1	1	0	0,0,0,0,0,0,0,0,0,0,0,0,0	0
4	800	CERTIFIED_DEFICIT	1512	1	1	0	0,0,0,0,0,0,0,0,0,0,0,0,0	0
4	801	CERTIFIED_DEFICIT	1512	1	1	0	0,0,0,0,0,0,0,0,0,0,0,0,0	0
4	802	CERTIFIED_DEFICIT	1512	1	1	0	0,0,0,0,0,0,0,0,0,0,0,0,0	0
4	803	CERTIFIED_DEFICIT	1512	1	1	0	0,0,0,0,0,0,0,0,0,0,0,0,0	0
4	804	CERTIFIED_DEFICIT	1512	1	1	0	0,0,0,0,0,0,0,0,0,0,0,0,0	0
4	805	CERTIFIED_DEFICIT	1512	1	1	0	0,0,0,0,0,0,0,0,0,0,0,0,0	0
4	806	CERTIFIED_DEFICIT	1512	1	1	0	0,0,0,0,0,0,0,0,0,0,0,0,0	0
4	807	CERTIFIED_DEFICIT	1512	1	1	0	0,0,0,0,0,0,0,0,0,0,0,0,0	0
4	808	CERTIFIED_DEFICIT	1512	1	1	0	0,0,0,0,0,0,0,0,0,0,0,0,0	0
4	809	CERTIFIED_DEFICIT	1512	1	1	0	0,0,0,0,0,0,0,0,0,0,0,0,0	0
4	810	CERTIFIED_DEFICIT	1512	1	1	0	0,0,0,0,0,0,0,0,0,0,0,0,0	0
4	811	CERTIFIED_DEFICIT	1512	1	1	0	0,0,0,0,0,0,0,0,0,0,0,0,0	0
4	812	CERTIFIED_DEFICIT	1512	1	1	0	0,0,0,0,0,0,0,0,0,0,0,0,0	0
4	813	CERTIFIED_DEFICIT	1512	1	1	0	0,0,0,0,0,0,0,0,0,0,0,0,0	0
4	814	CERTIFIED_DEFICIT	1512	1	1	0	0,0,0,0,0,0,0,0,0,0,0,0,0	0
4	815	CERTIFIED_DEFICIT	1512	1	1	0	0,0,0,0,0,0,0,0,0,0,0,0,0	0
4	816	CERTIFIED_DEFICIT	1512	1	1	0	0,0,0,0,0,0,0,0,0,0,0,0,0	0
4	817	CERTIFIED_DEFICIT	1512	1	1	0	0,0,0,0,0,0,0,0,0,0,0,0,0	0
4	818	CERTIFIED_DEFICIT	1512	1	1	0	0,0,0,0,0,0,0,0,0,0,0,0,0	0
4	819	CERTIFIED_DEFICIT	1512	1	1	0	0,0,0,0,0,0,0,0,0,0,0,0,0	0
4	820	CERTIFIED_DEFICIT	1512	1	1	0	0,0,0,0,0,0,0,0,0,0,0,0,0	0
4	821	CERTIFIED_DEFICIT	1512	1	1	0	0,0,0,0,0,0,0,0,0,0,0,0,0	0
4	822	CERTIFIED_DEFICIT	1512	1	1	0	0,0,0,0,0,0,0,0,0,0,0,0,0	0
4	823	CERTIFIED_DEFICIT	1512	1	1	0	0,0,0,0,0,0,0,0,0,0,0,0,0	0
4	824	CERTIFIED_DEFICIT	1512	1	1	0	0,0,0,0,0,0,0,0,0,0,0,0,0	0
4	825	CERTIFIED_DEFICIT	1512	1	1	0	0,0,0,0,0,0,0,0,0,0,0,0,0	0
4	826	CERTIFIED_DEFICIT	1512	1	1	0	0,0,0,0,0,0,0,0,0,0,0,0,0	0
4	827	CERTIFIED_DEFICIT	1512	1	1	0	0,0,0,0,0,0,0,0,0,0,0,0,0	0
4	828	CERTIFIED_DEFICIT	1512	1	1	0	0,0,0,0,0,0,0,0,0,0,0,0,0	0
4	829	CERTIFIED_DEFICIT	1512	1	1	0	0,0,0,0,0,0,0,0,0,0,0,0,0	0
4	830	CERTIFIED_DEFICIT	1512	1	1	0	0,0,0,0,0,0,0,0,0,0,0,0,0	0
4	831	CERTIFIED_DEFICIT	1512	1	1	0	0,0,0,0,0,0,0,0,0,0,0,0,0	0
4	832	CERTIFIED_DEFICIT	1512	1	1	0	0,0,0,0,0,0,0,0,0,0,0,0,0	0
4	833	CERTIFIED_DEFICIT	1512	1	1	0	0,0,0,0,0,0,0,0,0,0,0,0,0	0
4	834	CERTIFIED_DEFICIT	1512	1	1	0	0,0,0,0,0,0,0,0,0,0,0,0,0	0
4	835	CERTIFIED_DEFICIT	1512	1	1	0	0,0,0,0,0,0,0,0,0,0,0,0,0	0
4	836	CERTIFIED_DEFICIT	1219	1	1	0	0,0,0,0,0,0,0,0,0,0,0,0,0	0
4	837	CERTIFIED_DEFICIT	1512	1	1	0	0,0,0,0,0,0,0,0,0,0,0,0,0	0
4	838	CERTIFIED_DEFICIT	1512	1	1	0	0,0,0,0,0,0,0,0,0,0,0,0,0	0
4	839	CERTIFIED_DEFICIT	1512	1	1	0	0,0,0,0,0,0,0,0,0,0,0,0,0	0
4	840	CERTIFIED_DEFICIT	1512	1	1	0	0,0,0,0,0,0,0,0,0,0,0,0,0	0
4	841	CERTIFIED_DEFICIT	1512	1	1	0	0,0,0,0,0,0,0,0,0,0,0,0,0	0
4	842	CERTIFIED_DEFICIT	1259	1	1	0	0,0,0,0,0,0,0,0,0,0,0,0,0	0
4	843	CERTIFIED_DEFICIT	1512	1	1	0	0,0,0,0,0,0,0,0,0,0,0,0,0	0
4	844	CERTIFIED_DEFICIT	1512	1	1	0	0,0,0,0,0,0,0,0,0,0,0,0,0	0
4	845	CERTIFIED_DEFICIT	1512	1	1	0	0,0,0,0,0,0,0,0,0,0,0,0,0	0
4	846	CERTIFIED_DEFICIT	1512	1	1	0	0,0,0,0,0,0,0,0,0,0,0,0,0	0
4	847	CERTIFIED_DEFICIT	1512	1	1	0	0,0,0,0,0,0,0,0,0,0,0,0,0	0
4	848	CERTIFIED_DEFICIT	1512	1	1	0	0,0,0,0,0,0,0,0,0,0,0,0,0	0
4	849	CERTIFIED_DEFICIT	1512	1	1	0	0,0,0,0,0,0,0,0,0,0,0,0,0	0
4	850	CERTIFIED_DEFICIT	1512	1	1	0	0,0,0,0,0,0,0,0,0,0,0,0,0	0
4	851	CERTIFIED_DEFICIT	1241	1	1	0	0,0,0,0,0,0,0,0,0,0,0,0,0	0
4	852	CERTIFIED_DEFICIT	1512	1	1	0	0,0,0,0,0,0,0,0,0,0,0,0,0	0
4	853	CERTIFIED_DEFICIT	1512	1	1	0	0,0,0,0,0,0,0,0,0,0,0,0,0	0
4	854	CERTIFIED_DEFICIT	1303	1	1	0	0,0,0,0,0,0,0,0,0,0,0,0,0	0
4	855	CERTIFIED_DEFICIT	1512	1	1	0	0,0,0,0,0,0,0,0,0,0,0,0,0	0
4	856	CERTIFIED_DEFICIT	1512	1	1	0	0,0,0,0,0,0,0,0,0,0,0,0,0	0
4	857	CERTIFIED_DEFICIT	1512	1	1	0	0,0,0,0,0,0,0,0,0,0,0,0,0	0
4	858	CERTIFIED_DEFICIT	1498	1	1	0	0,0,0,0,0,0,0,0,0,0,0,0,0	0
4	859	CERTIFIED_DEFICIT	1498	1	1	0	0,0,0,0,0,0,0,0,0,0,0,0,0	0
4	860	CERTIFIED_DEFICIT	1498	1	1	0	0,0,0,0,0,0,0,0,0,0,0,0,0	0
4	861	CERTIFIED_DEFICIT	1498	1	1	0	0,0,0,0,0,0,0,0,0,0,0,0,0	0
4	862	CERTIFIED_DEFICIT	1498	1	1	0	0,0,0,0,0,0,0,0,0,0,0,0,0	0
4	863	CERTIFIED_DEFICIT	1498	1	1	0	0,0,0,0,0,0,0,0,0,0,0,0,0	0
4	864	CERTIFIED_DEFICIT	1498	1	1	0	0,0,0,0,0,0,0,0,0,0,0,0,0	0
4	865	CERTIFIED_DEFICIT	1498	1	1	0	0,0,0,0,0,0,0,0,0,0,0,0,0	0
4	866	CERTIFIED_DEFICIT	1498	1	1	0	0,0,0,0,0,0,0,0,0,0,0,0,0	0
4	867	CERTIFIED_DEFICIT	1498	1	1	0	0,0,0,0,0,0,0,0,0,0,0,0,0	0
4	868	CERTIFIED_DEFICIT	1498	1	1	0	0,0,0,0,0,0,0,0,0,0,0,0,0	0
4	869	CERTIFIED_DEFICIT	1498	1	1	0	0,0,0,0,0,0,0,0,0,0,0,0,0	0
4	870	CERTIFIED_DEFICIT	1498	1	1	0	0,0,0,0,0,0,0,0,0,0,0,0,0	0
4	871	CERTIFIED_DEFICIT	1498	1	1	0	0,0,0,0,0,0,0,0,0,0,0,0,0	0
4	872	CERTIFIED_DEFICIT	1498	1	1	0	0,0,0,0,0,0,0,0,0,0,0,0,0	0
4	873	CERTIFIED_DEFICIT	1498	1	1	0	0,0,0,0,0,0,0,0,0,0,0,0,0	0
4	874	CERTIFIED_DEFICIT	1498	1	1	0	0,0,0,0,0,0,0,0,0,0,0,0,0	0
4	875	CERTIFIED_DEFICIT	1498	1	1	0	0,0,0,0,0,0,0,0,0,0,0,0,0	0
4	876	CERTIFIED_DEFICIT	1498	1	1	0	0,0,0,0,0,0,0,0,0,0,0,0,0	0
4	877	CERTIFIED_DEFICIT	1498	1	1	0	0,0,0,0,0,0,0,0,0,0,0,0,0	0
4	878	CERTIFIED_DEFICIT	1498	1	1	0	0,0,0,0,0,0,0,0,0,0,0,0,0	0
4	879	CERTIFIED_DEFICIT	1498	1	1	0	0,0,0,0,0,0,0,0,0,0,0,0,0	0
4	880	CERTIFIED_DEFICIT	1270	1	1	0	0,0,0,0,0,0,0,0,0,0,0,0,0	0
4	881	CERTIFIED_DEFICIT	1498	1	1	0	0,0,0,0,0,0,0,0,0,0,0,0,0	0
4	882	CERTIFIED_DEFICIT	1498	1	1	0	0,0,0,0,0,0,0,0,0,0,0,0,0	0
4	883	CERTIFIED_DEFICIT	1498	1	1	0	0,0,0,0,0,0,0,0,0,0,0,0,0	0
4	884	CERTIFIED_DEFICIT	1498	1	1	0	0,0,0,0,0,0,0,0,0,0,0,0,0	0
4	885	CERTIFIED_DEFICIT	1498	1	1	0	0,0,0,0,0,0,0,0,0,0,0,0,0	0
4	886	CERTIFIED_DEFICIT	1498	1	1	0	0,0,0,0,0,0,0,0,0,0,0,0,0	0
4	887	CERTIFIED_DEFICIT	1498	1	1	0	0,0,0,0,0,0,0,0,0,0,0,0,0	0
4	888	CERTIFIED_DEFICIT	1498	1	1	0	0,0,0,0,0,0,0,0,0,0,0,0,0	0
4	889	CERTIFIED_DEFICIT	1498	1	1	0	0,0,0,0,0,0,0,0,0,0,0,0,0	0
4	890	CERTIFIED_DEFICIT	1498	1	1	0	0,0,0,0,0,0,0,0,0,0,0,0,0	0
4	891	CERTIFIED_DEFICIT	1498	1	1	0	0,0,0,0,0,0,0,0,0,0,0,0,0	0
4	892	CERTIFIED_DEFICIT	1498	1	1	0	0,0,0,0,0,0,0,0,0,0,0,0,0	0
4	893	CERTIFIED_DEFICIT	1498	1	1	0	0,0,0,0,0,0,0,0,0,0,0,0,0	0
4	894	CERTIFIED_DEFICIT	1498	1	1	0	0,0,0,0,0,0,0,0,0,0,0,0,0	0
4	895	CERTIFIED_DEFICIT	1498	1	1	0	0,0,0,0,0,0,0,0,0,0,0,0,0	0
4	896	CERTIFIED_DEFICIT	1498	1	1	0	0,0,0,0,0,0,0,0,0,0,0,0,0	0
4	897	CERTIFIED_DEFICIT	1498	1	1	0	0,0,0,0,0,0,0,0,0,0,0,0,0	0
4	898	CERTIFIED_DEFICIT	1498	1	1	0	0,0,0,0,0,0,0,0,0,0,0,0,0	0
4	899	CERTIFIED_DEFICIT	1310	1	1	0	0,0,0,0,0,0,0,0,0,0,0,0,0	0
4	900	CERTIFIED_DEFICIT	1498	1	1	0	0,0,0,0,0,0,0,0,0,0,0,0,0	0
4	901	CERTIFIED_DEFICIT	1498	1	1	0	0,0,0,0,0,0,0,0,0,0,0,0,0	0
4	902	CERTIFIED_DEFICIT	1498	1	1	0	0,0,0,0,0,0,0,0,0,0,0,0,0	0
4	903	CERTIFIED_DEFICIT	1498	1	1	0	0,0,0,0,0,0,0,0,0,0,0,0,0	0
4	904	CERTIFIED_DEFICIT	1498	1	1	0	0,0,0,0,0,0,0,0,0,0,0,0,0	0
4	905	CERTIFIED_DEFICIT	1498	1	1	0	0,0,0,0,0,0,0,0,0,0,0,0,0	0
4	906	CERTIFIED_DEFICIT	1498	1	1	0	0,0,0,0,0,0,0,0,0,0,0,0,0	0
4	907	CERTIFIED_DEFICIT	1498	1	1	0	0,0,0,0,0,0,0,0,0,0,0,0,0	0
4	908	CERTIFIED_DEFICIT	1498	1	1	0	0,0,0,0,0,0,0,0,0,0,0,0,0	0
4	909	CERTIFIED_DEFICIT	1498	1	1	0	0,0,0,0,0,0,0,0,0,0,0,0,0	0
4	910	CERTIFIED_DEFICIT	1498	1	1	0	0,0,0,0,0,0,0,0,0,0,0,0,0	0
4	911	CERTIFIED_DEFICIT	1498	1	1	0	0,0,0,0,0,0,0,0,0,0,0,0,0	0
4	912	CERTIFIED_DEFICIT	1498	1	1	0	0,0,0,0,0,0,0,0,0,0,0,0,0	0
4	913	CERTIFIED_DEFICIT	1498	1	1	0	0,0,0,0,0,0,0,0,0,0,0,0,0	0
4	914	CERTIFIED_DEFICIT	1219	1	1	0	0,0,0,0,0,0,0,0,0,0,0,0,0	0
4	915	CERTIFIED_DEFICIT	1498	1	1	0	0,0,0,0,0,0,0,0,0,0,0,0,0	0
4	916	CERTIFIED_DEFICIT	1498	1	1	0	0,0,0,0,0,0,0,0,0,0,0,0,0	0
4	917	CERTIFIED_DEFICIT	1498	1	1	0	0,0,0,0,0,0,0,0,0,0,0,0,0	0
4	918	CERTIFIED_DEFICIT	1498	1	1	0	0,0,0,0,0,0,0,0,0,0,0,0,0	0
4	919	CERTIFIED_DEFICIT	1498	1	1	0	0,0,0,0,0,0,0,0,0,0,0,0,0	0
4	920	CERTIFIED_DEFICIT	1252	1	1	0	0,0,0,0,0,0,0,0,0,0,0,0,0	0
4	921	CERTIFIED_DEFICIT	1498	1	1	0	0,0,0,0,0,0,0,0,0,0,0,0,0	0
4	922	CERTIFIED_DEFICIT	1498	1	1	0	0,0,0,0,0,0,0,0,0,0,0,0,0	0
4	923	CERTIFIED_DEFICIT	1498	1	1	0	0,0,0,0,0,0,0,0,0,0,0,0,0	0
4	924	CERTIFIED_DEFICIT	1498	1	1	0	0,0,0,0,0,0,0,0,0,0,0,0,0	0
4	925	CERTIFIED_DEFICIT	1230	1	1	0	0,0,0,0,0,0,0,0,0,0,0,0,0	0
4	926	CERTIFIED_DEFICIT	1498	1	1	0	0,0,0,0,0,0,0,0,0,0,0,0,0	0
4	927	CERTIFIED_DEFICIT	1498	1	1	0	0,0,0,0,0,0,0,0,0,0,0,0,0	0
4	928	CERTIFIED_DEFICIT	1498	1	1	0	0,0,0,0,0,0,0,0,0,0,0,0,0	0
4	929	CERTIFIED_DEFICIT	1241	1	1	0	0,0,0,0,0,0,0,0,0,0,0,0,0	0
4	930	CERTIFIED_DEFICIT	1498	1	1	0	0,0,0,0,0,0,0,0,0,0,0,0,0	0
4	931	CERTIFIED_DEFICIT	1498	1	1	0	0,0,0,0,0,0,0,0,0,0,0,0,0	0
4	932	CERTIFIED_DEFICIT	1303	1	1	0	0,0,0,0,0,0,0,0,0,0,0,0,0	0
4	933	CERTIFIED_DEFICIT	1498	1	1	0	0,0,0,0,0,0,0,0,0,0,0,0,0	0
4	934	CERTIFIED_DEFICIT	1332	1	1	0	0,0,0,0,0,0,0,0,0,0,0,0,0	0
4	935	CERTIFIED_DEFICIT	1208	1	1	0	0,0,0,0,0,0,0,0,0,0,0,0,0	0
4	936	UNCOVERED			0	0	0,0,0,0,0,0,0,0,0,0,0,0,0	24
4	937	UNCOVERED			0	0	0,0,0,0,0,0,0,0,0,0,0,0,0	24
4	938	UNCOVERED			0	0	0,0,0,0,0,0,0,0,0,0,0,0,0	24
4	939	UNCOVERED			0	0	0,0,0,0,0,0,0,0,0,0,0,0,0	24
4	940	UNCOVERED			0	0	0,0,0,0,0,0,0,0,0,0,0,0,0	24
4	941	UNCOVERED			0	0	0,0,0,0,0,0,0,0,0,0,0,0,0	24
4	942	UNCOVERED			0	0	0,0,0,0,0,0,0,0,0,0,0,0,0	24
4	943	UNCOVERED			0	0	0,0,0,0,0,0,0,0,0,0,0,0,0	24
4	944	UNCOVERED			0	0	0,0,0,0,0,0,0,0,0,0,0,0,0	24
4	945	UNCOVERED			0	0	0,0,0,0,0,0,0,0,0,0,0,0,0	24
4	946	UNCOVERED			0	0	0,0,0,0,0,0,0,0,0,0,0,0,0	24
4	947	CERTIFIED_DEFICIT	1298,1312	1,1	2	1	0,0,0,0,0,0,0,0,0,0,0,0,1	24
4	948	UNCOVERED			0	0	0,0,0,0,0,0,0,0,0,0,0,0,0	24
4	949	UNCOVERED			0	0	0,0,0,0,0,0,0,0,0,0,0,0,0	24
4	950	UNCOVERED			0	0	0,0,0,0,0,0,0,0,0,0,0,0,0	24
4	951	UNCOVERED			0	0	0,0,0,0,0,0,0,0,0,0,0,0,0	24
4	952	UNCOVERED			0	0	0,0,0,0,0,0,0,0,0,0,0,0,0	24
4	953	UNCOVERED			0	0	0,0,0,0,0,0,0,0,0,0,0,0,0	24
4	954	UNCOVERED			0	0	0,0,0,0,0,0,0,0,0,0,0,0,0	24
4	955	UNCOVERED			0	0	0,0,0,0,0,0,0,0,0,0,0,0,0	24
4	956	UNCOVERED			0	0	0,0,0,0,0,0,0,0,0,0,0,0,0	24
4	957	UNCOVERED			0	0	0,0,0,0,0,0,0,0,0,0,0,0,0	24
4	958	CERTIFIED_DEFICIT	1299,1405	1,1	2	1	0,1,0,0,0,0,0,0,0,0,0,0,0	24
4	959	UNCOVERED			0	0	0,0,0,0,0,0,0,0,0,0,0,0,0	24
4	960	UNCOVERED			0	0	0,0,0,0,0,0,0,0,0,0,0,0,0	24
4	961	UNCOVERED			0	0	0,0,0,0,0,0,0,0,0,0,0,0,0	24
4	962	UNCOVERED			0	0	0,0,0,0,0,0,0,0,0,0,0,0,0	24
4	963	UNCOVERED			0	0	0,0,0,0,0,0,0,0,0,0,0,0,0	24
4	964	UNCOVERED			0	0	0,0,0,0,0,0,0,0,0,0,0,0,0	24
4	965	UNCOVERED			0	0	0,0,0,0,0,0,0,0,0,0,0,0,0	24
4	966	UNCOVERED			0	0	0,0,0,0,0,0,0,0,0,0,0,0,0	24
4	967	UNCOVERED			0	0	0,0,0,0,0,0,0,0,0,0,0,0,0	24
4	968	CERTIFIED_DEFICIT	1299,1387	1,1	2	1	0,0,1,0,0,0,0,0,0,0,0,0,0	24
4	969	UNCOVERED			0	0	0,0,0,0,0,0,0,0,0,0,0,0,0	24
4	970	UNCOVERED			0	0	0,0,0,0,0,0,0,0,0,0,0,0,0	24
4	971	UNCOVERED			0	0	0,0,0,0,0,0,0,0,0,0,0,0,0	24
4	972	UNCOVERED			0	0	0,0,0,0,0,0,0,0,0,0,0,0,0	24
4	973	UNCOVERED			0	0	0,0,0,0,0,0,0,0,0,0,0,0,0	24
4	974	UNCOVERED			0	0	0,0,0,0,0,0,0,0,0,0,0,0,0	24
4	975	UNCOVERED			0	0	0,0,0,0,0,0,0,0,0,0,0,0,0	24
4	976	CERTIFIED_DEFICIT	1367,1425	1,1	2	1	0,0,0,0,0,0,0,0,0,0,0,0,1	24
4	977	CERTIFIED_DEFICIT	1269,1283	1,1	2	1	0,0,0,0,0,0,0,0,0,0,0,0,1	24
4	978	UNCOVERED			0	0	0,0,0,0,0,0,0,0,0,0,0,0,0	24
4	979	UNCOVERED			0	0	0,0,0,0,0,0,0,0,0,0,0,0,0	24
4	980	UNCOVERED			0	0	0,0,0,0,0,0,0,0,0,0,0,0,0	24
4	981	UNCOVERED			0	0	0,0,0,0,0,0,0,0,0,0,0,0,0	24
4	982	UNCOVERED			0	0	0,0,0,0,0,0,0,0,0,0,0,0,0	24
4	983	UNCOVERED			0	0	0,0,0,0,0,0,0,0,0,0,0,0,0	24
4	984	CERTIFIED_DEFICIT	1233,1291,1313	1,1,1	3	2	0,0,0,0,1,0,0,0,0,0,0,0,1	24
4	985	CERTIFIED_DEFICIT	1265,1335	1,1	2	1	0,0,0,0,0,0,0,0,0,0,0,0,1	24
4	986	UNCOVERED			0	0	0,0,0,0,0,0,0,0,0,0,0,0,0	24
4	987	UNCOVERED			0	0	0,0,0,0,0,0,0,0,0,0,0,0,0	24
4	988	UNCOVERED			0	0	0,0,0,0,0,0,0,0,0,0,0,0,0	24
4	989	UNCOVERED			0	0	0,0,0,0,0,0,0,0,0,0,0,0,0	24
4	990	UNCOVERED			0	0	0,0,0,0,0,0,0,0,0,0,0,0,0	24
4	991	CERTIFIED_DEFICIT	1199,1205,1207	1,1,1	3	2	0,0,0,0,0,0,0,0,0,0,0,1,1	24
4	992	CERTIFIED_DEFICIT	1219	1	1	0	0,0,0,0,0,0,0,0,0,0,0,0,0	0
4	993	UNCOVERED			0	0	0,0,0,0,0,0,0,0,0,0,0,0,0	24
4	994	UNCOVERED			0	0	0,0,0,0,0,0,0,0,0,0,0,0,0	24
4	995	UNCOVERED			0	0	0,0,0,0,0,0,0,0,0,0,0,0,0	24
4	996	UNCOVERED			0	0	0,0,0,0,0,0,0,0,0,0,0,0,0	24
4	997	CERTIFIED_DEFICIT	1327,1465	1,1	2	1	0,0,0,0,0,0,0,0,0,0,0,0,1	24
4	998	CERTIFIED_DEFICIT	1259	1	1	0	0,0,0,0,0,0,0,0,0,0,0,0,0	0
4	999	UNCOVERED			0	0	0,0,0,0,0,0,0,0,0,0,0,0,0	24
4	1000	UNCOVERED			0	0	0,0,0,0,0,0,0,0,0,0,0,0,0	24
4	1001	UNCOVERED			0	0	0,0,0,0,0,0,0,0,0,0,0,0,0	24
4	1002	CERTIFIED_DEFICIT	1273,1671	1,1	2	1	0,0,0,0,0,0,0,0,0,0,0,0,1	24
4	1003	CERTIFIED_DEFICIT	1235,1249	1,1	2	1	0,0,0,0,0,0,0,0,0,0,0,0,1	24
4	1004	UNCOVERED			0	0	0,0,0,0,0,0,0,0,0,0,0,0,0	24
4	1005	UNCOVERED			0	0	0,0,0,0,0,0,0,0,0,0,0,0,0	24
4	1006	CERTIFIED_DEFICIT	1255,1537	1,1	2	1	0,0,0,0,0,0,0,0,0,0,0,0,1	24
4	1007	CERTIFIED_DEFICIT	1241	1	1	0	0,0,0,0,0,0,0,0,0,0,0,0,0	0
4	1008	UNCOVERED			0	0	0,0,0,0,0,0,0,0,0,0,0,0,0	24
4	1009	UNCOVERED			0	0	0,0,0,0,0,0,0,0,0,0,0,0,0	24
4	1010	CERTIFIED_DEFICIT	1303	1	1	0	0,0,0,0,0,0,0,0,0,0,0,0,0	0
4	1011	CERTIFIED_DEFICIT	1229,1243,1247	1,1,1	3	2	0,0,0,0,0,0,0,0,0,0,0,1,1	24
4	1012	CERTIFIED_DEFICIT	1229,1243	1,1	2	1	0,0,0,0,0,0,0,0,0,0,0,0,1	24
4	1013	CERTIFIED_DEFICIT	1233,1291	1,1	2	1	0,0,0,0,0,0,0,0,0,0,0,0,1	24
4	1014	CERTIFIED_DEFICIT	1638	1	1	0	0,0,0,0,0,0,0,0,0,0,0,0,0	0
4	1015	CERTIFIED_DEFICIT	1638	1	1	0	0,0,0,0,0,0,0,0,0,0,0,0,0	0
4	1016	CERTIFIED_DEFICIT	1638	1	1	0	0,0,0,0,0,0,0,0,0,0,0,0,0	0
4	1017	CERTIFIED_DEFICIT	1638	1	1	0	0,0,0,0,0,0,0,0,0,0,0,0,0	0
4	1018	CERTIFIED_DEFICIT	1638	1	1	0	0,0,0,0,0,0,0,0,0,0,0,0,0	0
4	1019	CERTIFIED_DEFICIT	1638	1	1	0	0,0,0,0,0,0,0,0,0,0,0,0,0	0
4	1020	CERTIFIED_DEFICIT	1638	1	1	0	0,0,0,0,0,0,0,0,0,0,0,0,0	0
4	1021	CERTIFIED_DEFICIT	1638	1	1	0	0,0,0,0,0,0,0,0,0,0,0,0,0	0
4	1022	CERTIFIED_DEFICIT	1638	1	1	0	0,0,0,0,0,0,0,0,0,0,0,0,0	0
4	1023	CERTIFIED_DEFICIT	1638	1	1	0	0,0,0,0,0,0,0,0,0,0,0,0,0	0
4	1024	CERTIFIED_DEFICIT	1638	1	1	0	0,0,0,0,0,0,0,0,0,0,0,0,0	0
4	1025	CERTIFIED_DEFICIT	1638	1	1	0	0,0,0,0,0,0,0,0,0,0,0,0,0	0
4	1026	CERTIFIED_DEFICIT	1638	1	1	0	0,0,0,0,0,0,0,0,0,0,0,0,0	0
4	1027	CERTIFIED_DEFICIT	1638	1	1	0	0,0,0,0,0,0,0,0,0,0,0,0,0	0
4	1028	CERTIFIED_DEFICIT	1638	1	1	0	0,0,0,0,0,0,0,0,0,0,0,0,0	0
4	1029	CERTIFIED_DEFICIT	1638	1	1	0	0,0,0,0,0,0,0,0,0,0,0,0,0	0
4	1030	CERTIFIED_DEFICIT	1638	1	1	0	0,0,0,0,0,0,0,0,0,0,0,0,0	0
4	1031	CERTIFIED_DEFICIT	1638	1	1	0	0,0,0,0,0,0,0,0,0,0,0,0,0	0
4	1032	CERTIFIED_DEFICIT	1638	1	1	0	0,0,0,0,0,0,0,0,0,0,0,0,0	0
4	1033	CERTIFIED_DEFICIT	1638	1	1	0	0,0,0,0,0,0,0,0,0,0,0,0,0	0
4	1034	CERTIFIED_DEFICIT	1638	1	1	0	0,0,0,0,0,0,0,0,0,0,0,0,0	0
4	1035	CERTIFIED_DEFICIT	1638	1	1	0	0,0,0,0,0,0,0,0,0,0,0,0,0	0
4	1036	CERTIFIED_DEFICIT	1638	1	1	0	0,0,0,0,0,0,0,0,0,0,0,0,0	0
4	1037	CERTIFIED_DEFICIT	1638	1	1	0	0,0,0,0,0,0,0,0,0,0,0,0,0	0
4	1038	CERTIFIED_DEFICIT	1638	1	1	0	0,0,0,0,0,0,0,0,0,0,0,0,0	0
4	1039	CERTIFIED_DEFICIT	1638	1	1	0	0,0,0,0,0,0,0,0,0,0,0,0,0	0
4	1040	CERTIFIED_DEFICIT	1638	1	1	0	0,0,0,0,0,0,0,0,0,0,0,0,0	0
4	1041	CERTIFIED_DEFICIT	1638	1	1	0	0,0,0,0,0,0,0,0,0,0,0,0,0	0
4	1042	CERTIFIED_DEFICIT	1638	1	1	0	0,0,0,0,0,0,0,0,0,0,0,0,0	0
4	1043	CERTIFIED_DEFICIT	1638	1	1	0	0,0,0,0,0,0,0,0,0,0,0,0,0	0
4	1044	CERTIFIED_DEFICIT	1638	1	1	0	0,0,0,0,0,0,0,0,0,0,0,0,0	0
4	1045	CERTIFIED_DEFICIT	1638	1	1	0	0,0,0,0,0,0,0,0,0,0,0,0,0	0
4	1046	CERTIFIED_DEFICIT	1638	1	1	0	0,0,0,0,0,0,0,0,0,0,0,0,0	0
4	1047	CERTIFIED_DEFICIT	1638	1	1	0	0,0,0,0,0,0,0,0,0,0,0,0,0	0
4	1048	CERTIFIED_DEFICIT	1638	1	1	0	0,0,0,0,0,0,0,0,0,0,0,0,0	0
4	1049	CERTIFIED_DEFICIT	1638	1	1	0	0,0,0,0,0,0,0,0,0,0,0,0,0	0
4	1050	CERTIFIED_DEFICIT	1638	1	1	0	0,0,0,0,0,0,0,0,0,0,0,0,0	0
4	1051	CERTIFIED_DEFICIT	1638	1	1	0	0,0,0,0,0,0,0,0,0,0,0,0,0	0
4	1052	CERTIFIED_DEFICIT	1638	1	1	0	0,0,0,0,0,0,0,0,0,0,0,0,0	0
4	1053	CERTIFIED_DEFICIT	1638	1	1	0	0,0,0,0,0,0,0,0,0,0,0,0,0	0
4	1054	CERTIFIED_DEFICIT	1638	1	1	0	0,0,0,0,0,0,0,0,0,0,0,0,0	0
4	1055	CERTIFIED_DEFICIT	1638	1	1	0	0,0,0,0,0,0,0,0,0,0,0,0,0	0
4	1056	CERTIFIED_DEFICIT	1638	1	1	0	0,0,0,0,0,0,0,0,0,0,0,0,0	0
4	1057	CERTIFIED_DEFICIT	1638	1	1	0	0,0,0,0,0,0,0,0,0,0,0,0,0	0
4	1058	CERTIFIED_DEFICIT	1638	1	1	0	0,0,0,0,0,0,0,0,0,0,0,0,0	0
4	1059	CERTIFIED_DEFICIT	1638	1	1	0	0,0,0,0,0,0,0,0,0,0,0,0,0	0
4	1060	CERTIFIED_DEFICIT	1638	1	1	0	0,0,0,0,0,0,0,0,0,0,0,0,0	0
4	1061	CERTIFIED_DEFICIT	1638	1	1	0	0,0,0,0,0,0,0,0,0,0,0,0,0	0
4	1062	CERTIFIED_DEFICIT	1638	1	1	0	0,0,0,0,0,0,0,0,0,0,0,0,0	0
4	1063	CERTIFIED_DEFICIT	1638	1	1	0	0,0,0,0,0,0,0,0,0,0,0,0,0	0
4	1064	CERTIFIED_DEFICIT	1638	1	1	0	0,0,0,0,0,0,0,0,0,0,0,0,0	0
4	1065	CERTIFIED_DEFICIT	1638	1	1	0	0,0,0,0,0,0,0,0,0,0,0,0,0	0
4	1066	CERTIFIED_DEFICIT	1638	1	1	0	0,0,0,0,0,0,0,0,0,0,0,0,0	0
4	1067	CERTIFIED_DEFICIT	1638	1	1	0	0,0,0,0,0,0,0,0,0,0,0,0,0	0
4	1068	CERTIFIED_DEFICIT	1638	1	1	0	0,0,0,0,0,0,0,0,0,0,0,0,0	0
4	1069	CERTIFIED_DEFICIT	1638	1	1	0	0,0,0,0,0,0,0,0,0,0,0,0,0	0
4	1070	CERTIFIED_DEFICIT	1219	1	1	0	0,0,0,0,0,0,0,0,0,0,0,0,0	0
4	1071	CERTIFIED_DEFICIT	1638	1	1	0	0,0,0,0,0,0,0,0,0,0,0,0,0	0
4	1072	CERTIFIED_DEFICIT	1638	1	1	0	0,0,0,0,0,0,0,0,0,0,0,0,0	0
4	1073	CERTIFIED_DEFICIT	1638	1	1	0	0,0,0,0,0,0,0,0,0,0,0,0,0	0
4	1074	CERTIFIED_DEFICIT	1638	1	1	0	0,0,0,0,0,0,0,0,0,0,0,0,0	0
4	1075	CERTIFIED_DEFICIT	1638	1	1	0	0,0,0,0,0,0,0,0,0,0,0,0,0	0
4	1076	CERTIFIED_DEFICIT	1259	1	1	0	0,0,0,0,0,0,0,0,0,0,0,0,0	0
4	1077	CERTIFIED_DEFICIT	1638	1	1	0	0,0,0,0,0,0,0,0,0,0,0,0,0	0
4	1078	CERTIFIED_DEFICIT	1638	1	1	0	0,0,0,0,0,0,0,0,0,0,0,0,0	0
4	1079	CERTIFIED_DEFICIT	1638	1	1	0	0,0,0,0,0,0,0,0,0,0,0,0,0	0
4	1080	CERTIFIED_DEFICIT	1638	1	1	0	0,0,0,0,0,0,0,0,0,0,0,0,0	0
4	1081	CERTIFIED_DEFICIT	1638	1	1	0	0,0,0,0,0,0,0,0,0,0,0,0,0	0
4	1082	CERTIFIED_DEFICIT	1638	1	1	0	0,0,0,0,0,0,0,0,0,0,0,0,0	0
4	1083	CERTIFIED_DEFICIT	1638	1	1	0	0,0,0,0,0,0,0,0,0,0,0,0,0	0
4	1084	CERTIFIED_DEFICIT	1638	1	1	0	0,0,0,0,0,0,0,0,0,0,0,0,0	0
4	1085	CERTIFIED_DEFICIT	1241	1	1	0	0,0,0,0,0,0,0,0,0,0,0,0,0	0
4	1086	CERTIFIED_DEFICIT	1638	1	1	0	0,0,0,0,0,0,0,0,0,0,0,0,0	0
4	1087	CERTIFIED_DEFICIT	1638	1	1	0	0,0,0,0,0,0,0,0,0,0,0,0,0	0
4	1088	CERTIFIED_DEFICIT	1303	1	1	0	0,0,0,0,0,0,0,0,0,0,0,0,0	0
4	1089	CERTIFIED_DEFICIT	1638	1	1	0	0,0,0,0,0,0,0,0,0,0,0,0,0	0
4	1090	CERTIFIED_DEFICIT	1638	1	1	0	0,0,0,0,0,0,0,0,0,0,0,0,0	0
4	1091	CERTIFIED_DEFICIT	1638	1	1	0	0,0,0,0,0,0,0,0,0,0,0,0,0	0
4	1092	CERTIFIED_DEFICIT	1862	1	1	0	0,0,0,0,0,0,0,0,0,0,0,0,0	0
4	1093	CERTIFIED_DEFICIT	1862	1	1	0	0,0,0,0,0,0,0,0,0,0,0,0,0	0
4	1094	CERTIFIED_DEFICIT	1862	1	1	0	0,0,0,0,0,0,0,0,0,0,0,0,0	0
4	1095	CERTIFIED_DEFICIT	1862	1	1	0	0,0,0,0,0,0,0,0,0,0,0,0,0	0
4	1096	CERTIFIED_DEFICIT	1862	1	1	0	0,0,0,0,0,0,0,0,0,0,0,0,0	0
4	1097	CERTIFIED_DEFICIT	1862	1	1	0	0,0,0,0,0,0,0,0,0,0,0,0,0	0
4	1098	CERTIFIED_DEFICIT	1862	1	1	0	0,0,0,0,0,0,0,0,0,0,0,0,0	0
4	1099	CERTIFIED_DEFICIT	1862	1	1	0	0,0,0,0,0,0,0,0,0,0,0,0,0	0
4	1100	CERTIFIED_DEFICIT	1862	1	1	0	0,0,0,0,0,0,0,0,0,0,0,0,0	0
4	1101	CERTIFIED_DEFICIT	1862	1	1	0	0,0,0,0,0,0,0,0,0,0,0,0,0	0
4	1102	CERTIFIED_DEFICIT	1862	1	1	0	0,0,0,0,0,0,0,0,0,0,0,0,0	0
4	1103	CERTIFIED_DEFICIT	1862	1	1	0	0,0,0,0,0,0,0,0,0,0,0,0,0	0
4	1104	CERTIFIED_DEFICIT	1862	1	1	0	0,0,0,0,0,0,0,0,0,0,0,0,0	0
4	1105	CERTIFIED_DEFICIT	1862	1	1	0	0,0,0,0,0,0,0,0,0,0,0,0,0	0
4	1106	CERTIFIED_DEFICIT	1862	1	1	0	0,0,0,0,0,0,0,0,0,0,0,0,0	0
4	1107	CERTIFIED_DEFICIT	1862	1	1	0	0,0,0,0,0,0,0,0,0,0,0,0,0	0
4	1108	CERTIFIED_DEFICIT	1862	1	1	0	0,0,0,0,0,0,0,0,0,0,0,0,0	0
4	1109	CERTIFIED_DEFICIT	1862	1	1	0	0,0,0,0,0,0,0,0,0,0,0,0,0	0
4	1110	CERTIFIED_DEFICIT	1862	1	1	0	0,0,0,0,0,0,0,0,0,0,0,0,0	0
4	1111	CERTIFIED_DEFICIT	1862	1	1	0	0,0,0,0,0,0,0,0,0,0,0,0,0	0
4	1112	CERTIFIED_DEFICIT	1862	1	1	0	0,0,0,0,0,0,0,0,0,0,0,0,0	0
4	1113	CERTIFIED_DEFICIT	1862	1	1	0	0,0,0,0,0,0,0,0,0,0,0,0,0	0
4	1114	CERTIFIED_DEFICIT	1862	1	1	0	0,0,0,0,0,0,0,0,0,0,0,0,0	0
4	1115	CERTIFIED_DEFICIT	1862	1	1	0	0,0,0,0,0,0,0,0,0,0,0,0,0	0
4	1116	CERTIFIED_DEFICIT	1862	1	1	0	0,0,0,0,0,0,0,0,0,0,0,0,0	0
4	1117	CERTIFIED_DEFICIT	1862	1	1	0	0,0,0,0,0,0,0,0,0,0,0,0,0	0
4	1118	CERTIFIED_DEFICIT	1862	1	1	0	0,0,0,0,0,0,0,0,0,0,0,0,0	0
4	1119	CERTIFIED_DEFICIT	1862	1	1	0	0,0,0,0,0,0,0,0,0,0,0,0,0	0
4	1120	CERTIFIED_DEFICIT	1862	1	1	0	0,0,0,0,0,0,0,0,0,0,0,0,0	0
4	1121	CERTIFIED_DEFICIT	1862	1	1	0	0,0,0,0,0,0,0,0,0,0,0,0,0	0
4	1122	CERTIFIED_DEFICIT	1862	1	1	0	0,0,0,0,0,0,0,0,0,0,0,0,0	0
4	1123	CERTIFIED_DEFICIT	1862	1	1	0	0,0,0,0,0,0,0,0,0,0,0,0,0	0
4	1124	CERTIFIED_DEFICIT	1862	1	1	0	0,0,0,0,0,0,0,0,0,0,0,0,0	0
4	1125	CERTIFIED_DEFICIT	1862	1	1	0	0,0,0,0,0,0,0,0,0,0,0,0,0	0
4	1126	CERTIFIED_DEFICIT	1862	1	1	0	0,0,0,0,0,0,0,0,0,0,0,0,0	0
4	1127	CERTIFIED_DEFICIT	1862	1	1	0	0,0,0,0,0,0,0,0,0,0,0,0,0	0
4	1128	CERTIFIED_DEFICIT	1862	1	1	0	0,0,0,0,0,0,0,0,0,0,0,0,0	0
4	1129	CERTIFIED_DEFICIT	1862	1	1	0	0,0,0,0,0,0,0,0,0,0,0,0,0	0
4	1130	CERTIFIED_DEFICIT	1862	1	1	0	0,0,0,0,0,0,0,0,0,0,0,0,0	0
4	1131	CERTIFIED_DEFICIT	1862	1	1	0	0,0,0,0,0,0,0,0,0,0,0,0,0	0
4	1132	CERTIFIED_DEFICIT	1862	1	1	0	0,0,0,0,0,0,0,0,0,0,0,0,0	0
4	1133	CERTIFIED_DEFICIT	1862	1	1	0	0,0,0,0,0,0,0,0,0,0,0,0,0	0
4	1134	CERTIFIED_DEFICIT	1862	1	1	0	0,0,0,0,0,0,0,0,0,0,0,0,0	0
4	1135	CERTIFIED_DEFICIT	1862	1	1	0	0,0,0,0,0,0,0,0,0,0,0,0,0	0
4	1136	CERTIFIED_DEFICIT	1862	1	1	0	0,0,0,0,0,0,0,0,0,0,0,0,0	0
4	1137	CERTIFIED_DEFICIT	1862	1	1	0	0,0,0,0,0,0,0,0,0,0,0,0,0	0
4	1138	CERTIFIED_DEFICIT	1862	1	1	0	0,0,0,0,0,0,0,0,0,0,0,0,0	0
4	1139	CERTIFIED_DEFICIT	1862	1	1	0	0,0,0,0,0,0,0,0,0,0,0,0,0	0
4	1140	CERTIFIED_DEFICIT	1862	1	1	0	0,0,0,0,0,0,0,0,0,0,0,0,0	0
4	1141	CERTIFIED_DEFICIT	1862	1	1	0	0,0,0,0,0,0,0,0,0,0,0,0,0	0
4	1142	CERTIFIED_DEFICIT	1862	1	1	0	0,0,0,0,0,0,0,0,0,0,0,0,0	0
4	1143	CERTIFIED_DEFICIT	1862	1	1	0	0,0,0,0,0,0,0,0,0,0,0,0,0	0
4	1144	CERTIFIED_DEFICIT	1862	1	1	0	0,0,0,0,0,0,0,0,0,0,0,0,0	0
4	1145	CERTIFIED_DEFICIT	1862	1	1	0	0,0,0,0,0,0,0,0,0,0,0,0,0	0
4	1146	CERTIFIED_DEFICIT	1862	1	1	0	0,0,0,0,0,0,0,0,0,0,0,0,0	0
4	1147	CERTIFIED_DEFICIT	1862	1	1	0	0,0,0,0,0,0,0,0,0,0,0,0,0	0
4	1148	CERTIFIED_DEFICIT	1219	1	1	0	0,0,0,0,0,0,0,0,0,0,0,0,0	0
4	1149	CERTIFIED_DEFICIT	1862	1	1	0	0,0,0,0,0,0,0,0,0,0,0,0,0	0
4	1150	CERTIFIED_DEFICIT	1862	1	1	0	0,0,0,0,0,0,0,0,0,0,0,0,0	0
4	1151	CERTIFIED_DEFICIT	1862	1	1	0	0,0,0,0,0,0,0,0,0,0,0,0,0	0
4	1152	CERTIFIED_DEFICIT	1862	1	1	0	0,0,0,0,0,0,0,0,0,0,0,0,0	0
4	1153	CERTIFIED_DEFICIT	1862	1	1	0	0,0,0,0,0,0,0,0,0,0,0,0,0	0
4	1154	CERTIFIED_DEFICIT	1259	1	1	0	0,0,0,0,0,0,0,0,0,0,0,0,0	0
4	1155	CERTIFIED_DEFICIT	1862	1	1	0	0,0,0,0,0,0,0,0,0,0,0,0,0	0
4	1156	CERTIFIED_DEFICIT	1862	1	1	0	0,0,0,0,0,0,0,0,0,0,0,0,0	0
4	1157	CERTIFIED_DEFICIT	1862	1	1	0	0,0,0,0,0,0,0,0,0,0,0,0,0	0
4	1158	CERTIFIED_DEFICIT	1862	1	1	0	0,0,0,0,0,0,0,0,0,0,0,0,0	0
4	1159	CERTIFIED_DEFICIT	1862	1	1	0	0,0,0,0,0,0,0,0,0,0,0,0,0	0
4	1160	CERTIFIED_DEFICIT	1862	1	1	0	0,0,0,0,0,0,0,0,0,0,0,0,0	0
4	1161	CERTIFIED_DEFICIT	1862	1	1	0	0,0,0,0,0,0,0,0,0,0,0,0,0	0
4	1162	CERTIFIED_DEFICIT	1862	1	1	0	0,0,0,0,0,0,0,0,0,0,0,0,0	0
4	1163	CERTIFIED_DEFICIT	1241	1	1	0	0,0,0,0,0,0,0,0,0,0,0,0,0	0
4	1164	CERTIFIED_DEFICIT	1862	1	1	0	0,0,0,0,0,0,0,0,0,0,0,0,0	0
4	1165	CERTIFIED_DEFICIT	1862	1	1	0	0,0,0,0,0,0,0,0,0,0,0,0,0	0
4	1166	CERTIFIED_DEFICIT	1303	1	1	0	0,0,0,0,0,0,0,0,0,0,0,0,0	0
4	1167	CERTIFIED_DEFICIT	1862	1	1	0	0,0,0,0,0,0,0,0,0,0,0,0,0	0
4	1168	CERTIFIED_DEFICIT	1862	1	1	0	0,0,0,0,0,0,0,0,0,0,0,0,0	0
4	1169	CERTIFIED_DEFICIT	1862	1	1	0	0,0,0,0,0,0,0,0,0,0,0,0,0	0
4	1170	CERTIFIED_DEFICIT	1400	1	1	0	0,0,0,0,0,0,0,0,0,0,0,0,0	0
4	1171	CERTIFIED_DEFICIT	1400	1	1	0	0,0,0,0,0,0,0,0,0,0,0,0,0	0
4	1172	CERTIFIED_DEFICIT	1400	1	1	0	0,0,0,0,0,0,0,0,0,0,0,0,0	0
4	1173	CERTIFIED_DEFICIT	1400	1	1	0	0,0,0,0,0,0,0,0,0,0,0,0,0	0
4	1174	CERTIFIED_DEFICIT	1400	1	1	0	0,0,0,0,0,0,0,0,0,0,0,0,0	0
4	1175	CERTIFIED_DEFICIT	1400	1	1	0	0,0,0,0,0,0,0,0,0,0,0,0,0	0
4	1176	CERTIFIED_DEFICIT	1400	1	1	0	0,0,0,0,0,0,0,0,0,0,0,0,0	0
4	1177	CERTIFIED_DEFICIT	1400	1	1	0	0,0,0,0,0,0,0,0,0,0,0,0,0	0
4	1178	CERTIFIED_DEFICIT	1400	1	1	0	0,0,0,0,0,0,0,0,0,0,0,0,0	0
4	1179	CERTIFIED_DEFICIT	1400	1	1	0	0,0,0,0,0,0,0,0,0,0,0,0,0	0
4	1180	CERTIFIED_DEFICIT	1400	1	1	0	0,0,0,0,0,0,0,0,0,0,0,0,0	0
4	1181	CERTIFIED_DEFICIT	1400	1	1	0	0,0,0,0,0,0,0,0,0,0,0,0,0	0
4	1182	CERTIFIED_DEFICIT	1400	1	1	0	0,0,0,0,0,0,0,0,0,0,0,0,0	0
4	1183	CERTIFIED_DEFICIT	1400	1	1	0	0,0,0,0,0,0,0,0,0,0,0,0,0	0
4	1184	CERTIFIED_DEFICIT	1400	1	1	0	0,0,0,0,0,0,0,0,0,0,0,0,0	0
4	1185	CERTIFIED_DEFICIT	1400	1	1	0	0,0,0,0,0,0,0,0,0,0,0,0,0	0
4	1186	CERTIFIED_DEFICIT	1400	1	1	0	0,0,0,0,0,0,0,0,0,0,0,0,0	0
4	1187	CERTIFIED_DEFICIT	1400	1	1	0	0,0,0,0,0,0,0,0,0,0,0,0,0	0
4	1188	CERTIFIED_DEFICIT	1400	1	1	0	0,0,0,0,0,0,0,0,0,0,0,0,0	0
4	1189	CERTIFIED_DEFICIT	1400	1	1	0	0,0,0,0,0,0,0,0,0,0,0,0,0	0
4	1190	CERTIFIED_DEFICIT	1400	1	1	0	0,0,0,0,0,0,0,0,0,0,0,0,0	0
4	1191	CERTIFIED_DEFICIT	1400	1	1	0	0,0,0,0,0,0,0,0,0,0,0,0,0	0
4	1192	CERTIFIED_DEFICIT	1400	1	1	0	0,0,0,0,0,0,0,0,0,0,0,0,0	0
4	1193	CERTIFIED_DEFICIT	1400	1	1	0	0,0,0,0,0,0,0,0,0,0,0,0,0	0
4	1194	CERTIFIED_DEFICIT	1400	1	1	0	0,0,0,0,0,0,0,0,0,0,0,0,0	0
4	1195	CERTIFIED_DEFICIT	1400	1	1	0	0,0,0,0,0,0,0,0,0,0,0,0,0	0
4	1196	CERTIFIED_DEFICIT	1400	1	1	0	0,0,0,0,0,0,0,0,0,0,0,0,0	0
4	1197	CERTIFIED_DEFICIT	1400	1	1	0	0,0,0,0,0,0,0,0,0,0,0,0,0	0
4	1198	CERTIFIED_DEFICIT	1400	1	1	0	0,0,0,0,0,0,0,0,0,0,0,0,0	0
4	1199	CERTIFIED_DEFICIT	1400	1	1	0	0,0,0,0,0,0,0,0,0,0,0,0,0	0
4	1200	CERTIFIED_DEFICIT	1400	1	1	0	0,0,0,0,0,0,0,0,0,0,0,0,0	0
4	1201	CERTIFIED_DEFICIT	1400	1	1	0	0,0,0,0,0,0,0,0,0,0,0,0,0	0
4	1202	CERTIFIED_DEFICIT	1400	1	1	0	0,0,0,0,0,0,0,0,0,0,0,0,0	0
4	1203	CERTIFIED_DEFICIT	1400	1	1	0	0,0,0,0,0,0,0,0,0,0,0,0,0	0
4	1204	CERTIFIED_DEFICIT	1400	1	1	0	0,0,0,0,0,0,0,0,0,0,0,0,0	0
4	1205	CERTIFIED_DEFICIT	1400	1	1	0	0,0,0,0,0,0,0,0,0,0,0,0,0	0
4	1206	CERTIFIED_DEFICIT	1400	1	1	0	0,0,0,0,0,0,0,0,0,0,0,0,0	0
4	1207	CERTIFIED_DEFICIT	1400	1	1	0	0,0,0,0,0,0,0,0,0,0,0,0,0	0
4	1208	CERTIFIED_DEFICIT	1400	1	1	0	0,0,0,0,0,0,0,0,0,0,0,0,0	0
4	1209	CERTIFIED_DEFICIT	1400	1	1	0	0,0,0,0,0,0,0,0,0,0,0,0,0	0
4	1210	CERTIFIED_DEFICIT	1400	1	1	0	0,0,0,0,0,0,0,0,0,0,0,0,0	0
4	1211	CERTIFIED_DEFICIT	1400	1	1	0	0,0,0,0,0,0,0,0,0,0,0,0,0	0
4	1212	CERTIFIED_DEFICIT	1400	1	1	0	0,0,0,0,0,0,0,0,0,0,0,0,0	0
4	1213	CERTIFIED_DEFICIT	1400	1	1	0	0,0,0,0,0,0,0,0,0,0,0,0,0	0
4	1214	CERTIFIED_DEFICIT	1400	1	1	0	0,0,0,0,0,0,0,0,0,0,0,0,0	0
4	1215	CERTIFIED_DEFICIT	1400	1	1	0	0,0,0,0,0,0,0,0,0,0,0,0,0	0
4	1216	CERTIFIED_DEFICIT	1400	1	1	0	0,0,0,0,0,0,0,0,0,0,0,0,0	0
4	1217	CERTIFIED_DEFICIT	1400	1	1	0	0,0,0,0,0,0,0,0,0,0,0,0,0	0
4	1218	CERTIFIED_DEFICIT	1400	1	1	0	0,0,0,0,0,0,0,0,0,0,0,0,0	0
4	1219	CERTIFIED_DEFICIT	1400	1	1	0	0,0,0,0,0,0,0,0,0,0,0,0,0	0
4	1220	CERTIFIED_DEFICIT	1400	1	1	0	0,0,0,0,0,0,0,0,0,0,0,0,0	0
4	1221	CERTIFIED_DEFICIT	1400	1	1	0	0,0,0,0,0,0,0,0,0,0,0,0,0	0
4	1222	CERTIFIED_DEFICIT	1400	1	1	0	0,0,0,0,0,0,0,0,0,0,0,0,0	0
4	1223	CERTIFIED_DEFICIT	1400	1	1	0	0,0,0,0,0,0,0,0,0,0,0,0,0	0
4	1224	CERTIFIED_DEFICIT	1400	1	1	0	0,0,0,0,0,0,0,0,0,0,0,0,0	0
4	1225	CERTIFIED_DEFICIT	1400	1	1	0	0,0,0,0,0,0,0,0,0,0,0,0,0	0
4	1226	CERTIFIED_DEFICIT	1219	1	1	0	0,0,0,0,0,0,0,0,0,0,0,0,0	0
4	1227	CERTIFIED_DEFICIT	1400	1	1	0	0,0,0,0,0,0,0,0,0,0,0,0,0	0
4	1228	CERTIFIED_DEFICIT	1400	1	1	0	0,0,0,0,0,0,0,0,0,0,0,0,0	0
4	1229	CERTIFIED_DEFICIT	1400	1	1	0	0,0,0,0,0,0,0,0,0,0,0,0,0	0
4	1230	CERTIFIED_DEFICIT	1400	1	1	0	0,0,0,0,0,0,0,0,0,0,0,0,0	0
4	1231	CERTIFIED_DEFICIT	1400	1	1	0	0,0,0,0,0,0,0,0,0,0,0,0,0	0
4	1232	CERTIFIED_DEFICIT	1259	1	1	0	0,0,0,0,0,0,0,0,0,0,0,0,0	0
4	1233	CERTIFIED_DEFICIT	1400	1	1	0	0,0,0,0,0,0,0,0,0,0,0,0,0	0
4	1234	CERTIFIED_DEFICIT	1400	1	1	0	0,0,0,0,0,0,0,0,0,0,0,0,0	0
4	1235	CERTIFIED_DEFICIT	1400	1	1	0	0,0,0,0,0,0,0,0,0,0,0,0,0	0
4	1236	CERTIFIED_DEFICIT	1400	1	1	0	0,0,0,0,0,0,0,0,0,0,0,0,0	0
4	1237	CERTIFIED_DEFICIT	1400	1	1	0	0,0,0,0,0,0,0,0,0,0,0,0,0	0
4	1238	CERTIFIED_DEFICIT	1400	1	1	0	0,0,0,0,0,0,0,0,0,0,0,0,0	0
4	1239	CERTIFIED_DEFICIT	1400	1	1	0	0,0,0,0,0,0,0,0,0,0,0,0,0	0
4	1240	CERTIFIED_DEFICIT	1400	1	1	0	0,0,0,0,0,0,0,0,0,0,0,0,0	0
4	1241	CERTIFIED_DEFICIT	1241	1	1	0	0,0,0,0,0,0,0,0,0,0,0,0,0	0
4	1242	CERTIFIED_DEFICIT	1400	1	1	0	0,0,0,0,0,0,0,0,0,0,0,0,0	0
4	1243	CERTIFIED_DEFICIT	1400	1	1	0	0,0,0,0,0,0,0,0,0,0,0,0,0	0
4	1244	CERTIFIED_DEFICIT	1303	1	1	0	0,0,0,0,0,0,0,0,0,0,0,0,0	0
4	1245	CERTIFIED_DEFICIT	1400	1	1	0	0,0,0,0,0,0,0,0,0,0,0,0,0	0
4	1246	CERTIFIED_DEFICIT	1400	1	1	0	0,0,0,0,0,0,0,0,0,0,0,0,0	0
4	1247	CERTIFIED_DEFICIT	1400	1	1	0	0,0,0,0,0,0,0,0,0,0,0,0,0	0
4	1248	CERTIFIED_DEFICIT	1428,1554	1,1	2	1	0,0,0,0,0,0,0,0,0,0,1,0,0	24
4	1249	CERTIFIED_DEFICIT	1428,1554	1,1	2	1	0,0,0,0,0,0,0,0,0,0,1,0,0	24
4	1250	CERTIFIED_DEFICIT	1428,1554	1,1	2	1	0,0,0,0,0,0,0,0,0,0,1,0,0	24
4	1251	CERTIFIED_DEFICIT	1428,1554	1,1	2	1	0,0,0,0,0,0,0,0,0,0,1,0,0	24
4	1252	CERTIFIED_DEFICIT	1428,1554	1,1	2	1	0,0,0,0,0,0,0,0,0,0,1,0,0	24
4	1253	CERTIFIED_DEFICIT	1428,1554	1,1	2	1	0,0,0,0,0,0,0,0,0,0,1,0,0	24
4	1254	CERTIFIED_DEFICIT	1428,1554	1,1	2	1	0,0,0,0,0,0,0,0,0,0,1,0,0	24
4	1255	CERTIFIED_DEFICIT	1428,1554	1,1	2	1	0,0,0,0,0,0,0,0,0,0,1,0,0	24
4	1256	CERTIFIED_DEFICIT	1428,1554	1,1	2	1	0,0,0,0,0,0,0,0,0,0,1,0,0	24
4	1257	CERTIFIED_DEFICIT	1428,1554	1,1	2	1	0,0,0,0,0,0,0,0,0,0,1,0,0	24
4	1258	CERTIFIED_DEFICIT	1428,1554	1,1	2	1	0,0,0,0,0,0,0,0,0,0,1,0,0	24
4	1259	CERTIFIED_DEFICIT	1299,1405	1,1	2	1	1,0,0,0,0,0,0,0,0,0,0,0,0	24
4	1260	CERTIFIED_DEFICIT	1428,1554	1,1	2	1	0,0,0,0,0,0,0,0,0,0,1,0,0	24
4	1261	CERTIFIED_DEFICIT	1428,1554	1,1	2	1	0,0,0,0,0,0,0,0,0,0,1,0,0	24
4	1262	CERTIFIED_DEFICIT	1428,1554	1,1	2	1	0,0,0,0,0,0,0,0,0,0,1,0,0	24
4	1263	CERTIFIED_DEFICIT	1428,1554	1,1	2	1	0,0,0,0,0,0,0,0,0,0,1,0,0	24
4	1264	CERTIFIED_DEFICIT	1428,1554	1,1	2	1	0,0,0,0,0,0,0,0,0,0,1,0,0	24
4	1265	CERTIFIED_DEFICIT	1428,1554	1,1	2	1	0,0,0,0,0,0,0,0,0,0,1,0,0	24
4	1266	CERTIFIED_DEFICIT	1428,1554	1,1	2	1	0,0,0,0,0,0,0,0,0,0,1,0,0	24
4	1267	CERTIFIED_DEFICIT	1428,1554	1,1	2	1	0,0,0,0,0,0,0,0,0,0,1,0,0	24
4	1268	CERTIFIED_DEFICIT	1428,1554	1,1	2	1	0,0,0,0,0,0,0,0,0,0,1,0,0	24
4	1269	CERTIFIED_DEFICIT	1428,1554	1,1	2	1	0,0,0,0,0,0,0,0,0,0,1,0,0	24
4	1270	CERTIFIED_DEFICIT	1299,1405	1,1	2	1	0,1,0,0,0,0,0,0,0,0,0,0,0	24
4	1271	CERTIFIED_DEFICIT	1428,1554	1,1	2	1	0,0,0,0,0,0,0,0,0,0,1,0,0	24
4	1272	CERTIFIED_DEFICIT	1428,1554	1,1	2	1	0,0,0,0,0,0,0,0,0,0,1,0,0	24
4	1273	CERTIFIED_DEFICIT	1428,1554	1,1	2	1	0,0,0,0,0,0,0,0,0,0,1,0,0	24
4	1274	CERTIFIED_DEFICIT	1428,1554	1,1	2	1	0,0,0,0,0,0,0,0,0,0,1,0,0	24
4	1275	CERTIFIED_DEFICIT	1428,1554	1,1	2	1	0,0,0,0,0,0,0,0,0,0,1,0,0	24
4	1276	CERTIFIED_DEFICIT	1428,1554	1,1	2	1	0,0,0,0,0,0,0,0,0,0,1,0,0	24
4	1277	CERTIFIED_DEFICIT	1428,1554	1,1	2	1	0,0,0,0,0,0,0,0,0,0,1,0,0	24
4	1278	CERTIFIED_DEFICIT	1428,1554	1,1	2	1	0,0,0,0,0,0,0,0,0,0,1,0,0	24
4	1279	CERTIFIED_DEFICIT	1428,1554	1,1	2	1	0,0,0,0,0,0,0,0,0,0,1,0,0	24
4	1280	CERTIFIED_DEFICIT	1299,1387	1,1	2	1	0,0,1,0,0,0,0,0,0,0,0,0,0	24
4	1281	CERTIFIED_DEFICIT	1428,1554	1,1	2	1	0,0,0,0,0,0,0,0,0,0,1,0,0	24
4	1282	CERTIFIED_DEFICIT	1428,1554	1,1	2	1	0,0,0,0,0,0,0,0,0,0,1,0,0	24
4	1283	CERTIFIED_DEFICIT	1428,1554	1,1	2	1	0,0,0,0,0,0,0,0,0,0,1,0,0	24
4	1284	CERTIFIED_DEFICIT	1428,1554	1,1	2	1	0,0,0,0,0,0,0,0,0,0,1,0,0	24
4	1285	CERTIFIED_DEFICIT	1428,1554	1,1	2	1	0,0,0,0,0,0,0,0,0,0,1,0,0	24
4	1286	CERTIFIED_DEFICIT	1428,1554	1,1	2	1	0,0,0,0,0,0,0,0,0,0,1,0,0	24
4	1287	CERTIFIED_DEFICIT	1428,1554	1,1	2	1	0,0,0,0,0,0,0,0,0,0,1,0,0	24
4	1288	CERTIFIED_DEFICIT	1367,1425	1,1	2	1	0,0,0,0,0,0,0,0,0,0,0,0,1	24
4	1289	CERTIFIED_DEFICIT	1240,1269	1,1	2	1	0,0,0,0,0,0,0,0,0,0,0,0,1	24
4	1290	CERTIFIED_DEFICIT	1428,1554	1,1	2	1	0,0,0,0,0,0,0,0,0,0,1,0,0	24
4	1291	CERTIFIED_DEFICIT	1428,1554	1,1	2	1	0,0,0,0,0,0,0,0,0,0,1,0,0	24
4	1292	CERTIFIED_DEFICIT	1428,1554	1,1	2	1	0,0,0,0,0,0,0,0,0,0,1,0,0	24
4	1293	CERTIFIED_DEFICIT	1428,1554	1,1	2	1	0,0,0,0,0,0,0,0,0,0,1,0,0	24
4	1294	CERTIFIED_DEFICIT	1428,1554	1,1	2	1	0,0,0,0,0,0,0,0,0,0,1,0,0	24
4	1295	CERTIFIED_DEFICIT	1428,1554	1,1	2	1	0,0,0,0,0,0,0,0,0,0,1,0,0	24
4	1296	CERTIFIED_DEFICIT	1428,1554	1,1	2	1	0,0,0,0,0,0,0,0,0,0,1,0,0	24
4	1297	CERTIFIED_DEFICIT	1258,1265	1,1	2	1	0,0,0,0,0,0,0,0,0,0,0,0,1	24
4	1298	CERTIFIED_DEFICIT	1428,1554	1,1	2	1	0,0,0,0,0,0,0,0,0,0,1,0,0	24
4	1299	CERTIFIED_DEFICIT	1428,1554	1,1	2	1	0,0,0,0,0,0,0,0,0,0,1,0,0	24
4	1300	CERTIFIED_DEFICIT	1428,1554	1,1	2	1	0,0,0,0,0,0,0,0,0,0,1,0,0	24
4	1301	CERTIFIED_DEFICIT	1428,1554	1,1	2	1	0,0,0,0,0,0,0,0,0,0,1,0,0	24
4	1302	CERTIFIED_DEFICIT	1428,1554	1,1	2	1	0,0,0,0,0,0,0,0,0,0,1,0,0	24
4	1303	CERTIFIED_DEFICIT	1428,1554	1,1	2	1	0,0,0,0,0,0,0,0,0,0,1,0,0	24
4	1304	CERTIFIED_DEFICIT	1219	1	1	0	0,0,0,0,0,0,0,0,0,0,0,0,0	0
4	1305	CERTIFIED_DEFICIT	1428,1554	1,1	2	1	0,0,0,0,0,0,0,0,0,0,1,0,0	24
4	1306	CERTIFIED_DEFICIT	1428,1554	1,1	2	1	0,0,0,0,0,0,0,0,0,0,1,0,0	24
4	1307	CERTIFIED_DEFICIT	1428,1554	1,1	2	1	0,0,0,0,0,0,0,0,0,0,1,0,0	24
4	1308	CERTIFIED_DEFICIT	1428,1554	1,1	2	1	0,0,0,0,0,0,0,0,0,0,1,0,0	24
4	1309	CERTIFIED_DEFICIT	1327,1465	1,1	2	1	0,0,0,0,0,0,0,0,0,0,0,0,1	24
4	1310	CERTIFIED_DEFICIT	1259	1	1	0	0,0,0,0,0,0,0,0,0,0,0,0,0	0
4	1311	CERTIFIED_DEFICIT	1428,1554	1,1	2	1	0,0,0,0,0,0,0,0,0,0,1,0,0	24
4	1312	CERTIFIED_DEFICIT	1428,1554	1,1	2	1	0,0,0,0,0,0,0,0,0,0,1,0,0	24
4	1313	CERTIFIED_DEFICIT	1428,1554	1,1	2	1	0,0,0,0,0,0,0,0,0,0,1,0,0	24
4	1314	CERTIFIED_DEFICIT	1273,1671	1,1	2	1	0,0,0,0,0,0,0,0,0,0,0,0,1	24
4	1315	CERTIFIED_DEFICIT	1235,1249	1,1	2	1	0,0,0,0,0,0,0,0,0,0,0,0,1	24
4	1316	CERTIFIED_DEFICIT	1428,1554	1,1	2	1	0,0,0,0,0,0,0,0,0,0,1,0,0	24
4	1317	CERTIFIED_DEFICIT	1428,1554	1,1	2	1	0,0,0,0,0,0,0,0,0,0,1,0,0	24
4	1318	CERTIFIED_DEFICIT	1255,1537	1,1	2	1	0,0,0,0,0,0,0,0,0,0,0,0,1	24
4	1319	CERTIFIED_DEFICIT	1241	1	1	0	0,0,0,0,0,0,0,0,0,0,0,0,0	0
4	1320	CERTIFIED_DEFICIT	1428,1554	1,1	2	1	0,0,0,0,0,0,0,0,0,0,1,0,0	24
4	1321	CERTIFIED_DEFICIT	1428,1554	1,1	2	1	0,0,0,0,0,0,0,0,0,0,1,0,0	24
4	1322	CERTIFIED_DEFICIT	1303	1	1	0	0,0,0,0,0,0,0,0,0,0,0,0,0	0
4	1323	CERTIFIED_DEFICIT	1428,1554	1,1	2	1	0,0,0,0,0,0,0,0,0,0,1,0,0	24
4	1324	CERTIFIED_DEFICIT	1229,1243	1,1	2	1	0,0,0,0,0,0,0,0,0,0,0,0,1	24
4	1325	CERTIFIED_DEFICIT	1233,1291	1,1	2	1	0,0,0,0,0,0,0,0,0,0,0,0,1	24
4	1326	CERTIFIED_DEFICIT	1988	1	1	0	0,0,0,0,0,0,0,0,0,0,0,0,0	0
4	1327	CERTIFIED_DEFICIT	1988	1	1	0	0,0,0,0,0,0,0,0,0,0,0,0,0	0
4	1328	CERTIFIED_DEFICIT	1988	1	1	0	0,0,0,0,0,0,0,0,0,0,0,0,0	0
4	1329	CERTIFIED_DEFICIT	1988	1	1	0	0,0,0,0,0,0,0,0,0,0,0,0,0	0
4	1330	CERTIFIED_DEFICIT	1988	1	1	0	0,0,0,0,0,0,0,0,0,0,0,0,0	0
4	1331	CERTIFIED_DEFICIT	1988	1	1	0	0,0,0,0,0,0,0,0,0,0,0,0,0	0
4	1332	CERTIFIED_DEFICIT	1988	1	1	0	0,0,0,0,0,0,0,0,0,0,0,0,0	0
4	1333	CERTIFIED_DEFICIT	1988	1	1	0	0,0,0,0,0,0,0,0,0,0,0,0,0	0
4	1334	CERTIFIED_DEFICIT	1988	1	1	0	0,0,0,0,0,0,0,0,0,0,0,0,0	0
4	1335	CERTIFIED_DEFICIT	1988	1	1	0	0,0,0,0,0,0,0,0,0,0,0,0,0	0
4	1336	CERTIFIED_DEFICIT	1988	1	1	0	0,0,0,0,0,0,0,0,0,0,0,0,0	0
4	1337	CERTIFIED_DEFICIT	1988	1	1	0	0,0,0,0,0,0,0,0,0,0,0,0,0	0
4	1338	CERTIFIED_DEFICIT	1988	1	1	0	0,0,0,0,0,0,0,0,0,0,0,0,0	0
4	1339	CERTIFIED_DEFICIT	1988	1	1	0	0,0,0,0,0,0,0,0,0,0,0,0,0	0
4	1340	CERTIFIED_DEFICIT	1988	1	1	0	0,0,0,0,0,0,0,0,0,0,0,0,0	0
4	1341	CERTIFIED_DEFICIT	1988	1	1	0	0,0,0,0,0,0,0,0,0,0,0,0,0	0
4	1342	CERTIFIED_DEFICIT	1988	1	1	0	0,0,0,0,0,0,0,0,0,0,0,0,0	0
4	1343	CERTIFIED_DEFICIT	1988	1	1	0	0,0,0,0,0,0,0,0,0,0,0,0,0	0
4	1344	CERTIFIED_DEFICIT	1988	1	1	0	0,0,0,0,0,0,0,0,0,0,0,0,0	0
4	1345	CERTIFIED_DEFICIT	1988	1	1	0	0,0,0,0,0,0,0,0,0,0,0,0,0	0
4	1346	CERTIFIED_DEFICIT	1988	1	1	0	0,0,0,0,0,0,0,0,0,0,0,0,0	0
4	1347	CERTIFIED_DEFICIT	1988	1	1	0	0,0,0,0,0,0,0,0,0,0,0,0,0	0
4	1348	CERTIFIED_DEFICIT	1988	1	1	0	0,0,0,0,0,0,0,0,0,0,0,0,0	0
4	1349	CERTIFIED_DEFICIT	1988	1	1	0	0,0,0,0,0,0,0,0,0,0,0,0,0	0
4	1350	CERTIFIED_DEFICIT	1988	1	1	0	0,0,0,0,0,0,0,0,0,0,0,0,0	0
4	1351	CERTIFIED_DEFICIT	1988	1	1	0	0,0,0,0,0,0,0,0,0,0,0,0,0	0
4	1352	CERTIFIED_DEFICIT	1988	1	1	0	0,0,0,0,0,0,0,0,0,0,0,0,0	0
4	1353	CERTIFIED_DEFICIT	1988	1	1	0	0,0,0,0,0,0,0,0,0,0,0,0,0	0
4	1354	CERTIFIED_DEFICIT	1988	1	1	0	0,0,0,0,0,0,0,0,0,0,0,0,0	0
4	1355	CERTIFIED_DEFICIT	1988	1	1	0	0,0,0,0,0,0,0,0,0,0,0,0,0	0
4	1356	CERTIFIED_DEFICIT	1988	1	1	0	0,0,0,0,0,0,0,0,0,0,0,0,0	0
4	1357	CERTIFIED_DEFICIT	1988	1	1	0	0,0,0,0,0,0,0,0,0,0,0,0,0	0
4	1358	CERTIFIED_DEFICIT	1988	1	1	0	0,0,0,0,0,0,0,0,0,0,0,0,0	0
4	1359	CERTIFIED_DEFICIT	1988	1	1	0	0,0,0,0,0,0,0,0,0,0,0,0,0	0
4	1360	CERTIFIED_DEFICIT	1988	1	1	0	0,0,0,0,0,0,0,0,0,0,0,0,0	0
4	1361	CERTIFIED_DEFICIT	1988	1	1	0	0,0,0,0,0,0,0,0,0,0,0,0,0	0
4	1362	CERTIFIED_DEFICIT	1988	1	1	0	0,0,0,0,0,0,0,0,0,0,0,0,0	0
4	1363	CERTIFIED_DEFICIT	1988	1	1	0	0,0,0,0,0,0,0,0,0,0,0,0,0	0
4	1364	CERTIFIED_DEFICIT	1988	1	1	0	0,0,0,0,0,0,0,0,0,0,0,0,0	0
4	1365	CERTIFIED_DEFICIT	1988	1	1	0	0,0,0,0,0,0,0,0,0,0,0,0,0	0
4	1366	CERTIFIED_DEFICIT	1988	1	1	0	0,0,0,0,0,0,0,0,0,0,0,0,0	0
4	1367	CERTIFIED_DEFICIT	1988	1	1	0	0,0,0,0,0,0,0,0,0,0,0,0,0	0
4	1368	CERTIFIED_DEFICIT	1988	1	1	0	0,0,0,0,0,0,0,0,0,0,0,0,0	0
4	1369	CERTIFIED_DEFICIT	1988	1	1	0	0,0,0,0,0,0,0,0,0,0,0,0,0	0
4	1370	CERTIFIED_DEFICIT	1988	1	1	0	0,0,0,0,0,0,0,0,0,0,0,0,0	0
4	1371	CERTIFIED_DEFICIT	1988	1	1	0	0,0,0,0,0,0,0,0,0,0,0,0,0	0
4	1372	CERTIFIED_DEFICIT	1988	1	1	0	0,0,0,0,0,0,0,0,0,0,0,0,0	0
4	1373	CERTIFIED_DEFICIT	1988	1	1	0	0,0,0,0,0,0,0,0,0,0,0,0,0	0
4	1374	CERTIFIED_DEFICIT	1988	1	1	0	0,0,0,0,0,0,0,0,0,0,0,0,0	0
4	1375	CERTIFIED_DEFICIT	1988	1	1	0	0,0,0,0,0,0,0,0,0,0,0,0,0	0
4	1376	CERTIFIED_DEFICIT	1988	1	1	0	0,0,0,0,0,0,0,0,0,0,0,0,0	0
4	1377	CERTIFIED_DEFICIT	1988	1	1	0	0,0,0,0,0,0,0,0,0,0,0,0,0	0
4	1378	CERTIFIED_DEFICIT	1988	1	1	0	0,0,0,0,0,0,0,0,0,0,0,0,0	0
4	1379	CERTIFIED_DEFICIT	1988	1	1	0	0,0,0,0,0,0,0,0,0,0,0,0,0	0
4	1380	CERTIFIED_DEFICIT	1988	1	1	0	0,0,0,0,0,0,0,0,0,0,0,0,0	0
4	1381	CERTIFIED_DEFICIT	1988	1	1	0	0,0,0,0,0,0,0,0,0,0,0,0,0	0
4	1382	CERTIFIED_DEFICIT	1219	1	1	0	0,0,0,0,0,0,0,0,0,0,0,0,0	0
4	1383	CERTIFIED_DEFICIT	1988	1	1	0	0,0,0,0,0,0,0,0,0,0,0,0,0	0
4	1384	CERTIFIED_DEFICIT	1988	1	1	0	0,0,0,0,0,0,0,0,0,0,0,0,0	0
4	1385	CERTIFIED_DEFICIT	1988	1	1	0	0,0,0,0,0,0,0,0,0,0,0,0,0	0
4	1386	CERTIFIED_DEFICIT	1988	1	1	0	0,0,0,0,0,0,0,0,0,0,0,0,0	0
4	1387	CERTIFIED_DEFICIT	1988	1	1	0	0,0,0,0,0,0,0,0,0,0,0,0,0	0
4	1388	CERTIFIED_DEFICIT	1259	1	1	0	0,0,0,0,0,0,0,0,0,0,0,0,0	0
4	1389	CERTIFIED_DEFICIT	1988	1	1	0	0,0,0,0,0,0,0,0,0,0,0,0,0	0
4	1390	CERTIFIED_DEFICIT	1988	1	1	0	0,0,0,0,0,0,0,0,0,0,0,0,0	0
4	1391	CERTIFIED_DEFICIT	1988	1	1	0	0,0,0,0,0,0,0,0,0,0,0,0,0	0
4	1392	CERTIFIED_DEFICIT	1988	1	1	0	0,0,0,0,0,0,0,0,0,0,0,0,0	0
4	1393	CERTIFIED_DEFICIT	1988	1	1	0	0,0,0,0,0,0,0,0,0,0,0,0,0	0
4	1394	CERTIFIED_DEFICIT	1988	1	1	0	0,0,0,0,0,0,0,0,0,0,0,0,0	0
4	1395	CERTIFIED_DEFICIT	1988	1	1	0	0,0,0,0,0,0,0,0,0,0,0,0,0	0
4	1396	CERTIFIED_DEFICIT	1988	1	1	0	0,0,0,0,0,0,0,0,0,0,0,0,0	0
4	1397	CERTIFIED_DEFICIT	1241	1	1	0	0,0,0,0,0,0,0,0,0,0,0,0,0	0
4	1398	CERTIFIED_DEFICIT	1988	1	1	0	0,0,0,0,0,0,0,0,0,0,0,0,0	0
4	1399	CERTIFIED_DEFICIT	1988	1	1	0	0,0,0,0,0,0,0,0,0,0,0,0,0	0
4	1400	CERTIFIED_DEFICIT	1303	1	1	0	0,0,0,0,0,0,0,0,0,0,0,0,0	0
4	1401	CERTIFIED_DEFICIT	1988	1	1	0	0,0,0,0,0,0,0,0,0,0,0,0,0	0
4	1402	CERTIFIED_DEFICIT	1988	1	1	0	0,0,0,0,0,0,0,0,0,0,0,0,0	0
4	1403	CERTIFIED_DEFICIT	1988	1	1	0	0,0,0,0,0,0,0,0,0,0,0,0,0	0
4	1404	CERTIFIED_DEFICIT	1484	1	1	0	0,0,0,0,0,0,0,0,0,0,0,0,0	0
4	1405	CERTIFIED_DEFICIT	1484	1	1	0	0,0,0,0,0,0,0,0,0,0,0,0,0	0
4	1406	CERTIFIED_DEFICIT	1484	1	1	0	0,0,0,0,0,0,0,0,0,0,0,0,0	0
4	1407	CERTIFIED_DEFICIT	1484	1	1	0	0,0,0,0,0,0,0,0,0,0,0,0,0	0
4	1408	CERTIFIED_DEFICIT	1484	1	1	0	0,0,0,0,0,0,0,0,0,0,0,0,0	0
4	1409	CERTIFIED_DEFICIT	1484	1	1	0	0,0,0,0,0,0,0,0,0,0,0,0,0	0
4	1410	CERTIFIED_DEFICIT	1484	1	1	0	0,0,0,0,0,0,0,0,0,0,0,0,0	0
4	1411	CERTIFIED_DEFICIT	1484	1	1	0	0,0,0,0,0,0,0,0,0,0,0,0,0	0
4	1412	CERTIFIED_DEFICIT	1484	1	1	0	0,0,0,0,0,0,0,0,0,0,0,0,0	0
4	1413	CERTIFIED_DEFICIT	1484	1	1	0	0,0,0,0,0,0,0,0,0,0,0,0,0	0
4	1414	CERTIFIED_DEFICIT	1484	1	1	0	0,0,0,0,0,0,0,0,0,0,0,0,0	0
4	1415	CERTIFIED_DEFICIT	1484	1	1	0	0,0,0,0,0,0,0,0,0,0,0,0,0	0
4	1416	CERTIFIED_DEFICIT	1484	1	1	0	0,0,0,0,0,0,0,0,0,0,0,0,0	0
4	1417	CERTIFIED_DEFICIT	1484	1	1	0	0,0,0,0,0,0,0,0,0,0,0,0,0	0
4	1418	CERTIFIED_DEFICIT	1484	1	1	0	0,0,0,0,0,0,0,0,0,0,0,0,0	0
4	1419	CERTIFIED_DEFICIT	1484	1	1	0	0,0,0,0,0,0,0,0,0,0,0,0,0	0
4	1420	CERTIFIED_DEFICIT	1484	1	1	0	0,0,0,0,0,0,0,0,0,0,0,0,0	0
4	1421	CERTIFIED_DEFICIT	1484	1	1	0	0,0,0,0,0,0,0,0,0,0,0,0,0	0
4	1422	CERTIFIED_DEFICIT	1484	1	1	0	0,0,0,0,0,0,0,0,0,0,0,0,0	0
4	1423	CERTIFIED_DEFICIT	1484	1	1	0	0,0,0,0,0,0,0,0,0,0,0,0,0	0
4	1424	CERTIFIED_DEFICIT	1484	1	1	0	0,0,0,0,0,0,0,0,0,0,0,0,0	0
4	1425	CERTIFIED_DEFICIT	1484	1	1	0	0,0,0,0,0,0,0,0,0,0,0,0,0	0
4	1426	CERTIFIED_DEFICIT	1484	1	1	0	0,0,0,0,0,0,0,0,0,0,0,0,0	0
4	1427	CERTIFIED_DEFICIT	1484	1	1	0	0,0,0,0,0,0,0,0,0,0,0,0,0	0
4	1428	CERTIFIED_DEFICIT	1484	1	1	0	0,0,0,0,0,0,0,0,0,0,0,0,0	0
4	1429	CERTIFIED_DEFICIT	1484	1	1	0	0,0,0,0,0,0,0,0,0,0,0,0,0	0
4	1430	CERTIFIED_DEFICIT	1484	1	1	0	0,0,0,0,0,0,0,0,0,0,0,0,0	0
4	1431	CERTIFIED_DEFICIT	1484	1	1	0	0,0,0,0,0,0,0,0,0,0,0,0,0	0
4	1432	CERTIFIED_DEFICIT	1484	1	1	0	0,0,0,0,0,0,0,0,0,0,0,0,0	0
4	1433	CERTIFIED_DEFICIT	1484	1	1	0	0,0,0,0,0,0,0,0,0,0,0,0,0	0
4	1434	CERTIFIED_DEFICIT	1484	1	1	0	0,0,0,0,0,0,0,0,0,0,0,0,0	0
4	1435	CERTIFIED_DEFICIT	1484	1	1	0	0,0,0,0,0,0,0,0,0,0,0,0,0	0
4	1436	CERTIFIED_DEFICIT	1484	1	1	0	0,0,0,0,0,0,0,0,0,0,0,0,0	0
4	1437	CERTIFIED_DEFICIT	1484	1	1	0	0,0,0,0,0,0,0,0,0,0,0,0,0	0
4	1438	CERTIFIED_DEFICIT	1484	1	1	0	0,0,0,0,0,0,0,0,0,0,0,0,0	0
4	1439	CERTIFIED_DEFICIT	1484	1	1	0	0,0,0,0,0,0,0,0,0,0,0,0,0	0
4	1440	CERTIFIED_DEFICIT	1484	1	1	0	0,0,0,0,0,0,0,0,0,0,0,0,0	0
4	1441	CERTIFIED_DEFICIT	1484	1	1	0	0,0,0,0,0,0,0,0,0,0,0,0,0	0
4	1442	CERTIFIED_DEFICIT	1484	1	1	0	0,0,0,0,0,0,0,0,0,0,0,0,0	0
4	1443	CERTIFIED_DEFICIT	1484	1	1	0	0,0,0,0,0,0,0,0,0,0,0,0,0	0
4	1444	CERTIFIED_DEFICIT	1484	1	1	0	0,0,0,0,0,0,0,0,0,0,0,0,0	0
4	1445	CERTIFIED_DEFICIT	1484	1	1	0	0,0,0,0,0,0,0,0,0,0,0,0,0	0
4	1446	CERTIFIED_DEFICIT	1484	1	1	0	0,0,0,0,0,0,0,0,0,0,0,0,0	0
4	1447	CERTIFIED_DEFICIT	1484	1	1	0	0,0,0,0,0,0,0,0,0,0,0,0,0	0
4	1448	CERTIFIED_DEFICIT	1484	1	1	0	0,0,0,0,0,0,0,0,0,0,0,0,0	0
4	1449	CERTIFIED_DEFICIT	1484	1	1	0	0,0,0,0,0,0,0,0,0,0,0,0,0	0
4	1450	CERTIFIED_DEFICIT	1484	1	1	0	0,0,0,0,0,0,0,0,0,0,0,0,0	0
4	1451	CERTIFIED_DEFICIT	1484	1	1	0	0,0,0,0,0,0,0,0,0,0,0,0,0	0
4	1452	CERTIFIED_DEFICIT	1484	1	1	0	0,0,0,0,0,0,0,0,0,0,0,0,0	0
4	1453	CERTIFIED_DEFICIT	1484	1	1	0	0,0,0,0,0,0,0,0,0,0,0,0,0	0
4	1454	CERTIFIED_DEFICIT	1484	1	1	0	0,0,0,0,0,0,0,0,0,0,0,0,0	0
4	1455	CERTIFIED_DEFICIT	1484	1	1	0	0,0,0,0,0,0,0,0,0,0,0,0,0	0
4	1456	CERTIFIED_DEFICIT	1484	1	1	0	0,0,0,0,0,0,0,0,0,0,0,0,0	0
4	1457	CERTIFIED_DEFICIT	1484	1	1	0	0,0,0,0,0,0,0,0,0,0,0,0,0	0
4	1458	CERTIFIED_DEFICIT	1484	1	1	0	0,0,0,0,0,0,0,0,0,0,0,0,0	0
4	1459	CERTIFIED_DEFICIT	1484	1	1	0	0,0,0,0,0,0,0,0,0,0,0,0,0	0
4	1460	CERTIFIED_DEFICIT	1219	1	1	0	0,0,0,0,0,0,0,0,0,0,0,0,0	0
4	1461	CERTIFIED_DEFICIT	1484	1	1	0	0,0,0,0,0,0,0,0,0,0,0,0,0	0
4	1462	CERTIFIED_DEFICIT	1484	1	1	0	0,0,0,0,0,0,0,0,0,0,0,0,0	0
4	1463	CERTIFIED_DEFICIT	1484	1	1	0	0,0,0,0,0,0,0,0,0,0,0,0,0	0
4	1464	CERTIFIED_DEFICIT	1484	1	1	0	0,0,0,0,0,0,0,0,0,0,0,0,0	0
4	1465	CERTIFIED_DEFICIT	1484	1	1	0	0,0,0,0,0,0,0,0,0,0,0,0,0	0
4	1466	CERTIFIED_DEFICIT	1259	1	1	0	0,0,0,0,0,0,0,0,0,0,0,0,0	0
4	1467	CERTIFIED_DEFICIT	1484	1	1	0	0,0,0,0,0,0,0,0,0,0,0,0,0	0
4	1468	CERTIFIED_DEFICIT	1484	1	1	0	0,0,0,0,0,0,0,0,0,0,0,0,0	0
4	1469	CERTIFIED_DEFICIT	1484	1	1	0	0,0,0,0,0,0,0,0,0,0,0,0,0	0
4	1470	CERTIFIED_DEFICIT	1484	1	1	0	0,0,0,0,0,0,0,0,0,0,0,0,0	0
4	1471	CERTIFIED_DEFICIT	1484	1	1	0	0,0,0,0,0,0,0,0,0,0,0,0,0	0
4	1472	CERTIFIED_DEFICIT	1484	1	1	0	0,0,0,0,0,0,0,0,0,0,0,0,0	0
4	1473	CERTIFIED_DEFICIT	1484	1	1	0	0,0,0,0,0,0,0,0,0,0,0,0,0	0
4	1474	CERTIFIED_DEFICIT	1484	1	1	0	0,0,0,0,0,0,0,0,0,0,0,0,0	0
4	1475	CERTIFIED_DEFICIT	1241	1	1	0	0,0,0,0,0,0,0,0,0,0,0,0,0	0
4	1476	CERTIFIED_DEFICIT	1484	1	1	0	0,0,0,0,0,0,0,0,0,0,0,0,0	0
4	1477	CERTIFIED_DEFICIT	1484	1	1	0	0,0,0,0,0,0,0,0,0,0,0,0,0	0
4	1478	CERTIFIED_DEFICIT	1303	1	1	0	0,0,0,0,0,0,0,0,0,0,0,0,0	0
4	1479	CERTIFIED_DEFICIT	1484	1	1	0	0,0,0,0,0,0,0,0,0,0,0,0,0	0
4	1480	CERTIFIED_DEFICIT	1484	1	1	0	0,0,0,0,0,0,0,0,0,0,0,0,0	0
4	1481	CERTIFIED_DEFICIT	1484	1	1	0	0,0,0,0,0,0,0,0,0,0,0,0,0	0
4	1482	CERTIFIED_DEFICIT	2072	1	1	0	0,0,0,0,0,0,0,0,0,0,0,0,0	0
4	1483	CERTIFIED_DEFICIT	2072	1	1	0	0,0,0,0,0,0,0,0,0,0,0,0,0	0
4	1484	CERTIFIED_DEFICIT	2072	1	1	0	0,0,0,0,0,0,0,0,0,0,0,0,0	0
4	1485	CERTIFIED_DEFICIT	2072	1	1	0	0,0,0,0,0,0,0,0,0,0,0,0,0	0
4	1486	CERTIFIED_DEFICIT	2072	1	1	0	0,0,0,0,0,0,0,0,0,0,0,0,0	0
4	1487	CERTIFIED_DEFICIT	2072	1	1	0	0,0,0,0,0,0,0,0,0,0,0,0,0	0
4	1488	CERTIFIED_DEFICIT	2072	1	1	0	0,0,0,0,0,0,0,0,0,0,0,0,0	0
4	1489	CERTIFIED_DEFICIT	2072	1	1	0	0,0,0,0,0,0,0,0,0,0,0,0,0	0
4	1490	CERTIFIED_DEFICIT	2072	1	1	0	0,0,0,0,0,0,0,0,0,0,0,0,0	0
4	1491	CERTIFIED_DEFICIT	2072	1	1	0	0,0,0,0,0,0,0,0,0,0,0,0,0	0
4	1492	CERTIFIED_DEFICIT	2072	1	1	0	0,0,0,0,0,0,0,0,0,0,0,0,0	0
4	1493	CERTIFIED_DEFICIT	2072	1	1	0	0,0,0,0,0,0,0,0,0,0,0,0,0	0
4	1494	CERTIFIED_DEFICIT	2072	1	1	0	0,0,0,0,0,0,0,0,0,0,0,0,0	0
4	1495	CERTIFIED_DEFICIT	2072	1	1	0	0,0,0,0,0,0,0,0,0,0,0,0,0	0
4	1496	CERTIFIED_DEFICIT	2072	1	1	0	0,0,0,0,0,0,0,0,0,0,0,0,0	0
4	1497	CERTIFIED_DEFICIT	2072	1	1	0	0,0,0,0,0,0,0,0,0,0,0,0,0	0
4	1498	CERTIFIED_DEFICIT	2072	1	1	0	0,0,0,0,0,0,0,0,0,0,0,0,0	0
4	1499	CERTIFIED_DEFICIT	2072	1	1	0	0,0,0,0,0,0,0,0,0,0,0,0,0	0
4	1500	CERTIFIED_DEFICIT	2072	1	1	0	0,0,0,0,0,0,0,0,0,0,0,0,0	0
4	1501	CERTIFIED_DEFICIT	2072	1	1	0	0,0,0,0,0,0,0,0,0,0,0,0,0	0
4	1502	CERTIFIED_DEFICIT	2072	1	1	0	0,0,0,0,0,0,0,0,0,0,0,0,0	0
4	1503	CERTIFIED_DEFICIT	2072	1	1	0	0,0,0,0,0,0,0,0,0,0,0,0,0	0
4	1504	CERTIFIED_DEFICIT	2072	1	1	0	0,0,0,0,0,0,0,0,0,0,0,0,0	0
4	1505	CERTIFIED_DEFICIT	2072	1	1	0	0,0,0,0,0,0,0,0,0,0,0,0,0	0
4	1506	CERTIFIED_DEFICIT	2072	1	1	0	0,0,0,0,0,0,0,0,0,0,0,0,0	0
4	1507	CERTIFIED_DEFICIT	2072	1	1	0	0,0,0,0,0,0,0,0,0,0,0,0,0	0
4	1508	CERTIFIED_DEFICIT	2072	1	1	0	0,0,0,0,0,0,0,0,0,0,0,0,0	0
4	1509	CERTIFIED_DEFICIT	2072	1	1	0	0,0,0,0,0,0,0,0,0,0,0,0,0	0
4	1510	CERTIFIED_DEFICIT	2072	1	1	0	0,0,0,0,0,0,0,0,0,0,0,0,0	0
4	1511	CERTIFIED_DEFICIT	2072	1	1	0	0,0,0,0,0,0,0,0,0,0,0,0,0	0
4	1512	CERTIFIED_DEFICIT	2072	1	1	0	0,0,0,0,0,0,0,0,0,0,0,0,0	0
4	1513	CERTIFIED_DEFICIT	2072	1	1	0	0,0,0,0,0,0,0,0,0,0,0,0,0	0
4	1514	CERTIFIED_DEFICIT	2072	1	1	0	0,0,0,0,0,0,0,0,0,0,0,0,0	0
4	1515	CERTIFIED_DEFICIT	2072	1	1	0	0,0,0,0,0,0,0,0,0,0,0,0,0	0
4	1516	CERTIFIED_DEFICIT	2072	1	1	0	0,0,0,0,0,0,0,0,0,0,0,0,0	0
4	1517	CERTIFIED_DEFICIT	2072	1	1	0	0,0,0,0,0,0,0,0,0,0,0,0,0	0
4	1518	CERTIFIED_DEFICIT	2072	1	1	0	0,0,0,0,0,0,0,0,0,0,0,0,0	0
4	1519	CERTIFIED_DEFICIT	2072	1	1	0	0,0,0,0,0,0,0,0,0,0,0,0,0	0
4	1520	CERTIFIED_DEFICIT	2072	1	1	0	0,0,0,0,0,0,0,0,0,0,0,0,0	0
4	1521	CERTIFIED_DEFICIT	2072	1	1	0	0,0,0,0,0,0,0,0,0,0,0,0,0	0
4	1522	CERTIFIED_DEFICIT	2072	1	1	0	0,0,0,0,0,0,0,0,0,0,0,0,0	0
4	1523	CERTIFIED_DEFICIT	2072	1	1	0	0,0,0,0,0,0,0,0,0,0,0,0,0	0
4	1524	CERTIFIED_DEFICIT	2072	1	1	0	0,0,0,0,0,0,0,0,0,0,0,0,0	0
4	1525	CERTIFIED_DEFICIT	2072	1	1	0	0,0,0,0,0,0,0,0,0,0,0,0,0	0
4	1526	CERTIFIED_DEFICIT	2072	1	1	0	0,0,0,0,0,0,0,0,0,0,0,0,0	0
4	1527	CERTIFIED_DEFICIT	2072	1	1	0	0,0,0,0,0,0,0,0,0,0,0,0,0	0
4	1528	CERTIFIED_DEFICIT	2072	1	1	0	0,0,0,0,0,0,0,0,0,0,0,0,0	0
4	1529	CERTIFIED_DEFICIT	2072	1	1	0	0,0,0,0,0,0,0,0,0,0,0,0,0	0
4	1530	CERTIFIED_DEFICIT	2072	1	1	0	0,0,0,0,0,0,0,0,0,0,0,0,0	0
4	1531	CERTIFIED_DEFICIT	2072	1	1	0	0,0,0,0,0,0,0,0,0,0,0,0,0	0
4	1532	CERTIFIED_DEFICIT	2072	1	1	0	0,0,0,0,0,0,0,0,0,0,0,0,0	0
4	1533	CERTIFIED_DEFICIT	2072	1	1	0	0,0,0,0,0,0,0,0,0,0,0,0,0	0
4	1534	CERTIFIED_DEFICIT	2072	1	1	0	0,0,0,0,0,0,0,0,0,0,0,0,0	0
4	1535	CERTIFIED_DEFICIT	2072	1	1	0	0,0,0,0,0,0,0,0,0,0,0,0,0	0
4	1536	CERTIFIED_DEFICIT	2072	1	1	0	0,0,0,0,0,0,0,0,0,0,0,0,0	0
4	1537	CERTIFIED_DEFICIT	2072	1	1	0	0,0,0,0,0,0,0,0,0,0,0,0,0	0
4	1538	CERTIFIED_DEFICIT	1219	1	1	0	0,0,0,0,0,0,0,0,0,0,0,0,0	0
4	1539	CERTIFIED_DEFICIT	2072	1	1	0	0,0,0,0,0,0,0,0,0,0,0,0,0	0
4	1540	CERTIFIED_DEFICIT	2072	1	1	0	0,0,0,0,0,0,0,0,0,0,0,0,0	0
4	1541	CERTIFIED_DEFICIT	2072	1	1	0	0,0,0,0,0,0,0,0,0,0,0,0,0	0
4	1542	CERTIFIED_DEFICIT	2072	1	1	0	0,0,0,0,0,0,0,0,0,0,0,0,0	0
4	1543	CERTIFIED_DEFICIT	2072	1	1	0	0,0,0,0,0,0,0,0,0,0,0,0,0	0
4	1544	CERTIFIED_DEFICIT	1259	1	1	0	0,0,0,0,0,0,0,0,0,0,0,0,0	0
4	1545	CERTIFIED_DEFICIT	2072	1	1	0	0,0,0,0,0,0,0,0,0,0,0,0,0	0
4	1546	CERTIFIED_DEFICIT	2072	1	1	0	0,0,0,0,0,0,0,0,0,0,0,0,0	0
4	1547	CERTIFIED_DEFICIT	2072	1	1	0	0,0,0,0,0,0,0,0,0,0,0,0,0	0
4	1548	CERTIFIED_DEFICIT	2072	1	1	0	0,0,0,0,0,0,0,0,0,0,0,0,0	0
4	1549	CERTIFIED_DEFICIT	2072	1	1	0	0,0,0,0,0,0,0,0,0,0,0,0,0	0
4	1550	CERTIFIED_DEFICIT	2072	1	1	0	0,0,0,0,0,0,0,0,0,0,0,0,0	0
4	1551	CERTIFIED_DEFICIT	2072	1	1	0	0,0,0,0,0,0,0,0,0,0,0,0,0	0
4	1552	CERTIFIED_DEFICIT	2072	1	1	0	0,0,0,0,0,0,0,0,0,0,0,0,0	0
4	1553	CERTIFIED_DEFICIT	1241	1	1	0	0,0,0,0,0,0,0,0,0,0,0,0,0	0
4	1554	CERTIFIED_DEFICIT	2072	1	1	0	0,0,0,0,0,0,0,0,0,0,0,0,0	0
4	1555	CERTIFIED_DEFICIT	2072	1	1	0	0,0,0,0,0,0,0,0,0,0,0,0,0	0
4	1556	CERTIFIED_DEFICIT	1303	1	1	0	0,0,0,0,0,0,0,0,0,0,0,0,0	0
4	1557	CERTIFIED_DEFICIT	2072	1	1	0	0,0,0,0,0,0,0,0,0,0,0,0,0	0
4	1558	CERTIFIED_DEFICIT	2072	1	1	0	0,0,0,0,0,0,0,0,0,0,0,0,0	0
4	1559	CERTIFIED_DEFICIT	2072	1	1	0	0,0,0,0,0,0,0,0,0,0,0,0,0	0
4	1560	CERTIFIED_DEFICIT	1428	1	1	0	0,0,0,0,0,0,0,0,0,0,0,0,0	0
4	1561	CERTIFIED_DEFICIT	1428	1	1	0	0,0,0,0,0,0,0,0,0,0,0,0,0	0
4	1562	CERTIFIED_DEFICIT	1428	1	1	0	0,0,0,0,0,0,0,0,0,0,0,0,0	0
4	1563	CERTIFIED_DEFICIT	1428	1	1	0	0,0,0,0,0,0,0,0,0,0,0,0,0	0
4	1564	CERTIFIED_DEFICIT	1428	1	1	0	0,0,0,0,0,0,0,0,0,0,0,0,0	0
4	1565	CERTIFIED_DEFICIT	1428	1	1	0	0,0,0,0,0,0,0,0,0,0,0,0,0	0
4	1566	CERTIFIED_DEFICIT	1428	1	1	0	0,0,0,0,0,0,0,0,0,0,0,0,0	0
4	1567	CERTIFIED_DEFICIT	1428	1	1	0	0,0,0,0,0,0,0,0,0,0,0,0,0	0
4	1568	CERTIFIED_DEFICIT	1428	1	1	0	0,0,0,0,0,0,0,0,0,0,0,0,0	0
4	1569	CERTIFIED_DEFICIT	1428	1	1	0	0,0,0,0,0,0,0,0,0,0,0,0,0	0
4	1570	CERTIFIED_DEFICIT	1428	1	1	0	0,0,0,0,0,0,0,0,0,0,0,0,0	0
4	1571	CERTIFIED_DEFICIT	1428	1	1	0	0,0,0,0,0,0,0,0,0,0,0,0,0	0
4	1572	CERTIFIED_DEFICIT	1428	1	1	0	0,0,0,0,0,0,0,0,0,0,0,0,0	0
4	1573	CERTIFIED_DEFICIT	1428	1	1	0	0,0,0,0,0,0,0,0,0,0,0,0,0	0
4	1574	CERTIFIED_DEFICIT	1428	1	1	0	0,0,0,0,0,0,0,0,0,0,0,0,0	0
4	1575	CERTIFIED_DEFICIT	1428	1	1	0	0,0,0,0,0,0,0,0,0,0,0,0,0	0
4	1576	CERTIFIED_DEFICIT	1428	1	1	0	0,0,0,0,0,0,0,0,0,0,0,0,0	0
4	1577	CERTIFIED_DEFICIT	1428	1	1	0	0,0,0,0,0,0,0,0,0,0,0,0,0	0
4	1578	CERTIFIED_DEFICIT	1428	1	1	0	0,0,0,0,0,0,0,0,0,0,0,0,0	0
4	1579	CERTIFIED_DEFICIT	1428	1	1	0	0,0,0,0,0,0,0,0,0,0,0,0,0	0
4	1580	CERTIFIED_DEFICIT	1428	1	1	0	0,0,0,0,0,0,0,0,0,0,0,0,0	0
4	1581	CERTIFIED_DEFICIT	1428	1	1	0	0,0,0,0,0,0,0,0,0,0,0,0,0	0
4	1582	CERTIFIED_DEFICIT	1428	1	1	0	0,0,0,0,0,0,0,0,0,0,0,0,0	0
4	1583	CERTIFIED_DEFICIT	1428	1	1	0	0,0,0,0,0,0,0,0,0,0,0,0,0	0
4	1584	CERTIFIED_DEFICIT	1428	1	1	0	0,0,0,0,0,0,0,0,0,0,0,0,0	0
4	1585	CERTIFIED_DEFICIT	1428	1	1	0	0,0,0,0,0,0,0,0,0,0,0,0,0	0
4	1586	CERTIFIED_DEFICIT	1428	1	1	0	0,0,0,0,0,0,0,0,0,0,0,0,0	0
4	1587	CERTIFIED_DEFICIT	1428	1	1	0	0,0,0,0,0,0,0,0,0,0,0,0,0	0
4	1588	CERTIFIED_DEFICIT	1428	1	1	0	0,0,0,0,0,0,0,0,0,0,0,0,0	0
4	1589	CERTIFIED_DEFICIT	1428	1	1	0	0,0,0,0,0,0,0,0,0,0,0,0,0	0
4	1590	CERTIFIED_DEFICIT	1428	1	1	0	0,0,0,0,0,0,0,0,0,0,0,0,0	0
4	1591	CERTIFIED_DEFICIT	1428	1	1	0	0,0,0,0,0,0,0,0,0,0,0,0,0	0
4	1592	CERTIFIED_DEFICIT	1428	1	1	0	0,0,0,0,0,0,0,0,0,0,0,0,0	0
4	1593	CERTIFIED_DEFICIT	1428	1	1	0	0,0,0,0,0,0,0,0,0,0,0,0,0	0
4	1594	CERTIFIED_DEFICIT	1428	1	1	0	0,0,0,0,0,0,0,0,0,0,0,0,0	0
4	1595	CERTIFIED_DEFICIT	1428	1	1	0	0,0,0,0,0,0,0,0,0,0,0,0,0	0
4	1596	CERTIFIED_DEFICIT	1428	1	1	0	0,0,0,0,0,0,0,0,0,0,0,0,0	0
4	1597	CERTIFIED_DEFICIT	1428	1	1	0	0,0,0,0,0,0,0,0,0,0,0,0,0	0
4	1598	CERTIFIED_DEFICIT	1428	1	1	0	0,0,0,0,0,0,0,0,0,0,0,0,0	0
4	1599	CERTIFIED_DEFICIT	1428	1	1	0	0,0,0,0,0,0,0,0,0,0,0,0,0	0
4	1600	CERTIFIED_DEFICIT	1428	1	1	0	0,0,0,0,0,0,0,0,0,0,0,0,0	0
4	1601	CERTIFIED_DEFICIT	1428	1	1	0	0,0,0,0,0,0,0,0,0,0,0,0,0	0
4	1602	CERTIFIED_DEFICIT	1428	1	1	0	0,0,0,0,0,0,0,0,0,0,0,0,0	0
4	1603	CERTIFIED_DEFICIT	1428	1	1	0	0,0,0,0,0,0,0,0,0,0,0,0,0	0
4	1604	CERTIFIED_DEFICIT	1428	1	1	0	0,0,0,0,0,0,0,0,0,0,0,0,0	0
4	1605	CERTIFIED_DEFICIT	1428	1	1	0	0,0,0,0,0,0,0,0,0,0,0,0,0	0
4	1606	CERTIFIED_DEFICIT	1428	1	1	0	0,0,0,0,0,0,0,0,0,0,0,0,0	0
4	1607	CERTIFIED_DEFICIT	1428	1	1	0	0,0,0,0,0,0,0,0,0,0,0,0,0	0
4	1608	CERTIFIED_DEFICIT	1428	1	1	0	0,0,0,0,0,0,0,0,0,0,0,0,0	0
4	1609	CERTIFIED_DEFICIT	1428	1	1	0	0,0,0,0,0,0,0,0,0,0,0,0,0	0
4	1610	CERTIFIED_DEFICIT	1428	1	1	0	0,0,0,0,0,0,0,0,0,0,0,0,0	0
4	1611	CERTIFIED_DEFICIT	1428	1	1	0	0,0,0,0,0,0,0,0,0,0,0,0,0	0
4	1612	CERTIFIED_DEFICIT	1428	1	1	0	0,0,0,0,0,0,0,0,0,0,0,0,0	0
4	1613	CERTIFIED_DEFICIT	1428	1	1	0	0,0,0,0,0,0,0,0,0,0,0,0,0	0
4	1614	CERTIFIED_DEFICIT	1428	1	1	0	0,0,0,0,0,0,0,0,0,0,0,0,0	0
4	1615	CERTIFIED_DEFICIT	1428	1	1	0	0,0,0,0,0,0,0,0,0,0,0,0,0	0
4	1616	CERTIFIED_DEFICIT	1219	1	1	0	0,0,0,0,0,0,0,0,0,0,0,0,0	0
4	1617	CERTIFIED_DEFICIT	1428	1	1	0	0,0,0,0,0,0,0,0,0,0,0,0,0	0
4	1618	CERTIFIED_DEFICIT	1428	1	1	0	0,0,0,0,0,0,0,0,0,0,0,0,0	0
4	1619	CERTIFIED_DEFICIT	1428	1	1	0	0,0,0,0,0,0,0,0,0,0,0,0,0	0
4	1620	CERTIFIED_DEFICIT	1428	1	1	0	0,0,0,0,0,0,0,0,0,0,0,0,0	0
4	1621	CERTIFIED_DEFICIT	1428	1	1	0	0,0,0,0,0,0,0,0,0,0,0,0,0	0
4	1622	CERTIFIED_DEFICIT	1259	1	1	0	0,0,0,0,0,0,0,0,0,0,0,0,0	0
4	1623	CERTIFIED_DEFICIT	1428	1	1	0	0,0,0,0,0,0,0,0,0,0,0,0,0	0
4	1624	CERTIFIED_DEFICIT	1428	1	1	0	0,0,0,0,0,0,0,0,0,0,0,0,0	0
4	1625	CERTIFIED_DEFICIT	1428	1	1	0	0,0,0,0,0,0,0,0,0,0,0,0,0	0
4	1626	CERTIFIED_DEFICIT	1428	1	1	0	0,0,0,0,0,0,0,0,0,0,0,0,0	0
4	1627	CERTIFIED_DEFICIT	1428	1	1	0	0,0,0,0,0,0,0,0,0,0,0,0,0	0
4	1628	CERTIFIED_DEFICIT	1428	1	1	0	0,0,0,0,0,0,0,0,0,0,0,0,0	0
4	1629	CERTIFIED_DEFICIT	1428	1	1	0	0,0,0,0,0,0,0,0,0,0,0,0,0	0
4	1630	CERTIFIED_DEFICIT	1428	1	1	0	0,0,0,0,0,0,0,0,0,0,0,0,0	0
4	1631	CERTIFIED_DEFICIT	1241	1	1	0	0,0,0,0,0,0,0,0,0,0,0,0,0	0
4	1632	CERTIFIED_DEFICIT	1428	1	1	0	0,0,0,0,0,0,0,0,0,0,0,0,0	0
4	1633	CERTIFIED_DEFICIT	1428	1	1	0	0,0,0,0,0,0,0,0,0,0,0,0,0	0
4	1634	CERTIFIED_DEFICIT	1303	1	1	0	0,0,0,0,0,0,0,0,0,0,0,0,0	0
4	1635	CERTIFIED_DEFICIT	1428	1	1	0	0,0,0,0,0,0,0,0,0,0,0,0,0	0
4	1636	CERTIFIED_DEFICIT	1428	1	1	0	0,0,0,0,0,0,0,0,0,0,0,0,0	0
4	1637	CERTIFIED_DEFICIT	1428	1	1	0	0,0,0,0,0,0,0,0,0,0,0,0,0	0
4	1638	CERTIFIED_DEFICIT	1512	1	1	0	0,0,0,0,0,0,0,0,0,0,0,0,0	0
4	1639	CERTIFIED_DEFICIT	1512	1	1	0	0,0,0,0,0,0,0,0,0,0,0,0,0	0
4	1640	CERTIFIED_DEFICIT	1512	1	1	0	0,0,0,0,0,0,0,0,0,0,0,0,0	0
4	1641	CERTIFIED_DEFICIT	1512	1	1	0	0,0,0,0,0,0,0,0,0,0,0,0,0	0
4	1642	CERTIFIED_DEFICIT	1512	1	1	0	0,0,0,0,0,0,0,0,0,0,0,0,0	0
4	1643	CERTIFIED_DEFICIT	1512	1	1	0	0,0,0,0,0,0,0,0,0,0,0,0,0	0
4	1644	CERTIFIED_DEFICIT	1512	1	1	0	0,0,0,0,0,0,0,0,0,0,0,0,0	0
4	1645	CERTIFIED_DEFICIT	1512	1	1	0	0,0,0,0,0,0,0,0,0,0,0,0,0	0
4	1646	CERTIFIED_DEFICIT	1512	1	1	0	0,0,0,0,0,0,0,0,0,0,0,0,0	0
4	1647	CERTIFIED_DEFICIT	1512	1	1	0	0,0,0,0,0,0,0,0,0,0,0,0,0	0
4	1648	CERTIFIED_DEFICIT	1512	1	1	0	0,0,0,0,0,0,0,0,0,0,0,0,0	0
4	1649	CERTIFIED_DEFICIT	1512	1	1	0	0,0,0,0,0,0,0,0,0,0,0,0,0	0
4	1650	CERTIFIED_DEFICIT	1512	1	1	0	0,0,0,0,0,0,0,0,0,0,0,0,0	0
4	1651	CERTIFIED_DEFICIT	1512	1	1	0	0,0,0,0,0,0,0,0,0,0,0,0,0	0
4	1652	CERTIFIED_DEFICIT	1512	1	1	0	0,0,0,0,0,0,0,0,0,0,0,0,0	0
4	1653	CERTIFIED_DEFICIT	1512	1	1	0	0,0,0,0,0,0,0,0,0,0,0,0,0	0
4	1654	CERTIFIED_DEFICIT	1512	1	1	0	0,0,0,0,0,0,0,0,0,0,0,0,0	0
4	1655	CERTIFIED_DEFICIT	1512	1	1	0	0,0,0,0,0,0,0,0,0,0,0,0,0	0
4	1656	CERTIFIED_DEFICIT	1512	1	1	0	0,0,0,0,0,0,0,0,0,0,0,0,0	0
4	1657	CERTIFIED_DEFICIT	1512	1	1	0	0,0,0,0,0,0,0,0,0,0,0,0,0	0
4	1658	CERTIFIED_DEFICIT	1512	1	1	0	0,0,0,0,0,0,0,0,0,0,0,0,0	0
4	1659	CERTIFIED_DEFICIT	1512	1	1	0	0,0,0,0,0,0,0,0,0,0,0,0,0	0
4	1660	CERTIFIED_DEFICIT	1512	1	1	0	0,0,0,0,0,0,0,0,0,0,0,0,0	0
4	1661	CERTIFIED_DEFICIT	1512	1	1	0	0,0,0,0,0,0,0,0,0,0,0,0,0	0
4	1662	CERTIFIED_DEFICIT	1512	1	1	0	0,0,0,0,0,0,0,0,0,0,0,0,0	0
4	1663	CERTIFIED_DEFICIT	1512	1	1	0	0,0,0,0,0,0,0,0,0,0,0,0,0	0
4	1664	CERTIFIED_DEFICIT	1512	1	1	0	0,0,0,0,0,0,0,0,0,0,0,0,0	0
4	1665	CERTIFIED_DEFICIT	1512	1	1	0	0,0,0,0,0,0,0,0,0,0,0,0,0	0
4	1666	CERTIFIED_DEFICIT	1512	1	1	0	0,0,0,0,0,0,0,0,0,0,0,0,0	0
4	1667	CERTIFIED_DEFICIT	1512	1	1	0	0,0,0,0,0,0,0,0,0,0,0,0,0	0
4	1668	CERTIFIED_DEFICIT	1512	1	1	0	0,0,0,0,0,0,0,0,0,0,0,0,0	0
4	1669	CERTIFIED_DEFICIT	1512	1	1	0	0,0,0,0,0,0,0,0,0,0,0,0,0	0
4	1670	CERTIFIED_DEFICIT	1512	1	1	0	0,0,0,0,0,0,0,0,0,0,0,0,0	0
4	1671	CERTIFIED_DEFICIT	1512	1	1	0	0,0,0,0,0,0,0,0,0,0,0,0,0	0
4	1672	CERTIFIED_DEFICIT	1512	1	1	0	0,0,0,0,0,0,0,0,0,0,0,0,0	0
4	1673	CERTIFIED_DEFICIT	1512	1	1	0	0,0,0,0,0,0,0,0,0,0,0,0,0	0
4	1674	CERTIFIED_DEFICIT	1512	1	1	0	0,0,0,0,0,0,0,0,0,0,0,0,0	0
4	1675	CERTIFIED_DEFICIT	1512	1	1	0	0,0,0,0,0,0,0,0,0,0,0,0,0	0
4	1676	CERTIFIED_DEFICIT	1512	1	1	0	0,0,0,0,0,0,0,0,0,0,0,0,0	0
4	1677	CERTIFIED_DEFICIT	1512	1	1	0	0,0,0,0,0,0,0,0,0,0,0,0,0	0
4	1678	CERTIFIED_DEFICIT	1512	1	1	0	0,0,0,0,0,0,0,0,0,0,0,0,0	0
4	1679	CERTIFIED_DEFICIT	1512	1	1	0	0,0,0,0,0,0,0,0,0,0,0,0,0	0
4	1680	CERTIFIED_DEFICIT	1512	1	1	0	0,0,0,0,0,0,0,0,0,0,0,0,0	0
4	1681	CERTIFIED_DEFICIT	1512	1	1	0	0,0,0,0,0,0,0,0,0,0,0,0,0	0
4	1682	CERTIFIED_DEFICIT	1512	1	1	0	0,0,0,0,0,0,0,0,0,0,0,0,0	0
4	1683	CERTIFIED_DEFICIT	1512	1	1	0	0,0,0,0,0,0,0,0,0,0,0,0,0	0
4	1684	CERTIFIED_DEFICIT	1512	1	1	0	0,0,0,0,0,0,0,0,0,0,0,0,0	0
4	1685	CERTIFIED_DEFICIT	1512	1	1	0	0,0,0,0,0,0,0,0,0,0,0,0,0	0
4	1686	CERTIFIED_DEFICIT	1512	1	1	0	0,0,0,0,0,0,0,0,0,0,0,0,0	0
4	1687	CERTIFIED_DEFICIT	1512	1	1	0	0,0,0,0,0,0,0,0,0,0,0,0,0	0
4	1688	CERTIFIED_DEFICIT	1512	1	1	0	0,0,0,0,0,0,0,0,0,0,0,0,0	0
4	1689	CERTIFIED_DEFICIT	1512	1	1	0	0,0,0,0,0,0,0,0,0,0,0,0,0	0
4	1690	CERTIFIED_DEFICIT	1512	1	1	0	0,0,0,0,0,0,0,0,0,0,0,0,0	0
4	1691	CERTIFIED_DEFICIT	1512	1	1	0	0,0,0,0,0,0,0,0,0,0,0,0,0	0
4	1692	CERTIFIED_DEFICIT	1512	1	1	0	0,0,0,0,0,0,0,0,0,0,0,0,0	0
4	1693	CERTIFIED_DEFICIT	1512	1	1	0	0,0,0,0,0,0,0,0,0,0,0,0,0	0
4	1694	CERTIFIED_DEFICIT	1219	1	1	0	0,0,0,0,0,0,0,0,0,0,0,0,0	0
4	1695	CERTIFIED_DEFICIT	1512	1	1	0	0,0,0,0,0,0,0,0,0,0,0,0,0	0
4	1696	CERTIFIED_DEFICIT	1512	1	1	0	0,0,0,0,0,0,0,0,0,0,0,0,0	0
4	1697	CERTIFIED_DEFICIT	1512	1	1	0	0,0,0,0,0,0,0,0,0,0,0,0,0	0
4	1698	CERTIFIED_DEFICIT	1512	1	1	0	0,0,0,0,0,0,0,0,0,0,0,0,0	0
4	1699	CERTIFIED_DEFICIT	1512	1	1	0	0,0,0,0,0,0,0,0,0,0,0,0,0	0
4	1700	CERTIFIED_DEFICIT	1259	1	1	0	0,0,0,0,0,0,0,0,0,0,0,0,0	0
4	1701	CERTIFIED_DEFICIT	1512	1	1	0	0,0,0,0,0,0,0,0,0,0,0,0,0	0
4	1702	CERTIFIED_DEFICIT	1512	1	1	0	0,0,0,0,0,0,0,0,0,0,0,0,0	0
4	1703	CERTIFIED_DEFICIT	1512	1	1	0	0,0,0,0,0,0,0,0,0,0,0,0,0	0
4	1704	CERTIFIED_DEFICIT	1512	1	1	0	0,0,0,0,0,0,0,0,0,0,0,0,0	0
4	1705	CERTIFIED_DEFICIT	1512	1	1	0	0,0,0,0,0,0,0,0,0,0,0,0,0	0
4	1706	CERTIFIED_DEFICIT	1512	1	1	0	0,0,0,0,0,0,0,0,0,0,0,0,0	0
4	1707	CERTIFIED_DEFICIT	1512	1	1	0	0,0,0,0,0,0,0,0,0,0,0,0,0	0
4	1708	CERTIFIED_DEFICIT	1512	1	1	0	0,0,0,0,0,0,0,0,0,0,0,0,0	0
4	1709	CERTIFIED_DEFICIT	1241	1	1	0	0,0,0,0,0,0,0,0,0,0,0,0,0	0
4	1710	CERTIFIED_DEFICIT	1512	1	1	0	0,0,0,0,0,0,0,0,0,0,0,0,0	0
4	1711	CERTIFIED_DEFICIT	1512	1	1	0	0,0,0,0,0,0,0,0,0,0,0,0,0	0
4	1712	CERTIFIED_DEFICIT	1303	1	1	0	0,0,0,0,0,0,0,0,0,0,0,0,0	0
4	1713	CERTIFIED_DEFICIT	1512	1	1	0	0,0,0,0,0,0,0,0,0,0,0,0,0	0
4	1714	CERTIFIED_DEFICIT	1512	1	1	0	0,0,0,0,0,0,0,0,0,0,0,0,0	0
4	1715	CERTIFIED_DEFICIT	1512	1	1	0	0,0,0,0,0,0,0,0,0,0,0,0,0	0
4	1716	CERTIFIED_DEFICIT	1498	1	1	0	0,0,0,0,0,0,0,0,0,0,0,0,0	0
4	1717	CERTIFIED_DEFICIT	1498	1	1	0	0,0,0,0,0,0,0,0,0,0,0,0,0	0
4	1718	CERTIFIED_DEFICIT	1498	1	1	0	0,0,0,0,0,0,0,0,0,0,0,0,0	0
4	1719	CERTIFIED_DEFICIT	1498	1	1	0	0,0,0,0,0,0,0,0,0,0,0,0,0	0
4	1720	CERTIFIED_DEFICIT	1498	1	1	0	0,0,0,0,0,0,0,0,0,0,0,0,0	0
4	1721	CERTIFIED_DEFICIT	1498	1	1	0	0,0,0,0,0,0,0,0,0,0,0,0,0	0
4	1722	CERTIFIED_DEFICIT	1498	1	1	0	0,0,0,0,0,0,0,0,0,0,0,0,0	0
4	1723	CERTIFIED_DEFICIT	1498	1	1	0	0,0,0,0,0,0,0,0,0,0,0,0,0	0
4	1724	CERTIFIED_DEFICIT	1498	1	1	0	0,0,0,0,0,0,0,0,0,0,0,0,0	0
4	1725	CERTIFIED_DEFICIT	1498	1	1	0	0,0,0,0,0,0,0,0,0,0,0,0,0	0
4	1726	CERTIFIED_DEFICIT	1498	1	1	0	0,0,0,0,0,0,0,0,0,0,0,0,0	0
4	1727	CERTIFIED_DEFICIT	1270	1	1	0	0,0,0,0,0,0,0,0,0,0,0,0,0	0
4	1728	CERTIFIED_DEFICIT	1498	1	1	0	0,0,0,0,0,0,0,0,0,0,0,0,0	0
4	1729	CERTIFIED_DEFICIT	1498	1	1	0	0,0,0,0,0,0,0,0,0,0,0,0,0	0
4	1730	CERTIFIED_DEFICIT	1498	1	1	0	0,0,0,0,0,0,0,0,0,0,0,0,0	0
4	1731	CERTIFIED_DEFICIT	1498	1	1	0	0,0,0,0,0,0,0,0,0,0,0,0,0	0
4	1732	CERTIFIED_DEFICIT	1498	1	1	0	0,0,0,0,0,0,0,0,0,0,0,0,0	0
4	1733	CERTIFIED_DEFICIT	1498	1	1	0	0,0,0,0,0,0,0,0,0,0,0,0,0	0
4	1734	CERTIFIED_DEFICIT	1498	1	1	0	0,0,0,0,0,0,0,0,0,0,0,0,0	0
4	1735	CERTIFIED_DEFICIT	1498	1	1	0	0,0,0,0,0,0,0,0,0,0,0,0,0	0
4	1736	CERTIFIED_DEFICIT	1498	1	1	0	0,0,0,0,0,0,0,0,0,0,0,0,0	0
4	1737	CERTIFIED_DEFICIT	1498	1	1	0	0,0,0,0,0,0,0,0,0,0,0,0,0	0
4	1738	CERTIFIED_DEFICIT	1498	1	1	0	0,0,0,0,0,0,0,0,0,0,0,0,0	0
4	1739	CERTIFIED_DEFICIT	1498	1	1	0	0,0,0,0,0,0,0,0,0,0,0,0,0	0
4	1740	CERTIFIED_DEFICIT	1498	1	1	0	0,0,0,0,0,0,0,0,0,0,0,0,0	0
4	1741	CERTIFIED_DEFICIT	1498	1	1	0	0,0,0,0,0,0,0,0,0,0,0,0,0	0
4	1742	CERTIFIED_DEFICIT	1498	1	1	0	0,0,0,0,0,0,0,0,0,0,0,0,0	0
4	1743	CERTIFIED_DEFICIT	1498	1	1	0	0,0,0,0,0,0,0,0,0,0,0,0,0	0
4	1744	CERTIFIED_DEFICIT	1498	1	1	0	0,0,0,0,0,0,0,0,0,0,0,0,0	0
4	1745	CERTIFIED_DEFICIT	1498	1	1	0	0,0,0,0,0,0,0,0,0,0,0,0,0	0
4	1746	CERTIFIED_DEFICIT	1498	1	1	0	0,0,0,0,0,0,0,0,0,0,0,0,0	0
4	1747	CERTIFIED_DEFICIT	1498	1	1	0	0,0,0,0,0,0,0,0,0,0,0,0,0	0
4	1748	CERTIFIED_DEFICIT	1498	1	1	0	0,0,0,0,0,0,0,0,0,0,0,0,0	0
4	1749	CERTIFIED_DEFICIT	1498	1	1	0	0,0,0,0,0,0,0,0,0,0,0,0,0	0
4	1750	CERTIFIED_DEFICIT	1498	1	1	0	0,0,0,0,0,0,0,0,0,0,0,0,0	0
4	1751	CERTIFIED_DEFICIT	1498	1	1	0	0,0,0,0,0,0,0,0,0,0,0,0,0	0
4	1752	CERTIFIED_DEFICIT	1498	1	1	0	0,0,0,0,0,0,0,0,0,0,0,0,0	0
4	1753	CERTIFIED_DEFICIT	1498	1	1	0	0,0,0,0,0,0,0,0,0,0,0,0,0	0
4	1754	CERTIFIED_DEFICIT	1498	1	1	0	0,0,0,0,0,0,0,0,0,0,0,0,0	0
4	1755	CERTIFIED_DEFICIT	1498	1	1	0	0,0,0,0,0,0,0,0,0,0,0,0,0	0
4	1756	CERTIFIED_DEFICIT	1498	1	1	0	0,0,0,0,0,0,0,0,0,0,0,0,0	0
4	1757	CERTIFIED_DEFICIT	1310	1	1	0	0,0,0,0,0,0,0,0,0,0,0,0,0	0
4	1758	CERTIFIED_DEFICIT	1498	1	1	0	0,0,0,0,0,0,0,0,0,0,0,0,0	0
4	1759	CERTIFIED_DEFICIT	1498	1	1	0	0,0,0,0,0,0,0,0,0,0,0,0,0	0
4	1760	CERTIFIED_DEFICIT	1498	1	1	0	0,0,0,0,0,0,0,0,0,0,0,0,0	0
4	1761	CERTIFIED_DEFICIT	1498	1	1	0	0,0,0,0,0,0,0,0,0,0,0,0,0	0
4	1762	CERTIFIED_DEFICIT	1498	1	1	0	0,0,0,0,0,0,0,0,0,0,0,0,0	0
4	1763	CERTIFIED_DEFICIT	1498	1	1	0	0,0,0,0,0,0,0,0,0,0,0,0,0	0
4	1764	CERTIFIED_DEFICIT	1498	1	1	0	0,0,0,0,0,0,0,0,0,0,0,0,0	0
4	1765	CERTIFIED_DEFICIT	1498	1	1	0	0,0,0,0,0,0,0,0,0,0,0,0,0	0
4	1766	CERTIFIED_DEFICIT	1498	1	1	0	0,0,0,0,0,0,0,0,0,0,0,0,0	0
4	1767	CERTIFIED_DEFICIT	1498	1	1	0	0,0,0,0,0,0,0,0,0,0,0,0,0	0
4	1768	CERTIFIED_DEFICIT	1498	1	1	0	0,0,0,0,0,0,0,0,0,0,0,0,0	0
4	1769	CERTIFIED_DEFICIT	1498	1	1	0	0,0,0,0,0,0,0,0,0,0,0,0,0	0
4	1770	CERTIFIED_DEFICIT	1498	1	1	0	0,0,0,0,0,0,0,0,0,0,0,0,0	0
4	1771	CERTIFIED_DEFICIT	1498	1	1	0	0,0,0,0,0,0,0,0,0,0,0,0,0	0
4	1772	CERTIFIED_DEFICIT	1219	1	1	0	0,0,0,0,0,0,0,0,0,0,0,0,0	0
4	1773	CERTIFIED_DEFICIT	1498	1	1	0	0,0,0,0,0,0,0,0,0,0,0,0,0	0
4	1774	CERTIFIED_DEFICIT	1498	1	1	0	0,0,0,0,0,0,0,0,0,0,0,0,0	0
4	1775	CERTIFIED_DEFICIT	1498	1	1	0	0,0,0,0,0,0,0,0,0,0,0,0,0	0
4	1776	CERTIFIED_DEFICIT	1498	1	1	0	0,0,0,0,0,0,0,0,0,0,0,0,0	0
4	1777	CERTIFIED_DEFICIT	1498	1	1	0	0,0,0,0,0,0,0,0,0,0,0,0,0	0
4	1778	CERTIFIED_DEFICIT	1252	1	1	0	0,0,0,0,0,0,0,0,0,0,0,0,0	0
4	1779	CERTIFIED_DEFICIT	1498	1	1	0	0,0,0,0,0,0,0,0,0,0,0,0,0	0
4	1780	CERTIFIED_DEFICIT	1498	1	1	0	0,0,0,0,0,0,0,0,0,0,0,0,0	0
4	1781	CERTIFIED_DEFICIT	1498	1	1	0	0,0,0,0,0,0,0,0,0,0,0,0,0	0
4	1782	CERTIFIED_DEFICIT	1498	1	1	0	0,0,0,0,0,0,0,0,0,0,0,0,0	0
4	1783	CERTIFIED_DEFICIT	1230	1	1	0	0,0,0,0,0,0,0,0,0,0,0,0,0	0
4	1784	CERTIFIED_DEFICIT	1498	1	1	0	0,0,0,0,0,0,0,0,0,0,0,0,0	0
4	1785	CERTIFIED_DEFICIT	1498	1	1	0	0,0,0,0,0,0,0,0,0,0,0,0,0	0
4	1786	CERTIFIED_DEFICIT	1498	1	1	0	0,0,0,0,0,0,0,0,0,0,0,0,0	0
4	1787	CERTIFIED_DEFICIT	1241	1	1	0	0,0,0,0,0,0,0,0,0,0,0,0,0	0
4	1788	CERTIFIED_DEFICIT	1498	1	1	0	0,0,0,0,0,0,0,0,0,0,0,0,0	0
4	1789	CERTIFIED_DEFICIT	1498	1	1	0	0,0,0,0,0,0,0,0,0,0,0,0,0	0
4	1790	CERTIFIED_DEFICIT	1303	1	1	0	0,0,0,0,0,0,0,0,0,0,0,0,0	0
4	1791	CERTIFIED_DEFICIT	1498	1	1	0	0,0,0,0,0,0,0,0,0,0,0,0,0	0
4	1792	CERTIFIED_DEFICIT	1332	1	1	0	0,0,0,0,0,0,0,0,0,0,0,0,0	0
4	1793	CERTIFIED_DEFICIT	1208	1	1	0	0,0,0,0,0,0,0,0,0,0,0,0,0	0
4	1794	CERTIFIED_DEFICIT	1274	1	1	0	0,0,0,0,0,0,0,0,0,0,0,0,0	0
4	1795	CERTIFIED_DEFICIT	1274	1	1	0	0,0,0,0,0,0,0,0,0,0,0,0,0	0
4	1796	CERTIFIED_DEFICIT	1274	1	1	0	0,0,0,0,0,0,0,0,0,0,0,0,0	0
4	1797	CERTIFIED_DEFICIT	1274	1	1	0	0,0,0,0,0,0,0,0,0,0,0,0,0	0
4	1798	CERTIFIED_DEFICIT	1274	1	1	0	0,0,0,0,0,0,0,0,0,0,0,0,0	0
4	1799	CERTIFIED_DEFICIT	1274	1	1	0	0,0,0,0,0,0,0,0,0,0,0,0,0	0
4	1800	CERTIFIED_DEFICIT	1274	1	1	0	0,0,0,0,0,0,0,0,0,0,0,0,0	0
4	1801	CERTIFIED_DEFICIT	1274	1	1	0	0,0,0,0,0,0,0,0,0,0,0,0,0	0
4	1802	CERTIFIED_DEFICIT	1274	1	1	0	0,0,0,0,0,0,0,0,0,0,0,0,0	0
4	1803	CERTIFIED_DEFICIT	1274	1	1	0	0,0,0,0,0,0,0,0,0,0,0,0,0	0
4	1804	CERTIFIED_DEFICIT	1274	1	1	0	0,0,0,0,0,0,0,0,0,0,0,0,0	0
4	1805	CERTIFIED_DEFICIT	1274	1	1	0	0,0,0,0,0,0,0,0,0,0,0,0,0	0
4	1806	CERTIFIED_DEFICIT	1274	1	1	0	0,0,0,0,0,0,0,0,0,0,0,0,0	0
4	1807	CERTIFIED_DEFICIT	1274	1	1	0	0,0,0,0,0,0,0,0,0,0,0,0,0	0
4	1808	CERTIFIED_DEFICIT	1274	1	1	0	0,0,0,0,0,0,0,0,0,0,0,0,0	0
4	1809	CERTIFIED_DEFICIT	1274	1	1	0	0,0,0,0,0,0,0,0,0,0,0,0,0	0
4	1810	CERTIFIED_DEFICIT	1274	1	1	0	0,0,0,0,0,0,0,0,0,0,0,0,0	0
4	1811	CERTIFIED_DEFICIT	1274	1	1	0	0,0,0,0,0,0,0,0,0,0,0,0,0	0
4	1812	CERTIFIED_DEFICIT	1274	1	1	0	0,0,0,0,0,0,0,0,0,0,0,0,0	0
4	1813	CERTIFIED_DEFICIT	1274	1	1	0	0,0,0,0,0,0,0,0,0,0,0,0,0	0
4	1814	CERTIFIED_DEFICIT	1274	1	1	0	0,0,0,0,0,0,0,0,0,0,0,0,0	0
4	1815	CERTIFIED_DEFICIT	1274	1	1	0	0,0,0,0,0,0,0,0,0,0,0,0,0	0
4	1816	CERTIFIED_DEFICIT	1274	1	1	0	0,0,0,0,0,0,0,0,0,0,0,0,0	0
4	1817	CERTIFIED_DEFICIT	1274	1	1	0	0,0,0,0,0,0,0,0,0,0,0,0,0	0
4	1818	CERTIFIED_DEFICIT	1274	1	1	0	0,0,0,0,0,0,0,0,0,0,0,0,0	0
4	1819	CERTIFIED_DEFICIT	1274	1	1	0	0,0,0,0,0,0,0,0,0,0,0,0,0	0
4	1820	CERTIFIED_DEFICIT	1274	1	1	0	0,0,0,0,0,0,0,0,0,0,0,0,0	0
4	1821	CERTIFIED_DEFICIT	1274	1	1	0	0,0,0,0,0,0,0,0,0,0,0,0,0	0
4	1822	CERTIFIED_DEFICIT	1274	1	1	0	0,0,0,0,0,0,0,0,0,0,0,0,0	0
4	1823	CERTIFIED_DEFICIT	1274	1	1	0	0,0,0,0,0,0,0,0,0,0,0,0,0	0
4	1824	CERTIFIED_DEFICIT	1274	1	1	0	0,0,0,0,0,0,0,0,0,0,0,0,0	0
4	1825	CERTIFIED_DEFICIT	1274	1	1	0	0,0,0,0,0,0,0,0,0,0,0,0,0	0
4	1826	CERTIFIED_DEFICIT	1274	1	1	0	0,0,0,0,0,0,0,0,0,0,0,0,0	0
4	1827	CERTIFIED_DEFICIT	1274	1	1	0	0,0,0,0,0,0,0,0,0,0,0,0,0	0
4	1828	CERTIFIED_DEFICIT	1274	1	1	0	0,0,0,0,0,0,0,0,0,0,0,0,0	0
4	1829	CERTIFIED_DEFICIT	1274	1	1	0	0,0,0,0,0,0,0,0,0,0,0,0,0	0
4	1830	CERTIFIED_DEFICIT	1274	1	1	0	0,0,0,0,0,0,0,0,0,0,0,0,0	0
4	1831	CERTIFIED_DEFICIT	1274	1	1	0	0,0,0,0,0,0,0,0,0,0,0,0,0	0
4	1832	CERTIFIED_DEFICIT	1274	1	1	0	0,0,0,0,0,0,0,0,0,0,0,0,0	0
4	1833	CERTIFIED_DEFICIT	1274	1	1	0	0,0,0,0,0,0,0,0,0,0,0,0,0	0
4	1834	CERTIFIED_DEFICIT	1274	1	1	0	0,0,0,0,0,0,0,0,0,0,0,0,0	0
4	1835	CERTIFIED_DEFICIT	1274	1	1	0	0,0,0,0,0,0,0,0,0,0,0,0,0	0
4	1836	CERTIFIED_DEFICIT	1274	1	1	0	0,0,0,0,0,0,0,0,0,0,0,0,0	0
4	1837	CERTIFIED_DEFICIT	1274	1	1	0	0,0,0,0,0,0,0,0,0,0,0,0,0	0
4	1838	CERTIFIED_DEFICIT	1274	1	1	0	0,0,0,0,0,0,0,0,0,0,0,0,0	0
4	1839	CERTIFIED_DEFICIT	1274	1	1	0	0,0,0,0,0,0,0,0,0,0,0,0,0	0
4	1840	CERTIFIED_DEFICIT	1274	1	1	0	0,0,0,0,0,0,0,0,0,0,0,0,0	0
4	1841	CERTIFIED_DEFICIT	1274	1	1	0	0,0,0,0,0,0,0,0,0,0,0,0,0	0
4	1842	CERTIFIED_DEFICIT	1274	1	1	0	0,0,0,0,0,0,0,0,0,0,0,0,0	0
4	1843	CERTIFIED_DEFICIT	1274	1	1	0	0,0,0,0,0,0,0,0,0,0,0,0,0	0
4	1844	CERTIFIED_DEFICIT	1274	1	1	0	0,0,0,0,0,0,0,0,0,0,0,0,0	0
4	1845	CERTIFIED_DEFICIT	1274	1	1	0	0,0,0,0,0,0,0,0,0,0,0,0,0	0
4	1846	CERTIFIED_DEFICIT	1274	1	1	0	0,0,0,0,0,0,0,0,0,0,0,0,0	0
4	1847	CERTIFIED_DEFICIT	1274	1	1	0	0,0,0,0,0,0,0,0,0,0,0,0,0	0
4	1848	CERTIFIED_DEFICIT	1274	1	1	0	0,0,0,0,0,0,0,0,0,0,0,0,0	0
4	1849	CERTIFIED_DEFICIT	1274	1	1	0	0,0,0,0,0,0,0,0,0,0,0,0,0	0
4	1850	CERTIFIED_DEFICIT	1219	1	1	0	0,0,0,0,0,0,0,0,0,0,0,0,0	0
4	1851	CERTIFIED_DEFICIT	1274	1	1	0	0,0,0,0,0,0,0,0,0,0,0,0,0	0
4	1852	CERTIFIED_DEFICIT	1274	1	1	0	0,0,0,0,0,0,0,0,0,0,0,0,0	0
4	1853	CERTIFIED_DEFICIT	1274	1	1	0	0,0,0,0,0,0,0,0,0,0,0,0,0	0
4	1854	CERTIFIED_DEFICIT	1274	1	1	0	0,0,0,0,0,0,0,0,0,0,0,0,0	0
4	1855	CERTIFIED_DEFICIT	1274	1	1	0	0,0,0,0,0,0,0,0,0,0,0,0,0	0
4	1856	CERTIFIED_DEFICIT	1259	1	1	0	0,0,0,0,0,0,0,0,0,0,0,0,0	0
4	1857	CERTIFIED_DEFICIT	1274	1	1	0	0,0,0,0,0,0,0,0,0,0,0,0,0	0
4	1858	CERTIFIED_DEFICIT	1274	1	1	0	0,0,0,0,0,0,0,0,0,0,0,0,0	0
4	1859	CERTIFIED_DEFICIT	1274	1	1	0	0,0,0,0,0,0,0,0,0,0,0,0,0	0
4	1860	CERTIFIED_DEFICIT	1274	1	1	0	0,0,0,0,0,0,0,0,0,0,0,0,0	0
4	1861	CERTIFIED_DEFICIT	1274	1	1	0	0,0,0,0,0,0,0,0,0,0,0,0,0	0
4	1862	CERTIFIED_DEFICIT	1274	1	1	0	0,0,0,0,0,0,0,0,0,0,0,0,0	0
4	1863	CERTIFIED_DEFICIT	1274	1	1	0	0,0,0,0,0,0,0,0,0,0,0,0,0	0
4	1864	CERTIFIED_DEFICIT	1274	1	1	0	0,0,0,0,0,0,0,0,0,0,0,0,0	0
4	1865	CERTIFIED_DEFICIT	1241	1	1	0	0,0,0,0,0,0,0,0,0,0,0,0,0	0
4	1866	CERTIFIED_DEFICIT	1274	1	1	0	0,0,0,0,0,0,0,0,0,0,0,0,0	0
4	1867	CERTIFIED_DEFICIT	1274	1	1	0	0,0,0,0,0,0,0,0,0,0,0,0,0	0
4	1868	CERTIFIED_DEFICIT	1274	1	1	0	0,0,0,0,0,0,0,0,0,0,0,0,0	0
4	1869	CERTIFIED_DEFICIT	1274	1	1	0	0,0,0,0,0,0,0,0,0,0,0,0,0	0
4	1870	CERTIFIED_DEFICIT	1274	1	1	0	0,0,0,0,0,0,0,0,0,0,0,0,0	0
4	1871	CERTIFIED_DEFICIT	1274	1	1	0	0,0,0,0,0,0,0,0,0,0,0,0,0	0
4	1872	CERTIFIED_DEFICIT	1232	1	1	0	0,0,0,0,0,0,0,0,0,0,0,0,0	0
4	1873	CERTIFIED_DEFICIT	1232	1	1	0	0,0,0,0,0,0,0,0,0,0,0,0,0	0
4	1874	CERTIFIED_DEFICIT	1232	1	1	0	0,0,0,0,0,0,0,0,0,0,0,0,0	0
4	1875	CERTIFIED_DEFICIT	1232	1	1	0	0,0,0,0,0,0,0,0,0,0,0,0,0	0
4	1876	CERTIFIED_DEFICIT	1232	1	1	0	0,0,0,0,0,0,0,0,0,0,0,0,0	0
4	1877	CERTIFIED_DEFICIT	1232	1	1	0	0,0,0,0,0,0,0,0,0,0,0,0,0	0
4	1878	CERTIFIED_DEFICIT	1232	1	1	0	0,0,0,0,0,0,0,0,0,0,0,0,0	0
4	1879	CERTIFIED_DEFICIT	1232	1	1	0	0,0,0,0,0,0,0,0,0,0,0,0,0	0
4	1880	CERTIFIED_DEFICIT	1232	1	1	0	0,0,0,0,0,0,0,0,0,0,0,0,0	0
4	1881	CERTIFIED_DEFICIT	1232	1	1	0	0,0,0,0,0,0,0,0,0,0,0,0,0	0
4	1882	CERTIFIED_DEFICIT	1232	1	1	0	0,0,0,0,0,0,0,0,0,0,0,0,0	0
4	1883	CERTIFIED_DEFICIT	1232	1	1	0	0,0,0,0,0,0,0,0,0,0,0,0,0	0
4	1884	CERTIFIED_DEFICIT	1232	1	1	0	0,0,0,0,0,0,0,0,0,0,0,0,0	0
4	1885	CERTIFIED_DEFICIT	1232	1	1	0	0,0,0,0,0,0,0,0,0,0,0,0,0	0
4	1886	CERTIFIED_DEFICIT	1232	1	1	0	0,0,0,0,0,0,0,0,0,0,0,0,0	0
4	1887	CERTIFIED_DEFICIT	1232	1	1	0	0,0,0,0,0,0,0,0,0,0,0,0,0	0
4	1888	CERTIFIED_DEFICIT	1232	1	1	0	0,0,0,0,0,0,0,0,0,0,0,0,0	0
4	1889	CERTIFIED_DEFICIT	1232	1	1	0	0,0,0,0,0,0,0,0,0,0,0,0,0	0
4	1890	CERTIFIED_DEFICIT	1232	1	1	0	0,0,0,0,0,0,0,0,0,0,0,0,0	0
4	1891	CERTIFIED_DEFICIT	1232	1	1	0	0,0,0,0,0,0,0,0,0,0,0,0,0	0
4	1892	CERTIFIED_DEFICIT	1232	1	1	0	0,0,0,0,0,0,0,0,0,0,0,0,0	0
4	1893	CERTIFIED_DEFICIT	1232	1	1	0	0,0,0,0,0,0,0,0,0,0,0,0,0	0
4	1894	CERTIFIED_DEFICIT	1232	1	1	0	0,0,0,0,0,0,0,0,0,0,0,0,0	0
4	1895	CERTIFIED_DEFICIT	1232	1	1	0	0,0,0,0,0,0,0,0,0,0,0,0,0	0
4	1896	CERTIFIED_DEFICIT	1232	1	1	0	0,0,0,0,0,0,0,0,0,0,0,0,0	0
4	1897	CERTIFIED_DEFICIT	1232	1	1	0	0,0,0,0,0,0,0,0,0,0,0,0,0	0
4	1898	CERTIFIED_DEFICIT	1232	1	1	0	0,0,0,0,0,0,0,0,0,0,0,0,0	0
4	1899	CERTIFIED_DEFICIT	1232	1	1	0	0,0,0,0,0,0,0,0,0,0,0,0,0	0
4	1900	CERTIFIED_DEFICIT	1232	1	1	0	0,0,0,0,0,0,0,0,0,0,0,0,0	0
4	1901	CERTIFIED_DEFICIT	1232	1	1	0	0,0,0,0,0,0,0,0,0,0,0,0,0	0
4	1902	CERTIFIED_DEFICIT	1232	1	1	0	0,0,0,0,0,0,0,0,0,0,0,0,0	0
4	1903	CERTIFIED_DEFICIT	1232	1	1	0	0,0,0,0,0,0,0,0,0,0,0,0,0	0
4	1904	CERTIFIED_DEFICIT	1232	1	1	0	0,0,0,0,0,0,0,0,0,0,0,0,0	0
4	1905	CERTIFIED_DEFICIT	1232	1	1	0	0,0,0,0,0,0,0,0,0,0,0,0,0	0
4	1906	CERTIFIED_DEFICIT	1232	1	1	0	0,0,0,0,0,0,0,0,0,0,0,0,0	0
4	1907	CERTIFIED_DEFICIT	1232	1	1	0	0,0,0,0,0,0,0,0,0,0,0,0,0	0
4	1908	CERTIFIED_DEFICIT	1232	1	1	0	0,0,0,0,0,0,0,0,0,0,0,0,0	0
4	1909	CERTIFIED_DEFICIT	1232	1	1	0	0,0,0,0,0,0,0,0,0,0,0,0,0	0
4	1910	CERTIFIED_DEFICIT	1232	1	1	0	0,0,0,0,0,0,0,0,0,0,0,0,0	0
4	1911	CERTIFIED_DEFICIT	1232	1	1	0	0,0,0,0,0,0,0,0,0,0,0,0,0	0
4	1912	CERTIFIED_DEFICIT	1232	1	1	0	0,0,0,0,0,0,0,0,0,0,0,0,0	0
4	1913	CERTIFIED_DEFICIT	1232	1	1	0	0,0,0,0,0,0,0,0,0,0,0,0,0	0
4	1914	CERTIFIED_DEFICIT	1232	1	1	0	0,0,0,0,0,0,0,0,0,0,0,0,0	0
4	1915	CERTIFIED_DEFICIT	1232	1	1	0	0,0,0,0,0,0,0,0,0,0,0,0,0	0
4	1916	CERTIFIED_DEFICIT	1232	1	1	0	0,0,0,0,0,0,0,0,0,0,0,0,0	0
4	1917	CERTIFIED_DEFICIT	1232	1	1	0	0,0,0,0,0,0,0,0,0,0,0,0,0	0
4	1918	CERTIFIED_DEFICIT	1232	1	1	0	0,0,0,0,0,0,0,0,0,0,0,0,0	0
4	1919	CERTIFIED_DEFICIT	1232	1	1	0	0,0,0,0,0,0,0,0,0,0,0,0,0	0
4	1920	CERTIFIED_DEFICIT	1232	1	1	0	0,0,0,0,0,0,0,0,0,0,0,0,0	0
4	1921	CERTIFIED_DEFICIT	1232	1	1	0	0,0,0,0,0,0,0,0,0,0,0,0,0	0
4	1922	CERTIFIED_DEFICIT	1232	1	1	0	0,0,0,0,0,0,0,0,0,0,0,0,0	0
4	1923	CERTIFIED_DEFICIT	1232	1	1	0	0,0,0,0,0,0,0,0,0,0,0,0,0	0
4	1924	CERTIFIED_DEFICIT	1232	1	1	0	0,0,0,0,0,0,0,0,0,0,0,0,0	0
4	1925	CERTIFIED_DEFICIT	1232	1	1	0	0,0,0,0,0,0,0,0,0,0,0,0,0	0
4	1926	CERTIFIED_DEFICIT	1232	1	1	0	0,0,0,0,0,0,0,0,0,0,0,0,0	0
4	1927	CERTIFIED_DEFICIT	1232	1	1	0	0,0,0,0,0,0,0,0,0,0,0,0,0	0
4	1928	CERTIFIED_DEFICIT	1219	1	1	0	0,0,0,0,0,0,0,0,0,0,0,0,0	0
4	1929	CERTIFIED_DEFICIT	1232	1	1	0	0,0,0,0,0,0,0,0,0,0,0,0,0	0
4	1930	CERTIFIED_DEFICIT	1232	1	1	0	0,0,0,0,0,0,0,0,0,0,0,0,0	0
4	1931	CERTIFIED_DEFICIT	1232	1	1	0	0,0,0,0,0,0,0,0,0,0,0,0,0	0
4	1932	CERTIFIED_DEFICIT	1232	1	1	0	0,0,0,0,0,0,0,0,0,0,0,0,0	0
4	1933	CERTIFIED_DEFICIT	1232	1	1	0	0,0,0,0,0,0,0,0,0,0,0,0,0	0
4	1934	CERTIFIED_DEFICIT	1232	1	1	0	0,0,0,0,0,0,0,0,0,0,0,0,0	0
4	1935	CERTIFIED_DEFICIT	1232	1	1	0	0,0,0,0,0,0,0,0,0,0,0,0,0	0
4	1936	CERTIFIED_DEFICIT	1232	1	1	0	0,0,0,0,0,0,0,0,0,0,0,0,0	0
4	1937	CERTIFIED_DEFICIT	1232	1	1	0	0,0,0,0,0,0,0,0,0,0,0,0,0	0
4	1938	CERTIFIED_DEFICIT	1232	1	1	0	0,0,0,0,0,0,0,0,0,0,0,0,0	0
4	1939	CERTIFIED_DEFICIT	1232	1	1	0	0,0,0,0,0,0,0,0,0,0,0,0,0	0
4	1940	CERTIFIED_DEFICIT	1232	1	1	0	0,0,0,0,0,0,0,0,0,0,0,0,0	0
4	1941	CERTIFIED_DEFICIT	1232	1	1	0	0,0,0,0,0,0,0,0,0,0,0,0,0	0
4	1942	CERTIFIED_DEFICIT	1232	1	1	0	0,0,0,0,0,0,0,0,0,0,0,0,0	0
4	1943	CERTIFIED_DEFICIT	1232	1	1	0	0,0,0,0,0,0,0,0,0,0,0,0,0	0
4	1944	CERTIFIED_DEFICIT	1232	1	1	0	0,0,0,0,0,0,0,0,0,0,0,0,0	0
4	1945	CERTIFIED_DEFICIT	1232	1	1	0	0,0,0,0,0,0,0,0,0,0,0,0,0	0
4	1946	CERTIFIED_DEFICIT	1232	1	1	0	0,0,0,0,0,0,0,0,0,0,0,0,0	0
4	1947	CERTIFIED_DEFICIT	1232	1	1	0	0,0,0,0,0,0,0,0,0,0,0,0,0	0
4	1948	CERTIFIED_DEFICIT	1232	1	1	0	0,0,0,0,0,0,0,0,0,0,0,0,0	0
4	1949	CERTIFIED_DEFICIT	1232	1	1	0	0,0,0,0,0,0,0,0,0,0,0,0,0	0
4	1950	CERTIFIED_DEFICIT	1260	1	1	0	0,0,0,0,0,0,0,0,0,0,0,0,0	0
4	1951	CERTIFIED_DEFICIT	1260	1	1	0	0,0,0,0,0,0,0,0,0,0,0,0,0	0
4	1952	CERTIFIED_DEFICIT	1260	1	1	0	0,0,0,0,0,0,0,0,0,0,0,0,0	0
4	1953	CERTIFIED_DEFICIT	1260	1	1	0	0,0,0,0,0,0,0,0,0,0,0,0,0	0
4	1954	CERTIFIED_DEFICIT	1260	1	1	0	0,0,0,0,0,0,0,0,0,0,0,0,0	0
4	1955	CERTIFIED_DEFICIT	1260	1	1	0	0,0,0,0,0,0,0,0,0,0,0,0,0	0
4	1956	CERTIFIED_DEFICIT	1260	1	1	0	0,0,0,0,0,0,0,0,0,0,0,0,0	0
4	1957	CERTIFIED_DEFICIT	1260	1	1	0	0,0,0,0,0,0,0,0,0,0,0,0,0	0
4	1958	CERTIFIED_DEFICIT	1260	1	1	0	0,0,0,0,0,0,0,0,0,0,0,0,0	0
4	1959	CERTIFIED_DEFICIT	1260	1	1	0	0,0,0,0,0,0,0,0,0,0,0,0,0	0
4	1960	CERTIFIED_DEFICIT	1260	1	1	0	0,0,0,0,0,0,0,0,0,0,0,0,0	0
4	1961	CERTIFIED_DEFICIT	1260	1	1	0	0,0,0,0,0,0,0,0,0,0,0,0,0	0
4	1962	CERTIFIED_DEFICIT	1260	1	1	0	0,0,0,0,0,0,0,0,0,0,0,0,0	0
4	1963	CERTIFIED_DEFICIT	1260	1	1	0	0,0,0,0,0,0,0,0,0,0,0,0,0	0
4	1964	CERTIFIED_DEFICIT	1260	1	1	0	0,0,0,0,0,0,0,0,0,0,0,0,0	0
4	1965	CERTIFIED_DEFICIT	1260	1	1	0	0,0,0,0,0,0,0,0,0,0,0,0,0	0
4	1966	CERTIFIED_DEFICIT	1260	1	1	0	0,0,0,0,0,0,0,0,0,0,0,0,0	0
4	1967	CERTIFIED_DEFICIT	1260	1	1	0	0,0,0,0,0,0,0,0,0,0,0,0,0	0
4	1968	CERTIFIED_DEFICIT	1260	1	1	0	0,0,0,0,0,0,0,0,0,0,0,0,0	0
4	1969	CERTIFIED_DEFICIT	1260	1	1	0	0,0,0,0,0,0,0,0,0,0,0,0,0	0
4	1970	CERTIFIED_DEFICIT	1260	1	1	0	0,0,0,0,0,0,0,0,0,0,0,0,0	0
4	1971	CERTIFIED_DEFICIT	1260	1	1	0	0,0,0,0,0,0,0,0,0,0,0,0,0	0
4	1972	CERTIFIED_DEFICIT	1260	1	1	0	0,0,0,0,0,0,0,0,0,0,0,0,0	0
4	1973	CERTIFIED_DEFICIT	1260	1	1	0	0,0,0,0,0,0,0,0,0,0,0,0,0	0
4	1974	CERTIFIED_DEFICIT	1260	1	1	0	0,0,0,0,0,0,0,0,0,0,0,0,0	0
4	1975	CERTIFIED_DEFICIT	1260	1	1	0	0,0,0,0,0,0,0,0,0,0,0,0,0	0
4	1976	CERTIFIED_DEFICIT	1260	1	1	0	0,0,0,0,0,0,0,0,0,0,0,0,0	0
4	1977	CERTIFIED_DEFICIT	1260	1	1	0	0,0,0,0,0,0,0,0,0,0,0,0,0	0
4	1978	CERTIFIED_DEFICIT	1260	1	1	0	0,0,0,0,0,0,0,0,0,0,0,0,0	0
4	1979	CERTIFIED_DEFICIT	1260	1	1	0	0,0,0,0,0,0,0,0,0,0,0,0,0	0
4	1980	CERTIFIED_DEFICIT	1260	1	1	0	0,0,0,0,0,0,0,0,0,0,0,0,0	0
4	1981	CERTIFIED_DEFICIT	1260	1	1	0	0,0,0,0,0,0,0,0,0,0,0,0,0	0
4	1982	CERTIFIED_DEFICIT	1260	1	1	0	0,0,0,0,0,0,0,0,0,0,0,0,0	0
4	1983	CERTIFIED_DEFICIT	1260	1	1	0	0,0,0,0,0,0,0,0,0,0,0,0,0	0
4	1984	CERTIFIED_DEFICIT	1260	1	1	0	0,0,0,0,0,0,0,0,0,0,0,0,0	0
4	1985	CERTIFIED_DEFICIT	1260	1	1	0	0,0,0,0,0,0,0,0,0,0,0,0,0	0
4	1986	CERTIFIED_DEFICIT	1260	1	1	0	0,0,0,0,0,0,0,0,0,0,0,0,0	0
4	1987	CERTIFIED_DEFICIT	1260	1	1	0	0,0,0,0,0,0,0,0,0,0,0,0,0	0
4	1988	CERTIFIED_DEFICIT	1260	1	1	0	0,0,0,0,0,0,0,0,0,0,0,0,0	0
4	1989	CERTIFIED_DEFICIT	1260	1	1	0	0,0,0,0,0,0,0,0,0,0,0,0,0	0
4	1990	CERTIFIED_DEFICIT	1260	1	1	0	0,0,0,0,0,0,0,0,0,0,0,0,0	0
4	1991	CERTIFIED_DEFICIT	1260	1	1	0	0,0,0,0,0,0,0,0,0,0,0,0,0	0
4	1992	CERTIFIED_DEFICIT	1260	1	1	0	0,0,0,0,0,0,0,0,0,0,0,0,0	0
4	1993	CERTIFIED_DEFICIT	1260	1	1	0	0,0,0,0,0,0,0,0,0,0,0,0,0	0
4	1994	CERTIFIED_DEFICIT	1260	1	1	0	0,0,0,0,0,0,0,0,0,0,0,0,0	0
4	1995	CERTIFIED_DEFICIT	1260	1	1	0	0,0,0,0,0,0,0,0,0,0,0,0,0	0
4	1996	CERTIFIED_DEFICIT	1260	1	1	0	0,0,0,0,0,0,0,0,0,0,0,0,0	0
4	1997	CERTIFIED_DEFICIT	1260	1	1	0	0,0,0,0,0,0,0,0,0,0,0,0,0	0
4	1998	CERTIFIED_DEFICIT	1260	1	1	0	0,0,0,0,0,0,0,0,0,0,0,0,0	0
4	1999	CERTIFIED_DEFICIT	1260	1	1	0	0,0,0,0,0,0,0,0,0,0,0,0,0	0
4	2000	CERTIFIED_DEFICIT	1260	1	1	0	0,0,0,0,0,0,0,0,0,0,0,0,0	0
4	2001	CERTIFIED_DEFICIT	1260	1	1	0	0,0,0,0,0,0,0,0,0,0,0,0,0	0
4	2002	CERTIFIED_DEFICIT	1260	1	1	0	0,0,0,0,0,0,0,0,0,0,0,0,0	0
4	2003	CERTIFIED_DEFICIT	1260	1	1	0	0,0,0,0,0,0,0,0,0,0,0,0,0	0
4	2004	CERTIFIED_DEFICIT	1260	1	1	0	0,0,0,0,0,0,0,0,0,0,0,0,0	0
4	2005	CERTIFIED_DEFICIT	1260	1	1	0	0,0,0,0,0,0,0,0,0,0,0,0,0	0
4	2006	CERTIFIED_DEFICIT	1219	1	1	0	0,0,0,0,0,0,0,0,0,0,0,0,0	0
4	2007	CERTIFIED_DEFICIT	1260	1	1	0	0,0,0,0,0,0,0,0,0,0,0,0,0	0
4	2008	CERTIFIED_DEFICIT	1260	1	1	0	0,0,0,0,0,0,0,0,0,0,0,0,0	0
4	2009	CERTIFIED_DEFICIT	1260	1	1	0	0,0,0,0,0,0,0,0,0,0,0,0,0	0
4	2010	CERTIFIED_DEFICIT	1260	1	1	0	0,0,0,0,0,0,0,0,0,0,0,0,0	0
4	2011	CERTIFIED_DEFICIT	1260	1	1	0	0,0,0,0,0,0,0,0,0,0,0,0,0	0
4	2012	CERTIFIED_DEFICIT	1259	1	1	0	0,0,0,0,0,0,0,0,0,0,0,0,0	0
4	2013	CERTIFIED_DEFICIT	1260	1	1	0	0,0,0,0,0,0,0,0,0,0,0,0,0	0
4	2014	CERTIFIED_DEFICIT	1260	1	1	0	0,0,0,0,0,0,0,0,0,0,0,0,0	0
4	2015	CERTIFIED_DEFICIT	1260	1	1	0	0,0,0,0,0,0,0,0,0,0,0,0,0	0
4	2016	CERTIFIED_DEFICIT	1260	1	1	0	0,0,0,0,0,0,0,0,0,0,0,0,0	0
4	2017	CERTIFIED_DEFICIT	1260	1	1	0	0,0,0,0,0,0,0,0,0,0,0,0,0	0
4	2018	CERTIFIED_DEFICIT	1260	1	1	0	0,0,0,0,0,0,0,0,0,0,0,0,0	0
4	2019	CERTIFIED_DEFICIT	1260	1	1	0	0,0,0,0,0,0,0,0,0,0,0,0,0	0
4	2020	CERTIFIED_DEFICIT	1260	1	1	0	0,0,0,0,0,0,0,0,0,0,0,0,0	0
4	2021	CERTIFIED_DEFICIT	1241	1	1	0	0,0,0,0,0,0,0,0,0,0,0,0,0	0
4	2022	CERTIFIED_DEFICIT	1260	1	1	0	0,0,0,0,0,0,0,0,0,0,0,0,0	0
4	2023	CERTIFIED_DEFICIT	1260	1	1	0	0,0,0,0,0,0,0,0,0,0,0,0,0	0
4	2024	CERTIFIED_DEFICIT	1260	1	1	0	0,0,0,0,0,0,0,0,0,0,0,0,0	0
4	2025	CERTIFIED_DEFICIT	1260	1	1	0	0,0,0,0,0,0,0,0,0,0,0,0,0	0
4	2026	CERTIFIED_DEFICIT	1260	1	1	0	0,0,0,0,0,0,0,0,0,0,0,0,0	0
4	2027	CERTIFIED_DEFICIT	1260	1	1	0	0,0,0,0,0,0,0,0,0,0,0,0,0	0
4	2028	CERTIFIED_DEFICIT	1260	1	1	0	0,0,0,0,0,0,0,0,0,0,0,0,0	0
4	2029	CERTIFIED_DEFICIT	1260	1	1	0	0,0,0,0,0,0,0,0,0,0,0,0,0	0
4	2030	CERTIFIED_DEFICIT	1260	1	1	0	0,0,0,0,0,0,0,0,0,0,0,0,0	0
4	2031	CERTIFIED_DEFICIT	1260	1	1	0	0,0,0,0,0,0,0,0,0,0,0,0,0	0
4	2032	CERTIFIED_DEFICIT	1260	1	1	0	0,0,0,0,0,0,0,0,0,0,0,0,0	0
4	2033	CERTIFIED_DEFICIT	1260	1	1	0	0,0,0,0,0,0,0,0,0,0,0,0,0	0
4	2034	CERTIFIED_DEFICIT	1260	1	1	0	0,0,0,0,0,0,0,0,0,0,0,0,0	0
4	2035	CERTIFIED_DEFICIT	1260	1	1	0	0,0,0,0,0,0,0,0,0,0,0,0,0	0
4	2036	CERTIFIED_DEFICIT	1260	1	1	0	0,0,0,0,0,0,0,0,0,0,0,0,0	0
4	2037	CERTIFIED_DEFICIT	1260	1	1	0	0,0,0,0,0,0,0,0,0,0,0,0,0	0
4	2038	CERTIFIED_DEFICIT	1260	1	1	0	0,0,0,0,0,0,0,0,0,0,0,0,0	0
4	2039	CERTIFIED_DEFICIT	1260	1	1	0	0,0,0,0,0,0,0,0,0,0,0,0,0	0
4	2040	CERTIFIED_DEFICIT	1260	1	1	0	0,0,0,0,0,0,0,0,0,0,0,0,0	0
4	2041	CERTIFIED_DEFICIT	1260	1	1	0	0,0,0,0,0,0,0,0,0,0,0,0,0	0
4	2042	CERTIFIED_DEFICIT	1260	1	1	0	0,0,0,0,0,0,0,0,0,0,0,0,0	0
4	2043	CERTIFIED_DEFICIT	1260	1	1	0	0,0,0,0,0,0,0,0,0,0,0,0,0	0
4	2044	CERTIFIED_DEFICIT	1260	1	1	0	0,0,0,0,0,0,0,0,0,0,0,0,0	0
4	2045	CERTIFIED_DEFICIT	1260	1	1	0	0,0,0,0,0,0,0,0,0,0,0,0,0	0
4	2046	CERTIFIED_DEFICIT	1260	1	1	0	0,0,0,0,0,0,0,0,0,0,0,0,0	0
4	2047	CERTIFIED_DEFICIT	1260	1	1	0	0,0,0,0,0,0,0,0,0,0,0,0,0	0
4	2048	CERTIFIED_DEFICIT	1260	1	1	0	0,0,0,0,0,0,0,0,0,0,0,0,0	0
4	2049	CERTIFIED_DEFICIT	1260	1	1	0	0,0,0,0,0,0,0,0,0,0,0,0,0	0
4	2050	CERTIFIED_DEFICIT	1260	1	1	0	0,0,0,0,0,0,0,0,0,0,0,0,0	0
4	2051	CERTIFIED_DEFICIT	1260	1	1	0	0,0,0,0,0,0,0,0,0,0,0,0,0	0
4	2052	CERTIFIED_DEFICIT	1260	1	1	0	0,0,0,0,0,0,0,0,0,0,0,0,0	0
4	2053	CERTIFIED_DEFICIT	1260	1	1	0	0,0,0,0,0,0,0,0,0,0,0,0,0	0
4	2054	CERTIFIED_DEFICIT	1260	1	1	0	0,0,0,0,0,0,0,0,0,0,0,0,0	0
4	2055	CERTIFIED_DEFICIT	1260	1	1	0	0,0,0,0,0,0,0,0,0,0,0,0,0	0
4	2056	CERTIFIED_DEFICIT	1260	1	1	0	0,0,0,0,0,0,0,0,0,0,0,0,0	0
4	2057	CERTIFIED_DEFICIT	1260	1	1	0	0,0,0,0,0,0,0,0,0,0,0,0,0	0
4	2058	CERTIFIED_DEFICIT	1260	1	1	0	0,0,0,0,0,0,0,0,0,0,0,0,0	0
4	2059	CERTIFIED_DEFICIT	1260	1	1	0	0,0,0,0,0,0,0,0,0,0,0,0,0	0
4	2060	CERTIFIED_DEFICIT	1260	1	1	0	0,0,0,0,0,0,0,0,0,0,0,0,0	0
4	2061	CERTIFIED_DEFICIT	1260	1	1	0	0,0,0,0,0,0,0,0,0,0,0,0,0	0
4	2062	CERTIFIED_DEFICIT	1260	1	1	0	0,0,0,0,0,0,0,0,0,0,0,0,0	0
4	2063	CERTIFIED_DEFICIT	1260	1	1	0	0,0,0,0,0,0,0,0,0,0,0,0,0	0
4	2064	CERTIFIED_DEFICIT	1260	1	1	0	0,0,0,0,0,0,0,0,0,0,0,0,0	0
4	2065	CERTIFIED_DEFICIT	1260	1	1	0	0,0,0,0,0,0,0,0,0,0,0,0,0	0
4	2066	CERTIFIED_DEFICIT	1260	1	1	0	0,0,0,0,0,0,0,0,0,0,0,0,0	0
4	2067	CERTIFIED_DEFICIT	1260	1	1	0	0,0,0,0,0,0,0,0,0,0,0,0,0	0
4	2068	CERTIFIED_DEFICIT	1260	1	1	0	0,0,0,0,0,0,0,0,0,0,0,0,0	0
4	2069	CERTIFIED_DEFICIT	1260	1	1	0	0,0,0,0,0,0,0,0,0,0,0,0,0	0
4	2070	CERTIFIED_DEFICIT	1260	1	1	0	0,0,0,0,0,0,0,0,0,0,0,0,0	0
4	2071	CERTIFIED_DEFICIT	1260	1	1	0	0,0,0,0,0,0,0,0,0,0,0,0,0	0
4	2072	CERTIFIED_DEFICIT	1260	1	1	0	0,0,0,0,0,0,0,0,0,0,0,0,0	0
4	2073	CERTIFIED_DEFICIT	1260	1	1	0	0,0,0,0,0,0,0,0,0,0,0,0,0	0
4	2074	CERTIFIED_DEFICIT	1260	1	1	0	0,0,0,0,0,0,0,0,0,0,0,0,0	0
4	2075	CERTIFIED_DEFICIT	1260	1	1	0	0,0,0,0,0,0,0,0,0,0,0,0,0	0
4	2076	CERTIFIED_DEFICIT	1260	1	1	0	0,0,0,0,0,0,0,0,0,0,0,0,0	0
4	2077	CERTIFIED_DEFICIT	1260	1	1	0	0,0,0,0,0,0,0,0,0,0,0,0,0	0
4	2078	CERTIFIED_DEFICIT	1260	1	1	0	0,0,0,0,0,0,0,0,0,0,0,0,0	0
4	2079	CERTIFIED_DEFICIT	1260	1	1	0	0,0,0,0,0,0,0,0,0,0,0,0,0	0
4	2080	CERTIFIED_DEFICIT	1260	1	1	0	0,0,0,0,0,0,0,0,0,0,0,0,0	0
4	2081	CERTIFIED_DEFICIT	1260	1	1	0	0,0,0,0,0,0,0,0,0,0,0,0,0	0
4	2082	CERTIFIED_DEFICIT	1260	1	1	0	0,0,0,0,0,0,0,0,0,0,0,0,0	0
4	2083	CERTIFIED_DEFICIT	1260	1	1	0	0,0,0,0,0,0,0,0,0,0,0,0,0	0
4	2084	CERTIFIED_DEFICIT	1219	1	1	0	0,0,0,0,0,0,0,0,0,0,0,0,0	0
4	2085	CERTIFIED_DEFICIT	1260	1	1	0	0,0,0,0,0,0,0,0,0,0,0,0,0	0
4	2086	CERTIFIED_DEFICIT	1260	1	1	0	0,0,0,0,0,0,0,0,0,0,0,0,0	0
4	2087	CERTIFIED_DEFICIT	1260	1	1	0	0,0,0,0,0,0,0,0,0,0,0,0,0	0
4	2088	CERTIFIED_DEFICIT	1260	1	1	0	0,0,0,0,0,0,0,0,0,0,0,0,0	0
4	2089	CERTIFIED_DEFICIT	1260	1	1	0	0,0,0,0,0,0,0,0,0,0,0,0,0	0
4	2090	CERTIFIED_DEFICIT	1259	1	1	0	0,0,0,0,0,0,0,0,0,0,0,0,0	0
4	2091	CERTIFIED_DEFICIT	1260	1	1	0	0,0,0,0,0,0,0,0,0,0,0,0,0	0
4	2092	CERTIFIED_DEFICIT	1260	1	1	0	0,0,0,0,0,0,0,0,0,0,0,0,0	0
4	2093	CERTIFIED_DEFICIT	1260	1	1	0	0,0,0,0,0,0,0,0,0,0,0,0,0	0
4	2094	CERTIFIED_DEFICIT	1260	1	1	0	0,0,0,0,0,0,0,0,0,0,0,0,0	0
4	2095	CERTIFIED_DEFICIT	1260	1	1	0	0,0,0,0,0,0,0,0,0,0,0,0,0	0
4	2096	CERTIFIED_DEFICIT	1260	1	1	0	0,0,0,0,0,0,0,0,0,0,0,0,0	0
4	2097	CERTIFIED_DEFICIT	1260	1	1	0	0,0,0,0,0,0,0,0,0,0,0,0,0	0
4	2098	CERTIFIED_DEFICIT	1260	1	1	0	0,0,0,0,0,0,0,0,0,0,0,0,0	0
4	2099	CERTIFIED_DEFICIT	1241	1	1	0	0,0,0,0,0,0,0,0,0,0,0,0,0	0
4	2100	CERTIFIED_DEFICIT	1260	1	1	0	0,0,0,0,0,0,0,0,0,0,0,0,0	0
4	2101	CERTIFIED_DEFICIT	1260	1	1	0	0,0,0,0,0,0,0,0,0,0,0,0,0	0
4	2102	CERTIFIED_DEFICIT	1260	1	1	0	0,0,0,0,0,0,0,0,0,0,0,0,0	0
4	2103	CERTIFIED_DEFICIT	1260	1	1	0	0,0,0,0,0,0,0,0,0,0,0,0,0	0
4	2104	CERTIFIED_DEFICIT	1260	1	1	0	0,0,0,0,0,0,0,0,0,0,0,0,0	0
4	2105	CERTIFIED_DEFICIT	1260	1	1	0	0,0,0,0,0,0,0,0,0,0,0,0,0	0
4	2106	CERTIFIED_DEFICIT	1260	1	1	0	0,0,0,0,0,0,0,0,0,0,0,0,0	0
4	2107	CERTIFIED_DEFICIT	1260	1	1	0	0,0,0,0,0,0,0,0,0,0,0,0,0	0
4	2108	CERTIFIED_DEFICIT	1260	1	1	0	0,0,0,0,0,0,0,0,0,0,0,0,0	0
4	2109	CERTIFIED_DEFICIT	1260	1	1	0	0,0,0,0,0,0,0,0,0,0,0,0,0	0
4	2110	CERTIFIED_DEFICIT	1260	1	1	0	0,0,0,0,0,0,0,0,0,0,0,0,0	0
4	2111	CERTIFIED_DEFICIT	1260	1	1	0	0,0,0,0,0,0,0,0,0,0,0,0,0	0
4	2112	CERTIFIED_DEFICIT	1260	1	1	0	0,0,0,0,0,0,0,0,0,0,0,0,0	0
4	2113	CERTIFIED_DEFICIT	1260	1	1	0	0,0,0,0,0,0,0,0,0,0,0,0,0	0
4	2114	CERTIFIED_DEFICIT	1260	1	1	0	0,0,0,0,0,0,0,0,0,0,0,0,0	0
4	2115	CERTIFIED_DEFICIT	1260	1	1	0	0,0,0,0,0,0,0,0,0,0,0,0,0	0
4	2116	CERTIFIED_DEFICIT	1260	1	1	0	0,0,0,0,0,0,0,0,0,0,0,0,0	0
4	2117	CERTIFIED_DEFICIT	1260	1	1	0	0,0,0,0,0,0,0,0,0,0,0,0,0	0
4	2118	CERTIFIED_DEFICIT	1260	1	1	0	0,0,0,0,0,0,0,0,0,0,0,0,0	0
4	2119	CERTIFIED_DEFICIT	1260	1	1	0	0,0,0,0,0,0,0,0,0,0,0,0,0	0
4	2120	CERTIFIED_DEFICIT	1260	1	1	0	0,0,0,0,0,0,0,0,0,0,0,0,0	0
4	2121	CERTIFIED_DEFICIT	1260	1	1	0	0,0,0,0,0,0,0,0,0,0,0,0,0	0
4	2122	CERTIFIED_DEFICIT	1260	1	1	0	0,0,0,0,0,0,0,0,0,0,0,0,0	0
4	2123	CERTIFIED_DEFICIT	1260	1	1	0	0,0,0,0,0,0,0,0,0,0,0,0,0	0
4	2124	CERTIFIED_DEFICIT	1260	1	1	0	0,0,0,0,0,0,0,0,0,0,0,0,0	0
4	2125	CERTIFIED_DEFICIT	1260	1	1	0	0,0,0,0,0,0,0,0,0,0,0,0,0	0
4	2126	CERTIFIED_DEFICIT	1260	1	1	0	0,0,0,0,0,0,0,0,0,0,0,0,0	0
4	2127	CERTIFIED_DEFICIT	1260	1	1	0	0,0,0,0,0,0,0,0,0,0,0,0,0	0
4	2128	CERTIFIED_DEFICIT	1260	1	1	0	0,0,0,0,0,0,0,0,0,0,0,0,0	0
4	2129	CERTIFIED_DEFICIT	1260	1	1	0	0,0,0,0,0,0,0,0,0,0,0,0,0	0
4	2130	CERTIFIED_DEFICIT	1260	1	1	0	0,0,0,0,0,0,0,0,0,0,0,0,0	0
4	2131	CERTIFIED_DEFICIT	1260	1	1	0	0,0,0,0,0,0,0,0,0,0,0,0,0	0
4	2132	CERTIFIED_DEFICIT	1260	1	1	0	0,0,0,0,0,0,0,0,0,0,0,0,0	0
4	2133	CERTIFIED_DEFICIT	1260	1	1	0	0,0,0,0,0,0,0,0,0,0,0,0,0	0
4	2134	CERTIFIED_DEFICIT	1260	1	1	0	0,0,0,0,0,0,0,0,0,0,0,0,0	0
4	2135	CERTIFIED_DEFICIT	1260	1	1	0	0,0,0,0,0,0,0,0,0,0,0,0,0	0
4	2136	CERTIFIED_DEFICIT	1260	1	1	0	0,0,0,0,0,0,0,0,0,0,0,0,0	0
4	2137	CERTIFIED_DEFICIT	1260	1	1	0	0,0,0,0,0,0,0,0,0,0,0,0,0	0
4	2138	CERTIFIED_DEFICIT	1260	1	1	0	0,0,0,0,0,0,0,0,0,0,0,0,0	0
4	2139	CERTIFIED_DEFICIT	1260	1	1	0	0,0,0,0,0,0,0,0,0,0,0,0,0	0
4	2140	CERTIFIED_DEFICIT	1260	1	1	0	0,0,0,0,0,0,0,0,0,0,0,0,0	0
4	2141	CERTIFIED_DEFICIT	1260	1	1	0	0,0,0,0,0,0,0,0,0,0,0,0,0	0
4	2142	CERTIFIED_DEFICIT	1260	1	1	0	0,0,0,0,0,0,0,0,0,0,0,0,0	0
4	2143	CERTIFIED_DEFICIT	1260	1	1	0	0,0,0,0,0,0,0,0,0,0,0,0,0	0
4	2144	CERTIFIED_DEFICIT	1260	1	1	0	0,0,0,0,0,0,0,0,0,0,0,0,0	0
4	2145	CERTIFIED_DEFICIT	1260	1	1	0	0,0,0,0,0,0,0,0,0,0,0,0,0	0
4	2146	CERTIFIED_DEFICIT	1260	1	1	0	0,0,0,0,0,0,0,0,0,0,0,0,0	0
4	2147	CERTIFIED_DEFICIT	1260	1	1	0	0,0,0,0,0,0,0,0,0,0,0,0,0	0
4	2148	CERTIFIED_DEFICIT	1260	1	1	0	0,0,0,0,0,0,0,0,0,0,0,0,0	0
4	2149	CERTIFIED_DEFICIT	1260	1	1	0	0,0,0,0,0,0,0,0,0,0,0,0,0	0
4	2150	CERTIFIED_DEFICIT	1260	1	1	0	0,0,0,0,0,0,0,0,0,0,0,0,0	0
4	2151	CERTIFIED_DEFICIT	1260	1	1	0	0,0,0,0,0,0,0,0,0,0,0,0,0	0
4	2152	CERTIFIED_DEFICIT	1260	1	1	0	0,0,0,0,0,0,0,0,0,0,0,0,0	0
4	2153	CERTIFIED_DEFICIT	1260	1	1	0	0,0,0,0,0,0,0,0,0,0,0,0,0	0
4	2154	CERTIFIED_DEFICIT	1260	1	1	0	0,0,0,0,0,0,0,0,0,0,0,0,0	0
4	2155	CERTIFIED_DEFICIT	1260	1	1	0	0,0,0,0,0,0,0,0,0,0,0,0,0	0
4	2156	CERTIFIED_DEFICIT	1260	1	1	0	0,0,0,0,0,0,0,0,0,0,0,0,0	0
4	2157	CERTIFIED_DEFICIT	1260	1	1	0	0,0,0,0,0,0,0,0,0,0,0,0,0	0
4	2158	CERTIFIED_DEFICIT	1260	1	1	0	0,0,0,0,0,0,0,0,0,0,0,0,0	0
4	2159	CERTIFIED_DEFICIT	1260	1	1	0	0,0,0,0,0,0,0,0,0,0,0,0,0	0
4	2160	CERTIFIED_DEFICIT	1260	1	1	0	0,0,0,0,0,0,0,0,0,0,0,0,0	0
4	2161	CERTIFIED_DEFICIT	1260	1	1	0	0,0,0,0,0,0,0,0,0,0,0,0,0	0
4	2162	CERTIFIED_DEFICIT	1219	1	1	0	0,0,0,0,0,0,0,0,0,0,0,0,0	0
4	2163	CERTIFIED_DEFICIT	1260	1	1	0	0,0,0,0,0,0,0,0,0,0,0,0,0	0
4	2164	CERTIFIED_DEFICIT	1260	1	1	0	0,0,0,0,0,0,0,0,0,0,0,0,0	0
4	2165	CERTIFIED_DEFICIT	1260	1	1	0	0,0,0,0,0,0,0,0,0,0,0,0,0	0
4	2166	CERTIFIED_DEFICIT	1260	1	1	0	0,0,0,0,0,0,0,0,0,0,0,0,0	0
4	2167	CERTIFIED_DEFICIT	1260	1	1	0	0,0,0,0,0,0,0,0,0,0,0,0,0	0
4	2168	CERTIFIED_DEFICIT	1259	1	1	0	0,0,0,0,0,0,0,0,0,0,0,0,0	0
4	2169	CERTIFIED_DEFICIT	1260	1	1	0	0,0,0,0,0,0,0,0,0,0,0,0,0	0
4	2170	CERTIFIED_DEFICIT	1260	1	1	0	0,0,0,0,0,0,0,0,0,0,0,0,0	0
4	2171	CERTIFIED_DEFICIT	1260	1	1	0	0,0,0,0,0,0,0,0,0,0,0,0,0	0
4	2172	CERTIFIED_DEFICIT	1260	1	1	0	0,0,0,0,0,0,0,0,0,0,0,0,0	0
4	2173	CERTIFIED_DEFICIT	1260	1	1	0	0,0,0,0,0,0,0,0,0,0,0,0,0	0
4	2174	CERTIFIED_DEFICIT	1260	1	1	0	0,0,0,0,0,0,0,0,0,0,0,0,0	0
4	2175	CERTIFIED_DEFICIT	1260	1	1	0	0,0,0,0,0,0,0,0,0,0,0,0,0	0
4	2176	CERTIFIED_DEFICIT	1260	1	1	0	0,0,0,0,0,0,0,0,0,0,0,0,0	0
4	2177	CERTIFIED_DEFICIT	1241	1	1	0	0,0,0,0,0,0,0,0,0,0,0,0,0	0
4	2178	CERTIFIED_DEFICIT	1260	1	1	0	0,0,0,0,0,0,0,0,0,0,0,0,0	0
4	2179	CERTIFIED_DEFICIT	1260	1	1	0	0,0,0,0,0,0,0,0,0,0,0,0,0	0
4	2180	CERTIFIED_DEFICIT	1260	1	1	0	0,0,0,0,0,0,0,0,0,0,0,0,0	0
4	2181	CERTIFIED_DEFICIT	1260	1	1	0	0,0,0,0,0,0,0,0,0,0,0,0,0	0
4	2182	CERTIFIED_DEFICIT	1260	1	1	0	0,0,0,0,0,0,0,0,0,0,0,0,0	0
4	2183	CERTIFIED_DEFICIT	1260	1	1	0	0,0,0,0,0,0,0,0,0,0,0,0,0	0
4	2184	CERTIFIED_DEFICIT	1260	1	1	0	0,0,0,0,0,0,0,0,0,0,0,0,0	0
4	2185	CERTIFIED_DEFICIT	1260	1	1	0	0,0,0,0,0,0,0,0,0,0,0,0,0	0
4	2186	CERTIFIED_DEFICIT	1260	1	1	0	0,0,0,0,0,0,0,0,0,0,0,0,0	0
4	2187	CERTIFIED_DEFICIT	1260	1	1	0	0,0,0,0,0,0,0,0,0,0,0,0,0	0
4	2188	CERTIFIED_DEFICIT	1260	1	1	0	0,0,0,0,0,0,0,0,0,0,0,0,0	0
4	2189	CERTIFIED_DEFICIT	1260	1	1	0	0,0,0,0,0,0,0,0,0,0,0,0,0	0
4	2190	CERTIFIED_DEFICIT	1260	1	1	0	0,0,0,0,0,0,0,0,0,0,0,0,0	0
4	2191	CERTIFIED_DEFICIT	1260	1	1	0	0,0,0,0,0,0,0,0,0,0,0,0,0	0
4	2192	CERTIFIED_DEFICIT	1260	1	1	0	0,0,0,0,0,0,0,0,0,0,0,0,0	0
4	2193	CERTIFIED_DEFICIT	1260	1	1	0	0,0,0,0,0,0,0,0,0,0,0,0,0	0
4	2194	CERTIFIED_DEFICIT	1260	1	1	0	0,0,0,0,0,0,0,0,0,0,0,0,0	0
4	2195	CERTIFIED_DEFICIT	1260	1	1	0	0,0,0,0,0,0,0,0,0,0,0,0,0	0
4	2196	CERTIFIED_DEFICIT	1260	1	1	0	0,0,0,0,0,0,0,0,0,0,0,0,0	0
4	2197	CERTIFIED_DEFICIT	1260	1	1	0	0,0,0,0,0,0,0,0,0,0,0,0,0	0
4	2198	CERTIFIED_DEFICIT	1260	1	1	0	0,0,0,0,0,0,0,0,0,0,0,0,0	0
4	2199	CERTIFIED_DEFICIT	1260	1	1	0	0,0,0,0,0,0,0,0,0,0,0,0,0	0
4	2200	CERTIFIED_DEFICIT	1260	1	1	0	0,0,0,0,0,0,0,0,0,0,0,0,0	0
4	2201	CERTIFIED_DEFICIT	1260	1	1	0	0,0,0,0,0,0,0,0,0,0,0,0,0	0
4	2202	CERTIFIED_DEFICIT	1260	1	1	0	0,0,0,0,0,0,0,0,0,0,0,0,0	0
4	2203	CERTIFIED_DEFICIT	1260	1	1	0	0,0,0,0,0,0,0,0,0,0,0,0,0	0
4	2204	CERTIFIED_DEFICIT	1260	1	1	0	0,0,0,0,0,0,0,0,0,0,0,0,0	0
4	2205	CERTIFIED_DEFICIT	1260	1	1	0	0,0,0,0,0,0,0,0,0,0,0,0,0	0
4	2206	CERTIFIED_DEFICIT	1260	1	1	0	0,0,0,0,0,0,0,0,0,0,0,0,0	0
4	2207	CERTIFIED_DEFICIT	1260	1	1	0	0,0,0,0,0,0,0,0,0,0,0,0,0	0
4	2208	CERTIFIED_DEFICIT	1260	1	1	0	0,0,0,0,0,0,0,0,0,0,0,0,0	0
4	2209	CERTIFIED_DEFICIT	1260	1	1	0	0,0,0,0,0,0,0,0,0,0,0,0,0	0
4	2210	CERTIFIED_DEFICIT	1260	1	1	0	0,0,0,0,0,0,0,0,0,0,0,0,0	0
4	2211	CERTIFIED_DEFICIT	1260	1	1	0	0,0,0,0,0,0,0,0,0,0,0,0,0	0
4	2212	CERTIFIED_DEFICIT	1260	1	1	0	0,0,0,0,0,0,0,0,0,0,0,0,0	0
4	2213	CERTIFIED_DEFICIT	1260	1	1	0	0,0,0,0,0,0,0,0,0,0,0,0,0	0
4	2214	CERTIFIED_DEFICIT	1260	1	1	0	0,0,0,0,0,0,0,0,0,0,0,0,0	0
4	2215	CERTIFIED_DEFICIT	1260	1	1	0	0,0,0,0,0,0,0,0,0,0,0,0,0	0
4	2216	CERTIFIED_DEFICIT	1260	1	1	0	0,0,0,0,0,0,0,0,0,0,0,0,0	0
4	2217	CERTIFIED_DEFICIT	1260	1	1	0	0,0,0,0,0,0,0,0,0,0,0,0,0	0
4	2218	CERTIFIED_DEFICIT	1260	1	1	0	0,0,0,0,0,0,0,0,0,0,0,0,0	0
4	2219	CERTIFIED_DEFICIT	1260	1	1	0	0,0,0,0,0,0,0,0,0,0,0,0,0	0
4	2220	CERTIFIED_DEFICIT	1260	1	1	0	0,0,0,0,0,0,0,0,0,0,0,0,0	0
4	2221	CERTIFIED_DEFICIT	1260	1	1	0	0,0,0,0,0,0,0,0,0,0,0,0,0	0
4	2222	CERTIFIED_DEFICIT	1260	1	1	0	0,0,0,0,0,0,0,0,0,0,0,0,0	0
4	2223	CERTIFIED_DEFICIT	1260	1	1	0	0,0,0,0,0,0,0,0,0,0,0,0,0	0
4	2224	CERTIFIED_DEFICIT	1260	1	1	0	0,0,0,0,0,0,0,0,0,0,0,0,0	0
4	2225	CERTIFIED_DEFICIT	1260	1	1	0	0,0,0,0,0,0,0,0,0,0,0,0,0	0
4	2226	CERTIFIED_DEFICIT	1260	1	1	0	0,0,0,0,0,0,0,0,0,0,0,0,0	0
4	2227	CERTIFIED_DEFICIT	1260	1	1	0	0,0,0,0,0,0,0,0,0,0,0,0,0	0
4	2228	CERTIFIED_DEFICIT	1260	1	1	0	0,0,0,0,0,0,0,0,0,0,0,0,0	0
4	2229	CERTIFIED_DEFICIT	1260	1	1	0	0,0,0,0,0,0,0,0,0,0,0,0,0	0
4	2230	CERTIFIED_DEFICIT	1260	1	1	0	0,0,0,0,0,0,0,0,0,0,0,0,0	0
4	2231	CERTIFIED_DEFICIT	1260	1	1	0	0,0,0,0,0,0,0,0,0,0,0,0,0	0
4	2232	CERTIFIED_DEFICIT	1260	1	1	0	0,0,0,0,0,0,0,0,0,0,0,0,0	0
4	2233	CERTIFIED_DEFICIT	1260	1	1	0	0,0,0,0,0,0,0,0,0,0,0,0,0	0
4	2234	CERTIFIED_DEFICIT	1260	1	1	0	0,0,0,0,0,0,0,0,0,0,0,0,0	0
4	2235	CERTIFIED_DEFICIT	1260	1	1	0	0,0,0,0,0,0,0,0,0,0,0,0,0	0
4	2236	CERTIFIED_DEFICIT	1260	1	1	0	0,0,0,0,0,0,0,0,0,0,0,0,0	0
4	2237	CERTIFIED_DEFICIT	1260	1	1	0	0,0,0,0,0,0,0,0,0,0,0,0,0	0
4	2238	CERTIFIED_DEFICIT	1260	1	1	0	0,0,0,0,0,0,0,0,0,0,0,0,0	0
4	2239	CERTIFIED_DEFICIT	1260	1	1	0	0,0,0,0,0,0,0,0,0,0,0,0,0	0
4	2240	CERTIFIED_DEFICIT	1219	1	1	0	0,0,0,0,0,0,0,0,0,0,0,0,0	0
4	2241	CERTIFIED_DEFICIT	1260	1	1	0	0,0,0,0,0,0,0,0,0,0,0,0,0	0
4	2242	CERTIFIED_DEFICIT	1260	1	1	0	0,0,0,0,0,0,0,0,0,0,0,0,0	0
4	2243	CERTIFIED_DEFICIT	1260	1	1	0	0,0,0,0,0,0,0,0,0,0,0,0,0	0
4	2244	CERTIFIED_DEFICIT	1260	1	1	0	0,0,0,0,0,0,0,0,0,0,0,0,0	0
4	2245	CERTIFIED_DEFICIT	1260	1	1	0	0,0,0,0,0,0,0,0,0,0,0,0,0	0
4	2246	CERTIFIED_DEFICIT	1259	1	1	0	0,0,0,0,0,0,0,0,0,0,0,0,0	0
4	2247	CERTIFIED_DEFICIT	1260	1	1	0	0,0,0,0,0,0,0,0,0,0,0,0,0	0
4	2248	CERTIFIED_DEFICIT	1260	1	1	0	0,0,0,0,0,0,0,0,0,0,0,0,0	0
4	2249	CERTIFIED_DEFICIT	1260	1	1	0	0,0,0,0,0,0,0,0,0,0,0,0,0	0
4	2250	CERTIFIED_DEFICIT	1260	1	1	0	0,0,0,0,0,0,0,0,0,0,0,0,0	0
4	2251	CERTIFIED_DEFICIT	1260	1	1	0	0,0,0,0,0,0,0,0,0,0,0,0,0	0
4	2252	CERTIFIED_DEFICIT	1260	1	1	0	0,0,0,0,0,0,0,0,0,0,0,0,0	0
4	2253	CERTIFIED_DEFICIT	1260	1	1	0	0,0,0,0,0,0,0,0,0,0,0,0,0	0
4	2254	CERTIFIED_DEFICIT	1260	1	1	0	0,0,0,0,0,0,0,0,0,0,0,0,0	0
4	2255	CERTIFIED_DEFICIT	1241	1	1	0	0,0,0,0,0,0,0,0,0,0,0,0,0	0
4	2256	CERTIFIED_DEFICIT	1260	1	1	0	0,0,0,0,0,0,0,0,0,0,0,0,0	0
4	2257	CERTIFIED_DEFICIT	1260	1	1	0	0,0,0,0,0,0,0,0,0,0,0,0,0	0
4	2258	CERTIFIED_DEFICIT	1260	1	1	0	0,0,0,0,0,0,0,0,0,0,0,0,0	0
4	2259	CERTIFIED_DEFICIT	1260	1	1	0	0,0,0,0,0,0,0,0,0,0,0,0,0	0
4	2260	CERTIFIED_DEFICIT	1260	1	1	0	0,0,0,0,0,0,0,0,0,0,0,0,0	0
4	2261	CERTIFIED_DEFICIT	1260	1	1	0	0,0,0,0,0,0,0,0,0,0,0,0,0	0
4	2262	CERTIFIED_DEFICIT	1260	1	1	0	0,0,0,0,0,0,0,0,0,0,0,0,0	0
4	2263	CERTIFIED_DEFICIT	1260	1	1	0	0,0,0,0,0,0,0,0,0,0,0,0,0	0
4	2264	CERTIFIED_DEFICIT	1260	1	1	0	0,0,0,0,0,0,0,0,0,0,0,0,0	0
4	2265	CERTIFIED_DEFICIT	1260	1	1	0	0,0,0,0,0,0,0,0,0,0,0,0,0	0
4	2266	CERTIFIED_DEFICIT	1260	1	1	0	0,0,0,0,0,0,0,0,0,0,0,0,0	0
4	2267	CERTIFIED_DEFICIT	1260	1	1	0	0,0,0,0,0,0,0,0,0,0,0,0,0	0
4	2268	CERTIFIED_DEFICIT	1260	1	1	0	0,0,0,0,0,0,0,0,0,0,0,0,0	0
4	2269	CERTIFIED_DEFICIT	1260	1	1	0	0,0,0,0,0,0,0,0,0,0,0,0,0	0
4	2270	CERTIFIED_DEFICIT	1260	1	1	0	0,0,0,0,0,0,0,0,0,0,0,0,0	0
4	2271	CERTIFIED_DEFICIT	1260	1	1	0	0,0,0,0,0,0,0,0,0,0,0,0,0	0
4	2272	CERTIFIED_DEFICIT	1260	1	1	0	0,0,0,0,0,0,0,0,0,0,0,0,0	0
4	2273	CERTIFIED_DEFICIT	1260	1	1	0	0,0,0,0,0,0,0,0,0,0,0,0,0	0
4	2274	CERTIFIED_DEFICIT	1260	1	1	0	0,0,0,0,0,0,0,0,0,0,0,0,0	0
4	2275	CERTIFIED_DEFICIT	1260	1	1	0	0,0,0,0,0,0,0,0,0,0,0,0,0	0
4	2276	CERTIFIED_DEFICIT	1260	1	1	0	0,0,0,0,0,0,0,0,0,0,0,0,0	0
4	2277	CERTIFIED_DEFICIT	1260	1	1	0	0,0,0,0,0,0,0,0,0,0,0,0,0	0
4	2278	CERTIFIED_DEFICIT	1260	1	1	0	0,0,0,0,0,0,0,0,0,0,0,0,0	0
4	2279	CERTIFIED_DEFICIT	1260	1	1	0	0,0,0,0,0,0,0,0,0,0,0,0,0	0
4	2280	CERTIFIED_DEFICIT	1260	1	1	0	0,0,0,0,0,0,0,0,0,0,0,0,0	0
4	2281	CERTIFIED_DEFICIT	1260	1	1	0	0,0,0,0,0,0,0,0,0,0,0,0,0	0
4	2282	CERTIFIED_DEFICIT	1260	1	1	0	0,0,0,0,0,0,0,0,0,0,0,0,0	0
4	2283	CERTIFIED_DEFICIT	1260	1	1	0	0,0,0,0,0,0,0,0,0,0,0,0,0	0
4	2284	CERTIFIED_DEFICIT	1260	1	1	0	0,0,0,0,0,0,0,0,0,0,0,0,0	0
4	2285	CERTIFIED_DEFICIT	1260	1	1	0	0,0,0,0,0,0,0,0,0,0,0,0,0	0
4	2286	CERTIFIED_DEFICIT	1260	1	1	0	0,0,0,0,0,0,0,0,0,0,0,0,0	0
4	2287	CERTIFIED_DEFICIT	1260	1	1	0	0,0,0,0,0,0,0,0,0,0,0,0,0	0
4	2288	CERTIFIED_DEFICIT	1260	1	1	0	0,0,0,0,0,0,0,0,0,0,0,0,0	0
4	2289	CERTIFIED_DEFICIT	1260	1	1	0	0,0,0,0,0,0,0,0,0,0,0,0,0	0
4	2290	CERTIFIED_DEFICIT	1260	1	1	0	0,0,0,0,0,0,0,0,0,0,0,0,0	0
4	2291	CERTIFIED_DEFICIT	1260	1	1	0	0,0,0,0,0,0,0,0,0,0,0,0,0	0
4	2292	CERTIFIED_DEFICIT	1260	1	1	0	0,0,0,0,0,0,0,0,0,0,0,0,0	0
4	2293	CERTIFIED_DEFICIT	1260	1	1	0	0,0,0,0,0,0,0,0,0,0,0,0,0	0
4	2294	CERTIFIED_DEFICIT	1260	1	1	0	0,0,0,0,0,0,0,0,0,0,0,0,0	0
4	2295	CERTIFIED_DEFICIT	1260	1	1	0	0,0,0,0,0,0,0,0,0,0,0,0,0	0
4	2296	CERTIFIED_DEFICIT	1260	1	1	0	0,0,0,0,0,0,0,0,0,0,0,0,0	0
4	2297	CERTIFIED_DEFICIT	1260	1	1	0	0,0,0,0,0,0,0,0,0,0,0,0,0	0
4	2298	CERTIFIED_DEFICIT	1260	1	1	0	0,0,0,0,0,0,0,0,0,0,0,0,0	0
4	2299	CERTIFIED_DEFICIT	1260	1	1	0	0,0,0,0,0,0,0,0,0,0,0,0,0	0
4	2300	CERTIFIED_DEFICIT	1260	1	1	0	0,0,0,0,0,0,0,0,0,0,0,0,0	0
4	2301	CERTIFIED_DEFICIT	1260	1	1	0	0,0,0,0,0,0,0,0,0,0,0,0,0	0
4	2302	CERTIFIED_DEFICIT	1260	1	1	0	0,0,0,0,0,0,0,0,0,0,0,0,0	0
4	2303	CERTIFIED_DEFICIT	1260	1	1	0	0,0,0,0,0,0,0,0,0,0,0,0,0	0
4	2304	CERTIFIED_DEFICIT	1260	1	1	0	0,0,0,0,0,0,0,0,0,0,0,0,0	0
4	2305	CERTIFIED_DEFICIT	1260	1	1	0	0,0,0,0,0,0,0,0,0,0,0,0,0	0
4	2306	CERTIFIED_DEFICIT	1260	1	1	0	0,0,0,0,0,0,0,0,0,0,0,0,0	0
4	2307	CERTIFIED_DEFICIT	1260	1	1	0	0,0,0,0,0,0,0,0,0,0,0,0,0	0
4	2308	CERTIFIED_DEFICIT	1260	1	1	0	0,0,0,0,0,0,0,0,0,0,0,0,0	0
4	2309	CERTIFIED_DEFICIT	1260	1	1	0	0,0,0,0,0,0,0,0,0,0,0,0,0	0
4	2310	CERTIFIED_DEFICIT	1260	1	1	0	0,0,0,0,0,0,0,0,0,0,0,0,0	0
4	2311	CERTIFIED_DEFICIT	1260	1	1	0	0,0,0,0,0,0,0,0,0,0,0,0,0	0
4	2312	CERTIFIED_DEFICIT	1260	1	1	0	0,0,0,0,0,0,0,0,0,0,0,0,0	0
4	2313	CERTIFIED_DEFICIT	1260	1	1	0	0,0,0,0,0,0,0,0,0,0,0,0,0	0
4	2314	CERTIFIED_DEFICIT	1260	1	1	0	0,0,0,0,0,0,0,0,0,0,0,0,0	0
4	2315	CERTIFIED_DEFICIT	1260	1	1	0	0,0,0,0,0,0,0,0,0,0,0,0,0	0
4	2316	CERTIFIED_DEFICIT	1260	1	1	0	0,0,0,0,0,0,0,0,0,0,0,0,0	0
4	2317	CERTIFIED_DEFICIT	1260	1	1	0	0,0,0,0,0,0,0,0,0,0,0,0,0	0
4	2318	CERTIFIED_DEFICIT	1219	1	1	0	0,0,0,0,0,0,0,0,0,0,0,0,0	0
4	2319	CERTIFIED_DEFICIT	1260	1	1	0	0,0,0,0,0,0,0,0,0,0,0,0,0	0
4	2320	CERTIFIED_DEFICIT	1260	1	1	0	0,0,0,0,0,0,0,0,0,0,0,0,0	0
4	2321	CERTIFIED_DEFICIT	1260	1	1	0	0,0,0,0,0,0,0,0,0,0,0,0,0	0
4	2322	CERTIFIED_DEFICIT	1260	1	1	0	0,0,0,0,0,0,0,0,0,0,0,0,0	0
4	2323	CERTIFIED_DEFICIT	1260	1	1	0	0,0,0,0,0,0,0,0,0,0,0,0,0	0
4	2324	CERTIFIED_DEFICIT	1259	1	1	0	0,0,0,0,0,0,0,0,0,0,0,0,0	0
4	2325	CERTIFIED_DEFICIT	1260	1	1	0	0,0,0,0,0,0,0,0,0,0,0,0,0	0
4	2326	CERTIFIED_DEFICIT	1260	1	1	0	0,0,0,0,0,0,0,0,0,0,0,0,0	0
4	2327	CERTIFIED_DEFICIT	1260	1	1	0	0,0,0,0,0,0,0,0,0,0,0,0,0	0
4	2328	CERTIFIED_DEFICIT	1260	1	1	0	0,0,0,0,0,0,0,0,0,0,0,0,0	0
4	2329	CERTIFIED_DEFICIT	1260	1	1	0	0,0,0,0,0,0,0,0,0,0,0,0,0	0
4	2330	CERTIFIED_DEFICIT	1260	1	1	0	0,0,0,0,0,0,0,0,0,0,0,0,0	0
4	2331	CERTIFIED_DEFICIT	1260	1	1	0	0,0,0,0,0,0,0,0,0,0,0,0,0	0
4	2332	CERTIFIED_DEFICIT	1260	1	1	0	0,0,0,0,0,0,0,0,0,0,0,0,0	0
4	2333	CERTIFIED_DEFICIT	1241	1	1	0	0,0,0,0,0,0,0,0,0,0,0,0,0	0
4	2334	CERTIFIED_DEFICIT	1260	1	1	0	0,0,0,0,0,0,0,0,0,0,0,0,0	0
4	2335	CERTIFIED_DEFICIT	1260	1	1	0	0,0,0,0,0,0,0,0,0,0,0,0,0	0
4	2336	CERTIFIED_DEFICIT	1260	1	1	0	0,0,0,0,0,0,0,0,0,0,0,0,0	0
4	2337	CERTIFIED_DEFICIT	1260	1	1	0	0,0,0,0,0,0,0,0,0,0,0,0,0	0
4	2338	CERTIFIED_DEFICIT	1260	1	1	0	0,0,0,0,0,0,0,0,0,0,0,0,0	0
4	2339	CERTIFIED_DEFICIT	1260	1	1	0	0,0,0,0,0,0,0,0,0,0,0,0,0	0
4	2340	CERTIFIED_DEFICIT	1260	1	1	0	0,0,0,0,0,0,0,0,0,0,0,0,0	0
4	2341	CERTIFIED_DEFICIT	1260	1	1	0	0,0,0,0,0,0,0,0,0,0,0,0,0	0
4	2342	CERTIFIED_DEFICIT	1260	1	1	0	0,0,0,0,0,0,0,0,0,0,0,0,0	0
4	2343	CERTIFIED_DEFICIT	1260	1	1	0	0,0,0,0,0,0,0,0,0,0,0,0,0	0
4	2344	CERTIFIED_DEFICIT	1260	1	1	0	0,0,0,0,0,0,0,0,0,0,0,0,0	0
4	2345	CERTIFIED_DEFICIT	1260	1	1	0	0,0,0,0,0,0,0,0,0,0,0,0,0	0
4	2346	CERTIFIED_DEFICIT	1260	1	1	0	0,0,0,0,0,0,0,0,0,0,0,0,0	0
4	2347	CERTIFIED_DEFICIT	1260	1	1	0	0,0,0,0,0,0,0,0,0,0,0,0,0	0
4	2348	CERTIFIED_DEFICIT	1260	1	1	0	0,0,0,0,0,0,0,0,0,0,0,0,0	0
4	2349	CERTIFIED_DEFICIT	1260	1	1	0	0,0,0,0,0,0,0,0,0,0,0,0,0	0
4	2350	CERTIFIED_DEFICIT	1260	1	1	0	0,0,0,0,0,0,0,0,0,0,0,0,0	0
4	2351	CERTIFIED_DEFICIT	1260	1	1	0	0,0,0,0,0,0,0,0,0,0,0,0,0	0
4	2352	CERTIFIED_DEFICIT	1260	1	1	0	0,0,0,0,0,0,0,0,0,0,0,0,0	0
4	2353	CERTIFIED_DEFICIT	1260	1	1	0	0,0,0,0,0,0,0,0,0,0,0,0,0	0
4	2354	CERTIFIED_DEFICIT	1260	1	1	0	0,0,0,0,0,0,0,0,0,0,0,0,0	0
4	2355	CERTIFIED_DEFICIT	1260	1	1	0	0,0,0,0,0,0,0,0,0,0,0,0,0	0
4	2356	CERTIFIED_DEFICIT	1260	1	1	0	0,0,0,0,0,0,0,0,0,0,0,0,0	0
4	2357	CERTIFIED_DEFICIT	1260	1	1	0	0,0,0,0,0,0,0,0,0,0,0,0,0	0
4	2358	CERTIFIED_DEFICIT	1260	1	1	0	0,0,0,0,0,0,0,0,0,0,0,0,0	0
4	2359	CERTIFIED_DEFICIT	1260	1	1	0	0,0,0,0,0,0,0,0,0,0,0,0,0	0
4	2360	CERTIFIED_DEFICIT	1260	1	1	0	0,0,0,0,0,0,0,0,0,0,0,0,0	0
4	2361	CERTIFIED_DEFICIT	1260	1	1	0	0,0,0,0,0,0,0,0,0,0,0,0,0	0
4	2362	CERTIFIED_DEFICIT	1260	1	1	0	0,0,0,0,0,0,0,0,0,0,0,0,0	0
4	2363	CERTIFIED_DEFICIT	1260	1	1	0	0,0,0,0,0,0,0,0,0,0,0,0,0	0
4	2364	CERTIFIED_DEFICIT	1260	1	1	0	0,0,0,0,0,0,0,0,0,0,0,0,0	0
4	2365	CERTIFIED_DEFICIT	1260	1	1	0	0,0,0,0,0,0,0,0,0,0,0,0,0	0
4	2366	CERTIFIED_DEFICIT	1260	1	1	0	0,0,0,0,0,0,0,0,0,0,0,0,0	0
4	2367	CERTIFIED_DEFICIT	1260	1	1	0	0,0,0,0,0,0,0,0,0,0,0,0,0	0
4	2368	CERTIFIED_DEFICIT	1260	1	1	0	0,0,0,0,0,0,0,0,0,0,0,0,0	0
4	2369	CERTIFIED_DEFICIT	1260	1	1	0	0,0,0,0,0,0,0,0,0,0,0,0,0	0
4	2370	CERTIFIED_DEFICIT	1260	1	1	0	0,0,0,0,0,0,0,0,0,0,0,0,0	0
4	2371	CERTIFIED_DEFICIT	1260	1	1	0	0,0,0,0,0,0,0,0,0,0,0,0,0	0
4	2372	CERTIFIED_DEFICIT	1260	1	1	0	0,0,0,0,0,0,0,0,0,0,0,0,0	0
4	2373	CERTIFIED_DEFICIT	1260	1	1	0	0,0,0,0,0,0,0,0,0,0,0,0,0	0
4	2374	CERTIFIED_DEFICIT	1260	1	1	0	0,0,0,0,0,0,0,0,0,0,0,0,0	0
4	2375	CERTIFIED_DEFICIT	1260	1	1	0	0,0,0,0,0,0,0,0,0,0,0,0,0	0
4	2376	CERTIFIED_DEFICIT	1260	1	1	0	0,0,0,0,0,0,0,0,0,0,0,0,0	0
4	2377	CERTIFIED_DEFICIT	1260	1	1	0	0,0,0,0,0,0,0,0,0,0,0,0,0	0
4	2378	CERTIFIED_DEFICIT	1260	1	1	0	0,0,0,0,0,0,0,0,0,0,0,0,0	0
4	2379	CERTIFIED_DEFICIT	1260	1	1	0	0,0,0,0,0,0,0,0,0,0,0,0,0	0
4	2380	CERTIFIED_DEFICIT	1260	1	1	0	0,0,0,0,0,0,0,0,0,0,0,0,0	0
4	2381	CERTIFIED_DEFICIT	1260	1	1	0	0,0,0,0,0,0,0,0,0,0,0,0,0	0
4	2382	CERTIFIED_DEFICIT	1260	1	1	0	0,0,0,0,0,0,0,0,0,0,0,0,0	0
4	2383	CERTIFIED_DEFICIT	1260	1	1	0	0,0,0,0,0,0,0,0,0,0,0,0,0	0
4	2384	CERTIFIED_DEFICIT	1260	1	1	0	0,0,0,0,0,0,0,0,0,0,0,0,0	0
4	2385	CERTIFIED_DEFICIT	1260	1	1	0	0,0,0,0,0,0,0,0,0,0,0,0,0	0
4	2386	CERTIFIED_DEFICIT	1260	1	1	0	0,0,0,0,0,0,0,0,0,0,0,0,0	0
4	2387	CERTIFIED_DEFICIT	1260	1	1	0	0,0,0,0,0,0,0,0,0,0,0,0,0	0
4	2388	CERTIFIED_DEFICIT	1260	1	1	0	0,0,0,0,0,0,0,0,0,0,0,0,0	0
4	2389	CERTIFIED_DEFICIT	1260	1	1	0	0,0,0,0,0,0,0,0,0,0,0,0,0	0
4	2390	CERTIFIED_DEFICIT	1260	1	1	0	0,0,0,0,0,0,0,0,0,0,0,0,0	0
4	2391	CERTIFIED_DEFICIT	1260	1	1	0	0,0,0,0,0,0,0,0,0,0,0,0,0	0
4	2392	CERTIFIED_DEFICIT	1260	1	1	0	0,0,0,0,0,0,0,0,0,0,0,0,0	0
4	2393	CERTIFIED_DEFICIT	1260	1	1	0	0,0,0,0,0,0,0,0,0,0,0,0,0	0
4	2394	CERTIFIED_DEFICIT	1260	1	1	0	0,0,0,0,0,0,0,0,0,0,0,0,0	0
4	2395	CERTIFIED_DEFICIT	1260	1	1	0	0,0,0,0,0,0,0,0,0,0,0,0,0	0
4	2396	CERTIFIED_DEFICIT	1219	1	1	0	0,0,0,0,0,0,0,0,0,0,0,0,0	0
4	2397	CERTIFIED_DEFICIT	1260	1	1	0	0,0,0,0,0,0,0,0,0,0,0,0,0	0
4	2398	CERTIFIED_DEFICIT	1260	1	1	0	0,0,0,0,0,0,0,0,0,0,0,0,0	0
4	2399	CERTIFIED_DEFICIT	1260	1	1	0	0,0,0,0,0,0,0,0,0,0,0,0,0	0
4	2400	CERTIFIED_DEFICIT	1260	1	1	0	0,0,0,0,0,0,0,0,0,0,0,0,0	0
4	2401	CERTIFIED_DEFICIT	1260	1	1	0	0,0,0,0,0,0,0,0,0,0,0,0,0	0
4	2402	CERTIFIED_DEFICIT	1259	1	1	0	0,0,0,0,0,0,0,0,0,0,0,0,0	0
4	2403	CERTIFIED_DEFICIT	1260	1	1	0	0,0,0,0,0,0,0,0,0,0,0,0,0	0
4	2404	CERTIFIED_DEFICIT	1260	1	1	0	0,0,0,0,0,0,0,0,0,0,0,0,0	0
4	2405	CERTIFIED_DEFICIT	1260	1	1	0	0,0,0,0,0,0,0,0,0,0,0,0,0	0
4	2406	CERTIFIED_DEFICIT	1260	1	1	0	0,0,0,0,0,0,0,0,0,0,0,0,0	0
4	2407	CERTIFIED_DEFICIT	1260	1	1	0	0,0,0,0,0,0,0,0,0,0,0,0,0	0
4	2408	CERTIFIED_DEFICIT	1260	1	1	0	0,0,0,0,0,0,0,0,0,0,0,0,0	0
4	2409	CERTIFIED_DEFICIT	1260	1	1	0	0,0,0,0,0,0,0,0,0,0,0,0,0	0
4	2410	CERTIFIED_DEFICIT	1260	1	1	0	0,0,0,0,0,0,0,0,0,0,0,0,0	0
4	2411	CERTIFIED_DEFICIT	1241	1	1	0	0,0,0,0,0,0,0,0,0,0,0,0,0	0
4	2412	CERTIFIED_DEFICIT	1260	1	1	0	0,0,0,0,0,0,0,0,0,0,0,0,0	0
4	2413	CERTIFIED_DEFICIT	1260	1	1	0	0,0,0,0,0,0,0,0,0,0,0,0,0	0
4	2414	CERTIFIED_DEFICIT	1260	1	1	0	0,0,0,0,0,0,0,0,0,0,0,0,0	0
4	2415	CERTIFIED_DEFICIT	1260	1	1	0	0,0,0,0,0,0,0,0,0,0,0,0,0	0
4	2416	CERTIFIED_DEFICIT	1260	1	1	0	0,0,0,0,0,0,0,0,0,0,0,0,0	0
4	2417	CERTIFIED_DEFICIT	1260	1	1	0	0,0,0,0,0,0,0,0,0,0,0,0,0	0
4	2418	CERTIFIED_DEFICIT	1260	1	1	0	0,0,0,0,0,0,0,0,0,0,0,0,0	0
4	2419	CERTIFIED_DEFICIT	1260	1	1	0	0,0,0,0,0,0,0,0,0,0,0,0,0	0
4	2420	CERTIFIED_DEFICIT	1260	1	1	0	0,0,0,0,0,0,0,0,0,0,0,0,0	0
4	2421	CERTIFIED_DEFICIT	1260	1	1	0	0,0,0,0,0,0,0,0,0,0,0,0,0	0
4	2422	CERTIFIED_DEFICIT	1260	1	1	0	0,0,0,0,0,0,0,0,0,0,0,0,0	0
4	2423	CERTIFIED_DEFICIT	1260	1	1	0	0,0,0,0,0,0,0,0,0,0,0,0,0	0
4	2424	CERTIFIED_DEFICIT	1260	1	1	0	0,0,0,0,0,0,0,0,0,0,0,0,0	0
4	2425	CERTIFIED_DEFICIT	1260	1	1	0	0,0,0,0,0,0,0,0,0,0,0,0,0	0
4	2426	CERTIFIED_DEFICIT	1260	1	1	0	0,0,0,0,0,0,0,0,0,0,0,0,0	0
4	2427	CERTIFIED_DEFICIT	1260	1	1	0	0,0,0,0,0,0,0,0,0,0,0,0,0	0
4	2428	CERTIFIED_DEFICIT	1260	1	1	0	0,0,0,0,0,0,0,0,0,0,0,0,0	0
4	2429	CERTIFIED_DEFICIT	1260	1	1	0	0,0,0,0,0,0,0,0,0,0,0,0,0	0
4	2430	CERTIFIED_DEFICIT	1260	1	1	0	0,0,0,0,0,0,0,0,0,0,0,0,0	0
4	2431	CERTIFIED_DEFICIT	1260	1	1	0	0,0,0,0,0,0,0,0,0,0,0,0,0	0
4	2432	CERTIFIED_DEFICIT	1260	1	1	0	0,0,0,0,0,0,0,0,0,0,0,0,0	0
4	2433	CERTIFIED_DEFICIT	1260	1	1	0	0,0,0,0,0,0,0,0,0,0,0,0,0	0
4	2434	CERTIFIED_DEFICIT	1260	1	1	0	0,0,0,0,0,0,0,0,0,0,0,0,0	0
4	2435	CERTIFIED_DEFICIT	1260	1	1	0	0,0,0,0,0,0,0,0,0,0,0,0,0	0
4	2436	CERTIFIED_DEFICIT	1260	1	1	0	0,0,0,0,0,0,0,0,0,0,0,0,0	0
4	2437	CERTIFIED_DEFICIT	1260	1	1	0	0,0,0,0,0,0,0,0,0,0,0,0,0	0
4	2438	CERTIFIED_DEFICIT	1260	1	1	0	0,0,0,0,0,0,0,0,0,0,0,0,0	0
4	2439	CERTIFIED_DEFICIT	1260	1	1	0	0,0,0,0,0,0,0,0,0,0,0,0,0	0
4	2440	CERTIFIED_DEFICIT	1260	1	1	0	0,0,0,0,0,0,0,0,0,0,0,0,0	0
4	2441	CERTIFIED_DEFICIT	1260	1	1	0	0,0,0,0,0,0,0,0,0,0,0,0,0	0
4	2442	CERTIFIED_DEFICIT	1260	1	1	0	0,0,0,0,0,0,0,0,0,0,0,0,0	0
4	2443	CERTIFIED_DEFICIT	1260	1	1	0	0,0,0,0,0,0,0,0,0,0,0,0,0	0
4	2444	CERTIFIED_DEFICIT	1260	1	1	0	0,0,0,0,0,0,0,0,0,0,0,0,0	0
4	2445	CERTIFIED_DEFICIT	1260	1	1	0	0,0,0,0,0,0,0,0,0,0,0,0,0	0
4	2446	CERTIFIED_DEFICIT	1260	1	1	0	0,0,0,0,0,0,0,0,0,0,0,0,0	0
4	2447	CERTIFIED_DEFICIT	1260	1	1	0	0,0,0,0,0,0,0,0,0,0,0,0,0	0
4	2448	CERTIFIED_DEFICIT	1260	1	1	0	0,0,0,0,0,0,0,0,0,0,0,0,0	0
4	2449	CERTIFIED_DEFICIT	1260	1	1	0	0,0,0,0,0,0,0,0,0,0,0,0,0	0
4	2450	CERTIFIED_DEFICIT	1260	1	1	0	0,0,0,0,0,0,0,0,0,0,0,0,0	0
4	2451	CERTIFIED_DEFICIT	1260	1	1	0	0,0,0,0,0,0,0,0,0,0,0,0,0	0
4	2452	CERTIFIED_DEFICIT	1260	1	1	0	0,0,0,0,0,0,0,0,0,0,0,0,0	0
4	2453	CERTIFIED_DEFICIT	1260	1	1	0	0,0,0,0,0,0,0,0,0,0,0,0,0	0
4	2454	CERTIFIED_DEFICIT	1260	1	1	0	0,0,0,0,0,0,0,0,0,0,0,0,0	0
4	2455	CERTIFIED_DEFICIT	1260	1	1	0	0,0,0,0,0,0,0,0,0,0,0,0,0	0
4	2456	CERTIFIED_DEFICIT	1260	1	1	0	0,0,0,0,0,0,0,0,0,0,0,0,0	0
4	2457	CERTIFIED_DEFICIT	1260	1	1	0	0,0,0,0,0,0,0,0,0,0,0,0,0	0
4	2458	CERTIFIED_DEFICIT	1260	1	1	0	0,0,0,0,0,0,0,0,0,0,0,0,0	0
4	2459	CERTIFIED_DEFICIT	1260	1	1	0	0,0,0,0,0,0,0,0,0,0,0,0,0	0
4	2460	CERTIFIED_DEFICIT	1260	1	1	0	0,0,0,0,0,0,0,0,0,0,0,0,0	0
4	2461	CERTIFIED_DEFICIT	1260	1	1	0	0,0,0,0,0,0,0,0,0,0,0,0,0	0
4	2462	CERTIFIED_DEFICIT	1260	1	1	0	0,0,0,0,0,0,0,0,0,0,0,0,0	0
4	2463	CERTIFIED_DEFICIT	1260	1	1	0	0,0,0,0,0,0,0,0,0,0,0,0,0	0
4	2464	CERTIFIED_DEFICIT	1260	1	1	0	0,0,0,0,0,0,0,0,0,0,0,0,0	0
4	2465	CERTIFIED_DEFICIT	1260	1	1	0	0,0,0,0,0,0,0,0,0,0,0,0,0	0
4	2466	CERTIFIED_DEFICIT	1260	1	1	0	0,0,0,0,0,0,0,0,0,0,0,0,0	0
4	2467	CERTIFIED_DEFICIT	1260	1	1	0	0,0,0,0,0,0,0,0,0,0,0,0,0	0
4	2468	CERTIFIED_DEFICIT	1260	1	1	0	0,0,0,0,0,0,0,0,0,0,0,0,0	0
4	2469	CERTIFIED_DEFICIT	1260	1	1	0	0,0,0,0,0,0,0,0,0,0,0,0,0	0
4	2470	CERTIFIED_DEFICIT	1260	1	1	0	0,0,0,0,0,0,0,0,0,0,0,0,0	0
4	2471	CERTIFIED_DEFICIT	1260	1	1	0	0,0,0,0,0,0,0,0,0,0,0,0,0	0
4	2472	CERTIFIED_DEFICIT	1260	1	1	0	0,0,0,0,0,0,0,0,0,0,0,0,0	0
4	2473	CERTIFIED_DEFICIT	1260	1	1	0	0,0,0,0,0,0,0,0,0,0,0,0,0	0
4	2474	CERTIFIED_DEFICIT	1219	1	1	0	0,0,0,0,0,0,0,0,0,0,0,0,0	0
4	2475	CERTIFIED_DEFICIT	1260	1	1	0	0,0,0,0,0,0,0,0,0,0,0,0,0	0
4	2476	CERTIFIED_DEFICIT	1260	1	1	0	0,0,0,0,0,0,0,0,0,0,0,0,0	0
4	2477	CERTIFIED_DEFICIT	1260	1	1	0	0,0,0,0,0,0,0,0,0,0,0,0,0	0
4	2478	CERTIFIED_DEFICIT	1260	1	1	0	0,0,0,0,0,0,0,0,0,0,0,0,0	0
4	2479	CERTIFIED_DEFICIT	1260	1	1	0	0,0,0,0,0,0,0,0,0,0,0,0,0	0
4	2480	CERTIFIED_DEFICIT	1259	1	1	0	0,0,0,0,0,0,0,0,0,0,0,0,0	0
4	2481	CERTIFIED_DEFICIT	1260	1	1	0	0,0,0,0,0,0,0,0,0,0,0,0,0	0
4	2482	CERTIFIED_DEFICIT	1260	1	1	0	0,0,0,0,0,0,0,0,0,0,0,0,0	0
4	2483	CERTIFIED_DEFICIT	1260	1	1	0	0,0,0,0,0,0,0,0,0,0,0,0,0	0
4	2484	CERTIFIED_DEFICIT	1260	1	1	0	0,0,0,0,0,0,0,0,0,0,0,0,0	0
4	2485	CERTIFIED_DEFICIT	1260	1	1	0	0,0,0,0,0,0,0,0,0,0,0,0,0	0
4	2486	CERTIFIED_DEFICIT	1260	1	1	0	0,0,0,0,0,0,0,0,0,0,0,0,0	0
4	2487	CERTIFIED_DEFICIT	1260	1	1	0	0,0,0,0,0,0,0,0,0,0,0,0,0	0
4	2488	CERTIFIED_DEFICIT	1260	1	1	0	0,0,0,0,0,0,0,0,0,0,0,0,0	0
4	2489	CERTIFIED_DEFICIT	1241	1	1	0	0,0,0,0,0,0,0,0,0,0,0,0,0	0
4	2490	CERTIFIED_DEFICIT	1260	1	1	0	0,0,0,0,0,0,0,0,0,0,0,0,0	0
4	2491	CERTIFIED_DEFICIT	1260	1	1	0	0,0,0,0,0,0,0,0,0,0,0,0,0	0
4	2492	CERTIFIED_DEFICIT	1260	1	1	0	0,0,0,0,0,0,0,0,0,0,0,0,0	0
4	2493	CERTIFIED_DEFICIT	1260	1	1	0	0,0,0,0,0,0,0,0,0,0,0,0,0	0
4	2494	CERTIFIED_DEFICIT	1260	1	1	0	0,0,0,0,0,0,0,0,0,0,0,0,0	0
4	2495	CERTIFIED_DEFICIT	1260	1	1	0	0,0,0,0,0,0,0,0,0,0,0,0,0	0
4	2496	CERTIFIED_DEFICIT	1260	1	1	0	0,0,0,0,0,0,0,0,0,0,0,0,0	0
4	2497	CERTIFIED_DEFICIT	1260	1	1	0	0,0,0,0,0,0,0,0,0,0,0,0,0	0
4	2498	CERTIFIED_DEFICIT	1260	1	1	0	0,0,0,0,0,0,0,0,0,0,0,0,0	0
4	2499	CERTIFIED_DEFICIT	1260	1	1	0	0,0,0,0,0,0,0,0,0,0,0,0,0	0
4	2500	CERTIFIED_DEFICIT	1260	1	1	0	0,0,0,0,0,0,0,0,0,0,0,0,0	0
4	2501	CERTIFIED_DEFICIT	1260	1	1	0	0,0,0,0,0,0,0,0,0,0,0,0,0	0
4	2502	CERTIFIED_DEFICIT	1260	1	1	0	0,0,0,0,0,0,0,0,0,0,0,0,0	0
4	2503	CERTIFIED_DEFICIT	1260	1	1	0	0,0,0,0,0,0,0,0,0,0,0,0,0	0
4	2504	CERTIFIED_DEFICIT	1260	1	1	0	0,0,0,0,0,0,0,0,0,0,0,0,0	0
4	2505	CERTIFIED_DEFICIT	1260	1	1	0	0,0,0,0,0,0,0,0,0,0,0,0,0	0
4	2506	CERTIFIED_DEFICIT	1260	1	1	0	0,0,0,0,0,0,0,0,0,0,0,0,0	0
4	2507	CERTIFIED_DEFICIT	1260	1	1	0	0,0,0,0,0,0,0,0,0,0,0,0,0	0
4	2508	CERTIFIED_DEFICIT	1260	1	1	0	0,0,0,0,0,0,0,0,0,0,0,0,0	0
4	2509	CERTIFIED_DEFICIT	1260	1	1	0	0,0,0,0,0,0,0,0,0,0,0,0,0	0
4	2510	CERTIFIED_DEFICIT	1260	1	1	0	0,0,0,0,0,0,0,0,0,0,0,0,0	0
4	2511	CERTIFIED_DEFICIT	1260	1	1	0	0,0,0,0,0,0,0,0,0,0,0,0,0	0
4	2512	CERTIFIED_DEFICIT	1260	1	1	0	0,0,0,0,0,0,0,0,0,0,0,0,0	0
4	2513	CERTIFIED_DEFICIT	1260	1	1	0	0,0,0,0,0,0,0,0,0,0,0,0,0	0
4	2514	CERTIFIED_DEFICIT	1260	1	1	0	0,0,0,0,0,0,0,0,0,0,0,0,0	0
4	2515	CERTIFIED_DEFICIT	1260	1	1	0	0,0,0,0,0,0,0,0,0,0,0,0,0	0
4	2516	CERTIFIED_DEFICIT	1260	1	1	0	0,0,0,0,0,0,0,0,0,0,0,0,0	0
4	2517	CERTIFIED_DEFICIT	1260	1	1	0	0,0,0,0,0,0,0,0,0,0,0,0,0	0
4	2518	CERTIFIED_DEFICIT	1260	1	1	0	0,0,0,0,0,0,0,0,0,0,0,0,0	0
4	2519	CERTIFIED_DEFICIT	1260	1	1	0	0,0,0,0,0,0,0,0,0,0,0,0,0	0
4	2520	CERTIFIED_DEFICIT	1260	1	1	0	0,0,0,0,0,0,0,0,0,0,0,0,0	0
4	2521	CERTIFIED_DEFICIT	1260	1	1	0	0,0,0,0,0,0,0,0,0,0,0,0,0	0
4	2522	CERTIFIED_DEFICIT	1260	1	1	0	0,0,0,0,0,0,0,0,0,0,0,0,0	0
4	2523	CERTIFIED_DEFICIT	1260	1	1	0	0,0,0,0,0,0,0,0,0,0,0,0,0	0
4	2524	CERTIFIED_DEFICIT	1260	1	1	0	0,0,0,0,0,0,0,0,0,0,0,0,0	0
4	2525	CERTIFIED_DEFICIT	1260	1	1	0	0,0,0,0,0,0,0,0,0,0,0,0,0	0
4	2526	CERTIFIED_DEFICIT	1260	1	1	0	0,0,0,0,0,0,0,0,0,0,0,0,0	0
4	2527	CERTIFIED_DEFICIT	1260	1	1	0	0,0,0,0,0,0,0,0,0,0,0,0,0	0
4	2528	CERTIFIED_DEFICIT	1260	1	1	0	0,0,0,0,0,0,0,0,0,0,0,0,0	0
4	2529	CERTIFIED_DEFICIT	1260	1	1	0	0,0,0,0,0,0,0,0,0,0,0,0,0	0
4	2530	CERTIFIED_DEFICIT	1260	1	1	0	0,0,0,0,0,0,0,0,0,0,0,0,0	0
4	2531	CERTIFIED_DEFICIT	1260	1	1	0	0,0,0,0,0,0,0,0,0,0,0,0,0	0
4	2532	CERTIFIED_DEFICIT	1260	1	1	0	0,0,0,0,0,0,0,0,0,0,0,0,0	0
4	2533	CERTIFIED_DEFICIT	1260	1	1	0	0,0,0,0,0,0,0,0,0,0,0,0,0	0
4	2534	CERTIFIED_DEFICIT	1260	1	1	0	0,0,0,0,0,0,0,0,0,0,0,0,0	0
4	2535	CERTIFIED_DEFICIT	1260	1	1	0	0,0,0,0,0,0,0,0,0,0,0,0,0	0
4	2536	CERTIFIED_DEFICIT	1260	1	1	0	0,0,0,0,0,0,0,0,0,0,0,0,0	0
4	2537	CERTIFIED_DEFICIT	1260	1	1	0	0,0,0,0,0,0,0,0,0,0,0,0,0	0
4	2538	CERTIFIED_DEFICIT	1260	1	1	0	0,0,0,0,0,0,0,0,0,0,0,0,0	0
4	2539	CERTIFIED_DEFICIT	1260	1	1	0	0,0,0,0,0,0,0,0,0,0,0,0,0	0
4	2540	CERTIFIED_DEFICIT	1260	1	1	0	0,0,0,0,0,0,0,0,0,0,0,0,0	0
4	2541	CERTIFIED_DEFICIT	1260	1	1	0	0,0,0,0,0,0,0,0,0,0,0,0,0	0
4	2542	CERTIFIED_DEFICIT	1260	1	1	0	0,0,0,0,0,0,0,0,0,0,0,0,0	0
4	2543	CERTIFIED_DEFICIT	1260	1	1	0	0,0,0,0,0,0,0,0,0,0,0,0,0	0
4	2544	CERTIFIED_DEFICIT	1260	1	1	0	0,0,0,0,0,0,0,0,0,0,0,0,0	0
4	2545	CERTIFIED_DEFICIT	1260	1	1	0	0,0,0,0,0,0,0,0,0,0,0,0,0	0
4	2546	CERTIFIED_DEFICIT	1260	1	1	0	0,0,0,0,0,0,0,0,0,0,0,0,0	0
4	2547	CERTIFIED_DEFICIT	1260	1	1	0	0,0,0,0,0,0,0,0,0,0,0,0,0	0
4	2548	CERTIFIED_DEFICIT	1260	1	1	0	0,0,0,0,0,0,0,0,0,0,0,0,0	0
4	2549	CERTIFIED_DEFICIT	1260	1	1	0	0,0,0,0,0,0,0,0,0,0,0,0,0	0
4	2550	CERTIFIED_DEFICIT	1260	1	1	0	0,0,0,0,0,0,0,0,0,0,0,0,0	0
4	2551	CERTIFIED_DEFICIT	1260	1	1	0	0,0,0,0,0,0,0,0,0,0,0,0,0	0
4	2552	CERTIFIED_DEFICIT	1219	1	1	0	0,0,0,0,0,0,0,0,0,0,0,0,0	0
4	2553	CERTIFIED_DEFICIT	1260	1	1	0	0,0,0,0,0,0,0,0,0,0,0,0,0	0
4	2554	CERTIFIED_DEFICIT	1260	1	1	0	0,0,0,0,0,0,0,0,0,0,0,0,0	0
4	2555	CERTIFIED_DEFICIT	1260	1	1	0	0,0,0,0,0,0,0,0,0,0,0,0,0	0
4	2556	CERTIFIED_DEFICIT	1260	1	1	0	0,0,0,0,0,0,0,0,0,0,0,0,0	0
4	2557	CERTIFIED_DEFICIT	1260	1	1	0	0,0,0,0,0,0,0,0,0,0,0,0,0	0
4	2558	CERTIFIED_DEFICIT	1252	1	1	0	0,0,0,0,0,0,0,0,0,0,0,0,0	0
4	2559	CERTIFIED_DEFICIT	1260	1	1	0	0,0,0,0,0,0,0,0,0,0,0,0,0	0
4	2560	CERTIFIED_DEFICIT	1260	1	1	0	0,0,0,0,0,0,0,0,0,0,0,0,0	0
4	2561	CERTIFIED_DEFICIT	1260	1	1	0	0,0,0,0,0,0,0,0,0,0,0,0,0	0
4	2562	CERTIFIED_DEFICIT	1260	1	1	0	0,0,0,0,0,0,0,0,0,0,0,0,0	0
4	2563	CERTIFIED_DEFICIT	1260	1	1	0	0,0,0,0,0,0,0,0,0,0,0,0,0	0
4	2564	CERTIFIED_DEFICIT	1260	1	1	0	0,0,0,0,0,0,0,0,0,0,0,0,0	0
4	2565	CERTIFIED_DEFICIT	1260	1	1	0	0,0,0,0,0,0,0,0,0,0,0,0,0	0
4	2566	CERTIFIED_DEFICIT	1260	1	1	0	0,0,0,0,0,0,0,0,0,0,0,0,0	0
4	2567	CERTIFIED_DEFICIT	1241	1	1	0	0,0,0,0,0,0,0,0,0,0,0,0,0	0
4	2568	CERTIFIED_DEFICIT	1260	1	1	0	0,0,0,0,0,0,0,0,0,0,0,0,0	0
4	2569	CERTIFIED_DEFICIT	1260	1	1	0	0,0,0,0,0,0,0,0,0,0,0,0,0	0
4	2570	CERTIFIED_DEFICIT	1260	1	1	0	0,0,0,0,0,0,0,0,0,0,0,0,0	0
4	2571	CERTIFIED_DEFICIT	1260	1	1	0	0,0,0,0,0,0,0,0,0,0,0,0,0	0
4	2572	CERTIFIED_DEFICIT	1260	1	1	0	0,0,0,0,0,0,0,0,0,0,0,0,0	0
4	2573	CERTIFIED_DEFICIT	1208	1	1	0	0,0,0,0,0,0,0,0,0,0,0,0,0	0
4	2574	CERTIFIED_DEFICIT	1638	1	1	0	0,0,0,0,0,0,0,0,0,0,0,0,0	0
4	2575	CERTIFIED_DEFICIT	1638	1	1	0	0,0,0,0,0,0,0,0,0,0,0,0,0	0
4	2576	CERTIFIED_DEFICIT	1638	1	1	0	0,0,0,0,0,0,0,0,0,0,0,0,0	0
4	2577	CERTIFIED_DEFICIT	1638	1	1	0	0,0,0,0,0,0,0,0,0,0,0,0,0	0
4	2578	CERTIFIED_DEFICIT	1638	1	1	0	0,0,0,0,0,0,0,0,0,0,0,0,0	0
4	2579	CERTIFIED_DEFICIT	1638	1	1	0	0,0,0,0,0,0,0,0,0,0,0,0,0	0
4	2580	CERTIFIED_DEFICIT	1638	1	1	0	0,0,0,0,0,0,0,0,0,0,0,0,0	0
4	2581	CERTIFIED_DEFICIT	1638	1	1	0	0,0,0,0,0,0,0,0,0,0,0,0,0	0
4	2582	CERTIFIED_DEFICIT	1638	1	1	0	0,0,0,0,0,0,0,0,0,0,0,0,0	0
4	2583	CERTIFIED_DEFICIT	1638	1	1	0	0,0,0,0,0,0,0,0,0,0,0,0,0	0
4	2584	CERTIFIED_DEFICIT	1638	1	1	0	0,0,0,0,0,0,0,0,0,0,0,0,0	0
4	2585	CERTIFIED_DEFICIT	1638	1	1	0	0,0,0,0,0,0,0,0,0,0,0,0,0	0
4	2586	CERTIFIED_DEFICIT	1638	1	1	0	0,0,0,0,0,0,0,0,0,0,0,0,0	0
4	2587	CERTIFIED_DEFICIT	1638	1	1	0	0,0,0,0,0,0,0,0,0,0,0,0,0	0
4	2588	CERTIFIED_DEFICIT	1638	1	1	0	0,0,0,0,0,0,0,0,0,0,0,0,0	0
4	2589	CERTIFIED_DEFICIT	1638	1	1	0	0,0,0,0,0,0,0,0,0,0,0,0,0	0
4	2590	CERTIFIED_DEFICIT	1638	1	1	0	0,0,0,0,0,0,0,0,0,0,0,0,0	0
4	2591	CERTIFIED_DEFICIT	1638	1	1	0	0,0,0,0,0,0,0,0,0,0,0,0,0	0
4	2592	CERTIFIED_DEFICIT	1638	1	1	0	0,0,0,0,0,0,0,0,0,0,0,0,0	0
4	2593	CERTIFIED_DEFICIT	1638	1	1	0	0,0,0,0,0,0,0,0,0,0,0,0,0	0
4	2594	CERTIFIED_DEFICIT	1638	1	1	0	0,0,0,0,0,0,0,0,0,0,0,0,0	0
4	2595	CERTIFIED_DEFICIT	1638	1	1	0	0,0,0,0,0,0,0,0,0,0,0,0,0	0
4	2596	CERTIFIED_DEFICIT	1638	1	1	0	0,0,0,0,0,0,0,0,0,0,0,0,0	0
4	2597	CERTIFIED_DEFICIT	1638	1	1	0	0,0,0,0,0,0,0,0,0,0,0,0,0	0
4	2598	CERTIFIED_DEFICIT	1638	1	1	0	0,0,0,0,0,0,0,0,0,0,0,0,0	0
4	2599	CERTIFIED_DEFICIT	1638	1	1	0	0,0,0,0,0,0,0,0,0,0,0,0,0	0
4	2600	CERTIFIED_DEFICIT	1638	1	1	0	0,0,0,0,0,0,0,0,0,0,0,0,0	0
4	2601	CERTIFIED_DEFICIT	1638	1	1	0	0,0,0,0,0,0,0,0,0,0,0,0,0	0
4	2602	CERTIFIED_DEFICIT	1638	1	1	0	0,0,0,0,0,0,0,0,0,0,0,0,0	0
4	2603	CERTIFIED_DEFICIT	1638	1	1	0	0,0,0,0,0,0,0,0,0,0,0,0,0	0
4	2604	CERTIFIED_DEFICIT	1638	1	1	0	0,0,0,0,0,0,0,0,0,0,0,0,0	0
4	2605	CERTIFIED_DEFICIT	1638	1	1	0	0,0,0,0,0,0,0,0,0,0,0,0,0	0
4	2606	CERTIFIED_DEFICIT	1638	1	1	0	0,0,0,0,0,0,0,0,0,0,0,0,0	0
4	2607	CERTIFIED_DEFICIT	1638	1	1	0	0,0,0,0,0,0,0,0,0,0,0,0,0	0
4	2608	CERTIFIED_DEFICIT	1638	1	1	0	0,0,0,0,0,0,0,0,0,0,0,0,0	0
4	2609	CERTIFIED_DEFICIT	1638	1	1	0	0,0,0,0,0,0,0,0,0,0,0,0,0	0
4	2610	CERTIFIED_DEFICIT	1638	1	1	0	0,0,0,0,0,0,0,0,0,0,0,0,0	0
4	2611	CERTIFIED_DEFICIT	1638	1	1	0	0,0,0,0,0,0,0,0,0,0,0,0,0	0
4	2612	CERTIFIED_DEFICIT	1638	1	1	0	0,0,0,0,0,0,0,0,0,0,0,0,0	0
4	2613	CERTIFIED_DEFICIT	1638	1	1	0	0,0,0,0,0,0,0,0,0,0,0,0,0	0
4	2614	CERTIFIED_DEFICIT	1638	1	1	0	0,0,0,0,0,0,0,0,0,0,0,0,0	0
4	2615	CERTIFIED_DEFICIT	1638	1	1	0	0,0,0,0,0,0,0,0,0,0,0,0,0	0
4	2616	CERTIFIED_DEFICIT	1638	1	1	0	0,0,0,0,0,0,0,0,0,0,0,0,0	0
4	2617	CERTIFIED_DEFICIT	1638	1	1	0	0,0,0,0,0,0,0,0,0,0,0,0,0	0
4	2618	CERTIFIED_DEFICIT	1638	1	1	0	0,0,0,0,0,0,0,0,0,0,0,0,0	0
4	2619	CERTIFIED_DEFICIT	1638	1	1	0	0,0,0,0,0,0,0,0,0,0,0,0,0	0
4	2620	CERTIFIED_DEFICIT	1638	1	1	0	0,0,0,0,0,0,0,0,0,0,0,0,0	0
4	2621	CERTIFIED_DEFICIT	1638	1	1	0	0,0,0,0,0,0,0,0,0,0,0,0,0	0
4	2622	CERTIFIED_DEFICIT	1638	1	1	0	0,0,0,0,0,0,0,0,0,0,0,0,0	0
4	2623	CERTIFIED_DEFICIT	1638	1	1	0	0,0,0,0,0,0,0,0,0,0,0,0,0	0
4	2624	CERTIFIED_DEFICIT	1638	1	1	0	0,0,0,0,0,0,0,0,0,0,0,0,0	0
4	2625	CERTIFIED_DEFICIT	1638	1	1	0	0,0,0,0,0,0,0,0,0,0,0,0,0	0
4	2626	CERTIFIED_DEFICIT	1638	1	1	0	0,0,0,0,0,0,0,0,0,0,0,0,0	0
4	2627	CERTIFIED_DEFICIT	1638	1	1	0	0,0,0,0,0,0,0,0,0,0,0,0,0	0
4	2628	CERTIFIED_DEFICIT	1638	1	1	0	0,0,0,0,0,0,0,0,0,0,0,0,0	0
4	2629	CERTIFIED_DEFICIT	1638	1	1	0	0,0,0,0,0,0,0,0,0,0,0,0,0	0
4	2630	CERTIFIED_DEFICIT	1219	1	1	0	0,0,0,0,0,0,0,0,0,0,0,0,0	0
4	2631	CERTIFIED_DEFICIT	1638	1	1	0	0,0,0,0,0,0,0,0,0,0,0,0,0	0
4	2632	CERTIFIED_DEFICIT	1638	1	1	0	0,0,0,0,0,0,0,0,0,0,0,0,0	0
4	2633	CERTIFIED_DEFICIT	1638	1	1	0	0,0,0,0,0,0,0,0,0,0,0,0,0	0
4	2634	CERTIFIED_DEFICIT	1638	1	1	0	0,0,0,0,0,0,0,0,0,0,0,0,0	0
4	2635	CERTIFIED_DEFICIT	1638	1	1	0	0,0,0,0,0,0,0,0,0,0,0,0,0	0
4	2636	CERTIFIED_DEFICIT	1259	1	1	0	0,0,0,0,0,0,0,0,0,0,0,0,0	0
4	2637	CERTIFIED_DEFICIT	1638	1	1	0	0,0,0,0,0,0,0,0,0,0,0,0,0	0
4	2638	CERTIFIED_DEFICIT	1638	1	1	0	0,0,0,0,0,0,0,0,0,0,0,0,0	0
4	2639	CERTIFIED_DEFICIT	1638	1	1	0	0,0,0,0,0,0,0,0,0,0,0,0,0	0
4	2640	CERTIFIED_DEFICIT	1638	1	1	0	0,0,0,0,0,0,0,0,0,0,0,0,0	0
4	2641	CERTIFIED_DEFICIT	1638	1	1	0	0,0,0,0,0,0,0,0,0,0,0,0,0	0
4	2642	CERTIFIED_DEFICIT	1638	1	1	0	0,0,0,0,0,0,0,0,0,0,0,0,0	0
4	2643	CERTIFIED_DEFICIT	1638	1	1	0	0,0,0,0,0,0,0,0,0,0,0,0,0	0
4	2644	CERTIFIED_DEFICIT	1638	1	1	0	0,0,0,0,0,0,0,0,0,0,0,0,0	0
4	2645	CERTIFIED_DEFICIT	1241	1	1	0	0,0,0,0,0,0,0,0,0,0,0,0,0	0
4	2646	CERTIFIED_DEFICIT	1638	1	1	0	0,0,0,0,0,0,0,0,0,0,0,0,0	0
4	2647	CERTIFIED_DEFICIT	1638	1	1	0	0,0,0,0,0,0,0,0,0,0,0,0,0	0
4	2648	CERTIFIED_DEFICIT	1303	1	1	0	0,0,0,0,0,0,0,0,0,0,0,0,0	0
4	2649	CERTIFIED_DEFICIT	1638	1	1	0	0,0,0,0,0,0,0,0,0,0,0,0,0	0
4	2650	CERTIFIED_DEFICIT	1638	1	1	0	0,0,0,0,0,0,0,0,0,0,0,0,0	0
4	2651	CERTIFIED_DEFICIT	1638	1	1	0	0,0,0,0,0,0,0,0,0,0,0,0,0	0
4	2652	CERTIFIED_DEFICIT	1400	1	1	0	0,0,0,0,0,0,0,0,0,0,0,0,0	0
4	2653	CERTIFIED_DEFICIT	1400	1	1	0	0,0,0,0,0,0,0,0,0,0,0,0,0	0
4	2654	CERTIFIED_DEFICIT	1400	1	1	0	0,0,0,0,0,0,0,0,0,0,0,0,0	0
4	2655	CERTIFIED_DEFICIT	1400	1	1	0	0,0,0,0,0,0,0,0,0,0,0,0,0	0
4	2656	CERTIFIED_DEFICIT	1400	1	1	0	0,0,0,0,0,0,0,0,0,0,0,0,0	0
4	2657	CERTIFIED_DEFICIT	1400	1	1	0	0,0,0,0,0,0,0,0,0,0,0,0,0	0
4	2658	CERTIFIED_DEFICIT	1400	1	1	0	0,0,0,0,0,0,0,0,0,0,0,0,0	0
4	2659	CERTIFIED_DEFICIT	1400	1	1	0	0,0,0,0,0,0,0,0,0,0,0,0,0	0
4	2660	CERTIFIED_DEFICIT	1400	1	1	0	0,0,0,0,0,0,0,0,0,0,0,0,0	0
4	2661	CERTIFIED_DEFICIT	1400	1	1	0	0,0,0,0,0,0,0,0,0,0,0,0,0	0
4	2662	CERTIFIED_DEFICIT	1400	1	1	0	0,0,0,0,0,0,0,0,0,0,0,0,0	0
4	2663	CERTIFIED_DEFICIT	1400	1	1	0	0,0,0,0,0,0,0,0,0,0,0,0,0	0
4	2664	CERTIFIED_DEFICIT	1400	1	1	0	0,0,0,0,0,0,0,0,0,0,0,0,0	0
4	2665	CERTIFIED_DEFICIT	1400	1	1	0	0,0,0,0,0,0,0,0,0,0,0,0,0	0
4	2666	CERTIFIED_DEFICIT	1400	1	1	0	0,0,0,0,0,0,0,0,0,0,0,0,0	0
4	2667	CERTIFIED_DEFICIT	1400	1	1	0	0,0,0,0,0,0,0,0,0,0,0,0,0	0
4	2668	CERTIFIED_DEFICIT	1400	1	1	0	0,0,0,0,0,0,0,0,0,0,0,0,0	0
4	2669	CERTIFIED_DEFICIT	1400	1	1	0	0,0,0,0,0,0,0,0,0,0,0,0,0	0
4	2670	CERTIFIED_DEFICIT	1400	1	1	0	0,0,0,0,0,0,0,0,0,0,0,0,0	0
4	2671	CERTIFIED_DEFICIT	1400	1	1	0	0,0,0,0,0,0,0,0,0,0,0,0,0	0
4	2672	CERTIFIED_DEFICIT	1400	1	1	0	0,0,0,0,0,0,0,0,0,0,0,0,0	0
4	2673	CERTIFIED_DEFICIT	1400	1	1	0	0,0,0,0,0,0,0,0,0,0,0,0,0	0
4	2674	CERTIFIED_DEFICIT	1400	1	1	0	0,0,0,0,0,0,0,0,0,0,0,0,0	0
4	2675	CERTIFIED_DEFICIT	1400	1	1	0	0,0,0,0,0,0,0,0,0,0,0,0,0	0
4	2676	CERTIFIED_DEFICIT	1400	1	1	0	0,0,0,0,0,0,0,0,0,0,0,0,0	0
4	2677	CERTIFIED_DEFICIT	1400	1	1	0	0,0,0,0,0,0,0,0,0,0,0,0,0	0
4	2678	CERTIFIED_DEFICIT	1400	1	1	0	0,0,0,0,0,0,0,0,0,0,0,0,0	0
4	2679	CERTIFIED_DEFICIT	1400	1	1	0	0,0,0,0,0,0,0,0,0,0,0,0,0	0
4	2680	CERTIFIED_DEFICIT	1400	1	1	0	0,0,0,0,0,0,0,0,0,0,0,0,0	0
4	2681	CERTIFIED_DEFICIT	1400	1	1	0	0,0,0,0,0,0,0,0,0,0,0,0,0	0
4	2682	CERTIFIED_DEFICIT	1400	1	1	0	0,0,0,0,0,0,0,0,0,0,0,0,0	0
4	2683	CERTIFIED_DEFICIT	1400	1	1	0	0,0,0,0,0,0,0,0,0,0,0,0,0	0
4	2684	CERTIFIED_DEFICIT	1400	1	1	0	0,0,0,0,0,0,0,0,0,0,0,0,0	0
4	2685	CERTIFIED_DEFICIT	1400	1	1	0	0,0,0,0,0,0,0,0,0,0,0,0,0	0
4	2686	CERTIFIED_DEFICIT	1400	1	1	0	0,0,0,0,0,0,0,0,0,0,0,0,0	0
4	2687	CERTIFIED_DEFICIT	1400	1	1	0	0,0,0,0,0,0,0,0,0,0,0,0,0	0
4	2688	CERTIFIED_DEFICIT	1400	1	1	0	0,0,0,0,0,0,0,0,0,0,0,0,0	0
4	2689	CERTIFIED_DEFICIT	1400	1	1	0	0,0,0,0,0,0,0,0,0,0,0,0,0	0
4	2690	CERTIFIED_DEFICIT	1400	1	1	0	0,0,0,0,0,0,0,0,0,0,0,0,0	0
4	2691	CERTIFIED_DEFICIT	1400	1	1	0	0,0,0,0,0,0,0,0,0,0,0,0,0	0
4	2692	CERTIFIED_DEFICIT	1400	1	1	0	0,0,0,0,0,0,0,0,0,0,0,0,0	0
4	2693	CERTIFIED_DEFICIT	1400	1	1	0	0,0,0,0,0,0,0,0,0,0,0,0,0	0
4	2694	CERTIFIED_DEFICIT	1400	1	1	0	0,0,0,0,0,0,0,0,0,0,0,0,0	0
4	2695	CERTIFIED_DEFICIT	1400	1	1	0	0,0,0,0,0,0,0,0,0,0,0,0,0	0
4	2696	CERTIFIED_DEFICIT	1400	1	1	0	0,0,0,0,0,0,0,0,0,0,0,0,0	0
4	2697	CERTIFIED_DEFICIT	1400	1	1	0	0,0,0,0,0,0,0,0,0,0,0,0,0	0
4	2698	CERTIFIED_DEFICIT	1400	1	1	0	0,0,0,0,0,0,0,0,0,0,0,0,0	0
4	2699	CERTIFIED_DEFICIT	1400	1	1	0	0,0,0,0,0,0,0,0,0,0,0,0,0	0
4	2700	CERTIFIED_DEFICIT	1400	1	1	0	0,0,0,0,0,0,0,0,0,0,0,0,0	0
4	2701	CERTIFIED_DEFICIT	1400	1	1	0	0,0,0,0,0,0,0,0,0,0,0,0,0	0
4	2702	CERTIFIED_DEFICIT	1400	1	1	0	0,0,0,0,0,0,0,0,0,0,0,0,0	0
4	2703	CERTIFIED_DEFICIT	1400	1	1	0	0,0,0,0,0,0,0,0,0,0,0,0,0	0
4	2704	CERTIFIED_DEFICIT	1400	1	1	0	0,0,0,0,0,0,0,0,0,0,0,0,0	0
4	2705	CERTIFIED_DEFICIT	1400	1	1	0	0,0,0,0,0,0,0,0,0,0,0,0,0	0
4	2706	CERTIFIED_DEFICIT	1400	1	1	0	0,0,0,0,0,0,0,0,0,0,0,0,0	0
4	2707	CERTIFIED_DEFICIT	1400	1	1	0	0,0,0,0,0,0,0,0,0,0,0,0,0	0
4	2708	CERTIFIED_DEFICIT	1219	1	1	0	0,0,0,0,0,0,0,0,0,0,0,0,0	0
4	2709	CERTIFIED_DEFICIT	1400	1	1	0	0,0,0,0,0,0,0,0,0,0,0,0,0	0
4	2710	CERTIFIED_DEFICIT	1400	1	1	0	0,0,0,0,0,0,0,0,0,0,0,0,0	0
4	2711	CERTIFIED_DEFICIT	1400	1	1	0	0,0,0,0,0,0,0,0,0,0,0,0,0	0
4	2712	CERTIFIED_DEFICIT	1400	1	1	0	0,0,0,0,0,0,0,0,0,0,0,0,0	0
4	2713	CERTIFIED_DEFICIT	1400	1	1	0	0,0,0,0,0,0,0,0,0,0,0,0,0	0
4	2714	CERTIFIED_DEFICIT	1259	1	1	0	0,0,0,0,0,0,0,0,0,0,0,0,0	0
4	2715	CERTIFIED_DEFICIT	1400	1	1	0	0,0,0,0,0,0,0,0,0,0,0,0,0	0
4	2716	CERTIFIED_DEFICIT	1400	1	1	0	0,0,0,0,0,0,0,0,0,0,0,0,0	0
4	2717	CERTIFIED_DEFICIT	1400	1	1	0	0,0,0,0,0,0,0,0,0,0,0,0,0	0
4	2718	CERTIFIED_DEFICIT	1400	1	1	0	0,0,0,0,0,0,0,0,0,0,0,0,0	0
4	2719	CERTIFIED_DEFICIT	1400	1	1	0	0,0,0,0,0,0,0,0,0,0,0,0,0	0
4	2720	CERTIFIED_DEFICIT	1400	1	1	0	0,0,0,0,0,0,0,0,0,0,0,0,0	0
4	2721	CERTIFIED_DEFICIT	1400	1	1	0	0,0,0,0,0,0,0,0,0,0,0,0,0	0
4	2722	CERTIFIED_DEFICIT	1400	1	1	0	0,0,0,0,0,0,0,0,0,0,0,0,0	0
4	2723	CERTIFIED_DEFICIT	1241	1	1	0	0,0,0,0,0,0,0,0,0,0,0,0,0	0
4	2724	CERTIFIED_DEFICIT	1400	1	1	0	0,0,0,0,0,0,0,0,0,0,0,0,0	0
4	2725	CERTIFIED_DEFICIT	1400	1	1	0	0,0,0,0,0,0,0,0,0,0,0,0,0	0
4	2726	CERTIFIED_DEFICIT	1303	1	1	0	0,0,0,0,0,0,0,0,0,0,0,0,0	0
4	2727	CERTIFIED_DEFICIT	1400	1	1	0	0,0,0,0,0,0,0,0,0,0,0,0,0	0
4	2728	CERTIFIED_DEFICIT	1400	1	1	0	0,0,0,0,0,0,0,0,0,0,0,0,0	0
4	2729	CERTIFIED_DEFICIT	1400	1	1	0	0,0,0,0,0,0,0,0,0,0,0,0,0	0
4	2730	CERTIFIED_DEFICIT	1638	1	1	0	0,0,0,0,0,0,0,0,0,0,0,0,0	0
4	2731	CERTIFIED_DEFICIT	1638	1	1	0	0,0,0,0,0,0,0,0,0,0,0,0,0	0
4	2732	CERTIFIED_DEFICIT	1638	1	1	0	0,0,0,0,0,0,0,0,0,0,0,0,0	0
4	2733	CERTIFIED_DEFICIT	1638	1	1	0	0,0,0,0,0,0,0,0,0,0,0,0,0	0
4	2734	CERTIFIED_DEFICIT	1638	1	1	0	0,0,0,0,0,0,0,0,0,0,0,0,0	0
4	2735	CERTIFIED_DEFICIT	1638	1	1	0	0,0,0,0,0,0,0,0,0,0,0,0,0	0
4	2736	CERTIFIED_DEFICIT	1638	1	1	0	0,0,0,0,0,0,0,0,0,0,0,0,0	0
4	2737	CERTIFIED_DEFICIT	1638	1	1	0	0,0,0,0,0,0,0,0,0,0,0,0,0	0
4	2738	CERTIFIED_DEFICIT	1638	1	1	0	0,0,0,0,0,0,0,0,0,0,0,0,0	0
4	2739	CERTIFIED_DEFICIT	1638	1	1	0	0,0,0,0,0,0,0,0,0,0,0,0,0	0
4	2740	CERTIFIED_DEFICIT	1638	1	1	0	0,0,0,0,0,0,0,0,0,0,0,0,0	0
4	2741	CERTIFIED_DEFICIT	1638	1	1	0	0,0,0,0,0,0,0,0,0,0,0,0,0	0
4	2742	CERTIFIED_DEFICIT	1638	1	1	0	0,0,0,0,0,0,0,0,0,0,0,0,0	0
4	2743	CERTIFIED_DEFICIT	1638	1	1	0	0,0,0,0,0,0,0,0,0,0,0,0,0	0
4	2744	CERTIFIED_DEFICIT	1638	1	1	0	0,0,0,0,0,0,0,0,0,0,0,0,0	0
4	2745	CERTIFIED_DEFICIT	1638	1	1	0	0,0,0,0,0,0,0,0,0,0,0,0,0	0
4	2746	CERTIFIED_DEFICIT	1638	1	1	0	0,0,0,0,0,0,0,0,0,0,0,0,0	0
4	2747	CERTIFIED_DEFICIT	1638	1	1	0	0,0,0,0,0,0,0,0,0,0,0,0,0	0
4	2748	CERTIFIED_DEFICIT	1638	1	1	0	0,0,0,0,0,0,0,0,0,0,0,0,0	0
4	2749	CERTIFIED_DEFICIT	1638	1	1	0	0,0,0,0,0,0,0,0,0,0,0,0,0	0
4	2750	CERTIFIED_DEFICIT	1638	1	1	0	0,0,0,0,0,0,0,0,0,0,0,0,0	0
4	2751	CERTIFIED_DEFICIT	1638	1	1	0	0,0,0,0,0,0,0,0,0,0,0,0,0	0
4	2752	CERTIFIED_DEFICIT	1638	1	1	0	0,0,0,0,0,0,0,0,0,0,0,0,0	0
4	2753	CERTIFIED_DEFICIT	1638	1	1	0	0,0,0,0,0,0,0,0,0,0,0,0,0	0
4	2754	CERTIFIED_DEFICIT	1638	1	1	0	0,0,0,0,0,0,0,0,0,0,0,0,0	0
4	2755	CERTIFIED_DEFICIT	1638	1	1	0	0,0,0,0,0,0,0,0,0,0,0,0,0	0
4	2756	CERTIFIED_DEFICIT	1638	1	1	0	0,0,0,0,0,0,0,0,0,0,0,0,0	0
4	2757	CERTIFIED_DEFICIT	1638	1	1	0	0,0,0,0,0,0,0,0,0,0,0,0,0	0
4	2758	CERTIFIED_DEFICIT	1638	1	1	0	0,0,0,0,0,0,0,0,0,0,0,0,0	0
4	2759	CERTIFIED_DEFICIT	1638	1	1	0	0,0,0,0,0,0,0,0,0,0,0,0,0	0
4	2760	CERTIFIED_DEFICIT	1638	1	1	0	0,0,0,0,0,0,0,0,0,0,0,0,0	0
4	2761	CERTIFIED_DEFICIT	1638	1	1	0	0,0,0,0,0,0,0,0,0,0,0,0,0	0
4	2762	CERTIFIED_DEFICIT	1638	1	1	0	0,0,0,0,0,0,0,0,0,0,0,0,0	0
4	2763	CERTIFIED_DEFICIT	1638	1	1	0	0,0,0,0,0,0,0,0,0,0,0,0,0	0
4	2764	CERTIFIED_DEFICIT	1638	1	1	0	0,0,0,0,0,0,0,0,0,0,0,0,0	0
4	2765	CERTIFIED_DEFICIT	1638	1	1	0	0,0,0,0,0,0,0,0,0,0,0,0,0	0
4	2766	CERTIFIED_DEFICIT	1638	1	1	0	0,0,0,0,0,0,0,0,0,0,0,0,0	0
4	2767	CERTIFIED_DEFICIT	1638	1	1	0	0,0,0,0,0,0,0,0,0,0,0,0,0	0
4	2768	CERTIFIED_DEFICIT	1638	1	1	0	0,0,0,0,0,0,0,0,0,0,0,0,0	0
4	2769	CERTIFIED_DEFICIT	1638	1	1	0	0,0,0,0,0,0,0,0,0,0,0,0,0	0
4	2770	CERTIFIED_DEFICIT	1638	1	1	0	0,0,0,0,0,0,0,0,0,0,0,0,0	0
4	2771	CERTIFIED_DEFICIT	1638	1	1	0	0,0,0,0,0,0,0,0,0,0,0,0,0	0
4	2772	CERTIFIED_DEFICIT	1638	1	1	0	0,0,0,0,0,0,0,0,0,0,0,0,0	0
4	2773	CERTIFIED_DEFICIT	1638	1	1	0	0,0,0,0,0,0,0,0,0,0,0,0,0	0
4	2774	CERTIFIED_DEFICIT	1638	1	1	0	0,0,0,0,0,0,0,0,0,0,0,0,0	0
4	2775	CERTIFIED_DEFICIT	1638	1	1	0	0,0,0,0,0,0,0,0,0,0,0,0,0	0
4	2776	CERTIFIED_DEFICIT	1638	1	1	0	0,0,0,0,0,0,0,0,0,0,0,0,0	0
4	2777	CERTIFIED_DEFICIT	1638	1	1	0	0,0,0,0,0,0,0,0,0,0,0,0,0	0
4	2778	CERTIFIED_DEFICIT	1638	1	1	0	0,0,0,0,0,0,0,0,0,0,0,0,0	0
4	2779	CERTIFIED_DEFICIT	1638	1	1	0	0,0,0,0,0,0,0,0,0,0,0,0,0	0
4	2780	CERTIFIED_DEFICIT	1638	1	1	0	0,0,0,0,0,0,0,0,0,0,0,0,0	0
4	2781	CERTIFIED_DEFICIT	1638	1	1	0	0,0,0,0,0,0,0,0,0,0,0,0,0	0
4	2782	CERTIFIED_DEFICIT	1638	1	1	0	0,0,0,0,0,0,0,0,0,0,0,0,0	0
4	2783	CERTIFIED_DEFICIT	1638	1	1	0	0,0,0,0,0,0,0,0,0,0,0,0,0	0
4	2784	CERTIFIED_DEFICIT	1638	1	1	0	0,0,0,0,0,0,0,0,0,0,0,0,0	0
4	2785	CERTIFIED_DEFICIT	1638	1	1	0	0,0,0,0,0,0,0,0,0,0,0,0,0	0
4	2786	CERTIFIED_DEFICIT	1219	1	1	0	0,0,0,0,0,0,0,0,0,0,0,0,0	0
4	2787	CERTIFIED_DEFICIT	1638	1	1	0	0,0,0,0,0,0,0,0,0,0,0,0,0	0
4	2788	CERTIFIED_DEFICIT	1638	1	1	0	0,0,0,0,0,0,0,0,0,0,0,0,0	0
4	2789	CERTIFIED_DEFICIT	1638	1	1	0	0,0,0,0,0,0,0,0,0,0,0,0,0	0
4	2790	CERTIFIED_DEFICIT	1638	1	1	0	0,0,0,0,0,0,0,0,0,0,0,0,0	0
4	2791	CERTIFIED_DEFICIT	1638	1	1	0	0,0,0,0,0,0,0,0,0,0,0,0,0	0
4	2792	CERTIFIED_DEFICIT	1259	1	1	0	0,0,0,0,0,0,0,0,0,0,0,0,0	0
4	2793	CERTIFIED_DEFICIT	1638	1	1	0	0,0,0,0,0,0,0,0,0,0,0,0,0	0
4	2794	CERTIFIED_DEFICIT	1638	1	1	0	0,0,0,0,0,0,0,0,0,0,0,0,0	0
4	2795	CERTIFIED_DEFICIT	1638	1	1	0	0,0,0,0,0,0,0,0,0,0,0,0,0	0
4	2796	CERTIFIED_DEFICIT	1638	1	1	0	0,0,0,0,0,0,0,0,0,0,0,0,0	0
4	2797	CERTIFIED_DEFICIT	1638	1	1	0	0,0,0,0,0,0,0,0,0,0,0,0,0	0
4	2798	CERTIFIED_DEFICIT	1638	1	1	0	0,0,0,0,0,0,0,0,0,0,0,0,0	0
4	2799	CERTIFIED_DEFICIT	1638	1	1	0	0,0,0,0,0,0,0,0,0,0,0,0,0	0
4	2800	CERTIFIED_DEFICIT	1638	1	1	0	0,0,0,0,0,0,0,0,0,0,0,0,0	0
4	2801	CERTIFIED_DEFICIT	1241	1	1	0	0,0,0,0,0,0,0,0,0,0,0,0,0	0
4	2802	CERTIFIED_DEFICIT	1638	1	1	0	0,0,0,0,0,0,0,0,0,0,0,0,0	0
4	2803	CERTIFIED_DEFICIT	1638	1	1	0	0,0,0,0,0,0,0,0,0,0,0,0,0	0
4	2804	CERTIFIED_DEFICIT	1303	1	1	0	0,0,0,0,0,0,0,0,0,0,0,0,0	0
4	2805	CERTIFIED_DEFICIT	1638	1	1	0	0,0,0,0,0,0,0,0,0,0,0,0,0	0
4	2806	CERTIFIED_DEFICIT	1638	1	1	0	0,0,0,0,0,0,0,0,0,0,0,0,0	0
4	2807	CERTIFIED_DEFICIT	1638	1	1	0	0,0,0,0,0,0,0,0,0,0,0,0,0	0
4	2808	CERTIFIED_DEFICIT	1638	1	1	0	0,0,0,0,0,0,0,0,0,0,0,0,0	0
4	2809	CERTIFIED_DEFICIT	1638	1	1	0	0,0,0,0,0,0,0,0,0,0,0,0,0	0
4	2810	CERTIFIED_DEFICIT	1638	1	1	0	0,0,0,0,0,0,0,0,0,0,0,0,0	0
4	2811	CERTIFIED_DEFICIT	1638	1	1	0	0,0,0,0,0,0,0,0,0,0,0,0,0	0
4	2812	CERTIFIED_DEFICIT	1638	1	1	0	0,0,0,0,0,0,0,0,0,0,0,0,0	0
4	2813	CERTIFIED_DEFICIT	1638	1	1	0	0,0,0,0,0,0,0,0,0,0,0,0,0	0
4	2814	CERTIFIED_DEFICIT	1638	1	1	0	0,0,0,0,0,0,0,0,0,0,0,0,0	0
4	2815	CERTIFIED_DEFICIT	1638	1	1	0	0,0,0,0,0,0,0,0,0,0,0,0,0	0
4	2816	CERTIFIED_DEFICIT	1638	1	1	0	0,0,0,0,0,0,0,0,0,0,0,0,0	0
4	2817	CERTIFIED_DEFICIT	1638	1	1	0	0,0,0,0,0,0,0,0,0,0,0,0,0	0
4	2818	CERTIFIED_DEFICIT	1638	1	1	0	0,0,0,0,0,0,0,0,0,0,0,0,0	0
4	2819	CERTIFIED_DEFICIT	1638	1	1	0	0,0,0,0,0,0,0,0,0,0,0,0,0	0
4	2820	CERTIFIED_DEFICIT	1638	1	1	0	0,0,0,0,0,0,0,0,0,0,0,0,0	0
4	2821	CERTIFIED_DEFICIT	1638	1	1	0	0,0,0,0,0,0,0,0,0,0,0,0,0	0
4	2822	CERTIFIED_DEFICIT	1638	1	1	0	0,0,0,0,0,0,0,0,0,0,0,0,0	0
4	2823	CERTIFIED_DEFICIT	1638	1	1	0	0,0,0,0,0,0,0,0,0,0,0,0,0	0
4	2824	CERTIFIED_DEFICIT	1638	1	1	0	0,0,0,0,0,0,0,0,0,0,0,0,0	0
4	2825	CERTIFIED_DEFICIT	1638	1	1	0	0,0,0,0,0,0,0,0,0,0,0,0,0	0
4	2826	CERTIFIED_DEFICIT	1638	1	1	0	0,0,0,0,0,0,0,0,0,0,0,0,0	0
4	2827	CERTIFIED_DEFICIT	1638	1	1	0	0,0,0,0,0,0,0,0,0,0,0,0,0	0
4	2828	CERTIFIED_DEFICIT	1638	1	1	0	0,0,0,0,0,0,0,0,0,0,0,0,0	0
4	2829	CERTIFIED_DEFICIT	1638	1	1	0	0,0,0,0,0,0,0,0,0,0,0,0,0	0
4	2830	CERTIFIED_DEFICIT	1638	1	1	0	0,0,0,0,0,0,0,0,0,0,0,0,0	0
4	2831	CERTIFIED_DEFICIT	1638	1	1	0	0,0,0,0,0,0,0,0,0,0,0,0,0	0
4	2832	CERTIFIED_DEFICIT	1638	1	1	0	0,0,0,0,0,0,0,0,0,0,0,0,0	0
4	2833	CERTIFIED_DEFICIT	1638	1	1	0	0,0,0,0,0,0,0,0,0,0,0,0,0	0
4	2834	CERTIFIED_DEFICIT	1638	1	1	0	0,0,0,0,0,0,0,0,0,0,0,0,0	0
4	2835	CERTIFIED_DEFICIT	1638	1	1	0	0,0,0,0,0,0,0,0,0,0,0,0,0	0
4	2836	CERTIFIED_DEFICIT	1638	1	1	0	0,0,0,0,0,0,0,0,0,0,0,0,0	0
4	2837	CERTIFIED_DEFICIT	1638	1	1	0	0,0,0,0,0,0,0,0,0,0,0,0,0	0
4	2838	CERTIFIED_DEFICIT	1638	1	1	0	0,0,0,0,0,0,0,0,0,0,0,0,0	0
4	2839	CERTIFIED_DEFICIT	1638	1	1	0	0,0,0,0,0,0,0,0,0,0,0,0,0	0
4	2840	CERTIFIED_DEFICIT	1638	1	1	0	0,0,0,0,0,0,0,0,0,0,0,0,0	0
4	2841	CERTIFIED_DEFICIT	1638	1	1	0	0,0,0,0,0,0,0,0,0,0,0,0,0	0
4	2842	CERTIFIED_DEFICIT	1638	1	1	0	0,0,0,0,0,0,0,0,0,0,0,0,0	0
4	2843	CERTIFIED_DEFICIT	1638	1	1	0	0,0,0,0,0,0,0,0,0,0,0,0,0	0
4	2844	CERTIFIED_DEFICIT	1638	1	1	0	0,0,0,0,0,0,0,0,0,0,0,0,0	0
4	2845	CERTIFIED_DEFICIT	1638	1	1	0	0,0,0,0,0,0,0,0,0,0,0,0,0	0
4	2846	CERTIFIED_DEFICIT	1638	1	1	0	0,0,0,0,0,0,0,0,0,0,0,0,0	0
4	2847	CERTIFIED_DEFICIT	1638	1	1	0	0,0,0,0,0,0,0,0,0,0,0,0,0	0
4	2848	CERTIFIED_DEFICIT	1638	1	1	0	0,0,0,0,0,0,0,0,0,0,0,0,0	0
4	2849	CERTIFIED_DEFICIT	1638	1	1	0	0,0,0,0,0,0,0,0,0,0,0,0,0	0
4	2850	CERTIFIED_DEFICIT	1638	1	1	0	0,0,0,0,0,0,0,0,0,0,0,0,0	0
4	2851	CERTIFIED_DEFICIT	1638	1	1	0	0,0,0,0,0,0,0,0,0,0,0,0,0	0
4	2852	CERTIFIED_DEFICIT	1638	1	1	0	0,0,0,0,0,0,0,0,0,0,0,0,0	0
4	2853	CERTIFIED_DEFICIT	1638	1	1	0	0,0,0,0,0,0,0,0,0,0,0,0,0	0
4	2854	CERTIFIED_DEFICIT	1638	1	1	0	0,0,0,0,0,0,0,0,0,0,0,0,0	0
4	2855	CERTIFIED_DEFICIT	1638	1	1	0	0,0,0,0,0,0,0,0,0,0,0,0,0	0
4	2856	CERTIFIED_DEFICIT	1638	1	1	0	0,0,0,0,0,0,0,0,0,0,0,0,0	0
4	2857	CERTIFIED_DEFICIT	1638	1	1	0	0,0,0,0,0,0,0,0,0,0,0,0,0	0
4	2858	CERTIFIED_DEFICIT	1638	1	1	0	0,0,0,0,0,0,0,0,0,0,0,0,0	0
4	2859	CERTIFIED_DEFICIT	1638	1	1	0	0,0,0,0,0,0,0,0,0,0,0,0,0	0
4	2860	CERTIFIED_DEFICIT	1638	1	1	0	0,0,0,0,0,0,0,0,0,0,0,0,0	0
4	2861	CERTIFIED_DEFICIT	1638	1	1	0	0,0,0,0,0,0,0,0,0,0,0,0,0	0
4	2862	CERTIFIED_DEFICIT	1638	1	1	0	0,0,0,0,0,0,0,0,0,0,0,0,0	0
4	2863	CERTIFIED_DEFICIT	1638	1	1	0	0,0,0,0,0,0,0,0,0,0,0,0,0	0
4	2864	CERTIFIED_DEFICIT	1219	1	1	0	0,0,0,0,0,0,0,0,0,0,0,0,0	0
4	2865	CERTIFIED_DEFICIT	1638	1	1	0	0,0,0,0,0,0,0,0,0,0,0,0,0	0
4	2866	CERTIFIED_DEFICIT	1638	1	1	0	0,0,0,0,0,0,0,0,0,0,0,0,0	0
4	2867	CERTIFIED_DEFICIT	1638	1	1	0	0,0,0,0,0,0,0,0,0,0,0,0,0	0
4	2868	CERTIFIED_DEFICIT	1638	1	1	0	0,0,0,0,0,0,0,0,0,0,0,0,0	0
4	2869	CERTIFIED_DEFICIT	1638	1	1	0	0,0,0,0,0,0,0,0,0,0,0,0,0	0
4	2870	CERTIFIED_DEFICIT	1259	1	1	0	0,0,0,0,0,0,0,0,0,0,0,0,0	0
4	2871	CERTIFIED_DEFICIT	1638	1	1	0	0,0,0,0,0,0,0,0,0,0,0,0,0	0
4	2872	CERTIFIED_DEFICIT	1638	1	1	0	0,0,0,0,0,0,0,0,0,0,0,0,0	0
4	2873	CERTIFIED_DEFICIT	1638	1	1	0	0,0,0,0,0,0,0,0,0,0,0,0,0	0
4	2874	CERTIFIED_DEFICIT	1638	1	1	0	0,0,0,0,0,0,0,0,0,0,0,0,0	0
4	2875	CERTIFIED_DEFICIT	1638	1	1	0	0,0,0,0,0,0,0,0,0,0,0,0,0	0
4	2876	CERTIFIED_DEFICIT	1638	1	1	0	0,0,0,0,0,0,0,0,0,0,0,0,0	0
4	2877	CERTIFIED_DEFICIT	1638	1	1	0	0,0,0,0,0,0,0,0,0,0,0,0,0	0
4	2878	CERTIFIED_DEFICIT	1638	1	1	0	0,0,0,0,0,0,0,0,0,0,0,0,0	0
4	2879	CERTIFIED_DEFICIT	1241	1	1	0	0,0,0,0,0,0,0,0,0,0,0,0,0	0
4	2880	CERTIFIED_DEFICIT	1638	1	1	0	0,0,0,0,0,0,0,0,0,0,0,0,0	0
4	2881	CERTIFIED_DEFICIT	1638	1	1	0	0,0,0,0,0,0,0,0,0,0,0,0,0	0
4	2882	CERTIFIED_DEFICIT	1303	1	1	0	0,0,0,0,0,0,0,0,0,0,0,0,0	0
4	2883	CERTIFIED_DEFICIT	1638	1	1	0	0,0,0,0,0,0,0,0,0,0,0,0,0	0
4	2884	CERTIFIED_DEFICIT	1638	1	1	0	0,0,0,0,0,0,0,0,0,0,0,0,0	0
4	2885	CERTIFIED_DEFICIT	1638	1	1	0	0,0,0,0,0,0,0,0,0,0,0,0,0	0
4	2886	CERTIFIED_DEFICIT	1484	1	1	0	0,0,0,0,0,0,0,0,0,0,0,0,0	0
4	2887	CERTIFIED_DEFICIT	1484	1	1	0	0,0,0,0,0,0,0,0,0,0,0,0,0	0
4	2888	CERTIFIED_DEFICIT	1484	1	1	0	0,0,0,0,0,0,0,0,0,0,0,0,0	0
4	2889	CERTIFIED_DEFICIT	1484	1	1	0	0,0,0,0,0,0,0,0,0,0,0,0,0	0
4	2890	CERTIFIED_DEFICIT	1484	1	1	0	0,0,0,0,0,0,0,0,0,0,0,0,0	0
4	2891	CERTIFIED_DEFICIT	1484	1	1	0	0,0,0,0,0,0,0,0,0,0,0,0,0	0
4	2892	CERTIFIED_DEFICIT	1484	1	1	0	0,0,0,0,0,0,0,0,0,0,0,0,0	0
4	2893	CERTIFIED_DEFICIT	1484	1	1	0	0,0,0,0,0,0,0,0,0,0,0,0,0	0
4	2894	CERTIFIED_DEFICIT	1484	1	1	0	0,0,0,0,0,0,0,0,0,0,0,0,0	0
4	2895	CERTIFIED_DEFICIT	1484	1	1	0	0,0,0,0,0,0,0,0,0,0,0,0,0	0
4	2896	CERTIFIED_DEFICIT	1484	1	1	0	0,0,0,0,0,0,0,0,0,0,0,0,0	0
4	2897	CERTIFIED_DEFICIT	1484	1	1	0	0,0,0,0,0,0,0,0,0,0,0,0,0	0
4	2898	CERTIFIED_DEFICIT	1484	1	1	0	0,0,0,0,0,0,0,0,0,0,0,0,0	0
4	2899	CERTIFIED_DEFICIT	1484	1	1	0	0,0,0,0,0,0,0,0,0,0,0,0,0	0
4	2900	CERTIFIED_DEFICIT	1484	1	1	0	0,0,0,0,0,0,0,0,0,0,0,0,0	0
4	2901	CERTIFIED_DEFICIT	1484	1	1	0	0,0,0,0,0,0,0,0,0,0,0,0,0	0
4	2902	CERTIFIED_DEFICIT	1484	1	1	0	0,0,0,0,0,0,0,0,0,0,0,0,0	0
4	2903	CERTIFIED_DEFICIT	1484	1	1	0	0,0,0,0,0,0,0,0,0,0,0,0,0	0
4	2904	CERTIFIED_DEFICIT	1484	1	1	0	0,0,0,0,0,0,0,0,0,0,0,0,0	0
4	2905	CERTIFIED_DEFICIT	1484	1	1	0	0,0,0,0,0,0,0,0,0,0,0,0,0	0
4	2906	CERTIFIED_DEFICIT	1484	1	1	0	0,0,0,0,0,0,0,0,0,0,0,0,0	0
4	2907	CERTIFIED_DEFICIT	1484	1	1	0	0,0,0,0,0,0,0,0,0,0,0,0,0	0
4	2908	CERTIFIED_DEFICIT	1484	1	1	0	0,0,0,0,0,0,0,0,0,0,0,0,0	0
4	2909	CERTIFIED_DEFICIT	1484	1	1	0	0,0,0,0,0,0,0,0,0,0,0,0,0	0
4	2910	CERTIFIED_DEFICIT	1484	1	1	0	0,0,0,0,0,0,0,0,0,0,0,0,0	0
4	2911	CERTIFIED_DEFICIT	1484	1	1	0	0,0,0,0,0,0,0,0,0,0,0,0,0	0
4	2912	CERTIFIED_DEFICIT	1484	1	1	0	0,0,0,0,0,0,0,0,0,0,0,0,0	0
4	2913	CERTIFIED_DEFICIT	1484	1	1	0	0,0,0,0,0,0,0,0,0,0,0,0,0	0
4	2914	CERTIFIED_DEFICIT	1484	1	1	0	0,0,0,0,0,0,0,0,0,0,0,0,0	0
4	2915	CERTIFIED_DEFICIT	1484	1	1	0	0,0,0,0,0,0,0,0,0,0,0,0,0	0
4	2916	CERTIFIED_DEFICIT	1484	1	1	0	0,0,0,0,0,0,0,0,0,0,0,0,0	0
4	2917	CERTIFIED_DEFICIT	1484	1	1	0	0,0,0,0,0,0,0,0,0,0,0,0,0	0
4	2918	CERTIFIED_DEFICIT	1484	1	1	0	0,0,0,0,0,0,0,0,0,0,0,0,0	0
4	2919	CERTIFIED_DEFICIT	1484	1	1	0	0,0,0,0,0,0,0,0,0,0,0,0,0	0
4	2920	CERTIFIED_DEFICIT	1484	1	1	0	0,0,0,0,0,0,0,0,0,0,0,0,0	0
4	2921	CERTIFIED_DEFICIT	1484	1	1	0	0,0,0,0,0,0,0,0,0,0,0,0,0	0
4	2922	CERTIFIED_DEFICIT	1484	1	1	0	0,0,0,0,0,0,0,0,0,0,0,0,0	0
4	2923	CERTIFIED_DEFICIT	1484	1	1	0	0,0,0,0,0,0,0,0,0,0,0,0,0	0
4	2924	CERTIFIED_DEFICIT	1484	1	1	0	0,0,0,0,0,0,0,0,0,0,0,0,0	0
4	2925	CERTIFIED_DEFICIT	1484	1	1	0	0,0,0,0,0,0,0,0,0,0,0,0,0	0
4	2926	CERTIFIED_DEFICIT	1484	1	1	0	0,0,0,0,0,0,0,0,0,0,0,0,0	0
4	2927	CERTIFIED_DEFICIT	1484	1	1	0	0,0,0,0,0,0,0,0,0,0,0,0,0	0
4	2928	CERTIFIED_DEFICIT	1484	1	1	0	0,0,0,0,0,0,0,0,0,0,0,0,0	0
4	2929	CERTIFIED_DEFICIT	1484	1	1	0	0,0,0,0,0,0,0,0,0,0,0,0,0	0
4	2930	CERTIFIED_DEFICIT	1484	1	1	0	0,0,0,0,0,0,0,0,0,0,0,0,0	0
4	2931	CERTIFIED_DEFICIT	1484	1	1	0	0,0,0,0,0,0,0,0,0,0,0,0,0	0
4	2932	CERTIFIED_DEFICIT	1484	1	1	0	0,0,0,0,0,0,0,0,0,0,0,0,0	0
4	2933	CERTIFIED_DEFICIT	1484	1	1	0	0,0,0,0,0,0,0,0,0,0,0,0,0	0
4	2934	CERTIFIED_DEFICIT	1484	1	1	0	0,0,0,0,0,0,0,0,0,0,0,0,0	0
4	2935	CERTIFIED_DEFICIT	1484	1	1	0	0,0,0,0,0,0,0,0,0,0,0,0,0	0
4	2936	CERTIFIED_DEFICIT	1484	1	1	0	0,0,0,0,0,0,0,0,0,0,0,0,0	0
4	2937	CERTIFIED_DEFICIT	1484	1	1	0	0,0,0,0,0,0,0,0,0,0,0,0,0	0
4	2938	CERTIFIED_DEFICIT	1484	1	1	0	0,0,0,0,0,0,0,0,0,0,0,0,0	0
4	2939	CERTIFIED_DEFICIT	1484	1	1	0	0,0,0,0,0,0,0,0,0,0,0,0,0	0
4	2940	CERTIFIED_DEFICIT	1484	1	1	0	0,0,0,0,0,0,0,0,0,0,0,0,0	0
4	2941	CERTIFIED_DEFICIT	1484	1	1	0	0,0,0,0,0,0,0,0,0,0,0,0,0	0
4	2942	CERTIFIED_DEFICIT	1219	1	1	0	0,0,0,0,0,0,0,0,0,0,0,0,0	0
4	2943	CERTIFIED_DEFICIT	1484	1	1	0	0,0,0,0,0,0,0,0,0,0,0,0,0	0
4	2944	CERTIFIED_DEFICIT	1484	1	1	0	0,0,0,0,0,0,0,0,0,0,0,0,0	0
4	2945	CERTIFIED_DEFICIT	1484	1	1	0	0,0,0,0,0,0,0,0,0,0,0,0,0	0
4	2946	CERTIFIED_DEFICIT	1484	1	1	0	0,0,0,0,0,0,0,0,0,0,0,0,0	0
4	2947	CERTIFIED_DEFICIT	1484	1	1	0	0,0,0,0,0,0,0,0,0,0,0,0,0	0
4	2948	CERTIFIED_DEFICIT	1259	1	1	0	0,0,0,0,0,0,0,0,0,0,0,0,0	0
4	2949	CERTIFIED_DEFICIT	1484	1	1	0	0,0,0,0,0,0,0,0,0,0,0,0,0	0
4	2950	CERTIFIED_DEFICIT	1484	1	1	0	0,0,0,0,0,0,0,0,0,0,0,0,0	0
4	2951	CERTIFIED_DEFICIT	1484	1	1	0	0,0,0,0,0,0,0,0,0,0,0,0,0	0
4	2952	CERTIFIED_DEFICIT	1484	1	1	0	0,0,0,0,0,0,0,0,0,0,0,0,0	0
4	2953	CERTIFIED_DEFICIT	1484	1	1	0	0,0,0,0,0,0,0,0,0,0,0,0,0	0
4	2954	CERTIFIED_DEFICIT	1484	1	1	0	0,0,0,0,0,0,0,0,0,0,0,0,0	0
4	2955	CERTIFIED_DEFICIT	1484	1	1	0	0,0,0,0,0,0,0,0,0,0,0,0,0	0
4	2956	CERTIFIED_DEFICIT	1484	1	1	0	0,0,0,0,0,0,0,0,0,0,0,0,0	0
4	2957	CERTIFIED_DEFICIT	1241	1	1	0	0,0,0,0,0,0,0,0,0,0,0,0,0	0
4	2958	CERTIFIED_DEFICIT	1484	1	1	0	0,0,0,0,0,0,0,0,0,0,0,0,0	0
4	2959	CERTIFIED_DEFICIT	1484	1	1	0	0,0,0,0,0,0,0,0,0,0,0,0,0	0
4	2960	CERTIFIED_DEFICIT	1303	1	1	0	0,0,0,0,0,0,0,0,0,0,0,0,0	0
4	2961	CERTIFIED_DEFICIT	1484	1	1	0	0,0,0,0,0,0,0,0,0,0,0,0,0	0
4	2962	CERTIFIED_DEFICIT	1484	1	1	0	0,0,0,0,0,0,0,0,0,0,0,0,0	0
4	2963	CERTIFIED_DEFICIT	1484	1	1	0	0,0,0,0,0,0,0,0,0,0,0,0,0	0
4	2964	CERTIFIED_DEFICIT	1596	1	1	0	0,0,0,0,0,0,0,0,0,0,0,0,0	0
4	2965	CERTIFIED_DEFICIT	1596	1	1	0	0,0,0,0,0,0,0,0,0,0,0,0,0	0
4	2966	CERTIFIED_DEFICIT	1596	1	1	0	0,0,0,0,0,0,0,0,0,0,0,0,0	0
4	2967	CERTIFIED_DEFICIT	1596	1	1	0	0,0,0,0,0,0,0,0,0,0,0,0,0	0
4	2968	CERTIFIED_DEFICIT	1596	1	1	0	0,0,0,0,0,0,0,0,0,0,0,0,0	0
4	2969	CERTIFIED_DEFICIT	1596	1	1	0	0,0,0,0,0,0,0,0,0,0,0,0,0	0
4	2970	CERTIFIED_DEFICIT	1596	1	1	0	0,0,0,0,0,0,0,0,0,0,0,0,0	0
4	2971	CERTIFIED_DEFICIT	1596	1	1	0	0,0,0,0,0,0,0,0,0,0,0,0,0	0
4	2972	CERTIFIED_DEFICIT	1596	1	1	0	0,0,0,0,0,0,0,0,0,0,0,0,0	0
4	2973	CERTIFIED_DEFICIT	1596	1	1	0	0,0,0,0,0,0,0,0,0,0,0,0,0	0
4	2974	CERTIFIED_DEFICIT	1596	1	1	0	0,0,0,0,0,0,0,0,0,0,0,0,0	0
4	2975	CERTIFIED_DEFICIT	1596	1	1	0	0,0,0,0,0,0,0,0,0,0,0,0,0	0
4	2976	CERTIFIED_DEFICIT	1596	1	1	0	0,0,0,0,0,0,0,0,0,0,0,0,0	0
4	2977	CERTIFIED_DEFICIT	1596	1	1	0	0,0,0,0,0,0,0,0,0,0,0,0,0	0
4	2978	CERTIFIED_DEFICIT	1596	1	1	0	0,0,0,0,0,0,0,0,0,0,0,0,0	0
4	2979	CERTIFIED_DEFICIT	1596	1	1	0	0,0,0,0,0,0,0,0,0,0,0,0,0	0
4	2980	CERTIFIED_DEFICIT	1596	1	1	0	0,0,0,0,0,0,0,0,0,0,0,0,0	0
4	2981	CERTIFIED_DEFICIT	1596	1	1	0	0,0,0,0,0,0,0,0,0,0,0,0,0	0
4	2982	CERTIFIED_DEFICIT	1596	1	1	0	0,0,0,0,0,0,0,0,0,0,0,0,0	0
4	2983	CERTIFIED_DEFICIT	1596	1	1	0	0,0,0,0,0,0,0,0,0,0,0,0,0	0
4	2984	CERTIFIED_DEFICIT	1596	1	1	0	0,0,0,0,0,0,0,0,0,0,0,0,0	0
4	2985	CERTIFIED_DEFICIT	1596	1	1	0	0,0,0,0,0,0,0,0,0,0,0,0,0	0
4	2986	CERTIFIED_DEFICIT	1596	1	1	0	0,0,0,0,0,0,0,0,0,0,0,0,0	0
4	2987	CERTIFIED_DEFICIT	1596	1	1	0	0,0,0,0,0,0,0,0,0,0,0,0,0	0
4	2988	CERTIFIED_DEFICIT	1596	1	1	0	0,0,0,0,0,0,0,0,0,0,0,0,0	0
4	2989	CERTIFIED_DEFICIT	1596	1	1	0	0,0,0,0,0,0,0,0,0,0,0,0,0	0
4	2990	CERTIFIED_DEFICIT	1596	1	1	0	0,0,0,0,0,0,0,0,0,0,0,0,0	0
4	2991	CERTIFIED_DEFICIT	1596	1	1	0	0,0,0,0,0,0,0,0,0,0,0,0,0	0
4	2992	CERTIFIED_DEFICIT	1596	1	1	0	0,0,0,0,0,0,0,0,0,0,0,0,0	0
4	2993	CERTIFIED_DEFICIT	1596	1	1	0	0,0,0,0,0,0,0,0,0,0,0,0,0	0
4	2994	CERTIFIED_DEFICIT	1596	1	1	0	0,0,0,0,0,0,0,0,0,0,0,0,0	0
4	2995	CERTIFIED_DEFICIT	1596	1	1	0	0,0,0,0,0,0,0,0,0,0,0,0,0	0
4	2996	CERTIFIED_DEFICIT	1596	1	1	0	0,0,0,0,0,0,0,0,0,0,0,0,0	0
4	2997	CERTIFIED_DEFICIT	1596	1	1	0	0,0,0,0,0,0,0,0,0,0,0,0,0	0
4	2998	CERTIFIED_DEFICIT	1596	1	1	0	0,0,0,0,0,0,0,0,0,0,0,0,0	0
4	2999	CERTIFIED_DEFICIT	1596	1	1	0	0,0,0,0,0,0,0,0,0,0,0,0,0	0
4	3000	CERTIFIED_DEFICIT	1596	1	1	0	0,0,0,0,0,0,0,0,0,0,0,0,0	0
4	3001	CERTIFIED_DEFICIT	1596	1	1	0	0,0,0,0,0,0,0,0,0,0,0,0,0	0
4	3002	CERTIFIED_DEFICIT	1596	1	1	0	0,0,0,0,0,0,0,0,0,0,0,0,0	0
4	3003	CERTIFIED_DEFICIT	1596	1	1	0	0,0,0,0,0,0,0,0,0,0,0,0,0	0
4	3004	CERTIFIED_DEFICIT	1596	1	1	0	0,0,0,0,0,0,0,0,0,0,0,0,0	0
4	3005	CERTIFIED_DEFICIT	1596	1	1	0	0,0,0,0,0,0,0,0,0,0,0,0,0	0
4	3006	CERTIFIED_DEFICIT	1596	1	1	0	0,0,0,0,0,0,0,0,0,0,0,0,0	0
4	3007	CERTIFIED_DEFICIT	1596	1	1	0	0,0,0,0,0,0,0,0,0,0,0,0,0	0
4	3008	CERTIFIED_DEFICIT	1596	1	1	0	0,0,0,0,0,0,0,0,0,0,0,0,0	0
4	3009	CERTIFIED_DEFICIT	1596	1	1	0	0,0,0,0,0,0,0,0,0,0,0,0,0	0
4	3010	CERTIFIED_DEFICIT	1596	1	1	0	0,0,0,0,0,0,0,0,0,0,0,0,0	0
4	3011	CERTIFIED_DEFICIT	1596	1	1	0	0,0,0,0,0,0,0,0,0,0,0,0,0	0
4	3012	CERTIFIED_DEFICIT	1596	1	1	0	0,0,0,0,0,0,0,0,0,0,0,0,0	0
4	3013	CERTIFIED_DEFICIT	1596	1	1	0	0,0,0,0,0,0,0,0,0,0,0,0,0	0
4	3014	CERTIFIED_DEFICIT	1596	1	1	0	0,0,0,0,0,0,0,0,0,0,0,0,0	0
4	3015	CERTIFIED_DEFICIT	1596	1	1	0	0,0,0,0,0,0,0,0,0,0,0,0,0	0
4	3016	CERTIFIED_DEFICIT	1596	1	1	0	0,0,0,0,0,0,0,0,0,0,0,0,0	0
4	3017	CERTIFIED_DEFICIT	1596	1	1	0	0,0,0,0,0,0,0,0,0,0,0,0,0	0
4	3018	CERTIFIED_DEFICIT	1596	1	1	0	0,0,0,0,0,0,0,0,0,0,0,0,0	0
4	3019	CERTIFIED_DEFICIT	1596	1	1	0	0,0,0,0,0,0,0,0,0,0,0,0,0	0
4	3020	CERTIFIED_DEFICIT	1219	1	1	0	0,0,0,0,0,0,0,0,0,0,0,0,0	0
4	3021	CERTIFIED_DEFICIT	1596	1	1	0	0,0,0,0,0,0,0,0,0,0,0,0,0	0
4	3022	CERTIFIED_DEFICIT	1596	1	1	0	0,0,0,0,0,0,0,0,0,0,0,0,0	0
4	3023	CERTIFIED_DEFICIT	1596	1	1	0	0,0,0,0,0,0,0,0,0,0,0,0,0	0
4	3024	CERTIFIED_DEFICIT	1596	1	1	0	0,0,0,0,0,0,0,0,0,0,0,0,0	0
4	3025	CERTIFIED_DEFICIT	1596	1	1	0	0,0,0,0,0,0,0,0,0,0,0,0,0	0
4	3026	CERTIFIED_DEFICIT	1259	1	1	0	0,0,0,0,0,0,0,0,0,0,0,0,0	0
4	3027	CERTIFIED_DEFICIT	1596	1	1	0	0,0,0,0,0,0,0,0,0,0,0,0,0	0
4	3028	CERTIFIED_DEFICIT	1596	1	1	0	0,0,0,0,0,0,0,0,0,0,0,0,0	0
4	3029	CERTIFIED_DEFICIT	1596	1	1	0	0,0,0,0,0,0,0,0,0,0,0,0,0	0
4	3030	CERTIFIED_DEFICIT	1596	1	1	0	0,0,0,0,0,0,0,0,0,0,0,0,0	0
4	3031	CERTIFIED_DEFICIT	1596	1	1	0	0,0,0,0,0,0,0,0,0,0,0,0,0	0
4	3032	CERTIFIED_DEFICIT	1596	1	1	0	0,0,0,0,0,0,0,0,0,0,0,0,0	0
4	3033	CERTIFIED_DEFICIT	1596	1	1	0	0,0,0,0,0,0,0,0,0,0,0,0,0	0
4	3034	CERTIFIED_DEFICIT	1596	1	1	0	0,0,0,0,0,0,0,0,0,0,0,0,0	0
4	3035	CERTIFIED_DEFICIT	1241	1	1	0	0,0,0,0,0,0,0,0,0,0,0,0,0	0
4	3036	CERTIFIED_DEFICIT	1596	1	1	0	0,0,0,0,0,0,0,0,0,0,0,0,0	0
4	3037	CERTIFIED_DEFICIT	1596	1	1	0	0,0,0,0,0,0,0,0,0,0,0,0,0	0
4	3038	CERTIFIED_DEFICIT	1303	1	1	0	0,0,0,0,0,0,0,0,0,0,0,0,0	0
4	3039	CERTIFIED_DEFICIT	1596	1	1	0	0,0,0,0,0,0,0,0,0,0,0,0,0	0
4	3040	CERTIFIED_DEFICIT	1596	1	1	0	0,0,0,0,0,0,0,0,0,0,0,0,0	0
4	3041	CERTIFIED_DEFICIT	1596	1	1	0	0,0,0,0,0,0,0,0,0,0,0,0,0	0
4	3042	CERTIFIED_DEFICIT	1428	1	1	0	0,0,0,0,0,0,0,0,0,0,0,0,0	0
4	3043	CERTIFIED_DEFICIT	1428	1	1	0	0,0,0,0,0,0,0,0,0,0,0,0,0	0
4	3044	CERTIFIED_DEFICIT	1428	1	1	0	0,0,0,0,0,0,0,0,0,0,0,0,0	0
4	3045	CERTIFIED_DEFICIT	1428	1	1	0	0,0,0,0,0,0,0,0,0,0,0,0,0	0
4	3046	CERTIFIED_DEFICIT	1428	1	1	0	0,0,0,0,0,0,0,0,0,0,0,0,0	0
4	3047	CERTIFIED_DEFICIT	1428	1	1	0	0,0,0,0,0,0,0,0,0,0,0,0,0	0
4	3048	CERTIFIED_DEFICIT	1428	1	1	0	0,0,0,0,0,0,0,0,0,0,0,0,0	0
4	3049	CERTIFIED_DEFICIT	1428	1	1	0	0,0,0,0,0,0,0,0,0,0,0,0,0	0
4	3050	CERTIFIED_DEFICIT	1428	1	1	0	0,0,0,0,0,0,0,0,0,0,0,0,0	0
4	3051	CERTIFIED_DEFICIT	1428	1	1	0	0,0,0,0,0,0,0,0,0,0,0,0,0	0
4	3052	CERTIFIED_DEFICIT	1428	1	1	0	0,0,0,0,0,0,0,0,0,0,0,0,0	0
4	3053	CERTIFIED_DEFICIT	1428	1	1	0	0,0,0,0,0,0,0,0,0,0,0,0,0	0
4	3054	CERTIFIED_DEFICIT	1428	1	1	0	0,0,0,0,0,0,0,0,0,0,0,0,0	0
4	3055	CERTIFIED_DEFICIT	1428	1	1	0	0,0,0,0,0,0,0,0,0,0,0,0,0	0
4	3056	CERTIFIED_DEFICIT	1428	1	1	0	0,0,0,0,0,0,0,0,0,0,0,0,0	0
4	3057	CERTIFIED_DEFICIT	1428	1	1	0	0,0,0,0,0,0,0,0,0,0,0,0,0	0
4	3058	CERTIFIED_DEFICIT	1428	1	1	0	0,0,0,0,0,0,0,0,0,0,0,0,0	0
4	3059	CERTIFIED_DEFICIT	1428	1	1	0	0,0,0,0,0,0,0,0,0,0,0,0,0	0
4	3060	CERTIFIED_DEFICIT	1428	1	1	0	0,0,0,0,0,0,0,0,0,0,0,0,0	0
4	3061	CERTIFIED_DEFICIT	1428	1	1	0	0,0,0,0,0,0,0,0,0,0,0,0,0	0
4	3062	CERTIFIED_DEFICIT	1428	1	1	0	0,0,0,0,0,0,0,0,0,0,0,0,0	0
4	3063	CERTIFIED_DEFICIT	1428	1	1	0	0,0,0,0,0,0,0,0,0,0,0,0,0	0
4	3064	CERTIFIED_DEFICIT	1428	1	1	0	0,0,0,0,0,0,0,0,0,0,0,0,0	0
4	3065	CERTIFIED_DEFICIT	1428	1	1	0	0,0,0,0,0,0,0,0,0,0,0,0,0	0
4	3066	CERTIFIED_DEFICIT	1428	1	1	0	0,0,0,0,0,0,0,0,0,0,0,0,0	0
4	3067	CERTIFIED_DEFICIT	1428	1	1	0	0,0,0,0,0,0,0,0,0,0,0,0,0	0
4	3068	CERTIFIED_DEFICIT	1428	1	1	0	0,0,0,0,0,0,0,0,0,0,0,0,0	0
4	3069	CERTIFIED_DEFICIT	1428	1	1	0	0,0,0,0,0,0,0,0,0,0,0,0,0	0
4	3070	CERTIFIED_DEFICIT	1428	1	1	0	0,0,0,0,0,0,0,0,0,0,0,0,0	0
4	3071	CERTIFIED_DEFICIT	1428	1	1	0	0,0,0,0,0,0,0,0,0,0,0,0,0	0
4	3072	CERTIFIED_DEFICIT	1428	1	1	0	0,0,0,0,0,0,0,0,0,0,0,0,0	0
4	3073	CERTIFIED_DEFICIT	1428	1	1	0	0,0,0,0,0,0,0,0,0,0,0,0,0	0
4	3074	CERTIFIED_DEFICIT	1428	1	1	0	0,0,0,0,0,0,0,0,0,0,0,0,0	0
4	3075	CERTIFIED_DEFICIT	1428	1	1	0	0,0,0,0,0,0,0,0,0,0,0,0,0	0
4	3076	CERTIFIED_DEFICIT	1428	1	1	0	0,0,0,0,0,0,0,0,0,0,0,0,0	0
4	3077	CERTIFIED_DEFICIT	1428	1	1	0	0,0,0,0,0,0,0,0,0,0,0,0,0	0
4	3078	CERTIFIED_DEFICIT	1428	1	1	0	0,0,0,0,0,0,0,0,0,0,0,0,0	0
4	3079	CERTIFIED_DEFICIT	1428	1	1	0	0,0,0,0,0,0,0,0,0,0,0,0,0	0
4	3080	CERTIFIED_DEFICIT	1428	1	1	0	0,0,0,0,0,0,0,0,0,0,0,0,0	0
4	3081	CERTIFIED_DEFICIT	1428	1	1	0	0,0,0,0,0,0,0,0,0,0,0,0,0	0
4	3082	CERTIFIED_DEFICIT	1428	1	1	0	0,0,0,0,0,0,0,0,0,0,0,0,0	0
4	3083	CERTIFIED_DEFICIT	1428	1	1	0	0,0,0,0,0,0,0,0,0,0,0,0,0	0
4	3084	CERTIFIED_DEFICIT	1428	1	1	0	0,0,0,0,0,0,0,0,0,0,0,0,0	0
4	3085	CERTIFIED_DEFICIT	1428	1	1	0	0,0,0,0,0,0,0,0,0,0,0,0,0	0
4	3086	CERTIFIED_DEFICIT	1428	1	1	0	0,0,0,0,0,0,0,0,0,0,0,0,0	0
4	3087	CERTIFIED_DEFICIT	1428	1	1	0	0,0,0,0,0,0,0,0,0,0,0,0,0	0
4	3088	CERTIFIED_DEFICIT	1428	1	1	0	0,0,0,0,0,0,0,0,0,0,0,0,0	0
4	3089	CERTIFIED_DEFICIT	1428	1	1	0	0,0,0,0,0,0,0,0,0,0,0,0,0	0
4	3090	CERTIFIED_DEFICIT	1428	1	1	0	0,0,0,0,0,0,0,0,0,0,0,0,0	0
4	3091	CERTIFIED_DEFICIT	1428	1	1	0	0,0,0,0,0,0,0,0,0,0,0,0,0	0
4	3092	CERTIFIED_DEFICIT	1428	1	1	0	0,0,0,0,0,0,0,0,0,0,0,0,0	0
4	3093	CERTIFIED_DEFICIT	1428	1	1	0	0,0,0,0,0,0,0,0,0,0,0,0,0	0
4	3094	CERTIFIED_DEFICIT	1428	1	1	0	0,0,0,0,0,0,0,0,0,0,0,0,0	0
4	3095	CERTIFIED_DEFICIT	1428	1	1	0	0,0,0,0,0,0,0,0,0,0,0,0,0	0
4	3096	CERTIFIED_DEFICIT	1428	1	1	0	0,0,0,0,0,0,0,0,0,0,0,0,0	0
4	3097	CERTIFIED_DEFICIT	1428	1	1	0	0,0,0,0,0,0,0,0,0,0,0,0,0	0
4	3098	CERTIFIED_DEFICIT	1219	1	1	0	0,0,0,0,0,0,0,0,0,0,0,0,0	0
4	3099	CERTIFIED_DEFICIT	1428	1	1	0	0,0,0,0,0,0,0,0,0,0,0,0,0	0
4	3100	CERTIFIED_DEFICIT	1428	1	1	0	0,0,0,0,0,0,0,0,0,0,0,0,0	0
4	3101	CERTIFIED_DEFICIT	1428	1	1	0	0,0,0,0,0,0,0,0,0,0,0,0,0	0
4	3102	CERTIFIED_DEFICIT	1428	1	1	0	0,0,0,0,0,0,0,0,0,0,0,0,0	0
4	3103	CERTIFIED_DEFICIT	1428	1	1	0	0,0,0,0,0,0,0,0,0,0,0,0,0	0
4	3104	CERTIFIED_DEFICIT	1259	1	1	0	0,0,0,0,0,0,0,0,0,0,0,0,0	0
4	3105	CERTIFIED_DEFICIT	1428	1	1	0	0,0,0,0,0,0,0,0,0,0,0,0,0	0
4	3106	CERTIFIED_DEFICIT	1428	1	1	0	0,0,0,0,0,0,0,0,0,0,0,0,0	0
4	3107	CERTIFIED_DEFICIT	1428	1	1	0	0,0,0,0,0,0,0,0,0,0,0,0,0	0
4	3108	CERTIFIED_DEFICIT	1428	1	1	0	0,0,0,0,0,0,0,0,0,0,0,0,0	0
4	3109	CERTIFIED_DEFICIT	1428	1	1	0	0,0,0,0,0,0,0,0,0,0,0,0,0	0
4	3110	CERTIFIED_DEFICIT	1428	1	1	0	0,0,0,0,0,0,0,0,0,0,0,0,0	0
4	3111	CERTIFIED_DEFICIT	1428	1	1	0	0,0,0,0,0,0,0,0,0,0,0,0,0	0
4	3112	CERTIFIED_DEFICIT	1428	1	1	0	0,0,0,0,0,0,0,0,0,0,0,0,0	0
4	3113	CERTIFIED_DEFICIT	1241	1	1	0	0,0,0,0,0,0,0,0,0,0,0,0,0	0
4	3114	CERTIFIED_DEFICIT	1428	1	1	0	0,0,0,0,0,0,0,0,0,0,0,0,0	0
4	3115	CERTIFIED_DEFICIT	1428	1	1	0	0,0,0,0,0,0,0,0,0,0,0,0,0	0
4	3116	CERTIFIED_DEFICIT	1303	1	1	0	0,0,0,0,0,0,0,0,0,0,0,0,0	0
4	3117	CERTIFIED_DEFICIT	1428	1	1	0	0,0,0,0,0,0,0,0,0,0,0,0,0	0
4	3118	CERTIFIED_DEFICIT	1428	1	1	0	0,0,0,0,0,0,0,0,0,0,0,0,0	0
4	3119	CERTIFIED_DEFICIT	1428	1	1	0	0,0,0,0,0,0,0,0,0,0,0,0,0	0
4	3120	CERTIFIED_DEFICIT	1302	1	1	0	0,0,0,0,0,0,0,0,0,0,0,0,0	0
4	3121	CERTIFIED_DEFICIT	1302	1	1	0	0,0,0,0,0,0,0,0,0,0,0,0,0	0
4	3122	CERTIFIED_DEFICIT	1302	1	1	0	0,0,0,0,0,0,0,0,0,0,0,0,0	0
4	3123	CERTIFIED_DEFICIT	1302	1	1	0	0,0,0,0,0,0,0,0,0,0,0,0,0	0
4	3124	CERTIFIED_DEFICIT	1302	1	1	0	0,0,0,0,0,0,0,0,0,0,0,0,0	0
4	3125	CERTIFIED_DEFICIT	1302	1	1	0	0,0,0,0,0,0,0,0,0,0,0,0,0	0
4	3126	CERTIFIED_DEFICIT	1302	1	1	0	0,0,0,0,0,0,0,0,0,0,0,0,0	0
4	3127	CERTIFIED_DEFICIT	1302	1	1	0	0,0,0,0,0,0,0,0,0,0,0,0,0	0
4	3128	CERTIFIED_DEFICIT	1302	1	1	0	0,0,0,0,0,0,0,0,0,0,0,0,0	0
4	3129	CERTIFIED_DEFICIT	1302	1	1	0	0,0,0,0,0,0,0,0,0,0,0,0,0	0
4	3130	CERTIFIED_DEFICIT	1302	1	1	0	0,0,0,0,0,0,0,0,0,0,0,0,0	0
4	3131	CERTIFIED_DEFICIT	1302	1	1	0	0,0,0,0,0,0,0,0,0,0,0,0,0	0
4	3132	CERTIFIED_DEFICIT	1302	1	1	0	0,0,0,0,0,0,0,0,0,0,0,0,0	0
4	3133	CERTIFIED_DEFICIT	1302	1	1	0	0,0,0,0,0,0,0,0,0,0,0,0,0	0
4	3134	CERTIFIED_DEFICIT	1302	1	1	0	0,0,0,0,0,0,0,0,0,0,0,0,0	0
4	3135	CERTIFIED_DEFICIT	1302	1	1	0	0,0,0,0,0,0,0,0,0,0,0,0,0	0
4	3136	CERTIFIED_DEFICIT	1302	1	1	0	0,0,0,0,0,0,0,0,0,0,0,0,0	0
4	3137	CERTIFIED_DEFICIT	1302	1	1	0	0,0,0,0,0,0,0,0,0,0,0,0,0	0
4	3138	CERTIFIED_DEFICIT	1302	1	1	0	0,0,0,0,0,0,0,0,0,0,0,0,0	0
4	3139	CERTIFIED_DEFICIT	1302	1	1	0	0,0,0,0,0,0,0,0,0,0,0,0,0	0
4	3140	CERTIFIED_DEFICIT	1302	1	1	0	0,0,0,0,0,0,0,0,0,0,0,0,0	0
4	3141	CERTIFIED_DEFICIT	1302	1	1	0	0,0,0,0,0,0,0,0,0,0,0,0,0	0
4	3142	CERTIFIED_DEFICIT	1302	1	1	0	0,0,0,0,0,0,0,0,0,0,0,0,0	0
4	3143	CERTIFIED_DEFICIT	1302	1	1	0	0,0,0,0,0,0,0,0,0,0,0,0,0	0
4	3144	CERTIFIED_DEFICIT	1302	1	1	0	0,0,0,0,0,0,0,0,0,0,0,0,0	0
4	3145	CERTIFIED_DEFICIT	1302	1	1	0	0,0,0,0,0,0,0,0,0,0,0,0,0	0
4	3146	CERTIFIED_DEFICIT	1302	1	1	0	0,0,0,0,0,0,0,0,0,0,0,0,0	0
4	3147	CERTIFIED_DEFICIT	1302	1	1	0	0,0,0,0,0,0,0,0,0,0,0,0,0	0
4	3148	CERTIFIED_DEFICIT	1302	1	1	0	0,0,0,0,0,0,0,0,0,0,0,0,0	0
4	3149	CERTIFIED_DEFICIT	1302	1	1	0	0,0,0,0,0,0,0,0,0,0,0,0,0	0
4	3150	CERTIFIED_DEFICIT	1302	1	1	0	0,0,0,0,0,0,0,0,0,0,0,0,0	0
4	3151	CERTIFIED_DEFICIT	1302	1	1	0	0,0,0,0,0,0,0,0,0,0,0,0,0	0
4	3152	CERTIFIED_DEFICIT	1302	1	1	0	0,0,0,0,0,0,0,0,0,0,0,0,0	0
4	3153	CERTIFIED_DEFICIT	1302	1	1	0	0,0,0,0,0,0,0,0,0,0,0,0,0	0
4	3154	CERTIFIED_DEFICIT	1302	1	1	0	0,0,0,0,0,0,0,0,0,0,0,0,0	0
4	3155	CERTIFIED_DEFICIT	1302	1	1	0	0,0,0,0,0,0,0,0,0,0,0,0,0	0
4	3156	CERTIFIED_DEFICIT	1302	1	1	0	0,0,0,0,0,0,0,0,0,0,0,0,0	0
4	3157	CERTIFIED_DEFICIT	1302	1	1	0	0,0,0,0,0,0,0,0,0,0,0,0,0	0
4	3158	CERTIFIED_DEFICIT	1302	1	1	0	0,0,0,0,0,0,0,0,0,0,0,0,0	0
4	3159	CERTIFIED_DEFICIT	1302	1	1	0	0,0,0,0,0,0,0,0,0,0,0,0,0	0
4	3160	CERTIFIED_DEFICIT	1302	1	1	0	0,0,0,0,0,0,0,0,0,0,0,0,0	0
4	3161	CERTIFIED_DEFICIT	1302	1	1	0	0,0,0,0,0,0,0,0,0,0,0,0,0	0
4	3162	CERTIFIED_DEFICIT	1302	1	1	0	0,0,0,0,0,0,0,0,0,0,0,0,0	0
4	3163	CERTIFIED_DEFICIT	1302	1	1	0	0,0,0,0,0,0,0,0,0,0,0,0,0	0
4	3164	CERTIFIED_DEFICIT	1302	1	1	0	0,0,0,0,0,0,0,0,0,0,0,0,0	0
4	3165	CERTIFIED_DEFICIT	1302	1	1	0	0,0,0,0,0,0,0,0,0,0,0,0,0	0
4	3166	CERTIFIED_DEFICIT	1302	1	1	0	0,0,0,0,0,0,0,0,0,0,0,0,0	0
4	3167	CERTIFIED_DEFICIT	1302	1	1	0	0,0,0,0,0,0,0,0,0,0,0,0,0	0
4	3168	CERTIFIED_DEFICIT	1302	1	1	0	0,0,0,0,0,0,0,0,0,0,0,0,0	0
4	3169	CERTIFIED_DEFICIT	1302	1	1	0	0,0,0,0,0,0,0,0,0,0,0,0,0	0
4	3170	CERTIFIED_DEFICIT	1302	1	1	0	0,0,0,0,0,0,0,0,0,0,0,0,0	0
4	3171	CERTIFIED_DEFICIT	1302	1	1	0	0,0,0,0,0,0,0,0,0,0,0,0,0	0
4	3172	CERTIFIED_DEFICIT	1302	1	1	0	0,0,0,0,0,0,0,0,0,0,0,0,0	0
4	3173	CERTIFIED_DEFICIT	1302	1	1	0	0,0,0,0,0,0,0,0,0,0,0,0,0	0
4	3174	CERTIFIED_DEFICIT	1302	1	1	0	0,0,0,0,0,0,0,0,0,0,0,0,0	0
4	3175	CERTIFIED_DEFICIT	1302	1	1	0	0,0,0,0,0,0,0,0,0,0,0,0,0	0
4	3176	CERTIFIED_DEFICIT	1219	1	1	0	0,0,0,0,0,0,0,0,0,0,0,0,0	0
4	3177	CERTIFIED_DEFICIT	1302	1	1	0	0,0,0,0,0,0,0,0,0,0,0,0,0	0
4	3178	CERTIFIED_DEFICIT	1302	1	1	0	0,0,0,0,0,0,0,0,0,0,0,0,0	0
4	3179	CERTIFIED_DEFICIT	1302	1	1	0	0,0,0,0,0,0,0,0,0,0,0,0,0	0
4	3180	CERTIFIED_DEFICIT	1302	1	1	0	0,0,0,0,0,0,0,0,0,0,0,0,0	0
4	3181	CERTIFIED_DEFICIT	1302	1	1	0	0,0,0,0,0,0,0,0,0,0,0,0,0	0
4	3182	CERTIFIED_DEFICIT	1259	1	1	0	0,0,0,0,0,0,0,0,0,0,0,0,0	0
4	3183	CERTIFIED_DEFICIT	1302	1	1	0	0,0,0,0,0,0,0,0,0,0,0,0,0	0
4	3184	CERTIFIED_DEFICIT	1302	1	1	0	0,0,0,0,0,0,0,0,0,0,0,0,0	0
4	3185	CERTIFIED_DEFICIT	1302	1	1	0	0,0,0,0,0,0,0,0,0,0,0,0,0	0
4	3186	CERTIFIED_DEFICIT	1302	1	1	0	0,0,0,0,0,0,0,0,0,0,0,0,0	0
4	3187	CERTIFIED_DEFICIT	1302	1	1	0	0,0,0,0,0,0,0,0,0,0,0,0,0	0
4	3188	CERTIFIED_DEFICIT	1302	1	1	0	0,0,0,0,0,0,0,0,0,0,0,0,0	0
4	3189	CERTIFIED_DEFICIT	1302	1	1	0	0,0,0,0,0,0,0,0,0,0,0,0,0	0
4	3190	CERTIFIED_DEFICIT	1302	1	1	0	0,0,0,0,0,0,0,0,0,0,0,0,0	0
4	3191	CERTIFIED_DEFICIT	1241	1	1	0	0,0,0,0,0,0,0,0,0,0,0,0,0	0
4	3192	CERTIFIED_DEFICIT	1302	1	1	0	0,0,0,0,0,0,0,0,0,0,0,0,0	0
4	3193	CERTIFIED_DEFICIT	1302	1	1	0	0,0,0,0,0,0,0,0,0,0,0,0,0	0
4	3194	CERTIFIED_DEFICIT	1302	1	1	0	0,0,0,0,0,0,0,0,0,0,0,0,0	0
4	3195	CERTIFIED_DEFICIT	1302	1	1	0	0,0,0,0,0,0,0,0,0,0,0,0,0	0
4	3196	CERTIFIED_DEFICIT	1302	1	1	0	0,0,0,0,0,0,0,0,0,0,0,0,0	0
4	3197	CERTIFIED_DEFICIT	1302	1	1	0	0,0,0,0,0,0,0,0,0,0,0,0,0	0
4	3198	CERTIFIED_DEFICIT	1498	1	1	0	0,0,0,0,0,0,0,0,0,0,0,0,0	0
4	3199	CERTIFIED_DEFICIT	1498	1	1	0	0,0,0,0,0,0,0,0,0,0,0,0,0	0
4	3200	CERTIFIED_DEFICIT	1498	1	1	0	0,0,0,0,0,0,0,0,0,0,0,0,0	0
4	3201	CERTIFIED_DEFICIT	1498	1	1	0	0,0,0,0,0,0,0,0,0,0,0,0,0	0
4	3202	CERTIFIED_DEFICIT	1498	1	1	0	0,0,0,0,0,0,0,0,0,0,0,0,0	0
4	3203	CERTIFIED_DEFICIT	1498	1	1	0	0,0,0,0,0,0,0,0,0,0,0,0,0	0
4	3204	CERTIFIED_DEFICIT	1498	1	1	0	0,0,0,0,0,0,0,0,0,0,0,0,0	0
4	3205	CERTIFIED_DEFICIT	1498	1	1	0	0,0,0,0,0,0,0,0,0,0,0,0,0	0
4	3206	CERTIFIED_DEFICIT	1498	1	1	0	0,0,0,0,0,0,0,0,0,0,0,0,0	0
4	3207	CERTIFIED_DEFICIT	1498	1	1	0	0,0,0,0,0,0,0,0,0,0,0,0,0	0
4	3208	CERTIFIED_DEFICIT	1498	1	1	0	0,0,0,0,0,0,0,0,0,0,0,0,0	0
4	3209	CERTIFIED_DEFICIT	1498	1	1	0	0,0,0,0,0,0,0,0,0,0,0,0,0	0
4	3210	CERTIFIED_DEFICIT	1498	1	1	0	0,0,0,0,0,0,0,0,0,0,0,0,0	0
4	3211	CERTIFIED_DEFICIT	1498	1	1	0	0,0,0,0,0,0,0,0,0,0,0,0,0	0
4	3212	CERTIFIED_DEFICIT	1498	1	1	0	0,0,0,0,0,0,0,0,0,0,0,0,0	0
4	3213	CERTIFIED_DEFICIT	1498	1	1	0	0,0,0,0,0,0,0,0,0,0,0,0,0	0
4	3214	CERTIFIED_DEFICIT	1498	1	1	0	0,0,0,0,0,0,0,0,0,0,0,0,0	0
4	3215	CERTIFIED_DEFICIT	1498	1	1	0	0,0,0,0,0,0,0,0,0,0,0,0,0	0
4	3216	CERTIFIED_DEFICIT	1498	1	1	0	0,0,0,0,0,0,0,0,0,0,0,0,0	0
4	3217	CERTIFIED_DEFICIT	1498	1	1	0	0,0,0,0,0,0,0,0,0,0,0,0,0	0
4	3218	CERTIFIED_DEFICIT	1498	1	1	0	0,0,0,0,0,0,0,0,0,0,0,0,0	0
4	3219	CERTIFIED_DEFICIT	1498	1	1	0	0,0,0,0,0,0,0,0,0,0,0,0,0	0
4	3220	CERTIFIED_DEFICIT	1498	1	1	0	0,0,0,0,0,0,0,0,0,0,0,0,0	0
4	3221	CERTIFIED_DEFICIT	1498	1	1	0	0,0,0,0,0,0,0,0,0,0,0,0,0	0
4	3222	CERTIFIED_DEFICIT	1498	1	1	0	0,0,0,0,0,0,0,0,0,0,0,0,0	0
4	3223	CERTIFIED_DEFICIT	1498	1	1	0	0,0,0,0,0,0,0,0,0,0,0,0,0	0
4	3224	CERTIFIED_DEFICIT	1498	1	1	0	0,0,0,0,0,0,0,0,0,0,0,0,0	0
4	3225	CERTIFIED_DEFICIT	1498	1	1	0	0,0,0,0,0,0,0,0,0,0,0,0,0	0
4	3226	CERTIFIED_DEFICIT	1498	1	1	0	0,0,0,0,0,0,0,0,0,0,0,0,0	0
4	3227	CERTIFIED_DEFICIT	1498	1	1	0	0,0,0,0,0,0,0,0,0,0,0,0,0	0
4	3228	CERTIFIED_DEFICIT	1498	1	1	0	0,0,0,0,0,0,0,0,0,0,0,0,0	0
4	3229	CERTIFIED_DEFICIT	1498	1	1	0	0,0,0,0,0,0,0,0,0,0,0,0,0	0
4	3230	CERTIFIED_DEFICIT	1498	1	1	0	0,0,0,0,0,0,0,0,0,0,0,0,0	0
4	3231	CERTIFIED_DEFICIT	1498	1	1	0	0,0,0,0,0,0,0,0,0,0,0,0,0	0
4	3232	CERTIFIED_DEFICIT	1498	1	1	0	0,0,0,0,0,0,0,0,0,0,0,0,0	0
4	3233	CERTIFIED_DEFICIT	1498	1	1	0	0,0,0,0,0,0,0,0,0,0,0,0,0	0
4	3234	CERTIFIED_DEFICIT	1498	1	1	0	0,0,0,0,0,0,0,0,0,0,0,0,0	0
4	3235	CERTIFIED_DEFICIT	1498	1	1	0	0,0,0,0,0,0,0,0,0,0,0,0,0	0
4	3236	CERTIFIED_DEFICIT	1498	1	1	0	0,0,0,0,0,0,0,0,0,0,0,0,0	0
4	3237	CERTIFIED_DEFICIT	1498	1	1	0	0,0,0,0,0,0,0,0,0,0,0,0,0	0
4	3238	CERTIFIED_DEFICIT	1498	1	1	0	0,0,0,0,0,0,0,0,0,0,0,0,0	0
4	3239	CERTIFIED_DEFICIT	1498	1	1	0	0,0,0,0,0,0,0,0,0,0,0,0,0	0
4	3240	CERTIFIED_DEFICIT	1498	1	1	0	0,0,0,0,0,0,0,0,0,0,0,0,0	0
4	3241	CERTIFIED_DEFICIT	1498	1	1	0	0,0,0,0,0,0,0,0,0,0,0,0,0	0
4	3242	CERTIFIED_DEFICIT	1498	1	1	0	0,0,0,0,0,0,0,0,0,0,0,0,0	0
4	3243	CERTIFIED_DEFICIT	1498	1	1	0	0,0,0,0,0,0,0,0,0,0,0,0,0	0
4	3244	CERTIFIED_DEFICIT	1498	1	1	0	0,0,0,0,0,0,0,0,0,0,0,0,0	0
4	3245	CERTIFIED_DEFICIT	1498	1	1	0	0,0,0,0,0,0,0,0,0,0,0,0,0	0
4	3246	CERTIFIED_DEFICIT	1498	1	1	0	0,0,0,0,0,0,0,0,0,0,0,0,0	0
4	3247	CERTIFIED_DEFICIT	1498	1	1	0	0,0,0,0,0,0,0,0,0,0,0,0,0	0
4	3248	CERTIFIED_DEFICIT	1498	1	1	0	0,0,0,0,0,0,0,0,0,0,0,0,0	0
4	3249	CERTIFIED_DEFICIT	1498	1	1	0	0,0,0,0,0,0,0,0,0,0,0,0,0	0
4	3250	CERTIFIED_DEFICIT	1498	1	1	0	0,0,0,0,0,0,0,0,0,0,0,0,0	0
4	3251	CERTIFIED_DEFICIT	1498	1	1	0	0,0,0,0,0,0,0,0,0,0,0,0,0	0
4	3252	CERTIFIED_DEFICIT	1498	1	1	0	0,0,0,0,0,0,0,0,0,0,0,0,0	0
4	3253	CERTIFIED_DEFICIT	1498	1	1	0	0,0,0,0,0,0,0,0,0,0,0,0,0	0
4	3254	CERTIFIED_DEFICIT	1219	1	1	0	0,0,0,0,0,0,0,0,0,0,0,0,0	0
4	3255	CERTIFIED_DEFICIT	1498	1	1	0	0,0,0,0,0,0,0,0,0,0,0,0,0	0
4	3256	CERTIFIED_DEFICIT	1498	1	1	0	0,0,0,0,0,0,0,0,0,0,0,0,0	0
4	3257	CERTIFIED_DEFICIT	1498	1	1	0	0,0,0,0,0,0,0,0,0,0,0,0,0	0
4	3258	CERTIFIED_DEFICIT	1498	1	1	0	0,0,0,0,0,0,0,0,0,0,0,0,0	0
4	3259	CERTIFIED_DEFICIT	1498	1	1	0	0,0,0,0,0,0,0,0,0,0,0,0,0	0
4	3260	CERTIFIED_DEFICIT	1252	1	1	0	0,0,0,0,0,0,0,0,0,0,0,0,0	0
4	3261	CERTIFIED_DEFICIT	1498	1	1	0	0,0,0,0,0,0,0,0,0,0,0,0,0	0
4	3262	CERTIFIED_DEFICIT	1498	1	1	0	0,0,0,0,0,0,0,0,0,0,0,0,0	0
4	3263	CERTIFIED_DEFICIT	1498	1	1	0	0,0,0,0,0,0,0,0,0,0,0,0,0	0
4	3264	CERTIFIED_DEFICIT	1498	1	1	0	0,0,0,0,0,0,0,0,0,0,0,0,0	0
4	3265	CERTIFIED_DEFICIT	1230	1	1	0	0,0,0,0,0,0,0,0,0,0,0,0,0	0
4	3266	CERTIFIED_DEFICIT	1498	1	1	0	0,0,0,0,0,0,0,0,0,0,0,0,0	0
4	3267	CERTIFIED_DEFICIT	1498	1	1	0	0,0,0,0,0,0,0,0,0,0,0,0,0	0
4	3268	CERTIFIED_DEFICIT	1498	1	1	0	0,0,0,0,0,0,0,0,0,0,0,0,0	0
4	3269	CERTIFIED_DEFICIT	1241	1	1	0	0,0,0,0,0,0,0,0,0,0,0,0,0	0
4	3270	CERTIFIED_DEFICIT	1498	1	1	0	0,0,0,0,0,0,0,0,0,0,0,0,0	0
4	3271	CERTIFIED_DEFICIT	1498	1	1	0	0,0,0,0,0,0,0,0,0,0,0,0,0	0
4	3272	CERTIFIED_DEFICIT	1303	1	1	0	0,0,0,0,0,0,0,0,0,0,0,0,0	0
4	3273	CERTIFIED_DEFICIT	1498	1	1	0	0,0,0,0,0,0,0,0,0,0,0,0,0	0
4	3274	CERTIFIED_DEFICIT	1498	1	1	0	0,0,0,0,0,0,0,0,0,0,0,0,0	0
4	3275	CERTIFIED_DEFICIT	1208	1	1	0	0,0,0,0,0,0,0,0,0,0,0,0,0	0
4	3276	CERTIFIED_DEFICIT	1400	1	1	0	0,0,0,0,0,0,0,0,0,0,0,0,0	0
4	3277	CERTIFIED_DEFICIT	1400	1	1	0	0,0,0,0,0,0,0,0,0,0,0,0,0	0
4	3278	CERTIFIED_DEFICIT	1400	1	1	0	0,0,0,0,0,0,0,0,0,0,0,0,0	0
4	3279	CERTIFIED_DEFICIT	1400	1	1	0	0,0,0,0,0,0,0,0,0,0,0,0,0	0
4	3280	CERTIFIED_DEFICIT	1400	1	1	0	0,0,0,0,0,0,0,0,0,0,0,0,0	0
4	3281	CERTIFIED_DEFICIT	1400	1	1	0	0,0,0,0,0,0,0,0,0,0,0,0,0	0
4	3282	CERTIFIED_DEFICIT	1400	1	1	0	0,0,0,0,0,0,0,0,0,0,0,0,0	0
4	3283	CERTIFIED_DEFICIT	1400	1	1	0	0,0,0,0,0,0,0,0,0,0,0,0,0	0
4	3284	CERTIFIED_DEFICIT	1400	1	1	0	0,0,0,0,0,0,0,0,0,0,0,0,0	0
4	3285	CERTIFIED_DEFICIT	1400	1	1	0	0,0,0,0,0,0,0,0,0,0,0,0,0	0
4	3286	CERTIFIED_DEFICIT	1400	1	1	0	0,0,0,0,0,0,0,0,0,0,0,0,0	0
4	3287	CERTIFIED_DEFICIT	1400	1	1	0	0,0,0,0,0,0,0,0,0,0,0,0,0	0
4	3288	CERTIFIED_DEFICIT	1400	1	1	0	0,0,0,0,0,0,0,0,0,0,0,0,0	0
4	3289	CERTIFIED_DEFICIT	1400	1	1	0	0,0,0,0,0,0,0,0,0,0,0,0,0	0
4	3290	CERTIFIED_DEFICIT	1400	1	1	0	0,0,0,0,0,0,0,0,0,0,0,0,0	0
4	3291	CERTIFIED_DEFICIT	1400	1	1	0	0,0,0,0,0,0,0,0,0,0,0,0,0	0
4	3292	CERTIFIED_DEFICIT	1400	1	1	0	0,0,0,0,0,0,0,0,0,0,0,0,0	0
4	3293	CERTIFIED_DEFICIT	1400	1	1	0	0,0,0,0,0,0,0,0,0,0,0,0,0	0
4	3294	CERTIFIED_DEFICIT	1400	1	1	0	0,0,0,0,0,0,0,0,0,0,0,0,0	0
4	3295	CERTIFIED_DEFICIT	1400	1	1	0	0,0,0,0,0,0,0,0,0,0,0,0,0	0
4	3296	CERTIFIED_DEFICIT	1400	1	1	0	0,0,0,0,0,0,0,0,0,0,0,0,0	0
4	3297	CERTIFIED_DEFICIT	1400	1	1	0	0,0,0,0,0,0,0,0,0,0,0,0,0	0
4	3298	CERTIFIED_DEFICIT	1400	1	1	0	0,0,0,0,0,0,0,0,0,0,0,0,0	0
4	3299	CERTIFIED_DEFICIT	1400	1	1	0	0,0,0,0,0,0,0,0,0,0,0,0,0	0
4	3300	CERTIFIED_DEFICIT	1400	1	1	0	0,0,0,0,0,0,0,0,0,0,0,0,0	0
4	3301	CERTIFIED_DEFICIT	1400	1	1	0	0,0,0,0,0,0,0,0,0,0,0,0,0	0
4	3302	CERTIFIED_DEFICIT	1400	1	1	0	0,0,0,0,0,0,0,0,0,0,0,0,0	0
4	3303	CERTIFIED_DEFICIT	1400	1	1	0	0,0,0,0,0,0,0,0,0,0,0,0,0	0
4	3304	CERTIFIED_DEFICIT	1400	1	1	0	0,0,0,0,0,0,0,0,0,0,0,0,0	0
4	3305	CERTIFIED_DEFICIT	1400	1	1	0	0,0,0,0,0,0,0,0,0,0,0,0,0	0
4	3306	CERTIFIED_DEFICIT	1400	1	1	0	0,0,0,0,0,0,0,0,0,0,0,0,0	0
4	3307	CERTIFIED_DEFICIT	1400	1	1	0	0,0,0,0,0,0,0,0,0,0,0,0,0	0
4	3308	CERTIFIED_DEFICIT	1400	1	1	0	0,0,0,0,0,0,0,0,0,0,0,0,0	0
4	3309	CERTIFIED_DEFICIT	1400	1	1	0	0,0,0,0,0,0,0,0,0,0,0,0,0	0
4	3310	CERTIFIED_DEFICIT	1400	1	1	0	0,0,0,0,0,0,0,0,0,0,0,0,0	0
4	3311	CERTIFIED_DEFICIT	1400	1	1	0	0,0,0,0,0,0,0,0,0,0,0,0,0	0
4	3312	CERTIFIED_DEFICIT	1400	1	1	0	0,0,0,0,0,0,0,0,0,0,0,0,0	0
4	3313	CERTIFIED_DEFICIT	1400	1	1	0	0,0,0,0,0,0,0,0,0,0,0,0,0	0
4	3314	CERTIFIED_DEFICIT	1400	1	1	0	0,0,0,0,0,0,0,0,0,0,0,0,0	0
4	3315	CERTIFIED_DEFICIT	1400	1	1	0	0,0,0,0,0,0,0,0,0,0,0,0,0	0
4	3316	CERTIFIED_DEFICIT	1400	1	1	0	0,0,0,0,0,0,0,0,0,0,0,0,0	0
4	3317	CERTIFIED_DEFICIT	1400	1	1	0	0,0,0,0,0,0,0,0,0,0,0,0,0	0
4	3318	CERTIFIED_DEFICIT	1400	1	1	0	0,0,0,0,0,0,0,0,0,0,0,0,0	0
4	3319	CERTIFIED_DEFICIT	1400	1	1	0	0,0,0,0,0,0,0,0,0,0,0,0,0	0
4	3320	CERTIFIED_DEFICIT	1400	1	1	0	0,0,0,0,0,0,0,0,0,0,0,0,0	0
4	3321	CERTIFIED_DEFICIT	1400	1	1	0	0,0,0,0,0,0,0,0,0,0,0,0,0	0
4	3322	CERTIFIED_DEFICIT	1400	1	1	0	0,0,0,0,0,0,0,0,0,0,0,0,0	0
4	3323	CERTIFIED_DEFICIT	1400	1	1	0	0,0,0,0,0,0,0,0,0,0,0,0,0	0
4	3324	CERTIFIED_DEFICIT	1400	1	1	0	0,0,0,0,0,0,0,0,0,0,0,0,0	0
4	3325	CERTIFIED_DEFICIT	1400	1	1	0	0,0,0,0,0,0,0,0,0,0,0,0,0	0
4	3326	CERTIFIED_DEFICIT	1400	1	1	0	0,0,0,0,0,0,0,0,0,0,0,0,0	0
4	3327	CERTIFIED_DEFICIT	1400	1	1	0	0,0,0,0,0,0,0,0,0,0,0,0,0	0
4	3328	CERTIFIED_DEFICIT	1400	1	1	0	0,0,0,0,0,0,0,0,0,0,0,0,0	0
4	3329	CERTIFIED_DEFICIT	1400	1	1	0	0,0,0,0,0,0,0,0,0,0,0,0,0	0
4	3330	CERTIFIED_DEFICIT	1400	1	1	0	0,0,0,0,0,0,0,0,0,0,0,0,0	0
4	3331	CERTIFIED_DEFICIT	1400	1	1	0	0,0,0,0,0,0,0,0,0,0,0,0,0	0
4	3332	CERTIFIED_DEFICIT	1219	1	1	0	0,0,0,0,0,0,0,0,0,0,0,0,0	0
4	3333	CERTIFIED_DEFICIT	1400	1	1	0	0,0,0,0,0,0,0,0,0,0,0,0,0	0
4	3334	CERTIFIED_DEFICIT	1400	1	1	0	0,0,0,0,0,0,0,0,0,0,0,0,0	0
4	3335	CERTIFIED_DEFICIT	1400	1	1	0	0,0,0,0,0,0,0,0,0,0,0,0,0	0
4	3336	CERTIFIED_DEFICIT	1400	1	1	0	0,0,0,0,0,0,0,0,0,0,0,0,0	0
4	3337	CERTIFIED_DEFICIT	1400	1	1	0	0,0,0,0,0,0,0,0,0,0,0,0,0	0
4	3338	CERTIFIED_DEFICIT	1259	1	1	0	0,0,0,0,0,0,0,0,0,0,0,0,0	0
4	3339	CERTIFIED_DEFICIT	1400	1	1	0	0,0,0,0,0,0,0,0,0,0,0,0,0	0
4	3340	CERTIFIED_DEFICIT	1400	1	1	0	0,0,0,0,0,0,0,0,0,0,0,0,0	0
4	3341	CERTIFIED_DEFICIT	1400	1	1	0	0,0,0,0,0,0,0,0,0,0,0,0,0	0
4	3342	CERTIFIED_DEFICIT	1400	1	1	0	0,0,0,0,0,0,0,0,0,0,0,0,0	0
4	3343	CERTIFIED_DEFICIT	1400	1	1	0	0,0,0,0,0,0,0,0,0,0,0,0,0	0
4	3344	CERTIFIED_DEFICIT	1400	1	1	0	0,0,0,0,0,0,0,0,0,0,0,0,0	0
4	3345	CERTIFIED_DEFICIT	1400	1	1	0	0,0,0,0,0,0,0,0,0,0,0,0,0	0
4	3346	CERTIFIED_DEFICIT	1400	1	1	0	0,0,0,0,0,0,0,0,0,0,0,0,0	0
4	3347	CERTIFIED_DEFICIT	1241	1	1	0	0,0,0,0,0,0,0,0,0,0,0,0,0	0
4	3348	CERTIFIED_DEFICIT	1400	1	1	0	0,0,0,0,0,0,0,0,0,0,0,0,0	0
4	3349	CERTIFIED_DEFICIT	1400	1	1	0	0,0,0,0,0,0,0,0,0,0,0,0,0	0
4	3350	CERTIFIED_DEFICIT	1303	1	1	0	0,0,0,0,0,0,0,0,0,0,0,0,0	0
4	3351	CERTIFIED_DEFICIT	1400	1	1	0	0,0,0,0,0,0,0,0,0,0,0,0,0	0
4	3352	CERTIFIED_DEFICIT	1400	1	1	0	0,0,0,0,0,0,0,0,0,0,0,0,0	0
4	3353	CERTIFIED_DEFICIT	1400	1	1	0	0,0,0,0,0,0,0,0,0,0,0,0,0	0
4	3354	CERTIFIED_DEFICIT	1862	1	1	0	0,0,0,0,0,0,0,0,0,0,0,0,0	0
4	3355	CERTIFIED_DEFICIT	1862	1	1	0	0,0,0,0,0,0,0,0,0,0,0,0,0	0
4	3356	CERTIFIED_DEFICIT	1862	1	1	0	0,0,0,0,0,0,0,0,0,0,0,0,0	0
4	3357	CERTIFIED_DEFICIT	1862	1	1	0	0,0,0,0,0,0,0,0,0,0,0,0,0	0
4	3358	CERTIFIED_DEFICIT	1862	1	1	0	0,0,0,0,0,0,0,0,0,0,0,0,0	0
4	3359	CERTIFIED_DEFICIT	1862	1	1	0	0,0,0,0,0,0,0,0,0,0,0,0,0	0
4	3360	CERTIFIED_DEFICIT	1862	1	1	0	0,0,0,0,0,0,0,0,0,0,0,0,0	0
4	3361	CERTIFIED_DEFICIT	1862	1	1	0	0,0,0,0,0,0,0,0,0,0,0,0,0	0
4	3362	CERTIFIED_DEFICIT	1862	1	1	0	0,0,0,0,0,0,0,0,0,0,0,0,0	0
4	3363	CERTIFIED_DEFICIT	1862	1	1	0	0,0,0,0,0,0,0,0,0,0,0,0,0	0
4	3364	CERTIFIED_DEFICIT	1862	1	1	0	0,0,0,0,0,0,0,0,0,0,0,0,0	0
4	3365	CERTIFIED_DEFICIT	1862	1	1	0	0,0,0,0,0,0,0,0,0,0,0,0,0	0
4	3366	CERTIFIED_DEFICIT	1862	1	1	0	0,0,0,0,0,0,0,0,0,0,0,0,0	0
4	3367	CERTIFIED_DEFICIT	1862	1	1	0	0,0,0,0,0,0,0,0,0,0,0,0,0	0
4	3368	CERTIFIED_DEFICIT	1862	1	1	0	0,0,0,0,0,0,0,0,0,0,0,0,0	0
4	3369	CERTIFIED_DEFICIT	1862	1	1	0	0,0,0,0,0,0,0,0,0,0,0,0,0	0
4	3370	CERTIFIED_DEFICIT	1862	1	1	0	0,0,0,0,0,0,0,0,0,0,0,0,0	0
4	3371	CERTIFIED_DEFICIT	1862	1	1	0	0,0,0,0,0,0,0,0,0,0,0,0,0	0
4	3372	CERTIFIED_DEFICIT	1862	1	1	0	0,0,0,0,0,0,0,0,0,0,0,0,0	0
4	3373	CERTIFIED_DEFICIT	1862	1	1	0	0,0,0,0,0,0,0,0,0,0,0,0,0	0
4	3374	CERTIFIED_DEFICIT	1862	1	1	0	0,0,0,0,0,0,0,0,0,0,0,0,0	0
4	3375	CERTIFIED_DEFICIT	1862	1	1	0	0,0,0,0,0,0,0,0,0,0,0,0,0	0
4	3376	CERTIFIED_DEFICIT	1862	1	1	0	0,0,0,0,0,0,0,0,0,0,0,0,0	0
4	3377	CERTIFIED_DEFICIT	1862	1	1	0	0,0,0,0,0,0,0,0,0,0,0,0,0	0
4	3378	CERTIFIED_DEFICIT	1862	1	1	0	0,0,0,0,0,0,0,0,0,0,0,0,0	0
4	3379	CERTIFIED_DEFICIT	1862	1	1	0	0,0,0,0,0,0,0,0,0,0,0,0,0	0
4	3380	CERTIFIED_DEFICIT	1862	1	1	0	0,0,0,0,0,0,0,0,0,0,0,0,0	0
4	3381	CERTIFIED_DEFICIT	1862	1	1	0	0,0,0,0,0,0,0,0,0,0,0,0,0	0
4	3382	CERTIFIED_DEFICIT	1862	1	1	0	0,0,0,0,0,0,0,0,0,0,0,0,0	0
4	3383	CERTIFIED_DEFICIT	1862	1	1	0	0,0,0,0,0,0,0,0,0,0,0,0,0	0
4	3384	CERTIFIED_DEFICIT	1862	1	1	0	0,0,0,0,0,0,0,0,0,0,0,0,0	0
4	3385	CERTIFIED_DEFICIT	1862	1	1	0	0,0,0,0,0,0,0,0,0,0,0,0,0	0
4	3386	CERTIFIED_DEFICIT	1862	1	1	0	0,0,0,0,0,0,0,0,0,0,0,0,0	0
4	3387	CERTIFIED_DEFICIT	1862	1	1	0	0,0,0,0,0,0,0,0,0,0,0,0,0	0
4	3388	CERTIFIED_DEFICIT	1862	1	1	0	0,0,0,0,0,0,0,0,0,0,0,0,0	0
4	3389	CERTIFIED_DEFICIT	1862	1	1	0	0,0,0,0,0,0,0,0,0,0,0,0,0	0
4	3390	CERTIFIED_DEFICIT	1862	1	1	0	0,0,0,0,0,0,0,0,0,0,0,0,0	0
4	3391	CERTIFIED_DEFICIT	1862	1	1	0	0,0,0,0,0,0,0,0,0,0,0,0,0	0
4	3392	CERTIFIED_DEFICIT	1862	1	1	0	0,0,0,0,0,0,0,0,0,0,0,0,0	0
4	3393	CERTIFIED_DEFICIT	1862	1	1	0	0,0,0,0,0,0,0,0,0,0,0,0,0	0
4	3394	CERTIFIED_DEFICIT	1862	1	1	0	0,0,0,0,0,0,0,0,0,0,0,0,0	0
4	3395	CERTIFIED_DEFICIT	1862	1	1	0	0,0,0,0,0,0,0,0,0,0,0,0,0	0
4	3396	CERTIFIED_DEFICIT	1862	1	1	0	0,0,0,0,0,0,0,0,0,0,0,0,0	0
4	3397	CERTIFIED_DEFICIT	1862	1	1	0	0,0,0,0,0,0,0,0,0,0,0,0,0	0
4	3398	CERTIFIED_DEFICIT	1862	1	1	0	0,0,0,0,0,0,0,0,0,0,0,0,0	0
4	3399	CERTIFIED_DEFICIT	1862	1	1	0	0,0,0,0,0,0,0,0,0,0,0,0,0	0
4	3400	CERTIFIED_DEFICIT	1862	1	1	0	0,0,0,0,0,0,0,0,0,0,0,0,0	0
4	3401	CERTIFIED_DEFICIT	1862	1	1	0	0,0,0,0,0,0,0,0,0,0,0,0,0	0
4	3402	CERTIFIED_DEFICIT	1862	1	1	0	0,0,0,0,0,0,0,0,0,0,0,0,0	0
4	3403	CERTIFIED_DEFICIT	1862	1	1	0	0,0,0,0,0,0,0,0,0,0,0,0,0	0
4	3404	CERTIFIED_DEFICIT	1862	1	1	0	0,0,0,0,0,0,0,0,0,0,0,0,0	0
4	3405	CERTIFIED_DEFICIT	1862	1	1	0	0,0,0,0,0,0,0,0,0,0,0,0,0	0
4	3406	CERTIFIED_DEFICIT	1862	1	1	0	0,0,0,0,0,0,0,0,0,0,0,0,0	0
4	3407	CERTIFIED_DEFICIT	1862	1	1	0	0,0,0,0,0,0,0,0,0,0,0,0,0	0
4	3408	CERTIFIED_DEFICIT	1862	1	1	0	0,0,0,0,0,0,0,0,0,0,0,0,0	0
4	3409	CERTIFIED_DEFICIT	1862	1	1	0	0,0,0,0,0,0,0,0,0,0,0,0,0	0
4	3410	CERTIFIED_DEFICIT	1219	1	1	0	0,0,0,0,0,0,0,0,0,0,0,0,0	0
4	3411	CERTIFIED_DEFICIT	1862	1	1	0	0,0,0,0,0,0,0,0,0,0,0,0,0	0
4	3412	CERTIFIED_DEFICIT	1862	1	1	0	0,0,0,0,0,0,0,0,0,0,0,0,0	0
4	3413	CERTIFIED_DEFICIT	1862	1	1	0	0,0,0,0,0,0,0,0,0,0,0,0,0	0
4	3414	CERTIFIED_DEFICIT	1862	1	1	0	0,0,0,0,0,0,0,0,0,0,0,0,0	0
4	3415	CERTIFIED_DEFICIT	1862	1	1	0	0,0,0,0,0,0,0,0,0,0,0,0,0	0
4	3416	CERTIFIED_DEFICIT	1259	1	1	0	0,0,0,0,0,0,0,0,0,0,0,0,0	0
4	3417	CERTIFIED_DEFICIT	1862	1	1	0	0,0,0,0,0,0,0,0,0,0,0,0,0	0
4	3418	CERTIFIED_DEFICIT	1862	1	1	0	0,0,0,0,0,0,0,0,0,0,0,0,0	0
4	3419	CERTIFIED_DEFICIT	1862	1	1	0	0,0,0,0,0,0,0,0,0,0,0,0,0	0
4	3420	CERTIFIED_DEFICIT	1862	1	1	0	0,0,0,0,0,0,0,0,0,0,0,0,0	0
4	3421	CERTIFIED_DEFICIT	1862	1	1	0	0,0,0,0,0,0,0,0,0,0,0,0,0	0
4	3422	CERTIFIED_DEFICIT	1862	1	1	0	0,0,0,0,0,0,0,0,0,0,0,0,0	0
4	3423	CERTIFIED_DEFICIT	1862	1	1	0	0,0,0,0,0,0,0,0,0,0,0,0,0	0
4	3424	CERTIFIED_DEFICIT	1862	1	1	0	0,0,0,0,0,0,0,0,0,0,0,0,0	0
4	3425	CERTIFIED_DEFICIT	1241	1	1	0	0,0,0,0,0,0,0,0,0,0,0,0,0	0
4	3426	CERTIFIED_DEFICIT	1862	1	1	0	0,0,0,0,0,0,0,0,0,0,0,0,0	0
4	3427	CERTIFIED_DEFICIT	1862	1	1	0	0,0,0,0,0,0,0,0,0,0,0,0,0	0
4	3428	CERTIFIED_DEFICIT	1303	1	1	0	0,0,0,0,0,0,0,0,0,0,0,0,0	0
4	3429	CERTIFIED_DEFICIT	1862	1	1	0	0,0,0,0,0,0,0,0,0,0,0,0,0	0
4	3430	CERTIFIED_DEFICIT	1862	1	1	0	0,0,0,0,0,0,0,0,0,0,0,0,0	0
4	3431	CERTIFIED_DEFICIT	1862	1	1	0	0,0,0,0,0,0,0,0,0,0,0,0,0	0
4	3432	CERTIFIED_DEFICIT	1862	1	1	0	0,0,0,0,0,0,0,0,0,0,0,0,0	0
4	3433	CERTIFIED_DEFICIT	1862	1	1	0	0,0,0,0,0,0,0,0,0,0,0,0,0	0
4	3434	CERTIFIED_DEFICIT	1862	1	1	0	0,0,0,0,0,0,0,0,0,0,0,0,0	0
4	3435	CERTIFIED_DEFICIT	1862	1	1	0	0,0,0,0,0,0,0,0,0,0,0,0,0	0
4	3436	CERTIFIED_DEFICIT	1862	1	1	0	0,0,0,0,0,0,0,0,0,0,0,0,0	0
4	3437	CERTIFIED_DEFICIT	1862	1	1	0	0,0,0,0,0,0,0,0,0,0,0,0,0	0
4	3438	CERTIFIED_DEFICIT	1862	1	1	0	0,0,0,0,0,0,0,0,0,0,0,0,0	0
4	3439	CERTIFIED_DEFICIT	1862	1	1	0	0,0,0,0,0,0,0,0,0,0,0,0,0	0
4	3440	CERTIFIED_DEFICIT	1862	1	1	0	0,0,0,0,0,0,0,0,0,0,0,0,0	0
4	3441	CERTIFIED_DEFICIT	1862	1	1	0	0,0,0,0,0,0,0,0,0,0,0,0,0	0
4	3442	CERTIFIED_DEFICIT	1862	1	1	0	0,0,0,0,0,0,0,0,0,0,0,0,0	0
4	3443	CERTIFIED_DEFICIT	1862	1	1	0	0,0,0,0,0,0,0,0,0,0,0,0,0	0
4	3444	CERTIFIED_DEFICIT	1862	1	1	0	0,0,0,0,0,0,0,0,0,0,0,0,0	0
4	3445	CERTIFIED_DEFICIT	1862	1	1	0	0,0,0,0,0,0,0,0,0,0,0,0,0	0
4	3446	CERTIFIED_DEFICIT	1862	1	1	0	0,0,0,0,0,0,0,0,0,0,0,0,0	0
4	3447	CERTIFIED_DEFICIT	1862	1	1	0	0,0,0,0,0,0,0,0,0,0,0,0,0	0
4	3448	CERTIFIED_DEFICIT	1862	1	1	0	0,0,0,0,0,0,0,0,0,0,0,0,0	0
4	3449	CERTIFIED_DEFICIT	1862	1	1	0	0,0,0,0,0,0,0,0,0,0,0,0,0	0
4	3450	CERTIFIED_DEFICIT	1862	1	1	0	0,0,0,0,0,0,0,0,0,0,0,0,0	0
4	3451	CERTIFIED_DEFICIT	1862	1	1	0	0,0,0,0,0,0,0,0,0,0,0,0,0	0
4	3452	CERTIFIED_DEFICIT	1862	1	1	0	0,0,0,0,0,0,0,0,0,0,0,0,0	0
4	3453	CERTIFIED_DEFICIT	1862	1	1	0	0,0,0,0,0,0,0,0,0,0,0,0,0	0
4	3454	CERTIFIED_DEFICIT	1862	1	1	0	0,0,0,0,0,0,0,0,0,0,0,0,0	0
4	3455	CERTIFIED_DEFICIT	1862	1	1	0	0,0,0,0,0,0,0,0,0,0,0,0,0	0
4	3456	CERTIFIED_DEFICIT	1862	1	1	0	0,0,0,0,0,0,0,0,0,0,0,0,0	0
4	3457	CERTIFIED_DEFICIT	1862	1	1	0	0,0,0,0,0,0,0,0,0,0,0,0,0	0
4	3458	CERTIFIED_DEFICIT	1862	1	1	0	0,0,0,0,0,0,0,0,0,0,0,0,0	0
4	3459	CERTIFIED_DEFICIT	1862	1	1	0	0,0,0,0,0,0,0,0,0,0,0,0,0	0
4	3460	CERTIFIED_DEFICIT	1862	1	1	0	0,0,0,0,0,0,0,0,0,0,0,0,0	0
4	3461	CERTIFIED_DEFICIT	1862	1	1	0	0,0,0,0,0,0,0,0,0,0,0,0,0	0
4	3462	CERTIFIED_DEFICIT	1862	1	1	0	0,0,0,0,0,0,0,0,0,0,0,0,0	0
4	3463	CERTIFIED_DEFICIT	1862	1	1	0	0,0,0,0,0,0,0,0,0,0,0,0,0	0
4	3464	CERTIFIED_DEFICIT	1862	1	1	0	0,0,0,0,0,0,0,0,0,0,0,0,0	0
4	3465	CERTIFIED_DEFICIT	1862	1	1	0	0,0,0,0,0,0,0,0,0,0,0,0,0	0
4	3466	CERTIFIED_DEFICIT	1862	1	1	0	0,0,0,0,0,0,0,0,0,0,0,0,0	0
4	3467	CERTIFIED_DEFICIT	1862	1	1	0	0,0,0,0,0,0,0,0,0,0,0,0,0	0
4	3468	CERTIFIED_DEFICIT	1862	1	1	0	0,0,0,0,0,0,0,0,0,0,0,0,0	0
4	3469	CERTIFIED_DEFICIT	1862	1	1	0	0,0,0,0,0,0,0,0,0,0,0,0,0	0
4	3470	CERTIFIED_DEFICIT	1862	1	1	0	0,0,0,0,0,0,0,0,0,0,0,0,0	0
4	3471	CERTIFIED_DEFICIT	1862	1	1	0	0,0,0,0,0,0,0,0,0,0,0,0,0	0
4	3472	CERTIFIED_DEFICIT	1862	1	1	0	0,0,0,0,0,0,0,0,0,0,0,0,0	0
4	3473	CERTIFIED_DEFICIT	1862	1	1	0	0,0,0,0,0,0,0,0,0,0,0,0,0	0
4	3474	CERTIFIED_DEFICIT	1862	1	1	0	0,0,0,0,0,0,0,0,0,0,0,0,0	0
4	3475	CERTIFIED_DEFICIT	1862	1	1	0	0,0,0,0,0,0,0,0,0,0,0,0,0	0
4	3476	CERTIFIED_DEFICIT	1862	1	1	0	0,0,0,0,0,0,0,0,0,0,0,0,0	0
4	3477	CERTIFIED_DEFICIT	1862	1	1	0	0,0,0,0,0,0,0,0,0,0,0,0,0	0
4	3478	CERTIFIED_DEFICIT	1862	1	1	0	0,0,0,0,0,0,0,0,0,0,0,0,0	0
4	3479	CERTIFIED_DEFICIT	1862	1	1	0	0,0,0,0,0,0,0,0,0,0,0,0,0	0
4	3480	CERTIFIED_DEFICIT	1862	1	1	0	0,0,0,0,0,0,0,0,0,0,0,0,0	0
4	3481	CERTIFIED_DEFICIT	1862	1	1	0	0,0,0,0,0,0,0,0,0,0,0,0,0	0
4	3482	CERTIFIED_DEFICIT	1862	1	1	0	0,0,0,0,0,0,0,0,0,0,0,0,0	0
4	3483	CERTIFIED_DEFICIT	1862	1	1	0	0,0,0,0,0,0,0,0,0,0,0,0,0	0
4	3484	CERTIFIED_DEFICIT	1862	1	1	0	0,0,0,0,0,0,0,0,0,0,0,0,0	0
4	3485	CERTIFIED_DEFICIT	1862	1	1	0	0,0,0,0,0,0,0,0,0,0,0,0,0	0
4	3486	CERTIFIED_DEFICIT	1862	1	1	0	0,0,0,0,0,0,0,0,0,0,0,0,0	0
4	3487	CERTIFIED_DEFICIT	1862	1	1	0	0,0,0,0,0,0,0,0,0,0,0,0,0	0
4	3488	CERTIFIED_DEFICIT	1219	1	1	0	0,0,0,0,0,0,0,0,0,0,0,0,0	0
4	3489	CERTIFIED_DEFICIT	1862	1	1	0	0,0,0,0,0,0,0,0,0,0,0,0,0	0
4	3490	CERTIFIED_DEFICIT	1862	1	1	0	0,0,0,0,0,0,0,0,0,0,0,0,0	0
4	3491	CERTIFIED_DEFICIT	1862	1	1	0	0,0,0,0,0,0,0,0,0,0,0,0,0	0
4	3492	CERTIFIED_DEFICIT	1862	1	1	0	0,0,0,0,0,0,0,0,0,0,0,0,0	0
4	3493	CERTIFIED_DEFICIT	1862	1	1	0	0,0,0,0,0,0,0,0,0,0,0,0,0	0
4	3494	CERTIFIED_DEFICIT	1259	1	1	0	0,0,0,0,0,0,0,0,0,0,0,0,0	0
4	3495	CERTIFIED_DEFICIT	1862	1	1	0	0,0,0,0,0,0,0,0,0,0,0,0,0	0
4	3496	CERTIFIED_DEFICIT	1862	1	1	0	0,0,0,0,0,0,0,0,0,0,0,0,0	0
4	3497	CERTIFIED_DEFICIT	1862	1	1	0	0,0,0,0,0,0,0,0,0,0,0,0,0	0
4	3498	CERTIFIED_DEFICIT	1862	1	1	0	0,0,0,0,0,0,0,0,0,0,0,0,0	0
4	3499	CERTIFIED_DEFICIT	1862	1	1	0	0,0,0,0,0,0,0,0,0,0,0,0,0	0
4	3500	CERTIFIED_DEFICIT	1862	1	1	0	0,0,0,0,0,0,0,0,0,0,0,0,0	0
4	3501	CERTIFIED_DEFICIT	1862	1	1	0	0,0,0,0,0,0,0,0,0,0,0,0,0	0
4	3502	CERTIFIED_DEFICIT	1862	1	1	0	0,0,0,0,0,0,0,0,0,0,0,0,0	0
4	3503	CERTIFIED_DEFICIT	1241	1	1	0	0,0,0,0,0,0,0,0,0,0,0,0,0	0
4	3504	CERTIFIED_DEFICIT	1862	1	1	0	0,0,0,0,0,0,0,0,0,0,0,0,0	0
4	3505	CERTIFIED_DEFICIT	1862	1	1	0	0,0,0,0,0,0,0,0,0,0,0,0,0	0
4	3506	CERTIFIED_DEFICIT	1303	1	1	0	0,0,0,0,0,0,0,0,0,0,0,0,0	0
4	3507	CERTIFIED_DEFICIT	1862	1	1	0	0,0,0,0,0,0,0,0,0,0,0,0,0	0
4	3508	CERTIFIED_DEFICIT	1862	1	1	0	0,0,0,0,0,0,0,0,0,0,0,0,0	0
4	3509	CERTIFIED_DEFICIT	1862	1	1	0	0,0,0,0,0,0,0,0,0,0,0,0,0	0
4	3510	CERTIFIED_DEFICIT	1484	1	1	0	0,0,0,0,0,0,0,0,0,0,0,0,0	0
4	3511	CERTIFIED_DEFICIT	1484	1	1	0	0,0,0,0,0,0,0,0,0,0,0,0,0	0
4	3512	CERTIFIED_DEFICIT	1484	1	1	0	0,0,0,0,0,0,0,0,0,0,0,0,0	0
4	3513	CERTIFIED_DEFICIT	1484	1	1	0	0,0,0,0,0,0,0,0,0,0,0,0,0	0
4	3514	CERTIFIED_DEFICIT	1484	1	1	0	0,0,0,0,0,0,0,0,0,0,0,0,0	0
4	3515	CERTIFIED_DEFICIT	1484	1	1	0	0,0,0,0,0,0,0,0,0,0,0,0,0	0
4	3516	CERTIFIED_DEFICIT	1484	1	1	0	0,0,0,0,0,0,0,0,0,0,0,0,0	0
4	3517	CERTIFIED_DEFICIT	1484	1	1	0	0,0,0,0,0,0,0,0,0,0,0,0,0	0
4	3518	CERTIFIED_DEFICIT	1484	1	1	0	0,0,0,0,0,0,0,0,0,0,0,0,0	0
4	3519	CERTIFIED_DEFICIT	1484	1	1	0	0,0,0,0,0,0,0,0,0,0,0,0,0	0
4	3520	CERTIFIED_DEFICIT	1484	1	1	0	0,0,0,0,0,0,0,0,0,0,0,0,0	0
4	3521	CERTIFIED_DEFICIT	1484	1	1	0	0,0,0,0,0,0,0,0,0,0,0,0,0	0
4	3522	CERTIFIED_DEFICIT	1484	1	1	0	0,0,0,0,0,0,0,0,0,0,0,0,0	0
4	3523	CERTIFIED_DEFICIT	1484	1	1	0	0,0,0,0,0,0,0,0,0,0,0,0,0	0
4	3524	CERTIFIED_DEFICIT	1484	1	1	0	0,0,0,0,0,0,0,0,0,0,0,0,0	0
4	3525	CERTIFIED_DEFICIT	1484	1	1	0	0,0,0,0,0,0,0,0,0,0,0,0,0	0
4	3526	CERTIFIED_DEFICIT	1484	1	1	0	0,0,0,0,0,0,0,0,0,0,0,0,0	0
4	3527	CERTIFIED_DEFICIT	1484	1	1	0	0,0,0,0,0,0,0,0,0,0,0,0,0	0
4	3528	CERTIFIED_DEFICIT	1484	1	1	0	0,0,0,0,0,0,0,0,0,0,0,0,0	0
4	3529	CERTIFIED_DEFICIT	1484	1	1	0	0,0,0,0,0,0,0,0,0,0,0,0,0	0
4	3530	CERTIFIED_DEFICIT	1484	1	1	0	0,0,0,0,0,0,0,0,0,0,0,0,0	0
4	3531	CERTIFIED_DEFICIT	1484	1	1	0	0,0,0,0,0,0,0,0,0,0,0,0,0	0
4	3532	CERTIFIED_DEFICIT	1484	1	1	0	0,0,0,0,0,0,0,0,0,0,0,0,0	0
4	3533	CERTIFIED_DEFICIT	1484	1	1	0	0,0,0,0,0,0,0,0,0,0,0,0,0	0
4	3534	CERTIFIED_DEFICIT	1484	1	1	0	0,0,0,0,0,0,0,0,0,0,0,0,0	0
4	3535	CERTIFIED_DEFICIT	1484	1	1	0	0,0,0,0,0,0,0,0,0,0,0,0,0	0
4	3536	CERTIFIED_DEFICIT	1484	1	1	0	0,0,0,0,0,0,0,0,0,0,0,0,0	0
4	3537	CERTIFIED_DEFICIT	1484	1	1	0	0,0,0,0,0,0,0,0,0,0,0,0,0	0
4	3538	CERTIFIED_DEFICIT	1484	1	1	0	0,0,0,0,0,0,0,0,0,0,0,0,0	0
4	3539	CERTIFIED_DEFICIT	1484	1	1	0	0,0,0,0,0,0,0,0,0,0,0,0,0	0
4	3540	CERTIFIED_DEFICIT	1484	1	1	0	0,0,0,0,0,0,0,0,0,0,0,0,0	0
4	3541	CERTIFIED_DEFICIT	1484	1	1	0	0,0,0,0,0,0,0,0,0,0,0,0,0	0
4	3542	CERTIFIED_DEFICIT	1484	1	1	0	0,0,0,0,0,0,0,0,0,0,0,0,0	0
4	3543	CERTIFIED_DEFICIT	1484	1	1	0	0,0,0,0,0,0,0,0,0,0,0,0,0	0
4	3544	CERTIFIED_DEFICIT	1484	1	1	0	0,0,0,0,0,0,0,0,0,0,0,0,0	0
4	3545	CERTIFIED_DEFICIT	1484	1	1	0	0,0,0,0,0,0,0,0,0,0,0,0,0	0
4	3546	CERTIFIED_DEFICIT	1484	1	1	0	0,0,0,0,0,0,0,0,0,0,0,0,0	0
4	3547	CERTIFIED_DEFICIT	1484	1	1	0	0,0,0,0,0,0,0,0,0,0,0,0,0	0
4	3548	CERTIFIED_DEFICIT	1484	1	1	0	0,0,0,0,0,0,0,0,0,0,0,0,0	0
4	3549	CERTIFIED_DEFICIT	1484	1	1	0	0,0,0,0,0,0,0,0,0,0,0,0,0	0
4	3550	CERTIFIED_DEFICIT	1484	1	1	0	0,0,0,0,0,0,0,0,0,0,0,0,0	0
4	3551	CERTIFIED_DEFICIT	1484	1	1	0	0,0,0,0,0,0,0,0,0,0,0,0,0	0
4	3552	CERTIFIED_DEFICIT	1484	1	1	0	0,0,0,0,0,0,0,0,0,0,0,0,0	0
4	3553	CERTIFIED_DEFICIT	1484	1	1	0	0,0,0,0,0,0,0,0,0,0,0,0,0	0
4	3554	CERTIFIED_DEFICIT	1484	1	1	0	0,0,0,0,0,0,0,0,0,0,0,0,0	0
4	3555	CERTIFIED_DEFICIT	1484	1	1	0	0,0,0,0,0,0,0,0,0,0,0,0,0	0
4	3556	CERTIFIED_DEFICIT	1484	1	1	0	0,0,0,0,0,0,0,0,0,0,0,0,0	0
4	3557	CERTIFIED_DEFICIT	1484	1	1	0	0,0,0,0,0,0,0,0,0,0,0,0,0	0
4	3558	CERTIFIED_DEFICIT	1484	1	1	0	0,0,0,0,0,0,0,0,0,0,0,0,0	0
4	3559	CERTIFIED_DEFICIT	1484	1	1	0	0,0,0,0,0,0,0,0,0,0,0,0,0	0
4	3560	CERTIFIED_DEFICIT	1484	1	1	0	0,0,0,0,0,0,0,0,0,0,0,0,0	0
4	3561	CERTIFIED_DEFICIT	1484	1	1	0	0,0,0,0,0,0,0,0,0,0,0,0,0	0
4	3562	CERTIFIED_DEFICIT	1484	1	1	0	0,0,0,0,0,0,0,0,0,0,0,0,0	0
4	3563	CERTIFIED_DEFICIT	1484	1	1	0	0,0,0,0,0,0,0,0,0,0,0,0,0	0
4	3564	CERTIFIED_DEFICIT	1484	1	1	0	0,0,0,0,0,0,0,0,0,0,0,0,0	0
4	3565	CERTIFIED_DEFICIT	1484	1	1	0	0,0,0,0,0,0,0,0,0,0,0,0,0	0
4	3566	CERTIFIED_DEFICIT	1219	1	1	0	0,0,0,0,0,0,0,0,0,0,0,0,0	0
4	3567	CERTIFIED_DEFICIT	1484	1	1	0	0,0,0,0,0,0,0,0,0,0,0,0,0	0
4	3568	CERTIFIED_DEFICIT	1484	1	1	0	0,0,0,0,0,0,0,0,0,0,0,0,0	0
4	3569	CERTIFIED_DEFICIT	1484	1	1	0	0,0,0,0,0,0,0,0,0,0,0,0,0	0
4	3570	CERTIFIED_DEFICIT	1484	1	1	0	0,0,0,0,0,0,0,0,0,0,0,0,0	0
4	3571	CERTIFIED_DEFICIT	1484	1	1	0	0,0,0,0,0,0,0,0,0,0,0,0,0	0
4	3572	CERTIFIED_DEFICIT	1259	1	1	0	0,0,0,0,0,0,0,0,0,0,0,0,0	0
4	3573	CERTIFIED_DEFICIT	1484	1	1	0	0,0,0,0,0,0,0,0,0,0,0,0,0	0
4	3574	CERTIFIED_DEFICIT	1484	1	1	0	0,0,0,0,0,0,0,0,0,0,0,0,0	0
4	3575	CERTIFIED_DEFICIT	1484	1	1	0	0,0,0,0,0,0,0,0,0,0,0,0,0	0
4	3576	CERTIFIED_DEFICIT	1484	1	1	0	0,0,0,0,0,0,0,0,0,0,0,0,0	0
4	3577	CERTIFIED_DEFICIT	1484	1	1	0	0,0,0,0,0,0,0,0,0,0,0,0,0	0
4	3578	CERTIFIED_DEFICIT	1484	1	1	0	0,0,0,0,0,0,0,0,0,0,0,0,0	0
4	3579	CERTIFIED_DEFICIT	1484	1	1	0	0,0,0,0,0,0,0,0,0,0,0,0,0	0
4	3580	CERTIFIED_DEFICIT	1484	1	1	0	0,0,0,0,0,0,0,0,0,0,0,0,0	0
4	3581	CERTIFIED_DEFICIT	1241	1	1	0	0,0,0,0,0,0,0,0,0,0,0,0,0	0
4	3582	CERTIFIED_DEFICIT	1484	1	1	0	0,0,0,0,0,0,0,0,0,0,0,0,0	0
4	3583	CERTIFIED_DEFICIT	1484	1	1	0	0,0,0,0,0,0,0,0,0,0,0,0,0	0
4	3584	CERTIFIED_DEFICIT	1303	1	1	0	0,0,0,0,0,0,0,0,0,0,0,0,0	0
4	3585	CERTIFIED_DEFICIT	1484	1	1	0	0,0,0,0,0,0,0,0,0,0,0,0,0	0
4	3586	CERTIFIED_DEFICIT	1484	1	1	0	0,0,0,0,0,0,0,0,0,0,0,0,0	0
4	3587	CERTIFIED_DEFICIT	1484	1	1	0	0,0,0,0,0,0,0,0,0,0,0,0,0	0
4	3588	CERTIFIED_DEFICIT	1848	1	1	0	0,0,0,0,0,0,0,0,0,0,0,0,0	0
4	3589	CERTIFIED_DEFICIT	1848	1	1	0	0,0,0,0,0,0,0,0,0,0,0,0,0	0
4	3590	CERTIFIED_DEFICIT	1848	1	1	0	0,0,0,0,0,0,0,0,0,0,0,0,0	0
4	3591	CERTIFIED_DEFICIT	1848	1	1	0	0,0,0,0,0,0,0,0,0,0,0,0,0	0
4	3592	CERTIFIED_DEFICIT	1848	1	1	0	0,0,0,0,0,0,0,0,0,0,0,0,0	0
4	3593	CERTIFIED_DEFICIT	1848	1	1	0	0,0,0,0,0,0,0,0,0,0,0,0,0	0
4	3594	CERTIFIED_DEFICIT	1848	1	1	0	0,0,0,0,0,0,0,0,0,0,0,0,0	0
4	3595	CERTIFIED_DEFICIT	1848	1	1	0	0,0,0,0,0,0,0,0,0,0,0,0,0	0
4	3596	CERTIFIED_DEFICIT	1848	1	1	0	0,0,0,0,0,0,0,0,0,0,0,0,0	0
4	3597	CERTIFIED_DEFICIT	1848	1	1	0	0,0,0,0,0,0,0,0,0,0,0,0,0	0
4	3598	CERTIFIED_DEFICIT	1848	1	1	0	0,0,0,0,0,0,0,0,0,0,0,0,0	0
4	3599	CERTIFIED_DEFICIT	1848	1	1	0	0,0,0,0,0,0,0,0,0,0,0,0,0	0
4	3600	CERTIFIED_DEFICIT	1848	1	1	0	0,0,0,0,0,0,0,0,0,0,0,0,0	0
4	3601	CERTIFIED_DEFICIT	1848	1	1	0	0,0,0,0,0,0,0,0,0,0,0,0,0	0
4	3602	CERTIFIED_DEFICIT	1848	1	1	0	0,0,0,0,0,0,0,0,0,0,0,0,0	0
4	3603	CERTIFIED_DEFICIT	1848	1	1	0	0,0,0,0,0,0,0,0,0,0,0,0,0	0
4	3604	CERTIFIED_DEFICIT	1848	1	1	0	0,0,0,0,0,0,0,0,0,0,0,0,0	0
4	3605	CERTIFIED_DEFICIT	1848	1	1	0	0,0,0,0,0,0,0,0,0,0,0,0,0	0
4	3606	CERTIFIED_DEFICIT	1848	1	1	0	0,0,0,0,0,0,0,0,0,0,0,0,0	0
4	3607	CERTIFIED_DEFICIT	1848	1	1	0	0,0,0,0,0,0,0,0,0,0,0,0,0	0
4	3608	CERTIFIED_DEFICIT	1848	1	1	0	0,0,0,0,0,0,0,0,0,0,0,0,0	0
4	3609	CERTIFIED_DEFICIT	1848	1	1	0	0,0,0,0,0,0,0,0,0,0,0,0,0	0
4	3610	CERTIFIED_DEFICIT	1848	1	1	0	0,0,0,0,0,0,0,0,0,0,0,0,0	0
4	3611	CERTIFIED_DEFICIT	1848	1	1	0	0,0,0,0,0,0,0,0,0,0,0,0,0	0
4	3612	CERTIFIED_DEFICIT	1848	1	1	0	0,0,0,0,0,0,0,0,0,0,0,0,0	0
4	3613	CERTIFIED_DEFICIT	1848	1	1	0	0,0,0,0,0,0,0,0,0,0,0,0,0	0
4	3614	CERTIFIED_DEFICIT	1848	1	1	0	0,0,0,0,0,0,0,0,0,0,0,0,0	0
4	3615	CERTIFIED_DEFICIT	1848	1	1	0	0,0,0,0,0,0,0,0,0,0,0,0,0	0
4	3616	CERTIFIED_DEFICIT	1848	1	1	0	0,0,0,0,0,0,0,0,0,0,0,0,0	0
4	3617	CERTIFIED_DEFICIT	1848	1	1	0	0,0,0,0,0,0,0,0,0,0,0,0,0	0
4	3618	CERTIFIED_DEFICIT	1848	1	1	0	0,0,0,0,0,0,0,0,0,0,0,0,0	0
4	3619	CERTIFIED_DEFICIT	1848	1	1	0	0,0,0,0,0,0,0,0,0,0,0,0,0	0
4	3620	CERTIFIED_DEFICIT	1848	1	1	0	0,0,0,0,0,0,0,0,0,0,0,0,0	0
4	3621	CERTIFIED_DEFICIT	1848	1	1	0	0,0,0,0,0,0,0,0,0,0,0,0,0	0
4	3622	CERTIFIED_DEFICIT	1848	1	1	0	0,0,0,0,0,0,0,0,0,0,0,0,0	0
4	3623	CERTIFIED_DEFICIT	1848	1	1	0	0,0,0,0,0,0,0,0,0,0,0,0,0	0
4	3624	CERTIFIED_DEFICIT	1848	1	1	0	0,0,0,0,0,0,0,0,0,0,0,0,0	0
4	3625	CERTIFIED_DEFICIT	1848	1	1	0	0,0,0,0,0,0,0,0,0,0,0,0,0	0
4	3626	CERTIFIED_DEFICIT	1848	1	1	0	0,0,0,0,0,0,0,0,0,0,0,0,0	0
4	3627	CERTIFIED_DEFICIT	1848	1	1	0	0,0,0,0,0,0,0,0,0,0,0,0,0	0
4	3628	CERTIFIED_DEFICIT	1848	1	1	0	0,0,0,0,0,0,0,0,0,0,0,0,0	0
4	3629	CERTIFIED_DEFICIT	1848	1	1	0	0,0,0,0,0,0,0,0,0,0,0,0,0	0
4	3630	CERTIFIED_DEFICIT	1848	1	1	0	0,0,0,0,0,0,0,0,0,0,0,0,0	0
4	3631	CERTIFIED_DEFICIT	1848	1	1	0	0,0,0,0,0,0,0,0,0,0,0,0,0	0
4	3632	CERTIFIED_DEFICIT	1848	1	1	0	0,0,0,0,0,0,0,0,0,0,0,0,0	0
4	3633	CERTIFIED_DEFICIT	1848	1	1	0	0,0,0,0,0,0,0,0,0,0,0,0,0	0
4	3634	CERTIFIED_DEFICIT	1848	1	1	0	0,0,0,0,0,0,0,0,0,0,0,0,0	0
4	3635	CERTIFIED_DEFICIT	1848	1	1	0	0,0,0,0,0,0,0,0,0,0,0,0,0	0
4	3636	CERTIFIED_DEFICIT	1848	1	1	0	0,0,0,0,0,0,0,0,0,0,0,0,0	0
4	3637	CERTIFIED_DEFICIT	1848	1	1	0	0,0,0,0,0,0,0,0,0,0,0,0,0	0
4	3638	CERTIFIED_DEFICIT	1848	1	1	0	0,0,0,0,0,0,0,0,0,0,0,0,0	0
4	3639	CERTIFIED_DEFICIT	1848	1	1	0	0,0,0,0,0,0,0,0,0,0,0,0,0	0
4	3640	CERTIFIED_DEFICIT	1848	1	1	0	0,0,0,0,0,0,0,0,0,0,0,0,0	0
4	3641	CERTIFIED_DEFICIT	1848	1	1	0	0,0,0,0,0,0,0,0,0,0,0,0,0	0
4	3642	CERTIFIED_DEFICIT	1848	1	1	0	0,0,0,0,0,0,0,0,0,0,0,0,0	0
4	3643	CERTIFIED_DEFICIT	1848	1	1	0	0,0,0,0,0,0,0,0,0,0,0,0,0	0
4	3644	CERTIFIED_DEFICIT	1219	1	1	0	0,0,0,0,0,0,0,0,0,0,0,0,0	0
4	3645	CERTIFIED_DEFICIT	1848	1	1	0	0,0,0,0,0,0,0,0,0,0,0,0,0	0
4	3646	CERTIFIED_DEFICIT	1848	1	1	0	0,0,0,0,0,0,0,0,0,0,0,0,0	0
4	3647	CERTIFIED_DEFICIT	1848	1	1	0	0,0,0,0,0,0,0,0,0,0,0,0,0	0
4	3648	CERTIFIED_DEFICIT	1848	1	1	0	0,0,0,0,0,0,0,0,0,0,0,0,0	0
4	3649	CERTIFIED_DEFICIT	1848	1	1	0	0,0,0,0,0,0,0,0,0,0,0,0,0	0
4	3650	CERTIFIED_DEFICIT	1259	1	1	0	0,0,0,0,0,0,0,0,0,0,0,0,0	0
4	3651	CERTIFIED_DEFICIT	1848	1	1	0	0,0,0,0,0,0,0,0,0,0,0,0,0	0
4	3652	CERTIFIED_DEFICIT	1848	1	1	0	0,0,0,0,0,0,0,0,0,0,0,0,0	0
4	3653	CERTIFIED_DEFICIT	1848	1	1	0	0,0,0,0,0,0,0,0,0,0,0,0,0	0
4	3654	CERTIFIED_DEFICIT	1848	1	1	0	0,0,0,0,0,0,0,0,0,0,0,0,0	0
4	3655	CERTIFIED_DEFICIT	1848	1	1	0	0,0,0,0,0,0,0,0,0,0,0,0,0	0
4	3656	CERTIFIED_DEFICIT	1848	1	1	0	0,0,0,0,0,0,0,0,0,0,0,0,0	0
4	3657	CERTIFIED_DEFICIT	1848	1	1	0	0,0,0,0,0,0,0,0,0,0,0,0,0	0
4	3658	CERTIFIED_DEFICIT	1848	1	1	0	0,0,0,0,0,0,0,0,0,0,0,0,0	0
4	3659	CERTIFIED_DEFICIT	1241	1	1	0	0,0,0,0,0,0,0,0,0,0,0,0,0	0
4	3660	CERTIFIED_DEFICIT	1848	1	1	0	0,0,0,0,0,0,0,0,0,0,0,0,0	0
4	3661	CERTIFIED_DEFICIT	1848	1	1	0	0,0,0,0,0,0,0,0,0,0,0,0,0	0
4	3662	CERTIFIED_DEFICIT	1303	1	1	0	0,0,0,0,0,0,0,0,0,0,0,0,0	0
4	3663	CERTIFIED_DEFICIT	1848	1	1	0	0,0,0,0,0,0,0,0,0,0,0,0,0	0
4	3664	CERTIFIED_DEFICIT	1848	1	1	0	0,0,0,0,0,0,0,0,0,0,0,0,0	0
4	3665	CERTIFIED_DEFICIT	1848	1	1	0	0,0,0,0,0,0,0,0,0,0,0,0,0	0
4	3666	CERTIFIED_DEFICIT	1428	1	1	0	0,0,0,0,0,0,0,0,0,0,0,0,0	0
4	3667	CERTIFIED_DEFICIT	1428	1	1	0	0,0,0,0,0,0,0,0,0,0,0,0,0	0
4	3668	CERTIFIED_DEFICIT	1428	1	1	0	0,0,0,0,0,0,0,0,0,0,0,0,0	0
4	3669	CERTIFIED_DEFICIT	1428	1	1	0	0,0,0,0,0,0,0,0,0,0,0,0,0	0
4	3670	CERTIFIED_DEFICIT	1428	1	1	0	0,0,0,0,0,0,0,0,0,0,0,0,0	0
4	3671	CERTIFIED_DEFICIT	1428	1	1	0	0,0,0,0,0,0,0,0,0,0,0,0,0	0
4	3672	CERTIFIED_DEFICIT	1428	1	1	0	0,0,0,0,0,0,0,0,0,0,0,0,0	0
4	3673	CERTIFIED_DEFICIT	1428	1	1	0	0,0,0,0,0,0,0,0,0,0,0,0,0	0
4	3674	CERTIFIED_DEFICIT	1428	1	1	0	0,0,0,0,0,0,0,0,0,0,0,0,0	0
4	3675	CERTIFIED_DEFICIT	1428	1	1	0	0,0,0,0,0,0,0,0,0,0,0,0,0	0
4	3676	CERTIFIED_DEFICIT	1428	1	1	0	0,0,0,0,0,0,0,0,0,0,0,0,0	0
4	3677	CERTIFIED_DEFICIT	1428	1	1	0	0,0,0,0,0,0,0,0,0,0,0,0,0	0
4	3678	CERTIFIED_DEFICIT	1428	1	1	0	0,0,0,0,0,0,0,0,0,0,0,0,0	0
4	3679	CERTIFIED_DEFICIT	1428	1	1	0	0,0,0,0,0,0,0,0,0,0,0,0,0	0
4	3680	CERTIFIED_DEFICIT	1428	1	1	0	0,0,0,0,0,0,0,0,0,0,0,0,0	0
4	3681	CERTIFIED_DEFICIT	1428	1	1	0	0,0,0,0,0,0,0,0,0,0,0,0,0	0
4	3682	CERTIFIED_DEFICIT	1428	1	1	0	0,0,0,0,0,0,0,0,0,0,0,0,0	0
4	3683	CERTIFIED_DEFICIT	1428	1	1	0	0,0,0,0,0,0,0,0,0,0,0,0,0	0
4	3684	CERTIFIED_DEFICIT	1428	1	1	0	0,0,0,0,0,0,0,0,0,0,0,0,0	0
4	3685	CERTIFIED_DEFICIT	1428	1	1	0	0,0,0,0,0,0,0,0,0,0,0,0,0	0
4	3686	CERTIFIED_DEFICIT	1428	1	1	0	0,0,0,0,0,0,0,0,0,0,0,0,0	0
4	3687	CERTIFIED_DEFICIT	1428	1	1	0	0,0,0,0,0,0,0,0,0,0,0,0,0	0
4	3688	CERTIFIED_DEFICIT	1428	1	1	0	0,0,0,0,0,0,0,0,0,0,0,0,0	0
4	3689	CERTIFIED_DEFICIT	1428	1	1	0	0,0,0,0,0,0,0,0,0,0,0,0,0	0
4	3690	CERTIFIED_DEFICIT	1428	1	1	0	0,0,0,0,0,0,0,0,0,0,0,0,0	0
4	3691	CERTIFIED_DEFICIT	1428	1	1	0	0,0,0,0,0,0,0,0,0,0,0,0,0	0
4	3692	CERTIFIED_DEFICIT	1428	1	1	0	0,0,0,0,0,0,0,0,0,0,0,0,0	0
4	3693	CERTIFIED_DEFICIT	1428	1	1	0	0,0,0,0,0,0,0,0,0,0,0,0,0	0
4	3694	CERTIFIED_DEFICIT	1428	1	1	0	0,0,0,0,0,0,0,0,0,0,0,0,0	0
4	3695	CERTIFIED_DEFICIT	1428	1	1	0	0,0,0,0,0,0,0,0,0,0,0,0,0	0
4	3696	CERTIFIED_DEFICIT	1428	1	1	0	0,0,0,0,0,0,0,0,0,0,0,0,0	0
4	3697	CERTIFIED_DEFICIT	1428	1	1	0	0,0,0,0,0,0,0,0,0,0,0,0,0	0
4	3698	CERTIFIED_DEFICIT	1428	1	1	0	0,0,0,0,0,0,0,0,0,0,0,0,0	0
4	3699	CERTIFIED_DEFICIT	1428	1	1	0	0,0,0,0,0,0,0,0,0,0,0,0,0	0
4	3700	CERTIFIED_DEFICIT	1428	1	1	0	0,0,0,0,0,0,0,0,0,0,0,0,0	0
4	3701	CERTIFIED_DEFICIT	1428	1	1	0	0,0,0,0,0,0,0,0,0,0,0,0,0	0
4	3702	CERTIFIED_DEFICIT	1428	1	1	0	0,0,0,0,0,0,0,0,0,0,0,0,0	0
4	3703	CERTIFIED_DEFICIT	1428	1	1	0	0,0,0,0,0,0,0,0,0,0,0,0,0	0
4	3704	CERTIFIED_DEFICIT	1428	1	1	0	0,0,0,0,0,0,0,0,0,0,0,0,0	0
4	3705	CERTIFIED_DEFICIT	1428	1	1	0	0,0,0,0,0,0,0,0,0,0,0,0,0	0
4	3706	CERTIFIED_DEFICIT	1428	1	1	0	0,0,0,0,0,0,0,0,0,0,0,0,0	0
4	3707	CERTIFIED_DEFICIT	1428	1	1	0	0,0,0,0,0,0,0,0,0,0,0,0,0	0
4	3708	CERTIFIED_DEFICIT	1428	1	1	0	0,0,0,0,0,0,0,0,0,0,0,0,0	0
4	3709	CERTIFIED_DEFICIT	1428	1	1	0	0,0,0,0,0,0,0,0,0,0,0,0,0	0
4	3710	CERTIFIED_DEFICIT	1428	1	1	0	0,0,0,0,0,0,0,0,0,0,0,0,0	0
4	3711	CERTIFIED_DEFICIT	1428	1	1	0	0,0,0,0,0,0,0,0,0,0,0,0,0	0
4	3712	CERTIFIED_DEFICIT	1428	1	1	0	0,0,0,0,0,0,0,0,0,0,0,0,0	0
4	3713	CERTIFIED_DEFICIT	1428	1	1	0	0,0,0,0,0,0,0,0,0,0,0,0,0	0
4	3714	CERTIFIED_DEFICIT	1428	1	1	0	0,0,0,0,0,0,0,0,0,0,0,0,0	0
4	3715	CERTIFIED_DEFICIT	1428	1	1	0	0,0,0,0,0,0,0,0,0,0,0,0,0	0
4	3716	CERTIFIED_DEFICIT	1428	1	1	0	0,0,0,0,0,0,0,0,0,0,0,0,0	0
4	3717	CERTIFIED_DEFICIT	1428	1	1	0	0,0,0,0,0,0,0,0,0,0,0,0,0	0
4	3718	CERTIFIED_DEFICIT	1428	1	1	0	0,0,0,0,0,0,0,0,0,0,0,0,0	0
4	3719	CERTIFIED_DEFICIT	1428	1	1	0	0,0,0,0,0,0,0,0,0,0,0,0,0	0
4	3720	CERTIFIED_DEFICIT	1428	1	1	0	0,0,0,0,0,0,0,0,0,0,0,0,0	0
4	3721	CERTIFIED_DEFICIT	1428	1	1	0	0,0,0,0,0,0,0,0,0,0,0,0,0	0
4	3722	CERTIFIED_DEFICIT	1219	1	1	0	0,0,0,0,0,0,0,0,0,0,0,0,0	0
4	3723	CERTIFIED_DEFICIT	1428	1	1	0	0,0,0,0,0,0,0,0,0,0,0,0,0	0
4	3724	CERTIFIED_DEFICIT	1428	1	1	0	0,0,0,0,0,0,0,0,0,0,0,0,0	0
4	3725	CERTIFIED_DEFICIT	1428	1	1	0	0,0,0,0,0,0,0,0,0,0,0,0,0	0
4	3726	CERTIFIED_DEFICIT	1428	1	1	0	0,0,0,0,0,0,0,0,0,0,0,0,0	0
4	3727	CERTIFIED_DEFICIT	1428	1	1	0	0,0,0,0,0,0,0,0,0,0,0,0,0	0
4	3728	CERTIFIED_DEFICIT	1259	1	1	0	0,0,0,0,0,0,0,0,0,0,0,0,0	0
4	3729	CERTIFIED_DEFICIT	1428	1	1	0	0,0,0,0,0,0,0,0,0,0,0,0,0	0
4	3730	CERTIFIED_DEFICIT	1428	1	1	0	0,0,0,0,0,0,0,0,0,0,0,0,0	0
4	3731	CERTIFIED_DEFICIT	1428	1	1	0	0,0,0,0,0,0,0,0,0,0,0,0,0	0
4	3732	CERTIFIED_DEFICIT	1428	1	1	0	0,0,0,0,0,0,0,0,0,0,0,0,0	0
4	3733	CERTIFIED_DEFICIT	1428	1	1	0	0,0,0,0,0,0,0,0,0,0,0,0,0	0
4	3734	CERTIFIED_DEFICIT	1428	1	1	0	0,0,0,0,0,0,0,0,0,0,0,0,0	0
4	3735	CERTIFIED_DEFICIT	1428	1	1	0	0,0,0,0,0,0,0,0,0,0,0,0,0	0
4	3736	CERTIFIED_DEFICIT	1428	1	1	0	0,0,0,0,0,0,0,0,0,0,0,0,0	0
4	3737	CERTIFIED_DEFICIT	1241	1	1	0	0,0,0,0,0,0,0,0,0,0,0,0,0	0
4	3738	CERTIFIED_DEFICIT	1428	1	1	0	0,0,0,0,0,0,0,0,0,0,0,0,0	0
4	3739	CERTIFIED_DEFICIT	1428	1	1	0	0,0,0,0,0,0,0,0,0,0,0,0,0	0
4	3740	CERTIFIED_DEFICIT	1303	1	1	0	0,0,0,0,0,0,0,0,0,0,0,0,0	0
4	3741	CERTIFIED_DEFICIT	1428	1	1	0	0,0,0,0,0,0,0,0,0,0,0,0,0	0
4	3742	CERTIFIED_DEFICIT	1428	1	1	0	0,0,0,0,0,0,0,0,0,0,0,0,0	0
4	3743	CERTIFIED_DEFICIT	1428	1	1	0	0,0,0,0,0,0,0,0,0,0,0,0,0	0
4	3744	CERTIFIED_DEFICIT	1302	1	1	0	0,0,0,0,0,0,0,0,0,0,0,0,0	0
4	3745	CERTIFIED_DEFICIT	1302	1	1	0	0,0,0,0,0,0,0,0,0,0,0,0,0	0
4	3746	CERTIFIED_DEFICIT	1302	1	1	0	0,0,0,0,0,0,0,0,0,0,0,0,0	0
4	3747	CERTIFIED_DEFICIT	1302	1	1	0	0,0,0,0,0,0,0,0,0,0,0,0,0	0
4	3748	CERTIFIED_DEFICIT	1302	1	1	0	0,0,0,0,0,0,0,0,0,0,0,0,0	0
4	3749	CERTIFIED_DEFICIT	1302	1	1	0	0,0,0,0,0,0,0,0,0,0,0,0,0	0
4	3750	CERTIFIED_DEFICIT	1302	1	1	0	0,0,0,0,0,0,0,0,0,0,0,0,0	0
4	3751	CERTIFIED_DEFICIT	1302	1	1	0	0,0,0,0,0,0,0,0,0,0,0,0,0	0
4	3752	CERTIFIED_DEFICIT	1302	1	1	0	0,0,0,0,0,0,0,0,0,0,0,0,0	0
4	3753	CERTIFIED_DEFICIT	1302	1	1	0	0,0,0,0,0,0,0,0,0,0,0,0,0	0
4	3754	CERTIFIED_DEFICIT	1302	1	1	0	0,0,0,0,0,0,0,0,0,0,0,0,0	0
4	3755	CERTIFIED_DEFICIT	1302	1	1	0	0,0,0,0,0,0,0,0,0,0,0,0,0	0
4	3756	CERTIFIED_DEFICIT	1302	1	1	0	0,0,0,0,0,0,0,0,0,0,0,0,0	0
4	3757	CERTIFIED_DEFICIT	1302	1	1	0	0,0,0,0,0,0,0,0,0,0,0,0,0	0
4	3758	CERTIFIED_DEFICIT	1302	1	1	0	0,0,0,0,0,0,0,0,0,0,0,0,0	0
4	3759	CERTIFIED_DEFICIT	1302	1	1	0	0,0,0,0,0,0,0,0,0,0,0,0,0	0
4	3760	CERTIFIED_DEFICIT	1302	1	1	0	0,0,0,0,0,0,0,0,0,0,0,0,0	0
4	3761	CERTIFIED_DEFICIT	1302	1	1	0	0,0,0,0,0,0,0,0,0,0,0,0,0	0
4	3762	CERTIFIED_DEFICIT	1302	1	1	0	0,0,0,0,0,0,0,0,0,0,0,0,0	0
4	3763	CERTIFIED_DEFICIT	1302	1	1	0	0,0,0,0,0,0,0,0,0,0,0,0,0	0
4	3764	CERTIFIED_DEFICIT	1302	1	1	0	0,0,0,0,0,0,0,0,0,0,0,0,0	0
4	3765	CERTIFIED_DEFICIT	1302	1	1	0	0,0,0,0,0,0,0,0,0,0,0,0,0	0
4	3766	CERTIFIED_DEFICIT	1302	1	1	0	0,0,0,0,0,0,0,0,0,0,0,0,0	0
4	3767	CERTIFIED_DEFICIT	1302	1	1	0	0,0,0,0,0,0,0,0,0,0,0,0,0	0
4	3768	CERTIFIED_DEFICIT	1302	1	1	0	0,0,0,0,0,0,0,0,0,0,0,0,0	0
4	3769	CERTIFIED_DEFICIT	1302	1	1	0	0,0,0,0,0,0,0,0,0,0,0,0,0	0
4	3770	CERTIFIED_DEFICIT	1302	1	1	0	0,0,0,0,0,0,0,0,0,0,0,0,0	0
4	3771	CERTIFIED_DEFICIT	1302	1	1	0	0,0,0,0,0,0,0,0,0,0,0,0,0	0
4	3772	CERTIFIED_DEFICIT	1302	1	1	0	0,0,0,0,0,0,0,0,0,0,0,0,0	0
4	3773	CERTIFIED_DEFICIT	1302	1	1	0	0,0,0,0,0,0,0,0,0,0,0,0,0	0
4	3774	CERTIFIED_DEFICIT	1302	1	1	0	0,0,0,0,0,0,0,0,0,0,0,0,0	0
4	3775	CERTIFIED_DEFICIT	1302	1	1	0	0,0,0,0,0,0,0,0,0,0,0,0,0	0
4	3776	CERTIFIED_DEFICIT	1302	1	1	0	0,0,0,0,0,0,0,0,0,0,0,0,0	0
4	3777	CERTIFIED_DEFICIT	1302	1	1	0	0,0,0,0,0,0,0,0,0,0,0,0,0	0
4	3778	CERTIFIED_DEFICIT	1302	1	1	0	0,0,0,0,0,0,0,0,0,0,0,0,0	0
4	3779	CERTIFIED_DEFICIT	1302	1	1	0	0,0,0,0,0,0,0,0,0,0,0,0,0	0
4	3780	CERTIFIED_DEFICIT	1302	1	1	0	0,0,0,0,0,0,0,0,0,0,0,0,0	0
4	3781	CERTIFIED_DEFICIT	1302	1	1	0	0,0,0,0,0,0,0,0,0,0,0,0,0	0
4	3782	CERTIFIED_DEFICIT	1302	1	1	0	0,0,0,0,0,0,0,0,0,0,0,0,0	0
4	3783	CERTIFIED_DEFICIT	1302	1	1	0	0,0,0,0,0,0,0,0,0,0,0,0,0	0
4	3784	CERTIFIED_DEFICIT	1302	1	1	0	0,0,0,0,0,0,0,0,0,0,0,0,0	0
4	3785	CERTIFIED_DEFICIT	1302	1	1	0	0,0,0,0,0,0,0,0,0,0,0,0,0	0
4	3786	CERTIFIED_DEFICIT	1302	1	1	0	0,0,0,0,0,0,0,0,0,0,0,0,0	0
4	3787	CERTIFIED_DEFICIT	1302	1	1	0	0,0,0,0,0,0,0,0,0,0,0,0,0	0
4	3788	CERTIFIED_DEFICIT	1302	1	1	0	0,0,0,0,0,0,0,0,0,0,0,0,0	0
4	3789	CERTIFIED_DEFICIT	1302	1	1	0	0,0,0,0,0,0,0,0,0,0,0,0,0	0
4	3790	CERTIFIED_DEFICIT	1302	1	1	0	0,0,0,0,0,0,0,0,0,0,0,0,0	0
4	3791	CERTIFIED_DEFICIT	1302	1	1	0	0,0,0,0,0,0,0,0,0,0,0,0,0	0
4	3792	CERTIFIED_DEFICIT	1302	1	1	0	0,0,0,0,0,0,0,0,0,0,0,0,0	0
4	3793	CERTIFIED_DEFICIT	1302	1	1	0	0,0,0,0,0,0,0,0,0,0,0,0,0	0
4	3794	CERTIFIED_DEFICIT	1302	1	1	0	0,0,0,0,0,0,0,0,0,0,0,0,0	0
4	3795	CERTIFIED_DEFICIT	1302	1	1	0	0,0,0,0,0,0,0,0,0,0,0,0,0	0
4	3796	CERTIFIED_DEFICIT	1302	1	1	0	0,0,0,0,0,0,0,0,0,0,0,0,0	0
4	3797	CERTIFIED_DEFICIT	1302	1	1	0	0,0,0,0,0,0,0,0,0,0,0,0,0	0
4	3798	CERTIFIED_DEFICIT	1302	1	1	0	0,0,0,0,0,0,0,0,0,0,0,0,0	0
4	3799	CERTIFIED_DEFICIT	1302	1	1	0	0,0,0,0,0,0,0,0,0,0,0,0,0	0
4	3800	CERTIFIED_DEFICIT	1219	1	1	0	0,0,0,0,0,0,0,0,0,0,0,0,0	0
4	3801	CERTIFIED_DEFICIT	1302	1	1	0	0,0,0,0,0,0,0,0,0,0,0,0,0	0
4	3802	CERTIFIED_DEFICIT	1302	1	1	0	0,0,0,0,0,0,0,0,0,0,0,0,0	0
4	3803	CERTIFIED_DEFICIT	1302	1	1	0	0,0,0,0,0,0,0,0,0,0,0,0,0	0
4	3804	CERTIFIED_DEFICIT	1302	1	1	0	0,0,0,0,0,0,0,0,0,0,0,0,0	0
4	3805	CERTIFIED_DEFICIT	1302	1	1	0	0,0,0,0,0,0,0,0,0,0,0,0,0	0
4	3806	CERTIFIED_DEFICIT	1259	1	1	0	0,0,0,0,0,0,0,0,0,0,0,0,0	0
4	3807	CERTIFIED_DEFICIT	1302	1	1	0	0,0,0,0,0,0,0,0,0,0,0,0,0	0
4	3808	CERTIFIED_DEFICIT	1302	1	1	0	0,0,0,0,0,0,0,0,0,0,0,0,0	0
4	3809	CERTIFIED_DEFICIT	1302	1	1	0	0,0,0,0,0,0,0,0,0,0,0,0,0	0
4	3810	CERTIFIED_DEFICIT	1302	1	1	0	0,0,0,0,0,0,0,0,0,0,0,0,0	0
4	3811	CERTIFIED_DEFICIT	1302	1	1	0	0,0,0,0,0,0,0,0,0,0,0,0,0	0
4	3812	CERTIFIED_DEFICIT	1302	1	1	0	0,0,0,0,0,0,0,0,0,0,0,0,0	0
4	3813	CERTIFIED_DEFICIT	1302	1	1	0	0,0,0,0,0,0,0,0,0,0,0,0,0	0
4	3814	CERTIFIED_DEFICIT	1302	1	1	0	0,0,0,0,0,0,0,0,0,0,0,0,0	0
4	3815	CERTIFIED_DEFICIT	1241	1	1	0	0,0,0,0,0,0,0,0,0,0,0,0,0	0
4	3816	CERTIFIED_DEFICIT	1302	1	1	0	0,0,0,0,0,0,0,0,0,0,0,0,0	0
4	3817	CERTIFIED_DEFICIT	1302	1	1	0	0,0,0,0,0,0,0,0,0,0,0,0,0	0
4	3818	CERTIFIED_DEFICIT	1302	1	1	0	0,0,0,0,0,0,0,0,0,0,0,0,0	0
4	3819	CERTIFIED_DEFICIT	1302	1	1	0	0,0,0,0,0,0,0,0,0,0,0,0,0	0
4	3820	CERTIFIED_DEFICIT	1302	1	1	0	0,0,0,0,0,0,0,0,0,0,0,0,0	0
4	3821	CERTIFIED_DEFICIT	1302	1	1	0	0,0,0,0,0,0,0,0,0,0,0,0,0	0
4	3822	CERTIFIED_DEFICIT	1862	1	1	0	0,0,0,0,0,0,0,0,0,0,0,0,0	0
4	3823	CERTIFIED_DEFICIT	1862	1	1	0	0,0,0,0,0,0,0,0,0,0,0,0,0	0
4	3824	CERTIFIED_DEFICIT	1862	1	1	0	0,0,0,0,0,0,0,0,0,0,0,0,0	0
4	3825	CERTIFIED_DEFICIT	1862	1	1	0	0,0,0,0,0,0,0,0,0,0,0,0,0	0
4	3826	CERTIFIED_DEFICIT	1862	1	1	0	0,0,0,0,0,0,0,0,0,0,0,0,0	0
4	3827	CERTIFIED_DEFICIT	1862	1	1	0	0,0,0,0,0,0,0,0,0,0,0,0,0	0
4	3828	CERTIFIED_DEFICIT	1862	1	1	0	0,0,0,0,0,0,0,0,0,0,0,0,0	0
4	3829	CERTIFIED_DEFICIT	1862	1	1	0	0,0,0,0,0,0,0,0,0,0,0,0,0	0
4	3830	CERTIFIED_DEFICIT	1862	1	1	0	0,0,0,0,0,0,0,0,0,0,0,0,0	0
4	3831	CERTIFIED_DEFICIT	1862	1	1	0	0,0,0,0,0,0,0,0,0,0,0,0,0	0
4	3832	CERTIFIED_DEFICIT	1862	1	1	0	0,0,0,0,0,0,0,0,0,0,0,0,0	0
4	3833	CERTIFIED_DEFICIT	1862	1	1	0	0,0,0,0,0,0,0,0,0,0,0,0,0	0
4	3834	CERTIFIED_DEFICIT	1862	1	1	0	0,0,0,0,0,0,0,0,0,0,0,0,0	0
4	3835	CERTIFIED_DEFICIT	1862	1	1	0	0,0,0,0,0,0,0,0,0,0,0,0,0	0
4	3836	CERTIFIED_DEFICIT	1862	1	1	0	0,0,0,0,0,0,0,0,0,0,0,0,0	0
4	3837	CERTIFIED_DEFICIT	1862	1	1	0	0,0,0,0,0,0,0,0,0,0,0,0,0	0
4	3838	CERTIFIED_DEFICIT	1862	1	1	0	0,0,0,0,0,0,0,0,0,0,0,0,0	0
4	3839	CERTIFIED_DEFICIT	1862	1	1	0	0,0,0,0,0,0,0,0,0,0,0,0,0	0
4	3840	CERTIFIED_DEFICIT	1862	1	1	0	0,0,0,0,0,0,0,0,0,0,0,0,0	0
4	3841	CERTIFIED_DEFICIT	1862	1	1	0	0,0,0,0,0,0,0,0,0,0,0,0,0	0
4	3842	CERTIFIED_DEFICIT	1862	1	1	0	0,0,0,0,0,0,0,0,0,0,0,0,0	0
4	3843	CERTIFIED_DEFICIT	1862	1	1	0	0,0,0,0,0,0,0,0,0,0,0,0,0	0
4	3844	CERTIFIED_DEFICIT	1862	1	1	0	0,0,0,0,0,0,0,0,0,0,0,0,0	0
4	3845	CERTIFIED_DEFICIT	1862	1	1	0	0,0,0,0,0,0,0,0,0,0,0,0,0	0
4	3846	CERTIFIED_DEFICIT	1862	1	1	0	0,0,0,0,0,0,0,0,0,0,0,0,0	0
4	3847	CERTIFIED_DEFICIT	1862	1	1	0	0,0,0,0,0,0,0,0,0,0,0,0,0	0
4	3848	CERTIFIED_DEFICIT	1862	1	1	0	0,0,0,0,0,0,0,0,0,0,0,0,0	0
4	3849	CERTIFIED_DEFICIT	1862	1	1	0	0,0,0,0,0,0,0,0,0,0,0,0,0	0
4	3850	CERTIFIED_DEFICIT	1862	1	1	0	0,0,0,0,0,0,0,0,0,0,0,0,0	0
4	3851	CERTIFIED_DEFICIT	1862	1	1	0	0,0,0,0,0,0,0,0,0,0,0,0,0	0
4	3852	CERTIFIED_DEFICIT	1862	1	1	0	0,0,0,0,0,0,0,0,0,0,0,0,0	0
4	3853	CERTIFIED_DEFICIT	1862	1	1	0	0,0,0,0,0,0,0,0,0,0,0,0,0	0
4	3854	CERTIFIED_DEFICIT	1862	1	1	0	0,0,0,0,0,0,0,0,0,0,0,0,0	0
4	3855	CERTIFIED_DEFICIT	1862	1	1	0	0,0,0,0,0,0,0,0,0,0,0,0,0	0
4	3856	CERTIFIED_DEFICIT	1862	1	1	0	0,0,0,0,0,0,0,0,0,0,0,0,0	0
4	3857	CERTIFIED_DEFICIT	1862	1	1	0	0,0,0,0,0,0,0,0,0,0,0,0,0	0
4	3858	CERTIFIED_DEFICIT	1862	1	1	0	0,0,0,0,0,0,0,0,0,0,0,0,0	0
4	3859	CERTIFIED_DEFICIT	1862	1	1	0	0,0,0,0,0,0,0,0,0,0,0,0,0	0
4	3860	CERTIFIED_DEFICIT	1862	1	1	0	0,0,0,0,0,0,0,0,0,0,0,0,0	0
4	3861	CERTIFIED_DEFICIT	1862	1	1	0	0,0,0,0,0,0,0,0,0,0,0,0,0	0
4	3862	CERTIFIED_DEFICIT	1862	1	1	0	0,0,0,0,0,0,0,0,0,0,0,0,0	0
4	3863	CERTIFIED_DEFICIT	1310	1	1	0	0,0,0,0,0,0,0,0,0,0,0,0,0	0
4	3864	CERTIFIED_DEFICIT	1862	1	1	0	0,0,0,0,0,0,0,0,0,0,0,0,0	0
4	3865	CERTIFIED_DEFICIT	1862	1	1	0	0,0,0,0,0,0,0,0,0,0,0,0,0	0
4	3866	CERTIFIED_DEFICIT	1862	1	1	0	0,0,0,0,0,0,0,0,0,0,0,0,0	0
4	3867	CERTIFIED_DEFICIT	1862	1	1	0	0,0,0,0,0,0,0,0,0,0,0,0,0	0
4	3868	CERTIFIED_DEFICIT	1862	1	1	0	0,0,0,0,0,0,0,0,0,0,0,0,0	0
4	3869	CERTIFIED_DEFICIT	1862	1	1	0	0,0,0,0,0,0,0,0,0,0,0,0,0	0
4	3870	CERTIFIED_DEFICIT	1862	1	1	0	0,0,0,0,0,0,0,0,0,0,0,0,0	0
4	3871	CERTIFIED_DEFICIT	1862	1	1	0	0,0,0,0,0,0,0,0,0,0,0,0,0	0
4	3872	CERTIFIED_DEFICIT	1862	1	1	0	0,0,0,0,0,0,0,0,0,0,0,0,0	0
4	3873	CERTIFIED_DEFICIT	1862	1	1	0	0,0,0,0,0,0,0,0,0,0,0,0,0	0
4	3874	CERTIFIED_DEFICIT	1862	1	1	0	0,0,0,0,0,0,0,0,0,0,0,0,0	0
4	3875	CERTIFIED_DEFICIT	1862	1	1	0	0,0,0,0,0,0,0,0,0,0,0,0,0	0
4	3876	CERTIFIED_DEFICIT	1862	1	1	0	0,0,0,0,0,0,0,0,0,0,0,0,0	0
4	3877	CERTIFIED_DEFICIT	1862	1	1	0	0,0,0,0,0,0,0,0,0,0,0,0,0	0
4	3878	CERTIFIED_DEFICIT	1219	1	1	0	0,0,0,0,0,0,0,0,0,0,0,0,0	0
4	3879	CERTIFIED_DEFICIT	1862	1	1	0	0,0,0,0,0,0,0,0,0,0,0,0,0	0
4	3880	CERTIFIED_DEFICIT	1862	1	1	0	0,0,0,0,0,0,0,0,0,0,0,0,0	0
4	3881	CERTIFIED_DEFICIT	1862	1	1	0	0,0,0,0,0,0,0,0,0,0,0,0,0	0
4	3882	CERTIFIED_DEFICIT	1862	1	1	0	0,0,0,0,0,0,0,0,0,0,0,0,0	0
4	3883	CERTIFIED_DEFICIT	1862	1	1	0	0,0,0,0,0,0,0,0,0,0,0,0,0	0
4	3884	CERTIFIED_DEFICIT	1259	1	1	0	0,0,0,0,0,0,0,0,0,0,0,0,0	0
4	3885	CERTIFIED_DEFICIT	1862	1	1	0	0,0,0,0,0,0,0,0,0,0,0,0,0	0
4	3886	CERTIFIED_DEFICIT	1862	1	1	0	0,0,0,0,0,0,0,0,0,0,0,0,0	0
4	3887	CERTIFIED_DEFICIT	1862	1	1	0	0,0,0,0,0,0,0,0,0,0,0,0,0	0
4	3888	CERTIFIED_DEFICIT	1862	1	1	0	0,0,0,0,0,0,0,0,0,0,0,0,0	0
4	3889	CERTIFIED_DEFICIT	1230	1	1	0	0,0,0,0,0,0,0,0,0,0,0,0,0	0
4	3890	CERTIFIED_DEFICIT	1862	1	1	0	0,0,0,0,0,0,0,0,0,0,0,0,0	0
4	3891	CERTIFIED_DEFICIT	1862	1	1	0	0,0,0,0,0,0,0,0,0,0,0,0,0	0
4	3892	CERTIFIED_DEFICIT	1862	1	1	0	0,0,0,0,0,0,0,0,0,0,0,0,0	0
4	3893	CERTIFIED_DEFICIT	1241	1	1	0	0,0,0,0,0,0,0,0,0,0,0,0,0	0
4	3894	CERTIFIED_DEFICIT	1862	1	1	0	0,0,0,0,0,0,0,0,0,0,0,0,0	0
4	3895	CERTIFIED_DEFICIT	1862	1	1	0	0,0,0,0,0,0,0,0,0,0,0,0,0	0
4	3896	CERTIFIED_DEFICIT	1303	1	1	0	0,0,0,0,0,0,0,0,0,0,0,0,0	0
4	3897	CERTIFIED_DEFICIT	1862	1	1	0	0,0,0,0,0,0,0,0,0,0,0,0,0	0
4	3898	CERTIFIED_DEFICIT	1332	1	1	0	0,0,0,0,0,0,0,0,0,0,0,0,0	0
4	3899	CERTIFIED_DEFICIT	1208	1	1	0	0,0,0,0,0,0,0,0,0,0,0,0,0	0
4	3900	CERTIFIED_DEFICIT	1400	1	1	0	0,0,0,0,0,0,0,0,0,0,0,0,0	0
4	3901	CERTIFIED_DEFICIT	1400	1	1	0	0,0,0,0,0,0,0,0,0,0,0,0,0	0
4	3902	CERTIFIED_DEFICIT	1400	1	1	0	0,0,0,0,0,0,0,0,0,0,0,0,0	0
4	3903	CERTIFIED_DEFICIT	1400	1	1	0	0,0,0,0,0,0,0,0,0,0,0,0,0	0
4	3904	CERTIFIED_DEFICIT	1400	1	1	0	0,0,0,0,0,0,0,0,0,0,0,0,0	0
4	3905	CERTIFIED_DEFICIT	1400	1	1	0	0,0,0,0,0,0,0,0,0,0,0,0,0	0
4	3906	CERTIFIED_DEFICIT	1400	1	1	0	0,0,0,0,0,0,0,0,0,0,0,0,0	0
4	3907	CERTIFIED_DEFICIT	1400	1	1	0	0,0,0,0,0,0,0,0,0,0,0,0,0	0
4	3908	CERTIFIED_DEFICIT	1400	1	1	0	0,0,0,0,0,0,0,0,0,0,0,0,0	0
4	3909	CERTIFIED_DEFICIT	1400	1	1	0	0,0,0,0,0,0,0,0,0,0,0,0,0	0
4	3910	CERTIFIED_DEFICIT	1400	1	1	0	0,0,0,0,0,0,0,0,0,0,0,0,0	0
4	3911	CERTIFIED_DEFICIT	1400	1	1	0	0,0,0,0,0,0,0,0,0,0,0,0,0	0
4	3912	CERTIFIED_DEFICIT	1400	1	1	0	0,0,0,0,0,0,0,0,0,0,0,0,0	0
4	3913	CERTIFIED_DEFICIT	1400	1	1	0	0,0,0,0,0,0,0,0,0,0,0,0,0	0
4	3914	CERTIFIED_DEFICIT	1400	1	1	0	0,0,0,0,0,0,0,0,0,0,0,0,0	0
4	3915	CERTIFIED_DEFICIT	1400	1	1	0	0,0,0,0,0,0,0,0,0,0,0,0,0	0
4	3916	CERTIFIED_DEFICIT	1400	1	1	0	0,0,0,0,0,0,0,0,0,0,0,0,0	0
4	3917	CERTIFIED_DEFICIT	1400	1	1	0	0,0,0,0,0,0,0,0,0,0,0,0,0	0
4	3918	CERTIFIED_DEFICIT	1400	1	1	0	0,0,0,0,0,0,0,0,0,0,0,0,0	0
4	3919	CERTIFIED_DEFICIT	1400	1	1	0	0,0,0,0,0,0,0,0,0,0,0,0,0	0
4	3920	CERTIFIED_DEFICIT	1400	1	1	0	0,0,0,0,0,0,0,0,0,0,0,0,0	0
4	3921	CERTIFIED_DEFICIT	1400	1	1	0	0,0,0,0,0,0,0,0,0,0,0,0,0	0
4	3922	CERTIFIED_DEFICIT	1400	1	1	0	0,0,0,0,0,0,0,0,0,0,0,0,0	0
4	3923	CERTIFIED_DEFICIT	1400	1	1	0	0,0,0,0,0,0,0,0,0,0,0,0,0	0
4	3924	CERTIFIED_DEFICIT	1400	1	1	0	0,0,0,0,0,0,0,0,0,0,0,0,0	0
4	3925	CERTIFIED_DEFICIT	1400	1	1	0	0,0,0,0,0,0,0,0,0,0,0,0,0	0
4	3926	CERTIFIED_DEFICIT	1400	1	1	0	0,0,0,0,0,0,0,0,0,0,0,0,0	0
4	3927	CERTIFIED_DEFICIT	1400	1	1	0	0,0,0,0,0,0,0,0,0,0,0,0,0	0
4	3928	CERTIFIED_DEFICIT	1400	1	1	0	0,0,0,0,0,0,0,0,0,0,0,0,0	0
4	3929	CERTIFIED_DEFICIT	1400	1	1	0	0,0,0,0,0,0,0,0,0,0,0,0,0	0
4	3930	CERTIFIED_DEFICIT	1400	1	1	0	0,0,0,0,0,0,0,0,0,0,0,0,0	0
4	3931	CERTIFIED_DEFICIT	1400	1	1	0	0,0,0,0,0,0,0,0,0,0,0,0,0	0
4	3932	CERTIFIED_DEFICIT	1400	1	1	0	0,0,0,0,0,0,0,0,0,0,0,0,0	0
4	3933	CERTIFIED_DEFICIT	1400	1	1	0	0,0,0,0,0,0,0,0,0,0,0,0,0	0
4	3934	CERTIFIED_DEFICIT	1400	1	1	0	0,0,0,0,0,0,0,0,0,0,0,0,0	0
4	3935	CERTIFIED_DEFICIT	1400	1	1	0	0,0,0,0,0,0,0,0,0,0,0,0,0	0
4	3936	CERTIFIED_DEFICIT	1400	1	1	0	0,0,0,0,0,0,0,0,0,0,0,0,0	0
4	3937	CERTIFIED_DEFICIT	1400	1	1	0	0,0,0,0,0,0,0,0,0,0,0,0,0	0
4	3938	CERTIFIED_DEFICIT	1400	1	1	0	0,0,0,0,0,0,0,0,0,0,0,0,0	0
4	3939	CERTIFIED_DEFICIT	1400	1	1	0	0,0,0,0,0,0,0,0,0,0,0,0,0	0
4	3940	CERTIFIED_DEFICIT	1400	1	1	0	0,0,0,0,0,0,0,0,0,0,0,0,0	0
4	3941	CERTIFIED_DEFICIT	1400	1	1	0	0,0,0,0,0,0,0,0,0,0,0,0,0	0
4	3942	CERTIFIED_DEFICIT	1400	1	1	0	0,0,0,0,0,0,0,0,0,0,0,0,0	0
4	3943	CERTIFIED_DEFICIT	1400	1	1	0	0,0,0,0,0,0,0,0,0,0,0,0,0	0
4	3944	CERTIFIED_DEFICIT	1400	1	1	0	0,0,0,0,0,0,0,0,0,0,0,0,0	0
4	3945	CERTIFIED_DEFICIT	1400	1	1	0	0,0,0,0,0,0,0,0,0,0,0,0,0	0
4	3946	CERTIFIED_DEFICIT	1400	1	1	0	0,0,0,0,0,0,0,0,0,0,0,0,0	0
4	3947	CERTIFIED_DEFICIT	1400	1	1	0	0,0,0,0,0,0,0,0,0,0,0,0,0	0
4	3948	CERTIFIED_DEFICIT	1400	1	1	0	0,0,0,0,0,0,0,0,0,0,0,0,0	0
4	3949	CERTIFIED_DEFICIT	1400	1	1	0	0,0,0,0,0,0,0,0,0,0,0,0,0	0
4	3950	CERTIFIED_DEFICIT	1400	1	1	0	0,0,0,0,0,0,0,0,0,0,0,0,0	0
4	3951	CERTIFIED_DEFICIT	1400	1	1	0	0,0,0,0,0,0,0,0,0,0,0,0,0	0
4	3952	CERTIFIED_DEFICIT	1400	1	1	0	0,0,0,0,0,0,0,0,0,0,0,0,0	0
4	3953	CERTIFIED_DEFICIT	1400	1	1	0	0,0,0,0,0,0,0,0,0,0,0,0,0	0
4	3954	CERTIFIED_DEFICIT	1400	1	1	0	0,0,0,0,0,0,0,0,0,0,0,0,0	0
4	3955	CERTIFIED_DEFICIT	1400	1	1	0	0,0,0,0,0,0,0,0,0,0,0,0,0	0
4	3956	CERTIFIED_DEFICIT	1219	1	1	0	0,0,0,0,0,0,0,0,0,0,0,0,0	0
4	3957	CERTIFIED_DEFICIT	1400	1	1	0	0,0,0,0,0,0,0,0,0,0,0,0,0	0
4	3958	CERTIFIED_DEFICIT	1400	1	1	0	0,0,0,0,0,0,0,0,0,0,0,0,0	0
4	3959	CERTIFIED_DEFICIT	1400	1	1	0	0,0,0,0,0,0,0,0,0,0,0,0,0	0
4	3960	CERTIFIED_DEFICIT	1400	1	1	0	0,0,0,0,0,0,0,0,0,0,0,0,0	0
4	3961	CERTIFIED_DEFICIT	1400	1	1	0	0,0,0,0,0,0,0,0,0,0,0,0,0	0
4	3962	CERTIFIED_DEFICIT	1259	1	1	0	0,0,0,0,0,0,0,0,0,0,0,0,0	0
4	3963	CERTIFIED_DEFICIT	1400	1	1	0	0,0,0,0,0,0,0,0,0,0,0,0,0	0
4	3964	CERTIFIED_DEFICIT	1400	1	1	0	0,0,0,0,0,0,0,0,0,0,0,0,0	0
4	3965	CERTIFIED_DEFICIT	1400	1	1	0	0,0,0,0,0,0,0,0,0,0,0,0,0	0
4	3966	CERTIFIED_DEFICIT	1400	1	1	0	0,0,0,0,0,0,0,0,0,0,0,0,0	0
4	3967	CERTIFIED_DEFICIT	1400	1	1	0	0,0,0,0,0,0,0,0,0,0,0,0,0	0
4	3968	CERTIFIED_DEFICIT	1400	1	1	0	0,0,0,0,0,0,0,0,0,0,0,0,0	0
4	3969	CERTIFIED_DEFICIT	1400	1	1	0	0,0,0,0,0,0,0,0,0,0,0,0,0	0
4	3970	CERTIFIED_DEFICIT	1400	1	1	0	0,0,0,0,0,0,0,0,0,0,0,0,0	0
4	3971	CERTIFIED_DEFICIT	1241	1	1	0	0,0,0,0,0,0,0,0,0,0,0,0,0	0
4	3972	CERTIFIED_DEFICIT	1400	1	1	0	0,0,0,0,0,0,0,0,0,0,0,0,0	0
4	3973	CERTIFIED_DEFICIT	1400	1	1	0	0,0,0,0,0,0,0,0,0,0,0,0,0	0
4	3974	CERTIFIED_DEFICIT	1303	1	1	0	0,0,0,0,0,0,0,0,0,0,0,0,0	0
4	3975	CERTIFIED_DEFICIT	1400	1	1	0	0,0,0,0,0,0,0,0,0,0,0,0,0	0
4	3976	CERTIFIED_DEFICIT	1400	1	1	0	0,0,0,0,0,0,0,0,0,0,0,0,0	0
4	3977	CERTIFIED_DEFICIT	1400	1	1	0	0,0,0,0,0,0,0,0,0,0,0,0,0	0
4	3978	CERTIFIED_DEFICIT	1372	1	1	0	0,0,0,0,0,0,0,0,0,0,0,0,0	0
4	3979	CERTIFIED_DEFICIT	1372	1	1	0	0,0,0,0,0,0,0,0,0,0,0,0,0	0
4	3980	CERTIFIED_DEFICIT	1372	1	1	0	0,0,0,0,0,0,0,0,0,0,0,0,0	0
4	3981	CERTIFIED_DEFICIT	1372	1	1	0	0,0,0,0,0,0,0,0,0,0,0,0,0	0
4	3982	CERTIFIED_DEFICIT	1372	1	1	0	0,0,0,0,0,0,0,0,0,0,0,0,0	0
4	3983	CERTIFIED_DEFICIT	1372	1	1	0	0,0,0,0,0,0,0,0,0,0,0,0,0	0
4	3984	CERTIFIED_DEFICIT	1372	1	1	0	0,0,0,0,0,0,0,0,0,0,0,0,0	0
4	3985	CERTIFIED_DEFICIT	1372	1	1	0	0,0,0,0,0,0,0,0,0,0,0,0,0	0
4	3986	CERTIFIED_DEFICIT	1372	1	1	0	0,0,0,0,0,0,0,0,0,0,0,0,0	0
4	3987	CERTIFIED_DEFICIT	1372	1	1	0	0,0,0,0,0,0,0,0,0,0,0,0,0	0
4	3988	CERTIFIED_DEFICIT	1372	1	1	0	0,0,0,0,0,0,0,0,0,0,0,0,0	0
4	3989	CERTIFIED_DEFICIT	1372	1	1	0	0,0,0,0,0,0,0,0,0,0,0,0,0	0
4	3990	CERTIFIED_DEFICIT	1372	1	1	0	0,0,0,0,0,0,0,0,0,0,0,0,0	0
4	3991	CERTIFIED_DEFICIT	1372	1	1	0	0,0,0,0,0,0,0,0,0,0,0,0,0	0
4	3992	CERTIFIED_DEFICIT	1372	1	1	0	0,0,0,0,0,0,0,0,0,0,0,0,0	0
4	3993	CERTIFIED_DEFICIT	1372	1	1	0	0,0,0,0,0,0,0,0,0,0,0,0,0	0
4	3994	CERTIFIED_DEFICIT	1372	1	1	0	0,0,0,0,0,0,0,0,0,0,0,0,0	0
4	3995	CERTIFIED_DEFICIT	1372	1	1	0	0,0,0,0,0,0,0,0,0,0,0,0,0	0
4	3996	CERTIFIED_DEFICIT	1372	1	1	0	0,0,0,0,0,0,0,0,0,0,0,0,0	0
4	3997	CERTIFIED_DEFICIT	1372	1	1	0	0,0,0,0,0,0,0,0,0,0,0,0,0	0
4	3998	CERTIFIED_DEFICIT	1372	1	1	0	0,0,0,0,0,0,0,0,0,0,0,0,0	0
4	3999	CERTIFIED_DEFICIT	1372	1	1	0	0,0,0,0,0,0,0,0,0,0,0,0,0	0
4	4000	CERTIFIED_DEFICIT	1372	1	1	0	0,0,0,0,0,0,0,0,0,0,0,0,0	0
4	4001	CERTIFIED_DEFICIT	1372	1	1	0	0,0,0,0,0,0,0,0,0,0,0,0,0	0
4	4002	CERTIFIED_DEFICIT	1372	1	1	0	0,0,0,0,0,0,0,0,0,0,0,0,0	0
4	4003	CERTIFIED_DEFICIT	1372	1	1	0	0,0,0,0,0,0,0,0,0,0,0,0,0	0
4	4004	CERTIFIED_DEFICIT	1372	1	1	0	0,0,0,0,0,0,0,0,0,0,0,0,0	0
4	4005	CERTIFIED_DEFICIT	1372	1	1	0	0,0,0,0,0,0,0,0,0,0,0,0,0	0
4	4006	CERTIFIED_DEFICIT	1372	1	1	0	0,0,0,0,0,0,0,0,0,0,0,0,0	0
4	4007	CERTIFIED_DEFICIT	1372	1	1	0	0,0,0,0,0,0,0,0,0,0,0,0,0	0
4	4008	CERTIFIED_DEFICIT	1372	1	1	0	0,0,0,0,0,0,0,0,0,0,0,0,0	0
4	4009	CERTIFIED_DEFICIT	1372	1	1	0	0,0,0,0,0,0,0,0,0,0,0,0,0	0
4	4010	CERTIFIED_DEFICIT	1372	1	1	0	0,0,0,0,0,0,0,0,0,0,0,0,0	0
4	4011	CERTIFIED_DEFICIT	1372	1	1	0	0,0,0,0,0,0,0,0,0,0,0,0,0	0
4	4012	CERTIFIED_DEFICIT	1372	1	1	0	0,0,0,0,0,0,0,0,0,0,0,0,0	0
4	4013	CERTIFIED_DEFICIT	1372	1	1	0	0,0,0,0,0,0,0,0,0,0,0,0,0	0
4	4014	CERTIFIED_DEFICIT	1372	1	1	0	0,0,0,0,0,0,0,0,0,0,0,0,0	0
4	4015	CERTIFIED_DEFICIT	1372	1	1	0	0,0,0,0,0,0,0,0,0,0,0,0,0	0
4	4016	CERTIFIED_DEFICIT	1372	1	1	0	0,0,0,0,0,0,0,0,0,0,0,0,0	0
4	4017	CERTIFIED_DEFICIT	1372	1	1	0	0,0,0,0,0,0,0,0,0,0,0,0,0	0
4	4018	CERTIFIED_DEFICIT	1372	1	1	0	0,0,0,0,0,0,0,0,0,0,0,0,0	0
4	4019	CERTIFIED_DEFICIT	1372	1	1	0	0,0,0,0,0,0,0,0,0,0,0,0,0	0
4	4020	CERTIFIED_DEFICIT	1372	1	1	0	0,0,0,0,0,0,0,0,0,0,0,0,0	0
4	4021	CERTIFIED_DEFICIT	1372	1	1	0	0,0,0,0,0,0,0,0,0,0,0,0,0	0
4	4022	CERTIFIED_DEFICIT	1372	1	1	0	0,0,0,0,0,0,0,0,0,0,0,0,0	0
4	4023	CERTIFIED_DEFICIT	1372	1	1	0	0,0,0,0,0,0,0,0,0,0,0,0,0	0
4	4024	CERTIFIED_DEFICIT	1372	1	1	0	0,0,0,0,0,0,0,0,0,0,0,0,0	0
4	4025	CERTIFIED_DEFICIT	1372	1	1	0	0,0,0,0,0,0,0,0,0,0,0,0,0	0
4	4026	CERTIFIED_DEFICIT	1372	1	1	0	0,0,0,0,0,0,0,0,0,0,0,0,0	0
4	4027	CERTIFIED_DEFICIT	1372	1	1	0	0,0,0,0,0,0,0,0,0,0,0,0,0	0
4	4028	CERTIFIED_DEFICIT	1372	1	1	0	0,0,0,0,0,0,0,0,0,0,0,0,0	0
4	4029	CERTIFIED_DEFICIT	1372	1	1	0	0,0,0,0,0,0,0,0,0,0,0,0,0	0
4	4030	CERTIFIED_DEFICIT	1372	1	1	0	0,0,0,0,0,0,0,0,0,0,0,0,0	0
4	4031	CERTIFIED_DEFICIT	1372	1	1	0	0,0,0,0,0,0,0,0,0,0,0,0,0	0
4	4032	CERTIFIED_DEFICIT	1372	1	1	0	0,0,0,0,0,0,0,0,0,0,0,0,0	0
4	4033	CERTIFIED_DEFICIT	1372	1	1	0	0,0,0,0,0,0,0,0,0,0,0,0,0	0
4	4034	CERTIFIED_DEFICIT	1219	1	1	0	0,0,0,0,0,0,0,0,0,0,0,0,0	0
4	4035	CERTIFIED_DEFICIT	1372	1	1	0	0,0,0,0,0,0,0,0,0,0,0,0,0	0
4	4036	CERTIFIED_DEFICIT	1372	1	1	0	0,0,0,0,0,0,0,0,0,0,0,0,0	0
4	4037	CERTIFIED_DEFICIT	1372	1	1	0	0,0,0,0,0,0,0,0,0,0,0,0,0	0
4	4038	CERTIFIED_DEFICIT	1372	1	1	0	0,0,0,0,0,0,0,0,0,0,0,0,0	0
4	4039	CERTIFIED_DEFICIT	1372	1	1	0	0,0,0,0,0,0,0,0,0,0,0,0,0	0
4	4040	CERTIFIED_DEFICIT	1259	1	1	0	0,0,0,0,0,0,0,0,0,0,0,0,0	0
4	4041	CERTIFIED_DEFICIT	1372	1	1	0	0,0,0,0,0,0,0,0,0,0,0,0,0	0
4	4042	CERTIFIED_DEFICIT	1372	1	1	0	0,0,0,0,0,0,0,0,0,0,0,0,0	0
4	4043	CERTIFIED_DEFICIT	1372	1	1	0	0,0,0,0,0,0,0,0,0,0,0,0,0	0
4	4044	CERTIFIED_DEFICIT	1372	1	1	0	0,0,0,0,0,0,0,0,0,0,0,0,0	0
4	4045	CERTIFIED_DEFICIT	1372	1	1	0	0,0,0,0,0,0,0,0,0,0,0,0,0	0
4	4046	CERTIFIED_DEFICIT	1372	1	1	0	0,0,0,0,0,0,0,0,0,0,0,0,0	0
4	4047	CERTIFIED_DEFICIT	1372	1	1	0	0,0,0,0,0,0,0,0,0,0,0,0,0	0
4	4048	CERTIFIED_DEFICIT	1372	1	1	0	0,0,0,0,0,0,0,0,0,0,0,0,0	0
4	4049	CERTIFIED_DEFICIT	1241	1	1	0	0,0,0,0,0,0,0,0,0,0,0,0,0	0
4	4050	CERTIFIED_DEFICIT	1372	1	1	0	0,0,0,0,0,0,0,0,0,0,0,0,0	0
4	4051	CERTIFIED_DEFICIT	1372	1	1	0	0,0,0,0,0,0,0,0,0,0,0,0,0	0
4	4052	CERTIFIED_DEFICIT	1303	1	1	0	0,0,0,0,0,0,0,0,0,0,0,0,0	0
4	4053	CERTIFIED_DEFICIT	1372	1	1	0	0,0,0,0,0,0,0,0,0,0,0,0,0	0
4	4054	CERTIFIED_DEFICIT	1372	1	1	0	0,0,0,0,0,0,0,0,0,0,0,0,0	0
4	4055	CERTIFIED_DEFICIT	1372	1	1	0	0,0,0,0,0,0,0,0,0,0,0,0,0	0
4	4056	CERTIFIED_DEFICIT	1386	1	1	0	0,0,0,0,0,0,0,0,0,0,0,0,0	0
4	4057	CERTIFIED_DEFICIT	1386	1	1	0	0,0,0,0,0,0,0,0,0,0,0,0,0	0
4	4058	CERTIFIED_DEFICIT	1386	1	1	0	0,0,0,0,0,0,0,0,0,0,0,0,0	0
4	4059	CERTIFIED_DEFICIT	1386	1	1	0	0,0,0,0,0,0,0,0,0,0,0,0,0	0
4	4060	CERTIFIED_DEFICIT	1386	1	1	0	0,0,0,0,0,0,0,0,0,0,0,0,0	0
4	4061	CERTIFIED_DEFICIT	1386	1	1	0	0,0,0,0,0,0,0,0,0,0,0,0,0	0
4	4062	CERTIFIED_DEFICIT	1386	1	1	0	0,0,0,0,0,0,0,0,0,0,0,0,0	0
4	4063	CERTIFIED_DEFICIT	1386	1	1	0	0,0,0,0,0,0,0,0,0,0,0,0,0	0
4	4064	CERTIFIED_DEFICIT	1386	1	1	0	0,0,0,0,0,0,0,0,0,0,0,0,0	0
4	4065	CERTIFIED_DEFICIT	1386	1	1	0	0,0,0,0,0,0,0,0,0,0,0,0,0	0
4	4066	CERTIFIED_DEFICIT	1386	1	1	0	0,0,0,0,0,0,0,0,0,0,0,0,0	0
4	4067	CERTIFIED_DEFICIT	1386	1	1	0	0,0,0,0,0,0,0,0,0,0,0,0,0	0
4	4068	CERTIFIED_DEFICIT	1386	1	1	0	0,0,0,0,0,0,0,0,0,0,0,0,0	0
4	4069	CERTIFIED_DEFICIT	1386	1	1	0	0,0,0,0,0,0,0,0,0,0,0,0,0	0
4	4070	CERTIFIED_DEFICIT	1386	1	1	0	0,0,0,0,0,0,0,0,0,0,0,0,0	0
4	4071	CERTIFIED_DEFICIT	1386	1	1	0	0,0,0,0,0,0,0,0,0,0,0,0,0	0
4	4072	CERTIFIED_DEFICIT	1386	1	1	0	0,0,0,0,0,0,0,0,0,0,0,0,0	0
4	4073	CERTIFIED_DEFICIT	1386	1	1	0	0,0,0,0,0,0,0,0,0,0,0,0,0	0
4	4074	CERTIFIED_DEFICIT	1386	1	1	0	0,0,0,0,0,0,0,0,0,0,0,0,0	0
4	4075	CERTIFIED_DEFICIT	1386	1	1	0	0,0,0,0,0,0,0,0,0,0,0,0,0	0
4	4076	CERTIFIED_DEFICIT	1386	1	1	0	0,0,0,0,0,0,0,0,0,0,0,0,0	0
4	4077	CERTIFIED_DEFICIT	1386	1	1	0	0,0,0,0,0,0,0,0,0,0,0,0,0	0
4	4078	CERTIFIED_DEFICIT	1386	1	1	0	0,0,0,0,0,0,0,0,0,0,0,0,0	0
4	4079	CERTIFIED_DEFICIT	1386	1	1	0	0,0,0,0,0,0,0,0,0,0,0,0,0	0
4	4080	CERTIFIED_DEFICIT	1386	1	1	0	0,0,0,0,0,0,0,0,0,0,0,0,0	0
4	4081	CERTIFIED_DEFICIT	1386	1	1	0	0,0,0,0,0,0,0,0,0,0,0,0,0	0
4	4082	CERTIFIED_DEFICIT	1386	1	1	0	0,0,0,0,0,0,0,0,0,0,0,0,0	0
4	4083	CERTIFIED_DEFICIT	1386	1	1	0	0,0,0,0,0,0,0,0,0,0,0,0,0	0
4	4084	CERTIFIED_DEFICIT	1386	1	1	0	0,0,0,0,0,0,0,0,0,0,0,0,0	0
4	4085	CERTIFIED_DEFICIT	1386	1	1	0	0,0,0,0,0,0,0,0,0,0,0,0,0	0
4	4086	CERTIFIED_DEFICIT	1386	1	1	0	0,0,0,0,0,0,0,0,0,0,0,0,0	0
4	4087	CERTIFIED_DEFICIT	1386	1	1	0	0,0,0,0,0,0,0,0,0,0,0,0,0	0
4	4088	CERTIFIED_DEFICIT	1386	1	1	0	0,0,0,0,0,0,0,0,0,0,0,0,0	0
4	4089	CERTIFIED_DEFICIT	1386	1	1	0	0,0,0,0,0,0,0,0,0,0,0,0,0	0
4	4090	CERTIFIED_DEFICIT	1386	1	1	0	0,0,0,0,0,0,0,0,0,0,0,0,0	0
4	4091	CERTIFIED_DEFICIT	1386	1	1	0	0,0,0,0,0,0,0,0,0,0,0,0,0	0
4	4092	CERTIFIED_DEFICIT	1386	1	1	0	0,0,0,0,0,0,0,0,0,0,0,0,0	0
4	4093	CERTIFIED_DEFICIT	1386	1	1	0	0,0,0,0,0,0,0,0,0,0,0,0,0	0
4	4094	CERTIFIED_DEFICIT	1386	1	1	0	0,0,0,0,0,0,0,0,0,0,0,0,0	0
4	4095	CERTIFIED_DEFICIT	1386	1	1	0	0,0,0,0,0,0,0,0,0,0,0,0,0	0
4	4096	CERTIFIED_DEFICIT	1386	1	1	0	0,0,0,0,0,0,0,0,0,0,0,0,0	0
4	4097	CERTIFIED_DEFICIT	1386	1	1	0	0,0,0,0,0,0,0,0,0,0,0,0,0	0
4	4098	CERTIFIED_DEFICIT	1386	1	1	0	0,0,0,0,0,0,0,0,0,0,0,0,0	0
4	4099	CERTIFIED_DEFICIT	1386	1	1	0	0,0,0,0,0,0,0,0,0,0,0,0,0	0
4	4100	CERTIFIED_DEFICIT	1386	1	1	0	0,0,0,0,0,0,0,0,0,0,0,0,0	0
4	4101	CERTIFIED_DEFICIT	1386	1	1	0	0,0,0,0,0,0,0,0,0,0,0,0,0	0
4	4102	CERTIFIED_DEFICIT	1386	1	1	0	0,0,0,0,0,0,0,0,0,0,0,0,0	0
4	4103	CERTIFIED_DEFICIT	1386	1	1	0	0,0,0,0,0,0,0,0,0,0,0,0,0	0
4	4104	CERTIFIED_DEFICIT	1386	1	1	0	0,0,0,0,0,0,0,0,0,0,0,0,0	0
4	4105	CERTIFIED_DEFICIT	1386	1	1	0	0,0,0,0,0,0,0,0,0,0,0,0,0	0
4	4106	CERTIFIED_DEFICIT	1386	1	1	0	0,0,0,0,0,0,0,0,0,0,0,0,0	0
4	4107	CERTIFIED_DEFICIT	1386	1	1	0	0,0,0,0,0,0,0,0,0,0,0,0,0	0
4	4108	CERTIFIED_DEFICIT	1386	1	1	0	0,0,0,0,0,0,0,0,0,0,0,0,0	0
4	4109	CERTIFIED_DEFICIT	1386	1	1	0	0,0,0,0,0,0,0,0,0,0,0,0,0	0
4	4110	CERTIFIED_DEFICIT	1386	1	1	0	0,0,0,0,0,0,0,0,0,0,0,0,0	0
4	4111	CERTIFIED_DEFICIT	1386	1	1	0	0,0,0,0,0,0,0,0,0,0,0,0,0	0
4	4112	CERTIFIED_DEFICIT	1219	1	1	0	0,0,0,0,0,0,0,0,0,0,0,0,0	0
4	4113	CERTIFIED_DEFICIT	1386	1	1	0	0,0,0,0,0,0,0,0,0,0,0,0,0	0
4	4114	CERTIFIED_DEFICIT	1386	1	1	0	0,0,0,0,0,0,0,0,0,0,0,0,0	0
4	4115	CERTIFIED_DEFICIT	1386	1	1	0	0,0,0,0,0,0,0,0,0,0,0,0,0	0
4	4116	CERTIFIED_DEFICIT	1386	1	1	0	0,0,0,0,0,0,0,0,0,0,0,0,0	0
4	4117	CERTIFIED_DEFICIT	1386	1	1	0	0,0,0,0,0,0,0,0,0,0,0,0,0	0
4	4118	CERTIFIED_DEFICIT	1259	1	1	0	0,0,0,0,0,0,0,0,0,0,0,0,0	0
4	4119	CERTIFIED_DEFICIT	1386	1	1	0	0,0,0,0,0,0,0,0,0,0,0,0,0	0
4	4120	CERTIFIED_DEFICIT	1386	1	1	0	0,0,0,0,0,0,0,0,0,0,0,0,0	0
4	4121	CERTIFIED_DEFICIT	1386	1	1	0	0,0,0,0,0,0,0,0,0,0,0,0,0	0
4	4122	CERTIFIED_DEFICIT	1386	1	1	0	0,0,0,0,0,0,0,0,0,0,0,0,0	0
4	4123	CERTIFIED_DEFICIT	1386	1	1	0	0,0,0,0,0,0,0,0,0,0,0,0,0	0
4	4124	CERTIFIED_DEFICIT	1386	1	1	0	0,0,0,0,0,0,0,0,0,0,0,0,0	0
4	4125	CERTIFIED_DEFICIT	1386	1	1	0	0,0,0,0,0,0,0,0,0,0,0,0,0	0
4	4126	CERTIFIED_DEFICIT	1386	1	1	0	0,0,0,0,0,0,0,0,0,0,0,0,0	0
4	4127	CERTIFIED_DEFICIT	1241	1	1	0	0,0,0,0,0,0,0,0,0,0,0,0,0	0
4	4128	CERTIFIED_DEFICIT	1386	1	1	0	0,0,0,0,0,0,0,0,0,0,0,0,0	0
4	4129	CERTIFIED_DEFICIT	1386	1	1	0	0,0,0,0,0,0,0,0,0,0,0,0,0	0
4	4130	CERTIFIED_DEFICIT	1303	1	1	0	0,0,0,0,0,0,0,0,0,0,0,0,0	0
4	4131	CERTIFIED_DEFICIT	1386	1	1	0	0,0,0,0,0,0,0,0,0,0,0,0,0	0
4	4132	CERTIFIED_DEFICIT	1386	1	1	0	0,0,0,0,0,0,0,0,0,0,0,0,0	0
4	4133	CERTIFIED_DEFICIT	1386	1	1	0	0,0,0,0,0,0,0,0,0,0,0,0,0	0
4	4134	CERTIFIED_DEFICIT	1386	1	1	0	0,0,0,0,0,0,0,0,0,0,0,0,0	0
4	4135	CERTIFIED_DEFICIT	1386	1	1	0	0,0,0,0,0,0,0,0,0,0,0,0,0	0
4	4136	CERTIFIED_DEFICIT	1386	1	1	0	0,0,0,0,0,0,0,0,0,0,0,0,0	0
4	4137	CERTIFIED_DEFICIT	1386	1	1	0	0,0,0,0,0,0,0,0,0,0,0,0,0	0
4	4138	CERTIFIED_DEFICIT	1386	1	1	0	0,0,0,0,0,0,0,0,0,0,0,0,0	0
4	4139	CERTIFIED_DEFICIT	1386	1	1	0	0,0,0,0,0,0,0,0,0,0,0,0,0	0
4	4140	CERTIFIED_DEFICIT	1386	1	1	0	0,0,0,0,0,0,0,0,0,0,0,0,0	0
4	4141	CERTIFIED_DEFICIT	1386	1	1	0	0,0,0,0,0,0,0,0,0,0,0,0,0	0
4	4142	CERTIFIED_DEFICIT	1386	1	1	0	0,0,0,0,0,0,0,0,0,0,0,0,0	0
4	4143	CERTIFIED_DEFICIT	1386	1	1	0	0,0,0,0,0,0,0,0,0,0,0,0,0	0
4	4144	CERTIFIED_DEFICIT	1386	1	1	0	0,0,0,0,0,0,0,0,0,0,0,0,0	0
4	4145	CERTIFIED_DEFICIT	1386	1	1	0	0,0,0,0,0,0,0,0,0,0,0,0,0	0
4	4146	CERTIFIED_DEFICIT	1386	1	1	0	0,0,0,0,0,0,0,0,0,0,0,0,0	0
4	4147	CERTIFIED_DEFICIT	1386	1	1	0	0,0,0,0,0,0,0,0,0,0,0,0,0	0
4	4148	CERTIFIED_DEFICIT	1386	1	1	0	0,0,0,0,0,0,0,0,0,0,0,0,0	0
4	4149	CERTIFIED_DEFICIT	1386	1	1	0	0,0,0,0,0,0,0,0,0,0,0,0,0	0
4	4150	CERTIFIED_DEFICIT	1386	1	1	0	0,0,0,0,0,0,0,0,0,0,0,0,0	0
4	4151	CERTIFIED_DEFICIT	1386	1	1	0	0,0,0,0,0,0,0,0,0,0,0,0,0	0
4	4152	CERTIFIED_DEFICIT	1386	1	1	0	0,0,0,0,0,0,0,0,0,0,0,0,0	0
4	4153	CERTIFIED_DEFICIT	1386	1	1	0	0,0,0,0,0,0,0,0,0,0,0,0,0	0
4	4154	CERTIFIED_DEFICIT	1386	1	1	0	0,0,0,0,0,0,0,0,0,0,0,0,0	0
4	4155	CERTIFIED_DEFICIT	1386	1	1	0	0,0,0,0,0,0,0,0,0,0,0,0,0	0
4	4156	CERTIFIED_DEFICIT	1386	1	1	0	0,0,0,0,0,0,0,0,0,0,0,0,0	0
4	4157	CERTIFIED_DEFICIT	1386	1	1	0	0,0,0,0,0,0,0,0,0,0,0,0,0	0
4	4158	CERTIFIED_DEFICIT	1386	1	1	0	0,0,0,0,0,0,0,0,0,0,0,0,0	0
4	4159	CERTIFIED_DEFICIT	1386	1	1	0	0,0,0,0,0,0,0,0,0,0,0,0,0	0
4	4160	CERTIFIED_DEFICIT	1386	1	1	0	0,0,0,0,0,0,0,0,0,0,0,0,0	0
4	4161	CERTIFIED_DEFICIT	1386	1	1	0	0,0,0,0,0,0,0,0,0,0,0,0,0	0
4	4162	CERTIFIED_DEFICIT	1386	1	1	0	0,0,0,0,0,0,0,0,0,0,0,0,0	0
4	4163	CERTIFIED_DEFICIT	1386	1	1	0	0,0,0,0,0,0,0,0,0,0,0,0,0	0
4	4164	CERTIFIED_DEFICIT	1386	1	1	0	0,0,0,0,0,0,0,0,0,0,0,0,0	0
4	4165	CERTIFIED_DEFICIT	1386	1	1	0	0,0,0,0,0,0,0,0,0,0,0,0,0	0
4	4166	CERTIFIED_DEFICIT	1386	1	1	0	0,0,0,0,0,0,0,0,0,0,0,0,0	0
4	4167	CERTIFIED_DEFICIT	1386	1	1	0	0,0,0,0,0,0,0,0,0,0,0,0,0	0
4	4168	CERTIFIED_DEFICIT	1386	1	1	0	0,0,0,0,0,0,0,0,0,0,0,0,0	0
4	4169	CERTIFIED_DEFICIT	1386	1	1	0	0,0,0,0,0,0,0,0,0,0,0,0,0	0
4	4170	CERTIFIED_DEFICIT	1386	1	1	0	0,0,0,0,0,0,0,0,0,0,0,0,0	0
4	4171	CERTIFIED_DEFICIT	1386	1	1	0	0,0,0,0,0,0,0,0,0,0,0,0,0	0
4	4172	CERTIFIED_DEFICIT	1386	1	1	0	0,0,0,0,0,0,0,0,0,0,0,0,0	0
4	4173	CERTIFIED_DEFICIT	1386	1	1	0	0,0,0,0,0,0,0,0,0,0,0,0,0	0
4	4174	CERTIFIED_DEFICIT	1386	1	1	0	0,0,0,0,0,0,0,0,0,0,0,0,0	0
4	4175	CERTIFIED_DEFICIT	1386	1	1	0	0,0,0,0,0,0,0,0,0,0,0,0,0	0
4	4176	CERTIFIED_DEFICIT	1386	1	1	0	0,0,0,0,0,0,0,0,0,0,0,0,0	0
4	4177	CERTIFIED_DEFICIT	1386	1	1	0	0,0,0,0,0,0,0,0,0,0,0,0,0	0
4	4178	CERTIFIED_DEFICIT	1386	1	1	0	0,0,0,0,0,0,0,0,0,0,0,0,0	0
4	4179	CERTIFIED_DEFICIT	1386	1	1	0	0,0,0,0,0,0,0,0,0,0,0,0,0	0
4	4180	CERTIFIED_DEFICIT	1386	1	1	0	0,0,0,0,0,0,0,0,0,0,0,0,0	0
4	4181	CERTIFIED_DEFICIT	1386	1	1	0	0,0,0,0,0,0,0,0,0,0,0,0,0	0
4	4182	CERTIFIED_DEFICIT	1386	1	1	0	0,0,0,0,0,0,0,0,0,0,0,0,0	0
4	4183	CERTIFIED_DEFICIT	1386	1	1	0	0,0,0,0,0,0,0,0,0,0,0,0,0	0
4	4184	CERTIFIED_DEFICIT	1386	1	1	0	0,0,0,0,0,0,0,0,0,0,0,0,0	0
4	4185	CERTIFIED_DEFICIT	1386	1	1	0	0,0,0,0,0,0,0,0,0,0,0,0,0	0
4	4186	CERTIFIED_DEFICIT	1386	1	1	0	0,0,0,0,0,0,0,0,0,0,0,0,0	0
4	4187	CERTIFIED_DEFICIT	1386	1	1	0	0,0,0,0,0,0,0,0,0,0,0,0,0	0
4	4188	CERTIFIED_DEFICIT	1386	1	1	0	0,0,0,0,0,0,0,0,0,0,0,0,0	0
4	4189	CERTIFIED_DEFICIT	1386	1	1	0	0,0,0,0,0,0,0,0,0,0,0,0,0	0
4	4190	CERTIFIED_DEFICIT	1219	1	1	0	0,0,0,0,0,0,0,0,0,0,0,0,0	0
4	4191	CERTIFIED_DEFICIT	1386	1	1	0	0,0,0,0,0,0,0,0,0,0,0,0,0	0
4	4192	CERTIFIED_DEFICIT	1386	1	1	0	0,0,0,0,0,0,0,0,0,0,0,0,0	0
4	4193	CERTIFIED_DEFICIT	1386	1	1	0	0,0,0,0,0,0,0,0,0,0,0,0,0	0
4	4194	CERTIFIED_DEFICIT	1386	1	1	0	0,0,0,0,0,0,0,0,0,0,0,0,0	0
4	4195	CERTIFIED_DEFICIT	1386	1	1	0	0,0,0,0,0,0,0,0,0,0,0,0,0	0
4	4196	CERTIFIED_DEFICIT	1259	1	1	0	0,0,0,0,0,0,0,0,0,0,0,0,0	0
4	4197	CERTIFIED_DEFICIT	1386	1	1	0	0,0,0,0,0,0,0,0,0,0,0,0,0	0
4	4198	CERTIFIED_DEFICIT	1386	1	1	0	0,0,0,0,0,0,0,0,0,0,0,0,0	0
4	4199	CERTIFIED_DEFICIT	1386	1	1	0	0,0,0,0,0,0,0,0,0,0,0,0,0	0
4	4200	CERTIFIED_DEFICIT	1386	1	1	0	0,0,0,0,0,0,0,0,0,0,0,0,0	0
4	4201	CERTIFIED_DEFICIT	1386	1	1	0	0,0,0,0,0,0,0,0,0,0,0,0,0	0
4	4202	CERTIFIED_DEFICIT	1386	1	1	0	0,0,0,0,0,0,0,0,0,0,0,0,0	0
4	4203	CERTIFIED_DEFICIT	1386	1	1	0	0,0,0,0,0,0,0,0,0,0,0,0,0	0
4	4204	CERTIFIED_DEFICIT	1386	1	1	0	0,0,0,0,0,0,0,0,0,0,0,0,0	0
4	4205	CERTIFIED_DEFICIT	1241	1	1	0	0,0,0,0,0,0,0,0,0,0,0,0,0	0
4	4206	CERTIFIED_DEFICIT	1386	1	1	0	0,0,0,0,0,0,0,0,0,0,0,0,0	0
4	4207	CERTIFIED_DEFICIT	1386	1	1	0	0,0,0,0,0,0,0,0,0,0,0,0,0	0
4	4208	CERTIFIED_DEFICIT	1303	1	1	0	0,0,0,0,0,0,0,0,0,0,0,0,0	0
4	4209	CERTIFIED_DEFICIT	1386	1	1	0	0,0,0,0,0,0,0,0,0,0,0,0,0	0
4	4210	CERTIFIED_DEFICIT	1386	1	1	0	0,0,0,0,0,0,0,0,0,0,0,0,0	0
4	4211	CERTIFIED_DEFICIT	1386	1	1	0	0,0,0,0,0,0,0,0,0,0,0,0,0	0
4	4212	CERTIFIED_DEFICIT	1386	1	1	0	0,0,0,0,0,0,0,0,0,0,0,0,0	0
4	4213	CERTIFIED_DEFICIT	1386	1	1	0	0,0,0,0,0,0,0,0,0,0,0,0,0	0
4	4214	CERTIFIED_DEFICIT	1386	1	1	0	0,0,0,0,0,0,0,0,0,0,0,0,0	0
4	4215	CERTIFIED_DEFICIT	1386	1	1	0	0,0,0,0,0,0,0,0,0,0,0,0,0	0
4	4216	CERTIFIED_DEFICIT	1386	1	1	0	0,0,0,0,0,0,0,0,0,0,0,0,0	0
4	4217	CERTIFIED_DEFICIT	1386	1	1	0	0,0,0,0,0,0,0,0,0,0,0,0,0	0
4	4218	CERTIFIED_DEFICIT	1386	1	1	0	0,0,0,0,0,0,0,0,0,0,0,0,0	0
4	4219	CERTIFIED_DEFICIT	1386	1	1	0	0,0,0,0,0,0,0,0,0,0,0,0,0	0
4	4220	CERTIFIED_DEFICIT	1386	1	1	0	0,0,0,0,0,0,0,0,0,0,0,0,0	0
4	4221	CERTIFIED_DEFICIT	1386	1	1	0	0,0,0,0,0,0,0,0,0,0,0,0,0	0
4	4222	CERTIFIED_DEFICIT	1386	1	1	0	0,0,0,0,0,0,0,0,0,0,0,0,0	0
4	4223	CERTIFIED_DEFICIT	1386	1	1	0	0,0,0,0,0,0,0,0,0,0,0,0,0	0
4	4224	CERTIFIED_DEFICIT	1386	1	1	0	0,0,0,0,0,0,0,0,0,0,0,0,0	0
4	4225	CERTIFIED_DEFICIT	1386	1	1	0	0,0,0,0,0,0,0,0,0,0,0,0,0	0
4	4226	CERTIFIED_DEFICIT	1386	1	1	0	0,0,0,0,0,0,0,0,0,0,0,0,0	0
4	4227	CERTIFIED_DEFICIT	1386	1	1	0	0,0,0,0,0,0,0,0,0,0,0,0,0	0
4	4228	CERTIFIED_DEFICIT	1386	1	1	0	0,0,0,0,0,0,0,0,0,0,0,0,0	0
4	4229	CERTIFIED_DEFICIT	1386	1	1	0	0,0,0,0,0,0,0,0,0,0,0,0,0	0
4	4230	CERTIFIED_DEFICIT	1386	1	1	0	0,0,0,0,0,0,0,0,0,0,0,0,0	0
4	4231	CERTIFIED_DEFICIT	1386	1	1	0	0,0,0,0,0,0,0,0,0,0,0,0,0	0
4	4232	CERTIFIED_DEFICIT	1386	1	1	0	0,0,0,0,0,0,0,0,0,0,0,0,0	0
4	4233	CERTIFIED_DEFICIT	1386	1	1	0	0,0,0,0,0,0,0,0,0,0,0,0,0	0
4	4234	CERTIFIED_DEFICIT	1386	1	1	0	0,0,0,0,0,0,0,0,0,0,0,0,0	0
4	4235	CERTIFIED_DEFICIT	1386	1	1	0	0,0,0,0,0,0,0,0,0,0,0,0,0	0
4	4236	CERTIFIED_DEFICIT	1386	1	1	0	0,0,0,0,0,0,0,0,0,0,0,0,0	0
4	4237	CERTIFIED_DEFICIT	1386	1	1	0	0,0,0,0,0,0,0,0,0,0,0,0,0	0
4	4238	CERTIFIED_DEFICIT	1386	1	1	0	0,0,0,0,0,0,0,0,0,0,0,0,0	0
4	4239	CERTIFIED_DEFICIT	1386	1	1	0	0,0,0,0,0,0,0,0,0,0,0,0,0	0
4	4240	CERTIFIED_DEFICIT	1386	1	1	0	0,0,0,0,0,0,0,0,0,0,0,0,0	0
4	4241	CERTIFIED_DEFICIT	1386	1	1	0	0,0,0,0,0,0,0,0,0,0,0,0,0	0
4	4242	CERTIFIED_DEFICIT	1386	1	1	0	0,0,0,0,0,0,0,0,0,0,0,0,0	0
4	4243	CERTIFIED_DEFICIT	1386	1	1	0	0,0,0,0,0,0,0,0,0,0,0,0,0	0
4	4244	CERTIFIED_DEFICIT	1386	1	1	0	0,0,0,0,0,0,0,0,0,0,0,0,0	0
4	4245	CERTIFIED_DEFICIT	1386	1	1	0	0,0,0,0,0,0,0,0,0,0,0,0,0	0
4	4246	CERTIFIED_DEFICIT	1386	1	1	0	0,0,0,0,0,0,0,0,0,0,0,0,0	0
4	4247	CERTIFIED_DEFICIT	1386	1	1	0	0,0,0,0,0,0,0,0,0,0,0,0,0	0
4	4248	CERTIFIED_DEFICIT	1386	1	1	0	0,0,0,0,0,0,0,0,0,0,0,0,0	0
4	4249	CERTIFIED_DEFICIT	1386	1	1	0	0,0,0,0,0,0,0,0,0,0,0,0,0	0
4	4250	CERTIFIED_DEFICIT	1386	1	1	0	0,0,0,0,0,0,0,0,0,0,0,0,0	0
4	4251	CERTIFIED_DEFICIT	1386	1	1	0	0,0,0,0,0,0,0,0,0,0,0,0,0	0
4	4252	CERTIFIED_DEFICIT	1386	1	1	0	0,0,0,0,0,0,0,0,0,0,0,0,0	0
4	4253	CERTIFIED_DEFICIT	1386	1	1	0	0,0,0,0,0,0,0,0,0,0,0,0,0	0
4	4254	CERTIFIED_DEFICIT	1386	1	1	0	0,0,0,0,0,0,0,0,0,0,0,0,0	0
4	4255	CERTIFIED_DEFICIT	1386	1	1	0	0,0,0,0,0,0,0,0,0,0,0,0,0	0
4	4256	CERTIFIED_DEFICIT	1386	1	1	0	0,0,0,0,0,0,0,0,0,0,0,0,0	0
4	4257	CERTIFIED_DEFICIT	1386	1	1	0	0,0,0,0,0,0,0,0,0,0,0,0,0	0
4	4258	CERTIFIED_DEFICIT	1386	1	1	0	0,0,0,0,0,0,0,0,0,0,0,0,0	0
4	4259	CERTIFIED_DEFICIT	1386	1	1	0	0,0,0,0,0,0,0,0,0,0,0,0,0	0
4	4260	CERTIFIED_DEFICIT	1386	1	1	0	0,0,0,0,0,0,0,0,0,0,0,0,0	0
4	4261	CERTIFIED_DEFICIT	1386	1	1	0	0,0,0,0,0,0,0,0,0,0,0,0,0	0
4	4262	CERTIFIED_DEFICIT	1386	1	1	0	0,0,0,0,0,0,0,0,0,0,0,0,0	0
4	4263	CERTIFIED_DEFICIT	1386	1	1	0	0,0,0,0,0,0,0,0,0,0,0,0,0	0
4	4264	CERTIFIED_DEFICIT	1386	1	1	0	0,0,0,0,0,0,0,0,0,0,0,0,0	0
4	4265	CERTIFIED_DEFICIT	1386	1	1	0	0,0,0,0,0,0,0,0,0,0,0,0,0	0
4	4266	CERTIFIED_DEFICIT	1386	1	1	0	0,0,0,0,0,0,0,0,0,0,0,0,0	0
4	4267	CERTIFIED_DEFICIT	1386	1	1	0	0,0,0,0,0,0,0,0,0,0,0,0,0	0
4	4268	CERTIFIED_DEFICIT	1219	1	1	0	0,0,0,0,0,0,0,0,0,0,0,0,0	0
4	4269	CERTIFIED_DEFICIT	1386	1	1	0	0,0,0,0,0,0,0,0,0,0,0,0,0	0
4	4270	CERTIFIED_DEFICIT	1386	1	1	0	0,0,0,0,0,0,0,0,0,0,0,0,0	0
4	4271	CERTIFIED_DEFICIT	1386	1	1	0	0,0,0,0,0,0,0,0,0,0,0,0,0	0
4	4272	CERTIFIED_DEFICIT	1386	1	1	0	0,0,0,0,0,0,0,0,0,0,0,0,0	0
4	4273	CERTIFIED_DEFICIT	1386	1	1	0	0,0,0,0,0,0,0,0,0,0,0,0,0	0
4	4274	CERTIFIED_DEFICIT	1259	1	1	0	0,0,0,0,0,0,0,0,0,0,0,0,0	0
4	4275	CERTIFIED_DEFICIT	1386	1	1	0	0,0,0,0,0,0,0,0,0,0,0,0,0	0
4	4276	CERTIFIED_DEFICIT	1386	1	1	0	0,0,0,0,0,0,0,0,0,0,0,0,0	0
4	4277	CERTIFIED_DEFICIT	1386	1	1	0	0,0,0,0,0,0,0,0,0,0,0,0,0	0
4	4278	CERTIFIED_DEFICIT	1386	1	1	0	0,0,0,0,0,0,0,0,0,0,0,0,0	0
4	4279	CERTIFIED_DEFICIT	1386	1	1	0	0,0,0,0,0,0,0,0,0,0,0,0,0	0
4	4280	CERTIFIED_DEFICIT	1386	1	1	0	0,0,0,0,0,0,0,0,0,0,0,0,0	0
4	4281	CERTIFIED_DEFICIT	1386	1	1	0	0,0,0,0,0,0,0,0,0,0,0,0,0	0
4	4282	CERTIFIED_DEFICIT	1386	1	1	0	0,0,0,0,0,0,0,0,0,0,0,0,0	0
4	4283	CERTIFIED_DEFICIT	1241	1	1	0	0,0,0,0,0,0,0,0,0,0,0,0,0	0
4	4284	CERTIFIED_DEFICIT	1386	1	1	0	0,0,0,0,0,0,0,0,0,0,0,0,0	0
4	4285	CERTIFIED_DEFICIT	1386	1	1	0	0,0,0,0,0,0,0,0,0,0,0,0,0	0
4	4286	CERTIFIED_DEFICIT	1303	1	1	0	0,0,0,0,0,0,0,0,0,0,0,0,0	0
4	4287	CERTIFIED_DEFICIT	1386	1	1	0	0,0,0,0,0,0,0,0,0,0,0,0,0	0
4	4288	CERTIFIED_DEFICIT	1386	1	1	0	0,0,0,0,0,0,0,0,0,0,0,0,0	0
4	4289	CERTIFIED_DEFICIT	1386	1	1	0	0,0,0,0,0,0,0,0,0,0,0,0,0	0
4	4290	CERTIFIED_DEFICIT	1302	1	1	0	0,0,0,0,0,0,0,0,0,0,0,0,0	0
4	4291	CERTIFIED_DEFICIT	1302	1	1	0	0,0,0,0,0,0,0,0,0,0,0,0,0	0
4	4292	CERTIFIED_DEFICIT	1302	1	1	0	0,0,0,0,0,0,0,0,0,0,0,0,0	0
4	4293	CERTIFIED_DEFICIT	1302	1	1	0	0,0,0,0,0,0,0,0,0,0,0,0,0	0
4	4294	CERTIFIED_DEFICIT	1302	1	1	0	0,0,0,0,0,0,0,0,0,0,0,0,0	0
4	4295	CERTIFIED_DEFICIT	1302	1	1	0	0,0,0,0,0,0,0,0,0,0,0,0,0	0
4	4296	CERTIFIED_DEFICIT	1302	1	1	0	0,0,0,0,0,0,0,0,0,0,0,0,0	0
4	4297	CERTIFIED_DEFICIT	1302	1	1	0	0,0,0,0,0,0,0,0,0,0,0,0,0	0
4	4298	CERTIFIED_DEFICIT	1302	1	1	0	0,0,0,0,0,0,0,0,0,0,0,0,0	0
4	4299	CERTIFIED_DEFICIT	1302	1	1	0	0,0,0,0,0,0,0,0,0,0,0,0,0	0
4	4300	CERTIFIED_DEFICIT	1302	1	1	0	0,0,0,0,0,0,0,0,0,0,0,0,0	0
4	4301	CERTIFIED_DEFICIT	1302	1	1	0	0,0,0,0,0,0,0,0,0,0,0,0,0	0
4	4302	CERTIFIED_DEFICIT	1302	1	1	0	0,0,0,0,0,0,0,0,0,0,0,0,0	0
4	4303	CERTIFIED_DEFICIT	1302	1	1	0	0,0,0,0,0,0,0,0,0,0,0,0,0	0
4	4304	CERTIFIED_DEFICIT	1302	1	1	0	0,0,0,0,0,0,0,0,0,0,0,0,0	0
4	4305	CERTIFIED_DEFICIT	1302	1	1	0	0,0,0,0,0,0,0,0,0,0,0,0,0	0
4	4306	CERTIFIED_DEFICIT	1302	1	1	0	0,0,0,0,0,0,0,0,0,0,0,0,0	0
4	4307	CERTIFIED_DEFICIT	1302	1	1	0	0,0,0,0,0,0,0,0,0,0,0,0,0	0
4	4308	CERTIFIED_DEFICIT	1302	1	1	0	0,0,0,0,0,0,0,0,0,0,0,0,0	0
4	4309	CERTIFIED_DEFICIT	1302	1	1	0	0,0,0,0,0,0,0,0,0,0,0,0,0	0
4	4310	CERTIFIED_DEFICIT	1302	1	1	0	0,0,0,0,0,0,0,0,0,0,0,0,0	0
4	4311	CERTIFIED_DEFICIT	1302	1	1	0	0,0,0,0,0,0,0,0,0,0,0,0,0	0
4	4312	CERTIFIED_DEFICIT	1302	1	1	0	0,0,0,0,0,0,0,0,0,0,0,0,0	0
4	4313	CERTIFIED_DEFICIT	1302	1	1	0	0,0,0,0,0,0,0,0,0,0,0,0,0	0
4	4314	CERTIFIED_DEFICIT	1302	1	1	0	0,0,0,0,0,0,0,0,0,0,0,0,0	0
4	4315	CERTIFIED_DEFICIT	1302	1	1	0	0,0,0,0,0,0,0,0,0,0,0,0,0	0
4	4316	CERTIFIED_DEFICIT	1302	1	1	0	0,0,0,0,0,0,0,0,0,0,0,0,0	0
4	4317	CERTIFIED_DEFICIT	1302	1	1	0	0,0,0,0,0,0,0,0,0,0,0,0,0	0
4	4318	CERTIFIED_DEFICIT	1302	1	1	0	0,0,0,0,0,0,0,0,0,0,0,0,0	0
4	4319	CERTIFIED_DEFICIT	1302	1	1	0	0,0,0,0,0,0,0,0,0,0,0,0,0	0
4	4320	CERTIFIED_DEFICIT	1302	1	1	0	0,0,0,0,0,0,0,0,0,0,0,0,0	0
4	4321	CERTIFIED_DEFICIT	1302	1	1	0	0,0,0,0,0,0,0,0,0,0,0,0,0	0
4	4322	CERTIFIED_DEFICIT	1302	1	1	0	0,0,0,0,0,0,0,0,0,0,0,0,0	0
4	4323	CERTIFIED_DEFICIT	1302	1	1	0	0,0,0,0,0,0,0,0,0,0,0,0,0	0
4	4324	CERTIFIED_DEFICIT	1302	1	1	0	0,0,0,0,0,0,0,0,0,0,0,0,0	0
4	4325	CERTIFIED_DEFICIT	1302	1	1	0	0,0,0,0,0,0,0,0,0,0,0,0,0	0
4	4326	CERTIFIED_DEFICIT	1302	1	1	0	0,0,0,0,0,0,0,0,0,0,0,0,0	0
4	4327	CERTIFIED_DEFICIT	1302	1	1	0	0,0,0,0,0,0,0,0,0,0,0,0,0	0
4	4328	CERTIFIED_DEFICIT	1302	1	1	0	0,0,0,0,0,0,0,0,0,0,0,0,0	0
4	4329	CERTIFIED_DEFICIT	1302	1	1	0	0,0,0,0,0,0,0,0,0,0,0,0,0	0
4	4330	CERTIFIED_DEFICIT	1302	1	1	0	0,0,0,0,0,0,0,0,0,0,0,0,0	0
4	4331	CERTIFIED_DEFICIT	1302	1	1	0	0,0,0,0,0,0,0,0,0,0,0,0,0	0
4	4332	CERTIFIED_DEFICIT	1302	1	1	0	0,0,0,0,0,0,0,0,0,0,0,0,0	0
4	4333	CERTIFIED_DEFICIT	1302	1	1	0	0,0,0,0,0,0,0,0,0,0,0,0,0	0
4	4334	CERTIFIED_DEFICIT	1302	1	1	0	0,0,0,0,0,0,0,0,0,0,0,0,0	0
4	4335	CERTIFIED_DEFICIT	1302	1	1	0	0,0,0,0,0,0,0,0,0,0,0,0,0	0
4	4336	CERTIFIED_DEFICIT	1302	1	1	0	0,0,0,0,0,0,0,0,0,0,0,0,0	0
4	4337	CERTIFIED_DEFICIT	1302	1	1	0	0,0,0,0,0,0,0,0,0,0,0,0,0	0
4	4338	CERTIFIED_DEFICIT	1302	1	1	0	0,0,0,0,0,0,0,0,0,0,0,0,0	0
4	4339	CERTIFIED_DEFICIT	1302	1	1	0	0,0,0,0,0,0,0,0,0,0,0,0,0	0
4	4340	CERTIFIED_DEFICIT	1302	1	1	0	0,0,0,0,0,0,0,0,0,0,0,0,0	0
4	4341	CERTIFIED_DEFICIT	1302	1	1	0	0,0,0,0,0,0,0,0,0,0,0,0,0	0
4	4342	CERTIFIED_DEFICIT	1302	1	1	0	0,0,0,0,0,0,0,0,0,0,0,0,0	0
4	4343	CERTIFIED_DEFICIT	1302	1	1	0	0,0,0,0,0,0,0,0,0,0,0,0,0	0
4	4344	CERTIFIED_DEFICIT	1302	1	1	0	0,0,0,0,0,0,0,0,0,0,0,0,0	0
4	4345	CERTIFIED_DEFICIT	1302	1	1	0	0,0,0,0,0,0,0,0,0,0,0,0,0	0
4	4346	CERTIFIED_DEFICIT	1219	1	1	0	0,0,0,0,0,0,0,0,0,0,0,0,0	0
4	4347	CERTIFIED_DEFICIT	1302	1	1	0	0,0,0,0,0,0,0,0,0,0,0,0,0	0
4	4348	CERTIFIED_DEFICIT	1302	1	1	0	0,0,0,0,0,0,0,0,0,0,0,0,0	0
4	4349	CERTIFIED_DEFICIT	1302	1	1	0	0,0,0,0,0,0,0,0,0,0,0,0,0	0
4	4350	CERTIFIED_DEFICIT	1302	1	1	0	0,0,0,0,0,0,0,0,0,0,0,0,0	0
4	4351	CERTIFIED_DEFICIT	1302	1	1	0	0,0,0,0,0,0,0,0,0,0,0,0,0	0
4	4352	CERTIFIED_DEFICIT	1259	1	1	0	0,0,0,0,0,0,0,0,0,0,0,0,0	0
4	4353	CERTIFIED_DEFICIT	1302	1	1	0	0,0,0,0,0,0,0,0,0,0,0,0,0	0
4	4354	CERTIFIED_DEFICIT	1302	1	1	0	0,0,0,0,0,0,0,0,0,0,0,0,0	0
4	4355	CERTIFIED_DEFICIT	1302	1	1	0	0,0,0,0,0,0,0,0,0,0,0,0,0	0
4	4356	CERTIFIED_DEFICIT	1302	1	1	0	0,0,0,0,0,0,0,0,0,0,0,0,0	0
4	4357	CERTIFIED_DEFICIT	1302	1	1	0	0,0,0,0,0,0,0,0,0,0,0,0,0	0
4	4358	CERTIFIED_DEFICIT	1302	1	1	0	0,0,0,0,0,0,0,0,0,0,0,0,0	0
4	4359	CERTIFIED_DEFICIT	1302	1	1	0	0,0,0,0,0,0,0,0,0,0,0,0,0	0
4	4360	CERTIFIED_DEFICIT	1302	1	1	0	0,0,0,0,0,0,0,0,0,0,0,0,0	0
4	4361	CERTIFIED_DEFICIT	1241	1	1	0	0,0,0,0,0,0,0,0,0,0,0,0,0	0
4	4362	CERTIFIED_DEFICIT	1302	1	1	0	0,0,0,0,0,0,0,0,0,0,0,0,0	0
4	4363	CERTIFIED_DEFICIT	1302	1	1	0	0,0,0,0,0,0,0,0,0,0,0,0,0	0
4	4364	CERTIFIED_DEFICIT	1302	1	1	0	0,0,0,0,0,0,0,0,0,0,0,0,0	0
4	4365	CERTIFIED_DEFICIT	1302	1	1	0	0,0,0,0,0,0,0,0,0,0,0,0,0	0
4	4366	CERTIFIED_DEFICIT	1302	1	1	0	0,0,0,0,0,0,0,0,0,0,0,0,0	0
4	4367	CERTIFIED_DEFICIT	1302	1	1	0	0,0,0,0,0,0,0,0,0,0,0,0,0	0
4	4368	CERTIFIED_DEFICIT	1386	1	1	0	0,0,0,0,0,0,0,0,0,0,0,0,0	0
4	4369	CERTIFIED_DEFICIT	1386	1	1	0	0,0,0,0,0,0,0,0,0,0,0,0,0	0
4	4370	CERTIFIED_DEFICIT	1386	1	1	0	0,0,0,0,0,0,0,0,0,0,0,0,0	0
4	4371	CERTIFIED_DEFICIT	1386	1	1	0	0,0,0,0,0,0,0,0,0,0,0,0,0	0
4	4372	CERTIFIED_DEFICIT	1386	1	1	0	0,0,0,0,0,0,0,0,0,0,0,0,0	0
4	4373	CERTIFIED_DEFICIT	1386	1	1	0	0,0,0,0,0,0,0,0,0,0,0,0,0	0
4	4374	CERTIFIED_DEFICIT	1386	1	1	0	0,0,0,0,0,0,0,0,0,0,0,0,0	0
4	4375	CERTIFIED_DEFICIT	1386	1	1	0	0,0,0,0,0,0,0,0,0,0,0,0,0	0
4	4376	CERTIFIED_DEFICIT	1386	1	1	0	0,0,0,0,0,0,0,0,0,0,0,0,0	0
4	4377	CERTIFIED_DEFICIT	1386	1	1	0	0,0,0,0,0,0,0,0,0,0,0,0,0	0
4	4378	CERTIFIED_DEFICIT	1386	1	1	0	0,0,0,0,0,0,0,0,0,0,0,0,0	0
4	4379	CERTIFIED_DEFICIT	1386	1	1	0	0,0,0,0,0,0,0,0,0,0,0,0,0	0
4	4380	CERTIFIED_DEFICIT	1386	1	1	0	0,0,0,0,0,0,0,0,0,0,0,0,0	0
4	4381	CERTIFIED_DEFICIT	1386	1	1	0	0,0,0,0,0,0,0,0,0,0,0,0,0	0
4	4382	CERTIFIED_DEFICIT	1386	1	1	0	0,0,0,0,0,0,0,0,0,0,0,0,0	0
4	4383	CERTIFIED_DEFICIT	1386	1	1	0	0,0,0,0,0,0,0,0,0,0,0,0,0	0
4	4384	CERTIFIED_DEFICIT	1386	1	1	0	0,0,0,0,0,0,0,0,0,0,0,0,0	0
4	4385	CERTIFIED_DEFICIT	1386	1	1	0	0,0,0,0,0,0,0,0,0,0,0,0,0	0
4	4386	CERTIFIED_DEFICIT	1386	1	1	0	0,0,0,0,0,0,0,0,0,0,0,0,0	0
4	4387	CERTIFIED_DEFICIT	1386	1	1	0	0,0,0,0,0,0,0,0,0,0,0,0,0	0
4	4388	CERTIFIED_DEFICIT	1386	1	1	0	0,0,0,0,0,0,0,0,0,0,0,0,0	0
4	4389	CERTIFIED_DEFICIT	1386	1	1	0	0,0,0,0,0,0,0,0,0,0,0,0,0	0
4	4390	CERTIFIED_DEFICIT	1386	1	1	0	0,0,0,0,0,0,0,0,0,0,0,0,0	0
4	4391	CERTIFIED_DEFICIT	1386	1	1	0	0,0,0,0,0,0,0,0,0,0,0,0,0	0
4	4392	CERTIFIED_DEFICIT	1386	1	1	0	0,0,0,0,0,0,0,0,0,0,0,0,0	0
4	4393	CERTIFIED_DEFICIT	1386	1	1	0	0,0,0,0,0,0,0,0,0,0,0,0,0	0
4	4394	CERTIFIED_DEFICIT	1386	1	1	0	0,0,0,0,0,0,0,0,0,0,0,0,0	0
4	4395	CERTIFIED_DEFICIT	1386	1	1	0	0,0,0,0,0,0,0,0,0,0,0,0,0	0
4	4396	CERTIFIED_DEFICIT	1386	1	1	0	0,0,0,0,0,0,0,0,0,0,0,0,0	0
4	4397	CERTIFIED_DEFICIT	1386	1	1	0	0,0,0,0,0,0,0,0,0,0,0,0,0	0
4	4398	CERTIFIED_DEFICIT	1386	1	1	0	0,0,0,0,0,0,0,0,0,0,0,0,0	0
4	4399	CERTIFIED_DEFICIT	1386	1	1	0	0,0,0,0,0,0,0,0,0,0,0,0,0	0
4	4400	CERTIFIED_DEFICIT	1386	1	1	0	0,0,0,0,0,0,0,0,0,0,0,0,0	0
4	4401	CERTIFIED_DEFICIT	1386	1	1	0	0,0,0,0,0,0,0,0,0,0,0,0,0	0
4	4402	CERTIFIED_DEFICIT	1386	1	1	0	0,0,0,0,0,0,0,0,0,0,0,0,0	0
4	4403	CERTIFIED_DEFICIT	1386	1	1	0	0,0,0,0,0,0,0,0,0,0,0,0,0	0
4	4404	CERTIFIED_DEFICIT	1386	1	1	0	0,0,0,0,0,0,0,0,0,0,0,0,0	0
4	4405	CERTIFIED_DEFICIT	1386	1	1	0	0,0,0,0,0,0,0,0,0,0,0,0,0	0
4	4406	CERTIFIED_DEFICIT	1386	1	1	0	0,0,0,0,0,0,0,0,0,0,0,0,0	0
4	4407	CERTIFIED_DEFICIT	1386	1	1	0	0,0,0,0,0,0,0,0,0,0,0,0,0	0
4	4408	CERTIFIED_DEFICIT	1386	1	1	0	0,0,0,0,0,0,0,0,0,0,0,0,0	0
4	4409	CERTIFIED_DEFICIT	1310	1	1	0	0,0,0,0,0,0,0,0,0,0,0,0,0	0
4	4410	CERTIFIED_DEFICIT	1386	1	1	0	0,0,0,0,0,0,0,0,0,0,0,0,0	0
4	4411	CERTIFIED_DEFICIT	1386	1	1	0	0,0,0,0,0,0,0,0,0,0,0,0,0	0
4	4412	CERTIFIED_DEFICIT	1386	1	1	0	0,0,0,0,0,0,0,0,0,0,0,0,0	0
4	4413	CERTIFIED_DEFICIT	1386	1	1	0	0,0,0,0,0,0,0,0,0,0,0,0,0	0
4	4414	CERTIFIED_DEFICIT	1386	1	1	0	0,0,0,0,0,0,0,0,0,0,0,0,0	0
4	4415	CERTIFIED_DEFICIT	1386	1	1	0	0,0,0,0,0,0,0,0,0,0,0,0,0	0
4	4416	CERTIFIED_DEFICIT	1386	1	1	0	0,0,0,0,0,0,0,0,0,0,0,0,0	0
4	4417	CERTIFIED_DEFICIT	1386	1	1	0	0,0,0,0,0,0,0,0,0,0,0,0,0	0
4	4418	CERTIFIED_DEFICIT	1386	1	1	0	0,0,0,0,0,0,0,0,0,0,0,0,0	0
4	4419	CERTIFIED_DEFICIT	1386	1	1	0	0,0,0,0,0,0,0,0,0,0,0,0,0	0
4	4420	CERTIFIED_DEFICIT	1386	1	1	0	0,0,0,0,0,0,0,0,0,0,0,0,0	0
4	4421	CERTIFIED_DEFICIT	1386	1	1	0	0,0,0,0,0,0,0,0,0,0,0,0,0	0
4	4422	CERTIFIED_DEFICIT	1386	1	1	0	0,0,0,0,0,0,0,0,0,0,0,0,0	0
4	4423	CERTIFIED_DEFICIT	1386	1	1	0	0,0,0,0,0,0,0,0,0,0,0,0,0	0
4	4424	CERTIFIED_DEFICIT	1219	1	1	0	0,0,0,0,0,0,0,0,0,0,0,0,0	0
4	4425	CERTIFIED_DEFICIT	1386	1	1	0	0,0,0,0,0,0,0,0,0,0,0,0,0	0
4	4426	CERTIFIED_DEFICIT	1386	1	1	0	0,0,0,0,0,0,0,0,0,0,0,0,0	0
4	4427	CERTIFIED_DEFICIT	1386	1	1	0	0,0,0,0,0,0,0,0,0,0,0,0,0	0
4	4428	CERTIFIED_DEFICIT	1386	1	1	0	0,0,0,0,0,0,0,0,0,0,0,0,0	0
4	4429	CERTIFIED_DEFICIT	1386	1	1	0	0,0,0,0,0,0,0,0,0,0,0,0,0	0
4	4430	CERTIFIED_DEFICIT	1252	1	1	0	0,0,0,0,0,0,0,0,0,0,0,0,0	0
4	4431	CERTIFIED_DEFICIT	1386	1	1	0	0,0,0,0,0,0,0,0,0,0,0,0,0	0
4	4432	CERTIFIED_DEFICIT	1386	1	1	0	0,0,0,0,0,0,0,0,0,0,0,0,0	0
4	4433	CERTIFIED_DEFICIT	1386	1	1	0	0,0,0,0,0,0,0,0,0,0,0,0,0	0
4	4434	CERTIFIED_DEFICIT	1386	1	1	0	0,0,0,0,0,0,0,0,0,0,0,0,0	0
4	4435	CERTIFIED_DEFICIT	1230	1	1	0	0,0,0,0,0,0,0,0,0,0,0,0,0	0
4	4436	CERTIFIED_DEFICIT	1386	1	1	0	0,0,0,0,0,0,0,0,0,0,0,0,0	0
4	4437	CERTIFIED_DEFICIT	1386	1	1	0	0,0,0,0,0,0,0,0,0,0,0,0,0	0
4	4438	CERTIFIED_DEFICIT	1386	1	1	0	0,0,0,0,0,0,0,0,0,0,0,0,0	0
4	4439	CERTIFIED_DEFICIT	1241	1	1	0	0,0,0,0,0,0,0,0,0,0,0,0,0	0
4	4440	CERTIFIED_DEFICIT	1386	1	1	0	0,0,0,0,0,0,0,0,0,0,0,0,0	0
4	4441	CERTIFIED_DEFICIT	1386	1	1	0	0,0,0,0,0,0,0,0,0,0,0,0,0	0
4	4442	CERTIFIED_DEFICIT	1303	1	1	0	0,0,0,0,0,0,0,0,0,0,0,0,0	0
4	4443	CERTIFIED_DEFICIT	1386	1	1	0	0,0,0,0,0,0,0,0,0,0,0,0,0	0
4	4444	CERTIFIED_DEFICIT	1332	1	1	0	0,0,0,0,0,0,0,0,0,0,0,0,0	0
4	4445	CERTIFIED_DEFICIT	1386	1	1	0	0,0,0,0,0,0,0,0,0,0,0,0,0	0
4	4446	CERTIFIED_DEFICIT	1988	1	1	0	0,0,0,0,0,0,0,0,0,0,0,0,0	0
4	4447	CERTIFIED_DEFICIT	1988	1	1	0	0,0,0,0,0,0,0,0,0,0,0,0,0	0
4	4448	CERTIFIED_DEFICIT	1988	1	1	0	0,0,0,0,0,0,0,0,0,0,0,0,0	0
4	4449	CERTIFIED_DEFICIT	1988	1	1	0	0,0,0,0,0,0,0,0,0,0,0,0,0	0
4	4450	CERTIFIED_DEFICIT	1988	1	1	0	0,0,0,0,0,0,0,0,0,0,0,0,0	0
4	4451	CERTIFIED_DEFICIT	1988	1	1	0	0,0,0,0,0,0,0,0,0,0,0,0,0	0
4	4452	CERTIFIED_DEFICIT	1988	1	1	0	0,0,0,0,0,0,0,0,0,0,0,0,0	0
4	4453	CERTIFIED_DEFICIT	1988	1	1	0	0,0,0,0,0,0,0,0,0,0,0,0,0	0
4	4454	CERTIFIED_DEFICIT	1988	1	1	0	0,0,0,0,0,0,0,0,0,0,0,0,0	0
4	4455	CERTIFIED_DEFICIT	1988	1	1	0	0,0,0,0,0,0,0,0,0,0,0,0,0	0
4	4456	CERTIFIED_DEFICIT	1988	1	1	0	0,0,0,0,0,0,0,0,0,0,0,0,0	0
4	4457	CERTIFIED_DEFICIT	1988	1	1	0	0,0,0,0,0,0,0,0,0,0,0,0,0	0
4	4458	CERTIFIED_DEFICIT	1988	1	1	0	0,0,0,0,0,0,0,0,0,0,0,0,0	0
4	4459	CERTIFIED_DEFICIT	1988	1	1	0	0,0,0,0,0,0,0,0,0,0,0,0,0	0
4	4460	CERTIFIED_DEFICIT	1988	1	1	0	0,0,0,0,0,0,0,0,0,0,0,0,0	0
4	4461	CERTIFIED_DEFICIT	1988	1	1	0	0,0,0,0,0,0,0,0,0,0,0,0,0	0
4	4462	CERTIFIED_DEFICIT	1988	1	1	0	0,0,0,0,0,0,0,0,0,0,0,0,0	0
4	4463	CERTIFIED_DEFICIT	1988	1	1	0	0,0,0,0,0,0,0,0,0,0,0,0,0	0
4	4464	CERTIFIED_DEFICIT	1988	1	1	0	0,0,0,0,0,0,0,0,0,0,0,0,0	0
4	4465	CERTIFIED_DEFICIT	1988	1	1	0	0,0,0,0,0,0,0,0,0,0,0,0,0	0
4	4466	CERTIFIED_DEFICIT	1988	1	1	0	0,0,0,0,0,0,0,0,0,0,0,0,0	0
4	4467	CERTIFIED_DEFICIT	1988	1	1	0	0,0,0,0,0,0,0,0,0,0,0,0,0	0
4	4468	CERTIFIED_DEFICIT	1988	1	1	0	0,0,0,0,0,0,0,0,0,0,0,0,0	0
4	4469	CERTIFIED_DEFICIT	1988	1	1	0	0,0,0,0,0,0,0,0,0,0,0,0,0	0
4	4470	CERTIFIED_DEFICIT	1988	1	1	0	0,0,0,0,0,0,0,0,0,0,0,0,0	0
4	4471	CERTIFIED_DEFICIT	1988	1	1	0	0,0,0,0,0,0,0,0,0,0,0,0,0	0
4	4472	CERTIFIED_DEFICIT	1988	1	1	0	0,0,0,0,0,0,0,0,0,0,0,0,0	0
4	4473	CERTIFIED_DEFICIT	1988	1	1	0	0,0,0,0,0,0,0,0,0,0,0,0,0	0
4	4474	CERTIFIED_DEFICIT	1988	1	1	0	0,0,0,0,0,0,0,0,0,0,0,0,0	0
4	4475	CERTIFIED_DEFICIT	1988	1	1	0	0,0,0,0,0,0,0,0,0,0,0,0,0	0
4	4476	CERTIFIED_DEFICIT	1988	1	1	0	0,0,0,0,0,0,0,0,0,0,0,0,0	0
4	4477	CERTIFIED_DEFICIT	1988	1	1	0	0,0,0,0,0,0,0,0,0,0,0,0,0	0
4	4478	CERTIFIED_DEFICIT	1988	1	1	0	0,0,0,0,0,0,0,0,0,0,0,0,0	0
4	4479	CERTIFIED_DEFICIT	1988	1	1	0	0,0,0,0,0,0,0,0,0,0,0,0,0	0
4	4480	CERTIFIED_DEFICIT	1988	1	1	0	0,0,0,0,0,0,0,0,0,0,0,0,0	0
4	4481	CERTIFIED_DEFICIT	1988	1	1	0	0,0,0,0,0,0,0,0,0,0,0,0,0	0
4	4482	CERTIFIED_DEFICIT	1988	1	1	0	0,0,0,0,0,0,0,0,0,0,0,0,0	0
4	4483	CERTIFIED_DEFICIT	1988	1	1	0	0,0,0,0,0,0,0,0,0,0,0,0,0	0
4	4484	CERTIFIED_DEFICIT	1988	1	1	0	0,0,0,0,0,0,0,0,0,0,0,0,0	0
4	4485	CERTIFIED_DEFICIT	1988	1	1	0	0,0,0,0,0,0,0,0,0,0,0,0,0	0
4	4486	CERTIFIED_DEFICIT	1988	1	1	0	0,0,0,0,0,0,0,0,0,0,0,0,0	0
4	4487	CERTIFIED_DEFICIT	1988	1	1	0	0,0,0,0,0,0,0,0,0,0,0,0,0	0
4	4488	CERTIFIED_DEFICIT	1988	1	1	0	0,0,0,0,0,0,0,0,0,0,0,0,0	0
4	4489	CERTIFIED_DEFICIT	1988	1	1	0	0,0,0,0,0,0,0,0,0,0,0,0,0	0
4	4490	CERTIFIED_DEFICIT	1988	1	1	0	0,0,0,0,0,0,0,0,0,0,0,0,0	0
4	4491	CERTIFIED_DEFICIT	1988	1	1	0	0,0,0,0,0,0,0,0,0,0,0,0,0	0
4	4492	CERTIFIED_DEFICIT	1988	1	1	0	0,0,0,0,0,0,0,0,0,0,0,0,0	0
4	4493	CERTIFIED_DEFICIT	1988	1	1	0	0,0,0,0,0,0,0,0,0,0,0,0,0	0
4	4494	CERTIFIED_DEFICIT	1988	1	1	0	0,0,0,0,0,0,0,0,0,0,0,0,0	0
4	4495	CERTIFIED_DEFICIT	1988	1	1	0	0,0,0,0,0,0,0,0,0,0,0,0,0	0
4	4496	CERTIFIED_DEFICIT	1988	1	1	0	0,0,0,0,0,0,0,0,0,0,0,0,0	0
4	4497	CERTIFIED_DEFICIT	1988	1	1	0	0,0,0,0,0,0,0,0,0,0,0,0,0	0
4	4498	CERTIFIED_DEFICIT	1988	1	1	0	0,0,0,0,0,0,0,0,0,0,0,0,0	0
4	4499	CERTIFIED_DEFICIT	1988	1	1	0	0,0,0,0,0,0,0,0,0,0,0,0,0	0
4	4500	CERTIFIED_DEFICIT	1988	1	1	0	0,0,0,0,0,0,0,0,0,0,0,0,0	0
4	4501	CERTIFIED_DEFICIT	1988	1	1	0	0,0,0,0,0,0,0,0,0,0,0,0,0	0
4	4502	CERTIFIED_DEFICIT	1219	1	1	0	0,0,0,0,0,0,0,0,0,0,0,0,0	0
4	4503	CERTIFIED_DEFICIT	1988	1	1	0	0,0,0,0,0,0,0,0,0,0,0,0,0	0
4	4504	CERTIFIED_DEFICIT	1988	1	1	0	0,0,0,0,0,0,0,0,0,0,0,0,0	0
4	4505	CERTIFIED_DEFICIT	1988	1	1	0	0,0,0,0,0,0,0,0,0,0,0,0,0	0
4	4506	CERTIFIED_DEFICIT	1988	1	1	0	0,0,0,0,0,0,0,0,0,0,0,0,0	0
4	4507	CERTIFIED_DEFICIT	1988	1	1	0	0,0,0,0,0,0,0,0,0,0,0,0,0	0
4	4508	CERTIFIED_DEFICIT	1259	1	1	0	0,0,0,0,0,0,0,0,0,0,0,0,0	0
4	4509	CERTIFIED_DEFICIT	1988	1	1	0	0,0,0,0,0,0,0,0,0,0,0,0,0	0
4	4510	CERTIFIED_DEFICIT	1988	1	1	0	0,0,0,0,0,0,0,0,0,0,0,0,0	0
4	4511	CERTIFIED_DEFICIT	1988	1	1	0	0,0,0,0,0,0,0,0,0,0,0,0,0	0
4	4512	CERTIFIED_DEFICIT	1988	1	1	0	0,0,0,0,0,0,0,0,0,0,0,0,0	0
4	4513	CERTIFIED_DEFICIT	1988	1	1	0	0,0,0,0,0,0,0,0,0,0,0,0,0	0
4	4514	CERTIFIED_DEFICIT	1988	1	1	0	0,0,0,0,0,0,0,0,0,0,0,0,0	0
4	4515	CERTIFIED_DEFICIT	1988	1	1	0	0,0,0,0,0,0,0,0,0,0,0,0,0	0
4	4516	CERTIFIED_DEFICIT	1988	1	1	0	0,0,0,0,0,0,0,0,0,0,0,0,0	0
4	4517	CERTIFIED_DEFICIT	1241	1	1	0	0,0,0,0,0,0,0,0,0,0,0,0,0	0
4	4518	CERTIFIED_DEFICIT	1988	1	1	0	0,0,0,0,0,0,0,0,0,0,0,0,0	0
4	4519	CERTIFIED_DEFICIT	1988	1	1	0	0,0,0,0,0,0,0,0,0,0,0,0,0	0
4	4520	CERTIFIED_DEFICIT	1303	1	1	0	0,0,0,0,0,0,0,0,0,0,0,0,0	0
4	4521	CERTIFIED_DEFICIT	1988	1	1	0	0,0,0,0,0,0,0,0,0,0,0,0,0	0
4	4522	CERTIFIED_DEFICIT	1988	1	1	0	0,0,0,0,0,0,0,0,0,0,0,0,0	0
4	4523	CERTIFIED_DEFICIT	1988	1	1	0	0,0,0,0,0,0,0,0,0,0,0,0,0	0
4	4524	CERTIFIED_DEFICIT	1484	1	1	0	0,0,0,0,0,0,0,0,0,0,0,0,0	0
4	4525	CERTIFIED_DEFICIT	1484	1	1	0	0,0,0,0,0,0,0,0,0,0,0,0,0	0
4	4526	CERTIFIED_DEFICIT	1484	1	1	0	0,0,0,0,0,0,0,0,0,0,0,0,0	0
4	4527	CERTIFIED_DEFICIT	1484	1	1	0	0,0,0,0,0,0,0,0,0,0,0,0,0	0
4	4528	CERTIFIED_DEFICIT	1484	1	1	0	0,0,0,0,0,0,0,0,0,0,0,0,0	0
4	4529	CERTIFIED_DEFICIT	1484	1	1	0	0,0,0,0,0,0,0,0,0,0,0,0,0	0
4	4530	CERTIFIED_DEFICIT	1484	1	1	0	0,0,0,0,0,0,0,0,0,0,0,0,0	0
4	4531	CERTIFIED_DEFICIT	1484	1	1	0	0,0,0,0,0,0,0,0,0,0,0,0,0	0
4	4532	CERTIFIED_DEFICIT	1484	1	1	0	0,0,0,0,0,0,0,0,0,0,0,0,0	0
4	4533	CERTIFIED_DEFICIT	1484	1	1	0	0,0,0,0,0,0,0,0,0,0,0,0,0	0
4	4534	CERTIFIED_DEFICIT	1484	1	1	0	0,0,0,0,0,0,0,0,0,0,0,0,0	0
4	4535	CERTIFIED_DEFICIT	1484	1	1	0	0,0,0,0,0,0,0,0,0,0,0,0,0	0
4	4536	CERTIFIED_DEFICIT	1484	1	1	0	0,0,0,0,0,0,0,0,0,0,0,0,0	0
4	4537	CERTIFIED_DEFICIT	1484	1	1	0	0,0,0,0,0,0,0,0,0,0,0,0,0	0
4	4538	CERTIFIED_DEFICIT	1484	1	1	0	0,0,0,0,0,0,0,0,0,0,0,0,0	0
4	4539	CERTIFIED_DEFICIT	1484	1	1	0	0,0,0,0,0,0,0,0,0,0,0,0,0	0
4	4540	CERTIFIED_DEFICIT	1484	1	1	0	0,0,0,0,0,0,0,0,0,0,0,0,0	0
4	4541	CERTIFIED_DEFICIT	1484	1	1	0	0,0,0,0,0,0,0,0,0,0,0,0,0	0
4	4542	CERTIFIED_DEFICIT	1484	1	1	0	0,0,0,0,0,0,0,0,0,0,0,0,0	0
4	4543	CERTIFIED_DEFICIT	1484	1	1	0	0,0,0,0,0,0,0,0,0,0,0,0,0	0
4	4544	CERTIFIED_DEFICIT	1484	1	1	0	0,0,0,0,0,0,0,0,0,0,0,0,0	0
4	4545	CERTIFIED_DEFICIT	1484	1	1	0	0,0,0,0,0,0,0,0,0,0,0,0,0	0
4	4546	CERTIFIED_DEFICIT	1484	1	1	0	0,0,0,0,0,0,0,0,0,0,0,0,0	0
4	4547	CERTIFIED_DEFICIT	1484	1	1	0	0,0,0,0,0,0,0,0,0,0,0,0,0	0
4	4548	CERTIFIED_DEFICIT	1484	1	1	0	0,0,0,0,0,0,0,0,0,0,0,0,0	0
4	4549	CERTIFIED_DEFICIT	1484	1	1	0	0,0,0,0,0,0,0,0,0,0,0,0,0	0
4	4550	CERTIFIED_DEFICIT	1484	1	1	0	0,0,0,0,0,0,0,0,0,0,0,0,0	0
4	4551	CERTIFIED_DEFICIT	1484	1	1	0	0,0,0,0,0,0,0,0,0,0,0,0,0	0
4	4552	CERTIFIED_DEFICIT	1484	1	1	0	0,0,0,0,0,0,0,0,0,0,0,0,0	0
4	4553	CERTIFIED_DEFICIT	1484	1	1	0	0,0,0,0,0,0,0,0,0,0,0,0,0	0
4	4554	CERTIFIED_DEFICIT	1484	1	1	0	0,0,0,0,0,0,0,0,0,0,0,0,0	0
4	4555	CERTIFIED_DEFICIT	1484	1	1	0	0,0,0,0,0,0,0,0,0,0,0,0,0	0
4	4556	CERTIFIED_DEFICIT	1484	1	1	0	0,0,0,0,0,0,0,0,0,0,0,0,0	0
4	4557	CERTIFIED_DEFICIT	1484	1	1	0	0,0,0,0,0,0,0,0,0,0,0,0,0	0
4	4558	CERTIFIED_DEFICIT	1484	1	1	0	0,0,0,0,0,0,0,0,0,0,0,0,0	0
4	4559	CERTIFIED_DEFICIT	1484	1	1	0	0,0,0,0,0,0,0,0,0,0,0,0,0	0
4	4560	CERTIFIED_DEFICIT	1484	1	1	0	0,0,0,0,0,0,0,0,0,0,0,0,0	0
4	4561	CERTIFIED_DEFICIT	1484	1	1	0	0,0,0,0,0,0,0,0,0,0,0,0,0	0
4	4562	CERTIFIED_DEFICIT	1484	1	1	0	0,0,0,0,0,0,0,0,0,0,0,0,0	0
4	4563	CERTIFIED_DEFICIT	1484	1	1	0	0,0,0,0,0,0,0,0,0,0,0,0,0	0
4	4564	CERTIFIED_DEFICIT	1484	1	1	0	0,0,0,0,0,0,0,0,0,0,0,0,0	0
4	4565	CERTIFIED_DEFICIT	1484	1	1	0	0,0,0,0,0,0,0,0,0,0,0,0,0	0
4	4566	CERTIFIED_DEFICIT	1484	1	1	0	0,0,0,0,0,0,0,0,0,0,0,0,0	0
4	4567	CERTIFIED_DEFICIT	1484	1	1	0	0,0,0,0,0,0,0,0,0,0,0,0,0	0
4	4568	CERTIFIED_DEFICIT	1484	1	1	0	0,0,0,0,0,0,0,0,0,0,0,0,0	0
4	4569	CERTIFIED_DEFICIT	1484	1	1	0	0,0,0,0,0,0,0,0,0,0,0,0,0	0
4	4570	CERTIFIED_DEFICIT	1484	1	1	0	0,0,0,0,0,0,0,0,0,0,0,0,0	0
4	4571	CERTIFIED_DEFICIT	1484	1	1	0	0,0,0,0,0,0,0,0,0,0,0,0,0	0
4	4572	CERTIFIED_DEFICIT	1484	1	1	0	0,0,0,0,0,0,0,0,0,0,0,0,0	0
4	4573	CERTIFIED_DEFICIT	1484	1	1	0	0,0,0,0,0,0,0,0,0,0,0,0,0	0
4	4574	CERTIFIED_DEFICIT	1484	1	1	0	0,0,0,0,0,0,0,0,0,0,0,0,0	0
4	4575	CERTIFIED_DEFICIT	1484	1	1	0	0,0,0,0,0,0,0,0,0,0,0,0,0	0
4	4576	CERTIFIED_DEFICIT	1484	1	1	0	0,0,0,0,0,0,0,0,0,0,0,0,0	0
4	4577	CERTIFIED_DEFICIT	1484	1	1	0	0,0,0,0,0,0,0,0,0,0,0,0,0	0
4	4578	CERTIFIED_DEFICIT	1484	1	1	0	0,0,0,0,0,0,0,0,0,0,0,0,0	0
4	4579	CERTIFIED_DEFICIT	1484	1	1	0	0,0,0,0,0,0,0,0,0,0,0,0,0	0
4	4580	CERTIFIED_DEFICIT	1219	1	1	0	0,0,0,0,0,0,0,0,0,0,0,0,0	0
4	4581	CERTIFIED_DEFICIT	1484	1	1	0	0,0,0,0,0,0,0,0,0,0,0,0,0	0
4	4582	CERTIFIED_DEFICIT	1484	1	1	0	0,0,0,0,0,0,0,0,0,0,0,0,0	0
4	4583	CERTIFIED_DEFICIT	1484	1	1	0	0,0,0,0,0,0,0,0,0,0,0,0,0	0
4	4584	CERTIFIED_DEFICIT	1484	1	1	0	0,0,0,0,0,0,0,0,0,0,0,0,0	0
4	4585	CERTIFIED_DEFICIT	1484	1	1	0	0,0,0,0,0,0,0,0,0,0,0,0,0	0
4	4586	CERTIFIED_DEFICIT	1259	1	1	0	0,0,0,0,0,0,0,0,0,0,0,0,0	0
4	4587	CERTIFIED_DEFICIT	1484	1	1	0	0,0,0,0,0,0,0,0,0,0,0,0,0	0
4	4588	CERTIFIED_DEFICIT	1484	1	1	0	0,0,0,0,0,0,0,0,0,0,0,0,0	0
4	4589	CERTIFIED_DEFICIT	1484	1	1	0	0,0,0,0,0,0,0,0,0,0,0,0,0	0
4	4590	CERTIFIED_DEFICIT	1484	1	1	0	0,0,0,0,0,0,0,0,0,0,0,0,0	0
4	4591	CERTIFIED_DEFICIT	1484	1	1	0	0,0,0,0,0,0,0,0,0,0,0,0,0	0
4	4592	CERTIFIED_DEFICIT	1484	1	1	0	0,0,0,0,0,0,0,0,0,0,0,0,0	0
4	4593	CERTIFIED_DEFICIT	1484	1	1	0	0,0,0,0,0,0,0,0,0,0,0,0,0	0
4	4594	CERTIFIED_DEFICIT	1484	1	1	0	0,0,0,0,0,0,0,0,0,0,0,0,0	0
4	4595	CERTIFIED_DEFICIT	1241	1	1	0	0,0,0,0,0,0,0,0,0,0,0,0,0	0
4	4596	CERTIFIED_DEFICIT	1484	1	1	0	0,0,0,0,0,0,0,0,0,0,0,0,0	0
4	4597	CERTIFIED_DEFICIT	1484	1	1	0	0,0,0,0,0,0,0,0,0,0,0,0,0	0
4	4598	CERTIFIED_DEFICIT	1303	1	1	0	0,0,0,0,0,0,0,0,0,0,0,0,0	0
4	4599	CERTIFIED_DEFICIT	1484	1	1	0	0,0,0,0,0,0,0,0,0,0,0,0,0	0
4	4600	CERTIFIED_DEFICIT	1484	1	1	0	0,0,0,0,0,0,0,0,0,0,0,0,0	0
4	4601	CERTIFIED_DEFICIT	1484	1	1	0	0,0,0,0,0,0,0,0,0,0,0,0,0	0
4	4602	CERTIFIED_DEFICIT	2100	1	1	0	0,0,0,0,0,0,0,0,0,0,0,0,0	0
4	4603	CERTIFIED_DEFICIT	2100	1	1	0	0,0,0,0,0,0,0,0,0,0,0,0,0	0
4	4604	CERTIFIED_DEFICIT	2100	1	1	0	0,0,0,0,0,0,0,0,0,0,0,0,0	0
4	4605	CERTIFIED_DEFICIT	2100	1	1	0	0,0,0,0,0,0,0,0,0,0,0,0,0	0
4	4606	CERTIFIED_DEFICIT	2100	1	1	0	0,0,0,0,0,0,0,0,0,0,0,0,0	0
4	4607	CERTIFIED_DEFICIT	2100	1	1	0	0,0,0,0,0,0,0,0,0,0,0,0,0	0
4	4608	CERTIFIED_DEFICIT	2100	1	1	0	0,0,0,0,0,0,0,0,0,0,0,0,0	0
4	4609	CERTIFIED_DEFICIT	2100	1	1	0	0,0,0,0,0,0,0,0,0,0,0,0,0	0
4	4610	CERTIFIED_DEFICIT	2100	1	1	0	0,0,0,0,0,0,0,0,0,0,0,0,0	0
4	4611	CERTIFIED_DEFICIT	2100	1	1	0	0,0,0,0,0,0,0,0,0,0,0,0,0	0
4	4612	CERTIFIED_DEFICIT	2100	1	1	0	0,0,0,0,0,0,0,0,0,0,0,0,0	0
4	4613	CERTIFIED_DEFICIT	2100	1	1	0	0,0,0,0,0,0,0,0,0,0,0,0,0	0
4	4614	CERTIFIED_DEFICIT	2100	1	1	0	0,0,0,0,0,0,0,0,0,0,0,0,0	0
4	4615	CERTIFIED_DEFICIT	2100	1	1	0	0,0,0,0,0,0,0,0,0,0,0,0,0	0
4	4616	CERTIFIED_DEFICIT	2100	1	1	0	0,0,0,0,0,0,0,0,0,0,0,0,0	0
4	4617	CERTIFIED_DEFICIT	2100	1	1	0	0,0,0,0,0,0,0,0,0,0,0,0,0	0
4	4618	CERTIFIED_DEFICIT	2100	1	1	0	0,0,0,0,0,0,0,0,0,0,0,0,0	0
4	4619	CERTIFIED_DEFICIT	2100	1	1	0	0,0,0,0,0,0,0,0,0,0,0,0,0	0
4	4620	CERTIFIED_DEFICIT	2100	1	1	0	0,0,0,0,0,0,0,0,0,0,0,0,0	0
4	4621	CERTIFIED_DEFICIT	2100	1	1	0	0,0,0,0,0,0,0,0,0,0,0,0,0	0
4	4622	CERTIFIED_DEFICIT	2100	1	1	0	0,0,0,0,0,0,0,0,0,0,0,0,0	0
4	4623	CERTIFIED_DEFICIT	2100	1	1	0	0,0,0,0,0,0,0,0,0,0,0,0,0	0
4	4624	CERTIFIED_DEFICIT	2100	1	1	0	0,0,0,0,0,0,0,0,0,0,0,0,0	0
4	4625	CERTIFIED_DEFICIT	2100	1	1	0	0,0,0,0,0,0,0,0,0,0,0,0,0	0
4	4626	CERTIFIED_DEFICIT	2100	1	1	0	0,0,0,0,0,0,0,0,0,0,0,0,0	0
4	4627	CERTIFIED_DEFICIT	2100	1	1	0	0,0,0,0,0,0,0,0,0,0,0,0,0	0
4	4628	CERTIFIED_DEFICIT	2100	1	1	0	0,0,0,0,0,0,0,0,0,0,0,0,0	0
4	4629	CERTIFIED_DEFICIT	2100	1	1	0	0,0,0,0,0,0,0,0,0,0,0,0,0	0
4	4630	CERTIFIED_DEFICIT	2100	1	1	0	0,0,0,0,0,0,0,0,0,0,0,0,0	0
4	4631	CERTIFIED_DEFICIT	2100	1	1	0	0,0,0,0,0,0,0,0,0,0,0,0,0	0
4	4632	CERTIFIED_DEFICIT	2100	1	1	0	0,0,0,0,0,0,0,0,0,0,0,0,0	0
4	4633	CERTIFIED_DEFICIT	2100	1	1	0	0,0,0,0,0,0,0,0,0,0,0,0,0	0
4	4634	CERTIFIED_DEFICIT	2100	1	1	0	0,0,0,0,0,0,0,0,0,0,0,0,0	0
4	4635	CERTIFIED_DEFICIT	2100	1	1	0	0,0,0,0,0,0,0,0,0,0,0,0,0	0
4	4636	CERTIFIED_DEFICIT	2100	1	1	0	0,0,0,0,0,0,0,0,0,0,0,0,0	0
4	4637	CERTIFIED_DEFICIT	2100	1	1	0	0,0,0,0,0,0,0,0,0,0,0,0,0	0
4	4638	CERTIFIED_DEFICIT	2100	1	1	0	0,0,0,0,0,0,0,0,0,0,0,0,0	0
4	4639	CERTIFIED_DEFICIT	2100	1	1	0	0,0,0,0,0,0,0,0,0,0,0,0,0	0
4	4640	CERTIFIED_DEFICIT	2100	1	1	0	0,0,0,0,0,0,0,0,0,0,0,0,0	0
4	4641	CERTIFIED_DEFICIT	2100	1	1	0	0,0,0,0,0,0,0,0,0,0,0,0,0	0
4	4642	CERTIFIED_DEFICIT	2100	1	1	0	0,0,0,0,0,0,0,0,0,0,0,0,0	0
4	4643	CERTIFIED_DEFICIT	2100	1	1	0	0,0,0,0,0,0,0,0,0,0,0,0,0	0
4	4644	CERTIFIED_DEFICIT	2100	1	1	0	0,0,0,0,0,0,0,0,0,0,0,0,0	0
4	4645	CERTIFIED_DEFICIT	2100	1	1	0	0,0,0,0,0,0,0,0,0,0,0,0,0	0
4	4646	CERTIFIED_DEFICIT	2100	1	1	0	0,0,0,0,0,0,0,0,0,0,0,0,0	0
4	4647	CERTIFIED_DEFICIT	2100	1	1	0	0,0,0,0,0,0,0,0,0,0,0,0,0	0
4	4648	CERTIFIED_DEFICIT	2100	1	1	0	0,0,0,0,0,0,0,0,0,0,0,0,0	0
4	4649	CERTIFIED_DEFICIT	2100	1	1	0	0,0,0,0,0,0,0,0,0,0,0,0,0	0
4	4650	CERTIFIED_DEFICIT	2100	1	1	0	0,0,0,0,0,0,0,0,0,0,0,0,0	0
4	4651	CERTIFIED_DEFICIT	2100	1	1	0	0,0,0,0,0,0,0,0,0,0,0,0,0	0
4	4652	CERTIFIED_DEFICIT	2100	1	1	0	0,0,0,0,0,0,0,0,0,0,0,0,0	0
4	4653	CERTIFIED_DEFICIT	2100	1	1	0	0,0,0,0,0,0,0,0,0,0,0,0,0	0
4	4654	CERTIFIED_DEFICIT	2100	1	1	0	0,0,0,0,0,0,0,0,0,0,0,0,0	0
4	4655	CERTIFIED_DEFICIT	2100	1	1	0	0,0,0,0,0,0,0,0,0,0,0,0,0	0
4	4656	CERTIFIED_DEFICIT	2100	1	1	0	0,0,0,0,0,0,0,0,0,0,0,0,0	0
4	4657	CERTIFIED_DEFICIT	2100	1	1	0	0,0,0,0,0,0,0,0,0,0,0,0,0	0
4	4658	CERTIFIED_DEFICIT	1219	1	1	0	0,0,0,0,0,0,0,0,0,0,0,0,0	0
4	4659	CERTIFIED_DEFICIT	2100	1	1	0	0,0,0,0,0,0,0,0,0,0,0,0,0	0
4	4660	CERTIFIED_DEFICIT	2100	1	1	0	0,0,0,0,0,0,0,0,0,0,0,0,0	0
4	4661	CERTIFIED_DEFICIT	2100	1	1	0	0,0,0,0,0,0,0,0,0,0,0,0,0	0
4	4662	CERTIFIED_DEFICIT	2100	1	1	0	0,0,0,0,0,0,0,0,0,0,0,0,0	0
4	4663	CERTIFIED_DEFICIT	2100	1	1	0	0,0,0,0,0,0,0,0,0,0,0,0,0	0
4	4664	CERTIFIED_DEFICIT	1259	1	1	0	0,0,0,0,0,0,0,0,0,0,0,0,0	0
4	4665	CERTIFIED_DEFICIT	2100	1	1	0	0,0,0,0,0,0,0,0,0,0,0,0,0	0
4	4666	CERTIFIED_DEFICIT	2100	1	1	0	0,0,0,0,0,0,0,0,0,0,0,0,0	0
4	4667	CERTIFIED_DEFICIT	2100	1	1	0	0,0,0,0,0,0,0,0,0,0,0,0,0	0
4	4668	CERTIFIED_DEFICIT	2100	1	1	0	0,0,0,0,0,0,0,0,0,0,0,0,0	0
4	4669	CERTIFIED_DEFICIT	2100	1	1	0	0,0,0,0,0,0,0,0,0,0,0,0,0	0
4	4670	CERTIFIED_DEFICIT	2100	1	1	0	0,0,0,0,0,0,0,0,0,0,0,0,0	0
4	4671	CERTIFIED_DEFICIT	2100	1	1	0	0,0,0,0,0,0,0,0,0,0,0,0,0	0
4	4672	CERTIFIED_DEFICIT	2100	1	1	0	0,0,0,0,0,0,0,0,0,0,0,0,0	0
4	4673	CERTIFIED_DEFICIT	1241	1	1	0	0,0,0,0,0,0,0,0,0,0,0,0,0	0
4	4674	CERTIFIED_DEFICIT	2100	1	1	0	0,0,0,0,0,0,0,0,0,0,0,0,0	0
4	4675	CERTIFIED_DEFICIT	2100	1	1	0	0,0,0,0,0,0,0,0,0,0,0,0,0	0
4	4676	CERTIFIED_DEFICIT	1303	1	1	0	0,0,0,0,0,0,0,0,0,0,0,0,0	0
4	4677	CERTIFIED_DEFICIT	2100	1	1	0	0,0,0,0,0,0,0,0,0,0,0,0,0	0
4	4678	CERTIFIED_DEFICIT	2100	1	1	0	0,0,0,0,0,0,0,0,0,0,0,0,0	0
4	4679	CERTIFIED_DEFICIT	2100	1	1	0	0,0,0,0,0,0,0,0,0,0,0,0,0	0
4	4680	CERTIFIED_DEFICIT	1428	1	1	0	0,0,0,0,0,0,0,0,0,0,0,0,0	0
4	4681	CERTIFIED_DEFICIT	1428	1	1	0	0,0,0,0,0,0,0,0,0,0,0,0,0	0
4	4682	CERTIFIED_DEFICIT	1428	1	1	0	0,0,0,0,0,0,0,0,0,0,0,0,0	0
4	4683	CERTIFIED_DEFICIT	1428	1	1	0	0,0,0,0,0,0,0,0,0,0,0,0,0	0
4	4684	CERTIFIED_DEFICIT	1428	1	1	0	0,0,0,0,0,0,0,0,0,0,0,0,0	0
4	4685	CERTIFIED_DEFICIT	1428	1	1	0	0,0,0,0,0,0,0,0,0,0,0,0,0	0
4	4686	CERTIFIED_DEFICIT	1428	1	1	0	0,0,0,0,0,0,0,0,0,0,0,0,0	0
4	4687	CERTIFIED_DEFICIT	1428	1	1	0	0,0,0,0,0,0,0,0,0,0,0,0,0	0
4	4688	CERTIFIED_DEFICIT	1428	1	1	0	0,0,0,0,0,0,0,0,0,0,0,0,0	0
4	4689	CERTIFIED_DEFICIT	1428	1	1	0	0,0,0,0,0,0,0,0,0,0,0,0,0	0
4	4690	CERTIFIED_DEFICIT	1428	1	1	0	0,0,0,0,0,0,0,0,0,0,0,0,0	0
4	4691	CERTIFIED_DEFICIT	1428	1	1	0	0,0,0,0,0,0,0,0,0,0,0,0,0	0
4	4692	CERTIFIED_DEFICIT	1428	1	1	0	0,0,0,0,0,0,0,0,0,0,0,0,0	0
4	4693	CERTIFIED_DEFICIT	1428	1	1	0	0,0,0,0,0,0,0,0,0,0,0,0,0	0
4	4694	CERTIFIED_DEFICIT	1428	1	1	0	0,0,0,0,0,0,0,0,0,0,0,0,0	0
4	4695	CERTIFIED_DEFICIT	1428	1	1	0	0,0,0,0,0,0,0,0,0,0,0,0,0	0
4	4696	CERTIFIED_DEFICIT	1428	1	1	0	0,0,0,0,0,0,0,0,0,0,0,0,0	0
4	4697	CERTIFIED_DEFICIT	1428	1	1	0	0,0,0,0,0,0,0,0,0,0,0,0,0	0
4	4698	CERTIFIED_DEFICIT	1428	1	1	0	0,0,0,0,0,0,0,0,0,0,0,0,0	0
4	4699	CERTIFIED_DEFICIT	1428	1	1	0	0,0,0,0,0,0,0,0,0,0,0,0,0	0
4	4700	CERTIFIED_DEFICIT	1428	1	1	0	0,0,0,0,0,0,0,0,0,0,0,0,0	0
4	4701	CERTIFIED_DEFICIT	1428	1	1	0	0,0,0,0,0,0,0,0,0,0,0,0,0	0
4	4702	CERTIFIED_DEFICIT	1428	1	1	0	0,0,0,0,0,0,0,0,0,0,0,0,0	0
4	4703	CERTIFIED_DEFICIT	1428	1	1	0	0,0,0,0,0,0,0,0,0,0,0,0,0	0
4	4704	CERTIFIED_DEFICIT	1428	1	1	0	0,0,0,0,0,0,0,0,0,0,0,0,0	0
4	4705	CERTIFIED_DEFICIT	1428	1	1	0	0,0,0,0,0,0,0,0,0,0,0,0,0	0
4	4706	CERTIFIED_DEFICIT	1428	1	1	0	0,0,0,0,0,0,0,0,0,0,0,0,0	0
4	4707	CERTIFIED_DEFICIT	1428	1	1	0	0,0,0,0,0,0,0,0,0,0,0,0,0	0
4	4708	CERTIFIED_DEFICIT	1428	1	1	0	0,0,0,0,0,0,0,0,0,0,0,0,0	0
4	4709	CERTIFIED_DEFICIT	1428	1	1	0	0,0,0,0,0,0,0,0,0,0,0,0,0	0
4	4710	CERTIFIED_DEFICIT	1428	1	1	0	0,0,0,0,0,0,0,0,0,0,0,0,0	0
4	4711	CERTIFIED_DEFICIT	1428	1	1	0	0,0,0,0,0,0,0,0,0,0,0,0,0	0
4	4712	CERTIFIED_DEFICIT	1428	1	1	0	0,0,0,0,0,0,0,0,0,0,0,0,0	0
4	4713	CERTIFIED_DEFICIT	1428	1	1	0	0,0,0,0,0,0,0,0,0,0,0,0,0	0
4	4714	CERTIFIED_DEFICIT	1428	1	1	0	0,0,0,0,0,0,0,0,0,0,0,0,0	0
4	4715	CERTIFIED_DEFICIT	1428	1	1	0	0,0,0,0,0,0,0,0,0,0,0,0,0	0
4	4716	CERTIFIED_DEFICIT	1428	1	1	0	0,0,0,0,0,0,0,0,0,0,0,0,0	0
4	4717	CERTIFIED_DEFICIT	1428	1	1	0	0,0,0,0,0,0,0,0,0,0,0,0,0	0
4	4718	CERTIFIED_DEFICIT	1428	1	1	0	0,0,0,0,0,0,0,0,0,0,0,0,0	0
4	4719	CERTIFIED_DEFICIT	1428	1	1	0	0,0,0,0,0,0,0,0,0,0,0,0,0	0
4	4720	CERTIFIED_DEFICIT	1428	1	1	0	0,0,0,0,0,0,0,0,0,0,0,0,0	0
4	4721	CERTIFIED_DEFICIT	1428	1	1	0	0,0,0,0,0,0,0,0,0,0,0,0,0	0
4	4722	CERTIFIED_DEFICIT	1428	1	1	0	0,0,0,0,0,0,0,0,0,0,0,0,0	0
4	4723	CERTIFIED_DEFICIT	1428	1	1	0	0,0,0,0,0,0,0,0,0,0,0,0,0	0
4	4724	CERTIFIED_DEFICIT	1428	1	1	0	0,0,0,0,0,0,0,0,0,0,0,0,0	0
4	4725	CERTIFIED_DEFICIT	1428	1	1	0	0,0,0,0,0,0,0,0,0,0,0,0,0	0
4	4726	CERTIFIED_DEFICIT	1428	1	1	0	0,0,0,0,0,0,0,0,0,0,0,0,0	0
4	4727	CERTIFIED_DEFICIT	1428	1	1	0	0,0,0,0,0,0,0,0,0,0,0,0,0	0
4	4728	CERTIFIED_DEFICIT	1428	1	1	0	0,0,0,0,0,0,0,0,0,0,0,0,0	0
4	4729	CERTIFIED_DEFICIT	1428	1	1	0	0,0,0,0,0,0,0,0,0,0,0,0,0	0
4	4730	CERTIFIED_DEFICIT	1428	1	1	0	0,0,0,0,0,0,0,0,0,0,0,0,0	0
4	4731	CERTIFIED_DEFICIT	1428	1	1	0	0,0,0,0,0,0,0,0,0,0,0,0,0	0
4	4732	CERTIFIED_DEFICIT	1428	1	1	0	0,0,0,0,0,0,0,0,0,0,0,0,0	0
4	4733	CERTIFIED_DEFICIT	1428	1	1	0	0,0,0,0,0,0,0,0,0,0,0,0,0	0
4	4734	CERTIFIED_DEFICIT	1428	1	1	0	0,0,0,0,0,0,0,0,0,0,0,0,0	0
4	4735	CERTIFIED_DEFICIT	1428	1	1	0	0,0,0,0,0,0,0,0,0,0,0,0,0	0
4	4736	CERTIFIED_DEFICIT	1219	1	1	0	0,0,0,0,0,0,0,0,0,0,0,0,0	0
4	4737	CERTIFIED_DEFICIT	1428	1	1	0	0,0,0,0,0,0,0,0,0,0,0,0,0	0
4	4738	CERTIFIED_DEFICIT	1428	1	1	0	0,0,0,0,0,0,0,0,0,0,0,0,0	0
4	4739	CERTIFIED_DEFICIT	1428	1	1	0	0,0,0,0,0,0,0,0,0,0,0,0,0	0
4	4740	CERTIFIED_DEFICIT	1428	1	1	0	0,0,0,0,0,0,0,0,0,0,0,0,0	0
4	4741	CERTIFIED_DEFICIT	1428	1	1	0	0,0,0,0,0,0,0,0,0,0,0,0,0	0
4	4742	CERTIFIED_DEFICIT	1259	1	1	0	0,0,0,0,0,0,0,0,0,0,0,0,0	0
4	4743	CERTIFIED_DEFICIT	1428	1	1	0	0,0,0,0,0,0,0,0,0,0,0,0,0	0
4	4744	CERTIFIED_DEFICIT	1428	1	1	0	0,0,0,0,0,0,0,0,0,0,0,0,0	0
4	4745	CERTIFIED_DEFICIT	1428	1	1	0	0,0,0,0,0,0,0,0,0,0,0,0,0	0
4	4746	CERTIFIED_DEFICIT	1428	1	1	0	0,0,0,0,0,0,0,0,0,0,0,0,0	0
4	4747	CERTIFIED_DEFICIT	1428	1	1	0	0,0,0,0,0,0,0,0,0,0,0,0,0	0
4	4748	CERTIFIED_DEFICIT	1428	1	1	0	0,0,0,0,0,0,0,0,0,0,0,0,0	0
4	4749	CERTIFIED_DEFICIT	1428	1	1	0	0,0,0,0,0,0,0,0,0,0,0,0,0	0
4	4750	CERTIFIED_DEFICIT	1428	1	1	0	0,0,0,0,0,0,0,0,0,0,0,0,0	0
4	4751	CERTIFIED_DEFICIT	1241	1	1	0	0,0,0,0,0,0,0,0,0,0,0,0,0	0
4	4752	CERTIFIED_DEFICIT	1428	1	1	0	0,0,0,0,0,0,0,0,0,0,0,0,0	0
4	4753	CERTIFIED_DEFICIT	1428	1	1	0	0,0,0,0,0,0,0,0,0,0,0,0,0	0
4	4754	CERTIFIED_DEFICIT	1303	1	1	0	0,0,0,0,0,0,0,0,0,0,0,0,0	0
4	4755	CERTIFIED_DEFICIT	1428	1	1	0	0,0,0,0,0,0,0,0,0,0,0,0,0	0
4	4756	CERTIFIED_DEFICIT	1428	1	1	0	0,0,0,0,0,0,0,0,0,0,0,0,0	0
4	4757	CERTIFIED_DEFICIT	1428	1	1	0	0,0,0,0,0,0,0,0,0,0,0,0,0	0
4	4758	CERTIFIED_DEFICIT	1302	1	1	0	0,0,0,0,0,0,0,0,0,0,0,0,0	0
4	4759	CERTIFIED_DEFICIT	1302	1	1	0	0,0,0,0,0,0,0,0,0,0,0,0,0	0
4	4760	CERTIFIED_DEFICIT	1302	1	1	0	0,0,0,0,0,0,0,0,0,0,0,0,0	0
4	4761	CERTIFIED_DEFICIT	1302	1	1	0	0,0,0,0,0,0,0,0,0,0,0,0,0	0
4	4762	CERTIFIED_DEFICIT	1302	1	1	0	0,0,0,0,0,0,0,0,0,0,0,0,0	0
4	4763	CERTIFIED_DEFICIT	1302	1	1	0	0,0,0,0,0,0,0,0,0,0,0,0,0	0
4	4764	CERTIFIED_DEFICIT	1302	1	1	0	0,0,0,0,0,0,0,0,0,0,0,0,0	0
4	4765	CERTIFIED_DEFICIT	1302	1	1	0	0,0,0,0,0,0,0,0,0,0,0,0,0	0
4	4766	CERTIFIED_DEFICIT	1302	1	1	0	0,0,0,0,0,0,0,0,0,0,0,0,0	0
4	4767	CERTIFIED_DEFICIT	1302	1	1	0	0,0,0,0,0,0,0,0,0,0,0,0,0	0
4	4768	CERTIFIED_DEFICIT	1302	1	1	0	0,0,0,0,0,0,0,0,0,0,0,0,0	0
4	4769	CERTIFIED_DEFICIT	1302	1	1	0	0,0,0,0,0,0,0,0,0,0,0,0,0	0
4	4770	CERTIFIED_DEFICIT	1302	1	1	0	0,0,0,0,0,0,0,0,0,0,0,0,0	0
4	4771	CERTIFIED_DEFICIT	1302	1	1	0	0,0,0,0,0,0,0,0,0,0,0,0,0	0
4	4772	CERTIFIED_DEFICIT	1302	1	1	0	0,0,0,0,0,0,0,0,0,0,0,0,0	0
4	4773	CERTIFIED_DEFICIT	1302	1	1	0	0,0,0,0,0,0,0,0,0,0,0,0,0	0
4	4774	CERTIFIED_DEFICIT	1302	1	1	0	0,0,0,0,0,0,0,0,0,0,0,0,0	0
4	4775	CERTIFIED_DEFICIT	1302	1	1	0	0,0,0,0,0,0,0,0,0,0,0,0,0	0
4	4776	CERTIFIED_DEFICIT	1302	1	1	0	0,0,0,0,0,0,0,0,0,0,0,0,0	0
4	4777	CERTIFIED_DEFICIT	1302	1	1	0	0,0,0,0,0,0,0,0,0,0,0,0,0	0
4	4778	CERTIFIED_DEFICIT	1302	1	1	0	0,0,0,0,0,0,0,0,0,0,0,0,0	0
4	4779	CERTIFIED_DEFICIT	1302	1	1	0	0,0,0,0,0,0,0,0,0,0,0,0,0	0
4	4780	CERTIFIED_DEFICIT	1302	1	1	0	0,0,0,0,0,0,0,0,0,0,0,0,0	0
4	4781	CERTIFIED_DEFICIT	1302	1	1	0	0,0,0,0,0,0,0,0,0,0,0,0,0	0
4	4782	CERTIFIED_DEFICIT	1302	1	1	0	0,0,0,0,0,0,0,0,0,0,0,0,0	0
4	4783	CERTIFIED_DEFICIT	1302	1	1	0	0,0,0,0,0,0,0,0,0,0,0,0,0	0
4	4784	CERTIFIED_DEFICIT	1302	1	1	0	0,0,0,0,0,0,0,0,0,0,0,0,0	0
4	4785	CERTIFIED_DEFICIT	1302	1	1	0	0,0,0,0,0,0,0,0,0,0,0,0,0	0
4	4786	CERTIFIED_DEFICIT	1302	1	1	0	0,0,0,0,0,0,0,0,0,0,0,0,0	0
4	4787	CERTIFIED_DEFICIT	1302	1	1	0	0,0,0,0,0,0,0,0,0,0,0,0,0	0
4	4788	CERTIFIED_DEFICIT	1302	1	1	0	0,0,0,0,0,0,0,0,0,0,0,0,0	0
4	4789	CERTIFIED_DEFICIT	1302	1	1	0	0,0,0,0,0,0,0,0,0,0,0,0,0	0
4	4790	CERTIFIED_DEFICIT	1302	1	1	0	0,0,0,0,0,0,0,0,0,0,0,0,0	0
4	4791	CERTIFIED_DEFICIT	1302	1	1	0	0,0,0,0,0,0,0,0,0,0,0,0,0	0
4	4792	CERTIFIED_DEFICIT	1302	1	1	0	0,0,0,0,0,0,0,0,0,0,0,0,0	0
4	4793	CERTIFIED_DEFICIT	1302	1	1	0	0,0,0,0,0,0,0,0,0,0,0,0,0	0
4	4794	CERTIFIED_DEFICIT	1302	1	1	0	0,0,0,0,0,0,0,0,0,0,0,0,0	0
4	4795	CERTIFIED_DEFICIT	1302	1	1	0	0,0,0,0,0,0,0,0,0,0,0,0,0	0
4	4796	CERTIFIED_DEFICIT	1302	1	1	0	0,0,0,0,0,0,0,0,0,0,0,0,0	0
4	4797	CERTIFIED_DEFICIT	1302	1	1	0	0,0,0,0,0,0,0,0,0,0,0,0,0	0
4	4798	CERTIFIED_DEFICIT	1302	1	1	0	0,0,0,0,0,0,0,0,0,0,0,0,0	0
4	4799	CERTIFIED_DEFICIT	1302	1	1	0	0,0,0,0,0,0,0,0,0,0,0,0,0	0
4	4800	CERTIFIED_DEFICIT	1302	1	1	0	0,0,0,0,0,0,0,0,0,0,0,0,0	0
4	4801	CERTIFIED_DEFICIT	1302	1	1	0	0,0,0,0,0,0,0,0,0,0,0,0,0	0
4	4802	CERTIFIED_DEFICIT	1302	1	1	0	0,0,0,0,0,0,0,0,0,0,0,0,0	0
4	4803	CERTIFIED_DEFICIT	1302	1	1	0	0,0,0,0,0,0,0,0,0,0,0,0,0	0
4	4804	CERTIFIED_DEFICIT	1302	1	1	0	0,0,0,0,0,0,0,0,0,0,0,0,0	0
4	4805	CERTIFIED_DEFICIT	1302	1	1	0	0,0,0,0,0,0,0,0,0,0,0,0,0	0
4	4806	CERTIFIED_DEFICIT	1302	1	1	0	0,0,0,0,0,0,0,0,0,0,0,0,0	0
4	4807	CERTIFIED_DEFICIT	1302	1	1	0	0,0,0,0,0,0,0,0,0,0,0,0,0	0
4	4808	CERTIFIED_DEFICIT	1302	1	1	0	0,0,0,0,0,0,0,0,0,0,0,0,0	0
4	4809	CERTIFIED_DEFICIT	1302	1	1	0	0,0,0,0,0,0,0,0,0,0,0,0,0	0
4	4810	CERTIFIED_DEFICIT	1302	1	1	0	0,0,0,0,0,0,0,0,0,0,0,0,0	0
4	4811	CERTIFIED_DEFICIT	1302	1	1	0	0,0,0,0,0,0,0,0,0,0,0,0,0	0
4	4812	CERTIFIED_DEFICIT	1302	1	1	0	0,0,0,0,0,0,0,0,0,0,0,0,0	0
4	4813	CERTIFIED_DEFICIT	1302	1	1	0	0,0,0,0,0,0,0,0,0,0,0,0,0	0
4	4814	CERTIFIED_DEFICIT	1219	1	1	0	0,0,0,0,0,0,0,0,0,0,0,0,0	0
4	4815	CERTIFIED_DEFICIT	1302	1	1	0	0,0,0,0,0,0,0,0,0,0,0,0,0	0
4	4816	CERTIFIED_DEFICIT	1302	1	1	0	0,0,0,0,0,0,0,0,0,0,0,0,0	0
4	4817	CERTIFIED_DEFICIT	1302	1	1	0	0,0,0,0,0,0,0,0,0,0,0,0,0	0
4	4818	CERTIFIED_DEFICIT	1302	1	1	0	0,0,0,0,0,0,0,0,0,0,0,0,0	0
4	4819	CERTIFIED_DEFICIT	1302	1	1	0	0,0,0,0,0,0,0,0,0,0,0,0,0	0
4	4820	CERTIFIED_DEFICIT	1259	1	1	0	0,0,0,0,0,0,0,0,0,0,0,0,0	0
4	4821	CERTIFIED_DEFICIT	1302	1	1	0	0,0,0,0,0,0,0,0,0,0,0,0,0	0
4	4822	CERTIFIED_DEFICIT	1302	1	1	0	0,0,0,0,0,0,0,0,0,0,0,0,0	0
4	4823	CERTIFIED_DEFICIT	1302	1	1	0	0,0,0,0,0,0,0,0,0,0,0,0,0	0
4	4824	CERTIFIED_DEFICIT	1302	1	1	0	0,0,0,0,0,0,0,0,0,0,0,0,0	0
4	4825	CERTIFIED_DEFICIT	1302	1	1	0	0,0,0,0,0,0,0,0,0,0,0,0,0	0
4	4826	CERTIFIED_DEFICIT	1302	1	1	0	0,0,0,0,0,0,0,0,0,0,0,0,0	0
4	4827	CERTIFIED_DEFICIT	1302	1	1	0	0,0,0,0,0,0,0,0,0,0,0,0,0	0
4	4828	CERTIFIED_DEFICIT	1302	1	1	0	0,0,0,0,0,0,0,0,0,0,0,0,0	0
4	4829	CERTIFIED_DEFICIT	1241	1	1	0	0,0,0,0,0,0,0,0,0,0,0,0,0	0
4	4830	CERTIFIED_DEFICIT	1302	1	1	0	0,0,0,0,0,0,0,0,0,0,0,0,0	0
4	4831	CERTIFIED_DEFICIT	1302	1	1	0	0,0,0,0,0,0,0,0,0,0,0,0,0	0
4	4832	CERTIFIED_DEFICIT	1302	1	1	0	0,0,0,0,0,0,0,0,0,0,0,0,0	0
4	4833	CERTIFIED_DEFICIT	1302	1	1	0	0,0,0,0,0,0,0,0,0,0,0,0,0	0
4	4834	CERTIFIED_DEFICIT	1302	1	1	0	0,0,0,0,0,0,0,0,0,0,0,0,0	0
4	4835	CERTIFIED_DEFICIT	1302	1	1	0	0,0,0,0,0,0,0,0,0,0,0,0,0	0
4	4836	CERTIFIED_DEFICIT	1498	1	1	0	0,0,0,0,0,0,0,0,0,0,0,0,0	0
4	4837	CERTIFIED_DEFICIT	1498	1	1	0	0,0,0,0,0,0,0,0,0,0,0,0,0	0
4	4838	CERTIFIED_DEFICIT	1498	1	1	0	0,0,0,0,0,0,0,0,0,0,0,0,0	0
4	4839	CERTIFIED_DEFICIT	1498	1	1	0	0,0,0,0,0,0,0,0,0,0,0,0,0	0
4	4840	CERTIFIED_DEFICIT	1498	1	1	0	0,0,0,0,0,0,0,0,0,0,0,0,0	0
4	4841	CERTIFIED_DEFICIT	1498	1	1	0	0,0,0,0,0,0,0,0,0,0,0,0,0	0
4	4842	CERTIFIED_DEFICIT	1498	1	1	0	0,0,0,0,0,0,0,0,0,0,0,0,0	0
4	4843	CERTIFIED_DEFICIT	1498	1	1	0	0,0,0,0,0,0,0,0,0,0,0,0,0	0
4	4844	CERTIFIED_DEFICIT	1498	1	1	0	0,0,0,0,0,0,0,0,0,0,0,0,0	0
4	4845	CERTIFIED_DEFICIT	1498	1	1	0	0,0,0,0,0,0,0,0,0,0,0,0,0	0
4	4846	CERTIFIED_DEFICIT	1498	1	1	0	0,0,0,0,0,0,0,0,0,0,0,0,0	0
4	4847	CERTIFIED_DEFICIT	1498	1	1	0	0,0,0,0,0,0,0,0,0,0,0,0,0	0
4	4848	CERTIFIED_DEFICIT	1498	1	1	0	0,0,0,0,0,0,0,0,0,0,0,0,0	0
4	4849	CERTIFIED_DEFICIT	1498	1	1	0	0,0,0,0,0,0,0,0,0,0,0,0,0	0
4	4850	CERTIFIED_DEFICIT	1498	1	1	0	0,0,0,0,0,0,0,0,0,0,0,0,0	0
4	4851	CERTIFIED_DEFICIT	1498	1	1	0	0,0,0,0,0,0,0,0,0,0,0,0,0	0
4	4852	CERTIFIED_DEFICIT	1498	1	1	0	0,0,0,0,0,0,0,0,0,0,0,0,0	0
4	4853	CERTIFIED_DEFICIT	1498	1	1	0	0,0,0,0,0,0,0,0,0,0,0,0,0	0
4	4854	CERTIFIED_DEFICIT	1498	1	1	0	0,0,0,0,0,0,0,0,0,0,0,0,0	0
4	4855	CERTIFIED_DEFICIT	1498	1	1	0	0,0,0,0,0,0,0,0,0,0,0,0,0	0
4	4856	CERTIFIED_DEFICIT	1498	1	1	0	0,0,0,0,0,0,0,0,0,0,0,0,0	0
4	4857	CERTIFIED_DEFICIT	1498	1	1	0	0,0,0,0,0,0,0,0,0,0,0,0,0	0
4	4858	CERTIFIED_DEFICIT	1498	1	1	0	0,0,0,0,0,0,0,0,0,0,0,0,0	0
4	4859	CERTIFIED_DEFICIT	1498	1	1	0	0,0,0,0,0,0,0,0,0,0,0,0,0	0
4	4860	CERTIFIED_DEFICIT	1498	1	1	0	0,0,0,0,0,0,0,0,0,0,0,0,0	0
4	4861	CERTIFIED_DEFICIT	1498	1	1	0	0,0,0,0,0,0,0,0,0,0,0,0,0	0
4	4862	CERTIFIED_DEFICIT	1498	1	1	0	0,0,0,0,0,0,0,0,0,0,0,0,0	0
4	4863	CERTIFIED_DEFICIT	1498	1	1	0	0,0,0,0,0,0,0,0,0,0,0,0,0	0
4	4864	CERTIFIED_DEFICIT	1498	1	1	0	0,0,0,0,0,0,0,0,0,0,0,0,0	0
4	4865	CERTIFIED_DEFICIT	1498	1	1	0	0,0,0,0,0,0,0,0,0,0,0,0,0	0
4	4866	CERTIFIED_DEFICIT	1498	1	1	0	0,0,0,0,0,0,0,0,0,0,0,0,0	0
4	4867	CERTIFIED_DEFICIT	1498	1	1	0	0,0,0,0,0,0,0,0,0,0,0,0,0	0
4	4868	CERTIFIED_DEFICIT	1498	1	1	0	0,0,0,0,0,0,0,0,0,0,0,0,0	0
4	4869	CERTIFIED_DEFICIT	1498	1	1	0	0,0,0,0,0,0,0,0,0,0,0,0,0	0
4	4870	CERTIFIED_DEFICIT	1498	1	1	0	0,0,0,0,0,0,0,0,0,0,0,0,0	0
4	4871	CERTIFIED_DEFICIT	1498	1	1	0	0,0,0,0,0,0,0,0,0,0,0,0,0	0
4	4872	CERTIFIED_DEFICIT	1498	1	1	0	0,0,0,0,0,0,0,0,0,0,0,0,0	0
4	4873	CERTIFIED_DEFICIT	1498	1	1	0	0,0,0,0,0,0,0,0,0,0,0,0,0	0
4	4874	CERTIFIED_DEFICIT	1498	1	1	0	0,0,0,0,0,0,0,0,0,0,0,0,0	0
4	4875	CERTIFIED_DEFICIT	1498	1	1	0	0,0,0,0,0,0,0,0,0,0,0,0,0	0
4	4876	CERTIFIED_DEFICIT	1498	1	1	0	0,0,0,0,0,0,0,0,0,0,0,0,0	0
4	4877	CERTIFIED_DEFICIT	1498	1	1	0	0,0,0,0,0,0,0,0,0,0,0,0,0	0
4	4878	CERTIFIED_DEFICIT	1498	1	1	0	0,0,0,0,0,0,0,0,0,0,0,0,0	0
4	4879	CERTIFIED_DEFICIT	1498	1	1	0	0,0,0,0,0,0,0,0,0,0,0,0,0	0
4	4880	CERTIFIED_DEFICIT	1498	1	1	0	0,0,0,0,0,0,0,0,0,0,0,0,0	0
4	4881	CERTIFIED_DEFICIT	1498	1	1	0	0,0,0,0,0,0,0,0,0,0,0,0,0	0
4	4882	CERTIFIED_DEFICIT	1498	1	1	0	0,0,0,0,0,0,0,0,0,0,0,0,0	0
4	4883	CERTIFIED_DEFICIT	1498	1	1	0	0,0,0,0,0,0,0,0,0,0,0,0,0	0
4	4884	CERTIFIED_DEFICIT	1498	1	1	0	0,0,0,0,0,0,0,0,0,0,0,0,0	0
4	4885	CERTIFIED_DEFICIT	1314	1	1	0	0,0,0,0,0,0,0,0,0,0,0,0,0	0
4	4886	CERTIFIED_DEFICIT	1498	1	1	0	0,0,0,0,0,0,0,0,0,0,0,0,0	0
4	4887	CERTIFIED_DEFICIT	1498	1	1	0	0,0,0,0,0,0,0,0,0,0,0,0,0	0
4	4888	CERTIFIED_DEFICIT	1498	1	1	0	0,0,0,0,0,0,0,0,0,0,0,0,0	0
4	4889	CERTIFIED_DEFICIT	1498	1	1	0	0,0,0,0,0,0,0,0,0,0,0,0,0	0
4	4890	CERTIFIED_DEFICIT	1498	1	1	0	0,0,0,0,0,0,0,0,0,0,0,0,0	0
4	4891	CERTIFIED_DEFICIT	1498	1	1	0	0,0,0,0,0,0,0,0,0,0,0,0,0	0
4	4892	CERTIFIED_DEFICIT	1219	1	1	0	0,0,0,0,0,0,0,0,0,0,0,0,0	0
4	4893	CERTIFIED_DEFICIT	1498	1	1	0	0,0,0,0,0,0,0,0,0,0,0,0,0	0
4	4894	CERTIFIED_DEFICIT	1498	1	1	0	0,0,0,0,0,0,0,0,0,0,0,0,0	0
4	4895	CERTIFIED_DEFICIT	1498	1	1	0	0,0,0,0,0,0,0,0,0,0,0,0,0	0
4	4896	CERTIFIED_DEFICIT	1498	1	1	0	0,0,0,0,0,0,0,0,0,0,0,0,0	0
4	4897	CERTIFIED_DEFICIT	1498	1	1	0	0,0,0,0,0,0,0,0,0,0,0,0,0	0
4	4898	CERTIFIED_DEFICIT	1259	1	1	0	0,0,0,0,0,0,0,0,0,0,0,0,0	0
4	4899	CERTIFIED_DEFICIT	1498	1	1	0	0,0,0,0,0,0,0,0,0,0,0,0,0	0
4	4900	CERTIFIED_DEFICIT	1498	1	1	0	0,0,0,0,0,0,0,0,0,0,0,0,0	0
4	4901	CERTIFIED_DEFICIT	1498	1	1	0	0,0,0,0,0,0,0,0,0,0,0,0,0	0
4	4902	CERTIFIED_DEFICIT	1498	1	1	0	0,0,0,0,0,0,0,0,0,0,0,0,0	0
4	4903	CERTIFIED_DEFICIT	1230	1	1	0	0,0,0,0,0,0,0,0,0,0,0,0,0	0
4	4904	CERTIFIED_DEFICIT	1498	1	1	0	0,0,0,0,0,0,0,0,0,0,0,0,0	0
4	4905	CERTIFIED_DEFICIT	1498	1	1	0	0,0,0,0,0,0,0,0,0,0,0,0,0	0
4	4906	CERTIFIED_DEFICIT	1498	1	1	0	0,0,0,0,0,0,0,0,0,0,0,0,0	0
4	4907	CERTIFIED_DEFICIT	1241	1	1	0	0,0,0,0,0,0,0,0,0,0,0,0,0	0
4	4908	CERTIFIED_DEFICIT	1498	1	1	0	0,0,0,0,0,0,0,0,0,0,0,0,0	0
4	4909	CERTIFIED_DEFICIT	1498	1	1	0	0,0,0,0,0,0,0,0,0,0,0,0,0	0
4	4910	CERTIFIED_DEFICIT	1303	1	1	0	0,0,0,0,0,0,0,0,0,0,0,0,0	0
4	4911	CERTIFIED_DEFICIT	1498	1	1	0	0,0,0,0,0,0,0,0,0,0,0,0,0	0
4	4912	CERTIFIED_DEFICIT	1332	1	1	0	0,0,0,0,0,0,0,0,0,0,0,0,0	0
4	4913	CERTIFIED_DEFICIT	1208	1	1	0	0,0,0,0,0,0,0,0,0,0,0,0,0	0
4	4914	CERTIFIED_DEFICIT	1484	1	1	0	0,0,0,0,0,0,0,0,0,0,0,0,0	0
4	4915	CERTIFIED_DEFICIT	1484	1	1	0	0,0,0,0,0,0,0,0,0,0,0,0,0	0
4	4916	CERTIFIED_DEFICIT	1484	1	1	0	0,0,0,0,0,0,0,0,0,0,0,0,0	0
4	4917	CERTIFIED_DEFICIT	1484	1	1	0	0,0,0,0,0,0,0,0,0,0,0,0,0	0
4	4918	CERTIFIED_DEFICIT	1484	1	1	0	0,0,0,0,0,0,0,0,0,0,0,0,0	0
4	4919	CERTIFIED_DEFICIT	1484	1	1	0	0,0,0,0,0,0,0,0,0,0,0,0,0	0
4	4920	CERTIFIED_DEFICIT	1484	1	1	0	0,0,0,0,0,0,0,0,0,0,0,0,0	0
4	4921	CERTIFIED_DEFICIT	1484	1	1	0	0,0,0,0,0,0,0,0,0,0,0,0,0	0
4	4922	CERTIFIED_DEFICIT	1484	1	1	0	0,0,0,0,0,0,0,0,0,0,0,0,0	0
4	4923	CERTIFIED_DEFICIT	1484	1	1	0	0,0,0,0,0,0,0,0,0,0,0,0,0	0
4	4924	CERTIFIED_DEFICIT	1484	1	1	0	0,0,0,0,0,0,0,0,0,0,0,0,0	0
4	4925	CERTIFIED_DEFICIT	1484	1	1	0	0,0,0,0,0,0,0,0,0,0,0,0,0	0
4	4926	CERTIFIED_DEFICIT	1484	1	1	0	0,0,0,0,0,0,0,0,0,0,0,0,0	0
4	4927	CERTIFIED_DEFICIT	1484	1	1	0	0,0,0,0,0,0,0,0,0,0,0,0,0	0
4	4928	CERTIFIED_DEFICIT	1484	1	1	0	0,0,0,0,0,0,0,0,0,0,0,0,0	0
4	4929	CERTIFIED_DEFICIT	1484	1	1	0	0,0,0,0,0,0,0,0,0,0,0,0,0	0
4	4930	CERTIFIED_DEFICIT	1484	1	1	0	0,0,0,0,0,0,0,0,0,0,0,0,0	0
4	4931	CERTIFIED_DEFICIT	1484	1	1	0	0,0,0,0,0,0,0,0,0,0,0,0,0	0
4	4932	CERTIFIED_DEFICIT	1484	1	1	0	0,0,0,0,0,0,0,0,0,0,0,0,0	0
4	4933	CERTIFIED_DEFICIT	1484	1	1	0	0,0,0,0,0,0,0,0,0,0,0,0,0	0
4	4934	CERTIFIED_DEFICIT	1484	1	1	0	0,0,0,0,0,0,0,0,0,0,0,0,0	0
4	4935	CERTIFIED_DEFICIT	1484	1	1	0	0,0,0,0,0,0,0,0,0,0,0,0,0	0
4	4936	CERTIFIED_DEFICIT	1484	1	1	0	0,0,0,0,0,0,0,0,0,0,0,0,0	0
4	4937	CERTIFIED_DEFICIT	1484	1	1	0	0,0,0,0,0,0,0,0,0,0,0,0,0	0
4	4938	CERTIFIED_DEFICIT	1484	1	1	0	0,0,0,0,0,0,0,0,0,0,0,0,0	0
4	4939	CERTIFIED_DEFICIT	1484	1	1	0	0,0,0,0,0,0,0,0,0,0,0,0,0	0
4	4940	CERTIFIED_DEFICIT	1484	1	1	0	0,0,0,0,0,0,0,0,0,0,0,0,0	0
4	4941	CERTIFIED_DEFICIT	1484	1	1	0	0,0,0,0,0,0,0,0,0,0,0,0,0	0
4	4942	CERTIFIED_DEFICIT	1484	1	1	0	0,0,0,0,0,0,0,0,0,0,0,0,0	0
4	4943	CERTIFIED_DEFICIT	1484	1	1	0	0,0,0,0,0,0,0,0,0,0,0,0,0	0
4	4944	CERTIFIED_DEFICIT	1484	1	1	0	0,0,0,0,0,0,0,0,0,0,0,0,0	0
4	4945	CERTIFIED_DEFICIT	1484	1	1	0	0,0,0,0,0,0,0,0,0,0,0,0,0	0
4	4946	CERTIFIED_DEFICIT	1484	1	1	0	0,0,0,0,0,0,0,0,0,0,0,0,0	0
4	4947	CERTIFIED_DEFICIT	1484	1	1	0	0,0,0,0,0,0,0,0,0,0,0,0,0	0
4	4948	CERTIFIED_DEFICIT	1484	1	1	0	0,0,0,0,0,0,0,0,0,0,0,0,0	0
4	4949	CERTIFIED_DEFICIT	1484	1	1	0	0,0,0,0,0,0,0,0,0,0,0,0,0	0
4	4950	CERTIFIED_DEFICIT	1484	1	1	0	0,0,0,0,0,0,0,0,0,0,0,0,0	0
4	4951	CERTIFIED_DEFICIT	1484	1	1	0	0,0,0,0,0,0,0,0,0,0,0,0,0	0
4	4952	CERTIFIED_DEFICIT	1484	1	1	0	0,0,0,0,0,0,0,0,0,0,0,0,0	0
4	4953	CERTIFIED_DEFICIT	1484	1	1	0	0,0,0,0,0,0,0,0,0,0,0,0,0	0
4	4954	CERTIFIED_DEFICIT	1484	1	1	0	0,0,0,0,0,0,0,0,0,0,0,0,0	0
4	4955	CERTIFIED_DEFICIT	1484	1	1	0	0,0,0,0,0,0,0,0,0,0,0,0,0	0
4	4956	CERTIFIED_DEFICIT	1484	1	1	0	0,0,0,0,0,0,0,0,0,0,0,0,0	0
4	4957	CERTIFIED_DEFICIT	1484	1	1	0	0,0,0,0,0,0,0,0,0,0,0,0,0	0
4	4958	CERTIFIED_DEFICIT	1484	1	1	0	0,0,0,0,0,0,0,0,0,0,0,0,0	0
4	4959	CERTIFIED_DEFICIT	1484	1	1	0	0,0,0,0,0,0,0,0,0,0,0,0,0	0
4	4960	CERTIFIED_DEFICIT	1484	1	1	0	0,0,0,0,0,0,0,0,0,0,0,0,0	0
4	4961	CERTIFIED_DEFICIT	1484	1	1	0	0,0,0,0,0,0,0,0,0,0,0,0,0	0
4	4962	CERTIFIED_DEFICIT	1484	1	1	0	0,0,0,0,0,0,0,0,0,0,0,0,0	0
4	4963	CERTIFIED_DEFICIT	1484	1	1	0	0,0,0,0,0,0,0,0,0,0,0,0,0	0
4	4964	CERTIFIED_DEFICIT	1484	1	1	0	0,0,0,0,0,0,0,0,0,0,0,0,0	0
4	4965	CERTIFIED_DEFICIT	1484	1	1	0	0,0,0,0,0,0,0,0,0,0,0,0,0	0
4	4966	CERTIFIED_DEFICIT	1484	1	1	0	0,0,0,0,0,0,0,0,0,0,0,0,0	0
4	4967	CERTIFIED_DEFICIT	1484	1	1	0	0,0,0,0,0,0,0,0,0,0,0,0,0	0
4	4968	CERTIFIED_DEFICIT	1484	1	1	0	0,0,0,0,0,0,0,0,0,0,0,0,0	0
4	4969	CERTIFIED_DEFICIT	1484	1	1	0	0,0,0,0,0,0,0,0,0,0,0,0,0	0
4	4970	CERTIFIED_DEFICIT	1219	1	1	0	0,0,0,0,0,0,0,0,0,0,0,0,0	0
4	4971	CERTIFIED_DEFICIT	1484	1	1	0	0,0,0,0,0,0,0,0,0,0,0,0,0	0
4	4972	CERTIFIED_DEFICIT	1484	1	1	0	0,0,0,0,0,0,0,0,0,0,0,0,0	0
4	4973	CERTIFIED_DEFICIT	1484	1	1	0	0,0,0,0,0,0,0,0,0,0,0,0,0	0
4	4974	CERTIFIED_DEFICIT	1484	1	1	0	0,0,0,0,0,0,0,0,0,0,0,0,0	0
4	4975	CERTIFIED_DEFICIT	1484	1	1	0	0,0,0,0,0,0,0,0,0,0,0,0,0	0
4	4976	CERTIFIED_DEFICIT	1259	1	1	0	0,0,0,0,0,0,0,0,0,0,0,0,0	0
4	4977	CERTIFIED_DEFICIT	1484	1	1	0	0,0,0,0,0,0,0,0,0,0,0,0,0	0
4	4978	CERTIFIED_DEFICIT	1484	1	1	0	0,0,0,0,0,0,0,0,0,0,0,0,0	0
4	4979	CERTIFIED_DEFICIT	1484	1	1	0	0,0,0,0,0,0,0,0,0,0,0,0,0	0
4	4980	CERTIFIED_DEFICIT	1484	1	1	0	0,0,0,0,0,0,0,0,0,0,0,0,0	0
4	4981	CERTIFIED_DEFICIT	1484	1	1	0	0,0,0,0,0,0,0,0,0,0,0,0,0	0
4	4982	CERTIFIED_DEFICIT	1484	1	1	0	0,0,0,0,0,0,0,0,0,0,0,0,0	0
4	4983	CERTIFIED_DEFICIT	1484	1	1	0	0,0,0,0,0,0,0,0,0,0,0,0,0	0
4	4984	CERTIFIED_DEFICIT	1484	1	1	0	0,0,0,0,0,0,0,0,0,0,0,0,0	0
4	4985	CERTIFIED_DEFICIT	1241	1	1	0	0,0,0,0,0,0,0,0,0,0,0,0,0	0
4	4986	CERTIFIED_DEFICIT	1484	1	1	0	0,0,0,0,0,0,0,0,0,0,0,0,0	0
4	4987	CERTIFIED_DEFICIT	1484	1	1	0	0,0,0,0,0,0,0,0,0,0,0,0,0	0
4	4988	CERTIFIED_DEFICIT	1303	1	1	0	0,0,0,0,0,0,0,0,0,0,0,0,0	0
4	4989	CERTIFIED_DEFICIT	1484	1	1	0	0,0,0,0,0,0,0,0,0,0,0,0,0	0
4	4990	CERTIFIED_DEFICIT	1484	1	1	0	0,0,0,0,0,0,0,0,0,0,0,0,0	0
4	4991	CERTIFIED_DEFICIT	1484	1	1	0	0,0,0,0,0,0,0,0,0,0,0,0,0	0
4	4992	CERTIFIED_DEFICIT	1330	1	1	0	0,0,0,0,0,0,0,0,0,0,0,0,0	0
4	4993	CERTIFIED_DEFICIT	1330	1	1	0	0,0,0,0,0,0,0,0,0,0,0,0,0	0
4	4994	CERTIFIED_DEFICIT	1330	1	1	0	0,0,0,0,0,0,0,0,0,0,0,0,0	0
4	4995	CERTIFIED_DEFICIT	1330	1	1	0	0,0,0,0,0,0,0,0,0,0,0,0,0	0
4	4996	CERTIFIED_DEFICIT	1330	1	1	0	0,0,0,0,0,0,0,0,0,0,0,0,0	0
4	4997	CERTIFIED_DEFICIT	1330	1	1	0	0,0,0,0,0,0,0,0,0,0,0,0,0	0
4	4998	CERTIFIED_DEFICIT	1330	1	1	0	0,0,0,0,0,0,0,0,0,0,0,0,0	0
4	4999	CERTIFIED_DEFICIT	1330	1	1	0	0,0,0,0,0,0,0,0,0,0,0,0,0	0
4	5000	CERTIFIED_DEFICIT	1330	1	1	0	0,0,0,0,0,0,0,0,0,0,0,0,0	0
4	5001	CERTIFIED_DEFICIT	1330	1	1	0	0,0,0,0,0,0,0,0,0,0,0,0,0	0
4	5002	CERTIFIED_DEFICIT	1330	1	1	0	0,0,0,0,0,0,0,0,0,0,0,0,0	0
4	5003	CERTIFIED_DEFICIT	1330	1	1	0	0,0,0,0,0,0,0,0,0,0,0,0,0	0
4	5004	CERTIFIED_DEFICIT	1330	1	1	0	0,0,0,0,0,0,0,0,0,0,0,0,0	0
4	5005	CERTIFIED_DEFICIT	1330	1	1	0	0,0,0,0,0,0,0,0,0,0,0,0,0	0
4	5006	CERTIFIED_DEFICIT	1330	1	1	0	0,0,0,0,0,0,0,0,0,0,0,0,0	0
4	5007	CERTIFIED_DEFICIT	1330	1	1	0	0,0,0,0,0,0,0,0,0,0,0,0,0	0
4	5008	CERTIFIED_DEFICIT	1330	1	1	0	0,0,0,0,0,0,0,0,0,0,0,0,0	0
4	5009	CERTIFIED_DEFICIT	1330	1	1	0	0,0,0,0,0,0,0,0,0,0,0,0,0	0
4	5010	CERTIFIED_DEFICIT	1330	1	1	0	0,0,0,0,0,0,0,0,0,0,0,0,0	0
4	5011	CERTIFIED_DEFICIT	1330	1	1	0	0,0,0,0,0,0,0,0,0,0,0,0,0	0
4	5012	CERTIFIED_DEFICIT	1330	1	1	0	0,0,0,0,0,0,0,0,0,0,0,0,0	0
4	5013	CERTIFIED_DEFICIT	1330	1	1	0	0,0,0,0,0,0,0,0,0,0,0,0,0	0
4	5014	CERTIFIED_DEFICIT	1330	1	1	0	0,0,0,0,0,0,0,0,0,0,0,0,0	0
4	5015	CERTIFIED_DEFICIT	1330	1	1	0	0,0,0,0,0,0,0,0,0,0,0,0,0	0
4	5016	CERTIFIED_DEFICIT	1330	1	1	0	0,0,0,0,0,0,0,0,0,0,0,0,0	0
4	5017	CERTIFIED_DEFICIT	1330	1	1	0	0,0,0,0,0,0,0,0,0,0,0,0,0	0
4	5018	CERTIFIED_DEFICIT	1330	1	1	0	0,0,0,0,0,0,0,0,0,0,0,0,0	0
4	5019	CERTIFIED_DEFICIT	1330	1	1	0	0,0,0,0,0,0,0,0,0,0,0,0,0	0
4	5020	CERTIFIED_DEFICIT	1330	1	1	0	0,0,0,0,0,0,0,0,0,0,0,0,0	0
4	5021	CERTIFIED_DEFICIT	1330	1	1	0	0,0,0,0,0,0,0,0,0,0,0,0,0	0
4	5022	CERTIFIED_DEFICIT	1330	1	1	0	0,0,0,0,0,0,0,0,0,0,0,0,0	0
4	5023	CERTIFIED_DEFICIT	1330	1	1	0	0,0,0,0,0,0,0,0,0,0,0,0,0	0
4	5024	CERTIFIED_DEFICIT	1330	1	1	0	0,0,0,0,0,0,0,0,0,0,0,0,0	0
4	5025	CERTIFIED_DEFICIT	1330	1	1	0	0,0,0,0,0,0,0,0,0,0,0,0,0	0
4	5026	CERTIFIED_DEFICIT	1330	1	1	0	0,0,0,0,0,0,0,0,0,0,0,0,0	0
4	5027	CERTIFIED_DEFICIT	1330	1	1	0	0,0,0,0,0,0,0,0,0,0,0,0,0	0
4	5028	CERTIFIED_DEFICIT	1330	1	1	0	0,0,0,0,0,0,0,0,0,0,0,0,0	0
4	5029	CERTIFIED_DEFICIT	1330	1	1	0	0,0,0,0,0,0,0,0,0,0,0,0,0	0
4	5030	CERTIFIED_DEFICIT	1330	1	1	0	0,0,0,0,0,0,0,0,0,0,0,0,0	0
4	5031	CERTIFIED_DEFICIT	1330	1	1	0	0,0,0,0,0,0,0,0,0,0,0,0,0	0
4	5032	CERTIFIED_DEFICIT	1330	1	1	0	0,0,0,0,0,0,0,0,0,0,0,0,0	0
4	5033	CERTIFIED_DEFICIT	1330	1	1	0	0,0,0,0,0,0,0,0,0,0,0,0,0	0
4	5034	CERTIFIED_DEFICIT	1330	1	1	0	0,0,0,0,0,0,0,0,0,0,0,0,0	0
4	5035	CERTIFIED_DEFICIT	1330	1	1	0	0,0,0,0,0,0,0,0,0,0,0,0,0	0
4	5036	CERTIFIED_DEFICIT	1330	1	1	0	0,0,0,0,0,0,0,0,0,0,0,0,0	0
4	5037	CERTIFIED_DEFICIT	1330	1	1	0	0,0,0,0,0,0,0,0,0,0,0,0,0	0
4	5038	CERTIFIED_DEFICIT	1330	1	1	0	0,0,0,0,0,0,0,0,0,0,0,0,0	0
4	5039	CERTIFIED_DEFICIT	1330	1	1	0	0,0,0,0,0,0,0,0,0,0,0,0,0	0
4	5040	CERTIFIED_DEFICIT	1330	1	1	0	0,0,0,0,0,0,0,0,0,0,0,0,0	0
4	5041	CERTIFIED_DEFICIT	1330	1	1	0	0,0,0,0,0,0,0,0,0,0,0,0,0	0
4	5042	CERTIFIED_DEFICIT	1330	1	1	0	0,0,0,0,0,0,0,0,0,0,0,0,0	0
4	5043	CERTIFIED_DEFICIT	1330	1	1	0	0,0,0,0,0,0,0,0,0,0,0,0,0	0
4	5044	CERTIFIED_DEFICIT	1330	1	1	0	0,0,0,0,0,0,0,0,0,0,0,0,0	0
4	5045	CERTIFIED_DEFICIT	1330	1	1	0	0,0,0,0,0,0,0,0,0,0,0,0,0	0
4	5046	CERTIFIED_DEFICIT	1330	1	1	0	0,0,0,0,0,0,0,0,0,0,0,0,0	0
4	5047	CERTIFIED_DEFICIT	1330	1	1	0	0,0,0,0,0,0,0,0,0,0,0,0,0	0
4	5048	CERTIFIED_DEFICIT	1219	1	1	0	0,0,0,0,0,0,0,0,0,0,0,0,0	0
4	5049	CERTIFIED_DEFICIT	1330	1	1	0	0,0,0,0,0,0,0,0,0,0,0,0,0	0
4	5050	CERTIFIED_DEFICIT	1330	1	1	0	0,0,0,0,0,0,0,0,0,0,0,0,0	0
4	5051	CERTIFIED_DEFICIT	1330	1	1	0	0,0,0,0,0,0,0,0,0,0,0,0,0	0
4	5052	CERTIFIED_DEFICIT	1330	1	1	0	0,0,0,0,0,0,0,0,0,0,0,0,0	0
4	5053	CERTIFIED_DEFICIT	1330	1	1	0	0,0,0,0,0,0,0,0,0,0,0,0,0	0
4	5054	CERTIFIED_DEFICIT	1259	1	1	0	0,0,0,0,0,0,0,0,0,0,0,0,0	0
4	5055	CERTIFIED_DEFICIT	1330	1	1	0	0,0,0,0,0,0,0,0,0,0,0,0,0	0
4	5056	CERTIFIED_DEFICIT	1330	1	1	0	0,0,0,0,0,0,0,0,0,0,0,0,0	0
4	5057	CERTIFIED_DEFICIT	1330	1	1	0	0,0,0,0,0,0,0,0,0,0,0,0,0	0
4	5058	CERTIFIED_DEFICIT	1330	1	1	0	0,0,0,0,0,0,0,0,0,0,0,0,0	0
4	5059	CERTIFIED_DEFICIT	1330	1	1	0	0,0,0,0,0,0,0,0,0,0,0,0,0	0
4	5060	CERTIFIED_DEFICIT	1330	1	1	0	0,0,0,0,0,0,0,0,0,0,0,0,0	0
4	5061	CERTIFIED_DEFICIT	1330	1	1	0	0,0,0,0,0,0,0,0,0,0,0,0,0	0
4	5062	CERTIFIED_DEFICIT	1330	1	1	0	0,0,0,0,0,0,0,0,0,0,0,0,0	0
4	5063	CERTIFIED_DEFICIT	1241	1	1	0	0,0,0,0,0,0,0,0,0,0,0,0,0	0
4	5064	CERTIFIED_DEFICIT	1330	1	1	0	0,0,0,0,0,0,0,0,0,0,0,0,0	0
4	5065	CERTIFIED_DEFICIT	1330	1	1	0	0,0,0,0,0,0,0,0,0,0,0,0,0	0
4	5066	CERTIFIED_DEFICIT	1303	1	1	0	0,0,0,0,0,0,0,0,0,0,0,0,0	0
4	5067	CERTIFIED_DEFICIT	1330	1	1	0	0,0,0,0,0,0,0,0,0,0,0,0,0	0
4	5068	CERTIFIED_DEFICIT	1330	1	1	0	0,0,0,0,0,0,0,0,0,0,0,0,0	0
4	5069	CERTIFIED_DEFICIT	1330	1	1	0	0,0,0,0,0,0,0,0,0,0,0,0,0	0
4	5070	CERTIFIED_DEFICIT	1344	1	1	0	0,0,0,0,0,0,0,0,0,0,0,0,0	0
4	5071	CERTIFIED_DEFICIT	1344	1	1	0	0,0,0,0,0,0,0,0,0,0,0,0,0	0
4	5072	CERTIFIED_DEFICIT	1344	1	1	0	0,0,0,0,0,0,0,0,0,0,0,0,0	0
4	5073	CERTIFIED_DEFICIT	1344	1	1	0	0,0,0,0,0,0,0,0,0,0,0,0,0	0
4	5074	CERTIFIED_DEFICIT	1344	1	1	0	0,0,0,0,0,0,0,0,0,0,0,0,0	0
4	5075	CERTIFIED_DEFICIT	1344	1	1	0	0,0,0,0,0,0,0,0,0,0,0,0,0	0
4	5076	CERTIFIED_DEFICIT	1344	1	1	0	0,0,0,0,0,0,0,0,0,0,0,0,0	0
4	5077	CERTIFIED_DEFICIT	1344	1	1	0	0,0,0,0,0,0,0,0,0,0,0,0,0	0
4	5078	CERTIFIED_DEFICIT	1344	1	1	0	0,0,0,0,0,0,0,0,0,0,0,0,0	0
4	5079	CERTIFIED_DEFICIT	1344	1	1	0	0,0,0,0,0,0,0,0,0,0,0,0,0	0
4	5080	CERTIFIED_DEFICIT	1344	1	1	0	0,0,0,0,0,0,0,0,0,0,0,0,0	0
4	5081	CERTIFIED_DEFICIT	1344	1	1	0	0,0,0,0,0,0,0,0,0,0,0,0,0	0
4	5082	CERTIFIED_DEFICIT	1344	1	1	0	0,0,0,0,0,0,0,0,0,0,0,0,0	0
4	5083	CERTIFIED_DEFICIT	1344	1	1	0	0,0,0,0,0,0,0,0,0,0,0,0,0	0
4	5084	CERTIFIED_DEFICIT	1344	1	1	0	0,0,0,0,0,0,0,0,0,0,0,0,0	0
4	5085	CERTIFIED_DEFICIT	1344	1	1	0	0,0,0,0,0,0,0,0,0,0,0,0,0	0
4	5086	CERTIFIED_DEFICIT	1344	1	1	0	0,0,0,0,0,0,0,0,0,0,0,0,0	0
4	5087	CERTIFIED_DEFICIT	1344	1	1	0	0,0,0,0,0,0,0,0,0,0,0,0,0	0
4	5088	CERTIFIED_DEFICIT	1344	1	1	0	0,0,0,0,0,0,0,0,0,0,0,0,0	0
4	5089	CERTIFIED_DEFICIT	1344	1	1	0	0,0,0,0,0,0,0,0,0,0,0,0,0	0
4	5090	CERTIFIED_DEFICIT	1344	1	1	0	0,0,0,0,0,0,0,0,0,0,0,0,0	0
4	5091	CERTIFIED_DEFICIT	1344	1	1	0	0,0,0,0,0,0,0,0,0,0,0,0,0	0
4	5092	CERTIFIED_DEFICIT	1344	1	1	0	0,0,0,0,0,0,0,0,0,0,0,0,0	0
4	5093	CERTIFIED_DEFICIT	1344	1	1	0	0,0,0,0,0,0,0,0,0,0,0,0,0	0
4	5094	CERTIFIED_DEFICIT	1344	1	1	0	0,0,0,0,0,0,0,0,0,0,0,0,0	0
4	5095	CERTIFIED_DEFICIT	1344	1	1	0	0,0,0,0,0,0,0,0,0,0,0,0,0	0
4	5096	CERTIFIED_DEFICIT	1344	1	1	0	0,0,0,0,0,0,0,0,0,0,0,0,0	0
4	5097	CERTIFIED_DEFICIT	1344	1	1	0	0,0,0,0,0,0,0,0,0,0,0,0,0	0
4	5098	CERTIFIED_DEFICIT	1344	1	1	0	0,0,0,0,0,0,0,0,0,0,0,0,0	0
4	5099	CERTIFIED_DEFICIT	1344	1	1	0	0,0,0,0,0,0,0,0,0,0,0,0,0	0
4	5100	CERTIFIED_DEFICIT	1344	1	1	0	0,0,0,0,0,0,0,0,0,0,0,0,0	0
4	5101	CERTIFIED_DEFICIT	1344	1	1	0	0,0,0,0,0,0,0,0,0,0,0,0,0	0
4	5102	CERTIFIED_DEFICIT	1344	1	1	0	0,0,0,0,0,0,0,0,0,0,0,0,0	0
4	5103	CERTIFIED_DEFICIT	1344	1	1	0	0,0,0,0,0,0,0,0,0,0,0,0,0	0
4	5104	CERTIFIED_DEFICIT	1344	1	1	0	0,0,0,0,0,0,0,0,0,0,0,0,0	0
4	5105	CERTIFIED_DEFICIT	1344	1	1	0	0,0,0,0,0,0,0,0,0,0,0,0,0	0
4	5106	CERTIFIED_DEFICIT	1344	1	1	0	0,0,0,0,0,0,0,0,0,0,0,0,0	0
4	5107	CERTIFIED_DEFICIT	1344	1	1	0	0,0,0,0,0,0,0,0,0,0,0,0,0	0
4	5108	CERTIFIED_DEFICIT	1344	1	1	0	0,0,0,0,0,0,0,0,0,0,0,0,0	0
4	5109	CERTIFIED_DEFICIT	1344	1	1	0	0,0,0,0,0,0,0,0,0,0,0,0,0	0
4	5110	CERTIFIED_DEFICIT	1344	1	1	0	0,0,0,0,0,0,0,0,0,0,0,0,0	0
4	5111	CERTIFIED_DEFICIT	1344	1	1	0	0,0,0,0,0,0,0,0,0,0,0,0,0	0
4	5112	CERTIFIED_DEFICIT	1344	1	1	0	0,0,0,0,0,0,0,0,0,0,0,0,0	0
4	5113	CERTIFIED_DEFICIT	1344	1	1	0	0,0,0,0,0,0,0,0,0,0,0,0,0	0
4	5114	CERTIFIED_DEFICIT	1344	1	1	0	0,0,0,0,0,0,0,0,0,0,0,0,0	0
4	5115	CERTIFIED_DEFICIT	1344	1	1	0	0,0,0,0,0,0,0,0,0,0,0,0,0	0
4	5116	CERTIFIED_DEFICIT	1344	1	1	0	0,0,0,0,0,0,0,0,0,0,0,0,0	0
4	5117	CERTIFIED_DEFICIT	1344	1	1	0	0,0,0,0,0,0,0,0,0,0,0,0,0	0
4	5118	CERTIFIED_DEFICIT	1344	1	1	0	0,0,0,0,0,0,0,0,0,0,0,0,0	0
4	5119	CERTIFIED_DEFICIT	1344	1	1	0	0,0,0,0,0,0,0,0,0,0,0,0,0	0
4	5120	CERTIFIED_DEFICIT	1344	1	1	0	0,0,0,0,0,0,0,0,0,0,0,0,0	0
4	5121	CERTIFIED_DEFICIT	1344	1	1	0	0,0,0,0,0,0,0,0,0,0,0,0,0	0
4	5122	CERTIFIED_DEFICIT	1344	1	1	0	0,0,0,0,0,0,0,0,0,0,0,0,0	0
4	5123	CERTIFIED_DEFICIT	1344	1	1	0	0,0,0,0,0,0,0,0,0,0,0,0,0	0
4	5124	CERTIFIED_DEFICIT	1344	1	1	0	0,0,0,0,0,0,0,0,0,0,0,0,0	0
4	5125	CERTIFIED_DEFICIT	1344	1	1	0	0,0,0,0,0,0,0,0,0,0,0,0,0	0
4	5126	CERTIFIED_DEFICIT	1219	1	1	0	0,0,0,0,0,0,0,0,0,0,0,0,0	0
4	5127	CERTIFIED_DEFICIT	1344	1	1	0	0,0,0,0,0,0,0,0,0,0,0,0,0	0
4	5128	CERTIFIED_DEFICIT	1344	1	1	0	0,0,0,0,0,0,0,0,0,0,0,0,0	0
4	5129	CERTIFIED_DEFICIT	1344	1	1	0	0,0,0,0,0,0,0,0,0,0,0,0,0	0
4	5130	CERTIFIED_DEFICIT	1344	1	1	0	0,0,0,0,0,0,0,0,0,0,0,0,0	0
4	5131	CERTIFIED_DEFICIT	1344	1	1	0	0,0,0,0,0,0,0,0,0,0,0,0,0	0
4	5132	CERTIFIED_DEFICIT	1259	1	1	0	0,0,0,0,0,0,0,0,0,0,0,0,0	0
4	5133	CERTIFIED_DEFICIT	1344	1	1	0	0,0,0,0,0,0,0,0,0,0,0,0,0	0
4	5134	CERTIFIED_DEFICIT	1344	1	1	0	0,0,0,0,0,0,0,0,0,0,0,0,0	0
4	5135	CERTIFIED_DEFICIT	1344	1	1	0	0,0,0,0,0,0,0,0,0,0,0,0,0	0
4	5136	CERTIFIED_DEFICIT	1344	1	1	0	0,0,0,0,0,0,0,0,0,0,0,0,0	0
4	5137	CERTIFIED_DEFICIT	1344	1	1	0	0,0,0,0,0,0,0,0,0,0,0,0,0	0
4	5138	CERTIFIED_DEFICIT	1344	1	1	0	0,0,0,0,0,0,0,0,0,0,0,0,0	0
4	5139	CERTIFIED_DEFICIT	1344	1	1	0	0,0,0,0,0,0,0,0,0,0,0,0,0	0
4	5140	CERTIFIED_DEFICIT	1344	1	1	0	0,0,0,0,0,0,0,0,0,0,0,0,0	0
4	5141	CERTIFIED_DEFICIT	1241	1	1	0	0,0,0,0,0,0,0,0,0,0,0,0,0	0
4	5142	CERTIFIED_DEFICIT	1344	1	1	0	0,0,0,0,0,0,0,0,0,0,0,0,0	0
4	5143	CERTIFIED_DEFICIT	1344	1	1	0	0,0,0,0,0,0,0,0,0,0,0,0,0	0
4	5144	CERTIFIED_DEFICIT	1303	1	1	0	0,0,0,0,0,0,0,0,0,0,0,0,0	0
4	5145	CERTIFIED_DEFICIT	1344	1	1	0	0,0,0,0,0,0,0,0,0,0,0,0,0	0
4	5146	CERTIFIED_DEFICIT	1344	1	1	0	0,0,0,0,0,0,0,0,0,0,0,0,0	0
4	5147	CERTIFIED_DEFICIT	1344	1	1	0	0,0,0,0,0,0,0,0,0,0,0,0,0	0
4	5148	CERTIFIED_DEFICIT	1302	1	1	0	0,0,0,0,0,0,0,0,0,0,0,0,0	0
4	5149	CERTIFIED_DEFICIT	1302	1	1	0	0,0,0,0,0,0,0,0,0,0,0,0,0	0
4	5150	CERTIFIED_DEFICIT	1302	1	1	0	0,0,0,0,0,0,0,0,0,0,0,0,0	0
4	5151	CERTIFIED_DEFICIT	1302	1	1	0	0,0,0,0,0,0,0,0,0,0,0,0,0	0
4	5152	CERTIFIED_DEFICIT	1302	1	1	0	0,0,0,0,0,0,0,0,0,0,0,0,0	0
4	5153	CERTIFIED_DEFICIT	1302	1	1	0	0,0,0,0,0,0,0,0,0,0,0,0,0	0
4	5154	CERTIFIED_DEFICIT	1302	1	1	0	0,0,0,0,0,0,0,0,0,0,0,0,0	0
4	5155	CERTIFIED_DEFICIT	1302	1	1	0	0,0,0,0,0,0,0,0,0,0,0,0,0	0
4	5156	CERTIFIED_DEFICIT	1302	1	1	0	0,0,0,0,0,0,0,0,0,0,0,0,0	0
4	5157	CERTIFIED_DEFICIT	1302	1	1	0	0,0,0,0,0,0,0,0,0,0,0,0,0	0
4	5158	CERTIFIED_DEFICIT	1302	1	1	0	0,0,0,0,0,0,0,0,0,0,0,0,0	0
4	5159	CERTIFIED_DEFICIT	1302	1	1	0	0,0,0,0,0,0,0,0,0,0,0,0,0	0
4	5160	CERTIFIED_DEFICIT	1302	1	1	0	0,0,0,0,0,0,0,0,0,0,0,0,0	0
4	5161	CERTIFIED_DEFICIT	1302	1	1	0	0,0,0,0,0,0,0,0,0,0,0,0,0	0
4	5162	CERTIFIED_DEFICIT	1302	1	1	0	0,0,0,0,0,0,0,0,0,0,0,0,0	0
4	5163	CERTIFIED_DEFICIT	1302	1	1	0	0,0,0,0,0,0,0,0,0,0,0,0,0	0
4	5164	CERTIFIED_DEFICIT	1302	1	1	0	0,0,0,0,0,0,0,0,0,0,0,0,0	0
4	5165	CERTIFIED_DEFICIT	1302	1	1	0	0,0,0,0,0,0,0,0,0,0,0,0,0	0
4	5166	CERTIFIED_DEFICIT	1302	1	1	0	0,0,0,0,0,0,0,0,0,0,0,0,0	0
4	5167	CERTIFIED_DEFICIT	1302	1	1	0	0,0,0,0,0,0,0,0,0,0,0,0,0	0
4	5168	CERTIFIED_DEFICIT	1302	1	1	0	0,0,0,0,0,0,0,0,0,0,0,0,0	0
4	5169	CERTIFIED_DEFICIT	1302	1	1	0	0,0,0,0,0,0,0,0,0,0,0,0,0	0
4	5170	CERTIFIED_DEFICIT	1302	1	1	0	0,0,0,0,0,0,0,0,0,0,0,0,0	0
4	5171	CERTIFIED_DEFICIT	1302	1	1	0	0,0,0,0,0,0,0,0,0,0,0,0,0	0
4	5172	CERTIFIED_DEFICIT	1302	1	1	0	0,0,0,0,0,0,0,0,0,0,0,0,0	0
4	5173	CERTIFIED_DEFICIT	1302	1	1	0	0,0,0,0,0,0,0,0,0,0,0,0,0	0
4	5174	CERTIFIED_DEFICIT	1302	1	1	0	0,0,0,0,0,0,0,0,0,0,0,0,0	0
4	5175	CERTIFIED_DEFICIT	1302	1	1	0	0,0,0,0,0,0,0,0,0,0,0,0,0	0
4	5176	CERTIFIED_DEFICIT	1302	1	1	0	0,0,0,0,0,0,0,0,0,0,0,0,0	0
4	5177	CERTIFIED_DEFICIT	1302	1	1	0	0,0,0,0,0,0,0,0,0,0,0,0,0	0
4	5178	CERTIFIED_DEFICIT	1302	1	1	0	0,0,0,0,0,0,0,0,0,0,0,0,0	0
4	5179	CERTIFIED_DEFICIT	1302	1	1	0	0,0,0,0,0,0,0,0,0,0,0,0,0	0
4	5180	CERTIFIED_DEFICIT	1302	1	1	0	0,0,0,0,0,0,0,0,0,0,0,0,0	0
4	5181	CERTIFIED_DEFICIT	1302	1	1	0	0,0,0,0,0,0,0,0,0,0,0,0,0	0
4	5182	CERTIFIED_DEFICIT	1302	1	1	0	0,0,0,0,0,0,0,0,0,0,0,0,0	0
4	5183	CERTIFIED_DEFICIT	1302	1	1	0	0,0,0,0,0,0,0,0,0,0,0,0,0	0
4	5184	CERTIFIED_DEFICIT	1302	1	1	0	0,0,0,0,0,0,0,0,0,0,0,0,0	0
4	5185	CERTIFIED_DEFICIT	1302	1	1	0	0,0,0,0,0,0,0,0,0,0,0,0,0	0
4	5186	CERTIFIED_DEFICIT	1302	1	1	0	0,0,0,0,0,0,0,0,0,0,0,0,0	0
4	5187	CERTIFIED_DEFICIT	1302	1	1	0	0,0,0,0,0,0,0,0,0,0,0,0,0	0
4	5188	CERTIFIED_DEFICIT	1302	1	1	0	0,0,0,0,0,0,0,0,0,0,0,0,0	0
4	5189	CERTIFIED_DEFICIT	1302	1	1	0	0,0,0,0,0,0,0,0,0,0,0,0,0	0
4	5190	CERTIFIED_DEFICIT	1302	1	1	0	0,0,0,0,0,0,0,0,0,0,0,0,0	0
4	5191	CERTIFIED_DEFICIT	1302	1	1	0	0,0,0,0,0,0,0,0,0,0,0,0,0	0
4	5192	CERTIFIED_DEFICIT	1302	1	1	0	0,0,0,0,0,0,0,0,0,0,0,0,0	0
4	5193	CERTIFIED_DEFICIT	1302	1	1	0	0,0,0,0,0,0,0,0,0,0,0,0,0	0
4	5194	CERTIFIED_DEFICIT	1302	1	1	0	0,0,0,0,0,0,0,0,0,0,0,0,0	0
4	5195	CERTIFIED_DEFICIT	1302	1	1	0	0,0,0,0,0,0,0,0,0,0,0,0,0	0
4	5196	CERTIFIED_DEFICIT	1302	1	1	0	0,0,0,0,0,0,0,0,0,0,0,0,0	0
4	5197	CERTIFIED_DEFICIT	1302	1	1	0	0,0,0,0,0,0,0,0,0,0,0,0,0	0
4	5198	CERTIFIED_DEFICIT	1302	1	1	0	0,0,0,0,0,0,0,0,0,0,0,0,0	0
4	5199	CERTIFIED_DEFICIT	1302	1	1	0	0,0,0,0,0,0,0,0,0,0,0,0,0	0
4	5200	CERTIFIED_DEFICIT	1302	1	1	0	0,0,0,0,0,0,0,0,0,0,0,0,0	0
4	5201	CERTIFIED_DEFICIT	1302	1	1	0	0,0,0,0,0,0,0,0,0,0,0,0,0	0
4	5202	CERTIFIED_DEFICIT	1302	1	1	0	0,0,0,0,0,0,0,0,0,0,0,0,0	0
4	5203	CERTIFIED_DEFICIT	1302	1	1	0	0,0,0,0,0,0,0,0,0,0,0,0,0	0
4	5204	CERTIFIED_DEFICIT	1219	1	1	0	0,0,0,0,0,0,0,0,0,0,0,0,0	0
4	5205	CERTIFIED_DEFICIT	1302	1	1	0	0,0,0,0,0,0,0,0,0,0,0,0,0	0
4	5206	CERTIFIED_DEFICIT	1302	1	1	0	0,0,0,0,0,0,0,0,0,0,0,0,0	0
4	5207	CERTIFIED_DEFICIT	1302	1	1	0	0,0,0,0,0,0,0,0,0,0,0,0,0	0
4	5208	CERTIFIED_DEFICIT	1302	1	1	0	0,0,0,0,0,0,0,0,0,0,0,0,0	0
4	5209	CERTIFIED_DEFICIT	1302	1	1	0	0,0,0,0,0,0,0,0,0,0,0,0,0	0
4	5210	CERTIFIED_DEFICIT	1259	1	1	0	0,0,0,0,0,0,0,0,0,0,0,0,0	0
4	5211	CERTIFIED_DEFICIT	1302	1	1	0	0,0,0,0,0,0,0,0,0,0,0,0,0	0
4	5212	CERTIFIED_DEFICIT	1302	1	1	0	0,0,0,0,0,0,0,0,0,0,0,0,0	0
4	5213	CERTIFIED_DEFICIT	1302	1	1	0	0,0,0,0,0,0,0,0,0,0,0,0,0	0
4	5214	CERTIFIED_DEFICIT	1302	1	1	0	0,0,0,0,0,0,0,0,0,0,0,0,0	0
4	5215	CERTIFIED_DEFICIT	1302	1	1	0	0,0,0,0,0,0,0,0,0,0,0,0,0	0
4	5216	CERTIFIED_DEFICIT	1302	1	1	0	0,0,0,0,0,0,0,0,0,0,0,0,0	0
4	5217	CERTIFIED_DEFICIT	1302	1	1	0	0,0,0,0,0,0,0,0,0,0,0,0,0	0
4	5218	CERTIFIED_DEFICIT	1302	1	1	0	0,0,0,0,0,0,0,0,0,0,0,0,0	0
4	5219	CERTIFIED_DEFICIT	1241	1	1	0	0,0,0,0,0,0,0,0,0,0,0,0,0	0
4	5220	CERTIFIED_DEFICIT	1302	1	1	0	0,0,0,0,0,0,0,0,0,0,0,0,0	0
4	5221	CERTIFIED_DEFICIT	1302	1	1	0	0,0,0,0,0,0,0,0,0,0,0,0,0	0
4	5222	CERTIFIED_DEFICIT	1302	1	1	0	0,0,0,0,0,0,0,0,0,0,0,0,0	0
4	5223	CERTIFIED_DEFICIT	1302	1	1	0	0,0,0,0,0,0,0,0,0,0,0,0,0	0
4	5224	CERTIFIED_DEFICIT	1302	1	1	0	0,0,0,0,0,0,0,0,0,0,0,0,0	0
4	5225	CERTIFIED_DEFICIT	1302	1	1	0	0,0,0,0,0,0,0,0,0,0,0,0,0	0
4	5226	CERTIFIED_DEFICIT	1344	1	1	0	0,0,0,0,0,0,0,0,0,0,0,0,0	0
4	5227	CERTIFIED_DEFICIT	1344	1	1	0	0,0,0,0,0,0,0,0,0,0,0,0,0	0
4	5228	CERTIFIED_DEFICIT	1344	1	1	0	0,0,0,0,0,0,0,0,0,0,0,0,0	0
4	5229	CERTIFIED_DEFICIT	1344	1	1	0	0,0,0,0,0,0,0,0,0,0,0,0,0	0
4	5230	CERTIFIED_DEFICIT	1344	1	1	0	0,0,0,0,0,0,0,0,0,0,0,0,0	0
4	5231	CERTIFIED_DEFICIT	1344	1	1	0	0,0,0,0,0,0,0,0,0,0,0,0,0	0
4	5232	CERTIFIED_DEFICIT	1344	1	1	0	0,0,0,0,0,0,0,0,0,0,0,0,0	0
4	5233	CERTIFIED_DEFICIT	1344	1	1	0	0,0,0,0,0,0,0,0,0,0,0,0,0	0
4	5234	CERTIFIED_DEFICIT	1344	1	1	0	0,0,0,0,0,0,0,0,0,0,0,0,0	0
4	5235	CERTIFIED_DEFICIT	1344	1	1	0	0,0,0,0,0,0,0,0,0,0,0,0,0	0
4	5236	CERTIFIED_DEFICIT	1344	1	1	0	0,0,0,0,0,0,0,0,0,0,0,0,0	0
4	5237	CERTIFIED_DEFICIT	1344	1	1	0	0,0,0,0,0,0,0,0,0,0,0,0,0	0
4	5238	CERTIFIED_DEFICIT	1344	1	1	0	0,0,0,0,0,0,0,0,0,0,0,0,0	0
4	5239	CERTIFIED_DEFICIT	1344	1	1	0	0,0,0,0,0,0,0,0,0,0,0,0,0	0
4	5240	CERTIFIED_DEFICIT	1344	1	1	0	0,0,0,0,0,0,0,0,0,0,0,0,0	0
4	5241	CERTIFIED_DEFICIT	1344	1	1	0	0,0,0,0,0,0,0,0,0,0,0,0,0	0
4	5242	CERTIFIED_DEFICIT	1344	1	1	0	0,0,0,0,0,0,0,0,0,0,0,0,0	0
4	5243	CERTIFIED_DEFICIT	1344	1	1	0	0,0,0,0,0,0,0,0,0,0,0,0,0	0
4	5244	CERTIFIED_DEFICIT	1344	1	1	0	0,0,0,0,0,0,0,0,0,0,0,0,0	0
4	5245	CERTIFIED_DEFICIT	1344	1	1	0	0,0,0,0,0,0,0,0,0,0,0,0,0	0
4	5246	CERTIFIED_DEFICIT	1344	1	1	0	0,0,0,0,0,0,0,0,0,0,0,0,0	0
4	5247	CERTIFIED_DEFICIT	1344	1	1	0	0,0,0,0,0,0,0,0,0,0,0,0,0	0
4	5248	CERTIFIED_DEFICIT	1344	1	1	0	0,0,0,0,0,0,0,0,0,0,0,0,0	0
4	5249	CERTIFIED_DEFICIT	1344	1	1	0	0,0,0,0,0,0,0,0,0,0,0,0,0	0
4	5250	CERTIFIED_DEFICIT	1344	1	1	0	0,0,0,0,0,0,0,0,0,0,0,0,0	0
4	5251	CERTIFIED_DEFICIT	1344	1	1	0	0,0,0,0,0,0,0,0,0,0,0,0,0	0
4	5252	CERTIFIED_DEFICIT	1344	1	1	0	0,0,0,0,0,0,0,0,0,0,0,0,0	0
4	5253	CERTIFIED_DEFICIT	1344	1	1	0	0,0,0,0,0,0,0,0,0,0,0,0,0	0
4	5254	CERTIFIED_DEFICIT	1344	1	1	0	0,0,0,0,0,0,0,0,0,0,0,0,0	0
4	5255	CERTIFIED_DEFICIT	1344	1	1	0	0,0,0,0,0,0,0,0,0,0,0,0,0	0
4	5256	CERTIFIED_DEFICIT	1344	1	1	0	0,0,0,0,0,0,0,0,0,0,0,0,0	0
4	5257	CERTIFIED_DEFICIT	1344	1	1	0	0,0,0,0,0,0,0,0,0,0,0,0,0	0
4	5258	CERTIFIED_DEFICIT	1344	1	1	0	0,0,0,0,0,0,0,0,0,0,0,0,0	0
4	5259	CERTIFIED_DEFICIT	1344	1	1	0	0,0,0,0,0,0,0,0,0,0,0,0,0	0
4	5260	CERTIFIED_DEFICIT	1344	1	1	0	0,0,0,0,0,0,0,0,0,0,0,0,0	0
4	5261	CERTIFIED_DEFICIT	1344	1	1	0	0,0,0,0,0,0,0,0,0,0,0,0,0	0
4	5262	CERTIFIED_DEFICIT	1344	1	1	0	0,0,0,0,0,0,0,0,0,0,0,0,0	0
4	5263	CERTIFIED_DEFICIT	1344	1	1	0	0,0,0,0,0,0,0,0,0,0,0,0,0	0
4	5264	CERTIFIED_DEFICIT	1344	1	1	0	0,0,0,0,0,0,0,0,0,0,0,0,0	0
4	5265	CERTIFIED_DEFICIT	1344	1	1	0	0,0,0,0,0,0,0,0,0,0,0,0,0	0
4	5266	CERTIFIED_DEFICIT	1344	1	1	0	0,0,0,0,0,0,0,0,0,0,0,0,0	0
4	5267	CERTIFIED_DEFICIT	1310	1	1	0	0,0,0,0,0,0,0,0,0,0,0,0,0	0
4	5268	CERTIFIED_DEFICIT	1344	1	1	0	0,0,0,0,0,0,0,0,0,0,0,0,0	0
4	5269	CERTIFIED_DEFICIT	1344	1	1	0	0,0,0,0,0,0,0,0,0,0,0,0,0	0
4	5270	CERTIFIED_DEFICIT	1344	1	1	0	0,0,0,0,0,0,0,0,0,0,0,0,0	0
4	5271	CERTIFIED_DEFICIT	1344	1	1	0	0,0,0,0,0,0,0,0,0,0,0,0,0	0
4	5272	CERTIFIED_DEFICIT	1344	1	1	0	0,0,0,0,0,0,0,0,0,0,0,0,0	0
4	5273	CERTIFIED_DEFICIT	1344	1	1	0	0,0,0,0,0,0,0,0,0,0,0,0,0	0
4	5274	CERTIFIED_DEFICIT	1344	1	1	0	0,0,0,0,0,0,0,0,0,0,0,0,0	0
4	5275	CERTIFIED_DEFICIT	1344	1	1	0	0,0,0,0,0,0,0,0,0,0,0,0,0	0
4	5276	CERTIFIED_DEFICIT	1344	1	1	0	0,0,0,0,0,0,0,0,0,0,0,0,0	0
4	5277	CERTIFIED_DEFICIT	1344	1	1	0	0,0,0,0,0,0,0,0,0,0,0,0,0	0
4	5278	CERTIFIED_DEFICIT	1344	1	1	0	0,0,0,0,0,0,0,0,0,0,0,0,0	0
4	5279	CERTIFIED_DEFICIT	1344	1	1	0	0,0,0,0,0,0,0,0,0,0,0,0,0	0
4	5280	CERTIFIED_DEFICIT	1344	1	1	0	0,0,0,0,0,0,0,0,0,0,0,0,0	0
4	5281	CERTIFIED_DEFICIT	1344	1	1	0	0,0,0,0,0,0,0,0,0,0,0,0,0	0
4	5282	CERTIFIED_DEFICIT	1219	1	1	0	0,0,0,0,0,0,0,0,0,0,0,0,0	0
4	5283	CERTIFIED_DEFICIT	1344	1	1	0	0,0,0,0,0,0,0,0,0,0,0,0,0	0
4	5284	CERTIFIED_DEFICIT	1344	1	1	0	0,0,0,0,0,0,0,0,0,0,0,0,0	0
4	5285	CERTIFIED_DEFICIT	1344	1	1	0	0,0,0,0,0,0,0,0,0,0,0,0,0	0
4	5286	CERTIFIED_DEFICIT	1344	1	1	0	0,0,0,0,0,0,0,0,0,0,0,0,0	0
4	5287	CERTIFIED_DEFICIT	1344	1	1	0	0,0,0,0,0,0,0,0,0,0,0,0,0	0
4	5288	CERTIFIED_DEFICIT	1252	1	1	0	0,0,0,0,0,0,0,0,0,0,0,0,0	0
4	5289	CERTIFIED_DEFICIT	1344	1	1	0	0,0,0,0,0,0,0,0,0,0,0,0,0	0
4	5290	CERTIFIED_DEFICIT	1344	1	1	0	0,0,0,0,0,0,0,0,0,0,0,0,0	0
4	5291	CERTIFIED_DEFICIT	1344	1	1	0	0,0,0,0,0,0,0,0,0,0,0,0,0	0
4	5292	CERTIFIED_DEFICIT	1344	1	1	0	0,0,0,0,0,0,0,0,0,0,0,0,0	0
4	5293	CERTIFIED_DEFICIT	1344	1	1	0	0,0,0,0,0,0,0,0,0,0,0,0,0	0
4	5294	CERTIFIED_DEFICIT	1344	1	1	0	0,0,0,0,0,0,0,0,0,0,0,0,0	0
4	5295	CERTIFIED_DEFICIT	1344	1	1	0	0,0,0,0,0,0,0,0,0,0,0,0,0	0
4	5296	CERTIFIED_DEFICIT	1344	1	1	0	0,0,0,0,0,0,0,0,0,0,0,0,0	0
4	5297	CERTIFIED_DEFICIT	1241	1	1	0	0,0,0,0,0,0,0,0,0,0,0,0,0	0
4	5298	CERTIFIED_DEFICIT	1344	1	1	0	0,0,0,0,0,0,0,0,0,0,0,0,0	0
4	5299	CERTIFIED_DEFICIT	1344	1	1	0	0,0,0,0,0,0,0,0,0,0,0,0,0	0
4	5300	CERTIFIED_DEFICIT	1303	1	1	0	0,0,0,0,0,0,0,0,0,0,0,0,0	0
4	5301	CERTIFIED_DEFICIT	1344	1	1	0	0,0,0,0,0,0,0,0,0,0,0,0,0	0
4	5302	CERTIFIED_DEFICIT	1344	1	1	0	0,0,0,0,0,0,0,0,0,0,0,0,0	0
4	5303	CERTIFIED_DEFICIT	1208	1	1	0	0,0,0,0,0,0,0,0,0,0,0,0,0	0
4	5304	CERTIFIED_DEFICIT	1484	1	1	0	0,0,0,0,0,0,0,0,0,0,0,0,0	0
4	5305	CERTIFIED_DEFICIT	1484	1	1	0	0,0,0,0,0,0,0,0,0,0,0,0,0	0
4	5306	CERTIFIED_DEFICIT	1484	1	1	0	0,0,0,0,0,0,0,0,0,0,0,0,0	0
4	5307	CERTIFIED_DEFICIT	1484	1	1	0	0,0,0,0,0,0,0,0,0,0,0,0,0	0
4	5308	CERTIFIED_DEFICIT	1484	1	1	0	0,0,0,0,0,0,0,0,0,0,0,0,0	0
4	5309	CERTIFIED_DEFICIT	1484	1	1	0	0,0,0,0,0,0,0,0,0,0,0,0,0	0
4	5310	CERTIFIED_DEFICIT	1484	1	1	0	0,0,0,0,0,0,0,0,0,0,0,0,0	0
4	5311	CERTIFIED_DEFICIT	1484	1	1	0	0,0,0,0,0,0,0,0,0,0,0,0,0	0
4	5312	CERTIFIED_DEFICIT	1484	1	1	0	0,0,0,0,0,0,0,0,0,0,0,0,0	0
4	5313	CERTIFIED_DEFICIT	1484	1	1	0	0,0,0,0,0,0,0,0,0,0,0,0,0	0
4	5314	CERTIFIED_DEFICIT	1484	1	1	0	0,0,0,0,0,0,0,0,0,0,0,0,0	0
4	5315	CERTIFIED_DEFICIT	1484	1	1	0	0,0,0,0,0,0,0,0,0,0,0,0,0	0
4	5316	CERTIFIED_DEFICIT	1484	1	1	0	0,0,0,0,0,0,0,0,0,0,0,0,0	0
4	5317	CERTIFIED_DEFICIT	1484	1	1	0	0,0,0,0,0,0,0,0,0,0,0,0,0	0
4	5318	CERTIFIED_DEFICIT	1484	1	1	0	0,0,0,0,0,0,0,0,0,0,0,0,0	0
4	5319	CERTIFIED_DEFICIT	1484	1	1	0	0,0,0,0,0,0,0,0,0,0,0,0,0	0
4	5320	CERTIFIED_DEFICIT	1484	1	1	0	0,0,0,0,0,0,0,0,0,0,0,0,0	0
4	5321	CERTIFIED_DEFICIT	1484	1	1	0	0,0,0,0,0,0,0,0,0,0,0,0,0	0
4	5322	CERTIFIED_DEFICIT	1484	1	1	0	0,0,0,0,0,0,0,0,0,0,0,0,0	0
4	5323	CERTIFIED_DEFICIT	1484	1	1	0	0,0,0,0,0,0,0,0,0,0,0,0,0	0
4	5324	CERTIFIED_DEFICIT	1484	1	1	0	0,0,0,0,0,0,0,0,0,0,0,0,0	0
4	5325	CERTIFIED_DEFICIT	1484	1	1	0	0,0,0,0,0,0,0,0,0,0,0,0,0	0
4	5326	CERTIFIED_DEFICIT	1484	1	1	0	0,0,0,0,0,0,0,0,0,0,0,0,0	0
4	5327	CERTIFIED_DEFICIT	1484	1	1	0	0,0,0,0,0,0,0,0,0,0,0,0,0	0
4	5328	CERTIFIED_DEFICIT	1484	1	1	0	0,0,0,0,0,0,0,0,0,0,0,0,0	0
4	5329	CERTIFIED_DEFICIT	1484	1	1	0	0,0,0,0,0,0,0,0,0,0,0,0,0	0
4	5330	CERTIFIED_DEFICIT	1484	1	1	0	0,0,0,0,0,0,0,0,0,0,0,0,0	0
4	5331	CERTIFIED_DEFICIT	1484	1	1	0	0,0,0,0,0,0,0,0,0,0,0,0,0	0
4	5332	CERTIFIED_DEFICIT	1484	1	1	0	0,0,0,0,0,0,0,0,0,0,0,0,0	0
4	5333	CERTIFIED_DEFICIT	1484	1	1	0	0,0,0,0,0,0,0,0,0,0,0,0,0	0
4	5334	CERTIFIED_DEFICIT	1484	1	1	0	0,0,0,0,0,0,0,0,0,0,0,0,0	0
4	5335	CERTIFIED_DEFICIT	1484	1	1	0	0,0,0,0,0,0,0,0,0,0,0,0,0	0
4	5336	CERTIFIED_DEFICIT	1484	1	1	0	0,0,0,0,0,0,0,0,0,0,0,0,0	0
4	5337	CERTIFIED_DEFICIT	1484	1	1	0	0,0,0,0,0,0,0,0,0,0,0,0,0	0
4	5338	CERTIFIED_DEFICIT	1484	1	1	0	0,0,0,0,0,0,0,0,0,0,0,0,0	0
4	5339	CERTIFIED_DEFICIT	1484	1	1	0	0,0,0,0,0,0,0,0,0,0,0,0,0	0
4	5340	CERTIFIED_DEFICIT	1484	1	1	0	0,0,0,0,0,0,0,0,0,0,0,0,0	0
4	5341	CERTIFIED_DEFICIT	1484	1	1	0	0,0,0,0,0,0,0,0,0,0,0,0,0	0
4	5342	CERTIFIED_DEFICIT	1484	1	1	0	0,0,0,0,0,0,0,0,0,0,0,0,0	0
4	5343	CERTIFIED_DEFICIT	1484	1	1	0	0,0,0,0,0,0,0,0,0,0,0,0,0	0
4	5344	CERTIFIED_DEFICIT	1484	1	1	0	0,0,0,0,0,0,0,0,0,0,0,0,0	0
4	5345	CERTIFIED_DEFICIT	1484	1	1	0	0,0,0,0,0,0,0,0,0,0,0,0,0	0
4	5346	CERTIFIED_DEFICIT	1484	1	1	0	0,0,0,0,0,0,0,0,0,0,0,0,0	0
4	5347	CERTIFIED_DEFICIT	1484	1	1	0	0,0,0,0,0,0,0,0,0,0,0,0,0	0
4	5348	CERTIFIED_DEFICIT	1484	1	1	0	0,0,0,0,0,0,0,0,0,0,0,0,0	0
4	5349	CERTIFIED_DEFICIT	1484	1	1	0	0,0,0,0,0,0,0,0,0,0,0,0,0	0
4	5350	CERTIFIED_DEFICIT	1484	1	1	0	0,0,0,0,0,0,0,0,0,0,0,0,0	0
4	5351	CERTIFIED_DEFICIT	1484	1	1	0	0,0,0,0,0,0,0,0,0,0,0,0,0	0
4	5352	CERTIFIED_DEFICIT	1484	1	1	0	0,0,0,0,0,0,0,0,0,0,0,0,0	0
4	5353	CERTIFIED_DEFICIT	1484	1	1	0	0,0,0,0,0,0,0,0,0,0,0,0,0	0
4	5354	CERTIFIED_DEFICIT	1484	1	1	0	0,0,0,0,0,0,0,0,0,0,0,0,0	0
4	5355	CERTIFIED_DEFICIT	1484	1	1	0	0,0,0,0,0,0,0,0,0,0,0,0,0	0
4	5356	CERTIFIED_DEFICIT	1484	1	1	0	0,0,0,0,0,0,0,0,0,0,0,0,0	0
4	5357	CERTIFIED_DEFICIT	1484	1	1	0	0,0,0,0,0,0,0,0,0,0,0,0,0	0
4	5358	CERTIFIED_DEFICIT	1484	1	1	0	0,0,0,0,0,0,0,0,0,0,0,0,0	0
4	5359	CERTIFIED_DEFICIT	1484	1	1	0	0,0,0,0,0,0,0,0,0,0,0,0,0	0
4	5360	CERTIFIED_DEFICIT	1219	1	1	0	0,0,0,0,0,0,0,0,0,0,0,0,0	0
4	5361	CERTIFIED_DEFICIT	1484	1	1	0	0,0,0,0,0,0,0,0,0,0,0,0,0	0
4	5362	CERTIFIED_DEFICIT	1484	1	1	0	0,0,0,0,0,0,0,0,0,0,0,0,0	0
4	5363	CERTIFIED_DEFICIT	1484	1	1	0	0,0,0,0,0,0,0,0,0,0,0,0,0	0
4	5364	CERTIFIED_DEFICIT	1484	1	1	0	0,0,0,0,0,0,0,0,0,0,0,0,0	0
4	5365	CERTIFIED_DEFICIT	1484	1	1	0	0,0,0,0,0,0,0,0,0,0,0,0,0	0
4	5366	CERTIFIED_DEFICIT	1259	1	1	0	0,0,0,0,0,0,0,0,0,0,0,0,0	0
4	5367	CERTIFIED_DEFICIT	1484	1	1	0	0,0,0,0,0,0,0,0,0,0,0,0,0	0
4	5368	CERTIFIED_DEFICIT	1484	1	1	0	0,0,0,0,0,0,0,0,0,0,0,0,0	0
4	5369	CERTIFIED_DEFICIT	1484	1	1	0	0,0,0,0,0,0,0,0,0,0,0,0,0	0
4	5370	CERTIFIED_DEFICIT	1484	1	1	0	0,0,0,0,0,0,0,0,0,0,0,0,0	0
4	5371	CERTIFIED_DEFICIT	1484	1	1	0	0,0,0,0,0,0,0,0,0,0,0,0,0	0
4	5372	CERTIFIED_DEFICIT	1484	1	1	0	0,0,0,0,0,0,0,0,0,0,0,0,0	0
4	5373	CERTIFIED_DEFICIT	1484	1	1	0	0,0,0,0,0,0,0,0,0,0,0,0,0	0
4	5374	CERTIFIED_DEFICIT	1484	1	1	0	0,0,0,0,0,0,0,0,0,0,0,0,0	0
4	5375	CERTIFIED_DEFICIT	1241	1	1	0	0,0,0,0,0,0,0,0,0,0,0,0,0	0
4	5376	CERTIFIED_DEFICIT	1484	1	1	0	0,0,0,0,0,0,0,0,0,0,0,0,0	0
4	5377	CERTIFIED_DEFICIT	1484	1	1	0	0,0,0,0,0,0,0,0,0,0,0,0,0	0
4	5378	CERTIFIED_DEFICIT	1303	1	1	0	0,0,0,0,0,0,0,0,0,0,0,0,0	0
4	5379	CERTIFIED_DEFICIT	1484	1	1	0	0,0,0,0,0,0,0,0,0,0,0,0,0	0
4	5380	CERTIFIED_DEFICIT	1484	1	1	0	0,0,0,0,0,0,0,0,0,0,0,0,0	0
4	5381	CERTIFIED_DEFICIT	1484	1	1	0	0,0,0,0,0,0,0,0,0,0,0,0,0	0
4	5382	CERTIFIED_DEFICIT	1428	1	1	0	0,0,0,0,0,0,0,0,0,0,0,0,0	0
4	5383	CERTIFIED_DEFICIT	1428	1	1	0	0,0,0,0,0,0,0,0,0,0,0,0,0	0
4	5384	CERTIFIED_DEFICIT	1428	1	1	0	0,0,0,0,0,0,0,0,0,0,0,0,0	0
4	5385	CERTIFIED_DEFICIT	1428	1	1	0	0,0,0,0,0,0,0,0,0,0,0,0,0	0
4	5386	CERTIFIED_DEFICIT	1428	1	1	0	0,0,0,0,0,0,0,0,0,0,0,0,0	0
4	5387	CERTIFIED_DEFICIT	1428	1	1	0	0,0,0,0,0,0,0,0,0,0,0,0,0	0
4	5388	CERTIFIED_DEFICIT	1428	1	1	0	0,0,0,0,0,0,0,0,0,0,0,0,0	0
4	5389	CERTIFIED_DEFICIT	1428	1	1	0	0,0,0,0,0,0,0,0,0,0,0,0,0	0
4	5390	CERTIFIED_DEFICIT	1428	1	1	0	0,0,0,0,0,0,0,0,0,0,0,0,0	0
4	5391	CERTIFIED_DEFICIT	1428	1	1	0	0,0,0,0,0,0,0,0,0,0,0,0,0	0
4	5392	CERTIFIED_DEFICIT	1428	1	1	0	0,0,0,0,0,0,0,0,0,0,0,0,0	0
4	5393	CERTIFIED_DEFICIT	1428	1	1	0	0,0,0,0,0,0,0,0,0,0,0,0,0	0
4	5394	CERTIFIED_DEFICIT	1428	1	1	0	0,0,0,0,0,0,0,0,0,0,0,0,0	0
4	5395	CERTIFIED_DEFICIT	1428	1	1	0	0,0,0,0,0,0,0,0,0,0,0,0,0	0
4	5396	CERTIFIED_DEFICIT	1428	1	1	0	0,0,0,0,0,0,0,0,0,0,0,0,0	0
4	5397	CERTIFIED_DEFICIT	1428	1	1	0	0,0,0,0,0,0,0,0,0,0,0,0,0	0
4	5398	CERTIFIED_DEFICIT	1428	1	1	0	0,0,0,0,0,0,0,0,0,0,0,0,0	0
4	5399	CERTIFIED_DEFICIT	1428	1	1	0	0,0,0,0,0,0,0,0,0,0,0,0,0	0
4	5400	CERTIFIED_DEFICIT	1428	1	1	0	0,0,0,0,0,0,0,0,0,0,0,0,0	0
4	5401	CERTIFIED_DEFICIT	1428	1	1	0	0,0,0,0,0,0,0,0,0,0,0,0,0	0
4	5402	CERTIFIED_DEFICIT	1428	1	1	0	0,0,0,0,0,0,0,0,0,0,0,0,0	0
4	5403	CERTIFIED_DEFICIT	1428	1	1	0	0,0,0,0,0,0,0,0,0,0,0,0,0	0
4	5404	CERTIFIED_DEFICIT	1428	1	1	0	0,0,0,0,0,0,0,0,0,0,0,0,0	0
4	5405	CERTIFIED_DEFICIT	1428	1	1	0	0,0,0,0,0,0,0,0,0,0,0,0,0	0
4	5406	CERTIFIED_DEFICIT	1428	1	1	0	0,0,0,0,0,0,0,0,0,0,0,0,0	0
4	5407	CERTIFIED_DEFICIT	1428	1	1	0	0,0,0,0,0,0,0,0,0,0,0,0,0	0
4	5408	CERTIFIED_DEFICIT	1428	1	1	0	0,0,0,0,0,0,0,0,0,0,0,0,0	0
4	5409	CERTIFIED_DEFICIT	1428	1	1	0	0,0,0,0,0,0,0,0,0,0,0,0,0	0
4	5410	CERTIFIED_DEFICIT	1428	1	1	0	0,0,0,0,0,0,0,0,0,0,0,0,0	0
4	5411	CERTIFIED_DEFICIT	1428	1	1	0	0,0,0,0,0,0,0,0,0,0,0,0,0	0
4	5412	CERTIFIED_DEFICIT	1428	1	1	0	0,0,0,0,0,0,0,0,0,0,0,0,0	0
4	5413	CERTIFIED_DEFICIT	1428	1	1	0	0,0,0,0,0,0,0,0,0,0,0,0,0	0
4	5414	CERTIFIED_DEFICIT	1428	1	1	0	0,0,0,0,0,0,0,0,0,0,0,0,0	0
4	5415	CERTIFIED_DEFICIT	1428	1	1	0	0,0,0,0,0,0,0,0,0,0,0,0,0	0
4	5416	CERTIFIED_DEFICIT	1428	1	1	0	0,0,0,0,0,0,0,0,0,0,0,0,0	0
4	5417	CERTIFIED_DEFICIT	1428	1	1	0	0,0,0,0,0,0,0,0,0,0,0,0,0	0
4	5418	CERTIFIED_DEFICIT	1428	1	1	0	0,0,0,0,0,0,0,0,0,0,0,0,0	0
4	5419	CERTIFIED_DEFICIT	1428	1	1	0	0,0,0,0,0,0,0,0,0,0,0,0,0	0
4	5420	CERTIFIED_DEFICIT	1428	1	1	0	0,0,0,0,0,0,0,0,0,0,0,0,0	0
4	5421	CERTIFIED_DEFICIT	1428	1	1	0	0,0,0,0,0,0,0,0,0,0,0,0,0	0
4	5422	CERTIFIED_DEFICIT	1428	1	1	0	0,0,0,0,0,0,0,0,0,0,0,0,0	0
4	5423	CERTIFIED_DEFICIT	1428	1	1	0	0,0,0,0,0,0,0,0,0,0,0,0,0	0
4	5424	CERTIFIED_DEFICIT	1428	1	1	0	0,0,0,0,0,0,0,0,0,0,0,0,0	0
4	5425	CERTIFIED_DEFICIT	1428	1	1	0	0,0,0,0,0,0,0,0,0,0,0,0,0	0
4	5426	CERTIFIED_DEFICIT	1428	1	1	0	0,0,0,0,0,0,0,0,0,0,0,0,0	0
4	5427	CERTIFIED_DEFICIT	1428	1	1	0	0,0,0,0,0,0,0,0,0,0,0,0,0	0
4	5428	CERTIFIED_DEFICIT	1428	1	1	0	0,0,0,0,0,0,0,0,0,0,0,0,0	0
4	5429	CERTIFIED_DEFICIT	1428	1	1	0	0,0,0,0,0,0,0,0,0,0,0,0,0	0
4	5430	CERTIFIED_DEFICIT	1428	1	1	0	0,0,0,0,0,0,0,0,0,0,0,0,0	0
4	5431	CERTIFIED_DEFICIT	1428	1	1	0	0,0,0,0,0,0,0,0,0,0,0,0,0	0
4	5432	CERTIFIED_DEFICIT	1428	1	1	0	0,0,0,0,0,0,0,0,0,0,0,0,0	0
4	5433	CERTIFIED_DEFICIT	1428	1	1	0	0,0,0,0,0,0,0,0,0,0,0,0,0	0
4	5434	CERTIFIED_DEFICIT	1428	1	1	0	0,0,0,0,0,0,0,0,0,0,0,0,0	0
4	5435	CERTIFIED_DEFICIT	1428	1	1	0	0,0,0,0,0,0,0,0,0,0,0,0,0	0
4	5436	CERTIFIED_DEFICIT	1428	1	1	0	0,0,0,0,0,0,0,0,0,0,0,0,0	0
4	5437	CERTIFIED_DEFICIT	1428	1	1	0	0,0,0,0,0,0,0,0,0,0,0,0,0	0
4	5438	CERTIFIED_DEFICIT	1219	1	1	0	0,0,0,0,0,0,0,0,0,0,0,0,0	0
4	5439	CERTIFIED_DEFICIT	1428	1	1	0	0,0,0,0,0,0,0,0,0,0,0,0,0	0
4	5440	CERTIFIED_DEFICIT	1428	1	1	0	0,0,0,0,0,0,0,0,0,0,0,0,0	0
4	5441	CERTIFIED_DEFICIT	1428	1	1	0	0,0,0,0,0,0,0,0,0,0,0,0,0	0
4	5442	CERTIFIED_DEFICIT	1428	1	1	0	0,0,0,0,0,0,0,0,0,0,0,0,0	0
4	5443	CERTIFIED_DEFICIT	1428	1	1	0	0,0,0,0,0,0,0,0,0,0,0,0,0	0
4	5444	CERTIFIED_DEFICIT	1259	1	1	0	0,0,0,0,0,0,0,0,0,0,0,0,0	0
4	5445	CERTIFIED_DEFICIT	1428	1	1	0	0,0,0,0,0,0,0,0,0,0,0,0,0	0
4	5446	CERTIFIED_DEFICIT	1428	1	1	0	0,0,0,0,0,0,0,0,0,0,0,0,0	0
4	5447	CERTIFIED_DEFICIT	1428	1	1	0	0,0,0,0,0,0,0,0,0,0,0,0,0	0
4	5448	CERTIFIED_DEFICIT	1428	1	1	0	0,0,0,0,0,0,0,0,0,0,0,0,0	0
4	5449	CERTIFIED_DEFICIT	1428	1	1	0	0,0,0,0,0,0,0,0,0,0,0,0,0	0
4	5450	CERTIFIED_DEFICIT	1428	1	1	0	0,0,0,0,0,0,0,0,0,0,0,0,0	0
4	5451	CERTIFIED_DEFICIT	1428	1	1	0	0,0,0,0,0,0,0,0,0,0,0,0,0	0
4	5452	CERTIFIED_DEFICIT	1428	1	1	0	0,0,0,0,0,0,0,0,0,0,0,0,0	0
4	5453	CERTIFIED_DEFICIT	1241	1	1	0	0,0,0,0,0,0,0,0,0,0,0,0,0	0
4	5454	CERTIFIED_DEFICIT	1428	1	1	0	0,0,0,0,0,0,0,0,0,0,0,0,0	0
4	5455	CERTIFIED_DEFICIT	1428	1	1	0	0,0,0,0,0,0,0,0,0,0,0,0,0	0
4	5456	CERTIFIED_DEFICIT	1303	1	1	0	0,0,0,0,0,0,0,0,0,0,0,0,0	0
4	5457	CERTIFIED_DEFICIT	1428	1	1	0	0,0,0,0,0,0,0,0,0,0,0,0,0	0
4	5458	CERTIFIED_DEFICIT	1428	1	1	0	0,0,0,0,0,0,0,0,0,0,0,0,0	0
4	5459	CERTIFIED_DEFICIT	1428	1	1	0	0,0,0,0,0,0,0,0,0,0,0,0,0	0
4	5460	CERTIFIED_DEFICIT	1302	1	1	0	0,0,0,0,0,0,0,0,0,0,0,0,0	0
4	5461	CERTIFIED_DEFICIT	1302	1	1	0	0,0,0,0,0,0,0,0,0,0,0,0,0	0
4	5462	CERTIFIED_DEFICIT	1302	1	1	0	0,0,0,0,0,0,0,0,0,0,0,0,0	0
4	5463	CERTIFIED_DEFICIT	1302	1	1	0	0,0,0,0,0,0,0,0,0,0,0,0,0	0
4	5464	CERTIFIED_DEFICIT	1302	1	1	0	0,0,0,0,0,0,0,0,0,0,0,0,0	0
4	5465	CERTIFIED_DEFICIT	1302	1	1	0	0,0,0,0,0,0,0,0,0,0,0,0,0	0
4	5466	CERTIFIED_DEFICIT	1302	1	1	0	0,0,0,0,0,0,0,0,0,0,0,0,0	0
4	5467	CERTIFIED_DEFICIT	1302	1	1	0	0,0,0,0,0,0,0,0,0,0,0,0,0	0
4	5468	CERTIFIED_DEFICIT	1302	1	1	0	0,0,0,0,0,0,0,0,0,0,0,0,0	0
4	5469	CERTIFIED_DEFICIT	1302	1	1	0	0,0,0,0,0,0,0,0,0,0,0,0,0	0
4	5470	CERTIFIED_DEFICIT	1302	1	1	0	0,0,0,0,0,0,0,0,0,0,0,0,0	0
4	5471	CERTIFIED_DEFICIT	1302	1	1	0	0,0,0,0,0,0,0,0,0,0,0,0,0	0
4	5472	CERTIFIED_DEFICIT	1302	1	1	0	0,0,0,0,0,0,0,0,0,0,0,0,0	0
4	5473	CERTIFIED_DEFICIT	1302	1	1	0	0,0,0,0,0,0,0,0,0,0,0,0,0	0
4	5474	CERTIFIED_DEFICIT	1302	1	1	0	0,0,0,0,0,0,0,0,0,0,0,0,0	0
4	5475	CERTIFIED_DEFICIT	1302	1	1	0	0,0,0,0,0,0,0,0,0,0,0,0,0	0
4	5476	CERTIFIED_DEFICIT	1302	1	1	0	0,0,0,0,0,0,0,0,0,0,0,0,0	0
4	5477	CERTIFIED_DEFICIT	1302	1	1	0	0,0,0,0,0,0,0,0,0,0,0,0,0	0
4	5478	CERTIFIED_DEFICIT	1302	1	1	0	0,0,0,0,0,0,0,0,0,0,0,0,0	0
4	5479	CERTIFIED_DEFICIT	1302	1	1	0	0,0,0,0,0,0,0,0,0,0,0,0,0	0
4	5480	CERTIFIED_DEFICIT	1302	1	1	0	0,0,0,0,0,0,0,0,0,0,0,0,0	0
4	5481	CERTIFIED_DEFICIT	1302	1	1	0	0,0,0,0,0,0,0,0,0,0,0,0,0	0
4	5482	CERTIFIED_DEFICIT	1302	1	1	0	0,0,0,0,0,0,0,0,0,0,0,0,0	0
4	5483	CERTIFIED_DEFICIT	1302	1	1	0	0,0,0,0,0,0,0,0,0,0,0,0,0	0
4	5484	CERTIFIED_DEFICIT	1302	1	1	0	0,0,0,0,0,0,0,0,0,0,0,0,0	0
4	5485	CERTIFIED_DEFICIT	1302	1	1	0	0,0,0,0,0,0,0,0,0,0,0,0,0	0
4	5486	CERTIFIED_DEFICIT	1302	1	1	0	0,0,0,0,0,0,0,0,0,0,0,0,0	0
4	5487	CERTIFIED_DEFICIT	1302	1	1	0	0,0,0,0,0,0,0,0,0,0,0,0,0	0
4	5488	CERTIFIED_DEFICIT	1302	1	1	0	0,0,0,0,0,0,0,0,0,0,0,0,0	0
4	5489	CERTIFIED_DEFICIT	1302	1	1	0	0,0,0,0,0,0,0,0,0,0,0,0,0	0
4	5490	CERTIFIED_DEFICIT	1302	1	1	0	0,0,0,0,0,0,0,0,0,0,0,0,0	0
4	5491	CERTIFIED_DEFICIT	1302	1	1	0	0,0,0,0,0,0,0,0,0,0,0,0,0	0
4	5492	CERTIFIED_DEFICIT	1302	1	1	0	0,0,0,0,0,0,0,0,0,0,0,0,0	0
4	5493	CERTIFIED_DEFICIT	1302	1	1	0	0,0,0,0,0,0,0,0,0,0,0,0,0	0
4	5494	CERTIFIED_DEFICIT	1302	1	1	0	0,0,0,0,0,0,0,0,0,0,0,0,0	0
4	5495	CERTIFIED_DEFICIT	1302	1	1	0	0,0,0,0,0,0,0,0,0,0,0,0,0	0
4	5496	CERTIFIED_DEFICIT	1302	1	1	0	0,0,0,0,0,0,0,0,0,0,0,0,0	0
4	5497	CERTIFIED_DEFICIT	1302	1	1	0	0,0,0,0,0,0,0,0,0,0,0,0,0	0
4	5498	CERTIFIED_DEFICIT	1302	1	1	0	0,0,0,0,0,0,0,0,0,0,0,0,0	0
4	5499	CERTIFIED_DEFICIT	1302	1	1	0	0,0,0,0,0,0,0,0,0,0,0,0,0	0
4	5500	CERTIFIED_DEFICIT	1302	1	1	0	0,0,0,0,0,0,0,0,0,0,0,0,0	0
4	5501	CERTIFIED_DEFICIT	1302	1	1	0	0,0,0,0,0,0,0,0,0,0,0,0,0	0
4	5502	CERTIFIED_DEFICIT	1302	1	1	0	0,0,0,0,0,0,0,0,0,0,0,0,0	0
4	5503	CERTIFIED_DEFICIT	1302	1	1	0	0,0,0,0,0,0,0,0,0,0,0,0,0	0
4	5504	CERTIFIED_DEFICIT	1302	1	1	0	0,0,0,0,0,0,0,0,0,0,0,0,0	0
4	5505	CERTIFIED_DEFICIT	1302	1	1	0	0,0,0,0,0,0,0,0,0,0,0,0,0	0
4	5506	CERTIFIED_DEFICIT	1302	1	1	0	0,0,0,0,0,0,0,0,0,0,0,0,0	0
4	5507	CERTIFIED_DEFICIT	1302	1	1	0	0,0,0,0,0,0,0,0,0,0,0,0,0	0
4	5508	CERTIFIED_DEFICIT	1302	1	1	0	0,0,0,0,0,0,0,0,0,0,0,0,0	0
4	5509	CERTIFIED_DEFICIT	1302	1	1	0	0,0,0,0,0,0,0,0,0,0,0,0,0	0
4	5510	CERTIFIED_DEFICIT	1302	1	1	0	0,0,0,0,0,0,0,0,0,0,0,0,0	0
4	5511	CERTIFIED_DEFICIT	1302	1	1	0	0,0,0,0,0,0,0,0,0,0,0,0,0	0
4	5512	CERTIFIED_DEFICIT	1302	1	1	0	0,0,0,0,0,0,0,0,0,0,0,0,0	0
4	5513	CERTIFIED_DEFICIT	1302	1	1	0	0,0,0,0,0,0,0,0,0,0,0,0,0	0
4	5514	CERTIFIED_DEFICIT	1302	1	1	0	0,0,0,0,0,0,0,0,0,0,0,0,0	0
4	5515	CERTIFIED_DEFICIT	1302	1	1	0	0,0,0,0,0,0,0,0,0,0,0,0,0	0
4	5516	CERTIFIED_DEFICIT	1219	1	1	0	0,0,0,0,0,0,0,0,0,0,0,0,0	0
4	5517	CERTIFIED_DEFICIT	1302	1	1	0	0,0,0,0,0,0,0,0,0,0,0,0,0	0
4	5518	CERTIFIED_DEFICIT	1302	1	1	0	0,0,0,0,0,0,0,0,0,0,0,0,0	0
4	5519	CERTIFIED_DEFICIT	1302	1	1	0	0,0,0,0,0,0,0,0,0,0,0,0,0	0
4	5520	CERTIFIED_DEFICIT	1302	1	1	0	0,0,0,0,0,0,0,0,0,0,0,0,0	0
4	5521	CERTIFIED_DEFICIT	1302	1	1	0	0,0,0,0,0,0,0,0,0,0,0,0,0	0
4	5522	CERTIFIED_DEFICIT	1259	1	1	0	0,0,0,0,0,0,0,0,0,0,0,0,0	0
4	5523	CERTIFIED_DEFICIT	1302	1	1	0	0,0,0,0,0,0,0,0,0,0,0,0,0	0
4	5524	CERTIFIED_DEFICIT	1302	1	1	0	0,0,0,0,0,0,0,0,0,0,0,0,0	0
4	5525	CERTIFIED_DEFICIT	1302	1	1	0	0,0,0,0,0,0,0,0,0,0,0,0,0	0
4	5526	CERTIFIED_DEFICIT	1302	1	1	0	0,0,0,0,0,0,0,0,0,0,0,0,0	0
4	5527	CERTIFIED_DEFICIT	1302	1	1	0	0,0,0,0,0,0,0,0,0,0,0,0,0	0
4	5528	CERTIFIED_DEFICIT	1302	1	1	0	0,0,0,0,0,0,0,0,0,0,0,0,0	0
4	5529	CERTIFIED_DEFICIT	1302	1	1	0	0,0,0,0,0,0,0,0,0,0,0,0,0	0
4	5530	CERTIFIED_DEFICIT	1302	1	1	0	0,0,0,0,0,0,0,0,0,0,0,0,0	0
4	5531	CERTIFIED_DEFICIT	1241	1	1	0	0,0,0,0,0,0,0,0,0,0,0,0,0	0
4	5532	CERTIFIED_DEFICIT	1302	1	1	0	0,0,0,0,0,0,0,0,0,0,0,0,0	0
4	5533	CERTIFIED_DEFICIT	1302	1	1	0	0,0,0,0,0,0,0,0,0,0,0,0,0	0
4	5534	CERTIFIED_DEFICIT	1302	1	1	0	0,0,0,0,0,0,0,0,0,0,0,0,0	0
4	5535	CERTIFIED_DEFICIT	1302	1	1	0	0,0,0,0,0,0,0,0,0,0,0,0,0	0
4	5536	CERTIFIED_DEFICIT	1302	1	1	0	0,0,0,0,0,0,0,0,0,0,0,0,0	0
4	5537	CERTIFIED_DEFICIT	1302	1	1	0	0,0,0,0,0,0,0,0,0,0,0,0,0	0
4	5538	CERTIFIED_DEFICIT	1470	1	1	0	0,0,0,0,0,0,0,0,0,0,0,0,0	0
4	5539	CERTIFIED_DEFICIT	1470	1	1	0	0,0,0,0,0,0,0,0,0,0,0,0,0	0
4	5540	CERTIFIED_DEFICIT	1470	1	1	0	0,0,0,0,0,0,0,0,0,0,0,0,0	0
4	5541	CERTIFIED_DEFICIT	1470	1	1	0	0,0,0,0,0,0,0,0,0,0,0,0,0	0
4	5542	CERTIFIED_DEFICIT	1470	1	1	0	0,0,0,0,0,0,0,0,0,0,0,0,0	0
4	5543	CERTIFIED_DEFICIT	1470	1	1	0	0,0,0,0,0,0,0,0,0,0,0,0,0	0
4	5544	CERTIFIED_DEFICIT	1470	1	1	0	0,0,0,0,0,0,0,0,0,0,0,0,0	0
4	5545	CERTIFIED_DEFICIT	1470	1	1	0	0,0,0,0,0,0,0,0,0,0,0,0,0	0
4	5546	CERTIFIED_DEFICIT	1470	1	1	0	0,0,0,0,0,0,0,0,0,0,0,0,0	0
4	5547	CERTIFIED_DEFICIT	1470	1	1	0	0,0,0,0,0,0,0,0,0,0,0,0,0	0
4	5548	CERTIFIED_DEFICIT	1470	1	1	0	0,0,0,0,0,0,0,0,0,0,0,0,0	0
4	5549	CERTIFIED_DEFICIT	1470	1	1	0	0,0,0,0,0,0,0,0,0,0,0,0,0	0
4	5550	CERTIFIED_DEFICIT	1470	1	1	0	0,0,0,0,0,0,0,0,0,0,0,0,0	0
4	5551	CERTIFIED_DEFICIT	1470	1	1	0	0,0,0,0,0,0,0,0,0,0,0,0,0	0
4	5552	CERTIFIED_DEFICIT	1470	1	1	0	0,0,0,0,0,0,0,0,0,0,0,0,0	0
4	5553	CERTIFIED_DEFICIT	1470	1	1	0	0,0,0,0,0,0,0,0,0,0,0,0,0	0
4	5554	CERTIFIED_DEFICIT	1470	1	1	0	0,0,0,0,0,0,0,0,0,0,0,0,0	0
4	5555	CERTIFIED_DEFICIT	1470	1	1	0	0,0,0,0,0,0,0,0,0,0,0,0,0	0
4	5556	CERTIFIED_DEFICIT	1470	1	1	0	0,0,0,0,0,0,0,0,0,0,0,0,0	0
4	5557	CERTIFIED_DEFICIT	1470	1	1	0	0,0,0,0,0,0,0,0,0,0,0,0,0	0
4	5558	CERTIFIED_DEFICIT	1470	1	1	0	0,0,0,0,0,0,0,0,0,0,0,0,0	0
4	5559	CERTIFIED_DEFICIT	1470	1	1	0	0,0,0,0,0,0,0,0,0,0,0,0,0	0
4	5560	CERTIFIED_DEFICIT	1470	1	1	0	0,0,0,0,0,0,0,0,0,0,0,0,0	0
4	5561	CERTIFIED_DEFICIT	1470	1	1	0	0,0,0,0,0,0,0,0,0,0,0,0,0	0
4	5562	CERTIFIED_DEFICIT	1470	1	1	0	0,0,0,0,0,0,0,0,0,0,0,0,0	0
4	5563	CERTIFIED_DEFICIT	1470	1	1	0	0,0,0,0,0,0,0,0,0,0,0,0,0	0
4	5564	CERTIFIED_DEFICIT	1470	1	1	0	0,0,0,0,0,0,0,0,0,0,0,0,0	0
4	5565	CERTIFIED_DEFICIT	1470	1	1	0	0,0,0,0,0,0,0,0,0,0,0,0,0	0
4	5566	CERTIFIED_DEFICIT	1470	1	1	0	0,0,0,0,0,0,0,0,0,0,0,0,0	0
4	5567	CERTIFIED_DEFICIT	1470	1	1	0	0,0,0,0,0,0,0,0,0,0,0,0,0	0
4	5568	CERTIFIED_DEFICIT	1470	1	1	0	0,0,0,0,0,0,0,0,0,0,0,0,0	0
4	5569	CERTIFIED_DEFICIT	1470	1	1	0	0,0,0,0,0,0,0,0,0,0,0,0,0	0
4	5570	CERTIFIED_DEFICIT	1470	1	1	0	0,0,0,0,0,0,0,0,0,0,0,0,0	0
4	5571	CERTIFIED_DEFICIT	1470	1	1	0	0,0,0,0,0,0,0,0,0,0,0,0,0	0
4	5572	CERTIFIED_DEFICIT	1470	1	1	0	0,0,0,0,0,0,0,0,0,0,0,0,0	0
4	5573	CERTIFIED_DEFICIT	1470	1	1	0	0,0,0,0,0,0,0,0,0,0,0,0,0	0
4	5574	CERTIFIED_DEFICIT	1470	1	1	0	0,0,0,0,0,0,0,0,0,0,0,0,0	0
4	5575	CERTIFIED_DEFICIT	1470	1	1	0	0,0,0,0,0,0,0,0,0,0,0,0,0	0
4	5576	CERTIFIED_DEFICIT	1470	1	1	0	0,0,0,0,0,0,0,0,0,0,0,0,0	0
4	5577	CERTIFIED_DEFICIT	1470	1	1	0	0,0,0,0,0,0,0,0,0,0,0,0,0	0
4	5578	CERTIFIED_DEFICIT	1470	1	1	0	0,0,0,0,0,0,0,0,0,0,0,0,0	0
4	5579	CERTIFIED_DEFICIT	1310	1	1	0	0,0,0,0,0,0,0,0,0,0,0,0,0	0
4	5580	CERTIFIED_DEFICIT	1470	1	1	0	0,0,0,0,0,0,0,0,0,0,0,0,0	0
4	5581	CERTIFIED_DEFICIT	1470	1	1	0	0,0,0,0,0,0,0,0,0,0,0,0,0	0
4	5582	CERTIFIED_DEFICIT	1470	1	1	0	0,0,0,0,0,0,0,0,0,0,0,0,0	0
4	5583	CERTIFIED_DEFICIT	1470	1	1	0	0,0,0,0,0,0,0,0,0,0,0,0,0	0
4	5584	CERTIFIED_DEFICIT	1470	1	1	0	0,0,0,0,0,0,0,0,0,0,0,0,0	0
4	5585	CERTIFIED_DEFICIT	1470	1	1	0	0,0,0,0,0,0,0,0,0,0,0,0,0	0
4	5586	CERTIFIED_DEFICIT	1470	1	1	0	0,0,0,0,0,0,0,0,0,0,0,0,0	0
4	5587	CERTIFIED_DEFICIT	1470	1	1	0	0,0,0,0,0,0,0,0,0,0,0,0,0	0
4	5588	CERTIFIED_DEFICIT	1470	1	1	0	0,0,0,0,0,0,0,0,0,0,0,0,0	0
4	5589	CERTIFIED_DEFICIT	1470	1	1	0	0,0,0,0,0,0,0,0,0,0,0,0,0	0
4	5590	CERTIFIED_DEFICIT	1470	1	1	0	0,0,0,0,0,0,0,0,0,0,0,0,0	0
4	5591	CERTIFIED_DEFICIT	1470	1	1	0	0,0,0,0,0,0,0,0,0,0,0,0,0	0
4	5592	CERTIFIED_DEFICIT	1470	1	1	0	0,0,0,0,0,0,0,0,0,0,0,0,0	0
4	5593	CERTIFIED_DEFICIT	1470	1	1	0	0,0,0,0,0,0,0,0,0,0,0,0,0	0
4	5594	CERTIFIED_DEFICIT	1219	1	1	0	0,0,0,0,0,0,0,0,0,0,0,0,0	0
4	5595	CERTIFIED_DEFICIT	1470	1	1	0	0,0,0,0,0,0,0,0,0,0,0,0,0	0
4	5596	CERTIFIED_DEFICIT	1470	1	1	0	0,0,0,0,0,0,0,0,0,0,0,0,0	0
4	5597	CERTIFIED_DEFICIT	1470	1	1	0	0,0,0,0,0,0,0,0,0,0,0,0,0	0
4	5598	CERTIFIED_DEFICIT	1470	1	1	0	0,0,0,0,0,0,0,0,0,0,0,0,0	0
4	5599	CERTIFIED_DEFICIT	1470	1	1	0	0,0,0,0,0,0,0,0,0,0,0,0,0	0
4	5600	CERTIFIED_DEFICIT	1252	1	1	0	0,0,0,0,0,0,0,0,0,0,0,0,0	0
4	5601	CERTIFIED_DEFICIT	1470	1	1	0	0,0,0,0,0,0,0,0,0,0,0,0,0	0
4	5602	CERTIFIED_DEFICIT	1470	1	1	0	0,0,0,0,0,0,0,0,0,0,0,0,0	0
4	5603	CERTIFIED_DEFICIT	1470	1	1	0	0,0,0,0,0,0,0,0,0,0,0,0,0	0
4	5604	CERTIFIED_DEFICIT	1470	1	1	0	0,0,0,0,0,0,0,0,0,0,0,0,0	0
4	5605	CERTIFIED_DEFICIT	1230	1	1	0	0,0,0,0,0,0,0,0,0,0,0,0,0	0
4	5606	CERTIFIED_DEFICIT	1470	1	1	0	0,0,0,0,0,0,0,0,0,0,0,0,0	0
4	5607	CERTIFIED_DEFICIT	1470	1	1	0	0,0,0,0,0,0,0,0,0,0,0,0,0	0
4	5608	CERTIFIED_DEFICIT	1470	1	1	0	0,0,0,0,0,0,0,0,0,0,0,0,0	0
4	5609	CERTIFIED_DEFICIT	1241	1	1	0	0,0,0,0,0,0,0,0,0,0,0,0,0	0
4	5610	CERTIFIED_DEFICIT	1470	1	1	0	0,0,0,0,0,0,0,0,0,0,0,0,0	0
4	5611	CERTIFIED_DEFICIT	1470	1	1	0	0,0,0,0,0,0,0,0,0,0,0,0,0	0
4	5612	CERTIFIED_DEFICIT	1303	1	1	0	0,0,0,0,0,0,0,0,0,0,0,0,0	0
4	5613	CERTIFIED_DEFICIT	1470	1	1	0	0,0,0,0,0,0,0,0,0,0,0,0,0	0
4	5614	CERTIFIED_DEFICIT	1332	1	1	0	0,0,0,0,0,0,0,0,0,0,0,0,0	0
4	5615	CERTIFIED_DEFICIT	1208	1	1	0	0,0,0,0,0,0,0,0,0,0,0,0,0	0
4	5616	CERTIFIED_DEFICIT	1428	1	1	0	0,0,0,0,0,0,0,0,0,0,0,0,0	0
4	5617	CERTIFIED_DEFICIT	1428	1	1	0	0,0,0,0,0,0,0,0,0,0,0,0,0	0
4	5618	CERTIFIED_DEFICIT	1428	1	1	0	0,0,0,0,0,0,0,0,0,0,0,0,0	0
4	5619	CERTIFIED_DEFICIT	1428	1	1	0	0,0,0,0,0,0,0,0,0,0,0,0,0	0
4	5620	CERTIFIED_DEFICIT	1428	1	1	0	0,0,0,0,0,0,0,0,0,0,0,0,0	0
4	5621	CERTIFIED_DEFICIT	1428	1	1	0	0,0,0,0,0,0,0,0,0,0,0,0,0	0
4	5622	CERTIFIED_DEFICIT	1428	1	1	0	0,0,0,0,0,0,0,0,0,0,0,0,0	0
4	5623	CERTIFIED_DEFICIT	1428	1	1	0	0,0,0,0,0,0,0,0,0,0,0,0,0	0
4	5624	CERTIFIED_DEFICIT	1428	1	1	0	0,0,0,0,0,0,0,0,0,0,0,0,0	0
4	5625	CERTIFIED_DEFICIT	1428	1	1	0	0,0,0,0,0,0,0,0,0,0,0,0,0	0
4	5626	CERTIFIED_DEFICIT	1428	1	1	0	0,0,0,0,0,0,0,0,0,0,0,0,0	0
4	5627	CERTIFIED_DEFICIT	1428	1	1	0	0,0,0,0,0,0,0,0,0,0,0,0,0	0
4	5628	CERTIFIED_DEFICIT	1428	1	1	0	0,0,0,0,0,0,0,0,0,0,0,0,0	0
4	5629	CERTIFIED_DEFICIT	1428	1	1	0	0,0,0,0,0,0,0,0,0,0,0,0,0	0
4	5630	CERTIFIED_DEFICIT	1428	1	1	0	0,0,0,0,0,0,0,0,0,0,0,0,0	0
4	5631	CERTIFIED_DEFICIT	1428	1	1	0	0,0,0,0,0,0,0,0,0,0,0,0,0	0
4	5632	CERTIFIED_DEFICIT	1428	1	1	0	0,0,0,0,0,0,0,0,0,0,0,0,0	0
4	5633	CERTIFIED_DEFICIT	1428	1	1	0	0,0,0,0,0,0,0,0,0,0,0,0,0	0
4	5634	CERTIFIED_DEFICIT	1428	1	1	0	0,0,0,0,0,0,0,0,0,0,0,0,0	0
4	5635	CERTIFIED_DEFICIT	1428	1	1	0	0,0,0,0,0,0,0,0,0,0,0,0,0	0
4	5636	CERTIFIED_DEFICIT	1428	1	1	0	0,0,0,0,0,0,0,0,0,0,0,0,0	0
4	5637	CERTIFIED_DEFICIT	1428	1	1	0	0,0,0,0,0,0,0,0,0,0,0,0,0	0
4	5638	CERTIFIED_DEFICIT	1428	1	1	0	0,0,0,0,0,0,0,0,0,0,0,0,0	0
4	5639	CERTIFIED_DEFICIT	1428	1	1	0	0,0,0,0,0,0,0,0,0,0,0,0,0	0
4	5640	CERTIFIED_DEFICIT	1428	1	1	0	0,0,0,0,0,0,0,0,0,0,0,0,0	0
4	5641	CERTIFIED_DEFICIT	1428	1	1	0	0,0,0,0,0,0,0,0,0,0,0,0,0	0
4	5642	CERTIFIED_DEFICIT	1428	1	1	0	0,0,0,0,0,0,0,0,0,0,0,0,0	0
4	5643	CERTIFIED_DEFICIT	1428	1	1	0	0,0,0,0,0,0,0,0,0,0,0,0,0	0
4	5644	CERTIFIED_DEFICIT	1428	1	1	0	0,0,0,0,0,0,0,0,0,0,0,0,0	0
4	5645	CERTIFIED_DEFICIT	1428	1	1	0	0,0,0,0,0,0,0,0,0,0,0,0,0	0
4	5646	CERTIFIED_DEFICIT	1428	1	1	0	0,0,0,0,0,0,0,0,0,0,0,0,0	0
4	5647	CERTIFIED_DEFICIT	1428	1	1	0	0,0,0,0,0,0,0,0,0,0,0,0,0	0
4	5648	CERTIFIED_DEFICIT	1428	1	1	0	0,0,0,0,0,0,0,0,0,0,0,0,0	0
4	5649	CERTIFIED_DEFICIT	1428	1	1	0	0,0,0,0,0,0,0,0,0,0,0,0,0	0
4	5650	CERTIFIED_DEFICIT	1428	1	1	0	0,0,0,0,0,0,0,0,0,0,0,0,0	0
4	5651	CERTIFIED_DEFICIT	1428	1	1	0	0,0,0,0,0,0,0,0,0,0,0,0,0	0
4	5652	CERTIFIED_DEFICIT	1428	1	1	0	0,0,0,0,0,0,0,0,0,0,0,0,0	0
4	5653	CERTIFIED_DEFICIT	1428	1	1	0	0,0,0,0,0,0,0,0,0,0,0,0,0	0
4	5654	CERTIFIED_DEFICIT	1428	1	1	0	0,0,0,0,0,0,0,0,0,0,0,0,0	0
4	5655	CERTIFIED_DEFICIT	1428	1	1	0	0,0,0,0,0,0,0,0,0,0,0,0,0	0
4	5656	CERTIFIED_DEFICIT	1428	1	1	0	0,0,0,0,0,0,0,0,0,0,0,0,0	0
4	5657	CERTIFIED_DEFICIT	1428	1	1	0	0,0,0,0,0,0,0,0,0,0,0,0,0	0
4	5658	CERTIFIED_DEFICIT	1428	1	1	0	0,0,0,0,0,0,0,0,0,0,0,0,0	0
4	5659	CERTIFIED_DEFICIT	1428	1	1	0	0,0,0,0,0,0,0,0,0,0,0,0,0	0
4	5660	CERTIFIED_DEFICIT	1428	1	1	0	0,0,0,0,0,0,0,0,0,0,0,0,0	0
4	5661	CERTIFIED_DEFICIT	1428	1	1	0	0,0,0,0,0,0,0,0,0,0,0,0,0	0
4	5662	CERTIFIED_DEFICIT	1428	1	1	0	0,0,0,0,0,0,0,0,0,0,0,0,0	0
4	5663	CERTIFIED_DEFICIT	1428	1	1	0	0,0,0,0,0,0,0,0,0,0,0,0,0	0
4	5664	CERTIFIED_DEFICIT	1428	1	1	0	0,0,0,0,0,0,0,0,0,0,0,0,0	0
4	5665	CERTIFIED_DEFICIT	1428	1	1	0	0,0,0,0,0,0,0,0,0,0,0,0,0	0
4	5666	CERTIFIED_DEFICIT	1428	1	1	0	0,0,0,0,0,0,0,0,0,0,0,0,0	0
4	5667	CERTIFIED_DEFICIT	1428	1	1	0	0,0,0,0,0,0,0,0,0,0,0,0,0	0
4	5668	CERTIFIED_DEFICIT	1428	1	1	0	0,0,0,0,0,0,0,0,0,0,0,0,0	0
4	5669	CERTIFIED_DEFICIT	1428	1	1	0	0,0,0,0,0,0,0,0,0,0,0,0,0	0
4	5670	CERTIFIED_DEFICIT	1428	1	1	0	0,0,0,0,0,0,0,0,0,0,0,0,0	0
4	5671	CERTIFIED_DEFICIT	1428	1	1	0	0,0,0,0,0,0,0,0,0,0,0,0,0	0
4	5672	CERTIFIED_DEFICIT	1219	1	1	0	0,0,0,0,0,0,0,0,0,0,0,0,0	0
4	5673	CERTIFIED_DEFICIT	1428	1	1	0	0,0,0,0,0,0,0,0,0,0,0,0,0	0
4	5674	CERTIFIED_DEFICIT	1428	1	1	0	0,0,0,0,0,0,0,0,0,0,0,0,0	0
4	5675	CERTIFIED_DEFICIT	1428	1	1	0	0,0,0,0,0,0,0,0,0,0,0,0,0	0
4	5676	CERTIFIED_DEFICIT	1428	1	1	0	0,0,0,0,0,0,0,0,0,0,0,0,0	0
4	5677	CERTIFIED_DEFICIT	1428	1	1	0	0,0,0,0,0,0,0,0,0,0,0,0,0	0
4	5678	CERTIFIED_DEFICIT	1259	1	1	0	0,0,0,0,0,0,0,0,0,0,0,0,0	0
4	5679	CERTIFIED_DEFICIT	1428	1	1	0	0,0,0,0,0,0,0,0,0,0,0,0,0	0
4	5680	CERTIFIED_DEFICIT	1428	1	1	0	0,0,0,0,0,0,0,0,0,0,0,0,0	0
4	5681	CERTIFIED_DEFICIT	1428	1	1	0	0,0,0,0,0,0,0,0,0,0,0,0,0	0
4	5682	CERTIFIED_DEFICIT	1428	1	1	0	0,0,0,0,0,0,0,0,0,0,0,0,0	0
4	5683	CERTIFIED_DEFICIT	1428	1	1	0	0,0,0,0,0,0,0,0,0,0,0,0,0	0
4	5684	CERTIFIED_DEFICIT	1428	1	1	0	0,0,0,0,0,0,0,0,0,0,0,0,0	0
4	5685	CERTIFIED_DEFICIT	1428	1	1	0	0,0,0,0,0,0,0,0,0,0,0,0,0	0
4	5686	CERTIFIED_DEFICIT	1428	1	1	0	0,0,0,0,0,0,0,0,0,0,0,0,0	0
4	5687	CERTIFIED_DEFICIT	1241	1	1	0	0,0,0,0,0,0,0,0,0,0,0,0,0	0
4	5688	CERTIFIED_DEFICIT	1428	1	1	0	0,0,0,0,0,0,0,0,0,0,0,0,0	0
4	5689	CERTIFIED_DEFICIT	1428	1	1	0	0,0,0,0,0,0,0,0,0,0,0,0,0	0
4	5690	CERTIFIED_DEFICIT	1303	1	1	0	0,0,0,0,0,0,0,0,0,0,0,0,0	0
4	5691	CERTIFIED_DEFICIT	1428	1	1	0	0,0,0,0,0,0,0,0,0,0,0,0,0	0
4	5692	CERTIFIED_DEFICIT	1428	1	1	0	0,0,0,0,0,0,0,0,0,0,0,0,0	0
4	5693	CERTIFIED_DEFICIT	1428	1	1	0	0,0,0,0,0,0,0,0,0,0,0,0,0	0
4	5694	CERTIFIED_DEFICIT	1302	1	1	0	0,0,0,0,0,0,0,0,0,0,0,0,0	0
4	5695	CERTIFIED_DEFICIT	1302	1	1	0	0,0,0,0,0,0,0,0,0,0,0,0,0	0
4	5696	CERTIFIED_DEFICIT	1302	1	1	0	0,0,0,0,0,0,0,0,0,0,0,0,0	0
4	5697	CERTIFIED_DEFICIT	1302	1	1	0	0,0,0,0,0,0,0,0,0,0,0,0,0	0
4	5698	CERTIFIED_DEFICIT	1302	1	1	0	0,0,0,0,0,0,0,0,0,0,0,0,0	0
4	5699	CERTIFIED_DEFICIT	1302	1	1	0	0,0,0,0,0,0,0,0,0,0,0,0,0	0
4	5700	CERTIFIED_DEFICIT	1302	1	1	0	0,0,0,0,0,0,0,0,0,0,0,0,0	0
4	5701	CERTIFIED_DEFICIT	1302	1	1	0	0,0,0,0,0,0,0,0,0,0,0,0,0	0
4	5702	CERTIFIED_DEFICIT	1302	1	1	0	0,0,0,0,0,0,0,0,0,0,0,0,0	0
4	5703	CERTIFIED_DEFICIT	1302	1	1	0	0,0,0,0,0,0,0,0,0,0,0,0,0	0
4	5704	CERTIFIED_DEFICIT	1302	1	1	0	0,0,0,0,0,0,0,0,0,0,0,0,0	0
4	5705	CERTIFIED_DEFICIT	1302	1	1	0	0,0,0,0,0,0,0,0,0,0,0,0,0	0
4	5706	CERTIFIED_DEFICIT	1302	1	1	0	0,0,0,0,0,0,0,0,0,0,0,0,0	0
4	5707	CERTIFIED_DEFICIT	1302	1	1	0	0,0,0,0,0,0,0,0,0,0,0,0,0	0
4	5708	CERTIFIED_DEFICIT	1302	1	1	0	0,0,0,0,0,0,0,0,0,0,0,0,0	0
4	5709	CERTIFIED_DEFICIT	1302	1	1	0	0,0,0,0,0,0,0,0,0,0,0,0,0	0
4	5710	CERTIFIED_DEFICIT	1302	1	1	0	0,0,0,0,0,0,0,0,0,0,0,0,0	0
4	5711	CERTIFIED_DEFICIT	1302	1	1	0	0,0,0,0,0,0,0,0,0,0,0,0,0	0
4	5712	CERTIFIED_DEFICIT	1302	1	1	0	0,0,0,0,0,0,0,0,0,0,0,0,0	0
4	5713	CERTIFIED_DEFICIT	1302	1	1	0	0,0,0,0,0,0,0,0,0,0,0,0,0	0
4	5714	CERTIFIED_DEFICIT	1302	1	1	0	0,0,0,0,0,0,0,0,0,0,0,0,0	0
4	5715	CERTIFIED_DEFICIT	1302	1	1	0	0,0,0,0,0,0,0,0,0,0,0,0,0	0
4	5716	CERTIFIED_DEFICIT	1302	1	1	0	0,0,0,0,0,0,0,0,0,0,0,0,0	0
4	5717	CERTIFIED_DEFICIT	1302	1	1	0	0,0,0,0,0,0,0,0,0,0,0,0,0	0
4	5718	CERTIFIED_DEFICIT	1302	1	1	0	0,0,0,0,0,0,0,0,0,0,0,0,0	0
4	5719	CERTIFIED_DEFICIT	1302	1	1	0	0,0,0,0,0,0,0,0,0,0,0,0,0	0
4	5720	CERTIFIED_DEFICIT	1302	1	1	0	0,0,0,0,0,0,0,0,0,0,0,0,0	0
4	5721	CERTIFIED_DEFICIT	1302	1	1	0	0,0,0,0,0,0,0,0,0,0,0,0,0	0
4	5722	CERTIFIED_DEFICIT	1302	1	1	0	0,0,0,0,0,0,0,0,0,0,0,0,0	0
4	5723	CERTIFIED_DEFICIT	1302	1	1	0	0,0,0,0,0,0,0,0,0,0,0,0,0	0
4	5724	CERTIFIED_DEFICIT	1302	1	1	0	0,0,0,0,0,0,0,0,0,0,0,0,0	0
4	5725	CERTIFIED_DEFICIT	1302	1	1	0	0,0,0,0,0,0,0,0,0,0,0,0,0	0
4	5726	CERTIFIED_DEFICIT	1302	1	1	0	0,0,0,0,0,0,0,0,0,0,0,0,0	0
4	5727	CERTIFIED_DEFICIT	1302	1	1	0	0,0,0,0,0,0,0,0,0,0,0,0,0	0
4	5728	CERTIFIED_DEFICIT	1302	1	1	0	0,0,0,0,0,0,0,0,0,0,0,0,0	0
4	5729	CERTIFIED_DEFICIT	1302	1	1	0	0,0,0,0,0,0,0,0,0,0,0,0,0	0
4	5730	CERTIFIED_DEFICIT	1302	1	1	0	0,0,0,0,0,0,0,0,0,0,0,0,0	0
4	5731	CERTIFIED_DEFICIT	1302	1	1	0	0,0,0,0,0,0,0,0,0,0,0,0,0	0
4	5732	CERTIFIED_DEFICIT	1302	1	1	0	0,0,0,0,0,0,0,0,0,0,0,0,0	0
4	5733	CERTIFIED_DEFICIT	1302	1	1	0	0,0,0,0,0,0,0,0,0,0,0,0,0	0
4	5734	CERTIFIED_DEFICIT	1302	1	1	0	0,0,0,0,0,0,0,0,0,0,0,0,0	0
4	5735	CERTIFIED_DEFICIT	1302	1	1	0	0,0,0,0,0,0,0,0,0,0,0,0,0	0
4	5736	CERTIFIED_DEFICIT	1302	1	1	0	0,0,0,0,0,0,0,0,0,0,0,0,0	0
4	5737	CERTIFIED_DEFICIT	1302	1	1	0	0,0,0,0,0,0,0,0,0,0,0,0,0	0
4	5738	CERTIFIED_DEFICIT	1302	1	1	0	0,0,0,0,0,0,0,0,0,0,0,0,0	0
4	5739	CERTIFIED_DEFICIT	1302	1	1	0	0,0,0,0,0,0,0,0,0,0,0,0,0	0
4	5740	CERTIFIED_DEFICIT	1302	1	1	0	0,0,0,0,0,0,0,0,0,0,0,0,0	0
4	5741	CERTIFIED_DEFICIT	1302	1	1	0	0,0,0,0,0,0,0,0,0,0,0,0,0	0
4	5742	CERTIFIED_DEFICIT	1302	1	1	0	0,0,0,0,0,0,0,0,0,0,0,0,0	0
4	5743	CERTIFIED_DEFICIT	1302	1	1	0	0,0,0,0,0,0,0,0,0,0,0,0,0	0
4	5744	CERTIFIED_DEFICIT	1302	1	1	0	0,0,0,0,0,0,0,0,0,0,0,0,0	0
4	5745	CERTIFIED_DEFICIT	1302	1	1	0	0,0,0,0,0,0,0,0,0,0,0,0,0	0
4	5746	CERTIFIED_DEFICIT	1302	1	1	0	0,0,0,0,0,0,0,0,0,0,0,0,0	0
4	5747	CERTIFIED_DEFICIT	1302	1	1	0	0,0,0,0,0,0,0,0,0,0,0,0,0	0
4	5748	CERTIFIED_DEFICIT	1302	1	1	0	0,0,0,0,0,0,0,0,0,0,0,0,0	0
4	5749	CERTIFIED_DEFICIT	1302	1	1	0	0,0,0,0,0,0,0,0,0,0,0,0,0	0
4	5750	CERTIFIED_DEFICIT	1219	1	1	0	0,0,0,0,0,0,0,0,0,0,0,0,0	0
4	5751	CERTIFIED_DEFICIT	1302	1	1	0	0,0,0,0,0,0,0,0,0,0,0,0,0	0
4	5752	CERTIFIED_DEFICIT	1302	1	1	0	0,0,0,0,0,0,0,0,0,0,0,0,0	0
4	5753	CERTIFIED_DEFICIT	1302	1	1	0	0,0,0,0,0,0,0,0,0,0,0,0,0	0
4	5754	CERTIFIED_DEFICIT	1302	1	1	0	0,0,0,0,0,0,0,0,0,0,0,0,0	0
4	5755	CERTIFIED_DEFICIT	1302	1	1	0	0,0,0,0,0,0,0,0,0,0,0,0,0	0
4	5756	CERTIFIED_DEFICIT	1259	1	1	0	0,0,0,0,0,0,0,0,0,0,0,0,0	0
4	5757	CERTIFIED_DEFICIT	1302	1	1	0	0,0,0,0,0,0,0,0,0,0,0,0,0	0
4	5758	CERTIFIED_DEFICIT	1302	1	1	0	0,0,0,0,0,0,0,0,0,0,0,0,0	0
4	5759	CERTIFIED_DEFICIT	1302	1	1	0	0,0,0,0,0,0,0,0,0,0,0,0,0	0
4	5760	CERTIFIED_DEFICIT	1302	1	1	0	0,0,0,0,0,0,0,0,0,0,0,0,0	0
4	5761	CERTIFIED_DEFICIT	1302	1	1	0	0,0,0,0,0,0,0,0,0,0,0,0,0	0
4	5762	CERTIFIED_DEFICIT	1302	1	1	0	0,0,0,0,0,0,0,0,0,0,0,0,0	0
4	5763	CERTIFIED_DEFICIT	1302	1	1	0	0,0,0,0,0,0,0,0,0,0,0,0,0	0
4	5764	CERTIFIED_DEFICIT	1302	1	1	0	0,0,0,0,0,0,0,0,0,0,0,0,0	0
4	5765	CERTIFIED_DEFICIT	1241	1	1	0	0,0,0,0,0,0,0,0,0,0,0,0,0	0
4	5766	CERTIFIED_DEFICIT	1302	1	1	0	0,0,0,0,0,0,0,0,0,0,0,0,0	0
4	5767	CERTIFIED_DEFICIT	1302	1	1	0	0,0,0,0,0,0,0,0,0,0,0,0,0	0
4	5768	CERTIFIED_DEFICIT	1302	1	1	0	0,0,0,0,0,0,0,0,0,0,0,0,0	0
4	5769	CERTIFIED_DEFICIT	1302	1	1	0	0,0,0,0,0,0,0,0,0,0,0,0,0	0
4	5770	CERTIFIED_DEFICIT	1302	1	1	0	0,0,0,0,0,0,0,0,0,0,0,0,0	0
4	5771	CERTIFIED_DEFICIT	1302	1	1	0	0,0,0,0,0,0,0,0,0,0,0,0,0	0
4	5772	CERTIFIED_DEFICIT	1316	1	1	0	0,0,0,0,0,0,0,0,0,0,0,0,0	0
4	5773	CERTIFIED_DEFICIT	1316	1	1	0	0,0,0,0,0,0,0,0,0,0,0,0,0	0
4	5774	CERTIFIED_DEFICIT	1316	1	1	0	0,0,0,0,0,0,0,0,0,0,0,0,0	0
4	5775	CERTIFIED_DEFICIT	1316	1	1	0	0,0,0,0,0,0,0,0,0,0,0,0,0	0
4	5776	CERTIFIED_DEFICIT	1316	1	1	0	0,0,0,0,0,0,0,0,0,0,0,0,0	0
4	5777	CERTIFIED_DEFICIT	1316	1	1	0	0,0,0,0,0,0,0,0,0,0,0,0,0	0
4	5778	CERTIFIED_DEFICIT	1316	1	1	0	0,0,0,0,0,0,0,0,0,0,0,0,0	0
4	5779	CERTIFIED_DEFICIT	1316	1	1	0	0,0,0,0,0,0,0,0,0,0,0,0,0	0
4	5780	CERTIFIED_DEFICIT	1316	1	1	0	0,0,0,0,0,0,0,0,0,0,0,0,0	0
4	5781	CERTIFIED_DEFICIT	1316	1	1	0	0,0,0,0,0,0,0,0,0,0,0,0,0	0
4	5782	CERTIFIED_DEFICIT	1316	1	1	0	0,0,0,0,0,0,0,0,0,0,0,0,0	0
4	5783	CERTIFIED_DEFICIT	1316	1	1	0	0,0,0,0,0,0,0,0,0,0,0,0,0	0
4	5784	CERTIFIED_DEFICIT	1316	1	1	0	0,0,0,0,0,0,0,0,0,0,0,0,0	0
4	5785	CERTIFIED_DEFICIT	1316	1	1	0	0,0,0,0,0,0,0,0,0,0,0,0,0	0
4	5786	CERTIFIED_DEFICIT	1316	1	1	0	0,0,0,0,0,0,0,0,0,0,0,0,0	0
4	5787	CERTIFIED_DEFICIT	1316	1	1	0	0,0,0,0,0,0,0,0,0,0,0,0,0	0
4	5788	CERTIFIED_DEFICIT	1316	1	1	0	0,0,0,0,0,0,0,0,0,0,0,0,0	0
4	5789	CERTIFIED_DEFICIT	1316	1	1	0	0,0,0,0,0,0,0,0,0,0,0,0,0	0
4	5790	CERTIFIED_DEFICIT	1316	1	1	0	0,0,0,0,0,0,0,0,0,0,0,0,0	0
4	5791	CERTIFIED_DEFICIT	1316	1	1	0	0,0,0,0,0,0,0,0,0,0,0,0,0	0
4	5792	CERTIFIED_DEFICIT	1316	1	1	0	0,0,0,0,0,0,0,0,0,0,0,0,0	0
4	5793	CERTIFIED_DEFICIT	1316	1	1	0	0,0,0,0,0,0,0,0,0,0,0,0,0	0
4	5794	CERTIFIED_DEFICIT	1316	1	1	0	0,0,0,0,0,0,0,0,0,0,0,0,0	0
4	5795	CERTIFIED_DEFICIT	1316	1	1	0	0,0,0,0,0,0,0,0,0,0,0,0,0	0
4	5796	CERTIFIED_DEFICIT	1316	1	1	0	0,0,0,0,0,0,0,0,0,0,0,0,0	0
4	5797	CERTIFIED_DEFICIT	1316	1	1	0	0,0,0,0,0,0,0,0,0,0,0,0,0	0
4	5798	CERTIFIED_DEFICIT	1316	1	1	0	0,0,0,0,0,0,0,0,0,0,0,0,0	0
4	5799	CERTIFIED_DEFICIT	1316	1	1	0	0,0,0,0,0,0,0,0,0,0,0,0,0	0
4	5800	CERTIFIED_DEFICIT	1316	1	1	0	0,0,0,0,0,0,0,0,0,0,0,0,0	0
4	5801	CERTIFIED_DEFICIT	1316	1	1	0	0,0,0,0,0,0,0,0,0,0,0,0,0	0
4	5802	CERTIFIED_DEFICIT	1316	1	1	0	0,0,0,0,0,0,0,0,0,0,0,0,0	0
4	5803	CERTIFIED_DEFICIT	1316	1	1	0	0,0,0,0,0,0,0,0,0,0,0,0,0	0
4	5804	CERTIFIED_DEFICIT	1316	1	1	0	0,0,0,0,0,0,0,0,0,0,0,0,0	0
4	5805	CERTIFIED_DEFICIT	1316	1	1	0	0,0,0,0,0,0,0,0,0,0,0,0,0	0
4	5806	CERTIFIED_DEFICIT	1316	1	1	0	0,0,0,0,0,0,0,0,0,0,0,0,0	0
4	5807	CERTIFIED_DEFICIT	1316	1	1	0	0,0,0,0,0,0,0,0,0,0,0,0,0	0
4	5808	CERTIFIED_DEFICIT	1316	1	1	0	0,0,0,0,0,0,0,0,0,0,0,0,0	0
4	5809	CERTIFIED_DEFICIT	1316	1	1	0	0,0,0,0,0,0,0,0,0,0,0,0,0	0
4	5810	CERTIFIED_DEFICIT	1316	1	1	0	0,0,0,0,0,0,0,0,0,0,0,0,0	0
4	5811	CERTIFIED_DEFICIT	1316	1	1	0	0,0,0,0,0,0,0,0,0,0,0,0,0	0
4	5812	CERTIFIED_DEFICIT	1316	1	1	0	0,0,0,0,0,0,0,0,0,0,0,0,0	0
4	5813	CERTIFIED_DEFICIT	1316	1	1	0	0,0,0,0,0,0,0,0,0,0,0,0,0	0
4	5814	CERTIFIED_DEFICIT	1316	1	1	0	0,0,0,0,0,0,0,0,0,0,0,0,0	0
4	5815	CERTIFIED_DEFICIT	1316	1	1	0	0,0,0,0,0,0,0,0,0,0,0,0,0	0
4	5816	CERTIFIED_DEFICIT	1316	1	1	0	0,0,0,0,0,0,0,0,0,0,0,0,0	0
4	5817	CERTIFIED_DEFICIT	1316	1	1	0	0,0,0,0,0,0,0,0,0,0,0,0,0	0
4	5818	CERTIFIED_DEFICIT	1316	1	1	0	0,0,0,0,0,0,0,0,0,0,0,0,0	0
4	5819	CERTIFIED_DEFICIT	1316	1	1	0	0,0,0,0,0,0,0,0,0,0,0,0,0	0
4	5820	CERTIFIED_DEFICIT	1316	1	1	0	0,0,0,0,0,0,0,0,0,0,0,0,0	0
4	5821	CERTIFIED_DEFICIT	1316	1	1	0	0,0,0,0,0,0,0,0,0,0,0,0,0	0
4	5822	CERTIFIED_DEFICIT	1316	1	1	0	0,0,0,0,0,0,0,0,0,0,0,0,0	0
4	5823	CERTIFIED_DEFICIT	1316	1	1	0	0,0,0,0,0,0,0,0,0,0,0,0,0	0
4	5824	CERTIFIED_DEFICIT	1316	1	1	0	0,0,0,0,0,0,0,0,0,0,0,0,0	0
4	5825	CERTIFIED_DEFICIT	1316	1	1	0	0,0,0,0,0,0,0,0,0,0,0,0,0	0
4	5826	CERTIFIED_DEFICIT	1316	1	1	0	0,0,0,0,0,0,0,0,0,0,0,0,0	0
4	5827	CERTIFIED_DEFICIT	1316	1	1	0	0,0,0,0,0,0,0,0,0,0,0,0,0	0
4	5828	CERTIFIED_DEFICIT	1219	1	1	0	0,0,0,0,0,0,0,0,0,0,0,0,0	0
4	5829	CERTIFIED_DEFICIT	1316	1	1	0	0,0,0,0,0,0,0,0,0,0,0,0,0	0
4	5830	CERTIFIED_DEFICIT	1316	1	1	0	0,0,0,0,0,0,0,0,0,0,0,0,0	0
4	5831	CERTIFIED_DEFICIT	1316	1	1	0	0,0,0,0,0,0,0,0,0,0,0,0,0	0
4	5832	CERTIFIED_DEFICIT	1316	1	1	0	0,0,0,0,0,0,0,0,0,0,0,0,0	0
4	5833	CERTIFIED_DEFICIT	1316	1	1	0	0,0,0,0,0,0,0,0,0,0,0,0,0	0
4	5834	CERTIFIED_DEFICIT	1252	1	1	0	0,0,0,0,0,0,0,0,0,0,0,0,0	0
4	5835	CERTIFIED_DEFICIT	1316	1	1	0	0,0,0,0,0,0,0,0,0,0,0,0,0	0
4	5836	CERTIFIED_DEFICIT	1316	1	1	0	0,0,0,0,0,0,0,0,0,0,0,0,0	0
4	5837	CERTIFIED_DEFICIT	1316	1	1	0	0,0,0,0,0,0,0,0,0,0,0,0,0	0
4	5838	CERTIFIED_DEFICIT	1316	1	1	0	0,0,0,0,0,0,0,0,0,0,0,0,0	0
4	5839	CERTIFIED_DEFICIT	1316	1	1	0	0,0,0,0,0,0,0,0,0,0,0,0,0	0
4	5840	CERTIFIED_DEFICIT	1316	1	1	0	0,0,0,0,0,0,0,0,0,0,0,0,0	0
4	5841	CERTIFIED_DEFICIT	1316	1	1	0	0,0,0,0,0,0,0,0,0,0,0,0,0	0
4	5842	CERTIFIED_DEFICIT	1316	1	1	0	0,0,0,0,0,0,0,0,0,0,0,0,0	0
4	5843	CERTIFIED_DEFICIT	1241	1	1	0	0,0,0,0,0,0,0,0,0,0,0,0,0	0
4	5844	CERTIFIED_DEFICIT	1316	1	1	0	0,0,0,0,0,0,0,0,0,0,0,0,0	0
4	5845	CERTIFIED_DEFICIT	1316	1	1	0	0,0,0,0,0,0,0,0,0,0,0,0,0	0
4	5846	CERTIFIED_DEFICIT	1303	1	1	0	0,0,0,0,0,0,0,0,0,0,0,0,0	0
4	5847	CERTIFIED_DEFICIT	1316	1	1	0	0,0,0,0,0,0,0,0,0,0,0,0,0	0
4	5848	CERTIFIED_DEFICIT	1316	1	1	0	0,0,0,0,0,0,0,0,0,0,0,0,0	0
4	5849	CERTIFIED_DEFICIT	1208	1	1	0	0,0,0,0,0,0,0,0,0,0,0,0,0	0
4	5850	CERTIFIED_DEFICIT	1428	1	1	0	0,0,0,0,0,0,0,0,0,0,0,0,0	0
4	5851	CERTIFIED_DEFICIT	1428	1	1	0	0,0,0,0,0,0,0,0,0,0,0,0,0	0
4	5852	CERTIFIED_DEFICIT	1428	1	1	0	0,0,0,0,0,0,0,0,0,0,0,0,0	0
4	5853	CERTIFIED_DEFICIT	1428	1	1	0	0,0,0,0,0,0,0,0,0,0,0,0,0	0
4	5854	CERTIFIED_DEFICIT	1428	1	1	0	0,0,0,0,0,0,0,0,0,0,0,0,0	0
4	5855	CERTIFIED_DEFICIT	1428	1	1	0	0,0,0,0,0,0,0,0,0,0,0,0,0	0
4	5856	CERTIFIED_DEFICIT	1428	1	1	0	0,0,0,0,0,0,0,0,0,0,0,0,0	0
4	5857	CERTIFIED_DEFICIT	1428	1	1	0	0,0,0,0,0,0,0,0,0,0,0,0,0	0
4	5858	CERTIFIED_DEFICIT	1428	1	1	0	0,0,0,0,0,0,0,0,0,0,0,0,0	0
4	5859	CERTIFIED_DEFICIT	1428	1	1	0	0,0,0,0,0,0,0,0,0,0,0,0,0	0
4	5860	CERTIFIED_DEFICIT	1428	1	1	0	0,0,0,0,0,0,0,0,0,0,0,0,0	0
4	5861	CERTIFIED_DEFICIT	1428	1	1	0	0,0,0,0,0,0,0,0,0,0,0,0,0	0
4	5862	CERTIFIED_DEFICIT	1428	1	1	0	0,0,0,0,0,0,0,0,0,0,0,0,0	0
4	5863	CERTIFIED_DEFICIT	1428	1	1	0	0,0,0,0,0,0,0,0,0,0,0,0,0	0
4	5864	CERTIFIED_DEFICIT	1428	1	1	0	0,0,0,0,0,0,0,0,0,0,0,0,0	0
4	5865	CERTIFIED_DEFICIT	1428	1	1	0	0,0,0,0,0,0,0,0,0,0,0,0,0	0
4	5866	CERTIFIED_DEFICIT	1428	1	1	0	0,0,0,0,0,0,0,0,0,0,0,0,0	0
4	5867	CERTIFIED_DEFICIT	1428	1	1	0	0,0,0,0,0,0,0,0,0,0,0,0,0	0
4	5868	CERTIFIED_DEFICIT	1428	1	1	0	0,0,0,0,0,0,0,0,0,0,0,0,0	0
4	5869	CERTIFIED_DEFICIT	1428	1	1	0	0,0,0,0,0,0,0,0,0,0,0,0,0	0
4	5870	CERTIFIED_DEFICIT	1428	1	1	0	0,0,0,0,0,0,0,0,0,0,0,0,0	0
4	5871	CERTIFIED_DEFICIT	1428	1	1	0	0,0,0,0,0,0,0,0,0,0,0,0,0	0
4	5872	CERTIFIED_DEFICIT	1428	1	1	0	0,0,0,0,0,0,0,0,0,0,0,0,0	0
4	5873	CERTIFIED_DEFICIT	1428	1	1	0	0,0,0,0,0,0,0,0,0,0,0,0,0	0
4	5874	CERTIFIED_DEFICIT	1428	1	1	0	0,0,0,0,0,0,0,0,0,0,0,0,0	0
4	5875	CERTIFIED_DEFICIT	1428	1	1	0	0,0,0,0,0,0,0,0,0,0,0,0,0	0
4	5876	CERTIFIED_DEFICIT	1428	1	1	0	0,0,0,0,0,0,0,0,0,0,0,0,0	0
4	5877	CERTIFIED_DEFICIT	1428	1	1	0	0,0,0,0,0,0,0,0,0,0,0,0,0	0
4	5878	CERTIFIED_DEFICIT	1428	1	1	0	0,0,0,0,0,0,0,0,0,0,0,0,0	0
4	5879	CERTIFIED_DEFICIT	1428	1	1	0	0,0,0,0,0,0,0,0,0,0,0,0,0	0
4	5880	CERTIFIED_DEFICIT	1428	1	1	0	0,0,0,0,0,0,0,0,0,0,0,0,0	0
4	5881	CERTIFIED_DEFICIT	1428	1	1	0	0,0,0,0,0,0,0,0,0,0,0,0,0	0
4	5882	CERTIFIED_DEFICIT	1428	1	1	0	0,0,0,0,0,0,0,0,0,0,0,0,0	0
4	5883	CERTIFIED_DEFICIT	1428	1	1	0	0,0,0,0,0,0,0,0,0,0,0,0,0	0
4	5884	CERTIFIED_DEFICIT	1428	1	1	0	0,0,0,0,0,0,0,0,0,0,0,0,0	0
4	5885	CERTIFIED_DEFICIT	1428	1	1	0	0,0,0,0,0,0,0,0,0,0,0,0,0	0
4	5886	CERTIFIED_DEFICIT	1428	1	1	0	0,0,0,0,0,0,0,0,0,0,0,0,0	0
4	5887	CERTIFIED_DEFICIT	1428	1	1	0	0,0,0,0,0,0,0,0,0,0,0,0,0	0
4	5888	CERTIFIED_DEFICIT	1428	1	1	0	0,0,0,0,0,0,0,0,0,0,0,0,0	0
4	5889	CERTIFIED_DEFICIT	1428	1	1	0	0,0,0,0,0,0,0,0,0,0,0,0,0	0
4	5890	CERTIFIED_DEFICIT	1428	1	1	0	0,0,0,0,0,0,0,0,0,0,0,0,0	0
4	5891	CERTIFIED_DEFICIT	1428	1	1	0	0,0,0,0,0,0,0,0,0,0,0,0,0	0
4	5892	CERTIFIED_DEFICIT	1428	1	1	0	0,0,0,0,0,0,0,0,0,0,0,0,0	0
4	5893	CERTIFIED_DEFICIT	1428	1	1	0	0,0,0,0,0,0,0,0,0,0,0,0,0	0
4	5894	CERTIFIED_DEFICIT	1428	1	1	0	0,0,0,0,0,0,0,0,0,0,0,0,0	0
4	5895	CERTIFIED_DEFICIT	1428	1	1	0	0,0,0,0,0,0,0,0,0,0,0,0,0	0
4	5896	CERTIFIED_DEFICIT	1428	1	1	0	0,0,0,0,0,0,0,0,0,0,0,0,0	0
4	5897	CERTIFIED_DEFICIT	1428	1	1	0	0,0,0,0,0,0,0,0,0,0,0,0,0	0
4	5898	CERTIFIED_DEFICIT	1428	1	1	0	0,0,0,0,0,0,0,0,0,0,0,0,0	0
4	5899	CERTIFIED_DEFICIT	1428	1	1	0	0,0,0,0,0,0,0,0,0,0,0,0,0	0
4	5900	CERTIFIED_DEFICIT	1428	1	1	0	0,0,0,0,0,0,0,0,0,0,0,0,0	0
4	5901	CERTIFIED_DEFICIT	1428	1	1	0	0,0,0,0,0,0,0,0,0,0,0,0,0	0
4	5902	CERTIFIED_DEFICIT	1428	1	1	0	0,0,0,0,0,0,0,0,0,0,0,0,0	0
4	5903	CERTIFIED_DEFICIT	1428	1	1	0	0,0,0,0,0,0,0,0,0,0,0,0,0	0
4	5904	CERTIFIED_DEFICIT	1428	1	1	0	0,0,0,0,0,0,0,0,0,0,0,0,0	0
4	5905	CERTIFIED_DEFICIT	1428	1	1	0	0,0,0,0,0,0,0,0,0,0,0,0,0	0
4	5906	CERTIFIED_DEFICIT	1219	1	1	0	0,0,0,0,0,0,0,0,0,0,0,0,0	0
4	5907	CERTIFIED_DEFICIT	1428	1	1	0	0,0,0,0,0,0,0,0,0,0,0,0,0	0
4	5908	CERTIFIED_DEFICIT	1428	1	1	0	0,0,0,0,0,0,0,0,0,0,0,0,0	0
4	5909	CERTIFIED_DEFICIT	1428	1	1	0	0,0,0,0,0,0,0,0,0,0,0,0,0	0
4	5910	CERTIFIED_DEFICIT	1428	1	1	0	0,0,0,0,0,0,0,0,0,0,0,0,0	0
4	5911	CERTIFIED_DEFICIT	1428	1	1	0	0,0,0,0,0,0,0,0,0,0,0,0,0	0
4	5912	CERTIFIED_DEFICIT	1259	1	1	0	0,0,0,0,0,0,0,0,0,0,0,0,0	0
4	5913	CERTIFIED_DEFICIT	1428	1	1	0	0,0,0,0,0,0,0,0,0,0,0,0,0	0
4	5914	CERTIFIED_DEFICIT	1428	1	1	0	0,0,0,0,0,0,0,0,0,0,0,0,0	0
4	5915	CERTIFIED_DEFICIT	1428	1	1	0	0,0,0,0,0,0,0,0,0,0,0,0,0	0
4	5916	CERTIFIED_DEFICIT	1428	1	1	0	0,0,0,0,0,0,0,0,0,0,0,0,0	0
4	5917	CERTIFIED_DEFICIT	1428	1	1	0	0,0,0,0,0,0,0,0,0,0,0,0,0	0
4	5918	CERTIFIED_DEFICIT	1428	1	1	0	0,0,0,0,0,0,0,0,0,0,0,0,0	0
4	5919	CERTIFIED_DEFICIT	1428	1	1	0	0,0,0,0,0,0,0,0,0,0,0,0,0	0
4	5920	CERTIFIED_DEFICIT	1428	1	1	0	0,0,0,0,0,0,0,0,0,0,0,0,0	0
4	5921	CERTIFIED_DEFICIT	1241	1	1	0	0,0,0,0,0,0,0,0,0,0,0,0,0	0
4	5922	CERTIFIED_DEFICIT	1428	1	1	0	0,0,0,0,0,0,0,0,0,0,0,0,0	0
4	5923	CERTIFIED_DEFICIT	1428	1	1	0	0,0,0,0,0,0,0,0,0,0,0,0,0	0
4	5924	CERTIFIED_DEFICIT	1303	1	1	0	0,0,0,0,0,0,0,0,0,0,0,0,0	0
4	5925	CERTIFIED_DEFICIT	1428	1	1	0	0,0,0,0,0,0,0,0,0,0,0,0,0	0
4	5926	CERTIFIED_DEFICIT	1428	1	1	0	0,0,0,0,0,0,0,0,0,0,0,0,0	0
4	5927	CERTIFIED_DEFICIT	1428	1	1	0	0,0,0,0,0,0,0,0,0,0,0,0,0	0
4	5928	CERTIFIED_DEFICIT	1428	1	1	0	0,0,0,0,0,0,0,0,0,0,0,0,0	0
4	5929	CERTIFIED_DEFICIT	1428	1	1	0	0,0,0,0,0,0,0,0,0,0,0,0,0	0
4	5930	CERTIFIED_DEFICIT	1428	1	1	0	0,0,0,0,0,0,0,0,0,0,0,0,0	0
4	5931	CERTIFIED_DEFICIT	1428	1	1	0	0,0,0,0,0,0,0,0,0,0,0,0,0	0
4	5932	CERTIFIED_DEFICIT	1428	1	1	0	0,0,0,0,0,0,0,0,0,0,0,0,0	0
4	5933	CERTIFIED_DEFICIT	1428	1	1	0	0,0,0,0,0,0,0,0,0,0,0,0,0	0
4	5934	CERTIFIED_DEFICIT	1428	1	1	0	0,0,0,0,0,0,0,0,0,0,0,0,0	0
4	5935	CERTIFIED_DEFICIT	1428	1	1	0	0,0,0,0,0,0,0,0,0,0,0,0,0	0
4	5936	CERTIFIED_DEFICIT	1428	1	1	0	0,0,0,0,0,0,0,0,0,0,0,0,0	0
4	5937	CERTIFIED_DEFICIT	1428	1	1	0	0,0,0,0,0,0,0,0,0,0,0,0,0	0
4	5938	CERTIFIED_DEFICIT	1428	1	1	0	0,0,0,0,0,0,0,0,0,0,0,0,0	0
4	5939	CERTIFIED_DEFICIT	1428	1	1	0	0,0,0,0,0,0,0,0,0,0,0,0,0	0
4	5940	CERTIFIED_DEFICIT	1428	1	1	0	0,0,0,0,0,0,0,0,0,0,0,0,0	0
4	5941	CERTIFIED_DEFICIT	1428	1	1	0	0,0,0,0,0,0,0,0,0,0,0,0,0	0
4	5942	CERTIFIED_DEFICIT	1428	1	1	0	0,0,0,0,0,0,0,0,0,0,0,0,0	0
4	5943	CERTIFIED_DEFICIT	1428	1	1	0	0,0,0,0,0,0,0,0,0,0,0,0,0	0
4	5944	CERTIFIED_DEFICIT	1428	1	1	0	0,0,0,0,0,0,0,0,0,0,0,0,0	0
4	5945	CERTIFIED_DEFICIT	1428	1	1	0	0,0,0,0,0,0,0,0,0,0,0,0,0	0
4	5946	CERTIFIED_DEFICIT	1428	1	1	0	0,0,0,0,0,0,0,0,0,0,0,0,0	0
4	5947	CERTIFIED_DEFICIT	1428	1	1	0	0,0,0,0,0,0,0,0,0,0,0,0,0	0
4	5948	CERTIFIED_DEFICIT	1428	1	1	0	0,0,0,0,0,0,0,0,0,0,0,0,0	0
4	5949	CERTIFIED_DEFICIT	1428	1	1	0	0,0,0,0,0,0,0,0,0,0,0,0,0	0
4	5950	CERTIFIED_DEFICIT	1428	1	1	0	0,0,0,0,0,0,0,0,0,0,0,0,0	0
4	5951	CERTIFIED_DEFICIT	1428	1	1	0	0,0,0,0,0,0,0,0,0,0,0,0,0	0
4	5952	CERTIFIED_DEFICIT	1428	1	1	0	0,0,0,0,0,0,0,0,0,0,0,0,0	0
4	5953	CERTIFIED_DEFICIT	1428	1	1	0	0,0,0,0,0,0,0,0,0,0,0,0,0	0
4	5954	CERTIFIED_DEFICIT	1428	1	1	0	0,0,0,0,0,0,0,0,0,0,0,0,0	0
4	5955	CERTIFIED_DEFICIT	1428	1	1	0	0,0,0,0,0,0,0,0,0,0,0,0,0	0
4	5956	CERTIFIED_DEFICIT	1428	1	1	0	0,0,0,0,0,0,0,0,0,0,0,0,0	0
4	5957	CERTIFIED_DEFICIT	1428	1	1	0	0,0,0,0,0,0,0,0,0,0,0,0,0	0
4	5958	CERTIFIED_DEFICIT	1428	1	1	0	0,0,0,0,0,0,0,0,0,0,0,0,0	0
4	5959	CERTIFIED_DEFICIT	1428	1	1	0	0,0,0,0,0,0,0,0,0,0,0,0,0	0
4	5960	CERTIFIED_DEFICIT	1428	1	1	0	0,0,0,0,0,0,0,0,0,0,0,0,0	0
4	5961	CERTIFIED_DEFICIT	1428	1	1	0	0,0,0,0,0,0,0,0,0,0,0,0,0	0
4	5962	CERTIFIED_DEFICIT	1428	1	1	0	0,0,0,0,0,0,0,0,0,0,0,0,0	0
4	5963	CERTIFIED_DEFICIT	1428	1	1	0	0,0,0,0,0,0,0,0,0,0,0,0,0	0
4	5964	CERTIFIED_DEFICIT	1428	1	1	0	0,0,0,0,0,0,0,0,0,0,0,0,0	0
4	5965	CERTIFIED_DEFICIT	1428	1	1	0	0,0,0,0,0,0,0,0,0,0,0,0,0	0
4	5966	CERTIFIED_DEFICIT	1428	1	1	0	0,0,0,0,0,0,0,0,0,0,0,0,0	0
4	5967	CERTIFIED_DEFICIT	1428	1	1	0	0,0,0,0,0,0,0,0,0,0,0,0,0	0
4	5968	CERTIFIED_DEFICIT	1428	1	1	0	0,0,0,0,0,0,0,0,0,0,0,0,0	0
4	5969	CERTIFIED_DEFICIT	1310	1	1	0	0,0,0,0,0,0,0,0,0,0,0,0,0	0
4	5970	CERTIFIED_DEFICIT	1428	1	1	0	0,0,0,0,0,0,0,0,0,0,0,0,0	0
4	5971	CERTIFIED_DEFICIT	1428	1	1	0	0,0,0,0,0,0,0,0,0,0,0,0,0	0
4	5972	CERTIFIED_DEFICIT	1428	1	1	0	0,0,0,0,0,0,0,0,0,0,0,0,0	0
4	5973	CERTIFIED_DEFICIT	1428	1	1	0	0,0,0,0,0,0,0,0,0,0,0,0,0	0
4	5974	CERTIFIED_DEFICIT	1428	1	1	0	0,0,0,0,0,0,0,0,0,0,0,0,0	0
4	5975	CERTIFIED_DEFICIT	1428	1	1	0	0,0,0,0,0,0,0,0,0,0,0,0,0	0
4	5976	CERTIFIED_DEFICIT	1428	1	1	0	0,0,0,0,0,0,0,0,0,0,0,0,0	0
4	5977	CERTIFIED_DEFICIT	1428	1	1	0	0,0,0,0,0,0,0,0,0,0,0,0,0	0
4	5978	CERTIFIED_DEFICIT	1428	1	1	0	0,0,0,0,0,0,0,0,0,0,0,0,0	0
4	5979	CERTIFIED_DEFICIT	1428	1	1	0	0,0,0,0,0,0,0,0,0,0,0,0,0	0
4	5980	CERTIFIED_DEFICIT	1428	1	1	0	0,0,0,0,0,0,0,0,0,0,0,0,0	0
4	5981	CERTIFIED_DEFICIT	1428	1	1	0	0,0,0,0,0,0,0,0,0,0,0,0,0	0
4	5982	CERTIFIED_DEFICIT	1428	1	1	0	0,0,0,0,0,0,0,0,0,0,0,0,0	0
4	5983	CERTIFIED_DEFICIT	1428	1	1	0	0,0,0,0,0,0,0,0,0,0,0,0,0	0
4	5984	CERTIFIED_DEFICIT	1219	1	1	0	0,0,0,0,0,0,0,0,0,0,0,0,0	0
4	5985	CERTIFIED_DEFICIT	1428	1	1	0	0,0,0,0,0,0,0,0,0,0,0,0,0	0
4	5986	CERTIFIED_DEFICIT	1428	1	1	0	0,0,0,0,0,0,0,0,0,0,0,0,0	0
4	5987	CERTIFIED_DEFICIT	1428	1	1	0	0,0,0,0,0,0,0,0,0,0,0,0,0	0
4	5988	CERTIFIED_DEFICIT	1428	1	1	0	0,0,0,0,0,0,0,0,0,0,0,0,0	0
4	5989	CERTIFIED_DEFICIT	1428	1	1	0	0,0,0,0,0,0,0,0,0,0,0,0,0	0
4	5990	CERTIFIED_DEFICIT	1259	1	1	0	0,0,0,0,0,0,0,0,0,0,0,0,0	0
4	5991	CERTIFIED_DEFICIT	1428	1	1	0	0,0,0,0,0,0,0,0,0,0,0,0,0	0
4	5992	CERTIFIED_DEFICIT	1428	1	1	0	0,0,0,0,0,0,0,0,0,0,0,0,0	0
4	5993	CERTIFIED_DEFICIT	1428	1	1	0	0,0,0,0,0,0,0,0,0,0,0,0,0	0
4	5994	CERTIFIED_DEFICIT	1428	1	1	0	0,0,0,0,0,0,0,0,0,0,0,0,0	0
4	5995	CERTIFIED_DEFICIT	1230	1	1	0	0,0,0,0,0,0,0,0,0,0,0,0,0	0
4	5996	CERTIFIED_DEFICIT	1428	1	1	0	0,0,0,0,0,0,0,0,0,0,0,0,0	0
4	5997	CERTIFIED_DEFICIT	1428	1	1	0	0,0,0,0,0,0,0,0,0,0,0,0,0	0
4	5998	CERTIFIED_DEFICIT	1428	1	1	0	0,0,0,0,0,0,0,0,0,0,0,0,0	0
4	5999	CERTIFIED_DEFICIT	1241	1	1	0	0,0,0,0,0,0,0,0,0,0,0,0,0	0
4	6000	CERTIFIED_DEFICIT	1428	1	1	0	0,0,0,0,0,0,0,0,0,0,0,0,0	0
4	6001	CERTIFIED_DEFICIT	1428	1	1	0	0,0,0,0,0,0,0,0,0,0,0,0,0	0
4	6002	CERTIFIED_DEFICIT	1303	1	1	0	0,0,0,0,0,0,0,0,0,0,0,0,0	0
4	6003	CERTIFIED_DEFICIT	1428	1	1	0	0,0,0,0,0,0,0,0,0,0,0,0,0	0
4	6004	CERTIFIED_DEFICIT	1428	1	1	0	0,0,0,0,0,0,0,0,0,0,0,0,0	0
4	6005	CERTIFIED_DEFICIT	1208	1	1	0	0,0,0,0,0,0,0,0,0,0,0,0,0	0
4	6006	CERTIFIED_DEFICIT	1302	1	1	0	0,0,0,0,0,0,0,0,0,0,0,0,0	0
4	6007	CERTIFIED_DEFICIT	1302	1	1	0	0,0,0,0,0,0,0,0,0,0,0,0,0	0
4	6008	CERTIFIED_DEFICIT	1302	1	1	0	0,0,0,0,0,0,0,0,0,0,0,0,0	0
4	6009	CERTIFIED_DEFICIT	1302	1	1	0	0,0,0,0,0,0,0,0,0,0,0,0,0	0
4	6010	CERTIFIED_DEFICIT	1302	1	1	0	0,0,0,0,0,0,0,0,0,0,0,0,0	0
4	6011	CERTIFIED_DEFICIT	1302	1	1	0	0,0,0,0,0,0,0,0,0,0,0,0,0	0
4	6012	CERTIFIED_DEFICIT	1302	1	1	0	0,0,0,0,0,0,0,0,0,0,0,0,0	0
4	6013	CERTIFIED_DEFICIT	1302	1	1	0	0,0,0,0,0,0,0,0,0,0,0,0,0	0
4	6014	CERTIFIED_DEFICIT	1302	1	1	0	0,0,0,0,0,0,0,0,0,0,0,0,0	0
4	6015	CERTIFIED_DEFICIT	1302	1	1	0	0,0,0,0,0,0,0,0,0,0,0,0,0	0
4	6016	CERTIFIED_DEFICIT	1302	1	1	0	0,0,0,0,0,0,0,0,0,0,0,0,0	0
4	6017	CERTIFIED_DEFICIT	1302	1	1	0	0,0,0,0,0,0,0,0,0,0,0,0,0	0
4	6018	CERTIFIED_DEFICIT	1302	1	1	0	0,0,0,0,0,0,0,0,0,0,0,0,0	0
4	6019	CERTIFIED_DEFICIT	1302	1	1	0	0,0,0,0,0,0,0,0,0,0,0,0,0	0
4	6020	CERTIFIED_DEFICIT	1302	1	1	0	0,0,0,0,0,0,0,0,0,0,0,0,0	0
4	6021	CERTIFIED_DEFICIT	1302	1	1	0	0,0,0,0,0,0,0,0,0,0,0,0,0	0
4	6022	CERTIFIED_DEFICIT	1302	1	1	0	0,0,0,0,0,0,0,0,0,0,0,0,0	0
4	6023	CERTIFIED_DEFICIT	1302	1	1	0	0,0,0,0,0,0,0,0,0,0,0,0,0	0
4	6024	CERTIFIED_DEFICIT	1302	1	1	0	0,0,0,0,0,0,0,0,0,0,0,0,0	0
4	6025	CERTIFIED_DEFICIT	1302	1	1	0	0,0,0,0,0,0,0,0,0,0,0,0,0	0
4	6026	CERTIFIED_DEFICIT	1302	1	1	0	0,0,0,0,0,0,0,0,0,0,0,0,0	0
4	6027	CERTIFIED_DEFICIT	1302	1	1	0	0,0,0,0,0,0,0,0,0,0,0,0,0	0
4	6028	CERTIFIED_DEFICIT	1302	1	1	0	0,0,0,0,0,0,0,0,0,0,0,0,0	0
4	6029	CERTIFIED_DEFICIT	1302	1	1	0	0,0,0,0,0,0,0,0,0,0,0,0,0	0
4	6030	CERTIFIED_DEFICIT	1302	1	1	0	0,0,0,0,0,0,0,0,0,0,0,0,0	0
4	6031	CERTIFIED_DEFICIT	1302	1	1	0	0,0,0,0,0,0,0,0,0,0,0,0,0	0
4	6032	CERTIFIED_DEFICIT	1302	1	1	0	0,0,0,0,0,0,0,0,0,0,0,0,0	0
4	6033	CERTIFIED_DEFICIT	1302	1	1	0	0,0,0,0,0,0,0,0,0,0,0,0,0	0
4	6034	CERTIFIED_DEFICIT	1302	1	1	0	0,0,0,0,0,0,0,0,0,0,0,0,0	0
4	6035	CERTIFIED_DEFICIT	1302	1	1	0	0,0,0,0,0,0,0,0,0,0,0,0,0	0
4	6036	CERTIFIED_DEFICIT	1302	1	1	0	0,0,0,0,0,0,0,0,0,0,0,0,0	0
4	6037	CERTIFIED_DEFICIT	1302	1	1	0	0,0,0,0,0,0,0,0,0,0,0,0,0	0
4	6038	CERTIFIED_DEFICIT	1302	1	1	0	0,0,0,0,0,0,0,0,0,0,0,0,0	0
4	6039	CERTIFIED_DEFICIT	1302	1	1	0	0,0,0,0,0,0,0,0,0,0,0,0,0	0
4	6040	CERTIFIED_DEFICIT	1302	1	1	0	0,0,0,0,0,0,0,0,0,0,0,0,0	0
4	6041	CERTIFIED_DEFICIT	1302	1	1	0	0,0,0,0,0,0,0,0,0,0,0,0,0	0
4	6042	CERTIFIED_DEFICIT	1302	1	1	0	0,0,0,0,0,0,0,0,0,0,0,0,0	0
4	6043	CERTIFIED_DEFICIT	1302	1	1	0	0,0,0,0,0,0,0,0,0,0,0,0,0	0
4	6044	CERTIFIED_DEFICIT	1302	1	1	0	0,0,0,0,0,0,0,0,0,0,0,0,0	0
4	6045	CERTIFIED_DEFICIT	1302	1	1	0	0,0,0,0,0,0,0,0,0,0,0,0,0	0
4	6046	CERTIFIED_DEFICIT	1302	1	1	0	0,0,0,0,0,0,0,0,0,0,0,0,0	0
4	6047	CERTIFIED_DEFICIT	1226	1	1	0	0,0,0,0,0,0,0,0,0,0,0,0,0	0
4	6048	CERTIFIED_DEFICIT	1302	1	1	0	0,0,0,0,0,0,0,0,0,0,0,0,0	0
4	6049	CERTIFIED_DEFICIT	1302	1	1	0	0,0,0,0,0,0,0,0,0,0,0,0,0	0
4	6050	CERTIFIED_DEFICIT	1302	1	1	0	0,0,0,0,0,0,0,0,0,0,0,0,0	0
4	6051	CERTIFIED_DEFICIT	1302	1	1	0	0,0,0,0,0,0,0,0,0,0,0,0,0	0
4	6052	CERTIFIED_DEFICIT	1302	1	1	0	0,0,0,0,0,0,0,0,0,0,0,0,0	0
4	6053	CERTIFIED_DEFICIT	1302	1	1	0	0,0,0,0,0,0,0,0,0,0,0,0,0	0
4	6054	CERTIFIED_DEFICIT	1302	1	1	0	0,0,0,0,0,0,0,0,0,0,0,0,0	0
4	6055	CERTIFIED_DEFICIT	1302	1	1	0	0,0,0,0,0,0,0,0,0,0,0,0,0	0
4	6056	CERTIFIED_DEFICIT	1302	1	1	0	0,0,0,0,0,0,0,0,0,0,0,0,0	0
4	6057	CERTIFIED_DEFICIT	1302	1	1	0	0,0,0,0,0,0,0,0,0,0,0,0,0	0
4	6058	CERTIFIED_DEFICIT	1302	1	1	0	0,0,0,0,0,0,0,0,0,0,0,0,0	0
4	6059	CERTIFIED_DEFICIT	1302	1	1	0	0,0,0,0,0,0,0,0,0,0,0,0,0	0
4	6060	CERTIFIED_DEFICIT	1302	1	1	0	0,0,0,0,0,0,0,0,0,0,0,0,0	0
4	6061	CERTIFIED_DEFICIT	1302	1	1	0	0,0,0,0,0,0,0,0,0,0,0,0,0	0
4	6062	CERTIFIED_DEFICIT	1219	1	1	0	0,0,0,0,0,0,0,0,0,0,0,0,0	0
4	6063	CERTIFIED_DEFICIT	1302	1	1	0	0,0,0,0,0,0,0,0,0,0,0,0,0	0
4	6064	CERTIFIED_DEFICIT	1302	1	1	0	0,0,0,0,0,0,0,0,0,0,0,0,0	0
4	6065	CERTIFIED_DEFICIT	1302	1	1	0	0,0,0,0,0,0,0,0,0,0,0,0,0	0
4	6066	CERTIFIED_DEFICIT	1302	1	1	0	0,0,0,0,0,0,0,0,0,0,0,0,0	0
4	6067	CERTIFIED_DEFICIT	1302	1	1	0	0,0,0,0,0,0,0,0,0,0,0,0,0	0
4	6068	CERTIFIED_DEFICIT	1252	1	1	0	0,0,0,0,0,0,0,0,0,0,0,0,0	0
4	6069	CERTIFIED_DEFICIT	1302	1	1	0	0,0,0,0,0,0,0,0,0,0,0,0,0	0
4	6070	CERTIFIED_DEFICIT	1302	1	1	0	0,0,0,0,0,0,0,0,0,0,0,0,0	0
4	6071	CERTIFIED_DEFICIT	1302	1	1	0	0,0,0,0,0,0,0,0,0,0,0,0,0	0
4	6072	CERTIFIED_DEFICIT	1302	1	1	0	0,0,0,0,0,0,0,0,0,0,0,0,0	0
4	6073	CERTIFIED_DEFICIT	1230	1	1	0	0,0,0,0,0,0,0,0,0,0,0,0,0	0
4	6074	CERTIFIED_DEFICIT	1302	1	1	0	0,0,0,0,0,0,0,0,0,0,0,0,0	0
4	6075	CERTIFIED_DEFICIT	1302	1	1	0	0,0,0,0,0,0,0,0,0,0,0,0,0	0
4	6076	CERTIFIED_DEFICIT	1302	1	1	0	0,0,0,0,0,0,0,0,0,0,0,0,0	0
4	6077	CERTIFIED_DEFICIT	1241	1	1	0	0,0,0,0,0,0,0,0,0,0,0,0,0	0
4	6078	CERTIFIED_DEFICIT	1302	1	1	0	0,0,0,0,0,0,0,0,0,0,0,0,0	0
4	6079	CERTIFIED_DEFICIT	1302	1	1	0	0,0,0,0,0,0,0,0,0,0,0,0,0	0
4	6080	CERTIFIED_DEFICIT	1302	1	1	0	0,0,0,0,0,0,0,0,0,0,0,0,0	0
4	6081	CERTIFIED_DEFICIT	1302	1	1	0	0,0,0,0,0,0,0,0,0,0,0,0,0	0
4	6082	CERTIFIED_DEFICIT	1302	1	1	0	0,0,0,0,0,0,0,0,0,0,0,0,0	0
4	6083	CERTIFIED_DEFICIT	1302	1	1	0	0,0,0,0,0,0,0,0,0,0,0,0,0	0
3	0	UNCOVERED			0	0	0,0,0,0,0,0,0,0,0,0,0,0,0	24
3	1	UNCOVERED			0	0	0,0,0,0,0,0,0,0,0,0,0,0,0	24
3	2	UNCOVERED			0	0	0,0,0,0,0,0,0,0,0,0,0,0,0	24
3	3	UNCOVERED			0	0	0,0,0,0,0,0,0,0,0,0,0,0,0	24
3	4	UNCOVERED			0	0	0,0,0,0,0,0,0,0,0,0,0,0,0	24
3	5	UNCOVERED			0	0	0,0,0,0,0,0,0,0,0,0,0,0,0	24
3	6	UNCOVERED			0	0	0,0,0,0,0,0,0,0,0,0,0,0,0	24
3	7	UNCOVERED			0	0	0,0,0,0,0,0,0,0,0,0,0,0,0	24
3	8	UNCOVERED			0	0	0,0,0,0,0,0,0,0,0,0,0,0,0	24
3	9	UNCOVERED			0	0	0,0,0,0,0,0,0,0,0,0,0,0,0	24
3	10	UNCOVERED			0	0	0,0,0,0,0,0,0,0,0,0,0,0,0	24
3	11	CERTIFIED_DEFICIT	1233,1443	1,1	2	1	1,0,0,0,0,0,0,0,0,0,0,0,0	24
3	12	UNCOVERED			0	0	0,0,0,0,0,0,0,0,0,0,0,0,0	24
3	13	UNCOVERED			0	0	0,0,0,0,0,0,0,0,0,0,0,0,0	24
3	14	UNCOVERED			0	0	0,0,0,0,0,0,0,0,0,0,0,0,0	24
3	15	UNCOVERED			0	0	0,0,0,0,0,0,0,0,0,0,0,0,0	24
3	16	UNCOVERED			0	0	0,0,0,0,0,0,0,0,0,0,0,0,0	24
3	17	UNCOVERED			0	0	0,0,0,0,0,0,0,0,0,0,0,0,0	24
3	18	UNCOVERED			0	0	0,0,0,0,0,0,0,0,0,0,0,0,0	24
3	19	UNCOVERED			0	0	0,0,0,0,0,0,0,0,0,0,0,0,0	24
3	20	UNCOVERED			0	0	0,0,0,0,0,0,0,0,0,0,0,0,0	24
3	21	UNCOVERED			0	0	0,0,0,0,0,0,0,0,0,0,0,0,0	24
3	22	CERTIFIED_DEFICIT	1233,1443	1,1	2	1	0,1,0,0,0,0,0,0,0,0,0,0,0	24
3	23	UNCOVERED			0	0	0,0,0,0,0,0,0,0,0,0,0,0,0	24
3	24	UNCOVERED			0	0	0,0,0,0,0,0,0,0,0,0,0,0,0	24
3	25	UNCOVERED			0	0	0,0,0,0,0,0,0,0,0,0,0,0,0	24
3	26	UNCOVERED			0	0	0,0,0,0,0,0,0,0,0,0,0,0,0	24
3	27	UNCOVERED			0	0	0,0,0,0,0,0,0,0,0,0,0,0,0	24
3	28	UNCOVERED			0	0	0,0,0,0,0,0,0,0,0,0,0,0,0	24
3	29	UNCOVERED			0	0	0,0,0,0,0,0,0,0,0,0,0,0,0	24
3	30	UNCOVERED			0	0	0,0,0,0,0,0,0,0,0,0,0,0,0	24
3	31	CERTIFIED_DEFICIT	1305,1319,1333	1,1,1	3	2	0,0,0,0,0,0,0,0,0,0,0,1,1	24
3	32	CERTIFIED_DEFICIT	1233,1349	1,1	2	1	0,0,1,0,0,0,0,0,0,0,0,0,0	24
3	33	UNCOVERED			0	0	0,0,0,0,0,0,0,0,0,0,0,0,0	24
3	34	UNCOVERED			0	0	0,0,0,0,0,0,0,0,0,0,0,0,0	24
3	35	UNCOVERED			0	0	0,0,0,0,0,0,0,0,0,0,0,0,0	24
3	36	UNCOVERED			0	0	0,0,0,0,0,0,0,0,0,0,0,0,0	24
3	37	UNCOVERED			0	0	0,0,0,0,0,0,0,0,0,0,0,0,0	24
3	38	UNCOVERED			0	0	0,0,0,0,0,0,0,0,0,0,0,0,0	24
3	39	UNCOVERED			0	0	0,0,0,0,0,0,0,0,0,0,0,0,0	24
3	40	CERTIFIED_DEFICIT	1367,1381	1,1	2	1	0,0,0,0,0,0,0,0,0,0,0,0,1	24
3	41	CERTIFIED_DEFICIT	1233,1291	1,1	2	1	0,0,0,1,0,0,0,0,0,0,0,0,0	24
3	42	UNCOVERED			0	0	0,0,0,0,0,0,0,0,0,0,0,0,0	24
3	43	UNCOVERED			0	0	0,0,0,0,0,0,0,0,0,0,0,0,0	24
3	44	UNCOVERED			0	0	0,0,0,0,0,0,0,0,0,0,0,0,0	24
3	45	UNCOVERED			0	0	0,0,0,0,0,0,0,0,0,0,0,0,0	24
3	46	UNCOVERED			0	0	0,0,0,0,0,0,0,0,0,0,0,0,0	24
3	47	UNCOVERED			0	0	0,0,0,0,0,0,0,0,0,0,0,0,0	24
3	48	CERTIFIED_DEFICIT	1265,1335,1457	1,1,1	3	2	0,0,0,0,0,0,0,0,0,0,0,1,1	24
3	49	CERTIFIED_DEFICIT	1233,1255	1,1	2	1	0,0,0,0,1,0,0,0,0,0,0,0,0	24
3	50	UNCOVERED			0	0	0,0,0,0,0,0,0,0,0,0,0,0,0	24
3	51	UNCOVERED			0	0	0,0,0,0,0,0,0,0,0,0,0,0,0	24
3	52	UNCOVERED			0	0	0,0,0,0,0,0,0,0,0,0,0,0,0	24
3	53	UNCOVERED			0	0	0,0,0,0,0,0,0,0,0,0,0,0,0	24
3	54	UNCOVERED			0	0	0,0,0,0,0,0,0,0,0,0,0,0,0	24
3	55	CERTIFIED_DEFICIT	1271,1285	1,1	2	1	0,0,0,0,0,0,0,0,0,0,0,0,1	24
3	56	CERTIFIED_DEFICIT	1313	1	1	0	0,0,0,0,0,0,0,0,0,0,0,0,0	0
3	57	UNCOVERED			0	0	0,0,0,0,0,0,0,0,0,0,0,0,0	24
3	58	UNCOVERED			0	0	0,0,0,0,0,0,0,0,0,0,0,0,0	24
3	59	UNCOVERED			0	0	0,0,0,0,0,0,0,0,0,0,0,0,0	24
3	60	UNCOVERED			0	0	0,0,0,0,0,0,0,0,0,0,0,0,0	24
3	61	CERTIFIED_DEFICIT	1219,1573	1,1	2	1	0,0,0,0,0,0,0,0,0,0,0,0,1	24
3	62	CERTIFIED_DEFICIT	1199,1205	1,1	2	1	0,0,0,0,0,0,0,0,0,0,0,0,1	24
3	63	UNCOVERED			0	0	0,0,0,0,0,0,0,0,0,0,0,0,0	24
3	64	UNCOVERED			0	0	0,0,0,0,0,0,0,0,0,0,0,0,0	24
3	65	UNCOVERED			0	0	0,0,0,0,0,0,0,0,0,0,0,0,0	24
3	66	CERTIFIED_DEFICIT	1231,1259,1327	1,1,1	3	2	0,0,0,0,0,0,0,0,0,0,0,1,1	24
3	67	CERTIFIED_DEFICIT	1327	1	1	0	0,0,0,0,0,0,0,0,0,0,0,0,0	0
3	68	UNCOVERED			0	0	0,0,0,0,0,0,0,0,0,0,0,0,0	24
3	69	UNCOVERED			0	0	0,0,0,0,0,0,0,0,0,0,0,0,0	24
3	70	CERTIFIED_DEFICIT	1249,1543	1,1	2	1	0,0,0,0,0,0,0,0,0,0,0,0,1	24
3	71	CERTIFIED_DEFICIT	1273	1	1	0	0,0,0,0,0,0,0,0,0,0,0,0,0	0
3	72	UNCOVERED			0	0	0,0,0,0,0,0,0,0,0,0,0,0,0	24
3	73	CERTIFIED_DEFICIT	1237,1289,1329	1,1,1	3	2	0,0,0,0,0,0,0,0,0,0,0,1,1	24
3	74	CERTIFIED_DEFICIT	1237	1	1	0	0,0,0,0,0,0,0,0,0,0,0,0,0	0
3	75	CERTIFIED_DEFICIT	1261,1275,1371	1,1,1	3	2	0,0,0,0,0,0,0,0,0,0,0,1,1	24
3	76	CERTIFIED_DEFICIT	1229,1247	1,1	2	1	0,0,0,0,0,0,0,0,0,0,0,0,1	24
3	77	CERTIFIED_DEFICIT	1227,1241	1,1	2	1	0,0,0,0,0,0,0,0,0,0,0,0,1	24
3	78	UNCOVERED			0	0	0,0,0,0,0,0,0,0,0,0,0,0,0	24
3	79	UNCOVERED			0	0	0,0,0,0,0,0,0,0,0,0,0,0,0	24
3	80	UNCOVERED			0	0	0,0,0,0,0,0,0,0,0,0,0,0,0	24
3	81	UNCOVERED			0	0	0,0,0,0,0,0,0,0,0,0,0,0,0	24
3	82	UNCOVERED			0	0	0,0,0,0,0,0,0,0,0,0,0,0,0	24
3	83	UNCOVERED			0	0	0,0,0,0,0,0,0,0,0,0,0,0,0	24
3	84	UNCOVERED			0	0	0,0,0,0,0,0,0,0,0,0,0,0,0	24
3	85	UNCOVERED			0	0	0,0,0,0,0,0,0,0,0,0,0,0,0	24
3	86	UNCOVERED			0	0	0,0,0,0,0,0,0,0,0,0,0,0,0	24
3	87	UNCOVERED			0	0	0,0,0,0,0,0,0,0,0,0,0,0,0	24
3	88	UNCOVERED			0	0	0,0,0,0,0,0,0,0,0,0,0,0,0	24
3	89	CERTIFIED_DEFICIT	1233,1443	1,1	2	1	1,0,0,0,0,0,0,0,0,0,0,0,0	24
3	90	UNCOVERED			0	0	0,0,0,0,0,0,0,0,0,0,0,0,0	24
3	91	UNCOVERED			0	0	0,0,0,0,0,0,0,0,0,0,0,0,0	24
3	92	UNCOVERED			0	0	0,0,0,0,0,0,0,0,0,0,0,0,0	24
3	93	UNCOVERED			0	0	0,0,0,0,0,0,0,0,0,0,0,0,0	24
3	94	UNCOVERED			0	0	0,0,0,0,0,0,0,0,0,0,0,0,0	24
3	95	UNCOVERED			0	0	0,0,0,0,0,0,0,0,0,0,0,0,0	24
3	96	UNCOVERED			0	0	0,0,0,0,0,0,0,0,0,0,0,0,0	24
3	97	UNCOVERED			0	0	0,0,0,0,0,0,0,0,0,0,0,0,0	24
3	98	UNCOVERED			0	0	0,0,0,0,0,0,0,0,0,0,0,0,0	24
3	99	UNCOVERED			0	0	0,0,0,0,0,0,0,0,0,0,0,0,0	24
3	100	CERTIFIED_DEFICIT	1233,1443	1,1	2	1	0,1,0,0,0,0,0,0,0,0,0,0,0	24
3	101	UNCOVERED			0	0	0,0,0,0,0,0,0,0,0,0,0,0,0	24
3	102	UNCOVERED			0	0	0,0,0,0,0,0,0,0,0,0,0,0,0	24
3	103	UNCOVERED			0	0	0,0,0,0,0,0,0,0,0,0,0,0,0	24
3	104	UNCOVERED			0	0	0,0,0,0,0,0,0,0,0,0,0,0,0	24
3	105	UNCOVERED			0	0	0,0,0,0,0,0,0,0,0,0,0,0,0	24
3	106	UNCOVERED			0	0	0,0,0,0,0,0,0,0,0,0,0,0,0	24
3	107	UNCOVERED			0	0	0,0,0,0,0,0,0,0,0,0,0,0,0	24
3	108	UNCOVERED			0	0	0,0,0,0,0,0,0,0,0,0,0,0,0	24
3	109	CERTIFIED_DEFICIT	1305,1319,1333	1,1,1	3	2	0,0,0,0,0,0,0,0,0,0,0,1,1	24
3	110	CERTIFIED_DEFICIT	1233,1349	1,1	2	1	0,0,1,0,0,0,0,0,0,0,0,0,0	24
3	111	UNCOVERED			0	0	0,0,0,0,0,0,0,0,0,0,0,0,0	24
3	112	UNCOVERED			0	0	0,0,0,0,0,0,0,0,0,0,0,0,0	24
3	113	UNCOVERED			0	0	0,0,0,0,0,0,0,0,0,0,0,0,0	24
3	114	UNCOVERED			0	0	0,0,0,0,0,0,0,0,0,0,0,0,0	24
3	115	UNCOVERED			0	0	0,0,0,0,0,0,0,0,0,0,0,0,0	24
3	116	UNCOVERED			0	0	0,0,0,0,0,0,0,0,0,0,0,0,0	24
3	117	UNCOVERED			0	0	0,0,0,0,0,0,0,0,0,0,0,0,0	24
3	118	CERTIFIED_DEFICIT	1367,1381	1,1	2	1	0,0,0,0,0,0,0,0,0,0,0,0,1	24
3	119	CERTIFIED_DEFICIT	1233,1291	1,1	2	1	0,0,0,1,0,0,0,0,0,0,0,0,0	24
3	120	UNCOVERED			0	0	0,0,0,0,0,0,0,0,0,0,0,0,0	24
3	121	UNCOVERED			0	0	0,0,0,0,0,0,0,0,0,0,0,0,0	24
3	122	UNCOVERED			0	0	0,0,0,0,0,0,0,0,0,0,0,0,0	24
3	123	UNCOVERED			0	0	0,0,0,0,0,0,0,0,0,0,0,0,0	24
3	124	UNCOVERED			0	0	0,0,0,0,0,0,0,0,0,0,0,0,0	24
3	125	UNCOVERED			0	0	0,0,0,0,0,0,0,0,0,0,0,0,0	24
3	126	UNCOVERED			0	0	0,0,0,0,0,0,0,0,0,0,0,0,0	24
3	127	CERTIFIED_DEFICIT	1233,1255	1,1	2	1	0,0,0,0,1,0,0,0,0,0,0,0,0	24
3	128	UNCOVERED			0	0	0,0,0,0,0,0,0,0,0,0,0,0,0	24
3	129	UNCOVERED			0	0	0,0,0,0,0,0,0,0,0,0,0,0,0	24
3	130	UNCOVERED			0	0	0,0,0,0,0,0,0,0,0,0,0,0,0	24
3	131	UNCOVERED			0	0	0,0,0,0,0,0,0,0,0,0,0,0,0	24
3	132	UNCOVERED			0	0	0,0,0,0,0,0,0,0,0,0,0,0,0	24
3	133	CERTIFIED_DEFICIT	1271,1285	1,1	2	1	0,0,0,0,0,0,0,0,0,0,0,0,1	24
3	134	CERTIFIED_DEFICIT	1313	1	1	0	0,0,0,0,0,0,0,0,0,0,0,0,0	0
3	135	UNCOVERED			0	0	0,0,0,0,0,0,0,0,0,0,0,0,0	24
3	136	UNCOVERED			0	0	0,0,0,0,0,0,0,0,0,0,0,0,0	24
3	137	UNCOVERED			0	0	0,0,0,0,0,0,0,0,0,0,0,0,0	24
3	138	UNCOVERED			0	0	0,0,0,0,0,0,0,0,0,0,0,0,0	24
3	139	CERTIFIED_DEFICIT	1219,1573	1,1	2	1	0,0,0,0,0,0,0,0,0,0,0,0,1	24
3	140	CERTIFIED_DEFICIT	1199,1205	1,1	2	1	0,0,0,0,0,0,0,0,0,0,0,0,1	24
3	141	UNCOVERED			0	0	0,0,0,0,0,0,0,0,0,0,0,0,0	24
3	142	UNCOVERED			0	0	0,0,0,0,0,0,0,0,0,0,0,0,0	24
3	143	UNCOVERED			0	0	0,0,0,0,0,0,0,0,0,0,0,0,0	24
3	144	CERTIFIED_DEFICIT	1231,1259,1327	1,1,1	3	2	0,0,0,0,0,0,0,0,0,0,0,1,1	24
3	145	CERTIFIED_DEFICIT	1327	1	1	0	0,0,0,0,0,0,0,0,0,0,0,0,0	0
3	146	UNCOVERED			0	0	0,0,0,0,0,0,0,0,0,0,0,0,0	24
3	147	UNCOVERED			0	0	0,0,0,0,0,0,0,0,0,0,0,0,0	24
3	148	CERTIFIED_DEFICIT	1249,1543	1,1	2	1	0,0,0,0,0,0,0,0,0,0,0,0,1	24
3	149	CERTIFIED_DEFICIT	1273	1	1	0	0,0,0,0,0,0,0,0,0,0,0,0,0	0
3	150	UNCOVERED			0	0	0,0,0,0,0,0,0,0,0,0,0,0,0	24
3	151	UNCOVERED			0	0	0,0,0,0,0,0,0,0,0,0,0,0,0	24
3	152	CERTIFIED_DEFICIT	1237	1	1	0	0,0,0,0,0,0,0,0,0,0,0,0,0	0
3	153	UNCOVERED			0	0	0,0,0,0,0,0,0,0,0,0,0,0,0	24
3	154	CERTIFIED_DEFICIT	1229,1247	1,1	2	1	0,0,0,0,0,0,0,0,0,0,0,0,1	24
3	155	CERTIFIED_DEFICIT	1227,1241	1,1	2	1	0,0,0,0,0,0,0,0,0,0,0,0,1	24
3	156	CERTIFIED_DEFICIT	1638	1	1	0	0,0,0,0,0,0,0,0,0,0,0,0,0	0
3	157	CERTIFIED_DEFICIT	1638	1	1	0	0,0,0,0,0,0,0,0,0,0,0,0,0	0
3	158	CERTIFIED_DEFICIT	1638	1	1	0	0,0,0,0,0,0,0,0,0,0,0,0,0	0
3	159	CERTIFIED_DEFICIT	1638	1	1	0	0,0,0,0,0,0,0,0,0,0,0,0,0	0
3	160	CERTIFIED_DEFICIT	1638	1	1	0	0,0,0,0,0,0,0,0,0,0,0,0,0	0
3	161	CERTIFIED_DEFICIT	1638	1	1	0	0,0,0,0,0,0,0,0,0,0,0,0,0	0
3	162	CERTIFIED_DEFICIT	1638	1	1	0	0,0,0,0,0,0,0,0,0,0,0,0,0	0
3	163	CERTIFIED_DEFICIT	1638	1	1	0	0,0,0,0,0,0,0,0,0,0,0,0,0	0
3	164	CERTIFIED_DEFICIT	1638	1	1	0	0,0,0,0,0,0,0,0,0,0,0,0,0	0
3	165	CERTIFIED_DEFICIT	1638	1	1	0	0,0,0,0,0,0,0,0,0,0,0,0,0	0
3	166	CERTIFIED_DEFICIT	1638	1	1	0	0,0,0,0,0,0,0,0,0,0,0,0,0	0
3	167	CERTIFIED_DEFICIT	1638	1	1	0	0,0,0,0,0,0,0,0,0,0,0,0,0	0
3	168	CERTIFIED_DEFICIT	1638	1	1	0	0,0,0,0,0,0,0,0,0,0,0,0,0	0
3	169	CERTIFIED_DEFICIT	1638	1	1	0	0,0,0,0,0,0,0,0,0,0,0,0,0	0
3	170	CERTIFIED_DEFICIT	1638	1	1	0	0,0,0,0,0,0,0,0,0,0,0,0,0	0
3	171	CERTIFIED_DEFICIT	1638	1	1	0	0,0,0,0,0,0,0,0,0,0,0,0,0	0
3	172	CERTIFIED_DEFICIT	1638	1	1	0	0,0,0,0,0,0,0,0,0,0,0,0,0	0
3	173	CERTIFIED_DEFICIT	1638	1	1	0	0,0,0,0,0,0,0,0,0,0,0,0,0	0
3	174	CERTIFIED_DEFICIT	1638	1	1	0	0,0,0,0,0,0,0,0,0,0,0,0,0	0
3	175	CERTIFIED_DEFICIT	1638	1	1	0	0,0,0,0,0,0,0,0,0,0,0,0,0	0
3	176	CERTIFIED_DEFICIT	1638	1	1	0	0,0,0,0,0,0,0,0,0,0,0,0,0	0
3	177	CERTIFIED_DEFICIT	1638	1	1	0	0,0,0,0,0,0,0,0,0,0,0,0,0	0
3	178	CERTIFIED_DEFICIT	1638	1	1	0	0,0,0,0,0,0,0,0,0,0,0,0,0	0
3	179	CERTIFIED_DEFICIT	1638	1	1	0	0,0,0,0,0,0,0,0,0,0,0,0,0	0
3	180	CERTIFIED_DEFICIT	1638	1	1	0	0,0,0,0,0,0,0,0,0,0,0,0,0	0
3	181	CERTIFIED_DEFICIT	1638	1	1	0	0,0,0,0,0,0,0,0,0,0,0,0,0	0
3	182	CERTIFIED_DEFICIT	1638	1	1	0	0,0,0,0,0,0,0,0,0,0,0,0,0	0
3	183	CERTIFIED_DEFICIT	1638	1	1	0	0,0,0,0,0,0,0,0,0,0,0,0,0	0
3	184	CERTIFIED_DEFICIT	1638	1	1	0	0,0,0,0,0,0,0,0,0,0,0,0,0	0
3	185	CERTIFIED_DEFICIT	1638	1	1	0	0,0,0,0,0,0,0,0,0,0,0,0,0	0
3	186	CERTIFIED_DEFICIT	1638	1	1	0	0,0,0,0,0,0,0,0,0,0,0,0,0	0
3	187	CERTIFIED_DEFICIT	1638	1	1	0	0,0,0,0,0,0,0,0,0,0,0,0,0	0
3	188	CERTIFIED_DEFICIT	1638	1	1	0	0,0,0,0,0,0,0,0,0,0,0,0,0	0
3	189	CERTIFIED_DEFICIT	1638	1	1	0	0,0,0,0,0,0,0,0,0,0,0,0,0	0
3	190	CERTIFIED_DEFICIT	1638	1	1	0	0,0,0,0,0,0,0,0,0,0,0,0,0	0
3	191	CERTIFIED_DEFICIT	1638	1	1	0	0,0,0,0,0,0,0,0,0,0,0,0,0	0
3	192	CERTIFIED_DEFICIT	1638	1	1	0	0,0,0,0,0,0,0,0,0,0,0,0,0	0
3	193	CERTIFIED_DEFICIT	1638	1	1	0	0,0,0,0,0,0,0,0,0,0,0,0,0	0
3	194	CERTIFIED_DEFICIT	1638	1	1	0	0,0,0,0,0,0,0,0,0,0,0,0,0	0
3	195	CERTIFIED_DEFICIT	1638	1	1	0	0,0,0,0,0,0,0,0,0,0,0,0,0	0
3	196	CERTIFIED_DEFICIT	1638	1	1	0	0,0,0,0,0,0,0,0,0,0,0,0,0	0
3	197	CERTIFIED_DEFICIT	1638	1	1	0	0,0,0,0,0,0,0,0,0,0,0,0,0	0
3	198	CERTIFIED_DEFICIT	1638	1	1	0	0,0,0,0,0,0,0,0,0,0,0,0,0	0
3	199	CERTIFIED_DEFICIT	1638	1	1	0	0,0,0,0,0,0,0,0,0,0,0,0,0	0
3	200	CERTIFIED_DEFICIT	1638	1	1	0	0,0,0,0,0,0,0,0,0,0,0,0,0	0
3	201	CERTIFIED_DEFICIT	1638	1	1	0	0,0,0,0,0,0,0,0,0,0,0,0,0	0
3	202	CERTIFIED_DEFICIT	1638	1	1	0	0,0,0,0,0,0,0,0,0,0,0,0,0	0
3	203	CERTIFIED_DEFICIT	1638	1	1	0	0,0,0,0,0,0,0,0,0,0,0,0,0	0
3	204	CERTIFIED_DEFICIT	1638	1	1	0	0,0,0,0,0,0,0,0,0,0,0,0,0	0
3	205	CERTIFIED_DEFICIT	1638	1	1	0	0,0,0,0,0,0,0,0,0,0,0,0,0	0
3	206	CERTIFIED_DEFICIT	1638	1	1	0	0,0,0,0,0,0,0,0,0,0,0,0,0	0
3	207	CERTIFIED_DEFICIT	1638	1	1	0	0,0,0,0,0,0,0,0,0,0,0,0,0	0
3	208	CERTIFIED_DEFICIT	1638	1	1	0	0,0,0,0,0,0,0,0,0,0,0,0,0	0
3	209	CERTIFIED_DEFICIT	1638	1	1	0	0,0,0,0,0,0,0,0,0,0,0,0,0	0
3	210	CERTIFIED_DEFICIT	1638	1	1	0	0,0,0,0,0,0,0,0,0,0,0,0,0	0
3	211	CERTIFIED_DEFICIT	1638	1	1	0	0,0,0,0,0,0,0,0,0,0,0,0,0	0
3	212	CERTIFIED_DEFICIT	1313	1	1	0	0,0,0,0,0,0,0,0,0,0,0,0,0	0
3	213	CERTIFIED_DEFICIT	1638	1	1	0	0,0,0,0,0,0,0,0,0,0,0,0,0	0
3	214	CERTIFIED_DEFICIT	1638	1	1	0	0,0,0,0,0,0,0,0,0,0,0,0,0	0
3	215	CERTIFIED_DEFICIT	1638	1	1	0	0,0,0,0,0,0,0,0,0,0,0,0,0	0
3	216	CERTIFIED_DEFICIT	1638	1	1	0	0,0,0,0,0,0,0,0,0,0,0,0,0	0
3	217	CERTIFIED_DEFICIT	1638	1	1	0	0,0,0,0,0,0,0,0,0,0,0,0,0	0
3	218	CERTIFIED_DEFICIT	1638	1	1	0	0,0,0,0,0,0,0,0,0,0,0,0,0	0
3	219	CERTIFIED_DEFICIT	1638	1	1	0	0,0,0,0,0,0,0,0,0,0,0,0,0	0
3	220	CERTIFIED_DEFICIT	1638	1	1	0	0,0,0,0,0,0,0,0,0,0,0,0,0	0
3	221	CERTIFIED_DEFICIT	1638	1	1	0	0,0,0,0,0,0,0,0,0,0,0,0,0	0
3	222	CERTIFIED_DEFICIT	1638	1	1	0	0,0,0,0,0,0,0,0,0,0,0,0,0	0
3	223	CERTIFIED_DEFICIT	1327	1	1	0	0,0,0,0,0,0,0,0,0,0,0,0,0	0
3	224	CERTIFIED_DEFICIT	1638	1	1	0	0,0,0,0,0,0,0,0,0,0,0,0,0	0
3	225	CERTIFIED_DEFICIT	1638	1	1	0	0,0,0,0,0,0,0,0,0,0,0,0,0	0
3	226	CERTIFIED_DEFICIT	1638	1	1	0	0,0,0,0,0,0,0,0,0,0,0,0,0	0
3	227	CERTIFIED_DEFICIT	1273	1	1	0	0,0,0,0,0,0,0,0,0,0,0,0,0	0
3	228	CERTIFIED_DEFICIT	1638	1	1	0	0,0,0,0,0,0,0,0,0,0,0,0,0	0
3	229	CERTIFIED_DEFICIT	1638	1	1	0	0,0,0,0,0,0,0,0,0,0,0,0,0	0
3	230	CERTIFIED_DEFICIT	1237	1	1	0	0,0,0,0,0,0,0,0,0,0,0,0,0	0
3	231	CERTIFIED_DEFICIT	1638	1	1	0	0,0,0,0,0,0,0,0,0,0,0,0,0	0
3	232	CERTIFIED_DEFICIT	1638	1	1	0	0,0,0,0,0,0,0,0,0,0,0,0,0	0
3	233	CERTIFIED_DEFICIT	1638	1	1	0	0,0,0,0,0,0,0,0,0,0,0,0,0	0
3	234	CERTIFIED_DEFICIT	1862	1	1	0	0,0,0,0,0,0,0,0,0,0,0,0,0	0
3	235	CERTIFIED_DEFICIT	1862	1	1	0	0,0,0,0,0,0,0,0,0,0,0,0,0	0
3	236	CERTIFIED_DEFICIT	1862	1	1	0	0,0,0,0,0,0,0,0,0,0,0,0,0	0
3	237	CERTIFIED_DEFICIT	1862	1	1	0	0,0,0,0,0,0,0,0,0,0,0,0,0	0
3	238	CERTIFIED_DEFICIT	1862	1	1	0	0,0,0,0,0,0,0,0,0,0,0,0,0	0
3	239	CERTIFIED_DEFICIT	1862	1	1	0	0,0,0,0,0,0,0,0,0,0,0,0,0	0
3	240	CERTIFIED_DEFICIT	1862	1	1	0	0,0,0,0,0,0,0,0,0,0,0,0,0	0
3	241	CERTIFIED_DEFICIT	1862	1	1	0	0,0,0,0,0,0,0,0,0,0,0,0,0	0
3	242	CERTIFIED_DEFICIT	1862	1	1	0	0,0,0,0,0,0,0,0,0,0,0,0,0	0
3	243	CERTIFIED_DEFICIT	1862	1	1	0	0,0,0,0,0,0,0,0,0,0,0,0,0	0
3	244	CERTIFIED_DEFICIT	1862	1	1	0	0,0,0,0,0,0,0,0,0,0,0,0,0	0
3	245	CERTIFIED_DEFICIT	1862	1	1	0	0,0,0,0,0,0,0,0,0,0,0,0,0	0
3	246	CERTIFIED_DEFICIT	1862	1	1	0	0,0,0,0,0,0,0,0,0,0,0,0,0	0
3	247	CERTIFIED_DEFICIT	1862	1	1	0	0,0,0,0,0,0,0,0,0,0,0,0,0	0
3	248	CERTIFIED_DEFICIT	1862	1	1	0	0,0,0,0,0,0,0,0,0,0,0,0,0	0
3	249	CERTIFIED_DEFICIT	1862	1	1	0	0,0,0,0,0,0,0,0,0,0,0,0,0	0
3	250	CERTIFIED_DEFICIT	1862	1	1	0	0,0,0,0,0,0,0,0,0,0,0,0,0	0
3	251	CERTIFIED_DEFICIT	1862	1	1	0	0,0,0,0,0,0,0,0,0,0,0,0,0	0
3	252	CERTIFIED_DEFICIT	1862	1	1	0	0,0,0,0,0,0,0,0,0,0,0,0,0	0
3	253	CERTIFIED_DEFICIT	1862	1	1	0	0,0,0,0,0,0,0,0,0,0,0,0,0	0
3	254	CERTIFIED_DEFICIT	1862	1	1	0	0,0,0,0,0,0,0,0,0,0,0,0,0	0
3	255	CERTIFIED_DEFICIT	1862	1	1	0	0,0,0,0,0,0,0,0,0,0,0,0,0	0
3	256	CERTIFIED_DEFICIT	1862	1	1	0	0,0,0,0,0,0,0,0,0,0,0,0,0	0
3	257	CERTIFIED_DEFICIT	1862	1	1	0	0,0,0,0,0,0,0,0,0,0,0,0,0	0
3	258	CERTIFIED_DEFICIT	1862	1	1	0	0,0,0,0,0,0,0,0,0,0,0,0,0	0
3	259	CERTIFIED_DEFICIT	1862	1	1	0	0,0,0,0,0,0,0,0,0,0,0,0,0	0
3	260	CERTIFIED_DEFICIT	1862	1	1	0	0,0,0,0,0,0,0,0,0,0,0,0,0	0
3	261	CERTIFIED_DEFICIT	1862	1	1	0	0,0,0,0,0,0,0,0,0,0,0,0,0	0
3	262	CERTIFIED_DEFICIT	1862	1	1	0	0,0,0,0,0,0,0,0,0,0,0,0,0	0
3	263	CERTIFIED_DEFICIT	1862	1	1	0	0,0,0,0,0,0,0,0,0,0,0,0,0	0
3	264	CERTIFIED_DEFICIT	1862	1	1	0	0,0,0,0,0,0,0,0,0,0,0,0,0	0
3	265	CERTIFIED_DEFICIT	1862	1	1	0	0,0,0,0,0,0,0,0,0,0,0,0,0	0
3	266	CERTIFIED_DEFICIT	1862	1	1	0	0,0,0,0,0,0,0,0,0,0,0,0,0	0
3	267	CERTIFIED_DEFICIT	1862	1	1	0	0,0,0,0,0,0,0,0,0,0,0,0,0	0
3	268	CERTIFIED_DEFICIT	1862	1	1	0	0,0,0,0,0,0,0,0,0,0,0,0,0	0
3	269	CERTIFIED_DEFICIT	1862	1	1	0	0,0,0,0,0,0,0,0,0,0,0,0,0	0
3	270	CERTIFIED_DEFICIT	1862	1	1	0	0,0,0,0,0,0,0,0,0,0,0,0,0	0
3	271	CERTIFIED_DEFICIT	1862	1	1	0	0,0,0,0,0,0,0,0,0,0,0,0,0	0
3	272	CERTIFIED_DEFICIT	1862	1	1	0	0,0,0,0,0,0,0,0,0,0,0,0,0	0
3	273	CERTIFIED_DEFICIT	1862	1	1	0	0,0,0,0,0,0,0,0,0,0,0,0,0	0
3	274	CERTIFIED_DEFICIT	1862	1	1	0	0,0,0,0,0,0,0,0,0,0,0,0,0	0
3	275	CERTIFIED_DEFICIT	1862	1	1	0	0,0,0,0,0,0,0,0,0,0,0,0,0	0
3	276	CERTIFIED_DEFICIT	1862	1	1	0	0,0,0,0,0,0,0,0,0,0,0,0,0	0
3	277	CERTIFIED_DEFICIT	1862	1	1	0	0,0,0,0,0,0,0,0,0,0,0,0,0	0
3	278	CERTIFIED_DEFICIT	1862	1	1	0	0,0,0,0,0,0,0,0,0,0,0,0,0	0
3	279	CERTIFIED_DEFICIT	1862	1	1	0	0,0,0,0,0,0,0,0,0,0,0,0,0	0
3	280	CERTIFIED_DEFICIT	1862	1	1	0	0,0,0,0,0,0,0,0,0,0,0,0,0	0
3	281	CERTIFIED_DEFICIT	1862	1	1	0	0,0,0,0,0,0,0,0,0,0,0,0,0	0
3	282	CERTIFIED_DEFICIT	1862	1	1	0	0,0,0,0,0,0,0,0,0,0,0,0,0	0
3	283	CERTIFIED_DEFICIT	1862	1	1	0	0,0,0,0,0,0,0,0,0,0,0,0,0	0
3	284	CERTIFIED_DEFICIT	1862	1	1	0	0,0,0,0,0,0,0,0,0,0,0,0,0	0
3	285	CERTIFIED_DEFICIT	1862	1	1	0	0,0,0,0,0,0,0,0,0,0,0,0,0	0
3	286	CERTIFIED_DEFICIT	1862	1	1	0	0,0,0,0,0,0,0,0,0,0,0,0,0	0
3	287	CERTIFIED_DEFICIT	1862	1	1	0	0,0,0,0,0,0,0,0,0,0,0,0,0	0
3	288	CERTIFIED_DEFICIT	1862	1	1	0	0,0,0,0,0,0,0,0,0,0,0,0,0	0
3	289	CERTIFIED_DEFICIT	1862	1	1	0	0,0,0,0,0,0,0,0,0,0,0,0,0	0
3	290	CERTIFIED_DEFICIT	1313	1	1	0	0,0,0,0,0,0,0,0,0,0,0,0,0	0
3	291	CERTIFIED_DEFICIT	1862	1	1	0	0,0,0,0,0,0,0,0,0,0,0,0,0	0
3	292	CERTIFIED_DEFICIT	1862	1	1	0	0,0,0,0,0,0,0,0,0,0,0,0,0	0
3	293	CERTIFIED_DEFICIT	1862	1	1	0	0,0,0,0,0,0,0,0,0,0,0,0,0	0
3	294	CERTIFIED_DEFICIT	1862	1	1	0	0,0,0,0,0,0,0,0,0,0,0,0,0	0
3	295	CERTIFIED_DEFICIT	1862	1	1	0	0,0,0,0,0,0,0,0,0,0,0,0,0	0
3	296	CERTIFIED_DEFICIT	1862	1	1	0	0,0,0,0,0,0,0,0,0,0,0,0,0	0
3	297	CERTIFIED_DEFICIT	1862	1	1	0	0,0,0,0,0,0,0,0,0,0,0,0,0	0
3	298	CERTIFIED_DEFICIT	1862	1	1	0	0,0,0,0,0,0,0,0,0,0,0,0,0	0
3	299	CERTIFIED_DEFICIT	1862	1	1	0	0,0,0,0,0,0,0,0,0,0,0,0,0	0
3	300	CERTIFIED_DEFICIT	1862	1	1	0	0,0,0,0,0,0,0,0,0,0,0,0,0	0
3	301	CERTIFIED_DEFICIT	1327	1	1	0	0,0,0,0,0,0,0,0,0,0,0,0,0	0
3	302	CERTIFIED_DEFICIT	1862	1	1	0	0,0,0,0,0,0,0,0,0,0,0,0,0	0
3	303	CERTIFIED_DEFICIT	1862	1	1	0	0,0,0,0,0,0,0,0,0,0,0,0,0	0
3	304	CERTIFIED_DEFICIT	1862	1	1	0	0,0,0,0,0,0,0,0,0,0,0,0,0	0
3	305	CERTIFIED_DEFICIT	1273	1	1	0	0,0,0,0,0,0,0,0,0,0,0,0,0	0
3	306	CERTIFIED_DEFICIT	1862	1	1	0	0,0,0,0,0,0,0,0,0,0,0,0,0	0
3	307	CERTIFIED_DEFICIT	1862	1	1	0	0,0,0,0,0,0,0,0,0,0,0,0,0	0
3	308	CERTIFIED_DEFICIT	1237	1	1	0	0,0,0,0,0,0,0,0,0,0,0,0,0	0
3	309	CERTIFIED_DEFICIT	1862	1	1	0	0,0,0,0,0,0,0,0,0,0,0,0,0	0
3	310	CERTIFIED_DEFICIT	1862	1	1	0	0,0,0,0,0,0,0,0,0,0,0,0,0	0
3	311	CERTIFIED_DEFICIT	1862	1	1	0	0,0,0,0,0,0,0,0,0,0,0,0,0	0
3	312	UNCOVERED			0	0	0,0,0,0,0,0,0,0,0,0,0,0,0	24
3	313	UNCOVERED			0	0	0,0,0,0,0,0,0,0,0,0,0,0,0	24
3	314	UNCOVERED			0	0	0,0,0,0,0,0,0,0,0,0,0,0,0	24
3	315	UNCOVERED			0	0	0,0,0,0,0,0,0,0,0,0,0,0,0	24
3	316	UNCOVERED			0	0	0,0,0,0,0,0,0,0,0,0,0,0,0	24
3	317	UNCOVERED			0	0	0,0,0,0,0,0,0,0,0,0,0,0,0	24
3	318	UNCOVERED			0	0	0,0,0,0,0,0,0,0,0,0,0,0,0	24
3	319	UNCOVERED			0	0	0,0,0,0,0,0,0,0,0,0,0,0,0	24
3	320	UNCOVERED			0	0	0,0,0,0,0,0,0,0,0,0,0,0,0	24
3	321	UNCOVERED			0	0	0,0,0,0,0,0,0,0,0,0,0,0,0	24
3	322	UNCOVERED			0	0	0,0,0,0,0,0,0,0,0,0,0,0,0	24
3	323	CERTIFIED_DEFICIT	1233,1443	1,1	2	1	1,0,0,0,0,0,0,0,0,0,0,0,0	24
3	324	UNCOVERED			0	0	0,0,0,0,0,0,0,0,0,0,0,0,0	24
3	325	UNCOVERED			0	0	0,0,0,0,0,0,0,0,0,0,0,0,0	24
3	326	UNCOVERED			0	0	0,0,0,0,0,0,0,0,0,0,0,0,0	24
3	327	UNCOVERED			0	0	0,0,0,0,0,0,0,0,0,0,0,0,0	24
3	328	UNCOVERED			0	0	0,0,0,0,0,0,0,0,0,0,0,0,0	24
3	329	UNCOVERED			0	0	0,0,0,0,0,0,0,0,0,0,0,0,0	24
3	330	UNCOVERED			0	0	0,0,0,0,0,0,0,0,0,0,0,0,0	24
3	331	UNCOVERED			0	0	0,0,0,0,0,0,0,0,0,0,0,0,0	24
3	332	UNCOVERED			0	0	0,0,0,0,0,0,0,0,0,0,0,0,0	24
3	333	UNCOVERED			0	0	0,0,0,0,0,0,0,0,0,0,0,0,0	24
3	334	CERTIFIED_DEFICIT	1233,1443	1,1	2	1	0,1,0,0,0,0,0,0,0,0,0,0,0	24
3	335	UNCOVERED			0	0	0,0,0,0,0,0,0,0,0,0,0,0,0	24
3	336	UNCOVERED			0	0	0,0,0,0,0,0,0,0,0,0,0,0,0	24
3	337	UNCOVERED			0	0	0,0,0,0,0,0,0,0,0,0,0,0,0	24
3	338	UNCOVERED			0	0	0,0,0,0,0,0,0,0,0,0,0,0,0	24
3	339	UNCOVERED			0	0	0,0,0,0,0,0,0,0,0,0,0,0,0	24
3	340	UNCOVERED			0	0	0,0,0,0,0,0,0,0,0,0,0,0,0	24
3	341	UNCOVERED			0	0	0,0,0,0,0,0,0,0,0,0,0,0,0	24
3	342	UNCOVERED			0	0	0,0,0,0,0,0,0,0,0,0,0,0,0	24
3	343	UNCOVERED			0	0	0,0,0,0,0,0,0,0,0,0,0,0,0	24
3	344	CERTIFIED_DEFICIT	1233,1349	1,1	2	1	0,0,1,0,0,0,0,0,0,0,0,0,0	24
3	345	UNCOVERED			0	0	0,0,0,0,0,0,0,0,0,0,0,0,0	24
3	346	UNCOVERED			0	0	0,0,0,0,0,0,0,0,0,0,0,0,0	24
3	347	UNCOVERED			0	0	0,0,0,0,0,0,0,0,0,0,0,0,0	24
3	348	UNCOVERED			0	0	0,0,0,0,0,0,0,0,0,0,0,0,0	24
3	349	UNCOVERED			0	0	0,0,0,0,0,0,0,0,0,0,0,0,0	24
3	350	UNCOVERED			0	0	0,0,0,0,0,0,0,0,0,0,0,0,0	24
3	351	UNCOVERED			0	0	0,0,0,0,0,0,0,0,0,0,0,0,0	24
3	352	CERTIFIED_DEFICIT	1367,1381	1,1	2	1	0,0,0,0,0,0,0,0,0,0,0,0,1	24
3	353	CERTIFIED_DEFICIT	1233,1291	1,1	2	1	0,0,0,1,0,0,0,0,0,0,0,0,0	24
3	354	UNCOVERED			0	0	0,0,0,0,0,0,0,0,0,0,0,0,0	24
3	355	UNCOVERED			0	0	0,0,0,0,0,0,0,0,0,0,0,0,0	24
3	356	UNCOVERED			0	0	0,0,0,0,0,0,0,0,0,0,0,0,0	24
3	357	UNCOVERED			0	0	0,0,0,0,0,0,0,0,0,0,0,0,0	24
3	358	UNCOVERED			0	0	0,0,0,0,0,0,0,0,0,0,0,0,0	24
3	359	UNCOVERED			0	0	0,0,0,0,0,0,0,0,0,0,0,0,0	24
3	360	UNCOVERED			0	0	0,0,0,0,0,0,0,0,0,0,0,0,0	24
3	361	CERTIFIED_DEFICIT	1233,1255	1,1	2	1	0,0,0,0,1,0,0,0,0,0,0,0,0	24
3	362	UNCOVERED			0	0	0,0,0,0,0,0,0,0,0,0,0,0,0	24
3	363	UNCOVERED			0	0	0,0,0,0,0,0,0,0,0,0,0,0,0	24
3	364	UNCOVERED			0	0	0,0,0,0,0,0,0,0,0,0,0,0,0	24
3	365	UNCOVERED			0	0	0,0,0,0,0,0,0,0,0,0,0,0,0	24
3	366	UNCOVERED			0	0	0,0,0,0,0,0,0,0,0,0,0,0,0	24
3	367	CERTIFIED_DEFICIT	1271,1285	1,1	2	1	0,0,0,0,0,0,0,0,0,0,0,0,1	24
3	368	CERTIFIED_DEFICIT	1313	1	1	0	0,0,0,0,0,0,0,0,0,0,0,0,0	0
3	369	UNCOVERED			0	0	0,0,0,0,0,0,0,0,0,0,0,0,0	24
3	370	UNCOVERED			0	0	0,0,0,0,0,0,0,0,0,0,0,0,0	24
3	371	UNCOVERED			0	0	0,0,0,0,0,0,0,0,0,0,0,0,0	24
3	372	UNCOVERED			0	0	0,0,0,0,0,0,0,0,0,0,0,0,0	24
3	373	CERTIFIED_DEFICIT	1219,1573	1,1	2	1	0,0,0,0,0,0,0,0,0,0,0,0,1	24
3	374	CERTIFIED_DEFICIT	1199,1205	1,1	2	1	0,0,0,0,0,0,0,0,0,0,0,0,1	24
3	375	UNCOVERED			0	0	0,0,0,0,0,0,0,0,0,0,0,0,0	24
3	376	UNCOVERED			0	0	0,0,0,0,0,0,0,0,0,0,0,0,0	24
3	377	UNCOVERED			0	0	0,0,0,0,0,0,0,0,0,0,0,0,0	24
3	378	UNCOVERED			0	0	0,0,0,0,0,0,0,0,0,0,0,0,0	24
3	379	CERTIFIED_DEFICIT	1327	1	1	0	0,0,0,0,0,0,0,0,0,0,0,0,0	0
3	380	UNCOVERED			0	0	0,0,0,0,0,0,0,0,0,0,0,0,0	24
3	381	UNCOVERED			0	0	0,0,0,0,0,0,0,0,0,0,0,0,0	24
3	382	CERTIFIED_DEFICIT	1249,1543	1,1	2	1	0,0,0,0,0,0,0,0,0,0,0,0,1	24
3	383	CERTIFIED_DEFICIT	1273	1	1	0	0,0,0,0,0,0,0,0,0,0,0,0,0	0
3	384	UNCOVERED			0	0	0,0,0,0,0,0,0,0,0,0,0,0,0	24
3	385	UNCOVERED			0	0	0,0,0,0,0,0,0,0,0,0,0,0,0	24
3	386	CERTIFIED_DEFICIT	1237	1	1	0	0,0,0,0,0,0,0,0,0,0,0,0,0	0
3	387	UNCOVERED			0	0	0,0,0,0,0,0,0,0,0,0,0,0,0	24
3	388	CERTIFIED_DEFICIT	1229,1247	1,1	2	1	0,0,0,0,0,0,0,0,0,0,0,0,1	24
3	389	CERTIFIED_DEFICIT	1227,1241	1,1	2	1	0,0,0,0,0,0,0,0,0,0,0,0,1	24
3	390	CERTIFIED_DEFICIT	2184	1	1	0	0,0,0,0,0,0,0,0,0,0,0,0,0	0
3	391	CERTIFIED_DEFICIT	2184	1	1	0	0,0,0,0,0,0,0,0,0,0,0,0,0	0
3	392	CERTIFIED_DEFICIT	2184	1	1	0	0,0,0,0,0,0,0,0,0,0,0,0,0	0
3	393	CERTIFIED_DEFICIT	2184	1	1	0	0,0,0,0,0,0,0,0,0,0,0,0,0	0
3	394	CERTIFIED_DEFICIT	2184	1	1	0	0,0,0,0,0,0,0,0,0,0,0,0,0	0
3	395	CERTIFIED_DEFICIT	2184	1	1	0	0,0,0,0,0,0,0,0,0,0,0,0,0	0
3	396	CERTIFIED_DEFICIT	2184	1	1	0	0,0,0,0,0,0,0,0,0,0,0,0,0	0
3	397	CERTIFIED_DEFICIT	2184	1	1	0	0,0,0,0,0,0,0,0,0,0,0,0,0	0
3	398	CERTIFIED_DEFICIT	2184	1	1	0	0,0,0,0,0,0,0,0,0,0,0,0,0	0
3	399	CERTIFIED_DEFICIT	2184	1	1	0	0,0,0,0,0,0,0,0,0,0,0,0,0	0
3	400	CERTIFIED_DEFICIT	2184	1	1	0	0,0,0,0,0,0,0,0,0,0,0,0,0	0
3	401	CERTIFIED_DEFICIT	2184	1	1	0	0,0,0,0,0,0,0,0,0,0,0,0,0	0
3	402	CERTIFIED_DEFICIT	2184	1	1	0	0,0,0,0,0,0,0,0,0,0,0,0,0	0
3	403	CERTIFIED_DEFICIT	2184	1	1	0	0,0,0,0,0,0,0,0,0,0,0,0,0	0
3	404	CERTIFIED_DEFICIT	2184	1	1	0	0,0,0,0,0,0,0,0,0,0,0,0,0	0
3	405	CERTIFIED_DEFICIT	2184	1	1	0	0,0,0,0,0,0,0,0,0,0,0,0,0	0
3	406	CERTIFIED_DEFICIT	2184	1	1	0	0,0,0,0,0,0,0,0,0,0,0,0,0	0
3	407	CERTIFIED_DEFICIT	2184	1	1	0	0,0,0,0,0,0,0,0,0,0,0,0,0	0
3	408	CERTIFIED_DEFICIT	2184	1	1	0	0,0,0,0,0,0,0,0,0,0,0,0,0	0
3	409	CERTIFIED_DEFICIT	2184	1	1	0	0,0,0,0,0,0,0,0,0,0,0,0,0	0
3	410	CERTIFIED_DEFICIT	2184	1	1	0	0,0,0,0,0,0,0,0,0,0,0,0,0	0
3	411	CERTIFIED_DEFICIT	2184	1	1	0	0,0,0,0,0,0,0,0,0,0,0,0,0	0
3	412	CERTIFIED_DEFICIT	2184	1	1	0	0,0,0,0,0,0,0,0,0,0,0,0,0	0
3	413	CERTIFIED_DEFICIT	2184	1	1	0	0,0,0,0,0,0,0,0,0,0,0,0,0	0
3	414	CERTIFIED_DEFICIT	2184	1	1	0	0,0,0,0,0,0,0,0,0,0,0,0,0	0
3	415	CERTIFIED_DEFICIT	2184	1	1	0	0,0,0,0,0,0,0,0,0,0,0,0,0	0
3	416	CERTIFIED_DEFICIT	2184	1	1	0	0,0,0,0,0,0,0,0,0,0,0,0,0	0
3	417	CERTIFIED_DEFICIT	2184	1	1	0	0,0,0,0,0,0,0,0,0,0,0,0,0	0
3	418	CERTIFIED_DEFICIT	2184	1	1	0	0,0,0,0,0,0,0,0,0,0,0,0,0	0
3	419	CERTIFIED_DEFICIT	2184	1	1	0	0,0,0,0,0,0,0,0,0,0,0,0,0	0
3	420	CERTIFIED_DEFICIT	2184	1	1	0	0,0,0,0,0,0,0,0,0,0,0,0,0	0
3	421	CERTIFIED_DEFICIT	2184	1	1	0	0,0,0,0,0,0,0,0,0,0,0,0,0	0
3	422	CERTIFIED_DEFICIT	2184	1	1	0	0,0,0,0,0,0,0,0,0,0,0,0,0	0
3	423	CERTIFIED_DEFICIT	2184	1	1	0	0,0,0,0,0,0,0,0,0,0,0,0,0	0
3	424	CERTIFIED_DEFICIT	2184	1	1	0	0,0,0,0,0,0,0,0,0,0,0,0,0	0
3	425	CERTIFIED_DEFICIT	2184	1	1	0	0,0,0,0,0,0,0,0,0,0,0,0,0	0
3	426	CERTIFIED_DEFICIT	2184	1	1	0	0,0,0,0,0,0,0,0,0,0,0,0,0	0
3	427	CERTIFIED_DEFICIT	2184	1	1	0	0,0,0,0,0,0,0,0,0,0,0,0,0	0
3	428	CERTIFIED_DEFICIT	2184	1	1	0	0,0,0,0,0,0,0,0,0,0,0,0,0	0
3	429	CERTIFIED_DEFICIT	2184	1	1	0	0,0,0,0,0,0,0,0,0,0,0,0,0	0
3	430	CERTIFIED_DEFICIT	2184	1	1	0	0,0,0,0,0,0,0,0,0,0,0,0,0	0
3	431	CERTIFIED_DEFICIT	2184	1	1	0	0,0,0,0,0,0,0,0,0,0,0,0,0	0
3	432	CERTIFIED_DEFICIT	2184	1	1	0	0,0,0,0,0,0,0,0,0,0,0,0,0	0
3	433	CERTIFIED_DEFICIT	2184	1	1	0	0,0,0,0,0,0,0,0,0,0,0,0,0	0
3	434	CERTIFIED_DEFICIT	2184	1	1	0	0,0,0,0,0,0,0,0,0,0,0,0,0	0
3	435	CERTIFIED_DEFICIT	2184	1	1	0	0,0,0,0,0,0,0,0,0,0,0,0,0	0
3	436	CERTIFIED_DEFICIT	2184	1	1	0	0,0,0,0,0,0,0,0,0,0,0,0,0	0
3	437	CERTIFIED_DEFICIT	2184	1	1	0	0,0,0,0,0,0,0,0,0,0,0,0,0	0
3	438	CERTIFIED_DEFICIT	2184	1	1	0	0,0,0,0,0,0,0,0,0,0,0,0,0	0
3	439	CERTIFIED_DEFICIT	2184	1	1	0	0,0,0,0,0,0,0,0,0,0,0,0,0	0
3	440	CERTIFIED_DEFICIT	2184	1	1	0	0,0,0,0,0,0,0,0,0,0,0,0,0	0
3	441	CERTIFIED_DEFICIT	2184	1	1	0	0,0,0,0,0,0,0,0,0,0,0,0,0	0
3	442	CERTIFIED_DEFICIT	2184	1	1	0	0,0,0,0,0,0,0,0,0,0,0,0,0	0
3	443	CERTIFIED_DEFICIT	2184	1	1	0	0,0,0,0,0,0,0,0,0,0,0,0,0	0
3	444	CERTIFIED_DEFICIT	2184	1	1	0	0,0,0,0,0,0,0,0,0,0,0,0,0	0
3	445	CERTIFIED_DEFICIT	2184	1	1	0	0,0,0,0,0,0,0,0,0,0,0,0,0	0
3	446	CERTIFIED_DEFICIT	1313	1	1	0	0,0,0,0,0,0,0,0,0,0,0,0,0	0
3	447	CERTIFIED_DEFICIT	2184	1	1	0	0,0,0,0,0,0,0,0,0,0,0,0,0	0
3	448	CERTIFIED_DEFICIT	2184	1	1	0	0,0,0,0,0,0,0,0,0,0,0,0,0	0
3	449	CERTIFIED_DEFICIT	2184	1	1	0	0,0,0,0,0,0,0,0,0,0,0,0,0	0
3	450	CERTIFIED_DEFICIT	2184	1	1	0	0,0,0,0,0,0,0,0,0,0,0,0,0	0
3	451	CERTIFIED_DEFICIT	2184	1	1	0	0,0,0,0,0,0,0,0,0,0,0,0,0	0
3	452	CERTIFIED_DEFICIT	2184	1	1	0	0,0,0,0,0,0,0,0,0,0,0,0,0	0
3	453	CERTIFIED_DEFICIT	2184	1	1	0	0,0,0,0,0,0,0,0,0,0,0,0,0	0
3	454	CERTIFIED_DEFICIT	2184	1	1	0	0,0,0,0,0,0,0,0,0,0,0,0,0	0
3	455	CERTIFIED_DEFICIT	2184	1	1	0	0,0,0,0,0,0,0,0,0,0,0,0,0	0
3	456	CERTIFIED_DEFICIT	2184	1	1	0	0,0,0,0,0,0,0,0,0,0,0,0,0	0
3	457	CERTIFIED_DEFICIT	1327	1	1	0	0,0,0,0,0,0,0,0,0,0,0,0,0	0
3	458	CERTIFIED_DEFICIT	2184	1	1	0	0,0,0,0,0,0,0,0,0,0,0,0,0	0
3	459	CERTIFIED_DEFICIT	2184	1	1	0	0,0,0,0,0,0,0,0,0,0,0,0,0	0
3	460	CERTIFIED_DEFICIT	2184	1	1	0	0,0,0,0,0,0,0,0,0,0,0,0,0	0
3	461	CERTIFIED_DEFICIT	1273	1	1	0	0,0,0,0,0,0,0,0,0,0,0,0,0	0
3	462	CERTIFIED_DEFICIT	2184	1	1	0	0,0,0,0,0,0,0,0,0,0,0,0,0	0
3	463	CERTIFIED_DEFICIT	2184	1	1	0	0,0,0,0,0,0,0,0,0,0,0,0,0	0
3	464	CERTIFIED_DEFICIT	1237	1	1	0	0,0,0,0,0,0,0,0,0,0,0,0,0	0
3	465	CERTIFIED_DEFICIT	2184	1	1	0	0,0,0,0,0,0,0,0,0,0,0,0,0	0
3	466	CERTIFIED_DEFICIT	2184	1	1	0	0,0,0,0,0,0,0,0,0,0,0,0,0	0
3	467	CERTIFIED_DEFICIT	2184	1	1	0	0,0,0,0,0,0,0,0,0,0,0,0,0	0
3	468	CERTIFIED_DEFICIT	1428,2254	1,1	2	1	0,0,0,0,0,0,0,0,0,0,1,0,0	24
3	469	CERTIFIED_DEFICIT	1428,2254	1,1	2	1	0,0,0,0,0,0,0,0,0,0,1,0,0	24
3	470	CERTIFIED_DEFICIT	1428,2254	1,1	2	1	0,0,0,0,0,0,0,0,0,0,1,0,0	24
3	471	CERTIFIED_DEFICIT	1428,2254	1,1	2	1	0,0,0,0,0,0,0,0,0,0,1,0,0	24
3	472	CERTIFIED_DEFICIT	1428,2254	1,1	2	1	0,0,0,0,0,0,0,0,0,0,1,0,0	24
3	473	CERTIFIED_DEFICIT	1428,2254	1,1	2	1	0,0,0,0,0,0,0,0,0,0,1,0,0	24
3	474	CERTIFIED_DEFICIT	1428,2254	1,1	2	1	0,0,0,0,0,0,0,0,0,0,1,0,0	24
3	475	CERTIFIED_DEFICIT	1428,2254	1,1	2	1	0,0,0,0,0,0,0,0,0,0,1,0,0	24
3	476	CERTIFIED_DEFICIT	1428,2254	1,1	2	1	0,0,0,0,0,0,0,0,0,0,1,0,0	24
3	477	CERTIFIED_DEFICIT	1428,2254	1,1	2	1	0,0,0,0,0,0,0,0,0,0,1,0,0	24
3	478	CERTIFIED_DEFICIT	1428,2254	1,1	2	1	0,0,0,0,0,0,0,0,0,0,1,0,0	24
3	479	CERTIFIED_DEFICIT	1233,1443	1,1	2	1	1,0,0,0,0,0,0,0,0,0,0,0,0	24
3	480	CERTIFIED_DEFICIT	1428,2254	1,1	2	1	0,0,0,0,0,0,0,0,0,0,1,0,0	24
3	481	CERTIFIED_DEFICIT	1428,2254	1,1	2	1	0,0,0,0,0,0,0,0,0,0,1,0,0	24
3	482	CERTIFIED_DEFICIT	1428,2254	1,1	2	1	0,0,0,0,0,0,0,0,0,0,1,0,0	24
3	483	CERTIFIED_DEFICIT	1428,2254	1,1	2	1	0,0,0,0,0,0,0,0,0,0,1,0,0	24
3	484	CERTIFIED_DEFICIT	1428,2254	1,1	2	1	0,0,0,0,0,0,0,0,0,0,1,0,0	24
3	485	CERTIFIED_DEFICIT	1428,2254	1,1	2	1	0,0,0,0,0,0,0,0,0,0,1,0,0	24
3	486	CERTIFIED_DEFICIT	1428,2254	1,1	2	1	0,0,0,0,0,0,0,0,0,0,1,0,0	24
3	487	CERTIFIED_DEFICIT	1428,2254	1,1	2	1	0,0,0,0,0,0,0,0,0,0,1,0,0	24
3	488	CERTIFIED_DEFICIT	1428,2254	1,1	2	1	0,0,0,0,0,0,0,0,0,0,1,0,0	24
3	489	CERTIFIED_DEFICIT	1428,2254	1,1	2	1	0,0,0,0,0,0,0,0,0,0,1,0,0	24
3	490	CERTIFIED_DEFICIT	1233,1443	1,1	2	1	0,1,0,0,0,0,0,0,0,0,0,0,0	24
3	491	CERTIFIED_DEFICIT	1428,2254	1,1	2	1	0,0,0,0,0,0,0,0,0,0,1,0,0	24
3	492	CERTIFIED_DEFICIT	1428,2254	1,1	2	1	0,0,0,0,0,0,0,0,0,0,1,0,0	24
3	493	CERTIFIED_DEFICIT	1428,2254	1,1	2	1	0,0,0,0,0,0,0,0,0,0,1,0,0	24
3	494	CERTIFIED_DEFICIT	1428,2254	1,1	2	1	0,0,0,0,0,0,0,0,0,0,1,0,0	24
3	495	CERTIFIED_DEFICIT	1428,2254	1,1	2	1	0,0,0,0,0,0,0,0,0,0,1,0,0	24
3	496	CERTIFIED_DEFICIT	1428,2254	1,1	2	1	0,0,0,0,0,0,0,0,0,0,1,0,0	24
3	497	CERTIFIED_DEFICIT	1428,2254	1,1	2	1	0,0,0,0,0,0,0,0,0,0,1,0,0	24
3	498	CERTIFIED_DEFICIT	1428,2254	1,1	2	1	0,0,0,0,0,0,0,0,0,0,1,0,0	24
3	499	CERTIFIED_DEFICIT	1428,2254	1,1	2	1	0,0,0,0,0,0,0,0,0,0,1,0,0	24
3	500	CERTIFIED_DEFICIT	1233,1349	1,1	2	1	0,0,1,0,0,0,0,0,0,0,0,0,0	24
3	501	CERTIFIED_DEFICIT	1428,2254	1,1	2	1	0,0,0,0,0,0,0,0,0,0,1,0,0	24
3	502	CERTIFIED_DEFICIT	1428,2254	1,1	2	1	0,0,0,0,0,0,0,0,0,0,1,0,0	24
3	503	CERTIFIED_DEFICIT	1428,2254	1,1	2	1	0,0,0,0,0,0,0,0,0,0,1,0,0	24
3	504	CERTIFIED_DEFICIT	1428,2254	1,1	2	1	0,0,0,0,0,0,0,0,0,0,1,0,0	24
3	505	CERTIFIED_DEFICIT	1428,2254	1,1	2	1	0,0,0,0,0,0,0,0,0,0,1,0,0	24
3	506	CERTIFIED_DEFICIT	1428,2254	1,1	2	1	0,0,0,0,0,0,0,0,0,0,1,0,0	24
3	507	CERTIFIED_DEFICIT	1428,2254	1,1	2	1	0,0,0,0,0,0,0,0,0,0,1,0,0	24
3	508	CERTIFIED_DEFICIT	1367,1381	1,1	2	1	0,0,0,0,0,0,0,0,0,0,0,0,1	24
3	509	CERTIFIED_DEFICIT	1198,1240	1,1	2	1	0,0,0,0,0,0,0,0,0,0,0,0,1	24
3	510	CERTIFIED_DEFICIT	1428,2254	1,1	2	1	0,0,0,0,0,0,0,0,0,0,1,0,0	24
3	511	CERTIFIED_DEFICIT	1428,2254	1,1	2	1	0,0,0,0,0,0,0,0,0,0,1,0,0	24
3	512	CERTIFIED_DEFICIT	1428,2254	1,1	2	1	0,0,0,0,0,0,0,0,0,0,1,0,0	24
3	513	CERTIFIED_DEFICIT	1428,2254	1,1	2	1	0,0,0,0,0,0,0,0,0,0,1,0,0	24
3	514	CERTIFIED_DEFICIT	1428,2254	1,1	2	1	0,0,0,0,0,0,0,0,0,0,1,0,0	24
3	515	CERTIFIED_DEFICIT	1428,2254	1,1	2	1	0,0,0,0,0,0,0,0,0,0,1,0,0	24
3	516	CERTIFIED_DEFICIT	1428,2254	1,1	2	1	0,0,0,0,0,0,0,0,0,0,1,0,0	24
3	517	CERTIFIED_DEFICIT	1233,1255	1,1	2	1	0,0,0,0,1,0,0,0,0,0,0,0,0	24
3	518	CERTIFIED_DEFICIT	1428,2254	1,1	2	1	0,0,0,0,0,0,0,0,0,0,1,0,0	24
3	519	CERTIFIED_DEFICIT	1428,2254	1,1	2	1	0,0,0,0,0,0,0,0,0,0,1,0,0	24
3	520	CERTIFIED_DEFICIT	1428,2254	1,1	2	1	0,0,0,0,0,0,0,0,0,0,1,0,0	24
3	521	CERTIFIED_DEFICIT	1428,2254	1,1	2	1	0,0,0,0,0,0,0,0,0,0,1,0,0	24
3	522	CERTIFIED_DEFICIT	1428,2254	1,1	2	1	0,0,0,0,0,0,0,0,0,0,1,0,0	24
3	523	CERTIFIED_DEFICIT	1271,1285	1,1	2	1	0,0,0,0,0,0,0,0,0,0,0,0,1	24
3	524	CERTIFIED_DEFICIT	1313	1	1	0	0,0,0,0,0,0,0,0,0,0,0,0,0	0
3	525	CERTIFIED_DEFICIT	1428,2254	1,1	2	1	0,0,0,0,0,0,0,0,0,0,1,0,0	24
3	526	CERTIFIED_DEFICIT	1428,2254	1,1	2	1	0,0,0,0,0,0,0,0,0,0,1,0,0	24
3	527	CERTIFIED_DEFICIT	1428,2254	1,1	2	1	0,0,0,0,0,0,0,0,0,0,1,0,0	24
3	528	CERTIFIED_DEFICIT	1428,2254	1,1	2	1	0,0,0,0,0,0,0,0,0,0,1,0,0	24
3	529	CERTIFIED_DEFICIT	1219,1573	1,1	2	1	0,0,0,0,0,0,0,0,0,0,0,0,1	24
3	530	CERTIFIED_DEFICIT	1199,1205	1,1	2	1	0,0,0,0,0,0,0,0,0,0,0,0,1	24
3	531	CERTIFIED_DEFICIT	1428,2254	1,1	2	1	0,0,0,0,0,0,0,0,0,0,1,0,0	24
3	532	CERTIFIED_DEFICIT	1428,2254	1,1	2	1	0,0,0,0,0,0,0,0,0,0,1,0,0	24
3	533	CERTIFIED_DEFICIT	1428,2254	1,1	2	1	0,0,0,0,0,0,0,0,0,0,1,0,0	24
3	534	CERTIFIED_DEFICIT	1428,2254	1,1	2	1	0,0,0,0,0,0,0,0,0,0,1,0,0	24
3	535	CERTIFIED_DEFICIT	1327	1	1	0	0,0,0,0,0,0,0,0,0,0,0,0,0	0
3	536	CERTIFIED_DEFICIT	1428,2254	1,1	2	1	0,0,0,0,0,0,0,0,0,0,1,0,0	24
3	537	CERTIFIED_DEFICIT	1428,2254	1,1	2	1	0,0,0,0,0,0,0,0,0,0,1,0,0	24
3	538	CERTIFIED_DEFICIT	1249,1543	1,1	2	1	0,0,0,0,0,0,0,0,0,0,0,0,1	24
3	539	CERTIFIED_DEFICIT	1273	1	1	0	0,0,0,0,0,0,0,0,0,0,0,0,0	0
3	540	CERTIFIED_DEFICIT	1428,2254	1,1	2	1	0,0,0,0,0,0,0,0,0,0,1,0,0	24
3	541	CERTIFIED_DEFICIT	1428,2254	1,1	2	1	0,0,0,0,0,0,0,0,0,0,1,0,0	24
3	542	CERTIFIED_DEFICIT	1237	1	1	0	0,0,0,0,0,0,0,0,0,0,0,0,0	0
3	543	CERTIFIED_DEFICIT	1428,2254	1,1	2	1	0,0,0,0,0,0,0,0,0,0,1,0,0	24
3	544	CERTIFIED_DEFICIT	1229,1247	1,1	2	1	0,0,0,0,0,0,0,0,0,0,0,0,1	24
3	545	CERTIFIED_DEFICIT	1227,1241	1,1	2	1	0,0,0,0,0,0,0,0,0,0,0,0,1	24
3	546	CERTIFIED_DEFICIT	1988	1	1	0	0,0,0,0,0,0,0,0,0,0,0,0,0	0
3	547	CERTIFIED_DEFICIT	1988	1	1	0	0,0,0,0,0,0,0,0,0,0,0,0,0	0
3	548	CERTIFIED_DEFICIT	1988	1	1	0	0,0,0,0,0,0,0,0,0,0,0,0,0	0
3	549	CERTIFIED_DEFICIT	1988	1	1	0	0,0,0,0,0,0,0,0,0,0,0,0,0	0
3	550	CERTIFIED_DEFICIT	1988	1	1	0	0,0,0,0,0,0,0,0,0,0,0,0,0	0
3	551	CERTIFIED_DEFICIT	1988	1	1	0	0,0,0,0,0,0,0,0,0,0,0,0,0	0
3	552	CERTIFIED_DEFICIT	1988	1	1	0	0,0,0,0,0,0,0,0,0,0,0,0,0	0
3	553	CERTIFIED_DEFICIT	1988	1	1	0	0,0,0,0,0,0,0,0,0,0,0,0,0	0
3	554	CERTIFIED_DEFICIT	1988	1	1	0	0,0,0,0,0,0,0,0,0,0,0,0,0	0
3	555	CERTIFIED_DEFICIT	1988	1	1	0	0,0,0,0,0,0,0,0,0,0,0,0,0	0
3	556	CERTIFIED_DEFICIT	1988	1	1	0	0,0,0,0,0,0,0,0,0,0,0,0,0	0
3	557	CERTIFIED_DEFICIT	1988	1	1	0	0,0,0,0,0,0,0,0,0,0,0,0,0	0
3	558	CERTIFIED_DEFICIT	1988	1	1	0	0,0,0,0,0,0,0,0,0,0,0,0,0	0
3	559	CERTIFIED_DEFICIT	1988	1	1	0	0,0,0,0,0,0,0,0,0,0,0,0,0	0
3	560	CERTIFIED_DEFICIT	1988	1	1	0	0,0,0,0,0,0,0,0,0,0,0,0,0	0
3	561	CERTIFIED_DEFICIT	1988	1	1	0	0,0,0,0,0,0,0,0,0,0,0,0,0	0
3	562	CERTIFIED_DEFICIT	1988	1	1	0	0,0,0,0,0,0,0,0,0,0,0,0,0	0
3	563	CERTIFIED_DEFICIT	1988	1	1	0	0,0,0,0,0,0,0,0,0,0,0,0,0	0
3	564	CERTIFIED_DEFICIT	1988	1	1	0	0,0,0,0,0,0,0,0,0,0,0,0,0	0
3	565	CERTIFIED_DEFICIT	1988	1	1	0	0,0,0,0,0,0,0,0,0,0,0,0,0	0
3	566	CERTIFIED_DEFICIT	1988	1	1	0	0,0,0,0,0,0,0,0,0,0,0,0,0	0
3	567	CERTIFIED_DEFICIT	1988	1	1	0	0,0,0,0,0,0,0,0,0,0,0,0,0	0
3	568	CERTIFIED_DEFICIT	1988	1	1	0	0,0,0,0,0,0,0,0,0,0,0,0,0	0
3	569	CERTIFIED_DEFICIT	1988	1	1	0	0,0,0,0,0,0,0,0,0,0,0,0,0	0
3	570	CERTIFIED_DEFICIT	1988	1	1	0	0,0,0,0,0,0,0,0,0,0,0,0,0	0
3	571	CERTIFIED_DEFICIT	1988	1	1	0	0,0,0,0,0,0,0,0,0,0,0,0,0	0
3	572	CERTIFIED_DEFICIT	1988	1	1	0	0,0,0,0,0,0,0,0,0,0,0,0,0	0
3	573	CERTIFIED_DEFICIT	1988	1	1	0	0,0,0,0,0,0,0,0,0,0,0,0,0	0
3	574	CERTIFIED_DEFICIT	1988	1	1	0	0,0,0,0,0,0,0,0,0,0,0,0,0	0
3	575	CERTIFIED_DEFICIT	1988	1	1	0	0,0,0,0,0,0,0,0,0,0,0,0,0	0
3	576	CERTIFIED_DEFICIT	1988	1	1	0	0,0,0,0,0,0,0,0,0,0,0,0,0	0
3	577	CERTIFIED_DEFICIT	1988	1	1	0	0,0,0,0,0,0,0,0,0,0,0,0,0	0
3	578	CERTIFIED_DEFICIT	1988	1	1	0	0,0,0,0,0,0,0,0,0,0,0,0,0	0
3	579	CERTIFIED_DEFICIT	1988	1	1	0	0,0,0,0,0,0,0,0,0,0,0,0,0	0
3	580	CERTIFIED_DEFICIT	1988	1	1	0	0,0,0,0,0,0,0,0,0,0,0,0,0	0
3	581	CERTIFIED_DEFICIT	1988	1	1	0	0,0,0,0,0,0,0,0,0,0,0,0,0	0
3	582	CERTIFIED_DEFICIT	1988	1	1	0	0,0,0,0,0,0,0,0,0,0,0,0,0	0
3	583	CERTIFIED_DEFICIT	1988	1	1	0	0,0,0,0,0,0,0,0,0,0,0,0,0	0
3	584	CERTIFIED_DEFICIT	1988	1	1	0	0,0,0,0,0,0,0,0,0,0,0,0,0	0
3	585	CERTIFIED_DEFICIT	1988	1	1	0	0,0,0,0,0,0,0,0,0,0,0,0,0	0
3	586	CERTIFIED_DEFICIT	1988	1	1	0	0,0,0,0,0,0,0,0,0,0,0,0,0	0
3	587	CERTIFIED_DEFICIT	1988	1	1	0	0,0,0,0,0,0,0,0,0,0,0,0,0	0
3	588	CERTIFIED_DEFICIT	1988	1	1	0	0,0,0,0,0,0,0,0,0,0,0,0,0	0
3	589	CERTIFIED_DEFICIT	1988	1	1	0	0,0,0,0,0,0,0,0,0,0,0,0,0	0
3	590	CERTIFIED_DEFICIT	1988	1	1	0	0,0,0,0,0,0,0,0,0,0,0,0,0	0
3	591	CERTIFIED_DEFICIT	1988	1	1	0	0,0,0,0,0,0,0,0,0,0,0,0,0	0
3	592	CERTIFIED_DEFICIT	1988	1	1	0	0,0,0,0,0,0,0,0,0,0,0,0,0	0
3	593	CERTIFIED_DEFICIT	1988	1	1	0	0,0,0,0,0,0,0,0,0,0,0,0,0	0
3	594	CERTIFIED_DEFICIT	1988	1	1	0	0,0,0,0,0,0,0,0,0,0,0,0,0	0
3	595	CERTIFIED_DEFICIT	1988	1	1	0	0,0,0,0,0,0,0,0,0,0,0,0,0	0
3	596	CERTIFIED_DEFICIT	1988	1	1	0	0,0,0,0,0,0,0,0,0,0,0,0,0	0
3	597	CERTIFIED_DEFICIT	1988	1	1	0	0,0,0,0,0,0,0,0,0,0,0,0,0	0
3	598	CERTIFIED_DEFICIT	1988	1	1	0	0,0,0,0,0,0,0,0,0,0,0,0,0	0
3	599	CERTIFIED_DEFICIT	1988	1	1	0	0,0,0,0,0,0,0,0,0,0,0,0,0	0
3	600	CERTIFIED_DEFICIT	1988	1	1	0	0,0,0,0,0,0,0,0,0,0,0,0,0	0
3	601	CERTIFIED_DEFICIT	1988	1	1	0	0,0,0,0,0,0,0,0,0,0,0,0,0	0
3	602	CERTIFIED_DEFICIT	1313	1	1	0	0,0,0,0,0,0,0,0,0,0,0,0,0	0
3	603	CERTIFIED_DEFICIT	1988	1	1	0	0,0,0,0,0,0,0,0,0,0,0,0,0	0
3	604	CERTIFIED_DEFICIT	1988	1	1	0	0,0,0,0,0,0,0,0,0,0,0,0,0	0
3	605	CERTIFIED_DEFICIT	1988	1	1	0	0,0,0,0,0,0,0,0,0,0,0,0,0	0
3	606	CERTIFIED_DEFICIT	1988	1	1	0	0,0,0,0,0,0,0,0,0,0,0,0,0	0
3	607	CERTIFIED_DEFICIT	1988	1	1	0	0,0,0,0,0,0,0,0,0,0,0,0,0	0
3	608	CERTIFIED_DEFICIT	1988	1	1	0	0,0,0,0,0,0,0,0,0,0,0,0,0	0
3	609	CERTIFIED_DEFICIT	1988	1	1	0	0,0,0,0,0,0,0,0,0,0,0,0,0	0
3	610	CERTIFIED_DEFICIT	1988	1	1	0	0,0,0,0,0,0,0,0,0,0,0,0,0	0
3	611	CERTIFIED_DEFICIT	1988	1	1	0	0,0,0,0,0,0,0,0,0,0,0,0,0	0
3	612	CERTIFIED_DEFICIT	1988	1	1	0	0,0,0,0,0,0,0,0,0,0,0,0,0	0
3	613	CERTIFIED_DEFICIT	1327	1	1	0	0,0,0,0,0,0,0,0,0,0,0,0,0	0
3	614	CERTIFIED_DEFICIT	1988	1	1	0	0,0,0,0,0,0,0,0,0,0,0,0,0	0
3	615	CERTIFIED_DEFICIT	1988	1	1	0	0,0,0,0,0,0,0,0,0,0,0,0,0	0
3	616	CERTIFIED_DEFICIT	1988	1	1	0	0,0,0,0,0,0,0,0,0,0,0,0,0	0
3	617	CERTIFIED_DEFICIT	1273	1	1	0	0,0,0,0,0,0,0,0,0,0,0,0,0	0
3	618	CERTIFIED_DEFICIT	1988	1	1	0	0,0,0,0,0,0,0,0,0,0,0,0,0	0
3	619	CERTIFIED_DEFICIT	1988	1	1	0	0,0,0,0,0,0,0,0,0,0,0,0,0	0
3	620	CERTIFIED_DEFICIT	1237	1	1	0	0,0,0,0,0,0,0,0,0,0,0,0,0	0
3	621	CERTIFIED_DEFICIT	1988	1	1	0	0,0,0,0,0,0,0,0,0,0,0,0,0	0
3	622	CERTIFIED_DEFICIT	1988	1	1	0	0,0,0,0,0,0,0,0,0,0,0,0,0	0
3	623	CERTIFIED_DEFICIT	1988	1	1	0	0,0,0,0,0,0,0,0,0,0,0,0,0	0
3	624	CERTIFIED_DEFICIT	1582	1	1	0	0,0,0,0,0,0,0,0,0,0,0,0,0	0
3	625	CERTIFIED_DEFICIT	1582	1	1	0	0,0,0,0,0,0,0,0,0,0,0,0,0	0
3	626	CERTIFIED_DEFICIT	1582	1	1	0	0,0,0,0,0,0,0,0,0,0,0,0,0	0
3	627	CERTIFIED_DEFICIT	1582	1	1	0	0,0,0,0,0,0,0,0,0,0,0,0,0	0
3	628	CERTIFIED_DEFICIT	1582	1	1	0	0,0,0,0,0,0,0,0,0,0,0,0,0	0
3	629	CERTIFIED_DEFICIT	1582	1	1	0	0,0,0,0,0,0,0,0,0,0,0,0,0	0
3	630	CERTIFIED_DEFICIT	1582	1	1	0	0,0,0,0,0,0,0,0,0,0,0,0,0	0
3	631	CERTIFIED_DEFICIT	1582	1	1	0	0,0,0,0,0,0,0,0,0,0,0,0,0	0
3	632	CERTIFIED_DEFICIT	1582	1	1	0	0,0,0,0,0,0,0,0,0,0,0,0,0	0
3	633	CERTIFIED_DEFICIT	1582	1	1	0	0,0,0,0,0,0,0,0,0,0,0,0,0	0
3	634	CERTIFIED_DEFICIT	1582	1	1	0	0,0,0,0,0,0,0,0,0,0,0,0,0	0
3	635	CERTIFIED_DEFICIT	1582	1	1	0	0,0,0,0,0,0,0,0,0,0,0,0,0	0
3	636	CERTIFIED_DEFICIT	1582	1	1	0	0,0,0,0,0,0,0,0,0,0,0,0,0	0
3	637	CERTIFIED_DEFICIT	1582	1	1	0	0,0,0,0,0,0,0,0,0,0,0,0,0	0
3	638	CERTIFIED_DEFICIT	1582	1	1	0	0,0,0,0,0,0,0,0,0,0,0,0,0	0
3	639	CERTIFIED_DEFICIT	1582	1	1	0	0,0,0,0,0,0,0,0,0,0,0,0,0	0
3	640	CERTIFIED_DEFICIT	1582	1	1	0	0,0,0,0,0,0,0,0,0,0,0,0,0	0
3	641	CERTIFIED_DEFICIT	1582	1	1	0	0,0,0,0,0,0,0,0,0,0,0,0,0	0
3	642	CERTIFIED_DEFICIT	1582	1	1	0	0,0,0,0,0,0,0,0,0,0,0,0,0	0
3	643	CERTIFIED_DEFICIT	1582	1	1	0	0,0,0,0,0,0,0,0,0,0,0,0,0	0
3	644	CERTIFIED_DEFICIT	1582	1	1	0	0,0,0,0,0,0,0,0,0,0,0,0,0	0
3	645	CERTIFIED_DEFICIT	1582	1	1	0	0,0,0,0,0,0,0,0,0,0,0,0,0	0
3	646	CERTIFIED_DEFICIT	1582	1	1	0	0,0,0,0,0,0,0,0,0,0,0,0,0	0
3	647	CERTIFIED_DEFICIT	1582	1	1	0	0,0,0,0,0,0,0,0,0,0,0,0,0	0
3	648	CERTIFIED_DEFICIT	1582	1	1	0	0,0,0,0,0,0,0,0,0,0,0,0,0	0
3	649	CERTIFIED_DEFICIT	1582	1	1	0	0,0,0,0,0,0,0,0,0,0,0,0,0	0
3	650	CERTIFIED_DEFICIT	1582	1	1	0	0,0,0,0,0,0,0,0,0,0,0,0,0	0
3	651	CERTIFIED_DEFICIT	1582	1	1	0	0,0,0,0,0,0,0,0,0,0,0,0,0	0
3	652	CERTIFIED_DEFICIT	1582	1	1	0	0,0,0,0,0,0,0,0,0,0,0,0,0	0
3	653	CERTIFIED_DEFICIT	1582	1	1	0	0,0,0,0,0,0,0,0,0,0,0,0,0	0
3	654	CERTIFIED_DEFICIT	1582	1	1	0	0,0,0,0,0,0,0,0,0,0,0,0,0	0
3	655	CERTIFIED_DEFICIT	1582	1	1	0	0,0,0,0,0,0,0,0,0,0,0,0,0	0
3	656	CERTIFIED_DEFICIT	1582	1	1	0	0,0,0,0,0,0,0,0,0,0,0,0,0	0
3	657	CERTIFIED_DEFICIT	1582	1	1	0	0,0,0,0,0,0,0,0,0,0,0,0,0	0
3	658	CERTIFIED_DEFICIT	1582	1	1	0	0,0,0,0,0,0,0,0,0,0,0,0,0	0
3	659	CERTIFIED_DEFICIT	1582	1	1	0	0,0,0,0,0,0,0,0,0,0,0,0,0	0
3	660	CERTIFIED_DEFICIT	1582	1	1	0	0,0,0,0,0,0,0,0,0,0,0,0,0	0
3	661	CERTIFIED_DEFICIT	1582	1	1	0	0,0,0,0,0,0,0,0,0,0,0,0,0	0
3	662	CERTIFIED_DEFICIT	1582	1	1	0	0,0,0,0,0,0,0,0,0,0,0,0,0	0
3	663	CERTIFIED_DEFICIT	1582	1	1	0	0,0,0,0,0,0,0,0,0,0,0,0,0	0
3	664	CERTIFIED_DEFICIT	1582	1	1	0	0,0,0,0,0,0,0,0,0,0,0,0,0	0
3	665	CERTIFIED_DEFICIT	1582	1	1	0	0,0,0,0,0,0,0,0,0,0,0,0,0	0
3	666	CERTIFIED_DEFICIT	1582	1	1	0	0,0,0,0,0,0,0,0,0,0,0,0,0	0
3	667	CERTIFIED_DEFICIT	1582	1	1	0	0,0,0,0,0,0,0,0,0,0,0,0,0	0
3	668	CERTIFIED_DEFICIT	1582	1	1	0	0,0,0,0,0,0,0,0,0,0,0,0,0	0
3	669	CERTIFIED_DEFICIT	1582	1	1	0	0,0,0,0,0,0,0,0,0,0,0,0,0	0
3	670	CERTIFIED_DEFICIT	1582	1	1	0	0,0,0,0,0,0,0,0,0,0,0,0,0	0
3	671	CERTIFIED_DEFICIT	1582	1	1	0	0,0,0,0,0,0,0,0,0,0,0,0,0	0
3	672	CERTIFIED_DEFICIT	1582	1	1	0	0,0,0,0,0,0,0,0,0,0,0,0,0	0
3	673	CERTIFIED_DEFICIT	1582	1	1	0	0,0,0,0,0,0,0,0,0,0,0,0,0	0
3	674	CERTIFIED_DEFICIT	1582	1	1	0	0,0,0,0,0,0,0,0,0,0,0,0,0	0
3	675	CERTIFIED_DEFICIT	1582	1	1	0	0,0,0,0,0,0,0,0,0,0,0,0,0	0
3	676	CERTIFIED_DEFICIT	1582	1	1	0	0,0,0,0,0,0,0,0,0,0,0,0,0	0
3	677	CERTIFIED_DEFICIT	1582	1	1	0	0,0,0,0,0,0,0,0,0,0,0,0,0	0
3	678	CERTIFIED_DEFICIT	1582	1	1	0	0,0,0,0,0,0,0,0,0,0,0,0,0	0
3	679	CERTIFIED_DEFICIT	1582	1	1	0	0,0,0,0,0,0,0,0,0,0,0,0,0	0
3	680	CERTIFIED_DEFICIT	1313	1	1	0	0,0,0,0,0,0,0,0,0,0,0,0,0	0
3	681	CERTIFIED_DEFICIT	1582	1	1	0	0,0,0,0,0,0,0,0,0,0,0,0,0	0
3	682	CERTIFIED_DEFICIT	1582	1	1	0	0,0,0,0,0,0,0,0,0,0,0,0,0	0
3	683	CERTIFIED_DEFICIT	1582	1	1	0	0,0,0,0,0,0,0,0,0,0,0,0,0	0
3	684	CERTIFIED_DEFICIT	1582	1	1	0	0,0,0,0,0,0,0,0,0,0,0,0,0	0
3	685	CERTIFIED_DEFICIT	1582	1	1	0	0,0,0,0,0,0,0,0,0,0,0,0,0	0
3	686	CERTIFIED_DEFICIT	1582	1	1	0	0,0,0,0,0,0,0,0,0,0,0,0,0	0
3	687	CERTIFIED_DEFICIT	1582	1	1	0	0,0,0,0,0,0,0,0,0,0,0,0,0	0
3	688	CERTIFIED_DEFICIT	1582	1	1	0	0,0,0,0,0,0,0,0,0,0,0,0,0	0
3	689	CERTIFIED_DEFICIT	1582	1	1	0	0,0,0,0,0,0,0,0,0,0,0,0,0	0
3	690	CERTIFIED_DEFICIT	1582	1	1	0	0,0,0,0,0,0,0,0,0,0,0,0,0	0
3	691	CERTIFIED_DEFICIT	1327	1	1	0	0,0,0,0,0,0,0,0,0,0,0,0,0	0
3	692	CERTIFIED_DEFICIT	1582	1	1	0	0,0,0,0,0,0,0,0,0,0,0,0,0	0
3	693	CERTIFIED_DEFICIT	1582	1	1	0	0,0,0,0,0,0,0,0,0,0,0,0,0	0
3	694	CERTIFIED_DEFICIT	1582	1	1	0	0,0,0,0,0,0,0,0,0,0,0,0,0	0
3	695	CERTIFIED_DEFICIT	1273	1	1	0	0,0,0,0,0,0,0,0,0,0,0,0,0	0
3	696	CERTIFIED_DEFICIT	1582	1	1	0	0,0,0,0,0,0,0,0,0,0,0,0,0	0
3	697	CERTIFIED_DEFICIT	1582	1	1	0	0,0,0,0,0,0,0,0,0,0,0,0,0	0
3	698	CERTIFIED_DEFICIT	1237	1	1	0	0,0,0,0,0,0,0,0,0,0,0,0,0	0
3	699	CERTIFIED_DEFICIT	1582	1	1	0	0,0,0,0,0,0,0,0,0,0,0,0,0	0
3	700	CERTIFIED_DEFICIT	1582	1	1	0	0,0,0,0,0,0,0,0,0,0,0,0,0	0
3	701	CERTIFIED_DEFICIT	1582	1	1	0	0,0,0,0,0,0,0,0,0,0,0,0,0	0
3	702	CERTIFIED_DEFICIT	1428	1	1	0	0,0,0,0,0,0,0,0,0,0,0,0,0	0
3	703	CERTIFIED_DEFICIT	1428	1	1	0	0,0,0,0,0,0,0,0,0,0,0,0,0	0
3	704	CERTIFIED_DEFICIT	1428	1	1	0	0,0,0,0,0,0,0,0,0,0,0,0,0	0
3	705	CERTIFIED_DEFICIT	1428	1	1	0	0,0,0,0,0,0,0,0,0,0,0,0,0	0
3	706	CERTIFIED_DEFICIT	1428	1	1	0	0,0,0,0,0,0,0,0,0,0,0,0,0	0
3	707	CERTIFIED_DEFICIT	1428	1	1	0	0,0,0,0,0,0,0,0,0,0,0,0,0	0
3	708	CERTIFIED_DEFICIT	1428	1	1	0	0,0,0,0,0,0,0,0,0,0,0,0,0	0
3	709	CERTIFIED_DEFICIT	1428	1	1	0	0,0,0,0,0,0,0,0,0,0,0,0,0	0
3	710	CERTIFIED_DEFICIT	1428	1	1	0	0,0,0,0,0,0,0,0,0,0,0,0,0	0
3	711	CERTIFIED_DEFICIT	1428	1	1	0	0,0,0,0,0,0,0,0,0,0,0,0,0	0
3	712	CERTIFIED_DEFICIT	1428	1	1	0	0,0,0,0,0,0,0,0,0,0,0,0,0	0
3	713	CERTIFIED_DEFICIT	1428	1	1	0	0,0,0,0,0,0,0,0,0,0,0,0,0	0
3	714	CERTIFIED_DEFICIT	1428	1	1	0	0,0,0,0,0,0,0,0,0,0,0,0,0	0
3	715	CERTIFIED_DEFICIT	1428	1	1	0	0,0,0,0,0,0,0,0,0,0,0,0,0	0
3	716	CERTIFIED_DEFICIT	1428	1	1	0	0,0,0,0,0,0,0,0,0,0,0,0,0	0
3	717	CERTIFIED_DEFICIT	1428	1	1	0	0,0,0,0,0,0,0,0,0,0,0,0,0	0
3	718	CERTIFIED_DEFICIT	1428	1	1	0	0,0,0,0,0,0,0,0,0,0,0,0,0	0
3	719	CERTIFIED_DEFICIT	1428	1	1	0	0,0,0,0,0,0,0,0,0,0,0,0,0	0
3	720	CERTIFIED_DEFICIT	1428	1	1	0	0,0,0,0,0,0,0,0,0,0,0,0,0	0
3	721	CERTIFIED_DEFICIT	1428	1	1	0	0,0,0,0,0,0,0,0,0,0,0,0,0	0
3	722	CERTIFIED_DEFICIT	1428	1	1	0	0,0,0,0,0,0,0,0,0,0,0,0,0	0
3	723	CERTIFIED_DEFICIT	1428	1	1	0	0,0,0,0,0,0,0,0,0,0,0,0,0	0
3	724	CERTIFIED_DEFICIT	1428	1	1	0	0,0,0,0,0,0,0,0,0,0,0,0,0	0
3	725	CERTIFIED_DEFICIT	1428	1	1	0	0,0,0,0,0,0,0,0,0,0,0,0,0	0
3	726	CERTIFIED_DEFICIT	1428	1	1	0	0,0,0,0,0,0,0,0,0,0,0,0,0	0
3	727	CERTIFIED_DEFICIT	1428	1	1	0	0,0,0,0,0,0,0,0,0,0,0,0,0	0
3	728	CERTIFIED_DEFICIT	1428	1	1	0	0,0,0,0,0,0,0,0,0,0,0,0,0	0
3	729	CERTIFIED_DEFICIT	1428	1	1	0	0,0,0,0,0,0,0,0,0,0,0,0,0	0
3	730	CERTIFIED_DEFICIT	1428	1	1	0	0,0,0,0,0,0,0,0,0,0,0,0,0	0
3	731	CERTIFIED_DEFICIT	1428	1	1	0	0,0,0,0,0,0,0,0,0,0,0,0,0	0
3	732	CERTIFIED_DEFICIT	1428	1	1	0	0,0,0,0,0,0,0,0,0,0,0,0,0	0
3	733	CERTIFIED_DEFICIT	1428	1	1	0	0,0,0,0,0,0,0,0,0,0,0,0,0	0
3	734	CERTIFIED_DEFICIT	1428	1	1	0	0,0,0,0,0,0,0,0,0,0,0,0,0	0
3	735	CERTIFIED_DEFICIT	1428	1	1	0	0,0,0,0,0,0,0,0,0,0,0,0,0	0
3	736	CERTIFIED_DEFICIT	1428	1	1	0	0,0,0,0,0,0,0,0,0,0,0,0,0	0
3	737	CERTIFIED_DEFICIT	1428	1	1	0	0,0,0,0,0,0,0,0,0,0,0,0,0	0
3	738	CERTIFIED_DEFICIT	1428	1	1	0	0,0,0,0,0,0,0,0,0,0,0,0,0	0
3	739	CERTIFIED_DEFICIT	1428	1	1	0	0,0,0,0,0,0,0,0,0,0,0,0,0	0
3	740	CERTIFIED_DEFICIT	1428	1	1	0	0,0,0,0,0,0,0,0,0,0,0,0,0	0
3	741	CERTIFIED_DEFICIT	1428	1	1	0	0,0,0,0,0,0,0,0,0,0,0,0,0	0
3	742	CERTIFIED_DEFICIT	1428	1	1	0	0,0,0,0,0,0,0,0,0,0,0,0,0	0
3	743	CERTIFIED_DEFICIT	1428	1	1	0	0,0,0,0,0,0,0,0,0,0,0,0,0	0
3	744	CERTIFIED_DEFICIT	1428	1	1	0	0,0,0,0,0,0,0,0,0,0,0,0,0	0
3	745	CERTIFIED_DEFICIT	1428	1	1	0	0,0,0,0,0,0,0,0,0,0,0,0,0	0
3	746	CERTIFIED_DEFICIT	1428	1	1	0	0,0,0,0,0,0,0,0,0,0,0,0,0	0
3	747	CERTIFIED_DEFICIT	1428	1	1	0	0,0,0,0,0,0,0,0,0,0,0,0,0	0
3	748	CERTIFIED_DEFICIT	1428	1	1	0	0,0,0,0,0,0,0,0,0,0,0,0,0	0
3	749	CERTIFIED_DEFICIT	1428	1	1	0	0,0,0,0,0,0,0,0,0,0,0,0,0	0
3	750	CERTIFIED_DEFICIT	1428	1	1	0	0,0,0,0,0,0,0,0,0,0,0,0,0	0
3	751	CERTIFIED_DEFICIT	1428	1	1	0	0,0,0,0,0,0,0,0,0,0,0,0,0	0
3	752	CERTIFIED_DEFICIT	1428	1	1	0	0,0,0,0,0,0,0,0,0,0,0,0,0	0
3	753	CERTIFIED_DEFICIT	1428	1	1	0	0,0,0,0,0,0,0,0,0,0,0,0,0	0
3	754	CERTIFIED_DEFICIT	1428	1	1	0	0,0,0,0,0,0,0,0,0,0,0,0,0	0
3	755	CERTIFIED_DEFICIT	1428	1	1	0	0,0,0,0,0,0,0,0,0,0,0,0,0	0
3	756	CERTIFIED_DEFICIT	1428	1	1	0	0,0,0,0,0,0,0,0,0,0,0,0,0	0
3	757	CERTIFIED_DEFICIT	1428	1	1	0	0,0,0,0,0,0,0,0,0,0,0,0,0	0
3	758	CERTIFIED_DEFICIT	1313	1	1	0	0,0,0,0,0,0,0,0,0,0,0,0,0	0
3	759	CERTIFIED_DEFICIT	1428	1	1	0	0,0,0,0,0,0,0,0,0,0,0,0,0	0
3	760	CERTIFIED_DEFICIT	1428	1	1	0	0,0,0,0,0,0,0,0,0,0,0,0,0	0
3	761	CERTIFIED_DEFICIT	1428	1	1	0	0,0,0,0,0,0,0,0,0,0,0,0,0	0
3	762	CERTIFIED_DEFICIT	1428	1	1	0	0,0,0,0,0,0,0,0,0,0,0,0,0	0
3	763	CERTIFIED_DEFICIT	1428	1	1	0	0,0,0,0,0,0,0,0,0,0,0,0,0	0
3	764	CERTIFIED_DEFICIT	1428	1	1	0	0,0,0,0,0,0,0,0,0,0,0,0,0	0
3	765	CERTIFIED_DEFICIT	1428	1	1	0	0,0,0,0,0,0,0,0,0,0,0,0,0	0
3	766	CERTIFIED_DEFICIT	1428	1	1	0	0,0,0,0,0,0,0,0,0,0,0,0,0	0
3	767	CERTIFIED_DEFICIT	1428	1	1	0	0,0,0,0,0,0,0,0,0,0,0,0,0	0
3	768	CERTIFIED_DEFICIT	1428	1	1	0	0,0,0,0,0,0,0,0,0,0,0,0,0	0
3	769	CERTIFIED_DEFICIT	1327	1	1	0	0,0,0,0,0,0,0,0,0,0,0,0,0	0
3	770	CERTIFIED_DEFICIT	1428	1	1	0	0,0,0,0,0,0,0,0,0,0,0,0,0	0
3	771	CERTIFIED_DEFICIT	1428	1	1	0	0,0,0,0,0,0,0,0,0,0,0,0,0	0
3	772	CERTIFIED_DEFICIT	1428	1	1	0	0,0,0,0,0,0,0,0,0,0,0,0,0	0
3	773	CERTIFIED_DEFICIT	1273	1	1	0	0,0,0,0,0,0,0,0,0,0,0,0,0	0
3	774	CERTIFIED_DEFICIT	1428	1	1	0	0,0,0,0,0,0,0,0,0,0,0,0,0	0
3	775	CERTIFIED_DEFICIT	1428	1	1	0	0,0,0,0,0,0,0,0,0,0,0,0,0	0
3	776	CERTIFIED_DEFICIT	1237	1	1	0	0,0,0,0,0,0,0,0,0,0,0,0,0	0
3	777	CERTIFIED_DEFICIT	1428	1	1	0	0,0,0,0,0,0,0,0,0,0,0,0,0	0
3	778	CERTIFIED_DEFICIT	1428	1	1	0	0,0,0,0,0,0,0,0,0,0,0,0,0	0
3	779	CERTIFIED_DEFICIT	1428	1	1	0	0,0,0,0,0,0,0,0,0,0,0,0,0	0
3	780	CERTIFIED_DEFICIT	1750	1	1	0	0,0,0,0,0,0,0,0,0,0,0,0,0	0
3	781	CERTIFIED_DEFICIT	1750	1	1	0	0,0,0,0,0,0,0,0,0,0,0,0,0	0
3	782	CERTIFIED_DEFICIT	1750	1	1	0	0,0,0,0,0,0,0,0,0,0,0,0,0	0
3	783	CERTIFIED_DEFICIT	1750	1	1	0	0,0,0,0,0,0,0,0,0,0,0,0,0	0
3	784	CERTIFIED_DEFICIT	1750	1	1	0	0,0,0,0,0,0,0,0,0,0,0,0,0	0
3	785	CERTIFIED_DEFICIT	1750	1	1	0	0,0,0,0,0,0,0,0,0,0,0,0,0	0
3	786	CERTIFIED_DEFICIT	1750	1	1	0	0,0,0,0,0,0,0,0,0,0,0,0,0	0
3	787	CERTIFIED_DEFICIT	1750	1	1	0	0,0,0,0,0,0,0,0,0,0,0,0,0	0
3	788	CERTIFIED_DEFICIT	1750	1	1	0	0,0,0,0,0,0,0,0,0,0,0,0,0	0
3	789	CERTIFIED_DEFICIT	1750	1	1	0	0,0,0,0,0,0,0,0,0,0,0,0,0	0
3	790	CERTIFIED_DEFICIT	1750	1	1	0	0,0,0,0,0,0,0,0,0,0,0,0,0	0
3	791	CERTIFIED_DEFICIT	1750	1	1	0	0,0,0,0,0,0,0,0,0,0,0,0,0	0
3	792	CERTIFIED_DEFICIT	1750	1	1	0	0,0,0,0,0,0,0,0,0,0,0,0,0	0
3	793	CERTIFIED_DEFICIT	1750	1	1	0	0,0,0,0,0,0,0,0,0,0,0,0,0	0
3	794	CERTIFIED_DEFICIT	1750	1	1	0	0,0,0,0,0,0,0,0,0,0,0,0,0	0
3	795	CERTIFIED_DEFICIT	1750	1	1	0	0,0,0,0,0,0,0,0,0,0,0,0,0	0
3	796	CERTIFIED_DEFICIT	1750	1	1	0	0,0,0,0,0,0,0,0,0,0,0,0,0	0
3	797	CERTIFIED_DEFICIT	1750	1	1	0	0,0,0,0,0,0,0,0,0,0,0,0,0	0
3	798	CERTIFIED_DEFICIT	1750	1	1	0	0,0,0,0,0,0,0,0,0,0,0,0,0	0
3	799	CERTIFIED_DEFICIT	1750	1	1	0	0,0,0,0,0,0,0,0,0,0,0,0,0	0
3	800	CERTIFIED_DEFICIT	1750	1	1	0	0,0,0,0,0,0,0,0,0,0,0,0,0	0
3	801	CERTIFIED_DEFICIT	1750	1	1	0	0,0,0,0,0,0,0,0,0,0,0,0,0	0
3	802	CERTIFIED_DEFICIT	1750	1	1	0	0,0,0,0,0,0,0,0,0,0,0,0,0	0
3	803	CERTIFIED_DEFICIT	1750	1	1	0	0,0,0,0,0,0,0,0,0,0,0,0,0	0
3	804	CERTIFIED_DEFICIT	1750	1	1	0	0,0,0,0,0,0,0,0,0,0,0,0,0	0
3	805	CERTIFIED_DEFICIT	1750	1	1	0	0,0,0,0,0,0,0,0,0,0,0,0,0	0
3	806	CERTIFIED_DEFICIT	1750	1	1	0	0,0,0,0,0,0,0,0,0,0,0,0,0	0
3	807	CERTIFIED_DEFICIT	1750	1	1	0	0,0,0,0,0,0,0,0,0,0,0,0,0	0
3	808	CERTIFIED_DEFICIT	1750	1	1	0	0,0,0,0,0,0,0,0,0,0,0,0,0	0
3	809	CERTIFIED_DEFICIT	1750	1	1	0	0,0,0,0,0,0,0,0,0,0,0,0,0	0
3	810	CERTIFIED_DEFICIT	1750	1	1	0	0,0,0,0,0,0,0,0,0,0,0,0,0	0
3	811	CERTIFIED_DEFICIT	1750	1	1	0	0,0,0,0,0,0,0,0,0,0,0,0,0	0
3	812	CERTIFIED_DEFICIT	1750	1	1	0	0,0,0,0,0,0,0,0,0,0,0,0,0	0
3	813	CERTIFIED_DEFICIT	1750	1	1	0	0,0,0,0,0,0,0,0,0,0,0,0,0	0
3	814	CERTIFIED_DEFICIT	1750	1	1	0	0,0,0,0,0,0,0,0,0,0,0,0,0	0
3	815	CERTIFIED_DEFICIT	1750	1	1	0	0,0,0,0,0,0,0,0,0,0,0,0,0	0
3	816	CERTIFIED_DEFICIT	1750	1	1	0	0,0,0,0,0,0,0,0,0,0,0,0,0	0
3	817	CERTIFIED_DEFICIT	1750	1	1	0	0,0,0,0,0,0,0,0,0,0,0,0,0	0
3	818	CERTIFIED_DEFICIT	1750	1	1	0	0,0,0,0,0,0,0,0,0,0,0,0,0	0
3	819	CERTIFIED_DEFICIT	1750	1	1	0	0,0,0,0,0,0,0,0,0,0,0,0,0	0
3	820	CERTIFIED_DEFICIT	1750	1	1	0	0,0,0,0,0,0,0,0,0,0,0,0,0	0
3	821	CERTIFIED_DEFICIT	1750	1	1	0	0,0,0,0,0,0,0,0,0,0,0,0,0	0
3	822	CERTIFIED_DEFICIT	1750	1	1	0	0,0,0,0,0,0,0,0,0,0,0,0,0	0
3	823	CERTIFIED_DEFICIT	1750	1	1	0	0,0,0,0,0,0,0,0,0,0,0,0,0	0
3	824	CERTIFIED_DEFICIT	1750	1	1	0	0,0,0,0,0,0,0,0,0,0,0,0,0	0
3	825	CERTIFIED_DEFICIT	1750	1	1	0	0,0,0,0,0,0,0,0,0,0,0,0,0	0
3	826	CERTIFIED_DEFICIT	1750	1	1	0	0,0,0,0,0,0,0,0,0,0,0,0,0	0
3	827	CERTIFIED_DEFICIT	1750	1	1	0	0,0,0,0,0,0,0,0,0,0,0,0,0	0
3	828	CERTIFIED_DEFICIT	1750	1	1	0	0,0,0,0,0,0,0,0,0,0,0,0,0	0
3	829	CERTIFIED_DEFICIT	1750	1	1	0	0,0,0,0,0,0,0,0,0,0,0,0,0	0
3	830	CERTIFIED_DEFICIT	1750	1	1	0	0,0,0,0,0,0,0,0,0,0,0,0,0	0
3	831	CERTIFIED_DEFICIT	1750	1	1	0	0,0,0,0,0,0,0,0,0,0,0,0,0	0
3	832	CERTIFIED_DEFICIT	1750	1	1	0	0,0,0,0,0,0,0,0,0,0,0,0,0	0
3	833	CERTIFIED_DEFICIT	1750	1	1	0	0,0,0,0,0,0,0,0,0,0,0,0,0	0
3	834	CERTIFIED_DEFICIT	1750	1	1	0	0,0,0,0,0,0,0,0,0,0,0,0,0	0
3	835	CERTIFIED_DEFICIT	1750	1	1	0	0,0,0,0,0,0,0,0,0,0,0,0,0	0
3	836	CERTIFIED_DEFICIT	1313	1	1	0	0,0,0,0,0,0,0,0,0,0,0,0,0	0
3	837	CERTIFIED_DEFICIT	1750	1	1	0	0,0,0,0,0,0,0,0,0,0,0,0,0	0
3	838	CERTIFIED_DEFICIT	1750	1	1	0	0,0,0,0,0,0,0,0,0,0,0,0,0	0
3	839	CERTIFIED_DEFICIT	1750	1	1	0	0,0,0,0,0,0,0,0,0,0,0,0,0	0
3	840	CERTIFIED_DEFICIT	1750	1	1	0	0,0,0,0,0,0,0,0,0,0,0,0,0	0
3	841	CERTIFIED_DEFICIT	1750	1	1	0	0,0,0,0,0,0,0,0,0,0,0,0,0	0
3	842	CERTIFIED_DEFICIT	1750	1	1	0	0,0,0,0,0,0,0,0,0,0,0,0,0	0
3	843	CERTIFIED_DEFICIT	1750	1	1	0	0,0,0,0,0,0,0,0,0,0,0,0,0	0
3	844	CERTIFIED_DEFICIT	1750	1	1	0	0,0,0,0,0,0,0,0,0,0,0,0,0	0
3	845	CERTIFIED_DEFICIT	1750	1	1	0	0,0,0,0,0,0,0,0,0,0,0,0,0	0
3	846	CERTIFIED_DEFICIT	1750	1	1	0	0,0,0,0,0,0,0,0,0,0,0,0,0	0
3	847	CERTIFIED_DEFICIT	1327	1	1	0	0,0,0,0,0,0,0,0,0,0,0,0,0	0
3	848	CERTIFIED_DEFICIT	1750	1	1	0	0,0,0,0,0,0,0,0,0,0,0,0,0	0
3	849	CERTIFIED_DEFICIT	1750	1	1	0	0,0,0,0,0,0,0,0,0,0,0,0,0	0
3	850	CERTIFIED_DEFICIT	1750	1	1	0	0,0,0,0,0,0,0,0,0,0,0,0,0	0
3	851	CERTIFIED_DEFICIT	1273	1	1	0	0,0,0,0,0,0,0,0,0,0,0,0,0	0
3	852	CERTIFIED_DEFICIT	1750	1	1	0	0,0,0,0,0,0,0,0,0,0,0,0,0	0
3	853	CERTIFIED_DEFICIT	1750	1	1	0	0,0,0,0,0,0,0,0,0,0,0,0,0	0
3	854	CERTIFIED_DEFICIT	1237	1	1	0	0,0,0,0,0,0,0,0,0,0,0,0,0	0
3	855	CERTIFIED_DEFICIT	1750	1	1	0	0,0,0,0,0,0,0,0,0,0,0,0,0	0
3	856	CERTIFIED_DEFICIT	1750	1	1	0	0,0,0,0,0,0,0,0,0,0,0,0,0	0
3	857	CERTIFIED_DEFICIT	1750	1	1	0	0,0,0,0,0,0,0,0,0,0,0,0,0	0
3	858	CERTIFIED_DEFICIT	1736	1	1	0	0,0,0,0,0,0,0,0,0,0,0,0,0	0
3	859	CERTIFIED_DEFICIT	1736	1	1	0	0,0,0,0,0,0,0,0,0,0,0,0,0	0
3	860	CERTIFIED_DEFICIT	1736	1	1	0	0,0,0,0,0,0,0,0,0,0,0,0,0	0
3	861	CERTIFIED_DEFICIT	1736	1	1	0	0,0,0,0,0,0,0,0,0,0,0,0,0	0
3	862	CERTIFIED_DEFICIT	1736	1	1	0	0,0,0,0,0,0,0,0,0,0,0,0,0	0
3	863	CERTIFIED_DEFICIT	1736	1	1	0	0,0,0,0,0,0,0,0,0,0,0,0,0	0
3	864	CERTIFIED_DEFICIT	1736	1	1	0	0,0,0,0,0,0,0,0,0,0,0,0,0	0
3	865	CERTIFIED_DEFICIT	1736	1	1	0	0,0,0,0,0,0,0,0,0,0,0,0,0	0
3	866	CERTIFIED_DEFICIT	1736	1	1	0	0,0,0,0,0,0,0,0,0,0,0,0,0	0
3	867	CERTIFIED_DEFICIT	1736	1	1	0	0,0,0,0,0,0,0,0,0,0,0,0,0	0
3	868	CERTIFIED_DEFICIT	1736	1	1	0	0,0,0,0,0,0,0,0,0,0,0,0,0	0
3	869	CERTIFIED_DEFICIT	1736	1	1	0	0,0,0,0,0,0,0,0,0,0,0,0,0	0
3	870	CERTIFIED_DEFICIT	1736	1	1	0	0,0,0,0,0,0,0,0,0,0,0,0,0	0
3	871	CERTIFIED_DEFICIT	1736	1	1	0	0,0,0,0,0,0,0,0,0,0,0,0,0	0
3	872	CERTIFIED_DEFICIT	1736	1	1	0	0,0,0,0,0,0,0,0,0,0,0,0,0	0
3	873	CERTIFIED_DEFICIT	1736	1	1	0	0,0,0,0,0,0,0,0,0,0,0,0,0	0
3	874	CERTIFIED_DEFICIT	1736	1	1	0	0,0,0,0,0,0,0,0,0,0,0,0,0	0
3	875	CERTIFIED_DEFICIT	1736	1	1	0	0,0,0,0,0,0,0,0,0,0,0,0,0	0
3	876	CERTIFIED_DEFICIT	1736	1	1	0	0,0,0,0,0,0,0,0,0,0,0,0,0	0
3	877	CERTIFIED_DEFICIT	1736	1	1	0	0,0,0,0,0,0,0,0,0,0,0,0,0	0
3	878	CERTIFIED_DEFICIT	1736	1	1	0	0,0,0,0,0,0,0,0,0,0,0,0,0	0
3	879	CERTIFIED_DEFICIT	1736	1	1	0	0,0,0,0,0,0,0,0,0,0,0,0,0	0
3	880	CERTIFIED_DEFICIT	1228	1	1	0	0,0,0,0,0,0,0,0,0,0,0,0,0	0
3	881	CERTIFIED_DEFICIT	1736	1	1	0	0,0,0,0,0,0,0,0,0,0,0,0,0	0
3	882	CERTIFIED_DEFICIT	1736	1	1	0	0,0,0,0,0,0,0,0,0,0,0,0,0	0
3	883	CERTIFIED_DEFICIT	1736	1	1	0	0,0,0,0,0,0,0,0,0,0,0,0,0	0
3	884	CERTIFIED_DEFICIT	1736	1	1	0	0,0,0,0,0,0,0,0,0,0,0,0,0	0
3	885	CERTIFIED_DEFICIT	1736	1	1	0	0,0,0,0,0,0,0,0,0,0,0,0,0	0
3	886	CERTIFIED_DEFICIT	1736	1	1	0	0,0,0,0,0,0,0,0,0,0,0,0,0	0
3	887	CERTIFIED_DEFICIT	1736	1	1	0	0,0,0,0,0,0,0,0,0,0,0,0,0	0
3	888	CERTIFIED_DEFICIT	1736	1	1	0	0,0,0,0,0,0,0,0,0,0,0,0,0	0
3	889	CERTIFIED_DEFICIT	1736	1	1	0	0,0,0,0,0,0,0,0,0,0,0,0,0	0
3	890	CERTIFIED_DEFICIT	1736	1	1	0	0,0,0,0,0,0,0,0,0,0,0,0,0	0
3	891	CERTIFIED_DEFICIT	1736	1	1	0	0,0,0,0,0,0,0,0,0,0,0,0,0	0
3	892	CERTIFIED_DEFICIT	1736	1	1	0	0,0,0,0,0,0,0,0,0,0,0,0,0	0
3	893	CERTIFIED_DEFICIT	1736	1	1	0	0,0,0,0,0,0,0,0,0,0,0,0,0	0
3	894	CERTIFIED_DEFICIT	1736	1	1	0	0,0,0,0,0,0,0,0,0,0,0,0,0	0
3	895	CERTIFIED_DEFICIT	1736	1	1	0	0,0,0,0,0,0,0,0,0,0,0,0,0	0
3	896	CERTIFIED_DEFICIT	1736	1	1	0	0,0,0,0,0,0,0,0,0,0,0,0,0	0
3	897	CERTIFIED_DEFICIT	1736	1	1	0	0,0,0,0,0,0,0,0,0,0,0,0,0	0
3	898	CERTIFIED_DEFICIT	1736	1	1	0	0,0,0,0,0,0,0,0,0,0,0,0,0	0
3	899	CERTIFIED_DEFICIT	1736	1	1	0	0,0,0,0,0,0,0,0,0,0,0,0,0	0
3	900	CERTIFIED_DEFICIT	1736	1	1	0	0,0,0,0,0,0,0,0,0,0,0,0,0	0
3	901	CERTIFIED_DEFICIT	1736	1	1	0	0,0,0,0,0,0,0,0,0,0,0,0,0	0
3	902	CERTIFIED_DEFICIT	1736	1	1	0	0,0,0,0,0,0,0,0,0,0,0,0,0	0
3	903	CERTIFIED_DEFICIT	1736	1	1	0	0,0,0,0,0,0,0,0,0,0,0,0,0	0
3	904	CERTIFIED_DEFICIT	1736	1	1	0	0,0,0,0,0,0,0,0,0,0,0,0,0	0
3	905	CERTIFIED_DEFICIT	1736	1	1	0	0,0,0,0,0,0,0,0,0,0,0,0,0	0
3	906	CERTIFIED_DEFICIT	1736	1	1	0	0,0,0,0,0,0,0,0,0,0,0,0,0	0
3	907	CERTIFIED_DEFICIT	1736	1	1	0	0,0,0,0,0,0,0,0,0,0,0,0,0	0
3	908	CERTIFIED_DEFICIT	1736	1	1	0	0,0,0,0,0,0,0,0,0,0,0,0,0	0
3	909	CERTIFIED_DEFICIT	1736	1	1	0	0,0,0,0,0,0,0,0,0,0,0,0,0	0
3	910	CERTIFIED_DEFICIT	1736	1	1	0	0,0,0,0,0,0,0,0,0,0,0,0,0	0
3	911	CERTIFIED_DEFICIT	1736	1	1	0	0,0,0,0,0,0,0,0,0,0,0,0,0	0
3	912	CERTIFIED_DEFICIT	1736	1	1	0	0,0,0,0,0,0,0,0,0,0,0,0,0	0
3	913	CERTIFIED_DEFICIT	1736	1	1	0	0,0,0,0,0,0,0,0,0,0,0,0,0	0
3	914	CERTIFIED_DEFICIT	1206	1	1	0	0,0,0,0,0,0,0,0,0,0,0,0,0	0
3	915	CERTIFIED_DEFICIT	1736	1	1	0	0,0,0,0,0,0,0,0,0,0,0,0,0	0
3	916	CERTIFIED_DEFICIT	1736	1	1	0	0,0,0,0,0,0,0,0,0,0,0,0,0	0
3	917	CERTIFIED_DEFICIT	1736	1	1	0	0,0,0,0,0,0,0,0,0,0,0,0,0	0
3	918	CERTIFIED_DEFICIT	1736	1	1	0	0,0,0,0,0,0,0,0,0,0,0,0,0	0
3	919	CERTIFIED_DEFICIT	1736	1	1	0	0,0,0,0,0,0,0,0,0,0,0,0,0	0
3	920	CERTIFIED_DEFICIT	1376	1	1	0	0,0,0,0,0,0,0,0,0,0,0,0,0	0
3	921	CERTIFIED_DEFICIT	1736	1	1	0	0,0,0,0,0,0,0,0,0,0,0,0,0	0
3	922	CERTIFIED_DEFICIT	1736	1	1	0	0,0,0,0,0,0,0,0,0,0,0,0,0	0
3	923	CERTIFIED_DEFICIT	1736	1	1	0	0,0,0,0,0,0,0,0,0,0,0,0,0	0
3	924	CERTIFIED_DEFICIT	1736	1	1	0	0,0,0,0,0,0,0,0,0,0,0,0,0	0
3	925	CERTIFIED_DEFICIT	1327	1	1	0	0,0,0,0,0,0,0,0,0,0,0,0,0	0
3	926	CERTIFIED_DEFICIT	1736	1	1	0	0,0,0,0,0,0,0,0,0,0,0,0,0	0
3	927	CERTIFIED_DEFICIT	1736	1	1	0	0,0,0,0,0,0,0,0,0,0,0,0,0	0
3	928	CERTIFIED_DEFICIT	1736	1	1	0	0,0,0,0,0,0,0,0,0,0,0,0,0	0
3	929	CERTIFIED_DEFICIT	1273	1	1	0	0,0,0,0,0,0,0,0,0,0,0,0,0	0
3	930	CERTIFIED_DEFICIT	1736	1	1	0	0,0,0,0,0,0,0,0,0,0,0,0,0	0
3	931	CERTIFIED_DEFICIT	1736	1	1	0	0,0,0,0,0,0,0,0,0,0,0,0,0	0
3	932	CERTIFIED_DEFICIT	1237	1	1	0	0,0,0,0,0,0,0,0,0,0,0,0,0	0
3	933	CERTIFIED_DEFICIT	1736	1	1	0	0,0,0,0,0,0,0,0,0,0,0,0,0	0
3	934	CERTIFIED_DEFICIT	1318	1	1	0	0,0,0,0,0,0,0,0,0,0,0,0,0	0
3	935	CERTIFIED_DEFICIT	1736	1	1	0	0,0,0,0,0,0,0,0,0,0,0,0,0	0
3	936	UNCOVERED			0	0	0,0,0,0,0,0,0,0,0,0,0,0,0	24
3	937	UNCOVERED			0	0	0,0,0,0,0,0,0,0,0,0,0,0,0	24
3	938	UNCOVERED			0	0	0,0,0,0,0,0,0,0,0,0,0,0,0	24
3	939	UNCOVERED			0	0	0,0,0,0,0,0,0,0,0,0,0,0,0	24
3	940	UNCOVERED			0	0	0,0,0,0,0,0,0,0,0,0,0,0,0	24
3	941	UNCOVERED			0	0	0,0,0,0,0,0,0,0,0,0,0,0,0	24
3	942	UNCOVERED			0	0	0,0,0,0,0,0,0,0,0,0,0,0,0	24
3	943	UNCOVERED			0	0	0,0,0,0,0,0,0,0,0,0,0,0,0	24
3	944	UNCOVERED			0	0	0,0,0,0,0,0,0,0,0,0,0,0,0	24
3	945	UNCOVERED			0	0	0,0,0,0,0,0,0,0,0,0,0,0,0	24
3	946	UNCOVERED			0	0	0,0,0,0,0,0,0,0,0,0,0,0,0	24
3	947	CERTIFIED_DEFICIT	1233,1443	1,1	2	1	1,0,0,0,0,0,0,0,0,0,0,0,0	24
3	948	UNCOVERED			0	0	0,0,0,0,0,0,0,0,0,0,0,0,0	24
3	949	UNCOVERED			0	0	0,0,0,0,0,0,0,0,0,0,0,0,0	24
3	950	UNCOVERED			0	0	0,0,0,0,0,0,0,0,0,0,0,0,0	24
3	951	UNCOVERED			0	0	0,0,0,0,0,0,0,0,0,0,0,0,0	24
3	952	UNCOVERED			0	0	0,0,0,0,0,0,0,0,0,0,0,0,0	24
3	953	UNCOVERED			0	0	0,0,0,0,0,0,0,0,0,0,0,0,0	24
3	954	UNCOVERED			0	0	0,0,0,0,0,0,0,0,0,0,0,0,0	24
3	955	UNCOVERED			0	0	0,0,0,0,0,0,0,0,0,0,0,0,0	24
3	956	UNCOVERED			0	0	0,0,0,0,0,0,0,0,0,0,0,0,0	24
3	957	UNCOVERED			0	0	0,0,0,0,0,0,0,0,0,0,0,0,0	24
3	958	CERTIFIED_DEFICIT	1233,1443	1,1	2	1	0,1,0,0,0,0,0,0,0,0,0,0,0	24
3	959	UNCOVERED			0	0	0,0,0,0,0,0,0,0,0,0,0,0,0	24
3	960	UNCOVERED			0	0	0,0,0,0,0,0,0,0,0,0,0,0,0	24
3	961	UNCOVERED			0	0	0,0,0,0,0,0,0,0,0,0,0,0,0	24
3	962	UNCOVERED			0	0	0,0,0,0,0,0,0,0,0,0,0,0,0	24
3	963	UNCOVERED			0	0	0,0,0,0,0,0,0,0,0,0,0,0,0	24
3	964	UNCOVERED			0	0	0,0,0,0,0,0,0,0,0,0,0,0,0	24
3	965	UNCOVERED			0	0	0,0,0,0,0,0,0,0,0,0,0,0,0	24
3	966	UNCOVERED			0	0	0,0,0,0,0,0,0,0,0,0,0,0,0	24
3	967	CERTIFIED_DEFICIT	1305,1319,1333	1,1,1	3	2	0,0,0,0,0,0,0,0,0,0,0,1,1	24
3	968	CERTIFIED_DEFICIT	1233,1349	1,1	2	1	0,0,1,0,0,0,0,0,0,0,0,0,0	24
3	969	UNCOVERED			0	0	0,0,0,0,0,0,0,0,0,0,0,0,0	24
3	970	UNCOVERED			0	0	0,0,0,0,0,0,0,0,0,0,0,0,0	24
3	971	UNCOVERED			0	0	0,0,0,0,0,0,0,0,0,0,0,0,0	24
3	972	UNCOVERED			0	0	0,0,0,0,0,0,0,0,0,0,0,0,0	24
3	973	UNCOVERED			0	0	0,0,0,0,0,0,0,0,0,0,0,0,0	24
3	974	UNCOVERED			0	0	0,0,0,0,0,0,0,0,0,0,0,0,0	24
3	975	UNCOVERED			0	0	0,0,0,0,0,0,0,0,0,0,0,0,0	24
3	976	CERTIFIED_DEFICIT	1367,1381	1,1	2	1	0,0,0,0,0,0,0,0,0,0,0,0,1	24
3	977	CERTIFIED_DEFICIT	1233,1291	1,1	2	1	0,0,0,1,0,0,0,0,0,0,0,0,0	24
3	978	UNCOVERED			0	0	0,0,0,0,0,0,0,0,0,0,0,0,0	24
3	979	UNCOVERED			0	0	0,0,0,0,0,0,0,0,0,0,0,0,0	24
3	980	UNCOVERED			0	0	0,0,0,0,0,0,0,0,0,0,0,0,0	24
3	981	UNCOVERED			0	0	0,0,0,0,0,0,0,0,0,0,0,0,0	24
3	982	UNCOVERED			0	0	0,0,0,0,0,0,0,0,0,0,0,0,0	24
3	983	UNCOVERED			0	0	0,0,0,0,0,0,0,0,0,0,0,0,0	24
3	984	UNCOVERED			0	0	0,0,0,0,0,0,0,0,0,0,0,0,0	24
3	985	CERTIFIED_DEFICIT	1233,1255	1,1	2	1	0,0,0,0,1,0,0,0,0,0,0,0,0	24
3	986	UNCOVERED			0	0	0,0,0,0,0,0,0,0,0,0,0,0,0	24
3	987	UNCOVERED			0	0	0,0,0,0,0,0,0,0,0,0,0,0,0	24
3	988	UNCOVERED			0	0	0,0,0,0,0,0,0,0,0,0,0,0,0	24
3	989	UNCOVERED			0	0	0,0,0,0,0,0,0,0,0,0,0,0,0	24
3	990	UNCOVERED			0	0	0,0,0,0,0,0,0,0,0,0,0,0,0	24
3	991	CERTIFIED_DEFICIT	1271,1285	1,1	2	1	0,0,0,0,0,0,0,0,0,0,0,0,1	24
3	992	CERTIFIED_DEFICIT	1313	1	1	0	0,0,0,0,0,0,0,0,0,0,0,0,0	0
3	993	UNCOVERED			0	0	0,0,0,0,0,0,0,0,0,0,0,0,0	24
3	994	UNCOVERED			0	0	0,0,0,0,0,0,0,0,0,0,0,0,0	24
3	995	UNCOVERED			0	0	0,0,0,0,0,0,0,0,0,0,0,0,0	24
3	996	UNCOVERED			0	0	0,0,0,0,0,0,0,0,0,0,0,0,0	24
3	997	CERTIFIED_DEFICIT	1219,1573	1,1	2	1	0,0,0,0,0,0,0,0,0,0,0,0,1	24
3	998	CERTIFIED_DEFICIT	1199,1205	1,1	2	1	0,0,0,0,0,0,0,0,0,0,0,0,1	24
3	999	UNCOVERED			0	0	0,0,0,0,0,0,0,0,0,0,0,0,0	24
3	1000	UNCOVERED			0	0	0,0,0,0,0,0,0,0,0,0,0,0,0	24
3	1001	UNCOVERED			0	0	0,0,0,0,0,0,0,0,0,0,0,0,0	24
3	1002	CERTIFIED_DEFICIT	1231,1259,1327	1,1,1	3	2	0,0,0,0,0,0,0,0,0,0,0,1,1	24
3	1003	CERTIFIED_DEFICIT	1327	1	1	0	0,0,0,0,0,0,0,0,0,0,0,0,0	0
3	1004	UNCOVERED			0	0	0,0,0,0,0,0,0,0,0,0,0,0,0	24
3	1005	UNCOVERED			0	0	0,0,0,0,0,0,0,0,0,0,0,0,0	24
3	1006	CERTIFIED_DEFICIT	1249,1543	1,1	2	1	0,0,0,0,0,0,0,0,0,0,0,0,1	24
3	1007	CERTIFIED_DEFICIT	1273	1	1	0	0,0,0,0,0,0,0,0,0,0,0,0,0	0
3	1008	UNCOVERED			0	0	0,0,0,0,0,0,0,0,0,0,0,0,0	24
3	1009	UNCOVERED			0	0	0,0,0,0,0,0,0,0,0,0,0,0,0	24
3	1010	CERTIFIED_DEFICIT	1237	1	1	0	0,0,0,0,0,0,0,0,0,0,0,0,0	0
3	1011	UNCOVERED			0	0	0,0,0,0,0,0,0,0,0,0,0,0,0	24
3	1012	CERTIFIED_DEFICIT	1229,1247	1,1	2	1	0,0,0,0,0,0,0,0,0,0,0,0,1	24
3	1013	CERTIFIED_DEFICIT	1227,1241	1,1	2	1	0,0,0,0,0,0,0,0,0,0,0,0,1	24
3	1014	CERTIFIED_DEFICIT	1638	1	1	0	0,0,0,0,0,0,0,0,0,0,0,0,0	0
3	1015	CERTIFIED_DEFICIT	1638	1	1	0	0,0,0,0,0,0,0,0,0,0,0,0,0	0
3	1016	CERTIFIED_DEFICIT	1638	1	1	0	0,0,0,0,0,0,0,0,0,0,0,0,0	0
3	1017	CERTIFIED_DEFICIT	1638	1	1	0	0,0,0,0,0,0,0,0,0,0,0,0,0	0
3	1018	CERTIFIED_DEFICIT	1638	1	1	0	0,0,0,0,0,0,0,0,0,0,0,0,0	0
3	1019	CERTIFIED_DEFICIT	1638	1	1	0	0,0,0,0,0,0,0,0,0,0,0,0,0	0
3	1020	CERTIFIED_DEFICIT	1638	1	1	0	0,0,0,0,0,0,0,0,0,0,0,0,0	0
3	1021	CERTIFIED_DEFICIT	1638	1	1	0	0,0,0,0,0,0,0,0,0,0,0,0,0	0
3	1022	CERTIFIED_DEFICIT	1638	1	1	0	0,0,0,0,0,0,0,0,0,0,0,0,0	0
3	1023	CERTIFIED_DEFICIT	1638	1	1	0	0,0,0,0,0,0,0,0,0,0,0,0,0	0
3	1024	CERTIFIED_DEFICIT	1638	1	1	0	0,0,0,0,0,0,0,0,0,0,0,0,0	0
3	1025	CERTIFIED_DEFICIT	1638	1	1	0	0,0,0,0,0,0,0,0,0,0,0,0,0	0
3	1026	CERTIFIED_DEFICIT	1638	1	1	0	0,0,0,0,0,0,0,0,0,0,0,0,0	0
3	1027	CERTIFIED_DEFICIT	1638	1	1	0	0,0,0,0,0,0,0,0,0,0,0,0,0	0
3	1028	CERTIFIED_DEFICIT	1638	1	1	0	0,0,0,0,0,0,0,0,0,0,0,0,0	0
3	1029	CERTIFIED_DEFICIT	1638	1	1	0	0,0,0,0,0,0,0,0,0,0,0,0,0	0
3	1030	CERTIFIED_DEFICIT	1638	1	1	0	0,0,0,0,0,0,0,0,0,0,0,0,0	0
3	1031	CERTIFIED_DEFICIT	1638	1	1	0	0,0,0,0,0,0,0,0,0,0,0,0,0	0
3	1032	CERTIFIED_DEFICIT	1638	1	1	0	0,0,0,0,0,0,0,0,0,0,0,0,0	0
3	1033	CERTIFIED_DEFICIT	1638	1	1	0	0,0,0,0,0,0,0,0,0,0,0,0,0	0
3	1034	CERTIFIED_DEFICIT	1638	1	1	0	0,0,0,0,0,0,0,0,0,0,0,0,0	0
3	1035	CERTIFIED_DEFICIT	1638	1	1	0	0,0,0,0,0,0,0,0,0,0,0,0,0	0
3	1036	CERTIFIED_DEFICIT	1638	1	1	0	0,0,0,0,0,0,0,0,0,0,0,0,0	0
3	1037	CERTIFIED_DEFICIT	1638	1	1	0	0,0,0,0,0,0,0,0,0,0,0,0,0	0
3	1038	CERTIFIED_DEFICIT	1638	1	1	0	0,0,0,0,0,0,0,0,0,0,0,0,0	0
3	1039	CERTIFIED_DEFICIT	1638	1	1	0	0,0,0,0,0,0,0,0,0,0,0,0,0	0
3	1040	CERTIFIED_DEFICIT	1638	1	1	0	0,0,0,0,0,0,0,0,0,0,0,0,0	0
3	1041	CERTIFIED_DEFICIT	1638	1	1	0	0,0,0,0,0,0,0,0,0,0,0,0,0	0
3	1042	CERTIFIED_DEFICIT	1638	1	1	0	0,0,0,0,0,0,0,0,0,0,0,0,0	0
3	1043	CERTIFIED_DEFICIT	1638	1	1	0	0,0,0,0,0,0,0,0,0,0,0,0,0	0
3	1044	CERTIFIED_DEFICIT	1638	1	1	0	0,0,0,0,0,0,0,0,0,0,0,0,0	0
3	1045	CERTIFIED_DEFICIT	1638	1	1	0	0,0,0,0,0,0,0,0,0,0,0,0,0	0
3	1046	CERTIFIED_DEFICIT	1638	1	1	0	0,0,0,0,0,0,0,0,0,0,0,0,0	0
3	1047	CERTIFIED_DEFICIT	1638	1	1	0	0,0,0,0,0,0,0,0,0,0,0,0,0	0
3	1048	CERTIFIED_DEFICIT	1638	1	1	0	0,0,0,0,0,0,0,0,0,0,0,0,0	0
3	1049	CERTIFIED_DEFICIT	1638	1	1	0	0,0,0,0,0,0,0,0,0,0,0,0,0	0
3	1050	CERTIFIED_DEFICIT	1638	1	1	0	0,0,0,0,0,0,0,0,0,0,0,0,0	0
3	1051	CERTIFIED_DEFICIT	1638	1	1	0	0,0,0,0,0,0,0,0,0,0,0,0,0	0
3	1052	CERTIFIED_DEFICIT	1638	1	1	0	0,0,0,0,0,0,0,0,0,0,0,0,0	0
3	1053	CERTIFIED_DEFICIT	1638	1	1	0	0,0,0,0,0,0,0,0,0,0,0,0,0	0
3	1054	CERTIFIED_DEFICIT	1638	1	1	0	0,0,0,0,0,0,0,0,0,0,0,0,0	0
3	1055	CERTIFIED_DEFICIT	1638	1	1	0	0,0,0,0,0,0,0,0,0,0,0,0,0	0
3	1056	CERTIFIED_DEFICIT	1638	1	1	0	0,0,0,0,0,0,0,0,0,0,0,0,0	0
3	1057	CERTIFIED_DEFICIT	1638	1	1	0	0,0,0,0,0,0,0,0,0,0,0,0,0	0
3	1058	CERTIFIED_DEFICIT	1638	1	1	0	0,0,0,0,0,0,0,0,0,0,0,0,0	0
3	1059	CERTIFIED_DEFICIT	1638	1	1	0	0,0,0,0,0,0,0,0,0,0,0,0,0	0
3	1060	CERTIFIED_DEFICIT	1638	1	1	0	0,0,0,0,0,0,0,0,0,0,0,0,0	0
3	1061	CERTIFIED_DEFICIT	1638	1	1	0	0,0,0,0,0,0,0,0,0,0,0,0,0	0
3	1062	CERTIFIED_DEFICIT	1638	1	1	0	0,0,0,0,0,0,0,0,0,0,0,0,0	0
3	1063	CERTIFIED_DEFICIT	1638	1	1	0	0,0,0,0,0,0,0,0,0,0,0,0,0	0
3	1064	CERTIFIED_DEFICIT	1638	1	1	0	0,0,0,0,0,0,0,0,0,0,0,0,0	0
3	1065	CERTIFIED_DEFICIT	1638	1	1	0	0,0,0,0,0,0,0,0,0,0,0,0,0	0
3	1066	CERTIFIED_DEFICIT	1638	1	1	0	0,0,0,0,0,0,0,0,0,0,0,0,0	0
3	1067	CERTIFIED_DEFICIT	1638	1	1	0	0,0,0,0,0,0,0,0,0,0,0,0,0	0
3	1068	CERTIFIED_DEFICIT	1638	1	1	0	0,0,0,0,0,0,0,0,0,0,0,0,0	0
3	1069	CERTIFIED_DEFICIT	1638	1	1	0	0,0,0,0,0,0,0,0,0,0,0,0,0	0
3	1070	CERTIFIED_DEFICIT	1313	1	1	0	0,0,0,0,0,0,0,0,0,0,0,0,0	0
3	1071	CERTIFIED_DEFICIT	1638	1	1	0	0,0,0,0,0,0,0,0,0,0,0,0,0	0
3	1072	CERTIFIED_DEFICIT	1638	1	1	0	0,0,0,0,0,0,0,0,0,0,0,0,0	0
3	1073	CERTIFIED_DEFICIT	1638	1	1	0	0,0,0,0,0,0,0,0,0,0,0,0,0	0
3	1074	CERTIFIED_DEFICIT	1638	1	1	0	0,0,0,0,0,0,0,0,0,0,0,0,0	0
3	1075	CERTIFIED_DEFICIT	1638	1	1	0	0,0,0,0,0,0,0,0,0,0,0,0,0	0
3	1076	CERTIFIED_DEFICIT	1638	1	1	0	0,0,0,0,0,0,0,0,0,0,0,0,0	0
3	1077	CERTIFIED_DEFICIT	1638	1	1	0	0,0,0,0,0,0,0,0,0,0,0,0,0	0
3	1078	CERTIFIED_DEFICIT	1638	1	1	0	0,0,0,0,0,0,0,0,0,0,0,0,0	0
3	1079	CERTIFIED_DEFICIT	1638	1	1	0	0,0,0,0,0,0,0,0,0,0,0,0,0	0
3	1080	CERTIFIED_DEFICIT	1638	1	1	0	0,0,0,0,0,0,0,0,0,0,0,0,0	0
3	1081	CERTIFIED_DEFICIT	1327	1	1	0	0,0,0,0,0,0,0,0,0,0,0,0,0	0
3	1082	CERTIFIED_DEFICIT	1638	1	1	0	0,0,0,0,0,0,0,0,0,0,0,0,0	0
3	1083	CERTIFIED_DEFICIT	1638	1	1	0	0,0,0,0,0,0,0,0,0,0,0,0,0	0
3	1084	CERTIFIED_DEFICIT	1638	1	1	0	0,0,0,0,0,0,0,0,0,0,0,0,0	0
3	1085	CERTIFIED_DEFICIT	1273	1	1	0	0,0,0,0,0,0,0,0,0,0,0,0,0	0
3	1086	CERTIFIED_DEFICIT	1638	1	1	0	0,0,0,0,0,0,0,0,0,0,0,0,0	0
3	1087	CERTIFIED_DEFICIT	1638	1	1	0	0,0,0,0,0,0,0,0,0,0,0,0,0	0
3	1088	CERTIFIED_DEFICIT	1237	1	1	0	0,0,0,0,0,0,0,0,0,0,0,0,0	0
3	1089	CERTIFIED_DEFICIT	1638	1	1	0	0,0,0,0,0,0,0,0,0,0,0,0,0	0
3	1090	CERTIFIED_DEFICIT	1638	1	1	0	0,0,0,0,0,0,0,0,0,0,0,0,0	0
3	1091	CERTIFIED_DEFICIT	1638	1	1	0	0,0,0,0,0,0,0,0,0,0,0,0,0	0
3	1092	CERTIFIED_DEFICIT	1862	1	1	0	0,0,0,0,0,0,0,0,0,0,0,0,0	0
3	1093	CERTIFIED_DEFICIT	1862	1	1	0	0,0,0,0,0,0,0,0,0,0,0,0,0	0
3	1094	CERTIFIED_DEFICIT	1862	1	1	0	0,0,0,0,0,0,0,0,0,0,0,0,0	0
3	1095	CERTIFIED_DEFICIT	1862	1	1	0	0,0,0,0,0,0,0,0,0,0,0,0,0	0
3	1096	CERTIFIED_DEFICIT	1862	1	1	0	0,0,0,0,0,0,0,0,0,0,0,0,0	0
3	1097	CERTIFIED_DEFICIT	1862	1	1	0	0,0,0,0,0,0,0,0,0,0,0,0,0	0
3	1098	CERTIFIED_DEFICIT	1862	1	1	0	0,0,0,0,0,0,0,0,0,0,0,0,0	0
3	1099	CERTIFIED_DEFICIT	1862	1	1	0	0,0,0,0,0,0,0,0,0,0,0,0,0	0
3	1100	CERTIFIED_DEFICIT	1862	1	1	0	0,0,0,0,0,0,0,0,0,0,0,0,0	0
3	1101	CERTIFIED_DEFICIT	1862	1	1	0	0,0,0,0,0,0,0,0,0,0,0,0,0	0
3	1102	CERTIFIED_DEFICIT	1862	1	1	0	0,0,0,0,0,0,0,0,0,0,0,0,0	0
3	1103	CERTIFIED_DEFICIT	1862	1	1	0	0,0,0,0,0,0,0,0,0,0,0,0,0	0
3	1104	CERTIFIED_DEFICIT	1862	1	1	0	0,0,0,0,0,0,0,0,0,0,0,0,0	0
3	1105	CERTIFIED_DEFICIT	1862	1	1	0	0,0,0,0,0,0,0,0,0,0,0,0,0	0
3	1106	CERTIFIED_DEFICIT	1862	1	1	0	0,0,0,0,0,0,0,0,0,0,0,0,0	0
3	1107	CERTIFIED_DEFICIT	1862	1	1	0	0,0,0,0,0,0,0,0,0,0,0,0,0	0
3	1108	CERTIFIED_DEFICIT	1862	1	1	0	0,0,0,0,0,0,0,0,0,0,0,0,0	0
3	1109	CERTIFIED_DEFICIT	1862	1	1	0	0,0,0,0,0,0,0,0,0,0,0,0,0	0
3	1110	CERTIFIED_DEFICIT	1862	1	1	0	0,0,0,0,0,0,0,0,0,0,0,0,0	0
3	1111	CERTIFIED_DEFICIT	1862	1	1	0	0,0,0,0,0,0,0,0,0,0,0,0,0	0
3	1112	CERTIFIED_DEFICIT	1862	1	1	0	0,0,0,0,0,0,0,0,0,0,0,0,0	0
3	1113	CERTIFIED_DEFICIT	1862	1	1	0	0,0,0,0,0,0,0,0,0,0,0,0,0	0
3	1114	CERTIFIED_DEFICIT	1862	1	1	0	0,0,0,0,0,0,0,0,0,0,0,0,0	0
3	1115	CERTIFIED_DEFICIT	1862	1	1	0	0,0,0,0,0,0,0,0,0,0,0,0,0	0
3	1116	CERTIFIED_DEFICIT	1862	1	1	0	0,0,0,0,0,0,0,0,0,0,0,0,0	0
3	1117	CERTIFIED_DEFICIT	1862	1	1	0	0,0,0,0,0,0,0,0,0,0,0,0,0	0
3	1118	CERTIFIED_DEFICIT	1862	1	1	0	0,0,0,0,0,0,0,0,0,0,0,0,0	0
3	1119	CERTIFIED_DEFICIT	1862	1	1	0	0,0,0,0,0,0,0,0,0,0,0,0,0	0
3	1120	CERTIFIED_DEFICIT	1862	1	1	0	0,0,0,0,0,0,0,0,0,0,0,0,0	0
3	1121	CERTIFIED_DEFICIT	1862	1	1	0	0,0,0,0,0,0,0,0,0,0,0,0,0	0
3	1122	CERTIFIED_DEFICIT	1862	1	1	0	0,0,0,0,0,0,0,0,0,0,0,0,0	0
3	1123	CERTIFIED_DEFICIT	1862	1	1	0	0,0,0,0,0,0,0,0,0,0,0,0,0	0
3	1124	CERTIFIED_DEFICIT	1862	1	1	0	0,0,0,0,0,0,0,0,0,0,0,0,0	0
3	1125	CERTIFIED_DEFICIT	1862	1	1	0	0,0,0,0,0,0,0,0,0,0,0,0,0	0
3	1126	CERTIFIED_DEFICIT	1862	1	1	0	0,0,0,0,0,0,0,0,0,0,0,0,0	0
3	1127	CERTIFIED_DEFICIT	1862	1	1	0	0,0,0,0,0,0,0,0,0,0,0,0,0	0
3	1128	CERTIFIED_DEFICIT	1862	1	1	0	0,0,0,0,0,0,0,0,0,0,0,0,0	0
3	1129	CERTIFIED_DEFICIT	1862	1	1	0	0,0,0,0,0,0,0,0,0,0,0,0,0	0
3	1130	CERTIFIED_DEFICIT	1862	1	1	0	0,0,0,0,0,0,0,0,0,0,0,0,0	0
3	1131	CERTIFIED_DEFICIT	1862	1	1	0	0,0,0,0,0,0,0,0,0,0,0,0,0	0
3	1132	CERTIFIED_DEFICIT	1862	1	1	0	0,0,0,0,0,0,0,0,0,0,0,0,0	0
3	1133	CERTIFIED_DEFICIT	1862	1	1	0	0,0,0,0,0,0,0,0,0,0,0,0,0	0
3	1134	CERTIFIED_DEFICIT	1862	1	1	0	0,0,0,0,0,0,0,0,0,0,0,0,0	0
3	1135	CERTIFIED_DEFICIT	1862	1	1	0	0,0,0,0,0,0,0,0,0,0,0,0,0	0
3	1136	CERTIFIED_DEFICIT	1862	1	1	0	0,0,0,0,0,0,0,0,0,0,0,0,0	0
3	1137	CERTIFIED_DEFICIT	1862	1	1	0	0,0,0,0,0,0,0,0,0,0,0,0,0	0
3	1138	CERTIFIED_DEFICIT	1862	1	1	0	0,0,0,0,0,0,0,0,0,0,0,0,0	0
3	1139	CERTIFIED_DEFICIT	1862	1	1	0	0,0,0,0,0,0,0,0,0,0,0,0,0	0
3	1140	CERTIFIED_DEFICIT	1862	1	1	0	0,0,0,0,0,0,0,0,0,0,0,0,0	0
3	1141	CERTIFIED_DEFICIT	1862	1	1	0	0,0,0,0,0,0,0,0,0,0,0,0,0	0
3	1142	CERTIFIED_DEFICIT	1862	1	1	0	0,0,0,0,0,0,0,0,0,0,0,0,0	0
3	1143	CERTIFIED_DEFICIT	1862	1	1	0	0,0,0,0,0,0,0,0,0,0,0,0,0	0
3	1144	CERTIFIED_DEFICIT	1862	1	1	0	0,0,0,0,0,0,0,0,0,0,0,0,0	0
3	1145	CERTIFIED_DEFICIT	1862	1	1	0	0,0,0,0,0,0,0,0,0,0,0,0,0	0
3	1146	CERTIFIED_DEFICIT	1862	1	1	0	0,0,0,0,0,0,0,0,0,0,0,0,0	0
3	1147	CERTIFIED_DEFICIT	1862	1	1	0	0,0,0,0,0,0,0,0,0,0,0,0,0	0
3	1148	CERTIFIED_DEFICIT	1313	1	1	0	0,0,0,0,0,0,0,0,0,0,0,0,0	0
3	1149	CERTIFIED_DEFICIT	1862	1	1	0	0,0,0,0,0,0,0,0,0,0,0,0,0	0
3	1150	CERTIFIED_DEFICIT	1862	1	1	0	0,0,0,0,0,0,0,0,0,0,0,0,0	0
3	1151	CERTIFIED_DEFICIT	1862	1	1	0	0,0,0,0,0,0,0,0,0,0,0,0,0	0
3	1152	CERTIFIED_DEFICIT	1862	1	1	0	0,0,0,0,0,0,0,0,0,0,0,0,0	0
3	1153	CERTIFIED_DEFICIT	1862	1	1	0	0,0,0,0,0,0,0,0,0,0,0,0,0	0
3	1154	CERTIFIED_DEFICIT	1862	1	1	0	0,0,0,0,0,0,0,0,0,0,0,0,0	0
3	1155	CERTIFIED_DEFICIT	1862	1	1	0	0,0,0,0,0,0,0,0,0,0,0,0,0	0
3	1156	CERTIFIED_DEFICIT	1862	1	1	0	0,0,0,0,0,0,0,0,0,0,0,0,0	0
3	1157	CERTIFIED_DEFICIT	1862	1	1	0	0,0,0,0,0,0,0,0,0,0,0,0,0	0
3	1158	CERTIFIED_DEFICIT	1862	1	1	0	0,0,0,0,0,0,0,0,0,0,0,0,0	0
3	1159	CERTIFIED_DEFICIT	1327	1	1	0	0,0,0,0,0,0,0,0,0,0,0,0,0	0
3	1160	CERTIFIED_DEFICIT	1862	1	1	0	0,0,0,0,0,0,0,0,0,0,0,0,0	0
3	1161	CERTIFIED_DEFICIT	1862	1	1	0	0,0,0,0,0,0,0,0,0,0,0,0,0	0
3	1162	CERTIFIED_DEFICIT	1862	1	1	0	0,0,0,0,0,0,0,0,0,0,0,0,0	0
3	1163	CERTIFIED_DEFICIT	1273	1	1	0	0,0,0,0,0,0,0,0,0,0,0,0,0	0
3	1164	CERTIFIED_DEFICIT	1862	1	1	0	0,0,0,0,0,0,0,0,0,0,0,0,0	0
3	1165	CERTIFIED_DEFICIT	1862	1	1	0	0,0,0,0,0,0,0,0,0,0,0,0,0	0
3	1166	CERTIFIED_DEFICIT	1237	1	1	0	0,0,0,0,0,0,0,0,0,0,0,0,0	0
3	1167	CERTIFIED_DEFICIT	1862	1	1	0	0,0,0,0,0,0,0,0,0,0,0,0,0	0
3	1168	CERTIFIED_DEFICIT	1862	1	1	0	0,0,0,0,0,0,0,0,0,0,0,0,0	0
3	1169	CERTIFIED_DEFICIT	1862	1	1	0	0,0,0,0,0,0,0,0,0,0,0,0,0	0
3	1170	UNCOVERED			0	0	0,0,0,0,0,0,0,0,0,0,0,0,0	24
3	1171	UNCOVERED			0	0	0,0,0,0,0,0,0,0,0,0,0,0,0	24
3	1172	UNCOVERED			0	0	0,0,0,0,0,0,0,0,0,0,0,0,0	24
3	1173	UNCOVERED			0	0	0,0,0,0,0,0,0,0,0,0,0,0,0	24
3	1174	UNCOVERED			0	0	0,0,0,0,0,0,0,0,0,0,0,0,0	24
3	1175	UNCOVERED			0	0	0,0,0,0,0,0,0,0,0,0,0,0,0	24
3	1176	UNCOVERED			0	0	0,0,0,0,0,0,0,0,0,0,0,0,0	24
3	1177	UNCOVERED			0	0	0,0,0,0,0,0,0,0,0,0,0,0,0	24
3	1178	UNCOVERED			0	0	0,0,0,0,0,0,0,0,0,0,0,0,0	24
3	1179	UNCOVERED			0	0	0,0,0,0,0,0,0,0,0,0,0,0,0	24
3	1180	UNCOVERED			0	0	0,0,0,0,0,0,0,0,0,0,0,0,0	24
3	1181	CERTIFIED_DEFICIT	1233,1443	1,1	2	1	1,0,0,0,0,0,0,0,0,0,0,0,0	24
3	1182	UNCOVERED			0	0	0,0,0,0,0,0,0,0,0,0,0,0,0	24
3	1183	UNCOVERED			0	0	0,0,0,0,0,0,0,0,0,0,0,0,0	24
3	1184	UNCOVERED			0	0	0,0,0,0,0,0,0,0,0,0,0,0,0	24
3	1185	UNCOVERED			0	0	0,0,0,0,0,0,0,0,0,0,0,0,0	24
3	1186	UNCOVERED			0	0	0,0,0,0,0,0,0,0,0,0,0,0,0	24
3	1187	UNCOVERED			0	0	0,0,0,0,0,0,0,0,0,0,0,0,0	24
3	1188	UNCOVERED			0	0	0,0,0,0,0,0,0,0,0,0,0,0,0	24
3	1189	UNCOVERED			0	0	0,0,0,0,0,0,0,0,0,0,0,0,0	24
3	1190	UNCOVERED			0	0	0,0,0,0,0,0,0,0,0,0,0,0,0	24
3	1191	UNCOVERED			0	0	0,0,0,0,0,0,0,0,0,0,0,0,0	24
3	1192	CERTIFIED_DEFICIT	1233,1443	1,1	2	1	0,1,0,0,0,0,0,0,0,0,0,0,0	24
3	1193	UNCOVERED			0	0	0,0,0,0,0,0,0,0,0,0,0,0,0	24
3	1194	UNCOVERED			0	0	0,0,0,0,0,0,0,0,0,0,0,0,0	24
3	1195	UNCOVERED			0	0	0,0,0,0,0,0,0,0,0,0,0,0,0	24
3	1196	UNCOVERED			0	0	0,0,0,0,0,0,0,0,0,0,0,0,0	24
3	1197	UNCOVERED			0	0	0,0,0,0,0,0,0,0,0,0,0,0,0	24
3	1198	UNCOVERED			0	0	0,0,0,0,0,0,0,0,0,0,0,0,0	24
3	1199	UNCOVERED			0	0	0,0,0,0,0,0,0,0,0,0,0,0,0	24
3	1200	UNCOVERED			0	0	0,0,0,0,0,0,0,0,0,0,0,0,0	24
3	1201	UNCOVERED			0	0	0,0,0,0,0,0,0,0,0,0,0,0,0	24
3	1202	CERTIFIED_DEFICIT	1233,1349	1,1	2	1	0,0,1,0,0,0,0,0,0,0,0,0,0	24
3	1203	UNCOVERED			0	0	0,0,0,0,0,0,0,0,0,0,0,0,0	24
3	1204	UNCOVERED			0	0	0,0,0,0,0,0,0,0,0,0,0,0,0	24
3	1205	UNCOVERED			0	0	0,0,0,0,0,0,0,0,0,0,0,0,0	24
3	1206	UNCOVERED			0	0	0,0,0,0,0,0,0,0,0,0,0,0,0	24
3	1207	UNCOVERED			0	0	0,0,0,0,0,0,0,0,0,0,0,0,0	24
3	1208	UNCOVERED			0	0	0,0,0,0,0,0,0,0,0,0,0,0,0	24
3	1209	UNCOVERED			0	0	0,0,0,0,0,0,0,0,0,0,0,0,0	24
3	1210	CERTIFIED_DEFICIT	1367,1381	1,1	2	1	0,0,0,0,0,0,0,0,0,0,0,0,1	24
3	1211	CERTIFIED_DEFICIT	1233,1291	1,1	2	1	0,0,0,1,0,0,0,0,0,0,0,0,0	24
3	1212	UNCOVERED			0	0	0,0,0,0,0,0,0,0,0,0,0,0,0	24
3	1213	UNCOVERED			0	0	0,0,0,0,0,0,0,0,0,0,0,0,0	24
3	1214	UNCOVERED			0	0	0,0,0,0,0,0,0,0,0,0,0,0,0	24
3	1215	UNCOVERED			0	0	0,0,0,0,0,0,0,0,0,0,0,0,0	24
3	1216	UNCOVERED			0	0	0,0,0,0,0,0,0,0,0,0,0,0,0	24
3	1217	UNCOVERED			0	0	0,0,0,0,0,0,0,0,0,0,0,0,0	24
3	1218	UNCOVERED			0	0	0,0,0,0,0,0,0,0,0,0,0,0,0	24
3	1219	CERTIFIED_DEFICIT	1233,1255	1,1	2	1	0,0,0,0,1,0,0,0,0,0,0,0,0	24
3	1220	UNCOVERED			0	0	0,0,0,0,0,0,0,0,0,0,0,0,0	24
3	1221	UNCOVERED			0	0	0,0,0,0,0,0,0,0,0,0,0,0,0	24
3	1222	UNCOVERED			0	0	0,0,0,0,0,0,0,0,0,0,0,0,0	24
3	1223	UNCOVERED			0	0	0,0,0,0,0,0,0,0,0,0,0,0,0	24
3	1224	UNCOVERED			0	0	0,0,0,0,0,0,0,0,0,0,0,0,0	24
3	1225	CERTIFIED_DEFICIT	1271,1285	1,1	2	1	0,0,0,0,0,0,0,0,0,0,0,0,1	24
3	1226	CERTIFIED_DEFICIT	1313	1	1	0	0,0,0,0,0,0,0,0,0,0,0,0,0	0
3	1227	UNCOVERED			0	0	0,0,0,0,0,0,0,0,0,0,0,0,0	24
3	1228	UNCOVERED			0	0	0,0,0,0,0,0,0,0,0,0,0,0,0	24
3	1229	UNCOVERED			0	0	0,0,0,0,0,0,0,0,0,0,0,0,0	24
3	1230	UNCOVERED			0	0	0,0,0,0,0,0,0,0,0,0,0,0,0	24
3	1231	CERTIFIED_DEFICIT	1219,1573	1,1	2	1	0,0,0,0,0,0,0,0,0,0,0,0,1	24
3	1232	CERTIFIED_DEFICIT	1199,1205	1,1	2	1	0,0,0,0,0,0,0,0,0,0,0,0,1	24
3	1233	UNCOVERED			0	0	0,0,0,0,0,0,0,0,0,0,0,0,0	24
3	1234	UNCOVERED			0	0	0,0,0,0,0,0,0,0,0,0,0,0,0	24
3	1235	UNCOVERED			0	0	0,0,0,0,0,0,0,0,0,0,0,0,0	24
3	1236	UNCOVERED			0	0	0,0,0,0,0,0,0,0,0,0,0,0,0	24
3	1237	CERTIFIED_DEFICIT	1327	1	1	0	0,0,0,0,0,0,0,0,0,0,0,0,0	0
3	1238	UNCOVERED			0	0	0,0,0,0,0,0,0,0,0,0,0,0,0	24
3	1239	UNCOVERED			0	0	0,0,0,0,0,0,0,0,0,0,0,0,0	24
3	1240	CERTIFIED_DEFICIT	1249,1543	1,1	2	1	0,0,0,0,0,0,0,0,0,0,0,0,1	24
3	1241	CERTIFIED_DEFICIT	1273	1	1	0	0,0,0,0,0,0,0,0,0,0,0,0,0	0
3	1242	UNCOVERED			0	0	0,0,0,0,0,0,0,0,0,0,0,0,0	24
3	1243	UNCOVERED			0	0	0,0,0,0,0,0,0,0,0,0,0,0,0	24
3	1244	CERTIFIED_DEFICIT	1237	1	1	0	0,0,0,0,0,0,0,0,0,0,0,0,0	0
3	1245	UNCOVERED			0	0	0,0,0,0,0,0,0,0,0,0,0,0,0	24
3	1246	CERTIFIED_DEFICIT	1229,1247	1,1	2	1	0,0,0,0,0,0,0,0,0,0,0,0,1	24
3	1247	CERTIFIED_DEFICIT	1227,1241	1,1	2	1	0,0,0,0,0,0,0,0,0,0,0,0,1	24
3	1248	CERTIFIED_DEFICIT	2184	1	1	0	0,0,0,0,0,0,0,0,0,0,0,0,0	0
3	1249	CERTIFIED_DEFICIT	2184	1	1	0	0,0,0,0,0,0,0,0,0,0,0,0,0	0
3	1250	CERTIFIED_DEFICIT	2184	1	1	0	0,0,0,0,0,0,0,0,0,0,0,0,0	0
3	1251	CERTIFIED_DEFICIT	2184	1	1	0	0,0,0,0,0,0,0,0,0,0,0,0,0	0
3	1252	CERTIFIED_DEFICIT	2184	1	1	0	0,0,0,0,0,0,0,0,0,0,0,0,0	0
3	1253	CERTIFIED_DEFICIT	2184	1	1	0	0,0,0,0,0,0,0,0,0,0,0,0,0	0
3	1254	CERTIFIED_DEFICIT	2184	1	1	0	0,0,0,0,0,0,0,0,0,0,0,0,0	0
3	1255	CERTIFIED_DEFICIT	2184	1	1	0	0,0,0,0,0,0,0,0,0,0,0,0,0	0
3	1256	CERTIFIED_DEFICIT	2184	1	1	0	0,0,0,0,0,0,0,0,0,0,0,0,0	0
3	1257	CERTIFIED_DEFICIT	2184	1	1	0	0,0,0,0,0,0,0,0,0,0,0,0,0	0
3	1258	CERTIFIED_DEFICIT	2184	1	1	0	0,0,0,0,0,0,0,0,0,0,0,0,0	0
3	1259	CERTIFIED_DEFICIT	2184	1	1	0	0,0,0,0,0,0,0,0,0,0,0,0,0	0
3	1260	CERTIFIED_DEFICIT	2184	1	1	0	0,0,0,0,0,0,0,0,0,0,0,0,0	0
3	1261	CERTIFIED_DEFICIT	2184	1	1	0	0,0,0,0,0,0,0,0,0,0,0,0,0	0
3	1262	CERTIFIED_DEFICIT	2184	1	1	0	0,0,0,0,0,0,0,0,0,0,0,0,0	0
3	1263	CERTIFIED_DEFICIT	2184	1	1	0	0,0,0,0,0,0,0,0,0,0,0,0,0	0
3	1264	CERTIFIED_DEFICIT	2184	1	1	0	0,0,0,0,0,0,0,0,0,0,0,0,0	0
3	1265	CERTIFIED_DEFICIT	2184	1	1	0	0,0,0,0,0,0,0,0,0,0,0,0,0	0
3	1266	CERTIFIED_DEFICIT	2184	1	1	0	0,0,0,0,0,0,0,0,0,0,0,0,0	0
3	1267	CERTIFIED_DEFICIT	2184	1	1	0	0,0,0,0,0,0,0,0,0,0,0,0,0	0
3	1268	CERTIFIED_DEFICIT	2184	1	1	0	0,0,0,0,0,0,0,0,0,0,0,0,0	0
3	1269	CERTIFIED_DEFICIT	2184	1	1	0	0,0,0,0,0,0,0,0,0,0,0,0,0	0
3	1270	CERTIFIED_DEFICIT	2184	1	1	0	0,0,0,0,0,0,0,0,0,0,0,0,0	0
3	1271	CERTIFIED_DEFICIT	2184	1	1	0	0,0,0,0,0,0,0,0,0,0,0,0,0	0
3	1272	CERTIFIED_DEFICIT	2184	1	1	0	0,0,0,0,0,0,0,0,0,0,0,0,0	0
3	1273	CERTIFIED_DEFICIT	2184	1	1	0	0,0,0,0,0,0,0,0,0,0,0,0,0	0
3	1274	CERTIFIED_DEFICIT	2184	1	1	0	0,0,0,0,0,0,0,0,0,0,0,0,0	0
3	1275	CERTIFIED_DEFICIT	2184	1	1	0	0,0,0,0,0,0,0,0,0,0,0,0,0	0
3	1276	CERTIFIED_DEFICIT	2184	1	1	0	0,0,0,0,0,0,0,0,0,0,0,0,0	0
3	1277	CERTIFIED_DEFICIT	2184	1	1	0	0,0,0,0,0,0,0,0,0,0,0,0,0	0
3	1278	CERTIFIED_DEFICIT	2184	1	1	0	0,0,0,0,0,0,0,0,0,0,0,0,0	0
3	1279	CERTIFIED_DEFICIT	2184	1	1	0	0,0,0,0,0,0,0,0,0,0,0,0,0	0
3	1280	CERTIFIED_DEFICIT	2184	1	1	0	0,0,0,0,0,0,0,0,0,0,0,0,0	0
3	1281	CERTIFIED_DEFICIT	2184	1	1	0	0,0,0,0,0,0,0,0,0,0,0,0,0	0
3	1282	CERTIFIED_DEFICIT	2184	1	1	0	0,0,0,0,0,0,0,0,0,0,0,0,0	0
3	1283	CERTIFIED_DEFICIT	2184	1	1	0	0,0,0,0,0,0,0,0,0,0,0,0,0	0
3	1284	CERTIFIED_DEFICIT	2184	1	1	0	0,0,0,0,0,0,0,0,0,0,0,0,0	0
3	1285	CERTIFIED_DEFICIT	2184	1	1	0	0,0,0,0,0,0,0,0,0,0,0,0,0	0
3	1286	CERTIFIED_DEFICIT	2184	1	1	0	0,0,0,0,0,0,0,0,0,0,0,0,0	0
3	1287	CERTIFIED_DEFICIT	2184	1	1	0	0,0,0,0,0,0,0,0,0,0,0,0,0	0
3	1288	CERTIFIED_DEFICIT	2184	1	1	0	0,0,0,0,0,0,0,0,0,0,0,0,0	0
3	1289	CERTIFIED_DEFICIT	2184	1	1	0	0,0,0,0,0,0,0,0,0,0,0,0,0	0
3	1290	CERTIFIED_DEFICIT	2184	1	1	0	0,0,0,0,0,0,0,0,0,0,0,0,0	0
3	1291	CERTIFIED_DEFICIT	2184	1	1	0	0,0,0,0,0,0,0,0,0,0,0,0,0	0
3	1292	CERTIFIED_DEFICIT	2184	1	1	0	0,0,0,0,0,0,0,0,0,0,0,0,0	0
3	1293	CERTIFIED_DEFICIT	2184	1	1	0	0,0,0,0,0,0,0,0,0,0,0,0,0	0
3	1294	CERTIFIED_DEFICIT	2184	1	1	0	0,0,0,0,0,0,0,0,0,0,0,0,0	0
3	1295	CERTIFIED_DEFICIT	2184	1	1	0	0,0,0,0,0,0,0,0,0,0,0,0,0	0
3	1296	CERTIFIED_DEFICIT	2184	1	1	0	0,0,0,0,0,0,0,0,0,0,0,0,0	0
3	1297	CERTIFIED_DEFICIT	2184	1	1	0	0,0,0,0,0,0,0,0,0,0,0,0,0	0
3	1298	CERTIFIED_DEFICIT	2184	1	1	0	0,0,0,0,0,0,0,0,0,0,0,0,0	0
3	1299	CERTIFIED_DEFICIT	2184	1	1	0	0,0,0,0,0,0,0,0,0,0,0,0,0	0
3	1300	CERTIFIED_DEFICIT	2184	1	1	0	0,0,0,0,0,0,0,0,0,0,0,0,0	0
3	1301	CERTIFIED_DEFICIT	2184	1	1	0	0,0,0,0,0,0,0,0,0,0,0,0,0	0
3	1302	CERTIFIED_DEFICIT	2184	1	1	0	0,0,0,0,0,0,0,0,0,0,0,0,0	0
3	1303	CERTIFIED_DEFICIT	2184	1	1	0	0,0,0,0,0,0,0,0,0,0,0,0,0	0
3	1304	CERTIFIED_DEFICIT	1313	1	1	0	0,0,0,0,0,0,0,0,0,0,0,0,0	0
3	1305	CERTIFIED_DEFICIT	2184	1	1	0	0,0,0,0,0,0,0,0,0,0,0,0,0	0
3	1306	CERTIFIED_DEFICIT	2184	1	1	0	0,0,0,0,0,0,0,0,0,0,0,0,0	0
3	1307	CERTIFIED_DEFICIT	2184	1	1	0	0,0,0,0,0,0,0,0,0,0,0,0,0	0
3	1308	CERTIFIED_DEFICIT	2184	1	1	0	0,0,0,0,0,0,0,0,0,0,0,0,0	0
3	1309	CERTIFIED_DEFICIT	2184	1	1	0	0,0,0,0,0,0,0,0,0,0,0,0,0	0
3	1310	CERTIFIED_DEFICIT	2184	1	1	0	0,0,0,0,0,0,0,0,0,0,0,0,0	0
3	1311	CERTIFIED_DEFICIT	2184	1	1	0	0,0,0,0,0,0,0,0,0,0,0,0,0	0
3	1312	CERTIFIED_DEFICIT	2184	1	1	0	0,0,0,0,0,0,0,0,0,0,0,0,0	0
3	1313	CERTIFIED_DEFICIT	2184	1	1	0	0,0,0,0,0,0,0,0,0,0,0,0,0	0
3	1314	CERTIFIED_DEFICIT	2184	1	1	0	0,0,0,0,0,0,0,0,0,0,0,0,0	0
3	1315	CERTIFIED_DEFICIT	1327	1	1	0	0,0,0,0,0,0,0,0,0,0,0,0,0	0
3	1316	CERTIFIED_DEFICIT	2184	1	1	0	0,0,0,0,0,0,0,0,0,0,0,0,0	0
3	1317	CERTIFIED_DEFICIT	2184	1	1	0	0,0,0,0,0,0,0,0,0,0,0,0,0	0
3	1318	CERTIFIED_DEFICIT	2184	1	1	0	0,0,0,0,0,0,0,0,0,0,0,0,0	0
3	1319	CERTIFIED_DEFICIT	1273	1	1	0	0,0,0,0,0,0,0,0,0,0,0,0,0	0
3	1320	CERTIFIED_DEFICIT	2184	1	1	0	0,0,0,0,0,0,0,0,0,0,0,0,0	0
3	1321	CERTIFIED_DEFICIT	2184	1	1	0	0,0,0,0,0,0,0,0,0,0,0,0,0	0
3	1322	CERTIFIED_DEFICIT	1237	1	1	0	0,0,0,0,0,0,0,0,0,0,0,0,0	0
3	1323	CERTIFIED_DEFICIT	2184	1	1	0	0,0,0,0,0,0,0,0,0,0,0,0,0	0
3	1324	CERTIFIED_DEFICIT	2184	1	1	0	0,0,0,0,0,0,0,0,0,0,0,0,0	0
3	1325	CERTIFIED_DEFICIT	2184	1	1	0	0,0,0,0,0,0,0,0,0,0,0,0,0	0
3	1326	CERTIFIED_DEFICIT	1428,2254	1,1	2	1	0,0,0,0,0,0,0,0,0,0,1,0,0	24
3	1327	CERTIFIED_DEFICIT	1428,2254	1,1	2	1	0,0,0,0,0,0,0,0,0,0,1,0,0	24
3	1328	CERTIFIED_DEFICIT	1428,2254	1,1	2	1	0,0,0,0,0,0,0,0,0,0,1,0,0	24
3	1329	CERTIFIED_DEFICIT	1428,2254	1,1	2	1	0,0,0,0,0,0,0,0,0,0,1,0,0	24
3	1330	CERTIFIED_DEFICIT	1428,2254	1,1	2	1	0,0,0,0,0,0,0,0,0,0,1,0,0	24
3	1331	CERTIFIED_DEFICIT	1428,2254	1,1	2	1	0,0,0,0,0,0,0,0,0,0,1,0,0	24
3	1332	CERTIFIED_DEFICIT	1428,2254	1,1	2	1	0,0,0,0,0,0,0,0,0,0,1,0,0	24
3	1333	CERTIFIED_DEFICIT	1428,2254	1,1	2	1	0,0,0,0,0,0,0,0,0,0,1,0,0	24
3	1334	CERTIFIED_DEFICIT	1428,2254	1,1	2	1	0,0,0,0,0,0,0,0,0,0,1,0,0	24
3	1335	CERTIFIED_DEFICIT	1428,2254	1,1	2	1	0,0,0,0,0,0,0,0,0,0,1,0,0	24
3	1336	CERTIFIED_DEFICIT	1428,2254	1,1	2	1	0,0,0,0,0,0,0,0,0,0,1,0,0	24
3	1337	CERTIFIED_DEFICIT	1233,1443	1,1	2	1	1,0,0,0,0,0,0,0,0,0,0,0,0	24
3	1338	CERTIFIED_DEFICIT	1428,2254	1,1	2	1	0,0,0,0,0,0,0,0,0,0,1,0,0	24
3	1339	CERTIFIED_DEFICIT	1428,2254	1,1	2	1	0,0,0,0,0,0,0,0,0,0,1,0,0	24
3	1340	CERTIFIED_DEFICIT	1428,2254	1,1	2	1	0,0,0,0,0,0,0,0,0,0,1,0,0	24
3	1341	CERTIFIED_DEFICIT	1428,2254	1,1	2	1	0,0,0,0,0,0,0,0,0,0,1,0,0	24
3	1342	CERTIFIED_DEFICIT	1428,2254	1,1	2	1	0,0,0,0,0,0,0,0,0,0,1,0,0	24
3	1343	CERTIFIED_DEFICIT	1428,2254	1,1	2	1	0,0,0,0,0,0,0,0,0,0,1,0,0	24
3	1344	CERTIFIED_DEFICIT	1428,2254	1,1	2	1	0,0,0,0,0,0,0,0,0,0,1,0,0	24
3	1345	CERTIFIED_DEFICIT	1428,2254	1,1	2	1	0,0,0,0,0,0,0,0,0,0,1,0,0	24
3	1346	CERTIFIED_DEFICIT	1428,2254	1,1	2	1	0,0,0,0,0,0,0,0,0,0,1,0,0	24
3	1347	CERTIFIED_DEFICIT	1428,2254	1,1	2	1	0,0,0,0,0,0,0,0,0,0,1,0,0	24
3	1348	CERTIFIED_DEFICIT	1233,1443	1,1	2	1	0,1,0,0,0,0,0,0,0,0,0,0,0	24
3	1349	CERTIFIED_DEFICIT	1428,2254	1,1	2	1	0,0,0,0,0,0,0,0,0,0,1,0,0	24
3	1350	CERTIFIED_DEFICIT	1428,2254	1,1	2	1	0,0,0,0,0,0,0,0,0,0,1,0,0	24
3	1351	CERTIFIED_DEFICIT	1428,2254	1,1	2	1	0,0,0,0,0,0,0,0,0,0,1,0,0	24
3	1352	CERTIFIED_DEFICIT	1428,2254	1,1	2	1	0,0,0,0,0,0,0,0,0,0,1,0,0	24
3	1353	CERTIFIED_DEFICIT	1428,2254	1,1	2	1	0,0,0,0,0,0,0,0,0,0,1,0,0	24
3	1354	CERTIFIED_DEFICIT	1428,2254	1,1	2	1	0,0,0,0,0,0,0,0,0,0,1,0,0	24
3	1355	CERTIFIED_DEFICIT	1428,2254	1,1	2	1	0,0,0,0,0,0,0,0,0,0,1,0,0	24
3	1356	CERTIFIED_DEFICIT	1428,2254	1,1	2	1	0,0,0,0,0,0,0,0,0,0,1,0,0	24
3	1357	CERTIFIED_DEFICIT	1428,2254	1,1	2	1	0,0,0,0,0,0,0,0,0,0,1,0,0	24
3	1358	CERTIFIED_DEFICIT	1233,1349	1,1	2	1	0,0,1,0,0,0,0,0,0,0,0,0,0	24
3	1359	CERTIFIED_DEFICIT	1428,2254	1,1	2	1	0,0,0,0,0,0,0,0,0,0,1,0,0	24
3	1360	CERTIFIED_DEFICIT	1428,2254	1,1	2	1	0,0,0,0,0,0,0,0,0,0,1,0,0	24
3	1361	CERTIFIED_DEFICIT	1428,2254	1,1	2	1	0,0,0,0,0,0,0,0,0,0,1,0,0	24
3	1362	CERTIFIED_DEFICIT	1428,2254	1,1	2	1	0,0,0,0,0,0,0,0,0,0,1,0,0	24
3	1363	CERTIFIED_DEFICIT	1428,2254	1,1	2	1	0,0,0,0,0,0,0,0,0,0,1,0,0	24
3	1364	CERTIFIED_DEFICIT	1428,2254	1,1	2	1	0,0,0,0,0,0,0,0,0,0,1,0,0	24
3	1365	CERTIFIED_DEFICIT	1428,2254	1,1	2	1	0,0,0,0,0,0,0,0,0,0,1,0,0	24
3	1366	CERTIFIED_DEFICIT	1367,1381	1,1	2	1	0,0,0,0,0,0,0,0,0,0,0,0,1	24
3	1367	CERTIFIED_DEFICIT	1198,1240	1,1	2	1	0,0,0,0,0,0,0,0,0,0,0,0,1	24
3	1368	CERTIFIED_DEFICIT	1428,2254	1,1	2	1	0,0,0,0,0,0,0,0,0,0,1,0,0	24
3	1369	CERTIFIED_DEFICIT	1428,2254	1,1	2	1	0,0,0,0,0,0,0,0,0,0,1,0,0	24
3	1370	CERTIFIED_DEFICIT	1428,2254	1,1	2	1	0,0,0,0,0,0,0,0,0,0,1,0,0	24
3	1371	CERTIFIED_DEFICIT	1428,2254	1,1	2	1	0,0,0,0,0,0,0,0,0,0,1,0,0	24
3	1372	CERTIFIED_DEFICIT	1428,2254	1,1	2	1	0,0,0,0,0,0,0,0,0,0,1,0,0	24
3	1373	CERTIFIED_DEFICIT	1428,2254	1,1	2	1	0,0,0,0,0,0,0,0,0,0,1,0,0	24
3	1374	CERTIFIED_DEFICIT	1428,2254	1,1	2	1	0,0,0,0,0,0,0,0,0,0,1,0,0	24
3	1375	CERTIFIED_DEFICIT	1233,1255	1,1	2	1	0,0,0,0,1,0,0,0,0,0,0,0,0	24
3	1376	CERTIFIED_DEFICIT	1428,2254	1,1	2	1	0,0,0,0,0,0,0,0,0,0,1,0,0	24
3	1377	CERTIFIED_DEFICIT	1428,2254	1,1	2	1	0,0,0,0,0,0,0,0,0,0,1,0,0	24
3	1378	CERTIFIED_DEFICIT	1428,2254	1,1	2	1	0,0,0,0,0,0,0,0,0,0,1,0,0	24
3	1379	CERTIFIED_DEFICIT	1428,2254	1,1	2	1	0,0,0,0,0,0,0,0,0,0,1,0,0	24
3	1380	CERTIFIED_DEFICIT	1428,2254	1,1	2	1	0,0,0,0,0,0,0,0,0,0,1,0,0	24
3	1381	CERTIFIED_DEFICIT	1271,1285	1,1	2	1	0,0,0,0,0,0,0,0,0,0,0,0,1	24
3	1382	CERTIFIED_DEFICIT	1313	1	1	0	0,0,0,0,0,0,0,0,0,0,0,0,0	0
3	1383	CERTIFIED_DEFICIT	1428,2254	1,1	2	1	0,0,0,0,0,0,0,0,0,0,1,0,0	24
3	1384	CERTIFIED_DEFICIT	1428,2254	1,1	2	1	0,0,0,0,0,0,0,0,0,0,1,0,0	24
3	1385	CERTIFIED_DEFICIT	1428,2254	1,1	2	1	0,0,0,0,0,0,0,0,0,0,1,0,0	24
3	1386	CERTIFIED_DEFICIT	1428,2254	1,1	2	1	0,0,0,0,0,0,0,0,0,0,1,0,0	24
3	1387	CERTIFIED_DEFICIT	1219,1573	1,1	2	1	0,0,0,0,0,0,0,0,0,0,0,0,1	24
3	1388	CERTIFIED_DEFICIT	1199,1205	1,1	2	1	0,0,0,0,0,0,0,0,0,0,0,0,1	24
3	1389	CERTIFIED_DEFICIT	1428,2254	1,1	2	1	0,0,0,0,0,0,0,0,0,0,1,0,0	24
3	1390	CERTIFIED_DEFICIT	1428,2254	1,1	2	1	0,0,0,0,0,0,0,0,0,0,1,0,0	24
3	1391	CERTIFIED_DEFICIT	1428,2254	1,1	2	1	0,0,0,0,0,0,0,0,0,0,1,0,0	24
3	1392	CERTIFIED_DEFICIT	1428,2254	1,1	2	1	0,0,0,0,0,0,0,0,0,0,1,0,0	24
3	1393	CERTIFIED_DEFICIT	1327	1	1	0	0,0,0,0,0,0,0,0,0,0,0,0,0	0
3	1394	CERTIFIED_DEFICIT	1428,2254	1,1	2	1	0,0,0,0,0,0,0,0,0,0,1,0,0	24
3	1395	CERTIFIED_DEFICIT	1428,2254	1,1	2	1	0,0,0,0,0,0,0,0,0,0,1,0,0	24
3	1396	CERTIFIED_DEFICIT	1249,1543	1,1	2	1	0,0,0,0,0,0,0,0,0,0,0,0,1	24
3	1397	CERTIFIED_DEFICIT	1273	1	1	0	0,0,0,0,0,0,0,0,0,0,0,0,0	0
3	1398	CERTIFIED_DEFICIT	1428,2254	1,1	2	1	0,0,0,0,0,0,0,0,0,0,1,0,0	24
3	1399	CERTIFIED_DEFICIT	1428,2254	1,1	2	1	0,0,0,0,0,0,0,0,0,0,1,0,0	24
3	1400	CERTIFIED_DEFICIT	1237	1	1	0	0,0,0,0,0,0,0,0,0,0,0,0,0	0
3	1401	CERTIFIED_DEFICIT	1428,2254	1,1	2	1	0,0,0,0,0,0,0,0,0,0,1,0,0	24
3	1402	CERTIFIED_DEFICIT	1229,1247	1,1	2	1	0,0,0,0,0,0,0,0,0,0,0,0,1	24
3	1403	CERTIFIED_DEFICIT	1227,1241	1,1	2	1	0,0,0,0,0,0,0,0,0,0,0,0,1	24
3	1404	CERTIFIED_DEFICIT	1988	1	1	0	0,0,0,0,0,0,0,0,0,0,0,0,0	0
3	1405	CERTIFIED_DEFICIT	1988	1	1	0	0,0,0,0,0,0,0,0,0,0,0,0,0	0
3	1406	CERTIFIED_DEFICIT	1988	1	1	0	0,0,0,0,0,0,0,0,0,0,0,0,0	0
3	1407	CERTIFIED_DEFICIT	1988	1	1	0	0,0,0,0,0,0,0,0,0,0,0,0,0	0
3	1408	CERTIFIED_DEFICIT	1988	1	1	0	0,0,0,0,0,0,0,0,0,0,0,0,0	0
3	1409	CERTIFIED_DEFICIT	1988	1	1	0	0,0,0,0,0,0,0,0,0,0,0,0,0	0
3	1410	CERTIFIED_DEFICIT	1988	1	1	0	0,0,0,0,0,0,0,0,0,0,0,0,0	0
3	1411	CERTIFIED_DEFICIT	1988	1	1	0	0,0,0,0,0,0,0,0,0,0,0,0,0	0
3	1412	CERTIFIED_DEFICIT	1988	1	1	0	0,0,0,0,0,0,0,0,0,0,0,0,0	0
3	1413	CERTIFIED_DEFICIT	1988	1	1	0	0,0,0,0,0,0,0,0,0,0,0,0,0	0
3	1414	CERTIFIED_DEFICIT	1988	1	1	0	0,0,0,0,0,0,0,0,0,0,0,0,0	0
3	1415	CERTIFIED_DEFICIT	1988	1	1	0	0,0,0,0,0,0,0,0,0,0,0,0,0	0
3	1416	CERTIFIED_DEFICIT	1988	1	1	0	0,0,0,0,0,0,0,0,0,0,0,0,0	0
3	1417	CERTIFIED_DEFICIT	1988	1	1	0	0,0,0,0,0,0,0,0,0,0,0,0,0	0
3	1418	CERTIFIED_DEFICIT	1988	1	1	0	0,0,0,0,0,0,0,0,0,0,0,0,0	0
3	1419	CERTIFIED_DEFICIT	1988	1	1	0	0,0,0,0,0,0,0,0,0,0,0,0,0	0
3	1420	CERTIFIED_DEFICIT	1988	1	1	0	0,0,0,0,0,0,0,0,0,0,0,0,0	0
3	1421	CERTIFIED_DEFICIT	1988	1	1	0	0,0,0,0,0,0,0,0,0,0,0,0,0	0
3	1422	CERTIFIED_DEFICIT	1988	1	1	0	0,0,0,0,0,0,0,0,0,0,0,0,0	0
3	1423	CERTIFIED_DEFICIT	1988	1	1	0	0,0,0,0,0,0,0,0,0,0,0,0,0	0
3	1424	CERTIFIED_DEFICIT	1988	1	1	0	0,0,0,0,0,0,0,0,0,0,0,0,0	0
3	1425	CERTIFIED_DEFICIT	1988	1	1	0	0,0,0,0,0,0,0,0,0,0,0,0,0	0
3	1426	CERTIFIED_DEFICIT	1988	1	1	0	0,0,0,0,0,0,0,0,0,0,0,0,0	0
3	1427	CERTIFIED_DEFICIT	1988	1	1	0	0,0,0,0,0,0,0,0,0,0,0,0,0	0
3	1428	CERTIFIED_DEFICIT	1988	1	1	0	0,0,0,0,0,0,0,0,0,0,0,0,0	0
3	1429	CERTIFIED_DEFICIT	1988	1	1	0	0,0,0,0,0,0,0,0,0,0,0,0,0	0
3	1430	CERTIFIED_DEFICIT	1988	1	1	0	0,0,0,0,0,0,0,0,0,0,0,0,0	0
3	1431	CERTIFIED_DEFICIT	1988	1	1	0	0,0,0,0,0,0,0,0,0,0,0,0,0	0
3	1432	CERTIFIED_DEFICIT	1988	1	1	0	0,0,0,0,0,0,0,0,0,0,0,0,0	0
3	1433	CERTIFIED_DEFICIT	1988	1	1	0	0,0,0,0,0,0,0,0,0,0,0,0,0	0
3	1434	CERTIFIED_DEFICIT	1988	1	1	0	0,0,0,0,0,0,0,0,0,0,0,0,0	0
3	1435	CERTIFIED_DEFICIT	1988	1	1	0	0,0,0,0,0,0,0,0,0,0,0,0,0	0
3	1436	CERTIFIED_DEFICIT	1988	1	1	0	0,0,0,0,0,0,0,0,0,0,0,0,0	0
3	1437	CERTIFIED_DEFICIT	1988	1	1	0	0,0,0,0,0,0,0,0,0,0,0,0,0	0
3	1438	CERTIFIED_DEFICIT	1988	1	1	0	0,0,0,0,0,0,0,0,0,0,0,0,0	0
3	1439	CERTIFIED_DEFICIT	1988	1	1	0	0,0,0,0,0,0,0,0,0,0,0,0,0	0
3	1440	CERTIFIED_DEFICIT	1988	1	1	0	0,0,0,0,0,0,0,0,0,0,0,0,0	0
3	1441	CERTIFIED_DEFICIT	1988	1	1	0	0,0,0,0,0,0,0,0,0,0,0,0,0	0
3	1442	CERTIFIED_DEFICIT	1988	1	1	0	0,0,0,0,0,0,0,0,0,0,0,0,0	0
3	1443	CERTIFIED_DEFICIT	1988	1	1	0	0,0,0,0,0,0,0,0,0,0,0,0,0	0
3	1444	CERTIFIED_DEFICIT	1988	1	1	0	0,0,0,0,0,0,0,0,0,0,0,0,0	0
3	1445	CERTIFIED_DEFICIT	1988	1	1	0	0,0,0,0,0,0,0,0,0,0,0,0,0	0
3	1446	CERTIFIED_DEFICIT	1988	1	1	0	0,0,0,0,0,0,0,0,0,0,0,0,0	0
3	1447	CERTIFIED_DEFICIT	1988	1	1	0	0,0,0,0,0,0,0,0,0,0,0,0,0	0
3	1448	CERTIFIED_DEFICIT	1988	1	1	0	0,0,0,0,0,0,0,0,0,0,0,0,0	0
3	1449	CERTIFIED_DEFICIT	1988	1	1	0	0,0,0,0,0,0,0,0,0,0,0,0,0	0
3	1450	CERTIFIED_DEFICIT	1988	1	1	0	0,0,0,0,0,0,0,0,0,0,0,0,0	0
3	1451	CERTIFIED_DEFICIT	1988	1	1	0	0,0,0,0,0,0,0,0,0,0,0,0,0	0
3	1452	CERTIFIED_DEFICIT	1988	1	1	0	0,0,0,0,0,0,0,0,0,0,0,0,0	0
3	1453	CERTIFIED_DEFICIT	1988	1	1	0	0,0,0,0,0,0,0,0,0,0,0,0,0	0
3	1454	CERTIFIED_DEFICIT	1988	1	1	0	0,0,0,0,0,0,0,0,0,0,0,0,0	0
3	1455	CERTIFIED_DEFICIT	1988	1	1	0	0,0,0,0,0,0,0,0,0,0,0,0,0	0
3	1456	CERTIFIED_DEFICIT	1988	1	1	0	0,0,0,0,0,0,0,0,0,0,0,0,0	0
3	1457	CERTIFIED_DEFICIT	1988	1	1	0	0,0,0,0,0,0,0,0,0,0,0,0,0	0
3	1458	CERTIFIED_DEFICIT	1988	1	1	0	0,0,0,0,0,0,0,0,0,0,0,0,0	0
3	1459	CERTIFIED_DEFICIT	1988	1	1	0	0,0,0,0,0,0,0,0,0,0,0,0,0	0
3	1460	CERTIFIED_DEFICIT	1313	1	1	0	0,0,0,0,0,0,0,0,0,0,0,0,0	0
3	1461	CERTIFIED_DEFICIT	1988	1	1	0	0,0,0,0,0,0,0,0,0,0,0,0,0	0
3	1462	CERTIFIED_DEFICIT	1988	1	1	0	0,0,0,0,0,0,0,0,0,0,0,0,0	0
3	1463	CERTIFIED_DEFICIT	1988	1	1	0	0,0,0,0,0,0,0,0,0,0,0,0,0	0
3	1464	CERTIFIED_DEFICIT	1988	1	1	0	0,0,0,0,0,0,0,0,0,0,0,0,0	0
3	1465	CERTIFIED_DEFICIT	1988	1	1	0	0,0,0,0,0,0,0,0,0,0,0,0,0	0
3	1466	CERTIFIED_DEFICIT	1988	1	1	0	0,0,0,0,0,0,0,0,0,0,0,0,0	0
3	1467	CERTIFIED_DEFICIT	1988	1	1	0	0,0,0,0,0,0,0,0,0,0,0,0,0	0
3	1468	CERTIFIED_DEFICIT	1988	1	1	0	0,0,0,0,0,0,0,0,0,0,0,0,0	0
3	1469	CERTIFIED_DEFICIT	1988	1	1	0	0,0,0,0,0,0,0,0,0,0,0,0,0	0
3	1470	CERTIFIED_DEFICIT	1988	1	1	0	0,0,0,0,0,0,0,0,0,0,0,0,0	0
3	1471	CERTIFIED_DEFICIT	1327	1	1	0	0,0,0,0,0,0,0,0,0,0,0,0,0	0
3	1472	CERTIFIED_DEFICIT	1988	1	1	0	0,0,0,0,0,0,0,0,0,0,0,0,0	0
3	1473	CERTIFIED_DEFICIT	1988	1	1	0	0,0,0,0,0,0,0,0,0,0,0,0,0	0
3	1474	CERTIFIED_DEFICIT	1988	1	1	0	0,0,0,0,0,0,0,0,0,0,0,0,0	0
3	1475	CERTIFIED_DEFICIT	1273	1	1	0	0,0,0,0,0,0,0,0,0,0,0,0,0	0
3	1476	CERTIFIED_DEFICIT	1988	1	1	0	0,0,0,0,0,0,0,0,0,0,0,0,0	0
3	1477	CERTIFIED_DEFICIT	1988	1	1	0	0,0,0,0,0,0,0,0,0,0,0,0,0	0
3	1478	CERTIFIED_DEFICIT	1237	1	1	0	0,0,0,0,0,0,0,0,0,0,0,0,0	0
3	1479	CERTIFIED_DEFICIT	1988	1	1	0	0,0,0,0,0,0,0,0,0,0,0,0,0	0
3	1480	CERTIFIED_DEFICIT	1988	1	1	0	0,0,0,0,0,0,0,0,0,0,0,0,0	0
3	1481	CERTIFIED_DEFICIT	1988	1	1	0	0,0,0,0,0,0,0,0,0,0,0,0,0	0
3	1482	CERTIFIED_DEFICIT	1582	1	1	0	0,0,0,0,0,0,0,0,0,0,0,0,0	0
3	1483	CERTIFIED_DEFICIT	1582	1	1	0	0,0,0,0,0,0,0,0,0,0,0,0,0	0
3	1484	CERTIFIED_DEFICIT	1582	1	1	0	0,0,0,0,0,0,0,0,0,0,0,0,0	0
3	1485	CERTIFIED_DEFICIT	1582	1	1	0	0,0,0,0,0,0,0,0,0,0,0,0,0	0
3	1486	CERTIFIED_DEFICIT	1582	1	1	0	0,0,0,0,0,0,0,0,0,0,0,0,0	0
3	1487	CERTIFIED_DEFICIT	1582	1	1	0	0,0,0,0,0,0,0,0,0,0,0,0,0	0
3	1488	CERTIFIED_DEFICIT	1582	1	1	0	0,0,0,0,0,0,0,0,0,0,0,0,0	0
3	1489	CERTIFIED_DEFICIT	1582	1	1	0	0,0,0,0,0,0,0,0,0,0,0,0,0	0
3	1490	CERTIFIED_DEFICIT	1582	1	1	0	0,0,0,0,0,0,0,0,0,0,0,0,0	0
3	1491	CERTIFIED_DEFICIT	1582	1	1	0	0,0,0,0,0,0,0,0,0,0,0,0,0	0
3	1492	CERTIFIED_DEFICIT	1582	1	1	0	0,0,0,0,0,0,0,0,0,0,0,0,0	0
3	1493	CERTIFIED_DEFICIT	1582	1	1	0	0,0,0,0,0,0,0,0,0,0,0,0,0	0
3	1494	CERTIFIED_DEFICIT	1582	1	1	0	0,0,0,0,0,0,0,0,0,0,0,0,0	0
3	1495	CERTIFIED_DEFICIT	1582	1	1	0	0,0,0,0,0,0,0,0,0,0,0,0,0	0
3	1496	CERTIFIED_DEFICIT	1582	1	1	0	0,0,0,0,0,0,0,0,0,0,0,0,0	0
3	1497	CERTIFIED_DEFICIT	1582	1	1	0	0,0,0,0,0,0,0,0,0,0,0,0,0	0
3	1498	CERTIFIED_DEFICIT	1582	1	1	0	0,0,0,0,0,0,0,0,0,0,0,0,0	0
3	1499	CERTIFIED_DEFICIT	1582	1	1	0	0,0,0,0,0,0,0,0,0,0,0,0,0	0
3	1500	CERTIFIED_DEFICIT	1582	1	1	0	0,0,0,0,0,0,0,0,0,0,0,0,0	0
3	1501	CERTIFIED_DEFICIT	1582	1	1	0	0,0,0,0,0,0,0,0,0,0,0,0,0	0
3	1502	CERTIFIED_DEFICIT	1582	1	1	0	0,0,0,0,0,0,0,0,0,0,0,0,0	0
3	1503	CERTIFIED_DEFICIT	1582	1	1	0	0,0,0,0,0,0,0,0,0,0,0,0,0	0
3	1504	CERTIFIED_DEFICIT	1582	1	1	0	0,0,0,0,0,0,0,0,0,0,0,0,0	0
3	1505	CERTIFIED_DEFICIT	1582	1	1	0	0,0,0,0,0,0,0,0,0,0,0,0,0	0
3	1506	CERTIFIED_DEFICIT	1582	1	1	0	0,0,0,0,0,0,0,0,0,0,0,0,0	0
3	1507	CERTIFIED_DEFICIT	1582	1	1	0	0,0,0,0,0,0,0,0,0,0,0,0,0	0
3	1508	CERTIFIED_DEFICIT	1582	1	1	0	0,0,0,0,0,0,0,0,0,0,0,0,0	0
3	1509	CERTIFIED_DEFICIT	1582	1	1	0	0,0,0,0,0,0,0,0,0,0,0,0,0	0
3	1510	CERTIFIED_DEFICIT	1582	1	1	0	0,0,0,0,0,0,0,0,0,0,0,0,0	0
3	1511	CERTIFIED_DEFICIT	1582	1	1	0	0,0,0,0,0,0,0,0,0,0,0,0,0	0
3	1512	CERTIFIED_DEFICIT	1582	1	1	0	0,0,0,0,0,0,0,0,0,0,0,0,0	0
3	1513	CERTIFIED_DEFICIT	1582	1	1	0	0,0,0,0,0,0,0,0,0,0,0,0,0	0
3	1514	CERTIFIED_DEFICIT	1582	1	1	0	0,0,0,0,0,0,0,0,0,0,0,0,0	0
3	1515	CERTIFIED_DEFICIT	1582	1	1	0	0,0,0,0,0,0,0,0,0,0,0,0,0	0
3	1516	CERTIFIED_DEFICIT	1582	1	1	0	0,0,0,0,0,0,0,0,0,0,0,0,0	0
3	1517	CERTIFIED_DEFICIT	1582	1	1	0	0,0,0,0,0,0,0,0,0,0,0,0,0	0
3	1518	CERTIFIED_DEFICIT	1582	1	1	0	0,0,0,0,0,0,0,0,0,0,0,0,0	0
3	1519	CERTIFIED_DEFICIT	1582	1	1	0	0,0,0,0,0,0,0,0,0,0,0,0,0	0
3	1520	CERTIFIED_DEFICIT	1582	1	1	0	0,0,0,0,0,0,0,0,0,0,0,0,0	0
3	1521	CERTIFIED_DEFICIT	1582	1	1	0	0,0,0,0,0,0,0,0,0,0,0,0,0	0
3	1522	CERTIFIED_DEFICIT	1582	1	1	0	0,0,0,0,0,0,0,0,0,0,0,0,0	0
3	1523	CERTIFIED_DEFICIT	1582	1	1	0	0,0,0,0,0,0,0,0,0,0,0,0,0	0
3	1524	CERTIFIED_DEFICIT	1582	1	1	0	0,0,0,0,0,0,0,0,0,0,0,0,0	0
3	1525	CERTIFIED_DEFICIT	1582	1	1	0	0,0,0,0,0,0,0,0,0,0,0,0,0	0
3	1526	CERTIFIED_DEFICIT	1582	1	1	0	0,0,0,0,0,0,0,0,0,0,0,0,0	0
3	1527	CERTIFIED_DEFICIT	1582	1	1	0	0,0,0,0,0,0,0,0,0,0,0,0,0	0
3	1528	CERTIFIED_DEFICIT	1582	1	1	0	0,0,0,0,0,0,0,0,0,0,0,0,0	0
3	1529	CERTIFIED_DEFICIT	1582	1	1	0	0,0,0,0,0,0,0,0,0,0,0,0,0	0
3	1530	CERTIFIED_DEFICIT	1582	1	1	0	0,0,0,0,0,0,0,0,0,0,0,0,0	0
3	1531	CERTIFIED_DEFICIT	1582	1	1	0	0,0,0,0,0,0,0,0,0,0,0,0,0	0
3	1532	CERTIFIED_DEFICIT	1582	1	1	0	0,0,0,0,0,0,0,0,0,0,0,0,0	0
3	1533	CERTIFIED_DEFICIT	1582	1	1	0	0,0,0,0,0,0,0,0,0,0,0,0,0	0
3	1534	CERTIFIED_DEFICIT	1582	1	1	0	0,0,0,0,0,0,0,0,0,0,0,0,0	0
3	1535	CERTIFIED_DEFICIT	1582	1	1	0	0,0,0,0,0,0,0,0,0,0,0,0,0	0
3	1536	CERTIFIED_DEFICIT	1582	1	1	0	0,0,0,0,0,0,0,0,0,0,0,0,0	0
3	1537	CERTIFIED_DEFICIT	1582	1	1	0	0,0,0,0,0,0,0,0,0,0,0,0,0	0
3	1538	CERTIFIED_DEFICIT	1313	1	1	0	0,0,0,0,0,0,0,0,0,0,0,0,0	0
3	1539	CERTIFIED_DEFICIT	1582	1	1	0	0,0,0,0,0,0,0,0,0,0,0,0,0	0
3	1540	CERTIFIED_DEFICIT	1582	1	1	0	0,0,0,0,0,0,0,0,0,0,0,0,0	0
3	1541	CERTIFIED_DEFICIT	1582	1	1	0	0,0,0,0,0,0,0,0,0,0,0,0,0	0
3	1542	CERTIFIED_DEFICIT	1582	1	1	0	0,0,0,0,0,0,0,0,0,0,0,0,0	0
3	1543	CERTIFIED_DEFICIT	1582	1	1	0	0,0,0,0,0,0,0,0,0,0,0,0,0	0
3	1544	CERTIFIED_DEFICIT	1582	1	1	0	0,0,0,0,0,0,0,0,0,0,0,0,0	0
3	1545	CERTIFIED_DEFICIT	1582	1	1	0	0,0,0,0,0,0,0,0,0,0,0,0,0	0
3	1546	CERTIFIED_DEFICIT	1582	1	1	0	0,0,0,0,0,0,0,0,0,0,0,0,0	0
3	1547	CERTIFIED_DEFICIT	1582	1	1	0	0,0,0,0,0,0,0,0,0,0,0,0,0	0
3	1548	CERTIFIED_DEFICIT	1582	1	1	0	0,0,0,0,0,0,0,0,0,0,0,0,0	0
3	1549	CERTIFIED_DEFICIT	1327	1	1	0	0,0,0,0,0,0,0,0,0,0,0,0,0	0
3	1550	CERTIFIED_DEFICIT	1582	1	1	0	0,0,0,0,0,0,0,0,0,0,0,0,0	0
3	1551	CERTIFIED_DEFICIT	1582	1	1	0	0,0,0,0,0,0,0,0,0,0,0,0,0	0
3	1552	CERTIFIED_DEFICIT	1582	1	1	0	0,0,0,0,0,0,0,0,0,0,0,0,0	0
3	1553	CERTIFIED_DEFICIT	1273	1	1	0	0,0,0,0,0,0,0,0,0,0,0,0,0	0
3	1554	CERTIFIED_DEFICIT	1582	1	1	0	0,0,0,0,0,0,0,0,0,0,0,0,0	0
3	1555	CERTIFIED_DEFICIT	1582	1	1	0	0,0,0,0,0,0,0,0,0,0,0,0,0	0
3	1556	CERTIFIED_DEFICIT	1237	1	1	0	0,0,0,0,0,0,0,0,0,0,0,0,0	0
3	1557	CERTIFIED_DEFICIT	1582	1	1	0	0,0,0,0,0,0,0,0,0,0,0,0,0	0
3	1558	CERTIFIED_DEFICIT	1582	1	1	0	0,0,0,0,0,0,0,0,0,0,0,0,0	0
3	1559	CERTIFIED_DEFICIT	1582	1	1	0	0,0,0,0,0,0,0,0,0,0,0,0,0	0
3	1560	CERTIFIED_DEFICIT	1428	1	1	0	0,0,0,0,0,0,0,0,0,0,0,0,0	0
3	1561	CERTIFIED_DEFICIT	1428	1	1	0	0,0,0,0,0,0,0,0,0,0,0,0,0	0
3	1562	CERTIFIED_DEFICIT	1428	1	1	0	0,0,0,0,0,0,0,0,0,0,0,0,0	0
3	1563	CERTIFIED_DEFICIT	1428	1	1	0	0,0,0,0,0,0,0,0,0,0,0,0,0	0
3	1564	CERTIFIED_DEFICIT	1428	1	1	0	0,0,0,0,0,0,0,0,0,0,0,0,0	0
3	1565	CERTIFIED_DEFICIT	1428	1	1	0	0,0,0,0,0,0,0,0,0,0,0,0,0	0
3	1566	CERTIFIED_DEFICIT	1428	1	1	0	0,0,0,0,0,0,0,0,0,0,0,0,0	0
3	1567	CERTIFIED_DEFICIT	1428	1	1	0	0,0,0,0,0,0,0,0,0,0,0,0,0	0
3	1568	CERTIFIED_DEFICIT	1428	1	1	0	0,0,0,0,0,0,0,0,0,0,0,0,0	0
3	1569	CERTIFIED_DEFICIT	1428	1	1	0	0,0,0,0,0,0,0,0,0,0,0,0,0	0
3	1570	CERTIFIED_DEFICIT	1428	1	1	0	0,0,0,0,0,0,0,0,0,0,0,0,0	0
3	1571	CERTIFIED_DEFICIT	1428	1	1	0	0,0,0,0,0,0,0,0,0,0,0,0,0	0
3	1572	CERTIFIED_DEFICIT	1428	1	1	0	0,0,0,0,0,0,0,0,0,0,0,0,0	0
3	1573	CERTIFIED_DEFICIT	1428	1	1	0	0,0,0,0,0,0,0,0,0,0,0,0,0	0
3	1574	CERTIFIED_DEFICIT	1428	1	1	0	0,0,0,0,0,0,0,0,0,0,0,0,0	0
3	1575	CERTIFIED_DEFICIT	1428	1	1	0	0,0,0,0,0,0,0,0,0,0,0,0,0	0
3	1576	CERTIFIED_DEFICIT	1428	1	1	0	0,0,0,0,0,0,0,0,0,0,0,0,0	0
3	1577	CERTIFIED_DEFICIT	1428	1	1	0	0,0,0,0,0,0,0,0,0,0,0,0,0	0
3	1578	CERTIFIED_DEFICIT	1428	1	1	0	0,0,0,0,0,0,0,0,0,0,0,0,0	0
3	1579	CERTIFIED_DEFICIT	1428	1	1	0	0,0,0,0,0,0,0,0,0,0,0,0,0	0
3	1580	CERTIFIED_DEFICIT	1428	1	1	0	0,0,0,0,0,0,0,0,0,0,0,0,0	0
3	1581	CERTIFIED_DEFICIT	1428	1	1	0	0,0,0,0,0,0,0,0,0,0,0,0,0	0
3	1582	CERTIFIED_DEFICIT	1428	1	1	0	0,0,0,0,0,0,0,0,0,0,0,0,0	0
3	1583	CERTIFIED_DEFICIT	1428	1	1	0	0,0,0,0,0,0,0,0,0,0,0,0,0	0
3	1584	CERTIFIED_DEFICIT	1428	1	1	0	0,0,0,0,0,0,0,0,0,0,0,0,0	0
3	1585	CERTIFIED_DEFICIT	1428	1	1	0	0,0,0,0,0,0,0,0,0,0,0,0,0	0
3	1586	CERTIFIED_DEFICIT	1428	1	1	0	0,0,0,0,0,0,0,0,0,0,0,0,0	0
3	1587	CERTIFIED_DEFICIT	1428	1	1	0	0,0,0,0,0,0,0,0,0,0,0,0,0	0
3	1588	CERTIFIED_DEFICIT	1428	1	1	0	0,0,0,0,0,0,0,0,0,0,0,0,0	0
3	1589	CERTIFIED_DEFICIT	1428	1	1	0	0,0,0,0,0,0,0,0,0,0,0,0,0	0
3	1590	CERTIFIED_DEFICIT	1428	1	1	0	0,0,0,0,0,0,0,0,0,0,0,0,0	0
3	1591	CERTIFIED_DEFICIT	1428	1	1	0	0,0,0,0,0,0,0,0,0,0,0,0,0	0
3	1592	CERTIFIED_DEFICIT	1428	1	1	0	0,0,0,0,0,0,0,0,0,0,0,0,0	0
3	1593	CERTIFIED_DEFICIT	1428	1	1	0	0,0,0,0,0,0,0,0,0,0,0,0,0	0
3	1594	CERTIFIED_DEFICIT	1428	1	1	0	0,0,0,0,0,0,0,0,0,0,0,0,0	0
3	1595	CERTIFIED_DEFICIT	1428	1	1	0	0,0,0,0,0,0,0,0,0,0,0,0,0	0
3	1596	CERTIFIED_DEFICIT	1428	1	1	0	0,0,0,0,0,0,0,0,0,0,0,0,0	0
3	1597	CERTIFIED_DEFICIT	1428	1	1	0	0,0,0,0,0,0,0,0,0,0,0,0,0	0
3	1598	CERTIFIED_DEFICIT	1428	1	1	0	0,0,0,0,0,0,0,0,0,0,0,0,0	0
3	1599	CERTIFIED_DEFICIT	1428	1	1	0	0,0,0,0,0,0,0,0,0,0,0,0,0	0
3	1600	CERTIFIED_DEFICIT	1428	1	1	0	0,0,0,0,0,0,0,0,0,0,0,0,0	0
3	1601	CERTIFIED_DEFICIT	1428	1	1	0	0,0,0,0,0,0,0,0,0,0,0,0,0	0
3	1602	CERTIFIED_DEFICIT	1428	1	1	0	0,0,0,0,0,0,0,0,0,0,0,0,0	0
3	1603	CERTIFIED_DEFICIT	1428	1	1	0	0,0,0,0,0,0,0,0,0,0,0,0,0	0
3	1604	CERTIFIED_DEFICIT	1428	1	1	0	0,0,0,0,0,0,0,0,0,0,0,0,0	0
3	1605	CERTIFIED_DEFICIT	1428	1	1	0	0,0,0,0,0,0,0,0,0,0,0,0,0	0
3	1606	CERTIFIED_DEFICIT	1428	1	1	0	0,0,0,0,0,0,0,0,0,0,0,0,0	0
3	1607	CERTIFIED_DEFICIT	1428	1	1	0	0,0,0,0,0,0,0,0,0,0,0,0,0	0
3	1608	CERTIFIED_DEFICIT	1428	1	1	0	0,0,0,0,0,0,0,0,0,0,0,0,0	0
3	1609	CERTIFIED_DEFICIT	1428	1	1	0	0,0,0,0,0,0,0,0,0,0,0,0,0	0
3	1610	CERTIFIED_DEFICIT	1428	1	1	0	0,0,0,0,0,0,0,0,0,0,0,0,0	0
3	1611	CERTIFIED_DEFICIT	1428	1	1	0	0,0,0,0,0,0,0,0,0,0,0,0,0	0
3	1612	CERTIFIED_DEFICIT	1428	1	1	0	0,0,0,0,0,0,0,0,0,0,0,0,0	0
3	1613	CERTIFIED_DEFICIT	1428	1	1	0	0,0,0,0,0,0,0,0,0,0,0,0,0	0
3	1614	CERTIFIED_DEFICIT	1428	1	1	0	0,0,0,0,0,0,0,0,0,0,0,0,0	0
3	1615	CERTIFIED_DEFICIT	1428	1	1	0	0,0,0,0,0,0,0,0,0,0,0,0,0	0
3	1616	CERTIFIED_DEFICIT	1313	1	1	0	0,0,0,0,0,0,0,0,0,0,0,0,0	0
3	1617	CERTIFIED_DEFICIT	1428	1	1	0	0,0,0,0,0,0,0,0,0,0,0,0,0	0
3	1618	CERTIFIED_DEFICIT	1428	1	1	0	0,0,0,0,0,0,0,0,0,0,0,0,0	0
3	1619	CERTIFIED_DEFICIT	1428	1	1	0	0,0,0,0,0,0,0,0,0,0,0,0,0	0
3	1620	CERTIFIED_DEFICIT	1428	1	1	0	0,0,0,0,0,0,0,0,0,0,0,0,0	0
3	1621	CERTIFIED_DEFICIT	1428	1	1	0	0,0,0,0,0,0,0,0,0,0,0,0,0	0
3	1622	CERTIFIED_DEFICIT	1428	1	1	0	0,0,0,0,0,0,0,0,0,0,0,0,0	0
3	1623	CERTIFIED_DEFICIT	1428	1	1	0	0,0,0,0,0,0,0,0,0,0,0,0,0	0
3	1624	CERTIFIED_DEFICIT	1428	1	1	0	0,0,0,0,0,0,0,0,0,0,0,0,0	0
3	1625	CERTIFIED_DEFICIT	1428	1	1	0	0,0,0,0,0,0,0,0,0,0,0,0,0	0
3	1626	CERTIFIED_DEFICIT	1428	1	1	0	0,0,0,0,0,0,0,0,0,0,0,0,0	0
3	1627	CERTIFIED_DEFICIT	1327	1	1	0	0,0,0,0,0,0,0,0,0,0,0,0,0	0
3	1628	CERTIFIED_DEFICIT	1428	1	1	0	0,0,0,0,0,0,0,0,0,0,0,0,0	0
3	1629	CERTIFIED_DEFICIT	1428	1	1	0	0,0,0,0,0,0,0,0,0,0,0,0,0	0
3	1630	CERTIFIED_DEFICIT	1428	1	1	0	0,0,0,0,0,0,0,0,0,0,0,0,0	0
3	1631	CERTIFIED_DEFICIT	1273	1	1	0	0,0,0,0,0,0,0,0,0,0,0,0,0	0
3	1632	CERTIFIED_DEFICIT	1428	1	1	0	0,0,0,0,0,0,0,0,0,0,0,0,0	0
3	1633	CERTIFIED_DEFICIT	1428	1	1	0	0,0,0,0,0,0,0,0,0,0,0,0,0	0
3	1634	CERTIFIED_DEFICIT	1237	1	1	0	0,0,0,0,0,0,0,0,0,0,0,0,0	0
3	1635	CERTIFIED_DEFICIT	1428	1	1	0	0,0,0,0,0,0,0,0,0,0,0,0,0	0
3	1636	CERTIFIED_DEFICIT	1428	1	1	0	0,0,0,0,0,0,0,0,0,0,0,0,0	0
3	1637	CERTIFIED_DEFICIT	1428	1	1	0	0,0,0,0,0,0,0,0,0,0,0,0,0	0
3	1638	CERTIFIED_DEFICIT	1750	1	1	0	0,0,0,0,0,0,0,0,0,0,0,0,0	0
3	1639	CERTIFIED_DEFICIT	1750	1	1	0	0,0,0,0,0,0,0,0,0,0,0,0,0	0
3	1640	CERTIFIED_DEFICIT	1750	1	1	0	0,0,0,0,0,0,0,0,0,0,0,0,0	0
3	1641	CERTIFIED_DEFICIT	1750	1	1	0	0,0,0,0,0,0,0,0,0,0,0,0,0	0
3	1642	CERTIFIED_DEFICIT	1750	1	1	0	0,0,0,0,0,0,0,0,0,0,0,0,0	0
3	1643	CERTIFIED_DEFICIT	1750	1	1	0	0,0,0,0,0,0,0,0,0,0,0,0,0	0
3	1644	CERTIFIED_DEFICIT	1750	1	1	0	0,0,0,0,0,0,0,0,0,0,0,0,0	0
3	1645	CERTIFIED_DEFICIT	1750	1	1	0	0,0,0,0,0,0,0,0,0,0,0,0,0	0
3	1646	CERTIFIED_DEFICIT	1750	1	1	0	0,0,0,0,0,0,0,0,0,0,0,0,0	0
3	1647	CERTIFIED_DEFICIT	1750	1	1	0	0,0,0,0,0,0,0,0,0,0,0,0,0	0
3	1648	CERTIFIED_DEFICIT	1750	1	1	0	0,0,0,0,0,0,0,0,0,0,0,0,0	0
3	1649	CERTIFIED_DEFICIT	1750	1	1	0	0,0,0,0,0,0,0,0,0,0,0,0,0	0
3	1650	CERTIFIED_DEFICIT	1750	1	1	0	0,0,0,0,0,0,0,0,0,0,0,0,0	0
3	1651	CERTIFIED_DEFICIT	1750	1	1	0	0,0,0,0,0,0,0,0,0,0,0,0,0	0
3	1652	CERTIFIED_DEFICIT	1750	1	1	0	0,0,0,0,0,0,0,0,0,0,0,0,0	0
3	1653	CERTIFIED_DEFICIT	1750	1	1	0	0,0,0,0,0,0,0,0,0,0,0,0,0	0
3	1654	CERTIFIED_DEFICIT	1750	1	1	0	0,0,0,0,0,0,0,0,0,0,0,0,0	0
3	1655	CERTIFIED_DEFICIT	1750	1	1	0	0,0,0,0,0,0,0,0,0,0,0,0,0	0
3	1656	CERTIFIED_DEFICIT	1750	1	1	0	0,0,0,0,0,0,0,0,0,0,0,0,0	0
3	1657	CERTIFIED_DEFICIT	1750	1	1	0	0,0,0,0,0,0,0,0,0,0,0,0,0	0
3	1658	CERTIFIED_DEFICIT	1750	1	1	0	0,0,0,0,0,0,0,0,0,0,0,0,0	0
3	1659	CERTIFIED_DEFICIT	1750	1	1	0	0,0,0,0,0,0,0,0,0,0,0,0,0	0
3	1660	CERTIFIED_DEFICIT	1750	1	1	0	0,0,0,0,0,0,0,0,0,0,0,0,0	0
3	1661	CERTIFIED_DEFICIT	1750	1	1	0	0,0,0,0,0,0,0,0,0,0,0,0,0	0
3	1662	CERTIFIED_DEFICIT	1750	1	1	0	0,0,0,0,0,0,0,0,0,0,0,0,0	0
3	1663	CERTIFIED_DEFICIT	1750	1	1	0	0,0,0,0,0,0,0,0,0,0,0,0,0	0
3	1664	CERTIFIED_DEFICIT	1750	1	1	0	0,0,0,0,0,0,0,0,0,0,0,0,0	0
3	1665	CERTIFIED_DEFICIT	1750	1	1	0	0,0,0,0,0,0,0,0,0,0,0,0,0	0
3	1666	CERTIFIED_DEFICIT	1750	1	1	0	0,0,0,0,0,0,0,0,0,0,0,0,0	0
3	1667	CERTIFIED_DEFICIT	1750	1	1	0	0,0,0,0,0,0,0,0,0,0,0,0,0	0
3	1668	CERTIFIED_DEFICIT	1750	1	1	0	0,0,0,0,0,0,0,0,0,0,0,0,0	0
3	1669	CERTIFIED_DEFICIT	1750	1	1	0	0,0,0,0,0,0,0,0,0,0,0,0,0	0
3	1670	CERTIFIED_DEFICIT	1750	1	1	0	0,0,0,0,0,0,0,0,0,0,0,0,0	0
3	1671	CERTIFIED_DEFICIT	1750	1	1	0	0,0,0,0,0,0,0,0,0,0,0,0,0	0
3	1672	CERTIFIED_DEFICIT	1750	1	1	0	0,0,0,0,0,0,0,0,0,0,0,0,0	0
3	1673	CERTIFIED_DEFICIT	1750	1	1	0	0,0,0,0,0,0,0,0,0,0,0,0,0	0
3	1674	CERTIFIED_DEFICIT	1750	1	1	0	0,0,0,0,0,0,0,0,0,0,0,0,0	0
3	1675	CERTIFIED_DEFICIT	1750	1	1	0	0,0,0,0,0,0,0,0,0,0,0,0,0	0
3	1676	CERTIFIED_DEFICIT	1750	1	1	0	0,0,0,0,0,0,0,0,0,0,0,0,0	0
3	1677	CERTIFIED_DEFICIT	1750	1	1	0	0,0,0,0,0,0,0,0,0,0,0,0,0	0
3	1678	CERTIFIED_DEFICIT	1750	1	1	0	0,0,0,0,0,0,0,0,0,0,0,0,0	0
3	1679	CERTIFIED_DEFICIT	1750	1	1	0	0,0,0,0,0,0,0,0,0,0,0,0,0	0
3	1680	CERTIFIED_DEFICIT	1750	1	1	0	0,0,0,0,0,0,0,0,0,0,0,0,0	0
3	1681	CERTIFIED_DEFICIT	1750	1	1	0	0,0,0,0,0,0,0,0,0,0,0,0,0	0
3	1682	CERTIFIED_DEFICIT	1750	1	1	0	0,0,0,0,0,0,0,0,0,0,0,0,0	0
3	1683	CERTIFIED_DEFICIT	1750	1	1	0	0,0,0,0,0,0,0,0,0,0,0,0,0	0
3	1684	CERTIFIED_DEFICIT	1750	1	1	0	0,0,0,0,0,0,0,0,0,0,0,0,0	0
3	1685	CERTIFIED_DEFICIT	1750	1	1	0	0,0,0,0,0,0,0,0,0,0,0,0,0	0
3	1686	CERTIFIED_DEFICIT	1750	1	1	0	0,0,0,0,0,0,0,0,0,0,0,0,0	0
3	1687	CERTIFIED_DEFICIT	1750	1	1	0	0,0,0,0,0,0,0,0,0,0,0,0,0	0
3	1688	CERTIFIED_DEFICIT	1750	1	1	0	0,0,0,0,0,0,0,0,0,0,0,0,0	0
3	1689	CERTIFIED_DEFICIT	1750	1	1	0	0,0,0,0,0,0,0,0,0,0,0,0,0	0
3	1690	CERTIFIED_DEFICIT	1750	1	1	0	0,0,0,0,0,0,0,0,0,0,0,0,0	0
3	1691	CERTIFIED_DEFICIT	1750	1	1	0	0,0,0,0,0,0,0,0,0,0,0,0,0	0
3	1692	CERTIFIED_DEFICIT	1750	1	1	0	0,0,0,0,0,0,0,0,0,0,0,0,0	0
3	1693	CERTIFIED_DEFICIT	1750	1	1	0	0,0,0,0,0,0,0,0,0,0,0,0,0	0
3	1694	CERTIFIED_DEFICIT	1313	1	1	0	0,0,0,0,0,0,0,0,0,0,0,0,0	0
3	1695	CERTIFIED_DEFICIT	1750	1	1	0	0,0,0,0,0,0,0,0,0,0,0,0,0	0
3	1696	CERTIFIED_DEFICIT	1750	1	1	0	0,0,0,0,0,0,0,0,0,0,0,0,0	0
3	1697	CERTIFIED_DEFICIT	1750	1	1	0	0,0,0,0,0,0,0,0,0,0,0,0,0	0
3	1698	CERTIFIED_DEFICIT	1750	1	1	0	0,0,0,0,0,0,0,0,0,0,0,0,0	0
3	1699	CERTIFIED_DEFICIT	1750	1	1	0	0,0,0,0,0,0,0,0,0,0,0,0,0	0
3	1700	CERTIFIED_DEFICIT	1750	1	1	0	0,0,0,0,0,0,0,0,0,0,0,0,0	0
3	1701	CERTIFIED_DEFICIT	1750	1	1	0	0,0,0,0,0,0,0,0,0,0,0,0,0	0
3	1702	CERTIFIED_DEFICIT	1750	1	1	0	0,0,0,0,0,0,0,0,0,0,0,0,0	0
3	1703	CERTIFIED_DEFICIT	1750	1	1	0	0,0,0,0,0,0,0,0,0,0,0,0,0	0
3	1704	CERTIFIED_DEFICIT	1750	1	1	0	0,0,0,0,0,0,0,0,0,0,0,0,0	0
3	1705	CERTIFIED_DEFICIT	1327	1	1	0	0,0,0,0,0,0,0,0,0,0,0,0,0	0
3	1706	CERTIFIED_DEFICIT	1750	1	1	0	0,0,0,0,0,0,0,0,0,0,0,0,0	0
3	1707	CERTIFIED_DEFICIT	1750	1	1	0	0,0,0,0,0,0,0,0,0,0,0,0,0	0
3	1708	CERTIFIED_DEFICIT	1750	1	1	0	0,0,0,0,0,0,0,0,0,0,0,0,0	0
3	1709	CERTIFIED_DEFICIT	1273	1	1	0	0,0,0,0,0,0,0,0,0,0,0,0,0	0
3	1710	CERTIFIED_DEFICIT	1750	1	1	0	0,0,0,0,0,0,0,0,0,0,0,0,0	0
3	1711	CERTIFIED_DEFICIT	1750	1	1	0	0,0,0,0,0,0,0,0,0,0,0,0,0	0
3	1712	CERTIFIED_DEFICIT	1237	1	1	0	0,0,0,0,0,0,0,0,0,0,0,0,0	0
3	1713	CERTIFIED_DEFICIT	1750	1	1	0	0,0,0,0,0,0,0,0,0,0,0,0,0	0
3	1714	CERTIFIED_DEFICIT	1750	1	1	0	0,0,0,0,0,0,0,0,0,0,0,0,0	0
3	1715	CERTIFIED_DEFICIT	1750	1	1	0	0,0,0,0,0,0,0,0,0,0,0,0,0	0
3	1716	CERTIFIED_DEFICIT	1736	1	1	0	0,0,0,0,0,0,0,0,0,0,0,0,0	0
3	1717	CERTIFIED_DEFICIT	1736	1	1	0	0,0,0,0,0,0,0,0,0,0,0,0,0	0
3	1718	CERTIFIED_DEFICIT	1736	1	1	0	0,0,0,0,0,0,0,0,0,0,0,0,0	0
3	1719	CERTIFIED_DEFICIT	1736	1	1	0	0,0,0,0,0,0,0,0,0,0,0,0,0	0
3	1720	CERTIFIED_DEFICIT	1736	1	1	0	0,0,0,0,0,0,0,0,0,0,0,0,0	0
3	1721	CERTIFIED_DEFICIT	1736	1	1	0	0,0,0,0,0,0,0,0,0,0,0,0,0	0
3	1722	CERTIFIED_DEFICIT	1736	1	1	0	0,0,0,0,0,0,0,0,0,0,0,0,0	0
3	1723	CERTIFIED_DEFICIT	1736	1	1	0	0,0,0,0,0,0,0,0,0,0,0,0,0	0
3	1724	CERTIFIED_DEFICIT	1736	1	1	0	0,0,0,0,0,0,0,0,0,0,0,0,0	0
3	1725	CERTIFIED_DEFICIT	1736	1	1	0	0,0,0,0,0,0,0,0,0,0,0,0,0	0
3	1726	CERTIFIED_DEFICIT	1736	1	1	0	0,0,0,0,0,0,0,0,0,0,0,0,0	0
3	1727	CERTIFIED_DEFICIT	1228	1	1	0	0,0,0,0,0,0,0,0,0,0,0,0,0	0
3	1728	CERTIFIED_DEFICIT	1736	1	1	0	0,0,0,0,0,0,0,0,0,0,0,0,0	0
3	1729	CERTIFIED_DEFICIT	1736	1	1	0	0,0,0,0,0,0,0,0,0,0,0,0,0	0
3	1730	CERTIFIED_DEFICIT	1736	1	1	0	0,0,0,0,0,0,0,0,0,0,0,0,0	0
3	1731	CERTIFIED_DEFICIT	1736	1	1	0	0,0,0,0,0,0,0,0,0,0,0,0,0	0
3	1732	CERTIFIED_DEFICIT	1736	1	1	0	0,0,0,0,0,0,0,0,0,0,0,0,0	0
3	1733	CERTIFIED_DEFICIT	1736	1	1	0	0,0,0,0,0,0,0,0,0,0,0,0,0	0
3	1734	CERTIFIED_DEFICIT	1736	1	1	0	0,0,0,0,0,0,0,0,0,0,0,0,0	0
3	1735	CERTIFIED_DEFICIT	1736	1	1	0	0,0,0,0,0,0,0,0,0,0,0,0,0	0
3	1736	CERTIFIED_DEFICIT	1736	1	1	0	0,0,0,0,0,0,0,0,0,0,0,0,0	0
3	1737	CERTIFIED_DEFICIT	1736	1	1	0	0,0,0,0,0,0,0,0,0,0,0,0,0	0
3	1738	CERTIFIED_DEFICIT	1736	1	1	0	0,0,0,0,0,0,0,0,0,0,0,0,0	0
3	1739	CERTIFIED_DEFICIT	1736	1	1	0	0,0,0,0,0,0,0,0,0,0,0,0,0	0
3	1740	CERTIFIED_DEFICIT	1736	1	1	0	0,0,0,0,0,0,0,0,0,0,0,0,0	0
3	1741	CERTIFIED_DEFICIT	1736	1	1	0	0,0,0,0,0,0,0,0,0,0,0,0,0	0
3	1742	CERTIFIED_DEFICIT	1736	1	1	0	0,0,0,0,0,0,0,0,0,0,0,0,0	0
3	1743	CERTIFIED_DEFICIT	1736	1	1	0	0,0,0,0,0,0,0,0,0,0,0,0,0	0
3	1744	CERTIFIED_DEFICIT	1736	1	1	0	0,0,0,0,0,0,0,0,0,0,0,0,0	0
3	1745	CERTIFIED_DEFICIT	1736	1	1	0	0,0,0,0,0,0,0,0,0,0,0,0,0	0
3	1746	CERTIFIED_DEFICIT	1736	1	1	0	0,0,0,0,0,0,0,0,0,0,0,0,0	0
3	1747	CERTIFIED_DEFICIT	1736	1	1	0	0,0,0,0,0,0,0,0,0,0,0,0,0	0
3	1748	CERTIFIED_DEFICIT	1736	1	1	0	0,0,0,0,0,0,0,0,0,0,0,0,0	0
3	1749	CERTIFIED_DEFICIT	1736	1	1	0	0,0,0,0,0,0,0,0,0,0,0,0,0	0
3	1750	CERTIFIED_DEFICIT	1736	1	1	0	0,0,0,0,0,0,0,0,0,0,0,0,0	0
3	1751	CERTIFIED_DEFICIT	1736	1	1	0	0,0,0,0,0,0,0,0,0,0,0,0,0	0
3	1752	CERTIFIED_DEFICIT	1736	1	1	0	0,0,0,0,0,0,0,0,0,0,0,0,0	0
3	1753	CERTIFIED_DEFICIT	1736	1	1	0	0,0,0,0,0,0,0,0,0,0,0,0,0	0
3	1754	CERTIFIED_DEFICIT	1736	1	1	0	0,0,0,0,0,0,0,0,0,0,0,0,0	0
3	1755	CERTIFIED_DEFICIT	1736	1	1	0	0,0,0,0,0,0,0,0,0,0,0,0,0	0
3	1756	CERTIFIED_DEFICIT	1736	1	1	0	0,0,0,0,0,0,0,0,0,0,0,0,0	0
3	1757	CERTIFIED_DEFICIT	1736	1	1	0	0,0,0,0,0,0,0,0,0,0,0,0,0	0
3	1758	CERTIFIED_DEFICIT	1736	1	1	0	0,0,0,0,0,0,0,0,0,0,0,0,0	0
3	1759	CERTIFIED_DEFICIT	1736	1	1	0	0,0,0,0,0,0,0,0,0,0,0,0,0	0
3	1760	CERTIFIED_DEFICIT	1736	1	1	0	0,0,0,0,0,0,0,0,0,0,0,0,0	0
3	1761	CERTIFIED_DEFICIT	1736	1	1	0	0,0,0,0,0,0,0,0,0,0,0,0,0	0
3	1762	CERTIFIED_DEFICIT	1736	1	1	0	0,0,0,0,0,0,0,0,0,0,0,0,0	0
3	1763	CERTIFIED_DEFICIT	1736	1	1	0	0,0,0,0,0,0,0,0,0,0,0,0,0	0
3	1764	CERTIFIED_DEFICIT	1736	1	1	0	0,0,0,0,0,0,0,0,0,0,0,0,0	0
3	1765	CERTIFIED_DEFICIT	1736	1	1	0	0,0,0,0,0,0,0,0,0,0,0,0,0	0
3	1766	CERTIFIED_DEFICIT	1736	1	1	0	0,0,0,0,0,0,0,0,0,0,0,0,0	0
3	1767	CERTIFIED_DEFICIT	1736	1	1	0	0,0,0,0,0,0,0,0,0,0,0,0,0	0
3	1768	CERTIFIED_DEFICIT	1736	1	1	0	0,0,0,0,0,0,0,0,0,0,0,0,0	0
3	1769	CERTIFIED_DEFICIT	1736	1	1	0	0,0,0,0,0,0,0,0,0,0,0,0,0	0
3	1770	CERTIFIED_DEFICIT	1736	1	1	0	0,0,0,0,0,0,0,0,0,0,0,0,0	0
3	1771	CERTIFIED_DEFICIT	1736	1	1	0	0,0,0,0,0,0,0,0,0,0,0,0,0	0
3	1772	CERTIFIED_DEFICIT	1206	1	1	0	0,0,0,0,0,0,0,0,0,0,0,0,0	0
3	1773	CERTIFIED_DEFICIT	1736	1	1	0	0,0,0,0,0,0,0,0,0,0,0,0,0	0
3	1774	CERTIFIED_DEFICIT	1736	1	1	0	0,0,0,0,0,0,0,0,0,0,0,0,0	0
3	1775	CERTIFIED_DEFICIT	1736	1	1	0	0,0,0,0,0,0,0,0,0,0,0,0,0	0
3	1776	CERTIFIED_DEFICIT	1736	1	1	0	0,0,0,0,0,0,0,0,0,0,0,0,0	0
3	1777	CERTIFIED_DEFICIT	1736	1	1	0	0,0,0,0,0,0,0,0,0,0,0,0,0	0
3	1778	CERTIFIED_DEFICIT	1376	1	1	0	0,0,0,0,0,0,0,0,0,0,0,0,0	0
3	1779	CERTIFIED_DEFICIT	1736	1	1	0	0,0,0,0,0,0,0,0,0,0,0,0,0	0
3	1780	CERTIFIED_DEFICIT	1736	1	1	0	0,0,0,0,0,0,0,0,0,0,0,0,0	0
3	1781	CERTIFIED_DEFICIT	1736	1	1	0	0,0,0,0,0,0,0,0,0,0,0,0,0	0
3	1782	CERTIFIED_DEFICIT	1736	1	1	0	0,0,0,0,0,0,0,0,0,0,0,0,0	0
3	1783	CERTIFIED_DEFICIT	1327	1	1	0	0,0,0,0,0,0,0,0,0,0,0,0,0	0
3	1784	CERTIFIED_DEFICIT	1736	1	1	0	0,0,0,0,0,0,0,0,0,0,0,0,0	0
3	1785	CERTIFIED_DEFICIT	1736	1	1	0	0,0,0,0,0,0,0,0,0,0,0,0,0	0
3	1786	CERTIFIED_DEFICIT	1736	1	1	0	0,0,0,0,0,0,0,0,0,0,0,0,0	0
3	1787	CERTIFIED_DEFICIT	1273	1	1	0	0,0,0,0,0,0,0,0,0,0,0,0,0	0
3	1788	CERTIFIED_DEFICIT	1736	1	1	0	0,0,0,0,0,0,0,0,0,0,0,0,0	0
3	1789	CERTIFIED_DEFICIT	1736	1	1	0	0,0,0,0,0,0,0,0,0,0,0,0,0	0
3	1790	CERTIFIED_DEFICIT	1237	1	1	0	0,0,0,0,0,0,0,0,0,0,0,0,0	0
3	1791	CERTIFIED_DEFICIT	1736	1	1	0	0,0,0,0,0,0,0,0,0,0,0,0,0	0
3	1792	CERTIFIED_DEFICIT	1318	1	1	0	0,0,0,0,0,0,0,0,0,0,0,0,0	0
3	1793	CERTIFIED_DEFICIT	1736	1	1	0	0,0,0,0,0,0,0,0,0,0,0,0,0	0
3	1794	CERTIFIED_DEFICIT	1288	1	1	0	0,0,0,0,0,0,0,0,0,0,0,0,0	0
3	1795	CERTIFIED_DEFICIT	1288	1	1	0	0,0,0,0,0,0,0,0,0,0,0,0,0	0
3	1796	CERTIFIED_DEFICIT	1288	1	1	0	0,0,0,0,0,0,0,0,0,0,0,0,0	0
3	1797	CERTIFIED_DEFICIT	1288	1	1	0	0,0,0,0,0,0,0,0,0,0,0,0,0	0
3	1798	CERTIFIED_DEFICIT	1288	1	1	0	0,0,0,0,0,0,0,0,0,0,0,0,0	0
3	1799	CERTIFIED_DEFICIT	1288	1	1	0	0,0,0,0,0,0,0,0,0,0,0,0,0	0
3	1800	CERTIFIED_DEFICIT	1288	1	1	0	0,0,0,0,0,0,0,0,0,0,0,0,0	0
3	1801	CERTIFIED_DEFICIT	1288	1	1	0	0,0,0,0,0,0,0,0,0,0,0,0,0	0
3	1802	CERTIFIED_DEFICIT	1288	1	1	0	0,0,0,0,0,0,0,0,0,0,0,0,0	0
3	1803	CERTIFIED_DEFICIT	1288	1	1	0	0,0,0,0,0,0,0,0,0,0,0,0,0	0
3	1804	CERTIFIED_DEFICIT	1288	1	1	0	0,0,0,0,0,0,0,0,0,0,0,0,0	0
3	1805	CERTIFIED_DEFICIT	1288	1	1	0	0,0,0,0,0,0,0,0,0,0,0,0,0	0
3	1806	CERTIFIED_DEFICIT	1288	1	1	0	0,0,0,0,0,0,0,0,0,0,0,0,0	0
3	1807	CERTIFIED_DEFICIT	1288	1	1	0	0,0,0,0,0,0,0,0,0,0,0,0,0	0
3	1808	CERTIFIED_DEFICIT	1288	1	1	0	0,0,0,0,0,0,0,0,0,0,0,0,0	0
3	1809	CERTIFIED_DEFICIT	1288	1	1	0	0,0,0,0,0,0,0,0,0,0,0,0,0	0
3	1810	CERTIFIED_DEFICIT	1288	1	1	0	0,0,0,0,0,0,0,0,0,0,0,0,0	0
3	1811	CERTIFIED_DEFICIT	1288	1	1	0	0,0,0,0,0,0,0,0,0,0,0,0,0	0
3	1812	CERTIFIED_DEFICIT	1288	1	1	0	0,0,0,0,0,0,0,0,0,0,0,0,0	0
3	1813	CERTIFIED_DEFICIT	1288	1	1	0	0,0,0,0,0,0,0,0,0,0,0,0,0	0
3	1814	CERTIFIED_DEFICIT	1288	1	1	0	0,0,0,0,0,0,0,0,0,0,0,0,0	0
3	1815	CERTIFIED_DEFICIT	1288	1	1	0	0,0,0,0,0,0,0,0,0,0,0,0,0	0
3	1816	CERTIFIED_DEFICIT	1288	1	1	0	0,0,0,0,0,0,0,0,0,0,0,0,0	0
3	1817	CERTIFIED_DEFICIT	1288	1	1	0	0,0,0,0,0,0,0,0,0,0,0,0,0	0
3	1818	CERTIFIED_DEFICIT	1288	1	1	0	0,0,0,0,0,0,0,0,0,0,0,0,0	0
3	1819	CERTIFIED_DEFICIT	1288	1	1	0	0,0,0,0,0,0,0,0,0,0,0,0,0	0
3	1820	CERTIFIED_DEFICIT	1288	1	1	0	0,0,0,0,0,0,0,0,0,0,0,0,0	0
3	1821	CERTIFIED_DEFICIT	1288	1	1	0	0,0,0,0,0,0,0,0,0,0,0,0,0	0
3	1822	CERTIFIED_DEFICIT	1288	1	1	0	0,0,0,0,0,0,0,0,0,0,0,0,0	0
3	1823	CERTIFIED_DEFICIT	1288	1	1	0	0,0,0,0,0,0,0,0,0,0,0,0,0	0
3	1824	CERTIFIED_DEFICIT	1288	1	1	0	0,0,0,0,0,0,0,0,0,0,0,0,0	0
3	1825	CERTIFIED_DEFICIT	1288	1	1	0	0,0,0,0,0,0,0,0,0,0,0,0,0	0
3	1826	CERTIFIED_DEFICIT	1288	1	1	0	0,0,0,0,0,0,0,0,0,0,0,0,0	0
3	1827	CERTIFIED_DEFICIT	1288	1	1	0	0,0,0,0,0,0,0,0,0,0,0,0,0	0
3	1828	CERTIFIED_DEFICIT	1288	1	1	0	0,0,0,0,0,0,0,0,0,0,0,0,0	0
3	1829	CERTIFIED_DEFICIT	1288	1	1	0	0,0,0,0,0,0,0,0,0,0,0,0,0	0
3	1830	CERTIFIED_DEFICIT	1288	1	1	0	0,0,0,0,0,0,0,0,0,0,0,0,0	0
3	1831	CERTIFIED_DEFICIT	1288	1	1	0	0,0,0,0,0,0,0,0,0,0,0,0,0	0
3	1832	CERTIFIED_DEFICIT	1288	1	1	0	0,0,0,0,0,0,0,0,0,0,0,0,0	0
3	1833	CERTIFIED_DEFICIT	1288	1	1	0	0,0,0,0,0,0,0,0,0,0,0,0,0	0
3	1834	CERTIFIED_DEFICIT	1288	1	1	0	0,0,0,0,0,0,0,0,0,0,0,0,0	0
3	1835	CERTIFIED_DEFICIT	1288	1	1	0	0,0,0,0,0,0,0,0,0,0,0,0,0	0
3	1836	CERTIFIED_DEFICIT	1288	1	1	0	0,0,0,0,0,0,0,0,0,0,0,0,0	0
3	1837	CERTIFIED_DEFICIT	1288	1	1	0	0,0,0,0,0,0,0,0,0,0,0,0,0	0
3	1838	CERTIFIED_DEFICIT	1288	1	1	0	0,0,0,0,0,0,0,0,0,0,0,0,0	0
3	1839	CERTIFIED_DEFICIT	1288	1	1	0	0,0,0,0,0,0,0,0,0,0,0,0,0	0
3	1840	CERTIFIED_DEFICIT	1288	1	1	0	0,0,0,0,0,0,0,0,0,0,0,0,0	0
3	1841	CERTIFIED_DEFICIT	1288	1	1	0	0,0,0,0,0,0,0,0,0,0,0,0,0	0
3	1842	CERTIFIED_DEFICIT	1288	1	1	0	0,0,0,0,0,0,0,0,0,0,0,0,0	0
3	1843	CERTIFIED_DEFICIT	1288	1	1	0	0,0,0,0,0,0,0,0,0,0,0,0,0	0
3	1844	CERTIFIED_DEFICIT	1288	1	1	0	0,0,0,0,0,0,0,0,0,0,0,0,0	0
3	1845	CERTIFIED_DEFICIT	1288	1	1	0	0,0,0,0,0,0,0,0,0,0,0,0,0	0
3	1846	CERTIFIED_DEFICIT	1288	1	1	0	0,0,0,0,0,0,0,0,0,0,0,0,0	0
3	1847	CERTIFIED_DEFICIT	1288	1	1	0	0,0,0,0,0,0,0,0,0,0,0,0,0	0
3	1848	CERTIFIED_DEFICIT	1288	1	1	0	0,0,0,0,0,0,0,0,0,0,0,0,0	0
3	1849	CERTIFIED_DEFICIT	1288	1	1	0	0,0,0,0,0,0,0,0,0,0,0,0,0	0
3	1850	CERTIFIED_DEFICIT	1288	1	1	0	0,0,0,0,0,0,0,0,0,0,0,0,0	0
3	1851	CERTIFIED_DEFICIT	1288	1	1	0	0,0,0,0,0,0,0,0,0,0,0,0,0	0
3	1852	CERTIFIED_DEFICIT	1288	1	1	0	0,0,0,0,0,0,0,0,0,0,0,0,0	0
3	1853	CERTIFIED_DEFICIT	1288	1	1	0	0,0,0,0,0,0,0,0,0,0,0,0,0	0
3	1854	CERTIFIED_DEFICIT	1288	1	1	0	0,0,0,0,0,0,0,0,0,0,0,0,0	0
3	1855	CERTIFIED_DEFICIT	1288	1	1	0	0,0,0,0,0,0,0,0,0,0,0,0,0	0
3	1856	CERTIFIED_DEFICIT	1288	1	1	0	0,0,0,0,0,0,0,0,0,0,0,0,0	0
3	1857	CERTIFIED_DEFICIT	1288	1	1	0	0,0,0,0,0,0,0,0,0,0,0,0,0	0
3	1858	CERTIFIED_DEFICIT	1288	1	1	0	0,0,0,0,0,0,0,0,0,0,0,0,0	0
3	1859	CERTIFIED_DEFICIT	1288	1	1	0	0,0,0,0,0,0,0,0,0,0,0,0,0	0
3	1860	CERTIFIED_DEFICIT	1288	1	1	0	0,0,0,0,0,0,0,0,0,0,0,0,0	0
3	1861	CERTIFIED_DEFICIT	1288	1	1	0	0,0,0,0,0,0,0,0,0,0,0,0,0	0
3	1862	CERTIFIED_DEFICIT	1288	1	1	0	0,0,0,0,0,0,0,0,0,0,0,0,0	0
3	1863	CERTIFIED_DEFICIT	1288	1	1	0	0,0,0,0,0,0,0,0,0,0,0,0,0	0
3	1864	CERTIFIED_DEFICIT	1288	1	1	0	0,0,0,0,0,0,0,0,0,0,0,0,0	0
3	1865	CERTIFIED_DEFICIT	1273	1	1	0	0,0,0,0,0,0,0,0,0,0,0,0,0	0
3	1866	CERTIFIED_DEFICIT	1288	1	1	0	0,0,0,0,0,0,0,0,0,0,0,0,0	0
3	1867	CERTIFIED_DEFICIT	1288	1	1	0	0,0,0,0,0,0,0,0,0,0,0,0,0	0
3	1868	CERTIFIED_DEFICIT	1237	1	1	0	0,0,0,0,0,0,0,0,0,0,0,0,0	0
3	1869	CERTIFIED_DEFICIT	1288	1	1	0	0,0,0,0,0,0,0,0,0,0,0,0,0	0
3	1870	CERTIFIED_DEFICIT	1288	1	1	0	0,0,0,0,0,0,0,0,0,0,0,0,0	0
3	1871	CERTIFIED_DEFICIT	1288	1	1	0	0,0,0,0,0,0,0,0,0,0,0,0,0	0
3	1872	CERTIFIED_DEFICIT	1288	1	1	0	0,0,0,0,0,0,0,0,0,0,0,0,0	0
3	1873	CERTIFIED_DEFICIT	1288	1	1	0	0,0,0,0,0,0,0,0,0,0,0,0,0	0
3	1874	CERTIFIED_DEFICIT	1288	1	1	0	0,0,0,0,0,0,0,0,0,0,0,0,0	0
3	1875	CERTIFIED_DEFICIT	1288	1	1	0	0,0,0,0,0,0,0,0,0,0,0,0,0	0
3	1876	CERTIFIED_DEFICIT	1288	1	1	0	0,0,0,0,0,0,0,0,0,0,0,0,0	0
3	1877	CERTIFIED_DEFICIT	1288	1	1	0	0,0,0,0,0,0,0,0,0,0,0,0,0	0
3	1878	CERTIFIED_DEFICIT	1288	1	1	0	0,0,0,0,0,0,0,0,0,0,0,0,0	0
3	1879	CERTIFIED_DEFICIT	1288	1	1	0	0,0,0,0,0,0,0,0,0,0,0,0,0	0
3	1880	CERTIFIED_DEFICIT	1288	1	1	0	0,0,0,0,0,0,0,0,0,0,0,0,0	0
3	1881	CERTIFIED_DEFICIT	1288	1	1	0	0,0,0,0,0,0,0,0,0,0,0,0,0	0
3	1882	CERTIFIED_DEFICIT	1288	1	1	0	0,0,0,0,0,0,0,0,0,0,0,0,0	0
3	1883	CERTIFIED_DEFICIT	1288	1	1	0	0,0,0,0,0,0,0,0,0,0,0,0,0	0
3	1884	CERTIFIED_DEFICIT	1288	1	1	0	0,0,0,0,0,0,0,0,0,0,0,0,0	0
3	1885	CERTIFIED_DEFICIT	1288	1	1	0	0,0,0,0,0,0,0,0,0,0,0,0,0	0
3	1886	CERTIFIED_DEFICIT	1288	1	1	0	0,0,0,0,0,0,0,0,0,0,0,0,0	0
3	1887	CERTIFIED_DEFICIT	1288	1	1	0	0,0,0,0,0,0,0,0,0,0,0,0,0	0
3	1888	CERTIFIED_DEFICIT	1288	1	1	0	0,0,0,0,0,0,0,0,0,0,0,0,0	0
3	1889	CERTIFIED_DEFICIT	1288	1	1	0	0,0,0,0,0,0,0,0,0,0,0,0,0	0
3	1890	CERTIFIED_DEFICIT	1288	1	1	0	0,0,0,0,0,0,0,0,0,0,0,0,0	0
3	1891	CERTIFIED_DEFICIT	1288	1	1	0	0,0,0,0,0,0,0,0,0,0,0,0,0	0
3	1892	CERTIFIED_DEFICIT	1288	1	1	0	0,0,0,0,0,0,0,0,0,0,0,0,0	0
3	1893	CERTIFIED_DEFICIT	1288	1	1	0	0,0,0,0,0,0,0,0,0,0,0,0,0	0
3	1894	CERTIFIED_DEFICIT	1288	1	1	0	0,0,0,0,0,0,0,0,0,0,0,0,0	0
3	1895	CERTIFIED_DEFICIT	1288	1	1	0	0,0,0,0,0,0,0,0,0,0,0,0,0	0
3	1896	CERTIFIED_DEFICIT	1288	1	1	0	0,0,0,0,0,0,0,0,0,0,0,0,0	0
3	1897	CERTIFIED_DEFICIT	1288	1	1	0	0,0,0,0,0,0,0,0,0,0,0,0,0	0
3	1898	CERTIFIED_DEFICIT	1288	1	1	0	0,0,0,0,0,0,0,0,0,0,0,0,0	0
3	1899	CERTIFIED_DEFICIT	1288	1	1	0	0,0,0,0,0,0,0,0,0,0,0,0,0	0
3	1900	CERTIFIED_DEFICIT	1288	1	1	0	0,0,0,0,0,0,0,0,0,0,0,0,0	0
3	1901	CERTIFIED_DEFICIT	1288	1	1	0	0,0,0,0,0,0,0,0,0,0,0,0,0	0
3	1902	CERTIFIED_DEFICIT	1288	1	1	0	0,0,0,0,0,0,0,0,0,0,0,0,0	0
3	1903	CERTIFIED_DEFICIT	1288	1	1	0	0,0,0,0,0,0,0,0,0,0,0,0,0	0
3	1904	CERTIFIED_DEFICIT	1288	1	1	0	0,0,0,0,0,0,0,0,0,0,0,0,0	0
3	1905	CERTIFIED_DEFICIT	1288	1	1	0	0,0,0,0,0,0,0,0,0,0,0,0,0	0
3	1906	CERTIFIED_DEFICIT	1288	1	1	0	0,0,0,0,0,0,0,0,0,0,0,0,0	0
3	1907	CERTIFIED_DEFICIT	1288	1	1	0	0,0,0,0,0,0,0,0,0,0,0,0,0	0
3	1908	CERTIFIED_DEFICIT	1288	1	1	0	0,0,0,0,0,0,0,0,0,0,0,0,0	0
3	1909	CERTIFIED_DEFICIT	1288	1	1	0	0,0,0,0,0,0,0,0,0,0,0,0,0	0
3	1910	CERTIFIED_DEFICIT	1288	1	1	0	0,0,0,0,0,0,0,0,0,0,0,0,0	0
3	1911	CERTIFIED_DEFICIT	1288	1	1	0	0,0,0,0,0,0,0,0,0,0,0,0,0	0
3	1912	CERTIFIED_DEFICIT	1288	1	1	0	0,0,0,0,0,0,0,0,0,0,0,0,0	0
3	1913	CERTIFIED_DEFICIT	1288	1	1	0	0,0,0,0,0,0,0,0,0,0,0,0,0	0
3	1914	CERTIFIED_DEFICIT	1288	1	1	0	0,0,0,0,0,0,0,0,0,0,0,0,0	0
3	1915	CERTIFIED_DEFICIT	1288	1	1	0	0,0,0,0,0,0,0,0,0,0,0,0,0	0
3	1916	CERTIFIED_DEFICIT	1288	1	1	0	0,0,0,0,0,0,0,0,0,0,0,0,0	0
3	1917	CERTIFIED_DEFICIT	1288	1	1	0	0,0,0,0,0,0,0,0,0,0,0,0,0	0
3	1918	CERTIFIED_DEFICIT	1288	1	1	0	0,0,0,0,0,0,0,0,0,0,0,0,0	0
3	1919	CERTIFIED_DEFICIT	1288	1	1	0	0,0,0,0,0,0,0,0,0,0,0,0,0	0
3	1920	CERTIFIED_DEFICIT	1288	1	1	0	0,0,0,0,0,0,0,0,0,0,0,0,0	0
3	1921	CERTIFIED_DEFICIT	1288	1	1	0	0,0,0,0,0,0,0,0,0,0,0,0,0	0
3	1922	CERTIFIED_DEFICIT	1288	1	1	0	0,0,0,0,0,0,0,0,0,0,0,0,0	0
3	1923	CERTIFIED_DEFICIT	1288	1	1	0	0,0,0,0,0,0,0,0,0,0,0,0,0	0
3	1924	CERTIFIED_DEFICIT	1288	1	1	0	0,0,0,0,0,0,0,0,0,0,0,0,0	0
3	1925	CERTIFIED_DEFICIT	1288	1	1	0	0,0,0,0,0,0,0,0,0,0,0,0,0	0
3	1926	CERTIFIED_DEFICIT	1288	1	1	0	0,0,0,0,0,0,0,0,0,0,0,0,0	0
3	1927	CERTIFIED_DEFICIT	1288	1	1	0	0,0,0,0,0,0,0,0,0,0,0,0,0	0
3	1928	CERTIFIED_DEFICIT	1288	1	1	0	0,0,0,0,0,0,0,0,0,0,0,0,0	0
3	1929	CERTIFIED_DEFICIT	1288	1	1	0	0,0,0,0,0,0,0,0,0,0,0,0,0	0
3	1930	CERTIFIED_DEFICIT	1288	1	1	0	0,0,0,0,0,0,0,0,0,0,0,0,0	0
3	1931	CERTIFIED_DEFICIT	1288	1	1	0	0,0,0,0,0,0,0,0,0,0,0,0,0	0
3	1932	CERTIFIED_DEFICIT	1288	1	1	0	0,0,0,0,0,0,0,0,0,0,0,0,0	0
3	1933	CERTIFIED_DEFICIT	1288	1	1	0	0,0,0,0,0,0,0,0,0,0,0,0,0	0
3	1934	CERTIFIED_DEFICIT	1288	1	1	0	0,0,0,0,0,0,0,0,0,0,0,0,0	0
3	1935	CERTIFIED_DEFICIT	1288	1	1	0	0,0,0,0,0,0,0,0,0,0,0,0,0	0
3	1936	CERTIFIED_DEFICIT	1288	1	1	0	0,0,0,0,0,0,0,0,0,0,0,0,0	0
3	1937	CERTIFIED_DEFICIT	1288	1	1	0	0,0,0,0,0,0,0,0,0,0,0,0,0	0
3	1938	CERTIFIED_DEFICIT	1288	1	1	0	0,0,0,0,0,0,0,0,0,0,0,0,0	0
3	1939	CERTIFIED_DEFICIT	1288	1	1	0	0,0,0,0,0,0,0,0,0,0,0,0,0	0
3	1940	CERTIFIED_DEFICIT	1288	1	1	0	0,0,0,0,0,0,0,0,0,0,0,0,0	0
3	1941	CERTIFIED_DEFICIT	1288	1	1	0	0,0,0,0,0,0,0,0,0,0,0,0,0	0
3	1942	CERTIFIED_DEFICIT	1288	1	1	0	0,0,0,0,0,0,0,0,0,0,0,0,0	0
3	1943	CERTIFIED_DEFICIT	1273	1	1	0	0,0,0,0,0,0,0,0,0,0,0,0,0	0
3	1944	CERTIFIED_DEFICIT	1288	1	1	0	0,0,0,0,0,0,0,0,0,0,0,0,0	0
3	1945	CERTIFIED_DEFICIT	1288	1	1	0	0,0,0,0,0,0,0,0,0,0,0,0,0	0
3	1946	CERTIFIED_DEFICIT	1237	1	1	0	0,0,0,0,0,0,0,0,0,0,0,0,0	0
3	1947	CERTIFIED_DEFICIT	1288	1	1	0	0,0,0,0,0,0,0,0,0,0,0,0,0	0
3	1948	CERTIFIED_DEFICIT	1288	1	1	0	0,0,0,0,0,0,0,0,0,0,0,0,0	0
3	1949	CERTIFIED_DEFICIT	1288	1	1	0	0,0,0,0,0,0,0,0,0,0,0,0,0	0
3	1950	CERTIFIED_DEFICIT	1288	1	1	0	0,0,0,0,0,0,0,0,0,0,0,0,0	0
3	1951	CERTIFIED_DEFICIT	1288	1	1	0	0,0,0,0,0,0,0,0,0,0,0,0,0	0
3	1952	CERTIFIED_DEFICIT	1288	1	1	0	0,0,0,0,0,0,0,0,0,0,0,0,0	0
3	1953	CERTIFIED_DEFICIT	1288	1	1	0	0,0,0,0,0,0,0,0,0,0,0,0,0	0
3	1954	CERTIFIED_DEFICIT	1288	1	1	0	0,0,0,0,0,0,0,0,0,0,0,0,0	0
3	1955	CERTIFIED_DEFICIT	1288	1	1	0	0,0,0,0,0,0,0,0,0,0,0,0,0	0
3	1956	CERTIFIED_DEFICIT	1288	1	1	0	0,0,0,0,0,0,0,0,0,0,0,0,0	0
3	1957	CERTIFIED_DEFICIT	1288	1	1	0	0,0,0,0,0,0,0,0,0,0,0,0,0	0
3	1958	CERTIFIED_DEFICIT	1288	1	1	0	0,0,0,0,0,0,0,0,0,0,0,0,0	0
3	1959	CERTIFIED_DEFICIT	1288	1	1	0	0,0,0,0,0,0,0,0,0,0,0,0,0	0
3	1960	CERTIFIED_DEFICIT	1288	1	1	0	0,0,0,0,0,0,0,0,0,0,0,0,0	0
3	1961	CERTIFIED_DEFICIT	1288	1	1	0	0,0,0,0,0,0,0,0,0,0,0,0,0	0
3	1962	CERTIFIED_DEFICIT	1288	1	1	0	0,0,0,0,0,0,0,0,0,0,0,0,0	0
3	1963	CERTIFIED_DEFICIT	1288	1	1	0	0,0,0,0,0,0,0,0,0,0,0,0,0	0
3	1964	CERTIFIED_DEFICIT	1288	1	1	0	0,0,0,0,0,0,0,0,0,0,0,0,0	0
3	1965	CERTIFIED_DEFICIT	1288	1	1	0	0,0,0,0,0,0,0,0,0,0,0,0,0	0
3	1966	CERTIFIED_DEFICIT	1288	1	1	0	0,0,0,0,0,0,0,0,0,0,0,0,0	0
3	1967	CERTIFIED_DEFICIT	1288	1	1	0	0,0,0,0,0,0,0,0,0,0,0,0,0	0
3	1968	CERTIFIED_DEFICIT	1288	1	1	0	0,0,0,0,0,0,0,0,0,0,0,0,0	0
3	1969	CERTIFIED_DEFICIT	1288	1	1	0	0,0,0,0,0,0,0,0,0,0,0,0,0	0
3	1970	CERTIFIED_DEFICIT	1288	1	1	0	0,0,0,0,0,0,0,0,0,0,0,0,0	0
3	1971	CERTIFIED_DEFICIT	1288	1	1	0	0,0,0,0,0,0,0,0,0,0,0,0,0	0
3	1972	CERTIFIED_DEFICIT	1288	1	1	0	0,0,0,0,0,0,0,0,0,0,0,0,0	0
3	1973	CERTIFIED_DEFICIT	1288	1	1	0	0,0,0,0,0,0,0,0,0,0,0,0,0	0
3	1974	CERTIFIED_DEFICIT	1288	1	1	0	0,0,0,0,0,0,0,0,0,0,0,0,0	0
3	1975	CERTIFIED_DEFICIT	1288	1	1	0	0,0,0,0,0,0,0,0,0,0,0,0,0	0
3	1976	CERTIFIED_DEFICIT	1288	1	1	0	0,0,0,0,0,0,0,0,0,0,0,0,0	0
3	1977	CERTIFIED_DEFICIT	1288	1	1	0	0,0,0,0,0,0,0,0,0,0,0,0,0	0
3	1978	CERTIFIED_DEFICIT	1288	1	1	0	0,0,0,0,0,0,0,0,0,0,0,0,0	0
3	1979	CERTIFIED_DEFICIT	1288	1	1	0	0,0,0,0,0,0,0,0,0,0,0,0,0	0
3	1980	CERTIFIED_DEFICIT	1288	1	1	0	0,0,0,0,0,0,0,0,0,0,0,0,0	0
3	1981	CERTIFIED_DEFICIT	1288	1	1	0	0,0,0,0,0,0,0,0,0,0,0,0,0	0
3	1982	CERTIFIED_DEFICIT	1288	1	1	0	0,0,0,0,0,0,0,0,0,0,0,0,0	0
3	1983	CERTIFIED_DEFICIT	1288	1	1	0	0,0,0,0,0,0,0,0,0,0,0,0,0	0
3	1984	CERTIFIED_DEFICIT	1288	1	1	0	0,0,0,0,0,0,0,0,0,0,0,0,0	0
3	1985	CERTIFIED_DEFICIT	1288	1	1	0	0,0,0,0,0,0,0,0,0,0,0,0,0	0
3	1986	CERTIFIED_DEFICIT	1288	1	1	0	0,0,0,0,0,0,0,0,0,0,0,0,0	0
3	1987	CERTIFIED_DEFICIT	1288	1	1	0	0,0,0,0,0,0,0,0,0,0,0,0,0	0
3	1988	CERTIFIED_DEFICIT	1288	1	1	0	0,0,0,0,0,0,0,0,0,0,0,0,0	0
3	1989	CERTIFIED_DEFICIT	1288	1	1	0	0,0,0,0,0,0,0,0,0,0,0,0,0	0
3	1990	CERTIFIED_DEFICIT	1288	1	1	0	0,0,0,0,0,0,0,0,0,0,0,0,0	0
3	1991	CERTIFIED_DEFICIT	1288	1	1	0	0,0,0,0,0,0,0,0,0,0,0,0,0	0
3	1992	CERTIFIED_DEFICIT	1288	1	1	0	0,0,0,0,0,0,0,0,0,0,0,0,0	0
3	1993	CERTIFIED_DEFICIT	1288	1	1	0	0,0,0,0,0,0,0,0,0,0,0,0,0	0
3	1994	CERTIFIED_DEFICIT	1288	1	1	0	0,0,0,0,0,0,0,0,0,0,0,0,0	0
3	1995	CERTIFIED_DEFICIT	1288	1	1	0	0,0,0,0,0,0,0,0,0,0,0,0,0	0
3	1996	CERTIFIED_DEFICIT	1288	1	1	0	0,0,0,0,0,0,0,0,0,0,0,0,0	0
3	1997	CERTIFIED_DEFICIT	1288	1	1	0	0,0,0,0,0,0,0,0,0,0,0,0,0	0
3	1998	CERTIFIED_DEFICIT	1288	1	1	0	0,0,0,0,0,0,0,0,0,0,0,0,0	0
3	1999	CERTIFIED_DEFICIT	1288	1	1	0	0,0,0,0,0,0,0,0,0,0,0,0,0	0
3	2000	CERTIFIED_DEFICIT	1288	1	1	0	0,0,0,0,0,0,0,0,0,0,0,0,0	0
3	2001	CERTIFIED_DEFICIT	1288	1	1	0	0,0,0,0,0,0,0,0,0,0,0,0,0	0
3	2002	CERTIFIED_DEFICIT	1288	1	1	0	0,0,0,0,0,0,0,0,0,0,0,0,0	0
3	2003	CERTIFIED_DEFICIT	1288	1	1	0	0,0,0,0,0,0,0,0,0,0,0,0,0	0
3	2004	CERTIFIED_DEFICIT	1288	1	1	0	0,0,0,0,0,0,0,0,0,0,0,0,0	0
3	2005	CERTIFIED_DEFICIT	1288	1	1	0	0,0,0,0,0,0,0,0,0,0,0,0,0	0
3	2006	CERTIFIED_DEFICIT	1288	1	1	0	0,0,0,0,0,0,0,0,0,0,0,0,0	0
3	2007	CERTIFIED_DEFICIT	1288	1	1	0	0,0,0,0,0,0,0,0,0,0,0,0,0	0
3	2008	CERTIFIED_DEFICIT	1288	1	1	0	0,0,0,0,0,0,0,0,0,0,0,0,0	0
3	2009	CERTIFIED_DEFICIT	1288	1	1	0	0,0,0,0,0,0,0,0,0,0,0,0,0	0
3	2010	CERTIFIED_DEFICIT	1288	1	1	0	0,0,0,0,0,0,0,0,0,0,0,0,0	0
3	2011	CERTIFIED_DEFICIT	1288	1	1	0	0,0,0,0,0,0,0,0,0,0,0,0,0	0
3	2012	CERTIFIED_DEFICIT	1288	1	1	0	0,0,0,0,0,0,0,0,0,0,0,0,0	0
3	2013	CERTIFIED_DEFICIT	1288	1	1	0	0,0,0,0,0,0,0,0,0,0,0,0,0	0
3	2014	CERTIFIED_DEFICIT	1288	1	1	0	0,0,0,0,0,0,0,0,0,0,0,0,0	0
3	2015	CERTIFIED_DEFICIT	1288	1	1	0	0,0,0,0,0,0,0,0,0,0,0,0,0	0
3	2016	CERTIFIED_DEFICIT	1288	1	1	0	0,0,0,0,0,0,0,0,0,0,0,0,0	0
3	2017	CERTIFIED_DEFICIT	1288	1	1	0	0,0,0,0,0,0,0,0,0,0,0,0,0	0
3	2018	CERTIFIED_DEFICIT	1288	1	1	0	0,0,0,0,0,0,0,0,0,0,0,0,0	0
3	2019	CERTIFIED_DEFICIT	1288	1	1	0	0,0,0,0,0,0,0,0,0,0,0,0,0	0
3	2020	CERTIFIED_DEFICIT	1288	1	1	0	0,0,0,0,0,0,0,0,0,0,0,0,0	0
3	2021	CERTIFIED_DEFICIT	1273	1	1	0	0,0,0,0,0,0,0,0,0,0,0,0,0	0
3	2022	CERTIFIED_DEFICIT	1288	1	1	0	0,0,0,0,0,0,0,0,0,0,0,0,0	0
3	2023	CERTIFIED_DEFICIT	1288	1	1	0	0,0,0,0,0,0,0,0,0,0,0,0,0	0
3	2024	CERTIFIED_DEFICIT	1237	1	1	0	0,0,0,0,0,0,0,0,0,0,0,0,0	0
3	2025	CERTIFIED_DEFICIT	1288	1	1	0	0,0,0,0,0,0,0,0,0,0,0,0,0	0
3	2026	CERTIFIED_DEFICIT	1288	1	1	0	0,0,0,0,0,0,0,0,0,0,0,0,0	0
3	2027	CERTIFIED_DEFICIT	1288	1	1	0	0,0,0,0,0,0,0,0,0,0,0,0,0	0
3	2028	CERTIFIED_DEFICIT	1288	1	1	0	0,0,0,0,0,0,0,0,0,0,0,0,0	0
3	2029	CERTIFIED_DEFICIT	1288	1	1	0	0,0,0,0,0,0,0,0,0,0,0,0,0	0
3	2030	CERTIFIED_DEFICIT	1288	1	1	0	0,0,0,0,0,0,0,0,0,0,0,0,0	0
3	2031	CERTIFIED_DEFICIT	1288	1	1	0	0,0,0,0,0,0,0,0,0,0,0,0,0	0
3	2032	CERTIFIED_DEFICIT	1288	1	1	0	0,0,0,0,0,0,0,0,0,0,0,0,0	0
3	2033	CERTIFIED_DEFICIT	1288	1	1	0	0,0,0,0,0,0,0,0,0,0,0,0,0	0
3	2034	CERTIFIED_DEFICIT	1288	1	1	0	0,0,0,0,0,0,0,0,0,0,0,0,0	0
3	2035	CERTIFIED_DEFICIT	1288	1	1	0	0,0,0,0,0,0,0,0,0,0,0,0,0	0
3	2036	CERTIFIED_DEFICIT	1288	1	1	0	0,0,0,0,0,0,0,0,0,0,0,0,0	0
3	2037	CERTIFIED_DEFICIT	1288	1	1	0	0,0,0,0,0,0,0,0,0,0,0,0,0	0
3	2038	CERTIFIED_DEFICIT	1288	1	1	0	0,0,0,0,0,0,0,0,0,0,0,0,0	0
3	2039	CERTIFIED_DEFICIT	1288	1	1	0	0,0,0,0,0,0,0,0,0,0,0,0,0	0
3	2040	CERTIFIED_DEFICIT	1288	1	1	0	0,0,0,0,0,0,0,0,0,0,0,0,0	0
3	2041	CERTIFIED_DEFICIT	1288	1	1	0	0,0,0,0,0,0,0,0,0,0,0,0,0	0
3	2042	CERTIFIED_DEFICIT	1288	1	1	0	0,0,0,0,0,0,0,0,0,0,0,0,0	0
3	2043	CERTIFIED_DEFICIT	1288	1	1	0	0,0,0,0,0,0,0,0,0,0,0,0,0	0
3	2044	CERTIFIED_DEFICIT	1288	1	1	0	0,0,0,0,0,0,0,0,0,0,0,0,0	0
3	2045	CERTIFIED_DEFICIT	1288	1	1	0	0,0,0,0,0,0,0,0,0,0,0,0,0	0
3	2046	CERTIFIED_DEFICIT	1288	1	1	0	0,0,0,0,0,0,0,0,0,0,0,0,0	0
3	2047	CERTIFIED_DEFICIT	1288	1	1	0	0,0,0,0,0,0,0,0,0,0,0,0,0	0
3	2048	CERTIFIED_DEFICIT	1288	1	1	0	0,0,0,0,0,0,0,0,0,0,0,0,0	0
3	2049	CERTIFIED_DEFICIT	1288	1	1	0	0,0,0,0,0,0,0,0,0,0,0,0,0	0
3	2050	CERTIFIED_DEFICIT	1288	1	1	0	0,0,0,0,0,0,0,0,0,0,0,0,0	0
3	2051	CERTIFIED_DEFICIT	1288	1	1	0	0,0,0,0,0,0,0,0,0,0,0,0,0	0
3	2052	CERTIFIED_DEFICIT	1288	1	1	0	0,0,0,0,0,0,0,0,0,0,0,0,0	0
3	2053	CERTIFIED_DEFICIT	1288	1	1	0	0,0,0,0,0,0,0,0,0,0,0,0,0	0
3	2054	CERTIFIED_DEFICIT	1288	1	1	0	0,0,0,0,0,0,0,0,0,0,0,0,0	0
3	2055	CERTIFIED_DEFICIT	1288	1	1	0	0,0,0,0,0,0,0,0,0,0,0,0,0	0
3	2056	CERTIFIED_DEFICIT	1288	1	1	0	0,0,0,0,0,0,0,0,0,0,0,0,0	0
3	2057	CERTIFIED_DEFICIT	1288	1	1	0	0,0,0,0,0,0,0,0,0,0,0,0,0	0
3	2058	CERTIFIED_DEFICIT	1288	1	1	0	0,0,0,0,0,0,0,0,0,0,0,0,0	0
3	2059	CERTIFIED_DEFICIT	1288	1	1	0	0,0,0,0,0,0,0,0,0,0,0,0,0	0
3	2060	CERTIFIED_DEFICIT	1288	1	1	0	0,0,0,0,0,0,0,0,0,0,0,0,0	0
3	2061	CERTIFIED_DEFICIT	1288	1	1	0	0,0,0,0,0,0,0,0,0,0,0,0,0	0
3	2062	CERTIFIED_DEFICIT	1288	1	1	0	0,0,0,0,0,0,0,0,0,0,0,0,0	0
3	2063	CERTIFIED_DEFICIT	1288	1	1	0	0,0,0,0,0,0,0,0,0,0,0,0,0	0
3	2064	CERTIFIED_DEFICIT	1288	1	1	0	0,0,0,0,0,0,0,0,0,0,0,0,0	0
3	2065	CERTIFIED_DEFICIT	1288	1	1	0	0,0,0,0,0,0,0,0,0,0,0,0,0	0
3	2066	CERTIFIED_DEFICIT	1288	1	1	0	0,0,0,0,0,0,0,0,0,0,0,0,0	0
3	2067	CERTIFIED_DEFICIT	1288	1	1	0	0,0,0,0,0,0,0,0,0,0,0,0,0	0
3	2068	CERTIFIED_DEFICIT	1288	1	1	0	0,0,0,0,0,0,0,0,0,0,0,0,0	0
3	2069	CERTIFIED_DEFICIT	1288	1	1	0	0,0,0,0,0,0,0,0,0,0,0,0,0	0
3	2070	CERTIFIED_DEFICIT	1288	1	1	0	0,0,0,0,0,0,0,0,0,0,0,0,0	0
3	2071	CERTIFIED_DEFICIT	1288	1	1	0	0,0,0,0,0,0,0,0,0,0,0,0,0	0
3	2072	CERTIFIED_DEFICIT	1288	1	1	0	0,0,0,0,0,0,0,0,0,0,0,0,0	0
3	2073	CERTIFIED_DEFICIT	1288	1	1	0	0,0,0,0,0,0,0,0,0,0,0,0,0	0
3	2074	CERTIFIED_DEFICIT	1288	1	1	0	0,0,0,0,0,0,0,0,0,0,0,0,0	0
3	2075	CERTIFIED_DEFICIT	1288	1	1	0	0,0,0,0,0,0,0,0,0,0,0,0,0	0
3	2076	CERTIFIED_DEFICIT	1288	1	1	0	0,0,0,0,0,0,0,0,0,0,0,0,0	0
3	2077	CERTIFIED_DEFICIT	1288	1	1	0	0,0,0,0,0,0,0,0,0,0,0,0,0	0
3	2078	CERTIFIED_DEFICIT	1288	1	1	0	0,0,0,0,0,0,0,0,0,0,0,0,0	0
3	2079	CERTIFIED_DEFICIT	1288	1	1	0	0,0,0,0,0,0,0,0,0,0,0,0,0	0
3	2080	CERTIFIED_DEFICIT	1288	1	1	0	0,0,0,0,0,0,0,0,0,0,0,0,0	0
3	2081	CERTIFIED_DEFICIT	1288	1	1	0	0,0,0,0,0,0,0,0,0,0,0,0,0	0
3	2082	CERTIFIED_DEFICIT	1288	1	1	0	0,0,0,0,0,0,0,0,0,0,0,0,0	0
3	2083	CERTIFIED_DEFICIT	1288	1	1	0	0,0,0,0,0,0,0,0,0,0,0,0,0	0
3	2084	CERTIFIED_DEFICIT	1288	1	1	0	0,0,0,0,0,0,0,0,0,0,0,0,0	0
3	2085	CERTIFIED_DEFICIT	1288	1	1	0	0,0,0,0,0,0,0,0,0,0,0,0,0	0
3	2086	CERTIFIED_DEFICIT	1288	1	1	0	0,0,0,0,0,0,0,0,0,0,0,0,0	0
3	2087	CERTIFIED_DEFICIT	1288	1	1	0	0,0,0,0,0,0,0,0,0,0,0,0,0	0
3	2088	CERTIFIED_DEFICIT	1288	1	1	0	0,0,0,0,0,0,0,0,0,0,0,0,0	0
3	2089	CERTIFIED_DEFICIT	1288	1	1	0	0,0,0,0,0,0,0,0,0,0,0,0,0	0
3	2090	CERTIFIED_DEFICIT	1288	1	1	0	0,0,0,0,0,0,0,0,0,0,0,0,0	0
3	2091	CERTIFIED_DEFICIT	1288	1	1	0	0,0,0,0,0,0,0,0,0,0,0,0,0	0
3	2092	CERTIFIED_DEFICIT	1288	1	1	0	0,0,0,0,0,0,0,0,0,0,0,0,0	0
3	2093	CERTIFIED_DEFICIT	1288	1	1	0	0,0,0,0,0,0,0,0,0,0,0,0,0	0
3	2094	CERTIFIED_DEFICIT	1288	1	1	0	0,0,0,0,0,0,0,0,0,0,0,0,0	0
3	2095	CERTIFIED_DEFICIT	1288	1	1	0	0,0,0,0,0,0,0,0,0,0,0,0,0	0
3	2096	CERTIFIED_DEFICIT	1288	1	1	0	0,0,0,0,0,0,0,0,0,0,0,0,0	0
3	2097	CERTIFIED_DEFICIT	1288	1	1	0	0,0,0,0,0,0,0,0,0,0,0,0,0	0
3	2098	CERTIFIED_DEFICIT	1288	1	1	0	0,0,0,0,0,0,0,0,0,0,0,0,0	0
3	2099	CERTIFIED_DEFICIT	1273	1	1	0	0,0,0,0,0,0,0,0,0,0,0,0,0	0
3	2100	CERTIFIED_DEFICIT	1288	1	1	0	0,0,0,0,0,0,0,0,0,0,0,0,0	0
3	2101	CERTIFIED_DEFICIT	1288	1	1	0	0,0,0,0,0,0,0,0,0,0,0,0,0	0
3	2102	CERTIFIED_DEFICIT	1237	1	1	0	0,0,0,0,0,0,0,0,0,0,0,0,0	0
3	2103	CERTIFIED_DEFICIT	1288	1	1	0	0,0,0,0,0,0,0,0,0,0,0,0,0	0
3	2104	CERTIFIED_DEFICIT	1288	1	1	0	0,0,0,0,0,0,0,0,0,0,0,0,0	0
3	2105	CERTIFIED_DEFICIT	1288	1	1	0	0,0,0,0,0,0,0,0,0,0,0,0,0	0
3	2106	CERTIFIED_DEFICIT	1288	1	1	0	0,0,0,0,0,0,0,0,0,0,0,0,0	0
3	2107	CERTIFIED_DEFICIT	1288	1	1	0	0,0,0,0,0,0,0,0,0,0,0,0,0	0
3	2108	CERTIFIED_DEFICIT	1288	1	1	0	0,0,0,0,0,0,0,0,0,0,0,0,0	0
3	2109	CERTIFIED_DEFICIT	1288	1	1	0	0,0,0,0,0,0,0,0,0,0,0,0,0	0
3	2110	CERTIFIED_DEFICIT	1288	1	1	0	0,0,0,0,0,0,0,0,0,0,0,0,0	0
3	2111	CERTIFIED_DEFICIT	1288	1	1	0	0,0,0,0,0,0,0,0,0,0,0,0,0	0
3	2112	CERTIFIED_DEFICIT	1288	1	1	0	0,0,0,0,0,0,0,0,0,0,0,0,0	0
3	2113	CERTIFIED_DEFICIT	1288	1	1	0	0,0,0,0,0,0,0,0,0,0,0,0,0	0
3	2114	CERTIFIED_DEFICIT	1288	1	1	0	0,0,0,0,0,0,0,0,0,0,0,0,0	0
3	2115	CERTIFIED_DEFICIT	1288	1	1	0	0,0,0,0,0,0,0,0,0,0,0,0,0	0
3	2116	CERTIFIED_DEFICIT	1288	1	1	0	0,0,0,0,0,0,0,0,0,0,0,0,0	0
3	2117	CERTIFIED_DEFICIT	1288	1	1	0	0,0,0,0,0,0,0,0,0,0,0,0,0	0
3	2118	CERTIFIED_DEFICIT	1288	1	1	0	0,0,0,0,0,0,0,0,0,0,0,0,0	0
3	2119	CERTIFIED_DEFICIT	1288	1	1	0	0,0,0,0,0,0,0,0,0,0,0,0,0	0
3	2120	CERTIFIED_DEFICIT	1288	1	1	0	0,0,0,0,0,0,0,0,0,0,0,0,0	0
3	2121	CERTIFIED_DEFICIT	1288	1	1	0	0,0,0,0,0,0,0,0,0,0,0,0,0	0
3	2122	CERTIFIED_DEFICIT	1288	1	1	0	0,0,0,0,0,0,0,0,0,0,0,0,0	0
3	2123	CERTIFIED_DEFICIT	1288	1	1	0	0,0,0,0,0,0,0,0,0,0,0,0,0	0
3	2124	CERTIFIED_DEFICIT	1288	1	1	0	0,0,0,0,0,0,0,0,0,0,0,0,0	0
3	2125	CERTIFIED_DEFICIT	1288	1	1	0	0,0,0,0,0,0,0,0,0,0,0,0,0	0
3	2126	CERTIFIED_DEFICIT	1288	1	1	0	0,0,0,0,0,0,0,0,0,0,0,0,0	0
3	2127	CERTIFIED_DEFICIT	1288	1	1	0	0,0,0,0,0,0,0,0,0,0,0,0,0	0
3	2128	CERTIFIED_DEFICIT	1288	1	1	0	0,0,0,0,0,0,0,0,0,0,0,0,0	0
3	2129	CERTIFIED_DEFICIT	1288	1	1	0	0,0,0,0,0,0,0,0,0,0,0,0,0	0
3	2130	CERTIFIED_DEFICIT	1288	1	1	0	0,0,0,0,0,0,0,0,0,0,0,0,0	0
3	2131	CERTIFIED_DEFICIT	1288	1	1	0	0,0,0,0,0,0,0,0,0,0,0,0,0	0
3	2132	CERTIFIED_DEFICIT	1288	1	1	0	0,0,0,0,0,0,0,0,0,0,0,0,0	0
3	2133	CERTIFIED_DEFICIT	1288	1	1	0	0,0,0,0,0,0,0,0,0,0,0,0,0	0
3	2134	CERTIFIED_DEFICIT	1288	1	1	0	0,0,0,0,0,0,0,0,0,0,0,0,0	0
3	2135	CERTIFIED_DEFICIT	1288	1	1	0	0,0,0,0,0,0,0,0,0,0,0,0,0	0
3	2136	CERTIFIED_DEFICIT	1288	1	1	0	0,0,0,0,0,0,0,0,0,0,0,0,0	0
3	2137	CERTIFIED_DEFICIT	1288	1	1	0	0,0,0,0,0,0,0,0,0,0,0,0,0	0
3	2138	CERTIFIED_DEFICIT	1288	1	1	0	0,0,0,0,0,0,0,0,0,0,0,0,0	0
3	2139	CERTIFIED_DEFICIT	1288	1	1	0	0,0,0,0,0,0,0,0,0,0,0,0,0	0
3	2140	CERTIFIED_DEFICIT	1288	1	1	0	0,0,0,0,0,0,0,0,0,0,0,0,0	0
3	2141	CERTIFIED_DEFICIT	1288	1	1	0	0,0,0,0,0,0,0,0,0,0,0,0,0	0
3	2142	CERTIFIED_DEFICIT	1288	1	1	0	0,0,0,0,0,0,0,0,0,0,0,0,0	0
3	2143	CERTIFIED_DEFICIT	1288	1	1	0	0,0,0,0,0,0,0,0,0,0,0,0,0	0
3	2144	CERTIFIED_DEFICIT	1288	1	1	0	0,0,0,0,0,0,0,0,0,0,0,0,0	0
3	2145	CERTIFIED_DEFICIT	1288	1	1	0	0,0,0,0,0,0,0,0,0,0,0,0,0	0
3	2146	CERTIFIED_DEFICIT	1288	1	1	0	0,0,0,0,0,0,0,0,0,0,0,0,0	0
3	2147	CERTIFIED_DEFICIT	1288	1	1	0	0,0,0,0,0,0,0,0,0,0,0,0,0	0
3	2148	CERTIFIED_DEFICIT	1288	1	1	0	0,0,0,0,0,0,0,0,0,0,0,0,0	0
3	2149	CERTIFIED_DEFICIT	1288	1	1	0	0,0,0,0,0,0,0,0,0,0,0,0,0	0
3	2150	CERTIFIED_DEFICIT	1288	1	1	0	0,0,0,0,0,0,0,0,0,0,0,0,0	0
3	2151	CERTIFIED_DEFICIT	1288	1	1	0	0,0,0,0,0,0,0,0,0,0,0,0,0	0
3	2152	CERTIFIED_DEFICIT	1288	1	1	0	0,0,0,0,0,0,0,0,0,0,0,0,0	0
3	2153	CERTIFIED_DEFICIT	1288	1	1	0	0,0,0,0,0,0,0,0,0,0,0,0,0	0
3	2154	CERTIFIED_DEFICIT	1288	1	1	0	0,0,0,0,0,0,0,0,0,0,0,0,0	0
3	2155	CERTIFIED_DEFICIT	1288	1	1	0	0,0,0,0,0,0,0,0,0,0,0,0,0	0
3	2156	CERTIFIED_DEFICIT	1288	1	1	0	0,0,0,0,0,0,0,0,0,0,0,0,0	0
3	2157	CERTIFIED_DEFICIT	1288	1	1	0	0,0,0,0,0,0,0,0,0,0,0,0,0	0
3	2158	CERTIFIED_DEFICIT	1288	1	1	0	0,0,0,0,0,0,0,0,0,0,0,0,0	0
3	2159	CERTIFIED_DEFICIT	1288	1	1	0	0,0,0,0,0,0,0,0,0,0,0,0,0	0
3	2160	CERTIFIED_DEFICIT	1288	1	1	0	0,0,0,0,0,0,0,0,0,0,0,0,0	0
3	2161	CERTIFIED_DEFICIT	1288	1	1	0	0,0,0,0,0,0,0,0,0,0,0,0,0	0
3	2162	CERTIFIED_DEFICIT	1288	1	1	0	0,0,0,0,0,0,0,0,0,0,0,0,0	0
3	2163	CERTIFIED_DEFICIT	1288	1	1	0	0,0,0,0,0,0,0,0,0,0,0,0,0	0
3	2164	CERTIFIED_DEFICIT	1288	1	1	0	0,0,0,0,0,0,0,0,0,0,0,0,0	0
3	2165	CERTIFIED_DEFICIT	1288	1	1	0	0,0,0,0,0,0,0,0,0,0,0,0,0	0
3	2166	CERTIFIED_DEFICIT	1288	1	1	0	0,0,0,0,0,0,0,0,0,0,0,0,0	0
3	2167	CERTIFIED_DEFICIT	1288	1	1	0	0,0,0,0,0,0,0,0,0,0,0,0,0	0
3	2168	CERTIFIED_DEFICIT	1288	1	1	0	0,0,0,0,0,0,0,0,0,0,0,0,0	0
3	2169	CERTIFIED_DEFICIT	1288	1	1	0	0,0,0,0,0,0,0,0,0,0,0,0,0	0
3	2170	CERTIFIED_DEFICIT	1288	1	1	0	0,0,0,0,0,0,0,0,0,0,0,0,0	0
3	2171	CERTIFIED_DEFICIT	1288	1	1	0	0,0,0,0,0,0,0,0,0,0,0,0,0	0
3	2172	CERTIFIED_DEFICIT	1288	1	1	0	0,0,0,0,0,0,0,0,0,0,0,0,0	0
3	2173	CERTIFIED_DEFICIT	1288	1	1	0	0,0,0,0,0,0,0,0,0,0,0,0,0	0
3	2174	CERTIFIED_DEFICIT	1288	1	1	0	0,0,0,0,0,0,0,0,0,0,0,0,0	0
3	2175	CERTIFIED_DEFICIT	1288	1	1	0	0,0,0,0,0,0,0,0,0,0,0,0,0	0
3	2176	CERTIFIED_DEFICIT	1288	1	1	0	0,0,0,0,0,0,0,0,0,0,0,0,0	0
3	2177	CERTIFIED_DEFICIT	1273	1	1	0	0,0,0,0,0,0,0,0,0,0,0,0,0	0
3	2178	CERTIFIED_DEFICIT	1288	1	1	0	0,0,0,0,0,0,0,0,0,0,0,0,0	0
3	2179	CERTIFIED_DEFICIT	1288	1	1	0	0,0,0,0,0,0,0,0,0,0,0,0,0	0
3	2180	CERTIFIED_DEFICIT	1237	1	1	0	0,0,0,0,0,0,0,0,0,0,0,0,0	0
3	2181	CERTIFIED_DEFICIT	1288	1	1	0	0,0,0,0,0,0,0,0,0,0,0,0,0	0
3	2182	CERTIFIED_DEFICIT	1288	1	1	0	0,0,0,0,0,0,0,0,0,0,0,0,0	0
3	2183	CERTIFIED_DEFICIT	1288	1	1	0	0,0,0,0,0,0,0,0,0,0,0,0,0	0
3	2184	CERTIFIED_DEFICIT	1288	1	1	0	0,0,0,0,0,0,0,0,0,0,0,0,0	0
3	2185	CERTIFIED_DEFICIT	1288	1	1	0	0,0,0,0,0,0,0,0,0,0,0,0,0	0
3	2186	CERTIFIED_DEFICIT	1288	1	1	0	0,0,0,0,0,0,0,0,0,0,0,0,0	0
3	2187	CERTIFIED_DEFICIT	1288	1	1	0	0,0,0,0,0,0,0,0,0,0,0,0,0	0
3	2188	CERTIFIED_DEFICIT	1288	1	1	0	0,0,0,0,0,0,0,0,0,0,0,0,0	0
3	2189	CERTIFIED_DEFICIT	1288	1	1	0	0,0,0,0,0,0,0,0,0,0,0,0,0	0
3	2190	CERTIFIED_DEFICIT	1288	1	1	0	0,0,0,0,0,0,0,0,0,0,0,0,0	0
3	2191	CERTIFIED_DEFICIT	1288	1	1	0	0,0,0,0,0,0,0,0,0,0,0,0,0	0
3	2192	CERTIFIED_DEFICIT	1288	1	1	0	0,0,0,0,0,0,0,0,0,0,0,0,0	0
3	2193	CERTIFIED_DEFICIT	1288	1	1	0	0,0,0,0,0,0,0,0,0,0,0,0,0	0
3	2194	CERTIFIED_DEFICIT	1288	1	1	0	0,0,0,0,0,0,0,0,0,0,0,0,0	0
3	2195	CERTIFIED_DEFICIT	1288	1	1	0	0,0,0,0,0,0,0,0,0,0,0,0,0	0
3	2196	CERTIFIED_DEFICIT	1288	1	1	0	0,0,0,0,0,0,0,0,0,0,0,0,0	0
3	2197	CERTIFIED_DEFICIT	1288	1	1	0	0,0,0,0,0,0,0,0,0,0,0,0,0	0
3	2198	CERTIFIED_DEFICIT	1288	1	1	0	0,0,0,0,0,0,0,0,0,0,0,0,0	0
3	2199	CERTIFIED_DEFICIT	1288	1	1	0	0,0,0,0,0,0,0,0,0,0,0,0,0	0
3	2200	CERTIFIED_DEFICIT	1288	1	1	0	0,0,0,0,0,0,0,0,0,0,0,0,0	0
3	2201	CERTIFIED_DEFICIT	1288	1	1	0	0,0,0,0,0,0,0,0,0,0,0,0,0	0
3	2202	CERTIFIED_DEFICIT	1288	1	1	0	0,0,0,0,0,0,0,0,0,0,0,0,0	0
3	2203	CERTIFIED_DEFICIT	1288	1	1	0	0,0,0,0,0,0,0,0,0,0,0,0,0	0
3	2204	CERTIFIED_DEFICIT	1288	1	1	0	0,0,0,0,0,0,0,0,0,0,0,0,0	0
3	2205	CERTIFIED_DEFICIT	1288	1	1	0	0,0,0,0,0,0,0,0,0,0,0,0,0	0
3	2206	CERTIFIED_DEFICIT	1288	1	1	0	0,0,0,0,0,0,0,0,0,0,0,0,0	0
3	2207	CERTIFIED_DEFICIT	1288	1	1	0	0,0,0,0,0,0,0,0,0,0,0,0,0	0
3	2208	CERTIFIED_DEFICIT	1288	1	1	0	0,0,0,0,0,0,0,0,0,0,0,0,0	0
3	2209	CERTIFIED_DEFICIT	1288	1	1	0	0,0,0,0,0,0,0,0,0,0,0,0,0	0
3	2210	CERTIFIED_DEFICIT	1288	1	1	0	0,0,0,0,0,0,0,0,0,0,0,0,0	0
3	2211	CERTIFIED_DEFICIT	1288	1	1	0	0,0,0,0,0,0,0,0,0,0,0,0,0	0
3	2212	CERTIFIED_DEFICIT	1288	1	1	0	0,0,0,0,0,0,0,0,0,0,0,0,0	0
3	2213	CERTIFIED_DEFICIT	1288	1	1	0	0,0,0,0,0,0,0,0,0,0,0,0,0	0
3	2214	CERTIFIED_DEFICIT	1288	1	1	0	0,0,0,0,0,0,0,0,0,0,0,0,0	0
3	2215	CERTIFIED_DEFICIT	1288	1	1	0	0,0,0,0,0,0,0,0,0,0,0,0,0	0
3	2216	CERTIFIED_DEFICIT	1288	1	1	0	0,0,0,0,0,0,0,0,0,0,0,0,0	0
3	2217	CERTIFIED_DEFICIT	1288	1	1	0	0,0,0,0,0,0,0,0,0,0,0,0,0	0
3	2218	CERTIFIED_DEFICIT	1288	1	1	0	0,0,0,0,0,0,0,0,0,0,0,0,0	0
3	2219	CERTIFIED_DEFICIT	1288	1	1	0	0,0,0,0,0,0,0,0,0,0,0,0,0	0
3	2220	CERTIFIED_DEFICIT	1288	1	1	0	0,0,0,0,0,0,0,0,0,0,0,0,0	0
3	2221	CERTIFIED_DEFICIT	1288	1	1	0	0,0,0,0,0,0,0,0,0,0,0,0,0	0
3	2222	CERTIFIED_DEFICIT	1288	1	1	0	0,0,0,0,0,0,0,0,0,0,0,0,0	0
3	2223	CERTIFIED_DEFICIT	1288	1	1	0	0,0,0,0,0,0,0,0,0,0,0,0,0	0
3	2224	CERTIFIED_DEFICIT	1288	1	1	0	0,0,0,0,0,0,0,0,0,0,0,0,0	0
3	2225	CERTIFIED_DEFICIT	1288	1	1	0	0,0,0,0,0,0,0,0,0,0,0,0,0	0
3	2226	CERTIFIED_DEFICIT	1288	1	1	0	0,0,0,0,0,0,0,0,0,0,0,0,0	0
3	2227	CERTIFIED_DEFICIT	1288	1	1	0	0,0,0,0,0,0,0,0,0,0,0,0,0	0
3	2228	CERTIFIED_DEFICIT	1288	1	1	0	0,0,0,0,0,0,0,0,0,0,0,0,0	0
3	2229	CERTIFIED_DEFICIT	1288	1	1	0	0,0,0,0,0,0,0,0,0,0,0,0,0	0
3	2230	CERTIFIED_DEFICIT	1288	1	1	0	0,0,0,0,0,0,0,0,0,0,0,0,0	0
3	2231	CERTIFIED_DEFICIT	1288	1	1	0	0,0,0,0,0,0,0,0,0,0,0,0,0	0
3	2232	CERTIFIED_DEFICIT	1288	1	1	0	0,0,0,0,0,0,0,0,0,0,0,0,0	0
3	2233	CERTIFIED_DEFICIT	1288	1	1	0	0,0,0,0,0,0,0,0,0,0,0,0,0	0
3	2234	CERTIFIED_DEFICIT	1288	1	1	0	0,0,0,0,0,0,0,0,0,0,0,0,0	0
3	2235	CERTIFIED_DEFICIT	1288	1	1	0	0,0,0,0,0,0,0,0,0,0,0,0,0	0
3	2236	CERTIFIED_DEFICIT	1288	1	1	0	0,0,0,0,0,0,0,0,0,0,0,0,0	0
3	2237	CERTIFIED_DEFICIT	1288	1	1	0	0,0,0,0,0,0,0,0,0,0,0,0,0	0
3	2238	CERTIFIED_DEFICIT	1288	1	1	0	0,0,0,0,0,0,0,0,0,0,0,0,0	0
3	2239	CERTIFIED_DEFICIT	1288	1	1	0	0,0,0,0,0,0,0,0,0,0,0,0,0	0
3	2240	CERTIFIED_DEFICIT	1288	1	1	0	0,0,0,0,0,0,0,0,0,0,0,0,0	0
3	2241	CERTIFIED_DEFICIT	1288	1	1	0	0,0,0,0,0,0,0,0,0,0,0,0,0	0
3	2242	CERTIFIED_DEFICIT	1288	1	1	0	0,0,0,0,0,0,0,0,0,0,0,0,0	0
3	2243	CERTIFIED_DEFICIT	1288	1	1	0	0,0,0,0,0,0,0,0,0,0,0,0,0	0
3	2244	CERTIFIED_DEFICIT	1288	1	1	0	0,0,0,0,0,0,0,0,0,0,0,0,0	0
3	2245	CERTIFIED_DEFICIT	1288	1	1	0	0,0,0,0,0,0,0,0,0,0,0,0,0	0
3	2246	CERTIFIED_DEFICIT	1288	1	1	0	0,0,0,0,0,0,0,0,0,0,0,0,0	0
3	2247	CERTIFIED_DEFICIT	1288	1	1	0	0,0,0,0,0,0,0,0,0,0,0,0,0	0
3	2248	CERTIFIED_DEFICIT	1288	1	1	0	0,0,0,0,0,0,0,0,0,0,0,0,0	0
3	2249	CERTIFIED_DEFICIT	1288	1	1	0	0,0,0,0,0,0,0,0,0,0,0,0,0	0
3	2250	CERTIFIED_DEFICIT	1288	1	1	0	0,0,0,0,0,0,0,0,0,0,0,0,0	0
3	2251	CERTIFIED_DEFICIT	1288	1	1	0	0,0,0,0,0,0,0,0,0,0,0,0,0	0
3	2252	CERTIFIED_DEFICIT	1288	1	1	0	0,0,0,0,0,0,0,0,0,0,0,0,0	0
3	2253	CERTIFIED_DEFICIT	1288	1	1	0	0,0,0,0,0,0,0,0,0,0,0,0,0	0
3	2254	CERTIFIED_DEFICIT	1288	1	1	0	0,0,0,0,0,0,0,0,0,0,0,0,0	0
3	2255	CERTIFIED_DEFICIT	1273	1	1	0	0,0,0,0,0,0,0,0,0,0,0,0,0	0
3	2256	CERTIFIED_DEFICIT	1288	1	1	0	0,0,0,0,0,0,0,0,0,0,0,0,0	0
3	2257	CERTIFIED_DEFICIT	1288	1	1	0	0,0,0,0,0,0,0,0,0,0,0,0,0	0
3	2258	CERTIFIED_DEFICIT	1237	1	1	0	0,0,0,0,0,0,0,0,0,0,0,0,0	0
3	2259	CERTIFIED_DEFICIT	1288	1	1	0	0,0,0,0,0,0,0,0,0,0,0,0,0	0
3	2260	CERTIFIED_DEFICIT	1288	1	1	0	0,0,0,0,0,0,0,0,0,0,0,0,0	0
3	2261	CERTIFIED_DEFICIT	1288	1	1	0	0,0,0,0,0,0,0,0,0,0,0,0,0	0
3	2262	CERTIFIED_DEFICIT	1288	1	1	0	0,0,0,0,0,0,0,0,0,0,0,0,0	0
3	2263	CERTIFIED_DEFICIT	1288	1	1	0	0,0,0,0,0,0,0,0,0,0,0,0,0	0
3	2264	CERTIFIED_DEFICIT	1288	1	1	0	0,0,0,0,0,0,0,0,0,0,0,0,0	0
3	2265	CERTIFIED_DEFICIT	1288	1	1	0	0,0,0,0,0,0,0,0,0,0,0,0,0	0
3	2266	CERTIFIED_DEFICIT	1288	1	1	0	0,0,0,0,0,0,0,0,0,0,0,0,0	0
3	2267	CERTIFIED_DEFICIT	1288	1	1	0	0,0,0,0,0,0,0,0,0,0,0,0,0	0
3	2268	CERTIFIED_DEFICIT	1288	1	1	0	0,0,0,0,0,0,0,0,0,0,0,0,0	0
3	2269	CERTIFIED_DEFICIT	1288	1	1	0	0,0,0,0,0,0,0,0,0,0,0,0,0	0
3	2270	CERTIFIED_DEFICIT	1288	1	1	0	0,0,0,0,0,0,0,0,0,0,0,0,0	0
3	2271	CERTIFIED_DEFICIT	1288	1	1	0	0,0,0,0,0,0,0,0,0,0,0,0,0	0
3	2272	CERTIFIED_DEFICIT	1288	1	1	0	0,0,0,0,0,0,0,0,0,0,0,0,0	0
3	2273	CERTIFIED_DEFICIT	1288	1	1	0	0,0,0,0,0,0,0,0,0,0,0,0,0	0
3	2274	CERTIFIED_DEFICIT	1288	1	1	0	0,0,0,0,0,0,0,0,0,0,0,0,0	0
3	2275	CERTIFIED_DEFICIT	1288	1	1	0	0,0,0,0,0,0,0,0,0,0,0,0,0	0
3	2276	CERTIFIED_DEFICIT	1288	1	1	0	0,0,0,0,0,0,0,0,0,0,0,0,0	0
3	2277	CERTIFIED_DEFICIT	1288	1	1	0	0,0,0,0,0,0,0,0,0,0,0,0,0	0
3	2278	CERTIFIED_DEFICIT	1288	1	1	0	0,0,0,0,0,0,0,0,0,0,0,0,0	0
3	2279	CERTIFIED_DEFICIT	1288	1	1	0	0,0,0,0,0,0,0,0,0,0,0,0,0	0
3	2280	CERTIFIED_DEFICIT	1288	1	1	0	0,0,0,0,0,0,0,0,0,0,0,0,0	0
3	2281	CERTIFIED_DEFICIT	1288	1	1	0	0,0,0,0,0,0,0,0,0,0,0,0,0	0
3	2282	CERTIFIED_DEFICIT	1288	1	1	0	0,0,0,0,0,0,0,0,0,0,0,0,0	0
3	2283	CERTIFIED_DEFICIT	1288	1	1	0	0,0,0,0,0,0,0,0,0,0,0,0,0	0
3	2284	CERTIFIED_DEFICIT	1288	1	1	0	0,0,0,0,0,0,0,0,0,0,0,0,0	0
3	2285	CERTIFIED_DEFICIT	1288	1	1	0	0,0,0,0,0,0,0,0,0,0,0,0,0	0
3	2286	CERTIFIED_DEFICIT	1288	1	1	0	0,0,0,0,0,0,0,0,0,0,0,0,0	0
3	2287	CERTIFIED_DEFICIT	1288	1	1	0	0,0,0,0,0,0,0,0,0,0,0,0,0	0
3	2288	CERTIFIED_DEFICIT	1288	1	1	0	0,0,0,0,0,0,0,0,0,0,0,0,0	0
3	2289	CERTIFIED_DEFICIT	1288	1	1	0	0,0,0,0,0,0,0,0,0,0,0,0,0	0
3	2290	CERTIFIED_DEFICIT	1288	1	1	0	0,0,0,0,0,0,0,0,0,0,0,0,0	0
3	2291	CERTIFIED_DEFICIT	1288	1	1	0	0,0,0,0,0,0,0,0,0,0,0,0,0	0
3	2292	CERTIFIED_DEFICIT	1288	1	1	0	0,0,0,0,0,0,0,0,0,0,0,0,0	0
3	2293	CERTIFIED_DEFICIT	1288	1	1	0	0,0,0,0,0,0,0,0,0,0,0,0,0	0
3	2294	CERTIFIED_DEFICIT	1288	1	1	0	0,0,0,0,0,0,0,0,0,0,0,0,0	0
3	2295	CERTIFIED_DEFICIT	1288	1	1	0	0,0,0,0,0,0,0,0,0,0,0,0,0	0
3	2296	CERTIFIED_DEFICIT	1288	1	1	0	0,0,0,0,0,0,0,0,0,0,0,0,0	0
3	2297	CERTIFIED_DEFICIT	1288	1	1	0	0,0,0,0,0,0,0,0,0,0,0,0,0	0
3	2298	CERTIFIED_DEFICIT	1288	1	1	0	0,0,0,0,0,0,0,0,0,0,0,0,0	0
3	2299	CERTIFIED_DEFICIT	1288	1	1	0	0,0,0,0,0,0,0,0,0,0,0,0,0	0
3	2300	CERTIFIED_DEFICIT	1288	1	1	0	0,0,0,0,0,0,0,0,0,0,0,0,0	0
3	2301	CERTIFIED_DEFICIT	1288	1	1	0	0,0,0,0,0,0,0,0,0,0,0,0,0	0
3	2302	CERTIFIED_DEFICIT	1288	1	1	0	0,0,0,0,0,0,0,0,0,0,0,0,0	0
3	2303	CERTIFIED_DEFICIT	1288	1	1	0	0,0,0,0,0,0,0,0,0,0,0,0,0	0
3	2304	CERTIFIED_DEFICIT	1288	1	1	0	0,0,0,0,0,0,0,0,0,0,0,0,0	0
3	2305	CERTIFIED_DEFICIT	1288	1	1	0	0,0,0,0,0,0,0,0,0,0,0,0,0	0
3	2306	CERTIFIED_DEFICIT	1288	1	1	0	0,0,0,0,0,0,0,0,0,0,0,0,0	0
3	2307	CERTIFIED_DEFICIT	1288	1	1	0	0,0,0,0,0,0,0,0,0,0,0,0,0	0
3	2308	CERTIFIED_DEFICIT	1288	1	1	0	0,0,0,0,0,0,0,0,0,0,0,0,0	0
3	2309	CERTIFIED_DEFICIT	1288	1	1	0	0,0,0,0,0,0,0,0,0,0,0,0,0	0
3	2310	CERTIFIED_DEFICIT	1288	1	1	0	0,0,0,0,0,0,0,0,0,0,0,0,0	0
3	2311	CERTIFIED_DEFICIT	1288	1	1	0	0,0,0,0,0,0,0,0,0,0,0,0,0	0
3	2312	CERTIFIED_DEFICIT	1288	1	1	0	0,0,0,0,0,0,0,0,0,0,0,0,0	0
3	2313	CERTIFIED_DEFICIT	1288	1	1	0	0,0,0,0,0,0,0,0,0,0,0,0,0	0
3	2314	CERTIFIED_DEFICIT	1288	1	1	0	0,0,0,0,0,0,0,0,0,0,0,0,0	0
3	2315	CERTIFIED_DEFICIT	1288	1	1	0	0,0,0,0,0,0,0,0,0,0,0,0,0	0
3	2316	CERTIFIED_DEFICIT	1288	1	1	0	0,0,0,0,0,0,0,0,0,0,0,0,0	0
3	2317	CERTIFIED_DEFICIT	1288	1	1	0	0,0,0,0,0,0,0,0,0,0,0,0,0	0
3	2318	CERTIFIED_DEFICIT	1288	1	1	0	0,0,0,0,0,0,0,0,0,0,0,0,0	0
3	2319	CERTIFIED_DEFICIT	1288	1	1	0	0,0,0,0,0,0,0,0,0,0,0,0,0	0
3	2320	CERTIFIED_DEFICIT	1288	1	1	0	0,0,0,0,0,0,0,0,0,0,0,0,0	0
3	2321	CERTIFIED_DEFICIT	1288	1	1	0	0,0,0,0,0,0,0,0,0,0,0,0,0	0
3	2322	CERTIFIED_DEFICIT	1288	1	1	0	0,0,0,0,0,0,0,0,0,0,0,0,0	0
3	2323	CERTIFIED_DEFICIT	1288	1	1	0	0,0,0,0,0,0,0,0,0,0,0,0,0	0
3	2324	CERTIFIED_DEFICIT	1288	1	1	0	0,0,0,0,0,0,0,0,0,0,0,0,0	0
3	2325	CERTIFIED_DEFICIT	1288	1	1	0	0,0,0,0,0,0,0,0,0,0,0,0,0	0
3	2326	CERTIFIED_DEFICIT	1288	1	1	0	0,0,0,0,0,0,0,0,0,0,0,0,0	0
3	2327	CERTIFIED_DEFICIT	1288	1	1	0	0,0,0,0,0,0,0,0,0,0,0,0,0	0
3	2328	CERTIFIED_DEFICIT	1288	1	1	0	0,0,0,0,0,0,0,0,0,0,0,0,0	0
3	2329	CERTIFIED_DEFICIT	1288	1	1	0	0,0,0,0,0,0,0,0,0,0,0,0,0	0
3	2330	CERTIFIED_DEFICIT	1288	1	1	0	0,0,0,0,0,0,0,0,0,0,0,0,0	0
3	2331	CERTIFIED_DEFICIT	1288	1	1	0	0,0,0,0,0,0,0,0,0,0,0,0,0	0
3	2332	CERTIFIED_DEFICIT	1288	1	1	0	0,0,0,0,0,0,0,0,0,0,0,0,0	0
3	2333	CERTIFIED_DEFICIT	1273	1	1	0	0,0,0,0,0,0,0,0,0,0,0,0,0	0
3	2334	CERTIFIED_DEFICIT	1288	1	1	0	0,0,0,0,0,0,0,0,0,0,0,0,0	0
3	2335	CERTIFIED_DEFICIT	1288	1	1	0	0,0,0,0,0,0,0,0,0,0,0,0,0	0
3	2336	CERTIFIED_DEFICIT	1237	1	1	0	0,0,0,0,0,0,0,0,0,0,0,0,0	0
3	2337	CERTIFIED_DEFICIT	1288	1	1	0	0,0,0,0,0,0,0,0,0,0,0,0,0	0
3	2338	CERTIFIED_DEFICIT	1288	1	1	0	0,0,0,0,0,0,0,0,0,0,0,0,0	0
3	2339	CERTIFIED_DEFICIT	1288	1	1	0	0,0,0,0,0,0,0,0,0,0,0,0,0	0
3	2340	CERTIFIED_DEFICIT	1288	1	1	0	0,0,0,0,0,0,0,0,0,0,0,0,0	0
3	2341	CERTIFIED_DEFICIT	1288	1	1	0	0,0,0,0,0,0,0,0,0,0,0,0,0	0
3	2342	CERTIFIED_DEFICIT	1288	1	1	0	0,0,0,0,0,0,0,0,0,0,0,0,0	0
3	2343	CERTIFIED_DEFICIT	1288	1	1	0	0,0,0,0,0,0,0,0,0,0,0,0,0	0
3	2344	CERTIFIED_DEFICIT	1288	1	1	0	0,0,0,0,0,0,0,0,0,0,0,0,0	0
3	2345	CERTIFIED_DEFICIT	1288	1	1	0	0,0,0,0,0,0,0,0,0,0,0,0,0	0
3	2346	CERTIFIED_DEFICIT	1288	1	1	0	0,0,0,0,0,0,0,0,0,0,0,0,0	0
3	2347	CERTIFIED_DEFICIT	1288	1	1	0	0,0,0,0,0,0,0,0,0,0,0,0,0	0
3	2348	CERTIFIED_DEFICIT	1288	1	1	0	0,0,0,0,0,0,0,0,0,0,0,0,0	0
3	2349	CERTIFIED_DEFICIT	1288	1	1	0	0,0,0,0,0,0,0,0,0,0,0,0,0	0
3	2350	CERTIFIED_DEFICIT	1288	1	1	0	0,0,0,0,0,0,0,0,0,0,0,0,0	0
3	2351	CERTIFIED_DEFICIT	1288	1	1	0	0,0,0,0,0,0,0,0,0,0,0,0,0	0
3	2352	CERTIFIED_DEFICIT	1288	1	1	0	0,0,0,0,0,0,0,0,0,0,0,0,0	0
3	2353	CERTIFIED_DEFICIT	1288	1	1	0	0,0,0,0,0,0,0,0,0,0,0,0,0	0
3	2354	CERTIFIED_DEFICIT	1288	1	1	0	0,0,0,0,0,0,0,0,0,0,0,0,0	0
3	2355	CERTIFIED_DEFICIT	1288	1	1	0	0,0,0,0,0,0,0,0,0,0,0,0,0	0
3	2356	CERTIFIED_DEFICIT	1288	1	1	0	0,0,0,0,0,0,0,0,0,0,0,0,0	0
3	2357	CERTIFIED_DEFICIT	1288	1	1	0	0,0,0,0,0,0,0,0,0,0,0,0,0	0
3	2358	CERTIFIED_DEFICIT	1288	1	1	0	0,0,0,0,0,0,0,0,0,0,0,0,0	0
3	2359	CERTIFIED_DEFICIT	1288	1	1	0	0,0,0,0,0,0,0,0,0,0,0,0,0	0
3	2360	CERTIFIED_DEFICIT	1288	1	1	0	0,0,0,0,0,0,0,0,0,0,0,0,0	0
3	2361	CERTIFIED_DEFICIT	1288	1	1	0	0,0,0,0,0,0,0,0,0,0,0,0,0	0
3	2362	CERTIFIED_DEFICIT	1288	1	1	0	0,0,0,0,0,0,0,0,0,0,0,0,0	0
3	2363	CERTIFIED_DEFICIT	1288	1	1	0	0,0,0,0,0,0,0,0,0,0,0,0,0	0
3	2364	CERTIFIED_DEFICIT	1288	1	1	0	0,0,0,0,0,0,0,0,0,0,0,0,0	0
3	2365	CERTIFIED_DEFICIT	1288	1	1	0	0,0,0,0,0,0,0,0,0,0,0,0,0	0
3	2366	CERTIFIED_DEFICIT	1288	1	1	0	0,0,0,0,0,0,0,0,0,0,0,0,0	0
3	2367	CERTIFIED_DEFICIT	1288	1	1	0	0,0,0,0,0,0,0,0,0,0,0,0,0	0
3	2368	CERTIFIED_DEFICIT	1288	1	1	0	0,0,0,0,0,0,0,0,0,0,0,0,0	0
3	2369	CERTIFIED_DEFICIT	1288	1	1	0	0,0,0,0,0,0,0,0,0,0,0,0,0	0
3	2370	CERTIFIED_DEFICIT	1288	1	1	0	0,0,0,0,0,0,0,0,0,0,0,0,0	0
3	2371	CERTIFIED_DEFICIT	1288	1	1	0	0,0,0,0,0,0,0,0,0,0,0,0,0	0
3	2372	CERTIFIED_DEFICIT	1288	1	1	0	0,0,0,0,0,0,0,0,0,0,0,0,0	0
3	2373	CERTIFIED_DEFICIT	1288	1	1	0	0,0,0,0,0,0,0,0,0,0,0,0,0	0
3	2374	CERTIFIED_DEFICIT	1288	1	1	0	0,0,0,0,0,0,0,0,0,0,0,0,0	0
3	2375	CERTIFIED_DEFICIT	1288	1	1	0	0,0,0,0,0,0,0,0,0,0,0,0,0	0
3	2376	CERTIFIED_DEFICIT	1288	1	1	0	0,0,0,0,0,0,0,0,0,0,0,0,0	0
3	2377	CERTIFIED_DEFICIT	1288	1	1	0	0,0,0,0,0,0,0,0,0,0,0,0,0	0
3	2378	CERTIFIED_DEFICIT	1288	1	1	0	0,0,0,0,0,0,0,0,0,0,0,0,0	0
3	2379	CERTIFIED_DEFICIT	1288	1	1	0	0,0,0,0,0,0,0,0,0,0,0,0,0	0
3	2380	CERTIFIED_DEFICIT	1288	1	1	0	0,0,0,0,0,0,0,0,0,0,0,0,0	0
3	2381	CERTIFIED_DEFICIT	1288	1	1	0	0,0,0,0,0,0,0,0,0,0,0,0,0	0
3	2382	CERTIFIED_DEFICIT	1288	1	1	0	0,0,0,0,0,0,0,0,0,0,0,0,0	0
3	2383	CERTIFIED_DEFICIT	1288	1	1	0	0,0,0,0,0,0,0,0,0,0,0,0,0	0
3	2384	CERTIFIED_DEFICIT	1288	1	1	0	0,0,0,0,0,0,0,0,0,0,0,0,0	0
3	2385	CERTIFIED_DEFICIT	1288	1	1	0	0,0,0,0,0,0,0,0,0,0,0,0,0	0
3	2386	CERTIFIED_DEFICIT	1288	1	1	0	0,0,0,0,0,0,0,0,0,0,0,0,0	0
3	2387	CERTIFIED_DEFICIT	1288	1	1	0	0,0,0,0,0,0,0,0,0,0,0,0,0	0
3	2388	CERTIFIED_DEFICIT	1288	1	1	0	0,0,0,0,0,0,0,0,0,0,0,0,0	0
3	2389	CERTIFIED_DEFICIT	1288	1	1	0	0,0,0,0,0,0,0,0,0,0,0,0,0	0
3	2390	CERTIFIED_DEFICIT	1288	1	1	0	0,0,0,0,0,0,0,0,0,0,0,0,0	0
3	2391	CERTIFIED_DEFICIT	1288	1	1	0	0,0,0,0,0,0,0,0,0,0,0,0,0	0
3	2392	CERTIFIED_DEFICIT	1288	1	1	0	0,0,0,0,0,0,0,0,0,0,0,0,0	0
3	2393	CERTIFIED_DEFICIT	1288	1	1	0	0,0,0,0,0,0,0,0,0,0,0,0,0	0
3	2394	CERTIFIED_DEFICIT	1288	1	1	0	0,0,0,0,0,0,0,0,0,0,0,0,0	0
3	2395	CERTIFIED_DEFICIT	1288	1	1	0	0,0,0,0,0,0,0,0,0,0,0,0,0	0
3	2396	CERTIFIED_DEFICIT	1288	1	1	0	0,0,0,0,0,0,0,0,0,0,0,0,0	0
3	2397	CERTIFIED_DEFICIT	1288	1	1	0	0,0,0,0,0,0,0,0,0,0,0,0,0	0
3	2398	CERTIFIED_DEFICIT	1288	1	1	0	0,0,0,0,0,0,0,0,0,0,0,0,0	0
3	2399	CERTIFIED_DEFICIT	1288	1	1	0	0,0,0,0,0,0,0,0,0,0,0,0,0	0
3	2400	CERTIFIED_DEFICIT	1288	1	1	0	0,0,0,0,0,0,0,0,0,0,0,0,0	0
3	2401	CERTIFIED_DEFICIT	1288	1	1	0	0,0,0,0,0,0,0,0,0,0,0,0,0	0
3	2402	CERTIFIED_DEFICIT	1288	1	1	0	0,0,0,0,0,0,0,0,0,0,0,0,0	0
3	2403	CERTIFIED_DEFICIT	1288	1	1	0	0,0,0,0,0,0,0,0,0,0,0,0,0	0
3	2404	CERTIFIED_DEFICIT	1288	1	1	0	0,0,0,0,0,0,0,0,0,0,0,0,0	0
3	2405	CERTIFIED_DEFICIT	1288	1	1	0	0,0,0,0,0,0,0,0,0,0,0,0,0	0
3	2406	CERTIFIED_DEFICIT	1288	1	1	0	0,0,0,0,0,0,0,0,0,0,0,0,0	0
3	2407	CERTIFIED_DEFICIT	1288	1	1	0	0,0,0,0,0,0,0,0,0,0,0,0,0	0
3	2408	CERTIFIED_DEFICIT	1288	1	1	0	0,0,0,0,0,0,0,0,0,0,0,0,0	0
3	2409	CERTIFIED_DEFICIT	1288	1	1	0	0,0,0,0,0,0,0,0,0,0,0,0,0	0
3	2410	CERTIFIED_DEFICIT	1288	1	1	0	0,0,0,0,0,0,0,0,0,0,0,0,0	0
3	2411	CERTIFIED_DEFICIT	1273	1	1	0	0,0,0,0,0,0,0,0,0,0,0,0,0	0
3	2412	CERTIFIED_DEFICIT	1288	1	1	0	0,0,0,0,0,0,0,0,0,0,0,0,0	0
3	2413	CERTIFIED_DEFICIT	1288	1	1	0	0,0,0,0,0,0,0,0,0,0,0,0,0	0
3	2414	CERTIFIED_DEFICIT	1237	1	1	0	0,0,0,0,0,0,0,0,0,0,0,0,0	0
3	2415	CERTIFIED_DEFICIT	1288	1	1	0	0,0,0,0,0,0,0,0,0,0,0,0,0	0
3	2416	CERTIFIED_DEFICIT	1288	1	1	0	0,0,0,0,0,0,0,0,0,0,0,0,0	0
3	2417	CERTIFIED_DEFICIT	1288	1	1	0	0,0,0,0,0,0,0,0,0,0,0,0,0	0
3	2418	CERTIFIED_DEFICIT	1288	1	1	0	0,0,0,0,0,0,0,0,0,0,0,0,0	0
3	2419	CERTIFIED_DEFICIT	1288	1	1	0	0,0,0,0,0,0,0,0,0,0,0,0,0	0
3	2420	CERTIFIED_DEFICIT	1288	1	1	0	0,0,0,0,0,0,0,0,0,0,0,0,0	0
3	2421	CERTIFIED_DEFICIT	1288	1	1	0	0,0,0,0,0,0,0,0,0,0,0,0,0	0
3	2422	CERTIFIED_DEFICIT	1288	1	1	0	0,0,0,0,0,0,0,0,0,0,0,0,0	0
3	2423	CERTIFIED_DEFICIT	1288	1	1	0	0,0,0,0,0,0,0,0,0,0,0,0,0	0
3	2424	CERTIFIED_DEFICIT	1288	1	1	0	0,0,0,0,0,0,0,0,0,0,0,0,0	0
3	2425	CERTIFIED_DEFICIT	1288	1	1	0	0,0,0,0,0,0,0,0,0,0,0,0,0	0
3	2426	CERTIFIED_DEFICIT	1288	1	1	0	0,0,0,0,0,0,0,0,0,0,0,0,0	0
3	2427	CERTIFIED_DEFICIT	1288	1	1	0	0,0,0,0,0,0,0,0,0,0,0,0,0	0
3	2428	CERTIFIED_DEFICIT	1288	1	1	0	0,0,0,0,0,0,0,0,0,0,0,0,0	0
3	2429	CERTIFIED_DEFICIT	1288	1	1	0	0,0,0,0,0,0,0,0,0,0,0,0,0	0
3	2430	CERTIFIED_DEFICIT	1288	1	1	0	0,0,0,0,0,0,0,0,0,0,0,0,0	0
3	2431	CERTIFIED_DEFICIT	1288	1	1	0	0,0,0,0,0,0,0,0,0,0,0,0,0	0
3	2432	CERTIFIED_DEFICIT	1288	1	1	0	0,0,0,0,0,0,0,0,0,0,0,0,0	0
3	2433	CERTIFIED_DEFICIT	1288	1	1	0	0,0,0,0,0,0,0,0,0,0,0,0,0	0
3	2434	CERTIFIED_DEFICIT	1288	1	1	0	0,0,0,0,0,0,0,0,0,0,0,0,0	0
3	2435	CERTIFIED_DEFICIT	1288	1	1	0	0,0,0,0,0,0,0,0,0,0,0,0,0	0
3	2436	CERTIFIED_DEFICIT	1288	1	1	0	0,0,0,0,0,0,0,0,0,0,0,0,0	0
3	2437	CERTIFIED_DEFICIT	1288	1	1	0	0,0,0,0,0,0,0,0,0,0,0,0,0	0
3	2438	CERTIFIED_DEFICIT	1288	1	1	0	0,0,0,0,0,0,0,0,0,0,0,0,0	0
3	2439	CERTIFIED_DEFICIT	1288	1	1	0	0,0,0,0,0,0,0,0,0,0,0,0,0	0
3	2440	CERTIFIED_DEFICIT	1288	1	1	0	0,0,0,0,0,0,0,0,0,0,0,0,0	0
3	2441	CERTIFIED_DEFICIT	1288	1	1	0	0,0,0,0,0,0,0,0,0,0,0,0,0	0
3	2442	CERTIFIED_DEFICIT	1288	1	1	0	0,0,0,0,0,0,0,0,0,0,0,0,0	0
3	2443	CERTIFIED_DEFICIT	1288	1	1	0	0,0,0,0,0,0,0,0,0,0,0,0,0	0
3	2444	CERTIFIED_DEFICIT	1288	1	1	0	0,0,0,0,0,0,0,0,0,0,0,0,0	0
3	2445	CERTIFIED_DEFICIT	1288	1	1	0	0,0,0,0,0,0,0,0,0,0,0,0,0	0
3	2446	CERTIFIED_DEFICIT	1288	1	1	0	0,0,0,0,0,0,0,0,0,0,0,0,0	0
3	2447	CERTIFIED_DEFICIT	1288	1	1	0	0,0,0,0,0,0,0,0,0,0,0,0,0	0
3	2448	CERTIFIED_DEFICIT	1288	1	1	0	0,0,0,0,0,0,0,0,0,0,0,0,0	0
3	2449	CERTIFIED_DEFICIT	1288	1	1	0	0,0,0,0,0,0,0,0,0,0,0,0,0	0
3	2450	CERTIFIED_DEFICIT	1288	1	1	0	0,0,0,0,0,0,0,0,0,0,0,0,0	0
3	2451	CERTIFIED_DEFICIT	1288	1	1	0	0,0,0,0,0,0,0,0,0,0,0,0,0	0
3	2452	CERTIFIED_DEFICIT	1288	1	1	0	0,0,0,0,0,0,0,0,0,0,0,0,0	0
3	2453	CERTIFIED_DEFICIT	1288	1	1	0	0,0,0,0,0,0,0,0,0,0,0,0,0	0
3	2454	CERTIFIED_DEFICIT	1288	1	1	0	0,0,0,0,0,0,0,0,0,0,0,0,0	0
3	2455	CERTIFIED_DEFICIT	1288	1	1	0	0,0,0,0,0,0,0,0,0,0,0,0,0	0
3	2456	CERTIFIED_DEFICIT	1288	1	1	0	0,0,0,0,0,0,0,0,0,0,0,0,0	0
3	2457	CERTIFIED_DEFICIT	1288	1	1	0	0,0,0,0,0,0,0,0,0,0,0,0,0	0
3	2458	CERTIFIED_DEFICIT	1288	1	1	0	0,0,0,0,0,0,0,0,0,0,0,0,0	0
3	2459	CERTIFIED_DEFICIT	1288	1	1	0	0,0,0,0,0,0,0,0,0,0,0,0,0	0
3	2460	CERTIFIED_DEFICIT	1288	1	1	0	0,0,0,0,0,0,0,0,0,0,0,0,0	0
3	2461	CERTIFIED_DEFICIT	1288	1	1	0	0,0,0,0,0,0,0,0,0,0,0,0,0	0
3	2462	CERTIFIED_DEFICIT	1288	1	1	0	0,0,0,0,0,0,0,0,0,0,0,0,0	0
3	2463	CERTIFIED_DEFICIT	1288	1	1	0	0,0,0,0,0,0,0,0,0,0,0,0,0	0
3	2464	CERTIFIED_DEFICIT	1288	1	1	0	0,0,0,0,0,0,0,0,0,0,0,0,0	0
3	2465	CERTIFIED_DEFICIT	1288	1	1	0	0,0,0,0,0,0,0,0,0,0,0,0,0	0
3	2466	CERTIFIED_DEFICIT	1288	1	1	0	0,0,0,0,0,0,0,0,0,0,0,0,0	0
3	2467	CERTIFIED_DEFICIT	1288	1	1	0	0,0,0,0,0,0,0,0,0,0,0,0,0	0
3	2468	CERTIFIED_DEFICIT	1288	1	1	0	0,0,0,0,0,0,0,0,0,0,0,0,0	0
3	2469	CERTIFIED_DEFICIT	1288	1	1	0	0,0,0,0,0,0,0,0,0,0,0,0,0	0
3	2470	CERTIFIED_DEFICIT	1288	1	1	0	0,0,0,0,0,0,0,0,0,0,0,0,0	0
3	2471	CERTIFIED_DEFICIT	1288	1	1	0	0,0,0,0,0,0,0,0,0,0,0,0,0	0
3	2472	CERTIFIED_DEFICIT	1288	1	1	0	0,0,0,0,0,0,0,0,0,0,0,0,0	0
3	2473	CERTIFIED_DEFICIT	1288	1	1	0	0,0,0,0,0,0,0,0,0,0,0,0,0	0
3	2474	CERTIFIED_DEFICIT	1288	1	1	0	0,0,0,0,0,0,0,0,0,0,0,0,0	0
3	2475	CERTIFIED_DEFICIT	1288	1	1	0	0,0,0,0,0,0,0,0,0,0,0,0,0	0
3	2476	CERTIFIED_DEFICIT	1288	1	1	0	0,0,0,0,0,0,0,0,0,0,0,0,0	0
3	2477	CERTIFIED_DEFICIT	1288	1	1	0	0,0,0,0,0,0,0,0,0,0,0,0,0	0
3	2478	CERTIFIED_DEFICIT	1288	1	1	0	0,0,0,0,0,0,0,0,0,0,0,0,0	0
3	2479	CERTIFIED_DEFICIT	1288	1	1	0	0,0,0,0,0,0,0,0,0,0,0,0,0	0
3	2480	CERTIFIED_DEFICIT	1288	1	1	0	0,0,0,0,0,0,0,0,0,0,0,0,0	0
3	2481	CERTIFIED_DEFICIT	1288	1	1	0	0,0,0,0,0,0,0,0,0,0,0,0,0	0
3	2482	CERTIFIED_DEFICIT	1288	1	1	0	0,0,0,0,0,0,0,0,0,0,0,0,0	0
3	2483	CERTIFIED_DEFICIT	1288	1	1	0	0,0,0,0,0,0,0,0,0,0,0,0,0	0
3	2484	CERTIFIED_DEFICIT	1288	1	1	0	0,0,0,0,0,0,0,0,0,0,0,0,0	0
3	2485	CERTIFIED_DEFICIT	1288	1	1	0	0,0,0,0,0,0,0,0,0,0,0,0,0	0
3	2486	CERTIFIED_DEFICIT	1288	1	1	0	0,0,0,0,0,0,0,0,0,0,0,0,0	0
3	2487	CERTIFIED_DEFICIT	1288	1	1	0	0,0,0,0,0,0,0,0,0,0,0,0,0	0
3	2488	CERTIFIED_DEFICIT	1288	1	1	0	0,0,0,0,0,0,0,0,0,0,0,0,0	0
3	2489	CERTIFIED_DEFICIT	1273	1	1	0	0,0,0,0,0,0,0,0,0,0,0,0,0	0
3	2490	CERTIFIED_DEFICIT	1288	1	1	0	0,0,0,0,0,0,0,0,0,0,0,0,0	0
3	2491	CERTIFIED_DEFICIT	1288	1	1	0	0,0,0,0,0,0,0,0,0,0,0,0,0	0
3	2492	CERTIFIED_DEFICIT	1237	1	1	0	0,0,0,0,0,0,0,0,0,0,0,0,0	0
3	2493	CERTIFIED_DEFICIT	1288	1	1	0	0,0,0,0,0,0,0,0,0,0,0,0,0	0
3	2494	CERTIFIED_DEFICIT	1288	1	1	0	0,0,0,0,0,0,0,0,0,0,0,0,0	0
3	2495	CERTIFIED_DEFICIT	1288	1	1	0	0,0,0,0,0,0,0,0,0,0,0,0,0	0
3	2496	CERTIFIED_DEFICIT	1260	1	1	0	0,0,0,0,0,0,0,0,0,0,0,0,0	0
3	2497	CERTIFIED_DEFICIT	1260	1	1	0	0,0,0,0,0,0,0,0,0,0,0,0,0	0
3	2498	CERTIFIED_DEFICIT	1260	1	1	0	0,0,0,0,0,0,0,0,0,0,0,0,0	0
3	2499	CERTIFIED_DEFICIT	1260	1	1	0	0,0,0,0,0,0,0,0,0,0,0,0,0	0
3	2500	CERTIFIED_DEFICIT	1260	1	1	0	0,0,0,0,0,0,0,0,0,0,0,0,0	0
3	2501	CERTIFIED_DEFICIT	1260	1	1	0	0,0,0,0,0,0,0,0,0,0,0,0,0	0
3	2502	CERTIFIED_DEFICIT	1260	1	1	0	0,0,0,0,0,0,0,0,0,0,0,0,0	0
3	2503	CERTIFIED_DEFICIT	1260	1	1	0	0,0,0,0,0,0,0,0,0,0,0,0,0	0
3	2504	CERTIFIED_DEFICIT	1260	1	1	0	0,0,0,0,0,0,0,0,0,0,0,0,0	0
3	2505	CERTIFIED_DEFICIT	1260	1	1	0	0,0,0,0,0,0,0,0,0,0,0,0,0	0
3	2506	CERTIFIED_DEFICIT	1260	1	1	0	0,0,0,0,0,0,0,0,0,0,0,0,0	0
3	2507	CERTIFIED_DEFICIT	1260	1	1	0	0,0,0,0,0,0,0,0,0,0,0,0,0	0
3	2508	CERTIFIED_DEFICIT	1260	1	1	0	0,0,0,0,0,0,0,0,0,0,0,0,0	0
3	2509	CERTIFIED_DEFICIT	1260	1	1	0	0,0,0,0,0,0,0,0,0,0,0,0,0	0
3	2510	CERTIFIED_DEFICIT	1260	1	1	0	0,0,0,0,0,0,0,0,0,0,0,0,0	0
3	2511	CERTIFIED_DEFICIT	1260	1	1	0	0,0,0,0,0,0,0,0,0,0,0,0,0	0
3	2512	CERTIFIED_DEFICIT	1260	1	1	0	0,0,0,0,0,0,0,0,0,0,0,0,0	0
3	2513	CERTIFIED_DEFICIT	1260	1	1	0	0,0,0,0,0,0,0,0,0,0,0,0,0	0
3	2514	CERTIFIED_DEFICIT	1260	1	1	0	0,0,0,0,0,0,0,0,0,0,0,0,0	0
3	2515	CERTIFIED_DEFICIT	1260	1	1	0	0,0,0,0,0,0,0,0,0,0,0,0,0	0
3	2516	CERTIFIED_DEFICIT	1260	1	1	0	0,0,0,0,0,0,0,0,0,0,0,0,0	0
3	2517	CERTIFIED_DEFICIT	1260	1	1	0	0,0,0,0,0,0,0,0,0,0,0,0,0	0
3	2518	CERTIFIED_DEFICIT	1260	1	1	0	0,0,0,0,0,0,0,0,0,0,0,0,0	0
3	2519	CERTIFIED_DEFICIT	1260	1	1	0	0,0,0,0,0,0,0,0,0,0,0,0,0	0
3	2520	CERTIFIED_DEFICIT	1260	1	1	0	0,0,0,0,0,0,0,0,0,0,0,0,0	0
3	2521	CERTIFIED_DEFICIT	1260	1	1	0	0,0,0,0,0,0,0,0,0,0,0,0,0	0
3	2522	CERTIFIED_DEFICIT	1260	1	1	0	0,0,0,0,0,0,0,0,0,0,0,0,0	0
3	2523	CERTIFIED_DEFICIT	1260	1	1	0	0,0,0,0,0,0,0,0,0,0,0,0,0	0
3	2524	CERTIFIED_DEFICIT	1260	1	1	0	0,0,0,0,0,0,0,0,0,0,0,0,0	0
3	2525	CERTIFIED_DEFICIT	1260	1	1	0	0,0,0,0,0,0,0,0,0,0,0,0,0	0
3	2526	CERTIFIED_DEFICIT	1260	1	1	0	0,0,0,0,0,0,0,0,0,0,0,0,0	0
3	2527	CERTIFIED_DEFICIT	1260	1	1	0	0,0,0,0,0,0,0,0,0,0,0,0,0	0
3	2528	CERTIFIED_DEFICIT	1260	1	1	0	0,0,0,0,0,0,0,0,0,0,0,0,0	0
3	2529	CERTIFIED_DEFICIT	1260	1	1	0	0,0,0,0,0,0,0,0,0,0,0,0,0	0
3	2530	CERTIFIED_DEFICIT	1260	1	1	0	0,0,0,0,0,0,0,0,0,0,0,0,0	0
3	2531	CERTIFIED_DEFICIT	1260	1	1	0	0,0,0,0,0,0,0,0,0,0,0,0,0	0
3	2532	CERTIFIED_DEFICIT	1260	1	1	0	0,0,0,0,0,0,0,0,0,0,0,0,0	0
3	2533	CERTIFIED_DEFICIT	1260	1	1	0	0,0,0,0,0,0,0,0,0,0,0,0,0	0
3	2534	CERTIFIED_DEFICIT	1260	1	1	0	0,0,0,0,0,0,0,0,0,0,0,0,0	0
3	2535	CERTIFIED_DEFICIT	1260	1	1	0	0,0,0,0,0,0,0,0,0,0,0,0,0	0
3	2536	CERTIFIED_DEFICIT	1260	1	1	0	0,0,0,0,0,0,0,0,0,0,0,0,0	0
3	2537	CERTIFIED_DEFICIT	1260	1	1	0	0,0,0,0,0,0,0,0,0,0,0,0,0	0
3	2538	CERTIFIED_DEFICIT	1260	1	1	0	0,0,0,0,0,0,0,0,0,0,0,0,0	0
3	2539	CERTIFIED_DEFICIT	1260	1	1	0	0,0,0,0,0,0,0,0,0,0,0,0,0	0
3	2540	CERTIFIED_DEFICIT	1260	1	1	0	0,0,0,0,0,0,0,0,0,0,0,0,0	0
3	2541	CERTIFIED_DEFICIT	1260	1	1	0	0,0,0,0,0,0,0,0,0,0,0,0,0	0
3	2542	CERTIFIED_DEFICIT	1260	1	1	0	0,0,0,0,0,0,0,0,0,0,0,0,0	0
3	2543	CERTIFIED_DEFICIT	1260	1	1	0	0,0,0,0,0,0,0,0,0,0,0,0,0	0
3	2544	CERTIFIED_DEFICIT	1260	1	1	0	0,0,0,0,0,0,0,0,0,0,0,0,0	0
3	2545	CERTIFIED_DEFICIT	1260	1	1	0	0,0,0,0,0,0,0,0,0,0,0,0,0	0
3	2546	CERTIFIED_DEFICIT	1260	1	1	0	0,0,0,0,0,0,0,0,0,0,0,0,0	0
3	2547	CERTIFIED_DEFICIT	1260	1	1	0	0,0,0,0,0,0,0,0,0,0,0,0,0	0
3	2548	CERTIFIED_DEFICIT	1260	1	1	0	0,0,0,0,0,0,0,0,0,0,0,0,0	0
3	2549	CERTIFIED_DEFICIT	1260	1	1	0	0,0,0,0,0,0,0,0,0,0,0,0,0	0
3	2550	CERTIFIED_DEFICIT	1260	1	1	0	0,0,0,0,0,0,0,0,0,0,0,0,0	0
3	2551	CERTIFIED_DEFICIT	1260	1	1	0	0,0,0,0,0,0,0,0,0,0,0,0,0	0
3	2552	CERTIFIED_DEFICIT	1206	1	1	0	0,0,0,0,0,0,0,0,0,0,0,0,0	0
3	2553	CERTIFIED_DEFICIT	1260	1	1	0	0,0,0,0,0,0,0,0,0,0,0,0,0	0
3	2554	CERTIFIED_DEFICIT	1260	1	1	0	0,0,0,0,0,0,0,0,0,0,0,0,0	0
3	2555	CERTIFIED_DEFICIT	1260	1	1	0	0,0,0,0,0,0,0,0,0,0,0,0,0	0
3	2556	CERTIFIED_DEFICIT	1260	1	1	0	0,0,0,0,0,0,0,0,0,0,0,0,0	0
3	2557	CERTIFIED_DEFICIT	1260	1	1	0	0,0,0,0,0,0,0,0,0,0,0,0,0	0
3	2558	CERTIFIED_DEFICIT	1260	1	1	0	0,0,0,0,0,0,0,0,0,0,0,0,0	0
3	2559	CERTIFIED_DEFICIT	1260	1	1	0	0,0,0,0,0,0,0,0,0,0,0,0,0	0
3	2560	CERTIFIED_DEFICIT	1260	1	1	0	0,0,0,0,0,0,0,0,0,0,0,0,0	0
3	2561	CERTIFIED_DEFICIT	1260	1	1	0	0,0,0,0,0,0,0,0,0,0,0,0,0	0
3	2562	CERTIFIED_DEFICIT	1260	1	1	0	0,0,0,0,0,0,0,0,0,0,0,0,0	0
3	2563	CERTIFIED_DEFICIT	1260	1	1	0	0,0,0,0,0,0,0,0,0,0,0,0,0	0
3	2564	CERTIFIED_DEFICIT	1260	1	1	0	0,0,0,0,0,0,0,0,0,0,0,0,0	0
3	2565	CERTIFIED_DEFICIT	1260	1	1	0	0,0,0,0,0,0,0,0,0,0,0,0,0	0
3	2566	CERTIFIED_DEFICIT	1260	1	1	0	0,0,0,0,0,0,0,0,0,0,0,0,0	0
3	2567	CERTIFIED_DEFICIT	1260	1	1	0	0,0,0,0,0,0,0,0,0,0,0,0,0	0
3	2568	CERTIFIED_DEFICIT	1260	1	1	0	0,0,0,0,0,0,0,0,0,0,0,0,0	0
3	2569	CERTIFIED_DEFICIT	1260	1	1	0	0,0,0,0,0,0,0,0,0,0,0,0,0	0
3	2570	CERTIFIED_DEFICIT	1237	1	1	0	0,0,0,0,0,0,0,0,0,0,0,0,0	0
3	2571	CERTIFIED_DEFICIT	1260	1	1	0	0,0,0,0,0,0,0,0,0,0,0,0,0	0
3	2572	CERTIFIED_DEFICIT	1260	1	1	0	0,0,0,0,0,0,0,0,0,0,0,0,0	0
3	2573	CERTIFIED_DEFICIT	1260	1	1	0	0,0,0,0,0,0,0,0,0,0,0,0,0	0
3	2574	CERTIFIED_DEFICIT	1638	1	1	0	0,0,0,0,0,0,0,0,0,0,0,0,0	0
3	2575	CERTIFIED_DEFICIT	1638	1	1	0	0,0,0,0,0,0,0,0,0,0,0,0,0	0
3	2576	CERTIFIED_DEFICIT	1638	1	1	0	0,0,0,0,0,0,0,0,0,0,0,0,0	0
3	2577	CERTIFIED_DEFICIT	1638	1	1	0	0,0,0,0,0,0,0,0,0,0,0,0,0	0
3	2578	CERTIFIED_DEFICIT	1638	1	1	0	0,0,0,0,0,0,0,0,0,0,0,0,0	0
3	2579	CERTIFIED_DEFICIT	1638	1	1	0	0,0,0,0,0,0,0,0,0,0,0,0,0	0
3	2580	CERTIFIED_DEFICIT	1638	1	1	0	0,0,0,0,0,0,0,0,0,0,0,0,0	0
3	2581	CERTIFIED_DEFICIT	1638	1	1	0	0,0,0,0,0,0,0,0,0,0,0,0,0	0
3	2582	CERTIFIED_DEFICIT	1638	1	1	0	0,0,0,0,0,0,0,0,0,0,0,0,0	0
3	2583	CERTIFIED_DEFICIT	1638	1	1	0	0,0,0,0,0,0,0,0,0,0,0,0,0	0
3	2584	CERTIFIED_DEFICIT	1638	1	1	0	0,0,0,0,0,0,0,0,0,0,0,0,0	0
3	2585	CERTIFIED_DEFICIT	1638	1	1	0	0,0,0,0,0,0,0,0,0,0,0,0,0	0
3	2586	CERTIFIED_DEFICIT	1638	1	1	0	0,0,0,0,0,0,0,0,0,0,0,0,0	0
3	2587	CERTIFIED_DEFICIT	1638	1	1	0	0,0,0,0,0,0,0,0,0,0,0,0,0	0
3	2588	CERTIFIED_DEFICIT	1638	1	1	0	0,0,0,0,0,0,0,0,0,0,0,0,0	0
3	2589	CERTIFIED_DEFICIT	1638	1	1	0	0,0,0,0,0,0,0,0,0,0,0,0,0	0
3	2590	CERTIFIED_DEFICIT	1638	1	1	0	0,0,0,0,0,0,0,0,0,0,0,0,0	0
3	2591	CERTIFIED_DEFICIT	1638	1	1	0	0,0,0,0,0,0,0,0,0,0,0,0,0	0
3	2592	CERTIFIED_DEFICIT	1638	1	1	0	0,0,0,0,0,0,0,0,0,0,0,0,0	0
3	2593	CERTIFIED_DEFICIT	1638	1	1	0	0,0,0,0,0,0,0,0,0,0,0,0,0	0
3	2594	CERTIFIED_DEFICIT	1638	1	1	0	0,0,0,0,0,0,0,0,0,0,0,0,0	0
3	2595	CERTIFIED_DEFICIT	1638	1	1	0	0,0,0,0,0,0,0,0,0,0,0,0,0	0
3	2596	CERTIFIED_DEFICIT	1638	1	1	0	0,0,0,0,0,0,0,0,0,0,0,0,0	0
3	2597	CERTIFIED_DEFICIT	1638	1	1	0	0,0,0,0,0,0,0,0,0,0,0,0,0	0
3	2598	CERTIFIED_DEFICIT	1638	1	1	0	0,0,0,0,0,0,0,0,0,0,0,0,0	0
3	2599	CERTIFIED_DEFICIT	1638	1	1	0	0,0,0,0,0,0,0,0,0,0,0,0,0	0
3	2600	CERTIFIED_DEFICIT	1638	1	1	0	0,0,0,0,0,0,0,0,0,0,0,0,0	0
3	2601	CERTIFIED_DEFICIT	1638	1	1	0	0,0,0,0,0,0,0,0,0,0,0,0,0	0
3	2602	CERTIFIED_DEFICIT	1638	1	1	0	0,0,0,0,0,0,0,0,0,0,0,0,0	0
3	2603	CERTIFIED_DEFICIT	1638	1	1	0	0,0,0,0,0,0,0,0,0,0,0,0,0	0
3	2604	CERTIFIED_DEFICIT	1638	1	1	0	0,0,0,0,0,0,0,0,0,0,0,0,0	0
3	2605	CERTIFIED_DEFICIT	1638	1	1	0	0,0,0,0,0,0,0,0,0,0,0,0,0	0
3	2606	CERTIFIED_DEFICIT	1638	1	1	0	0,0,0,0,0,0,0,0,0,0,0,0,0	0
3	2607	CERTIFIED_DEFICIT	1638	1	1	0	0,0,0,0,0,0,0,0,0,0,0,0,0	0
3	2608	CERTIFIED_DEFICIT	1638	1	1	0	0,0,0,0,0,0,0,0,0,0,0,0,0	0
3	2609	CERTIFIED_DEFICIT	1638	1	1	0	0,0,0,0,0,0,0,0,0,0,0,0,0	0
3	2610	CERTIFIED_DEFICIT	1638	1	1	0	0,0,0,0,0,0,0,0,0,0,0,0,0	0
3	2611	CERTIFIED_DEFICIT	1638	1	1	0	0,0,0,0,0,0,0,0,0,0,0,0,0	0
3	2612	CERTIFIED_DEFICIT	1638	1	1	0	0,0,0,0,0,0,0,0,0,0,0,0,0	0
3	2613	CERTIFIED_DEFICIT	1638	1	1	0	0,0,0,0,0,0,0,0,0,0,0,0,0	0
3	2614	CERTIFIED_DEFICIT	1638	1	1	0	0,0,0,0,0,0,0,0,0,0,0,0,0	0
3	2615	CERTIFIED_DEFICIT	1638	1	1	0	0,0,0,0,0,0,0,0,0,0,0,0,0	0
3	2616	CERTIFIED_DEFICIT	1638	1	1	0	0,0,0,0,0,0,0,0,0,0,0,0,0	0
3	2617	CERTIFIED_DEFICIT	1638	1	1	0	0,0,0,0,0,0,0,0,0,0,0,0,0	0
3	2618	CERTIFIED_DEFICIT	1638	1	1	0	0,0,0,0,0,0,0,0,0,0,0,0,0	0
3	2619	CERTIFIED_DEFICIT	1638	1	1	0	0,0,0,0,0,0,0,0,0,0,0,0,0	0
3	2620	CERTIFIED_DEFICIT	1638	1	1	0	0,0,0,0,0,0,0,0,0,0,0,0,0	0
3	2621	CERTIFIED_DEFICIT	1638	1	1	0	0,0,0,0,0,0,0,0,0,0,0,0,0	0
3	2622	CERTIFIED_DEFICIT	1638	1	1	0	0,0,0,0,0,0,0,0,0,0,0,0,0	0
3	2623	CERTIFIED_DEFICIT	1638	1	1	0	0,0,0,0,0,0,0,0,0,0,0,0,0	0
3	2624	CERTIFIED_DEFICIT	1638	1	1	0	0,0,0,0,0,0,0,0,0,0,0,0,0	0
3	2625	CERTIFIED_DEFICIT	1638	1	1	0	0,0,0,0,0,0,0,0,0,0,0,0,0	0
3	2626	CERTIFIED_DEFICIT	1638	1	1	0	0,0,0,0,0,0,0,0,0,0,0,0,0	0
3	2627	CERTIFIED_DEFICIT	1638	1	1	0	0,0,0,0,0,0,0,0,0,0,0,0,0	0
3	2628	CERTIFIED_DEFICIT	1638	1	1	0	0,0,0,0,0,0,0,0,0,0,0,0,0	0
3	2629	CERTIFIED_DEFICIT	1638	1	1	0	0,0,0,0,0,0,0,0,0,0,0,0,0	0
3	2630	CERTIFIED_DEFICIT	1313	1	1	0	0,0,0,0,0,0,0,0,0,0,0,0,0	0
3	2631	CERTIFIED_DEFICIT	1638	1	1	0	0,0,0,0,0,0,0,0,0,0,0,0,0	0
3	2632	CERTIFIED_DEFICIT	1638	1	1	0	0,0,0,0,0,0,0,0,0,0,0,0,0	0
3	2633	CERTIFIED_DEFICIT	1638	1	1	0	0,0,0,0,0,0,0,0,0,0,0,0,0	0
3	2634	CERTIFIED_DEFICIT	1638	1	1	0	0,0,0,0,0,0,0,0,0,0,0,0,0	0
3	2635	CERTIFIED_DEFICIT	1638	1	1	0	0,0,0,0,0,0,0,0,0,0,0,0,0	0
3	2636	CERTIFIED_DEFICIT	1638	1	1	0	0,0,0,0,0,0,0,0,0,0,0,0,0	0
3	2637	CERTIFIED_DEFICIT	1638	1	1	0	0,0,0,0,0,0,0,0,0,0,0,0,0	0
3	2638	CERTIFIED_DEFICIT	1638	1	1	0	0,0,0,0,0,0,0,0,0,0,0,0,0	0
3	2639	CERTIFIED_DEFICIT	1638	1	1	0	0,0,0,0,0,0,0,0,0,0,0,0,0	0
3	2640	CERTIFIED_DEFICIT	1638	1	1	0	0,0,0,0,0,0,0,0,0,0,0,0,0	0
3	2641	CERTIFIED_DEFICIT	1327	1	1	0	0,0,0,0,0,0,0,0,0,0,0,0,0	0
3	2642	CERTIFIED_DEFICIT	1638	1	1	0	0,0,0,0,0,0,0,0,0,0,0,0,0	0
3	2643	CERTIFIED_DEFICIT	1638	1	1	0	0,0,0,0,0,0,0,0,0,0,0,0,0	0
3	2644	CERTIFIED_DEFICIT	1638	1	1	0	0,0,0,0,0,0,0,0,0,0,0,0,0	0
3	2645	CERTIFIED_DEFICIT	1273	1	1	0	0,0,0,0,0,0,0,0,0,0,0,0,0	0
3	2646	CERTIFIED_DEFICIT	1638	1	1	0	0,0,0,0,0,0,0,0,0,0,0,0,0	0
3	2647	CERTIFIED_DEFICIT	1638	1	1	0	0,0,0,0,0,0,0,0,0,0,0,0,0	0
3	2648	CERTIFIED_DEFICIT	1237	1	1	0	0,0,0,0,0,0,0,0,0,0,0,0,0	0
3	2649	CERTIFIED_DEFICIT	1638	1	1	0	0,0,0,0,0,0,0,0,0,0,0,0,0	0
3	2650	CERTIFIED_DEFICIT	1638	1	1	0	0,0,0,0,0,0,0,0,0,0,0,0,0	0
3	2651	CERTIFIED_DEFICIT	1638	1	1	0	0,0,0,0,0,0,0,0,0,0,0,0,0	0
3	2652	CERTIFIED_DEFICIT	1638	1	1	0	0,0,0,0,0,0,0,0,0,0,0,0,0	0
3	2653	CERTIFIED_DEFICIT	1638	1	1	0	0,0,0,0,0,0,0,0,0,0,0,0,0	0
3	2654	CERTIFIED_DEFICIT	1638	1	1	0	0,0,0,0,0,0,0,0,0,0,0,0,0	0
3	2655	CERTIFIED_DEFICIT	1638	1	1	0	0,0,0,0,0,0,0,0,0,0,0,0,0	0
3	2656	CERTIFIED_DEFICIT	1638	1	1	0	0,0,0,0,0,0,0,0,0,0,0,0,0	0
3	2657	CERTIFIED_DEFICIT	1638	1	1	0	0,0,0,0,0,0,0,0,0,0,0,0,0	0
3	2658	CERTIFIED_DEFICIT	1638	1	1	0	0,0,0,0,0,0,0,0,0,0,0,0,0	0
3	2659	CERTIFIED_DEFICIT	1638	1	1	0	0,0,0,0,0,0,0,0,0,0,0,0,0	0
3	2660	CERTIFIED_DEFICIT	1638	1	1	0	0,0,0,0,0,0,0,0,0,0,0,0,0	0
3	2661	CERTIFIED_DEFICIT	1638	1	1	0	0,0,0,0,0,0,0,0,0,0,0,0,0	0
3	2662	CERTIFIED_DEFICIT	1638	1	1	0	0,0,0,0,0,0,0,0,0,0,0,0,0	0
3	2663	CERTIFIED_DEFICIT	1638	1	1	0	0,0,0,0,0,0,0,0,0,0,0,0,0	0
3	2664	CERTIFIED_DEFICIT	1638	1	1	0	0,0,0,0,0,0,0,0,0,0,0,0,0	0
3	2665	CERTIFIED_DEFICIT	1638	1	1	0	0,0,0,0,0,0,0,0,0,0,0,0,0	0
3	2666	CERTIFIED_DEFICIT	1638	1	1	0	0,0,0,0,0,0,0,0,0,0,0,0,0	0
3	2667	CERTIFIED_DEFICIT	1638	1	1	0	0,0,0,0,0,0,0,0,0,0,0,0,0	0
3	2668	CERTIFIED_DEFICIT	1638	1	1	0	0,0,0,0,0,0,0,0,0,0,0,0,0	0
3	2669	CERTIFIED_DEFICIT	1638	1	1	0	0,0,0,0,0,0,0,0,0,0,0,0,0	0
3	2670	CERTIFIED_DEFICIT	1638	1	1	0	0,0,0,0,0,0,0,0,0,0,0,0,0	0
3	2671	CERTIFIED_DEFICIT	1638	1	1	0	0,0,0,0,0,0,0,0,0,0,0,0,0	0
3	2672	CERTIFIED_DEFICIT	1638	1	1	0	0,0,0,0,0,0,0,0,0,0,0,0,0	0
3	2673	CERTIFIED_DEFICIT	1638	1	1	0	0,0,0,0,0,0,0,0,0,0,0,0,0	0
3	2674	CERTIFIED_DEFICIT	1638	1	1	0	0,0,0,0,0,0,0,0,0,0,0,0,0	0
3	2675	CERTIFIED_DEFICIT	1638	1	1	0	0,0,0,0,0,0,0,0,0,0,0,0,0	0
3	2676	CERTIFIED_DEFICIT	1638	1	1	0	0,0,0,0,0,0,0,0,0,0,0,0,0	0
3	2677	CERTIFIED_DEFICIT	1638	1	1	0	0,0,0,0,0,0,0,0,0,0,0,0,0	0
3	2678	CERTIFIED_DEFICIT	1638	1	1	0	0,0,0,0,0,0,0,0,0,0,0,0,0	0
3	2679	CERTIFIED_DEFICIT	1638	1	1	0	0,0,0,0,0,0,0,0,0,0,0,0,0	0
3	2680	CERTIFIED_DEFICIT	1638	1	1	0	0,0,0,0,0,0,0,0,0,0,0,0,0	0
3	2681	CERTIFIED_DEFICIT	1638	1	1	0	0,0,0,0,0,0,0,0,0,0,0,0,0	0
3	2682	CERTIFIED_DEFICIT	1638	1	1	0	0,0,0,0,0,0,0,0,0,0,0,0,0	0
3	2683	CERTIFIED_DEFICIT	1638	1	1	0	0,0,0,0,0,0,0,0,0,0,0,0,0	0
3	2684	CERTIFIED_DEFICIT	1638	1	1	0	0,0,0,0,0,0,0,0,0,0,0,0,0	0
3	2685	CERTIFIED_DEFICIT	1638	1	1	0	0,0,0,0,0,0,0,0,0,0,0,0,0	0
3	2686	CERTIFIED_DEFICIT	1638	1	1	0	0,0,0,0,0,0,0,0,0,0,0,0,0	0
3	2687	CERTIFIED_DEFICIT	1638	1	1	0	0,0,0,0,0,0,0,0,0,0,0,0,0	0
3	2688	CERTIFIED_DEFICIT	1638	1	1	0	0,0,0,0,0,0,0,0,0,0,0,0,0	0
3	2689	CERTIFIED_DEFICIT	1638	1	1	0	0,0,0,0,0,0,0,0,0,0,0,0,0	0
3	2690	CERTIFIED_DEFICIT	1638	1	1	0	0,0,0,0,0,0,0,0,0,0,0,0,0	0
3	2691	CERTIFIED_DEFICIT	1638	1	1	0	0,0,0,0,0,0,0,0,0,0,0,0,0	0
3	2692	CERTIFIED_DEFICIT	1638	1	1	0	0,0,0,0,0,0,0,0,0,0,0,0,0	0
3	2693	CERTIFIED_DEFICIT	1638	1	1	0	0,0,0,0,0,0,0,0,0,0,0,0,0	0
3	2694	CERTIFIED_DEFICIT	1638	1	1	0	0,0,0,0,0,0,0,0,0,0,0,0,0	0
3	2695	CERTIFIED_DEFICIT	1638	1	1	0	0,0,0,0,0,0,0,0,0,0,0,0,0	0
3	2696	CERTIFIED_DEFICIT	1638	1	1	0	0,0,0,0,0,0,0,0,0,0,0,0,0	0
3	2697	CERTIFIED_DEFICIT	1638	1	1	0	0,0,0,0,0,0,0,0,0,0,0,0,0	0
3	2698	CERTIFIED_DEFICIT	1638	1	1	0	0,0,0,0,0,0,0,0,0,0,0,0,0	0
3	2699	CERTIFIED_DEFICIT	1638	1	1	0	0,0,0,0,0,0,0,0,0,0,0,0,0	0
3	2700	CERTIFIED_DEFICIT	1638	1	1	0	0,0,0,0,0,0,0,0,0,0,0,0,0	0
3	2701	CERTIFIED_DEFICIT	1638	1	1	0	0,0,0,0,0,0,0,0,0,0,0,0,0	0
3	2702	CERTIFIED_DEFICIT	1638	1	1	0	0,0,0,0,0,0,0,0,0,0,0,0,0	0
3	2703	CERTIFIED_DEFICIT	1638	1	1	0	0,0,0,0,0,0,0,0,0,0,0,0,0	0
3	2704	CERTIFIED_DEFICIT	1638	1	1	0	0,0,0,0,0,0,0,0,0,0,0,0,0	0
3	2705	CERTIFIED_DEFICIT	1638	1	1	0	0,0,0,0,0,0,0,0,0,0,0,0,0	0
3	2706	CERTIFIED_DEFICIT	1638	1	1	0	0,0,0,0,0,0,0,0,0,0,0,0,0	0
3	2707	CERTIFIED_DEFICIT	1638	1	1	0	0,0,0,0,0,0,0,0,0,0,0,0,0	0
3	2708	CERTIFIED_DEFICIT	1313	1	1	0	0,0,0,0,0,0,0,0,0,0,0,0,0	0
3	2709	CERTIFIED_DEFICIT	1638	1	1	0	0,0,0,0,0,0,0,0,0,0,0,0,0	0
3	2710	CERTIFIED_DEFICIT	1638	1	1	0	0,0,0,0,0,0,0,0,0,0,0,0,0	0
3	2711	CERTIFIED_DEFICIT	1638	1	1	0	0,0,0,0,0,0,0,0,0,0,0,0,0	0
3	2712	CERTIFIED_DEFICIT	1638	1	1	0	0,0,0,0,0,0,0,0,0,0,0,0,0	0
3	2713	CERTIFIED_DEFICIT	1638	1	1	0	0,0,0,0,0,0,0,0,0,0,0,0,0	0
3	2714	CERTIFIED_DEFICIT	1638	1	1	0	0,0,0,0,0,0,0,0,0,0,0,0,0	0
3	2715	CERTIFIED_DEFICIT	1638	1	1	0	0,0,0,0,0,0,0,0,0,0,0,0,0	0
3	2716	CERTIFIED_DEFICIT	1638	1	1	0	0,0,0,0,0,0,0,0,0,0,0,0,0	0
3	2717	CERTIFIED_DEFICIT	1638	1	1	0	0,0,0,0,0,0,0,0,0,0,0,0,0	0
3	2718	CERTIFIED_DEFICIT	1638	1	1	0	0,0,0,0,0,0,0,0,0,0,0,0,0	0
3	2719	CERTIFIED_DEFICIT	1327	1	1	0	0,0,0,0,0,0,0,0,0,0,0,0,0	0
3	2720	CERTIFIED_DEFICIT	1638	1	1	0	0,0,0,0,0,0,0,0,0,0,0,0,0	0
3	2721	CERTIFIED_DEFICIT	1638	1	1	0	0,0,0,0,0,0,0,0,0,0,0,0,0	0
3	2722	CERTIFIED_DEFICIT	1638	1	1	0	0,0,0,0,0,0,0,0,0,0,0,0,0	0
3	2723	CERTIFIED_DEFICIT	1273	1	1	0	0,0,0,0,0,0,0,0,0,0,0,0,0	0
3	2724	CERTIFIED_DEFICIT	1638	1	1	0	0,0,0,0,0,0,0,0,0,0,0,0,0	0
3	2725	CERTIFIED_DEFICIT	1638	1	1	0	0,0,0,0,0,0,0,0,0,0,0,0,0	0
3	2726	CERTIFIED_DEFICIT	1237	1	1	0	0,0,0,0,0,0,0,0,0,0,0,0,0	0
3	2727	CERTIFIED_DEFICIT	1638	1	1	0	0,0,0,0,0,0,0,0,0,0,0,0,0	0
3	2728	CERTIFIED_DEFICIT	1638	1	1	0	0,0,0,0,0,0,0,0,0,0,0,0,0	0
3	2729	CERTIFIED_DEFICIT	1638	1	1	0	0,0,0,0,0,0,0,0,0,0,0,0,0	0
3	2730	CERTIFIED_DEFICIT	1638	1	1	0	0,0,0,0,0,0,0,0,0,0,0,0,0	0
3	2731	CERTIFIED_DEFICIT	1638	1	1	0	0,0,0,0,0,0,0,0,0,0,0,0,0	0
3	2732	CERTIFIED_DEFICIT	1638	1	1	0	0,0,0,0,0,0,0,0,0,0,0,0,0	0
3	2733	CERTIFIED_DEFICIT	1638	1	1	0	0,0,0,0,0,0,0,0,0,0,0,0,0	0
3	2734	CERTIFIED_DEFICIT	1638	1	1	0	0,0,0,0,0,0,0,0,0,0,0,0,0	0
3	2735	CERTIFIED_DEFICIT	1638	1	1	0	0,0,0,0,0,0,0,0,0,0,0,0,0	0
3	2736	CERTIFIED_DEFICIT	1638	1	1	0	0,0,0,0,0,0,0,0,0,0,0,0,0	0
3	2737	CERTIFIED_DEFICIT	1638	1	1	0	0,0,0,0,0,0,0,0,0,0,0,0,0	0
3	2738	CERTIFIED_DEFICIT	1638	1	1	0	0,0,0,0,0,0,0,0,0,0,0,0,0	0
3	2739	CERTIFIED_DEFICIT	1638	1	1	0	0,0,0,0,0,0,0,0,0,0,0,0,0	0
3	2740	CERTIFIED_DEFICIT	1638	1	1	0	0,0,0,0,0,0,0,0,0,0,0,0,0	0
3	2741	CERTIFIED_DEFICIT	1638	1	1	0	0,0,0,0,0,0,0,0,0,0,0,0,0	0
3	2742	CERTIFIED_DEFICIT	1638	1	1	0	0,0,0,0,0,0,0,0,0,0,0,0,0	0
3	2743	CERTIFIED_DEFICIT	1638	1	1	0	0,0,0,0,0,0,0,0,0,0,0,0,0	0
3	2744	CERTIFIED_DEFICIT	1638	1	1	0	0,0,0,0,0,0,0,0,0,0,0,0,0	0
3	2745	CERTIFIED_DEFICIT	1638	1	1	0	0,0,0,0,0,0,0,0,0,0,0,0,0	0
3	2746	CERTIFIED_DEFICIT	1638	1	1	0	0,0,0,0,0,0,0,0,0,0,0,0,0	0
3	2747	CERTIFIED_DEFICIT	1638	1	1	0	0,0,0,0,0,0,0,0,0,0,0,0,0	0
3	2748	CERTIFIED_DEFICIT	1638	1	1	0	0,0,0,0,0,0,0,0,0,0,0,0,0	0
3	2749	CERTIFIED_DEFICIT	1638	1	1	0	0,0,0,0,0,0,0,0,0,0,0,0,0	0
3	2750	CERTIFIED_DEFICIT	1638	1	1	0	0,0,0,0,0,0,0,0,0,0,0,0,0	0
3	2751	CERTIFIED_DEFICIT	1638	1	1	0	0,0,0,0,0,0,0,0,0,0,0,0,0	0
3	2752	CERTIFIED_DEFICIT	1638	1	1	0	0,0,0,0,0,0,0,0,0,0,0,0,0	0
3	2753	CERTIFIED_DEFICIT	1638	1	1	0	0,0,0,0,0,0,0,0,0,0,0,0,0	0
3	2754	CERTIFIED_DEFICIT	1638	1	1	0	0,0,0,0,0,0,0,0,0,0,0,0,0	0
3	2755	CERTIFIED_DEFICIT	1638	1	1	0	0,0,0,0,0,0,0,0,0,0,0,0,0	0
3	2756	CERTIFIED_DEFICIT	1638	1	1	0	0,0,0,0,0,0,0,0,0,0,0,0,0	0
3	2757	CERTIFIED_DEFICIT	1638	1	1	0	0,0,0,0,0,0,0,0,0,0,0,0,0	0
3	2758	CERTIFIED_DEFICIT	1638	1	1	0	0,0,0,0,0,0,0,0,0,0,0,0,0	0
3	2759	CERTIFIED_DEFICIT	1638	1	1	0	0,0,0,0,0,0,0,0,0,0,0,0,0	0
3	2760	CERTIFIED_DEFICIT	1638	1	1	0	0,0,0,0,0,0,0,0,0,0,0,0,0	0
3	2761	CERTIFIED_DEFICIT	1638	1	1	0	0,0,0,0,0,0,0,0,0,0,0,0,0	0
3	2762	CERTIFIED_DEFICIT	1638	1	1	0	0,0,0,0,0,0,0,0,0,0,0,0,0	0
3	2763	CERTIFIED_DEFICIT	1638	1	1	0	0,0,0,0,0,0,0,0,0,0,0,0,0	0
3	2764	CERTIFIED_DEFICIT	1638	1	1	0	0,0,0,0,0,0,0,0,0,0,0,0,0	0
3	2765	CERTIFIED_DEFICIT	1638	1	1	0	0,0,0,0,0,0,0,0,0,0,0,0,0	0
3	2766	CERTIFIED_DEFICIT	1638	1	1	0	0,0,0,0,0,0,0,0,0,0,0,0,0	0
3	2767	CERTIFIED_DEFICIT	1638	1	1	0	0,0,0,0,0,0,0,0,0,0,0,0,0	0
3	2768	CERTIFIED_DEFICIT	1638	1	1	0	0,0,0,0,0,0,0,0,0,0,0,0,0	0
3	2769	CERTIFIED_DEFICIT	1638	1	1	0	0,0,0,0,0,0,0,0,0,0,0,0,0	0
3	2770	CERTIFIED_DEFICIT	1638	1	1	0	0,0,0,0,0,0,0,0,0,0,0,0,0	0
3	2771	CERTIFIED_DEFICIT	1638	1	1	0	0,0,0,0,0,0,0,0,0,0,0,0,0	0
3	2772	CERTIFIED_DEFICIT	1638	1	1	0	0,0,0,0,0,0,0,0,0,0,0,0,0	0
3	2773	CERTIFIED_DEFICIT	1638	1	1	0	0,0,0,0,0,0,0,0,0,0,0,0,0	0
3	2774	CERTIFIED_DEFICIT	1638	1	1	0	0,0,0,0,0,0,0,0,0,0,0,0,0	0
3	2775	CERTIFIED_DEFICIT	1638	1	1	0	0,0,0,0,0,0,0,0,0,0,0,0,0	0
3	2776	CERTIFIED_DEFICIT	1638	1	1	0	0,0,0,0,0,0,0,0,0,0,0,0,0	0
3	2777	CERTIFIED_DEFICIT	1638	1	1	0	0,0,0,0,0,0,0,0,0,0,0,0,0	0
3	2778	CERTIFIED_DEFICIT	1638	1	1	0	0,0,0,0,0,0,0,0,0,0,0,0,0	0
3	2779	CERTIFIED_DEFICIT	1638	1	1	0	0,0,0,0,0,0,0,0,0,0,0,0,0	0
3	2780	CERTIFIED_DEFICIT	1638	1	1	0	0,0,0,0,0,0,0,0,0,0,0,0,0	0
3	2781	CERTIFIED_DEFICIT	1638	1	1	0	0,0,0,0,0,0,0,0,0,0,0,0,0	0
3	2782	CERTIFIED_DEFICIT	1638	1	1	0	0,0,0,0,0,0,0,0,0,0,0,0,0	0
3	2783	CERTIFIED_DEFICIT	1638	1	1	0	0,0,0,0,0,0,0,0,0,0,0,0,0	0
3	2784	CERTIFIED_DEFICIT	1638	1	1	0	0,0,0,0,0,0,0,0,0,0,0,0,0	0
3	2785	CERTIFIED_DEFICIT	1638	1	1	0	0,0,0,0,0,0,0,0,0,0,0,0,0	0
3	2786	CERTIFIED_DEFICIT	1313	1	1	0	0,0,0,0,0,0,0,0,0,0,0,0,0	0
3	2787	CERTIFIED_DEFICIT	1638	1	1	0	0,0,0,0,0,0,0,0,0,0,0,0,0	0
3	2788	CERTIFIED_DEFICIT	1638	1	1	0	0,0,0,0,0,0,0,0,0,0,0,0,0	0
3	2789	CERTIFIED_DEFICIT	1638	1	1	0	0,0,0,0,0,0,0,0,0,0,0,0,0	0
3	2790	CERTIFIED_DEFICIT	1638	1	1	0	0,0,0,0,0,0,0,0,0,0,0,0,0	0
3	2791	CERTIFIED_DEFICIT	1638	1	1	0	0,0,0,0,0,0,0,0,0,0,0,0,0	0
3	2792	CERTIFIED_DEFICIT	1638	1	1	0	0,0,0,0,0,0,0,0,0,0,0,0,0	0
3	2793	CERTIFIED_DEFICIT	1638	1	1	0	0,0,0,0,0,0,0,0,0,0,0,0,0	0
3	2794	CERTIFIED_DEFICIT	1638	1	1	0	0,0,0,0,0,0,0,0,0,0,0,0,0	0
3	2795	CERTIFIED_DEFICIT	1638	1	1	0	0,0,0,0,0,0,0,0,0,0,0,0,0	0
3	2796	CERTIFIED_DEFICIT	1638	1	1	0	0,0,0,0,0,0,0,0,0,0,0,0,0	0
3	2797	CERTIFIED_DEFICIT	1327	1	1	0	0,0,0,0,0,0,0,0,0,0,0,0,0	0
3	2798	CERTIFIED_DEFICIT	1638	1	1	0	0,0,0,0,0,0,0,0,0,0,0,0,0	0
3	2799	CERTIFIED_DEFICIT	1638	1	1	0	0,0,0,0,0,0,0,0,0,0,0,0,0	0
3	2800	CERTIFIED_DEFICIT	1638	1	1	0	0,0,0,0,0,0,0,0,0,0,0,0,0	0
3	2801	CERTIFIED_DEFICIT	1273	1	1	0	0,0,0,0,0,0,0,0,0,0,0,0,0	0
3	2802	CERTIFIED_DEFICIT	1638	1	1	0	0,0,0,0,0,0,0,0,0,0,0,0,0	0
3	2803	CERTIFIED_DEFICIT	1638	1	1	0	0,0,0,0,0,0,0,0,0,0,0,0,0	0
3	2804	CERTIFIED_DEFICIT	1237	1	1	0	0,0,0,0,0,0,0,0,0,0,0,0,0	0
3	2805	CERTIFIED_DEFICIT	1638	1	1	0	0,0,0,0,0,0,0,0,0,0,0,0,0	0
3	2806	CERTIFIED_DEFICIT	1638	1	1	0	0,0,0,0,0,0,0,0,0,0,0,0,0	0
3	2807	CERTIFIED_DEFICIT	1638	1	1	0	0,0,0,0,0,0,0,0,0,0,0,0,0	0
3	2808	CERTIFIED_DEFICIT	1596	1	1	0	0,0,0,0,0,0,0,0,0,0,0,0,0	0
3	2809	CERTIFIED_DEFICIT	1596	1	1	0	0,0,0,0,0,0,0,0,0,0,0,0,0	0
3	2810	CERTIFIED_DEFICIT	1596	1	1	0	0,0,0,0,0,0,0,0,0,0,0,0,0	0
3	2811	CERTIFIED_DEFICIT	1596	1	1	0	0,0,0,0,0,0,0,0,0,0,0,0,0	0
3	2812	CERTIFIED_DEFICIT	1596	1	1	0	0,0,0,0,0,0,0,0,0,0,0,0,0	0
3	2813	CERTIFIED_DEFICIT	1596	1	1	0	0,0,0,0,0,0,0,0,0,0,0,0,0	0
3	2814	CERTIFIED_DEFICIT	1596	1	1	0	0,0,0,0,0,0,0,0,0,0,0,0,0	0
3	2815	CERTIFIED_DEFICIT	1596	1	1	0	0,0,0,0,0,0,0,0,0,0,0,0,0	0
3	2816	CERTIFIED_DEFICIT	1596	1	1	0	0,0,0,0,0,0,0,0,0,0,0,0,0	0
3	2817	CERTIFIED_DEFICIT	1596	1	1	0	0,0,0,0,0,0,0,0,0,0,0,0,0	0
3	2818	CERTIFIED_DEFICIT	1596	1	1	0	0,0,0,0,0,0,0,0,0,0,0,0,0	0
3	2819	CERTIFIED_DEFICIT	1596	1	1	0	0,0,0,0,0,0,0,0,0,0,0,0,0	0
3	2820	CERTIFIED_DEFICIT	1596	1	1	0	0,0,0,0,0,0,0,0,0,0,0,0,0	0
3	2821	CERTIFIED_DEFICIT	1596	1	1	0	0,0,0,0,0,0,0,0,0,0,0,0,0	0
3	2822	CERTIFIED_DEFICIT	1596	1	1	0	0,0,0,0,0,0,0,0,0,0,0,0,0	0
3	2823	CERTIFIED_DEFICIT	1596	1	1	0	0,0,0,0,0,0,0,0,0,0,0,0,0	0
3	2824	CERTIFIED_DEFICIT	1596	1	1	0	0,0,0,0,0,0,0,0,0,0,0,0,0	0
3	2825	CERTIFIED_DEFICIT	1596	1	1	0	0,0,0,0,0,0,0,0,0,0,0,0,0	0
3	2826	CERTIFIED_DEFICIT	1596	1	1	0	0,0,0,0,0,0,0,0,0,0,0,0,0	0
3	2827	CERTIFIED_DEFICIT	1596	1	1	0	0,0,0,0,0,0,0,0,0,0,0,0,0	0
3	2828	CERTIFIED_DEFICIT	1596	1	1	0	0,0,0,0,0,0,0,0,0,0,0,0,0	0
3	2829	CERTIFIED_DEFICIT	1596	1	1	0	0,0,0,0,0,0,0,0,0,0,0,0,0	0
3	2830	CERTIFIED_DEFICIT	1596	1	1	0	0,0,0,0,0,0,0,0,0,0,0,0,0	0
3	2831	CERTIFIED_DEFICIT	1596	1	1	0	0,0,0,0,0,0,0,0,0,0,0,0,0	0
3	2832	CERTIFIED_DEFICIT	1596	1	1	0	0,0,0,0,0,0,0,0,0,0,0,0,0	0
3	2833	CERTIFIED_DEFICIT	1596	1	1	0	0,0,0,0,0,0,0,0,0,0,0,0,0	0
3	2834	CERTIFIED_DEFICIT	1596	1	1	0	0,0,0,0,0,0,0,0,0,0,0,0,0	0
3	2835	CERTIFIED_DEFICIT	1596	1	1	0	0,0,0,0,0,0,0,0,0,0,0,0,0	0
3	2836	CERTIFIED_DEFICIT	1596	1	1	0	0,0,0,0,0,0,0,0,0,0,0,0,0	0
3	2837	CERTIFIED_DEFICIT	1596	1	1	0	0,0,0,0,0,0,0,0,0,0,0,0,0	0
3	2838	CERTIFIED_DEFICIT	1596	1	1	0	0,0,0,0,0,0,0,0,0,0,0,0,0	0
3	2839	CERTIFIED_DEFICIT	1596	1	1	0	0,0,0,0,0,0,0,0,0,0,0,0,0	0
3	2840	CERTIFIED_DEFICIT	1596	1	1	0	0,0,0,0,0,0,0,0,0,0,0,0,0	0
3	2841	CERTIFIED_DEFICIT	1596	1	1	0	0,0,0,0,0,0,0,0,0,0,0,0,0	0
3	2842	CERTIFIED_DEFICIT	1596	1	1	0	0,0,0,0,0,0,0,0,0,0,0,0,0	0
3	2843	CERTIFIED_DEFICIT	1596	1	1	0	0,0,0,0,0,0,0,0,0,0,0,0,0	0
3	2844	CERTIFIED_DEFICIT	1596	1	1	0	0,0,0,0,0,0,0,0,0,0,0,0,0	0
3	2845	CERTIFIED_DEFICIT	1596	1	1	0	0,0,0,0,0,0,0,0,0,0,0,0,0	0
3	2846	CERTIFIED_DEFICIT	1596	1	1	0	0,0,0,0,0,0,0,0,0,0,0,0,0	0
3	2847	CERTIFIED_DEFICIT	1596	1	1	0	0,0,0,0,0,0,0,0,0,0,0,0,0	0
3	2848	CERTIFIED_DEFICIT	1596	1	1	0	0,0,0,0,0,0,0,0,0,0,0,0,0	0
3	2849	CERTIFIED_DEFICIT	1596	1	1	0	0,0,0,0,0,0,0,0,0,0,0,0,0	0
3	2850	CERTIFIED_DEFICIT	1596	1	1	0	0,0,0,0,0,0,0,0,0,0,0,0,0	0
3	2851	CERTIFIED_DEFICIT	1596	1	1	0	0,0,0,0,0,0,0,0,0,0,0,0,0	0
3	2852	CERTIFIED_DEFICIT	1596	1	1	0	0,0,0,0,0,0,0,0,0,0,0,0,0	0
3	2853	CERTIFIED_DEFICIT	1596	1	1	0	0,0,0,0,0,0,0,0,0,0,0,0,0	0
3	2854	CERTIFIED_DEFICIT	1596	1	1	0	0,0,0,0,0,0,0,0,0,0,0,0,0	0
3	2855	CERTIFIED_DEFICIT	1596	1	1	0	0,0,0,0,0,0,0,0,0,0,0,0,0	0
3	2856	CERTIFIED_DEFICIT	1596	1	1	0	0,0,0,0,0,0,0,0,0,0,0,0,0	0
3	2857	CERTIFIED_DEFICIT	1596	1	1	0	0,0,0,0,0,0,0,0,0,0,0,0,0	0
3	2858	CERTIFIED_DEFICIT	1596	1	1	0	0,0,0,0,0,0,0,0,0,0,0,0,0	0
3	2859	CERTIFIED_DEFICIT	1596	1	1	0	0,0,0,0,0,0,0,0,0,0,0,0,0	0
3	2860	CERTIFIED_DEFICIT	1596	1	1	0	0,0,0,0,0,0,0,0,0,0,0,0,0	0
3	2861	CERTIFIED_DEFICIT	1596	1	1	0	0,0,0,0,0,0,0,0,0,0,0,0,0	0
3	2862	CERTIFIED_DEFICIT	1596	1	1	0	0,0,0,0,0,0,0,0,0,0,0,0,0	0
3	2863	CERTIFIED_DEFICIT	1596	1	1	0	0,0,0,0,0,0,0,0,0,0,0,0,0	0
3	2864	CERTIFIED_DEFICIT	1313	1	1	0	0,0,0,0,0,0,0,0,0,0,0,0,0	0
3	2865	CERTIFIED_DEFICIT	1596	1	1	0	0,0,0,0,0,0,0,0,0,0,0,0,0	0
3	2866	CERTIFIED_DEFICIT	1596	1	1	0	0,0,0,0,0,0,0,0,0,0,0,0,0	0
3	2867	CERTIFIED_DEFICIT	1596	1	1	0	0,0,0,0,0,0,0,0,0,0,0,0,0	0
3	2868	CERTIFIED_DEFICIT	1596	1	1	0	0,0,0,0,0,0,0,0,0,0,0,0,0	0
3	2869	CERTIFIED_DEFICIT	1596	1	1	0	0,0,0,0,0,0,0,0,0,0,0,0,0	0
3	2870	CERTIFIED_DEFICIT	1596	1	1	0	0,0,0,0,0,0,0,0,0,0,0,0,0	0
3	2871	CERTIFIED_DEFICIT	1596	1	1	0	0,0,0,0,0,0,0,0,0,0,0,0,0	0
3	2872	CERTIFIED_DEFICIT	1596	1	1	0	0,0,0,0,0,0,0,0,0,0,0,0,0	0
3	2873	CERTIFIED_DEFICIT	1596	1	1	0	0,0,0,0,0,0,0,0,0,0,0,0,0	0
3	2874	CERTIFIED_DEFICIT	1596	1	1	0	0,0,0,0,0,0,0,0,0,0,0,0,0	0
3	2875	CERTIFIED_DEFICIT	1327	1	1	0	0,0,0,0,0,0,0,0,0,0,0,0,0	0
3	2876	CERTIFIED_DEFICIT	1596	1	1	0	0,0,0,0,0,0,0,0,0,0,0,0,0	0
3	2877	CERTIFIED_DEFICIT	1596	1	1	0	0,0,0,0,0,0,0,0,0,0,0,0,0	0
3	2878	CERTIFIED_DEFICIT	1596	1	1	0	0,0,0,0,0,0,0,0,0,0,0,0,0	0
3	2879	CERTIFIED_DEFICIT	1273	1	1	0	0,0,0,0,0,0,0,0,0,0,0,0,0	0
3	2880	CERTIFIED_DEFICIT	1596	1	1	0	0,0,0,0,0,0,0,0,0,0,0,0,0	0
3	2881	CERTIFIED_DEFICIT	1596	1	1	0	0,0,0,0,0,0,0,0,0,0,0,0,0	0
3	2882	CERTIFIED_DEFICIT	1237	1	1	0	0,0,0,0,0,0,0,0,0,0,0,0,0	0
3	2883	CERTIFIED_DEFICIT	1596	1	1	0	0,0,0,0,0,0,0,0,0,0,0,0,0	0
3	2884	CERTIFIED_DEFICIT	1596	1	1	0	0,0,0,0,0,0,0,0,0,0,0,0,0	0
3	2885	CERTIFIED_DEFICIT	1596	1	1	0	0,0,0,0,0,0,0,0,0,0,0,0,0	0
3	2886	CERTIFIED_DEFICIT	1596	1	1	0	0,0,0,0,0,0,0,0,0,0,0,0,0	0
3	2887	CERTIFIED_DEFICIT	1596	1	1	0	0,0,0,0,0,0,0,0,0,0,0,0,0	0
3	2888	CERTIFIED_DEFICIT	1596	1	1	0	0,0,0,0,0,0,0,0,0,0,0,0,0	0
3	2889	CERTIFIED_DEFICIT	1596	1	1	0	0,0,0,0,0,0,0,0,0,0,0,0,0	0
3	2890	CERTIFIED_DEFICIT	1596	1	1	0	0,0,0,0,0,0,0,0,0,0,0,0,0	0
3	2891	CERTIFIED_DEFICIT	1596	1	1	0	0,0,0,0,0,0,0,0,0,0,0,0,0	0
3	2892	CERTIFIED_DEFICIT	1596	1	1	0	0,0,0,0,0,0,0,0,0,0,0,0,0	0
3	2893	CERTIFIED_DEFICIT	1596	1	1	0	0,0,0,0,0,0,0,0,0,0,0,0,0	0
3	2894	CERTIFIED_DEFICIT	1596	1	1	0	0,0,0,0,0,0,0,0,0,0,0,0,0	0
3	2895	CERTIFIED_DEFICIT	1596	1	1	0	0,0,0,0,0,0,0,0,0,0,0,0,0	0
3	2896	CERTIFIED_DEFICIT	1596	1	1	0	0,0,0,0,0,0,0,0,0,0,0,0,0	0
3	2897	CERTIFIED_DEFICIT	1596	1	1	0	0,0,0,0,0,0,0,0,0,0,0,0,0	0
3	2898	CERTIFIED_DEFICIT	1596	1	1	0	0,0,0,0,0,0,0,0,0,0,0,0,0	0
3	2899	CERTIFIED_DEFICIT	1596	1	1	0	0,0,0,0,0,0,0,0,0,0,0,0,0	0
3	2900	CERTIFIED_DEFICIT	1596	1	1	0	0,0,0,0,0,0,0,0,0,0,0,0,0	0
3	2901	CERTIFIED_DEFICIT	1596	1	1	0	0,0,0,0,0,0,0,0,0,0,0,0,0	0
3	2902	CERTIFIED_DEFICIT	1596	1	1	0	0,0,0,0,0,0,0,0,0,0,0,0,0	0
3	2903	CERTIFIED_DEFICIT	1596	1	1	0	0,0,0,0,0,0,0,0,0,0,0,0,0	0
3	2904	CERTIFIED_DEFICIT	1596	1	1	0	0,0,0,0,0,0,0,0,0,0,0,0,0	0
3	2905	CERTIFIED_DEFICIT	1596	1	1	0	0,0,0,0,0,0,0,0,0,0,0,0,0	0
3	2906	CERTIFIED_DEFICIT	1596	1	1	0	0,0,0,0,0,0,0,0,0,0,0,0,0	0
3	2907	CERTIFIED_DEFICIT	1596	1	1	0	0,0,0,0,0,0,0,0,0,0,0,0,0	0
3	2908	CERTIFIED_DEFICIT	1596	1	1	0	0,0,0,0,0,0,0,0,0,0,0,0,0	0
3	2909	CERTIFIED_DEFICIT	1596	1	1	0	0,0,0,0,0,0,0,0,0,0,0,0,0	0
3	2910	CERTIFIED_DEFICIT	1596	1	1	0	0,0,0,0,0,0,0,0,0,0,0,0,0	0
3	2911	CERTIFIED_DEFICIT	1596	1	1	0	0,0,0,0,0,0,0,0,0,0,0,0,0	0
3	2912	CERTIFIED_DEFICIT	1596	1	1	0	0,0,0,0,0,0,0,0,0,0,0,0,0	0
3	2913	CERTIFIED_DEFICIT	1596	1	1	0	0,0,0,0,0,0,0,0,0,0,0,0,0	0
3	2914	CERTIFIED_DEFICIT	1596	1	1	0	0,0,0,0,0,0,0,0,0,0,0,0,0	0
3	2915	CERTIFIED_DEFICIT	1596	1	1	0	0,0,0,0,0,0,0,0,0,0,0,0,0	0
3	2916	CERTIFIED_DEFICIT	1596	1	1	0	0,0,0,0,0,0,0,0,0,0,0,0,0	0
3	2917	CERTIFIED_DEFICIT	1596	1	1	0	0,0,0,0,0,0,0,0,0,0,0,0,0	0
3	2918	CERTIFIED_DEFICIT	1596	1	1	0	0,0,0,0,0,0,0,0,0,0,0,0,0	0
3	2919	CERTIFIED_DEFICIT	1596	1	1	0	0,0,0,0,0,0,0,0,0,0,0,0,0	0
3	2920	CERTIFIED_DEFICIT	1596	1	1	0	0,0,0,0,0,0,0,0,0,0,0,0,0	0
3	2921	CERTIFIED_DEFICIT	1596	1	1	0	0,0,0,0,0,0,0,0,0,0,0,0,0	0
3	2922	CERTIFIED_DEFICIT	1596	1	1	0	0,0,0,0,0,0,0,0,0,0,0,0,0	0
3	2923	CERTIFIED_DEFICIT	1596	1	1	0	0,0,0,0,0,0,0,0,0,0,0,0,0	0
3	2924	CERTIFIED_DEFICIT	1596	1	1	0	0,0,0,0,0,0,0,0,0,0,0,0,0	0
3	2925	CERTIFIED_DEFICIT	1596	1	1	0	0,0,0,0,0,0,0,0,0,0,0,0,0	0
3	2926	CERTIFIED_DEFICIT	1596	1	1	0	0,0,0,0,0,0,0,0,0,0,0,0,0	0
3	2927	CERTIFIED_DEFICIT	1596	1	1	0	0,0,0,0,0,0,0,0,0,0,0,0,0	0
3	2928	CERTIFIED_DEFICIT	1596	1	1	0	0,0,0,0,0,0,0,0,0,0,0,0,0	0
3	2929	CERTIFIED_DEFICIT	1596	1	1	0	0,0,0,0,0,0,0,0,0,0,0,0,0	0
3	2930	CERTIFIED_DEFICIT	1596	1	1	0	0,0,0,0,0,0,0,0,0,0,0,0,0	0
3	2931	CERTIFIED_DEFICIT	1596	1	1	0	0,0,0,0,0,0,0,0,0,0,0,0,0	0
3	2932	CERTIFIED_DEFICIT	1596	1	1	0	0,0,0,0,0,0,0,0,0,0,0,0,0	0
3	2933	CERTIFIED_DEFICIT	1596	1	1	0	0,0,0,0,0,0,0,0,0,0,0,0,0	0
3	2934	CERTIFIED_DEFICIT	1596	1	1	0	0,0,0,0,0,0,0,0,0,0,0,0,0	0
3	2935	CERTIFIED_DEFICIT	1596	1	1	0	0,0,0,0,0,0,0,0,0,0,0,0,0	0
3	2936	CERTIFIED_DEFICIT	1596	1	1	0	0,0,0,0,0,0,0,0,0,0,0,0,0	0
3	2937	CERTIFIED_DEFICIT	1596	1	1	0	0,0,0,0,0,0,0,0,0,0,0,0,0	0
3	2938	CERTIFIED_DEFICIT	1596	1	1	0	0,0,0,0,0,0,0,0,0,0,0,0,0	0
3	2939	CERTIFIED_DEFICIT	1596	1	1	0	0,0,0,0,0,0,0,0,0,0,0,0,0	0
3	2940	CERTIFIED_DEFICIT	1596	1	1	0	0,0,0,0,0,0,0,0,0,0,0,0,0	0
3	2941	CERTIFIED_DEFICIT	1596	1	1	0	0,0,0,0,0,0,0,0,0,0,0,0,0	0
3	2942	CERTIFIED_DEFICIT	1313	1	1	0	0,0,0,0,0,0,0,0,0,0,0,0,0	0
3	2943	CERTIFIED_DEFICIT	1596	1	1	0	0,0,0,0,0,0,0,0,0,0,0,0,0	0
3	2944	CERTIFIED_DEFICIT	1596	1	1	0	0,0,0,0,0,0,0,0,0,0,0,0,0	0
3	2945	CERTIFIED_DEFICIT	1596	1	1	0	0,0,0,0,0,0,0,0,0,0,0,0,0	0
3	2946	CERTIFIED_DEFICIT	1596	1	1	0	0,0,0,0,0,0,0,0,0,0,0,0,0	0
3	2947	CERTIFIED_DEFICIT	1596	1	1	0	0,0,0,0,0,0,0,0,0,0,0,0,0	0
3	2948	CERTIFIED_DEFICIT	1596	1	1	0	0,0,0,0,0,0,0,0,0,0,0,0,0	0
3	2949	CERTIFIED_DEFICIT	1596	1	1	0	0,0,0,0,0,0,0,0,0,0,0,0,0	0
3	2950	CERTIFIED_DEFICIT	1596	1	1	0	0,0,0,0,0,0,0,0,0,0,0,0,0	0
3	2951	CERTIFIED_DEFICIT	1596	1	1	0	0,0,0,0,0,0,0,0,0,0,0,0,0	0
3	2952	CERTIFIED_DEFICIT	1596	1	1	0	0,0,0,0,0,0,0,0,0,0,0,0,0	0
3	2953	CERTIFIED_DEFICIT	1327	1	1	0	0,0,0,0,0,0,0,0,0,0,0,0,0	0
3	2954	CERTIFIED_DEFICIT	1596	1	1	0	0,0,0,0,0,0,0,0,0,0,0,0,0	0
3	2955	CERTIFIED_DEFICIT	1596	1	1	0	0,0,0,0,0,0,0,0,0,0,0,0,0	0
3	2956	CERTIFIED_DEFICIT	1596	1	1	0	0,0,0,0,0,0,0,0,0,0,0,0,0	0
3	2957	CERTIFIED_DEFICIT	1273	1	1	0	0,0,0,0,0,0,0,0,0,0,0,0,0	0
3	2958	CERTIFIED_DEFICIT	1596	1	1	0	0,0,0,0,0,0,0,0,0,0,0,0,0	0
3	2959	CERTIFIED_DEFICIT	1596	1	1	0	0,0,0,0,0,0,0,0,0,0,0,0,0	0
3	2960	CERTIFIED_DEFICIT	1237	1	1	0	0,0,0,0,0,0,0,0,0,0,0,0,0	0
3	2961	CERTIFIED_DEFICIT	1596	1	1	0	0,0,0,0,0,0,0,0,0,0,0,0,0	0
3	2962	CERTIFIED_DEFICIT	1596	1	1	0	0,0,0,0,0,0,0,0,0,0,0,0,0	0
3	2963	CERTIFIED_DEFICIT	1596	1	1	0	0,0,0,0,0,0,0,0,0,0,0,0,0	0
3	2964	CERTIFIED_DEFICIT	1582	1	1	0	0,0,0,0,0,0,0,0,0,0,0,0,0	0
3	2965	CERTIFIED_DEFICIT	1582	1	1	0	0,0,0,0,0,0,0,0,0,0,0,0,0	0
3	2966	CERTIFIED_DEFICIT	1582	1	1	0	0,0,0,0,0,0,0,0,0,0,0,0,0	0
3	2967	CERTIFIED_DEFICIT	1582	1	1	0	0,0,0,0,0,0,0,0,0,0,0,0,0	0
3	2968	CERTIFIED_DEFICIT	1582	1	1	0	0,0,0,0,0,0,0,0,0,0,0,0,0	0
3	2969	CERTIFIED_DEFICIT	1582	1	1	0	0,0,0,0,0,0,0,0,0,0,0,0,0	0
3	2970	CERTIFIED_DEFICIT	1582	1	1	0	0,0,0,0,0,0,0,0,0,0,0,0,0	0
3	2971	CERTIFIED_DEFICIT	1582	1	1	0	0,0,0,0,0,0,0,0,0,0,0,0,0	0
3	2972	CERTIFIED_DEFICIT	1582	1	1	0	0,0,0,0,0,0,0,0,0,0,0,0,0	0
3	2973	CERTIFIED_DEFICIT	1582	1	1	0	0,0,0,0,0,0,0,0,0,0,0,0,0	0
3	2974	CERTIFIED_DEFICIT	1582	1	1	0	0,0,0,0,0,0,0,0,0,0,0,0,0	0
3	2975	CERTIFIED_DEFICIT	1582	1	1	0	0,0,0,0,0,0,0,0,0,0,0,0,0	0
3	2976	CERTIFIED_DEFICIT	1582	1	1	0	0,0,0,0,0,0,0,0,0,0,0,0,0	0
3	2977	CERTIFIED_DEFICIT	1582	1	1	0	0,0,0,0,0,0,0,0,0,0,0,0,0	0
3	2978	CERTIFIED_DEFICIT	1582	1	1	0	0,0,0,0,0,0,0,0,0,0,0,0,0	0
3	2979	CERTIFIED_DEFICIT	1582	1	1	0	0,0,0,0,0,0,0,0,0,0,0,0,0	0
3	2980	CERTIFIED_DEFICIT	1582	1	1	0	0,0,0,0,0,0,0,0,0,0,0,0,0	0
3	2981	CERTIFIED_DEFICIT	1582	1	1	0	0,0,0,0,0,0,0,0,0,0,0,0,0	0
3	2982	CERTIFIED_DEFICIT	1582	1	1	0	0,0,0,0,0,0,0,0,0,0,0,0,0	0
3	2983	CERTIFIED_DEFICIT	1582	1	1	0	0,0,0,0,0,0,0,0,0,0,0,0,0	0
3	2984	CERTIFIED_DEFICIT	1582	1	1	0	0,0,0,0,0,0,0,0,0,0,0,0,0	0
3	2985	CERTIFIED_DEFICIT	1582	1	1	0	0,0,0,0,0,0,0,0,0,0,0,0,0	0
3	2986	CERTIFIED_DEFICIT	1582	1	1	0	0,0,0,0,0,0,0,0,0,0,0,0,0	0
3	2987	CERTIFIED_DEFICIT	1582	1	1	0	0,0,0,0,0,0,0,0,0,0,0,0,0	0
3	2988	CERTIFIED_DEFICIT	1582	1	1	0	0,0,0,0,0,0,0,0,0,0,0,0,0	0
3	2989	CERTIFIED_DEFICIT	1582	1	1	0	0,0,0,0,0,0,0,0,0,0,0,0,0	0
3	2990	CERTIFIED_DEFICIT	1582	1	1	0	0,0,0,0,0,0,0,0,0,0,0,0,0	0
3	2991	CERTIFIED_DEFICIT	1582	1	1	0	0,0,0,0,0,0,0,0,0,0,0,0,0	0
3	2992	CERTIFIED_DEFICIT	1582	1	1	0	0,0,0,0,0,0,0,0,0,0,0,0,0	0
3	2993	CERTIFIED_DEFICIT	1582	1	1	0	0,0,0,0,0,0,0,0,0,0,0,0,0	0
3	2994	CERTIFIED_DEFICIT	1582	1	1	0	0,0,0,0,0,0,0,0,0,0,0,0,0	0
3	2995	CERTIFIED_DEFICIT	1582	1	1	0	0,0,0,0,0,0,0,0,0,0,0,0,0	0
3	2996	CERTIFIED_DEFICIT	1582	1	1	0	0,0,0,0,0,0,0,0,0,0,0,0,0	0
3	2997	CERTIFIED_DEFICIT	1582	1	1	0	0,0,0,0,0,0,0,0,0,0,0,0,0	0
3	2998	CERTIFIED_DEFICIT	1582	1	1	0	0,0,0,0,0,0,0,0,0,0,0,0,0	0
3	2999	CERTIFIED_DEFICIT	1582	1	1	0	0,0,0,0,0,0,0,0,0,0,0,0,0	0
3	3000	CERTIFIED_DEFICIT	1582	1	1	0	0,0,0,0,0,0,0,0,0,0,0,0,0	0
3	3001	CERTIFIED_DEFICIT	1582	1	1	0	0,0,0,0,0,0,0,0,0,0,0,0,0	0
3	3002	CERTIFIED_DEFICIT	1582	1	1	0	0,0,0,0,0,0,0,0,0,0,0,0,0	0
3	3003	CERTIFIED_DEFICIT	1582	1	1	0	0,0,0,0,0,0,0,0,0,0,0,0,0	0
3	3004	CERTIFIED_DEFICIT	1582	1	1	0	0,0,0,0,0,0,0,0,0,0,0,0,0	0
3	3005	CERTIFIED_DEFICIT	1582	1	1	0	0,0,0,0,0,0,0,0,0,0,0,0,0	0
3	3006	CERTIFIED_DEFICIT	1582	1	1	0	0,0,0,0,0,0,0,0,0,0,0,0,0	0
3	3007	CERTIFIED_DEFICIT	1582	1	1	0	0,0,0,0,0,0,0,0,0,0,0,0,0	0
3	3008	CERTIFIED_DEFICIT	1582	1	1	0	0,0,0,0,0,0,0,0,0,0,0,0,0	0
3	3009	CERTIFIED_DEFICIT	1582	1	1	0	0,0,0,0,0,0,0,0,0,0,0,0,0	0
3	3010	CERTIFIED_DEFICIT	1582	1	1	0	0,0,0,0,0,0,0,0,0,0,0,0,0	0
3	3011	CERTIFIED_DEFICIT	1582	1	1	0	0,0,0,0,0,0,0,0,0,0,0,0,0	0
3	3012	CERTIFIED_DEFICIT	1582	1	1	0	0,0,0,0,0,0,0,0,0,0,0,0,0	0
3	3013	CERTIFIED_DEFICIT	1582	1	1	0	0,0,0,0,0,0,0,0,0,0,0,0,0	0
3	3014	CERTIFIED_DEFICIT	1582	1	1	0	0,0,0,0,0,0,0,0,0,0,0,0,0	0
3	3015	CERTIFIED_DEFICIT	1582	1	1	0	0,0,0,0,0,0,0,0,0,0,0,0,0	0
3	3016	CERTIFIED_DEFICIT	1582	1	1	0	0,0,0,0,0,0,0,0,0,0,0,0,0	0
3	3017	CERTIFIED_DEFICIT	1582	1	1	0	0,0,0,0,0,0,0,0,0,0,0,0,0	0
3	3018	CERTIFIED_DEFICIT	1582	1	1	0	0,0,0,0,0,0,0,0,0,0,0,0,0	0
3	3019	CERTIFIED_DEFICIT	1582	1	1	0	0,0,0,0,0,0,0,0,0,0,0,0,0	0
3	3020	CERTIFIED_DEFICIT	1313	1	1	0	0,0,0,0,0,0,0,0,0,0,0,0,0	0
3	3021	CERTIFIED_DEFICIT	1582	1	1	0	0,0,0,0,0,0,0,0,0,0,0,0,0	0
3	3022	CERTIFIED_DEFICIT	1582	1	1	0	0,0,0,0,0,0,0,0,0,0,0,0,0	0
3	3023	CERTIFIED_DEFICIT	1582	1	1	0	0,0,0,0,0,0,0,0,0,0,0,0,0	0
3	3024	CERTIFIED_DEFICIT	1582	1	1	0	0,0,0,0,0,0,0,0,0,0,0,0,0	0
3	3025	CERTIFIED_DEFICIT	1582	1	1	0	0,0,0,0,0,0,0,0,0,0,0,0,0	0
3	3026	CERTIFIED_DEFICIT	1582	1	1	0	0,0,0,0,0,0,0,0,0,0,0,0,0	0
3	3027	CERTIFIED_DEFICIT	1582	1	1	0	0,0,0,0,0,0,0,0,0,0,0,0,0	0
3	3028	CERTIFIED_DEFICIT	1582	1	1	0	0,0,0,0,0,0,0,0,0,0,0,0,0	0
3	3029	CERTIFIED_DEFICIT	1582	1	1	0	0,0,0,0,0,0,0,0,0,0,0,0,0	0
3	3030	CERTIFIED_DEFICIT	1582	1	1	0	0,0,0,0,0,0,0,0,0,0,0,0,0	0
3	3031	CERTIFIED_DEFICIT	1327	1	1	0	0,0,0,0,0,0,0,0,0,0,0,0,0	0
3	3032	CERTIFIED_DEFICIT	1582	1	1	0	0,0,0,0,0,0,0,0,0,0,0,0,0	0
3	3033	CERTIFIED_DEFICIT	1582	1	1	0	0,0,0,0,0,0,0,0,0,0,0,0,0	0
3	3034	CERTIFIED_DEFICIT	1582	1	1	0	0,0,0,0,0,0,0,0,0,0,0,0,0	0
3	3035	CERTIFIED_DEFICIT	1273	1	1	0	0,0,0,0,0,0,0,0,0,0,0,0,0	0
3	3036	CERTIFIED_DEFICIT	1582	1	1	0	0,0,0,0,0,0,0,0,0,0,0,0,0	0
3	3037	CERTIFIED_DEFICIT	1582	1	1	0	0,0,0,0,0,0,0,0,0,0,0,0,0	0
3	3038	CERTIFIED_DEFICIT	1237	1	1	0	0,0,0,0,0,0,0,0,0,0,0,0,0	0
3	3039	CERTIFIED_DEFICIT	1582	1	1	0	0,0,0,0,0,0,0,0,0,0,0,0,0	0
3	3040	CERTIFIED_DEFICIT	1582	1	1	0	0,0,0,0,0,0,0,0,0,0,0,0,0	0
3	3041	CERTIFIED_DEFICIT	1582	1	1	0	0,0,0,0,0,0,0,0,0,0,0,0,0	0
3	3042	CERTIFIED_DEFICIT	1428	1	1	0	0,0,0,0,0,0,0,0,0,0,0,0,0	0
3	3043	CERTIFIED_DEFICIT	1428	1	1	0	0,0,0,0,0,0,0,0,0,0,0,0,0	0
3	3044	CERTIFIED_DEFICIT	1428	1	1	0	0,0,0,0,0,0,0,0,0,0,0,0,0	0
3	3045	CERTIFIED_DEFICIT	1428	1	1	0	0,0,0,0,0,0,0,0,0,0,0,0,0	0
3	3046	CERTIFIED_DEFICIT	1428	1	1	0	0,0,0,0,0,0,0,0,0,0,0,0,0	0
3	3047	CERTIFIED_DEFICIT	1428	1	1	0	0,0,0,0,0,0,0,0,0,0,0,0,0	0
3	3048	CERTIFIED_DEFICIT	1428	1	1	0	0,0,0,0,0,0,0,0,0,0,0,0,0	0
3	3049	CERTIFIED_DEFICIT	1428	1	1	0	0,0,0,0,0,0,0,0,0,0,0,0,0	0
3	3050	CERTIFIED_DEFICIT	1428	1	1	0	0,0,0,0,0,0,0,0,0,0,0,0,0	0
3	3051	CERTIFIED_DEFICIT	1428	1	1	0	0,0,0,0,0,0,0,0,0,0,0,0,0	0
3	3052	CERTIFIED_DEFICIT	1428	1	1	0	0,0,0,0,0,0,0,0,0,0,0,0,0	0
3	3053	CERTIFIED_DEFICIT	1428	1	1	0	0,0,0,0,0,0,0,0,0,0,0,0,0	0
3	3054	CERTIFIED_DEFICIT	1428	1	1	0	0,0,0,0,0,0,0,0,0,0,0,0,0	0
3	3055	CERTIFIED_DEFICIT	1428	1	1	0	0,0,0,0,0,0,0,0,0,0,0,0,0	0
3	3056	CERTIFIED_DEFICIT	1428	1	1	0	0,0,0,0,0,0,0,0,0,0,0,0,0	0
3	3057	CERTIFIED_DEFICIT	1428	1	1	0	0,0,0,0,0,0,0,0,0,0,0,0,0	0
3	3058	CERTIFIED_DEFICIT	1428	1	1	0	0,0,0,0,0,0,0,0,0,0,0,0,0	0
3	3059	CERTIFIED_DEFICIT	1428	1	1	0	0,0,0,0,0,0,0,0,0,0,0,0,0	0
3	3060	CERTIFIED_DEFICIT	1428	1	1	0	0,0,0,0,0,0,0,0,0,0,0,0,0	0
3	3061	CERTIFIED_DEFICIT	1428	1	1	0	0,0,0,0,0,0,0,0,0,0,0,0,0	0
3	3062	CERTIFIED_DEFICIT	1428	1	1	0	0,0,0,0,0,0,0,0,0,0,0,0,0	0
3	3063	CERTIFIED_DEFICIT	1428	1	1	0	0,0,0,0,0,0,0,0,0,0,0,0,0	0
3	3064	CERTIFIED_DEFICIT	1428	1	1	0	0,0,0,0,0,0,0,0,0,0,0,0,0	0
3	3065	CERTIFIED_DEFICIT	1428	1	1	0	0,0,0,0,0,0,0,0,0,0,0,0,0	0
3	3066	CERTIFIED_DEFICIT	1428	1	1	0	0,0,0,0,0,0,0,0,0,0,0,0,0	0
3	3067	CERTIFIED_DEFICIT	1428	1	1	0	0,0,0,0,0,0,0,0,0,0,0,0,0	0
3	3068	CERTIFIED_DEFICIT	1428	1	1	0	0,0,0,0,0,0,0,0,0,0,0,0,0	0
3	3069	CERTIFIED_DEFICIT	1428	1	1	0	0,0,0,0,0,0,0,0,0,0,0,0,0	0
3	3070	CERTIFIED_DEFICIT	1428	1	1	0	0,0,0,0,0,0,0,0,0,0,0,0,0	0
3	3071	CERTIFIED_DEFICIT	1428	1	1	0	0,0,0,0,0,0,0,0,0,0,0,0,0	0
3	3072	CERTIFIED_DEFICIT	1428	1	1	0	0,0,0,0,0,0,0,0,0,0,0,0,0	0
3	3073	CERTIFIED_DEFICIT	1428	1	1	0	0,0,0,0,0,0,0,0,0,0,0,0,0	0
3	3074	CERTIFIED_DEFICIT	1428	1	1	0	0,0,0,0,0,0,0,0,0,0,0,0,0	0
3	3075	CERTIFIED_DEFICIT	1428	1	1	0	0,0,0,0,0,0,0,0,0,0,0,0,0	0
3	3076	CERTIFIED_DEFICIT	1428	1	1	0	0,0,0,0,0,0,0,0,0,0,0,0,0	0
3	3077	CERTIFIED_DEFICIT	1428	1	1	0	0,0,0,0,0,0,0,0,0,0,0,0,0	0
3	3078	CERTIFIED_DEFICIT	1428	1	1	0	0,0,0,0,0,0,0,0,0,0,0,0,0	0
3	3079	CERTIFIED_DEFICIT	1428	1	1	0	0,0,0,0,0,0,0,0,0,0,0,0,0	0
3	3080	CERTIFIED_DEFICIT	1428	1	1	0	0,0,0,0,0,0,0,0,0,0,0,0,0	0
3	3081	CERTIFIED_DEFICIT	1428	1	1	0	0,0,0,0,0,0,0,0,0,0,0,0,0	0
3	3082	CERTIFIED_DEFICIT	1428	1	1	0	0,0,0,0,0,0,0,0,0,0,0,0,0	0
3	3083	CERTIFIED_DEFICIT	1428	1	1	0	0,0,0,0,0,0,0,0,0,0,0,0,0	0
3	3084	CERTIFIED_DEFICIT	1428	1	1	0	0,0,0,0,0,0,0,0,0,0,0,0,0	0
3	3085	CERTIFIED_DEFICIT	1428	1	1	0	0,0,0,0,0,0,0,0,0,0,0,0,0	0
3	3086	CERTIFIED_DEFICIT	1428	1	1	0	0,0,0,0,0,0,0,0,0,0,0,0,0	0
3	3087	CERTIFIED_DEFICIT	1428	1	1	0	0,0,0,0,0,0,0,0,0,0,0,0,0	0
3	3088	CERTIFIED_DEFICIT	1428	1	1	0	0,0,0,0,0,0,0,0,0,0,0,0,0	0
3	3089	CERTIFIED_DEFICIT	1428	1	1	0	0,0,0,0,0,0,0,0,0,0,0,0,0	0
3	3090	CERTIFIED_DEFICIT	1428	1	1	0	0,0,0,0,0,0,0,0,0,0,0,0,0	0
3	3091	CERTIFIED_DEFICIT	1428	1	1	0	0,0,0,0,0,0,0,0,0,0,0,0,0	0
3	3092	CERTIFIED_DEFICIT	1428	1	1	0	0,0,0,0,0,0,0,0,0,0,0,0,0	0
3	3093	CERTIFIED_DEFICIT	1428	1	1	0	0,0,0,0,0,0,0,0,0,0,0,0,0	0
3	3094	CERTIFIED_DEFICIT	1428	1	1	0	0,0,0,0,0,0,0,0,0,0,0,0,0	0
3	3095	CERTIFIED_DEFICIT	1428	1	1	0	0,0,0,0,0,0,0,0,0,0,0,0,0	0
3	3096	CERTIFIED_DEFICIT	1428	1	1	0	0,0,0,0,0,0,0,0,0,0,0,0,0	0
3	3097	CERTIFIED_DEFICIT	1428	1	1	0	0,0,0,0,0,0,0,0,0,0,0,0,0	0
3	3098	CERTIFIED_DEFICIT	1313	1	1	0	0,0,0,0,0,0,0,0,0,0,0,0,0	0
3	3099	CERTIFIED_DEFICIT	1428	1	1	0	0,0,0,0,0,0,0,0,0,0,0,0,0	0
3	3100	CERTIFIED_DEFICIT	1428	1	1	0	0,0,0,0,0,0,0,0,0,0,0,0,0	0
3	3101	CERTIFIED_DEFICIT	1428	1	1	0	0,0,0,0,0,0,0,0,0,0,0,0,0	0
3	3102	CERTIFIED_DEFICIT	1428	1	1	0	0,0,0,0,0,0,0,0,0,0,0,0,0	0
3	3103	CERTIFIED_DEFICIT	1428	1	1	0	0,0,0,0,0,0,0,0,0,0,0,0,0	0
3	3104	CERTIFIED_DEFICIT	1428	1	1	0	0,0,0,0,0,0,0,0,0,0,0,0,0	0
3	3105	CERTIFIED_DEFICIT	1428	1	1	0	0,0,0,0,0,0,0,0,0,0,0,0,0	0
3	3106	CERTIFIED_DEFICIT	1428	1	1	0	0,0,0,0,0,0,0,0,0,0,0,0,0	0
3	3107	CERTIFIED_DEFICIT	1428	1	1	0	0,0,0,0,0,0,0,0,0,0,0,0,0	0
3	3108	CERTIFIED_DEFICIT	1428	1	1	0	0,0,0,0,0,0,0,0,0,0,0,0,0	0
3	3109	CERTIFIED_DEFICIT	1327	1	1	0	0,0,0,0,0,0,0,0,0,0,0,0,0	0
3	3110	CERTIFIED_DEFICIT	1428	1	1	0	0,0,0,0,0,0,0,0,0,0,0,0,0	0
3	3111	CERTIFIED_DEFICIT	1428	1	1	0	0,0,0,0,0,0,0,0,0,0,0,0,0	0
3	3112	CERTIFIED_DEFICIT	1428	1	1	0	0,0,0,0,0,0,0,0,0,0,0,0,0	0
3	3113	CERTIFIED_DEFICIT	1273	1	1	0	0,0,0,0,0,0,0,0,0,0,0,0,0	0
3	3114	CERTIFIED_DEFICIT	1428	1	1	0	0,0,0,0,0,0,0,0,0,0,0,0,0	0
3	3115	CERTIFIED_DEFICIT	1428	1	1	0	0,0,0,0,0,0,0,0,0,0,0,0,0	0
3	3116	CERTIFIED_DEFICIT	1237	1	1	0	0,0,0,0,0,0,0,0,0,0,0,0,0	0
3	3117	CERTIFIED_DEFICIT	1428	1	1	0	0,0,0,0,0,0,0,0,0,0,0,0,0	0
3	3118	CERTIFIED_DEFICIT	1428	1	1	0	0,0,0,0,0,0,0,0,0,0,0,0,0	0
3	3119	CERTIFIED_DEFICIT	1428	1	1	0	0,0,0,0,0,0,0,0,0,0,0,0,0	0
3	3120	CERTIFIED_DEFICIT	1596	1	1	0	0,0,0,0,0,0,0,0,0,0,0,0,0	0
3	3121	CERTIFIED_DEFICIT	1596	1	1	0	0,0,0,0,0,0,0,0,0,0,0,0,0	0
3	3122	CERTIFIED_DEFICIT	1596	1	1	0	0,0,0,0,0,0,0,0,0,0,0,0,0	0
3	3123	CERTIFIED_DEFICIT	1596	1	1	0	0,0,0,0,0,0,0,0,0,0,0,0,0	0
3	3124	CERTIFIED_DEFICIT	1596	1	1	0	0,0,0,0,0,0,0,0,0,0,0,0,0	0
3	3125	CERTIFIED_DEFICIT	1596	1	1	0	0,0,0,0,0,0,0,0,0,0,0,0,0	0
3	3126	CERTIFIED_DEFICIT	1596	1	1	0	0,0,0,0,0,0,0,0,0,0,0,0,0	0
3	3127	CERTIFIED_DEFICIT	1596	1	1	0	0,0,0,0,0,0,0,0,0,0,0,0,0	0
3	3128	CERTIFIED_DEFICIT	1596	1	1	0	0,0,0,0,0,0,0,0,0,0,0,0,0	0
3	3129	CERTIFIED_DEFICIT	1596	1	1	0	0,0,0,0,0,0,0,0,0,0,0,0,0	0
3	3130	CERTIFIED_DEFICIT	1596	1	1	0	0,0,0,0,0,0,0,0,0,0,0,0,0	0
3	3131	CERTIFIED_DEFICIT	1596	1	1	0	0,0,0,0,0,0,0,0,0,0,0,0,0	0
3	3132	CERTIFIED_DEFICIT	1596	1	1	0	0,0,0,0,0,0,0,0,0,0,0,0,0	0
3	3133	CERTIFIED_DEFICIT	1596	1	1	0	0,0,0,0,0,0,0,0,0,0,0,0,0	0
3	3134	CERTIFIED_DEFICIT	1596	1	1	0	0,0,0,0,0,0,0,0,0,0,0,0,0	0
3	3135	CERTIFIED_DEFICIT	1596	1	1	0	0,0,0,0,0,0,0,0,0,0,0,0,0	0
3	3136	CERTIFIED_DEFICIT	1596	1	1	0	0,0,0,0,0,0,0,0,0,0,0,0,0	0
3	3137	CERTIFIED_DEFICIT	1596	1	1	0	0,0,0,0,0,0,0,0,0,0,0,0,0	0
3	3138	CERTIFIED_DEFICIT	1596	1	1	0	0,0,0,0,0,0,0,0,0,0,0,0,0	0
3	3139	CERTIFIED_DEFICIT	1596	1	1	0	0,0,0,0,0,0,0,0,0,0,0,0,0	0
3	3140	CERTIFIED_DEFICIT	1596	1	1	0	0,0,0,0,0,0,0,0,0,0,0,0,0	0
3	3141	CERTIFIED_DEFICIT	1596	1	1	0	0,0,0,0,0,0,0,0,0,0,0,0,0	0
3	3142	CERTIFIED_DEFICIT	1596	1	1	0	0,0,0,0,0,0,0,0,0,0,0,0,0	0
3	3143	CERTIFIED_DEFICIT	1596	1	1	0	0,0,0,0,0,0,0,0,0,0,0,0,0	0
3	3144	CERTIFIED_DEFICIT	1596	1	1	0	0,0,0,0,0,0,0,0,0,0,0,0,0	0
3	3145	CERTIFIED_DEFICIT	1596	1	1	0	0,0,0,0,0,0,0,0,0,0,0,0,0	0
3	3146	CERTIFIED_DEFICIT	1596	1	1	0	0,0,0,0,0,0,0,0,0,0,0,0,0	0
3	3147	CERTIFIED_DEFICIT	1596	1	1	0	0,0,0,0,0,0,0,0,0,0,0,0,0	0
3	3148	CERTIFIED_DEFICIT	1596	1	1	0	0,0,0,0,0,0,0,0,0,0,0,0,0	0
3	3149	CERTIFIED_DEFICIT	1596	1	1	0	0,0,0,0,0,0,0,0,0,0,0,0,0	0
3	3150	CERTIFIED_DEFICIT	1596	1	1	0	0,0,0,0,0,0,0,0,0,0,0,0,0	0
3	3151	CERTIFIED_DEFICIT	1596	1	1	0	0,0,0,0,0,0,0,0,0,0,0,0,0	0
3	3152	CERTIFIED_DEFICIT	1596	1	1	0	0,0,0,0,0,0,0,0,0,0,0,0,0	0
3	3153	CERTIFIED_DEFICIT	1596	1	1	0	0,0,0,0,0,0,0,0,0,0,0,0,0	0
3	3154	CERTIFIED_DEFICIT	1596	1	1	0	0,0,0,0,0,0,0,0,0,0,0,0,0	0
3	3155	CERTIFIED_DEFICIT	1596	1	1	0	0,0,0,0,0,0,0,0,0,0,0,0,0	0
3	3156	CERTIFIED_DEFICIT	1596	1	1	0	0,0,0,0,0,0,0,0,0,0,0,0,0	0
3	3157	CERTIFIED_DEFICIT	1596	1	1	0	0,0,0,0,0,0,0,0,0,0,0,0,0	0
3	3158	CERTIFIED_DEFICIT	1596	1	1	0	0,0,0,0,0,0,0,0,0,0,0,0,0	0
3	3159	CERTIFIED_DEFICIT	1596	1	1	0	0,0,0,0,0,0,0,0,0,0,0,0,0	0
3	3160	CERTIFIED_DEFICIT	1596	1	1	0	0,0,0,0,0,0,0,0,0,0,0,0,0	0
3	3161	CERTIFIED_DEFICIT	1596	1	1	0	0,0,0,0,0,0,0,0,0,0,0,0,0	0
3	3162	CERTIFIED_DEFICIT	1596	1	1	0	0,0,0,0,0,0,0,0,0,0,0,0,0	0
3	3163	CERTIFIED_DEFICIT	1596	1	1	0	0,0,0,0,0,0,0,0,0,0,0,0,0	0
3	3164	CERTIFIED_DEFICIT	1596	1	1	0	0,0,0,0,0,0,0,0,0,0,0,0,0	0
3	3165	CERTIFIED_DEFICIT	1596	1	1	0	0,0,0,0,0,0,0,0,0,0,0,0,0	0
3	3166	CERTIFIED_DEFICIT	1596	1	1	0	0,0,0,0,0,0,0,0,0,0,0,0,0	0
3	3167	CERTIFIED_DEFICIT	1596	1	1	0	0,0,0,0,0,0,0,0,0,0,0,0,0	0
3	3168	CERTIFIED_DEFICIT	1596	1	1	0	0,0,0,0,0,0,0,0,0,0,0,0,0	0
3	3169	CERTIFIED_DEFICIT	1596	1	1	0	0,0,0,0,0,0,0,0,0,0,0,0,0	0
3	3170	CERTIFIED_DEFICIT	1596	1	1	0	0,0,0,0,0,0,0,0,0,0,0,0,0	0
3	3171	CERTIFIED_DEFICIT	1596	1	1	0	0,0,0,0,0,0,0,0,0,0,0,0,0	0
3	3172	CERTIFIED_DEFICIT	1596	1	1	0	0,0,0,0,0,0,0,0,0,0,0,0,0	0
3	3173	CERTIFIED_DEFICIT	1596	1	1	0	0,0,0,0,0,0,0,0,0,0,0,0,0	0
3	3174	CERTIFIED_DEFICIT	1596	1	1	0	0,0,0,0,0,0,0,0,0,0,0,0,0	0
3	3175	CERTIFIED_DEFICIT	1596	1	1	0	0,0,0,0,0,0,0,0,0,0,0,0,0	0
3	3176	CERTIFIED_DEFICIT	1313	1	1	0	0,0,0,0,0,0,0,0,0,0,0,0,0	0
3	3177	CERTIFIED_DEFICIT	1596	1	1	0	0,0,0,0,0,0,0,0,0,0,0,0,0	0
3	3178	CERTIFIED_DEFICIT	1596	1	1	0	0,0,0,0,0,0,0,0,0,0,0,0,0	0
3	3179	CERTIFIED_DEFICIT	1596	1	1	0	0,0,0,0,0,0,0,0,0,0,0,0,0	0
3	3180	CERTIFIED_DEFICIT	1596	1	1	0	0,0,0,0,0,0,0,0,0,0,0,0,0	0
3	3181	CERTIFIED_DEFICIT	1596	1	1	0	0,0,0,0,0,0,0,0,0,0,0,0,0	0
3	3182	CERTIFIED_DEFICIT	1596	1	1	0	0,0,0,0,0,0,0,0,0,0,0,0,0	0
3	3183	CERTIFIED_DEFICIT	1596	1	1	0	0,0,0,0,0,0,0,0,0,0,0,0,0	0
3	3184	CERTIFIED_DEFICIT	1596	1	1	0	0,0,0,0,0,0,0,0,0,0,0,0,0	0
3	3185	CERTIFIED_DEFICIT	1596	1	1	0	0,0,0,0,0,0,0,0,0,0,0,0,0	0
3	3186	CERTIFIED_DEFICIT	1596	1	1	0	0,0,0,0,0,0,0,0,0,0,0,0,0	0
3	3187	CERTIFIED_DEFICIT	1327	1	1	0	0,0,0,0,0,0,0,0,0,0,0,0,0	0
3	3188	CERTIFIED_DEFICIT	1596	1	1	0	0,0,0,0,0,0,0,0,0,0,0,0,0	0
3	3189	CERTIFIED_DEFICIT	1596	1	1	0	0,0,0,0,0,0,0,0,0,0,0,0,0	0
3	3190	CERTIFIED_DEFICIT	1596	1	1	0	0,0,0,0,0,0,0,0,0,0,0,0,0	0
3	3191	CERTIFIED_DEFICIT	1273	1	1	0	0,0,0,0,0,0,0,0,0,0,0,0,0	0
3	3192	CERTIFIED_DEFICIT	1596	1	1	0	0,0,0,0,0,0,0,0,0,0,0,0,0	0
3	3193	CERTIFIED_DEFICIT	1596	1	1	0	0,0,0,0,0,0,0,0,0,0,0,0,0	0
3	3194	CERTIFIED_DEFICIT	1237	1	1	0	0,0,0,0,0,0,0,0,0,0,0,0,0	0
3	3195	CERTIFIED_DEFICIT	1596	1	1	0	0,0,0,0,0,0,0,0,0,0,0,0,0	0
3	3196	CERTIFIED_DEFICIT	1596	1	1	0	0,0,0,0,0,0,0,0,0,0,0,0,0	0
3	3197	CERTIFIED_DEFICIT	1596	1	1	0	0,0,0,0,0,0,0,0,0,0,0,0,0	0
3	3198	CERTIFIED_DEFICIT	1302	1	1	0	0,0,0,0,0,0,0,0,0,0,0,0,0	0
3	3199	CERTIFIED_DEFICIT	1302	1	1	0	0,0,0,0,0,0,0,0,0,0,0,0,0	0
3	3200	CERTIFIED_DEFICIT	1302	1	1	0	0,0,0,0,0,0,0,0,0,0,0,0,0	0
3	3201	CERTIFIED_DEFICIT	1302	1	1	0	0,0,0,0,0,0,0,0,0,0,0,0,0	0
3	3202	CERTIFIED_DEFICIT	1302	1	1	0	0,0,0,0,0,0,0,0,0,0,0,0,0	0
3	3203	CERTIFIED_DEFICIT	1302	1	1	0	0,0,0,0,0,0,0,0,0,0,0,0,0	0
3	3204	CERTIFIED_DEFICIT	1302	1	1	0	0,0,0,0,0,0,0,0,0,0,0,0,0	0
3	3205	CERTIFIED_DEFICIT	1302	1	1	0	0,0,0,0,0,0,0,0,0,0,0,0,0	0
3	3206	CERTIFIED_DEFICIT	1302	1	1	0	0,0,0,0,0,0,0,0,0,0,0,0,0	0
3	3207	CERTIFIED_DEFICIT	1302	1	1	0	0,0,0,0,0,0,0,0,0,0,0,0,0	0
3	3208	CERTIFIED_DEFICIT	1302	1	1	0	0,0,0,0,0,0,0,0,0,0,0,0,0	0
3	3209	CERTIFIED_DEFICIT	1302	1	1	0	0,0,0,0,0,0,0,0,0,0,0,0,0	0
3	3210	CERTIFIED_DEFICIT	1302	1	1	0	0,0,0,0,0,0,0,0,0,0,0,0,0	0
3	3211	CERTIFIED_DEFICIT	1302	1	1	0	0,0,0,0,0,0,0,0,0,0,0,0,0	0
3	3212	CERTIFIED_DEFICIT	1302	1	1	0	0,0,0,0,0,0,0,0,0,0,0,0,0	0
3	3213	CERTIFIED_DEFICIT	1302	1	1	0	0,0,0,0,0,0,0,0,0,0,0,0,0	0
3	3214	CERTIFIED_DEFICIT	1302	1	1	0	0,0,0,0,0,0,0,0,0,0,0,0,0	0
3	3215	CERTIFIED_DEFICIT	1302	1	1	0	0,0,0,0,0,0,0,0,0,0,0,0,0	0
3	3216	CERTIFIED_DEFICIT	1302	1	1	0	0,0,0,0,0,0,0,0,0,0,0,0,0	0
3	3217	CERTIFIED_DEFICIT	1302	1	1	0	0,0,0,0,0,0,0,0,0,0,0,0,0	0
3	3218	CERTIFIED_DEFICIT	1302	1	1	0	0,0,0,0,0,0,0,0,0,0,0,0,0	0
3	3219	CERTIFIED_DEFICIT	1302	1	1	0	0,0,0,0,0,0,0,0,0,0,0,0,0	0
3	3220	CERTIFIED_DEFICIT	1302	1	1	0	0,0,0,0,0,0,0,0,0,0,0,0,0	0
3	3221	CERTIFIED_DEFICIT	1302	1	1	0	0,0,0,0,0,0,0,0,0,0,0,0,0	0
3	3222	CERTIFIED_DEFICIT	1302	1	1	0	0,0,0,0,0,0,0,0,0,0,0,0,0	0
3	3223	CERTIFIED_DEFICIT	1302	1	1	0	0,0,0,0,0,0,0,0,0,0,0,0,0	0
3	3224	CERTIFIED_DEFICIT	1302	1	1	0	0,0,0,0,0,0,0,0,0,0,0,0,0	0
3	3225	CERTIFIED_DEFICIT	1302	1	1	0	0,0,0,0,0,0,0,0,0,0,0,0,0	0
3	3226	CERTIFIED_DEFICIT	1302	1	1	0	0,0,0,0,0,0,0,0,0,0,0,0,0	0
3	3227	CERTIFIED_DEFICIT	1302	1	1	0	0,0,0,0,0,0,0,0,0,0,0,0,0	0
3	3228	CERTIFIED_DEFICIT	1302	1	1	0	0,0,0,0,0,0,0,0,0,0,0,0,0	0
3	3229	CERTIFIED_DEFICIT	1302	1	1	0	0,0,0,0,0,0,0,0,0,0,0,0,0	0
3	3230	CERTIFIED_DEFICIT	1302	1	1	0	0,0,0,0,0,0,0,0,0,0,0,0,0	0
3	3231	CERTIFIED_DEFICIT	1302	1	1	0	0,0,0,0,0,0,0,0,0,0,0,0,0	0
3	3232	CERTIFIED_DEFICIT	1302	1	1	0	0,0,0,0,0,0,0,0,0,0,0,0,0	0
3	3233	CERTIFIED_DEFICIT	1302	1	1	0	0,0,0,0,0,0,0,0,0,0,0,0,0	0
3	3234	CERTIFIED_DEFICIT	1302	1	1	0	0,0,0,0,0,0,0,0,0,0,0,0,0	0
3	3235	CERTIFIED_DEFICIT	1302	1	1	0	0,0,0,0,0,0,0,0,0,0,0,0,0	0
3	3236	CERTIFIED_DEFICIT	1302	1	1	0	0,0,0,0,0,0,0,0,0,0,0,0,0	0
3	3237	CERTIFIED_DEFICIT	1302	1	1	0	0,0,0,0,0,0,0,0,0,0,0,0,0	0
3	3238	CERTIFIED_DEFICIT	1302	1	1	0	0,0,0,0,0,0,0,0,0,0,0,0,0	0
3	3239	CERTIFIED_DEFICIT	1302	1	1	0	0,0,0,0,0,0,0,0,0,0,0,0,0	0
3	3240	CERTIFIED_DEFICIT	1302	1	1	0	0,0,0,0,0,0,0,0,0,0,0,0,0	0
3	3241	CERTIFIED_DEFICIT	1302	1	1	0	0,0,0,0,0,0,0,0,0,0,0,0,0	0
3	3242	CERTIFIED_DEFICIT	1302	1	1	0	0,0,0,0,0,0,0,0,0,0,0,0,0	0
3	3243	CERTIFIED_DEFICIT	1302	1	1	0	0,0,0,0,0,0,0,0,0,0,0,0,0	0
3	3244	CERTIFIED_DEFICIT	1302	1	1	0	0,0,0,0,0,0,0,0,0,0,0,0,0	0
3	3245	CERTIFIED_DEFICIT	1302	1	1	0	0,0,0,0,0,0,0,0,0,0,0,0,0	0
3	3246	CERTIFIED_DEFICIT	1302	1	1	0	0,0,0,0,0,0,0,0,0,0,0,0,0	0
3	3247	CERTIFIED_DEFICIT	1302	1	1	0	0,0,0,0,0,0,0,0,0,0,0,0,0	0
3	3248	CERTIFIED_DEFICIT	1302	1	1	0	0,0,0,0,0,0,0,0,0,0,0,0,0	0
3	3249	CERTIFIED_DEFICIT	1302	1	1	0	0,0,0,0,0,0,0,0,0,0,0,0,0	0
3	3250	CERTIFIED_DEFICIT	1302	1	1	0	0,0,0,0,0,0,0,0,0,0,0,0,0	0
3	3251	CERTIFIED_DEFICIT	1302	1	1	0	0,0,0,0,0,0,0,0,0,0,0,0,0	0
3	3252	CERTIFIED_DEFICIT	1302	1	1	0	0,0,0,0,0,0,0,0,0,0,0,0,0	0
3	3253	CERTIFIED_DEFICIT	1302	1	1	0	0,0,0,0,0,0,0,0,0,0,0,0,0	0
3	3254	CERTIFIED_DEFICIT	1206	1	1	0	0,0,0,0,0,0,0,0,0,0,0,0,0	0
3	3255	CERTIFIED_DEFICIT	1302	1	1	0	0,0,0,0,0,0,0,0,0,0,0,0,0	0
3	3256	CERTIFIED_DEFICIT	1302	1	1	0	0,0,0,0,0,0,0,0,0,0,0,0,0	0
3	3257	CERTIFIED_DEFICIT	1302	1	1	0	0,0,0,0,0,0,0,0,0,0,0,0,0	0
3	3258	CERTIFIED_DEFICIT	1302	1	1	0	0,0,0,0,0,0,0,0,0,0,0,0,0	0
3	3259	CERTIFIED_DEFICIT	1302	1	1	0	0,0,0,0,0,0,0,0,0,0,0,0,0	0
3	3260	CERTIFIED_DEFICIT	1302	1	1	0	0,0,0,0,0,0,0,0,0,0,0,0,0	0
3	3261	CERTIFIED_DEFICIT	1302	1	1	0	0,0,0,0,0,0,0,0,0,0,0,0,0	0
3	3262	CERTIFIED_DEFICIT	1302	1	1	0	0,0,0,0,0,0,0,0,0,0,0,0,0	0
3	3263	CERTIFIED_DEFICIT	1302	1	1	0	0,0,0,0,0,0,0,0,0,0,0,0,0	0
3	3264	CERTIFIED_DEFICIT	1302	1	1	0	0,0,0,0,0,0,0,0,0,0,0,0,0	0
3	3265	CERTIFIED_DEFICIT	1302	1	1	0	0,0,0,0,0,0,0,0,0,0,0,0,0	0
3	3266	CERTIFIED_DEFICIT	1302	1	1	0	0,0,0,0,0,0,0,0,0,0,0,0,0	0
3	3267	CERTIFIED_DEFICIT	1302	1	1	0	0,0,0,0,0,0,0,0,0,0,0,0,0	0
3	3268	CERTIFIED_DEFICIT	1302	1	1	0	0,0,0,0,0,0,0,0,0,0,0,0,0	0
3	3269	CERTIFIED_DEFICIT	1273	1	1	0	0,0,0,0,0,0,0,0,0,0,0,0,0	0
3	3270	CERTIFIED_DEFICIT	1302	1	1	0	0,0,0,0,0,0,0,0,0,0,0,0,0	0
3	3271	CERTIFIED_DEFICIT	1302	1	1	0	0,0,0,0,0,0,0,0,0,0,0,0,0	0
3	3272	CERTIFIED_DEFICIT	1237	1	1	0	0,0,0,0,0,0,0,0,0,0,0,0,0	0
3	3273	CERTIFIED_DEFICIT	1302	1	1	0	0,0,0,0,0,0,0,0,0,0,0,0,0	0
3	3274	CERTIFIED_DEFICIT	1302	1	1	0	0,0,0,0,0,0,0,0,0,0,0,0,0	0
3	3275	CERTIFIED_DEFICIT	1302	1	1	0	0,0,0,0,0,0,0,0,0,0,0,0,0	0
3	3276	CERTIFIED_DEFICIT	1862	1	1	0	0,0,0,0,0,0,0,0,0,0,0,0,0	0
3	3277	CERTIFIED_DEFICIT	1862	1	1	0	0,0,0,0,0,0,0,0,0,0,0,0,0	0
3	3278	CERTIFIED_DEFICIT	1862	1	1	0	0,0,0,0,0,0,0,0,0,0,0,0,0	0
3	3279	CERTIFIED_DEFICIT	1862	1	1	0	0,0,0,0,0,0,0,0,0,0,0,0,0	0
3	3280	CERTIFIED_DEFICIT	1862	1	1	0	0,0,0,0,0,0,0,0,0,0,0,0,0	0
3	3281	CERTIFIED_DEFICIT	1862	1	1	0	0,0,0,0,0,0,0,0,0,0,0,0,0	0
3	3282	CERTIFIED_DEFICIT	1862	1	1	0	0,0,0,0,0,0,0,0,0,0,0,0,0	0
3	3283	CERTIFIED_DEFICIT	1862	1	1	0	0,0,0,0,0,0,0,0,0,0,0,0,0	0
3	3284	CERTIFIED_DEFICIT	1862	1	1	0	0,0,0,0,0,0,0,0,0,0,0,0,0	0
3	3285	CERTIFIED_DEFICIT	1862	1	1	0	0,0,0,0,0,0,0,0,0,0,0,0,0	0
3	3286	CERTIFIED_DEFICIT	1862	1	1	0	0,0,0,0,0,0,0,0,0,0,0,0,0	0
3	3287	CERTIFIED_DEFICIT	1862	1	1	0	0,0,0,0,0,0,0,0,0,0,0,0,0	0
3	3288	CERTIFIED_DEFICIT	1862	1	1	0	0,0,0,0,0,0,0,0,0,0,0,0,0	0
3	3289	CERTIFIED_DEFICIT	1862	1	1	0	0,0,0,0,0,0,0,0,0,0,0,0,0	0
3	3290	CERTIFIED_DEFICIT	1862	1	1	0	0,0,0,0,0,0,0,0,0,0,0,0,0	0
3	3291	CERTIFIED_DEFICIT	1862	1	1	0	0,0,0,0,0,0,0,0,0,0,0,0,0	0
3	3292	CERTIFIED_DEFICIT	1862	1	1	0	0,0,0,0,0,0,0,0,0,0,0,0,0	0
3	3293	CERTIFIED_DEFICIT	1862	1	1	0	0,0,0,0,0,0,0,0,0,0,0,0,0	0
3	3294	CERTIFIED_DEFICIT	1862	1	1	0	0,0,0,0,0,0,0,0,0,0,0,0,0	0
3	3295	CERTIFIED_DEFICIT	1862	1	1	0	0,0,0,0,0,0,0,0,0,0,0,0,0	0
3	3296	CERTIFIED_DEFICIT	1862	1	1	0	0,0,0,0,0,0,0,0,0,0,0,0,0	0
3	3297	CERTIFIED_DEFICIT	1862	1	1	0	0,0,0,0,0,0,0,0,0,0,0,0,0	0
3	3298	CERTIFIED_DEFICIT	1862	1	1	0	0,0,0,0,0,0,0,0,0,0,0,0,0	0
3	3299	CERTIFIED_DEFICIT	1862	1	1	0	0,0,0,0,0,0,0,0,0,0,0,0,0	0
3	3300	CERTIFIED_DEFICIT	1862	1	1	0	0,0,0,0,0,0,0,0,0,0,0,0,0	0
3	3301	CERTIFIED_DEFICIT	1862	1	1	0	0,0,0,0,0,0,0,0,0,0,0,0,0	0
3	3302	CERTIFIED_DEFICIT	1862	1	1	0	0,0,0,0,0,0,0,0,0,0,0,0,0	0
3	3303	CERTIFIED_DEFICIT	1862	1	1	0	0,0,0,0,0,0,0,0,0,0,0,0,0	0
3	3304	CERTIFIED_DEFICIT	1862	1	1	0	0,0,0,0,0,0,0,0,0,0,0,0,0	0
3	3305	CERTIFIED_DEFICIT	1862	1	1	0	0,0,0,0,0,0,0,0,0,0,0,0,0	0
3	3306	CERTIFIED_DEFICIT	1862	1	1	0	0,0,0,0,0,0,0,0,0,0,0,0,0	0
3	3307	CERTIFIED_DEFICIT	1862	1	1	0	0,0,0,0,0,0,0,0,0,0,0,0,0	0
3	3308	CERTIFIED_DEFICIT	1862	1	1	0	0,0,0,0,0,0,0,0,0,0,0,0,0	0
3	3309	CERTIFIED_DEFICIT	1862	1	1	0	0,0,0,0,0,0,0,0,0,0,0,0,0	0
3	3310	CERTIFIED_DEFICIT	1862	1	1	0	0,0,0,0,0,0,0,0,0,0,0,0,0	0
3	3311	CERTIFIED_DEFICIT	1862	1	1	0	0,0,0,0,0,0,0,0,0,0,0,0,0	0
3	3312	CERTIFIED_DEFICIT	1862	1	1	0	0,0,0,0,0,0,0,0,0,0,0,0,0	0
3	3313	CERTIFIED_DEFICIT	1862	1	1	0	0,0,0,0,0,0,0,0,0,0,0,0,0	0
3	3314	CERTIFIED_DEFICIT	1862	1	1	0	0,0,0,0,0,0,0,0,0,0,0,0,0	0
3	3315	CERTIFIED_DEFICIT	1862	1	1	0	0,0,0,0,0,0,0,0,0,0,0,0,0	0
3	3316	CERTIFIED_DEFICIT	1862	1	1	0	0,0,0,0,0,0,0,0,0,0,0,0,0	0
3	3317	CERTIFIED_DEFICIT	1862	1	1	0	0,0,0,0,0,0,0,0,0,0,0,0,0	0
3	3318	CERTIFIED_DEFICIT	1862	1	1	0	0,0,0,0,0,0,0,0,0,0,0,0,0	0
3	3319	CERTIFIED_DEFICIT	1862	1	1	0	0,0,0,0,0,0,0,0,0,0,0,0,0	0
3	3320	CERTIFIED_DEFICIT	1862	1	1	0	0,0,0,0,0,0,0,0,0,0,0,0,0	0
3	3321	CERTIFIED_DEFICIT	1862	1	1	0	0,0,0,0,0,0,0,0,0,0,0,0,0	0
3	3322	CERTIFIED_DEFICIT	1862	1	1	0	0,0,0,0,0,0,0,0,0,0,0,0,0	0
3	3323	CERTIFIED_DEFICIT	1862	1	1	0	0,0,0,0,0,0,0,0,0,0,0,0,0	0
3	3324	CERTIFIED_DEFICIT	1862	1	1	0	0,0,0,0,0,0,0,0,0,0,0,0,0	0
3	3325	CERTIFIED_DEFICIT	1862	1	1	0	0,0,0,0,0,0,0,0,0,0,0,0,0	0
3	3326	CERTIFIED_DEFICIT	1862	1	1	0	0,0,0,0,0,0,0,0,0,0,0,0,0	0
3	3327	CERTIFIED_DEFICIT	1862	1	1	0	0,0,0,0,0,0,0,0,0,0,0,0,0	0
3	3328	CERTIFIED_DEFICIT	1862	1	1	0	0,0,0,0,0,0,0,0,0,0,0,0,0	0
3	3329	CERTIFIED_DEFICIT	1862	1	1	0	0,0,0,0,0,0,0,0,0,0,0,0,0	0
3	3330	CERTIFIED_DEFICIT	1862	1	1	0	0,0,0,0,0,0,0,0,0,0,0,0,0	0
3	3331	CERTIFIED_DEFICIT	1862	1	1	0	0,0,0,0,0,0,0,0,0,0,0,0,0	0
3	3332	CERTIFIED_DEFICIT	1313	1	1	0	0,0,0,0,0,0,0,0,0,0,0,0,0	0
3	3333	CERTIFIED_DEFICIT	1862	1	1	0	0,0,0,0,0,0,0,0,0,0,0,0,0	0
3	3334	CERTIFIED_DEFICIT	1862	1	1	0	0,0,0,0,0,0,0,0,0,0,0,0,0	0
3	3335	CERTIFIED_DEFICIT	1862	1	1	0	0,0,0,0,0,0,0,0,0,0,0,0,0	0
3	3336	CERTIFIED_DEFICIT	1862	1	1	0	0,0,0,0,0,0,0,0,0,0,0,0,0	0
3	3337	CERTIFIED_DEFICIT	1862	1	1	0	0,0,0,0,0,0,0,0,0,0,0,0,0	0
3	3338	CERTIFIED_DEFICIT	1862	1	1	0	0,0,0,0,0,0,0,0,0,0,0,0,0	0
3	3339	CERTIFIED_DEFICIT	1862	1	1	0	0,0,0,0,0,0,0,0,0,0,0,0,0	0
3	3340	CERTIFIED_DEFICIT	1862	1	1	0	0,0,0,0,0,0,0,0,0,0,0,0,0	0
3	3341	CERTIFIED_DEFICIT	1862	1	1	0	0,0,0,0,0,0,0,0,0,0,0,0,0	0
3	3342	CERTIFIED_DEFICIT	1862	1	1	0	0,0,0,0,0,0,0,0,0,0,0,0,0	0
3	3343	CERTIFIED_DEFICIT	1327	1	1	0	0,0,0,0,0,0,0,0,0,0,0,0,0	0
3	3344	CERTIFIED_DEFICIT	1862	1	1	0	0,0,0,0,0,0,0,0,0,0,0,0,0	0
3	3345	CERTIFIED_DEFICIT	1862	1	1	0	0,0,0,0,0,0,0,0,0,0,0,0,0	0
3	3346	CERTIFIED_DEFICIT	1862	1	1	0	0,0,0,0,0,0,0,0,0,0,0,0,0	0
3	3347	CERTIFIED_DEFICIT	1273	1	1	0	0,0,0,0,0,0,0,0,0,0,0,0,0	0
3	3348	CERTIFIED_DEFICIT	1862	1	1	0	0,0,0,0,0,0,0,0,0,0,0,0,0	0
3	3349	CERTIFIED_DEFICIT	1862	1	1	0	0,0,0,0,0,0,0,0,0,0,0,0,0	0
3	3350	CERTIFIED_DEFICIT	1237	1	1	0	0,0,0,0,0,0,0,0,0,0,0,0,0	0
3	3351	CERTIFIED_DEFICIT	1862	1	1	0	0,0,0,0,0,0,0,0,0,0,0,0,0	0
3	3352	CERTIFIED_DEFICIT	1862	1	1	0	0,0,0,0,0,0,0,0,0,0,0,0,0	0
3	3353	CERTIFIED_DEFICIT	1862	1	1	0	0,0,0,0,0,0,0,0,0,0,0,0,0	0
3	3354	CERTIFIED_DEFICIT	1862	1	1	0	0,0,0,0,0,0,0,0,0,0,0,0,0	0
3	3355	CERTIFIED_DEFICIT	1862	1	1	0	0,0,0,0,0,0,0,0,0,0,0,0,0	0
3	3356	CERTIFIED_DEFICIT	1862	1	1	0	0,0,0,0,0,0,0,0,0,0,0,0,0	0
3	3357	CERTIFIED_DEFICIT	1862	1	1	0	0,0,0,0,0,0,0,0,0,0,0,0,0	0
3	3358	CERTIFIED_DEFICIT	1862	1	1	0	0,0,0,0,0,0,0,0,0,0,0,0,0	0
3	3359	CERTIFIED_DEFICIT	1862	1	1	0	0,0,0,0,0,0,0,0,0,0,0,0,0	0
3	3360	CERTIFIED_DEFICIT	1862	1	1	0	0,0,0,0,0,0,0,0,0,0,0,0,0	0
3	3361	CERTIFIED_DEFICIT	1862	1	1	0	0,0,0,0,0,0,0,0,0,0,0,0,0	0
3	3362	CERTIFIED_DEFICIT	1862	1	1	0	0,0,0,0,0,0,0,0,0,0,0,0,0	0
3	3363	CERTIFIED_DEFICIT	1862	1	1	0	0,0,0,0,0,0,0,0,0,0,0,0,0	0
3	3364	CERTIFIED_DEFICIT	1862	1	1	0	0,0,0,0,0,0,0,0,0,0,0,0,0	0
3	3365	CERTIFIED_DEFICIT	1862	1	1	0	0,0,0,0,0,0,0,0,0,0,0,0,0	0
3	3366	CERTIFIED_DEFICIT	1862	1	1	0	0,0,0,0,0,0,0,0,0,0,0,0,0	0
3	3367	CERTIFIED_DEFICIT	1862	1	1	0	0,0,0,0,0,0,0,0,0,0,0,0,0	0
3	3368	CERTIFIED_DEFICIT	1862	1	1	0	0,0,0,0,0,0,0,0,0,0,0,0,0	0
3	3369	CERTIFIED_DEFICIT	1862	1	1	0	0,0,0,0,0,0,0,0,0,0,0,0,0	0
3	3370	CERTIFIED_DEFICIT	1862	1	1	0	0,0,0,0,0,0,0,0,0,0,0,0,0	0
3	3371	CERTIFIED_DEFICIT	1862	1	1	0	0,0,0,0,0,0,0,0,0,0,0,0,0	0
3	3372	CERTIFIED_DEFICIT	1862	1	1	0	0,0,0,0,0,0,0,0,0,0,0,0,0	0
3	3373	CERTIFIED_DEFICIT	1862	1	1	0	0,0,0,0,0,0,0,0,0,0,0,0,0	0
3	3374	CERTIFIED_DEFICIT	1862	1	1	0	0,0,0,0,0,0,0,0,0,0,0,0,0	0
3	3375	CERTIFIED_DEFICIT	1862	1	1	0	0,0,0,0,0,0,0,0,0,0,0,0,0	0
3	3376	CERTIFIED_DEFICIT	1862	1	1	0	0,0,0,0,0,0,0,0,0,0,0,0,0	0
3	3377	CERTIFIED_DEFICIT	1862	1	1	0	0,0,0,0,0,0,0,0,0,0,0,0,0	0
3	3378	CERTIFIED_DEFICIT	1862	1	1	0	0,0,0,0,0,0,0,0,0,0,0,0,0	0
3	3379	CERTIFIED_DEFICIT	1862	1	1	0	0,0,0,0,0,0,0,0,0,0,0,0,0	0
3	3380	CERTIFIED_DEFICIT	1862	1	1	0	0,0,0,0,0,0,0,0,0,0,0,0,0	0
3	3381	CERTIFIED_DEFICIT	1862	1	1	0	0,0,0,0,0,0,0,0,0,0,0,0,0	0
3	3382	CERTIFIED_DEFICIT	1862	1	1	0	0,0,0,0,0,0,0,0,0,0,0,0,0	0
3	3383	CERTIFIED_DEFICIT	1862	1	1	0	0,0,0,0,0,0,0,0,0,0,0,0,0	0
3	3384	CERTIFIED_DEFICIT	1862	1	1	0	0,0,0,0,0,0,0,0,0,0,0,0,0	0
3	3385	CERTIFIED_DEFICIT	1862	1	1	0	0,0,0,0,0,0,0,0,0,0,0,0,0	0
3	3386	CERTIFIED_DEFICIT	1862	1	1	0	0,0,0,0,0,0,0,0,0,0,0,0,0	0
3	3387	CERTIFIED_DEFICIT	1862	1	1	0	0,0,0,0,0,0,0,0,0,0,0,0,0	0
3	3388	CERTIFIED_DEFICIT	1862	1	1	0	0,0,0,0,0,0,0,0,0,0,0,0,0	0
3	3389	CERTIFIED_DEFICIT	1862	1	1	0	0,0,0,0,0,0,0,0,0,0,0,0,0	0
3	3390	CERTIFIED_DEFICIT	1862	1	1	0	0,0,0,0,0,0,0,0,0,0,0,0,0	0
3	3391	CERTIFIED_DEFICIT	1862	1	1	0	0,0,0,0,0,0,0,0,0,0,0,0,0	0
3	3392	CERTIFIED_DEFICIT	1862	1	1	0	0,0,0,0,0,0,0,0,0,0,0,0,0	0
3	3393	CERTIFIED_DEFICIT	1862	1	1	0	0,0,0,0,0,0,0,0,0,0,0,0,0	0
3	3394	CERTIFIED_DEFICIT	1862	1	1	0	0,0,0,0,0,0,0,0,0,0,0,0,0	0
3	3395	CERTIFIED_DEFICIT	1862	1	1	0	0,0,0,0,0,0,0,0,0,0,0,0,0	0
3	3396	CERTIFIED_DEFICIT	1862	1	1	0	0,0,0,0,0,0,0,0,0,0,0,0,0	0
3	3397	CERTIFIED_DEFICIT	1862	1	1	0	0,0,0,0,0,0,0,0,0,0,0,0,0	0
3	3398	CERTIFIED_DEFICIT	1862	1	1	0	0,0,0,0,0,0,0,0,0,0,0,0,0	0
3	3399	CERTIFIED_DEFICIT	1862	1	1	0	0,0,0,0,0,0,0,0,0,0,0,0,0	0
3	3400	CERTIFIED_DEFICIT	1862	1	1	0	0,0,0,0,0,0,0,0,0,0,0,0,0	0
3	3401	CERTIFIED_DEFICIT	1862	1	1	0	0,0,0,0,0,0,0,0,0,0,0,0,0	0
3	3402	CERTIFIED_DEFICIT	1862	1	1	0	0,0,0,0,0,0,0,0,0,0,0,0,0	0
3	3403	CERTIFIED_DEFICIT	1862	1	1	0	0,0,0,0,0,0,0,0,0,0,0,0,0	0
3	3404	CERTIFIED_DEFICIT	1862	1	1	0	0,0,0,0,0,0,0,0,0,0,0,0,0	0
3	3405	CERTIFIED_DEFICIT	1862	1	1	0	0,0,0,0,0,0,0,0,0,0,0,0,0	0
3	3406	CERTIFIED_DEFICIT	1862	1	1	0	0,0,0,0,0,0,0,0,0,0,0,0,0	0
3	3407	CERTIFIED_DEFICIT	1862	1	1	0	0,0,0,0,0,0,0,0,0,0,0,0,0	0
3	3408	CERTIFIED_DEFICIT	1862	1	1	0	0,0,0,0,0,0,0,0,0,0,0,0,0	0
3	3409	CERTIFIED_DEFICIT	1862	1	1	0	0,0,0,0,0,0,0,0,0,0,0,0,0	0
3	3410	CERTIFIED_DEFICIT	1313	1	1	0	0,0,0,0,0,0,0,0,0,0,0,0,0	0
3	3411	CERTIFIED_DEFICIT	1862	1	1	0	0,0,0,0,0,0,0,0,0,0,0,0,0	0
3	3412	CERTIFIED_DEFICIT	1862	1	1	0	0,0,0,0,0,0,0,0,0,0,0,0,0	0
3	3413	CERTIFIED_DEFICIT	1862	1	1	0	0,0,0,0,0,0,0,0,0,0,0,0,0	0
3	3414	CERTIFIED_DEFICIT	1862	1	1	0	0,0,0,0,0,0,0,0,0,0,0,0,0	0
3	3415	CERTIFIED_DEFICIT	1862	1	1	0	0,0,0,0,0,0,0,0,0,0,0,0,0	0
3	3416	CERTIFIED_DEFICIT	1862	1	1	0	0,0,0,0,0,0,0,0,0,0,0,0,0	0
3	3417	CERTIFIED_DEFICIT	1862	1	1	0	0,0,0,0,0,0,0,0,0,0,0,0,0	0
3	3418	CERTIFIED_DEFICIT	1862	1	1	0	0,0,0,0,0,0,0,0,0,0,0,0,0	0
3	3419	CERTIFIED_DEFICIT	1862	1	1	0	0,0,0,0,0,0,0,0,0,0,0,0,0	0
3	3420	CERTIFIED_DEFICIT	1862	1	1	0	0,0,0,0,0,0,0,0,0,0,0,0,0	0
3	3421	CERTIFIED_DEFICIT	1327	1	1	0	0,0,0,0,0,0,0,0,0,0,0,0,0	0
3	3422	CERTIFIED_DEFICIT	1862	1	1	0	0,0,0,0,0,0,0,0,0,0,0,0,0	0
3	3423	CERTIFIED_DEFICIT	1862	1	1	0	0,0,0,0,0,0,0,0,0,0,0,0,0	0
3	3424	CERTIFIED_DEFICIT	1862	1	1	0	0,0,0,0,0,0,0,0,0,0,0,0,0	0
3	3425	CERTIFIED_DEFICIT	1273	1	1	0	0,0,0,0,0,0,0,0,0,0,0,0,0	0
3	3426	CERTIFIED_DEFICIT	1862	1	1	0	0,0,0,0,0,0,0,0,0,0,0,0,0	0
3	3427	CERTIFIED_DEFICIT	1862	1	1	0	0,0,0,0,0,0,0,0,0,0,0,0,0	0
3	3428	CERTIFIED_DEFICIT	1237	1	1	0	0,0,0,0,0,0,0,0,0,0,0,0,0	0
3	3429	CERTIFIED_DEFICIT	1862	1	1	0	0,0,0,0,0,0,0,0,0,0,0,0,0	0
3	3430	CERTIFIED_DEFICIT	1862	1	1	0	0,0,0,0,0,0,0,0,0,0,0,0,0	0
3	3431	CERTIFIED_DEFICIT	1862	1	1	0	0,0,0,0,0,0,0,0,0,0,0,0,0	0
3	3432	CERTIFIED_DEFICIT	1862	1	1	0	0,0,0,0,0,0,0,0,0,0,0,0,0	0
3	3433	CERTIFIED_DEFICIT	1862	1	1	0	0,0,0,0,0,0,0,0,0,0,0,0,0	0
3	3434	CERTIFIED_DEFICIT	1862	1	1	0	0,0,0,0,0,0,0,0,0,0,0,0,0	0
3	3435	CERTIFIED_DEFICIT	1862	1	1	0	0,0,0,0,0,0,0,0,0,0,0,0,0	0
3	3436	CERTIFIED_DEFICIT	1862	1	1	0	0,0,0,0,0,0,0,0,0,0,0,0,0	0
3	3437	CERTIFIED_DEFICIT	1862	1	1	0	0,0,0,0,0,0,0,0,0,0,0,0,0	0
3	3438	CERTIFIED_DEFICIT	1862	1	1	0	0,0,0,0,0,0,0,0,0,0,0,0,0	0
3	3439	CERTIFIED_DEFICIT	1862	1	1	0	0,0,0,0,0,0,0,0,0,0,0,0,0	0
3	3440	CERTIFIED_DEFICIT	1862	1	1	0	0,0,0,0,0,0,0,0,0,0,0,0,0	0
3	3441	CERTIFIED_DEFICIT	1862	1	1	0	0,0,0,0,0,0,0,0,0,0,0,0,0	0
3	3442	CERTIFIED_DEFICIT	1862	1	1	0	0,0,0,0,0,0,0,0,0,0,0,0,0	0
3	3443	CERTIFIED_DEFICIT	1862	1	1	0	0,0,0,0,0,0,0,0,0,0,0,0,0	0
3	3444	CERTIFIED_DEFICIT	1862	1	1	0	0,0,0,0,0,0,0,0,0,0,0,0,0	0
3	3445	CERTIFIED_DEFICIT	1862	1	1	0	0,0,0,0,0,0,0,0,0,0,0,0,0	0
3	3446	CERTIFIED_DEFICIT	1862	1	1	0	0,0,0,0,0,0,0,0,0,0,0,0,0	0
3	3447	CERTIFIED_DEFICIT	1862	1	1	0	0,0,0,0,0,0,0,0,0,0,0,0,0	0
3	3448	CERTIFIED_DEFICIT	1862	1	1	0	0,0,0,0,0,0,0,0,0,0,0,0,0	0
3	3449	CERTIFIED_DEFICIT	1862	1	1	0	0,0,0,0,0,0,0,0,0,0,0,0,0	0
3	3450	CERTIFIED_DEFICIT	1862	1	1	0	0,0,0,0,0,0,0,0,0,0,0,0,0	0
3	3451	CERTIFIED_DEFICIT	1862	1	1	0	0,0,0,0,0,0,0,0,0,0,0,0,0	0
3	3452	CERTIFIED_DEFICIT	1862	1	1	0	0,0,0,0,0,0,0,0,0,0,0,0,0	0
3	3453	CERTIFIED_DEFICIT	1862	1	1	0	0,0,0,0,0,0,0,0,0,0,0,0,0	0
3	3454	CERTIFIED_DEFICIT	1862	1	1	0	0,0,0,0,0,0,0,0,0,0,0,0,0	0
3	3455	CERTIFIED_DEFICIT	1862	1	1	0	0,0,0,0,0,0,0,0,0,0,0,0,0	0
3	3456	CERTIFIED_DEFICIT	1862	1	1	0	0,0,0,0,0,0,0,0,0,0,0,0,0	0
3	3457	CERTIFIED_DEFICIT	1862	1	1	0	0,0,0,0,0,0,0,0,0,0,0,0,0	0
3	3458	CERTIFIED_DEFICIT	1862	1	1	0	0,0,0,0,0,0,0,0,0,0,0,0,0	0
3	3459	CERTIFIED_DEFICIT	1862	1	1	0	0,0,0,0,0,0,0,0,0,0,0,0,0	0
3	3460	CERTIFIED_DEFICIT	1862	1	1	0	0,0,0,0,0,0,0,0,0,0,0,0,0	0
3	3461	CERTIFIED_DEFICIT	1862	1	1	0	0,0,0,0,0,0,0,0,0,0,0,0,0	0
3	3462	CERTIFIED_DEFICIT	1862	1	1	0	0,0,0,0,0,0,0,0,0,0,0,0,0	0
3	3463	CERTIFIED_DEFICIT	1862	1	1	0	0,0,0,0,0,0,0,0,0,0,0,0,0	0
3	3464	CERTIFIED_DEFICIT	1862	1	1	0	0,0,0,0,0,0,0,0,0,0,0,0,0	0
3	3465	CERTIFIED_DEFICIT	1862	1	1	0	0,0,0,0,0,0,0,0,0,0,0,0,0	0
3	3466	CERTIFIED_DEFICIT	1862	1	1	0	0,0,0,0,0,0,0,0,0,0,0,0,0	0
3	3467	CERTIFIED_DEFICIT	1862	1	1	0	0,0,0,0,0,0,0,0,0,0,0,0,0	0
3	3468	CERTIFIED_DEFICIT	1862	1	1	0	0,0,0,0,0,0,0,0,0,0,0,0,0	0
3	3469	CERTIFIED_DEFICIT	1862	1	1	0	0,0,0,0,0,0,0,0,0,0,0,0,0	0
3	3470	CERTIFIED_DEFICIT	1862	1	1	0	0,0,0,0,0,0,0,0,0,0,0,0,0	0
3	3471	CERTIFIED_DEFICIT	1862	1	1	0	0,0,0,0,0,0,0,0,0,0,0,0,0	0
3	3472	CERTIFIED_DEFICIT	1862	1	1	0	0,0,0,0,0,0,0,0,0,0,0,0,0	0
3	3473	CERTIFIED_DEFICIT	1862	1	1	0	0,0,0,0,0,0,0,0,0,0,0,0,0	0
3	3474	CERTIFIED_DEFICIT	1862	1	1	0	0,0,0,0,0,0,0,0,0,0,0,0,0	0
3	3475	CERTIFIED_DEFICIT	1862	1	1	0	0,0,0,0,0,0,0,0,0,0,0,0,0	0
3	3476	CERTIFIED_DEFICIT	1862	1	1	0	0,0,0,0,0,0,0,0,0,0,0,0,0	0
3	3477	CERTIFIED_DEFICIT	1862	1	1	0	0,0,0,0,0,0,0,0,0,0,0,0,0	0
3	3478	CERTIFIED_DEFICIT	1862	1	1	0	0,0,0,0,0,0,0,0,0,0,0,0,0	0
3	3479	CERTIFIED_DEFICIT	1862	1	1	0	0,0,0,0,0,0,0,0,0,0,0,0,0	0
3	3480	CERTIFIED_DEFICIT	1862	1	1	0	0,0,0,0,0,0,0,0,0,0,0,0,0	0
3	3481	CERTIFIED_DEFICIT	1862	1	1	0	0,0,0,0,0,0,0,0,0,0,0,0,0	0
3	3482	CERTIFIED_DEFICIT	1862	1	1	0	0,0,0,0,0,0,0,0,0,0,0,0,0	0
3	3483	CERTIFIED_DEFICIT	1862	1	1	0	0,0,0,0,0,0,0,0,0,0,0,0,0	0
3	3484	CERTIFIED_DEFICIT	1862	1	1	0	0,0,0,0,0,0,0,0,0,0,0,0,0	0
3	3485	CERTIFIED_DEFICIT	1862	1	1	0	0,0,0,0,0,0,0,0,0,0,0,0,0	0
3	3486	CERTIFIED_DEFICIT	1862	1	1	0	0,0,0,0,0,0,0,0,0,0,0,0,0	0
3	3487	CERTIFIED_DEFICIT	1862	1	1	0	0,0,0,0,0,0,0,0,0,0,0,0,0	0
3	3488	CERTIFIED_DEFICIT	1313	1	1	0	0,0,0,0,0,0,0,0,0,0,0,0,0	0
3	3489	CERTIFIED_DEFICIT	1862	1	1	0	0,0,0,0,0,0,0,0,0,0,0,0,0	0
3	3490	CERTIFIED_DEFICIT	1862	1	1	0	0,0,0,0,0,0,0,0,0,0,0,0,0	0
3	3491	CERTIFIED_DEFICIT	1862	1	1	0	0,0,0,0,0,0,0,0,0,0,0,0,0	0
3	3492	CERTIFIED_DEFICIT	1862	1	1	0	0,0,0,0,0,0,0,0,0,0,0,0,0	0
3	3493	CERTIFIED_DEFICIT	1862	1	1	0	0,0,0,0,0,0,0,0,0,0,0,0,0	0
3	3494	CERTIFIED_DEFICIT	1862	1	1	0	0,0,0,0,0,0,0,0,0,0,0,0,0	0
3	3495	CERTIFIED_DEFICIT	1862	1	1	0	0,0,0,0,0,0,0,0,0,0,0,0,0	0
3	3496	CERTIFIED_DEFICIT	1862	1	1	0	0,0,0,0,0,0,0,0,0,0,0,0,0	0
3	3497	CERTIFIED_DEFICIT	1862	1	1	0	0,0,0,0,0,0,0,0,0,0,0,0,0	0
3	3498	CERTIFIED_DEFICIT	1862	1	1	0	0,0,0,0,0,0,0,0,0,0,0,0,0	0
3	3499	CERTIFIED_DEFICIT	1327	1	1	0	0,0,0,0,0,0,0,0,0,0,0,0,0	0
3	3500	CERTIFIED_DEFICIT	1862	1	1	0	0,0,0,0,0,0,0,0,0,0,0,0,0	0
3	3501	CERTIFIED_DEFICIT	1862	1	1	0	0,0,0,0,0,0,0,0,0,0,0,0,0	0
3	3502	CERTIFIED_DEFICIT	1862	1	1	0	0,0,0,0,0,0,0,0,0,0,0,0,0	0
3	3503	CERTIFIED_DEFICIT	1273	1	1	0	0,0,0,0,0,0,0,0,0,0,0,0,0	0
3	3504	CERTIFIED_DEFICIT	1862	1	1	0	0,0,0,0,0,0,0,0,0,0,0,0,0	0
3	3505	CERTIFIED_DEFICIT	1862	1	1	0	0,0,0,0,0,0,0,0,0,0,0,0,0	0
3	3506	CERTIFIED_DEFICIT	1237	1	1	0	0,0,0,0,0,0,0,0,0,0,0,0,0	0
3	3507	CERTIFIED_DEFICIT	1862	1	1	0	0,0,0,0,0,0,0,0,0,0,0,0,0	0
3	3508	CERTIFIED_DEFICIT	1862	1	1	0	0,0,0,0,0,0,0,0,0,0,0,0,0	0
3	3509	CERTIFIED_DEFICIT	1862	1	1	0	0,0,0,0,0,0,0,0,0,0,0,0,0	0
3	3510	CERTIFIED_DEFICIT	1862	1	1	0	0,0,0,0,0,0,0,0,0,0,0,0,0	0
3	3511	CERTIFIED_DEFICIT	1862	1	1	0	0,0,0,0,0,0,0,0,0,0,0,0,0	0
3	3512	CERTIFIED_DEFICIT	1862	1	1	0	0,0,0,0,0,0,0,0,0,0,0,0,0	0
3	3513	CERTIFIED_DEFICIT	1862	1	1	0	0,0,0,0,0,0,0,0,0,0,0,0,0	0
3	3514	CERTIFIED_DEFICIT	1862	1	1	0	0,0,0,0,0,0,0,0,0,0,0,0,0	0
3	3515	CERTIFIED_DEFICIT	1862	1	1	0	0,0,0,0,0,0,0,0,0,0,0,0,0	0
3	3516	CERTIFIED_DEFICIT	1862	1	1	0	0,0,0,0,0,0,0,0,0,0,0,0,0	0
3	3517	CERTIFIED_DEFICIT	1862	1	1	0	0,0,0,0,0,0,0,0,0,0,0,0,0	0
3	3518	CERTIFIED_DEFICIT	1862	1	1	0	0,0,0,0,0,0,0,0,0,0,0,0,0	0
3	3519	CERTIFIED_DEFICIT	1862	1	1	0	0,0,0,0,0,0,0,0,0,0,0,0,0	0
3	3520	CERTIFIED_DEFICIT	1862	1	1	0	0,0,0,0,0,0,0,0,0,0,0,0,0	0
3	3521	CERTIFIED_DEFICIT	1862	1	1	0	0,0,0,0,0,0,0,0,0,0,0,0,0	0
3	3522	CERTIFIED_DEFICIT	1862	1	1	0	0,0,0,0,0,0,0,0,0,0,0,0,0	0
3	3523	CERTIFIED_DEFICIT	1862	1	1	0	0,0,0,0,0,0,0,0,0,0,0,0,0	0
3	3524	CERTIFIED_DEFICIT	1862	1	1	0	0,0,0,0,0,0,0,0,0,0,0,0,0	0
3	3525	CERTIFIED_DEFICIT	1862	1	1	0	0,0,0,0,0,0,0,0,0,0,0,0,0	0
3	3526	CERTIFIED_DEFICIT	1862	1	1	0	0,0,0,0,0,0,0,0,0,0,0,0,0	0
3	3527	CERTIFIED_DEFICIT	1862	1	1	0	0,0,0,0,0,0,0,0,0,0,0,0,0	0
3	3528	CERTIFIED_DEFICIT	1862	1	1	0	0,0,0,0,0,0,0,0,0,0,0,0,0	0
3	3529	CERTIFIED_DEFICIT	1862	1	1	0	0,0,0,0,0,0,0,0,0,0,0,0,0	0
3	3530	CERTIFIED_DEFICIT	1862	1	1	0	0,0,0,0,0,0,0,0,0,0,0,0,0	0
3	3531	CERTIFIED_DEFICIT	1862	1	1	0	0,0,0,0,0,0,0,0,0,0,0,0,0	0
3	3532	CERTIFIED_DEFICIT	1862	1	1	0	0,0,0,0,0,0,0,0,0,0,0,0,0	0
3	3533	CERTIFIED_DEFICIT	1862	1	1	0	0,0,0,0,0,0,0,0,0,0,0,0,0	0
3	3534	CERTIFIED_DEFICIT	1862	1	1	0	0,0,0,0,0,0,0,0,0,0,0,0,0	0
3	3535	CERTIFIED_DEFICIT	1862	1	1	0	0,0,0,0,0,0,0,0,0,0,0,0,0	0
3	3536	CERTIFIED_DEFICIT	1862	1	1	0	0,0,0,0,0,0,0,0,0,0,0,0,0	0
3	3537	CERTIFIED_DEFICIT	1862	1	1	0	0,0,0,0,0,0,0,0,0,0,0,0,0	0
3	3538	CERTIFIED_DEFICIT	1862	1	1	0	0,0,0,0,0,0,0,0,0,0,0,0,0	0
3	3539	CERTIFIED_DEFICIT	1862	1	1	0	0,0,0,0,0,0,0,0,0,0,0,0,0	0
3	3540	CERTIFIED_DEFICIT	1862	1	1	0	0,0,0,0,0,0,0,0,0,0,0,0,0	0
3	3541	CERTIFIED_DEFICIT	1862	1	1	0	0,0,0,0,0,0,0,0,0,0,0,0,0	0
3	3542	CERTIFIED_DEFICIT	1862	1	1	0	0,0,0,0,0,0,0,0,0,0,0,0,0	0
3	3543	CERTIFIED_DEFICIT	1862	1	1	0	0,0,0,0,0,0,0,0,0,0,0,0,0	0
3	3544	CERTIFIED_DEFICIT	1862	1	1	0	0,0,0,0,0,0,0,0,0,0,0,0,0	0
3	3545	CERTIFIED_DEFICIT	1862	1	1	0	0,0,0,0,0,0,0,0,0,0,0,0,0	0
3	3546	CERTIFIED_DEFICIT	1862	1	1	0	0,0,0,0,0,0,0,0,0,0,0,0,0	0
3	3547	CERTIFIED_DEFICIT	1862	1	1	0	0,0,0,0,0,0,0,0,0,0,0,0,0	0
3	3548	CERTIFIED_DEFICIT	1862	1	1	0	0,0,0,0,0,0,0,0,0,0,0,0,0	0
3	3549	CERTIFIED_DEFICIT	1862	1	1	0	0,0,0,0,0,0,0,0,0,0,0,0,0	0
3	3550	CERTIFIED_DEFICIT	1862	1	1	0	0,0,0,0,0,0,0,0,0,0,0,0,0	0
3	3551	CERTIFIED_DEFICIT	1862	1	1	0	0,0,0,0,0,0,0,0,0,0,0,0,0	0
3	3552	CERTIFIED_DEFICIT	1862	1	1	0	0,0,0,0,0,0,0,0,0,0,0,0,0	0
3	3553	CERTIFIED_DEFICIT	1862	1	1	0	0,0,0,0,0,0,0,0,0,0,0,0,0	0
3	3554	CERTIFIED_DEFICIT	1862	1	1	0	0,0,0,0,0,0,0,0,0,0,0,0,0	0
3	3555	CERTIFIED_DEFICIT	1862	1	1	0	0,0,0,0,0,0,0,0,0,0,0,0,0	0
3	3556	CERTIFIED_DEFICIT	1862	1	1	0	0,0,0,0,0,0,0,0,0,0,0,0,0	0
3	3557	CERTIFIED_DEFICIT	1862	1	1	0	0,0,0,0,0,0,0,0,0,0,0,0,0	0
3	3558	CERTIFIED_DEFICIT	1862	1	1	0	0,0,0,0,0,0,0,0,0,0,0,0,0	0
3	3559	CERTIFIED_DEFICIT	1862	1	1	0	0,0,0,0,0,0,0,0,0,0,0,0,0	0
3	3560	CERTIFIED_DEFICIT	1862	1	1	0	0,0,0,0,0,0,0,0,0,0,0,0,0	0
3	3561	CERTIFIED_DEFICIT	1862	1	1	0	0,0,0,0,0,0,0,0,0,0,0,0,0	0
3	3562	CERTIFIED_DEFICIT	1862	1	1	0	0,0,0,0,0,0,0,0,0,0,0,0,0	0
3	3563	CERTIFIED_DEFICIT	1862	1	1	0	0,0,0,0,0,0,0,0,0,0,0,0,0	0
3	3564	CERTIFIED_DEFICIT	1862	1	1	0	0,0,0,0,0,0,0,0,0,0,0,0,0	0
3	3565	CERTIFIED_DEFICIT	1862	1	1	0	0,0,0,0,0,0,0,0,0,0,0,0,0	0
3	3566	CERTIFIED_DEFICIT	1313	1	1	0	0,0,0,0,0,0,0,0,0,0,0,0,0	0
3	3567	CERTIFIED_DEFICIT	1862	1	1	0	0,0,0,0,0,0,0,0,0,0,0,0,0	0
3	3568	CERTIFIED_DEFICIT	1862	1	1	0	0,0,0,0,0,0,0,0,0,0,0,0,0	0
3	3569	CERTIFIED_DEFICIT	1862	1	1	0	0,0,0,0,0,0,0,0,0,0,0,0,0	0
3	3570	CERTIFIED_DEFICIT	1862	1	1	0	0,0,0,0,0,0,0,0,0,0,0,0,0	0
3	3571	CERTIFIED_DEFICIT	1862	1	1	0	0,0,0,0,0,0,0,0,0,0,0,0,0	0
3	3572	CERTIFIED_DEFICIT	1862	1	1	0	0,0,0,0,0,0,0,0,0,0,0,0,0	0
3	3573	CERTIFIED_DEFICIT	1862	1	1	0	0,0,0,0,0,0,0,0,0,0,0,0,0	0
3	3574	CERTIFIED_DEFICIT	1862	1	1	0	0,0,0,0,0,0,0,0,0,0,0,0,0	0
3	3575	CERTIFIED_DEFICIT	1862	1	1	0	0,0,0,0,0,0,0,0,0,0,0,0,0	0
3	3576	CERTIFIED_DEFICIT	1862	1	1	0	0,0,0,0,0,0,0,0,0,0,0,0,0	0
3	3577	CERTIFIED_DEFICIT	1327	1	1	0	0,0,0,0,0,0,0,0,0,0,0,0,0	0
3	3578	CERTIFIED_DEFICIT	1862	1	1	0	0,0,0,0,0,0,0,0,0,0,0,0,0	0
3	3579	CERTIFIED_DEFICIT	1862	1	1	0	0,0,0,0,0,0,0,0,0,0,0,0,0	0
3	3580	CERTIFIED_DEFICIT	1862	1	1	0	0,0,0,0,0,0,0,0,0,0,0,0,0	0
3	3581	CERTIFIED_DEFICIT	1273	1	1	0	0,0,0,0,0,0,0,0,0,0,0,0,0	0
3	3582	CERTIFIED_DEFICIT	1862	1	1	0	0,0,0,0,0,0,0,0,0,0,0,0,0	0
3	3583	CERTIFIED_DEFICIT	1862	1	1	0	0,0,0,0,0,0,0,0,0,0,0,0,0	0
3	3584	CERTIFIED_DEFICIT	1237	1	1	0	0,0,0,0,0,0,0,0,0,0,0,0,0	0
3	3585	CERTIFIED_DEFICIT	1862	1	1	0	0,0,0,0,0,0,0,0,0,0,0,0,0	0
3	3586	CERTIFIED_DEFICIT	1862	1	1	0	0,0,0,0,0,0,0,0,0,0,0,0,0	0
3	3587	CERTIFIED_DEFICIT	1862	1	1	0	0,0,0,0,0,0,0,0,0,0,0,0,0	0
3	3588	CERTIFIED_DEFICIT	1848	1	1	0	0,0,0,0,0,0,0,0,0,0,0,0,0	0
3	3589	CERTIFIED_DEFICIT	1848	1	1	0	0,0,0,0,0,0,0,0,0,0,0,0,0	0
3	3590	CERTIFIED_DEFICIT	1848	1	1	0	0,0,0,0,0,0,0,0,0,0,0,0,0	0
3	3591	CERTIFIED_DEFICIT	1848	1	1	0	0,0,0,0,0,0,0,0,0,0,0,0,0	0
3	3592	CERTIFIED_DEFICIT	1848	1	1	0	0,0,0,0,0,0,0,0,0,0,0,0,0	0
3	3593	CERTIFIED_DEFICIT	1848	1	1	0	0,0,0,0,0,0,0,0,0,0,0,0,0	0
3	3594	CERTIFIED_DEFICIT	1848	1	1	0	0,0,0,0,0,0,0,0,0,0,0,0,0	0
3	3595	CERTIFIED_DEFICIT	1848	1	1	0	0,0,0,0,0,0,0,0,0,0,0,0,0	0
3	3596	CERTIFIED_DEFICIT	1848	1	1	0	0,0,0,0,0,0,0,0,0,0,0,0,0	0
3	3597	CERTIFIED_DEFICIT	1848	1	1	0	0,0,0,0,0,0,0,0,0,0,0,0,0	0
3	3598	CERTIFIED_DEFICIT	1848	1	1	0	0,0,0,0,0,0,0,0,0,0,0,0,0	0
3	3599	CERTIFIED_DEFICIT	1848	1	1	0	0,0,0,0,0,0,0,0,0,0,0,0,0	0
3	3600	CERTIFIED_DEFICIT	1848	1	1	0	0,0,0,0,0,0,0,0,0,0,0,0,0	0
3	3601	CERTIFIED_DEFICIT	1848	1	1	0	0,0,0,0,0,0,0,0,0,0,0,0,0	0
3	3602	CERTIFIED_DEFICIT	1848	1	1	0	0,0,0,0,0,0,0,0,0,0,0,0,0	0
3	3603	CERTIFIED_DEFICIT	1848	1	1	0	0,0,0,0,0,0,0,0,0,0,0,0,0	0
3	3604	CERTIFIED_DEFICIT	1848	1	1	0	0,0,0,0,0,0,0,0,0,0,0,0,0	0
3	3605	CERTIFIED_DEFICIT	1848	1	1	0	0,0,0,0,0,0,0,0,0,0,0,0,0	0
3	3606	CERTIFIED_DEFICIT	1848	1	1	0	0,0,0,0,0,0,0,0,0,0,0,0,0	0
3	3607	CERTIFIED_DEFICIT	1848	1	1	0	0,0,0,0,0,0,0,0,0,0,0,0,0	0
3	3608	CERTIFIED_DEFICIT	1848	1	1	0	0,0,0,0,0,0,0,0,0,0,0,0,0	0
3	3609	CERTIFIED_DEFICIT	1848	1	1	0	0,0,0,0,0,0,0,0,0,0,0,0,0	0
3	3610	CERTIFIED_DEFICIT	1848	1	1	0	0,0,0,0,0,0,0,0,0,0,0,0,0	0
3	3611	CERTIFIED_DEFICIT	1848	1	1	0	0,0,0,0,0,0,0,0,0,0,0,0,0	0
3	3612	CERTIFIED_DEFICIT	1848	1	1	0	0,0,0,0,0,0,0,0,0,0,0,0,0	0
3	3613	CERTIFIED_DEFICIT	1848	1	1	0	0,0,0,0,0,0,0,0,0,0,0,0,0	0
3	3614	CERTIFIED_DEFICIT	1848	1	1	0	0,0,0,0,0,0,0,0,0,0,0,0,0	0
3	3615	CERTIFIED_DEFICIT	1848	1	1	0	0,0,0,0,0,0,0,0,0,0,0,0,0	0
3	3616	CERTIFIED_DEFICIT	1848	1	1	0	0,0,0,0,0,0,0,0,0,0,0,0,0	0
3	3617	CERTIFIED_DEFICIT	1848	1	1	0	0,0,0,0,0,0,0,0,0,0,0,0,0	0
3	3618	CERTIFIED_DEFICIT	1848	1	1	0	0,0,0,0,0,0,0,0,0,0,0,0,0	0
3	3619	CERTIFIED_DEFICIT	1848	1	1	0	0,0,0,0,0,0,0,0,0,0,0,0,0	0
3	3620	CERTIFIED_DEFICIT	1848	1	1	0	0,0,0,0,0,0,0,0,0,0,0,0,0	0
3	3621	CERTIFIED_DEFICIT	1848	1	1	0	0,0,0,0,0,0,0,0,0,0,0,0,0	0
3	3622	CERTIFIED_DEFICIT	1848	1	1	0	0,0,0,0,0,0,0,0,0,0,0,0,0	0
3	3623	CERTIFIED_DEFICIT	1848	1	1	0	0,0,0,0,0,0,0,0,0,0,0,0,0	0
3	3624	CERTIFIED_DEFICIT	1848	1	1	0	0,0,0,0,0,0,0,0,0,0,0,0,0	0
3	3625	CERTIFIED_DEFICIT	1848	1	1	0	0,0,0,0,0,0,0,0,0,0,0,0,0	0
3	3626	CERTIFIED_DEFICIT	1848	1	1	0	0,0,0,0,0,0,0,0,0,0,0,0,0	0
3	3627	CERTIFIED_DEFICIT	1848	1	1	0	0,0,0,0,0,0,0,0,0,0,0,0,0	0
3	3628	CERTIFIED_DEFICIT	1848	1	1	0	0,0,0,0,0,0,0,0,0,0,0,0,0	0
3	3629	CERTIFIED_DEFICIT	1848	1	1	0	0,0,0,0,0,0,0,0,0,0,0,0,0	0
3	3630	CERTIFIED_DEFICIT	1848	1	1	0	0,0,0,0,0,0,0,0,0,0,0,0,0	0
3	3631	CERTIFIED_DEFICIT	1848	1	1	0	0,0,0,0,0,0,0,0,0,0,0,0,0	0
3	3632	CERTIFIED_DEFICIT	1848	1	1	0	0,0,0,0,0,0,0,0,0,0,0,0,0	0
3	3633	CERTIFIED_DEFICIT	1848	1	1	0	0,0,0,0,0,0,0,0,0,0,0,0,0	0
3	3634	CERTIFIED_DEFICIT	1848	1	1	0	0,0,0,0,0,0,0,0,0,0,0,0,0	0
3	3635	CERTIFIED_DEFICIT	1848	1	1	0	0,0,0,0,0,0,0,0,0,0,0,0,0	0
3	3636	CERTIFIED_DEFICIT	1848	1	1	0	0,0,0,0,0,0,0,0,0,0,0,0,0	0
3	3637	CERTIFIED_DEFICIT	1848	1	1	0	0,0,0,0,0,0,0,0,0,0,0,0,0	0
3	3638	CERTIFIED_DEFICIT	1848	1	1	0	0,0,0,0,0,0,0,0,0,0,0,0,0	0
3	3639	CERTIFIED_DEFICIT	1848	1	1	0	0,0,0,0,0,0,0,0,0,0,0,0,0	0
3	3640	CERTIFIED_DEFICIT	1848	1	1	0	0,0,0,0,0,0,0,0,0,0,0,0,0	0
3	3641	CERTIFIED_DEFICIT	1848	1	1	0	0,0,0,0,0,0,0,0,0,0,0,0,0	0
3	3642	CERTIFIED_DEFICIT	1848	1	1	0	0,0,0,0,0,0,0,0,0,0,0,0,0	0
3	3643	CERTIFIED_DEFICIT	1848	1	1	0	0,0,0,0,0,0,0,0,0,0,0,0,0	0
3	3644	CERTIFIED_DEFICIT	1313	1	1	0	0,0,0,0,0,0,0,0,0,0,0,0,0	0
3	3645	CERTIFIED_DEFICIT	1848	1	1	0	0,0,0,0,0,0,0,0,0,0,0,0,0	0
3	3646	CERTIFIED_DEFICIT	1848	1	1	0	0,0,0,0,0,0,0,0,0,0,0,0,0	0
3	3647	CERTIFIED_DEFICIT	1848	1	1	0	0,0,0,0,0,0,0,0,0,0,0,0,0	0
3	3648	CERTIFIED_DEFICIT	1848	1	1	0	0,0,0,0,0,0,0,0,0,0,0,0,0	0
3	3649	CERTIFIED_DEFICIT	1848	1	1	0	0,0,0,0,0,0,0,0,0,0,0,0,0	0
3	3650	CERTIFIED_DEFICIT	1848	1	1	0	0,0,0,0,0,0,0,0,0,0,0,0,0	0
3	3651	CERTIFIED_DEFICIT	1848	1	1	0	0,0,0,0,0,0,0,0,0,0,0,0,0	0
3	3652	CERTIFIED_DEFICIT	1848	1	1	0	0,0,0,0,0,0,0,0,0,0,0,0,0	0
3	3653	CERTIFIED_DEFICIT	1848	1	1	0	0,0,0,0,0,0,0,0,0,0,0,0,0	0
3	3654	CERTIFIED_DEFICIT	1848	1	1	0	0,0,0,0,0,0,0,0,0,0,0,0,0	0
3	3655	CERTIFIED_DEFICIT	1327	1	1	0	0,0,0,0,0,0,0,0,0,0,0,0,0	0
3	3656	CERTIFIED_DEFICIT	1848	1	1	0	0,0,0,0,0,0,0,0,0,0,0,0,0	0
3	3657	CERTIFIED_DEFICIT	1848	1	1	0	0,0,0,0,0,0,0,0,0,0,0,0,0	0
3	3658	CERTIFIED_DEFICIT	1848	1	1	0	0,0,0,0,0,0,0,0,0,0,0,0,0	0
3	3659	CERTIFIED_DEFICIT	1273	1	1	0	0,0,0,0,0,0,0,0,0,0,0,0,0	0
3	3660	CERTIFIED_DEFICIT	1848	1	1	0	0,0,0,0,0,0,0,0,0,0,0,0,0	0
3	3661	CERTIFIED_DEFICIT	1848	1	1	0	0,0,0,0,0,0,0,0,0,0,0,0,0	0
3	3662	CERTIFIED_DEFICIT	1237	1	1	0	0,0,0,0,0,0,0,0,0,0,0,0,0	0
3	3663	CERTIFIED_DEFICIT	1848	1	1	0	0,0,0,0,0,0,0,0,0,0,0,0,0	0
3	3664	CERTIFIED_DEFICIT	1848	1	1	0	0,0,0,0,0,0,0,0,0,0,0,0,0	0
3	3665	CERTIFIED_DEFICIT	1848	1	1	0	0,0,0,0,0,0,0,0,0,0,0,0,0	0
3	3666	CERTIFIED_DEFICIT	1428	1	1	0	0,0,0,0,0,0,0,0,0,0,0,0,0	0
3	3667	CERTIFIED_DEFICIT	1428	1	1	0	0,0,0,0,0,0,0,0,0,0,0,0,0	0
3	3668	CERTIFIED_DEFICIT	1428	1	1	0	0,0,0,0,0,0,0,0,0,0,0,0,0	0
3	3669	CERTIFIED_DEFICIT	1428	1	1	0	0,0,0,0,0,0,0,0,0,0,0,0,0	0
3	3670	CERTIFIED_DEFICIT	1428	1	1	0	0,0,0,0,0,0,0,0,0,0,0,0,0	0
3	3671	CERTIFIED_DEFICIT	1428	1	1	0	0,0,0,0,0,0,0,0,0,0,0,0,0	0
3	3672	CERTIFIED_DEFICIT	1428	1	1	0	0,0,0,0,0,0,0,0,0,0,0,0,0	0
3	3673	CERTIFIED_DEFICIT	1428	1	1	0	0,0,0,0,0,0,0,0,0,0,0,0,0	0
3	3674	CERTIFIED_DEFICIT	1428	1	1	0	0,0,0,0,0,0,0,0,0,0,0,0,0	0
3	3675	CERTIFIED_DEFICIT	1428	1	1	0	0,0,0,0,0,0,0,0,0,0,0,0,0	0
3	3676	CERTIFIED_DEFICIT	1428	1	1	0	0,0,0,0,0,0,0,0,0,0,0,0,0	0
3	3677	CERTIFIED_DEFICIT	1428	1	1	0	0,0,0,0,0,0,0,0,0,0,0,0,0	0
3	3678	CERTIFIED_DEFICIT	1428	1	1	0	0,0,0,0,0,0,0,0,0,0,0,0,0	0
3	3679	CERTIFIED_DEFICIT	1428	1	1	0	0,0,0,0,0,0,0,0,0,0,0,0,0	0
3	3680	CERTIFIED_DEFICIT	1428	1	1	0	0,0,0,0,0,0,0,0,0,0,0,0,0	0
3	3681	CERTIFIED_DEFICIT	1428	1	1	0	0,0,0,0,0,0,0,0,0,0,0,0,0	0
3	3682	CERTIFIED_DEFICIT	1428	1	1	0	0,0,0,0,0,0,0,0,0,0,0,0,0	0
3	3683	CERTIFIED_DEFICIT	1428	1	1	0	0,0,0,0,0,0,0,0,0,0,0,0,0	0
3	3684	CERTIFIED_DEFICIT	1428	1	1	0	0,0,0,0,0,0,0,0,0,0,0,0,0	0
3	3685	CERTIFIED_DEFICIT	1428	1	1	0	0,0,0,0,0,0,0,0,0,0,0,0,0	0
3	3686	CERTIFIED_DEFICIT	1428	1	1	0	0,0,0,0,0,0,0,0,0,0,0,0,0	0
3	3687	CERTIFIED_DEFICIT	1428	1	1	0	0,0,0,0,0,0,0,0,0,0,0,0,0	0
3	3688	CERTIFIED_DEFICIT	1428	1	1	0	0,0,0,0,0,0,0,0,0,0,0,0,0	0
3	3689	CERTIFIED_DEFICIT	1428	1	1	0	0,0,0,0,0,0,0,0,0,0,0,0,0	0
3	3690	CERTIFIED_DEFICIT	1428	1	1	0	0,0,0,0,0,0,0,0,0,0,0,0,0	0
3	3691	CERTIFIED_DEFICIT	1428	1	1	0	0,0,0,0,0,0,0,0,0,0,0,0,0	0
3	3692	CERTIFIED_DEFICIT	1428	1	1	0	0,0,0,0,0,0,0,0,0,0,0,0,0	0
3	3693	CERTIFIED_DEFICIT	1428	1	1	0	0,0,0,0,0,0,0,0,0,0,0,0,0	0
3	3694	CERTIFIED_DEFICIT	1428	1	1	0	0,0,0,0,0,0,0,0,0,0,0,0,0	0
3	3695	CERTIFIED_DEFICIT	1428	1	1	0	0,0,0,0,0,0,0,0,0,0,0,0,0	0
3	3696	CERTIFIED_DEFICIT	1428	1	1	0	0,0,0,0,0,0,0,0,0,0,0,0,0	0
3	3697	CERTIFIED_DEFICIT	1428	1	1	0	0,0,0,0,0,0,0,0,0,0,0,0,0	0
3	3698	CERTIFIED_DEFICIT	1428	1	1	0	0,0,0,0,0,0,0,0,0,0,0,0,0	0
3	3699	CERTIFIED_DEFICIT	1428	1	1	0	0,0,0,0,0,0,0,0,0,0,0,0,0	0
3	3700	CERTIFIED_DEFICIT	1428	1	1	0	0,0,0,0,0,0,0,0,0,0,0,0,0	0
3	3701	CERTIFIED_DEFICIT	1428	1	1	0	0,0,0,0,0,0,0,0,0,0,0,0,0	0
3	3702	CERTIFIED_DEFICIT	1428	1	1	0	0,0,0,0,0,0,0,0,0,0,0,0,0	0
3	3703	CERTIFIED_DEFICIT	1428	1	1	0	0,0,0,0,0,0,0,0,0,0,0,0,0	0
3	3704	CERTIFIED_DEFICIT	1428	1	1	0	0,0,0,0,0,0,0,0,0,0,0,0,0	0
3	3705	CERTIFIED_DEFICIT	1428	1	1	0	0,0,0,0,0,0,0,0,0,0,0,0,0	0
3	3706	CERTIFIED_DEFICIT	1428	1	1	0	0,0,0,0,0,0,0,0,0,0,0,0,0	0
3	3707	CERTIFIED_DEFICIT	1428	1	1	0	0,0,0,0,0,0,0,0,0,0,0,0,0	0
3	3708	CERTIFIED_DEFICIT	1428	1	1	0	0,0,0,0,0,0,0,0,0,0,0,0,0	0
3	3709	CERTIFIED_DEFICIT	1428	1	1	0	0,0,0,0,0,0,0,0,0,0,0,0,0	0
3	3710	CERTIFIED_DEFICIT	1428	1	1	0	0,0,0,0,0,0,0,0,0,0,0,0,0	0
3	3711	CERTIFIED_DEFICIT	1428	1	1	0	0,0,0,0,0,0,0,0,0,0,0,0,0	0
3	3712	CERTIFIED_DEFICIT	1428	1	1	0	0,0,0,0,0,0,0,0,0,0,0,0,0	0
3	3713	CERTIFIED_DEFICIT	1428	1	1	0	0,0,0,0,0,0,0,0,0,0,0,0,0	0
3	3714	CERTIFIED_DEFICIT	1428	1	1	0	0,0,0,0,0,0,0,0,0,0,0,0,0	0
3	3715	CERTIFIED_DEFICIT	1428	1	1	0	0,0,0,0,0,0,0,0,0,0,0,0,0	0
3	3716	CERTIFIED_DEFICIT	1428	1	1	0	0,0,0,0,0,0,0,0,0,0,0,0,0	0
3	3717	CERTIFIED_DEFICIT	1428	1	1	0	0,0,0,0,0,0,0,0,0,0,0,0,0	0
3	3718	CERTIFIED_DEFICIT	1428	1	1	0	0,0,0,0,0,0,0,0,0,0,0,0,0	0
3	3719	CERTIFIED_DEFICIT	1428	1	1	0	0,0,0,0,0,0,0,0,0,0,0,0,0	0
3	3720	CERTIFIED_DEFICIT	1428	1	1	0	0,0,0,0,0,0,0,0,0,0,0,0,0	0
3	3721	CERTIFIED_DEFICIT	1428	1	1	0	0,0,0,0,0,0,0,0,0,0,0,0,0	0
3	3722	CERTIFIED_DEFICIT	1313	1	1	0	0,0,0,0,0,0,0,0,0,0,0,0,0	0
3	3723	CERTIFIED_DEFICIT	1428	1	1	0	0,0,0,0,0,0,0,0,0,0,0,0,0	0
3	3724	CERTIFIED_DEFICIT	1428	1	1	0	0,0,0,0,0,0,0,0,0,0,0,0,0	0
3	3725	CERTIFIED_DEFICIT	1428	1	1	0	0,0,0,0,0,0,0,0,0,0,0,0,0	0
3	3726	CERTIFIED_DEFICIT	1428	1	1	0	0,0,0,0,0,0,0,0,0,0,0,0,0	0
3	3727	CERTIFIED_DEFICIT	1428	1	1	0	0,0,0,0,0,0,0,0,0,0,0,0,0	0
3	3728	CERTIFIED_DEFICIT	1428	1	1	0	0,0,0,0,0,0,0,0,0,0,0,0,0	0
3	3729	CERTIFIED_DEFICIT	1428	1	1	0	0,0,0,0,0,0,0,0,0,0,0,0,0	0
3	3730	CERTIFIED_DEFICIT	1428	1	1	0	0,0,0,0,0,0,0,0,0,0,0,0,0	0
3	3731	CERTIFIED_DEFICIT	1428	1	1	0	0,0,0,0,0,0,0,0,0,0,0,0,0	0
3	3732	CERTIFIED_DEFICIT	1428	1	1	0	0,0,0,0,0,0,0,0,0,0,0,0,0	0
3	3733	CERTIFIED_DEFICIT	1327	1	1	0	0,0,0,0,0,0,0,0,0,0,0,0,0	0
3	3734	CERTIFIED_DEFICIT	1428	1	1	0	0,0,0,0,0,0,0,0,0,0,0,0,0	0
3	3735	CERTIFIED_DEFICIT	1428	1	1	0	0,0,0,0,0,0,0,0,0,0,0,0,0	0
3	3736	CERTIFIED_DEFICIT	1428	1	1	0	0,0,0,0,0,0,0,0,0,0,0,0,0	0
3	3737	CERTIFIED_DEFICIT	1273	1	1	0	0,0,0,0,0,0,0,0,0,0,0,0,0	0
3	3738	CERTIFIED_DEFICIT	1428	1	1	0	0,0,0,0,0,0,0,0,0,0,0,0,0	0
3	3739	CERTIFIED_DEFICIT	1428	1	1	0	0,0,0,0,0,0,0,0,0,0,0,0,0	0
3	3740	CERTIFIED_DEFICIT	1237	1	1	0	0,0,0,0,0,0,0,0,0,0,0,0,0	0
3	3741	CERTIFIED_DEFICIT	1428	1	1	0	0,0,0,0,0,0,0,0,0,0,0,0,0	0
3	3742	CERTIFIED_DEFICIT	1428	1	1	0	0,0,0,0,0,0,0,0,0,0,0,0,0	0
3	3743	CERTIFIED_DEFICIT	1428	1	1	0	0,0,0,0,0,0,0,0,0,0,0,0,0	0
3	3744	CERTIFIED_DEFICIT	1750	1	1	0	0,0,0,0,0,0,0,0,0,0,0,0,0	0
3	3745	CERTIFIED_DEFICIT	1750	1	1	0	0,0,0,0,0,0,0,0,0,0,0,0,0	0
3	3746	CERTIFIED_DEFICIT	1750	1	1	0	0,0,0,0,0,0,0,0,0,0,0,0,0	0
3	3747	CERTIFIED_DEFICIT	1750	1	1	0	0,0,0,0,0,0,0,0,0,0,0,0,0	0
3	3748	CERTIFIED_DEFICIT	1750	1	1	0	0,0,0,0,0,0,0,0,0,0,0,0,0	0
3	3749	CERTIFIED_DEFICIT	1750	1	1	0	0,0,0,0,0,0,0,0,0,0,0,0,0	0
3	3750	CERTIFIED_DEFICIT	1750	1	1	0	0,0,0,0,0,0,0,0,0,0,0,0,0	0
3	3751	CERTIFIED_DEFICIT	1750	1	1	0	0,0,0,0,0,0,0,0,0,0,0,0,0	0
3	3752	CERTIFIED_DEFICIT	1750	1	1	0	0,0,0,0,0,0,0,0,0,0,0,0,0	0
3	3753	CERTIFIED_DEFICIT	1750	1	1	0	0,0,0,0,0,0,0,0,0,0,0,0,0	0
3	3754	CERTIFIED_DEFICIT	1750	1	1	0	0,0,0,0,0,0,0,0,0,0,0,0,0	0
3	3755	CERTIFIED_DEFICIT	1750	1	1	0	0,0,0,0,0,0,0,0,0,0,0,0,0	0
3	3756	CERTIFIED_DEFICIT	1750	1	1	0	0,0,0,0,0,0,0,0,0,0,0,0,0	0
3	3757	CERTIFIED_DEFICIT	1750	1	1	0	0,0,0,0,0,0,0,0,0,0,0,0,0	0
3	3758	CERTIFIED_DEFICIT	1750	1	1	0	0,0,0,0,0,0,0,0,0,0,0,0,0	0
3	3759	CERTIFIED_DEFICIT	1750	1	1	0	0,0,0,0,0,0,0,0,0,0,0,0,0	0
3	3760	CERTIFIED_DEFICIT	1750	1	1	0	0,0,0,0,0,0,0,0,0,0,0,0,0	0
3	3761	CERTIFIED_DEFICIT	1750	1	1	0	0,0,0,0,0,0,0,0,0,0,0,0,0	0
3	3762	CERTIFIED_DEFICIT	1750	1	1	0	0,0,0,0,0,0,0,0,0,0,0,0,0	0
3	3763	CERTIFIED_DEFICIT	1750	1	1	0	0,0,0,0,0,0,0,0,0,0,0,0,0	0
3	3764	CERTIFIED_DEFICIT	1750	1	1	0	0,0,0,0,0,0,0,0,0,0,0,0,0	0
3	3765	CERTIFIED_DEFICIT	1750	1	1	0	0,0,0,0,0,0,0,0,0,0,0,0,0	0
3	3766	CERTIFIED_DEFICIT	1750	1	1	0	0,0,0,0,0,0,0,0,0,0,0,0,0	0
3	3767	CERTIFIED_DEFICIT	1750	1	1	0	0,0,0,0,0,0,0,0,0,0,0,0,0	0
3	3768	CERTIFIED_DEFICIT	1750	1	1	0	0,0,0,0,0,0,0,0,0,0,0,0,0	0
3	3769	CERTIFIED_DEFICIT	1750	1	1	0	0,0,0,0,0,0,0,0,0,0,0,0,0	0
3	3770	CERTIFIED_DEFICIT	1750	1	1	0	0,0,0,0,0,0,0,0,0,0,0,0,0	0
3	3771	CERTIFIED_DEFICIT	1750	1	1	0	0,0,0,0,0,0,0,0,0,0,0,0,0	0
3	3772	CERTIFIED_DEFICIT	1750	1	1	0	0,0,0,0,0,0,0,0,0,0,0,0,0	0
3	3773	CERTIFIED_DEFICIT	1750	1	1	0	0,0,0,0,0,0,0,0,0,0,0,0,0	0
3	3774	CERTIFIED_DEFICIT	1750	1	1	0	0,0,0,0,0,0,0,0,0,0,0,0,0	0
3	3775	CERTIFIED_DEFICIT	1750	1	1	0	0,0,0,0,0,0,0,0,0,0,0,0,0	0
3	3776	CERTIFIED_DEFICIT	1750	1	1	0	0,0,0,0,0,0,0,0,0,0,0,0,0	0
3	3777	CERTIFIED_DEFICIT	1750	1	1	0	0,0,0,0,0,0,0,0,0,0,0,0,0	0
3	3778	CERTIFIED_DEFICIT	1750	1	1	0	0,0,0,0,0,0,0,0,0,0,0,0,0	0
3	3779	CERTIFIED_DEFICIT	1750	1	1	0	0,0,0,0,0,0,0,0,0,0,0,0,0	0
3	3780	CERTIFIED_DEFICIT	1750	1	1	0	0,0,0,0,0,0,0,0,0,0,0,0,0	0
3	3781	CERTIFIED_DEFICIT	1750	1	1	0	0,0,0,0,0,0,0,0,0,0,0,0,0	0
3	3782	CERTIFIED_DEFICIT	1750	1	1	0	0,0,0,0,0,0,0,0,0,0,0,0,0	0
3	3783	CERTIFIED_DEFICIT	1750	1	1	0	0,0,0,0,0,0,0,0,0,0,0,0,0	0
3	3784	CERTIFIED_DEFICIT	1750	1	1	0	0,0,0,0,0,0,0,0,0,0,0,0,0	0
3	3785	CERTIFIED_DEFICIT	1750	1	1	0	0,0,0,0,0,0,0,0,0,0,0,0,0	0
3	3786	CERTIFIED_DEFICIT	1750	1	1	0	0,0,0,0,0,0,0,0,0,0,0,0,0	0
3	3787	CERTIFIED_DEFICIT	1750	1	1	0	0,0,0,0,0,0,0,0,0,0,0,0,0	0
3	3788	CERTIFIED_DEFICIT	1750	1	1	0	0,0,0,0,0,0,0,0,0,0,0,0,0	0
3	3789	CERTIFIED_DEFICIT	1750	1	1	0	0,0,0,0,0,0,0,0,0,0,0,0,0	0
3	3790	CERTIFIED_DEFICIT	1750	1	1	0	0,0,0,0,0,0,0,0,0,0,0,0,0	0
3	3791	CERTIFIED_DEFICIT	1750	1	1	0	0,0,0,0,0,0,0,0,0,0,0,0,0	0
3	3792	CERTIFIED_DEFICIT	1750	1	1	0	0,0,0,0,0,0,0,0,0,0,0,0,0	0
3	3793	CERTIFIED_DEFICIT	1750	1	1	0	0,0,0,0,0,0,0,0,0,0,0,0,0	0
3	3794	CERTIFIED_DEFICIT	1750	1	1	0	0,0,0,0,0,0,0,0,0,0,0,0,0	0
3	3795	CERTIFIED_DEFICIT	1750	1	1	0	0,0,0,0,0,0,0,0,0,0,0,0,0	0
3	3796	CERTIFIED_DEFICIT	1750	1	1	0	0,0,0,0,0,0,0,0,0,0,0,0,0	0
3	3797	CERTIFIED_DEFICIT	1750	1	1	0	0,0,0,0,0,0,0,0,0,0,0,0,0	0
3	3798	CERTIFIED_DEFICIT	1750	1	1	0	0,0,0,0,0,0,0,0,0,0,0,0,0	0
3	3799	CERTIFIED_DEFICIT	1750	1	1	0	0,0,0,0,0,0,0,0,0,0,0,0,0	0
3	3800	CERTIFIED_DEFICIT	1313	1	1	0	0,0,0,0,0,0,0,0,0,0,0,0,0	0
3	3801	CERTIFIED_DEFICIT	1750	1	1	0	0,0,0,0,0,0,0,0,0,0,0,0,0	0
3	3802	CERTIFIED_DEFICIT	1750	1	1	0	0,0,0,0,0,0,0,0,0,0,0,0,0	0
3	3803	CERTIFIED_DEFICIT	1750	1	1	0	0,0,0,0,0,0,0,0,0,0,0,0,0	0
3	3804	CERTIFIED_DEFICIT	1750	1	1	0	0,0,0,0,0,0,0,0,0,0,0,0,0	0
3	3805	CERTIFIED_DEFICIT	1750	1	1	0	0,0,0,0,0,0,0,0,0,0,0,0,0	0
3	3806	CERTIFIED_DEFICIT	1750	1	1	0	0,0,0,0,0,0,0,0,0,0,0,0,0	0
3	3807	CERTIFIED_DEFICIT	1750	1	1	0	0,0,0,0,0,0,0,0,0,0,0,0,0	0
3	3808	CERTIFIED_DEFICIT	1750	1	1	0	0,0,0,0,0,0,0,0,0,0,0,0,0	0
3	3809	CERTIFIED_DEFICIT	1750	1	1	0	0,0,0,0,0,0,0,0,0,0,0,0,0	0
3	3810	CERTIFIED_DEFICIT	1750	1	1	0	0,0,0,0,0,0,0,0,0,0,0,0,0	0
3	3811	CERTIFIED_DEFICIT	1327	1	1	0	0,0,0,0,0,0,0,0,0,0,0,0,0	0
3	3812	CERTIFIED_DEFICIT	1750	1	1	0	0,0,0,0,0,0,0,0,0,0,0,0,0	0
3	3813	CERTIFIED_DEFICIT	1750	1	1	0	0,0,0,0,0,0,0,0,0,0,0,0,0	0
3	3814	CERTIFIED_DEFICIT	1750	1	1	0	0,0,0,0,0,0,0,0,0,0,0,0,0	0
3	3815	CERTIFIED_DEFICIT	1273	1	1	0	0,0,0,0,0,0,0,0,0,0,0,0,0	0
3	3816	CERTIFIED_DEFICIT	1750	1	1	0	0,0,0,0,0,0,0,0,0,0,0,0,0	0
3	3817	CERTIFIED_DEFICIT	1750	1	1	0	0,0,0,0,0,0,0,0,0,0,0,0,0	0
3	3818	CERTIFIED_DEFICIT	1237	1	1	0	0,0,0,0,0,0,0,0,0,0,0,0,0	0
3	3819	CERTIFIED_DEFICIT	1750	1	1	0	0,0,0,0,0,0,0,0,0,0,0,0,0	0
3	3820	CERTIFIED_DEFICIT	1750	1	1	0	0,0,0,0,0,0,0,0,0,0,0,0,0	0
3	3821	CERTIFIED_DEFICIT	1750	1	1	0	0,0,0,0,0,0,0,0,0,0,0,0,0	0
3	3822	CERTIFIED_DEFICIT	1302	1	1	0	0,0,0,0,0,0,0,0,0,0,0,0,0	0
3	3823	CERTIFIED_DEFICIT	1302	1	1	0	0,0,0,0,0,0,0,0,0,0,0,0,0	0
3	3824	CERTIFIED_DEFICIT	1302	1	1	0	0,0,0,0,0,0,0,0,0,0,0,0,0	0
3	3825	CERTIFIED_DEFICIT	1302	1	1	0	0,0,0,0,0,0,0,0,0,0,0,0,0	0
3	3826	CERTIFIED_DEFICIT	1302	1	1	0	0,0,0,0,0,0,0,0,0,0,0,0,0	0
3	3827	CERTIFIED_DEFICIT	1302	1	1	0	0,0,0,0,0,0,0,0,0,0,0,0,0	0
3	3828	CERTIFIED_DEFICIT	1302	1	1	0	0,0,0,0,0,0,0,0,0,0,0,0,0	0
3	3829	CERTIFIED_DEFICIT	1302	1	1	0	0,0,0,0,0,0,0,0,0,0,0,0,0	0
3	3830	CERTIFIED_DEFICIT	1302	1	1	0	0,0,0,0,0,0,0,0,0,0,0,0,0	0
3	3831	CERTIFIED_DEFICIT	1302	1	1	0	0,0,0,0,0,0,0,0,0,0,0,0,0	0
3	3832	CERTIFIED_DEFICIT	1302	1	1	0	0,0,0,0,0,0,0,0,0,0,0,0,0	0
3	3833	CERTIFIED_DEFICIT	1302	1	1	0	0,0,0,0,0,0,0,0,0,0,0,0,0	0
3	3834	CERTIFIED_DEFICIT	1302	1	1	0	0,0,0,0,0,0,0,0,0,0,0,0,0	0
3	3835	CERTIFIED_DEFICIT	1302	1	1	0	0,0,0,0,0,0,0,0,0,0,0,0,0	0
3	3836	CERTIFIED_DEFICIT	1302	1	1	0	0,0,0,0,0,0,0,0,0,0,0,0,0	0
3	3837	CERTIFIED_DEFICIT	1302	1	1	0	0,0,0,0,0,0,0,0,0,0,0,0,0	0
3	3838	CERTIFIED_DEFICIT	1302	1	1	0	0,0,0,0,0,0,0,0,0,0,0,0,0	0
3	3839	CERTIFIED_DEFICIT	1302	1	1	0	0,0,0,0,0,0,0,0,0,0,0,0,0	0
3	3840	CERTIFIED_DEFICIT	1302	1	1	0	0,0,0,0,0,0,0,0,0,0,0,0,0	0
3	3841	CERTIFIED_DEFICIT	1302	1	1	0	0,0,0,0,0,0,0,0,0,0,0,0,0	0
3	3842	CERTIFIED_DEFICIT	1302	1	1	0	0,0,0,0,0,0,0,0,0,0,0,0,0	0
3	3843	CERTIFIED_DEFICIT	1302	1	1	0	0,0,0,0,0,0,0,0,0,0,0,0,0	0
3	3844	CERTIFIED_DEFICIT	1302	1	1	0	0,0,0,0,0,0,0,0,0,0,0,0,0	0
3	3845	CERTIFIED_DEFICIT	1302	1	1	0	0,0,0,0,0,0,0,0,0,0,0,0,0	0
3	3846	CERTIFIED_DEFICIT	1302	1	1	0	0,0,0,0,0,0,0,0,0,0,0,0,0	0
3	3847	CERTIFIED_DEFICIT	1302	1	1	0	0,0,0,0,0,0,0,0,0,0,0,0,0	0
3	3848	CERTIFIED_DEFICIT	1302	1	1	0	0,0,0,0,0,0,0,0,0,0,0,0,0	0
3	3849	CERTIFIED_DEFICIT	1302	1	1	0	0,0,0,0,0,0,0,0,0,0,0,0,0	0
3	3850	CERTIFIED_DEFICIT	1302	1	1	0	0,0,0,0,0,0,0,0,0,0,0,0,0	0
3	3851	CERTIFIED_DEFICIT	1302	1	1	0	0,0,0,0,0,0,0,0,0,0,0,0,0	0
3	3852	CERTIFIED_DEFICIT	1302	1	1	0	0,0,0,0,0,0,0,0,0,0,0,0,0	0
3	3853	CERTIFIED_DEFICIT	1302	1	1	0	0,0,0,0,0,0,0,0,0,0,0,0,0	0
3	3854	CERTIFIED_DEFICIT	1302	1	1	0	0,0,0,0,0,0,0,0,0,0,0,0,0	0
3	3855	CERTIFIED_DEFICIT	1302	1	1	0	0,0,0,0,0,0,0,0,0,0,0,0,0	0
3	3856	CERTIFIED_DEFICIT	1302	1	1	0	0,0,0,0,0,0,0,0,0,0,0,0,0	0
3	3857	CERTIFIED_DEFICIT	1302	1	1	0	0,0,0,0,0,0,0,0,0,0,0,0,0	0
3	3858	CERTIFIED_DEFICIT	1302	1	1	0	0,0,0,0,0,0,0,0,0,0,0,0,0	0
3	3859	CERTIFIED_DEFICIT	1302	1	1	0	0,0,0,0,0,0,0,0,0,0,0,0,0	0
3	3860	CERTIFIED_DEFICIT	1302	1	1	0	0,0,0,0,0,0,0,0,0,0,0,0,0	0
3	3861	CERTIFIED_DEFICIT	1302	1	1	0	0,0,0,0,0,0,0,0,0,0,0,0,0	0
3	3862	CERTIFIED_DEFICIT	1302	1	1	0	0,0,0,0,0,0,0,0,0,0,0,0,0	0
3	3863	CERTIFIED_DEFICIT	1302	1	1	0	0,0,0,0,0,0,0,0,0,0,0,0,0	0
3	3864	CERTIFIED_DEFICIT	1302	1	1	0	0,0,0,0,0,0,0,0,0,0,0,0,0	0
3	3865	CERTIFIED_DEFICIT	1302	1	1	0	0,0,0,0,0,0,0,0,0,0,0,0,0	0
3	3866	CERTIFIED_DEFICIT	1302	1	1	0	0,0,0,0,0,0,0,0,0,0,0,0,0	0
3	3867	CERTIFIED_DEFICIT	1302	1	1	0	0,0,0,0,0,0,0,0,0,0,0,0,0	0
3	3868	CERTIFIED_DEFICIT	1302	1	1	0	0,0,0,0,0,0,0,0,0,0,0,0,0	0
3	3869	CERTIFIED_DEFICIT	1302	1	1	0	0,0,0,0,0,0,0,0,0,0,0,0,0	0
3	3870	CERTIFIED_DEFICIT	1302	1	1	0	0,0,0,0,0,0,0,0,0,0,0,0,0	0
3	3871	CERTIFIED_DEFICIT	1302	1	1	0	0,0,0,0,0,0,0,0,0,0,0,0,0	0
3	3872	CERTIFIED_DEFICIT	1302	1	1	0	0,0,0,0,0,0,0,0,0,0,0,0,0	0
3	3873	CERTIFIED_DEFICIT	1302	1	1	0	0,0,0,0,0,0,0,0,0,0,0,0,0	0
3	3874	CERTIFIED_DEFICIT	1302	1	1	0	0,0,0,0,0,0,0,0,0,0,0,0,0	0
3	3875	CERTIFIED_DEFICIT	1302	1	1	0	0,0,0,0,0,0,0,0,0,0,0,0,0	0
3	3876	CERTIFIED_DEFICIT	1302	1	1	0	0,0,0,0,0,0,0,0,0,0,0,0,0	0
3	3877	CERTIFIED_DEFICIT	1302	1	1	0	0,0,0,0,0,0,0,0,0,0,0,0,0	0
3	3878	CERTIFIED_DEFICIT	1206	1	1	0	0,0,0,0,0,0,0,0,0,0,0,0,0	0
3	3879	CERTIFIED_DEFICIT	1302	1	1	0	0,0,0,0,0,0,0,0,0,0,0,0,0	0
3	3880	CERTIFIED_DEFICIT	1302	1	1	0	0,0,0,0,0,0,0,0,0,0,0,0,0	0
3	3881	CERTIFIED_DEFICIT	1302	1	1	0	0,0,0,0,0,0,0,0,0,0,0,0,0	0
3	3882	CERTIFIED_DEFICIT	1302	1	1	0	0,0,0,0,0,0,0,0,0,0,0,0,0	0
3	3883	CERTIFIED_DEFICIT	1302	1	1	0	0,0,0,0,0,0,0,0,0,0,0,0,0	0
3	3884	CERTIFIED_DEFICIT	1302	1	1	0	0,0,0,0,0,0,0,0,0,0,0,0,0	0
3	3885	CERTIFIED_DEFICIT	1302	1	1	0	0,0,0,0,0,0,0,0,0,0,0,0,0	0
3	3886	CERTIFIED_DEFICIT	1302	1	1	0	0,0,0,0,0,0,0,0,0,0,0,0,0	0
3	3887	CERTIFIED_DEFICIT	1302	1	1	0	0,0,0,0,0,0,0,0,0,0,0,0,0	0
3	3888	CERTIFIED_DEFICIT	1302	1	1	0	0,0,0,0,0,0,0,0,0,0,0,0,0	0
3	3889	CERTIFIED_DEFICIT	1302	1	1	0	0,0,0,0,0,0,0,0,0,0,0,0,0	0
3	3890	CERTIFIED_DEFICIT	1302	1	1	0	0,0,0,0,0,0,0,0,0,0,0,0,0	0
3	3891	CERTIFIED_DEFICIT	1302	1	1	0	0,0,0,0,0,0,0,0,0,0,0,0,0	0
3	3892	CERTIFIED_DEFICIT	1302	1	1	0	0,0,0,0,0,0,0,0,0,0,0,0,0	0
3	3893	CERTIFIED_DEFICIT	1273	1	1	0	0,0,0,0,0,0,0,0,0,0,0,0,0	0
3	3894	CERTIFIED_DEFICIT	1302	1	1	0	0,0,0,0,0,0,0,0,0,0,0,0,0	0
3	3895	CERTIFIED_DEFICIT	1302	1	1	0	0,0,0,0,0,0,0,0,0,0,0,0,0	0
3	3896	CERTIFIED_DEFICIT	1237	1	1	0	0,0,0,0,0,0,0,0,0,0,0,0,0	0
3	3897	CERTIFIED_DEFICIT	1302	1	1	0	0,0,0,0,0,0,0,0,0,0,0,0,0	0
3	3898	CERTIFIED_DEFICIT	1302	1	1	0	0,0,0,0,0,0,0,0,0,0,0,0,0	0
3	3899	CERTIFIED_DEFICIT	1302	1	1	0	0,0,0,0,0,0,0,0,0,0,0,0,0	0
3	3900	CERTIFIED_DEFICIT	2184	1	1	0	0,0,0,0,0,0,0,0,0,0,0,0,0	0
3	3901	CERTIFIED_DEFICIT	2184	1	1	0	0,0,0,0,0,0,0,0,0,0,0,0,0	0
3	3902	CERTIFIED_DEFICIT	2184	1	1	0	0,0,0,0,0,0,0,0,0,0,0,0,0	0
3	3903	CERTIFIED_DEFICIT	2184	1	1	0	0,0,0,0,0,0,0,0,0,0,0,0,0	0
3	3904	CERTIFIED_DEFICIT	2184	1	1	0	0,0,0,0,0,0,0,0,0,0,0,0,0	0
3	3905	CERTIFIED_DEFICIT	2184	1	1	0	0,0,0,0,0,0,0,0,0,0,0,0,0	0
3	3906	CERTIFIED_DEFICIT	2184	1	1	0	0,0,0,0,0,0,0,0,0,0,0,0,0	0
3	3907	CERTIFIED_DEFICIT	2184	1	1	0	0,0,0,0,0,0,0,0,0,0,0,0,0	0
3	3908	CERTIFIED_DEFICIT	2184	1	1	0	0,0,0,0,0,0,0,0,0,0,0,0,0	0
3	3909	CERTIFIED_DEFICIT	2184	1	1	0	0,0,0,0,0,0,0,0,0,0,0,0,0	0
3	3910	CERTIFIED_DEFICIT	2184	1	1	0	0,0,0,0,0,0,0,0,0,0,0,0,0	0
3	3911	CERTIFIED_DEFICIT	2184	1	1	0	0,0,0,0,0,0,0,0,0,0,0,0,0	0
3	3912	CERTIFIED_DEFICIT	2184	1	1	0	0,0,0,0,0,0,0,0,0,0,0,0,0	0
3	3913	CERTIFIED_DEFICIT	2184	1	1	0	0,0,0,0,0,0,0,0,0,0,0,0,0	0
3	3914	CERTIFIED_DEFICIT	2184	1	1	0	0,0,0,0,0,0,0,0,0,0,0,0,0	0
3	3915	CERTIFIED_DEFICIT	2184	1	1	0	0,0,0,0,0,0,0,0,0,0,0,0,0	0
3	3916	CERTIFIED_DEFICIT	2184	1	1	0	0,0,0,0,0,0,0,0,0,0,0,0,0	0
3	3917	CERTIFIED_DEFICIT	2184	1	1	0	0,0,0,0,0,0,0,0,0,0,0,0,0	0
3	3918	CERTIFIED_DEFICIT	2184	1	1	0	0,0,0,0,0,0,0,0,0,0,0,0,0	0
3	3919	CERTIFIED_DEFICIT	2184	1	1	0	0,0,0,0,0,0,0,0,0,0,0,0,0	0
3	3920	CERTIFIED_DEFICIT	2184	1	1	0	0,0,0,0,0,0,0,0,0,0,0,0,0	0
3	3921	CERTIFIED_DEFICIT	2184	1	1	0	0,0,0,0,0,0,0,0,0,0,0,0,0	0
3	3922	CERTIFIED_DEFICIT	2184	1	1	0	0,0,0,0,0,0,0,0,0,0,0,0,0	0
3	3923	CERTIFIED_DEFICIT	2184	1	1	0	0,0,0,0,0,0,0,0,0,0,0,0,0	0
3	3924	CERTIFIED_DEFICIT	2184	1	1	0	0,0,0,0,0,0,0,0,0,0,0,0,0	0
3	3925	CERTIFIED_DEFICIT	2184	1	1	0	0,0,0,0,0,0,0,0,0,0,0,0,0	0
3	3926	CERTIFIED_DEFICIT	2184	1	1	0	0,0,0,0,0,0,0,0,0,0,0,0,0	0
3	3927	CERTIFIED_DEFICIT	2184	1	1	0	0,0,0,0,0,0,0,0,0,0,0,0,0	0
3	3928	CERTIFIED_DEFICIT	2184	1	1	0	0,0,0,0,0,0,0,0,0,0,0,0,0	0
3	3929	CERTIFIED_DEFICIT	2184	1	1	0	0,0,0,0,0,0,0,0,0,0,0,0,0	0
3	3930	CERTIFIED_DEFICIT	2184	1	1	0	0,0,0,0,0,0,0,0,0,0,0,0,0	0
3	3931	CERTIFIED_DEFICIT	2184	1	1	0	0,0,0,0,0,0,0,0,0,0,0,0,0	0
3	3932	CERTIFIED_DEFICIT	2184	1	1	0	0,0,0,0,0,0,0,0,0,0,0,0,0	0
3	3933	CERTIFIED_DEFICIT	2184	1	1	0	0,0,0,0,0,0,0,0,0,0,0,0,0	0
3	3934	CERTIFIED_DEFICIT	2184	1	1	0	0,0,0,0,0,0,0,0,0,0,0,0,0	0
3	3935	CERTIFIED_DEFICIT	2184	1	1	0	0,0,0,0,0,0,0,0,0,0,0,0,0	0
3	3936	CERTIFIED_DEFICIT	2184	1	1	0	0,0,0,0,0,0,0,0,0,0,0,0,0	0
3	3937	CERTIFIED_DEFICIT	2184	1	1	0	0,0,0,0,0,0,0,0,0,0,0,0,0	0
3	3938	CERTIFIED_DEFICIT	2184	1	1	0	0,0,0,0,0,0,0,0,0,0,0,0,0	0
3	3939	CERTIFIED_DEFICIT	2184	1	1	0	0,0,0,0,0,0,0,0,0,0,0,0,0	0
3	3940	CERTIFIED_DEFICIT	2184	1	1	0	0,0,0,0,0,0,0,0,0,0,0,0,0	0
3	3941	CERTIFIED_DEFICIT	2184	1	1	0	0,0,0,0,0,0,0,0,0,0,0,0,0	0
3	3942	CERTIFIED_DEFICIT	2184	1	1	0	0,0,0,0,0,0,0,0,0,0,0,0,0	0
3	3943	CERTIFIED_DEFICIT	2184	1	1	0	0,0,0,0,0,0,0,0,0,0,0,0,0	0
3	3944	CERTIFIED_DEFICIT	2184	1	1	0	0,0,0,0,0,0,0,0,0,0,0,0,0	0
3	3945	CERTIFIED_DEFICIT	2184	1	1	0	0,0,0,0,0,0,0,0,0,0,0,0,0	0
3	3946	CERTIFIED_DEFICIT	2184	1	1	0	0,0,0,0,0,0,0,0,0,0,0,0,0	0
3	3947	CERTIFIED_DEFICIT	2184	1	1	0	0,0,0,0,0,0,0,0,0,0,0,0,0	0
3	3948	CERTIFIED_DEFICIT	2184	1	1	0	0,0,0,0,0,0,0,0,0,0,0,0,0	0
3	3949	CERTIFIED_DEFICIT	2184	1	1	0	0,0,0,0,0,0,0,0,0,0,0,0,0	0
3	3950	CERTIFIED_DEFICIT	2184	1	1	0	0,0,0,0,0,0,0,0,0,0,0,0,0	0
3	3951	CERTIFIED_DEFICIT	2184	1	1	0	0,0,0,0,0,0,0,0,0,0,0,0,0	0
3	3952	CERTIFIED_DEFICIT	2184	1	1	0	0,0,0,0,0,0,0,0,0,0,0,0,0	0
3	3953	CERTIFIED_DEFICIT	2184	1	1	0	0,0,0,0,0,0,0,0,0,0,0,0,0	0
3	3954	CERTIFIED_DEFICIT	2184	1	1	0	0,0,0,0,0,0,0,0,0,0,0,0,0	0
3	3955	CERTIFIED_DEFICIT	2184	1	1	0	0,0,0,0,0,0,0,0,0,0,0,0,0	0
3	3956	CERTIFIED_DEFICIT	1313	1	1	0	0,0,0,0,0,0,0,0,0,0,0,0,0	0
3	3957	CERTIFIED_DEFICIT	2184	1	1	0	0,0,0,0,0,0,0,0,0,0,0,0,0	0
3	3958	CERTIFIED_DEFICIT	2184	1	1	0	0,0,0,0,0,0,0,0,0,0,0,0,0	0
3	3959	CERTIFIED_DEFICIT	2184	1	1	0	0,0,0,0,0,0,0,0,0,0,0,0,0	0
3	3960	CERTIFIED_DEFICIT	2184	1	1	0	0,0,0,0,0,0,0,0,0,0,0,0,0	0
3	3961	CERTIFIED_DEFICIT	2184	1	1	0	0,0,0,0,0,0,0,0,0,0,0,0,0	0
3	3962	CERTIFIED_DEFICIT	2184	1	1	0	0,0,0,0,0,0,0,0,0,0,0,0,0	0
3	3963	CERTIFIED_DEFICIT	2184	1	1	0	0,0,0,0,0,0,0,0,0,0,0,0,0	0
3	3964	CERTIFIED_DEFICIT	2184	1	1	0	0,0,0,0,0,0,0,0,0,0,0,0,0	0
3	3965	CERTIFIED_DEFICIT	2184	1	1	0	0,0,0,0,0,0,0,0,0,0,0,0,0	0
3	3966	CERTIFIED_DEFICIT	2184	1	1	0	0,0,0,0,0,0,0,0,0,0,0,0,0	0
3	3967	CERTIFIED_DEFICIT	1327	1	1	0	0,0,0,0,0,0,0,0,0,0,0,0,0	0
3	3968	CERTIFIED_DEFICIT	2184	1	1	0	0,0,0,0,0,0,0,0,0,0,0,0,0	0
3	3969	CERTIFIED_DEFICIT	2184	1	1	0	0,0,0,0,0,0,0,0,0,0,0,0,0	0
3	3970	CERTIFIED_DEFICIT	2184	1	1	0	0,0,0,0,0,0,0,0,0,0,0,0,0	0
3	3971	CERTIFIED_DEFICIT	1273	1	1	0	0,0,0,0,0,0,0,0,0,0,0,0,0	0
3	3972	CERTIFIED_DEFICIT	2184	1	1	0	0,0,0,0,0,0,0,0,0,0,0,0,0	0
3	3973	CERTIFIED_DEFICIT	2184	1	1	0	0,0,0,0,0,0,0,0,0,0,0,0,0	0
3	3974	CERTIFIED_DEFICIT	1237	1	1	0	0,0,0,0,0,0,0,0,0,0,0,0,0	0
3	3975	CERTIFIED_DEFICIT	2184	1	1	0	0,0,0,0,0,0,0,0,0,0,0,0,0	0
3	3976	CERTIFIED_DEFICIT	2184	1	1	0	0,0,0,0,0,0,0,0,0,0,0,0,0	0
3	3977	CERTIFIED_DEFICIT	2184	1	1	0	0,0,0,0,0,0,0,0,0,0,0,0,0	0
3	3978	CERTIFIED_DEFICIT	1428,2016	1,1	2	1	0,0,0,0,0,0,0,0,0,0,1,0,0	24
3	3979	CERTIFIED_DEFICIT	1428,2016	1,1	2	1	0,0,0,0,0,0,0,0,0,0,1,0,0	24
3	3980	CERTIFIED_DEFICIT	1428,2016	1,1	2	1	0,0,0,0,0,0,0,0,0,0,1,0,0	24
3	3981	CERTIFIED_DEFICIT	1428,2016	1,1	2	1	0,0,0,0,0,0,0,0,0,0,1,0,0	24
3	3982	CERTIFIED_DEFICIT	1428,2016	1,1	2	1	0,0,0,0,0,0,0,0,0,0,1,0,0	24
3	3983	CERTIFIED_DEFICIT	1428,2016	1,1	2	1	0,0,0,0,0,0,0,0,0,0,1,0,0	24
3	3984	CERTIFIED_DEFICIT	1428,2016	1,1	2	1	0,0,0,0,0,0,0,0,0,0,1,0,0	24
3	3985	CERTIFIED_DEFICIT	1428,2016	1,1	2	1	0,0,0,0,0,0,0,0,0,0,1,0,0	24
3	3986	CERTIFIED_DEFICIT	1428,2016	1,1	2	1	0,0,0,0,0,0,0,0,0,0,1,0,0	24
3	3987	CERTIFIED_DEFICIT	1428,2016	1,1	2	1	0,0,0,0,0,0,0,0,0,0,1,0,0	24
3	3988	CERTIFIED_DEFICIT	1428,2016	1,1	2	1	0,0,0,0,0,0,0,0,0,0,1,0,0	24
3	3989	CERTIFIED_DEFICIT	1233,1443	1,1	2	1	1,0,0,0,0,0,0,0,0,0,0,0,0	24
3	3990	CERTIFIED_DEFICIT	1428,2016	1,1	2	1	0,0,0,0,0,0,0,0,0,0,1,0,0	24
3	3991	CERTIFIED_DEFICIT	1428,2016	1,1	2	1	0,0,0,0,0,0,0,0,0,0,1,0,0	24
3	3992	CERTIFIED_DEFICIT	1428,2016	1,1	2	1	0,0,0,0,0,0,0,0,0,0,1,0,0	24
3	3993	CERTIFIED_DEFICIT	1428,2016	1,1	2	1	0,0,0,0,0,0,0,0,0,0,1,0,0	24
3	3994	CERTIFIED_DEFICIT	1428,2016	1,1	2	1	0,0,0,0,0,0,0,0,0,0,1,0,0	24
3	3995	CERTIFIED_DEFICIT	1428,2016	1,1	2	1	0,0,0,0,0,0,0,0,0,0,1,0,0	24
3	3996	CERTIFIED_DEFICIT	1428,2016	1,1	2	1	0,0,0,0,0,0,0,0,0,0,1,0,0	24
3	3997	CERTIFIED_DEFICIT	1428,2016	1,1	2	1	0,0,0,0,0,0,0,0,0,0,1,0,0	24
3	3998	CERTIFIED_DEFICIT	1428,2016	1,1	2	1	0,0,0,0,0,0,0,0,0,0,1,0,0	24
3	3999	CERTIFIED_DEFICIT	1428,2016	1,1	2	1	0,0,0,0,0,0,0,0,0,0,1,0,0	24
3	4000	CERTIFIED_DEFICIT	1233,1443	1,1	2	1	0,1,0,0,0,0,0,0,0,0,0,0,0	24
3	4001	CERTIFIED_DEFICIT	1428,2016	1,1	2	1	0,0,0,0,0,0,0,0,0,0,1,0,0	24
3	4002	CERTIFIED_DEFICIT	1428,2016	1,1	2	1	0,0,0,0,0,0,0,0,0,0,1,0,0	24
3	4003	CERTIFIED_DEFICIT	1428,2016	1,1	2	1	0,0,0,0,0,0,0,0,0,0,1,0,0	24
3	4004	CERTIFIED_DEFICIT	1428,2016	1,1	2	1	0,0,0,0,0,0,0,0,0,0,1,0,0	24
3	4005	CERTIFIED_DEFICIT	1428,2016	1,1	2	1	0,0,0,0,0,0,0,0,0,0,1,0,0	24
3	4006	CERTIFIED_DEFICIT	1428,2016	1,1	2	1	0,0,0,0,0,0,0,0,0,0,1,0,0	24
3	4007	CERTIFIED_DEFICIT	1428,2016	1,1	2	1	0,0,0,0,0,0,0,0,0,0,1,0,0	24
3	4008	CERTIFIED_DEFICIT	1428,2016	1,1	2	1	0,0,0,0,0,0,0,0,0,0,1,0,0	24
3	4009	CERTIFIED_DEFICIT	1428,2016	1,1	2	1	0,0,0,0,0,0,0,0,0,0,1,0,0	24
3	4010	CERTIFIED_DEFICIT	1233,1349	1,1	2	1	0,0,1,0,0,0,0,0,0,0,0,0,0	24
3	4011	CERTIFIED_DEFICIT	1428,2016	1,1	2	1	0,0,0,0,0,0,0,0,0,0,1,0,0	24
3	4012	CERTIFIED_DEFICIT	1428,2016	1,1	2	1	0,0,0,0,0,0,0,0,0,0,1,0,0	24
3	4013	CERTIFIED_DEFICIT	1428,2016	1,1	2	1	0,0,0,0,0,0,0,0,0,0,1,0,0	24
3	4014	CERTIFIED_DEFICIT	1428,2016	1,1	2	1	0,0,0,0,0,0,0,0,0,0,1,0,0	24
3	4015	CERTIFIED_DEFICIT	1428,2016	1,1	2	1	0,0,0,0,0,0,0,0,0,0,1,0,0	24
3	4016	CERTIFIED_DEFICIT	1428,2016	1,1	2	1	0,0,0,0,0,0,0,0,0,0,1,0,0	24
3	4017	CERTIFIED_DEFICIT	1428,2016	1,1	2	1	0,0,0,0,0,0,0,0,0,0,1,0,0	24
3	4018	CERTIFIED_DEFICIT	1367,1381	1,1	2	1	0,0,0,0,0,0,0,0,0,0,0,0,1	24
3	4019	CERTIFIED_DEFICIT	1198,1240	1,1	2	1	0,0,0,0,0,0,0,0,0,0,0,0,1	24
3	4020	CERTIFIED_DEFICIT	1428,2016	1,1	2	1	0,0,0,0,0,0,0,0,0,0,1,0,0	24
3	4021	CERTIFIED_DEFICIT	1428,2016	1,1	2	1	0,0,0,0,0,0,0,0,0,0,1,0,0	24
3	4022	CERTIFIED_DEFICIT	1428,2016	1,1	2	1	0,0,0,0,0,0,0,0,0,0,1,0,0	24
3	4023	CERTIFIED_DEFICIT	1428,2016	1,1	2	1	0,0,0,0,0,0,0,0,0,0,1,0,0	24
3	4024	CERTIFIED_DEFICIT	1428,2016	1,1	2	1	0,0,0,0,0,0,0,0,0,0,1,0,0	24
3	4025	CERTIFIED_DEFICIT	1428,2016	1,1	2	1	0,0,0,0,0,0,0,0,0,0,1,0,0	24
3	4026	CERTIFIED_DEFICIT	1428,2016	1,1	2	1	0,0,0,0,0,0,0,0,0,0,1,0,0	24
3	4027	CERTIFIED_DEFICIT	1233,1255	1,1	2	1	0,0,0,0,1,0,0,0,0,0,0,0,0	24
3	4028	CERTIFIED_DEFICIT	1428,2016	1,1	2	1	0,0,0,0,0,0,0,0,0,0,1,0,0	24
3	4029	CERTIFIED_DEFICIT	1428,2016	1,1	2	1	0,0,0,0,0,0,0,0,0,0,1,0,0	24
3	4030	CERTIFIED_DEFICIT	1428,2016	1,1	2	1	0,0,0,0,0,0,0,0,0,0,1,0,0	24
3	4031	CERTIFIED_DEFICIT	1428,2016	1,1	2	1	0,0,0,0,0,0,0,0,0,0,1,0,0	24
3	4032	CERTIFIED_DEFICIT	1428,2016	1,1	2	1	0,0,0,0,0,0,0,0,0,0,1,0,0	24
3	4033	CERTIFIED_DEFICIT	1271,1285	1,1	2	1	0,0,0,0,0,0,0,0,0,0,0,0,1	24
3	4034	CERTIFIED_DEFICIT	1313	1	1	0	0,0,0,0,0,0,0,0,0,0,0,0,0	0
3	4035	CERTIFIED_DEFICIT	1428,2016	1,1	2	1	0,0,0,0,0,0,0,0,0,0,1,0,0	24
3	4036	CERTIFIED_DEFICIT	1428,2016	1,1	2	1	0,0,0,0,0,0,0,0,0,0,1,0,0	24
3	4037	CERTIFIED_DEFICIT	1428,2016	1,1	2	1	0,0,0,0,0,0,0,0,0,0,1,0,0	24
3	4038	CERTIFIED_DEFICIT	1428,2016	1,1	2	1	0,0,0,0,0,0,0,0,0,0,1,0,0	24
3	4039	CERTIFIED_DEFICIT	1219,1573	1,1	2	1	0,0,0,0,0,0,0,0,0,0,0,0,1	24
3	4040	CERTIFIED_DEFICIT	1199,1205	1,1	2	1	0,0,0,0,0,0,0,0,0,0,0,0,1	24
3	4041	CERTIFIED_DEFICIT	1428,2016	1,1	2	1	0,0,0,0,0,0,0,0,0,0,1,0,0	24
3	4042	CERTIFIED_DEFICIT	1428,2016	1,1	2	1	0,0,0,0,0,0,0,0,0,0,1,0,0	24
3	4043	CERTIFIED_DEFICIT	1428,2016	1,1	2	1	0,0,0,0,0,0,0,0,0,0,1,0,0	24
3	4044	CERTIFIED_DEFICIT	1428,2016	1,1	2	1	0,0,0,0,0,0,0,0,0,0,1,0,0	24
3	4045	CERTIFIED_DEFICIT	1327	1	1	0	0,0,0,0,0,0,0,0,0,0,0,0,0	0
3	4046	CERTIFIED_DEFICIT	1428,2016	1,1	2	1	0,0,0,0,0,0,0,0,0,0,1,0,0	24
3	4047	CERTIFIED_DEFICIT	1428,2016	1,1	2	1	0,0,0,0,0,0,0,0,0,0,1,0,0	24
3	4048	CERTIFIED_DEFICIT	1249,1543	1,1	2	1	0,0,0,0,0,0,0,0,0,0,0,0,1	24
3	4049	CERTIFIED_DEFICIT	1273	1	1	0	0,0,0,0,0,0,0,0,0,0,0,0,0	0
3	4050	CERTIFIED_DEFICIT	1428,2016	1,1	2	1	0,0,0,0,0,0,0,0,0,0,1,0,0	24
3	4051	CERTIFIED_DEFICIT	1428,2016	1,1	2	1	0,0,0,0,0,0,0,0,0,0,1,0,0	24
3	4052	CERTIFIED_DEFICIT	1237	1	1	0	0,0,0,0,0,0,0,0,0,0,0,0,0	0
3	4053	CERTIFIED_DEFICIT	1428,2016	1,1	2	1	0,0,0,0,0,0,0,0,0,0,1,0,0	24
3	4054	CERTIFIED_DEFICIT	1229,1247	1,1	2	1	0,0,0,0,0,0,0,0,0,0,0,0,1	24
3	4055	CERTIFIED_DEFICIT	1227,1241	1,1	2	1	0,0,0,0,0,0,0,0,0,0,0,0,1	24
3	4056	CERTIFIED_DEFICIT	1988	1	1	0	0,0,0,0,0,0,0,0,0,0,0,0,0	0
3	4057	CERTIFIED_DEFICIT	1988	1	1	0	0,0,0,0,0,0,0,0,0,0,0,0,0	0
3	4058	CERTIFIED_DEFICIT	1988	1	1	0	0,0,0,0,0,0,0,0,0,0,0,0,0	0
3	4059	CERTIFIED_DEFICIT	1988	1	1	0	0,0,0,0,0,0,0,0,0,0,0,0,0	0
3	4060	CERTIFIED_DEFICIT	1988	1	1	0	0,0,0,0,0,0,0,0,0,0,0,0,0	0
3	4061	CERTIFIED_DEFICIT	1988	1	1	0	0,0,0,0,0,0,0,0,0,0,0,0,0	0
3	4062	CERTIFIED_DEFICIT	1988	1	1	0	0,0,0,0,0,0,0,0,0,0,0,0,0	0
3	4063	CERTIFIED_DEFICIT	1988	1	1	0	0,0,0,0,0,0,0,0,0,0,0,0,0	0
3	4064	CERTIFIED_DEFICIT	1988	1	1	0	0,0,0,0,0,0,0,0,0,0,0,0,0	0
3	4065	CERTIFIED_DEFICIT	1988	1	1	0	0,0,0,0,0,0,0,0,0,0,0,0,0	0
3	4066	CERTIFIED_DEFICIT	1988	1	1	0	0,0,0,0,0,0,0,0,0,0,0,0,0	0
3	4067	CERTIFIED_DEFICIT	1988	1	1	0	0,0,0,0,0,0,0,0,0,0,0,0,0	0
3	4068	CERTIFIED_DEFICIT	1988	1	1	0	0,0,0,0,0,0,0,0,0,0,0,0,0	0
3	4069	CERTIFIED_DEFICIT	1988	1	1	0	0,0,0,0,0,0,0,0,0,0,0,0,0	0
3	4070	CERTIFIED_DEFICIT	1988	1	1	0	0,0,0,0,0,0,0,0,0,0,0,0,0	0
3	4071	CERTIFIED_DEFICIT	1988	1	1	0	0,0,0,0,0,0,0,0,0,0,0,0,0	0
3	4072	CERTIFIED_DEFICIT	1988	1	1	0	0,0,0,0,0,0,0,0,0,0,0,0,0	0
3	4073	CERTIFIED_DEFICIT	1988	1	1	0	0,0,0,0,0,0,0,0,0,0,0,0,0	0
3	4074	CERTIFIED_DEFICIT	1988	1	1	0	0,0,0,0,0,0,0,0,0,0,0,0,0	0
3	4075	CERTIFIED_DEFICIT	1988	1	1	0	0,0,0,0,0,0,0,0,0,0,0,0,0	0
3	4076	CERTIFIED_DEFICIT	1988	1	1	0	0,0,0,0,0,0,0,0,0,0,0,0,0	0
3	4077	CERTIFIED_DEFICIT	1988	1	1	0	0,0,0,0,0,0,0,0,0,0,0,0,0	0
3	4078	CERTIFIED_DEFICIT	1988	1	1	0	0,0,0,0,0,0,0,0,0,0,0,0,0	0
3	4079	CERTIFIED_DEFICIT	1988	1	1	0	0,0,0,0,0,0,0,0,0,0,0,0,0	0
3	4080	CERTIFIED_DEFICIT	1988	1	1	0	0,0,0,0,0,0,0,0,0,0,0,0,0	0
3	4081	CERTIFIED_DEFICIT	1988	1	1	0	0,0,0,0,0,0,0,0,0,0,0,0,0	0
3	4082	CERTIFIED_DEFICIT	1988	1	1	0	0,0,0,0,0,0,0,0,0,0,0,0,0	0
3	4083	CERTIFIED_DEFICIT	1988	1	1	0	0,0,0,0,0,0,0,0,0,0,0,0,0	0
3	4084	CERTIFIED_DEFICIT	1988	1	1	0	0,0,0,0,0,0,0,0,0,0,0,0,0	0
3	4085	CERTIFIED_DEFICIT	1988	1	1	0	0,0,0,0,0,0,0,0,0,0,0,0,0	0
3	4086	CERTIFIED_DEFICIT	1988	1	1	0	0,0,0,0,0,0,0,0,0,0,0,0,0	0
3	4087	CERTIFIED_DEFICIT	1988	1	1	0	0,0,0,0,0,0,0,0,0,0,0,0,0	0
3	4088	CERTIFIED_DEFICIT	1988	1	1	0	0,0,0,0,0,0,0,0,0,0,0,0,0	0
3	4089	CERTIFIED_DEFICIT	1988	1	1	0	0,0,0,0,0,0,0,0,0,0,0,0,0	0
3	4090	CERTIFIED_DEFICIT	1988	1	1	0	0,0,0,0,0,0,0,0,0,0,0,0,0	0
3	4091	CERTIFIED_DEFICIT	1988	1	1	0	0,0,0,0,0,0,0,0,0,0,0,0,0	0
3	4092	CERTIFIED_DEFICIT	1988	1	1	0	0,0,0,0,0,0,0,0,0,0,0,0,0	0
3	4093	CERTIFIED_DEFICIT	1988	1	1	0	0,0,0,0,0,0,0,0,0,0,0,0,0	0
3	4094	CERTIFIED_DEFICIT	1988	1	1	0	0,0,0,0,0,0,0,0,0,0,0,0,0	0
3	4095	CERTIFIED_DEFICIT	1988	1	1	0	0,0,0,0,0,0,0,0,0,0,0,0,0	0
3	4096	CERTIFIED_DEFICIT	1988	1	1	0	0,0,0,0,0,0,0,0,0,0,0,0,0	0
3	4097	CERTIFIED_DEFICIT	1988	1	1	0	0,0,0,0,0,0,0,0,0,0,0,0,0	0
3	4098	CERTIFIED_DEFICIT	1988	1	1	0	0,0,0,0,0,0,0,0,0,0,0,0,0	0
3	4099	CERTIFIED_DEFICIT	1988	1	1	0	0,0,0,0,0,0,0,0,0,0,0,0,0	0
3	4100	CERTIFIED_DEFICIT	1988	1	1	0	0,0,0,0,0,0,0,0,0,0,0,0,0	0
3	4101	CERTIFIED_DEFICIT	1988	1	1	0	0,0,0,0,0,0,0,0,0,0,0,0,0	0
3	4102	CERTIFIED_DEFICIT	1988	1	1	0	0,0,0,0,0,0,0,0,0,0,0,0,0	0
3	4103	CERTIFIED_DEFICIT	1988	1	1	0	0,0,0,0,0,0,0,0,0,0,0,0,0	0
3	4104	CERTIFIED_DEFICIT	1988	1	1	0	0,0,0,0,0,0,0,0,0,0,0,0,0	0
3	4105	CERTIFIED_DEFICIT	1988	1	1	0	0,0,0,0,0,0,0,0,0,0,0,0,0	0
3	4106	CERTIFIED_DEFICIT	1988	1	1	0	0,0,0,0,0,0,0,0,0,0,0,0,0	0
3	4107	CERTIFIED_DEFICIT	1988	1	1	0	0,0,0,0,0,0,0,0,0,0,0,0,0	0
3	4108	CERTIFIED_DEFICIT	1988	1	1	0	0,0,0,0,0,0,0,0,0,0,0,0,0	0
3	4109	CERTIFIED_DEFICIT	1988	1	1	0	0,0,0,0,0,0,0,0,0,0,0,0,0	0
3	4110	CERTIFIED_DEFICIT	1988	1	1	0	0,0,0,0,0,0,0,0,0,0,0,0,0	0
3	4111	CERTIFIED_DEFICIT	1988	1	1	0	0,0,0,0,0,0,0,0,0,0,0,0,0	0
3	4112	CERTIFIED_DEFICIT	1313	1	1	0	0,0,0,0,0,0,0,0,0,0,0,0,0	0
3	4113	CERTIFIED_DEFICIT	1988	1	1	0	0,0,0,0,0,0,0,0,0,0,0,0,0	0
3	4114	CERTIFIED_DEFICIT	1988	1	1	0	0,0,0,0,0,0,0,0,0,0,0,0,0	0
3	4115	CERTIFIED_DEFICIT	1988	1	1	0	0,0,0,0,0,0,0,0,0,0,0,0,0	0
3	4116	CERTIFIED_DEFICIT	1988	1	1	0	0,0,0,0,0,0,0,0,0,0,0,0,0	0
3	4117	CERTIFIED_DEFICIT	1988	1	1	0	0,0,0,0,0,0,0,0,0,0,0,0,0	0
3	4118	CERTIFIED_DEFICIT	1988	1	1	0	0,0,0,0,0,0,0,0,0,0,0,0,0	0
3	4119	CERTIFIED_DEFICIT	1988	1	1	0	0,0,0,0,0,0,0,0,0,0,0,0,0	0
3	4120	CERTIFIED_DEFICIT	1988	1	1	0	0,0,0,0,0,0,0,0,0,0,0,0,0	0
3	4121	CERTIFIED_DEFICIT	1988	1	1	0	0,0,0,0,0,0,0,0,0,0,0,0,0	0
3	4122	CERTIFIED_DEFICIT	1988	1	1	0	0,0,0,0,0,0,0,0,0,0,0,0,0	0
3	4123	CERTIFIED_DEFICIT	1327	1	1	0	0,0,0,0,0,0,0,0,0,0,0,0,0	0
3	4124	CERTIFIED_DEFICIT	1988	1	1	0	0,0,0,0,0,0,0,0,0,0,0,0,0	0
3	4125	CERTIFIED_DEFICIT	1988	1	1	0	0,0,0,0,0,0,0,0,0,0,0,0,0	0
3	4126	CERTIFIED_DEFICIT	1988	1	1	0	0,0,0,0,0,0,0,0,0,0,0,0,0	0
3	4127	CERTIFIED_DEFICIT	1273	1	1	0	0,0,0,0,0,0,0,0,0,0,0,0,0	0
3	4128	CERTIFIED_DEFICIT	1988	1	1	0	0,0,0,0,0,0,0,0,0,0,0,0,0	0
3	4129	CERTIFIED_DEFICIT	1988	1	1	0	0,0,0,0,0,0,0,0,0,0,0,0,0	0
3	4130	CERTIFIED_DEFICIT	1237	1	1	0	0,0,0,0,0,0,0,0,0,0,0,0,0	0
3	4131	CERTIFIED_DEFICIT	1988	1	1	0	0,0,0,0,0,0,0,0,0,0,0,0,0	0
3	4132	CERTIFIED_DEFICIT	1988	1	1	0	0,0,0,0,0,0,0,0,0,0,0,0,0	0
3	4133	CERTIFIED_DEFICIT	1988	1	1	0	0,0,0,0,0,0,0,0,0,0,0,0,0	0
3	4134	CERTIFIED_DEFICIT	1498	1	1	0	0,0,0,0,0,0,0,0,0,0,0,0,0	0
3	4135	CERTIFIED_DEFICIT	1498	1	1	0	0,0,0,0,0,0,0,0,0,0,0,0,0	0
3	4136	CERTIFIED_DEFICIT	1498	1	1	0	0,0,0,0,0,0,0,0,0,0,0,0,0	0
3	4137	CERTIFIED_DEFICIT	1498	1	1	0	0,0,0,0,0,0,0,0,0,0,0,0,0	0
3	4138	CERTIFIED_DEFICIT	1498	1	1	0	0,0,0,0,0,0,0,0,0,0,0,0,0	0
3	4139	CERTIFIED_DEFICIT	1498	1	1	0	0,0,0,0,0,0,0,0,0,0,0,0,0	0
3	4140	CERTIFIED_DEFICIT	1498	1	1	0	0,0,0,0,0,0,0,0,0,0,0,0,0	0
3	4141	CERTIFIED_DEFICIT	1498	1	1	0	0,0,0,0,0,0,0,0,0,0,0,0,0	0
3	4142	CERTIFIED_DEFICIT	1498	1	1	0	0,0,0,0,0,0,0,0,0,0,0,0,0	0
3	4143	CERTIFIED_DEFICIT	1498	1	1	0	0,0,0,0,0,0,0,0,0,0,0,0,0	0
3	4144	CERTIFIED_DEFICIT	1498	1	1	0	0,0,0,0,0,0,0,0,0,0,0,0,0	0
3	4145	CERTIFIED_DEFICIT	1498	1	1	0	0,0,0,0,0,0,0,0,0,0,0,0,0	0
3	4146	CERTIFIED_DEFICIT	1498	1	1	0	0,0,0,0,0,0,0,0,0,0,0,0,0	0
3	4147	CERTIFIED_DEFICIT	1498	1	1	0	0,0,0,0,0,0,0,0,0,0,0,0,0	0
3	4148	CERTIFIED_DEFICIT	1498	1	1	0	0,0,0,0,0,0,0,0,0,0,0,0,0	0
3	4149	CERTIFIED_DEFICIT	1498	1	1	0	0,0,0,0,0,0,0,0,0,0,0,0,0	0
3	4150	CERTIFIED_DEFICIT	1498	1	1	0	0,0,0,0,0,0,0,0,0,0,0,0,0	0
3	4151	CERTIFIED_DEFICIT	1498	1	1	0	0,0,0,0,0,0,0,0,0,0,0,0,0	0
3	4152	CERTIFIED_DEFICIT	1498	1	1	0	0,0,0,0,0,0,0,0,0,0,0,0,0	0
3	4153	CERTIFIED_DEFICIT	1498	1	1	0	0,0,0,0,0,0,0,0,0,0,0,0,0	0
3	4154	CERTIFIED_DEFICIT	1498	1	1	0	0,0,0,0,0,0,0,0,0,0,0,0,0	0
3	4155	CERTIFIED_DEFICIT	1498	1	1	0	0,0,0,0,0,0,0,0,0,0,0,0,0	0
3	4156	CERTIFIED_DEFICIT	1498	1	1	0	0,0,0,0,0,0,0,0,0,0,0,0,0	0
3	4157	CERTIFIED_DEFICIT	1498	1	1	0	0,0,0,0,0,0,0,0,0,0,0,0,0	0
3	4158	CERTIFIED_DEFICIT	1498	1	1	0	0,0,0,0,0,0,0,0,0,0,0,0,0	0
3	4159	CERTIFIED_DEFICIT	1498	1	1	0	0,0,0,0,0,0,0,0,0,0,0,0,0	0
3	4160	CERTIFIED_DEFICIT	1498	1	1	0	0,0,0,0,0,0,0,0,0,0,0,0,0	0
3	4161	CERTIFIED_DEFICIT	1498	1	1	0	0,0,0,0,0,0,0,0,0,0,0,0,0	0
3	4162	CERTIFIED_DEFICIT	1498	1	1	0	0,0,0,0,0,0,0,0,0,0,0,0,0	0
3	4163	CERTIFIED_DEFICIT	1498	1	1	0	0,0,0,0,0,0,0,0,0,0,0,0,0	0
3	4164	CERTIFIED_DEFICIT	1498	1	1	0	0,0,0,0,0,0,0,0,0,0,0,0,0	0
3	4165	CERTIFIED_DEFICIT	1498	1	1	0	0,0,0,0,0,0,0,0,0,0,0,0,0	0
3	4166	CERTIFIED_DEFICIT	1498	1	1	0	0,0,0,0,0,0,0,0,0,0,0,0,0	0
3	4167	CERTIFIED_DEFICIT	1498	1	1	0	0,0,0,0,0,0,0,0,0,0,0,0,0	0
3	4168	CERTIFIED_DEFICIT	1498	1	1	0	0,0,0,0,0,0,0,0,0,0,0,0,0	0
3	4169	CERTIFIED_DEFICIT	1498	1	1	0	0,0,0,0,0,0,0,0,0,0,0,0,0	0
3	4170	CERTIFIED_DEFICIT	1498	1	1	0	0,0,0,0,0,0,0,0,0,0,0,0,0	0
3	4171	CERTIFIED_DEFICIT	1498	1	1	0	0,0,0,0,0,0,0,0,0,0,0,0,0	0
3	4172	CERTIFIED_DEFICIT	1498	1	1	0	0,0,0,0,0,0,0,0,0,0,0,0,0	0
3	4173	CERTIFIED_DEFICIT	1498	1	1	0	0,0,0,0,0,0,0,0,0,0,0,0,0	0
3	4174	CERTIFIED_DEFICIT	1498	1	1	0	0,0,0,0,0,0,0,0,0,0,0,0,0	0
3	4175	CERTIFIED_DEFICIT	1498	1	1	0	0,0,0,0,0,0,0,0,0,0,0,0,0	0
3	4176	CERTIFIED_DEFICIT	1498	1	1	0	0,0,0,0,0,0,0,0,0,0,0,0,0	0
3	4177	CERTIFIED_DEFICIT	1498	1	1	0	0,0,0,0,0,0,0,0,0,0,0,0,0	0
3	4178	CERTIFIED_DEFICIT	1498	1	1	0	0,0,0,0,0,0,0,0,0,0,0,0,0	0
3	4179	CERTIFIED_DEFICIT	1498	1	1	0	0,0,0,0,0,0,0,0,0,0,0,0,0	0
3	4180	CERTIFIED_DEFICIT	1498	1	1	0	0,0,0,0,0,0,0,0,0,0,0,0,0	0
3	4181	CERTIFIED_DEFICIT	1498	1	1	0	0,0,0,0,0,0,0,0,0,0,0,0,0	0
3	4182	CERTIFIED_DEFICIT	1498	1	1	0	0,0,0,0,0,0,0,0,0,0,0,0,0	0
3	4183	CERTIFIED_DEFICIT	1498	1	1	0	0,0,0,0,0,0,0,0,0,0,0,0,0	0
3	4184	CERTIFIED_DEFICIT	1498	1	1	0	0,0,0,0,0,0,0,0,0,0,0,0,0	0
3	4185	CERTIFIED_DEFICIT	1498	1	1	0	0,0,0,0,0,0,0,0,0,0,0,0,0	0
3	4186	CERTIFIED_DEFICIT	1498	1	1	0	0,0,0,0,0,0,0,0,0,0,0,0,0	0
3	4187	CERTIFIED_DEFICIT	1498	1	1	0	0,0,0,0,0,0,0,0,0,0,0,0,0	0
3	4188	CERTIFIED_DEFICIT	1498	1	1	0	0,0,0,0,0,0,0,0,0,0,0,0,0	0
3	4189	CERTIFIED_DEFICIT	1498	1	1	0	0,0,0,0,0,0,0,0,0,0,0,0,0	0
3	4190	CERTIFIED_DEFICIT	1313	1	1	0	0,0,0,0,0,0,0,0,0,0,0,0,0	0
3	4191	CERTIFIED_DEFICIT	1498	1	1	0	0,0,0,0,0,0,0,0,0,0,0,0,0	0
3	4192	CERTIFIED_DEFICIT	1498	1	1	0	0,0,0,0,0,0,0,0,0,0,0,0,0	0
3	4193	CERTIFIED_DEFICIT	1498	1	1	0	0,0,0,0,0,0,0,0,0,0,0,0,0	0
3	4194	CERTIFIED_DEFICIT	1498	1	1	0	0,0,0,0,0,0,0,0,0,0,0,0,0	0
3	4195	CERTIFIED_DEFICIT	1498	1	1	0	0,0,0,0,0,0,0,0,0,0,0,0,0	0
3	4196	CERTIFIED_DEFICIT	1498	1	1	0	0,0,0,0,0,0,0,0,0,0,0,0,0	0
3	4197	CERTIFIED_DEFICIT	1498	1	1	0	0,0,0,0,0,0,0,0,0,0,0,0,0	0
3	4198	CERTIFIED_DEFICIT	1498	1	1	0	0,0,0,0,0,0,0,0,0,0,0,0,0	0
3	4199	CERTIFIED_DEFICIT	1498	1	1	0	0,0,0,0,0,0,0,0,0,0,0,0,0	0
3	4200	CERTIFIED_DEFICIT	1498	1	1	0	0,0,0,0,0,0,0,0,0,0,0,0,0	0
3	4201	CERTIFIED_DEFICIT	1327	1	1	0	0,0,0,0,0,0,0,0,0,0,0,0,0	0
3	4202	CERTIFIED_DEFICIT	1498	1	1	0	0,0,0,0,0,0,0,0,0,0,0,0,0	0
3	4203	CERTIFIED_DEFICIT	1498	1	1	0	0,0,0,0,0,0,0,0,0,0,0,0,0	0
3	4204	CERTIFIED_DEFICIT	1498	1	1	0	0,0,0,0,0,0,0,0,0,0,0,0,0	0
3	4205	CERTIFIED_DEFICIT	1273	1	1	0	0,0,0,0,0,0,0,0,0,0,0,0,0	0
3	4206	CERTIFIED_DEFICIT	1498	1	1	0	0,0,0,0,0,0,0,0,0,0,0,0,0	0
3	4207	CERTIFIED_DEFICIT	1498	1	1	0	0,0,0,0,0,0,0,0,0,0,0,0,0	0
3	4208	CERTIFIED_DEFICIT	1237	1	1	0	0,0,0,0,0,0,0,0,0,0,0,0,0	0
3	4209	CERTIFIED_DEFICIT	1498	1	1	0	0,0,0,0,0,0,0,0,0,0,0,0,0	0
3	4210	CERTIFIED_DEFICIT	1498	1	1	0	0,0,0,0,0,0,0,0,0,0,0,0,0	0
3	4211	CERTIFIED_DEFICIT	1498	1	1	0	0,0,0,0,0,0,0,0,0,0,0,0,0	0
3	4212	CERTIFIED_DEFICIT	1428	1	1	0	0,0,0,0,0,0,0,0,0,0,0,0,0	0
3	4213	CERTIFIED_DEFICIT	1428	1	1	0	0,0,0,0,0,0,0,0,0,0,0,0,0	0
3	4214	CERTIFIED_DEFICIT	1428	1	1	0	0,0,0,0,0,0,0,0,0,0,0,0,0	0
3	4215	CERTIFIED_DEFICIT	1428	1	1	0	0,0,0,0,0,0,0,0,0,0,0,0,0	0
3	4216	CERTIFIED_DEFICIT	1428	1	1	0	0,0,0,0,0,0,0,0,0,0,0,0,0	0
3	4217	CERTIFIED_DEFICIT	1428	1	1	0	0,0,0,0,0,0,0,0,0,0,0,0,0	0
3	4218	CERTIFIED_DEFICIT	1428	1	1	0	0,0,0,0,0,0,0,0,0,0,0,0,0	0
3	4219	CERTIFIED_DEFICIT	1428	1	1	0	0,0,0,0,0,0,0,0,0,0,0,0,0	0
3	4220	CERTIFIED_DEFICIT	1428	1	1	0	0,0,0,0,0,0,0,0,0,0,0,0,0	0
3	4221	CERTIFIED_DEFICIT	1428	1	1	0	0,0,0,0,0,0,0,0,0,0,0,0,0	0
3	4222	CERTIFIED_DEFICIT	1428	1	1	0	0,0,0,0,0,0,0,0,0,0,0,0,0	0
3	4223	CERTIFIED_DEFICIT	1428	1	1	0	0,0,0,0,0,0,0,0,0,0,0,0,0	0
3	4224	CERTIFIED_DEFICIT	1428	1	1	0	0,0,0,0,0,0,0,0,0,0,0,0,0	0
3	4225	CERTIFIED_DEFICIT	1428	1	1	0	0,0,0,0,0,0,0,0,0,0,0,0,0	0
3	4226	CERTIFIED_DEFICIT	1428	1	1	0	0,0,0,0,0,0,0,0,0,0,0,0,0	0
3	4227	CERTIFIED_DEFICIT	1428	1	1	0	0,0,0,0,0,0,0,0,0,0,0,0,0	0
3	4228	CERTIFIED_DEFICIT	1428	1	1	0	0,0,0,0,0,0,0,0,0,0,0,0,0	0
3	4229	CERTIFIED_DEFICIT	1428	1	1	0	0,0,0,0,0,0,0,0,0,0,0,0,0	0
3	4230	CERTIFIED_DEFICIT	1428	1	1	0	0,0,0,0,0,0,0,0,0,0,0,0,0	0
3	4231	CERTIFIED_DEFICIT	1428	1	1	0	0,0,0,0,0,0,0,0,0,0,0,0,0	0
3	4232	CERTIFIED_DEFICIT	1428	1	1	0	0,0,0,0,0,0,0,0,0,0,0,0,0	0
3	4233	CERTIFIED_DEFICIT	1428	1	1	0	0,0,0,0,0,0,0,0,0,0,0,0,0	0
3	4234	CERTIFIED_DEFICIT	1428	1	1	0	0,0,0,0,0,0,0,0,0,0,0,0,0	0
3	4235	CERTIFIED_DEFICIT	1428	1	1	0	0,0,0,0,0,0,0,0,0,0,0,0,0	0
3	4236	CERTIFIED_DEFICIT	1428	1	1	0	0,0,0,0,0,0,0,0,0,0,0,0,0	0
3	4237	CERTIFIED_DEFICIT	1428	1	1	0	0,0,0,0,0,0,0,0,0,0,0,0,0	0
3	4238	CERTIFIED_DEFICIT	1428	1	1	0	0,0,0,0,0,0,0,0,0,0,0,0,0	0
3	4239	CERTIFIED_DEFICIT	1428	1	1	0	0,0,0,0,0,0,0,0,0,0,0,0,0	0
3	4240	CERTIFIED_DEFICIT	1428	1	1	0	0,0,0,0,0,0,0,0,0,0,0,0,0	0
3	4241	CERTIFIED_DEFICIT	1428	1	1	0	0,0,0,0,0,0,0,0,0,0,0,0,0	0
3	4242	CERTIFIED_DEFICIT	1428	1	1	0	0,0,0,0,0,0,0,0,0,0,0,0,0	0
3	4243	CERTIFIED_DEFICIT	1428	1	1	0	0,0,0,0,0,0,0,0,0,0,0,0,0	0
3	4244	CERTIFIED_DEFICIT	1428	1	1	0	0,0,0,0,0,0,0,0,0,0,0,0,0	0
3	4245	CERTIFIED_DEFICIT	1428	1	1	0	0,0,0,0,0,0,0,0,0,0,0,0,0	0
3	4246	CERTIFIED_DEFICIT	1428	1	1	0	0,0,0,0,0,0,0,0,0,0,0,0,0	0
3	4247	CERTIFIED_DEFICIT	1428	1	1	0	0,0,0,0,0,0,0,0,0,0,0,0,0	0
3	4248	CERTIFIED_DEFICIT	1428	1	1	0	0,0,0,0,0,0,0,0,0,0,0,0,0	0
3	4249	CERTIFIED_DEFICIT	1428	1	1	0	0,0,0,0,0,0,0,0,0,0,0,0,0	0
3	4250	CERTIFIED_DEFICIT	1428	1	1	0	0,0,0,0,0,0,0,0,0,0,0,0,0	0
3	4251	CERTIFIED_DEFICIT	1428	1	1	0	0,0,0,0,0,0,0,0,0,0,0,0,0	0
3	4252	CERTIFIED_DEFICIT	1428	1	1	0	0,0,0,0,0,0,0,0,0,0,0,0,0	0
3	4253	CERTIFIED_DEFICIT	1428	1	1	0	0,0,0,0,0,0,0,0,0,0,0,0,0	0
3	4254	CERTIFIED_DEFICIT	1428	1	1	0	0,0,0,0,0,0,0,0,0,0,0,0,0	0
3	4255	CERTIFIED_DEFICIT	1428	1	1	0	0,0,0,0,0,0,0,0,0,0,0,0,0	0
3	4256	CERTIFIED_DEFICIT	1428	1	1	0	0,0,0,0,0,0,0,0,0,0,0,0,0	0
3	4257	CERTIFIED_DEFICIT	1428	1	1	0	0,0,0,0,0,0,0,0,0,0,0,0,0	0
3	4258	CERTIFIED_DEFICIT	1428	1	1	0	0,0,0,0,0,0,0,0,0,0,0,0,0	0
3	4259	CERTIFIED_DEFICIT	1428	1	1	0	0,0,0,0,0,0,0,0,0,0,0,0,0	0
3	4260	CERTIFIED_DEFICIT	1428	1	1	0	0,0,0,0,0,0,0,0,0,0,0,0,0	0
3	4261	CERTIFIED_DEFICIT	1428	1	1	0	0,0,0,0,0,0,0,0,0,0,0,0,0	0
3	4262	CERTIFIED_DEFICIT	1428	1	1	0	0,0,0,0,0,0,0,0,0,0,0,0,0	0
3	4263	CERTIFIED_DEFICIT	1428	1	1	0	0,0,0,0,0,0,0,0,0,0,0,0,0	0
3	4264	CERTIFIED_DEFICIT	1428	1	1	0	0,0,0,0,0,0,0,0,0,0,0,0,0	0
3	4265	CERTIFIED_DEFICIT	1428	1	1	0	0,0,0,0,0,0,0,0,0,0,0,0,0	0
3	4266	CERTIFIED_DEFICIT	1428	1	1	0	0,0,0,0,0,0,0,0,0,0,0,0,0	0
3	4267	CERTIFIED_DEFICIT	1428	1	1	0	0,0,0,0,0,0,0,0,0,0,0,0,0	0
3	4268	CERTIFIED_DEFICIT	1313	1	1	0	0,0,0,0,0,0,0,0,0,0,0,0,0	0
3	4269	CERTIFIED_DEFICIT	1428	1	1	0	0,0,0,0,0,0,0,0,0,0,0,0,0	0
3	4270	CERTIFIED_DEFICIT	1428	1	1	0	0,0,0,0,0,0,0,0,0,0,0,0,0	0
3	4271	CERTIFIED_DEFICIT	1428	1	1	0	0,0,0,0,0,0,0,0,0,0,0,0,0	0
3	4272	CERTIFIED_DEFICIT	1428	1	1	0	0,0,0,0,0,0,0,0,0,0,0,0,0	0
3	4273	CERTIFIED_DEFICIT	1428	1	1	0	0,0,0,0,0,0,0,0,0,0,0,0,0	0
3	4274	CERTIFIED_DEFICIT	1428	1	1	0	0,0,0,0,0,0,0,0,0,0,0,0,0	0
3	4275	CERTIFIED_DEFICIT	1428	1	1	0	0,0,0,0,0,0,0,0,0,0,0,0,0	0
3	4276	CERTIFIED_DEFICIT	1428	1	1	0	0,0,0,0,0,0,0,0,0,0,0,0,0	0
3	4277	CERTIFIED_DEFICIT	1428	1	1	0	0,0,0,0,0,0,0,0,0,0,0,0,0	0
3	4278	CERTIFIED_DEFICIT	1428	1	1	0	0,0,0,0,0,0,0,0,0,0,0,0,0	0
3	4279	CERTIFIED_DEFICIT	1327	1	1	0	0,0,0,0,0,0,0,0,0,0,0,0,0	0
3	4280	CERTIFIED_DEFICIT	1428	1	1	0	0,0,0,0,0,0,0,0,0,0,0,0,0	0
3	4281	CERTIFIED_DEFICIT	1428	1	1	0	0,0,0,0,0,0,0,0,0,0,0,0,0	0
3	4282	CERTIFIED_DEFICIT	1428	1	1	0	0,0,0,0,0,0,0,0,0,0,0,0,0	0
3	4283	CERTIFIED_DEFICIT	1273	1	1	0	0,0,0,0,0,0,0,0,0,0,0,0,0	0
3	4284	CERTIFIED_DEFICIT	1428	1	1	0	0,0,0,0,0,0,0,0,0,0,0,0,0	0
3	4285	CERTIFIED_DEFICIT	1428	1	1	0	0,0,0,0,0,0,0,0,0,0,0,0,0	0
3	4286	CERTIFIED_DEFICIT	1237	1	1	0	0,0,0,0,0,0,0,0,0,0,0,0,0	0
3	4287	CERTIFIED_DEFICIT	1428	1	1	0	0,0,0,0,0,0,0,0,0,0,0,0,0	0
3	4288	CERTIFIED_DEFICIT	1428	1	1	0	0,0,0,0,0,0,0,0,0,0,0,0,0	0
3	4289	CERTIFIED_DEFICIT	1428	1	1	0	0,0,0,0,0,0,0,0,0,0,0,0,0	0
3	4290	CERTIFIED_DEFICIT	1456	1	1	0	0,0,0,0,0,0,0,0,0,0,0,0,0	0
3	4291	CERTIFIED_DEFICIT	1456	1	1	0	0,0,0,0,0,0,0,0,0,0,0,0,0	0
3	4292	CERTIFIED_DEFICIT	1456	1	1	0	0,0,0,0,0,0,0,0,0,0,0,0,0	0
3	4293	CERTIFIED_DEFICIT	1456	1	1	0	0,0,0,0,0,0,0,0,0,0,0,0,0	0
3	4294	CERTIFIED_DEFICIT	1456	1	1	0	0,0,0,0,0,0,0,0,0,0,0,0,0	0
3	4295	CERTIFIED_DEFICIT	1456	1	1	0	0,0,0,0,0,0,0,0,0,0,0,0,0	0
3	4296	CERTIFIED_DEFICIT	1456	1	1	0	0,0,0,0,0,0,0,0,0,0,0,0,0	0
3	4297	CERTIFIED_DEFICIT	1456	1	1	0	0,0,0,0,0,0,0,0,0,0,0,0,0	0
3	4298	CERTIFIED_DEFICIT	1456	1	1	0	0,0,0,0,0,0,0,0,0,0,0,0,0	0
3	4299	CERTIFIED_DEFICIT	1456	1	1	0	0,0,0,0,0,0,0,0,0,0,0,0,0	0
3	4300	CERTIFIED_DEFICIT	1456	1	1	0	0,0,0,0,0,0,0,0,0,0,0,0,0	0
3	4301	CERTIFIED_DEFICIT	1456	1	1	0	0,0,0,0,0,0,0,0,0,0,0,0,0	0
3	4302	CERTIFIED_DEFICIT	1456	1	1	0	0,0,0,0,0,0,0,0,0,0,0,0,0	0
3	4303	CERTIFIED_DEFICIT	1456	1	1	0	0,0,0,0,0,0,0,0,0,0,0,0,0	0
3	4304	CERTIFIED_DEFICIT	1456	1	1	0	0,0,0,0,0,0,0,0,0,0,0,0,0	0
3	4305	CERTIFIED_DEFICIT	1456	1	1	0	0,0,0,0,0,0,0,0,0,0,0,0,0	0
3	4306	CERTIFIED_DEFICIT	1456	1	1	0	0,0,0,0,0,0,0,0,0,0,0,0,0	0
3	4307	CERTIFIED_DEFICIT	1456	1	1	0	0,0,0,0,0,0,0,0,0,0,0,0,0	0
3	4308	CERTIFIED_DEFICIT	1456	1	1	0	0,0,0,0,0,0,0,0,0,0,0,0,0	0
3	4309	CERTIFIED_DEFICIT	1456	1	1	0	0,0,0,0,0,0,0,0,0,0,0,0,0	0
3	4310	CERTIFIED_DEFICIT	1456	1	1	0	0,0,0,0,0,0,0,0,0,0,0,0,0	0
3	4311	CERTIFIED_DEFICIT	1456	1	1	0	0,0,0,0,0,0,0,0,0,0,0,0,0	0
3	4312	CERTIFIED_DEFICIT	1456	1	1	0	0,0,0,0,0,0,0,0,0,0,0,0,0	0
3	4313	CERTIFIED_DEFICIT	1456	1	1	0	0,0,0,0,0,0,0,0,0,0,0,0,0	0
3	4314	CERTIFIED_DEFICIT	1456	1	1	0	0,0,0,0,0,0,0,0,0,0,0,0,0	0
3	4315	CERTIFIED_DEFICIT	1456	1	1	0	0,0,0,0,0,0,0,0,0,0,0,0,0	0
3	4316	CERTIFIED_DEFICIT	1456	1	1	0	0,0,0,0,0,0,0,0,0,0,0,0,0	0
3	4317	CERTIFIED_DEFICIT	1456	1	1	0	0,0,0,0,0,0,0,0,0,0,0,0,0	0
3	4318	CERTIFIED_DEFICIT	1456	1	1	0	0,0,0,0,0,0,0,0,0,0,0,0,0	0
3	4319	CERTIFIED_DEFICIT	1456	1	1	0	0,0,0,0,0,0,0,0,0,0,0,0,0	0
3	4320	CERTIFIED_DEFICIT	1456	1	1	0	0,0,0,0,0,0,0,0,0,0,0,0,0	0
3	4321	CERTIFIED_DEFICIT	1456	1	1	0	0,0,0,0,0,0,0,0,0,0,0,0,0	0
3	4322	CERTIFIED_DEFICIT	1456	1	1	0	0,0,0,0,0,0,0,0,0,0,0,0,0	0
3	4323	CERTIFIED_DEFICIT	1456	1	1	0	0,0,0,0,0,0,0,0,0,0,0,0,0	0
3	4324	CERTIFIED_DEFICIT	1456	1	1	0	0,0,0,0,0,0,0,0,0,0,0,0,0	0
3	4325	CERTIFIED_DEFICIT	1456	1	1	0	0,0,0,0,0,0,0,0,0,0,0,0,0	0
3	4326	CERTIFIED_DEFICIT	1456	1	1	0	0,0,0,0,0,0,0,0,0,0,0,0,0	0
3	4327	CERTIFIED_DEFICIT	1456	1	1	0	0,0,0,0,0,0,0,0,0,0,0,0,0	0
3	4328	CERTIFIED_DEFICIT	1456	1	1	0	0,0,0,0,0,0,0,0,0,0,0,0,0	0
3	4329	CERTIFIED_DEFICIT	1456	1	1	0	0,0,0,0,0,0,0,0,0,0,0,0,0	0
3	4330	CERTIFIED_DEFICIT	1456	1	1	0	0,0,0,0,0,0,0,0,0,0,0,0,0	0
3	4331	CERTIFIED_DEFICIT	1456	1	1	0	0,0,0,0,0,0,0,0,0,0,0,0,0	0
3	4332	CERTIFIED_DEFICIT	1456	1	1	0	0,0,0,0,0,0,0,0,0,0,0,0,0	0
3	4333	CERTIFIED_DEFICIT	1456	1	1	0	0,0,0,0,0,0,0,0,0,0,0,0,0	0
3	4334	CERTIFIED_DEFICIT	1456	1	1	0	0,0,0,0,0,0,0,0,0,0,0,0,0	0
3	4335	CERTIFIED_DEFICIT	1456	1	1	0	0,0,0,0,0,0,0,0,0,0,0,0,0	0
3	4336	CERTIFIED_DEFICIT	1456	1	1	0	0,0,0,0,0,0,0,0,0,0,0,0,0	0
3	4337	CERTIFIED_DEFICIT	1456	1	1	0	0,0,0,0,0,0,0,0,0,0,0,0,0	0
3	4338	CERTIFIED_DEFICIT	1456	1	1	0	0,0,0,0,0,0,0,0,0,0,0,0,0	0
3	4339	CERTIFIED_DEFICIT	1456	1	1	0	0,0,0,0,0,0,0,0,0,0,0,0,0	0
3	4340	CERTIFIED_DEFICIT	1456	1	1	0	0,0,0,0,0,0,0,0,0,0,0,0,0	0
3	4341	CERTIFIED_DEFICIT	1456	1	1	0	0,0,0,0,0,0,0,0,0,0,0,0,0	0
3	4342	CERTIFIED_DEFICIT	1456	1	1	0	0,0,0,0,0,0,0,0,0,0,0,0,0	0
3	4343	CERTIFIED_DEFICIT	1456	1	1	0	0,0,0,0,0,0,0,0,0,0,0,0,0	0
3	4344	CERTIFIED_DEFICIT	1456	1	1	0	0,0,0,0,0,0,0,0,0,0,0,0,0	0
3	4345	CERTIFIED_DEFICIT	1456	1	1	0	0,0,0,0,0,0,0,0,0,0,0,0,0	0
3	4346	CERTIFIED_DEFICIT	1313	1	1	0	0,0,0,0,0,0,0,0,0,0,0,0,0	0
3	4347	CERTIFIED_DEFICIT	1456	1	1	0	0,0,0,0,0,0,0,0,0,0,0,0,0	0
3	4348	CERTIFIED_DEFICIT	1456	1	1	0	0,0,0,0,0,0,0,0,0,0,0,0,0	0
3	4349	CERTIFIED_DEFICIT	1456	1	1	0	0,0,0,0,0,0,0,0,0,0,0,0,0	0
3	4350	CERTIFIED_DEFICIT	1456	1	1	0	0,0,0,0,0,0,0,0,0,0,0,0,0	0
3	4351	CERTIFIED_DEFICIT	1456	1	1	0	0,0,0,0,0,0,0,0,0,0,0,0,0	0
3	4352	CERTIFIED_DEFICIT	1456	1	1	0	0,0,0,0,0,0,0,0,0,0,0,0,0	0
3	4353	CERTIFIED_DEFICIT	1456	1	1	0	0,0,0,0,0,0,0,0,0,0,0,0,0	0
3	4354	CERTIFIED_DEFICIT	1456	1	1	0	0,0,0,0,0,0,0,0,0,0,0,0,0	0
3	4355	CERTIFIED_DEFICIT	1456	1	1	0	0,0,0,0,0,0,0,0,0,0,0,0,0	0
3	4356	CERTIFIED_DEFICIT	1456	1	1	0	0,0,0,0,0,0,0,0,0,0,0,0,0	0
3	4357	CERTIFIED_DEFICIT	1327	1	1	0	0,0,0,0,0,0,0,0,0,0,0,0,0	0
3	4358	CERTIFIED_DEFICIT	1456	1	1	0	0,0,0,0,0,0,0,0,0,0,0,0,0	0
3	4359	CERTIFIED_DEFICIT	1456	1	1	0	0,0,0,0,0,0,0,0,0,0,0,0,0	0
3	4360	CERTIFIED_DEFICIT	1456	1	1	0	0,0,0,0,0,0,0,0,0,0,0,0,0	0
3	4361	CERTIFIED_DEFICIT	1273	1	1	0	0,0,0,0,0,0,0,0,0,0,0,0,0	0
3	4362	CERTIFIED_DEFICIT	1456	1	1	0	0,0,0,0,0,0,0,0,0,0,0,0,0	0
3	4363	CERTIFIED_DEFICIT	1456	1	1	0	0,0,0,0,0,0,0,0,0,0,0,0,0	0
3	4364	CERTIFIED_DEFICIT	1237	1	1	0	0,0,0,0,0,0,0,0,0,0,0,0,0	0
3	4365	CERTIFIED_DEFICIT	1456	1	1	0	0,0,0,0,0,0,0,0,0,0,0,0,0	0
3	4366	CERTIFIED_DEFICIT	1456	1	1	0	0,0,0,0,0,0,0,0,0,0,0,0,0	0
3	4367	CERTIFIED_DEFICIT	1456	1	1	0	0,0,0,0,0,0,0,0,0,0,0,0,0	0
3	4368	CERTIFIED_DEFICIT	1302	1	1	0	0,0,0,0,0,0,0,0,0,0,0,0,0	0
3	4369	CERTIFIED_DEFICIT	1302	1	1	0	0,0,0,0,0,0,0,0,0,0,0,0,0	0
3	4370	CERTIFIED_DEFICIT	1302	1	1	0	0,0,0,0,0,0,0,0,0,0,0,0,0	0
3	4371	CERTIFIED_DEFICIT	1302	1	1	0	0,0,0,0,0,0,0,0,0,0,0,0,0	0
3	4372	CERTIFIED_DEFICIT	1302	1	1	0	0,0,0,0,0,0,0,0,0,0,0,0,0	0
3	4373	CERTIFIED_DEFICIT	1302	1	1	0	0,0,0,0,0,0,0,0,0,0,0,0,0	0
3	4374	CERTIFIED_DEFICIT	1302	1	1	0	0,0,0,0,0,0,0,0,0,0,0,0,0	0
3	4375	CERTIFIED_DEFICIT	1302	1	1	0	0,0,0,0,0,0,0,0,0,0,0,0,0	0
3	4376	CERTIFIED_DEFICIT	1302	1	1	0	0,0,0,0,0,0,0,0,0,0,0,0,0	0
3	4377	CERTIFIED_DEFICIT	1302	1	1	0	0,0,0,0,0,0,0,0,0,0,0,0,0	0
3	4378	CERTIFIED_DEFICIT	1302	1	1	0	0,0,0,0,0,0,0,0,0,0,0,0,0	0
3	4379	CERTIFIED_DEFICIT	1302	1	1	0	0,0,0,0,0,0,0,0,0,0,0,0,0	0
3	4380	CERTIFIED_DEFICIT	1302	1	1	0	0,0,0,0,0,0,0,0,0,0,0,0,0	0
3	4381	CERTIFIED_DEFICIT	1302	1	1	0	0,0,0,0,0,0,0,0,0,0,0,0,0	0
3	4382	CERTIFIED_DEFICIT	1302	1	1	0	0,0,0,0,0,0,0,0,0,0,0,0,0	0
3	4383	CERTIFIED_DEFICIT	1302	1	1	0	0,0,0,0,0,0,0,0,0,0,0,0,0	0
3	4384	CERTIFIED_DEFICIT	1302	1	1	0	0,0,0,0,0,0,0,0,0,0,0,0,0	0
3	4385	CERTIFIED_DEFICIT	1302	1	1	0	0,0,0,0,0,0,0,0,0,0,0,0,0	0
3	4386	CERTIFIED_DEFICIT	1302	1	1	0	0,0,0,0,0,0,0,0,0,0,0,0,0	0
3	4387	CERTIFIED_DEFICIT	1302	1	1	0	0,0,0,0,0,0,0,0,0,0,0,0,0	0
3	4388	CERTIFIED_DEFICIT	1302	1	1	0	0,0,0,0,0,0,0,0,0,0,0,0,0	0
3	4389	CERTIFIED_DEFICIT	1302	1	1	0	0,0,0,0,0,0,0,0,0,0,0,0,0	0
3	4390	CERTIFIED_DEFICIT	1302	1	1	0	0,0,0,0,0,0,0,0,0,0,0,0,0	0
3	4391	CERTIFIED_DEFICIT	1302	1	1	0	0,0,0,0,0,0,0,0,0,0,0,0,0	0
3	4392	CERTIFIED_DEFICIT	1302	1	1	0	0,0,0,0,0,0,0,0,0,0,0,0,0	0
3	4393	CERTIFIED_DEFICIT	1302	1	1	0	0,0,0,0,0,0,0,0,0,0,0,0,0	0
3	4394	CERTIFIED_DEFICIT	1302	1	1	0	0,0,0,0,0,0,0,0,0,0,0,0,0	0
3	4395	CERTIFIED_DEFICIT	1302	1	1	0	0,0,0,0,0,0,0,0,0,0,0,0,0	0
3	4396	CERTIFIED_DEFICIT	1302	1	1	0	0,0,0,0,0,0,0,0,0,0,0,0,0	0
3	4397	CERTIFIED_DEFICIT	1302	1	1	0	0,0,0,0,0,0,0,0,0,0,0,0,0	0
3	4398	CERTIFIED_DEFICIT	1302	1	1	0	0,0,0,0,0,0,0,0,0,0,0,0,0	0
3	4399	CERTIFIED_DEFICIT	1302	1	1	0	0,0,0,0,0,0,0,0,0,0,0,0,0	0
3	4400	CERTIFIED_DEFICIT	1302	1	1	0	0,0,0,0,0,0,0,0,0,0,0,0,0	0
3	4401	CERTIFIED_DEFICIT	1302	1	1	0	0,0,0,0,0,0,0,0,0,0,0,0,0	0
3	4402	CERTIFIED_DEFICIT	1302	1	1	0	0,0,0,0,0,0,0,0,0,0,0,0,0	0
3	4403	CERTIFIED_DEFICIT	1302	1	1	0	0,0,0,0,0,0,0,0,0,0,0,0,0	0
3	4404	CERTIFIED_DEFICIT	1302	1	1	0	0,0,0,0,0,0,0,0,0,0,0,0,0	0
3	4405	CERTIFIED_DEFICIT	1302	1	1	0	0,0,0,0,0,0,0,0,0,0,0,0,0	0
3	4406	CERTIFIED_DEFICIT	1302	1	1	0	0,0,0,0,0,0,0,0,0,0,0,0,0	0
3	4407	CERTIFIED_DEFICIT	1302	1	1	0	0,0,0,0,0,0,0,0,0,0,0,0,0	0
3	4408	CERTIFIED_DEFICIT	1302	1	1	0	0,0,0,0,0,0,0,0,0,0,0,0,0	0
3	4409	CERTIFIED_DEFICIT	1302	1	1	0	0,0,0,0,0,0,0,0,0,0,0,0,0	0
3	4410	CERTIFIED_DEFICIT	1302	1	1	0	0,0,0,0,0,0,0,0,0,0,0,0,0	0
3	4411	CERTIFIED_DEFICIT	1302	1	1	0	0,0,0,0,0,0,0,0,0,0,0,0,0	0
3	4412	CERTIFIED_DEFICIT	1302	1	1	0	0,0,0,0,0,0,0,0,0,0,0,0,0	0
3	4413	CERTIFIED_DEFICIT	1302	1	1	0	0,0,0,0,0,0,0,0,0,0,0,0,0	0
3	4414	CERTIFIED_DEFICIT	1302	1	1	0	0,0,0,0,0,0,0,0,0,0,0,0,0	0
3	4415	CERTIFIED_DEFICIT	1302	1	1	0	0,0,0,0,0,0,0,0,0,0,0,0,0	0
3	4416	CERTIFIED_DEFICIT	1302	1	1	0	0,0,0,0,0,0,0,0,0,0,0,0,0	0
3	4417	CERTIFIED_DEFICIT	1302	1	1	0	0,0,0,0,0,0,0,0,0,0,0,0,0	0
3	4418	CERTIFIED_DEFICIT	1302	1	1	0	0,0,0,0,0,0,0,0,0,0,0,0,0	0
3	4419	CERTIFIED_DEFICIT	1302	1	1	0	0,0,0,0,0,0,0,0,0,0,0,0,0	0
3	4420	CERTIFIED_DEFICIT	1302	1	1	0	0,0,0,0,0,0,0,0,0,0,0,0,0	0
3	4421	CERTIFIED_DEFICIT	1302	1	1	0	0,0,0,0,0,0,0,0,0,0,0,0,0	0
3	4422	CERTIFIED_DEFICIT	1302	1	1	0	0,0,0,0,0,0,0,0,0,0,0,0,0	0
3	4423	CERTIFIED_DEFICIT	1302	1	1	0	0,0,0,0,0,0,0,0,0,0,0,0,0	0
3	4424	CERTIFIED_DEFICIT	1302	1	1	0	0,0,0,0,0,0,0,0,0,0,0,0,0	0
3	4425	CERTIFIED_DEFICIT	1302	1	1	0	0,0,0,0,0,0,0,0,0,0,0,0,0	0
3	4426	CERTIFIED_DEFICIT	1302	1	1	0	0,0,0,0,0,0,0,0,0,0,0,0,0	0
3	4427	CERTIFIED_DEFICIT	1302	1	1	0	0,0,0,0,0,0,0,0,0,0,0,0,0	0
3	4428	CERTIFIED_DEFICIT	1302	1	1	0	0,0,0,0,0,0,0,0,0,0,0,0,0	0
3	4429	CERTIFIED_DEFICIT	1302	1	1	0	0,0,0,0,0,0,0,0,0,0,0,0,0	0
3	4430	CERTIFIED_DEFICIT	1302	1	1	0	0,0,0,0,0,0,0,0,0,0,0,0,0	0
3	4431	CERTIFIED_DEFICIT	1302	1	1	0	0,0,0,0,0,0,0,0,0,0,0,0,0	0
3	4432	CERTIFIED_DEFICIT	1302	1	1	0	0,0,0,0,0,0,0,0,0,0,0,0,0	0
3	4433	CERTIFIED_DEFICIT	1302	1	1	0	0,0,0,0,0,0,0,0,0,0,0,0,0	0
3	4434	CERTIFIED_DEFICIT	1302	1	1	0	0,0,0,0,0,0,0,0,0,0,0,0,0	0
3	4435	CERTIFIED_DEFICIT	1302	1	1	0	0,0,0,0,0,0,0,0,0,0,0,0,0	0
3	4436	CERTIFIED_DEFICIT	1302	1	1	0	0,0,0,0,0,0,0,0,0,0,0,0,0	0
3	4437	CERTIFIED_DEFICIT	1302	1	1	0	0,0,0,0,0,0,0,0,0,0,0,0,0	0
3	4438	CERTIFIED_DEFICIT	1302	1	1	0	0,0,0,0,0,0,0,0,0,0,0,0,0	0
3	4439	CERTIFIED_DEFICIT	1273	1	1	0	0,0,0,0,0,0,0,0,0,0,0,0,0	0
3	4440	CERTIFIED_DEFICIT	1302	1	1	0	0,0,0,0,0,0,0,0,0,0,0,0,0	0
3	4441	CERTIFIED_DEFICIT	1302	1	1	0	0,0,0,0,0,0,0,0,0,0,0,0,0	0
3	4442	CERTIFIED_DEFICIT	1237	1	1	0	0,0,0,0,0,0,0,0,0,0,0,0,0	0
3	4443	CERTIFIED_DEFICIT	1302	1	1	0	0,0,0,0,0,0,0,0,0,0,0,0,0	0
3	4444	CERTIFIED_DEFICIT	1302	1	1	0	0,0,0,0,0,0,0,0,0,0,0,0,0	0
3	4445	CERTIFIED_DEFICIT	1302	1	1	0	0,0,0,0,0,0,0,0,0,0,0,0,0	0
3	4446	CERTIFIED_DEFICIT	2184	1	1	0	0,0,0,0,0,0,0,0,0,0,0,0,0	0
3	4447	CERTIFIED_DEFICIT	2184	1	1	0	0,0,0,0,0,0,0,0,0,0,0,0,0	0
3	4448	CERTIFIED_DEFICIT	2184	1	1	0	0,0,0,0,0,0,0,0,0,0,0,0,0	0
3	4449	CERTIFIED_DEFICIT	2184	1	1	0	0,0,0,0,0,0,0,0,0,0,0,0,0	0
3	4450	CERTIFIED_DEFICIT	2184	1	1	0	0,0,0,0,0,0,0,0,0,0,0,0,0	0
3	4451	CERTIFIED_DEFICIT	2184	1	1	0	0,0,0,0,0,0,0,0,0,0,0,0,0	0
3	4452	CERTIFIED_DEFICIT	2184	1	1	0	0,0,0,0,0,0,0,0,0,0,0,0,0	0
3	4453	CERTIFIED_DEFICIT	2184	1	1	0	0,0,0,0,0,0,0,0,0,0,0,0,0	0
3	4454	CERTIFIED_DEFICIT	2184	1	1	0	0,0,0,0,0,0,0,0,0,0,0,0,0	0
3	4455	CERTIFIED_DEFICIT	2184	1	1	0	0,0,0,0,0,0,0,0,0,0,0,0,0	0
3	4456	CERTIFIED_DEFICIT	2184	1	1	0	0,0,0,0,0,0,0,0,0,0,0,0,0	0
3	4457	CERTIFIED_DEFICIT	2184	1	1	0	0,0,0,0,0,0,0,0,0,0,0,0,0	0
3	4458	CERTIFIED_DEFICIT	2184	1	1	0	0,0,0,0,0,0,0,0,0,0,0,0,0	0
3	4459	CERTIFIED_DEFICIT	2184	1	1	0	0,0,0,0,0,0,0,0,0,0,0,0,0	0
3	4460	CERTIFIED_DEFICIT	2184	1	1	0	0,0,0,0,0,0,0,0,0,0,0,0,0	0
3	4461	CERTIFIED_DEFICIT	2184	1	1	0	0,0,0,0,0,0,0,0,0,0,0,0,0	0
3	4462	CERTIFIED_DEFICIT	2184	1	1	0	0,0,0,0,0,0,0,0,0,0,0,0,0	0
3	4463	CERTIFIED_DEFICIT	2184	1	1	0	0,0,0,0,0,0,0,0,0,0,0,0,0	0
3	4464	CERTIFIED_DEFICIT	2184	1	1	0	0,0,0,0,0,0,0,0,0,0,0,0,0	0
3	4465	CERTIFIED_DEFICIT	2184	1	1	0	0,0,0,0,0,0,0,0,0,0,0,0,0	0
3	4466	CERTIFIED_DEFICIT	2184	1	1	0	0,0,0,0,0,0,0,0,0,0,0,0,0	0
3	4467	CERTIFIED_DEFICIT	2184	1	1	0	0,0,0,0,0,0,0,0,0,0,0,0,0	0
3	4468	CERTIFIED_DEFICIT	2184	1	1	0	0,0,0,0,0,0,0,0,0,0,0,0,0	0
3	4469	CERTIFIED_DEFICIT	2184	1	1	0	0,0,0,0,0,0,0,0,0,0,0,0,0	0
3	4470	CERTIFIED_DEFICIT	2184	1	1	0	0,0,0,0,0,0,0,0,0,0,0,0,0	0
3	4471	CERTIFIED_DEFICIT	2184	1	1	0	0,0,0,0,0,0,0,0,0,0,0,0,0	0
3	4472	CERTIFIED_DEFICIT	2184	1	1	0	0,0,0,0,0,0,0,0,0,0,0,0,0	0
3	4473	CERTIFIED_DEFICIT	2184	1	1	0	0,0,0,0,0,0,0,0,0,0,0,0,0	0
3	4474	CERTIFIED_DEFICIT	2184	1	1	0	0,0,0,0,0,0,0,0,0,0,0,0,0	0
3	4475	CERTIFIED_DEFICIT	2184	1	1	0	0,0,0,0,0,0,0,0,0,0,0,0,0	0
3	4476	CERTIFIED_DEFICIT	2184	1	1	0	0,0,0,0,0,0,0,0,0,0,0,0,0	0
3	4477	CERTIFIED_DEFICIT	2184	1	1	0	0,0,0,0,0,0,0,0,0,0,0,0,0	0
3	4478	CERTIFIED_DEFICIT	2184	1	1	0	0,0,0,0,0,0,0,0,0,0,0,0,0	0
3	4479	CERTIFIED_DEFICIT	2184	1	1	0	0,0,0,0,0,0,0,0,0,0,0,0,0	0
3	4480	CERTIFIED_DEFICIT	2184	1	1	0	0,0,0,0,0,0,0,0,0,0,0,0,0	0
3	4481	CERTIFIED_DEFICIT	2184	1	1	0	0,0,0,0,0,0,0,0,0,0,0,0,0	0
3	4482	CERTIFIED_DEFICIT	2184	1	1	0	0,0,0,0,0,0,0,0,0,0,0,0,0	0
3	4483	CERTIFIED_DEFICIT	2184	1	1	0	0,0,0,0,0,0,0,0,0,0,0,0,0	0
3	4484	CERTIFIED_DEFICIT	2184	1	1	0	0,0,0,0,0,0,0,0,0,0,0,0,0	0
3	4485	CERTIFIED_DEFICIT	2184	1	1	0	0,0,0,0,0,0,0,0,0,0,0,0,0	0
3	4486	CERTIFIED_DEFICIT	2184	1	1	0	0,0,0,0,0,0,0,0,0,0,0,0,0	0
3	4487	CERTIFIED_DEFICIT	2184	1	1	0	0,0,0,0,0,0,0,0,0,0,0,0,0	0
3	4488	CERTIFIED_DEFICIT	2184	1	1	0	0,0,0,0,0,0,0,0,0,0,0,0,0	0
3	4489	CERTIFIED_DEFICIT	2184	1	1	0	0,0,0,0,0,0,0,0,0,0,0,0,0	0
3	4490	CERTIFIED_DEFICIT	2184	1	1	0	0,0,0,0,0,0,0,0,0,0,0,0,0	0
3	4491	CERTIFIED_DEFICIT	2184	1	1	0	0,0,0,0,0,0,0,0,0,0,0,0,0	0
3	4492	CERTIFIED_DEFICIT	2184	1	1	0	0,0,0,0,0,0,0,0,0,0,0,0,0	0
3	4493	CERTIFIED_DEFICIT	2184	1	1	0	0,0,0,0,0,0,0,0,0,0,0,0,0	0
3	4494	CERTIFIED_DEFICIT	2184	1	1	0	0,0,0,0,0,0,0,0,0,0,0,0,0	0
3	4495	CERTIFIED_DEFICIT	2184	1	1	0	0,0,0,0,0,0,0,0,0,0,0,0,0	0
3	4496	CERTIFIED_DEFICIT	2184	1	1	0	0,0,0,0,0,0,0,0,0,0,0,0,0	0
3	4497	CERTIFIED_DEFICIT	2184	1	1	0	0,0,0,0,0,0,0,0,0,0,0,0,0	0
3	4498	CERTIFIED_DEFICIT	2184	1	1	0	0,0,0,0,0,0,0,0,0,0,0,0,0	0
3	4499	CERTIFIED_DEFICIT	2184	1	1	0	0,0,0,0,0,0,0,0,0,0,0,0,0	0
3	4500	CERTIFIED_DEFICIT	2184	1	1	0	0,0,0,0,0,0,0,0,0,0,0,0,0	0
3	4501	CERTIFIED_DEFICIT	2184	1	1	0	0,0,0,0,0,0,0,0,0,0,0,0,0	0
3	4502	CERTIFIED_DEFICIT	1313	1	1	0	0,0,0,0,0,0,0,0,0,0,0,0,0	0
3	4503	CERTIFIED_DEFICIT	2184	1	1	0	0,0,0,0,0,0,0,0,0,0,0,0,0	0
3	4504	CERTIFIED_DEFICIT	2184	1	1	0	0,0,0,0,0,0,0,0,0,0,0,0,0	0
3	4505	CERTIFIED_DEFICIT	2184	1	1	0	0,0,0,0,0,0,0,0,0,0,0,0,0	0
3	4506	CERTIFIED_DEFICIT	2184	1	1	0	0,0,0,0,0,0,0,0,0,0,0,0,0	0
3	4507	CERTIFIED_DEFICIT	2184	1	1	0	0,0,0,0,0,0,0,0,0,0,0,0,0	0
3	4508	CERTIFIED_DEFICIT	2184	1	1	0	0,0,0,0,0,0,0,0,0,0,0,0,0	0
3	4509	CERTIFIED_DEFICIT	2184	1	1	0	0,0,0,0,0,0,0,0,0,0,0,0,0	0
3	4510	CERTIFIED_DEFICIT	2184	1	1	0	0,0,0,0,0,0,0,0,0,0,0,0,0	0
3	4511	CERTIFIED_DEFICIT	2184	1	1	0	0,0,0,0,0,0,0,0,0,0,0,0,0	0
3	4512	CERTIFIED_DEFICIT	2184	1	1	0	0,0,0,0,0,0,0,0,0,0,0,0,0	0
3	4513	CERTIFIED_DEFICIT	1327	1	1	0	0,0,0,0,0,0,0,0,0,0,0,0,0	0
3	4514	CERTIFIED_DEFICIT	2184	1	1	0	0,0,0,0,0,0,0,0,0,0,0,0,0	0
3	4515	CERTIFIED_DEFICIT	2184	1	1	0	0,0,0,0,0,0,0,0,0,0,0,0,0	0
3	4516	CERTIFIED_DEFICIT	2184	1	1	0	0,0,0,0,0,0,0,0,0,0,0,0,0	0
3	4517	CERTIFIED_DEFICIT	1273	1	1	0	0,0,0,0,0,0,0,0,0,0,0,0,0	0
3	4518	CERTIFIED_DEFICIT	2184	1	1	0	0,0,0,0,0,0,0,0,0,0,0,0,0	0
3	4519	CERTIFIED_DEFICIT	2184	1	1	0	0,0,0,0,0,0,0,0,0,0,0,0,0	0
3	4520	CERTIFIED_DEFICIT	1237	1	1	0	0,0,0,0,0,0,0,0,0,0,0,0,0	0
3	4521	CERTIFIED_DEFICIT	2184	1	1	0	0,0,0,0,0,0,0,0,0,0,0,0,0	0
3	4522	CERTIFIED_DEFICIT	2184	1	1	0	0,0,0,0,0,0,0,0,0,0,0,0,0	0
3	4523	CERTIFIED_DEFICIT	2184	1	1	0	0,0,0,0,0,0,0,0,0,0,0,0,0	0
3	4524	CERTIFIED_DEFICIT	1372	1	1	0	0,0,0,0,0,0,0,0,0,0,0,0,0	0
3	4525	CERTIFIED_DEFICIT	1372	1	1	0	0,0,0,0,0,0,0,0,0,0,0,0,0	0
3	4526	CERTIFIED_DEFICIT	1372	1	1	0	0,0,0,0,0,0,0,0,0,0,0,0,0	0
3	4527	CERTIFIED_DEFICIT	1372	1	1	0	0,0,0,0,0,0,0,0,0,0,0,0,0	0
3	4528	CERTIFIED_DEFICIT	1372	1	1	0	0,0,0,0,0,0,0,0,0,0,0,0,0	0
3	4529	CERTIFIED_DEFICIT	1372	1	1	0	0,0,0,0,0,0,0,0,0,0,0,0,0	0
3	4530	CERTIFIED_DEFICIT	1372	1	1	0	0,0,0,0,0,0,0,0,0,0,0,0,0	0
3	4531	CERTIFIED_DEFICIT	1372	1	1	0	0,0,0,0,0,0,0,0,0,0,0,0,0	0
3	4532	CERTIFIED_DEFICIT	1372	1	1	0	0,0,0,0,0,0,0,0,0,0,0,0,0	0
3	4533	CERTIFIED_DEFICIT	1372	1	1	0	0,0,0,0,0,0,0,0,0,0,0,0,0	0
3	4534	CERTIFIED_DEFICIT	1372	1	1	0	0,0,0,0,0,0,0,0,0,0,0,0,0	0
3	4535	CERTIFIED_DEFICIT	1372	1	1	0	0,0,0,0,0,0,0,0,0,0,0,0,0	0
3	4536	CERTIFIED_DEFICIT	1372	1	1	0	0,0,0,0,0,0,0,0,0,0,0,0,0	0
3	4537	CERTIFIED_DEFICIT	1372	1	1	0	0,0,0,0,0,0,0,0,0,0,0,0,0	0
3	4538	CERTIFIED_DEFICIT	1372	1	1	0	0,0,0,0,0,0,0,0,0,0,0,0,0	0
3	4539	CERTIFIED_DEFICIT	1372	1	1	0	0,0,0,0,0,0,0,0,0,0,0,0,0	0
3	4540	CERTIFIED_DEFICIT	1372	1	1	0	0,0,0,0,0,0,0,0,0,0,0,0,0	0
3	4541	CERTIFIED_DEFICIT	1372	1	1	0	0,0,0,0,0,0,0,0,0,0,0,0,0	0
3	4542	CERTIFIED_DEFICIT	1372	1	1	0	0,0,0,0,0,0,0,0,0,0,0,0,0	0
3	4543	CERTIFIED_DEFICIT	1372	1	1	0	0,0,0,0,0,0,0,0,0,0,0,0,0	0
3	4544	CERTIFIED_DEFICIT	1372	1	1	0	0,0,0,0,0,0,0,0,0,0,0,0,0	0
3	4545	CERTIFIED_DEFICIT	1372	1	1	0	0,0,0,0,0,0,0,0,0,0,0,0,0	0
3	4546	CERTIFIED_DEFICIT	1372	1	1	0	0,0,0,0,0,0,0,0,0,0,0,0,0	0
3	4547	CERTIFIED_DEFICIT	1372	1	1	0	0,0,0,0,0,0,0,0,0,0,0,0,0	0
3	4548	CERTIFIED_DEFICIT	1372	1	1	0	0,0,0,0,0,0,0,0,0,0,0,0,0	0
3	4549	CERTIFIED_DEFICIT	1372	1	1	0	0,0,0,0,0,0,0,0,0,0,0,0,0	0
3	4550	CERTIFIED_DEFICIT	1372	1	1	0	0,0,0,0,0,0,0,0,0,0,0,0,0	0
3	4551	CERTIFIED_DEFICIT	1372	1	1	0	0,0,0,0,0,0,0,0,0,0,0,0,0	0
3	4552	CERTIFIED_DEFICIT	1372	1	1	0	0,0,0,0,0,0,0,0,0,0,0,0,0	0
3	4553	CERTIFIED_DEFICIT	1372	1	1	0	0,0,0,0,0,0,0,0,0,0,0,0,0	0
3	4554	CERTIFIED_DEFICIT	1372	1	1	0	0,0,0,0,0,0,0,0,0,0,0,0,0	0
3	4555	CERTIFIED_DEFICIT	1372	1	1	0	0,0,0,0,0,0,0,0,0,0,0,0,0	0
3	4556	CERTIFIED_DEFICIT	1372	1	1	0	0,0,0,0,0,0,0,0,0,0,0,0,0	0
3	4557	CERTIFIED_DEFICIT	1372	1	1	0	0,0,0,0,0,0,0,0,0,0,0,0,0	0
3	4558	CERTIFIED_DEFICIT	1372	1	1	0	0,0,0,0,0,0,0,0,0,0,0,0,0	0
3	4559	CERTIFIED_DEFICIT	1372	1	1	0	0,0,0,0,0,0,0,0,0,0,0,0,0	0
3	4560	CERTIFIED_DEFICIT	1372	1	1	0	0,0,0,0,0,0,0,0,0,0,0,0,0	0
3	4561	CERTIFIED_DEFICIT	1372	1	1	0	0,0,0,0,0,0,0,0,0,0,0,0,0	0
3	4562	CERTIFIED_DEFICIT	1372	1	1	0	0,0,0,0,0,0,0,0,0,0,0,0,0	0
3	4563	CERTIFIED_DEFICIT	1372	1	1	0	0,0,0,0,0,0,0,0,0,0,0,0,0	0
3	4564	CERTIFIED_DEFICIT	1372	1	1	0	0,0,0,0,0,0,0,0,0,0,0,0,0	0
3	4565	CERTIFIED_DEFICIT	1372	1	1	0	0,0,0,0,0,0,0,0,0,0,0,0,0	0
3	4566	CERTIFIED_DEFICIT	1372	1	1	0	0,0,0,0,0,0,0,0,0,0,0,0,0	0
3	4567	CERTIFIED_DEFICIT	1372	1	1	0	0,0,0,0,0,0,0,0,0,0,0,0,0	0
3	4568	CERTIFIED_DEFICIT	1372	1	1	0	0,0,0,0,0,0,0,0,0,0,0,0,0	0
3	4569	CERTIFIED_DEFICIT	1372	1	1	0	0,0,0,0,0,0,0,0,0,0,0,0,0	0
3	4570	CERTIFIED_DEFICIT	1372	1	1	0	0,0,0,0,0,0,0,0,0,0,0,0,0	0
3	4571	CERTIFIED_DEFICIT	1372	1	1	0	0,0,0,0,0,0,0,0,0,0,0,0,0	0
3	4572	CERTIFIED_DEFICIT	1372	1	1	0	0,0,0,0,0,0,0,0,0,0,0,0,0	0
3	4573	CERTIFIED_DEFICIT	1372	1	1	0	0,0,0,0,0,0,0,0,0,0,0,0,0	0
3	4574	CERTIFIED_DEFICIT	1372	1	1	0	0,0,0,0,0,0,0,0,0,0,0,0,0	0
3	4575	CERTIFIED_DEFICIT	1372	1	1	0	0,0,0,0,0,0,0,0,0,0,0,0,0	0
3	4576	CERTIFIED_DEFICIT	1372	1	1	0	0,0,0,0,0,0,0,0,0,0,0,0,0	0
3	4577	CERTIFIED_DEFICIT	1372	1	1	0	0,0,0,0,0,0,0,0,0,0,0,0,0	0
3	4578	CERTIFIED_DEFICIT	1372	1	1	0	0,0,0,0,0,0,0,0,0,0,0,0,0	0
3	4579	CERTIFIED_DEFICIT	1372	1	1	0	0,0,0,0,0,0,0,0,0,0,0,0,0	0
3	4580	CERTIFIED_DEFICIT	1313	1	1	0	0,0,0,0,0,0,0,0,0,0,0,0,0	0
3	4581	CERTIFIED_DEFICIT	1372	1	1	0	0,0,0,0,0,0,0,0,0,0,0,0,0	0
3	4582	CERTIFIED_DEFICIT	1372	1	1	0	0,0,0,0,0,0,0,0,0,0,0,0,0	0
3	4583	CERTIFIED_DEFICIT	1372	1	1	0	0,0,0,0,0,0,0,0,0,0,0,0,0	0
3	4584	CERTIFIED_DEFICIT	1372	1	1	0	0,0,0,0,0,0,0,0,0,0,0,0,0	0
3	4585	CERTIFIED_DEFICIT	1372	1	1	0	0,0,0,0,0,0,0,0,0,0,0,0,0	0
3	4586	CERTIFIED_DEFICIT	1372	1	1	0	0,0,0,0,0,0,0,0,0,0,0,0,0	0
3	4587	CERTIFIED_DEFICIT	1372	1	1	0	0,0,0,0,0,0,0,0,0,0,0,0,0	0
3	4588	CERTIFIED_DEFICIT	1372	1	1	0	0,0,0,0,0,0,0,0,0,0,0,0,0	0
3	4589	CERTIFIED_DEFICIT	1372	1	1	0	0,0,0,0,0,0,0,0,0,0,0,0,0	0
3	4590	CERTIFIED_DEFICIT	1372	1	1	0	0,0,0,0,0,0,0,0,0,0,0,0,0	0
3	4591	CERTIFIED_DEFICIT	1327	1	1	0	0,0,0,0,0,0,0,0,0,0,0,0,0	0
3	4592	CERTIFIED_DEFICIT	1372	1	1	0	0,0,0,0,0,0,0,0,0,0,0,0,0	0
3	4593	CERTIFIED_DEFICIT	1372	1	1	0	0,0,0,0,0,0,0,0,0,0,0,0,0	0
3	4594	CERTIFIED_DEFICIT	1372	1	1	0	0,0,0,0,0,0,0,0,0,0,0,0,0	0
3	4595	CERTIFIED_DEFICIT	1273	1	1	0	0,0,0,0,0,0,0,0,0,0,0,0,0	0
3	4596	CERTIFIED_DEFICIT	1372	1	1	0	0,0,0,0,0,0,0,0,0,0,0,0,0	0
3	4597	CERTIFIED_DEFICIT	1372	1	1	0	0,0,0,0,0,0,0,0,0,0,0,0,0	0
3	4598	CERTIFIED_DEFICIT	1237	1	1	0	0,0,0,0,0,0,0,0,0,0,0,0,0	0
3	4599	CERTIFIED_DEFICIT	1372	1	1	0	0,0,0,0,0,0,0,0,0,0,0,0,0	0
3	4600	CERTIFIED_DEFICIT	1372	1	1	0	0,0,0,0,0,0,0,0,0,0,0,0,0	0
3	4601	CERTIFIED_DEFICIT	1372	1	1	0	0,0,0,0,0,0,0,0,0,0,0,0,0	0
3	4602	CERTIFIED_DEFICIT	1386	1	1	0	0,0,0,0,0,0,0,0,0,0,0,0,0	0
3	4603	CERTIFIED_DEFICIT	1386	1	1	0	0,0,0,0,0,0,0,0,0,0,0,0,0	0
3	4604	CERTIFIED_DEFICIT	1386	1	1	0	0,0,0,0,0,0,0,0,0,0,0,0,0	0
3	4605	CERTIFIED_DEFICIT	1386	1	1	0	0,0,0,0,0,0,0,0,0,0,0,0,0	0
3	4606	CERTIFIED_DEFICIT	1386	1	1	0	0,0,0,0,0,0,0,0,0,0,0,0,0	0
3	4607	CERTIFIED_DEFICIT	1386	1	1	0	0,0,0,0,0,0,0,0,0,0,0,0,0	0
3	4608	CERTIFIED_DEFICIT	1386	1	1	0	0,0,0,0,0,0,0,0,0,0,0,0,0	0
3	4609	CERTIFIED_DEFICIT	1386	1	1	0	0,0,0,0,0,0,0,0,0,0,0,0,0	0
3	4610	CERTIFIED_DEFICIT	1386	1	1	0	0,0,0,0,0,0,0,0,0,0,0,0,0	0
3	4611	CERTIFIED_DEFICIT	1386	1	1	0	0,0,0,0,0,0,0,0,0,0,0,0,0	0
3	4612	CERTIFIED_DEFICIT	1386	1	1	0	0,0,0,0,0,0,0,0,0,0,0,0,0	0
3	4613	CERTIFIED_DEFICIT	1386	1	1	0	0,0,0,0,0,0,0,0,0,0,0,0,0	0
3	4614	CERTIFIED_DEFICIT	1386	1	1	0	0,0,0,0,0,0,0,0,0,0,0,0,0	0
3	4615	CERTIFIED_DEFICIT	1386	1	1	0	0,0,0,0,0,0,0,0,0,0,0,0,0	0
3	4616	CERTIFIED_DEFICIT	1386	1	1	0	0,0,0,0,0,0,0,0,0,0,0,0,0	0
3	4617	CERTIFIED_DEFICIT	1386	1	1	0	0,0,0,0,0,0,0,0,0,0,0,0,0	0
3	4618	CERTIFIED_DEFICIT	1386	1	1	0	0,0,0,0,0,0,0,0,0,0,0,0,0	0
3	4619	CERTIFIED_DEFICIT	1386	1	1	0	0,0,0,0,0,0,0,0,0,0,0,0,0	0
3	4620	CERTIFIED_DEFICIT	1386	1	1	0	0,0,0,0,0,0,0,0,0,0,0,0,0	0
3	4621	CERTIFIED_DEFICIT	1386	1	1	0	0,0,0,0,0,0,0,0,0,0,0,0,0	0
3	4622	CERTIFIED_DEFICIT	1386	1	1	0	0,0,0,0,0,0,0,0,0,0,0,0,0	0
3	4623	CERTIFIED_DEFICIT	1386	1	1	0	0,0,0,0,0,0,0,0,0,0,0,0,0	0
3	4624	CERTIFIED_DEFICIT	1386	1	1	0	0,0,0,0,0,0,0,0,0,0,0,0,0	0
3	4625	CERTIFIED_DEFICIT	1386	1	1	0	0,0,0,0,0,0,0,0,0,0,0,0,0	0
3	4626	CERTIFIED_DEFICIT	1386	1	1	0	0,0,0,0,0,0,0,0,0,0,0,0,0	0
3	4627	CERTIFIED_DEFICIT	1386	1	1	0	0,0,0,0,0,0,0,0,0,0,0,0,0	0
3	4628	CERTIFIED_DEFICIT	1386	1	1	0	0,0,0,0,0,0,0,0,0,0,0,0,0	0
3	4629	CERTIFIED_DEFICIT	1386	1	1	0	0,0,0,0,0,0,0,0,0,0,0,0,0	0
3	4630	CERTIFIED_DEFICIT	1386	1	1	0	0,0,0,0,0,0,0,0,0,0,0,0,0	0
3	4631	CERTIFIED_DEFICIT	1386	1	1	0	0,0,0,0,0,0,0,0,0,0,0,0,0	0
3	4632	CERTIFIED_DEFICIT	1386	1	1	0	0,0,0,0,0,0,0,0,0,0,0,0,0	0
3	4633	CERTIFIED_DEFICIT	1386	1	1	0	0,0,0,0,0,0,0,0,0,0,0,0,0	0
3	4634	CERTIFIED_DEFICIT	1386	1	1	0	0,0,0,0,0,0,0,0,0,0,0,0,0	0
3	4635	CERTIFIED_DEFICIT	1386	1	1	0	0,0,0,0,0,0,0,0,0,0,0,0,0	0
3	4636	CERTIFIED_DEFICIT	1386	1	1	0	0,0,0,0,0,0,0,0,0,0,0,0,0	0
3	4637	CERTIFIED_DEFICIT	1386	1	1	0	0,0,0,0,0,0,0,0,0,0,0,0,0	0
3	4638	CERTIFIED_DEFICIT	1386	1	1	0	0,0,0,0,0,0,0,0,0,0,0,0,0	0
3	4639	CERTIFIED_DEFICIT	1386	1	1	0	0,0,0,0,0,0,0,0,0,0,0,0,0	0
3	4640	CERTIFIED_DEFICIT	1386	1	1	0	0,0,0,0,0,0,0,0,0,0,0,0,0	0
3	4641	CERTIFIED_DEFICIT	1386	1	1	0	0,0,0,0,0,0,0,0,0,0,0,0,0	0
3	4642	CERTIFIED_DEFICIT	1386	1	1	0	0,0,0,0,0,0,0,0,0,0,0,0,0	0
3	4643	CERTIFIED_DEFICIT	1386	1	1	0	0,0,0,0,0,0,0,0,0,0,0,0,0	0
3	4644	CERTIFIED_DEFICIT	1386	1	1	0	0,0,0,0,0,0,0,0,0,0,0,0,0	0
3	4645	CERTIFIED_DEFICIT	1386	1	1	0	0,0,0,0,0,0,0,0,0,0,0,0,0	0
3	4646	CERTIFIED_DEFICIT	1386	1	1	0	0,0,0,0,0,0,0,0,0,0,0,0,0	0
3	4647	CERTIFIED_DEFICIT	1386	1	1	0	0,0,0,0,0,0,0,0,0,0,0,0,0	0
3	4648	CERTIFIED_DEFICIT	1386	1	1	0	0,0,0,0,0,0,0,0,0,0,0,0,0	0
3	4649	CERTIFIED_DEFICIT	1386	1	1	0	0,0,0,0,0,0,0,0,0,0,0,0,0	0
3	4650	CERTIFIED_DEFICIT	1386	1	1	0	0,0,0,0,0,0,0,0,0,0,0,0,0	0
3	4651	CERTIFIED_DEFICIT	1386	1	1	0	0,0,0,0,0,0,0,0,0,0,0,0,0	0
3	4652	CERTIFIED_DEFICIT	1386	1	1	0	0,0,0,0,0,0,0,0,0,0,0,0,0	0
3	4653	CERTIFIED_DEFICIT	1386	1	1	0	0,0,0,0,0,0,0,0,0,0,0,0,0	0
3	4654	CERTIFIED_DEFICIT	1386	1	1	0	0,0,0,0,0,0,0,0,0,0,0,0,0	0
3	4655	CERTIFIED_DEFICIT	1386	1	1	0	0,0,0,0,0,0,0,0,0,0,0,0,0	0
3	4656	CERTIFIED_DEFICIT	1386	1	1	0	0,0,0,0,0,0,0,0,0,0,0,0,0	0
3	4657	CERTIFIED_DEFICIT	1386	1	1	0	0,0,0,0,0,0,0,0,0,0,0,0,0	0
3	4658	CERTIFIED_DEFICIT	1313	1	1	0	0,0,0,0,0,0,0,0,0,0,0,0,0	0
3	4659	CERTIFIED_DEFICIT	1386	1	1	0	0,0,0,0,0,0,0,0,0,0,0,0,0	0
3	4660	CERTIFIED_DEFICIT	1386	1	1	0	0,0,0,0,0,0,0,0,0,0,0,0,0	0
3	4661	CERTIFIED_DEFICIT	1386	1	1	0	0,0,0,0,0,0,0,0,0,0,0,0,0	0
3	4662	CERTIFIED_DEFICIT	1386	1	1	0	0,0,0,0,0,0,0,0,0,0,0,0,0	0
3	4663	CERTIFIED_DEFICIT	1386	1	1	0	0,0,0,0,0,0,0,0,0,0,0,0,0	0
3	4664	CERTIFIED_DEFICIT	1386	1	1	0	0,0,0,0,0,0,0,0,0,0,0,0,0	0
3	4665	CERTIFIED_DEFICIT	1386	1	1	0	0,0,0,0,0,0,0,0,0,0,0,0,0	0
3	4666	CERTIFIED_DEFICIT	1386	1	1	0	0,0,0,0,0,0,0,0,0,0,0,0,0	0
3	4667	CERTIFIED_DEFICIT	1386	1	1	0	0,0,0,0,0,0,0,0,0,0,0,0,0	0
3	4668	CERTIFIED_DEFICIT	1386	1	1	0	0,0,0,0,0,0,0,0,0,0,0,0,0	0
3	4669	CERTIFIED_DEFICIT	1327	1	1	0	0,0,0,0,0,0,0,0,0,0,0,0,0	0
3	4670	CERTIFIED_DEFICIT	1386	1	1	0	0,0,0,0,0,0,0,0,0,0,0,0,0	0
3	4671	CERTIFIED_DEFICIT	1386	1	1	0	0,0,0,0,0,0,0,0,0,0,0,0,0	0
3	4672	CERTIFIED_DEFICIT	1386	1	1	0	0,0,0,0,0,0,0,0,0,0,0,0,0	0
3	4673	CERTIFIED_DEFICIT	1273	1	1	0	0,0,0,0,0,0,0,0,0,0,0,0,0	0
3	4674	CERTIFIED_DEFICIT	1386	1	1	0	0,0,0,0,0,0,0,0,0,0,0,0,0	0
3	4675	CERTIFIED_DEFICIT	1386	1	1	0	0,0,0,0,0,0,0,0,0,0,0,0,0	0
3	4676	CERTIFIED_DEFICIT	1237	1	1	0	0,0,0,0,0,0,0,0,0,0,0,0,0	0
3	4677	CERTIFIED_DEFICIT	1386	1	1	0	0,0,0,0,0,0,0,0,0,0,0,0,0	0
3	4678	CERTIFIED_DEFICIT	1386	1	1	0	0,0,0,0,0,0,0,0,0,0,0,0,0	0
3	4679	CERTIFIED_DEFICIT	1386	1	1	0	0,0,0,0,0,0,0,0,0,0,0,0,0	0
3	4680	CERTIFIED_DEFICIT	1386	1	1	0	0,0,0,0,0,0,0,0,0,0,0,0,0	0
3	4681	CERTIFIED_DEFICIT	1386	1	1	0	0,0,0,0,0,0,0,0,0,0,0,0,0	0
3	4682	CERTIFIED_DEFICIT	1386	1	1	0	0,0,0,0,0,0,0,0,0,0,0,0,0	0
3	4683	CERTIFIED_DEFICIT	1386	1	1	0	0,0,0,0,0,0,0,0,0,0,0,0,0	0
3	4684	CERTIFIED_DEFICIT	1386	1	1	0	0,0,0,0,0,0,0,0,0,0,0,0,0	0
3	4685	CERTIFIED_DEFICIT	1386	1	1	0	0,0,0,0,0,0,0,0,0,0,0,0,0	0
3	4686	CERTIFIED_DEFICIT	1386	1	1	0	0,0,0,0,0,0,0,0,0,0,0,0,0	0
3	4687	CERTIFIED_DEFICIT	1386	1	1	0	0,0,0,0,0,0,0,0,0,0,0,0,0	0
3	4688	CERTIFIED_DEFICIT	1386	1	1	0	0,0,0,0,0,0,0,0,0,0,0,0,0	0
3	4689	CERTIFIED_DEFICIT	1386	1	1	0	0,0,0,0,0,0,0,0,0,0,0,0,0	0
3	4690	CERTIFIED_DEFICIT	1386	1	1	0	0,0,0,0,0,0,0,0,0,0,0,0,0	0
3	4691	CERTIFIED_DEFICIT	1386	1	1	0	0,0,0,0,0,0,0,0,0,0,0,0,0	0
3	4692	CERTIFIED_DEFICIT	1386	1	1	0	0,0,0,0,0,0,0,0,0,0,0,0,0	0
3	4693	CERTIFIED_DEFICIT	1386	1	1	0	0,0,0,0,0,0,0,0,0,0,0,0,0	0
3	4694	CERTIFIED_DEFICIT	1386	1	1	0	0,0,0,0,0,0,0,0,0,0,0,0,0	0
3	4695	CERTIFIED_DEFICIT	1386	1	1	0	0,0,0,0,0,0,0,0,0,0,0,0,0	0
3	4696	CERTIFIED_DEFICIT	1386	1	1	0	0,0,0,0,0,0,0,0,0,0,0,0,0	0
3	4697	CERTIFIED_DEFICIT	1386	1	1	0	0,0,0,0,0,0,0,0,0,0,0,0,0	0
3	4698	CERTIFIED_DEFICIT	1386	1	1	0	0,0,0,0,0,0,0,0,0,0,0,0,0	0
3	4699	CERTIFIED_DEFICIT	1386	1	1	0	0,0,0,0,0,0,0,0,0,0,0,0,0	0
3	4700	CERTIFIED_DEFICIT	1386	1	1	0	0,0,0,0,0,0,0,0,0,0,0,0,0	0
3	4701	CERTIFIED_DEFICIT	1386	1	1	0	0,0,0,0,0,0,0,0,0,0,0,0,0	0
3	4702	CERTIFIED_DEFICIT	1386	1	1	0	0,0,0,0,0,0,0,0,0,0,0,0,0	0
3	4703	CERTIFIED_DEFICIT	1386	1	1	0	0,0,0,0,0,0,0,0,0,0,0,0,0	0
3	4704	CERTIFIED_DEFICIT	1386	1	1	0	0,0,0,0,0,0,0,0,0,0,0,0,0	0
3	4705	CERTIFIED_DEFICIT	1386	1	1	0	0,0,0,0,0,0,0,0,0,0,0,0,0	0
3	4706	CERTIFIED_DEFICIT	1386	1	1	0	0,0,0,0,0,0,0,0,0,0,0,0,0	0
3	4707	CERTIFIED_DEFICIT	1386	1	1	0	0,0,0,0,0,0,0,0,0,0,0,0,0	0
3	4708	CERTIFIED_DEFICIT	1386	1	1	0	0,0,0,0,0,0,0,0,0,0,0,0,0	0
3	4709	CERTIFIED_DEFICIT	1386	1	1	0	0,0,0,0,0,0,0,0,0,0,0,0,0	0
3	4710	CERTIFIED_DEFICIT	1386	1	1	0	0,0,0,0,0,0,0,0,0,0,0,0,0	0
3	4711	CERTIFIED_DEFICIT	1386	1	1	0	0,0,0,0,0,0,0,0,0,0,0,0,0	0
3	4712	CERTIFIED_DEFICIT	1386	1	1	0	0,0,0,0,0,0,0,0,0,0,0,0,0	0
3	4713	CERTIFIED_DEFICIT	1386	1	1	0	0,0,0,0,0,0,0,0,0,0,0,0,0	0
3	4714	CERTIFIED_DEFICIT	1386	1	1	0	0,0,0,0,0,0,0,0,0,0,0,0,0	0
3	4715	CERTIFIED_DEFICIT	1386	1	1	0	0,0,0,0,0,0,0,0,0,0,0,0,0	0
3	4716	CERTIFIED_DEFICIT	1386	1	1	0	0,0,0,0,0,0,0,0,0,0,0,0,0	0
3	4717	CERTIFIED_DEFICIT	1386	1	1	0	0,0,0,0,0,0,0,0,0,0,0,0,0	0
3	4718	CERTIFIED_DEFICIT	1386	1	1	0	0,0,0,0,0,0,0,0,0,0,0,0,0	0
3	4719	CERTIFIED_DEFICIT	1386	1	1	0	0,0,0,0,0,0,0,0,0,0,0,0,0	0
3	4720	CERTIFIED_DEFICIT	1386	1	1	0	0,0,0,0,0,0,0,0,0,0,0,0,0	0
3	4721	CERTIFIED_DEFICIT	1386	1	1	0	0,0,0,0,0,0,0,0,0,0,0,0,0	0
3	4722	CERTIFIED_DEFICIT	1386	1	1	0	0,0,0,0,0,0,0,0,0,0,0,0,0	0
3	4723	CERTIFIED_DEFICIT	1386	1	1	0	0,0,0,0,0,0,0,0,0,0,0,0,0	0
3	4724	CERTIFIED_DEFICIT	1386	1	1	0	0,0,0,0,0,0,0,0,0,0,0,0,0	0
3	4725	CERTIFIED_DEFICIT	1386	1	1	0	0,0,0,0,0,0,0,0,0,0,0,0,0	0
3	4726	CERTIFIED_DEFICIT	1386	1	1	0	0,0,0,0,0,0,0,0,0,0,0,0,0	0
3	4727	CERTIFIED_DEFICIT	1386	1	1	0	0,0,0,0,0,0,0,0,0,0,0,0,0	0
3	4728	CERTIFIED_DEFICIT	1386	1	1	0	0,0,0,0,0,0,0,0,0,0,0,0,0	0
3	4729	CERTIFIED_DEFICIT	1386	1	1	0	0,0,0,0,0,0,0,0,0,0,0,0,0	0
3	4730	CERTIFIED_DEFICIT	1386	1	1	0	0,0,0,0,0,0,0,0,0,0,0,0,0	0
3	4731	CERTIFIED_DEFICIT	1386	1	1	0	0,0,0,0,0,0,0,0,0,0,0,0,0	0
3	4732	CERTIFIED_DEFICIT	1386	1	1	0	0,0,0,0,0,0,0,0,0,0,0,0,0	0
3	4733	CERTIFIED_DEFICIT	1386	1	1	0	0,0,0,0,0,0,0,0,0,0,0,0,0	0
3	4734	CERTIFIED_DEFICIT	1386	1	1	0	0,0,0,0,0,0,0,0,0,0,0,0,0	0
3	4735	CERTIFIED_DEFICIT	1386	1	1	0	0,0,0,0,0,0,0,0,0,0,0,0,0	0
3	4736	CERTIFIED_DEFICIT	1313	1	1	0	0,0,0,0,0,0,0,0,0,0,0,0,0	0
3	4737	CERTIFIED_DEFICIT	1386	1	1	0	0,0,0,0,0,0,0,0,0,0,0,0,0	0
3	4738	CERTIFIED_DEFICIT	1386	1	1	0	0,0,0,0,0,0,0,0,0,0,0,0,0	0
3	4739	CERTIFIED_DEFICIT	1386	1	1	0	0,0,0,0,0,0,0,0,0,0,0,0,0	0
3	4740	CERTIFIED_DEFICIT	1386	1	1	0	0,0,0,0,0,0,0,0,0,0,0,0,0	0
3	4741	CERTIFIED_DEFICIT	1386	1	1	0	0,0,0,0,0,0,0,0,0,0,0,0,0	0
3	4742	CERTIFIED_DEFICIT	1386	1	1	0	0,0,0,0,0,0,0,0,0,0,0,0,0	0
3	4743	CERTIFIED_DEFICIT	1386	1	1	0	0,0,0,0,0,0,0,0,0,0,0,0,0	0
3	4744	CERTIFIED_DEFICIT	1386	1	1	0	0,0,0,0,0,0,0,0,0,0,0,0,0	0
3	4745	CERTIFIED_DEFICIT	1386	1	1	0	0,0,0,0,0,0,0,0,0,0,0,0,0	0
3	4746	CERTIFIED_DEFICIT	1386	1	1	0	0,0,0,0,0,0,0,0,0,0,0,0,0	0
3	4747	CERTIFIED_DEFICIT	1327	1	1	0	0,0,0,0,0,0,0,0,0,0,0,0,0	0
3	4748	CERTIFIED_DEFICIT	1386	1	1	0	0,0,0,0,0,0,0,0,0,0,0,0,0	0
3	4749	CERTIFIED_DEFICIT	1386	1	1	0	0,0,0,0,0,0,0,0,0,0,0,0,0	0
3	4750	CERTIFIED_DEFICIT	1386	1	1	0	0,0,0,0,0,0,0,0,0,0,0,0,0	0
3	4751	CERTIFIED_DEFICIT	1273	1	1	0	0,0,0,0,0,0,0,0,0,0,0,0,0	0
3	4752	CERTIFIED_DEFICIT	1386	1	1	0	0,0,0,0,0,0,0,0,0,0,0,0,0	0
3	4753	CERTIFIED_DEFICIT	1386	1	1	0	0,0,0,0,0,0,0,0,0,0,0,0,0	0
3	4754	CERTIFIED_DEFICIT	1237	1	1	0	0,0,0,0,0,0,0,0,0,0,0,0,0	0
3	4755	CERTIFIED_DEFICIT	1386	1	1	0	0,0,0,0,0,0,0,0,0,0,0,0,0	0
3	4756	CERTIFIED_DEFICIT	1386	1	1	0	0,0,0,0,0,0,0,0,0,0,0,0,0	0
3	4757	CERTIFIED_DEFICIT	1386	1	1	0	0,0,0,0,0,0,0,0,0,0,0,0,0	0
3	4758	CERTIFIED_DEFICIT	1386	1	1	0	0,0,0,0,0,0,0,0,0,0,0,0,0	0
3	4759	CERTIFIED_DEFICIT	1386	1	1	0	0,0,0,0,0,0,0,0,0,0,0,0,0	0
3	4760	CERTIFIED_DEFICIT	1386	1	1	0	0,0,0,0,0,0,0,0,0,0,0,0,0	0
3	4761	CERTIFIED_DEFICIT	1386	1	1	0	0,0,0,0,0,0,0,0,0,0,0,0,0	0
3	4762	CERTIFIED_DEFICIT	1386	1	1	0	0,0,0,0,0,0,0,0,0,0,0,0,0	0
3	4763	CERTIFIED_DEFICIT	1386	1	1	0	0,0,0,0,0,0,0,0,0,0,0,0,0	0
3	4764	CERTIFIED_DEFICIT	1386	1	1	0	0,0,0,0,0,0,0,0,0,0,0,0,0	0
3	4765	CERTIFIED_DEFICIT	1386	1	1	0	0,0,0,0,0,0,0,0,0,0,0,0,0	0
3	4766	CERTIFIED_DEFICIT	1386	1	1	0	0,0,0,0,0,0,0,0,0,0,0,0,0	0
3	4767	CERTIFIED_DEFICIT	1386	1	1	0	0,0,0,0,0,0,0,0,0,0,0,0,0	0
3	4768	CERTIFIED_DEFICIT	1386	1	1	0	0,0,0,0,0,0,0,0,0,0,0,0,0	0
3	4769	CERTIFIED_DEFICIT	1386	1	1	0	0,0,0,0,0,0,0,0,0,0,0,0,0	0
3	4770	CERTIFIED_DEFICIT	1386	1	1	0	0,0,0,0,0,0,0,0,0,0,0,0,0	0
3	4771	CERTIFIED_DEFICIT	1386	1	1	0	0,0,0,0,0,0,0,0,0,0,0,0,0	0
3	4772	CERTIFIED_DEFICIT	1386	1	1	0	0,0,0,0,0,0,0,0,0,0,0,0,0	0
3	4773	CERTIFIED_DEFICIT	1386	1	1	0	0,0,0,0,0,0,0,0,0,0,0,0,0	0
3	4774	CERTIFIED_DEFICIT	1386	1	1	0	0,0,0,0,0,0,0,0,0,0,0,0,0	0
3	4775	CERTIFIED_DEFICIT	1386	1	1	0	0,0,0,0,0,0,0,0,0,0,0,0,0	0
3	4776	CERTIFIED_DEFICIT	1386	1	1	0	0,0,0,0,0,0,0,0,0,0,0,0,0	0
3	4777	CERTIFIED_DEFICIT	1386	1	1	0	0,0,0,0,0,0,0,0,0,0,0,0,0	0
3	4778	CERTIFIED_DEFICIT	1386	1	1	0	0,0,0,0,0,0,0,0,0,0,0,0,0	0
3	4779	CERTIFIED_DEFICIT	1386	1	1	0	0,0,0,0,0,0,0,0,0,0,0,0,0	0
3	4780	CERTIFIED_DEFICIT	1386	1	1	0	0,0,0,0,0,0,0,0,0,0,0,0,0	0
3	4781	CERTIFIED_DEFICIT	1386	1	1	0	0,0,0,0,0,0,0,0,0,0,0,0,0	0
3	4782	CERTIFIED_DEFICIT	1386	1	1	0	0,0,0,0,0,0,0,0,0,0,0,0,0	0
3	4783	CERTIFIED_DEFICIT	1386	1	1	0	0,0,0,0,0,0,0,0,0,0,0,0,0	0
3	4784	CERTIFIED_DEFICIT	1386	1	1	0	0,0,0,0,0,0,0,0,0,0,0,0,0	0
3	4785	CERTIFIED_DEFICIT	1386	1	1	0	0,0,0,0,0,0,0,0,0,0,0,0,0	0
3	4786	CERTIFIED_DEFICIT	1386	1	1	0	0,0,0,0,0,0,0,0,0,0,0,0,0	0
3	4787	CERTIFIED_DEFICIT	1386	1	1	0	0,0,0,0,0,0,0,0,0,0,0,0,0	0
3	4788	CERTIFIED_DEFICIT	1386	1	1	0	0,0,0,0,0,0,0,0,0,0,0,0,0	0
3	4789	CERTIFIED_DEFICIT	1386	1	1	0	0,0,0,0,0,0,0,0,0,0,0,0,0	0
3	4790	CERTIFIED_DEFICIT	1386	1	1	0	0,0,0,0,0,0,0,0,0,0,0,0,0	0
3	4791	CERTIFIED_DEFICIT	1386	1	1	0	0,0,0,0,0,0,0,0,0,0,0,0,0	0
3	4792	CERTIFIED_DEFICIT	1386	1	1	0	0,0,0,0,0,0,0,0,0,0,0,0,0	0
3	4793	CERTIFIED_DEFICIT	1386	1	1	0	0,0,0,0,0,0,0,0,0,0,0,0,0	0
3	4794	CERTIFIED_DEFICIT	1386	1	1	0	0,0,0,0,0,0,0,0,0,0,0,0,0	0
3	4795	CERTIFIED_DEFICIT	1386	1	1	0	0,0,0,0,0,0,0,0,0,0,0,0,0	0
3	4796	CERTIFIED_DEFICIT	1386	1	1	0	0,0,0,0,0,0,0,0,0,0,0,0,0	0
3	4797	CERTIFIED_DEFICIT	1386	1	1	0	0,0,0,0,0,0,0,0,0,0,0,0,0	0
3	4798	CERTIFIED_DEFICIT	1386	1	1	0	0,0,0,0,0,0,0,0,0,0,0,0,0	0
3	4799	CERTIFIED_DEFICIT	1386	1	1	0	0,0,0,0,0,0,0,0,0,0,0,0,0	0
3	4800	CERTIFIED_DEFICIT	1386	1	1	0	0,0,0,0,0,0,0,0,0,0,0,0,0	0
3	4801	CERTIFIED_DEFICIT	1386	1	1	0	0,0,0,0,0,0,0,0,0,0,0,0,0	0
3	4802	CERTIFIED_DEFICIT	1386	1	1	0	0,0,0,0,0,0,0,0,0,0,0,0,0	0
3	4803	CERTIFIED_DEFICIT	1386	1	1	0	0,0,0,0,0,0,0,0,0,0,0,0,0	0
3	4804	CERTIFIED_DEFICIT	1386	1	1	0	0,0,0,0,0,0,0,0,0,0,0,0,0	0
3	4805	CERTIFIED_DEFICIT	1386	1	1	0	0,0,0,0,0,0,0,0,0,0,0,0,0	0
3	4806	CERTIFIED_DEFICIT	1386	1	1	0	0,0,0,0,0,0,0,0,0,0,0,0,0	0
3	4807	CERTIFIED_DEFICIT	1386	1	1	0	0,0,0,0,0,0,0,0,0,0,0,0,0	0
3	4808	CERTIFIED_DEFICIT	1386	1	1	0	0,0,0,0,0,0,0,0,0,0,0,0,0	0
3	4809	CERTIFIED_DEFICIT	1386	1	1	0	0,0,0,0,0,0,0,0,0,0,0,0,0	0
3	4810	CERTIFIED_DEFICIT	1386	1	1	0	0,0,0,0,0,0,0,0,0,0,0,0,0	0
3	4811	CERTIFIED_DEFICIT	1386	1	1	0	0,0,0,0,0,0,0,0,0,0,0,0,0	0
3	4812	CERTIFIED_DEFICIT	1386	1	1	0	0,0,0,0,0,0,0,0,0,0,0,0,0	0
3	4813	CERTIFIED_DEFICIT	1386	1	1	0	0,0,0,0,0,0,0,0,0,0,0,0,0	0
3	4814	CERTIFIED_DEFICIT	1313	1	1	0	0,0,0,0,0,0,0,0,0,0,0,0,0	0
3	4815	CERTIFIED_DEFICIT	1386	1	1	0	0,0,0,0,0,0,0,0,0,0,0,0,0	0
3	4816	CERTIFIED_DEFICIT	1386	1	1	0	0,0,0,0,0,0,0,0,0,0,0,0,0	0
3	4817	CERTIFIED_DEFICIT	1386	1	1	0	0,0,0,0,0,0,0,0,0,0,0,0,0	0
3	4818	CERTIFIED_DEFICIT	1386	1	1	0	0,0,0,0,0,0,0,0,0,0,0,0,0	0
3	4819	CERTIFIED_DEFICIT	1386	1	1	0	0,0,0,0,0,0,0,0,0,0,0,0,0	0
3	4820	CERTIFIED_DEFICIT	1386	1	1	0	0,0,0,0,0,0,0,0,0,0,0,0,0	0
3	4821	CERTIFIED_DEFICIT	1386	1	1	0	0,0,0,0,0,0,0,0,0,0,0,0,0	0
3	4822	CERTIFIED_DEFICIT	1386	1	1	0	0,0,0,0,0,0,0,0,0,0,0,0,0	0
3	4823	CERTIFIED_DEFICIT	1386	1	1	0	0,0,0,0,0,0,0,0,0,0,0,0,0	0
3	4824	CERTIFIED_DEFICIT	1386	1	1	0	0,0,0,0,0,0,0,0,0,0,0,0,0	0
3	4825	CERTIFIED_DEFICIT	1327	1	1	0	0,0,0,0,0,0,0,0,0,0,0,0,0	0
3	4826	CERTIFIED_DEFICIT	1386	1	1	0	0,0,0,0,0,0,0,0,0,0,0,0,0	0
3	4827	CERTIFIED_DEFICIT	1386	1	1	0	0,0,0,0,0,0,0,0,0,0,0,0,0	0
3	4828	CERTIFIED_DEFICIT	1386	1	1	0	0,0,0,0,0,0,0,0,0,0,0,0,0	0
3	4829	CERTIFIED_DEFICIT	1273	1	1	0	0,0,0,0,0,0,0,0,0,0,0,0,0	0
3	4830	CERTIFIED_DEFICIT	1386	1	1	0	0,0,0,0,0,0,0,0,0,0,0,0,0	0
3	4831	CERTIFIED_DEFICIT	1386	1	1	0	0,0,0,0,0,0,0,0,0,0,0,0,0	0
3	4832	CERTIFIED_DEFICIT	1237	1	1	0	0,0,0,0,0,0,0,0,0,0,0,0,0	0
3	4833	CERTIFIED_DEFICIT	1386	1	1	0	0,0,0,0,0,0,0,0,0,0,0,0,0	0
3	4834	CERTIFIED_DEFICIT	1386	1	1	0	0,0,0,0,0,0,0,0,0,0,0,0,0	0
3	4835	CERTIFIED_DEFICIT	1386	1	1	0	0,0,0,0,0,0,0,0,0,0,0,0,0	0
3	4836	CERTIFIED_DEFICIT	1302	1	1	0	0,0,0,0,0,0,0,0,0,0,0,0,0	0
3	4837	CERTIFIED_DEFICIT	1302	1	1	0	0,0,0,0,0,0,0,0,0,0,0,0,0	0
3	4838	CERTIFIED_DEFICIT	1302	1	1	0	0,0,0,0,0,0,0,0,0,0,0,0,0	0
3	4839	CERTIFIED_DEFICIT	1302	1	1	0	0,0,0,0,0,0,0,0,0,0,0,0,0	0
3	4840	CERTIFIED_DEFICIT	1302	1	1	0	0,0,0,0,0,0,0,0,0,0,0,0,0	0
3	4841	CERTIFIED_DEFICIT	1302	1	1	0	0,0,0,0,0,0,0,0,0,0,0,0,0	0
3	4842	CERTIFIED_DEFICIT	1302	1	1	0	0,0,0,0,0,0,0,0,0,0,0,0,0	0
3	4843	CERTIFIED_DEFICIT	1302	1	1	0	0,0,0,0,0,0,0,0,0,0,0,0,0	0
3	4844	CERTIFIED_DEFICIT	1302	1	1	0	0,0,0,0,0,0,0,0,0,0,0,0,0	0
3	4845	CERTIFIED_DEFICIT	1302	1	1	0	0,0,0,0,0,0,0,0,0,0,0,0,0	0
3	4846	CERTIFIED_DEFICIT	1302	1	1	0	0,0,0,0,0,0,0,0,0,0,0,0,0	0
3	4847	CERTIFIED_DEFICIT	1302	1	1	0	0,0,0,0,0,0,0,0,0,0,0,0,0	0
3	4848	CERTIFIED_DEFICIT	1302	1	1	0	0,0,0,0,0,0,0,0,0,0,0,0,0	0
3	4849	CERTIFIED_DEFICIT	1302	1	1	0	0,0,0,0,0,0,0,0,0,0,0,0,0	0
3	4850	CERTIFIED_DEFICIT	1302	1	1	0	0,0,0,0,0,0,0,0,0,0,0,0,0	0
3	4851	CERTIFIED_DEFICIT	1302	1	1	0	0,0,0,0,0,0,0,0,0,0,0,0,0	0
3	4852	CERTIFIED_DEFICIT	1302	1	1	0	0,0,0,0,0,0,0,0,0,0,0,0,0	0
3	4853	CERTIFIED_DEFICIT	1302	1	1	0	0,0,0,0,0,0,0,0,0,0,0,0,0	0
3	4854	CERTIFIED_DEFICIT	1302	1	1	0	0,0,0,0,0,0,0,0,0,0,0,0,0	0
3	4855	CERTIFIED_DEFICIT	1302	1	1	0	0,0,0,0,0,0,0,0,0,0,0,0,0	0
3	4856	CERTIFIED_DEFICIT	1302	1	1	0	0,0,0,0,0,0,0,0,0,0,0,0,0	0
3	4857	CERTIFIED_DEFICIT	1302	1	1	0	0,0,0,0,0,0,0,0,0,0,0,0,0	0
3	4858	CERTIFIED_DEFICIT	1302	1	1	0	0,0,0,0,0,0,0,0,0,0,0,0,0	0
3	4859	CERTIFIED_DEFICIT	1302	1	1	0	0,0,0,0,0,0,0,0,0,0,0,0,0	0
3	4860	CERTIFIED_DEFICIT	1302	1	1	0	0,0,0,0,0,0,0,0,0,0,0,0,0	0
3	4861	CERTIFIED_DEFICIT	1302	1	1	0	0,0,0,0,0,0,0,0,0,0,0,0,0	0
3	4862	CERTIFIED_DEFICIT	1302	1	1	0	0,0,0,0,0,0,0,0,0,0,0,0,0	0
3	4863	CERTIFIED_DEFICIT	1302	1	1	0	0,0,0,0,0,0,0,0,0,0,0,0,0	0
3	4864	CERTIFIED_DEFICIT	1302	1	1	0	0,0,0,0,0,0,0,0,0,0,0,0,0	0
3	4865	CERTIFIED_DEFICIT	1302	1	1	0	0,0,0,0,0,0,0,0,0,0,0,0,0	0
3	4866	CERTIFIED_DEFICIT	1302	1	1	0	0,0,0,0,0,0,0,0,0,0,0,0,0	0
3	4867	CERTIFIED_DEFICIT	1302	1	1	0	0,0,0,0,0,0,0,0,0,0,0,0,0	0
3	4868	CERTIFIED_DEFICIT	1302	1	1	0	0,0,0,0,0,0,0,0,0,0,0,0,0	0
3	4869	CERTIFIED_DEFICIT	1302	1	1	0	0,0,0,0,0,0,0,0,0,0,0,0,0	0
3	4870	CERTIFIED_DEFICIT	1302	1	1	0	0,0,0,0,0,0,0,0,0,0,0,0,0	0
3	4871	CERTIFIED_DEFICIT	1302	1	1	0	0,0,0,0,0,0,0,0,0,0,0,0,0	0
3	4872	CERTIFIED_DEFICIT	1302	1	1	0	0,0,0,0,0,0,0,0,0,0,0,0,0	0
3	4873	CERTIFIED_DEFICIT	1302	1	1	0	0,0,0,0,0,0,0,0,0,0,0,0,0	0
3	4874	CERTIFIED_DEFICIT	1302	1	1	0	0,0,0,0,0,0,0,0,0,0,0,0,0	0
3	4875	CERTIFIED_DEFICIT	1302	1	1	0	0,0,0,0,0,0,0,0,0,0,0,0,0	0
3	4876	CERTIFIED_DEFICIT	1302	1	1	0	0,0,0,0,0,0,0,0,0,0,0,0,0	0
3	4877	CERTIFIED_DEFICIT	1302	1	1	0	0,0,0,0,0,0,0,0,0,0,0,0,0	0
3	4878	CERTIFIED_DEFICIT	1302	1	1	0	0,0,0,0,0,0,0,0,0,0,0,0,0	0
3	4879	CERTIFIED_DEFICIT	1302	1	1	0	0,0,0,0,0,0,0,0,0,0,0,0,0	0
3	4880	CERTIFIED_DEFICIT	1302	1	1	0	0,0,0,0,0,0,0,0,0,0,0,0,0	0
3	4881	CERTIFIED_DEFICIT	1302	1	1	0	0,0,0,0,0,0,0,0,0,0,0,0,0	0
3	4882	CERTIFIED_DEFICIT	1302	1	1	0	0,0,0,0,0,0,0,0,0,0,0,0,0	0
3	4883	CERTIFIED_DEFICIT	1302	1	1	0	0,0,0,0,0,0,0,0,0,0,0,0,0	0
3	4884	CERTIFIED_DEFICIT	1302	1	1	0	0,0,0,0,0,0,0,0,0,0,0,0,0	0
3	4885	CERTIFIED_DEFICIT	1302	1	1	0	0,0,0,0,0,0,0,0,0,0,0,0,0	0
3	4886	CERTIFIED_DEFICIT	1302	1	1	0	0,0,0,0,0,0,0,0,0,0,0,0,0	0
3	4887	CERTIFIED_DEFICIT	1302	1	1	0	0,0,0,0,0,0,0,0,0,0,0,0,0	0
3	4888	CERTIFIED_DEFICIT	1302	1	1	0	0,0,0,0,0,0,0,0,0,0,0,0,0	0
3	4889	CERTIFIED_DEFICIT	1302	1	1	0	0,0,0,0,0,0,0,0,0,0,0,0,0	0
3	4890	CERTIFIED_DEFICIT	1302	1	1	0	0,0,0,0,0,0,0,0,0,0,0,0,0	0
3	4891	CERTIFIED_DEFICIT	1302	1	1	0	0,0,0,0,0,0,0,0,0,0,0,0,0	0
3	4892	CERTIFIED_DEFICIT	1302	1	1	0	0,0,0,0,0,0,0,0,0,0,0,0,0	0
3	4893	CERTIFIED_DEFICIT	1302	1	1	0	0,0,0,0,0,0,0,0,0,0,0,0,0	0
3	4894	CERTIFIED_DEFICIT	1302	1	1	0	0,0,0,0,0,0,0,0,0,0,0,0,0	0
3	4895	CERTIFIED_DEFICIT	1302	1	1	0	0,0,0,0,0,0,0,0,0,0,0,0,0	0
3	4896	CERTIFIED_DEFICIT	1302	1	1	0	0,0,0,0,0,0,0,0,0,0,0,0,0	0
3	4897	CERTIFIED_DEFICIT	1302	1	1	0	0,0,0,0,0,0,0,0,0,0,0,0,0	0
3	4898	CERTIFIED_DEFICIT	1302	1	1	0	0,0,0,0,0,0,0,0,0,0,0,0,0	0
3	4899	CERTIFIED_DEFICIT	1302	1	1	0	0,0,0,0,0,0,0,0,0,0,0,0,0	0
3	4900	CERTIFIED_DEFICIT	1302	1	1	0	0,0,0,0,0,0,0,0,0,0,0,0,0	0
3	4901	CERTIFIED_DEFICIT	1302	1	1	0	0,0,0,0,0,0,0,0,0,0,0,0,0	0
3	4902	CERTIFIED_DEFICIT	1302	1	1	0	0,0,0,0,0,0,0,0,0,0,0,0,0	0
3	4903	CERTIFIED_DEFICIT	1302	1	1	0	0,0,0,0,0,0,0,0,0,0,0,0,0	0
3	4904	CERTIFIED_DEFICIT	1302	1	1	0	0,0,0,0,0,0,0,0,0,0,0,0,0	0
3	4905	CERTIFIED_DEFICIT	1302	1	1	0	0,0,0,0,0,0,0,0,0,0,0,0,0	0
3	4906	CERTIFIED_DEFICIT	1302	1	1	0	0,0,0,0,0,0,0,0,0,0,0,0,0	0
3	4907	CERTIFIED_DEFICIT	1273	1	1	0	0,0,0,0,0,0,0,0,0,0,0,0,0	0
3	4908	CERTIFIED_DEFICIT	1302	1	1	0	0,0,0,0,0,0,0,0,0,0,0,0,0	0
3	4909	CERTIFIED_DEFICIT	1302	1	1	0	0,0,0,0,0,0,0,0,0,0,0,0,0	0
3	4910	CERTIFIED_DEFICIT	1237	1	1	0	0,0,0,0,0,0,0,0,0,0,0,0,0	0
3	4911	CERTIFIED_DEFICIT	1302	1	1	0	0,0,0,0,0,0,0,0,0,0,0,0,0	0
3	4912	CERTIFIED_DEFICIT	1302	1	1	0	0,0,0,0,0,0,0,0,0,0,0,0,0	0
3	4913	CERTIFIED_DEFICIT	1302	1	1	0	0,0,0,0,0,0,0,0,0,0,0,0,0	0
3	4914	CERTIFIED_DEFICIT	1988	1	1	0	0,0,0,0,0,0,0,0,0,0,0,0,0	0
3	4915	CERTIFIED_DEFICIT	1988	1	1	0	0,0,0,0,0,0,0,0,0,0,0,0,0	0
3	4916	CERTIFIED_DEFICIT	1988	1	1	0	0,0,0,0,0,0,0,0,0,0,0,0,0	0
3	4917	CERTIFIED_DEFICIT	1988	1	1	0	0,0,0,0,0,0,0,0,0,0,0,0,0	0
3	4918	CERTIFIED_DEFICIT	1988	1	1	0	0,0,0,0,0,0,0,0,0,0,0,0,0	0
3	4919	CERTIFIED_DEFICIT	1988	1	1	0	0,0,0,0,0,0,0,0,0,0,0,0,0	0
3	4920	CERTIFIED_DEFICIT	1988	1	1	0	0,0,0,0,0,0,0,0,0,0,0,0,0	0
3	4921	CERTIFIED_DEFICIT	1988	1	1	0	0,0,0,0,0,0,0,0,0,0,0,0,0	0
3	4922	CERTIFIED_DEFICIT	1988	1	1	0	0,0,0,0,0,0,0,0,0,0,0,0,0	0
3	4923	CERTIFIED_DEFICIT	1988	1	1	0	0,0,0,0,0,0,0,0,0,0,0,0,0	0
3	4924	CERTIFIED_DEFICIT	1988	1	1	0	0,0,0,0,0,0,0,0,0,0,0,0,0	0
3	4925	CERTIFIED_DEFICIT	1988	1	1	0	0,0,0,0,0,0,0,0,0,0,0,0,0	0
3	4926	CERTIFIED_DEFICIT	1988	1	1	0	0,0,0,0,0,0,0,0,0,0,0,0,0	0
3	4927	CERTIFIED_DEFICIT	1988	1	1	0	0,0,0,0,0,0,0,0,0,0,0,0,0	0
3	4928	CERTIFIED_DEFICIT	1988	1	1	0	0,0,0,0,0,0,0,0,0,0,0,0,0	0
3	4929	CERTIFIED_DEFICIT	1988	1	1	0	0,0,0,0,0,0,0,0,0,0,0,0,0	0
3	4930	CERTIFIED_DEFICIT	1988	1	1	0	0,0,0,0,0,0,0,0,0,0,0,0,0	0
3	4931	CERTIFIED_DEFICIT	1988	1	1	0	0,0,0,0,0,0,0,0,0,0,0,0,0	0
3	4932	CERTIFIED_DEFICIT	1988	1	1	0	0,0,0,0,0,0,0,0,0,0,0,0,0	0
3	4933	CERTIFIED_DEFICIT	1988	1	1	0	0,0,0,0,0,0,0,0,0,0,0,0,0	0
3	4934	CERTIFIED_DEFICIT	1988	1	1	0	0,0,0,0,0,0,0,0,0,0,0,0,0	0
3	4935	CERTIFIED_DEFICIT	1988	1	1	0	0,0,0,0,0,0,0,0,0,0,0,0,0	0
3	4936	CERTIFIED_DEFICIT	1988	1	1	0	0,0,0,0,0,0,0,0,0,0,0,0,0	0
3	4937	CERTIFIED_DEFICIT	1988	1	1	0	0,0,0,0,0,0,0,0,0,0,0,0,0	0
3	4938	CERTIFIED_DEFICIT	1988	1	1	0	0,0,0,0,0,0,0,0,0,0,0,0,0	0
3	4939	CERTIFIED_DEFICIT	1988	1	1	0	0,0,0,0,0,0,0,0,0,0,0,0,0	0
3	4940	CERTIFIED_DEFICIT	1988	1	1	0	0,0,0,0,0,0,0,0,0,0,0,0,0	0
3	4941	CERTIFIED_DEFICIT	1988	1	1	0	0,0,0,0,0,0,0,0,0,0,0,0,0	0
3	4942	CERTIFIED_DEFICIT	1988	1	1	0	0,0,0,0,0,0,0,0,0,0,0,0,0	0
3	4943	CERTIFIED_DEFICIT	1988	1	1	0	0,0,0,0,0,0,0,0,0,0,0,0,0	0
3	4944	CERTIFIED_DEFICIT	1988	1	1	0	0,0,0,0,0,0,0,0,0,0,0,0,0	0
3	4945	CERTIFIED_DEFICIT	1988	1	1	0	0,0,0,0,0,0,0,0,0,0,0,0,0	0
3	4946	CERTIFIED_DEFICIT	1988	1	1	0	0,0,0,0,0,0,0,0,0,0,0,0,0	0
3	4947	CERTIFIED_DEFICIT	1988	1	1	0	0,0,0,0,0,0,0,0,0,0,0,0,0	0
3	4948	CERTIFIED_DEFICIT	1988	1	1	0	0,0,0,0,0,0,0,0,0,0,0,0,0	0
3	4949	CERTIFIED_DEFICIT	1988	1	1	0	0,0,0,0,0,0,0,0,0,0,0,0,0	0
3	4950	CERTIFIED_DEFICIT	1988	1	1	0	0,0,0,0,0,0,0,0,0,0,0,0,0	0
3	4951	CERTIFIED_DEFICIT	1988	1	1	0	0,0,0,0,0,0,0,0,0,0,0,0,0	0
3	4952	CERTIFIED_DEFICIT	1988	1	1	0	0,0,0,0,0,0,0,0,0,0,0,0,0	0
3	4953	CERTIFIED_DEFICIT	1988	1	1	0	0,0,0,0,0,0,0,0,0,0,0,0,0	0
3	4954	CERTIFIED_DEFICIT	1988	1	1	0	0,0,0,0,0,0,0,0,0,0,0,0,0	0
3	4955	CERTIFIED_DEFICIT	1988	1	1	0	0,0,0,0,0,0,0,0,0,0,0,0,0	0
3	4956	CERTIFIED_DEFICIT	1988	1	1	0	0,0,0,0,0,0,0,0,0,0,0,0,0	0
3	4957	CERTIFIED_DEFICIT	1988	1	1	0	0,0,0,0,0,0,0,0,0,0,0,0,0	0
3	4958	CERTIFIED_DEFICIT	1988	1	1	0	0,0,0,0,0,0,0,0,0,0,0,0,0	0
3	4959	CERTIFIED_DEFICIT	1988	1	1	0	0,0,0,0,0,0,0,0,0,0,0,0,0	0
3	4960	CERTIFIED_DEFICIT	1988	1	1	0	0,0,0,0,0,0,0,0,0,0,0,0,0	0
3	4961	CERTIFIED_DEFICIT	1988	1	1	0	0,0,0,0,0,0,0,0,0,0,0,0,0	0
3	4962	CERTIFIED_DEFICIT	1988	1	1	0	0,0,0,0,0,0,0,0,0,0,0,0,0	0
3	4963	CERTIFIED_DEFICIT	1988	1	1	0	0,0,0,0,0,0,0,0,0,0,0,0,0	0
3	4964	CERTIFIED_DEFICIT	1988	1	1	0	0,0,0,0,0,0,0,0,0,0,0,0,0	0
3	4965	CERTIFIED_DEFICIT	1988	1	1	0	0,0,0,0,0,0,0,0,0,0,0,0,0	0
3	4966	CERTIFIED_DEFICIT	1988	1	1	0	0,0,0,0,0,0,0,0,0,0,0,0,0	0
3	4967	CERTIFIED_DEFICIT	1988	1	1	0	0,0,0,0,0,0,0,0,0,0,0,0,0	0
3	4968	CERTIFIED_DEFICIT	1988	1	1	0	0,0,0,0,0,0,0,0,0,0,0,0,0	0
3	4969	CERTIFIED_DEFICIT	1988	1	1	0	0,0,0,0,0,0,0,0,0,0,0,0,0	0
3	4970	CERTIFIED_DEFICIT	1313	1	1	0	0,0,0,0,0,0,0,0,0,0,0,0,0	0
3	4971	CERTIFIED_DEFICIT	1988	1	1	0	0,0,0,0,0,0,0,0,0,0,0,0,0	0
3	4972	CERTIFIED_DEFICIT	1988	1	1	0	0,0,0,0,0,0,0,0,0,0,0,0,0	0
3	4973	CERTIFIED_DEFICIT	1988	1	1	0	0,0,0,0,0,0,0,0,0,0,0,0,0	0
3	4974	CERTIFIED_DEFICIT	1988	1	1	0	0,0,0,0,0,0,0,0,0,0,0,0,0	0
3	4975	CERTIFIED_DEFICIT	1988	1	1	0	0,0,0,0,0,0,0,0,0,0,0,0,0	0
3	4976	CERTIFIED_DEFICIT	1988	1	1	0	0,0,0,0,0,0,0,0,0,0,0,0,0	0
3	4977	CERTIFIED_DEFICIT	1988	1	1	0	0,0,0,0,0,0,0,0,0,0,0,0,0	0
3	4978	CERTIFIED_DEFICIT	1988	1	1	0	0,0,0,0,0,0,0,0,0,0,0,0,0	0
3	4979	CERTIFIED_DEFICIT	1988	1	1	0	0,0,0,0,0,0,0,0,0,0,0,0,0	0
3	4980	CERTIFIED_DEFICIT	1988	1	1	0	0,0,0,0,0,0,0,0,0,0,0,0,0	0
3	4981	CERTIFIED_DEFICIT	1327	1	1	0	0,0,0,0,0,0,0,0,0,0,0,0,0	0
3	4982	CERTIFIED_DEFICIT	1988	1	1	0	0,0,0,0,0,0,0,0,0,0,0,0,0	0
3	4983	CERTIFIED_DEFICIT	1988	1	1	0	0,0,0,0,0,0,0,0,0,0,0,0,0	0
3	4984	CERTIFIED_DEFICIT	1988	1	1	0	0,0,0,0,0,0,0,0,0,0,0,0,0	0
3	4985	CERTIFIED_DEFICIT	1273	1	1	0	0,0,0,0,0,0,0,0,0,0,0,0,0	0
3	4986	CERTIFIED_DEFICIT	1988	1	1	0	0,0,0,0,0,0,0,0,0,0,0,0,0	0
3	4987	CERTIFIED_DEFICIT	1988	1	1	0	0,0,0,0,0,0,0,0,0,0,0,0,0	0
3	4988	CERTIFIED_DEFICIT	1237	1	1	0	0,0,0,0,0,0,0,0,0,0,0,0,0	0
3	4989	CERTIFIED_DEFICIT	1988	1	1	0	0,0,0,0,0,0,0,0,0,0,0,0,0	0
3	4990	CERTIFIED_DEFICIT	1988	1	1	0	0,0,0,0,0,0,0,0,0,0,0,0,0	0
3	4991	CERTIFIED_DEFICIT	1988	1	1	0	0,0,0,0,0,0,0,0,0,0,0,0,0	0
3	4992	CERTIFIED_DEFICIT	1582	1	1	0	0,0,0,0,0,0,0,0,0,0,0,0,0	0
3	4993	CERTIFIED_DEFICIT	1582	1	1	0	0,0,0,0,0,0,0,0,0,0,0,0,0	0
3	4994	CERTIFIED_DEFICIT	1582	1	1	0	0,0,0,0,0,0,0,0,0,0,0,0,0	0
3	4995	CERTIFIED_DEFICIT	1582	1	1	0	0,0,0,0,0,0,0,0,0,0,0,0,0	0
3	4996	CERTIFIED_DEFICIT	1582	1	1	0	0,0,0,0,0,0,0,0,0,0,0,0,0	0
3	4997	CERTIFIED_DEFICIT	1582	1	1	0	0,0,0,0,0,0,0,0,0,0,0,0,0	0
3	4998	CERTIFIED_DEFICIT	1582	1	1	0	0,0,0,0,0,0,0,0,0,0,0,0,0	0
3	4999	CERTIFIED_DEFICIT	1582	1	1	0	0,0,0,0,0,0,0,0,0,0,0,0,0	0
3	5000	CERTIFIED_DEFICIT	1582	1	1	0	0,0,0,0,0,0,0,0,0,0,0,0,0	0
3	5001	CERTIFIED_DEFICIT	1582	1	1	0	0,0,0,0,0,0,0,0,0,0,0,0,0	0
3	5002	CERTIFIED_DEFICIT	1582	1	1	0	0,0,0,0,0,0,0,0,0,0,0,0,0	0
3	5003	CERTIFIED_DEFICIT	1582	1	1	0	0,0,0,0,0,0,0,0,0,0,0,0,0	0
3	5004	CERTIFIED_DEFICIT	1582	1	1	0	0,0,0,0,0,0,0,0,0,0,0,0,0	0
3	5005	CERTIFIED_DEFICIT	1582	1	1	0	0,0,0,0,0,0,0,0,0,0,0,0,0	0
3	5006	CERTIFIED_DEFICIT	1582	1	1	0	0,0,0,0,0,0,0,0,0,0,0,0,0	0
3	5007	CERTIFIED_DEFICIT	1582	1	1	0	0,0,0,0,0,0,0,0,0,0,0,0,0	0
3	5008	CERTIFIED_DEFICIT	1582	1	1	0	0,0,0,0,0,0,0,0,0,0,0,0,0	0
3	5009	CERTIFIED_DEFICIT	1582	1	1	0	0,0,0,0,0,0,0,0,0,0,0,0,0	0
3	5010	CERTIFIED_DEFICIT	1582	1	1	0	0,0,0,0,0,0,0,0,0,0,0,0,0	0
3	5011	CERTIFIED_DEFICIT	1582	1	1	0	0,0,0,0,0,0,0,0,0,0,0,0,0	0
3	5012	CERTIFIED_DEFICIT	1582	1	1	0	0,0,0,0,0,0,0,0,0,0,0,0,0	0
3	5013	CERTIFIED_DEFICIT	1582	1	1	0	0,0,0,0,0,0,0,0,0,0,0,0,0	0
3	5014	CERTIFIED_DEFICIT	1582	1	1	0	0,0,0,0,0,0,0,0,0,0,0,0,0	0
3	5015	CERTIFIED_DEFICIT	1582	1	1	0	0,0,0,0,0,0,0,0,0,0,0,0,0	0
3	5016	CERTIFIED_DEFICIT	1582	1	1	0	0,0,0,0,0,0,0,0,0,0,0,0,0	0
3	5017	CERTIFIED_DEFICIT	1582	1	1	0	0,0,0,0,0,0,0,0,0,0,0,0,0	0
3	5018	CERTIFIED_DEFICIT	1582	1	1	0	0,0,0,0,0,0,0,0,0,0,0,0,0	0
3	5019	CERTIFIED_DEFICIT	1582	1	1	0	0,0,0,0,0,0,0,0,0,0,0,0,0	0
3	5020	CERTIFIED_DEFICIT	1582	1	1	0	0,0,0,0,0,0,0,0,0,0,0,0,0	0
3	5021	CERTIFIED_DEFICIT	1582	1	1	0	0,0,0,0,0,0,0,0,0,0,0,0,0	0
3	5022	CERTIFIED_DEFICIT	1582	1	1	0	0,0,0,0,0,0,0,0,0,0,0,0,0	0
3	5023	CERTIFIED_DEFICIT	1582	1	1	0	0,0,0,0,0,0,0,0,0,0,0,0,0	0
3	5024	CERTIFIED_DEFICIT	1582	1	1	0	0,0,0,0,0,0,0,0,0,0,0,0,0	0
3	5025	CERTIFIED_DEFICIT	1582	1	1	0	0,0,0,0,0,0,0,0,0,0,0,0,0	0
3	5026	CERTIFIED_DEFICIT	1582	1	1	0	0,0,0,0,0,0,0,0,0,0,0,0,0	0
3	5027	CERTIFIED_DEFICIT	1582	1	1	0	0,0,0,0,0,0,0,0,0,0,0,0,0	0
3	5028	CERTIFIED_DEFICIT	1582	1	1	0	0,0,0,0,0,0,0,0,0,0,0,0,0	0
3	5029	CERTIFIED_DEFICIT	1582	1	1	0	0,0,0,0,0,0,0,0,0,0,0,0,0	0
3	5030	CERTIFIED_DEFICIT	1582	1	1	0	0,0,0,0,0,0,0,0,0,0,0,0,0	0
3	5031	CERTIFIED_DEFICIT	1582	1	1	0	0,0,0,0,0,0,0,0,0,0,0,0,0	0
3	5032	CERTIFIED_DEFICIT	1582	1	1	0	0,0,0,0,0,0,0,0,0,0,0,0,0	0
3	5033	CERTIFIED_DEFICIT	1582	1	1	0	0,0,0,0,0,0,0,0,0,0,0,0,0	0
3	5034	CERTIFIED_DEFICIT	1582	1	1	0	0,0,0,0,0,0,0,0,0,0,0,0,0	0
3	5035	CERTIFIED_DEFICIT	1582	1	1	0	0,0,0,0,0,0,0,0,0,0,0,0,0	0
3	5036	CERTIFIED_DEFICIT	1582	1	1	0	0,0,0,0,0,0,0,0,0,0,0,0,0	0
3	5037	CERTIFIED_DEFICIT	1582	1	1	0	0,0,0,0,0,0,0,0,0,0,0,0,0	0
3	5038	CERTIFIED_DEFICIT	1582	1	1	0	0,0,0,0,0,0,0,0,0,0,0,0,0	0
3	5039	CERTIFIED_DEFICIT	1582	1	1	0	0,0,0,0,0,0,0,0,0,0,0,0,0	0
3	5040	CERTIFIED_DEFICIT	1582	1	1	0	0,0,0,0,0,0,0,0,0,0,0,0,0	0
3	5041	CERTIFIED_DEFICIT	1582	1	1	0	0,0,0,0,0,0,0,0,0,0,0,0,0	0
3	5042	CERTIFIED_DEFICIT	1582	1	1	0	0,0,0,0,0,0,0,0,0,0,0,0,0	0
3	5043	CERTIFIED_DEFICIT	1582	1	1	0	0,0,0,0,0,0,0,0,0,0,0,0,0	0
3	5044	CERTIFIED_DEFICIT	1582	1	1	0	0,0,0,0,0,0,0,0,0,0,0,0,0	0
3	5045	CERTIFIED_DEFICIT	1582	1	1	0	0,0,0,0,0,0,0,0,0,0,0,0,0	0
3	5046	CERTIFIED_DEFICIT	1582	1	1	0	0,0,0,0,0,0,0,0,0,0,0,0,0	0
3	5047	CERTIFIED_DEFICIT	1582	1	1	0	0,0,0,0,0,0,0,0,0,0,0,0,0	0
3	5048	CERTIFIED_DEFICIT	1313	1	1	0	0,0,0,0,0,0,0,0,0,0,0,0,0	0
3	5049	CERTIFIED_DEFICIT	1582	1	1	0	0,0,0,0,0,0,0,0,0,0,0,0,0	0
3	5050	CERTIFIED_DEFICIT	1582	1	1	0	0,0,0,0,0,0,0,0,0,0,0,0,0	0
3	5051	CERTIFIED_DEFICIT	1582	1	1	0	0,0,0,0,0,0,0,0,0,0,0,0,0	0
3	5052	CERTIFIED_DEFICIT	1582	1	1	0	0,0,0,0,0,0,0,0,0,0,0,0,0	0
3	5053	CERTIFIED_DEFICIT	1582	1	1	0	0,0,0,0,0,0,0,0,0,0,0,0,0	0
3	5054	CERTIFIED_DEFICIT	1582	1	1	0	0,0,0,0,0,0,0,0,0,0,0,0,0	0
3	5055	CERTIFIED_DEFICIT	1582	1	1	0	0,0,0,0,0,0,0,0,0,0,0,0,0	0
3	5056	CERTIFIED_DEFICIT	1582	1	1	0	0,0,0,0,0,0,0,0,0,0,0,0,0	0
3	5057	CERTIFIED_DEFICIT	1582	1	1	0	0,0,0,0,0,0,0,0,0,0,0,0,0	0
3	5058	CERTIFIED_DEFICIT	1582	1	1	0	0,0,0,0,0,0,0,0,0,0,0,0,0	0
3	5059	CERTIFIED_DEFICIT	1327	1	1	0	0,0,0,0,0,0,0,0,0,0,0,0,0	0
3	5060	CERTIFIED_DEFICIT	1582	1	1	0	0,0,0,0,0,0,0,0,0,0,0,0,0	0
3	5061	CERTIFIED_DEFICIT	1582	1	1	0	0,0,0,0,0,0,0,0,0,0,0,0,0	0
3	5062	CERTIFIED_DEFICIT	1582	1	1	0	0,0,0,0,0,0,0,0,0,0,0,0,0	0
3	5063	CERTIFIED_DEFICIT	1273	1	1	0	0,0,0,0,0,0,0,0,0,0,0,0,0	0
3	5064	CERTIFIED_DEFICIT	1582	1	1	0	0,0,0,0,0,0,0,0,0,0,0,0,0	0
3	5065	CERTIFIED_DEFICIT	1582	1	1	0	0,0,0,0,0,0,0,0,0,0,0,0,0	0
3	5066	CERTIFIED_DEFICIT	1237	1	1	0	0,0,0,0,0,0,0,0,0,0,0,0,0	0
3	5067	CERTIFIED_DEFICIT	1582	1	1	0	0,0,0,0,0,0,0,0,0,0,0,0,0	0
3	5068	CERTIFIED_DEFICIT	1582	1	1	0	0,0,0,0,0,0,0,0,0,0,0,0,0	0
3	5069	CERTIFIED_DEFICIT	1582	1	1	0	0,0,0,0,0,0,0,0,0,0,0,0,0	0
3	5070	CERTIFIED_DEFICIT	1428	1	1	0	0,0,0,0,0,0,0,0,0,0,0,0,0	0
3	5071	CERTIFIED_DEFICIT	1428	1	1	0	0,0,0,0,0,0,0,0,0,0,0,0,0	0
3	5072	CERTIFIED_DEFICIT	1428	1	1	0	0,0,0,0,0,0,0,0,0,0,0,0,0	0
3	5073	CERTIFIED_DEFICIT	1428	1	1	0	0,0,0,0,0,0,0,0,0,0,0,0,0	0
3	5074	CERTIFIED_DEFICIT	1428	1	1	0	0,0,0,0,0,0,0,0,0,0,0,0,0	0
3	5075	CERTIFIED_DEFICIT	1428	1	1	0	0,0,0,0,0,0,0,0,0,0,0,0,0	0
3	5076	CERTIFIED_DEFICIT	1428	1	1	0	0,0,0,0,0,0,0,0,0,0,0,0,0	0
3	5077	CERTIFIED_DEFICIT	1428	1	1	0	0,0,0,0,0,0,0,0,0,0,0,0,0	0
3	5078	CERTIFIED_DEFICIT	1428	1	1	0	0,0,0,0,0,0,0,0,0,0,0,0,0	0
3	5079	CERTIFIED_DEFICIT	1428	1	1	0	0,0,0,0,0,0,0,0,0,0,0,0,0	0
3	5080	CERTIFIED_DEFICIT	1428	1	1	0	0,0,0,0,0,0,0,0,0,0,0,0,0	0
3	5081	CERTIFIED_DEFICIT	1428	1	1	0	0,0,0,0,0,0,0,0,0,0,0,0,0	0
3	5082	CERTIFIED_DEFICIT	1428	1	1	0	0,0,0,0,0,0,0,0,0,0,0,0,0	0
3	5083	CERTIFIED_DEFICIT	1428	1	1	0	0,0,0,0,0,0,0,0,0,0,0,0,0	0
3	5084	CERTIFIED_DEFICIT	1428	1	1	0	0,0,0,0,0,0,0,0,0,0,0,0,0	0
3	5085	CERTIFIED_DEFICIT	1428	1	1	0	0,0,0,0,0,0,0,0,0,0,0,0,0	0
3	5086	CERTIFIED_DEFICIT	1428	1	1	0	0,0,0,0,0,0,0,0,0,0,0,0,0	0
3	5087	CERTIFIED_DEFICIT	1428	1	1	0	0,0,0,0,0,0,0,0,0,0,0,0,0	0
3	5088	CERTIFIED_DEFICIT	1428	1	1	0	0,0,0,0,0,0,0,0,0,0,0,0,0	0
3	5089	CERTIFIED_DEFICIT	1428	1	1	0	0,0,0,0,0,0,0,0,0,0,0,0,0	0
3	5090	CERTIFIED_DEFICIT	1428	1	1	0	0,0,0,0,0,0,0,0,0,0,0,0,0	0
3	5091	CERTIFIED_DEFICIT	1428	1	1	0	0,0,0,0,0,0,0,0,0,0,0,0,0	0
3	5092	CERTIFIED_DEFICIT	1428	1	1	0	0,0,0,0,0,0,0,0,0,0,0,0,0	0
3	5093	CERTIFIED_DEFICIT	1428	1	1	0	0,0,0,0,0,0,0,0,0,0,0,0,0	0
3	5094	CERTIFIED_DEFICIT	1428	1	1	0	0,0,0,0,0,0,0,0,0,0,0,0,0	0
3	5095	CERTIFIED_DEFICIT	1428	1	1	0	0,0,0,0,0,0,0,0,0,0,0,0,0	0
3	5096	CERTIFIED_DEFICIT	1428	1	1	0	0,0,0,0,0,0,0,0,0,0,0,0,0	0
3	5097	CERTIFIED_DEFICIT	1428	1	1	0	0,0,0,0,0,0,0,0,0,0,0,0,0	0
3	5098	CERTIFIED_DEFICIT	1428	1	1	0	0,0,0,0,0,0,0,0,0,0,0,0,0	0
3	5099	CERTIFIED_DEFICIT	1428	1	1	0	0,0,0,0,0,0,0,0,0,0,0,0,0	0
3	5100	CERTIFIED_DEFICIT	1428	1	1	0	0,0,0,0,0,0,0,0,0,0,0,0,0	0
3	5101	CERTIFIED_DEFICIT	1428	1	1	0	0,0,0,0,0,0,0,0,0,0,0,0,0	0
3	5102	CERTIFIED_DEFICIT	1428	1	1	0	0,0,0,0,0,0,0,0,0,0,0,0,0	0
3	5103	CERTIFIED_DEFICIT	1428	1	1	0	0,0,0,0,0,0,0,0,0,0,0,0,0	0
3	5104	CERTIFIED_DEFICIT	1428	1	1	0	0,0,0,0,0,0,0,0,0,0,0,0,0	0
3	5105	CERTIFIED_DEFICIT	1428	1	1	0	0,0,0,0,0,0,0,0,0,0,0,0,0	0
3	5106	CERTIFIED_DEFICIT	1428	1	1	0	0,0,0,0,0,0,0,0,0,0,0,0,0	0
3	5107	CERTIFIED_DEFICIT	1428	1	1	0	0,0,0,0,0,0,0,0,0,0,0,0,0	0
3	5108	CERTIFIED_DEFICIT	1428	1	1	0	0,0,0,0,0,0,0,0,0,0,0,0,0	0
3	5109	CERTIFIED_DEFICIT	1428	1	1	0	0,0,0,0,0,0,0,0,0,0,0,0,0	0
3	5110	CERTIFIED_DEFICIT	1428	1	1	0	0,0,0,0,0,0,0,0,0,0,0,0,0	0
3	5111	CERTIFIED_DEFICIT	1428	1	1	0	0,0,0,0,0,0,0,0,0,0,0,0,0	0
3	5112	CERTIFIED_DEFICIT	1428	1	1	0	0,0,0,0,0,0,0,0,0,0,0,0,0	0
3	5113	CERTIFIED_DEFICIT	1428	1	1	0	0,0,0,0,0,0,0,0,0,0,0,0,0	0
3	5114	CERTIFIED_DEFICIT	1428	1	1	0	0,0,0,0,0,0,0,0,0,0,0,0,0	0
3	5115	CERTIFIED_DEFICIT	1428	1	1	0	0,0,0,0,0,0,0,0,0,0,0,0,0	0
3	5116	CERTIFIED_DEFICIT	1428	1	1	0	0,0,0,0,0,0,0,0,0,0,0,0,0	0
3	5117	CERTIFIED_DEFICIT	1428	1	1	0	0,0,0,0,0,0,0,0,0,0,0,0,0	0
3	5118	CERTIFIED_DEFICIT	1428	1	1	0	0,0,0,0,0,0,0,0,0,0,0,0,0	0
3	5119	CERTIFIED_DEFICIT	1428	1	1	0	0,0,0,0,0,0,0,0,0,0,0,0,0	0
3	5120	CERTIFIED_DEFICIT	1428	1	1	0	0,0,0,0,0,0,0,0,0,0,0,0,0	0
3	5121	CERTIFIED_DEFICIT	1428	1	1	0	0,0,0,0,0,0,0,0,0,0,0,0,0	0
3	5122	CERTIFIED_DEFICIT	1428	1	1	0	0,0,0,0,0,0,0,0,0,0,0,0,0	0
3	5123	CERTIFIED_DEFICIT	1428	1	1	0	0,0,0,0,0,0,0,0,0,0,0,0,0	0
3	5124	CERTIFIED_DEFICIT	1428	1	1	0	0,0,0,0,0,0,0,0,0,0,0,0,0	0
3	5125	CERTIFIED_DEFICIT	1428	1	1	0	0,0,0,0,0,0,0,0,0,0,0,0,0	0
3	5126	CERTIFIED_DEFICIT	1313	1	1	0	0,0,0,0,0,0,0,0,0,0,0,0,0	0
3	5127	CERTIFIED_DEFICIT	1428	1	1	0	0,0,0,0,0,0,0,0,0,0,0,0,0	0
3	5128	CERTIFIED_DEFICIT	1428	1	1	0	0,0,0,0,0,0,0,0,0,0,0,0,0	0
3	5129	CERTIFIED_DEFICIT	1428	1	1	0	0,0,0,0,0,0,0,0,0,0,0,0,0	0
3	5130	CERTIFIED_DEFICIT	1428	1	1	0	0,0,0,0,0,0,0,0,0,0,0,0,0	0
3	5131	CERTIFIED_DEFICIT	1428	1	1	0	0,0,0,0,0,0,0,0,0,0,0,0,0	0
3	5132	CERTIFIED_DEFICIT	1428	1	1	0	0,0,0,0,0,0,0,0,0,0,0,0,0	0
3	5133	CERTIFIED_DEFICIT	1428	1	1	0	0,0,0,0,0,0,0,0,0,0,0,0,0	0
3	5134	CERTIFIED_DEFICIT	1428	1	1	0	0,0,0,0,0,0,0,0,0,0,0,0,0	0
3	5135	CERTIFIED_DEFICIT	1428	1	1	0	0,0,0,0,0,0,0,0,0,0,0,0,0	0
3	5136	CERTIFIED_DEFICIT	1428	1	1	0	0,0,0,0,0,0,0,0,0,0,0,0,0	0
3	5137	CERTIFIED_DEFICIT	1327	1	1	0	0,0,0,0,0,0,0,0,0,0,0,0,0	0
3	5138	CERTIFIED_DEFICIT	1428	1	1	0	0,0,0,0,0,0,0,0,0,0,0,0,0	0
3	5139	CERTIFIED_DEFICIT	1428	1	1	0	0,0,0,0,0,0,0,0,0,0,0,0,0	0
3	5140	CERTIFIED_DEFICIT	1428	1	1	0	0,0,0,0,0,0,0,0,0,0,0,0,0	0
3	5141	CERTIFIED_DEFICIT	1273	1	1	0	0,0,0,0,0,0,0,0,0,0,0,0,0	0
3	5142	CERTIFIED_DEFICIT	1428	1	1	0	0,0,0,0,0,0,0,0,0,0,0,0,0	0
3	5143	CERTIFIED_DEFICIT	1428	1	1	0	0,0,0,0,0,0,0,0,0,0,0,0,0	0
3	5144	CERTIFIED_DEFICIT	1237	1	1	0	0,0,0,0,0,0,0,0,0,0,0,0,0	0
3	5145	CERTIFIED_DEFICIT	1428	1	1	0	0,0,0,0,0,0,0,0,0,0,0,0,0	0
3	5146	CERTIFIED_DEFICIT	1428	1	1	0	0,0,0,0,0,0,0,0,0,0,0,0,0	0
3	5147	CERTIFIED_DEFICIT	1428	1	1	0	0,0,0,0,0,0,0,0,0,0,0,0,0	0
3	5148	CERTIFIED_DEFICIT	1750	1	1	0	0,0,0,0,0,0,0,0,0,0,0,0,0	0
3	5149	CERTIFIED_DEFICIT	1750	1	1	0	0,0,0,0,0,0,0,0,0,0,0,0,0	0
3	5150	CERTIFIED_DEFICIT	1750	1	1	0	0,0,0,0,0,0,0,0,0,0,0,0,0	0
3	5151	CERTIFIED_DEFICIT	1750	1	1	0	0,0,0,0,0,0,0,0,0,0,0,0,0	0
3	5152	CERTIFIED_DEFICIT	1750	1	1	0	0,0,0,0,0,0,0,0,0,0,0,0,0	0
3	5153	CERTIFIED_DEFICIT	1750	1	1	0	0,0,0,0,0,0,0,0,0,0,0,0,0	0
3	5154	CERTIFIED_DEFICIT	1750	1	1	0	0,0,0,0,0,0,0,0,0,0,0,0,0	0
3	5155	CERTIFIED_DEFICIT	1750	1	1	0	0,0,0,0,0,0,0,0,0,0,0,0,0	0
3	5156	CERTIFIED_DEFICIT	1750	1	1	0	0,0,0,0,0,0,0,0,0,0,0,0,0	0
3	5157	CERTIFIED_DEFICIT	1750	1	1	0	0,0,0,0,0,0,0,0,0,0,0,0,0	0
3	5158	CERTIFIED_DEFICIT	1750	1	1	0	0,0,0,0,0,0,0,0,0,0,0,0,0	0
3	5159	CERTIFIED_DEFICIT	1750	1	1	0	0,0,0,0,0,0,0,0,0,0,0,0,0	0
3	5160	CERTIFIED_DEFICIT	1750	1	1	0	0,0,0,0,0,0,0,0,0,0,0,0,0	0
3	5161	CERTIFIED_DEFICIT	1750	1	1	0	0,0,0,0,0,0,0,0,0,0,0,0,0	0
3	5162	CERTIFIED_DEFICIT	1750	1	1	0	0,0,0,0,0,0,0,0,0,0,0,0,0	0
3	5163	CERTIFIED_DEFICIT	1750	1	1	0	0,0,0,0,0,0,0,0,0,0,0,0,0	0
3	5164	CERTIFIED_DEFICIT	1750	1	1	0	0,0,0,0,0,0,0,0,0,0,0,0,0	0
3	5165	CERTIFIED_DEFICIT	1750	1	1	0	0,0,0,0,0,0,0,0,0,0,0,0,0	0
3	5166	CERTIFIED_DEFICIT	1750	1	1	0	0,0,0,0,0,0,0,0,0,0,0,0,0	0
3	5167	CERTIFIED_DEFICIT	1750	1	1	0	0,0,0,0,0,0,0,0,0,0,0,0,0	0
3	5168	CERTIFIED_DEFICIT	1750	1	1	0	0,0,0,0,0,0,0,0,0,0,0,0,0	0
3	5169	CERTIFIED_DEFICIT	1750	1	1	0	0,0,0,0,0,0,0,0,0,0,0,0,0	0
3	5170	CERTIFIED_DEFICIT	1750	1	1	0	0,0,0,0,0,0,0,0,0,0,0,0,0	0
3	5171	CERTIFIED_DEFICIT	1750	1	1	0	0,0,0,0,0,0,0,0,0,0,0,0,0	0
3	5172	CERTIFIED_DEFICIT	1750	1	1	0	0,0,0,0,0,0,0,0,0,0,0,0,0	0
3	5173	CERTIFIED_DEFICIT	1750	1	1	0	0,0,0,0,0,0,0,0,0,0,0,0,0	0
3	5174	CERTIFIED_DEFICIT	1750	1	1	0	0,0,0,0,0,0,0,0,0,0,0,0,0	0
3	5175	CERTIFIED_DEFICIT	1750	1	1	0	0,0,0,0,0,0,0,0,0,0,0,0,0	0
3	5176	CERTIFIED_DEFICIT	1750	1	1	0	0,0,0,0,0,0,0,0,0,0,0,0,0	0
3	5177	CERTIFIED_DEFICIT	1750	1	1	0	0,0,0,0,0,0,0,0,0,0,0,0,0	0
3	5178	CERTIFIED_DEFICIT	1750	1	1	0	0,0,0,0,0,0,0,0,0,0,0,0,0	0
3	5179	CERTIFIED_DEFICIT	1750	1	1	0	0,0,0,0,0,0,0,0,0,0,0,0,0	0
3	5180	CERTIFIED_DEFICIT	1750	1	1	0	0,0,0,0,0,0,0,0,0,0,0,0,0	0
3	5181	CERTIFIED_DEFICIT	1750	1	1	0	0,0,0,0,0,0,0,0,0,0,0,0,0	0
3	5182	CERTIFIED_DEFICIT	1750	1	1	0	0,0,0,0,0,0,0,0,0,0,0,0,0	0
3	5183	CERTIFIED_DEFICIT	1750	1	1	0	0,0,0,0,0,0,0,0,0,0,0,0,0	0
3	5184	CERTIFIED_DEFICIT	1750	1	1	0	0,0,0,0,0,0,0,0,0,0,0,0,0	0
3	5185	CERTIFIED_DEFICIT	1750	1	1	0	0,0,0,0,0,0,0,0,0,0,0,0,0	0
3	5186	CERTIFIED_DEFICIT	1750	1	1	0	0,0,0,0,0,0,0,0,0,0,0,0,0	0
3	5187	CERTIFIED_DEFICIT	1750	1	1	0	0,0,0,0,0,0,0,0,0,0,0,0,0	0
3	5188	CERTIFIED_DEFICIT	1750	1	1	0	0,0,0,0,0,0,0,0,0,0,0,0,0	0
3	5189	CERTIFIED_DEFICIT	1750	1	1	0	0,0,0,0,0,0,0,0,0,0,0,0,0	0
3	5190	CERTIFIED_DEFICIT	1750	1	1	0	0,0,0,0,0,0,0,0,0,0,0,0,0	0
3	5191	CERTIFIED_DEFICIT	1750	1	1	0	0,0,0,0,0,0,0,0,0,0,0,0,0	0
3	5192	CERTIFIED_DEFICIT	1750	1	1	0	0,0,0,0,0,0,0,0,0,0,0,0,0	0
3	5193	CERTIFIED_DEFICIT	1750	1	1	0	0,0,0,0,0,0,0,0,0,0,0,0,0	0
3	5194	CERTIFIED_DEFICIT	1750	1	1	0	0,0,0,0,0,0,0,0,0,0,0,0,0	0
3	5195	CERTIFIED_DEFICIT	1750	1	1	0	0,0,0,0,0,0,0,0,0,0,0,0,0	0
3	5196	CERTIFIED_DEFICIT	1750	1	1	0	0,0,0,0,0,0,0,0,0,0,0,0,0	0
3	5197	CERTIFIED_DEFICIT	1750	1	1	0	0,0,0,0,0,0,0,0,0,0,0,0,0	0
3	5198	CERTIFIED_DEFICIT	1750	1	1	0	0,0,0,0,0,0,0,0,0,0,0,0,0	0
3	5199	CERTIFIED_DEFICIT	1750	1	1	0	0,0,0,0,0,0,0,0,0,0,0,0,0	0
3	5200	CERTIFIED_DEFICIT	1750	1	1	0	0,0,0,0,0,0,0,0,0,0,0,0,0	0
3	5201	CERTIFIED_DEFICIT	1750	1	1	0	0,0,0,0,0,0,0,0,0,0,0,0,0	0
3	5202	CERTIFIED_DEFICIT	1750	1	1	0	0,0,0,0,0,0,0,0,0,0,0,0,0	0
3	5203	CERTIFIED_DEFICIT	1750	1	1	0	0,0,0,0,0,0,0,0,0,0,0,0,0	0
3	5204	CERTIFIED_DEFICIT	1313	1	1	0	0,0,0,0,0,0,0,0,0,0,0,0,0	0
3	5205	CERTIFIED_DEFICIT	1750	1	1	0	0,0,0,0,0,0,0,0,0,0,0,0,0	0
3	5206	CERTIFIED_DEFICIT	1750	1	1	0	0,0,0,0,0,0,0,0,0,0,0,0,0	0
3	5207	CERTIFIED_DEFICIT	1750	1	1	0	0,0,0,0,0,0,0,0,0,0,0,0,0	0
3	5208	CERTIFIED_DEFICIT	1750	1	1	0	0,0,0,0,0,0,0,0,0,0,0,0,0	0
3	5209	CERTIFIED_DEFICIT	1750	1	1	0	0,0,0,0,0,0,0,0,0,0,0,0,0	0
3	5210	CERTIFIED_DEFICIT	1750	1	1	0	0,0,0,0,0,0,0,0,0,0,0,0,0	0
3	5211	CERTIFIED_DEFICIT	1750	1	1	0	0,0,0,0,0,0,0,0,0,0,0,0,0	0
3	5212	CERTIFIED_DEFICIT	1750	1	1	0	0,0,0,0,0,0,0,0,0,0,0,0,0	0
3	5213	CERTIFIED_DEFICIT	1750	1	1	0	0,0,0,0,0,0,0,0,0,0,0,0,0	0
3	5214	CERTIFIED_DEFICIT	1750	1	1	0	0,0,0,0,0,0,0,0,0,0,0,0,0	0
3	5215	CERTIFIED_DEFICIT	1327	1	1	0	0,0,0,0,0,0,0,0,0,0,0,0,0	0
3	5216	CERTIFIED_DEFICIT	1750	1	1	0	0,0,0,0,0,0,0,0,0,0,0,0,0	0
3	5217	CERTIFIED_DEFICIT	1750	1	1	0	0,0,0,0,0,0,0,0,0,0,0,0,0	0
3	5218	CERTIFIED_DEFICIT	1750	1	1	0	0,0,0,0,0,0,0,0,0,0,0,0,0	0
3	5219	CERTIFIED_DEFICIT	1273	1	1	0	0,0,0,0,0,0,0,0,0,0,0,0,0	0
3	5220	CERTIFIED_DEFICIT	1750	1	1	0	0,0,0,0,0,0,0,0,0,0,0,0,0	0
3	5221	CERTIFIED_DEFICIT	1750	1	1	0	0,0,0,0,0,0,0,0,0,0,0,0,0	0
3	5222	CERTIFIED_DEFICIT	1237	1	1	0	0,0,0,0,0,0,0,0,0,0,0,0,0	0
3	5223	CERTIFIED_DEFICIT	1750	1	1	0	0,0,0,0,0,0,0,0,0,0,0,0,0	0
3	5224	CERTIFIED_DEFICIT	1750	1	1	0	0,0,0,0,0,0,0,0,0,0,0,0,0	0
3	5225	CERTIFIED_DEFICIT	1750	1	1	0	0,0,0,0,0,0,0,0,0,0,0,0,0	0
3	5226	CERTIFIED_DEFICIT	1302	1	1	0	0,0,0,0,0,0,0,0,0,0,0,0,0	0
3	5227	CERTIFIED_DEFICIT	1302	1	1	0	0,0,0,0,0,0,0,0,0,0,0,0,0	0
3	5228	CERTIFIED_DEFICIT	1302	1	1	0	0,0,0,0,0,0,0,0,0,0,0,0,0	0
3	5229	CERTIFIED_DEFICIT	1302	1	1	0	0,0,0,0,0,0,0,0,0,0,0,0,0	0
3	5230	CERTIFIED_DEFICIT	1302	1	1	0	0,0,0,0,0,0,0,0,0,0,0,0,0	0
3	5231	CERTIFIED_DEFICIT	1302	1	1	0	0,0,0,0,0,0,0,0,0,0,0,0,0	0
3	5232	CERTIFIED_DEFICIT	1302	1	1	0	0,0,0,0,0,0,0,0,0,0,0,0,0	0
3	5233	CERTIFIED_DEFICIT	1302	1	1	0	0,0,0,0,0,0,0,0,0,0,0,0,0	0
3	5234	CERTIFIED_DEFICIT	1302	1	1	0	0,0,0,0,0,0,0,0,0,0,0,0,0	0
3	5235	CERTIFIED_DEFICIT	1302	1	1	0	0,0,0,0,0,0,0,0,0,0,0,0,0	0
3	5236	CERTIFIED_DEFICIT	1302	1	1	0	0,0,0,0,0,0,0,0,0,0,0,0,0	0
3	5237	CERTIFIED_DEFICIT	1302	1	1	0	0,0,0,0,0,0,0,0,0,0,0,0,0	0
3	5238	CERTIFIED_DEFICIT	1302	1	1	0	0,0,0,0,0,0,0,0,0,0,0,0,0	0
3	5239	CERTIFIED_DEFICIT	1302	1	1	0	0,0,0,0,0,0,0,0,0,0,0,0,0	0
3	5240	CERTIFIED_DEFICIT	1302	1	1	0	0,0,0,0,0,0,0,0,0,0,0,0,0	0
3	5241	CERTIFIED_DEFICIT	1302	1	1	0	0,0,0,0,0,0,0,0,0,0,0,0,0	0
3	5242	CERTIFIED_DEFICIT	1302	1	1	0	0,0,0,0,0,0,0,0,0,0,0,0,0	0
3	5243	CERTIFIED_DEFICIT	1302	1	1	0	0,0,0,0,0,0,0,0,0,0,0,0,0	0
3	5244	CERTIFIED_DEFICIT	1302	1	1	0	0,0,0,0,0,0,0,0,0,0,0,0,0	0
3	5245	CERTIFIED_DEFICIT	1302	1	1	0	0,0,0,0,0,0,0,0,0,0,0,0,0	0
3	5246	CERTIFIED_DEFICIT	1302	1	1	0	0,0,0,0,0,0,0,0,0,0,0,0,0	0
3	5247	CERTIFIED_DEFICIT	1302	1	1	0	0,0,0,0,0,0,0,0,0,0,0,0,0	0
3	5248	CERTIFIED_DEFICIT	1302	1	1	0	0,0,0,0,0,0,0,0,0,0,0,0,0	0
3	5249	CERTIFIED_DEFICIT	1302	1	1	0	0,0,0,0,0,0,0,0,0,0,0,0,0	0
3	5250	CERTIFIED_DEFICIT	1302	1	1	0	0,0,0,0,0,0,0,0,0,0,0,0,0	0
3	5251	CERTIFIED_DEFICIT	1302	1	1	0	0,0,0,0,0,0,0,0,0,0,0,0,0	0
3	5252	CERTIFIED_DEFICIT	1302	1	1	0	0,0,0,0,0,0,0,0,0,0,0,0,0	0
3	5253	CERTIFIED_DEFICIT	1302	1	1	0	0,0,0,0,0,0,0,0,0,0,0,0,0	0
3	5254	CERTIFIED_DEFICIT	1302	1	1	0	0,0,0,0,0,0,0,0,0,0,0,0,0	0
3	5255	CERTIFIED_DEFICIT	1302	1	1	0	0,0,0,0,0,0,0,0,0,0,0,0,0	0
3	5256	CERTIFIED_DEFICIT	1302	1	1	0	0,0,0,0,0,0,0,0,0,0,0,0,0	0
3	5257	CERTIFIED_DEFICIT	1302	1	1	0	0,0,0,0,0,0,0,0,0,0,0,0,0	0
3	5258	CERTIFIED_DEFICIT	1302	1	1	0	0,0,0,0,0,0,0,0,0,0,0,0,0	0
3	5259	CERTIFIED_DEFICIT	1302	1	1	0	0,0,0,0,0,0,0,0,0,0,0,0,0	0
3	5260	CERTIFIED_DEFICIT	1302	1	1	0	0,0,0,0,0,0,0,0,0,0,0,0,0	0
3	5261	CERTIFIED_DEFICIT	1302	1	1	0	0,0,0,0,0,0,0,0,0,0,0,0,0	0
3	5262	CERTIFIED_DEFICIT	1302	1	1	0	0,0,0,0,0,0,0,0,0,0,0,0,0	0
3	5263	CERTIFIED_DEFICIT	1302	1	1	0	0,0,0,0,0,0,0,0,0,0,0,0,0	0
3	5264	CERTIFIED_DEFICIT	1302	1	1	0	0,0,0,0,0,0,0,0,0,0,0,0,0	0
3	5265	CERTIFIED_DEFICIT	1302	1	1	0	0,0,0,0,0,0,0,0,0,0,0,0,0	0
3	5266	CERTIFIED_DEFICIT	1302	1	1	0	0,0,0,0,0,0,0,0,0,0,0,0,0	0
3	5267	CERTIFIED_DEFICIT	1302	1	1	0	0,0,0,0,0,0,0,0,0,0,0,0,0	0
3	5268	CERTIFIED_DEFICIT	1302	1	1	0	0,0,0,0,0,0,0,0,0,0,0,0,0	0
3	5269	CERTIFIED_DEFICIT	1302	1	1	0	0,0,0,0,0,0,0,0,0,0,0,0,0	0
3	5270	CERTIFIED_DEFICIT	1302	1	1	0	0,0,0,0,0,0,0,0,0,0,0,0,0	0
3	5271	CERTIFIED_DEFICIT	1302	1	1	0	0,0,0,0,0,0,0,0,0,0,0,0,0	0
3	5272	CERTIFIED_DEFICIT	1302	1	1	0	0,0,0,0,0,0,0,0,0,0,0,0,0	0
3	5273	CERTIFIED_DEFICIT	1302	1	1	0	0,0,0,0,0,0,0,0,0,0,0,0,0	0
3	5274	CERTIFIED_DEFICIT	1302	1	1	0	0,0,0,0,0,0,0,0,0,0,0,0,0	0
3	5275	CERTIFIED_DEFICIT	1302	1	1	0	0,0,0,0,0,0,0,0,0,0,0,0,0	0
3	5276	CERTIFIED_DEFICIT	1302	1	1	0	0,0,0,0,0,0,0,0,0,0,0,0,0	0
3	5277	CERTIFIED_DEFICIT	1302	1	1	0	0,0,0,0,0,0,0,0,0,0,0,0,0	0
3	5278	CERTIFIED_DEFICIT	1302	1	1	0	0,0,0,0,0,0,0,0,0,0,0,0,0	0
3	5279	CERTIFIED_DEFICIT	1302	1	1	0	0,0,0,0,0,0,0,0,0,0,0,0,0	0
3	5280	CERTIFIED_DEFICIT	1302	1	1	0	0,0,0,0,0,0,0,0,0,0,0,0,0	0
3	5281	CERTIFIED_DEFICIT	1302	1	1	0	0,0,0,0,0,0,0,0,0,0,0,0,0	0
3	5282	CERTIFIED_DEFICIT	1206	1	1	0	0,0,0,0,0,0,0,0,0,0,0,0,0	0
3	5283	CERTIFIED_DEFICIT	1302	1	1	0	0,0,0,0,0,0,0,0,0,0,0,0,0	0
3	5284	CERTIFIED_DEFICIT	1302	1	1	0	0,0,0,0,0,0,0,0,0,0,0,0,0	0
3	5285	CERTIFIED_DEFICIT	1302	1	1	0	0,0,0,0,0,0,0,0,0,0,0,0,0	0
3	5286	CERTIFIED_DEFICIT	1302	1	1	0	0,0,0,0,0,0,0,0,0,0,0,0,0	0
3	5287	CERTIFIED_DEFICIT	1302	1	1	0	0,0,0,0,0,0,0,0,0,0,0,0,0	0
3	5288	CERTIFIED_DEFICIT	1302	1	1	0	0,0,0,0,0,0,0,0,0,0,0,0,0	0
3	5289	CERTIFIED_DEFICIT	1302	1	1	0	0,0,0,0,0,0,0,0,0,0,0,0,0	0
3	5290	CERTIFIED_DEFICIT	1302	1	1	0	0,0,0,0,0,0,0,0,0,0,0,0,0	0
3	5291	CERTIFIED_DEFICIT	1302	1	1	0	0,0,0,0,0,0,0,0,0,0,0,0,0	0
3	5292	CERTIFIED_DEFICIT	1302	1	1	0	0,0,0,0,0,0,0,0,0,0,0,0,0	0
3	5293	CERTIFIED_DEFICIT	1302	1	1	0	0,0,0,0,0,0,0,0,0,0,0,0,0	0
3	5294	CERTIFIED_DEFICIT	1302	1	1	0	0,0,0,0,0,0,0,0,0,0,0,0,0	0
3	5295	CERTIFIED_DEFICIT	1302	1	1	0	0,0,0,0,0,0,0,0,0,0,0,0,0	0
3	5296	CERTIFIED_DEFICIT	1302	1	1	0	0,0,0,0,0,0,0,0,0,0,0,0,0	0
3	5297	CERTIFIED_DEFICIT	1273	1	1	0	0,0,0,0,0,0,0,0,0,0,0,0,0	0
3	5298	CERTIFIED_DEFICIT	1302	1	1	0	0,0,0,0,0,0,0,0,0,0,0,0,0	0
3	5299	CERTIFIED_DEFICIT	1302	1	1	0	0,0,0,0,0,0,0,0,0,0,0,0,0	0
3	5300	CERTIFIED_DEFICIT	1224	1	1	0	0,0,0,0,0,0,0,0,0,0,0,0,0	0
3	5301	CERTIFIED_DEFICIT	1302	1	1	0	0,0,0,0,0,0,0,0,0,0,0,0,0	0
3	5302	CERTIFIED_DEFICIT	1302	1	1	0	0,0,0,0,0,0,0,0,0,0,0,0,0	0
3	5303	CERTIFIED_DEFICIT	1302	1	1	0	0,0,0,0,0,0,0,0,0,0,0,0,0	0
3	5304	CERTIFIED_DEFICIT	1582	1	1	0	0,0,0,0,0,0,0,0,0,0,0,0,0	0
3	5305	CERTIFIED_DEFICIT	1582	1	1	0	0,0,0,0,0,0,0,0,0,0,0,0,0	0
3	5306	CERTIFIED_DEFICIT	1582	1	1	0	0,0,0,0,0,0,0,0,0,0,0,0,0	0
3	5307	CERTIFIED_DEFICIT	1582	1	1	0	0,0,0,0,0,0,0,0,0,0,0,0,0	0
3	5308	CERTIFIED_DEFICIT	1582	1	1	0	0,0,0,0,0,0,0,0,0,0,0,0,0	0
3	5309	CERTIFIED_DEFICIT	1582	1	1	0	0,0,0,0,0,0,0,0,0,0,0,0,0	0
3	5310	CERTIFIED_DEFICIT	1582	1	1	0	0,0,0,0,0,0,0,0,0,0,0,0,0	0
3	5311	CERTIFIED_DEFICIT	1582	1	1	0	0,0,0,0,0,0,0,0,0,0,0,0,0	0
3	5312	CERTIFIED_DEFICIT	1582	1	1	0	0,0,0,0,0,0,0,0,0,0,0,0,0	0
3	5313	CERTIFIED_DEFICIT	1582	1	1	0	0,0,0,0,0,0,0,0,0,0,0,0,0	0
3	5314	CERTIFIED_DEFICIT	1582	1	1	0	0,0,0,0,0,0,0,0,0,0,0,0,0	0
3	5315	CERTIFIED_DEFICIT	1582	1	1	0	0,0,0,0,0,0,0,0,0,0,0,0,0	0
3	5316	CERTIFIED_DEFICIT	1582	1	1	0	0,0,0,0,0,0,0,0,0,0,0,0,0	0
3	5317	CERTIFIED_DEFICIT	1582	1	1	0	0,0,0,0,0,0,0,0,0,0,0,0,0	0
3	5318	CERTIFIED_DEFICIT	1582	1	1	0	0,0,0,0,0,0,0,0,0,0,0,0,0	0
3	5319	CERTIFIED_DEFICIT	1582	1	1	0	0,0,0,0,0,0,0,0,0,0,0,0,0	0
3	5320	CERTIFIED_DEFICIT	1582	1	1	0	0,0,0,0,0,0,0,0,0,0,0,0,0	0
3	5321	CERTIFIED_DEFICIT	1582	1	1	0	0,0,0,0,0,0,0,0,0,0,0,0,0	0
3	5322	CERTIFIED_DEFICIT	1582	1	1	0	0,0,0,0,0,0,0,0,0,0,0,0,0	0
3	5323	CERTIFIED_DEFICIT	1582	1	1	0	0,0,0,0,0,0,0,0,0,0,0,0,0	0
3	5324	CERTIFIED_DEFICIT	1582	1	1	0	0,0,0,0,0,0,0,0,0,0,0,0,0	0
3	5325	CERTIFIED_DEFICIT	1582	1	1	0	0,0,0,0,0,0,0,0,0,0,0,0,0	0
3	5326	CERTIFIED_DEFICIT	1582	1	1	0	0,0,0,0,0,0,0,0,0,0,0,0,0	0
3	5327	CERTIFIED_DEFICIT	1582	1	1	0	0,0,0,0,0,0,0,0,0,0,0,0,0	0
3	5328	CERTIFIED_DEFICIT	1582	1	1	0	0,0,0,0,0,0,0,0,0,0,0,0,0	0
3	5329	CERTIFIED_DEFICIT	1582	1	1	0	0,0,0,0,0,0,0,0,0,0,0,0,0	0
3	5330	CERTIFIED_DEFICIT	1582	1	1	0	0,0,0,0,0,0,0,0,0,0,0,0,0	0
3	5331	CERTIFIED_DEFICIT	1582	1	1	0	0,0,0,0,0,0,0,0,0,0,0,0,0	0
3	5332	CERTIFIED_DEFICIT	1582	1	1	0	0,0,0,0,0,0,0,0,0,0,0,0,0	0
3	5333	CERTIFIED_DEFICIT	1582	1	1	0	0,0,0,0,0,0,0,0,0,0,0,0,0	0
3	5334	CERTIFIED_DEFICIT	1582	1	1	0	0,0,0,0,0,0,0,0,0,0,0,0,0	0
3	5335	CERTIFIED_DEFICIT	1582	1	1	0	0,0,0,0,0,0,0,0,0,0,0,0,0	0
3	5336	CERTIFIED_DEFICIT	1582	1	1	0	0,0,0,0,0,0,0,0,0,0,0,0,0	0
3	5337	CERTIFIED_DEFICIT	1582	1	1	0	0,0,0,0,0,0,0,0,0,0,0,0,0	0
3	5338	CERTIFIED_DEFICIT	1582	1	1	0	0,0,0,0,0,0,0,0,0,0,0,0,0	0
3	5339	CERTIFIED_DEFICIT	1582	1	1	0	0,0,0,0,0,0,0,0,0,0,0,0,0	0
3	5340	CERTIFIED_DEFICIT	1582	1	1	0	0,0,0,0,0,0,0,0,0,0,0,0,0	0
3	5341	CERTIFIED_DEFICIT	1582	1	1	0	0,0,0,0,0,0,0,0,0,0,0,0,0	0
3	5342	CERTIFIED_DEFICIT	1582	1	1	0	0,0,0,0,0,0,0,0,0,0,0,0,0	0
3	5343	CERTIFIED_DEFICIT	1582	1	1	0	0,0,0,0,0,0,0,0,0,0,0,0,0	0
3	5344	CERTIFIED_DEFICIT	1582	1	1	0	0,0,0,0,0,0,0,0,0,0,0,0,0	0
3	5345	CERTIFIED_DEFICIT	1582	1	1	0	0,0,0,0,0,0,0,0,0,0,0,0,0	0
3	5346	CERTIFIED_DEFICIT	1582	1	1	0	0,0,0,0,0,0,0,0,0,0,0,0,0	0
3	5347	CERTIFIED_DEFICIT	1582	1	1	0	0,0,0,0,0,0,0,0,0,0,0,0,0	0
3	5348	CERTIFIED_DEFICIT	1582	1	1	0	0,0,0,0,0,0,0,0,0,0,0,0,0	0
3	5349	CERTIFIED_DEFICIT	1582	1	1	0	0,0,0,0,0,0,0,0,0,0,0,0,0	0
3	5350	CERTIFIED_DEFICIT	1582	1	1	0	0,0,0,0,0,0,0,0,0,0,0,0,0	0
3	5351	CERTIFIED_DEFICIT	1582	1	1	0	0,0,0,0,0,0,0,0,0,0,0,0,0	0
3	5352	CERTIFIED_DEFICIT	1582	1	1	0	0,0,0,0,0,0,0,0,0,0,0,0,0	0
3	5353	CERTIFIED_DEFICIT	1582	1	1	0	0,0,0,0,0,0,0,0,0,0,0,0,0	0
3	5354	CERTIFIED_DEFICIT	1582	1	1	0	0,0,0,0,0,0,0,0,0,0,0,0,0	0
3	5355	CERTIFIED_DEFICIT	1582	1	1	0	0,0,0,0,0,0,0,0,0,0,0,0,0	0
3	5356	CERTIFIED_DEFICIT	1582	1	1	0	0,0,0,0,0,0,0,0,0,0,0,0,0	0
3	5357	CERTIFIED_DEFICIT	1582	1	1	0	0,0,0,0,0,0,0,0,0,0,0,0,0	0
3	5358	CERTIFIED_DEFICIT	1582	1	1	0	0,0,0,0,0,0,0,0,0,0,0,0,0	0
3	5359	CERTIFIED_DEFICIT	1582	1	1	0	0,0,0,0,0,0,0,0,0,0,0,0,0	0
3	5360	CERTIFIED_DEFICIT	1313	1	1	0	0,0,0,0,0,0,0,0,0,0,0,0,0	0
3	5361	CERTIFIED_DEFICIT	1582	1	1	0	0,0,0,0,0,0,0,0,0,0,0,0,0	0
3	5362	CERTIFIED_DEFICIT	1582	1	1	0	0,0,0,0,0,0,0,0,0,0,0,0,0	0
3	5363	CERTIFIED_DEFICIT	1582	1	1	0	0,0,0,0,0,0,0,0,0,0,0,0,0	0
3	5364	CERTIFIED_DEFICIT	1582	1	1	0	0,0,0,0,0,0,0,0,0,0,0,0,0	0
3	5365	CERTIFIED_DEFICIT	1582	1	1	0	0,0,0,0,0,0,0,0,0,0,0,0,0	0
3	5366	CERTIFIED_DEFICIT	1582	1	1	0	0,0,0,0,0,0,0,0,0,0,0,0,0	0
3	5367	CERTIFIED_DEFICIT	1582	1	1	0	0,0,0,0,0,0,0,0,0,0,0,0,0	0
3	5368	CERTIFIED_DEFICIT	1582	1	1	0	0,0,0,0,0,0,0,0,0,0,0,0,0	0
3	5369	CERTIFIED_DEFICIT	1582	1	1	0	0,0,0,0,0,0,0,0,0,0,0,0,0	0
3	5370	CERTIFIED_DEFICIT	1582	1	1	0	0,0,0,0,0,0,0,0,0,0,0,0,0	0
3	5371	CERTIFIED_DEFICIT	1327	1	1	0	0,0,0,0,0,0,0,0,0,0,0,0,0	0
3	5372	CERTIFIED_DEFICIT	1582	1	1	0	0,0,0,0,0,0,0,0,0,0,0,0,0	0
3	5373	CERTIFIED_DEFICIT	1582	1	1	0	0,0,0,0,0,0,0,0,0,0,0,0,0	0
3	5374	CERTIFIED_DEFICIT	1582	1	1	0	0,0,0,0,0,0,0,0,0,0,0,0,0	0
3	5375	CERTIFIED_DEFICIT	1273	1	1	0	0,0,0,0,0,0,0,0,0,0,0,0,0	0
3	5376	CERTIFIED_DEFICIT	1582	1	1	0	0,0,0,0,0,0,0,0,0,0,0,0,0	0
3	5377	CERTIFIED_DEFICIT	1582	1	1	0	0,0,0,0,0,0,0,0,0,0,0,0,0	0
3	5378	CERTIFIED_DEFICIT	1237	1	1	0	0,0,0,0,0,0,0,0,0,0,0,0,0	0
3	5379	CERTIFIED_DEFICIT	1582	1	1	0	0,0,0,0,0,0,0,0,0,0,0,0,0	0
3	5380	CERTIFIED_DEFICIT	1582	1	1	0	0,0,0,0,0,0,0,0,0,0,0,0,0	0
3	5381	CERTIFIED_DEFICIT	1582	1	1	0	0,0,0,0,0,0,0,0,0,0,0,0,0	0
3	5382	CERTIFIED_DEFICIT	1428	1	1	0	0,0,0,0,0,0,0,0,0,0,0,0,0	0
3	5383	CERTIFIED_DEFICIT	1428	1	1	0	0,0,0,0,0,0,0,0,0,0,0,0,0	0
3	5384	CERTIFIED_DEFICIT	1428	1	1	0	0,0,0,0,0,0,0,0,0,0,0,0,0	0
3	5385	CERTIFIED_DEFICIT	1428	1	1	0	0,0,0,0,0,0,0,0,0,0,0,0,0	0
3	5386	CERTIFIED_DEFICIT	1428	1	1	0	0,0,0,0,0,0,0,0,0,0,0,0,0	0
3	5387	CERTIFIED_DEFICIT	1428	1	1	0	0,0,0,0,0,0,0,0,0,0,0,0,0	0
3	5388	CERTIFIED_DEFICIT	1428	1	1	0	0,0,0,0,0,0,0,0,0,0,0,0,0	0
3	5389	CERTIFIED_DEFICIT	1428	1	1	0	0,0,0,0,0,0,0,0,0,0,0,0,0	0
3	5390	CERTIFIED_DEFICIT	1428	1	1	0	0,0,0,0,0,0,0,0,0,0,0,0,0	0
3	5391	CERTIFIED_DEFICIT	1428	1	1	0	0,0,0,0,0,0,0,0,0,0,0,0,0	0
3	5392	CERTIFIED_DEFICIT	1428	1	1	0	0,0,0,0,0,0,0,0,0,0,0,0,0	0
3	5393	CERTIFIED_DEFICIT	1428	1	1	0	0,0,0,0,0,0,0,0,0,0,0,0,0	0
3	5394	CERTIFIED_DEFICIT	1428	1	1	0	0,0,0,0,0,0,0,0,0,0,0,0,0	0
3	5395	CERTIFIED_DEFICIT	1428	1	1	0	0,0,0,0,0,0,0,0,0,0,0,0,0	0
3	5396	CERTIFIED_DEFICIT	1428	1	1	0	0,0,0,0,0,0,0,0,0,0,0,0,0	0
3	5397	CERTIFIED_DEFICIT	1428	1	1	0	0,0,0,0,0,0,0,0,0,0,0,0,0	0
3	5398	CERTIFIED_DEFICIT	1428	1	1	0	0,0,0,0,0,0,0,0,0,0,0,0,0	0
3	5399	CERTIFIED_DEFICIT	1428	1	1	0	0,0,0,0,0,0,0,0,0,0,0,0,0	0
3	5400	CERTIFIED_DEFICIT	1428	1	1	0	0,0,0,0,0,0,0,0,0,0,0,0,0	0
3	5401	CERTIFIED_DEFICIT	1428	1	1	0	0,0,0,0,0,0,0,0,0,0,0,0,0	0
3	5402	CERTIFIED_DEFICIT	1428	1	1	0	0,0,0,0,0,0,0,0,0,0,0,0,0	0
3	5403	CERTIFIED_DEFICIT	1428	1	1	0	0,0,0,0,0,0,0,0,0,0,0,0,0	0
3	5404	CERTIFIED_DEFICIT	1428	1	1	0	0,0,0,0,0,0,0,0,0,0,0,0,0	0
3	5405	CERTIFIED_DEFICIT	1428	1	1	0	0,0,0,0,0,0,0,0,0,0,0,0,0	0
3	5406	CERTIFIED_DEFICIT	1428	1	1	0	0,0,0,0,0,0,0,0,0,0,0,0,0	0
3	5407	CERTIFIED_DEFICIT	1428	1	1	0	0,0,0,0,0,0,0,0,0,0,0,0,0	0
3	5408	CERTIFIED_DEFICIT	1428	1	1	0	0,0,0,0,0,0,0,0,0,0,0,0,0	0
3	5409	CERTIFIED_DEFICIT	1428	1	1	0	0,0,0,0,0,0,0,0,0,0,0,0,0	0
3	5410	CERTIFIED_DEFICIT	1428	1	1	0	0,0,0,0,0,0,0,0,0,0,0,0,0	0
3	5411	CERTIFIED_DEFICIT	1428	1	1	0	0,0,0,0,0,0,0,0,0,0,0,0,0	0
3	5412	CERTIFIED_DEFICIT	1428	1	1	0	0,0,0,0,0,0,0,0,0,0,0,0,0	0
3	5413	CERTIFIED_DEFICIT	1428	1	1	0	0,0,0,0,0,0,0,0,0,0,0,0,0	0
3	5414	CERTIFIED_DEFICIT	1428	1	1	0	0,0,0,0,0,0,0,0,0,0,0,0,0	0
3	5415	CERTIFIED_DEFICIT	1428	1	1	0	0,0,0,0,0,0,0,0,0,0,0,0,0	0
3	5416	CERTIFIED_DEFICIT	1428	1	1	0	0,0,0,0,0,0,0,0,0,0,0,0,0	0
3	5417	CERTIFIED_DEFICIT	1428	1	1	0	0,0,0,0,0,0,0,0,0,0,0,0,0	0
3	5418	CERTIFIED_DEFICIT	1428	1	1	0	0,0,0,0,0,0,0,0,0,0,0,0,0	0
3	5419	CERTIFIED_DEFICIT	1428	1	1	0	0,0,0,0,0,0,0,0,0,0,0,0,0	0
3	5420	CERTIFIED_DEFICIT	1428	1	1	0	0,0,0,0,0,0,0,0,0,0,0,0,0	0
3	5421	CERTIFIED_DEFICIT	1428	1	1	0	0,0,0,0,0,0,0,0,0,0,0,0,0	0
3	5422	CERTIFIED_DEFICIT	1428	1	1	0	0,0,0,0,0,0,0,0,0,0,0,0,0	0
3	5423	CERTIFIED_DEFICIT	1428	1	1	0	0,0,0,0,0,0,0,0,0,0,0,0,0	0
3	5424	CERTIFIED_DEFICIT	1428	1	1	0	0,0,0,0,0,0,0,0,0,0,0,0,0	0
3	5425	CERTIFIED_DEFICIT	1428	1	1	0	0,0,0,0,0,0,0,0,0,0,0,0,0	0
3	5426	CERTIFIED_DEFICIT	1428	1	1	0	0,0,0,0,0,0,0,0,0,0,0,0,0	0
3	5427	CERTIFIED_DEFICIT	1428	1	1	0	0,0,0,0,0,0,0,0,0,0,0,0,0	0
3	5428	CERTIFIED_DEFICIT	1428	1	1	0	0,0,0,0,0,0,0,0,0,0,0,0,0	0
3	5429	CERTIFIED_DEFICIT	1428	1	1	0	0,0,0,0,0,0,0,0,0,0,0,0,0	0
3	5430	CERTIFIED_DEFICIT	1428	1	1	0	0,0,0,0,0,0,0,0,0,0,0,0,0	0
3	5431	CERTIFIED_DEFICIT	1428	1	1	0	0,0,0,0,0,0,0,0,0,0,0,0,0	0
3	5432	CERTIFIED_DEFICIT	1428	1	1	0	0,0,0,0,0,0,0,0,0,0,0,0,0	0
3	5433	CERTIFIED_DEFICIT	1428	1	1	0	0,0,0,0,0,0,0,0,0,0,0,0,0	0
3	5434	CERTIFIED_DEFICIT	1428	1	1	0	0,0,0,0,0,0,0,0,0,0,0,0,0	0
3	5435	CERTIFIED_DEFICIT	1428	1	1	0	0,0,0,0,0,0,0,0,0,0,0,0,0	0
3	5436	CERTIFIED_DEFICIT	1428	1	1	0	0,0,0,0,0,0,0,0,0,0,0,0,0	0
3	5437	CERTIFIED_DEFICIT	1428	1	1	0	0,0,0,0,0,0,0,0,0,0,0,0,0	0
3	5438	CERTIFIED_DEFICIT	1313	1	1	0	0,0,0,0,0,0,0,0,0,0,0,0,0	0
3	5439	CERTIFIED_DEFICIT	1428	1	1	0	0,0,0,0,0,0,0,0,0,0,0,0,0	0
3	5440	CERTIFIED_DEFICIT	1428	1	1	0	0,0,0,0,0,0,0,0,0,0,0,0,0	0
3	5441	CERTIFIED_DEFICIT	1428	1	1	0	0,0,0,0,0,0,0,0,0,0,0,0,0	0
3	5442	CERTIFIED_DEFICIT	1428	1	1	0	0,0,0,0,0,0,0,0,0,0,0,0,0	0
3	5443	CERTIFIED_DEFICIT	1428	1	1	0	0,0,0,0,0,0,0,0,0,0,0,0,0	0
3	5444	CERTIFIED_DEFICIT	1428	1	1	0	0,0,0,0,0,0,0,0,0,0,0,0,0	0
3	5445	CERTIFIED_DEFICIT	1428	1	1	0	0,0,0,0,0,0,0,0,0,0,0,0,0	0
3	5446	CERTIFIED_DEFICIT	1428	1	1	0	0,0,0,0,0,0,0,0,0,0,0,0,0	0
3	5447	CERTIFIED_DEFICIT	1428	1	1	0	0,0,0,0,0,0,0,0,0,0,0,0,0	0
3	5448	CERTIFIED_DEFICIT	1428	1	1	0	0,0,0,0,0,0,0,0,0,0,0,0,0	0
3	5449	CERTIFIED_DEFICIT	1327	1	1	0	0,0,0,0,0,0,0,0,0,0,0,0,0	0
3	5450	CERTIFIED_DEFICIT	1428	1	1	0	0,0,0,0,0,0,0,0,0,0,0,0,0	0
3	5451	CERTIFIED_DEFICIT	1428	1	1	0	0,0,0,0,0,0,0,0,0,0,0,0,0	0
3	5452	CERTIFIED_DEFICIT	1428	1	1	0	0,0,0,0,0,0,0,0,0,0,0,0,0	0
3	5453	CERTIFIED_DEFICIT	1273	1	1	0	0,0,0,0,0,0,0,0,0,0,0,0,0	0
3	5454	CERTIFIED_DEFICIT	1428	1	1	0	0,0,0,0,0,0,0,0,0,0,0,0,0	0
3	5455	CERTIFIED_DEFICIT	1428	1	1	0	0,0,0,0,0,0,0,0,0,0,0,0,0	0
3	5456	CERTIFIED_DEFICIT	1237	1	1	0	0,0,0,0,0,0,0,0,0,0,0,0,0	0
3	5457	CERTIFIED_DEFICIT	1428	1	1	0	0,0,0,0,0,0,0,0,0,0,0,0,0	0
3	5458	CERTIFIED_DEFICIT	1428	1	1	0	0,0,0,0,0,0,0,0,0,0,0,0,0	0
3	5459	CERTIFIED_DEFICIT	1428	1	1	0	0,0,0,0,0,0,0,0,0,0,0,0,0	0
3	5460	CERTIFIED_DEFICIT	1344	1	1	0	0,0,0,0,0,0,0,0,0,0,0,0,0	0
3	5461	CERTIFIED_DEFICIT	1344	1	1	0	0,0,0,0,0,0,0,0,0,0,0,0,0	0
3	5462	CERTIFIED_DEFICIT	1344	1	1	0	0,0,0,0,0,0,0,0,0,0,0,0,0	0
3	5463	CERTIFIED_DEFICIT	1344	1	1	0	0,0,0,0,0,0,0,0,0,0,0,0,0	0
3	5464	CERTIFIED_DEFICIT	1344	1	1	0	0,0,0,0,0,0,0,0,0,0,0,0,0	0
3	5465	CERTIFIED_DEFICIT	1344	1	1	0	0,0,0,0,0,0,0,0,0,0,0,0,0	0
3	5466	CERTIFIED_DEFICIT	1344	1	1	0	0,0,0,0,0,0,0,0,0,0,0,0,0	0
3	5467	CERTIFIED_DEFICIT	1344	1	1	0	0,0,0,0,0,0,0,0,0,0,0,0,0	0
3	5468	CERTIFIED_DEFICIT	1344	1	1	0	0,0,0,0,0,0,0,0,0,0,0,0,0	0
3	5469	CERTIFIED_DEFICIT	1344	1	1	0	0,0,0,0,0,0,0,0,0,0,0,0,0	0
3	5470	CERTIFIED_DEFICIT	1344	1	1	0	0,0,0,0,0,0,0,0,0,0,0,0,0	0
3	5471	CERTIFIED_DEFICIT	1344	1	1	0	0,0,0,0,0,0,0,0,0,0,0,0,0	0
3	5472	CERTIFIED_DEFICIT	1344	1	1	0	0,0,0,0,0,0,0,0,0,0,0,0,0	0
3	5473	CERTIFIED_DEFICIT	1344	1	1	0	0,0,0,0,0,0,0,0,0,0,0,0,0	0
3	5474	CERTIFIED_DEFICIT	1344	1	1	0	0,0,0,0,0,0,0,0,0,0,0,0,0	0
3	5475	CERTIFIED_DEFICIT	1344	1	1	0	0,0,0,0,0,0,0,0,0,0,0,0,0	0
3	5476	CERTIFIED_DEFICIT	1344	1	1	0	0,0,0,0,0,0,0,0,0,0,0,0,0	0
3	5477	CERTIFIED_DEFICIT	1344	1	1	0	0,0,0,0,0,0,0,0,0,0,0,0,0	0
3	5478	CERTIFIED_DEFICIT	1344	1	1	0	0,0,0,0,0,0,0,0,0,0,0,0,0	0
3	5479	CERTIFIED_DEFICIT	1344	1	1	0	0,0,0,0,0,0,0,0,0,0,0,0,0	0
3	5480	CERTIFIED_DEFICIT	1344	1	1	0	0,0,0,0,0,0,0,0,0,0,0,0,0	0
3	5481	CERTIFIED_DEFICIT	1344	1	1	0	0,0,0,0,0,0,0,0,0,0,0,0,0	0
3	5482	CERTIFIED_DEFICIT	1344	1	1	0	0,0,0,0,0,0,0,0,0,0,0,0,0	0
3	5483	CERTIFIED_DEFICIT	1344	1	1	0	0,0,0,0,0,0,0,0,0,0,0,0,0	0
3	5484	CERTIFIED_DEFICIT	1344	1	1	0	0,0,0,0,0,0,0,0,0,0,0,0,0	0
3	5485	CERTIFIED_DEFICIT	1344	1	1	0	0,0,0,0,0,0,0,0,0,0,0,0,0	0
3	5486	CERTIFIED_DEFICIT	1344	1	1	0	0,0,0,0,0,0,0,0,0,0,0,0,0	0
3	5487	CERTIFIED_DEFICIT	1344	1	1	0	0,0,0,0,0,0,0,0,0,0,0,0,0	0
3	5488	CERTIFIED_DEFICIT	1344	1	1	0	0,0,0,0,0,0,0,0,0,0,0,0,0	0
3	5489	CERTIFIED_DEFICIT	1344	1	1	0	0,0,0,0,0,0,0,0,0,0,0,0,0	0
3	5490	CERTIFIED_DEFICIT	1344	1	1	0	0,0,0,0,0,0,0,0,0,0,0,0,0	0
3	5491	CERTIFIED_DEFICIT	1344	1	1	0	0,0,0,0,0,0,0,0,0,0,0,0,0	0
3	5492	CERTIFIED_DEFICIT	1344	1	1	0	0,0,0,0,0,0,0,0,0,0,0,0,0	0
3	5493	CERTIFIED_DEFICIT	1344	1	1	0	0,0,0,0,0,0,0,0,0,0,0,0,0	0
3	5494	CERTIFIED_DEFICIT	1344	1	1	0	0,0,0,0,0,0,0,0,0,0,0,0,0	0
3	5495	CERTIFIED_DEFICIT	1344	1	1	0	0,0,0,0,0,0,0,0,0,0,0,0,0	0
3	5496	CERTIFIED_DEFICIT	1344	1	1	0	0,0,0,0,0,0,0,0,0,0,0,0,0	0
3	5497	CERTIFIED_DEFICIT	1344	1	1	0	0,0,0,0,0,0,0,0,0,0,0,0,0	0
3	5498	CERTIFIED_DEFICIT	1344	1	1	0	0,0,0,0,0,0,0,0,0,0,0,0,0	0
3	5499	CERTIFIED_DEFICIT	1344	1	1	0	0,0,0,0,0,0,0,0,0,0,0,0,0	0
3	5500	CERTIFIED_DEFICIT	1344	1	1	0	0,0,0,0,0,0,0,0,0,0,0,0,0	0
3	5501	CERTIFIED_DEFICIT	1344	1	1	0	0,0,0,0,0,0,0,0,0,0,0,0,0	0
3	5502	CERTIFIED_DEFICIT	1344	1	1	0	0,0,0,0,0,0,0,0,0,0,0,0,0	0
3	5503	CERTIFIED_DEFICIT	1344	1	1	0	0,0,0,0,0,0,0,0,0,0,0,0,0	0
3	5504	CERTIFIED_DEFICIT	1344	1	1	0	0,0,0,0,0,0,0,0,0,0,0,0,0	0
3	5505	CERTIFIED_DEFICIT	1344	1	1	0	0,0,0,0,0,0,0,0,0,0,0,0,0	0
3	5506	CERTIFIED_DEFICIT	1344	1	1	0	0,0,0,0,0,0,0,0,0,0,0,0,0	0
3	5507	CERTIFIED_DEFICIT	1344	1	1	0	0,0,0,0,0,0,0,0,0,0,0,0,0	0
3	5508	CERTIFIED_DEFICIT	1344	1	1	0	0,0,0,0,0,0,0,0,0,0,0,0,0	0
3	5509	CERTIFIED_DEFICIT	1344	1	1	0	0,0,0,0,0,0,0,0,0,0,0,0,0	0
3	5510	CERTIFIED_DEFICIT	1344	1	1	0	0,0,0,0,0,0,0,0,0,0,0,0,0	0
3	5511	CERTIFIED_DEFICIT	1344	1	1	0	0,0,0,0,0,0,0,0,0,0,0,0,0	0
3	5512	CERTIFIED_DEFICIT	1344	1	1	0	0,0,0,0,0,0,0,0,0,0,0,0,0	0
3	5513	CERTIFIED_DEFICIT	1344	1	1	0	0,0,0,0,0,0,0,0,0,0,0,0,0	0
3	5514	CERTIFIED_DEFICIT	1344	1	1	0	0,0,0,0,0,0,0,0,0,0,0,0,0	0
3	5515	CERTIFIED_DEFICIT	1344	1	1	0	0,0,0,0,0,0,0,0,0,0,0,0,0	0
3	5516	CERTIFIED_DEFICIT	1313	1	1	0	0,0,0,0,0,0,0,0,0,0,0,0,0	0
3	5517	CERTIFIED_DEFICIT	1344	1	1	0	0,0,0,0,0,0,0,0,0,0,0,0,0	0
3	5518	CERTIFIED_DEFICIT	1344	1	1	0	0,0,0,0,0,0,0,0,0,0,0,0,0	0
3	5519	CERTIFIED_DEFICIT	1344	1	1	0	0,0,0,0,0,0,0,0,0,0,0,0,0	0
3	5520	CERTIFIED_DEFICIT	1344	1	1	0	0,0,0,0,0,0,0,0,0,0,0,0,0	0
3	5521	CERTIFIED_DEFICIT	1344	1	1	0	0,0,0,0,0,0,0,0,0,0,0,0,0	0
3	5522	CERTIFIED_DEFICIT	1344	1	1	0	0,0,0,0,0,0,0,0,0,0,0,0,0	0
3	5523	CERTIFIED_DEFICIT	1344	1	1	0	0,0,0,0,0,0,0,0,0,0,0,0,0	0
3	5524	CERTIFIED_DEFICIT	1344	1	1	0	0,0,0,0,0,0,0,0,0,0,0,0,0	0
3	5525	CERTIFIED_DEFICIT	1344	1	1	0	0,0,0,0,0,0,0,0,0,0,0,0,0	0
3	5526	CERTIFIED_DEFICIT	1344	1	1	0	0,0,0,0,0,0,0,0,0,0,0,0,0	0
3	5527	CERTIFIED_DEFICIT	1327	1	1	0	0,0,0,0,0,0,0,0,0,0,0,0,0	0
3	5528	CERTIFIED_DEFICIT	1344	1	1	0	0,0,0,0,0,0,0,0,0,0,0,0,0	0
3	5529	CERTIFIED_DEFICIT	1344	1	1	0	0,0,0,0,0,0,0,0,0,0,0,0,0	0
3	5530	CERTIFIED_DEFICIT	1344	1	1	0	0,0,0,0,0,0,0,0,0,0,0,0,0	0
3	5531	CERTIFIED_DEFICIT	1273	1	1	0	0,0,0,0,0,0,0,0,0,0,0,0,0	0
3	5532	CERTIFIED_DEFICIT	1344	1	1	0	0,0,0,0,0,0,0,0,0,0,0,0,0	0
3	5533	CERTIFIED_DEFICIT	1344	1	1	0	0,0,0,0,0,0,0,0,0,0,0,0,0	0
3	5534	CERTIFIED_DEFICIT	1237	1	1	0	0,0,0,0,0,0,0,0,0,0,0,0,0	0
3	5535	CERTIFIED_DEFICIT	1344	1	1	0	0,0,0,0,0,0,0,0,0,0,0,0,0	0
3	5536	CERTIFIED_DEFICIT	1344	1	1	0	0,0,0,0,0,0,0,0,0,0,0,0,0	0
3	5537	CERTIFIED_DEFICIT	1344	1	1	0	0,0,0,0,0,0,0,0,0,0,0,0,0	0
3	5538	CERTIFIED_DEFICIT	1302	1	1	0	0,0,0,0,0,0,0,0,0,0,0,0,0	0
3	5539	CERTIFIED_DEFICIT	1302	1	1	0	0,0,0,0,0,0,0,0,0,0,0,0,0	0
3	5540	CERTIFIED_DEFICIT	1302	1	1	0	0,0,0,0,0,0,0,0,0,0,0,0,0	0
3	5541	CERTIFIED_DEFICIT	1302	1	1	0	0,0,0,0,0,0,0,0,0,0,0,0,0	0
3	5542	CERTIFIED_DEFICIT	1302	1	1	0	0,0,0,0,0,0,0,0,0,0,0,0,0	0
3	5543	CERTIFIED_DEFICIT	1302	1	1	0	0,0,0,0,0,0,0,0,0,0,0,0,0	0
3	5544	CERTIFIED_DEFICIT	1302	1	1	0	0,0,0,0,0,0,0,0,0,0,0,0,0	0
3	5545	CERTIFIED_DEFICIT	1302	1	1	0	0,0,0,0,0,0,0,0,0,0,0,0,0	0
3	5546	CERTIFIED_DEFICIT	1302	1	1	0	0,0,0,0,0,0,0,0,0,0,0,0,0	0
3	5547	CERTIFIED_DEFICIT	1302	1	1	0	0,0,0,0,0,0,0,0,0,0,0,0,0	0
3	5548	CERTIFIED_DEFICIT	1302	1	1	0	0,0,0,0,0,0,0,0,0,0,0,0,0	0
3	5549	CERTIFIED_DEFICIT	1302	1	1	0	0,0,0,0,0,0,0,0,0,0,0,0,0	0
3	5550	CERTIFIED_DEFICIT	1302	1	1	0	0,0,0,0,0,0,0,0,0,0,0,0,0	0
3	5551	CERTIFIED_DEFICIT	1302	1	1	0	0,0,0,0,0,0,0,0,0,0,0,0,0	0
3	5552	CERTIFIED_DEFICIT	1302	1	1	0	0,0,0,0,0,0,0,0,0,0,0,0,0	0
3	5553	CERTIFIED_DEFICIT	1302	1	1	0	0,0,0,0,0,0,0,0,0,0,0,0,0	0
3	5554	CERTIFIED_DEFICIT	1302	1	1	0	0,0,0,0,0,0,0,0,0,0,0,0,0	0
3	5555	CERTIFIED_DEFICIT	1302	1	1	0	0,0,0,0,0,0,0,0,0,0,0,0,0	0
3	5556	CERTIFIED_DEFICIT	1302	1	1	0	0,0,0,0,0,0,0,0,0,0,0,0,0	0
3	5557	CERTIFIED_DEFICIT	1302	1	1	0	0,0,0,0,0,0,0,0,0,0,0,0,0	0
3	5558	CERTIFIED_DEFICIT	1302	1	1	0	0,0,0,0,0,0,0,0,0,0,0,0,0	0
3	5559	CERTIFIED_DEFICIT	1302	1	1	0	0,0,0,0,0,0,0,0,0,0,0,0,0	0
3	5560	CERTIFIED_DEFICIT	1302	1	1	0	0,0,0,0,0,0,0,0,0,0,0,0,0	0
3	5561	CERTIFIED_DEFICIT	1302	1	1	0	0,0,0,0,0,0,0,0,0,0,0,0,0	0
3	5562	CERTIFIED_DEFICIT	1302	1	1	0	0,0,0,0,0,0,0,0,0,0,0,0,0	0
3	5563	CERTIFIED_DEFICIT	1302	1	1	0	0,0,0,0,0,0,0,0,0,0,0,0,0	0
3	5564	CERTIFIED_DEFICIT	1302	1	1	0	0,0,0,0,0,0,0,0,0,0,0,0,0	0
3	5565	CERTIFIED_DEFICIT	1302	1	1	0	0,0,0,0,0,0,0,0,0,0,0,0,0	0
3	5566	CERTIFIED_DEFICIT	1302	1	1	0	0,0,0,0,0,0,0,0,0,0,0,0,0	0
3	5567	CERTIFIED_DEFICIT	1302	1	1	0	0,0,0,0,0,0,0,0,0,0,0,0,0	0
3	5568	CERTIFIED_DEFICIT	1302	1	1	0	0,0,0,0,0,0,0,0,0,0,0,0,0	0
3	5569	CERTIFIED_DEFICIT	1302	1	1	0	0,0,0,0,0,0,0,0,0,0,0,0,0	0
3	5570	CERTIFIED_DEFICIT	1302	1	1	0	0,0,0,0,0,0,0,0,0,0,0,0,0	0
3	5571	CERTIFIED_DEFICIT	1302	1	1	0	0,0,0,0,0,0,0,0,0,0,0,0,0	0
3	5572	CERTIFIED_DEFICIT	1302	1	1	0	0,0,0,0,0,0,0,0,0,0,0,0,0	0
3	5573	CERTIFIED_DEFICIT	1302	1	1	0	0,0,0,0,0,0,0,0,0,0,0,0,0	0
3	5574	CERTIFIED_DEFICIT	1302	1	1	0	0,0,0,0,0,0,0,0,0,0,0,0,0	0
3	5575	CERTIFIED_DEFICIT	1302	1	1	0	0,0,0,0,0,0,0,0,0,0,0,0,0	0
3	5576	CERTIFIED_DEFICIT	1302	1	1	0	0,0,0,0,0,0,0,0,0,0,0,0,0	0
3	5577	CERTIFIED_DEFICIT	1302	1	1	0	0,0,0,0,0,0,0,0,0,0,0,0,0	0
3	5578	CERTIFIED_DEFICIT	1302	1	1	0	0,0,0,0,0,0,0,0,0,0,0,0,0	0
3	5579	CERTIFIED_DEFICIT	1282	1	1	0	0,0,0,0,0,0,0,0,0,0,0,0,0	0
3	5580	CERTIFIED_DEFICIT	1302	1	1	0	0,0,0,0,0,0,0,0,0,0,0,0,0	0
3	5581	CERTIFIED_DEFICIT	1302	1	1	0	0,0,0,0,0,0,0,0,0,0,0,0,0	0
3	5582	CERTIFIED_DEFICIT	1302	1	1	0	0,0,0,0,0,0,0,0,0,0,0,0,0	0
3	5583	CERTIFIED_DEFICIT	1302	1	1	0	0,0,0,0,0,0,0,0,0,0,0,0,0	0
3	5584	CERTIFIED_DEFICIT	1302	1	1	0	0,0,0,0,0,0,0,0,0,0,0,0,0	0
3	5585	CERTIFIED_DEFICIT	1302	1	1	0	0,0,0,0,0,0,0,0,0,0,0,0,0	0
3	5586	CERTIFIED_DEFICIT	1302	1	1	0	0,0,0,0,0,0,0,0,0,0,0,0,0	0
3	5587	CERTIFIED_DEFICIT	1302	1	1	0	0,0,0,0,0,0,0,0,0,0,0,0,0	0
3	5588	CERTIFIED_DEFICIT	1302	1	1	0	0,0,0,0,0,0,0,0,0,0,0,0,0	0
3	5589	CERTIFIED_DEFICIT	1302	1	1	0	0,0,0,0,0,0,0,0,0,0,0,0,0	0
3	5590	CERTIFIED_DEFICIT	1302	1	1	0	0,0,0,0,0,0,0,0,0,0,0,0,0	0
3	5591	CERTIFIED_DEFICIT	1302	1	1	0	0,0,0,0,0,0,0,0,0,0,0,0,0	0
3	5592	CERTIFIED_DEFICIT	1302	1	1	0	0,0,0,0,0,0,0,0,0,0,0,0,0	0
3	5593	CERTIFIED_DEFICIT	1302	1	1	0	0,0,0,0,0,0,0,0,0,0,0,0,0	0
3	5594	CERTIFIED_DEFICIT	1206	1	1	0	0,0,0,0,0,0,0,0,0,0,0,0,0	0
3	5595	CERTIFIED_DEFICIT	1302	1	1	0	0,0,0,0,0,0,0,0,0,0,0,0,0	0
3	5596	CERTIFIED_DEFICIT	1302	1	1	0	0,0,0,0,0,0,0,0,0,0,0,0,0	0
3	5597	CERTIFIED_DEFICIT	1302	1	1	0	0,0,0,0,0,0,0,0,0,0,0,0,0	0
3	5598	CERTIFIED_DEFICIT	1302	1	1	0	0,0,0,0,0,0,0,0,0,0,0,0,0	0
3	5599	CERTIFIED_DEFICIT	1302	1	1	0	0,0,0,0,0,0,0,0,0,0,0,0,0	0
3	5600	CERTIFIED_DEFICIT	1302	1	1	0	0,0,0,0,0,0,0,0,0,0,0,0,0	0
3	5601	CERTIFIED_DEFICIT	1302	1	1	0	0,0,0,0,0,0,0,0,0,0,0,0,0	0
3	5602	CERTIFIED_DEFICIT	1302	1	1	0	0,0,0,0,0,0,0,0,0,0,0,0,0	0
3	5603	CERTIFIED_DEFICIT	1302	1	1	0	0,0,0,0,0,0,0,0,0,0,0,0,0	0
3	5604	CERTIFIED_DEFICIT	1302	1	1	0	0,0,0,0,0,0,0,0,0,0,0,0,0	0
3	5605	CERTIFIED_DEFICIT	1302	1	1	0	0,0,0,0,0,0,0,0,0,0,0,0,0	0
3	5606	CERTIFIED_DEFICIT	1302	1	1	0	0,0,0,0,0,0,0,0,0,0,0,0,0	0
3	5607	CERTIFIED_DEFICIT	1302	1	1	0	0,0,0,0,0,0,0,0,0,0,0,0,0	0
3	5608	CERTIFIED_DEFICIT	1302	1	1	0	0,0,0,0,0,0,0,0,0,0,0,0,0	0
3	5609	CERTIFIED_DEFICIT	1273	1	1	0	0,0,0,0,0,0,0,0,0,0,0,0,0	0
3	5610	CERTIFIED_DEFICIT	1302	1	1	0	0,0,0,0,0,0,0,0,0,0,0,0,0	0
3	5611	CERTIFIED_DEFICIT	1302	1	1	0	0,0,0,0,0,0,0,0,0,0,0,0,0	0
3	5612	CERTIFIED_DEFICIT	1237	1	1	0	0,0,0,0,0,0,0,0,0,0,0,0,0	0
3	5613	CERTIFIED_DEFICIT	1302	1	1	0	0,0,0,0,0,0,0,0,0,0,0,0,0	0
3	5614	CERTIFIED_DEFICIT	1302	1	1	0	0,0,0,0,0,0,0,0,0,0,0,0,0	0
3	5615	CERTIFIED_DEFICIT	1302	1	1	0	0,0,0,0,0,0,0,0,0,0,0,0,0	0
3	5616	CERTIFIED_DEFICIT	1428	1	1	0	0,0,0,0,0,0,0,0,0,0,0,0,0	0
3	5617	CERTIFIED_DEFICIT	1428	1	1	0	0,0,0,0,0,0,0,0,0,0,0,0,0	0
3	5618	CERTIFIED_DEFICIT	1428	1	1	0	0,0,0,0,0,0,0,0,0,0,0,0,0	0
3	5619	CERTIFIED_DEFICIT	1428	1	1	0	0,0,0,0,0,0,0,0,0,0,0,0,0	0
3	5620	CERTIFIED_DEFICIT	1428	1	1	0	0,0,0,0,0,0,0,0,0,0,0,0,0	0
3	5621	CERTIFIED_DEFICIT	1428	1	1	0	0,0,0,0,0,0,0,0,0,0,0,0,0	0
3	5622	CERTIFIED_DEFICIT	1428	1	1	0	0,0,0,0,0,0,0,0,0,0,0,0,0	0
3	5623	CERTIFIED_DEFICIT	1428	1	1	0	0,0,0,0,0,0,0,0,0,0,0,0,0	0
3	5624	CERTIFIED_DEFICIT	1428	1	1	0	0,0,0,0,0,0,0,0,0,0,0,0,0	0
3	5625	CERTIFIED_DEFICIT	1428	1	1	0	0,0,0,0,0,0,0,0,0,0,0,0,0	0
3	5626	CERTIFIED_DEFICIT	1428	1	1	0	0,0,0,0,0,0,0,0,0,0,0,0,0	0
3	5627	CERTIFIED_DEFICIT	1428	1	1	0	0,0,0,0,0,0,0,0,0,0,0,0,0	0
3	5628	CERTIFIED_DEFICIT	1428	1	1	0	0,0,0,0,0,0,0,0,0,0,0,0,0	0
3	5629	CERTIFIED_DEFICIT	1428	1	1	0	0,0,0,0,0,0,0,0,0,0,0,0,0	0
3	5630	CERTIFIED_DEFICIT	1428	1	1	0	0,0,0,0,0,0,0,0,0,0,0,0,0	0
3	5631	CERTIFIED_DEFICIT	1428	1	1	0	0,0,0,0,0,0,0,0,0,0,0,0,0	0
3	5632	CERTIFIED_DEFICIT	1428	1	1	0	0,0,0,0,0,0,0,0,0,0,0,0,0	0
3	5633	CERTIFIED_DEFICIT	1428	1	1	0	0,0,0,0,0,0,0,0,0,0,0,0,0	0
3	5634	CERTIFIED_DEFICIT	1428	1	1	0	0,0,0,0,0,0,0,0,0,0,0,0,0	0
3	5635	CERTIFIED_DEFICIT	1428	1	1	0	0,0,0,0,0,0,0,0,0,0,0,0,0	0
3	5636	CERTIFIED_DEFICIT	1428	1	1	0	0,0,0,0,0,0,0,0,0,0,0,0,0	0
3	5637	CERTIFIED_DEFICIT	1428	1	1	0	0,0,0,0,0,0,0,0,0,0,0,0,0	0
3	5638	CERTIFIED_DEFICIT	1428	1	1	0	0,0,0,0,0,0,0,0,0,0,0,0,0	0
3	5639	CERTIFIED_DEFICIT	1428	1	1	0	0,0,0,0,0,0,0,0,0,0,0,0,0	0
3	5640	CERTIFIED_DEFICIT	1428	1	1	0	0,0,0,0,0,0,0,0,0,0,0,0,0	0
3	5641	CERTIFIED_DEFICIT	1428	1	1	0	0,0,0,0,0,0,0,0,0,0,0,0,0	0
3	5642	CERTIFIED_DEFICIT	1428	1	1	0	0,0,0,0,0,0,0,0,0,0,0,0,0	0
3	5643	CERTIFIED_DEFICIT	1428	1	1	0	0,0,0,0,0,0,0,0,0,0,0,0,0	0
3	5644	CERTIFIED_DEFICIT	1428	1	1	0	0,0,0,0,0,0,0,0,0,0,0,0,0	0
3	5645	CERTIFIED_DEFICIT	1428	1	1	0	0,0,0,0,0,0,0,0,0,0,0,0,0	0
3	5646	CERTIFIED_DEFICIT	1428	1	1	0	0,0,0,0,0,0,0,0,0,0,0,0,0	0
3	5647	CERTIFIED_DEFICIT	1428	1	1	0	0,0,0,0,0,0,0,0,0,0,0,0,0	0
3	5648	CERTIFIED_DEFICIT	1428	1	1	0	0,0,0,0,0,0,0,0,0,0,0,0,0	0
3	5649	CERTIFIED_DEFICIT	1428	1	1	0	0,0,0,0,0,0,0,0,0,0,0,0,0	0
3	5650	CERTIFIED_DEFICIT	1428	1	1	0	0,0,0,0,0,0,0,0,0,0,0,0,0	0
3	5651	CERTIFIED_DEFICIT	1428	1	1	0	0,0,0,0,0,0,0,0,0,0,0,0,0	0
3	5652	CERTIFIED_DEFICIT	1428	1	1	0	0,0,0,0,0,0,0,0,0,0,0,0,0	0
3	5653	CERTIFIED_DEFICIT	1428	1	1	0	0,0,0,0,0,0,0,0,0,0,0,0,0	0
3	5654	CERTIFIED_DEFICIT	1428	1	1	0	0,0,0,0,0,0,0,0,0,0,0,0,0	0
3	5655	CERTIFIED_DEFICIT	1428	1	1	0	0,0,0,0,0,0,0,0,0,0,0,0,0	0
3	5656	CERTIFIED_DEFICIT	1428	1	1	0	0,0,0,0,0,0,0,0,0,0,0,0,0	0
3	5657	CERTIFIED_DEFICIT	1428	1	1	0	0,0,0,0,0,0,0,0,0,0,0,0,0	0
3	5658	CERTIFIED_DEFICIT	1428	1	1	0	0,0,0,0,0,0,0,0,0,0,0,0,0	0
3	5659	CERTIFIED_DEFICIT	1428	1	1	0	0,0,0,0,0,0,0,0,0,0,0,0,0	0
3	5660	CERTIFIED_DEFICIT	1428	1	1	0	0,0,0,0,0,0,0,0,0,0,0,0,0	0
3	5661	CERTIFIED_DEFICIT	1428	1	1	0	0,0,0,0,0,0,0,0,0,0,0,0,0	0
3	5662	CERTIFIED_DEFICIT	1428	1	1	0	0,0,0,0,0,0,0,0,0,0,0,0,0	0
3	5663	CERTIFIED_DEFICIT	1428	1	1	0	0,0,0,0,0,0,0,0,0,0,0,0,0	0
3	5664	CERTIFIED_DEFICIT	1428	1	1	0	0,0,0,0,0,0,0,0,0,0,0,0,0	0
3	5665	CERTIFIED_DEFICIT	1428	1	1	0	0,0,0,0,0,0,0,0,0,0,0,0,0	0
3	5666	CERTIFIED_DEFICIT	1428	1	1	0	0,0,0,0,0,0,0,0,0,0,0,0,0	0
3	5667	CERTIFIED_DEFICIT	1428	1	1	0	0,0,0,0,0,0,0,0,0,0,0,0,0	0
3	5668	CERTIFIED_DEFICIT	1428	1	1	0	0,0,0,0,0,0,0,0,0,0,0,0,0	0
3	5669	CERTIFIED_DEFICIT	1428	1	1	0	0,0,0,0,0,0,0,0,0,0,0,0,0	0
3	5670	CERTIFIED_DEFICIT	1428	1	1	0	0,0,0,0,0,0,0,0,0,0,0,0,0	0
3	5671	CERTIFIED_DEFICIT	1428	1	1	0	0,0,0,0,0,0,0,0,0,0,0,0,0	0
3	5672	CERTIFIED_DEFICIT	1313	1	1	0	0,0,0,0,0,0,0,0,0,0,0,0,0	0
3	5673	CERTIFIED_DEFICIT	1428	1	1	0	0,0,0,0,0,0,0,0,0,0,0,0,0	0
3	5674	CERTIFIED_DEFICIT	1428	1	1	0	0,0,0,0,0,0,0,0,0,0,0,0,0	0
3	5675	CERTIFIED_DEFICIT	1428	1	1	0	0,0,0,0,0,0,0,0,0,0,0,0,0	0
3	5676	CERTIFIED_DEFICIT	1428	1	1	0	0,0,0,0,0,0,0,0,0,0,0,0,0	0
3	5677	CERTIFIED_DEFICIT	1428	1	1	0	0,0,0,0,0,0,0,0,0,0,0,0,0	0
3	5678	CERTIFIED_DEFICIT	1428	1	1	0	0,0,0,0,0,0,0,0,0,0,0,0,0	0
3	5679	CERTIFIED_DEFICIT	1428	1	1	0	0,0,0,0,0,0,0,0,0,0,0,0,0	0
3	5680	CERTIFIED_DEFICIT	1428	1	1	0	0,0,0,0,0,0,0,0,0,0,0,0,0	0
3	5681	CERTIFIED_DEFICIT	1428	1	1	0	0,0,0,0,0,0,0,0,0,0,0,0,0	0
3	5682	CERTIFIED_DEFICIT	1428	1	1	0	0,0,0,0,0,0,0,0,0,0,0,0,0	0
3	5683	CERTIFIED_DEFICIT	1327	1	1	0	0,0,0,0,0,0,0,0,0,0,0,0,0	0
3	5684	CERTIFIED_DEFICIT	1428	1	1	0	0,0,0,0,0,0,0,0,0,0,0,0,0	0
3	5685	CERTIFIED_DEFICIT	1428	1	1	0	0,0,0,0,0,0,0,0,0,0,0,0,0	0
3	5686	CERTIFIED_DEFICIT	1428	1	1	0	0,0,0,0,0,0,0,0,0,0,0,0,0	0
3	5687	CERTIFIED_DEFICIT	1273	1	1	0	0,0,0,0,0,0,0,0,0,0,0,0,0	0
3	5688	CERTIFIED_DEFICIT	1428	1	1	0	0,0,0,0,0,0,0,0,0,0,0,0,0	0
3	5689	CERTIFIED_DEFICIT	1428	1	1	0	0,0,0,0,0,0,0,0,0,0,0,0,0	0
3	5690	CERTIFIED_DEFICIT	1237	1	1	0	0,0,0,0,0,0,0,0,0,0,0,0,0	0
3	5691	CERTIFIED_DEFICIT	1428	1	1	0	0,0,0,0,0,0,0,0,0,0,0,0,0	0
3	5692	CERTIFIED_DEFICIT	1428	1	1	0	0,0,0,0,0,0,0,0,0,0,0,0,0	0
3	5693	CERTIFIED_DEFICIT	1428	1	1	0	0,0,0,0,0,0,0,0,0,0,0,0,0	0
3	5694	CERTIFIED_DEFICIT	1316	1	1	0	0,0,0,0,0,0,0,0,0,0,0,0,0	0
3	5695	CERTIFIED_DEFICIT	1316	1	1	0	0,0,0,0,0,0,0,0,0,0,0,0,0	0
3	5696	CERTIFIED_DEFICIT	1316	1	1	0	0,0,0,0,0,0,0,0,0,0,0,0,0	0
3	5697	CERTIFIED_DEFICIT	1316	1	1	0	0,0,0,0,0,0,0,0,0,0,0,0,0	0
3	5698	CERTIFIED_DEFICIT	1316	1	1	0	0,0,0,0,0,0,0,0,0,0,0,0,0	0
3	5699	CERTIFIED_DEFICIT	1316	1	1	0	0,0,0,0,0,0,0,0,0,0,0,0,0	0
3	5700	CERTIFIED_DEFICIT	1316	1	1	0	0,0,0,0,0,0,0,0,0,0,0,0,0	0
3	5701	CERTIFIED_DEFICIT	1316	1	1	0	0,0,0,0,0,0,0,0,0,0,0,0,0	0
3	5702	CERTIFIED_DEFICIT	1316	1	1	0	0,0,0,0,0,0,0,0,0,0,0,0,0	0
3	5703	CERTIFIED_DEFICIT	1316	1	1	0	0,0,0,0,0,0,0,0,0,0,0,0,0	0
3	5704	CERTIFIED_DEFICIT	1316	1	1	0	0,0,0,0,0,0,0,0,0,0,0,0,0	0
3	5705	CERTIFIED_DEFICIT	1316	1	1	0	0,0,0,0,0,0,0,0,0,0,0,0,0	0
3	5706	CERTIFIED_DEFICIT	1316	1	1	0	0,0,0,0,0,0,0,0,0,0,0,0,0	0
3	5707	CERTIFIED_DEFICIT	1316	1	1	0	0,0,0,0,0,0,0,0,0,0,0,0,0	0
3	5708	CERTIFIED_DEFICIT	1316	1	1	0	0,0,0,0,0,0,0,0,0,0,0,0,0	0
3	5709	CERTIFIED_DEFICIT	1316	1	1	0	0,0,0,0,0,0,0,0,0,0,0,0,0	0
3	5710	CERTIFIED_DEFICIT	1316	1	1	0	0,0,0,0,0,0,0,0,0,0,0,0,0	0
3	5711	CERTIFIED_DEFICIT	1316	1	1	0	0,0,0,0,0,0,0,0,0,0,0,0,0	0
3	5712	CERTIFIED_DEFICIT	1316	1	1	0	0,0,0,0,0,0,0,0,0,0,0,0,0	0
3	5713	CERTIFIED_DEFICIT	1316	1	1	0	0,0,0,0,0,0,0,0,0,0,0,0,0	0
3	5714	CERTIFIED_DEFICIT	1316	1	1	0	0,0,0,0,0,0,0,0,0,0,0,0,0	0
3	5715	CERTIFIED_DEFICIT	1316	1	1	0	0,0,0,0,0,0,0,0,0,0,0,0,0	0
3	5716	CERTIFIED_DEFICIT	1316	1	1	0	0,0,0,0,0,0,0,0,0,0,0,0,0	0
3	5717	CERTIFIED_DEFICIT	1316	1	1	0	0,0,0,0,0,0,0,0,0,0,0,0,0	0
3	5718	CERTIFIED_DEFICIT	1316	1	1	0	0,0,0,0,0,0,0,0,0,0,0,0,0	0
3	5719	CERTIFIED_DEFICIT	1316	1	1	0	0,0,0,0,0,0,0,0,0,0,0,0,0	0
3	5720	CERTIFIED_DEFICIT	1316	1	1	0	0,0,0,0,0,0,0,0,0,0,0,0,0	0
3	5721	CERTIFIED_DEFICIT	1316	1	1	0	0,0,0,0,0,0,0,0,0,0,0,0,0	0
3	5722	CERTIFIED_DEFICIT	1316	1	1	0	0,0,0,0,0,0,0,0,0,0,0,0,0	0
3	5723	CERTIFIED_DEFICIT	1316	1	1	0	0,0,0,0,0,0,0,0,0,0,0,0,0	0
3	5724	CERTIFIED_DEFICIT	1316	1	1	0	0,0,0,0,0,0,0,0,0,0,0,0,0	0
3	5725	CERTIFIED_DEFICIT	1316	1	1	0	0,0,0,0,0,0,0,0,0,0,0,0,0	0
3	5726	CERTIFIED_DEFICIT	1316	1	1	0	0,0,0,0,0,0,0,0,0,0,0,0,0	0
3	5727	CERTIFIED_DEFICIT	1316	1	1	0	0,0,0,0,0,0,0,0,0,0,0,0,0	0
3	5728	CERTIFIED_DEFICIT	1316	1	1	0	0,0,0,0,0,0,0,0,0,0,0,0,0	0
3	5729	CERTIFIED_DEFICIT	1316	1	1	0	0,0,0,0,0,0,0,0,0,0,0,0,0	0
3	5730	CERTIFIED_DEFICIT	1316	1	1	0	0,0,0,0,0,0,0,0,0,0,0,0,0	0
3	5731	CERTIFIED_DEFICIT	1316	1	1	0	0,0,0,0,0,0,0,0,0,0,0,0,0	0
3	5732	CERTIFIED_DEFICIT	1316	1	1	0	0,0,0,0,0,0,0,0,0,0,0,0,0	0
3	5733	CERTIFIED_DEFICIT	1316	1	1	0	0,0,0,0,0,0,0,0,0,0,0,0,0	0
3	5734	CERTIFIED_DEFICIT	1316	1	1	0	0,0,0,0,0,0,0,0,0,0,0,0,0	0
3	5735	CERTIFIED_DEFICIT	1316	1	1	0	0,0,0,0,0,0,0,0,0,0,0,0,0	0
3	5736	CERTIFIED_DEFICIT	1316	1	1	0	0,0,0,0,0,0,0,0,0,0,0,0,0	0
3	5737	CERTIFIED_DEFICIT	1316	1	1	0	0,0,0,0,0,0,0,0,0,0,0,0,0	0
3	5738	CERTIFIED_DEFICIT	1316	1	1	0	0,0,0,0,0,0,0,0,0,0,0,0,0	0
3	5739	CERTIFIED_DEFICIT	1316	1	1	0	0,0,0,0,0,0,0,0,0,0,0,0,0	0
3	5740	CERTIFIED_DEFICIT	1316	1	1	0	0,0,0,0,0,0,0,0,0,0,0,0,0	0
3	5741	CERTIFIED_DEFICIT	1316	1	1	0	0,0,0,0,0,0,0,0,0,0,0,0,0	0
3	5742	CERTIFIED_DEFICIT	1316	1	1	0	0,0,0,0,0,0,0,0,0,0,0,0,0	0
3	5743	CERTIFIED_DEFICIT	1316	1	1	0	0,0,0,0,0,0,0,0,0,0,0,0,0	0
3	5744	CERTIFIED_DEFICIT	1316	1	1	0	0,0,0,0,0,0,0,0,0,0,0,0,0	0
3	5745	CERTIFIED_DEFICIT	1316	1	1	0	0,0,0,0,0,0,0,0,0,0,0,0,0	0
3	5746	CERTIFIED_DEFICIT	1316	1	1	0	0,0,0,0,0,0,0,0,0,0,0,0,0	0
3	5747	CERTIFIED_DEFICIT	1316	1	1	0	0,0,0,0,0,0,0,0,0,0,0,0,0	0
3	5748	CERTIFIED_DEFICIT	1316	1	1	0	0,0,0,0,0,0,0,0,0,0,0,0,0	0
3	5749	CERTIFIED_DEFICIT	1316	1	1	0	0,0,0,0,0,0,0,0,0,0,0,0,0	0
3	5750	CERTIFIED_DEFICIT	1313	1	1	0	0,0,0,0,0,0,0,0,0,0,0,0,0	0
3	5751	CERTIFIED_DEFICIT	1316	1	1	0	0,0,0,0,0,0,0,0,0,0,0,0,0	0
3	5752	CERTIFIED_DEFICIT	1316	1	1	0	0,0,0,0,0,0,0,0,0,0,0,0,0	0
3	5753	CERTIFIED_DEFICIT	1316	1	1	0	0,0,0,0,0,0,0,0,0,0,0,0,0	0
3	5754	CERTIFIED_DEFICIT	1316	1	1	0	0,0,0,0,0,0,0,0,0,0,0,0,0	0
3	5755	CERTIFIED_DEFICIT	1316	1	1	0	0,0,0,0,0,0,0,0,0,0,0,0,0	0
3	5756	CERTIFIED_DEFICIT	1316	1	1	0	0,0,0,0,0,0,0,0,0,0,0,0,0	0
3	5757	CERTIFIED_DEFICIT	1316	1	1	0	0,0,0,0,0,0,0,0,0,0,0,0,0	0
3	5758	CERTIFIED_DEFICIT	1316	1	1	0	0,0,0,0,0,0,0,0,0,0,0,0,0	0
3	5759	CERTIFIED_DEFICIT	1316	1	1	0	0,0,0,0,0,0,0,0,0,0,0,0,0	0
3	5760	CERTIFIED_DEFICIT	1316	1	1	0	0,0,0,0,0,0,0,0,0,0,0,0,0	0
3	5761	CERTIFIED_DEFICIT	1316	1	1	0	0,0,0,0,0,0,0,0,0,0,0,0,0	0
3	5762	CERTIFIED_DEFICIT	1316	1	1	0	0,0,0,0,0,0,0,0,0,0,0,0,0	0
3	5763	CERTIFIED_DEFICIT	1316	1	1	0	0,0,0,0,0,0,0,0,0,0,0,0,0	0
3	5764	CERTIFIED_DEFICIT	1316	1	1	0	0,0,0,0,0,0,0,0,0,0,0,0,0	0
3	5765	CERTIFIED_DEFICIT	1273	1	1	0	0,0,0,0,0,0,0,0,0,0,0,0,0	0
3	5766	CERTIFIED_DEFICIT	1316	1	1	0	0,0,0,0,0,0,0,0,0,0,0,0,0	0
3	5767	CERTIFIED_DEFICIT	1316	1	1	0	0,0,0,0,0,0,0,0,0,0,0,0,0	0
3	5768	CERTIFIED_DEFICIT	1237	1	1	0	0,0,0,0,0,0,0,0,0,0,0,0,0	0
3	5769	CERTIFIED_DEFICIT	1316	1	1	0	0,0,0,0,0,0,0,0,0,0,0,0,0	0
3	5770	CERTIFIED_DEFICIT	1316	1	1	0	0,0,0,0,0,0,0,0,0,0,0,0,0	0
3	5771	CERTIFIED_DEFICIT	1316	1	1	0	0,0,0,0,0,0,0,0,0,0,0,0,0	0
3	5772	CERTIFIED_DEFICIT	1302	1	1	0	0,0,0,0,0,0,0,0,0,0,0,0,0	0
3	5773	CERTIFIED_DEFICIT	1302	1	1	0	0,0,0,0,0,0,0,0,0,0,0,0,0	0
3	5774	CERTIFIED_DEFICIT	1302	1	1	0	0,0,0,0,0,0,0,0,0,0,0,0,0	0
3	5775	CERTIFIED_DEFICIT	1302	1	1	0	0,0,0,0,0,0,0,0,0,0,0,0,0	0
3	5776	CERTIFIED_DEFICIT	1302	1	1	0	0,0,0,0,0,0,0,0,0,0,0,0,0	0
3	5777	CERTIFIED_DEFICIT	1302	1	1	0	0,0,0,0,0,0,0,0,0,0,0,0,0	0
3	5778	CERTIFIED_DEFICIT	1302	1	1	0	0,0,0,0,0,0,0,0,0,0,0,0,0	0
3	5779	CERTIFIED_DEFICIT	1302	1	1	0	0,0,0,0,0,0,0,0,0,0,0,0,0	0
3	5780	CERTIFIED_DEFICIT	1302	1	1	0	0,0,0,0,0,0,0,0,0,0,0,0,0	0
3	5781	CERTIFIED_DEFICIT	1302	1	1	0	0,0,0,0,0,0,0,0,0,0,0,0,0	0
3	5782	CERTIFIED_DEFICIT	1302	1	1	0	0,0,0,0,0,0,0,0,0,0,0,0,0	0
3	5783	CERTIFIED_DEFICIT	1302	1	1	0	0,0,0,0,0,0,0,0,0,0,0,0,0	0
3	5784	CERTIFIED_DEFICIT	1302	1	1	0	0,0,0,0,0,0,0,0,0,0,0,0,0	0
3	5785	CERTIFIED_DEFICIT	1302	1	1	0	0,0,0,0,0,0,0,0,0,0,0,0,0	0
3	5786	CERTIFIED_DEFICIT	1302	1	1	0	0,0,0,0,0,0,0,0,0,0,0,0,0	0
3	5787	CERTIFIED_DEFICIT	1302	1	1	0	0,0,0,0,0,0,0,0,0,0,0,0,0	0
3	5788	CERTIFIED_DEFICIT	1302	1	1	0	0,0,0,0,0,0,0,0,0,0,0,0,0	0
3	5789	CERTIFIED_DEFICIT	1302	1	1	0	0,0,0,0,0,0,0,0,0,0,0,0,0	0
3	5790	CERTIFIED_DEFICIT	1302	1	1	0	0,0,0,0,0,0,0,0,0,0,0,0,0	0
3	5791	CERTIFIED_DEFICIT	1302	1	1	0	0,0,0,0,0,0,0,0,0,0,0,0,0	0
3	5792	CERTIFIED_DEFICIT	1302	1	1	0	0,0,0,0,0,0,0,0,0,0,0,0,0	0
3	5793	CERTIFIED_DEFICIT	1302	1	1	0	0,0,0,0,0,0,0,0,0,0,0,0,0	0
3	5794	CERTIFIED_DEFICIT	1302	1	1	0	0,0,0,0,0,0,0,0,0,0,0,0,0	0
3	5795	CERTIFIED_DEFICIT	1302	1	1	0	0,0,0,0,0,0,0,0,0,0,0,0,0	0
3	5796	CERTIFIED_DEFICIT	1302	1	1	0	0,0,0,0,0,0,0,0,0,0,0,0,0	0
3	5797	CERTIFIED_DEFICIT	1302	1	1	0	0,0,0,0,0,0,0,0,0,0,0,0,0	0
3	5798	CERTIFIED_DEFICIT	1302	1	1	0	0,0,0,0,0,0,0,0,0,0,0,0,0	0
3	5799	CERTIFIED_DEFICIT	1302	1	1	0	0,0,0,0,0,0,0,0,0,0,0,0,0	0
3	5800	CERTIFIED_DEFICIT	1302	1	1	0	0,0,0,0,0,0,0,0,0,0,0,0,0	0
3	5801	CERTIFIED_DEFICIT	1302	1	1	0	0,0,0,0,0,0,0,0,0,0,0,0,0	0
3	5802	CERTIFIED_DEFICIT	1302	1	1	0	0,0,0,0,0,0,0,0,0,0,0,0,0	0
3	5803	CERTIFIED_DEFICIT	1302	1	1	0	0,0,0,0,0,0,0,0,0,0,0,0,0	0
3	5804	CERTIFIED_DEFICIT	1302	1	1	0	0,0,0,0,0,0,0,0,0,0,0,0,0	0
3	5805	CERTIFIED_DEFICIT	1302	1	1	0	0,0,0,0,0,0,0,0,0,0,0,0,0	0
3	5806	CERTIFIED_DEFICIT	1302	1	1	0	0,0,0,0,0,0,0,0,0,0,0,0,0	0
3	5807	CERTIFIED_DEFICIT	1302	1	1	0	0,0,0,0,0,0,0,0,0,0,0,0,0	0
3	5808	CERTIFIED_DEFICIT	1302	1	1	0	0,0,0,0,0,0,0,0,0,0,0,0,0	0
3	5809	CERTIFIED_DEFICIT	1302	1	1	0	0,0,0,0,0,0,0,0,0,0,0,0,0	0
3	5810	CERTIFIED_DEFICIT	1302	1	1	0	0,0,0,0,0,0,0,0,0,0,0,0,0	0
3	5811	CERTIFIED_DEFICIT	1302	1	1	0	0,0,0,0,0,0,0,0,0,0,0,0,0	0
3	5812	CERTIFIED_DEFICIT	1302	1	1	0	0,0,0,0,0,0,0,0,0,0,0,0,0	0
3	5813	CERTIFIED_DEFICIT	1302	1	1	0	0,0,0,0,0,0,0,0,0,0,0,0,0	0
3	5814	CERTIFIED_DEFICIT	1302	1	1	0	0,0,0,0,0,0,0,0,0,0,0,0,0	0
3	5815	CERTIFIED_DEFICIT	1302	1	1	0	0,0,0,0,0,0,0,0,0,0,0,0,0	0
3	5816	CERTIFIED_DEFICIT	1302	1	1	0	0,0,0,0,0,0,0,0,0,0,0,0,0	0
3	5817	CERTIFIED_DEFICIT	1302	1	1	0	0,0,0,0,0,0,0,0,0,0,0,0,0	0
3	5818	CERTIFIED_DEFICIT	1302	1	1	0	0,0,0,0,0,0,0,0,0,0,0,0,0	0
3	5819	CERTIFIED_DEFICIT	1302	1	1	0	0,0,0,0,0,0,0,0,0,0,0,0,0	0
3	5820	CERTIFIED_DEFICIT	1302	1	1	0	0,0,0,0,0,0,0,0,0,0,0,0,0	0
3	5821	CERTIFIED_DEFICIT	1302	1	1	0	0,0,0,0,0,0,0,0,0,0,0,0,0	0
3	5822	CERTIFIED_DEFICIT	1302	1	1	0	0,0,0,0,0,0,0,0,0,0,0,0,0	0
3	5823	CERTIFIED_DEFICIT	1302	1	1	0	0,0,0,0,0,0,0,0,0,0,0,0,0	0
3	5824	CERTIFIED_DEFICIT	1302	1	1	0	0,0,0,0,0,0,0,0,0,0,0,0,0	0
3	5825	CERTIFIED_DEFICIT	1302	1	1	0	0,0,0,0,0,0,0,0,0,0,0,0,0	0
3	5826	CERTIFIED_DEFICIT	1302	1	1	0	0,0,0,0,0,0,0,0,0,0,0,0,0	0
3	5827	CERTIFIED_DEFICIT	1302	1	1	0	0,0,0,0,0,0,0,0,0,0,0,0,0	0
3	5828	CERTIFIED_DEFICIT	1206	1	1	0	0,0,0,0,0,0,0,0,0,0,0,0,0	0
3	5829	CERTIFIED_DEFICIT	1302	1	1	0	0,0,0,0,0,0,0,0,0,0,0,0,0	0
3	5830	CERTIFIED_DEFICIT	1302	1	1	0	0,0,0,0,0,0,0,0,0,0,0,0,0	0
3	5831	CERTIFIED_DEFICIT	1302	1	1	0	0,0,0,0,0,0,0,0,0,0,0,0,0	0
3	5832	CERTIFIED_DEFICIT	1302	1	1	0	0,0,0,0,0,0,0,0,0,0,0,0,0	0
3	5833	CERTIFIED_DEFICIT	1302	1	1	0	0,0,0,0,0,0,0,0,0,0,0,0,0	0
3	5834	CERTIFIED_DEFICIT	1302	1	1	0	0,0,0,0,0,0,0,0,0,0,0,0,0	0
3	5835	CERTIFIED_DEFICIT	1302	1	1	0	0,0,0,0,0,0,0,0,0,0,0,0,0	0
3	5836	CERTIFIED_DEFICIT	1302	1	1	0	0,0,0,0,0,0,0,0,0,0,0,0,0	0
3	5837	CERTIFIED_DEFICIT	1302	1	1	0	0,0,0,0,0,0,0,0,0,0,0,0,0	0
3	5838	CERTIFIED_DEFICIT	1302	1	1	0	0,0,0,0,0,0,0,0,0,0,0,0,0	0
3	5839	CERTIFIED_DEFICIT	1224	1	1	0	0,0,0,0,0,0,0,0,0,0,0,0,0	0
3	5840	CERTIFIED_DEFICIT	1302	1	1	0	0,0,0,0,0,0,0,0,0,0,0,0,0	0
3	5841	CERTIFIED_DEFICIT	1302	1	1	0	0,0,0,0,0,0,0,0,0,0,0,0,0	0
3	5842	CERTIFIED_DEFICIT	1302	1	1	0	0,0,0,0,0,0,0,0,0,0,0,0,0	0
3	5843	CERTIFIED_DEFICIT	1273	1	1	0	0,0,0,0,0,0,0,0,0,0,0,0,0	0
3	5844	CERTIFIED_DEFICIT	1302	1	1	0	0,0,0,0,0,0,0,0,0,0,0,0,0	0
3	5845	CERTIFIED_DEFICIT	1302	1	1	0	0,0,0,0,0,0,0,0,0,0,0,0,0	0
3	5846	CERTIFIED_DEFICIT	1237	1	1	0	0,0,0,0,0,0,0,0,0,0,0,0,0	0
3	5847	CERTIFIED_DEFICIT	1302	1	1	0	0,0,0,0,0,0,0,0,0,0,0,0,0	0
3	5848	CERTIFIED_DEFICIT	1302	1	1	0	0,0,0,0,0,0,0,0,0,0,0,0,0	0
3	5849	CERTIFIED_DEFICIT	1302	1	1	0	0,0,0,0,0,0,0,0,0,0,0,0,0	0
3	5850	CERTIFIED_DEFICIT	1428	1	1	0	0,0,0,0,0,0,0,0,0,0,0,0,0	0
3	5851	CERTIFIED_DEFICIT	1428	1	1	0	0,0,0,0,0,0,0,0,0,0,0,0,0	0
3	5852	CERTIFIED_DEFICIT	1428	1	1	0	0,0,0,0,0,0,0,0,0,0,0,0,0	0
3	5853	CERTIFIED_DEFICIT	1428	1	1	0	0,0,0,0,0,0,0,0,0,0,0,0,0	0
3	5854	CERTIFIED_DEFICIT	1428	1	1	0	0,0,0,0,0,0,0,0,0,0,0,0,0	0
3	5855	CERTIFIED_DEFICIT	1428	1	1	0	0,0,0,0,0,0,0,0,0,0,0,0,0	0
3	5856	CERTIFIED_DEFICIT	1428	1	1	0	0,0,0,0,0,0,0,0,0,0,0,0,0	0
3	5857	CERTIFIED_DEFICIT	1428	1	1	0	0,0,0,0,0,0,0,0,0,0,0,0,0	0
3	5858	CERTIFIED_DEFICIT	1428	1	1	0	0,0,0,0,0,0,0,0,0,0,0,0,0	0
3	5859	CERTIFIED_DEFICIT	1428	1	1	0	0,0,0,0,0,0,0,0,0,0,0,0,0	0
3	5860	CERTIFIED_DEFICIT	1428	1	1	0	0,0,0,0,0,0,0,0,0,0,0,0,0	0
3	5861	CERTIFIED_DEFICIT	1428	1	1	0	0,0,0,0,0,0,0,0,0,0,0,0,0	0
3	5862	CERTIFIED_DEFICIT	1428	1	1	0	0,0,0,0,0,0,0,0,0,0,0,0,0	0
3	5863	CERTIFIED_DEFICIT	1428	1	1	0	0,0,0,0,0,0,0,0,0,0,0,0,0	0
3	5864	CERTIFIED_DEFICIT	1428	1	1	0	0,0,0,0,0,0,0,0,0,0,0,0,0	0
3	5865	CERTIFIED_DEFICIT	1428	1	1	0	0,0,0,0,0,0,0,0,0,0,0,0,0	0
3	5866	CERTIFIED_DEFICIT	1428	1	1	0	0,0,0,0,0,0,0,0,0,0,0,0,0	0
3	5867	CERTIFIED_DEFICIT	1428	1	1	0	0,0,0,0,0,0,0,0,0,0,0,0,0	0
3	5868	CERTIFIED_DEFICIT	1428	1	1	0	0,0,0,0,0,0,0,0,0,0,0,0,0	0
3	5869	CERTIFIED_DEFICIT	1428	1	1	0	0,0,0,0,0,0,0,0,0,0,0,0,0	0
3	5870	CERTIFIED_DEFICIT	1428	1	1	0	0,0,0,0,0,0,0,0,0,0,0,0,0	0
3	5871	CERTIFIED_DEFICIT	1428	1	1	0	0,0,0,0,0,0,0,0,0,0,0,0,0	0
3	5872	CERTIFIED_DEFICIT	1428	1	1	0	0,0,0,0,0,0,0,0,0,0,0,0,0	0
3	5873	CERTIFIED_DEFICIT	1428	1	1	0	0,0,0,0,0,0,0,0,0,0,0,0,0	0
3	5874	CERTIFIED_DEFICIT	1428	1	1	0	0,0,0,0,0,0,0,0,0,0,0,0,0	0
3	5875	CERTIFIED_DEFICIT	1428	1	1	0	0,0,0,0,0,0,0,0,0,0,0,0,0	0
3	5876	CERTIFIED_DEFICIT	1428	1	1	0	0,0,0,0,0,0,0,0,0,0,0,0,0	0
3	5877	CERTIFIED_DEFICIT	1428	1	1	0	0,0,0,0,0,0,0,0,0,0,0,0,0	0
3	5878	CERTIFIED_DEFICIT	1428	1	1	0	0,0,0,0,0,0,0,0,0,0,0,0,0	0
3	5879	CERTIFIED_DEFICIT	1428	1	1	0	0,0,0,0,0,0,0,0,0,0,0,0,0	0
3	5880	CERTIFIED_DEFICIT	1428	1	1	0	0,0,0,0,0,0,0,0,0,0,0,0,0	0
3	5881	CERTIFIED_DEFICIT	1428	1	1	0	0,0,0,0,0,0,0,0,0,0,0,0,0	0
3	5882	CERTIFIED_DEFICIT	1428	1	1	0	0,0,0,0,0,0,0,0,0,0,0,0,0	0
3	5883	CERTIFIED_DEFICIT	1428	1	1	0	0,0,0,0,0,0,0,0,0,0,0,0,0	0
3	5884	CERTIFIED_DEFICIT	1428	1	1	0	0,0,0,0,0,0,0,0,0,0,0,0,0	0
3	5885	CERTIFIED_DEFICIT	1428	1	1	0	0,0,0,0,0,0,0,0,0,0,0,0,0	0
3	5886	CERTIFIED_DEFICIT	1428	1	1	0	0,0,0,0,0,0,0,0,0,0,0,0,0	0
3	5887	CERTIFIED_DEFICIT	1428	1	1	0	0,0,0,0,0,0,0,0,0,0,0,0,0	0
3	5888	CERTIFIED_DEFICIT	1428	1	1	0	0,0,0,0,0,0,0,0,0,0,0,0,0	0
3	5889	CERTIFIED_DEFICIT	1428	1	1	0	0,0,0,0,0,0,0,0,0,0,0,0,0	0
3	5890	CERTIFIED_DEFICIT	1428	1	1	0	0,0,0,0,0,0,0,0,0,0,0,0,0	0
3	5891	CERTIFIED_DEFICIT	1428	1	1	0	0,0,0,0,0,0,0,0,0,0,0,0,0	0
3	5892	CERTIFIED_DEFICIT	1428	1	1	0	0,0,0,0,0,0,0,0,0,0,0,0,0	0
3	5893	CERTIFIED_DEFICIT	1428	1	1	0	0,0,0,0,0,0,0,0,0,0,0,0,0	0
3	5894	CERTIFIED_DEFICIT	1428	1	1	0	0,0,0,0,0,0,0,0,0,0,0,0,0	0
3	5895	CERTIFIED_DEFICIT	1428	1	1	0	0,0,0,0,0,0,0,0,0,0,0,0,0	0
3	5896	CERTIFIED_DEFICIT	1428	1	1	0	0,0,0,0,0,0,0,0,0,0,0,0,0	0
3	5897	CERTIFIED_DEFICIT	1428	1	1	0	0,0,0,0,0,0,0,0,0,0,0,0,0	0
3	5898	CERTIFIED_DEFICIT	1428	1	1	0	0,0,0,0,0,0,0,0,0,0,0,0,0	0
3	5899	CERTIFIED_DEFICIT	1428	1	1	0	0,0,0,0,0,0,0,0,0,0,0,0,0	0
3	5900	CERTIFIED_DEFICIT	1428	1	1	0	0,0,0,0,0,0,0,0,0,0,0,0,0	0
3	5901	CERTIFIED_DEFICIT	1428	1	1	0	0,0,0,0,0,0,0,0,0,0,0,0,0	0
3	5902	CERTIFIED_DEFICIT	1428	1	1	0	0,0,0,0,0,0,0,0,0,0,0,0,0	0
3	5903	CERTIFIED_DEFICIT	1428	1	1	0	0,0,0,0,0,0,0,0,0,0,0,0,0	0
3	5904	CERTIFIED_DEFICIT	1428	1	1	0	0,0,0,0,0,0,0,0,0,0,0,0,0	0
3	5905	CERTIFIED_DEFICIT	1428	1	1	0	0,0,0,0,0,0,0,0,0,0,0,0,0	0
3	5906	CERTIFIED_DEFICIT	1313	1	1	0	0,0,0,0,0,0,0,0,0,0,0,0,0	0
3	5907	CERTIFIED_DEFICIT	1428	1	1	0	0,0,0,0,0,0,0,0,0,0,0,0,0	0
3	5908	CERTIFIED_DEFICIT	1428	1	1	0	0,0,0,0,0,0,0,0,0,0,0,0,0	0
3	5909	CERTIFIED_DEFICIT	1428	1	1	0	0,0,0,0,0,0,0,0,0,0,0,0,0	0
3	5910	CERTIFIED_DEFICIT	1428	1	1	0	0,0,0,0,0,0,0,0,0,0,0,0,0	0
3	5911	CERTIFIED_DEFICIT	1428	1	1	0	0,0,0,0,0,0,0,0,0,0,0,0,0	0
3	5912	CERTIFIED_DEFICIT	1428	1	1	0	0,0,0,0,0,0,0,0,0,0,0,0,0	0
3	5913	CERTIFIED_DEFICIT	1428	1	1	0	0,0,0,0,0,0,0,0,0,0,0,0,0	0
3	5914	CERTIFIED_DEFICIT	1428	1	1	0	0,0,0,0,0,0,0,0,0,0,0,0,0	0
3	5915	CERTIFIED_DEFICIT	1428	1	1	0	0,0,0,0,0,0,0,0,0,0,0,0,0	0
3	5916	CERTIFIED_DEFICIT	1428	1	1	0	0,0,0,0,0,0,0,0,0,0,0,0,0	0
3	5917	CERTIFIED_DEFICIT	1327	1	1	0	0,0,0,0,0,0,0,0,0,0,0,0,0	0
3	5918	CERTIFIED_DEFICIT	1428	1	1	0	0,0,0,0,0,0,0,0,0,0,0,0,0	0
3	5919	CERTIFIED_DEFICIT	1428	1	1	0	0,0,0,0,0,0,0,0,0,0,0,0,0	0
3	5920	CERTIFIED_DEFICIT	1428	1	1	0	0,0,0,0,0,0,0,0,0,0,0,0,0	0
3	5921	CERTIFIED_DEFICIT	1273	1	1	0	0,0,0,0,0,0,0,0,0,0,0,0,0	0
3	5922	CERTIFIED_DEFICIT	1428	1	1	0	0,0,0,0,0,0,0,0,0,0,0,0,0	0
3	5923	CERTIFIED_DEFICIT	1428	1	1	0	0,0,0,0,0,0,0,0,0,0,0,0,0	0
3	5924	CERTIFIED_DEFICIT	1237	1	1	0	0,0,0,0,0,0,0,0,0,0,0,0,0	0
3	5925	CERTIFIED_DEFICIT	1428	1	1	0	0,0,0,0,0,0,0,0,0,0,0,0,0	0
3	5926	CERTIFIED_DEFICIT	1428	1	1	0	0,0,0,0,0,0,0,0,0,0,0,0,0	0
3	5927	CERTIFIED_DEFICIT	1428	1	1	0	0,0,0,0,0,0,0,0,0,0,0,0,0	0
3	5928	CERTIFIED_DEFICIT	1428	1	1	0	0,0,0,0,0,0,0,0,0,0,0,0,0	0
3	5929	CERTIFIED_DEFICIT	1428	1	1	0	0,0,0,0,0,0,0,0,0,0,0,0,0	0
3	5930	CERTIFIED_DEFICIT	1428	1	1	0	0,0,0,0,0,0,0,0,0,0,0,0,0	0
3	5931	CERTIFIED_DEFICIT	1428	1	1	0	0,0,0,0,0,0,0,0,0,0,0,0,0	0
3	5932	CERTIFIED_DEFICIT	1428	1	1	0	0,0,0,0,0,0,0,0,0,0,0,0,0	0
3	5933	CERTIFIED_DEFICIT	1428	1	1	0	0,0,0,0,0,0,0,0,0,0,0,0,0	0
3	5934	CERTIFIED_DEFICIT	1428	1	1	0	0,0,0,0,0,0,0,0,0,0,0,0,0	0
3	5935	CERTIFIED_DEFICIT	1428	1	1	0	0,0,0,0,0,0,0,0,0,0,0,0,0	0
3	5936	CERTIFIED_DEFICIT	1428	1	1	0	0,0,0,0,0,0,0,0,0,0,0,0,0	0
3	5937	CERTIFIED_DEFICIT	1428	1	1	0	0,0,0,0,0,0,0,0,0,0,0,0,0	0
3	5938	CERTIFIED_DEFICIT	1428	1	1	0	0,0,0,0,0,0,0,0,0,0,0,0,0	0
3	5939	CERTIFIED_DEFICIT	1428	1	1	0	0,0,0,0,0,0,0,0,0,0,0,0,0	0
3	5940	CERTIFIED_DEFICIT	1428	1	1	0	0,0,0,0,0,0,0,0,0,0,0,0,0	0
3	5941	CERTIFIED_DEFICIT	1428	1	1	0	0,0,0,0,0,0,0,0,0,0,0,0,0	0
3	5942	CERTIFIED_DEFICIT	1428	1	1	0	0,0,0,0,0,0,0,0,0,0,0,0,0	0
3	5943	CERTIFIED_DEFICIT	1428	1	1	0	0,0,0,0,0,0,0,0,0,0,0,0,0	0
3	5944	CERTIFIED_DEFICIT	1428	1	1	0	0,0,0,0,0,0,0,0,0,0,0,0,0	0
3	5945	CERTIFIED_DEFICIT	1428	1	1	0	0,0,0,0,0,0,0,0,0,0,0,0,0	0
3	5946	CERTIFIED_DEFICIT	1428	1	1	0	0,0,0,0,0,0,0,0,0,0,0,0,0	0
3	5947	CERTIFIED_DEFICIT	1428	1	1	0	0,0,0,0,0,0,0,0,0,0,0,0,0	0
3	5948	CERTIFIED_DEFICIT	1428	1	1	0	0,0,0,0,0,0,0,0,0,0,0,0,0	0
3	5949	CERTIFIED_DEFICIT	1428	1	1	0	0,0,0,0,0,0,0,0,0,0,0,0,0	0
3	5950	CERTIFIED_DEFICIT	1428	1	1	0	0,0,0,0,0,0,0,0,0,0,0,0,0	0
3	5951	CERTIFIED_DEFICIT	1428	1	1	0	0,0,0,0,0,0,0,0,0,0,0,0,0	0
3	5952	CERTIFIED_DEFICIT	1428	1	1	0	0,0,0,0,0,0,0,0,0,0,0,0,0	0
3	5953	CERTIFIED_DEFICIT	1428	1	1	0	0,0,0,0,0,0,0,0,0,0,0,0,0	0
3	5954	CERTIFIED_DEFICIT	1428	1	1	0	0,0,0,0,0,0,0,0,0,0,0,0,0	0
3	5955	CERTIFIED_DEFICIT	1428	1	1	0	0,0,0,0,0,0,0,0,0,0,0,0,0	0
3	5956	CERTIFIED_DEFICIT	1428	1	1	0	0,0,0,0,0,0,0,0,0,0,0,0,0	0
3	5957	CERTIFIED_DEFICIT	1428	1	1	0	0,0,0,0,0,0,0,0,0,0,0,0,0	0
3	5958	CERTIFIED_DEFICIT	1428	1	1	0	0,0,0,0,0,0,0,0,0,0,0,0,0	0
3	5959	CERTIFIED_DEFICIT	1428	1	1	0	0,0,0,0,0,0,0,0,0,0,0,0,0	0
3	5960	CERTIFIED_DEFICIT	1428	1	1	0	0,0,0,0,0,0,0,0,0,0,0,0,0	0
3	5961	CERTIFIED_DEFICIT	1428	1	1	0	0,0,0,0,0,0,0,0,0,0,0,0,0	0
3	5962	CERTIFIED_DEFICIT	1428	1	1	0	0,0,0,0,0,0,0,0,0,0,0,0,0	0
3	5963	CERTIFIED_DEFICIT	1428	1	1	0	0,0,0,0,0,0,0,0,0,0,0,0,0	0
3	5964	CERTIFIED_DEFICIT	1428	1	1	0	0,0,0,0,0,0,0,0,0,0,0,0,0	0
3	5965	CERTIFIED_DEFICIT	1428	1	1	0	0,0,0,0,0,0,0,0,0,0,0,0,0	0
3	5966	CERTIFIED_DEFICIT	1428	1	1	0	0,0,0,0,0,0,0,0,0,0,0,0,0	0
3	5967	CERTIFIED_DEFICIT	1428	1	1	0	0,0,0,0,0,0,0,0,0,0,0,0,0	0
3	5968	CERTIFIED_DEFICIT	1428	1	1	0	0,0,0,0,0,0,0,0,0,0,0,0,0	0
3	5969	CERTIFIED_DEFICIT	1428	1	1	0	0,0,0,0,0,0,0,0,0,0,0,0,0	0
3	5970	CERTIFIED_DEFICIT	1428	1	1	0	0,0,0,0,0,0,0,0,0,0,0,0,0	0
3	5971	CERTIFIED_DEFICIT	1428	1	1	0	0,0,0,0,0,0,0,0,0,0,0,0,0	0
3	5972	CERTIFIED_DEFICIT	1428	1	1	0	0,0,0,0,0,0,0,0,0,0,0,0,0	0
3	5973	CERTIFIED_DEFICIT	1428	1	1	0	0,0,0,0,0,0,0,0,0,0,0,0,0	0
3	5974	CERTIFIED_DEFICIT	1428	1	1	0	0,0,0,0,0,0,0,0,0,0,0,0,0	0
3	5975	CERTIFIED_DEFICIT	1428	1	1	0	0,0,0,0,0,0,0,0,0,0,0,0,0	0
3	5976	CERTIFIED_DEFICIT	1428	1	1	0	0,0,0,0,0,0,0,0,0,0,0,0,0	0
3	5977	CERTIFIED_DEFICIT	1428	1	1	0	0,0,0,0,0,0,0,0,0,0,0,0,0	0
3	5978	CERTIFIED_DEFICIT	1428	1	1	0	0,0,0,0,0,0,0,0,0,0,0,0,0	0
3	5979	CERTIFIED_DEFICIT	1428	1	1	0	0,0,0,0,0,0,0,0,0,0,0,0,0	0
3	5980	CERTIFIED_DEFICIT	1428	1	1	0	0,0,0,0,0,0,0,0,0,0,0,0,0	0
3	5981	CERTIFIED_DEFICIT	1428	1	1	0	0,0,0,0,0,0,0,0,0,0,0,0,0	0
3	5982	CERTIFIED_DEFICIT	1428	1	1	0	0,0,0,0,0,0,0,0,0,0,0,0,0	0
3	5983	CERTIFIED_DEFICIT	1428	1	1	0	0,0,0,0,0,0,0,0,0,0,0,0,0	0
3	5984	CERTIFIED_DEFICIT	1313	1	1	0	0,0,0,0,0,0,0,0,0,0,0,0,0	0
3	5985	CERTIFIED_DEFICIT	1428	1	1	0	0,0,0,0,0,0,0,0,0,0,0,0,0	0
3	5986	CERTIFIED_DEFICIT	1428	1	1	0	0,0,0,0,0,0,0,0,0,0,0,0,0	0
3	5987	CERTIFIED_DEFICIT	1428	1	1	0	0,0,0,0,0,0,0,0,0,0,0,0,0	0
3	5988	CERTIFIED_DEFICIT	1428	1	1	0	0,0,0,0,0,0,0,0,0,0,0,0,0	0
3	5989	CERTIFIED_DEFICIT	1428	1	1	0	0,0,0,0,0,0,0,0,0,0,0,0,0	0
3	5990	CERTIFIED_DEFICIT	1376	1	1	0	0,0,0,0,0,0,0,0,0,0,0,0,0	0
3	5991	CERTIFIED_DEFICIT	1428	1	1	0	0,0,0,0,0,0,0,0,0,0,0,0,0	0
3	5992	CERTIFIED_DEFICIT	1428	1	1	0	0,0,0,0,0,0,0,0,0,0,0,0,0	0
3	5993	CERTIFIED_DEFICIT	1428	1	1	0	0,0,0,0,0,0,0,0,0,0,0,0,0	0
3	5994	CERTIFIED_DEFICIT	1428	1	1	0	0,0,0,0,0,0,0,0,0,0,0,0,0	0
3	5995	CERTIFIED_DEFICIT	1327	1	1	0	0,0,0,0,0,0,0,0,0,0,0,0,0	0
3	5996	CERTIFIED_DEFICIT	1428	1	1	0	0,0,0,0,0,0,0,0,0,0,0,0,0	0
3	5997	CERTIFIED_DEFICIT	1428	1	1	0	0,0,0,0,0,0,0,0,0,0,0,0,0	0
3	5998	CERTIFIED_DEFICIT	1428	1	1	0	0,0,0,0,0,0,0,0,0,0,0,0,0	0
3	5999	CERTIFIED_DEFICIT	1273	1	1	0	0,0,0,0,0,0,0,0,0,0,0,0,0	0
3	6000	CERTIFIED_DEFICIT	1428	1	1	0	0,0,0,0,0,0,0,0,0,0,0,0,0	0
3	6001	CERTIFIED_DEFICIT	1428	1	1	0	0,0,0,0,0,0,0,0,0,0,0,0,0	0
3	6002	CERTIFIED_DEFICIT	1237	1	1	0	0,0,0,0,0,0,0,0,0,0,0,0,0	0
3	6003	CERTIFIED_DEFICIT	1428	1	1	0	0,0,0,0,0,0,0,0,0,0,0,0,0	0
3	6004	CERTIFIED_DEFICIT	1428	1	1	0	0,0,0,0,0,0,0,0,0,0,0,0,0	0
3	6005	CERTIFIED_DEFICIT	1428	1	1	0	0,0,0,0,0,0,0,0,0,0,0,0,0	0
3	6006	CERTIFIED_DEFICIT	1302	1	1	0	0,0,0,0,0,0,0,0,0,0,0,0,0	0
3	6007	CERTIFIED_DEFICIT	1302	1	1	0	0,0,0,0,0,0,0,0,0,0,0,0,0	0
3	6008	CERTIFIED_DEFICIT	1302	1	1	0	0,0,0,0,0,0,0,0,0,0,0,0,0	0
3	6009	CERTIFIED_DEFICIT	1302	1	1	0	0,0,0,0,0,0,0,0,0,0,0,0,0	0
3	6010	CERTIFIED_DEFICIT	1302	1	1	0	0,0,0,0,0,0,0,0,0,0,0,0,0	0
3	6011	CERTIFIED_DEFICIT	1302	1	1	0	0,0,0,0,0,0,0,0,0,0,0,0,0	0
3	6012	CERTIFIED_DEFICIT	1302	1	1	0	0,0,0,0,0,0,0,0,0,0,0,0,0	0
3	6013	CERTIFIED_DEFICIT	1302	1	1	0	0,0,0,0,0,0,0,0,0,0,0,0,0	0
3	6014	CERTIFIED_DEFICIT	1302	1	1	0	0,0,0,0,0,0,0,0,0,0,0,0,0	0
3	6015	CERTIFIED_DEFICIT	1302	1	1	0	0,0,0,0,0,0,0,0,0,0,0,0,0	0
3	6016	CERTIFIED_DEFICIT	1302	1	1	0	0,0,0,0,0,0,0,0,0,0,0,0,0	0
3	6017	CERTIFIED_DEFICIT	1302	1	1	0	0,0,0,0,0,0,0,0,0,0,0,0,0	0
3	6018	CERTIFIED_DEFICIT	1302	1	1	0	0,0,0,0,0,0,0,0,0,0,0,0,0	0
3	6019	CERTIFIED_DEFICIT	1302	1	1	0	0,0,0,0,0,0,0,0,0,0,0,0,0	0
3	6020	CERTIFIED_DEFICIT	1302	1	1	0	0,0,0,0,0,0,0,0,0,0,0,0,0	0
3	6021	CERTIFIED_DEFICIT	1302	1	1	0	0,0,0,0,0,0,0,0,0,0,0,0,0	0
3	6022	CERTIFIED_DEFICIT	1302	1	1	0	0,0,0,0,0,0,0,0,0,0,0,0,0	0
3	6023	CERTIFIED_DEFICIT	1302	1	1	0	0,0,0,0,0,0,0,0,0,0,0,0,0	0
3	6024	CERTIFIED_DEFICIT	1302	1	1	0	0,0,0,0,0,0,0,0,0,0,0,0,0	0
3	6025	CERTIFIED_DEFICIT	1302	1	1	0	0,0,0,0,0,0,0,0,0,0,0,0,0	0
3	6026	CERTIFIED_DEFICIT	1302	1	1	0	0,0,0,0,0,0,0,0,0,0,0,0,0	0
3	6027	CERTIFIED_DEFICIT	1302	1	1	0	0,0,0,0,0,0,0,0,0,0,0,0,0	0
3	6028	CERTIFIED_DEFICIT	1302	1	1	0	0,0,0,0,0,0,0,0,0,0,0,0,0	0
3	6029	CERTIFIED_DEFICIT	1302	1	1	0	0,0,0,0,0,0,0,0,0,0,0,0,0	0
3	6030	CERTIFIED_DEFICIT	1302	1	1	0	0,0,0,0,0,0,0,0,0,0,0,0,0	0
3	6031	CERTIFIED_DEFICIT	1302	1	1	0	0,0,0,0,0,0,0,0,0,0,0,0,0	0
3	6032	CERTIFIED_DEFICIT	1302	1	1	0	0,0,0,0,0,0,0,0,0,0,0,0,0	0
3	6033	CERTIFIED_DEFICIT	1302	1	1	0	0,0,0,0,0,0,0,0,0,0,0,0,0	0
3	6034	CERTIFIED_DEFICIT	1302	1	1	0	0,0,0,0,0,0,0,0,0,0,0,0,0	0
3	6035	CERTIFIED_DEFICIT	1302	1	1	0	0,0,0,0,0,0,0,0,0,0,0,0,0	0
3	6036	CERTIFIED_DEFICIT	1302	1	1	0	0,0,0,0,0,0,0,0,0,0,0,0,0	0
3	6037	CERTIFIED_DEFICIT	1302	1	1	0	0,0,0,0,0,0,0,0,0,0,0,0,0	0
3	6038	CERTIFIED_DEFICIT	1302	1	1	0	0,0,0,0,0,0,0,0,0,0,0,0,0	0
3	6039	CERTIFIED_DEFICIT	1302	1	1	0	0,0,0,0,0,0,0,0,0,0,0,0,0	0
3	6040	CERTIFIED_DEFICIT	1302	1	1	0	0,0,0,0,0,0,0,0,0,0,0,0,0	0
3	6041	CERTIFIED_DEFICIT	1302	1	1	0	0,0,0,0,0,0,0,0,0,0,0,0,0	0
3	6042	CERTIFIED_DEFICIT	1302	1	1	0	0,0,0,0,0,0,0,0,0,0,0,0,0	0
3	6043	CERTIFIED_DEFICIT	1302	1	1	0	0,0,0,0,0,0,0,0,0,0,0,0,0	0
3	6044	CERTIFIED_DEFICIT	1302	1	1	0	0,0,0,0,0,0,0,0,0,0,0,0,0	0
3	6045	CERTIFIED_DEFICIT	1302	1	1	0	0,0,0,0,0,0,0,0,0,0,0,0,0	0
3	6046	CERTIFIED_DEFICIT	1302	1	1	0	0,0,0,0,0,0,0,0,0,0,0,0,0	0
3	6047	CERTIFIED_DEFICIT	1302	1	1	0	0,0,0,0,0,0,0,0,0,0,0,0,0	0
3	6048	CERTIFIED_DEFICIT	1302	1	1	0	0,0,0,0,0,0,0,0,0,0,0,0,0	0
3	6049	CERTIFIED_DEFICIT	1302	1	1	0	0,0,0,0,0,0,0,0,0,0,0,0,0	0
3	6050	CERTIFIED_DEFICIT	1302	1	1	0	0,0,0,0,0,0,0,0,0,0,0,0,0	0
3	6051	CERTIFIED_DEFICIT	1302	1	1	0	0,0,0,0,0,0,0,0,0,0,0,0,0	0
3	6052	CERTIFIED_DEFICIT	1302	1	1	0	0,0,0,0,0,0,0,0,0,0,0,0,0	0
3	6053	CERTIFIED_DEFICIT	1302	1	1	0	0,0,0,0,0,0,0,0,0,0,0,0,0	0
3	6054	CERTIFIED_DEFICIT	1302	1	1	0	0,0,0,0,0,0,0,0,0,0,0,0,0	0
3	6055	CERTIFIED_DEFICIT	1302	1	1	0	0,0,0,0,0,0,0,0,0,0,0,0,0	0
3	6056	CERTIFIED_DEFICIT	1302	1	1	0	0,0,0,0,0,0,0,0,0,0,0,0,0	0
3	6057	CERTIFIED_DEFICIT	1302	1	1	0	0,0,0,0,0,0,0,0,0,0,0,0,0	0
3	6058	CERTIFIED_DEFICIT	1302	1	1	0	0,0,0,0,0,0,0,0,0,0,0,0,0	0
3	6059	CERTIFIED_DEFICIT	1302	1	1	0	0,0,0,0,0,0,0,0,0,0,0,0,0	0
3	6060	CERTIFIED_DEFICIT	1302	1	1	0	0,0,0,0,0,0,0,0,0,0,0,0,0	0
3	6061	CERTIFIED_DEFICIT	1302	1	1	0	0,0,0,0,0,0,0,0,0,0,0,0,0	0
3	6062	CERTIFIED_DEFICIT	1206	1	1	0	0,0,0,0,0,0,0,0,0,0,0,0,0	0
3	6063	CERTIFIED_DEFICIT	1302	1	1	0	0,0,0,0,0,0,0,0,0,0,0,0,0	0
3	6064	CERTIFIED_DEFICIT	1302	1	1	0	0,0,0,0,0,0,0,0,0,0,0,0,0	0
3	6065	CERTIFIED_DEFICIT	1302	1	1	0	0,0,0,0,0,0,0,0,0,0,0,0,0	0
3	6066	CERTIFIED_DEFICIT	1302	1	1	0	0,0,0,0,0,0,0,0,0,0,0,0,0	0
3	6067	CERTIFIED_DEFICIT	1302	1	1	0	0,0,0,0,0,0,0,0,0,0,0,0,0	0
3	6068	CERTIFIED_DEFICIT	1302	1	1	0	0,0,0,0,0,0,0,0,0,0,0,0,0	0
3	6069	CERTIFIED_DEFICIT	1302	1	1	0	0,0,0,0,0,0,0,0,0,0,0,0,0	0
3	6070	CERTIFIED_DEFICIT	1302	1	1	0	0,0,0,0,0,0,0,0,0,0,0,0,0	0
3	6071	CERTIFIED_DEFICIT	1302	1	1	0	0,0,0,0,0,0,0,0,0,0,0,0,0	0
3	6072	CERTIFIED_DEFICIT	1302	1	1	0	0,0,0,0,0,0,0,0,0,0,0,0,0	0
3	6073	CERTIFIED_DEFICIT	1302	1	1	0	0,0,0,0,0,0,0,0,0,0,0,0,0	0
3	6074	CERTIFIED_DEFICIT	1302	1	1	0	0,0,0,0,0,0,0,0,0,0,0,0,0	0
3	6075	CERTIFIED_DEFICIT	1302	1	1	0	0,0,0,0,0,0,0,0,0,0,0,0,0	0
3	6076	CERTIFIED_DEFICIT	1302	1	1	0	0,0,0,0,0,0,0,0,0,0,0,0,0	0
3	6077	CERTIFIED_DEFICIT	1273	1	1	0	0,0,0,0,0,0,0,0,0,0,0,0,0	0
3	6078	CERTIFIED_DEFICIT	1302	1	1	0	0,0,0,0,0,0,0,0,0,0,0,0,0	0
3	6079	CERTIFIED_DEFICIT	1302	1	1	0	0,0,0,0,0,0,0,0,0,0,0,0,0	0
3	6080	CERTIFIED_DEFICIT	1237	1	1	0	0,0,0,0,0,0,0,0,0,0,0,0,0	0
3	6081	CERTIFIED_DEFICIT	1302	1	1	0	0,0,0,0,0,0,0,0,0,0,0,0,0	0
3	6082	CERTIFIED_DEFICIT	1302	1	1	0	0,0,0,0,0,0,0,0,0,0,0,0,0	0
3	6083	CERTIFIED_DEFICIT	1302	1	1	0	0,0,0,0,0,0,0,0,0,0,0,0,0	0
