x	y	r	h	coefficient_scaled_64_times_6_pow_15
0	0	0	0	578547930240
0	0	2	0	2672340439680
0	0	4	0	7594589496960
0	0	6	0	10331213040000
0	0	8	0	10198973513088
0	0	10	0	-1460144776320
0	0	12	0	82649704320
0	1	0	0	-8678218953600
0	1	2	0	-40085106595200
0	1	4	0	-113918842454400
0	1	6	0	-154968195600000
0	1	8	0	-152984602696320
0	1	10	0	21902171644800
0	1	12	0	-1239745564800
0	2	0	0	60747532675200
0	2	2	0	280595746166400
0	2	4	0	797431897180800
0	2	6	0	1084777369200000
0	2	8	0	1070892218874240
0	2	10	0	-153315201513600
0	2	12	0	8678218953600
0	3	0	0	-261149597216640
0	3	0	2	1175462461440
0	3	1	3	81629337600
0	3	2	0	-1208862125285760
0	3	2	2	10579162152960
0	3	3	3	2318273187840
0	3	4	0	-3443522382622080
0	3	4	2	39965723688960
0	3	5	3	15134079191040
0	3	6	0	-4690645198807680
0	3	6	2	80715089018880
0	3	7	3	25403049861120
0	3	8	0	-4638965665173120
0	3	8	2	71703210147840
0	3	9	3	27998862796800
0	3	10	0	664365873225600
0	3	10	2	-3526387384320
0	3	11	3	-4212073820160
0	3	12	0	-37605615465600
0	3	13	3	146932807680
0	4	0	0	767122924129920
0	4	0	2	-11264848588800
0	4	1	3	-892480757760
0	4	2	0	3569598214300800
0	4	2	2	-104452900392960
0	4	2	4	326517350400
0	4	3	3	-20244075724800
0	4	4	0	10229825661356160
0	4	4	2	-407820170649600
0	4	4	4	7705809469440
0	4	5	3	-134416309248000
0	4	6	0	13985800319387520
0	4	6	2	-858283507261440
0	4	6	4	31476272578560
0	4	7	3	-216894591959040
0	4	8	0	13903183266802560
0	4	8	2	-798694090813440
0	4	8	4	91163644231680
0	4	9	3	-299677624197120
0	4	10	0	-1993097619676800
0	4	10	2	40651410124800
0	4	10	4	4244725555200
0	4	11	3	49761244200960
0	4	12	0	112816846396800
0	4	12	4	-1175462461440
0	4	13	3	-1763193692160
0	5	0	0	-1623969074805120
0	5	0	2	52500361973760
0	5	1	3	4763525345280
0	5	2	0	-7625163425235840
0	5	2	2	491680710144000
0	5	2	4	-544195584000
0	5	3	3	86483562209280
0	5	3	5	145118822400
0	5	4	0	-22091435726348160
0	5	4	2	1949722170531840
0	5	4	4	-41924827791360
0	5	5	3	570893819351040
0	5	5	5	8315308523520
0	5	6	0	-30408233305034880
0	5	6	2	4227986099036160
0	5	6	4	-190033097932800
0	5	7	3	855170708520960
0	5	7	5	68612179230720
0	5	8	0	-30528386792221824
0	5	8	2	4087833968332800
0	5	8	4	-759348750090240
0	5	9	3	1492282246533120
0	5	9	5	69047535697920
0	5	10	0	4384814763288960
0	5	10	2	-214423944007680
0	5	10	4	-46430767226880
0	5	11	3	-270160455720960
0	5	11	5	2873352683520
0	5	12	0	-248197062072960
0	5	12	4	12930087075840
0	5	13	3	9697565306880
0	5	13	5	-391820820480
0	6	0	0	2547671315794560
0	6	0	2	-152037362257920
0	6	1	3	-15646227701760
0	6	2	0	12128943084531840
0	6	2	2	-1432732737761280
0	6	2	4	1066623344640
0	6	3	3	-235581058990080
0	6	4	0	35742974452053120
0	6	4	2	-5735901270712320
0	6	4	4	135613539532800
0	6	4	6	1238347284480
0	6	5	3	-1533681018593280
0	6	5	5	-21042229248000
0	6	6	0	49728960818305920
0	6	6	2	-12730410832158720
0	6	6	4	585162627563520
0	6	6	6	21845220065280
0	6	7	3	-2078130560532480
0	6	7	5	-360591249899520
0	6	8	0	50722610256109440
0	6	8	2	-12708806267473920
0	6	8	4	2966606038794240
0	6	8	6	116965770854400
0	6	9	3	-4579667053240320
0	6	9	5	-435878894960640
0	6	10	0	-7308024605481600
0	6	10	2	684217107763200
0	6	10	4	232415050014720
0	6	10	6	42316648611840
0	6	11	3	891392366592000
0	6	11	5	-33435376680960
0	6	12	0	413661770121600
0	6	12	4	-64650435379200
0	6	12	6	-1567283281920
0	6	13	3	-32325217689600
0	6	13	5	3918208204800
0	7	0	0	-2999224177315200
0	7	0	2	297381118832640
0	7	1	3	34242197022720
0	7	2	0	-14569729436960640
0	7	2	2	2835231178199040
0	7	2	4	-12395566080000
0	7	3	3	445344270151680
0	7	3	5	-3758577500160
0	7	4	0	-44016871732364160
0	7	4	2	11479573654364160
0	7	4	4	-386156349112320
0	7	4	6	-5869250150400
0	7	5	3	2887126273751040
0	7	5	5	-41450772971520
0	7	5	7	343447879680
0	7	6	0	-62198166613322880
0	7	6	2	26021364883660800
0	7	6	4	-1428244938178560
0	7	6	6	-72423966965760
0	7	7	3	3503944758435840
0	7	7	5	690446333214720
0	7	7	7	35041358315520
0	7	8	0	-64919239767550080
0	7	8	2	26721037146009600
0	7	8	4	-7317732714577920
0	7	8	6	-589356561530880
0	7	9	3	9657158784768000
0	7	9	5	1064620704890880
0	7	9	7	117343079792640
0	7	10	0	9396031635619200
0	7	10	2	-1470797404876800
0	7	10	4	-702338820710400
0	7	10	6	-300395962368000
0	7	11	3	-1990939544064000
0	7	11	5	171486912430080
0	7	11	7	12364123668480
0	7	12	0	-531850847299200
0	7	12	4	193951306137600
0	7	12	6	14105549537280
0	7	13	3	72731739801600
0	7	13	5	-17631936921600
0	7	13	7	-391820820480
0	8	0	0	2652530473307520
0	8	0	2	-406659220070400
0	8	1	3	-51834830929920
0	8	2	0	13261323622320000
0	8	2	2	-3963739235328000
0	8	2	4	53186048409600
0	8	3	3	-602310835077120
0	8	3	5	17259465277440
0	8	4	0	41492587864245120
0	8	4	2	-16341787054817280
0	8	4	4	911626767728640
0	8	4	6	20768115916800
0	8	5	3	-3980391620198400
0	8	5	5	262916607836160
0	8	5	7	2902376448000
0	8	6	0	59899157949156480
0	8	6	2	-37917850402897920
0	8	6	4	3106500583587840
0	8	6	6	68186497351680
0	8	6	8	1054530109440
0	8	7	3	-4364535654973440
0	8	7	5	-314269321789440
0	8	7	7	-119887496478720
0	8	8	0	64518407068199040
0	8	8	2	-40011240207605760
0	8	8	4	12864783605760000
0	8	8	6	1107082472325120
0	8	8	8	49814454435840
0	8	9	3	-14744609295482880
0	8	9	5	-990871319347200
0	8	9	7	-637594058096640
0	8	10	0	-9396031635619200
0	8	10	2	2243370107658240
0	8	10	4	1422701399162880
0	8	10	6	942459680194560
0	8	10	8	48905043148800
0	8	11	3	3171397720965120
0	8	11	5	-513024060948480
0	8	11	7	-85678152744960
0	8	12	0	531850847299200
0	8	12	4	-387902612275200
0	8	12	6	-56422198149120
0	8	12	8	5485491486720
0	8	13	3	-116370783682560
0	8	13	5	47018498457600
0	8	13	7	3134566563840
0	9	0	0	-1746281642855040
0	9	0	2	391978032537600
0	9	1	3	55189494374400
0	9	2	0	-9090837001941120
0	9	2	2	3966414258954240
0	9	2	4	-119544048599040
0	9	3	3	588268170362880
0	9	3	5	-41252443914240
0	9	4	0	-29854604090586240
0	9	4	2	16837948308602880
0	9	4	4	-1575516356444160
0	9	4	6	-54590476124160
0	9	5	3	4090674669281280
0	9	5	5	-545617748459520
0	9	5	7	-16388752343040
0	9	6	0	-44348934435765120
0	9	6	2	40251796423557120
0	9	6	4	-5400016500326400
0	9	6	6	30571698585600
0	9	6	8	1441513635840
0	9	7	3	4153387768381440
0	9	7	5	-1047641802670080
0	9	7	7	128478530764800
0	9	7	9	2579890176000
0	9	8	0	-49778713899573120
0	9	8	2	43727138262097920
0	9	8	4	-16995445766553600
0	9	8	6	-683335510917120
0	9	8	8	-199789920092160
0	9	9	3	16704692949934080
0	9	9	5	-744111273738240
0	9	9	7	1507494327091200
0	9	9	9	23605995110400
0	9	10	0	7308024605481600
0	9	10	2	-2489041762099200
0	9	10	4	-2026889104343040
0	9	10	6	-1726797891502080
0	9	10	8	-235063468523520
0	9	11	3	-3694478516305920
0	9	11	5	994702456258560
0	9	11	7	256337887887360
0	9	11	9	14395787182080
0	9	12	0	-413661770121600
0	9	12	4	543063657185280
0	9	12	6	131651795681280
0	9	12	8	-38398440407040
0	9	13	3	135765914296320
0	9	13	5	-82282372300800
0	9	13	7	-10970982973440
0	9	13	9	696570347520
0	10	0	0	838755313269120
0	10	0	2	-262415947898880
0	10	1	3	-41373376266240
0	10	2	0	4619476887569280
0	10	2	2	-2823980841492480
0	10	2	4	164640528875520
0	10	3	3	-413695064309760
0	10	3	5	61298190581760
0	10	4	0	16209508640595840
0	10	4	2	-12550325629501440
0	10	4	4	1906000287989760
0	10	4	6	86839103324160
0	10	5	3	-3141256541552640
0	10	5	5	673215891701760
0	10	5	7	29346250752000
0	10	6	0	24998820360958080
0	10	6	2	-31252455818772480
0	10	6	4	6790603104092160
0	10	6	6	-130219956633600
0	10	6	8	-19339501731840
0	10	7	3	-3058466253373440
0	10	7	5	2407927596318720
0	10	7	7	-14008803655680
0	10	7	9	-11454712381440
0	10	8	0	29567250319584384
0	10	8	2	-35121708188835840
0	10	8	4	17051171394355200
0	10	8	6	-783293355786240
0	10	8	8	325075836764160
0	10	8	10	515978035200
0	10	9	3	-14133368815534080
0	10	9	5	3174967643996160
0	10	9	7	-2109215012290560
0	10	9	9	-63620091740160
0	10	10	0	-4384814763288960
0	10	10	2	2023558627368960
0	10	10	4	2070773036236800
0	10	10	6	2059410232442880
0	10	10	8	452103179304960
0	10	10	10	9906778275840
0	10	11	3	3171397720965120
0	10	11	5	-1309203968163840
0	10	11	7	-431177045114880
0	10	11	9	-74300837068800
0	10	12	0	248197062072960
0	10	12	4	-543063657185280
0	10	12	6	-197477693521920
0	10	12	8	115195321221120
0	10	12	10	2786281390080
0	10	13	3	-116370783682560
0	10	13	5	98738846760960
0	10	13	7	21941965946880
0	10	13	9	-4179422085120
0	11	0	0	-284327113887360
0	11	0	2	117039136481280
0	11	1	3	21512051435520
0	11	2	0	-1691775164327040
0	11	2	2	1395779438960640
0	11	2	4	-142466372812800
0	11	3	3	206053006602240
0	11	3	5	-58489335152640
0	11	4	0	-6497862953224320
0	11	4	2	6654554208092160
0	11	4	4	-1580218206289920
0	11	4	6	-70663191920640
0	11	5	3	1783381534341120
0	11	5	5	-563922069258240
0	11	5	7	-16101739560960
0	11	6	0	-10518512575489920
0	11	6	2	17548827372011520
0	11	6	4	-5910370374942720
0	11	6	6	203824223354880
0	11	6	8	55554710077440
0	11	7	3	1733437077626880
0	11	7	5	-2626708732968960
0	11	7	7	-11183823912960
0	11	7	9	30700693094400
0	11	8	0	-13275094491573120
0	11	8	2	20562691355320320
0	11	8	4	-12763432620195840
0	11	8	6	1949119927418880
0	11	8	8	-250368666992640
0	11	8	10	2579890176000
0	11	9	3	8849616073758720
0	11	9	5	-4135364010639360
0	11	9	7	2060513135493120
0	11	9	9	50385255137280
0	11	9	11	1547934105600
0	11	10	0	1993097619676800
0	11	10	2	-1196033054515200
0	11	10	4	-1515954754437120
0	11	10	6	-1685351955824640
0	11	10	8	-427200789381120
0	11	10	10	-27862813900800
0	11	11	3	-1990939544064000
0	11	11	5	1186694658293760
0	11	11	7	444063596544000
0	11	11	9	164390602014720
0	11	11	11	2476694568960
0	11	12	0	-112816846396800
0	11	12	4	387902612275200
0	11	12	6	197477693521920
0	11	12	8	-191992202035200
0	11	12	10	-13931406950400
0	11	13	3	72731739801600
0	11	13	5	-82282372300800
0	11	13	7	-27427457433600
0	11	13	9	10448555212800
0	11	13	11	928760463360
0	12	0	0	64740945686400
0	12	0	2	-32221618974720
0	12	1	3	-7487325020160
0	12	2	0	426628136903040
0	12	2	2	-457251269529600
0	12	2	4	73043946823680
0	12	3	3	-69990808043520
0	12	3	5	35215500902400
0	12	4	0	1854210063461760
0	12	4	2	-2420589213573120
0	12	4	4	863500528926720
0	12	4	6	14576379494400
0	12	5	3	-728677886976000
0	12	5	5	327852443566080
0	12	5	7	-15698631720960
0	12	6	0	3192910112522880
0	12	6	2	-6922712024064000
0	12	6	4	3446702638940160
0	12	6	6	-260594706677760
0	12	6	8	-75781049057280
0	12	7	3	-737580926730240
0	12	7	5	1771030108569600
0	12	7	7	-119423116247040
0	12	7	9	-40246286745600
0	12	8	0	4360381061811840
0	12	8	2	-8551652665651200
0	12	8	4	6861479136952320
0	12	8	6	-1865879770890240
0	12	8	8	61830292930560
0	12	8	10	-3818237460480
0	12	9	3	-3992980678041600
0	12	9	5	3063864673566720
0	12	9	7	-1555209395896320
0	12	9	9	23838185226240
0	12	9	11	-3302259425280
0	12	10	0	-664365873225600
0	12	10	2	501040874188800
0	12	10	4	778743880704000
0	12	10	6	964749931315200
0	12	10	8	177364224737280
0	12	10	10	41175047208960
0	12	10	12	-103195607040
0	12	11	3	891392366592000
0	12	11	5	-732443720417280
0	12	11	7	-284897272135680
0	12	11	9	-202469781012480
0	12	11	11	-6191736422400
0	12	12	0	37605615465600
0	12	12	4	-193951306137600
0	12	12	6	-131651795681280
0	12	12	8	191992202035200
0	12	12	10	27862813900800
0	12	12	12	928760463360
0	12	13	3	-32325217689600
0	12	13	5	47018498457600
0	12	13	7	21941965946880
0	12	13	9	-13931406950400
0	12	13	11	-3715041853440
0	13	0	0	-9235188017280
0	13	0	2	4906225520640
0	13	1	3	1635408506880
0	13	2	0	-68736777344640
0	13	2	2	92154080194560
0	13	2	4	-19277423124480
0	13	3	3	15046403235840
0	13	3	5	-12644686725120
0	13	4	0	-354326084864640
0	13	4	2	565259581071360
0	13	4	4	-287523922821120
0	13	4	6	14344189378560
0	13	5	3	203220770918400
0	13	5	5	-125213357260800
0	13	5	7	25508664115200
0	13	6	0	-659325261628800
0	13	6	2	1813237918064640
0	13	6	4	-1274883366666240
0	13	6	6	211989575761920
0	13	6	8	43642067189760
0	13	7	3	223381403320320
0	13	7	5	-756591492464640
0	13	7	7	174761760522240
0	13	7	9	12383472844800
0	13	8	0	-989001667393920
0	13	8	2	2396082272440320
0	13	8	4	-2488932922982400
0	13	8	6	1028370023055360
0	13	8	8	16708013752320
0	13	8	10	-9184409026560
0	13	9	3	1230545938452480
0	13	9	5	-1383998209228800
0	13	9	7	886153577103360
0	13	9	9	-91715095756800
0	13	9	11	619173642240
0	13	10	0	153315201513600
0	13	10	2	-141153450577920
0	13	10	4	-267156496097280
0	13	10	6	-378237698703360
0	13	10	8	9026390753280
0	13	10	10	-55416040980480
0	13	10	12	309586821120
0	13	11	3	-270160455720960
0	13	11	5	294910470881280
0	13	11	7	110058114908160
0	13	11	9	148137293905920
0	13	11	11	3715041853440
0	13	12	0	-8678218953600
0	13	12	4	64650435379200
0	13	12	6	56422198149120
0	13	12	8	-115195321221120
0	13	12	10	-27862813900800
0	13	12	12	-2786281390080
0	13	13	3	9697565306880
0	13	13	5	-17631936921600
0	13	13	7	-10970982973440
0	13	13	9	10448555212800
0	13	13	11	5572562780160
0	14	0	0	740219368320
0	14	0	2	-386580418560
0	14	1	3	-202360135680
0	14	2	0	6170837800320
0	14	2	2	-10108735303680
0	14	2	4	2462988902400
0	14	3	3	-1784961515520
0	14	3	5	2425096765440
0	14	4	0	40517742084480
0	14	4	2	-74786985123840
0	14	4	4	50341719490560
0	14	4	6	-5985345208320
0	14	5	3	-34806749552640
0	14	5	5	27601600020480
0	14	5	7	-10977432698880
0	14	6	0	82807861161600
0	14	6	2	-281740937748480
0	14	6	4	266307550986240
0	14	6	6	-84343059578880
0	14	6	8	-1493111439360
0	14	7	3	-43100290252800
0	14	7	5	188654469120000
0	14	7	7	-88464434135040
0	14	7	9	14963363020800
0	14	8	0	138487232338560
0	14	8	2	-405763111342080
0	14	8	4	543586084945920
0	14	8	6	-326517350400000
0	14	8	8	7226917355520
0	14	8	10	16924079554560
0	14	9	3	-232284443074560
0	14	9	5	359256156733440
0	14	9	7	-323208641249280
0	14	9	9	86839103324160
0	14	9	11	2476694568960
0	14	10	0	-21902171644800
0	14	10	2	23999025254400
0	14	10	4	55050825277440
0	14	10	6	92469713633280
0	14	10	8	-33812685619200
0	14	10	10	49224304558080
0	14	10	12	-309586821120
0	14	11	3	49761244200960
0	14	11	5	-70005319925760
0	14	11	7	-22986821468160
0	14	11	9	-61298190581760
0	14	11	11	1238347284480
0	14	12	0	1239745564800
0	14	12	4	-12930087075840
0	14	12	6	-14105549537280
0	14	12	8	38398440407040
0	14	12	10	13931406950400
0	14	12	12	2786281390080
0	14	13	3	-1763193692160
0	14	13	5	3918208204800
0	14	13	7	3134566563840
0	14	13	9	-4179422085120
0	14	13	11	-3715041853440
0	15	0	0	-22259111040
0	15	0	2	5240401920
0	15	1	3	12294789120
0	15	2	0	-219832341120
0	15	2	2	426891202560
0	15	2	4	-86265077760
0	15	3	3	93117911040
0	15	3	5	-198329057280
0	15	4	0	-2109098010240
0	15	4	2	4186678026240
0	15	4	4	-3448990679040
0	15	4	6	580475289600
0	15	5	3	2798979287040
0	15	5	5	-2655674449920
0	15	5	7	1478599557120
0	15	6	0	-4780418083200
0	15	6	2	19525737553920
0	15	6	4	-23204499701760
0	15	6	6	11164474736640
0	15	6	8	-1364116930560
0	15	7	3	3983511674880
0	15	7	5	-20868086661120
0	15	7	7	14686024826880
0	15	7	9	-4798595727360
0	15	8	0	-9023511051648
0	15	8	2	31378317373440
0	15	8	4	-53897130639360
0	15	8	6	46844355870720
0	15	8	8	-10496928153600
0	15	8	10	-165112971264
0	15	9	3	20293053327360
0	15	9	5	-41533006970880
0	15	9	7	53722988052480
0	15	9	9	-29333351301120
0	15	9	11	6088540815360
0	15	10	0	1460144776320
0	15	10	2	-1861148897280
0	15	10	4	-5158974136320
0	15	10	6	-10622697799680
0	15	10	8	8678105579520
0	15	10	10	-17027275161600
0	15	10	12	4643802316800
0	15	11	3	-4212073820160
0	15	11	5	7444595589120
0	15	11	7	1915568455680
0	15	11	9	11145125560320
0	15	11	11	-1238347284480
0	15	11	13	1238347284480
0	15	12	0	-82649704320
0	15	12	4	1175462461440
0	15	12	6	1567283281920
0	15	12	8	-5485491486720
0	15	12	10	-2786281390080
0	15	12	12	-928760463360
0	15	13	3	146932807680
0	15	13	5	-391820820480
0	15	13	7	-391820820480
0	15	13	9	696570347520
0	15	13	11	928760463360
0	15	13	15	82556485632
1	0	0	0	-9027184371840
1	0	2	0	-40250406003840
1	0	4	0	-121320582641280
1	0	6	0	-136656694442880
1	0	8	0	-168577846911360
1	0	10	0	26695854495360
1	0	12	0	-1405044973440
1	1	0	0	135058800159360
1	1	2	0	603590790648960
1	1	4	0	1812406999432320
1	1	6	0	2068161917800320
1	1	8	0	2513074459455360
1	1	10	0	-395644134579840
1	1	12	0	20910375192960
1	2	0	0	-942968843187840
1	2	2	0	-4223978438682240
1	2	4	0	-12635036814718080
1	2	6	0	-14605313932702080
1	2	8	0	-17482368506682240
1	2	10	0	2735953162104960
1	2	12	0	-145215530490240
1	3	0	0	4042765390677120
1	3	0	2	-17044205690880
1	3	1	3	-1485653944320
1	3	2	0	18190880546048640
1	3	2	2	-159275163525120
1	3	3	3	-37386236620800
1	3	4	0	54339885785646720
1	3	4	2	-603012242718720
1	3	5	3	-249475581573120
1	3	6	0	63699450535059840
1	3	6	2	-1202498098053120
1	3	7	3	-316264705597440
1	3	8	0	75261797244743040
1	3	8	2	-1082013195755520
1	3	9	3	-470397220853760
1	3	10	0	-11710388655987840
1	3	10	2	54659004456960
1	3	11	3	74152090275840
1	3	12	0	624253216728960
1	3	13	3	-2203992115200
1	4	0	0	-11839386137708160
1	4	0	2	162246471413760
1	4	1	3	16086421463040
1	4	2	0	-53677286847457920
1	4	2	2	1573911584133120
1	4	2	4	-4244725555200
1	4	3	3	309320769945600
1	4	4	0	-160777270202555520
1	4	4	2	6144599410237440
1	4	4	4	-114281072640000
1	4	5	3	2195089075445760
1	4	6	0	-191513255161599360
1	4	6	2	12808557318021120
1	4	6	4	-392473855180800
1	4	7	3	2545877548892160
1	4	8	0	-224172161338907520
1	4	8	2	12035070366658560
1	4	8	4	-1380515357491200
1	4	9	3	5070096113541120
1	4	10	0	34694940828562560
1	4	10	2	-626423536742400
1	4	10	4	-84437386813440
1	4	11	3	-867883117363200
1	4	12	0	-1857717404000640
1	4	12	4	19982861844480
1	4	13	3	26447905382400
1	5	0	0	24974097555576960
1	5	0	2	-754280475217920
1	5	1	3	-85442334658560
1	5	2	0	114523615509955200
1	5	2	2	-7397000243343360
1	5	2	4	1545515458560
1	5	3	3	-1272873470976000
1	5	3	5	-2641162567680
1	5	4	0	345796867002061440
1	5	4	2	-29317013340364800
1	5	4	4	625215422545920
1	5	5	3	-9280874748211200
1	5	5	5	-127167624069120
1	5	6	0	419742328255390080
1	5	6	2	-63167676555386880
1	5	6	4	2226717722787840
1	5	7	3	-9347843456778240
1	5	7	5	-1017689277726720
1	5	8	0	489223800070035840
1	5	8	2	-61505126394531840
1	5	8	4	11442474027417600
1	5	9	3	-25359459794841600
1	5	9	5	-995660240486400
1	5	10	0	-75369174516155520
1	5	10	2	3285907355750400
1	5	10	4	911701745786880
1	5	11	3	4663647315763200
1	5	11	5	-54593700986880
1	5	12	0	4053885347191680
1	5	12	4	-217460555366400
1	5	13	3	-145463479603200
1	5	13	5	5877312307200
1	6	0	0	-39014756909089920
1	6	0	2	2182946257981440
1	6	1	3	277900126248960
1	6	2	0	-181835734618811520
1	6	2	2	21519949527429120
1	6	2	4	14344995594240
1	6	3	3	3390619051376640
1	6	3	5	1335093166080
1	6	4	0	-557215714017290880
1	6	4	2	86071881877954560
1	6	4	4	-2076780955484160
1	6	4	6	-18730002677760
1	6	5	3	24943190080757760
1	6	5	5	291833951846400
1	6	6	0	-691779715906055040
1	6	6	2	190340089545646080
1	6	6	4	-6591514591641600
1	6	6	6	-276402983731200
1	6	7	3	20988274069831680
1	6	7	5	5237280252887040
1	6	8	0	-807913982664385920
1	6	8	2	190930857387724800
1	6	8	4	-44456773933301760
1	6	8	6	-1646634254008320
1	6	9	3	77922647334789120
1	6	9	5	6217412779376640
1	6	10	0	124015798682455680
1	6	10	2	-10430760017203200
1	6	10	4	-4487327946547200
1	6	10	6	-675499094507520
1	6	11	3	-15216361563340800
1	6	11	5	600269496975360
1	6	12	0	-6701320675969920
1	6	12	4	1075548152217600
1	6	12	6	26643815792640
1	6	13	3	484878265344000
1	6	13	5	-58773123072000
1	7	0	0	45707995411436160
1	7	0	2	-4269938741268480
1	7	1	3	-598337199544320
1	7	2	0	217888823572744320
1	7	2	2	-42536666886451200
1	7	2	4	95031060848640
1	7	3	3	-6324603588218880
1	7	3	5	53863269580800
1	7	4	0	683412630573939840
1	7	4	2	-171935960858173440
1	7	4	4	6063659387043840
1	7	4	6	93830605701120
1	7	5	3	-47138959778088960
1	7	5	5	708716792954880
1	7	5	7	-4919528079360
1	7	6	0	871806118230483840
1	7	6	2	-389275182377164800
1	7	6	4	16985243913338880
1	7	6	6	834626720563200
1	7	7	3	-32845185686200320
1	7	7	5	-9597085034250240
1	7	7	7	-480343302144000
1	7	8	0	1027815936829994880
1	7	8	2	-400877073058959360
1	7	8	4	109087182915010560
1	7	8	6	7999239728332800
1	7	9	3	-163925472607119360
1	7	9	5	-14844697747292160
1	7	9	7	-1680504987156480
1	7	10	0	-157392394077409920
1	7	10	2	22314685502361600
1	7	10	4	13287231753707520
1	7	10	6	4864324879319040
1	7	11	3	33578554539110400
1	7	11	5	-2948451674112000
1	7	11	7	-214021239275520
1	7	12	0	8545070279940480
1	7	12	4	-3191380582809600
1	7	12	6	-236659775569920
1	7	13	3	-1090976097024000
1	7	13	5	264479053824000
1	7	13	7	5877312307200
1	8	0	0	-40208297623413120
1	8	0	2	5838824376852480
1	8	1	3	886426078003200
1	8	2	0	-197702003345581440
1	8	2	2	59406840038891520
1	8	2	4	-605411540582400
1	8	3	3	8471427352657920
1	8	3	5	-254983445544960
1	8	4	0	-641608061163465600
1	8	4	2	244322992664985600
1	8	4	4	-14343689524838400
1	8	4	6	-336843360829440
1	8	5	3	65319302543523840
1	8	5	5	-3951217899601920
1	8	5	7	-49263002910720
1	8	6	0	-845876348946299520
1	8	6	2	567523942616678400
1	8	6	4	-40910127961374720
1	8	6	6	-553657331220480
1	8	6	8	-11851370496000
1	8	7	3	38971891945635840
1	8	7	5	3014292083834880
1	8	7	7	1516433646551040
1	8	8	0	-1015339045632842880
1	8	8	2	599502115898449920
1	8	8	4	-191050787210526720
1	8	8	6	-13853971546767360
1	8	8	8	-704822771220480
1	8	9	3	248746533633146880
1	8	9	5	12599564445941760
1	8	9	7	9115783947878400
1	8	10	0	155335904134519680
1	8	10	2	-33889170494545920
1	8	10	4	-26293919799951360
1	8	10	6	-15504611080273920
1	8	10	8	-688472717230080
1	8	11	3	-52804124692807680
1	8	11	5	8529155620208640
1	8	11	7	1498322817515520
1	8	12	0	-8474156833633920
1	8	12	4	6312233417932800
1	8	12	6	934100836024320
1	8	12	8	-93253355274240
1	8	13	3	1745561755238400
1	8	13	5	-705277476864000
1	8	13	7	-47018498457600
1	9	0	0	26322459041404800
1	9	0	2	-5624295221698560
1	9	1	3	-920602366894080
1	9	2	0	135016897666262400
1	9	2	2	-59371532629401600
1	9	2	4	1513449036103680
1	9	3	3	-8203804057681920
1	9	3	5	617509613076480
1	9	4	0	459799517617130880
1	9	4	2	-251288841259008000
1	9	4	4	24512707187343360
1	9	4	6	864792086446080
1	9	5	3	-67389284682178560
1	9	5	5	7876730418462720
1	9	5	7	264329097707520
1	9	6	0	630997149959890560
1	9	6	2	-602777803261132800
1	9	6	4	76270302655119360
1	9	6	6	-816032162119680
1	9	6	8	-35360619724800
1	9	7	3	-37104125630054400
1	9	7	5	18057541403934720
1	9	7	7	-1246473938534400
1	9	7	9	-35602484428800
1	9	8	0	778655381237274240
1	9	8	2	-654494559873638400
1	9	8	4	251999821905592320
1	9	8	6	5261079739760640
1	9	8	8	2800377265029120
1	9	9	3	-279065694025359360
1	9	9	5	14042335778242560
1	9	9	7	-21579865461227520
1	9	9	9	-314462813552640
1	9	10	0	-119217322149045120
1	9	10	2	37459049989939200
1	9	10	4	36503203098378240
1	9	10	6	28864133775360000
1	9	10	8	3323598341898240
1	9	11	3	60683249571840000
1	9	11	5	-16105403005009920
1	9	11	7	-4524224407142400
1	9	11	9	-228939454218240
1	9	12	0	6535855967921280
1	9	12	4	-8738387938344960
1	9	12	6	-2150312662794240
1	9	12	8	641802503946240
1	9	13	3	-2036488714444800
1	9	13	5	1234235584512000
1	9	13	7	164564744601600
1	9	13	9	-10448555212800
1	10	0	0	-12574055693646720
1	10	0	2	3758812108922880
1	10	1	3	672340341473280
1	10	2	0	-68308465602648960
1	10	2	2	42199061248696320
1	10	2	4	-2199090323865600
1	10	3	3	5724773075681280
1	10	3	5	-926051578675200
1	10	4	0	-248677083052594560
1	10	4	2	186959698952601600
1	10	4	4	-29240523627724800
1	10	4	6	-1351075585720320
1	10	5	3	51785056786268160
1	10	5	5	-9574533569249280
1	10	5	7	-460678089277440
1	10	6	0	-358426722734697600
1	10	6	2	468302459676180480
1	10	6	4	-99309482994401280
1	10	6	6	1949932592824320
1	10	6	8	307023055257600
1	10	7	3	28965658903511040
1	10	7	5	-38371738543718400
1	10	7	7	-635349553643520
1	10	7	9	159746799697920
1	10	8	0	-459672998266051200
1	10	8	2	525294778886922240
1	10	8	4	-252966487405363200
1	10	8	6	17279356230696960
1	10	8	8	-4524117986672640
1	10	8	10	-5469367173120
1	10	9	3	233043922431590400
1	10	9	5	-50029423784755200
1	10	9	7	30406224429711360
1	10	9	9	802603833753600
1	10	10	0	70570697982744960
1	10	10	2	-30359256722841600
1	10	10	4	-36267326964449280
1	10	10	6	-34877277300326400
1	10	10	8	-6436106844733440
1	10	10	10	-141171590430720
1	10	11	3	-51355954940313600
1	10	11	5	20757099785748480
1	10	11	7	7665756674457600
1	10	11	9	1191599674490880
1	10	12	0	-3888420639143040
1	10	12	4	8639649091584000
1	10	12	6	3181585062297600
1	10	12	8	-1892494562918400
1	10	12	10	-47366783631360
1	10	13	3	1745561755238400
1	10	13	5	-1481082701414400
1	10	13	7	-329129489203200
1	10	13	9	62691331276800
1	11	0	0	4242542386124160
1	11	0	2	-1672181616476160
1	11	1	3	-340936719390720
1	11	2	0	24895430682687360
1	11	2	2	-20811925676851200
1	11	2	4	1968799652167680
1	11	3	3	-2833547799859200
1	11	3	5	888885035827200
1	11	4	0	99318761642482560
1	11	4	2	-98965580409077760
1	11	4	4	23948891538554880
1	11	4	6	1101780798013440
1	11	5	3	-29284207416576000
1	11	5	5	8070493070131200
1	11	5	7	237062883409920
1	11	6	0	152027530344328320
1	11	6	2	-263147037176954880
1	11	6	4	87779386222018560
1	11	6	6	-2893708017008640
1	11	6	8	-838454632611840
1	11	7	3	-18183598869012480
1	11	7	5	41034901124874240
1	11	7	7	744749796556800
1	11	7	9	-439252101365760
1	11	8	0	205087407914770560
1	11	8	2	-307422615748608000
1	11	8	4	189713894571048960
1	11	8	6	-33113328990289920
1	11	8	8	3453141077360640
1	11	8	10	-48192348487680
1	11	9	3	-143631896851998720
1	11	9	5	63350809253314560
1	11	9	7	-30130092334448640
1	11	9	9	-535972184064000
1	11	9	11	-21980664299520
1	11	10	0	-31641364852755840
1	11	10	2	17902293287731200
1	11	10	4	25779850883481600
1	11	10	6	28695912036433920
1	11	10	8	6147726720860160
1	11	10	10	409273777520640
1	11	11	3	31768342348492800
1	11	11	5	-18502562784706560
1	11	11	7	-7925229128908800
1	11	11	9	-2644181039185920
1	11	11	11	-35912071249920
1	11	12	0	1752421680696960
1	11	12	4	-6100650174873600
1	11	12	6	-3137701130403840
1	11	12	8	3099302689996800
1	11	12	10	231261355376640
1	11	13	3	-1090976097024000
1	11	13	5	1234235584512000
1	11	13	7	411411861504000
1	11	13	9	-156728328192000
1	11	13	11	-13931406950400
1	12	0	0	-962864406990720
1	12	0	2	459754569216000
1	12	1	3	116208734330880
1	12	2	0	-6247846123793280
1	12	2	2	6799316280053760
1	12	2	4	-1032121344614400
1	12	3	3	959627236884480
1	12	3	5	-537094436290560
1	12	4	0	-28243845703704960
1	12	4	2	35958535878205440
1	12	4	4	-12975368985722880
1	12	4	6	-249410882764800
1	12	5	3	11850047496069120
1	12	5	5	-4781994134077440
1	12	5	7	262877909483520
1	12	6	0	-46543928957228160
1	12	6	2	103883127616512000
1	12	6	4	-51508663477125120
1	12	6	6	3828157138206720
1	12	6	8	1128414939217920
1	12	7	3	8709131983749120
1	12	7	5	-27445336072519680
1	12	7	7	1596152252989440
1	12	7	9	578927355494400
1	12	8	0	-66922166579840640
1	12	8	2	127855345796444160
1	12	8	4	-102234672121282560
1	12	8	6	29687015545896960
1	12	8	8	-806077010903040
1	12	8	10	74610423889920
1	12	9	3	63654361550069760
1	12	9	5	-46420841099427840
1	12	9	7	23111275370250240
1	12	9	9	-503078584320000
1	12	9	11	47057196810240
1	12	10	0	10401713237784960
1	12	10	2	-7489165207449600
1	12	10	4	-12844474226565120
1	12	10	6	-16292432143319040
1	12	10	8	-2605260171018240
1	12	10	10	-632485875548160
1	12	10	12	2167107747840
1	12	11	3	-14009553436262400
1	12	11	5	11268766797004800
1	12	11	7	5071728700293120
1	12	11	9	3239516496199680
1	12	11	11	92876046336000
1	12	12	0	-579126478170240
1	12	12	4	3015061213593600
1	12	12	6	2062544799006720
1	12	12	8	-3044447775129600
1	12	12	10	-451377585192960
1	12	12	12	-15788927877120
1	12	13	3	484878265344000
1	12	13	5	-705277476864000
1	12	13	7	-329129489203200
1	12	13	9	208971104256000
1	12	13	11	55725627801600
1	13	0	0	137042619811200
1	13	0	2	-70214532894720
1	13	1	3	-25079354265600
1	13	2	0	1003413326947200
1	13	2	2	-1365895845457920
1	13	2	4	275475029483520
1	13	3	3	-207469124444160
1	13	3	5	193114454261760
1	13	4	0	5379246482244480
1	13	4	2	-8398744590458880
1	13	4	4	4300997797232640
1	13	4	6	-202224691445760
1	13	5	3	-3250665249730560
1	13	5	5	1862953207971840
1	13	5	7	-401850143539200
1	13	6	0	9699605019953280
1	13	6	2	-27225952692756480
1	13	6	4	19094110640455680
1	13	6	6	-3171446093905920
1	13	6	8	-645459498270720
1	13	7	3	-2939744544768000
1	13	7	5	11653041438720000
1	13	7	7	-2609275125104640
1	13	7	9	-167176883404800
1	13	8	0	15073313291763840
1	13	8	2	-35842299329433600
1	13	8	4	37174479235153920
1	13	8	6	-15857307866234880
1	13	8	8	-266293039104000
1	13	8	10	122493185556480
1	13	9	3	-19238173723422720
1	13	9	5	20855403276042240
1	13	9	7	-13294857747824640
1	13	9	9	1415972723097600
1	13	9	11	-8049257349120
1	13	10	0	-2366839582611840
1	13	10	2	2109269431848960
1	13	10	4	4270651032821760
1	13	10	6	6226294051307520
1	13	10	8	-105559431413760
1	13	10	10	857245907681280
1	13	10	12	-5882149601280
1	13	11	3	4180924064931840
1	13	11	5	-4489482961059840
1	13	11	7	-1930196432977920
1	13	11	9	-2335368185118720
1	13	11	11	-59440669655040
1	13	12	0	132487476024960
1	13	12	4	-993265779916800
1	13	12	6	-871409504747520
1	13	12	8	1793755716157440
1	13	12	10	440232459632640
1	13	12	12	45509262704640
1	13	13	3	-145463479603200
1	13	13	5	264479053824000
1	13	13	7	164564744601600
1	13	13	9	-156728328192000
1	13	13	11	-83588441702400
1	14	0	0	-10938293447040
1	14	0	2	5449614888960
1	14	1	3	3106349015040
1	14	2	0	-90384197431680
1	14	2	2	149621133864960
1	14	2	4	-35263067627520
1	14	3	3	25313559920640
1	14	3	5	-36911778693120
1	14	4	0	-612621036120960
1	14	4	2	1114244086210560
1	14	4	4	-752562026496000
1	14	4	6	88012953354240
1	14	5	3	542766163599360
1	14	5	5	-415649331118080
1	14	5	7	168428130140160
1	14	6	0	-1230108201129600
1	14	6	2	4230859451719680
1	14	6	4	-3991565769523200
1	14	6	6	1265997257441280
1	14	6	8	19500744867840
1	14	7	3	615681115914240
1	14	7	5	-2878228675952640
1	14	7	7	1334396595732480
1	14	7	9	-230538986127360
1	14	8	0	-2094762878190720
1	14	8	2	6076194025328640
1	14	8	4	-8137073585848320
1	14	8	6	4947216750673920
1	14	8	8	-109661456793600
1	14	8	10	-248701412966400
1	14	9	3	3557928960368640
1	14	9	5	-5397897765519360
1	14	9	7	4857881603604480
1	14	9	9	-1305063244431360
1	14	9	11	-37150418534400
1	14	10	0	333326257522560
1	14	10	2	-359005826764800
1	14	10	4	-852536801894400
1	14	10	6	-1460185590988800
1	14	10	8	494245685329920
1	14	10	10	-748271346647040
1	14	10	12	5262975959040
1	14	11	3	-758173287628800
1	14	11	5	1056871359774720
1	14	11	7	386596542873600
1	14	11	9	944549391237120
1	14	11	11	-16098514698240
1	14	12	0	-18761482880640
1	14	12	4	196302231060480
1	14	12	6	214717809623040
1	14	12	8	-586947589079040
1	14	12	10	-214543667036160
1	14	12	12	-43651741777920
1	14	13	3	26447905382400
1	14	13	5	-58773123072000
1	14	13	7	-47018498457600
1	14	13	9	62691331276800
1	14	13	11	55725627801600
1	15	0	0	333886665600
1	15	0	2	-78606028800
1	15	1	3	-184421836800
1	15	2	0	3297485116800
1	15	2	2	-6403368038400
1	15	2	4	1293976166400
1	15	3	3	-1396768665600
1	15	3	5	2974935859200
1	15	4	0	31636470153600
1	15	4	2	-62800170393600
1	15	4	4	51734860185600
1	15	4	6	-8707129344000
1	15	5	3	-41984689305600
1	15	5	5	39835116748800
1	15	5	7	-22178993356800
1	15	6	0	71706271248000
1	15	6	2	-292886063308800
1	15	6	4	348067495526400
1	15	6	6	-167467121049600
1	15	6	8	20461753958400
1	15	7	3	-59752675123200
1	15	7	5	313021299916800
1	15	7	7	-220290372403200
1	15	7	9	71978935910400
1	15	8	0	135352665774720
1	15	8	2	-470674760601600
1	15	8	4	808456959590400
1	15	8	6	-702665338060800
1	15	8	8	157453922304000
1	15	8	10	2476694568960
1	15	9	3	-304395799910400
1	15	9	5	622995104563200
1	15	9	7	-805844820787200
1	15	9	9	440000269516800
1	15	9	11	-91328112230400
1	15	10	0	-21902171644800
1	15	10	2	27917233459200
1	15	10	4	77384612044800
1	15	10	6	159340466995200
1	15	10	8	-130171583692800
1	15	10	10	255409127424000
1	15	10	12	-69657034752000
1	15	11	3	63181107302400
1	15	11	5	-111668933836800
1	15	11	7	-28733526835200
1	15	11	9	-167176883404800
1	15	11	11	18575209267200
1	15	11	13	-18575209267200
1	15	12	0	1239745564800
1	15	12	4	-17631936921600
1	15	12	6	-23509249228800
1	15	12	8	82282372300800
1	15	12	10	41794220851200
1	15	12	12	13931406950400
1	15	13	3	-2203992115200
1	15	13	5	5877312307200
1	15	13	7	5877312307200
1	15	13	9	-10448555212800
1	15	13	11	-13931406950400
1	15	13	15	-1238347284480
2	0	0	0	68130906261120
2	0	2	0	280338613752960
2	0	4	0	937201730486400
2	0	6	0	725049122797440
2	0	8	0	1361047780840320
2	0	10	0	-229022330670720
2	0	12	0	10992410674560
2	1	0	0	-1012082362600320
2	1	2	0	-4207907662842240
2	1	4	0	-13882110653301120
2	1	6	0	-11338832318567040
2	1	8	0	-20053711007683200
2	1	10	0	3351032261654400
2	1	12	0	-162571968397440
2	2	0	0	7017905776717440
2	2	2	0	29472581511596160
2	2	4	0	95979512915832960
2	2	6	0	82510127336004480
2	2	8	0	137913787262286720
2	2	10	0	-22875702511985280
2	2	12	0	1121804436735360
2	3	0	0	-29888672774878080
2	3	0	2	114607589990400
2	3	1	3	11901557422080
2	3	2	0	-126959256681840000
2	3	2	2	1164295568056320
2	3	3	3	252757080944640
2	3	4	0	-409502515584700800
2	3	4	2	4183470900264960
2	3	5	3	1973976967710720
2	3	6	0	-369711729688417920
2	3	6	2	8356362638376960
2	3	7	3	1454634796032000
2	3	8	0	-587123103378913920
2	3	8	2	7635216418283520
2	3	9	3	3822195777914880
2	3	10	0	96645357300435840
2	3	10	2	-389665805967360
2	3	11	3	-609771151872000
2	3	12	0	-4790955410317440
2	3	13	3	15427944806400
2	4	0	0	86950328625221760
2	4	0	2	-1085637538344960
2	4	1	3	-129714459402240
2	4	2	0	374410711623450240
2	4	2	2	-11425201259581440
2	4	2	4	20048165314560
2	4	3	3	-1947871905546240
2	4	4	0	1202376334631322240
2	4	4	2	-42495645423329280
2	4	4	4	788735311626240
2	4	5	3	-17358598363668480
2	4	6	0	1138775630085590400
2	4	6	2	-89054538058506240
2	4	6	4	1928672685342720
2	4	7	3	-9851942710149120
2	4	8	0	1729950827047735680
2	4	8	2	-84738990890004480
2	4	8	4	9639053397688320
2	4	9	3	-41296804319600640
2	4	10	0	-282599753547047040
2	4	10	2	4448635640524800
2	4	10	4	786188476293120
2	4	11	3	7064529393254400
2	4	12	0	14162274784344960
2	4	12	4	-156336507371520
2	4	13	3	-185135337676800
2	5	0	0	-182157578009389440
2	5	0	2	5040009353687040
2	5	1	3	694041652039680
2	5	2	0	-797632556717877120
2	5	2	2	53310977575833600
2	5	2	4	62538956513280
2	5	3	3	7678773832826880
2	5	3	5	22783655116800
2	5	4	0	-2567176423611926400
2	5	4	2	202425933360291840
2	5	4	4	-4425093739560960
2	5	5	3	73526145631211520
2	5	5	5	814595485777920
2	5	6	0	-2550544822251123840
2	5	6	2	439409657677455360
2	5	6	4	-9240832837140480
2	5	7	3	27682750465966080
2	5	7	5	6880373607628800
2	5	8	0	-3736132537749425280
2	5	8	2	432133599460700160
2	5	8	4	-79447418057687040
2	5	9	3	206432791025725440
2	5	9	5	6653727030804480
2	5	10	0	605825390704659840
2	5	10	2	-23250157711257600
2	5	10	4	-8329131091353600
2	5	11	3	-37550148330700800
2	5	11	5	474103192780800
2	5	12	0	-30693703343022720
2	5	12	4	1686788632166400
2	5	13	3	1018244357222400
2	5	13	5	-41141186150400
2	6	0	0	282518524495532160
2	6	0	2	-14591519821762560
2	6	1	3	-2251482249830400
2	6	2	0	1263455731378535040
2	6	2	2	-154050758939750400
2	6	2	4	-375516720783360
2	6	3	3	-20137524648099840
2	6	3	5	-31810045870080
2	6	4	0	4107858439711754880
2	6	4	2	-594044966117744640
2	6	4	4	15382493591224320
2	6	4	6	129213799464960
2	6	5	3	-198129226242908160
2	6	5	5	-1448198776258560
2	6	6	0	4286183476445055360
2	6	6	2	-1324810779174789120
2	6	6	4	24463594140549120
2	6	6	6	1570205007544320
2	6	7	3	-40386016822394880
2	6	7	5	-34564865499463680
2	6	8	0	6108240034970812800
2	6	8	2	-1338794896909455360
2	6	8	4	307012771170385920
2	6	8	6	10365489198858240
2	6	9	3	-631815840177315840
2	6	9	5	-41112452623564800
2	6	10	0	-983628594810576000
2	6	10	2	73553094196531200
2	6	10	4	40151903882158080
2	6	10	6	5148525581107200
2	6	11	3	121102020089856000
2	6	11	5	-4985005692026880
2	6	12	0	50384003600810880
2	6	12	4	-8269378416230400
2	6	12	6	-208448676495360
2	6	13	3	-3394147857408000
2	6	13	5	411411861504000
2	7	0	0	-328476386742491520
2	7	0	2	28560747155927040
2	7	1	3	4789976273971200
2	7	2	0	-1509252463505773440
2	7	2	2	302576876962467840
2	7	2	4	62272905338880
2	7	3	3	37549881070202880
2	7	3	5	-294499300884480
2	7	4	0	-5004627394050449280
2	7	4	2	1186958433521295360
2	7	4	4	-45715607158210560
2	7	4	6	-701446339952640
2	7	5	3	375022447888250880
2	7	5	5	-6159234643476480
2	7	5	7	30566861291520
2	7	6	0	-5497514148406976640
2	7	6	2	2711321387040153600
2	7	6	4	-76210470164643840
2	7	6	6	-4362020262051840
2	7	7	3	31071325760593920
2	7	7	5	59854577560289280
2	7	7	7	2836956882862080
2	7	8	0	-7696238926524992640
2	7	8	2	2805901806781624320
2	7	8	4	-750298995206553600
2	7	8	6	-47757501548789760
2	7	9	3	1319368926731950080
2	7	9	5	95890831823831040
2	7	9	7	11096684897402880
2	7	10	0	1231660192175487360
2	7	10	2	-156861057494937600
2	7	10	4	-116250821208023040
2	7	10	6	-37550540151521280
2	7	11	3	-263972135637504000
2	7	11	5	23594013132963840
2	7	11	7	1737072304128000
2	7	12	0	-63786644952750720
2	7	12	4	24314441014886400
2	7	12	6	1832154156564480
2	7	13	3	7636832679168000
2	7	13	5	-1851353376768000
2	7	13	7	-41141186150400
2	8	0	0	286676281474208640
2	8	0	2	-39058167504199680
2	8	1	3	-6967433614049280
2	8	2	0	1364354458894396800
2	8	2	2	-420020273769062400
2	8	2	4	2807550972149760
2	8	3	3	-50519848007761920
2	8	3	5	1589999214919680
2	8	4	0	4668744259425755520
2	8	4	2	-1687481211746304000
2	8	4	4	106647851605524480
2	8	4	6	2579928874352640
2	8	5	3	-519164343073751040
2	8	5	5	27444987787345920
2	8	5	7	371001106759680
2	8	6	0	5420421593887708800
2	8	6	2	-3956122398208573440
2	8	6	4	233042282588897280
2	8	6	6	2082938830848000
2	8	6	8	39172407459840
2	8	7	3	-15363207299727360
2	8	7	5	-6859592592261120
2	8	7	7	-7716838499942400
2	8	8	0	7532834400106035840
2	8	8	2	-4189854510375690240
2	8	8	4	1311947758762721280
2	8	8	6	71918914765455360
2	8	8	8	4601862977126400
2	8	9	3	-1980749721199656960
2	8	9	5	-72909321704570880
2	8	9	7	-60169282238545920
2	8	10	0	-1199181833767082880
2	8	10	2	237561551188254720
2	8	10	4	224591563692195840
2	8	10	6	121225182434426880
2	8	10	8	4529361613455360
2	8	11	3	409766214057984000
2	8	11	5	-66184283284439040
2	8	11	7	-12214361043763200
2	8	12	0	62793856704458880
2	8	12	4	-47641493562163200
2	8	12	6	-7153080898682880
2	8	12	8	729570367733760
2	8	13	3	-12218932286668800
2	8	13	5	4936942338048000
2	8	13	7	329129489203200
2	9	0	0	-186180017581630080
2	9	0	2	37585869328834560
2	9	1	3	7080151434485760
2	9	2	0	-927944010239921280
2	9	2	2	417311708345671680
2	9	2	4	-8583212381552640
2	9	3	3	49170552546263040
2	9	3	5	-4066809878937600
2	9	4	0	-3325804795478090880
2	9	4	2	1736265980415098880
2	9	4	4	-178415707351449600
2	9	4	6	-6492151733944320
2	9	5	3	533315133403914240
2	9	5	5	-51303151038136320
2	9	5	7	-1910053940428800
2	9	6	0	-4103993133439920000
2	9	6	2	4205926282093608960
2	9	6	4	-489961748668907520
2	9	6	6	5209378740633600
2	9	6	8	415126903357440
2	9	7	3	24338342084935680
2	9	7	5	-144330072576491520
2	9	7	7	2185063783464960
2	9	7	9	244264001863680
2	9	8	0	-5725824371266008960
2	9	8	2	4568920257079664640
2	9	8	4	-1732448818446336000
2	9	8	6	6022895509831680
2	9	8	8	-18127807937740800
2	9	9	3	2191977256257331200
2	9	9	5	-116684762766704640
2	9	9	7	142905934500986880
2	9	9	9	1882984442757120
2	9	10	0	907845758524298880
2	9	10	2	-261966502812672000
2	9	10	4	-303979424985169920
2	9	10	6	-228222567235584000
2	9	10	8	-22016586045358080
2	9	11	3	-464566274010316800
2	9	11	5	121836422914375680
2	9	11	7	37008782563737600
2	9	11	9	1728887602544640
2	9	12	0	-48067497688129920
2	9	12	4	65315747132375040
2	9	12	6	16280938732584960
2	9	12	8	-4953398812508160
2	9	13	3	14255421001113600
2	9	13	5	-8639649091584000
2	9	13	7	-1151953212211200
2	9	13	9	73139886489600
2	10	0	0	88258421754149760
2	10	0	2	-25058433774919680
2	10	1	3	-5054957801717760
2	10	2	0	467476329624877440
2	10	2	2	-294978867800924160
2	10	2	4	13450642803671040
2	10	3	3	-34508124039905280
2	10	3	5	6323891296665600
2	10	4	0	1788690090270499200
2	10	4	2	-1292069600148602880
2	10	4	4	209027690922147840
2	10	4	6	9966489833963520
2	10	5	3	-406530717353164800
2	10	5	5	61303047225016320
2	10	5	7	3287850738647040
2	10	6	0	2363909533251523200
2	10	6	2	-3271103189690204160
2	10	6	4	671059648516423680
2	10	6	6	-10585237794324480
2	10	6	8	-2392283787264000
2	10	7	3	-51285165978746880
2	10	7	5	285015921284874240
2	10	7	7	12316215107911680
2	10	7	9	-1123490573844480
2	10	8	0	3351433342302864000
2	10	8	2	-3664265669962997760
2	10	8	4	1744431221564375040
2	10	8	6	-166224903929856000
2	10	8	8	29064136536391680
2	10	8	10	11454712381440
2	10	9	3	-1801102225934499840
2	10	9	5	364747569068113920
2	10	9	7	-203374393703792640
2	10	9	9	-4461610472570880
2	10	10	0	-530042554418382720
2	10	10	2	211921188516864000
2	10	10	4	294081769845964800
2	10	10	6	277722597556224000
2	10	10	8	43048424785674240
2	10	10	10	938048067993600
2	10	11	3	387655765158297600
2	10	11	5	-153776611344384000
2	10	11	7	-62827162494566400
2	10	11	9	-9021979141079040
2	10	12	0	28377197430341760
2	10	12	4	-63933403277721600
2	10	12	6	-23807033052364800
2	10	12	8	14399415152640000
2	10	12	10	370575424880640
2	10	13	3	-12218932286668800
2	10	13	5	10367578909900800
2	10	13	7	2303906424422400
2	10	13	9	-438839318937600
2	11	0	0	-29580553089936000
2	11	0	2	11106730344775680
2	11	1	3	2509755660011520
2	11	2	0	-169685085273045120
2	11	2	2	144773633094451200
2	11	2	4	-12543817856532480
2	11	3	3	17221247026237440
2	11	3	5	-6219808852377600
2	11	4	0	-710709007617221760
2	11	4	2	684081711901900800
2	11	4	4	-169052582882672640
2	11	4	6	-8134742010101760
2	11	5	3	227132654133934080
2	11	5	5	-52598423599349760
2	11	5	7	-1622238167531520
2	11	6	0	-1016035101035291520
2	11	6	2	1840136678604472320
2	11	6	4	-605708811652792320
2	11	6	6	17469132952043520
2	11	6	8	6004342874603520
2	11	7	3	60427542950830080
2	11	7	5	-298991386309754880
2	11	7	7	-10577382028738560
2	11	7	9	3072081623777280
2	11	8	0	-1482951916310601600
2	11	8	2	2143841872550952960
2	11	8	4	-1313204719954821120
2	11	8	6	262256181750005760
2	11	8	8	-21897994943692800
2	11	8	10	424856314183680
2	11	9	3	1090135918903818240
2	11	9	5	-451112017747968000
2	11	9	7	205080816912629760
2	11	9	9	2150003075973120
2	11	9	11	150768781885440
2	11	10	0	234374312273961600
2	11	10	2	-124810604155699200
2	11	10	4	-203329276261908480
2	11	10	6	-228332277065318400
2	11	10	8	-41703869872373760
2	11	10	10	-2810429162127360
2	11	11	3	-236334074512896000
2	11	11	5	134754755365601280
2	11	11	7	64911649259520000
2	11	11	9	19969278722703360
2	11	11	11	247050283253760
2	11	12	0	-12688134658093440
2	11	12	4	44679328159334400
2	11	12	6	23192658005852160
2	11	12	8	-23231056446259200
2	11	12	10	-1774861245480960
2	11	13	3	7636832679168000
2	11	13	5	-8639649091584000
2	11	13	7	-2879883030528000
2	11	13	9	1097098297344000
2	11	13	11	97519848652800
2	12	0	0	6680608743208320
2	12	0	2	-3044659406745600
2	12	1	3	-841135299747840
2	12	2	0	42449574845554560
2	12	2	2	-47109672985743360
2	12	2	4	6741497313239040
2	12	3	3	-5912034404106240
2	12	3	5	3810588086108160
2	12	4	0	201156932861262720
2	12	4	2	-248697273048883200
2	12	4	4	90889684081459200
2	12	4	6	2003762001346560
2	12	5	3	-90419859475292160
2	12	5	5	32214637146931200
2	12	5	7	-2011192085053440
2	12	6	0	315053676213240960
2	12	6	2	-727208667738316800
2	12	6	4	358507213002915840
2	12	6	6	-25777475772088320
2	12	6	8	-7873537804369920
2	12	7	3	-41861091604561920
2	12	7	5	198441050312540160
2	12	7	7	-9280406740008960
2	12	7	9	-3971379741327360
2	12	8	0	480006331590049920
2	12	8	2	-891783958850334720
2	12	8	4	710228785965465600
2	12	8	6	-220676620660899840
2	12	8	8	4677576304066560
2	12	8	10	-646726869319680
2	12	9	3	-473800903017799680
2	12	9	5	327606089853173760
2	12	9	7	-160187496537784320
2	12	9	9	4545663294504960
2	12	9	11	-318255252111360
2	12	10	0	-75977311040542080
2	12	10	2	52186125303705600
2	12	10	4	98443870986608640
2	12	10	6	128027191877959680
2	12	10	8	18135296068976640
2	12	10	10	4538233210798080
2	12	10	12	-20742317015040
2	12	11	3	102676646006784000
2	12	11	5	-80948091800125440
2	12	11	7	-41324035866624000
2	12	11	9	-24235075530915840
2	12	11	11	-658800755343360
2	12	12	0	4159181070495360
2	12	12	4	-21845969845862400
2	12	12	6	-15052188639559680
2	12	12	8	22463087638118400
2	12	12	10	3393690733117440
2	12	12	12	123525141626880
2	12	13	3	-3394147857408000
2	12	13	5	4936942338048000
2	12	13	7	2303906424422400
2	12	13	9	-1462797729792000
2	12	13	11	-390079394611200
2	13	0	0	-947987082299520
2	13	0	2	465607695052800
2	13	1	3	179846965923840
2	13	2	0	-6812804810056320
2	13	2	2	9435738299535360
2	13	2	4	-1824673281269760
2	13	3	3	1309382948044800
2	13	3	5	-1375639365058560
2	13	4	0	-38141400846971520
2	13	4	2	58180348962201600
2	13	4	4	-30015308183224320
2	13	4	6	1321742234419200
2	13	5	3	24282511245987840
2	13	5	5	-12910336404111360
2	13	5	7	2947518076354560
2	13	6	0	-66466064696734080
2	13	6	2	190748236233646080
2	13	6	4	-133362703061729280
2	13	6	6	22088748798443520
2	13	6	8	4456724805550080
2	13	7	3	17448564777615360
2	13	7	5	-83741338893680640
2	13	7	7	18087145643704320
2	13	7	9	1059406101872640
2	13	8	0	-107253257061697920
2	13	8	2	250172141036728320
2	13	8	4	-259042931760660480
2	13	8	6	114153600266403840
2	13	8	8	2007970447196160
2	13	8	10	-757558951280640
2	13	9	3	140318774275092480
2	13	9	5	-146567369461432320
2	13	9	7	93080257542881280
2	13	9	9	-10189818027048960
2	13	9	11	48295544094720
2	13	10	0	17046253566887040
2	13	10	2	-14703370154127360
2	13	10	4	-31780129624842240
2	13	10	6	-47636008070676480
2	13	10	8	465279968378880
2	13	10	10	-6185235099156480
2	13	10	12	51081825484800
2	13	11	3	-30179998697472000
2	13	11	5	31898655423037440
2	13	11	7	15505655935795200
2	13	11	9	17176031629148160
2	13	11	11	446424196055040
2	13	12	0	-943611674221440
2	13	12	4	7117425204019200
2	13	12	6	6275402260807680
2	13	12	8	-13017071297986560
2	13	12	10	-3237658975272960
2	13	12	12	-344570131906560
2	13	13	3	1018244357222400
2	13	13	5	-1851353376768000
2	13	13	7	-1151953212211200
2	13	13	9	1097098297344000
2	13	13	11	585119091916800
2	14	0	0	75413074584960
2	14	0	2	-35703664496640
2	14	1	3	-22241071964160
2	14	2	0	617440795009920
2	14	2	2	-1033278667223040
2	14	2	4	235069112033280
2	14	3	3	-166968879759360
2	14	3	5	262129741332480
2	14	4	0	4322331586823040
2	14	4	2	-7746783768944640
2	14	4	4	5249987824435200
2	14	4	6	-603720100085760
2	14	5	3	-3944017587363840
2	14	5	5	2920922633502720
2	14	5	7	-1205363388579840
2	14	6	0	8526689393846400
2	14	6	2	-29649233860485120
2	14	6	4	27919627919769600
2	14	6	6	-8867940348395520
2	14	6	8	-116233727016960
2	14	7	3	-4094005146255360
2	14	7	5	20486482205736960
2	14	7	7	-9392786756075520
2	14	7	9	1656392688599040
2	14	8	0	14785520899121280
2	14	8	2	-42461589663682560
2	14	8	4	56842491282554880
2	14	8	6	-34976712717434880
2	14	8	8	776434072780800
2	14	8	10	1704791428300800
2	14	9	3	-25421138922332160
2	14	9	5	37848672260259840
2	14	9	7	-34073435119288320
2	14	9	9	9152779573002240
2	14	9	11	260052929740800
2	14	10	0	-2366839582611840
2	14	10	2	2506183922995200
2	14	10	4	6155178572390400
2	14	10	6	10733278342348800
2	14	10	8	-3369107604602880
2	14	10	10	5307246874460160
2	14	10	12	-41175047208960
2	14	11	3	5389495385702400
2	14	11	5	-7445640444641280
2	14	11	7	-2998735346073600
2	14	11	9	-6787381466234880
2	14	11	11	95352740904960
2	14	12	0	132487476024960
2	14	12	4	-1390572091883520
2	14	12	6	-1524966633308160
2	14	12	8	4185430004367360
2	14	12	10	1540813608714240
2	14	12	12	318564838932480
2	14	13	3	-185135337676800
2	14	13	5	411411861504000
2	14	13	7	329129489203200
2	14	13	9	-438839318937600
2	14	13	11	-390079394611200
2	15	0	0	-2337206659200
2	15	0	2	550242201600
2	15	1	3	1290952857600
2	15	2	0	-23082395817600
2	15	2	2	44823576268800
2	15	2	4	-9057833164800
2	15	3	3	9777380659200
2	15	3	5	-20824551014400
2	15	4	0	-221455291075200
2	15	4	2	439601192755200
2	15	4	4	-362144021299200
2	15	4	6	60949905408000
2	15	5	3	293892825139200
2	15	5	5	-278845817241600
2	15	5	7	155252953497600
2	15	6	0	-501943898736000
2	15	6	2	2050202443161600
2	15	6	4	-2436472468684800
2	15	6	6	1172269847347200
2	15	6	8	-143232277708800
2	15	7	3	418268725862400
2	15	7	5	-2191149099417600
2	15	7	7	1542032606822400
2	15	7	9	-503852551372800
2	15	8	0	-947468660423040
2	15	8	2	3294723324211200
2	15	8	4	-5659198717132800
2	15	8	6	4918657366425600
2	15	8	8	-1102177456128000
2	15	8	10	-17336861982720
2	15	9	3	2130770599372800
2	15	9	5	-4360965731942400
2	15	9	7	5640913745510400
2	15	9	9	-3080001886617600
2	15	9	11	639296785612800
2	15	10	0	153315201513600
2	15	10	2	-195420634214400
2	15	10	4	-541692284313600
2	15	10	6	-1115383268966400
2	15	10	8	911201085849600
2	15	10	10	-1787863891968000
2	15	10	12	487599243264000
2	15	11	3	-442267751116800
2	15	11	5	781682536857600
2	15	11	7	201134687846400
2	15	11	9	1170238183833600
2	15	11	11	-130026464870400
2	15	11	13	130026464870400
2	15	12	0	-8678218953600
2	15	12	4	123423558451200
2	15	12	6	164564744601600
2	15	12	8	-575976606105600
2	15	12	10	-292559545958400
2	15	12	12	-97519848652800
2	15	13	3	15427944806400
2	15	13	5	-41141186150400
2	15	13	7	-41141186150400
2	15	13	9	73139886489600
2	15	13	11	97519848652800
2	15	13	15	8668430991360
3	0	0	0	-330552900777600
3	0	2	0	-1076530765368960
3	0	4	0	-4723292852380800
3	0	6	0	-1276010418395520
3	0	8	0	-7127131952626560
3	0	10	0	1220047385270400
3	0	12	0	-52647861651840
3	1	0	0	4852336590725760
3	1	2	0	16562771163216000
3	1	4	0	68863136724892800
3	1	6	0	24737763617112960
3	1	8	0	103219204582442880
3	1	10	0	-17617858921964160
3	1	12	0	774675678591360
3	2	0	0	-33266386605893760
3	2	2	0	-118446641206162560
3	2	4	0	-468980971233367680
3	2	6	0	-209760109964807040
3	2	8	0	-698054746753376640
3	2	10	0	118679933771556480
3	2	12	0	-5317434026835840
3	3	0	0	140146274138509440
3	3	0	2	-472927730319360
3	3	1	3	-55099802880000
3	3	2	0	518576916025687680
3	3	2	2	-5286054689095680
3	3	3	3	-837157834690560
3	3	4	0	1972809336563856000
3	3	4	2	-17079469564723200
3	3	5	3	-10158885345392640
3	3	6	0	1052645414069001600
3	3	6	2	-35567143158251520
3	3	7	3	-820276887674880
3	3	8	0	2923889795187880320
3	3	8	2	-33365501967974400
3	3	9	3	-19878392618219520
3	3	10	0	-494727823457124480
3	3	10	2	1696192331857920
3	3	11	3	3095678347407360
3	3	12	0	22585932648639360
3	3	13	3	-66854427494400
3	4	0	0	-403409565097096320
3	4	0	2	4462871797002240
3	4	1	3	621536660398080
3	4	2	0	-1547481671557338240
3	4	2	2	51561367005450240
3	4	2	4	-18219668152320
3	4	3	3	5584491547361280
3	4	4	0	-5716760537362320000
3	4	4	2	173936380289310720
3	4	4	4	-3439011341352960
3	4	5	3	90056728646000640
3	4	6	0	-3534749486521176960
3	4	6	2	379640090723328000
3	4	6	4	-3322509950730240
3	4	7	3	-12678276895211520
3	4	8	0	-8481755607654798720
3	4	8	2	369318714018508800
3	4	8	4	-40978972330721280
3	4	9	3	214141114678763520
3	4	10	0	1427235014004946560
3	4	10	2	-19324113090048000
3	4	10	4	-4497254073999360
3	4	11	3	-35502884543692800
3	4	12	0	-66388953542970240
3	4	12	4	748769587937280
3	4	13	3	802253129932800
3	5	0	0	836295267343685760
3	5	0	2	-20725772259962880
3	5	1	3	-3404941069824000
3	5	2	0	3322972329569285760
3	5	2	2	-239210322316922880
3	5	2	4	-740519582883840
3	5	3	3	-20442772416430080
3	5	3	5	-127791635005440
3	5	4	0	12057789259213015680
3	5	4	2	-833292718206935040
3	5	4	4	20492098304163840
3	5	5	3	-383471456196833280
3	5	5	5	-2659200837304320
3	5	6	0	8468125924503991680
3	5	6	2	-1876727627798814720
3	5	6	4	2164287605391360
3	5	7	3	132556379348828160
3	5	7	5	-28040787624591360
3	5	8	0	18046554217197644160
3	5	8	2	-1878660708468387840
3	5	8	4	335798018353889280
3	5	9	3	-1064134117851402240
3	5	9	5	-27347264772341760
3	5	10	0	-3018335381630236800
3	5	10	2	100797375396556800
3	5	10	4	46673892045987840
3	5	11	3	186683029917696000
3	5	11	5	-2502690187345920
3	5	12	0	143044240108049280
3	5	12	4	-8022531299328000
3	5	13	3	-4412392214630400
3	5	13	5	178278473318400
3	6	0	0	-1283445660207335040
3	6	0	2	60103713926615040
3	6	1	3	11095057147944960
3	6	2	0	-5288482944551168640
3	6	2	2	687035928421232640
3	6	2	4	3309732238417920
3	6	3	3	54069014209904640
3	6	3	5	348807601520640
3	6	4	0	-19077938486306962560
3	6	4	2	2463313087368437760
3	6	4	4	-74988888941445120
3	6	4	6	-535236915363840
3	6	5	3	1033432921275310080
3	6	5	5	1521280615219200
3	6	6	0	-15012498158773073280
3	6	6	2	5670152873578782720
3	6	6	4	19583857642291200
3	6	6	6	-5460859985264640
3	6	7	3	-511015935707873280
3	6	7	5	136938068048609280
3	6	8	0	-29089146914786597760
3	6	8	2	5807144348982005760
3	6	8	4	-1291666851880796160
3	6	8	6	-37725379308748800
3	6	9	3	3227925906646179840
3	6	9	5	167357817552568320
3	6	10	0	4834012958428705920
3	6	10	2	-318309847021670400
3	6	10	4	-220195921817640960
3	6	10	6	-24839872735150080
3	6	11	3	-595220885703475200
3	6	11	5	25393646161428480
3	6	12	0	-233387970702606720
3	6	12	4	39042985656729600
3	6	12	6	998359450583040
3	6	13	3	14707974048768000
3	6	13	5	-1782784733184000
3	7	0	0	1476440762702935680
3	7	0	2	-117781131841966080
3	7	1	3	-23395801178511360
3	7	2	0	6330958542086106240
3	7	2	2	-1340272547550720000
3	7	2	4	-4528551366696960
3	7	3	3	-105923845335306240
3	7	3	5	429159893483520
3	7	4	0	23002387049893138560
3	7	4	2	-4958638784715202560
3	7	4	4	221001295002255360
3	7	4	6	3177457238016000
3	7	5	3	-1944618252662753280
3	7	5	5	33831797768110080
3	7	5	7	-125619689963520
3	7	6	0	20105851299134209920
3	7	6	2	-11630035410775695360
3	7	6	4	88971319669800960
3	7	6	6	15287648766197760
3	7	7	3	1097568765310279680
3	7	7	5	-219768031713853440
3	7	7	7	-9069984447528960
3	7	8	0	36163890929898103680
3	7	8	2	-12147276454188503040
3	7	8	4	3150335088010690560
3	7	8	6	158824482510274560
3	7	9	3	-6660876547222087680
3	7	9	5	-381466737620582400
3	7	9	7	-44794958837022720
3	7	10	0	-5970178497587103360
3	7	10	2	677770185938227200
3	7	10	4	623325082997514240
3	7	10	6	182935916804505600
3	7	11	3	1281866792777625600
3	7	11	5	-116439613540024320
3	7	11	7	-8731683448750080
3	7	12	0	293617124432311680
3	7	12	4	-113919944450457600
3	7	12	6	-8699989497937920
3	7	13	3	-33092941609728000
3	7	13	5	8022531299328000
3	7	13	7	178278473318400
3	8	0	0	-1274905563308161920
3	8	0	2	161068365371105280
3	8	1	3	33478962313052160
3	8	2	0	-5724580406371447680
3	8	2	2	1846564680562974720
3	8	2	4	-4321933606010880
3	8	3	3	150526375404503040
3	8	3	5	-4907841176862720
3	8	4	0	-21254574915988202880
3	8	4	2	7096298065748213760
3	8	4	4	-496799515390279680
3	8	4	6	-12043830303129600
3	8	5	3	2661922555330314240
3	8	5	5	-113879848119828480
3	8	5	7	-1534815364055040
3	8	6	0	-20540354000330540160
3	8	6	2	17007336614206586880
3	8	6	4	-712791816559165440
3	8	6	6	-11097216999751680
3	8	6	8	114111767347200
3	8	7	3	-1467131790494269440
3	8	7	5	-40155190823485440
3	8	7	7	16822406082723840
3	8	8	0	-34952982416299981440
3	8	8	2	18110602018890178560
3	8	8	4	-5517016345080299520
3	8	8	6	-172552084586496000
3	8	8	8	-18415781728911360
3	8	9	3	9854892990320394240
3	8	9	5	254832599366369280
3	8	9	7	243174101459927040
3	8	10	0	5732809373277106560
3	8	10	2	-1025119049428131840
3	8	10	4	-1176320679643791360
3	8	10	6	-595707657769451520
3	8	10	8	-18535185495982080
3	8	11	3	-1964771398747422720
3	8	11	5	317668468990279680
3	8	11	7	61422876673966080
3	8	12	0	-287164000818414720
3	8	12	4	221421863861452800
3	8	12	6	33658975762513920
3	8	12	8	-3494258077040640
3	8	13	3	52948706575564800
3	8	13	5	-21393416798208000
3	8	13	7	-1426227786547200
3	9	0	0	819364925735579520
3	9	0	2	-154773875147857920
3	9	1	3	-33360933143715840
3	9	2	0	3889546015316791680
3	9	2	2	-1820324730453073920
3	9	2	4	26911284294205440
3	9	3	3	-153913980821667840
3	9	3	5	15002499954769920
3	9	4	0	15009236125277592960
3	9	4	2	-7340523930385367040
3	9	4	4	804415371362795520
3	9	4	6	30137890052505600
3	9	5	3	-2692688188291522560
3	9	5	5	194172496246702080
3	9	5	7	8050669838991360
3	9	6	0	16019219692170322560
3	9	6	2	-18120322810464583680
3	9	6	4	1878320430225653760
3	9	6	6	-3910081550745600
3	9	6	8	-2900664045895680
3	9	7	3	1240716475025326080
3	9	7	5	707403873944862720
3	9	7	7	26664016332718080
3	9	7	9	-1127824789340160
3	9	8	0	26256775581051776640
3	9	8	2	-19727372009222922240
3	9	8	4	7319078836774502400
3	9	8	6	-253297126130319360
3	9	8	8	71968110046248960
3	9	9	3	-10722879221862850560
3	9	9	5	574420990377000960
3	9	9	7	-580808134131056640
3	9	9	9	-6584215114874880
3	9	10	0	-4280066814675611520
3	9	10	2	1129304989235404800
3	9	10	4	1553813918788239360
3	9	10	6	1128457894389350400
3	9	10	8	90932876280299520
3	9	11	3	2198173576015872000
3	9	11	5	-570871442028625920
3	9	11	7	-186043491267379200
3	9	11	9	-8192131667066880
3	9	12	0	218330682270180480
3	9	12	4	-301005374350786560
3	9	12	6	-75875318244311040
3	9	12	8	23461447088701440
3	9	13	3	-61773491004825600
3	9	13	5	37438479396864000
3	9	13	7	4991797252915200
3	9	13	9	-316939508121600
3	10	0	0	-384607781888065920
3	10	0	2	102871010901565440
3	10	1	3	23354509028474880
3	10	2	0	-1956303210832352640
3	10	2	2	1277061626795581440
3	10	2	4	-48857816646696960
3	10	3	3	113056453596119040
3	10	3	5	-25606390355066880
3	10	4	0	-8008729964305476480
3	10	4	2	5484925624895815680
3	10	4	4	-922551341702676480
3	10	4	6	-45948566403809280
3	10	5	3	2015066027180113920
3	10	5	5	-229150070002483200
3	10	5	7	-14212627879034880
3	10	6	0	-9461308987372268160
3	10	6	2	14121406569420472320
3	10	6	4	-2770994660399677440
3	10	6	6	17429234950471680
3	10	6	8	11960838461030400
3	10	7	3	-607558583234396160
3	10	7	5	-1307514552880988160
3	10	7	7	-96372597290434560
3	10	7	9	5280931994664960
3	10	8	0	-15200304590001421440
3	10	8	2	15811613337585623040
3	10	8	4	-7414686773965946880
3	10	8	6	950417183749570560
3	10	8	8	-114412927602032640
3	10	8	10	117333405204480
3	10	9	3	8647234612061552640
3	10	9	5	-1631447511196631040
3	10	9	7	837562222801059840
3	10	9	9	13816395446353920
3	10	10	0	2464219530484272000
3	10	10	2	-913002264393523200
3	10	10	4	-1465757152449085440
3	10	10	6	-1375473929601024000
3	10	10	8	-179966988864552960
3	10	10	10	-3867977743073280
3	10	11	3	-1809119010528460800
3	10	11	5	705887672488427520
3	10	11	7	315354810580992000
3	10	11	9	42657039321661440
3	10	12	0	-127986951675623040
3	10	12	4	292020139295539200
3	10	12	6	109819539564134400
3	10	12	8	-67389262914355200
3	10	12	10	-1774861245480960
3	10	13	3	52948706575564800
3	10	13	5	-44926175276236800
3	10	13	7	-9983594505830400
3	10	13	9	1901637048729600
3	11	0	0	127802945770531200
3	11	0	2	-45388008672583680
3	11	1	3	-11395660509296640
3	11	2	0	709056233249788800
3	11	2	2	-622752545707499520
3	11	2	4	48495609740574720
3	11	3	3	-59070499353538560
3	11	3	5	26540384770621440
3	11	4	0	3159686393571749760
3	11	4	2	-2913169703951646720
3	11	4	4	737043996761948160
3	11	4	6	37680972949094400
3	11	5	3	-1102700651204413440
3	11	5	5	205119215353036800
3	11	5	7	7007313878876160
3	11	6	0	4154954539099144320
3	11	6	2	-7958447741604741120
3	11	6	4	2573377536713195520
3	11	6	6	-55752213569863680
3	11	6	8	-26943563557601280
3	11	7	3	87881557128929280
3	11	7	5	1347393727704268800
3	11	7	7	75416471877058560
3	11	7	9	-13866858098196480
3	11	8	0	6657191528525642880
3	11	8	2	-9249896762877173760
3	11	8	4	5614867587075932160
3	11	8	6	-1285205610456023040
3	11	8	8	84634467848847360
3	11	8	10	-2297443799531520
3	11	9	3	-5130144074630154240
3	11	9	5	1980293946514145280
3	11	9	7	-862269979360296960
3	11	9	9	-1969978339491840
3	11	9	11	-661587036733440
3	11	10	0	-1074453842582501760
3	11	10	2	537624204644966400
3	11	10	4	987307621913640960
3	11	10	6	1124579042409185280
3	11	10	8	177294364536176640
3	11	10	10	11994012623831040
3	11	11	3	1087301307503923200
3	11	11	5	-608024675868180480
3	11	11	7	-324704526070579200
3	11	11	9	-93777872745922560
3	11	11	11	-1070551227432960
3	11	12	0	56807042722335360
3	11	12	4	-202167788743065600
3	11	12	6	-105826101761802240
3	11	12	8	107323640937676800
3	11	12	10	8367203014410240
3	11	13	3	-33092941609728000
3	11	13	5	37438479396864000
3	11	13	7	12479493132288000
3	11	13	9	-4754092621824000
3	11	13	11	-422586010828800
3	12	0	0	-28680309306587520
3	12	0	2	12391372549140480
3	12	1	3	3769334835978240
3	12	2	0	-177323009744603520
3	12	2	2	201698441819688960
3	12	2	4	-26922052917043200
3	12	3	3	21303472152084480
3	12	3	5	-16676861578444800
3	12	4	0	-888690553539857280
3	12	4	2	1062048219805900800
3	12	4	4	-393702706857000960
3	12	4	6	-9983272019558400
3	12	5	3	429042717290373120
3	12	5	5	-132735078666731520
3	12	5	7	9356320008437760
3	12	6	0	-1312566055078538880
3	12	6	2	3150013468420546560
3	12	6	4	-1541196882036080640
3	12	6	6	105137154989752320
3	12	6	8	34177775552593920
3	12	7	3	86441593845841920
3	12	7	5	-887968607238881280
3	12	7	7	29499831614177280
3	12	7	9	17289185612267520
3	12	8	0	-2134272096951719040
3	12	8	2	3849286955129303040
3	12	8	4	-3051588404833320960
3	12	8	6	1016676928821657600
3	12	8	8	-15674177586954240
3	12	8	10	3378314587668480
3	12	9	3	2183927036286689280
3	12	9	5	-1428509054435328000
3	12	9	7	687044515827548160
3	12	9	9	-24216190734827520
3	12	9	11	1361769230499840
3	12	10	0	343443325178666880
3	12	10	2	-224879192826163200
3	12	10	4	-465280889883402240
3	12	10	6	-620828770782412800
3	12	10	8	-79433602745794560
3	12	10	10	-20187847018414080
3	12	10	12	120222882201600
3	12	11	3	-465510562187673600
3	12	11	5	360129307664056320
3	12	11	7	205313413361172480
3	12	11	9	112383731108413440
3	12	11	11	2929929675079680
3	12	12	0	-18479399439795840
3	12	12	4	97874881851801600
3	12	12	6	67888442639646720
3	12	12	8	-102331843684761600
3	12	12	10	-15720199602831360
3	12	12	12	-591620415160320
3	12	13	3	14707974048768000
3	12	13	5	-21393416798208000
3	12	13	7	-9983594505830400
3	12	13	9	6338790162432000
3	12	13	11	1690344043315200
3	13	0	0	4054964214936960
3	13	0	2	-1895710154158080
3	13	1	3	-799900189470720
3	13	2	0	28531083470348160
3	13	2	2	-40298182445813760
3	13	2	4	7423752495144960
3	13	3	3	-4988401472471040
3	13	3	5	6063228867870720
3	13	4	0	167545149739793280
3	13	4	2	-249251888164331520
3	13	4	4	129631591717355520
3	13	4	6	-5306808293130240
3	13	5	3	-112327559240232960
3	13	5	5	55277708881674240
3	13	5	7	-13355814102958080
3	13	6	0	281387778282898560
3	13	6	2	-827188628715970560
3	13	6	4	576223003354152960
3	13	6	6	-95007396806000640
3	13	6	8	-19057748700856320
3	13	7	3	-60953127045857280
3	13	7	5	372459763765739520
3	13	7	7	-77205458021253120
3	13	7	9	-4193663078891520
3	13	8	0	472616590915797120
3	13	8	2	-1080806028459356160
3	13	8	4	1117144982446571520
3	13	8	6	-508890148126064640
3	13	8	8	-9473095512391680
3	13	8	10	2880292588093440
3	13	9	3	-633368658740613120
3	13	9	5	637253290077880320
3	13	9	7	-403411170587443200
3	13	9	9	45344485119098880
3	13	9	11	-177083661680640
3	13	10	0	-75977311040542080
3	13	10	2	63425113718353920
3	13	10	4	146068646860431360
3	13	10	6	224773499159838720
3	13	10	8	-549739123015680
3	13	10	10	27612977336156160
3	13	10	12	-269650121195520
3	13	11	3	134798900511375360
3	13	11	5	-140323835294023680
3	13	11	7	-76002094047559680
3	13	11	9	-78172375060316160
3	13	11	11	-2084757653422080
3	13	12	0	4159181070495360
3	13	12	4	-31555289777356800
3	13	12	6	-27954064616325120
3	13	12	8	58404027859107840
3	13	12	10	14705993176842240
3	13	12	12	1605826841149440
3	13	13	3	-4412392214630400
3	13	13	5	8022531299328000
3	13	13	7	4991797252915200
3	13	13	9	-4754092621824000
3	13	13	11	-2535516064972800
3	14	0	0	-321785078509440
3	14	0	2	144126774005760
3	14	1	3	98530036899840
3	14	2	0	-2609499567991680
3	14	2	2	4416574055362560
3	14	2	4	-967619252920320
3	14	3	3	679218973655040
3	14	3	5	-1152133804523520
3	14	4	0	-18877368990130560
3	14	4	2	33340055382466560
3	14	4	4	-22672179674726400
3	14	4	6	2562514615664640
3	14	5	3	17717578794639360
3	14	5	5	-12706633113108480
3	14	5	7	5337496086773760
3	14	6	0	-36584692645737600
3	14	6	2	128623956755374080
3	14	6	4	-120892613629132800
3	14	6	6	38453566210375680
3	14	6	8	415836373155840
3	14	7	3	16805717418147840
3	14	7	5	-90243242612490240
3	14	7	7	40927455148769280
3	14	7	9	-7362387388661760
3	14	8	0	-64600040487265920
3	14	8	2	183689224983613440
3	14	8	4	-245810359011409920
3	14	8	6	153065935447326720
3	14	8	8	-3402697774694400
3	14	8	10	-7230916185292800
3	14	9	3	112392692195696640
3	14	9	5	-164285594034831360
3	14	9	7	147947362391162880
3	14	9	9	-39737171218268160
3	14	9	11	-1126896028876800
3	14	10	0	10401713237784960
3	14	10	2	-10830417254092800
3	14	10	4	-27484597969920000
3	14	10	6	-48729449373696000
3	14	10	8	14206813451550720
3	14	10	10	-23298575397027840
3	14	10	12	197206805053440
3	14	11	3	-23711036951347200
3	14	11	5	32470452607057920
3	14	11	7	14262277865472000
3	14	11	9	30172641173176320
3	14	11	11	-338068808663040
3	14	12	0	-579126478170240
3	14	12	4	6097123787489280
3	14	12	6	6703270596771840
3	14	12	8	-18469649835786240
3	14	12	10	-6845893375426560
3	14	12	12	-1436792436817920
3	14	13	3	802253129932800
3	14	13	5	-1782784733184000
3	14	13	7	-1426227786547200
3	14	13	9	1901637048729600
3	14	13	11	1690344043315200
3	15	0	0	10127895523200
3	15	0	2	-2384382873600
3	15	1	3	-5594129049600
3	15	2	0	100023715209600
3	15	2	2	-194235497164800
3	15	2	4	39250610380800
3	15	3	3	-42368649523200
3	15	3	5	90239721062400
3	15	4	0	959639594659200
3	15	4	2	-1904938501939200
3	15	4	4	1569290758963200
3	15	4	6	-264116256768000
3	15	5	3	-1273535575603200
3	15	5	5	1208331874713600
3	15	5	7	-672762798489600
3	15	6	0	2175090227856000
3	15	6	2	-8884210587033600
3	15	6	4	10558047364300800
3	15	6	6	-5079836005171200
3	15	6	8	620673203404800
3	15	7	3	-1812497812070400
3	15	7	5	9494979430809600
3	15	7	7	-6682141296230400
3	15	7	9	2183361055948800
3	15	8	0	4105697528499840
3	15	8	2	-14277134404915200
3	15	8	4	24523194440908800
3	15	8	6	-21314181921177600
3	15	8	8	4776102309888000
3	15	8	10	75126401925120
3	15	9	3	-9233339263948800
3	15	9	5	18897518171750400
3	15	9	7	-24443959563878400
3	15	9	9	13346674842009600
3	15	9	11	-2770286070988800
3	15	10	0	-664365873225600
3	15	10	2	846822748262400
3	15	10	4	2347333232025600
3	15	10	6	4833327498854400
3	15	10	8	-3948538038681600
3	15	10	10	7747410198528000
3	15	10	12	-2112930054144000
3	15	11	3	1916493588172800
3	15	11	5	-3387290993049600
3	15	11	7	-871583647334400
3	15	11	9	-5071032129945600
3	15	11	11	563448014438400
3	15	11	13	-563448014438400
3	15	12	0	37605615465600
3	15	12	4	-534835419955200
3	15	12	6	-713113893273600
3	15	12	8	2495898626457600
3	15	12	10	1267758032486400
3	15	12	12	422586010828800
3	15	13	3	-66854427494400
3	15	13	5	178278473318400
3	15	13	7	178278473318400
3	15	13	9	-316939508121600
3	15	13	11	-422586010828800
3	15	13	15	-37563200962560
4	0	0	0	1150805299651200
4	0	2	0	1874633043484800
4	0	4	0	18065085655340160
4	0	6	0	-6320011673439360
4	0	8	0	26953143024908160
4	0	10	0	-4501020247562880
4	0	12	0	172985831141760
4	1	0	0	-16625493105494400
4	1	2	0	-33539332662760320
4	1	4	0	-255395456437311360
4	1	6	0	54208003387086720
4	1	8	0	-382010156705508480
4	1	10	0	64151791346436480
4	1	12	0	-2534618482381440
4	2	0	0	112241485071826560
4	2	2	0	267073290293097600
4	2	4	0	1690156102535913600
4	2	6	0	-122613435232755840
4	2	8	0	2529366011022199680
4	2	10	0	-426466110263967360
4	2	12	0	17321146483455360
4	3	0	0	-465935399014112640
4	3	0	2	1304763332198400
4	3	1	3	163275001067520
4	3	2	0	-1261599372082638720
4	3	2	2	16360086538321920
4	3	3	3	566017826918400
4	3	4	0	-6926179723695930240
4	3	4	2	43374564827136000
4	3	5	3	39080127005337600
4	3	6	0	-459425134863895680
4	3	6	2	102617872883712000
4	3	7	3	-24368316377702400
4	3	8	0	-10378692139137575040
4	3	8	2	100777098669096960
4	3	9	3	73558726620825600
4	3	10	0	1754118065878128000
4	3	10	2	-5042733959577600
4	3	11	3	-10827870418759680
4	3	12	0	-73233175557709440
4	3	13	3	200563282483200
4	4	0	0	1322170458182904960
4	4	0	2	-12362110144819200
4	4	1	3	-2000223520727040
4	4	2	0	3971698016268769920
4	4	2	2	-159340826164285440
4	4	2	4	-242079963586560
4	4	3	3	1499933636444160
4	4	4	0	19603537433792138880
4	4	4	2	-450961797998960640
4	4	4	4	11180345898516480
4	4	5	3	-350313303630274560
4	4	6	0	3975352133839344000
4	4	6	2	-1100861540414300160
4	4	6	4	-10398793968599040
4	4	7	3	299499737544622080
4	4	8	0	29514745542937322880
4	4	8	2	-1112411732515614720
4	4	8	4	117926312339865600
4	4	9	3	-786142829167534080
4	4	10	0	-4992419602127629440
4	4	10	2	57424769673523200
4	4	10	4	17585506154373120
4	4	11	3	122986678236364800
4	4	12	0	214224149061336960
4	4	12	4	-2460242931793920
4	4	13	3	-2406759389798400
4	5	0	0	-2702825624281345920
4	5	0	2	57885108345999360
4	5	1	3	11431158387240960
4	5	2	0	-8853795204359080320
4	5	2	2	738316842418483200
4	5	2	4	4202561281351680
4	5	3	3	-13512964081950720
4	5	3	5	536736476528640
4	5	4	0	-40488543732646604160
4	5	4	2	2215618940923453440
4	5	4	4	-72968660791050240
4	5	5	3	1494079321842339840
4	5	5	5	3281673514106880
4	5	6	0	-13621689592820726400
4	5	6	2	5471239461499330560
4	5	6	4	142068613407621120
4	5	7	3	-1548004783303802880
4	5	7	5	76621345086504960
4	5	8	0	-61615157585703603840
4	5	8	2	5644361344258068480
4	5	8	4	-961016575466373120
4	5	9	3	3865737878794506240
4	5	9	5	77407860080148480
4	5	10	0	10414751476590552960
4	5	10	2	-299437797203251200
4	5	10	4	-178895917628006400
4	5	11	3	-640083390096384000
4	5	11	5	9002213957468160
4	5	12	0	-459247297189000320
4	5	12	4	26206935577804800
4	5	13	3	13237176643891200
4	5	13	5	-534835419955200
4	6	0	0	4090883720389845120
4	6	0	2	-169042556381368320
4	6	1	3	-37558669224222720
4	6	2	0	14458801070210463360
4	6	2	2	-2114733638032404480
4	6	2	4	-17178360786247680
4	6	3	3	19545681717411840
4	6	3	5	-2319811447357440
4	6	4	0	62878679972538122880
4	6	4	2	-6717593323882782720
4	6	4	4	274939233054474240
4	6	4	6	1412722061475840
4	6	5	3	-3990094939466588160
4	6	5	5	16962155508695040
4	6	6	0	29423150112161473920
4	6	6	2	-16619148865213194240
4	6	6	4	-539052065018265600
4	6	6	6	14358656112721920
4	6	7	3	4545947737071452160
4	6	7	5	-361356316331212800
4	6	8	0	97539996609639653760
4	6	8	2	-17408803682349895680
4	6	8	4	3685523843274670080
4	6	8	6	83735592188313600
4	6	9	3	-11574089579672985600
4	6	9	5	-470051765497036800
4	6	10	0	-16451422239851026560
4	6	10	2	945417111095808000
4	6	10	4	826643388276449280
4	6	10	6	84612922541015040
4	6	11	3	2018698090090905600
4	6	11	5	-88752117688565760
4	6	12	0	745335777405098880
4	6	12	4	-126755994529382400
4	6	12	6	-3280323909058560
4	6	13	3	-44123922146304000
4	6	13	5	5348354199552000
4	7	0	0	-4641829031678716800
4	7	0	2	332620998487879680
4	7	1	3	78456894821959680
4	7	2	0	-17611802528155032960
4	7	2	2	4105303644271104000
4	7	2	4	31890536024924160
4	7	3	3	23257157275791360
4	7	3	5	3712076592168960
4	7	4	0	-74574214379465927040
4	7	4	2	13829618409818480640
4	7	4	4	-770862230757457920
4	7	4	6	-9236303517450240
4	7	5	3	7372533291516057600
4	7	5	5	-125814173372006400
4	7	5	7	548215375380480
4	7	6	0	-44663675426719217280
4	7	6	2	34262219984926187520
4	7	6	4	640541668081582080
4	7	6	6	-49859092985610240
4	7	7	3	-8505048604782551040
4	7	7	5	519114784995901440
4	7	7	7	14631982577418240
4	7	8	0	-119219314805866373760
4	7	8	2	36349217809795215360
4	7	8	4	-8999679225044828160
4	7	8	6	-286961732503142400
4	7	9	3	23516612733805148160
4	7	9	5	1049292935607582720
4	7	9	7	123590822405898240
4	7	10	0	20037895242914229120
4	7	10	2	-2012986811856384000
4	7	10	4	-2290196809824215040
4	7	10	6	-626862637275217920
4	7	11	3	-4297536308195020800
4	7	11	5	396099112018821120
4	7	11	7	30315263951831040
4	7	12	0	-932476362208110720
4	7	12	4	367431933509222400
4	7	12	6	28381932952289280
4	7	13	3	99278824829184000
4	7	13	5	-24067593897984000
4	7	13	7	-534835419955200
4	8	0	0	3954397574348760960
4	8	0	2	-455471200937041920
4	8	1	3	-110366210230272000
4	8	2	0	16105902051067171200
4	8	2	2	-5617556399408947200
4	8	2	4	-19239626120970240
4	8	3	3	-116104413246750720
4	8	3	5	3669377797324800
4	8	4	0	67914146874213682560
4	8	4	2	-20156174598397870080
4	8	4	4	1623104252787916800
4	8	4	6	37074363372011520
4	8	5	3	-9847785012351713280
4	8	5	5	303632228202577920
4	8	5	7	3093662405099520
4	8	6	0	49709315513159383680
4	8	6	2	-50338141368315494400
4	8	6	4	1026963502404894720
4	8	6	6	81366691880632320
4	8	6	8	-1621683491143680
4	8	7	3	10642518534776094720
4	8	7	5	349588108595036160
4	8	7	7	11640387077406720
4	8	8	0	113415003345905239680
4	8	8	2	-54119761640505630720
4	8	8	4	15854779780253614080
4	8	8	6	-9992301635174400
4	8	8	8	50581310666342400
4	8	9	3	-34185600315962081280
4	8	9	5	-605985204961935360
4	8	9	7	-672963578442547200
4	8	10	0	-18974215367837769600
4	8	10	2	3045085463514931200
4	8	10	4	4226705585059184640
4	8	10	6	2050148633102254080
4	8	10	8	52980705275904000
4	8	11	3	6507235587510927360
4	8	11	5	-1053982334258380800
4	8	11	7	-212793185752842240
4	8	12	0	906663867752522880
4	8	12	4	-709191766860595200
4	8	12	6	-108963802892206080
4	8	12	8	11481133681704960
4	8	13	3	-158846119726694400
4	8	13	5	64180250394624000
4	8	13	7	4278683359641600
4	9	0	0	-2508502656821927040
4	9	0	2	437251914930954240
4	9	1	3	107913599742320640
4	9	2	0	-11021608665410325120
4	9	2	2	5493475176966512640
4	9	2	4	-41388918492119040
4	9	3	3	188990781990912000
4	9	3	5	-31086193183948800
4	9	4	0	-47351209567658440320
4	9	4	2	21142453806752808960
4	9	4	4	-2510824358555320320
4	9	4	6	-95372786651627520
4	9	5	3	9687557716976885760
4	9	5	5	-450078916851302400
4	9	5	7	-21238023563182080
4	9	6	0	-41226273679174588800
4	9	6	2	53852696373356052480
4	9	6	4	-4711863421814538240
4	9	6	6	-105782566115082240
4	9	6	8	13459683706306560
4	9	7	3	-8983895289255198720
4	9	7	5	-2375082098627051520
4	9	7	7	-212358293665873920
4	9	7	9	3948160729743360
4	9	8	0	-83957790510094181760
4	9	8	2	58900041084438650880
4	9	8	4	-21227661963167662080
4	9	8	6	1590542694584156160
4	9	8	8	-196245605695979520
4	9	9	3	36482339488632791040
4	9	9	5	-1886424474767523840
4	9	9	7	1620749351609303040
4	9	9	9	14362119615283200
4	9	10	0	13968484286982065280
4	9	10	2	-3355824842508902400
4	9	10	4	-5455834176997048320
4	9	10	6	-3889600060627353600
4	9	10	8	-262828965742018560
4	9	11	3	-7187653208777932800
4	9	11	5	1851814158052884480
4	9	11	7	642753322470604800
4	9	11	9	27136058838220800
4	9	12	0	-685106623675393920
4	9	12	4	956927533383843840
4	9	12	6	243599705942261760
4	9	12	8	-76374497969602560
4	9	13	3	185320473014476800
4	9	13	5	-112315438190592000
4	9	13	7	-14975391758745600
4	9	13	9	950818524364800
4	10	0	0	1163305402490620800
4	10	0	2	-289747890542223360
4	10	1	3	-74253804058460160
4	10	2	0	5569095203652320640
4	10	2	2	-3822750356750622720
4	10	2	4	112997491818577920
4	10	3	3	-182432093276897280
4	10	3	5	67412220712058880
4	10	4	0	24986916740694614400
4	10	4	2	-15959961423837020160
4	10	4	4	2809593480876687360
4	10	4	6	147366654911447040
4	10	5	3	-7041214269474324480
4	10	5	5	534476976463872000
4	10	5	7	41827230546001920
4	10	6	0	25486787850829983360
4	10	6	2	-42114439594839490560
4	10	6	4	7787167870198579200
4	10	6	6	85425413803868160
4	10	6	8	-42308318791434240
4	10	7	3	4931822720136314880
4	10	7	5	4140022789218631680
4	10	7	7	446753519036006400
4	10	7	9	-18247356823633920
4	10	8	0	47955163102757827200
4	10	8	2	-47192485905202913280
4	10	8	4	21715849460090142720
4	10	8	6	-3661687002816184320
4	10	8	8	309013901683752960
4	10	8	10	-1010800970956800
4	10	9	3	-28817926215393853440
4	10	9	5	5003573471210373120
4	10	9	7	-2376580073159393280
4	10	9	9	-23061586685460480
4	10	10	0	-7929777035007146880
4	10	10	2	2714786389162598400
4	10	10	4	5025409602000076800
4	10	10	6	4727558515861094400
4	10	10	8	527448784823746560
4	10	10	10	11111690183639040
4	10	11	3	5836888153151078400
4	10	11	5	-2244597290467983360
4	10	11	7	-1085517815316480000
4	10	11	9	-140491737771540480
4	10	12	0	399018143459295360
4	10	12	4	-920986593162854400
4	10	12	6	-349425807704064000
4	10	12	8	217143180501811200
4	10	12	10	5831686949437440
4	10	13	3	-158846119726694400
4	10	13	5	134778525828710400
4	10	13	7	29950783517491200
4	10	13	9	-5704911146188800
4	11	0	0	-382544620560812160
4	11	0	2	127228136199413760
4	11	1	3	35735609785190400
4	11	2	0	-2025716242569621120
4	11	2	2	1851053167041454080
4	11	2	4	-125702509275463680
4	11	3	3	115527985562972160
4	11	3	5	-77017413051187200
4	11	4	0	-9764060168366305920
4	11	4	2	8539717730899968000
4	11	4	4	-2219152533457305600
4	11	4	6	-122205140818329600
4	11	5	3	3742164613952133120
4	11	5	5	-526784276061388800
4	11	5	7	-21803803153367040
4	11	6	0	-11588248470921287040
4	11	6	2	23802232681350512640
4	11	6	4	-7518932444680519680
4	11	6	6	81222772707164160
4	11	6	8	84469187184721920
4	11	7	3	-1516437804205301760
4	11	7	5	-4198774028372213760
4	11	7	7	-336036874260971520
4	11	7	9	44835756575293440
4	11	8	0	-20747509919128529280
4	11	8	2	27612813562309140480
4	11	8	4	-16582270885500026880
4	11	8	6	4359577118954618880
4	11	8	8	-222776383600558080
4	11	8	10	8473700880875520
4	11	9	3	16733554879717324800
4	11	9	5	-5991651717606604800
4	11	9	7	2505751439880683520
4	11	9	9	-17760454150717440
4	11	9	11	2072064593756160
4	11	10	0	3409128309165310080
4	11	10	2	-1600112968915968000
4	11	10	4	-3302595396315463680
4	11	10	6	-3829837459376701440
4	11	10	8	-529273973276835840
4	11	10	10	-35657590882959360
4	11	11	3	-3459602015245209600
4	11	11	5	1900519836963471360
4	11	11	7	1111982264244633600
4	11	11	9	305819459093790720
4	11	11	11	3267998483742720
4	11	12	0	-175896505778797440
4	11	12	4	632175466387046400
4	11	12	6	333452056494735360
4	11	12	8	-341938111824691200
4	11	12	10	-27130021895208960
4	11	13	3	99278824829184000
4	11	13	5	-112315438190592000
4	11	13	7	-37438479396864000
4	11	13	9	14262277865472000
4	11	13	11	1267758032486400
4	12	0	0	85187482991487360
4	12	0	2	-34581190157660160
4	12	1	3	-11703245295329280
4	12	2	0	508677861170090880
4	12	2	2	-596629951979950080
4	12	2	4	73215026597191680
4	12	3	3	-48269843551272960
4	12	3	5	50329684302888960
4	12	4	0	2723808978823098240
4	12	4	2	-3130994122997391360
4	12	4	4	1179393212748349440
4	12	4	6	34394631446200320
4	12	5	3	-1414535541258608640
4	12	5	5	373206525876633600
4	12	5	7	-29661784219975680
4	12	6	0	3760273753146990720
4	12	6	2	-9441842077020856320
4	12	6	4	4575204373725757440
4	12	6	6	-288740173346242560
4	12	6	8	-103299263802408960
4	12	7	3	64539941907824640
4	12	7	5	2749867594688102400
4	12	7	7	-48113120060375040
4	12	7	9	-53495983515893760
4	12	8	0	6578519785085566080
4	12	8	2	-11498634652517314560
4	12	8	4	9068717182900469760
4	12	8	6	-3246494505751019520
4	12	8	8	32252861444751360
4	12	8	10	-12041379407462400
4	12	9	3	-6970422978750504960
4	12	9	5	4303844525449543680
4	12	9	7	-2039552869356011520
4	12	9	9	86614033705205760
4	12	9	11	-4138556624732160
4	12	10	0	-1074453842582501760
4	12	10	2	670167882468864000
4	12	10	4	1517151962954096640
4	12	10	6	2077385926830981120
4	12	10	8	244862675053608960
4	12	10	10	62292893038018560
4	12	10	12	-472739075850240
4	12	11	3	1460075228124364800
4	12	11	5	-1109645967299051520
4	12	11	7	-697710633178890240
4	12	11	9	-361081635424174080
4	12	11	11	-9127857833902080
4	12	12	0	56807042722335360
4	12	12	4	-303251683114598400
4	12	12	6	-211652203523604480
4	12	12	8	321970922813030400
4	12	12	10	50203218086461440
4	12	12	12	1943895649812480
4	12	13	3	-44123922146304000
4	12	13	5	64180250394624000
4	12	13	7	29950783517491200
4	12	13	9	-19016370487296000
4	12	13	11	-5071032129945600
4	13	0	0	-11994060127570560
4	13	0	2	5292213773783040
4	13	1	3	2467291272376320
4	13	2	0	-82390976393132160
4	13	2	2	118986370267115520
4	13	2	4	-20719742169784320
4	13	3	3	12709368602910720
4	13	3	5	-18492539911372800
4	13	4	0	-509903144510497920
4	13	4	2	738519141684879360
4	13	4	4	-387478105858621440
4	13	4	6	14615774417387520
4	13	5	3	359740632294051840
4	13	5	5	-163525002100162560
4	13	5	7	41817485010862080
4	13	6	0	-822977538189206400
4	13	6	2	2483078140372377600
4	13	6	4	-1722425679061401600
4	13	6	6	282206962660147200
4	13	6	8	56444285233889280
4	13	7	3	135600870659604480
4	13	7	5	-1146652427961630720
4	13	7	7	226894478471331840
4	13	7	9	11639226126827520
4	13	8	0	-1442343802386464640
4	13	8	2	3232189994680258560
4	13	8	4	-3334508113752391680
4	13	8	6	1571035938572206080
4	13	8	8	31179678729338880
4	13	8	10	-7524714078535680
4	13	9	3	1978559540768378880
4	13	9	5	-1916993899824906240
4	13	9	7	1210402546166661120
4	13	9	9	-139550980818862080
4	13	9	11	442709154201600
4	13	10	0	234374312273961600
4	13	10	2	-189338105752473600
4	13	10	4	-463822010361815040
4	13	10	6	-731749936351150080
4	13	10	8	-3592358400983040
4	13	10	10	-85302004757299200
4	13	10	12	969935510568960
4	13	11	3	-416634245309767680
4	13	11	5	427409905604198400
4	13	11	7	254946140333015040
4	13	11	9	246204646851870720
4	13	11	11	6761376173260800
4	13	12	0	-12688134658093440
4	13	12	4	96805211011891200
4	13	12	6	86144158307450880
4	13	12	8	-181202240280821760
4	13	12	10	-46146392382504960
4	13	12	12	-5155549332111360
4	13	13	3	13237176643891200
4	13	13	5	-24067593897984000
4	13	13	7	-14975391758745600
4	13	13	9	14262277865472000
4	13	13	11	7606548194918400
4	14	0	0	950340501452160
4	14	0	2	-400613005578240
4	14	1	3	-302046285864960
4	14	2	0	7630267072821120
4	14	2	2	-13066821658275840
4	14	2	4	2749817061089280
4	14	3	3	-1904718405058560
4	14	3	5	3505116189818880
4	14	4	0	57073903312083840
4	14	4	2	-99332143298519040
4	14	4	4	67783236330700800
4	14	4	6	-7526726392872960
4	14	5	3	-55033244132106240
4	14	5	5	38267804443115520
4	14	5	7	-16355252469104640
4	14	6	0	108661193754422400
4	14	6	2	-386303700345937920
4	14	6	4	362400518817792000
4	14	6	6	-115438172733112320
4	14	6	8	-983979787714560
4	14	7	3	-47612237607567360
4	14	7	5	275135187000360960
4	14	7	7	-123458503063633920
4	14	7	9	22641219380183040
4	14	8	0	195388471235018880
4	14	8	2	-550134684273807360
4	14	8	4	735909767395246080
4	14	8	6	-463698347357306880
4	14	8	8	10322543702016000
4	14	8	10	21223208543846400
4	14	9	3	-343881347183861760
4	14	9	5	493680824825610240
4	14	9	7	-444729517796229120
4	14	9	9	119436892860579840
4	14	9	11	3380688086630400
4	14	10	0	-31641364852755840
4	14	10	2	32402112525619200
4	14	10	4	84890266378444800
4	14	10	6	152844077791641600
4	14	10	8	-41442481849466880
4	14	10	10	70797243014184960
4	14	10	12	-647965216604160
4	14	11	3	72202781693952000
4	14	11	5	-98029389862010880
4	14	11	7	-46590107693875200
4	14	11	9	-92799887978004480
4	14	11	11	788827220213760
4	14	12	0	1752421680696960
4	14	12	4	-18505305530449920
4	14	12	6	-20395057347624960
4	14	12	8	56407308957941760
4	14	12	10	21044783339274240
4	14	12	12	4479411714785280
4	14	13	3	-2406759389798400
4	14	13	5	5348354199552000
4	14	13	7	4278683359641600
4	14	13	9	-5704911146188800
4	14	13	11	-5071032129945600
4	15	0	0	-30383686569600
4	15	0	2	7153148620800
4	15	1	3	16782387148800
4	15	2	0	-300071145628800
4	15	2	2	582706491494400
4	15	2	4	-117751831142400
4	15	3	3	127105948569600
4	15	3	5	-270719163187200
4	15	4	0	-2878918783977600
4	15	4	2	5714815505817600
4	15	4	4	-4707872276889600
4	15	4	6	792348770304000
4	15	5	3	3820606726809600
4	15	5	5	-3624995624140800
4	15	5	7	2018288395468800
4	15	6	0	-6525270683568000
4	15	6	2	26652631761100800
4	15	6	4	-31674142092902400
4	15	6	6	15239508015513600
4	15	6	8	-1862019610214400
4	15	7	3	5437493436211200
4	15	7	5	-28484938292428800
4	15	7	7	20046423888691200
4	15	7	9	-6550083167846400
4	15	8	0	-12317092585499520
4	15	8	2	42831403214745600
4	15	8	4	-73569583322726400
4	15	8	6	63942545763532800
4	15	8	8	-14328306929664000
4	15	8	10	-225379205775360
4	15	9	3	27700017791846400
4	15	9	5	-56692554515251200
4	15	9	7	73331878691635200
4	15	9	9	-40040024526028800
4	15	9	11	8310858212966400
4	15	10	0	1993097619676800
4	15	10	2	-2540468244787200
4	15	10	4	-7041999696076800
4	15	10	6	-14499982496563200
4	15	10	8	11845614116044800
4	15	10	10	-23242230595584000
4	15	10	12	6338790162432000
4	15	11	3	-5749480764518400
4	15	11	5	10161872979148800
4	15	11	7	2614750942003200
4	15	11	9	15213096389836800
4	15	11	11	-1690344043315200
4	15	11	13	1690344043315200
4	15	12	0	-112816846396800
4	15	12	4	1604506259865600
4	15	12	6	2139341679820800
4	15	12	8	-7487695879372800
4	15	12	10	-3803274097459200
4	15	12	12	-1267758032486400
4	15	13	3	200563282483200
4	15	13	5	-534835419955200
4	15	13	7	-534835419955200
4	15	13	9	950818524364800
4	15	13	11	1267758032486400
4	15	13	15	112689602887680
5	0	0	0	-3124186373197440
5	0	2	0	3068958004110720
5	0	4	0	-57772354535591040
5	0	6	0	53016029351383680
5	0	8	0	-77301623782802304
5	0	10	0	12150746280604800
5	0	12	0	-413661770121600
5	1	0	0	43900722028137600
5	1	2	0	-10068616562774400
5	1	4	0	776439487564652160
5	1	6	0	-599680421921669760
5	1	8	0	1069500811102012800
5	1	10	0	-171018685529239680
5	1	12	0	6039461843775360
5	2	0	0	-288993461206838400
5	2	2	0	-139157555112696960
5	2	4	0	-4898652704446147200
5	2	6	0	2996705917276490880
5	2	8	0	-6913809511839354240
5	2	10	0	1122418937286979200
5	2	12	0	-41117979950087040
5	3	0	0	1172648423694280320
5	3	0	2	-2432619563950080
5	3	1	3	-334859868702720
5	3	2	0	1317105499275676800
5	3	2	2	-36451678660485120
5	3	3	3	7516135540592640
5	3	4	0	19213697606321416320
5	3	4	2	-62514620086763520
5	3	5	3	-121387477883443200
5	3	6	0	-8465453896296528000
5	3	6	2	-210112739519938560
5	3	7	3	147401229470883840
5	3	8	0	27707889628245951360
5	3	8	2	-222326382225530880
5	3	9	3	-203533039414425600
5	3	10	0	-4556826237066491520
5	3	10	2	10841878013091840
5	3	11	3	27608968428687360
5	3	12	0	173158816972901760
5	3	13	3	-441239221463040
5	4	0	0	-3259058853373361280
5	4	0	2	23634011508387840
5	4	1	3	4765999621201920
5	4	2	0	-5510102856151017600
5	4	2	2	356130351718502400
5	4	2	4	1406832655933440
5	4	3	3	-78942883447848960
5	4	4	0	-52286366370064579200
5	4	4	2	707720936803983360
5	4	4	4	-30686231197532160
5	4	5	3	1092575226631495680
5	4	6	0	13763826746301663360
5	4	6	2	2279918566061383680
5	4	6	4	80316346030571520
5	4	7	3	-1543776383616122880
5	4	8	0	-77001263538371337600
5	4	8	2	2448218244679004160
5	4	8	4	-241304419575889920
5	4	9	3	2149909283259555840
5	4	10	0	12798270596031212160
5	4	10	2	-123617019981312000
5	4	10	4	-49696789675991040
5	4	11	3	-310800503041966080
5	4	12	0	-504419162486279040
5	4	12	4	5883189619507200
5	4	13	3	5294870657556480
5	5	0	0	6534240999841434240
5	5	0	2	-113644621392629760
5	5	1	3	-28644536345333760
5	5	2	0	14322139337876964480
5	5	2	2	-1654742423552716800
5	5	2	4	-15268843785461760
5	5	3	3	322492109807738880
5	5	3	5	-1823940431216640
5	5	4	0	104320776133815258240
5	5	4	2	-3776946285158277120
5	5	4	4	217350192501964800
5	5	5	3	-4614059332552273920
5	5	5	5	8744526464532480
5	5	6	0	-8668437407010230400
5	5	6	2	-11459789960847482880
5	5	6	4	-721212960239861760
5	5	7	3	7171082061424312320
5	5	7	5	-147227456937000960
5	5	8	0	157208666913763143552
5	5	8	2	-12395711359662428160
5	5	8	4	1957418489230295040
5	5	9	3	-10426547453607014400
5	5	9	5	-160226765691125760
5	5	10	0	-26341247839918239360
5	5	10	2	645455939231600640
5	5	10	4	496327857449656320
5	5	11	3	1602160624523796480
5	5	11	5	-23420697723371520
5	5	12	0	1076596122918476160
5	5	12	4	-62361809966776320
5	5	13	3	-29121788616560640
5	5	13	5	1176637923901440
5	6	0	0	-9709216159783271040
5	6	0	2	338314723391508480
5	6	1	3	94177276024872960
5	6	2	0	-25648610119065037440
5	6	2	2	4740469247713996800
5	6	2	4	60761983788933120
5	6	3	3	-721689365984624640
5	6	3	5	10485879773921280
5	6	4	0	-157224697010030897280
5	6	4	2	12281661951082536960
5	6	4	4	-805219082936893440
5	6	4	6	-2026323140935680
5	6	5	3	12045620729981214720
5	6	5	5	-101881452907560960
5	6	6	0	-15359166478475406720
5	6	6	2	35181004327399710720
5	6	6	4	2483892844697272320
5	6	6	6	-35617131755274240
5	6	7	3	-19529892683114250240
5	6	7	5	662595128819712000
5	6	8	0	-243625088569482979200
5	6	8	2	38163410965252362240
5	6	8	4	-7505229861089280000
5	6	8	6	-98462482475581440
5	6	9	3	30723376007224074240
5	6	9	5	968429041748213760
5	6	10	0	41044750907014546560
5	6	10	2	-2040836456224051200
5	6	10	4	-2249718062074306560
5	6	10	6	-214691165807247360
5	6	11	3	-5001551632241049600
5	6	11	5	225540945540218880
5	6	12	0	-1739116813945230720
5	6	12	4	300042670594867200
5	6	12	6	7844252826009600
5	6	13	3	97072628721868800
5	6	13	5	-11766379239014400
5	7	0	0	10823353641858061440
5	7	0	2	-673353267225661440
5	7	1	3	-193196907753338880
5	7	2	0	33115961796167537280
5	7	2	2	-9175114563046502400
5	7	2	4	-128055560189091840
5	7	3	3	1001150674478346240
5	7	3	5	-27809318265569280
5	7	4	0	181736254300465526400
5	7	4	2	-26696573530101227520
5	7	4	4	2060586522081607680
5	7	4	6	15899372975554560
5	7	5	3	-21551252939908392960
5	7	5	5	328738031179776000
5	7	5	7	-2712353024655360
5	7	6	0	50601515097985776000
5	7	6	2	-73223494326433013760
5	7	6	4	-3841241752641945600
5	7	6	6	169354033375150080
5	7	7	3	34618677060789411840
5	7	7	5	-789880560348856320
5	7	7	7	1966243948462080
5	7	8	0	291836758895767428480
5	7	8	2	-79574391088299233280
5	7	8	4	18440536242755174400
5	7	8	6	94402522205061120
5	7	9	3	-61315450751468390400
5	7	9	5	-2127709042088509440
5	7	9	7	-246879420352266240
5	7	10	0	-49306378323774211200
5	7	10	2	4352089521030451200
5	7	10	4	6109048788857118720
5	7	10	6	1594072855057858560
5	7	11	3	10532380216322764800
5	7	11	5	-983538566834503680
5	7	11	7	-76873677694894080
5	7	12	0	2165022972462430080
5	7	12	4	-864828874067558400
5	7	12	6	-67460574303682560
5	7	13	3	-218413414624204800
5	7	13	5	52948706575564800
5	7	13	7	1176637923901440
5	8	0	0	-9065141011408176000
5	8	0	2	927228731770920960
5	8	1	3	265629983142297600
5	8	2	0	-31448993573260126080
5	8	2	2	12483851014244966400
5	8	2	4	140391920208199680
5	8	3	3	-887760574569676800
5	8	3	5	32008297530654720
5	8	4	0	-161930023471727349120
5	8	4	2	40493625229997752320
5	8	4	4	-3949492485176524800
5	8	4	6	-75889262550712320
5	8	5	3	27722297071984066560
5	8	5	5	-509776766083399680
5	8	5	7	1813366106357760
5	8	6	0	-74495274017684365440
5	8	6	2	108465787353643499520
5	8	6	4	726454173212835840
5	8	6	6	-409768226372321280
5	8	6	8	7808660016168960
5	8	7	3	-41767395752974417920
5	8	7	5	-1307994722040545280
5	8	7	7	-189647546245447680
5	8	8	0	-272456242568024699520
5	8	8	2	118368171095349288960
5	8	8	4	-32889005011194347520
5	8	8	6	1474307509929246720
5	8	8	8	-101184592322396160
5	8	9	3	87395867925093826560
5	8	9	5	1062374265520128000
5	8	9	7	1351318611374899200
5	8	10	0	46041997830422394240
5	8	10	2	-6594467244505620480
5	8	10	4	-11041942377063628800
5	8	10	6	-5215422455857152000
5	8	10	8	-112563591376896000
5	8	11	3	-15764594904431493120
5	8	11	5	2559318222032732160
5	8	11	7	537592793675857920
5	8	12	0	-2094038612709563520
5	8	12	4	1659059472701030400
5	8	12	6	257291492693114880
5	8	12	8	-27454884891033600
5	8	13	3	349461463398727680
5	8	13	5	-141196550868172800
5	8	13	7	-9413103391211520
5	9	0	0	5659108516374629760
5	9	0	2	-891524127226798080
5	9	1	3	-254424358351134720
5	9	2	0	22062548340115862400
5	9	2	2	-12118525712632995840
5	9	2	4	-22049107173457920
5	9	3	3	464849995819991040
5	9	3	5	20892234433167360
5	9	4	0	110841980184594633600
5	9	4	2	-43690683644781281280
5	9	4	4	5751158222010286080
5	9	4	6	215274485425766400
5	9	5	3	-26212556051564175360
5	9	5	5	563952553885532160
5	9	5	7	33377038914355200
5	9	6	0	71505504511535399040
5	9	6	2	-116830079313500160000
5	9	6	4	7856596487924121600
5	9	6	6	657970714377584640
5	9	6	8	-44152372691435520
5	9	7	3	34650124926358487040
5	9	7	5	5786758858592747520
5	9	7	7	813689131660738560
5	9	7	9	-10932439414210560
5	9	8	0	198226388679206889600
5	9	8	2	-128768634612464394240
5	9	8	4	44711478363724185600
5	9	8	6	-5716196630674145280
5	9	8	8	390218447466823680
5	9	9	3	-91320634230876610560
5	9	9	5	4388914049853358080
5	9	9	7	-3291563419900968960
5	9	9	9	-18070195765248000
5	9	10	0	-33422262745228917120
5	9	10	2	7280447154140160000
5	9	10	4	13947614531567861760
5	9	10	6	9871610025626173440
5	9	10	8	565266053370839040
5	9	11	3	17201269809515151360
5	9	11	5	-4403240586333388800
5	9	11	7	-1616961982534778880
5	9	11	9	-66339966757109760
5	9	12	0	1573486641188542080
5	9	12	4	-2223845676173721600
5	9	12	6	-571061605733498880
5	9	12	8	181202240280821760
5	9	13	3	-407705040631848960
5	9	13	5	247093964019302400
5	9	13	7	32945861869240320
5	9	13	9	-2091800753602560
5	10	0	0	-2586390890815221120
5	10	0	2	589923504490291200
5	10	1	3	172379930127482880
5	10	2	0	-11337301905102806400
5	10	2	2	8367344425446727680
5	10	2	4	-158289327828910080
5	10	3	3	-74223662879047680
5	10	3	5	-117123660133171200
5	10	4	0	-57598075533503387520
5	10	4	2	33628698969561907200
5	10	4	4	-6253755959949557760
5	10	4	6	-347024961906278400
5	10	5	3	18324676582076989440
5	10	5	5	-726134128161914880
5	10	5	7	-89186661490360320
5	10	6	0	-48271833244949258880
5	10	6	2	91862060795370455040
5	10	6	4	-15678928070954680320
5	10	6	6	-623958693543936000
5	10	6	8	111040540312043520
5	10	7	3	-19294640066717614080
5	10	7	5	-9579890891792056320
5	10	7	7	-1398345236486553600
5	10	7	9	48054066374246400
5	10	8	0	-111454475535616344192
5	10	8	2	103181262311263150080
5	10	8	4	-46397649486277509120
5	10	8	6	10147191017648947200
5	10	8	8	-607837124302110720
5	10	8	10	4037321734225920
5	10	9	3	70560480789563719680
5	10	9	5	-11136551824197550080
5	10	9	7	4925692726935552000
5	10	9	9	5460647144325120
5	10	10	0	18707558990203163520
5	10	10	2	-5901091325063700480
5	10	10	4	-12561856872712519680
5	10	10	6	-11922781572283760640
5	10	10	8	-1151087752578170880
5	10	10	10	-23661101564559360
5	10	11	3	-13789860285860904960
5	10	11	5	5235777286267207680
5	10	11	7	2717249178929725440
5	10	11	9	340664694158131200
5	10	12	0	-910965950161787520
5	10	12	4	2125008090566000640
5	10	12	6	812664592774594560
5	10	12	8	-510660858973224960
5	10	12	10	-13945338357350400
5	10	13	3	349461463398727680
5	10	13	5	-296512756823162880
5	10	13	7	-65891723738480640
5	10	13	9	12550804521615360
5	11	0	0	840083983529028480
5	11	0	2	-258040533169520640
5	11	1	3	-82091267137566720
5	11	2	0	4175176366974729600
5	11	2	2	-4023963938444820480
5	11	2	4	226607331857448960
5	11	3	3	-79827364530524160
5	11	3	5	160261033082388480
5	11	4	0	22223138099226894720
5	11	4	2	-18234144480448512000
5	11	4	4	4887367629581352960
5	11	4	6	293167535776727040
5	11	5	3	-9387509979921131520
5	11	5	5	914802383570042880
5	11	5	7	52372812203458560
5	11	6	0	23237307885207588480
5	11	6	2	-52135043013840568320
5	11	6	4	15979736228825825280
5	11	6	6	74541153838694400
5	11	6	8	-195665633484963840
5	11	7	3	6594626715579555840
5	11	7	5	9582135067309178880
5	11	7	7	1032140210061312000
5	11	7	9	-109098860142919680
5	11	8	0	47544829728062198400
5	11	8	2	-60406262160749936640
5	11	8	4	35825248593395712000
5	11	8	6	-10843810821663621120
5	11	8	8	422754784019251200
5	11	8	10	-22595194139443200
5	11	9	3	-40058335878439127040
5	11	9	5	13231143561040035840
5	11	9	7	-5334059357022781440
5	11	9	9	95683921406853120
5	11	9	11	-4893638881443840
5	11	10	0	-7929777035007146880
5	11	10	2	3485369621728051200
5	11	10	4	8065200717285212160
5	11	10	6	9545530469689589760
5	11	10	8	1176901953086914560
5	11	10	10	78400385754071040
5	11	11	3	8063961943109529600
5	11	11	5	-4358528345225134080
5	11	11	7	-2766406496639385600
5	11	11	9	-732727921119068160
5	11	11	11	-7437513790586880
5	11	12	0	399018143459295360
5	11	12	4	-1447264646398771200
5	11	12	6	-768736776948940800
5	11	12	8	796191661839974400
5	11	12	10	64148556443811840
5	11	13	3	-218413414624204800
5	11	13	5	247093964019302400
5	11	13	7	82364654673100800
5	11	13	9	-31377011304038400
5	11	13	11	-2789067671470080
5	12	0	0	-185405787727712640
5	12	0	2	69882291816099840
5	12	1	3	26683788772270080
5	12	2	0	-1059786560758527360
5	12	2	2	1291208751666155520
5	12	2	4	-142775537983119360
5	12	3	3	65376489034137600
5	12	3	5	-110902474264412160
5	12	4	0	-6135308302911638400
5	12	4	2	6747707932038881280
5	12	4	4	-2588144068625448960
5	12	4	6	-86633498976583680
5	12	5	3	3429473573637365760
5	12	5	5	-755907576478433280
5	12	5	7	67965645853163520
5	12	6	0	-7836839228141066880
5	12	6	2	20742946368767631360
5	12	6	4	-9931592699570995200
5	12	6	6	560028357110661120
5	12	6	8	230417663566970880
5	12	7	3	-945697948668887040
5	12	7	5	-6242377860631756800
5	12	7	7	-2669025381580800
5	12	7	9	124537490531942400
5	12	8	0	-14888705654082522240
5	12	8	2	25179666183062138880
5	12	8	4	-19744602133893120000
5	12	8	6	7610810160589701120
5	12	8	8	-36865859872849920
5	12	8	10	31231428101406720
5	12	9	3	16315431698963865600
5	12	9	5	-9489557559414620160
5	12	9	7	4439674698360422400
5	12	9	9	-222549891817144320
5	12	9	11	9480786809978880
5	12	10	0	2464219530484272000
5	12	10	2	-1463023190022451200
5	12	10	4	-3616329135323013120
5	12	10	6	-5080742668875202560
5	12	10	8	-562325655791370240
5	12	10	10	-141288923835924480
5	12	10	12	1338343827701760
5	12	11	3	-3355939450098892800
5	12	11	5	2508218517909012480
5	12	11	7	1721552020214906880
5	12	11	9	851064078037155840
5	12	11	11	21072955739996160
5	12	12	0	-127986951675623040
5	12	12	4	688333185482342400
5	12	12	6	483205974082191360
5	12	12	8	-741281892057907200
5	12	12	10	-117140842201743360
5	12	12	12	-4648446119116800
5	12	13	3	97072628721868800
5	12	13	5	-141196550868172800
5	12	13	7	-65891723738480640
5	12	13	9	41836015072051200
5	12	13	11	11156270685880320
5	13	0	0	25984935939980160
5	13	0	2	-10709929933148160
5	13	1	3	-5589721871585280
5	13	2	0	173711209049389440
5	13	2	2	-257268146702561280
5	13	2	4	41945654761021440
5	13	3	3	-22559835938365440
5	13	3	5	41342117671895040
5	13	4	0	1138810853144764800
5	13	4	2	-1602996929785405440
5	13	4	4	849087796703477760
5	13	4	6	-29191134855168000
5	13	5	3	-844682321819381760
5	13	5	5	354001999161507840
5	13	5	7	-95849298816860160
5	13	6	0	1761103192373965440
5	13	6	2	-5465380434163752960
5	13	6	4	3772967322958479360
5	13	6	6	-613157712433643520
5	13	6	8	-122651187705446400
5	13	7	3	-187122783485214720
5	13	7	5	2588204994344386560
5	13	7	7	-486127854499921920
5	13	7	9	-24083377988567040
5	13	8	0	3229103747582444160
5	13	8	2	-7087417835044884480
5	13	8	4	7296910746678558720
5	13	8	6	-3557605229299630080
5	13	8	8	-75646543258091520
5	13	8	10	14299505680711680
5	13	9	3	-4530910470274805760
5	13	9	5	4226371361899315200
5	13	9	7	-2663210992794992640
5	13	9	9	314644463619932160
5	13	9	11	-796876477562880
5	13	10	0	-530042554418382720
5	13	10	2	414330632750960640
5	13	10	4	1077977767821926400
5	13	10	6	1741424127374131200
5	13	10	8	21287392986562560
5	13	10	10	193154003978158080
5	13	10	12	-2523442178949120
5	13	11	3	943915751666933760
5	13	11	5	-954794983264911360
5	13	11	7	-621264823819960320
5	13	11	9	-568372147621724160
5	13	11	11	-16114613212938240
5	13	12	0	28377197430341760
5	13	12	4	-217678015921766400
5	13	12	6	-194537470085038080
5	13	12	8	411823273365504000
5	13	12	10	105984571515863040
5	13	12	12	12085959909703680
5	13	13	3	-29121788616560640
5	13	13	5	52948706575564800
5	13	13	7	32945861869240320
5	13	13	9	-31377011304038400
5	13	13	11	-16734406028820480
5	14	0	0	-2057716688227200
5	14	0	2	811460516106240
5	14	1	3	678705414266880
5	14	2	0	-16350477971667840
5	14	2	2	28344626531020800
5	14	2	4	-5712907999518720
5	14	3	3	3897915756134400
5	14	3	5	-7818428125347840
5	14	4	0	-126534539238307200
5	14	4	2	217017064989204480
5	14	4	4	-148609854001889280
5	14	4	6	16204999665254400
5	14	5	3	125210254136647680
5	14	5	5	-84514561003192320
5	14	5	7	36735636691353600
5	14	6	0	-236650281057590400
5	14	6	2	850818166936657920
5	14	6	4	-796671032846008320
5	14	6	6	254134423037214720
5	14	6	8	1584991003115520
5	14	7	3	98576110513520640
5	14	7	5	-614989421559152640
5	14	7	7	273096209498112000
5	14	7	9	-51029608507637760
5	14	8	0	-433349006218128000
5	14	8	2	1208243725912903680
5	14	8	4	-1615654607063777280
5	14	8	6	1030037554419793920
5	14	8	8	-22961386975887360
5	14	8	10	-45658070769991680
5	14	9	3	771286159117393920
5	14	9	5	-1087910708602798080
5	14	9	7	980357286521733120
5	14	9	9	-263256998545981440
5	14	9	11	-7437513790586880
5	14	10	0	70570697982744960
5	14	10	2	-71088541235712000
5	14	10	4	-192118825463685120
5	14	10	6	-350899576416829440
5	14	10	8	88581951357419520
5	14	10	10	-157737271642030080
5	14	10	12	1549482039705600
5	14	11	3	-161199395574497280
5	14	11	5	217024328186265600
5	14	11	7	110865439940935680
5	14	11	9	209180075360256000
5	14	11	11	-1239585631764480
5	14	12	0	-3888420639143040
5	14	12	4	41182327336550400
5	14	12	6	45496666390855680
5	14	12	8	-126292470498754560
5	14	12	10	-47414150414991360
5	14	12	12	-10226581462056960
5	14	13	3	5294870657556480
5	14	13	5	-11766379239014400
5	14	13	7	-9413103391211520
5	14	13	9	12550804521615360
5	14	13	11	11156270685880320
5	15	0	0	66844110453120
5	15	0	2	-15736926965760
5	15	1	3	-36921251727360
5	15	2	0	660156520383360
5	15	2	2	-1281954281287680
5	15	2	4	259054028513280
5	15	3	3	-279633086853120
5	15	3	5	595582159011840
5	15	4	0	6333621324750720
5	15	4	2	-12572594112798720
5	15	4	4	10357319009157120
5	15	4	6	-1743167294668800
5	15	5	3	-8405334798981120
5	15	5	5	7974990373109760
5	15	5	7	-4440234470031360
5	15	6	0	14355595503849600
5	15	6	2	-58635789874421760
5	15	6	4	69683112604385280
5	15	6	6	-33526917634129920
5	15	6	8	4096443142471680
5	15	7	3	-11962485559664640
5	15	7	5	62666864243343360
5	15	7	7	-44102132555120640
5	15	7	9	14410182969262080
5	15	8	0	27097603688098944
5	15	8	2	-94229087072440320
5	15	8	4	161853083309998080
5	15	8	6	-140673600679772160
5	15	8	8	31522275245260800
5	15	8	10	495834252705792
5	15	9	3	-60940039142062080
5	15	9	5	124723619933552640
5	15	9	7	-161330133121597440
5	15	9	9	88088053957263360
5	15	9	11	-18283888068526080
5	15	10	0	-4384814763288960
5	15	10	2	5589030138531840
5	15	10	4	15492399331368960
5	15	10	6	31899961492439040
5	15	10	8	-26060351055298560
5	15	10	10	51132907310284800
5	15	10	12	-13945338357350400
5	15	11	3	12648857681940480
5	15	11	5	-22356120554127360
5	15	11	7	-5752452072407040
5	15	11	9	-33468812057640960
5	15	11	11	3718756895293440
5	15	11	13	-3718756895293440
5	15	12	0	248197062072960
5	15	12	4	-3529913771704320
5	15	12	6	-4706551695605760
5	15	12	8	16472930934620160
5	15	12	10	8367203014410240
5	15	12	12	2789067671470080
5	15	13	3	-441239221463040
5	15	13	5	1176637923901440
5	15	13	7	1176637923901440
5	15	13	9	-2091800753602560
5	15	13	11	-2789067671470080
5	15	13	15	-247917126352896
6	0	0	0	7301669761549440
6	0	2	0	-30849397019360640
6	0	4	0	160101320786202240
6	0	6	0	-198950355136794240
6	0	8	0	171860224818625920
6	0	10	0	-24747883614241920
6	0	12	0	744591186218880
6	1	0	0	-96956891585919360
6	1	2	0	308334153215352960
6	1	4	0	-2018635432431730560
6	1	6	0	2320713489744984960
6	1	8	0	-2319758261195656320
6	1	10	0	344238415334225280
6	1	12	0	-10837938377185920
6	2	0	0	607331176484365440
6	2	2	0	-1283679695675283840
6	2	4	0	11956739167550183040
6	2	6	0	-12281256068588288640
6	2	8	0	14626537100292689280
6	2	10	0	-2232047088983099520
6	2	12	0	73549062727620480
6	3	0	0	-2362549476246768000
6	3	0	2	2950214867804160
6	3	1	3	582066154690560
6	3	2	0	2593272409274309760
6	3	2	2	62080286707261440
6	3	3	3	-39981233263104000
6	3	4	0	-44147456848580630400
6	3	4	2	13942160255139840
6	3	5	3	313469635448678400
6	3	6	0	38684071990507317120
6	3	6	2	310617130897981440
6	3	7	3	-487653728125870080
6	3	8	0	-57169659585087204480
6	3	8	2	369069940449239040
6	3	9	3	431577752649246720
6	3	10	0	8949506331917162880
6	3	10	2	-17397432160542720
6	3	11	3	-52990729358561280
6	3	12	0	-308674412864737920
6	3	13	3	735398702438400
6	4	0	0	6335948637367332480
6	4	0	2	-30685480207626240
6	4	1	3	-9596802052546560
6	4	2	0	-1087185022090922880
6	4	2	2	-605170489753128960
6	4	2	4	-4291548143247360
6	4	3	3	355425890535014400
6	4	4	0	113592634461843269760
6	4	4	2	-421468661199790080
6	4	4	4	74811524716707840
6	4	5	3	-2791759023382487040
6	4	6	0	-79525030659451390080
6	4	6	2	-3446119166946877440
6	4	6	4	-251552754349424640
6	4	7	3	4789242083987619840
6	4	8	0	154980257617231367040
6	4	8	2	-4058022705679134720
6	4	8	4	358065456795648000
6	4	9	3	-4495513279397437440
6	4	10	0	-24816325090541973120
6	4	10	2	198977877488332800
6	4	10	4	104834990996398080
6	4	11	3	591680784590438400
6	4	12	0	895908661729361280
6	4	12	4	-10589741315112960
6	4	13	3	-8824784429260800
6	5	0	0	-12320385903098513280
6	5	0	2	156650867392573440
6	5	1	3	58318926553681920
6	5	2	0	-8037686514735400320
6	5	2	2	2807260880833105920
6	5	2	4	39706273002332160
6	5	3	3	-1365175746511994880
6	5	3	5	5212697124372480
6	5	4	0	-215497496458302053760
6	5	4	2	3447219007989964800
6	5	4	4	-545891166832803840
6	5	5	3	11507306583290941440
6	5	5	5	-52388576944865280
6	5	6	0	108471526312046279040
6	5	6	2	17683695603040296960
6	5	6	4	2025313854037770240
6	5	7	3	-21096607563630673920
6	5	7	5	201586065431592960
6	5	8	0	-308791637061717386880
6	5	8	2	20520725941422305280
6	5	8	4	-2896225876950220800
6	5	9	3	21460717411661721600
6	5	9	5	251547660678758400
6	5	10	0	50412866282604397440
6	5	10	2	-1042235056284364800
6	5	10	4	-1029771529850511360
6	5	11	3	-3023399160653414400
6	5	11	5	45608727145512960
6	5	12	0	-1904746986701919360
6	5	12	4	111780602770636800
6	5	13	3	48536314360934400
6	5	13	5	-1961063206502400
6	6	0	0	17821082682065761920
6	6	0	2	-485490213278208000
6	6	1	3	-185734390594314240
6	6	2	0	24620575224801697920
6	6	2	2	-8019392295756165120
6	6	2	4	-156686512203325440
6	6	3	3	3044917413499944960
6	6	3	5	-34113836199444480
6	6	4	0	310772475199734065280
6	6	4	2	-14159938555423825920
6	6	4	4	1908619948785254400
6	6	4	6	-844514149662720
6	6	5	3	-28987590921562644480
6	6	5	5	308517595311144960
6	6	6	0	-90552515493111073920
6	6	6	2	-55297501103340380160
6	6	6	4	-6729545186744647680
6	6	6	6	89251694071971840
6	6	7	3	54960138870967664640
6	6	7	5	-844003292709519360
6	6	8	0	467348897375842055040
6	6	8	2	-63119313730578124800
6	6	8	4	11155661448040120320
6	6	8	6	-21425981461954560
6	6	9	3	-62134113288385290240
6	6	9	5	-1520446065895342080
6	6	10	0	-77510657254933330560
6	6	10	2	3306002376304742400
6	6	10	4	4586679013340160000
6	6	10	6	417331490459811840
6	6	11	3	9349508912943513600
6	6	11	5	-430761540902584320
6	6	12	0	3064158195998739840
6	6	12	4	-535370255375155200
6	6	12	6	-14119655086817280
6	6	13	3	-161787714536448000
6	6	13	5	19610632065024000
6	7	0	0	-19391402768609496960
6	7	0	2	990530438861352960
6	7	1	3	365756760631019520
6	7	2	0	-39473119573804056960
6	7	2	2	15451480840935444480
6	7	2	4	349719003354193920
6	7	3	3	-4410133649372712960
6	7	3	5	100588255545507840
6	7	4	0	-345959067175695768960
6	7	4	2	35334691168240558080
6	7	4	4	-4351614782942822400
6	7	4	6	-7123928139694080
6	7	5	3	49644985516125788160
6	7	5	5	-620530856351907840
6	7	5	7	10792249794478080
6	7	6	0	23889249734476533120
6	7	6	2	116919002069156044800
6	7	6	4	11250041375244533760
6	7	6	6	-504964838773555200
6	7	7	3	-93876138599649730560
6	7	7	5	657932896412467200
6	7	7	7	-71374486991339520
6	7	8	0	-547317157244298399360
6	7	8	2	131535068765123358720
6	7	8	4	-27800230799140945920
6	7	8	6	979349175086284800
6	7	9	3	121629581372604856320
6	7	9	5	3317374747057029120
6	7	9	7	369129083625308160
6	7	10	0	91854211547849351040
6	7	10	2	-7073064720052531200
6	7	10	4	-12227676617222922240
6	7	10	6	-3095445605839994880
6	7	11	3	-19489536412022476800
6	7	11	5	1841438350905753600
6	7	11	7	146949002940579840
6	7	12	0	-3797663246778360960
6	7	12	4	1535512490691379200
6	7	12	6	120801493520547840
6	7	13	3	364022357707008000
6	7	13	5	-88247844292608000
6	7	13	7	-1961063206502400
6	8	0	0	15887757182754119040
6	8	0	2	-1383850233984245760
6	8	1	3	-485073235706757120
6	8	2	0	41979782605230921600
6	8	2	2	-20898401859768360960
6	8	2	4	-455950835575603200
6	8	3	3	4327322448361881600
6	8	3	5	-154404840401141760
6	8	4	0	298723951006047423360
6	8	4	2	-58331975275395072000
6	8	4	4	7423689045970944000
6	8	4	6	95759912071987200
6	8	5	3	-60872280261507072000
6	8	5	5	425346170830848000
6	8	5	7	-31459013113282560
6	8	6	0	47860755765782336640
6	8	6	2	-175451200722472550400
6	8	6	4	-7208220623750922240
6	8	6	6	1343069322240983040
6	8	6	8	-23477855190220800
6	8	7	3	109913791801286983680
6	8	7	5	3129779732411842560
6	8	7	7	637382532901109760
6	8	8	0	500210919146254354560
6	8	8	2	-195628268752533872640
6	8	8	4	50673544648960573440
6	8	8	6	-5459360694988308480
6	8	8	8	152747631822274560
6	8	9	3	-169784859895424040960
6	8	9	5	-1492580291570565120
6	8	9	7	-2036096022911385600
6	8	10	0	-84596525791680101760
6	8	10	2	10752705667573309440
6	8	10	4	21678005010787614720
6	8	10	6	10098949689946275840
6	8	10	8	184497018024591360
6	8	11	3	28855868445758914560
6	8	11	5	-4697138592214548480
6	8	11	7	-1022890568511651840
6	8	12	0	3655694527272627840
6	8	12	4	-2929828430514585600
6	8	12	6	-458104365038960640
6	8	12	8	49418792803860480
6	8	13	3	-582435772331212800
6	8	13	5	235327584780288000
6	8	13	7	15688505652019200
6	9	0	0	-9722590391026834560
6	9	0	2	1340752372053073920
6	9	1	3	453008911829852160
6	9	2	0	-31460640802916757120
6	9	2	2	20147787405265674240
6	9	2	4	281909783498342400
6	9	3	3	-2859706957483376640
6	9	3	5	78602971630141440
6	9	4	0	-199283192535600881280
6	9	4	2	66364097477695488000
6	9	4	4	-10010559585672069120
6	9	4	6	-353357328142172160
6	9	5	3	54822050743507476480
6	9	5	5	39343251012157440
6	9	5	7	-17926295940956160
6	9	6	0	-78772530143457832320
6	9	6	2	190937218598745292800
6	9	6	4	-7986577733769461760
6	9	6	6	-2146083668119388160
6	9	6	8	106333175951032320
6	9	7	3	-89252109266597314560
6	9	7	5	-10578704854526853120
6	9	7	7	-2033374290373509120
6	9	7	9	24053348066918400
6	9	8	0	-356837221282742916480
6	9	8	2	212871726562824806400
6	9	8	4	-70531251957675786240
6	9	8	6	13988528156892856320
6	9	8	8	-586684430606499840
6	9	9	3	173529892244147281920
6	9	9	5	-7467286194047877120
6	9	9	7	5032347747410903040
6	9	9	9	4385374717870080
6	9	10	0	60557389343989338240
6	9	10	2	-11910517384692326400
6	9	10	4	-26833871485573447680
6	9	10	6	-19013070485274624000
6	9	10	8	-937792397652295680
6	9	11	3	-31122073087193088000
6	9	11	5	7925833055400099840
6	9	11	7	3061001769438412800
6	9	11	9	123316634902855680
6	9	12	0	-2732897850485362560
6	9	12	4	3904084631504977920
6	9	12	6	1010339763990036480
6	9	12	8	-323967641714196480
6	9	13	3	679508401053081600
6	9	13	5	-411823273365504000
6	9	13	7	-54909769782067200
6	9	13	9	3486334589337600
6	10	0	0	4366341388094279040
6	10	0	2	-889693337187164160
6	10	1	3	-302488851512770560
6	10	2	0	16846979865699611520
6	10	2	2	-13814338558770339840
6	10	2	4	78094267272806400
6	10	3	3	1186438755762339840
6	10	3	5	122545879813324800
6	10	4	0	101430441725740110720
6	10	4	2	-52821922282865049600
6	10	4	4	10516411177847193600
6	10	4	6	617951586961981440
6	10	5	3	-36576738767432171520
6	10	5	5	245214878435573760
6	10	5	7	142733339848212480
6	10	6	0	64688864609172816000
6	10	6	2	-151320077780297564160
6	10	6	4	23136840866121154560
6	10	6	6	2023188342181724160
6	10	6	8	-222215373582336000
6	10	7	3	49346307519354961920
6	10	7	5	16733016370977177600
6	10	7	7	3149970288314941440
6	10	7	9	-97927574496215040
6	10	8	0	197084209437362563200
6	10	8	2	-170686876418259886080
6	10	8	4	74665336368586752000
6	10	8	6	-20992987064803000320
6	10	8	8	902872745655828480
6	10	8	10	-10415429422940160
6	10	9	3	-131038810945645363200
6	10	9	5	18561111263841484800
6	10	9	7	-7712660935378206720
6	10	9	9	75830969932185600
6	10	10	0	-33422262745228917120
6	10	10	2	9685831252858675200
6	10	10	4	23662118252517212160
6	10	10	6	22761665551879372800
6	10	10	8	1936617679655239680
6	10	10	10	38760889177866240
6	10	11	3	24643840860455731200
6	10	11	5	-9253080633560924160
6	10	11	7	-5114452842558259200
6	10	11	9	-627141787841986560
6	10	12	0	1573486641188542080
6	10	12	4	-3706409460289536000
6	10	12	6	-1427654014333747200
6	10	12	8	906011201404108800
6	10	12	10	25101609043230720
6	10	13	3	-582435772331212800
6	10	13	5	494187928038604800
6	10	13	7	109819539564134400
6	10	13	9	-20918007536025600
6	11	0	0	-1397950966672571520
6	11	0	2	388834270277713920
6	11	1	3	142911643112663040
6	11	2	0	-6378223202427669120
6	11	2	2	6603726703343616000
6	11	2	4	-281132391641333760
6	11	3	3	-231979929365606400
6	11	3	5	-245182652382412800
6	11	4	0	-38496494598955873920
6	11	4	2	29258928631962501120
6	11	4	4	-8134058219885199360
6	11	4	6	-535962006397255680
6	11	5	3	17951500259659929600
6	11	5	5	-1027940326222233600
6	11	5	7	-100238398251171840
6	11	6	0	-34358274622001658240
6	11	6	2	86376898046318837760
6	11	6	4	-25470263065879019520
6	11	6	6	-664543900461957120
6	11	6	8	345864717572014080
6	11	7	3	-17354111340471459840
6	11	7	5	-16541752839573012480
6	11	7	7	-2303183732686848000
6	11	7	9	204918148387307520
6	11	8	0	-82749910557161358720
6	11	8	2	100032031134878515200
6	11	8	4	-58483318287623454720
6	11	8	6	20430970425032048640
6	11	8	8	-597456542745722880
6	11	8	10	45132495543336960
6	11	9	3	72681083850881341440
6	11	9	5	-22020989937237688320
6	11	9	7	8598452353948385280
6	11	9	9	-263033089877606400
6	11	9	11	8980184920227840
6	11	10	0	13968484286982065280
6	11	10	2	-5739471701659238400
6	11	10	4	-14860412592010444800
6	11	10	6	-17978085017533808640
6	11	10	8	-2015053184164331520
6	11	10	10	-131975004322529280
6	11	11	3	-14224501930393497600
6	11	11	5	7575194954077470720
6	11	11	7	5171977363282329600
6	11	11	9	1331182155768791040
6	11	11	11	13015649133527040
6	11	12	0	-685106623675393920
6	11	12	4	2506238777910067200
6	11	12	6	1339798382682439680
6	11	12	8	-1400199129442713600
6	11	12	10	-114351774530273280
6	11	13	3	364022357707008000
6	11	13	5	-411823273365504000
6	11	13	7	-137274424455168000
6	11	13	9	52295018840064000
6	11	13	11	4648446119116800
6	12	0	0	305405218435616640
6	12	0	2	-105187389079449600
6	12	1	3	-46177145479618560
6	12	2	0	1653113487105970560
6	12	2	2	-2111369761961349120
6	12	2	4	204331957834752000
6	12	3	3	-29452503528898560
6	12	3	5	184240651112939520
6	12	4	0	10492161708002958720
6	12	4	2	-10978400497112801280
6	12	4	4	4298153937531125760
6	12	4	6	164626081490534400
6	12	5	3	-6311241509013872640
6	12	5	5	1133619364569415680
6	12	5	7	-116356310498672640
6	12	6	0	12254920142331208320
6	12	6	2	-34502762878969651200
6	12	6	4	16279940764955197440
6	12	6	6	-778547041533296640
6	12	6	8	-392050775765975040
6	12	7	3	3076722839754178560
6	12	7	5	10730360641353154560
6	12	7	7	220655607455416320
6	12	7	9	-224760032133120000
6	12	8	0	25558272882084286080
6	12	8	2	-41754736185523384320
6	12	8	4	32534553883789393920
6	12	8	6	-13530721227392286720
6	12	8	8	2908790699950080
6	12	8	10	-61117701465047040
6	12	9	3	-28928519013347205120
6	12	9	5	15817645615027322880
6	12	9	7	-7322022891348295680
6	12	9	9	426992979227443200
6	12	9	11	-16904678780436480
6	12	10	0	-4280066814675611520
6	12	10	2	2416940364042547200
6	12	10	4	6511385688337981440
6	12	10	6	9382963837129850880
6	12	10	8	992488262290145280
6	12	10	10	243425331165265920
6	12	10	12	-2823122221793280
6	12	11	3	5839485925190860800
6	12	11	5	-4296409333560115200
6	12	11	7	-3191390683079639040
6	12	11	9	-1519643442712412160
6	12	11	11	-37187568952934400
6	12	12	0	218330682270180480
6	12	12	4	-1182521113520947200
6	12	12	6	-834628500687421440
6	12	12	8	1290379589878579200
6	12	12	10	206391007688785920
6	12	12	12	8367203014410240
6	12	13	3	-161787714536448000
6	12	13	5	235327584780288000
6	12	13	7	109819539564134400
6	12	13	9	-69726691786752000
6	12	13	11	-18593784476467200
6	13	0	0	-42594624660931200
6	13	0	2	16188109849866240
6	13	1	3	9607307445964800
6	13	2	0	-276097223096323200
6	13	2	2	420770667478487040
6	13	2	4	-63472387384074240
6	13	3	3	27868541256990720
6	13	3	5	-69988166880952320
6	13	4	0	-1928116323246072960
6	13	4	2	2633044860201000960
6	13	4	4	-1409127327963463680
6	13	4	6	43557046909009920
6	13	5	3	1501867805504901120
6	13	5	5	-579289770404167680
6	13	5	7	166168114097356800
6	13	6	0	-2848028602900440960
6	13	6	2	9112117542598287360
6	13	6	4	-6256607182012661760
6	13	6	6	1006593337772605440
6	13	6	8	202004036663869440
6	13	7	3	114488737674854400
6	13	7	5	-4424905665567129600
6	13	7	7	784060047548743680
6	13	7	9	38515696415539200
6	13	8	0	-5478519411734878080
6	13	8	2	11771865546794496000
6	13	8	4	-12093559289028771840
6	13	8	6	6104422451590594560
6	13	8	8	139460300904038400
6	13	8	10	-20408892008693760
6	13	9	3	7857452649068605440
6	13	9	5	-7054710102279290880
6	13	9	7	4439149832603566080
6	13	9	9	-536950865402265600
6	13	9	11	1062501970083840
6	13	10	0	907845758524298880
6	13	10	2	-686610251379486720
6	13	10	4	-1894601840594411520
6	13	10	6	-3130379827766231040
6	13	10	8	-60873892168826880
6	13	10	10	-331190718258216960
6	13	10	12	4914071611637760
6	13	11	3	-1619389965552353280
6	13	11	5	1616028142912634880
6	13	11	7	1137939609959792640
6	13	11	9	993505748401520640
6	13	11	11	29130262346465280
6	13	12	0	-48067497688129920
6	13	12	4	370640946028953600
6	13	12	6	332596319822807040
6	13	12	8	-708336030188666880
6	13	12	10	-184078466317025280
6	13	12	12	-21382852147937280
6	13	13	3	48536314360934400
6	13	13	5	-88247844292608000
6	13	13	7	-54909769782067200
6	13	13	9	52295018840064000
6	13	13	11	27890676714700800
6	14	0	0	3374473788766080
6	14	0	2	-1235954033233920
6	14	1	3	-1154848332718080
6	14	2	0	26523947305215360
6	14	2	2	-46570409023057920
6	14	2	4	8960364107735040
6	14	3	3	-6009085035233280
6	14	3	5	13209334388490240
6	14	4	0	212510818650049920
6	14	4	2	-359172357869445120
6	14	4	4	246827646793728000
6	14	4	6	-26418668776980480
6	14	5	3	-215578951971102720
6	14	5	5	141399920385884160
6	14	5	7	-62482863251128320
6	14	6	0	390409893092419200
6	14	6	2	-1419613655187087360
6	14	6	4	1326768207154790400
6	14	6	6	-423841443435970560
6	14	6	8	-1675377455431680
6	14	7	3	-154008830483988480
6	14	7	5	1041135719529185280
6	14	7	7	-457639520427048960
6	14	7	9	87080890631454720
6	14	8	0	728072292865357440
6	14	8	2	-2010318577372385280
6	14	8	4	2687179543096688640
6	14	8	6	-1733231241089187840
6	14	8	8	38688629678899200
6	14	8	10	74375137905868800
6	14	9	3	-1310055590717153280
6	14	9	5	1816206004315422720
6	14	9	7	-1637182723152936960
6	14	9	9	439588054664478720
6	14	9	11	12395856317644800
6	14	10	0	-119217322149045120
6	14	10	2	118154058191769600
6	14	10	4	329131774824652800
6	14	10	6	609236969486745600
6	14	10	8	-143317404410019840
6	14	10	10	266201014421422080
6	14	10	12	-2789067671470080
6	14	11	3	272587785703833600
6	14	11	5	-363973331126845440
6	14	11	7	-198721071592243200
6	14	11	9	-357000661948170240
6	14	11	11	1239585631764480
6	14	12	0	6535855967921280
6	14	12	4	-69421637510184960
6	14	12	6	-76873677694894080
6	14	12	8	214148102150062080
6	14	12	10	80882962472632320
6	14	12	12	17664095252643840
6	14	13	3	-8824784429260800
6	14	13	5	19610632065024000
6	14	13	7	15688505652019200
6	14	13	9	-20918007536025600
6	14	13	11	-18593784476467200
6	15	0	0	-111406850755200
6	15	0	2	26228211609600
6	15	1	3	61535419545600
6	15	2	0	-1100260867305600
6	15	2	2	2136590468812800
6	15	2	4	-431756714188800
6	15	3	3	466055144755200
6	15	3	5	-992636931686400
6	15	4	0	-10556035541251200
6	15	4	2	20954323521331200
6	15	4	4	-17262198348595200
6	15	4	6	2905278824448000
6	15	5	3	14008891331635200
6	15	5	5	-13291650621849600
6	15	5	7	7400390783385600
6	15	6	0	-23925992506416000
6	15	6	2	97726316457369600
6	15	6	4	-116138521007308800
6	15	6	6	55878196056883200
6	15	6	8	-6827405237452800
6	15	7	3	19937475932774400
6	15	7	5	-104444773738905600
6	15	7	7	73503554258534400
6	15	7	9	-24016971615436800
6	15	8	0	-45162672813498240
6	15	8	2	157048478454067200
6	15	8	4	-269755138849996800
6	15	8	6	234456001132953600
6	15	8	8	-52537125408768000
6	15	8	10	-826390421176320
6	15	9	3	101566731903436800
6	15	9	5	-207872699889254400
6	15	9	7	268883555202662400
6	15	9	9	-146813423262105600
6	15	9	11	30473146780876800
6	15	10	0	7308024605481600
6	15	10	2	-9315050230886400
6	15	10	4	-25820665552281600
6	15	10	6	-53166602487398400
6	15	10	8	43433918425497600
6	15	10	10	-85221512183808000
6	15	10	12	23242230595584000
6	15	11	3	-21081429469900800
6	15	11	5	37260200923545600
6	15	11	7	9587420120678400
6	15	11	9	55781353429401600
6	15	11	11	-6197928158822400
6	15	11	13	6197928158822400
6	15	12	0	-413661770121600
6	15	12	4	5883189619507200
6	15	12	6	7844252826009600
6	15	12	8	-27454884891033600
6	15	12	10	-13945338357350400
6	15	12	12	-4648446119116800
6	15	13	3	735398702438400
6	15	13	5	-1961063206502400
6	15	13	7	-1961063206502400
6	15	13	9	3486334589337600
6	15	13	11	4648446119116800
6	15	13	15	413195210588160
7	0	0	0	-15896210481175680
7	0	2	0	107294165604236160
7	0	4	0	-376117306253896320
7	0	6	0	490189877158331520
7	0	8	0	-298566849924627840
7	0	10	0	38672375199258240
7	0	12	0	-1028244971445120
7	1	0	0	192884711703350400
7	1	2	0	-1135997898008135040
7	1	4	0	4449850337106990720
7	1	6	0	-5712072213497800320
7	1	8	0	3935276822764656000
7	1	10	0	-532109954122243200
7	1	12	0	14927280447530880
7	2	0	0	-1111402503098363520
7	2	2	0	5363496332497560960
7	2	4	0	-24658335625817255040
7	2	6	0	30435463451094733440
7	2	8	0	-24212381055056749440
7	2	10	0	3411457708431864960
7	2	12	0	-101016204263694720
7	3	0	0	4019437018795674240
7	3	0	2	-2113481505669120
7	3	1	3	-1258838666864640
7	3	2	0	-14665495040424040320
7	3	2	2	-89361007243591680
7	3	3	3	115094264101171200
7	3	4	0	85081452906060455040
7	3	4	2	154639139577200640
7	3	5	3	-667944870718003200
7	3	6	0	-97761252041485407360
7	3	6	2	-329632587136696320
7	3	7	3	1096796791222640640
7	3	8	0	92298658312504045440
7	3	8	2	-467888130926346240
7	3	9	3	-709334340661647360
7	3	10	0	-13519056683813028480
7	3	10	2	21179482630225920
7	3	11	3	77952262458470400
7	3	12	0	422679596710250880
7	3	13	3	-945512617420800
7	4	0	0	-10139310717647575680
7	4	0	2	25639611681484800
7	4	1	3	18845035949629440
7	4	2	0	24859478431021034880
7	4	2	2	838400135253626880
7	4	2	4	9214123717877760
7	4	3	3	-952270176969031680
7	4	4	0	-204814529552093304960
7	4	4	2	-879418257014661120
7	4	4	4	-156163975603568640
7	4	5	3	5801400266637680640
7	4	6	0	209644341314831452800
7	4	6	2	3811193514579271680
7	4	6	4	504314275930030080
7	4	7	3	-10345054437000806400
7	4	8	0	-243954146355476031360
7	4	8	2	5144917205216194560
7	4	8	4	-383552617526231040
7	4	9	3	7279330856622612480
7	4	10	0	37035210101579902080
7	4	10	2	-243522027464601600
7	4	10	4	-168201037726064640
7	4	11	3	-863988418407628800
7	4	12	0	-1222866924833473920
7	4	12	4	14623928482775040
7	4	13	3	11346151409049600
7	5	0	0	18745056255647744640
7	5	0	2	-146570493144084480
7	5	1	3	-104080398515712000
7	5	2	0	-24517971481276080000
7	5	2	2	-3774981379930951680
7	5	2	4	-78884567449067520
7	5	3	3	3511855228980510720
7	5	3	5	-12516759645880320
7	5	4	0	364818602826880801920
7	5	4	2	809338752346890240
7	5	4	4	1116196558382776320
7	5	5	3	-23077410387435417600
7	5	5	5	132974365092986880
7	5	6	0	-312575192258039637120
7	5	6	2	-20271834858558136320
7	5	6	4	-3858040330214031360
7	5	7	3	43917007317713879040
7	5	7	5	-191810397174497280
7	5	8	0	473905060045515941760
7	5	8	2	-26023352928084357120
7	5	8	4	3103403486703943680
7	5	9	3	-34179563499929210880
7	5	9	5	-306825219604316160
7	5	10	0	-74297553244239473280
7	5	10	2	1282325223137587200
7	5	10	4	1627973388356198400
7	5	11	3	4379614443893145600
7	5	11	5	-67796756567654400
7	5	12	0	2590929130979629440
7	5	12	4	-153803385767116800
7	5	13	3	-62403832749772800
7	5	13	5	2521366979788800
7	6	0	0	-26006056029293304960
7	6	0	2	487947336155320320
7	6	1	3	302500647254384640
7	6	2	0	6670476713423710080
7	6	2	2	10556864170634096640
7	6	2	4	305243809005035520
7	6	3	3	-7672388831994101760
7	6	3	5	81844519789854720
7	6	4	0	-496787406240722279040
7	6	4	2	6801643852939468800
7	6	4	4	-3623887163039662080
7	6	4	6	12553087724421120
7	6	5	3	55616930632776130560
7	6	5	5	-621747924379729920
7	6	6	0	323597213248312932480
7	6	6	2	65326583133075824640
7	6	6	4	12586166220056739840
7	6	6	6	-198161938444124160
7	6	7	3	-110602780764215869440
7	6	7	5	696531339580538880
7	6	8	0	-699522040591370812800
7	6	8	2	80081320898812907520
7	6	8	4	-12113805976892375040
7	6	8	6	333118921726033920
7	6	9	3	97171989976003092480
7	6	9	5	1866845972009779200
7	6	10	0	112768076046026332800
7	6	10	2	-4089026899472486400
7	6	10	4	-7137621412300431360
7	6	10	6	-630212444076441600
7	6	11	3	-13426279167375360000
7	6	11	5	630005562683228160
7	6	12	0	-4152585045542693760
7	6	12	4	733717791118540800
7	6	12	6	19498571310366720
7	6	13	3	208012775832576000
7	6	13	5	-25213669797888000
7	7	0	0	27325296852082450560
7	7	0	2	-1043353039598899200
7	7	1	3	-550644345407600640
7	7	2	0	18996604555756314240
7	7	2	2	-20044688169620090880
7	7	2	4	-690714882851512320
7	7	3	3	11037754981908541440
7	7	3	5	-236884830676992000
7	7	4	0	525992064911836836480
7	7	4	2	-29190952501274419200
7	7	4	4	7349308553180528640
7	7	4	6	-41124829646684160
7	7	5	3	-90558611896859781120
7	7	5	5	870727576889180160
7	7	5	7	-30027856124067840
7	7	6	0	-217450600108498350720
7	7	6	2	-141537278580179558400
7	7	6	4	-21858864973813923840
7	7	6	6	1157151271683686400
7	7	7	3	183178672463097077760
7	7	7	5	98648205544488960
7	7	7	7	195070868828651520
7	7	8	0	799544745598917329280
7	7	8	2	-166998762672013578240
7	7	8	4	31044756390757171200
7	7	8	6	-3096991992011489280
7	7	9	3	-186481589985104578560
7	7	9	5	-4100472540718202880
7	7	9	7	-421548614414991360
7	7	10	0	-131876009626636091520
7	7	10	2	8793897683758387200
7	7	10	4	18711251843275284480
7	7	10	6	4657813887387893760
7	7	11	3	27725581651502592000
7	7	11	5	-2647267237646254080
7	7	11	7	-215530184790835200
7	7	12	0	5126084836439149440
7	7	12	4	-2095255960204492800
7	7	12	6	-166074038402088960
7	7	13	3	-468028745623296000
7	7	13	5	113461514090496000
7	7	13	7	2521366979788800
7	8	0	0	-21731962863034776960
7	8	0	2	1504091607548682240
7	8	1	3	689549742369423360
7	8	2	0	-33980316517384467840
7	8	2	2	26833132489738199040
7	8	2	4	962789022902108160
7	8	3	3	-10895425155829923840
7	8	3	5	382227382765486080
7	8	4	0	-435415338872470673280
7	8	4	2	59121860276379893760
7	8	4	4	-11031512933999738880
7	8	4	6	-44179329318912000
7	8	5	3	105205243778600878080
7	8	5	5	234482412758630400
7	8	5	7	102974420155760640
7	8	6	0	65611872987565680000
7	8	6	2	216518571487288442880
7	8	6	4	18504168640571473920
7	8	6	6	-3037550258151751680
7	8	6	8	49497582649835520
7	8	7	3	-208650996049367531520
7	8	7	5	-5314773936238755840
7	8	7	7	-1300861145111592960
7	8	8	0	-713987281145953226880
7	8	8	2	248609622361288826880
7	8	8	4	-58708383301473730560
7	8	8	6	11772177490587156480
7	8	8	8	-178097219909222400
7	8	9	3	254822315854793195520
7	8	9	5	1845864750714716160
7	8	9	7	2349421724070051840
7	8	10	0	119820489194660031360
7	8	10	2	-13437121045388451840
7	8	10	4	-32586108056529223680
7	8	10	6	-15116961323034869760
7	8	10	8	-238519879611678720
7	8	11	3	-40634350246276300800
7	8	11	5	6633548432692346880
7	8	11	7	1492649252034969600
7	8	12	0	-4913131757180549760
7	8	12	4	3978717094106726400
7	8	12	6	626643740043509760
7	8	12	8	-68244999586283520
7	8	13	3	748845992997273600
7	8	13	5	-302564037574656000
7	8	13	7	-20170935838310400
7	9	0	0	12965390916880752000
7	9	0	2	-1487317303518289920
7	9	1	3	-622796516710686720
7	9	2	0	30878977726412576640
7	9	2	2	-25670424115266232320
7	9	2	4	-765919570737807360
7	9	3	3	7391071065569034240
7	9	3	5	-299530473711206400
7	9	4	0	280684518863864941440
7	9	4	2	-74447769716849295360
7	9	4	4	13541130049071513600
7	9	4	6	420836690496061440
7	9	5	3	-89729850755142328320
7	9	5	5	-1699934394836090880
7	9	5	7	-51517007809413120
7	9	6	0	36366592213299254400
7	9	6	2	-239122200551863173120
7	9	6	4	2311367128200806400
7	9	6	6	4645029905942446080
7	9	6	8	-192517445100994560
7	9	7	3	165574622017021870080
7	9	7	5	14795405294935080960
7	9	7	7	3629012861430005760
7	9	7	9	-41748711588495360
7	9	8	0	498438902432858785920
7	9	8	2	-270851958149148794880
7	9	8	4	84656798636492390400
7	9	8	6	-24878597170479759360
7	9	8	8	683244231177830400
7	9	9	3	-254636439388034457600
7	9	9	5	9418602988247777280
7	9	9	7	-5910720169352232960
7	9	9	9	32153455051407360
7	9	10	0	-84596525791680101760
7	9	10	2	14958009607597056000
7	9	10	4	39582371291873034240
7	9	10	6	28247930231685120000
7	9	10	8	1225378605471989760
7	9	11	3	43347341116529049600
7	9	11	5	-10994504760935055360
7	9	11	7	-4442088314614579200
7	9	11	9	-177105797138350080
7	9	12	0	3655694527272627840
7	9	12	4	-5273691174926254080
7	9	12	6	-1374313095116881920
7	9	12	8	444769135234744320
7	9	13	3	-873653658496819200
7	9	13	5	529487065755648000
7	9	13	7	70598275434086400
7	9	13	9	-4482430186291200
7	10	0	0	-5700111772979790720
7	10	0	2	999072005768847360
7	10	1	3	409628830068817920
7	10	2	0	-18212900096259319680
7	10	2	2	17493190128828702720
7	10	2	4	193633587825131520
7	10	3	3	-3316943279774269440
7	10	3	5	-32570468499456000
7	10	4	0	-139055560280834313600
7	10	4	2	62676242387610255360
7	10	4	4	-13623150220684001280
7	10	4	6	-844800749662371840
7	10	5	3	56831367271783219200
7	10	5	5	1232843662815068160
7	10	5	7	-174333253663457280
7	10	6	0	-58802862042691920000
7	10	6	2	191581317433913425920
7	10	6	4	-25045067470338293760
7	10	6	6	-4247699562298736640
7	10	6	8	344700303490252800
7	10	7	3	-90165849525506211840
7	10	7	5	-22466287682294906880
7	10	7	7	-5286959417882050560
7	10	7	9	155591525384847360
7	10	8	0	-269919579295225180800
7	10	8	2	217494544451203768320
7	10	8	4	-92087916634243399680
7	10	8	6	33117174639083520000
7	10	8	8	-1037559150056079360
7	10	8	10	19123487527403520
7	10	9	3	187840249593555271680
7	10	9	5	-23550952547220848640
7	10	9	7	9305938829526958080
7	10	9	9	-220893137943920640
7	10	10	0	46041997830422394240
7	10	10	2	-12222326434526208000
7	10	10	4	-34216178274006220800
7	10	10	6	-33462203346468864000
7	10	10	8	-2560978062099578880
7	10	10	10	-49958025324134400
7	10	11	3	-33922471346078515200
7	10	11	5	12613558544223436800
7	10	11	7	7376585943239884800
7	10	11	9	891306340154081280
7	10	12	0	-2094038612709563520
7	10	12	4	4977178418103091200
7	10	12	6	1929686195198361600
7	10	12	8	-1235469820096512000
7	10	12	10	-34664126773985280
7	10	13	3	748845992997273600
7	10	13	5	-635384478906777600
7	10	13	7	-141196550868172800
7	10	13	9	26894581117747200
7	11	0	0	1794645696449865600
7	11	0	2	-439210022550773760
7	11	1	3	-192274046370109440
7	11	2	0	7291716462071648640
7	11	2	2	-8323719211389542400
7	11	2	4	216808135001948160
7	11	3	3	877278352999403520
7	11	3	5	277231176850636800
7	11	4	0	51694399582804725120
7	11	4	2	-35869859788267929600
7	11	4	4	10419227308292014080
7	11	4	6	758368443421163520
7	11	5	3	-26601203368286300160
7	11	5	5	558068624160030720
7	11	5	7	153911562174627840
7	11	6	0	37689247443289242240
7	11	6	2	-110203963982986199040
7	11	6	4	30925187130181386240
7	11	6	6	1717553590325084160
7	11	6	8	-475385453020938240
7	11	7	3	31820098809615114240
7	11	7	5	21994493794358722560
7	11	7	7	3845849754145259520
7	11	7	9	-300873654832988160
7	11	8	0	111368050664628700800
7	11	8	2	-127677116888459550720
7	11	8	4	73445256486677053440
7	11	8	6	-29687659989563473920
7	11	8	8	641244522074112000
7	11	8	10	-69004735319900160
7	11	9	3	-101745499156902881280
7	11	9	5	28114233131320934400
7	11	9	7	-10696494029579550720
7	11	9	9	485376951665295360
7	11	9	11	-13005432768430080
7	11	10	0	-18974215367837769600
7	11	10	2	7275404420180582400
7	11	10	4	21043703785842524160
7	11	10	6	26045505399767040000
7	11	10	8	2704680176507781120
7	11	10	10	173494312076574720
7	11	11	3	19335733026255360000
7	11	11	5	-10159091834965032960
7	11	11	7	-7407215882846208000
7	11	11	9	-1865886272213483520
7	11	11	11	-17796907998904320
7	11	12	0	906663867752522880
7	11	12	4	-3343332615199948800
7	11	12	6	-1797902747721400320
7	11	12	8	1894387057481318400
7	11	12	10	156586227841105920
7	11	13	3	-468028745623296000
7	11	13	5	529487065755648000
7	11	13	7	176495688585216000
7	11	13	9	-67236452794368000
7	11	13	11	-5976573581721600
7	12	0	0	-387637728816032640
7	12	0	2	119330137408204800
7	12	1	3	61785782569082880
7	12	2	0	-1960256396754817920
7	12	2	2	2655361671694110720
7	12	2	4	-215036047944622080
7	12	3	3	-80145468617195520
7	12	3	5	-234849969712005120
7	12	4	0	-13871784947180307840
7	12	4	2	13725307783919001600
7	12	4	4	-5500558811252736000
7	12	4	6	-240181635246981120
7	12	5	3	8970790733075128320
7	12	5	5	-1271586267021312000
7	12	5	7	151571269624135680
7	12	6	0	-14610527221979272320
7	12	6	2	44243730178134220800
7	12	6	4	-20511858655317934080
7	12	6	6	761466556136816640
7	12	6	8	518305892679843840
7	12	7	3	-6103742424788828160
7	12	7	5	-14221800859147960320
7	12	7	7	-610420152269537280
7	12	7	9	318975351057285120
7	12	8	0	-33883712702954547840
7	12	8	2	53391558825390551040
7	12	8	4	-41313309118628659200
7	12	8	6	18574186934119956480
7	12	8	8	72510970537082880
7	12	8	10	92059665888706560
7	12	9	3	39560698310919413760
7	12	9	5	-20294306109130014720
7	12	9	7	9317953274880983040
7	12	9	9	-625415222140600320
7	12	9	11	23824563406110720
7	12	10	0	5732809373277106560
7	12	10	2	-3076698057087283200
7	12	10	4	-9020216230368583680
7	12	10	6	-13324678853162434560
7	12	10	8	-1368316408066375680
7	12	10	10	-324481971844546560
7	12	10	12	4525849737953280
7	12	11	3	-7833046750543872000
7	12	11	5	5678790803012321280
7	12	11	7	4531736918340403200
7	12	11	9	2092597630080122880
7	12	11	11	51000094564024320
7	12	12	0	-287164000818414720
7	12	12	4	1565768894448844800
7	12	12	6	1110746200162959360
7	12	12	8	-1729657748135116800
7	12	12	10	-279703643624570880
7	12	12	12	-11554708924661760
7	12	13	3	208012775832576000
7	12	13	5	-302564037574656000
7	12	13	7	-141196550868172800
7	12	13	9	89648603725824000
7	12	13	11	23906294326886400
7	13	0	0	53790961822266240
7	13	0	2	-18539310498508800
7	13	1	3	-12754346972590080
7	13	2	0	336646119621651840
7	13	2	2	-530041662731243520
7	13	2	4	72850212389560320
7	13	3	3	-22381022944051200
7	13	3	5	91362718232248320
7	13	4	0	2519922300710855040
7	13	4	2	-3332640151526400000
7	13	4	4	1803466356670218240
7	13	4	6	-49251393404928000
7	13	5	3	-2058738161780551680
7	13	5	5	729579843992862720
7	13	5	7	-221899662746910720
7	13	6	0	3543626768818181760
7	13	6	2	-11718090392153333760
7	13	6	4	7997844541462364160
7	13	6	6	-1271250404018749440
7	13	6	8	-256780993699676160
7	13	7	3	122071515406663680
7	13	7	5	5834679763935559680
7	13	7	7	-968769374410506240
7	13	7	9	-48609465131335680
7	13	8	0	7172528707769293440
7	13	8	2	-15081262430125731840
7	13	8	4	15457697851010088960
7	13	8	6	-8081622406763642880
7	13	8	8	-198609010837585920
7	13	8	10	22268270456340480
7	13	9	3	-10507530743977512960
7	13	9	5	9078751452899082240
7	13	9	7	-5707976404003061760
7	13	9	9	706264981426667520
7	13	9	11	-1062501970083840
7	13	10	0	-1199181833767082880
7	13	10	2	877393686183505920
7	13	10	4	2564482355143188480
7	13	10	6	4329131073920040960
7	13	10	8	114887175913635840
7	13	10	10	437883624420802560
7	13	10	12	-7304701044326400
7	13	11	3	2142321477160550400
7	13	11	5	-2110216070951239680
7	13	11	7	-1597239289715097600
7	13	11	9	-1338951701425029120
7	13	11	11	-40640700355706880
7	13	12	0	62793856704458880
7	13	12	4	-486623827099238400
7	13	12	6	-438381672219279360
7	13	12	8	938957063273349120
7	13	12	10	246234831566929920
7	13	12	12	29085991431045120
7	13	13	3	-62403832749772800
7	13	13	5	113461514090496000
7	13	13	7	70598275434086400
7	13	13	9	-67236452794368000
7	13	13	11	-35859441490329600
7	14	0	0	-4267825410625920
7	14	0	2	1439323550945280
7	14	1	3	1515241253560320
7	14	2	0	-33167697416979840
7	14	2	2	59013994921390080
7	14	2	4	-10798990563778560
7	14	3	3	7099256327454720
7	14	3	5	-17213085301800960
7	14	4	0	-275310949589470080
7	14	4	2	458549495258849280
7	14	4	4	-316249976036966400
7	14	4	6	33208720429547520
7	14	5	3	286038189061447680
7	14	5	5	-182497164556861440
7	14	5	7	81950998307143680
7	14	6	0	-496803408542812800
7	14	6	2	1827253327045386240
7	14	6	4	-1704537462299443200
7	14	6	6	545304233755607040
7	14	6	8	911704164433920
7	14	7	3	184788184429854720
7	14	7	5	-1359371661162577920
7	14	7	7	591581175030743040
7	14	7	9	-114573129107374080
7	14	8	0	-943580882614930560
7	14	8	2	2580296929144197120
7	14	8	4	-3447773238540533760
7	14	8	6	2249657003329781760
7	14	8	8	-50282075654553600
7	14	8	10	-93411631536537600
7	14	9	3	1715958320878264320
7	14	9	5	-2339006778376519680
7	14	9	7	2109132816989552640
7	14	9	9	-566247143681556480
7	14	9	11	-15937529551257600
7	14	10	0	155335904134519680
7	14	10	2	-151492132702310400
7	14	10	4	-434655652126924800
7	14	10	6	-814681686358425600
7	14	10	8	178712001288437760
7	14	10	10	-346508454993592320
7	14	10	12	3851569641553920
7	14	11	3	-355512744150220800
7	14	11	5	470879291069890560
7	14	11	7	273428241363763200
7	14	11	9	469758683523317760
7	14	11	11	-531250985041920
7	14	12	0	-8474156833633920
7	14	12	4	90264937876439040
7	14	12	6	100182314663608320
7	14	12	8	-280039825888542720
7	14	12	10	-106383009754644480
7	14	12	12	-23507856088104960
7	14	13	3	11346151409049600
7	14	13	5	-25213669797888000
7	14	13	7	-20170935838310400
7	14	13	9	26894581117747200
7	14	13	11	23906294326886400
7	15	0	0	143237379542400
7	15	0	2	-33721986355200
7	15	1	3	-79116967987200
7	15	2	0	1414621115107200
7	15	2	2	-2747044888473600
7	15	2	4	555115775385600
7	15	3	3	-599213757542400
7	15	3	5	1276247483596800
7	15	4	0	13572045695894400
7	15	4	2	-26941273098854400
7	15	4	4	22194255019622400
7	15	4	6	-3735358488576000
7	15	5	3	-18011431712102400
7	15	5	5	17089265085235200
7	15	5	7	-9514788150067200
7	15	6	0	30761990365392000
7	15	6	2	-125648121159475200
7	15	6	4	149320955580825600
7	15	6	6	-71843394930278400
7	15	6	8	8778092448153600
7	15	7	3	-25633897627852800
7	15	7	5	134286137664307200
7	15	7	7	-94504569760972800
7	15	7	9	30878963505561600
7	15	8	0	58066293617354880
7	15	8	2	-201919472298086400
7	15	8	4	346828035664281600
7	15	8	6	-301443430028083200
7	15	8	8	67547732668416000
7	15	8	10	1062501970083840
7	15	9	3	-130585798161561600
7	15	9	5	267264899857612800
7	15	9	7	-345707428117708800
7	15	9	9	188760115622707200
7	15	9	11	-39179760146841600
7	15	10	0	-9396031635619200
7	15	10	2	11976493153996800
7	15	10	4	33197998567219200
7	15	10	6	68357060340940800
7	15	10	8	-55843609404211200
7	15	10	10	109570515664896000
7	15	10	12	-29882867908608000
7	15	11	3	27104695032729600
7	15	11	5	-47905972615987200
7	15	11	7	-12326683012300800
7	15	11	9	-71718882980659200
7	15	11	11	7968764775628800
7	15	11	13	-7968764775628800
7	15	12	0	531850847299200
7	15	12	4	-7564100939366400
7	15	12	6	-10085467919155200
7	15	12	8	35299137717043200
7	15	12	10	17929720745164800
7	15	12	12	5976573581721600
7	15	13	3	-945512617420800
7	15	13	5	2521366979788800
7	15	13	7	2521366979788800
7	15	13	9	-4482430186291200
7	15	13	11	-5976573581721600
7	15	13	15	-531250985041920
8	0	0	0	31829585779393920
8	0	2	0	-243383681042870400
8	0	4	0	717325388545829760
8	0	6	0	-866685526208703360
8	0	8	0	405283652244385920
8	0	10	0	-46707414153840000
8	0	12	0	1099158417751680
8	1	0	0	-349976784305162880
8	1	2	0	2562039092133982080
8	1	4	0	-8030216169851978880
8	1	6	0	9988317700727575680
8	1	8	0	-5225520365107724160
8	1	10	0	636330900670945920
8	1	12	0	-15920068695822720
8	2	0	0	1821469199728890240
8	2	2	0	-12230108868434486400
8	2	4	0	41890049857983899520
8	2	6	0	-52813241956173928320
8	2	8	0	31417668386381796480
8	2	10	0	-4037432518501810560
8	2	12	0	107469327877591680
8	3	0	0	-5972321545238851200
8	3	0	2	941545431613440
8	3	1	3	3224930240563200
8	3	2	0	34780364086558296960
8	3	2	2	122399730647285760
8	3	3	3	-227913910384250880
8	3	4	0	-135466858343811807360
8	3	4	2	-390345223270072320
8	3	5	3	1146179814050764800
8	3	6	0	169226134554966710400
8	3	6	2	241705644096061440
8	3	7	3	-1789985420312371200
8	3	8	0	-116924087390161415040
8	3	8	2	454815812892672000
8	3	9	3	906490153379543040
8	3	10	0	15826274753321324160
8	3	10	2	-19666662442352640
8	3	11	3	-88626049339576320
8	3	12	0	-448492091165838720
8	3	13	3	945512617420800
8	4	0	0	13789252205456688000
8	4	0	2	-13055828907479040
8	4	1	3	-36209533393428480
8	4	2	0	-64860430202760919680
8	4	2	2	-1033212598251171840
8	4	2	4	-15627446907494400
8	4	3	3	1791338312302018560
8	4	4	0	304758404020608577920
8	4	4	2	2799769843592847360
8	4	4	4	262188861128294400
8	4	5	3	-9620334049150771200
8	4	6	0	-365121561744335364480
8	4	6	2	-3028456587893760000
8	4	6	4	-718728555024138240
8	4	7	3	16371367059743539200
8	4	8	0	301476187500665293440
8	4	8	2	-5013916028007321600
8	4	8	4	284932884294696960
8	4	9	3	-9164740123644272640
8	4	10	0	-42864388120947381120
8	4	10	2	227973597755904000
8	4	10	4	207146459998494720
8	4	11	3	975769021178265600
8	4	12	0	1293851284586340480
8	4	12	4	-15632475274690560
8	4	13	3	-11346151409049600
8	5	0	0	-23632089634405952640
8	5	0	2	85391154877870080
8	5	1	3	166240094242590720
8	5	2	0	81587747582759617920
8	5	2	2	4255237291520102400
8	5	2	4	124200865655562240
8	5	3	3	-6365658905143418880
8	5	3	5	24321189040128000
8	5	4	0	-507038570474845691520
8	5	4	2	-7820380424183685120
8	5	4	4	-1793656846703738880
8	5	5	3	36714980673680486400
8	5	5	5	-219058270065377280
8	5	6	0	556097138823886208640
8	5	6	2	17153094198871203840
8	5	6	4	5339857826273771520
8	5	7	3	-67455932141208453120
8	5	7	5	112408691545866240
8	5	8	0	-571012990586625525120
8	5	8	2	25425215720014049280
8	5	8	4	-2322267931711733760
8	5	9	3	42329257307887841280
8	5	9	5	295527196852715520
8	5	10	0	84974969035096272000
8	5	10	2	-1210046036383641600
8	5	10	4	-1978814061043015680
8	5	11	3	-4910362193138688000
8	5	11	5	77658102977495040
8	5	12	0	-2732897850485362560
8	5	12	4	163888853686272000
8	5	13	3	62403832749772800
8	5	13	5	-2521366979788800
8	6	0	0	30796868264397989760
8	6	0	2	-316227181497937920
8	6	1	3	-417173231128043520
8	6	2	0	-66885187570557425280
8	6	2	2	-11166582085666099200
8	6	2	4	-456376456988467200
8	6	3	3	13529643173521735680
8	6	3	5	-145458284349358080
8	6	4	0	646494917200787260800
8	6	4	2	8299721738906542080
8	6	4	4	5428720698647592960
8	6	4	6	-34450976247644160
8	6	5	3	-84350910586987192320
8	6	5	5	909956808042577920
8	6	6	0	-606436889538401043840
8	6	6	2	-58016791538137866240
8	6	6	4	-17239049173025832960
8	6	6	6	346504178825625600
8	6	7	3	165049654996251279360
8	6	7	5	-247545080390615040
8	6	8	0	821653014364703176320
8	6	8	2	-78439189065108664320
8	6	8	4	9363120376426168320
8	6	8	6	-720968594654822400
8	6	9	3	-118185105485853204480
8	6	9	5	-1824814568955248640
8	6	10	0	-127388394004018055040
8	6	10	2	3888578224579276800
8	6	10	4	8553797819339857920
8	6	10	6	742755921984552960
8	6	11	3	14934056621289062400
8	6	11	5	-711809913583042560
8	6	12	0	4365538124801293440
8	6	12	4	-779102396754739200
8	6	12	6	-20843300366254080
8	6	13	3	-208012775832576000
8	6	13	5	25213669797888000
8	7	0	0	-30756376549449889920
8	7	0	2	738564417548144640
8	7	1	3	674100363714508800
8	7	2	0	28759935299667327360
8	7	2	2	20382097239092736000
8	7	2	4	1012729467080908800
8	7	3	3	-19054378701980282880
8	7	3	5	391687025763041280
8	7	4	0	-644444105041573591680
8	7	4	2	7927968326496952320
8	7	4	4	-9933545882825441280
8	7	4	6	128945116802580480
8	7	5	3	130265338279416883200
8	7	5	5	-947841977686671360
8	7	5	7	58149639400734720
8	7	6	0	464529543627670047360
8	7	6	2	130406366363658117120
8	7	6	4	30648970822466027520
8	7	6	6	-1968441028084039680
8	7	7	3	-265879662210289704960
8	7	7	5	-1156982014763827200
8	7	7	7	-317332199655014400
8	7	8	0	-915742091411552741760
8	7	8	2	163988371178958458880
8	7	8	4	-25369862898839224320
8	7	8	6	5390435929814138880
8	7	9	3	222385230823088424960
8	7	9	5	4105862950352486400
8	7	9	7	372387465568419840
8	7	10	0	147076143196032673920
8	7	10	2	-8425778104709222400
8	7	10	4	-22083849555556884480
8	7	10	6	-5460375772127232000
8	7	11	3	-30572204971684147200
8	7	11	5	2946693574090506240
8	7	11	7	244516566662184960
8	7	12	0	-5369459784163263360
8	7	12	4	2216281575234355200
8	7	12	6	176831870849187840
8	7	13	3	468028745623296000
8	7	13	5	-113461514090496000
8	7	13	7	-2521366979788800
8	8	0	0	23476717137162084480
8	8	0	2	-1140399057156710400
8	8	1	3	-776389287499776000
8	8	2	0	5313998645619154560
8	8	2	2	-26693153122992906240
8	8	2	4	-1445301774044282880
8	8	3	3	18502619835752939520
8	8	3	5	-628525099155456000
8	8	4	0	506247070173481595520
8	8	4	2	-38628602269658726400
8	8	4	4	13132719651147448320
8	8	4	6	-87791366587023360
8	8	5	3	-143065132737024245760
8	8	5	5	-1247792700995665920
8	8	5	7	-200453712934993920
8	8	6	0	-228409967357804810880
8	8	6	2	-205058543625899458560
8	8	6	4	-29566073548332564480
8	8	6	6	4947129988967301120
8	8	6	8	-76369892865638400
8	8	7	3	295033733009553162240
8	8	7	5	6692656606101504000
8	8	7	7	1863320803623567360
8	8	8	0	797989062172387639680
8	8	8	2	-244743884058021765120
8	8	8	4	51098743379067863040
8	8	8	6	-17588728662943334400
8	8	8	8	163079569549393920
8	8	9	3	-297504886714521108480
8	8	9	5	-2124292625747804160
8	8	9	7	-2102022226882068480
8	8	10	0	-131876009626636091520
8	8	10	2	12967642513751777280
8	8	10	4	37833430473878814720
8	8	10	6	17600296606704599040
8	8	10	8	245881409186856960
8	8	11	3	44383118671826288640
8	8	11	5	-7267364061033922560
8	8	11	7	-1684497264008232960
8	8	12	0	5126084836439149440
8	8	12	4	-4190511920408985600
8	8	12	6	-664296153608355840
8	8	12	8	72951551281889280
8	8	13	3	-748845992997273600
8	8	13	5	302564037574656000
8	8	13	7	20170935838310400
8	9	0	0	-13550486542630473600
8	9	0	2	1184976284549898240
8	9	1	3	670168510107770880
8	9	2	0	-17870673377109098880
8	9	2	2	25248842674973614080
8	9	2	4	1273004469736980480
8	9	3	3	-12434921119497830400
8	9	3	5	560744702316380160
8	9	4	0	-312571233771878931840
8	9	4	2	60680565991040532480
8	9	4	4	-14440627243847024640
8	9	4	6	-351101639865139200
8	9	5	3	115254468598379028480
8	9	5	5	3764555786143825920
8	9	5	7	160592029767106560
8	9	6	0	43921515417265745280
8	9	6	2	231096725894531727360
8	9	6	4	7283219482355466240
8	9	6	6	-7188081933314949120
8	9	6	8	265783991298785280
8	9	7	3	-228648322612470251520
8	9	7	5	-15989208801910456320
8	9	7	7	-4811418503903969280
8	9	7	9	56735190425272320
8	9	8	0	-544337910020979953280
8	9	8	2	267308769488046612480
8	9	8	4	-77704235960898355200
8	9	8	6	33123543730056069120
8	9	8	8	-627149537187102720
8	9	9	3	290665605511350558720
8	9	9	5	-8791442044721233920
8	9	9	7	5396397701275975680
8	9	9	9	-75348246681354240
8	9	10	0	91854211547849351040
8	9	10	2	-14534419954992537600
8	9	10	4	-45155954286378270720
8	9	10	6	-32596577117031628800
8	9	10	8	-1273202687536496640
8	9	11	3	-46859605319374848000
8	9	11	5	11847959468404899840
8	9	11	7	4984462367155814400
8	9	11	9	197824585554984960
8	9	12	0	-3797663246778360960
8	9	12	4	5527844966488965120
8	9	12	6	1449617922246574080
8	9	12	8	-473008445408378880
8	9	13	3	873653658496819200
8	9	13	5	-529487065755648000
8	9	13	7	-70598275434086400
8	9	13	9	4482430186291200
8	10	0	0	5803408513301927040
8	10	0	2	-822797376685793280
8	10	1	3	-432966200564367360
8	10	2	0	13797818531676017280
8	10	2	2	-17106979007035514880
8	10	2	4	-553011363806330880
8	10	3	3	5623117505058078720
8	10	3	5	-130062686528471040
8	10	4	0	149708617471245317760
8	10	4	2	-56231345840922869760
8	10	4	4	13736776110864629760
8	10	4	6	890997991680245760
8	10	5	3	-69086735063619747840
8	10	5	5	-3113310429447782400
8	10	5	7	162332584922972160
8	10	6	0	29744831373270030720
8	10	6	2	-187855386415492055040
8	10	6	4	19362268775688929280
8	10	6	6	6337583586495037440
8	10	6	8	-418047129420595200
8	10	7	3	122177867593180446720
8	10	7	5	23382096232708177920
8	10	7	7	6732650308699422720
8	10	7	9	-193327991771627520
8	10	8	0	288572429112600862080
8	10	8	2	-215181295842958663680
8	10	8	4	87683485957471272960
8	10	8	6	-40246806193587486720
8	10	8	8	938812002498478080
8	10	8	10	-26080522571612160
8	10	9	3	-209443752879288238080
8	10	9	5	22884254270769070080
8	10	9	7	-8743604553677537280
8	10	9	9	360673445200527360
8	10	10	0	-49306378323774211200
8	10	10	2	11952540167688806400
8	10	10	4	38310214504713338880
8	10	10	6	38167031030464512000
8	10	10	8	2684212327558840320
8	10	10	10	51245287326351360
8	10	11	3	36262299903322521600
8	10	11	5	-13369744516650762240
8	10	11	7	-8225259391844352000
8	10	11	9	-984939326267719680
8	10	12	0	2165022972462430080
8	10	12	4	-5188973244405350400
8	10	12	6	-2023817229110476800
8	10	12	8	1306068095530598400
8	10	12	10	37054756206673920
8	10	13	3	-748845992997273600
8	10	13	5	635384478906777600
8	10	13	7	141196550868172800
8	10	13	9	-26894581117747200
8	11	0	0	-1791748449045244800
8	11	0	2	369159546484776960
8	11	1	3	201861227044730880
8	11	2	0	-6199975723995504000
8	11	2	2	8116869903947735040
8	11	2	4	-48231512832983040
8	11	3	3	-1580940316340858880
8	11	3	5	-227918910937006080
8	11	4	0	-54261315937047669120
8	11	4	2	33801937553249648640
8	11	4	4	-10360006870961848320
8	11	4	6	-835430485347532800
8	11	5	3	30749113525133076480
8	11	5	5	339210458438860800
8	11	5	7	-188209602532638720
8	11	6	0	-30250661283559347840
8	11	6	2	109141757329705943040
8	11	6	4	-28736975816204451840
8	11	6	6	-2766983721267363840
8	11	6	8	512929743388508160
8	11	7	3	-42787925927560028160
8	11	7	5	-22709150242666905600
8	11	7	7	-4879911917890437120
8	11	7	9	346813243218984960
8	11	8	0	-116833872427806188160
8	11	8	2	126625879259048632320
8	11	8	4	-71524259309993656320
8	11	8	6	33536787919859220480
8	11	8	8	-529485150187192320
8	11	8	10	81686649860259840
8	11	9	3	110770430559025121280
8	11	9	5	-27743880957236674560
8	11	9	7	10363031872814776320
8	11	9	9	-648900091407237120
8	11	9	11	14946542136852480
8	11	10	0	20037895242914229120
8	11	10	2	-7156900172130508800
8	11	10	4	-23098260141961297920
8	11	10	6	-29257821752656527360
8	11	10	8	-2866607009203322880
8	11	10	10	-179787592976302080
8	11	11	3	-20421181511054438400
8	11	11	5	10598369993221570560
8	11	11	7	8200606025819750400
8	11	11	9	2033230332501688320
8	11	11	11	19125035461509120
8	11	12	0	-932476362208110720
8	11	12	4	3464358230229811200
8	11	12	6	1873207574851092480
8	11	12	8	-1988518091393433600
8	11	12	10	-166148745571860480
8	11	13	3	468028745623296000
8	11	13	5	-529487065755648000
8	11	13	7	-176495688585216000
8	11	13	9	67236452794368000
8	11	13	11	5976573581721600
8	12	0	0	382162133752755840
8	12	0	2	-101840438700380160
8	12	1	3	-64465183946465280
8	12	2	0	1774267861758733440
8	12	2	2	-2588556620879032320
8	12	2	4	162502860093235200
8	12	3	3	214974829569392640
8	12	3	5	231438980815257600
8	12	4	0	14295149737489272960
8	12	4	2	-13287808709865676800
8	12	4	4	5469143169318174720
8	12	4	6	271180641042432000
8	12	5	3	-9923405799437475840
8	12	5	5	1061087003517911040
8	12	5	7	-151407807782584320
8	12	6	0	13350056337735384960
8	12	6	2	-44095891872538091520
8	12	6	4	20018436954661601280
8	12	6	6	-478971290749501440
8	12	6	8	-536858173173104640
8	12	7	3	8481973340648079360
8	12	7	5	14652570062324367360
8	12	7	7	989176563691683840
8	12	7	9	-357307152901079040
8	12	8	0	34975486626757649280
8	12	8	2	-53076131506189946880
8	12	8	4	40759315227835269120
8	12	8	6	-19847511260253388800
8	12	8	8	-148539244020203520
8	12	8	10	-107690704487055360
8	12	9	3	-42065924232008540160
8	12	9	5	20204898867029606400
8	12	9	7	-9226956110962360320
8	12	9	9	706962248344535040
8	12	9	11	-26644280172871680
8	12	10	0	-5970178497587103360
8	12	10	2	3042659602860134400
8	12	10	4	9694994374566420480
8	12	10	6	14671683604375142400
8	12	10	8	1482509190414827520
8	12	10	10	337456755517685760
8	12	10	12	-5567918977843200
8	12	11	3	8166707647535923200
8	12	11	5	-5839261803681546240
8	12	11	7	-4974601020745973760
8	12	11	9	-2240019778429255680
8	12	11	11	-54718851459317760
8	12	12	0	293617124432311680
8	12	12	4	-1611153500085043200
8	12	12	6	-1148398613727805440
8	12	12	8	1800256023569203200
8	12	12	10	294047420220702720
8	12	12	12	12351585402224640
8	12	13	3	-208012775832576000
8	12	13	5	302564037574656000
8	12	13	7	141196550868172800
8	12	13	9	-89648603725824000
8	12	13	11	-23906294326886400
8	13	0	0	-52761338788878720
8	13	0	2	16127929074216960
8	13	1	3	13184259065303040
8	13	2	0	-317230232027829120
8	13	2	2	518441299425054720
8	13	2	4	-63612117460869120
8	13	3	3	7992629565972480
8	13	3	5	-92724048881418240
8	13	4	0	-2563055769207922560
8	13	4	2	3276883700486922240
8	13	4	4	-1794667512230461440
8	13	4	6	42300859683962880
8	13	5	3	2193329353721425920
8	13	5	5	-712911844337172480
8	13	5	7	230156188472770560
8	13	6	0	-3419419678925627520
8	13	6	2	11719061585360363520
8	13	6	4	-7945835900106424320
8	13	6	6	1245086293005434880
8	13	6	8	254008527621488640
8	13	7	3	-406836569783255040
8	13	7	5	-5982699569642864640
8	13	7	7	923779056614768640
8	13	7	9	48875090623856640
8	13	8	0	-7305662137150016640
8	13	8	2	15025344113551749120
8	13	8	4	-15362745038230487040
8	13	8	6	8322677541226414080
8	13	8	8	220008464578805760
8	13	8	10	-18726597222727680
8	13	9	3	10924368736113930240
8	13	9	5	-9081739739689943040
8	13	9	7	5708374842241843200
8	13	9	9	-721936885485404160
8	13	9	11	796876477562880
8	13	10	0	1231660192175487360
8	13	10	2	-871678587695984640
8	13	10	4	-2695649468469534720
8	13	10	6	-4644694159034941440
8	13	10	8	-155478071489495040
8	13	10	10	-450102397076766720
8	13	10	12	8367203014410240
8	13	11	3	-2203422603637432320
8	13	11	5	2143386054329794560
8	13	11	7	1733803996057436160
8	13	11	9	1402701819630059520
8	13	11	11	44093831758479360
8	13	12	0	-63786644952750720
8	13	12	4	496709295018393600
8	13	12	6	449139504666378240
8	13	12	8	-967196373446983680
8	13	12	10	-255797349297684480
8	13	12	12	-30679744386170880
8	13	13	3	62403832749772800
8	13	13	5	-113461514090496000
8	13	13	7	-70598275434086400
8	13	13	9	67236452794368000
8	13	13	11	35859441490329600
8	14	0	0	4197041664266880
8	14	0	2	-1289563344875520
8	14	1	3	-1545677507911680
8	14	2	0	32233176870111360
8	14	2	2	-58151749670277120
8	14	2	4	10077512989040640
8	14	3	3	-6472546181038080
8	14	3	5	17442740675543040
8	14	4	0	277393703771733120
8	14	4	2	-455305958971269120
8	14	4	4	315150120481996800
8	14	4	6	-32450581002977280
8	14	5	3	-294903439874334720
8	14	5	5	183194431474728960
8	14	5	7	-83566886719979520
8	14	6	0	491651240252515200
8	14	6	2	-1829289097421660160
8	14	6	4	1703230086828441600
8	14	6	6	-545669468807823360
8	14	6	8	330648399544320
8	14	7	3	-171565015380295680
8	14	7	5	1380140254359060480
8	14	7	7	-594768680940994560
8	14	7	9	117185113117163520
8	14	8	0	951068817260115840
8	14	8	2	-2575898544523898880
8	14	8	4	3440601350242467840
8	14	8	6	-2270873839544893440
8	14	8	8	50821627436236800
8	14	8	10	91198085765529600
8	14	9	3	-1747559453691617280
8	14	9	5	2342891551204638720
8	14	9	7	-2113316418496757760
8	14	9	9	567309645651640320
8	14	9	11	15937529551257600
8	14	10	0	-157392394077409920
8	14	10	2	151071904872345600
8	14	10	4	446141879479296000
8	14	10	6	846058697662464000
8	14	10	8	-173158768335421440
8	14	10	10	350758462873927680
8	14	10	12	-4117195134074880
8	14	11	3	360555478109798400
8	14	11	5	-473792870690979840
8	14	11	7	-291357962108928000
8	14	11	9	-480516515970416640
8	14	11	11	-531250985041920
8	14	12	0	8545070279940480
8	14	12	4	-91273484668354560
8	14	12	6	-101527043719495680
8	14	12	8	284746377584148480
8	14	12	10	108773639187333120
8	14	12	12	24304732565667840
8	14	13	3	-11346151409049600
8	14	13	5	25213669797888000
8	14	13	7	20170935838310400
8	14	13	9	-26894581117747200
8	14	13	11	-23906294326886400
8	15	0	0	-143237379542400
8	15	0	2	33721986355200
8	15	1	3	79116967987200
8	15	2	0	-1414621115107200
8	15	2	2	2747044888473600
8	15	2	4	-555115775385600
8	15	3	3	599213757542400
8	15	3	5	-1276247483596800
8	15	4	0	-13572045695894400
8	15	4	2	26941273098854400
8	15	4	4	-22194255019622400
8	15	4	6	3735358488576000
8	15	5	3	18011431712102400
8	15	5	5	-17089265085235200
8	15	5	7	9514788150067200
8	15	6	0	-30761990365392000
8	15	6	2	125648121159475200
8	15	6	4	-149320955580825600
8	15	6	6	71843394930278400
8	15	6	8	-8778092448153600
8	15	7	3	25633897627852800
8	15	7	5	-134286137664307200
8	15	7	7	94504569760972800
8	15	7	9	-30878963505561600
8	15	8	0	-58066293617354880
8	15	8	2	201919472298086400
8	15	8	4	-346828035664281600
8	15	8	6	301443430028083200
8	15	8	8	-67547732668416000
8	15	8	10	-1062501970083840
8	15	9	3	130585798161561600
8	15	9	5	-267264899857612800
8	15	9	7	345707428117708800
8	15	9	9	-188760115622707200
8	15	9	11	39179760146841600
8	15	10	0	9396031635619200
8	15	10	2	-11976493153996800
8	15	10	4	-33197998567219200
8	15	10	6	-68357060340940800
8	15	10	8	55843609404211200
8	15	10	10	-109570515664896000
8	15	10	12	29882867908608000
8	15	11	3	-27104695032729600
8	15	11	5	47905972615987200
8	15	11	7	12326683012300800
8	15	11	9	71718882980659200
8	15	11	11	-7968764775628800
8	15	11	13	7968764775628800
8	15	12	0	-531850847299200
8	15	12	4	7564100939366400
8	15	12	6	10085467919155200
8	15	12	8	-35299137717043200
8	15	12	10	-17929720745164800
8	15	12	12	-5976573581721600
8	15	13	3	945512617420800
8	15	13	5	-2521366979788800
8	15	13	7	-2521366979788800
8	15	13	9	4482430186291200
8	15	13	11	5976573581721600
8	15	13	15	531250985041920
9	0	0	0	-53872812919566720
9	0	2	0	402473231698688640
9	0	4	0	-1070116349366586240
9	0	6	0	1133312847880590720
9	0	8	0	-427278391558024320
9	0	10	0	43581161538034560
9	0	12	0	-910055894267520
9	1	0	0	546043977973157760
9	1	2	0	-4118525157492224640
9	1	4	0	11441975816020325760
9	1	6	0	-12866675770744467840
9	1	8	0	5400655915058847360
9	1	10	0	-588438868305087360
9	1	12	0	13154444289866880
9	2	0	0	-2590028690000964480
9	2	2	0	19263449716199498880
9	2	4	0	-56710696134532740480
9	2	6	0	67125801379407684480
9	2	8	0	-31790961065524152960
9	2	10	0	3698255323111029120
9	2	12	0	-88606351160046720
9	3	0	0	7681810645197843840
9	3	0	2	-1261858952355840
9	3	1	3	-6774337098086400
9	3	2	0	-54298382629504233600
9	3	2	2	-160300754522726400
9	3	3	3	332147978848972800
9	3	4	0	173277606679765787520
9	3	4	2	533811592151285760
9	3	5	3	-1543005329219020800
9	3	6	0	-212762006587584109440
9	3	6	2	-108203278679654400
9	3	7	3	2170788108713533440
9	3	8	0	115692451151094679680
9	3	8	2	-337093835110686720
9	3	9	3	-897578809200691200
9	3	10	0	-14351682973985596800
9	3	10	2	13867518388838400
9	3	11	3	77896232081141760
9	3	12	0	368903566594442880
9	3	13	3	-735398702438400
9	4	0	0	-16025778003348650880
9	4	0	2	6893793470730240
9	4	1	3	59423741544407040
9	4	2	0	102205902105113086080
9	4	2	2	1176424806026833920
9	4	2	4	21745859626229760
9	4	3	3	-2492741464893112320
9	4	4	0	-366359886204950240640
9	4	4	2	-4054136137005588480
9	4	4	4	-339557277912514560
9	4	5	3	12470676184275148800
9	4	6	0	455980567202300131200
9	4	6	2	1636675336958238720
9	4	6	4	759998780831416320
9	4	7	3	-19349269728148684800
9	4	8	0	-291355821668313221760
9	4	8	2	3739790994259415040
9	4	8	4	-127215077924044800
9	4	9	3	8945384069755330560
9	4	10	0	38459743048801514880
9	4	10	2	-162698208168038400
9	4	10	4	-196029458465955840
9	4	11	3	-852502191055257600
9	4	12	0	-1061538834486049920
9	4	12	4	12943017162915840
9	4	13	3	8824784429260800
9	5	0	0	24966509106987043200
9	5	0	2	-25046525566218240
9	5	1	3	-226027750257930240
9	5	2	0	-134087197297200105600
9	5	2	2	-4200164654883655680
9	5	2	4	-155790113237360640
9	5	3	3	8525073957418229760
9	5	3	5	-36365412776509440
9	5	4	0	570500962780451207040
9	5	4	2	12937751983569346560
9	5	4	4	2216491852408012800
9	5	5	3	-45593410793453015040
9	5	5	5	257804386147123200
9	5	6	0	-694696794716653718400
9	5	6	2	-10446635660832645120
9	5	6	4	-5539467286272983040
9	5	7	3	77687082611341148160
9	5	7	5	-15011090989056000
9	5	8	0	538472361093140810880
9	5	8	2	-19077639149825372160
9	5	8	4	1068518103056547840
9	5	9	3	-40666379867808583680
9	5	9	5	-226936437160181760
9	5	10	0	-75394040588846939520
9	5	10	2	873583620525158400
9	5	10	4	1850974290124185600
9	5	11	3	4261810575559680000
9	5	11	5	-68618535435141120
9	5	12	0	2236007332215296640
9	5	12	4	-135313361248665600
9	5	13	3	-48536314360934400
9	5	13	5	1961063206502400
9	6	0	0	-29920111435038729600
9	6	0	2	92699092071936000
9	6	1	3	482626101035704320
9	6	2	0	123353319470356460160
9	6	2	2	9786817239188705280
9	6	2	4	524394374641459200
9	6	3	3	-17536078320666624000
9	6	3	5	190722180149084160
9	6	4	0	-679713593139057686400
9	6	4	2	-21215941782505758720
9	6	4	4	-6331238860972769280
9	6	4	6	56516931716382720
9	6	5	3	99852869199937167360
9	6	5	5	-1009259702642442240
9	6	6	0	767655656995476735360
9	6	6	2	38277631882512506880
9	6	6	4	17757609749238988800
9	6	6	6	-456173065702932480
9	6	7	3	-185217393924951736320
9	6	7	5	-212403338548346880
9	6	8	0	-755540302765141768320
9	6	8	2	59183565470838927360
9	6	8	4	-4722496974502133760
9	6	8	6	941010523634073600
9	6	9	3	111577927247413862400
9	6	9	5	1434329770401792000
9	6	10	0	111703137305753473920
9	6	10	2	-2838288801553920000
9	6	10	4	-7900101463781007360
9	6	10	6	-681312148200161280
9	6	11	3	-12867656305408819200
9	6	11	5	621638359668817920
9	6	12	0	-3561048714268805760
9	6	12	4	641267668526284800
9	6	12	6	17257356217221120
9	6	13	3	161787714536448000
9	6	13	5	-19610632065024000
9	7	0	0	27869126095935285120
9	7	0	2	-273580619755253760
9	7	1	3	-676418130195793920
9	7	2	0	-76508746515483039360
9	7	2	2	-16486836293951262720
9	7	2	4	-1113063145513574400
9	7	3	3	23990163342529351680
9	7	3	5	-467592596444528640
9	7	4	0	634317488229778277760
9	7	4	2	14563559074424463360
9	7	4	4	10671333120148193280
9	7	4	6	-209093004066816000
9	7	5	3	-146345307400443893760
9	7	5	5	858125274534789120
9	7	5	7	-79823609580994560
9	7	6	0	-612291374364599879040
9	7	6	2	-90927101762910167040
9	7	6	4	-32058188738435727360
9	7	6	6	2481989219520675840
9	7	7	3	290785636467459809280
9	7	7	5	1833816724865187840
9	7	7	7	361447354205798400
9	7	8	0	820887359258507310720
9	7	8	2	-124364516576055275520
9	7	8	4	14534335865890897920
9	7	8	6	-6404752181728051200
9	7	9	3	-205980390804516894720
9	7	9	5	-3364926818400829440
9	7	9	7	-256590713899745280
9	7	10	0	-127388394004018055040
9	7	10	2	6214119035604480000
9	7	10	4	20115092947244359680
9	7	10	6	4976365259293655040
9	7	11	3	26131657492446105600
9	7	11	5	-2540099802609008640
9	7	11	7	-214583893973729280
9	7	12	0	4365538124801293440
9	7	12	4	-1817905592427724800
9	7	12	6	-145903102563778560
9	7	13	3	-364022357707008000
9	7	13	5	88247844292608000
9	7	13	7	1961063206502400
9	8	0	0	-20119885868712389760
9	8	0	2	519294831500206080
9	8	1	3	699427413034352640
9	8	2	0	26917271261129197440
9	8	2	2	20661261087861596160
9	8	2	4	1592857857391902720
9	8	3	3	-22691002872711905280
9	8	3	5	736058804425850880
9	8	4	0	-469202135505310546560
9	8	4	2	10192461284164976640
9	8	4	4	-12570851632399810560
9	8	4	6	225054874881884160
9	8	5	3	152012502025014067200
9	8	5	5	1893984797780213760
9	8	5	7	267312315014184960
9	8	6	0	337952651705479923840
9	8	6	2	148628077709182156800
9	8	6	4	33347971236919541760
9	8	6	6	-5935544852983971840
9	8	6	8	87848559527362560
9	8	7	3	-314652260351181127680
9	8	7	5	-6371782055991705600
9	8	7	7	-1966762119403929600
9	8	8	0	-697556929190106418560
9	8	8	2	186471762939342397440
9	8	8	4	-32893406987505500160
9	8	8	6	19186092754845696000
9	8	8	8	-118790156316672000
9	8	9	3	269909003533954498560
9	8	9	5	2199041938025349120
9	8	9	7	1468755728164454400
9	8	10	0	112768076046026332800
9	8	10	2	-9657255760421068800
9	8	10	4	-33944284402975457280
9	8	10	6	-15914086824496988160
9	8	10	8	-202253699085926400
9	8	11	3	-37602994772042219520
9	8	11	5	6176041725011558400
9	8	11	7	1470535929782599680
9	8	12	0	-4152585045542693760
9	8	12	4	3424016358553190400
9	8	12	6	545959996690268160
9	8	12	8	-60400746760273920
9	8	13	3	582435772331212800
9	8	13	5	-235327584780288000
9	8	13	7	-15688505652019200
9	9	0	0	11121005896617006720
9	9	0	2	-621849360017940480
9	9	1	3	-568285672121671680
9	9	2	0	480515662376968320
9	9	2	2	-19165329107782410240
9	9	2	4	-1477516004858511360
9	9	3	3	14909193529542328320
9	9	3	5	-698134341441945600
9	9	4	0	275254454051782715520
9	9	4	2	-34022543007640043520
9	9	4	4	12232731916053872640
9	9	4	6	180261867086807040
9	9	5	3	-115641303673061007360
9	9	5	5	-4854321229391953920
9	9	5	7	-245991360881295360
9	9	6	0	-110664968547577449600
9	9	6	2	-172120617869699727360
9	9	6	4	-14639001017073500160
9	9	6	6	8195614480106127360
9	9	6	8	-281532885730099200
9	9	7	3	238108774850626682880
9	9	7	5	13378765799221493760
9	9	7	7	4818829470624645120
9	9	7	9	-59946637716357120
9	9	8	0	464454620219742491520
9	9	8	2	-204519890238566031360
9	9	8	4	54293893104027893760
9	9	8	6	-33397555349085880320
9	9	8	8	459496683394007040
9	9	9	3	-257922819279694356480
9	9	9	5	5948608197837127680
9	9	9	7	-3850253007502049280
9	9	9	9	97008643414425600
9	9	10	0	-77510657254933330560
9	9	10	2	10922141528615116800
9	9	10	4	39856920140783370240
9	9	10	6	29187497403511603200
9	9	10	8	1051701037346488320
9	9	11	3	39317356227166617600
9	9	11	5	-9917227372829736960
9	9	11	7	-4326541225367961600
9	9	11	9	-171660474541670400
9	9	12	0	3064158195998739840
9	9	12	4	-4497110145151303680
9	9	12	6	-1186051027292651520
9	9	12	8	389859365452677120
9	9	13	3	-679508401053081600
9	9	13	5	411823273365504000
9	9	13	7	54909769782067200
9	9	13	9	-3486334589337600
9	10	0	0	-4610357789508086400
9	10	0	2	472532627394846720
9	10	1	3	358468785538744320
9	10	2	0	-6413794205746596480
9	10	2	2	12901341022831779840
9	10	2	4	768500186507919360
9	10	3	3	-6646841906974064640
9	10	3	5	262723348263075840
9	10	4	0	-126598429787883292800
9	10	4	2	37696060271000862720
9	10	4	4	-10815518988150865920
9	10	4	6	-722021750972743680
9	10	5	3	65530993885593845760
9	10	5	5	4156818861072384000
9	10	5	7	-112524528614768640
9	10	6	0	3607782505922724480
9	10	6	2	142575334421173125120
9	10	6	4	-9765167894463283200
9	10	6	6	-6954775370001285120
9	10	6	8	396890817429012480
9	10	7	3	-124605575117182402560
9	10	7	5	-18870655865058754560
9	10	7	7	-6547095268039065600
9	10	7	9	187514260857815040
9	10	8	0	-240742115542009468800
9	10	8	2	165255942454404341760
9	10	8	4	-64383197558514647040
9	10	8	6	37733882342980976640
9	10	8	8	-677556366655979520
9	10	8	10	26924249854771200
9	10	9	3	181573596691668910080
9	10	9	5	-16973196961368637440
9	10	9	7	6416679265550991360
9	10	9	9	-403817155004989440
9	10	10	0	41044750907014546560
9	10	10	2	-9056329963571404800
9	10	10	4	-33223880291516006400
9	10	10	6	-33760284953857228800
9	10	10	8	-2227642971375697920
9	10	10	10	-41900718717665280
9	10	11	3	-30103440827358412800
9	10	11	5	11017514569224683520
9	10	11	7	7094690889302016000
9	10	11	9	845618755440476160
9	10	12	0	-1739116813945230720
9	10	12	4	4200597388328140800
9	10	12	6	1647293093462016000
9	10	12	8	-1070740510750310400
9	10	12	10	-30679744386170880
9	10	13	3	582435772331212800
9	10	13	5	-494187928038604800
9	10	13	7	-109819539564134400
9	10	13	9	20918007536025600
9	11	0	0	1391028631050453120
9	11	0	2	-224050597808209920
9	11	1	3	-165604185376819200
9	11	2	0	3814388299445581440
9	11	2	2	-6116996030092738560
9	11	2	4	-114879815164477440
9	11	3	3	1886249869009735680
9	11	3	5	128823929686425600
9	11	4	0	44522358780048589440
9	11	4	2	-24414561683074252800
9	11	4	4	7999892230931251200
9	11	4	6	715117887465062400
9	11	5	3	-27688660526149539840
9	11	5	5	-1072093114920960000
9	11	5	7	180727463091732480
9	11	6	0	16931627558256977280
9	11	6	2	-83883367149543751680
9	11	6	4	20333253766232309760
9	11	6	6	3128187991771054080
9	11	6	8	-435104950481879040
9	11	7	3	43053995033809182720
9	11	7	5	18206984593099653120
9	11	7	7	4728074597091901440
9	11	7	9	-313011831719854080
9	11	8	0	95524392924478488960
9	11	8	2	-97571508834839592960
9	11	8	4	54000118042813071360
9	11	8	6	-29446549942138306560
9	11	8	8	340107157317058560
9	11	8	10	-75068715580784640
9	11	9	3	-93767755034415052800
9	11	9	5	21146372029469491200
9	11	9	7	-7827510119184138240
9	11	9	9	646432839236321280
9	11	9	11	-13591171033989120
9	11	10	0	-16451422239851026560
9	11	10	2	5462961789542400000
9	11	10	4	19656951946958684160
9	11	10	6	25481765096671150080
9	11	10	8	2395201575330938880
9	11	10	10	146931762824478720
9	11	11	3	16757215061591347200
9	11	11	5	-8600177323342725120
9	11	11	7	-7023221030220595200
9	11	11	9	-1721651629774602240
9	11	11	11	-16114613212938240
9	11	12	0	745335777405098880
9	11	12	4	-2788631879646412800
9	11	12	6	-1515509645985054720
9	11	12	8	1619838208570982400
9	11	12	10	136664315902033920
9	11	13	3	-364022357707008000
9	11	13	5	411823273365504000
9	11	13	7	137274424455168000
9	11	13	9	-52295018840064000
9	11	13	11	-4648446119116800
9	12	0	0	-292584020285589120
9	12	0	2	64242015787192320
9	12	1	3	52460298697973760
9	12	2	0	-1218224287775468160
9	12	2	2	1955063925452943360
9	12	2	4	-81431497915637760
9	12	3	3	-285949194943610880
9	12	3	5	-176191006780293120
9	12	4	0	-11481935756950961280
9	12	4	2	9955835096346501120
9	12	4	4	-4224879932225863680
9	12	4	6	-236940635313930240
9	12	5	3	8538304701670318080
9	12	5	5	-641721817880985600
9	12	5	7	115863087094824960
9	12	6	0	-9309330092807648640
9	12	6	2	34155952562313584640
9	12	6	4	-15124683139110420480
9	12	6	6	117429880197611520
9	12	6	8	435638258929336320
9	12	7	3	-8634958299792506880
9	12	7	5	-11734848982233907200
9	12	7	7	-1106984875079761920
9	12	7	9	314548259515269120
9	12	8	0	-28107214552102181760
9	12	8	2	41017969048869457920
9	12	8	4	-31241861245000581120
9	12	8	6	16506475092370391040
9	12	8	8	173545500322529280
9	12	8	10	97844398836940800
9	12	9	3	34776862048185016320
9	12	9	5	-15607576715903631360
9	12	9	7	7110937463897456640
9	12	9	9	-617889166519173120
9	12	9	11	23529423969976320
9	12	10	0	4834012958428705920
9	12	10	2	-2337517304179200000
9	12	10	4	-8086189840300154880
9	12	10	6	-12527354132580925440
9	12	10	8	-1259517866489118720
9	12	10	10	-273836044603883520
9	12	10	12	5263698328289280
9	12	11	3	-6618028018172313600
9	12	11	5	4670841668454973440
9	12	11	7	4224740255359303680
9	12	11	9	1863628455527055360
9	12	11	11	45864668375285760
9	12	12	0	-233387970702606720
9	12	12	4	1288418526672076800
9	12	12	6	922484132338728960
9	12	12	8	-1455108899224780800
9	12	12	10	-239859819746426880
9	12	12	12	-10226581462056960
9	12	13	3	161787714536448000
9	12	13	5	-235327584780288000
9	12	13	7	-109819539564134400
9	12	13	9	69726691786752000
9	12	13	11	18593784476467200
9	13	0	0	40192170916360320
9	13	0	2	-10561553193185280
9	13	1	3	-10610435662295040
9	13	2	0	230793485377403520
9	13	2	2	-393703153097379840
9	13	2	4	41916832550461440
9	13	3	3	5704376625192960
9	13	3	5	73164605062348800
9	13	4	0	2028761083072563840
9	13	4	2	-2502946474442219520
9	13	4	4	1388596690937364480
9	13	4	6	-27339134893424640
9	13	5	3	-1815913920033607680
9	13	5	5	540397771207557120
9	13	5	7	-185433340791029760
9	13	6	0	2558212059817814400
9	13	6	2	-9114383660081356800
9	13	6	4	6135253685515468800
9	13	6	6	-945543745408204800
9	13	6	8	-195534949148098560
9	13	7	3	549963055870525440
9	13	7	5	4770285212217507840
9	13	7	7	-679082639358689280
9	13	7	9	-39135489231421440
9	13	8	0	5789164080289898880
9	13	8	2	-11641389474788536320
9	13	8	4	11872002725876367360
9	13	8	6	-6666884432003727360
9	13	8	8	-189392359633551360
9	13	8	10	12144987796930560
9	13	9	3	-8830074630720245760
9	13	9	5	7061682771457966080
9	13	9	7	-4440079521827389440
9	13	9	9	573518641539317760
9	13	9	11	-442709154201600
9	13	10	0	-983628594810576000
9	13	10	2	673275021575270400
9	13	10	4	2200658438355886080
9	13	10	6	3866693693034332160
9	13	10	8	155585981845831680
9	13	10	10	359701187788800000
9	13	10	12	-7393242875166720
9	13	11	3	1761959260665077760
9	13	11	5	-1693424770795929600
9	13	11	7	-1456590591425249280
9	13	11	9	-1142256024213258240
9	13	11	11	-37187568952934400
9	13	12	0	50384003600810880
9	13	12	4	-394173704506982400
9	13	12	6	-357697928866037760
9	13	12	8	774227753927147520
9	13	12	10	206391007688785920
9	13	12	12	25101609043230720
9	13	13	3	-48536314360934400
9	13	13	5	88247844292608000
9	13	13	7	54909769782067200
9	13	13	9	-52295018840064000
9	13	13	11	-27890676714700800
9	14	0	0	-3209311713928320
9	14	0	2	886513552404480
9	14	1	3	1225866259537920
9	14	2	0	-24343399362522240
9	14	2	2	44558503437127680
9	14	2	4	-7276916433346560
9	14	3	3	4546761360261120
9	14	3	5	-13745196927221760
9	14	4	0	-217370578408663680
9	14	4	2	351604106531758080
9	14	4	4	-244261317165465600
9	14	4	6	24649676781649920
9	14	5	3	236264537201172480
9	14	5	5	-143026876527575040
9	14	5	7	66253269547745280
9	14	6	0	-378388167081724800
9	14	6	2	1424363786065059840
9	14	6	4	-1323717664389120000
9	14	6	6	424693658557808640
9	14	6	8	-1223445193850880
9	14	7	3	123154769368350720
9	14	7	5	-1089595770320977920
9	14	7	7	465077034217635840
9	14	7	9	-93175519987630080
9	14	8	0	-745544140370789760
9	14	8	2	2000055679925022720
9	14	8	4	-2670445137067868160
9	14	8	6	1782737192257781760
9	14	8	8	-39947583836160000
9	14	8	10	-69210197773516800
9	14	9	3	1383791567281643520
9	14	9	5	-1825270474247700480
9	14	9	7	1646944460003082240
9	14	9	9	-442067225928007680
9	14	9	11	-12395856317644800
9	14	10	0	124015798682455680
9	14	10	2	-117173526588518400
9	14	10	4	-355932971980185600
9	14	10	6	-682449995862835200
9	14	10	8	130359860852981760
9	14	10	10	-276117699475537920
9	14	10	12	3408860487352320
9	14	11	3	-284354164942848000
9	14	11	5	370771683576053760
9	14	11	7	240557086664294400
9	14	11	9	382102270991400960
9	14	11	11	1239585631764480
9	14	12	0	-6701320675969920
9	14	12	4	71774913357987840
9	14	12	6	80011378825297920
9	14	12	8	-225130056106475520
9	14	12	10	-86461097815572480
9	14	12	12	-19523473700290560
9	14	13	3	8824784429260800
9	14	13	5	-19610632065024000
9	14	13	7	-15688505652019200
9	14	13	9	20918007536025600
9	14	13	11	18593784476467200
9	15	0	0	111406850755200
9	15	0	2	-26228211609600
9	15	1	3	-61535419545600
9	15	2	0	1100260867305600
9	15	2	2	-2136590468812800
9	15	2	4	431756714188800
9	15	3	3	-466055144755200
9	15	3	5	992636931686400
9	15	4	0	10556035541251200
9	15	4	2	-20954323521331200
9	15	4	4	17262198348595200
9	15	4	6	-2905278824448000
9	15	5	3	-14008891331635200
9	15	5	5	13291650621849600
9	15	5	7	-7400390783385600
9	15	6	0	23925992506416000
9	15	6	2	-97726316457369600
9	15	6	4	116138521007308800
9	15	6	6	-55878196056883200
9	15	6	8	6827405237452800
9	15	7	3	-19937475932774400
9	15	7	5	104444773738905600
9	15	7	7	-73503554258534400
9	15	7	9	24016971615436800
9	15	8	0	45162672813498240
9	15	8	2	-157048478454067200
9	15	8	4	269755138849996800
9	15	8	6	-234456001132953600
9	15	8	8	52537125408768000
9	15	8	10	826390421176320
9	15	9	3	-101566731903436800
9	15	9	5	207872699889254400
9	15	9	7	-268883555202662400
9	15	9	9	146813423262105600
9	15	9	11	-30473146780876800
9	15	10	0	-7308024605481600
9	15	10	2	9315050230886400
9	15	10	4	25820665552281600
9	15	10	6	53166602487398400
9	15	10	8	-43433918425497600
9	15	10	10	85221512183808000
9	15	10	12	-23242230595584000
9	15	11	3	21081429469900800
9	15	11	5	-37260200923545600
9	15	11	7	-9587420120678400
9	15	11	9	-55781353429401600
9	15	11	11	6197928158822400
9	15	11	13	-6197928158822400
9	15	12	0	413661770121600
9	15	12	4	-5883189619507200
9	15	12	6	-7844252826009600
9	15	12	8	27454884891033600
9	15	12	10	13945338357350400
9	15	12	12	4648446119116800
9	15	13	3	-735398702438400
9	15	13	5	1961063206502400
9	15	13	7	1961063206502400
9	15	13	9	-3486334589337600
9	15	13	11	-4648446119116800
9	15	13	15	-413195210588160
10	0	0	0	71271236876561280
10	0	2	0	-500626698153851520
10	0	4	0	1213978004233660800
10	0	6	0	-1102539314106495360
10	0	8	0	345611381202428544
10	0	10	0	-31153731597267840
10	0	12	0	579126478170240
10	1	0	0	-679593061900206720
10	1	2	0	4917972880961389440
10	1	4	0	-12490588117367821440
10	1	6	0	12312573657816021120
10	1	8	0	-4291727255360288640
10	1	10	0	417255627214546560
10	1	12	0	-8355967756456320
10	2	0	0	2997318057719886720
10	2	2	0	-22191521234399452800
10	2	4	0	59307103682796620160
10	2	6	0	-63225174627865445760
10	2	8	0	24785422255897119360
10	2	10	0	-2599827859344355200
10	2	12	0	56175268382513280
10	3	0	0	-8165128882067303040
10	3	0	2	2297441380884480
10	3	1	3	10029486519429120
10	3	2	0	60765191926318327680
10	3	2	2	176180076914319360
10	3	3	3	-364339585638789120
10	3	4	0	-172682989751164613760
10	3	4	2	-477462272674775040
10	3	5	3	1589951634690447360
10	3	6	0	197492587291483712640
10	3	6	2	13573065042247680
10	3	7	3	-1963812156075417600
10	3	8	0	-88365635460436901760
10	3	8	2	187402217033687040
10	3	9	3	681475749718579200
10	3	10	0	9996338505566413440
10	3	10	2	-7311964241387520
10	3	11	3	-52514471151267840
10	3	12	0	-233387970702606720
10	3	13	3	441239221463040
10	4	0	0	15487340578672245120
10	4	0	2	-9482161810821120
10	4	1	3	-74001826991185920
10	4	2	0	-112210650257888361600
10	4	2	2	-1159064662147706880
10	4	2	4	-24039970530140160
10	4	3	3	2608076143719383040
10	4	4	0	345876507771109511040
10	4	4	2	3738276835350405120
10	4	4	4	332163357816176640
10	4	5	3	-12373360038913351680
10	4	6	0	-418029347145221930880
10	4	6	2	-506800183125565440
10	4	6	4	-607686273286225920
10	4	7	3	17113359105270743040
10	4	8	0	217705833966397115520
10	4	8	2	-2104861937394585600
10	4	8	4	9068039855308800
10	4	9	3	-6700945074898821120
10	4	10	0	-26525693713761601920
10	4	10	2	87337350661017600
10	4	10	4	141534888146657280
10	4	11	3	571621909506785280
10	4	12	0	670049335242967680
10	4	12	4	-8236465467310080
10	4	13	3	-5294870657556480
10	5	0	0	-21833562128386296960
10	5	0	2	3555480080240640
10	5	1	3	243216407224627200
10	5	2	0	146591072936445905280
10	5	2	2	3593425086003179520
10	5	2	4	152172823422689280
10	5	3	3	-8551751535104901120
10	5	3	5	40135773925048320
10	5	4	0	-507239164868990428800
10	5	4	2	-12613273363969597440
10	5	4	4	-2078032039363952640
10	5	5	3	43385688914095042560
10	5	5	5	-224638843404533760
10	5	6	0	631393360058217882240
10	5	6	2	4309478800008929280
10	5	6	4	4362085425240391680
10	5	7	3	-67128294400940113920
10	5	7	5	-42085735541637120
10	5	8	0	-393097380825651484032
10	5	8	2	10857757955866398720
10	5	8	4	-120130435062005760
10	5	9	3	30011630384907325440
10	5	9	5	139117201309532160
10	5	10	0	51456830401314138240
10	5	10	2	-476804503472394240
10	5	10	4	-1322679665732198400
10	5	11	3	-2840572039430062080
10	5	11	5	46430506012999680
10	5	12	0	-1407856468431853440
10	5	12	4	85894568444805120
10	5	13	3	29121788616560640
10	5	13	5	-1176637923901440
10	6	0	0	23747856432415943040
10	6	0	2	37097432024371200
10	6	1	3	-452188197167063040
10	6	2	0	-137763606125656656000
10	6	2	2	-7204524675906539520
10	6	2	4	-459170313581076480
10	6	3	3	16937524592552263680
10	6	3	5	-183336618896916480
10	6	4	0	566447847576129025920
10	6	4	2	23311910551853998080
10	6	4	4	5673548109827358720
10	6	4	6	-62851194171555840
10	6	5	3	-90749496031428648960
10	6	5	5	866658111335792640
10	6	6	0	-696384321212728552320
10	6	6	2	-18244038819622625280
10	6	6	4	-13883275550205296640
10	6	6	6	445528658127421440
10	6	7	3	156268461416910520320
10	6	7	5	412024727314759680
10	6	8	0	538268830747494526080
10	6	8	2	-34019448076654571520
10	6	8	4	1043609269856993280
10	6	8	6	-850577233411768320
10	6	9	3	-80993612171675934720
10	6	9	5	-906226702855372800
10	6	10	0	-75394040588846939520
10	6	10	2	1573122881473228800
10	6	10	4	5581162180546191360
10	6	10	6	481430242123776000
10	6	11	3	8519699024706355200
10	6	11	5	-416417764306452480
10	6	12	0	2236007332215296640
10	6	12	4	-405940083745996800
10	6	12	6	-10981953956413440
10	6	13	3	-97072628721868800
10	6	13	5	11766379239014400
10	7	0	0	-20283539954005077120
10	7	0	2	-52955400181248000
10	7	1	3	551484817191843840
10	7	2	0	92155672256540722560
10	7	2	2	10715138406105477120
10	7	2	4	916511759946915840
10	7	3	3	-22381767000905379840
10	7	3	5	407105881293864960
10	7	4	0	-494485442804050058880
10	7	4	2	-23724564674013388800
10	7	4	4	-8987662269135175680
10	7	4	6	223838005183119360
10	7	5	3	126505114856085104640
10	7	5	5	-695985475130081280
10	7	5	7	78741922902589440
10	7	6	0	561743937718120218240
10	7	6	2	47201370529378590720
10	7	6	4	25276792581935677440
10	7	6	6	-2319221974700851200
10	7	7	3	-239456813421074227200
10	7	7	5	-1747858260602880000
10	7	7	7	-302278385684643840
10	7	8	0	-570301124642665153920
10	7	8	2	72111228155352207360
10	7	8	4	-5127474441563504640
10	7	8	6	5480073040129228800
10	7	9	3	146817555136613222400
10	7	9	5	2245210011159920640
10	7	9	7	138683005792911360
10	7	10	0	84974969035096272000
10	7	10	2	-3493143836582400000
10	7	10	4	-14032508454940631040
10	7	10	6	-3491543019968593920
10	7	11	3	-17174501296746393600
10	7	11	5	1682200018537758720
10	7	11	7	144508568728043520
10	7	12	0	-2732897850485362560
10	7	12	4	1147221975803904000
10	7	12	6	92562183346913280
10	7	13	3	218413414624204800
10	7	13	5	-52948706575564800
10	7	13	7	-1176637923901440
10	8	0	0	13628920874020168320
10	8	0	2	-31747463377920000
10	8	1	3	-504730041356206080
10	8	2	0	-41513700432699711360
10	8	2	2	-12430054600905646080
10	8	2	4	-1300276998315786240
10	8	3	3	20499181573234360320
10	8	3	5	-629064902476431360
10	8	4	0	342942117148342131840
10	8	4	2	8269702335953879040
10	8	4	4	9603725526444441600
10	8	4	6	-272339850195763200
10	8	5	3	-124530031700196802560
10	8	5	5	-1707298991255715840
10	8	5	7	-255314045571563520
10	8	6	0	-323276367936924869760
10	8	6	2	-81481563640089722880
10	8	6	4	-27542561997509591040
10	8	6	6	5281712114755829760
10	8	6	8	-75774750900387840
10	8	7	3	252889146154822533120
10	8	7	5	4605306356544307200
10	8	7	7	1554531168567951360
10	8	8	0	472488976304100558720
10	8	8	2	-108938765737687818240
10	8	8	4	15061585025262551040
10	8	8	6	-15512105596737945600
10	8	8	8	69428279114956800
10	8	9	3	-188582968161954938880
10	8	9	5	-1882429121396736000
10	8	9	7	-803828714011361280
10	8	10	0	-74297553244239473280
10	8	10	2	5499017337353379840
10	8	10	4	23353275939329064960
10	8	10	6	11071935869050552320
10	8	10	8	131479829876736000
10	8	11	3	24511721230714798080
10	8	11	5	-4038221354829742080
10	8	11	7	-985238154946805760
10	8	12	0	2590929130979629440
10	8	12	4	-2153247400739635200
10	8	12	6	-345147124344422400
10	8	12	8	38436838847447040
10	8	13	3	-349461463398727680
10	8	13	5	141196550868172800
10	8	13	7	9413103391211520
10	9	0	0	-7125256517499250560
10	9	0	2	145883958972456960
10	9	1	3	379528629793136640
10	9	2	0	10179508580660787840
10	9	2	2	11139447871046246400
10	9	2	4	1242843737981829120
10	9	3	3	-13079842831599206400
10	9	3	5	619508769973862400
10	9	4	0	-189971295876628848000
10	9	4	2	10917351453781278720
10	9	4	4	-8226135551571886080
10	9	4	6	-20399178722181120
10	9	5	3	89571210167203799040
10	9	5	5	4241562516323205120
10	9	5	7	250271824365158400
10	9	6	0	122139646954735466880
10	9	6	2	97833971709328343040
10	9	6	4	15251311603218677760
10	9	6	6	-6941969582034124800
10	9	6	8	228274993828823040
10	9	7	3	-186883855850735861760
10	9	7	5	-8616591916510740480
10	9	7	7	-3653335627428003840
10	9	7	9	48769521517854720
10	9	8	0	-306883886759243187840
10	9	8	2	120248006058164920320
10	9	8	4	-28445230299768422400
10	9	8	6	25467865848051793920
10	9	8	8	-270497934379745280
10	9	9	3	176363306762042695680
10	9	9	5	-2759631131011645440
10	9	9	7	2145450717863608320
10	9	9	9	-84536164358553600
10	9	10	0	50412866282604397440
10	9	10	2	-6292071298062950400
10	9	10	4	-27006706522839859200
10	9	10	6	-20101205315386736640
10	9	10	8	-683812922819051520
10	9	11	3	-25396552949488680960
10	9	11	5	6394634903763025920
10	9	11	7	2882501438464327680
10	9	11	9	114683806395924480
10	9	12	0	-1904746986701919360
10	9	12	4	2816871189820047360
10	9	12	6	746772869036113920
10	9	12	8	-247093964019302400
10	9	13	3	407705040631848960
10	9	13	5	-247093964019302400
10	9	13	7	-32945861869240320
10	9	13	9	2091800753602560
10	10	0	0	2836472630157118080
10	10	0	2	-161063508727848960
10	10	1	3	-231448186185891840
10	10	2	0	640980175327839360
10	10	2	2	-7430717907576299520
10	10	2	4	-704474864968089600
10	10	3	3	5693689388215664640
10	10	3	5	-279852051806945280
10	10	4	0	83389181731947400320
10	10	4	2	-18327636512649953280
10	10	4	4	6621567142151946240
10	10	4	6	443478206563614720
10	10	5	3	-47997266272171868160
10	10	5	5	-3703894231835934720
10	10	5	7	54370579185008640
10	10	6	0	-21014839520439857280
10	10	6	2	-83015692698535280640
10	10	6	4	2082917362936872960
10	10	6	6	5666423312587161600
10	10	6	8	-292906447666053120
10	10	7	3	95683988916129300480
10	10	7	5	11719187062350151680
10	10	7	7	4843426453149450240
10	10	7	9	-140775009712865280
10	10	8	0	155381628369830850432
10	10	8	2	-97683620591507005440
10	10	8	4	36105332216144855040
10	10	8	6	-27098514160869703680
10	10	8	8	392741754201538560
10	10	8	10	-21110828527779840
10	10	9	3	-121348489360880517120
10	10	9	5	9484067540220641280
10	10	9	7	-3661974338084536320
10	10	9	9	326189807543255040
10	10	10	0	-26341247839918239360
10	10	10	2	5271590035776430080
10	10	10	4	22141640579742351360
10	10	10	6	22962777252904304640
10	10	10	8	1449070388929658880
10	10	10	10	27073367506944000
10	10	11	3	19249460252763586560
10	10	11	5	-7000211221930967040
10	10	11	7	-4697487225673482240
10	10	11	9	-559141661756620800
10	10	12	0	1076596122918476160
10	10	12	4	-2619196018604605440
10	10	12	6	-1032303671902863360
10	10	12	8	675390168319426560
10	10	12	10	19523473700290560
10	10	13	3	-349461463398727680
10	10	13	5	296512756823162880
10	10	13	7	65891723738480640
10	10	13	9	-12550804521615360
10	11	0	0	-832837464550903680
10	11	0	2	90591737402327040
10	11	1	3	105428717448468480
10	11	2	0	-1578461769050474880
10	11	2	2	3529068686753955840
10	11	2	4	174738385104814080
10	11	3	3	-1599226625475072000
10	11	3	5	-41308772591370240
10	11	4	0	-28321787656037969280
10	11	4	2	13351347397202411520
10	11	4	4	-4761231703593615360
10	11	4	6	-471012316657090560
10	11	5	3	19242076714105006080
10	11	5	5	1197995554398044160
10	11	5	7	-133782485054423040
10	11	6	0	-5670768772713052800
10	11	6	2	49611414705489838080
10	11	6	4	-10780361128444723200
10	11	6	6	-2568132816702013440
10	11	6	8	288179643832565760
10	11	7	3	-32511084578516459520
10	11	7	5	-11242766902450913280
10	11	7	7	-3481189372465643520
10	11	7	9	218995164339240960
10	11	8	0	-60361108601851981440
10	11	8	2	57930470864550789120
10	11	8	4	-31340301350153748480
10	11	8	6	19927952364935577600
10	11	8	8	-172250363205550080
10	11	8	10	53221586396774400
10	11	9	3	61202002885803141120
10	11	9	5	-12335599983461990400
10	11	9	7	4577389384298987520
10	11	9	9	-482775184020602880
10	11	9	11	9668086836756480
10	11	10	0	10414751476590552960
10	11	10	2	-3208859709611212800
10	11	10	4	-12866889120242319360
10	11	10	6	-17065761060284006400
10	11	10	8	-1561688574007541760
10	11	10	10	-93902017061191680
10	11	11	3	-10596675074307379200
10	11	11	5	5383510714490388480
10	11	11	7	4617650163577651200
10	11	11	9	1123197395124879360
10	11	11	11	10536477869998080
10	11	12	0	-459247297189000320
10	11	12	4	1729657748135116800
10	11	12	6	944448040251555840
10	11	12	8	-1015830740968243200
10	11	12	10	-86461097815572480
10	11	13	3	218413414624204800
10	11	13	5	-247093964019302400
10	11	13	7	-82364654673100800
10	11	13	9	31377011304038400
10	11	13	11	2789067671470080
10	12	0	0	172494970239588480
10	12	0	2	-28664765909176320
10	12	1	3	-33029375332884480
10	12	2	0	623065459415414400
10	12	2	2	-1134048145944637440
10	12	2	4	19229034865582080
10	12	3	3	251624921939804160
10	12	3	5	102671489451294720
10	12	4	0	7128928094980475520
10	12	4	2	-5721674075322163200
10	12	4	4	2514928381737615360
10	12	4	6	158915133401333760
10	12	5	3	-5665126175249080320
10	12	5	5	262544832762347520
10	12	5	7	-67248797568860160
10	12	6	0	4882266539375195520
10	12	6	2	-20392427511581368320
10	12	6	4	8768454425099550720
10	12	6	6	105011888422256640
10	12	6	8	-274602804088504320
10	12	7	3	6521993388107366400
10	12	7	5	7245586601784115200
10	12	7	7	894126908284600320
10	12	7	9	-215020430740684800
10	12	8	0	17440585686388402560
10	12	8	2	-24441358929369845760
10	12	8	4	18451829041229168640
10	12	8	6	-10595891566901329920
10	12	8	8	-137698403606691840
10	12	8	10	-68466673424793600
10	12	9	3	-22169406505061376000
10	12	9	5	9276584658512117760
10	12	9	7	-4231071847628144640
10	12	9	9	414685664740638720
10	12	9	11	-16196344133713920
10	12	10	0	-3018335381630236800
10	12	10	2	1383600130159104000
10	12	10	4	5191776918286295040
10	12	10	6	8227891382902456320
10	12	10	8	830514817428848640
10	12	10	10	171972073677127680
10	12	10	12	-3797082361036800
10	12	11	3	4134481543080345600
10	12	11	5	-2882650852803870720
10	12	11	7	-2754901592494571520
10	12	11	9	-1195049090851799040
10	12	11	11	-29750055162347520
10	12	12	0	143044240108049280
10	12	12	4	-794230598633472000
10	12	12	6	-571061605733498880
10	12	12	8	906011201404108800
10	12	12	10	150609654259384320
10	12	12	12	6507824566763520
10	12	13	3	-97072628721868800
10	12	13	5	141196550868172800
10	12	13	7	65891723738480640
10	12	13	9	-41836015072051200
10	12	13	11	-11156270685880320
10	13	0	0	-23582482195409280
10	13	0	2	5083373276467200
10	13	1	3	6592850087915520
10	13	2	0	-128407471330469760
10	13	2	2	230200632321454080
10	13	2	4	-20390099927408640
10	13	3	3	-11013081943818240
10	13	3	5	-44518555853291520
10	13	4	0	-1239455612971255680
10	13	4	2	1472898544026624000
10	13	4	4	-828557159677378560
10	13	4	6	12973222839582720
10	13	5	3	1158728436348088320
10	13	5	5	-315109999964897280
10	13	5	7	115114525510533120
10	13	6	0	-1471286649291338880
10	13	6	2	5467646551646822400
10	13	6	4	-3651613826461286400
10	13	6	6	552108120069242880
10	13	6	8	116182100189675520
10	13	7	3	-477329010060165120
10	13	7	5	-2933584540994764800
10	13	7	7	381150446309867520
10	13	7	9	24703170804449280
10	13	8	0	-3539748416137464960
10	13	8	2	6956941763038924800
10	13	8	4	-7075354183526154240
10	13	8	6	4120067209712762880
10	13	8	8	125578601987604480
10	13	8	10	-6035601468948480
10	13	9	3	5503532451926446080
10	13	9	5	-4233344031077990400
10	13	9	7	2664140682018816000
10	13	9	9	-351212239756984320
10	13	9	11	177083661680640
10	13	10	0	605825390704659840
10	13	10	2	-400995402946744320
10	13	10	4	-1384034365583400960
10	13	10	6	-2477737992642232320
10	13	10	8	-115999482663567360
10	13	10	10	-221664473508741120
10	13	10	12	5002613442478080
10	13	11	3	-1086485046779658240
10	13	11	5	1032191611148206080
10	13	11	7	939915805285416960
10	13	11	9	717122423433461760
10	13	11	11	24171919819407360
10	13	12	0	-30693703343022720
10	13	12	4	241210774399795200
10	13	12	6	219639079128268800
10	13	12	8	-477714997103984640
10	13	12	10	-128297112887623680
10	13	12	12	-15804716804997120
10	13	13	3	29121788616560640
10	13	13	5	-52948706575564800
10	13	13	7	-32945861869240320
10	13	13	9	31377011304038400
10	13	13	11	16734406028820480
10	14	0	0	1892554613389440
10	14	0	2	-462020035276800
10	14	1	3	-749723341086720
10	14	2	0	14169930028974720
10	14	2	2	-26332720945090560
10	14	2	4	4029460325130240
10	14	3	3	-2435592081162240
10	14	3	5	8354290664079360
10	14	4	0	131394298996920960
10	14	4	2	-209448813651517440
10	14	4	4	146043524373626880
10	14	4	6	-14436007669923840
10	14	5	3	-145895839366717440
10	14	5	5	86141517144883200
10	14	5	7	-40506042987970560
10	14	6	0	224628555046896000
10	14	6	2	-855568297814630400
10	14	6	4	793620490080337920
10	14	6	6	-254986638159052800
10	14	6	8	1313831646167040
10	14	7	3	-67722049397882880
10	14	7	5	663449472350945280
10	14	7	7	-280533723288698880
10	14	7	9	57124237863813120
10	14	8	0	450820853723560320
10	14	8	2	-1197980828465541120
10	14	8	4	1598920201034956800
10	14	8	6	-1079543505588387840
10	14	8	8	24220341133148160
10	14	8	10	40493130637639680
10	14	9	3	-845022135681884160
10	14	9	5	1096975178535075840
10	14	9	7	-990119023371878400
10	14	9	9	265736169809510400
10	14	9	11	7437513790586880
10	14	10	0	-75369174516155520
10	14	10	2	70108009632460800
10	14	10	4	218920022619217920
10	14	10	6	424112602792919040
10	14	10	8	-75624407800381440
10	14	10	10	167653956696145920
10	14	10	12	-2169274855587840
10	14	11	3	172965774813511680
10	14	11	5	-223822680635473920
10	14	11	7	-152701455012986880
10	14	11	9	-234281684403486720
10	14	11	11	-1239585631764480
10	14	12	0	4053885347191680
10	14	12	4	-43535603184353280
10	14	12	6	-48634367521259520
10	14	12	8	137274424455168000
10	14	12	10	52992285757931520
10	14	12	12	12085959909703680
10	14	13	3	-5294870657556480
10	14	13	5	11766379239014400
10	14	13	7	9413103391211520
10	14	13	9	-12550804521615360
10	14	13	11	-11156270685880320
10	15	0	0	-66844110453120
10	15	0	2	15736926965760
10	15	1	3	36921251727360
10	15	2	0	-660156520383360
10	15	2	2	1281954281287680
10	15	2	4	-259054028513280
10	15	3	3	279633086853120
10	15	3	5	-595582159011840
10	15	4	0	-6333621324750720
10	15	4	2	12572594112798720
10	15	4	4	-10357319009157120
10	15	4	6	1743167294668800
10	15	5	3	8405334798981120
10	15	5	5	-7974990373109760
10	15	5	7	4440234470031360
10	15	6	0	-14355595503849600
10	15	6	2	58635789874421760
10	15	6	4	-69683112604385280
10	15	6	6	33526917634129920
10	15	6	8	-4096443142471680
10	15	7	3	11962485559664640
10	15	7	5	-62666864243343360
10	15	7	7	44102132555120640
10	15	7	9	-14410182969262080
10	15	8	0	-27097603688098944
10	15	8	2	94229087072440320
10	15	8	4	-161853083309998080
10	15	8	6	140673600679772160
10	15	8	8	-31522275245260800
10	15	8	10	-495834252705792
10	15	9	3	60940039142062080
10	15	9	5	-124723619933552640
10	15	9	7	161330133121597440
10	15	9	9	-88088053957263360
10	15	9	11	18283888068526080
10	15	10	0	4384814763288960
10	15	10	2	-5589030138531840
10	15	10	4	-15492399331368960
10	15	10	6	-31899961492439040
10	15	10	8	26060351055298560
10	15	10	10	-51132907310284800
10	15	10	12	13945338357350400
10	15	11	3	-12648857681940480
10	15	11	5	22356120554127360
10	15	11	7	5752452072407040
10	15	11	9	33468812057640960
10	15	11	11	-3718756895293440
10	15	11	13	3718756895293440
10	15	12	0	-248197062072960
10	15	12	4	3529913771704320
10	15	12	6	4706551695605760
10	15	12	8	-16472930934620160
10	15	12	10	-8367203014410240
10	15	12	12	-2789067671470080
10	15	13	3	441239221463040
10	15	13	5	-1176637923901440
10	15	13	7	-1176637923901440
10	15	13	9	2091800753602560
10	15	13	11	2789067671470080
10	15	13	15	247917126352896
11	0	0	0	-70255637309877120
11	0	2	0	466944960050547840
11	0	4	0	-1019366161659135360
11	0	6	0	789594583868853120
11	0	8	0	-210107918287186560
11	0	10	0	16755822505906560
11	0	12	0	-278281554445440
11	1	0	0	637378733622314880
11	1	2	0	-4370913330971448960
11	1	4	0	10147354667804845440
11	1	6	0	-8671074906007889280
11	1	8	0	2568488579160888960
11	1	10	0	-222791948009965440
11	1	12	0	4008758608632960
11	2	0	0	-2655050755183989120
11	2	2	0	18851302198860647040
11	2	4	0	-46447502295126821760
11	2	6	0	43788046503551886720
11	2	8	0	-14582051007142055040
11	2	10	0	1377326990051314560
11	2	12	0	-26903057304090240
11	3	0	0	6761152422371352960
11	3	0	2	-1407028566343680
11	3	1	3	-10046236859504640
11	3	2	0	-49573976467239642240
11	3	2	2	-142081674101637120
11	3	3	3	300258661822156800
11	3	4	0	129791421006635767680
11	3	4	2	287449941245460480
11	3	5	3	-1220754646340167680
11	3	6	0	-134573374766238168960
11	3	6	2	16247242142023680
11	3	7	3	1310488422116843520
11	3	8	0	51029777909764621440
11	3	8	2	-75738572777963520
11	3	9	3	-389102939032872960
11	3	10	0	-5251264425608135040
11	3	10	2	2796425195765760
11	3	11	3	26676826696765440
11	3	12	0	111560818840248960
11	3	13	3	-200563282483200
11	4	0	0	-11843328069779322240
11	4	0	2	9254122093301760
11	4	1	3	65624306028503040
11	4	2	0	88521160255878994560
11	4	2	2	883198119818096640
11	4	2	4	19791849194496000
11	4	3	3	-2041413902158233600
11	4	4	0	-248141953308199098240
11	4	4	2	-2319151976636866560
11	4	4	4	-242005387023728640
11	4	5	3	9164071285503713280
11	4	6	0	280563610203268525440
11	4	6	2	11070831979192320
11	4	6	4	368308828505456640
11	4	7	3	-11190637725401088000
11	4	8	0	-123208635538682939520
11	4	8	2	869929695463772160
11	4	8	4	31041351467827200
11	4	9	3	3778823106888376320
11	4	10	0	13808239238360050560
11	4	10	2	-34337707378790400
11	4	10	4	-76642307500400640
11	4	11	3	-288963936895795200
11	4	12	0	-319625168088320640
11	4	12	4	3957782107668480
11	4	13	3	2406759389798400
11	5	0	0	15244000258113141120
11	5	0	2	-6537628344913920
11	5	1	3	-195323952426946560
11	5	2	0	-112902725724027108480
11	5	2	2	-2487770597402357760
11	5	2	4	-111463815637278720
11	5	3	3	6383868451257876480
11	5	3	5	-31749241083494400
11	5	4	0	345207754263847374720
11	5	4	2	8144876370970828800
11	5	4	4	1457157730295070720
11	5	5	3	-30889162743009546240
11	5	5	5	146433236133888000
11	5	6	0	-418271791371564597120
11	5	6	2	-1014578721072046080
11	5	6	4	-2601761167555706880
11	5	7	3	42970553067790172160
11	5	7	5	46670561569013760
11	5	8	0	217678827324524711040
11	5	8	2	-4575109230197821440
11	5	8	4	-216458800135372800
11	5	9	3	-16691146561359360000
11	5	9	5	-67316993740800000
11	5	10	0	-26525693713761601920
11	5	10	2	192114156265574400
11	5	10	4	709671159634452480
11	5	11	3	1428163381400371200
11	5	11	5	-23644819232686080
11	5	12	0	670049335242967680
11	5	12	4	-41182327336550400
11	5	13	3	-13237176643891200
11	5	13	5	534835419955200
11	6	0	0	-15035672846080252800
11	6	0	2	-50617078828093440
11	6	1	3	328168940461793280
11	6	2	0	105067499772197865600
11	6	2	2	4354952425158758400
11	6	2	4	301750029820108800
11	6	3	3	-12109916632821350400
11	6	3	5	128368337205657600
11	6	4	0	-363404364037061385600
11	6	4	2	-16042987450287267840
11	6	4	4	-3837571349338275840
11	6	4	6	48921180361850880
11	6	5	3	61877043305062686720
11	6	5	5	-577126730820648960
11	6	6	0	457132200231597528960
11	6	6	2	5936572006427566080
11	6	6	4	8193574539982356480
11	6	6	6	-318540400922787840
11	6	7	3	-97831181030837944320
11	6	7	5	-340942625726791680
11	6	8	0	-291221993112063765120
11	6	8	2	14572986062059008000
11	6	8	4	451447329299005440
11	6	8	6	548714758272122880
11	6	9	3	44353097425864581120
11	6	9	5	453295417502269440
11	6	10	0	38459743048801514880
11	6	10	2	-647781199890739200
11	6	10	4	-2963855783151820800
11	6	10	6	-256989007019704320
11	6	11	3	-4257519158023372800
11	6	11	5	210219184176168960
11	6	12	0	-1061538834486049920
11	6	12	4	194145257443737600
11	6	12	6	5277042810224640
11	6	13	3	44123922146304000
11	6	13	5	-5348354199552000
11	7	0	0	11661949002666902400
11	7	0	2	134875272919633920
11	7	1	3	-356053701770496000
11	7	2	0	-71279293187327621760
11	7	2	2	-5579552439124807680
11	7	2	4	-560003181413621760
11	7	3	3	15384298720628183040
11	7	3	5	-258550674203197440
11	7	4	0	297597813222866497920
11	7	4	2	18681697045488476160
11	7	4	4	5804049345437122560
11	7	4	6	-167629305845514240
11	7	5	3	-82280857922398771200
11	7	5	5	506433329998479360
11	7	5	7	-56001251980984320
11	7	6	0	-368143042680858648960
11	7	6	2	-17688664413471744000
11	7	6	4	-14930750030873149440
11	7	6	6	1590697623438950400
11	7	7	3	146500554934358138880
11	7	7	5	1141905852494807040
11	7	7	7	187277988065771520
11	7	8	0	301108404103880100480
11	7	8	2	-31320622051489935360
11	7	8	4	485550368658063360
11	7	8	6	-3404327072086425600
11	7	9	3	-79026006161528616960
11	7	9	5	-1190835681938472960
11	7	9	7	-58883152163143680
11	7	10	0	-42864388120947381120
11	7	10	2	1466385012662169600
11	7	10	4	7366803418118430720
11	7	10	6	1850141866791075840
11	7	11	3	8524340632100966400
11	7	11	5	-840701854011801600
11	7	11	7	-73355649154744320
11	7	12	0	1293851284586340480
11	7	12	4	-547136634614169600
11	7	12	6	-44355684161617920
11	7	13	3	-99278824829184000
11	7	13	5	24067593897984000
11	7	13	7	534835419955200
11	8	0	0	-7190493485593979520
11	8	0	2	-142363023218565120
11	8	1	3	288233452279480320
11	8	2	0	34281863788999904640
11	8	2	2	5765210897504624640
11	8	2	4	780802463759155200
11	8	3	3	-13587858571098193920
11	8	3	5	393488061606789120
11	8	4	0	-193358929636028741760
11	8	4	2	-11438619453816422400
11	8	4	4	-5734727985033216000
11	8	4	6	213461893286461440
11	8	5	3	76968644453592514560
11	8	5	5	990213176463851520
11	8	5	7	176494556658401280
11	8	6	0	214921675607094794880
11	8	6	2	33020563597056000000
11	8	6	4	16713859148160860160
11	8	6	6	-3457877136550133760
11	8	6	8	48737721146572800
11	8	7	3	-151126875853246955520
11	8	7	5	-2502937702009405440
11	8	7	7	-916569321327820800
11	8	8	0	-243277957754279671680
11	8	8	2	47858735938636062720
11	8	8	4	-4467056704578846720
11	8	8	6	9242461302517923840
11	8	8	8	-32527542351790080
11	8	9	3	99592031765098414080
11	8	9	5	1236268176786063360
11	8	9	7	343509023077171200
11	8	10	0	37035210101579902080
11	8	10	2	-2347980977145323520
11	8	10	4	-12104196832483983360
11	8	10	6	-5816516343838801920
11	8	10	8	-66125161876193280
11	8	11	3	-12073588704236666880
11	8	11	5	1995102509674659840
11	8	11	7	497658415652536320
11	8	12	0	-1222866924833473920
11	8	12	4	1023674993794252800
11	8	12	6	164871932124856320
11	8	12	8	-18469649835786240
11	8	13	3	158846119726694400
11	8	13	5	-64180250394624000
11	8	13	7	-4278683359641600
11	9	0	0	3508303804404485760
11	9	0	2	62538934745456640
11	9	1	3	-197452363031470080
11	9	2	0	-10711933476979985280
11	9	2	2	-4875111297755504640
11	9	2	4	-760115949768622080
11	9	3	3	8385692516500930560
11	9	3	5	-397646006106193920
11	9	4	0	100752872403072182400
11	9	4	2	118485527721984000
11	9	4	4	4336850476185845760
11	9	4	6	-51050015438929920
11	9	5	3	-52455777415447633920
11	9	5	5	-2591753971892060160
11	9	5	7	-179552094151311360
11	9	6	0	-86035545134195034240
11	9	6	2	-41595270564427776000
11	9	6	4	-10462975525063065600
11	9	6	6	4333246334136483840
11	9	6	8	-139836468240875520
11	9	7	3	109095670972980264960
11	9	7	5	4205470333265510400
11	9	7	7	2073001790460395520
11	9	7	9	-30031469582745600
11	9	8	0	154097358946475322240
11	9	8	2	-53316703057572864000
11	9	8	4	10849689875396689920
11	9	8	6	-14488452864171048960
11	9	8	8	127295009371422720
11	9	9	3	-91220615436102082560
11	9	9	5	744030645720514560
11	9	9	7	-925751395553771520
11	9	9	9	52090072364482560
11	9	10	0	-24816325090541973120
11	9	10	2	2726858388641587200
11	9	10	4	13800570446774845440
11	9	10	6	10452003236020224000
11	9	10	8	342695283792445440
11	9	11	3	12402833388761088000
11	9	11	5	-3119065087326289920
11	9	11	7	-1448096612607590400
11	9	11	9	-57900320426557440
11	9	12	0	895908661729361280
11	9	12	4	-1334307405704232960
11	9	12	6	-355415964407562240
11	9	12	8	118305594894090240
11	9	13	3	-185320473014476800
11	9	13	5	112315438190592000
11	9	13	7	14975391758745600
11	9	13	9	-950818524364800
11	10	0	0	-1328371588630408320
11	10	0	2	5680935098081280
11	10	1	3	114848201835233280
11	10	2	0	1489591924170733440
11	10	2	2	3204235965134315520
11	10	2	4	451591708015411200
11	10	3	3	-3546064596900741120
11	10	3	5	196578343806566400
11	10	4	0	-41996474884399340160
11	10	4	2	6056225312569344000
11	10	4	4	-3110415937789132800
11	10	4	6	-201204654467973120
11	10	5	3	26611905455151759360
11	10	5	5	2310461170741739520
11	10	5	7	-14967013565399040
11	10	6	0	19551146986174953600
11	10	6	2	36388219752220999680
11	10	6	4	1080123429426462720
11	10	6	6	-3400892767432212480
11	10	6	8	165103280551526400
11	10	7	3	-54623473622531112960
11	10	7	5	-5503214558262067200
11	10	7	7	-2685273968490577920
11	10	7	9	80345829337989120
11	10	8	0	-76165920650372976000
11	10	8	2	43630311043816611840
11	10	8	4	-15156619336772812800
11	10	8	6	14650155285119631360
11	10	8	8	-181945132556451840
11	10	8	10	12435793017569280
11	10	9	3	61379280730375372800
11	10	9	5	-3890357580880281600
11	10	9	7	1603192412095119360
11	10	9	9	-191486414566195200
11	10	10	0	12798270596031212160
11	10	10	2	-2314194659616153600
11	10	10	4	-11138838098685050880
11	10	10	6	-11792505851324006400
11	10	10	8	-723715200558858240
11	10	10	10	-13543185076715520
11	10	11	3	-9311179041180057600
11	10	11	5	3367418885890375680
11	10	11	7	2345669299607961600
11	10	11	9	279522535334215680
11	10	12	0	-504419162486279040
11	10	12	4	1235469820096512000
11	10	12	6	489196130785689600
11	10	12	8	-321970922813030400
11	10	12	10	-9381409440399360
11	10	13	3	158846119726694400
11	10	13	5	-134778525828710400
11	10	13	7	-29950783517491200
11	10	13	9	5704911146188800
11	11	0	0	377623751643999360
11	11	0	2	-18125830290677760
11	11	1	3	-51202308573112320
11	11	2	0	341876335082117760
11	11	2	2	-1528326363818188800
11	11	2	4	-134790388486225920
11	11	3	3	976618419785625600
11	11	3	5	-1155129701990400
11	11	4	0	13714495926795423360
11	11	4	2	-5395799913310863360
11	11	4	4	2146549277023764480
11	11	4	6	234127587563274240
11	11	5	3	-10125322345777305600
11	11	5	5	-829907795069337600
11	11	5	7	74488720795729920
11	11	6	0	276008443708993920
11	11	6	2	-22167558046805114880
11	11	6	4	4150708207373352960
11	11	6	6	1534194603780341760
11	11	6	8	-146466708596490240
11	11	7	3	18215459060691640320
11	11	7	5	5251148910458634240
11	11	7	7	1917582898426675200
11	11	7	9	-116490451888373760
11	11	8	0	28943220413173196160
11	11	8	2	-26022735059302195200
11	11	8	4	13726545959479541760
11	11	8	6	-10205840035104030720
11	11	8	8	69898309306122240
11	11	8	10	-28622023981793280
11	11	9	3	-30243020807150622720
11	11	9	5	5401785847056629760
11	11	9	7	-2037857707367792640
11	11	9	9	267614974830182400
11	11	9	11	-5266381414072320
11	11	10	0	-4992419602127629440
11	11	10	2	1424152115750707200
11	11	10	4	6363130289478451200
11	11	10	6	8631236959782174720
11	11	10	8	778565587718799360
11	11	10	10	46042371210608640
11	11	11	3	5071328553280204800
11	11	11	5	-2552781344677724160
11	11	11	7	-2290046415932620800
11	11	11	9	-554300033461125120
11	11	11	11	-5240066534277120
11	11	12	0	214224149061336960
11	11	12	4	-811880167491993600
11	11	12	6	-445268314960035840
11	11	12	8	481708434906316800
11	11	12	10	41328911859056640
11	11	13	3	-99278824829184000
11	11	13	5	112315438190592000
11	11	13	7	37438479396864000
11	11	13	9	-14262277865472000
11	11	13	11	-1267758032486400
11	12	0	0	-76885962494497920
11	12	0	2	8092073448345600
11	12	1	3	15800941296967680
11	12	2	0	-229015799303345280
11	12	2	2	495802741362831360
11	12	2	4	6022152985190400
11	12	3	3	-154985325365329920
11	12	3	5	-44918687145000960
11	12	4	0	-3359783419482245760
11	12	4	2	2474752688043171840
11	12	4	4	-1132857079581818880
11	12	4	6	-80360612108697600
11	12	5	3	2845422541741547520
11	12	5	5	-57849819076362240
11	12	5	7	28992147925893120
11	12	6	0	-1871516795564684160
11	12	6	2	9215244651941683200
11	12	6	4	-3827503034463928320
11	12	6	6	-138212017817518080
11	12	6	8	131987571612549120
11	12	7	3	-3630330656432455680
11	12	7	5	-3387051721135226880
11	12	7	7	-524073756371189760
11	12	7	9	111739171346841600
11	12	8	0	-8205248242373293440
11	12	8	2	11027332652085596160
11	12	8	4	-8245966599778959360
11	12	8	6	5154995326494965760
11	12	8	8	77029370842152960
11	12	8	10	36221967657861120
11	12	9	3	10701055455196815360
11	12	9	5	-4165544314086359040
11	12	9	7	1909175333030461440
11	12	9	9	-210065493668659200
11	12	9	11	8498777413386240
11	12	10	0	1427235014004946560
11	12	10	2	-619625935283097600
11	12	10	4	-2520324018068152320
11	12	10	6	-4082749962580131840
11	12	10	8	-416635355468759040
11	12	10	10	-82078586775797760
11	12	10	12	2054727731773440
11	12	11	3	-1955511105476198400
11	12	11	5	1347921089504870400
11	12	11	7	1355296724629585920
11	12	11	9	579981189033492480
11	12	11	11	14649648375398400
11	12	12	0	-66388953542970240
11	12	12	4	370640946028953600
11	12	12	6	267560332756254720
11	12	12	8	-426798665124249600
11	12	12	10	-71501553032232960
11	12	12	12	-3127136480133120
11	12	13	3	44123922146304000
11	12	13	5	-64180250394624000
11	12	13	7	-29950783517491200
11	12	13	9	19016370487296000
11	12	13	11	5071032129945600
11	13	0	0	10465225926480000
11	13	0	2	-1711677719531520
11	13	1	3	-3105645591859200
11	13	2	0	53561325117456000
11	13	2	2	-101761588388229120
11	13	2	4	7002570912030720
11	13	3	3	8655215503933440
11	13	3	5	20513909663170560
11	13	4	0	573949809854628480
11	13	4	2	-655729259838382080
11	13	4	4	374413155023831040
11	13	4	6	-4295284952924160
11	13	5	3	-559588159721410560
11	13	5	5	138775548065955840
11	13	5	7	-54077174725017600
11	13	6	0	638548828954807680
11	13	6	2	-2484520215134330880
11	13	6	4	1645200726745006080
11	13	6	6	-243357222064619520
11	13	6	8	-52327593178398720
11	13	7	3	287232088869273600
11	13	7	5	1366439412193689600
11	13	7	7	-160090673259479040
11	13	7	9	-12033639736934400
11	13	8	0	1640026773285114240
11	13	8	2	-3149159767040102400
11	13	8	4	3193517573564497920
11	13	8	6	-1928966289744199680
11	13	8	8	-62954625193574400
11	13	8	10	2265865943777280
11	13	9	3	-2597500801819422720
11	13	9	5	1921431052938608640
11	13	9	7	-1210994166581821440
11	13	9	9	162821383815168000
11	13	9	11	-48295544094720
11	13	10	0	-282599753547047040
11	13	10	2	180852050422517760
11	13	10	4	658585299846389760
11	13	10	6	1200313305158123520
11	13	10	8	63863688195440640
11	13	10	10	103445030822215680
11	13	10	12	-2547589950996480
11	13	11	3	507360160381501440
11	13	11	5	-476662305166295040
11	13	11	7	-457724037629214720
11	13	11	9	-340863913277521920
11	13	11	11	-11888753104650240
11	13	12	0	14162274784344960
11	13	12	4	-111780602770636800
11	13	12	6	-102117909516779520
11	13	12	8	223133337205309440
11	13	12	10	60345282346352640
11	13	12	12	7522030992752640
11	13	13	3	-13237176643891200
11	13	13	5	24067593897984000
11	13	13	7	14975391758745600
11	13	13	9	-14262277865472000
11	13	13	11	-7606548194918400
11	14	0	0	-845237362919040
11	14	0	2	178241790504960
11	14	1	3	347239512023040
11	14	2	0	-6242645654743680
11	14	2	2	11786518103592960
11	14	2	4	-1678532177387520
11	14	3	3	974148793712640
11	14	3	5	-3846119623557120
11	14	4	0	-60166477703928960
11	14	4	2	94515983356354560
11	14	4	4	-66150117476352000
11	14	4	6	6401004214026240
11	14	5	3	68196798369423360
11	14	5	5	-39303140169646080
11	14	5	7	18754601930588160
11	14	6	0	-101011004474889600
11	14	6	2	389326510904647680
11	14	6	4	-360459264330547200
11	14	6	6	115980491447009280
11	14	6	8	-860725534556160
11	14	7	3	27977835079434240
11	14	7	5	-305973401140592640
11	14	7	7	128191466384916480
11	14	7	9	-26519619879567360
11	14	8	0	-206506919647566720
11	14	8	2	543603749534576640
11	14	8	4	-725260599922360320
11	14	8	6	495202134464593920
11	14	8	8	-11123696347545600
11	14	8	10	-17936428459622400
11	14	9	3	390804241361264640
11	14	9	5	-499449123873423360
11	14	9	7	450941532155412480
11	14	9	9	-121014547301007360
11	14	9	11	-3380688086630400
11	14	10	0	34694940828562560
11	14	10	2	-31778137869004800
11	14	10	4	-101945573659238400
11	14	10	6	-199434185485516800
11	14	10	8	33196772313169920
11	14	10	10	-77107860775895040
11	14	10	12	1042378826711040
11	14	11	3	-79690477573324800
11	14	11	5	102355614147870720
11	14	11	7	73213026376089600
11	14	11	9	108773639187333120
11	14	11	11	788827220213760
11	14	12	0	-1857717404000640
11	14	12	4	20002844706324480
11	14	12	6	22391776248791040
11	14	12	8	-63395825112023040
11	14	12	10	-24594505830236160
11	14	12	12	-5662652545105920
11	14	13	3	2406759389798400
11	14	13	5	-5348354199552000
11	14	13	7	-4278683359641600
11	14	13	9	5704911146188800
11	14	13	11	5071032129945600
11	15	0	0	30383686569600
11	15	0	2	-7153148620800
11	15	1	3	-16782387148800
11	15	2	0	300071145628800
11	15	2	2	-582706491494400
11	15	2	4	117751831142400
11	15	3	3	-127105948569600
11	15	3	5	270719163187200
11	15	4	0	2878918783977600
11	15	4	2	-5714815505817600
11	15	4	4	4707872276889600
11	15	4	6	-792348770304000
11	15	5	3	-3820606726809600
11	15	5	5	3624995624140800
11	15	5	7	-2018288395468800
11	15	6	0	6525270683568000
11	15	6	2	-26652631761100800
11	15	6	4	31674142092902400
11	15	6	6	-15239508015513600
11	15	6	8	1862019610214400
11	15	7	3	-5437493436211200
11	15	7	5	28484938292428800
11	15	7	7	-20046423888691200
11	15	7	9	6550083167846400
11	15	8	0	12317092585499520
11	15	8	2	-42831403214745600
11	15	8	4	73569583322726400
11	15	8	6	-63942545763532800
11	15	8	8	14328306929664000
11	15	8	10	225379205775360
11	15	9	3	-27700017791846400
11	15	9	5	56692554515251200
11	15	9	7	-73331878691635200
11	15	9	9	40040024526028800
11	15	9	11	-8310858212966400
11	15	10	0	-1993097619676800
11	15	10	2	2540468244787200
11	15	10	4	7041999696076800
11	15	10	6	14499982496563200
11	15	10	8	-11845614116044800
11	15	10	10	23242230595584000
11	15	10	12	-6338790162432000
11	15	11	3	5749480764518400
11	15	11	5	-10161872979148800
11	15	11	7	-2614750942003200
11	15	11	9	-15213096389836800
11	15	11	11	1690344043315200
11	15	11	13	-1690344043315200
11	15	12	0	112816846396800
11	15	12	4	-1604506259865600
11	15	12	6	-2139341679820800
11	15	12	8	7487695879372800
11	15	12	10	3803274097459200
11	15	12	12	1267758032486400
11	15	13	3	-200563282483200
11	15	13	5	534835419955200
11	15	13	7	534835419955200
11	15	13	9	-950818524364800
11	15	13	11	-1267758032486400
11	15	13	15	-112689602887680
12	0	0	0	50082497479451520
12	0	2	0	-317166835283026560
12	0	4	0	611414494309595520
12	0	6	0	-404773042371096960
12	0	8	0	92799997157243520
12	0	10	0	-6564673164827520
12	0	12	0	97774600210560
12	1	0	0	-431270041677863040
12	1	2	0	2819280346051271040
12	1	4	0	-5911708129565328000
12	1	6	0	4372697462588703360
12	1	8	0	-1118831664620476800
12	1	10	0	86717309518108800
12	1	12	0	-1406450018413440
12	2	0	0	1706027508922492800
12	2	2	0	-11561107007994168960
12	2	4	0	26206417465175018880
12	2	6	0	-21714847274604481920
12	2	8	0	6255808822942254720
12	2	10	0	-532301205538039680
12	2	12	0	9423967235679360
12	3	0	0	-4108055864346207360
12	3	0	2	-761699675013120
12	3	1	3	6637101855713280
12	3	2	0	28994950165176247680
12	3	2	2	75916067609640960
12	3	3	3	-181355931997655040
12	3	4	0	-70660174212859674240
12	3	4	2	-112985451793612800
12	3	5	3	673375572593326080
12	3	6	0	65623937573060081280
12	3	6	2	-11350265527664640
12	3	7	3	-627189742356848640
12	3	8	0	-21527846380046171520
12	3	8	2	21026672510238720
12	3	9	3	161625255828756480
12	3	10	0	2013869721914432640
12	3	10	2	-733488575938560
12	3	11	3	-9888088180838400
12	3	12	0	-39012065484013440
12	3	13	3	66854427494400
12	4	0	0	6745096780610544000
12	4	0	2	-2959520612290560
12	4	1	3	-39782939276206080
12	4	2	0	-49627334234751788160
12	4	2	2	-469964291498864640
12	4	2	4	-11430784706273280
12	4	3	3	1165016126545182720
12	4	4	0	129745009046808270720
12	4	4	2	954266874102374400
12	4	4	4	128624979843072000
12	4	5	3	-4888279955338076160
12	4	6	0	-134588159667774691200
12	4	6	2	62273846192578560
12	4	6	4	-166286797107609600
12	4	7	3	5257794220597739520
12	4	8	0	51028254902235415680
12	4	8	2	-251693515979182080
12	4	8	4	-23425399573217280
12	4	9	3	-1551899286348963840
12	4	10	0	-5251264425608135040
12	4	10	2	9429657820876800
12	4	10	4	30158383248875520
12	4	11	3	106635995397734400
12	4	12	0	111560818840248960
12	4	12	4	-1390572091883520
12	4	13	3	-802253129932800
12	5	0	0	-8040408200789904000
12	5	0	2	7319898613002240
12	5	1	3	111723886706872320
12	5	2	0	61116364471240091520
12	5	2	2	1270799225971937280
12	5	2	4	58659690944471040
12	5	3	3	-3454663603579084800
12	5	3	5	17582567498219520
12	5	4	0	-172363769541118293120
12	5	4	2	-3506584172321710080
12	5	4	4	-745688700825845760
12	5	5	3	15882639056883118080
12	5	5	5	-70580643497164800
12	5	6	0	197601082737888504960
12	5	6	2	28765329625128960
12	5	6	4	1151315719736279040
12	5	7	3	-19795885863195525120
12	5	7	5	-26574855328235520
12	5	8	0	-88353998969799876480
12	5	8	2	1368664377606696960
12	5	8	4	172890414609039360
12	5	9	3	6767694461761597440
12	5	9	5	24932603662663680
12	5	10	0	9996338505566413440
12	5	10	2	-54801529280409600
12	5	10	4	-276957567404236800
12	5	11	3	-524431597619404800
12	5	11	5	8778092448153600
12	5	12	0	-233387970702606720
12	5	12	4	14440556338790400
12	5	13	3	4412392214630400
12	5	13	5	-178278473318400
12	6	0	0	7254212469689404800
12	6	0	2	20787759764951040
12	6	1	3	-175718120166973440
12	6	2	0	-55475292477055086720
12	6	2	2	-2031990317560074240
12	6	2	4	-145453488172277760
12	6	3	3	6244027208607744000
12	6	3	5	-64904335270871040
12	6	4	0	172139439334838002560
12	6	4	2	7275317435958435840
12	6	4	4	1901685503904399360
12	6	4	6	-26650084925767680
12	6	5	3	-30559807271148134400
12	6	5	5	290905800882094080
12	6	6	0	-213177766354126035840
12	6	6	2	-1159557953676779520
12	6	6	4	-3566054148722933760
12	6	6	6	162475555986800640
12	6	7	3	44139590886772408320
12	6	7	5	175441690578124800
12	6	8	0	115645872079687248000
12	6	8	2	-4478222324544860160
12	6	8	4	-493918616527994880
12	6	8	6	-249939366817628160
12	6	9	3	-17726847874855280640
12	6	9	5	-173220501882470400
12	6	10	0	-14351682973985596800
12	6	10	2	190751599362355200
12	6	10	4	1145974091794145280
12	6	10	6	100219929462374400
12	6	11	3	1554715629103104000
12	6	11	5	-77450960370401280
12	6	12	0	368903566594442880
12	6	12	4	-67924098334310400
12	6	12	6	-1854096122511360
12	6	13	3	-14707974048768000
12	6	13	5	1782784733184000
12	7	0	0	-5106961623352602240
12	7	0	2	-82524027791831040
12	7	1	3	174330829574461440
12	7	2	0	37254856104916732800
12	7	2	2	2263231537700106240
12	7	2	4	248512551299850240
12	7	3	3	-7594597431331614720
12	7	3	5	118628063429345280
12	7	4	0	-132878285908609104000
12	7	4	2	-9158242036550492160
12	7	4	4	-2772975111480852480
12	7	4	6	88473141264384000
12	7	5	3	38881968310903818240
12	7	5	5	-299859559664762880
12	7	5	7	28387026622955520
12	7	6	0	170252015304069855360
12	7	6	2	4530932270749900800
12	7	6	4	6447195185298554880
12	7	6	6	-780673728851804160
12	7	7	3	-64667055395317063680
12	7	7	5	-520196210460426240
12	7	7	7	-84458283923865600
12	7	8	0	-116803443800431520640
12	7	8	2	9832558126045777920
12	7	8	4	520406400562790400
12	7	8	6	1506661287003095040
12	7	9	3	31078595653074708480
12	7	9	5	480281858834595840
12	7	9	7	19431439343124480
12	7	10	0	15826274753321324160
12	7	10	2	-443512271997849600
12	7	10	4	-2818673630897725440
12	7	10	6	-716225995443732480
12	7	11	3	-3093354360165888000
12	7	11	5	306983645822730240
12	7	11	7	27177562821427200
12	7	12	0	-448492091165838720
12	7	12	4	190936244924006400
12	7	12	6	15545882873364480
12	7	13	3	33092941609728000
12	7	13	5	-8022531299328000
12	7	13	7	-178278473318400
12	8	0	0	2863747751525550720
12	8	0	2	109880467701719040
12	8	1	3	-126123595725127680
12	8	2	0	-18192511021435148160
12	8	2	2	-2019158893143613440
12	8	2	4	-336806173324984320
12	8	3	3	6448527767909007360
12	8	3	5	-177324520227471360
12	8	4	0	81037305914355653760
12	8	4	2	6740832877036093440
12	8	4	4	2576163121532928000
12	8	4	6	-114252861540925440
12	8	5	3	-34664994744173936640
12	8	5	5	-358097063675166720
12	8	5	7	-87108559953592320
12	8	6	0	-99517570453708444800
12	8	6	2	-9508586947060285440
12	8	6	4	-7301121688571904000
12	8	6	6	1623582883687956480
12	8	6	8	-22888343835279360
12	8	7	3	65212759380636794880
12	8	7	5	996294467787816960
12	8	7	7	393766341460623360
12	8	8	0	92080598271282311040
12	8	8	2	-15278450992533872640
12	8	8	4	613696935279329280
12	8	8	6	-3957181547933859840
12	8	8	8	11952711806976000
12	8	9	3	-38466015262416322560
12	8	9	5	-586913805417185280
12	8	9	7	-112806781499473920
12	8	10	0	-13519056683813028480
12	8	10	2	726359983841157120
12	8	10	4	4576963358972067840
12	8	10	6	2232434127344762880
12	8	10	8	24801009914511360
12	8	11	3	4350351305915596800
12	8	11	5	-721005687025827840
12	8	11	7	-183507975202406400
12	8	12	0	422679596710250880
12	8	12	4	-356200389690163200
12	8	12	6	-57619602576506880
12	8	12	8	6489336428789760
12	8	13	3	-52948706575564800
12	8	13	5	21393416798208000
12	8	13	7	1426227786547200
12	9	0	0	-1287736648358209920
12	9	0	2	-73691679043952640
12	9	1	3	77844152563752960
12	9	2	0	6128650441581632640
12	9	2	2	1559156243300720640
12	9	2	4	331141924472832000
12	9	3	3	-3839226516579041280
12	9	3	5	181883224866816000
12	9	4	0	-39662312345323378560
12	9	4	2	-1997264881711595520
12	9	4	4	-1738231077924864000
12	9	4	6	46718276637818880
12	9	5	3	22441479147969454080
12	9	5	5	1094448863003443200
12	9	5	7	90755976435793920
12	9	6	0	40839532591151433600
12	9	6	2	12772455513585500160
12	9	6	4	4901163843836805120
12	9	6	6	-1942259173876039680
12	9	6	8	62876183632773120
12	9	7	3	-46004534002735349760
12	9	7	5	-1509695141104189440
12	9	7	7	-856202909680926720
12	9	7	9	13571976651079680
12	9	8	0	-56885379278369016960
12	9	8	2	17242444365738762240
12	9	8	4	-2856788240655974400
12	9	8	6	5970061113352519680
12	9	8	8	-46638142024089600
12	9	9	3	34536546976180838400
12	9	9	5	-24493677272432640
12	9	9	7	302578433361838080
12	9	9	9	-22556573183508480
12	9	10	0	8949506331917162880
12	9	10	2	-859747937577984000
12	9	10	4	-5149789464467128320
12	9	10	6	-3971008237142016000
12	9	10	8	-127691241804103680
12	9	11	3	-4433250796008652800
12	9	11	5	1113978983145799680
12	9	11	7	531190615611801600
12	9	11	9	21376815204925440
12	9	12	0	-308674412864737920
12	9	12	4	462739605345239040
12	9	12	6	123796571872296960
12	9	12	8	-41431917199196160
12	9	13	3	61773491004825600
12	9	13	5	-37438479396864000
12	9	13	7	-4991797252915200
12	9	13	9	316939508121600
12	10	0	0	458842050005304960
12	10	0	2	25237694218936320
12	10	1	3	-42515592005468160
12	10	2	0	-1213421656308773760
12	10	2	2	-999199178230210560
12	10	2	4	-202097101364674560
12	10	3	3	1572510626370846720
12	10	3	5	-94185598589337600
12	10	4	0	15641497182065846400
12	10	4	2	-1145644563228180480
12	10	4	4	1090568521136701440
12	10	4	6	64496145047224320
12	10	5	3	-10797685486022246400
12	10	5	5	-1004154316049940480
12	10	5	7	-232538401013760
12	10	6	0	-10382585172854659200
12	10	6	2	-11612281900560629760
12	10	6	4	-1153207880525905920
12	10	6	6	1465045446208389120
12	10	6	8	-68781532896460800
12	10	7	3	22522490983212318720
12	10	7	5	1892972526271856640
12	10	7	7	1082471945376890880
12	10	7	9	-33744653915258880
12	10	8	0	27437637290542588800
12	10	8	2	-14248580919747010560
12	10	8	4	4598231175429488640
12	10	8	6	-5775087706324992000
12	10	8	8	65603604828487680
12	10	8	10	-5350589029416960
12	10	9	3	-22740222373836963840
12	10	9	5	1119134996858142720
12	10	9	7	-523708521318973440
12	10	9	9	80131440464363520
12	10	10	0	-4556826237066491520
12	10	10	2	741320094587904000
12	10	10	4	4095627937486848000
12	10	10	6	4425877381201920000
12	10	10	8	267876082290032640
12	10	10	10	5058648657100800
12	10	11	3	3298100819683737600
12	10	11	5	-1187096927669452800
12	10	11	7	-855419732420198400
12	10	11	9	-102241666848522240
12	10	12	0	173158816972901760
12	10	12	4	-426798665124249600
12	10	12	6	-169721106599116800
12	10	12	8	112315438190592000
12	10	12	10	3296170884464640
12	10	13	3	-52948706575564800
12	10	13	5	44926175276236800
12	10	13	7	9983594505830400
12	10	13	9	-1901637048729600
12	11	0	0	-125517174663945600
12	11	0	2	-2823826048081920
12	11	1	3	18376013729617920
12	11	2	0	30523820447076480
12	11	2	2	479987652190003200
12	11	2	4	66053390943928320
12	11	3	3	-422510818720296960
12	11	3	5	8376790531276800
12	11	4	0	-4892431404069567360
12	11	4	2	1544814462088396800
12	11	4	4	-710308349778493440
12	11	4	6	-84932590282997760
12	11	5	3	3902379570599086080
12	11	5	5	383282696516567040
12	11	5	7	-30088714120888320
12	11	6	0	769453083569681280
12	11	6	2	7241456128277790720
12	11	6	4	-1095835154090065920
12	11	6	6	-652904558240071680
12	11	6	8	55299626661150720
12	11	7	3	-7362736318001848320
12	11	7	5	-1795902487920967680
12	11	7	7	-766399164259368960
12	11	7	9	45559260976250880
12	11	8	0	-10192436977555843200
12	11	8	2	8560106003942645760
12	11	8	4	-4390032567688888320
12	11	8	6	3828144329051996160
12	11	8	8	-22848910213939200
12	11	8	10	11308896988692480
12	11	9	3	10951003817567447040
12	11	9	5	-1716080285992550400
12	11	9	7	669528964201512960
12	11	9	9	-107124083207700480
12	11	9	11	2119740964208640
12	11	10	0	1754118065878128000
12	11	10	2	-462212410431283200
12	11	10	4	-2301774004910407680
12	11	10	6	-3191349237143961600
12	11	10	8	-286663571370639360
12	11	10	10	-16741836112527360
12	11	11	3	-1778041252376064000
12	11	11	5	887565322031431680
12	11	11	7	829589162508288000
12	11	11	9	200269547474780160
12	11	11	11	1915723249090560
12	11	12	0	-73233175557709440
12	11	12	4	279184089216614400
12	11	12	6	153747355389788160
12	11	12	8	-167225207972659200
12	11	12	10	-14452441570344960
12	11	13	3	33092941609728000
12	11	13	5	-37438479396864000
12	11	13	7	-12479493132288000
12	11	13	9	4754092621824000
12	11	13	11	422586010828800
12	12	0	0	25073631532552320
12	12	0	2	-890447078707200
12	12	1	3	-5559544815575040
12	12	2	0	56468621093535360
12	12	2	2	-158020542374031360
12	12	2	4	-7389125531688960
12	12	3	3	66678456410357760
12	12	3	5	14258949807144960
12	12	4	0	1163348706173973120
12	12	4	2	-778910005475942400
12	12	4	4	373790459831500800
12	12	4	6	29665021982146560
12	12	5	3	-1046965135369052160
12	12	5	5	-3216994054963200
12	12	5	7	-8947355817738240
12	12	6	0	498199166138367360
12	12	6	2	-3050877445954560000
12	12	6	4	1216454915309322240
12	12	6	6	79982219616583680
12	12	6	8	-46798759536721920
12	12	7	3	1451605324519342080
12	12	7	5	1160349555085148160
12	12	7	7	218520541943562240
12	12	7	9	-42629486094581760
12	12	8	0	2833044178855489920
12	12	8	2	-3646460319676600320
12	12	8	4	2698937128135065600
12	12	8	6	-1839693601815920640
12	12	8	8	-30130140707389440
12	12	8	10	-14018813629562880
12	12	9	3	-3785841401424814080
12	12	9	5	1367653534309416960
12	12	9	7	-632522561586462720
12	12	9	9	77800096907919360
12	12	9	11	-3279969174159360
12	12	10	0	-494727823457124480
12	12	10	2	203218358317977600
12	12	10	4	895562842101719040
12	12	10	6	1481775092339834880
12	12	10	8	153682951656407040
12	12	10	10	28816031723028480
12	12	10	12	-808124798730240
12	12	11	3	677840223909888000
12	12	11	5	-462247217180835840
12	12	11	7	-487136023982899200
12	12	11	9	-206197825512407040
12	12	11	11	-5296411335720960
12	12	12	0	22585932648639360
12	12	12	4	-126755994529382400
12	12	12	6	-91849069453639680
12	12	12	8	147258018960998400
12	12	12	10	24848057436733440
12	12	12	12	1098723628154880
12	12	13	3	-14707974048768000
12	12	13	5	21393416798208000
12	12	13	7	9983594505830400
12	12	13	9	-6338790162432000
12	12	13	11	-1690344043315200
12	13	0	0	-3399749557326720
12	13	0	2	361194702336000
12	13	1	3	1073480612106240
12	13	2	0	-16175518637915520
12	13	2	2	32916133069148160
12	13	2	4	-1544964813250560
12	13	3	3	-4167848859033600
12	13	3	5	-6929530190069760
12	13	4	0	-194993720601563520
12	13	4	2	213770510230118400
12	13	4	4	-124032327073873920
12	13	4	6	883741379788800
12	13	5	3	197976499566243840
12	13	5	5	-44670800009871360
12	13	5	7	18609966837596160
12	13	6	0	-202346902896727680
12	13	6	2	827806660756807680
12	13	6	4	-543126595218554880
12	13	6	6	78357507979345920
12	13	6	8	17293452105646080
12	13	7	3	-120260998466519040
12	13	7	5	-466654185579479040
12	13	7	7	48575255787601920
12	13	7	9	4362697483223040
12	13	8	0	-557337864158075520
12	13	8	2	1045221645185003520
12	13	8	4	-1056720465223188480
12	13	8	6	662288870056919040
12	13	8	8	23090929711349760
12	13	8	10	-626500530339840
12	13	9	3	898629199191060480
12	13	9	5	-639154927126609920
12	13	9	7	403664722193940480
12	13	9	9	-55317514974658560
12	13	9	11	8049257349120
12	13	10	0	96645357300435840
12	13	10	2	-59788232862658560
12	13	10	4	-229538628068106240
12	13	10	6	-425586371505684480
12	13	10	8	-25280830788894720
12	13	10	10	-35388559935406080
12	13	10	12	945787738521600
12	13	11	3	-173681435542118400
12	13	11	5	161432006534922240
12	13	11	7	162906907174502400
12	13	11	9	118740632099880960
12	13	11	11	4282204909731840
12	13	12	0	-4790955410317440
12	13	12	4	37973314816819200
12	13	12	6	34799957991751680
12	13	12	8	-76374497969602560
12	13	12	10	-20791231732776960
12	13	12	12	-2620033267138560
12	13	13	3	4412392214630400
12	13	13	5	-8022531299328000
12	13	13	7	-4991797252915200
12	13	13	9	4754092621824000
12	13	13	11	2535516064972800
12	14	0	0	276740876280960
12	14	0	2	-48824824688640
12	14	1	3	-117898562396160
12	14	2	0	2014804674529920
12	14	2	2	-3867872531927040
12	14	2	4	508497159905280
12	14	3	3	-280403425935360
12	14	3	5	1298278133268480
12	14	4	0	20202758015207040
12	14	4	2	-31275986835824640
12	14	4	4	21972271594291200
12	14	4	6	-2080062253301760
12	14	5	3	-23359102039203840
12	14	5	5	13150348424478720
12	14	5	7	-6365788713123840
12	14	6	0	33306040097366400
12	14	6	2	-129919446994821120
12	14	6	4	120060647420313600
12	14	6	6	-38685988516331520
12	14	6	8	374751622103040
12	14	7	3	-8390973477519360
12	14	7	5	103459620101160960
12	14	7	7	-42955868000747520
12	14	7	9	9024559031255040
12	14	8	0	69365089806929280
12	14	8	2	-180890252952514560
12	14	8	4	241246430094458880
12	14	8	6	-166567558493306880
12	14	8	8	3746048908492800
12	14	8	10	5822296149196800
12	14	9	3	-132502503986012160
12	14	9	5	166757722198179840
12	14	9	7	-150609654259384320
12	14	9	9	40413308835594240
12	14	9	11	1126896028876800
12	14	10	0	-11710388655987840
12	14	10	2	10562999544115200
12	14	10	4	34794015375974400
12	14	10	6	68696638385356800
12	14	10	8	-10672937935994880
12	14	10	10	26003125866332160
12	14	10	12	-366241209384960
12	14	11	3	26920049471078400
12	14	11	5	-34324548729569280
12	14	11	7	-25672100157849600
12	14	11	9	-37018534548602880
12	14	11	11	-338068808663040
12	14	12	0	624253216728960
12	14	12	4	-6738926291435520
12	14	12	6	-7559007268700160
12	14	12	8	21464728187535360
12	14	12	10	8367203014410240
12	14	12	12	1943895649812480
12	14	13	3	-802253129932800
12	14	13	5	1782784733184000
12	14	13	7	1426227786547200
12	14	13	9	-1901637048729600
12	14	13	11	-1690344043315200
12	15	0	0	-10127895523200
12	15	0	2	2384382873600
12	15	1	3	5594129049600
12	15	2	0	-100023715209600
12	15	2	2	194235497164800
12	15	2	4	-39250610380800
12	15	3	3	42368649523200
12	15	3	5	-90239721062400
12	15	4	0	-959639594659200
12	15	4	2	1904938501939200
12	15	4	4	-1569290758963200
12	15	4	6	264116256768000
12	15	5	3	1273535575603200
12	15	5	5	-1208331874713600
12	15	5	7	672762798489600
12	15	6	0	-2175090227856000
12	15	6	2	8884210587033600
12	15	6	4	-10558047364300800
12	15	6	6	5079836005171200
12	15	6	8	-620673203404800
12	15	7	3	1812497812070400
12	15	7	5	-9494979430809600
12	15	7	7	6682141296230400
12	15	7	9	-2183361055948800
12	15	8	0	-4105697528499840
12	15	8	2	14277134404915200
12	15	8	4	-24523194440908800
12	15	8	6	21314181921177600
12	15	8	8	-4776102309888000
12	15	8	10	-75126401925120
12	15	9	3	9233339263948800
12	15	9	5	-18897518171750400
12	15	9	7	24443959563878400
12	15	9	9	-13346674842009600
12	15	9	11	2770286070988800
12	15	10	0	664365873225600
12	15	10	2	-846822748262400
12	15	10	4	-2347333232025600
12	15	10	6	-4833327498854400
12	15	10	8	3948538038681600
12	15	10	10	-7747410198528000
12	15	10	12	2112930054144000
12	15	11	3	-1916493588172800
12	15	11	5	3387290993049600
12	15	11	7	871583647334400
12	15	11	9	5071032129945600
12	15	11	11	-563448014438400
12	15	11	13	563448014438400
12	15	12	0	-37605615465600
12	15	12	4	534835419955200
12	15	12	6	713113893273600
12	15	12	8	-2495898626457600
12	15	12	10	-1267758032486400
12	15	12	12	-422586010828800
12	15	13	3	66854427494400
12	15	13	5	-178278473318400
12	15	13	7	-178278473318400
12	15	13	9	316939508121600
12	15	13	11	422586010828800
12	15	13	15	37563200962560
13	0	0	0	-24964260540151680
13	0	2	0	147757091547784320
13	0	4	0	-247222870008140160
13	0	6	0	140637480718250880
13	0	8	0	-28094535441567360
13	0	10	0	1769116920969600
13	0	12	0	-23720465139840
13	1	0	0	200176013518657920
13	1	2	0	-1247014688944648320
13	1	4	0	2328689222945066880
13	1	6	0	-1495594088549792640
13	1	8	0	334589062354865280
13	1	10	0	-23232253336421760
13	1	12	0	340764730911360
13	2	0	0	-746993069276123520
13	2	2	0	4852427863549230720
13	2	4	0	-10031906805820525440
13	2	6	0	7306843238157951360
13	2	8	0	-1845542028108147840
13	2	10	0	141692090945374080
13	2	12	0	-2280057393075840
13	3	0	0	1706138590125098880
13	3	0	2	1285368201584640
13	3	1	3	-2820669109032960
13	3	2	0	-11562238978344535680
13	3	2	2	-23755508614471680
13	3	3	3	75908133238026240
13	3	4	0	26205497078067711360
13	3	4	2	26310376274411520
13	3	5	3	-251602891088578560
13	3	6	0	-21715105288614768000
13	3	6	2	3240750006190080
13	3	7	3	203848112331694080
13	3	8	0	6255784334140974720
13	3	8	2	-3588099163545600
13	3	9	3	-46098552148715520
13	3	10	0	-532301205538039680
13	3	10	2	118133977374720
13	3	11	3	2525579053608960
13	3	12	0	9423967235679360
13	3	13	3	-15427944806400
13	4	0	0	-2651789728450339200
13	4	0	2	-1356777546117120
13	4	1	3	15757662026833920
13	4	2	0	18866128894618020480
13	4	2	2	157113781924147200
13	4	2	4	4427379361013760
13	4	3	3	-458807683411722240
13	4	4	0	-46435220475598465920
13	4	4	2	-243220227477626880
13	4	4	4	-47701442147696640
13	4	5	3	1770935875662274560
13	4	6	0	43791717962594989440
13	4	6	2	-25316522763264000
13	4	6	4	53244923115847680
13	4	7	3	-1680231902556487680
13	4	8	0	-14581687495375854720
13	4	8	2	46730999930572800
13	4	8	4	8672562040504320
13	4	9	3	438068019652485120
13	4	10	0	1377326990051314560
13	4	10	2	-1657891846656000
13	4	10	4	-8147718051471360
13	4	11	3	-27127714505932800
13	4	12	0	-26903057304090240
13	4	12	4	337357726433280
13	4	13	3	185135337676800
13	5	0	0	2966649066638455680
13	5	0	2	-3028285166284800
13	5	1	3	-43091572239544320
13	5	2	0	-22277667351811006080
13	5	2	2	-432343027689246720
13	5	2	4	-21078980589772800
13	5	3	3	1283500979464642560
13	5	3	5	-6622555507752960
13	5	4	0	59233698403004615040
13	5	4	2	958332798756495360
13	5	4	4	265138488264867840
13	5	5	3	-5561808484984197120
13	5	5	5	24067593897984000
13	5	6	0	-63248550462104872320
13	5	6	2	56047421534330880
13	5	6	4	-359335348074823680
13	5	7	3	6211741956641832960
13	5	7	5	9225029397381120
13	5	8	0	24783010598747064960
13	5	8	2	-270044901230653440
13	5	8	4	-65149615104491520
13	5	9	3	-1888094774273495040
13	5	9	5	-6646064756981760
13	5	10	0	-2599827859344355200
13	5	10	2	10276970345164800
13	5	10	4	74271138501795840
13	5	11	3	132812564861952000
13	5	11	5	-2244088445829120
13	5	12	0	56175268382513280
13	5	12	4	-3497000822784000
13	5	13	3	-1018244357222400
13	5	13	5	41141186150400
13	6	0	0	-2479205795270785920
13	6	0	2	-2441141666795520
13	6	1	3	65134138182082560
13	6	2	0	19549267527817249920
13	6	2	2	666337638038261760
13	6	2	4	49392344898478080
13	6	3	3	-2199928541470801920
13	6	3	5	23175417889751040
13	6	4	0	-56453139705661511040
13	6	4	2	-2110985802953072640
13	6	4	4	-653758132641546240
13	6	4	6	9873884676096000
13	6	5	3	10308423957439242240
13	6	5	5	-104472752647864320
13	6	6	0	67213937913935541120
13	6	6	2	82375037924843520
13	6	6	4	1086706033722408960
13	6	6	6	-56144789008220160
13	6	7	3	-13581807609608110080
13	6	7	5	-57945597499146240
13	6	8	0	-31781450104883026560
13	6	8	2	923929461390274560
13	6	8	4	200282346954915840
13	6	8	6	76773371564851200
13	6	9	3	4880182716868976640
13	6	9	5	47364868062904320
13	6	10	0	3698255323111029120
13	6	10	2	-37575126908006400
13	6	10	4	-304734529009704960
13	6	10	6	-26940032332922880
13	6	11	3	-391728742587187200
13	6	11	5	19667837904814080
13	6	12	0	-88606351160046720
13	6	12	4	16415333274009600
13	6	12	6	449810301911040
13	6	13	3	3394147857408000
13	6	13	5	-411411861504000
13	7	0	0	1595035947573498240
13	7	0	2	26418224955248640
13	7	1	3	-60466229814896640
13	7	2	0	-12834372978674640000
13	7	2	2	-668719124985139200
13	7	2	4	-76673653166039040
13	7	3	3	2552781312025989120
13	7	3	5	-38184898059878400
13	7	4	0	41299850591451342720
13	7	4	2	2832273078541885440
13	7	4	4	922725885784965120
13	7	4	6	-31916156753018880
13	7	5	3	-12586142204705617920
13	7	5	5	126323424343572480
13	7	5	7	-9879761988403200
13	7	6	0	-53032817495025809280
13	7	6	2	-715744338816245760
13	7	6	4	-1931132405846753280
13	7	6	6	260201937747640320
13	7	7	3	19487592120923873280
13	7	7	5	159556490874224640
13	7	7	7	26382079484559360
13	7	8	0	31392736827574654080
13	7	8	2	-2096761237841571840
13	7	8	4	-291703722215178240
13	7	8	6	-452015469488701440
13	7	9	3	-8427820780927457280
13	7	9	5	-137213474549760000
13	7	9	7	-4777863084933120
13	7	10	0	-4037432518501810560
13	7	10	2	90788312537395200
13	7	10	4	742383104473866240
13	7	10	6	191148481201766400
13	7	11	3	774904526439321600
13	7	11	5	-77337201725521920
13	7	11	7	-6939756229754880
13	7	12	0	107469327877591680
13	7	12	4	-46036987302297600
13	7	12	6	-3763047159889920
13	7	13	3	-7636832679168000
13	7	13	5	1851353376768000
13	7	13	7	41141186150400
13	8	0	0	-811625813537132160
13	8	0	2	-41973217662689280
13	8	1	3	39696542785290240
13	8	2	0	6228203219683009920
13	8	2	2	509602746847518720
13	8	2	4	99290138655375360
13	8	3	3	-2078806146698280960
13	8	3	5	55146429557637120
13	8	4	0	-23726218056179264640
13	8	4	2	-2308229644748636160
13	8	4	4	-815939953619927040
13	8	4	6	40902959091548160
13	8	5	3	10725577365336145920
13	8	5	5	69404528001024000
13	8	5	7	29367754136616960
13	8	6	0	30817018239560807040
13	8	6	2	1816860911049031680
13	8	6	4	2183197139401605120
13	8	6	6	-518679863885168640
13	8	6	8	7479859462963200
13	8	7	3	-19226436077710540800
13	8	7	5	-275373762344386560
13	8	7	7	-117013369828147200
13	8	8	0	-24166488061905978240
13	8	8	2	3338562000800194560
13	8	8	4	78328639008276480
13	8	8	6	1154727303620198400
13	8	8	8	-3247672174018560
13	8	9	3	10254968169418506240
13	8	9	5	188418099582074880
13	8	9	7	27216396618301440
13	8	10	0	3411457708431864960
13	8	10	2	-153296173715005440
13	8	10	4	-1192411454671503360
13	8	10	6	-590822958207467520
13	8	10	8	-6519637238906880
13	8	11	3	-1082622085310545920
13	8	11	5	179946062730362880
13	8	11	7	46648619603066880
13	8	12	0	-101016204263694720
13	8	12	4	85655949565132800
13	8	12	6	13911206410321920
13	8	12	8	-1574336056688640
13	8	13	3	12218932286668800
13	8	13	5	-4936942338048000
13	8	13	7	-329129489203200
13	9	0	0	333124604828542080
13	9	0	2	31800896128327680
13	9	1	3	-21978731800535040
13	9	2	0	-2149940442651580800
13	9	2	2	-345533307298652160
13	9	2	4	-97751066472529920
13	9	3	3	1191908792094474240
13	9	3	5	-56564298500014080
13	9	4	0	10913747929734026880
13	9	4	2	974606677458370560
13	9	4	4	498646239476613120
13	9	4	6	-20745606375014400
13	9	5	3	-6613073741390929920
13	9	5	5	-304251043885056000
13	9	5	7	-30981533489233920
13	9	6	0	-12756377342467635840
13	9	6	2	-2665024557230407680
13	9	6	4	-1522911025188864000
13	9	6	6	592815149401374720
13	9	6	8	-19631529175449600
13	9	7	3	13261114806311485440
13	9	7	5	377329835350425600
13	9	7	7	243789173076787200
13	9	7	9	-4254651682652160
13	9	8	0	14565582318892256640
13	9	8	2	-3835583185191690240
13	9	8	4	469019970669772800
13	9	8	6	-1685688979777781760
13	9	8	8	12510316370165760
13	9	9	3	-9033603833555804160
13	9	9	5	-59693118358487040
13	9	9	7	-71350513361879040
13	9	9	9	6569354947461120
13	9	10	0	-2232047088983099520
13	9	10	2	185937590806732800
13	9	10	4	1325160348650127360
13	9	10	6	1040576837920358400
13	9	10	8	33276297427845120
13	9	11	3	1094972669392896000
13	9	11	5	-275020601178193920
13	9	11	7	-134357971481395200
13	9	11	9	-5447644497838080
13	9	12	0	73549062727620480
13	9	12	4	-110933094335938560
13	9	12	6	-29797189755863040
13	9	12	8	10021992946237440
13	9	13	3	-14255421001113600
13	9	13	5	8639649091584000
13	9	13	7	1151953212211200
13	9	13	9	-73139886489600
13	10	0	0	-110475766765653120
13	10	0	2	-13314963960668160
13	10	1	3	11101981734420480
13	10	2	0	477796151290815360
13	10	2	2	212127344315965440
13	10	2	4	60544893286563840
13	10	3	3	-472039225817333760
13	10	3	5	29880081627217920
13	10	4	0	-4063248877426289280
13	10	4	2	34934700818350080
13	10	4	4	-270628057590497280
13	10	4	6	-13504061042196480
13	10	5	3	3023895075205201920
13	10	5	5	291180046432665600
13	10	5	7	1931937858846720
13	10	6	0	3424653074529037440
13	10	6	2	2544105691606302720
13	10	6	4	479876512939868160
13	10	6	6	-429538479467397120
13	10	6	8	19969365793996800
13	10	7	3	-6348470226408898560
13	10	7	5	-450666851248373760
13	10	7	7	-300024225992540160
13	10	7	9	9841145869762560
13	10	8	0	-6854857130741984640
13	10	8	2	3210581958027632640
13	10	8	4	-948209171842990080
13	10	8	6	1567834501255004160
13	10	8	8	-17308409018941440
13	10	8	10	1590966673735680
13	10	9	3	5824744189248061440
13	10	9	5	-207831863452631040
13	10	9	7	121056031935037440
13	10	9	9	-22741164325601280
13	10	10	0	1122418937286979200
13	10	10	2	-163498012417843200
13	10	10	4	-1039305901785661440
13	10	10	6	-1146049778515968000
13	10	10	8	-69181248180879360
13	10	10	10	-1326269941678080
13	10	11	3	-807624993381580800
13	10	11	5	289502298703134720
13	10	11	7	215153166090240000
13	10	11	9	25827899725578240
13	10	12	0	-41117979950087040
13	10	12	4	101947859280691200
13	10	12	6	40702346831462400
13	10	12	8	-27070900486963200
13	10	12	10	-799662758952960
13	10	13	3	12218932286668800
13	10	13	5	-10367578909900800
13	10	13	7	-2303906424422400
13	10	13	9	438839318937600
13	11	0	0	28873505465769600
13	11	0	2	3004003159326720
13	11	1	3	-4602594013194240
13	11	2	0	-45237435309820800
13	11	2	2	-102936500607467520
13	11	2	4	-20790549674311680
13	11	3	3	123375544679485440
13	11	3	5	-4127382475407360
13	11	4	0	1213429146934239360
13	11	4	2	-290744951179345920
13	11	4	4	163056002252636160
13	11	4	6	21209986606694400
13	11	5	3	-1039363849545431040
13	11	5	5	-115815800932761600
13	11	5	7	8309416699330560
13	11	6	0	-399802699348836480
13	11	6	2	-1632120311081041920
13	11	6	4	176972665130680320
13	11	6	6	188167566447083520
13	11	6	8	-14631779411066880
13	11	7	3	2033103447859322880
13	11	7	5	424609257450700800
13	11	7	7	210115762828738560
13	11	7	9	-12357622345236480
13	11	8	0	2488110217281809280
13	11	8	2	-1946349159230914560
13	11	8	4	967402471198556160
13	11	8	6	-992680312539709440
13	11	8	8	5787638549544960
13	11	8	10	-3099273666232320
13	11	9	3	-2742877607391959040
13	11	9	5	372566048791265280
13	11	9	7	-153462632260239360
13	11	9	9	29330023242792960
13	11	9	11	-593477936087040
13	11	10	0	-426466110263967360
13	11	10	2	103540610915942400
13	11	10	4	575066406339624960
13	11	10	6	814450250860462080
13	11	10	8	73443562137354240
13	11	10	10	4254342095831040
13	11	11	3	431158161528115200
13	11	11	5	-213599553001390080
13	11	11	7	-207315008254771200
13	11	11	9	-50005392107765760
13	11	11	11	-485432135516160
13	11	12	0	17321146483455360
13	11	12	4	-66401874446745600
13	11	12	6	-36708909029130240
13	11	12	8	40126370225356800
13	11	12	10	3491210581770240
13	11	13	3	-7636832679168000
13	11	13	5	8639649091584000
13	11	13	7	2879883030528000
13	11	13	9	-1097098297344000
13	11	13	11	-97519848652800
13	12	0	0	-5646106165000320
13	12	0	2	-251528408248320
13	12	1	3	1358072731607040
13	12	2	0	-8010150736417920
13	12	2	2	34625886754959360
13	12	2	4	3060253633536000
13	12	3	3	-19211018363781120
13	12	3	5	-3093739801804800
13	12	4	0	-279364182922327680
13	12	4	2	168170765939712000
13	12	4	4	-85284624359669760
13	12	4	6	-7548694157721600
13	12	5	3	266357479117086720
13	12	5	5	6412587920916480
13	12	5	7	1852838426050560
13	12	6	0	-83633020504030080
13	12	6	2	698534044633128960
13	12	6	4	-265397815600496640
13	12	6	6	-27190120436858880
13	12	6	8	11548236625182720
13	12	7	3	-395420086536929280
13	12	7	5	-275020368988078080
13	12	7	7	-61660329765765120
13	12	7	9	11252242600427520
13	12	8	0	-677660962823418240
13	12	8	2	834280269933219840
13	12	8	4	-610747569356636160
13	12	8	6	454603286377267200
13	12	8	8	7878123559157760
13	12	8	10	3745690948730880
13	12	9	3	926705936375930880
13	12	9	5	-309883250501222400
13	12	9	7	145286928043868160
13	12	9	9	-19897454580203520
13	12	9	11	876749877411840
13	12	10	0	118679933771556480
13	12	10	2	-46076659160371200
13	12	10	4	-219929222445834240
13	12	10	6	-371388670761369600
13	12	10	8	-39300411935784960
13	12	10	10	-7024215384391680
13	12	10	12	218258708889600
13	12	11	3	-162564499313049600
13	12	11	5	109750579099729920
13	12	11	7	120812464503521280
13	12	11	9	50695461132042240
13	12	11	11	1326269941678080
13	12	12	0	-5317434026835840
13	12	12	4	29991924703641600
13	12	12	6	21810314151198720
13	12	12	8	-35134572972441600
13	12	12	10	-5968214737551360
13	12	12	12	-266554252984320
13	12	13	3	3394147857408000
13	12	13	5	-4936942338048000
13	12	13	7	-2303906424422400
13	12	13	9	1462797729792000
13	12	13	11	390079394611200
13	13	0	0	763182948101760
13	13	0	2	-32795644538880
13	13	1	3	-257010674872320
13	13	2	0	3327901908600960
13	13	2	2	-7353621808680960
13	13	2	4	166553678684160
13	13	3	3	1273149196738560
13	13	3	5	1619980763627520
13	13	4	0	45883305449009280
13	13	4	2	-48172780826910720
13	13	4	4	28436028411985920
13	13	4	6	-74210540912640
13	13	5	3	-48439904671272960
13	13	5	5	9918644158218240
13	13	5	7	-4429458591252480
13	13	6	0	44172484459608960
13	13	6	2	-190922552963112960
13	13	6	4	124027818715791360
13	13	6	6	-17392626308874240
13	13	6	8	-3959102688952320
13	13	7	3	33663111648952320
13	13	7	5	110308996328325120
13	13	7	7	-10011960398315520
13	13	7	9	-1107082472325120
13	13	8	0	131149000796699520
13	13	8	2	-240135520113192960
13	13	8	4	242000119210475520
13	13	8	6	-157419906452029440
13	13	8	8	-5848898041774080
13	13	8	10	121874011914240
13	13	9	3	-215135849786757120
13	13	9	5	147103728629022720
13	13	9	7	-93151772098560000
13	13	9	9	13002723883745280
13	13	9	11	-619173642240
13	13	10	0	-22875702511985280
13	13	10	2	13677583246110720
13	13	10	4	55322944837263360
13	13	10	6	104275536168222720
13	13	10	8	6820265391390720
13	13	10	10	8378348139970560
13	13	10	12	-241787307294720
13	13	11	3	41146867552296960
13	13	11	5	-37852242183290880
13	13	11	7	-40017269894676480
13	13	11	9	-28618360537743360
13	13	11	11	-1066217011937280
13	13	12	0	1121804436735360
13	13	12	4	-8927637394636800
13	13	12	6	-8206295264133120
13	13	12	8	18085665431715840
13	13	12	10	4954008311562240
13	13	12	12	630628354621440
13	13	13	3	-1018244357222400
13	13	13	5	1851353376768000
13	13	13	7	1151953212211200
13	13	13	9	-1097098297344000
13	13	13	11	-585119091916800
13	14	0	0	-62708299597440
13	14	0	2	8823627509760
13	14	1	3	27703989411840
13	14	2	0	-449706337879680
13	14	2	2	878516699074560
13	14	2	4	-105573137080320
13	14	3	3	54482443223040
13	14	3	5	-303349936619520
13	14	4	0	-4696159260562560
13	14	4	2	7164610589122560
13	14	4	4	-5052577853030400
13	14	4	6	467643792752640
13	14	5	3	5535216451215360
13	14	5	5	-3046073105940480
13	14	5	7	1495394642165760
13	14	6	0	-7601941239177600
13	14	6	2	30014628543406080
13	14	6	4	-27684970783948800
13	14	6	6	8933495357767680
13	14	6	8	-106752630620160
13	14	7	3	1720615829667840
13	14	7	5	-24214178420490240
13	14	7	7	9964903201505280
13	14	7	9	-2125210331381760
13	14	8	0	-16129509168769920
13	14	8	2	41672136013885440
13	14	8	4	-55555229280337920
13	14	8	6	38784862807326720
13	14	8	8	-873276700262400
13	14	8	10	-1307488341196800
13	14	9	3	31093137119600640
13	14	9	5	-38545939178127360
13	14	9	7	34824337953914880
13	14	9	9	-9343485054812160
13	14	9	11	-260052929740800
13	14	10	0	2735953162104960
13	14	10	2	-2430758415052800
13	14	10	4	-8216809122816000
13	14	10	6	-16365049602048000
13	14	10	8	2372373484830720
13	14	10	10	-6070068801699840
13	14	10	12	88851417661440
13	14	11	3	-6294601481011200
13	14	11	5	7968590633041920
13	14	11	7	6216890351616000
13	14	11	9	8718274469560320
13	14	11	11	95352740904960
13	14	12	0	-145215530490240
13	14	12	4	1571593310945280
13	14	12	6	1766328258723840
13	14	12	8	-5030195693322240
13	14	12	10	-1969900942786560
13	14	12	12	-461593950289920
13	14	13	3	185135337676800
13	14	13	5	-411411861504000
13	14	13	7	-329129489203200
13	14	13	9	438839318937600
13	14	13	11	390079394611200
13	15	0	0	2337206659200
13	15	0	2	-550242201600
13	15	1	3	-1290952857600
13	15	2	0	23082395817600
13	15	2	2	-44823576268800
13	15	2	4	9057833164800
13	15	3	3	-9777380659200
13	15	3	5	20824551014400
13	15	4	0	221455291075200
13	15	4	2	-439601192755200
13	15	4	4	362144021299200
13	15	4	6	-60949905408000
13	15	5	3	-293892825139200
13	15	5	5	278845817241600
13	15	5	7	-155252953497600
13	15	6	0	501943898736000
13	15	6	2	-2050202443161600
13	15	6	4	2436472468684800
13	15	6	6	-1172269847347200
13	15	6	8	143232277708800
13	15	7	3	-418268725862400
13	15	7	5	2191149099417600
13	15	7	7	-1542032606822400
13	15	7	9	503852551372800
13	15	8	0	947468660423040
13	15	8	2	-3294723324211200
13	15	8	4	5659198717132800
13	15	8	6	-4918657366425600
13	15	8	8	1102177456128000
13	15	8	10	17336861982720
13	15	9	3	-2130770599372800
13	15	9	5	4360965731942400
13	15	9	7	-5640913745510400
13	15	9	9	3080001886617600
13	15	9	11	-639296785612800
13	15	10	0	-153315201513600
13	15	10	2	195420634214400
13	15	10	4	541692284313600
13	15	10	6	1115383268966400
13	15	10	8	-911201085849600
13	15	10	10	1787863891968000
13	15	10	12	-487599243264000
13	15	11	3	442267751116800
13	15	11	5	-781682536857600
13	15	11	7	-201134687846400
13	15	11	9	-1170238183833600
13	15	11	11	130026464870400
13	15	11	13	-130026464870400
13	15	12	0	8678218953600
13	15	12	4	-123423558451200
13	15	12	6	-164564744601600
13	15	12	8	575976606105600
13	15	12	10	292559545958400
13	15	12	12	97519848652800
13	15	13	3	-15427944806400
13	15	13	5	41141186150400
13	15	13	7	41141186150400
13	15	13	9	-73139886489600
13	15	13	11	-97519848652800
13	15	13	15	-8668430991360
14	0	0	0	8013467381754240
14	0	2	0	-42035556967447680
14	0	4	0	60311886083729280
14	0	6	0	-29677277279295360
14	0	8	0	5212138303532160
14	0	10	0	-293323800631680
14	0	12	0	3553937285760
14	1	0	0	-57941988462057600
14	1	2	0	337549740063016320
14	1	4	0	-554757626100009600
14	1	6	0	310952238715797120
14	1	8	0	-61401209186666880
14	1	10	0	3831557642570880
14	1	12	0	-50994867565440
14	2	0	0	200176013518657920
14	2	2	0	-1247014688944648320
14	2	4	0	2328689222945066880
14	2	6	0	-1495594088549792640
14	2	8	0	334589062354865280
14	2	10	0	-23232253336421760
14	2	12	0	340764730911360
14	3	0	0	-431317647907551360
14	3	0	2	-428456067194880
14	3	1	3	749798117591040
14	3	2	0	2819375558510647680
14	3	2	2	3284829848494080
14	3	3	3	-19637569746432000
14	3	4	0	-5911634075430257280
14	3	4	2	-2761161321922560
14	3	5	3	56948952264652800
14	3	6	0	4372716857719317120
14	3	6	2	-370270675353600
14	3	7	3	-40322476546007040
14	3	8	0	-1118829901426784640
14	3	8	2	283874184437760
14	3	9	3	8073223117977600
14	3	10	0	86717309518108800
14	3	10	2	-8815968460800
14	3	11	3	-397600177582080
14	3	12	0	-1406450018413440
14	3	13	3	2203992115200
14	4	0	0	637267652419708800
14	4	0	2	1166352627363840
14	4	1	3	-3760892145377280
14	4	2	0	-4372479046970087040
14	4	2	2	-27762366279905280
14	4	2	4	-1094943282831360
14	4	3	3	111462052443586560
14	4	4	0	10146123958607717760
14	4	4	2	32525634039275520
14	4	4	4	11139857747066880
14	4	5	3	-389646410836746240
14	4	6	0	-8671419316509091200
14	4	6	2	4071214235197440
14	4	6	4	-10822482882478080
14	4	7	3	327234643715358720
14	4	8	0	2568455862122378880
14	4	8	2	-4639256469688320
14	4	8	4	-1727929818316800
14	4	9	3	-75998937713172480
14	4	10	0	-222791948009965440
14	4	10	2	155259000115200
14	4	10	4	1352369561886720
14	4	11	3	4255174110412800
14	4	12	0	4008758608632960
14	4	12	4	-50544885841920
14	4	13	3	-26447905382400
14	5	0	0	-675768694781911680
14	5	0	2	388784209121280
14	5	1	3	10148061295226880
14	5	2	0	4928636676411573120
14	5	2	2	84678258662830080
14	5	2	4	4744754225602560
14	5	3	3	-293085108285603840
14	5	3	5	1586874322944000
14	5	4	0	-12482161226981758080
14	5	4	2	-146759426966937600
14	5	4	4	-58936512354140160
14	5	5	3	1185937301299507200
14	5	5	5	-5215526941409280
14	5	6	0	12315077784679708800
14	5	6	2	-14297737649725440
14	5	6	4	70848648938373120
14	5	7	3	-1189405797157601280
14	5	7	5	-1861932538920960
14	5	8	0	-4291479428691335040
14	5	8	2	30443400244039680
14	5	8	4	13120511994593280
14	5	9	3	324059033920573440
14	5	9	5	1130794887905280
14	5	10	0	417255627214546560
14	5	10	2	-1095628969267200
14	5	10	4	-12245380192051200
14	5	11	3	-20746912444416000
14	5	11	5	353422380072960
14	5	12	0	-8355967756456320
14	5	12	4	523080795340800
14	5	13	3	145463479603200
14	5	13	5	-5877312307200
14	6	0	0	529517563496542080
14	6	0	2	-785502789857280
14	6	1	3	-14943066541056000
14	6	2	0	-4157294260395438720
14	6	2	2	-133284219174604800
14	6	2	4	-10785455814942720
14	6	3	3	474556529470095360
14	6	3	5	-5416531022315520
14	6	4	0	11409759132697998720
14	6	4	2	353077773661347840
14	6	4	4	139704889004605440
14	6	4	6	-2285099025039360
14	6	5	3	-2122964549076787200
14	6	5	5	23662059348787200
14	6	6	0	-12876965507918033280
14	6	6	2	11918993448591360
14	6	6	4	-207792376621056000
14	6	6	6	11806344962703360
14	6	7	3	2553081740640092160
14	6	7	5	11369072927047680
14	6	8	0	5399589182875090560
14	6	8	2	-112776382734151680
14	6	8	4	-41742239289016320
14	6	8	6	-14317132780339200
14	6	9	3	-827377660494028800
14	6	9	5	-8204727980851200
14	6	10	0	-588438868305087360
14	6	10	2	4356557747712000
14	6	10	4	49859264709550080
14	6	10	6	4462055503626240
14	6	11	3	60906587439513600
14	6	11	5	-3079189221212160
14	6	12	0	13154444289866880
14	6	12	4	-2450839232102400
14	6	12	6	-67393181122560
14	6	13	3	-484878265344000
14	6	13	5	58773123072000
14	7	0	0	-314590662365973120
14	7	0	2	-4301311012024320
14	7	1	3	13167089694627840
14	7	2	0	2648252602726657920
14	7	2	2	126337823758725120
14	7	2	4	14932487378903040
14	7	3	3	-523829858794352640
14	7	3	5	7930845227335680
14	7	4	0	-7952188188019950720
14	7	4	2	-507469674300825600
14	7	4	4	-190717608906178560
14	7	4	6	7165619164938240
14	7	5	3	2494167806960732160
14	7	5	5	-32411026449285120
14	7	5	7	2147569917050880
14	7	6	0	10015499159989384320
14	7	6	2	55055331216875520
14	7	6	4	359770269185556480
14	7	6	6	-52872301515571200
14	7	7	3	-3591201274284810240
14	7	7	5	-29812078947041280
14	7	7	7	-5120314482032640
14	7	8	0	-5222546445080280960
14	7	8	2	269751623346524160
14	7	8	4	67930498074378240
14	7	8	6	82603665373593600
14	7	9	3	1408909355259586560
14	7	9	5	24546529547550720
14	7	9	7	782857999319040
14	7	10	0	636330900670945920
14	7	10	2	-11159546743296000
14	7	10	4	-120402162801008640
14	7	10	6	-31441269918597120
14	7	11	3	-119839867271884800
14	7	11	5	12021977020907520
14	7	11	7	1092396447498240
14	7	12	0	-15920068695822720
14	7	12	4	6858823462502400
14	7	12	6	562654698209280
14	7	13	3	1090976097024000
14	7	13	5	-264479053824000
14	7	13	7	-5877312307200
14	8	0	0	145801562810371200
14	8	0	2	8626131273277440
14	8	1	3	-7959056326410240
14	8	2	0	-1262677487477523840
14	8	2	2	-83379274687733760
14	8	2	4	-18016313146490880
14	8	3	3	408363495520665600
14	8	3	5	-10710813948641280
14	8	4	0	4322091673098000000
14	8	4	2	446222398657904640
14	8	4	4	161736581919375360
14	8	4	6	-8924111007252480
14	8	5	3	-2037134826977771520
14	8	5	5	-3250545526702080
14	8	5	7	-6103001099796480
14	8	6	0	-5761294051035899520
14	8	6	2	-202157557866086400
14	8	6	4	-401375763008225280
14	8	6	6	101161866714808320
14	8	6	8	-1530452124794880
14	8	7	3	3469058251578408960
14	8	7	5	47382108179005440
14	8	7	7	21572087092346880
14	8	8	0	3929548794190058880
14	8	8	2	-445144956705054720
14	8	8	4	-44956476086353920
14	8	8	6	-205988041742745600
14	8	8	8	575976606105600
14	8	9	3	-1687106398851809280
14	8	9	5	-36526755883253760
14	8	9	7	-4325701858099200
14	8	10	0	-532109954122243200
14	8	10	2	19662548323737600
14	8	10	4	191447440487792640
14	8	10	6	96399415248814080
14	8	10	8	1069670839910400
14	8	11	3	166403167891292160
14	8	11	5	-27735689812377600
14	8	11	7	-7311898937917440
14	8	12	0	14927280447530880
14	8	12	4	-12730258457395200
14	8	12	6	-2075083065262080
14	8	12	8	235876133928960
14	8	13	3	-1745561755238400
14	8	13	5	705277476864000
14	8	13	7	47018498457600
14	9	0	0	-54330312705079680
14	9	0	2	-7072169899253760
14	9	1	3	3961504405463040
14	9	2	0	436743501000220800
14	9	2	2	47765896672665600
14	9	2	4	17575122902630400
14	9	3	3	-225231929519800320
14	9	3	5	10767236146790400
14	9	4	0	-1872316999798243200
14	9	4	2	-221392999727677440
14	9	4	4	-90967995035320320
14	9	4	6	5005902802452480
14	9	5	3	1199337083583897600
14	9	5	5	49905173049016320
14	9	5	7	6436832438845440
14	9	6	0	2383853325254294400
14	9	6	2	336246653193338880
14	9	6	4	284813248337510400
14	9	6	6	-110523772185477120
14	9	6	8	3807714733424640
14	9	7	3	-2340656082816860160
14	9	7	5	-58859846080266240
14	9	7	7	-42880870593331200
14	9	7	9	827525572853760
14	9	8	0	-2311883838166469760
14	9	8	2	524108084228628480
14	9	8	4	-37790856921415680
14	9	8	6	292086226407260160
14	9	8	8	-2170948559339520
14	9	9	3	1459460265346621440
14	9	9	5	20045030747996160
14	9	9	7	10900977653514240
14	9	9	9	-1159789628620800
14	9	10	0	344238415334225280
14	9	10	2	-24622999911014400
14	9	10	4	-210314657849425920
14	9	10	6	-168164271872409600
14	9	10	8	-5405298825461760
14	9	11	3	-167115498142924800
14	9	11	5	41967666867732480
14	9	11	7	20959801756876800
14	9	11	9	856781527449600
14	9	12	0	-10837938377185920
14	9	12	4	16440017985699840
14	9	12	6	4432277121269760
14	9	12	8	-1497539175874560
14	9	13	3	2036488714444800
14	9	13	5	-1234235584512000
14	9	13	7	-164564744601600
14	9	13	9	10448555212800
14	10	0	0	16596252796521600
14	10	0	2	3172638486896640
14	10	1	3	-1828627769180160
14	10	2	0	-101733994611020160
14	10	2	2	-27310281240453120
14	10	2	4	-10955701961441280
14	10	3	3	86160788924497920
14	10	3	5	-5693417735454720
14	10	4	0	657556348781174400
14	10	4	2	31968675254845440
14	10	4	4	42625664632258560
14	10	4	6	1580866403696640
14	10	5	3	-522305091699425280
14	10	5	5	-50793039028224000
14	10	5	7	-680200944353280
14	10	6	0	-657798943009587840
14	10	6	2	-341679640690114560
14	10	6	4	-104043665313792000
14	10	6	6	76882558966824960
14	10	6	8	-3606580045578240
14	10	7	3	1095942164709703680
14	10	7	5	66466045990010880
14	10	7	7	51187471987507200
14	10	7	9	-1780433808261120
14	10	8	0	1061678108421129600
14	10	8	2	-446099824044564480
14	10	8	4	118179951017656320
14	10	8	6	-262217638190776320
14	10	8	8	2951629776322560
14	10	8	10	-292559545958400
14	10	9	3	-922225922418032640
14	10	9	5	21021448232632320
14	10	9	7	-17765330143150080
14	10	9	9	3932836182097920
14	10	10	0	-171018685529239680
14	10	10	2	22183915303526400
14	10	10	4	162786531111321600
14	10	10	6	183090032993894400
14	10	10	8	11119207338639360
14	10	10	10	217329948426240
14	10	11	3	122259850614374400
14	10	11	5	-43671826222940160
14	10	11	7	-33383133904896000
14	10	11	9	-4028962890055680
14	10	12	0	6039461843775360
14	10	12	4	-15057674131046400
14	10	12	6	-6034040635392000
14	10	12	8	4031836242739200
14	10	12	10	119810099773440
14	10	13	3	-1745561755238400
14	10	13	5	1481082701414400
14	10	13	7	329129489203200
14	10	13	9	-62691331276800
14	11	0	0	-4110540188952960
14	11	0	2	-813985986723840
14	11	1	3	719399352268800
14	11	2	0	12671216751127680
14	11	2	2	13430413239828480
14	11	2	4	3866879677317120
14	11	3	3	-21869185229475840
14	11	3	5	959090297241600
14	11	4	0	-187029384217499520
14	11	4	2	31060797390028800
14	11	4	4	-23249341417881600
14	11	4	6	-3258207800524800
14	11	5	3	170988427461150720
14	11	5	5	20860395363532800
14	11	5	7	-1401934895677440
14	11	6	0	92460359931557760
14	11	6	2	226854764286935040
14	11	6	4	-12965525092270080
14	11	6	6	-32990964799242240
14	11	6	8	2422584597381120
14	11	7	3	-343707639953448960
14	11	7	5	-62063895536271360
14	11	7	7	-35374280243281920
14	11	7	9	2077172776304640
14	11	8	0	-376417894045207680
14	11	8	2	273484794168852480
14	11	8	4	-131263631855124480
14	11	8	6	159102936506695680
14	11	8	8	-999897710100480
14	11	8	10	526607182725120
14	11	9	3	424886824408320000
14	11	9	5	-49274515670630400
14	11	9	7	21971396044062720
14	11	9	9	-4922662645923840
14	11	9	11	103092411432960
14	11	10	0	64151791346436480
14	11	10	2	-14311255468032000
14	11	10	4	-88741277312532480
14	11	10	6	-128295719746928640
14	11	10	8	-11687086314455040
14	11	10	10	-674280096399360
14	11	11	3	-64660720675737600
14	11	11	5	31814022125813760
14	11	11	7	31967354673561600
14	11	11	9	7715213169131520
14	11	11	11	76158357995520
14	11	12	0	-2534618482381440
14	11	12	4	9768093054566400
14	11	12	6	5419665588879360
14	11	12	8	-5951758263091200
14	11	12	10	-521034619944960
14	11	13	3	1090976097024000
14	11	13	5	-1234235584512000
14	11	13	7	-411411861504000
14	11	13	9	156728328192000
14	11	13	11	13931406950400
14	12	0	0	784716465029760
14	12	0	2	107348020899840
14	12	1	3	-205916353044480
14	12	2	0	362025091889280
14	12	2	2	-4658361362657280
14	12	2	4	-647890238545920
14	12	3	3	3344253587619840
14	12	3	5	409002889052160
14	12	4	0	41597501290151040
14	12	4	2	-22228016913653760
14	12	4	4	12031332347658240
14	12	4	6	1184285685841920
14	12	5	3	-41888453758525440
14	12	5	5	-1796571021312000
14	12	5	7	-227430218465280
14	12	6	0	7122936204673920
14	12	6	2	-98897468889784320
14	12	6	4	35481856826327040
14	12	6	6	5267271476183040
14	12	6	8	-1772103987855360
14	12	7	3	65821195990794240
14	12	7	5	40324457417932800
14	12	7	7	10580671388712960
14	12	7	9	-1835230675599360
14	12	8	0	100406910643447680
14	12	8	2	-118086926224527360
14	12	8	4	85436007477903360
14	12	8	6	-69544538640875520
14	12	8	8	-1240079035760640
14	12	8	10	-617625708134400
14	12	9	3	-140338267360911360
14	12	9	5	43315530490183680
14	12	9	7	-20692318743429120
14	12	9	9	3143234994831360
14	12	9	11	-144886632284160
14	12	10	0	-17617858921964160
14	12	10	2	6457696897536000
14	12	10	4	33380064641802240
14	12	10	6	57486905925304320
14	12	10	8	6223768983797760
14	12	10	10	1062811556904960
14	12	10	12	-36221658071040
14	12	11	3	24120489708748800
14	12	11	5	-16131524393041920
14	12	11	7	-18491853015613440
14	12	11	9	-7706854324961280
14	12	11	11	-205565649223680
14	12	12	0	774675678591360
14	12	12	4	-4390352293478400
14	12	12	6	-3203527028244480
14	12	12	8	5183789454950400
14	12	12	10	886037482045440
14	12	12	12	39936699924480
14	12	13	3	-484878265344000
14	12	13	5	705277476864000
14	12	13	7	329129489203200
14	12	13	9	-208971104256000
14	12	13	11	-55725627801600
14	13	0	0	-105841921829760
14	13	0	2	-2857631477760
14	13	1	3	38106993438720
14	13	2	0	-415053096831360
14	13	2	2	1014369684664320
14	13	2	4	4467241082880
14	13	3	3	-228542796103680
14	13	3	5	-234366898176000
14	13	4	0	-6686321285185920
14	13	4	2	6709155165020160
14	13	4	4	-4034366147543040
14	13	4	6	-8397542522880
14	13	5	3	7329186217635840
14	13	5	5	-1357862309314560
14	13	5	7	652047892807680
14	13	6	0	-5935753811088000
14	13	6	2	27255382789939200
14	13	6	4	-17518091205427200
14	13	6	6	2378594245017600
14	13	6	8	561445374689280
14	13	7	3	-5689499527249920
14	13	7	5	-16138490096517120
14	13	7	7	1245932161597440
14	13	7	9	175226140753920
14	13	8	0	-19107659636634240
14	13	8	2	34147804887797760
14	13	8	4	-34297121272135680
14	13	8	6	23162008910561280
14	13	8	8	914761334292480
14	13	8	10	-15169754234880
14	13	9	3	31869628030586880
14	13	9	5	-20945957421219840
14	13	9	7	13306931633848320
14	13	9	9	-1890878906695680
14	13	10	0	3351032261654400
14	13	10	2	-1936084629196800
14	13	10	4	-8245412042711040
14	13	10	6	-15788811782062080
14	13	10	8	-1124467707248640
14	13	10	10	-1227511745740800
14	13	10	12	38079178997760
14	13	11	3	-6032473352110080
14	13	11	5	5494633972531200
14	13	11	7	6068520867594240
14	13	11	9	4267189948907520
14	13	11	11	164081015193600
14	13	12	0	-162571968397440
14	13	12	4	1298886019891200
14	13	12	6	1197404427386880
14	13	12	8	-2649492388085760
14	13	12	10	-730005724200960
14	13	12	12	-93804806799360
14	13	13	3	145463479603200
14	13	13	5	-264479053824000
14	13	13	7	-164564744601600
14	13	13	9	156728328192000
14	13	13	11	83588441702400
14	14	0	0	8793331436160
14	14	0	2	-911426826240
14	14	1	3	-4028659752960
14	14	2	0	62065392981120
14	14	2	2	-123492489891840
14	14	2	4	13400110817280
14	14	3	3	-6322343362560
14	14	3	5	43871032442880
14	14	4	0	675734799219840
14	14	4	2	-1015955107799040
14	14	4	4	719233070284800
14	14	4	6	-65039031336960
14	14	5	3	-811410127626240
14	14	5	5	436778631659520
14	14	5	7	-217394445680640
14	14	6	0	1073981889302400
14	14	6	2	-4292549463121920
14	14	6	4	3951948331008000
14	14	6	6	-1277064986296320
14	14	6	8	18146302525440
14	14	7	3	-214979023503360
14	14	7	5	3507579984936960
14	14	7	7	-1430987683921920
14	14	7	9	309690016727040
14	14	8	0	2321669988650880
14	14	8	2	-5942909642895360
14	14	8	4	7919743637422080
14	14	8	6	-5590151181434880
14	14	8	8	126011510784000
14	14	8	10	181624268390400
14	14	9	3	-4515539045621760
14	14	9	5	5515618154250240
14	14	9	7	-4984657406853120
14	14	9	9	1337260273827840
14	14	9	11	37150418534400
14	14	10	0	-395644134579840
14	14	10	2	346271650099200
14	14	10	4	1200604297420800
14	14	10	6	2411004115353600
14	14	10	8	-325965898874880
14	14	10	10	877059464232960
14	14	10	12	-13312233308160
14	14	11	3	910983407616000
14	14	11	5	-1145161651322880
14	14	11	7	-929921413939200
14	14	11	9	-1270544313876480
14	14	11	11	-16098514698240
14	14	12	0	20910375192960
14	14	12	4	-226864255057920
14	14	12	6	-255467174952960
14	14	12	8	729570367733760
14	14	12	10	286986983178240
14	14	12	12	67799513825280
14	14	13	3	-26447905382400
14	14	13	5	58773123072000
14	14	13	7	47018498457600
14	14	13	9	-62691331276800
14	14	13	11	-55725627801600
14	15	0	0	-333886665600
14	15	0	2	78606028800
14	15	1	3	184421836800
14	15	2	0	-3297485116800
14	15	2	2	6403368038400
14	15	2	4	-1293976166400
14	15	3	3	1396768665600
14	15	3	5	-2974935859200
14	15	4	0	-31636470153600
14	15	4	2	62800170393600
14	15	4	4	-51734860185600
14	15	4	6	8707129344000
14	15	5	3	41984689305600
14	15	5	5	-39835116748800
14	15	5	7	22178993356800
14	15	6	0	-71706271248000
14	15	6	2	292886063308800
14	15	6	4	-348067495526400
14	15	6	6	167467121049600
14	15	6	8	-20461753958400
14	15	7	3	59752675123200
14	15	7	5	-313021299916800
14	15	7	7	220290372403200
14	15	7	9	-71978935910400
14	15	8	0	-135352665774720
14	15	8	2	470674760601600
14	15	8	4	-808456959590400
14	15	8	6	702665338060800
14	15	8	8	-157453922304000
14	15	8	10	-2476694568960
14	15	9	3	304395799910400
14	15	9	5	-622995104563200
14	15	9	7	805844820787200
14	15	9	9	-440000269516800
14	15	9	11	91328112230400
14	15	10	0	21902171644800
14	15	10	2	-27917233459200
14	15	10	4	-77384612044800
14	15	10	6	-159340466995200
14	15	10	8	130171583692800
14	15	10	10	-255409127424000
14	15	10	12	69657034752000
14	15	11	3	-63181107302400
14	15	11	5	111668933836800
14	15	11	7	28733526835200
14	15	11	9	167176883404800
14	15	11	11	-18575209267200
14	15	11	13	18575209267200
14	15	12	0	-1239745564800
14	15	12	4	17631936921600
14	15	12	6	23509249228800
14	15	12	8	-82282372300800
14	15	12	10	-41794220851200
14	15	12	12	-13931406950400
14	15	13	3	2203992115200
14	15	13	5	-5877312307200
14	15	13	7	-5877312307200
14	15	13	9	10448555212800
14	15	13	11	13931406950400
14	15	13	15	1238347284480
15	0	0	0	-1265284323434880
15	0	2	0	5482898734884480
15	0	4	0	-6701320675969920
15	0	6	0	2871994575415680
15	0	8	0	-446754711731328
15	0	10	0	22563369279360
15	0	12	0	-247949112960
15	1	0	0	8013467381754240
15	1	2	0	-42035556967447680
15	1	4	0	60311886083729280
15	1	6	0	-29677277279295360
15	1	8	0	5212138303532160
15	1	10	0	-293323800631680
15	1	12	0	3553937285760
15	2	0	0	-24964260540151680
15	2	2	0	147757091547784320
15	2	4	0	-247222870008140160
15	2	6	0	140637480718250880
15	2	8	0	-28094535441567360
15	2	10	0	1769116920969600
15	2	12	0	-23720465139840
15	3	0	0	50082497479451520
15	3	1	3	-107114016798720
15	3	2	0	-317166835283026560
15	3	3	3	2356508369571840
15	3	4	0	611414494309595520
15	3	5	3	-5891270923929600
15	3	6	0	-404773042371096960
15	3	7	3	3665679686000640
15	3	8	0	92799997157243520
15	3	9	3	-654585658214400
15	3	10	0	-6564673164827520
15	3	11	3	29092695920640
15	3	12	0	97774600210560
15	3	13	3	-146932807680
15	4	0	0	-70279440424721280
15	4	0	2	-214228033597440
15	4	1	3	428456067194880
15	4	2	0	466992566280236160
15	4	2	2	1642414924247040
15	4	2	4	142818689064960
15	4	3	3	-12568044637716480
15	4	4	0	-1019329134591600000
15	4	4	2	-1380580660961280
15	4	4	4	-1237761971896320
15	4	5	3	39275139492864000
15	4	6	0	789604281434160000
15	4	6	2	-185135337676800
15	4	6	4	1047337053143040
15	4	7	3	-29325437488005120
15	4	8	0	-210107036690340480
15	4	8	2	141937092218880
15	4	8	4	148108270141440
15	4	9	3	6109466143334400
15	4	10	0	16755822505906560
15	4	10	2	-4407984230400
15	4	10	4	-104028427837440
15	4	11	3	-310322089820160
15	4	12	0	-278281554445440
15	4	12	4	3526387384320
15	4	13	3	1763193692160
15	5	0	0	71096680701037440
15	5	0	2	23803114844160
15	5	1	3	-1118746397675520
15	5	2	0	-501155656261499520
15	5	2	2	-6910837676421120
15	5	2	4	-523668526571520
15	5	3	3	31007524270325760
15	5	3	5	-190424918753280
15	5	4	0	1213593628008769920
15	5	4	2	9039894059704320
15	5	4	4	6188809859481600
15	5	5	3	-116124818162503680
15	5	5	5	539537269800960
15	5	6	0	-1102645105728024960
15	5	6	2	1073784958525440
15	5	6	4	-6633134669905920
15	5	7	3	104917077458288640
15	5	7	5	169266594447360
15	5	8	0	345601389771506304
15	5	8	2	-1366768977039360
15	5	8	4	-1135496737751040
15	5	9	3	-25795817581916160
15	5	9	5	-91686071992320
15	5	10	0	-31153731597267840
15	5	10	2	45940991201280
15	5	10	4	936255850536960
15	5	11	3	1507334696386560
15	5	11	5	-25860174151680
15	5	12	0	579126478170240
15	5	12	4	-36439336304640
15	5	13	3	-9697565306880
15	5	13	5	391820820480
15	6	0	0	-52764645684044160
15	6	0	2	214228033597440
15	6	1	3	1602743066173440
15	6	2	0	404784778629110400
15	6	2	2	11994125090918400
15	6	2	4	1158418255749120
15	6	3	3	-47299433985884160
15	6	3	5	634749729177600
15	6	4	0	-1068365498030271360
15	6	4	2	-25490491207557120
15	6	4	4	-13996231528366080
15	6	4	6	253899891671040
15	6	5	3	201263270378987520
15	6	5	5	-2517840592404480
15	6	6	0	1133831520691701120
15	6	6	2	-1998873915678720
15	6	6	4	18778012821504000
15	6	6	6	-1142549512519680
15	6	7	3	-221327826864537600
15	6	7	5	-1015599566684160
15	6	8	0	-427226965075336320
15	6	8	2	5968900423987200
15	6	8	4	3693303053844480
15	6	8	6	1227182809743360
15	6	9	3	65119640811724800
15	6	9	5	672364527943680
15	6	10	0	43581161538034560
15	6	10	2	-216970779340800
15	6	10	4	-3785576857067520
15	6	10	6	-343235038740480
15	6	11	3	-4406025126297600
15	6	11	5	224121509314560
15	6	12	0	-910055894267520
15	6	12	4	170442056908800
15	6	12	6	4701849845760
15	6	13	3	32325217689600
15	6	13	5	-3918208204800
15	7	0	0	29265902150993280
15	7	0	2	251255101132800
15	7	1	3	-1347520779233280
15	7	2	0	-248973005047017600
15	7	2	2	-11281794839285760
15	7	2	4	-1401738985267200
15	7	3	3	49553677121310720
15	7	3	5	-814595485777920
15	7	4	0	712676826331655040
15	7	4	2	40132051627253760
15	7	4	4	18411268533534720
15	7	4	6	-761699675013120
15	7	5	3	-228088058413086720
15	7	5	5	3755602564300800
15	7	5	7	-222162405212160
15	7	6	0	-868195668954303360
15	7	6	2	-695286045941760
15	7	6	4	-31451849080750080
15	7	6	6	4951047887585280
15	7	7	3	305487608626667520
15	7	7	5	2574262790553600
15	7	7	7	465483134730240
15	7	8	0	405124964812091520
15	7	8	2	-15611349602119680
15	7	8	4	-6370222899363840
15	7	8	6	-6954035921879040
15	7	9	3	-109450656587520000
15	7	9	5	-2055492024238080
15	7	9	7	-63474972917760
15	7	10	0	-46707414153840000
15	7	10	2	612709808025600
15	7	10	4	9067974551838720
15	7	10	6	2402645271183360
15	7	11	3	8626425138892800
15	7	11	5	-869450400645120
15	7	11	7	-79931447377920
15	7	12	0	1099158417751680
15	7	12	4	-476062296883200
15	7	12	6	-39182082048000
15	7	13	3	-72731739801600
15	7	13	5	17631936921600
15	7	13	7	391820820480
15	8	0	0	-12447991350541440
15	8	0	2	-759936481320960
15	8	1	3	758173287628800
15	8	2	0	115844087727930240
15	8	2	2	6658407112826880
15	8	2	4	1526925737410560
15	8	3	3	-36933030538444800
15	8	3	5	987388467609600
15	8	4	0	-368091117960243840
15	8	4	2	-37901219785850880
15	8	4	4	-15029463031971840
15	8	4	6	902755170385920
15	8	5	3	178997464523980800
15	8	5	5	-724084876247040
15	8	5	7	592433080565760
15	8	6	0	493093595955438720
15	8	6	2	9512495272673280
15	8	6	4	34292941850050560
15	8	6	6	-9102781301391360
15	8	6	8	148108270141440
15	8	7	3	-289155406670069760
15	8	7	5	-3830440341012480
15	8	7	7	-1861932538920960
15	8	8	0	-298240659091578240
15	8	8	2	27183418365911040
15	8	8	4	5384662928916480
15	8	8	6	16970543376629760
15	8	8	8	-49369423380480
15	8	9	3	129104307313459200
15	8	9	5	3228603560755200
15	8	9	7	338533188894720
15	8	10	0	38672375199258240
15	8	10	2	-1149014556057600
15	8	10	4	-14284350438359040
15	8	10	6	-7309809226874880
15	8	10	8	-82282372300800
15	8	11	3	-11909785659310080
15	8	11	5	1990449768038400
15	8	11	7	532876315852800
15	8	12	0	-1028244971445120
15	8	12	4	881596846080000
15	8	12	6	144190061936640
15	8	12	8	-16456474460160
15	8	13	3	116370783682560
15	8	13	5	-47018498457600
15	8	13	7	-3134566563840
15	9	0	0	4208244383859840
15	9	0	2	670601334251520
15	9	1	3	-341471845048320
15	9	2	0	-39675552821493120
15	9	2	2	-3133587011788800
15	9	2	4	-1456397989724160
15	9	3	3	19581637324308480
15	9	3	5	-949773668843520
15	9	4	0	150611420514176640
15	9	4	2	20802159180103680
15	9	4	4	7892054966108160
15	9	4	6	-526607182725120
15	9	5	3	-100870156113960960
15	9	5	5	-3629044439285760
15	9	5	7	-615942329794560
15	9	6	0	-202824940623580800
15	9	6	2	-19199350810460160
15	9	6	4	-24372038675496960
15	9	6	6	9510274954690560
15	9	6	8	-345585963663360
15	9	7	3	190961452063457280
15	9	7	5	4328836424663040
15	9	7	7	3516983684628480
15	9	7	9	-75229597532160
15	9	8	0	171391215296511360
15	9	8	2	-33107226743808000
15	9	8	4	444934309478400
15	9	8	6	-23440288764395520
15	9	8	8	181021219061760
15	9	9	3	-109776112756531200
15	9	9	5	-2264724342374400
15	9	9	7	-811852740034560
15	9	9	9	94036996915200
15	9	10	0	-24747883614241920
15	9	10	2	1501653294489600
15	9	10	4	15523026658836480
15	9	10	6	12635089533665280
15	9	10	8	411411861504000
15	9	11	3	11881574560235520
15	9	11	5	-2984107368775680
15	9	11	7	-1520613068636160
15	9	11	9	-62691331276800
15	9	12	0	744591186218880
15	9	12	4	-1135496737751040
15	9	12	6	-307187523256320
15	9	12	8	104224338247680
15	9	13	3	-135765914296320
15	9	13	5	82282372300800
15	9	13	7	10970982973440
15	9	13	9	-696570347520
15	10	0	0	-1173767632318080
15	10	0	2	-311301641871360
15	10	1	3	143014599475200
15	10	2	0	9405876133733760
15	10	2	2	1598563644088320
15	10	2	4	907848841052160
15	10	3	3	-7231706276659200
15	10	3	5	495261517086720
15	10	4	0	-49914387980864640
15	10	4	2	-4885091382804480
15	10	4	4	-3214759225098240
15	10	4	6	-68960464404480
15	10	5	3	41927570537103360
15	10	5	5	4038889017507840
15	10	5	7	84633297223680
15	10	6	0	56679880540222080
15	10	6	2	21166552543150080
15	10	6	4	9674056057651200
15	10	6	6	-6347497291776000
15	10	6	8	304836598333440
15	10	7	3	-87474781813800960
15	10	7	5	-4582736316334080
15	10	7	7	-4056129133608960
15	10	7	9	150459195064320
15	10	8	0	-76820271904842624
15	10	8	2	28796544683827200
15	10	8	4	-6652072676229120
15	10	8	6	20373637809438720
15	10	8	8	-241622839296000
15	10	8	10	25076532510720
15	10	9	3	68032763308523520
15	10	9	5	-717815743119360
15	10	9	7	1249647203450880
15	10	9	9	-313456656384000
15	10	10	0	12150746280604800
15	10	10	2	-1394686210498560
15	10	10	4	-11866032334356480
15	10	10	6	-13605063742586880
15	10	10	8	-836668058664960
15	10	10	10	-16717688340480
15	10	11	3	-8625543542046720
15	10	11	5	3071875232563200
15	10	11	7	2409436832071680
15	10	11	9	292559545958400
15	10	12	0	-413661770121600
15	10	12	4	1036757890990080
15	10	12	6	416897352990720
15	10	12	8	-279760065822720
15	10	12	10	-8358844170240
15	10	13	3	116370783682560
15	10	13	5	-98738846760960
15	10	13	7	-21941965946880
15	10	13	9	4179422085120
15	11	0	0	273039590482560
15	11	0	2	83523138232320
15	11	1	3	-52879484897280
15	11	2	0	-1312930914295680
15	11	2	2	-799423312896000
15	11	2	4	-325080674058240
15	11	3	3	1780814745169920
15	11	3	5	-92730927513600
15	11	4	0	13499328241226880
15	11	4	2	-1296738261319680
15	11	4	4	1554483801784320
15	11	4	6	231957925724160
15	11	5	3	-13094218277959680
15	11	5	5	-1706161994956800
15	11	5	7	108926188093440
15	11	6	0	-8777381252549760
15	11	6	2	-14651878367969280
15	11	6	4	-62604259983360
15	11	6	6	2661247012700160
15	11	6	8	-188857635471360
15	11	7	3	26861602865356800
15	11	7	5	4228240056975360
15	11	7	7	2759463431700480
15	11	7	9	-162997461319680
15	11	8	0	26600504286476160
15	11	8	2	-17898701596876800
15	11	8	4	8261150179000320
15	11	8	6	-11880355562127360
15	11	8	8	85591081451520
15	11	8	10	-41794220851200
15	11	9	3	-30683896598476800
15	11	9	5	2979405518929920
15	11	9	7	-1482824127283200
15	11	9	9	382417120788480
15	11	9	11	-8358844170240
15	11	10	0	-4501020247562880
15	11	10	2	919799376076800
15	11	10	4	6377145067192320
15	11	10	6	9404744547041280
15	11	10	8	869522960056320
15	11	10	10	50153065021440
15	11	11	3	4521122492313600
15	11	11	5	-2210653069148160
15	11	11	7	-2293457869209600
15	11	11	9	-554469996625920
15	11	11	11	-5572562780160
15	11	12	0	172985831141760
15	11	12	4	-670013603020800
15	11	12	6	-373013421096960
15	11	12	8	411411861504000
15	11	12	10	36221658071040
15	11	13	3	-72731739801600
15	11	13	5	82282372300800
15	11	13	7	27427457433600
15	11	13	9	-10448555212800
15	11	13	11	-928760463360
15	12	0	0	-50723903514240
15	12	0	2	-12353239756800
15	12	1	3	14606209474560
15	12	2	0	32532578881920
15	12	2	2	289573726187520
15	12	2	4	58446605721600
15	12	3	3	-266670348042240
15	12	3	5	-24728247336960
15	12	4	0	-2894860993610880
15	12	4	2	1352267978711040
15	12	4	4	-791086236549120
15	12	4	6	-86374723092480
15	12	5	3	3069357420994560
15	12	5	5	183314096455680
15	12	5	7	12189981081600
15	12	6	0	-129118225115520
15	12	6	2	6526232889384960
15	12	6	4	-2186316642631680
15	12	6	6	-452770725888000
15	12	6	8	127385302302720
15	12	7	3	-5058668006277120
15	12	7	5	-2757257625600000
15	12	7	7	-835187846676480
15	12	7	9	139314069504000
15	12	8	0	-6946404599180160
15	12	8	2	7794850750894080
15	12	8	4	-5568992857128960
15	12	8	6	4964456866775040
15	12	8	8	88957838131200
15	12	8	10	47366783631360
15	12	9	3	9911434171392000
15	12	9	5	-2814840774328320
15	12	9	7	1377816147394560
15	12	9	9	-231261355376640
15	12	9	11	11145125560320
15	12	10	0	1220047385270400
15	12	10	2	-421697158041600
15	12	10	4	-2360655139921920
15	12	10	6	-4143200427048960
15	12	10	8	-459765453127680
15	12	10	10	-75229597532160
15	12	10	12	2786281390080
15	12	11	3	-1669156695244800
15	12	11	5	1106501997035520
15	12	11	7	1317214527160320
15	12	11	9	546111152455680
15	12	11	11	14860167413760
15	12	12	0	-52647861651840
15	12	12	4	299742927667200
15	12	12	6	219419659468800
15	12	12	8	-356556946636800
15	12	12	10	-61298190581760
15	12	12	12	-2786281390080
15	12	13	3	32325217689600
15	12	13	5	-47018498457600
15	12	13	7	-21941965946880
15	12	13	9	13931406950400
15	12	13	11	3715041853440
15	13	0	0	6835134326400
15	13	0	2	714710200320
15	13	1	3	-2637534597120
15	13	2	0	23478298104960
15	13	2	2	-65113606287360
15	13	2	4	-2256597688320
15	13	3	3	18492975267840
15	13	3	5	15817951641600
15	13	4	0	454870300475520
15	13	4	2	-435291163729920
15	13	4	4	267013795921920
15	13	4	6	1857520926720
15	13	5	3	-516953153064960
15	13	5	5	86360211210240
15	13	5	7	-44754644828160
15	13	6	0	369798245562240
15	13	6	2	-1815501771694080
15	13	6	4	1153651102433280
15	13	6	6	-151000972001280
15	13	6	8	-37179442298880
15	13	7	3	440406602219520
15	13	7	5	1101626004602880
15	13	7	7	-69889224867840
15	13	7	9	-13002646487040
15	13	8	0	1299336001614720
15	13	8	2	-2265736546160640
15	13	8	4	2267597695057920
15	13	8	6	-1590270103388160
15	13	8	8	-66590190305280
15	13	8	10	928760463360
15	13	9	3	-2202196269772800
15	13	9	5	1390963912704000
15	13	9	7	-887082337566720
15	13	9	9	128246340648960
15	13	10	0	-229022330670720
15	13	10	2	127831542681600
15	13	10	4	572907343011840
15	13	10	6	1113815985684480
15	13	10	8	85591081451520
15	13	10	10	83898028523520
15	13	10	12	-2786281390080
15	13	11	3	412587323965440
15	13	11	5	-372229779456000
15	13	11	7	-428390763724800
15	13	11	9	-296738968043520
15	13	11	11	-11764299202560
15	13	12	0	10992410674560
15	13	12	4	-88159684608000
15	13	12	6	-81498730659840
15	13	12	8	181021219061760
15	13	12	10	50153065021440
15	13	12	12	6501323243520
15	13	13	3	-9697565306880
15	13	13	5	17631936921600
15	13	13	7	10970982973440
15	13	13	9	-10448555212800
15	13	13	11	-5572562780160
15	14	0	0	-575222290560
15	14	0	2	37489029120
15	14	1	3	273307115520
15	14	2	0	-3992468227200
15	14	2	2	8098839613440
15	14	2	4	-781222993920
15	14	3	3	324098703360
15	14	3	5	-2960423976960
15	14	4	0	-45372646938240
15	14	4	2	67226294476800
15	14	4	4	-47777953628160
15	14	4	6	4218120437760
15	14	5	3	55471669862400
15	14	5	5	-29226930831360
15	14	5	7	14744072355840
15	14	6	0	-70798144867200
15	14	6	2	286486323240960
15	14	6	4	-263260055715840
15	14	6	6	85194423336960
15	14	6	8	-1402815283200
15	14	7	3	12277052375040
15	14	7	5	-237066108272640
15	14	7	7	95894517841920
15	14	7	9	-21051903836160
15	14	8	0	-155941625450880
15	14	8	2	395510466539520
15	14	8	4	-526868396605440
15	14	8	6	375973845073920
15	14	8	8	-8484613816320
15	14	8	10	-11764299202560
15	14	9	3	305946757324800
15	14	9	5	-368311571251200
15	14	9	7	332960626114560
15	14	9	9	-89315797893120
15	14	9	11	-2476694568960
15	14	10	0	26695854495360
15	14	10	2	-23019473203200
15	14	10	4	-81825248010240
15	14	10	6	-165609600122880
15	14	10	8	20868086661120
15	14	10	10	-59131082833920
15	14	10	12	928760463360
15	14	11	3	-61515868815360
15	14	11	5	76796880814080
15	14	11	7	64781042319360
15	14	11	9	86374723092480
15	14	11	11	1238347284480
15	14	12	0	-1405044973440
15	14	12	4	15281011998720
15	14	12	6	17240116101120
15	14	12	8	-49369423380480
15	14	12	10	-19503969730560
15	14	12	12	-4643802316800
15	14	13	3	1763193692160
15	14	13	5	-3918208204800
15	14	13	7	-3134566563840
15	14	13	9	4179422085120
15	14	13	11	3715041853440
15	15	0	0	22259111040
15	15	0	2	-5240401920
15	15	1	3	-12294789120
15	15	2	0	219832341120
15	15	2	2	-426891202560
15	15	2	4	86265077760
15	15	3	3	-93117911040
15	15	3	5	198329057280
15	15	4	0	2109098010240
15	15	4	2	-4186678026240
15	15	4	4	3448990679040
15	15	4	6	-580475289600
15	15	5	3	-2798979287040
15	15	5	5	2655674449920
15	15	5	7	-1478599557120
15	15	6	0	4780418083200
15	15	6	2	-19525737553920
15	15	6	4	23204499701760
15	15	6	6	-11164474736640
15	15	6	8	1364116930560
15	15	7	3	-3983511674880
15	15	7	5	20868086661120
15	15	7	7	-14686024826880
15	15	7	9	4798595727360
15	15	8	0	9023511051648
15	15	8	2	-31378317373440
15	15	8	4	53897130639360
15	15	8	6	-46844355870720
15	15	8	8	10496928153600
15	15	8	10	165112971264
15	15	9	3	-20293053327360
15	15	9	5	41533006970880
15	15	9	7	-53722988052480
15	15	9	9	29333351301120
15	15	9	11	-6088540815360
15	15	10	0	-1460144776320
15	15	10	2	1861148897280
15	15	10	4	5158974136320
15	15	10	6	10622697799680
15	15	10	8	-8678105579520
15	15	10	10	17027275161600
15	15	10	12	-4643802316800
15	15	11	3	4212073820160
15	15	11	5	-7444595589120
15	15	11	7	-1915568455680
15	15	11	9	-11145125560320
15	15	11	11	1238347284480
15	15	11	13	-1238347284480
15	15	12	0	82649704320
15	15	12	4	-1175462461440
15	15	12	6	-1567283281920
15	15	12	8	5485491486720
15	15	12	10	2786281390080
15	15	12	12	928760463360
15	15	13	3	-146932807680
15	15	13	5	391820820480
15	15	13	7	391820820480
15	15	13	9	-696570347520
15	15	13	11	-928760463360
15	15	13	15	-82556485632
