base_index	leaf_ordinal	status	oracle_score	partition	source_clauses	weights	support	W	U	block_maxima	candidate_partitions	detail
4	78	NEED_LP	21277	0-10-12,1-3-6-11,2-7-8,4-5-9	1220,1222,1227,1231,1237,1243,1245,1259,1261,1264,1301,1318,1327,1332,1341,1350,1355,1366,1369,1377,1400,1415,1423,1426,1428,1434,1437,1448,1451,1460,1462,1465,1474,1476,1484,1490,1504,1528,1531,1532,1549,1555,1565,1570,1572,1588,1602,1618,1620,1625,1629,1635,1638,1641,1643,1657,1658,1662,1686,1699,1700,1714,1716,1725,1728,1730,1739,1742,1748,1753,1756,1767,1775,1821,1824,1832,1835,1840,1846,1849,1858,1860,1863,1872,1874,1888,1889,1902,1926,1929,1930,1931,1945,1947,1959,1963,1968,1970,1986,2000,2002,2018,2027,2033,2039,2041,2055,2056,2057,2060,2084,2097,2098,2100,2112,2123,2126,2137,2140,2146,2151,2154,2156,2162,2165,2173,2211,2222,2230,2238,2244,2256,2258,2270,2272,2282,2286,2287,2300,2327,2328,2329,2343,2351,2357,2361,2368,2384,2398,2414,2416,2421,2425,2431,2437,2439,2453,2454,2455,2458,2482,2495,2496,2510,2512,2521,2524,2526,2535,2538,2544,2549,2552,2560,2563,2571	343,48,219,423,152,125,265,952,125,170,226,218,733,150,33,124,722,191,411,414,2819,414,411,191,3250,195,722,148,33,150,200,733,218,261,3024,243,52,170,125,329,125,152,219,48,343,25,25,343,48,219,423,152,7435,125,265,952,329,170,52,226,243,261,218,733,200,150,33,148,124,722,195,411,414,411,191,195,722,124,148,33,150,200,733,218,261,243,226,52,170,125,329,952,265,125,423,219,48,343,25,25,763,48,423,152,125,265,952,329,125,170,52,226,243,571,261,733,200,33,148,124,722,195,2535,191,411,414,414,191,195,124,148,150,200,218,261,149,243,226,52,125,329,952,265,152,423,219,343,25,25,343,48,219,423,152,125,265,952,329,125,170,52,226,243,261,218,733,200,150,33,148,124,722,195,191,411,414	176	65528	111209	21891,42591,22597,24130	200200	oracle partition requires fresh LP
4	79	NEED_LP	20125	0-1-3,2-7-8,4-5-6-11,9-10-12	1220,1222,1227,1231,1237,1243,1245,1259,1261,1264,1301,1318,1327,1332,1341,1350,1355,1366,1369,1377,1400,1415,1423,1426,1428,1434,1437,1448,1451,1460,1462,1465,1474,1476,1484,1490,1504,1528,1531,1532,1549,1555,1565,1570,1572,1588,1602,1618,1620,1625,1629,1635,1638,1641,1643,1657,1658,1662,1686,1699,1700,1714,1716,1725,1728,1730,1739,1742,1748,1753,1756,1767,1775,1821,1824,1832,1835,1840,1846,1849,1858,1860,1863,1872,1874,1888,1889,1902,1926,1929,1930,1931,1945,1947,1959,1963,1968,1970,1986,2000,2002,2018,2027,2033,2039,2041,2055,2056,2057,2060,2084,2097,2098,2100,2112,2123,2126,2137,2140,2146,2151,2154,2156,2162,2165,2173,2211,2222,2230,2238,2244,2256,2258,2270,2272,2282,2286,2287,2300,2327,2328,2329,2343,2351,2357,2361,2368,2384,2398,2414,2416,2421,2425,2431,2437,2439,2453,2454,2455,2458,2482,2495,2496,2510,2512,2521,2524,2526,2535,2538,2544,2549,2552,2560,2563,2571	343,48,219,423,152,125,265,952,125,170,226,218,733,150,33,124,722,191,411,414,2819,414,411,191,3250,195,722,148,33,150,200,733,218,261,3024,243,52,170,125,329,125,152,219,48,343,25,25,343,48,219,423,152,7435,125,265,952,329,170,52,226,243,261,218,733,200,150,33,148,124,722,195,411,414,411,191,195,722,124,148,33,150,200,733,218,261,243,226,52,170,125,329,952,265,125,423,219,48,343,25,25,763,48,423,152,125,265,952,329,125,170,52,226,243,571,261,733,200,33,148,124,722,195,2535,191,411,414,414,191,195,124,148,150,200,218,261,149,243,226,52,125,329,952,265,152,423,219,343,25,25,343,48,219,423,152,125,265,952,329,125,170,52,226,243,261,218,733,200,150,33,148,124,722,195,191,411,414	176	65528	104131	20785,22597,37950,22799	200200	oracle partition requires fresh LP
4	80	NEED_LP	19716	0-1-2,3-7-8,4-5-6-11,9-10-12	1220,1222,1227,1231,1237,1243,1245,1259,1261,1264,1301,1318,1327,1332,1341,1350,1355,1366,1369,1377,1400,1415,1423,1426,1428,1434,1437,1448,1451,1460,1462,1465,1474,1476,1484,1490,1504,1528,1531,1532,1549,1555,1565,1570,1572,1588,1602,1618,1620,1625,1629,1635,1638,1641,1643,1657,1658,1662,1686,1699,1700,1714,1716,1725,1728,1730,1739,1742,1748,1753,1756,1767,1775,1821,1824,1832,1835,1840,1846,1849,1858,1860,1863,1872,1874,1888,1889,1902,1926,1929,1930,1931,1945,1947,1959,1963,1968,1970,1986,2000,2002,2018,2027,2033,2039,2041,2055,2056,2057,2060,2084,2097,2098,2100,2112,2123,2126,2137,2140,2146,2151,2154,2156,2162,2165,2173,2211,2222,2230,2238,2244,2256,2258,2270,2272,2282,2286,2287,2300,2327,2328,2329,2343,2351,2357,2361,2368,2384,2398,2414,2416,2421,2425,2431,2437,2439,2453,2454,2455,2458,2482,2495,2496,2510,2512,2521,2524,2526,2535,2538,2544,2549,2552,2560,2563,2571	343,48,219,423,152,125,265,952,125,170,226,218,733,150,33,124,722,191,411,414,2819,414,411,191,3250,195,722,148,33,150,200,733,218,261,3024,243,52,170,125,329,125,152,219,48,343,25,25,343,48,219,423,152,7435,125,265,952,329,170,52,226,243,261,218,733,200,150,33,148,124,722,195,411,414,411,191,195,722,124,148,33,150,200,733,218,261,243,226,52,170,125,329,952,265,125,423,219,48,343,25,25,763,48,423,152,125,265,952,329,125,170,52,226,243,571,261,733,200,33,148,124,722,195,2535,191,411,414,414,191,195,124,148,150,200,218,261,149,243,226,52,125,329,952,265,152,423,219,343,25,25,343,48,219,423,152,125,265,952,329,125,170,52,226,243,261,218,733,200,150,33,148,124,722,195,191,411,414	176	65528	96834	6044,30041,37950,22799	200200	oracle partition requires fresh LP
4	81	NEED_LP	19420	0-7-8,1-2-3,4-5-6-11,9-10-12	1220,1222,1227,1231,1237,1243,1245,1259,1261,1264,1301,1318,1327,1332,1341,1350,1355,1366,1369,1377,1400,1415,1423,1426,1428,1434,1437,1448,1451,1460,1462,1465,1474,1476,1484,1490,1504,1528,1531,1532,1549,1555,1565,1570,1572,1588,1602,1618,1620,1625,1629,1635,1638,1641,1643,1657,1658,1662,1686,1699,1700,1714,1716,1725,1728,1730,1739,1742,1748,1753,1756,1767,1775,1821,1824,1832,1835,1840,1846,1849,1858,1860,1863,1872,1874,1888,1889,1902,1926,1929,1930,1931,1945,1947,1959,1963,1968,1970,1986,2000,2002,2018,2027,2033,2039,2041,2055,2056,2057,2060,2084,2097,2098,2100,2112,2123,2126,2137,2140,2146,2151,2154,2156,2162,2165,2173,2211,2222,2230,2238,2244,2256,2258,2270,2272,2282,2286,2287,2300,2327,2328,2329,2343,2351,2357,2361,2368,2384,2398,2414,2416,2421,2425,2431,2437,2439,2453,2454,2455,2458,2482,2495,2496,2510,2512,2521,2524,2526,2535,2538,2544,2549,2552,2560,2563,2571	343,48,219,423,152,125,265,952,125,170,226,218,733,150,33,124,722,191,411,414,2819,414,411,191,3250,195,722,148,33,150,200,733,218,261,3024,243,52,170,125,329,125,152,219,48,343,25,25,343,48,219,423,152,7435,125,265,952,329,170,52,226,243,261,218,733,200,150,33,148,124,722,195,411,414,411,191,195,722,124,148,33,150,200,733,218,261,243,226,52,170,125,329,952,265,125,423,219,48,343,25,25,763,48,423,152,125,265,952,329,125,170,52,226,243,571,261,733,200,33,148,124,722,195,2535,191,411,414,414,191,195,124,148,150,200,218,261,149,243,226,52,125,329,952,265,152,423,219,343,25,25,343,48,219,423,152,125,265,952,329,125,170,52,226,243,261,218,733,200,150,33,148,124,722,195,191,411,414	176	65528	89799	21612,7438,37950,22799	200200	oracle partition requires fresh LP
4	82	NEED_LP	17679	0-5-6-11,1-2-4,3-10-12,7-8-9	1220,1222,1227,1231,1237,1243,1245,1259,1261,1264,1301,1318,1327,1332,1341,1350,1355,1366,1369,1377,1400,1415,1423,1426,1428,1434,1437,1448,1451,1460,1462,1465,1474,1476,1484,1490,1504,1528,1531,1532,1549,1555,1565,1570,1572,1588,1602,1618,1620,1625,1629,1635,1638,1641,1643,1657,1658,1662,1686,1699,1700,1714,1716,1725,1728,1730,1739,1742,1748,1753,1756,1767,1775,1821,1824,1832,1835,1840,1846,1849,1858,1860,1863,1872,1874,1888,1889,1902,1926,1929,1930,1931,1945,1947,1959,1963,1968,1970,1986,2000,2002,2018,2027,2033,2039,2041,2055,2056,2057,2060,2084,2097,2098,2100,2112,2123,2126,2137,2140,2146,2151,2154,2156,2162,2165,2173,2211,2222,2230,2238,2244,2256,2258,2270,2272,2282,2286,2287,2300,2327,2328,2329,2343,2351,2357,2361,2368,2384,2398,2414,2416,2421,2425,2431,2437,2439,2453,2454,2455,2458,2482,2495,2496,2510,2512,2521,2524,2526,2535,2538,2544,2549,2552,2560,2563,2571	343,48,219,423,152,125,265,952,125,170,226,218,733,150,33,124,722,191,411,414,2819,414,411,191,3250,195,722,148,33,150,200,733,218,261,3024,243,52,170,125,329,125,152,219,48,343,25,25,343,48,219,423,152,7435,125,265,952,329,170,52,226,243,261,218,733,200,150,33,148,124,722,195,411,414,411,191,195,722,124,148,33,150,200,733,218,261,243,226,52,170,125,329,952,265,125,423,219,48,343,25,25,763,48,423,152,125,265,952,329,125,170,52,226,243,571,261,733,200,33,148,124,722,195,2535,191,411,414,414,191,195,124,148,150,200,218,261,149,243,226,52,125,329,952,265,152,423,219,343,25,25,343,48,219,423,152,125,265,952,329,125,170,52,226,243,261,218,733,200,150,33,148,124,722,195,191,411,414	176	65528	82633	36978,150,24024,21481	200200	oracle partition requires fresh LP
4	90	NEED_LP	23819	0-9-10,1-3-12,2-7-8,4-5-6-11	1220,1222,1227,1231,1237,1243,1245,1259,1261,1264,1301,1318,1327,1332,1341,1350,1355,1366,1369,1377,1400,1415,1423,1426,1428,1434,1437,1448,1451,1460,1462,1465,1474,1476,1484,1490,1504,1528,1531,1532,1549,1555,1565,1570,1572,1588,1602,1618,1620,1625,1629,1635,1638,1641,1643,1657,1658,1662,1686,1699,1700,1714,1716,1725,1728,1730,1739,1742,1748,1753,1756,1767,1775,1821,1824,1832,1835,1840,1846,1849,1858,1860,1863,1872,1874,1888,1889,1902,1926,1929,1930,1931,1945,1947,1959,1963,1968,1970,1986,2000,2002,2018,2027,2033,2039,2041,2055,2056,2057,2060,2084,2097,2098,2100,2112,2123,2126,2137,2140,2146,2151,2154,2156,2162,2165,2173,2211,2222,2230,2238,2244,2256,2258,2270,2272,2282,2286,2287,2300,2327,2328,2329,2343,2351,2357,2361,2368,2384,2398,2414,2416,2421,2425,2431,2437,2439,2453,2454,2455,2458,2482,2495,2496,2510,2512,2521,2524,2526,2535,2538,2544,2549,2552,2560,2563,2571	343,48,219,423,152,125,265,952,125,170,226,218,733,150,33,124,722,191,411,414,2819,414,411,191,3250,195,722,148,33,150,200,733,218,261,3024,243,52,170,125,329,125,152,219,48,343,25,25,343,48,219,423,152,7435,125,265,952,329,170,52,226,243,261,218,733,200,150,33,148,124,722,195,411,414,411,191,195,722,124,148,33,150,200,733,218,261,243,226,52,170,125,329,952,265,125,423,219,48,343,25,25,763,48,423,152,125,265,952,329,125,170,52,226,243,571,261,733,200,33,148,124,722,195,2535,191,411,414,414,191,195,124,148,150,200,218,261,149,243,226,52,125,329,952,265,152,423,219,343,25,25,343,48,219,423,152,125,265,952,329,125,170,52,226,243,261,218,733,200,150,33,148,124,722,195,191,411,414	176	65528	111667	23104,28016,22597,37950	200200	oracle partition requires fresh LP
4	91	NEED_LP	22232	0-9-10,1-5-6-11,2-3-12,4-7-8	1220,1222,1227,1231,1237,1243,1245,1259,1261,1264,1301,1318,1327,1332,1341,1350,1355,1366,1369,1377,1400,1415,1423,1426,1428,1434,1437,1448,1451,1460,1462,1465,1474,1476,1484,1490,1504,1528,1531,1532,1549,1555,1565,1570,1572,1588,1602,1618,1620,1625,1629,1635,1638,1641,1643,1657,1658,1662,1686,1699,1700,1714,1716,1725,1728,1730,1739,1742,1748,1753,1756,1767,1775,1821,1824,1832,1835,1840,1846,1849,1858,1860,1863,1872,1874,1888,1889,1902,1926,1929,1930,1931,1945,1947,1959,1963,1968,1970,1986,2000,2002,2018,2027,2033,2039,2041,2055,2056,2057,2060,2084,2097,2098,2100,2112,2123,2126,2137,2140,2146,2151,2154,2156,2162,2165,2173,2211,2222,2230,2238,2244,2256,2258,2270,2272,2282,2286,2287,2300,2327,2328,2329,2343,2351,2357,2361,2368,2384,2398,2414,2416,2421,2425,2431,2437,2439,2453,2454,2455,2458,2482,2495,2496,2510,2512,2521,2524,2526,2535,2538,2544,2549,2552,2560,2563,2571	343,48,219,423,152,125,265,952,125,170,226,218,733,150,33,124,722,191,411,414,2819,414,411,191,3250,195,722,148,33,150,200,733,218,261,3024,243,52,170,125,329,125,152,219,48,343,25,25,343,48,219,423,152,7435,125,265,952,329,170,52,226,243,261,218,733,200,150,33,148,124,722,195,411,414,411,191,195,722,124,148,33,150,200,733,218,261,243,226,52,170,125,329,952,265,125,423,219,48,343,25,25,763,48,423,152,125,265,952,329,125,170,52,226,243,571,261,733,200,33,148,124,722,195,2535,191,411,414,414,191,195,124,148,150,200,218,261,149,243,226,52,125,329,952,265,152,423,219,343,25,25,343,48,219,423,152,125,265,952,329,125,170,52,226,243,261,218,733,200,150,33,148,124,722,195,191,411,414	176	65528	105437	23104,38039,21478,22816	200200	oracle partition requires fresh LP
4	92	NEED_LP	21257	0-9-10,1-5-6-11,2-3-12,4-7-8	1220,1222,1227,1231,1237,1243,1245,1259,1261,1264,1301,1318,1327,1332,1341,1350,1355,1366,1369,1377,1400,1415,1423,1426,1428,1434,1437,1448,1451,1460,1462,1465,1474,1476,1484,1490,1504,1528,1531,1532,1549,1555,1565,1570,1572,1588,1602,1618,1620,1625,1629,1635,1638,1641,1643,1657,1658,1662,1686,1699,1700,1714,1716,1725,1728,1730,1739,1742,1748,1753,1756,1767,1775,1821,1824,1832,1835,1840,1846,1849,1858,1860,1863,1872,1874,1888,1889,1902,1926,1929,1930,1931,1945,1947,1959,1963,1968,1970,1986,2000,2002,2018,2027,2033,2039,2041,2055,2056,2057,2060,2084,2097,2098,2100,2112,2123,2126,2137,2140,2146,2151,2154,2156,2162,2165,2173,2211,2222,2230,2238,2244,2256,2258,2270,2272,2282,2286,2287,2300,2327,2328,2329,2343,2351,2357,2361,2368,2384,2398,2414,2416,2421,2425,2431,2437,2439,2453,2454,2455,2458,2482,2495,2496,2510,2512,2521,2524,2526,2535,2538,2544,2549,2552,2560,2563,2571	343,48,219,423,152,125,265,952,125,170,226,218,733,150,33,124,722,191,411,414,2819,414,411,191,3250,195,722,148,33,150,200,733,218,261,3024,243,52,170,125,329,125,152,219,48,343,25,25,343,48,219,423,152,7435,125,265,952,329,170,52,226,243,261,218,733,200,150,33,148,124,722,195,411,414,411,191,195,722,124,148,33,150,200,733,218,261,243,226,52,170,125,329,952,265,125,423,219,48,343,25,25,763,48,423,152,125,265,952,329,125,170,52,226,243,571,261,733,200,33,148,124,722,195,2535,191,411,414,414,191,195,124,148,150,200,218,261,149,243,226,52,125,329,952,265,152,423,219,343,25,25,343,48,219,423,152,125,265,952,329,125,170,52,226,243,261,218,733,200,150,33,148,124,722,195,191,411,414	176	65528	98918	23104,38039,14959,22816	200200	oracle partition requires fresh LP
4	93	NEED_LP	20685	0-1-9,2-3-4,5-6-11-12,7-8-10	1220,1222,1227,1231,1237,1243,1245,1259,1261,1264,1301,1318,1327,1332,1341,1350,1355,1366,1369,1377,1400,1415,1423,1426,1428,1434,1437,1448,1451,1460,1462,1465,1474,1476,1484,1490,1504,1528,1531,1532,1549,1555,1565,1570,1572,1588,1602,1618,1620,1625,1629,1635,1638,1641,1643,1657,1658,1662,1686,1699,1700,1714,1716,1725,1728,1730,1739,1742,1748,1753,1756,1767,1775,1821,1824,1832,1835,1840,1846,1849,1858,1860,1863,1872,1874,1888,1889,1902,1926,1929,1930,1931,1945,1947,1959,1963,1968,1970,1986,2000,2002,2018,2027,2033,2039,2041,2055,2056,2057,2060,2084,2097,2098,2100,2112,2123,2126,2137,2140,2146,2151,2154,2156,2162,2165,2173,2211,2222,2230,2238,2244,2256,2258,2270,2272,2282,2286,2287,2300,2327,2328,2329,2343,2351,2357,2361,2368,2384,2398,2414,2416,2421,2425,2431,2437,2439,2453,2454,2455,2458,2482,2495,2496,2510,2512,2521,2524,2526,2535,2538,2544,2549,2552,2560,2563,2571	343,48,219,423,152,125,265,952,125,170,226,218,733,150,33,124,722,191,411,414,2819,414,411,191,3250,195,722,148,33,150,200,733,218,261,3024,243,52,170,125,329,125,152,219,48,343,25,25,343,48,219,423,152,7435,125,265,952,329,170,52,226,243,261,218,733,200,150,33,148,124,722,195,411,414,411,191,195,722,124,148,33,150,200,733,218,261,243,226,52,170,125,329,952,265,125,423,219,48,343,25,25,763,48,423,152,125,265,952,329,125,170,52,226,243,571,261,733,200,33,148,124,722,195,2535,191,411,414,414,191,195,124,148,150,200,218,261,149,243,226,52,125,329,952,265,152,423,219,343,25,25,343,48,219,423,152,125,265,952,329,125,170,52,226,243,261,218,733,200,150,33,148,124,722,195,191,411,414	176	65528	91778	20644,7587,38443,25104	200200	oracle partition requires fresh LP
4	101	NEED_LP	22414	0-9-10,1-3-12,2-7-8,4-5-6-11	1220,1222,1227,1231,1237,1243,1245,1259,1261,1264,1301,1318,1327,1332,1341,1350,1355,1366,1369,1377,1400,1415,1423,1426,1428,1434,1437,1448,1451,1460,1462,1465,1474,1476,1484,1490,1504,1528,1531,1532,1549,1555,1565,1570,1572,1588,1602,1618,1620,1625,1629,1635,1638,1641,1643,1657,1658,1662,1686,1699,1700,1714,1716,1725,1728,1730,1739,1742,1748,1753,1756,1767,1775,1821,1824,1832,1835,1840,1846,1849,1858,1860,1863,1872,1874,1888,1889,1902,1926,1929,1930,1931,1945,1947,1959,1963,1968,1970,1986,2000,2002,2018,2027,2033,2039,2041,2055,2056,2057,2060,2084,2097,2098,2100,2112,2123,2126,2137,2140,2146,2151,2154,2156,2162,2165,2173,2211,2222,2230,2238,2244,2256,2258,2270,2272,2282,2286,2287,2300,2327,2328,2329,2343,2351,2357,2361,2368,2384,2398,2414,2416,2421,2425,2431,2437,2439,2453,2454,2455,2458,2482,2495,2496,2510,2512,2521,2524,2526,2535,2538,2544,2549,2552,2560,2563,2571	343,48,219,423,152,125,265,952,125,170,226,218,733,150,33,124,722,191,411,414,2819,414,411,191,3250,195,722,148,33,150,200,733,218,261,3024,243,52,170,125,329,125,152,219,48,343,25,25,343,48,219,423,152,7435,125,265,952,329,170,52,226,243,261,218,733,200,150,33,148,124,722,195,411,414,411,191,195,722,124,148,33,150,200,733,218,261,243,226,52,170,125,329,952,265,125,423,219,48,343,25,25,763,48,423,152,125,265,952,329,125,170,52,226,243,571,261,733,200,33,148,124,722,195,2535,191,411,414,414,191,195,124,148,150,200,218,261,149,243,226,52,125,329,952,265,152,423,219,343,25,25,343,48,219,423,152,125,265,952,329,125,170,52,226,243,261,218,733,200,150,33,148,124,722,195,191,411,414	176	65528	105129	23104,21478,22597,37950	200200	oracle partition requires fresh LP
4	102	NEED_LP	21439	0-9-10,1-3-12,2-7-8,4-5-6-11	1220,1222,1227,1231,1237,1243,1245,1259,1261,1264,1301,1318,1327,1332,1341,1350,1355,1366,1369,1377,1400,1415,1423,1426,1428,1434,1437,1448,1451,1460,1462,1465,1474,1476,1484,1490,1504,1528,1531,1532,1549,1555,1565,1570,1572,1588,1602,1618,1620,1625,1629,1635,1638,1641,1643,1657,1658,1662,1686,1699,1700,1714,1716,1725,1728,1730,1739,1742,1748,1753,1756,1767,1775,1821,1824,1832,1835,1840,1846,1849,1858,1860,1863,1872,1874,1888,1889,1902,1926,1929,1930,1931,1945,1947,1959,1963,1968,1970,1986,2000,2002,2018,2027,2033,2039,2041,2055,2056,2057,2060,2084,2097,2098,2100,2112,2123,2126,2137,2140,2146,2151,2154,2156,2162,2165,2173,2211,2222,2230,2238,2244,2256,2258,2270,2272,2282,2286,2287,2300,2327,2328,2329,2343,2351,2357,2361,2368,2384,2398,2414,2416,2421,2425,2431,2437,2439,2453,2454,2455,2458,2482,2495,2496,2510,2512,2521,2524,2526,2535,2538,2544,2549,2552,2560,2563,2571	343,48,219,423,152,125,265,952,125,170,226,218,733,150,33,124,722,191,411,414,2819,414,411,191,3250,195,722,148,33,150,200,733,218,261,3024,243,52,170,125,329,125,152,219,48,343,25,25,343,48,219,423,152,7435,125,265,952,329,170,52,226,243,261,218,733,200,150,33,148,124,722,195,411,414,411,191,195,722,124,148,33,150,200,733,218,261,243,226,52,170,125,329,952,265,125,423,219,48,343,25,25,763,48,423,152,125,265,952,329,125,170,52,226,243,571,261,733,200,33,148,124,722,195,2535,191,411,414,414,191,195,124,148,150,200,218,261,149,243,226,52,125,329,952,265,152,423,219,343,25,25,343,48,219,423,152,125,265,952,329,125,170,52,226,243,261,218,733,200,150,33,148,124,722,195,191,411,414	176	65528	98610	23104,14959,22597,37950	200200	oracle partition requires fresh LP
4	103	NEED_LP	21031	0-9-10,1-3-4,2-7-8,5-6-11-12	1220,1222,1227,1231,1237,1243,1245,1259,1261,1264,1301,1318,1327,1332,1341,1350,1355,1366,1369,1377,1400,1415,1423,1426,1428,1434,1437,1448,1451,1460,1462,1465,1474,1476,1484,1490,1504,1528,1531,1532,1549,1555,1565,1570,1572,1588,1602,1618,1620,1625,1629,1635,1638,1641,1643,1657,1658,1662,1686,1699,1700,1714,1716,1725,1728,1730,1739,1742,1748,1753,1756,1767,1775,1821,1824,1832,1835,1840,1846,1849,1858,1860,1863,1872,1874,1888,1889,1902,1926,1929,1930,1931,1945,1947,1959,1963,1968,1970,1986,2000,2002,2018,2027,2033,2039,2041,2055,2056,2057,2060,2084,2097,2098,2100,2112,2123,2126,2137,2140,2146,2151,2154,2156,2162,2165,2173,2211,2222,2230,2238,2244,2256,2258,2270,2272,2282,2286,2287,2300,2327,2328,2329,2343,2351,2357,2361,2368,2384,2398,2414,2416,2421,2425,2431,2437,2439,2453,2454,2455,2458,2482,2495,2496,2510,2512,2521,2524,2526,2535,2538,2544,2549,2552,2560,2563,2571	343,48,219,423,152,125,265,952,125,170,226,218,733,150,33,124,722,191,411,414,2819,414,411,191,3250,195,722,148,33,150,200,733,218,261,3024,243,52,170,125,329,125,152,219,48,343,25,25,343,48,219,423,152,7435,125,265,952,329,170,52,226,243,261,218,733,200,150,33,148,124,722,195,411,414,411,191,195,722,124,148,33,150,200,733,218,261,243,226,52,170,125,329,952,265,125,423,219,48,343,25,25,763,48,423,152,125,265,952,329,125,170,52,226,243,571,261,733,200,33,148,124,722,195,2535,191,411,414,414,191,195,124,148,150,200,218,261,149,243,226,52,125,329,952,265,152,423,219,343,25,25,343,48,219,423,152,125,265,952,329,125,170,52,226,243,261,218,733,200,150,33,148,124,722,195,191,411,414	176	65528	91731	23104,7587,22597,38443	200200	oracle partition requires fresh LP
4	111	NEED_LP	21218	0-9-10,1-2-12,3-7-8,4-5-6-11	1220,1222,1227,1231,1237,1243,1245,1259,1261,1264,1301,1318,1327,1332,1341,1350,1355,1366,1369,1377,1400,1415,1423,1426,1428,1434,1437,1448,1451,1460,1462,1465,1474,1476,1484,1490,1504,1528,1531,1532,1549,1555,1565,1570,1572,1588,1602,1618,1620,1625,1629,1635,1638,1641,1643,1657,1658,1662,1686,1699,1700,1714,1716,1725,1728,1730,1739,1742,1748,1753,1756,1767,1775,1821,1824,1832,1835,1840,1846,1849,1858,1860,1863,1872,1874,1888,1889,1902,1926,1929,1930,1931,1945,1947,1959,1963,1968,1970,1986,2000,2002,2018,2027,2033,2039,2041,2055,2056,2057,2060,2084,2097,2098,2100,2112,2123,2126,2137,2140,2146,2151,2154,2156,2162,2165,2173,2211,2222,2230,2238,2244,2256,2258,2270,2272,2282,2286,2287,2300,2327,2328,2329,2343,2351,2357,2361,2368,2384,2398,2414,2416,2421,2425,2431,2437,2439,2453,2454,2455,2458,2482,2495,2496,2510,2512,2521,2524,2526,2535,2538,2544,2549,2552,2560,2563,2571	343,48,219,423,152,125,265,952,125,170,226,218,733,150,33,124,722,191,411,414,2819,414,411,191,3250,195,722,148,33,150,200,733,218,261,3024,243,52,170,125,329,125,152,219,48,343,25,25,343,48,219,423,152,7435,125,265,952,329,170,52,226,243,261,218,733,200,150,33,148,124,722,195,411,414,411,191,195,722,124,148,33,150,200,733,218,261,243,226,52,170,125,329,952,265,125,423,219,48,343,25,25,763,48,423,152,125,265,952,329,125,170,52,226,243,571,261,733,200,33,148,124,722,195,2535,191,411,414,414,191,195,124,148,150,200,218,261,149,243,226,52,125,329,952,265,152,423,219,343,25,25,343,48,219,423,152,125,265,952,329,125,170,52,226,243,261,218,733,200,150,33,148,124,722,195,191,411,414	176	65528	98619	23104,7524,30041,37950	200200	oracle partition requires fresh LP
4	112	NEED_LP	20892	0-9-10,1-2-4,3-6-11-12,5-7-8	1220,1222,1227,1231,1237,1243,1245,1259,1261,1264,1301,1318,1327,1332,1341,1350,1355,1366,1369,1377,1400,1415,1423,1426,1428,1434,1437,1448,1451,1460,1462,1465,1474,1476,1484,1490,1504,1528,1531,1532,1549,1555,1565,1570,1572,1588,1602,1618,1620,1625,1629,1635,1638,1641,1643,1657,1658,1662,1686,1699,1700,1714,1716,1725,1728,1730,1739,1742,1748,1753,1756,1767,1775,1821,1824,1832,1835,1840,1846,1849,1858,1860,1863,1872,1874,1888,1889,1902,1926,1929,1930,1931,1945,1947,1959,1963,1968,1970,1986,2000,2002,2018,2027,2033,2039,2041,2055,2056,2057,2060,2084,2097,2098,2100,2112,2123,2126,2137,2140,2146,2151,2154,2156,2162,2165,2173,2211,2222,2230,2238,2244,2256,2258,2270,2272,2282,2286,2287,2300,2327,2328,2329,2343,2351,2357,2361,2368,2384,2398,2414,2416,2421,2425,2431,2437,2439,2453,2454,2455,2458,2482,2495,2496,2510,2512,2521,2524,2526,2535,2538,2544,2549,2552,2560,2563,2571	343,48,219,423,152,125,265,952,125,170,226,218,733,150,33,124,722,191,411,414,2819,414,411,191,3250,195,722,148,33,150,200,733,218,261,3024,243,52,170,125,329,125,152,219,48,343,25,25,343,48,219,423,152,7435,125,265,952,329,170,52,226,243,261,218,733,200,150,33,148,124,722,195,411,414,411,191,195,722,124,148,33,150,200,733,218,261,243,226,52,170,125,329,952,265,125,423,219,48,343,25,25,763,48,423,152,125,265,952,329,125,170,52,226,243,571,261,733,200,33,148,124,722,195,2535,191,411,414,414,191,195,124,148,150,200,218,261,149,243,226,52,125,329,952,265,152,423,219,343,25,25,343,48,219,423,152,125,265,952,329,125,170,52,226,243,261,218,733,200,150,33,148,124,722,195,191,411,414	176	65528	91968	23104,150,42963,25751	200200	oracle partition requires fresh LP
4	120	NEED_LP	20991	0-9-10,1-2-3,4-7-8,5-6-11-12	1220,1222,1227,1231,1237,1243,1245,1259,1261,1264,1301,1318,1327,1332,1341,1350,1355,1366,1369,1377,1400,1415,1423,1426,1428,1434,1437,1448,1451,1460,1462,1465,1474,1476,1484,1490,1504,1528,1531,1532,1549,1555,1565,1570,1572,1588,1602,1618,1620,1625,1629,1635,1638,1641,1643,1657,1658,1662,1686,1699,1700,1714,1716,1725,1728,1730,1739,1742,1748,1753,1756,1767,1775,1821,1824,1832,1835,1840,1846,1849,1858,1860,1863,1872,1874,1888,1889,1902,1926,1929,1930,1931,1945,1947,1959,1963,1968,1970,1986,2000,2002,2018,2027,2033,2039,2041,2055,2056,2057,2060,2084,2097,2098,2100,2112,2123,2126,2137,2140,2146,2151,2154,2156,2162,2165,2173,2211,2222,2230,2238,2244,2256,2258,2270,2272,2282,2286,2287,2300,2327,2328,2329,2343,2351,2357,2361,2368,2384,2398,2414,2416,2421,2425,2431,2437,2439,2453,2454,2455,2458,2482,2495,2496,2510,2512,2521,2524,2526,2535,2538,2544,2549,2552,2560,2563,2571	343,48,219,423,152,125,265,952,125,170,226,218,733,150,33,124,722,191,411,414,2819,414,411,191,3250,195,722,148,33,150,200,733,218,261,3024,243,52,170,125,329,125,152,219,48,343,25,25,343,48,219,423,152,7435,125,265,952,329,170,52,226,243,261,218,733,200,150,33,148,124,722,195,411,414,411,191,195,722,124,148,33,150,200,733,218,261,243,226,52,170,125,329,952,265,125,423,219,48,343,25,25,763,48,423,152,125,265,952,329,125,170,52,226,243,571,261,733,200,33,148,124,722,195,2535,191,411,414,414,191,195,124,148,150,200,218,261,149,243,226,52,125,329,952,265,152,423,219,343,25,25,343,48,219,423,152,125,265,952,329,125,170,52,226,243,261,218,733,200,150,33,148,124,722,195,191,411,414	176	65528	91801	23104,7438,22816,38443	200200	oracle partition requires fresh LP
4	936	NEED_LP	21277	0-3-6-11,1-10-12,2-7-8,4-5-9	1220,1222,1227,1231,1237,1243,1245,1259,1261,1264,1301,1318,1327,1332,1341,1350,1355,1366,1369,1377,1400,1415,1423,1426,1428,1434,1437,1448,1451,1460,1462,1465,1474,1476,1484,1490,1504,1528,1531,1532,1549,1555,1565,1570,1572,1588,1602,1618,1620,1625,1629,1635,1638,1641,1643,1657,1658,1662,1686,1699,1700,1714,1716,1725,1728,1730,1739,1742,1748,1753,1756,1767,1775,1821,1824,1832,1835,1840,1846,1849,1858,1860,1863,1872,1874,1888,1889,1902,1926,1929,1930,1931,1945,1947,1959,1963,1968,1970,1986,2000,2002,2018,2027,2033,2039,2041,2055,2056,2057,2060,2084,2097,2098,2100,2112,2123,2126,2137,2140,2146,2151,2154,2156,2162,2165,2173,2211,2222,2230,2238,2244,2256,2258,2270,2272,2282,2286,2287,2300,2327,2328,2329,2343,2351,2357,2361,2368,2384,2398,2414,2416,2421,2425,2431,2437,2439,2453,2454,2455,2458,2482,2495,2496,2510,2512,2521,2524,2526,2535,2538,2544,2549,2552,2560,2563,2571	343,48,219,423,152,125,265,952,125,170,226,218,733,150,33,124,722,191,411,414,2819,414,411,191,3250,195,722,148,33,150,200,733,218,261,3024,243,52,170,125,329,125,152,219,48,343,25,25,343,48,219,423,152,7435,125,265,952,329,170,52,226,243,261,218,733,200,150,33,148,124,722,195,411,414,411,191,195,722,124,148,33,150,200,733,218,261,243,226,52,170,125,329,952,265,125,423,219,48,343,25,25,763,48,423,152,125,265,952,329,125,170,52,226,243,571,261,733,200,33,148,124,722,195,2535,191,411,414,414,191,195,124,148,150,200,218,261,149,243,226,52,125,329,952,265,152,423,219,343,25,25,343,48,219,423,152,125,265,952,329,125,170,52,226,243,261,218,733,200,150,33,148,124,722,195,191,411,414	176	65528	111209	42591,21891,22597,24130	200200	oracle partition requires fresh LP
4	937	NEED_LP	23819	0-3-12,1-9-10,2-7-8,4-5-6-11	1220,1222,1227,1231,1237,1243,1245,1259,1261,1264,1301,1318,1327,1332,1341,1350,1355,1366,1369,1377,1400,1415,1423,1426,1428,1434,1437,1448,1451,1460,1462,1465,1474,1476,1484,1490,1504,1528,1531,1532,1549,1555,1565,1570,1572,1588,1602,1618,1620,1625,1629,1635,1638,1641,1643,1657,1658,1662,1686,1699,1700,1714,1716,1725,1728,1730,1739,1742,1748,1753,1756,1767,1775,1821,1824,1832,1835,1840,1846,1849,1858,1860,1863,1872,1874,1888,1889,1902,1926,1929,1930,1931,1945,1947,1959,1963,1968,1970,1986,2000,2002,2018,2027,2033,2039,2041,2055,2056,2057,2060,2084,2097,2098,2100,2112,2123,2126,2137,2140,2146,2151,2154,2156,2162,2165,2173,2211,2222,2230,2238,2244,2256,2258,2270,2272,2282,2286,2287,2300,2327,2328,2329,2343,2351,2357,2361,2368,2384,2398,2414,2416,2421,2425,2431,2437,2439,2453,2454,2455,2458,2482,2495,2496,2510,2512,2521,2524,2526,2535,2538,2544,2549,2552,2560,2563,2571	343,48,219,423,152,125,265,952,125,170,226,218,733,150,33,124,722,191,411,414,2819,414,411,191,3250,195,722,148,33,150,200,733,218,261,3024,243,52,170,125,329,125,152,219,48,343,25,25,343,48,219,423,152,7435,125,265,952,329,170,52,226,243,261,218,733,200,150,33,148,124,722,195,411,414,411,191,195,722,124,148,33,150,200,733,218,261,243,226,52,170,125,329,952,265,125,423,219,48,343,25,25,763,48,423,152,125,265,952,329,125,170,52,226,243,571,261,733,200,33,148,124,722,195,2535,191,411,414,414,191,195,124,148,150,200,218,261,149,243,226,52,125,329,952,265,152,423,219,343,25,25,343,48,219,423,152,125,265,952,329,125,170,52,226,243,261,218,733,200,150,33,148,124,722,195,191,411,414	176	65528	111667	28016,23104,22597,37950	200200	oracle partition requires fresh LP
4	938	NEED_LP	22232	0-5-6-11,1-9-10,2-3-12,4-7-8	1220,1222,1227,1231,1237,1243,1245,1259,1261,1264,1301,1318,1327,1332,1341,1350,1355,1366,1369,1377,1400,1415,1423,1426,1428,1434,1437,1448,1451,1460,1462,1465,1474,1476,1484,1490,1504,1528,1531,1532,1549,1555,1565,1570,1572,1588,1602,1618,1620,1625,1629,1635,1638,1641,1643,1657,1658,1662,1686,1699,1700,1714,1716,1725,1728,1730,1739,1742,1748,1753,1756,1767,1775,1821,1824,1832,1835,1840,1846,1849,1858,1860,1863,1872,1874,1888,1889,1902,1926,1929,1930,1931,1945,1947,1959,1963,1968,1970,1986,2000,2002,2018,2027,2033,2039,2041,2055,2056,2057,2060,2084,2097,2098,2100,2112,2123,2126,2137,2140,2146,2151,2154,2156,2162,2165,2173,2211,2222,2230,2238,2244,2256,2258,2270,2272,2282,2286,2287,2300,2327,2328,2329,2343,2351,2357,2361,2368,2384,2398,2414,2416,2421,2425,2431,2437,2439,2453,2454,2455,2458,2482,2495,2496,2510,2512,2521,2524,2526,2535,2538,2544,2549,2552,2560,2563,2571	343,48,219,423,152,125,265,952,125,170,226,218,733,150,33,124,722,191,411,414,2819,414,411,191,3250,195,722,148,33,150,200,733,218,261,3024,243,52,170,125,329,125,152,219,48,343,25,25,343,48,219,423,152,7435,125,265,952,329,170,52,226,243,261,218,733,200,150,33,148,124,722,195,411,414,411,191,195,722,124,148,33,150,200,733,218,261,243,226,52,170,125,329,952,265,125,423,219,48,343,25,25,763,48,423,152,125,265,952,329,125,170,52,226,243,571,261,733,200,33,148,124,722,195,2535,191,411,414,414,191,195,124,148,150,200,218,261,149,243,226,52,125,329,952,265,152,423,219,343,25,25,343,48,219,423,152,125,265,952,329,125,170,52,226,243,261,218,733,200,150,33,148,124,722,195,191,411,414	176	65528	105437	38039,23104,21478,22816	200200	oracle partition requires fresh LP
4	939	NEED_LP	21257	0-5-6-11,1-9-10,2-3-12,4-7-8	1220,1222,1227,1231,1237,1243,1245,1259,1261,1264,1301,1318,1327,1332,1341,1350,1355,1366,1369,1377,1400,1415,1423,1426,1428,1434,1437,1448,1451,1460,1462,1465,1474,1476,1484,1490,1504,1528,1531,1532,1549,1555,1565,1570,1572,1588,1602,1618,1620,1625,1629,1635,1638,1641,1643,1657,1658,1662,1686,1699,1700,1714,1716,1725,1728,1730,1739,1742,1748,1753,1756,1767,1775,1821,1824,1832,1835,1840,1846,1849,1858,1860,1863,1872,1874,1888,1889,1902,1926,1929,1930,1931,1945,1947,1959,1963,1968,1970,1986,2000,2002,2018,2027,2033,2039,2041,2055,2056,2057,2060,2084,2097,2098,2100,2112,2123,2126,2137,2140,2146,2151,2154,2156,2162,2165,2173,2211,2222,2230,2238,2244,2256,2258,2270,2272,2282,2286,2287,2300,2327,2328,2329,2343,2351,2357,2361,2368,2384,2398,2414,2416,2421,2425,2431,2437,2439,2453,2454,2455,2458,2482,2495,2496,2510,2512,2521,2524,2526,2535,2538,2544,2549,2552,2560,2563,2571	343,48,219,423,152,125,265,952,125,170,226,218,733,150,33,124,722,191,411,414,2819,414,411,191,3250,195,722,148,33,150,200,733,218,261,3024,243,52,170,125,329,125,152,219,48,343,25,25,343,48,219,423,152,7435,125,265,952,329,170,52,226,243,261,218,733,200,150,33,148,124,722,195,411,414,411,191,195,722,124,148,33,150,200,733,218,261,243,226,52,170,125,329,952,265,125,423,219,48,343,25,25,763,48,423,152,125,265,952,329,125,170,52,226,243,571,261,733,200,33,148,124,722,195,2535,191,411,414,414,191,195,124,148,150,200,218,261,149,243,226,52,125,329,952,265,152,423,219,343,25,25,343,48,219,423,152,125,265,952,329,125,170,52,226,243,261,218,733,200,150,33,148,124,722,195,191,411,414	176	65528	98918	38039,23104,14959,22816	200200	oracle partition requires fresh LP
4	940	NEED_LP	20685	0-1-9,2-3-4,5-6-11-12,7-8-10	1220,1222,1227,1231,1237,1243,1245,1259,1261,1264,1301,1318,1327,1332,1341,1350,1355,1366,1369,1377,1400,1415,1423,1426,1428,1434,1437,1448,1451,1460,1462,1465,1474,1476,1484,1490,1504,1528,1531,1532,1549,1555,1565,1570,1572,1588,1602,1618,1620,1625,1629,1635,1638,1641,1643,1657,1658,1662,1686,1699,1700,1714,1716,1725,1728,1730,1739,1742,1748,1753,1756,1767,1775,1821,1824,1832,1835,1840,1846,1849,1858,1860,1863,1872,1874,1888,1889,1902,1926,1929,1930,1931,1945,1947,1959,1963,1968,1970,1986,2000,2002,2018,2027,2033,2039,2041,2055,2056,2057,2060,2084,2097,2098,2100,2112,2123,2126,2137,2140,2146,2151,2154,2156,2162,2165,2173,2211,2222,2230,2238,2244,2256,2258,2270,2272,2282,2286,2287,2300,2327,2328,2329,2343,2351,2357,2361,2368,2384,2398,2414,2416,2421,2425,2431,2437,2439,2453,2454,2455,2458,2482,2495,2496,2510,2512,2521,2524,2526,2535,2538,2544,2549,2552,2560,2563,2571	343,48,219,423,152,125,265,952,125,170,226,218,733,150,33,124,722,191,411,414,2819,414,411,191,3250,195,722,148,33,150,200,733,218,261,3024,243,52,170,125,329,125,152,219,48,343,25,25,343,48,219,423,152,7435,125,265,952,329,170,52,226,243,261,218,733,200,150,33,148,124,722,195,411,414,411,191,195,722,124,148,33,150,200,733,218,261,243,226,52,170,125,329,952,265,125,423,219,48,343,25,25,763,48,423,152,125,265,952,329,125,170,52,226,243,571,261,733,200,33,148,124,722,195,2535,191,411,414,414,191,195,124,148,150,200,218,261,149,243,226,52,125,329,952,265,152,423,219,343,25,25,343,48,219,423,152,125,265,952,329,125,170,52,226,243,261,218,733,200,150,33,148,124,722,195,191,411,414	176	65528	91778	20644,7587,38443,25104	200200	oracle partition requires fresh LP
4	948	NEED_LP	20125	0-1-3,2-7-8,4-5-6-11,9-10-12	1220,1222,1227,1231,1237,1243,1245,1259,1261,1264,1301,1318,1327,1332,1341,1350,1355,1366,1369,1377,1400,1415,1423,1426,1428,1434,1437,1448,1451,1460,1462,1465,1474,1476,1484,1490,1504,1528,1531,1532,1549,1555,1565,1570,1572,1588,1602,1618,1620,1625,1629,1635,1638,1641,1643,1657,1658,1662,1686,1699,1700,1714,1716,1725,1728,1730,1739,1742,1748,1753,1756,1767,1775,1821,1824,1832,1835,1840,1846,1849,1858,1860,1863,1872,1874,1888,1889,1902,1926,1929,1930,1931,1945,1947,1959,1963,1968,1970,1986,2000,2002,2018,2027,2033,2039,2041,2055,2056,2057,2060,2084,2097,2098,2100,2112,2123,2126,2137,2140,2146,2151,2154,2156,2162,2165,2173,2211,2222,2230,2238,2244,2256,2258,2270,2272,2282,2286,2287,2300,2327,2328,2329,2343,2351,2357,2361,2368,2384,2398,2414,2416,2421,2425,2431,2437,2439,2453,2454,2455,2458,2482,2495,2496,2510,2512,2521,2524,2526,2535,2538,2544,2549,2552,2560,2563,2571	343,48,219,423,152,125,265,952,125,170,226,218,733,150,33,124,722,191,411,414,2819,414,411,191,3250,195,722,148,33,150,200,733,218,261,3024,243,52,170,125,329,125,152,219,48,343,25,25,343,48,219,423,152,7435,125,265,952,329,170,52,226,243,261,218,733,200,150,33,148,124,722,195,411,414,411,191,195,722,124,148,33,150,200,733,218,261,243,226,52,170,125,329,952,265,125,423,219,48,343,25,25,763,48,423,152,125,265,952,329,125,170,52,226,243,571,261,733,200,33,148,124,722,195,2535,191,411,414,414,191,195,124,148,150,200,218,261,149,243,226,52,125,329,952,265,152,423,219,343,25,25,343,48,219,423,152,125,265,952,329,125,170,52,226,243,261,218,733,200,150,33,148,124,722,195,191,411,414	176	65528	104131	20785,22597,37950,22799	200200	oracle partition requires fresh LP
4	949	NEED_LP	19716	0-1-2,3-7-8,4-5-6-11,9-10-12	1220,1222,1227,1231,1237,1243,1245,1259,1261,1264,1301,1318,1327,1332,1341,1350,1355,1366,1369,1377,1400,1415,1423,1426,1428,1434,1437,1448,1451,1460,1462,1465,1474,1476,1484,1490,1504,1528,1531,1532,1549,1555,1565,1570,1572,1588,1602,1618,1620,1625,1629,1635,1638,1641,1643,1657,1658,1662,1686,1699,1700,1714,1716,1725,1728,1730,1739,1742,1748,1753,1756,1767,1775,1821,1824,1832,1835,1840,1846,1849,1858,1860,1863,1872,1874,1888,1889,1902,1926,1929,1930,1931,1945,1947,1959,1963,1968,1970,1986,2000,2002,2018,2027,2033,2039,2041,2055,2056,2057,2060,2084,2097,2098,2100,2112,2123,2126,2137,2140,2146,2151,2154,2156,2162,2165,2173,2211,2222,2230,2238,2244,2256,2258,2270,2272,2282,2286,2287,2300,2327,2328,2329,2343,2351,2357,2361,2368,2384,2398,2414,2416,2421,2425,2431,2437,2439,2453,2454,2455,2458,2482,2495,2496,2510,2512,2521,2524,2526,2535,2538,2544,2549,2552,2560,2563,2571	343,48,219,423,152,125,265,952,125,170,226,218,733,150,33,124,722,191,411,414,2819,414,411,191,3250,195,722,148,33,150,200,733,218,261,3024,243,52,170,125,329,125,152,219,48,343,25,25,343,48,219,423,152,7435,125,265,952,329,170,52,226,243,261,218,733,200,150,33,148,124,722,195,411,414,411,191,195,722,124,148,33,150,200,733,218,261,243,226,52,170,125,329,952,265,125,423,219,48,343,25,25,763,48,423,152,125,265,952,329,125,170,52,226,243,571,261,733,200,33,148,124,722,195,2535,191,411,414,414,191,195,124,148,150,200,218,261,149,243,226,52,125,329,952,265,152,423,219,343,25,25,343,48,219,423,152,125,265,952,329,125,170,52,226,243,261,218,733,200,150,33,148,124,722,195,191,411,414	176	65528	96834	6044,30041,37950,22799	200200	oracle partition requires fresh LP
4	950	NEED_LP	19420	0-2-3,1-7-8,4-5-6-11,9-10-12	1220,1222,1227,1231,1237,1243,1245,1259,1261,1264,1301,1318,1327,1332,1341,1350,1355,1366,1369,1377,1400,1415,1423,1426,1428,1434,1437,1448,1451,1460,1462,1465,1474,1476,1484,1490,1504,1528,1531,1532,1549,1555,1565,1570,1572,1588,1602,1618,1620,1625,1629,1635,1638,1641,1643,1657,1658,1662,1686,1699,1700,1714,1716,1725,1728,1730,1739,1742,1748,1753,1756,1767,1775,1821,1824,1832,1835,1840,1846,1849,1858,1860,1863,1872,1874,1888,1889,1902,1926,1929,1930,1931,1945,1947,1959,1963,1968,1970,1986,2000,2002,2018,2027,2033,2039,2041,2055,2056,2057,2060,2084,2097,2098,2100,2112,2123,2126,2137,2140,2146,2151,2154,2156,2162,2165,2173,2211,2222,2230,2238,2244,2256,2258,2270,2272,2282,2286,2287,2300,2327,2328,2329,2343,2351,2357,2361,2368,2384,2398,2414,2416,2421,2425,2431,2437,2439,2453,2454,2455,2458,2482,2495,2496,2510,2512,2521,2524,2526,2535,2538,2544,2549,2552,2560,2563,2571	343,48,219,423,152,125,265,952,125,170,226,218,733,150,33,124,722,191,411,414,2819,414,411,191,3250,195,722,148,33,150,200,733,218,261,3024,243,52,170,125,329,125,152,219,48,343,25,25,343,48,219,423,152,7435,125,265,952,329,170,52,226,243,261,218,733,200,150,33,148,124,722,195,411,414,411,191,195,722,124,148,33,150,200,733,218,261,243,226,52,170,125,329,952,265,125,423,219,48,343,25,25,763,48,423,152,125,265,952,329,125,170,52,226,243,571,261,733,200,33,148,124,722,195,2535,191,411,414,414,191,195,124,148,150,200,218,261,149,243,226,52,125,329,952,265,152,423,219,343,25,25,343,48,219,423,152,125,265,952,329,125,170,52,226,243,261,218,733,200,150,33,148,124,722,195,191,411,414	176	65528	89799	7438,21612,37950,22799	200200	oracle partition requires fresh LP
4	951	NEED_LP	17679	0-2-4,1-5-6-11,3-10-12,7-8-9	1220,1222,1227,1231,1237,1243,1245,1259,1261,1264,1301,1318,1327,1332,1341,1350,1355,1366,1369,1377,1400,1415,1423,1426,1428,1434,1437,1448,1451,1460,1462,1465,1474,1476,1484,1490,1504,1528,1531,1532,1549,1555,1565,1570,1572,1588,1602,1618,1620,1625,1629,1635,1638,1641,1643,1657,1658,1662,1686,1699,1700,1714,1716,1725,1728,1730,1739,1742,1748,1753,1756,1767,1775,1821,1824,1832,1835,1840,1846,1849,1858,1860,1863,1872,1874,1888,1889,1902,1926,1929,1930,1931,1945,1947,1959,1963,1968,1970,1986,2000,2002,2018,2027,2033,2039,2041,2055,2056,2057,2060,2084,2097,2098,2100,2112,2123,2126,2137,2140,2146,2151,2154,2156,2162,2165,2173,2211,2222,2230,2238,2244,2256,2258,2270,2272,2282,2286,2287,2300,2327,2328,2329,2343,2351,2357,2361,2368,2384,2398,2414,2416,2421,2425,2431,2437,2439,2453,2454,2455,2458,2482,2495,2496,2510,2512,2521,2524,2526,2535,2538,2544,2549,2552,2560,2563,2571	343,48,219,423,152,125,265,952,125,170,226,218,733,150,33,124,722,191,411,414,2819,414,411,191,3250,195,722,148,33,150,200,733,218,261,3024,243,52,170,125,329,125,152,219,48,343,25,25,343,48,219,423,152,7435,125,265,952,329,170,52,226,243,261,218,733,200,150,33,148,124,722,195,411,414,411,191,195,722,124,148,33,150,200,733,218,261,243,226,52,170,125,329,952,265,125,423,219,48,343,25,25,763,48,423,152,125,265,952,329,125,170,52,226,243,571,261,733,200,33,148,124,722,195,2535,191,411,414,414,191,195,124,148,150,200,218,261,149,243,226,52,125,329,952,265,152,423,219,343,25,25,343,48,219,423,152,125,265,952,329,125,170,52,226,243,261,218,733,200,150,33,148,124,722,195,191,411,414	176	65528	82633	150,36978,24024,21481	200200	oracle partition requires fresh LP
4	959	NEED_LP	22414	0-3-12,1-9-10,2-7-8,4-5-6-11	1220,1222,1227,1231,1237,1243,1245,1259,1261,1264,1301,1318,1327,1332,1341,1350,1355,1366,1369,1377,1400,1415,1423,1426,1428,1434,1437,1448,1451,1460,1462,1465,1474,1476,1484,1490,1504,1528,1531,1532,1549,1555,1565,1570,1572,1588,1602,1618,1620,1625,1629,1635,1638,1641,1643,1657,1658,1662,1686,1699,1700,1714,1716,1725,1728,1730,1739,1742,1748,1753,1756,1767,1775,1821,1824,1832,1835,1840,1846,1849,1858,1860,1863,1872,1874,1888,1889,1902,1926,1929,1930,1931,1945,1947,1959,1963,1968,1970,1986,2000,2002,2018,2027,2033,2039,2041,2055,2056,2057,2060,2084,2097,2098,2100,2112,2123,2126,2137,2140,2146,2151,2154,2156,2162,2165,2173,2211,2222,2230,2238,2244,2256,2258,2270,2272,2282,2286,2287,2300,2327,2328,2329,2343,2351,2357,2361,2368,2384,2398,2414,2416,2421,2425,2431,2437,2439,2453,2454,2455,2458,2482,2495,2496,2510,2512,2521,2524,2526,2535,2538,2544,2549,2552,2560,2563,2571	343,48,219,423,152,125,265,952,125,170,226,218,733,150,33,124,722,191,411,414,2819,414,411,191,3250,195,722,148,33,150,200,733,218,261,3024,243,52,170,125,329,125,152,219,48,343,25,25,343,48,219,423,152,7435,125,265,952,329,170,52,226,243,261,218,733,200,150,33,148,124,722,195,411,414,411,191,195,722,124,148,33,150,200,733,218,261,243,226,52,170,125,329,952,265,125,423,219,48,343,25,25,763,48,423,152,125,265,952,329,125,170,52,226,243,571,261,733,200,33,148,124,722,195,2535,191,411,414,414,191,195,124,148,150,200,218,261,149,243,226,52,125,329,952,265,152,423,219,343,25,25,343,48,219,423,152,125,265,952,329,125,170,52,226,243,261,218,733,200,150,33,148,124,722,195,191,411,414	176	65528	105129	21478,23104,22597,37950	200200	oracle partition requires fresh LP
4	960	NEED_LP	21439	0-3-12,1-9-10,2-7-8,4-5-6-11	1220,1222,1227,1231,1237,1243,1245,1259,1261,1264,1301,1318,1327,1332,1341,1350,1355,1366,1369,1377,1400,1415,1423,1426,1428,1434,1437,1448,1451,1460,1462,1465,1474,1476,1484,1490,1504,1528,1531,1532,1549,1555,1565,1570,1572,1588,1602,1618,1620,1625,1629,1635,1638,1641,1643,1657,1658,1662,1686,1699,1700,1714,1716,1725,1728,1730,1739,1742,1748,1753,1756,1767,1775,1821,1824,1832,1835,1840,1846,1849,1858,1860,1863,1872,1874,1888,1889,1902,1926,1929,1930,1931,1945,1947,1959,1963,1968,1970,1986,2000,2002,2018,2027,2033,2039,2041,2055,2056,2057,2060,2084,2097,2098,2100,2112,2123,2126,2137,2140,2146,2151,2154,2156,2162,2165,2173,2211,2222,2230,2238,2244,2256,2258,2270,2272,2282,2286,2287,2300,2327,2328,2329,2343,2351,2357,2361,2368,2384,2398,2414,2416,2421,2425,2431,2437,2439,2453,2454,2455,2458,2482,2495,2496,2510,2512,2521,2524,2526,2535,2538,2544,2549,2552,2560,2563,2571	343,48,219,423,152,125,265,952,125,170,226,218,733,150,33,124,722,191,411,414,2819,414,411,191,3250,195,722,148,33,150,200,733,218,261,3024,243,52,170,125,329,125,152,219,48,343,25,25,343,48,219,423,152,7435,125,265,952,329,170,52,226,243,261,218,733,200,150,33,148,124,722,195,411,414,411,191,195,722,124,148,33,150,200,733,218,261,243,226,52,170,125,329,952,265,125,423,219,48,343,25,25,763,48,423,152,125,265,952,329,125,170,52,226,243,571,261,733,200,33,148,124,722,195,2535,191,411,414,414,191,195,124,148,150,200,218,261,149,243,226,52,125,329,952,265,152,423,219,343,25,25,343,48,219,423,152,125,265,952,329,125,170,52,226,243,261,218,733,200,150,33,148,124,722,195,191,411,414	176	65528	98610	14959,23104,22597,37950	200200	oracle partition requires fresh LP
4	961	NEED_LP	21031	0-3-4,1-9-10,2-7-8,5-6-11-12	1220,1222,1227,1231,1237,1243,1245,1259,1261,1264,1301,1318,1327,1332,1341,1350,1355,1366,1369,1377,1400,1415,1423,1426,1428,1434,1437,1448,1451,1460,1462,1465,1474,1476,1484,1490,1504,1528,1531,1532,1549,1555,1565,1570,1572,1588,1602,1618,1620,1625,1629,1635,1638,1641,1643,1657,1658,1662,1686,1699,1700,1714,1716,1725,1728,1730,1739,1742,1748,1753,1756,1767,1775,1821,1824,1832,1835,1840,1846,1849,1858,1860,1863,1872,1874,1888,1889,1902,1926,1929,1930,1931,1945,1947,1959,1963,1968,1970,1986,2000,2002,2018,2027,2033,2039,2041,2055,2056,2057,2060,2084,2097,2098,2100,2112,2123,2126,2137,2140,2146,2151,2154,2156,2162,2165,2173,2211,2222,2230,2238,2244,2256,2258,2270,2272,2282,2286,2287,2300,2327,2328,2329,2343,2351,2357,2361,2368,2384,2398,2414,2416,2421,2425,2431,2437,2439,2453,2454,2455,2458,2482,2495,2496,2510,2512,2521,2524,2526,2535,2538,2544,2549,2552,2560,2563,2571	343,48,219,423,152,125,265,952,125,170,226,218,733,150,33,124,722,191,411,414,2819,414,411,191,3250,195,722,148,33,150,200,733,218,261,3024,243,52,170,125,329,125,152,219,48,343,25,25,343,48,219,423,152,7435,125,265,952,329,170,52,226,243,261,218,733,200,150,33,148,124,722,195,411,414,411,191,195,722,124,148,33,150,200,733,218,261,243,226,52,170,125,329,952,265,125,423,219,48,343,25,25,763,48,423,152,125,265,952,329,125,170,52,226,243,571,261,733,200,33,148,124,722,195,2535,191,411,414,414,191,195,124,148,150,200,218,261,149,243,226,52,125,329,952,265,152,423,219,343,25,25,343,48,219,423,152,125,265,952,329,125,170,52,226,243,261,218,733,200,150,33,148,124,722,195,191,411,414	176	65528	91731	7587,23104,22597,38443	200200	oracle partition requires fresh LP
4	969	NEED_LP	21218	0-2-12,1-9-10,3-7-8,4-5-6-11	1220,1222,1227,1231,1237,1243,1245,1259,1261,1264,1301,1318,1327,1332,1341,1350,1355,1366,1369,1377,1400,1415,1423,1426,1428,1434,1437,1448,1451,1460,1462,1465,1474,1476,1484,1490,1504,1528,1531,1532,1549,1555,1565,1570,1572,1588,1602,1618,1620,1625,1629,1635,1638,1641,1643,1657,1658,1662,1686,1699,1700,1714,1716,1725,1728,1730,1739,1742,1748,1753,1756,1767,1775,1821,1824,1832,1835,1840,1846,1849,1858,1860,1863,1872,1874,1888,1889,1902,1926,1929,1930,1931,1945,1947,1959,1963,1968,1970,1986,2000,2002,2018,2027,2033,2039,2041,2055,2056,2057,2060,2084,2097,2098,2100,2112,2123,2126,2137,2140,2146,2151,2154,2156,2162,2165,2173,2211,2222,2230,2238,2244,2256,2258,2270,2272,2282,2286,2287,2300,2327,2328,2329,2343,2351,2357,2361,2368,2384,2398,2414,2416,2421,2425,2431,2437,2439,2453,2454,2455,2458,2482,2495,2496,2510,2512,2521,2524,2526,2535,2538,2544,2549,2552,2560,2563,2571	343,48,219,423,152,125,265,952,125,170,226,218,733,150,33,124,722,191,411,414,2819,414,411,191,3250,195,722,148,33,150,200,733,218,261,3024,243,52,170,125,329,125,152,219,48,343,25,25,343,48,219,423,152,7435,125,265,952,329,170,52,226,243,261,218,733,200,150,33,148,124,722,195,411,414,411,191,195,722,124,148,33,150,200,733,218,261,243,226,52,170,125,329,952,265,125,423,219,48,343,25,25,763,48,423,152,125,265,952,329,125,170,52,226,243,571,261,733,200,33,148,124,722,195,2535,191,411,414,414,191,195,124,148,150,200,218,261,149,243,226,52,125,329,952,265,152,423,219,343,25,25,343,48,219,423,152,125,265,952,329,125,170,52,226,243,261,218,733,200,150,33,148,124,722,195,191,411,414	176	65528	98619	7524,23104,30041,37950	200200	oracle partition requires fresh LP
4	970	NEED_LP	20892	0-2-4,1-9-10,3-6-11-12,5-7-8	1220,1222,1227,1231,1237,1243,1245,1259,1261,1264,1301,1318,1327,1332,1341,1350,1355,1366,1369,1377,1400,1415,1423,1426,1428,1434,1437,1448,1451,1460,1462,1465,1474,1476,1484,1490,1504,1528,1531,1532,1549,1555,1565,1570,1572,1588,1602,1618,1620,1625,1629,1635,1638,1641,1643,1657,1658,1662,1686,1699,1700,1714,1716,1725,1728,1730,1739,1742,1748,1753,1756,1767,1775,1821,1824,1832,1835,1840,1846,1849,1858,1860,1863,1872,1874,1888,1889,1902,1926,1929,1930,1931,1945,1947,1959,1963,1968,1970,1986,2000,2002,2018,2027,2033,2039,2041,2055,2056,2057,2060,2084,2097,2098,2100,2112,2123,2126,2137,2140,2146,2151,2154,2156,2162,2165,2173,2211,2222,2230,2238,2244,2256,2258,2270,2272,2282,2286,2287,2300,2327,2328,2329,2343,2351,2357,2361,2368,2384,2398,2414,2416,2421,2425,2431,2437,2439,2453,2454,2455,2458,2482,2495,2496,2510,2512,2521,2524,2526,2535,2538,2544,2549,2552,2560,2563,2571	343,48,219,423,152,125,265,952,125,170,226,218,733,150,33,124,722,191,411,414,2819,414,411,191,3250,195,722,148,33,150,200,733,218,261,3024,243,52,170,125,329,125,152,219,48,343,25,25,343,48,219,423,152,7435,125,265,952,329,170,52,226,243,261,218,733,200,150,33,148,124,722,195,411,414,411,191,195,722,124,148,33,150,200,733,218,261,243,226,52,170,125,329,952,265,125,423,219,48,343,25,25,763,48,423,152,125,265,952,329,125,170,52,226,243,571,261,733,200,33,148,124,722,195,2535,191,411,414,414,191,195,124,148,150,200,218,261,149,243,226,52,125,329,952,265,152,423,219,343,25,25,343,48,219,423,152,125,265,952,329,125,170,52,226,243,261,218,733,200,150,33,148,124,722,195,191,411,414	176	65528	91968	150,23104,42963,25751	200200	oracle partition requires fresh LP
4	978	NEED_LP	20991	0-2-3,1-9-10,4-7-8,5-6-11-12	1220,1222,1227,1231,1237,1243,1245,1259,1261,1264,1301,1318,1327,1332,1341,1350,1355,1366,1369,1377,1400,1415,1423,1426,1428,1434,1437,1448,1451,1460,1462,1465,1474,1476,1484,1490,1504,1528,1531,1532,1549,1555,1565,1570,1572,1588,1602,1618,1620,1625,1629,1635,1638,1641,1643,1657,1658,1662,1686,1699,1700,1714,1716,1725,1728,1730,1739,1742,1748,1753,1756,1767,1775,1821,1824,1832,1835,1840,1846,1849,1858,1860,1863,1872,1874,1888,1889,1902,1926,1929,1930,1931,1945,1947,1959,1963,1968,1970,1986,2000,2002,2018,2027,2033,2039,2041,2055,2056,2057,2060,2084,2097,2098,2100,2112,2123,2126,2137,2140,2146,2151,2154,2156,2162,2165,2173,2211,2222,2230,2238,2244,2256,2258,2270,2272,2282,2286,2287,2300,2327,2328,2329,2343,2351,2357,2361,2368,2384,2398,2414,2416,2421,2425,2431,2437,2439,2453,2454,2455,2458,2482,2495,2496,2510,2512,2521,2524,2526,2535,2538,2544,2549,2552,2560,2563,2571	343,48,219,423,152,125,265,952,125,170,226,218,733,150,33,124,722,191,411,414,2819,414,411,191,3250,195,722,148,33,150,200,733,218,261,3024,243,52,170,125,329,125,152,219,48,343,25,25,343,48,219,423,152,7435,125,265,952,329,170,52,226,243,261,218,733,200,150,33,148,124,722,195,411,414,411,191,195,722,124,148,33,150,200,733,218,261,243,226,52,170,125,329,952,265,125,423,219,48,343,25,25,763,48,423,152,125,265,952,329,125,170,52,226,243,571,261,733,200,33,148,124,722,195,2535,191,411,414,414,191,195,124,148,150,200,218,261,149,243,226,52,125,329,952,265,152,423,219,343,25,25,343,48,219,423,152,125,265,952,329,125,170,52,226,243,261,218,733,200,150,33,148,124,722,195,191,411,414	176	65528	91801	7438,23104,22816,38443	200200	oracle partition requires fresh LP
3	78	NEED_LP	20450	0-4-9,1-3-7-12,2-5-10,6-8-11	1220,1222,1227,1231,1237,1243,1245,1259,1261,1264,1301,1318,1327,1332,1341,1350,1355,1366,1369,1377,1400,1415,1423,1426,1428,1434,1437,1448,1451,1460,1462,1465,1474,1476,1484,1490,1504,1528,1531,1532,1549,1555,1565,1570,1572,1588,1602,1618,1620,1625,1629,1635,1638,1641,1643,1657,1658,1662,1686,1699,1700,1714,1716,1725,1728,1730,1739,1742,1748,1753,1756,1767,1775,1821,1824,1832,1835,1840,1846,1849,1858,1860,1863,1872,1874,1888,1889,1902,1926,1929,1930,1931,1945,1947,1959,1963,1968,1970,1986,2000,2002,2018,2027,2033,2039,2041,2055,2056,2057,2060,2084,2097,2098,2100,2112,2123,2126,2137,2140,2146,2151,2154,2156,2162,2165,2173,2211,2222,2230,2238,2244,2256,2258,2270,2272,2282,2286,2287,2300,2327,2328,2329,2343,2351,2357,2361,2368,2384,2398,2414,2416,2421,2425,2431,2437,2439,2453,2454,2455,2458,2482,2495,2496,2510,2512,2521,2524,2526,2535,2538,2544,2549,2552,2560,2563,2571	343,48,219,423,152,125,265,952,125,170,226,218,733,150,33,124,722,191,411,414,2819,414,411,191,3250,195,722,148,33,150,200,733,218,261,3024,243,52,170,125,329,125,152,219,48,343,25,25,343,48,219,423,152,7435,125,265,952,329,170,52,226,243,261,218,733,200,150,33,148,124,722,195,411,414,411,191,195,722,124,148,33,150,200,733,218,261,243,226,52,170,125,329,952,265,125,423,219,48,343,25,25,763,48,423,152,125,265,952,329,125,170,52,226,243,571,261,733,200,33,148,124,722,195,2535,191,411,414,414,191,195,124,148,150,200,218,261,149,243,226,52,125,329,952,265,152,423,219,343,25,25,343,48,219,423,152,125,265,952,329,125,170,52,226,243,261,218,733,200,150,33,148,124,722,195,191,411,414	176	65528	113895	19325,42591,26852,25127	200200	oracle partition requires fresh LP
3	79	NEED_LP	19692	0-1-10,2-5-8,3-4-7-12,6-9-11	1220,1222,1227,1231,1237,1243,1245,1259,1261,1264,1301,1318,1327,1332,1341,1350,1355,1366,1369,1377,1400,1415,1423,1426,1428,1434,1437,1448,1451,1460,1462,1465,1474,1476,1484,1490,1504,1528,1531,1532,1549,1555,1565,1570,1572,1588,1602,1618,1620,1625,1629,1635,1638,1641,1643,1657,1658,1662,1686,1699,1700,1714,1716,1725,1728,1730,1739,1742,1748,1753,1756,1767,1775,1821,1824,1832,1835,1840,1846,1849,1858,1860,1863,1872,1874,1888,1889,1902,1926,1929,1930,1931,1945,1947,1959,1963,1968,1970,1986,2000,2002,2018,2027,2033,2039,2041,2055,2056,2057,2060,2084,2097,2098,2100,2112,2123,2126,2137,2140,2146,2151,2154,2156,2162,2165,2173,2211,2222,2230,2238,2244,2256,2258,2270,2272,2282,2286,2287,2300,2327,2328,2329,2343,2351,2357,2361,2368,2384,2398,2414,2416,2421,2425,2431,2437,2439,2453,2454,2455,2458,2482,2495,2496,2510,2512,2521,2524,2526,2535,2538,2544,2549,2552,2560,2563,2571	343,48,219,423,152,125,265,952,125,170,226,218,733,150,33,124,722,191,411,414,2819,414,411,191,3250,195,722,148,33,150,200,733,218,261,3024,243,52,170,125,329,125,152,219,48,343,25,25,343,48,219,423,152,7435,125,265,952,329,170,52,226,243,261,218,733,200,150,33,148,124,722,195,411,414,411,191,195,722,124,148,33,150,200,733,218,261,243,226,52,170,125,329,952,265,125,423,219,48,343,25,25,763,48,423,152,125,265,952,329,125,170,52,226,243,571,261,733,200,33,148,124,722,195,2535,191,411,414,414,191,195,124,148,150,200,218,261,149,243,226,52,125,329,952,265,152,423,219,343,25,25,343,48,219,423,152,125,265,952,329,125,170,52,226,243,261,218,733,200,150,33,148,124,722,195,191,411,414	176	65528	108096	15976,23594,42747,25779	200200	oracle partition requires fresh LP
3	80	NEED_LP	19281	0-1-2,3-4-7-12,5-8-10,6-9-11	1220,1222,1227,1231,1237,1243,1245,1259,1261,1264,1301,1318,1327,1332,1341,1350,1355,1366,1369,1377,1400,1415,1423,1426,1428,1434,1437,1448,1451,1460,1462,1465,1474,1476,1484,1490,1504,1528,1531,1532,1549,1555,1565,1570,1572,1588,1602,1618,1620,1625,1629,1635,1638,1641,1643,1657,1658,1662,1686,1699,1700,1714,1716,1725,1728,1730,1739,1742,1748,1753,1756,1767,1775,1821,1824,1832,1835,1840,1846,1849,1858,1860,1863,1872,1874,1888,1889,1902,1926,1929,1930,1931,1945,1947,1959,1963,1968,1970,1986,2000,2002,2018,2027,2033,2039,2041,2055,2056,2057,2060,2084,2097,2098,2100,2112,2123,2126,2137,2140,2146,2151,2154,2156,2162,2165,2173,2211,2222,2230,2238,2244,2256,2258,2270,2272,2282,2286,2287,2300,2327,2328,2329,2343,2351,2357,2361,2368,2384,2398,2414,2416,2421,2425,2431,2437,2439,2453,2454,2455,2458,2482,2495,2496,2510,2512,2521,2524,2526,2535,2538,2544,2549,2552,2560,2563,2571	343,48,219,423,152,125,265,952,125,170,226,218,733,150,33,124,722,191,411,414,2819,414,411,191,3250,195,722,148,33,150,200,733,218,261,3024,243,52,170,125,329,125,152,219,48,343,25,25,343,48,219,423,152,7435,125,265,952,329,170,52,226,243,261,218,733,200,150,33,148,124,722,195,411,414,411,191,195,722,124,148,33,150,200,733,218,261,243,226,52,170,125,329,952,265,125,423,219,48,343,25,25,763,48,423,152,125,265,952,329,125,170,52,226,243,571,261,733,200,33,148,124,722,195,2535,191,411,414,414,191,195,124,148,150,200,218,261,149,243,226,52,125,329,952,265,152,423,219,343,25,25,343,48,219,423,152,125,265,952,329,125,170,52,226,243,261,218,733,200,150,33,148,124,722,195,191,411,414	176	65528	101215	6044,42747,26645,25779	200200	oracle partition requires fresh LP
3	81	NEED_LP	18587	0-4-7-12,1-2-3,5-8-10,6-9-11	1220,1222,1227,1231,1237,1243,1245,1259,1261,1264,1301,1318,1327,1332,1341,1350,1355,1366,1369,1377,1400,1415,1423,1426,1428,1434,1437,1448,1451,1460,1462,1465,1474,1476,1484,1490,1504,1528,1531,1532,1549,1555,1565,1570,1572,1588,1602,1618,1620,1625,1629,1635,1638,1641,1643,1657,1658,1662,1686,1699,1700,1714,1716,1725,1728,1730,1739,1742,1748,1753,1756,1767,1775,1821,1824,1832,1835,1840,1846,1849,1858,1860,1863,1872,1874,1888,1889,1902,1926,1929,1930,1931,1945,1947,1959,1963,1968,1970,1986,2000,2002,2018,2027,2033,2039,2041,2055,2056,2057,2060,2084,2097,2098,2100,2112,2123,2126,2137,2140,2146,2151,2154,2156,2162,2165,2173,2211,2222,2230,2238,2244,2256,2258,2270,2272,2282,2286,2287,2300,2327,2328,2329,2343,2351,2357,2361,2368,2384,2398,2414,2416,2421,2425,2431,2437,2439,2453,2454,2455,2458,2482,2495,2496,2510,2512,2521,2524,2526,2535,2538,2544,2549,2552,2560,2563,2571	343,48,219,423,152,125,265,952,125,170,226,218,733,150,33,124,722,191,411,414,2819,414,411,191,3250,195,722,148,33,150,200,733,218,261,3024,243,52,170,125,329,125,152,219,48,343,25,25,343,48,219,423,152,7435,125,265,952,329,170,52,226,243,261,218,733,200,150,33,148,124,722,195,411,414,411,191,195,722,124,148,33,150,200,733,218,261,243,226,52,170,125,329,952,265,125,423,219,48,343,25,25,763,48,423,152,125,265,952,329,125,170,52,226,243,571,261,733,200,33,148,124,722,195,2535,191,411,414,414,191,195,124,148,150,200,218,261,149,243,226,52,125,329,952,265,152,423,219,343,25,25,343,48,219,423,152,125,265,952,329,125,170,52,226,243,261,218,733,200,150,33,148,124,722,195,191,411,414	176	65528	94114	34252,7438,26645,25779	200200	oracle partition requires fresh LP
3	82	NEED_LP	17378	0-3-10,1-2-4,5-6-7-12,8-9-11	1220,1222,1227,1231,1237,1243,1245,1259,1261,1264,1301,1318,1327,1332,1341,1350,1355,1366,1369,1377,1400,1415,1423,1426,1428,1434,1437,1448,1451,1460,1462,1465,1474,1476,1484,1490,1504,1528,1531,1532,1549,1555,1565,1570,1572,1588,1602,1618,1620,1625,1629,1635,1638,1641,1643,1657,1658,1662,1686,1699,1700,1714,1716,1725,1728,1730,1739,1742,1748,1753,1756,1767,1775,1821,1824,1832,1835,1840,1846,1849,1858,1860,1863,1872,1874,1888,1889,1902,1926,1929,1930,1931,1945,1947,1959,1963,1968,1970,1986,2000,2002,2018,2027,2033,2039,2041,2055,2056,2057,2060,2084,2097,2098,2100,2112,2123,2126,2137,2140,2146,2151,2154,2156,2162,2165,2173,2211,2222,2230,2238,2244,2256,2258,2270,2272,2282,2286,2287,2300,2327,2328,2329,2343,2351,2357,2361,2368,2384,2398,2414,2416,2421,2425,2431,2437,2439,2453,2454,2455,2458,2482,2495,2496,2510,2512,2521,2524,2526,2535,2538,2544,2549,2552,2560,2563,2571	343,48,219,423,152,125,265,952,125,170,226,218,733,150,33,124,722,191,411,414,2819,414,411,191,3250,195,722,148,33,150,200,733,218,261,3024,243,52,170,125,329,125,152,219,48,343,25,25,343,48,219,423,152,7435,125,265,952,329,170,52,226,243,261,218,733,200,150,33,148,124,722,195,411,414,411,191,195,722,124,148,33,150,200,733,218,261,243,226,52,170,125,329,952,265,125,423,219,48,343,25,25,763,48,423,152,125,265,952,329,125,170,52,226,243,571,261,733,200,33,148,124,722,195,2535,191,411,414,414,191,195,124,148,150,200,218,261,149,243,226,52,125,329,952,265,152,423,219,343,25,25,343,48,219,423,152,125,265,952,329,125,170,52,226,243,261,218,733,200,150,33,148,124,722,195,191,411,414	176	65528	87846	23411,150,41448,22837	200200	oracle partition requires fresh LP
3	90	NEED_LP	22890	0-5-10,1-3-7-12,2-4-8,6-9-11	1220,1222,1227,1231,1237,1243,1245,1259,1261,1264,1301,1318,1327,1332,1341,1350,1355,1366,1369,1377,1400,1415,1423,1426,1428,1434,1437,1448,1451,1460,1462,1465,1474,1476,1484,1490,1504,1528,1531,1532,1549,1555,1565,1570,1572,1588,1602,1618,1620,1625,1629,1635,1638,1641,1643,1657,1658,1662,1686,1699,1700,1714,1716,1725,1728,1730,1739,1742,1748,1753,1756,1767,1775,1821,1824,1832,1835,1840,1846,1849,1858,1860,1863,1872,1874,1888,1889,1902,1926,1929,1930,1931,1945,1947,1959,1963,1968,1970,1986,2000,2002,2018,2027,2033,2039,2041,2055,2056,2057,2060,2084,2097,2098,2100,2112,2123,2126,2137,2140,2146,2151,2154,2156,2162,2165,2173,2211,2222,2230,2238,2244,2256,2258,2270,2272,2282,2286,2287,2300,2327,2328,2329,2343,2351,2357,2361,2368,2384,2398,2414,2416,2421,2425,2431,2437,2439,2453,2454,2455,2458,2482,2495,2496,2510,2512,2521,2524,2526,2535,2538,2544,2549,2552,2560,2563,2571	343,48,219,423,152,125,265,952,125,170,226,218,733,150,33,124,722,191,411,414,2819,414,411,191,3250,195,722,148,33,150,200,733,218,261,3024,243,52,170,125,329,125,152,219,48,343,25,25,343,48,219,423,152,7435,125,265,952,329,170,52,226,243,261,218,733,200,150,33,148,124,722,195,411,414,411,191,195,722,124,148,33,150,200,733,218,261,243,226,52,170,125,329,952,265,125,423,219,48,343,25,25,763,48,423,152,125,265,952,329,125,170,52,226,243,571,261,733,200,33,148,124,722,195,2535,191,411,414,414,191,195,124,148,150,200,218,261,149,243,226,52,125,329,952,265,152,423,219,343,25,25,343,48,219,423,152,125,265,952,329,125,170,52,226,243,261,218,733,200,150,33,148,124,722,195,191,411,414	176	65528	115748	26461,42591,20917,25779	200200	oracle partition requires fresh LP
3	91	NEED_LP	21928	0-4-9,1-3-7-12,2-5-10,6-8-11	1220,1222,1227,1231,1237,1243,1245,1259,1261,1264,1301,1318,1327,1332,1341,1350,1355,1366,1369,1377,1400,1415,1423,1426,1428,1434,1437,1448,1451,1460,1462,1465,1474,1476,1484,1490,1504,1528,1531,1532,1549,1555,1565,1570,1572,1588,1602,1618,1620,1625,1629,1635,1638,1641,1643,1657,1658,1662,1686,1699,1700,1714,1716,1725,1728,1730,1739,1742,1748,1753,1756,1767,1775,1821,1824,1832,1835,1840,1846,1849,1858,1860,1863,1872,1874,1888,1889,1902,1926,1929,1930,1931,1945,1947,1959,1963,1968,1970,1986,2000,2002,2018,2027,2033,2039,2041,2055,2056,2057,2060,2084,2097,2098,2100,2112,2123,2126,2137,2140,2146,2151,2154,2156,2162,2165,2173,2211,2222,2230,2238,2244,2256,2258,2270,2272,2282,2286,2287,2300,2327,2328,2329,2343,2351,2357,2361,2368,2384,2398,2414,2416,2421,2425,2431,2437,2439,2453,2454,2455,2458,2482,2495,2496,2510,2512,2521,2524,2526,2535,2538,2544,2549,2552,2560,2563,2571	343,48,219,423,152,125,265,952,125,170,226,218,733,150,33,124,722,191,411,414,2819,414,411,191,3250,195,722,148,33,150,200,733,218,261,3024,243,52,170,125,329,125,152,219,48,343,25,25,343,48,219,423,152,7435,125,265,952,329,170,52,226,243,261,218,733,200,150,33,148,124,722,195,411,414,411,191,195,722,124,148,33,150,200,733,218,261,243,226,52,170,125,329,952,265,125,423,219,48,343,25,25,763,48,423,152,125,265,952,329,125,170,52,226,243,571,261,733,200,33,148,124,722,195,2535,191,411,414,414,191,195,124,148,150,200,218,261,149,243,226,52,125,329,952,265,152,423,219,343,25,25,343,48,219,423,152,125,265,952,329,125,170,52,226,243,261,218,733,200,150,33,148,124,722,195,191,411,414	176	65528	108569	20644,42591,20207,25127	200200	oracle partition requires fresh LP
3	92	NEED_LP	20998	0-1-5,2-3-10,4-6-7-12,8-9-11	1220,1222,1227,1231,1237,1243,1245,1259,1261,1264,1301,1318,1327,1332,1341,1350,1355,1366,1369,1377,1400,1415,1423,1426,1428,1434,1437,1448,1451,1460,1462,1465,1474,1476,1484,1490,1504,1528,1531,1532,1549,1555,1565,1570,1572,1588,1602,1618,1620,1625,1629,1635,1638,1641,1643,1657,1658,1662,1686,1699,1700,1714,1716,1725,1728,1730,1739,1742,1748,1753,1756,1767,1775,1821,1824,1832,1835,1840,1846,1849,1858,1860,1863,1872,1874,1888,1889,1902,1926,1929,1930,1931,1945,1947,1959,1963,1968,1970,1986,2000,2002,2018,2027,2033,2039,2041,2055,2056,2057,2060,2084,2097,2098,2100,2112,2123,2126,2137,2140,2146,2151,2154,2156,2162,2165,2173,2211,2222,2230,2238,2244,2256,2258,2270,2272,2282,2286,2287,2300,2327,2328,2329,2343,2351,2357,2361,2368,2384,2398,2414,2416,2421,2425,2431,2437,2439,2453,2454,2455,2458,2482,2495,2496,2510,2512,2521,2524,2526,2535,2538,2544,2549,2552,2560,2563,2571	343,48,219,423,152,125,265,952,125,170,226,218,733,150,33,124,722,191,411,414,2819,414,411,191,3250,195,722,148,33,150,200,733,218,261,3024,243,52,170,125,329,125,152,219,48,343,25,25,343,48,219,423,152,7435,125,265,952,329,170,52,226,243,261,218,733,200,150,33,148,124,722,195,411,414,411,191,195,722,124,148,33,150,200,733,218,261,243,226,52,170,125,329,952,265,125,423,219,48,343,25,25,763,48,423,152,125,265,952,329,125,170,52,226,243,571,261,733,200,33,148,124,722,195,2535,191,411,414,414,191,195,124,148,150,200,218,261,149,243,226,52,125,329,952,265,152,423,219,343,25,25,343,48,219,423,152,125,265,952,329,125,170,52,226,243,261,218,733,200,150,33,148,124,722,195,191,411,414	176	65528	102003	23849,17367,37950,22837	200200	oracle partition requires fresh LP
3	93	NEED_LP	20963	0-9-10,1-5-7-12,2-3-4,6-8-11	1220,1222,1227,1231,1237,1243,1245,1259,1261,1264,1301,1318,1327,1332,1341,1350,1355,1366,1369,1377,1400,1415,1423,1426,1428,1434,1437,1448,1451,1460,1462,1465,1474,1476,1484,1490,1504,1528,1531,1532,1549,1555,1565,1570,1572,1588,1602,1618,1620,1625,1629,1635,1638,1641,1643,1657,1658,1662,1686,1699,1700,1714,1716,1725,1728,1730,1739,1742,1748,1753,1756,1767,1775,1821,1824,1832,1835,1840,1846,1849,1858,1860,1863,1872,1874,1888,1889,1902,1926,1929,1930,1931,1945,1947,1959,1963,1968,1970,1986,2000,2002,2018,2027,2033,2039,2041,2055,2056,2057,2060,2084,2097,2098,2100,2112,2123,2126,2137,2140,2146,2151,2154,2156,2162,2165,2173,2211,2222,2230,2238,2244,2256,2258,2270,2272,2282,2286,2287,2300,2327,2328,2329,2343,2351,2357,2361,2368,2384,2398,2414,2416,2421,2425,2431,2437,2439,2453,2454,2455,2458,2482,2495,2496,2510,2512,2521,2524,2526,2535,2538,2544,2549,2552,2560,2563,2571	343,48,219,423,152,125,265,952,125,170,226,218,733,150,33,124,722,191,411,414,2819,414,411,191,3250,195,722,148,33,150,200,733,218,261,3024,243,52,170,125,329,125,152,219,48,343,25,25,343,48,219,423,152,7435,125,265,952,329,170,52,226,243,261,218,733,200,150,33,148,124,722,195,411,414,411,191,195,722,124,148,33,150,200,733,218,261,243,226,52,170,125,329,952,265,125,423,219,48,343,25,25,763,48,423,152,125,265,952,329,125,170,52,226,243,571,261,733,200,33,148,124,722,195,2535,191,411,414,414,191,195,124,148,150,200,218,261,149,243,226,52,125,329,952,265,152,423,219,343,25,25,343,48,219,423,152,125,265,952,329,125,170,52,226,243,261,218,733,200,150,33,148,124,722,195,191,411,414	176	65528	94343	23104,38525,7587,25127	200200	oracle partition requires fresh LP
3	101	NEED_LP	21838	0-9-10,1-2-5,3-4-7-12,6-8-11	1220,1222,1227,1231,1237,1243,1245,1259,1261,1264,1301,1318,1327,1332,1341,1350,1355,1366,1369,1377,1400,1415,1423,1426,1428,1434,1437,1448,1451,1460,1462,1465,1474,1476,1484,1490,1504,1528,1531,1532,1549,1555,1565,1570,1572,1588,1602,1618,1620,1625,1629,1635,1638,1641,1643,1657,1658,1662,1686,1699,1700,1714,1716,1725,1728,1730,1739,1742,1748,1753,1756,1767,1775,1821,1824,1832,1835,1840,1846,1849,1858,1860,1863,1872,1874,1888,1889,1902,1926,1929,1930,1931,1945,1947,1959,1963,1968,1970,1986,2000,2002,2018,2027,2033,2039,2041,2055,2056,2057,2060,2084,2097,2098,2100,2112,2123,2126,2137,2140,2146,2151,2154,2156,2162,2165,2173,2211,2222,2230,2238,2244,2256,2258,2270,2272,2282,2286,2287,2300,2327,2328,2329,2343,2351,2357,2361,2368,2384,2398,2414,2416,2421,2425,2431,2437,2439,2453,2454,2455,2458,2482,2495,2496,2510,2512,2521,2524,2526,2535,2538,2544,2549,2552,2560,2563,2571	343,48,219,423,152,125,265,952,125,170,226,218,733,150,33,124,722,191,411,414,2819,414,411,191,3250,195,722,148,33,150,200,733,218,261,3024,243,52,170,125,329,125,152,219,48,343,25,25,343,48,219,423,152,7435,125,265,952,329,170,52,226,243,261,218,733,200,150,33,148,124,722,195,411,414,411,191,195,722,124,148,33,150,200,733,218,261,243,226,52,170,125,329,952,265,125,423,219,48,343,25,25,763,48,423,152,125,265,952,329,125,170,52,226,243,571,261,733,200,33,148,124,722,195,2535,191,411,414,414,191,195,124,148,150,200,218,261,149,243,226,52,125,329,952,265,152,423,219,343,25,25,343,48,219,423,152,125,265,952,329,125,170,52,226,243,261,218,733,200,150,33,148,124,722,195,191,411,414	176	65528	108558	23104,17580,42747,25127	200200	oracle partition requires fresh LP
3	102	NEED_LP	21114	0-2-5,1-3-10,4-6-7-12,8-9-11	1220,1222,1227,1231,1237,1243,1245,1259,1261,1264,1301,1318,1327,1332,1341,1350,1355,1366,1369,1377,1400,1415,1423,1426,1428,1434,1437,1448,1451,1460,1462,1465,1474,1476,1484,1490,1504,1528,1531,1532,1549,1555,1565,1570,1572,1588,1602,1618,1620,1625,1629,1635,1638,1641,1643,1657,1658,1662,1686,1699,1700,1714,1716,1725,1728,1730,1739,1742,1748,1753,1756,1767,1775,1821,1824,1832,1835,1840,1846,1849,1858,1860,1863,1872,1874,1888,1889,1902,1926,1929,1930,1931,1945,1947,1959,1963,1968,1970,1986,2000,2002,2018,2027,2033,2039,2041,2055,2056,2057,2060,2084,2097,2098,2100,2112,2123,2126,2137,2140,2146,2151,2154,2156,2162,2165,2173,2211,2222,2230,2238,2244,2256,2258,2270,2272,2282,2286,2287,2300,2327,2328,2329,2343,2351,2357,2361,2368,2384,2398,2414,2416,2421,2425,2431,2437,2439,2453,2454,2455,2458,2482,2495,2496,2510,2512,2521,2524,2526,2535,2538,2544,2549,2552,2560,2563,2571	343,48,219,423,152,125,265,952,125,170,226,218,733,150,33,124,722,191,411,414,2819,414,411,191,3250,195,722,148,33,150,200,733,218,261,3024,243,52,170,125,329,125,152,219,48,343,25,25,343,48,219,423,152,7435,125,265,952,329,170,52,226,243,261,218,733,200,150,33,148,124,722,195,411,414,411,191,195,722,124,148,33,150,200,733,218,261,243,226,52,170,125,329,952,265,125,423,219,48,343,25,25,763,48,423,152,125,265,952,329,125,170,52,226,243,571,261,733,200,33,148,124,722,195,2535,191,411,414,414,191,195,124,148,150,200,218,261,149,243,226,52,125,329,952,265,152,423,219,343,25,25,343,48,219,423,152,125,265,952,329,125,170,52,226,243,261,218,733,200,150,33,148,124,722,195,191,411,414	176	65528	101839	23685,17367,37950,22837	200200	oracle partition requires fresh LP
3	103	NEED_LP	21068	0-9-10,1-3-4,2-5-7-12,6-8-11	1220,1222,1227,1231,1237,1243,1245,1259,1261,1264,1301,1318,1327,1332,1341,1350,1355,1366,1369,1377,1400,1415,1423,1426,1428,1434,1437,1448,1451,1460,1462,1465,1474,1476,1484,1490,1504,1528,1531,1532,1549,1555,1565,1570,1572,1588,1602,1618,1620,1625,1629,1635,1638,1641,1643,1657,1658,1662,1686,1699,1700,1714,1716,1725,1728,1730,1739,1742,1748,1753,1756,1767,1775,1821,1824,1832,1835,1840,1846,1849,1858,1860,1863,1872,1874,1888,1889,1902,1926,1929,1930,1931,1945,1947,1959,1963,1968,1970,1986,2000,2002,2018,2027,2033,2039,2041,2055,2056,2057,2060,2084,2097,2098,2100,2112,2123,2126,2137,2140,2146,2151,2154,2156,2162,2165,2173,2211,2222,2230,2238,2244,2256,2258,2270,2272,2282,2286,2287,2300,2327,2328,2329,2343,2351,2357,2361,2368,2384,2398,2414,2416,2421,2425,2431,2437,2439,2453,2454,2455,2458,2482,2495,2496,2510,2512,2521,2524,2526,2535,2538,2544,2549,2552,2560,2563,2571	343,48,219,423,152,125,265,952,125,170,226,218,733,150,33,124,722,191,411,414,2819,414,411,191,3250,195,722,148,33,150,200,733,218,261,3024,243,52,170,125,329,125,152,219,48,343,25,25,343,48,219,423,152,7435,125,265,952,329,170,52,226,243,261,218,733,200,150,33,148,124,722,195,411,414,411,191,195,722,124,148,33,150,200,733,218,261,243,226,52,170,125,329,952,265,125,423,219,48,343,25,25,763,48,423,152,125,265,952,329,125,170,52,226,243,571,261,733,200,33,148,124,722,195,2535,191,411,414,414,191,195,124,148,150,200,218,261,149,243,226,52,125,329,952,265,152,423,219,343,25,25,343,48,219,423,152,125,265,952,329,125,170,52,226,243,261,218,733,200,150,33,148,124,722,195,191,411,414	176	65528	93992	23104,7587,38174,25127	200200	oracle partition requires fresh LP
3	111	NEED_LP	21254	0-5-9,1-2-10,3-4-7-12,6-8-11	1220,1222,1227,1231,1237,1243,1245,1259,1261,1264,1301,1318,1327,1332,1341,1350,1355,1366,1369,1377,1400,1415,1423,1426,1428,1434,1437,1448,1451,1460,1462,1465,1474,1476,1484,1490,1504,1528,1531,1532,1549,1555,1565,1570,1572,1588,1602,1618,1620,1625,1629,1635,1638,1641,1643,1657,1658,1662,1686,1699,1700,1714,1716,1725,1728,1730,1739,1742,1748,1753,1756,1767,1775,1821,1824,1832,1835,1840,1846,1849,1858,1860,1863,1872,1874,1888,1889,1902,1926,1929,1930,1931,1945,1947,1959,1963,1968,1970,1986,2000,2002,2018,2027,2033,2039,2041,2055,2056,2057,2060,2084,2097,2098,2100,2112,2123,2126,2137,2140,2146,2151,2154,2156,2162,2165,2173,2211,2222,2230,2238,2244,2256,2258,2270,2272,2282,2286,2287,2300,2327,2328,2329,2343,2351,2357,2361,2368,2384,2398,2414,2416,2421,2425,2431,2437,2439,2453,2454,2455,2458,2482,2495,2496,2510,2512,2521,2524,2526,2535,2538,2544,2549,2552,2560,2563,2571	343,48,219,423,152,125,265,952,125,170,226,218,733,150,33,124,722,191,411,414,2819,414,411,191,3250,195,722,148,33,150,200,733,218,261,3024,243,52,170,125,329,125,152,219,48,343,25,25,343,48,219,423,152,7435,125,265,952,329,170,52,226,243,261,218,733,200,150,33,148,124,722,195,411,414,411,191,195,722,124,148,33,150,200,733,218,261,243,226,52,170,125,329,952,265,125,423,219,48,343,25,25,763,48,423,152,125,265,952,329,125,170,52,226,243,571,261,733,200,33,148,124,722,195,2535,191,411,414,414,191,195,124,148,150,200,218,261,149,243,226,52,125,329,952,265,152,423,219,343,25,25,343,48,219,423,152,125,265,952,329,125,170,52,226,243,261,218,733,200,150,33,148,124,722,195,191,411,414	176	65528	101645	23839,9932,42747,25127	200200	oracle partition requires fresh LP
3	112	NEED_LP	21232	0-9-10,1-2-4,3-5-7-12,6-8-11	1220,1222,1227,1231,1237,1243,1245,1259,1261,1264,1301,1318,1327,1332,1341,1350,1355,1366,1369,1377,1400,1415,1423,1426,1428,1434,1437,1448,1451,1460,1462,1465,1474,1476,1484,1490,1504,1528,1531,1532,1549,1555,1565,1570,1572,1588,1602,1618,1620,1625,1629,1635,1638,1641,1643,1657,1658,1662,1686,1699,1700,1714,1716,1725,1728,1730,1739,1742,1748,1753,1756,1767,1775,1821,1824,1832,1835,1840,1846,1849,1858,1860,1863,1872,1874,1888,1889,1902,1926,1929,1930,1931,1945,1947,1959,1963,1968,1970,1986,2000,2002,2018,2027,2033,2039,2041,2055,2056,2057,2060,2084,2097,2098,2100,2112,2123,2126,2137,2140,2146,2151,2154,2156,2162,2165,2173,2211,2222,2230,2238,2244,2256,2258,2270,2272,2282,2286,2287,2300,2327,2328,2329,2343,2351,2357,2361,2368,2384,2398,2414,2416,2421,2425,2431,2437,2439,2453,2454,2455,2458,2482,2495,2496,2510,2512,2521,2524,2526,2535,2538,2544,2549,2552,2560,2563,2571	343,48,219,423,152,125,265,952,125,170,226,218,733,150,33,124,722,191,411,414,2819,414,411,191,3250,195,722,148,33,150,200,733,218,261,3024,243,52,170,125,329,125,152,219,48,343,25,25,343,48,219,423,152,7435,125,265,952,329,170,52,226,243,261,218,733,200,150,33,148,124,722,195,411,414,411,191,195,722,124,148,33,150,200,733,218,261,243,226,52,170,125,329,952,265,125,423,219,48,343,25,25,763,48,423,152,125,265,952,329,125,170,52,226,243,571,261,733,200,33,148,124,722,195,2535,191,411,414,414,191,195,124,148,150,200,218,261,149,243,226,52,125,329,952,265,152,423,219,343,25,25,343,48,219,423,152,125,265,952,329,125,170,52,226,243,261,218,733,200,150,33,148,124,722,195,191,411,414	176	65528	94449	23104,150,46068,25127	200200	oracle partition requires fresh LP
3	120	NEED_LP	21051	0-9-10,1-2-3,4-5-7-12,6-8-11	1220,1222,1227,1231,1237,1243,1245,1259,1261,1264,1301,1318,1327,1332,1341,1350,1355,1366,1369,1377,1400,1415,1423,1426,1428,1434,1437,1448,1451,1460,1462,1465,1474,1476,1484,1490,1504,1528,1531,1532,1549,1555,1565,1570,1572,1588,1602,1618,1620,1625,1629,1635,1638,1641,1643,1657,1658,1662,1686,1699,1700,1714,1716,1725,1728,1730,1739,1742,1748,1753,1756,1767,1775,1821,1824,1832,1835,1840,1846,1849,1858,1860,1863,1872,1874,1888,1889,1902,1926,1929,1930,1931,1945,1947,1959,1963,1968,1970,1986,2000,2002,2018,2027,2033,2039,2041,2055,2056,2057,2060,2084,2097,2098,2100,2112,2123,2126,2137,2140,2146,2151,2154,2156,2162,2165,2173,2211,2222,2230,2238,2244,2256,2258,2270,2272,2282,2286,2287,2300,2327,2328,2329,2343,2351,2357,2361,2368,2384,2398,2414,2416,2421,2425,2431,2437,2439,2453,2454,2455,2458,2482,2495,2496,2510,2512,2521,2524,2526,2535,2538,2544,2549,2552,2560,2563,2571	343,48,219,423,152,125,265,952,125,170,226,218,733,150,33,124,722,191,411,414,2819,414,411,191,3250,195,722,148,33,150,200,733,218,261,3024,243,52,170,125,329,125,152,219,48,343,25,25,343,48,219,423,152,7435,125,265,952,329,170,52,226,243,261,218,733,200,150,33,148,124,722,195,411,414,411,191,195,722,124,148,33,150,200,733,218,261,243,226,52,170,125,329,952,265,125,423,219,48,343,25,25,763,48,423,152,125,265,952,329,125,170,52,226,243,571,261,733,200,33,148,124,722,195,2535,191,411,414,414,191,195,124,148,150,200,218,261,149,243,226,52,125,329,952,265,152,423,219,343,25,25,343,48,219,423,152,125,265,952,329,125,170,52,226,243,261,218,733,200,150,33,148,124,722,195,191,411,414	176	65528	94194	23104,7438,38525,25127	200200	oracle partition requires fresh LP
3	936	NEED_LP	20450	0-3-7-12,1-4-9,2-5-10,6-8-11	1220,1222,1227,1231,1237,1243,1245,1259,1261,1264,1301,1318,1327,1332,1341,1350,1355,1366,1369,1377,1400,1415,1423,1426,1428,1434,1437,1448,1451,1460,1462,1465,1474,1476,1484,1490,1504,1528,1531,1532,1549,1555,1565,1570,1572,1588,1602,1618,1620,1625,1629,1635,1638,1641,1643,1657,1658,1662,1686,1699,1700,1714,1716,1725,1728,1730,1739,1742,1748,1753,1756,1767,1775,1821,1824,1832,1835,1840,1846,1849,1858,1860,1863,1872,1874,1888,1889,1902,1926,1929,1930,1931,1945,1947,1959,1963,1968,1970,1986,2000,2002,2018,2027,2033,2039,2041,2055,2056,2057,2060,2084,2097,2098,2100,2112,2123,2126,2137,2140,2146,2151,2154,2156,2162,2165,2173,2211,2222,2230,2238,2244,2256,2258,2270,2272,2282,2286,2287,2300,2327,2328,2329,2343,2351,2357,2361,2368,2384,2398,2414,2416,2421,2425,2431,2437,2439,2453,2454,2455,2458,2482,2495,2496,2510,2512,2521,2524,2526,2535,2538,2544,2549,2552,2560,2563,2571	343,48,219,423,152,125,265,952,125,170,226,218,733,150,33,124,722,191,411,414,2819,414,411,191,3250,195,722,148,33,150,200,733,218,261,3024,243,52,170,125,329,125,152,219,48,343,25,25,343,48,219,423,152,7435,125,265,952,329,170,52,226,243,261,218,733,200,150,33,148,124,722,195,411,414,411,191,195,722,124,148,33,150,200,733,218,261,243,226,52,170,125,329,952,265,125,423,219,48,343,25,25,763,48,423,152,125,265,952,329,125,170,52,226,243,571,261,733,200,33,148,124,722,195,2535,191,411,414,414,191,195,124,148,150,200,218,261,149,243,226,52,125,329,952,265,152,423,219,343,25,25,343,48,219,423,152,125,265,952,329,125,170,52,226,243,261,218,733,200,150,33,148,124,722,195,191,411,414	176	65528	113895	42591,19325,26852,25127	200200	oracle partition requires fresh LP
3	937	NEED_LP	22890	0-3-7-12,1-5-10,2-4-8,6-9-11	1220,1222,1227,1231,1237,1243,1245,1259,1261,1264,1301,1318,1327,1332,1341,1350,1355,1366,1369,1377,1400,1415,1423,1426,1428,1434,1437,1448,1451,1460,1462,1465,1474,1476,1484,1490,1504,1528,1531,1532,1549,1555,1565,1570,1572,1588,1602,1618,1620,1625,1629,1635,1638,1641,1643,1657,1658,1662,1686,1699,1700,1714,1716,1725,1728,1730,1739,1742,1748,1753,1756,1767,1775,1821,1824,1832,1835,1840,1846,1849,1858,1860,1863,1872,1874,1888,1889,1902,1926,1929,1930,1931,1945,1947,1959,1963,1968,1970,1986,2000,2002,2018,2027,2033,2039,2041,2055,2056,2057,2060,2084,2097,2098,2100,2112,2123,2126,2137,2140,2146,2151,2154,2156,2162,2165,2173,2211,2222,2230,2238,2244,2256,2258,2270,2272,2282,2286,2287,2300,2327,2328,2329,2343,2351,2357,2361,2368,2384,2398,2414,2416,2421,2425,2431,2437,2439,2453,2454,2455,2458,2482,2495,2496,2510,2512,2521,2524,2526,2535,2538,2544,2549,2552,2560,2563,2571	343,48,219,423,152,125,265,952,125,170,226,218,733,150,33,124,722,191,411,414,2819,414,411,191,3250,195,722,148,33,150,200,733,218,261,3024,243,52,170,125,329,125,152,219,48,343,25,25,343,48,219,423,152,7435,125,265,952,329,170,52,226,243,261,218,733,200,150,33,148,124,722,195,411,414,411,191,195,722,124,148,33,150,200,733,218,261,243,226,52,170,125,329,952,265,125,423,219,48,343,25,25,763,48,423,152,125,265,952,329,125,170,52,226,243,571,261,733,200,33,148,124,722,195,2535,191,411,414,414,191,195,124,148,150,200,218,261,149,243,226,52,125,329,952,265,152,423,219,343,25,25,343,48,219,423,152,125,265,952,329,125,170,52,226,243,261,218,733,200,150,33,148,124,722,195,191,411,414	176	65528	115748	42591,26461,20917,25779	200200	oracle partition requires fresh LP
3	938	NEED_LP	21928	0-3-7-12,1-4-9,2-5-10,6-8-11	1220,1222,1227,1231,1237,1243,1245,1259,1261,1264,1301,1318,1327,1332,1341,1350,1355,1366,1369,1377,1400,1415,1423,1426,1428,1434,1437,1448,1451,1460,1462,1465,1474,1476,1484,1490,1504,1528,1531,1532,1549,1555,1565,1570,1572,1588,1602,1618,1620,1625,1629,1635,1638,1641,1643,1657,1658,1662,1686,1699,1700,1714,1716,1725,1728,1730,1739,1742,1748,1753,1756,1767,1775,1821,1824,1832,1835,1840,1846,1849,1858,1860,1863,1872,1874,1888,1889,1902,1926,1929,1930,1931,1945,1947,1959,1963,1968,1970,1986,2000,2002,2018,2027,2033,2039,2041,2055,2056,2057,2060,2084,2097,2098,2100,2112,2123,2126,2137,2140,2146,2151,2154,2156,2162,2165,2173,2211,2222,2230,2238,2244,2256,2258,2270,2272,2282,2286,2287,2300,2327,2328,2329,2343,2351,2357,2361,2368,2384,2398,2414,2416,2421,2425,2431,2437,2439,2453,2454,2455,2458,2482,2495,2496,2510,2512,2521,2524,2526,2535,2538,2544,2549,2552,2560,2563,2571	343,48,219,423,152,125,265,952,125,170,226,218,733,150,33,124,722,191,411,414,2819,414,411,191,3250,195,722,148,33,150,200,733,218,261,3024,243,52,170,125,329,125,152,219,48,343,25,25,343,48,219,423,152,7435,125,265,952,329,170,52,226,243,261,218,733,200,150,33,148,124,722,195,411,414,411,191,195,722,124,148,33,150,200,733,218,261,243,226,52,170,125,329,952,265,125,423,219,48,343,25,25,763,48,423,152,125,265,952,329,125,170,52,226,243,571,261,733,200,33,148,124,722,195,2535,191,411,414,414,191,195,124,148,150,200,218,261,149,243,226,52,125,329,952,265,152,423,219,343,25,25,343,48,219,423,152,125,265,952,329,125,170,52,226,243,261,218,733,200,150,33,148,124,722,195,191,411,414	176	65528	108569	42591,20644,20207,25127	200200	oracle partition requires fresh LP
3	939	NEED_LP	20998	0-1-5,2-3-10,4-6-7-12,8-9-11	1220,1222,1227,1231,1237,1243,1245,1259,1261,1264,1301,1318,1327,1332,1341,1350,1355,1366,1369,1377,1400,1415,1423,1426,1428,1434,1437,1448,1451,1460,1462,1465,1474,1476,1484,1490,1504,1528,1531,1532,1549,1555,1565,1570,1572,1588,1602,1618,1620,1625,1629,1635,1638,1641,1643,1657,1658,1662,1686,1699,1700,1714,1716,1725,1728,1730,1739,1742,1748,1753,1756,1767,1775,1821,1824,1832,1835,1840,1846,1849,1858,1860,1863,1872,1874,1888,1889,1902,1926,1929,1930,1931,1945,1947,1959,1963,1968,1970,1986,2000,2002,2018,2027,2033,2039,2041,2055,2056,2057,2060,2084,2097,2098,2100,2112,2123,2126,2137,2140,2146,2151,2154,2156,2162,2165,2173,2211,2222,2230,2238,2244,2256,2258,2270,2272,2282,2286,2287,2300,2327,2328,2329,2343,2351,2357,2361,2368,2384,2398,2414,2416,2421,2425,2431,2437,2439,2453,2454,2455,2458,2482,2495,2496,2510,2512,2521,2524,2526,2535,2538,2544,2549,2552,2560,2563,2571	343,48,219,423,152,125,265,952,125,170,226,218,733,150,33,124,722,191,411,414,2819,414,411,191,3250,195,722,148,33,150,200,733,218,261,3024,243,52,170,125,329,125,152,219,48,343,25,25,343,48,219,423,152,7435,125,265,952,329,170,52,226,243,261,218,733,200,150,33,148,124,722,195,411,414,411,191,195,722,124,148,33,150,200,733,218,261,243,226,52,170,125,329,952,265,125,423,219,48,343,25,25,763,48,423,152,125,265,952,329,125,170,52,226,243,571,261,733,200,33,148,124,722,195,2535,191,411,414,414,191,195,124,148,150,200,218,261,149,243,226,52,125,329,952,265,152,423,219,343,25,25,343,48,219,423,152,125,265,952,329,125,170,52,226,243,261,218,733,200,150,33,148,124,722,195,191,411,414	176	65528	102003	23849,17367,37950,22837	200200	oracle partition requires fresh LP
3	940	NEED_LP	20963	0-5-7-12,1-9-10,2-3-4,6-8-11	1220,1222,1227,1231,1237,1243,1245,1259,1261,1264,1301,1318,1327,1332,1341,1350,1355,1366,1369,1377,1400,1415,1423,1426,1428,1434,1437,1448,1451,1460,1462,1465,1474,1476,1484,1490,1504,1528,1531,1532,1549,1555,1565,1570,1572,1588,1602,1618,1620,1625,1629,1635,1638,1641,1643,1657,1658,1662,1686,1699,1700,1714,1716,1725,1728,1730,1739,1742,1748,1753,1756,1767,1775,1821,1824,1832,1835,1840,1846,1849,1858,1860,1863,1872,1874,1888,1889,1902,1926,1929,1930,1931,1945,1947,1959,1963,1968,1970,1986,2000,2002,2018,2027,2033,2039,2041,2055,2056,2057,2060,2084,2097,2098,2100,2112,2123,2126,2137,2140,2146,2151,2154,2156,2162,2165,2173,2211,2222,2230,2238,2244,2256,2258,2270,2272,2282,2286,2287,2300,2327,2328,2329,2343,2351,2357,2361,2368,2384,2398,2414,2416,2421,2425,2431,2437,2439,2453,2454,2455,2458,2482,2495,2496,2510,2512,2521,2524,2526,2535,2538,2544,2549,2552,2560,2563,2571	343,48,219,423,152,125,265,952,125,170,226,218,733,150,33,124,722,191,411,414,2819,414,411,191,3250,195,722,148,33,150,200,733,218,261,3024,243,52,170,125,329,125,152,219,48,343,25,25,343,48,219,423,152,7435,125,265,952,329,170,52,226,243,261,218,733,200,150,33,148,124,722,195,411,414,411,191,195,722,124,148,33,150,200,733,218,261,243,226,52,170,125,329,952,265,125,423,219,48,343,25,25,763,48,423,152,125,265,952,329,125,170,52,226,243,571,261,733,200,33,148,124,722,195,2535,191,411,414,414,191,195,124,148,150,200,218,261,149,243,226,52,125,329,952,265,152,423,219,343,25,25,343,48,219,423,152,125,265,952,329,125,170,52,226,243,261,218,733,200,150,33,148,124,722,195,191,411,414	176	65528	94343	38525,23104,7587,25127	200200	oracle partition requires fresh LP
3	948	NEED_LP	19692	0-1-10,2-5-8,3-4-7-12,6-9-11	1220,1222,1227,1231,1237,1243,1245,1259,1261,1264,1301,1318,1327,1332,1341,1350,1355,1366,1369,1377,1400,1415,1423,1426,1428,1434,1437,1448,1451,1460,1462,1465,1474,1476,1484,1490,1504,1528,1531,1532,1549,1555,1565,1570,1572,1588,1602,1618,1620,1625,1629,1635,1638,1641,1643,1657,1658,1662,1686,1699,1700,1714,1716,1725,1728,1730,1739,1742,1748,1753,1756,1767,1775,1821,1824,1832,1835,1840,1846,1849,1858,1860,1863,1872,1874,1888,1889,1902,1926,1929,1930,1931,1945,1947,1959,1963,1968,1970,1986,2000,2002,2018,2027,2033,2039,2041,2055,2056,2057,2060,2084,2097,2098,2100,2112,2123,2126,2137,2140,2146,2151,2154,2156,2162,2165,2173,2211,2222,2230,2238,2244,2256,2258,2270,2272,2282,2286,2287,2300,2327,2328,2329,2343,2351,2357,2361,2368,2384,2398,2414,2416,2421,2425,2431,2437,2439,2453,2454,2455,2458,2482,2495,2496,2510,2512,2521,2524,2526,2535,2538,2544,2549,2552,2560,2563,2571	343,48,219,423,152,125,265,952,125,170,226,218,733,150,33,124,722,191,411,414,2819,414,411,191,3250,195,722,148,33,150,200,733,218,261,3024,243,52,170,125,329,125,152,219,48,343,25,25,343,48,219,423,152,7435,125,265,952,329,170,52,226,243,261,218,733,200,150,33,148,124,722,195,411,414,411,191,195,722,124,148,33,150,200,733,218,261,243,226,52,170,125,329,952,265,125,423,219,48,343,25,25,763,48,423,152,125,265,952,329,125,170,52,226,243,571,261,733,200,33,148,124,722,195,2535,191,411,414,414,191,195,124,148,150,200,218,261,149,243,226,52,125,329,952,265,152,423,219,343,25,25,343,48,219,423,152,125,265,952,329,125,170,52,226,243,261,218,733,200,150,33,148,124,722,195,191,411,414	176	65528	108096	15976,23594,42747,25779	200200	oracle partition requires fresh LP
3	949	NEED_LP	19281	0-1-2,3-4-7-12,5-8-10,6-9-11	1220,1222,1227,1231,1237,1243,1245,1259,1261,1264,1301,1318,1327,1332,1341,1350,1355,1366,1369,1377,1400,1415,1423,1426,1428,1434,1437,1448,1451,1460,1462,1465,1474,1476,1484,1490,1504,1528,1531,1532,1549,1555,1565,1570,1572,1588,1602,1618,1620,1625,1629,1635,1638,1641,1643,1657,1658,1662,1686,1699,1700,1714,1716,1725,1728,1730,1739,1742,1748,1753,1756,1767,1775,1821,1824,1832,1835,1840,1846,1849,1858,1860,1863,1872,1874,1888,1889,1902,1926,1929,1930,1931,1945,1947,1959,1963,1968,1970,1986,2000,2002,2018,2027,2033,2039,2041,2055,2056,2057,2060,2084,2097,2098,2100,2112,2123,2126,2137,2140,2146,2151,2154,2156,2162,2165,2173,2211,2222,2230,2238,2244,2256,2258,2270,2272,2282,2286,2287,2300,2327,2328,2329,2343,2351,2357,2361,2368,2384,2398,2414,2416,2421,2425,2431,2437,2439,2453,2454,2455,2458,2482,2495,2496,2510,2512,2521,2524,2526,2535,2538,2544,2549,2552,2560,2563,2571	343,48,219,423,152,125,265,952,125,170,226,218,733,150,33,124,722,191,411,414,2819,414,411,191,3250,195,722,148,33,150,200,733,218,261,3024,243,52,170,125,329,125,152,219,48,343,25,25,343,48,219,423,152,7435,125,265,952,329,170,52,226,243,261,218,733,200,150,33,148,124,722,195,411,414,411,191,195,722,124,148,33,150,200,733,218,261,243,226,52,170,125,329,952,265,125,423,219,48,343,25,25,763,48,423,152,125,265,952,329,125,170,52,226,243,571,261,733,200,33,148,124,722,195,2535,191,411,414,414,191,195,124,148,150,200,218,261,149,243,226,52,125,329,952,265,152,423,219,343,25,25,343,48,219,423,152,125,265,952,329,125,170,52,226,243,261,218,733,200,150,33,148,124,722,195,191,411,414	176	65528	101215	6044,42747,26645,25779	200200	oracle partition requires fresh LP
3	950	NEED_LP	18587	0-2-3,1-4-7-12,5-8-10,6-9-11	1220,1222,1227,1231,1237,1243,1245,1259,1261,1264,1301,1318,1327,1332,1341,1350,1355,1366,1369,1377,1400,1415,1423,1426,1428,1434,1437,1448,1451,1460,1462,1465,1474,1476,1484,1490,1504,1528,1531,1532,1549,1555,1565,1570,1572,1588,1602,1618,1620,1625,1629,1635,1638,1641,1643,1657,1658,1662,1686,1699,1700,1714,1716,1725,1728,1730,1739,1742,1748,1753,1756,1767,1775,1821,1824,1832,1835,1840,1846,1849,1858,1860,1863,1872,1874,1888,1889,1902,1926,1929,1930,1931,1945,1947,1959,1963,1968,1970,1986,2000,2002,2018,2027,2033,2039,2041,2055,2056,2057,2060,2084,2097,2098,2100,2112,2123,2126,2137,2140,2146,2151,2154,2156,2162,2165,2173,2211,2222,2230,2238,2244,2256,2258,2270,2272,2282,2286,2287,2300,2327,2328,2329,2343,2351,2357,2361,2368,2384,2398,2414,2416,2421,2425,2431,2437,2439,2453,2454,2455,2458,2482,2495,2496,2510,2512,2521,2524,2526,2535,2538,2544,2549,2552,2560,2563,2571	343,48,219,423,152,125,265,952,125,170,226,218,733,150,33,124,722,191,411,414,2819,414,411,191,3250,195,722,148,33,150,200,733,218,261,3024,243,52,170,125,329,125,152,219,48,343,25,25,343,48,219,423,152,7435,125,265,952,329,170,52,226,243,261,218,733,200,150,33,148,124,722,195,411,414,411,191,195,722,124,148,33,150,200,733,218,261,243,226,52,170,125,329,952,265,125,423,219,48,343,25,25,763,48,423,152,125,265,952,329,125,170,52,226,243,571,261,733,200,33,148,124,722,195,2535,191,411,414,414,191,195,124,148,150,200,218,261,149,243,226,52,125,329,952,265,152,423,219,343,25,25,343,48,219,423,152,125,265,952,329,125,170,52,226,243,261,218,733,200,150,33,148,124,722,195,191,411,414	176	65528	94114	7438,34252,26645,25779	200200	oracle partition requires fresh LP
3	951	NEED_LP	17378	0-2-4,1-3-10,5-6-7-12,8-9-11	1220,1222,1227,1231,1237,1243,1245,1259,1261,1264,1301,1318,1327,1332,1341,1350,1355,1366,1369,1377,1400,1415,1423,1426,1428,1434,1437,1448,1451,1460,1462,1465,1474,1476,1484,1490,1504,1528,1531,1532,1549,1555,1565,1570,1572,1588,1602,1618,1620,1625,1629,1635,1638,1641,1643,1657,1658,1662,1686,1699,1700,1714,1716,1725,1728,1730,1739,1742,1748,1753,1756,1767,1775,1821,1824,1832,1835,1840,1846,1849,1858,1860,1863,1872,1874,1888,1889,1902,1926,1929,1930,1931,1945,1947,1959,1963,1968,1970,1986,2000,2002,2018,2027,2033,2039,2041,2055,2056,2057,2060,2084,2097,2098,2100,2112,2123,2126,2137,2140,2146,2151,2154,2156,2162,2165,2173,2211,2222,2230,2238,2244,2256,2258,2270,2272,2282,2286,2287,2300,2327,2328,2329,2343,2351,2357,2361,2368,2384,2398,2414,2416,2421,2425,2431,2437,2439,2453,2454,2455,2458,2482,2495,2496,2510,2512,2521,2524,2526,2535,2538,2544,2549,2552,2560,2563,2571	343,48,219,423,152,125,265,952,125,170,226,218,733,150,33,124,722,191,411,414,2819,414,411,191,3250,195,722,148,33,150,200,733,218,261,3024,243,52,170,125,329,125,152,219,48,343,25,25,343,48,219,423,152,7435,125,265,952,329,170,52,226,243,261,218,733,200,150,33,148,124,722,195,411,414,411,191,195,722,124,148,33,150,200,733,218,261,243,226,52,170,125,329,952,265,125,423,219,48,343,25,25,763,48,423,152,125,265,952,329,125,170,52,226,243,571,261,733,200,33,148,124,722,195,2535,191,411,414,414,191,195,124,148,150,200,218,261,149,243,226,52,125,329,952,265,152,423,219,343,25,25,343,48,219,423,152,125,265,952,329,125,170,52,226,243,261,218,733,200,150,33,148,124,722,195,191,411,414	176	65528	87846	150,23411,41448,22837	200200	oracle partition requires fresh LP
3	959	NEED_LP	21838	0-2-5,1-9-10,3-4-7-12,6-8-11	1220,1222,1227,1231,1237,1243,1245,1259,1261,1264,1301,1318,1327,1332,1341,1350,1355,1366,1369,1377,1400,1415,1423,1426,1428,1434,1437,1448,1451,1460,1462,1465,1474,1476,1484,1490,1504,1528,1531,1532,1549,1555,1565,1570,1572,1588,1602,1618,1620,1625,1629,1635,1638,1641,1643,1657,1658,1662,1686,1699,1700,1714,1716,1725,1728,1730,1739,1742,1748,1753,1756,1767,1775,1821,1824,1832,1835,1840,1846,1849,1858,1860,1863,1872,1874,1888,1889,1902,1926,1929,1930,1931,1945,1947,1959,1963,1968,1970,1986,2000,2002,2018,2027,2033,2039,2041,2055,2056,2057,2060,2084,2097,2098,2100,2112,2123,2126,2137,2140,2146,2151,2154,2156,2162,2165,2173,2211,2222,2230,2238,2244,2256,2258,2270,2272,2282,2286,2287,2300,2327,2328,2329,2343,2351,2357,2361,2368,2384,2398,2414,2416,2421,2425,2431,2437,2439,2453,2454,2455,2458,2482,2495,2496,2510,2512,2521,2524,2526,2535,2538,2544,2549,2552,2560,2563,2571	343,48,219,423,152,125,265,952,125,170,226,218,733,150,33,124,722,191,411,414,2819,414,411,191,3250,195,722,148,33,150,200,733,218,261,3024,243,52,170,125,329,125,152,219,48,343,25,25,343,48,219,423,152,7435,125,265,952,329,170,52,226,243,261,218,733,200,150,33,148,124,722,195,411,414,411,191,195,722,124,148,33,150,200,733,218,261,243,226,52,170,125,329,952,265,125,423,219,48,343,25,25,763,48,423,152,125,265,952,329,125,170,52,226,243,571,261,733,200,33,148,124,722,195,2535,191,411,414,414,191,195,124,148,150,200,218,261,149,243,226,52,125,329,952,265,152,423,219,343,25,25,343,48,219,423,152,125,265,952,329,125,170,52,226,243,261,218,733,200,150,33,148,124,722,195,191,411,414	176	65528	108558	17580,23104,42747,25127	200200	oracle partition requires fresh LP
3	960	NEED_LP	21114	0-3-10,1-2-5,4-6-7-12,8-9-11	1220,1222,1227,1231,1237,1243,1245,1259,1261,1264,1301,1318,1327,1332,1341,1350,1355,1366,1369,1377,1400,1415,1423,1426,1428,1434,1437,1448,1451,1460,1462,1465,1474,1476,1484,1490,1504,1528,1531,1532,1549,1555,1565,1570,1572,1588,1602,1618,1620,1625,1629,1635,1638,1641,1643,1657,1658,1662,1686,1699,1700,1714,1716,1725,1728,1730,1739,1742,1748,1753,1756,1767,1775,1821,1824,1832,1835,1840,1846,1849,1858,1860,1863,1872,1874,1888,1889,1902,1926,1929,1930,1931,1945,1947,1959,1963,1968,1970,1986,2000,2002,2018,2027,2033,2039,2041,2055,2056,2057,2060,2084,2097,2098,2100,2112,2123,2126,2137,2140,2146,2151,2154,2156,2162,2165,2173,2211,2222,2230,2238,2244,2256,2258,2270,2272,2282,2286,2287,2300,2327,2328,2329,2343,2351,2357,2361,2368,2384,2398,2414,2416,2421,2425,2431,2437,2439,2453,2454,2455,2458,2482,2495,2496,2510,2512,2521,2524,2526,2535,2538,2544,2549,2552,2560,2563,2571	343,48,219,423,152,125,265,952,125,170,226,218,733,150,33,124,722,191,411,414,2819,414,411,191,3250,195,722,148,33,150,200,733,218,261,3024,243,52,170,125,329,125,152,219,48,343,25,25,343,48,219,423,152,7435,125,265,952,329,170,52,226,243,261,218,733,200,150,33,148,124,722,195,411,414,411,191,195,722,124,148,33,150,200,733,218,261,243,226,52,170,125,329,952,265,125,423,219,48,343,25,25,763,48,423,152,125,265,952,329,125,170,52,226,243,571,261,733,200,33,148,124,722,195,2535,191,411,414,414,191,195,124,148,150,200,218,261,149,243,226,52,125,329,952,265,152,423,219,343,25,25,343,48,219,423,152,125,265,952,329,125,170,52,226,243,261,218,733,200,150,33,148,124,722,195,191,411,414	176	65528	101839	17367,23685,37950,22837	200200	oracle partition requires fresh LP
3	961	NEED_LP	21068	0-3-4,1-9-10,2-5-7-12,6-8-11	1220,1222,1227,1231,1237,1243,1245,1259,1261,1264,1301,1318,1327,1332,1341,1350,1355,1366,1369,1377,1400,1415,1423,1426,1428,1434,1437,1448,1451,1460,1462,1465,1474,1476,1484,1490,1504,1528,1531,1532,1549,1555,1565,1570,1572,1588,1602,1618,1620,1625,1629,1635,1638,1641,1643,1657,1658,1662,1686,1699,1700,1714,1716,1725,1728,1730,1739,1742,1748,1753,1756,1767,1775,1821,1824,1832,1835,1840,1846,1849,1858,1860,1863,1872,1874,1888,1889,1902,1926,1929,1930,1931,1945,1947,1959,1963,1968,1970,1986,2000,2002,2018,2027,2033,2039,2041,2055,2056,2057,2060,2084,2097,2098,2100,2112,2123,2126,2137,2140,2146,2151,2154,2156,2162,2165,2173,2211,2222,2230,2238,2244,2256,2258,2270,2272,2282,2286,2287,2300,2327,2328,2329,2343,2351,2357,2361,2368,2384,2398,2414,2416,2421,2425,2431,2437,2439,2453,2454,2455,2458,2482,2495,2496,2510,2512,2521,2524,2526,2535,2538,2544,2549,2552,2560,2563,2571	343,48,219,423,152,125,265,952,125,170,226,218,733,150,33,124,722,191,411,414,2819,414,411,191,3250,195,722,148,33,150,200,733,218,261,3024,243,52,170,125,329,125,152,219,48,343,25,25,343,48,219,423,152,7435,125,265,952,329,170,52,226,243,261,218,733,200,150,33,148,124,722,195,411,414,411,191,195,722,124,148,33,150,200,733,218,261,243,226,52,170,125,329,952,265,125,423,219,48,343,25,25,763,48,423,152,125,265,952,329,125,170,52,226,243,571,261,733,200,33,148,124,722,195,2535,191,411,414,414,191,195,124,148,150,200,218,261,149,243,226,52,125,329,952,265,152,423,219,343,25,25,343,48,219,423,152,125,265,952,329,125,170,52,226,243,261,218,733,200,150,33,148,124,722,195,191,411,414	176	65528	93992	7587,23104,38174,25127	200200	oracle partition requires fresh LP
3	969	NEED_LP	21254	0-2-10,1-5-9,3-4-7-12,6-8-11	1220,1222,1227,1231,1237,1243,1245,1259,1261,1264,1301,1318,1327,1332,1341,1350,1355,1366,1369,1377,1400,1415,1423,1426,1428,1434,1437,1448,1451,1460,1462,1465,1474,1476,1484,1490,1504,1528,1531,1532,1549,1555,1565,1570,1572,1588,1602,1618,1620,1625,1629,1635,1638,1641,1643,1657,1658,1662,1686,1699,1700,1714,1716,1725,1728,1730,1739,1742,1748,1753,1756,1767,1775,1821,1824,1832,1835,1840,1846,1849,1858,1860,1863,1872,1874,1888,1889,1902,1926,1929,1930,1931,1945,1947,1959,1963,1968,1970,1986,2000,2002,2018,2027,2033,2039,2041,2055,2056,2057,2060,2084,2097,2098,2100,2112,2123,2126,2137,2140,2146,2151,2154,2156,2162,2165,2173,2211,2222,2230,2238,2244,2256,2258,2270,2272,2282,2286,2287,2300,2327,2328,2329,2343,2351,2357,2361,2368,2384,2398,2414,2416,2421,2425,2431,2437,2439,2453,2454,2455,2458,2482,2495,2496,2510,2512,2521,2524,2526,2535,2538,2544,2549,2552,2560,2563,2571	343,48,219,423,152,125,265,952,125,170,226,218,733,150,33,124,722,191,411,414,2819,414,411,191,3250,195,722,148,33,150,200,733,218,261,3024,243,52,170,125,329,125,152,219,48,343,25,25,343,48,219,423,152,7435,125,265,952,329,170,52,226,243,261,218,733,200,150,33,148,124,722,195,411,414,411,191,195,722,124,148,33,150,200,733,218,261,243,226,52,170,125,329,952,265,125,423,219,48,343,25,25,763,48,423,152,125,265,952,329,125,170,52,226,243,571,261,733,200,33,148,124,722,195,2535,191,411,414,414,191,195,124,148,150,200,218,261,149,243,226,52,125,329,952,265,152,423,219,343,25,25,343,48,219,423,152,125,265,952,329,125,170,52,226,243,261,218,733,200,150,33,148,124,722,195,191,411,414	176	65528	101645	9932,23839,42747,25127	200200	oracle partition requires fresh LP
3	970	NEED_LP	21232	0-2-4,1-9-10,3-5-7-12,6-8-11	1220,1222,1227,1231,1237,1243,1245,1259,1261,1264,1301,1318,1327,1332,1341,1350,1355,1366,1369,1377,1400,1415,1423,1426,1428,1434,1437,1448,1451,1460,1462,1465,1474,1476,1484,1490,1504,1528,1531,1532,1549,1555,1565,1570,1572,1588,1602,1618,1620,1625,1629,1635,1638,1641,1643,1657,1658,1662,1686,1699,1700,1714,1716,1725,1728,1730,1739,1742,1748,1753,1756,1767,1775,1821,1824,1832,1835,1840,1846,1849,1858,1860,1863,1872,1874,1888,1889,1902,1926,1929,1930,1931,1945,1947,1959,1963,1968,1970,1986,2000,2002,2018,2027,2033,2039,2041,2055,2056,2057,2060,2084,2097,2098,2100,2112,2123,2126,2137,2140,2146,2151,2154,2156,2162,2165,2173,2211,2222,2230,2238,2244,2256,2258,2270,2272,2282,2286,2287,2300,2327,2328,2329,2343,2351,2357,2361,2368,2384,2398,2414,2416,2421,2425,2431,2437,2439,2453,2454,2455,2458,2482,2495,2496,2510,2512,2521,2524,2526,2535,2538,2544,2549,2552,2560,2563,2571	343,48,219,423,152,125,265,952,125,170,226,218,733,150,33,124,722,191,411,414,2819,414,411,191,3250,195,722,148,33,150,200,733,218,261,3024,243,52,170,125,329,125,152,219,48,343,25,25,343,48,219,423,152,7435,125,265,952,329,170,52,226,243,261,218,733,200,150,33,148,124,722,195,411,414,411,191,195,722,124,148,33,150,200,733,218,261,243,226,52,170,125,329,952,265,125,423,219,48,343,25,25,763,48,423,152,125,265,952,329,125,170,52,226,243,571,261,733,200,33,148,124,722,195,2535,191,411,414,414,191,195,124,148,150,200,218,261,149,243,226,52,125,329,952,265,152,423,219,343,25,25,343,48,219,423,152,125,265,952,329,125,170,52,226,243,261,218,733,200,150,33,148,124,722,195,191,411,414	176	65528	94449	150,23104,46068,25127	200200	oracle partition requires fresh LP
3	978	NEED_LP	21051	0-2-3,1-9-10,4-5-7-12,6-8-11	1220,1222,1227,1231,1237,1243,1245,1259,1261,1264,1301,1318,1327,1332,1341,1350,1355,1366,1369,1377,1400,1415,1423,1426,1428,1434,1437,1448,1451,1460,1462,1465,1474,1476,1484,1490,1504,1528,1531,1532,1549,1555,1565,1570,1572,1588,1602,1618,1620,1625,1629,1635,1638,1641,1643,1657,1658,1662,1686,1699,1700,1714,1716,1725,1728,1730,1739,1742,1748,1753,1756,1767,1775,1821,1824,1832,1835,1840,1846,1849,1858,1860,1863,1872,1874,1888,1889,1902,1926,1929,1930,1931,1945,1947,1959,1963,1968,1970,1986,2000,2002,2018,2027,2033,2039,2041,2055,2056,2057,2060,2084,2097,2098,2100,2112,2123,2126,2137,2140,2146,2151,2154,2156,2162,2165,2173,2211,2222,2230,2238,2244,2256,2258,2270,2272,2282,2286,2287,2300,2327,2328,2329,2343,2351,2357,2361,2368,2384,2398,2414,2416,2421,2425,2431,2437,2439,2453,2454,2455,2458,2482,2495,2496,2510,2512,2521,2524,2526,2535,2538,2544,2549,2552,2560,2563,2571	343,48,219,423,152,125,265,952,125,170,226,218,733,150,33,124,722,191,411,414,2819,414,411,191,3250,195,722,148,33,150,200,733,218,261,3024,243,52,170,125,329,125,152,219,48,343,25,25,343,48,219,423,152,7435,125,265,952,329,170,52,226,243,261,218,733,200,150,33,148,124,722,195,411,414,411,191,195,722,124,148,33,150,200,733,218,261,243,226,52,170,125,329,952,265,125,423,219,48,343,25,25,763,48,423,152,125,265,952,329,125,170,52,226,243,571,261,733,200,33,148,124,722,195,2535,191,411,414,414,191,195,124,148,150,200,218,261,149,243,226,52,125,329,952,265,152,423,219,343,25,25,343,48,219,423,152,125,265,952,329,125,170,52,226,243,261,218,733,200,150,33,148,124,722,195,191,411,414	176	65528	94194	7438,23104,38525,25127	200200	oracle partition requires fresh LP
