x	y	z	v	lambda	numerator	denominator
0	0	0	0	1	5811307335	1
0	0	1	0	0	5165606520	1
0	0	1	0	1	-52301766015	1
0	0	2	0	0	-21738594105	1
0	0	2	0	1	200812953465	1
0	0	2	0	2	5811307335	1
0	0	2	1	0	-1291401630	1
0	0	2	1	1	1937102445	2
0	0	2	2	0	1937102445	2
0	0	3	0	0	38383326225	1
0	0	3	0	1	-397106001225	1
0	0	3	0	2	-52301766015	1
0	0	3	1	0	12053081880	1
0	0	3	1	1	-16142520375	1
0	0	3	2	0	-16142520375	2
0	0	4	0	0	-10092064590	1
0	0	4	0	1	375080428980	1
0	0	4	0	2	198875851020	1
0	0	4	0	3	5811307335	1
0	0	4	1	0	-47207904030	1
0	0	4	1	1	187468469955	2
0	0	4	1	2	3874204890	1
0	0	4	2	0	29056536675	1
0	0	4	2	1	5811307335	4
0	0	4	3	0	-645700815	4
0	0	5	0	0	-45390375810	1
0	0	5	0	1	-14683714830	1
0	0	5	0	2	-383689773180	1
0	0	5	0	3	-52301766015	1
0	0	5	1	0	95085423720	1
0	0	5	1	1	-261150107400	1
0	0	5	1	2	-41324852160	1
0	0	5	2	0	-53306189505	1
0	0	5	2	1	-53162700435	4
0	0	5	3	0	215233605	1
0	0	6	0	0	42286760370	1
0	0	6	0	1	-278137618965	1
0	0	6	0	2	324978828705	1
0	0	6	0	3	196077814155	1
0	0	6	0	4	3142410633	1
0	0	6	1	0	-85104961740	1
0	0	6	1	1	725026355865	2
0	0	6	1	2	185100900300	1
0	0	6	1	3	16142520375	2
0	0	6	2	0	84538977075	2
0	0	6	2	1	226210518855	4
0	0	6	2	2	5811307335	2
0	0	6	3	0	3443737680	1
0	0	6	3	1	1506635235	4
0	0	6	4	0	2367569655	16
0	0	7	0	0	13934383020	1
0	0	7	0	1	131332357125	1
0	0	7	0	2	75754257345	1
0	0	7	0	3	-366781977765	1
0	0	7	0	4	-28281695697	1
0	0	7	1	0	-10777623480	1
0	0	7	1	1	-156251625615	1
0	0	7	1	2	-423149267430	1
0	0	7	1	3	-77699331405	1
0	0	7	2	0	41221221165	2
0	0	7	2	1	-545617188675	4
0	0	7	2	2	-57897839745	2
0	0	7	3	0	-14922863280	1
0	0	7	3	1	-9255045015	2
0	0	7	4	0	-15568564095	16
0	0	8	0	0	-26756282880	1
0	0	8	0	1	117118967580	1
0	0	8	0	2	-340991146035	1
0	0	8	0	3	271999475415	1
0	0	8	0	4	105201403155	1
0	0	8	0	5	-71744535	1
0	0	8	1	0	72848160810	1
0	0	8	1	1	-382794295095	2
0	0	8	1	2	920474412435	2
0	0	8	1	3	631662800985	2
0	0	8	1	4	11206496367	2
0	0	8	2	0	-69483253545	1
0	0	8	2	1	740746380645	4
0	0	8	2	2	250460171685	2
0	0	8	2	3	23747441085	4
0	0	8	3	0	94391893215	4
0	0	8	3	1	22623443370	1
0	0	8	3	2	1793613375	1
0	0	8	4	0	6289604235	2
0	0	8	4	1	4232927565	16
0	0	8	5	0	-358722675	16
0	0	9	0	0	-4621765230	1
0	0	9	0	1	-72169097310	1
0	0	9	0	2	98868397905	1
0	0	9	0	3	174012383835	1
0	0	9	0	4	-195433707663	1
0	0	9	0	5	645700815	1
0	0	9	1	0	-20216606130	1
0	0	9	1	1	202151299050	1
0	0	9	1	2	-40206168855	1
0	0	9	1	3	-661038202260	1
0	0	9	1	4	-52751365101	1
0	0	9	2	0	34180513650	1
0	0	9	2	1	-396404499105	4
0	0	9	2	2	-569500147215	2
0	0	9	2	3	-237354836625	4
0	0	9	3	0	-8452569105	1
0	0	9	3	1	-56199885750	1
0	0	9	3	2	-17577411075	1
0	0	9	4	0	-6488894610	1
0	0	9	4	1	-38478985605	16
0	0	9	5	0	263063295	8
0	0	10	0	0	11009653245	1
0	0	10	0	1	-48805179480	1
0	0	10	0	2	188537256855	1
0	0	10	0	3	-431940187305	1
0	0	10	0	4	144896857209	1
0	0	10	0	5	-2295825120	1
0	0	10	1	0	-34408639620	1
0	0	10	1	1	56841748380	1
0	0	10	1	2	-792480390525	2
0	0	10	1	3	1267696704195	2
0	0	10	1	4	417143452689	2
0	0	10	1	5	-286978140	1
0	0	10	2	0	62544405555	2
0	0	10	2	1	-68630290740	1
0	0	10	2	2	1269891555525	4
0	0	10	2	3	253545186690	1
0	0	10	2	4	18811417077	4
0	0	10	3	0	-19944094995	1
0	0	10	3	1	581840207235	8
0	0	10	3	2	148662648135	2
0	0	10	3	3	24943183335	8
0	0	10	4	0	139660037595	16
0	0	10	4	1	19857292965	2
0	0	10	4	2	12459634245	16
0	0	10	5	0	4232927565	16
0	0	10	5	1	1363146165	16
0	0	10	6	0	550041435	32
0	0	11	0	0	4480867755	1
0	0	11	0	1	18767478060	1
0	0	11	0	2	-73988889075	1
0	0	11	0	3	96608887920	1
0	0	11	0	4	96441838299	1
0	0	11	0	5	3587226750	1
0	0	11	1	0	9964321920	1
0	0	11	1	1	-101467439640	1
0	0	11	1	2	214906473540	1
0	0	11	1	3	85150134225	1
0	0	11	1	4	-427852520280	1
0	0	11	1	5	2582803260	1
0	0	11	2	0	-59115823785	2
0	0	11	2	1	102271982265	1
0	0	11	2	2	-162542115585	4
0	0	11	2	3	-1143015331185	2
0	0	11	2	4	-184155466761	4
0	0	11	3	0	22246415505	1
0	0	11	3	1	-65727737145	2
0	0	11	3	2	-331483666545	2
0	0	11	3	3	-63079389495	2
0	0	11	4	0	-90992442285	16
0	0	11	4	1	-177557095305	8
0	0	11	4	2	-124221676545	16
0	0	11	5	0	-8022101895	8
0	0	11	5	1	-6879503745	8
0	0	11	6	0	-3292276995	32
0	0	12	0	0	-1721901645	1
0	0	12	0	1	20149837020	1
0	0	12	0	2	-92563736175	1
0	0	12	0	3	275240773440	1
0	0	12	0	4	-253859976909	1
0	0	12	0	5	-353408265	1
0	0	12	0	6	-7971615	1
0	0	12	1	0	29918192805	2
0	0	12	1	1	-30884890545	1
0	0	12	1	2	424558274985	2
0	0	12	1	3	-1469439974655	2
0	0	12	1	4	824908566051	2
0	0	12	1	5	-9557966385	1
0	0	12	1	6	23914845	2
0	0	12	2	0	-20903247585	2
0	0	12	2	1	50846208165	4
0	0	12	2	2	-555765940305	2
0	0	12	2	3	2562653674485	4
0	0	12	2	4	191873584404	1
0	0	12	2	5	-1363146165	4
0	0	12	3	0	1559287260	1
0	0	12	3	1	-118407121515	4
0	0	12	3	2	1465371498555	8
0	0	12	3	3	551914764525	4
0	0	12	3	4	19968895575	8
0	0	12	4	0	-26229861045	16
0	0	12	4	1	204478124895	8
0	0	12	4	2	133840758645	4
0	0	12	4	3	9892774215	8
0	0	12	5	0	43773909435	32
0	0	12	5	1	58758774165	16
0	0	12	5	2	4137268185	16
0	0	12	6	0	2473857855	8
0	0	12	6	1	805133115	32
0	0	12	7	0	-183347145	64
0	0	13	0	0	-2195012925	1
0	0	13	0	1	1064857590	1
0	0	13	0	2	23076469485	1
0	0	13	0	3	-127757465055	1
0	0	13	0	4	87729985035	1
0	0	13	0	5	-7088537205	1
0	0	13	0	6	66430125	1
0	0	13	1	0	1419767595	1
0	0	13	1	1	31766459310	1
0	0	13	1	2	-153367738065	1
0	0	13	1	3	377843725350	1
0	0	13	1	4	37553569677	1
0	0	13	1	5	17399378340	1
0	0	13	1	6	-103630995	1
0	0	13	2	0	11459278575	1
0	0	13	2	1	-203062523535	4
0	0	13	2	2	361940943915	2
0	0	13	2	3	-403628553765	4
0	0	13	2	4	-854605489131	2
0	0	13	2	5	12762555615	4
0	0	13	3	0	-10952999010	1
0	0	13	3	1	33289168995	1
0	0	13	3	2	-26223070410	1
0	0	13	3	3	-650534270895	2
0	0	13	3	4	-50388578415	2
0	0	13	4	0	71543866815	16
0	0	13	4	1	-55650434805	8
0	0	13	4	2	-307030294665	4
0	0	13	4	3	-50393892825	4
0	0	13	5	0	-7170024825	16
0	0	13	5	1	-65598419835	8
0	0	13	5	2	-20707598565	8
0	0	13	6	0	-2317968495	4
0	0	13	6	1	-7756381395	32
0	0	13	7	0	61115715	8
0	0	14	0	0	-1020161385	1
0	0	14	0	1	-5153699520	1
0	0	14	0	2	39481087230	1
0	0	14	0	3	-126774321075	1
0	0	14	0	4	149281442289	1
0	0	14	0	5	8728131105	1
0	0	14	0	6	-224090955	1
0	0	14	1	0	-7710376635	2
0	0	14	1	1	20412029160	1
0	0	14	1	2	-219334175325	2
0	0	14	1	3	721910143305	2
0	0	14	1	4	-971303555439	2
0	0	14	1	5	-22884735195	2
0	0	14	1	6	709473735	2
0	0	14	2	0	25590309345	4
0	0	14	2	1	-24625368495	2
0	0	14	2	2	561378744585	4
0	0	14	2	3	-557672534100	1
0	0	14	2	4	1973161602585	4
0	0	14	2	5	-12499492320	1
0	0	14	2	6	87687765	4
0	0	14	3	0	-474983595	2
0	0	14	3	1	90699756075	8
0	0	14	3	2	-159383584575	1
0	0	14	3	3	3230443539405	8
0	0	14	3	4	438514112475	4
0	0	14	3	5	-1899901575	8
0	0	14	4	0	-5928618015	16
0	0	14	4	1	-254589468255	16
0	0	14	4	2	90373018275	1
0	0	14	4	3	896288532525	16
0	0	14	4	4	14787345825	16
0	0	14	5	0	-29299031235	32
0	0	14	5	1	295986360195	32
0	0	14	5	2	181596046905	16
0	0	14	5	3	11492411625	32
0	0	14	6	0	41473360395	64
0	0	14	6	1	16597788165	16
0	0	14	6	2	1921159215	32
0	0	14	7	0	46943955	8
0	0	14	7	1	332150625	64
0	0	14	8	0	294949755	256
0	0	15	0	0	-293206905	1
0	0	15	0	1	-2566612170	1
0	0	15	0	2	448264530	1
0	0	15	0	3	64005809985	1
0	0	15	0	4	-114405952527	1
0	0	15	0	5	693727335	1
0	0	15	0	6	360494145	1
0	0	15	1	0	-2711810340	1
0	0	15	1	1	-2829445830	1
0	0	15	1	2	63443659860	1
0	0	15	1	3	-326373019335	1
0	0	15	1	4	329684502564	1
0	0	15	1	5	-12733621605	1
0	0	15	1	6	-526126590	1
0	0	15	2	0	-5044435785	4
0	0	15	2	1	19306857870	1
0	0	15	2	2	-566667960345	4
0	0	15	2	3	900167264505	2
0	0	15	2	4	-520323785721	4
0	0	15	2	5	50475380445	2
0	0	15	2	6	-789189885	4
0	0	15	3	0	8435882295	2
0	0	15	3	1	-19499915295	1
0	0	15	3	2	120281041530	1
0	0	15	3	3	-145144705545	1
0	0	15	3	4	-522375502275	2
0	0	15	3	5	4557106575	2
0	0	15	4	0	-34883754435	16
0	0	15	4	1	196656100695	16
0	0	15	4	2	-197936873505	8
0	0	15	4	3	-2188146020805	16
0	0	15	4	4	-153307442475	16
0	0	15	5	0	3905205615	4
0	0	15	5	1	-35245462365	16
0	0	15	5	2	-216779212575	8
0	0	15	5	3	-59725996785	16
0	0	15	6	0	-18826494255	64
0	0	15	6	1	-19179410445	8
0	0	15	6	2	-19883865015	32
0	0	15	7	0	-1548560025	32
0	0	15	7	1	-51372630	1
0	0	15	8	0	-1460577015	256
0	0	16	0	0	-55069020	1
0	0	16	0	1	-28001295	1
0	0	16	0	2	-11585846340	1
0	0	16	0	3	51134720850	1
0	0	16	0	4	-50291014158	1
0	0	16	0	5	-8450403975	1
0	0	16	0	6	-178623225	1
0	0	16	1	0	-997304400	1
0	0	16	1	1	-7406030070	1
0	0	16	1	2	51590089485	1
0	0	16	1	3	-261742737015	2
0	0	16	1	4	170366829795	1
0	0	16	1	5	55519936515	2
0	0	16	1	6	-9743085	2
0	0	16	2	0	-5218476435	2
0	0	16	2	1	22059470745	2
0	0	16	2	2	-62308862010	1
0	0	16	2	3	354729683205	2
0	0	16	2	4	-753295316661	2
0	0	16	2	5	-93357945225	4
0	0	16	2	6	730731375	1
0	0	16	3	0	10542342375	8
0	0	16	3	1	-7265465505	1
0	0	16	3	2	493439655195	8
0	0	16	3	3	-512167307985	2
0	0	16	3	4	2758119445755	8
0	0	16	3	5	-37054723725	4
0	0	16	3	6	146146275	8
0	0	16	4	0	702584685	4
0	0	16	4	1	56854968795	8
0	0	16	4	2	-1040296249575	16
0	0	16	4	3	1474635892995	8
0	0	16	4	4	173020360635	4
0	0	16	4	5	-1953045675	16
0	0	16	5	0	38414655	1
0	0	16	5	1	-201822691365	32
0	0	16	5	2	1119790572165	32
0	0	16	5	3	545517986355	32
0	0	16	5	4	4177657701	16
0	0	16	6	0	-4892111235	32
0	0	16	6	1	185991063975	64
0	0	16	6	2	45424328985	16
0	0	16	6	3	2342769075	32
0	0	16	7	0	8966492235	128
0	0	16	7	1	908468865	4
0	0	16	7	2	434895885	64
0	0	16	8	0	3825489465	256
0	0	16	8	1	18600435	256
0	0	16	9	0	-114259815	512
0	0	17	0	0	-6374280	1
0	0	17	0	1	494594055	1
0	0	17	0	2	-3292076520	1
0	0	17	0	3	-17688070440	1
0	0	17	0	4	63351675126	1
0	0	17	0	5	3481306695	1
0	0	17	0	6	-278219205	1
0	0	17	1	0	-226225980	1
0	0	17	1	1	-2463231870	1
0	0	17	1	2	-12860242830	1
0	0	17	1	3	153551299050	1
0	0	17	1	4	-275788606734	1
0	0	17	1	5	-9389578320	1
0	0	17	1	6	1139940945	1
0	0	17	2	0	-2765124135	2
0	0	17	2	1	-7117320555	2
0	0	17	2	2	65521933155	1
0	0	17	2	3	-319191698655	1
0	0	17	2	4	821527092261	2
0	0	17	2	5	-18003744855	4
0	0	17	2	6	-1334802645	1
0	0	17	3	0	-834404085	1
0	0	17	3	1	8946725400	1
0	0	17	3	2	-180338886405	2
0	0	17	3	3	597870304875	2
0	0	17	3	4	-179646347340	1
0	0	17	3	5	39960918675	2
0	0	17	3	6	-341007975	2
0	0	17	4	0	860620950	1
0	0	17	4	1	-34598985165	4
0	0	17	4	2	1026943630425	16
0	0	17	4	3	-391391632665	4
0	0	17	4	4	-436057083585	4
0	0	17	4	5	18773153325	16
0	0	17	5	0	-3014834175	8
0	0	17	5	1	20739747465	4
0	0	17	5	2	-256435536825	16
0	0	17	5	3	-173818899945	4
0	0	17	5	4	-21890231937	8
0	0	17	6	0	5220620505	32
0	0	17	6	1	-65746042335	64
0	0	17	6	2	-57673650375	8
0	0	17	6	3	-6334481475	8
0	0	17	7	0	-315813735	32
0	0	17	7	1	-17960048595	32
0	0	17	7	2	-85325805	1
0	0	17	8	0	-7043266305	256
0	0	17	8	1	-855915255	256
0	0	17	9	0	211690665	256
0	0	18	0	0	-400920	1
0	0	18	0	1	248926950	1
0	0	18	0	2	1521410265	1
0	0	18	0	3	-17291110770	1
0	0	18	0	4	12899785410	1
0	0	18	0	5	4105392660	1
0	0	18	0	6	420396075	1
0	0	18	1	0	-30373380	1
0	0	18	1	1	597568455	1
0	0	18	1	2	-17593201620	1
0	0	18	1	3	48587083335	1
0	0	18	1	4	-2827696473	1
0	0	18	1	5	-16829752320	1
0	0	18	1	6	-2735641755	2
0	0	18	2	0	-401046120	1
0	0	18	2	1	-9662302485	2
0	0	18	2	2	27906102585	1
0	0	18	2	3	-45613113255	2
0	0	18	2	4	24821791713	2
0	0	18	2	5	62256443265	2
0	0	18	2	6	3556226025	4
0	0	18	3	0	-949837725	1
0	0	18	3	1	9086286375	2
0	0	18	3	2	-63339044715	4
0	0	18	3	3	35255456955	2
0	0	18	3	4	-283487130315	2
0	0	18	3	5	-175230367875	8
0	0	18	3	6	2679348375	4
0	0	18	4	0	4121721045	16
0	0	18	4	1	-45489151665	16
0	0	18	4	2	24097973445	2
0	0	18	4	3	-1177010102925	16
0	0	18	4	4	2554488969255	16
0	0	18	4	5	-38666761425	8
0	0	18	4	6	146146275	16
0	0	18	5	0	-1423660455	16
0	0	18	5	1	67024256355	32
0	0	18	5	2	-541873022805	32
0	0	18	5	3	2039737381785	32
0	0	18	5	4	201677430825	16
0	0	18	5	5	-390609135	8
0	0	18	6	0	3293654805	32
0	0	18	6	1	-6786271935	4
0	0	18	6	2	667631908845	64
0	0	18	6	3	60704241885	16
0	0	18	6	4	2084488749	32
0	0	18	7	0	-5113807425	64
0	0	18	7	1	99783460575	128
0	0	18	7	2	7223956245	16
0	0	18	7	3	453791565	64
0	0	18	8	0	8733642345	256
0	0	18	8	1	1528483365	64
0	0	18	8	2	-13286025	64
0	0	18	9	0	-571102245	512
0	0	18	9	1	-885735	8
0	0	18	10	0	25686315	1024
0	0	19	0	0	-11280	1
0	0	19	0	1	61477620	1
0	0	19	0	2	1062718665	1
0	0	19	0	3	1653156720	1
0	0	19	0	4	-22718123946	1
0	0	19	0	5	-2841408720	1
0	0	19	0	6	-21771585	1
0	0	19	1	0	-2144160	1
0	0	19	1	1	722221110	1
0	0	19	1	2	-1046435940	1
0	0	19	1	3	-47631422250	1
0	0	19	1	4	123248103768	1
0	0	19	1	5	13979464380	1
0	0	19	1	6	-67840740	1
0	0	19	2	0	-64388970	1
0	0	19	2	1	-1635130395	2
0	0	19	2	2	-18211437225	1
0	0	19	2	3	138179975625	1
0	0	19	2	4	-491549729985	2
0	0	19	2	5	-41117491755	2
0	0	19	2	6	3926463255	4
0	0	19	3	0	-395156655	1
0	0	19	3	1	-2412250470	1
0	0	19	3	2	39921568875	1
0	0	19	3	3	-350436383505	2
0	0	19	3	4	263930396760	1
0	0	19	3	5	4086682875	1
0	0	19	3	6	-2744302275	2
0	0	19	4	0	-4301494875	16
0	0	19	4	1	64302629625	16
0	0	19	4	2	-161031838995	4
0	0	19	4	3	265043131425	2
0	0	19	4	4	-1846342721385	16
0	0	19	4	5	21589790625	2
0	0	19	4	6	-1412747325	16
0	0	19	5	0	419380335	2
0	0	19	5	1	-56597121495	16
0	0	19	5	2	99908382015	4
0	0	19	5	3	-713572621335	16
0	0	19	5	4	-131891708619	4
0	0	19	5	5	1866243645	4
0	0	19	6	0	-4605840225	32
0	0	19	6	1	1924822440	1
0	0	19	6	2	-449283272265	64
0	0	19	6	3	-329738178105	32
0	0	19	6	4	-21089999889	32
0	0	19	7	0	624836835	8
0	0	19	7	1	-7464613725	16
0	0	19	7	2	-41848518375	32
0	0	19	7	3	-384310575	4
0	0	19	8	0	-5683039785	256
0	0	19	8	1	-10130741685	128
0	0	19	8	2	-2460375	1
0	0	19	9	0	-426465	32
0	0	19	9	1	40448565	64
0	0	19	10	0	-69382575	1024
0	0	20	0	1	8054430	1
0	0	20	0	2	123153250	1
0	0	20	0	3	4057748250	1
0	0	20	0	4	-3781032822	1
0	0	20	0	5	-1415814390	1
0	0	20	0	6	-287801910	1
0	0	20	1	0	-67680	1
0	0	20	1	1	243502425	1
0	0	20	1	2	3221318745	1
0	0	20	1	3	-18069340815	1
0	0	20	1	4	-16756401231	1
0	0	20	1	5	4821518520	1
0	0	20	1	6	1295108595	1
0	0	20	2	0	-5177700	1
0	0	20	2	1	1410771465	2
0	0	20	2	2	-20526094935	2
0	0	20	2	3	1807817940	1
0	0	20	2	4	79349646141	1
0	0	20	2	5	-21416973885	2
0	0	20	2	6	-4473519435	2
0	0	20	3	0	-79603575	1
0	0	20	3	1	-1899186030	1
0	0	20	3	2	20697372045	4
0	0	20	3	3	72772827165	2
0	0	20	3	4	-317485153395	4
0	0	20	3	5	36995018625	2
0	0	20	3	6	10690329375	8
0	0	20	4	0	-914596515	4
0	0	20	4	1	17881780725	16
0	0	20	4	2	62722660635	16
0	0	20	4	3	-57715305435	2
0	0	20	4	4	-57969267165	4
0	0	20	4	5	-208477907325	16
0	0	20	4	6	730731375	2
0	0	20	5	0	47267145	1
0	0	20	5	1	-8026468605	32
0	0	20	5	2	-104862097395	32
0	0	20	5	3	-287156238345	32
0	0	20	5	4	415888923879	8
0	0	20	5	5	-7715637585	4
0	0	20	5	6	48715425	16
0	0	20	6	0	-120167145	16
0	0	20	6	1	4518732015	64
0	0	20	6	2	-56924034255	32
0	0	20	6	3	33374002725	2
0	0	20	6	4	23748897627	8
0	0	20	6	5	-473277735	32
0	0	20	7	0	-74580345	64
0	0	20	7	1	-3348461025	16
0	0	20	7	2	283875607125	128
0	0	20	7	3	17479192905	32
0	0	20	7	4	996806169	64
0	0	20	8	0	-515552445	256
0	0	20	8	1	36680812335	256
0	0	20	8	2	7614663795	256
0	0	20	8	3	-203817465	128
0	0	20	9	0	1191444795	512
0	0	20	9	1	-215955315	256
0	0	20	9	2	36315135	512
0	0	20	10	0	6396975	128
0	0	20	10	1	-10333575	1024
0	0	20	11	0	-2066715	2048
0	0	21	0	1	450780	1
0	0	21	0	2	-80314270	1
0	0	21	0	3	581435040	1
0	0	21	0	4	5672600514	1
0	0	21	0	5	1228655250	1
0	0	21	0	6	108835650	1
0	0	21	1	1	39085560	1
0	0	21	1	2	1057793460	1
0	0	21	1	3	8911375380	1
0	0	21	1	4	-38641452570	1
0	0	21	1	5	-7889600880	1
0	0	21	1	6	-638499510	1
0	0	21	2	0	-186120	1
0	0	21	2	1	807287535	2
0	0	21	2	2	4153882635	2
0	0	21	2	3	-42584672295	1
0	0	21	2	4	82393291692	1
0	0	21	2	5	35300859075	2
0	0	21	2	6	1863816075	2
0	0	21	3	0	-7431600	1
0	0	21	3	1	61526610	1
0	0	21	3	2	-11461881915	1
0	0	21	3	3	129473619075	2
0	0	21	3	4	-104637181455	1
0	0	21	3	5	-18326294550	1
0	0	21	3	6	101039400	1
0	0	21	4	0	-63086850	1
0	0	21	4	1	-18440266005	16
0	0	21	4	2	239549051295	16
0	0	21	4	3	-942802115085	16
0	0	21	4	4	198534901365	2
0	0	21	4	5	84245372325	16
0	0	21	4	6	-817336575	1
0	0	21	5	0	-141851655	2
0	0	21	5	1	5550612075	4
0	0	21	5	2	-184412569995	16
0	0	21	5	3	323971744365	8
0	0	21	5	4	-182712243591	4
0	0	21	5	5	4401118800	1
0	0	21	5	6	-243577125	8
0	0	21	6	0	876199275	16
0	0	21	6	1	-63936941355	64
0	0	21	6	2	208799862885	32
0	0	21	6	3	-469154332395	32
0	0	21	6	4	-123756960915	16
0	0	21	6	5	4528172565	32
0	0	21	7	0	-266705865	8
0	0	21	7	1	7883446095	16
0	0	21	7	2	-65966798115	32
0	0	21	7	3	-27431836245	16
0	0	21	7	4	-1178086599	8
0	0	21	8	0	3651469875	256
0	0	21	8	1	-34715596005	256
0	0	21	8	2	-31310699445	256
0	0	21	8	3	786631095	128
0	0	21	9	0	-897577605	256
0	0	21	9	1	-43422885	16
0	0	21	9	2	-85325805	256
0	0	21	10	0	16566525	512
0	0	21	10	1	96348285	1024
0	0	21	11	0	-98415	512
0	0	22	0	1	-180	1
0	0	22	0	2	-37343490	1
0	0	22	0	3	-472763010	1
0	0	22	0	4	1289083443	1
0	0	22	0	5	442807470	1
0	0	22	0	6	118505970	1
0	0	22	1	1	2562390	1
0	0	22	1	2	-92788395	1
0	0	22	1	3	5023240695	1
0	0	22	1	4	5643283851	1
0	0	22	1	5	-720196245	1
0	0	22	1	6	-540529605	1
0	0	22	2	1	84218580	1
0	0	22	2	2	4449693345	2
0	0	22	2	3	-5657150925	2
0	0	22	2	4	-84602867499	2
0	0	22	2	5	-472940370	1
0	0	22	2	6	2378876445	2
0	0	22	3	0	-310200	1
0	0	22	3	1	1384457745	4
0	0	22	3	2	-2283506205	1
0	0	22	3	3	-74084099625	4
0	0	22	3	4	152871062265	2
0	0	22	3	5	-5580039375	4
0	0	22	3	6	-3281976225	2
0	0	22	4	0	-14025825	2
0	0	22	4	1	-809703945	2
0	0	22	4	2	-37680267555	16
0	0	22	4	3	250365931425	8
0	0	22	4	4	-240270761295	4
0	0	22	4	5	54980687925	8
0	0	22	4	6	15652085625	16
0	0	22	5	0	-66124485	2
0	0	22	5	1	-197431425	8
0	0	22	5	2	154526584815	32
0	0	22	5	3	-323077895595	16
0	0	22	5	4	81667970955	8
0	0	22	5	5	-90777372705	16
0	0	22	5	6	2114249445	16
0	0	22	6	0	-8379315	2
0	0	22	6	1	4130036505	16
0	0	22	6	2	-196534296945	64
0	0	22	6	3	10221436575	4
0	0	22	6	4	50154901839	4
0	0	22	6	5	-9451087695	16
0	0	22	6	6	22733865	32
0	0	22	7	0	92800485	8
0	0	22	7	1	-22801884345	128
0	0	22	7	2	35006328495	64
0	0	22	7	3	25781001165	8
0	0	22	7	4	4987206369	8
0	0	22	7	5	-209328705	64
0	0	22	8	0	-1928079855	256
0	0	22	8	1	8710088355	256
0	0	22	8	2	68813134875	256
0	0	22	8	3	1827074475	128
0	0	22	8	4	815368275	256
0	0	22	9	0	1056728025	512
0	0	22	9	1	5940369495	512
0	0	22	9	2	429078465	512
0	0	22	9	3	-199749645	256
0	0	22	10	0	-40382955	1024
0	0	22	10	1	-77255775	256
0	0	22	10	2	90508995	1024
0	0	22	11	0	5609655	1024
0	0	22	11	1	-8955765	2048
0	0	22	12	0	688905	4096
0	0	23	0	2	-7317430	1
0	0	23	0	3	-187579830	1
0	0	23	0	4	-913903095	1
0	0	23	0	5	-346034230	1
0	0	23	0	6	-64128150	1
0	0	23	1	1	-1080	1
0	0	23	1	2	-126425520	1
0	0	23	1	3	-537157890	1
0	0	23	1	4	9242494776	1
0	0	23	1	5	2865527730	1
0	0	23	1	6	494040060	1
0	0	23	2	1	6655275	1
0	0	23	2	2	491593755	2
0	0	23	2	3	18016816005	2
0	0	23	2	4	-40486136337	2
0	0	23	2	5	-7727161455	1
0	0	23	2	6	-2471433525	2
0	0	23	3	1	105163275	1
0	0	23	3	2	1835041835	1
0	0	23	3	3	-35788059885	2
0	0	23	3	4	18773370855	1
0	0	23	3	5	11215526625	1
0	0	23	3	6	1324337850	1
0	0	23	4	0	-348975	1
0	0	23	4	1	1094369805	8
0	0	23	4	2	-59745498075	16
0	0	23	4	3	247316334075	16
0	0	23	4	4	-71902610145	4
0	0	23	4	5	-78231814875	8
0	0	23	4	6	-5696096175	16
0	0	23	5	0	-4532220	1
0	0	23	5	1	-1308919095	4
0	0	23	5	2	5754830355	2
0	0	23	5	3	-86137572015	8
0	0	23	5	4	87810272235	4
0	0	23	5	5	25381326915	8
0	0	23	5	6	-636909075	2
0	0	23	6	0	-45316845	4
0	0	23	6	1	4112366895	16
0	0	23	6	2	-97851388635	64
0	0	23	6	3	258842106765	32
0	0	23	6	4	-48953257605	4
0	0	23	6	5	11060522865	8
0	0	23	6	6	-234916605	32
0	0	23	7	0	41579325	8
0	0	23	7	1	-512655885	4
0	0	23	7	2	865764045	1
0	0	23	7	3	-28284707925	8
0	0	23	7	4	-12351277143	8
0	0	23	7	5	126660105	4
0	0	23	8	0	-271850175	256
0	0	23	8	1	14190367725	256
0	0	23	8	2	-87530304645	256
0	0	23	8	3	-18099863505	128
0	0	23	8	4	-7379123895	256
0	0	23	9	0	7218315	64
0	0	23	9	1	-4538971485	256
0	0	23	9	2	-361995885	128
0	0	23	9	3	689834475	128
0	0	23	10	0	-82886085	1024
0	0	23	10	1	179053335	512
0	0	23	10	2	-537094395	1024
0	0	23	11	0	-2227095	512
0	0	23	11	1	13089195	512
0	0	23	12	0	-2985255	4096
0	0	24	0	2	-758300	1
0	0	24	0	3	-3449715	1
0	0	24	0	4	-336085653	1
0	0	24	0	5	-134057585	1
0	0	24	0	6	-37449810	1
0	0	24	1	2	-32222670	1
0	0	24	1	3	-772910370	1
0	0	24	1	4	-1114101657	2
0	0	24	1	5	110837505	1
0	0	24	1	6	128506635	1
0	0	24	2	1	-2970	1
0	0	24	2	2	-160588845	1
0	0	24	2	3	6461430525	4
0	0	24	2	4	11741833350	1
0	0	24	2	5	3040775595	2
0	0	24	2	6	-161876880	1
0	0	24	3	1	20879925	2
0	0	24	3	2	2535865735	4
0	0	24	3	3	8421145185	2
0	0	24	3	4	-114611852295	4
0	0	24	3	5	-6788378475	2
0	0	24	3	6	1226572875	4
0	0	24	4	1	661851675	8
0	0	24	4	2	313280955	1
0	0	24	4	3	-48456846675	4
0	0	24	4	4	131461550505	4
0	0	24	4	5	7627010625	4
0	0	24	4	6	-610847325	1
0	0	24	5	0	-279180	1
0	0	24	5	1	-110839455	8
0	0	24	5	2	-13190167575	8
0	0	24	5	3	198916452675	16
0	0	24	5	4	-174169497915	8
0	0	24	5	5	24992908425	16
0	0	24	5	6	880847055	2
0	0	24	6	0	-4029795	2
0	0	24	6	1	-1445028795	16
0	0	24	6	2	26367795405	16
0	0	24	6	3	-113512954905	16
0	0	24	6	4	42158119815	8
0	0	24	6	5	-30373897995	16
0	0	24	6	6	532982835	16
0	0	24	7	0	-19094535	8
0	0	24	7	1	97384275	1
0	0	24	7	2	-111823408305	128
0	0	24	7	3	54073010025	32
0	0	24	7	4	38902972005	16
0	0	24	7	5	-2158011315	16
0	0	24	7	6	7577955	64
0	0	24	8	0	127341315	64
0	0	24	8	1	-12634224885	256
0	0	24	8	2	58146620715	256
0	0	24	8	3	102471422085	256
0	0	24	8	4	29785463775	256
0	0	24	8	5	-131384025	256
0	0	24	9	0	-6193125	8
0	0	24	9	1	6101237925	512
0	0	24	9	2	4815138555	512
0	0	24	9	3	-1849527675	128
0	0	24	9	4	242155575	512
0	0	24	10	0	84214485	512
0	0	24	10	1	227167335	1024
0	0	24	10	2	79384455	64
0	0	24	10	3	-139738365	1024
0	0	24	11	0	-15079365	2048
0	0	24	11	1	-66430125	1024
0	0	24	11	2	32837805	2048
0	0	24	12	0	3466395	2048
0	0	24	12	1	-2985255	4096
0	0	25	0	2	-35760	1
0	0	25	0	3	11923035	1
0	0	25	0	4	63967929	1
0	0	25	0	5	60713505	1
0	0	25	0	6	20691990	1
0	0	25	1	2	-3943020	1
0	0	25	1	3	-110150910	1
0	0	25	1	4	-1614151413	1
0	0	25	1	5	-753099240	1
0	0	25	1	6	-202129830	1
0	0	25	2	2	-61224240	1
0	0	25	2	3	-4255924995	4
0	0	25	2	4	4353879078	1
0	0	25	2	5	4705811265	2
0	0	25	2	6	621104220	1
0	0	25	3	1	-4950	1
0	0	25	3	2	-69019275	1
0	0	25	3	3	7440717885	2
0	0	25	3	4	-1409537130	1
0	0	25	3	5	-3705872175	1
0	0	25	3	6	-958901625	1
0	0	25	4	1	11011275	1
0	0	25	4	2	2343695895	4
0	0	25	4	3	-48581895015	16
0	0	25	4	4	-7793591985	2
0	0	25	4	5	17075620125	4
0	0	25	4	6	835646625	1
0	0	25	5	1	40942530	1
0	0	25	5	2	-490642065	1
0	0	25	5	3	400719285	1
0	0	25	5	4	9069345225	4
0	0	25	5	5	-14459052825	4
0	0	25	5	6	-568587195	2
0	0	25	6	0	-162855	1
0	0	25	6	1	-667289385	16
0	0	25	6	2	180335925	16
0	0	25	6	3	-31282335	4
0	0	25	6	4	40511909025	16
0	0	25	6	5	5301379125	4
0	0	25	6	6	-1371609855	16
0	0	25	7	0	-594000	1
0	0	25	7	1	81136485	8
0	0	25	7	2	118844685	1
0	0	25	7	3	6149186685	8
0	0	25	7	4	-19367191125	8
0	0	25	7	5	2616975135	8
0	0	25	7	6	-2525985	2
0	0	25	8	0	-8598825	32
0	0	25	8	1	708513885	256
0	0	25	8	2	-4639387185	256
0	0	25	8	3	-152071196985	256
0	0	25	8	4	-70212377475	256
0	0	25	8	5	1297273725	256
0	0	25	9	0	21479805	64
0	0	25	9	1	-22451175	128
0	0	25	9	2	-4964697765	256
0	0	25	9	3	1889834085	128
0	0	25	9	4	-1088852625	256
0	0	25	10	0	-60200415	512
0	0	25	10	1	-1115502435	1024
0	0	25	10	2	-344218005	256
0	0	25	10	3	1058183595	1024
0	0	25	11	0	4047975	256
0	0	25	11	1	44538255	512
0	0	25	11	2	-53840295	512
0	0	25	12	0	-5128515	2048
0	0	25	12	1	16916445	4096
0	0	26	0	3	2957685	1
0	0	26	0	4	49088445	1
0	0	26	0	5	32967300	1
0	0	26	0	6	10300950	1
0	0	26	1	2	-214560	1
0	0	26	1	3	69951105	2
0	0	26	1	4	-256660335	2
0	0	26	1	5	-62579790	1
0	0	26	1	6	-22974435	1
0	0	26	2	2	-9174660	1
0	0	26	2	3	-719119305	2
0	0	26	2	4	-7719313671	4
0	0	26	2	5	-557636325	1
0	0	26	2	6	-151670475	2
0	0	26	3	2	-128577625	2
0	0	26	3	3	-2836632855	8
0	0	26	3	4	6712159665	1
0	0	26	3	5	7695416425	4
0	0	26	3	6	485859825	2
0	0	26	4	1	-22275	4
0	0	26	4	2	350605125	8
0	0	26	4	3	21551906385	8
0	0	26	4	4	-17740011825	2
0	0	26	4	5	-20306761425	8
0	0	26	4	6	-1407668625	8
0	0	26	5	1	32888295	4
0	0	26	5	2	2007468945	8
0	0	26	5	3	-58441292505	16
0	0	26	5	4	59096191491	8
0	0	26	5	5	24348581775	16
0	0	26	5	6	-337533075	4
0	0	26	6	1	44144415	4
0	0	26	6	2	-5592307035	16
0	0	26	6	3	44196211395	16
0	0	26	6	4	-73473843555	16
0	0	26	6	5	67926600	1
0	0	26	6	6	1061755695	8
0	0	26	7	0	-69795	1
0	0	26	7	1	-612853155	32
0	0	26	7	2	1691250705	8
0	0	26	7	3	-11996593695	8
0	0	26	7	4	10321591455	8
0	0	26	7	5	-15406850025	32
0	0	26	7	6	95626575	16
0	0	26	8	0	-3244725	32
0	0	26	8	1	1535704515	128
0	0	26	8	2	-22046297445	256
0	0	26	8	3	119076307065	256
0	0	26	8	4	105634492335	256
0	0	26	8	5	-177639075	8
0	0	26	8	6	1804275	128
0	0	26	9	0	-1220325	64
0	0	26	9	1	-1204071165	256
0	0	26	9	2	11816494245	512
0	0	26	9	3	6092423505	512
0	0	26	9	4	8730293805	512
0	0	26	9	5	-7089525	128
0	0	26	10	0	309555	8
0	0	26	10	1	634249035	512
0	0	26	10	2	314601165	1024
0	0	26	10	3	-856770615	256
0	0	26	10	4	46505097	1024
0	0	26	11	0	-3266325	256
0	0	26	11	1	-98562015	2048
0	0	26	11	2	303931035	1024
0	0	26	11	3	-23455575	2048
0	0	26	12	0	9781155	4096
0	0	26	12	1	-21815325	2048
0	0	26	12	2	3648645	4096
0	0	27	0	3	287850	1
0	0	27	0	4	4647687	1
0	0	27	0	5	-4115190	1
0	0	27	0	6	-3911490	1
0	0	27	1	3	13357575	1
0	0	27	1	4	167781168	1
0	0	27	1	5	139865040	1
0	0	27	1	6	54909360	1
0	0	27	2	2	-590040	1
0	0	27	2	3	51150105	2
0	0	27	2	4	-3234462309	4
0	0	27	2	5	-556062435	1
0	0	27	2	6	-385852005	2
0	0	27	3	2	-12510025	1
0	0	27	3	3	-497831700	1
0	0	27	3	4	141416040	1
0	0	27	3	5	850905800	1
0	0	27	3	6	323158275	1
0	0	27	4	2	-309892275	8
0	0	27	4	3	8701004205	16
0	0	27	4	4	2334078315	1
0	0	27	4	5	-6842048175	8
0	0	27	4	6	-2884946625	8
0	0	27	5	1	-4455	1
0	0	27	5	2	70918335	1
0	0	27	5	3	3065019075	8
0	0	27	5	4	-12944128347	4
0	0	27	5	5	7677900225	8
0	0	27	5	6	292493025	1
0	0	27	6	1	35630595	8
0	0	27	6	2	436291275	16
0	0	27	6	3	-3540302325	4
0	0	27	6	4	27255775995	16
0	0	27	6	5	-14979530475	16
0	0	27	6	6	-911693475	8
0	0	27	7	1	229365	8
0	0	27	7	2	-167885505	2
0	0	27	7	3	8859845205	16
0	0	27	7	4	62623530	1
0	0	27	7	5	1611800775	4
0	0	27	7	6	-16318665	1
0	0	27	8	0	-348975	16
0	0	27	8	1	-105778845	32
0	0	27	8	2	13660976835	256
0	0	27	8	3	-92637675	1
0	0	27	8	4	-102344918715	256
0	0	27	8	5	7198091325	128
0	0	27	8	6	-19847025	128
0	0	27	9	0	-30525	8
0	0	27	9	1	280426635	128
0	0	27	9	2	-940844385	64
0	0	27	9	3	-13794211845	256
0	0	27	9	4	-2556059085	64
0	0	27	9	5	2241675	4
0	0	27	10	0	-841185	128
0	0	27	10	1	-268481115	512
0	0	27	10	2	801757035	1024
0	0	27	10	3	373613715	64
0	0	27	10	4	-424965933	1024
0	0	27	11	0	1486485	256
0	0	27	11	1	-4602015	128
0	0	27	11	2	-236825775	512
0	0	27	11	3	46800585	512
0	0	27	12	0	-6040845	4096
0	0	27	12	1	8513505	512
0	0	27	12	2	-25540515	4096
0	0	28	0	3	9465	1
0	0	28	0	4	-2386605	1
0	0	28	0	5	-5085225	1
0	0	28	0	6	-2338875	1
0	0	28	1	3	3117375	2
0	0	28	1	4	83362923	2
0	0	28	1	5	26217765	1
0	0	28	1	6	11614185	2
0	0	28	2	3	104152455	4
0	0	28	2	4	148657347	1
0	0	28	2	5	392066415	4
0	0	28	2	6	40057875	1
0	0	28	3	2	-983400	1
0	0	28	3	3	-127762575	4
0	0	28	3	4	-8601484305	8
0	0	28	3	5	-561021750	1
0	0	28	3	6	-648388125	4
0	0	28	4	2	-43780275	4
0	0	28	4	3	-5403278475	16
0	0	28	4	4	6508618245	4
0	0	28	4	5	1015753050	1
0	0	28	4	6	236159550	1
0	0	28	5	2	-44896995	4
0	0	28	5	3	10428243885	16
0	0	28	5	4	-9371966355	8
0	0	28	5	5	-16644428415	16
0	0	28	5	6	-1292551425	8
0	0	28	6	1	-10395	4
0	0	28	6	2	306712665	8
0	0	28	6	3	-1966889295	4
0	0	28	6	4	12694013829	16
0	0	28	6	5	2512400625	4
0	0	28	6	6	23232825	1
0	0	28	7	1	28192725	16
0	0	28	7	2	-578964465	32
0	0	28	7	3	2140223985	8
0	0	28	7	4	-4962678435	8
0	0	28	7	5	-1644925725	16
0	0	28	7	6	443784825	16
0	0	28	8	1	-154705275	128
0	0	28	8	2	-272466135	128
0	0	28	8	3	-40998695265	256
0	0	28	8	4	57388527945	256
0	0	28	8	5	-22795738875	256
0	0	28	8	6	195463125	256
0	0	28	9	0	-38775	8
0	0	28	9	1	81188805	256
0	0	28	9	2	778579725	256
0	0	28	9	3	35461999575	512
0	0	28	9	4	30674933685	512
0	0	28	9	5	-649739475	256
0	0	28	9	6	601425	512
0	0	28	10	0	143055	64
0	0	28	10	1	-69559155	512
0	0	28	10	2	-386497755	512
0	0	28	10	3	-5424299865	1024
0	0	28	10	4	217512135	128
0	0	28	10	5	-3998565	1024
0	0	28	11	0	-467595	256
0	0	28	11	1	5899635	64
0	0	28	11	2	846840555	2048
0	0	28	11	3	-330281955	1024
0	0	28	11	4	5108103	2048
0	0	28	12	0	614295	1024
0	0	28	12	1	-71589825	4096
0	0	28	12	2	39937455	2048
0	0	28	12	3	-1563705	4096
0	0	29	0	4	-800877	1
0	0	29	0	5	-619365	1
0	0	29	0	6	292545	1
0	0	29	1	3	56790	1
0	0	29	1	4	-4367619	1
0	0	29	1	5	-15303060	1
0	0	29	1	6	-10197495	1
0	0	29	2	3	15293025	4
0	0	29	2	4	203158755	2
0	0	29	2	5	403689195	4
0	0	29	2	6	43422885	1
0	0	29	3	3	27860250	1
0	0	29	3	4	-171909795	2
0	0	29	3	5	-161192550	1
0	0	29	3	6	-67354650	1
0	0	29	4	2	-1106325	1
0	0	29	4	3	-157900725	2
0	0	29	4	4	-931855725	2
0	0	29	4	5	244792125	4
0	0	29	4	6	56333475	1
0	0	29	5	2	-12506175	2
0	0	29	5	3	-308988135	4
0	0	29	5	4	3726606717	4
0	0	29	5	5	45621045	2
0	0	29	5	6	-210030975	4
0	0	29	6	2	3348345	4
0	0	29	6	3	4247241705	16
0	0	29	6	4	-786513609	1
0	0	29	6	5	929751375	16
0	0	29	6	6	56652750	1
0	0	29	7	1	-4455	4
0	0	29	7	2	79491915	8
0	0	29	7	3	-2025324675	8
0	0	29	7	4	2922936165	8
0	0	29	7	5	-595933875	4
0	0	29	7	6	-57402675	2
0	0	29	8	1	32306175	64
0	0	29	8	2	-930976515	128
0	0	29	8	3	8863904385	64
0	0	29	8	4	-6590946915	256
0	0	29	8	5	22225867425	256
0	0	29	8	6	-563401575	256
0	0	29	9	1	-15464775	32
0	0	29	9	2	112680335	64
0	0	29	9	3	-5300525325	128
0	0	29	9	4	-15013211985	256
0	0	29	9	5	431132625	64
0	0	29	9	6	-3408075	256
0	0	29	10	0	-23265	32
0	0	29	10	1	122677155	512
0	0	29	10	2	45925155	512
0	0	29	10	3	813901905	1024
0	0	29	10	4	-2098310751	512
0	0	29	10	5	41563935	1024
0	0	29	11	0	7335	16
0	0	29	11	1	-2611575	32
0	0	29	11	2	-44431425	256
0	0	29	11	3	335839365	512
0	0	29	11	4	-11978037	512
0	0	29	12	0	-42105	256
0	0	29	12	1	52669665	4096
0	0	29	12	2	-73677465	2048
0	0	29	12	3	13030875	4096
0	0	30	0	4	-100389	1
0	0	30	0	5	295545	1
0	0	30	0	6	351945	1
0	0	30	1	4	-6480279	2
0	0	30	1	5	-10830195	2
0	0	30	1	6	-3613005	2
0	0	30	2	3	312345	2
0	0	30	2	4	17761293	4
0	0	30	2	5	-4883490	1
0	0	30	2	6	-32329935	4
0	0	30	3	3	44801625	8
0	0	30	3	4	428777715	4
0	0	30	3	5	810442725	8
0	0	30	3	6	47668500	1
0	0	30	4	3	16438950	1
0	0	30	4	4	-3748020525	16
0	0	30	4	5	-1916310825	8
0	0	30	4	6	-710238375	8
0	0	30	5	2	-885060	1
0	0	30	5	3	-1135768365	16
0	0	30	5	4	907322283	8
0	0	30	5	5	4734866745	16
0	0	30	5	6	724048875	8
0	0	30	6	2	-2187570	1
0	0	30	6	3	720940815	16
0	0	30	6	4	97967457	4
0	0	30	6	5	-260303610	1
0	0	30	6	6	-898283925	16
0	0	30	7	2	27954135	16
0	0	30	7	3	433097685	32
0	0	30	7	4	158765697	16
0	0	30	7	5	161221275	1
0	0	30	7	6	113446575	8
0	0	30	8	1	-22275	64
0	0	30	8	2	132518025	128
0	0	30	8	3	-1355470065	64
0	0	30	8	4	-8328795165	128
0	0	30	8	5	-10833945075	256
0	0	30	8	6	1037458125	256
0	0	30	9	1	13053975	128
0	0	30	9	2	-267807335	256
0	0	30	9	3	196447695	64
0	0	30	9	4	17947639755	512
0	0	30	9	5	-5870672775	512
0	0	30	9	6	34860375	512
0	0	30	10	1	-385245	4
0	0	30	10	2	126549285	512
0	0	30	10	3	988463655	256
0	0	30	10	4	6573035871	1024
0	0	30	10	5	-48741345	256
0	0	30	10	6	66825	1024
0	0	30	11	0	-2115	32
0	0	30	11	1	40190805	1024
0	0	30	11	2	-10180755	256
0	0	30	11	3	-1704167505	2048
0	0	30	11	4	101474613	1024
0	0	30	11	5	-331695	2048
0	0	30	12	0	15225	512
0	0	30	12	1	-6740505	1024
0	0	30	12	2	178430175	4096
0	0	30	12	3	-24473475	2048
0	0	30	12	4	243243	4096
0	0	31	0	4	-4833	1
0	0	31	0	5	113175	1
0	0	31	0	6	37125	1
0	0	31	1	4	-515340	1
0	0	31	1	5	356715	1
0	0	31	1	6	1131570	1
0	0	31	2	4	-21295989	4
0	0	31	2	5	-24429375	2
0	0	31	2	6	-29648025	4
0	0	31	3	3	520575	2
0	0	31	3	4	40426485	2
0	0	31	3	5	54379575	2
0	0	31	3	6	10825650	1
0	0	31	4	3	86909625	16
0	0	31	4	4	694209015	16
0	0	31	4	5	46097775	8
0	0	31	4	6	16639425	8
0	0	31	5	3	26303805	8
0	0	31	5	4	-600126219	4
0	0	31	5	5	-532829475	8
0	0	31	5	6	-14790600	1
0	0	31	6	2	-516285	1
0	0	31	6	3	-272203155	8
0	0	31	6	4	619636185	4
0	0	31	6	5	1285735815	16
0	0	31	6	6	135498825	16
0	0	31	7	2	-2494305	8
0	0	31	7	3	157952565	4
0	0	31	7	4	-805103253	8
0	0	31	7	5	-304746075	8
0	0	31	7	6	4009500	1
0	0	31	8	2	54363375	128
0	0	31	8	3	-3103045065	128
0	0	31	8	4	3197895525	64
0	0	31	8	5	-1842958125	256
0	0	31	8	6	-1232542575	256
0	0	31	9	1	-2475	32
0	0	31	9	2	904125	8
0	0	31	9	3	97115505	8
0	0	31	9	4	-519526815	64
0	0	31	9	5	3254508675	256
0	0	31	9	6	-26410725	128
0	0	31	10	1	3524895	256
0	0	31	10	2	-102408225	512
0	0	31	10	3	-2419279875	512
0	0	31	10	4	-6908655807	1024
0	0	31	10	5	271374975	512
0	0	31	10	6	-779625	1024
0	0	31	11	1	-2600685	256
0	0	31	11	2	26394405	256
0	0	31	11	3	41379435	64
0	0	31	11	4	-128059245	512
0	0	31	11	5	886545	512
0	0	31	12	0	-705	256
0	0	31	12	1	4575405	2048
0	0	31	12	2	-149514465	4096
0	0	31	12	3	27354015	1024
0	0	31	12	4	-2351349	4096
0	0	32	0	5	15415	1
0	0	32	0	6	-21285	1
0	0	32	1	4	-28998	1
0	0	32	1	5	876195	2
0	0	32	1	6	717255	2
0	0	32	2	4	-2355903	2
0	0	32	2	5	-4911885	4
0	0	32	2	6	583605	1
0	0	32	3	4	-32737485	8
0	0	32	3	5	-42299925	4
0	0	32	3	6	-66951225	8
0	0	32	4	3	4685175	16
0	0	32	4	4	24759405	1
0	0	32	4	5	596562975	16
0	0	32	4	6	19045125	1
0	0	32	5	3	58412475	16
0	0	32	5	4	-194509323	16
0	0	32	5	5	-786554685	16
0	0	32	5	6	-85282065	4
0	0	32	6	3	-84286125	32
0	0	32	6	4	-101517507	4
0	0	32	6	5	674121735	16
0	0	32	6	6	133897995	8
0	0	32	7	2	-221265	1
0	0	32	7	3	-125193735	16
0	0	32	7	4	116901009	4
0	0	32	7	5	-272989845	8
0	0	32	7	6	-332988975	32
0	0	32	8	2	6279075	64
0	0	32	8	3	2952539775	256
0	0	32	8	4	-2257972875	256
0	0	32	8	5	3104921475	128
0	0	32	8	6	863980425	256
0	0	32	9	2	-7159075	128
0	0	32	9	3	-1865374035	256
0	0	32	9	4	-2804131875	512
0	0	32	9	5	-4379347225	512
0	0	32	9	6	208729125	512
0	0	32	10	1	-1485	128
0	0	32	10	2	26525115	256
0	0	32	10	3	2547778635	1024
0	0	32	10	4	2386581633	512
0	0	32	10	5	-989514135	1024
0	0	32	10	6	129195	32
0	0	32	11	1	569745	512
0	0	32	11	2	-73658805	1024
0	0	32	11	3	-61547805	256
0	0	32	11	4	855207369	2048
0	0	32	11	5	-8619615	1024
0	0	32	11	6	4455	2048
0	0	32	12	1	-921615	2048
0	0	32	12	2	22331935	1024
0	0	32	12	3	-161734035	4096
0	0	32	12	4	5175297	2048
0	0	32	12	5	-12285	4096
0	0	33	0	5	785	1
0	0	33	0	6	-7425	1
0	0	33	1	5	78360	1
0	0	33	1	6	-34155	1
0	0	33	2	4	-159489	2
0	0	33	2	5	2634885	4
0	0	33	2	6	868725	1
0	0	33	3	4	-1564530	1
0	0	33	3	5	-7000125	2
0	0	33	3	6	-3318975	2
0	0	33	4	4	-2282445	4
0	0	33	4	5	-11676825	16
0	0	33	4	6	-1937925	1
0	0	33	5	3	937035	4
0	0	33	5	4	117895635	8
0	0	33	5	5	64901655	4
0	0	33	5	6	15837525	2
0	0	33	6	3	55180125	32
0	0	33	6	4	-308449071	16
0	0	33	6	5	-108397485	4
0	0	33	6	6	-72318015	8
0	0	33	7	3	-41035005	16
0	0	33	7	4	95235399	8
0	0	33	7	5	194232195	8
0	0	33	7	6	10046025	2
0	0	33	8	2	-1106325	16
0	0	33	8	3	79998975	256
0	0	33	8	4	-2056170285	256
0	0	33	8	5	-1654171875	128
0	0	33	8	6	-188914275	256
0	0	33	9	2	4176425	64
0	0	33	9	3	104704725	128
0	0	33	9	4	1498362285	256
0	0	33	9	5	141720425	64
0	0	33	9	6	-138379725	256
0	0	33	10	2	-3164205	64
0	0	33	10	3	-350202825	1024
0	0	33	10	4	-937032075	512
0	0	33	10	5	1223243115	1024
0	0	33	10	6	-1640925	128
0	0	33	11	1	-135	128
0	0	33	11	2	8082045	256
0	0	33	11	3	-32698035	512
0	0	33	11	4	-123674787	256
0	0	33	11	5	12573405	512
0	0	33	11	6	-13365	512
0	0	33	12	1	20775	512
0	0	33	12	2	-4851515	512
0	0	33	12	3	165867375	4096
0	0	33	12	4	-13735989	2048
0	0	33	12	5	135135	4096
0	0	34	0	6	-945	1
0	0	34	1	5	4710	1
0	0	34	1	6	-59535	2
0	0	34	2	5	353265	2
0	0	34	2	6	239085	4
0	0	34	3	4	-265815	2
0	0	34	3	5	3056625	8
0	0	34	3	6	3437775	4
0	0	34	4	4	-20984535	16
0	0	34	4	5	-14887125	4
0	0	34	4	6	-43369425	16
0	0	34	5	4	27095013	16
0	0	34	5	5	86278635	16
0	0	34	5	6	11400345	4
0	0	34	6	3	2186415	16
0	0	34	6	4	115917417	32
0	0	34	6	5	-8555085	4
0	0	34	6	6	-11507265	8
0	0	34	7	3	36182025	64
0	0	34	7	4	-53147205	8
0	0	34	7	5	-19615635	32
0	0	34	7	6	882090	1
0	0	34	8	3	-278845875	256
0	0	34	8	4	1231211475	256
0	0	34	8	5	-22632075	128
0	0	34	8	6	-239879475	256
0	0	34	9	2	-122925	8
0	0	34	9	3	368523825	512
0	0	34	9	4	-1034805045	512
0	0	34	9	5	400789125	256
0	0	34	9	6	239552775	512
0	0	34	10	2	1043625	64
0	0	34	10	3	-166165245	512
0	0	34	10	4	35918199	1024
0	0	34	10	5	-506038035	512
0	0	34	10	6	27625455	1024
0	0	34	11	2	-5073285	512
0	0	34	11	3	275460435	2048
0	0	34	11	4	25117893	64
0	0	34	11	5	-97766805	2048
0	0	34	11	6	146745	1024
0	0	34	12	1	-45	1024
0	0	34	12	2	6211635	2048
0	0	34	12	3	-30028125	1024
0	0	34	12	4	49081065	4096
0	0	34	12	5	-340335	2048
0	0	34	12	6	135	4096
0	0	35	0	6	-45	1
0	0	35	1	6	-4860	1
0	0	35	2	5	25905	2
0	0	35	2	6	-191565	4
0	0	35	3	5	229625	1
0	0	35	3	6	433125	2
0	0	35	4	4	-2392335	16
0	0	35	4	5	-1254825	8
0	0	35	4	6	3675375	16
0	0	35	5	4	-1380753	2
0	0	35	5	5	-14789115	8
0	0	35	5	6	-1510245	1
0	0	35	6	4	51647211	32
0	0	35	6	5	64386315	16
0	0	35	6	6	17370045	8
0	0	35	7	3	937035	16
0	0	35	7	4	-1272051	2
0	0	35	7	5	-4176360	1
0	0	35	7	6	-1724085	1
0	0	35	8	3	7833375	64
0	0	35	8	4	-20649195	256
0	0	35	8	5	49522725	16
0	0	35	8	6	231548625	256
0	0	35	9	3	-69182025	256
0	0	35	9	4	-12917265	64
0	0	35	9	5	-223112175	128
0	0	35	9	6	-7214625	32
0	0	35	10	2	-73755	32
0	0	35	10	3	99962055	512
0	0	35	10	4	438166413	1024
0	0	35	10	5	253032255	512
0	0	35	10	6	-40135095	1024
0	0	35	11	2	531195	256
0	0	35	11	3	-5008185	64
0	0	35	11	4	-56009169	256
0	0	35	11	5	8292765	128
0	0	35	11	6	-243405	512
0	0	35	12	2	-1451105	2048
0	0	35	12	3	60964035	4096
0	0	35	12	4	-62436711	4096
0	0	35	12	5	32465	64
0	0	35	12	6	-1665	4096
0	0	36	1	6	-270	1
0	0	36	2	6	-22275	2
0	0	36	3	5	43175	2
0	0	36	3	6	-274725	8
0	0	36	4	5	2967525	16
0	0	36	4	6	512325	2
0	0	36	5	4	-478467	4
0	0	36	5	5	-6719625	16
0	0	36	5	6	-4209975	16
0	0	36	6	4	-3094245	16
0	0	36	6	5	-5381145	32
0	0	36	6	6	-280665	2
0	0	36	7	4	44218251	64
0	0	36	7	5	15981975	16
0	0	36	7	6	5947425	16
0	0	36	8	3	4685175	256
0	0	36	8	4	-165905685	256
0	0	36	8	5	-279990675	256
0	0	36	8	6	-55130625	256
0	0	36	9	3	7750875	512
0	0	36	9	4	227441715	512
0	0	36	9	5	9280425	16
0	0	36	9	6	1715175	512
0	0	36	10	3	-40345965	1024
0	0	36	10	4	-67322403	256
0	0	36	10	5	-77314275	1024
0	0	36	10	6	20173725	512
0	0	36	11	2	-6705	32
0	0	36	11	3	23862015	1024
0	0	36	11	4	152803305	2048
0	0	36	11	5	-15941745	256
0	0	36	11	6	2169585	2048
0	0	36	12	2	113815	1024
0	0	36	12	3	-20827185	4096
0	0	36	12	4	14595027	1024
0	0	36	12	5	-4286675	4096
0	0	36	12	6	4725	2048
0	0	37	2	6	-1485	2
0	0	37	3	6	-14850	1
0	0	37	4	5	388575	16
0	0	37	5	5	90090	1
0	0	37	5	6	1198395	8
0	0	37	6	4	-1116423	16
0	0	37	6	5	-10072755	32
0	0	37	6	6	-530145	2
0	0	37	7	4	6831	1
0	0	37	7	5	589545	2
0	0	37	7	6	414315	2
0	0	37	8	4	33678315	256
0	0	37	8	5	-33639975	256
0	0	37	8	6	-30806325	256
0	0	37	9	3	520575	128
0	0	37	9	4	-34729035	256
0	0	37	9	5	2428875	32
0	0	37	9	6	18376875	256
0	0	37	10	3	472725	1024
0	0	37	10	4	34144371	512
0	0	37	10	5	-83780955	1024
0	0	37	10	6	-13378365	512
0	0	37	11	3	-765675	256
0	0	37	11	4	-3101337	512
0	0	37	11	5	10670445	256
0	0	37	11	6	-426195	256
0	0	37	12	2	-2235	256
0	0	37	12	3	2135955	2048
0	0	37	12	4	-10214967	1024
0	0	37	12	5	6310395	4096
0	0	37	12	6	-16335	2048
0	0	38	3	6	-2475	2
0	0	38	4	6	-200475	16
0	0	38	5	5	77715	4
0	0	38	5	6	334125	16
0	0	38	6	5	296835	16
0	0	38	6	6	1112265	32
0	0	38	7	4	-478467	16
0	0	38	7	5	-7750215	64
0	0	38	7	6	-735075	8
0	0	38	8	4	7723485	256
0	0	38	8	5	40577625	256
0	0	38	8	6	21317175	256
0	0	38	9	4	-4198755	512
0	0	38	9	5	-61560075	512
0	0	38	9	6	-21643875	512
0	0	38	10	3	312345	512
0	0	38	10	4	5678145	1024
0	0	38	10	5	8212455	128
0	0	38	10	6	9555975	1024
0	0	38	11	3	-250875	2048
0	0	38	11	4	-9293391	1024
0	0	38	11	5	-36809865	2048
0	0	38	11	6	120285	64
0	0	38	12	3	-163185	2048
0	0	38	12	4	21597261	4096
0	0	38	12	5	-1704705	1024
0	0	38	12	6	76725	4096
0	0	39	4	6	-22275	16
0	0	39	5	6	-13365	2
0	0	39	6	5	181335	16
0	0	39	6	6	592515	32
0	0	39	7	5	-52965	8
0	0	39	7	6	-8910	1
0	0	39	8	4	-2392335	256
0	0	39	8	5	-5086125	256
0	0	39	8	6	-1403325	256
0	0	39	9	4	827805	64
0	0	39	9	5	7717875	256
0	0	39	9	6	645975	128
0	0	39	10	4	-9880497	1024
0	0	39	10	5	-9270495	512
0	0	39	10	6	637065	1024
0	0	39	11	3	28395	512
0	0	39	11	4	3001743	512
0	0	39	11	5	1771065	512
0	0	39	11	6	-387585	256
0	0	39	12	3	-48975	4096
0	0	39	12	4	-8618115	4096
0	0	39	12	5	684705	512
0	0	39	12	6	-129195	4096
0	0	40	5	6	-4455	4
0	0	40	6	6	-31185	16
0	0	40	7	5	77715	16
0	0	40	7	6	521235	64
0	0	40	8	5	-1695375	256
0	0	40	8	6	-2116125	256
0	0	40	9	4	-265815	128
0	0	40	9	5	1338975	512
0	0	40	9	6	2487375	512
0	0	40	10	4	1471833	512
0	0	40	10	5	-593505	1024
0	0	40	10	6	-637065	256
0	0	40	11	4	-3885849	2048
0	0	40	11	5	1113165	1024
0	0	40	11	6	1706265	2048
0	0	40	12	3	9465	4096
0	0	40	12	4	1279209	2048
0	0	40	12	5	-3273795	4096
0	0	40	12	6	40095	1024
0	0	41	6	6	-10395	16
0	0	41	8	5	388575	256
0	0	41	8	6	467775	256
0	0	41	9	5	-79475	32
0	0	41	9	6	-537075	256
0	0	41	10	4	-159489	512
0	0	41	10	5	1947825	1024
0	0	41	10	6	289575	256
0	0	41	11	4	44325	128
0	0	41	11	5	-530055	512
0	0	41	11	6	-138105	512
0	0	41	12	4	-270717	2048
0	0	41	12	5	1439925	4096
0	0	41	12	6	-37125	1024
0	0	42	7	6	-4455	16
0	0	42	8	6	66825	256
0	0	42	9	5	43175	128
0	0	42	9	6	37125	512
0	0	42	10	5	-268455	512
0	0	42	10	6	-135135	1024
0	0	42	11	4	-14499	512
0	0	42	11	5	720045	2048
0	0	42	11	6	13365	1024
0	0	42	12	4	73599	4096
0	0	42	12	5	-227055	2048
0	0	42	12	6	102465	4096
0	0	43	8	6	-22275	256
0	0	43	9	6	7425	64
0	0	43	10	5	25905	512
0	0	43	10	6	-66825	1024
0	0	43	11	5	-15735	256
0	0	43	11	6	16335	512
0	0	43	12	4	-4833	4096
0	0	43	12	5	12195	512
0	0	43	12	6	-51975	4096
0	0	44	9	6	-2475	128
0	0	44	10	6	13365	512
0	0	44	11	5	2355	512
0	0	44	11	6	-31185	2048
0	0	44	12	5	-12845	4096
0	0	44	12	6	9405	2048
0	0	45	10	6	-1485	512
0	0	45	11	6	405	128
0	0	45	12	5	785	4096
0	0	45	12	6	-2295	2048
0	0	46	11	6	-135	512
0	0	46	12	6	675	4096
0	0	47	12	6	-45	4096
0	1	3	0	1	860934420	1
0	1	4	0	0	382637520	1
0	1	4	0	1	-4017693960	1
0	1	5	0	0	-382637520	1
0	1	5	0	1	8035387920	1
0	1	5	0	2	2869781400	1
0	1	5	1	0	-191318760	1
0	1	5	1	1	1434890700	1
0	1	5	2	0	143489070	1
0	1	6	0	0	-170061120	1
0	1	6	0	1	-1658095920	1
0	1	6	0	2	-11096488080	1
0	1	6	1	0	1594323000	1
0	1	6	1	1	-6026540940	1
0	1	6	2	0	-573956280	1
0	1	7	0	0	1222314300	1
0	1	7	0	1	-10352470680	1
0	1	7	0	2	16102662300	1
0	1	7	0	3	1721868840	1
0	1	7	1	0	-1700611200	1
0	1	7	1	1	12531378780	1
0	1	7	1	2	4878628380	1
0	1	7	2	0	1004423490	1
0	1	7	2	1	1434890700	1
0	1	7	3	0	95659380	1
0	1	8	0	0	-222024240	1
0	1	8	0	1	4194840960	1
0	1	8	0	2	-3358707120	1
0	1	8	0	3	-7270112880	1
0	1	8	1	0	-141717600	1
0	1	8	1	1	-4134610980	1
0	1	8	1	2	-18972443700	1
0	1	8	2	0	956593800	1
0	1	8	2	1	-5643903420	1
0	1	8	3	0	-414523980	1
0	1	9	0	0	-1171925820	1
0	1	9	0	1	7812182700	1
0	1	9	0	2	-20279788560	1
0	1	9	0	3	9183300480	1
0	1	9	0	4	-159432300	1
0	1	9	1	0	2098601460	1
0	1	9	1	1	-15968030580	1
0	1	9	1	2	29718180720	1
0	1	9	1	3	3348078300	1
0	1	9	2	0	-2340111870	1
0	1	9	2	1	11558841750	1
0	1	9	2	2	4065523650	1
0	1	9	3	0	908764110	1
0	1	9	3	1	916735725	1
0	1	9	4	0	79716150	1
0	1	10	0	0	263752200	1
0	1	10	0	1	-2957173920	1
0	1	10	0	2	16443965520	1
0	1	10	0	3	1984046400	1
0	1	10	0	4	871563240	1
0	1	10	1	0	-991629540	1
0	1	10	1	1	9571842900	1
0	1	10	1	2	-13881238920	1
0	1	10	1	3	-15209841420	1
0	1	10	2	0	666072720	1
0	1	10	2	1	-5495099940	1
0	1	10	2	2	-16038889380	1
0	1	10	3	0	79716150	1
0	1	10	3	1	-3467652525	1
0	1	10	4	0	-260406090	1
0	1	11	0	0	986337000	1
0	1	11	0	1	-4408204680	1
0	1	11	0	2	14191836660	1
0	1	11	0	3	-13007904210	1
0	1	11	0	4	-1640381220	1
0	1	11	0	5	10628820	1
0	1	11	1	0	-1333457640	1
0	1	11	1	1	10953195840	1
0	1	11	1	2	-27231036840	1
0	1	11	1	3	22802361840	1
0	1	11	1	4	-265720500	1
0	1	11	2	0	1738402560	1
0	1	11	2	1	-12925826100	1
0	1	11	2	2	26375416830	1
0	1	11	2	3	3010613265	1
0	1	11	3	0	-1476225000	1
0	1	11	3	1	7162938945	1
0	1	11	3	2	2197508535	1
0	1	11	4	0	2140821495	4
0	1	11	4	1	1607609025	4
0	1	11	5	0	103630995	4
0	1	12	0	0	196246800	1
0	1	12	0	1	1306251360	1
0	1	12	0	2	-14346545040	1
0	1	12	0	3	5740743780	1
0	1	12	0	4	637729200	1
0	1	12	0	5	-63772920	1
0	1	12	1	0	1330395840	1
0	1	12	1	1	-7443848160	1
0	1	12	1	2	35007396480	1
0	1	12	1	3	-3585455280	1
0	1	12	1	4	1562436540	1
0	1	12	2	0	-1259187120	1
0	1	12	2	1	11235843720	1
0	1	12	2	2	-16674256620	1
0	1	12	2	3	-14731544520	1
0	1	12	3	0	924707340	1
0	1	12	3	1	-4934429685	1
0	1	12	3	2	-8978695695	1
0	1	12	4	0	-189252045	1
0	1	12	4	1	-2975183865	2
0	1	12	5	0	-381751785	4
0	1	13	0	0	-493562160	1
0	1	13	0	1	2228480100	1
0	1	13	0	2	-9128800440	1
0	1	13	0	3	7609644630	1
0	1	13	0	4	1745488440	1
0	1	13	0	5	131088780	1
0	1	13	1	0	1471180320	1
0	1	13	1	1	-5410506780	1
0	1	13	1	2	12820850100	1
0	1	13	1	3	-24470299260	1
0	1	13	1	4	-3294934200	1
0	1	13	1	5	21257640	1
0	1	13	2	0	-619391205	1
0	1	13	2	1	6941209950	1
0	1	13	2	2	-16594343640	1
0	1	13	2	3	25705210680	1
0	1	13	2	4	-257748885	1
0	1	13	3	0	804969090	1
0	1	13	3	1	-5801859495	1
0	1	13	3	2	15501543480	1
0	1	13	3	3	1622666520	1
0	1	13	4	0	-588620115	1
0	1	13	4	1	12242333925	4
0	1	13	4	2	837905310	1
0	1	13	5	0	431352945	2
0	1	13	5	1	512840565	4
0	1	13	6	0	48715425	8
0	1	14	0	0	-484768800	1
0	1	14	0	1	-141620400	1
0	1	14	0	2	6378341760	1
0	1	14	0	3	-6679797840	1
0	1	14	0	4	-1789315920	1
0	1	14	0	5	-55112400	1
0	1	14	1	0	-227438280	1
0	1	14	1	1	3946091580	1
0	1	14	1	2	-28361409660	1
0	1	14	1	3	19888884180	1
0	1	14	1	4	2002942080	1
0	1	14	1	5	-134631720	1
0	1	14	2	0	1376658180	1
0	1	14	2	1	-8025458940	1
0	1	14	2	2	31440443220	1
0	1	14	2	3	-12221174700	1
0	1	14	2	4	1569522420	1
0	1	14	3	0	-889212330	1
0	1	14	3	1	7895015325	1
0	1	14	3	2	-11595648960	1
0	1	14	3	3	-8567419410	1
0	1	14	4	0	588390480	1
0	1	14	4	1	-2698047225	1
0	1	14	4	2	-3637123155	1
0	1	14	5	0	-154708380	1
0	1	14	5	1	-1927654605	4
0	1	14	6	0	-91821195	4
0	1	15	0	0	-229120920	1
0	1	15	0	1	-948218400	1
0	1	15	0	2	4972640220	1
0	1	15	0	3	-2501199000	1
0	1	15	0	4	-826686000	1
0	1	15	0	5	-163368900	1
0	1	15	1	0	-985290480	1
0	1	15	1	1	2833102980	1
0	1	15	1	2	-7376503140	1
0	1	15	1	3	8338331160	1
0	1	15	1	4	2722552560	1
0	1	15	1	5	307054800	1
0	1	15	2	0	800677710	1
0	1	15	2	1	-2540069280	1
0	1	15	2	2	1873690380	1
0	1	15	2	3	-18161405685	1
0	1	15	2	4	-3494519820	1
0	1	15	2	5	19486170	1
0	1	15	3	0	-100933695	1
0	1	15	3	1	1769425155	1
0	1	15	3	2	-6055803000	1
0	1	15	3	3	17075592990	1
0	1	15	3	4	-186004350	1
0	1	15	4	0	354436155	2
0	1	15	4	1	-5604373395	4
0	1	15	4	2	6755402430	1
0	1	15	4	3	2444333355	4
0	1	15	5	0	-534557475	4
0	1	15	5	1	987594525	1
0	1	15	5	2	914964255	4
0	1	15	6	0	444146895	8
0	1	15	6	1	54620325	2
0	1	15	7	0	17419455	16
0	1	16	0	0	-65558160	1
0	1	16	0	1	-335791440	1
0	1	16	0	2	-1274693760	1
0	1	16	0	3	4042353600	1
0	1	16	0	4	1573240320	1
0	1	16	0	5	178721640	1
0	1	16	1	0	-675858600	1
0	1	16	1	1	-1215115020	1
0	1	16	1	2	13609006020	1
0	1	16	1	3	-16584866640	1
0	1	16	1	4	-4045250160	1
0	1	16	1	5	-212576400	1
0	1	16	2	0	-518391900	1
0	1	16	2	1	4022403300	1
0	1	16	2	2	-23511343500	1
0	1	16	2	3	24794675100	1
0	1	16	2	4	2532808440	1
0	1	16	2	5	-129907800	1
0	1	16	3	0	750778875	1
0	1	16	3	1	-4918573935	1
0	1	16	3	2	17536525110	1
0	1	16	3	3	-12673555650	1
0	1	16	3	4	1151455500	1
0	1	16	4	0	-412646805	1
0	1	16	4	1	6890241915	2
0	1	16	4	2	-5898010950	1
0	1	16	4	3	-6900958215	2
0	1	16	5	0	911158875	4
0	1	16	5	1	-2031974505	2
0	1	16	5	2	-4309691265	4
0	1	16	6	0	-115309575	2
0	1	16	6	1	-443162745	4
0	1	16	7	0	-69776235	16
0	1	17	0	0	-11383320	1
0	1	17	0	1	127711620	1
0	1	17	0	2	-1815064200	1
0	1	17	0	3	618836760	1
0	1	17	0	4	287955000	1
0	1	17	0	5	83937060	1
0	1	17	1	0	-245665800	1
0	1	17	1	1	-1480827420	1
0	1	17	1	2	4788635760	1
0	1	17	1	3	605244960	1
0	1	17	1	4	-657849600	1
0	1	17	1	5	-255879000	1
0	1	17	2	0	-762767550	1
0	1	17	2	1	1283376960	1
0	1	17	2	2	544849740	1
0	1	17	2	3	-774912420	1
0	1	17	2	4	2320625700	1
0	1	17	2	5	324769500	1
0	1	17	3	0	211478040	1
0	1	17	3	1	-121276440	1
0	1	17	3	2	-3359217420	1
0	1	17	3	3	-5842406475	1
0	1	17	3	4	-2649987900	1
0	1	17	3	5	10825650	1
0	1	17	4	0	50494185	1
0	1	17	4	1	-1171936755	4
0	1	17	4	2	-1020180825	1
0	1	17	4	3	30467807775	4
0	1	17	4	4	-98907075	1
0	1	17	5	0	-45602595	4
0	1	17	5	1	-389668725	4
0	1	17	5	2	8956125855	4
0	1	17	5	3	375059565	2
0	1	17	6	0	-96785685	8
0	1	17	6	1	1948387365	8
0	1	17	6	2	76862115	2
0	1	17	7	0	11284920	1
0	1	17	7	1	50683725	16
0	1	17	8	0	-2854035	64
0	1	18	0	0	-1022000	1
0	1	18	0	1	159792720	1
0	1	18	0	2	-110636640	1
0	1	18	0	3	-1721656080	1
0	1	18	0	4	-901504080	1
0	1	18	0	5	-168661440	1
0	1	18	1	0	-51574800	1
0	1	18	1	1	-204867180	1
0	1	18	1	2	-3961630080	1
0	1	18	1	3	8235189000	1
0	1	18	1	4	3259504800	1
0	1	18	1	5	442736280	1
0	1	18	2	0	-386848620	1
0	1	18	2	1	-1443667860	1
0	1	18	2	2	11453581440	1
0	1	18	2	3	-15391537380	1
0	1	18	2	4	-4431036960	1
0	1	18	2	5	-303118200	1
0	1	18	3	0	-353194560	1
0	1	18	3	1	2197587510	1
0	1	18	3	2	-11614826520	1
0	1	18	3	3	15905544345	1
0	1	18	3	4	2169722700	1
0	1	18	3	5	-75779550	1
0	1	18	4	0	282709845	1
0	1	18	4	1	-1841133240	1
0	1	18	4	2	7081972560	1
0	1	18	4	3	-7187848875	1
0	1	18	4	4	625919400	1
0	1	18	5	0	-548007525	4
0	1	18	5	1	4022210115	4
0	1	18	5	2	-9581585985	4
0	1	18	5	3	-2205972225	2
0	1	18	6	0	125100045	2
0	1	18	6	1	-585492705	2
0	1	18	6	2	-825012945	4
0	1	18	7	0	-31678695	2
0	1	18	7	1	-237803445	16
0	1	18	8	0	-3969405	32
0	1	19	0	0	-41680	3
0	1	19	0	1	71172420	1
0	1	19	0	2	383677980	1
0	1	19	0	3	-267219900	1
0	1	19	0	4	-147330360	1
0	1	19	0	5	-27847800	1
0	1	19	1	0	-5514400	1
0	1	19	1	1	309009480	1
0	1	19	1	2	-2128622400	1
0	1	19	1	3	-1400076360	1
0	1	19	1	4	-157784760	1
0	1	19	1	5	20295360	1
0	1	19	2	0	-102656160	1
0	1	19	2	1	-879908670	1
0	1	19	2	2	537617250	1
0	1	19	2	3	5592200310	1
0	1	19	2	4	91591560	1
0	1	19	2	5	-133516350	1
0	1	19	3	0	-321612570	1
0	1	19	3	1	82615950	1
0	1	19	3	2	3708995265	1
0	1	19	3	3	-5506075035	1
0	1	19	3	4	1304108100	1
0	1	19	3	5	205687350	1
0	1	19	4	0	15200865	1
0	1	19	4	1	1865553525	4
0	1	19	4	2	-6594569235	2
0	1	19	4	3	-1242671625	8
0	1	19	4	4	-3011991075	2
0	1	19	4	5	16238475	4
0	1	19	5	0	50191650	1
0	1	19	5	1	-794445975	2
0	1	19	5	2	1743815385	4
0	1	19	5	3	2576340675	1
0	1	19	5	4	-75287475	2
0	1	19	6	0	-208585125	8
0	1	19	6	1	637827615	8
0	1	19	6	2	4202812575	8
0	1	19	6	3	412194825	8
0	1	19	7	0	79537545	16
0	1	19	7	1	613245735	16
0	1	19	7	2	2394765	16
0	1	19	8	0	19453365	16
0	1	19	8	1	22143375	64
0	1	19	9	0	-2657205	64
0	1	20	0	0	30560	9
0	1	20	0	1	56810920	3
0	1	20	0	2	129314800	1
0	1	20	0	3	531112200	1
0	1	20	0	4	377094240	1
0	1	20	0	5	95763600	1
0	1	20	1	0	-114320	1
0	1	20	1	1	215962560	1
0	1	20	1	2	579748440	1
0	1	20	1	3	-3126042000	1
0	1	20	1	4	-1785660120	1
0	1	20	1	5	-344088000	1
0	1	20	2	0	-13410640	1
0	1	20	2	1	79752300	1
0	1	20	2	2	-3810548700	1
0	1	20	2	3	6002053020	1
0	1	20	2	4	3243583440	1
0	1	20	2	5	450347040	1
0	1	20	3	0	-116665440	1
0	1	20	3	1	-792066690	1
0	1	20	3	2	5267051325	1
0	1	20	3	3	-7008033735	1
0	1	20	3	4	-3295444500	1
0	1	20	3	5	-236961450	1
0	1	20	4	0	-137547450	1
0	1	20	4	1	1392374205	2
0	1	20	4	2	-3670026570	1
0	1	20	4	3	24576481755	4
0	1	20	4	4	1425924000	1
0	1	20	4	5	-59541075	2
0	1	20	5	0	79160895	1
0	1	20	5	1	-790584705	2
0	1	20	5	2	8213014845	4
0	1	20	5	3	-2731872825	1
0	1	20	5	4	491976585	2
0	1	20	6	0	-61380585	2
0	1	20	6	1	178018155	1
0	1	20	6	2	-756184410	1
0	1	20	6	3	-615039075	2
0	1	20	7	0	180985185	16
0	1	20	7	1	-885352275	16
0	1	20	7	2	-147699045	16
0	1	20	8	0	-24184575	8
0	1	20	8	1	-48606075	32
0	1	20	9	0	8234055	64
0	1	21	0	1	9688340	3
0	1	21	0	2	-75888800	3
0	1	21	0	3	158980180	1
0	1	21	0	4	101283840	1
0	1	21	0	5	12995640	1
0	1	21	1	0	61120	3
0	1	21	1	1	72384480	1
0	1	21	1	2	590852660	1
0	1	21	1	3	386685840	1
0	1	21	1	4	106200720	1
0	1	21	1	5	59000400	1
0	1	21	2	0	-399520	1
0	1	21	2	1	248112600	1
0	1	21	2	2	-624752160	1
0	1	21	2	3	-3096562500	1
0	1	21	2	4	-776824830	1
0	1	21	2	5	-131511600	1
0	1	21	3	0	-19335200	1
0	1	21	3	1	-236927700	1
0	1	21	3	2	-1503623520	1
0	1	21	3	3	5167899225	1
0	1	21	3	4	662539500	1
0	1	21	3	5	4811400	1
0	1	21	4	0	-163342935	2
0	1	21	4	1	-679539915	4
0	1	21	4	2	2757782700	1
0	1	21	4	3	-29717380035	8
0	1	21	4	4	715859775	2
0	1	21	4	5	348225075	4
0	1	21	5	0	-14113305	1
0	1	21	5	1	510211305	2
0	1	21	5	2	-7098801525	4
0	1	21	5	3	523480320	1
0	1	21	5	4	-627494040	1
0	1	21	5	5	1082565	1
0	1	21	6	0	94652145	4
0	1	21	6	1	-582141735	4
0	1	21	6	2	886844295	2
0	1	21	6	3	2932566525	4
0	1	21	6	4	-81520425	8
0	1	21	7	0	-11275200	1
0	1	21	7	1	68026635	2
0	1	21	7	2	492559785	8
0	1	21	7	3	48343635	4
0	1	21	8	0	86732775	32
0	1	21	8	1	25926885	8
0	1	21	8	2	-59737905	32
0	1	21	9	0	-6156405	64
0	1	21	9	1	2460375	16
0	1	21	10	0	-1607445	256
0	1	22	0	1	998480	3
0	1	22	0	2	-245806960	9
0	1	22	0	3	-285196240	3
0	1	22	0	4	-106075200	1
0	1	22	0	5	-36937440	1
0	1	22	1	1	14644040	1
0	1	22	1	2	118719820	3
0	1	22	1	3	945600200	1
0	1	22	1	4	734559840	1
0	1	22	1	5	171860400	1
0	1	22	2	0	168080	3
0	1	22	2	1	116088140	1
0	1	22	2	2	828677380	1
0	1	22	2	3	-1967413260	1
0	1	22	2	4	-1593567000	1
0	1	22	2	5	-271576800	1
0	1	22	3	0	-2423300	3
0	1	22	3	1	111403410	1
0	1	22	3	2	-1754326560	1
0	1	22	3	3	1866836025	1
0	1	22	3	4	2032411500	1
0	1	22	3	5	248589000	1
0	1	22	4	0	-18255075	1
0	1	22	4	1	-235241460	1
0	1	22	4	2	1250273475	1
0	1	22	4	3	-3369322575	2
0	1	22	4	4	-1722134925	1
0	1	22	4	5	-117879300	1
0	1	22	5	0	-34546230	1
0	1	22	5	1	210163815	2
0	1	22	5	2	-2115101565	4
0	1	22	5	3	1670949405	1
0	1	22	5	4	694864575	1
0	1	22	5	5	-8299665	1
0	1	22	6	0	27175365	2
0	1	22	6	1	-45946845	2
0	1	22	6	2	1273598235	4
0	1	22	6	3	-815433885	1
0	1	22	6	4	69196680	1
0	1	22	7	0	-2418255	1
0	1	22	7	1	7353180	1
0	1	22	7	2	-1273328505	8
0	1	22	7	3	-73104120	1
0	1	22	8	0	1782405	4
0	1	22	8	1	-8241345	2
0	1	22	8	2	61771815	8
0	1	22	9	0	-14904405	64
0	1	22	9	1	-8860995	16
0	1	22	10	0	1585575	64
0	1	23	0	1	47800	3
0	1	23	0	2	-70043720	9
0	1	23	0	3	-526962880	9
0	1	23	0	4	-151646000	3
0	1	23	0	5	-8436040	1
0	1	23	1	1	1748120	1
0	1	23	1	2	-81325360	1
0	1	23	1	3	48758280	1
0	1	23	1	4	30349200	1
0	1	23	1	5	-31295520	1
0	1	23	2	1	29028870	1
0	1	23	2	2	846287920	3
0	1	23	2	3	890328530	1
0	1	23	2	4	444101760	1
0	1	23	2	5	144609300	1
0	1	23	3	0	840400	9
0	1	23	3	1	294889550	3
0	1	23	3	2	284119190	1
0	1	23	3	3	-2177895915	1
0	1	23	3	4	-930555000	1
0	1	23	3	5	-155925000	1
0	1	23	4	0	-1068375	1
0	1	23	4	1	-62057745	4
0	1	23	4	2	-2247775965	2
0	1	23	4	3	18446935275	8
0	1	23	4	4	1454114025	2
0	1	23	4	5	41097375	1
0	1	23	5	0	-11723100	1
0	1	23	5	1	-76460670	1
0	1	23	5	2	1115451540	1
0	1	23	5	3	-1358988030	1
0	1	23	5	4	-122242365	2
0	1	23	5	5	25981560	1
0	1	23	6	0	-7101045	1
0	1	23	6	1	227303685	4
0	1	23	6	2	-4800774825	8
0	1	23	6	3	242043795	1
0	1	23	6	4	-753330375	4
0	1	23	6	5	841995	4
0	1	23	7	0	24202935	4
0	1	23	7	1	-20924730	1
0	1	23	7	2	2829792105	16
0	1	23	7	3	356280525	2
0	1	23	7	4	-3925665	2
0	1	23	8	0	-72019935	32
0	1	23	8	1	54792855	16
0	1	23	8	2	-458367255	64
0	1	23	8	3	17324685	8
0	1	23	9	0	7928685	16
0	1	23	9	1	39323475	64
0	1	23	9	2	-16034355	32
0	1	23	10	0	-2455515	64
0	1	23	10	1	2635335	64
0	1	23	11	0	-120285	128
0	1	24	0	2	-1046960	1
0	1	24	0	3	-4525840	3
0	1	24	0	4	39510400	3
0	1	24	0	5	9120400	1
0	1	24	1	1	95600	1
0	1	24	1	2	-98831800	3
0	1	24	1	3	-575642000	3
0	1	24	1	4	-215393200	1
0	1	24	1	5	-63443040	1
0	1	24	2	1	4123020	1
0	1	24	2	2	-226066940	3
0	1	24	2	3	587791060	1
0	1	24	2	4	596222400	1
0	1	24	2	5	109335600	1
0	1	24	3	1	97795750	3
0	1	24	3	2	424249420	1
0	1	24	3	3	-475086455	1
0	1	24	3	4	-799627500	1
0	1	24	3	5	-98901000	1
0	1	24	4	0	105050	1
0	1	24	4	1	86820075	2
0	1	24	4	2	-346187040	1
0	1	24	4	3	505125225	4
0	1	24	4	4	781321950	1
0	1	24	4	5	79521750	1
0	1	24	5	0	-982410	1
0	1	24	5	1	-35709840	1
0	1	24	5	2	-22619610	1
0	1	24	5	3	-208875915	1
0	1	24	5	4	-1190538405	2
0	1	24	5	5	-40095000	1
0	1	24	6	0	-5109300	1
0	1	24	6	1	-1094940	1
0	1	24	6	2	242185545	2
0	1	24	6	3	377227935	1
0	1	24	6	4	482735295	2
0	1	24	6	5	-1683990	1
0	1	24	7	0	558675	1
0	1	24	7	1	6947910	1
0	1	24	7	2	-465219045	16
0	1	24	7	3	-208534095	1
0	1	24	7	4	55560735	4
0	1	24	8	0	9610515	16
0	1	24	8	1	-16250625	8
0	1	24	8	2	-226438335	16
0	1	24	8	3	-53789265	4
0	1	24	9	0	-7234785	32
0	1	24	9	1	5348025	64
0	1	24	9	2	77749065	32
0	1	24	10	0	682425	64
0	1	24	10	1	-5167395	32
0	1	24	11	0	52245	16
0	1	25	0	2	-528680	9
0	1	25	0	3	8079800	1
0	1	25	0	4	41465020	3
0	1	25	0	5	3745800	1
0	1	25	1	2	-16111960	3
0	1	25	1	3	-57081180	1
0	1	25	1	4	-45160000	1
0	1	25	1	5	4275600	1
0	1	25	2	1	262900	1
0	1	25	2	2	-177406130	3
0	1	25	2	3	-342208900	3
0	1	25	2	4	-111723500	1
0	1	25	2	5	-65132760	1
0	1	25	3	1	17193550	3
0	1	25	3	2	149343700	9
0	1	25	3	3	1761621085	3
0	1	25	3	4	457275300	1
0	1	25	3	5	113305500	1
0	1	25	4	1	88964625	4
0	1	25	4	2	527614405	2
0	1	25	4	3	-6394679895	8
0	1	25	4	4	-1240006725	2
0	1	25	4	5	-84979125	1
0	1	25	5	0	84040	1
0	1	25	5	1	6053790	1
0	1	25	5	2	-738774195	2
0	1	25	5	3	650447100	1
0	1	25	5	4	420767865	1
0	1	25	5	5	24324300	1
0	1	25	6	0	-647570	1
0	1	25	6	1	-12717810	1
0	1	25	6	2	242933040	1
0	1	25	6	3	-1479664935	4
0	1	25	6	4	-732079215	8
0	1	25	6	5	5613300	1
0	1	25	7	0	-1427790	1
0	1	25	7	1	13414995	4
0	1	25	7	2	-110981205	1
0	1	25	7	3	668206665	8
0	1	25	7	4	-161447985	4
0	1	25	7	5	120285	4
0	1	25	8	0	22825935	32
0	1	25	8	1	36789795	64
0	1	25	8	2	1167527925	32
0	1	25	8	3	1094067405	32
0	1	25	8	4	-17113275	64
0	1	25	9	0	-5626125	32
0	1	25	9	1	-39581595	64
0	1	25	9	2	-270216405	64
0	1	25	9	3	17370855	64
0	1	25	10	0	4950045	128
0	1	25	10	1	7280685	32
0	1	25	10	2	-8348265	128
0	1	25	11	0	-171315	32
0	1	25	11	1	601425	128
0	1	25	12	0	-40095	512
0	1	26	0	2	-2800	9
0	1	26	0	3	29951120	9
0	1	26	0	4	5874040	3
0	1	26	0	5	-991680	1
0	1	26	1	2	-345280	1
0	1	26	1	3	12187460	1
0	1	26	1	4	36092000	1
0	1	26	1	5	16815600	1
0	1	26	2	2	-37007740	3
0	1	26	2	3	-131377100	1
0	1	26	2	4	-168564800	1
0	1	26	2	5	-36445200	1
0	1	26	3	1	1314500	3
0	1	26	3	2	-506651200	9
0	1	26	3	3	1359778675	9
0	1	26	3	4	730581500	3
0	1	26	3	5	22973500	1
0	1	26	4	1	5164500	1
0	1	26	4	2	88392975	1
0	1	26	4	3	23171040	1
0	1	26	4	4	-194004675	1
0	1	26	4	5	-8761500	1
0	1	26	5	1	8905905	1
0	1	26	5	2	61283635	2
0	1	26	5	3	-92175900	1
0	1	26	5	4	143883270	1
0	1	26	5	5	13097700	1
0	1	26	6	0	147070	3
0	1	26	6	1	-5154065	2
0	1	26	6	2	-108025995	1
0	1	26	6	3	9852255	2
0	1	26	6	4	-245385315	2
0	1	26	6	5	-9667350	1
0	1	26	7	0	-618915	2
0	1	26	7	1	-5173335	4
0	1	26	7	2	154345275	2
0	1	26	7	3	536693715	8
0	1	26	7	4	235284345	4
0	1	26	7	5	-1002375	4
0	1	26	8	0	-3225225	16
0	1	26	8	1	4114575	16
0	1	26	8	2	-404763885	16
0	1	26	8	3	-43608375	1
0	1	26	8	4	63149625	32
0	1	26	9	0	2490735	16
0	1	26	9	1	17399205	64
0	1	26	9	2	128929725	64
0	1	26	9	3	-111905955	64
0	1	26	10	0	-2678175	64
0	1	26	10	1	-5937705	64
0	1	26	10	2	11021265	32
0	1	26	11	0	33345	8
0	1	26	11	1	-2587545	128
0	1	26	12	0	66825	256
0	1	27	0	3	1953850	3
0	1	27	0	4	-3725900	3
0	1	27	0	5	-872220	1
0	1	27	1	2	-5600	3
0	1	27	1	3	33045160	3
0	1	27	1	4	16488140	1
0	1	27	1	5	1886400	1
0	1	27	2	2	-2789380	3
0	1	27	2	3	-12418375	1
0	1	27	2	4	2167000	1
0	1	27	2	5	16067700	1
0	1	27	3	2	-49873450	3
0	1	27	3	3	-291716675	3
0	1	27	3	4	-375361900	3
0	1	27	3	5	-43842700	1
0	1	27	4	1	985875	2
0	1	27	4	2	-26745950	1
0	1	27	4	3	1573340125	8
0	1	27	4	4	489680475	2
0	1	27	4	5	90820125	2
0	1	27	5	1	3105135	1
0	1	27	5	2	75259910	1
0	1	27	5	3	-183851625	1
0	1	27	5	4	-487988325	2
0	1	27	5	5	-27027000	1
0	1	27	6	1	6247885	4
0	1	27	6	2	-101481625	2
0	1	27	6	3	558847485	4
0	1	27	6	4	143330040	1
0	1	27	6	5	7952175	1
0	1	27	7	0	21010	1
0	1	27	7	1	-3548565	4
0	1	27	7	2	60833715	4
0	1	27	7	3	-688086315	8
0	1	27	7	4	-146652525	4
0	1	27	7	5	3541725	4
0	1	27	8	0	-1706925	16
0	1	27	8	1	-13123305	64
0	1	27	8	2	-315160245	64
0	1	27	8	3	3079265625	128
0	1	27	8	4	-391005225	64
0	1	27	8	5	200475	64
0	1	27	9	0	88075	8
0	1	27	9	1	6650115	32
0	1	27	9	2	24469875	8
0	1	27	9	3	37656225	8
0	1	27	9	4	-1613925	64
0	1	27	10	0	91515	16
0	1	27	10	1	-12178035	128
0	1	27	10	2	-46292445	64
0	1	27	10	3	5654205	256
0	1	27	11	0	2655	128
0	1	27	11	1	4489425	128
0	1	27	11	2	-280665	64
0	1	27	12	0	-13905	32
0	1	27	12	1	200475	1024
0	1	28	0	3	199900	3
0	1	28	0	4	-1922480	3
0	1	28	0	5	-103320	1
0	1	28	1	3	2841280	1
0	1	28	1	4	-688900	1
0	1	28	1	5	-2612160	1
0	1	28	2	2	-15400	3
0	1	28	2	3	40119860	3
0	1	28	2	4	30875440	1
0	1	28	2	5	10058400	1
0	1	28	3	2	-13651000	9
0	1	28	3	3	-40493925	1
0	1	28	3	4	-186241300	3
0	1	28	3	5	-5633100	1
0	1	28	4	2	-14410550	1
0	1	28	4	3	10865925	4
0	1	28	4	4	34882500	1
0	1	28	4	5	-6521625	1
0	1	28	5	1	394350	1
0	1	28	5	2	-514855	1
0	1	28	5	3	45647905	1
0	1	28	5	4	16879935	2
0	1	28	5	5	6672600	1
0	1	28	6	1	2425115	2
0	1	28	6	2	168698915	6
0	1	28	6	3	-87061975	2
0	1	28	6	4	-9780750	1
0	1	28	6	5	-103950	1
0	1	28	7	1	-891795	4
0	1	28	7	2	-112360685	4
0	1	28	7	3	128898165	8
0	1	28	7	4	-20273085	2
0	1	28	7	5	-6704775	4
0	1	28	8	0	52525	8
0	1	28	8	1	4498725	32
0	1	28	8	2	231834945	16
0	1	28	8	3	342156195	64
0	1	28	8	4	159272325	16
0	1	28	8	5	-868725	32
0	1	28	9	0	-1244375	48
0	1	28	9	1	-230415	1
0	1	28	9	2	-151270995	32
0	1	28	9	3	-26647425	4
0	1	28	9	4	12417975	64
0	1	28	10	0	163825	16
0	1	28	10	1	8055165	64
0	1	28	10	2	45013095	64
0	1	28	10	3	-2374245	16
0	1	28	11	0	-40635	16
0	1	28	11	1	-3803355	128
0	1	28	11	2	396495	16
0	1	28	12	0	450	1
0	1	28	12	1	-467775	512
0	1	29	0	3	25910	9
0	1	29	0	4	-399560	3
0	1	29	0	5	66300	1
0	1	29	1	3	347980	1
0	1	29	1	4	-2029720	1
0	1	29	1	5	-873720	1
0	1	29	2	3	5308380	1
0	1	29	2	4	5914795	1
0	1	29	2	5	-1623600	1
0	1	29	3	2	-77000	9
0	1	29	3	3	43102675	9
0	1	29	3	4	52789100	3
0	1	29	3	5	10804200	1
0	1	29	4	2	-3338775	2
0	1	29	4	3	-271232625	8
0	1	29	4	4	-117712875	2
0	1	29	4	5	-28534275	2
0	1	29	5	2	-8203085	1
0	1	29	5	3	38006250	1
0	1	29	5	4	72306510	1
0	1	29	5	5	9885150	1
0	1	29	6	1	460075	2
0	1	29	6	2	86546075	12
0	1	29	6	3	-335679155	12
0	1	29	6	4	-437737895	8
0	1	29	6	5	-5220600	1
0	1	29	7	1	1052205	4
0	1	29	7	2	3918915	2
0	1	29	7	3	22276215	1
0	1	29	7	4	58100805	2
0	1	29	7	5	6779025	4
0	1	29	8	1	-9012375	64
0	1	29	8	2	-68059415	16
0	1	29	8	3	-1902890895	128
0	1	29	8	4	-66230325	8
0	1	29	8	5	6482025	64
0	1	29	9	0	52525	36
0	1	29	9	1	248150	3
0	1	29	9	2	116532545	64
0	1	29	9	3	310095075	64
0	1	29	9	4	-20415825	32
0	1	29	9	5	7425	32
0	1	29	10	0	-16885	4
0	1	29	10	1	-1545525	32
0	1	29	10	2	-5360775	32
0	1	29	10	3	27213255	64
0	1	29	10	4	-401625	256
0	1	29	11	0	6925	4
0	1	29	11	1	304845	32
0	1	29	11	2	-1878615	32
0	1	29	11	3	66825	64
0	1	29	12	0	-148245	512
0	1	29	12	1	1878615	1024
0	1	29	12	2	-31185	256
0	1	30	0	4	-41360	3
0	1	30	0	5	30000	1
0	1	30	1	3	51820	3
0	1	30	1	4	-579040	1
0	1	30	1	5	84600	1
0	1	30	2	3	814440	1
0	1	30	2	4	-2173820	1
0	1	30	2	5	-1853280	1
0	1	30	3	3	16153775	3
0	1	30	3	4	34961900	3
0	1	30	3	5	1986600	1
0	1	30	4	2	-9625	1
0	1	30	4	3	-9339275	2
0	1	30	4	4	-7584675	1
0	1	30	4	5	2643300	1
0	1	30	5	2	-1305920	1
0	1	30	5	3	-8837925	1
0	1	30	5	4	-10502625	1
0	1	30	5	5	-5034150	1
0	1	30	6	2	-5816965	2
0	1	30	6	3	14993650	1
0	1	30	6	4	18809945	1
0	1	30	6	5	3037650	1
0	1	30	7	1	197175	2
0	1	30	7	2	8811055	2
0	1	30	7	3	-48607205	4
0	1	30	7	4	-22574355	2
0	1	30	7	5	-2319075	4
0	1	30	8	1	32175	16
0	1	30	8	2	-36057725	16
0	1	30	8	3	49349355	8
0	1	30	8	4	12321225	8
0	1	30	8	5	-3333825	16
0	1	30	9	1	-90625	96
0	1	30	9	2	146209715	192
0	1	30	9	3	-54926605	64
0	1	30	9	4	18334125	16
0	1	30	9	5	-66825	32
0	1	30	10	0	10505	48
0	1	30	10	1	-252585	64
0	1	30	10	2	-18784445	64
0	1	30	10	3	-42720825	64
0	1	30	10	4	804735	64
0	1	30	11	0	-26495	64
0	1	30	11	1	539565	128
0	1	30	11	2	295665	4
0	1	30	11	3	-938115	128
0	1	30	12	0	27215	256
0	1	30	12	1	-66645	32
0	1	30	12	2	93555	128
0	1	31	0	4	-1760	3
0	1	31	0	5	5580	1
0	1	31	1	4	-72160	1
0	1	31	1	5	104400	1
0	1	31	2	3	142505	3
0	1	31	2	4	-1074260	1
0	1	31	2	5	-183150	1
0	1	31	3	3	3359675	3
0	1	31	3	4	-442750	3
0	1	31	3	5	-1564200	1
0	1	31	4	3	23709675	8
0	1	31	4	4	17292075	2
0	1	31	4	5	3170475	1
0	1	31	5	2	-7700	1
0	1	31	5	3	-6001820	1
0	1	31	5	4	-27306195	2
0	1	31	5	5	-2126520	1
0	1	31	6	2	-4467155	6
0	1	31	6	3	3505110	1
0	1	31	6	4	41210645	4
0	1	31	6	5	1819125	2
0	1	31	7	2	-1877095	4
0	1	31	7	3	-6618645	4
0	1	31	7	4	-5696895	1
0	1	31	7	5	-2210175	4
0	1	31	8	1	985875	32
0	1	31	8	2	39108575	32
0	1	31	8	3	97659425	64
0	1	31	8	4	102042375	32
0	1	31	8	5	15743475	64
0	1	31	9	1	-1667875	96
0	1	31	9	2	-115493675	144
0	1	31	9	3	-133025155	96
0	1	31	9	4	-37193475	32
0	1	31	9	5	131175	16
0	1	31	10	1	1450835	128
0	1	31	10	2	27561415	96
0	1	31	10	3	153981805	256
0	1	31	10	4	-700245	16
0	1	31	10	5	1485	128
0	1	31	11	0	955	48
0	1	31	11	1	-724315	128
0	1	31	11	2	-6345125	128
0	1	31	11	3	2861205	128
0	1	31	11	4	-7425	128
0	1	31	12	0	-14215	768
0	1	31	12	1	1512345	1024
0	1	31	12	2	-30435	16
0	1	31	12	3	22275	1024
0	1	32	0	5	520	1
0	1	32	1	4	-3520	1
0	1	32	1	5	25200	1
0	1	32	2	4	-169400	1
0	1	32	2	5	138600	1
0	1	32	3	3	712525	9
0	1	32	3	4	-3216400	3
0	1	32	3	5	-508200	1
0	1	32	4	3	3970725	4
0	1	32	4	4	1753950	1
0	1	32	4	5	-311850	1
0	1	32	5	3	537075	1
0	1	32	5	4	3780525	2
0	1	32	5	5	1413720	1
0	1	32	6	2	-13475	3
0	1	32	6	3	-7720790	3
0	1	32	6	4	-10785425	2
0	1	32	6	5	-1282050	1
0	1	32	7	2	-311685	1
0	1	32	7	3	10785525	4
0	1	32	7	4	19930875	4
0	1	32	7	5	2472525	4
0	1	32	8	2	1404425	16
0	1	32	8	3	-64400025	32
0	1	32	8	4	-10010175	4
0	1	32	8	5	-4556475	32
0	1	32	9	1	328625	48
0	1	32	9	2	34054075	288
0	1	32	9	3	156166975	144
0	1	32	9	4	52590475	96
0	1	32	9	5	-290675	16
0	1	32	10	1	-337865	64
0	1	32	10	2	-4980965	64
0	1	32	10	3	-17383245	64
0	1	32	10	4	1370625	16
0	1	32	10	5	-3465	32
0	1	32	11	1	346005	128
0	1	32	11	2	33695	3
0	1	32	11	3	-4942615	128
0	1	32	11	4	1935	4
0	1	32	12	0	955	1152
0	1	32	12	1	-1049365	1536
0	1	32	12	2	89945	32
0	1	32	12	3	-81675	512
0	1	33	0	5	20	1
0	1	33	1	5	2760	1
0	1	33	2	4	-9680	1
0	1	33	2	5	49500	1
0	1	33	3	4	-701800	3
0	1	33	3	5	67650	1
0	1	33	4	3	712525	8
0	1	33	4	4	-1122825	2
0	1	33	4	5	-482625	1
0	1	33	5	3	1160775	2
0	1	33	5	4	1739265	1
0	1	33	5	5	374220	1
0	1	33	6	3	-1529605	4
0	1	33	6	4	-9491825	8
0	1	33	6	5	13860	1
0	1	33	7	2	-1925	1
0	1	33	7	3	-1779415	8
0	1	33	7	4	288195	4
0	1	33	7	5	-304425	4
0	1	33	8	2	-3042875	32
0	1	33	8	3	23162775	64
0	1	33	8	4	9072525	64
0	1	33	8	5	-645975	64
0	1	33	9	2	2231075	32
0	1	33	9	3	-35840075	192
0	1	33	9	4	2239225	24
0	1	33	9	5	776875	32
0	1	33	10	1	65725	64
0	1	33	10	2	-8492605	384
0	1	33	10	3	-1256335	192
0	1	33	10	4	-12922555	128
0	1	33	10	5	28545	64
0	1	33	11	1	-92535	128
0	1	33	11	2	1504295	192
0	1	33	11	3	10513205	256
0	1	33	11	4	-28425	16
0	1	33	11	5	45	128
0	1	33	12	1	640685	3072
0	1	33	12	2	-1324435	512
0	1	33	12	3	529055	1024
0	1	33	12	4	-495	512
0	1	34	1	5	120	1
0	1	34	2	5	6600	1
0	1	34	3	4	-48400	3
0	1	34	3	5	54450	1
0	1	34	4	4	-208725	1
0	1	34	4	5	-29700	1
0	1	34	5	3	142505	2
0	1	34	5	4	-64020	1
0	1	34	5	5	-207900	1
0	1	34	6	3	427735	2
0	1	34	6	4	1478785	2
0	1	34	6	5	270270	1
0	1	34	7	3	-2413785	8
0	1	34	7	4	-3474795	4
0	1	34	7	5	-631125	4
0	1	34	8	2	-9625	16
0	1	34	8	3	825275	4
0	1	34	8	4	17650725	32
0	1	34	8	5	542025	8
0	1	34	9	2	-742225	36
0	1	34	9	3	-8376125	64
0	1	34	9	4	-12105175	48
0	1	34	9	5	-596475	32
0	1	34	10	2	3400045	192
0	1	34	10	3	4971405	64
0	1	34	10	4	1099255	16
0	1	34	10	5	-33825	32
0	1	34	11	1	5975	64
0	1	34	11	2	-679175	96
0	1	34	11	3	-20683985	768
0	1	34	11	4	3755	1
0	1	34	11	5	-435	128
0	1	34	12	1	-15455	384
0	1	34	12	2	3509645	2304
0	1	34	12	3	-747235	768
0	1	34	12	4	2145	256
0	1	35	2	5	330	1
0	1	35	3	5	9350	1
0	1	35	4	4	-18150	1
0	1	35	4	5	141075	4
0	1	35	5	4	-123420	1
0	1	35	5	5	-59400	1
0	1	35	6	3	997535	24
0	1	35	6	4	222145	2
0	1	35	6	5	-17325	1
0	1	35	7	3	305745	8
0	1	35	7	4	379995	4
0	1	35	7	5	218295	4
0	1	35	8	3	-11169675	128
0	1	35	8	4	-11136525	64
0	1	35	8	5	-1952775	64
0	1	35	9	2	-9625	72
0	1	35	9	3	21280325	288
0	1	35	9	4	18997025	192
0	1	35	9	5	43725	8
0	1	35	10	2	-192995	64
0	1	35	10	3	-10029725	256
0	1	35	10	4	-1199765	64
0	1	35	10	5	200475	128
0	1	35	11	2	861455	384
0	1	35	11	3	2457245	256
0	1	35	11	4	-319435	64
0	1	35	11	5	1875	128
0	1	35	12	1	5975	1536
0	1	35	12	2	-1294985	2304
0	1	35	12	3	21769105	18432
0	1	35	12	4	-6215	192
0	1	35	12	5	5	1024
0	1	36	3	5	550	1
0	1	36	4	5	17325	2
0	1	36	5	4	-14520	1
0	1	36	5	5	11880	1
0	1	36	6	4	-46585	1
0	1	36	6	5	-34650	1
0	1	36	7	3	142505	8
0	1	36	7	4	78540	1
0	1	36	7	5	81675	4
0	1	36	8	3	-304425	64
0	1	36	8	4	-664125	16
0	1	36	8	5	-200475	32
0	1	36	9	3	-321475	48
0	1	36	9	4	2457725	192
0	1	36	9	5	25575	8
0	1	36	10	2	-1925	96
0	1	36	10	3	1016015	192
0	1	36	10	4	-260575	32
0	1	36	10	5	-23265	16
0	1	36	11	2	-25645	96
0	1	36	11	3	-86735	256
0	1	36	11	4	67865	16
0	1	36	11	5	-4725	128
0	1	36	12	2	11405	96
0	1	36	12	3	-2976205	3072
0	1	36	12	4	220	3
0	1	36	12	5	-25	512
0	1	37	4	5	2475	4
0	1	37	5	5	5445	1
0	1	37	6	4	-8470	1
0	1	37	7	4	-9075	1
0	1	37	7	5	-37125	4
0	1	37	8	3	712525	128
0	1	37	8	4	768075	32
0	1	37	8	5	497475	64
0	1	37	9	3	-915475	192
0	1	37	9	4	-1790525	96
0	1	37	9	5	-106425	32
0	1	37	10	3	82225	32
0	1	37	10	4	2181175	256
0	1	37	10	5	24255	32
0	1	37	11	2	-175	96
0	1	37	11	3	-1082735	768
0	1	37	11	4	-69545	32
0	1	37	11	5	3825	64
0	1	37	12	2	-49945	4608
0	1	37	12	3	1121775	2048
0	1	37	12	4	-82775	768
0	1	37	12	5	225	1024
0	1	38	5	5	495	1
0	1	38	6	5	2310	1
0	1	38	7	4	-3630	1
0	1	38	7	5	-7425	4
0	1	38	8	4	9075	16
0	1	38	8	5	-7425	16
0	1	38	9	3	712525	576
0	1	38	9	4	70675	24
0	1	38	9	5	20625	32
0	1	38	10	3	-10175	8
0	1	38	10	4	-142835	64
0	1	38	10	5	-1485	16
0	1	38	11	3	181845	256
0	1	38	11	4	7775	16
0	1	38	11	5	-4095	64
0	1	38	12	2	-175	2304
0	1	38	12	3	-983135	4608
0	1	38	12	4	41195	384
0	1	38	12	5	-75	128
0	1	39	6	5	1155	4
0	1	39	7	5	2475	4
0	1	39	8	4	-9075	8
0	1	39	8	5	-51975	64
0	1	39	9	4	21175	24
0	1	39	9	5	5775	16
0	1	39	10	3	142505	768
0	1	39	10	4	-16445	64
0	1	39	10	5	-17325	128
0	1	39	11	3	-42555	256
0	1	39	11	4	15535	128
0	1	39	11	5	2835	64
0	1	39	12	3	342755	6144
0	1	39	12	4	-28105	384
0	1	39	12	5	525	512
0	1	40	7	5	495	4
0	1	40	8	5	2475	32
0	1	40	9	4	-3025	12
0	1	40	9	5	-2475	16
0	1	40	10	4	7865	32
0	1	40	10	5	2475	32
0	1	40	11	3	12955	768
0	1	40	11	4	-1885	16
0	1	40	11	5	-1125	64
0	1	40	12	3	-27755	3072
0	1	40	12	4	3245	96
0	1	40	12	5	-315	256
0	1	41	8	5	2475	64
0	1	41	9	5	-275	32
0	1	41	10	4	-605	16
0	1	41	10	5	-495	64
0	1	41	11	4	1045	32
0	1	41	11	5	225	128
0	1	41	12	3	12955	18432
0	1	41	12	4	-15565	1536
0	1	41	12	5	525	512
0	1	42	9	5	275	32
0	1	42	10	5	-165	32
0	1	42	11	4	-55	16
0	1	42	11	5	225	128
0	1	42	12	4	1375	768
0	1	42	12	5	-75	128
0	1	43	10	5	165	128
0	1	43	11	5	-105	128
0	1	43	12	4	-55	384
0	1	43	12	5	225	1024
0	1	44	11	5	15	128
0	1	44	12	5	-25	512
0	1	45	12	5	5	1024
0	2	6	0	1	127545840	1
0	2	7	0	0	56687040	1
0	2	7	0	1	-170061120	1
0	2	8	0	0	70858800	1
0	2	8	0	1	28343520	1
0	2	8	0	2	807790320	1
0	2	8	1	0	14171760	1
0	2	8	1	1	531441000	1
0	2	8	2	0	21257640	1
0	2	9	0	0	-33067440	1
0	2	9	0	1	316502640	1
0	2	9	0	2	-722759760	1
0	2	9	1	0	170061120	1
0	2	9	1	1	-283435200	1
0	2	9	2	0	-14171760	1
0	2	10	0	0	-59311440	1
0	2	10	0	1	-354294000	1
0	2	10	0	2	-1799813520	1
0	2	10	1	0	96053040	1
0	2	10	1	1	-392085360	1
0	2	10	1	2	1488034800	1
0	2	10	2	0	37791360	1
0	2	10	2	1	722759760	1
0	2	10	3	0	38972340	1
0	2	11	0	0	9622800	1
0	2	11	0	1	-614109600	1
0	2	11	0	2	873925200	1
0	2	11	1	0	-133319520	1
0	2	11	1	1	217300320	1
0	2	11	1	2	-1899015840	1
0	2	11	2	0	199979280	1
0	2	11	2	1	-384999480	1
0	2	11	3	0	-9447840	1
0	2	12	0	0	2741040	1
0	2	12	0	1	185107680	1
0	2	12	0	2	1894291920	1
0	2	12	0	3	23619600	1
0	2	12	1	0	-37441440	1
0	2	12	1	1	-484201800	1
0	2	12	1	2	-2532021120	1
0	2	12	1	3	-35429400	1
0	2	12	2	0	16140060	1
0	2	12	2	1	-716854860	1
0	2	12	2	2	1222314300	1
0	2	12	3	0	17321040	1
0	2	12	3	1	517859730	1
0	2	12	4	0	40448565	1
0	2	13	0	0	-75641040	1
0	2	13	0	1	646360560	1
0	2	13	0	2	-39366000	1
0	2	13	0	3	-55112400	1
0	2	13	1	0	156880800	1
0	2	13	1	1	-592064640	1
0	2	13	1	2	2560364640	1
0	2	13	1	3	94478400	1
0	2	13	2	0	-165205980	1
0	2	13	2	1	135812700	1
0	2	13	2	2	-2025380700	1
0	2	13	3	0	87130080	1
0	2	13	3	1	-379881900	1
0	2	13	4	0	492075	1
0	2	14	0	0	-113484240	1
0	2	14	0	1	250678800	1
0	2	14	0	2	-886638960	1
0	2	14	0	3	-20995200	1
0	2	14	1	0	90434880	1
0	2	14	1	1	604720080	1
0	2	14	1	2	2398701600	1
0	2	14	1	3	47239200	1
0	2	14	2	0	40328280	1
0	2	14	2	1	-219268620	1
0	2	14	2	2	-1321122960	1
0	2	14	2	3	-64953900	1
0	2	14	3	0	-58261680	1
0	2	14	3	1	-494108910	1
0	2	14	3	2	625132080	1
0	2	14	4	0	-1804275	1
0	2	14	4	1	228027555	1
0	2	14	5	0	21552885	1
0	2	15	0	0	-87680880	1
0	2	15	0	1	-177986160	1
0	2	15	0	2	-311137200	1
0	2	15	0	3	104976000	1
0	2	15	1	0	-90992160	1
0	2	15	1	1	902365920	1
0	2	15	1	2	-1068305760	1
0	2	15	1	3	-283435200	1
0	2	15	2	0	214782840	1
0	2	15	2	1	-204309540	1
0	2	15	2	2	2669539680	1
0	2	15	2	3	194861700	1
0	2	15	3	0	-108416880	1
0	2	15	3	1	176009760	1
0	2	15	3	2	-1273883760	1
0	2	15	4	0	18097425	1
0	2	15	4	1	-233473185	1
0	2	15	5	0	-1640250	1
0	2	16	0	0	-44282880	1
0	2	16	0	1	-197961840	1
0	2	16	0	2	22103280	1
0	2	16	0	3	17496000	1
0	2	16	1	0	-159200640	1
0	2	16	1	1	64631520	1
0	2	16	1	2	-1141439040	1
0	2	16	1	3	26244000	1
0	2	16	2	0	107232660	1
0	2	16	2	1	663477480	1
0	2	16	2	2	958212180	1
0	2	16	2	3	-21651300	1
0	2	16	3	0	55146420	1
0	2	16	3	1	-98750340	1
0	2	16	3	2	-235277460	1
0	2	16	3	3	-54128250	1
0	2	16	4	0	-43616070	1
0	2	16	4	1	-141826950	1
0	2	16	4	2	237967470	1
0	2	16	5	0	-2744685	1
0	2	16	5	1	123510825	2
0	2	16	6	0	25095825	4
0	2	17	0	0	-15602880	1
0	2	17	0	1	-59831280	1
0	2	17	0	2	21956400	1
0	2	17	0	3	-96811200	1
0	2	17	1	0	-114780960	1
0	2	17	1	1	-406352160	1
0	2	17	1	2	32076000	1
0	2	17	1	3	346420800	1
0	2	17	2	0	-57438180	1
0	2	17	2	1	539152200	1
0	2	17	2	2	-1408384260	1
0	2	17	2	3	-396940500	1
0	2	17	3	0	133980480	1
0	2	17	3	1	-767880	1
0	2	17	3	2	1553761440	1
0	2	17	3	3	180427500	1
0	2	17	4	0	-41951520	1
0	2	17	4	1	103656510	1
0	2	17	4	2	-572972130	1
0	2	17	5	0	3768930	1
0	2	17	5	1	-84483810	1
0	2	17	6	0	-7577955	4
0	2	18	0	0	-3837280	1
0	2	18	0	1	7502640	1
0	2	18	0	2	54667440	1
0	2	18	0	3	-28771200	1
0	2	18	1	0	-51391440	1
0	2	18	1	1	-221448240	1
0	2	18	1	2	62596800	1
0	2	18	1	3	-37324800	1
0	2	18	2	0	-104502240	1
0	2	18	2	1	-215630100	1
0	2	18	2	2	-410193720	1
0	2	18	2	3	180427500	1
0	2	18	3	0	57722760	1
0	2	18	3	1	447371100	1
0	2	18	3	2	-67388760	1
0	2	18	3	3	-90213750	1
0	2	18	4	0	28378350	1
0	2	18	4	1	-102414780	1
0	2	18	4	2	93297420	1
0	2	18	4	3	-27064125	1
0	2	18	5	0	-14498595	1
0	2	18	5	1	7468605	1
0	2	18	5	2	74598570	1
0	2	18	6	0	-995085	2
0	2	18	6	1	32072355	4
0	2	18	7	0	4559895	4
0	2	19	0	0	-1888160	3
0	2	19	0	1	9957440	1
0	2	19	0	2	73750320	1
0	2	19	0	3	48470400	1
0	2	19	1	0	-15254720	1
0	2	19	1	1	2768160	1
0	2	19	1	2	-86361120	1
0	2	19	1	3	-253886400	1
0	2	19	2	0	-67807200	1
0	2	19	2	1	-345173940	1
0	2	19	2	2	362624040	1
0	2	19	2	3	382506300	1
0	2	19	3	0	-25317360	1
0	2	19	3	1	147572280	1
0	2	19	3	2	-861036480	1
0	2	19	3	3	-264627000	1
0	2	19	4	0	50010750	1
0	2	19	4	1	66406635	1
0	2	19	4	2	620473770	1
0	2	19	4	3	99235125	1
0	2	19	5	0	-10943100	1
0	2	19	5	1	7807590	1
0	2	19	5	2	-205359300	1
0	2	19	6	0	2900205	2
0	2	19	6	1	-57536325	4
0	2	19	7	0	-677970	1
0	2	20	0	0	-556000	9
0	2	20	0	1	7135040	3
0	2	20	0	2	33112560	1
0	2	20	0	3	27324000	1
0	2	20	1	0	-2928880	1
0	2	20	1	1	40890680	1
0	2	20	1	2	58331520	1
0	2	20	1	3	-13899600	1
0	2	20	2	0	-25800960	1
0	2	20	2	1	-68986320	1
0	2	20	2	2	-34873740	1
0	2	20	2	3	-163854900	1
0	2	20	3	0	-42483420	1
0	2	20	3	1	-236396880	1
0	2	20	3	2	98445780	1
0	2	20	3	3	226536750	1
0	2	20	4	0	18797400	1
0	2	20	4	1	210734055	1
0	2	20	4	2	-244521180	1
0	2	20	4	3	-81192375	1
0	2	20	5	0	8162910	1
0	2	20	5	1	-121312485	2
0	2	20	5	2	91416600	1
0	2	20	5	3	-9021375	1
0	2	20	6	0	-5332635	2
0	2	20	6	1	66398535	4
0	2	20	6	2	38808315	2
0	2	20	7	0	-416745	4
0	2	20	7	1	-5711715	8
0	2	20	8	0	2868615	16
0	2	21	0	0	-24640	9
0	2	21	0	1	-80240	9
0	2	21	0	2	-3898320	1
0	2	21	0	3	-8844000	1
0	2	21	1	0	-2963200	9
0	2	21	1	1	43804480	3
0	2	21	1	2	117123360	1
0	2	21	1	3	114840000	1
0	2	21	2	0	-18022600	3
0	2	21	2	1	56006280	1
0	2	21	2	2	-148516740	1
0	2	21	2	3	-244044900	1
0	2	21	3	0	-23617200	1
0	2	21	3	1	-145360080	1
0	2	21	3	2	277091280	1
0	2	21	3	3	193792500	1
0	2	21	4	0	-8738640	1
0	2	21	4	1	-19853100	1
0	2	21	4	2	-322247160	1
0	2	21	4	3	-95225625	1
0	2	21	5	0	12906540	1
0	2	21	5	1	61608600	1
0	2	21	5	2	182760300	1
0	2	21	5	3	36085500	1
0	2	21	6	0	-4882815	2
0	2	21	6	1	-69488685	4
0	2	21	6	2	-119333655	2
0	2	21	7	0	581580	1
0	2	21	7	1	4598775	4
0	2	21	8	0	-2747115	16
0	2	22	0	1	-104640	1
0	2	22	0	2	-10807760	1
0	2	22	0	3	-11440000	1
0	2	22	1	0	-49280	3
0	2	22	1	1	11877520	9
0	2	22	1	2	42246240	1
0	2	22	1	3	33528000	1
0	2	22	2	0	-7123600	9
0	2	22	2	1	33013640	1
0	2	22	2	2	49549920	1
0	2	22	2	3	53014500	1
0	2	22	3	0	-7073700	1
0	2	22	3	1	19528020	1
0	2	22	3	2	-94461120	1
0	2	22	3	3	-175749750	1
0	2	22	4	0	-11929350	1
0	2	22	4	1	-117120330	1
0	2	22	4	2	156345390	1
0	2	22	4	3	138661875	1
0	2	22	5	0	4065390	1
0	2	22	5	1	61189830	1
0	2	22	5	2	-140432130	1
0	2	22	5	3	-39694050	1
0	2	22	6	0	1534680	1
0	2	22	6	1	-28919835	2
0	2	22	6	2	41870115	1
0	2	22	6	3	-4209975	2
0	2	22	7	0	-584955	2
0	2	22	7	1	32061825	8
0	2	22	7	2	3969405	1
0	2	22	8	0	-711585	16
0	2	22	8	1	-2074005	4
0	2	22	9	0	511515	16
0	2	23	0	1	-18800	1
0	2	23	0	2	-146870320	27
0	2	23	0	3	-7088000	3
0	2	23	1	1	-3152480	9
0	2	23	1	2	-33735520	3
0	2	23	1	3	-25320000	1
0	2	23	2	0	-135520	3
0	2	23	2	1	50084800	9
0	2	23	2	2	88394960	1
0	2	23	2	3	104956500	1
0	2	23	3	0	-3388000	3
0	2	23	3	1	36921800	1
0	2	23	3	2	-92423920	1
0	2	23	3	3	-106920000	1
0	2	23	4	0	-5183400	1
0	2	23	4	1	-25442160	1
0	2	23	4	2	100832040	1
0	2	23	4	3	40429125	1
0	2	23	5	0	-2521080	1
0	2	23	5	1	-33700860	1
0	2	23	5	2	-73457280	1
0	2	23	5	3	-16305300	1
0	2	23	6	0	2595600	1
0	2	23	6	1	55345815	2
0	2	23	6	2	36562995	1
0	2	23	6	3	18243225	2
0	2	23	7	0	-579690	1
0	2	23	7	1	-8525250	1
0	2	23	7	2	-13450050	1
0	2	23	8	0	3075705	16
0	2	23	8	1	18652275	16
0	2	23	9	0	-342225	8
0	2	24	0	1	-10000	9
0	2	24	0	2	-39864800	27
0	2	24	0	3	1240000	1
0	2	24	1	1	-851000	9
0	2	24	1	2	-130026560	9
0	2	24	1	3	-16300000	1
0	2	24	2	1	-3023900	9
0	2	24	2	2	59831300	3
0	2	24	2	3	5692500	1
0	2	24	3	0	-677600	9
0	2	24	3	1	10041250	1
0	2	24	3	2	37512020	1
0	2	24	3	3	66404250	1
0	2	24	4	0	-3170750	3
0	2	24	4	1	20513600	1
0	2	24	4	2	-66662010	1
0	2	24	4	3	-91587375	1
0	2	24	5	0	-2352470	1
0	2	24	5	1	-30600630	1
0	2	24	5	2	76459680	1
0	2	24	5	3	49650975	1
0	2	24	6	0	499380	1
0	2	24	6	1	14329035	2
0	2	24	6	2	-48509685	1
0	2	24	6	3	-24792075	2
0	2	24	7	0	574785	2
0	2	24	7	1	1406295	4
0	2	24	7	2	25545375	2
0	2	24	7	3	-1403325	4
0	2	24	8	0	-60480	1
0	2	24	8	1	347895	8
0	2	24	8	2	9619155	16
0	2	24	9	0	-3375	8
0	2	24	9	1	-1639845	16
0	2	24	10	0	296865	64
0	2	25	0	2	-2137760	9
0	2	25	0	3	904000	1
0	2	25	1	1	-20000	3
0	2	25	1	2	-48995680	9
0	2	25	1	3	-648000	1
0	2	25	2	1	-1888700	9
0	2	25	2	2	-103966300	9
0	2	25	2	3	-25173500	1
0	2	25	3	1	2328700	9
0	2	25	3	2	115736000	3
0	2	25	3	3	45380500	1
0	2	25	4	0	-84700	1
0	2	25	4	1	30224300	3
0	2	25	4	2	-27909810	1
0	2	25	4	3	-16718625	1
0	2	25	5	0	-2024000	3
0	2	25	5	1	2671080	1
0	2	25	5	2	15993720	1
0	2	25	5	3	-4455000	1
0	2	25	6	0	-573755	1
0	2	25	6	1	-24893295	2
0	2	25	6	2	-5485725	1
0	2	25	6	3	1403325	2
0	2	25	7	0	408090	1
0	2	25	7	1	12928095	2
0	2	25	7	2	3388230	1
0	2	25	7	3	3274425	2
0	2	25	8	0	-429615	4
0	2	25	8	1	-28387665	16
0	2	25	8	2	-35622585	16
0	2	25	9	0	301275	8
0	2	25	9	1	269190	1
0	2	25	10	0	-498825	64
0	2	26	0	2	-578720	27
0	2	26	0	3	784000	3
0	2	26	1	2	-1077040	1
0	2	26	1	3	2304000	1
0	2	26	2	1	-55000	3
0	2	26	2	2	-73271000	9
0	2	26	2	3	-8233500	1
0	2	26	3	1	-2395250	9
0	2	26	3	2	68968600	27
0	2	26	3	3	-28525750	3
0	2	26	4	1	2871275	3
0	2	26	4	2	18940600	1
0	2	26	4	3	33350625	1
0	2	26	5	0	-67760	1
0	2	26	5	1	17887520	3
0	2	26	5	2	-25174410	1
0	2	26	5	3	-26631000	1
0	2	26	6	0	-881650	3
0	2	26	6	1	-3399865	1
0	2	26	6	2	21325080	1
0	2	26	6	3	10914750	1
0	2	26	7	0	-20025	2
0	2	26	7	1	-4333575	4
0	2	26	7	2	-10727370	1
0	2	26	7	3	-10491525	4
0	2	26	8	0	532575	8
0	2	26	8	1	14224185	16
0	2	26	8	2	42420915	16
0	2	26	8	3	-334125	8
0	2	26	9	0	-330945	16
0	2	26	9	1	-2382525	16
0	2	26	9	2	1022895	16
0	2	26	10	0	24795	8
0	2	26	10	1	-688635	64
0	2	26	11	0	6075	16
0	2	27	0	2	-22720	27
0	2	27	0	3	41600	1
0	2	27	1	2	-1021120	9
0	2	27	1	3	977600	1
0	2	27	2	2	-6388360	3
0	2	27	2	3	1468500	1
0	2	27	3	1	-275000	9
0	2	27	3	2	-157405600	27
0	2	27	3	3	-11671000	1
0	2	27	4	1	-616000	3
0	2	27	4	2	28965950	3
0	2	27	4	3	8394375	1
0	2	27	5	1	3283280	3
0	2	27	5	2	-2788580	1
0	2	27	5	3	3742200	1
0	2	27	6	0	-118580	3
0	2	27	6	1	5761315	3
0	2	27	6	2	-1693860	1
0	2	27	6	3	-4747050	1
0	2	27	7	0	-249700	3
0	2	27	7	1	-2092835	1
0	2	27	7	2	2204820	1
0	2	27	7	3	1039500	1
0	2	27	8	0	298825	8
0	2	27	8	1	5494005	8
0	2	27	8	2	-6218235	16
0	2	27	8	3	1670625	8
0	2	27	9	0	-30575	4
0	2	27	9	1	-1285545	8
0	2	27	9	2	-2057265	8
0	2	27	10	0	22995	8
0	2	27	10	1	2052315	64
0	2	27	11	0	-12195	16
0	2	28	0	3	3600	1
0	2	28	1	2	-45440	9
0	2	28	1	3	191400	1
0	2	28	2	2	-2433200	9
0	2	28	2	3	1490500	1
0	2	28	3	2	-21330100	9
0	2	28	3	3	-1333750	1
0	2	28	4	1	-34375	1
0	2	28	4	2	-3746600	3
0	2	28	4	3	-6274125	1
0	2	28	5	1	-267025	3
0	2	28	5	2	17102920	3
0	2	28	5	3	8638575	1
0	2	28	6	1	4266955	6
0	2	28	6	2	-10690645	2
0	2	28	6	3	-4233075	1
0	2	28	7	0	-16940	1
0	2	28	7	1	1787425	12
0	2	28	7	2	3332655	1
0	2	28	7	3	2809125	2
0	2	28	8	0	-303875	24
0	2	28	8	1	-1777275	4
0	2	28	8	2	-22569885	16
0	2	28	8	3	-6125625	16
0	2	28	9	0	475775	48
0	2	28	9	1	5730965	32
0	2	28	9	2	732465	2
0	2	28	9	3	-111375	32
0	2	28	10	0	-12505	4
0	2	28	10	1	-944205	32
0	2	28	10	2	286875	64
0	2	28	11	0	36165	64
0	2	28	11	1	-38745	64
0	2	28	12	0	405	32
0	2	29	0	3	400	3
0	2	29	1	3	19200	1
0	2	29	2	2	-124960	9
0	2	29	2	3	386100	1
0	2	29	3	2	-10291600	27
0	2	29	3	3	3294500	3
0	2	29	4	2	-1574100	1
0	2	29	4	3	-2635875	1
0	2	29	5	1	-27500	1
0	2	29	5	2	3281300	3
0	2	29	5	3	-306900	1
0	2	29	6	1	-48125	6
0	2	29	6	2	13596905	18
0	2	29	6	3	2219525	1
0	2	29	7	1	1709675	6
0	2	29	7	2	-1258480	1
0	2	29	7	3	-1244925	1
0	2	29	8	0	-21175	4
0	2	29	8	1	-5923625	48
0	2	29	8	2	12199335	16
0	2	29	8	3	4096125	16
0	2	29	9	0	1375	9
0	2	29	9	1	10225	12
0	2	29	9	2	-1340265	8
0	2	29	9	3	37125	2
0	2	29	10	0	19865	32
0	2	29	10	1	7225	16
0	2	29	10	2	-1246635	64
0	2	29	11	0	-1455	16
0	2	29	11	1	64425	32
0	2	29	12	0	-945	32
0	2	30	1	3	800	1
0	2	30	2	3	46200	1
0	2	30	3	2	-624800	27
0	2	30	3	3	442750	1
0	2	30	4	2	-1052150	3
0	2	30	4	3	251625	1
0	2	30	5	2	-572990	1
0	2	30	5	3	-1658250	1
0	2	30	6	1	-48125	3
0	2	30	6	2	8368745	9
0	2	30	6	3	2211825	2
0	2	30	7	1	184525	12
0	2	30	7	2	-1586225	3
0	2	30	7	3	-495825	2
0	2	30	8	1	1605725	24
0	2	30	8	2	3247475	16
0	2	30	8	3	74250	1
0	2	30	9	0	-21175	18
0	2	30	9	1	-6717925	144
0	2	30	9	2	-331395	4
0	2	30	9	3	-152625	4
0	2	30	10	0	67375	144
0	2	30	10	1	1304395	96
0	2	30	10	2	128505	4
0	2	30	10	3	-12375	64
0	2	30	11	0	-23615	192
0	2	30	11	1	-78075	32
0	2	30	11	2	1485	8
0	2	30	12	0	3855	128
0	2	30	12	1	-1845	128
0	2	31	2	3	2200	1
0	2	31	3	3	66000	1
0	2	31	4	2	-78100	3
0	2	31	4	3	309375	1
0	2	31	5	2	-654280	3
0	2	31	5	3	-214500	1
0	2	31	6	2	-129745	3
0	2	31	6	3	-837375	2
0	2	31	7	1	-6875	1
0	2	31	7	2	798050	3
0	2	31	7	3	430650	1
0	2	31	8	1	512875	48
0	2	31	8	2	-10638175	48
0	2	31	8	3	-169125	1
0	2	31	9	1	153725	24
0	2	31	9	2	812675	8
0	2	31	9	3	34375	1
0	2	31	10	0	-4235	24
0	2	31	10	1	-817435	144
0	2	31	10	2	-364875	16
0	2	31	10	3	70125	64
0	2	31	11	0	5975	72
0	2	31	11	1	36005	32
0	2	31	11	2	-13875	16
0	2	31	12	0	-1075	64
0	2	31	12	1	6765	128
0	2	32	3	3	11000	3
0	2	32	4	3	61875	1
0	2	32	5	2	-62480	3
0	2	32	5	3	126225	1
0	2	32	6	2	-816970	9
0	2	32	6	3	-406175	2
0	2	32	7	2	118635	2
0	2	32	7	3	111375	4
0	2	32	8	1	-34375	16
0	2	32	8	2	124025	24
0	2	32	8	3	235125	8
0	2	32	9	1	353375	96
0	2	32	9	2	-1623275	108
0	2	32	9	3	-281875	48
0	2	32	10	1	-483835	576
0	2	32	10	2	513325	192
0	2	32	10	3	-159225	64
0	2	32	11	0	-385	24
0	2	32	11	1	133465	1152
0	2	32	11	2	103615	64
0	2	32	11	3	-825	128
0	2	32	12	0	1975	384
0	2	32	12	1	-155	2
0	2	32	12	2	55	16
0	2	33	4	3	4125	1
0	2	33	5	3	39600	1
0	2	33	6	2	-109340	9
0	2	33	6	3	40425	2
0	2	33	7	2	-69850	3
0	2	33	7	3	-144375	2
0	2	33	8	2	225775	8
0	2	33	8	3	309375	8
0	2	33	9	1	-34375	72
0	2	33	9	2	-3140225	216
0	2	33	9	3	-23375	2
0	2	33	10	1	430925	576
0	2	33	10	2	3174485	576
0	2	33	10	3	176275	64
0	2	33	11	1	-166105	576
0	2	33	11	2	-8995	6
0	2	33	11	3	2475	64
0	2	33	12	0	-385	576
0	2	33	12	1	22225	384
0	2	33	12	2	-275	16
0	2	34	5	3	3300	1
0	2	34	6	3	17325	1
0	2	34	7	2	-15620	3
0	2	34	7	3	-27225	4
0	2	34	8	2	-57475	24
0	2	34	8	3	-78375	8
0	2	34	9	2	744425	144
0	2	34	9	3	50875	8
0	2	34	10	1	-6875	96
0	2	34	10	2	-813175	288
0	2	34	10	3	-81675	64
0	2	34	11	1	98875	1152
0	2	34	11	2	186845	288
0	2	34	11	3	-12275	128
0	2	34	12	1	-52675	2304
0	2	34	12	2	13715	384
0	2	34	12	3	-25	256
0	2	35	6	3	1925	1
0	2	35	7	3	4950	1
0	2	35	8	2	-19525	12
0	2	35	8	3	-37125	8
0	2	35	9	2	59675	108
0	2	35	9	3	2750	3
0	2	35	10	2	3905	32
0	2	35	10	3	-12375	64
0	2	35	11	1	-625	96
0	2	35	11	2	-955	36
0	2	35	11	3	3975	32
0	2	35	12	1	4975	1152
0	2	35	12	2	-69025	1728
0	2	35	12	3	475	768
0	2	36	7	3	825	1
0	2	36	8	3	12375	16
0	2	36	9	2	-19525	54
0	2	36	9	3	-34375	32
0	2	36	10	2	35365	144
0	2	36	10	3	26125	64
0	2	36	11	2	-17795	192
0	2	36	11	3	-10875	128
0	2	36	12	1	-625	2304
0	2	36	12	2	45025	1728
0	2	36	12	3	-425	256
0	2	37	8	3	4125	16
0	2	37	10	2	-3905	72
0	2	37	10	3	-5775	64
0	2	37	11	2	5345	144
0	2	37	11	3	1475	64
0	2	37	12	2	-1445	144
0	2	37	12	3	625	256
0	2	38	9	3	1375	24
0	2	38	10	3	-825	32
0	2	38	11	2	-355	72
0	2	38	11	3	675	128
0	2	38	12	2	7475	3456
0	2	38	12	3	-1625	768
0	2	39	10	3	275	32
0	2	39	11	3	-75	16
0	2	39	12	2	-355	1728
0	2	39	12	3	275	256
0	2	40	11	3	25	32
0	2	40	12	3	-75	256
0	2	41	12	3	25	768
0	3	9	0	0	12597120	1
0	3	9	0	1	75582720	1
0	3	10	0	0	41990400	1
0	3	10	0	1	100776960	1
0	3	11	0	0	62985600	1
0	3	11	0	1	-38841120	1
0	3	11	0	2	-6298560	1
0	3	11	1	0	4199040	1
0	3	11	1	1	125971200	1
0	3	11	2	0	12597120	1
0	3	12	0	0	54120960	1
0	3	12	0	1	-144866880	1
0	3	12	1	0	15396480	1
0	3	12	1	1	125971200	1
0	3	12	2	0	25194240	1
0	3	13	0	0	30404160	1
0	3	13	0	1	-86430240	1
0	3	13	0	2	16796160	1
0	3	13	1	0	12363840	1
0	3	13	1	1	-125971200	1
0	3	13	1	2	-12597120	1
0	3	13	2	0	13471920	1
0	3	13	2	1	111799440	1
0	3	13	3	0	16796160	1
0	3	14	0	0	16122240	1
0	3	14	0	1	3576960	1
0	3	14	0	2	7464960	1
0	3	14	1	0	-14230080	1
0	3	14	1	1	-222549120	1
0	3	14	1	2	4199040	1
0	3	14	2	0	-9331200	1
0	3	14	2	1	74532960	1
0	3	14	3	0	27993600	1
0	3	15	0	0	12510720	1
0	3	15	0	1	22900320	1
0	3	15	0	2	-15863040	1
0	3	15	1	0	-28408320	1
0	3	15	1	1	-50621760	1
0	3	15	1	2	32192640	1
0	3	15	2	0	-41990400	1
0	3	15	2	1	-157813920	1
0	3	15	2	2	-11547360	1
0	3	15	3	0	15221520	1
0	3	15	3	1	70858800	1
0	3	15	4	0	8616780	1
0	3	16	0	0	9722880	1
0	3	16	0	1	12467520	1
0	3	16	0	2	-14929920	1
0	3	16	1	0	-12268800	1
0	3	16	1	1	67884480	1
0	3	16	1	2	4199040	1
0	3	16	2	0	-72083520	1
0	3	16	2	1	-165628800	1
0	3	16	2	2	7698240	1
0	3	16	3	0	-5540400	1
0	3	16	3	1	23619600	1
0	3	16	4	0	11489040	1
0	3	17	0	0	5341440	1
0	3	17	0	1	13949280	1
0	3	17	0	2	2280960	1
0	3	17	1	0	7378560	1
0	3	17	1	1	32788800	1
0	3	17	1	2	-33125760	1
0	3	17	2	0	-61892640	1
0	3	17	2	1	32425920	1
0	3	17	2	2	26943840	1
0	3	17	3	0	-36288000	1
0	3	17	3	1	-118000800	1
0	3	17	3	2	-6415200	1
0	3	17	4	0	8383500	1
0	3	17	4	1	33898500	1
0	3	17	5	0	1691280	1
0	3	18	0	0	1950720	1
0	3	18	0	1	17975040	1
0	3	18	0	2	9123840	1
0	3	18	1	0	11184000	1
0	3	18	1	1	-5832000	1
0	3	18	1	2	-18817920	1
0	3	18	2	0	-22654080	1
0	3	18	2	1	89501760	1
0	3	18	2	2	-5132160	1
0	3	18	3	0	-55788480	1
0	3	18	3	1	-73483200	1
0	3	18	3	2	6415200	1
0	3	18	4	0	1344600	1
0	3	18	5	0	1691280	1
0	3	19	0	0	1404800	3
0	3	19	0	1	13796000	1
0	3	19	0	2	4371840	1
0	3	19	1	0	6055040	1
0	3	19	1	1	6549120	1
0	3	19	1	2	10834560	1
0	3	19	2	0	3358080	1
0	3	19	2	1	12007440	1
0	3	19	2	2	-28654560	1
0	3	19	3	0	-39160800	1
0	3	19	3	1	55371600	1
0	3	19	3	2	12830400	1
0	3	19	4	0	-15784200	1
0	3	19	4	1	-58429350	1
0	3	19	4	2	-2405700	1
0	3	19	5	0	3557520	1
0	3	19	5	1	12072240	1
0	3	19	6	0	-238140	1
0	3	20	0	0	642560	9
0	3	20	0	1	19724480	3
0	3	20	0	2	-450560	1
0	3	20	1	0	5534080	3
0	3	20	1	1	20805760	1
0	3	20	1	2	14636160	1
0	3	20	2	0	6921600	1
0	3	20	2	1	-21444480	1
0	3	20	2	2	-7698240	1
0	3	20	3	0	-10539360	1
0	3	20	3	1	53730000	1
0	3	20	3	2	-7128000	1
0	3	20	4	0	-23466240	1
0	3	20	4	1	-17147700	1
0	3	20	4	2	3207600	1
0	3	20	5	0	1902960	1
0	3	20	5	1	-4024080	1
0	3	20	6	0	-158760	1
0	3	21	0	0	18880	3
0	3	21	0	1	6158560	3
0	3	21	0	2	-1436160	1
0	3	21	1	0	1001920	3
0	3	21	1	1	16232320	1
0	3	21	1	2	3864960	1
0	3	21	2	0	3056880	1
0	3	21	2	1	-572400	1
0	3	21	2	2	12497760	1
0	3	21	3	0	2443200	1
0	3	21	3	1	-5342400	1
0	3	21	3	2	-13543200	1
0	3	21	4	0	-13068720	1
0	3	21	4	1	33627150	1
0	3	21	4	2	3742200	1
0	3	21	5	0	-4921560	1
0	3	21	5	1	-19459440	1
0	3	21	5	2	-641520	1
0	3	21	6	0	1294650	1
0	3	21	6	1	3146850	1
0	3	21	7	0	-215460	1
0	3	22	0	0	19840	81
0	3	22	0	1	1274240	3
0	3	22	0	2	-2324480	3
0	3	22	1	0	910400	27
0	3	22	1	1	6764800	1
0	3	22	1	2	-2189440	1
0	3	22	2	0	6202240	9
0	3	22	2	1	12765280	1
0	3	22	2	2	9250560	1
0	3	22	3	0	2660800	1
0	3	22	3	1	-15532800	1
0	3	22	3	2	237600	1
0	3	22	4	0	-1929600	1
0	3	22	4	1	17312400	1
0	3	22	4	2	-3920400	1
0	3	22	5	0	-6378120	1
0	3	22	5	1	116640	1
0	3	22	5	2	1069200	1
0	3	22	6	0	627480	1
0	3	22	6	1	-2097900	1
0	3	22	7	0	-71820	1
0	3	23	0	1	4574240	81
0	3	23	0	2	-6321920	27
0	3	23	1	0	39680	27
0	3	23	1	1	15435200	9
0	3	23	1	2	-6427520	3
0	3	23	2	0	2203520	27
0	3	23	2	1	26545280	3
0	3	23	2	2	459360	1
0	3	23	3	0	2450800	3
0	3	23	3	1	-62000	1
0	3	23	3	2	6864000	1
0	3	23	4	0	1143500	1
0	3	23	4	1	-6566700	1
0	3	23	4	2	-3771900	1
0	3	23	5	0	-2488080	1
0	3	23	5	1	11619720	1
0	3	23	5	2	641520	1
0	3	23	6	0	-1228500	1
0	3	23	6	1	-4290300	1
0	3	23	6	2	-124740	1
0	3	23	7	0	343710	1
0	3	23	7	1	593730	1
0	3	23	8	0	-112455	2
0	3	24	0	1	355520	81
0	3	24	0	2	-1208320	27
0	3	24	1	1	7205440	27
0	3	24	1	2	-7519360	9
0	3	24	2	0	109120	27
0	3	24	2	1	26639360	9
0	3	24	2	2	-6480320	3
0	3	24	3	0	3172400	27
0	3	24	3	1	15875600	3
0	3	24	3	2	2851200	1
0	3	24	4	0	602800	1
0	3	24	4	1	-5427000	1
0	3	24	4	2	1346400	1
0	3	24	5	0	22800	1
0	3	24	5	1	2638440	1
0	3	24	5	2	-1259280	1
0	3	24	6	0	-1137360	1
0	3	24	6	1	1380960	1
0	3	24	6	2	249480	1
0	3	24	7	0	76590	1
0	3	24	7	1	-593730	1
0	3	25	0	1	12320	81
0	3	25	0	2	-48640	9
0	3	25	1	1	637120	27
0	3	25	1	2	-1708160	9
0	3	25	2	1	15081440	27
0	3	25	2	2	-11195360	9
0	3	25	3	0	545600	81
0	3	25	3	1	25071200	9
0	3	25	3	2	-695200	1
0	3	25	4	0	1002100	9
0	3	25	4	1	663600	1
0	3	25	4	2	2125200	1
0	3	25	5	0	824120	3
0	3	25	5	1	-2650200	1
0	3	25	5	2	-586080	1
0	3	25	6	0	-235690	1
0	3	25	6	1	2424030	1
0	3	25	6	2	41580	1
0	3	25	7	0	-229200	1
0	3	25	7	1	-591840	1
0	3	25	7	2	-17820	1
0	3	25	8	0	57870	1
0	3	25	8	1	159975	2
0	3	25	9	0	-8145	1
0	3	26	0	2	-10240	27
0	3	26	1	1	24640	27
0	3	26	1	2	-26240	1
0	3	26	2	1	1548800	27
0	3	26	2	2	-3160960	9
0	3	26	3	1	54788800	81
0	3	26	3	2	-26144800	27
0	3	26	4	0	68200	9
0	3	26	4	1	4404400	3
0	3	26	4	2	360800	1
0	3	26	5	0	651640	9
0	3	26	5	1	-961880	1
0	3	26	5	2	554400	1
0	3	26	6	0	197120	3
0	3	26	6	1	-51940	1
0	3	26	6	2	-258720	1
0	3	26	7	0	-122120	1
0	3	26	7	1	437700	1
0	3	26	7	2	41580	1
0	3	26	8	0	-3900	1
0	3	26	8	1	-106650	1
0	3	26	9	0	2715	1
0	3	27	0	2	-320	27
0	3	27	1	2	-18560	9
0	3	27	2	1	67760	27
0	3	27	2	2	-170720	3
0	3	27	3	1	6727600	81
0	3	27	3	2	-9944000	27
0	3	27	4	1	4652450	9
0	3	27	4	2	-1142900	3
0	3	27	5	0	54560	9
0	3	27	5	1	1021240	3
0	3	27	5	2	381920	1
0	3	27	6	0	292600	9
0	3	27	6	1	-554050	1
0	3	27	6	2	-27720	1
0	3	27	7	0	-990	1
0	3	27	7	1	288240	1
0	3	27	7	2	-7920	1
0	3	27	8	0	-27600	1
0	3	27	8	1	-332775	8
0	3	27	8	2	-7425	4
0	3	27	9	0	11025	2
0	3	27	9	1	7500	1
0	3	27	10	0	-2805	4
0	3	28	1	2	-640	9
0	3	28	2	2	-45760	9
0	3	28	3	1	338800	81
0	3	28	3	2	-651200	9
0	3	28	4	1	713900	9
0	3	28	4	2	-708400	3
0	3	28	5	1	2269960	9
0	3	28	5	2	-93280	3
0	3	28	6	0	95480	27
0	3	28	6	1	-169400	3
0	3	28	6	2	117040	1
0	3	28	7	0	87890	9
0	3	28	7	1	-90540	1
0	3	28	7	2	-34320	1
0	3	28	8	0	-17600	3
0	3	28	8	1	278325	4
0	3	28	8	2	4950	1
0	3	28	9	0	-12625	6
0	3	28	9	1	-12500	1
0	3	28	10	0	935	2
0	3	29	2	2	-1760	9
0	3	29	3	2	-202400	27
0	3	29	4	1	42350	9
0	3	29	4	2	-59400	1
0	3	29	5	1	469480	9
0	3	29	5	2	-273680	3
0	3	29	6	1	1965040	27
0	3	29	6	2	317240	9
0	3	29	7	0	13640	9
0	3	29	7	1	-179080	3
0	3	29	7	2	7480	1
0	3	29	8	0	62975	36
0	3	29	8	1	110425	8
0	3	29	8	2	-2475	1
0	3	29	9	0	-62975	36
0	3	29	9	1	1450	3
0	3	29	9	2	-275	2
0	3	29	10	0	10625	48
0	3	29	10	1	7445	16
0	3	29	11	0	-135	4
0	3	30	3	2	-8800	27
0	3	30	4	2	-22000	3
0	3	30	5	1	33880	9
0	3	30	5	2	-32560	1
0	3	30	6	1	643720	27
0	3	30	6	2	-160160	9
0	3	30	7	1	70180	9
0	3	30	7	2	42680	3
0	3	30	8	0	8525	18
0	3	30	8	1	-87725	6
0	3	30	8	2	-2750	1
0	3	30	9	0	3575	36
0	3	30	9	1	36175	6
0	3	30	9	2	825	2
0	3	30	10	0	-1265	6
0	3	30	10	1	-7445	8
0	3	30	11	0	135	4
0	3	31	4	2	-1100	3
0	3	31	5	2	-14960	3
0	3	31	6	1	59290	27
0	3	31	6	2	-35420	3
0	3	31	7	1	66550	9
0	3	31	7	2	880	3
0	3	31	8	1	-160325	72
0	3	31	8	2	10175	6
0	3	31	9	0	8525	81
0	3	31	9	1	-3025	4
0	3	31	9	2	-1925	6
0	3	31	10	0	-770	27
0	3	31	10	1	2815	8
0	3	31	10	2	-55	8
0	3	31	11	0	-535	144
0	3	31	11	1	275	16
0	3	31	12	0	-45	64
0	3	32	5	2	-880	3
0	3	32	6	2	-21560	9
0	3	32	7	1	8470	9
0	3	32	7	2	-2640	1
0	3	32	8	1	51425	36
0	3	32	8	2	2750	3
0	3	32	9	1	-305525	324
0	3	32	9	2	-5225	54
0	3	32	10	0	1705	108
0	3	32	10	1	4235	18
0	3	32	10	2	275	12
0	3	32	11	0	-2825	432
0	3	32	11	1	-1925	48
0	3	32	12	0	15	16
0	3	33	6	2	-1540	9
0	3	33	7	2	-2420	3
0	3	33	8	1	21175	72
0	3	33	8	2	-275	1
0	3	33	9	1	39325	324
0	3	33	9	2	8525	54
0	3	33	10	1	-26015	216
0	3	33	10	2	-1705	72
0	3	33	11	0	155	108
0	3	33	11	1	1925	72
0	3	33	11	2	-5	24
0	3	33	12	0	-755	1728
0	3	33	12	1	55	192
0	3	34	7	2	-220	3
0	3	34	8	2	-550	3
0	3	34	9	1	21175	324
0	3	34	9	2	275	18
0	3	34	10	1	-605	54
0	3	34	10	2	55	18
0	3	34	11	1	-55	54
0	3	34	11	2	55	72
0	3	34	12	0	155	2592
0	3	34	12	1	-55	72
0	3	35	8	2	-275	12
0	3	35	9	2	-1375	54
0	3	35	10	1	4235	432
0	3	35	10	2	55	8
0	3	35	11	1	-1595	432
0	3	35	11	2	-35	36
0	3	35	12	1	7315	10368
0	3	35	12	2	-5	1728
0	3	36	9	2	-275	54
0	3	36	10	2	-55	36
0	3	36	11	1	385	432
0	3	36	11	2	5	12
0	3	36	12	1	-1375	5184
0	3	36	12	2	5	432
0	3	37	10	2	-55	72
0	3	37	11	2	5	72
0	3	37	12	1	385	10368
0	3	37	12	2	-5	288
0	3	38	11	2	-5	72
0	3	38	12	2	5	432
0	3	39	12	2	-5	1728
0	4	12	0	0	-2799360	1
0	4	12	1	0	4199040	1
0	4	13	0	0	-10264320	1
0	4	13	1	0	13996800	1
0	4	14	0	0	-17107200	1
0	4	14	1	0	15396480	1
0	4	14	2	0	7698240	1
0	4	15	0	0	-17107200	1
0	4	15	2	0	23094720	1
0	4	16	0	0	-11404800	1
0	4	16	1	0	-17107200	1
0	4	16	2	0	25660800	1
0	4	16	3	0	6415200	1
0	4	17	0	0	-5322240	1
0	4	17	1	0	-20528640	1
0	4	17	2	0	8553600	1
0	4	17	3	0	17107200	1
0	4	18	0	0	-1774080	1
0	4	18	1	0	-13305600	1
0	4	18	2	0	-8553600	1
0	4	18	3	0	17107200	1
0	4	18	4	0	3207600	1
0	4	19	0	0	-422400	1
0	4	19	1	0	-5575680	1
0	4	19	2	0	-11975040	1
0	4	19	3	0	5702400	1
0	4	19	4	0	7484400	1
0	4	20	0	0	-70400	1
0	4	20	1	0	-1584000	1
0	4	20	2	0	-7096320	1
0	4	20	3	0	-3326400	1
0	4	20	4	0	6415200	1
0	4	20	5	0	1069200	1
0	4	21	0	0	-70400	9
0	4	21	1	0	-915200	3
0	4	21	2	0	-2534400	1
0	4	21	3	0	-4435200	1
0	4	21	4	0	1663200	1
0	4	21	5	0	2138400	1
0	4	22	0	0	-14080	27
0	4	22	1	0	-344960	9
0	4	22	2	0	-580800	1
0	4	22	3	0	-2217600	1
0	4	22	4	0	-1108800	1
0	4	22	5	0	1496880	1
0	4	22	6	0	249480	1
0	4	23	0	0	-1280	81
0	4	23	1	0	-25600	9
0	4	23	2	0	-756800	9
0	4	23	3	0	-633600	1
0	4	23	4	0	-1108800	1
0	4	23	5	0	221760	1
0	4	23	6	0	415800	1
0	4	24	1	0	-2560	27
0	4	24	2	0	-7040	1
0	4	24	3	0	-325600	3
0	4	24	4	0	-431200	1
0	4	24	5	0	-277200	1
0	4	24	6	0	221760	1
0	4	24	7	0	41580	1
0	4	25	2	0	-7040	27
0	4	25	3	0	-281600	27
0	4	25	4	0	-272800	3
0	4	25	5	0	-184800	1
0	4	25	7	0	55440	1
0	4	26	3	0	-35200	81
0	4	26	4	0	-30800	3
0	4	26	5	0	-154000	3
0	4	26	6	0	-46200	1
0	4	26	7	0	19800	1
0	4	26	8	0	4950	1
0	4	27	4	0	-4400	9
0	4	27	5	0	-7040	1
0	4	27	6	0	-58520	3
0	4	27	7	0	-4400	1
0	4	27	8	0	4950	1
0	4	28	5	0	-3520	9
0	4	28	6	0	-30800	9
0	4	28	7	0	-14300	3
0	4	28	8	0	825	1
0	4	28	9	0	825	2
0	4	29	6	0	-6160	27
0	4	29	7	0	-3520	3
0	4	29	8	0	-1925	3
0	4	29	9	0	275	1
0	4	30	7	0	-880	9
0	4	30	8	0	-275	1
0	4	30	9	0	-275	18
0	4	30	10	0	275	12
0	4	31	8	0	-275	9
0	4	31	9	0	-1100	27
0	4	31	10	0	275	36
0	4	32	9	0	-550	81
0	4	32	10	0	-55	18
0	4	32	11	0	55	72
0	4	33	10	0	-55	54
0	4	34	11	0	-5	54
0	4	34	12	0	5	432
0	4	35	12	0	-5	1296
1	0	1	0	0	10331213040	1
1	0	2	0	0	-43907655420	1
1	0	3	0	0	84084595020	1
1	0	3	0	1	18079622820	1
1	0	3	1	0	3443737680	1
1	0	4	0	0	-37498476960	1
1	0	4	0	1	-73179425700	1
1	0	4	1	0	-23819185620	1
1	0	5	0	0	-60201636480	1
1	0	5	0	1	127226975400	1
1	0	5	0	2	27549901440	1
1	0	5	1	0	67344203520	1
1	0	5	1	1	16357753980	1
1	0	5	2	0	3300248610	1
1	0	6	0	0	60828736860	1
1	0	6	0	1	-40113166680	1
1	0	6	0	2	-115652190420	1
1	0	6	1	0	-63517828320	1
1	0	6	1	1	-75044783610	1
1	0	6	2	0	-14205417930	1
1	0	7	0	0	30196477620	1
1	0	7	0	1	-135294249780	1
1	0	7	0	2	173558001780	1
1	0	7	0	3	16262094600	1
1	0	7	1	0	-25402879800	1
1	0	7	1	1	162238308480	1
1	0	7	1	2	42185786580	1
1	0	7	2	0	35601232590	1
1	0	7	2	1	12770527230	1
1	0	7	3	0	1243571940	1
1	0	8	0	0	-40469822640	1
1	0	8	0	1	88424696520	1
1	0	8	0	2	-29835097740	1
1	0	8	0	3	-79014647880	1
1	0	8	1	0	76665678660	1
1	0	8	1	1	-98199667980	1
1	0	8	1	2	-186105323790	1
1	0	8	2	0	-33603014430	1
1	0	8	2	1	-55458525555	1
1	0	8	3	0	-6138143550	1
1	0	9	0	0	-18827576820	1
1	0	9	0	1	88347932820	1
1	0	9	0	2	-215074172700	1
1	0	9	0	3	123953298840	1
1	0	9	0	4	-669615660	1
1	0	9	1	0	-578680200	1
1	0	9	1	1	-143187920100	1
1	0	9	1	2	317546626320	1
1	0	9	1	3	31153071420	1
1	0	9	2	0	-5126634180	1
1	0	9	2	1	117684952245	1
1	0	9	2	2	32970599640	1
1	0	9	3	0	15507448380	1
1	0	9	3	1	7676665245	1
1	0	9	4	0	1474748775	2
1	0	10	0	0	19888359300	1
1	0	10	0	1	-61154293680	1
1	0	10	0	2	156997119240	1
1	0	10	0	3	-6079685040	1
1	0	10	0	4	3720087000	1
1	0	10	1	0	-53604288540	1
1	0	10	1	1	158933926440	1
1	0	10	1	2	-145850439510	1
1	0	10	1	3	-162121391460	1
1	0	10	2	0	36139168980	1
1	0	10	2	1	-80802946845	1
1	0	10	2	2	-150326058465	1
1	0	10	3	0	-12819242655	1
1	0	10	3	1	-65274240825	2
1	0	10	4	0	-5646560625	2
1	0	11	0	0	18087714720	1
1	0	11	0	1	-51812741880	1
1	0	11	0	2	146687163840	1
1	0	11	0	3	-173935324890	1
1	0	11	0	4	-6891018300	1
1	0	11	0	5	31886460	1
1	0	11	1	0	-2586608640	1
1	0	11	1	1	80130673980	1
1	0	11	1	2	-292833438840	1
1	0	11	1	3	292901935680	1
1	0	11	1	4	-1434890700	1
1	0	11	2	0	-9108505080	1
1	0	11	2	1	-90606852315	1
1	0	11	2	2	276952505535	1
1	0	11	2	3	27722619765	1
1	0	11	3	0	-4490085960	1
1	0	11	3	1	66880078380	1
1	0	11	3	2	17609297535	1
1	0	11	4	0	6247974690	1
1	0	11	4	1	13256795745	4
1	0	11	5	0	927364545	4
1	0	12	0	0	-170775540	1
1	0	12	0	1	24418773540	1
1	0	12	0	2	-136465650720	1
1	0	12	0	3	111717952380	1
1	0	12	0	4	1752574320	1
1	0	12	0	5	-191318760	1
1	0	12	1	0	34583840190	1
1	0	12	1	1	-114569494200	1
1	0	12	1	2	346017692160	1
1	0	12	1	3	-109650450060	1
1	0	12	1	4	8329451940	1
1	0	12	2	0	-26660754720	1
1	0	12	2	1	127598688855	1
1	0	12	2	2	-179069635440	1
1	0	12	2	3	-153768910410	1
1	0	12	3	0	13813726230	1
1	0	12	3	1	-97803153945	2
1	0	12	3	2	-165775048335	2
1	0	12	4	0	-19081389105	4
1	0	12	4	1	-57453200775	4
1	0	12	5	0	-7912270755	8
1	0	13	0	0	-8360118540	1
1	0	13	0	1	28476125100	1
1	0	13	0	2	-91422811080	1
1	0	13	0	3	109392274710	1
1	0	13	0	4	9270693000	1
1	0	13	0	5	393266340	1
1	0	13	1	0	17864903160	1
1	0	13	1	1	-47642264100	1
1	0	13	1	2	140990116320	1
1	0	13	1	3	-301363657380	1
1	0	13	1	4	-16812431280	1
1	0	13	1	5	63772920	1
1	0	13	2	0	6383907675	1
1	0	13	2	1	36334522755	1
1	0	13	2	2	-181555598340	1
1	0	13	2	3	312871716990	1
1	0	13	2	4	-1543836105	1
1	0	13	3	0	-1964232180	1
1	0	13	3	1	-42853532355	1
1	0	13	3	2	160837666200	1
1	0	13	3	3	15130125270	1
1	0	13	4	0	-11324909295	4
1	0	13	4	1	58994970165	2
1	0	13	4	2	13782922335	2
1	0	13	5	0	2200756230	1
1	0	13	5	1	4317958125	4
1	0	13	6	0	59344245	1
1	0	14	0	0	-6470497080	1
1	0	14	0	1	-1736672400	1
1	0	14	0	2	60858917460	1
1	0	14	0	3	-112990917600	1
1	0	14	0	4	-7782920640	1
1	0	14	0	5	-165337200	1
1	0	14	1	0	-7365716370	1
1	0	14	1	1	54948353130	1
1	0	14	1	2	-276071658480	1
1	0	14	1	3	319705064100	1
1	0	14	1	4	7844069160	1
1	0	14	1	5	-403895160	1
1	0	14	2	0	21981832245	1
1	0	14	2	1	-91391044905	1
1	0	14	2	2	318119795280	1
1	0	14	2	3	-202209757560	1
1	0	14	2	4	9260064180	1
1	0	14	3	0	-9848137545	1
1	0	14	3	1	144394652025	2
1	0	14	3	2	-124652439000	1
1	0	14	3	3	-89025224850	1
1	0	14	4	0	23343086655	4
1	0	14	4	1	-23711421195	1
1	0	14	4	2	-136003723515	4
1	0	14	5	0	-14456474595	8
1	0	14	5	1	-39463332435	8
1	0	14	6	0	-4289614605	16
1	0	15	0	0	-2743805880	1
1	0	15	0	1	-10810553220	1
1	0	15	0	2	50047730820	1
1	0	15	0	3	-47920669200	1
1	0	15	0	4	-5894664840	1
1	0	15	0	5	-490106700	1
1	0	15	1	0	-13469224320	1
1	0	15	1	1	32723157600	1
1	0	15	1	2	-79116868260	1
1	0	15	1	3	106665063840	1
1	0	15	1	4	17966642400	1
1	0	15	1	5	921164400	1
1	0	15	2	0	6527605725	1
1	0	15	2	1	-16792124985	1
1	0	15	2	2	31918608900	1
1	0	15	2	3	-203584713525	1
1	0	15	2	4	-19992810420	1
1	0	15	2	5	58458510	1
1	0	15	3	0	3310385355	1
1	0	15	3	1	9199418670	1
1	0	15	3	2	-68750685090	1
1	0	15	3	3	200389670550	1
1	0	15	3	4	-1062882000	1
1	0	15	4	0	-533682675	4
1	0	15	4	1	-56644885575	4
1	0	15	4	2	280471235445	4
1	0	15	4	3	22907764305	4
1	0	15	5	0	-3472507665	4
1	0	15	5	1	20832191955	2
1	0	15	5	2	7793582265	4
1	0	15	6	0	9644768415	16
1	0	15	6	1	1937102445	8
1	0	15	7	0	186299595	16
1	0	16	0	0	-740536200	1
1	0	16	0	1	-4017008160	1
1	0	16	0	2	-11221028820	1
1	0	16	0	3	62698529520	1
1	0	16	0	4	7765424640	1
1	0	16	0	5	536164920	1
1	0	16	1	0	-7955635860	1
1	0	16	1	1	-13104379260	1
1	0	16	1	2	132591504150	1
1	0	16	1	3	-258585106320	1
1	0	16	1	4	-21080230560	1
1	0	16	1	5	-637729200	1
1	0	16	2	0	-8177168700	1
1	0	16	2	1	46226976210	1
1	0	16	2	2	-234733334400	1
1	0	16	2	3	355613941980	1
1	0	16	2	4	12942753480	1
1	0	16	2	5	-389723400	1
1	0	16	3	0	16978566735	2
1	0	16	3	1	-96421888485	2
1	0	16	3	2	181674877320	1
1	0	16	3	3	-176149039095	1
1	0	16	3	4	6575106150	1
1	0	16	4	0	-15033886335	4
1	0	16	4	1	125824769415	4
1	0	16	4	2	-253446673275	4
1	0	16	4	3	-70859685735	2
1	0	16	5	0	16880873445	8
1	0	16	5	1	-9385543305	1
1	0	16	5	2	-82319325165	8
1	0	16	6	0	-4549627035	8
1	0	16	6	1	-19886423805	16
1	0	16	7	0	-1862503875	32
1	0	17	0	0	-127398240	1
1	0	17	0	1	978826140	1
1	0	17	0	2	-18377963100	1
1	0	17	0	3	20244816000	1
1	0	17	0	4	2797347960	1
1	0	17	0	5	251811180	1
1	0	17	1	0	-2687206680	1
1	0	17	1	1	-16047236700	1
1	0	17	1	2	51536674440	1
1	0	17	1	3	-7595742600	1
1	0	17	1	4	-7305279840	1
1	0	17	1	5	-767637000	1
1	0	17	2	0	-8884845450	1
1	0	17	2	1	14683635450	1
1	0	17	2	2	-2379915270	1
1	0	17	2	3	-21727757520	1
1	0	17	2	4	15685251480	1
1	0	17	2	5	974308500	1
1	0	17	3	0	996632100	1
1	0	17	3	1	-399769020	1
1	0	17	3	2	-26368571520	1
1	0	17	3	3	-54295719525	1
1	0	17	3	4	-15113919600	1
1	0	17	3	5	32476950	1
1	0	17	4	0	4338122265	4
1	0	17	4	1	-2652623235	2
1	0	17	4	2	-51593899725	4
1	0	17	4	3	346252608765	4
1	0	17	4	4	-504868950	1
1	0	17	5	0	-457596945	2
1	0	17	5	1	-11112289155	4
1	0	17	5	2	46424619045	2
1	0	17	5	3	3262162005	2
1	0	17	6	0	-567078165	4
1	0	17	6	1	46279030455	16
1	0	17	6	2	2924401725	8
1	0	17	7	0	140274180	1
1	0	17	7	1	467963325	16
1	0	17	8	0	1869885	64
1	0	18	0	0	-12828440	1
1	0	18	0	1	1403302800	1
1	0	18	0	2	-2208713400	1
1	0	18	0	3	-22475858400	1
1	0	18	0	4	-4582882800	1
1	0	18	0	5	-505984320	1
1	0	18	1	0	-550899540	1
1	0	18	1	1	-2727817740	1
1	0	18	1	2	-37041419610	1
1	0	18	1	3	126975804120	1
1	0	18	1	4	18290784960	1
1	0	18	1	5	1328208840	1
1	0	18	2	0	-4089278070	1
1	0	18	2	1	-14562084420	1
1	0	18	2	2	113911452225	1
1	0	18	2	3	-226625585940	1
1	0	18	2	4	-25585800480	1
1	0	18	2	5	-909354600	1
1	0	18	3	0	-4233377790	1
1	0	18	3	1	23398386165	1
1	0	18	3	2	-118814031090	1
1	0	18	3	3	212446514070	1
1	0	18	3	4	12396353400	1
1	0	18	3	5	-227338650	1
1	0	18	4	0	2607743565	1
1	0	18	4	1	-18969010110	1
1	0	18	4	2	296278652745	4
1	0	18	4	3	-186170507325	2
1	0	18	4	4	3229488225	1
1	0	18	5	0	-10125252315	8
1	0	18	5	1	85348013985	8
1	0	18	5	2	-200538375615	8
1	0	18	5	3	-20905019055	2
1	0	18	6	0	9895048695	16
1	0	18	6	1	-49873693005	16
1	0	18	6	2	-34265445795	16
1	0	18	7	0	-331713225	2
1	0	18	7	1	-6122036295	32
1	0	18	8	0	-130465485	32
1	0	19	0	0	-1733840	3
1	0	19	0	1	595735500	1
1	0	19	0	2	3388579320	1
1	0	19	0	3	-8601106500	1
1	0	19	0	4	-1378437480	1
1	0	19	0	5	-83543400	1
1	0	19	1	0	-64166640	1
1	0	19	1	1	2663985900	1
1	0	19	1	2	-23170483440	1
1	0	19	1	3	-2231500320	1
1	0	19	1	4	1214698680	1
1	0	19	1	5	60886080	1
1	0	19	2	0	-1042564950	1
1	0	19	2	1	-9431079210	1
1	0	19	2	2	10892597445	1
1	0	19	2	3	67891893930	1
1	0	19	2	4	-1143975960	1
1	0	19	2	5	-400549050	1
1	0	19	3	0	-3285607680	1
1	0	19	3	1	2218488750	1
1	0	19	3	2	31411454535	1
1	0	19	3	3	-80515553175	1
1	0	19	3	4	7217318700	1
1	0	19	3	5	617062050	1
1	0	19	4	0	-281690865	2
1	0	19	4	1	14156731665	4
1	0	19	4	2	-119419228665	4
1	0	19	4	3	69471203175	8
1	0	19	4	4	-7910269650	1
1	0	19	4	5	48715425	4
1	0	19	5	0	464351130	1
1	0	19	5	1	-2920694760	1
1	0	19	5	2	13492029465	4
1	0	19	5	3	27103589415	1
1	0	19	5	4	-341598465	2
1	0	19	6	0	-3510940545	16
1	0	19	6	1	3781661985	16
1	0	19	6	2	88591116285	16
1	0	19	6	3	2954713545	8
1	0	19	7	0	506170215	16
1	0	19	7	1	4353212565	8
1	0	19	7	2	517564485	16
1	0	19	8	0	1152756765	64
1	0	19	8	1	62493525	64
1	0	19	9	0	-13876515	64
1	0	20	0	0	240	1
1	0	20	0	1	429565160	3
1	0	20	0	2	1467017160	1
1	0	20	0	3	4873473720	1
1	0	20	0	4	1809485280	1
1	0	20	0	5	287290800	1
1	0	20	1	0	-3277960	1
1	0	20	1	1	1853368560	1
1	0	20	1	2	3490427220	1
1	0	20	1	3	-44066527560	1
1	0	20	1	4	-9861863400	1
1	0	20	1	5	-1032264000	1
1	0	20	2	0	-144108720	1
1	0	20	2	1	386247270	1
1	0	20	2	2	-36385366320	1
1	0	20	2	3	92769288120	1
1	0	20	2	4	18712769040	1
1	0	20	2	5	1351041120	1
1	0	20	3	0	-1121966865	1
1	0	20	3	1	-7979451660	1
1	0	20	3	2	106836814215	2
1	0	20	3	3	-98028775800	1
1	0	20	3	4	-18478619100	1
1	0	20	3	5	-710884350	1
1	0	20	4	0	-1373135220	1
1	0	20	4	1	16077084525	2
1	0	20	4	2	-152405671905	4
1	0	20	4	3	304824457305	4
1	0	20	4	4	7858765800	1
1	0	20	4	5	-178623225	2
1	0	20	5	0	1307360655	2
1	0	20	5	1	-20610262485	4
1	0	20	5	2	168369508305	8
1	0	20	5	3	-66772160865	2
1	0	20	5	4	2266661475	2
1	0	20	6	0	-574334145	2
1	0	20	6	1	20082218625	8
1	0	20	6	2	-59270554035	8
1	0	20	6	3	-9640306935	4
1	0	20	7	0	3827209905	32
1	0	20	7	1	-23853904245	32
1	0	20	7	2	-7905775365	32
1	0	20	8	0	-523731825	16
1	0	20	8	1	-442812825	32
1	0	20	9	0	42613695	64
1	0	21	0	1	63160340	3
1	0	21	0	2	-95898640	3
1	0	21	0	3	2817214540	1
1	0	21	0	4	689610720	1
1	0	21	0	5	38986920	1
1	0	21	1	0	1440	1
1	0	21	1	1	565790440	1
1	0	21	1	2	5604510720	1
1	0	21	1	3	-2580696360	1
1	0	21	1	4	-263220480	1
1	0	21	1	5	177001200	1
1	0	21	2	0	-8492660	1
1	0	21	2	1	2184441210	1
1	0	21	2	2	-9076475820	1
1	0	21	2	3	-32368931460	1
1	0	21	2	4	-3576952710	1
1	0	21	2	5	-394534800	1
1	0	21	3	0	-191034400	1
1	0	21	3	1	-2694601170	1
1	0	21	3	2	-10577889900	1
1	0	21	3	3	68521630455	1
1	0	21	3	4	4075425900	1
1	0	21	3	5	14434200	1
1	0	21	4	0	-1481830335	2
1	0	21	4	1	-4557333645	4
1	0	21	4	2	95962593375	4
1	0	21	4	3	-426718037115	8
1	0	21	4	4	2234658375	2
1	0	21	4	5	1044675225	4
1	0	21	5	0	-165875985	1
1	0	21	5	1	4832185005	2
1	0	21	5	2	-15634047735	1
1	0	21	5	3	12024042165	1
1	0	21	5	4	-2961143325	1
1	0	21	5	5	3247695	1
1	0	21	6	0	764534295	4
1	0	21	6	1	-12061119105	8
1	0	21	6	2	14037000705	4
1	0	21	6	3	6482519505	1
1	0	21	6	4	-334118925	8
1	0	21	7	0	-188117235	2
1	0	21	7	1	1354434615	4
1	0	21	7	2	1678205385	2
1	0	21	7	3	135189405	2
1	0	21	8	0	183930345	8
1	0	21	8	1	3621901635	64
1	0	21	8	2	-106321005	32
1	0	21	9	0	-2059425	32
1	0	21	9	1	820125	8
1	0	21	10	0	-2263545	256
1	0	22	0	1	5422520	3
1	0	22	0	2	-568273640	3
1	0	22	0	3	-1102044320	3
1	0	22	0	4	-443527200	1
1	0	22	0	5	-110812320	1
1	0	22	1	1	98184580	1
1	0	22	1	2	983414260	1
1	0	22	1	3	10566815880	1
1	0	22	1	4	3754949520	1
1	0	22	1	5	515581200	1
1	0	22	2	0	3960	1
1	0	22	2	1	948230030	1
1	0	22	2	2	6386929410	1
1	0	22	2	3	-29412311940	1
1	0	22	2	4	-8705790360	1
1	0	22	2	5	-814730400	1
1	0	22	3	0	-39854650	3
1	0	22	3	1	978003735	1
1	0	22	3	2	-17155786470	1
1	0	22	3	3	28691945550	1
1	0	22	3	4	10680813900	1
1	0	22	3	5	745767000	1
1	0	22	4	0	-329977575	2
1	0	22	4	1	-2568007350	1
1	0	22	4	2	26964931725	2
1	0	22	4	3	-19543296465	1
1	0	22	4	4	-8572232025	1
1	0	22	4	5	-353637900	1
1	0	22	5	0	-590473125	2
1	0	22	5	1	1638024525	1
1	0	22	5	2	-49318295445	8
1	0	22	5	3	16849336905	1
1	0	22	5	4	3456487890	1
1	0	22	5	5	-24898995	1
1	0	22	6	0	396878265	4
1	0	22	6	1	-2763696915	4
1	0	22	6	2	54789116445	16
1	0	22	6	3	-8726946480	1
1	0	22	6	4	288115380	1
1	0	22	7	0	-88797465	4
1	0	22	7	1	4643067825	16
1	0	22	7	2	-23978920455	16
1	0	22	7	3	-444496815	1
1	0	22	8	0	189776925	32
1	0	22	8	1	-1645006725	16
1	0	22	8	2	60875145	16
1	0	22	9	0	-19268685	8
1	0	22	9	1	-25110405	32
1	0	22	10	0	5281605	64
1	0	23	0	1	71520	1
1	0	23	0	2	-64236400	1
1	0	23	0	3	-544572680	1
1	0	23	0	4	-787120000	3
1	0	23	0	5	-25308120	1
1	0	23	1	1	9631480	1
1	0	23	1	2	-455360920	1
1	0	23	1	3	2168651360	1
1	0	23	1	4	381373200	1
1	0	23	1	5	-93886560	1
1	0	23	2	1	202107620	1
1	0	23	2	2	3060302630	1
1	0	23	2	3	7184243790	1
1	0	23	2	4	2044134480	1
1	0	23	2	5	433827900	1
1	0	23	3	0	6600	1
1	0	23	3	1	2562516550	3
1	0	23	3	2	650434920	1
1	0	23	3	3	-26775210915	1
1	0	23	3	4	-5057756100	1
1	0	23	3	5	-467775000	1
1	0	23	4	0	-13967250	1
1	0	23	4	1	-933771645	4
1	0	23	4	2	-8757580860	1
1	0	23	4	3	249020012475	8
1	0	23	4	4	8374065525	2
1	0	23	4	5	123292125	1
1	0	23	5	0	-96343290	1
1	0	23	5	1	-1551180285	2
1	0	23	5	2	9301160745	1
1	0	23	5	3	-18983679615	1
1	0	23	5	4	-1325546775	2
1	0	23	5	5	77944680	1
1	0	23	6	0	-232835715	4
1	0	23	6	1	1524061035	2
1	0	23	6	2	-77807904615	16
1	0	23	6	3	4777760295	1
1	0	23	6	4	-3210833115	4
1	0	23	6	5	2525985	4
1	0	23	7	0	87724485	2
1	0	23	7	1	-1458281475	4
1	0	23	7	2	20044993455	16
1	0	23	7	3	2443443975	2
1	0	23	7	4	-29622915	4
1	0	23	8	0	-542170665	32
1	0	23	8	1	5337855855	64
1	0	23	8	2	1547357175	32
1	0	23	8	3	155572245	16
1	0	23	9	0	29936385	8
1	0	23	9	1	96467355	32
1	0	23	9	2	-46572165	32
1	0	23	10	0	-172530	1
1	0	23	10	1	2591595	32
1	0	23	11	0	-54675	64
1	0	24	0	2	-30978200	3
1	0	24	0	3	-89670600	1
1	0	24	0	4	117096320	3
1	0	24	0	5	27361200	1
1	0	24	1	1	429120	1
1	0	24	1	2	-248003100	1
1	0	24	1	3	-1426123920	1
1	0	24	1	4	-982396400	1
1	0	24	1	5	-190329120	1
1	0	24	2	1	23149280	1
1	0	24	2	2	-177155660	1
1	0	24	2	3	7243551460	1
1	0	24	2	4	2999124000	1
1	0	24	2	5	328006800	1
1	0	24	3	1	718409725	3
1	0	24	3	2	10548095785	3
1	0	24	3	3	-7485302650	1
1	0	24	3	4	-3891783600	1
1	0	24	3	5	-296703000	1
1	0	24	4	0	7425	1
1	0	24	4	1	415724100	1
1	0	24	4	2	-3859926705	1
1	0	24	4	3	3339714375	4
1	0	24	4	4	3427532550	1
1	0	24	4	5	238565250	1
1	0	24	5	0	-10391205	1
1	0	24	5	1	-450460035	1
1	0	24	5	2	732156255	1
1	0	24	5	3	948821985	2
1	0	24	5	4	-5085233055	2
1	0	24	5	5	-120285000	1
1	0	24	6	0	-37909515	1
1	0	24	6	1	399162015	4
1	0	24	6	2	891003645	2
1	0	24	6	3	8341009425	4
1	0	24	6	4	2150259615	2
1	0	24	6	5	-5051970	1
1	0	24	7	0	22228155	8
1	0	24	7	1	219864105	8
1	0	24	7	2	839417175	32
1	0	24	7	3	-13958409645	8
1	0	24	7	4	53173260	1
1	0	24	8	0	132680295	32
1	0	24	8	1	-48472425	8
1	0	24	8	2	-2804809275	16
1	0	24	8	3	-2064291075	32
1	0	24	9	0	-97021665	64
1	0	24	9	1	-102638745	16
1	0	24	9	2	25781085	4
1	0	24	10	0	3577365	64
1	0	24	10	1	-19244385	64
1	0	24	11	0	606285	128
1	0	25	0	2	-2473840	3
1	0	25	0	3	109045960	3
1	0	25	0	4	174266300	3
1	0	25	0	5	11237400	1
1	0	25	1	2	-49106200	1
1	0	25	1	3	-618009780	1
1	0	25	1	4	-243975200	1
1	0	25	1	5	12826800	1
1	0	25	2	1	1180080	1
1	0	25	2	2	-394332810	1
1	0	25	2	3	-362014080	1
1	0	25	2	4	-460557700	1
1	0	25	2	5	-195398280	1
1	0	25	3	1	99059950	3
1	0	25	3	2	1624703600	3
1	0	25	3	3	18833463275	3
1	0	25	3	4	2273931900	1
1	0	25	3	5	339916500	1
1	0	25	4	1	710479275	4
1	0	25	4	2	3287656605	2
1	0	25	4	3	-80029915695	8
1	0	25	4	4	-6213162825	2
1	0	25	4	5	-254937375	1
1	0	25	5	0	5940	1
1	0	25	5	1	73281945	1
1	0	25	5	2	-2883424725	1
1	0	25	5	3	7919023050	1
1	0	25	5	4	2074290120	1
1	0	25	5	5	72972900	1
1	0	25	6	0	-11210045	2
1	0	25	6	1	-748736415	4
1	0	25	6	2	7831170585	4
1	0	25	6	3	-4278839985	1
1	0	25	6	4	-3948375375	8
1	0	25	6	5	16839900	1
1	0	25	7	0	-9481095	1
1	0	25	7	1	436550535	4
1	0	25	7	2	-853501320	1
1	0	25	7	3	9548952705	8
1	0	25	7	4	-630826785	4
1	0	25	7	5	360855	4
1	0	25	8	0	68703255	16
1	0	25	8	1	-2344666095	64
1	0	25	8	2	7685214795	32
1	0	25	8	3	2894767875	16
1	0	25	8	4	-60415875	64
1	0	25	9	0	-31861395	32
1	0	25	9	1	474275925	64
1	0	25	9	2	-266823315	32
1	0	25	9	3	66311055	64
1	0	25	10	0	24350895	128
1	0	25	10	1	13607595	32
1	0	25	10	2	-25576965	128
1	0	25	11	0	-807975	64
1	0	25	11	1	1592865	128
1	0	25	12	0	-120285	512
1	0	26	0	2	-25240	1
1	0	26	0	3	19468880	1
1	0	26	0	4	30417800	3
1	0	26	0	5	-2975040	1
1	0	26	1	2	-4498580	1
1	0	26	1	3	19402700	1
1	0	26	1	4	142585600	1
1	0	26	1	5	50446800	1
1	0	26	2	2	-103366010	1
1	0	26	2	3	-1166627100	1
1	0	26	2	4	-769710400	1
1	0	26	2	5	-109335600	1
1	0	26	3	1	1966800	1
1	0	26	3	2	-310027700	1
1	0	26	3	3	1941582890	1
1	0	26	3	4	3325752100	3
1	0	26	3	5	68920500	1
1	0	26	4	1	61780125	2
1	0	26	4	2	1676433075	2
1	0	26	4	3	775679595	2
1	0	26	4	4	-724501125	1
1	0	26	4	5	-26284500	1
1	0	26	5	1	165760485	2
1	0	26	5	2	-95438580	1
1	0	26	5	3	-2148687945	1
1	0	26	5	4	438741405	1
1	0	26	5	5	39293100	1
1	0	26	6	0	3465	1
1	0	26	6	1	-115903865	4
1	0	26	6	2	-1167308415	2
1	0	26	6	3	1277442495	1
1	0	26	6	4	-871580115	2
1	0	26	6	5	-29002050	1
1	0	26	7	0	-8826015	4
1	0	26	7	1	-183466215	8
1	0	26	7	2	870910335	2
1	0	26	7	3	87646185	4
1	0	26	7	4	951309765	4
1	0	26	7	5	-3007125	4
1	0	26	8	0	-37883025	32
1	0	26	8	1	284162265	16
1	0	26	8	2	-919773225	8
1	0	26	8	3	-1085542155	4
1	0	26	8	4	225801675	32
1	0	26	9	0	54728415	64
1	0	26	9	1	-241119585	64
1	0	26	9	2	-144520875	32
1	0	26	9	3	-447585345	64
1	0	26	10	0	-26437815	128
1	0	26	10	1	-4684365	16
1	0	26	10	2	4129785	4
1	0	26	11	0	1665765	128
1	0	26	11	1	-6568695	128
1	0	26	12	0	45765	64
1	0	27	0	3	3921710	1
1	0	27	0	4	-12487540	3
1	0	27	0	5	-2616660	1
1	0	27	1	2	-151440	1
1	0	27	1	3	63936480	1
1	0	27	1	4	70457140	1
1	0	27	1	5	5659200	1
1	0	27	2	2	-11136070	1
1	0	27	2	3	-183655055	1
1	0	27	2	4	-4265800	1
1	0	27	2	5	48203100	1
1	0	27	3	2	-376759900	3
1	0	27	3	3	-810551325	1
1	0	27	3	4	-1714886900	3
1	0	27	3	5	-131528100	1
1	0	27	4	1	2212650	1
1	0	27	4	2	-86630850	1
1	0	27	4	3	17278827165	8
1	0	27	4	4	2252106525	2
1	0	27	4	5	272460375	2
1	0	27	5	1	19706115	1
1	0	27	5	2	524981895	1
1	0	27	5	3	-1921077255	1
1	0	27	5	4	-2141083395	2
1	0	27	5	5	-81081000	1
1	0	27	6	1	22094380	1
1	0	27	6	2	-429414335	1
1	0	27	6	3	4554408075	4
1	0	27	6	4	611150085	1
1	0	27	6	5	23856525	1
1	0	27	7	0	1485	1
1	0	27	7	1	-76821855	4
1	0	27	7	2	162031275	1
1	0	27	7	3	-5150656215	8
1	0	27	7	4	-162298215	1
1	0	27	7	5	10625175	4
1	0	27	8	0	-10054275	16
1	0	27	8	1	297897345	64
1	0	27	8	2	-1842741945	32
1	0	27	8	3	27630967725	128
1	0	27	8	4	-1422382275	64
1	0	27	8	5	601425	64
1	0	27	9	0	923825	16
1	0	27	9	1	-33702825	64
1	0	27	9	2	365349825	16
1	0	27	9	3	322899885	16
1	0	27	9	4	-5400675	64
1	0	27	10	0	3829905	128
1	0	27	10	1	17203545	128
1	0	27	10	2	-65640915	32
1	0	27	10	3	19299465	256
1	0	27	11	0	3825	32
1	0	27	11	1	10792035	128
1	0	27	11	2	-428085	32
1	0	27	12	0	-604935	512
1	0	27	12	1	601425	1024
1	0	28	0	3	1173700	3
1	0	28	0	4	-7020400	3
1	0	28	0	5	-309960	1
1	0	28	1	3	17306100	1
1	0	28	1	4	-881180	1
1	0	28	1	5	-7836480	1
1	0	28	2	2	-416460	1
1	0	28	2	3	75014610	1
1	0	28	2	4	127249520	1
1	0	28	2	5	30175200	1
1	0	28	3	2	-49505225	3
1	0	28	3	3	-1124198200	3
1	0	28	3	4	-799145900	3
1	0	28	3	5	-16899300	1
1	0	28	4	2	-95624925	1
1	0	28	4	3	118666575	4
1	0	28	4	4	113415900	1
1	0	28	4	5	-19564875	1
1	0	28	5	1	1770120	1
1	0	28	5	2	107893575	2
1	0	28	5	3	1368502785	2
1	0	28	5	4	210699825	2
1	0	28	5	5	20017800	1
1	0	28	6	1	8575105	1
1	0	28	6	2	284190235	2
1	0	28	6	3	-2927526805	4
1	0	28	6	4	-92400210	1
1	0	28	6	5	-311850	1
1	0	28	7	1	14166735	8
1	0	28	7	2	-664292805	4
1	0	28	7	3	2847588795	8
1	0	28	7	4	-83693835	4
1	0	28	7	5	-20114325	4
1	0	28	8	0	7425	16
1	0	28	8	1	-121751025	32
1	0	28	8	2	2638943595	32
1	0	28	8	3	-3269979855	64
1	0	28	8	4	594704025	16
1	0	28	8	5	-2606175	32
1	0	28	9	0	-12101375	96
1	0	28	9	1	9986655	8
1	0	28	9	2	-1444580445	64
1	0	28	9	3	-2044510875	64
1	0	28	9	4	42014025	64
1	0	28	10	0	364845	8
1	0	28	10	1	-8702745	128
1	0	28	10	2	106091865	64
1	0	28	10	3	-66863205	128
1	0	28	11	0	-2475045	256
1	0	28	11	1	-8678475	128
1	0	28	11	2	4822605	64
1	0	28	12	0	333945	256
1	0	28	12	1	-1374165	512
1	0	29	0	3	16110	1
1	0	29	0	4	-1464280	3
1	0	29	0	5	198900	1
1	0	29	1	3	2057420	1
1	0	29	1	4	-7436240	1
1	0	29	1	5	-2621160	1
1	0	29	2	3	32867670	1
1	0	29	2	4	24991655	1
1	0	29	2	5	-4870800	1
1	0	29	3	2	-694100	1
1	0	29	3	3	19378975	1
1	0	29	3	4	222109900	3
1	0	29	3	5	32412600	1
1	0	29	4	2	-32497575	2
1	0	29	4	3	-2433304425	8
1	0	29	4	4	-506947875	2
1	0	29	4	5	-85602825	2
1	0	29	5	2	-45464925	1
1	0	29	5	3	344436795	1
1	0	29	5	4	294110895	1
1	0	29	5	5	29655450	1
1	0	29	6	1	1032570	1
1	0	29	6	2	249701025	4
1	0	29	6	3	-143878035	1
1	0	29	6	4	-1659324415	8
1	0	29	6	5	-15661800	1
1	0	29	7	1	9694245	4
1	0	29	7	2	-14458695	2
1	0	29	7	3	256383105	4
1	0	29	7	4	108908010	1
1	0	29	7	5	20337075	4
1	0	29	8	1	-47489475	64
1	0	29	8	2	-227833365	16
1	0	29	8	3	-7822670175	128
1	0	29	8	4	-520835175	16
1	0	29	8	5	19446075	64
1	0	29	9	0	825	8
1	0	29	9	1	-9741325	96
1	0	29	9	2	87475935	16
1	0	29	9	3	1845930825	64
1	0	29	9	4	-4379175	2
1	0	29	9	5	22275	32
1	0	29	10	0	-1079705	64
1	0	29	10	1	122985	128
1	0	29	10	2	4507635	16
1	0	29	10	3	200524725	128
1	0	29	10	4	-1286685	256
1	0	29	11	0	103815	16
1	0	29	11	1	2990415	128
1	0	29	11	2	-5639895	32
1	0	29	11	3	422685	128
1	0	29	12	0	-455715	512
1	0	29	12	1	5364405	1024
1	0	29	12	2	-93555	256
1	0	30	0	4	-149920	3
1	0	30	0	5	90000	1
1	0	30	1	3	96660	1
1	0	30	1	4	-2132600	1
1	0	30	1	5	253800	1
1	0	30	2	3	4860460	1
1	0	30	2	4	-7999420	1
1	0	30	2	5	-5559840	1
1	0	30	3	3	34226500	1
1	0	30	3	4	140685100	3
1	0	30	3	5	5959800	1
1	0	30	4	2	-1561725	2
1	0	30	4	3	-40337550	1
1	0	30	4	4	-26457375	1
1	0	30	4	5	7929900	1
1	0	30	5	2	-22292985	2
1	0	30	5	3	-99434955	1
1	0	30	5	4	-56033880	1
1	0	30	5	5	-15102450	1
1	0	30	6	2	-46486825	4
1	0	30	6	3	171157140	1
1	0	30	6	4	87258325	1
1	0	30	6	5	9112950	1
1	0	30	7	1	442530	1
1	0	30	7	2	106184385	4
1	0	30	7	3	-120517695	1
1	0	30	7	4	-50451990	1
1	0	30	7	5	-6957225	4
1	0	30	8	1	11720775	32
1	0	30	8	2	-490348425	32
1	0	30	8	3	890517225	16
1	0	30	8	4	133361775	16
1	0	30	8	5	-10001475	16
1	0	30	9	1	-39559025	192
1	0	30	9	2	1018468465	192
1	0	30	9	3	-788335705	64
1	0	30	9	4	128385975	32
1	0	30	9	5	-200475	32
1	0	30	10	0	495	32
1	0	30	10	1	3736315	128
1	0	30	10	2	-203346645	128
1	0	30	10	3	-84466035	32
1	0	30	10	4	2602575	64
1	0	30	11	0	-172595	128
1	0	30	11	1	992655	256
1	0	30	11	2	27376845	128
1	0	30	11	3	-3026115	128
1	0	30	12	0	166715	512
1	0	30	12	1	-184545	32
1	0	30	12	2	140805	64
1	0	31	0	4	-6280	3
1	0	31	0	5	16740	1
1	0	31	1	4	-262160	1
1	0	31	1	5	313200	1
1	0	31	2	3	265815	1
1	0	31	2	4	-3986620	1
1	0	31	2	5	-549450	1
1	0	31	3	3	20315075	3
1	0	31	3	4	-1644500	3
1	0	31	3	5	-4692600	1
1	0	31	4	3	158946975	8
1	0	31	4	4	70458375	2
1	0	31	4	5	9511425	1
1	0	31	5	2	-624690	1
1	0	31	5	3	-47376945	1
1	0	31	5	4	-106116465	2
1	0	31	5	5	-6379560	1
1	0	31	6	2	-21685895	4
1	0	31	6	3	12240725	1
1	0	31	6	4	140271145	4
1	0	31	6	5	5457375	2
1	0	31	7	2	31515	1
1	0	31	7	3	60677145	4
1	0	31	7	4	-69011835	4
1	0	31	7	5	-6630525	4
1	0	31	8	1	1106325	8
1	0	31	8	2	84676275	16
1	0	31	8	3	-538396245	64
1	0	31	8	4	41527275	4
1	0	31	8	5	47230425	64
1	0	31	9	1	-529375	96
1	0	31	9	2	-349904825	96
1	0	31	9	3	-47329205	24
1	0	31	9	4	-134553375	32
1	0	31	9	5	393525	16
1	0	31	10	1	-4345	64
1	0	31	10	2	145258765	128
1	0	31	10	3	686944005	256
1	0	31	10	4	-4583175	32
1	0	31	10	5	4455	128
1	0	31	11	0	45	32
1	0	31	11	1	-1153795	128
1	0	31	11	2	-254805	2
1	0	31	11	3	9498825	128
1	0	31	11	4	-11475	64
1	0	31	12	0	-9305	192
1	0	31	12	1	4117305	1024
1	0	31	12	2	-1465905	256
1	0	31	12	3	66825	1024
1	0	32	0	5	1560	1
1	0	32	1	4	-12560	1
1	0	32	1	5	75600	1
1	0	32	2	4	-617320	1
1	0	32	2	5	415800	1
1	0	32	3	3	443025	1
1	0	32	3	4	-12097250	3
1	0	32	3	5	-1524600	1
1	0	32	4	3	24491775	4
1	0	32	4	4	6552150	1
1	0	32	4	5	-935550	1
1	0	32	5	3	9148095	2
1	0	32	5	4	17776815	2
1	0	32	5	5	4241160	1
1	0	32	6	2	-728805	2
1	0	32	6	3	-90172005	4
1	0	32	6	4	-44856385	2
1	0	32	6	5	-3846150	1
1	0	32	7	2	-14882835	8
1	0	32	7	3	153560685	8
1	0	32	7	4	38725845	2
1	0	32	7	5	7417575	4
1	0	32	8	2	36705075	32
1	0	32	8	3	-164276325	16
1	0	32	8	4	-37832475	4
1	0	32	8	5	-13669425	32
1	0	32	9	1	122925	4
1	0	32	9	2	8855425	64
1	0	32	9	3	165996955	32
1	0	32	9	4	206616875	96
1	0	32	9	5	-872025	16
1	0	32	10	1	-221815	16
1	0	32	10	2	-11745155	64
1	0	32	10	3	-50500135	32
1	0	32	10	4	1138905	4
1	0	32	10	5	-10395	32
1	0	32	11	1	1577395	256
1	0	32	11	2	1770505	256
1	0	32	11	3	-34258095	256
1	0	32	11	4	192945	128
1	0	32	12	0	15	256
1	0	32	12	1	-1471465	768
1	0	32	12	2	2150535	256
1	0	32	12	3	-248085	512
1	0	33	0	5	60	1
1	0	33	1	5	8280	1
1	0	33	2	4	-34540	1
1	0	33	2	5	148500	1
1	0	33	3	4	-2568500	3
1	0	33	3	5	202950	1
1	0	33	4	3	3987225	8
1	0	33	4	4	-4361775	2
1	0	33	4	5	-1447875	1
1	0	33	5	3	7404375	2
1	0	33	5	4	6604950	1
1	0	33	5	5	1122660	1
1	0	33	6	3	-1842225	1
1	0	33	6	4	-29906065	8
1	0	33	6	5	41580	1
1	0	33	7	2	-312345	2
1	0	33	7	3	-33680295	8
1	0	33	7	4	-3019065	4
1	0	33	7	5	-913275	4
1	0	33	8	2	-1746525	4
1	0	33	8	3	295519575	64
1	0	33	8	4	70716525	64
1	0	33	8	5	-1937925	64
1	0	33	9	2	39574975	96
1	0	33	9	3	-138993975	64
1	0	33	9	4	7343125	48
1	0	33	9	5	2330625	32
1	0	33	10	1	73755	16
1	0	33	10	2	-18947925	128
1	0	33	10	3	22425915	64
1	0	33	10	4	-43914725	128
1	0	33	10	5	85635	64
1	0	33	11	1	-313015	128
1	0	33	11	2	1317115	32
1	0	33	11	3	38940575	256
1	0	33	11	4	-357795	64
1	0	33	11	5	135	128
1	0	33	12	1	2008835	3072
1	0	33	12	2	-11608655	1536
1	0	33	12	3	1635865	1024
1	0	33	12	4	-1485	512
1	0	34	1	5	360	1
1	0	34	2	5	19800	1
1	0	34	3	4	-172700	3
1	0	34	3	5	163350	1
1	0	34	4	4	-768900	1
1	0	34	4	5	-89100	1
1	0	34	5	3	797445	2
1	0	34	5	4	-326535	1
1	0	34	5	5	-623700	1
1	0	34	6	3	1461845	1
1	0	34	6	4	5827745	2
1	0	34	6	5	810810	1
1	0	34	7	3	-7301745	4
1	0	34	7	4	-12632955	4
1	0	34	7	5	-1893375	4
1	0	34	8	2	-1561725	32
1	0	34	8	3	9090675	16
1	0	34	8	4	59644875	32
1	0	34	8	5	1626075	8
1	0	34	9	2	-12454475	192
1	0	34	9	3	-28661725	192
1	0	34	9	4	-2540825	3
1	0	34	9	5	-1789425	32
1	0	34	10	2	9104975	128
1	0	34	10	3	12665865	64
1	0	34	10	4	3881375	16
1	0	34	10	5	-101475	32
1	0	34	11	1	6705	16
1	0	34	11	2	-836475	32
1	0	34	11	3	-14259975	128
1	0	34	11	4	765565	64
1	0	34	11	5	-1305	128
1	0	34	12	1	-232355	1536
1	0	34	12	2	6459935	1536
1	0	34	12	3	-4741255	1536
1	0	34	12	4	405	16
1	0	35	2	5	990	1
1	0	35	3	5	28050	1
1	0	35	4	4	-129525	2
1	0	35	4	5	423225	4
1	0	35	5	4	-459690	1
1	0	35	5	5	-178200	1
1	0	35	6	3	1860705	8
1	0	35	6	4	729575	2
1	0	35	6	5	-51975	1
1	0	35	7	3	2619705	8
1	0	35	7	4	905685	2
1	0	35	7	5	654885	4
1	0	35	8	3	-78568875	128
1	0	35	8	4	-44537475	64
1	0	35	8	5	-5858325	64
1	0	35	9	2	-173525	16
1	0	35	9	3	6368725	16
1	0	35	9	4	72373975	192
1	0	35	9	5	131175	8
1	0	35	10	2	-627935	128
1	0	35	10	3	-47055845	256
1	0	35	10	4	-4792585	64
1	0	35	10	5	601425	128
1	0	35	11	2	384725	64
1	0	35	11	3	12718065	256
1	0	35	11	4	-516925	32
1	0	35	11	5	5625	128
1	0	35	12	1	2235	128
1	0	35	12	2	-172295	128
1	0	35	12	3	7962905	2048
1	0	35	12	4	-151445	1536
1	0	35	12	5	15	1024
1	0	36	3	5	1650	1
1	0	36	4	5	51975	2
1	0	36	5	4	-51810	1
1	0	36	5	5	35640	1
1	0	36	6	4	-177485	1
1	0	36	6	5	-103950	1
1	0	36	7	3	797445	8
1	0	36	7	4	1110945	4
1	0	36	7	5	245025	4
1	0	36	8	3	568425	64
1	0	36	8	4	-1934625	16
1	0	36	8	5	-601425	32
1	0	36	9	3	-5359475	64
1	0	36	9	4	4829875	192
1	0	36	9	5	76725	8
1	0	36	10	2	-104115	64
1	0	36	10	3	6452985	128
1	0	36	10	4	-702995	32
1	0	36	10	5	-69795	16
1	0	36	11	2	-1895	256
1	0	36	11	3	-1176125	128
1	0	36	11	4	898135	64
1	0	36	11	5	-14175	128
1	0	36	12	2	34045	192
1	0	36	12	3	-3442065	1024
1	0	36	12	4	21655	96
1	0	36	12	5	-75	512
1	0	37	4	5	7425	4
1	0	37	5	5	16335	1
1	0	37	6	4	-60445	2
1	0	37	7	4	-74415	2
1	0	37	7	5	-111375	4
1	0	37	8	3	3987225	128
1	0	37	8	4	2825625	32
1	0	37	8	5	1492425	64
1	0	37	9	3	-3608275	192
1	0	37	9	4	-3069275	48
1	0	37	9	5	-319275	32
1	0	37	10	3	599445	128
1	0	37	10	4	7280555	256
1	0	37	10	5	72765	32
1	0	37	11	2	-9465	64
1	0	37	11	3	-860505	256
1	0	37	11	4	-238525	32
1	0	37	11	5	11475	64
1	0	37	12	2	27595	1536
1	0	37	12	3	12548645	6144
1	0	37	12	4	-257635	768
1	0	37	12	5	675	1024
1	0	38	5	5	1485	1
1	0	38	6	5	6930	1
1	0	38	7	4	-25905	2
1	0	38	7	5	-22275	4
1	0	38	8	4	4125	8
1	0	38	8	5	-22275	16
1	0	38	9	3	443025	64
1	0	38	9	4	1138775	96
1	0	38	9	5	61875	32
1	0	38	10	3	-379775	64
1	0	38	10	4	-532675	64
1	0	38	10	5	-4455	16
1	0	38	11	3	90975	32
1	0	38	11	4	14765	8
1	0	38	11	5	-12285	64
1	0	38	12	2	-3155	512
1	0	38	12	3	-111755	128
1	0	38	12	4	32515	96
1	0	38	12	5	-225	128
1	0	39	6	5	3465	4
1	0	39	7	5	7425	4
1	0	39	8	4	-129525	32
1	0	39	8	5	-155925	64
1	0	39	9	4	135025	48
1	0	39	9	5	17325	16
1	0	39	10	3	265815	256
1	0	39	10	4	-38335	64
1	0	39	10	5	-51975	128
1	0	39	11	3	-210595	256
1	0	39	11	4	19885	64
1	0	39	11	5	8505	64
1	0	39	12	3	521365	2048
1	0	39	12	4	-180565	768
1	0	39	12	5	1575	512
1	0	40	7	5	1485	4
1	0	40	8	5	7425	32
1	0	40	9	4	-43175	48
1	0	40	9	5	-7425	16
1	0	40	10	4	26455	32
1	0	40	10	5	7425	32
1	0	40	11	3	24165	256
1	0	40	11	4	-48775	128
1	0	40	11	5	-3375	64
1	0	40	12	3	-141545	3072
1	0	40	12	4	10645	96
1	0	40	12	5	-945	256
1	0	41	8	5	7425	64
1	0	41	9	5	-825	32
1	0	41	10	4	-8635	64
1	0	41	10	5	-1485	64
1	0	41	11	4	7165	64
1	0	41	11	5	675	128
1	0	41	12	3	8055	2048
1	0	41	12	4	-52355	1536
1	0	41	12	5	1575	512
1	0	42	9	5	825	32
1	0	42	10	5	-495	32
1	0	42	11	4	-785	64
1	0	42	11	5	675	128
1	0	42	12	4	595	96
1	0	42	12	5	-225	128
1	0	43	10	5	495	128
1	0	43	11	5	-315	128
1	0	43	12	4	-785	1536
1	0	43	12	5	675	1024
1	0	44	11	5	45	128
1	0	44	12	5	-75	512
1	0	45	12	5	15	1024
1	1	3	0	1	-1291401630	1
1	1	4	0	0	191318760	1
1	1	4	0	1	6026540940	1
1	1	5	0	0	-191318760	1
1	1	5	0	1	-10713850560	1
1	1	5	0	2	-4304672100	1
1	1	5	1	0	286978140	1
1	1	5	1	1	-2152336050	1
1	1	5	2	0	-215233605	1
1	1	6	0	0	1190427840	1
1	1	6	0	1	5803335720	1
1	1	6	0	2	16644732120	1
1	1	6	1	0	-605842740	1
1	1	6	1	1	9039811410	1
1	1	6	2	0	860934420	1
1	1	7	0	0	852077070	1
1	1	7	0	1	10171780740	1
1	1	7	0	2	-21284212050	1
1	1	7	0	3	-2582803260	1
1	1	7	1	0	1828157040	1
1	1	7	1	1	-14970692970	1
1	1	7	1	2	-7317942570	1
1	1	7	2	0	-1283430015	1
1	1	7	2	1	-2152336050	1
1	1	7	3	0	-143489070	1
1	1	8	0	0	-583404120	1
1	1	8	0	1	-9211644000	1
1	1	8	0	2	7674008040	1
1	1	8	0	3	10905169320	1
1	1	8	1	0	1445519520	1
1	1	8	1	1	12111540390	1
1	1	8	1	2	28458665550	1
1	1	8	2	0	435781620	1
1	1	8	2	1	8465855130	1
1	1	8	3	0	621785970	1
1	1	9	0	0	-838692630	1
1	1	9	0	1	-6760520010	1
1	1	9	0	2	17069884920	1
1	1	9	0	3	-13774950720	1
1	1	9	0	4	239148450	1
1	1	9	1	0	-84440070	1
1	1	9	1	1	12317030910	1
1	1	9	1	2	-38901481200	1
1	1	9	1	3	-5022117450	1
1	1	9	2	0	2613803985	1
1	1	9	2	1	-13001704065	1
1	1	9	2	2	-6098285475	1
1	1	9	3	0	-1076168025	1
1	1	9	3	1	-2750207175	2
1	1	9	4	0	-119574225	1
1	1	10	0	0	513463860	1
1	1	10	0	1	2247011280	1
1	1	10	0	2	-30655878840	1
1	1	10	0	3	-3231161280	1
1	1	10	0	4	-1307344860	1
1	1	10	1	0	-470620530	1
1	1	10	1	1	-19398186990	1
1	1	10	1	2	23734155060	1
1	1	10	1	3	22814762130	1
1	1	10	2	0	-167699160	1
1	1	10	2	1	12770527230	1
1	1	10	2	2	24058334070	1
1	1	10	3	0	975194235	1
1	1	10	3	1	10402957575	2
1	1	10	4	0	390609135	1
1	1	11	0	0	1407247020	1
1	1	11	0	1	669615660	1
1	1	11	0	2	-3354967350	1
1	1	11	0	3	20265321555	1
1	1	11	0	4	2446400070	1
1	1	11	0	5	-15943230	1
1	1	11	1	0	-178065540	1
1	1	11	1	1	-8987257800	1
1	1	11	1	2	13055733900	1
1	1	11	1	3	-34203542760	1
1	1	11	1	4	398580750	1
1	1	11	2	0	-410981040	1
1	1	11	2	1	7726561650	1
1	1	11	2	2	-34418776365	1
1	1	11	2	3	-9031839795	2
1	1	11	3	0	1522283220	1
1	1	11	3	1	-16071661575	2
1	1	11	3	2	-6592525605	2
1	1	11	4	0	-5164720785	8
1	1	11	4	1	-4822827075	8
1	1	11	5	0	-310892985	8
1	1	12	0	0	325804680	1
1	1	12	0	1	992198160	1
1	1	12	0	2	29313235800	1
1	1	12	0	3	-8559152550	1
1	1	12	0	4	-899906760	1
1	1	12	0	5	95659380	1
1	1	12	1	0	1855275840	1
1	1	12	1	1	6684609240	1
1	1	12	1	2	-53000807760	1
1	1	12	1	3	4697938440	1
1	1	12	1	4	-2343654810	1
1	1	12	2	0	248530680	1
1	1	12	2	1	-20800600740	1
1	1	12	2	2	25457795370	1
1	1	12	2	3	22097316780	1
1	1	12	3	0	-943012530	1
1	1	12	3	1	18843421635	2
1	1	12	3	2	26936087085	2
1	1	12	4	0	1563322275	2
1	1	12	4	1	8925551595	4
1	1	12	5	0	1145255355	8
1	1	13	0	0	-1356805080	1
1	1	13	0	1	3824428770	1
1	1	13	0	2	3195425700	1
1	1	13	0	3	-13131086985	1
1	1	13	0	4	-2665471860	1
1	1	13	0	5	-196633170	1
1	1	13	1	0	2817818280	1
1	1	13	1	1	1628068410	1
1	1	13	1	2	17391964410	1
1	1	13	1	3	38801294730	1
1	1	13	1	4	4914057780	1
1	1	13	1	5	-31886460	1
1	1	13	2	0	89502975	2
1	1	13	2	1	-4190805945	1
1	1	13	2	2	-387755100	1
1	1	13	2	3	-38531834460	1
1	1	13	2	4	773246655	2
1	1	13	3	0	-236556855	1
1	1	13	3	1	2963374065	2
1	1	13	3	2	-20474650260	1
1	1	13	3	3	-2433999780	1
1	1	13	4	0	1151160255	2
1	1	13	4	1	-28301890455	8
1	1	13	4	2	-1256857965	1
1	1	13	5	0	-1093882725	4
1	1	13	5	1	-1538521695	8
1	1	13	6	0	-146146275	16
1	1	14	0	0	-1894395600	1
1	1	14	0	1	1920117960	1
1	1	14	0	2	-14084863200	1
1	1	14	0	3	10330425720	1
1	1	14	0	4	2606291640	1
1	1	14	0	5	82668600	1
1	1	14	1	0	497795220	1
1	1	14	1	1	2135379510	1
1	1	14	1	2	43130767410	1
1	1	14	1	3	-30184470990	1
1	1	14	1	4	-2881591200	1
1	1	14	1	5	201947580	1
1	1	14	2	0	1602582570	1
1	1	14	2	1	8451245970	1
1	1	14	2	2	-37655088030	1
1	1	14	2	3	17465710050	1
1	1	14	2	4	-2354283630	1
1	1	14	3	0	222778755	1
1	1	14	3	1	-26515067715	2
1	1	14	3	2	16694333280	1
1	1	14	3	3	12851129115	1
1	1	14	4	0	-737062740	1
1	1	14	4	1	9290080755	2
1	1	14	4	2	10911369465	2
1	1	14	5	0	830130525	2
1	1	14	5	1	5782963815	8
1	1	14	6	0	275463585	8
1	1	15	0	0	-1342468620	1
1	1	15	0	1	-1573739280	1
1	1	15	0	2	-4048921890	1
1	1	15	0	3	5778885060	1
1	1	15	0	4	1349728920	1
1	1	15	0	5	245053350	1
1	1	15	1	0	-2257868520	1
1	1	15	1	1	5797559610	1
1	1	15	1	2	-11941668810	1
1	1	15	1	3	-16579515780	1
1	1	15	1	4	-4219247880	1
1	1	15	1	5	-460582200	1
1	1	15	2	0	2358670995	1
1	1	15	2	1	744935940	1
1	1	15	2	2	27578441790	1
1	1	15	2	3	59723831655	2
1	1	15	2	4	5215798170	1
1	1	15	2	5	-29229255	1
1	1	15	3	0	-563163435	2
1	1	15	3	1	2513092635	2
1	1	15	3	2	-4601491740	1
1	1	15	3	3	-25570086885	1
1	1	15	3	4	279006525	1
1	1	15	4	0	86353695	4
1	1	15	4	1	-7784856135	8
1	1	15	4	2	-9148855230	1
1	1	15	4	3	-7333000065	8
1	1	15	5	0	646816185	8
1	1	15	5	1	-1212571215	1
1	1	15	5	2	-2744892765	8
1	1	15	6	0	-1196234325	16
1	1	15	6	1	-163860975	4
1	1	15	7	0	-52258365	32
1	1	16	0	0	-616755240	1
1	1	16	0	1	-1980744840	1
1	1	16	0	2	2411324640	1
1	1	16	0	3	-6206064480	1
1	1	16	0	4	-2301073920	1
1	1	16	0	5	-268082460	1
1	1	16	1	0	-2778655860	1
1	1	16	1	1	1028399490	1
1	1	16	1	2	-20581665030	1
1	1	16	1	3	26576161560	1
1	1	16	1	4	5957650440	1
1	1	16	1	5	318864600	1
1	1	16	2	0	330023970	1
1	1	16	2	1	2057157810	1
1	1	16	2	2	23911148970	1
1	1	16	2	3	-38185085610	1
1	1	16	2	4	-3677965380	1
1	1	16	2	5	194861700	1
1	1	16	3	0	1497824055	2
1	1	16	3	1	9931593465	2
1	1	16	3	2	-16326206505	1
1	1	16	3	3	18331926075	1
1	1	16	3	4	-1727183250	1
1	1	16	4	0	88103295	2
1	1	16	4	1	-19815258825	4
1	1	16	4	2	8459130105	1
1	1	16	4	3	20702874645	4
1	1	16	5	0	-2335267665	8
1	1	16	5	1	6510644325	4
1	1	16	5	2	12929073795	8
1	1	16	6	0	529111845	4
1	1	16	6	1	1329488235	8
1	1	16	7	0	209328705	32
1	1	17	0	0	-195246780	1
1	1	17	0	1	-608771070	1
1	1	17	0	2	872551980	1
1	1	17	0	3	-2450134980	1
1	1	17	0	4	-535975380	1
1	1	17	0	5	-125905590	1
1	1	17	1	0	-1726531380	1
1	1	17	1	1	-3643340310	1
1	1	17	1	2	1567602720	1
1	1	17	1	3	3302719920	1
1	1	17	1	4	1242915840	1
1	1	17	1	5	383818500	1
1	1	17	2	0	-1704072195	1
1	1	17	2	1	4156720740	1
1	1	17	2	2	-19290912210	1
1	1	17	2	3	-3018737970	1
1	1	17	2	4	-3645488430	1
1	1	17	2	5	-487154250	1
1	1	17	3	0	1245366900	1
1	1	17	3	1	-618772770	1
1	1	17	3	2	18924264090	1
1	1	17	3	3	21496624425	2
1	1	17	3	4	3960547650	1
1	1	17	3	5	-16238475	1
1	1	17	4	0	-575527275	2
1	1	17	4	1	16221259665	8
1	1	17	4	2	-7371709965	2
1	1	17	4	3	-91143607725	8
1	1	17	4	4	296721225	2
1	1	17	5	0	762406425	8
1	1	17	5	1	-6036721425	8
1	1	17	5	2	-24950728485	8
1	1	17	5	3	-1125178695	4
1	1	17	6	0	-340723665	16
1	1	17	6	1	-5113741815	16
1	1	17	6	2	-230586345	4
1	1	17	7	0	-66955005	4
1	1	17	7	1	-152051175	32
1	1	17	8	0	8562105	128
1	1	18	0	0	-42712440	1
1	1	18	0	1	181436520	1
1	1	18	0	2	-7706160	1
1	1	18	0	3	2330775000	1
1	1	18	0	4	1310265720	1
1	1	18	0	5	252992160	1
1	1	18	1	0	-678219240	1
1	1	18	1	1	-2476403550	1
1	1	18	1	2	4469611320	1
1	1	18	1	3	-13700791980	1
1	1	18	1	4	-4857064560	1
1	1	18	1	5	-664104420	1
1	1	18	2	0	-1829332350	1
1	1	18	2	1	-1003875930	1
1	1	18	2	2	-10418382000	1
1	1	18	2	3	25941428550	1
1	1	18	2	4	6600366000	1
1	1	18	2	5	454677300	1
1	1	18	3	0	134551800	1
1	1	18	3	1	1756287765	1
1	1	18	3	2	6145494300	1
1	1	18	3	3	-50002048035	2
1	1	18	3	4	-3182413050	1
1	1	18	3	5	113669325	1
1	1	18	4	0	543281985	2
1	1	18	4	1	1113180570	1
1	1	18	4	2	-5337038160	1
1	1	18	4	3	20849053725	2
1	1	18	4	4	-938879100	1
1	1	18	5	0	-131335425	8
1	1	18	5	1	-8284869945	8
1	1	18	5	2	28369206315	8
1	1	18	5	3	6617916675	4
1	1	18	6	0	-271811295	4
1	1	18	6	1	1728484515	4
1	1	18	6	2	2475038835	8
1	1	18	7	0	62624745	2
1	1	18	7	1	713410335	32
1	1	18	8	0	11908215	64
1	1	19	0	0	-18612280	3
1	1	19	0	1	210209530	1
1	1	19	0	2	383511150	1
1	1	19	0	3	1079249130	1
1	1	19	0	4	278188020	1
1	1	19	0	5	41771700	1
1	1	19	1	0	-176092080	1
1	1	19	1	1	-59092740	1
1	1	19	1	2	-645519600	1
1	1	19	1	3	-845576820	1
1	1	19	1	4	17860500	1
1	1	19	1	5	-30443040	1
1	1	19	2	0	-972519960	1
1	1	19	2	1	-3285965475	1
1	1	19	2	2	6322458645	1
1	1	19	2	3	-4783492665	1
1	1	19	2	4	112805460	1
1	1	19	2	5	200274525	1
1	1	19	3	0	-784908945	1
1	1	19	3	1	1750558635	1
1	1	19	3	2	-25801366995	2
1	1	19	3	3	11660314905	2
1	1	19	3	4	-2071635750	1
1	1	19	3	5	-308531025	1
1	1	19	4	0	943915275	2
1	1	19	4	1	-3703881735	8
1	1	19	4	2	35817562125	4
1	1	19	4	3	20033849475	16
1	1	19	4	4	9014321925	4
1	1	19	4	5	-48715425	8
1	1	19	5	0	-131066505	1
1	1	19	5	1	3287363535	4
1	1	19	5	2	-17958211515	8
1	1	19	5	3	-7700153625	2
1	1	19	5	4	225862425	4
1	1	19	6	0	844503975	16
1	1	19	6	1	-4385011545	16
1	1	19	6	2	-11950150725	16
1	1	19	6	3	-1236584475	16
1	1	19	7	0	-501315075	32
1	1	19	7	1	-1678467825	32
1	1	19	7	2	-7184295	32
1	1	19	8	0	-16172865	8
1	1	19	8	1	-66430125	128
1	1	19	9	0	7971615	128
1	1	20	0	0	-539600	1
1	1	20	0	1	231688420	3
1	1	20	0	2	318465240	1
1	1	20	0	3	-483960300	1
1	1	20	0	4	-536950800	1
1	1	20	0	5	-143645400	1
1	1	20	1	0	-29522920	1
1	1	20	1	1	574883480	1
1	1	20	1	2	-470704500	1
1	1	20	1	3	4900479480	1
1	1	20	1	4	2667448260	1
1	1	20	1	5	516132000	1
1	1	20	2	0	-313490200	1
1	1	20	2	1	-1066107330	1
1	1	20	2	2	2276586450	1
1	1	20	2	3	-11307561930	1
1	1	20	2	4	-4919262840	1
1	1	20	2	5	-675520560	1
1	1	20	3	0	-714262320	1
1	1	20	3	1	-1536603165	1
1	1	20	3	2	-3026559735	2
1	1	20	3	3	25940817405	2
1	1	20	3	4	4955997150	1
1	1	20	3	5	355442175	1
1	1	20	4	0	25006455	1
1	1	20	4	1	4868332065	4
1	1	20	4	2	-99915525	1
1	1	20	4	3	-79931339865	8
1	1	20	4	4	-2110017600	1
1	1	20	4	5	178623225	4
1	1	20	5	0	180427095	2
1	1	20	5	1	-693317475	4
1	1	20	5	2	-9478041255	8
1	1	20	5	3	7931953755	2
1	1	20	5	4	-1475929755	4
1	1	20	6	0	-62764065	4
1	1	20	6	1	-50451660	1
1	1	20	6	2	1157801445	1
1	1	20	6	3	1845117225	4
1	1	20	7	0	-282527595	32
1	1	20	7	1	2299123845	32
1	1	20	7	2	443097135	32
1	1	20	8	0	89473815	16
1	1	20	8	1	145818225	64
1	1	20	9	0	-24702165	128
1	1	21	0	0	-191200	9
1	1	21	0	1	45293170	3
1	1	21	0	2	12783200	1
1	1	21	0	3	-356873070	1
1	1	21	0	4	-169064640	1
1	1	21	0	5	-19493460	1
1	1	21	1	0	-8717440	3
1	1	21	1	1	292241360	1
1	1	21	1	2	806381610	1
1	1	21	1	3	753382440	1
1	1	21	1	4	-41235480	1
1	1	21	1	5	-88500600	1
1	1	21	2	0	-62371880	1
1	1	21	2	1	506722020	1
1	1	21	2	2	-1940342040	1
1	1	21	2	3	2359001070	1
1	1	21	2	4	982617885	1
1	1	21	2	5	197267400	1
1	1	21	3	0	-310611200	1
1	1	21	3	1	-1549941210	1
1	1	21	3	2	4809958200	1
1	1	21	3	3	-12373258275	2
1	1	21	3	4	-859090050	1
1	1	21	3	5	-7217100	1
1	1	21	4	0	-1002520035	4
1	1	21	4	1	2200318425	8
1	1	21	4	2	-5566157190	1
1	1	21	4	3	75547104705	16
1	1	21	4	4	-2359280925	4
1	1	21	4	5	-1044675225	8
1	1	21	5	0	260284995	2
1	1	21	5	1	174124485	4
1	1	21	5	2	27421909695	8
1	1	21	5	3	-412577550	1
1	1	21	5	4	939797640	1
1	1	21	5	5	-3247695	2
1	1	21	6	0	-293073795	8
1	1	21	6	1	903449295	8
1	1	21	6	2	-4303988055	4
1	1	21	6	3	-8764019775	8
1	1	21	6	4	244561275	16
1	1	21	7	0	16320285	1
1	1	21	7	1	-425183175	8
1	1	21	7	2	-1396556235	16
1	1	21	7	3	-145030905	8
1	1	21	8	0	-329122845	64
1	1	21	8	1	-145490175	32
1	1	21	8	2	179213715	64
1	1	21	9	0	13818195	128
1	1	21	9	1	-7381125	32
1	1	21	10	0	4822335	512
1	1	22	0	1	14335160	9
1	1	22	0	2	-260941480	3
1	1	22	0	3	39045560	3
1	1	22	0	4	145394400	1
1	1	22	0	5	55406160	1
1	1	22	1	0	-382400	3
1	1	22	1	1	206991580	3
1	1	22	1	2	1460668070	3
1	1	22	1	3	-1136571500	1
1	1	22	1	4	-1083813840	1
1	1	22	1	5	-257790600	1
1	1	22	2	0	-21235720	3
1	1	22	2	1	461605990	1
1	1	22	2	2	-264057350	1
1	1	22	2	3	3766101090	1
1	1	22	2	4	2441101860	1
1	1	22	2	5	407365200	1
1	1	22	3	0	-229595450	3
1	1	22	3	1	-27302235	1
1	1	22	3	2	-16161240	1
1	1	22	3	3	-9263765475	2
1	1	22	3	4	-3123461250	1
1	1	22	3	5	-372883500	1
1	1	22	4	0	-362937375	2
1	1	22	4	1	-899327610	1
1	1	22	4	2	2146459095	2
1	1	22	4	3	15242978925	4
1	1	22	4	4	5211311175	2
1	1	22	4	5	176818950	1
1	1	22	5	0	-6044535	1
1	1	22	5	1	2011903515	4
1	1	22	5	2	-8338284585	8
1	1	22	5	3	-5709806235	2
1	1	22	5	4	-2068234965	2
1	1	22	5	5	24898995	2
1	1	22	6	0	106014825	4
1	1	22	6	1	-601992405	4
1	1	22	6	2	401223375	8
1	1	22	6	3	2376696735	2
1	1	22	6	4	-103795020	1
1	1	22	7	0	-14173785	2
1	1	22	7	1	281570985	8
1	1	22	7	2	4002449355	16
1	1	22	7	3	109656180	1
1	1	22	8	0	3695625	8
1	1	22	8	1	21166515	8
1	1	22	8	2	-185315445	16
1	1	22	9	0	67462875	128
1	1	22	9	1	26582985	32
1	1	22	10	0	-4756725	128
1	1	23	0	1	679460	9
1	1	23	0	2	-1369315900	27
1	1	23	0	3	63383680	1
1	1	23	0	4	230319400	3
1	1	23	0	5	12654060	1
1	1	23	1	1	25041140	3
1	1	23	1	2	-46993720	1
1	1	23	1	3	-376267820	1
1	1	23	1	4	-85810200	1
1	1	23	1	5	46943280	1
1	1	23	2	0	-1051600	3
1	1	23	2	1	417342205	3
1	1	23	2	2	2351951960	3
1	1	23	2	3	-302768795	1
1	1	23	2	4	-574842960	1
1	1	23	2	5	-216913950	1
1	1	23	3	0	-30830800	3
1	1	23	3	1	1128122675	3
1	1	23	3	2	-1405847585	1
1	1	23	3	3	4839500745	2
1	1	23	3	4	1319325300	1
1	1	23	3	5	233887500	1
1	1	23	4	0	-119361225	2
1	1	23	4	1	-2916148485	8
1	1	23	4	2	7864263135	4
1	1	23	4	3	-50766233625	16
1	1	23	4	4	-4190200875	4
1	1	23	4	5	-123292125	2
1	1	23	5	0	-57960690	1
1	1	23	5	1	-131889600	1
1	1	23	5	2	-1655688600	1
1	1	23	5	3	1875179565	1
1	1	23	5	4	299367495	4
1	1	23	5	5	-38972340	1
1	1	23	6	0	49818825	2
1	1	23	6	1	1027159245	8
1	1	23	6	2	15512306355	16
1	1	23	6	3	-264037725	1
1	1	23	6	4	2257745805	8
1	1	23	6	5	-2525985	8
1	1	23	7	0	-50406165	8
1	1	23	7	1	-29329290	1
1	1	23	7	2	-11257612875	32
1	1	23	7	3	-1065473595	4
1	1	23	7	4	11776995	4
1	1	23	8	0	184455225	64
1	1	23	8	1	29157165	32
1	1	23	8	2	1434068145	128
1	1	23	8	3	-51974055	16
1	1	23	9	0	-28880145	32
1	1	23	9	1	-117596205	128
1	1	23	9	2	48103065	64
1	1	23	10	0	6948585	128
1	1	23	10	1	-7906005	128
1	1	23	11	0	360855	256
1	1	24	0	1	5600	9
1	1	24	0	2	-390168680	27
1	1	24	0	3	15730120	1
1	1	24	0	4	-48891200	3
1	1	24	0	5	-13680600	1
1	1	24	1	1	1315880	3
1	1	24	1	2	-1168185860	9
1	1	24	1	3	120700200	1
1	1	24	1	4	309081800	1
1	1	24	1	5	95164560	1
1	1	24	2	1	19771950	1
1	1	24	2	2	276581830	1
1	1	24	2	3	-902419390	1
1	1	24	2	4	-908246400	1
1	1	24	2	5	-164003400	1
1	1	24	3	0	-5258000	9
1	1	24	3	1	161194925	1
1	1	24	3	2	322038530	3
1	1	24	3	3	2849537165	2
1	1	24	3	4	1253138850	1
1	1	24	3	5	148351500	1
1	1	24	4	0	-9850775	1
1	1	24	4	1	562477575	4
1	1	24	4	2	-560458080	1
1	1	24	4	3	-8154097875	8
1	1	24	4	4	-1214394525	1
1	1	24	4	5	-119282625	1
1	1	24	5	0	-30155385	1
1	1	24	5	1	-274808835	1
1	1	24	5	2	880534125	1
1	1	24	5	3	1495031985	2
1	1	24	5	4	3618018495	4
1	1	24	5	5	60142500	1
1	1	24	6	0	-5108880	1
1	1	24	6	1	96902820	1
1	1	24	6	2	-2468429775	4
1	1	24	6	3	-1349604585	2
1	1	24	6	4	-1441469925	4
1	1	24	6	5	2525985	1
1	1	24	7	0	12157515	2
1	1	24	7	1	-21600270	1
1	1	24	7	2	5185012095	32
1	1	24	7	3	612370935	2
1	1	24	7	4	-166682205	8
1	1	24	8	0	-61199145	32
1	1	24	8	1	98439705	16
1	1	24	8	2	754951185	32
1	1	24	8	3	161367795	8
1	1	24	9	0	25680375	64
1	1	24	9	1	-93381255	128
1	1	24	9	2	-233247195	64
1	1	24	10	0	1450305	128
1	1	24	10	1	15502185	64
1	1	24	11	0	-156735	32
1	1	25	0	2	-21066020	9
1	1	25	0	3	-8330140	3
1	1	25	0	4	-59282330	3
1	1	25	0	5	-5618700	1
1	1	25	1	1	11200	3
1	1	25	1	2	-480063220	9
1	1	25	1	3	84137770	1
1	1	25	1	4	74309600	1
1	1	25	1	5	-6413400	1
1	1	25	2	1	1166770	1
1	1	25	2	2	-793394575	9
1	1	25	2	3	-94912950	1
1	1	25	2	4	135293650	1
1	1	25	2	5	97699140	1
1	1	25	3	1	251007625	9
1	1	25	3	2	1236908350	3
1	1	25	3	3	-2958893455	6
1	1	25	3	4	-653084550	1
1	1	25	3	5	-169958250	1
1	1	25	4	0	-657250	1
1	1	25	4	1	930601525	8
1	1	25	4	2	-1994178095	4
1	1	25	4	3	17618407485	16
1	1	25	4	4	3661808175	4
1	1	25	4	5	254937375	2
1	1	25	5	0	-6512000	1
1	1	25	5	1	-13849185	1
1	1	25	5	2	1727263725	4
1	1	25	5	3	-1019853360	1
1	1	25	5	4	-1247085315	2
1	1	25	5	5	-36486450	1
1	1	25	6	0	-9398270	1
1	1	25	6	1	-82620825	1
1	1	25	6	2	-517850235	2
1	1	25	6	3	4405813965	8
1	1	25	6	4	2134865565	16
1	1	25	6	5	-8419950	1
1	1	25	7	0	2895525	1
1	1	25	7	1	377932635	8
1	1	25	7	2	303217965	2
1	1	25	7	3	-1697581395	16
1	1	25	7	4	484023195	8
1	1	25	7	5	-360855	8
1	1	25	8	0	-31023765	64
1	1	25	8	1	-1782266085	128
1	1	25	8	2	-4381414335	64
1	1	25	8	3	-3274717815	64
1	1	25	8	4	51339825	128
1	1	25	9	0	15753735	64
1	1	25	9	1	314544465	128
1	1	25	9	2	814781835	128
1	1	25	9	3	-52112565	128
1	1	25	10	0	-22945815	256
1	1	25	10	1	-21922245	64
1	1	25	10	2	25044795	256
1	1	25	11	0	500175	64
1	1	25	11	1	-1804275	256
1	1	25	12	0	120285	1024
1	1	26	0	2	-5569160	27
1	1	26	0	3	-2357880	1
1	1	26	0	4	-9388340	3
1	1	26	0	5	1487520	1
1	1	26	1	2	-32111680	3
1	1	26	1	3	6538810	1
1	1	26	1	4	-49411600	1
1	1	26	1	5	-25223400	1
1	1	26	2	1	30800	3
1	1	26	2	2	-714754370	9
1	1	26	2	3	123194050	1
1	1	26	2	4	250770400	1
1	1	26	2	5	54667800	1
1	1	26	3	1	16909750	9
1	1	26	3	2	1520534200	27
1	1	26	3	3	-695166425	2
1	1	26	3	4	-1151888650	3
1	1	26	3	5	-34460250	1
1	1	26	4	1	25950100	1
1	1	26	4	2	312328275	2
1	1	26	4	3	273230790	1
1	1	26	4	4	631989225	2
1	1	26	4	5	13142250	1
1	1	26	5	0	-525800	1
1	1	26	5	1	103718005	2
1	1	26	5	2	-1233105005	4
1	1	26	5	3	-88574520	1
1	1	26	5	4	-229671045	1
1	1	26	5	5	-19646550	1
1	1	26	6	0	-3000305	1
1	1	26	6	1	-154892185	4
1	1	26	6	2	639328305	2
1	1	26	6	3	355196835	4
1	1	26	6	4	750293145	4
1	1	26	6	5	14501025	1
1	1	26	7	0	-5612295	4
1	1	26	7	1	-4589295	8
1	1	26	7	2	-756210465	4
1	1	26	7	3	-1996169265	16
1	1	26	7	4	-703821555	8
1	1	26	7	5	3007125	8
1	1	26	8	0	30522675	32
1	1	26	8	1	139450815	32
1	1	26	8	2	1868786775	32
1	1	26	8	3	516105675	8
1	1	26	8	4	-189448875	64
1	1	26	9	0	-9687165	32
1	1	26	9	1	-136047375	128
1	1	26	9	2	-350678835	128
1	1	26	9	3	335717865	128
1	1	26	10	0	9176445	128
1	1	26	10	1	10126215	128
1	1	26	10	2	-33063795	64
1	1	26	11	0	-118935	32
1	1	26	11	1	7762635	256
1	1	26	12	0	-200475	512
1	1	27	0	2	-207280	27
1	1	27	0	3	-564805	1
1	1	27	0	4	5007970	3
1	1	27	0	5	1308330	1
1	1	27	1	2	-9894640	9
1	1	27	1	3	-6550260	1
1	1	27	1	4	-24364210	1
1	1	27	1	5	-2829600	1
1	1	27	2	2	-64171250	3
1	1	27	2	3	75002725	2
1	1	27	2	4	3463900	1
1	1	27	2	5	-24101550	1
1	1	27	3	1	154000	9
1	1	27	3	2	-1494441025	27
1	1	27	3	3	70117275	2
1	1	27	3	4	527895650	3
1	1	27	3	5	65764050	1
1	1	27	4	1	8158975	4
1	1	27	4	2	353527850	3
1	1	27	4	3	-3774326175	16
1	1	27	4	4	-1453115625	4
1	1	27	4	5	-272460375	4
1	1	27	5	1	33271755	2
1	1	27	5	2	-74691165	1
1	1	27	5	3	632225355	2
1	1	27	5	4	1466903295	4
1	1	27	5	5	40540500	1
1	1	27	6	0	-920150	3
1	1	27	6	1	96626705	8
1	1	27	6	2	49188475	4
1	1	27	6	3	-1987556235	8
1	1	27	6	4	-214693605	1
1	1	27	6	5	-23856525	2
1	1	27	7	0	-943690	1
1	1	27	7	1	-136479705	8
1	1	27	7	2	109383435	8
1	1	27	7	3	2172663945	16
1	1	27	7	4	434896695	8
1	1	27	7	5	-10625175	8
1	1	27	8	0	3354225	32
1	1	27	8	1	812985435	128
1	1	27	8	2	-29949885	128
1	1	27	8	3	-8550835875	256
1	1	27	8	4	1172481075	128
1	1	27	8	5	-601425	128
1	1	27	9	0	631125	16
1	1	27	9	1	-100844895	64
1	1	27	9	2	-12233115	2
1	1	27	9	3	-112790475	16
1	1	27	9	4	4841775	128
1	1	27	10	0	-64185	16
1	1	27	10	1	83925585	256
1	1	27	10	2	139107915	128
1	1	27	10	3	-16962615	512
1	1	27	11	0	-1004805	256
1	1	27	11	1	-13494195	256
1	1	27	11	2	841995	128
1	1	27	12	0	164565	256
1	1	27	12	1	-601425	2048
1	1	28	0	3	-194170	3
1	1	28	0	4	2712520	3
1	1	28	0	5	154980	1
1	1	28	1	2	-414560	9
1	1	28	1	3	-2358080	1
1	1	28	1	4	525830	1
1	1	28	1	5	3918240	1
1	1	28	2	2	-23790140	9
1	1	28	2	3	-4517370	1
1	1	28	2	4	-44218760	1
1	1	28	2	5	-15087600	1
1	1	28	3	2	-217277500	9
1	1	28	3	3	316078325	6
1	1	28	3	4	287616350	3
1	1	28	3	5	8449650	1
1	1	28	4	1	19250	1
1	1	28	4	2	-26121425	3
1	1	28	4	3	-535194375	8
1	1	28	4	4	-60652950	1
1	1	28	4	5	19564875	2
1	1	28	5	1	1572615	1
1	1	28	5	2	384526775	6
1	1	28	5	3	10450125	2
1	1	28	5	4	-24965805	4
1	1	28	5	5	-10008900	1
1	1	28	6	1	89097085	12
1	1	28	6	2	-312865175	4
1	1	28	6	3	118193845	4
1	1	28	6	4	11878335	1
1	1	28	6	5	155925	1
1	1	28	7	0	-131450	1
1	1	28	7	1	-2331895	8
1	1	28	7	2	467330155	8
1	1	28	7	3	-174384375	16
1	1	28	7	4	63682335	4
1	1	28	7	5	20114325	8
1	1	28	8	0	-3007675	16
1	1	28	8	1	-199541175	64
1	1	28	8	2	-936830235	32
1	1	28	8	3	-1510083585	128
1	1	28	8	4	-476925975	32
1	1	28	8	5	2606175	64
1	1	28	9	0	7917725	96
1	1	28	9	1	48062455	32
1	1	28	9	2	615179205	64
1	1	28	9	3	79259175	8
1	1	28	9	4	-37253925	128
1	1	28	10	0	-756645	32
1	1	28	10	1	-45150615	128
1	1	28	10	2	-132484905	128
1	1	28	10	3	7122735	32
1	1	28	11	0	195045	32
1	1	28	11	1	10574145	256
1	1	28	11	2	-1189485	32
1	1	28	12	0	-18405	32
1	1	28	12	1	1403325	1024
1	1	29	0	3	-3025	1
1	1	29	0	4	572620	3
1	1	29	0	5	-99450	1
1	1	29	1	3	-333890	1
1	1	29	1	4	2826500	1
1	1	29	1	5	1310580	1
1	1	29	2	2	-1140040	9
1	1	29	2	3	-4099370	1
1	1	29	2	4	-18465985	2
1	1	29	2	5	2435400	1
1	1	29	3	2	-101850100	27
1	1	29	3	3	9767175	2
1	1	29	3	4	-70744450	3
1	1	29	3	5	-16206300	1
1	1	29	4	2	-65399675	4
1	1	29	4	3	453687675	16
1	1	29	4	4	346670625	4
1	1	29	4	5	85602825	4
1	1	29	5	1	15400	1
1	1	29	5	2	87308485	6
1	1	29	5	3	-63042105	1
1	1	29	5	4	-109537545	1
1	1	29	5	5	-14827725	1
1	1	29	6	1	10594045	12
1	1	29	6	2	432029045	72
1	1	29	6	3	490667835	8
1	1	29	6	4	1330393925	16
1	1	29	6	5	7830900	1
1	1	29	7	1	18073825	8
1	1	29	7	2	-68518785	4
1	1	29	7	3	-87372795	2
1	1	29	7	4	-175084515	4
1	1	29	7	5	-20337075	8
1	1	29	8	0	-328625	8
1	1	29	8	1	-145222675	128
1	1	29	8	2	419916535	32
1	1	29	8	3	6222608085	256
1	1	29	8	4	197488125	16
1	1	29	8	5	-19446075	128
1	1	29	9	0	-36025	2
1	1	29	9	1	322975	24
1	1	29	9	2	-543903495	128
1	1	29	9	3	-896539425	128
1	1	29	9	4	61227675	64
1	1	29	9	5	-22275	64
1	1	29	10	0	384545	32
1	1	29	10	1	3500125	64
1	1	29	10	2	8988975	64
1	1	29	10	3	-81550665	128
1	1	29	10	4	1204875	512
1	1	29	11	0	-48095	16
1	1	29	11	1	-173295	64
1	1	29	11	2	5640525	64
1	1	29	11	3	-200475	128
1	1	29	12	0	253575	1024
1	1	29	12	1	-5641605	2048
1	1	29	12	2	93555	512
1	1	30	0	4	59800	3
1	1	30	0	5	-45000	1
1	1	30	1	3	-18150	1
1	1	30	1	4	827120	1
1	1	30	1	5	-126900	1
1	1	30	2	3	-768460	1
1	1	30	2	4	2915770	1
1	1	30	2	5	2779920	1
1	1	30	3	2	-5700200	27
1	1	30	3	3	-7210775	2
1	1	30	3	4	-51765250	3
1	1	30	3	5	-2979900	1
1	1	30	4	2	-21187375	6
1	1	30	4	3	42577425	4
1	1	30	4	4	25895625	2
1	1	30	4	5	-3964950	1
1	1	30	5	2	-6142180	1
1	1	30	5	3	-3523485	2
1	1	30	5	4	27784155	2
1	1	30	5	5	7551225	1
1	1	30	6	1	26950	3
1	1	30	6	2	417204095	36
1	1	30	6	3	-13523055	1
1	1	30	6	4	-54649595	2
1	1	30	6	5	-4556475	1
1	1	30	7	1	1454255	4
1	1	30	7	2	-97079375	12
1	1	30	7	3	127691415	8
1	1	30	7	4	66387885	4
1	1	30	7	5	6957225	8
1	1	30	8	1	13905375	32
1	1	30	8	2	109831875	32
1	1	30	8	3	-133699665	16
1	1	30	8	4	-35369775	16
1	1	30	8	5	10001475	32
1	1	30	9	0	-328625	36
1	1	30	9	1	-67098325	192
1	1	30	9	2	-176794095	128
1	1	30	9	3	112369215	128
1	1	30	9	4	-54933075	32
1	1	30	9	5	200475	64
1	1	30	10	0	82775	96
1	1	30	10	1	12874055	128
1	1	30	10	2	82473495	128
1	1	30	10	3	127473435	128
1	1	30	10	4	-2414205	128
1	1	30	11	0	28285	128
1	1	30	11	1	-5230095	256
1	1	30	11	2	-1761615	16
1	1	30	11	3	2814345	256
1	1	30	12	0	2875	512
1	1	30	12	1	12195	4
1	1	30	12	2	-280665	256
1	1	31	0	4	2560	3
1	1	31	0	5	-8370	1
1	1	31	1	4	104240	1
1	1	31	1	5	-156600	1
1	1	31	2	3	-99825	2
1	1	31	2	4	1526470	1
1	1	31	2	5	274725	1
1	1	31	3	3	-6187225	6
1	1	31	3	4	-163075	3
1	1	31	3	5	2346300	1
1	1	31	4	2	-712525	3
1	1	31	4	3	-20289225	16
1	1	31	4	4	-49751025	4
1	1	31	4	5	-9511425	2
1	1	31	5	2	-6764890	3
1	1	31	5	3	7606170	1
1	1	31	5	4	82676265	4
1	1	31	5	5	3189780	1
1	1	31	6	2	-6401395	12
1	1	31	6	3	-18459805	2
1	1	31	6	4	-127682135	8
1	1	31	6	5	-5457375	4
1	1	31	7	1	3850	1
1	1	31	7	2	84664855	24
1	1	31	7	3	49070175	8
1	1	31	7	4	17620005	2
1	1	31	7	5	6630525	8
1	1	31	8	1	6975375	64
1	1	31	8	2	-667065775	192
1	1	31	8	3	-479857275	128
1	1	31	8	4	-309555825	64
1	1	31	8	5	-47230425	128
1	1	31	9	1	23038675	576
1	1	31	9	2	180932675	96
1	1	31	9	3	457091665	192
1	1	31	9	4	111177825	64
1	1	31	9	5	-393525	32
1	1	31	10	0	-65725	48
1	1	31	10	1	-37507795	768
1	1	31	10	2	-114545045	192
1	1	31	10	3	-453107135	512
1	1	31	10	4	131265	2
1	1	31	10	5	-4455	256
1	1	31	11	0	19315	48
1	1	31	11	1	3702665	256
1	1	31	11	2	17840855	256
1	1	31	11	3	-8577015	256
1	1	31	11	4	22275	256
1	1	31	12	0	-95345	1536
1	1	31	12	1	-3922275	2048
1	1	31	12	2	365415	128
1	1	31	12	3	-66825	2048
1	1	32	0	5	-780	1
1	1	32	1	4	5120	1
1	1	32	1	5	-37800	1
1	1	32	2	4	244420	1
1	1	32	2	5	-207900	1
1	1	32	3	3	-166375	2
1	1	32	3	4	4525400	3
1	1	32	3	5	762300	1
1	1	32	4	3	-7034775	8
1	1	32	4	4	-2723325	1
1	1	32	4	5	467775	1
1	1	32	5	2	-570020	3
1	1	32	5	3	1084215	2
1	1	32	5	4	-9918615	4
1	1	32	5	5	-2120580	1
1	1	32	6	2	-17691905	18
1	1	32	6	3	2151765	1
1	1	32	6	4	31583195	4
1	1	32	6	5	1923075	1
1	1	32	7	2	1301575	2
1	1	32	7	3	-30917775	8
1	1	32	7	4	-59481105	8
1	1	32	7	5	-7417575	8
1	1	32	8	1	9625	8
1	1	32	8	2	18100775	96
1	1	32	8	3	207106275	64
1	1	32	8	4	29895225	8
1	1	32	8	5	13669425	64
1	1	32	9	1	6679475	288
1	1	32	9	2	-661745075	1728
1	1	32	9	3	-52870025	32
1	1	32	9	4	-155952025	192
1	1	32	9	5	872025	32
1	1	32	10	1	-737935	384
1	1	32	10	2	20062835	128
1	1	32	10	3	48407095	128
1	1	32	10	4	-4108245	32
1	1	32	10	5	10395	64
1	1	32	11	0	-5975	48
1	1	32	11	1	-2029405	768
1	1	32	11	2	-43435	6
1	1	32	11	3	14775965	256
1	1	32	11	4	-5805	8
1	1	32	12	0	23245	768
1	1	32	12	1	1766695	3072
1	1	32	12	2	-269035	64
1	1	32	12	3	245025	1024
1	1	33	0	5	-30	1
1	1	33	1	5	-4140	1
1	1	33	2	4	14080	1
1	1	33	2	5	-74250	1
1	1	33	3	4	1010900	3
1	1	33	3	5	-101475	1
1	1	33	4	3	-1497375	16
1	1	33	4	4	3078075	4
1	1	33	4	5	1447875	2
1	1	33	5	3	-1915485	4
1	1	33	5	4	-5171595	2
1	1	33	5	5	-561330	1
1	1	33	6	2	-997535	9
1	1	33	6	3	6649335	8
1	1	33	6	4	30095555	16
1	1	33	6	5	-20790	1
1	1	33	7	2	-1672385	6
1	1	33	7	3	-4861395	16
1	1	33	7	4	-1547025	8
1	1	33	7	5	913275	8
1	1	33	8	2	22053625	64
1	1	33	8	3	-26951325	128
1	1	33	8	4	-22967175	128
1	1	33	8	5	1937925	128
1	1	33	9	1	9625	36
1	1	33	9	2	-302852275	1728
1	1	33	9	3	21812875	128
1	1	33	9	4	-7059775	48
1	1	33	9	5	-2330625	64
1	1	33	10	1	1276715	384
1	1	33	10	2	140865125	2304
1	1	33	10	3	4681515	128
1	1	33	10	4	38677465	256
1	1	33	10	5	-85635	128
1	1	33	11	1	-215955	256
1	1	33	11	2	-2746835	128
1	1	33	11	3	-31193335	512
1	1	33	11	4	21315	8
1	1	33	11	5	-135	256
1	1	33	12	0	-5975	1152
1	1	33	12	1	37995	2048
1	1	33	12	2	11655475	3072
1	1	33	12	3	-1586285	2048
1	1	33	12	4	1485	1024
1	1	34	1	5	-180	1
1	1	34	2	5	-9900	1
1	1	34	3	4	70400	3
1	1	34	3	5	-81675	1
1	1	34	4	4	599775	2
1	1	34	4	5	44550	1
1	1	34	5	3	-299475	4
1	1	34	5	4	63690	1
1	1	34	5	5	311850	1
1	1	34	6	3	-593285	4
1	1	34	6	4	-4294675	4
1	1	34	6	5	-405405	1
1	1	34	7	2	-142505	3
1	1	34	7	3	6535155	16
1	1	34	7	4	10430985	8
1	1	34	7	5	1893375	8
1	1	34	8	2	-4086775	96
1	1	34	8	3	-794475	2
1	1	34	8	4	-53400975	64
1	1	34	8	5	-1626075	16
1	1	34	9	2	1408825	18
1	1	34	9	3	95862725	384
1	1	34	9	4	36423325	96
1	1	34	9	5	1789425	64
1	1	34	10	1	1925	48
1	1	34	10	2	-54853645	1152
1	1	34	10	3	-16239935	128
1	1	34	10	4	-3278845	32
1	1	34	10	5	101475	64
1	1	34	11	1	36895	128
1	1	34	11	2	8910565	576
1	1	34	11	3	20049945	512
1	1	34	11	4	-180125	32
1	1	34	11	5	1305	256
1	1	34	12	1	-140275	2304
1	1	34	12	2	-3204965	1536
1	1	34	12	3	2236405	1536
1	1	34	12	4	-6435	512
1	1	35	2	5	-495	1
1	1	35	3	5	-14025	1
1	1	35	4	4	26400	1
1	1	35	4	5	-423225	8
1	1	35	5	4	176550	1
1	1	35	5	5	89100	1
1	1	35	6	3	-698775	16
1	1	35	6	4	-695695	4
1	1	35	6	5	51975	2
1	1	35	7	3	-118635	16
1	1	35	7	4	-1026465	8
1	1	35	7	5	-654885	8
1	1	35	8	2	-712525	48
1	1	35	8	3	23378025	256
1	1	35	8	4	32571375	128
1	1	35	8	5	5858325	128
1	1	35	9	2	188375	432
1	1	35	9	3	-6552975	64
1	1	35	9	4	-56190275	384
1	1	35	9	5	-131175	16
1	1	35	10	2	2895695	384
1	1	35	10	3	28814935	512
1	1	35	10	4	3528455	128
1	1	35	10	5	-601425	256
1	1	35	11	1	175	48
1	1	35	11	2	-9286255	2304
1	1	35	11	3	-6692015	512
1	1	35	11	4	956785	128
1	1	35	11	5	-5625	256
1	1	35	12	1	105305	9216
1	1	35	12	2	8367175	13824
1	1	35	12	3	-7207235	4096
1	1	35	12	4	37285	768
1	1	35	12	5	-15	2048
1	1	36	3	5	-825	1
1	1	36	4	5	-51975	4
1	1	36	5	4	21120	1
1	1	36	5	5	-17820	1
1	1	36	6	4	132055	2
1	1	36	6	5	51975	1
1	1	36	7	3	-299475	16
1	1	36	7	4	-117480	1
1	1	36	7	5	-245025	8
1	1	36	8	3	1949475	128
1	1	36	8	4	2064975	32
1	1	36	8	5	601425	64
1	1	36	9	2	-712525	216
1	1	36	9	3	16775	32
1	1	36	9	4	-7839575	384
1	1	36	9	5	-76725	16
1	1	36	10	2	892705	576
1	1	36	10	3	-544335	128
1	1	36	10	4	797125	64
1	1	36	10	5	69795	32
1	1	36	11	2	-19405	192
1	1	36	11	3	-147595	512
1	1	36	11	4	-202895	32
1	1	36	11	5	14175	256
1	1	36	12	1	175	1152
1	1	36	12	2	-10105	864
1	1	36	12	3	2927925	2048
1	1	36	12	4	-10555	96
1	1	36	12	5	75	1024
1	1	37	4	5	-7425	8
1	1	37	5	5	-16335	2
1	1	37	6	4	12320	1
1	1	37	7	4	24915	2
1	1	37	7	5	111375	8
1	1	37	8	3	-1497375	256
1	1	37	8	4	-2258025	64
1	1	37	8	5	-1492425	128
1	1	37	9	3	2797025	384
1	1	37	9	4	5356175	192
1	1	37	9	5	319275	64
1	1	37	10	2	-142505	288
1	1	37	10	3	-297055	64
1	1	37	10	4	-6531205	512
1	1	37	10	5	-72765	64
1	1	37	11	2	158885	576
1	1	37	11	3	1179495	512
1	1	37	11	4	207095	64
1	1	37	11	5	-11475	128
1	1	37	12	2	-496325	9216
1	1	37	12	3	-9744175	12288
1	1	37	12	4	248045	1536
1	1	37	12	5	-675	2048
1	1	38	5	5	-1485	2
1	1	38	6	5	-3465	1
1	1	38	7	4	5280	1
1	1	38	7	5	22275	8
1	1	38	8	4	-33825	32
1	1	38	8	5	22275	32
1	1	38	9	3	-166375	128
1	1	38	9	4	-202675	48
1	1	38	9	5	-61875	64
1	1	38	10	3	3355	2
1	1	38	10	4	419705	128
1	1	38	10	5	4455	32
1	1	38	11	2	-12955	288
1	1	38	11	3	-517415	512
1	1	38	11	4	-22835	32
1	1	38	11	5	12285	128
1	1	38	12	2	236615	13824
1	1	38	12	3	305205	1024
1	1	38	12	4	-123305	768
1	1	38	12	5	225	256
1	1	39	6	5	-3465	8
1	1	39	7	5	-7425	8
1	1	39	8	4	1650	1
1	1	39	8	5	155925	128
1	1	39	9	4	-64075	48
1	1	39	9	5	-17325	32
1	1	39	10	3	-99825	512
1	1	39	10	4	51755	128
1	1	39	10	5	51975	256
1	1	39	11	3	105305	512
1	1	39	11	4	-47725	256
1	1	39	11	5	-8505	128
1	1	39	12	2	-12955	6912
1	1	39	12	3	-300155	4096
1	1	39	12	4	83965	768
1	1	39	12	5	-1575	1024
1	1	40	7	5	-1485	8
1	1	40	8	5	-7425	64
1	1	40	9	4	1100	3
1	1	40	9	5	7425	32
1	1	40	10	4	-23375	64
1	1	40	10	5	-7425	64
1	1	40	11	3	-9075	512
1	1	40	11	4	5635	32
1	1	40	11	5	3375	128
1	1	40	12	3	66265	6144
1	1	40	12	4	-9665	192
1	1	40	12	5	945	512
1	1	41	8	5	-7425	128
1	1	41	9	5	825	64
1	1	41	10	4	55	1
1	1	41	10	5	1485	128
1	1	41	11	4	-3085	64
1	1	41	11	5	-675	256
1	1	41	12	3	-3025	4096
1	1	41	12	4	46135	3072
1	1	41	12	5	-1575	1024
1	1	42	9	5	-825	64
1	1	42	10	5	495	64
1	1	42	11	4	5	1
1	1	42	11	5	-675	256
1	1	42	12	4	-4045	1536
1	1	42	12	5	225	256
1	1	43	10	5	-495	256
1	1	43	11	5	315	256
1	1	43	12	4	5	24
1	1	43	12	5	-675	2048
1	1	44	11	5	-45	256
1	1	44	12	5	75	1024
1	1	45	12	5	-15	2048
1	2	6	0	1	-382637520	1
1	2	7	0	0	-56687040	1
1	2	7	0	1	510183360	1
1	2	8	0	0	-61410960	1
1	2	8	0	1	538526880	1
1	2	8	0	2	-2423370960	1
1	2	8	1	0	42515280	1
1	2	8	1	1	-1594323000	1
1	2	8	2	0	-63772920	1
1	2	9	0	0	250367760	1
1	2	9	0	1	240919920	1
1	2	9	0	2	2168279280	1
1	2	9	1	0	-188956800	1
1	2	9	1	1	850305600	1
1	2	9	2	0	42515280	1
1	2	10	0	0	623032560	1
1	2	10	0	1	949507920	1
1	2	10	0	2	5399440560	1
1	2	10	1	0	-102351600	1
1	2	10	1	1	2366683920	1
1	2	10	1	2	-4464104400	1
1	2	10	2	0	89754480	1
1	2	10	2	1	-2168279280	1
1	2	10	3	0	-116917020	1
1	2	11	0	0	729758160	1
1	2	11	0	1	110224800	1
1	2	11	0	2	-2678462640	1
1	2	11	1	0	341172000	1
1	2	11	1	1	1162084320	1
1	2	11	1	2	5697047520	1
1	2	11	2	0	-78732000	1
1	2	11	2	1	1154998440	1
1	2	11	3	0	28343520	1
1	2	12	0	0	588740400	1
1	2	12	0	1	-1726855200	1
1	2	12	0	2	-5701771440	1
1	2	12	0	3	-70858800	1
1	2	12	1	0	354818880	1
1	2	12	1	1	529866360	1
1	2	12	1	2	7624406880	1
1	2	12	1	3	106288200	1
1	2	12	2	0	249186780	1
1	2	12	2	1	3156759540	1
1	2	12	2	2	-3666942900	1
1	2	12	3	0	133057080	1
1	2	12	3	1	-1553579190	1
1	2	12	4	0	-121345695	1
1	2	13	0	0	365258160	1
1	2	13	0	1	-1611556560	1
1	2	13	0	2	275562000	1
1	2	13	0	3	165337200	1
1	2	13	1	0	16679520	1
1	2	13	1	1	-1429773120	1
1	2	13	1	2	-7813363680	1
1	2	13	1	3	-283435200	1
1	2	13	2	0	418810500	1
1	2	13	2	1	918408780	1
1	2	13	2	2	6076142100	1
1	2	13	3	0	144866880	1
1	2	13	3	1	1139645700	1
1	2	13	4	0	-1476225	1
1	2	14	0	0	204243120	1
1	2	14	0	1	-156472560	1
1	2	14	0	2	2775390480	1
1	2	14	0	3	62985600	1
1	2	14	1	0	-242261280	1
1	2	14	1	1	-3104315280	1
1	2	14	1	2	-7262239680	1
1	2	14	1	3	-141717600	1
1	2	14	2	0	-106929720	1
1	2	14	2	1	-480658860	1
1	2	14	2	2	4015332000	1
1	2	14	2	3	194861700	1
1	2	14	3	0	391735440	1
1	2	14	3	1	1983849570	1
1	2	14	3	2	-1875396240	1
1	2	14	4	0	96348285	1
1	2	14	4	1	-684082665	1
1	2	14	5	0	-64658655	1
1	2	15	0	0	129848400	1
1	2	15	0	1	528359760	1
1	2	15	0	2	796942800	1
1	2	15	0	3	-314928000	1
1	2	15	1	0	-265174560	1
1	2	15	1	1	-1342409760	1
1	2	15	1	2	3532442400	1
1	2	15	1	3	850305600	1
1	2	15	2	0	-690013080	1
1	2	15	2	1	-2097551700	1
1	2	15	2	2	-8164508400	1
1	2	15	2	3	-584585100	1
1	2	15	3	0	316619280	1
1	2	15	3	1	141192720	1
1	2	15	3	2	3821651280	1
1	2	15	4	0	111219885	1
1	2	15	4	1	700419555	1
1	2	15	5	0	4920750	1
1	2	16	0	0	84936960	1
1	2	16	0	1	366126480	1
1	2	16	0	2	-250367760	1
1	2	16	0	3	-52488000	1
1	2	16	1	0	-95787360	1
1	2	16	1	1	982069920	1
1	2	16	1	2	3620622240	1
1	2	16	1	3	-78732000	1
1	2	16	2	0	-877889340	1
1	2	16	2	1	-2552403960	1
1	2	16	2	2	-2943920700	1
1	2	16	2	3	64953900	1
1	2	16	3	0	-140507460	1
1	2	16	3	1	-415748700	1
1	2	16	3	2	749134980	1
1	2	16	3	3	162384750	1
1	2	16	4	0	190422090	1
1	2	16	4	1	591211710	1
1	2	16	4	2	-713902410	1
1	2	16	5	0	35702775	1
1	2	16	5	1	-370532475	2
1	2	16	6	0	-75287475	4
1	2	17	0	0	43517760	1
1	2	17	0	1	193988880	1
1	2	17	0	2	-73567440	1
1	2	17	0	3	290433600	1
1	2	17	1	0	63568800	1
1	2	17	1	1	992463840	1
1	2	17	1	2	-392260320	1
1	2	17	1	3	-1039262400	1
1	2	17	2	0	-637076340	1
1	2	17	2	1	-28119960	1
1	2	17	2	2	4560026220	1
1	2	17	2	3	1190821500	1
1	2	17	3	0	-547287840	1
1	2	17	3	1	-1475875080	1
1	2	17	3	2	-4776757920	1
1	2	17	3	3	-541282500	1
1	2	17	4	0	144079560	1
1	2	17	4	1	-37507050	1
1	2	17	4	2	1718916390	1
1	2	17	5	0	21410730	1
1	2	17	5	1	253451430	1
1	2	17	6	0	22733865	4
1	2	18	0	0	15388960	1
1	2	18	0	1	180670320	1
1	2	18	0	2	-65635920	1
1	2	18	0	3	86313600	1
1	2	18	1	0	91493520	1
1	2	18	1	1	145996560	1
1	2	18	1	2	-481606560	1
1	2	18	1	3	111974400	1
1	2	18	2	0	-225635760	1
1	2	18	2	1	1582381980	1
1	2	18	2	2	1363375800	1
1	2	18	2	3	-541282500	1
1	2	18	3	0	-646804440	1
1	2	18	3	1	-1405390500	1
1	2	18	3	2	173297880	1
1	2	18	3	3	270641250	1
1	2	18	4	0	-31731750	1
1	2	18	4	1	-2478600	1
1	2	18	4	2	-258240960	1
1	2	18	4	3	81192375	1
1	2	18	5	0	39909105	1
1	2	18	5	1	16435305	1
1	2	18	5	2	-223795710	1
1	2	18	6	0	13803615	2
1	2	18	6	1	-96217065	4
1	2	18	7	0	-13679685	4
1	2	19	0	0	10741600	3
1	2	19	0	1	149076480	1
1	2	19	0	2	-159950160	1
1	2	19	0	3	-145411200	1
1	2	19	1	0	48703040	1
1	2	19	1	1	-11207520	1
1	2	19	1	2	308694240	1
1	2	19	1	3	761659200	1
1	2	19	2	0	20625840	1
1	2	19	2	1	660433500	1
1	2	19	2	2	-1386178920	1
1	2	19	2	3	-1147518900	1
1	2	19	3	0	-407715120	1
1	2	19	3	1	572090040	1
1	2	19	3	2	2794811040	1
1	2	19	3	3	793881000	1
1	2	19	4	0	-224623530	1
1	2	19	4	1	-785627505	1
1	2	19	4	2	-1919158110	1
1	2	19	4	3	-297705375	1
1	2	19	5	0	51362100	1
1	2	19	5	1	67906350	1
1	2	19	5	2	616077900	1
1	2	19	6	0	-9108855	2
1	2	19	6	1	172608975	4
1	2	19	7	0	2033910	1
1	2	20	0	0	4687840	9
1	2	20	0	1	77892800	1
1	2	20	0	2	-97595280	1
1	2	20	0	3	-81972000	1
1	2	20	1	0	43309840	3
1	2	20	1	1	165934200	1
1	2	20	1	2	-3494880	1
1	2	20	1	3	41698800	1
1	2	20	2	0	56483120	1
1	2	20	2	1	-246867840	1
1	2	20	2	2	-93394620	1
1	2	20	2	3	491564700	1
1	2	20	3	0	-108964260	1
1	2	20	3	1	1111393440	1
1	2	20	3	2	-261657540	1
1	2	20	3	3	-679610250	1
1	2	20	4	0	-264995280	1
1	2	20	4	1	-552498165	1
1	2	20	4	2	733563540	1
1	2	20	4	3	243577125	1
1	2	20	5	0	8209350	1
1	2	20	5	1	145674855	2
1	2	20	5	2	-267032700	1
1	2	20	5	3	27064125	1
1	2	20	6	0	3739365	2
1	2	20	6	1	-172047645	4
1	2	20	6	2	-116424945	2
1	2	20	7	0	4107915	4
1	2	20	7	1	17135145	8
1	2	20	8	0	-8605845	16
1	2	21	0	0	1151360	27
1	2	21	0	1	77404400	3
1	2	21	0	2	-4514640	1
1	2	21	0	3	26532000	1
1	2	21	1	0	22387520	9
1	2	21	1	1	177131520	1
1	2	21	1	2	-281008800	1
1	2	21	1	3	-344520000	1
1	2	21	2	0	24616120	1
1	2	21	2	1	-147295800	1
1	2	21	2	2	536218380	1
1	2	21	2	3	732134700	1
1	2	21	3	0	18798000	1
1	2	21	3	1	150649200	1
1	2	21	3	2	-1008761040	1
1	2	21	3	3	-581377500	1
1	2	21	4	0	-136618920	1
1	2	21	4	1	482340420	1
1	2	21	4	2	1054950480	1
1	2	21	4	3	285676875	1
1	2	21	5	0	-65482020	1
1	2	21	5	1	-354352320	1
1	2	21	5	2	-568488780	1
1	2	21	5	3	-108256500	1
1	2	21	6	0	34073865	2
1	2	21	6	1	302361255	4
1	2	21	6	2	358000965	2
1	2	21	7	0	-3589920	1
1	2	21	7	1	-13796325	4
1	2	21	8	0	8241345	16
1	2	22	0	0	40000	27
1	2	22	0	1	16405120	3
1	2	22	0	2	22236080	1
1	2	22	0	3	34320000	1
1	2	22	1	0	6251360	27
1	2	22	1	1	250626320	3
1	2	22	1	2	-141887040	1
1	2	22	1	3	-100584000	1
1	2	22	2	0	15804800	3
1	2	22	2	1	97942360	1
1	2	22	2	2	-22698000	1
1	2	22	2	3	-159043500	1
1	2	22	3	0	22231500	1
1	2	22	3	1	-268690500	1
1	2	22	3	2	217092960	1
1	2	22	3	3	527249250	1
1	2	22	4	0	-20030850	1
1	2	22	4	1	439534350	1
1	2	22	4	2	-477322470	1
1	2	22	4	3	-415985625	1
1	2	22	5	0	-71398530	1
1	2	22	5	1	-121845870	1
1	2	22	5	2	426588930	1
1	2	22	5	3	119082150	1
1	2	22	6	0	5118120	1
1	2	22	6	1	23924565	2
1	2	22	6	2	-123926355	1
1	2	22	6	3	12629925	2
1	2	22	7	0	-1143315	2
1	2	22	7	1	-88807995	8
1	2	22	7	2	-11908215	1
1	2	22	8	0	3171555	16
1	2	22	8	1	6222015	4
1	2	22	9	0	-1534545	16
1	2	23	0	1	19424240	27
1	2	23	0	2	116625520	9
1	2	23	0	3	7088000	1
1	2	23	1	0	80000	9
1	2	23	1	1	66623200	3
1	2	23	1	2	8245600	1
1	2	23	1	3	75960000	1
1	2	23	2	0	15385040	27
1	2	23	2	1	311352320	3
1	2	23	2	2	-237810720	1
1	2	23	2	3	-314869500	1
1	2	23	3	0	19386400	3
1	2	23	3	1	-76301800	1
1	2	23	3	2	343324560	1
1	2	23	3	3	320760000	1
1	2	23	4	0	10092800	1
1	2	23	4	1	-51589800	1
1	2	23	4	2	-369321120	1
1	2	23	4	3	-121287375	1
1	2	23	5	0	-25682040	1
1	2	23	5	1	219142260	1
1	2	23	5	2	244963440	1
1	2	23	5	3	48915900	1
1	2	23	6	0	-15751260	1
1	2	23	6	1	-233291205	2
1	2	23	6	2	-114740955	1
1	2	23	6	3	-54729675	2
1	2	23	7	0	4703130	1
1	2	23	7	1	29981340	1
1	2	23	7	2	40350150	1
1	2	23	8	0	-17365995	16
1	2	23	8	1	-55956825	16
1	2	23	9	0	1026675	8
1	2	24	0	1	1439120	27
1	2	24	0	2	33677600	9
1	2	24	0	3	-3720000	1
1	2	24	1	1	30986920	9
1	2	24	1	2	95674400	3
1	2	24	1	3	48900000	1
1	2	24	2	0	220000	9
1	2	24	2	1	115236220	3
1	2	24	2	2	-80043140	1
1	2	24	2	3	-17077500	1
1	2	24	3	0	838200	1
1	2	24	3	1	50812050	1
1	2	24	3	2	-63016260	1
1	2	24	3	3	-199212750	1
1	2	24	4	0	15005650	3
1	2	24	4	1	-115951500	1
1	2	24	4	2	192620430	1
1	2	24	4	3	274762125	1
1	2	24	5	0	392550	1
1	2	24	5	1	92622150	1
1	2	24	5	2	-238467240	1
1	2	24	5	3	-148952925	1
1	2	24	6	0	-12661110	1
1	2	24	6	1	3155355	2
1	2	24	6	2	148148595	1
1	2	24	6	3	74376225	2
1	2	24	7	0	1150785	2
1	2	24	7	1	-31867425	4
1	2	24	7	2	-76074795	2
1	2	24	7	3	4209975	4
1	2	24	8	0	158355	2
1	2	24	8	1	-244215	8
1	2	24	8	2	-28857465	16
1	2	24	9	0	5535	1
1	2	24	9	1	4919535	16
1	2	24	10	0	-890595	64
1	2	25	0	1	45440	27
1	2	25	0	2	1873760	3
1	2	25	0	3	-2712000	1
1	2	25	1	1	2605600	9
1	2	25	1	2	40460320	3
1	2	25	1	3	1944000	1
1	2	25	2	1	65844020	9
1	2	25	2	2	56451580	3
1	2	25	2	3	75520500	1
1	2	25	3	0	1100000	27
1	2	25	3	1	35834700	1
1	2	25	3	2	-114856000	1
1	2	25	3	3	-136141500	1
1	2	25	4	0	7357900	9
1	2	25	4	1	-9876500	1
1	2	25	4	2	110142630	1
1	2	25	4	3	50155875	1
1	2	25	5	0	2459160	1
1	2	25	5	1	-43566960	1
1	2	25	5	2	-64019160	1
1	2	25	5	3	13365000	1
1	2	25	6	0	-2196845	1
1	2	25	6	1	116819325	2
1	2	25	6	2	20947815	1
1	2	25	6	3	-4209975	2
1	2	25	7	0	-2954130	1
1	2	25	7	1	-46884285	2
1	2	25	7	2	-11073510	1
1	2	25	7	3	-9823275	2
1	2	25	8	0	3422655	4
1	2	25	8	1	94486095	16
1	2	25	8	2	106867755	16
1	2	25	9	0	-1497195	8
1	2	25	9	1	-807570	1
1	2	25	10	0	1496475	64
1	2	26	0	2	520160	9
1	2	26	0	3	-784000	1
1	2	26	1	1	90880	9
1	2	26	1	2	2809200	1
1	2	26	1	3	-6912000	1
1	2	26	2	1	6415640	9
1	2	26	2	2	58003880	3
1	2	26	2	3	24700500	1
1	2	26	3	1	243616450	27
1	2	26	3	2	-165209800	9
1	2	26	3	3	28525750	1
1	2	26	4	0	137500	3
1	2	26	4	1	17977025	1
1	2	26	4	2	-46199100	1
1	2	26	4	3	-100051875	1
1	2	26	5	0	4983220	9
1	2	26	5	1	-24522500	1
1	2	26	5	2	78045750	1
1	2	26	5	3	79893000	1
1	2	26	6	0	2080540	3
1	2	26	6	1	5272785	1
1	2	26	6	2	-67176900	1
1	2	26	6	3	-32744250	1
1	2	26	7	0	-2565385	2
1	2	26	7	1	33562305	4
1	2	26	7	2	32877090	1
1	2	26	7	3	31474575	4
1	2	26	8	0	-1133625	8
1	2	26	8	1	-60129675	16
1	2	26	8	2	-126728145	16
1	2	26	8	3	1002375	8
1	2	26	9	0	1228665	16
1	2	26	9	1	7283835	16
1	2	26	9	2	-3068685	16
1	2	26	10	0	-145125	16
1	2	26	10	1	2065905	64
1	2	26	11	0	-18225	16
1	2	27	0	2	20800	9
1	2	27	0	3	-124800	1
1	2	27	1	2	915520	3
1	2	27	1	3	-2932800	1
1	2	27	2	1	249920	9
1	2	27	2	2	5488120	1
1	2	27	2	3	-4405500	1
1	2	27	3	1	28329400	27
1	2	27	3	2	111760000	9
1	2	27	3	3	35013000	1
1	2	27	4	1	21157400	3
1	2	27	4	2	-31645550	1
1	2	27	4	3	-25183125	1
1	2	27	5	0	110000	3
1	2	27	5	1	2884640	1
1	2	27	5	2	14638380	1
1	2	27	5	3	-11226600	1
1	2	27	6	0	2380070	9
1	2	27	6	1	-11702635	1
1	2	27	6	2	2766960	1
1	2	27	6	3	14241150	1
1	2	27	7	0	143000	3
1	2	27	7	1	8350695	1
1	2	27	7	2	-6127380	1
1	2	27	7	3	-3118500	1
1	2	27	8	0	-2769375	8
1	2	27	8	1	-17930025	8
1	2	27	8	2	16783605	16
1	2	27	8	3	-5011875	8
1	2	27	9	0	307925	4
1	2	27	9	1	4275675	8
1	2	27	9	2	6171795	8
1	2	27	10	0	-240855	16
1	2	27	10	1	-6156945	64
1	2	27	11	0	36585	16
1	2	28	0	3	-10800	1
1	2	28	1	2	41600	3
1	2	28	1	3	-574200	1
1	2	28	2	2	2174480	3
1	2	28	2	3	-4471500	1
1	2	28	3	1	1249600	27
1	2	28	3	2	17970700	3
1	2	28	3	3	4001250	1
1	2	28	4	1	3072575	3
1	2	28	4	2	763400	1
1	2	28	4	3	18822375	1
1	2	28	5	1	10614835	3
1	2	28	5	2	-16155820	1
1	2	28	5	3	-25915725	1
1	2	28	6	0	192500	9
1	2	28	6	1	-3925075	2
1	2	28	6	2	34437375	2
1	2	28	6	3	12699225	1
1	2	28	7	0	794255	9
1	2	28	7	1	-7073365	4
1	2	28	7	2	-10634535	1
1	2	28	7	3	-8427375	2
1	2	28	8	0	-334675	8
1	2	28	8	1	8114475	4
1	2	28	8	2	69580755	16
1	2	28	8	3	18376875	16
1	2	28	9	0	-1996675	48
1	2	28	9	1	-20956875	32
1	2	28	9	2	-8767305	8
1	2	28	9	3	334125	32
1	2	28	10	0	207715	16
1	2	28	10	1	2849625	32
1	2	28	10	2	-860625	64
1	2	28	11	0	-107865	64
1	2	28	11	1	116235	64
1	2	28	12	0	-1215	32
1	2	29	0	3	-400	1
1	2	29	1	3	-57600	1
1	2	29	2	2	114400	3
1	2	29	2	3	-1158300	1
1	2	29	3	2	9156400	9
1	2	29	3	3	-3294500	1
1	2	29	4	1	156200	3
1	2	29	4	2	3831300	1
1	2	29	4	3	7907625	1
1	2	29	5	1	2083180	3
1	2	29	5	2	-4238300	1
1	2	29	5	3	920700	1
1	2	29	6	1	18999365	18
1	2	29	6	2	-8404025	6
1	2	29	6	3	-6658575	1
1	2	29	7	0	27500	3
1	2	29	7	1	-2744995	2
1	2	29	7	2	3624960	1
1	2	29	7	3	3734775	1
1	2	29	8	0	177650	9
1	2	29	8	1	6577025	16
1	2	29	8	2	-36310905	16
1	2	29	8	3	-12288375	16
1	2	29	9	0	-618475	36
1	2	29	9	1	19900	1
1	2	29	9	2	3936645	8
1	2	29	9	3	-111375	2
1	2	29	10	0	61225	96
1	2	29	10	1	26655	16
1	2	29	10	2	3739905	64
1	2	29	11	0	-665	16
1	2	29	11	1	-193275	32
1	2	29	12	0	2835	32
1	2	30	1	3	-2400	1
1	2	30	2	3	-138600	1
1	2	30	3	2	572000	9
1	2	30	3	3	-1328250	1
1	2	30	4	2	930050	1
1	2	30	4	3	-754875	1
1	2	30	5	1	124960	3
1	2	30	5	2	1253670	1
1	2	30	5	3	4974750	1
1	2	30	6	1	2989525	9
1	2	30	6	2	-8602055	3
1	2	30	6	3	-6635475	2
1	2	30	7	1	1366585	12
1	2	30	7	2	1804685	1
1	2	30	7	3	1487475	2
1	2	30	8	0	34375	12
1	2	30	8	1	-2885575	8
1	2	30	8	2	-10960125	16
1	2	30	8	3	-222750	1
1	2	30	9	0	571175	216
1	2	30	9	1	9280375	48
1	2	30	9	2	2091495	8
1	2	30	9	3	457875	4
1	2	30	10	0	-109835	36
1	2	30	10	1	-1565685	32
1	2	30	10	2	-1539585	16
1	2	30	10	3	37125	64
1	2	30	11	0	41855	64
1	2	30	11	1	58725	8
1	2	30	11	2	-4455	8
1	2	30	12	0	-11535	128
1	2	30	12	1	5535	128
1	2	31	2	3	-6600	1
1	2	31	3	3	-198000	1
1	2	31	4	2	71500	1
1	2	31	4	3	-928125	1
1	2	31	5	2	572440	1
1	2	31	5	3	643500	1
1	2	31	6	1	218680	9
1	2	31	6	2	-25025	1
1	2	31	6	3	2512125	2
1	2	31	7	1	333355	3
1	2	31	7	2	-741290	1
1	2	31	7	3	-1291950	1
1	2	31	8	1	-1963225	48
1	2	31	8	2	10760275	16
1	2	31	8	3	507375	1
1	2	31	9	0	34375	54
1	2	31	9	1	-779075	24
1	2	31	9	2	-2460025	8
1	2	31	9	3	-103125	1
1	2	31	10	0	58465	432
1	2	31	10	1	1014775	48
1	2	31	10	2	67785	1
1	2	31	10	3	-210375	64
1	2	31	11	0	-6145	24
1	2	31	11	1	-104825	32
1	2	31	11	2	41625	16
1	2	31	12	0	2795	64
1	2	31	12	1	-20295	128
1	2	32	3	3	-11000	1
1	2	32	4	3	-185625	1
1	2	32	5	2	57200	1
1	2	32	5	3	-378675	1
1	2	32	6	2	701470	3
1	2	32	6	3	1218525	2
1	2	32	7	1	31240	3
1	2	32	7	2	-412335	2
1	2	32	7	3	-334125	4
1	2	32	8	1	1198175	48
1	2	32	8	2	42625	8
1	2	32	8	3	-705375	8
1	2	32	9	1	-16915525	864
1	2	32	9	2	2881075	72
1	2	32	9	3	281875	16
1	2	32	10	0	6875	72
1	2	32	10	1	813395	192
1	2	32	10	2	-455245	64
1	2	32	10	3	477675	64
1	2	32	11	0	-9895	864
1	2	32	11	1	-259285	384
1	2	32	11	2	-310515	64
1	2	32	11	3	2475	128
1	2	32	12	0	-2725	384
1	2	32	12	1	14905	64
1	2	32	12	2	-165	16
1	2	33	4	3	-12375	1
1	2	33	5	3	-118800	1
1	2	33	6	2	100100	3
1	2	33	6	3	-121275	2
1	2	33	7	2	57310	1
1	2	33	7	3	433125	2
1	2	33	8	1	19525	6
1	2	33	8	2	-682275	8
1	2	33	8	3	-928125	8
1	2	33	9	1	729575	216
1	2	33	9	2	3300275	72
1	2	33	9	3	70125	2
1	2	33	10	1	-2035495	576
1	2	33	10	2	-3260285	192
1	2	33	10	3	-528825	64
1	2	33	11	0	625	72
1	2	33	11	1	215825	192
1	2	33	11	2	4475	1
1	2	33	11	3	-7425	64
1	2	33	12	0	-845	576
1	2	33	12	1	-22045	128
1	2	33	12	2	825	16
1	2	34	5	3	-9900	1
1	2	34	6	3	-51975	1
1	2	34	7	2	14300	1
1	2	34	7	3	81675	4
1	2	34	8	2	36025	8
1	2	34	8	3	235125	8
1	2	34	9	1	19525	27
1	2	34	9	2	-703175	48
1	2	34	9	3	-152625	8
1	2	34	10	1	52195	288
1	2	34	10	2	801625	96
1	2	34	10	3	245025	64
1	2	34	11	1	-330385	1152
1	2	34	11	2	-183275	96
1	2	34	11	3	36825	128
1	2	34	12	0	625	1728
1	2	34	12	1	16085	256
1	2	34	12	2	-13705	128
1	2	34	12	3	75	256
1	2	35	6	3	-5775	1
1	2	35	7	3	-14850	1
1	2	35	8	2	17875	4
1	2	35	8	3	111375	8
1	2	35	9	2	-71225	36
1	2	35	9	3	-2750	1
1	2	35	10	1	3905	36
1	2	35	10	2	-6765	32
1	2	35	10	3	37125	64
1	2	35	11	1	-3775	288
1	2	35	11	2	1265	24
1	2	35	11	3	-11925	32
1	2	35	12	1	-23555	3456
1	2	35	12	2	68815	576
1	2	35	12	3	-475	256
1	2	36	7	3	-2475	1
1	2	36	8	3	-37125	16
1	2	36	9	2	17875	18
1	2	36	9	3	103125	32
1	2	36	10	2	-35695	48
1	2	36	10	3	-78375	64
1	2	36	11	1	355	36
1	2	36	11	2	18125	64
1	2	36	11	3	32625	128
1	2	36	12	1	-12295	6912
1	2	36	12	2	-44635	576
1	2	36	12	3	1275	256
1	2	37	8	3	-12375	16
1	2	37	10	2	3575	24
1	2	37	10	3	17325	64
1	2	37	11	2	-5195	48
1	2	37	11	3	-4425	64
1	2	37	12	1	355	864
1	2	37	12	2	1415	48
1	2	37	12	3	-1875	256
1	2	38	9	3	-1375	8
1	2	38	10	3	2475	32
1	2	38	11	2	325	24
1	2	38	11	3	-2025	128
1	2	38	12	2	-7145	1152
1	2	38	12	3	1625	256
1	2	39	10	3	-825	32
1	2	39	11	3	225	16
1	2	39	12	2	325	576
1	2	39	12	3	-825	256
1	2	40	11	3	-75	32
1	2	40	12	3	225	256
1	2	41	12	3	-25	256
1	3	9	0	0	-31492800	1
1	3	9	0	1	-340122240	1
1	3	10	0	0	-104976000	1
1	3	10	0	1	-453496320	1
1	3	11	0	0	-168661440	1
1	3	11	0	1	181083600	1
1	3	11	0	2	28343520	1
1	3	11	1	0	23094720	1
1	3	11	1	1	-566870400	1
1	3	11	2	0	-56687040	1
1	3	12	0	0	-209952000	1
1	3	12	0	1	664498080	1
1	3	12	1	0	107075520	1
1	3	12	1	1	-566870400	1
1	3	12	2	0	-113374080	1
1	3	13	0	0	-276320160	1
1	3	13	0	1	391035600	1
1	3	13	0	2	-75582720	1
1	3	13	1	0	256491360	1
1	3	13	1	1	579467520	1
1	3	13	1	2	56687040	1
1	3	13	2	0	-28081080	1
1	3	13	2	1	-503097480	1
1	3	13	3	0	-75582720	1
1	3	14	0	0	-341392320	1
1	3	14	0	1	-31959360	1
1	3	14	0	2	-33592320	1
1	3	14	1	0	293116320	1
1	3	14	1	1	1022466240	1
1	3	14	1	2	-18895680	1
1	3	14	2	0	221149440	1
1	3	14	2	1	-335398320	1
1	3	14	3	0	-125971200	1
1	3	15	0	0	-320423040	1
1	3	15	0	1	-121014000	1
1	3	15	0	2	71383680	1
1	3	15	1	0	51632640	1
1	3	15	1	1	224998560	1
1	3	15	1	2	-144866880	1
1	3	15	2	0	544242240	1
1	3	15	2	1	721710000	1
1	3	15	2	2	51963120	1
1	3	15	3	0	-52750440	1
1	3	15	3	1	-318864600	1
1	3	15	4	0	-38775510	1
1	3	16	0	0	-213649920	1
1	3	16	0	1	-61236000	1
1	3	16	0	2	67184640	1
1	3	16	1	0	-266716800	1
1	3	16	1	1	-336273120	1
1	3	16	1	2	-18895680	1
1	3	16	2	0	624529440	1
1	3	16	2	1	760726080	1
1	3	16	2	2	-34642080	1
1	3	16	3	0	138655800	1
1	3	16	3	1	-106288200	1
1	3	16	4	0	-51700680	1
1	3	17	0	0	-100713600	1
1	3	17	0	1	-57354480	1
1	3	17	0	2	-10264320	1
1	3	17	1	0	-364392000	1
1	3	17	1	1	-173210400	1
1	3	17	1	2	149065920	1
1	3	17	2	0	299512080	1
1	3	17	2	1	-153614880	1
1	3	17	2	2	-121247280	1
1	3	17	3	0	391780800	1
1	3	17	3	1	537418800	1
1	3	17	3	2	28868400	1
1	3	17	4	0	-32331150	1
1	3	17	4	1	-152543250	1
1	3	17	5	0	-7610760	1
1	3	18	0	0	-33625600	1
1	3	18	0	1	-74044800	1
1	3	18	0	2	-41057280	1
1	3	18	1	0	-249704640	1
1	3	18	1	1	24533280	1
1	3	18	1	2	84680640	1
1	3	18	2	0	-87480000	1
1	3	18	2	1	-428418720	1
1	3	18	2	2	23094720	1
1	3	18	3	0	437542560	1
1	3	18	3	1	337089600	1
1	3	18	3	2	-28868400	1
1	3	18	4	0	43229700	1
1	3	18	5	0	-7610760	1
1	3	19	0	0	-23657920	3
1	3	19	0	1	-58185360	1
1	3	19	0	2	-19673280	1
1	3	19	1	0	-107000640	1
1	3	19	1	1	-18066240	1
1	3	19	1	2	-48755520	1
1	3	19	2	0	-210340800	1
1	3	19	2	1	-69002280	1
1	3	19	2	2	128945520	1
1	3	19	3	0	201322800	1
1	3	19	3	1	-255587400	1
1	3	19	3	2	-57736800	1
1	3	19	4	0	164486700	1
1	3	19	4	1	265337775	1
1	3	19	4	2	10825650	1
1	3	19	5	0	-14609160	1
1	3	19	5	1	-54325080	1
1	3	19	6	0	1071630	1
1	3	20	0	0	-11390720	9
1	3	20	0	1	-28185760	1
1	3	20	0	2	2027520	1
1	3	20	1	0	-90676160	3
1	3	20	1	1	-83741760	1
1	3	20	1	2	-65862720	1
1	3	20	2	0	-136290240	1
1	3	20	2	1	99921600	1
1	3	20	2	2	34642080	1
1	3	20	3	0	-28273680	1
1	3	20	3	1	-253902600	1
1	3	20	3	2	32076000	1
1	3	20	4	0	173033280	1
1	3	20	4	1	78768450	1
1	3	20	4	2	-14434200	1
1	3	20	5	0	6599880	1
1	3	20	5	1	18108360	1
1	3	20	6	0	714420	1
1	3	21	0	0	-1183520	9
1	3	21	0	1	-8896400	1
1	3	21	0	2	6462720	1
1	3	21	1	0	-5621280	1
1	3	21	1	1	-68546880	1
1	3	21	1	2	-17392320	1
1	3	21	2	0	-49436760	1
1	3	21	2	1	11889720	1
1	3	21	2	2	-56239920	1
1	3	21	3	0	-81621600	1
1	3	21	3	1	19764000	1
1	3	21	3	2	60944400	1
1	3	21	4	0	64857240	1
1	3	21	4	1	-154262475	1
1	3	21	4	2	-16839900	1
1	3	21	5	0	47866140	1
1	3	21	5	1	88209000	1
1	3	21	5	2	2886840	1
1	3	21	6	0	-5542425	1
1	3	21	6	1	-14160825	1
1	3	21	7	0	969570	1
1	3	22	0	0	-212800	27
1	3	22	0	1	-5563840	3
1	3	22	0	2	3486720	1
1	3	22	1	0	-5930720	9
1	3	22	1	1	-29139200	1
1	3	22	1	2	9852480	1
1	3	22	2	0	-33028160	3
1	3	22	2	1	-51487920	1
1	3	22	2	2	-41627520	1
1	3	22	3	0	-44060000	1
1	3	22	3	1	73224000	1
1	3	22	3	2	-1069200	1
1	3	22	4	0	-13795200	1
1	3	22	4	1	-81469800	1
1	3	22	4	2	17641800	1
1	3	22	5	0	43927380	1
1	3	22	5	1	-311040	1
1	3	22	5	2	-4811400	1
1	3	22	6	0	548100	1
1	3	22	6	1	9440550	1
1	3	22	7	0	323190	1
1	3	23	0	0	-49280	243
1	3	23	0	1	-6694000	27
1	3	23	0	2	3160960	3
1	3	23	1	0	-1178240	27
1	3	23	1	1	-22406560	3
1	3	23	1	2	9641280	1
1	3	23	2	0	-13361920	9
1	3	23	2	1	-37679520	1
1	3	23	2	2	-2067120	1
1	3	23	3	0	-37226200	3
1	3	23	3	1	4344600	1
1	3	23	3	2	-30888000	1
1	3	23	4	0	-22040950	1
1	3	23	4	1	29134350	1
1	3	23	4	2	16973550	1
1	3	23	5	0	10934280	1
1	3	23	5	1	-53144100	1
1	3	23	5	2	-2886840	1
1	3	23	6	0	10401930	1
1	3	23	6	1	19431090	1
1	3	23	6	2	561330	1
1	3	23	7	0	-1501875	1
1	3	23	7	1	-2671785	1
1	3	23	8	0	1012095	4
1	3	24	0	1	-522400	27
1	3	24	0	2	604160	3
1	3	24	1	0	-98560	81
1	3	24	1	1	-10532960	9
1	3	24	1	2	3759680	1
1	3	24	2	0	-2969120	27
1	3	24	2	1	-38515840	3
1	3	24	2	2	9720480	1
1	3	24	3	0	-17809000	9
1	3	24	3	1	-21859800	1
1	3	24	3	2	-12830400	1
1	3	24	4	0	-8767000	1
1	3	24	4	1	25807500	1
1	3	24	4	2	-6058800	1
1	3	24	5	0	-4954440	1
1	3	24	5	1	-12538260	1
1	3	24	5	2	5666760	1
1	3	24	6	0	7266840	1
1	3	24	6	1	-6214320	1
1	3	24	6	2	-1122660	1
1	3	24	7	0	199125	1
1	3	24	7	1	2671785	1
1	3	25	0	1	-18160	27
1	3	25	0	2	24320	1
1	3	25	1	1	-935840	9
1	3	25	1	2	854080	1
1	3	25	2	0	-271040	81
1	3	25	2	1	-22013200	9
1	3	25	2	2	5597680	1
1	3	25	3	0	-4496800	27
1	3	25	3	1	-11998800	1
1	3	25	3	2	3128400	1
1	3	25	4	0	-5174950	3
1	3	25	4	1	-1923600	1
1	3	25	4	2	-9563400	1
1	3	25	5	0	-3915780	1
1	3	25	5	1	12036780	1
1	3	25	5	2	2637360	1
1	3	25	6	0	648305	1
1	3	25	6	1	-11074455	1
1	3	25	6	2	-187110	1
1	3	25	7	0	1666080	1
1	3	25	7	1	2681100	1
1	3	25	7	2	80190	1
1	3	25	8	0	-255015	1
1	3	25	8	1	-1439775	4
1	3	25	9	0	73305	2
1	3	26	0	2	5120	3
1	3	26	1	1	-36320	9
1	3	26	1	2	118080	1
1	3	26	2	1	-2273920	9
1	3	26	2	2	1580480	1
1	3	26	3	0	-1355200	243
1	3	26	3	1	-79798400	27
1	3	26	3	2	13072400	3
1	3	26	4	0	-1516900	9
1	3	26	4	1	-6228200	1
1	3	26	4	2	-1623600	1
1	3	26	5	0	-3072740	3
1	3	26	5	1	4661100	1
1	3	26	5	2	-2494800	1
1	3	26	6	0	-3043040	3
1	3	26	6	1	159810	1
1	3	26	6	2	1164240	1
1	3	26	7	0	722140	1
1	3	26	7	1	-1975590	1
1	3	26	7	2	-187110	1
1	3	26	8	0	80550	1
1	3	26	8	1	479925	1
1	3	26	9	0	-24435	2
1	3	27	0	2	160	3
1	3	27	1	2	9280	1
1	3	27	2	1	-99880	9
1	3	27	2	2	256080	1
1	3	27	3	1	-9871400	27
1	3	27	3	2	4972000	3
1	3	27	4	0	-169400	27
1	3	27	4	1	-6753175	3
1	3	27	4	2	1714350	1
1	3	27	5	0	-1078000	9
1	3	27	5	1	-1359380	1
1	3	27	5	2	-1718640	1
1	3	27	6	0	-1248940	3
1	3	27	6	1	2539425	1
1	3	27	6	2	124740	1
1	3	27	7	0	-86845	1
1	3	27	7	1	-1318860	1
1	3	27	7	2	35640	1
1	3	27	8	0	179250	1
1	3	27	8	1	3024675	16
1	3	27	8	2	66825	8
1	3	27	9	0	-97325	4
1	3	27	9	1	-33750	1
1	3	27	10	0	25245	8
1	3	28	1	2	320	1
1	3	28	2	2	22880	1
1	3	28	3	1	-499400	27
1	3	28	3	2	325600	1
1	3	28	4	1	-1046650	3
1	3	28	4	2	1062600	1
1	3	28	5	0	-135520	27
1	3	28	5	1	-3274700	3
1	3	28	5	2	139920	1
1	3	28	6	0	-183260	3
1	3	28	6	1	303380	1
1	3	28	6	2	-526680	1
1	3	28	7	0	-336215	3
1	3	28	7	1	404130	1
1	3	28	7	2	154440	1
1	3	28	8	0	30800	1
1	3	28	8	1	-2514825	8
1	3	28	8	2	-22275	1
1	3	28	9	0	174925	12
1	3	28	9	1	56250	1
1	3	28	10	0	-8415	4
1	3	29	2	2	880	1
1	3	29	3	2	101200	3
1	3	29	4	1	-62425	3
1	3	29	4	2	267300	1
1	3	29	5	1	-687500	3
1	3	29	5	2	410520	1
1	3	29	6	0	-237160	81
1	3	29	6	1	-2793560	9
1	3	29	6	2	-158620	1
1	3	29	7	0	-201740	9
1	3	29	7	1	276320	1
1	3	29	7	2	-33660	1
1	3	29	8	0	-427625	24
1	3	29	8	1	-1023525	16
1	3	29	8	2	22275	2
1	3	29	9	0	776875	72
1	3	29	9	1	-4075	2
1	3	29	9	2	2475	4
1	3	29	10	0	-92885	96
1	3	29	10	1	-67005	32
1	3	29	11	0	1215	8
1	3	30	3	2	4400	3
1	3	30	4	2	33000	1
1	3	30	5	1	-49940	3
1	3	30	5	2	146520	1
1	3	30	6	1	-940940	9
1	3	30	6	2	80080	1
1	3	30	7	0	-33880	27
1	3	30	7	1	-91850	3
1	3	30	7	2	-64020	1
1	3	30	8	0	-209825	36
1	3	30	8	1	264275	4
1	3	30	8	2	12375	1
1	3	30	9	0	-66275	72
1	3	30	9	1	-109075	4
1	3	30	9	2	-7425	4
1	3	30	10	0	4895	4
1	3	30	10	1	67005	16
1	3	30	11	0	-1215	8
1	3	31	4	2	1650	1
1	3	31	5	2	22440	1
1	3	31	6	1	-87395	9
1	3	31	6	2	53130	1
1	3	31	7	1	-96965	3
1	3	31	7	2	-1320	1
1	3	31	8	0	-21175	54
1	3	31	8	1	515075	48
1	3	31	8	2	-30525	4
1	3	31	9	0	-55825	54
1	3	31	9	1	79475	24
1	3	31	9	2	5775	4
1	3	31	10	0	7205	36
1	3	31	10	1	-25225	16
1	3	31	10	2	495	16
1	3	31	11	0	1705	96
1	3	31	11	1	-2475	32
1	3	31	12	0	405	128
1	3	32	5	2	1320	1
1	3	32	6	2	10780	1
1	3	32	7	1	-12485	3
1	3	32	7	2	11880	1
1	3	32	8	1	-148775	24
1	3	32	8	2	-4125	1
1	3	32	9	0	-21175	243
1	3	32	9	1	927575	216
1	3	32	9	2	5225	12
1	3	32	10	0	-25025	216
1	3	32	10	1	-12815	12
1	3	32	10	2	-825	8
1	3	32	11	0	11015	288
1	3	32	11	1	5775	32
1	3	32	12	0	-135	32
1	3	33	6	2	770	1
1	3	33	7	2	3630	1
1	3	33	8	1	-62425	48
1	3	33	8	2	2475	2
1	3	33	9	1	-110275	216
1	3	33	9	2	-8525	12
1	3	33	10	0	-4235	324
1	3	33	10	1	77825	144
1	3	33	10	2	1705	16
1	3	33	11	0	-1505	216
1	3	33	11	1	-5765	48
1	3	33	11	2	15	16
1	3	33	12	0	2285	1152
1	3	33	12	1	-165	128
1	3	34	7	2	330	1
1	3	34	8	2	825	1
1	3	34	9	1	-62425	216
1	3	34	9	2	-275	4
1	3	34	10	1	1925	36
1	3	34	10	2	-55	4
1	3	34	11	0	-385	324
1	3	34	11	1	305	72
1	3	34	11	2	-55	16
1	3	34	12	0	-245	1728
1	3	34	12	1	55	16
1	3	35	8	2	825	8
1	3	35	9	2	1375	12
1	3	35	10	1	-12485	288
1	3	35	10	2	-495	16
1	3	35	11	1	4805	288
1	3	35	11	2	35	8
1	3	35	12	0	-385	7776
1	3	35	12	1	-21925	6912
1	3	35	12	2	5	384
1	3	36	9	2	275	12
1	3	36	10	2	55	8
1	3	36	11	1	-1135	288
1	3	36	11	2	-15	8
1	3	36	12	1	4105	3456
1	3	36	12	2	-5	96
1	3	37	10	2	55	16
1	3	37	11	2	-5	16
1	3	37	12	1	-1135	6912
1	3	37	12	2	5	64
1	3	38	11	2	5	16
1	3	38	12	2	-5	96
1	3	39	12	2	5	384
1	4	12	0	0	16796160	1
1	4	12	1	0	-25194240	1
1	4	13	0	0	61585920	1
1	4	13	1	0	-83980800	1
1	4	14	0	0	102643200	1
1	4	14	1	0	-92378880	1
1	4	14	2	0	-46189440	1
1	4	15	0	0	102643200	1
1	4	15	2	0	-138568320	1
1	4	16	0	0	68428800	1
1	4	16	1	0	102643200	1
1	4	16	2	0	-153964800	1
1	4	16	3	0	-38491200	1
1	4	17	0	0	31933440	1
1	4	17	1	0	123171840	1
1	4	17	2	0	-51321600	1
1	4	17	3	0	-102643200	1
1	4	18	0	0	10644480	1
1	4	18	1	0	79833600	1
1	4	18	2	0	51321600	1
1	4	18	3	0	-102643200	1
1	4	18	4	0	-19245600	1
1	4	19	0	0	2534400	1
1	4	19	1	0	33454080	1
1	4	19	2	0	71850240	1
1	4	19	3	0	-34214400	1
1	4	19	4	0	-44906400	1
1	4	20	0	0	422400	1
1	4	20	1	0	9504000	1
1	4	20	2	0	42577920	1
1	4	20	3	0	19958400	1
1	4	20	4	0	-38491200	1
1	4	20	5	0	-6415200	1
1	4	21	0	0	140800	3
1	4	21	1	0	1830400	1
1	4	21	2	0	15206400	1
1	4	21	3	0	26611200	1
1	4	21	4	0	-9979200	1
1	4	21	5	0	-12830400	1
1	4	22	0	0	28160	9
1	4	22	1	0	689920	3
1	4	22	2	0	3484800	1
1	4	22	3	0	13305600	1
1	4	22	4	0	6652800	1
1	4	22	5	0	-8981280	1
1	4	22	6	0	-1496880	1
1	4	23	0	0	2560	27
1	4	23	1	0	51200	3
1	4	23	2	0	1513600	3
1	4	23	3	0	3801600	1
1	4	23	4	0	6652800	1
1	4	23	5	0	-1330560	1
1	4	23	6	0	-2494800	1
1	4	24	1	0	5120	9
1	4	24	2	0	42240	1
1	4	24	3	0	651200	1
1	4	24	4	0	2587200	1
1	4	24	5	0	1663200	1
1	4	24	6	0	-1330560	1
1	4	24	7	0	-249480	1
1	4	25	2	0	14080	9
1	4	25	3	0	563200	9
1	4	25	4	0	545600	1
1	4	25	5	0	1108800	1
1	4	25	7	0	-332640	1
1	4	26	3	0	70400	27
1	4	26	4	0	61600	1
1	4	26	5	0	308000	1
1	4	26	6	0	277200	1
1	4	26	7	0	-118800	1
1	4	26	8	0	-29700	1
1	4	27	4	0	8800	3
1	4	27	5	0	42240	1
1	4	27	6	0	117040	1
1	4	27	7	0	26400	1
1	4	27	8	0	-29700	1
1	4	28	5	0	7040	3
1	4	28	6	0	61600	3
1	4	28	7	0	28600	1
1	4	28	8	0	-4950	1
1	4	28	9	0	-2475	1
1	4	29	6	0	12320	9
1	4	29	7	0	7040	1
1	4	29	8	0	3850	1
1	4	29	9	0	-1650	1
1	4	30	7	0	1760	3
1	4	30	8	0	1650	1
1	4	30	9	0	275	3
1	4	30	10	0	-275	2
1	4	31	8	0	550	3
1	4	31	9	0	2200	9
1	4	31	10	0	-275	6
1	4	32	9	0	1100	27
1	4	32	10	0	55	3
1	4	32	11	0	-55	12
1	4	33	10	0	55	9
1	4	34	11	0	5	9
1	4	34	12	0	-5	72
1	4	35	12	0	5	216
2	0	1	0	0	5165606520	1
2	0	2	0	0	-21092893290	1
2	0	3	0	0	43477188210	1
2	0	3	0	1	9039811410	1
2	0	3	1	0	1721868840	1
2	0	4	0	0	-10331213040	1
2	0	4	0	1	-32285040750	1
2	0	4	1	0	-11048658390	1
2	0	5	0	0	-35457743520	1
2	0	5	0	1	66387609720	1
2	0	5	0	2	13774950720	1
2	0	5	1	0	33480783000	1
2	0	5	1	1	8178876990	1
2	0	5	2	0	1650124305	1
2	0	6	0	0	34123826610	1
2	0	6	0	1	-5293152360	1
2	0	6	0	2	-52564829310	1
2	0	6	1	0	-19355081220	1
2	0	6	1	1	-31352361795	1
2	0	6	2	0	-6098285475	1
2	0	7	0	0	30889122390	1
2	0	7	0	1	-95696580870	1
2	0	7	0	2	84642608070	1
2	0	7	0	3	8131047300	1
2	0	7	1	0	-19801491660	1
2	0	7	1	1	88676245260	1
2	0	7	1	2	21092893290	1
2	0	7	2	0	18167310585	1
2	0	7	2	1	6385263615	1
2	0	7	3	0	621785970	1
2	0	8	0	0	-29075727600	1
2	0	8	0	1	22954708260	1
2	0	8	0	2	-12185942130	1
2	0	8	0	3	-39316005180	1
2	0	8	1	0	44430239070	1
2	0	8	1	1	-23553465120	1
2	0	8	1	2	-81748911825	1
2	0	8	2	0	-5465870685	1
2	0	8	2	1	-45844757865	2
2	0	8	3	0	-2527001955	1
2	0	9	0	0	-26137252530	1
2	0	9	0	1	73070185050	1
2	0	9	0	2	-137230466490	1
2	0	9	0	3	61445208420	1
2	0	9	0	4	-334807830	1
2	0	9	1	0	15547601700	1
2	0	9	1	1	-126629990010	1
2	0	9	1	2	147368589300	1
2	0	9	1	3	15576535710	1
2	0	9	2	0	-9732456180	1
2	0	9	2	1	133452806715	2
2	0	9	2	2	16485299820	1
2	0	9	3	0	8455226310	1
2	0	9	3	1	7676665245	2
2	0	9	4	0	1474748775	4
2	0	10	0	0	20872837350	1
2	0	10	0	1	-25983134640	1
2	0	10	0	2	69563264940	1
2	0	10	0	3	-3847632840	1
2	0	10	0	4	1860043500	1
2	0	10	1	0	-45742307850	1
2	0	10	1	1	50269594680	1
2	0	10	1	2	-60331839525	1
2	0	10	1	3	-80805604050	1
2	0	10	2	0	21779633160	1
2	0	10	2	1	-40424059665	2
2	0	10	2	2	-128372230755	2
2	0	10	3	0	-953936595	2
2	0	10	3	1	-53874831375	4
2	0	10	4	0	-4705910055	4
2	0	11	0	0	32214116340	1
2	0	11	0	1	-50033792340	1
2	0	11	0	2	134975778840	1
2	0	11	0	3	-83546363385	1
2	0	11	0	4	-3488024430	1
2	0	11	0	5	15943230	1
2	0	11	1	0	-14155488720	1
2	0	11	1	1	88256406870	1
2	0	11	1	2	-208706328540	1
2	0	11	1	3	145586490480	1
2	0	11	1	4	-717445350	1
2	0	11	2	0	4369035510	1
2	0	11	2	1	-192200656815	2
2	0	11	2	2	243895103865	2
2	0	11	2	3	27722619765	2
2	0	11	3	0	-7332704820	1
2	0	11	3	1	36942235380	1
2	0	11	3	2	17609297535	2
2	0	11	4	0	3455252235	1
2	0	11	4	1	13256795745	8
2	0	11	5	0	927364545	8
2	0	12	0	0	5273943210	1
2	0	12	0	1	16535316510	1
2	0	12	0	2	-54883027440	1
2	0	12	0	3	55392095430	1
2	0	12	0	4	1074691800	1
2	0	12	0	5	-95659380	1
2	0	12	1	0	48184279245	1
2	0	12	1	1	-57467011680	1
2	0	12	1	2	173429274960	1
2	0	12	1	3	-56055806190	1
2	0	12	1	4	4122210690	1
2	0	12	2	0	-27934376040	1
2	0	12	2	1	87174924435	2
2	0	12	2	2	-70329720960	1
2	0	12	2	3	-76740966135	1
2	0	12	3	0	9241168500	1
2	0	12	3	1	-53860069125	4
2	0	12	3	2	-139647637305	4
2	0	12	4	0	-2316787515	8
2	0	12	4	1	-47871319545	8
2	0	12	5	0	-6663384405	16
2	0	13	0	0	-16929515970	1
2	0	13	0	1	38631029490	1
2	0	13	0	2	-99386509140	1
2	0	13	0	3	48990822975	1
2	0	13	0	4	4370806980	1
2	0	13	0	5	196633170	1
2	0	13	1	0	42276955320	1
2	0	13	1	1	-56428252290	1
2	0	13	1	2	194585350680	1
2	0	13	1	3	-143968351050	1
2	0	13	1	4	-8292841560	1
2	0	13	1	5	31886460	1
2	0	13	2	0	1626745275	2
2	0	13	2	1	121216672935	2
2	0	13	2	2	-153331947810	1
2	0	13	2	3	155899103085	1
2	0	13	2	4	-1543836105	2
2	0	13	3	0	3103549830	1
2	0	13	3	1	-103600781595	2
2	0	13	3	2	67448129760	1
2	0	13	3	3	7565062635	1
2	0	13	4	0	-30019625865	8
2	0	13	4	1	15291033795	1
2	0	13	4	2	13782922335	4
2	0	13	5	0	4639184685	4
2	0	13	5	1	4317958125	8
2	0	13	6	0	59344245	2
2	0	14	0	0	-18282064500	1
2	0	14	0	1	5817609540	1
2	0	14	0	2	16486735950	1
2	0	14	0	3	-54942513840	1
2	0	14	0	4	-3989088000	1
2	0	14	0	5	-82668600	1
2	0	14	1	0	-5434876035	1
2	0	14	1	1	45766091475	1
2	0	14	1	2	-152447809320	1
2	0	14	1	3	156880399050	1
2	0	14	1	4	4077923940	1
2	0	14	1	5	-201947580	1
2	0	14	2	0	74608626555	2
2	0	14	2	1	-96154199685	2
2	0	14	2	2	178711404840	1
2	0	14	2	3	-102357701730	1
2	0	14	2	4	4552087410	1
2	0	14	3	0	-24051827745	2
2	0	14	3	1	112385763765	4
2	0	14	3	2	-45726955110	1
2	0	14	3	3	-44435258235	1
2	0	14	4	0	32088177945	8
2	0	14	4	1	-27186454845	4
2	0	14	4	2	-114993498825	8
2	0	14	5	0	-4238832465	16
2	0	14	5	1	-34891168365	16
2	0	14	6	0	-4016217735	32
2	0	15	0	0	-10198178100	1
2	0	15	0	1	-16290702990	1
2	0	15	0	2	52010235270	1
2	0	15	0	3	-18286906680	1
2	0	15	0	4	-2508007860	1
2	0	15	0	5	-245053350	1
2	0	15	1	0	-30762529920	1
2	0	15	1	1	52315990020	1
2	0	15	1	2	-144540499410	1
2	0	15	1	3	43072177680	1
2	0	15	1	4	8236941840	1
2	0	15	1	5	460582200	1
2	0	15	2	0	44421353775	2
2	0	15	2	1	-63901723365	2
2	0	15	2	2	124128411930	1
2	0	15	2	3	-190594720845	2
2	0	15	2	4	-9684626490	1
2	0	15	2	5	29229255	1
2	0	15	3	0	3970538595	2
2	0	15	3	1	32112541125	1
2	0	15	3	2	-74243783925	1
2	0	15	3	3	99932657715	1
2	0	15	3	4	-531441000	1
2	0	15	4	0	11743763535	8
2	0	15	4	1	-167446594305	8
2	0	15	4	2	228549646575	8
2	0	15	4	3	22907764305	8
2	0	15	5	0	-10381634325	8
2	0	15	5	1	5216979150	1
2	0	15	5	2	7793582265	8
2	0	15	6	0	9857935305	32
2	0	15	6	1	1937102445	16
2	0	15	7	0	186299595	32
2	0	16	0	0	-3721063500	1
2	0	16	0	1	-11144880720	1
2	0	16	0	2	3170421810	1
2	0	16	0	3	30542174280	1
2	0	16	0	4	3802930560	1
2	0	16	0	5	268082460	1
2	0	16	1	0	-25141651830	1
2	0	16	1	1	-6979288860	1
2	0	16	1	2	73053531045	1
2	0	16	1	3	-122993643240	1
2	0	16	1	4	-10102365360	1
2	0	16	1	5	-318864600	1
2	0	16	2	0	-11510285490	1
2	0	16	2	1	42727688730	1
2	0	16	2	2	-166463709120	1
2	0	16	2	3	173415365640	1
2	0	16	2	4	6263524260	1
2	0	16	2	5	-194861700	1
2	0	16	3	0	65065936365	4
2	0	16	3	1	-115846341345	4
2	0	16	3	2	113358530430	1
2	0	16	3	3	-177930744255	2
2	0	16	3	4	3222599175	1
2	0	16	4	0	-37373690385	8
2	0	16	4	1	124578113805	8
2	0	16	4	2	-177236656065	8
2	0	16	4	3	-70625851695	4
2	0	16	5	0	24054780195	16
2	0	16	5	1	-23633279685	8
2	0	16	5	2	-70606562355	16
2	0	16	6	0	-2201773185	16
2	0	16	6	1	-19187874135	32
2	0	16	7	0	-1907971605	64
2	0	17	0	0	-939849240	1
2	0	17	0	1	-762115770	1
2	0	17	0	2	-18847647810	1
2	0	17	0	3	6293233440	1
2	0	17	0	4	1054352700	1
2	0	17	0	5	125905590	1
2	0	17	1	0	-11615543100	1
2	0	17	1	1	-29021214870	1
2	0	17	1	2	79661520360	1
2	0	17	1	3	5664082140	1
2	0	17	1	4	-2871618480	1
2	0	17	1	5	-383818500	1
2	0	17	2	0	-22627921185	1
2	0	17	2	1	31483251720	1
2	0	17	2	2	-83374851555	1
2	0	17	2	3	-19261805670	1
2	0	17	2	4	7158444660	1
2	0	17	2	5	487154250	1
2	0	17	3	0	6630981570	1
2	0	17	3	1	-13351904730	1
2	0	17	3	2	40640816880	1
2	0	17	3	3	-45696654225	2
2	0	17	3	4	-7253841600	1
2	0	17	3	5	16238475	1
2	0	17	4	0	4970507895	8
2	0	17	4	1	23876889615	2
2	0	17	4	2	-199934544915	8
2	0	17	4	3	344682692685	8
2	0	17	4	4	-252434475	1
2	0	17	5	0	373346415	1
2	0	17	5	1	-50278965975	8
2	0	17	5	2	18879244695	2
2	0	17	5	3	3262162005	4
2	0	17	6	0	-326923695	1
2	0	17	6	1	47691285705	32
2	0	17	6	2	2924401725	16
2	0	17	7	0	566443935	8
2	0	17	7	1	467963325	32
2	0	17	8	0	1869885	128
2	0	18	0	0	-164819220	1
2	0	18	0	1	2636142360	1
2	0	18	0	2	-5724738900	1
2	0	18	0	3	-11618568720	1
2	0	18	0	4	-2198595960	1
2	0	18	0	5	-252992160	1
2	0	18	1	0	-3502864230	1
2	0	18	1	1	-12021660990	1
2	0	18	1	2	-17771261355	1
2	0	18	1	3	58898623500	1
2	0	18	1	4	8397263520	1
2	0	18	1	5	664104420	1
2	0	18	2	0	-14735881305	1
2	0	18	2	1	-15191759790	1
2	0	18	2	2	180652566195	2
2	0	18	2	3	-104979382560	1
2	0	18	2	4	-11788279920	1
2	0	18	2	5	-454677300	1
2	0	18	3	0	-7271290755	1
2	0	18	3	1	25131117105	1
2	0	18	3	2	-104080266765	1
2	0	18	3	3	102472223985	1
2	0	18	3	4	5808453300	1
2	0	18	3	5	-113669325	1
2	0	18	4	0	10303998255	2
2	0	18	4	1	-61258413105	4
2	0	18	4	2	405488167155	8
2	0	18	4	3	-187476146325	4
2	0	18	4	4	3164534325	2
2	0	18	5	0	-26122741785	16
2	0	18	5	1	114091470675	16
2	0	18	5	2	-140566177305	16
2	0	18	5	3	-20765663415	4
2	0	18	6	0	16268848785	32
2	0	18	6	1	-39128612085	32
2	0	18	6	2	-29776081545	32
2	0	18	7	0	-1039820085	16
2	0	18	7	1	-6493454505	64
2	0	18	8	0	-126528885	64
2	0	19	0	0	-58187200	3
2	0	19	0	1	1721525190	1
2	0	19	0	2	3896494020	1
2	0	19	0	3	-2694250890	1
2	0	19	0	4	-506599380	1
2	0	19	0	5	-41771700	1
2	0	19	1	0	-709372760	1
2	0	19	1	1	2827959990	1
2	0	19	1	2	-31769775720	1
2	0	19	1	3	-7460201520	1
2	0	19	1	4	151520220	1
2	0	19	1	5	30443040	1
2	0	19	2	0	-5571657765	1
2	0	19	2	1	-21171166965	1
2	0	19	2	2	91404006795	2
2	0	19	2	3	40386115215	1
2	0	19	2	4	-271756620	1
2	0	19	2	5	-200274525	1
2	0	19	3	0	-9329601240	1
2	0	19	3	1	10886917995	1
2	0	19	3	2	-33635213145	2
2	0	19	3	3	-88612395795	2
2	0	19	3	4	3377712150	1
2	0	19	3	5	308531025	1
2	0	19	4	0	5174731575	4
2	0	19	4	1	-21476956005	8
2	0	19	4	2	15865274385	8
2	0	19	4	3	102298291875	16
2	0	19	4	4	-3787337250	1
2	0	19	4	5	48715425	8
2	0	19	5	0	263041425	1
2	0	19	5	1	7572928545	4
2	0	19	5	2	-39931671195	8
2	0	19	5	3	26840230875	2
2	0	19	5	4	-341598465	4
2	0	19	6	0	-1015726635	32
2	0	19	6	1	-34544725695	32
2	0	19	6	2	73124586675	32
2	0	19	6	3	2954713545	16
2	0	19	7	0	-951523605	32
2	0	19	7	1	4797785925	16
2	0	19	7	2	517564485	32
2	0	19	8	0	1065714165	128
2	0	19	8	1	62493525	128
2	0	19	9	0	-13876515	128
2	0	20	0	0	-12589400	9
2	0	20	0	1	1702805980	3
2	0	20	0	2	2773674700	1
2	0	20	0	3	3056596140	1
2	0	20	0	4	872748720	1
2	0	20	0	5	143645400	1
2	0	20	1	0	-94340620	1
2	0	20	1	1	4579315200	1
2	0	20	1	2	-1528080810	1
2	0	20	1	3	-20825448660	1
2	0	20	1	4	-4416199380	1
2	0	20	1	5	-516132000	1
2	0	20	2	0	-1340230340	1
2	0	20	2	1	-4044872235	1
2	0	20	2	2	-30164959080	1
2	0	20	2	3	40123988010	1
2	0	20	2	4	8296593480	1
2	0	20	2	5	675520560	1
2	0	20	3	0	-9712540515	2
2	0	20	3	1	-11400960150	1
2	0	20	3	2	223870102425	4
2	0	20	3	3	-42909710310	1
2	0	20	3	4	-8402125950	1
2	0	20	3	5	-355442175	1
2	0	20	4	0	-2629048185	1
2	0	20	4	1	44037115695	4
2	0	20	4	2	-330394829715	8
2	0	20	4	3	286756702605	8
2	0	20	4	4	3647916000	1
2	0	20	4	5	-178623225	4
2	0	20	5	0	5364486225	4
2	0	20	5	1	-5926412790	1
2	0	20	5	2	259464670335	16
2	0	20	5	3	-66794686965	4
2	0	20	5	4	2223358875	4
2	0	20	6	0	-1736831565	4
2	0	20	6	1	17922067695	8
2	0	20	6	2	-43213301145	16
2	0	20	6	3	-9533297025	8
2	0	20	7	0	7625482155	64
2	0	20	7	1	-22986365085	64
2	0	20	7	2	-6766807635	64
2	0	20	8	0	-488535705	32
2	0	20	8	1	-556318125	64
2	0	20	9	0	51667875	128
2	0	21	0	0	-47680	1
2	0	21	0	1	113208550	1
2	0	21	0	2	628692320	3
2	0	21	0	3	1120298910	1
2	0	21	0	4	275362800	1
2	0	21	0	5	19493460	1
2	0	21	1	0	-22751680	3
2	0	21	1	1	2023856420	1
2	0	21	1	2	8128669040	1
2	0	21	1	3	1582582620	1
2	0	21	1	4	89089920	1
2	0	21	1	5	88500600	1
2	0	21	2	0	-205160010	1
2	0	21	2	1	4099568535	1
2	0	21	2	2	-19696220310	1
2	0	21	2	3	-20225511180	1
2	0	21	2	4	-1776928995	1
2	0	21	2	5	-197267400	1
2	0	21	3	0	-1449778100	1
2	0	21	3	1	-8381188125	1
2	0	21	3	2	8504803890	1
2	0	21	3	3	72504233595	2
2	0	21	3	4	1813180950	1
2	0	21	3	5	7217100	1
2	0	21	4	0	-9755805735	4
2	0	21	4	1	11052766035	8
2	0	21	4	2	49481121645	8
2	0	21	4	3	-443759379255	16
2	0	21	4	4	2398245975	4
2	0	21	4	5	1044675225	8
2	0	21	5	0	220127895	2
2	0	21	5	1	3855563145	4
2	0	21	5	2	-18225207765	4
2	0	21	5	3	13355465895	2
2	0	21	5	4	-2839896045	2
2	0	21	5	5	3247695	2
2	0	21	6	0	1239328755	8
2	0	21	6	1	-3808428435	8
2	0	21	6	2	-80882550	1
2	0	21	6	3	12737776905	4
2	0	21	6	4	-334118925	16
2	0	21	7	0	-232423425	4
2	0	21	7	1	3466395	4
2	0	21	7	2	2797322445	8
2	0	21	7	3	135189405	4
2	0	21	8	0	64687815	8
2	0	21	8	1	4469932755	128
2	0	21	8	2	-106321005	64
2	0	21	9	0	-18862875	64
2	0	21	9	1	820125	16
2	0	21	10	0	-2263545	512
2	0	22	0	1	13709740	1
2	0	22	0	2	-3674208260	9
2	0	22	0	3	-1331942800	3
2	0	22	0	4	-222632400	1
2	0	22	0	5	-55406160	1
2	0	22	1	0	-286080	1
2	0	22	1	1	486048030	1
2	0	22	1	2	2902401430	1
2	0	22	1	3	5634885460	1
2	0	22	1	4	1679490600	1
2	0	22	1	5	257790600	1
2	0	22	2	0	-55892540	3
2	0	22	2	1	2979237295	1
2	0	22	2	2	4730273795	1
2	0	22	2	3	-12329953740	1
2	0	22	2	4	-3747941820	1
2	0	22	2	5	-407365200	1
2	0	22	3	0	-785997575	3
2	0	22	3	1	838532265	2
2	0	22	3	2	-19576501935	1
2	0	22	3	3	10102629825	1
2	0	22	3	4	4711717350	1
2	0	22	3	5	372883500	1
2	0	22	4	0	-3912514725	4
2	0	22	4	1	-4926380220	1
2	0	22	4	2	78966910935	4
2	0	22	4	3	-13801382235	2
2	0	22	4	4	-7842503025	2
2	0	22	4	5	-176818950	1
2	0	22	5	0	-2555735355	4
2	0	22	5	1	3209230935	1
2	0	22	5	2	-164075229315	16
2	0	22	5	3	14924536335	2
2	0	22	5	4	1607718375	1
2	0	22	5	5	-24898995	2
2	0	22	6	0	2077127955	8
2	0	22	6	1	-10541973015	8
2	0	22	6	2	111510067095	32
2	0	22	6	3	-17266893525	4
2	0	22	6	4	141531705	1
2	0	22	7	0	-510016905	8
2	0	22	7	1	6327828135	16
2	0	22	7	2	-18255227985	32
2	0	22	7	3	-875576385	4
2	0	22	8	0	760153815	64
2	0	22	8	1	-1896591915	32
2	0	22	8	2	104075685	32
2	0	22	9	0	-1979235	2
2	0	22	9	1	-39391515	64
2	0	22	10	0	6506325	128
2	0	23	0	1	2752160	3
2	0	23	0	2	-1902836320	9
2	0	23	0	3	-2801228180	9
2	0	23	0	4	-342984800	3
2	0	23	0	5	-12654060	1
2	0	23	1	1	67654020	1
2	0	23	1	2	-1487090260	3
2	0	23	1	3	398246000	1
2	0	23	1	4	96784200	1
2	0	23	1	5	-46943280	1
2	0	23	2	0	-786720	1
2	0	23	2	1	910654050	1
2	0	23	2	2	5864700785	1
2	0	23	2	3	5525197585	1
2	0	23	2	4	1001855400	1
2	0	23	2	5	216913950	1
2	0	23	3	0	-246089800	9
2	0	23	3	1	6670165475	3
2	0	23	3	2	-4816518620	1
2	0	23	3	3	-28839556815	2
2	0	23	3	4	-2232353250	1
2	0	23	3	5	-233887500	1
2	0	23	4	0	-433332075	2
2	0	23	4	1	-13991440905	8
2	0	23	4	2	-6092587305	2
2	0	23	4	3	248047766775	16
2	0	23	4	4	7296311925	4
2	0	23	4	5	123292125	2
2	0	23	5	0	-416429445	1
2	0	23	5	1	-2391722145	4
2	0	23	5	2	10272125025	2
2	0	23	5	3	-19009353375	2
2	0	23	5	4	-1051617735	4
2	0	23	5	5	38972340	1
2	0	23	6	0	-239734845	8
2	0	23	6	1	2999247615	4
2	0	23	6	2	-71107229025	32
2	0	23	6	3	2520031500	1
2	0	23	6	4	-3089585835	8
2	0	23	6	5	2525985	8
2	0	23	7	0	195663195	4
2	0	23	7	1	-2238407055	8
2	0	23	7	2	8313949755	32
2	0	23	7	3	2380531275	4
2	0	23	7	4	-29622915	8
2	0	23	8	0	-947208735	64
2	0	23	8	1	4473524295	128
2	0	23	8	2	1166498415	64
2	0	23	8	3	155572245	32
2	0	23	9	0	30022245	16
2	0	23	9	1	150323445	64
2	0	23	9	2	-46572165	64
2	0	23	10	0	-3906225	32
2	0	23	10	1	2591595	64
2	0	23	11	0	-54675	128
2	0	24	0	1	25240	1
2	0	24	0	2	-52681980	1
2	0	24	0	3	-49218260	3
2	0	24	0	4	69962560	3
2	0	24	0	5	13680600	1
2	0	24	1	1	5055220	1
2	0	24	1	2	-1904400830	3
2	0	24	1	3	-3047237560	3
2	0	24	1	4	-451780600	1
2	0	24	1	5	-95164560	1
2	0	24	2	1	149548410	1
2	0	24	2	2	2296962730	3
2	0	24	2	3	3343232880	1
2	0	24	2	4	1276376400	1
2	0	24	2	5	164003400	1
2	0	24	3	0	-1311200	1
2	0	24	3	1	1930500475	2
2	0	24	3	2	24850551395	6
2	0	24	3	3	-2065368455	1
2	0	24	3	4	-1659405600	1
2	0	24	3	5	-148351500	1
2	0	24	4	0	-53179225	2
2	0	24	4	1	1462047225	2
2	0	24	4	2	-12990496845	2
2	0	24	4	3	-10135968525	8
2	0	24	4	4	1545990975	1
2	0	24	4	5	119282625	1
2	0	24	5	0	-240681375	2
2	0	24	5	1	-1259294175	1
2	0	24	5	2	7581269295	2
2	0	24	5	3	4469313645	4
2	0	24	5	4	-4741699095	4
2	0	24	5	5	-60142500	1
2	0	24	6	0	-104740860	1
2	0	24	6	1	3960643995	8
2	0	24	6	2	-5381923365	4
2	0	24	6	3	6115012785	8
2	0	24	6	4	2013295095	4
2	0	24	6	5	-2525985	1
2	0	24	7	0	466390665	16
2	0	24	7	1	-1864644975	16
2	0	24	7	2	26930651985	64
2	0	24	7	3	-13617286245	16
2	0	24	7	4	52331265	2
2	0	24	8	0	-143355555	64
2	0	24	8	1	921544695	32
2	0	24	8	2	-2155644495	32
2	0	24	8	3	-2028358665	64
2	0	24	9	0	-31290975	128
2	0	24	9	1	-159771285	32
2	0	24	9	2	104411025	32
2	0	24	10	0	10349775	128
2	0	24	10	1	-21511575	128
2	0	24	11	0	795825	256
2	0	25	0	2	-68241520	9
2	0	25	0	3	106005340	3
2	0	25	0	4	81699550	3
2	0	25	0	5	5618700	1
2	0	25	1	1	151440	1
2	0	25	1	2	-208197780	1
2	0	25	1	3	-291445050	1
2	0	25	1	4	-94320400	1
2	0	25	1	5	6413400	1
2	0	25	2	1	12666830	1
2	0	25	2	2	-2050962475	3
2	0	25	2	3	-2168264030	3
2	0	25	2	4	-245076050	1
2	0	25	2	5	-97699140	1
2	0	25	3	1	194517125	1
2	0	25	3	2	17164556900	9
2	0	25	3	3	22259083295	6
2	0	25	3	4	1002233550	1
2	0	25	3	5	169958250	1
2	0	25	4	0	-1475100	1
2	0	25	4	1	4968952875	8
2	0	25	4	2	1092629985	4
2	0	25	4	3	-78152037195	16
2	0	25	4	4	-5394749625	4
2	0	25	4	5	-254937375	2
2	0	25	5	0	-17934400	1
2	0	25	5	1	-183463755	2
2	0	25	5	2	-4205303715	2
2	0	25	5	3	3658371480	1
2	0	25	5	4	915897780	1
2	0	25	5	5	36486450	1
2	0	25	6	0	-179253305	4
2	0	25	6	1	-2481745455	8
2	0	25	6	2	12288424365	8
2	0	25	6	3	-2040715215	1
2	0	25	6	4	-3467876895	16
2	0	25	6	5	8419950	1
2	0	25	7	0	-11214465	1
2	0	25	7	1	1479980655	8
2	0	25	7	2	-1027412505	2
2	0	25	7	3	9715619925	16
2	0	25	7	4	-609335865	8
2	0	25	7	5	360855	8
2	0	25	8	0	115662465	16
2	0	25	8	1	-6445176075	128
2	0	25	8	2	4458019275	64
2	0	25	8	3	1401528015	16
2	0	25	8	4	-60415875	128
2	0	25	9	0	-87496695	64
2	0	25	9	1	687167145	128
2	0	25	9	2	-279403425	64
2	0	25	9	3	66311055	128
2	0	25	10	0	22810275	256
2	0	25	10	1	4492665	16
2	0	25	10	2	-25576965	256
2	0	25	11	0	-1172475	128
2	0	25	11	1	1592865	256
2	0	25	12	0	-120285	1024
2	0	26	0	2	-5487620	9
2	0	26	0	3	127778680	9
2	0	26	0	4	12373060	3
2	0	26	0	5	-1487520	1
2	0	26	1	2	-106884410	3
2	0	26	1	3	59585190	1
2	0	26	1	4	70232000	1
2	0	26	1	5	25223400	1
2	0	26	2	1	416460	1
2	0	26	2	2	-348081855	1
2	0	26	2	3	-688662400	1
2	0	26	2	4	-333718400	1
2	0	26	2	5	-54667800	1
2	0	26	3	1	57159025	3
2	0	26	3	2	-1696526000	9
2	0	26	3	3	5716201295	9
2	0	26	3	4	1372911650	3
2	0	26	3	5	34460250	1
2	0	26	4	1	656506125	4
2	0	26	4	2	5858581825	4
2	0	26	4	3	3239753115	4
2	0	26	4	4	-634094325	2
2	0	26	4	5	-13142250	1
2	0	26	5	0	-1180080	1
2	0	26	5	1	936824175	4
2	0	26	5	2	-1073674365	1
2	0	26	5	3	-2933287035	2
2	0	26	5	4	432296505	2
2	0	26	5	5	19646550	1
2	0	26	6	0	-51089885	6
2	0	26	6	1	-1363711265	8
2	0	26	6	2	941177475	4
2	0	26	6	3	802447065	1
2	0	26	6	4	-843014655	4
2	0	26	6	5	-14501025	1
2	0	26	7	0	-85558605	8
2	0	26	7	1	248256225	16
2	0	26	7	2	-17506035	4
2	0	26	7	3	-327279015	8
2	0	26	7	4	897422085	8
2	0	26	7	5	-3007125	8
2	0	26	8	0	73441425	64
2	0	26	8	1	250373925	32
2	0	26	8	2	137953395	16
2	0	26	8	3	-2091137715	16
2	0	26	8	4	222594075	64
2	0	26	9	0	58808265	128
2	0	26	9	1	-72922545	128
2	0	26	9	2	-60587595	64
2	0	26	9	3	-439576065	128
2	0	26	10	0	-28008045	256
2	0	26	10	1	-5331555	16
2	0	26	10	2	16453935	32
2	0	26	11	0	3279825	256
2	0	26	11	1	-6835995	256
2	0	26	12	0	25515	64
2	0	27	0	2	-21480	1
2	0	27	0	3	7828865	3
2	0	27	0	4	-6463850	3
2	0	27	0	5	-1308330	1
2	0	27	1	2	-9815320	3
2	0	27	1	3	148675520	3
2	0	27	1	4	31198490	1
2	0	27	1	5	2829600	1
2	0	27	2	2	-222105235	3
2	0	27	2	3	-85986035	2
2	0	27	2	4	9324700	1
2	0	27	2	5	24101550	1
2	0	27	3	1	694100	1
2	0	27	3	2	-310495350	1
2	0	27	3	3	-3603871475	6
2	0	27	3	4	-773069050	3
2	0	27	3	5	-65764050	1
2	0	27	4	1	38237925	2
2	0	27	4	2	474525775	2
2	0	27	4	3	17671931185	16
2	0	27	4	4	1939761525	4
2	0	27	4	5	272460375	4
2	0	27	5	1	186060105	2
2	0	27	5	2	855394975	2
2	0	27	5	3	-1602942435	2
2	0	27	5	4	-1880032275	4
2	0	27	5	5	-40540500	1
2	0	27	6	0	-688380	1
2	0	27	6	1	75100935	2
2	0	27	6	2	-503932415	1
2	0	27	6	3	3583293105	8
2	0	27	6	4	550859085	2
2	0	27	6	5	23856525	2
2	0	27	7	0	-2814955	1
2	0	27	7	1	-464007615	8
2	0	27	7	2	233007945	1
2	0	27	7	3	-4562728155	16
2	0	27	7	4	-147079935	2
2	0	27	7	5	10625175	8
2	0	27	8	0	-22762575	16
2	0	27	8	1	2653854705	128
2	0	27	8	2	-3849861645	64
2	0	27	8	3	27228389625	256
2	0	27	8	4	-1379079675	128
2	0	27	8	5	601425	128
2	0	27	9	0	14503725	32
2	0	27	9	1	-523026705	128
2	0	27	9	2	221526315	32
2	0	27	9	3	311883615	32
2	0	27	9	4	-5400675	128
2	0	27	10	0	-6053025	256
2	0	27	10	1	93692385	256
2	0	27	10	2	-64932165	64
2	0	27	10	3	19299465	512
2	0	27	11	0	-283455	64
2	0	27	11	1	11835315	256
2	0	27	11	2	-428085	64
2	0	27	12	0	-758835	1024
2	0	27	12	1	601425	2048
2	0	28	0	3	247070	1
2	0	28	0	4	-3369560	3
2	0	28	0	5	-154980	1
2	0	28	1	2	-128880	1
2	0	28	1	3	11714450	1
2	0	28	1	4	-1314910	1
2	0	28	1	5	-3918240	1
2	0	28	2	2	-23802350	3
2	0	28	2	3	200055295	3
2	0	28	2	4	58291960	1
2	0	28	2	5	15087600	1
2	0	28	3	2	-1598476825	18
2	0	28	3	3	-550883350	3
2	0	28	3	4	-329810950	3
2	0	28	3	5	-8449650	1
2	0	28	4	1	1561725	2
2	0	28	4	2	-291077325	2
2	0	28	4	3	-963634725	8
2	0	28	4	4	44065650	1
2	0	28	4	5	-19564875	2
2	0	28	5	1	26885265	2
2	0	28	5	2	1002884005	4
2	0	28	5	3	1851451685	4
2	0	28	5	4	165433065	4
2	0	28	5	5	10008900	1
2	0	28	6	1	140587755	4
2	0	28	6	2	-504624085	12
2	0	28	6	3	-3274597375	8
2	0	28	6	4	-35167545	1
2	0	28	6	5	-155925	1
2	0	28	7	0	-295020	1
2	0	28	7	1	-115565625	16
2	0	28	7	2	-398134335	8
2	0	28	7	3	3066193335	16
2	0	28	7	4	-98169615	8
2	0	28	7	5	-20114325	8
2	0	28	8	0	-19806325	32
2	0	28	8	1	-390720975	64
2	0	28	8	2	1605619185	64
2	0	28	8	3	-3989759355	128
2	0	28	8	4	565033725	32
2	0	28	8	5	-2606175	64
2	0	28	9	0	-10383725	192
2	0	28	9	1	4948215	2
2	0	28	9	2	-529742835	128
2	0	28	9	3	-1953755775	128
2	0	28	9	4	41479425	128
2	0	28	10	0	2736905	64
2	0	28	10	1	-45149955	256
2	0	28	10	2	110114775	128
2	0	28	10	3	-65717055	256
2	0	28	11	0	-2314575	512
2	0	28	11	1	-11637135	256
2	0	28	11	2	4796145	128
2	0	28	12	0	514845	512
2	0	28	12	1	-1409805	1024
2	0	29	0	3	88195	9
2	0	29	0	4	-687980	3
2	0	29	0	5	99450	1
2	0	29	1	3	1306030	1
2	0	29	1	4	-3635560	1
2	0	29	1	5	-1310580	1
2	0	29	2	2	-354420	1
2	0	29	2	3	22825935	1
2	0	29	2	4	20123495	2
2	0	29	2	5	-2435400	1
2	0	29	3	2	-103062850	9
2	0	29	3	3	632786275	18
2	0	29	3	4	107913350	3
2	0	29	3	5	16206300	1
2	0	29	4	2	-267898675	4
2	0	29	4	3	-2917316925	16
2	0	29	4	4	-438479475	4
2	0	29	4	5	-85602825	4
2	0	29	5	1	624690	1
2	0	29	5	2	-37448235	2
2	0	29	5	3	280242105	2
2	0	29	5	4	254423775	2
2	0	29	5	5	14827725	1
2	0	29	6	1	27043555	4
2	0	29	6	2	2349633335	24
2	0	29	6	3	-293380465	12
2	0	29	6	4	-1493762095	16
2	0	29	6	5	-7830900	1
2	0	29	7	1	65933505	8
2	0	29	7	2	-224867995	4
2	0	29	7	3	61223205	8
2	0	29	7	4	50249970	1
2	0	29	7	5	20337075	8
2	0	29	8	0	-368775	4
2	0	29	8	1	-618701175	128
2	0	29	8	2	120855405	8
2	0	29	8	3	-6100899315	256
2	0	29	8	4	-480799575	32
2	0	29	8	5	19446075	128
2	0	29	9	0	-2865775	36
2	0	29	9	1	168523175	192
2	0	29	9	2	-73524485	32
2	0	29	9	3	1776481725	128
2	0	29	9	4	-4260375	4
2	0	29	9	5	22275	64
2	0	29	10	0	835175	128
2	0	29	10	1	-42687585	256
2	0	29	10	2	-6090375	64
2	0	29	10	3	193778955	256
2	0	29	10	4	-1286685	512
2	0	29	11	0	191765	64
2	0	29	11	1	8570235	256
2	0	29	11	2	-5560875	64
2	0	29	11	3	422685	256
2	0	29	12	0	-869655	1024
2	0	29	12	1	5656005	2048
2	0	29	12	2	-93555	512
2	0	30	0	4	-69680	3
2	0	30	0	5	45000	1
2	0	30	1	3	176390	3
2	0	30	1	4	-1006060	1
2	0	30	1	5	126900	1
2	0	30	2	3	3106510	1
2	0	30	2	4	-4117190	1
2	0	30	2	5	-2779920	1
2	0	30	3	2	-590700	1
2	0	30	3	3	74461750	3
2	0	30	3	4	61260950	3
2	0	30	3	5	2979900	1
2	0	30	4	2	-43556975	4
2	0	30	4	3	-9105800	1
2	0	30	4	4	-18834375	2
2	0	30	4	5	3964950	1
2	0	30	5	2	-128081195	4
2	0	30	5	3	-151949865	2
2	0	30	5	4	-24489570	1
2	0	30	5	5	-7551225	1
2	0	30	6	1	728805	2
2	0	30	6	2	130800285	8
2	0	30	6	3	378591815	4
2	0	30	6	4	74440135	2
2	0	30	6	5	4556475	1
2	0	30	7	1	19475115	8
2	0	30	7	2	105659225	8
2	0	30	7	3	-234815065	4
2	0	30	7	4	-21851580	1
2	0	30	7	5	-6957225	8
2	0	30	8	1	55873125	64
2	0	30	8	2	-697067975	64
2	0	30	8	3	861775245	32
2	0	30	8	4	111413475	32
2	0	30	8	5	-10001475	32
2	0	30	9	0	-40975	2
2	0	30	9	1	-112998125	128
2	0	30	9	2	1131113855	384
2	0	30	9	3	-817377405	128
2	0	30	9	4	122752875	64
2	0	30	9	5	-200475	64
2	0	30	10	0	-623975	192
2	0	30	10	1	55717315	256
2	0	30	10	2	-80699135	256
2	0	30	10	3	-161054385	128
2	0	30	10	4	2572875	128
2	0	30	11	0	-81705	256
2	0	30	11	1	-9283635	512
2	0	30	11	2	27106905	256
2	0	30	11	3	-2978325	256
2	0	30	12	0	422585	1024
2	0	30	12	1	-416565	128
2	0	30	12	2	140175	128
2	0	31	0	4	-2900	3
2	0	31	0	5	8370	1
2	0	31	1	4	-121960	1
2	0	31	1	5	156600	1
2	0	31	2	3	970145	6
2	0	31	2	4	-1892990	1
2	0	31	2	5	-274725	1
2	0	31	3	3	8738125	2
2	0	31	3	4	-2300650	3
2	0	31	3	5	-2346300	1
2	0	31	4	2	-1329075	2
2	0	31	4	3	252419475	16
2	0	31	4	4	63251175	4
2	0	31	4	5	9511425	2
2	0	31	5	2	-7116505	1
2	0	31	5	3	-46585385	2
2	0	31	5	4	-90426945	4
2	0	31	5	5	-3189780	1
2	0	31	6	2	-213437455	24
2	0	31	6	3	-6567995	2
2	0	31	6	4	124175065	8
2	0	31	6	5	5457375	4
2	0	31	7	1	312345	2
2	0	31	7	2	19090665	2
2	0	31	7	3	114793245	8
2	0	31	7	4	-65717115	8
2	0	31	7	5	-6630525	8
2	0	31	8	1	9856275	16
2	0	31	8	2	-8017375	4
2	0	31	8	3	-862462105	128
2	0	31	8	4	79299975	16
2	0	31	8	5	47230425	128
2	0	31	9	1	-5693875	64
2	0	31	9	2	-68645575	576
2	0	31	9	3	-15427085	48
2	0	31	9	4	-125834775	64
2	0	31	9	5	393525	32
2	0	31	10	0	-24585	8
2	0	31	10	1	-4037925	128
2	0	31	10	2	30840695	256
2	0	31	10	3	652875565	512
2	0	31	10	4	-4472295	64
2	0	31	10	5	4455	256
2	0	31	11	0	47485	96
2	0	31	11	1	-80995	256
2	0	31	11	2	-557305	8
2	0	31	11	3	9199665	256
2	0	31	11	4	-11475	128
2	0	31	12	0	-222365	1536
2	0	31	12	1	5545605	2048
2	0	31	12	2	-1449285	512
2	0	31	12	3	66825	2048
2	0	32	0	5	780	1
2	0	32	1	4	-5800	1
2	0	32	1	5	37800	1
2	0	32	2	4	-287540	1
2	0	32	2	5	207900	1
2	0	32	3	3	4850725	18
2	0	32	3	4	-5814325	3
2	0	32	3	5	-762300	1
2	0	32	4	3	32045475	8
2	0	32	4	4	2632575	1
2	0	32	4	5	-467775	1
2	0	32	5	2	-531630	1
2	0	32	5	3	20344995	4
2	0	32	5	4	16751175	4
2	0	32	5	5	2120580	1
2	0	32	6	2	-38651305	12
2	0	32	6	3	-321066515	24
2	0	32	6	4	-38822665	4
2	0	32	6	5	-1923075	1
2	0	32	7	2	-13021745	16
2	0	32	7	3	139111245	16
2	0	32	7	4	34002555	4
2	0	32	7	5	7417575	8
2	0	32	8	1	1561725	32
2	0	32	8	2	130439925	64
2	0	32	8	3	-65052975	16
2	0	32	8	4	-33996225	8
2	0	32	8	5	-13669425	64
2	0	32	9	1	20108275	192
2	0	32	9	2	-841185925	1152
2	0	32	9	3	1303431455	576
2	0	32	9	4	186090875	192
2	0	32	9	5	-872025	32
2	0	32	10	1	-5310195	128
2	0	32	10	2	28462565	384
2	0	32	10	3	-98575795	128
2	0	32	10	4	547425	4
2	0	32	10	5	-10395	64
2	0	32	11	0	-2235	8
2	0	32	11	1	4612215	512
2	0	32	11	2	10757795	512
2	0	32	11	3	-32710295	512
2	0	32	11	4	190965	256
2	0	32	12	0	246665	4608
2	0	32	12	1	-337415	192
2	0	32	12	2	2121235	512
2	0	32	12	3	-244545	1024
2	0	33	0	5	30	1
2	0	33	1	5	4140	1
2	0	33	2	4	-15950	1
2	0	33	2	5	74250	1
2	0	33	3	4	-1198450	3
2	0	33	3	5	101475	1
2	0	33	4	3	4850725	16
2	0	33	4	4	-4322175	4
2	0	33	4	5	-1447875	2
2	0	33	5	3	9907755	4
2	0	33	5	4	2858955	1
2	0	33	5	5	561330	1
2	0	33	6	2	-620235	2
2	0	33	6	3	-309925	2
2	0	33	6	4	-24897985	16
2	0	33	6	5	20790	1
2	0	33	7	2	-3926725	4
2	0	33	7	3	-51020035	16
2	0	33	7	4	-2159745	8
2	0	33	7	5	-913275	8
2	0	33	8	2	9874975	32
2	0	33	8	3	345010575	128
2	0	33	8	4	54401325	128
2	0	33	8	5	-1937925	128
2	0	33	9	1	173525	16
2	0	33	9	2	6780675	64
2	0	33	9	3	-450312125	384
2	0	33	9	4	9257125	96
2	0	33	9	5	2330625	64
2	0	33	10	1	1393315	128
2	0	33	10	2	-27756235	768
2	0	33	10	3	39256525	192
2	0	33	10	4	-41474045	256
2	0	33	10	5	85635	128
2	0	33	11	1	-1287495	256
2	0	33	11	2	-4945	12
2	0	33	11	3	36879075	512
2	0	33	11	4	-350055	128
2	0	33	11	5	135	256
2	0	33	12	0	-745	64
2	0	33	12	1	1684025	2048
2	0	33	12	2	-11717275	3072
2	0	33	12	3	1588945	2048
2	0	33	12	4	-1485	1024
2	0	34	1	5	180	1
2	0	34	2	5	9900	1
2	0	34	3	4	-79750	3
2	0	34	3	5	81675	1
2	0	34	4	4	-359700	1
2	0	34	4	5	-44550	1
2	0	34	5	3	970145	4
2	0	34	5	4	-399795	2
2	0	34	5	5	-311850	1
2	0	34	6	3	2040885	2
2	0	34	6	4	5167085	4
2	0	34	6	5	405405	1
2	0	34	7	2	-265815	2
2	0	34	7	3	-6869445	8
2	0	34	7	4	-11025195	8
2	0	34	7	5	-1893375	8
2	0	34	8	2	-11659175	64
2	0	34	8	3	1734425	32
2	0	34	8	4	53863275	64
2	0	34	8	5	1626075	16
2	0	34	9	2	127414925	1152
2	0	34	9	3	16259275	384
2	0	34	9	4	-9395225	24
2	0	34	9	5	-1789425	64
2	0	34	10	1	104115	64
2	0	34	10	2	-4947195	256
2	0	34	10	3	2214375	32
2	0	34	10	4	3582065	32
2	0	34	10	5	-101475	64
2	0	34	11	1	141055	256
2	0	34	11	2	-151885	384
2	0	34	11	3	-40780015	768
2	0	34	11	4	739345	128
2	0	34	11	5	-1305	256
2	0	34	12	1	-212765	1024
2	0	34	12	2	21764695	9216
2	0	34	12	3	-4542655	3072
2	0	34	12	4	1605	128
2	0	35	2	5	495	1
2	0	35	3	5	14025	1
2	0	35	4	4	-119625	4
2	0	35	4	5	423225	8
2	0	35	5	4	-215985	1
2	0	35	5	5	-89100	1
2	0	35	6	3	6791015	48
2	0	35	6	4	581735	4
2	0	35	6	5	-51975	2
2	0	35	7	3	4086885	16
2	0	35	7	4	818565	4
2	0	35	7	5	654885	8
2	0	35	8	2	-1329075	32
2	0	35	8	3	-88419375	256
2	0	35	8	4	-38815275	128
2	0	35	8	5	-5858325	128
2	0	35	9	2	-3684725	288
2	0	35	9	3	54322675	288
2	0	35	9	4	63952375	384
2	0	35	9	5	131175	16
2	0	35	10	2	8013665	768
2	0	35	10	3	-43819185	512
2	0	35	10	4	-4219705	128
2	0	35	10	5	601425	256
2	0	35	11	1	9465	64
2	0	35	11	2	-3885	128
2	0	35	11	3	12635285	512
2	0	35	11	4	-491965	64
2	0	35	11	5	5625	256
2	0	35	12	1	7195	1536
2	0	35	12	2	-4957175	4608
2	0	35	12	3	67981765	36864
2	0	35	12	4	-148505	3072
2	0	35	12	5	15	2048
2	0	36	3	5	825	1
2	0	36	4	5	51975	4
2	0	36	5	4	-23925	1
2	0	36	5	5	17820	1
2	0	36	6	4	-168245	2
2	0	36	6	5	-51975	1
2	0	36	7	3	970145	16
2	0	36	7	4	966405	8
2	0	36	7	5	245025	8
2	0	36	8	3	2941125	128
2	0	36	8	4	-1706925	32
2	0	36	8	5	-601425	64
2	0	36	9	2	-147675	16
2	0	36	9	3	-21495925	384
2	0	36	9	4	5021275	384
2	0	36	9	5	76725	16
2	0	36	10	2	857945	384
2	0	36	10	3	22417615	768
2	0	36	10	4	-693755	64
2	0	36	10	5	-69795	32
2	0	36	11	2	-1142455	1536
2	0	36	11	3	-1407215	256
2	0	36	11	4	840595	128
2	0	36	11	5	-14175	256
2	0	36	12	1	3155	512
2	0	36	12	2	106905	256
2	0	36	12	3	-9776695	6144
2	0	36	12	4	20995	192
2	0	36	12	5	-75	1024
2	0	37	4	5	7425	8
2	0	37	5	5	16335	2
2	0	37	6	4	-55825	4
2	0	37	7	4	-72435	4
2	0	37	7	5	-111375	8
2	0	37	8	3	4850725	256
2	0	37	8	4	2508825	64
2	0	37	8	5	1492425	128
2	0	37	9	3	-963325	128
2	0	37	9	4	-2739275	96
2	0	37	9	5	-319275	64
2	0	37	10	2	-88605	64
2	0	37	10	3	103345	256
2	0	37	10	4	6641675	512
2	0	37	10	5	72765	64
2	0	37	11	2	222985	384
2	0	37	11	3	-1753415	1536
2	0	37	11	4	-218785	64
2	0	37	11	5	11475	128
2	0	37	12	2	-1370455	9216
2	0	37	12	3	12025465	12288
2	0	37	12	4	-246715	1536
2	0	37	12	5	675	2048
2	0	38	5	5	1485	2
2	0	38	6	5	3465	1
2	0	38	7	4	-23925	4
2	0	38	7	5	-22275	8
2	0	38	8	4	-825	16
2	0	38	8	5	-22275	32
2	0	38	9	3	4850725	1152
2	0	38	9	4	1016675	192
2	0	38	9	5	61875	64
2	0	38	10	3	-387035	128
2	0	38	10	4	-472615	128
2	0	38	10	5	-4455	32
2	0	38	11	2	-8055	64
2	0	38	11	3	86625	64
2	0	38	11	4	13085	16
2	0	38	11	5	-12285	128
2	0	38	12	2	367975	9216
2	0	38	12	3	-497455	1152
2	0	38	12	4	15365	96
2	0	38	12	5	-225	256
2	0	39	6	5	3465	8
2	0	39	7	5	7425	8
2	0	39	8	4	-119625	64
2	0	39	8	5	-155925	128
2	0	39	9	4	118525	96
2	0	39	9	5	17325	32
2	0	39	10	3	970145	1536
2	0	39	10	4	-35695	128
2	0	39	10	5	-51975	256
2	0	39	11	3	-228935	512
2	0	39	11	4	19405	128
2	0	39	11	5	8505	128
2	0	39	12	2	-2685	512
2	0	39	12	3	1631795	12288
2	0	39	12	4	-168385	1536
2	0	39	12	5	1575	1024
2	0	40	7	5	1485	8
2	0	40	8	5	7425	64
2	0	40	9	4	-39875	96
2	0	40	9	5	-7425	32
2	0	40	10	4	23815	64
2	0	40	10	5	7425	64
2	0	40	11	3	88195	1536
2	0	40	11	4	-44515	256
2	0	40	11	5	-3375	128
2	0	40	12	3	-52855	2048
2	0	40	12	4	9805	192
2	0	40	12	5	-945	512
2	0	41	8	5	7425	128
2	0	41	9	5	-825	64
2	0	41	10	4	-7975	128
2	0	41	10	5	-1485	128
2	0	41	11	4	6505	128
2	0	41	11	5	675	256
2	0	41	12	3	88195	36864
2	0	41	12	4	-47795	3072
2	0	41	12	5	1575	1024
2	0	42	9	5	825	64
2	0	42	10	5	-495	64
2	0	42	11	4	-725	128
2	0	42	11	5	675	256
2	0	42	12	4	1085	384
2	0	42	12	5	-225	256
2	0	43	10	5	495	256
2	0	43	11	5	-315	256
2	0	43	12	4	-725	3072
2	0	43	12	5	675	2048
2	0	44	11	5	45	256
2	0	44	12	5	-75	1024
2	0	45	12	5	15	2048
2	1	4	0	0	-765275040	1
2	1	5	0	0	1020366720	1
2	1	5	0	1	-1339231320	1
2	1	6	0	0	765275040	1
2	1	6	0	1	-3316191840	1
2	1	6	1	0	-1785641760	1
2	1	7	0	0	-829047960	1
2	1	7	0	1	7610235120	1
2	1	7	0	2	-2869781400	1
2	1	7	1	0	1743126480	1
2	1	7	1	1	-3826375200	1
2	1	7	2	0	-223205220	1
2	1	8	0	0	538526880	1
2	1	8	0	1	7992872640	1
2	1	8	0	2	-2635947360	1
2	1	8	1	0	2281653360	1
2	1	8	1	1	-5909623920	1
2	1	8	2	0	-1870672320	1
2	1	9	0	0	2143085040	1
2	1	9	0	1	-3696467400	1
2	1	9	0	2	13491515520	1
2	1	9	1	0	-214938360	1
2	1	9	1	1	16382554560	1
2	1	9	1	2	-5675789880	1
2	1	9	2	0	2143478700	1
2	1	9	2	1	-4336558560	1
2	1	9	3	0	-286978140	1
2	1	10	0	0	2240187840	1
2	1	10	0	1	-5224655520	1
2	1	10	0	2	6065513280	1
2	1	10	0	3	255091680	1
2	1	10	1	0	1087288920	1
2	1	10	1	1	13000227840	1
2	1	10	1	2	-2912296680	1
2	1	10	2	0	2617051680	1
2	1	10	2	1	-4527877320	1
2	1	10	3	0	-1094768460	1
2	1	11	0	0	2425033080	1
2	1	11	0	1	-2823854400	1
2	1	11	0	2	-18587837880	1
2	1	11	0	3	-760551120	1
2	1	11	0	4	14171760	1
2	1	11	1	0	1869622560	1
2	1	11	1	1	-8152698600	1
2	1	11	1	2	28027017360	1
2	1	11	2	0	549549360	1
2	1	11	2	1	16093214460	1
2	1	11	2	2	-5144348880	1
2	1	11	3	0	1506930480	1
2	1	11	3	1	-2708577630	1
2	1	11	4	0	-314435925	2
2	1	12	0	0	2131596000	1
2	1	12	0	1	-2986567200	1
2	1	12	0	2	-8278407360	1
2	1	12	0	3	-37791360	1
2	1	12	0	4	-56687040	1
2	1	12	1	0	945133920	1
2	1	12	1	1	-9246023640	1
2	1	12	1	2	735356880	1
2	1	12	1	3	680244480	1
2	1	12	2	0	1526351040	1
2	1	12	2	1	8977809960	1
2	1	12	2	2	-446410440	1
2	1	12	3	0	1562830200	1
2	1	12	3	1	-2020066290	1
2	1	12	4	0	-497783070	1
2	1	13	0	0	548013600	1
2	1	13	0	1	-540597240	1
2	1	13	0	2	11562231600	1
2	1	13	0	3	1728429840	1
2	1	13	0	4	47239200	1
2	1	13	1	0	1095278760	1
2	1	13	1	1	-6420507120	1
2	1	13	1	2	-38005773480	1
2	1	13	1	3	-2110017600	1
2	1	13	1	4	28343520	1
2	1	13	2	0	967878720	1
2	1	13	2	1	-8338899780	1
2	1	13	2	2	25496570880	1
2	1	13	2	3	-25981560	1
2	1	13	3	0	750709620	1
2	1	13	3	1	9633450690	1
2	1	13	3	2	-2777664960	1
2	1	13	4	0	619719255	1
2	1	13	4	1	-1053138915	1
2	1	13	5	0	-100088055	2
2	1	14	0	0	-930942720	1
2	1	14	0	1	2063828160	1
2	1	14	0	2	5654124000	1
2	1	14	0	3	-340122240	1
2	1	14	0	4	77682240	1
2	1	14	1	0	426951000	1
2	1	14	1	1	-5073898320	1
2	1	14	1	2	-1445257080	1
2	1	14	1	3	384212160	1
2	1	14	1	4	-122821920	1
2	1	14	2	0	-525521520	1
2	1	14	2	1	-6810230520	1
2	1	14	2	2	-9223716240	1
2	1	14	2	3	866052000	1
2	1	14	3	0	1299996540	1
2	1	14	3	1	2937425310	1
2	1	14	3	2	699140160	1
2	1	14	4	0	586947060	1
2	1	14	4	1	-597969540	1
2	1	14	5	0	-366005385	2
2	1	15	0	0	-1181364480	1
2	1	15	0	1	1160943840	1
2	1	15	0	2	-3987406440	1
2	1	15	0	3	-2042832960	1
2	1	15	0	4	-109699920	1
2	1	15	1	0	-1776161520	1
2	1	15	1	1	2322613440	1
2	1	15	1	2	25381330560	1
2	1	15	1	3	4084616160	1
2	1	15	1	4	135419040	1
2	1	15	2	0	-644134680	1
2	1	15	2	1	-5899170060	1
2	1	15	2	2	-31887509760	1
2	1	15	2	3	-2632798080	1
2	1	15	2	4	25981560	1
2	1	15	3	0	443858940	1
2	1	15	3	1	-4985550810	1
2	1	15	3	2	13830850440	1
2	1	15	3	3	-43302600	1
2	1	15	4	0	381828330	1
2	1	15	4	1	3924823005	1
2	1	15	4	2	-984248415	1
2	1	15	5	0	189022410	1
2	1	15	5	1	-537641145	2
2	1	15	6	0	-17025795	2
2	1	16	0	0	-693432000	1
2	1	16	0	1	-372392640	1
2	1	16	0	2	-1683802080	1
2	1	16	0	3	169827840	1
2	1	16	0	4	-58786560	1
2	1	16	1	0	-2878331760	1
2	1	16	1	1	5803507440	1
2	1	16	1	2	1967444640	1
2	1	16	1	3	-1761847200	1
2	1	16	1	4	110224800	1
2	1	16	2	0	-1482219000	1
2	1	16	2	1	-4124011320	1
2	1	16	2	2	10816989480	1
2	1	16	2	3	1027715040	1
2	1	16	2	4	-121247280	1
2	1	16	3	0	-481475340	1
2	1	16	3	1	-2109397950	1
2	1	16	3	2	-9831614760	1
2	1	16	3	3	678407400	1
2	1	16	4	0	562336020	1
2	1	16	4	1	-71996040	1
2	1	16	4	2	387886320	1
2	1	16	5	0	129448530	1
2	1	16	5	1	-207360405	2
2	1	16	6	0	-45795780	1
2	1	17	0	0	-249306720	1
2	1	17	0	1	-187380360	1
2	1	17	0	2	1618682400	1
2	1	17	0	3	1540192320	1
2	1	17	0	4	104042880	1
2	1	17	1	0	-2096430480	1
2	1	17	1	1	1485572400	1
2	1	17	1	2	-10375079400	1
2	1	17	1	3	-4221084960	1
2	1	17	1	4	-256141440	1
2	1	17	2	0	-2802917520	1
2	1	17	2	1	4171116060	1
2	1	17	2	2	20987812800	1
2	1	17	2	3	4181106600	1
2	1	17	2	4	164549880	1
2	1	17	3	0	-682263000	1
2	1	17	3	1	-3552822810	1
2	1	17	3	2	-14905163160	1
2	1	17	3	3	-1991919600	1
2	1	17	3	4	14434200	1
2	1	17	4	0	159303510	1
2	1	17	4	1	-1629898200	1
2	1	17	4	2	5289281370	1
2	1	17	4	3	-32476950	1
2	1	17	5	0	75101580	1
2	1	17	5	1	1104128820	1
2	1	17	5	2	-239706135	1
2	1	17	6	0	47020500	1
2	1	17	6	1	-91427535	2
2	1	17	7	0	-754515	4
2	1	18	0	0	-57936000	1
2	1	18	0	1	533267040	1
2	1	18	0	2	645166080	1
2	1	18	0	3	240045120	1
2	1	18	0	4	41990400	1
2	1	18	1	0	-899724240	1
2	1	18	1	1	-1721466000	1
2	1	18	1	2	-474432120	1
2	1	18	1	3	1406095200	1
2	1	18	1	4	-32192640	1
2	1	18	2	0	-2631724560	1
2	1	18	2	1	5813308440	1
2	1	18	2	2	-5682895200	1
2	1	18	2	3	-2911859280	1
2	1	18	2	4	46189440	1
2	1	18	3	0	-1336194360	1
2	1	18	3	1	-2467379070	1
2	1	18	3	2	11249918280	1
2	1	18	3	3	1164358800	1
2	1	18	3	4	-72171000	1
2	1	18	4	0	-105197940	1
2	1	18	4	1	205109010	1
2	1	18	4	2	-5259020580	1
2	1	18	4	3	357246450	1
2	1	18	5	0	131834790	1
2	1	18	5	1	-522999180	1
2	1	18	5	2	46943955	1
2	1	18	6	0	6914565	1
2	1	18	6	1	6998400	1
2	1	18	7	0	-30213405	4
2	1	19	0	0	-8582160	1
2	1	19	0	1	636788800	1
2	1	19	0	2	-615990360	1
2	1	19	0	3	-691463520	1
2	1	19	0	4	-57192480	1
2	1	19	1	0	-242280160	1
2	1	19	1	1	-715565880	1
2	1	19	1	2	3919984560	1
2	1	19	1	3	2962954080	1
2	1	19	1	4	218816640	1
2	1	19	2	0	-1395370680	1
2	1	19	2	1	334338840	1
2	1	19	2	2	-8995571640	1
2	1	19	2	3	-3595185000	1
2	1	19	2	4	-250192800	1
2	1	19	3	0	-1731794400	1
2	1	19	3	1	3347286120	1
2	1	19	3	2	8904589200	1
2	1	19	3	3	2421738000	1
2	1	19	3	4	115473600	1
2	1	19	4	0	-267700005	1
2	1	19	4	1	-1925384580	1
2	1	19	4	2	-4464671805	1
2	1	19	4	3	-1021821075	1
2	1	19	4	4	5412825	1
2	1	19	5	0	51683670	1
2	1	19	5	1	-147480345	2
2	1	19	5	2	1617745770	1
2	1	19	5	3	-14434200	1
2	1	19	6	0	-637875	2
2	1	19	6	1	752805495	4
2	1	19	6	2	-82285875	2
2	1	19	7	0	32356665	4
2	1	19	7	1	-40317345	8
2	1	19	8	0	6331365	32
2	1	20	0	0	-2263040	3
2	1	20	0	1	1043344160	3
2	1	20	0	2	-477863680	1
2	1	20	0	3	-312787200	1
2	1	20	0	4	-28690560	1
2	1	20	1	0	-121879520	3
2	1	20	1	1	747178040	1
2	1	20	1	2	507486000	1
2	1	20	1	3	-240498720	1
2	1	20	1	4	11041920	1
2	1	20	2	0	-446290880	1
2	1	20	2	1	-2061465840	1
2	1	20	2	2	2137339800	1
2	1	20	2	3	2354520960	1
2	1	20	2	4	53887680	1
2	1	20	3	0	-1200818160	1
2	1	20	3	1	3246398280	1
2	1	20	3	2	-6216289920	1
2	1	20	3	3	-2488028400	1
2	1	20	3	4	-12830400	1
2	1	20	4	0	-596676240	1
2	1	20	4	1	-1053878040	1
2	1	20	4	2	5758288380	1
2	1	20	4	3	784258200	1
2	1	20	4	4	-28868400	1
2	1	20	5	0	21557070	1
2	1	20	5	1	676681695	2
2	1	20	5	2	-1904485770	1
2	1	20	5	3	131832360	1
2	1	20	6	0	16173675	1
2	1	20	6	1	-472580325	2
2	1	20	6	2	-23524830	1
2	1	20	7	0	-12270285	4
2	1	20	7	1	89233245	8
2	1	20	8	0	-8460045	8
2	1	21	0	0	-32960	1
2	1	21	0	1	342916400	3
2	1	21	0	2	-44313040	1
2	1	21	0	3	122719200	1
2	1	21	0	4	17138880	1
2	1	21	1	0	-11886080	3
2	1	21	1	1	832724000	1
2	1	21	1	2	-1287047640	1
2	1	21	1	3	-1349805600	1
2	1	21	1	4	-118065600	1
2	1	21	2	0	-86201440	1
2	1	21	2	1	-569529240	1
2	1	21	2	2	3334699080	1
2	1	21	2	3	2284987320	1
2	1	21	2	4	182619360	1
2	1	21	3	0	-473251600	1
2	1	21	3	1	-455951880	1
2	1	21	3	2	-3716019720	1
2	1	21	3	3	-1549983600	1
2	1	21	3	4	-134719200	1
2	1	21	4	0	-610801020	1
2	1	21	4	1	1795046670	1
2	1	21	4	2	2037408390	1
2	1	21	4	3	844601175	1
2	1	21	4	4	52925400	1
2	1	21	5	0	-71250030	1
2	1	21	5	1	-914754870	1
2	1	21	5	2	-901442520	1
2	1	21	5	3	-373364640	1
2	1	21	5	4	1443420	1
2	1	21	6	0	17518410	1
2	1	21	6	1	695371635	4
2	1	21	6	2	836015985	2
2	1	21	6	3	-4209975	1
2	1	21	7	0	-2832975	1
2	1	21	7	1	48156525	8
2	1	21	7	2	-5070195	1
2	1	21	8	0	913680	1
2	1	21	8	1	-10071135	32
2	1	21	9	0	1162755	32
2	1	22	0	0	-11200	27
2	1	22	0	1	71804320	3
2	1	22	0	2	245095840	3
2	1	22	0	3	394307200	3
2	1	22	0	4	13718400	1
2	1	22	1	0	-1693760	9
2	1	22	1	1	377820160	1
2	1	22	1	2	-1798964120	3
2	1	22	1	3	-276522400	1
2	1	22	1	4	-18025920	1
2	1	22	2	0	-9440640	1
2	1	22	2	1	579229960	1
2	1	22	2	2	-283735120	1
2	1	22	2	3	-841354800	1
2	1	22	2	4	-50751360	1
2	1	22	3	0	-323503600	3
2	1	22	3	1	-1210003560	1
2	1	22	3	2	2245840680	1
2	1	22	3	3	1854349200	1
2	1	22	3	4	74844000	1
2	1	22	4	0	-315700800	1
2	1	22	4	1	1097312400	1
2	1	22	4	2	-3080807460	1
2	1	22	4	3	-1292974650	1
2	1	22	4	4	-22453200	1
2	1	22	5	0	-173930310	1
2	1	22	5	1	-216126630	1
2	1	22	5	2	1935156420	1
2	1	22	5	3	351125280	1
2	1	22	5	4	-8179380	1
2	1	22	6	0	17386110	1
2	1	22	6	1	65684115	1
2	1	22	6	2	-535015530	1
2	1	22	6	3	34802460	1
2	1	22	7	0	-46845	1
2	1	22	7	1	-394141545	8
2	1	22	7	2	-11403990	1
2	1	22	8	0	-1792125	4
2	1	22	8	1	28281555	8
2	1	22	9	0	-5687415	32
2	1	23	0	1	84722320	27
2	1	23	0	2	424781120	9
2	1	23	0	3	72923200	3
2	1	23	0	4	-2850400	3
2	1	23	1	0	-22400	9
2	1	23	1	1	292975360	3
2	1	23	1	2	153702560	3
2	1	23	1	3	309994400	1
2	1	23	1	4	40286400	1
2	1	23	2	0	-4421120	9
2	1	23	2	1	493006000	1
2	1	23	2	2	-3144087440	3
2	1	23	2	3	-1038961000	1
2	1	23	2	4	-91309680	1
2	1	23	3	0	-40409600	3
2	1	23	3	1	-446625200	3
2	1	23	3	2	1363579400	1
2	1	23	3	3	839044800	1
2	1	23	3	4	76507200	1
2	1	23	4	0	-87900325	1
2	1	23	4	1	-435241770	1
2	1	23	4	2	-707261310	1
2	1	23	4	3	-277123275	1
2	1	23	4	4	-43035300	1
2	1	23	5	0	-134789700	1
2	1	23	5	1	673640955	1
2	1	23	5	2	128107170	1
2	1	23	5	3	160896780	1
2	1	23	5	4	16839900	1
2	1	23	6	0	-17902395	1
2	1	23	6	1	-610470945	2
2	1	23	6	2	-191671515	2
2	1	23	6	3	-99168300	1
2	1	23	6	4	280665	1
2	1	23	7	0	5534325	1
2	1	23	7	1	76016070	1
2	1	23	7	2	175738815	2
2	1	23	7	3	-841995	1
2	1	23	8	0	-7389765	8
2	1	23	8	1	-45890955	8
2	1	23	8	2	-14741595	32
2	1	23	9	0	2130705	16
2	1	23	9	1	-93555	32
2	1	23	10	0	52245	16
2	1	24	0	1	6349120	27
2	1	24	0	2	116834560	9
2	1	24	0	3	-13862400	1
2	1	24	0	4	-10374400	3
2	1	24	1	1	134852000	9
2	1	24	1	2	379350400	3
2	1	24	1	3	168538400	1
2	1	24	1	4	14008000	1
2	1	24	2	0	-61600	9
2	1	24	2	1	512092240	3
2	1	24	2	2	-776822680	3
2	1	24	2	3	27676000	1
2	1	24	2	4	13912800	1
2	1	24	3	0	-6974000	9
2	1	24	3	1	860867800	3
2	1	24	3	2	-1413293720	3
2	1	24	3	3	-724108000	1
2	1	24	3	4	-53697600	1
2	1	24	4	0	-12786400	1
2	1	24	4	1	-398242500	1
2	1	24	4	2	1057227840	1
2	1	24	4	3	835431300	1
2	1	24	4	4	42411600	1
2	1	24	5	0	-48598860	1
2	1	24	5	1	191909205	1
2	1	24	5	2	-936378630	1
2	1	24	5	3	-435859380	1
2	1	24	5	4	-11600820	1
2	1	24	6	0	-34901160	1
2	1	24	6	1	25587450	1
2	1	24	6	2	468131265	1
2	1	24	6	3	109521720	1
2	1	24	6	4	-1683990	1
2	1	24	7	0	4017735	1
2	1	24	7	1	-15134040	1
2	1	24	7	2	-241237845	2
2	1	24	7	3	6615675	1
2	1	24	8	0	-1042875	4
2	1	24	8	1	-6646455	2
2	1	24	8	2	-18909045	8
2	1	24	9	0	187785	16
2	1	24	9	1	19334295	32
2	1	24	10	0	-874395	32
2	1	25	0	1	207280	27
2	1	25	0	2	2051840	1
2	1	25	0	3	-28535360	3
2	1	25	0	4	-2915200	3
2	1	25	1	1	11454560	9
2	1	25	1	2	145896160	3
2	1	25	1	3	740000	1
2	1	25	1	4	-6569600	1
2	1	25	2	1	285973600	9
2	1	25	2	2	305564720	3
2	1	25	2	3	269995000	1
2	1	25	2	4	32291600	1
2	1	25	3	0	-308000	27
2	1	25	3	1	163189400	1
2	1	25	3	2	-1297463000	3
2	1	25	3	3	-1161410800	3
2	1	25	3	4	-32828400	1
2	1	25	4	0	-2467300	3
2	1	25	4	1	20437800	1
2	1	25	4	2	258967370	1
2	1	25	4	3	92970075	1
2	1	25	4	4	14553000	1
2	1	25	5	0	-8479680	1
2	1	25	5	1	-178159800	1
2	1	25	5	2	29383635	1
2	1	25	5	3	47078460	1
2	1	25	5	4	-7609140	1
2	1	25	6	0	-18302690	1
2	1	25	6	1	162953490	1
2	1	25	6	2	-172360125	2
2	1	25	6	3	3492720	1
2	1	25	6	4	3835755	1
2	1	25	7	0	-4166580	1
2	1	25	7	1	-121786875	2
2	1	25	7	2	11728125	1
2	1	25	7	3	-19209960	1
2	1	25	7	4	40095	1
2	1	25	8	0	10260585	8
2	1	25	8	1	483675705	32
2	1	25	8	2	111330045	8
2	1	25	8	3	-467775	4
2	1	25	9	0	-3546945	16
2	1	25	9	1	-24194295	16
2	1	25	9	2	-1033155	32
2	1	25	10	0	467505	16
2	1	25	10	1	40095	32
2	1	25	11	0	6885	32
2	1	26	0	2	1619200	9
2	1	26	0	3	-8017760	3
2	1	26	0	4	577280	3
2	1	26	1	1	414560	9
2	1	26	1	2	28191520	3
2	1	26	1	3	-25362400	1
2	1	26	1	4	-4726400	1
2	1	26	2	1	28079920	9
2	1	26	2	2	74641600	1
2	1	26	2	3	73845200	1
2	1	26	2	4	2076800	1
2	1	26	3	1	1056822800	27
2	1	26	3	2	-224059400	9
2	1	26	3	3	373907600	3
2	1	26	3	4	56016400	3
2	1	26	4	0	-38500	3
2	1	26	4	1	87729950	1
2	1	26	4	2	-233833700	1
2	1	26	4	3	-310848450	1
2	1	26	4	4	-24987600	1
2	1	26	5	0	-1855480	3
2	1	26	5	1	-69242700	1
2	1	26	5	2	286587125	1
2	1	26	5	3	227364060	1
2	1	26	5	4	13846140	1
2	1	26	6	0	-4010160	1
2	1	26	6	1	-84245	1
2	1	26	6	2	-183749580	1
2	1	26	6	3	-96292350	1
2	1	26	6	4	-3534300	1
2	1	26	7	0	-4535240	1
2	1	26	7	1	49638495	2
2	1	26	7	2	79801560	1
2	1	26	7	3	24217380	1
2	1	26	7	4	-253935	1
2	1	26	8	0	617775	2
2	1	26	8	1	-70519545	8
2	1	26	8	2	-20850885	1
2	1	26	8	3	7194825	8
2	1	26	9	0	413115	16
2	1	26	9	1	10454085	16
2	1	26	9	2	-9027585	32
2	1	26	10	0	-47565	16
2	1	26	10	1	1921725	32
2	1	26	11	0	-81135	32
2	1	27	0	2	61520	9
2	1	27	0	3	-417360	1
2	1	27	0	4	580880	3
2	1	27	1	2	2869280	3
2	1	27	1	3	-10129120	1
2	1	27	1	4	-368000	1
2	1	27	2	1	1140040	9
2	1	27	2	2	56532520	3
2	1	27	2	3	-19547000	1
2	1	27	2	4	-6714400	1
2	1	27	3	1	123299000	27
2	1	27	3	2	507927200	9
2	1	27	3	3	111782000	1
2	1	27	3	4	35147200	3
2	1	27	4	1	91884925	3
2	1	27	4	2	-92919025	1
2	1	27	4	3	-57955425	1
2	1	27	4	4	-3981450	1
2	1	27	5	0	-30800	3
2	1	27	5	1	20856440	1
2	1	27	5	2	-2834360	1
2	1	27	5	3	-41812320	1
2	1	27	5	4	-734580	1
2	1	27	6	0	-1013320	3
2	1	27	6	1	-38587115	1
2	1	27	6	2	53336360	1
2	1	27	6	3	39474435	1
2	1	27	6	4	-301455	1
2	1	27	7	0	-1353440	1
2	1	27	7	1	21886755	1
2	1	27	7	2	-71850645	2
2	1	27	7	3	-6897825	1
2	1	27	7	4	632610	1
2	1	27	8	0	-10478475	16
2	1	27	8	1	-23342445	4
2	1	27	8	2	238803255	32
2	1	27	8	3	-42968475	16
2	1	27	8	4	66825	16
2	1	27	9	0	1321425	8
2	1	27	9	1	45914025	32
2	1	27	9	2	24732945	16
2	1	27	9	3	-22275	2
2	1	27	10	0	-875475	32
2	1	27	10	1	-5900175	32
2	1	27	10	2	-57645	32
2	1	27	11	0	60075	16
2	1	27	11	1	405	4
2	1	27	12	0	2295	256
2	1	28	0	3	-106880	3
2	1	28	0	4	171200	3
2	1	28	1	2	123040	3
2	1	28	1	3	-1928800	1
2	1	28	1	4	507520	1
2	1	28	2	2	6875440	3
2	1	28	2	3	-15815360	1
2	1	28	2	4	-2094400	1
2	1	28	3	1	5700200	27
2	1	28	3	2	64306000	3
2	1	28	3	3	23157200	3
2	1	28	3	4	-8254400	3
2	1	28	4	1	13274800	3
2	1	28	4	2	15662900	1
2	1	28	4	3	63822000	1
2	1	28	4	4	8329200	1
2	1	28	5	1	46463780	3
2	1	28	5	2	-59679020	1
2	1	28	5	3	-73967520	1
2	1	28	5	4	-6418500	1
2	1	28	6	0	-53900	9
2	1	28	6	1	-3641330	1
2	1	28	6	2	44564205	1
2	1	28	6	3	35651000	1
2	1	28	6	4	2792790	1
2	1	28	7	0	-404690	3
2	1	28	7	1	-6652500	1
2	1	28	7	2	-41129545	2
2	1	28	7	3	-13243395	1
2	1	28	7	4	-715770	1
2	1	28	8	0	-320100	1
2	1	28	8	1	43995075	8
2	1	28	8	2	8353500	1
2	1	28	8	3	7575975	2
2	1	28	8	4	-111375	4
2	1	28	9	0	-220925	8
2	1	28	9	1	-50351945	32
2	1	28	9	2	-41077455	16
2	1	28	9	3	170775	2
2	1	28	10	0	59725	4
2	1	28	10	1	2635605	16
2	1	28	10	2	-638595	32
2	1	28	11	0	-15675	8
2	1	28	11	1	52245	16
2	1	28	12	0	-3195	32
2	1	29	0	3	-3920	3
2	1	29	0	4	26720	3
2	1	29	1	3	-190240	1
2	1	29	1	4	218080	1
2	1	29	2	2	338360	3
2	1	29	2	3	-3916000	1
2	1	29	2	4	360800	1
2	1	29	3	2	29301800	9
2	1	29	3	3	-36982000	3
2	1	29	3	4	-8439200	3
2	1	29	4	1	712525	3
2	1	29	4	2	14799950	1
2	1	29	4	3	22536525	1
2	1	29	4	4	1617000	1
2	1	29	5	1	8909780	3
2	1	29	5	2	-7392660	1
2	1	29	5	3	6429720	1
2	1	29	5	4	1077780	1
2	1	29	6	1	42962150	9
2	1	29	6	2	-37462775	3
2	1	29	6	3	-19628455	1
2	1	29	6	4	-1073765	1
2	1	29	7	0	-7700	3
2	1	29	7	1	-4060595	1
2	1	29	7	2	14081330	1
2	1	29	7	3	10348800	1
2	1	29	7	4	195525	1
2	1	29	8	0	-468875	12
2	1	29	8	1	15656925	16
2	1	29	8	2	-111849545	16
2	1	29	8	3	-32377125	16
2	1	29	8	4	601425	8
2	1	29	9	0	-152350	3
2	1	29	9	1	449825	24
2	1	29	9	2	48931565	32
2	1	29	9	3	-1055175	4
2	1	29	9	4	2475	8
2	1	29	10	0	21455	3
2	1	29	10	1	842255	32
2	1	29	10	2	3581175	32
2	1	29	10	3	-22275	32
2	1	29	11	0	-13015	16
2	1	29	11	1	-184905	16
2	1	29	11	2	-585	8
2	1	29	12	0	2925	16
2	1	29	12	1	45	16
2	1	30	0	4	2240	3
2	1	30	1	3	-7840	1
2	1	30	1	4	41440	1
2	1	30	2	3	-458480	1
2	1	30	2	4	344960	1
2	1	30	3	2	1691800	9
2	1	30	3	3	-4536400	1
2	1	30	3	4	-677600	3
2	1	30	4	2	3028300	1
2	1	30	4	3	-3780150	1
2	1	30	4	4	-1570800	1
2	1	30	5	1	570020	3
2	1	30	5	2	5910740	1
2	1	30	5	3	15152280	1
2	1	30	5	4	1861860	1
2	1	30	6	1	12599510	9
2	1	30	6	2	-23702140	3
2	1	30	6	3	-8935080	1
2	1	30	6	4	-890120	1
2	1	30	7	1	1941500	3
2	1	30	7	2	2803390	1
2	1	30	7	3	2226840	1
2	1	30	7	4	333795	1
2	1	30	8	0	-9625	12
2	1	30	8	1	-8921275	8
2	1	30	8	2	-3556025	8
2	1	30	8	3	-3554925	4
2	1	30	8	4	-398475	4
2	1	30	9	0	-95975	12
2	1	30	9	1	6207925	12
2	1	30	9	2	9578095	32
2	1	30	9	3	1640925	4
2	1	30	9	4	-17325	8
2	1	30	10	0	-29645	6
2	1	30	10	1	-3888535	32
2	1	30	10	2	-3318675	16
2	1	30	10	3	43065	8
2	1	30	11	0	19465	16
2	1	30	11	1	113205	8
2	1	30	11	2	-12375	16
2	1	30	12	0	-2495	16
2	1	30	12	1	4815	64
2	1	31	0	4	80	3
2	1	31	1	4	4000	1
2	1	31	2	3	-21560	1
2	1	31	2	4	84920	1
2	1	31	3	3	-1969000	3
2	1	31	3	4	827200	3
2	1	31	4	2	211475	1
2	1	31	4	3	-3228225	1
2	1	31	4	4	-531300	1
2	1	31	5	2	1915100	1
2	1	31	5	3	1361580	1
2	1	31	5	4	-189420	1
2	1	31	6	1	997535	9
2	1	31	6	2	877415	1
2	1	31	6	3	4038650	1
2	1	31	6	4	506275	1
2	1	31	7	1	1372415	3
2	1	31	7	2	-2622950	1
2	1	31	7	3	-3675045	1
2	1	31	7	4	-264660	1
2	1	31	8	1	-4859525	48
2	1	31	8	2	14137975	8
2	1	31	8	3	11722425	8
2	1	31	8	4	857175	16
2	1	31	9	0	-9625	54
2	1	31	9	1	-569525	6
2	1	31	9	2	-17395625	24
2	1	31	9	3	-7286675	24
2	1	31	9	4	50325	8
2	1	31	10	0	-19745	18
2	1	31	10	1	398725	8
2	1	31	10	2	8078855	48
2	1	31	10	3	-17270	1
2	1	31	10	4	495	32
2	1	31	11	0	-240	1
2	1	31	11	1	-45905	8
2	1	31	11	2	75295	16
2	1	31	11	3	-825	32
2	1	31	12	0	46195	768
2	1	31	12	1	-38355	128
2	1	31	12	2	-195	128
2	1	32	1	4	160	1
2	1	32	2	4	9680	1
2	1	32	3	3	-107800	3
2	1	32	3	4	299200	3
2	1	32	4	3	-617100	1
2	1	32	4	4	92400	1
2	1	32	5	2	169180	1
2	1	32	5	3	-1373460	1
2	1	32	5	4	-355740	1
2	1	32	6	2	2463230	3
2	1	32	6	3	1712480	1
2	1	32	6	4	193270	1
2	1	32	7	1	142505	3
2	1	32	7	2	-344960	1
2	1	32	7	3	-167475	1
2	1	32	7	4	-38940	1
2	1	32	8	1	1181125	12
2	1	32	8	2	-438075	2
2	1	32	8	3	-446325	2
2	1	32	8	4	33825	2
2	1	32	9	1	-13013825	216
2	1	32	9	2	6846925	36
2	1	32	9	3	636625	24
2	1	32	9	4	-227425	24
2	1	32	10	0	-1925	72
2	1	32	10	1	630905	48
2	1	32	10	2	-3630475	96
2	1	32	10	3	234245	8
2	1	32	10	4	-1815	16
2	1	32	11	0	-13015	144
2	1	32	11	1	-76745	32
2	1	32	11	2	-116995	12
2	1	32	11	3	6485	32
2	1	32	12	0	-65	24
2	1	32	12	1	43225	96
2	1	32	12	2	-25	2
2	1	33	2	4	440	1
2	1	33	3	4	41800	3
2	1	33	4	3	-40425	1
2	1	33	4	4	72600	1
2	1	33	5	3	-396660	1
2	1	33	5	4	-23100	1
2	1	33	6	2	296065	3
2	1	33	6	3	-265650	1
2	1	33	6	4	-101255	1
2	1	33	7	2	225005	1
2	1	33	7	3	642840	1
2	1	33	7	4	85305	1
2	1	33	8	1	712525	48
2	1	33	8	2	-856625	4
2	1	33	8	3	-2662275	8
2	1	33	8	4	-132825	4
2	1	33	9	1	2586925	216
2	1	33	9	2	6190525	72
2	1	33	9	3	876975	8
2	1	33	9	4	85525	12
2	1	33	10	1	-368885	36
2	1	33	10	2	-746195	24
2	1	33	10	3	-859045	32
2	1	33	10	4	11275	32
2	1	33	11	0	-175	72
2	1	33	11	1	275905	96
2	1	33	11	2	946535	96
2	1	33	11	3	-10825	16
2	1	33	11	4	15	32
2	1	33	12	0	-1945	576
2	1	33	12	1	-126125	384
2	1	33	12	2	16655	192
2	1	33	12	3	-55	128
2	1	34	3	4	2200	3
2	1	34	4	4	13200	1
2	1	34	5	3	-32340	1
2	1	34	5	4	32340	1
2	1	34	6	3	-174790	1
2	1	34	6	4	-35420	1
2	1	34	7	2	42295	1
2	1	34	7	3	42900	1
2	1	34	7	4	-825	1
2	1	34	8	2	61325	2
2	1	34	8	3	713625	8
2	1	34	8	4	14025	2
2	1	34	9	1	712525	216
2	1	34	9	2	-358325	8
2	1	34	9	3	-1290575	24
2	1	34	9	4	-13475	12
2	1	34	10	1	44935	144
2	1	34	10	2	64130	3
2	1	34	10	3	167035	16
2	1	34	10	4	-2365	4
2	1	34	11	1	-91675	144
2	1	34	11	2	-466225	96
2	1	34	11	3	19835	16
2	1	34	11	4	-115	32
2	1	34	12	0	-175	1728
2	1	34	12	1	13485	128
2	1	34	12	2	-19295	96
2	1	34	12	3	1325	384
2	1	35	4	4	825	1
2	1	35	5	4	8580	1
2	1	35	6	3	-18865	1
2	1	35	6	4	7315	1
2	1	35	7	3	-50655	1
2	1	35	7	4	-14190	1
2	1	35	8	2	211475	16
2	1	35	8	3	634425	16
2	1	35	8	4	104775	16
2	1	35	9	2	-143825	72
2	1	35	9	3	-199925	24
2	1	35	9	4	-25025	12
2	1	35	10	1	142505	288
2	1	35	10	2	-224015	96
2	1	35	10	3	78815	32
2	1	35	10	4	8855	16
2	1	35	11	1	-30695	288
2	1	35	11	2	1135	2
2	1	35	11	3	-10645	8
2	1	35	11	4	95	8
2	1	35	12	1	18175	6912
2	1	35	12	2	556415	2304
2	1	35	12	3	-9215	768
2	1	35	12	4	5	768
2	1	36	5	4	660	1
2	1	36	6	4	3850	1
2	1	36	7	3	-8085	1
2	1	36	7	4	-330	1
2	1	36	8	3	-8250	1
2	1	36	8	4	-9075	4
2	1	36	9	2	211475	72
2	1	36	9	3	76725	8
2	1	36	9	4	14575	12
2	1	36	10	2	-77825	48
2	1	36	10	3	-14795	4
2	1	36	10	4	-1925	8
2	1	36	11	1	12955	288
2	1	36	11	2	26255	48
2	1	36	11	3	800	1
2	1	36	11	4	-175	8
2	1	36	12	1	-8695	864
2	1	36	12	2	-96875	576
2	1	36	12	3	755	32
2	1	36	12	4	-5	96
2	1	37	6	4	385	1
2	1	37	7	4	1155	1
2	1	37	8	3	-40425	16
2	1	37	8	4	-5775	8
2	1	37	9	3	-3575	24
2	1	37	9	4	1925	24
2	1	37	10	2	42295	96
2	1	37	10	3	1595	2
2	1	37	10	4	-385	16
2	1	37	11	2	-25685	96
2	1	37	11	3	-3055	16
2	1	37	11	4	385	16
2	1	37	12	1	12955	6912
2	1	37	12	2	26665	384
2	1	37	12	3	-22025	768
2	1	37	12	4	35	192
2	1	38	7	4	165	1
2	1	38	8	4	825	4
2	1	38	9	3	-13475	24
2	1	38	9	4	-4675	24
2	1	38	10	3	3685	16
2	1	38	10	4	275	4
2	1	38	11	2	3845	96
2	1	38	11	3	-875	16
2	1	38	11	4	-245	16
2	1	38	12	2	-9305	576
2	1	38	12	3	8465	384
2	1	38	12	4	-35	96
2	1	39	8	4	825	16
2	1	39	9	4	275	24
2	1	39	10	3	-2695	32
2	1	39	10	4	-605	32
2	1	39	11	3	1405	32
2	1	39	11	4	35	8
2	1	39	12	2	3845	2304
2	1	39	12	3	-2675	256
2	1	39	12	4	175	384
2	1	40	9	4	275	24
2	1	40	10	4	-55	16
2	1	40	11	3	-245	32
2	1	40	11	4	5	8
2	1	40	12	3	535	192
2	1	40	12	4	-35	96
2	1	41	10	4	55	32
2	1	41	11	4	-25	32
2	1	41	12	3	-245	768
2	1	41	12	4	35	192
2	1	42	11	4	5	32
2	1	42	12	4	-5	96
2	1	43	12	4	5	768
2	2	6	0	1	286978140	1
2	2	7	0	0	-155889360	1
2	2	7	0	1	-382637520	1
2	2	8	0	0	-161794260	1
2	2	8	0	1	-1495120680	1
2	2	8	0	2	1817528220	1
2	2	8	1	0	-180689940	1
2	2	8	1	1	1195742250	1
2	2	8	2	0	47829690	1
2	2	9	0	0	-17714700	1
2	2	9	0	1	-2263938660	1
2	2	9	0	2	-1626209460	1
2	2	9	1	0	-420428880	1
2	2	9	1	1	-637729200	1
2	2	9	2	0	-31886460	1
2	2	10	0	0	-143948340	1
2	2	10	0	1	-513726300	1
2	2	10	0	2	-4049580420	1
2	2	10	1	0	-116129700	1
2	2	10	1	1	-3858261660	1
2	2	10	1	2	3348078300	1
2	2	10	2	0	-422790840	1
2	2	10	2	1	1626209460	1
2	2	10	3	0	87687765	1
2	2	11	0	0	-512326620	1
2	2	11	0	1	3005200440	1
2	2	11	0	2	2108049300	1
2	2	11	1	0	615421800	1
2	2	11	1	1	-4046037480	1
2	2	11	1	2	-4272785640	1
2	2	11	2	0	-853061220	1
2	2	11	2	1	-866248830	1
2	2	11	3	0	-21257640	1
2	2	12	0	0	-902574900	1
2	2	12	0	1	3452398200	1
2	2	12	0	2	4309396020	1
2	2	12	0	3	53144100	1
2	2	12	1	0	1201187880	1
2	2	12	1	1	1226841390	1
2	2	12	1	2	-5767906320	1
2	2	12	1	3	-79716150	1
2	2	12	2	0	-580156425	1
2	2	12	2	1	-4128410835	1
2	2	12	2	2	2750207175	1
2	2	12	3	0	-423578160	1
2	2	12	3	1	2330368785	2
2	2	12	4	0	364037085	4
2	2	13	0	0	-1350239220	1
2	2	13	0	1	643896540	1
2	2	13	0	2	-482233500	1
2	2	13	0	3	-124002900	1
2	2	13	1	0	1599513480	1
2	2	13	1	1	6808743360	1
2	2	13	1	2	6091494840	1
2	2	13	1	3	212576400	1
2	2	13	2	0	416043945	1
2	2	13	2	1	-3009038625	1
2	2	13	2	2	-4557106575	1
2	2	13	3	0	-819600120	1
2	2	13	3	1	-854734275	1
2	2	13	4	0	4428675	4
2	2	14	0	0	-1698629940	1
2	2	14	0	1	-1066249980	1
2	2	14	0	2	-2283621660	1
2	2	14	0	3	-47239200	1
2	2	14	1	0	1430472960	1
2	2	14	1	1	4756068900	1
2	2	14	1	2	5562415800	1
2	2	14	1	3	106288200	1
2	2	14	2	0	1585101150	1
2	2	14	2	1	2370128445	1
2	2	14	2	2	-3102434460	1
2	2	14	2	3	-146146275	1
2	2	14	3	0	-603655740	1
2	2	14	3	1	-4731104295	2
2	2	14	3	2	1406547180	1
2	2	14	4	0	-925593075	4
2	2	14	4	1	2052247995	4
2	2	14	5	0	193975965	4
2	2	15	0	0	-1590412860	1
2	2	15	0	1	-532738620	1
2	2	15	0	2	-358886700	1
2	2	15	0	3	236196000	1
2	2	15	1	0	149671800	1
2	2	15	1	1	-1444382280	1
2	2	15	1	2	-3222500760	1
2	2	15	1	3	-637729200	1
2	2	15	2	0	2753279910	1
2	2	15	2	1	6437751615	1
2	2	15	2	2	6396187680	1
2	2	15	2	3	438438825	1
2	2	15	3	0	48478500	1
2	2	15	3	1	-1277033040	1
2	2	15	3	2	-2866238460	1
2	2	15	4	0	-1492244775	4
2	2	15	4	1	-2101258665	4
2	2	15	5	0	-7381125	2
2	2	16	0	0	-1060228800	1
2	2	16	0	1	90624420	1
2	2	16	0	2	509877180	1
2	2	16	0	3	39366000	1
2	2	16	1	0	-1368725040	1
2	2	16	1	1	-3075476040	1
2	2	16	1	2	-3059000640	1
2	2	16	1	3	59049000	1
2	2	16	2	0	2911875885	1
2	2	16	2	1	3007453050	1
2	2	16	2	2	2329187805	1
2	2	16	2	3	-48715425	1
2	2	16	3	0	849944745	1
2	2	16	3	1	1572245235	1
2	2	16	3	2	-637630785	1
2	2	16	3	3	-243577125	2
2	2	16	4	0	-444802995	2
2	2	16	4	1	-1466875575	2
2	2	16	4	2	1070853615	2
2	2	16	5	0	-299389365	4
2	2	16	5	1	1111597425	8
2	2	16	6	0	225862425	16
2	2	17	0	0	-501506160	1
2	2	17	0	1	-121247100	1
2	2	17	0	2	68647500	1
2	2	17	0	3	-217825200	1
2	2	17	1	0	-1811465640	1
2	2	17	1	1	-547965000	1
2	2	17	1	2	812251800	1
2	2	17	1	3	779446800	1
2	2	17	2	0	1350815535	1
2	2	17	2	1	-2873798190	1
2	2	17	2	2	-4006048185	1
2	2	17	2	3	-893116125	1
2	2	17	3	0	1850273280	1
2	2	17	3	1	3761078670	1
2	2	17	3	2	3784647240	1
2	2	17	3	3	405961875	1
2	2	17	4	0	-58159620	1
2	2	17	4	1	-900858105	2
2	2	17	4	2	-2578374585	2
2	2	17	5	0	-146627415	2
2	2	17	5	1	-380177145	2
2	2	17	6	0	-68201595	16
2	2	18	0	0	-168433240	1
2	2	18	0	1	-435181140	1
2	2	18	0	2	-122914260	1
2	2	18	0	3	-64735200	1
2	2	18	1	0	-1238797860	1
2	2	18	1	1	806165460	1
2	2	18	1	2	875383200	1
2	2	18	1	3	-83980800	1
2	2	18	2	0	-465646320	1
2	2	18	2	1	-3054844125	1
2	2	18	2	2	-1254922470	1
2	2	18	2	3	405961875	1
2	2	18	3	0	2024109810	1
2	2	18	3	1	1198457775	1
2	2	18	3	2	-79453710	1
2	2	18	3	3	-405961875	2
2	2	18	4	0	443886075	2
2	2	18	4	1	551091195	1
2	2	18	4	2	155790945	1
2	2	18	4	3	-243577125	4
2	2	18	5	0	-70476075	4
2	2	18	5	1	-321193755	4
2	2	18	5	2	335693565	2
2	2	18	6	0	-117139365	8
2	2	18	6	1	288651195	16
2	2	18	7	0	41039055	16
2	2	19	0	0	-119433640	3
2	2	19	0	1	-394840080	1
2	2	19	0	2	12686220	1
2	2	19	0	3	109058400	1
2	2	19	1	0	-533495600	1
2	2	19	1	1	117269640	1
2	2	19	1	2	-318339720	1
2	2	19	1	3	-571244400	1
2	2	19	2	0	-1041516000	1
2	2	19	2	1	57153195	1
2	2	19	2	2	1561671090	1
2	2	19	2	3	860639175	1
2	2	19	3	0	936912420	1
2	2	19	3	1	-2288377170	1
2	2	19	3	2	-2466586080	1
2	2	19	3	3	-595410750	1
2	2	19	4	0	1487481975	2
2	2	19	4	1	6557963715	4
2	2	19	4	2	3080815965	2
2	2	19	4	3	893116125	4
2	2	19	5	0	-53166375	1
2	2	19	5	1	-421511445	2
2	2	19	5	2	-462058425	1
2	2	19	6	0	30184245	8
2	2	19	6	1	-517826925	16
2	2	19	7	0	-3050865	2
2	2	20	0	0	-58090840	9
2	2	20	0	1	-196858960	1
2	2	20	0	2	70147260	1
2	2	20	0	3	61479000	1
2	2	20	1	0	-455640100	3
2	2	20	1	1	-548965170	1
2	2	20	1	2	-297503280	1
2	2	20	1	3	-31274100	1
2	2	20	2	0	-676059080	1
2	2	20	2	1	1028816100	1
2	2	20	2	2	416573685	1
2	2	20	2	3	-368673525	1
2	2	20	3	0	-145367235	1
2	2	20	3	1	-1641112380	1
2	2	20	3	2	137303505	1
2	2	20	3	3	1019415375	2
2	2	20	4	0	804841650	1
2	2	20	4	1	1109189295	4
2	2	20	4	2	-550172655	1
2	2	20	4	3	-730731375	4
2	2	20	5	0	35430615	2
2	2	20	5	1	1110059235	8
2	2	20	5	2	187644600	1
2	2	20	5	3	-81192375	4
2	2	20	6	0	83164725	8
2	2	20	6	1	326107215	16
2	2	20	6	2	349274835	8
2	2	20	7	0	-32327505	16
2	2	20	7	1	-51405435	32
2	2	20	8	0	25817535	64
2	2	21	0	0	-18370640	27
2	2	21	0	1	-62035100	1
2	2	21	0	2	31752780	1
2	2	21	0	3	-19899000	1
2	2	21	1	0	-256817120	9
2	2	21	1	1	-485103280	1
2	2	21	1	2	87624360	1
2	2	21	1	3	258390000	1
2	2	21	2	0	-247141950	1
2	2	21	2	1	157319010	1
2	2	21	2	2	-560833065	1
2	2	21	2	3	-549101025	1
2	2	21	3	0	-402409500	1
2	2	21	3	1	365846220	1
2	2	21	3	2	1067173380	1
2	2	21	3	3	436033125	1
2	2	21	4	0	309761280	1
2	2	21	4	1	-1136371275	1
2	2	21	4	2	-945578610	1
2	2	21	4	3	-857030625	4
2	2	21	5	0	212799555	1
2	2	21	5	1	568209330	1
2	2	21	5	2	461730375	1
2	2	21	5	3	81192375	1
2	2	21	6	0	-214385535	8
2	2	21	6	1	-1564350165	16
2	2	21	6	2	-1074002895	8
2	2	21	7	0	5921505	1
2	2	21	7	1	41388975	16
2	2	21	8	0	-24724035	64
2	2	22	0	0	-1127200	27
2	2	22	0	1	-38205680	3
2	2	22	0	2	1150540	1
2	2	22	0	3	-25740000	1
2	2	22	1	0	-91638800	27
2	2	22	1	1	-206339660	1
2	2	22	1	2	132924840	1
2	2	22	1	3	75438000	1
2	2	22	2	0	-166805540	3
2	2	22	2	1	-370443670	1
2	2	22	2	2	-203392080	1
2	2	22	2	3	119282625	1
2	2	22	3	0	-218982225	1
2	2	22	3	1	606626145	1
2	2	22	3	2	-46811520	1
2	2	22	3	3	-790873875	2
2	2	22	4	0	-134166375	2
2	2	22	4	1	-1023150285	2
2	2	22	4	2	744985755	2
2	2	22	4	3	1247956875	4
2	2	22	5	0	416305575	2
2	2	22	5	1	-37112985	2
2	2	22	5	2	-658407285	2
2	2	22	5	3	-178623225	2
2	2	22	6	0	-3797010	1
2	2	22	6	1	372561525	8
2	2	22	6	2	359991135	4
2	2	22	6	3	-37889775	8
2	2	22	7	0	24864165	8
2	2	22	7	1	214781625	32
2	2	22	7	2	35724645	4
2	2	22	8	0	-16772265	64
2	2	22	8	1	-18666045	16
2	2	22	9	0	4603635	64
2	2	23	0	0	-90880	81
2	2	23	0	1	-44802260	27
2	2	23	0	2	-3837860	1
2	2	23	0	3	-5316000	1
2	2	23	1	0	-690880	3
2	2	23	1	1	-155885960	3
2	2	23	1	2	38423160	1
2	2	23	1	3	-56970000	1
2	2	23	2	0	-205396400	27
2	2	23	2	1	-272708800	1
2	2	23	2	2	130453260	1
2	2	23	2	3	236152125	1
2	2	23	3	0	-186949400	3
2	2	23	3	1	32079850	1
2	2	23	3	2	-373085820	1
2	2	23	3	3	-240570000	1
2	2	23	4	0	-108750950	1
2	2	23	4	1	265040640	1
2	2	23	4	2	393934590	1
2	2	23	4	3	363862125	4
2	2	23	5	0	53838450	1
2	2	23	5	1	-380049975	1
2	2	23	5	2	-226757880	1
2	2	23	5	3	-36686925	1
2	2	23	6	0	47289690	1
2	2	23	6	1	1178134335	8
2	2	23	6	2	379586655	4
2	2	23	6	3	164189025	8
2	2	23	7	0	-16625385	2
2	2	23	7	1	-60391575	2
2	2	23	7	2	-60525225	2
2	2	23	8	0	109070145	64
2	2	23	8	1	167870475	64
2	2	23	9	0	-3080025	32
2	2	24	0	1	-3372140	27
2	2	24	0	2	-1603400	1
2	2	24	0	3	2790000	1
2	2	24	1	0	-181760	27
2	2	24	1	1	-71185630	9
2	2	24	1	2	-3879840	1
2	2	24	1	3	-36675000	1
2	2	24	2	0	-5199920	9
2	2	24	2	1	-272642645	3
2	2	24	2	2	95403075	1
2	2	24	2	3	12808125	1
2	2	24	3	0	-10079300	1
2	2	24	3	1	-329093775	2
2	2	24	3	2	-39397455	1
2	2	24	3	3	298819125	2
2	2	24	4	0	-262531775	6
2	2	24	4	1	196180950	1
2	2	24	4	2	-263151045	2
2	2	24	4	3	-824286375	4
2	2	24	5	0	-48189735	2
2	2	24	5	1	-150286455	2
2	2	24	5	2	194754780	1
2	2	24	5	3	446858775	4
2	2	24	6	0	35404740	1
2	2	24	6	1	-338949765	8
2	2	24	6	2	-462782565	4
2	2	24	6	3	-223128675	8
2	2	24	7	0	-2183535	8
2	2	24	7	1	290638935	16
2	2	24	7	2	224295075	8
2	2	24	7	3	-12629925	16
2	2	24	8	0	134460	1
2	2	24	8	1	-4863645	32
2	2	24	8	2	86572395	64
2	2	24	9	0	-371925	32
2	2	24	9	1	-14758605	64
2	2	24	10	0	2671785	256
2	2	25	0	1	-111680	27
2	2	25	0	2	-314440	1
2	2	25	0	3	2034000	1
2	2	25	1	1	-6074200	9
2	2	25	1	2	-5136120	1
2	2	25	1	3	-1458000	1
2	2	25	2	0	-499840	27
2	2	25	2	1	-150636695	9
2	2	25	2	2	13604025	1
2	2	25	2	3	-56640375	1
2	2	25	3	0	-23500400	27
2	2	25	3	1	-87074625	1
2	2	25	3	2	84602000	1
2	2	25	3	3	102106125	1
2	2	25	4	0	-78544675	9
2	2	25	4	1	-19396875	1
2	2	25	4	2	-257660145	2
2	2	25	4	3	-150467625	4
2	2	25	5	0	-19411260	1
2	2	25	5	1	97222710	1
2	2	25	5	2	76080870	1
2	2	25	5	3	-10023750	1
2	2	25	6	0	13423025	4
2	2	25	6	1	-657908055	8
2	2	25	6	2	-94277925	4
2	2	25	6	3	12629925	8
2	2	25	7	0	15960585	2
2	2	25	7	1	198136935	8
2	2	25	7	2	19791135	2
2	2	25	7	3	29469825	8
2	2	25	8	0	-24504255	16
2	2	25	8	1	-348719985	64
2	2	25	8	2	-320603265	64
2	2	25	9	0	8645175	32
2	2	25	9	1	1211355	2
2	2	25	10	0	-4489425	256
2	2	26	0	2	-31960	1
2	2	26	0	3	588000	1
2	2	26	1	1	-223360	9
2	2	26	1	2	-1368540	1
2	2	26	1	3	5184000	1
2	2	26	2	1	-14861330	9
2	2	26	2	2	-5595150	1
2	2	26	2	3	-18525375	1
2	2	26	3	0	-2499200	81
2	2	26	3	1	-1110410675	54
2	2	26	3	2	32481050	1
2	2	26	3	3	-42788625	2
2	2	26	4	0	-875050	1
2	2	26	4	1	-188583175	4
2	2	26	4	2	16059600	1
2	2	26	4	3	300155625	4
2	2	26	5	0	-46278430	9
2	2	26	5	1	33089250	1
2	2	26	5	2	-125897445	2
2	2	26	5	3	-59919750	1
2	2	26	6	0	-29946455	6
2	2	26	6	1	17588235	4
2	2	26	6	2	55985580	1
2	2	26	6	3	49116375	2
2	2	26	7	0	28823575	8
2	2	26	7	1	-247255335	16
2	2	26	7	2	-51748065	2
2	2	26	7	3	-94423725	16
2	2	26	8	0	9909975	32
2	2	26	8	1	303301665	64
2	2	26	8	2	376442235	64
2	2	26	8	3	-3007125	32
2	2	26	9	0	-5259765	64
2	2	26	9	1	-22805325	64
2	2	26	9	2	9206055	64
2	2	26	10	0	102465	16
2	2	26	10	1	-6197715	256
2	2	26	11	0	54675	64
2	2	27	0	2	-1360	1
2	2	27	0	3	93600	1
2	2	27	1	2	-167280	1
2	2	27	1	3	2199600	1
2	2	27	2	1	-614240	9
2	2	27	2	2	-2540670	1
2	2	27	2	3	3304125	1
2	2	27	3	1	-65093050	27
2	2	27	3	2	-437800	1
2	2	27	3	3	-26259750	1
2	2	27	4	0	-312400	9
2	2	27	4	1	-48108500	3
2	2	27	4	2	56846925	2
2	2	27	4	3	75549375	4
2	2	27	5	0	-1850200	3
2	2	27	5	1	-11605660	1
2	2	27	5	2	-21955905	1
2	2	27	5	3	8419950	1
2	2	27	6	0	-18649400	9
2	2	27	6	1	79016385	4
2	2	27	6	2	1975365	1
2	2	27	6	3	-21361725	2
2	2	27	7	0	-1266815	3
2	2	27	7	1	-40238535	4
2	2	27	7	2	3743145	1
2	2	27	7	3	2338875	1
2	2	27	8	0	28757025	32
2	2	27	8	1	64104345	32
2	2	27	8	2	-37253115	64
2	2	27	8	3	15035625	32
2	2	27	9	0	-2378975	16
2	2	27	9	1	-15760305	32
2	2	27	9	2	-18515385	32
2	2	27	10	0	180345	8
2	2	27	10	1	18470835	256
2	2	27	11	0	-109755	64
2	2	28	0	3	8100	1
2	2	28	1	2	-8160	1
2	2	28	1	3	430650	1
2	2	28	2	2	-392700	1
2	2	28	2	3	3353625	1
2	2	28	3	1	-3071200	27
2	2	28	3	2	-2533025	1
2	2	28	3	3	-6001875	2
2	2	28	4	1	-27939725	12
2	2	28	4	2	4648050	1
2	2	28	4	3	-56467125	4
2	2	28	5	0	-249920	9
2	2	28	5	1	-96868585	12
2	2	28	5	2	10459440	1
2	2	28	5	3	77747175	4
2	2	28	6	0	-2800490	9
2	2	28	6	1	12739265	8
2	2	28	6	2	-119870205	8
2	2	28	6	3	-38097675	4
2	2	28	7	0	-9955825	18
2	2	28	7	1	58604475	16
2	2	28	7	2	36359595	4
2	2	28	7	3	25282125	8
2	2	28	8	0	4849075	32
2	2	28	8	1	-44148675	16
2	2	28	8	2	-221839965	64
2	2	28	8	3	-55130625	64
2	2	28	9	0	14656675	192
2	2	28	9	1	89337285	128
2	2	28	9	2	13072995	16
2	2	28	9	3	-1002375	128
2	2	28	10	0	-511055	32
2	2	28	10	1	-8667945	128
2	2	28	10	2	2581875	256
2	2	28	11	0	319185	256
2	2	28	11	1	-348705	256
2	2	28	12	0	3645	128
2	2	29	0	3	300	1
2	2	29	1	3	43200	1
2	2	29	2	2	-22440	1
2	2	29	2	3	868725	1
2	2	29	3	2	-542300	1
2	2	29	3	3	2470875	1
2	2	29	4	1	-383900	3
2	2	29	4	2	-1314225	1
2	2	29	4	3	-23722875	4
2	2	29	5	1	-4666585	3
2	2	29	5	2	4853475	1
2	2	29	5	3	-690525	1
2	2	29	6	0	-437360	27
2	2	29	6	1	-177962015	72
2	2	29	6	2	-3712695	8
2	2	29	6	3	19975725	4
2	2	29	7	0	-112530	1
2	2	29	7	1	16107905	8
2	2	29	7	2	-2455380	1
2	2	29	7	3	-11204325	4
2	2	29	8	0	-12627725	144
2	2	29	8	1	-24991275	64
2	2	29	8	2	106923015	64
2	2	29	8	3	36865125	64
2	2	29	9	0	3849725	72
2	2	29	9	1	-867575	16
2	2	29	9	2	-11220885	32
2	2	29	9	3	334125	8
2	2	29	10	0	-1783705	384
2	2	29	10	1	-418275	64
2	2	29	10	2	-11219715	256
2	2	29	11	0	37205	64
2	2	29	11	1	579825	128
2	2	29	12	0	-8505	128
2	2	30	1	3	1800	1
2	2	30	2	3	103950	1
2	2	30	3	2	-37400	1
2	2	30	3	3	1992375	2
2	2	30	4	2	-967725	2
2	2	30	4	3	2264625	4
2	2	30	5	1	-307120	3
2	2	30	5	2	-251955	2
2	2	30	5	3	-7462125	2
2	2	30	6	1	-26216575	36
2	2	30	6	2	9146445	4
2	2	30	6	3	19906425	8
2	2	30	7	0	-62480	9
2	2	30	7	1	-15880315	48
2	2	30	7	2	-6943275	4
2	2	30	7	3	-4462425	8
2	2	30	8	0	-687775	24
2	2	30	8	1	17826875	32
2	2	30	8	2	41404275	64
2	2	30	8	3	334125	2
2	2	30	9	0	-2118325	432
2	2	30	9	1	-15360625	64
2	2	30	9	2	-874545	4
2	2	30	9	3	-1373625	16
2	2	30	10	0	3721685	576
2	2	30	10	1	6532685	128
2	2	30	10	2	2300715	32
2	2	30	10	3	-111375	256
2	2	30	11	0	-252525	256
2	2	30	11	1	-709425	128
2	2	30	11	2	13365	32
2	2	30	12	0	34395	512
2	2	30	12	1	-16605	512
2	2	31	2	3	4950	1
2	2	31	3	3	148500	1
2	2	31	4	2	-42075	1
2	2	31	4	3	2784375	4
2	2	31	5	2	-286110	1
2	2	31	5	3	-482625	1
2	2	31	6	1	-537460	9
2	2	31	6	2	1158465	4
2	2	31	6	3	-7536375	8
2	2	31	7	1	-2823865	12
2	2	31	7	2	913275	2
2	2	31	7	3	1937925	2
2	2	31	8	0	-19525	9
2	2	31	8	1	10036675	192
2	2	31	8	2	-33135525	64
2	2	31	8	3	-1522125	4
2	2	31	9	0	-531575	108
2	2	31	9	1	4540525	96
2	2	31	9	2	7534075	32
2	2	31	9	3	309375	4
2	2	31	10	0	346115	432
2	2	31	10	1	-1476775	64
2	2	31	10	2	-3183225	64
2	2	31	10	3	631125	256
2	2	31	11	0	20305	96
2	2	31	11	1	292145	128
2	2	31	11	2	-124875	64
2	2	31	12	0	-5375	256
2	2	31	12	1	60885	512
2	2	32	3	3	8250	1
2	2	32	4	3	556875	4
2	2	32	5	2	-33660	1
2	2	32	5	3	1136025	4
2	2	32	6	2	-215985	2
2	2	32	6	3	-3655575	8
2	2	32	7	1	-76780	3
2	2	32	7	2	1632015	8
2	2	32	7	3	1002375	16
2	2	32	8	1	-9512525	192
2	2	32	8	2	-1294425	32
2	2	32	8	3	2116125	32
2	2	32	9	0	-39050	81
2	2	32	9	1	104413375	3456
2	2	32	9	2	-169025	8
2	2	32	9	3	-845625	64
2	2	32	10	0	-25025	48
2	2	32	10	1	-4802545	768
2	2	32	10	2	959175	256
2	2	32	10	3	-1433025	256
2	2	32	11	0	265025	1728
2	2	32	11	1	553745	512
2	2	32	11	2	929235	256
2	2	32	11	3	-7425	512
2	2	32	12	0	-4715	512
2	2	32	12	1	-22445	128
2	2	32	12	2	495	64
2	2	33	4	3	37125	4
2	2	33	5	3	89100	1
2	2	33	6	2	-19635	1
2	2	33	6	3	363825	8
2	2	33	7	2	-42075	2
2	2	33	7	3	-1299375	8
2	2	33	8	1	-95975	12
2	2	33	8	2	2081475	32
2	2	33	8	3	2784375	32
2	2	33	9	1	-4905725	864
2	2	33	9	2	-1224575	32
2	2	33	9	3	-210375	8
2	2	33	10	0	-3905	54
2	2	33	10	1	11339845	2304
2	2	33	10	2	3460485	256
2	2	33	10	3	1586475	256
2	2	33	11	0	-3985	144
2	2	33	11	1	-996715	768
2	2	33	11	2	-26535	8
2	2	33	11	3	22275	256
2	2	33	12	0	16775	2304
2	2	33	12	1	64875	512
2	2	33	12	2	-2475	64
2	2	34	5	3	7425	1
2	2	34	6	3	155925	4
2	2	34	7	2	-8415	1
2	2	34	7	3	-245025	16
2	2	34	8	2	42075	32
2	2	34	8	3	-705375	32
2	2	34	9	1	-95975	54
2	2	34	9	2	606925	64
2	2	34	9	3	457875	32
2	2	34	10	1	-59785	1152
2	2	34	10	2	-774675	128
2	2	34	10	3	-735075	256
2	2	34	11	0	-355	54
2	2	34	11	1	1220035	4608
2	2	34	11	2	174945	128
2	2	34	11	3	-110475	512
2	2	34	12	0	-1145	3456
2	2	34	12	1	-37915	1024
2	2	34	12	2	41045	512
2	2	34	12	3	-225	1024
2	2	35	6	3	17325	4
2	2	35	7	3	22275	2
2	2	35	8	2	-42075	16
2	2	35	8	3	-334125	32
2	2	35	9	2	32725	16
2	2	35	9	3	4125	2
2	2	35	10	1	-19195	72
2	2	35	10	2	-14355	128
2	2	35	10	3	-111375	256
2	2	35	11	1	78325	1152
2	2	35	11	2	15	2
2	2	35	11	3	35775	128
2	2	35	12	0	-355	1296
2	2	35	12	1	-78355	13824
2	2	35	12	2	-22775	256
2	2	35	12	3	1425	1024
2	2	36	7	3	7425	4
2	2	36	8	3	111375	64
2	2	36	9	2	-4675	8
2	2	36	9	3	-309375	128
2	2	36	10	2	36465	64
2	2	36	10	3	235125	256
2	2	36	11	1	-1745	72
2	2	36	11	2	-56685	256
2	2	36	11	3	-97875	512
2	2	36	12	1	162085	27648
2	2	36	12	2	14575	256
2	2	36	12	3	-3825	1024
2	2	37	8	3	37125	64
2	2	37	10	2	-2805	32
2	2	37	10	3	-51975	256
2	2	37	11	2	4845	64
2	2	37	11	3	13275	256
2	2	37	12	1	-1745	1728
2	2	37	12	2	-1345	64
2	2	37	12	3	5625	1024
2	2	38	9	3	4125	32
2	2	38	10	3	-7425	128
2	2	38	11	2	-255	32
2	2	38	11	3	6075	512
2	2	38	12	2	2125	512
2	2	38	12	3	-4875	1024
2	2	39	10	3	2475	128
2	2	39	11	3	-675	64
2	2	39	12	2	-85	256
2	2	39	12	3	2475	1024
2	2	40	11	3	225	128
2	2	40	12	3	-675	1024
2	2	41	12	3	75	1024
2	3	9	0	0	-15746400	1
2	3	9	0	1	510183360	1
2	3	10	0	0	-52488000	1
2	3	10	0	1	680244480	1
2	3	11	0	0	-33942240	1
2	3	11	0	1	-287371800	1
2	3	11	0	2	-42515280	1
2	3	11	1	0	-139618080	1
2	3	11	1	1	850305600	1
2	3	11	2	0	85030560	1
2	3	12	0	0	230947200	1
2	3	12	0	1	-1028239920	1
2	3	12	1	0	-601512480	1
2	3	12	1	1	850305600	1
2	3	12	2	0	170061120	1
2	3	13	0	0	763233840	1
2	3	13	0	1	-591802200	1
2	3	13	0	2	113374080	1
2	3	13	1	0	-1165058640	1
2	3	13	1	1	-900694080	1
2	3	13	1	2	-85030560	1
2	3	13	2	0	-39234780	1
2	3	13	2	1	754646220	1
2	3	13	3	0	113374080	1
2	3	14	0	0	1184194080	1
2	3	14	0	1	87596640	1
2	3	14	0	2	50388480	1
2	3	14	1	0	-1012376880	1
2	3	14	1	1	-1586187360	1
2	3	14	1	2	28343520	1
2	3	14	2	0	-779621760	1
2	3	14	2	1	503097480	1
2	3	14	3	0	188956800	1
2	3	15	0	0	1140946560	1
2	3	15	0	1	226427400	1
2	3	15	0	2	-107075520	1
2	3	15	1	0	113063040	1
2	3	15	1	1	-330499440	1
2	3	15	1	2	217300320	1
2	3	15	2	0	-1704576960	1
2	3	15	2	1	-1111433400	1
2	3	15	2	2	-77944680	1
2	3	15	3	0	39759660	1
2	3	15	3	1	478296900	1
2	3	15	4	0	58163265	1
2	3	16	0	0	745217280	1
2	3	16	0	1	104684400	1
2	3	16	0	2	-100776960	1
2	3	16	1	0	1204891200	1
2	3	16	1	1	581392080	1
2	3	16	1	2	28343520	1
2	3	16	2	0	-1687178160	1
2	3	16	2	1	-1179580320	1
2	3	16	2	2	51963120	1
2	3	16	3	0	-492293700	1
2	3	16	3	1	159432300	1
2	3	16	4	0	77551020	1
2	3	17	0	0	342763200	1
2	3	17	0	1	72488520	1
2	3	17	0	2	15396480	1
2	3	17	1	0	1374559200	1
2	3	17	1	1	323967600	1
2	3	17	1	2	-223598880	1
2	3	17	2	0	-501756120	1
2	3	17	2	1	249667920	1
2	3	17	2	2	181870920	1
2	3	17	3	0	-1158883200	1
2	3	17	3	1	-822166200	1
2	3	17	3	2	-43302600	1
2	3	17	4	0	35010225	1
2	3	17	4	1	228814875	1
2	3	17	5	0	11416140	1
2	3	18	0	0	112556800	1
2	3	18	0	1	93960000	1
2	3	18	0	2	61585920	1
2	3	18	1	0	872998560	1
2	3	18	1	1	-32523120	1
2	3	18	1	2	-127020960	1
2	3	18	2	0	604778400	1
2	3	18	2	1	706780080	1
2	3	18	2	2	-34642080	1
2	3	18	3	0	-1122549840	1
2	3	18	3	1	-521672400	1
2	3	18	3	2	43302600	1
2	3	18	4	0	-188045550	1
2	3	18	5	0	11416140	1
2	3	19	0	0	78827680	3
2	3	19	0	1	77536440	1
2	3	19	0	2	29509920	1
2	3	19	1	0	359883360	1
2	3	19	1	1	-1412640	1
2	3	19	1	2	73133280	1
2	3	19	2	0	803584800	1
2	3	19	2	1	140925420	1
2	3	19	2	2	-193418280	1
2	3	19	3	0	-364732200	1
2	3	19	3	1	399419100	1
2	3	19	3	2	86605200	1
2	3	19	4	0	-480374550	1
2	3	19	4	1	-808041825	2
2	3	19	4	2	-16238475	1
2	3	19	5	0	18414540	1
2	3	19	5	1	81487620	1
2	3	19	6	0	-1607445	1
2	3	20	0	0	38334080	9
2	3	20	0	1	38776240	1
2	3	20	0	2	-3041280	1
2	3	20	1	0	300446240	3
2	3	20	1	1	100902240	1
2	3	20	1	2	98794080	1
2	3	20	2	0	467292960	1
2	3	20	2	1	-158436000	1
2	3	20	2	2	-51963120	1
2	3	20	3	0	231662520	1
2	3	20	3	1	411147900	1
2	3	20	3	2	-48114000	1
2	3	20	4	0	-428137920	1
2	3	20	4	1	-122162175	1
2	3	20	4	2	21651300	1
2	3	20	5	0	-47807820	1
2	3	20	5	1	-27162540	1
2	3	20	6	0	-1071630	1
2	3	21	0	0	4096880	9
2	3	21	0	1	12491000	1
2	3	21	0	2	-9694080	1
2	3	21	1	0	18727920	1
2	3	21	1	1	91573920	1
2	3	21	1	2	26088480	1
2	3	21	2	0	163357140	1
2	3	21	2	1	-41119380	1
2	3	21	2	2	84359880	1
2	3	21	3	0	299000400	1
2	3	21	3	1	-18954000	1
2	3	21	3	2	-91416600	1
2	3	21	4	0	-112405860	1
2	3	21	4	1	477488925	2
2	3	21	4	2	25259850	1
2	3	21	5	0	-136097010	1
2	3	21	5	1	-133917300	1
2	3	21	5	2	-4330260	1
2	3	21	6	0	15209775	2
2	3	21	6	1	42482475	2
2	3	21	7	0	-1454355	1
2	3	22	0	0	776800	27
2	3	22	0	1	7920160	3
2	3	22	0	2	-5230080	1
2	3	22	1	0	20308880	9
2	3	22	1	1	40452800	1
2	3	22	1	2	-14778720	1
2	3	22	2	0	108854240	3
2	3	22	2	1	62342280	1
2	3	22	2	2	62441280	1
2	3	22	3	0	146306000	1
2	3	22	3	1	-118152000	1
2	3	22	3	2	1603800	1
2	3	22	4	0	76888800	1
2	3	22	4	1	131114700	1
2	3	22	4	2	-26462700	1
2	3	22	5	0	-103955670	1
2	3	22	5	1	-68040	1
2	3	22	5	2	7217100	1
2	3	22	6	0	-9251550	1
2	3	22	6	1	-14160825	1
2	3	22	7	0	-484785	1
2	3	23	0	0	197120	243
2	3	23	0	1	9622600	27
2	3	23	0	2	-1580480	1
2	3	23	1	0	4266560	27
2	3	23	1	1	31744240	3
2	3	23	1	2	-14461920	1
2	3	23	2	0	45184480	9
2	3	23	2	1	51173280	1
2	3	23	2	2	3100680	1
2	3	23	3	0	121333300	3
2	3	23	3	1	-16680900	1
2	3	23	3	2	46332000	1
2	3	23	4	0	75299425	1
2	3	23	4	1	-42662025	1
2	3	23	4	2	-25460325	1
2	3	23	5	0	-15746220	1
2	3	23	5	1	81854550	1
2	3	23	5	2	4330260	1
2	3	23	6	0	-27787095	1
2	3	23	6	1	-29458485	1
2	3	23	6	2	-841995	1
2	3	23	7	0	4281525	2
2	3	23	7	1	8015355	2
2	3	23	8	0	-3036285	8
2	3	24	0	1	756400	27
2	3	24	0	2	-302080	1
2	3	24	1	0	394240	81
2	3	24	1	1	15111440	9
2	3	24	1	2	-5639520	1
2	3	24	2	0	10648880	27
2	3	24	2	1	54165760	3
2	3	24	2	2	-14580720	1
2	3	24	3	0	59339500	9
2	3	24	3	1	27905700	1
2	3	24	3	2	19245600	1
2	3	24	4	0	28286500	1
2	3	24	4	1	-42176250	1
2	3	24	4	2	9088200	1
2	3	24	5	0	19561260	1
2	3	24	5	1	20470590	1
2	3	24	5	2	-8500140	1
2	3	24	6	0	-16272060	1
2	3	24	6	1	9321480	1
2	3	24	6	2	1683990	1
2	3	24	7	0	-3316275	2
2	3	24	7	1	-8015355	2
2	3	25	0	1	26440	27
2	3	25	0	2	-36480	1
2	3	25	1	1	1354160	9
2	3	25	1	2	-1281120	1
2	3	25	2	0	1084160	81
2	3	25	2	1	31497400	9
2	3	25	2	2	-8396520	1
2	3	25	3	0	15941200	27
2	3	25	3	1	16656200	1
2	3	25	3	2	-4692600	1
2	3	25	4	0	16941925	3
2	3	25	4	1	228900	1
2	3	25	4	2	14345100	1
2	3	25	5	0	12572670	1
2	3	25	5	1	-18332370	1
2	3	25	5	2	-3956040	1
2	3	25	6	0	116585	2
2	3	25	6	1	34054965	2
2	3	25	6	2	280665	1
2	3	25	7	0	-4085820	1
2	3	25	7	1	-4066200	1
2	3	25	7	2	-120285	1
2	3	25	8	0	738045	2
2	3	25	8	1	4319325	8
2	3	25	9	0	-219915	4
2	3	26	0	2	-2560	1
2	3	26	1	1	52880	9
2	3	26	1	2	-177120	1
2	3	26	2	1	3287680	9
2	3	26	2	2	-2370720	1
2	3	26	3	0	5420800	243
2	3	26	3	1	113735600	27
2	3	26	3	2	-6536200	1
2	3	26	4	0	5300350	9
2	3	26	4	1	8396300	1
2	3	26	4	2	2435400	1
2	3	26	5	0	9847310	3
2	3	26	5	1	-7823250	1
2	3	26	5	2	3742200	1
2	3	26	6	0	9954560	3
2	3	26	6	1	-54915	1
2	3	26	6	2	-1746360	1
2	3	26	7	0	-1514710	1
2	3	26	7	1	2978235	1
2	3	26	7	2	280665	1
2	3	26	8	0	-278325	1
2	3	26	8	1	-1439775	2
2	3	26	9	0	73305	4
2	3	27	0	2	-80	1
2	3	27	1	2	-13920	1
2	3	27	2	1	145420	9
2	3	27	2	2	-384120	1
2	3	27	3	1	14257100	27
2	3	27	3	2	-2486000	1
2	3	27	4	0	677600	27
2	3	27	4	1	19132025	6
2	3	27	4	2	-2571525	1
2	3	27	5	0	3698200	9
2	3	27	5	1	1607870	1
2	3	27	5	2	2577960	1
2	3	27	6	0	3898510	3
2	3	27	6	1	-7849275	2
2	3	27	6	2	-187110	1
2	3	27	7	0	717035	2
2	3	27	7	1	2032740	1
2	3	27	7	2	-53460	1
2	3	27	8	0	-406500	1
2	3	27	8	1	-9222525	32
2	3	27	8	2	-200475	16
2	3	27	9	0	282475	8
2	3	27	9	1	50625	1
2	3	27	10	0	-75735	16
2	3	28	1	2	-480	1
2	3	28	2	2	-34320	1
2	3	28	3	1	727100	27
2	3	28	3	2	-488400	1
2	3	28	4	1	1509475	3
2	3	28	4	2	-1593900	1
2	3	28	5	0	542080	27
2	3	28	5	1	4586450	3
2	3	28	5	2	-209880	1
2	3	28	6	0	613690	3
2	3	28	6	1	-578270	1
2	3	28	6	2	790020	1
2	3	28	7	0	2030545	6
2	3	28	7	1	-597945	1
2	3	28	7	2	-231660	1
2	3	28	8	0	-57200	1
2	3	28	8	1	7593975	16
2	3	28	8	2	66825	2
2	3	28	9	0	-831275	24
2	3	28	9	1	-84375	1
2	3	28	10	0	25245	8
2	3	29	2	2	-1320	1
2	3	29	3	2	-50600	1
2	3	29	4	1	181775	6
2	3	29	4	2	-400950	1
2	3	29	5	1	989450	3
2	3	29	5	2	-615780	1
2	3	29	6	0	948640	81
2	3	29	6	1	3805340	9
2	3	29	6	2	237930	1
2	3	29	7	0	653510	9
2	3	29	7	1	-433730	1
2	3	29	7	2	50490	1
2	3	29	8	0	2476375	48
2	3	29	8	1	3219075	32
2	3	29	8	2	-66825	4
2	3	29	9	0	-3381125	144
2	3	29	9	1	5425	2
2	3	29	9	2	-7425	8
2	3	29	10	0	264955	192
2	3	29	10	1	201015	64
2	3	29	11	0	-3645	16
2	3	30	3	2	-2200	1
2	3	30	4	2	-49500	1
2	3	30	5	1	72710	3
2	3	30	5	2	-219780	1
2	3	30	6	1	1349810	9
2	3	30	6	2	-120120	1
2	3	30	7	0	135520	27
2	3	30	7	1	104225	3
2	3	30	7	2	96030	1
2	3	30	8	0	1294975	72
2	3	30	8	1	-798325	8
2	3	30	8	2	-37125	2
2	3	30	9	0	369325	144
2	3	30	9	1	329975	8
2	3	30	9	2	22275	8
2	3	30	10	0	-20185	8
2	3	30	10	1	-201015	32
2	3	30	11	0	3645	16
2	3	31	4	2	-2475	1
2	3	31	5	2	-33660	1
2	3	31	6	1	254485	18
2	3	31	6	2	-79695	1
2	3	31	7	1	276595	6
2	3	31	7	2	1980	1
2	3	31	8	0	42350	27
2	3	31	8	1	-1715725	96
2	3	31	8	2	91575	8
2	3	31	9	0	318725	108
2	3	31	9	1	-227425	48
2	3	31	9	2	-17325	8
2	3	31	10	0	-8635	18
2	3	31	10	1	75125	32
2	3	31	10	2	-1485	32
2	3	31	11	0	-5615	192
2	3	31	11	1	7425	64
2	3	31	12	0	-1215	256
2	3	32	5	2	-1980	1
2	3	32	6	2	-16170	1
2	3	32	7	1	36355	6
2	3	32	7	2	-17820	1
2	3	32	8	1	418825	48
2	3	32	8	2	12375	2
2	3	32	9	0	84700	243
2	3	32	9	1	-2837725	432
2	3	32	9	2	-5225	8
2	3	32	10	0	123475	432
2	3	32	10	1	38995	24
2	3	32	10	2	2475	16
2	3	32	11	0	-45745	576
2	3	32	11	1	-17325	64
2	3	32	12	0	405	64
2	3	33	6	2	-1155	1
2	3	33	7	2	-5445	1
2	3	33	8	1	181775	96
2	3	33	8	2	-7425	4
2	3	33	9	1	292325	432
2	3	33	9	2	8525	8
2	3	33	10	0	4235	81
2	3	33	10	1	-232375	288
2	3	33	10	2	-5115	32
2	3	33	11	0	5065	432
2	3	33	11	1	17245	96
2	3	33	11	2	-45	32
2	3	33	12	0	-6955	2304
2	3	33	12	1	495	256
2	3	34	7	2	-495	1
2	3	34	8	2	-2475	2
2	3	34	9	1	181775	432
2	3	34	9	2	825	8
2	3	34	10	1	-6325	72
2	3	34	10	2	165	8
2	3	34	11	0	385	81
2	3	34	11	1	-395	72
2	3	34	11	2	165	32
2	3	34	12	0	-365	3456
2	3	34	12	1	-165	32
2	3	35	8	2	-2475	16
2	3	35	9	2	-1375	8
2	3	35	10	1	36355	576
2	3	35	10	2	1485	32
2	3	35	11	1	-14515	576
2	3	35	11	2	-105	16
2	3	35	12	0	385	1944
2	3	35	12	1	65675	13824
2	3	35	12	2	-5	256
2	3	36	9	2	-275	8
2	3	36	10	2	-165	16
2	3	36	11	1	3305	576
2	3	36	11	2	45	16
2	3	36	12	1	-12215	6912
2	3	36	12	2	5	64
2	3	37	10	2	-165	32
2	3	37	11	2	15	32
2	3	37	12	1	3305	13824
2	3	37	12	2	-15	128
2	3	38	11	2	-15	32
2	3	38	12	2	5	64
2	3	39	12	2	-5	256
2	4	12	0	0	-37791360	1
2	4	12	1	0	56687040	1
2	4	13	0	0	-138568320	1
2	4	13	1	0	188956800	1
2	4	14	0	0	-230947200	1
2	4	14	1	0	207852480	1
2	4	14	2	0	103926240	1
2	4	15	0	0	-230947200	1
2	4	15	2	0	311778720	1
2	4	16	0	0	-153964800	1
2	4	16	1	0	-230947200	1
2	4	16	2	0	346420800	1
2	4	16	3	0	86605200	1
2	4	17	0	0	-71850240	1
2	4	17	1	0	-277136640	1
2	4	17	2	0	115473600	1
2	4	17	3	0	230947200	1
2	4	18	0	0	-23950080	1
2	4	18	1	0	-179625600	1
2	4	18	2	0	-115473600	1
2	4	18	3	0	230947200	1
2	4	18	4	0	43302600	1
2	4	19	0	0	-5702400	1
2	4	19	1	0	-75271680	1
2	4	19	2	0	-161663040	1
2	4	19	3	0	76982400	1
2	4	19	4	0	101039400	1
2	4	20	0	0	-950400	1
2	4	20	1	0	-21384000	1
2	4	20	2	0	-95800320	1
2	4	20	3	0	-44906400	1
2	4	20	4	0	86605200	1
2	4	20	5	0	14434200	1
2	4	21	0	0	-105600	1
2	4	21	1	0	-4118400	1
2	4	21	2	0	-34214400	1
2	4	21	3	0	-59875200	1
2	4	21	4	0	22453200	1
2	4	21	5	0	28868400	1
2	4	22	0	0	-7040	1
2	4	22	1	0	-517440	1
2	4	22	2	0	-7840800	1
2	4	22	3	0	-29937600	1
2	4	22	4	0	-14968800	1
2	4	22	5	0	20207880	1
2	4	22	6	0	3367980	1
2	4	23	0	0	-640	3
2	4	23	1	0	-38400	1
2	4	23	2	0	-1135200	1
2	4	23	3	0	-8553600	1
2	4	23	4	0	-14968800	1
2	4	23	5	0	2993760	1
2	4	23	6	0	5613300	1
2	4	24	1	0	-1280	1
2	4	24	2	0	-95040	1
2	4	24	3	0	-1465200	1
2	4	24	4	0	-5821200	1
2	4	24	5	0	-3742200	1
2	4	24	6	0	2993760	1
2	4	24	7	0	561330	1
2	4	25	2	0	-3520	1
2	4	25	3	0	-140800	1
2	4	25	4	0	-1227600	1
2	4	25	5	0	-2494800	1
2	4	25	7	0	748440	1
2	4	26	3	0	-17600	3
2	4	26	4	0	-138600	1
2	4	26	5	0	-693000	1
2	4	26	6	0	-623700	1
2	4	26	7	0	267300	1
2	4	26	8	0	66825	1
2	4	27	4	0	-6600	1
2	4	27	5	0	-95040	1
2	4	27	6	0	-263340	1
2	4	27	7	0	-59400	1
2	4	27	8	0	66825	1
2	4	28	5	0	-5280	1
2	4	28	6	0	-46200	1
2	4	28	7	0	-64350	1
2	4	28	8	0	22275	2
2	4	28	9	0	22275	4
2	4	29	6	0	-3080	1
2	4	29	7	0	-15840	1
2	4	29	8	0	-17325	2
2	4	29	9	0	7425	2
2	4	30	7	0	-1320	1
2	4	30	8	0	-7425	2
2	4	30	9	0	-825	4
2	4	30	10	0	2475	8
2	4	31	8	0	-825	2
2	4	31	9	0	-550	1
2	4	31	10	0	825	8
2	4	32	9	0	-275	3
2	4	32	10	0	-165	4
2	4	32	11	0	165	16
2	4	33	10	0	-55	4
2	4	34	11	0	-5	4
2	4	34	12	0	5	32
2	4	35	12	0	-5	96
3	0	2	0	0	860934420	1
3	0	3	0	0	1434890700	1
3	0	4	0	0	9948575520	1
3	0	4	0	1	4304672100	1
3	0	4	1	0	860934420	1
3	0	5	0	0	-3061100160	1
3	0	5	0	1	2774122020	1
3	0	5	1	0	-191318760	1
3	0	6	0	0	12467605860	1
3	0	6	0	1	18717352020	1
3	0	6	0	2	5261265900	1
3	0	6	1	0	14827203900	1
3	0	6	1	1	6170030010	1
3	0	6	2	0	1004423490	1
3	0	7	0	0	23557008060	1
3	0	7	0	1	-19673945820	1
3	0	7	0	2	-2136392820	1
3	0	7	1	0	-1828157040	1
3	0	7	1	1	7557091020	1
3	0	7	2	0	366694290	1
3	0	8	0	0	-15709395960	1
3	0	8	0	1	-18905127840	1
3	0	8	0	2	2561545620	1
3	0	8	0	3	191318760	1
3	0	8	1	0	21062778300	1
3	0	8	1	1	32965285230	1
3	0	8	1	2	11303750070	1
3	0	8	2	0	13376369970	1
3	0	8	2	1	4806883845	1
3	0	8	3	0	542069820	1
3	0	9	0	0	-24001450200	1
3	0	9	0	1	17435988720	1
3	0	9	0	2	-29098166220	1
3	0	9	0	3	-531441000	1
3	0	9	1	0	23744783880	1
3	0	9	1	1	-38440899000	1
3	0	9	1	2	-11404723860	1
3	0	9	2	0	-1762612650	1
3	0	9	2	1	7883927235	1
3	0	9	3	0	701502120	1
3	0	10	0	0	22712213700	1
3	0	10	0	1	-10040691960	1
3	0	10	0	2	-8481798360	1
3	0	10	0	3	-807790320	1
3	0	10	1	0	-31184564220	1
3	0	10	1	1	-32282088300	1
3	0	10	1	2	12508349670	1
3	0	10	1	3	255091680	1
3	0	10	2	0	15210431910	1
3	0	10	2	1	27130063050	1
3	0	10	2	2	10976913855	1
3	0	10	3	0	7027421490	1
3	0	10	3	1	5699704725	2
3	0	10	4	0	470325285	2
3	0	11	0	0	43755702660	1
3	0	11	0	1	-29439207000	1
3	0	11	0	2	59714285400	1
3	0	11	0	3	3400041420	1
3	0	11	0	4	-42515280	1
3	0	11	1	0	-15841403280	1
3	0	11	1	1	22979508840	1
3	0	11	1	2	-61155868320	1
3	0	11	1	3	-864477360	1
3	0	11	2	0	12133191690	1
3	0	11	2	1	-36978255270	1
3	0	11	2	2	-16528700835	1
3	0	11	3	0	-1849414680	1
3	0	11	3	1	3502196190	1
3	0	11	4	0	331264890	1
3	0	12	0	0	12831872580	1
3	0	12	0	1	11387665260	1
3	0	12	0	2	12206609280	1
3	0	12	0	3	-452709000	1
3	0	12	0	4	198404640	1
3	0	12	1	0	56389979790	1
3	0	12	1	1	-17210421540	1
3	0	12	1	2	330674400	1
3	0	12	1	3	-1188065880	1
3	0	12	1	4	-42515280	1
3	0	12	2	0	-22829918040	1
3	0	12	2	1	-30610411110	1
3	0	12	2	2	19290127320	1
3	0	12	2	3	143489070	1
3	0	12	3	0	7716818565	1
3	0	12	3	1	14874147855	1
3	0	12	3	2	13063705515	2
3	0	12	4	0	9544385115	4
3	0	12	4	1	4790940615	4
3	0	12	5	0	624443175	8
3	0	13	0	0	-22447994940	1
3	0	13	0	1	37098912060	1
3	0	13	0	2	-51100042320	1
3	0	13	0	3	-5603750100	1
3	0	13	0	4	-264539520	1
3	0	13	1	0	61036472700	1
3	0	13	1	1	-34813715760	1
3	0	13	1	2	120018273480	1
3	0	13	1	3	6557588280	1
3	0	13	1	4	113374080	1
3	0	13	2	0	461019600	1
3	0	13	2	1	22575810510	1
3	0	13	2	2	-61524334080	1
3	0	13	2	3	-536755410	1
3	0	13	3	0	4957491600	1
3	0	13	3	1	-24087268080	1
3	0	13	3	2	-12970703340	1
3	0	13	4	0	-4741536285	4
3	0	13	4	1	2169165015	4
3	0	13	5	0	237672225	4
3	0	14	0	0	-30497805720	1
3	0	14	0	1	12335929020	1
3	0	14	0	2	-11851250940	1
3	0	14	0	3	1489959360	1
3	0	14	0	4	-97627680	1
3	0	14	1	0	-724827690	1
3	0	14	1	1	30106088910	1
3	0	14	1	2	-14649750720	1
3	0	14	1	3	-2929617720	1
3	0	14	1	4	155889360	1
3	0	14	2	0	46112833035	1
3	0	14	2	1	-6897776130	1
3	0	14	2	2	18761048280	1
3	0	14	2	3	-1174878270	1
3	0	14	2	4	-77944680	1
3	0	14	3	0	-9918394920	1
3	0	14	3	1	-17114335695	1
3	0	14	3	2	16691380830	1
3	0	14	3	3	77354190	1
3	0	14	4	0	10884469365	4
3	0	14	4	1	25766916885	4
3	0	14	4	2	10505112345	4
3	0	14	5	0	5196213585	8
3	0	14	5	1	2286082035	8
3	0	14	6	0	136698435	16
3	0	15	0	0	-20144446200	1
3	0	15	0	1	-15697422540	1
3	0	15	0	2	25545749220	1
3	0	15	0	3	5500217520	1
3	0	15	0	4	439324560	1
3	0	15	1	0	-46100184480	1
3	0	15	1	1	55437723540	1
3	0	15	1	2	-98977438080	1
3	0	15	1	3	-9882440640	1
3	0	15	1	4	-746379360	1
3	0	15	2	0	33764732145	1
3	0	15	2	1	-24195021570	1
3	0	15	2	2	104357691360	1
3	0	15	2	3	6222189960	1
3	0	15	2	4	311778720	1
3	0	15	3	0	2855361780	1
3	0	15	3	1	20852629470	1
3	0	15	3	2	-39225988260	1
3	0	15	3	3	-262177560	1
3	0	15	4	0	7213939785	4
3	0	15	4	1	-48407090805	4
3	0	15	4	2	-25960794435	4
3	0	15	5	0	-1211193405	2
3	0	15	5	1	35724645	4
3	0	15	6	0	106583445	16
3	0	16	0	0	-8707576680	1
3	0	16	0	1	-15766604640	1
3	0	16	0	2	6771812220	1
3	0	16	0	3	-746204400	1
3	0	16	0	4	-79781760	1
3	0	16	1	0	-45713609820	1
3	0	16	1	1	5968126170	1
3	0	16	1	2	8747948970	1
3	0	16	1	3	6078460320	1
3	0	16	1	4	437749920	1
3	0	16	2	0	-13378019940	1
3	0	16	2	1	26894534085	1
3	0	16	2	2	-47440520640	1
3	0	16	2	3	-4261697550	1
3	0	16	2	4	-207852480	1
3	0	16	3	0	40787619255	2
3	0	16	3	1	-3132735345	1
3	0	16	3	2	21558068190	1
3	0	16	3	3	-825898680	1
3	0	16	3	4	-64953900	1
3	0	16	4	0	-13885806105	4
3	0	16	4	1	-17239191525	4
3	0	16	4	2	38232554445	4
3	0	16	4	3	58458510	1
3	0	16	5	0	6240484215	8
3	0	16	5	1	16493271435	8
3	0	16	5	2	5856381405	8
3	0	16	6	0	1074724605	8
3	0	16	6	1	349274835	16
3	0	16	7	0	-22733865	32
3	0	17	0	0	-2638262760	1
3	0	17	0	1	-3132361080	1
3	0	17	0	2	-9762601140	1
3	0	17	0	3	-3658063680	1
3	0	17	0	4	-344321280	1
3	0	17	1	0	-25206853680	1
3	0	17	1	1	-31077640440	1
3	0	17	1	2	49670231940	1
3	0	17	1	3	9014755680	1
3	0	17	1	4	781021440	1
3	0	17	2	0	-37091831580	1
3	0	17	2	1	39002434335	1
3	0	17	2	2	-76498868880	1
3	0	17	2	3	-7921598310	1
3	0	17	2	4	-684181080	1
3	0	17	3	0	10596653280	1
3	0	17	3	1	-15557676480	1
3	0	17	3	2	51725932560	1
3	0	17	3	3	4061368350	1
3	0	17	3	4	303118200	1
3	0	17	4	0	3369507255	4
3	0	17	4	1	49250135565	4
3	0	17	4	2	-72897226155	4
3	0	17	4	3	-196239510	1
3	0	17	5	0	2319885765	4
3	0	17	5	1	-9149740965	2
3	0	17	5	2	-8666129655	4
3	0	17	6	0	-1742700015	8
3	0	17	6	1	706127625	16
3	0	17	7	0	5347215	8
3	0	18	0	0	-566237160	1
3	0	18	0	1	3536543760	1
3	0	18	0	2	-3795759000	1
3	0	18	0	3	-381106080	1
3	0	18	0	4	92845440	1
3	0	18	1	0	-9165122700	1
3	0	18	1	1	-20479262760	1
3	0	18	1	2	-2098958670	1
3	0	18	1	3	-4370228640	1
3	0	18	1	4	-748128960	1
3	0	18	2	0	-29284567110	1
3	0	18	2	1	-5005584540	1
3	0	18	2	2	33052158945	1
3	0	18	2	3	7943687010	1
3	0	18	2	4	1004620320	1
3	0	18	3	0	-9969212700	1
3	0	18	3	1	32672233305	2
3	0	18	3	2	-42656487300	1
3	0	18	3	3	-3577822650	1
3	0	18	3	4	-389723400	1
3	0	18	4	0	6308028495	1
3	0	18	4	1	-18952531065	4
3	0	18	4	2	52243059645	4
3	0	18	4	3	-293932800	1
3	0	18	4	4	-32476950	1
3	0	18	5	0	-9737730495	8
3	0	18	5	1	4953019185	8
3	0	18	5	2	30001845555	8
3	0	18	5	3	34838910	1
3	0	18	6	0	3993990525	16
3	0	18	6	1	774558855	2
3	0	18	6	2	2244682125	16
3	0	18	7	0	238612635	16
3	0	18	7	1	-185709105	32
3	0	18	8	0	492075	8
3	0	19	0	0	-252723160	3
3	0	19	0	1	3242788320	1
3	0	19	0	2	2635977000	1
3	0	19	0	3	1509005160	1
3	0	19	0	4	182619360	1
3	0	19	1	0	-2281183040	1
3	0	19	1	1	430030320	1
3	0	19	1	2	-19252649520	1
3	0	19	1	3	-5987999520	1
3	0	19	1	4	-455829120	1
3	0	19	2	0	-13461077970	1
3	0	19	2	1	-25590331080	1
3	0	19	2	2	35895283515	1
3	0	19	2	3	6010029090	1
3	0	19	2	4	300231360	1
3	0	19	3	0	-16584126840	1
3	0	19	3	1	17496166860	1
3	0	19	3	2	-29622905280	1
3	0	19	3	3	-3752520210	1
3	0	19	3	4	-230947200	1
3	0	19	4	0	2343918870	1
3	0	19	4	1	-26458905555	4
3	0	19	4	2	64705372965	4
3	0	19	4	3	7697966625	4
3	0	19	4	4	167797575	1
3	0	19	5	0	143442900	1
3	0	19	5	1	15642900225	4
3	0	19	5	2	-13103982765	2
3	0	19	5	3	-131679270	1
3	0	19	6	0	1554603435	16
3	0	19	6	1	-4627374885	4
3	0	19	6	2	-7733264805	16
3	0	19	7	0	-338398155	8
3	0	19	7	1	27785835	1
3	0	19	8	0	-10880325	16
3	0	20	0	0	-24632720	3
3	0	20	0	1	4150514440	3
3	0	20	0	2	2024483080	1
3	0	20	0	3	586832880	1
3	0	20	0	4	-31993920	1
3	0	20	1	0	-384547320	1
3	0	20	1	1	6819606360	1
3	0	20	1	2	-1756214820	1
3	0	20	1	3	1137247920	1
3	0	20	1	4	514732320	1
3	0	20	2	0	-4005826700	1
3	0	20	2	1	-10430185350	1
3	0	20	2	2	-13243243680	1
3	0	20	2	3	-5913914490	1
3	0	20	2	4	-1059791040	1
3	0	20	3	0	-10675919445	1
3	0	20	3	1	-7251365160	1
3	0	20	3	2	55791567585	2
3	0	20	3	3	5743822590	1
3	0	20	3	4	837183600	1
3	0	20	4	0	-3878401635	1
3	0	20	4	1	16637573745	2
3	0	20	4	2	-84182770665	4
3	0	20	4	3	-4267948725	2
3	0	20	4	4	-281466900	1
3	0	20	5	0	3286670985	2
3	0	20	5	1	-26189802495	8
3	0	20	5	2	43543064295	8
3	0	20	5	3	5194125	1
3	0	20	5	4	-10825650	1
3	0	20	6	0	-372884715	1
3	0	20	6	1	12140725905	16
3	0	20	6	2	8011480365	8
3	0	20	6	3	53504955	4
3	0	20	7	0	2135682045	32
3	0	20	7	1	78721065	4
3	0	20	7	2	569483865	32
3	0	20	8	0	3131055	4
3	0	20	8	1	-28376325	16
3	0	20	9	0	2263545	32
3	0	21	0	0	-1394560	3
3	0	21	0	1	1099724840	3
3	0	21	0	2	361150600	3
3	0	21	0	3	-264746360	1
3	0	21	0	4	-69442560	1
3	0	21	1	0	-125175760	3
3	0	21	1	1	4188258320	1
3	0	21	1	2	5721429200	1
3	0	21	1	3	2685939600	1
3	0	21	1	4	220700160	1
3	0	21	2	0	-780669640	1
3	0	21	2	1	3644899650	1
3	0	21	2	2	-13690858560	1
3	0	21	2	3	-3750757650	1
3	0	21	2	4	11547360	1
3	0	21	3	0	-3987781700	1
3	0	21	3	1	-11877227100	1
3	0	21	3	2	11520325080	1
3	0	21	3	3	1804458870	1
3	0	21	3	4	-224532000	1
3	0	21	4	0	-4743931140	1
3	0	21	4	1	4774962825	1
3	0	21	4	2	-19936820385	4
3	0	21	4	3	-3871814985	4
3	0	21	4	4	40896900	1
3	0	21	5	0	370742400	1
3	0	21	5	1	-1113223095	1
3	0	21	5	2	12433268745	4
3	0	21	5	3	620244135	1
3	0	21	5	4	60623640	1
3	0	21	6	0	163939545	2
3	0	21	6	1	8094370095	16
3	0	21	6	2	-14380330545	8
3	0	21	6	3	-227262105	4
3	0	21	7	0	-22541895	2
3	0	21	7	1	-1323933255	8
3	0	21	7	2	-559088325	8
3	0	21	8	0	-54890055	16
3	0	21	8	1	53001945	8
3	0	21	9	0	-8401725	32
3	0	22	0	0	-100960	9
3	0	22	0	1	573147160	9
3	0	22	0	2	-3291509000	9
3	0	22	0	3	-241020480	1
3	0	22	0	4	-868800	1
3	0	22	1	0	-2589520	1
3	0	22	1	1	1367880140	1
3	0	22	1	2	2224401260	1
3	0	22	1	3	327163120	1
3	0	22	1	4	-197984160	1
3	0	22	2	0	-286909480	3
3	0	22	2	1	4983526600	1
3	0	22	2	2	2552106410	1
3	0	22	2	3	2233464030	1
3	0	22	2	4	604953360	1
3	0	22	3	0	-2773228250	3
3	0	22	3	1	-2111353155	1
3	0	22	3	2	-10945285860	1
3	0	22	3	3	-3964281750	1
3	0	22	3	4	-628689600	1
3	0	22	4	0	-4875448875	2
3	0	22	4	1	-4189476645	1
3	0	22	4	2	24183701145	2
3	0	22	4	3	2676897315	1
3	0	22	4	4	364864500	1
3	0	22	5	0	-2022752115	2
3	0	22	5	1	5989994145	2
3	0	22	5	2	-53811285255	8
3	0	22	5	3	-906828615	1
3	0	22	5	4	-120525570	1
3	0	22	6	0	1419130125	4
3	0	22	6	1	-2120032845	2
3	0	22	6	2	27118201005	16
3	0	22	6	3	197103375	4
3	0	22	6	4	-2525985	1
3	0	22	7	0	-73842840	1
3	0	22	7	1	7036880265	32
3	0	22	7	2	2848024395	16
3	0	22	7	3	13417245	4
3	0	22	8	0	324024705	32
3	0	22	8	1	-115222095	16
3	0	22	8	2	10800135	8
3	0	22	9	0	3072735	16
3	0	22	9	1	-7140555	32
3	0	22	10	0	76545	8
3	0	23	0	1	64231840	9
3	0	23	0	2	-1735480840	9
3	0	23	0	3	-328799120	9
3	0	23	0	4	16858400	1
3	0	23	1	0	-201920	3
3	0	23	1	1	830039480	3
3	0	23	1	2	-1299326320	3
3	0	23	1	3	-635103680	1
3	0	23	1	4	-93902400	1
3	0	23	2	0	-6572280	1
3	0	23	2	1	2172839640	1
3	0	23	2	2	4361661910	1
3	0	23	2	3	1788416890	1
3	0	23	2	4	-20211840	1
3	0	23	3	0	-390780500	3
3	0	23	3	1	7956199400	3
3	0	23	3	2	-4241197040	1
3	0	23	3	3	-928015050	1
3	0	23	3	4	296524800	1
3	0	23	4	0	-1404779625	2
3	0	23	4	1	-6521024745	2
3	0	23	4	2	1379586195	2
3	0	23	4	3	-331671375	4
3	0	23	4	4	-269438400	1
3	0	23	5	0	-913232460	1
3	0	23	5	1	465995925	1
3	0	23	5	2	581389380	1
3	0	23	5	3	-487620	1
3	0	23	5	4	68482260	1
3	0	23	6	0	62622315	4
3	0	23	6	1	181588365	1
3	0	23	6	2	3200604435	16
3	0	23	6	3	119784420	1
3	0	23	6	4	15155910	1
3	0	23	7	0	74031435	2
3	0	23	7	1	-97625655	2
3	0	23	7	2	-2865809565	8
3	0	23	7	3	-15728175	1
3	0	23	8	0	-239158575	32
3	0	23	8	1	-111861405	16
3	0	23	8	2	-47607345	8
3	0	23	9	0	-254745	8
3	0	23	9	1	26928045	32
3	0	23	10	0	-1145745	32
3	0	24	0	1	4262680	9
3	0	24	0	2	-148728200	3
3	0	24	0	3	77266840	3
3	0	24	0	4	3804800	1
3	0	24	1	1	105147500	3
3	0	24	1	2	-1695788420	3
3	0	24	1	3	-836613280	3
3	0	24	1	4	39417600	1
3	0	24	2	0	-555280	3
3	0	24	2	1	1586622070	3
3	0	24	2	2	1966483900	3
3	0	24	2	3	-264544250	1
3	0	24	2	4	-223185600	1
3	0	24	3	0	-30116900	3
3	0	24	3	1	5634621250	3
3	0	24	3	2	8051299985	3
3	0	24	3	3	1561690470	1
3	0	24	3	4	286486200	1
3	0	24	4	0	-116818625	1
3	0	24	4	1	435337125	2
3	0	24	4	2	-4307253450	1
3	0	24	4	3	-3115564875	2
3	0	24	4	4	-167775300	1
3	0	24	5	0	-353596695	1
3	0	24	5	1	-2703601395	2
3	0	24	5	2	3107601900	1
3	0	24	5	3	815569965	1
3	0	24	5	4	85883490	1
3	0	24	6	0	-374012205	2
3	0	24	6	1	1268917335	2
3	0	24	6	2	-2919336525	2
3	0	24	6	3	-261690345	1
3	0	24	6	4	-34241130	1
3	0	24	7	0	420226695	8
3	0	24	7	1	-330761205	2
3	0	24	7	2	12482071245	32
3	0	24	7	3	21741210	1
3	0	24	7	4	-841995	2
3	0	24	8	0	-237038265	32
3	0	24	8	1	932414085	32
3	0	24	8	2	160927965	8
3	0	24	8	3	17966205	32
3	0	24	9	0	43434765	64
3	0	24	9	1	-13705605	8
3	0	24	9	2	1286685	32
3	0	24	10	0	3243645	64
3	0	24	10	1	-1133595	64
3	0	24	11	0	47385	64
3	0	25	0	1	14320	1
3	0	25	0	2	-66104200	9
3	0	25	0	3	46708760	3
3	0	25	0	4	-1811200	1
3	0	25	1	1	7752080	3
3	0	25	1	2	-193398760	1
3	0	25	1	3	16105440	1
3	0	25	1	4	27667200	1
3	0	25	2	1	231415690	3
3	0	25	2	2	-1740302380	3
3	0	25	2	3	-1498819910	3
3	0	25	2	4	-14797200	1
3	0	25	3	0	-2776400	9
3	0	25	3	1	5226056000	9
3	0	25	3	2	13903624700	9
3	0	25	3	3	518054170	1
3	0	25	3	4	-134732400	1
3	0	25	4	0	-10264650	1
3	0	25	4	1	914986425	1
3	0	25	4	2	-264414885	1
3	0	25	4	3	491135775	4
3	0	25	4	4	204603300	1
3	0	25	5	0	-72116990	1
3	0	25	5	1	-472232730	1
3	0	25	5	2	-741816735	1
3	0	25	5	3	-287106795	1
3	0	25	5	4	-121247280	1
3	0	25	6	0	-116541320	1
3	0	25	6	1	-125204310	1
3	0	25	6	2	1079424045	2
3	0	25	6	3	191796255	2
3	0	25	6	4	30031155	1
3	0	25	7	0	-18051375	2
3	0	25	7	1	110318670	1
3	0	25	7	2	-164601045	2
3	0	25	7	3	33567615	4
3	0	25	7	4	2686365	1
3	0	25	8	0	248531355	32
3	0	25	8	1	-814465935	32
3	0	25	8	2	-392903055	8
3	0	25	8	3	-91711845	32
3	0	25	9	0	-18349605	16
3	0	25	9	1	49615335	32
3	0	25	9	2	-6290055	32
3	0	25	10	0	-573615	64
3	0	25	10	1	4363065	64
3	0	25	11	0	-91125	32
3	0	26	0	2	-5432120	9
3	0	26	0	3	36303760	9
3	0	26	0	4	-945280	1
3	0	26	1	1	85920	1
3	0	26	1	2	-102963020	3
3	0	26	1	3	45491840	1
3	0	26	1	4	-1060800	1
3	0	26	2	1	19191700	3
3	0	26	2	2	-316907690	1
3	0	26	2	3	-95547850	1
3	0	26	2	4	51136800	1
3	0	26	3	1	900276575	9
3	0	26	3	2	-1088337350	9
3	0	26	3	3	-2818803310	9
3	0	26	3	4	-96654800	1
3	0	26	4	0	-347050	1
3	0	26	4	1	399523300	1
3	0	26	4	2	2136071075	2
3	0	26	4	3	567414330	1
3	0	26	4	4	45203400	1
3	0	26	5	0	-7388370	1
3	0	26	5	1	417757185	2
3	0	26	5	2	-919450155	1
3	0	26	5	3	-358765275	1
3	0	26	5	4	-3222450	1
3	0	26	6	0	-31045245	1
3	0	26	6	1	-244954465	1
3	0	26	6	2	924179445	2
3	0	26	6	3	300632535	2
3	0	26	6	4	7141365	1
3	0	26	7	0	-93239235	4
3	0	26	7	1	127928565	2
3	0	26	7	2	-410098545	2
3	0	26	7	3	-48457575	1
3	0	26	7	4	-6735960	1
3	0	26	8	0	137186925	32
3	0	26	8	1	-62670825	8
3	0	26	8	2	63236565	1
3	0	26	8	3	80748495	16
3	0	26	8	4	-200475	4
3	0	26	9	0	-11514855	64
3	0	26	9	1	19471275	16
3	0	26	9	2	10328715	8
3	0	26	9	3	125145	2
3	0	26	10	0	961785	128
3	0	26	10	1	-5771925	32
3	0	26	10	2	-65205	32
3	0	26	11	0	391365	64
3	0	26	11	1	-66825	64
3	0	26	12	0	5265	128
3	0	27	0	2	-21480	1
3	0	27	0	3	1749380	3
3	0	27	0	4	-73360	1
3	0	27	1	2	-9704320	3
3	0	27	1	3	47840240	3
3	0	27	1	4	-4030080	1
3	0	27	2	1	236280	1
3	0	27	2	2	-212292850	3
3	0	27	2	3	45052710	1
3	0	27	2	4	11457600	1
3	0	27	3	1	85325900	9
3	0	27	3	2	-818095300	3
3	0	27	3	3	-535252450	3
3	0	27	3	4	28124800	1
3	0	27	4	1	168843125	2
3	0	27	4	2	470615425	2
3	0	27	4	3	71788555	4
3	0	27	4	4	-78086250	1
3	0	27	5	0	-277640	1
3	0	27	5	1	174780815	1
3	0	27	5	2	211341740	1
3	0	27	5	3	150145530	1
3	0	27	5	4	65262780	1
3	0	27	6	0	-3829595	1
3	0	27	6	1	-29664145	2
3	0	27	6	2	-567507395	2
3	0	27	6	3	-455599095	4
3	0	27	6	4	-30145500	1
3	0	27	7	0	-18382595	2
3	0	27	7	1	-45266790	1
3	0	27	7	2	285776535	2
3	0	27	7	3	140522265	4
3	0	27	7	4	7609140	1
3	0	27	8	0	-66802875	32
3	0	27	8	1	73291365	4
3	0	27	8	2	-475441155	16
3	0	27	8	3	-117083475	64
3	0	27	8	4	5412825	16
3	0	27	9	0	1582125	2
3	0	27	9	1	-26123655	8
3	0	27	9	2	-69641595	16
3	0	27	9	3	-5508135	16
3	0	27	10	0	-8928285	128
3	0	27	10	1	9051525	32
3	0	27	10	2	354375	32
3	0	27	11	0	-18045	4
3	0	27	11	1	65205	16
3	0	27	12	0	-38475	256
3	0	28	0	3	137800	3
3	0	28	0	4	46880	1
3	0	28	1	2	-128880	1
3	0	28	1	3	2756840	1
3	0	28	1	4	-874320	1
3	0	28	2	2	-23497100	3
3	0	28	2	3	79712380	3
3	0	28	2	4	-5332800	1
3	0	28	3	1	393800	1
3	0	28	3	2	-755033675	9
3	0	28	3	3	12938350	3
3	0	28	3	4	23254000	1
3	0	28	4	1	18673325	2
3	0	28	4	2	-117021300	1
3	0	28	4	3	-249532875	2
3	0	28	4	4	-12642300	1
3	0	28	5	1	96473245	2
3	0	28	5	2	428058755	2
3	0	28	5	3	109559135	1
3	0	28	5	4	-11316690	1
3	0	28	6	0	-485870	3
3	0	28	6	1	549659495	12
3	0	28	6	2	-551418875	6
3	0	28	6	3	-154380765	4
3	0	28	6	4	11032560	1
3	0	28	7	0	-2870835	2
3	0	28	7	1	-44349495	2
3	0	28	7	2	103398495	4
3	0	28	7	3	48221085	4
3	0	28	7	4	-3618945	2
3	0	28	8	0	-28439125	16
3	0	28	8	1	4044525	32
3	0	28	8	2	-467546865	32
3	0	28	8	3	-164307825	32
3	0	28	8	4	-7417575	8
3	0	28	9	0	11678375	96
3	0	28	9	1	2144415	2
3	0	28	9	2	436566345	64
3	0	28	9	3	22822425	32
3	0	28	9	4	-66825	16
3	0	28	10	0	1287965	64
3	0	28	10	1	-17145345	128
3	0	28	10	2	1915335	64
3	0	28	10	3	573075	128
3	0	28	11	0	224055	256
3	0	28	11	1	-716985	64
3	0	28	11	2	-6615	32
3	0	28	12	0	44415	128
3	0	28	12	1	-4455	128
3	0	29	0	3	13900	9
3	0	29	0	4	14720	1
3	0	29	1	3	247800	1
3	0	29	1	4	82560	1
3	0	29	2	2	-354420	1
3	0	29	2	3	5770380	1
3	0	29	2	4	-2434080	1
3	0	29	3	2	-101536600	9
3	0	29	3	3	210308450	9
3	0	29	3	4	-1047200	1
3	0	29	4	1	443025	1
3	0	29	4	2	-62056225	1
3	0	29	4	3	-107920275	4
3	0	29	4	4	17117100	1
3	0	29	5	1	6406070	1
3	0	29	5	2	-5572875	1
3	0	29	5	3	-30538095	1
3	0	29	5	4	-19843560	1
3	0	29	6	1	224880425	12
3	0	29	6	2	414381485	6
3	0	29	6	3	528751265	12
3	0	29	6	4	10347645	1
3	0	29	7	0	-69410	1
3	0	29	7	1	10637605	2
3	0	29	7	2	-49064665	1
3	0	29	7	3	-45341805	2
3	0	29	7	4	-4204035	1
3	0	29	8	0	-1536975	4
3	0	29	8	1	-175010625	32
3	0	29	8	2	657947445	32
3	0	29	8	3	407707365	64
3	0	29	8	4	2502225	2
3	0	29	9	0	-9315625	48
3	0	29	9	1	57263075	48
3	0	29	9	2	-9522875	2
3	0	29	9	3	-18089925	32
3	0	29	9	4	29700	1
3	0	29	10	0	1265265	32
3	0	29	10	1	-18256905	128
3	0	29	10	2	-14462325	64
3	0	29	10	3	-3372885	128
3	0	29	11	0	-126265	64
3	0	29	11	1	1325865	64
3	0	29	11	2	19755	16
3	0	29	12	0	-102675	256
3	0	29	12	1	18225	128
3	0	30	0	4	1760	1
3	0	30	1	3	27800	3
3	0	30	1	4	60240	1
3	0	30	2	3	605000	1
3	0	30	2	4	-117480	1
3	0	30	3	2	-590700	1
3	0	30	3	3	20944000	3
3	0	30	3	4	-3027200	1
3	0	30	4	2	-21396925	2
3	0	30	4	3	10340275	1
3	0	30	4	4	3811500	1
3	0	30	5	1	354420	1
3	0	30	5	2	-57142525	2
3	0	30	5	3	-23866605	1
3	0	30	5	4	3527370	1
3	0	30	6	1	18699835	6
3	0	30	6	2	77135135	4
3	0	30	6	3	31357235	4
3	0	30	6	4	-6409095	1
3	0	30	7	1	38409415	8
3	0	30	7	2	2039740	1
3	0	30	7	3	6937085	4
3	0	30	7	4	3374415	1
3	0	30	8	0	-173525	8
3	0	30	8	1	-16328125	32
3	0	30	8	2	-112467475	32
3	0	30	8	3	-7705245	8
3	0	30	8	4	-5487075	8
3	0	30	9	0	-3412475	48
3	0	30	9	1	-98997575	192
3	0	30	9	2	63369515	192
3	0	30	9	3	-5720975	32
3	0	30	9	4	-1408275	16
3	0	30	10	0	-511885	96
3	0	30	10	1	4831805	32
3	0	30	10	2	58207175	128
3	0	30	10	3	7907385	128
3	0	30	10	4	-7425	32
3	0	30	11	0	152885	128
3	0	30	11	1	-4840245	256
3	0	30	11	2	-71535	64
3	0	30	11	3	23895	128
3	0	30	12	0	132475	512
3	0	30	12	1	-46395	128
3	0	30	12	2	-315	64
3	0	31	0	4	80	1
3	0	31	1	4	9120	1
3	0	31	2	3	76450	3
3	0	31	2	4	100320	1
3	0	31	3	3	2642750	3
3	0	31	3	4	-492800	1
3	0	31	4	2	-1329075	2
3	0	31	4	3	21274275	4
3	0	31	4	4	-1801800	1
3	0	31	5	2	-6963880	1
3	0	31	5	3	548240	1
3	0	31	5	4	3922380	1
3	0	31	6	1	206745	1
3	0	31	6	2	-85975505	12
3	0	31	6	3	-17405395	2
3	0	31	6	4	-2012010	1
3	0	31	7	1	2139775	2
3	0	31	7	2	9157335	1
3	0	31	7	3	12355875	2
3	0	31	7	4	411840	1
3	0	31	8	1	11841775	16
3	0	31	8	2	-132307775	32
3	0	31	8	3	-74012215	32
3	0	31	8	4	-3754575	16
3	0	31	9	0	-173525	36
3	0	31	9	1	-72329675	288
3	0	31	9	2	222687425	144
3	0	31	9	3	2476185	4
3	0	31	9	4	1089825	8
3	0	31	10	0	-272635	32
3	0	31	10	1	5905	4
3	0	31	10	2	-53951095	128
3	0	31	10	3	-2172095	32
3	0	31	10	4	3465	2
3	0	31	11	0	211015	192
3	0	31	11	1	138025	32
3	0	31	11	2	-44335	8
3	0	31	11	3	-37395	32
3	0	31	12	0	-244985	1536
3	0	31	12	1	342045	512
3	0	31	12	2	4155	128
3	0	32	1	4	480	1
3	0	32	2	4	21120	1
3	0	32	3	3	382250	9
3	0	32	3	4	78100	1
3	0	32	4	3	1695375	2
3	0	32	4	4	-643500	1
3	0	32	5	2	-531630	1
3	0	32	5	3	2570535	1
3	0	32	5	4	-256410	1
3	0	32	6	2	-18791465	6
3	0	32	6	3	-11106095	6
3	0	32	6	4	1508430	1
3	0	32	7	1	88605	1
3	0	32	7	2	-1555675	8
3	0	32	7	3	-1798755	2
3	0	32	7	4	-2361645	2
3	0	32	8	1	8040725	32
3	0	32	8	2	48738525	32
3	0	32	8	3	32477475	32
3	0	32	8	4	1918125	4
3	0	32	9	1	29319125	576
3	0	32	9	2	-441587675	576
3	0	32	9	3	-46155235	144
3	0	32	9	4	-427625	4
3	0	32	10	0	-34705	48
3	0	32	10	1	-12098185	384
3	0	32	10	2	30463615	192
3	0	32	10	3	2822455	128
3	0	32	10	4	-44055	8
3	0	32	11	0	-37095	64
3	0	32	11	1	541005	128
3	0	32	11	2	4218305	256
3	0	32	11	3	96985	32
3	0	32	11	4	-495	64
3	0	32	12	0	67355	768
3	0	32	12	1	-1164295	1536
3	0	32	12	2	-7475	128
3	0	32	12	3	885	256
3	0	33	2	4	1320	1
3	0	33	3	4	28600	1
3	0	33	4	3	191125	4
3	0	33	4	4	9900	1
3	0	33	5	3	563475	1
3	0	33	5	4	-443520	1
3	0	33	6	2	-620235	2
3	0	33	6	3	717640	1
3	0	33	6	4	313005	1
3	0	33	7	2	-943525	1
3	0	33	7	3	-3924085	4
3	0	33	7	4	107415	1
3	0	33	8	1	443025	16
3	0	33	8	2	14854675	32
3	0	33	8	3	338850	1
3	0	33	8	4	-254925	2
3	0	33	9	1	5382575	144
3	0	33	9	2	-6649775	96
3	0	33	9	3	-3488125	48
3	0	33	9	4	39875	2
3	0	33	10	1	-419815	384
3	0	33	10	2	6041345	192
3	0	33	10	3	9867125	384
3	0	33	10	4	305085	32
3	0	33	11	0	-3155	48
3	0	33	11	1	-204485	96
3	0	33	11	2	-3775105	192
3	0	33	11	3	-521405	128
3	0	33	11	4	1935	32
3	0	33	12	0	-6155	384
3	0	33	12	1	45385	96
3	0	33	12	2	-21125	768
3	0	33	12	3	-5865	256
3	0	34	3	4	2200	1
3	0	34	4	4	24750	1
3	0	34	5	3	38225	1
3	0	34	5	4	-36630	1
3	0	34	6	3	261800	1
3	0	34	6	4	-165165	1
3	0	34	7	2	-265815	2
3	0	34	7	3	116985	2
3	0	34	7	4	200970	1
3	0	34	8	2	-5448025	32
3	0	34	8	3	-3420725	16
3	0	34	8	4	-180675	2
3	0	34	9	1	49225	8
3	0	34	9	2	78769075	576
3	0	34	9	3	5184475	48
3	0	34	9	4	256025	8
3	0	34	10	1	544885	192
3	0	34	10	2	-6490825	128
3	0	34	10	3	-3580665	128
3	0	34	10	4	-149655	16
3	0	34	11	1	-105775	768
3	0	34	11	2	4579085	384
3	0	34	11	3	1045675	384
3	0	34	11	4	-6555	32
3	0	34	12	0	-3155	1152
3	0	34	12	1	-334835	2304
3	0	34	12	2	1094465	4608
3	0	34	12	3	4145	64
3	0	34	12	4	-15	128
3	0	35	4	4	2475	1
3	0	35	5	4	13860	1
3	0	35	6	3	267575	12
3	0	35	6	4	-36960	1
3	0	35	7	3	334125	4
3	0	35	7	4	-21780	1
3	0	35	8	2	-1329075	32
3	0	35	8	3	-2091375	64
3	0	35	8	4	715275	16
3	0	35	9	2	-91300	9
3	0	35	9	3	-1606825	144
3	0	35	9	4	-87725	4
3	0	35	10	1	29535	32
3	0	35	10	2	5027275	384
3	0	35	10	3	828965	128
3	0	35	10	4	35805	8
3	0	35	11	1	1205	192
3	0	35	11	2	-190885	64
3	0	35	11	3	-40945	128
3	0	35	11	4	390	1
3	0	35	12	1	111185	4608
3	0	35	12	2	-1717745	4608
3	0	35	12	3	-928025	9216
3	0	35	12	4	245	256
3	0	36	5	4	1980	1
3	0	36	6	4	4620	1
3	0	36	7	3	38225	4
3	0	36	7	4	-36135	2
3	0	36	8	3	548625	32
3	0	36	8	4	56925	8
3	0	36	9	2	-147675	16
3	0	36	9	3	-1210825	96
3	0	36	9	4	7975	16
3	0	36	10	2	505285	192
3	0	36	10	3	662695	192
3	0	36	10	4	1155	8
3	0	36	11	1	2685	32
3	0	36	11	2	-474005	768
3	0	36	11	3	-101145	128
3	0	36	11	4	-14385	32
3	0	36	12	1	-47125	4608
3	0	36	12	2	234745	768
3	0	36	12	3	140525	1536
3	0	36	12	4	-55	16
3	0	37	6	4	1155	1
3	0	37	7	4	495	1
3	0	37	8	3	191125	64
3	0	37	8	4	-4950	1
3	0	37	9	3	174625	96
3	0	37	9	4	6875	2
3	0	37	10	2	-88605	64
3	0	37	10	3	-115115	64
3	0	37	10	4	-19965	16
3	0	37	11	2	59215	96
3	0	37	11	3	194155	384
3	0	37	11	4	4935	16
3	0	37	12	1	895	256
3	0	37	12	2	-85375	576
3	0	37	12	3	-140245	3072
3	0	37	12	4	455	64
3	0	38	7	4	495	1
3	0	38	8	4	-2475	8
3	0	38	9	3	191125	288
3	0	38	9	4	-10175	16
3	0	38	10	3	-825	32
3	0	38	10	4	15015	32
3	0	38	11	2	-8055	64
3	0	38	11	3	-2355	32
3	0	38	11	4	-105	1
3	0	38	12	2	190925	4608
3	0	38	12	3	17185	2304
3	0	38	12	4	-595	64
3	0	39	8	4	2475	16
3	0	39	9	4	-1375	8
3	0	39	10	3	38225	384
3	0	39	10	4	165	8
3	0	39	11	3	-3775	128
3	0	39	11	4	-15	4
3	0	39	12	2	-2685	512
3	0	39	12	3	12515	3072
3	0	39	12	4	1015	128
3	0	40	9	4	275	8
3	0	40	10	4	-165	4
3	0	40	11	3	3475	384
3	0	40	11	4	1065	64
3	0	40	12	3	-3625	1536
3	0	40	12	4	-35	8
3	0	41	10	4	165	32
3	0	41	11	4	-165	32
3	0	41	12	3	3475	9216
3	0	41	12	4	95	64
3	0	42	11	4	15	32
3	0	42	12	4	-35	128
3	0	43	12	4	5	256
3	1	3	0	1	430467210	1
3	1	4	0	0	-382637520	1
3	1	4	0	1	-2008846980	1
3	1	5	0	0	255091680	1
3	1	5	0	1	3013270470	1
3	1	5	0	2	1434890700	1
3	1	5	1	0	-95659380	1
3	1	5	1	1	717445350	1
3	1	5	2	0	71744535	1
3	1	6	0	0	-1636838280	1
3	1	6	0	1	-3316191840	1
3	1	6	0	2	-5548244040	1
3	1	6	1	0	-542069820	1
3	1	6	1	1	-3013270470	1
3	1	6	2	0	-286978140	1
3	1	7	0	0	-2019475800	1
3	1	7	0	1	-2285196300	1
3	1	7	0	2	5898995100	1
3	1	7	0	3	860934420	1
3	1	7	1	0	-818419140	1
3	1	7	1	1	3395907990	1
3	1	7	1	2	2439314190	1
3	1	7	2	0	334807830	1
3	1	7	2	1	717445350	1
3	1	7	3	0	47829690	1
3	1	8	0	0	1823433120	1
3	1	8	0	1	1750212360	1
3	1	8	0	2	-3656314080	1
3	1	8	0	3	-3635056440	1
3	1	8	1	0	-2752864380	1
3	1	8	1	1	-6499523430	1
3	1	8	1	2	-9486221850	1
3	1	8	2	0	-924707340	1
3	1	8	2	1	-2821951710	1
3	1	8	3	0	-207261990	1
3	1	9	0	0	4113943830	1
3	1	9	0	1	-442867500	1
3	1	9	0	2	-198404640	1
3	1	9	0	3	4591650240	1
3	1	9	0	4	-79716150	1
3	1	9	1	0	-2058448140	1
3	1	9	1	1	-1631523870	1
3	1	9	1	2	10602247950	1
3	1	9	1	3	1674039150	1
3	1	9	2	0	-1121340510	1
3	1	9	2	1	2527001955	1
3	1	9	2	2	2032761825	1
3	1	9	3	0	239148450	1
3	1	9	3	1	916735725	2
3	1	9	4	0	39858075	1
3	1	10	0	0	2464967700	1
3	1	10	0	1	3831886440	1
3	1	10	0	2	12676639320	1
3	1	10	0	3	1183341960	1
3	1	10	0	4	435781620	1
3	1	10	1	0	3540184380	1
3	1	10	1	1	4586335830	1
3	1	10	1	2	-9124841970	1
3	1	10	1	3	-7604920710	1
3	1	10	2	0	-2014751880	1
3	1	10	2	1	-6143457960	1
3	1	10	2	2	-8019444690	1
3	1	10	3	0	-781218270	1
3	1	10	3	1	-3467652525	2
3	1	10	4	0	-130203045	1
3	1	11	0	0	937107630	1
3	1	11	0	1	6747463620	1
3	1	11	0	2	-6007251600	1
3	1	11	0	3	-7065508095	1
3	1	11	0	4	-809561790	1
3	1	11	0	5	5314410	1
3	1	11	1	0	5673034260	1
3	1	11	1	1	249777270	1
3	1	11	1	2	7109499600	1
3	1	11	1	3	11401180920	1
3	1	11	1	4	-132860250	1
3	1	11	2	0	-1644317820	1
3	1	11	2	1	68201595	1
3	1	11	2	2	9329446755	1
3	1	11	2	3	3010613265	2
3	1	11	3	0	-626509890	1
3	1	11	3	1	1550036250	1
3	1	11	3	2	2197508535	2
3	1	11	4	0	149689215	1
3	1	11	4	1	1607609025	8
3	1	11	5	0	103630995	8
3	1	12	0	0	657091440	1
3	1	12	0	1	-1223932680	1
3	1	12	0	2	-12775841640	1
3	1	12	0	3	2824313670	1
3	1	12	0	4	276349320	1
3	1	12	0	5	-31886460	1
3	1	12	1	0	2935916280	1
3	1	12	1	1	6489944370	1
3	1	12	1	2	17748161100	1
3	1	12	1	3	-1282544280	1
3	1	12	1	4	781218270	1
3	1	12	2	0	2430588060	1
3	1	12	2	1	6062560830	1
3	1	12	2	2	-8671936140	1
3	1	12	2	3	-7365772260	1
3	1	12	3	0	-874122030	1
3	1	12	3	1	-3982264560	1
3	1	12	3	2	-8978695695	2
3	1	12	4	0	-467963325	1
3	1	12	4	1	-2975183865	4
3	1	12	5	0	-381751785	8
3	1	13	0	0	-593114400	1
3	1	13	0	1	-7495315560	1
3	1	13	0	2	2726314200	1
3	1	13	0	3	5086382445	1
3	1	13	0	4	908173620	1
3	1	13	0	5	65544390	1
3	1	13	1	0	2258405550	1
3	1	13	1	1	8971533270	1
3	1	13	1	2	-20327946300	1
3	1	13	1	3	-13799948130	1
3	1	13	1	4	-1626209460	1
3	1	13	1	5	10628820	1
3	1	13	2	0	7412716215	2
3	1	13	2	1	-155102040	1
3	1	13	2	2	10553630940	1
3	1	13	2	3	12833119170	1
3	1	13	2	4	-257748885	2
3	1	13	3	0	-951345000	1
3	1	13	3	1	1308722670	1
3	1	13	3	2	5667523020	1
3	1	13	3	3	811333260	1
3	1	13	4	0	-879928515	4
3	1	13	4	1	5923500435	8
3	1	13	4	2	418952655	1
3	1	13	5	0	562441725	8
3	1	13	5	1	512840565	8
3	1	13	6	0	48715425	16
3	1	14	0	0	-2586407760	1
3	1	14	0	1	-3602027880	1
3	1	14	0	2	5986402200	1
3	1	14	0	3	-3558249000	1
3	1	14	0	4	-836396280	1
3	1	14	0	5	-27556200	1
3	1	14	1	0	2972708910	1
3	1	14	1	1	-5019274350	1
3	1	14	1	2	-14206489560	1
3	1	14	1	3	10191266910	1
3	1	14	1	4	909354600	1
3	1	14	1	5	-67315860	1
3	1	14	2	0	1874368350	1
3	1	14	2	1	3909656160	1
3	1	14	2	2	8450108730	1
3	1	14	2	3	-5461048350	1
3	1	14	2	4	784761210	1
3	1	14	3	0	1127004840	1
3	1	14	3	1	4247558595	1
3	1	14	3	2	-5273469360	1
3	1	14	3	3	-4283709705	1
3	1	14	4	0	-181182015	1
3	1	14	4	1	-3595001535	2
3	1	14	4	2	-3637123155	2
3	1	14	5	0	-1716849675	8
3	1	14	5	1	-1927654605	8
3	1	14	6	0	-91821195	8
3	1	15	0	0	-3309029280	1
3	1	15	0	1	2296648080	1
3	1	15	0	2	265064400	1
3	1	15	0	3	-2763041220	1
3	1	15	0	4	-495617940	1
3	1	15	0	5	-81684450	1
3	1	15	1	0	523332900	1
3	1	15	1	1	-12495995550	1
3	1	15	1	2	12282534630	1
3	1	15	1	3	7216881300	1
3	1	15	1	4	1462840560	1
3	1	15	1	5	153527400	1
3	1	15	2	0	2527500105	1
3	1	15	2	1	5945960925	1
3	1	15	2	2	-21070979550	1
3	1	15	2	3	-22078125855	2
3	1	15	2	4	-1727773740	1
3	1	15	2	5	9743085	1
3	1	15	3	0	3361517415	2
3	1	15	3	1	-1542359880	1
3	1	15	3	2	7163168580	1
3	1	15	3	3	8505319545	1
3	1	15	3	4	-93002175	1
3	1	15	4	0	-1566362205	4
3	1	15	4	1	9443804985	8
3	1	15	4	2	10558059615	4
3	1	15	4	3	2444333355	8
3	1	15	5	0	-94576815	8
3	1	15	5	1	2337454665	8
3	1	15	5	2	914964255	8
3	1	15	6	0	341992125	16
3	1	15	6	1	54620325	4
3	1	15	7	0	17419455	32
3	1	16	0	0	-2447505000	1
3	1	16	0	1	3043281240	1
3	1	16	0	2	-374761080	1
3	1	16	0	3	2114430480	1
3	1	16	0	4	742530240	1
3	1	16	0	5	89360820	1
3	1	16	1	0	-3278229840	1
3	1	16	1	1	-3366075690	1
3	1	16	1	2	6018378570	1
3	1	16	1	3	-9535086720	1
3	1	16	1	4	-1939956480	1
3	1	16	1	5	-106288200	1
3	1	16	2	0	3547806480	1
3	1	16	2	1	-5670963900	1
3	1	16	2	2	-2992428360	1
3	1	16	2	3	13124821230	1
3	1	16	2	4	1175468760	1
3	1	16	2	5	-64953900	1
3	1	16	3	0	1458596565	2
3	1	16	3	1	1657731420	1
3	1	16	3	2	1210843485	1
3	1	16	3	3	-5827972275	1
3	1	16	3	4	575727750	1
3	1	16	4	0	969114375	2
3	1	16	4	1	5964900345	4
3	1	16	4	2	-2658090735	1
3	1	16	4	3	-6900958215	4
3	1	16	5	0	-104396445	8
3	1	16	5	1	-4686030225	8
3	1	16	5	2	-4309691265	8
3	1	16	6	0	-252696915	4
3	1	16	6	1	-443162745	8
3	1	16	7	0	-69776235	32
3	1	17	0	0	-1201534020	1
3	1	17	0	1	815294700	1
3	1	17	0	2	588839220	1
3	1	17	0	3	1441672020	1
3	1	17	0	4	222009660	1
3	1	17	0	5	41968530	1
3	1	17	1	0	-4436256780	1
3	1	17	1	1	5301807210	1
3	1	17	1	2	-3256960590	1
3	1	17	1	3	-2850069240	1
3	1	17	1	4	-521030880	1
3	1	17	1	5	-127939500	1
3	1	17	2	0	1111022865	1
3	1	17	2	1	-9484202115	1
3	1	17	2	2	12789733950	1
3	1	17	2	3	2748373740	1
3	1	17	2	4	1283725260	1
3	1	17	2	5	162384750	1
3	1	17	3	0	1501073370	1
3	1	17	3	1	6026184945	2
3	1	17	3	2	-11564578980	1
3	1	17	3	3	-8812243125	2
3	1	17	3	4	-1314168300	1
3	1	17	3	5	5412825	1
3	1	17	4	0	1156078575	2
3	1	17	4	1	-10723112505	8
3	1	17	4	2	6730853355	2
3	1	17	4	3	30272946075	8
3	1	17	4	4	-98907075	2
3	1	17	5	0	-1006118415	8
3	1	17	5	1	4200975495	8
3	1	17	5	2	7517889045	8
3	1	17	5	3	375059565	4
3	1	17	6	0	315901215	16
3	1	17	6	1	1399822155	16
3	1	17	6	2	76862115	4
3	1	17	7	0	88015815	16
3	1	17	7	1	50683725	32
3	1	17	8	0	-2854035	128
3	1	18	0	0	-410775080	1
3	1	18	0	1	-574022880	1
3	1	18	0	2	-188196480	1
3	1	18	0	3	-666214200	1
3	1	18	0	4	-419259240	1
3	1	18	0	5	-84330720	1
3	1	18	1	0	-3021105600	1
3	1	18	1	1	4323206610	1
3	1	18	1	2	153897030	1
3	1	18	1	3	5099557500	1
3	1	18	1	4	1605607920	1
3	1	18	1	5	221368140	1
3	1	18	2	0	-2097915750	1
3	1	18	2	1	-427803120	1
3	1	18	2	2	131147100	1
3	1	18	2	3	-9807492150	1
3	1	18	2	4	-2180876400	1
3	1	18	2	5	-151559100	1
3	1	18	3	0	2119416030	1
3	1	18	3	1	-7738869195	2
3	1	18	3	2	2644313850	1
3	1	18	3	3	17597954295	2
3	1	18	3	4	1030733100	1
3	1	18	3	5	-37889775	1
3	1	18	4	0	218164185	2
3	1	18	4	1	2142415575	2
3	1	18	4	2	-436904280	1
3	1	18	4	3	-3325989600	1
3	1	18	4	4	312959700	1
3	1	18	5	0	1579967775	8
3	1	18	5	1	1387006335	8
3	1	18	5	2	-9299922255	8
3	1	18	5	3	-2205972225	4
3	1	18	6	0	-18090135	4
3	1	18	6	1	-564497505	4
3	1	18	6	2	-825012945	8
3	1	18	7	0	-217354995	16
3	1	18	7	1	-237803445	32
3	1	18	8	0	-3969405	64
3	1	19	0	0	-98822380	1
3	1	19	0	1	-611544790	1
3	1	19	0	2	-712066500	1
3	1	19	0	3	-635902290	1
3	1	19	0	4	-116559540	1
3	1	19	0	5	-13923900	1
3	1	19	1	0	-1297919640	1
3	1	19	1	1	320565630	1
3	1	19	1	2	1741259340	1
3	1	19	1	3	1500598980	1
3	1	19	1	4	85220100	1
3	1	19	1	5	10147680	1
3	1	19	2	0	-2784099690	1
3	1	19	2	1	4893333525	1
3	1	19	2	2	-4058547525	1
3	1	19	2	3	87682905	1
3	1	19	2	4	-141848820	1
3	1	19	2	5	-66758175	1
3	1	19	3	0	641797065	1
3	1	19	3	1	-4329440685	1
3	1	19	3	2	13070400165	2
3	1	19	3	3	-1855425285	2
3	1	19	3	4	738659250	1
3	1	19	3	5	102843675	1
3	1	19	4	0	2224648665	4
3	1	19	4	1	8229299895	8
3	1	19	4	2	-8839337625	2
3	1	19	4	3	-13450396275	16
3	1	19	4	4	-748938150	1
3	1	19	4	5	16238475	8
3	1	19	5	0	263576835	2
3	1	19	5	1	-3637976085	8
3	1	19	5	2	11181289005	8
3	1	19	5	3	2554689375	2
3	1	19	5	4	-75287475	4
3	1	19	6	0	-432385695	16
3	1	19	6	1	555406875	4
3	1	19	6	2	3709097325	16
3	1	19	6	3	412194825	16
3	1	19	7	0	278488935	32
3	1	19	7	1	123073425	8
3	1	19	7	2	2394765	32
3	1	19	8	0	96807555	128
3	1	19	8	1	22143375	128
3	1	19	9	0	-2657205	128
3	1	20	0	0	-49366720	3
3	1	20	0	1	-276279420	1
3	1	20	0	2	-335605880	1
3	1	20	0	3	31064700	1
3	1	20	0	4	167029200	1
3	1	20	0	5	47881800	1
3	1	20	1	0	-1118182360	3
3	1	20	1	1	-1180013570	1
3	1	20	1	2	-506424960	1
3	1	20	1	3	-1707042240	1
3	1	20	1	4	-884548620	1
3	1	20	1	5	-172044000	1
3	1	20	2	0	-1667166740	1
3	1	20	2	1	2470277910	1
3	1	20	2	2	1348196220	1
3	1	20	2	3	4704369030	1
3	1	20	2	4	1662207480	1
3	1	20	2	5	225173520	1
3	1	20	3	0	-918310440	1
3	1	20	3	1	1029360915	1
3	1	20	3	2	-4442133555	2
3	1	20	3	3	-10665900585	2
3	1	20	3	4	-1657345050	1
3	1	20	3	5	-118480725	1
3	1	20	4	0	786925395	1
3	1	20	4	1	-7810576065	4
3	1	20	4	2	2282413950	1
3	1	20	4	3	29191817205	8
3	1	20	4	4	691310700	1
3	1	20	4	5	-59541075	4
3	1	20	5	0	-36486180	1
3	1	20	5	1	4853650815	8
3	1	20	5	2	-3120296175	8
3	1	20	5	3	-2534124285	2
3	1	20	5	4	491976585	4
3	1	20	6	0	62525925	1
3	1	20	6	1	-508522455	8
3	1	20	6	2	-791471655	2
3	1	20	6	3	-615039075	4
3	1	20	7	0	-95468625	32
3	1	20	7	1	-154413135	8
3	1	20	7	2	-147699045	32
3	1	20	8	0	-73749285	32
3	1	20	8	1	-48606075	64
3	1	20	9	0	8234055	128
3	1	21	0	0	-48784280	27
3	1	21	0	1	-229719010	3
3	1	21	0	2	135805100	3
3	1	21	0	3	166133990	1
3	1	21	0	4	63496080	1
3	1	21	0	5	6497820	1
3	1	21	1	0	-645747320	9
3	1	21	1	1	-804777000	1
3	1	21	1	2	-1188470480	1
3	1	21	1	3	-798518280	1
3	1	21	1	4	-35448840	1
3	1	21	1	5	29500200	1
3	1	21	2	0	-600582850	1
3	1	21	2	1	-431494170	1
3	1	21	2	2	1579618950	1
3	1	21	2	3	166528440	1
3	1	21	2	4	-251447895	1
3	1	21	2	5	-65755800	1
3	1	21	3	0	-1066156300	1
3	1	21	3	1	2472731640	1
3	1	21	3	2	-2046325950	1
3	1	21	3	3	2804833575	2
3	1	21	3	4	230230350	1
3	1	21	3	5	2405700	1
3	1	21	4	0	716374755	4
3	1	21	4	1	-9331476345	8
3	1	21	4	2	2135814480	1
3	1	21	4	3	-19467895185	16
3	1	21	4	4	874635975	4
3	1	21	4	5	348225075	8
3	1	21	5	0	304229655	2
3	1	21	5	1	356750325	4
3	1	21	5	2	-11134516365	8
3	1	21	5	3	-34762365	2
3	1	21	5	4	-312664455	1
3	1	21	5	5	1082565	2
3	1	21	6	0	92387925	8
3	1	21	6	1	-496575765	16
3	1	21	6	2	4210294545	8
3	1	21	6	3	2907306675	8
3	1	21	6	4	-81520425	16
3	1	21	7	0	-11640915	4
3	1	21	7	1	533016855	32
3	1	21	7	2	431717445	16
3	1	21	7	3	48343635	8
3	1	21	8	0	143650665	64
3	1	21	8	1	177201675	128
3	1	21	8	2	-59737905	64
3	1	21	9	0	-667035	32
3	1	21	9	1	2460375	32
3	1	21	10	0	-1607445	512
3	1	22	0	0	-9516640	81
3	1	22	0	1	-41846240	3
3	1	22	0	2	969791680	9
3	1	22	0	3	146184280	3
3	1	22	0	4	-42748800	1
3	1	22	0	5	-18468720	1
3	1	22	1	0	-240454000	27
3	1	22	1	1	-834293020	3
3	1	22	1	2	-1069887820	3
3	1	22	1	3	258775300	1
3	1	22	1	4	353760480	1
3	1	22	1	5	85930200	1
3	1	22	2	0	-1238317300	9
3	1	22	2	1	-903177420	1
3	1	22	2	2	-695243830	1
3	1	22	2	3	-1581755730	1
3	1	22	2	4	-834847020	1
3	1	22	2	5	-135788400	1
3	1	22	3	0	-1591536250	3
3	1	22	3	1	636833085	1
3	1	22	3	2	1308767430	1
3	1	22	3	3	4591558575	2
3	1	22	3	4	1072338750	1
3	1	22	3	5	124294500	1
3	1	22	4	0	-595487625	2
3	1	22	4	1	804687120	1
3	1	22	4	2	-3016996065	2
3	1	22	4	3	-7202137275	4
3	1	22	4	4	-1755814725	2
3	1	22	4	5	-58939650	1
3	1	22	5	0	198639990	1
3	1	22	5	1	-2718093105	4
3	1	22	5	2	8473098555	8
3	1	22	5	3	1095510825	1
3	1	22	5	4	682595505	2
3	1	22	5	5	-8299665	2
3	1	22	6	0	-85107645	4
3	1	22	6	1	191903985	1
3	1	22	6	2	-1863862245	8
3	1	22	6	3	-763230195	2
3	1	22	6	4	34598340	1
3	1	22	7	0	53107515	4
3	1	22	7	1	-943111755	32
3	1	22	7	2	-1410176385	16
3	1	22	7	3	-36552060	1
3	1	22	8	0	-1932255	2
3	1	22	8	1	18913905	32
3	1	22	8	2	61771815	16
3	1	22	9	0	-15983325	64
3	1	22	9	1	-8860995	32
3	1	22	10	0	1585575	128
3	1	23	0	0	-829120	243
3	1	23	0	1	-134044700	81
3	1	23	0	2	1382369300	27
3	1	23	0	3	-97877240	9
3	1	23	0	4	-77960800	3
3	1	23	0	5	-4218020	1
3	1	23	1	0	-643520	1
3	1	23	1	1	-533816300	9
3	1	23	1	2	454124840	3
3	1	23	1	3	248294940	1
3	1	23	1	4	45389400	1
3	1	23	1	5	-15647760	1
3	1	23	2	0	-531236860	27
3	1	23	2	1	-426971135	1
3	1	23	2	2	-2535676360	3
3	1	23	2	3	-326260235	1
3	1	23	2	4	153568620	1
3	1	23	2	5	72304650	1
3	1	23	3	0	-1362514450	9
3	1	23	3	1	-1268361875	3
3	1	23	3	2	664263895	1
3	1	23	3	3	-899206965	2
3	1	23	3	4	-407897100	1
3	1	23	3	5	-77962500	1
3	1	23	4	0	-1077935825	4
3	1	23	4	1	5789558685	8
3	1	23	4	2	-2189159595	4
3	1	23	4	3	14945706225	16
3	1	23	4	4	1325008125	4
3	1	23	4	5	41097375	2
3	1	23	5	0	20360415	1
3	1	23	5	1	-443780865	4
3	1	23	5	2	939773475	2
3	1	23	5	3	-555814305	1
3	1	23	5	4	-71722665	4
3	1	23	5	5	12990780	1
3	1	23	6	0	138628035	4
3	1	23	6	1	-157999275	2
3	1	23	6	2	-5415578595	16
3	1	23	6	3	374568705	8
3	1	23	6	4	-751646385	8
3	1	23	6	5	841995	8
3	1	23	7	0	-21849345	8
3	1	23	7	1	107250885	4
3	1	23	7	2	4884177285	32
3	1	23	7	3	88438635	1
3	1	23	7	4	-3925665	4
3	1	23	8	0	1658205	32
3	1	23	8	1	-190689795	64
3	1	23	8	2	-62824005	16
3	1	23	8	3	17324685	16
3	1	23	9	0	24331185	64
3	1	23	9	1	19521405	64
3	1	23	9	2	-16034355	64
3	1	23	10	0	-2142045	128
3	1	23	10	1	2635335	128
3	1	23	11	0	-120285	256
3	1	24	0	1	-9541880	81
3	1	24	0	2	354952360	27
3	1	24	0	3	-31971320	3
3	1	24	0	4	11974400	3
3	1	24	0	5	4560200	1
3	1	24	1	0	-1658240	81
3	1	24	1	1	-215962000	27
3	1	24	1	2	1321445980	9
3	1	24	1	3	86074400	3
3	1	24	1	4	-97190600	1
3	1	24	1	5	-31721520	1
3	1	24	2	0	-43221200	27
3	1	24	2	1	-993860450	9
3	1	24	2	2	-318487520	3
3	1	24	2	3	305973530	1
3	1	24	2	4	308545800	1
3	1	24	2	5	54667800	1
3	1	24	3	0	-691509500	27
3	1	24	3	1	-352787475	1
3	1	24	3	2	-490530320	1
3	1	24	3	3	-1531325705	2
3	1	24	3	4	-440086950	1
3	1	24	3	5	-49450500	1
3	1	24	4	0	-312311725	3
3	1	24	4	1	70200825	4
3	1	24	4	2	643926660	1
3	1	24	4	3	5461802775	8
3	1	24	4	4	422469675	1
3	1	24	4	5	39760875	1
3	1	24	5	0	-70420005	1
3	1	24	5	1	1137439485	4
3	1	24	5	2	-1195197075	2
3	1	24	5	3	-858521835	2
3	1	24	5	4	-1225340865	4
3	1	24	5	5	-20047500	1
3	1	24	6	0	68481735	2
3	1	24	6	1	-276551415	2
3	1	24	6	2	370067670	1
3	1	24	6	3	270053595	1
3	1	24	6	4	477683325	4
3	1	24	6	5	-841995	1
3	1	24	7	0	-8418285	2
3	1	24	7	1	104572485	4
3	1	24	7	2	-3272009985	32
3	1	24	7	3	-397221165	4
3	1	24	7	4	55560735	8
3	1	24	8	0	57027915	32
3	1	24	8	1	-103549185	32
3	1	24	8	2	-141582735	16
3	1	24	8	3	-53789265	8
3	1	24	9	0	-3145095	16
3	1	24	9	1	31675455	64
3	1	24	9	2	77749065	64
3	1	24	10	0	-242595	16
3	1	24	10	1	-5167395	64
3	1	24	11	0	52245	32
3	1	25	0	1	-313160	81
3	1	25	0	2	1996900	1
3	1	25	0	3	-2882940	1
3	1	25	0	4	18546110	3
3	1	25	0	5	1872900	1
3	1	25	1	1	-17204800	27
3	1	25	1	2	452821100	9
3	1	25	1	3	-27055590	1
3	1	25	1	4	-27507200	1
3	1	25	1	5	2137800	1
3	1	25	2	0	-4560160	81
3	1	25	2	1	-466046570	27
3	1	25	2	2	1298782505	9
3	1	25	2	3	421468300	3
3	1	25	2	4	-31643050	1
3	1	25	2	5	-32566380	1
3	1	25	3	0	-193305200	81
3	1	25	3	1	-1055807225	9
3	1	25	3	2	-2878789000	9
3	1	25	3	3	15569635	6
3	1	25	3	4	204016350	1
3	1	25	3	5	56652750	1
3	1	25	4	0	-390318775	18
3	1	25	4	1	-1284751825	8
3	1	25	4	2	498345865	4
3	1	25	4	3	-5181400245	16
3	1	25	4	4	-1196347725	4
3	1	25	4	5	-84979125	2
3	1	25	5	0	-135603545	3
3	1	25	5	1	111487260	1
3	1	25	5	2	-89592465	2
3	1	25	5	3	713825415	2
3	1	25	5	4	409354155	2
3	1	25	5	5	12162150	1
3	1	25	6	0	-9255155	4
3	1	25	6	1	31544835	1
3	1	25	6	2	260710065	8
3	1	25	6	3	-1452159765	8
3	1	25	6	4	-686050155	16
3	1	25	6	5	2806650	1
3	1	25	7	0	6353115	1
3	1	25	7	1	-32410440	1
3	1	25	7	2	-170890695	4
3	1	25	7	3	438088095	16
3	1	25	7	4	-161207415	8
3	1	25	7	5	120285	8
3	1	25	8	0	-64065555	64
3	1	25	8	1	287105715	32
3	1	25	8	2	1820745945	64
3	1	25	8	3	1088454105	64
3	1	25	8	4	-17113275	128
3	1	25	9	0	3667365	64
3	1	25	9	1	-187554015	128
3	1	25	9	2	-136657935	64
3	1	25	9	3	17370855	128
3	1	25	10	0	11329605	256
3	1	25	10	1	14681655	128
3	1	25	10	2	-8348265	256
3	1	25	11	0	-321975	128
3	1	25	11	1	601425	256
3	1	25	12	0	-40095	1024
3	1	26	0	2	4574920	27
3	1	26	0	3	-2630000	9
3	1	26	0	4	3369980	3
3	1	26	0	5	-495840	1
3	1	26	1	1	-626320	27
3	1	26	1	2	9234760	1
3	1	26	1	3	-12250070	1
3	1	26	1	4	14501200	1
3	1	26	1	5	8407800	1
3	1	26	2	1	-42146060	27
3	1	26	2	2	719695570	9
3	1	26	2	3	-10271650	1
3	1	26	2	4	-82724800	1
3	1	26	2	5	-18222600	1
3	1	26	3	0	-22800800	243
3	1	26	3	1	-1768495300	81
3	1	26	3	2	603791950	27
3	1	26	3	3	2959508125	18
3	1	26	3	4	407303050	3
3	1	26	3	5	11486750	1
3	1	26	4	0	-7104350	3
3	1	26	4	1	-464206325	6
3	1	26	4	2	-401822125	2
3	1	26	4	3	-435948885	2
3	1	26	4	4	-231486075	2
3	1	26	4	5	-4380750	1
3	1	26	5	0	-111642410	9
3	1	26	5	1	-62545965	2
3	1	26	5	2	396512105	2
3	1	26	5	3	247555965	2
3	1	26	5	4	82326240	1
3	1	26	5	5	6548850	1
3	1	26	6	0	-69039355	6
3	1	26	6	1	52107230	1
3	1	26	6	2	-316786995	2
3	1	26	6	3	-278505045	4
3	1	26	6	4	-255988215	4
3	1	26	6	5	-4833675	1
3	1	26	7	0	14926025	4
3	1	26	7	1	-22357065	2
3	1	26	7	2	360711495	4
3	1	26	7	3	825564825	16
3	1	26	7	4	233760735	8
3	1	26	7	5	-1002375	8
3	1	26	8	0	-10911375	32
3	1	26	8	1	-19470555	16
3	1	26	8	2	-889268625	32
3	1	26	8	3	-676149525	32
3	1	26	8	4	63149625	64
3	1	26	9	0	1232955	8
3	1	26	9	1	80395065	128
3	1	26	9	2	50923485	64
3	1	26	9	3	-111905955	128
3	1	26	10	0	-3915315	128
3	1	26	10	1	-86265	64
3	1	26	10	2	11021265	64
3	1	26	11	0	23355	128
3	1	26	11	1	-2587545	256
3	1	26	12	0	66825	512
3	1	27	0	2	167780	27
3	1	27	0	3	57515	3
3	1	27	0	4	-1427290	3
3	1	27	0	5	-436110	1
3	1	27	1	2	8143160	9
3	1	27	1	3	-5679940	3
3	1	27	1	4	7968070	1
3	1	27	1	5	943200	1
3	1	27	2	1	-1722380	27
3	1	27	2	2	18765120	1
3	1	27	2	3	-40055875	2
3	1	27	2	4	-3952300	1
3	1	27	2	5	8033850	1
3	1	27	3	1	-184894600	81
3	1	27	3	2	1753176425	27
3	1	27	3	3	203935075	6
3	1	27	3	4	-161320550	3
3	1	27	3	5	-21921350	1
3	1	27	4	0	-2850100	27
3	1	27	4	1	-642132425	36
3	1	27	4	2	-755102125	12
3	1	27	4	3	854865775	16
3	1	27	4	4	477736125	4
3	1	27	4	5	90820125	4
3	1	27	5	0	-14770360	9
3	1	27	5	1	-192001205	6
3	1	27	5	2	-9847000	1
3	1	27	5	3	-242877405	2
3	1	27	5	4	-490192065	4
3	1	27	5	5	-13513500	1
3	1	27	6	0	-9592275	2
3	1	27	6	1	39341155	8
3	1	27	6	2	111248795	4
3	1	27	6	3	394858485	4
3	1	27	6	4	285755715	4
3	1	27	6	5	7952175	2
3	1	27	7	0	-13728275	12
3	1	27	7	1	86382525	8
3	1	27	7	2	-20016330	1
3	1	27	7	3	-768409965	16
3	1	27	7	4	-142856865	8
3	1	27	7	5	3541725	8
3	1	27	8	0	52849875	64
3	1	27	8	1	-601947585	128
3	1	27	8	2	26702145	8
3	1	27	8	3	2564312175	256
3	1	27	8	4	-390604275	128
3	1	27	8	5	200475	128
3	1	27	9	0	-4687475	32
3	1	27	9	1	122671755	128
3	1	27	9	2	170690085	64
3	1	27	9	3	37522575	16
3	1	27	9	4	-1613925	128
3	1	27	10	0	1517175	128
3	1	27	10	1	-47816685	256
3	1	27	10	2	-11616345	32
3	1	27	10	3	5654205	512
3	1	27	11	0	768105	256
3	1	27	11	1	4508865	256
3	1	27	11	2	-280665	128
3	1	27	12	0	-215595	1024
3	1	27	12	1	200475	2048
3	1	28	0	3	21290	3
3	1	28	0	4	-832840	3
3	1	28	0	5	-51660	1
3	1	28	1	2	335560	9
3	1	28	1	3	5240	1
3	1	28	1	4	36190	1
3	1	28	1	5	-1306080	1
3	1	28	2	2	19625320	9
3	1	28	2	3	-14501630	3
3	1	28	2	4	13866920	1
3	1	28	2	5	5029200	1
3	1	28	3	1	-8611900	81
3	1	28	3	2	21762400	1
3	1	28	3	3	-28060075	2
3	1	28	3	4	-99311450	3
3	1	28	3	5	-2816550	1
3	1	28	4	1	-39764725	18
3	1	28	4	2	70726150	3
3	1	28	4	3	383823675	8
3	1	28	4	4	23688150	1
3	1	28	4	5	-6521625	2
3	1	28	5	0	-2280080	27
3	1	28	5	1	-87754150	9
3	1	28	5	2	-296814175	6
3	1	28	5	3	-64626875	2
3	1	28	5	4	-2375565	4
3	1	28	5	5	3336300	1
3	1	28	6	0	-21857990	27
3	1	28	6	1	-93206575	12
3	1	28	6	2	109430930	3
3	1	28	6	3	20376125	4
3	1	28	6	4	-5591565	2
3	1	28	6	5	-51975	1
3	1	28	7	0	-21596465	18
3	1	28	7	1	34432345	8
3	1	28	7	2	-24011005	1
3	1	28	7	3	-30542325	16
3	1	28	7	4	-22420395	4
3	1	28	7	5	-6704775	8
3	1	28	8	0	4738525	24
3	1	28	8	1	50524275	64
3	1	28	8	2	399360495	32
3	1	28	8	3	704243745	128
3	1	28	8	4	158604075	32
3	1	28	8	5	-868725	64
3	1	28	9	0	243075	32
3	1	28	9	1	-96640945	128
3	1	28	9	2	-67705965	16
3	1	28	9	3	-6533775	2
3	1	28	9	4	12417975	128
3	1	28	10	0	495135	64
3	1	28	10	1	23744145	128
3	1	28	10	2	21548655	64
3	1	28	10	3	-2374245	32
3	1	28	11	0	-50355	16
3	1	28	11	1	-3176415	256
3	1	28	11	2	396495	32
3	1	28	12	0	19215	128
3	1	28	12	1	-467775	1024
3	1	29	0	3	4285	9
3	1	29	0	4	-179740	3
3	1	29	0	5	33150	1
3	1	29	1	3	34010	1
3	1	29	1	4	-851300	1
3	1	29	1	5	-436860	1
3	1	29	2	2	922790	9
3	1	29	2	3	-216810	1
3	1	29	2	4	6455995	2
3	1	29	2	5	-811800	1
3	1	29	3	2	84284750	27
3	1	29	3	3	-117467075	18
3	1	29	3	4	20065150	3
3	1	29	3	5	5402100	1
3	1	29	4	1	-2152975	18
3	1	29	4	2	62044125	4
3	1	29	4	3	-1512075	16
3	1	29	4	4	-112861875	4
3	1	29	4	5	-28534275	4
3	1	29	5	1	-13322320	9
3	1	29	5	2	-17640095	6
3	1	29	5	3	46658355	2
3	1	29	5	4	36961590	1
3	1	29	5	5	4942575	1
3	1	29	6	0	-3990140	81
3	1	29	6	1	-383827675	108
3	1	29	6	2	-812101885	72
3	1	29	6	3	-681345245	24
3	1	29	6	4	-450623075	16
3	1	29	6	5	-2610300	1
3	1	29	7	0	-850850	3
3	1	29	7	1	-19534075	24
3	1	29	7	2	46619045	4
3	1	29	7	3	75215205	4
3	1	29	7	4	14671845	1
3	1	29	7	5	6779025	8
3	1	29	8	0	-48071375	288
3	1	29	8	1	139157475	128
3	1	29	8	2	-451290265	64
3	1	29	8	3	-2286293145	256
3	1	29	8	4	-130656375	32
3	1	29	8	5	6482025	128
3	1	29	9	0	2146925	32
3	1	29	9	1	-4591975	32
3	1	29	9	2	65401135	32
3	1	29	9	3	284795625	128
3	1	29	9	4	-20400975	64
3	1	29	9	5	7425	64
3	1	29	10	0	-4839355	384
3	1	29	10	1	-1999235	128
3	1	29	10	2	-150525	128
3	1	29	10	3	13573215	64
3	1	29	10	4	-401625	512
3	1	29	11	0	117275	64
3	1	29	11	1	-251895	64
3	1	29	11	2	-1882125	64
3	1	29	11	3	66825	128
3	1	29	12	0	-2895	1024
3	1	29	12	1	1882935	2048
3	1	29	12	2	-31185	512
3	1	30	0	4	-19000	3
3	1	30	0	5	15000	1
3	1	30	1	3	8570	3
3	1	30	1	4	-258440	1
3	1	30	1	5	42300	1
3	1	30	2	3	69960	1
3	1	30	2	4	-828190	1
3	1	30	2	5	-926640	1
3	1	30	3	2	4613950	27
3	1	30	3	3	-3773275	6
3	1	30	3	4	16972750	3
3	1	30	3	5	993300	1
3	1	30	4	2	17610725	6
3	1	30	4	3	-19978475	4
3	1	30	4	4	-9940875	2
3	1	30	4	5	1321650	1
3	1	30	5	1	-861190	9
3	1	30	5	2	6615675	1
3	1	30	5	3	6778185	1
3	1	30	5	4	-7709835	2
3	1	30	5	5	-2517075	1
3	1	30	6	1	-37585625	54
3	1	30	6	2	-233400475	36
3	1	30	6	3	755090	1
3	1	30	6	4	17474765	2
3	1	30	6	5	1518825	1
3	1	30	7	0	-570020	27
3	1	30	7	1	-14830805	18
3	1	30	7	2	31325515	12
3	1	30	7	3	-34851815	8
3	1	30	7	4	-10786485	2
3	1	30	7	5	-2319075	8
3	1	30	8	0	-4956325	72
3	1	30	8	1	2857525	48
3	1	30	8	2	-15377525	16
3	1	30	8	3	38523705	16
3	1	30	8	4	1390725	2
3	1	30	8	5	-3333825	32
3	1	30	9	0	-1753675	432
3	1	30	9	1	32030725	192
3	1	30	9	2	101478685	192
3	1	30	9	3	-15668155	128
3	1	30	9	4	9141075	16
3	1	30	9	5	-66825	64
3	1	30	10	0	2573615	576
3	1	30	10	1	-3726285	64
3	1	30	10	2	-38159945	128
3	1	30	10	3	-42204045	128
3	1	30	10	4	804735	128
3	1	30	11	0	-44515	128
3	1	30	11	1	3242535	256
3	1	30	11	2	2328195	64
3	1	30	11	3	-938115	256
3	1	30	12	0	-38515	512
3	1	30	12	1	-252135	256
3	1	30	12	2	93555	256
3	1	31	0	4	-820	3
3	1	31	0	5	2790	1
3	1	31	1	4	-33080	1
3	1	31	1	5	52200	1
3	1	31	2	3	47135	6
3	1	31	2	4	-473440	1
3	1	31	2	5	-91575	1
3	1	31	3	3	463925	6
3	1	31	3	4	399025	3
3	1	31	3	5	-782100	1
3	1	31	4	2	2306975	12
3	1	31	4	3	-14014275	16
3	1	31	4	4	15698175	4
3	1	31	4	5	3170475	2
3	1	31	5	2	5660105	3
3	1	31	5	3	-1936000	1
3	1	31	5	4	-27874455	4
3	1	31	5	5	-1063260	1
3	1	31	6	1	-3014165	54
3	1	31	6	2	2574495	2
3	1	31	6	3	37588215	8
3	1	31	6	4	44248295	8
3	1	31	6	5	1819125	4
3	1	31	7	1	-2038795	9
3	1	31	7	2	-58890755	24
3	1	31	7	3	-28436265	8
3	1	31	7	4	-6093885	2
3	1	31	7	5	-2210175	8
3	1	31	8	0	-712525	108
3	1	31	8	1	-61207025	576
3	1	31	8	2	340553975	192
3	1	31	8	3	237478775	128
3	1	31	8	4	26153475	16
3	1	31	8	5	15743475	128
3	1	31	9	0	-3531275	324
3	1	31	9	1	1468225	64
3	1	31	9	2	-256238975	288
3	1	31	9	3	-176398705	192
3	1	31	9	4	-36891525	64
3	1	31	9	5	131175	32
3	1	31	10	0	4089745	1728
3	1	31	10	1	15252235	768
3	1	31	10	2	51233665	192
3	1	31	10	3	147355075	512
3	1	31	10	4	-2799495	128
3	1	31	10	5	1485	256
3	1	31	11	0	-446965	1152
3	1	31	11	1	-1906785	256
3	1	31	11	2	-5454335	256
3	1	31	11	3	2856255	256
3	1	31	11	4	-7425	256
3	1	31	12	0	227275	3072
3	1	31	12	1	1050735	2048
3	1	31	12	2	-487545	512
3	1	31	12	3	22275	2048
3	1	32	0	5	260	1
3	1	32	1	4	-1640	1
3	1	32	1	5	12600	1
3	1	32	2	4	-77440	1
3	1	32	2	5	69300	1
3	1	32	3	3	235675	18
3	1	32	3	4	-1383800	3
3	1	32	3	5	-254100	1
3	1	32	4	3	342375	8
3	1	32	4	4	946275	1
3	1	32	4	5	-155925	1
3	1	32	5	2	461395	3
3	1	32	5	3	-1458765	2
3	1	32	5	4	2713305	4
3	1	32	5	5	706860	1
3	1	32	6	2	7482860	9
3	1	32	6	3	-43505	6
3	1	32	6	4	-10205615	4
3	1	32	6	5	-641025	1
3	1	32	7	1	-430595	18
3	1	32	7	2	-409035	2
3	1	32	7	3	9656925	8
3	1	32	7	4	19697235	8
3	1	32	7	5	2472525	8
3	1	32	8	1	-13929025	288
3	1	32	8	2	-23962675	96
3	1	32	8	3	-74641575	64
3	1	32	8	4	-2477175	2
3	1	32	8	5	-4556475	64
3	1	32	9	0	-712525	486
3	1	32	9	1	-6429775	1296
3	1	32	9	2	382410625	1728
3	1	32	9	3	80754425	144
3	1	32	9	4	51225925	192
3	1	32	9	5	-290675	32
3	1	32	10	0	-46805	48
3	1	32	10	1	3018235	1152
3	1	32	10	2	-3363515	48
3	1	32	10	3	-14578905	128
3	1	32	10	4	2735805	64
3	1	32	10	5	-3465	64
3	1	32	11	0	528325	1728
3	1	32	11	1	214865	256
3	1	32	11	2	-36475	24
3	1	32	11	3	-4903705	256
3	1	32	11	4	1935	8
3	1	32	12	0	-89075	2304
3	1	32	12	1	-14215	3072
3	1	32	12	2	89345	64
3	1	32	12	3	-81675	1024
3	1	33	0	5	10	1
3	1	33	1	5	1380	1
3	1	33	2	4	-4510	1
3	1	33	2	5	24750	1
3	1	33	3	4	-319550	3
3	1	33	3	5	33825	1
3	1	33	4	3	235675	16
3	1	33	4	4	-905025	4
3	1	33	4	5	-482625	2
3	1	33	5	3	-4455	4
3	1	33	5	4	1704615	2
3	1	33	5	5	187110	1
3	1	33	6	2	3229765	36
3	1	33	6	3	-3042655	8
3	1	33	6	4	-10706885	16
3	1	33	6	5	6930	1
3	1	33	7	2	2891735	12
3	1	33	7	3	5827415	16
3	1	33	7	4	800025	8
3	1	33	7	5	-304425	8
3	1	33	8	1	-2152975	288
3	1	33	8	2	-12293325	64
3	1	33	8	3	-8710275	128
3	1	33	8	4	5884725	128
3	1	33	8	5	-645975	128
3	1	33	9	1	-1867525	324
3	1	33	9	2	137803325	1728
3	1	33	9	3	-4285475	384
3	1	33	9	4	311975	6
3	1	33	9	5	776875	64
3	1	33	10	0	-142505	648
3	1	33	10	1	-653125	3456
3	1	33	10	2	-70036375	2304
3	1	33	10	3	-4473245	192
3	1	33	10	4	-12854905	256
3	1	33	10	5	28545	128
3	1	33	11	0	-12385	432
3	1	33	11	1	1308875	2304
3	1	33	11	2	2135495	192
3	1	33	11	3	10253555	512
3	1	33	11	4	-113655	128
3	1	33	11	5	45	256
3	1	33	12	0	124645	13824
3	1	33	12	1	-299095	2048
3	1	33	12	2	-1258665	1024
3	1	33	12	3	528395	2048
3	1	33	12	4	-495	1024
3	1	34	1	5	60	1
3	1	34	2	5	3300	1
3	1	34	3	4	-22550	3
3	1	34	3	5	27225	1
3	1	34	4	4	-188925	2
3	1	34	4	5	-14850	1
3	1	34	5	3	47135	4
3	1	34	5	4	-7755	1
3	1	34	5	5	-103950	1
3	1	34	6	3	-85085	4
3	1	34	6	4	1372525	4
3	1	34	6	5	135135	1
3	1	34	7	2	461395	12
3	1	34	7	3	-1874235	16
3	1	34	7	4	-3479745	8
3	1	34	7	5	-631125	8
3	1	34	8	2	3768875	96
3	1	34	8	3	5384225	32
3	1	34	8	4	17987325	64
3	1	34	8	5	542025	16
3	1	34	9	1	-2152975	1296
3	1	34	9	2	-1508375	32
3	1	34	9	3	-13466925	128
3	1	34	9	4	-12186025	96
3	1	34	9	5	-596475	64
3	1	34	10	1	-202235	1728
3	1	34	10	2	28193165	1152
3	1	34	10	3	5960415	128
3	1	34	10	4	1085065	32
3	1	34	10	5	-33825	64
3	1	34	11	0	-12955	648
3	1	34	11	1	-294775	1728
3	1	34	11	2	-8275315	1152
3	1	34	11	3	-19258415	1536
3	1	34	11	4	239975	128
3	1	34	11	5	-435	256
3	1	34	12	0	13525	10368
3	1	34	12	1	367525	4608
3	1	34	12	2	2830175	4608
3	1	34	12	3	-185815	384
3	1	34	12	4	2145	512
3	1	35	2	5	165	1
3	1	35	3	5	4675	1
3	1	35	4	4	-33825	4
3	1	35	4	5	141075	8
3	1	35	5	4	-55275	1
3	1	35	5	5	-29700	1
3	1	35	6	3	329945	48
3	1	35	6	4	122045	2
3	1	35	6	5	-17325	2
3	1	35	7	3	-287265	16
3	1	35	7	4	294855	8
3	1	35	7	5	218295	8
3	1	35	8	2	2306975	192
3	1	35	8	3	-3581325	256
3	1	35	8	4	-10507875	128
3	1	35	8	5	-1952775	128
3	1	35	9	2	616825	864
3	1	35	9	3	17599175	576
3	1	35	9	4	18396425	384
3	1	35	9	5	43725	16
3	1	35	10	1	-430595	1728
3	1	35	10	2	-132275	32
3	1	35	10	3	-9067445	512
3	1	35	10	4	-1146635	128
3	1	35	10	5	200475	256
3	1	35	11	1	49525	864
3	1	35	11	2	3853775	2304
3	1	35	11	3	1948235	512
3	1	35	11	4	-318295	128
3	1	35	11	5	1875	256
3	1	35	12	0	-12955	15552
3	1	35	12	1	-1824335	82944
3	1	35	12	2	-2888935	27648
3	1	35	12	3	21437515	36864
3	1	35	12	4	-49705	3072
3	1	35	12	5	5	2048
3	1	36	3	5	275	1
3	1	36	4	5	17325	4
3	1	36	5	4	-6765	1
3	1	36	5	5	5940	1
3	1	36	6	4	-20405	1
3	1	36	6	5	-17325	1
3	1	36	7	3	47135	16
3	1	36	7	4	78045	2
3	1	36	7	5	81675	8
3	1	36	8	3	-1071675	128
3	1	36	8	4	-718575	32
3	1	36	8	5	-200475	64
3	1	36	9	2	2306975	864
3	1	36	9	3	11275	3
3	1	36	9	4	2807525	384
3	1	36	9	5	25575	16
3	1	36	10	2	-315205	288
3	1	36	10	3	-42625	384
3	1	36	10	4	-272125	64
3	1	36	10	5	-23265	32
3	1	36	11	1	-39145	1728
3	1	36	11	2	7005	32
3	1	36	11	3	218215	512
3	1	36	11	4	16835	8
3	1	36	11	5	-4725	256
3	1	36	12	1	216485	41472
3	1	36	12	2	-447035	6912
3	1	36	12	3	-2867635	6144
3	1	36	12	4	14065	384
3	1	36	12	5	-25	1024
3	1	37	4	5	2475	8
3	1	37	5	5	5445	2
3	1	37	6	4	-15785	4
3	1	37	7	4	-14685	4
3	1	37	7	5	-37125	8
3	1	37	8	3	235675	256
3	1	37	8	4	733425	64
3	1	37	8	5	497475	128
3	1	37	9	3	-950125	384
3	1	37	9	4	-1778975	192
3	1	37	9	5	-106425	64
3	1	37	10	2	461395	1152
3	1	37	10	3	1870	1
3	1	37	10	4	2171935	512
3	1	37	10	5	24255	64
3	1	37	11	2	-240455	1152
3	1	37	11	3	-1298945	1536
3	1	37	11	4	-34195	32
3	1	37	11	5	3825	128
3	1	37	12	1	-39145	41472
3	1	37	12	2	48695	1024
3	1	37	12	3	1033925	4096
3	1	37	12	4	-82565	1536
3	1	37	12	5	225	2048
3	1	38	5	5	495	2
3	1	38	6	5	1155	1
3	1	38	7	4	-6765	4
3	1	38	7	5	-7425	8
3	1	38	8	4	14025	32
3	1	38	8	5	-7425	32
3	1	38	9	3	235675	1152
3	1	38	9	4	127325	96
3	1	38	9	5	20625	64
3	1	38	10	3	-29645	64
3	1	38	10	4	-136235	128
3	1	38	10	5	-1485	32
3	1	38	11	2	41945	1152
3	1	38	11	3	160695	512
3	1	38	11	4	14815	64
3	1	38	11	5	-4095	128
3	1	38	12	2	-183145	13824
3	1	38	12	3	-831515	9216
3	1	38	12	4	40985	768
3	1	38	12	5	-75	256
3	1	39	6	5	1155	8
3	1	39	7	5	2475	8
3	1	39	8	4	-33825	64
3	1	39	8	5	-51975	128
3	1	39	9	4	43175	96
3	1	39	9	5	5775	32
3	1	39	10	3	47135	1536
3	1	39	10	4	-4565	32
3	1	39	10	5	-17325	256
3	1	39	11	3	-25845	512
3	1	39	11	4	16375	256
3	1	39	11	5	2835	128
3	1	39	12	2	41945	27648
3	1	39	12	3	247205	12288
3	1	39	12	4	-55685	1536
3	1	39	12	5	525	1024
3	1	40	7	5	495	8
3	1	40	8	5	2475	64
3	1	40	9	4	-11275	96
3	1	40	9	5	-2475	32
3	1	40	10	4	1925	16
3	1	40	10	5	2475	64
3	1	40	11	3	4285	1536
3	1	40	11	4	-935	16
3	1	40	11	5	-1125	128
3	1	40	12	3	-15065	6144
3	1	40	12	4	6385	384
3	1	40	12	5	-315	512
3	1	41	8	5	2475	128
3	1	41	9	5	-275	64
3	1	41	10	4	-2255	128
3	1	41	10	5	-495	128
3	1	41	11	4	2015	128
3	1	41	11	5	225	256
3	1	41	12	3	4285	36864
3	1	41	12	4	-15145	3072
3	1	41	12	5	525	1024
3	1	42	9	5	275	64
3	1	42	10	5	-165	64
3	1	42	11	4	-205	128
3	1	42	11	5	225	256
3	1	42	12	4	1315	1536
3	1	42	12	5	-75	256
3	1	43	10	5	165	256
3	1	43	11	5	-105	256
3	1	43	12	4	-205	3072
3	1	43	12	5	225	2048
3	1	44	11	5	15	256
3	1	44	12	5	-25	1024
3	1	45	12	5	5	2048
3	2	6	0	1	127545840	1
3	2	7	0	0	141717600	1
3	2	7	0	1	-170061120	1
3	2	8	0	0	70858800	1
3	2	8	0	1	496011600	1
3	2	8	0	2	807790320	1
3	2	8	1	0	77944680	1
3	2	8	1	1	531441000	1
3	2	8	2	0	21257640	1
3	2	9	0	0	-788894640	1
3	2	9	0	1	1209323520	1
3	2	9	0	2	-722759760	1
3	2	9	1	0	410981040	1
3	2	9	1	1	-283435200	1
3	2	9	2	0	-14171760	1
3	2	10	0	0	-1929983760	1
3	2	10	0	1	-439324560	1
3	2	10	0	2	-1799813520	1
3	2	10	1	0	-29130840	1
3	2	10	1	1	500735520	1
3	2	10	1	2	1488034800	1
3	2	10	2	0	190137780	1
3	2	10	2	1	722759760	1
3	2	10	3	0	38972340	1
3	2	11	0	0	-2146584240	1
3	2	11	0	1	-2026561680	1
3	2	11	0	2	831409920	1
3	2	11	1	0	-1714258080	1
3	2	11	1	1	1577789280	1
3	2	11	1	2	-1899015840	1
3	2	11	2	0	590883660	1
3	2	11	2	1	-384999480	1
3	2	11	3	0	-9447840	1
3	2	12	0	0	-711270720	1
3	2	12	0	1	-907692480	1
3	2	12	0	2	1880120160	1
3	2	12	0	3	23619600	1
3	2	12	1	0	-3647303640	1
3	2	12	1	1	-1195151760	1
3	2	12	1	2	-2510763480	1
3	2	12	1	3	-35429400	1
3	2	12	2	0	-15746400	1
3	2	12	2	1	37791360	1
3	2	12	2	2	1222314300	1
3	2	12	3	0	156086190	1
3	2	12	3	1	517859730	1
3	2	12	4	0	40448565	1
3	2	13	0	0	1717057440	1
3	2	13	0	1	875208240	1
3	2	13	0	2	78732000	1
3	2	13	0	3	-55112400	1
3	2	13	1	0	-4435294320	1
3	2	13	1	1	-3248482320	1
3	2	13	1	2	2461162320	1
3	2	13	1	3	94478400	1
3	2	13	2	0	-1414289160	1
3	2	13	2	1	1130197860	1
3	2	13	2	2	-2025380700	1
3	2	13	3	0	391822920	1
3	2	13	3	1	-379881900	1
3	2	13	4	0	492075	1
3	2	14	0	0	3386201760	1
3	2	14	0	1	980087040	1
3	2	14	0	2	-800033760	1
3	2	14	0	3	-20995200	1
3	2	14	1	0	-2517781320	1
3	2	14	1	1	-703018440	1
3	2	14	1	2	2349100440	1
3	2	14	1	3	47239200	1
3	2	14	2	0	-3023527500	1
3	2	14	2	1	-1107759240	1
3	2	14	2	2	-1282150620	1
3	2	14	2	3	-64953900	1
3	2	14	3	0	-35166960	1
3	2	14	3	1	-117966780	1
3	2	14	3	2	625132080	1
3	2	14	4	0	66397320	1
3	2	14	4	1	228027555	1
3	2	14	5	0	21552885	1
3	2	15	0	0	3298870800	1
3	2	15	0	1	110347920	1
3	2	15	0	2	-413488800	1
3	2	15	0	3	104976000	1
3	2	15	1	0	1487341440	1
3	2	15	1	1	2051853120	1
3	2	15	1	2	-822661920	1
3	2	15	1	3	-283435200	1
3	2	15	2	0	-4177369260	1
3	2	15	2	1	-2479664340	1
3	2	15	2	2	2552622660	1
3	2	15	2	3	194861700	1
3	2	15	3	0	-656566560	1
3	2	15	3	1	677926260	1
3	2	15	3	2	-1273883760	1
3	2	15	4	0	142231545	1
3	2	15	4	1	-233473185	1
3	2	15	5	0	-1640250	1
3	2	16	0	0	2103336000	1
3	2	16	0	1	-302063040	1
3	2	16	0	2	-115940160	1
3	2	16	0	3	17496000	1
3	2	16	1	0	4332965400	1
3	2	16	1	1	1508576400	1
3	2	16	1	2	-994210200	1
3	2	16	1	3	26244000	1
3	2	16	2	0	-2921480460	1
3	2	16	2	1	22599000	1
3	2	16	2	2	906249060	1
3	2	16	2	3	-21651300	1
3	2	16	3	0	-1515374730	1
3	2	16	3	1	-661618530	1
3	2	16	3	2	-202800510	1
3	2	16	3	3	-54128250	1
3	2	16	4	0	-48274380	1
3	2	16	4	1	-17528805	1
3	2	16	4	2	237967470	1
3	2	16	5	0	17856855	1
3	2	16	5	1	123510825	2
3	2	16	6	0	25095825	4
3	2	17	0	0	941827200	1
3	2	17	0	1	-148181760	1
3	2	17	0	2	16182720	1
3	2	17	0	3	-96811200	1
3	2	17	1	0	4225983120	1
3	2	17	1	1	-175988160	1
3	2	17	1	2	-189948240	1
3	2	17	1	3	346420800	1
3	2	17	2	0	405262980	1
3	2	17	2	1	1958252760	1
3	2	17	2	2	-1157229180	1
3	2	17	2	3	-396940500	1
3	2	17	3	0	-2380146120	1
3	2	17	3	1	-1244121120	1
3	2	17	3	2	1467156240	1
3	2	17	3	3	180427500	1
3	2	17	4	0	-191870370	1
3	2	17	4	1	308753370	1
3	2	17	4	2	-572972130	1
3	2	17	5	0	28307070	1
3	2	17	5	1	-84483810	1
3	2	17	6	0	-7577955	4
3	2	18	0	0	302831840	1
3	2	18	0	1	48119280	1
3	2	18	0	2	128442240	1
3	2	18	0	3	-28771200	1
3	2	18	1	0	2487947400	1
3	2	18	1	1	-627316560	1
3	2	18	1	2	-157765320	1
3	2	18	1	3	-37324800	1
3	2	18	2	0	2664993060	1
3	2	18	2	1	947883060	1
3	2	18	2	2	-310597740	1
3	2	18	2	3	180427500	1
3	2	18	3	0	-1752005160	1
3	2	18	3	1	332553600	1
3	2	18	3	2	-89040060	1
3	2	18	3	3	-90213750	1
3	2	18	4	0	-521184375	1
3	2	18	4	1	-349141185	1
3	2	18	4	2	109535895	1
3	2	18	4	3	-27064125	1
3	2	18	5	0	-29260845	1
3	2	18	5	1	36599445	1
3	2	18	5	2	74598570	1
3	2	18	6	0	7118685	2
3	2	18	6	1	32072355	4
3	2	18	7	0	4559895	4
3	2	19	0	0	209439040	3
3	2	19	0	1	83913680	1
3	2	19	0	2	119725920	1
3	2	19	0	3	48470400	1
3	2	19	1	0	981751360	1
3	2	19	1	1	-206976480	1
3	2	19	1	2	-49152960	1
3	2	19	1	3	-253886400	1
3	2	19	2	0	2510924460	1
3	2	19	2	1	-418637700	1
3	2	19	2	2	138893940	1
3	2	19	2	3	382506300	1
3	2	19	3	0	31110480	1
3	2	19	3	1	1075472640	1
3	2	19	3	2	-702260280	1
3	2	19	3	3	-264627000	1
3	2	19	4	0	-910378710	1
3	2	19	4	1	-421513065	1
3	2	19	4	2	577171170	1
3	2	19	4	3	99235125	1
3	2	19	5	0	-32618700	1
3	2	19	5	1	76304430	1
3	2	19	5	2	-205359300	1
3	2	19	6	0	2594025	2
3	2	19	6	1	-57536325	4
3	2	19	7	0	-677970	1
3	2	20	0	0	101556560	9
3	2	20	0	1	136291520	3
3	2	20	0	2	34419360	1
3	2	20	0	3	27324000	1
3	2	20	1	0	266806840	1
3	2	20	1	1	96252560	1
3	2	20	1	2	186956280	1
3	2	20	1	3	-13899600	1
3	2	20	2	0	1313314500	1
3	2	20	2	1	-508293060	1
3	2	20	2	2	-183385620	1
3	2	20	2	3	-163854900	1
3	2	20	3	0	1068490170	1
3	2	20	3	1	272680020	1
3	2	20	3	2	123705630	1
3	2	20	3	3	226536750	1
3	2	20	4	0	-632564910	1
3	2	20	4	1	265700655	1
3	2	20	4	2	-244521180	1
3	2	20	4	3	-81192375	1
3	2	20	5	0	-131639850	1
3	2	20	5	1	-294632235	2
3	2	20	5	2	96829425	1
3	2	20	5	3	-9021375	1
3	2	20	6	0	-9406530	1
3	2	20	6	1	86759505	4
3	2	20	6	2	38808315	2
3	2	20	7	0	1726515	4
3	2	20	7	1	-5711715	8
3	2	20	8	0	2868615	16
3	2	21	0	0	10935440	9
3	2	21	0	1	130307440	9
3	2	21	0	2	-16055520	1
3	2	21	0	3	-8844000	1
3	2	21	1	0	445461680	9
3	2	21	1	1	334610320	3
3	2	21	1	2	169894320	1
3	2	21	1	3	114840000	1
3	2	21	2	0	1314866420	3
3	2	21	2	1	-94676400	1
3	2	21	2	2	-80515620	1
3	2	21	2	3	-244044900	1
3	2	21	3	0	905022600	1
3	2	21	3	1	-318090960	1
3	2	21	3	2	143975880	1
3	2	21	3	3	193792500	1
3	2	21	4	0	21136590	1
3	2	21	4	1	366730740	1
3	2	21	4	2	-256090410	1
3	2	21	4	3	-95225625	1
3	2	21	5	0	-245149740	1
3	2	21	5	1	-77083650	1
3	2	21	5	2	167604390	1
3	2	21	5	3	36085500	1
3	2	21	6	0	-1110375	1
3	2	21	6	1	932715	4
3	2	21	6	2	-119333655	2
3	2	21	7	0	-802305	1
3	2	21	7	1	4598775	4
3	2	21	8	0	-2747115	16
3	2	22	0	0	2112560	27
3	2	22	0	1	8965520	3
3	2	22	0	2	-18448160	1
3	2	22	0	3	-11440000	1
3	2	22	1	0	5999800	1
3	2	22	1	1	432516280	9
3	2	22	1	2	30885000	1
3	2	22	1	3	33528000	1
3	2	22	2	0	861422540	9
3	2	22	2	1	85283420	1
3	2	22	2	2	144013740	1
3	2	22	2	3	53014500	1
3	2	22	3	0	399200100	1
3	2	22	3	1	-212895810	1
3	2	22	3	2	-144178920	1
3	2	22	3	3	-175749750	1
3	2	22	4	0	308002875	1
3	2	22	4	1	4251690	1
3	2	22	4	2	150130665	1
3	2	22	4	3	138661875	1
3	2	22	5	0	-145329660	1
3	2	22	5	1	111331665	1
3	2	22	5	2	-136462725	1
3	2	22	5	3	-39694050	1
3	2	22	6	0	-25783380	1
3	2	22	6	1	-39145680	1
3	2	22	6	2	86266215	2
3	2	22	6	3	-4209975	2
3	2	22	7	0	-1666035	1
3	2	22	7	1	37594935	8
3	2	22	7	2	3969405	1
3	2	22	8	0	66015	16
3	2	22	8	1	-2074005	4
3	2	22	9	0	511515	16
3	2	23	0	0	20480	9
3	2	23	0	1	1192400	3
3	2	23	0	2	-214921120	27
3	2	23	0	3	-7088000	3
3	2	23	1	0	3856480	9
3	2	23	1	1	108725440	9
3	2	23	1	2	-91087840	3
3	2	23	1	3	-25320000	1
3	2	23	2	0	39865540	3
3	2	23	2	1	575901520	9
3	2	23	2	2	108925580	1
3	2	23	2	3	104956500	1
3	2	23	3	0	319871200	3
3	2	23	3	1	-7560100	1
3	2	23	3	2	-42884320	1
3	2	23	3	3	-106920000	1
3	2	23	4	0	214404750	1
3	2	23	4	1	-126368970	1
3	2	23	4	2	50713290	1
3	2	23	4	3	40429125	1
3	2	23	5	0	19306080	1
3	2	23	5	1	73076580	1
3	2	23	5	2	-55013580	1
3	2	23	5	3	-16305300	1
3	2	23	6	0	-47286225	1
3	2	23	6	1	1163295	2
3	2	23	6	2	65548035	2
3	2	23	6	3	18243225	2
3	2	23	7	0	839835	1
3	2	23	7	1	-10442115	2
3	2	23	7	2	-13450050	1
3	2	23	8	0	-3028455	16
3	2	23	8	1	18652275	16
3	2	23	9	0	-342225	8
3	2	24	0	1	281840	9
3	2	24	0	2	-53786000	27
3	2	24	0	3	1240000	1
3	2	24	1	0	40960	3
3	2	24	1	1	16846600	9
3	2	24	1	2	-207318920	9
3	2	24	1	3	-16300000	1
3	2	24	2	0	9591560	9
3	2	24	2	1	188517340	9
3	2	24	2	2	14354660	3
3	2	24	2	3	5692500	1
3	2	24	3	0	156232450	9
3	2	24	3	1	40343500	1
3	2	24	3	2	74651870	1
3	2	24	3	3	66404250	1
3	2	24	4	0	224332900	3
3	2	24	4	1	-48291625	1
3	2	24	4	2	-72186210	1
3	2	24	4	3	-91587375	1
3	2	24	5	0	64131205	1
3	2	24	5	1	-21503115	1
3	2	24	5	2	69643530	1
3	2	24	5	3	49650975	1
3	2	24	6	0	-42127575	2
3	2	24	6	1	26089560	1
3	2	24	6	2	-46545030	1
3	2	24	6	3	-24792075	2
3	2	24	7	0	-4066290	1
3	2	24	7	1	-10039275	2
3	2	24	7	2	51932745	4
3	2	24	7	3	-1403325	4
3	2	24	8	0	-1335555	8
3	2	24	8	1	1894995	16
3	2	24	8	2	9619155	16
3	2	24	9	0	88965	32
3	2	24	9	1	-1639845	16
3	2	24	10	0	296865	64
3	2	25	0	1	1120	1
3	2	25	0	2	-2731760	9
3	2	25	0	3	904000	1
3	2	25	1	1	503200	3
3	2	25	1	2	-68200240	9
3	2	25	1	3	-648000	1
3	2	25	2	0	112640	3
3	2	25	2	1	35129380	9
3	2	25	2	2	-210874420	9
3	2	25	2	3	-25173500	1
3	2	25	3	0	42889000	27
3	2	25	3	1	179782900	9
3	2	25	3	2	117716000	3
3	2	25	3	3	45380500	1
3	2	25	4	0	14775750	1
3	2	25	4	1	23180450	3
3	2	25	4	2	-8099910	1
3	2	25	4	3	-16718625	1
3	2	25	5	0	100896070	3
3	2	25	5	1	-28651170	1
3	2	25	5	2	3965220	1
3	2	25	5	3	-4455000	1
3	2	25	6	0	13569605	2
3	2	25	6	1	12948285	2
3	2	25	6	2	-2117745	1
3	2	25	6	3	1403325	2
3	2	25	7	0	-6475065	1
3	2	25	7	1	6461055	2
3	2	25	7	2	2706615	1
3	2	25	7	3	3274425	2
3	2	25	8	0	1641105	8
3	2	25	8	1	-5348835	4
3	2	25	8	2	-35622585	16
3	2	25	9	0	-287505	16
3	2	25	9	1	269190	1
3	2	25	10	0	-498825	64
3	2	26	0	2	-710480	27
3	2	26	0	3	784000	3
3	2	26	1	1	6720	1
3	2	26	1	2	-1393480	1
3	2	26	1	3	2304000	1
3	2	26	2	1	1217480	3
3	2	26	2	2	-107622020	9
3	2	26	2	3	-8233500	1
3	2	26	3	0	563200	9
3	2	26	3	1	42379150	9
3	2	26	3	2	-147574100	27
3	2	26	3	3	-28525750	3
3	2	26	4	0	4727525	3
3	2	26	4	1	32850950	3
3	2	26	4	2	26907625	1
3	2	26	4	3	33350625	1
3	2	26	5	0	8524835	1
3	2	26	5	1	-15558145	3
3	2	26	5	2	-23282520	1
3	2	26	5	3	-26631000	1
3	2	26	6	0	55546645	6
3	2	26	6	1	-13108865	2
3	2	26	6	2	18923835	1
3	2	26	6	3	10914750	1
3	2	26	7	0	-1721460	1
3	2	26	7	1	6203145	2
3	2	26	7	2	-10206135	1
3	2	26	7	3	-10491525	4
3	2	26	8	0	-2038725	4
3	2	26	8	1	774945	16
3	2	26	8	2	42821865	16
3	2	26	8	3	-334125	8
3	2	26	9	0	-385185	32
3	2	26	9	1	-1140165	8
3	2	26	9	2	1022895	16
3	2	26	10	0	209295	64
3	2	26	10	1	-688635	64
3	2	26	11	0	6075	16
3	2	27	0	2	-27040	27
3	2	27	0	3	41600	1
3	2	27	1	2	-1258720	9
3	2	27	1	3	977600	1
3	2	27	2	1	18480	1
3	2	27	2	2	-8413900	3
3	2	27	2	3	1468500	1
3	2	27	3	1	5255800	9
3	2	27	3	2	-260108200	27
3	2	27	3	3	-11671000	1
3	2	27	4	0	70400	1
3	2	27	4	1	10764050	3
3	2	27	4	2	22936850	3
3	2	27	4	3	8394375	1
3	2	27	5	0	3275140	3
3	2	27	5	1	9051020	3
3	2	27	5	2	1915900	1
3	2	27	5	3	3742200	1
3	2	27	6	0	20075825	6
3	2	27	6	1	-11085515	3
3	2	27	6	2	-3429825	1
3	2	27	6	3	-4747050	1
3	2	27	7	0	3762605	3
3	2	27	7	1	-396265	2
3	2	27	7	2	2570130	1
3	2	27	7	3	1039500	1
3	2	27	8	0	-2427175	4
3	2	27	8	1	8637795	16
3	2	27	8	2	-952695	2
3	2	27	8	3	1670625	8
3	2	27	9	0	102475	4
3	2	27	9	1	-971265	8
3	2	27	9	2	-2057265	8
3	2	27	10	0	-124695	64
3	2	27	10	1	2052315	64
3	2	27	11	0	-12195	16
3	2	28	0	3	3600	1
3	2	28	1	2	-54080	9
3	2	28	1	3	191400	1
3	2	28	2	2	-3015320	9
3	2	28	2	3	1490500	1
3	2	28	3	1	30800	1
3	2	28	3	2	-28888750	9
3	2	28	3	3	-1333750	1
3	2	28	4	1	553025	1
3	2	28	4	2	-10458800	3
3	2	28	4	3	-6274125	1
3	2	28	5	0	56320	1
3	2	28	5	1	5257175	3
3	2	28	5	2	19233895	3
3	2	28	5	3	8638575	1
3	2	28	6	0	4844455	9
3	2	28	6	1	385	6
3	2	28	6	2	-8916565	2
3	2	28	6	3	-4233075	1
3	2	28	7	0	3453945	4
3	2	28	7	1	-2670035	3
3	2	28	7	2	5710455	2
3	2	28	7	3	2809125	2
3	2	28	8	0	-1686025	48
3	2	28	8	1	946125	8
3	2	28	8	2	-1322910	1
3	2	28	8	3	-6125625	16
3	2	28	9	0	-4662875	96
3	2	28	9	1	712145	8
3	2	28	9	2	11786265	32
3	2	28	9	3	-111375	32
3	2	28	10	0	-36355	64
3	2	28	10	1	-1862895	64
3	2	28	10	2	286875	64
3	2	28	11	0	73275	128
3	2	28	11	1	-38745	64
3	2	28	12	0	405	32
3	2	29	0	3	400	3
3	2	29	1	3	19200	1
3	2	29	2	2	-148720	9
3	2	29	2	3	386100	1
3	2	29	3	2	-12845800	27
3	2	29	3	3	3294500	3
3	2	29	4	1	34650	1
3	2	29	4	2	-2242350	1
3	2	29	4	3	-2635875	1
3	2	29	5	1	359260	1
3	2	29	5	2	1128050	3
3	2	29	5	3	-306900	1
3	2	29	6	0	98560	3
3	2	29	6	1	3093475	6
3	2	29	6	2	25280885	18
3	2	29	6	3	2219525	1
3	2	29	7	0	565345	3
3	2	29	7	1	-1558315	6
3	2	29	7	2	-1371340	1
3	2	29	7	3	-1244925	1
3	2	29	8	0	2098525	16
3	2	29	8	1	-3423875	48
3	2	29	8	2	3103665	4
3	2	29	8	3	4096125	16
3	2	29	9	0	-5123525	144
3	2	29	9	1	849325	48
3	2	29	9	2	-2806755	16
3	2	29	9	3	37125	2
3	2	29	10	0	133055	64
3	2	29	10	1	86945	32
3	2	29	10	2	-1246635	64
3	2	29	11	0	-10455	32
3	2	29	11	1	64425	32
3	2	29	12	0	-945	32
3	2	30	1	3	800	1
3	2	30	2	3	46200	1
3	2	30	3	2	-743600	27
3	2	30	3	3	442750	1
3	2	30	4	2	-1326875	3
3	2	30	4	3	251625	1
3	2	30	5	1	27720	1
3	2	30	5	2	-921965	1
3	2	30	5	3	-1658250	1
3	2	30	6	1	483175	3
3	2	30	6	2	15687595	18
3	2	30	6	3	2211825	2
3	2	30	7	0	14080	1
3	2	30	7	1	794365	12
3	2	30	7	2	-1094690	3
3	2	30	7	3	-495825	2
3	2	30	8	0	2193125	48
3	2	30	8	1	-3181475	48
3	2	30	8	2	291775	2
3	2	30	8	3	74250	1
3	2	30	9	0	2052875	288
3	2	30	9	1	-994025	288
3	2	30	9	2	-2341785	32
3	2	30	9	3	-152625	4
3	2	30	10	0	-1954865	576
3	2	30	10	1	1413185	192
3	2	30	10	2	2063505	64
3	2	30	10	3	-12375	64
3	2	30	11	0	16345	192
3	2	30	11	1	-310275	128
3	2	30	11	2	1485	8
3	2	30	12	0	7755	256
3	2	30	12	1	-1845	128
3	2	31	2	3	2200	1
3	2	31	3	3	66000	1
3	2	31	4	2	-92950	3
3	2	31	4	3	309375	1
3	2	31	5	2	-838420	3
3	2	31	5	3	-214500	1
3	2	31	6	1	16170	1
3	2	31	6	2	-955955	6
3	2	31	6	3	-837375	2
3	2	31	7	1	48235	1
3	2	31	7	2	925760	3
3	2	31	7	3	430650	1
3	2	31	8	0	4400	1
3	2	31	8	1	-392975	48
3	2	31	8	2	-5181725	24
3	2	31	8	3	-169125	1
3	2	31	9	0	1559525	216
3	2	31	9	1	-18425	6
3	2	31	9	2	796175	8
3	2	31	9	3	34375	1
3	2	31	10	0	-58465	64
3	2	31	10	1	-183245	72
3	2	31	10	2	-1489695	64
3	2	31	10	3	70125	64
3	2	31	11	0	9145	144
3	2	31	11	1	76795	64
3	2	31	11	2	-13875	16
3	2	31	12	0	-2795	128
3	2	31	12	1	6765	128
3	2	32	3	3	11000	3
3	2	32	4	3	61875	1
3	2	32	5	2	-74360	3
3	2	32	5	3	126225	1
3	2	32	6	2	-1076845	9
3	2	32	6	3	-406175	2
3	2	32	7	1	6930	1
3	2	32	7	2	152625	4
3	2	32	7	3	111375	4
3	2	32	8	1	137225	16
3	2	32	8	2	997975	48
3	2	32	8	3	235125	8
3	2	32	9	0	8800	9
3	2	32	9	1	-374825	96
3	2	32	9	2	-16275475	864
3	2	32	9	3	-281875	48
3	2	32	10	0	185185	288
3	2	32	10	1	340835	576
3	2	32	10	2	644005	192
3	2	32	10	3	-159225	64
3	2	32	11	0	-55025	384
3	2	32	11	1	-76795	576
3	2	32	11	2	207725	128
3	2	32	11	3	-825	128
3	2	32	12	0	1445	128
3	2	32	12	1	-19765	256
3	2	32	12	2	55	16
3	2	33	4	3	4125	1
3	2	33	5	3	39600	1
3	2	33	6	2	-130130	9
3	2	33	6	3	40425	2
3	2	33	7	2	-98065	3
3	2	33	7	3	-144375	2
3	2	33	8	1	17325	8
3	2	33	8	2	444125	16
3	2	33	8	3	309375	8
3	2	33	9	1	33275	72
3	2	33	9	2	-5560225	432
3	2	33	9	3	-23375	2
3	2	33	10	0	440	3
3	2	33	10	1	-143275	576
3	2	33	10	2	2981435	576
3	2	33	10	3	176275	64
3	2	33	11	0	5315	288
3	2	33	11	1	-52435	576
3	2	33	11	2	-36385	24
3	2	33	11	3	2475	64
3	2	33	12	0	-2005	576
3	2	33	12	1	11315	192
3	2	33	12	2	-275	16
3	2	34	5	3	3300	1
3	2	34	6	3	17325	1
3	2	34	7	2	-18590	3
3	2	34	7	3	-27225	4
3	2	34	8	2	-211475	48
3	2	34	8	3	-78375	8
3	2	34	9	1	1925	4
3	2	34	9	2	1674475	288
3	2	34	9	3	50875	8
3	2	34	10	1	-14135	96
3	2	34	10	2	-1678325	576
3	2	34	10	3	-81675	64
3	2	34	11	0	40	3
3	2	34	11	1	77275	1152
3	2	34	11	2	389755	576
3	2	34	11	3	-12275	128
3	2	34	12	0	-6205	6912
3	2	34	12	1	-15685	576
3	2	34	12	2	27475	768
3	2	34	12	3	-25	256
3	2	35	6	3	1925	1
3	2	35	7	3	4950	1
3	2	35	8	2	-46475	24
3	2	35	8	3	-37125	8
3	2	35	9	2	67375	216
3	2	35	9	3	2750	3
3	2	35	10	1	1155	16
3	2	35	10	2	15235	64
3	2	35	10	3	-12375	64
3	2	35	11	1	-3175	96
3	2	35	11	2	-13445	288
3	2	35	11	3	3975	32
3	2	35	12	0	5	9
3	2	35	12	1	1295	144
3	2	35	12	2	-138995	3456
3	2	35	12	3	475	768
3	2	36	7	3	825	1
3	2	36	8	3	12375	16
3	2	36	9	2	-46475	108
3	2	36	9	3	-34375	32
3	2	36	10	2	69245	288
3	2	36	10	3	26125	64
3	2	36	11	1	105	16
3	2	36	11	2	-34105	384
3	2	36	11	3	-10875	128
3	2	36	12	1	-5065	2304
3	2	36	12	2	91805	3456
3	2	36	12	3	-425	256
3	2	37	8	3	4125	16
3	2	37	10	2	-9295	144
3	2	37	10	3	-5775	64
3	2	37	11	2	11365	288
3	2	37	11	3	1475	64
3	2	37	12	1	35	128
3	2	37	12	2	-3025	288
3	2	37	12	3	625	256
3	2	38	9	3	1375	24
3	2	38	10	3	-825	32
3	2	38	11	2	-845	144
3	2	38	11	3	675	128
3	2	38	12	2	16435	6912
3	2	38	12	3	-1625	768
3	2	39	10	3	275	32
3	2	39	11	3	-75	16
3	2	39	12	2	-845	3456
3	2	39	12	3	275	256
3	2	40	11	3	25	32
3	2	40	12	3	-75	256
3	2	41	12	3	25	768
3	3	9	0	0	89754480	1
3	3	9	0	1	-141717600	1
3	3	10	0	0	299181600	1
3	3	10	0	1	-188956800	1
3	3	11	0	0	398383920	1
3	3	11	0	1	101170620	1
3	3	11	0	2	11809800	1
3	3	11	1	0	181083600	1
3	3	11	1	1	-236196000	1
3	3	11	2	0	-23619600	1
3	3	12	0	0	49688640	1
3	3	12	0	1	328312440	1
3	3	12	1	0	764750160	1
3	3	12	1	1	-236196000	1
3	3	12	2	0	-47239200	1
3	3	13	0	0	-684764280	1
3	3	13	0	1	171504540	1
3	3	13	0	2	-31492800	1
3	3	13	1	0	1381396680	1
3	3	13	1	1	292883040	1
3	3	13	1	2	23619600	1
3	3	13	2	0	121181670	1
3	3	13	2	1	-209623950	1
3	3	13	3	0	-31492800	1
3	3	14	0	0	-1240019280	1
3	3	14	0	1	-78090480	1
3	3	14	0	2	-13996800	1
3	3	14	1	0	1057545720	1
3	3	14	1	1	511758000	1
3	3	14	1	2	-7873200	1
3	3	14	2	0	823711680	1
3	3	14	2	1	-139749300	1
3	3	14	3	0	-52488000	1
3	3	15	0	0	-1212019200	1
3	3	15	0	1	-123769620	1
3	3	15	0	2	29743200	1
3	3	15	1	0	-289656000	1
3	3	15	1	1	82318680	1
3	3	15	1	2	-60361200	1
3	3	15	2	0	1677516480	1
3	3	15	2	1	347864220	1
3	3	15	2	2	21651300	1
3	3	15	3	0	42318450	1
3	3	15	3	1	-132860250	1
3	3	15	4	0	-32312925	2
3	3	16	0	0	-782766720	1
3	3	16	0	1	-46471320	1
3	3	16	0	2	27993600	1
3	3	16	1	0	-1425664800	1
3	3	16	1	1	-265851720	1
3	3	16	1	2	-7873200	1
3	3	16	2	0	1485847800	1
3	3	16	2	1	379838160	1
3	3	16	2	2	-14434200	1
3	3	16	3	0	522146250	1
3	3	16	3	1	-44286750	1
3	3	16	4	0	-21541950	1
3	3	17	0	0	-355062240	1
3	3	17	0	1	-1777140	1
3	3	17	0	2	-4276800	1
3	3	17	1	0	-1504182960	1
3	3	17	1	1	-176952600	1
3	3	17	1	2	62110800	1
3	3	17	2	0	210527100	1
3	3	17	2	1	-95440680	1
3	3	17	2	2	-50519700	1
3	3	17	3	0	1096221600	1
3	3	17	3	1	250119900	1
3	3	17	3	2	12028500	1
3	3	17	4	0	17113275	2
3	3	17	4	1	-127119375	2
3	3	17	5	0	-3171150	1
3	3	18	0	0	-115470720	1
3	3	18	0	1	-2910240	1
3	3	18	0	2	-17107200	1
3	3	18	1	0	-918164880	1
3	3	18	1	1	3236760	1
3	3	18	1	2	35283600	1
3	3	18	2	0	-809928720	1
3	3	18	2	1	-283289400	1
3	3	18	2	2	9622800	1
3	3	18	3	0	943828200	1
3	3	18	3	1	166649400	1
3	3	18	3	2	-12028500	1
3	3	18	4	0	219240675	1
3	3	18	5	0	-3171150	1
3	3	19	0	0	-26882480	1
3	3	19	0	1	-8332620	1
3	3	19	0	2	-8197200	1
3	3	19	1	0	-370241520	1
3	3	19	1	1	39042000	1
3	3	19	1	2	-20314800	1
3	3	19	2	0	-884828880	1
3	3	19	2	1	-89873550	1
3	3	19	2	2	53727300	1
3	3	19	3	0	186372900	1
3	3	19	3	1	-132690150	1
3	3	19	3	2	-24057000	1
3	3	19	4	0	450155475	1
3	3	19	4	1	481522725	4
3	3	19	4	2	9021375	2
3	3	19	5	0	-371790	1
3	3	19	5	1	-22635450	1
3	3	19	6	0	893025	2
3	3	20	0	0	-13150400	3
3	3	20	0	1	-6023480	1
3	3	20	0	2	844800	1
3	3	20	1	0	-102118000	1
3	3	20	1	1	5467920	1
3	3	20	1	2	-27442800	1
3	3	20	2	0	-486121680	1
3	3	20	2	1	55604880	1
3	3	20	2	2	14434200	1
3	3	20	3	0	-320892300	1
3	3	20	3	1	-155272950	1
3	3	20	3	2	13365000	1
3	3	20	4	0	347457600	1
3	3	20	4	1	78738075	2
3	3	20	4	2	-6014250	1
3	3	20	5	0	64666350	1
3	3	20	5	1	7545150	1
3	3	20	6	0	297675	1
3	3	21	0	0	-476120	1
3	3	21	0	1	-2312620	1
3	3	21	0	2	2692800	1
3	3	21	1	0	-19159000	1
3	3	21	1	1	-10192080	1
3	3	21	1	2	-7246800	1
3	3	21	2	0	-166295250	1
3	3	21	2	1	42985890	1
3	3	21	2	2	-23433300	1
3	3	21	3	0	-322403400	1
3	3	21	3	1	-9228600	1
3	3	21	3	2	25393500	1
3	3	21	4	0	51719850	1
3	3	21	4	1	-305129025	4
3	3	21	4	2	-7016625	1
3	3	21	5	0	124963965	1
3	3	21	5	1	39373290	1
3	3	21	5	2	1202850	1
3	3	21	6	0	-4606875	4
3	3	21	6	1	-23601375	4
3	3	21	7	0	807975	2
3	3	22	0	0	-836080	27
3	3	22	0	1	-541040	1
3	3	22	0	2	1452800	1
3	3	22	1	0	-21112040	9
3	3	22	1	1	-6823200	1
3	3	22	1	2	4105200	1
3	3	22	2	0	-110638000	3
3	3	22	2	1	2866380	1
3	3	22	2	2	-17344800	1
3	3	22	3	0	-149377800	1
3	3	22	3	1	44092800	1
3	3	22	3	2	-445500	1
3	3	22	4	0	-97534800	1
3	3	22	4	1	-48498750	1
3	3	22	4	2	7350750	1
3	3	22	5	0	80475255	1
3	3	22	5	1	743580	1
3	3	22	5	2	-2004750	1
3	3	22	6	0	13996395	1
3	3	22	6	1	7867125	2
3	3	22	7	0	269325	2
3	3	23	0	0	-24640	27
3	3	23	0	1	-2105780	27
3	3	23	0	2	3951200	9
3	3	23	1	0	-1524320	9
3	3	23	1	1	-6288920	3
3	3	23	1	2	4017200	1
3	3	23	2	0	-46632080	9
3	3	23	2	1	-6968000	1
3	3	23	2	2	-861300	1
3	3	23	3	0	-40828150	1
3	3	23	3	1	18411450	1
3	3	23	3	2	-12870000	1
3	3	23	4	0	-156344925	2
3	3	23	4	1	20882925	2
3	3	23	4	2	14144625	2
3	3	23	5	0	3485790	1
3	3	23	5	1	-25636095	1
3	3	23	5	2	-1202850	1
3	3	23	6	0	48469995	2
3	3	23	6	1	17211285	2
3	3	23	6	2	467775	2
3	3	23	7	0	-1771065	4
3	3	23	7	1	-4452975	4
3	3	23	8	0	1686825	16
3	3	24	0	1	-173240	27
3	3	24	0	2	755200	9
3	3	24	1	0	-49280	9
3	3	24	1	1	-3265000	9
3	3	24	1	2	4699600	3
3	3	24	2	0	-3785320	9
3	3	24	2	1	-10155200	3
3	3	24	2	2	4050200	1
3	3	24	3	0	-60709550	9
3	3	24	3	1	-1131050	1
3	3	24	3	2	-5346000	1
3	3	24	4	0	-28375050	1
3	3	24	4	1	16412625	1
3	3	24	4	2	-2524500	1
3	3	24	5	0	-21876030	1
3	3	24	5	1	-7940835	1
3	3	24	5	2	2361150	1
3	3	24	6	0	11801790	1
3	3	24	6	1	-2589300	1
3	3	24	6	2	-467775	1
3	3	24	7	0	9213615	4
3	3	24	7	1	4452975	4
3	3	25	0	1	-6260	27
3	3	25	0	2	30400	3
3	3	25	1	1	-308920	9
3	3	25	1	2	1067600	3
3	3	25	2	0	-135520	9
3	3	25	2	1	-6685580	9
3	3	25	2	2	6997100	3
3	3	25	3	0	-16893800	27
3	3	25	3	1	-8422700	3
3	3	25	3	2	1303500	1
3	3	25	4	0	-34298825	6
3	3	25	4	1	3537450	1
3	3	25	4	2	-3984750	1
3	3	25	5	0	-12573275	1
3	3	25	5	1	5468085	1
3	3	25	5	2	1098900	1
3	3	25	6	0	-5653725	4
3	3	25	6	1	-21173985	4
3	3	25	6	2	-155925	2
3	3	25	7	0	3285810	1
3	3	25	7	1	1189890	1
3	3	25	7	2	66825	2
3	3	25	8	0	-336825	4
3	3	25	8	1	-2399625	16
3	3	25	9	0	122175	8
3	3	26	0	2	6400	9
3	3	26	1	1	-12520	9
3	3	26	1	2	49200	1
3	3	26	2	1	-746240	9
3	3	26	2	2	1975600	3
3	3	26	3	0	-677600	27
3	3	26	3	1	-23511400	27
3	3	26	3	2	16340500	9
3	3	26	4	0	-1857625	3
3	3	26	4	1	-1049950	1
3	3	26	4	2	-676500	1
3	3	26	5	0	-9836035	3
3	3	26	5	1	3300405	1
3	3	26	5	2	-1039500	1
3	3	26	6	0	-3357200	1
3	3	26	6	1	-470505	2
3	3	26	6	2	485100	1
3	3	26	7	0	1005675	1
3	3	26	7	1	-1694835	2
3	3	26	7	2	-155925	2
3	3	26	8	0	581625	2
3	3	26	8	1	799875	4
3	3	26	9	0	-40725	8
3	3	27	0	2	200	9
3	3	27	1	2	11600	3
3	3	27	2	1	-34430	9
3	3	27	2	2	106700	1
3	3	27	3	1	-3214750	27
3	3	27	3	2	6215000	9
3	3	27	4	0	-84700	3
3	3	27	4	1	-7572125	12
3	3	27	4	2	1428625	2
3	3	27	5	0	-1282820	3
3	3	27	5	1	137885	1
3	3	27	5	2	-716100	1
3	3	27	6	0	-3828055	3
3	3	27	6	1	4986975	4
3	3	27	6	2	51975	1
3	3	27	7	0	-1635975	4
3	3	27	7	1	-638460	1
3	3	27	7	2	14850	1
3	3	27	8	0	299475	1
3	3	27	8	1	5526225	64
3	3	27	8	2	111375	32
3	3	27	9	0	-131175	16
3	3	27	9	1	-28125	2
3	3	27	10	0	42075	32
3	3	28	1	2	400	3
3	3	28	2	2	28600	3
3	3	28	3	1	-172150	27
3	3	28	3	2	407000	3
3	3	28	4	1	-674575	6
3	3	28	4	2	442750	1
3	3	28	5	0	-67760	3
3	3	28	5	1	-832645	3
3	3	28	5	2	58300	1
3	3	28	6	0	-1889195	9
3	3	28	6	1	327635	1
3	3	28	6	2	-219450	1
3	3	28	7	0	-3898565	12
3	3	28	7	1	309825	2
3	3	28	7	2	64350	1
3	3	28	8	0	30800	1
3	3	28	8	1	-4353075	32
3	3	28	8	2	-37125	4
3	3	28	9	0	430925	16
3	3	28	9	1	46875	2
3	3	28	10	0	-14025	16
3	3	29	2	2	1100	3
3	3	29	3	2	126500	9
3	3	29	4	1	-86075	12
3	3	29	4	2	111375	1
3	3	29	5	1	-218185	3
3	3	29	5	2	171050	1
3	3	29	6	0	-118580	9
3	3	29	6	1	-535150	9
3	3	29	6	2	-198275	3
3	3	29	7	0	-219065	3
3	3	29	7	1	146575	1
3	3	29	7	2	-14025	1
3	3	29	8	0	-4611475	96
3	3	29	8	1	-2190975	64
3	3	29	8	2	37125	8
3	3	29	9	0	1575475	96
3	3	29	9	1	-575	2
3	3	29	9	2	4125	16
3	3	29	10	0	-36685	128
3	3	29	10	1	-111675	128
3	3	29	11	0	2025	32
3	3	30	3	2	5500	9
3	3	30	4	2	13750	1
3	3	30	5	1	-17215	3
3	3	30	5	2	61050	1
3	3	30	6	1	-291445	9
3	3	30	6	2	100100	3
3	3	30	7	0	-16940	3
3	3	30	7	1	33055	6
3	3	30	7	2	-26675	1
3	3	30	8	0	-841225	48
3	3	30	8	1	458425	16
3	3	30	8	2	20625	4
3	3	30	9	0	-222475	96
3	3	30	9	1	-190775	16
3	3	30	9	2	-12375	16
3	3	30	10	0	26125	16
3	3	30	10	1	111675	64
3	3	30	11	0	-2025	32
3	3	31	4	2	1375	2
3	3	31	5	2	9350	1
3	3	31	6	1	-120505	36
3	3	31	6	2	44275	2
3	3	31	7	1	-114895	12
3	3	31	7	2	-550	1
3	3	31	8	0	-21175	12
3	3	31	8	1	1415425	192
3	3	31	8	2	-50875	16
3	3	31	9	0	-587125	216
3	3	31	9	1	32175	32
3	3	31	9	2	9625	16
3	3	31	10	0	27115	72
3	3	31	10	1	-40245	64
3	3	31	10	2	825	64
3	3	31	11	0	4475	384
3	3	31	11	1	-4125	128
3	3	31	12	0	675	512
3	3	32	5	2	550	1
3	3	32	6	2	13475	3
3	3	32	7	1	-17215	12
3	3	32	7	2	4950	1
3	3	32	8	1	-158125	96
3	3	32	8	2	-6875	4
3	3	32	9	0	-21175	54
3	3	32	9	1	1725625	864
3	3	32	9	2	26125	144
3	3	32	10	0	-66605	288
3	3	32	10	1	-23155	48
3	3	32	10	2	-1375	32
3	3	32	11	0	59845	1152
3	3	32	11	1	9625	128
3	3	32	12	0	-225	128
3	3	33	6	2	1925	6
3	3	33	7	2	3025	2
3	3	33	8	1	-86075	192
3	3	33	8	2	4125	8
3	3	33	9	1	-58025	864
3	3	33	9	2	-42625	144
3	3	33	10	0	-4235	72
3	3	33	10	1	126115	576
3	3	33	10	2	8525	192
3	3	33	11	0	-1435	288
3	3	33	11	1	-9445	192
3	3	33	11	2	25	64
3	3	33	12	0	4135	4608
3	3	33	12	1	-275	512
3	3	34	7	2	275	2
3	3	34	8	2	1375	4
3	3	34	9	1	-86075	864
3	3	34	9	2	-1375	48
3	3	34	10	1	5005	144
3	3	34	10	2	-275	48
3	3	34	11	0	-385	72
3	3	34	11	1	25	72
3	3	34	11	2	-275	192
3	3	34	12	0	3185	6912
3	3	34	12	1	275	192
3	3	35	8	2	1375	32
3	3	35	9	2	6875	144
3	3	35	10	1	-17215	1152
3	3	35	10	2	-825	64
3	3	35	11	1	8335	1152
3	3	35	11	2	175	96
3	3	35	12	0	-385	1728
3	3	35	12	1	-36215	27648
3	3	35	12	2	25	4608
3	3	36	9	2	1375	144
3	3	36	10	2	275	96
3	3	36	11	1	-1565	1152
3	3	36	11	2	-25	32
3	3	36	12	1	6515	13824
3	3	36	12	2	-25	1152
3	3	37	10	2	275	192
3	3	37	11	2	-25	192
3	3	37	12	1	-1565	27648
3	3	37	12	2	25	768
3	3	38	11	2	25	192
3	3	38	12	2	-25	1152
3	3	39	12	2	25	4608
3	4	12	0	0	32192640	1
3	4	12	1	0	-48288960	1
3	4	13	0	0	118039680	1
3	4	13	1	0	-160963200	1
3	4	14	0	0	196732800	1
3	4	14	1	0	-177059520	1
3	4	14	2	0	-88529760	1
3	4	15	0	0	196732800	1
3	4	15	2	0	-265589280	1
3	4	16	0	0	131155200	1
3	4	16	1	0	196732800	1
3	4	16	2	0	-295099200	1
3	4	16	3	0	-73774800	1
3	4	17	0	0	61205760	1
3	4	17	1	0	236079360	1
3	4	17	2	0	-98366400	1
3	4	17	3	0	-196732800	1
3	4	18	0	0	20401920	1
3	4	18	1	0	153014400	1
3	4	18	2	0	98366400	1
3	4	18	3	0	-196732800	1
3	4	18	4	0	-36887400	1
3	4	19	0	0	4857600	1
3	4	19	1	0	64120320	1
3	4	19	2	0	137712960	1
3	4	19	3	0	-65577600	1
3	4	19	4	0	-86070600	1
3	4	20	0	0	809600	1
3	4	20	1	0	18216000	1
3	4	20	2	0	81607680	1
3	4	20	3	0	38253600	1
3	4	20	4	0	-73774800	1
3	4	20	5	0	-12295800	1
3	4	21	0	0	809600	9
3	4	21	1	0	10524800	3
3	4	21	2	0	29145600	1
3	4	21	3	0	51004800	1
3	4	21	4	0	-19126800	1
3	4	21	5	0	-24591600	1
3	4	22	0	0	161920	27
3	4	22	1	0	3967040	9
3	4	22	2	0	6679200	1
3	4	22	3	0	25502400	1
3	4	22	4	0	12751200	1
3	4	22	5	0	-17214120	1
3	4	22	6	0	-2869020	1
3	4	23	0	0	14720	81
3	4	23	1	0	294400	9
3	4	23	2	0	8703200	9
3	4	23	3	0	7286400	1
3	4	23	4	0	12751200	1
3	4	23	5	0	-2550240	1
3	4	23	6	0	-4781700	1
3	4	24	1	0	29440	27
3	4	24	2	0	80960	1
3	4	24	3	0	3744400	3
3	4	24	4	0	4958800	1
3	4	24	5	0	3187800	1
3	4	24	6	0	-2550240	1
3	4	24	7	0	-478170	1
3	4	25	2	0	80960	27
3	4	25	3	0	3238400	27
3	4	25	4	0	3137200	3
3	4	25	5	0	2125200	1
3	4	25	7	0	-637560	1
3	4	26	3	0	404800	81
3	4	26	4	0	354200	3
3	4	26	5	0	1771000	3
3	4	26	6	0	531300	1
3	4	26	7	0	-227700	1
3	4	26	8	0	-56925	1
3	4	27	4	0	50600	9
3	4	27	5	0	80960	1
3	4	27	6	0	672980	3
3	4	27	7	0	50600	1
3	4	27	8	0	-56925	1
3	4	28	5	0	40480	9
3	4	28	6	0	354200	9
3	4	28	7	0	164450	3
3	4	28	8	0	-18975	2
3	4	28	9	0	-18975	4
3	4	29	6	0	70840	27
3	4	29	7	0	40480	3
3	4	29	8	0	44275	6
3	4	29	9	0	-6325	2
3	4	30	7	0	10120	9
3	4	30	8	0	6325	2
3	4	30	9	0	6325	36
3	4	30	10	0	-6325	24
3	4	31	8	0	6325	18
3	4	31	9	0	12650	27
3	4	31	10	0	-6325	72
3	4	32	9	0	6325	81
3	4	32	10	0	1265	36
3	4	32	11	0	-1265	144
3	4	33	10	0	1265	108
3	4	34	11	0	115	108
3	4	34	12	0	-115	864
3	4	35	12	0	115	2592
4	0	2	0	0	215233605	1
4	0	3	0	0	358722675	1
4	0	4	0	0	4400331480	1
4	0	4	0	1	1076168025	1
4	0	4	1	0	215233605	1
4	0	5	0	0	2104506360	1
4	0	5	0	1	693530505	1
4	0	5	1	0	-47829690	1
4	0	6	0	0	14999922225	1
4	0	6	0	1	9621739305	1
4	0	6	0	2	1315316475	1
4	0	6	1	0	6736014675	1
4	0	6	1	1	3085015005	2
4	0	6	2	0	502211745	2
4	0	7	0	0	18147824415	1
4	0	7	0	1	5550901245	1
4	0	7	0	2	-534098205	1
4	0	7	1	0	6132829140	1
4	0	7	1	1	1889272755	1
4	0	7	2	0	183347145	2
4	0	8	0	0	-10075530870	1
4	0	8	0	1	-1743126480	1
4	0	8	0	2	427810005	1
4	0	8	0	3	47829690	1
4	0	8	1	0	25956464175	1
4	0	8	1	1	35029933515	2
4	0	8	1	2	5651875035	2
4	0	8	2	0	11790018585	2
4	0	8	2	1	4806883845	4
4	0	8	3	0	135517455	1
4	0	9	0	0	-11964311550	1
4	0	9	0	1	-9895431420	1
4	0	9	0	2	-6530524155	1
4	0	9	0	3	-132860250	1
4	0	9	1	0	20138661450	1
4	0	9	1	1	11133688950	1
4	0	9	1	2	-2851180965	1
4	0	9	2	0	12635009775	2
4	0	9	2	1	7883927235	4
4	0	9	3	0	175375530	1
4	0	10	0	0	27559513305	1
4	0	10	0	1	-20885434470	1
4	0	10	0	2	-1553579190	1
4	0	10	0	3	-201947580	1
4	0	10	1	0	-18913099455	1
4	0	10	1	1	-11869734735	1
4	0	10	1	2	6041598435	2
4	0	10	1	3	63772920	1
4	0	10	2	0	39544820055	2
4	0	10	2	1	30916580175	2
4	0	10	2	2	10976913855	4
4	0	10	3	0	6250631895	2
4	0	10	3	1	5699704725	8
4	0	10	4	0	470325285	8
4	0	11	0	0	45908618265	1
4	0	11	0	1	-13957543350	1
4	0	11	0	2	12587868990	1
4	0	11	0	3	823438305	1
4	0	11	0	4	-10628820	1
4	0	11	1	0	-983756340	1
4	0	11	1	1	-25845156810	1
4	0	11	1	2	-13871791080	1
4	0	11	1	3	-216119340	1
4	0	11	2	0	19610468145	2
4	0	11	2	1	16057489815	2
4	0	11	2	2	-16528700835	4
4	0	11	3	0	3585455280	1
4	0	11	3	1	1751098095	2
4	0	11	4	0	165632445	2
4	0	12	0	0	16730305785	1
4	0	12	0	1	11951047395	1
4	0	12	0	2	1627390440	1
4	0	12	0	3	-95462550	1
4	0	12	0	4	49601160	1
4	0	12	1	0	117837670455	2
4	0	12	1	1	-25733193345	1
4	0	12	1	2	-36610380	1
4	0	12	1	3	-243872370	1
4	0	12	1	4	-10628820	1
4	0	12	2	0	-13032967230	1
4	0	12	2	1	-41237754885	2
4	0	12	2	2	4928820030	1
4	0	12	2	3	71744535	2
4	0	12	3	0	37350362385	4
4	0	12	3	1	34316031105	4
4	0	12	3	2	13063705515	8
4	0	12	4	0	15354806715	16
4	0	12	4	1	4790940615	16
4	0	12	5	0	624443175	32
4	0	13	0	0	-22379037615	1
4	0	13	0	1	25092949095	1
4	0	13	0	2	-9708924060	1
4	0	13	0	3	-1273982175	1
4	0	13	0	4	-66134880	1
4	0	13	1	0	63712365615	1
4	0	13	1	1	-10784228220	1
4	0	13	1	2	25032642570	1
4	0	13	1	3	1444535370	1
4	0	13	1	4	28343520	1
4	0	13	2	0	9340808220	1
4	0	13	2	1	-38931891435	2
4	0	13	2	2	-14093815320	1
4	0	13	2	3	-268377705	2
4	0	13	3	0	3218826600	1
4	0	13	3	1	1836128655	1
4	0	13	3	2	-3242675835	1
4	0	13	4	0	18287573715	16
4	0	13	4	1	2169165015	16
4	0	13	5	0	237672225	16
4	0	14	0	0	-36907720470	1
4	0	14	0	1	9683070075	1
4	0	14	0	2	-427729815	1
4	0	14	0	3	293757840	1
4	0	14	0	4	-24406920	1
4	0	14	1	0	10088909235	2
4	0	14	1	1	46106957295	2
4	0	14	1	2	-3971460780	1
4	0	14	1	3	-679260330	1
4	0	14	1	4	38972340	1
4	0	14	2	0	183771623475	4
4	0	14	2	1	-14785924275	2
4	0	14	2	2	3564197640	1
4	0	14	2	3	-392577435	2
4	0	14	2	4	-19486170	1
4	0	14	3	0	-4730601285	1
4	0	14	3	1	-62641049085	4
4	0	14	3	2	8575981515	2
4	0	14	3	3	38677095	2
4	0	14	4	0	46221752925	16
4	0	14	4	1	53419563585	16
4	0	14	4	2	10505112345	16
4	0	14	5	0	5633176185	32
4	0	14	5	1	2286082035	32
4	0	14	6	0	136698435	64
4	0	15	0	0	-28474490790	1
4	0	15	0	1	-10192168035	1
4	0	15	0	2	4726854225	1
4	0	15	0	3	1158541380	1
4	0	15	0	4	109831140	1
4	0	15	1	0	-48542302080	1
4	0	15	1	1	37528836165	1
4	0	15	1	2	-17537757120	1
4	0	15	1	3	-1998218160	1
4	0	15	1	4	-186594840	1
4	0	15	2	0	143714174265	4
4	0	15	2	1	-11432159775	2
4	0	15	2	2	21442069710	1
4	0	15	2	3	1214539515	1
4	0	15	2	4	77944680	1
4	0	15	3	0	6531646815	1
4	0	15	3	1	-6783188265	2
4	0	15	3	2	-9003430665	1
4	0	15	3	3	-65544390	1
4	0	15	4	0	15048561105	16
4	0	15	4	1	-13438273005	16
4	0	15	4	2	-25960794435	16
4	0	15	5	0	1369247895	8
4	0	15	5	1	35724645	16
4	0	15	6	0	106583445	64
4	0	16	0	0	-14471035650	1
4	0	16	0	1	-12086344800	1
4	0	16	0	2	-671660505	1
4	0	16	0	3	-110443500	1
4	0	16	0	4	-19945440	1
4	0	16	1	0	-57663193275	1
4	0	16	1	1	16399534185	2
4	0	16	1	2	9194559885	2
4	0	16	1	3	1244053080	1
4	0	16	1	4	109437480	1
4	0	16	2	0	-9669644325	1
4	0	16	2	1	65712807225	4
4	0	16	2	2	-9824120640	1
4	0	16	2	3	-1806079275	2
4	0	16	2	4	-51963120	1
4	0	16	3	0	157028078655	8
4	0	16	3	1	5936775525	4
4	0	16	3	2	8349823845	2
4	0	16	3	3	-125282295	1
4	0	16	3	4	-16238475	1
4	0	16	4	0	-21049718265	16
4	0	16	4	1	-100320084765	16
4	0	16	4	2	38870283645	16
4	0	16	4	3	29229255	2
4	0	16	5	0	20389411935	32
4	0	16	5	1	29415160935	32
4	0	16	5	2	5856381405	32
4	0	16	6	0	578713005	32
4	0	16	6	1	349274835	64
4	0	16	7	0	-22733865	128
4	0	17	0	0	-5238859530	1
4	0	17	0	1	-2913724170	1
4	0	17	0	2	-2584040805	1
4	0	17	0	3	-700627320	1
4	0	17	0	4	-86080320	1
4	0	17	1	0	-37654779420	1
4	0	17	1	1	-20691546930	1
4	0	17	1	2	7436475945	1
4	0	17	1	3	1694691720	1
4	0	17	1	4	195255360	1
4	0	17	2	0	-40785414975	1
4	0	17	2	1	108645665715	4
4	0	17	2	2	-12282775200	1
4	0	17	2	3	-2769977655	2
4	0	17	2	4	-171045270	1
4	0	17	3	0	11709666180	1
4	0	17	3	1	-6021504765	1
4	0	17	3	2	10379691540	1
4	0	17	3	3	1435273425	2
4	0	17	3	4	75779550	1
4	0	17	4	0	30943640655	16
4	0	17	4	1	40981394745	16
4	0	17	4	2	-66531743955	16
4	0	17	4	3	-98119755	2
4	0	17	5	0	4395873645	16
4	0	17	5	1	-5940099765	8
4	0	17	5	2	-8666129655	16
4	0	17	6	0	-214643115	32
4	0	17	6	1	706127625	64
4	0	17	7	0	5347215	32
4	0	18	0	0	-1380367650	1
4	0	18	0	1	2978509140	1
4	0	18	0	2	-4338270	1
4	0	18	0	3	-95859720	1
4	0	18	0	4	23211360	1
4	0	18	1	0	-16421652255	1
4	0	18	1	1	-16901387910	1
4	0	18	1	2	-7769547135	2
4	0	18	1	3	-818744760	1
4	0	18	1	4	-187032240	1
4	0	18	2	0	-77599413855	2
4	0	18	2	1	1156456845	1
4	0	18	2	2	31465942425	4
4	0	18	2	3	2997535005	2
4	0	18	2	4	251155080	1
4	0	18	3	0	-8607993525	1
4	0	18	3	1	62811450405	8
4	0	18	3	2	-8179252425	1
4	0	18	3	3	-1355885325	2
4	0	18	3	4	-97430850	1
4	0	18	4	0	23045856345	4
4	0	18	4	1	4800723795	16
4	0	18	4	2	40347966645	16
4	0	18	4	3	-65774025	2
4	0	18	4	4	-16238475	2
4	0	18	5	0	-15201789615	32
4	0	18	5	1	-42172019415	32
4	0	18	5	2	30080577555	32
4	0	18	5	3	17419455	2
4	0	18	6	0	8199679005	64
4	0	18	6	1	2579030685	16
4	0	18	6	2	2244682125	64
4	0	18	7	0	-3488265	64
4	0	18	7	1	-185709105	128
4	0	18	8	0	492075	32
4	0	19	0	0	-263835010	1
4	0	19	0	1	3084749080	1
4	0	19	0	2	1156374930	1
4	0	19	0	3	255629790	1
4	0	19	0	4	45654840	1
4	0	19	1	0	-5029195720	1
4	0	19	1	1	-784122120	1
4	0	19	1	2	-3733842780	1
4	0	19	1	3	-1051435080	1
4	0	19	1	4	-113957280	1
4	0	19	2	0	-43056813645	2
4	0	19	2	1	-17804424780	1
4	0	19	2	2	15165157635	4
4	0	19	2	3	1929666645	2
4	0	19	2	4	75057840	1
4	0	19	3	0	-19036787670	1
4	0	19	3	1	13121185545	1
4	0	19	3	2	-3919721220	1
4	0	19	3	3	-1136507355	2
4	0	19	3	4	-57736800	1
4	0	19	4	0	5545168875	2
4	0	19	4	1	-63375125355	16
4	0	19	4	2	50511742965	16
4	0	19	4	3	5153938875	16
4	0	19	4	4	167797575	4
4	0	19	5	0	315738405	1
4	0	19	5	1	25890715665	16
4	0	19	5	2	-11844270765	8
4	0	19	5	3	-65839635	2
4	0	19	6	0	3218181435	64
4	0	19	6	1	-1905128505	8
4	0	19	6	2	-7733264805	64
4	0	19	7	0	-208271655	32
4	0	19	7	1	27785835	4
4	0	19	8	0	-10880325	64
4	0	20	0	0	-321859940	9
4	0	20	0	1	4318370170	3
4	0	20	0	2	489122650	1
4	0	20	0	3	105425220	1
4	0	20	0	4	-7998480	1
4	0	20	1	0	-3272141350	3
4	0	20	1	1	5790977850	1
4	0	20	1	2	1315626795	1
4	0	20	1	3	196102980	1
4	0	20	1	4	128683080	1
4	0	20	2	0	-7908889195	1
4	0	20	2	1	-19567612575	2
4	0	20	2	2	-4798053540	1
4	0	20	2	3	-2090103345	2
4	0	20	2	4	-264947760	1
4	0	20	3	0	-60055386585	4
4	0	20	3	1	-2171451240	1
4	0	20	3	2	42483737385	8
4	0	20	3	3	1969773795	2
4	0	20	3	4	209295900	1
4	0	20	4	0	-14200701975	4
4	0	20	4	1	29354557545	8
4	0	20	4	2	-60470150265	16
4	0	20	4	3	-3022998975	8
4	0	20	4	4	-70366725	1
4	0	20	5	0	11337458625	8
4	0	20	5	1	-21151513395	32
4	0	20	5	2	33462743895	32
4	0	20	5	3	59322375	4
4	0	20	5	4	-5412825	2
4	0	20	6	0	-704103435	4
4	0	20	6	1	-5992172235	64
4	0	20	6	2	7925749965	32
4	0	20	6	3	53504955	16
4	0	20	7	0	3335849325	128
4	0	20	7	1	402440805	32
4	0	20	7	2	569483865	128
4	0	20	8	0	-3211245	16
4	0	20	8	1	-28376325	64
4	0	20	9	0	2263545	128
4	0	21	0	0	-88421120	27
4	0	21	0	1	3725830510	9
4	0	21	0	2	-262836710	3
4	0	21	0	3	-36734090	1
4	0	21	0	4	-17360640	1
4	0	21	1	0	-494497420	3
4	0	21	1	1	12279760180	3
4	0	21	1	2	1880447900	1
4	0	21	1	3	437745900	1
4	0	21	1	4	55175040	1
4	0	21	2	0	-5959450720	3
4	0	21	2	1	4065912045	2
4	0	21	2	2	-1695836760	1
4	0	21	2	3	-1149659325	2
4	0	21	2	4	2886840	1
4	0	21	3	0	-6964429425	1
4	0	21	3	1	-8836689465	1
4	0	21	3	2	174089970	1
4	0	21	3	3	435122685	2
4	0	21	3	4	-56133000	1
4	0	21	4	0	-11435197635	2
4	0	21	4	1	8658566415	2
4	0	21	4	2	-4174236585	16
4	0	21	4	3	-1929212235	16
4	0	21	4	4	10224225	1
4	0	21	5	0	524880135	1
4	0	21	5	1	-5015756925	4
4	0	21	5	2	9535289625	16
4	0	21	5	3	392905485	4
4	0	21	5	4	15155910	1
4	0	21	6	0	503294715	8
4	0	21	6	1	25459028595	64
4	0	21	6	2	-12861677745	32
4	0	21	6	3	-227262105	16
4	0	21	7	0	-18051255	8
4	0	21	7	1	-1206090405	32
4	0	21	7	2	-559088325	32
4	0	21	8	0	-56566755	64
4	0	21	8	1	53001945	32
4	0	21	9	0	-8401725	128
4	0	22	0	0	-14828000	81
4	0	22	0	1	232978570	3
4	0	22	0	2	-1340024330	9
4	0	22	0	3	-36147120	1
4	0	22	0	4	-217200	1
4	0	22	1	0	-149493200	9
4	0	22	1	1	13359437215	9
4	0	22	1	2	341799815	1
4	0	22	1	3	51397780	1
4	0	22	1	4	-49496040	1
4	0	22	2	0	-1018371860	3
4	0	22	2	1	4398211850	1
4	0	22	2	2	3626438065	2
4	0	22	2	3	759886515	2
4	0	22	2	4	151238340	1
4	0	22	3	0	-4172726975	2
4	0	22	3	1	-11072088615	4
4	0	22	3	2	-2654699115	1
4	0	22	3	3	-1284487875	2
4	0	22	3	4	-157172400	1
4	0	22	4	0	-29623716975	8
4	0	22	4	1	-7412525505	4
4	0	22	4	2	15325533045	8
4	0	22	4	3	1706598315	4
4	0	22	4	4	91216125	1
4	0	22	5	0	-7714590795	8
4	0	22	5	1	11549558745	8
4	0	22	5	2	-36248664375	32
4	0	22	5	3	-628970265	4
4	0	22	5	4	-60262785	2
4	0	22	6	0	4887355725	16
4	0	22	6	1	-2837480625	8
4	0	22	6	2	20879885565	64
4	0	22	6	3	247623075	16
4	0	22	6	4	-2525985	4
4	0	22	7	0	-84059775	2
4	0	22	7	1	2145159045	128
4	0	22	7	2	2778915195	64
4	0	22	7	3	13417245	16
4	0	22	8	0	518274045	128
4	0	22	8	1	-62369595	64
4	0	22	8	2	10800135	32
4	0	22	9	0	1262385	64
4	0	22	9	1	-7140555	128
4	0	22	10	0	76545	32
4	0	23	0	0	-14320	3
4	0	23	0	1	756033860	81
4	0	23	0	2	-564220090	9
4	0	23	0	3	-54884780	9
4	0	23	0	4	4214600	1
4	0	23	1	0	-27336160	27
4	0	23	1	1	987843910	3
4	0	23	1	2	-881425180	3
4	0	23	1	3	-95055920	1
4	0	23	1	4	-23475600	1
4	0	23	2	0	-114092000	3
4	0	23	2	1	20058110800	9
4	0	23	2	2	2228723615	2
4	0	23	2	3	532561445	2
4	0	23	2	4	-5052960	1
4	0	23	3	0	-3696809875	9
4	0	23	3	1	1848193500	1
4	0	23	3	2	2529340	1
4	0	23	3	3	-203612775	2
4	0	23	3	4	74131200	1
4	0	23	4	0	-11089866625	8
4	0	23	4	1	-21838597335	8
4	0	23	4	2	-4710118005	8
4	0	23	4	3	-774721125	16
4	0	23	4	4	-67359600	1
4	0	23	5	0	-1173561180	1
4	0	23	5	1	3427602435	4
4	0	23	5	2	254753235	1
4	0	23	5	3	15314670	1
4	0	23	5	4	17120565	1
4	0	23	6	0	979184115	16
4	0	23	6	1	-677182275	4
4	0	23	6	2	2586656835	64
4	0	23	6	3	125899515	8
4	0	23	6	4	7577955	2
4	0	23	7	0	176318235	8
4	0	23	7	1	370118565	8
4	0	23	7	2	-2531052765	32
4	0	23	7	3	-15728175	4
4	0	23	8	0	-395350875	128
4	0	23	8	1	-130961205	64
4	0	23	8	2	-47607345	32
4	0	23	9	0	-108945	2
4	0	23	9	1	26928045	128
4	0	23	10	0	-1145745	128
4	0	24	0	1	53216150	81
4	0	24	0	2	-14491470	1
4	0	24	0	3	9290710	3
4	0	24	0	4	951200	1
4	0	24	1	0	-28640	1
4	0	24	1	1	1222135015	27
4	0	24	1	2	-602680805	3
4	0	24	1	3	-119855320	3
4	0	24	1	4	9854400	1
4	0	24	2	0	-68794880	27
4	0	24	2	1	3655699135	6
4	0	24	2	2	-194743385	3
4	0	24	2	3	-97275625	2
4	0	24	2	4	-55796400	1
4	0	24	3	0	-1399126300	27
4	0	24	3	1	3528793775	2
4	0	24	3	2	12172154285	12
4	0	24	3	3	491864235	2
4	0	24	3	4	71621550	1
4	0	24	4	0	-1291146725	4
4	0	24	4	1	-1856924675	8
4	0	24	4	2	-1523041275	2
4	0	24	4	3	-1848785625	8
4	0	24	4	4	-41943825	1
4	0	24	5	0	-2395440965	4
4	0	24	5	1	-5908215555	8
4	0	24	5	2	391479390	1
4	0	24	5	3	492805215	4
4	0	24	5	4	42941745	2
4	0	24	6	0	-1512042525	8
4	0	24	6	1	2996515935	8
4	0	24	6	2	-1852412625	8
4	0	24	6	3	-89447085	2
4	0	24	6	4	-17120565	2
4	0	24	7	0	1577695815	32
4	0	24	7	1	-647208495	8
4	0	24	7	2	9655359165	128
4	0	24	7	3	47692395	8
4	0	24	7	4	-841995	8
4	0	24	8	0	-696751605	128
4	0	24	8	1	499908105	128
4	0	24	8	2	154111815	32
4	0	24	8	3	17966205	128
4	0	24	9	0	96159825	256
4	0	24	9	1	-10817955	32
4	0	24	9	2	1286685	128
4	0	24	10	0	2530845	256
4	0	24	10	1	-1133595	256
4	0	24	11	0	47385	256
4	0	25	0	1	1677080	81
4	0	25	0	2	-17966530	9
4	0	25	0	3	5710190	3
4	0	25	0	4	-452800	1
4	0	25	1	1	96369820	27
4	0	25	1	2	-58549890	1
4	0	25	1	3	2208360	1
4	0	25	1	4	6916800	1
4	0	25	2	0	-78760	1
4	0	25	2	1	5293143625	54
4	0	25	2	2	-749056255	3
4	0	25	2	3	-433352455	6
4	0	25	2	4	-3699300	1
4	0	25	3	0	-312076600	81
4	0	25	3	1	1917185050	3
4	0	25	3	2	2486313575	9
4	0	25	3	3	126820835	2
4	0	25	3	4	-33683100	1
4	0	25	4	0	-139846300	3
4	0	25	4	1	4361200375	6
4	0	25	4	2	1073500365	4
4	0	25	4	3	599466525	16
4	0	25	4	4	51150825	1
4	0	25	5	0	-343282445	2
4	0	25	5	1	-1020693225	2
4	0	25	5	2	-1114340775	4
4	0	25	5	3	-216940545	4
4	0	25	5	4	-30311820	1
4	0	25	6	0	-658638225	4
4	0	25	6	1	132482805	2
4	0	25	6	2	893750445	8
4	0	25	6	3	163729755	8
4	0	25	6	4	30031155	4
4	0	25	7	0	-5688195	8
4	0	25	7	1	16921395	4
4	0	25	7	2	-115270425	8
4	0	25	7	3	-6928335	16
4	0	25	7	4	2686365	4
4	0	25	8	0	660062115	128
4	0	25	8	1	201014865	128
4	0	25	8	2	-170210565	16
4	0	25	8	3	-91711845	128
4	0	25	9	0	-38513925	64
4	0	25	9	1	31577985	128
4	0	25	9	2	-6290055	128
4	0	25	10	0	-1515915	256
4	0	25	10	1	4363065	256
4	0	25	11	0	-91125	128
4	0	26	0	2	-1392950	9
4	0	26	0	3	4244740	9
4	0	26	0	4	-236320	1
4	0	26	1	1	3354160	27
4	0	26	1	2	-28426055	3
4	0	26	1	3	5882960	1
4	0	26	1	4	-265200	1
4	0	26	2	1	237345185	27
4	0	26	2	2	-202439985	2
4	0	26	2	3	-23271425	2
4	0	26	2	4	12784200	1
4	0	26	3	0	-393800	3
4	0	26	3	1	40305755875	324
4	0	26	3	2	-2345736475	18
4	0	26	3	3	-904105655	18
4	0	26	3	4	-24163700	1
4	0	26	4	0	-35022350	9
4	0	26	4	1	410177075	1
4	0	26	4	2	2320325975	8
4	0	26	4	3	81098520	1
4	0	26	4	4	11300850	1
4	0	26	5	0	-29010410	1
4	0	26	5	1	2129677135	24
4	0	26	5	2	-404416875	4
4	0	26	5	3	-191093925	4
4	0	26	5	4	-1611225	2
4	0	26	6	0	-186771970	3
4	0	26	6	1	-670853645	4
4	0	26	6	2	294236145	8
4	0	26	6	3	166537035	8
4	0	26	6	4	7141365	4
4	0	26	7	0	-414886015	16
4	0	26	7	1	465477705	8
4	0	26	7	2	-243185625	8
4	0	26	7	3	-7854300	1
4	0	26	7	4	-1683990	1
4	0	26	8	0	628388625	128
4	0	26	8	1	-313373565	32
4	0	26	8	2	195385635	16
4	0	26	8	3	84757995	64
4	0	26	8	4	-200475	16
4	0	26	9	0	-76308315	256
4	0	26	9	1	2897235	16
4	0	26	9	2	4756995	16
4	0	26	9	3	125145	8
4	0	26	10	0	9672885	512
4	0	26	10	1	-4737825	128
4	0	26	10	2	-65205	128
4	0	26	11	0	330615	256
4	0	26	11	1	-66825	256
4	0	26	12	0	5265	512
4	0	27	0	2	-15710	3
4	0	27	0	3	191195	3
4	0	27	0	4	-18340	1
4	0	27	1	2	-2503120	3
4	0	27	1	3	5796860	3
4	0	27	1	4	-1007520	1
4	0	27	2	1	9223940	27
4	0	27	2	2	-119720645	6
4	0	27	2	3	13071855	2
4	0	27	2	4	2864400	1
4	0	27	3	1	1048366825	81
4	0	27	3	2	-95666175	1
4	0	27	3	3	-140485475	6
4	0	27	3	4	7031200	1
4	0	27	4	0	-147675	1
4	0	27	4	1	7335096175	72
4	0	27	4	2	43840825	8
4	0	27	4	3	-60648695	16
4	0	27	4	4	-39043125	2
4	0	27	5	0	-24828100	9
4	0	27	5	1	636189235	4
4	0	27	5	2	106358315	1
4	0	27	5	3	52768065	2
4	0	27	5	4	16315695	1
4	0	27	6	0	-114406600	9
4	0	27	6	1	-1171744735	24
4	0	27	6	2	-506665775	8
4	0	27	6	3	-305807145	16
4	0	27	6	4	-7536375	1
4	0	27	7	0	-120592835	8
4	0	27	7	1	-8769560	1
4	0	27	7	2	194189655	8
4	0	27	7	3	108223515	16
4	0	27	7	4	1902285	1
4	0	27	8	0	-172685075	128
4	0	27	8	1	143139465	32
4	0	27	8	2	-341074305	64
4	0	27	8	3	-199278225	256
4	0	27	8	4	5412825	64
4	0	27	9	0	20381325	32
4	0	27	9	1	-9254115	64
4	0	27	9	2	-58290795	64
4	0	27	9	3	-5508135	64
4	0	27	10	0	-27395625	512
4	0	27	10	1	6503625	128
4	0	27	10	2	354375	128
4	0	27	11	0	-18495	16
4	0	27	11	1	65205	64
4	0	27	12	0	-38475	1024
4	0	28	0	3	13750	3
4	0	28	0	4	11720	1
4	0	28	1	2	-31420	1
4	0	28	1	3	308510	1
4	0	28	1	4	-218580	1
4	0	28	2	2	-6105935	3
4	0	28	2	3	10151845	3
4	0	28	2	4	-1333200	1
4	0	28	3	1	46119700	81
4	0	28	3	2	-877638575	36
4	0	28	3	3	10775675	6
4	0	28	3	4	5813500	1
4	0	28	4	1	910007725	72
4	0	28	4	2	-51034500	1
4	0	28	4	3	-144320625	8
4	0	28	4	4	-3160575	1
4	0	28	5	0	-118140	1
4	0	28	5	1	4007064545	72
4	0	28	5	2	330661295	8
4	0	28	5	3	53668685	4
4	0	28	5	4	-5658345	2
4	0	28	6	0	-37867060	27
4	0	28	6	1	504341145	16
4	0	28	6	2	58416925	24
4	0	28	6	3	-58608165	16
4	0	28	6	4	2758140	1
4	0	28	7	0	-23454475	6
4	0	28	7	1	-526076575	24
4	0	28	7	2	-38752365	16
4	0	28	7	3	16070835	16
4	0	28	7	4	-3618945	8
4	0	28	8	0	-145800875	64
4	0	28	8	1	635430225	128
4	0	28	8	2	-229989165	128
4	0	28	8	3	-86122575	128
4	0	28	8	4	-7417575	32
4	0	28	9	0	29892875	128
4	0	28	9	1	-40976665	64
4	0	28	9	2	332125845	256
4	0	28	9	3	23490675	128
4	0	28	9	4	-66825	64
4	0	28	10	0	1196485	256
4	0	28	10	1	-11819205	512
4	0	28	10	2	1434735	256
4	0	28	10	3	573075	512
4	0	28	11	0	940635	1024
4	0	28	11	1	-603585	256
4	0	28	11	2	-6615	128
4	0	28	12	0	40365	512
4	0	28	12	1	-4455	512
4	0	29	0	3	1225	9
4	0	29	0	4	3680	1
4	0	29	1	3	25050	1
4	0	29	1	4	20640	1
4	0	29	2	2	-86405	1
4	0	29	2	3	665445	1
4	0	29	2	4	-608520	1
4	0	29	3	2	-26641450	9
4	0	29	3	3	57955975	18
4	0	29	3	4	-261800	1
4	0	29	4	1	11529925	18
4	0	29	4	2	-75591175	4
4	0	29	4	3	-42506025	16
4	0	29	4	4	4279275	1
4	0	29	5	1	154329725	18
4	0	29	5	2	-50058855	4
4	0	29	5	3	-22741845	4
4	0	29	5	4	-4960890	1
4	0	29	6	0	-68915	1
4	0	29	6	1	8673398965	432
4	0	29	6	2	474722885	24
4	0	29	6	3	323068865	48
4	0	29	6	4	10347645	4
4	0	29	7	0	-4612135	9
4	0	29	7	1	-1453045	8
4	0	29	7	2	-31427845	4
4	0	29	7	3	-28100955	8
4	0	29	7	4	-4204035	4
4	0	29	8	0	-1647525	2
4	0	29	8	1	-1007425975	384
4	0	29	8	2	392973945	128
4	0	29	8	3	294030615	256
4	0	29	8	4	2502225	8
4	0	29	9	0	-101283325	576
4	0	29	9	1	116426225	192
4	0	29	9	2	-27184625	32
4	0	29	9	3	-21728175	128
4	0	29	9	4	7425	1
4	0	29	10	0	7618195	192
4	0	29	10	1	-3221925	512
4	0	29	10	2	-11245725	256
4	0	29	10	3	-3372885	512
4	0	29	11	0	-641345	256
4	0	29	11	1	980415	256
4	0	29	11	2	19755	64
4	0	29	12	0	-98625	1024
4	0	29	12	1	18225	512
4	0	30	0	4	440	1
4	0	30	1	3	2450	3
4	0	30	1	4	15060	1
4	0	30	2	3	62150	1
4	0	30	2	4	-29370	1
4	0	30	3	2	-432025	3
4	0	30	3	3	2513500	3
4	0	30	3	4	-756800	1
4	0	30	4	2	-22753225	8
4	0	30	4	3	6726775	4
4	0	30	4	4	952875	1
4	0	30	5	1	4611970	9
4	0	30	5	2	-75695785	8
4	0	30	5	3	-11912355	4
4	0	30	5	4	1763685	2
4	0	30	6	1	886605335	216
4	0	30	6	2	21826035	16
4	0	30	6	3	6755735	16
4	0	30	6	4	-6409095	4
4	0	30	7	0	-29535	1
4	0	30	7	1	1281225275	288
4	0	30	7	2	11964085	4
4	0	30	7	3	10520885	16
4	0	30	7	4	3374415	4
4	0	30	8	0	-9536725	72
4	0	30	8	1	-190778225	128
4	0	30	8	2	-153194575	128
4	0	30	8	3	-10303995	32
4	0	30	8	4	-5487075	32
4	0	30	9	0	-48864475	432
4	0	30	9	1	389603375	2304
4	0	30	9	2	93990215	768
4	0	30	9	3	1976275	128
4	0	30	9	4	-1408275	64
4	0	30	10	0	-5555	192
4	0	30	10	1	-8899565	384
4	0	30	10	2	42604475	512
4	0	30	10	3	8055885	512
4	0	30	10	4	-7425	128
4	0	30	11	0	1931975	1536
4	0	30	11	1	-3356145	1024
4	0	30	11	2	-91785	256
4	0	30	11	3	23895	512
4	0	30	12	0	155055	2048
4	0	30	12	1	-40995	512
4	0	30	12	2	-315	256
4	0	31	0	4	20	1
4	0	31	1	4	2280	1
4	0	31	2	3	13475	6
4	0	31	2	4	25080	1
4	0	31	3	3	554125	6
4	0	31	3	4	-123200	1
4	0	31	4	2	-1296075	8
4	0	31	4	3	10805025	16
4	0	31	4	4	-450450	1
4	0	31	5	2	-1886500	1
4	0	31	5	3	327635	1
4	0	31	5	4	980595	1
4	0	31	6	1	16141895	54
4	0	31	6	2	-139221005	48
4	0	31	6	3	-5194385	4
4	0	31	6	4	-1006005	2
4	0	31	7	1	98986085	72
4	0	31	7	2	7231455	4
4	0	31	7	3	6490125	8
4	0	31	7	4	102960	1
4	0	31	8	0	-147675	16
4	0	31	8	1	32531125	72
4	0	31	8	2	-51479675	128
4	0	31	8	3	-38990965	128
4	0	31	8	4	-3754575	64
4	0	31	9	0	-15086225	648
4	0	31	9	1	-99021725	384
4	0	31	9	2	111431825	576
4	0	31	9	3	97785	1
4	0	31	9	4	1089825	32
4	0	31	10	0	-665555	72
4	0	31	10	1	44794795	1152
4	0	31	10	2	-37557115	512
4	0	31	10	3	-4772365	256
4	0	31	10	4	3465	8
4	0	31	11	0	796595	768
4	0	31	11	1	75955	64
4	0	31	11	2	-27535	32
4	0	31	11	3	-37395	128
4	0	31	12	0	-174955	2048
4	0	31	12	1	266895	2048
4	0	31	12	2	4155	512
4	0	32	1	4	120	1
4	0	32	2	4	5280	1
4	0	32	3	3	67375	18
4	0	32	3	4	19525	1
4	0	32	4	3	730125	8
4	0	32	4	4	-160875	1
4	0	32	5	2	-259215	2
4	0	32	5	3	1427085	4
4	0	32	5	4	-128205	2
4	0	32	6	2	-20967485	24
4	0	32	6	3	-3448445	24
4	0	32	6	4	754215	2
4	0	32	7	1	2305985	18
4	0	32	7	2	-13190815	32
4	0	32	7	3	-880815	4
4	0	32	7	4	-2361645	8
4	0	32	8	1	356571325	1152
4	0	32	8	2	56635425	128
4	0	32	8	3	24012975	128
4	0	32	8	4	1918125	16
4	0	32	9	0	-49225	24
4	0	32	9	1	-581833175	20736
4	0	32	9	2	-342885575	2304
4	0	32	9	3	-38754985	576
4	0	32	9	4	-427625	16
4	0	32	10	0	-277475	108
4	0	32	10	1	-7554965	1536
4	0	32	10	2	23243575	768
4	0	32	10	3	4812355	512
4	0	32	10	4	-44055	32
4	0	32	11	0	-74875	192
4	0	32	11	1	-4200455	4608
4	0	32	11	2	2840285	1024
4	0	32	11	3	196445	256
4	0	32	11	4	-495	256
4	0	32	12	0	567145	9216
4	0	32	12	1	-282365	2048
4	0	32	12	2	-8225	512
4	0	32	12	3	885	1024
4	0	33	2	4	330	1
4	0	33	3	4	7150	1
4	0	33	4	3	67375	16
4	0	33	4	4	2475	1
4	0	33	5	3	251625	4
4	0	33	5	4	-110880	1
4	0	33	6	2	-604835	8
4	0	33	6	3	237545	2
4	0	33	6	4	313005	4
4	0	33	7	2	-1108855	4
4	0	33	7	3	-1869835	16
4	0	33	7	4	107415	4
4	0	33	8	1	11529925	288
4	0	33	8	2	5080075	128
4	0	33	8	3	1597725	64
4	0	33	8	4	-254925	8
4	0	33	9	1	218212225	5184
4	0	33	9	2	2520375	128
4	0	33	9	3	-97375	192
4	0	33	9	4	39875	8
4	0	33	10	0	-9845	32
4	0	33	10	1	-158534915	13824
4	0	33	10	2	97205	768
4	0	33	10	3	3026225	1536
4	0	33	10	4	305085	128
4	0	33	11	0	-129305	864
4	0	33	11	1	135905	96
4	0	33	11	2	-2492905	768
4	0	33	11	3	-551555	512
4	0	33	11	4	1935	128
4	0	33	12	0	-13775	1728
4	0	33	12	1	274475	3072
4	0	33	12	2	9025	3072
4	0	33	12	3	-5865	1024
4	0	34	3	4	550	1
4	0	34	4	4	12375	2
4	0	34	5	3	13475	4
4	0	34	5	4	-18315	2
4	0	34	6	3	30800	1
4	0	34	6	4	-165165	4
4	0	34	7	2	-259215	8
4	0	34	7	3	161535	8
4	0	34	7	4	100485	2
4	0	34	8	2	-7200325	128
4	0	34	8	3	-2133725	64
4	0	34	8	4	-180675	8
4	0	34	9	1	11529925	1296
4	0	34	9	2	59935975	2304
4	0	34	9	3	3031225	192
4	0	34	9	4	256025	32
4	0	34	10	1	15970625	6912
4	0	34	10	2	-3809685	512
4	0	34	10	3	-2442165	512
4	0	34	10	4	-149655	64
4	0	34	11	0	-895	32
4	0	34	11	1	-16882835	27648
4	0	34	11	2	3117485	1536
4	0	34	11	3	1274275	1536
4	0	34	11	4	-6555	128
4	0	34	12	0	-28405	10368
4	0	34	12	1	-154045	3072
4	0	34	12	2	604205	18432
4	0	34	12	3	8365	512
4	0	34	12	4	-15	512
4	0	35	4	4	2475	4
4	0	35	5	4	3465	1
4	0	35	6	3	94325	48
4	0	35	6	4	-9240	1
4	0	35	7	3	170775	16
4	0	35	7	4	-5445	1
4	0	35	8	2	-1296075	128
4	0	35	8	3	-235125	256
4	0	35	8	4	715275	64
4	0	35	9	2	-828025	144
4	0	35	9	3	-2151325	576
4	0	35	9	4	-87725	16
4	0	35	10	1	2305985	1728
4	0	35	10	2	5289295	1536
4	0	35	10	3	927965	512
4	0	35	10	4	35805	32
4	0	35	11	1	-1063745	6912
4	0	35	11	2	-170385	256
4	0	35	11	3	-142195	512
4	0	35	11	4	195	2
4	0	35	12	0	-895	768
4	0	35	12	1	6311575	165888
4	0	35	12	2	-1025105	18432
4	0	35	12	3	-962675	36864
4	0	35	12	4	245	1024
4	0	36	5	4	495	1
4	0	36	6	4	1155	1
4	0	36	7	3	13475	16
4	0	36	7	4	-36135	8
4	0	36	8	3	325875	128
4	0	36	8	4	56925	32
4	0	36	9	2	-432025	192
4	0	36	9	3	-493075	384
4	0	36	9	4	7975	64
4	0	36	10	2	115225	768
4	0	36	10	3	152845	768
4	0	36	10	4	1155	32
4	0	36	11	1	209635	1728
4	0	36	11	2	-14705	3072
4	0	36	11	3	-29145	512
4	0	36	11	4	-14385	128
4	0	36	12	1	-3579365	165888
4	0	36	12	2	48195	1024
4	0	36	12	3	156275	6144
4	0	36	12	4	-55	64
4	0	37	6	4	1155	4
4	0	37	7	4	495	4
4	0	37	8	3	67375	256
4	0	37	8	4	-2475	2
4	0	37	9	3	149875	384
4	0	37	9	4	6875	8
4	0	37	10	2	-86405	256
4	0	37	10	3	-70565	256
4	0	37	10	4	-19965	64
4	0	37	11	2	40585	384
4	0	37	11	3	129805	1536
4	0	37	11	4	4935	64
4	0	37	12	1	209635	41472
4	0	37	12	2	-114965	4608
4	0	37	12	3	-187495	12288
4	0	37	12	4	455	256
4	0	38	7	4	495	4
4	0	38	8	4	-2475	32
4	0	38	9	3	67375	1152
4	0	38	9	4	-10175	64
4	0	38	10	3	4125	128
4	0	38	10	4	15015	128
4	0	38	11	2	-7855	256
4	0	38	11	3	-3255	128
4	0	38	11	4	-105	4
4	0	38	12	2	151865	18432
4	0	38	12	3	48685	9216
4	0	38	12	4	-595	256
4	0	39	8	4	2475	64
4	0	39	9	4	-1375	32
4	0	39	10	3	13475	1536
4	0	39	10	4	165	32
4	0	39	11	3	275	512
4	0	39	11	4	-15	16
4	0	39	12	2	-7855	6144
4	0	39	12	3	-9535	12288
4	0	39	12	4	1015	512
4	0	40	9	4	275	32
4	0	40	10	4	-165	16
4	0	40	11	3	1225	1536
4	0	40	11	4	1065	256
4	0	40	12	3	-475	6144
4	0	40	12	4	-35	32
4	0	41	10	4	165	128
4	0	41	11	4	-165	128
4	0	41	12	3	1225	36864
4	0	41	12	4	95	256
4	0	42	11	4	15	128
4	0	42	12	4	-35	512
4	0	43	12	4	5	1024
4	1	4	0	0	382637520	1
4	1	5	0	0	-701502120	1
4	1	5	0	1	669615660	1
4	1	6	0	0	-1658095920	1
4	1	6	0	1	1658095920	1
4	1	6	1	0	892820880	1
4	1	7	0	0	-977851440	1
4	1	7	0	1	-5495099940	1
4	1	7	0	2	1434890700	1
4	1	7	1	0	-1636838280	1
4	1	7	1	1	1913187600	1
4	1	7	2	0	111602610	1
4	1	8	0	0	14171760	1
4	1	8	0	1	-7801553880	1
4	1	8	0	2	1317973680	1
4	1	8	1	0	-3776774040	1
4	1	8	1	1	2954811960	1
4	1	8	2	0	935336160	1
4	1	9	0	0	-762913080	1
4	1	9	0	1	902268720	1
4	1	9	0	2	-6852045960	1
4	1	9	1	0	-2028923640	1
4	1	9	1	1	-11751931980	1
4	1	9	1	2	2837894940	1
4	1	9	2	0	-2007075510	1
4	1	9	2	1	2168279280	1
4	1	9	3	0	143489070	1
4	1	10	0	0	-3587029920	1
4	1	10	0	1	8172381600	1
4	1	10	0	2	-3089443680	1
4	1	10	0	3	-127545840	1
4	1	10	1	0	109437480	1
4	1	10	1	1	-12469967820	1
4	1	10	1	2	1456148340	1
4	1	10	2	0	-3894872040	1
4	1	10	2	1	2263938660	1
4	1	10	3	0	547384230	1
4	1	11	0	0	-5339822940	1
4	1	11	0	1	7978438440	1
4	1	11	0	2	9785206620	1
4	1	11	0	3	385589970	1
4	1	11	0	4	-7085880	1
4	1	11	1	0	-755827200	1
4	1	11	1	1	4608971280	1
4	1	11	1	2	-14190655680	1
4	1	11	2	0	-2334403800	1
4	1	11	2	1	-11369884950	1
4	1	11	2	2	2572174440	1
4	1	11	3	0	-1364622390	1
4	1	11	3	1	1354288815	1
4	1	11	4	0	314435925	4
4	1	12	0	0	-3180014640	1
4	1	12	0	1	1502731440	1
4	1	12	0	2	4502945520	1
4	1	12	0	3	8266860	1
4	1	12	0	4	28343520	1
4	1	12	1	0	-4277422080	1
4	1	12	1	1	14918401800	1
4	1	12	1	2	-551911320	1
4	1	12	1	3	-340122240	1
4	1	12	2	0	-677751300	1
4	1	12	2	1	-8262136080	1
4	1	12	2	2	223205220	1
4	1	12	3	0	-2286574110	1
4	1	12	3	1	1010033145	1
4	1	12	4	0	248891535	1
4	1	13	0	0	1031389200	1
4	1	13	0	1	-4702414500	1
4	1	13	0	2	-6579458280	1
4	1	13	0	3	-873072270	1
4	1	13	0	4	-23619600	1
4	1	13	1	0	-5485593780	1
4	1	13	1	1	12874606560	1
4	1	13	1	2	20039787180	1
4	1	13	1	3	1065637620	1
4	1	13	1	4	-14171760	1
4	1	13	2	0	-587362590	1
4	1	13	2	1	5757867990	1
4	1	13	2	2	-12911260680	1
4	1	13	2	3	12990780	1
4	1	13	3	0	-1666559610	1
4	1	13	3	1	-6625986705	1
4	1	13	3	2	1388832480	1
4	1	13	4	0	-544136535	1
4	1	13	4	1	1053138915	2
4	1	13	5	0	100088055	4
4	1	14	0	0	3414441600	1
4	1	14	0	1	-3839400000	1
4	1	14	0	2	-3679642080	1
4	1	14	0	3	192106080	1
4	1	14	0	4	-38841120	1
4	1	14	1	0	-890978940	1
4	1	14	1	1	273491640	1
4	1	14	1	2	1365081660	1
4	1	14	1	3	-216906660	1
4	1	14	1	4	61410960	1
4	1	14	2	0	-2294862840	1
4	1	14	2	1	11202994980	1
4	1	14	2	2	4400462700	1
4	1	14	2	3	-433026000	1
4	1	14	3	0	-791715870	1
4	1	14	3	1	-2610523485	1
4	1	14	3	2	-349570080	1
4	1	14	4	0	-842826060	1
4	1	14	4	1	298984770	1
4	1	14	5	0	366005385	4
4	1	15	0	0	3019958100	1
4	1	15	0	1	819820440	1
4	1	15	0	2	2426729220	1
4	1	15	0	3	1033226280	1
4	1	15	0	4	54849960	1
4	1	15	1	0	5117699880	1
4	1	15	1	1	-10434944880	1
4	1	15	1	2	-14471845560	1
4	1	15	1	3	-2051755920	1
4	1	15	1	4	-67709520	1
4	1	15	2	0	-2239478280	1
4	1	15	2	1	9657442080	1
4	1	15	2	2	17067654180	1
4	1	15	2	3	1326142125	1
4	1	15	2	4	-12990780	1
4	1	15	3	0	-249915780	1
4	1	15	3	1	3298925475	1
4	1	15	3	2	-7024665870	1
4	1	15	3	3	21651300	1
4	1	15	4	0	-1385694135	2
4	1	15	4	1	-10399873905	4
4	1	15	4	2	984248415	2
4	1	15	5	0	-146572740	1
4	1	15	5	1	537641145	4
4	1	15	6	0	17025795	4
4	1	16	0	0	1581093360	1
4	1	16	0	1	2335657680	1
4	1	16	0	2	1730289600	1
4	1	16	0	3	-105384240	1
4	1	16	0	4	29393280	1
4	1	16	1	0	6793463520	1
4	1	16	1	1	-6617622240	1
4	1	16	1	2	-2333188800	1
4	1	16	1	3	928162800	1
4	1	16	1	4	-55112400	1
4	1	16	2	0	1890625860	1
4	1	16	2	1	-933586560	1
4	1	16	2	2	-5004337140	1
4	1	16	2	3	-539839080	1
4	1	16	2	4	60623640	1
4	1	16	3	0	-927715680	1
4	1	16	3	1	4445795565	1
4	1	16	3	2	4805582580	1
4	1	16	3	3	-339203700	1
4	1	16	4	0	-271731105	1
4	1	16	4	1	-140809995	2
4	1	16	4	2	-193943160	1
4	1	16	5	0	-398285505	2
4	1	16	5	1	207360405	4
4	1	16	6	0	22897890	1
4	1	17	0	0	550653600	1
4	1	17	0	1	539905140	1
4	1	17	0	2	-635819760	1
4	1	17	0	3	-783830520	1
4	1	17	0	4	-52021440	1
4	1	17	1	0	4544080740	1
4	1	17	1	1	2575684980	1
4	1	17	1	2	6405931980	1
4	1	17	1	3	2118415680	1
4	1	17	1	4	128070720	1
4	1	17	2	0	5639749740	1
4	1	17	2	1	-9764970390	1
4	1	17	2	2	-12379537800	1
4	1	17	2	3	-2090553300	1
4	1	17	2	4	-82274940	1
4	1	17	3	0	-553555620	1
4	1	17	3	1	5032990485	1
4	1	17	3	2	8217375480	1
4	1	17	3	3	1001372625	1
4	1	17	3	4	-7217100	1
4	1	17	4	0	-93930435	2
4	1	17	4	1	3384947475	4
4	1	17	4	2	-5399014095	2
4	1	17	4	3	16238475	1
4	1	17	5	0	-305053695	2
4	1	17	5	1	-1409248125	2
4	1	17	5	2	239706135	2
4	1	17	6	0	-116774865	4
4	1	17	6	1	91427535	4
4	1	17	7	0	754515	8
4	1	18	0	0	131300720	1
4	1	18	0	1	-991551840	1
4	1	18	0	2	-676211760	1
4	1	18	0	3	-111274560	1
4	1	18	0	4	-20995200	1
4	1	18	1	0	1900463940	1
4	1	18	1	1	4241891700	1
4	1	18	1	2	1697665500	1
4	1	18	1	3	-746612640	1
4	1	18	1	4	16096320	1
4	1	18	2	0	5308211340	1
4	1	18	2	1	-4855387860	1
4	1	18	2	2	2032126380	1
4	1	18	2	3	1499232240	1
4	1	18	2	4	-23094720	1
4	1	18	3	0	1785103380	1
4	1	18	3	1	-713831535	1
4	1	18	3	2	-5604838740	1
4	1	18	3	3	-598417875	1
4	1	18	3	4	36085500	1
4	1	18	4	0	-442478295	1
4	1	18	4	1	980003205	1
4	1	18	4	2	2609335215	1
4	1	18	4	3	-178623225	1
4	1	18	5	0	1646325	1
4	1	18	5	1	598417875	2
4	1	18	5	2	-46943955	2
4	1	18	6	0	-112189455	4
4	1	18	6	1	-3499200	1
4	1	18	7	0	30213405	8
4	1	19	0	0	64024400	3
4	1	19	0	1	-1038907640	1
4	1	19	0	2	50716860	1
4	1	19	0	3	355514940	1
4	1	19	0	4	28596240	1
4	1	19	1	0	523979600	1
4	1	19	1	1	575934840	1
4	1	19	1	2	-2021140800	1
4	1	19	1	3	-1494424080	1
4	1	19	1	4	-109408320	1
4	1	19	2	0	2797162860	1
4	1	19	2	1	3056406210	1
4	1	19	2	2	5897801160	1
4	1	19	2	3	1790375400	1
4	1	19	2	4	125096400	1
4	1	19	3	0	3101285250	1
4	1	19	3	1	-5581415970	1
4	1	19	3	2	-5627843550	1
4	1	19	3	3	-1205456175	1
4	1	19	3	4	-57736800	1
4	1	19	4	0	-130906395	1
4	1	19	4	1	8904300435	4
4	1	19	4	2	5148984105	2
4	1	19	4	3	4103522775	8
4	1	19	4	4	-5412825	2
4	1	19	5	0	-24568515	1
4	1	19	5	1	-309318345	4
4	1	19	5	2	-829047960	1
4	1	19	5	3	7217100	1
4	1	19	6	0	-39420675	4
4	1	19	6	1	-955190475	8
4	1	19	6	2	82285875	4
4	1	19	7	0	-31634955	8
4	1	19	7	1	40317345	16
4	1	19	8	0	-6331365	64
4	1	20	0	0	20798320	9
4	1	20	0	1	-515820880	1
4	1	20	0	2	213001520	1
4	1	20	0	3	156453000	1
4	1	20	0	4	14345280	1
4	1	20	1	0	287006600	3
4	1	20	1	1	-1621271920	1
4	1	20	1	2	-933546120	1
4	1	20	1	3	142061040	1
4	1	20	1	4	-5520960	1
4	1	20	2	0	918109180	1
4	1	20	2	1	3282129540	1
4	1	20	2	2	-92247300	1
4	1	20	2	3	-1214789400	1
4	1	20	2	4	-26943840	1
4	1	20	3	0	2252740860	1
4	1	20	3	1	-1998313650	1
4	1	20	3	2	2979889560	1
4	1	20	3	3	1266266925	1
4	1	20	3	4	6415200	1
4	1	20	4	0	816880140	1
4	1	20	4	1	-761627205	2
4	1	20	4	2	-2994143940	1
4	1	20	4	3	-1595580525	4
4	1	20	4	4	14434200	1
4	1	20	5	0	-199489905	1
4	1	20	5	1	607099455	4
4	1	20	5	2	959263155	1
4	1	20	5	3	-65916180	1
4	1	20	6	0	52155495	2
4	1	20	6	1	531724095	4
4	1	20	6	2	11762415	1
4	1	20	7	0	-9077265	4
4	1	20	7	1	-89233245	16
4	1	20	8	0	8460045	16
4	1	21	0	0	1461400	9
4	1	21	0	1	-474880520	3
4	1	21	0	2	74262200	1
4	1	21	0	3	-64596900	1
4	1	21	0	4	-8569440	1
4	1	21	1	0	33998920	3
4	1	21	1	1	-1347516640	1
4	1	21	1	2	339314100	1
4	1	21	1	3	687198600	1
4	1	21	1	4	59032800	1
4	1	21	2	0	191924570	1
4	1	21	2	1	40324800	1
4	1	21	2	2	-2010271140	1
4	1	21	2	3	-1141852140	1
4	1	21	2	4	-91309680	1
4	1	21	3	0	921236600	1
4	1	21	3	1	2004641820	1
4	1	21	3	2	2729132460	1
4	1	21	3	3	763564725	1
4	1	21	3	4	67359600	1
4	1	21	4	0	2081794365	2
4	1	21	4	1	-9020188755	4
4	1	21	4	2	-2949296265	2
4	1	21	4	3	-3344123475	8
4	1	21	4	4	-26462700	1
4	1	21	5	0	-36849735	2
4	1	21	5	1	1645892055	2
4	1	21	5	2	552537045	1
4	1	21	5	3	374447205	2
4	1	21	5	4	-721710	1
4	1	21	6	0	-21411810	1
4	1	21	6	1	-1106197155	8
4	1	21	6	2	-857448585	4
4	1	21	6	3	4209975	2
4	1	21	7	0	3985605	1
4	1	21	7	1	-94856265	16
4	1	21	7	2	5070195	2
4	1	21	8	0	-10700505	32
4	1	21	8	1	10071135	64
4	1	21	9	0	-1162755	64
4	1	22	0	0	600080	81
4	1	22	0	1	-284068400	9
4	1	22	0	2	-18486080	3
4	1	22	0	3	-201322400	3
4	1	22	0	4	-6859200	1
4	1	22	1	0	22912960	27
4	1	22	1	1	-1626702520	3
4	1	22	1	2	1019644300	3
4	1	22	1	3	134281400	1
4	1	22	1	4	9012960	1
4	1	22	2	0	226565900	9
4	1	22	2	1	-1208782220	1
4	1	22	2	2	-379550140	1
4	1	22	2	3	440457600	1
4	1	22	2	4	25375680	1
4	1	22	3	0	679559900	3
4	1	22	3	1	1403217090	1
4	1	22	3	2	-821562540	1
4	1	22	3	3	-944214975	1
4	1	22	3	4	-37422000	1
4	1	22	4	0	576069675	1
4	1	22	4	1	-427746150	1
4	1	22	4	2	1639529505	1
4	1	22	4	3	1306807425	2
4	1	22	4	4	11226600	1
4	1	22	5	0	492601275	2
4	1	22	5	1	-451151775	2
4	1	22	5	2	-1042359030	1
4	1	22	5	3	-355094685	2
4	1	22	5	4	4089690	1
4	1	22	6	0	-60381720	1
4	1	22	6	1	113227065	2
4	1	22	6	2	545910435	2
4	1	22	6	3	-17401230	1
4	1	22	7	0	16188525	2
4	1	22	7	1	430640145	16
4	1	22	7	2	5701995	1
4	1	22	8	0	-4603635	16
4	1	22	8	1	-28281555	16
4	1	22	9	0	5687415	64
4	1	23	0	0	16640	81
4	1	23	0	1	-324416420	81
4	1	23	0	2	-12205360	1
4	1	23	0	3	-36156200	3
4	1	23	0	4	1425200	3
4	1	23	1	0	1100320	27
4	1	23	1	1	-1175684840	9
4	1	23	1	2	188080760	3
4	1	23	1	3	-160145200	1
4	1	23	1	4	-20143200	1
4	1	23	2	0	54505660	27
4	1	23	2	1	-756101730	1
4	1	23	2	2	1214071420	3
4	1	23	2	3	524158250	1
4	1	23	2	4	45654840	1
4	1	23	3	0	33439450	1
4	1	23	3	1	-635823650	3
4	1	23	3	2	-969722650	1
4	1	23	3	3	-413485875	1
4	1	23	3	4	-38253600	1
4	1	23	4	0	347243975	2
4	1	23	4	1	3341797095	4
4	1	23	4	2	673901280	1
4	1	23	4	3	1055768175	8
4	1	23	4	4	21517650	1
4	1	23	5	0	226165050	1
4	1	23	5	1	-655975260	1
4	1	23	5	2	-173250495	1
4	1	23	5	3	-78644115	1
4	1	23	5	4	-8419950	1
4	1	23	6	0	6837390	1
4	1	23	6	1	221152680	1
4	1	23	6	2	271057185	4
4	1	23	6	3	397515195	8
4	1	23	6	4	-280665	2
4	1	23	7	0	-36233055	4
4	1	23	7	1	-197931195	4
4	1	23	7	2	-44956215	1
4	1	23	7	3	841995	2
4	1	23	8	0	97601085	64
4	1	23	8	1	168605955	64
4	1	23	8	2	14741595	64
4	1	23	9	0	-1506195	32
4	1	23	9	1	93555	64
4	1	23	10	0	-52245	32
4	1	24	0	1	-23890520	81
4	1	24	0	2	-12633520	3
4	1	24	0	3	7227600	1
4	1	24	0	4	5187200	3
4	1	24	1	0	33280	27
4	1	24	1	1	-518581840	27
4	1	24	1	2	-23651920	1
4	1	24	1	3	-85332400	1
4	1	24	1	4	-7004000	1
4	1	24	2	0	2751320	27
4	1	24	2	1	-2101324940	9
4	1	24	2	2	603044540	3
4	1	24	2	3	-19045400	1
4	1	24	2	4	-6956400	1
4	1	24	3	0	78040600	27
4	1	24	3	1	-1556607950	3
4	1	24	3	2	93246460	3
4	1	24	3	3	371030825	1
4	1	24	3	4	26848800	1
4	1	24	4	0	29518500	1
4	1	24	4	1	683308575	2
4	1	24	4	2	-511730820	1
4	1	24	4	3	-1687635675	4
4	1	24	4	4	-21205800	1
4	1	24	5	0	89707725	1
4	1	24	5	1	7280730	1
4	1	24	5	2	535519755	1
4	1	24	5	3	219172635	1
4	1	24	5	4	5800410	1
4	1	24	6	0	102385185	2
4	1	24	6	1	-103429620	1
4	1	24	6	2	-517125735	2
4	1	24	6	3	-110363715	2
4	1	24	6	4	841995	1
4	1	24	7	0	-43070265	4
4	1	24	7	1	109205415	4
4	1	24	7	2	247842585	4
4	1	24	7	3	-6615675	2
4	1	24	8	0	17352225	16
4	1	24	8	1	58397355	32
4	1	24	8	2	18909045	16
4	1	24	9	0	-980235	16
4	1	24	9	1	-19334295	64
4	1	24	10	0	874395	64
4	1	25	0	1	-778580	81
4	1	25	0	2	-2229640	3
4	1	25	0	3	14647480	3
4	1	25	0	4	1457600	3
4	1	25	1	1	-43109560	27
4	1	25	1	2	-44228440	3
4	1	25	1	3	188000	1
4	1	25	1	4	3284800	1
4	1	25	2	0	91520	27
4	1	25	2	1	-1106449520	27
4	1	25	2	2	5324880	1
4	1	25	2	3	-137980700	1
4	1	25	2	4	-16145800	1
4	1	25	3	0	12383800	81
4	1	25	3	1	-696202100	3
4	1	25	3	2	638143600	3
4	1	25	3	3	579524825	3
4	1	25	3	4	16414200	1
4	1	25	4	0	49958425	18
4	1	25	4	1	-556916975	4
4	1	25	4	2	-493167845	2
4	1	25	4	3	-342588675	8
4	1	25	4	4	-7276500	1
4	1	25	5	0	54544765	3
4	1	25	5	1	226128285	1
4	1	25	5	2	109937985	2
4	1	25	5	3	-51422085	2
4	1	25	5	4	3804570	1
4	1	25	6	0	124698525	4
4	1	25	6	1	-254393895	2
4	1	25	6	2	114476985	4
4	1	25	6	3	-5020785	4
4	1	25	6	4	-3835755	2
4	1	25	7	0	4016025	1
4	1	25	7	1	36888885	1
4	1	25	7	2	-7026075	2
4	1	25	7	3	76960125	8
4	1	25	7	4	-40095	2
4	1	25	8	0	-32788395	16
4	1	25	8	1	-18194625	2
4	1	25	8	2	-227088765	32
4	1	25	8	3	467775	8
4	1	25	9	0	18578205	64
4	1	25	9	1	47546595	64
4	1	25	9	2	1033155	64
4	1	25	10	0	-819585	64
4	1	25	10	1	-40095	64
4	1	25	11	0	-6885	64
4	1	26	0	2	-69840	1
4	1	26	0	3	4095760	3
4	1	26	0	4	-288640	3
4	1	26	1	1	-1557160	27
4	1	26	1	2	-9990320	3
4	1	26	1	3	13088000	1
4	1	26	1	4	2363200	1
4	1	26	2	1	-105704720	27
4	1	26	2	2	-59583700	3
4	1	26	2	3	-36902800	1
4	1	26	2	4	-1038400	1
4	1	26	3	0	457600	81
4	1	26	3	1	-4126693450	81
4	1	26	3	2	52213700	1
4	1	26	3	3	-195239275	3
4	1	26	3	4	-28008200	3
4	1	26	4	0	1376375	9
4	1	26	4	1	-406318825	3
4	1	26	4	2	75726925	1
4	1	26	4	3	157570050	1
4	1	26	4	4	12493800	1
4	1	26	5	0	16966400	9
4	1	26	5	1	37196460	1
4	1	26	5	2	-322997525	2
4	1	26	5	3	-228152595	2
4	1	26	5	4	-6923070	1
4	1	26	6	0	47805065	6
4	1	26	6	1	64290625	2
4	1	26	6	2	111468105	1
4	1	26	6	3	96448275	2
4	1	26	6	4	1767150	1
4	1	26	7	0	6914195	1
4	1	26	7	1	-58261785	2
4	1	26	7	2	-44781705	1
4	1	26	7	3	-97390755	8
4	1	26	7	4	253935	2
4	1	26	8	0	-15021975	16
4	1	26	8	1	59687955	8
4	1	26	8	2	85791015	8
4	1	26	8	3	-7194825	16
4	1	26	9	0	1256865	64
4	1	26	9	1	-20826765	64
4	1	26	9	2	9027585	64
4	1	26	10	0	-190395	64
4	1	26	10	1	-1921725	64
4	1	26	11	0	81135	64
4	1	27	0	2	-8360	3
4	1	27	0	3	212610	1
4	1	27	0	4	-290440	3
4	1	27	1	2	-368880	1
4	1	27	1	3	5182160	1
4	1	27	1	4	184000	1
4	1	27	2	1	-4282190	27
4	1	27	2	2	-19399160	3
4	1	27	2	3	10278400	1
4	1	27	2	4	3357200	1
4	1	27	3	1	-464290750	81
4	1	27	3	2	-10330650	1
4	1	27	3	3	-56627725	1
4	1	27	3	4	-17573600	3
4	1	27	4	0	57200	9
4	1	27	4	1	-1456918925	36
4	1	27	4	2	115712025	2
4	1	27	4	3	224918925	8
4	1	27	4	4	1990725	1
4	1	27	5	0	963820	9
4	1	27	5	1	-126812125	3
4	1	27	5	2	-25106075	1
4	1	27	5	3	22013970	1
4	1	27	5	4	367290	1
4	1	27	6	0	16754815	18
4	1	27	6	1	74712645	2
4	1	27	6	2	-18809875	1
4	1	27	6	3	-161484015	8
4	1	27	6	4	301455	2
4	1	27	7	0	9908525	4
4	1	27	7	1	-27072795	2
4	1	27	7	2	70169895	4
4	1	27	7	3	28326375	8
4	1	27	7	4	-316305	1
4	1	27	8	0	6449325	8
4	1	27	8	1	22073085	8
4	1	27	8	2	-231221655	64
4	1	27	8	3	172074375	128
4	1	27	8	4	-66825	32
4	1	27	9	0	-3985175	16
4	1	27	9	1	-27057075	32
4	1	27	9	2	-6287355	8
4	1	27	9	3	22275	4
4	1	27	10	0	1969425	64
4	1	27	10	1	5864535	64
4	1	27	10	2	57645	64
4	1	27	11	0	-226935	128
4	1	27	11	1	-405	8
4	1	27	12	0	-2295	512
4	1	28	0	3	54340	3
4	1	28	0	4	-85600	3
4	1	28	1	2	-16720	1
4	1	28	1	3	983120	1
4	1	28	1	4	-253760	1
4	1	28	2	2	-876480	1
4	1	28	2	3	8112280	1
4	1	28	2	4	1047200	1
4	1	28	3	1	-21410950	81
4	1	28	3	2	-20944000	3
4	1	28	3	3	-10808875	3
4	1	28	3	4	4127200	3
4	1	28	4	1	-100014475	18
4	1	28	4	2	3163600	1
4	1	28	4	3	-130636275	4
4	1	28	4	4	-4164600	1
4	1	28	5	0	45760	9
4	1	28	5	1	-189368080	9
4	1	28	5	2	27112140	1
4	1	28	5	3	37186710	1
4	1	28	5	4	3209250	1
4	1	28	6	0	1446445	27
4	1	28	6	1	-14680435	6
4	1	28	6	2	-57348165	2
4	1	28	6	3	-17752735	1
4	1	28	6	4	-1396395	1
4	1	28	7	0	3041995	9
4	1	28	7	1	17578915	2
4	1	28	7	2	53980825	4
4	1	28	7	3	52817655	8
4	1	28	7	4	357885	1
4	1	28	8	0	25477925	48
4	1	28	8	1	-37538925	8
4	1	28	8	2	-76572975	16
4	1	28	8	3	-121683375	64
4	1	28	8	4	111375	8
4	1	28	9	0	-319975	96
4	1	28	9	1	17594015	16
4	1	28	9	2	42181305	32
4	1	28	9	3	-170775	4
4	1	28	10	0	-796745	64
4	1	28	10	1	-5308605	64
4	1	28	10	2	638595	64
4	1	28	11	0	735	1
4	1	28	11	1	-52245	32
4	1	28	12	0	3195	64
4	1	29	0	3	1990	3
4	1	29	0	4	-13360	3
4	1	29	1	3	96740	1
4	1	29	1	4	-109040	1
4	1	29	2	2	-45980	1
4	1	29	2	3	1997600	1
4	1	29	2	4	-180400	1
4	1	29	3	2	-1230900	1
4	1	29	3	3	19075925	3
4	1	29	3	4	4219600	3
4	1	29	4	1	-10705475	36
4	1	29	4	2	-8718875	2
4	1	29	4	3	-90361425	8
4	1	29	4	4	-808500	1
4	1	29	5	1	-33582505	9
4	1	29	5	2	7555735	1
4	1	29	5	3	-7025205	2
4	1	29	5	4	-538890	1
4	1	29	6	0	80080	27
4	1	29	6	1	-373177805	54
4	1	29	6	2	5990985	2
4	1	29	6	3	10005380	1
4	1	29	6	4	1073765	2
4	1	29	7	0	172315	9
4	1	29	7	1	9225370	3
4	1	29	7	2	-6958780	1
4	1	29	7	3	-20927775	4
4	1	29	7	4	-195525	2
4	1	29	8	0	25966325	288
4	1	29	8	1	-422775	2
4	1	29	8	2	117820145	32
4	1	29	8	3	131045475	128
4	1	29	8	4	-601425	16
4	1	29	9	0	20890375	288
4	1	29	9	1	-2028175	16
4	1	29	9	2	-49464215	64
4	1	29	9	3	8448825	64
4	1	29	9	4	-2475	16
4	1	29	10	0	-5084725	384
4	1	29	10	1	-313325	16
4	1	29	10	2	-3632925	64
4	1	29	10	3	22275	64
4	1	29	11	0	42355	32
4	1	29	11	1	368595	64
4	1	29	11	2	585	16
4	1	29	12	0	-45315	512
4	1	29	12	1	-45	32
4	1	30	0	4	-1120	3
4	1	30	1	3	3980	1
4	1	30	1	4	-20720	1
4	1	30	2	3	233200	1
4	1	30	2	4	-172480	1
4	1	30	3	2	-229900	3
4	1	30	3	3	2316875	1
4	1	30	3	4	338800	3
4	1	30	4	2	-1126125	1
4	1	30	4	3	3990525	2
4	1	30	4	4	785400	1
4	1	30	5	1	-2141095	9
4	1	30	5	2	-1312630	1
4	1	30	5	3	-15352755	2
4	1	30	5	4	-930930	1
4	1	30	6	1	-47528635	27
4	1	30	6	2	8912365	2
4	1	30	6	3	4443285	1
4	1	30	6	4	445060	1
4	1	30	7	0	11440	9
4	1	30	7	1	-43146235	36
4	1	30	7	2	-2392995	1
4	1	30	7	3	-4335375	4
4	1	30	7	4	-333795	2
4	1	30	8	0	689975	144
4	1	30	8	1	51139825	48
4	1	30	8	2	4134025	8
4	1	30	8	3	7013325	16
4	1	30	8	4	398475	8
4	1	30	9	0	69575	4
4	1	30	9	1	-36797825	96
4	1	30	9	2	-12476095	64
4	1	30	9	3	-13164525	64
4	1	30	9	4	17325	16
4	1	30	10	0	961565	192
4	1	30	10	1	5177725	64
4	1	30	10	2	6798315	64
4	1	30	10	3	-43065	16
4	1	30	11	0	-78125	64
4	1	30	11	1	-909825	128
4	1	30	11	2	12375	32
4	1	30	12	0	18205	256
4	1	30	12	1	-4815	128
4	1	31	0	4	-40	3
4	1	31	1	4	-2000	1
4	1	31	2	3	10945	1
4	1	31	2	4	-42460	1
4	1	31	3	3	1001825	3
4	1	31	3	4	-413600	3
4	1	31	4	2	-172425	2
4	1	31	4	3	13217325	8
4	1	31	4	4	265650	1
4	1	31	5	2	-693990	1
4	1	31	5	3	-654555	1
4	1	31	5	4	94710	1
4	1	31	6	1	-14987665	108
4	1	31	6	2	140910	1
4	1	31	6	3	-16553075	8
4	1	31	6	4	-506275	2
4	1	31	7	1	-20735935	36
4	1	31	7	2	4643375	4
4	1	31	7	3	7419885	4
4	1	31	7	4	132330	1
4	1	31	8	0	3575	9
4	1	31	8	1	5299525	576
4	1	31	8	2	-3912975	4
4	1	31	8	3	-47144625	64
4	1	31	8	4	-857175	32
4	1	31	9	0	518375	648
4	1	31	9	1	31196275	288
4	1	31	9	2	37898875	96
4	1	31	9	3	3669325	24
4	1	31	9	4	-50325	16
4	1	31	10	0	4029575	1728
4	1	31	10	1	-14758165	384
4	1	31	10	2	-16498675	192
4	1	31	10	3	2212045	256
4	1	31	10	4	-495	64
4	1	31	11	0	-29455	1152
4	1	31	11	1	344455	128
4	1	31	11	2	-305005	128
4	1	31	11	3	825	64
4	1	31	12	0	-11995	1536
4	1	31	12	1	153015	1024
4	1	31	12	2	195	256
4	1	32	1	4	-80	1
4	1	32	2	4	-4840	1
4	1	32	3	3	54725	3
4	1	32	3	4	-149600	3
4	1	32	4	3	1256475	4
4	1	32	4	4	-46200	1
4	1	32	5	2	-68970	1
4	1	32	5	3	706035	1
4	1	32	5	4	177870	1
4	1	32	6	2	-284130	1
4	1	32	6	3	-1718255	2
4	1	32	6	4	-96635	1
4	1	32	7	1	-2141095	36
4	1	32	7	2	293755	1
4	1	32	7	3	297825	4
4	1	32	7	4	19470	1
4	1	32	8	1	-35781625	288
4	1	32	8	2	538175	16
4	1	32	8	3	3711675	32
4	1	32	8	4	-33825	4
4	1	32	9	0	7150	81
4	1	32	9	1	64990475	1296
4	1	32	9	2	-1336775	16
4	1	32	9	3	-84425	6
4	1	32	9	4	227425	48
4	1	32	10	0	69355	864
4	1	32	10	1	-5205475	576
4	1	32	10	2	3316255	192
4	1	32	10	3	-58685	4
4	1	32	10	4	1815	32
4	1	32	11	0	170755	864
4	1	32	11	1	248145	128
4	1	32	11	2	239075	48
4	1	32	11	3	-6485	64
4	1	32	12	0	-7775	384
4	1	32	12	1	-346475	1536
4	1	32	12	2	25	4
4	1	33	2	4	-220	1
4	1	33	3	4	-20900	3
4	1	33	4	3	164175	8
4	1	33	4	4	-36300	1
4	1	33	5	3	404085	2
4	1	33	5	4	11550	1
4	1	33	6	2	-80465	2
4	1	33	6	3	555555	4
4	1	33	6	4	101255	2
4	1	33	7	2	-140085	2
4	1	33	7	3	-2603535	8
4	1	33	7	4	-85305	2
4	1	33	8	1	-10705475	576
4	1	33	8	2	3719375	32
4	1	33	8	3	10671375	64
4	1	33	8	4	132825	8
4	1	33	9	1	-39446825	2592
4	1	33	9	2	-5228575	96
4	1	33	9	3	-1754775	32
4	1	33	9	4	-85525	24
4	1	33	10	0	715	54
4	1	33	10	1	7915655	864
4	1	33	10	2	572495	32
4	1	33	10	3	431585	32
4	1	33	10	4	-11275	64
4	1	33	11	0	3185	864
4	1	33	11	1	-1236565	576
4	1	33	11	2	-30265	6
4	1	33	11	3	86645	256
4	1	33	11	4	-15	64
4	1	33	12	0	111805	13824
4	1	33	12	1	497735	3072
4	1	33	12	2	-67385	1536
4	1	33	12	3	55	256
4	1	34	3	4	-1100	3
4	1	34	4	4	-6600	1
4	1	34	5	3	32835	2
4	1	34	5	4	-16170	1
4	1	34	6	3	178255	2
4	1	34	6	4	17710	1
4	1	34	7	2	-34485	2
4	1	34	7	3	-164175	8
4	1	34	7	4	825	2
4	1	34	8	2	-91575	16
4	1	34	8	3	-365475	8
4	1	34	8	4	-14025	4
4	1	34	9	1	-10705475	2592
4	1	34	9	2	983125	48
4	1	34	9	3	2613325	96
4	1	34	9	4	13475	24
4	1	34	10	1	-45815	108
4	1	34	10	2	-2098745	192
4	1	34	10	3	-169015	32
4	1	34	10	4	2365	8
4	1	34	11	0	65	54
4	1	34	11	1	1641745	3456
4	1	34	11	2	155355	64
4	1	34	11	3	-158935	256
4	1	34	11	4	115	64
4	1	34	12	0	65	20736
4	1	34	12	1	-31295	768
4	1	34	12	2	78695	768
4	1	34	12	3	-1325	768
4	1	35	4	4	-825	2
4	1	35	5	4	-4290	1
4	1	35	6	3	76615	8
4	1	35	6	4	-7315	2
4	1	35	7	3	207075	8
4	1	35	7	4	7095	1
4	1	35	8	2	-172425	32
4	1	35	8	3	-2545125	128
4	1	35	8	4	-104775	32
4	1	35	9	2	37125	16
4	1	35	9	3	24475	6
4	1	35	9	4	25025	24
4	1	35	10	1	-2141095	3456
4	1	35	10	2	62755	96
4	1	35	10	3	-155155	128
4	1	35	10	4	-8855	32
4	1	35	11	1	450655	3456
4	1	35	11	2	-80755	384
4	1	35	11	3	170905	256
4	1	35	11	4	-95	16
4	1	35	12	0	65	1296
4	1	35	12	1	-1346735	82944
4	1	35	12	2	-63235	512
4	1	35	12	3	36875	6144
4	1	35	12	4	-5	1536
4	1	36	5	4	-330	1
4	1	36	6	4	-1925	1
4	1	36	7	3	32835	8
4	1	36	7	4	165	1
4	1	36	8	3	271425	64
4	1	36	8	4	9075	8
4	1	36	9	2	-57475	48
4	1	36	9	3	-38775	8
4	1	36	9	4	-14575	24
4	1	36	10	2	7095	8
4	1	36	10	3	29755	16
4	1	36	10	4	1925	16
4	1	36	11	1	-194645	3456
4	1	36	11	2	-14755	48
4	1	36	11	3	-103075	256
4	1	36	11	4	175	16
4	1	36	12	1	517295	41472
4	1	36	12	2	10925	128
4	1	36	12	3	-12095	1024
4	1	36	12	4	5	192
4	1	37	6	4	-385	2
4	1	37	7	4	-1155	2
4	1	37	8	3	164175	128
4	1	37	8	4	5775	16
4	1	37	9	3	16775	192
4	1	37	9	4	-1925	48
4	1	37	10	2	-11495	64
4	1	37	10	3	-26015	64
4	1	37	10	4	385	32
4	1	37	11	2	8295	64
4	1	37	11	3	24815	256
4	1	37	11	4	-385	32
4	1	37	12	1	-194645	82944
4	1	37	12	2	-52555	1536
4	1	37	12	3	88325	6144
4	1	37	12	4	-35	384
4	1	38	7	4	-165	2
4	1	38	8	4	-825	8
4	1	38	9	3	54725	192
4	1	38	9	4	4675	48
4	1	38	10	3	-3685	32
4	1	38	10	4	-275	8
4	1	38	11	2	-1045	64
4	1	38	11	3	6955	256
4	1	38	11	4	245	32
4	1	38	12	2	1905	256
4	1	38	12	3	-17005	1536
4	1	38	12	4	35	192
4	1	39	8	4	-825	32
4	1	39	9	4	-275	48
4	1	39	10	3	10945	256
4	1	39	10	4	605	64
4	1	39	11	3	-5665	256
4	1	39	11	4	-35	16
4	1	39	12	2	-1045	1536
4	1	39	12	3	10775	2048
4	1	39	12	4	-175	768
4	1	40	9	4	-275	48
4	1	40	10	4	55	32
4	1	40	11	3	995	256
4	1	40	11	4	-5	16
4	1	40	12	3	-4325	3072
4	1	40	12	4	35	192
4	1	41	10	4	-55	64
4	1	41	11	4	25	64
4	1	41	12	3	995	6144
4	1	41	12	4	-35	384
4	1	42	11	4	-5	64
4	1	42	12	4	5	192
4	1	43	12	4	-5	1536
4	2	6	0	1	-191318760	1
4	2	7	0	0	155889360	1
4	2	7	0	1	255091680	1
4	2	8	0	0	186594840	1
4	2	8	0	1	1282544280	1
4	2	8	0	2	-1211685480	1
4	2	8	1	0	159432300	1
4	2	8	1	1	-797161500	1
4	2	8	2	0	-31886460	1
4	2	9	0	0	153527400	1
4	2	9	0	1	2054905200	1
4	2	9	0	2	1084139640	1
4	2	9	1	0	427514760	1
4	2	9	1	1	425152800	1
4	2	9	2	0	21257640	1
4	2	10	0	0	483676920	1
4	2	10	0	1	290521080	1
4	2	10	0	2	2699720280	1
4	2	10	1	0	184626540	1
4	2	10	1	1	3117787200	1
4	2	10	1	2	-2232052200	1
4	2	10	2	0	374961150	1
4	2	10	2	1	-1084139640	1
4	2	10	3	0	-58458510	1
4	2	11	0	0	916353000	1
4	2	11	0	1	-2787900120	1
4	2	11	0	2	-1431347760	1
4	2	11	1	0	-309154320	1
4	2	11	1	1	3528768240	1
4	2	11	1	2	2848523760	1
4	2	11	2	0	807593490	1
4	2	11	2	1	577499220	1
4	2	11	3	0	14171760	1
4	2	12	0	0	964204560	1
4	2	12	0	1	-2820705120	1
4	2	12	0	2	-2881591200	1
4	2	12	0	3	-35429400	1
4	2	12	1	0	-361773540	1
4	2	12	1	1	-1239241680	1
4	2	12	1	2	3858261660	1
4	2	12	1	3	53144100	1
4	2	12	2	0	544431780	1
4	2	12	2	1	3213446580	1
4	2	12	2	2	-1833471450	1
4	2	12	3	0	367186365	1
4	2	12	3	1	-776789595	1
4	2	12	4	0	-121345695	2
4	2	13	0	0	793735200	1
4	2	13	0	1	-277749000	1
4	2	13	0	2	393660000	1
4	2	13	0	3	82668600	1
4	2	13	1	0	-390189960	1
4	2	13	1	1	-5987568600	1
4	2	13	1	2	-4121620200	1
4	2	13	1	3	-141717600	1
4	2	13	2	0	-213276240	1
4	2	13	2	1	2613705570	1
4	2	13	2	2	3038071050	1
4	2	13	3	0	732601260	1
4	2	13	3	1	569822850	1
4	2	13	4	0	-1476225	2
4	2	14	0	0	721366560	1
4	2	14	0	1	960238800	1
4	2	14	0	2	1575339840	1
4	2	14	0	3	31492800	1
4	2	14	1	0	-677547180	1
4	2	14	1	1	-3733690140	1
4	2	14	1	2	-3738589020	1
4	2	14	1	3	-70858800	1
4	2	14	2	0	-772280730	1
4	2	14	2	1	-2098995120	1
4	2	14	2	2	2092106070	1
4	2	14	2	3	97430850	1
4	2	14	3	0	513507600	1
4	2	14	3	1	1806899400	1
4	2	14	3	2	-937698120	1
4	2	14	4	0	195944265	1
4	2	14	4	1	-684082665	2
4	2	14	5	0	-64658655	2
4	2	15	0	0	660220200	1
4	2	15	0	1	328215240	1
4	2	15	0	2	176709600	1
4	2	15	0	3	-157464000	1
4	2	15	1	0	-511596000	1
4	2	15	1	1	1577905920	1
4	2	15	1	2	2298449520	1
4	2	15	1	3	425152800	1
4	2	15	2	0	-1427855850	1
4	2	15	2	1	-5513930010	1
4	2	15	2	2	-4335574410	1
4	2	15	2	3	-292292550	1
4	2	15	3	0	8864640	1
4	2	15	3	1	1158082110	1
4	2	15	3	2	1910825640	1
4	2	15	4	0	649134405	2
4	2	15	4	1	700419555	2
4	2	15	5	0	2460375	1
4	2	16	0	0	470583360	1
4	2	16	0	1	-170365680	1
4	2	16	0	2	-424278000	1
4	2	16	0	3	-26244000	1
4	2	16	1	0	191025540	1
4	2	16	1	1	2542470120	1
4	2	16	1	2	2129306940	1
4	2	16	1	3	-39366000	1
4	2	16	2	0	-1905835230	1
4	2	16	2	1	-2244255660	1
4	2	16	2	2	-1584547110	1
4	2	16	2	3	32476950	1
4	2	16	3	0	-404591355	1
4	2	16	3	1	-1372090995	1
4	2	16	3	2	444934215	1
4	2	16	3	3	81192375	1
4	2	16	4	0	179683920	1
4	2	16	4	1	1129837005	2
4	2	16	4	2	-356951205	1
4	2	16	5	0	124976115	2
4	2	16	5	1	-370532475	4
4	2	16	6	0	-75287475	8
4	2	17	0	0	237757920	1
4	2	17	0	1	95743440	1
4	2	17	0	2	-49293360	1
4	2	17	0	3	145216800	1
4	2	17	1	0	641512440	1
4	2	17	1	1	228096000	1
4	2	17	1	2	-677182680	1
4	2	17	1	3	-519631200	1
4	2	17	2	0	-1336424670	1
4	2	17	2	1	2625386580	1
4	2	17	2	2	2824182450	1
4	2	17	2	3	595410750	1
4	2	17	3	0	-1051235820	1
4	2	17	3	1	-3173657760	1
4	2	17	3	2	-2576023560	1
4	2	17	3	3	-270641250	1
4	2	17	4	0	60758505	1
4	2	17	4	1	425623005	1
4	2	17	4	2	859458195	1
4	2	17	5	0	63871335	1
4	2	17	5	1	126725715	1
4	2	17	6	0	22733865	8
4	2	18	0	0	83725840	1
4	2	18	0	1	392558040	1
4	2	18	0	2	127027440	1
4	2	18	0	3	43156800	1
4	2	18	1	0	543908220	1
4	2	18	1	1	-773594280	1
4	2	18	1	2	-718254540	1
4	2	18	1	3	55987200	1
4	2	18	2	0	-225398970	1
4	2	18	2	1	2426838570	1
4	2	18	2	2	897479190	1
4	2	18	2	3	-270641250	1
4	2	18	3	0	-1396810980	1
4	2	18	3	1	-822360600	1
4	2	18	3	2	39737790	1
4	2	18	3	3	135320625	1
4	2	18	4	0	-130525425	2
4	2	18	4	1	-1016295255	2
4	2	18	4	2	-187874235	2
4	2	18	4	3	81192375	2
4	2	18	5	0	22216275	2
4	2	18	5	1	142668945	2
4	2	18	5	2	-111897855	1
4	2	18	6	0	48963285	4
4	2	18	6	1	-96217065	8
4	2	18	7	0	-13679685	8
4	2	19	0	0	61065760	3
4	2	19	0	1	350266200	1
4	2	19	0	2	19638720	1
4	2	19	0	3	-72705600	1
4	2	19	1	0	258312800	1
4	2	19	1	1	-62213040	1
4	2	19	1	2	234964800	1
4	2	19	1	3	380829600	1
4	2	19	2	0	350314290	1
4	2	19	2	1	-227338650	1
4	2	19	2	2	-1177838010	1
4	2	19	2	3	-573759450	1
4	2	19	3	0	-865063800	1
4	2	19	3	1	1976805000	1
4	2	19	3	2	1741420620	1
4	2	19	3	3	396940500	1
4	2	19	4	0	-433438695	1
4	2	19	4	1	-2715509205	2
4	2	19	4	2	-1053401355	1
4	2	19	4	3	-297705375	2
4	2	19	5	0	46903050	1
4	2	19	5	1	182362995	1
4	2	19	5	2	308038950	1
4	2	19	6	0	-10435635	4
4	2	19	6	1	172608975	8
4	2	19	7	0	1016955	1
4	2	20	0	0	29995480	9
4	2	20	0	1	171936960	1
4	2	20	0	2	-45966240	1
4	2	20	0	3	-40986000	1
4	2	20	1	0	231690220	3
4	2	20	1	1	511679040	1
4	2	20	1	2	276939540	1
4	2	20	1	3	20849400	1
4	2	20	2	0	308111150	1
4	2	20	2	1	-885636630	1
4	2	20	2	2	-368473050	1
4	2	20	2	3	245782350	1
4	2	20	3	0	-128227005	1
4	2	20	3	1	1261132470	1
4	2	20	3	2	-76099095	1
4	2	20	3	3	-339805125	1
4	2	20	4	0	-572751945	1
4	2	20	4	1	-295865865	2
4	2	20	4	2	366781770	1
4	2	20	4	3	243577125	2
4	2	20	5	0	19899675	1
4	2	20	5	1	-568489995	4
4	2	20	5	2	-243577125	2
4	2	20	5	3	27064125	2
4	2	20	6	0	-19122075	2
4	2	20	6	1	-83816775	8
4	2	20	6	2	-116424945	4
4	2	20	7	0	13395375	8
4	2	20	7	1	17135145	16
4	2	20	8	0	-8605845	32
4	2	21	0	0	9392840	27
4	2	21	0	1	160721320	3
4	2	21	0	2	-28597920	1
4	2	21	0	3	13266000	1
4	2	21	1	0	133093640	9
4	2	21	1	1	430395080	1
4	2	21	1	2	-26167320	1
4	2	21	1	3	-172260000	1
4	2	21	2	0	123989930	1
4	2	21	2	1	-81529200	1
4	2	21	2	2	415444950	1
4	2	21	2	3	366067350	1
4	2	21	3	0	151208700	1
4	2	21	3	1	-378165240	1
4	2	21	3	2	-792797220	1
4	2	21	3	3	-290688750	1
4	2	21	4	0	-289094535	1
4	2	21	4	1	945564030	1
4	2	21	4	2	670814865	1
4	2	21	4	3	285676875	2
4	2	21	5	0	-128241630	1
4	2	21	5	1	-455543595	1
4	2	21	5	2	-317082195	1
4	2	21	5	3	-54128250	1
4	2	21	6	0	22813245	1
4	2	21	6	1	607520655	8
4	2	21	6	2	358000965	4
4	2	21	7	0	-9586755	2
4	2	21	7	1	-13796325	8
4	2	21	8	0	8241345	32
4	2	22	0	0	556360	27
4	2	22	0	1	10917000	1
4	2	22	0	2	-5436160	1
4	2	22	0	3	17160000	1
4	2	22	1	0	47186780	27
4	2	22	1	1	537715660	3
4	2	22	1	2	-95559540	1
4	2	22	1	3	-50292000	1
4	2	22	2	0	86662070	3
4	2	22	2	1	345202090	1
4	2	22	2	2	193322610	1
4	2	22	2	3	-79521750	1
4	2	22	3	0	106375050	1
4	2	22	3	1	-494479215	1
4	2	22	3	2	824580	1
4	2	22	3	3	263624625	1
4	2	22	4	0	-28305675	2
4	2	22	4	1	376859385	1
4	2	22	4	2	-504252945	2
4	2	22	4	3	-415985625	2
4	2	22	5	0	-152912340	1
4	2	22	5	1	80680455	2
4	2	22	5	2	443789685	2
4	2	22	5	3	59541075	1
4	2	22	6	0	10578330	1
4	2	22	6	1	-90705825	2
4	2	22	6	2	-236906775	4
4	2	22	6	3	12629925	4
4	2	22	7	0	-2712285	1
4	2	22	7	1	-64831185	16
4	2	22	7	2	-11908215	2
4	2	22	8	0	6541155	32
4	2	22	8	1	6222015	8
4	2	22	9	0	-1534545	32
4	2	23	0	0	41600	81
4	2	23	0	1	38255240	27
4	2	23	0	2	9164960	9
4	2	23	0	3	3544000	1
4	2	23	1	0	1029520	9
4	2	23	1	1	44624640	1
4	2	23	1	2	-37298320	1
4	2	23	1	3	37980000	1
4	2	23	2	0	106604630	27
4	2	23	2	1	719060080	3
4	2	23	2	2	-74422350	1
4	2	23	2	3	-157434750	1
4	2	23	3	0	32370800	1
4	2	23	3	1	270050	1
4	2	23	3	2	278998080	1
4	2	23	3	3	160380000	1
4	2	23	4	0	48217625	1
4	2	23	4	1	-234906255	1
4	2	23	4	2	-293251185	1
4	2	23	4	3	-121287375	2
4	2	23	5	0	-54398160	1
4	2	23	5	1	305947530	1
4	2	23	5	2	162443070	1
4	2	23	5	3	24457950	1
4	2	23	6	0	-60679395	2
4	2	23	6	1	-453737025	4
4	2	23	6	2	-262319715	4
4	2	23	6	3	-54729675	4
4	2	23	7	0	13934565	2
4	2	23	7	1	88599015	4
4	2	23	7	2	20175075	1
4	2	23	8	0	-43817355	32
4	2	23	8	1	-55956825	32
4	2	23	9	0	1026675	16
4	2	24	0	1	2877800	27
4	2	24	0	2	6784600	9
4	2	24	0	3	-1860000	1
4	2	24	1	0	83200	27
4	2	24	1	1	60791620	9
4	2	24	1	2	-7985060	3
4	2	24	1	3	24450000	1
4	2	24	2	0	867460	3
4	2	24	2	1	78295030	1
4	2	24	2	2	-72865810	1
4	2	24	2	3	-8538750	1
4	2	24	3	0	5278075	1
4	2	24	3	1	149326800	1
4	2	24	3	2	48961545	1
4	2	24	3	3	-99606375	1
4	2	24	4	0	67747900	3
4	2	24	4	1	-306784875	2
4	2	24	4	2	84341115	1
4	2	24	4	3	274762125	2
4	2	24	5	0	12532515	2
4	2	24	5	1	99529155	2
4	2	24	5	2	-134001945	1
4	2	24	5	3	-148952925	2
4	2	24	6	0	-107967825	4
4	2	24	6	1	77369985	2
4	2	24	6	2	78331050	1
4	2	24	6	3	74376225	4
4	2	24	7	0	2822625	2
4	2	24	7	1	-15262425	1
4	2	24	7	2	-148500945	8
4	2	24	7	3	4209975	8
4	2	24	8	0	-2144475	16
4	2	24	8	1	4708125	32
4	2	24	8	2	-28857465	32
4	2	24	9	0	621135	64
4	2	24	9	1	4919535	32
4	2	24	10	0	-890595	128
4	2	25	0	1	95600	27
4	2	25	0	2	507880	3
4	2	25	0	3	-1356000	1
4	2	25	1	1	5182000	9
4	2	25	1	2	6360200	3
4	2	25	1	3	972000	1
4	2	25	2	0	228800	27
4	2	25	2	1	128682290	9
4	2	25	2	2	-48985630	3
4	2	25	2	3	37760250	1
4	2	25	3	0	11867900	27
4	2	25	3	1	75474850	1
4	2	25	3	2	-55998000	1
4	2	25	3	3	-68070750	1
4	2	25	4	0	41540125	9
4	2	25	4	1	23724725	1
4	2	25	4	2	97992765	1
4	2	25	4	3	50155875	2
4	2	25	5	0	9784995	1
4	2	25	5	1	-80722515	1
4	2	25	5	2	-58071330	1
4	2	25	5	3	6682500	1
4	2	25	6	0	-19564265	4
4	2	25	6	1	256891005	4
4	2	25	6	2	35542395	2
4	2	25	6	3	-4209975	4
4	2	25	7	0	-10980975	2
4	2	25	7	1	-73405305	4
4	2	25	7	2	-14027175	2
4	2	25	7	3	-9823275	4
4	2	25	8	0	20364885	16
4	2	25	8	1	62393085	16
4	2	25	8	2	106867755	32
4	2	25	9	0	-6851295	32
4	2	25	9	1	-403785	1
4	2	25	10	0	1496475	128
4	2	26	0	2	164920	9
4	2	26	0	3	-392000	1
4	2	26	1	1	191200	9
4	2	26	1	2	718980	1
4	2	26	1	3	-3456000	1
4	2	26	2	1	12673100	9
4	2	26	2	2	4192870	3
4	2	26	2	3	12350250	1
4	2	26	3	0	1144000	81
4	2	26	3	1	474599125	27
4	2	26	3	2	-238996850	9
4	2	26	3	3	14262875	1
4	2	26	4	0	2680975	6
4	2	26	4	1	41456250	1
4	2	26	4	2	-11675325	2
4	2	26	4	3	-100051875	2
4	2	26	5	0	49482785	18
4	2	26	5	1	-49172345	2
4	2	26	5	2	43121970	1
4	2	26	5	3	39946500	1
4	2	26	6	0	27630295	12
4	2	26	6	1	-20938155	4
4	2	26	6	2	-77582295	2
4	2	26	6	3	-16372125	1
4	2	26	7	0	-5773915	2
4	2	26	7	1	25261695	2
4	2	26	7	2	35135775	2
4	2	26	7	3	31474575	8
4	2	26	8	0	-913575	8
4	2	26	8	1	-117043515	32
4	2	26	8	2	-124990695	32
4	2	26	8	3	1002375	16
4	2	26	9	0	3951705	64
4	2	26	9	1	965835	4
4	2	26	9	2	-3068685	32
4	2	26	10	0	-533115	128
4	2	26	10	1	2065905	128
4	2	26	11	0	-18225	32
4	2	27	0	2	7280	9
4	2	27	0	3	-62400	1
4	2	27	1	2	286160	3
4	2	27	1	3	-1466400	1
4	2	27	2	1	525800	9
4	2	27	2	2	1281170	1
4	2	27	2	3	-2202750	1
4	2	27	3	1	55478500	27
4	2	27	3	2	-18294100	9
4	2	27	3	3	17506500	1
4	2	27	4	0	143000	9
4	2	27	4	1	41180975	3
4	2	27	4	2	-20177125	1
4	2	27	4	3	-25183125	2
4	2	27	5	0	319330	1
4	2	27	5	1	10789350	1
4	2	27	5	2	17512230	1
4	2	27	5	3	-5613300	1
4	2	27	6	0	40320665	36
4	2	27	6	1	-31591735	2
4	2	27	6	2	-4755555	2
4	2	27	6	3	7120575	1
4	2	27	7	0	314215	6
4	2	27	7	1	30511185	4
4	2	27	7	2	-2272185	1
4	2	27	7	3	-1559250	1
4	2	27	8	0	-5226675	8
4	2	27	8	1	-45361215	32
4	2	27	8	2	5351265	16
4	2	27	8	3	-5011875	16
4	2	27	9	0	996025	8
4	2	27	9	1	5637555	16
4	2	27	9	2	6171795	16
4	2	27	10	0	-2300925	128
4	2	27	10	1	-6156945	128
4	2	27	11	0	36585	32
4	2	28	0	3	-5400	1
4	2	28	1	2	14560	3
4	2	28	1	3	-287100	1
4	2	28	2	2	666820	3
4	2	28	2	3	-2235750	1
4	2	28	3	1	2629000	27
4	2	28	3	2	3526325	3
4	2	28	3	3	2000625	1
4	2	28	4	1	11897875	6
4	2	28	4	2	-4466000	1
4	2	28	4	3	18822375	2
4	2	28	5	0	114400	9
4	2	28	5	1	41591495	6
4	2	28	5	2	-13077745	2
4	2	28	5	3	-25915725	2
4	2	28	6	0	2952565	18
4	2	28	6	1	-3653265	4
4	2	28	6	2	42125055	4
4	2	28	6	3	12699225	2
4	2	28	7	0	21697555	72
4	2	28	7	1	-12174185	4
4	2	28	7	2	-25406775	4
4	2	28	7	3	-8427375	4
4	2	28	8	0	-4428325	32
4	2	28	8	1	34479525	16
4	2	28	8	2	37830915	16
4	2	28	8	3	18376875	32
4	2	28	9	0	-9797125	192
4	2	28	9	1	-16609755	32
4	2	28	9	2	-34779645	64
4	2	28	9	3	334125	64
4	2	28	10	0	1575755	128
4	2	28	10	1	5809815	128
4	2	28	10	2	-860625	128
4	2	28	11	0	-211635	256
4	2	28	11	1	116235	128
4	2	28	12	0	-1215	64
4	2	29	0	3	-200	1
4	2	29	1	3	-28800	1
4	2	29	2	2	40040	3
4	2	29	2	3	-579150	1
4	2	29	3	2	2733500	9
4	2	29	3	3	-1647250	1
4	2	29	4	1	328625	3
4	2	29	4	2	467775	1
4	2	29	4	3	7907625	2
4	2	29	5	1	3970450	3
4	2	29	5	2	-3674275	1
4	2	29	5	3	460350	1
4	2	29	6	0	200200	27
4	2	29	6	1	77089705	36
4	2	29	6	2	8472835	12
4	2	29	6	3	-6658575	2
4	2	29	7	0	364595	6
4	2	29	7	1	-6266205	4
4	2	29	7	2	1567950	1
4	2	29	7	3	3734775	2
4	2	29	8	0	13617175	288
4	2	29	8	1	8872175	32
4	2	29	8	2	-17688915	16
4	2	29	8	3	-12288375	32
4	2	29	9	0	-11692175	288
4	2	29	9	1	1486125	32
4	2	29	9	2	7326315	32
4	2	29	9	3	-111375	4
4	2	29	10	0	1642495	384
4	2	29	10	1	367455	64
4	2	29	10	2	3739905	128
4	2	29	11	0	-34025	64
4	2	29	11	1	-193275	64
4	2	29	12	0	2835	64
4	2	30	1	3	-1200	1
4	2	30	2	3	-69300	1
4	2	30	3	2	200200	9
4	2	30	3	3	-664125	1
4	2	30	4	2	533225	2
4	2	30	4	3	-754875	2
4	2	30	5	1	262900	3
4	2	30	5	2	-258555	2
4	2	30	5	3	2487375	1
4	2	30	6	1	11136125	18
4	2	30	6	2	-18720625	12
4	2	30	6	3	-6635475	4
4	2	30	7	0	28600	9
4	2	30	7	1	7191965	24
4	2	30	7	2	1257340	1
4	2	30	7	3	1487475	4
4	2	30	8	0	512325	32
4	2	30	8	1	-14195775	32
4	2	30	8	2	-7458825	16
4	2	30	8	3	-111375	1
4	2	30	9	0	3581875	1728
4	2	30	9	1	35368475	192
4	2	30	9	2	9706605	64
4	2	30	9	3	457875	8
4	2	30	10	0	-5505115	1152
4	2	30	10	1	-4833055	128
4	2	30	10	2	-6126165	128
4	2	30	10	3	37125	128
4	2	30	11	0	100955	128
4	2	30	11	1	948375	256
4	2	30	11	2	-4455	16
4	2	30	12	0	-22875	512
4	2	30	12	1	5535	256
4	2	31	2	3	-3300	1
4	2	31	3	3	-99000	1
4	2	31	4	2	25025	1
4	2	31	4	3	-928125	2
4	2	31	5	2	153230	1
4	2	31	5	3	321750	1
4	2	31	6	1	460075	9
4	2	31	6	2	-1056055	4
4	2	31	6	3	2512125	4
4	2	31	7	1	1196525	6
4	2	31	7	2	-278410	1
4	2	31	7	3	-645975	1
4	2	31	8	0	17875	18
4	2	31	8	1	-3636875	96
4	2	31	8	2	2789275	8
4	2	31	8	3	507375	2
4	2	31	9	0	1250975	432
4	2	31	9	1	-301125	8
4	2	31	9	2	-2531525	16
4	2	31	9	3	-103125	2
4	2	31	10	0	-2268145	3456
4	2	31	10	1	1657285	96
4	2	31	10	2	4207395	128
4	2	31	10	3	-210375	128
4	2	31	11	0	-13735	96
4	2	31	11	1	-188915	128
4	2	31	11	2	41625	32
4	2	31	12	0	2795	256
4	2	31	12	1	-20295	256
4	2	32	3	3	-5500	1
4	2	32	4	3	-185625	2
4	2	32	5	2	20020	1
4	2	32	5	3	-378675	2
4	2	32	6	2	326095	6
4	2	32	6	3	1218525	4
4	2	32	7	1	65725	3
4	2	32	7	2	-1191465	8
4	2	32	7	3	-334125	8
4	2	32	8	1	4010875	96
4	2	32	8	2	1168475	32
4	2	32	8	3	-705375	16
4	2	32	9	0	17875	81
4	2	32	9	1	-41393825	1728
4	2	32	9	2	6773125	576
4	2	32	9	3	281875	32
4	2	32	10	0	192995	576
4	2	32	10	1	632775	128
4	2	32	10	2	-266485	128
4	2	32	10	3	477675	128
4	2	32	11	0	-832955	6912
4	2	32	11	1	-167215	192
4	2	32	11	2	-618885	256
4	2	32	11	3	2475	256
4	2	32	12	0	7655	768
4	2	32	12	1	59945	512
4	2	32	12	2	-165	32
4	2	33	4	3	-12375	2
4	2	33	5	3	-59400	1
4	2	33	6	2	35035	3
4	2	33	6	3	-121275	4
4	2	33	7	2	16555	2
4	2	33	7	3	433125	4
4	2	33	8	1	328625	48
4	2	33	8	2	-1396725	32
4	2	33	8	3	-928125	16
4	2	33	9	1	2039125	432
4	2	33	9	2	7640875	288
4	2	33	9	3	70125	4
4	2	33	10	0	3575	108
4	2	33	10	1	-4457915	1152
4	2	33	10	2	-3539135	384
4	2	33	10	3	-528825	128
4	2	33	11	0	4115	192
4	2	33	11	1	125905	128
4	2	33	11	2	35215	16
4	2	33	11	3	-7425	128
4	2	33	12	0	-7405	1152
4	2	33	12	1	-5365	64
4	2	33	12	2	825	32
4	2	34	5	3	-4950	1
4	2	34	6	3	-51975	2
4	2	34	7	2	5005	1
4	2	34	7	3	81675	8
4	2	34	8	2	-67375	32
4	2	34	8	3	235125	16
4	2	34	9	1	328625	216
4	2	34	9	2	-1138225	192
4	2	34	9	3	-152625	16
4	2	34	10	1	13475	576
4	2	34	10	2	1528175	384
4	2	34	10	3	245025	128
4	2	34	11	0	325	108
4	2	34	11	1	-438245	2304
4	2	34	11	2	-343345	384
4	2	34	11	3	36825	256
4	2	34	12	0	7145	13824
4	2	34	12	1	5645	256
4	2	34	12	2	-27345	512
4	2	34	12	3	75	512
4	2	35	6	3	-5775	2
4	2	35	7	3	-7425	1
4	2	35	8	2	25025	16
4	2	35	8	3	111375	16
4	2	35	9	2	-217525	144
4	2	35	9	3	-1375	1
4	2	35	10	1	65725	288
4	2	35	10	2	18645	128
4	2	35	10	3	37125	128
4	2	35	11	1	-34625	576
4	2	35	11	2	-3325	192
4	2	35	11	3	-11925	64
4	2	35	12	0	325	2592
4	2	35	12	1	22765	3456
4	2	35	12	2	136265	2304
4	2	35	12	3	-475	512
4	2	36	7	3	-2475	2
4	2	36	8	3	-37125	32
4	2	36	9	2	25025	72
4	2	36	9	3	103125	64
4	2	36	10	2	-73535	192
4	2	36	10	3	-78375	128
4	2	36	11	1	5975	288
4	2	36	11	2	38395	256
4	2	36	11	3	32625	256
4	2	36	12	1	-70475	13824
4	2	36	12	2	-86735	2304
4	2	36	12	3	1275	512
4	2	37	8	3	-12375	32
4	2	37	10	2	5005	96
4	2	37	10	3	17325	128
4	2	37	11	2	-9415	192
4	2	37	11	3	-4425	128
4	2	37	12	1	5975	6912
4	2	37	12	2	2635	192
4	2	37	12	3	-1875	512
4	2	38	9	3	-1375	16
4	2	38	10	3	2475	64
4	2	38	11	2	455	96
4	2	38	11	3	-2025	256
4	2	38	12	2	-12145	4608
4	2	38	12	3	1625	512
4	2	39	10	3	-825	64
4	2	39	11	3	225	32
4	2	39	12	2	455	2304
4	2	39	12	3	-825	512
4	2	40	11	3	-75	64
4	2	40	12	3	225	512
4	2	41	12	3	-25	512
4	3	9	0	0	-18895680	1
4	3	9	0	1	-340122240	1
4	3	10	0	0	-62985600	1
4	3	10	0	1	-453496320	1
4	3	11	0	0	-111274560	1
4	3	11	0	1	184232880	1
4	3	11	0	2	28343520	1
4	3	11	1	0	44089920	1
4	3	11	1	1	-566870400	1
4	3	11	2	0	-56687040	1
4	3	12	0	0	-193155840	1
4	3	12	0	1	670796640	1
4	3	12	1	0	195255360	1
4	3	12	1	1	-566870400	1
4	3	12	2	0	-113374080	1
4	3	13	0	0	-346070880	1
4	3	13	0	1	392085360	1
4	3	13	0	2	-75582720	1
4	3	13	1	0	412555680	1
4	3	13	1	1	585766080	1
4	3	13	1	2	56687040	1
4	3	13	2	0	-11809800	1
4	3	13	2	1	-503097480	1
4	3	13	3	0	-75582720	1
4	3	14	0	0	-475813440	1
4	3	14	0	1	-39890880	1
4	3	14	0	2	-33592320	1
4	3	14	1	0	407656800	1
4	3	14	1	1	1032963840	1
4	3	14	1	2	-18895680	1
4	3	14	2	0	310728960	1
4	3	14	2	1	-335398320	1
4	3	14	3	0	-125971200	1
4	3	15	0	0	-452485440	1
4	3	15	0	1	-129995280	1
4	3	15	0	2	71383680	1
4	3	15	1	0	13530240	1
4	3	15	1	1	223598880	1
4	3	15	1	2	-144866880	1
4	3	15	2	0	721884960	1
4	3	15	2	1	727483680	1
4	3	15	2	2	51963120	1
4	3	15	3	0	-44877240	1
4	3	15	3	1	-318864600	1
4	3	15	4	0	-38775510	1
4	3	16	0	0	-298598400	1
4	3	16	0	1	-63802080	1
4	3	16	0	2	67184640	1
4	3	16	1	0	-427680000	1
4	3	16	1	1	-351669600	1
4	3	16	1	2	-18895680	1
4	3	16	2	0	774606240	1
4	3	16	2	1	768424320	1
4	3	16	2	2	-34642080	1
4	3	16	3	0	195517800	1
4	3	16	3	1	-106288200	1
4	3	16	4	0	-51700680	1
4	3	17	0	0	-139052160	1
4	3	17	0	1	-54645840	1
4	3	17	0	2	-10264320	1
4	3	17	1	0	-529986240	1
4	3	17	1	1	-186040800	1
4	3	17	1	2	149065920	1
4	3	17	2	0	310009680	1
4	3	17	2	1	-157464000	1
4	3	17	2	2	-121247280	1
4	3	17	3	0	506023200	1
4	3	17	3	1	540626400	1
4	3	17	3	2	28868400	1
4	3	17	4	0	-29633850	1
4	3	17	4	1	-152543250	1
4	3	17	5	0	-7610760	1
4	3	18	0	0	-46049280	1
4	3	18	0	1	-70623360	1
4	3	18	0	2	-41057280	1
4	3	18	1	0	-349392960	1
4	3	18	1	1	23677920	1
4	3	18	1	2	84680640	1
4	3	18	2	0	-182191680	1
4	3	18	2	1	-441249120	1
4	3	18	2	2	23094720	1
4	3	18	3	0	530789760	1
4	3	18	3	1	340297200	1
4	3	18	3	2	-28868400	1
4	3	18	4	0	67869900	1
4	3	18	5	0	-7610760	1
4	3	19	0	0	-10775360	1
4	3	19	0	1	-56237040	1
4	3	19	0	2	-19673280	1
4	3	19	1	0	-146877120	1
4	3	19	1	1	-12363840	1
4	3	19	1	2	-48755520	1
4	3	19	2	0	-307955520	1
4	3	19	2	1	-76486680	1
4	3	19	2	2	128945520	1
4	3	19	3	0	213872400	1
4	3	19	3	1	-258795000	1
4	3	19	3	2	-57736800	1
4	3	19	4	0	211215600	1
4	3	19	4	1	266540625	1
4	3	19	4	2	10825650	1
4	3	19	5	0	-13909320	1
4	3	19	5	1	-54325080	1
4	3	19	6	0	1071630	1
4	3	20	0	0	-5213440	3
4	3	20	0	1	-27485280	1
4	3	20	0	2	2027520	1
4	3	20	1	0	-41187520	1
4	3	20	1	1	-78799680	1
4	3	20	1	2	-65862720	1
4	3	20	2	0	-188861760	1
4	3	20	2	1	101632320	1
4	3	20	2	2	34642080	1
4	3	20	3	0	-66124080	1
4	3	20	3	1	-259961400	1
4	3	20	3	2	32076000	1
4	3	20	4	0	206750880	1
4	3	20	4	1	79570350	1
4	3	20	4	2	-14434200	1
4	3	20	5	0	14181480	1
4	3	20	5	1	18108360	1
4	3	20	6	0	714420	1
4	3	21	0	0	-549280	3
4	3	21	0	1	-8725680	1
4	3	21	0	2	6462720	1
4	3	21	1	0	-7680480	1
4	3	21	1	1	-66297600	1
4	3	21	1	2	-17392320	1
4	3	21	2	0	-67277160	1
4	3	21	2	1	16546680	1
4	3	21	2	2	-56239920	1
4	3	21	3	0	-116935200	1
4	3	21	3	1	17625600	1
4	3	21	3	2	60944400	1
4	3	21	4	0	67881240	1
4	3	21	4	1	-155732625	1
4	3	21	4	2	-16839900	1
4	3	21	5	0	60725700	1
4	3	21	5	1	88529760	1
4	3	21	5	2	2886840	1
4	3	21	6	0	-5400675	1
4	3	21	6	1	-14160825	1
4	3	21	7	0	969570	1
4	3	22	0	0	-101440	9
4	3	22	0	1	-1826240	1
4	3	22	0	2	3486720	1
4	3	22	1	0	-2737760	3
4	3	22	1	1	-28488000	1
4	3	22	1	2	9852480	1
4	3	22	2	0	-14963520	1
4	3	22	2	1	-48510000	1
4	3	22	2	2	-41627520	1
4	3	22	3	0	-60103200	1
4	3	22	3	1	74887200	1
4	3	22	3	2	-1069200	1
4	3	22	4	0	-25034400	1
4	3	22	4	1	-83251800	1
4	3	22	4	2	17641800	1
4	3	22	5	0	51540300	1
4	3	22	5	1	-204120	1
4	3	22	5	2	-4811400	1
4	3	22	6	0	2233980	1
4	3	22	6	1	9440550	1
4	3	22	7	0	323190	1
4	3	23	0	0	-24640	81
4	3	23	0	1	-734480	3
4	3	23	0	2	3160960	3
4	3	23	1	0	-559360	9
4	3	23	1	1	-7344480	1
4	3	23	1	2	9641280	1
4	3	23	2	0	-2043360	1
4	3	23	2	1	-36610320	1
4	3	23	2	2	-2067120	1
4	3	23	3	0	-16775000	1
4	3	23	3	1	6377400	1
4	3	23	3	2	-30888000	1
4	3	23	4	0	-30488550	1
4	3	23	4	1	28926450	1
4	3	23	4	2	16973550	1
4	3	23	5	0	10803240	1
4	3	23	5	1	-53571780	1
4	3	23	5	2	-2886840	1
4	3	23	6	0	12838770	1
4	3	23	6	1	19493460	1
4	3	23	6	2	561330	1
4	3	23	7	0	-1479465	1
4	3	23	7	1	-2671785	1
4	3	23	8	0	1012095	4
4	3	24	0	1	-57440	3
4	3	24	0	2	604160	3
4	3	24	1	0	-49280	27
4	3	24	1	1	-1155040	1
4	3	24	1	2	3759680	1
4	3	24	2	0	-1402720	9
4	3	24	2	1	-12598080	1
4	3	24	2	2	9720480	1
4	3	24	3	0	-2703800	1
4	3	24	3	1	-20883000	1
4	3	24	3	2	-12830400	1
4	3	24	4	0	-11794200	1
4	3	24	4	1	26500500	1
4	3	24	4	2	-6058800	1
4	3	24	5	0	-7380360	1
4	3	24	5	1	-12870900	1
4	3	24	5	2	5666760	1
4	3	24	6	0	8341200	1
4	3	24	6	1	-6214320	1
4	3	24	6	2	-1122660	1
4	3	24	7	0	471015	1
4	3	24	7	1	2671785	1
4	3	25	0	1	-2000	3
4	3	25	0	2	24320	1
4	3	25	1	1	-102880	1
4	3	25	1	2	854080	1
4	3	25	2	0	-135520	27
4	3	25	2	1	-2412080	1
4	3	25	2	2	5597680	1
4	3	25	3	0	-704000	3
4	3	25	3	1	-11730400	1
4	3	25	3	2	3128400	1
4	3	25	4	0	-2336950	1
4	3	25	4	1	-1392300	1
4	3	25	4	2	-9563400	1
4	3	25	5	0	-5255580	1
4	3	25	5	1	12092220	1
4	3	25	5	2	2637360	1
4	3	25	6	0	442155	1
4	3	25	6	1	-11157615	1
4	3	25	6	2	-187110	1
4	3	25	7	0	1983420	1
4	3	25	7	1	2690010	1
4	3	25	7	2	80190	1
4	3	25	8	0	-252315	1
4	3	25	8	1	-1439775	4
4	3	25	9	0	73305	2
4	3	26	0	2	5120	3
4	3	26	1	1	-4000	1
4	3	26	1	2	118080	1
4	3	26	2	1	-249920	1
4	3	26	2	2	1580480	1
4	3	26	3	0	-677600	81
4	3	26	3	1	-8734000	3
4	3	26	3	2	13072400	3
4	3	26	4	0	-707300	3
4	3	26	4	1	-6039000	1
4	3	26	4	2	-1623600	1
4	3	26	5	0	-1373460	1
4	3	26	5	1	4827420	1
4	3	26	5	2	-2494800	1
4	3	26	6	0	-1373680	1
4	3	26	6	1	122850	1
4	3	26	6	2	1164240	1
4	3	26	7	0	808440	1
4	3	26	7	1	-1978560	1
4	3	26	7	2	-187110	1
4	3	26	8	0	112050	1
4	3	26	8	1	479925	1
4	3	26	9	0	-24435	2
4	3	27	0	2	160	3
4	3	27	1	2	9280	1
4	3	27	2	1	-11000	1
4	3	27	2	2	256080	1
4	3	27	3	1	-1084600	3
4	3	27	3	2	4972000	3
4	3	27	4	0	-84700	9
4	3	27	4	1	-2213475	1
4	3	27	4	2	1714350	1
4	3	27	5	0	-498080	3
4	3	27	5	1	-1273140	1
4	3	27	5	2	-1718640	1
4	3	27	6	0	-551320	1
4	3	27	6	1	2562525	1
4	3	27	6	2	124740	1
4	3	27	7	0	-132495	1
4	3	27	7	1	-1329750	1
4	3	27	7	2	35640	1
4	3	27	8	0	206775	1
4	3	27	8	1	3039525	16
4	3	27	8	2	66825	8
4	3	27	9	0	-96375	4
4	3	27	9	1	-33750	1
4	3	27	10	0	25245	8
4	3	28	1	2	320	1
4	3	28	2	2	22880	1
4	3	28	3	1	-55000	3
4	3	28	3	2	325600	1
4	3	28	4	1	-344850	1
4	3	28	4	2	1062600	1
4	3	28	5	0	-67760	9
4	3	28	5	1	-1069860	1
4	3	28	5	2	139920	1
4	3	28	6	0	-251020	3
4	3	28	6	1	328020	1
4	3	28	6	2	-526680	1
4	3	28	7	0	-146135	1
4	3	28	7	1	402480	1
4	3	28	7	2	154440	1
4	3	28	8	0	33000	1
4	3	28	8	1	-2519775	8
4	3	28	8	2	-22275	1
4	3	28	9	0	68525	4
4	3	28	9	1	56250	1
4	3	28	10	0	-8415	4
4	3	29	2	2	880	1
4	3	29	3	2	101200	3
4	3	29	4	1	-20625	1
4	3	29	4	2	267300	1
4	3	29	5	1	-226380	1
4	3	29	5	2	410520	1
4	3	29	6	0	-118580	27
4	3	29	6	1	-301840	1
4	3	29	6	2	-158620	1
4	3	29	7	0	-90640	3
4	3	29	7	1	280170	1
4	3	29	7	2	-33660	1
4	3	29	8	0	-182325	8
4	3	29	8	1	-1038375	16
4	3	29	8	2	22275	2
4	3	29	9	0	293975	24
4	3	29	9	1	-7875	4
4	3	29	9	2	2475	4
4	3	29	10	0	-30505	32
4	3	29	10	1	-67005	32
4	3	29	11	0	1215	8
4	3	30	3	2	4400	3
4	3	30	4	2	33000	1
4	3	30	5	1	-16500	1
4	3	30	5	2	146520	1
4	3	30	6	1	-103180	1
4	3	30	6	2	80080	1
4	3	30	7	0	-16940	9
4	3	30	7	1	-28380	1
4	3	30	7	2	-64020	1
4	3	30	8	0	-92125	12
4	3	30	8	1	264825	4
4	3	30	8	2	12375	1
4	3	30	9	0	-27775	24
4	3	30	9	1	-54675	2
4	3	30	9	2	-7425	4
4	3	30	10	0	5445	4
4	3	30	10	1	67005	16
4	3	30	11	0	-1215	8
4	3	31	4	2	1650	1
4	3	31	5	2	22440	1
4	3	31	6	1	-9625	1
4	3	31	6	2	53130	1
4	3	31	7	1	-31845	1
4	3	31	7	2	-1320	1
4	3	31	8	0	-21175	36
4	3	31	8	1	177375	16
4	3	31	8	2	-30525	4
4	3	31	9	0	-11825	9
4	3	31	9	1	26125	8
4	3	31	9	2	5775	4
4	3	31	10	0	5665	24
4	3	31	10	1	-12585	8
4	3	31	10	2	495	16
4	3	31	11	0	585	32
4	3	31	11	1	-2475	32
4	3	31	12	0	405	128
4	3	32	5	2	1320	1
4	3	32	6	2	10780	1
4	3	32	7	1	-4125	1
4	3	32	7	2	11880	1
4	3	32	8	1	-48675	8
4	3	32	8	2	-4125	1
4	3	32	9	0	-21175	162
4	3	32	9	1	103675	24
4	3	32	9	2	5225	12
4	3	32	10	0	-9955	72
4	3	32	10	1	-2145	2
4	3	32	10	2	-825	8
4	3	32	11	0	1365	32
4	3	32	11	1	5775	32
4	3	32	12	0	-135	32
4	3	33	6	2	770	1
4	3	33	7	2	3630	1
4	3	33	8	1	-20625	16
4	3	33	8	2	2475	2
4	3	33	9	1	-11825	24
4	3	33	9	2	-8525	12
4	3	33	10	0	-4235	216
4	3	33	10	1	8635	16
4	3	33	10	2	1705	16
4	3	33	11	0	-65	9
4	3	33	11	1	-120	1
4	3	33	11	2	15	16
4	3	33	12	0	255	128
4	3	33	12	1	-165	128
4	3	34	7	2	330	1
4	3	34	8	2	825	1
4	3	34	9	1	-6875	24
4	3	34	9	2	-275	4
4	3	34	10	1	55	1
4	3	34	10	2	-55	4
4	3	34	11	0	-385	216
4	3	34	11	1	65	16
4	3	34	11	2	-55	16
4	3	34	12	0	-5	64
4	3	34	12	1	55	16
4	3	35	8	2	825	8
4	3	35	9	2	1375	12
4	3	35	10	1	-1375	32
4	3	35	10	2	-495	16
4	3	35	11	1	535	32
4	3	35	11	2	35	8
4	3	35	12	0	-385	5184
4	3	35	12	1	-2435	768
4	3	35	12	2	5	384
4	3	36	9	2	275	12
4	3	36	10	2	55	8
4	3	36	11	1	-125	32
4	3	36	11	2	-15	8
4	3	36	12	1	455	384
4	3	36	12	2	-5	96
4	3	37	10	2	55	16
4	3	37	11	2	-5	16
4	3	37	12	1	-125	768
4	3	37	12	2	5	64
4	3	38	11	2	5	16
4	3	38	12	2	-5	96
4	3	39	12	2	5	384
4	4	12	0	0	11022480	1
4	4	12	1	0	-16533720	1
4	4	13	0	0	40415760	1
4	4	13	1	0	-55112400	1
4	4	14	0	0	67359600	1
4	4	14	1	0	-60623640	1
4	4	14	2	0	-30311820	1
4	4	15	0	0	67359600	1
4	4	15	2	0	-90935460	1
4	4	16	0	0	44906400	1
4	4	16	1	0	67359600	1
4	4	16	2	0	-101039400	1
4	4	16	3	0	-25259850	1
4	4	17	0	0	20956320	1
4	4	17	1	0	80831520	1
4	4	17	2	0	-33679800	1
4	4	17	3	0	-67359600	1
4	4	18	0	0	6985440	1
4	4	18	1	0	52390800	1
4	4	18	2	0	33679800	1
4	4	18	3	0	-67359600	1
4	4	18	4	0	-12629925	1
4	4	19	0	0	1663200	1
4	4	19	1	0	21954240	1
4	4	19	2	0	47151720	1
4	4	19	3	0	-22453200	1
4	4	19	4	0	-29469825	1
4	4	20	0	0	277200	1
4	4	20	1	0	6237000	1
4	4	20	2	0	27941760	1
4	4	20	3	0	13097700	1
4	4	20	4	0	-25259850	1
4	4	20	5	0	-4209975	1
4	4	21	0	0	30800	1
4	4	21	1	0	1201200	1
4	4	21	2	0	9979200	1
4	4	21	3	0	17463600	1
4	4	21	4	0	-6548850	1
4	4	21	5	0	-8419950	1
4	4	22	0	0	6160	3
4	4	22	1	0	150920	1
4	4	22	2	0	2286900	1
4	4	22	3	0	8731800	1
4	4	22	4	0	4365900	1
4	4	22	5	0	-5893965	1
4	4	22	6	0	-1964655	2
4	4	23	0	0	560	9
4	4	23	1	0	11200	1
4	4	23	2	0	331100	1
4	4	23	3	0	2494800	1
4	4	23	4	0	4365900	1
4	4	23	5	0	-873180	1
4	4	23	6	0	-3274425	2
4	4	24	1	0	1120	3
4	4	24	2	0	27720	1
4	4	24	3	0	427350	1
4	4	24	4	0	1697850	1
4	4	24	5	0	1091475	1
4	4	24	6	0	-873180	1
4	4	24	7	0	-654885	4
4	4	25	2	0	3080	3
4	4	25	3	0	123200	3
4	4	25	4	0	358050	1
4	4	25	5	0	727650	1
4	4	25	7	0	-218295	1
4	4	26	3	0	15400	9
4	4	26	4	0	40425	1
4	4	26	5	0	202125	1
4	4	26	6	0	363825	2
4	4	26	7	0	-155925	2
4	4	26	8	0	-155925	8
4	4	27	4	0	1925	1
4	4	27	5	0	27720	1
4	4	27	6	0	153615	2
4	4	27	7	0	17325	1
4	4	27	8	0	-155925	8
4	4	28	5	0	1540	1
4	4	28	6	0	13475	1
4	4	28	7	0	75075	4
4	4	28	8	0	-51975	16
4	4	28	9	0	-51975	32
4	4	29	6	0	2695	3
4	4	29	7	0	4620	1
4	4	29	8	0	40425	16
4	4	29	9	0	-17325	16
4	4	30	7	0	385	1
4	4	30	8	0	17325	16
4	4	30	9	0	1925	32
4	4	30	10	0	-5775	64
4	4	31	8	0	1925	16
4	4	31	9	0	1925	12
4	4	31	10	0	-1925	64
4	4	32	9	0	1925	72
4	4	32	10	0	385	32
4	4	32	11	0	-385	128
4	4	33	10	0	385	96
4	4	34	11	0	35	96
4	4	34	12	0	-35	768
4	4	35	12	0	35	2304
5	0	4	0	0	1147912560	1
5	0	5	0	0	1721868840	1
5	0	6	0	0	8439283080	1
5	0	6	0	1	2965440780	1
5	0	6	1	0	1817528220	1
5	0	7	0	0	10926426960	1
5	0	7	0	1	6281632620	1
5	0	7	1	0	3953921040	1
5	0	8	0	0	-276349320	1
5	0	8	0	1	1849414680	1
5	0	8	0	2	-127545840	1
5	0	8	1	0	15192126720	1
5	0	8	1	1	5564187270	1
5	0	8	2	0	1530550080	1
5	0	9	0	0	701502120	1
5	0	9	0	1	-8453454840	1
5	0	9	0	2	446410440	1
5	0	9	1	0	14566207320	1
5	0	9	1	1	12446348220	1
5	0	9	2	0	4054894830	1
5	0	10	0	0	22801574520	1
5	0	10	0	1	-11139790680	1
5	0	10	0	2	340122240	1
5	0	10	1	0	-844007040	1
5	0	10	1	1	-2200165740	1
5	0	10	1	2	-63772920	1
5	0	10	2	0	11813933430	1
5	0	10	2	1	5205464595	1
5	0	10	3	0	821076345	1
5	0	11	0	0	33460662600	1
5	0	11	0	1	-3925052640	1
5	0	11	0	2	-1325059560	1
5	0	11	0	3	-15943230	1
5	0	11	1	0	10912780080	1
5	0	11	1	1	-19059836220	1
5	0	11	1	2	850305600	1
5	0	11	2	0	7926540930	1
5	0	11	2	1	10363985235	1
5	0	11	3	0	2428685370	1
5	0	12	0	0	13758242040	1
5	0	12	0	1	5804035560	1
5	0	12	0	2	-847943640	1
5	0	12	0	3	10628820	1
5	0	12	1	0	44380791000	1
5	0	12	1	1	-13068199800	1
5	0	12	1	2	-81487620	1
5	0	12	1	3	31886460	1
5	0	12	2	0	-312303600	1
5	0	12	2	1	-7735123755	1
5	0	12	2	2	63772920	1
5	0	12	3	0	5397373845	1
5	0	12	3	1	5832564975	2
5	0	12	4	0	217890810	1
5	0	13	0	0	-16287298560	1
5	0	13	0	1	9399638520	1
5	0	13	0	2	1625815800	1
5	0	13	0	3	76173210	1
5	0	13	1	0	47595010320	1
5	0	13	1	1	-358842960	1
5	0	13	1	2	-2817818280	1
5	0	13	1	3	-116917020	1
5	0	13	2	0	13253482440	1
5	0	13	2	1	-15455583675	1
5	0	13	2	2	772360920	1
5	0	13	3	0	2433212460	1
5	0	13	3	1	4714767405	1
5	0	13	4	0	863591625	1
5	0	14	0	0	-30912950160	1
5	0	14	0	1	3373223940	1
5	0	14	0	2	1410090120	1
5	0	14	0	3	-47239200	1
5	0	14	1	0	8180881740	1
5	0	14	1	1	10307724660	1
5	0	14	1	2	-201947580	1
5	0	14	1	3	31886460	1
5	0	14	2	0	33645821310	1
5	0	14	2	1	-3445235775	1
5	0	14	2	2	-693825750	1
5	0	14	2	3	58458510	1
5	0	14	3	0	388815795	1
5	0	14	3	1	-13634315685	2
5	0	14	3	2	69087330	1
5	0	14	4	0	3136387635	2
5	0	14	4	1	4147897005	4
5	0	14	5	0	32772195	4
5	0	15	0	0	-26463431160	1
5	0	15	0	1	-4053045600	1
5	0	15	0	2	-798080040	1
5	0	15	0	3	-129907800	1
5	0	15	1	0	-35092184040	1
5	0	15	1	1	13279405680	1
5	0	15	1	2	3905107200	1
5	0	15	1	3	283435200	1
5	0	15	2	0	28293357510	1
5	0	15	2	1	1728003375	1
5	0	15	2	2	-2624728050	1
5	0	15	2	3	-204604785	1
5	0	15	3	0	7105089150	1
5	0	15	3	1	-5554148940	1
5	0	15	3	2	481839840	1
5	0	15	4	0	1017840735	2
5	0	15	4	1	2622661335	2
5	0	15	5	0	387066195	2
5	0	16	0	0	-14828951880	1
5	0	16	0	1	-4674513240	1
5	0	16	0	2	-1213260120	1
5	0	16	0	3	45664560	1
5	0	16	1	0	-48664970100	1
5	0	16	1	1	2349564570	1
5	0	16	1	2	1337787900	1
5	0	16	1	3	-165337200	1
5	0	16	2	0	-2695224780	1
5	0	16	2	1	6626212695	1
5	0	16	2	2	1173106800	1
5	0	16	2	3	97430850	1
5	0	16	3	0	14134776615	1
5	0	16	3	1	3018442725	2
5	0	16	3	2	-743918985	1
5	0	16	3	3	48715425	1
5	0	16	4	0	277497495	1
5	0	16	4	1	-6231342555	2
5	0	16	4	2	23914845	1
5	0	16	5	0	1215392445	4
5	0	16	5	1	1938283425	8
5	0	16	6	0	-18600435	2
5	0	17	0	0	-5903988480	1
5	0	17	0	1	-992050740	1
5	0	17	0	2	-104895000	1
5	0	17	0	3	128333160	1
5	0	17	1	0	-35773908480	1
5	0	17	1	1	-8122082220	1
5	0	17	1	2	-2571999480	1
5	0	17	1	3	-335398320	1
5	0	17	2	0	-29774589120	1
5	0	17	2	1	8875167975	1
5	0	17	2	2	3733340220	1
5	0	17	2	3	357246450	1
5	0	17	3	0	9894436740	1
5	0	17	3	1	-86348835	1
5	0	17	3	2	-1430035560	1
5	0	17	3	3	-178623225	1
5	0	17	4	0	4153940415	2
5	0	17	4	1	-2110903335	4
5	0	17	4	2	477411165	2
5	0	17	5	0	196206705	2
5	0	17	5	1	240723090	1
5	0	17	6	0	229208535	8
5	0	18	0	0	-1709433000	1
5	0	18	0	1	1361584080	1
5	0	18	0	2	446112360	1
5	0	18	0	3	-349920	1
5	0	18	1	0	-17411223180	1
5	0	18	1	1	-6384624660	1
5	0	18	1	2	-1735355340	1
5	0	18	1	3	164287440	1
5	0	18	2	0	-33373118070	1
5	0	18	2	1	-165633660	1
5	0	18	2	2	-235911690	1
5	0	18	2	3	-292292550	1
5	0	18	3	0	-4068899730	1
5	0	18	3	1	4885688745	2
5	0	18	3	2	1440401940	1
5	0	18	3	3	129907800	1
5	0	18	4	0	7927650225	2
5	0	18	4	1	4213623645	4
5	0	18	4	2	-907287885	2
5	0	18	4	3	48715425	2
5	0	18	5	0	34875360	1
5	0	18	5	1	-3539889135	4
5	0	18	5	2	1476225	1
5	0	18	6	0	172608975	4
5	0	18	6	1	617947785	16
5	0	18	7	0	-36315135	16
5	0	19	0	0	-359093120	1
5	0	19	0	1	1352333120	1
5	0	19	0	2	235659240	1
5	0	19	0	3	-72972900	1
5	0	19	1	0	-5932981960	1
5	0	19	1	1	35750340	1
5	0	19	1	2	527841360	1
5	0	19	1	3	267338880	1
5	0	19	2	0	-21129476490	1
5	0	19	2	1	-6788605950	1
5	0	19	2	2	-2734325910	1
5	0	19	2	3	-322604370	1
5	0	19	3	0	-14148536760	1
5	0	19	3	1	4029692490	1
5	0	19	3	2	1896260220	1
5	0	19	3	3	221925825	1
5	0	19	4	0	2501234235	1
5	0	19	4	1	-1689704145	2
5	0	19	4	2	-489319380	1
5	0	19	4	3	-763208325	8
5	0	19	5	0	355659660	1
5	0	19	5	1	305972235	1
5	0	19	5	2	94478400	1
5	0	19	6	0	36818145	2
5	0	19	6	1	490270725	16
5	0	19	7	0	19518975	8
5	0	20	0	0	-481414520	9
5	0	20	0	1	1889810840	3
5	0	20	0	2	-6550920	1
5	0	20	0	3	-24769800	1
5	0	20	1	0	-4291837660	3
5	0	20	1	1	2596016220	1
5	0	20	1	2	854471700	1
5	0	20	1	3	-52925400	1
5	0	20	2	0	-8782374040	1
5	0	20	2	1	-3542324310	1
5	0	20	2	2	-750291660	1
5	0	20	2	3	260056170	1
5	0	20	3	0	-13300445205	1
5	0	20	3	1	-952084530	1
5	0	20	3	2	-942515595	1
5	0	20	3	3	-270641250	1
5	0	20	4	0	-1864191915	1
5	0	20	4	1	855486360	1
5	0	20	4	2	858911445	1
5	0	20	4	3	373484925	4
5	0	20	5	0	884020635	1
5	0	20	5	1	1436648805	8
5	0	20	5	2	-383063985	2
5	0	20	5	3	16238475	2
5	0	20	6	0	-22402170	1
5	0	20	6	1	-2729365065	16
5	0	20	6	2	-1607445	1
5	0	20	7	0	23266035	4
5	0	20	7	1	146999205	32
5	0	20	8	0	-951345	4
5	0	21	0	0	-48339280	9
5	0	21	0	1	1637372480	9
5	0	21	0	2	-51379800	1
5	0	21	0	3	17671500	1
5	0	21	1	0	-2162236040	9
5	0	21	1	1	5387047640	3
5	0	21	1	2	208904040	1
5	0	21	1	3	-140243400	1
5	0	21	2	0	-7467200990	3
5	0	21	2	1	1090966230	1
5	0	21	2	2	886289040	1
5	0	21	2	3	217715850	1
5	0	21	3	0	-7154721000	1
5	0	21	3	1	-3253693950	1
5	0	21	3	2	-1433491020	1
5	0	21	3	3	-140132025	1
5	0	21	4	0	-8715344895	2
5	0	21	4	1	5387579055	4
5	0	21	4	2	1049719905	2
5	0	21	4	3	582780825	8
5	0	21	5	0	511313985	1
5	0	21	5	1	-865929285	2
5	0	21	5	2	-95539095	1
5	0	21	5	3	-68201595	2
5	0	21	6	0	176634675	4
5	0	21	6	1	2294640495	16
5	0	21	6	2	28474740	1
5	0	21	7	0	1462860	1
5	0	21	7	1	35352855	16
5	0	21	8	0	-251505	16
5	0	22	0	0	-26476840	81
5	0	22	0	1	308687960	9
5	0	22	0	2	-23588840	1
5	0	22	0	3	14464800	1
5	0	22	1	0	-724374980	27
5	0	22	1	1	5868132740	9
5	0	22	1	2	-102588180	1
5	0	22	1	3	-18235800	1
5	0	22	2	0	-479290790	1
5	0	22	2	1	1947541960	1
5	0	22	2	2	573614550	1
5	0	22	2	3	-107053650	1
5	0	22	3	0	-2466943300	1
5	0	22	3	1	-925832445	1
5	0	22	3	2	69929730	1
5	0	22	3	3	209295900	1
5	0	22	4	0	-6850096125	2
5	0	22	4	1	-642813255	1
5	0	22	4	2	-1248829245	2
5	0	22	4	3	-145544850	1
5	0	22	5	0	-532517355	1
5	0	22	5	1	333239670	1
5	0	22	5	2	634685625	2
5	0	22	5	3	83357505	2
5	0	22	6	0	174282570	1
5	0	22	6	1	-52410645	2
5	0	22	6	2	-236294415	4
5	0	22	6	3	7577955	4
5	0	22	7	0	-20314395	2
5	0	22	7	1	-738371295	32
5	0	22	7	2	-2591595	4
5	0	22	8	0	29161215	32
5	0	22	8	1	7927875	16
5	0	22	9	0	-543105	32
5	0	23	0	0	-2219360	243
5	0	23	0	1	335160820	81
5	0	23	0	2	-15903400	3
5	0	23	0	3	1821000	1
5	0	23	1	0	-48514960	27
5	0	23	1	1	145351880	1
5	0	23	1	2	-82150560	1
5	0	23	1	3	38232000	1
5	0	23	2	0	-1627887470	27
5	0	23	2	1	8810108270	9
5	0	23	2	2	445890	1
5	0	23	2	3	-108494100	1
5	0	23	3	0	-5015206900	9
5	0	23	3	1	857454650	1
5	0	23	3	2	549713880	1
5	0	23	3	3	78118425	1
5	0	23	4	0	-1519068800	1
5	0	23	4	1	-3929425785	4
5	0	23	4	2	-397694610	1
5	0	23	4	3	-132914925	8
5	0	23	5	0	-929098515	1
5	0	23	5	1	603890325	2
5	0	23	5	2	50974110	1
5	0	23	5	3	9261945	1
5	0	23	6	0	155547315	2
5	0	23	6	1	-102145050	1
5	0	23	6	2	-11235105	4
5	0	23	6	3	-68201595	8
5	0	23	7	0	7880760	1
5	0	23	7	1	63412065	2
5	0	23	7	2	6276690	1
5	0	23	8	0	-13976955	32
5	0	23	8	1	-1432485	8
5	0	23	9	0	-893025	32
5	0	24	0	1	23619760	81
5	0	24	0	2	-1784840	3
5	0	24	0	3	-2005200	1
5	0	24	1	0	-4438720	81
5	0	24	1	1	541777700	27
5	0	24	1	2	-23843660	1
5	0	24	1	3	17859600	1
5	0	24	2	0	-13467740	3
5	0	24	2	1	268759150	1
5	0	24	2	2	-109785720	1
5	0	24	2	3	10498950	1
5	0	24	3	0	-2167271975	27
5	0	24	3	1	2328760750	3
5	0	24	3	2	161766945	1
5	0	24	3	3	-86694300	1
5	0	24	4	0	-1247531725	3
5	0	24	4	1	-45013100	1
5	0	24	4	2	179030115	1
5	0	24	4	3	380033775	4
5	0	24	5	0	-1181922515	2
5	0	24	5	1	-243617715	1
5	0	24	5	2	-216171585	1
5	0	24	5	3	-96829425	2
5	0	24	6	0	-109907700	1
5	0	24	6	1	101211705	1
5	0	24	6	2	153489735	2
5	0	24	6	3	49677705	4
5	0	24	7	0	28047195	1
5	0	24	7	1	-71005275	4
5	0	24	7	2	-106787565	8
5	0	24	7	3	2525985	8
5	0	24	8	0	-56908035	32
5	0	24	8	1	-65620935	32
5	0	24	8	2	-2044845	16
5	0	24	9	0	7866045	64
5	0	24	9	1	866295	16
5	0	24	10	0	-13365	8
5	0	25	0	1	742420	81
5	0	25	0	2	-14160	1
5	0	25	0	3	-1193400	1
5	0	25	1	1	42785000	27
5	0	25	1	2	-3330760	1
5	0	25	1	3	-1090800	1
5	0	25	2	0	-12206480	81
5	0	25	2	1	1173142630	27
5	0	25	2	2	-45497620	1
5	0	25	2	3	31605750	1
5	0	25	3	0	-545015900	81
5	0	25	3	1	2534535850	9
5	0	25	3	2	-59711200	1
5	0	25	3	3	-39661875	1
5	0	25	4	0	-1261822925	18
5	0	25	4	1	3873728425	12
5	0	25	4	2	342719055	2
5	0	25	4	3	32499225	8
5	0	25	5	0	-206296255	1
5	0	25	5	1	-184152630	1
5	0	25	5	2	-44726850	1
5	0	25	5	3	21049875	2
5	0	25	6	0	-555379755	4
5	0	25	6	1	35803635	1
5	0	25	6	2	-15890175	1
5	0	25	6	3	-4209975	2
5	0	25	7	0	13073625	2
5	0	25	7	1	-46142685	4
5	0	25	7	2	8372565	2
5	0	25	7	3	-12148785	8
5	0	25	8	0	6870015	4
5	0	25	8	1	69541335	16
5	0	25	8	2	31489155	32
5	0	25	9	0	-2310795	16
5	0	25	9	1	-5411205	64
5	0	25	10	0	-141345	64
5	0	26	0	2	10600	3
5	0	26	0	3	-322080	1
5	0	26	1	1	1484840	27
5	0	26	1	2	-141420	1
5	0	26	1	3	-3294000	1
5	0	26	2	1	105408820	27
5	0	26	2	2	-8095670	1
5	0	26	2	3	7350750	1
5	0	26	3	0	-61032400	243
5	0	26	3	1	4465731875	81
5	0	26	3	2	-141476600	3
5	0	26	3	3	16843200	1
5	0	26	4	0	-120995875	18
5	0	26	4	1	180495150	1
5	0	26	4	2	13383225	2
5	0	26	4	3	-72906075	2
5	0	26	5	0	-755172935	18
5	0	26	5	1	260666795	6
5	0	26	5	2	71133030	1
5	0	26	5	3	50301405	2
5	0	26	6	0	-813965845	12
5	0	26	6	1	-57204805	1
5	0	26	6	2	-87360525	2
5	0	26	6	3	-20114325	2
5	0	26	7	0	-65392945	4
5	0	26	7	1	39534885	2
5	0	26	7	2	11882295	1
5	0	26	7	3	10224225	4
5	0	26	8	0	99389025	32
5	0	26	8	1	-30519225	8
5	0	26	8	2	-34723485	16
5	0	26	8	3	601425	16
5	0	26	9	0	-8729145	64
5	0	26	9	1	-4891185	64
5	0	26	9	2	-488835	32
5	0	26	10	0	1298475	128
5	0	26	10	1	155115	32
5	0	26	11	0	-18225	128
5	0	27	0	2	800	3
5	0	27	0	3	-49230	1
5	0	27	1	2	16400	1
5	0	27	1	3	-1232640	1
5	0	27	2	1	4083310	27
5	0	27	2	2	-504570	1
5	0	27	2	3	-2836350	1
5	0	27	3	1	465794450	81
5	0	27	3	2	-33718300	3
5	0	27	3	3	12714075	1
5	0	27	4	0	-7629050	27
5	0	27	4	1	1624749775	36
5	0	27	4	2	-27470100	1
5	0	27	4	3	-39731175	8
5	0	27	5	0	-14098370	3
5	0	27	5	1	69841365	1
5	0	27	5	2	26309160	1
5	0	27	5	3	-6691410	1
5	0	27	6	0	-627091465	36
5	0	27	6	1	-109119815	6
5	0	27	6	2	11270385	2
5	0	27	6	3	44937585	8
5	0	27	7	0	-42394220	3
5	0	27	7	1	-631535	2
5	0	27	7	2	-6964650	1
5	0	27	7	3	-9689625	8
5	0	27	8	0	-220075	8
5	0	27	8	1	-2234295	32
5	0	27	8	2	42181155	32
5	0	27	8	3	-24658425	128
5	0	27	9	0	7531575	32
5	0	27	9	1	23559165	64
5	0	27	9	2	425655	4
5	0	27	10	0	-2256735	128
5	0	27	10	1	-382185	32
5	0	27	11	0	-135	8
5	0	28	0	3	-4140	1
5	0	28	1	2	1600	1
5	0	28	1	3	-228420	1
5	0	28	2	2	31900	1
5	0	28	2	3	-1955250	1
5	0	28	3	1	20416550	81
5	0	28	3	2	-967725	1
5	0	28	3	3	430650	1
5	0	28	4	1	50568100	9
5	0	28	4	2	-9791925	1
5	0	28	4	3	31563675	4
5	0	28	5	0	-6103240	27
5	0	28	5	1	443403235	18
5	0	28	5	2	-14684925	2
5	0	28	5	3	-16767135	2
5	0	28	6	0	-126671545	54
5	0	28	6	1	165650485	12
5	0	28	6	2	13725915	1
5	0	28	6	3	7182945	2
5	0	28	7	0	-356460445	72
5	0	28	7	1	-97902715	12
5	0	28	7	2	-19134135	4
5	0	28	7	3	-9645075	8
5	0	28	8	0	-52318475	32
5	0	28	8	1	73622625	32
5	0	28	8	2	32827005	32
5	0	28	8	3	23455575	64
5	0	28	9	0	12801275	64
5	0	28	9	1	-29197355	64
5	0	28	9	2	-15728445	64
5	0	28	9	3	200475	64
5	0	28	10	0	-33565	32
5	0	28	10	1	776115	128
5	0	28	10	2	-36045	32
5	0	28	11	0	106605	256
5	0	28	11	1	8505	32
5	0	28	12	0	-1215	256
5	0	29	0	3	-150	1
5	0	29	1	3	-22140	1
5	0	29	2	2	4400	1
5	0	29	2	3	-466290	1
5	0	29	3	2	93500	3
5	0	29	3	3	-1573275	1
5	0	29	4	1	10208275	36
5	0	29	4	2	-2314125	2
5	0	29	4	3	19624275	8
5	0	29	5	1	34329515	9
5	0	29	5	2	-5475855	1
5	0	29	5	3	2338875	2
5	0	29	6	0	-10680670	81
5	0	29	6	1	957797225	108
5	0	29	6	2	872515	1
5	0	29	6	3	-2571030	1
5	0	29	7	0	-15044315	18
5	0	29	7	1	-259875	4
5	0	29	7	2	2627505	1
5	0	29	7	3	5172255	4
5	0	29	8	0	-66260425	72
5	0	29	8	1	-71776625	96
5	0	29	8	2	-39198555	32
5	0	29	8	3	-34103025	128
5	0	29	9	0	-16914425	288
5	0	29	9	1	14750225	96
5	0	29	9	2	6703515	32
5	0	29	9	3	-1091475	64
5	0	29	10	0	6335705	384
5	0	29	10	1	2007825	128
5	0	29	10	2	241245	32
5	0	29	11	0	-16085	16
5	0	29	11	1	-103635	128
5	0	29	12	0	1215	512
5	0	30	1	3	-900	1
5	0	30	2	3	-53460	1
5	0	30	3	2	22000	3
5	0	30	3	3	-544500	1
5	0	30	4	2	20625	2
5	0	30	4	3	-542025	1
5	0	30	5	1	2041655	9
5	0	30	5	2	-1841895	2
5	0	30	5	3	3586275	2
5	0	30	6	1	98715925	54
5	0	30	6	2	-7514815	4
5	0	30	6	3	-3690225	4
5	0	30	7	0	-1525810	27
5	0	30	7	1	140659255	72
5	0	30	7	2	5110995	4
5	0	30	7	3	268785	2
5	0	30	8	0	-19987825	96
5	0	30	8	1	-20140725	32
5	0	30	8	2	-4425075	32
5	0	30	8	3	-779625	16
5	0	30	9	0	-57903175	576
5	0	30	9	1	77466325	576
5	0	30	9	2	992805	64
5	0	30	9	3	2309175	64
5	0	30	10	0	6633385	1152
5	0	30	10	1	-2955235	96
5	0	30	10	2	-2347335	128
5	0	30	10	3	22275	128
5	0	30	11	0	21485	48
5	0	30	11	1	220725	256
5	0	30	11	2	-6075	128
5	0	30	12	0	3345	512
5	0	30	12	1	405	64
5	0	31	2	3	-2475	1
5	0	31	3	3	-76725	1
5	0	31	4	2	8250	1
5	0	31	4	3	-3140775	8
5	0	31	5	2	-11550	1
5	0	31	5	3	114345	1
5	0	31	6	1	14291585	108
5	0	31	6	2	-1999305	4
5	0	31	6	3	4209975	8
5	0	31	7	1	22079585	36
5	0	31	7	2	-311520	1
5	0	31	7	3	-1759725	4
5	0	31	8	0	-3814525	216
5	0	31	8	1	111029875	576
5	0	31	8	2	11525925	32
5	0	31	8	3	10506375	64
5	0	31	9	0	-44705375	1296
5	0	31	9	1	-29249275	288
5	0	31	9	2	-895175	8
5	0	31	9	3	-546975	16
5	0	31	10	0	-16518755	3456
5	0	31	10	1	22268585	1152
5	0	31	10	2	2495595	128
5	0	31	10	3	-256905	256
5	0	31	11	0	29665	64
5	0	31	11	1	295	128
5	0	31	11	2	315	1
5	0	31	12	0	-2935	128
5	0	31	12	1	-22545	1024
5	0	32	3	3	-4125	1
5	0	32	4	3	-289575	4
5	0	32	5	2	6600	1
5	0	32	5	3	-343035	2
5	0	32	6	2	-36575	2
5	0	32	6	3	765765	4
5	0	32	7	1	2041655	36
5	0	32	7	2	-1466685	8
5	0	32	7	3	22275	8
5	0	32	8	1	19943275	144
5	0	32	8	2	674025	32
5	0	32	8	3	-1269675	32
5	0	32	9	0	-3814525	972
5	0	32	9	1	-75427825	5184
5	0	32	9	2	5451775	192
5	0	32	9	3	246675	32
5	0	32	10	0	-5889455	1728
5	0	32	10	1	78155	128
5	0	32	10	2	-197595	32
5	0	32	10	3	298485	128
5	0	32	11	0	139205	6912
5	0	32	11	1	-1107295	1152
5	0	32	11	2	-207165	256
5	0	32	11	3	1485	256
5	0	32	12	0	2785	144
5	0	32	12	1	7895	256
5	0	32	12	2	-225	256
5	0	33	4	3	-37125	8
5	0	33	5	3	-93555	2
5	0	33	6	2	3850	1
5	0	33	6	3	-72765	2
5	0	33	7	2	-25575	2
5	0	33	7	3	616275	8
5	0	33	8	1	10208275	576
5	0	33	8	2	-344025	8
5	0	33	8	3	-2294325	64
5	0	33	9	1	49148275	2592
5	0	33	9	2	1913725	96
5	0	33	9	3	339075	32
5	0	33	10	0	-762905	1296
5	0	33	10	1	-18916645	3456
5	0	33	10	2	-272875	64
5	0	33	10	3	-342045	128
5	0	33	11	0	-9555	64
5	0	33	11	1	123385	128
5	0	33	11	2	16185	16
5	0	33	11	3	-9045	256
5	0	33	12	0	-3935	13824
5	0	33	12	1	-18645	1024
5	0	33	12	2	3015	512
5	0	34	5	3	-7425	2
5	0	34	6	3	-20790	1
5	0	34	7	2	1650	1
5	0	34	7	3	13365	4
5	0	34	8	2	-177375	32
5	0	34	8	3	96525	8
5	0	34	9	1	10208275	2592
5	0	34	9	2	-342375	64
5	0	34	9	3	-215325	32
5	0	34	10	1	1852345	1728
5	0	34	10	2	403865	128
5	0	34	10	3	170775	128
5	0	34	11	0	-69355	1296
5	0	34	11	1	-2166475	6912
5	0	34	11	2	-37835	64
5	0	34	11	3	5715	64
5	0	34	12	0	19435	41472
5	0	34	12	1	-10525	2304
5	0	34	12	2	-8185	512
5	0	34	12	3	45	512
5	0	35	6	3	-17325	8
5	0	35	7	3	-49005	8
5	0	35	8	2	4125	8
5	0	35	8	3	556875	128
5	0	35	9	2	-75625	48
5	0	35	9	3	-9075	16
5	0	35	10	1	2041655	3456
5	0	35	10	2	-2145	128
5	0	35	10	3	7425	64
5	0	35	11	1	-220025	3456
5	0	35	11	2	4265	64
5	0	35	11	3	-30375	256
5	0	35	12	0	-69355	31104
5	0	35	12	1	1223665	82944
5	0	35	12	2	17435	768
5	0	35	12	3	-1155	2048
5	0	36	7	3	-7425	8
5	0	36	8	3	-66825	64
5	0	36	9	2	1375	12
5	0	36	9	3	71775	64
5	0	36	10	2	-18425	64
5	0	36	10	3	-50985	128
5	0	36	11	1	185605	3456
5	0	36	11	2	21495	256
5	0	36	11	3	675	8
5	0	36	12	1	-97105	10368
5	0	36	12	2	-6895	384
5	0	36	12	3	1575	1024
5	0	37	8	3	-37125	128
5	0	37	9	3	-2475	64
5	0	37	10	2	275	16
5	0	37	10	3	13365	128
5	0	37	11	2	-1975	64
5	0	37	11	3	-6435	256
5	0	37	12	1	185605	82944
5	0	37	12	2	3915	512
5	0	37	12	3	-4725	2048
5	0	38	9	3	-4125	64
5	0	38	10	3	1485	64
5	0	38	11	2	25	16
5	0	38	11	3	-135	32
5	0	38	12	2	-2275	1536
5	0	38	12	3	525	256
5	0	39	10	3	-2475	256
5	0	39	11	3	1215	256
5	0	39	12	2	25	384
5	0	39	12	3	-2205	2048
5	0	40	11	3	-225	256
5	0	40	12	3	315	1024
5	0	41	12	3	-75	2048
5	1	4	0	0	191318760	1
5	1	5	0	0	-159432300	1
5	1	5	0	1	334807830	1
5	1	6	0	0	446410440	1
5	1	6	0	1	829047960	1
5	1	6	1	0	446410440	1
5	1	7	0	0	435781620	1
5	1	7	0	1	-1057567590	1
5	1	7	0	2	717445350	1
5	1	7	1	0	-53144100	1
5	1	7	1	1	956593800	1
5	1	7	2	0	55801305	1
5	1	8	0	0	-1863586440	1
5	1	8	0	1	-95659380	1
5	1	8	0	2	658986840	1
5	1	8	1	0	747560340	1
5	1	8	1	1	1477405980	1
5	1	8	2	0	467668080	1
5	1	9	0	0	-4510162620	1
5	1	9	0	1	1397099340	1
5	1	9	0	2	-3319734780	1
5	1	9	1	0	200766600	1
5	1	9	1	1	-2315311290	1
5	1	9	1	2	1418947470	1
5	1	9	2	0	-68201595	1
5	1	9	2	1	1084139640	1
5	1	9	3	0	71744535	1
5	1	10	0	0	-6315881040	1
5	1	10	0	1	-1417176000	1
5	1	10	0	2	-1488034800	1
5	1	10	0	3	-63772920	1
5	1	10	1	0	-3796457040	1
5	1	10	1	1	-265130010	1
5	1	10	1	2	728074170	1
5	1	10	2	0	638910180	1
5	1	10	2	1	1131969330	1
5	1	10	3	0	273692115	1
5	1	11	0	0	-6583416750	1
5	1	11	0	1	-2752601940	1
5	1	11	0	2	4372972110	1
5	1	11	0	3	187480575	1
5	1	11	0	4	-3542940	1
5	1	11	1	0	-7437024720	1
5	1	11	1	1	1771863660	1
5	1	11	1	2	-6918180840	1
5	1	11	2	0	131876100	1
5	1	11	2	1	-2361664755	1
5	1	11	2	2	1286087220	1
5	1	11	3	0	-71154045	1
5	1	11	3	1	1354288815	2
5	1	11	4	0	314435925	8
5	1	12	0	0	-3126156120	1
5	1	12	0	1	246431160	1
5	1	12	0	2	1887730920	1
5	1	12	0	3	14762250	1
5	1	12	0	4	14171760	1
5	1	12	1	0	-9877016880	1
5	1	12	1	1	-2817293400	1
5	1	12	1	2	-91722780	1
5	1	12	1	3	-170061120	1
5	1	12	2	0	-3083866830	1
5	1	12	2	1	-357836940	1
5	1	12	2	2	111602610	1
5	1	12	3	0	361871955	1
5	1	12	3	1	1010033145	2
5	1	12	4	0	248891535	2
5	1	13	0	0	3394486440	1
5	1	13	0	1	2500083630	1
5	1	13	0	2	-2415803940	1
5	1	13	0	3	-427678785	1
5	1	13	0	4	-11809800	1
5	1	13	1	0	-10679682330	1
5	1	13	1	1	-3779223480	1
5	1	13	1	2	8926306110	1
5	1	13	1	3	522189990	1
5	1	13	1	4	-7085880	1
5	1	13	2	0	-5322884625	1
5	1	13	2	1	1318859415	1
5	1	13	2	2	-6292655100	1
5	1	13	2	3	6495390	1
5	1	13	3	0	105205635	1
5	1	13	3	1	-3007463985	2
5	1	13	3	2	694416240	1
5	1	13	4	0	-37791360	1
5	1	13	4	1	1053138915	4
5	1	13	5	0	100088055	8
5	1	14	0	0	8172498240	1
5	1	14	0	1	1455978240	1
5	1	14	0	2	-953648640	1
5	1	14	0	3	74008080	1
5	1	14	0	4	-19420560	1
5	1	14	1	0	-5251349070	1
5	1	14	1	1	1563894540	1
5	1	14	1	2	58983390	1
5	1	14	1	3	-83652750	1
5	1	14	1	4	30705480	1
5	1	14	2	0	-7052506380	1
5	1	14	2	1	-2246770710	1
5	1	14	2	2	2411626770	1
5	1	14	2	3	-216513000	1
5	1	14	3	0	-1503354735	1
5	1	14	3	1	-326901825	2
5	1	14	3	2	-174785040	1
5	1	14	4	0	127939500	1
5	1	14	4	1	149492385	1
5	1	14	5	0	366005385	8
5	1	15	0	0	8198601030	1
5	1	15	0	1	-375650460	1
5	1	15	0	2	708954930	1
5	1	15	0	3	504803340	1
5	1	15	0	4	27424980	1
5	1	15	1	0	5237662500	1
5	1	15	1	1	4348232280	1
5	1	15	1	2	-5309875620	1
5	1	15	1	3	-1016430120	1
5	1	15	1	4	-33854760	1
5	1	15	2	0	-8315129520	1
5	1	15	2	1	-2546958330	1
5	1	15	2	2	7357964670	1
5	1	15	2	3	1306655955	2
5	1	15	2	4	-6495390	1
5	1	15	3	0	-2234691180	1
5	1	15	3	1	1781103735	2
5	1	15	3	2	-3403092285	1
5	1	15	3	3	10825650	1
5	1	15	4	0	202133475	4
5	1	15	4	1	-5299418115	8
5	1	15	4	2	984248415	4
5	1	15	5	0	-21224835	1
5	1	15	5	1	537641145	8
5	1	15	6	0	17025795	8
5	1	16	0	0	5217114600	1
5	1	16	0	1	-853950600	1
5	1	16	0	2	-90428400	1
5	1	16	0	3	-32221800	1
5	1	16	0	4	14696640	1
5	1	16	1	0	12073681800	1
5	1	16	1	1	1722523320	1
5	1	16	1	2	201767760	1
5	1	16	1	3	416842200	1
5	1	16	1	4	-27556200	1
5	1	16	2	0	-4261681350	1
5	1	16	2	1	1954346940	1
5	1	16	2	2	-2871684090	1
5	1	16	2	3	-243937980	1
5	1	16	2	4	30311820	1
5	1	16	3	0	-3104186490	1
5	1	16	3	1	-2478115215	2
5	1	16	3	2	2513016090	1
5	1	16	3	3	-169601850	1
5	1	16	4	0	-1050806115	2
5	1	16	4	1	284802075	4
5	1	16	4	2	-96971580	1
5	1	16	5	0	139388445	4
5	1	16	5	1	207360405	8
5	1	16	6	0	11448945	1
5	1	17	0	0	2307952320	1
5	1	17	0	1	-387851670	1
5	1	17	0	2	-481167000	1
5	1	17	0	3	-378180900	1
5	1	17	0	4	-26010720	1
5	1	17	1	0	11099085030	1
5	1	17	1	1	-1177834770	1
5	1	17	1	2	1835507790	1
5	1	17	1	3	1051334640	1
5	1	17	1	4	64035360	1
5	1	17	2	0	3785516370	1
5	1	17	2	1	3464341245	1
5	1	17	2	2	-4182890220	1
5	1	17	2	3	-1045276650	1
5	1	17	2	4	-41137470	1
5	1	17	3	0	-4127686290	1
5	1	17	3	1	-2386654875	2
5	1	17	3	2	3315025440	1
5	1	17	3	3	990546975	2
5	1	17	3	4	-3608550	1
5	1	17	4	0	-2456582985	4
5	1	17	4	1	3418080525	8
5	1	17	4	2	-5179548645	4
5	1	17	4	3	16238475	2
5	1	17	5	0	63433935	4
5	1	17	5	1	-799009515	4
5	1	17	5	2	239706135	4
5	1	17	6	0	-71307135	8
5	1	17	6	1	91427535	8
5	1	17	7	0	754515	16
5	1	18	0	0	730822600	1
5	1	18	0	1	11336640	1
5	1	18	0	2	56580120	1
5	1	18	0	3	-64385280	1
5	1	18	0	4	-10497600	1
5	1	18	1	0	6293238390	1
5	1	18	1	1	-1385847090	1
5	1	18	1	2	-696297330	1
5	1	18	1	3	-329741280	1
5	1	18	1	4	8048160	1
5	1	18	2	0	8221648770	1
5	1	18	2	1	696809790	1
5	1	18	2	2	1802289690	1
5	1	18	2	3	706313520	1
5	1	18	2	4	-11547360	1
5	1	18	3	0	-2106823230	1
5	1	18	3	1	2822348205	2
5	1	18	3	2	-2793671370	1
5	1	18	3	3	-565940925	2
5	1	18	3	4	18042750	1
5	1	18	4	0	-1910997765	2
5	1	18	4	1	-1286151615	2
5	1	18	4	2	2649685365	2
5	1	18	4	3	-178623225	2
5	1	18	5	0	-297024975	2
5	1	18	5	1	447580485	4
5	1	18	5	2	-46943955	4
5	1	18	6	0	84531195	8
5	1	18	6	1	-1749600	1
5	1	18	7	0	30213405	16
5	1	19	0	0	497690800	3
5	1	19	0	1	94653500	1
5	1	19	0	2	302310030	1
5	1	19	0	3	167974290	1
5	1	19	0	4	14298120	1
5	1	19	1	0	2412142600	1
5	1	19	1	1	-416098080	1
5	1	19	1	2	-900666360	1
5	1	19	1	3	-734265000	1
5	1	19	1	4	-54704160	1
5	1	19	2	0	6765056070	1
5	1	19	2	1	-1290171645	1
5	1	19	2	2	1419939720	1
5	1	19	2	3	902404800	1
5	1	19	2	4	62548200	1
5	1	19	3	0	1772481375	1
5	1	19	3	1	1656622125	1
5	1	19	3	2	-1580636025	1
5	1	19	3	3	-1216281825	2
5	1	19	3	4	-28868400	1
5	1	19	4	0	-1444899600	1
5	1	19	4	1	-2770695315	8
5	1	19	4	2	3737056905	4
5	1	19	4	3	4071045825	16
5	1	19	4	4	-5412825	4
5	1	19	5	0	-219143475	2
5	1	19	5	1	730250235	8
5	1	19	5	2	-394348905	1
5	1	19	5	3	3608550	1
5	1	19	6	0	5383665	8
5	1	19	6	1	-550420515	16
5	1	19	6	2	82285875	8
5	1	19	7	0	-33078375	16
5	1	19	7	1	40317345	32
5	1	19	8	0	-6331365	128
5	1	20	0	0	237984200	9
5	1	20	0	1	51872120	1
5	1	20	0	2	130403560	1
5	1	20	0	3	78167100	1
5	1	20	0	4	7172640	1
5	1	20	1	0	1920738220	3
5	1	20	1	1	110175580	1
5	1	20	1	2	278892780	1
5	1	20	1	3	49218840	1
5	1	20	1	4	-2760480	1
5	1	20	2	0	3325053650	1
5	1	20	2	1	-939749130	1
5	1	20	2	2	-1057188330	1
5	1	20	2	3	-569865780	1
5	1	20	2	4	-13471920	1
5	1	20	3	0	3416755050	1
5	1	20	3	1	-71957115	1
5	1	20	3	2	1586124180	1
5	1	20	3	3	1221761475	2
5	1	20	3	4	3207600	1
5	1	20	4	0	-671129550	1
5	1	20	4	1	2866661685	4
5	1	20	4	2	-1367638020	1
5	1	20	4	3	-1541452275	8
5	1	20	4	4	7217100	1
5	1	20	5	0	-441438525	2
5	1	20	5	1	-2148719805	8
5	1	20	5	2	945222615	2
5	1	20	5	3	-32958090	1
5	1	20	6	0	-137301885	4
5	1	20	6	1	413436555	8
5	1	20	6	2	11762415	2
5	1	20	7	0	10673775	4
5	1	20	7	1	-89233245	32
5	1	20	8	0	8460045	32
5	1	21	0	0	8445980	3
5	1	21	0	1	47100620	3
5	1	21	0	2	-21437300	1
5	1	21	0	3	-29061150	1
5	1	21	0	4	-4284720	1
5	1	21	1	0	116540980	1
5	1	21	1	1	136775200	1
5	1	21	1	2	491259090	1
5	1	21	1	3	331303500	1
5	1	21	1	4	29516400	1
5	1	21	2	0	1067379475	1
5	1	21	2	1	-135264180	1
5	1	21	2	2	-605974050	1
5	1	21	2	3	-571567590	1
5	1	21	2	4	-45654840	1
5	1	21	3	0	2427417100	1
5	1	21	3	1	-740972970	1
5	1	21	3	2	432499230	1
5	1	21	3	3	786418875	2
5	1	21	3	4	33679800	1
5	1	21	4	0	2441335275	4
5	1	21	4	1	3775804875	8
5	1	21	4	2	-1058160915	4
5	1	21	4	3	-3412685925	16
5	1	21	4	4	-13231350	1
5	1	21	5	0	-1482255045	4
5	1	21	5	1	-41769675	4
5	1	21	5	2	343131795	2
5	1	21	5	3	372282075	4
5	1	21	5	4	-360855	1
5	1	21	6	0	-8999235	1
5	1	21	6	1	-211062915	16
5	1	21	6	2	-814583385	8
5	1	21	6	3	4209975	4
5	1	21	7	0	-1431675	1
5	1	21	7	1	-1456785	32
5	1	21	7	2	5070195	4
5	1	21	8	0	-18537255	64
5	1	21	8	1	10071135	128
5	1	21	9	0	-1162755	128
5	1	22	0	0	14575000	81
5	1	22	0	1	27338600	9
5	1	22	0	2	-123765040	3
5	1	22	0	3	-96492400	3
5	1	22	0	4	-3429600	1
5	1	22	1	0	376009280	27
5	1	22	1	1	164036380	3
5	1	22	1	2	360102470	3
5	1	22	1	3	71120500	1
5	1	22	1	4	4506480	1
5	1	22	2	0	2041956730	9
5	1	22	2	1	122235650	1
5	1	22	2	2	373270150	1
5	1	22	2	3	200448600	1
5	1	22	2	4	12687840	1
5	1	22	3	0	2987651050	3
5	1	22	3	1	-327366765	1
5	1	22	3	2	-711069870	1
5	1	22	3	3	-910134225	2
5	1	22	3	4	-18711000	1
5	1	22	4	0	1911833925	2
5	1	22	4	1	-188621325	1
5	1	22	4	2	1405994355	2
5	1	22	4	3	1279141875	4
5	1	22	4	4	5613300	1
5	1	22	5	0	-542489895	4
5	1	22	5	1	968539275	4
5	1	22	5	2	-441587295	1
5	1	22	5	3	-347155875	4
5	1	22	5	4	2044845	1
5	1	22	6	0	-40830615	1
5	1	22	6	1	-274805055	4
5	1	22	6	2	524120625	4
5	1	22	6	3	-8700615	1
5	1	22	7	0	-22513275	4
5	1	22	7	1	357642945	32
5	1	22	7	2	5701995	2
5	1	22	8	0	11772135	32
5	1	22	8	1	-28281555	32
5	1	22	9	0	5687415	128
5	1	23	0	0	140960	27
5	1	23	0	1	30769370	81
5	1	23	0	2	-166949320	9
5	1	23	0	3	-18383500	3
5	1	23	0	4	712600	3
5	1	23	1	0	26612720	27
5	1	23	1	1	113618420	9
5	1	23	1	2	-199815500	3
5	1	23	1	3	-74924600	1
5	1	23	1	4	-10071600	1
5	1	23	2	0	834755570	27
5	1	23	2	1	78687945	1
5	1	23	2	2	971209370	3
5	1	23	2	3	257401375	1
5	1	23	2	4	22827420	1
5	1	23	3	0	255279475	1
5	1	23	3	1	39034025	3
5	1	23	3	2	-166040375	1
5	1	23	3	3	-425558925	2
5	1	23	3	4	-19126800	1
5	1	23	4	0	2236716875	4
5	1	23	4	1	-1945515615	8
5	1	23	4	2	-293535	1
5	1	23	4	3	1161218025	16
5	1	23	4	4	10758825	1
5	1	23	5	0	158738085	1
5	1	23	5	1	116975745	2
5	1	23	5	2	50917005	2
5	1	23	5	3	-82252665	2
5	1	23	5	4	-4209975	1
5	1	23	6	0	-139865355	2
5	1	23	6	1	125428905	4
5	1	23	6	2	107795205	8
5	1	23	6	3	395831205	16
5	1	23	6	4	-280665	4
5	1	23	7	0	7867395	8
5	1	23	7	1	-98784765	8
5	1	23	7	2	-85826385	4
5	1	23	7	3	841995	4
5	1	23	8	0	-57297645	128
5	1	23	8	1	198521685	128
5	1	23	8	2	14741595	128
5	1	23	9	0	-2755215	64
5	1	23	9	1	93555	128
5	1	23	10	0	-52245	64
5	1	24	0	1	2310860	81
5	1	24	0	2	-41279480	9
5	1	24	0	3	3317400	1
5	1	24	0	4	2593600	3
5	1	24	1	0	281920	9
5	1	24	1	1	48908920	27
5	1	24	1	2	-165476360	3
5	1	24	1	3	-41603000	1
5	1	24	1	4	-3502000	1
5	1	24	2	0	66207460	27
5	1	24	2	1	205149230	9
5	1	24	2	2	57727630	3
5	1	24	2	3	-4315300	1
5	1	24	2	4	-3478200	1
5	1	24	3	0	1094030300	27
5	1	24	3	1	173523275	3
5	1	24	3	2	698514830	3
5	1	24	3	3	353077175	2
5	1	24	3	4	13424400	1
5	1	24	4	0	181898750	1
5	1	24	4	1	-217567575	4
5	1	24	4	2	-266689710	1
5	1	24	4	3	-1654089525	8
5	1	24	4	4	-10602900	1
5	1	24	5	0	370659375	2
5	1	24	5	1	-160523055	2
5	1	24	5	2	389525355	2
5	1	24	5	3	216686745	2
5	1	24	5	4	2900205	1
5	1	24	6	0	-60910185	4
5	1	24	6	1	47709585	1
5	1	24	6	2	-414646155	4
5	1	24	6	3	-108679725	4
5	1	24	6	4	841995	2
5	1	24	7	0	-51459435	8
5	1	24	7	1	-62218935	8
5	1	24	7	2	234633105	8
5	1	24	7	3	-6615675	4
5	1	24	8	0	-17360325	32
5	1	24	8	1	47945925	64
5	1	24	8	2	18909045	32
5	1	24	9	0	396225	16
5	1	24	9	1	-19334295	128
5	1	24	10	0	874395	128
5	1	25	0	1	80450	81
5	1	25	0	2	-2035900	3
5	1	25	0	3	6943940	3
5	1	25	0	4	728800	3
5	1	25	1	1	4139020	27
5	1	25	1	2	-17798700	1
5	1	25	1	3	-464000	1
5	1	25	1	4	1642400	1
5	1	25	2	0	775280	9
5	1	25	2	1	103749800	27
5	1	25	2	2	-177562720	3
5	1	25	2	3	-66007150	1
5	1	25	2	4	-8072900	1
5	1	25	3	0	296149700	81
5	1	25	3	1	23185250	1
5	1	25	3	2	320274500	3
5	1	25	3	3	581885975	6
5	1	25	3	4	8207100	1
5	1	25	4	0	1247533375	36
5	1	25	4	1	156475375	8
5	1	25	4	2	13486705	4
5	1	25	4	3	-401171925	16
5	1	25	4	4	-3638250	1
5	1	25	5	0	504838675	6
5	1	25	5	1	-88523685	2
5	1	25	5	2	-179254695	4
5	1	25	5	3	-42734835	4
5	1	25	5	4	1902285	1
5	1	25	6	0	241905195	8
5	1	25	6	1	-24177405	4
5	1	25	6	2	231740145	8
5	1	25	6	3	-8950095	8
5	1	25	6	4	-3835755	4
5	1	25	7	0	-18881145	2
5	1	25	7	1	43076745	4
5	1	25	7	2	-16750935	4
5	1	25	7	3	76719555	16
5	1	25	7	4	-40095	4
5	1	25	8	0	11312325	32
5	1	25	8	1	-184396905	64
5	1	25	8	2	-218231415	64
5	1	25	8	3	467775	16
5	1	25	9	0	-6771825	128
5	1	25	9	1	49230585	128
5	1	25	9	2	1033155	128
5	1	25	10	0	-1050435	128
5	1	25	10	1	-40095	128
5	1	25	11	0	-6885	128
5	1	26	0	2	-510680	9
5	1	26	0	3	1961000	3
5	1	26	0	4	-144320	3
5	1	26	1	1	160900	27
5	1	26	1	2	-9454840	3
5	1	26	1	3	6137200	1
5	1	26	1	4	1181600	1
5	1	26	2	1	10054880	27
5	1	26	2	2	-86911990	3
5	1	26	2	3	-18471200	1
5	1	26	2	4	-519200	1
5	1	26	3	0	3876400	27
5	1	26	3	1	384911725	81
5	1	26	3	2	-162149150	9
5	1	26	3	3	-178668325	6
5	1	26	3	4	-14004100	3
5	1	26	4	0	65315525	18
5	1	26	4	1	85777175	6
5	1	26	4	2	161353975	2
5	1	26	4	3	76639200	1
5	1	26	4	4	6246900	1
5	1	26	5	0	181270540	9
5	1	26	5	1	-1182960	1
5	1	26	5	2	-240197525	4
5	1	26	5	3	-226575525	4
5	1	26	5	4	-3461535	1
5	1	26	6	0	294875735	12
5	1	26	6	1	-64435175	4
5	1	26	6	2	69952995	2
5	1	26	6	3	96136425	4
5	1	26	6	4	883575	1
5	1	26	7	0	-543175	2
5	1	26	7	1	8120445	2
5	1	26	7	2	-34645635	2
5	1	26	7	3	-96348285	16
5	1	26	7	4	253935	4
5	1	26	8	0	-26945625	32
5	1	26	8	1	3297645	8
5	1	26	8	2	81016065	16
5	1	26	8	3	-7194825	32
5	1	26	9	0	-3422325	128
5	1	26	9	1	-20989575	128
5	1	26	9	2	9027585	128
5	1	26	10	0	380655	128
5	1	26	10	1	-1921725	128
5	1	26	11	0	81135	128
5	1	27	0	2	-18700	9
5	1	27	0	3	102375	1
5	1	27	0	4	-145220	3
5	1	27	1	2	-909160	3
5	1	27	1	3	2473480	1
5	1	27	1	4	92000	1
5	1	27	2	1	442475	27
5	1	27	2	2	-19334920	3
5	1	27	2	3	4634300	1
5	1	27	2	4	1678600	1
5	1	27	3	1	43637275	81
5	1	27	3	2	-222391675	9
5	1	27	3	3	-55154275	2
5	1	27	3	4	-8786800	3
5	1	27	4	0	484550	3
5	1	27	4	1	270985825	72
5	1	27	4	2	63268625	4
5	1	27	4	3	238724475	16
5	1	27	4	4	1990725	2
5	1	27	5	0	22637450	9
5	1	27	5	1	31431125	6
5	1	27	5	2	31377715	2
5	1	27	5	3	9899175	1
5	1	27	5	4	183645	1
5	1	27	6	0	288168265	36
5	1	27	6	1	-15003135	4
5	1	27	6	2	-34775965	2
5	1	27	6	3	-154311465	16
5	1	27	6	4	301455	4
5	1	27	7	0	31972435	8
5	1	27	7	1	-11763075	4
5	1	27	7	2	73246275	8
5	1	27	7	3	26856225	16
5	1	27	7	4	-316305	2
5	1	27	8	0	-27311775	32
5	1	27	8	1	23687955	16
5	1	27	8	2	-247454055	128
5	1	27	8	3	171673425	256
5	1	27	8	4	-66825	64
5	1	27	9	0	1295725	32
5	1	27	9	1	-9039675	32
5	1	27	9	2	-12158235	32
5	1	27	9	3	22275	8
5	1	27	10	0	-415035	128
5	1	27	10	1	5935815	128
5	1	27	10	2	57645	128
5	1	27	11	0	-253665	256
5	1	27	11	1	-405	16
5	1	27	12	0	-2295	1024
5	1	28	0	3	26270	3
5	1	28	0	4	-42800	3
5	1	28	1	2	-37400	3
5	1	28	1	3	472840	1
5	1	28	1	4	-126880	1
5	1	28	2	2	-2191640	3
5	1	28	2	3	3851540	1
5	1	28	2	4	523600	1
5	1	28	3	1	2212375	81
5	1	28	3	2	-7552600	1
5	1	28	3	3	-12348325	6
5	1	28	3	4	2063600	3
5	1	28	4	1	18500075	36
5	1	28	4	2	-10475850	1
5	1	28	4	3	-124651725	8
5	1	28	4	4	-2082300	1
5	1	28	5	0	387640	3
5	1	28	5	1	17697130	9
5	1	28	5	2	16143520	1
5	1	28	5	3	18390405	1
5	1	28	5	4	1604625	1
5	1	28	6	0	67020415	54
5	1	28	6	1	11253935	12
5	1	28	6	2	-29673525	4
5	1	28	6	3	-17898265	2
5	1	28	6	4	-1396395	2
5	1	28	7	0	38098555	18
5	1	28	7	1	-6097595	4
5	1	28	7	2	27042745	8
5	1	28	7	3	53129505	16
5	1	28	7	4	357885	2
5	1	28	8	0	16757675	96
5	1	28	8	1	-1236675	8
5	1	28	8	2	-56370225	32
5	1	28	8	3	-120747825	128
5	1	28	8	4	111375	16
5	1	28	9	0	-15656125	192
5	1	28	9	1	13353115	64
5	1	28	9	2	39973605	64
5	1	28	9	3	-170775	8
5	1	28	10	0	-105935	128
5	1	28	10	1	-5233815	128
5	1	28	10	2	638595	128
5	1	28	11	0	9795	16
5	1	28	11	1	-52245	64
5	1	28	12	0	3195	128
5	1	29	0	3	965	3
5	1	29	0	4	-6680	3
5	1	29	1	3	46750	1
5	1	29	1	4	-54520	1
5	1	29	2	2	-102850	3
5	1	29	2	3	959200	1
5	1	29	2	4	-90200	1
5	1	29	3	2	-9415450	9
5	1	29	3	3	17906075	6
5	1	29	3	4	2109800	3
5	1	29	4	1	2212375	72
5	1	29	4	2	-21950225	4
5	1	29	4	3	-89930775	16
5	1	29	4	4	-404250	1
5	1	29	5	1	6072605	18
5	1	29	5	2	-984115	2
5	1	29	5	3	-5834235	4
5	1	29	5	4	-269445	1
5	1	29	6	0	678370	9
5	1	29	6	1	72007705	108
5	1	29	6	2	58856035	12
5	1	29	6	3	9623075	2
5	1	29	6	4	1073765	4
5	1	29	7	0	7829965	18
5	1	29	7	1	-178805	6
5	1	29	7	2	-3527615	1
5	1	29	7	3	-20467425	8
5	1	29	7	4	-195525	4
5	1	29	8	0	196799075	576
5	1	29	8	1	-10497825	32
5	1	29	8	2	105166145	64
5	1	29	8	3	127971525	256
5	1	29	8	4	-601425	32
5	1	29	9	0	-26192375	576
5	1	29	9	1	1893825	32
5	1	29	9	2	-48478115	128
5	1	29	9	3	8433975	128
5	1	29	9	4	-2475	32
5	1	29	10	0	2089925	768
5	1	29	10	1	-167005	64
5	1	29	10	2	-3529425	128
5	1	29	10	3	22275	128
5	1	29	11	0	-21005	64
5	1	29	11	1	371025	128
5	1	29	11	2	585	32
5	1	29	12	0	-48285	1024
5	1	29	12	1	-45	64
5	1	30	0	4	-560	3
5	1	30	1	3	1930	1
5	1	30	1	4	-10360	1
5	1	30	2	3	112640	1
5	1	30	2	4	-86240	1
5	1	30	3	2	-514250	9
5	1	30	3	3	2219525	2
5	1	30	3	4	169400	3
5	1	30	4	2	-1968175	2
5	1	30	4	3	3569775	4
5	1	30	4	4	392700	1
5	1	30	5	1	442475	18
5	1	30	5	2	-2445575	1
5	1	30	5	3	-14951805	4
5	1	30	5	4	-465465	1
5	1	30	6	1	8304065	54
5	1	30	6	2	19706225	12
5	1	30	6	3	4491795	2
5	1	30	6	4	222530	1
5	1	30	7	0	96910	3
5	1	30	7	1	9735275	72
5	1	30	7	2	-282355	2
5	1	30	7	3	-4571985	8
5	1	30	7	4	-333795	4
5	1	30	8	0	30427925	288
5	1	30	8	1	-4544375	96
5	1	30	8	2	-48500	1
5	1	30	8	3	7206375	32
5	1	30	8	4	398475	16
5	1	30	9	0	225500	9
5	1	30	9	1	-9188375	192
5	1	30	9	2	-6442495	128
5	1	30	9	3	-13090275	128
5	1	30	9	4	17325	32
5	1	30	10	0	-687775	128
5	1	30	10	1	2346865	128
5	1	30	10	2	6476385	128
5	1	30	10	3	-43065	32
5	1	30	11	0	6505	128
5	1	30	11	1	-901455	256
5	1	30	11	2	12375	64
5	1	30	12	0	21715	512
5	1	30	12	1	-4815	256
5	1	31	0	4	-20	3
5	1	31	1	4	-1000	1
5	1	31	2	3	10615	2
5	1	31	2	4	-21230	1
5	1	31	3	3	967175	6
5	1	31	3	4	-206800	3
5	1	31	4	2	-257125	4
5	1	31	4	3	12608475	16
5	1	31	4	4	132825	1
5	1	31	5	2	-632995	1
5	1	31	5	3	-707025	2
5	1	31	5	4	47355	1
5	1	31	6	1	3097325	216
5	1	31	6	2	-1124585	2
5	1	31	6	3	-15756125	16
5	1	31	6	4	-506275	4
5	1	31	7	1	3417755	72
5	1	31	7	2	5858985	8
5	1	31	7	3	7280295	8
5	1	31	7	4	66165	1
5	1	31	8	0	242275	24
5	1	31	8	1	14395975	1152
5	1	31	8	2	-6189925	16
5	1	31	8	3	-46634775	128
5	1	31	8	4	-857175	64
5	1	31	9	0	21706025	1296
5	1	31	9	1	-5161475	576
5	1	31	9	2	31406425	192
5	1	31	9	3	1808675	24
5	1	31	9	4	-50325	32
5	1	31	10	0	-2915935	3456
5	1	31	10	1	-3601195	768
5	1	31	10	2	-15828625	384
5	1	31	10	3	2209075	512
5	1	31	10	4	-495	128
5	1	31	11	0	225455	2304
5	1	31	11	1	397225	256
5	1	31	11	2	-297355	256
5	1	31	11	3	825	128
5	1	31	12	0	-85075	3072
5	1	31	12	1	153825	2048
5	1	31	12	2	195	512
5	1	32	1	4	-40	1
5	1	32	2	4	-2420	1
5	1	32	3	3	53075	6
5	1	32	3	4	-74800	3
5	1	32	4	3	1211925	8
5	1	32	4	4	-23100	1
5	1	32	5	2	-51425	1
5	1	32	5	3	667425	2
5	1	32	5	4	88935	1
5	1	32	6	2	-837760	3
5	1	32	6	3	-1706705	4
5	1	32	6	4	-96635	2
5	1	32	7	1	442475	72
5	1	32	7	2	27445	2
5	1	32	7	3	372075	8
5	1	32	7	4	9735	1
5	1	32	8	1	5225825	576
5	1	32	8	2	3098425	32
5	1	32	8	3	3429525	64
5	1	32	8	4	-33825	8
5	1	32	9	0	242275	108
5	1	32	9	1	13475	2592
5	1	32	9	2	-15482125	288
5	1	32	9	3	-298925	48
5	1	32	9	4	227425	96
5	1	32	10	0	2596825	1728
5	1	32	10	1	-1540825	1152
5	1	32	10	2	3984295	384
5	1	32	10	3	-116875	16
5	1	32	10	4	1815	64
5	1	32	11	0	-379745	1728
5	1	32	11	1	38115	256
5	1	32	11	2	228905	96
5	1	32	11	3	-6485	128
5	1	32	12	0	10015	768
5	1	32	12	1	-345125	3072
5	1	32	12	2	25	8
5	1	33	2	4	-110	1
5	1	33	3	4	-10450	3
5	1	33	4	3	159225	16
5	1	33	4	4	-18150	1
5	1	33	5	3	389235	4
5	1	33	5	4	5775	1
5	1	33	6	2	-359975	12
5	1	33	6	3	507045	8
5	1	33	6	4	101255	4
5	1	33	7	2	-324445	4
5	1	33	7	3	-2539185	16
5	1	33	7	4	-85305	4
5	1	33	8	1	2212375	1152
5	1	33	8	2	3054425	64
5	1	33	8	3	10626825	128
5	1	33	8	4	132825	16
5	1	33	9	1	3814525	5184
5	1	33	9	2	-8667175	576
5	1	33	9	3	-1753125	64
5	1	33	9	4	-85525	48
5	1	33	10	0	48455	144
5	1	33	10	1	278465	1728
5	1	33	10	2	1246835	192
5	1	33	10	3	106865	16
5	1	33	10	4	-11275	128
5	1	33	11	0	77495	1728
5	1	33	11	1	-344185	1152
5	1	33	11	2	-462475	192
5	1	33	11	3	86555	512
5	1	33	11	4	-15	128
5	1	33	12	0	-100805	27648
5	1	33	12	1	514145	6144
5	1	33	12	2	-65855	3072
5	1	33	12	3	55	512
5	1	34	3	4	-550	3
5	1	34	4	4	-3300	1
5	1	34	5	3	31845	4
5	1	34	5	4	-8085	1
5	1	34	6	3	171325	4
5	1	34	6	4	8855	1
5	1	34	7	2	-51425	4
5	1	34	7	3	-179025	16
5	1	34	7	4	825	4
5	1	34	8	2	-425425	32
5	1	34	8	3	-174075	8
5	1	34	8	4	-14025	8
5	1	34	9	1	2212375	5184
5	1	34	9	2	1173425	96
5	1	34	9	3	2548975	192
5	1	34	9	4	13475	48
5	1	34	10	1	-70565	864
5	1	34	10	2	-666765	128
5	1	34	10	3	-165055	64
5	1	34	10	4	2365	16
5	1	34	11	0	4405	144
5	1	34	11	1	564055	6912
5	1	34	11	2	467705	384
5	1	34	11	3	-158425	512
5	1	34	11	4	115	128
5	1	34	12	0	-81085	41472
5	1	34	12	1	-51895	1536
5	1	34	12	2	75665	1536
5	1	34	12	3	-1325	1536
5	1	35	4	4	-825	4
5	1	35	5	4	-2145	1
5	1	35	6	3	74305	16
5	1	35	6	4	-7315	4
5	1	35	7	3	198165	16
5	1	35	7	4	7095	2
5	1	35	8	2	-257125	64
5	1	35	8	3	-2530275	256
5	1	35	8	4	-104775	64
5	1	35	9	2	-79475	288
5	1	35	9	3	102025	48
5	1	35	9	4	25025	48
5	1	35	10	1	442475	6912
5	1	35	10	2	5225	6
5	1	35	10	3	-160105	256
5	1	35	10	4	-8855	64
5	1	35	11	1	-171995	6912
5	1	35	11	2	-140525	768
5	1	35	11	3	169735	512
5	1	35	11	4	-95	32
5	1	35	12	0	4405	3456
5	1	35	12	1	1388875	165888
5	1	35	12	2	-543835	9216
5	1	35	12	3	36845	12288
5	1	35	12	4	-5	3072
5	1	36	5	4	-165	1
5	1	36	6	4	-1925	2
5	1	36	7	3	31845	16
5	1	36	7	4	165	2
5	1	36	8	3	256575	128
5	1	36	8	4	9075	16
5	1	36	9	2	-257125	288
5	1	36	9	3	-18975	8
5	1	36	9	4	-14575	48
5	1	36	10	2	34595	96
5	1	36	10	3	29425	32
5	1	36	10	4	1925	32
5	1	36	11	1	40225	6912
5	1	36	11	2	-1415	12
5	1	36	11	3	-101725	512
5	1	36	11	4	175	32
5	1	36	12	1	-146335	82944
5	1	36	12	2	95545	2304
5	1	36	12	3	-12065	2048
5	1	36	12	4	5	384
5	1	37	6	4	-385	4
5	1	37	7	4	-1155	4
5	1	37	8	3	159225	256
5	1	37	8	4	5775	32
5	1	37	9	3	11825	384
5	1	37	9	4	-1925	96
5	1	37	10	2	-51425	384
5	1	37	10	3	-25025	128
5	1	37	10	4	385	64
5	1	37	11	2	26605	384
5	1	37	11	3	24065	512
5	1	37	11	4	-385	64
5	1	37	12	1	40225	165888
5	1	37	12	2	-18115	1024
5	1	37	12	3	87875	12288
5	1	37	12	4	-35	768
5	1	38	7	4	-165	4
5	1	38	8	4	-825	16
5	1	38	9	3	53075	384
5	1	38	9	4	4675	96
5	1	38	10	3	-3685	64
5	1	38	10	4	-275	16
5	1	38	11	2	-4675	384
5	1	38	11	3	7045	512
5	1	38	11	4	245	64
5	1	38	12	2	20315	4608
5	1	38	12	3	-16855	3072
5	1	38	12	4	35	384
5	1	39	8	4	-825	64
5	1	39	9	4	-275	96
5	1	39	10	3	10615	512
5	1	39	10	4	605	128
5	1	39	11	3	-5575	512
5	1	39	11	4	-35	32
5	1	39	12	2	-4675	9216
5	1	39	12	3	10625	4096
5	1	39	12	4	-175	1536
5	1	40	9	4	-275	96
5	1	40	10	4	55	64
5	1	40	11	3	965	512
5	1	40	11	4	-5	32
5	1	40	12	3	-4235	6144
5	1	40	12	4	35	384
5	1	41	10	4	-55	128
5	1	41	11	4	25	128
5	1	41	12	3	965	12288
5	1	41	12	4	-35	768
5	1	42	11	4	-5	128
5	1	42	12	4	5	384
5	1	43	12	4	-5	3072
5	2	7	0	0	-113374080	1
5	2	8	0	0	-9447840	1
5	2	8	0	1	-623557440	1
5	2	8	1	0	-85030560	1
5	2	9	0	0	935336160	1
5	2	9	0	1	-1190427840	1
5	2	9	1	0	-321226560	1
5	2	10	0	0	2310521760	1
5	2	10	0	1	113374080	1
5	2	10	1	0	144866880	1
5	2	10	1	1	-1190427840	1
5	2	10	2	0	-203128560	1
5	2	11	0	0	2647844640	1
5	2	11	0	1	1873821600	1
5	2	11	0	2	56687040	1
5	2	11	1	0	1979847360	1
5	2	11	1	1	-1813985280	1
5	2	11	2	0	-521205840	1
5	2	12	0	0	853804800	1
5	2	12	0	1	1439220960	1
5	2	12	0	2	18895680	1
5	2	12	1	0	4499271360	1
5	2	12	1	1	946358640	1
5	2	12	1	2	-28343520	1
5	2	12	2	0	21257640	1
5	2	12	2	1	-1006194960	1
5	2	12	3	0	-185020200	1
5	2	13	0	0	-2254651200	1
5	2	13	0	1	-306529920	1
5	2	13	0	2	-157464000	1
5	2	13	1	0	5716759680	1
5	2	13	1	1	3520895040	1
5	2	13	1	2	132269760	1
5	2	13	2	0	1566154440	1
5	2	13	2	1	-1325846880	1
5	2	13	3	0	-406257120	1
5	2	14	0	0	-4374648000	1
5	2	14	0	1	-948983040	1
5	2	14	0	2	-115473600	1
5	2	14	1	0	3266153280	1
5	2	14	1	1	1715307840	1
5	2	14	1	2	66134880	1
5	2	14	2	0	3832790400	1
5	2	14	2	1	1181767320	1
5	2	14	2	2	-51963120	1
5	2	14	3	0	-42427800	1
5	2	14	3	1	-501522840	1
5	2	14	4	0	-90935460	1
5	2	15	0	0	-4233418560	1
5	2	15	0	1	-360067680	1
5	2	15	0	2	136468800	1
5	2	15	1	0	-1939282560	1
5	2	15	1	1	-1522152000	1
5	2	15	1	2	-327525120	1
5	2	15	2	0	5504591520	1
5	2	15	2	1	3013598520	1
5	2	15	2	2	155889360	1
5	2	15	3	0	685726560	1
5	2	15	3	1	-669222000	1
5	2	15	4	0	-165512160	1
5	2	16	0	0	-2687231520	1
5	2	16	0	1	144361440	1
5	2	16	0	2	184057920	1
5	2	16	1	0	-5587924320	1
5	2	16	1	1	-1878428880	1
5	2	16	1	2	-196305120	1
5	2	16	2	0	3833483760	1
5	2	16	2	1	836221320	1
5	2	16	2	2	69284160	1
5	2	16	3	0	1964800800	1
5	2	16	3	1	748085220	1
5	2	16	3	2	-43302600	1
5	2	16	4	0	2099520	1
5	2	16	4	1	-165730860	1
5	2	16	5	0	-27468720	1
5	2	17	0	0	-1199243040	1
5	2	17	0	1	109532160	1
5	2	17	0	2	7698240	1
5	2	17	1	0	-5418671040	1
5	2	17	1	1	-273792960	1
5	2	17	1	2	296032320	1
5	2	17	2	0	-523512720	1
5	2	17	2	1	-1873209240	1
5	2	17	2	2	-334873440	1
5	2	17	3	0	3160296000	1
5	2	17	3	1	1646577720	1
5	2	17	3	2	115473600	1
5	2	17	4	0	186259500	1
5	2	17	4	1	-273462480	1
5	2	17	5	0	-32717520	1
5	2	18	0	0	-384465760	1
5	2	18	0	1	-63469440	1
5	2	18	0	2	-98366400	1
5	2	18	1	0	-3176908800	1
5	2	18	1	1	539732160	1
5	2	18	1	2	293816160	1
5	2	18	2	0	-3432449520	1
5	2	18	2	1	-1512859680	1
5	2	18	2	2	-132794640	1
5	2	18	3	0	2300315760	1
5	2	18	3	1	147476700	1
5	2	18	3	2	28868400	1
5	2	18	4	0	685219500	1
5	2	18	4	1	327765690	1
5	2	18	4	2	-21651300	1
5	2	18	5	0	18676980	1
5	2	18	5	1	-38841120	1
5	2	18	6	0	-5409180	1
5	2	19	0	0	-265109920	3
5	2	19	0	1	-103629600	1
5	2	19	0	2	-61300800	1
5	2	19	1	0	-1249229120	1
5	2	19	1	1	262362240	1
5	2	19	1	2	-49610880	1
5	2	19	2	0	-3217977360	1
5	2	19	2	1	115272720	1
5	2	19	2	2	298306800	1
5	2	19	3	0	-37454400	1
5	2	19	3	1	-1223300880	1
5	2	19	3	2	-211701600	1
5	2	19	4	0	1208890980	1
5	2	19	4	1	646550100	1
5	2	19	4	2	57736800	1
5	2	19	5	0	25936200	1
5	2	19	5	1	-91329120	1
5	2	19	6	0	204120	1
5	2	20	0	0	-128146240	9
5	2	20	0	1	-59129440	1
5	2	20	0	2	-1742400	1
5	2	20	1	0	-1014944320	3
5	2	20	1	1	-87240240	1
5	2	20	1	2	-171499680	1
5	2	20	2	0	-1676135000	1
5	2	20	2	1	577497600	1
5	2	20	2	2	198015840	1
5	2	20	3	0	-1375604280	1
5	2	20	3	1	-661483800	1
5	2	20	3	2	-33679800	1
5	2	20	4	0	830448180	1
5	2	20	4	1	-73689750	1
5	2	20	5	0	173244420	1
5	2	20	5	1	115145550	1
5	2	20	5	2	-7217100	1
5	2	20	6	0	8808345	1
5	2	20	6	1	-6786990	1
5	2	20	7	0	-714420	1
5	2	21	0	0	-41264000	27
5	2	21	0	1	-19720320	1
5	2	21	0	2	16209600	1
5	2	21	1	0	-562747520	9
5	2	21	1	1	-134977600	1
5	2	21	1	2	-70361280	1
5	2	21	2	0	-557049720	1
5	2	21	2	1	187058160	1
5	2	21	2	2	-90668160	1
5	2	21	3	0	-1159764000	1
5	2	21	3	1	233753040	1
5	2	21	3	2	177487200	1
5	2	21	4	0	-26335260	1
5	2	21	4	1	-509653620	1
5	2	21	4	2	-88209000	1
5	2	21	5	0	325312200	1
5	2	21	5	1	183960720	1
5	2	21	5	2	20207880	1
5	2	21	6	0	-2270835	1
5	2	21	6	1	-23473800	1
5	2	21	7	0	1845180	1
5	2	22	0	0	-2650240	27
5	2	22	0	1	-12565760	3
5	2	22	0	2	10187200	1
5	2	22	1	0	-203872640	27
5	2	22	1	1	-63890880	1
5	2	22	1	2	15148320	1
5	2	22	2	0	-363308000	3
5	2	22	2	1	-77648680	1
5	2	22	2	2	-125951760	1
5	2	22	3	0	-509014200	1
5	2	22	3	1	303661440	1
5	2	22	3	2	66290400	1
5	2	22	4	0	-396981000	1
5	2	22	4	1	-157225860	1
5	2	22	4	2	8286300	1
5	2	22	5	0	191192400	1
5	2	22	5	1	-66535020	1
5	2	22	5	2	-5292540	1
5	2	22	6	0	33664680	1
5	2	22	6	1	32820795	1
5	2	22	6	2	-1683990	1
5	2	22	7	0	1807515	1
5	2	22	7	1	-922185	1
5	2	22	8	0	-64800	1
5	2	23	0	0	-231040	81
5	2	23	0	1	-15167840	27
5	2	23	0	2	10081600	3
5	2	23	1	0	-537600	1
5	2	23	1	1	-50582720	3
5	2	23	1	2	25489920	1
5	2	23	2	0	-451880000	27
5	2	23	2	1	-80560040	1
5	2	23	2	2	-27374160	1
5	2	23	3	0	-405600800	3
5	2	23	3	1	53448400	1
5	2	23	3	2	-66052800	1
5	2	23	4	0	-274698500	1
5	2	23	4	1	134153280	1
5	2	23	4	2	66825000	1
5	2	23	5	0	-25095240	1
5	2	23	5	1	-140849280	1
5	2	23	5	2	-24591600	1
5	2	23	6	0	63057960	1
5	2	23	6	1	35965755	1
5	2	23	6	2	5051970	1
5	2	23	7	0	-1959660	1
5	2	23	7	1	-4405590	1
5	2	23	8	0	508680	1
5	2	24	0	1	-1178720	27
5	2	24	0	2	2062400	3
5	2	24	1	0	-462080	27
5	2	24	1	1	-23899120	9
5	2	24	1	2	11450720	1
5	2	24	2	0	-12034880	9
5	2	24	2	1	-86822120	3
5	2	24	2	2	20211840	1
5	2	24	3	0	-21885600	1
5	2	24	3	1	-42936300	1
5	2	24	3	2	-49519800	1
5	2	24	4	0	-285369700	3
5	2	24	4	1	89407200	1
5	2	24	4	2	7365600	1
5	2	24	5	0	-82826640	1
5	2	24	5	1	-11423160	1
5	2	24	5	2	9088200	1
5	2	24	6	0	27762525	1
5	2	24	6	1	-25098255	1
5	2	24	6	2	-2619540	1
5	2	24	7	0	5373045	1
5	2	24	7	1	14292045	2
5	2	24	7	2	-280665	1
5	2	24	8	0	1115775	8
5	2	24	8	1	-399735	4
5	2	24	9	0	-34155	8
5	2	25	0	1	-40640	27
5	2	25	0	2	88000	1
5	2	25	1	1	-2113600	9
5	2	25	1	2	2845120	1
5	2	25	2	0	-1270720	27
5	2	25	2	1	-50033720	9
5	2	25	2	2	15838240	1
5	2	25	3	0	-53820800	27
5	2	25	3	1	-26934600	1
5	2	25	3	2	-880000	1
5	2	25	4	0	-167906200	9
5	2	25	4	1	1663200	1
5	2	25	4	2	-26413200	1
5	2	25	5	0	-43002960	1
5	2	25	5	1	41374920	1
5	2	25	5	2	16038000	1
5	2	25	6	0	-8953315	1
5	2	25	6	1	-24967845	1
5	2	25	6	2	-4490640	1
5	2	25	7	0	8739780	1
5	2	25	7	1	4295025	1
5	2	25	7	2	908820	1
5	2	25	8	0	-3392145	8
5	2	25	8	1	-2330775	4
5	2	25	9	0	296685	4
5	2	26	0	2	19520	3
5	2	26	1	1	-81280	9
5	2	26	1	2	421920	1
5	2	26	2	1	-5141840	9
5	2	26	2	2	5089040	1
5	2	26	3	0	-6353600	81
5	2	26	3	1	-181782700	27
5	2	26	3	2	32080400	3
5	2	26	4	0	-1977800	1
5	2	26	4	1	-13794550	1
5	2	26	4	2	-10622700	1
5	2	26	5	0	-97094800	9
5	2	26	5	1	14350380	1
5	2	26	5	2	-2522520	1
5	2	26	6	0	-35852740	3
5	2	26	6	1	4251135	1
5	2	26	6	2	3201660	1
5	2	26	7	0	2231255	1
5	2	26	7	1	-11104965	2
5	2	26	7	2	-694980	1
5	2	26	8	0	5753325	8
5	2	26	8	1	4475655	4
5	2	26	8	2	-66825	2
5	2	26	9	0	-11730	1
5	2	26	9	1	-34065	4
5	2	26	10	0	-3645	16
5	2	27	0	2	640	3
5	2	27	1	2	35200	1
5	2	27	2	1	-223520	9
5	2	27	2	2	900240	1
5	2	27	3	1	-22356400	27
5	2	27	3	2	15215200	3
5	2	27	4	0	-794200	9
5	2	27	4	1	-15431900	3
5	2	27	4	2	2679600	1
5	2	27	5	0	-4111360	3
5	2	27	5	1	-2788720	1
5	2	27	5	2	-6272640	1
5	2	27	6	0	-38256680	9
5	2	27	6	1	7390845	1
5	2	27	6	2	2314620	1
5	2	27	7	0	-4984100	3
5	2	27	7	1	-2497890	1
5	2	27	7	2	-487080	1
5	2	27	8	0	6578325	8
5	2	27	8	1	1559385	8
5	2	27	8	2	467775	4
5	2	27	9	0	-179825	4
5	2	27	9	1	-52380	1
5	2	27	10	0	102885	16
5	2	28	1	2	1280	1
5	2	28	2	2	86240	1
5	2	28	3	1	-1117600	27
5	2	28	3	2	1119800	1
5	2	28	4	1	-2375450	3
5	2	28	4	2	2983200	1
5	2	28	5	0	-635360	9
5	2	28	5	1	-7518610	3
5	2	28	5	2	-947100	1
5	2	28	6	0	-6083000	9
5	2	28	6	1	878185	1
5	2	28	6	2	-1182720	1
5	2	28	7	0	-9947300	9
5	2	28	7	1	2762595	2
5	2	28	7	2	636570	1
5	2	28	8	0	133925	4
5	2	28	8	1	-5973675	8
5	2	28	8	2	-467775	4
5	2	28	9	0	888625	12
5	2	28	9	1	1919115	16
5	2	28	9	2	-22275	8
5	2	28	10	0	-109535	32
5	2	28	10	1	-8505	16
5	2	28	11	0	-315	32
5	2	29	2	2	3520	1
5	2	29	3	2	378400	3
5	2	29	4	1	-139700	3
5	2	29	4	2	891000	1
5	2	29	5	1	-1565080	3
5	2	29	5	2	957000	1
5	2	29	6	0	-1111880	27
5	2	29	6	1	-6470695	9
5	2	29	6	2	-865480	1
5	2	29	7	0	-236720	1
5	2	29	7	1	713185	1
5	2	29	7	2	150480	1
5	2	29	8	0	-3080275	18
5	2	29	8	1	-67650	1
5	2	29	8	2	-71775	4
5	2	29	9	0	825275	18
5	2	29	9	1	-89825	4
5	2	29	9	2	42075	4
5	2	29	10	0	-189985	96
5	2	29	10	1	-24165	8
5	2	29	11	0	2515	8
5	2	30	3	2	17600	3
5	2	30	4	2	122100	1
5	2	30	5	1	-111760	3
5	2	30	5	2	465300	1
5	2	30	6	1	-2152150	9
5	2	30	6	2	77770	1
5	2	30	7	0	-158840	9
5	2	30	7	1	-441155	6
5	2	30	7	2	-218460	1
5	2	30	8	0	-344575	6
5	2	30	8	1	705925	4
5	2	30	8	2	304425	4
5	2	30	9	0	-557975	54
5	2	30	9	1	-114675	2
5	2	30	9	2	-103125	8
5	2	30	10	0	355795	72
5	2	30	10	1	265415	32
5	2	30	10	2	-2475	16
5	2	30	11	0	-8895	32
5	2	30	11	1	-675	32
5	2	30	12	0	-15	64
5	2	31	4	2	6600	1
5	2	31	5	2	81840	1
5	2	31	6	1	-195580	9
5	2	31	6	2	154770	1
5	2	31	7	1	-223630	3
5	2	31	7	2	-56760	1
5	2	31	8	0	-99275	18
5	2	31	8	1	579425	24
5	2	31	8	2	-30525	4
5	2	31	9	0	-245300	27
5	2	31	9	1	152075	12
5	2	31	9	2	2750	1
5	2	31	10	0	102575	108
5	2	31	10	1	-133485	32
5	2	31	10	2	10065	16
5	2	31	11	0	595	24
5	2	31	11	1	-1595	16
5	2	31	12	0	215	32
5	2	32	5	2	5280	1
5	2	32	6	2	38500	1
5	2	32	7	1	-27940	3
5	2	32	7	2	28215	1
5	2	32	8	1	-349525	24
5	2	32	8	2	-83325	4
5	2	32	9	0	-99275	81
5	2	32	9	1	4326575	432
5	2	32	9	2	121825	24
5	2	32	10	0	-3245	4
5	2	32	10	1	-182105	96
5	2	32	10	2	-1815	2
5	2	32	11	0	35245	216
5	2	32	11	1	21245	64
5	2	32	11	2	-165	32
5	2	32	12	0	-525	64
5	2	32	12	1	-25	64
5	2	33	6	2	3080	1
5	2	33	7	2	12540	1
5	2	33	8	1	-34925	12
5	2	33	8	2	2475	4
5	2	33	9	1	-139975	108
5	2	33	9	2	-26675	12
5	2	33	10	0	-19855	108
5	2	33	10	1	382085	288
5	2	33	10	2	3575	8
5	2	33	11	0	-425	18
5	2	33	11	1	-25235	96
5	2	33	11	2	45	2
5	2	33	12	0	1075	288
5	2	33	12	1	-45	32
5	2	34	7	2	1320	1
5	2	34	8	2	10725	4
5	2	34	9	1	-34925	54
5	2	34	9	2	-6875	8
5	2	34	10	1	13915	144
5	2	34	10	2	1925	16
5	2	34	11	0	-1805	108
5	2	34	11	1	14555	576
5	2	34	11	2	-595	16
5	2	34	12	0	955	864
5	2	34	12	1	745	128
5	2	34	12	2	-5	64
5	2	35	8	2	825	2
5	2	35	9	2	1925	6
5	2	35	10	1	-6985	72
5	2	35	10	2	-2475	16
5	2	35	11	1	5075	144
5	2	35	11	2	215	8
5	2	35	12	0	-1805	2592
5	2	35	12	1	-1345	216
5	2	35	12	2	35	96
5	2	36	9	2	275	3
5	2	36	10	2	55	8
5	2	36	11	1	-635	72
5	2	36	11	2	-165	32
5	2	36	12	1	8885	3456
5	2	36	12	2	-65	96
5	2	37	10	2	55	4
5	2	37	11	2	-25	8
5	2	37	12	1	-635	1728
5	2	37	12	2	5	8
5	2	38	11	2	5	4
5	2	38	12	2	-55	192
5	2	39	12	2	5	96
5	3	9	0	0	-94478400	1
5	3	9	0	1	255091680	1
5	3	10	0	0	-314928000	1
5	3	10	0	1	340122240	1
5	3	11	0	0	-411505920	1
5	3	11	0	1	-165337200	1
5	3	11	0	2	-21257640	1
5	3	11	1	0	-214151040	1
5	3	11	1	1	425152800	1
5	3	11	2	0	42515280	1
5	3	12	0	1	-557422560	1
5	3	12	1	0	-906992640	1
5	3	12	1	1	425152800	1
5	3	12	2	0	85030560	1
5	3	13	0	0	861153120	1
5	3	13	0	1	-303118200	1
5	3	13	0	2	56687040	1
5	3	13	1	0	-1655471520	1
5	3	13	1	1	-493649640	1
5	3	13	1	2	-42515280	1
5	3	13	2	0	-131482440	1
5	3	13	2	1	377323110	1
5	3	13	3	0	56687040	1
5	3	14	0	0	1516242240	1
5	3	14	0	1	98327520	1
5	3	14	0	2	25194240	1
5	3	14	1	0	-1293654240	1
5	3	14	1	1	-865264680	1
5	3	14	1	2	14171760	1
5	3	14	2	0	-1005670080	1
5	3	14	2	1	251548740	1
5	3	14	3	0	94478400	1
5	3	15	0	0	1478402280	1
5	3	15	0	1	174960000	1
5	3	15	0	2	-53537760	1
5	3	15	1	0	318485520	1
5	3	15	1	1	-155626920	1
5	3	15	1	2	108650160	1
5	3	15	2	0	-2073582180	1
5	3	15	2	1	-595410750	1
5	3	15	2	2	-38972340	1
5	3	15	3	0	-34248420	1
5	3	15	3	1	239148450	1
5	3	15	4	0	58163265	2
5	3	16	0	0	956629440	1
5	3	16	0	1	69984000	1
5	3	16	0	2	-50388480	1
5	3	16	1	0	1709067600	1
5	3	16	1	1	396546840	1
5	3	16	1	2	14171760	1
5	3	16	2	0	-1875367080	1
5	3	16	2	1	-642715560	1
5	3	16	2	2	25981560	1
5	3	16	3	0	-637073100	1
5	3	16	3	1	79716150	1
5	3	16	4	0	38775510	1
5	3	17	0	0	434959200	1
5	3	17	0	1	17622360	1
5	3	17	0	2	7698240	1
5	3	17	1	0	1825740000	1
5	3	17	1	1	250192800	1
5	3	17	1	2	-111799440	1
5	3	17	2	0	-323049060	1
5	3	17	2	1	151296660	1
5	3	17	2	2	90935460	1
5	3	17	3	0	-1364858100	1
5	3	17	3	1	-433135350	1
5	3	17	3	2	-21651300	1
5	3	17	4	0	-1038825	1
5	3	17	4	1	228814875	2
5	3	17	5	0	5708070	1
5	3	18	0	0	141691200	1
5	3	18	0	1	23457600	1
5	3	18	0	2	30792960	1
5	3	18	1	0	1121856480	1
5	3	18	1	1	-10380960	1
5	3	18	1	2	-63510480	1
5	3	18	2	0	953532000	1
5	3	18	2	1	441599040	1
5	3	18	2	2	-17321040	1
5	3	18	3	0	-1202349420	1
5	3	18	3	1	-282888450	1
5	3	18	3	2	21651300	1
5	3	18	4	0	-263424150	1
5	3	18	5	0	5708070	1
5	3	19	0	0	33002480	1
5	3	19	0	1	25373520	1
5	3	19	0	2	14754960	1
5	3	19	1	0	454092480	1
5	3	19	1	1	-39910320	1
5	3	19	1	2	36566640	1
5	3	19	2	0	1072893600	1
5	3	19	2	1	121917960	1
5	3	19	2	2	-96709140	1
5	3	19	3	0	-268644600	1
5	3	19	3	1	221761800	1
5	3	19	3	2	43302600	1
5	3	19	4	0	-1122896925	2
5	3	19	4	1	-210280050	1
5	3	19	4	2	-16238475	2
5	3	19	5	0	4395870	1
5	3	19	5	1	40743810	1
5	3	19	6	0	-1607445	2
5	3	20	0	0	16127680	3
5	3	20	0	1	14572320	1
5	3	20	0	2	-1520640	1
5	3	20	1	0	125439040	1
5	3	20	1	1	16474320	1
5	3	20	1	2	49397040	1
5	3	20	2	0	595075680	1
5	3	20	2	1	-90979200	1
5	3	20	2	2	-25981560	1
5	3	20	3	0	376052760	1
5	3	20	3	1	247228200	1
5	3	20	3	2	-24057000	1
5	3	20	4	0	-445877460	1
5	3	20	4	1	-66594150	1
5	3	20	4	2	10825650	1
5	3	20	5	0	-76027410	1
5	3	20	5	1	-13581270	1
5	3	20	6	0	-535815	1
5	3	21	0	0	1746880	3
5	3	21	0	1	5071800	1
5	3	21	0	2	-4847040	1
5	3	21	1	0	23520960	1
5	3	21	1	1	30323160	1
5	3	21	1	2	13044240	1
5	3	21	2	0	204331320	1
5	3	21	2	1	-52576290	1
5	3	21	2	2	42179940	1
5	3	21	3	0	392281200	1
5	3	21	3	1	5224500	1
5	3	21	3	2	-45708300	1
5	3	21	4	0	-76992930	1
5	3	21	4	1	258959025	2
5	3	21	4	2	12629925	1
5	3	21	5	0	-156457980	1
5	3	21	5	1	-69163875	1
5	3	21	5	2	-2165130	1
5	3	21	6	0	5655825	2
5	3	21	6	1	42482475	4
5	3	21	7	0	-1454355	2
5	3	22	0	0	339200	9
5	3	22	0	1	1124960	1
5	3	22	0	2	-2615040	1
5	3	22	1	0	8615680	3
5	3	22	1	1	15749400	1
5	3	22	1	2	-7389360	1
5	3	22	2	0	45327040	1
5	3	22	2	1	10697940	1
5	3	22	2	2	31220640	1
5	3	22	3	0	183450000	1
5	3	22	3	1	-70510500	1
5	3	22	3	2	801900	1
5	3	22	4	0	115713900	1
5	3	22	4	1	77808600	1
5	3	22	4	2	-13231350	1
5	3	22	5	0	-104316660	1
5	3	22	5	1	-769095	1
5	3	22	5	2	3608550	1
5	3	22	6	0	-16216200	1
5	3	22	6	1	-14160825	2
5	3	22	7	0	-484785	2
5	3	23	0	0	89320	81
5	3	23	0	1	1412000	9
5	3	23	0	2	-790240	1
5	3	23	1	0	1856560	9
5	3	23	1	1	4435640	1
5	3	23	1	2	-7230960	1
5	3	23	2	0	19053980	3
5	3	23	2	1	18235890	1
5	3	23	2	2	1550340	1
5	3	23	3	0	50240300	1
5	3	23	3	1	-22315950	1
5	3	23	3	2	23166000	1
5	3	23	4	0	191453925	2
5	3	23	4	1	-19901700	1
5	3	23	4	2	-25460325	2
5	3	23	5	0	-6972210	1
5	3	23	5	1	43867575	1
5	3	23	5	2	2165130	1
5	3	23	6	0	-61293645	2
5	3	23	6	1	-60632145	4
5	3	23	6	2	-841995	2
5	3	23	7	0	1832625	2
5	3	23	7	1	8015355	4
5	3	23	8	0	-3036285	16
5	3	24	0	1	113600	9
5	3	24	0	2	-151040	1
5	3	24	1	0	178640	27
5	3	24	1	1	2203240	3
5	3	24	1	2	-2819760	1
5	3	24	2	0	4614280	9
5	3	24	2	1	7373960	1
5	3	24	2	2	-7290360	1
5	3	24	3	0	24843500	3
5	3	24	3	1	7237350	1
5	3	24	3	2	9622800	1
5	3	24	4	0	34955250	1
5	3	24	4	1	-25852500	1
5	3	24	4	2	4544100	1
5	3	24	5	0	26458830	1
5	3	24	5	1	12522195	1
5	3	24	5	2	-4250070	1
5	3	24	6	0	-15522255	1
5	3	24	6	1	4660740	1
5	3	24	6	2	841995	1
5	3	24	7	0	-5396625	2
5	3	24	7	1	-8015355	4
5	3	25	0	1	4040	9
5	3	25	0	2	-18240	1
5	3	25	1	1	202960	3
5	3	25	1	2	-640560	1
5	3	25	2	0	491260	27
5	3	25	2	1	4551800	3
5	3	25	2	2	-4198260	1
5	3	25	3	0	6871700	9
5	3	25	3	1	6482850	1
5	3	25	3	2	-2346300	1
5	3	25	4	0	7030925	1
5	3	25	4	1	-7076475	2
5	3	25	4	2	7172550	1
5	3	25	5	0	15497460	1
5	3	25	5	1	-9547335	1
5	3	25	5	2	-1978020	1
5	3	25	6	0	2892855	2
5	3	25	6	1	36341865	4
5	3	25	6	2	280665	2
5	3	25	7	0	-8449245	2
5	3	25	7	1	-8377425	4
5	3	25	7	2	-120285	2
5	3	25	8	0	663795	4
5	3	25	8	1	4319325	16
5	3	25	9	0	-219915	8
5	3	26	0	2	-1280	1
5	3	26	1	1	8080	3
5	3	26	1	2	-88560	1
5	3	26	2	1	491480	3
5	3	26	2	2	-1185360	1
5	3	26	3	0	2456300	81
5	3	26	3	1	16223350	9
5	3	26	3	2	-3268100	1
5	3	26	4	0	2269850	3
5	3	26	4	1	2897400	1
5	3	26	4	2	1217700	1
5	3	26	5	0	4042060	1
5	3	26	5	1	-5055075	1
5	3	26	5	2	1871100	1
5	3	26	6	0	4129510	1
5	3	26	6	1	453285	2
5	3	26	6	2	-873180	1
5	3	26	7	0	-2701335	2
5	3	26	7	1	6038145	4
5	3	26	7	2	280665	2
5	3	26	8	0	-355725	1
5	3	26	8	1	-1439775	4
5	3	26	9	0	73305	8
5	3	27	0	2	-40	1
5	3	27	1	2	-6960	1
5	3	27	2	1	22220	3
5	3	27	2	2	-192060	1
5	3	27	3	1	2124100	9
5	3	27	3	2	-1243000	1
5	3	27	4	0	614075	18
5	3	27	4	1	1335950	1
5	3	27	4	2	-2571525	2
5	3	27	5	0	1570250	3
5	3	27	5	1	211035	1
5	3	27	5	2	1288980	1
5	3	27	6	0	3155845	2
5	3	27	6	1	-8484525	4
5	3	27	6	2	-93555	1
5	3	27	7	0	986205	2
5	3	27	7	1	4364955	4
5	3	27	7	2	-26730	1
5	3	27	8	0	-3139875	8
5	3	27	8	1	-2407725	16
5	3	27	8	2	-200475	32
5	3	27	9	0	128175	8
5	3	27	9	1	50625	2
5	3	27	10	0	-75735	32
5	3	28	1	2	-240	1
5	3	28	2	2	-17160	1
5	3	28	3	1	111100	9
5	3	28	3	2	-244200	1
5	3	28	4	1	223850	1
5	3	28	4	2	-796950	1
5	3	28	5	0	245630	9
5	3	28	5	1	615175	1
5	3	28	5	2	-104940	1
5	3	28	6	0	257565	1
5	3	28	6	1	-458535	1
5	3	28	6	2	395010	1
5	3	28	7	0	806795	2
5	3	28	7	1	-1150515	4
5	3	28	7	2	-115830	1
5	3	28	8	0	-43725	1
5	3	28	8	1	1932525	8
5	3	28	8	2	66825	4
5	3	28	9	0	-279025	8
5	3	28	9	1	-84375	2
5	3	28	10	0	25245	16
5	3	29	2	2	-660	1
5	3	29	3	2	-25300	1
5	3	29	4	1	27775	2
5	3	29	4	2	-200475	1
5	3	29	5	1	145750	1
5	3	29	5	2	-307890	1
5	3	29	6	0	859705	54
5	3	29	6	1	457765	3
5	3	29	6	2	118965	1
5	3	29	7	0	539495	6
5	3	29	7	1	-973335	4
5	3	29	7	2	25245	1
5	3	29	8	0	479875	8
5	3	29	8	1	1813725	32
5	3	29	8	2	-66825	8
5	3	29	9	0	-130625	6
5	3	29	9	1	28275	32
5	3	29	9	2	-7425	16
5	3	29	10	0	4735	8
5	3	29	10	1	201015	128
5	3	29	11	0	-3645	32
5	3	30	3	2	-1100	1
5	3	30	4	2	-24750	1
5	3	30	5	1	11110	1
5	3	30	5	2	-109890	1
5	3	30	6	1	196735	3
5	3	30	6	2	-60060	1
5	3	30	7	0	122815	18
5	3	30	7	1	7975	4
5	3	30	7	2	48015	1
5	3	30	8	0	260425	12
5	3	30	8	1	-406725	8
5	3	30	8	2	-37125	4
5	3	30	9	0	34925	12
5	3	30	9	1	675075	32
5	3	30	9	2	22275	16
5	3	30	10	0	-17655	8
5	3	30	10	1	-201015	64
5	3	30	11	0	3645	32
5	3	31	4	2	-2475	2
5	3	31	5	2	-16830	1
5	3	31	6	1	38885	6
5	3	31	6	2	-79695	2
5	3	31	7	1	39545	2
5	3	31	7	2	990	1
5	3	31	8	0	614075	288
5	3	31	8	1	-91025	8
5	3	31	8	2	91575	16
5	3	31	9	0	489775	144
5	3	31	9	1	-65725	32
5	3	31	9	2	-17325	16
5	3	31	10	0	-93445	192
5	3	31	10	1	147225	128
5	3	31	10	2	-1485	64
5	3	31	11	0	-1165	64
5	3	31	11	1	7425	128
5	3	31	12	0	-1215	512
5	3	32	5	2	-990	1
5	3	32	6	2	-8085	1
5	3	32	7	1	5555	2
5	3	32	7	2	-8910	1
5	3	32	8	1	3575	1
5	3	32	8	2	12375	4
5	3	32	9	0	614075	1296
5	3	32	9	1	-996325	288
5	3	32	9	2	-5225	16
5	3	32	10	0	85525	288
5	3	32	10	1	27005	32
5	3	32	10	2	2475	32
5	3	32	11	0	-13445	192
5	3	32	11	1	-17325	128
5	3	32	12	0	405	128
5	3	33	6	2	-1155	2
5	3	33	7	2	-5445	2
5	3	33	8	1	27775	32
5	3	33	8	2	-7425	8
5	3	33	9	1	31075	144
5	3	33	9	2	8525	16
5	3	33	10	0	122815	1728
5	3	33	10	1	-38225	96
5	3	33	10	2	-5115	64
5	3	33	11	0	4385	576
5	3	33	11	1	11405	128
5	3	33	11	2	-45	64
5	3	33	12	0	-1205	768
5	3	33	12	1	495	512
5	3	34	7	2	-495	2
5	3	34	8	2	-2475	4
5	3	34	9	1	27775	144
5	3	34	9	2	825	16
5	3	34	10	1	-5225	96
5	3	34	10	2	165	16
5	3	34	11	0	11165	1728
5	3	34	11	1	-595	384
5	3	34	11	2	165	64
5	3	34	12	0	-565	1152
5	3	34	12	1	-165	64
5	3	35	8	2	-2475	32
5	3	35	9	2	-1375	16
5	3	35	10	1	5555	192
5	3	35	10	2	1485	64
5	3	35	11	1	-2465	192
5	3	35	11	2	-105	32
5	3	35	12	0	11165	41472
5	3	35	12	1	2725	1152
5	3	35	12	2	-5	512
5	3	36	9	2	-275	16
5	3	36	10	2	-165	32
5	3	36	11	1	505	192
5	3	36	11	2	45	32
5	3	36	12	1	-995	1152
5	3	36	12	2	5	128
5	3	37	10	2	-165	64
5	3	37	11	2	15	64
5	3	37	12	1	505	4608
5	3	37	12	2	-15	256
5	3	38	11	2	-15	64
5	3	38	12	2	5	128
5	3	39	12	2	-5	512
5	4	12	0	0	-37791360	1
5	4	12	1	0	56687040	1
5	4	13	0	0	-138568320	1
5	4	13	1	0	188956800	1
5	4	14	0	0	-230947200	1
5	4	14	1	0	207852480	1
5	4	14	2	0	103926240	1
5	4	15	0	0	-230947200	1
5	4	15	2	0	311778720	1
5	4	16	0	0	-153964800	1
5	4	16	1	0	-230947200	1
5	4	16	2	0	346420800	1
5	4	16	3	0	86605200	1
5	4	17	0	0	-71850240	1
5	4	17	1	0	-277136640	1
5	4	17	2	0	115473600	1
5	4	17	3	0	230947200	1
5	4	18	0	0	-23950080	1
5	4	18	1	0	-179625600	1
5	4	18	2	0	-115473600	1
5	4	18	3	0	230947200	1
5	4	18	4	0	43302600	1
5	4	19	0	0	-5702400	1
5	4	19	1	0	-75271680	1
5	4	19	2	0	-161663040	1
5	4	19	3	0	76982400	1
5	4	19	4	0	101039400	1
5	4	20	0	0	-950400	1
5	4	20	1	0	-21384000	1
5	4	20	2	0	-95800320	1
5	4	20	3	0	-44906400	1
5	4	20	4	0	86605200	1
5	4	20	5	0	14434200	1
5	4	21	0	0	-105600	1
5	4	21	1	0	-4118400	1
5	4	21	2	0	-34214400	1
5	4	21	3	0	-59875200	1
5	4	21	4	0	22453200	1
5	4	21	5	0	28868400	1
5	4	22	0	0	-7040	1
5	4	22	1	0	-517440	1
5	4	22	2	0	-7840800	1
5	4	22	3	0	-29937600	1
5	4	22	4	0	-14968800	1
5	4	22	5	0	20207880	1
5	4	22	6	0	3367980	1
5	4	23	0	0	-640	3
5	4	23	1	0	-38400	1
5	4	23	2	0	-1135200	1
5	4	23	3	0	-8553600	1
5	4	23	4	0	-14968800	1
5	4	23	5	0	2993760	1
5	4	23	6	0	5613300	1
5	4	24	1	0	-1280	1
5	4	24	2	0	-95040	1
5	4	24	3	0	-1465200	1
5	4	24	4	0	-5821200	1
5	4	24	5	0	-3742200	1
5	4	24	6	0	2993760	1
5	4	24	7	0	561330	1
5	4	25	2	0	-3520	1
5	4	25	3	0	-140800	1
5	4	25	4	0	-1227600	1
5	4	25	5	0	-2494800	1
5	4	25	7	0	748440	1
5	4	26	3	0	-17600	3
5	4	26	4	0	-138600	1
5	4	26	5	0	-693000	1
5	4	26	6	0	-623700	1
5	4	26	7	0	267300	1
5	4	26	8	0	66825	1
5	4	27	4	0	-6600	1
5	4	27	5	0	-95040	1
5	4	27	6	0	-263340	1
5	4	27	7	0	-59400	1
5	4	27	8	0	66825	1
5	4	28	5	0	-5280	1
5	4	28	6	0	-46200	1
5	4	28	7	0	-64350	1
5	4	28	8	0	22275	2
5	4	28	9	0	22275	4
5	4	29	6	0	-3080	1
5	4	29	7	0	-15840	1
5	4	29	8	0	-17325	2
5	4	29	9	0	7425	2
5	4	30	7	0	-1320	1
5	4	30	8	0	-7425	2
5	4	30	9	0	-825	4
5	4	30	10	0	2475	8
5	4	31	8	0	-825	2
5	4	31	9	0	-550	1
5	4	31	10	0	825	8
5	4	32	9	0	-275	3
5	4	32	10	0	-165	4
5	4	32	11	0	165	16
5	4	33	10	0	-55	4
5	4	34	11	0	-5	4
5	4	34	12	0	5	32
5	4	35	12	0	-5	96
6	0	4	0	0	191318760	1
6	0	5	0	0	286978140	1
6	0	6	0	0	2497772700	1
6	0	6	0	1	494240130	1
6	0	6	1	0	302921370	1
6	0	7	0	0	4797140760	1
6	0	7	0	1	1046938770	1
6	0	7	1	0	658986840	1
6	0	8	0	0	2797741620	1
6	0	8	0	1	357836940	1
6	0	8	0	2	-21257640	1
6	0	8	1	0	4846741920	1
6	0	8	1	1	927364545	1
6	0	8	2	0	255091680	1
6	0	9	0	0	3522863340	1
6	0	9	0	1	-1326240540	1
6	0	9	0	2	74401740	1
6	0	9	1	0	7464974580	1
6	0	9	1	1	2074391370	1
6	0	9	2	0	675815805	1
6	0	10	0	0	11350661220	1
6	0	10	0	1	-1952159940	1
6	0	10	0	2	56687040	1
6	0	10	1	0	4657785120	1
6	0	10	1	1	-300559410	1
6	0	10	1	2	-10628820	1
6	0	10	2	0	3829032405	1
6	0	10	2	1	1735154865	2
6	0	10	3	0	273692115	2
6	0	11	0	0	15294522060	1
6	0	11	0	1	-663973200	1
6	0	11	0	2	-154708380	1
6	0	11	0	3	-2657205	1
6	0	11	1	0	9043419960	1
6	0	11	1	1	-3264819210	1
6	0	11	1	2	141717600	1
6	0	11	2	0	4540572855	1
6	0	11	2	1	3454661745	2
6	0	11	3	0	404780895	1
6	0	12	0	0	6681445380	1
6	0	12	0	1	1182685860	1
6	0	12	0	2	-135812700	1
6	0	12	0	3	1771470	1
6	0	12	1	0	21010640220	1
6	0	12	1	1	-2362353660	1
6	0	12	1	2	-21848130	1
6	0	12	1	3	5314410	1
6	0	12	2	0	3265409700	1
6	0	12	2	1	-2503972845	2
6	0	12	2	2	10628820	1
6	0	12	3	0	3386361735	2
6	0	12	3	1	1944188325	4
6	0	12	4	0	36315135	1
6	0	13	0	0	-7497405360	1
6	0	13	0	1	1488428460	1
6	0	13	0	2	92772540	1
6	0	13	0	3	12695535	1
6	0	13	1	0	22099576680	1
6	0	13	1	1	593376840	1
6	0	13	1	2	-331855380	1
6	0	13	1	3	-19486170	1
6	0	13	2	0	8298221580	1
6	0	13	2	1	-5801269005	2
6	0	13	2	2	128726820	1
6	0	13	3	0	1443485610	1
6	0	13	3	1	1571589135	2
6	0	13	4	0	287863875	2
6	0	14	0	0	-15358335480	1
6	0	14	0	1	167458590	1
6	0	14	0	2	142548660	1
6	0	14	0	3	-7873200	1
6	0	14	1	0	4866461370	1
6	0	14	1	1	2437170930	1
6	0	14	1	2	-47436030	1
6	0	14	1	3	5314410	1
6	0	14	2	0	15640479945	1
6	0	14	2	1	-1256595525	2
6	0	14	2	2	-130793535	1
6	0	14	2	3	9743085	1
6	0	14	3	0	2914210305	2
6	0	14	3	1	-4505274675	4
6	0	14	3	2	11514555	1
6	0	14	4	0	1855614825	4
6	0	14	4	1	1382632335	8
6	0	14	5	0	10924065	8
6	0	15	0	0	-13843003140	1
6	0	15	0	1	-826760520	1
6	0	15	0	2	31711500	1
6	0	15	0	3	-21651300	1
6	0	15	1	0	-16109764380	1
6	0	15	1	1	1499290560	1
6	0	15	1	2	301806000	1
6	0	15	1	3	47239200	1
6	0	15	2	0	13436056845	1
6	0	15	2	1	2950120845	2
6	0	15	2	2	-301051485	1
6	0	15	2	3	-68201595	2
6	0	15	3	0	4029274125	1
6	0	15	3	1	-1251773190	1
6	0	15	3	2	80306640	1
6	0	15	4	0	1056353805	4
6	0	15	4	1	874220445	4
6	0	15	5	0	129022065	4
6	0	16	0	0	-8110137780	1
6	0	16	0	1	-584203860	1
6	0	16	0	2	-30953340	1
6	0	16	0	3	7610760	1
6	0	16	1	0	-24292372770	1
6	0	16	1	1	-815696325	1
6	0	16	1	2	132641550	1
6	0	16	1	3	-27556200	1
6	0	16	2	0	-222580710	1
6	0	16	2	1	3420836145	2
6	0	16	2	2	155102040	1
6	0	16	2	3	16238475	1
6	0	16	3	0	12922724205	2
6	0	16	3	1	1444393215	4
6	0	16	3	2	-273232845	2
6	0	16	3	3	16238475	2
6	0	16	4	0	478537470	1
6	0	16	4	1	-2077573455	4
6	0	16	4	2	7971615	2
6	0	16	5	0	662168925	8
6	0	16	5	1	646094475	16
6	0	16	6	0	-6200145	4
6	0	17	0	0	-3360649560	1
6	0	17	0	1	39907170	1
6	0	17	0	2	-33199740	1
6	0	17	0	3	21388860	1
6	0	17	1	0	-18913453560	1
6	0	17	1	1	-1537841970	1
6	0	17	1	2	-81458460	1
6	0	17	1	3	-55899720	1
6	0	17	2	0	-13767720660	1
6	0	17	2	1	520436745	2
6	0	17	2	2	312369210	1
6	0	17	2	3	59541075	1
6	0	17	3	0	4750853310	1
6	0	17	3	1	1863159975	2
6	0	17	3	2	-154139760	1
6	0	17	3	3	-59541075	2
6	0	17	4	0	4657285755	4
6	0	17	4	1	-2154621465	8
6	0	17	4	2	159137055	4
6	0	17	5	0	132914925	4
6	0	17	5	1	40120515	1
6	0	17	6	0	76402845	16
6	0	18	0	0	-1009199700	1
6	0	18	0	1	279042600	1
6	0	18	0	2	-26188380	1
6	0	18	0	3	-58320	1
6	0	18	1	0	-9664894350	1
6	0	18	1	1	-507524310	1
6	0	18	1	2	-55338390	1
6	0	18	1	3	27381240	1
6	0	18	2	0	-16819571655	1
6	0	18	2	1	-1215595350	1
6	0	18	2	2	-37634625	1
6	0	18	2	3	-48715425	1
6	0	18	3	0	-1397132955	1
6	0	18	3	1	2178836415	4
6	0	18	3	2	197967240	1
6	0	18	3	3	21651300	1
6	0	18	4	0	6891230925	4
6	0	18	4	1	2431196775	8
6	0	18	4	2	-327689145	4
6	0	18	4	3	16238475	4
6	0	18	5	0	456860655	4
6	0	18	5	1	-1189148445	8
6	0	18	5	2	492075	2
6	0	18	6	0	20590605	2
6	0	18	6	1	205982595	32
6	0	18	7	0	-12105045	32
6	0	19	0	0	-657629720	3
6	0	19	0	1	196869360	1
6	0	19	0	2	-13031100	1
6	0	19	0	3	-12162150	1
6	0	19	1	0	-3439313580	1
6	0	19	1	1	411995910	1
6	0	19	1	2	-11818440	1
6	0	19	1	3	44556480	1
6	0	19	2	0	-11336792625	1
6	0	19	2	1	-1026165105	1
6	0	19	2	2	-143060175	1
6	0	19	2	3	-53767395	1
6	0	19	3	0	-6606334620	1
6	0	19	3	1	-279727425	1
6	0	19	3	2	153257670	1
6	0	19	3	3	73975275	2
6	0	19	4	0	1175721075	1
6	0	19	4	1	1167759585	4
6	0	19	4	2	-91536885	2
6	0	19	4	3	-254402775	16
6	0	19	5	0	205092000	1
6	0	19	5	1	-28543995	2
6	0	19	5	2	15746400	1
6	0	19	6	0	43298955	8
6	0	19	6	1	163423575	32
6	0	19	7	0	6506325	16
6	0	20	0	0	-302936860	9
6	0	20	0	1	230970620	3
6	0	20	0	2	1948140	1
6	0	20	0	3	-4128300	1
6	0	20	1	0	-2587196870	3
6	0	20	1	1	502084170	1
6	0	20	1	2	-22868550	1
6	0	20	1	3	-8820900	1
6	0	20	2	0	-4969802580	1
6	0	20	2	1	6601665	1
6	0	20	2	2	-6670350	1
6	0	20	2	3	43342695	1
6	0	20	3	0	-13589806185	2
6	0	20	3	1	-705419955	1
6	0	20	3	2	-221552415	2
6	0	20	3	3	-45106875	1
6	0	20	4	0	-1414104345	2
6	0	20	4	1	126161145	2
6	0	20	4	2	235784115	2
6	0	20	4	3	124494975	8
6	0	20	5	0	679267215	2
6	0	20	5	1	1575234135	16
6	0	20	5	2	-136107945	4
6	0	20	5	3	5412825	4
6	0	20	6	0	17877510	1
6	0	20	6	1	-925505595	32
6	0	20	6	2	-535815	2
6	0	20	7	0	18053685	16
6	0	20	7	1	48999735	64
6	0	20	8	0	-317115	8
6	0	21	0	0	-93725600	27
6	0	21	0	1	19364120	1
6	0	21	0	2	7474260	1
6	0	21	0	3	2945250	1
6	0	21	1	0	-1349898980	9
6	0	21	1	1	251700460	1
6	0	21	1	2	-16141260	1
6	0	21	1	3	-23373900	1
6	0	21	2	0	-1476187515	1
6	0	21	2	1	474929955	1
6	0	21	2	2	22850100	1
6	0	21	2	3	36285975	1
6	0	21	3	0	-3915818200	1
6	0	21	3	1	-312161805	1
6	0	21	3	2	-80495370	1
6	0	21	3	3	-46710675	2
6	0	21	4	0	-8222865165	4
6	0	21	4	1	-1559587095	8
6	0	21	4	2	129116835	4
6	0	21	4	3	194260275	16
6	0	21	5	0	466483995	2
6	0	21	5	1	204011865	4
6	0	21	5	2	-9954495	2
6	0	21	5	3	-22733865	4
6	0	21	6	0	170460045	8
6	0	21	6	1	248116365	32
6	0	21	6	2	4745790	1
6	0	21	7	0	1182195	1
6	0	21	7	1	11784285	32
6	0	21	8	0	-83835	32
6	0	22	0	0	-647980	3
6	0	22	0	1	28918540	9
6	0	22	0	2	15424660	3
6	0	22	0	3	2410800	1
6	0	22	1	0	-466210010	27
6	0	22	1	1	75271850	1
6	0	22	1	2	4562070	1
6	0	22	1	3	-3039300	1
6	0	22	2	0	-888700285	3
6	0	22	2	1	341510540	1
6	0	22	2	2	-13981665	1
6	0	22	2	3	-17842275	1
6	0	22	3	0	-4293949000	3
6	0	22	3	1	333633375	2
6	0	22	3	2	29118555	1
6	0	22	3	3	34882650	1
6	0	22	4	0	-7135175625	4
6	0	22	4	1	-446006295	2
6	0	22	4	2	-283116465	4
6	0	22	4	3	-24257475	1
6	0	22	5	0	-411048675	2
6	0	22	5	1	-23334075	2
6	0	22	5	2	171707445	4
6	0	22	5	3	27785835	4
6	0	22	6	0	57129030	1
6	0	22	6	1	72295335	4
6	0	22	6	2	-82694115	8
6	0	22	6	3	2525985	8
6	0	22	7	0	5897205	4
6	0	22	7	1	-253812285	64
6	0	22	7	2	-863865	8
6	0	22	8	0	9760095	64
6	0	22	8	1	2642625	32
6	0	22	9	0	-181035	64
6	0	23	0	0	-1490600	243
6	0	23	0	1	3070070	9
6	0	23	0	2	5821580	3
6	0	23	0	3	303500	1
6	0	23	1	0	-32009720	27
6	0	23	1	1	42972140	3
6	0	23	1	2	10615040	1
6	0	23	1	3	6372000	1
6	0	23	2	0	-1042277555	27
6	0	23	2	1	126613985	1
6	0	23	2	2	-11527275	1
6	0	23	2	3	-18082350	1
6	0	23	3	0	-3059165450	9
6	0	23	3	1	725694625	3
6	0	23	3	2	18299580	1
6	0	23	3	3	26039475	2
6	0	23	4	0	-1708715525	2
6	0	23	4	1	-230002875	8
6	0	23	4	2	-34176195	2
6	0	23	4	3	-44304975	16
6	0	23	5	0	-889616325	2
6	0	23	5	1	-246791565	4
6	0	23	5	2	-3728835	1
6	0	23	5	3	3087315	2
6	0	23	6	0	150015285	4
6	0	23	6	1	4639950	1
6	0	23	6	2	15901515	8
6	0	23	6	3	-22733865	16
6	0	23	7	0	1282905	1
6	0	23	7	1	9888075	4
6	0	23	7	2	1046115	1
6	0	23	8	0	11094165	64
6	0	23	8	1	-477495	16
6	0	23	9	0	-297675	64
6	0	24	0	1	188960	9
6	0	24	0	2	453780	1
6	0	24	0	3	-334200	1
6	0	24	1	0	-2981200	81
6	0	24	1	1	5115130	3
6	0	24	1	2	5945290	1
6	0	24	1	3	2976600	1
6	0	24	2	0	-79828430	27
6	0	24	2	1	84853945	3
6	0	24	2	2	4608340	1
6	0	24	2	3	1749825	1
6	0	24	3	0	-918969425	18
6	0	24	3	1	119492025	1
6	0	24	3	2	-19870635	2
6	0	24	3	3	-14449050	1
6	0	24	4	0	-1494778175	6
6	0	24	4	1	176825325	2
6	0	24	4	2	42767505	2
6	0	24	4	3	126677925	8
6	0	24	5	0	-1267453935	4
6	0	24	5	1	-41084010	1
6	0	24	5	2	-46922085	2
6	0	24	5	3	-32276475	4
6	0	24	6	0	-42472605	1
6	0	24	6	1	-11904795	2
6	0	24	6	2	40248495	4
6	0	24	6	3	16559235	8
6	0	24	7	0	8557065	1
6	0	24	7	1	15464655	8
6	0	24	7	2	-36905625	16
6	0	24	7	3	841995	16
6	0	24	8	0	101385	64
6	0	24	8	1	-23115375	64
6	0	24	8	2	-681615	32
6	0	24	9	0	2550825	128
6	0	24	9	1	288765	32
6	0	24	10	0	-4455	16
6	0	25	0	1	5110	9
6	0	25	0	2	197600	3
6	0	25	0	3	-198900	1
6	0	25	1	1	347260	3
6	0	25	1	2	1769340	1
6	0	25	1	3	-181800	1
6	0	25	2	0	-8198300	81
6	0	25	2	1	11500775	3
6	0	25	2	2	6832490	1
6	0	25	2	3	5267625	1
6	0	25	3	0	-119383550	27
6	0	25	3	1	291674075	9
6	0	25	3	2	-14201500	3
6	0	25	3	3	-13220625	2
6	0	25	4	0	-1591155775	36
6	0	25	4	1	545072325	8
6	0	25	4	2	16480485	4
6	0	25	4	3	10833075	16
6	0	25	5	0	-240825255	2
6	0	25	5	1	9995745	1
6	0	25	5	2	1838655	1
6	0	25	5	3	7016625	4
6	0	25	6	0	-547361045	8
6	0	25	6	1	-11907315	1
6	0	25	6	2	-4285575	1
6	0	25	6	3	-1403325	4
6	0	25	7	0	17049855	4
6	0	25	7	1	755505	8
6	0	25	7	2	4412475	4
6	0	25	7	3	-4049595	16
6	0	25	8	0	2823795	32
6	0	25	8	1	6073785	16
6	0	25	8	2	10496385	64
6	0	25	9	0	209745	16
6	0	25	9	1	-1803735	128
6	0	25	10	0	-47115	128
6	0	26	0	2	16420	3
6	0	26	0	3	-53680	1
6	0	26	1	1	10220	3
6	0	26	1	2	306130	1
6	0	26	1	3	-549000	1
6	0	26	2	1	870650	3
6	0	26	2	2	2900865	1
6	0	26	2	3	1225125	1
6	0	26	3	0	-40991500	243
6	0	26	3	1	91878875	18
6	0	26	3	2	8654050	3
6	0	26	3	3	2807200	1
6	0	26	4	0	-158579575	36
6	0	26	4	1	23660725	1
6	0	26	4	2	-19297275	4
6	0	26	4	3	-24302025	4
6	0	26	5	0	-940894075	36
6	0	26	5	1	92391105	4
6	0	26	5	2	6753870	1
6	0	26	5	3	16767135	4
6	0	26	6	0	-912016105	24
6	0	26	6	1	-7837795	2
6	0	26	6	2	-17235225	4
6	0	26	6	3	-6704775	4
6	0	26	7	0	-52086595	8
6	0	26	7	1	-4729455	4
6	0	26	7	2	2900475	2
6	0	26	7	3	3408075	8
6	0	26	8	0	65505225	64
6	0	26	8	1	1459035	16
6	0	26	8	2	-11886345	32
6	0	26	8	3	200475	32
6	0	26	9	0	-1419765	128
6	0	26	9	1	-1900035	128
6	0	26	9	2	-162945	64
6	0	26	10	0	419175	256
6	0	26	10	1	51705	64
6	0	26	11	0	-6075	256
6	0	27	0	2	200	1
6	0	27	0	3	-8205	1
6	0	27	1	2	29240	1
6	0	27	1	3	-205440	1
6	0	27	2	1	28105	3
6	0	27	2	2	626615	1
6	0	27	2	3	-472725	1
6	0	27	3	1	3931675	9
6	0	27	3	2	2506350	1
6	0	27	3	3	4238025	2
6	0	27	4	0	-10247875	54
6	0	27	4	1	35639725	8
6	0	27	4	2	-1593375	2
6	0	27	4	3	-13243725	16
6	0	27	5	0	-27616765	9
6	0	27	5	1	22662145	2
6	0	27	5	2	-452280	1
6	0	27	5	3	-1115235	1
6	0	27	6	0	-767728885	72
6	0	27	6	1	15717975	4
6	0	27	6	2	7330365	4
6	0	27	6	3	14979195	16
6	0	27	7	0	-22049060	3
6	0	27	7	1	-5937585	4
6	0	27	7	2	-1240470	1
6	0	27	7	3	-3229875	16
6	0	27	8	0	8278875	32
6	0	27	8	1	-1025325	64
6	0	27	8	2	17178885	64
6	0	27	8	3	-8219475	256
6	0	27	9	0	892125	64
6	0	27	9	1	4125135	128
6	0	27	9	2	141885	8
6	0	27	10	0	103365	256
6	0	27	10	1	-127395	64
6	0	27	11	0	-45	16
6	0	28	0	3	-690	1
6	0	28	1	2	1200	1
6	0	28	1	3	-38070	1
6	0	28	2	2	70510	1
6	0	28	2	3	-325875	1
6	0	28	3	1	140525	9
6	0	28	3	2	4410725	6
6	0	28	3	3	71775	1
6	0	28	4	1	877525	2
6	0	28	4	2	2195325	2
6	0	28	4	3	10521225	8
6	0	28	5	0	-4099150	27
6	0	28	5	1	10641895	4
6	0	28	5	2	-5020485	4
6	0	28	5	3	-5589045	4
6	0	28	6	0	-54874435	36
6	0	28	6	1	83936545	24
6	0	28	6	2	2042005	2
6	0	28	6	3	2394315	4
6	0	28	7	0	-424402385	144
6	0	28	7	1	-34395	8
6	0	28	7	2	-2730555	8
6	0	28	7	3	-3215025	16
6	0	28	8	0	-45388475	64
6	0	28	8	1	-9531975	64
6	0	28	8	2	6264585	64
6	0	28	8	3	7818525	128
6	0	28	9	0	32702725	384
6	0	28	9	1	-381525	128
6	0	28	9	2	-5346765	128
6	0	28	9	3	66825	128
6	0	28	10	0	-60375	64
6	0	28	10	1	220695	256
6	0	28	10	2	-12015	64
6	0	28	11	0	34065	512
6	0	28	11	1	2835	64
6	0	28	12	0	-405	512
6	0	29	0	3	-25	1
6	0	29	1	3	-3690	1
6	0	29	2	2	3300	1
6	0	29	2	3	-77715	1
6	0	29	3	2	303050	3
6	0	29	3	3	-524425	2
6	0	29	4	1	140525	8
6	0	29	4	2	2139225	4
6	0	29	4	3	6541425	16
6	0	29	5	1	617705	2
6	0	29	5	2	169785	2
6	0	29	5	3	779625	4
6	0	29	6	0	-14347025	162
6	0	29	6	1	26368265	24
6	0	29	6	2	-769195	2
6	0	29	6	3	-428505	1
6	0	29	7	0	-19418465	36
6	0	29	7	1	5084695	8
6	0	29	7	2	845805	2
6	0	29	7	3	1724085	8
6	0	29	8	0	-149963275	288
6	0	29	8	1	-7321575	64
6	0	29	8	2	-12153735	64
6	0	29	8	3	-11367675	256
6	0	29	9	0	-817025	576
6	0	29	9	1	-1925	192
6	0	29	9	2	2500155	64
6	0	29	9	3	-363825	128
6	0	29	10	0	1146695	768
6	0	29	10	1	256905	256
6	0	29	10	2	80415	64
6	0	29	11	0	45	64
6	0	29	11	1	-34545	256
6	0	29	12	0	405	1024
6	0	30	1	3	-150	1
6	0	30	2	3	-8910	1
6	0	30	3	2	5500	1
6	0	30	3	3	-90750	1
6	0	30	4	2	380325	4
6	0	30	4	3	-180675	2
6	0	30	5	1	28105	2
6	0	30	5	2	954525	4
6	0	30	5	3	1195425	4
6	0	30	6	1	1866865	12
6	0	30	6	2	-1202355	8
6	0	30	6	3	-1230075	8
6	0	30	7	0	-2049575	54
6	0	30	7	1	4931575	16
6	0	30	7	2	297645	8
6	0	30	7	3	89595	4
6	0	30	8	0	-76596575	576
6	0	30	8	1	2961475	64
6	0	30	8	2	1331625	64
6	0	30	8	3	-259875	32
6	0	30	9	0	-174449825	3456
6	0	30	9	1	-1707775	128
6	0	30	9	2	-566115	128
6	0	30	9	3	769725	128
6	0	30	10	0	10130285	2304
6	0	30	10	1	-23875	64
6	0	30	10	2	-793995	256
6	0	30	10	3	7425	256
6	0	30	11	0	-4455	128
6	0	30	11	1	70425	512
6	0	30	11	2	-2025	256
6	0	30	12	0	1045	1024
6	0	30	12	1	135	128
6	0	31	2	3	-825	2
6	0	31	3	3	-25575	2
6	0	31	4	2	12375	2
6	0	31	4	3	-1046925	16
6	0	31	5	2	61215	1
6	0	31	5	3	38115	2
6	0	31	6	1	196735	24
6	0	31	6	2	438515	8
6	0	31	6	3	1403325	16
6	0	31	7	1	449075	8
6	0	31	7	2	-70785	1
6	0	31	7	3	-586575	8
6	0	31	8	0	-10247875	864
6	0	31	8	1	7088125	128
6	0	31	8	2	2844825	64
6	0	31	8	3	3502125	128
6	0	31	9	0	-6233425	288
6	0	31	9	1	-2341075	576
6	0	31	9	2	-91925	6
6	0	31	9	3	-182325	32
6	0	31	10	0	-9294175	6912
6	0	31	10	1	30055	256
6	0	31	10	2	892695	256
6	0	31	10	3	-85635	512
6	0	31	11	0	30155	384
6	0	31	11	1	-13295	256
6	0	31	11	2	105	2
6	0	31	12	0	-235	1536
6	0	31	12	1	-7515	2048
6	0	32	3	3	-1375	2
6	0	32	4	3	-96525	8
6	0	32	5	2	4950	1
6	0	32	5	3	-114345	4
6	0	32	6	2	108185	4
6	0	32	6	3	255255	8
6	0	32	7	1	28105	8
6	0	32	7	2	-24585	16
6	0	32	7	3	7425	16
6	0	32	8	1	227975	16
6	0	32	8	2	-626175	64
6	0	32	8	3	-423225	64
6	0	32	9	0	-10247875	3888
6	0	32	9	1	6224075	1152
6	0	32	9	2	2678375	384
6	0	32	9	3	82225	64
6	0	32	10	0	-7121015	3456
6	0	32	10	1	-632555	768
6	0	32	10	2	-94355	64
6	0	32	10	3	99495	256
6	0	32	11	0	1663945	13824
6	0	32	11	1	5425	256
6	0	32	11	2	-69825	512
6	0	32	11	3	495	512
6	0	32	12	0	-1195	2304
6	0	32	12	1	965	192
6	0	32	12	2	-75	512
6	0	33	4	3	-12375	16
6	0	33	5	3	-31185	4
6	0	33	6	2	5775	2
6	0	33	6	3	-24255	4
6	0	33	7	2	31515	4
6	0	33	7	3	205425	16
6	0	33	8	1	140525	128
6	0	33	8	2	-154275	32
6	0	33	8	3	-764775	128
6	0	33	9	1	1402225	576
6	0	33	9	2	91575	64
6	0	33	9	3	113025	64
6	0	33	10	0	-2049575	5184
6	0	33	10	1	80135	768
6	0	33	10	2	-50405	128
6	0	33	10	3	-114015	256
6	0	33	11	0	-274715	3456
6	0	33	11	1	-6115	768
6	0	33	11	2	11315	64
6	0	33	11	3	-3015	512
6	0	33	12	0	1685	1024
6	0	33	12	1	-7755	2048
6	0	33	12	2	1005	1024
6	0	34	5	3	-2475	4
6	0	34	6	3	-3465	1
6	0	34	7	2	2475	2
6	0	34	7	3	4455	8
6	0	34	8	2	83325	64
6	0	34	8	3	32175	16
6	0	34	9	1	140525	576
6	0	34	9	2	-484825	384
6	0	34	9	3	-71775	64
6	0	34	10	1	98065	384
6	0	34	10	2	137445	256
6	0	34	10	3	56925	256
6	0	34	11	0	-186325	5184
6	0	34	11	1	-38035	1536
6	0	34	11	2	-7385	64
6	0	34	11	3	1905	128
6	0	34	12	0	32645	27648
6	0	34	12	1	10655	4608
6	0	34	12	2	-8255	3072
6	0	34	12	3	15	1024
6	0	35	6	3	-5775	16
6	0	35	7	3	-16335	16
6	0	35	8	2	12375	32
6	0	35	8	3	185625	256
6	0	35	9	2	3025	96
6	0	35	9	3	-3025	32
6	0	35	10	1	28105	768
6	0	35	10	2	-26125	256
6	0	35	10	3	2475	128
6	0	35	11	1	10165	768
6	0	35	11	2	3405	128
6	0	35	11	3	-10125	512
6	0	35	12	0	-186325	124416
6	0	35	12	1	-22325	18432
6	0	35	12	2	3005	768
6	0	35	12	3	-385	4096
6	0	36	7	3	-2475	16
6	0	36	8	3	-22275	128
6	0	36	9	2	1375	16
6	0	36	9	3	23925	128
6	0	36	10	2	-4345	128
6	0	36	10	3	-16995	256
6	0	36	11	1	2555	768
6	0	36	11	2	4715	512
6	0	36	11	3	225	16
6	0	36	12	1	625	4608
6	0	36	12	2	-105	32
6	0	36	12	3	525	2048
6	0	37	8	3	-12375	256
6	0	37	9	3	-825	128
6	0	37	10	2	825	64
6	0	37	10	3	4455	256
6	0	37	11	2	-845	128
6	0	37	11	3	-2145	512
6	0	37	12	1	2555	18432
6	0	37	12	2	4895	3072
6	0	37	12	3	-1575	4096
6	0	38	9	3	-1375	128
6	0	38	10	3	495	128
6	0	38	11	2	75	64
6	0	38	11	3	-45	64
6	0	38	12	2	-1295	3072
6	0	38	12	3	175	512
6	0	39	10	3	-825	512
6	0	39	11	3	405	512
6	0	39	12	2	25	512
6	0	39	12	3	-735	4096
6	0	40	11	3	-75	512
6	0	40	12	3	105	2048
6	0	41	12	3	-25	4096
6	1	5	0	0	127545840	1
6	1	6	0	0	850305600	1
6	1	7	0	0	772360920	1
6	1	7	0	1	1126654920	1
6	1	7	1	0	510183360	1
6	1	8	0	0	-718035840	1
6	1	8	0	1	2536745040	1
6	1	8	1	0	1757298240	1
6	1	9	0	0	-1442370240	1
6	1	9	0	1	630643320	1
6	1	9	0	2	70858800	1
6	1	9	1	0	1117207080	1
6	1	9	1	1	2373769800	1
6	1	9	2	0	623557440	1
6	1	10	0	0	-562671360	1
6	1	10	0	1	-3687806880	1
6	1	10	0	2	37791360	1
6	1	10	1	0	-1501419240	1
6	1	10	1	1	3979902600	1
6	1	10	2	0	1724230800	1
6	1	11	0	0	238645440	1
6	1	11	0	1	-4426313040	1
6	1	11	0	2	-336972960	1
6	1	11	0	3	-3542940	1
6	1	11	1	0	-2351462400	1
6	1	11	1	1	-355081320	1
6	1	11	1	2	118098000	1
6	1	11	2	0	1119569040	1
6	1	11	2	1	2215518480	1
6	1	11	3	0	407438100	1
6	1	12	0	0	251475840	1
6	1	12	0	1	-151865280	1
6	1	12	0	2	-242494560	1
6	1	12	0	3	7085880	1
6	1	12	1	0	-1068655680	1
6	1	12	1	1	-6857294760	1
6	1	12	1	2	122821920	1
6	1	12	2	0	-943471800	1
6	1	12	2	1	2515487400	1
6	1	12	3	0	1003439340	1
6	1	13	0	0	356996160	1
6	1	13	0	1	3277933920	1
6	1	13	0	2	557422560	1
6	1	13	0	3	5904900	1
6	1	13	1	0	-593580960	1
6	1	13	1	1	-6607364400	1
6	1	13	1	2	-710162640	1
6	1	13	1	3	-7085880	1
6	1	13	2	0	-1594366740	1
6	1	13	2	1	-1049497560	1
6	1	13	2	2	108650160	1
6	1	13	3	0	743230080	1
6	1	13	3	1	1206174240	1
6	1	13	4	0	156184605	1
6	1	14	0	0	840067200	1
6	1	14	0	1	2036378880	1
6	1	14	0	2	579584160	1
6	1	14	0	3	-14696640	1
6	1	14	1	0	-1096338240	1
6	1	14	1	1	1262861280	1
6	1	14	1	2	-422003520	1
6	1	14	1	3	16533720	1
6	1	14	2	0	-881215200	1
6	1	14	2	1	-5215382640	1
6	1	14	2	2	140930280	1
6	1	14	3	0	-321926400	1
6	1	14	3	1	761207220	1
6	1	14	4	0	366235020	1
6	1	15	0	0	1094702040	1
6	1	15	0	1	-756559440	1
6	1	15	0	2	-312478560	1
6	1	15	0	3	-7873200	1
6	1	15	1	0	-628521120	1
6	1	15	1	1	6275426400	1
6	1	15	1	2	1235742480	1
6	1	15	1	3	6298560	1
6	1	15	2	0	-1107253800	1
6	1	15	2	1	-4676549580	1
6	1	15	2	2	-766587240	1
6	1	15	2	3	-6495390	1
6	1	15	3	0	-670782060	1
6	1	15	3	1	-521686980	1
6	1	15	3	2	72827100	1
6	1	15	4	0	299629935	1
6	1	15	4	1	850075965	2
6	1	15	5	0	34707690	1
6	1	16	0	0	856415520	1
6	1	16	0	1	-1398396960	1
6	1	16	0	2	-614653920	1
6	1	16	0	3	13646880	1
6	1	16	1	0	697798800	1
6	1	16	1	1	2867834160	1
6	1	16	1	2	905942880	1
6	1	16	1	3	-31492800	1
6	1	16	2	0	-1771379280	1
6	1	16	2	1	1829527560	1
6	1	16	2	2	-257891040	1
6	1	16	2	3	17321040	1
6	1	16	3	0	-346833900	1
6	1	16	3	1	-2284350660	1
6	1	16	3	2	73483200	1
6	1	16	4	0	-132991470	1
6	1	16	4	1	70935345	1
6	1	16	5	0	89612325	1
6	1	17	0	0	442466400	1
6	1	17	0	1	-359579520	1
6	1	17	0	2	-112259520	1
6	1	17	0	3	9156240	1
6	1	17	1	0	1366077960	1
6	1	17	1	1	-1967966280	1
6	1	17	1	2	-861950160	1
6	1	17	1	3	-5248800	1
6	1	17	2	0	-1090807560	1
6	1	17	2	1	5330104560	1
6	1	17	2	2	1297503360	1
6	1	17	3	0	-711886320	1
6	1	17	3	1	-2312154720	1
6	1	17	3	2	-519485400	1
6	1	17	3	3	-3608550	1
6	1	17	4	0	-199788525	1
6	1	17	4	1	-18097425	2
6	1	17	4	2	36577575	1
6	1	17	5	0	69032655	1
6	1	17	5	1	101706435	1
6	1	17	6	0	7577955	2
6	1	18	0	0	157633760	1
6	1	18	0	1	421321440	1
6	1	18	0	2	249438240	1
6	1	18	0	3	-5832000	1
6	1	18	1	0	1053491880	1
6	1	18	1	1	-2298645000	1
6	1	18	1	2	-1001859840	1
6	1	18	1	3	29043360	1
6	1	18	2	0	278487720	1
6	1	18	2	1	1651162320	1
6	1	18	2	2	531849240	1
6	1	18	2	3	-28868400	1
6	1	18	3	0	-1160295840	1
6	1	18	3	1	1248516180	1
6	1	18	3	2	-3790800	1
6	1	18	3	3	10825650	1
6	1	18	4	0	-18831690	1
6	1	18	4	1	-738545040	1
6	1	18	4	2	13450050	1
6	1	18	5	0	-72299790	1
6	1	18	5	1	-25139565	1
6	1	18	6	0	32786775	2
6	1	19	0	0	117368080	3
6	1	19	0	1	450934960	1
6	1	19	0	2	178076640	1
6	1	19	0	3	-6522120	1
6	1	19	1	0	485771680	1
6	1	19	1	1	-289665000	1
6	1	19	1	2	57017520	1
6	1	19	1	3	8631360	1
6	1	19	2	0	846249120	1
6	1	19	2	1	-2037268260	1
6	1	19	2	2	-976325400	1
6	1	19	2	3	4811400	1
6	1	19	3	0	-654903900	1
6	1	19	3	1	2775055140	1
6	1	19	3	2	802944900	1
6	1	19	3	3	-3608550	1
6	1	19	4	0	-261357435	1
6	1	19	4	1	-1807687125	2
6	1	19	4	2	-231712650	1
6	1	19	4	3	-5412825	4
6	1	19	5	0	-30755700	1
6	1	19	5	1	81381915	1
6	1	19	5	2	13450050	1
6	1	19	6	0	5205060	1
6	1	19	6	1	16865415	1
6	1	19	7	0	-120285	2
6	1	20	0	0	59905760	9
6	1	20	0	1	658250560	3
6	1	20	0	2	16611040	1
6	1	20	0	3	-39600	1
6	1	20	1	0	145967920	1
6	1	20	1	1	738206840	1
6	1	20	1	2	475156320	1
6	1	20	1	3	-14541120	1
6	1	20	2	0	595297320	1
6	1	20	2	1	-1605414600	1
6	1	20	2	2	-662495760	1
6	1	20	2	3	25019280	1
6	1	20	3	0	113782680	1
6	1	20	3	1	415255140	1
6	1	20	3	2	74811600	1
6	1	20	3	3	-14835150	1
6	1	20	4	0	-456927480	1
6	1	20	4	1	607436415	1
6	1	20	4	2	81477900	1
6	1	20	4	3	9021375	2
6	1	20	5	0	41044320	1
6	1	20	5	1	-221807565	1
6	1	20	5	2	-4680180	1
6	1	20	6	0	-27176310	1
6	1	20	6	1	-9857295	1
6	1	20	7	0	10141605	4
6	1	21	0	0	19978960	27
6	1	21	0	1	197581120	3
6	1	21	0	2	-36891360	1
6	1	21	0	3	2158200	1
6	1	21	1	0	260215600	9
6	1	21	1	1	587560480	1
6	1	21	1	2	208603920	1
6	1	21	1	3	-8197200	1
6	1	21	2	0	231095980	1
6	1	21	2	1	44159400	1
6	1	21	2	2	247361040	1
6	1	21	2	3	-427680	1
6	1	21	3	0	339940800	1
6	1	21	3	1	-1179972720	1
6	1	21	3	2	-601063200	1
6	1	21	3	3	7618050	1
6	1	21	4	0	-212337315	1
6	1	21	4	1	1962201105	2
6	1	21	4	2	309575925	1
6	1	21	4	3	-11427075	4
6	1	21	5	0	-72382815	1
6	1	21	5	1	-261496755	1
6	1	21	5	2	-68839470	1
6	1	21	5	3	-360855	1
6	1	21	6	0	5216400	1
6	1	21	6	1	35766360	1
6	1	21	6	2	3572100	1
6	1	21	7	0	-1997865	1
6	1	21	7	1	3891645	2
6	1	21	8	0	-1306125	16
6	1	22	0	0	3912800	81
6	1	22	0	1	116039360	9
6	1	22	0	2	-72861280	3
6	1	22	0	3	926400	1
6	1	22	1	0	98416640	27
6	1	22	1	1	228399280	1
6	1	22	1	2	-29986880	1
6	1	22	1	3	2653200	1
6	1	22	2	0	496193720	9
6	1	22	2	1	557862640	1
6	1	22	2	2	361487640	1
6	1	22	2	3	-13186800	1
6	1	22	3	0	197684600	1
6	1	22	3	1	-603889140	1
6	1	22	3	2	-200548800	1
6	1	22	3	3	11360250	1
6	1	22	4	0	54281550	1
6	1	22	4	1	-37430100	1
6	1	22	4	2	-71964450	1
6	1	22	4	3	-4610925	1
6	1	22	5	0	-122440905	1
6	1	22	5	1	229853295	1
6	1	22	5	2	51457680	1
6	1	22	5	3	1323135	1
6	1	22	6	0	17748990	1
6	1	22	6	1	-62154540	1
6	1	22	6	2	-3631635	1
6	1	22	7	0	-5915430	1
6	1	22	7	1	-1520775	1
6	1	22	8	0	2729295	8
6	1	23	0	0	339680	243
6	1	23	0	1	130884520	81
6	1	23	0	2	-214567520	27
6	1	23	0	3	-203600	3
6	1	23	1	0	2382080	9
6	1	23	1	1	482710000	9
6	1	23	1	2	-186262640	3
6	1	23	1	3	3432000	1
6	1	23	2	0	217243400	27
6	1	23	2	1	976316740	3
6	1	23	2	2	80238440	1
6	1	23	2	3	-3118500	1
6	1	23	3	0	180357100	3
6	1	23	3	1	141444500	1
6	1	23	3	2	202251300	1
6	1	23	3	3	-4024350	1
6	1	23	4	0	93483900	1
6	1	23	4	1	-853788585	2
6	1	23	4	2	-219171600	1
6	1	23	4	3	17574975	4
6	1	23	5	0	-38893620	1
6	1	23	5	1	233879535	1
6	1	23	5	2	73760220	1
6	1	23	5	3	-1202850	1
6	1	23	6	0	-18090765	1
6	1	23	6	1	-98114625	2
6	1	23	6	2	-13418055	1
6	1	23	6	3	-280665	4
6	1	23	7	0	8006445	2
6	1	23	7	1	15912045	2
6	1	23	7	2	1362015	2
6	1	23	8	0	-24248565	32
6	1	23	8	1	4985955	32
6	1	23	9	0	-104085	8
6	1	24	0	1	9591760	81
6	1	24	0	2	-42845920	27
6	1	24	0	3	-197600	1
6	1	24	1	0	679360	81
6	1	24	1	1	209452160	27
6	1	24	1	2	-248717920	9
6	1	24	1	3	708800	1
6	1	24	2	0	17783920	27
6	1	24	2	1	869734360	9
6	1	24	2	2	-152809280	3
6	1	24	2	3	3471600	1
6	1	24	3	0	282409600	27
6	1	24	3	1	701783900	3
6	1	24	3	2	140588000	1
6	1	24	3	3	-5984550	1
6	1	24	4	0	122084600	3
6	1	24	4	1	-120428025	1
6	1	24	4	2	-9235800	1
6	1	24	4	3	5591025	2
6	1	24	5	0	18912210	1
6	1	24	5	1	-63413955	1
6	1	24	5	2	-46775880	1
6	1	24	5	3	-828630	1
6	1	24	6	0	-22506225	1
6	1	24	6	1	63353430	1
6	1	24	6	2	16705710	1
6	1	24	6	3	280665	1
6	1	24	7	0	6441615	2
6	1	24	7	1	-27441585	2
6	1	24	7	2	-1100790	1
6	1	24	8	0	-5437125	8
6	1	24	8	1	-1741905	16
6	1	24	9	0	590895	16
6	1	25	0	1	313960	81
6	1	25	0	2	-1769200	9
6	1	25	0	3	-84400	1
6	1	25	1	1	17299760	27
6	1	25	1	2	-60001520	9
6	1	25	1	3	-372000	1
6	1	25	2	0	1868240	81
6	1	25	2	1	447663040	27
6	1	25	2	2	-354307040	9
6	1	25	2	3	1988800	1
6	1	25	3	0	79578400	81
6	1	25	3	1	876590000	9
6	1	25	3	2	3930200	3
6	1	25	3	3	262350	1
6	1	25	4	0	79533025	9
6	1	25	4	1	148762125	2
6	1	25	4	2	81254625	1
6	1	25	4	3	-9763875	4
6	1	25	5	0	51333370	3
6	1	25	5	1	-97952310	1
6	1	25	5	2	-47319660	1
6	1	25	5	3	1447875	1
6	1	25	6	0	-6126085	2
6	1	25	6	1	34166055	1
6	1	25	6	2	9709560	1
6	1	25	6	3	-654885	2
6	1	25	7	0	-3729150	1
6	1	25	7	1	-9356175	2
6	1	25	7	2	-1594080	1
6	1	25	7	3	-40095	4
6	1	25	8	0	3748185	4
6	1	25	8	1	34211565	32
6	1	25	8	2	1476225	16
6	1	25	9	0	-4026555	32
6	1	25	9	1	280665	32
6	1	25	10	0	-38475	32
6	1	26	0	2	-377440	27
6	1	26	0	3	-57920	3
6	1	26	1	1	627920	27
6	1	26	1	2	-951680	1
6	1	26	1	3	-271200	1
6	1	26	2	1	42394000	27
6	1	26	2	2	-109498840	9
6	1	26	2	3	-13200	1
6	1	26	3	0	9341200	243
6	1	26	3	1	1674368300	81
6	1	26	3	2	-755004400	27
6	1	26	3	3	5523650	3
6	1	26	4	0	2926550	3
6	1	26	4	1	175356500	3
6	1	26	4	2	28001150	1
6	1	26	4	3	-1430550	1
6	1	26	5	0	45332320	9
6	1	26	5	1	-6934660	1
6	1	26	5	2	12968400	1
6	1	26	5	3	262845	1
6	1	26	6	0	11967725	3
6	1	26	6	1	-21543200	1
6	1	26	6	2	-13450290	1
6	1	26	6	3	-51975	1
6	1	26	7	0	-2610570	1
6	1	26	7	1	23546145	2
6	1	26	7	2	3316320	1
6	1	26	7	3	173745	4
6	1	26	8	0	1697025	8
6	1	26	8	1	-16991505	8
6	1	26	8	2	-795825	4
6	1	26	9	0	-737115	32
6	1	26	9	1	-27135	32
6	1	26	10	0	95175	32
6	1	27	0	2	-11840	27
6	1	27	0	3	-2620	1
6	1	27	1	2	-683840	9
6	1	27	1	3	-78400	1
6	1	27	2	1	1726780	27
6	1	27	2	2	-6167480	3
6	1	27	2	3	-336600	1
6	1	27	3	1	186068300	81
6	1	27	3	2	-336891500	27
6	1	27	3	3	491150	1
6	1	27	4	0	1167650	27
6	1	27	4	1	297031625	18
6	1	27	4	2	-24507350	3
6	1	27	4	3	2300925	4
6	1	27	5	0	6089600	9
6	1	27	5	1	59021270	3
6	1	27	5	2	18255050	1
6	1	27	5	3	-738540	1
6	1	27	6	0	5802335	3
6	1	27	6	1	-13425370	1
6	1	27	6	2	-5280450	1
6	1	27	6	3	1195425	4
6	1	27	7	0	1206755	6
6	1	27	7	1	2106270	1
6	1	27	7	2	268245	1
6	1	27	7	3	-245025	4
6	1	27	8	0	-8249325	16
6	1	27	8	1	715365	8
6	1	27	8	2	-654075	8
6	1	27	8	3	-66825	64
6	1	27	9	0	889925	8
6	1	27	9	1	2862975	32
6	1	27	9	2	138825	16
6	1	27	10	0	-190515	16
6	1	27	10	1	1485	4
6	1	27	11	0	-4455	64
6	1	28	0	3	-200	1
6	1	28	1	2	-23680	9
6	1	28	1	3	-12480	1
6	1	28	2	2	-1685200	9
6	1	28	2	3	-136400	1
6	1	28	3	1	8633900	81
6	1	28	3	2	-23394800	9
6	1	28	3	3	-171050	1
6	1	28	4	1	20020825	9
6	1	28	4	2	-23052700	3
6	1	28	4	3	997425	2
6	1	28	5	0	934120	27
6	1	28	5	1	77958980	9
6	1	28	5	2	5314820	3
6	1	28	5	3	-135300	1
6	1	28	6	0	9022090	27
6	1	28	6	1	2219525	1
6	1	28	6	2	4436880	1
6	1	28	6	3	-48510	1
6	1	28	7	0	4287800	9
6	1	28	7	1	-3799245	1
6	1	28	7	2	-2193360	1
6	1	28	7	3	51975	4
6	1	28	8	0	-3610475	24
6	1	28	8	1	11009325	8
6	1	28	8	2	3307725	8
6	1	28	8	3	155925	32
6	1	28	9	0	-714775	48
6	1	28	9	1	-6976505	32
6	1	28	9	2	-183975	8
6	1	28	10	0	110725	32
6	1	28	10	1	12465	32
6	1	28	11	0	1305	8
6	1	29	0	3	-20	3
6	1	29	1	3	-1080	1
6	1	29	2	2	-65120	9
6	1	29	2	3	-26400	1
6	1	29	3	2	-7449200	27
6	1	29	3	3	-389950	3
6	1	29	4	1	2158475	18
6	1	29	4	2	-2116125	1
6	1	29	4	3	71775	4
6	1	29	5	1	13426490	9
6	1	29	5	2	-8129330	3
6	1	29	5	3	198495	1
6	1	29	6	0	1634710	81
6	1	29	6	1	78532685	27
6	1	29	6	2	19965680	9
6	1	29	6	3	-127435	1
6	1	29	7	0	117260	1
6	1	29	7	1	-2576255	3
6	1	29	7	2	-43370	1
6	1	29	7	3	76725	2
6	1	29	8	0	9080225	144
6	1	29	8	1	-2714225	16
6	1	29	8	2	-128100	1
6	1	29	8	3	-512325	64
6	1	29	9	0	-5714225	144
6	1	29	9	1	962375	12
6	1	29	9	2	85475	16
6	1	29	9	3	-2475	32
6	1	29	10	0	408335	64
6	1	29	10	1	145115	32
6	1	29	10	2	8625	16
6	1	29	11	0	-5085	8
6	1	29	11	1	405	32
6	1	29	12	0	-495	256
6	1	30	1	3	-40	1
6	1	30	2	3	-2640	1
6	1	30	3	2	-325600	27
6	1	30	3	3	-32450	1
6	1	30	4	2	-809050	3
6	1	30	4	3	-70125	1
6	1	30	5	1	863390	9
6	1	30	5	2	-1144000	1
6	1	30	5	3	66825	1
6	1	30	6	1	18963560	27
6	1	30	6	2	-3275195	9
6	1	30	6	3	16170	1
6	1	30	7	0	233530	27
6	1	30	7	1	9781585	18
6	1	30	7	2	2046620	3
6	1	30	7	3	-39435	2
6	1	30	8	0	2054525	72
6	1	30	8	1	-4346375	12
6	1	30	8	2	-1603675	8
6	1	30	8	3	32175	8
6	1	30	9	0	9350	27
6	1	30	9	1	4284875	48
6	1	30	9	2	123225	4
6	1	30	9	3	12375	32
6	1	30	10	0	-907445	288
6	1	30	10	1	-225385	16
6	1	30	10	2	-53655	32
6	1	30	11	0	13585	32
6	1	30	11	1	1395	64
6	1	30	12	0	585	128
6	1	31	2	3	-110	1
6	1	31	3	3	-3850	1
6	1	31	4	2	-40700	3
6	1	31	4	3	-101475	4
6	1	31	5	2	-549560	3
6	1	31	5	3	-17490	1
6	1	31	6	1	3021865	54
6	1	31	6	2	-1212365	3
6	1	31	6	3	132825	4
6	1	31	7	1	4123075	18
6	1	31	7	2	605165	6
6	1	31	7	3	-23265	2
6	1	31	8	0	583825	216
6	1	31	8	1	5052575	288
6	1	31	8	2	1574975	24
6	1	31	8	3	84975	32
6	1	31	9	0	367675	81
6	1	31	9	1	-5971625	144
6	1	31	9	2	-1058975	48
6	1	31	9	3	-5775	8
6	1	31	10	0	-1025695	864
6	1	31	10	1	598865	64
6	1	31	10	2	37555	32
6	1	31	10	3	-495	128
6	1	31	11	0	50125	576
6	1	31	11	1	8195	64
6	1	31	11	2	1275	64
6	1	31	12	0	-1965	128
6	1	31	12	1	135	512
6	1	32	3	3	-550	3
6	1	32	4	3	-7425	2
6	1	32	5	2	-32560	3
6	1	32	5	3	-12870	1
6	1	32	6	2	-790790	9
6	1	32	6	3	1925	1
6	1	32	7	1	431695	18
6	1	32	7	2	-84810	1
6	1	32	7	3	12375	2
6	1	32	8	1	7069975	144
6	1	32	8	2	1247125	24
6	1	32	8	3	-47025	16
6	1	32	9	0	583825	972
6	1	32	9	1	-4844125	324
6	1	32	9	2	-1694225	216
6	1	32	9	3	12925	24
6	1	32	10	0	59125	144
6	1	32	10	1	537955	288
6	1	32	10	2	13505	12
6	1	32	10	3	165	8
6	1	32	11	0	-3965	27
6	1	32	11	1	-99835	192
6	1	32	11	2	-565	8
6	1	32	12	0	955	64
6	1	32	12	1	75	256
6	1	33	4	3	-825	4
6	1	33	5	3	-2475	1
6	1	33	6	2	-56980	9
6	1	33	6	3	-8085	2
6	1	33	7	2	-88550	3
6	1	33	7	3	10725	4
6	1	33	8	1	2158475	288
6	1	33	8	2	-104225	16
6	1	33	8	3	-7425	32
6	1	33	9	1	7664525	1296
6	1	33	9	2	3406975	432
6	1	33	9	3	275	16
6	1	33	10	0	116765	1296
6	1	33	10	1	-1218965	432
6	1	33	10	2	-115105	72
6	1	33	10	3	-1375	32
6	1	33	11	0	2755	216
6	1	33	11	1	17825	36
6	1	33	11	2	7285	96
6	1	33	11	3	-15	128
6	1	33	12	0	-32275	6912
6	1	33	12	1	2495	1536
6	1	33	12	2	85	256
6	1	34	5	3	-165	1
6	1	34	6	3	-1155	1
6	1	34	7	2	-8140	3
6	1	34	7	3	-2475	4
6	1	34	8	2	-160325	24
6	1	34	8	3	5775	8
6	1	34	9	1	2158475	1296
6	1	34	9	2	23375	18
6	1	34	9	3	-3575	16
6	1	34	10	1	59455	432
6	1	34	10	2	47905	288
6	1	34	10	3	165	4
6	1	34	11	0	10615	1296
6	1	34	11	1	-181015	1728
6	1	34	11	2	245	144
6	1	34	11	3	85	128
6	1	34	12	0	-5105	10368
6	1	34	12	1	-4865	576
6	1	34	12	2	-505	384
6	1	35	6	3	-385	4
6	1	35	7	3	-1485	4
6	1	35	8	2	-10175	12
6	1	35	8	3	2475	64
6	1	35	9	2	-99275	108
6	1	35	9	3	1375	24
6	1	35	10	1	431695	1728
6	1	35	10	2	11275	32
6	1	35	10	3	-825	64
6	1	35	11	1	-96115	1728
6	1	35	11	2	-29045	576
6	1	35	11	3	-195	128
6	1	35	12	0	10615	31104
6	1	35	12	1	434435	41472
6	1	35	12	2	6335	3456
6	1	35	12	3	-5	3072
6	1	36	7	3	-165	4
6	1	36	8	3	-2475	32
6	1	36	9	2	-10175	54
6	1	36	9	3	275	8
6	1	36	10	2	-7645	144
6	1	36	10	3	-55	8
6	1	36	11	1	39245	1728
6	1	36	11	2	1115	48
6	1	36	11	3	225	128
6	1	36	12	1	-106925	20736
6	1	36	12	2	-355	432
6	1	36	12	3	5	512
6	1	37	8	3	-825	64
6	1	37	9	3	-275	32
6	1	37	10	2	-2035	72
6	1	37	10	3	165	32
6	1	37	11	2	415	144
6	1	37	11	3	-125	128
6	1	37	12	1	39245	41472
6	1	37	12	2	-835	2304
6	1	37	12	3	-25	1024
6	1	38	9	3	-275	96
6	1	38	11	2	-185	72
6	1	38	11	3	15	128
6	1	38	12	2	1525	3456
6	1	38	12	3	25	768
6	1	39	10	3	-55	128
6	1	39	11	3	15	128
6	1	39	12	2	-185	1728
6	1	39	12	3	-25	1024
6	1	40	11	3	-5	128
6	1	40	12	3	5	512
6	1	41	12	3	-5	3072
6	2	6	0	1	31886460	1
6	2	7	0	0	-70858800	1
6	2	7	0	1	-42515280	1
6	2	8	0	0	-92116440	1
6	2	8	0	1	-460582200	1
6	2	8	0	2	201947580	1
6	2	8	1	0	-60229980	1
6	2	8	1	1	132860250	1
6	2	8	2	0	5314410	1
6	2	9	0	0	-94478400	1
6	2	9	0	1	-813695220	1
6	2	9	0	2	-180689940	1
6	2	9	1	0	-198404640	1
6	2	9	1	1	-70858800	1
6	2	9	2	0	-3542940	1
6	2	10	0	0	-279761040	1
6	2	10	0	1	-3542940	1
6	2	10	0	2	-449953380	1
6	2	10	1	0	-107075520	1
6	2	10	1	1	-990842220	1
6	2	10	1	2	372008700	1
6	2	10	2	0	-142898580	1
6	2	10	2	1	180689940	1
6	2	10	3	0	9743085	1
6	2	11	0	0	-481402440	1
6	2	11	0	1	1149093540	1
6	2	11	0	2	260996580	1
6	2	11	1	0	58786560	1
6	2	11	1	1	-1306163880	1
6	2	11	1	2	-474753960	1
6	2	11	2	0	-340909560	1
6	2	11	2	1	-96249870	1
6	2	11	3	0	-2361960	1
6	2	12	0	0	-397961100	1
6	2	12	0	1	931618260	1
6	2	12	0	2	487744740	1
6	2	12	0	3	5904900	1
6	2	12	1	0	-91897740	1
6	2	12	1	1	571594320	1
6	2	12	1	2	-654262920	1
6	2	12	1	3	-8857350	1
6	2	12	2	0	-211198590	1
6	2	12	2	1	-933859935	1
6	2	12	2	2	305578575	1
6	2	12	3	0	-134434890	1
6	2	12	3	1	258929865	2
6	2	12	4	0	40448565	4
6	2	13	0	0	-128610180	1
6	2	13	0	1	-83528820	1
6	2	13	0	2	-127939500	1
6	2	13	0	3	-13778100	1
6	2	13	1	0	-235204560	1
6	2	13	1	1	2264332320	1
6	2	13	1	2	739293480	1
6	2	13	1	3	23619600	1
6	2	13	2	0	53537760	1
6	2	13	2	1	-960431985	1
6	2	13	2	2	-506345175	1
6	2	13	3	0	-282910320	1
6	2	13	3	1	-94970475	1
6	2	13	4	0	492075	4
6	2	14	0	0	39280140	1
6	2	14	0	1	-392838660	1
6	2	14	0	2	-308264940	1
6	2	14	0	3	-5248800	1
6	2	14	1	0	12767220	1
6	2	14	1	1	1129425120	1
6	2	14	1	2	649276560	1
6	2	14	1	3	11809800	1
6	2	14	2	0	60492420	1
6	2	14	2	1	800113950	1
6	2	14	2	2	-369253080	1
6	2	14	2	3	-16238475	1
6	2	14	3	0	-172915155	1
6	2	14	3	1	-999338715	2
6	2	14	3	2	156283020	1
6	2	14	4	0	-274610655	4
6	2	14	4	1	228027555	4
6	2	14	5	0	21552885	4
6	2	15	0	0	47075580	1
6	2	15	0	1	-49439160	1
6	2	15	0	2	24567300	1
6	2	15	0	3	26244000	1
6	2	15	1	0	318929400	1
6	2	15	1	1	-801861120	1
6	2	15	1	2	-512720280	1
6	2	15	1	3	-70858800	1
6	2	15	2	0	118758960	1
6	2	15	2	1	1989360810	1
6	2	15	2	2	784301940	1
6	2	15	2	3	48715425	1
6	2	15	3	0	-3703320	1
6	2	15	3	1	-457914060	1
6	2	15	3	2	-318470940	1
6	2	15	4	0	-478439055	4
6	2	15	4	1	-233473185	4
6	2	15	5	0	-820125	2
6	2	16	0	0	8661420	1
6	2	16	0	1	119243880	1
6	2	16	0	2	143569260	1
6	2	16	0	3	4374000	1
6	2	16	1	0	314474400	1
6	2	16	1	1	-883377090	1
6	2	16	1	2	-432588600	1
6	2	16	1	3	6561000	1
6	2	16	2	0	408485835	1
6	2	16	2	1	594204255	1
6	2	16	2	2	291516165	1
6	2	16	2	3	-5412825	1
6	2	16	3	0	15481530	1
6	2	16	3	1	1020428685	2
6	2	16	3	2	-91296315	1
6	2	16	3	3	-27064125	2
6	2	16	4	0	-108085185	2
6	2	16	4	1	-319509765	2
6	2	16	4	2	118983735	2
6	2	16	5	0	-85150845	4
6	2	16	5	1	123510825	8
6	2	16	6	0	25095825	16
6	2	17	0	0	-7146660	1
6	2	17	0	1	-22728420	1
6	2	17	0	2	11262780	1
6	2	17	0	3	-24202800	1
6	2	17	1	0	133317720	1
6	2	17	1	1	55846800	1
6	2	17	1	2	230043240	1
6	2	17	1	3	86605200	1
6	2	17	2	0	520228305	1
6	2	17	2	1	-1064311245	1
6	2	17	2	2	-603251145	1
6	2	17	2	3	-99235125	1
6	2	17	3	0	139613220	1
6	2	17	3	1	1112652045	1
6	2	17	3	2	475045560	1
6	2	17	3	3	45106875	1
6	2	17	4	0	-38089035	2
6	2	17	4	1	-358365465	2
6	2	17	4	2	-286486065	2
6	2	17	5	0	-47191815	2
6	2	17	5	1	-42241905	2
6	2	17	6	0	-7577955	16
6	2	18	0	0	-5265460	1
6	2	18	0	1	-147015300	1
6	2	18	0	2	-60107940	1
6	2	18	0	3	-7192800	1
6	2	18	1	0	14046120	1
6	2	18	1	1	333933660	1
6	2	18	1	2	236011320	1
6	2	18	1	3	-9331200	1
6	2	18	2	0	318074220	1
6	2	18	2	1	-769960485	1
6	2	18	2	2	-202144410	1
6	2	18	2	3	45106875	1
6	2	18	3	0	337059360	1
6	2	18	3	1	322811325	2
6	2	18	3	2	4804110	1
6	2	18	3	3	-45106875	2
6	2	18	4	0	-58334175	2
6	2	18	4	1	828558315	4
6	2	18	4	2	7085880	1
6	2	18	4	3	-27064125	4
6	2	18	5	0	-2229525	4
6	2	18	5	1	-109054755	4
6	2	18	5	2	37299285	2
6	2	18	6	0	-33450165	8
6	2	18	6	1	32072355	16
6	2	18	7	0	4559895	16
6	2	19	0	0	-4983260	3
6	2	19	0	1	-129839260	1
6	2	19	0	2	-27538020	1
6	2	19	0	3	12117600	1
6	2	19	1	0	-11666360	1
6	2	19	1	1	9355800	1
6	2	19	1	2	-58798440	1
6	2	19	1	3	-63471600	1
6	2	19	2	0	89911500	1
6	2	19	2	1	188527365	1
6	2	19	2	2	314386110	1
6	2	19	2	3	95626575	1
6	2	19	3	0	317304540	1
6	2	19	3	1	-729424440	1
6	2	19	3	2	-374035320	1
6	2	19	3	3	-66156750	1
6	2	19	4	0	62562510	1
6	2	19	4	1	1831643685	4
6	2	19	4	2	396842085	2
6	2	19	4	3	99235125	4
6	2	19	5	0	-15523650	1
6	2	19	5	1	-133089885	2
6	2	19	5	2	-51339825	1
6	2	19	6	0	4124925	8
6	2	19	6	1	-57536325	16
6	2	19	7	0	-338985	2
6	2	20	0	0	-2633320	9
6	2	20	0	1	-187586500	3
6	2	20	0	2	6971340	1
6	2	20	0	3	6831000	1
6	2	20	1	0	-6039520	1
6	2	20	1	1	-201197860	1
6	2	20	1	2	-114041880	1
6	2	20	1	3	-3474900	1
6	2	20	2	0	-721125	1
6	2	20	2	1	326215290	1
6	2	20	2	2	139793445	1
6	2	20	2	3	-40963725	1
6	2	20	3	0	141607845	1
6	2	20	3	1	-367233345	1
6	2	20	3	2	-648405	1
6	2	20	3	3	113268375	2
6	2	20	4	0	294696495	2
6	2	20	4	1	-6944130	1
6	2	20	4	2	-61130295	1
6	2	20	4	3	-81192375	4
6	2	20	5	0	-22225860	1
6	2	20	5	1	534678165	8
6	2	20	5	2	17441325	1
6	2	20	5	3	-9021375	4
6	2	20	6	0	3997350	1
6	2	20	6	1	-15045345	16
6	2	20	6	2	38808315	8
6	2	20	7	0	-8989785	16
6	2	20	7	1	-5711715	32
6	2	20	8	0	2868615	64
6	2	21	0	0	-84200	3
6	2	21	0	1	-172637180	9
6	2	21	0	2	11182620	1
6	2	21	0	3	-2211000	1
6	2	21	1	0	-12034360	9
6	2	21	1	1	-479708000	3
6	2	21	1	2	-23490120	1
6	2	21	1	3	28710000	1
6	2	21	2	0	-25840645	3
6	2	21	2	1	3653820	1
6	2	21	2	2	-105130305	1
6	2	21	2	3	-61011225	1
6	2	21	3	0	23131500	1
6	2	21	3	1	176441310	1
6	2	21	3	2	202388220	1
6	2	21	3	3	48448125	1
6	2	21	4	0	215206155	2
6	2	21	4	1	-648441855	2
6	2	21	4	2	-146718540	1
6	2	21	4	3	-95225625	4
6	2	21	5	0	20979000	1
6	2	21	5	1	142907895	1
6	2	21	5	2	60845985	1
6	2	21	5	3	9021375	1
6	2	21	6	0	-15417675	2
6	2	21	6	1	-351174285	16
6	2	21	6	2	-119333655	8
6	2	21	7	0	1529280	1
6	2	21	7	1	4598775	16
6	2	21	8	0	-2747115	64
6	2	22	0	0	-10280	9
6	2	22	0	1	-11603560	3
6	2	22	0	2	4938460	1
6	2	22	0	3	-2860000	1
6	2	22	1	0	-1346900	9
6	2	22	1	1	-582351920	9
6	2	22	1	2	21922800	1
6	2	22	1	3	8382000	1
6	2	22	2	0	-23996170	9
6	2	22	2	1	-136500685	1
6	2	22	2	2	-82076340	1
6	2	22	2	3	13253625	1
6	2	22	3	0	-5080800	1
6	2	22	3	1	164800710	1
6	2	22	3	2	26102520	1
6	2	22	3	3	-87874875	2
6	2	22	4	0	32634600	1
6	2	22	4	1	-97136415	1
6	2	22	4	2	90602145	2
6	2	22	4	3	138661875	4
6	2	22	5	0	83739285	2
6	2	22	5	1	-62231085	2
6	2	22	5	2	-78154875	2
6	2	22	5	3	-19847025	2
6	2	22	6	0	-6964650	1
6	2	22	6	1	79932825	4
6	2	22	6	2	36818145	4
6	2	22	6	3	-4209975	8
6	2	22	7	0	4090635	4
6	2	22	7	1	9929385	32
6	2	22	7	2	3969405	4
6	2	22	8	0	-3821985	64
6	2	22	8	1	-2074005	16
6	2	22	9	0	511515	64
6	2	23	0	0	80	81
6	2	23	0	1	-4494880	9
6	2	23	0	2	31333220	27
6	2	23	0	3	-1772000	3
6	2	23	1	0	-61840	9
6	2	23	1	1	-142630640	9
6	2	23	1	2	48918440	3
6	2	23	1	3	-6330000	1
6	2	23	2	0	-3238730	9
6	2	23	2	1	-791730545	9
6	2	23	2	2	1568120	1
6	2	23	2	3	26239125	1
6	2	23	3	0	-8977100	3
6	2	23	3	1	-14419450	1
6	2	23	3	2	-72645580	1
6	2	23	3	3	-26730000	1
6	2	23	4	0	1732125	2
6	2	23	4	1	89732595	1
6	2	23	4	2	75326760	1
6	2	23	4	3	40429125	4
6	2	23	5	0	21830625	1
6	2	23	5	1	-97525215	1
6	2	23	5	2	-36808020	1
6	2	23	5	3	-4076325	1
6	2	23	6	0	12194595	2
6	2	23	6	1	128787435	4
6	2	23	6	2	51718905	4
6	2	23	6	3	18243225	8
6	2	23	7	0	-4685715	2
6	2	23	7	1	-5435505	1
6	2	23	7	2	-6725025	2
6	2	23	8	0	27492345	64
6	2	23	8	1	18652275	64
6	2	23	9	0	-342225	32
6	2	24	0	1	-338360	9
6	2	24	0	2	3955000	27
6	2	24	0	3	310000	1
6	2	24	1	0	160	27
6	2	24	1	1	-21424820	9
6	2	24	1	2	44785720	9
6	2	24	1	3	-4075000	1
6	2	24	2	0	-170500	9
6	2	24	2	1	-251329430	9
6	2	24	2	2	60434465	3
6	2	24	2	3	1423125	1
6	2	24	3	0	-4620275	9
6	2	24	3	1	-57241550	1
6	2	24	3	2	-27761845	1
6	2	24	3	3	33202125	2
6	2	24	4	0	-5991425	3
6	2	24	4	1	93622675	2
6	2	24	4	2	-22282605	2
6	2	24	4	3	-91587375	4
6	2	24	5	0	3441430	1
6	2	24	5	1	-8530425	1
6	2	24	5	2	25931070	1
6	2	24	5	3	49650975	4
6	2	24	6	0	63180075	8
6	2	24	6	1	-62251875	4
6	2	24	6	2	-56368305	4
6	2	24	6	3	-24792075	8
6	2	24	7	0	-2052585	2
6	2	24	7	1	42222735	8
6	2	24	7	2	23861385	8
6	2	24	7	3	-1403325	16
6	2	24	8	0	4000455	64
6	2	24	8	1	-2050515	32
6	2	24	8	2	9619155	64
6	2	24	9	0	-6615	2
6	2	24	9	1	-1639845	64
6	2	24	10	0	296865	256
6	2	25	0	1	-11320	9
6	2	25	0	2	59560	9
6	2	25	0	3	226000	1
6	2	25	1	1	-608800	3
6	2	25	1	2	6955640	9
6	2	25	1	3	-162000	1
6	2	25	2	0	440	27
6	2	25	2	1	-45352010	9
6	2	25	2	2	80916545	9
6	2	25	2	3	-6293375	1
6	2	25	3	0	-284900	9
6	2	25	3	1	-244364450	9
6	2	25	3	2	26954000	3
6	2	25	3	3	11345125	1
6	2	25	4	0	-1440175	3
6	2	25	4	1	-36575650	3
6	2	25	4	2	-53574705	2
6	2	25	4	3	-16718625	4
6	2	25	5	0	-2141315	3
6	2	25	5	1	27478590	1
6	2	25	5	2	16026930	1
6	2	25	5	3	-1113750	1
6	2	25	6	0	19786865	8
6	2	25	6	1	-19011405	1
6	2	25	6	2	-18957645	4
6	2	25	6	3	1403325	8
6	2	25	7	0	2642055	2
6	2	25	7	1	9319275	2
6	2	25	7	2	3057345	2
6	2	25	7	3	3274425	8
6	2	25	8	0	-27149085	64
6	2	25	8	1	-56356965	64
6	2	25	8	2	-35622585	64
6	2	25	9	0	2081385	32
6	2	25	9	1	134595	2
6	2	25	10	0	-498825	256
6	2	26	0	2	-12920	27
6	2	26	0	3	196000	3
6	2	26	1	1	-22640	3
6	2	26	1	2	47180	1
6	2	26	1	3	576000	1
6	2	26	2	1	-1487420	3
6	2	26	2	2	16033270	9
6	2	26	2	3	-2058375	1
6	2	26	3	0	2200	81
6	2	26	3	1	-55777975	9
6	2	26	3	2	233784850	27
6	2	26	3	3	-14262875	6
6	2	26	4	0	-214225	6
6	2	26	4	1	-45661825	3
6	2	26	4	2	-3231875	1
6	2	26	4	3	33350625	4
6	2	26	5	0	-1835075	6
6	2	26	5	1	19979240	3
6	2	26	5	2	-16370985	2
6	2	26	5	3	-6657750	1
6	2	26	6	0	-293755	12
6	2	26	6	1	22625995	8
6	2	26	6	2	7732515	1
6	2	26	6	3	5457375	2
6	2	26	7	0	1828845	2
6	2	26	7	1	-33091575	8
6	2	26	7	2	-6406155	2
6	2	26	7	3	-10491525	16
6	2	26	8	0	-1925325	64
6	2	26	8	1	66640095	64
6	2	26	8	2	40817115	64
6	2	26	8	3	-334125	32
6	2	26	9	0	-258405	16
6	2	26	9	1	-2791305	64
6	2	26	9	2	1022895	64
6	2	26	10	0	38655	64
6	2	26	10	1	-688635	256
6	2	26	11	0	6075	64
6	2	27	0	2	-1360	27
6	2	27	0	3	10400	1
6	2	27	1	2	-17680	9
6	2	27	1	3	244400	1
6	2	27	2	1	-62260	3
6	2	27	2	2	428450	3
6	2	27	2	3	367125	1
6	2	27	3	1	-6503200	9
6	2	27	3	2	63351200	27
6	2	27	3	3	-2917750	1
6	2	27	4	0	275	9
6	2	27	4	1	-29078225	6
6	2	27	4	2	26541175	6
6	2	27	4	3	8394375	4
6	2	27	5	0	-85910	3
6	2	27	5	1	-12803560	3
6	2	27	5	2	-5401625	1
6	2	27	5	3	935550	1
6	2	27	6	0	-1591975	12
6	2	27	6	1	119336105	24
6	2	27	6	2	1312500	1
6	2	27	6	3	-2373525	2
6	2	27	7	0	312785	3
6	2	27	7	1	-8351975	4
6	2	27	7	2	185895	1
6	2	27	7	3	259875	1
6	2	27	8	0	11326775	64
6	2	27	8	1	19698345	64
6	2	27	8	2	-604935	64
6	2	27	8	3	1670625	32
6	2	27	9	0	-1351075	32
6	2	27	9	1	-2542665	32
6	2	27	9	2	-2057265	32
6	2	27	10	0	354645	64
6	2	27	10	1	2052315	256
6	2	27	11	0	-12195	64
6	2	28	0	3	900	1
6	2	28	1	2	-2720	9
6	2	28	1	3	47850	1
6	2	28	2	2	-26180	9
6	2	28	2	3	372625	1
6	2	28	3	1	-311300	9
6	2	28	3	2	2226125	9
6	2	28	3	3	-666875	2
6	2	28	4	1	-1392325	2
6	2	28	4	2	5775550	3
6	2	28	4	3	-6274125	4
6	2	28	5	0	220	9
6	2	28	5	1	-14739395	6
6	2	28	5	2	2144755	3
6	2	28	5	3	8638575	4
6	2	28	6	0	-33495	2
6	2	28	6	1	909755	12
6	2	28	6	2	-17786965	8
6	2	28	6	3	-4233075	4
6	2	28	7	0	-892705	24
6	2	28	7	1	12358165	12
6	2	28	7	2	5242365	4
6	2	28	7	3	2809125	8
6	2	28	8	0	4969525	96
6	2	28	8	1	-40582575	64
6	2	28	8	2	-28183185	64
6	2	28	8	3	-6125625	64
6	2	28	9	0	33125	3
6	2	28	9	1	8515165	64
6	2	28	9	2	2863035	32
6	2	28	9	3	-111375	128
6	2	28	10	0	-890785	256
6	2	28	10	1	-995235	128
6	2	28	10	2	286875	256
6	2	28	11	0	34275	256
6	2	28	11	1	-38745	256
6	2	28	12	0	405	128
6	2	29	0	3	100	3
6	2	29	1	3	4800	1
6	2	29	2	2	-7480	9
6	2	29	2	3	96525	1
6	2	29	3	2	-18700	27
6	2	29	3	3	823625	3
6	2	29	4	1	-77825	2
6	2	29	4	2	274725	1
6	2	29	4	3	-2635875	4
6	2	29	5	1	-463540	1
6	2	29	5	2	2973575	3
6	2	29	5	3	-76725	1
6	2	29	6	0	385	27
6	2	29	6	1	-3071145	4
6	2	29	6	2	-33139015	72
6	2	29	6	3	2219525	4
6	2	29	7	0	-43175	6
6	2	29	7	1	5572435	12
6	2	29	7	2	-201760	1
6	2	29	7	3	-1244925	4
6	2	29	8	0	-524425	96
6	2	29	8	1	-11932925	192
6	2	29	8	2	11338035	64
6	2	29	8	3	4096125	64
6	2	29	9	0	3470225	288
6	2	29	9	1	-99775	6
6	2	29	9	2	-1087815	32
6	2	29	9	3	37125	8
6	2	29	10	0	-436955	256
6	2	29	10	1	-137765	64
6	2	29	10	2	-1246635	256
6	2	29	11	0	13635	64
6	2	29	11	1	64425	128
6	2	29	12	0	-945	128
6	2	30	1	3	200	1
6	2	30	2	3	11550	1
6	2	30	3	2	-37400	27
6	2	30	3	3	221375	2
6	2	30	4	2	23375	6
6	2	30	4	3	251625	4
6	2	30	5	1	-31130	1
6	2	30	5	2	411455	2
6	2	30	5	3	-829125	2
6	2	30	6	1	-1295525	6
6	2	30	6	2	10468535	36
6	2	30	6	3	2211825	8
6	2	30	7	0	55	9
6	2	30	7	1	-2736085	24
6	2	30	7	2	-3552365	12
6	2	30	7	3	-495825	8
6	2	30	8	0	-216425	96
6	2	30	8	1	13163975	96
6	2	30	8	2	6900575	64
6	2	30	8	3	37125	2
6	2	30	9	0	10175	64
6	2	30	9	1	-7459225	144
6	2	30	9	2	-972165	32
6	2	30	9	3	-152625	16
6	2	30	10	0	1532135	1152
6	2	30	10	1	7314485	768
6	2	30	10	2	506595	64
6	2	30	10	3	-12375	256
6	2	30	11	0	-23455	96
6	2	30	11	1	-20025	32
6	2	30	11	2	1485	32
6	2	30	12	0	3765	512
6	2	30	12	1	-1845	512
6	2	31	2	3	550	1
6	2	31	3	3	16500	1
6	2	31	4	2	-4675	3
6	2	31	4	3	309375	4
6	2	31	5	2	20570	3
6	2	31	5	3	-53625	1
6	2	31	6	1	-108955	6
6	2	31	6	2	1263185	12
6	2	31	6	3	-837375	8
6	2	31	7	1	-69190	1
6	2	31	7	2	143605	6
6	2	31	7	3	215325	2
6	2	31	8	0	275	144
6	2	31	8	1	465025	48
6	2	31	8	2	-11737075	192
6	2	31	8	3	-169125	4
6	2	31	9	0	-72325	144
6	2	31	9	1	553025	48
6	2	31	9	2	878675	32
6	2	31	9	3	34375	4
6	2	31	10	0	265375	1152
6	2	31	10	1	-10377445	2304
6	2	31	10	2	-41835	8
6	2	31	10	3	70125	256
6	2	31	11	0	15265	576
6	2	31	11	1	26435	128
6	2	31	11	2	-13875	64
6	2	31	12	0	215	256
6	2	31	12	1	6765	512
6	2	32	3	3	2750	3
6	2	32	4	3	61875	4
6	2	32	5	2	-3740	3
6	2	32	5	3	126225	4
6	2	32	6	2	111265	18
6	2	32	6	3	-406175	8
6	2	32	7	1	-15565	2
6	2	32	7	2	287925	8
6	2	32	7	3	111375	16
6	2	32	8	1	-458425	32
6	2	32	8	2	-1375825	96
6	2	32	8	3	235125	32
6	2	32	9	0	275	648
6	2	32	9	1	4238575	576
6	2	32	9	2	42725	864
6	2	32	9	3	-281875	192
6	2	32	10	0	-43505	576
6	2	32	10	1	-1730135	1152
6	2	32	10	2	-9395	768
6	2	32	10	3	-159225	256
6	2	32	11	0	91625	2304
6	2	32	11	1	316585	1152
6	2	32	11	2	102625	256
6	2	32	11	3	-825	512
6	2	32	12	0	-635	128
6	2	32	12	1	-5035	256
6	2	32	12	2	55	64
6	2	33	4	3	4125	4
6	2	33	5	3	9900	1
6	2	33	6	2	-6545	9
6	2	33	6	3	40425	8
6	2	33	7	2	21505	6
6	2	33	7	3	-144375	8
6	2	33	8	1	-77825	32
6	2	33	8	2	240625	32
6	2	33	8	3	309375	32
6	2	33	9	1	-112475	72
6	2	33	9	2	-4580675	864
6	2	33	9	3	-23375	8
6	2	33	10	0	55	864
6	2	33	10	1	1330615	1152
6	2	33	10	2	3946685	2304
6	2	33	10	3	176275	256
6	2	33	11	0	-3965	576
6	2	33	11	1	-306905	1152
6	2	33	11	2	-4295	12
6	2	33	11	3	2475	256
6	2	33	12	0	2815	1152
6	2	33	12	1	20605	1536
6	2	33	12	2	-275	64
6	2	34	5	3	825	1
6	2	34	6	3	17325	4
6	2	34	7	2	-935	3
6	2	34	7	3	-27225	16
6	2	34	8	2	135575	96
6	2	34	8	3	-78375	32
6	2	34	9	1	-77825	144
6	2	34	9	2	373175	576
6	2	34	9	3	50875	32
6	2	34	10	1	1705	192
6	2	34	10	2	-709225	1152
6	2	34	10	3	-81675	256
6	2	34	11	0	5	864
6	2	34	11	1	99845	2304
6	2	34	11	2	154715	1152
6	2	34	11	3	-12275	512
6	2	34	12	0	-1325	4608
6	2	34	12	1	-805	576
6	2	34	12	2	13625	1536
6	2	34	12	3	-25	1024
6	2	35	6	3	1925	4
6	2	35	7	3	2475	2
6	2	35	8	2	-4675	48
6	2	35	8	3	-37125	32
6	2	35	9	2	163625	432
6	2	35	9	3	1375	6
6	2	35	10	1	-15565	192
6	2	35	10	2	-10945	128
6	2	35	10	3	-12375	256
6	2	35	11	1	275	12
6	2	35	11	2	3895	288
6	2	35	11	3	3975	128
6	2	35	12	0	5	20736
6	2	35	12	1	-16255	4608
6	2	35	12	2	-67135	6912
6	2	35	12	3	475	3072
6	2	36	7	3	825	4
6	2	36	8	3	12375	64
6	2	36	9	2	-4675	216
6	2	36	9	3	-34375	128
6	2	36	10	2	38335	576
6	2	36	10	3	26125	256
6	2	36	11	1	-1415	192
6	2	36	11	2	-20765	768
6	2	36	11	3	-10875	512
6	2	36	12	1	8645	4608
6	2	36	12	2	41515	6912
6	2	36	12	3	-425	1024
6	2	37	8	3	4125	64
6	2	37	10	2	-935	288
6	2	37	10	3	-5775	256
6	2	37	11	2	3995	576
6	2	37	11	3	1475	256
6	2	37	12	1	-1415	4608
6	2	37	12	2	-1175	576
6	2	37	12	3	625	1024
6	2	38	9	3	1375	96
6	2	38	10	3	-825	128
6	2	38	11	2	-85	288
6	2	38	11	3	675	512
6	2	38	12	2	4505	13824
6	2	38	12	3	-1625	3072
6	2	39	10	3	275	128
6	2	39	11	3	-75	64
6	2	39	12	2	-85	6912
6	2	39	12	3	275	1024
6	2	40	11	3	25	128
6	2	40	12	3	-75	1024
6	2	41	12	3	25	3072
6	3	9	0	0	37791360	1
6	3	9	0	1	56687040	1
6	3	10	0	0	125971200	1
6	3	10	0	1	75582720	1
6	3	11	0	0	176359680	1
6	3	11	0	1	-22044960	1
6	3	11	0	2	-4723920	1
6	3	11	1	0	50388480	1
6	3	11	1	1	94478400	1
6	3	11	2	0	9447840	1
6	3	12	0	0	78382080	1
6	3	12	0	1	-94478400	1
6	3	12	1	0	209952000	1
6	3	12	1	1	94478400	1
6	3	12	2	0	18895680	1
6	3	13	0	0	-134136000	1
6	3	13	0	1	-62460720	1
6	3	13	0	2	12597120	1
6	3	13	1	0	360417600	1
6	3	13	1	1	-80306640	1
6	3	13	1	2	-9447840	1
6	3	13	2	0	46714320	1
6	3	13	2	1	83849580	1
6	3	13	3	0	12597120	1
6	3	14	0	0	-290355840	1
6	3	14	0	1	-15163200	1
6	3	14	0	2	5598720	1
6	3	14	1	0	247043520	1
6	3	14	1	1	-143292240	1
6	3	14	1	2	3149280	1
6	3	14	2	0	194555520	1
6	3	14	2	1	55899720	1
6	3	14	3	0	20995200	1
6	3	15	0	0	-287757360	1
6	3	15	0	1	-3032640	1
6	3	15	0	2	-11897280	1
6	3	15	1	0	-107036640	1
6	3	15	1	1	-41115600	1
6	3	15	1	2	24144480	1
6	3	15	2	0	368203320	1
6	3	15	2	1	-105369660	1
6	3	15	2	2	-8660520	1
6	3	15	3	0	29130840	1
6	3	15	3	1	53144100	1
6	3	15	4	0	6462585	1
6	3	16	0	0	-183841920	1
6	3	16	0	1	3576960	1
6	3	16	0	2	-11197440	1
6	3	16	1	0	-371368800	1
6	3	16	1	1	16271280	1
6	3	16	1	2	3149280	1
6	3	16	2	0	283610160	1
6	3	16	2	1	-106900560	1
6	3	16	2	2	5773680	1
6	3	16	3	0	123784200	1
6	3	16	3	1	17714700	1
6	3	16	4	0	8616780	1
6	3	17	0	0	-82255680	1
6	3	17	0	1	16556400	1
6	3	17	0	2	1710720	1
6	3	17	1	0	-367053120	1
6	3	17	1	1	-4276800	1
6	3	17	1	2	-24844320	1
6	3	17	2	0	-22799880	1
6	3	17	2	1	15658920	1
6	3	17	2	2	20207880	1
6	3	17	3	0	229829400	1
6	3	17	3	1	-81283500	1
6	3	17	3	2	-4811400	1
6	3	17	4	0	12356550	1
6	3	17	4	1	25423875	1
6	3	17	5	0	1268460	1
6	3	18	0	0	-26490240	1
6	3	18	0	1	21179520	1
6	3	18	0	2	6842880	1
6	3	18	1	0	-215910720	1
6	3	18	1	1	-6298560	1
6	3	18	1	2	-14113440	1
6	3	18	2	0	-230091840	1
6	3	18	2	1	38257920	1
6	3	18	2	2	-3849120	1
6	3	18	3	0	167964840	1
6	3	18	3	1	-47895300	1
6	3	18	3	2	4811400	1
6	3	18	4	0	56448900	1
6	3	18	5	0	1268460	1
6	3	19	0	0	-6149920	1
6	3	19	0	1	14730720	1
6	3	19	0	2	3278880	1
6	3	19	1	0	-85180800	1
6	3	19	1	1	17742240	1
6	3	19	1	2	8125920	1
6	3	19	2	0	-217114560	1
6	3	19	2	1	-7834320	1
6	3	19	2	2	-21490920	1
6	3	19	3	0	-1134000	1
6	3	19	3	1	34311600	1
6	3	19	3	2	9622800	1
6	3	19	4	0	93301875	1
6	3	19	4	1	-41115600	1
6	3	19	4	2	-1804275	1
6	3	19	5	0	4242780	1
6	3	19	5	1	9054180	1
6	3	19	6	0	-178605	1
6	3	20	0	0	-3026560	3
6	3	20	0	1	6507200	1
6	3	20	0	2	-337920	1
6	3	20	1	0	-23281280	1
6	3	20	1	1	26724000	1
6	3	20	1	2	10977120	1
6	3	20	2	0	-113094720	1
6	3	20	2	1	-12234240	1
6	3	20	2	2	-5773680	1
6	3	20	3	0	-93067920	1
6	3	20	3	1	26665200	1
6	3	20	3	2	-5346000	1
6	3	20	4	0	58264920	1
6	3	20	4	1	-11056500	1
6	3	20	4	2	2405700	1
6	3	20	5	0	18485820	1
6	3	20	5	1	-3018060	1
6	3	20	6	0	-119070	1
6	3	21	0	0	-111360	1
6	3	21	0	1	1923760	1
6	3	21	0	2	-1077120	1
6	3	21	1	0	-4382720	1
6	3	21	1	1	17235120	1
6	3	21	1	2	2898720	1
6	3	21	2	0	-37848240	1
6	3	21	2	1	10048860	1
6	3	21	2	2	9373320	1
6	3	21	3	0	-77623200	1
6	3	21	3	1	-8818200	1
6	3	21	3	2	-10157400	1
6	3	21	4	0	-2997540	1
6	3	21	4	1	21912525	1
6	3	21	4	2	2806650	1
6	3	21	5	0	25242840	1
6	3	21	5	1	-13872870	1
6	3	21	5	2	-481140	1
6	3	21	6	0	1289925	1
6	3	21	6	1	4720275	2
6	3	21	7	0	-161595	1
6	3	22	0	0	-200960	27
6	3	22	0	1	382400	1
6	3	22	0	2	-581120	1
6	3	22	1	0	-4908160	9
6	3	22	1	1	6538800	1
6	3	22	1	2	-1642080	1
6	3	22	2	0	-25139840	3
6	3	22	2	1	16274280	1
6	3	22	2	2	6937920	1
6	3	22	3	0	-34101600	1
6	3	22	3	1	-7907400	1
6	3	22	3	2	178200	1
6	3	22	4	0	-26735400	1
6	3	22	4	1	8974800	1
6	3	22	4	2	-2940300	1
6	3	22	5	0	12345480	1
6	3	22	5	1	328050	1
6	3	22	5	2	801900	1
6	3	22	6	0	4263840	1
6	3	22	6	1	-1573425	1
6	3	22	7	0	-53865	1
6	3	23	0	0	-6160	27
6	3	23	0	1	1331840	27
6	3	23	0	2	-1580480	9
6	3	23	1	0	-364960	9
6	3	23	1	1	4698320	3
6	3	23	1	2	-1606880	1
6	3	23	2	0	-10762840	9
6	3	23	2	1	9042020	1
6	3	23	2	2	344520	1
6	3	23	3	0	-9211400	1
6	3	23	3	1	4527300	1
6	3	23	3	2	5148000	1
6	3	23	4	0	-18149475	1
6	3	23	4	1	-5392800	1
6	3	23	4	2	-2828925	1
6	3	23	5	0	-2160900	1
6	3	23	5	1	7752510	1
6	3	23	5	2	481140	1
6	3	23	6	0	4561515	1
6	3	23	6	1	-6154785	2
6	3	23	6	2	-93555	1
6	3	23	7	0	308205	1
6	3	23	7	1	890595	2
6	3	23	8	0	-337365	8
6	3	24	0	1	101120	27
6	3	24	0	2	-302080	9
6	3	24	1	0	-12320	9
6	3	24	1	1	2110960	9
6	3	24	1	2	-1879840	3
6	3	24	2	0	-902000	9
6	3	24	2	1	8283440	3
6	3	24	2	2	-1620080	1
6	3	24	3	0	-13888600	9
6	3	24	3	1	6166700	1
6	3	24	3	2	2138400	1
6	3	24	4	0	-6359100	1
6	3	24	4	1	-2511000	1
6	3	24	4	2	1009800	1
6	3	24	5	0	-5441220	1
6	3	24	5	1	1230390	1
6	3	24	5	2	-944460	1
6	3	24	6	0	1564290	1
6	3	24	6	1	1035720	1
6	3	24	6	2	187110	1
6	3	24	7	0	669195	1
6	3	24	7	1	-890595	2
6	3	25	0	1	3440	27
6	3	25	0	2	-12160	3
6	3	25	1	1	181600	9
6	3	25	1	2	-427040	3
6	3	25	2	0	-33880	9
6	3	25	2	1	4455440	9
6	3	25	2	2	-2798840	3
6	3	25	3	0	-4001800	27
6	3	25	3	1	8079500	3
6	3	25	3	2	-521400	1
6	3	25	4	0	-3880250	3
6	3	25	4	1	1693125	1
6	3	25	4	2	1593900	1
6	3	25	5	0	-2808520	1
6	3	25	5	1	-1862910	1
6	3	25	5	2	-439560	1
6	3	25	6	0	-640605	1
6	3	25	6	1	3261825	2
6	3	25	6	2	31185	1
6	3	25	7	0	542115	1
6	3	25	7	1	-847665	2
6	3	25	7	2	-13365	1
6	3	25	8	0	98955	2
6	3	25	8	1	479925	8
6	3	25	9	0	-24435	4
6	3	26	0	2	-2560	9
6	3	26	1	1	6880	9
6	3	26	1	2	-19680	1
6	3	26	2	1	442640	9
6	3	26	2	2	-790240	3
6	3	26	3	0	-169400	27
6	3	26	3	1	16380100	27
6	3	26	3	2	-6536200	9
6	3	26	4	0	-436700	3
6	3	26	4	1	1526800	1
6	3	26	4	2	270600	1
6	3	26	5	0	-2194280	3
6	3	26	5	1	-347190	1
6	3	26	5	2	415800	1
6	3	26	6	0	-759220	1
6	3	26	6	1	-122115	1
6	3	26	6	2	-194040	1
6	3	26	7	0	102585	1
6	3	26	7	1	643185	2
6	3	26	7	2	31185	1
6	3	26	8	0	67950	1
6	3	26	8	1	-159975	2
6	3	26	9	0	8145	4
6	3	27	0	2	-80	9
6	3	27	1	2	-4640	3
6	3	27	2	1	18920	9
6	3	27	2	2	-42680	1
6	3	27	3	1	1929400	27
6	3	27	3	2	-2486000	9
6	3	27	4	0	-21175	3
6	3	27	4	1	1416800	3
6	3	27	4	2	-285725	1
6	3	27	5	0	-298540	3
6	3	27	5	1	449350	1
6	3	27	5	2	286440	1
6	3	27	6	0	-838145	3
6	3	27	6	1	-727125	2
6	3	27	6	2	-20790	1
6	3	27	7	0	-103455	1
6	3	27	7	1	383355	2
6	3	27	7	2	-5940	1
6	3	27	8	0	164925	4
6	3	27	8	1	-232875	8
6	3	27	8	2	-22275	16
6	3	27	9	0	18675	4
6	3	27	9	1	5625	1
6	3	27	10	0	-8415	16
6	3	28	1	2	-160	3
6	3	28	2	2	-11440	3
6	3	28	3	1	94600	27
6	3	28	3	2	-162800	3
6	3	28	4	1	205700	3
6	3	28	4	2	-177100	1
6	3	28	5	0	-16940	3
6	3	28	5	1	714010	3
6	3	28	5	2	-23320	1
6	3	28	6	0	-433510	9
6	3	28	6	1	13090	1
6	3	28	6	2	87780	1
6	3	28	7	0	-207955	3
6	3	28	7	1	-143235	2
6	3	28	7	2	-25740	1
6	3	28	8	0	550	1
6	3	28	8	1	203175	4
6	3	28	8	2	7425	2
6	3	28	9	0	16675	4
6	3	28	9	1	-9375	1
6	3	28	10	0	2805	8
6	3	29	2	2	-440	3
6	3	29	3	2	-50600	9
6	3	29	4	1	11825	3
6	3	29	4	2	-44550	1
6	3	29	5	1	136180	3
6	3	29	5	2	-68420	1
6	3	29	6	0	-29645	9
6	3	29	6	1	664510	9
6	3	29	6	2	79310	3
6	3	29	7	0	-49225	3
6	3	29	7	1	-72215	2
6	3	29	7	2	5610	1
6	3	29	8	0	-118525	12
6	3	29	8	1	132225	16
6	3	29	8	2	-7425	4
6	3	29	9	0	11825	6
6	3	29	9	1	8275	16
6	3	29	9	2	-825	8
6	3	29	10	0	1585	8
6	3	29	10	1	22335	64
6	3	29	11	0	-405	16
6	3	30	3	2	-2200	9
6	3	30	4	2	-5500	1
6	3	30	5	1	9460	3
6	3	30	5	2	-24420	1
6	3	30	6	1	188650	9
6	3	30	6	2	-40040	3
6	3	30	7	0	-4235	3
6	3	30	7	1	65285	6
6	3	30	7	2	10670	1
6	3	30	8	0	-22825	6
6	3	30	8	1	-42625	4
6	3	30	8	2	-4125	2
6	3	30	9	0	-1375	3
6	3	30	9	1	69875	16
6	3	30	9	2	2475	8
6	3	30	10	0	605	4
6	3	30	10	1	-22335	32
6	3	30	11	0	405	16
6	3	31	4	2	-275	1
6	3	31	5	2	-3740	1
6	3	31	6	1	16555	9
6	3	31	6	2	-8855	1
6	3	31	7	1	19855	3
6	3	31	7	2	220	1
6	3	31	8	0	-21175	48
6	3	31	8	1	-5225	6
6	3	31	8	2	10175	8
6	3	31	9	0	-119075	216
6	3	31	9	1	-10725	16
6	3	31	9	2	-1925	8
6	3	31	10	0	17105	288
6	3	31	10	1	17385	64
6	3	31	10	2	-165	32
6	3	31	11	0	-155	96
6	3	31	11	1	825	64
6	3	31	12	0	-135	256
6	3	32	5	2	-220	1
6	3	32	6	2	-5390	3
6	3	32	7	1	2365	3
6	3	32	7	2	-1980	1
6	3	32	8	1	7975	6
6	3	32	8	2	1375	2
6	3	32	9	0	-21175	216
6	3	32	9	1	-280775	432
6	3	32	9	2	-5225	72
6	3	32	10	0	-5555	144
6	3	32	10	1	7975	48
6	3	32	10	2	275	16
6	3	32	11	0	1445	288
6	3	32	11	1	-1925	64
6	3	32	12	0	45	64
6	3	33	6	2	-385	3
6	3	33	7	2	-605	1
6	3	33	8	1	11825	48
6	3	33	8	2	-825	4
6	3	33	9	1	28325	216
6	3	33	9	2	8525	72
6	3	33	10	0	-4235	288
6	3	33	10	1	-13255	144
6	3	33	10	2	-1705	96
6	3	33	11	0	145	288
6	3	33	11	1	3895	192
6	3	33	11	2	-5	32
6	3	33	12	0	-355	1152
6	3	33	12	1	55	256
6	3	34	7	2	-55	1
6	3	34	8	2	-275	2
6	3	34	9	1	11825	216
6	3	34	9	2	275	24
6	3	34	10	1	-715	144
6	3	34	10	2	55	24
6	3	34	11	0	-385	288
6	3	34	11	1	-665	576
6	3	34	11	2	55	96
6	3	34	12	0	325	1728
6	3	34	12	1	-55	96
6	3	35	8	2	-275	16
6	3	35	9	2	-1375	72
6	3	35	10	1	2365	288
6	3	35	10	2	165	32
6	3	35	11	1	-775	288
6	3	35	11	2	-35	48
6	3	35	12	0	-385	6912
6	3	35	12	1	115	216
6	3	35	12	2	-5	2304
6	3	36	9	2	-275	72
6	3	36	10	2	-55	48
6	3	36	11	1	215	288
6	3	36	11	2	5	16
6	3	36	12	1	-355	1728
6	3	36	12	2	5	576
6	3	37	10	2	-55	96
6	3	37	11	2	5	96
6	3	37	12	1	215	6912
6	3	37	12	2	-5	384
6	3	38	11	2	-5	96
6	3	38	12	2	5	576
6	3	39	12	2	-5	2304
6	4	12	0	0	14696640	1
6	4	12	1	0	-22044960	1
6	4	13	0	0	53887680	1
6	4	13	1	0	-73483200	1
6	4	14	0	0	89812800	1
6	4	14	1	0	-80831520	1
6	4	14	2	0	-40415760	1
6	4	15	0	0	89812800	1
6	4	15	2	0	-121247280	1
6	4	16	0	0	59875200	1
6	4	16	1	0	89812800	1
6	4	16	2	0	-134719200	1
6	4	16	3	0	-33679800	1
6	4	17	0	0	27941760	1
6	4	17	1	0	107775360	1
6	4	17	2	0	-44906400	1
6	4	17	3	0	-89812800	1
6	4	18	0	0	9313920	1
6	4	18	1	0	69854400	1
6	4	18	2	0	44906400	1
6	4	18	3	0	-89812800	1
6	4	18	4	0	-16839900	1
6	4	19	0	0	2217600	1
6	4	19	1	0	29272320	1
6	4	19	2	0	62868960	1
6	4	19	3	0	-29937600	1
6	4	19	4	0	-39293100	1
6	4	20	0	0	369600	1
6	4	20	1	0	8316000	1
6	4	20	2	0	37255680	1
6	4	20	3	0	17463600	1
6	4	20	4	0	-33679800	1
6	4	20	5	0	-5613300	1
6	4	21	0	0	123200	3
6	4	21	1	0	1601600	1
6	4	21	2	0	13305600	1
6	4	21	3	0	23284800	1
6	4	21	4	0	-8731800	1
6	4	21	5	0	-11226600	1
6	4	22	0	0	24640	9
6	4	22	1	0	603680	3
6	4	22	2	0	3049200	1
6	4	22	3	0	11642400	1
6	4	22	4	0	5821200	1
6	4	22	5	0	-7858620	1
6	4	22	6	0	-1309770	1
6	4	23	0	0	2240	27
6	4	23	1	0	44800	3
6	4	23	2	0	1324400	3
6	4	23	3	0	3326400	1
6	4	23	4	0	5821200	1
6	4	23	5	0	-1164240	1
6	4	23	6	0	-2182950	1
6	4	24	1	0	4480	9
6	4	24	2	0	36960	1
6	4	24	3	0	569800	1
6	4	24	4	0	2263800	1
6	4	24	5	0	1455300	1
6	4	24	6	0	-1164240	1
6	4	24	7	0	-218295	1
6	4	25	2	0	12320	9
6	4	25	3	0	492800	9
6	4	25	4	0	477400	1
6	4	25	5	0	970200	1
6	4	25	7	0	-291060	1
6	4	26	3	0	61600	27
6	4	26	4	0	53900	1
6	4	26	5	0	269500	1
6	4	26	6	0	242550	1
6	4	26	7	0	-103950	1
6	4	26	8	0	-51975	2
6	4	27	4	0	7700	3
6	4	27	5	0	36960	1
6	4	27	6	0	102410	1
6	4	27	7	0	23100	1
6	4	27	8	0	-51975	2
6	4	28	5	0	6160	3
6	4	28	6	0	53900	3
6	4	28	7	0	25025	1
6	4	28	8	0	-17325	4
6	4	28	9	0	-17325	8
6	4	29	6	0	10780	9
6	4	29	7	0	6160	1
6	4	29	8	0	13475	4
6	4	29	9	0	-5775	4
6	4	30	7	0	1540	3
6	4	30	8	0	5775	4
6	4	30	9	0	1925	24
6	4	30	10	0	-1925	16
6	4	31	8	0	1925	12
6	4	31	9	0	1925	9
6	4	31	10	0	-1925	48
6	4	32	9	0	1925	54
6	4	32	10	0	385	24
6	4	32	11	0	-385	96
6	4	33	10	0	385	72
6	4	34	11	0	35	72
6	4	34	12	0	-35	576
6	4	35	12	0	35	1728
7	0	6	0	0	467668080	1
7	0	7	0	0	1275458400	1
7	0	8	0	0	1218771360	1
7	0	8	0	1	21257640	1
7	0	8	1	0	992023200	1
7	0	9	0	0	1299078000	1
7	0	9	0	1	35429400	1
7	0	9	1	0	2158831440	1
7	0	10	0	0	2725701840	1
7	0	10	0	1	-40940640	1
7	0	10	1	0	1999792800	1
7	0	10	1	1	28343520	1
7	0	10	2	0	797161500	1
7	0	11	0	0	3483453600	1
7	0	11	0	1	-41990400	1
7	0	11	0	2	28343520	1
7	0	11	1	0	2715204240	1
7	0	11	1	1	-37791360	1
7	0	11	2	0	1379778300	1
7	0	12	0	0	1562917680	1
7	0	12	0	1	23007240	1
7	0	12	0	2	2361960	1
7	0	12	1	0	4878322200	1
7	0	12	1	1	-88442280	1
7	0	12	1	2	-3542940	1
7	0	12	2	0	1336738140	1
7	0	12	2	1	15943230	1
7	0	12	3	0	340122240	1
7	0	13	0	0	-1651486320	1
7	0	13	0	1	-35604360	1
7	0	13	0	2	-76370040	1
7	0	13	1	0	4813791120	1
7	0	13	1	1	191756160	1
7	0	13	1	2	59049000	1
7	0	13	2	0	2267219160	1
7	0	13	2	1	-139158810	1
7	0	13	3	0	444835800	1
7	0	14	0	0	-3474537120	1
7	0	14	0	1	-75398040	1
7	0	14	0	2	-39628440	1
7	0	14	1	0	811785240	1
7	0	14	1	1	201160260	1
7	0	14	1	2	-5904900	1
7	0	14	2	0	3507845940	1
7	0	14	2	1	-40503240	1
7	0	14	2	2	-6495390	1
7	0	14	3	0	539489160	1
7	0	14	3	1	4231845	1
7	0	14	4	0	86802030	1
7	0	15	0	0	-3154673520	1
7	0	15	0	1	27556200	1
7	0	15	0	2	70596360	1
7	0	15	1	0	-3923808480	1
7	0	15	1	1	-251388360	1
7	0	15	1	2	-149590800	1
7	0	15	2	0	2641881420	1
7	0	15	2	1	422134740	1
7	0	15	2	2	58458510	1
7	0	15	3	0	1052413560	1
7	0	15	3	1	-139749300	1
7	0	15	4	0	76829310	1
7	0	16	0	0	-1853780040	1
7	0	16	0	1	101483280	1
7	0	16	0	2	73395720	1
7	0	16	1	0	-5693187060	1
7	0	16	1	1	-328803300	1
7	0	16	1	2	-38709900	1
7	0	16	2	0	-572639220	1
7	0	16	2	1	196224930	1
7	0	16	2	2	-17321040	1
7	0	16	3	0	1356183000	1
7	0	16	3	1	32520690	1
7	0	16	3	2	-5412825	1
7	0	16	4	0	324867915	2
7	0	16	4	1	-98415	2
7	0	16	5	0	55079595	4
7	0	17	0	0	-769054680	1
7	0	17	0	1	54604800	1
7	0	17	0	2	-6735960	1
7	0	17	1	0	-4382694360	1
7	0	17	1	1	44245440	1
7	0	17	1	2	148803480	1
7	0	17	2	0	-3516334740	1
7	0	17	2	1	-431964090	1
7	0	17	2	2	-132794640	1
7	0	17	3	0	729443880	1
7	0	17	3	1	357302340	1
7	0	17	3	2	36085500	1
7	0	17	4	0	599365575	2
7	0	17	4	1	-155462895	2
7	0	17	5	0	14467005	2
7	0	18	0	0	-230976600	1
7	0	18	0	1	-13021200	1
7	0	18	0	2	-43088760	1
7	0	18	1	0	-2227750140	1
7	0	18	1	1	224848440	1
7	0	18	1	2	100237500	1
7	0	18	2	0	-4017050550	1
7	0	18	2	1	-355173660	1
7	0	18	2	2	721710	1
7	0	18	3	0	-680772600	1
7	0	18	3	1	44523675	1
7	0	18	3	2	-18042750	1
7	0	18	4	0	617894325	2
7	0	18	4	1	47782305	1
7	0	18	4	2	-5412825	2
7	0	18	5	0	161688555	4
7	0	18	5	1	-492075	1
7	0	18	6	0	10639755	8
7	0	19	0	0	-50133640	1
7	0	19	0	1	-30660400	1
7	0	19	0	2	-22417560	1
7	0	19	1	0	-790369600	1
7	0	19	1	1	104446800	1
7	0	19	1	2	-42768000	1
7	0	19	2	0	-2647670850	1
7	0	19	2	1	104135220	1
7	0	19	2	2	133997490	1
7	0	19	3	0	-1719371880	1
7	0	19	3	1	-343566360	1
7	0	19	3	2	-69765300	1
7	0	19	4	0	197781345	2
7	0	19	4	1	168623775	1
7	0	19	4	2	30672675	2
7	0	19	5	0	51863490	1
7	0	19	5	1	-27971730	1
7	0	19	6	0	8037225	8
7	0	20	0	0	-69156200	9
7	0	20	0	1	-54468520	3
7	0	20	0	2	1302840	1
7	0	20	1	0	-593197180	3
7	0	20	1	1	-21144720	1
7	0	20	1	2	-70834500	1
7	0	20	2	0	-1149323440	1
7	0	20	2	1	216648450	1
7	0	20	2	2	50733540	1
7	0	20	3	0	-1631574405	1
7	0	20	3	1	-166957200	1
7	0	20	3	2	19847025	1
7	0	20	4	0	-297973080	1
7	0	20	4	1	-63331875	2
7	0	20	4	2	-10825650	1
7	0	20	5	0	42040215	1
7	0	20	5	1	26960850	1
7	0	20	5	2	-1804275	2
7	0	20	6	0	8139285	1
7	0	20	6	1	-841995	4
7	0	20	7	0	1089855	16
7	0	21	0	0	-7108360	9
7	0	21	0	1	-54841960	9
7	0	21	0	2	6873240	1
7	0	21	1	0	-308708120	9
7	0	21	1	1	-123837280	3
7	0	21	1	2	-21839400	1
7	0	21	2	0	-1018893620	3
7	0	21	2	1	70444530	1
7	0	21	2	2	-53513460	1
7	0	21	3	0	-915480300	1
7	0	21	3	1	106463880	1
7	0	21	3	2	67894200	1
7	0	21	4	0	-532304010	1
7	0	21	4	1	-307655955	2
7	0	21	4	2	-23656050	1
7	0	21	5	0	3143880	1
7	0	21	5	1	48935340	1
7	0	21	5	2	4691115	1
7	0	21	6	0	8672265	2
7	0	21	6	1	-27683775	4
7	0	21	7	0	402165	1
7	0	22	0	0	-3959080	81
7	0	22	0	1	-11600440	9
7	0	22	0	2	3888440	1
7	0	22	1	0	-106211540	27
7	0	22	1	1	-178650700	9
7	0	22	1	2	9282900	1
7	0	22	2	0	-67895190	1
7	0	22	2	1	-22614800	1
7	0	22	2	2	-46964610	1
7	0	22	3	0	-330957050	1
7	0	22	3	1	110180955	1
7	0	22	3	2	7484400	1
7	0	22	4	0	-852441225	2
7	0	22	4	1	-32728545	1
7	0	22	4	2	28534275	2
7	0	22	5	0	-77615685	1
7	0	22	5	1	-52473825	2
7	0	22	5	2	-8540235	2
7	0	22	6	0	3459645	1
7	0	22	6	1	18112815	2
7	0	22	6	2	-841995	4
7	0	22	7	0	2408535	2
7	0	22	7	1	-411885	8
7	0	22	8	0	8505	32
7	0	23	0	0	-334520	243
7	0	23	0	1	-13872440	81
7	0	23	0	2	3630920	3
7	0	23	1	0	-7249120	27
7	0	23	1	1	-5215560	1
7	0	23	1	2	10417200	1
7	0	23	2	0	-237819230	27
7	0	23	2	1	-226896820	9
7	0	23	2	2	-4972110	1
7	0	23	3	0	-703143100	9
7	0	23	3	1	19455900	1
7	0	23	3	2	-31422600	1
7	0	23	4	0	-398253025	2
7	0	23	4	1	54104535	1
7	0	23	4	2	42166575	2
7	0	23	5	0	-112429830	1
7	0	23	5	1	-41451705	1
7	0	23	5	2	-5239080	1
7	0	23	6	0	-782775	1
7	0	23	6	1	8723295	1
7	0	23	6	2	4209975	4
7	0	23	7	0	-218025	1
7	0	23	7	1	-1205280	1
7	0	23	8	0	3375675	32
7	0	24	0	1	-1064840	81
7	0	24	0	2	710920	3
7	0	24	1	0	-669040	81
7	0	24	1	1	-21933580	27
7	0	24	1	2	4251100	1
7	0	24	2	0	-2010580	3
7	0	24	2	1	-9017250	1
7	0	24	2	2	9816840	1
7	0	24	3	0	-315127175	27
7	0	24	3	1	-40724450	3
7	0	24	3	2	-15812775	1
7	0	24	4	0	-172447000	3
7	0	24	4	1	62531525	2
7	0	24	4	2	-3623400	1
7	0	24	5	0	-149875355	2
7	0	24	5	1	4078305	2
7	0	24	5	2	5386095	1
7	0	24	6	0	-13869555	1
7	0	24	6	1	-8969625	1
7	0	24	6	2	-2338875	2
7	0	24	7	0	583875	2
7	0	24	7	1	2002860	1
7	0	24	7	2	-280665	8
7	0	24	8	0	3581145	32
7	0	24	8	1	-266085	32
7	0	24	9	0	-15255	64
7	0	25	0	1	-36200	81
7	0	25	0	2	29240	1
7	0	25	1	1	-1912480	27
7	0	25	1	2	996200	1
7	0	25	2	0	-1839860	81
7	0	25	2	1	-46128170	27
7	0	25	2	2	6178040	1
7	0	25	3	0	-81276800	81
7	0	25	3	1	-76376300	9
7	0	25	3	2	2236300	1
7	0	25	4	0	-91158100	9
7	0	25	4	1	3154775	6
7	0	25	4	2	-10474200	1
7	0	25	5	0	-27937525	1
7	0	25	5	1	15441810	1
7	0	25	5	2	3982770	1
7	0	25	6	0	-33485445	2
7	0	25	6	1	-13200495	2
7	0	25	6	2	-1403325	2
7	0	25	7	0	-98235	1
7	0	25	7	1	819900	1
7	0	25	7	2	173745	1
7	0	25	8	0	-3410505	32
7	0	25	8	1	-4728375	32
7	0	25	9	0	509895	32
7	0	26	0	2	6280	3
7	0	26	1	1	-72400	27
7	0	26	1	2	141300	1
7	0	26	2	1	-4662020	27
7	0	26	2	2	1821490	1
7	0	26	3	0	-9199300	243
7	0	26	3	1	-168654475	81
7	0	26	3	2	13814350	3
7	0	26	4	0	-18019375	18
7	0	26	4	1	-4438500	1
7	0	26	4	2	-5091075	2
7	0	26	5	0	-108149195	18
7	0	26	5	1	28245785	6
7	0	26	5	2	-2186415	1
7	0	26	6	0	-106745485	12
7	0	26	6	1	2455040	1
7	0	26	6	2	2546775	2
7	0	26	7	0	-1821115	1
7	0	26	7	1	-3543345	2
7	0	26	7	2	-227205	1
7	0	26	8	0	1825875	32
7	0	26	8	1	2403495	8
7	0	26	8	2	-66825	16
7	0	26	9	0	239355	64
7	0	26	9	1	-14445	16
7	0	26	10	0	-2925	128
7	0	27	0	2	200	3
7	0	27	1	2	11360	1
7	0	27	2	1	-199100	27
7	0	27	2	2	304590	1
7	0	27	3	1	-20323600	81
7	0	27	3	2	5630900	3
7	0	27	4	0	-2299825	54
7	0	27	4	1	-14453450	9
7	0	27	4	2	3241425	2
7	0	27	5	0	-2095940	3
7	0	27	5	1	-966735	1
7	0	27	5	2	-2073060	1
7	0	27	6	0	-88625845	36
7	0	27	6	1	15251425	6
7	0	27	6	2	765765	2
7	0	27	7	0	-5251070	3
7	0	27	7	1	-508675	1
7	0	27	7	2	-34155	1
7	0	27	8	0	-340675	32
7	0	27	8	1	-7515	4
7	0	27	8	2	334125	16
7	0	27	9	0	-101475	8
7	0	27	9	1	-99855	8
7	0	27	10	0	183345	128
7	0	28	1	2	400	1
7	0	28	2	2	27940	1
7	0	28	3	1	-995500	81
7	0	28	3	2	384175	1
7	0	28	4	1	-4334275	18
7	0	28	4	2	1169850	1
7	0	28	5	0	-919930	27
7	0	28	5	1	-14312045	18
7	0	28	5	2	-26895	2
7	0	28	6	0	-18787615	54
7	0	28	6	1	2892505	12
7	0	28	6	2	-542850	1
7	0	28	7	0	-49300405	72
7	0	28	7	1	1641260	3
7	0	28	7	2	781605	4
7	0	28	8	0	-5684525	32
7	0	28	8	1	-6766725	32
7	0	28	8	2	-1002375	32
7	0	28	9	0	591475	64
7	0	28	9	1	972185	32
7	0	28	9	2	-22275	64
7	0	28	10	0	-805	2
7	0	28	10	1	-8145	128
7	0	28	11	0	-315	256
7	0	29	2	2	1100	1
7	0	29	3	2	123200	3
7	0	29	4	1	-248875	18
7	0	29	4	2	311850	1
7	0	29	5	1	-1435060	9
7	0	29	5	2	427515	1
7	0	29	6	0	-3219755	162
7	0	29	6	1	-25516645	108
7	0	29	6	2	-227150	1
7	0	29	7	0	-1111990	9
7	0	29	7	1	221925	1
7	0	29	7	2	-6435	1
7	0	29	8	0	-35194225	288
7	0	29	8	1	915175	96
7	0	29	8	2	195525	32
7	0	29	9	0	-732875	288
7	0	29	9	1	-31700	3
7	0	29	9	2	56925	32
7	0	29	10	0	-124445	192
7	0	29	10	1	-88365	128
7	0	29	11	0	4615	64
7	0	30	3	2	5500	3
7	0	30	4	2	80025	2
7	0	30	5	1	-99550	9
7	0	30	5	2	336105	2
7	0	30	6	1	-3977435	54
7	0	30	6	2	279125	4
7	0	30	7	0	-459965	54
7	0	30	7	1	-2060795	72
7	0	30	7	2	-150645	2
7	0	30	8	0	-2940025	96
7	0	30	8	1	1888425	32
7	0	30	8	2	601425	32
7	0	30	9	0	-6961075	576
7	0	30	9	1	-8153675	576
7	0	30	9	2	-192225	64
7	0	30	10	0	900625	1152
7	0	30	10	1	95395	48
7	0	30	10	2	-2475	128
7	0	30	11	0	-19085	384
7	0	30	11	1	-675	256
7	0	30	12	0	-15	512
7	0	31	4	2	4125	2
7	0	31	5	2	27060	1
7	0	31	6	1	-348425	54
7	0	31	6	2	236775	4
7	0	31	7	1	-209440	9
7	0	31	7	2	-8085	1
7	0	31	8	0	-2299825	864
7	0	31	8	1	1721225	288
7	0	31	8	2	-213675	32
7	0	31	9	0	-3260125	648
7	0	31	9	1	1574375	288
7	0	31	9	2	22825	16
7	0	31	10	0	-1212035	3456
7	0	31	10	1	-740585	576
7	0	31	10	2	13035	128
7	0	31	11	0	-205	64
7	0	31	11	1	-1435	64
7	0	31	12	0	805	512
7	0	32	5	2	1650	1
7	0	32	6	2	25795	2
7	0	32	7	1	-49775	18
7	0	32	7	2	99495	8
7	0	32	8	1	-1347775	288
7	0	32	8	2	-182325	32
7	0	32	9	0	-2299825	3888
7	0	32	9	1	15114275	5184
7	0	32	9	2	184525	192
7	0	32	10	0	-844085	1728
7	0	32	10	1	-45045	128
7	0	32	10	2	-6105	32
7	0	32	11	0	196565	6912
7	0	32	11	1	87575	1152
7	0	32	11	2	-165	256
7	0	32	12	0	-3815	2304
7	0	32	12	1	-25	512
7	0	33	6	2	1925	2
7	0	33	7	2	4290	1
7	0	33	8	1	-248875	288
7	0	33	8	2	32175	32
7	0	33	9	1	-300575	648
7	0	33	9	2	-77825	96
7	0	33	10	0	-459965	5184
7	0	33	10	1	1438415	3456
7	0	33	10	2	4345	32
7	0	33	11	0	-485	24
7	0	33	11	1	-4485	64
7	0	33	11	2	225	64
7	0	33	12	0	4655	6912
7	0	33	12	1	-165	512
7	0	34	7	2	825	2
7	0	34	8	2	30525	32
7	0	34	9	1	-248875	1296
7	0	34	9	2	-10175	64
7	0	34	10	1	29095	1728
7	0	34	10	2	605	128
7	0	34	11	0	-41815	5184
7	0	34	11	1	85355	6912
7	0	34	11	2	-925	128
7	0	34	12	0	6895	41472
7	0	34	12	1	2975	2304
7	0	34	12	2	-5	512
7	0	35	8	2	4125	32
7	0	35	9	2	3025	24
7	0	35	10	1	-49775	1728
7	0	35	10	2	-5445	128
7	0	35	11	1	4055	432
7	0	35	11	2	425	64
7	0	35	12	0	-41815	124416
7	0	35	12	1	-31715	20736
7	0	35	12	2	85	1536
7	0	36	9	2	1375	48
7	0	36	10	2	385	64
7	0	36	11	1	-4525	1728
7	0	36	11	2	-525	256
7	0	36	12	1	29795	41472
7	0	36	12	2	-95	768
7	0	37	10	2	275	64
7	0	37	11	2	-5	8
7	0	37	12	1	-4525	41472
7	0	37	12	2	35	256
7	0	38	11	2	25	64
7	0	38	12	2	-115	1536
7	0	39	12	2	25	1536
7	1	5	0	0	31886460	1
7	1	6	0	0	212576400	1
7	1	7	0	0	407438100	1
7	1	7	0	1	281663730	1
7	1	7	1	0	127545840	1
7	1	8	0	0	547974720	1
7	1	8	0	1	634186260	1
7	1	8	1	0	439324560	1
7	1	9	0	0	1403397900	1
7	1	9	0	1	157660830	1
7	1	9	0	2	17714700	1
7	1	9	1	0	701502120	1
7	1	9	1	1	593442450	1
7	1	9	2	0	155889360	1
7	1	10	0	0	3106502280	1
7	1	10	0	1	-947933280	1
7	1	10	0	2	9447840	1
7	1	10	1	0	1090438200	1
7	1	10	1	1	994975650	1
7	1	10	2	0	431057700	1
7	1	11	0	0	3804811380	1
7	1	11	0	1	-1022728680	1
7	1	11	0	2	-71252460	1
7	1	11	0	3	-885735	1
7	1	11	1	0	2587395960	1
7	1	11	1	1	-88770330	1
7	1	11	1	2	29524500	1
7	1	11	2	0	628478190	1
7	1	11	2	1	553879620	1
7	1	11	3	0	101859525	1
7	1	12	0	0	1756948320	1
7	1	12	0	1	196130160	1
7	1	12	0	2	-60623640	1
7	1	12	0	3	1771470	1
7	1	12	1	0	5110056720	1
7	1	12	1	1	-1722984210	1
7	1	12	1	2	30705480	1
7	1	12	2	0	983100240	1
7	1	12	2	1	628871850	1
7	1	12	3	0	250859835	1
7	1	13	0	0	-1888314120	1
7	1	13	0	1	876301740	1
7	1	13	0	2	104713560	1
7	1	13	0	3	1476225	1
7	1	13	1	0	5897595420	1
7	1	13	1	1	-1391763060	1
7	1	13	1	2	-151559100	1
7	1	13	1	3	-1771470	1
7	1	13	2	0	1970847855	1
7	1	13	2	1	-275365170	1
7	1	13	2	2	27162540	1
7	1	13	3	0	347470560	1
7	1	13	3	1	301543560	1
7	1	13	4	0	156184605	4
7	1	14	0	0	-4223430720	1
7	1	14	0	1	239860440	1
7	1	14	0	2	129499560	1
7	1	14	0	3	-3674160	1
7	1	14	1	0	2339045100	1
7	1	14	1	1	710687520	1
7	1	14	1	2	-114161400	1
7	1	14	1	3	4133430	1
7	1	14	2	0	3742219440	1
7	1	14	2	1	-1280750940	1
7	1	14	2	2	35232570	1
7	1	14	3	0	492075000	1
7	1	14	3	1	190301805	1
7	1	14	4	0	91558755	1
7	1	15	0	0	-4021461000	1
7	1	15	0	1	-480871080	1
7	1	15	0	2	-45402120	1
7	1	15	0	3	-1968300	1
7	1	15	1	0	-3363346800	1
7	1	15	1	1	1433437560	1
7	1	15	1	2	242538300	1
7	1	15	1	3	1574640	1
7	1	15	2	0	4351315950	1
7	1	15	2	1	-856636965	1
7	1	15	2	2	-167830380	1
7	1	15	2	3	-3247695	2
7	1	15	3	0	820354635	1
7	1	15	3	1	-152073045	1
7	1	15	3	2	18206775	1
7	1	15	4	0	492085935	4
7	1	15	4	1	850075965	8
7	1	15	5	0	17353845	2
7	1	16	0	0	-2454656040	1
7	1	16	0	1	-410971320	1
7	1	16	0	2	-122870520	1
7	1	16	0	3	3411720	1
7	1	16	1	0	-6402878820	1
7	1	16	1	1	96929460	1
7	1	16	1	2	217825200	1
7	1	16	1	3	-7873200	1
7	1	16	2	0	1540924560	1
7	1	16	2	1	729225990	1
7	1	16	2	2	-80350380	1
7	1	16	2	3	4330260	1
7	1	16	3	0	1710337275	1
7	1	16	3	1	-538610715	1
7	1	16	3	2	18370800	1
7	1	16	4	0	281929815	2
7	1	16	4	1	70935345	4
7	1	16	5	0	89612325	4
7	1	17	0	0	-1049494740	1
7	1	17	0	1	10093140	1
7	1	17	0	2	-32769360	1
7	1	17	0	3	2289060	1
7	1	17	1	0	-5453260200	1
7	1	17	1	1	-897111450	1
7	1	17	1	2	-147165660	1
7	1	17	1	3	-1312200	1
7	1	17	2	0	-2657810610	1
7	1	17	2	1	1022351220	1
7	1	17	2	2	268804170	1
7	1	17	3	0	2094779070	1
7	1	17	3	1	-366738030	1
7	1	17	3	2	-116640000	1
7	1	17	3	3	-1804275	2
7	1	17	4	0	834589575	4
7	1	17	4	1	-148005225	8
7	1	17	4	2	36577575	4
7	1	17	5	0	55465965	2
7	1	17	5	1	101706435	4
7	1	17	6	0	7577955	8
7	1	18	0	0	-323071600	1
7	1	18	0	1	208959600	1
7	1	18	0	2	43541640	1
7	1	18	0	3	-1458000	1
7	1	18	1	0	-2937498540	1
7	1	18	1	1	-518029290	1
7	1	18	1	2	-211653000	1
7	1	18	1	3	7260840	1
7	1	18	2	0	-4400058510	1
7	1	18	2	1	-140360040	1
7	1	18	2	2	143547390	1
7	1	18	2	3	-7217100	1
7	1	18	3	0	648332370	1
7	1	18	3	1	397932345	1
7	1	18	3	2	-14179050	1
7	1	18	3	3	5412825	2
7	1	18	4	0	1160973405	2
7	1	18	4	1	-322962795	2
7	1	18	4	2	6725025	2
7	1	18	5	0	77615415	4
7	1	18	5	1	-25139565	4
7	1	18	6	0	32786775	8
7	1	19	0	0	-71656540	1
7	1	19	0	1	163667920	1
7	1	19	0	2	35502240	1
7	1	19	0	3	-1630530	1
7	1	19	1	0	-1083202160	1
7	1	19	1	1	156630150	1
7	1	19	1	2	-8091900	1
7	1	19	1	3	2157840	1
7	1	19	2	0	-3297028860	1
7	1	19	2	1	-703350135	1
7	1	19	2	2	-184981320	1
7	1	19	2	3	1202850	1
7	1	19	3	0	-1284140925	1
7	1	19	3	1	442902735	1
7	1	19	3	2	174273525	1
7	1	19	3	3	-1804275	2
7	1	19	4	0	2910451365	4
7	1	19	4	1	-1078359075	8
7	1	19	4	2	-211865625	4
7	1	19	4	3	-5412825	16
7	1	19	5	0	37066815	1
7	1	19	5	1	52513515	4
7	1	19	5	2	6725025	2
7	1	19	6	0	26595135	8
7	1	19	6	1	16865415	4
7	1	19	7	0	-120285	8
7	1	20	0	0	-100936760	9
7	1	20	0	1	211100560	3
7	1	20	0	2	5082040	1
7	1	20	0	3	-9900	1
7	1	20	1	0	-278990900	1
7	1	20	1	1	339858950	1
7	1	20	1	2	88602000	1
7	1	20	1	3	-3635280	1
7	1	20	2	0	-1529134020	1
7	1	20	2	1	-248469930	1
7	1	20	2	2	-149746320	1
7	1	20	2	3	6254820	1
7	1	20	3	0	-1813954680	1
7	1	20	3	1	-155957265	1
7	1	20	3	2	33404400	1
7	1	20	3	3	-7417575	2
7	1	20	4	0	169968780	1
7	1	20	4	1	612247815	4
7	1	20	4	2	13753800	1
7	1	20	4	3	9021375	8
7	1	20	5	0	158795100	1
7	1	20	5	1	-178665345	4
7	1	20	5	2	-1170045	1
7	1	20	6	0	-1488375	2
7	1	20	6	1	-9857295	4
7	1	20	7	0	10141605	16
7	1	21	0	0	-10609900	9
7	1	21	0	1	58618340	3
7	1	21	0	2	-6260760	1
7	1	21	0	3	539550	1
7	1	21	1	0	-49635580	1
7	1	21	1	1	204674000	1
7	1	21	1	2	44179500	1
7	1	21	1	3	-2049300	1
7	1	21	2	0	-471063315	1
7	1	21	2	1	199486350	1
7	1	21	2	2	36063630	1
7	1	21	2	3	-106920	1
7	1	21	3	0	-1161478200	1
7	1	21	3	1	-312664680	1
7	1	21	3	2	-122332950	1
7	1	21	3	3	3809025	2
7	1	21	4	0	-1721442465	4
7	1	21	4	1	1061890155	8
7	1	21	4	2	278702775	4
7	1	21	4	3	-11427075	16
7	1	21	5	0	366058035	2
7	1	21	5	1	-156768615	4
7	1	21	5	2	-31773465	2
7	1	21	5	3	-360855	4
7	1	21	6	0	51796395	8
7	1	21	6	1	13673205	2
7	1	21	6	2	893025	1
7	1	21	7	0	-429705	4
7	1	21	7	1	3891645	8
7	1	21	8	0	-1306125	64
7	1	22	0	0	-6064360	81
7	1	22	0	1	32496920	9
7	1	22	0	2	-13421080	3
7	1	22	0	3	231600	1
7	1	22	1	0	-157644920	27
7	1	22	1	1	211321420	3
7	1	22	1	2	-2981000	1
7	1	22	1	3	663300	1
7	1	22	2	0	-874775770	9
7	1	22	2	1	231022180	1
7	1	22	2	2	71292630	1
7	1	22	2	3	-3296700	1
7	1	22	3	0	-448148950	1
7	1	22	3	1	-43359285	1
7	1	22	3	2	-50627250	1
7	1	22	3	3	5680125	2
7	1	22	4	0	-989123175	2
7	1	22	4	1	-78328350	1
7	1	22	4	2	-19810575	2
7	1	22	4	3	-4610925	4
7	1	22	5	0	42022215	2
7	1	22	5	1	191308635	4
7	1	22	5	2	10659195	1
7	1	22	5	3	1323135	4
7	1	22	6	0	34456590	1
7	1	22	6	1	-12077100	1
7	1	22	6	2	-3631635	4
7	1	22	7	0	-2973645	4
7	1	22	7	1	-1520775	4
7	1	22	8	0	2729295	32
7	1	23	0	0	-176260	81
7	1	23	0	1	34996270	81
7	1	23	0	2	-40602920	27
7	1	23	0	3	-50900	3
7	1	23	1	0	-11071160	27
7	1	23	1	1	137853340	9
7	1	23	1	2	-33308900	3
7	1	23	1	3	858000	1
7	1	23	2	0	-350581880	27
7	1	23	2	1	320325575	3
7	1	23	2	2	19112180	1
7	1	23	2	3	-779625	1
7	1	23	3	0	-110299475	1
7	1	23	3	1	114343325	1
7	1	23	3	2	36405825	1
7	1	23	3	3	-2012175	2
7	1	23	4	0	-1039896525	4
7	1	23	4	1	-697655685	8
7	1	23	4	2	-188053425	4
7	1	23	4	3	17574975	16
7	1	23	5	0	-103843095	1
7	1	23	5	1	108557415	4
7	1	23	5	2	17116920	1
7	1	23	5	3	-601425	2
7	1	23	6	0	128340765	4
7	1	23	6	1	-58384935	8
7	1	23	6	2	-6194475	2
7	1	23	6	3	-280665	16
7	1	23	7	0	5528655	4
7	1	23	7	1	12544065	8
7	1	23	7	2	1362015	8
7	1	23	8	0	-7812585	64
7	1	23	8	1	4985955	128
7	1	23	9	0	-104085	32
7	1	24	0	1	2466820	81
7	1	24	0	2	-8219320	27
7	1	24	0	3	-49400	1
7	1	24	1	0	-352520	27
7	1	24	1	1	56536040	27
7	1	24	1	2	-46670800	9
7	1	24	1	3	177200	1
7	1	24	2	0	-27537400	27
7	1	24	2	1	255302410	9
7	1	24	2	2	-24836660	3
7	1	24	2	3	867900	1
7	1	24	3	0	-460608500	27
7	1	24	3	1	258610925	3
7	1	24	3	2	29266400	1
7	1	24	3	3	-2992275	2
7	1	24	4	0	-79641650	1
7	1	24	4	1	34242975	4
7	1	24	4	2	-5085900	1
7	1	24	4	3	5591025	8
7	1	24	5	0	-183635505	2
7	1	24	5	1	-100336995	4
7	1	24	5	2	-9096705	1
7	1	24	5	3	-414315	2
7	1	24	6	0	-3083535	2
7	1	24	6	1	11810295	1
7	1	24	6	2	3661875	1
7	1	24	6	3	280665	4
7	1	24	7	0	5532660	1
7	1	24	7	1	-21231315	8
7	1	24	7	2	-550395	2
7	1	24	8	0	-3521475	32
7	1	24	8	1	-1741905	64
7	1	24	9	0	590895	64
7	1	25	0	1	78070	81
7	1	25	0	2	-341980	9
7	1	25	0	3	-21100	1
7	1	25	1	1	4465220	27
7	1	25	1	2	-11477300	9
7	1	25	1	3	-93000	1
7	1	25	2	0	-969430	27
7	1	25	2	1	122333200	27
7	1	25	2	2	-65486330	9
7	1	25	2	3	497200	1
7	1	25	3	0	-123145550	81
7	1	25	3	1	268253150	9
7	1	25	3	2	5284100	3
7	1	25	3	3	131175	2
7	1	25	4	0	-527182975	36
7	1	25	4	1	299551225	8
7	1	25	4	2	63721725	4
7	1	25	4	3	-9763875	16
7	1	25	5	0	-226039165	6
7	1	25	5	1	-30265155	2
7	1	25	5	2	-10621125	1
7	1	25	5	3	1447875	4
7	1	25	6	0	-142328025	8
7	1	25	6	1	12100935	4
7	1	25	6	2	9366525	4
7	1	25	6	3	-654885	8
7	1	25	7	0	14761275	4
7	1	25	7	1	-4755645	8
7	1	25	7	2	-1447065	4
7	1	25	7	3	-40095	16
7	1	25	8	0	16058565	64
7	1	25	8	1	26727165	128
7	1	25	8	2	1476225	64
7	1	25	9	0	-366885	16
7	1	25	9	1	280665	128
7	1	25	10	0	-38475	128
7	1	26	0	2	-73240	27
7	1	26	0	3	-14480	3
7	1	26	1	1	156140	27
7	1	26	1	2	-183800	1
7	1	26	1	3	-67800	1
7	1	26	2	1	10991200	27
7	1	26	2	2	-20855230	9
7	1	26	2	3	-3300	1
7	1	26	3	0	-4847150	81
7	1	26	3	1	465283775	81
7	1	26	3	2	-134827450	27
7	1	26	3	3	2761825	6
7	1	26	4	0	-27151025	18
7	1	26	4	1	115225825	6
7	1	26	4	2	12512275	2
7	1	26	4	3	-715275	2
7	1	26	5	0	-77053075	9
7	1	26	5	1	6337255	1
7	1	26	5	2	2098650	1
7	1	26	5	3	262845	4
7	1	26	6	0	-137865035	12
7	1	26	6	1	-10781995	2
7	1	26	6	2	-5657925	2
7	1	26	6	3	-51975	4
7	1	26	7	0	-4034535	4
7	1	26	7	1	16536945	8
7	1	26	7	2	2973285	4
7	1	26	7	3	173745	16
7	1	26	8	0	4880625	8
7	1	26	8	1	-6554115	16
7	1	26	8	2	-795825	16
7	1	26	9	0	-250995	64
7	1	26	9	1	-27135	128
7	1	26	10	0	95175	128
7	1	27	0	2	-2300	27
7	1	27	0	3	-655	1
7	1	27	1	2	-132680	9
7	1	27	1	3	-19600	1
7	1	27	2	1	429385	27
7	1	27	2	2	-1189760	3
7	1	27	2	3	-84150	1
7	1	27	3	1	48515225	81
7	1	27	3	2	-63713375	27
7	1	27	3	3	245575	2
7	1	27	4	0	-2423575	36
7	1	27	4	1	338223875	72
7	1	27	4	2	-15078425	12
7	1	27	4	3	2300925	16
7	1	27	5	0	-9406265	9
7	1	27	5	1	45124255	6
7	1	27	5	2	7552105	2
7	1	27	5	3	-184635	1
7	1	27	6	0	-61870655	18
7	1	27	6	1	-1329510	1
7	1	27	6	2	-1262940	1
7	1	27	6	3	1195425	16
7	1	27	7	0	-16649215	8
7	1	27	7	1	-205215	4
7	1	27	7	2	333585	4
7	1	27	7	3	-245025	16
7	1	27	8	0	16004475	64
7	1	27	8	1	3190455	64
7	1	27	8	2	-1063125	64
7	1	27	8	3	-66825	256
7	1	27	9	0	229925	8
7	1	27	9	1	2150175	128
7	1	27	9	2	138825	64
7	1	27	10	0	-72735	32
7	1	27	10	1	1485	16
7	1	27	11	0	-4455	256
7	1	28	0	3	-50	1
7	1	28	1	2	-4600	9
7	1	28	1	3	-3120	1
7	1	28	2	2	-326920	9
7	1	28	2	3	-34100	1
7	1	28	3	1	2146925	81
7	1	28	3	2	-4505600	9
7	1	28	3	3	-85525	2
7	1	28	4	1	21037225	36
7	1	28	4	2	-4302100	3
7	1	28	4	3	997425	8
7	1	28	5	0	-484715	9
7	1	28	5	1	23048630	9
7	1	28	5	2	1521095	3
7	1	28	5	3	-33825	1
7	1	28	6	0	-13916210	27
7	1	28	6	1	6190415	4
7	1	28	6	2	867825	1
7	1	28	6	3	-24255	2
7	1	28	7	0	-8343335	9
7	1	28	7	1	-2970725	4
7	1	28	7	2	-477555	1
7	1	28	7	3	51975	16
7	1	28	8	0	-15808925	96
7	1	28	8	1	7336425	32
7	1	28	8	2	2981025	32
7	1	28	8	3	155925	128
7	1	28	9	0	2745175	64
7	1	28	9	1	-5316605	128
7	1	28	9	2	-183975	32
7	1	28	10	0	43235	64
7	1	28	10	1	12465	128
7	1	28	11	0	1305	32
7	1	29	0	3	-5	3
7	1	29	1	3	-270	1
7	1	29	2	2	-12650	9
7	1	29	2	3	-6600	1
7	1	29	3	2	-1444850	27
7	1	29	3	3	-194975	6
7	1	29	4	1	2146925	72
7	1	29	4	2	-1626075	4
7	1	29	4	3	71775	16
7	1	29	5	1	7126735	18
7	1	29	5	2	-2935735	6
7	1	29	5	3	198495	4
7	1	29	6	0	-3393005	108
7	1	29	6	1	99449735	108
7	1	29	6	2	8674225	18
7	1	29	6	3	-127435	4
7	1	29	7	0	-6497975	36
7	1	29	7	1	174515	6
7	1	29	7	2	-26270	1
7	1	29	7	3	76725	8
7	1	29	8	0	-90385625	576
7	1	29	8	1	-2204525	32
7	1	29	8	2	-430725	16
7	1	29	8	3	-512325	256
7	1	29	9	0	4093925	576
7	1	29	9	1	1704475	96
7	1	29	9	2	103625	64
7	1	29	9	3	-2475	128
7	1	29	10	0	450365	256
7	1	29	10	1	100565	128
7	1	29	10	2	8625	64
7	1	29	11	0	-8025	64
7	1	29	11	1	405	128
7	1	29	12	0	-495	1024
7	1	30	1	3	-10	1
7	1	30	2	3	-660	1
7	1	30	3	2	-63250	27
7	1	30	3	3	-16225	2
7	1	30	4	2	-313775	6
7	1	30	4	3	-70125	4
7	1	30	5	1	429385	18
7	1	30	5	2	-218845	1
7	1	30	5	3	66825	4
7	1	30	6	1	10217515	54
7	1	30	6	2	-1953875	36
7	1	30	6	3	8085	2
7	1	30	7	0	-484715	36
7	1	30	7	1	14595625	72
7	1	30	7	2	847255	6
7	1	30	7	3	-39435	8
7	1	30	8	0	-12609575	288
7	1	30	8	1	-5500825	96
7	1	30	8	2	-1422175	32
7	1	30	8	3	32175	32
7	1	30	9	0	-3968525	288
7	1	30	9	1	2584825	192
7	1	30	9	2	219225	32
7	1	30	9	3	12375	128
7	1	30	10	0	227095	128
7	1	30	10	1	-167525	64
7	1	30	10	2	-53655	128
7	1	30	11	0	10725	128
7	1	30	11	1	1395	256
7	1	30	12	0	585	512
7	1	31	2	3	-55	2
7	1	31	3	3	-1925	2
7	1	31	4	2	-31625	12
7	1	31	4	3	-101475	16
7	1	31	5	2	-106535	3
7	1	31	5	3	-8745	2
7	1	31	6	1	3005695	216
7	1	31	6	2	-460075	6
7	1	31	6	3	132825	16
7	1	31	7	1	4550425	72
7	1	31	7	2	590645	24
7	1	31	7	3	-23265	8
7	1	31	8	0	-2423575	576
7	1	31	8	1	23207525	1152
7	1	31	8	2	38725	3
7	1	31	8	3	84975	128
7	1	31	9	0	-17948425	2592
7	1	31	9	1	-5404025	576
7	1	31	9	2	-931925	192
7	1	31	9	3	-5775	32
7	1	31	10	0	-17875	108
7	1	31	10	1	1442285	768
7	1	31	10	2	19685	64
7	1	31	10	3	-495	512
7	1	31	11	0	88345	2304
7	1	31	11	1	4895	256
7	1	31	11	2	1275	256
7	1	31	12	0	-3215	1024
7	1	31	12	1	135	2048
7	1	32	3	3	-275	6
7	1	32	4	3	-7425	8
7	1	32	5	2	-6325	3
7	1	32	5	3	-6435	2
7	1	32	6	2	-153230	9
7	1	32	6	3	1925	4
7	1	32	7	1	429385	72
7	1	32	7	2	-31515	2
7	1	32	7	3	12375	8
7	1	32	8	1	8155675	576
7	1	32	8	2	1065625	96
7	1	32	8	3	-47025	64
7	1	32	9	0	-2423575	2592
7	1	32	9	1	-3620375	2592
7	1	32	9	2	-190225	108
7	1	32	9	3	12925	96
7	1	32	10	0	-533885	864
7	1	32	10	1	154165	1152
7	1	32	10	2	44945	192
7	1	32	10	3	165	32
7	1	32	11	0	74405	1728
7	1	32	11	1	-71345	768
7	1	32	11	2	-565	32
7	1	32	12	0	2315	768
7	1	32	12	1	75	1024
7	1	33	4	3	-825	16
7	1	33	5	3	-2475	4
7	1	33	6	2	-44275	36
7	1	33	6	3	-8085	8
7	1	33	7	2	-68585	12
7	1	33	7	3	10725	16
7	1	33	8	1	2146925	1152
7	1	33	8	2	-67925	64
7	1	33	8	3	-7425	128
7	1	33	9	1	9870575	5184
7	1	33	9	2	2844325	1728
7	1	33	9	3	275	64
7	1	33	10	0	-484715	3456
7	1	33	10	1	-918335	1728
7	1	33	10	2	-404155	1152
7	1	33	10	3	-1375	128
7	1	33	11	0	-61945	3456
7	1	33	11	1	108505	1152
7	1	33	11	2	3725	192
7	1	33	11	3	-15	512
7	1	33	12	0	-15655	27648
7	1	33	12	1	1175	6144
7	1	33	12	2	85	1024
7	1	34	5	3	-165	4
7	1	34	6	3	-1155	4
7	1	34	7	2	-6325	12
7	1	34	7	3	-2475	16
7	1	34	8	2	-124025	96
7	1	34	8	3	5775	32
7	1	34	9	1	2146925	5184
7	1	34	9	2	84425	288
7	1	34	9	3	-3575	64
7	1	34	10	1	85745	864
7	1	34	10	2	40645	1152
7	1	34	10	3	165	16
7	1	34	11	0	-44065	3456
7	1	34	11	1	-184915	6912
7	1	34	11	2	-1325	1152
7	1	34	11	3	85	512
7	1	34	12	0	35125	41472
7	1	34	12	1	-6595	4608
7	1	34	12	2	-505	1536
7	1	35	6	3	-385	16
7	1	35	7	3	-1485	16
7	1	35	8	2	-31625	192
7	1	35	8	3	2475	256
7	1	35	9	2	-153175	864
7	1	35	9	3	1375	96
7	1	35	10	1	429385	6912
7	1	35	10	2	2365	32
7	1	35	10	3	-825	256
7	1	35	11	1	-54745	6912
7	1	35	11	2	-24425	2304
7	1	35	11	3	-195	512
7	1	35	12	0	-44065	82944
7	1	35	12	1	315425	165888
7	1	35	12	2	12835	27648
7	1	35	12	3	-5	12288
7	1	36	7	3	-165	16
7	1	36	8	3	-2475	128
7	1	36	9	2	-31625	864
7	1	36	9	3	275	32
7	1	36	10	2	-2915	288
7	1	36	10	3	-55	32
7	1	36	11	1	39035	6912
7	1	36	11	2	475	96
7	1	36	11	3	225	512
7	1	36	12	1	-85925	82944
7	1	36	12	2	-1585	6912
7	1	36	12	3	5	2048
7	1	37	8	3	-825	256
7	1	37	9	3	-275	128
7	1	37	10	2	-6325	1152
7	1	37	10	3	165	128
7	1	37	11	2	665	1152
7	1	37	11	3	-125	512
7	1	37	12	1	39035	165888
7	1	37	12	2	-505	9216
7	1	37	12	3	-25	4096
7	1	38	9	3	-275	384
7	1	38	11	2	-575	1152
7	1	38	11	3	15	512
7	1	38	12	2	1195	13824
7	1	38	12	3	25	3072
7	1	39	10	3	-55	512
7	1	39	11	3	15	512
7	1	39	12	2	-575	27648
7	1	39	12	3	-25	4096
7	1	40	11	3	-5	512
7	1	40	12	3	5	2048
7	1	41	12	3	-5	12288
7	2	7	0	0	28343520	1
7	2	8	0	0	-33067440	1
7	2	8	0	1	155889360	1
7	2	8	1	0	21257640	1
7	2	9	0	0	-505459440	1
7	2	9	0	1	297606960	1
7	2	9	1	0	80306640	1
7	2	10	0	0	-1266535440	1
7	2	10	0	1	-28343520	1
7	2	10	1	0	-118885320	1
7	2	10	1	1	297606960	1
7	2	10	2	0	50782140	1
7	2	11	0	0	-1513578960	1
7	2	11	0	1	-503884800	1
7	2	11	0	2	-14171760	1
7	2	11	1	0	-975227040	1
7	2	11	1	1	453496320	1
7	2	11	2	0	130301460	1
7	2	12	0	0	-572994000	1
7	2	12	0	1	-426727440	1
7	2	12	0	2	-4723920	1
7	2	12	1	0	-2314983240	1
7	2	12	1	1	-242494560	1
7	2	12	1	2	7085880	1
7	2	12	2	0	-85030560	1
7	2	12	2	1	251548740	1
7	2	12	3	0	46255050	1
7	2	13	0	0	1104289200	1
7	2	13	0	1	71383680	1
7	2	13	0	2	39366000	1
7	2	13	1	0	-2995956720	1
7	2	13	1	1	-958955760	1
7	2	13	1	2	-33067440	1
7	2	13	2	0	-763875360	1
7	2	13	2	1	331461720	1
7	2	13	3	0	101564280	1
7	2	14	0	0	2240622000	1
7	2	14	0	1	325600560	1
7	2	14	0	2	28868400	1
7	2	14	1	0	-1657658520	1
7	2	14	1	1	-535115160	1
7	2	14	1	2	-16533720	1
7	2	14	2	0	-1928569500	1
7	2	14	2	1	-306267480	1
7	2	14	2	2	12990780	1
7	2	14	3	0	-33023700	1
7	2	14	3	1	125380710	1
7	2	14	4	0	22733865	1
7	2	15	0	0	2169253440	1
7	2	15	0	1	181433520	1
7	2	15	0	2	-34117200	1
7	2	15	1	0	1104179040	1
7	2	15	1	1	419904000	1
7	2	15	1	2	81881280	1
7	2	15	2	0	-2766861180	1
7	2	15	2	1	-829179180	1
7	2	15	2	2	-38972340	1
7	2	15	3	0	-340705440	1
7	2	15	3	1	167305500	1
7	2	15	4	0	41378040	1
7	2	16	0	0	1368424080	1
7	2	16	0	1	-15240960	1
7	2	16	0	2	-46014480	1
7	2	16	1	0	2956555080	1
7	2	16	1	1	645223320	1
7	2	16	1	2	49076280	1
7	2	16	2	0	-1806562440	1
7	2	16	2	1	-277617780	1
7	2	16	2	2	-17321040	1
7	2	16	3	0	-995850450	1
7	2	16	3	1	-196042680	1
7	2	16	3	2	10825650	1
7	2	16	4	0	-15943230	1
7	2	16	4	1	41432715	1
7	2	16	5	0	6867180	1
7	2	17	0	0	606431760	1
7	2	17	0	1	-58389840	1
7	2	17	0	2	-1924560	1
7	2	17	1	0	2802623760	1
7	2	17	1	1	193544640	1
7	2	17	1	2	-74008080	1
7	2	17	2	0	454481280	1
7	2	17	2	1	539270460	1
7	2	17	2	2	83718360	1
7	2	17	3	0	-1563057000	1
7	2	17	3	1	-453744180	1
7	2	17	3	2	-28868400	1
7	2	17	4	0	-97686000	1
7	2	17	4	1	68365620	1
7	2	17	5	0	8179380	1
7	2	18	0	0	193259440	1
7	2	18	0	1	-19059840	1
7	2	18	0	2	24591600	1
7	2	18	1	0	1619093400	1
7	2	18	1	1	-140279040	1
7	2	18	1	2	-73454040	1
7	2	18	2	0	1860633180	1
7	2	18	2	1	522556920	1
7	2	18	2	2	33198660	1
7	2	18	3	0	-1050994440	1
7	2	18	3	1	-57919050	1
7	2	18	3	2	-7217100	1
7	2	18	4	0	-359569125	1
7	2	18	4	1	-86452110	1
7	2	18	4	2	5412825	1
7	2	18	5	0	-8441820	1
7	2	18	5	1	9710280	1
7	2	18	6	0	1352295	1
7	2	19	0	0	132711280	3
7	2	19	0	1	7077600	1
7	2	19	0	2	15325200	1
7	2	19	1	0	630152480	1
7	2	19	1	1	-130455360	1
7	2	19	1	2	12402720	1
7	2	19	2	0	1668159540	1
7	2	19	2	1	36135720	1
7	2	19	2	2	-74576700	1
7	2	19	3	0	133228800	1
7	2	19	3	1	357948720	1
7	2	19	3	2	52925400	1
7	2	19	4	0	-594217620	1
7	2	19	4	1	-176673150	1
7	2	19	4	2	-14434200	1
7	2	19	5	0	-17601300	1
7	2	19	5	1	22832280	1
7	2	19	6	0	-51030	1
7	2	20	0	0	64030960	9
7	2	20	0	1	8307760	1
7	2	20	0	2	435600	1
7	2	20	1	0	508580680	3
7	2	20	1	1	-28531440	1
7	2	20	1	2	42874920	1
7	2	20	2	0	851280800	1
7	2	20	2	1	-175292100	1
7	2	20	2	2	-49503960	1
7	2	20	3	0	750647970	1
7	2	20	3	1	230191200	1
7	2	20	3	2	8419950	1
7	2	20	4	0	-370290420	1
7	2	20	4	1	16918875	1
7	2	20	5	0	-95999580	1
7	2	20	5	1	-30289950	1
7	2	20	5	2	1804275	1
7	2	20	6	0	-2871855	1
7	2	20	6	1	3393495	2
7	2	20	7	0	178605	1
7	2	21	0	0	20637200	27
7	2	21	0	1	3416480	1
7	2	21	0	2	-4052400	1
7	2	21	1	0	281088080	9
7	2	21	1	1	12254800	1
7	2	21	1	2	17590320	1
7	2	21	2	0	279727680	1
7	2	21	2	1	-98709840	1
7	2	21	2	2	22667040	1
7	2	21	3	0	597885000	1
7	2	21	3	1	-45518760	1
7	2	21	3	2	-44371800	1
7	2	21	4	0	52005240	1
7	2	21	4	1	149131530	1
7	2	21	4	2	22052250	1
7	2	21	5	0	-158371200	1
7	2	21	5	1	-49598730	1
7	2	21	5	2	-5051970	1
7	2	21	6	0	-1292760	1
7	2	21	6	1	5868450	1
7	2	21	7	0	-461295	1
7	2	22	0	0	1330960	27
7	2	22	0	1	805680	1
7	2	22	0	2	-2546800	1
7	2	22	1	0	101870360	27
7	2	22	1	1	10070120	1
7	2	22	1	2	-3787080	1
7	2	22	2	0	60481300	1
7	2	22	2	1	-10421480	1
7	2	22	2	2	31487940	1
7	2	22	3	0	256749300	1
7	2	22	3	1	-99304110	1
7	2	22	3	2	-16572600	1
7	2	22	4	0	213692625	1
7	2	22	4	1	56569590	1
7	2	22	4	2	-2071575	1
7	2	22	5	0	-82479600	1
7	2	22	5	1	17836605	1
7	2	22	5	2	1323135	1
7	2	22	6	0	-19543545	1
7	2	22	6	1	-8556030	1
7	2	22	6	2	841995	2
7	2	22	7	0	-541485	1
7	2	22	7	1	922185	4
7	2	22	8	0	16200	1
7	2	23	0	0	116960	81
7	2	23	0	1	3108560	27
7	2	23	0	2	-2520400	3
7	2	23	1	0	2428000	9
7	2	23	1	1	9423680	3
7	2	23	1	2	-6372480	1
7	2	23	2	0	225562700	27
7	2	23	2	1	10160260	1
7	2	23	2	2	6843540	1
7	2	23	3	0	67544400	1
7	2	23	3	1	-35340100	1
7	2	23	3	2	16513200	1
7	2	23	4	0	139961000	1
7	2	23	4	1	-35097570	1
7	2	23	4	2	-16706250	1
7	2	23	5	0	20609460	1
7	2	23	5	1	40914720	1
7	2	23	5	2	6147900	1
7	2	23	6	0	-30005640	1
7	2	23	6	1	-19152315	2
7	2	23	6	2	-2525985	2
7	2	23	7	0	238815	1
7	2	23	7	1	2202795	2
7	2	23	8	0	-127170	1
7	2	24	0	1	252080	27
7	2	24	0	2	-515600	3
7	2	24	1	0	233920	27
7	2	24	1	1	4841080	9
7	2	24	1	2	-2862680	1
7	2	24	2	0	2011240	3
7	2	24	2	1	15357980	3
7	2	24	2	2	-5052960	1
7	2	24	3	0	32735450	3
7	2	24	3	1	1234200	1
7	2	24	3	2	12379950	1
7	2	24	4	0	142766800	3
7	2	24	4	1	-31100925	1
7	2	24	4	2	-1841400	1
7	2	24	5	0	43391385	1
7	2	24	5	1	5506515	1
7	2	24	5	2	-2272050	1
7	2	24	6	0	-11340000	1
7	2	24	6	1	6781320	1
7	2	24	6	2	654885	1
7	2	24	7	0	-6185385	2
7	2	24	7	1	-3689955	2
7	2	24	7	2	280665	4
7	2	24	8	0	-706725	16
7	2	24	8	1	399735	16
7	2	24	9	0	34155	32
7	2	25	0	1	8960	27
7	2	25	0	2	-22000	1
7	2	25	1	1	450400	9
7	2	25	1	2	-711280	1
7	2	25	2	0	643280	27
7	2	25	2	1	9972380	9
7	2	25	2	2	-3959560	1
7	2	25	3	0	26952200	27
7	2	25	3	1	12943700	3
7	2	25	3	2	220000	1
7	2	25	4	0	83606050	9
7	2	25	4	1	-5918550	1
7	2	25	4	2	6603300	1
7	2	25	5	0	21600590	1
7	2	25	5	1	-11799030	1
7	2	25	5	2	-4009500	1
7	2	25	6	0	5456185	1
7	2	25	6	1	14432985	2
7	2	25	6	2	1122660	1
7	2	25	7	0	-3999795	1
7	2	25	7	1	-2270025	2
7	2	25	7	2	-227205	1
7	2	25	8	0	1258335	16
7	2	25	8	1	2330775	16
7	2	25	9	0	-296685	16
7	2	26	0	2	-4880	3
7	2	26	1	1	17920	9
7	2	26	1	2	-105480	1
7	2	26	2	1	1090760	9
7	2	26	2	2	-1272260	1
7	2	26	3	0	3216400	81
7	2	26	3	1	35376550	27
7	2	26	3	2	-8020100	3
7	2	26	4	0	2966975	3
7	2	26	4	1	1685200	1
7	2	26	4	2	2655675	1
7	2	26	5	0	48278725	9
7	2	26	5	1	-5516445	1
7	2	26	5	2	630630	1
7	2	26	6	0	36446795	6
7	2	26	6	1	-893865	1
7	2	26	6	2	-800415	1
7	2	26	7	0	-809720	1
7	2	26	7	1	2982285	2
7	2	26	7	2	173745	1
7	2	26	8	0	-6074475	16
7	2	26	8	1	-2293515	8
7	2	26	8	2	66825	8
7	2	26	9	0	69765	32
7	2	26	9	1	34065	16
7	2	26	10	0	3645	64
7	2	27	0	2	-160	3
7	2	27	1	2	-8800	1
7	2	27	2	1	49280	9
7	2	27	2	2	-225060	1
7	2	27	3	1	4714600	27
7	2	27	3	2	-3803800	3
7	2	27	4	0	402050	9
7	2	27	4	1	2888600	3
7	2	27	4	2	-669900	1
7	2	27	5	0	683980	1
7	2	27	5	1	-147620	1
7	2	27	5	2	1568160	1
7	2	27	6	0	37995265	18
7	2	27	6	1	-4420185	2
7	2	27	6	2	-578655	1
7	2	27	7	0	2658425	3
7	2	27	7	1	1461795	2
7	2	27	7	2	121770	1
7	2	27	8	0	-5730975	16
7	2	27	8	1	-208845	4
7	2	27	8	2	-467775	16
7	2	27	9	0	71725	8
7	2	27	9	1	13095	1
7	2	27	10	0	-102885	64
7	2	28	1	2	-320	1
7	2	28	2	2	-21560	1
7	2	28	3	1	246400	27
7	2	28	3	2	-279950	1
7	2	28	4	1	496925	3
7	2	28	4	2	-745800	1
7	2	28	5	0	321640	9
7	2	28	5	1	1305865	3
7	2	28	5	2	236775	1
7	2	28	6	0	3028025	9
7	2	28	6	1	-963655	2
7	2	28	6	2	295680	1
7	2	28	7	0	19750775	36
7	2	28	7	1	-720555	2
7	2	28	7	2	-318285	2
7	2	28	8	0	36575	16
7	2	28	8	1	3191025	16
7	2	28	8	2	467775	16
7	2	28	9	0	-3314375	96
7	2	28	9	1	-122265	4
7	2	28	9	2	22275	32
7	2	28	10	0	6485	8
7	2	28	10	1	8505	64
7	2	28	11	0	315	128
7	2	29	2	2	-880	1
7	2	29	3	2	-94600	3
7	2	29	4	1	30800	3
7	2	29	4	2	-222750	1
7	2	29	5	1	323620	3
7	2	29	5	2	-239250	1
7	2	29	6	0	562870	27
7	2	29	6	1	1829135	18
7	2	29	6	2	216370	1
7	2	29	7	0	352165	3
7	2	29	7	1	-454355	2
7	2	29	7	2	-37620	1
7	2	29	8	0	12286175	144
7	2	29	8	1	188925	8
7	2	29	8	2	71775	16
7	2	29	9	0	-2743675	144
7	2	29	9	1	89825	16
7	2	29	9	2	-42075	16
7	2	29	10	0	17495	48
7	2	29	10	1	24165	32
7	2	29	11	0	-2515	32
7	2	30	3	2	-4400	3
7	2	30	4	2	-30525	1
7	2	30	5	1	24640	3
7	2	30	5	2	-116325	1
7	2	30	6	1	436975	9
7	2	30	6	2	-38885	2
7	2	30	7	0	80410	9
7	2	30	7	1	-38885	12
7	2	30	7	2	54615	1
7	2	30	8	0	452925	16
7	2	30	8	1	-771925	16
7	2	30	8	2	-304425	16
7	2	30	9	0	4669775	864
7	2	30	9	1	490325	32
7	2	30	9	2	103125	32
7	2	30	10	0	-1200815	576
7	2	30	10	1	-67385	32
7	2	30	10	2	2475	64
7	2	30	11	0	4335	64
7	2	30	11	1	675	128
7	2	30	12	0	15	256
7	2	31	4	2	-1650	1
7	2	31	5	2	-20460	1
7	2	31	6	1	43120	9
7	2	31	6	2	-77385	2
7	2	31	7	1	43945	3
7	2	31	7	2	14190	1
7	2	31	8	0	201025	72
7	2	31	8	1	-473275	48
7	2	31	8	2	30525	16
7	2	31	9	0	956725	216
7	2	31	9	1	-3025	1
7	2	31	9	2	-1375	2
7	2	31	10	0	-665225	1728
7	2	31	10	1	67705	64
7	2	31	10	2	-10065	64
7	2	31	11	0	-85	8
7	2	31	11	1	1595	64
7	2	31	12	0	-215	128
7	2	32	5	2	-1320	1
7	2	32	6	2	-9625	1
7	2	32	7	1	6160	3
7	2	32	7	2	-28215	4
7	2	32	8	1	127325	48
7	2	32	8	2	83325	16
7	2	32	9	0	201025	324
7	2	32	9	1	-2482975	864
7	2	32	9	2	-121825	96
7	2	32	10	0	110935	288
7	2	32	10	1	99715	192
7	2	32	10	2	1815	8
7	2	32	11	0	-233455	3456
7	2	32	11	1	-1345	16
7	2	32	11	2	165	128
7	2	32	12	0	775	384
7	2	32	12	1	25	256
7	2	33	6	2	-770	1
7	2	33	7	2	-3135	1
7	2	33	8	1	1925	3
7	2	33	8	2	-2475	16
7	2	33	9	1	34925	216
7	2	33	9	2	26675	48
7	2	33	10	0	40205	432
7	2	33	10	1	-196405	576
7	2	33	10	2	-3575	32
7	2	33	11	0	925	96
7	2	33	11	1	12805	192
7	2	33	11	2	-45	8
7	2	33	12	0	-575	576
7	2	33	12	1	45	128
7	2	34	7	2	-330	1
7	2	34	8	2	-10725	16
7	2	34	9	1	3850	27
7	2	34	9	2	6875	32
7	2	34	10	1	-11495	288
7	2	34	10	2	-1925	64
7	2	34	11	0	3655	432
7	2	34	11	1	-6115	1152
7	2	34	11	2	595	64
7	2	34	12	0	-4535	6912
7	2	34	12	1	-565	384
7	2	34	12	2	5	256
7	2	35	8	2	-825	8
7	2	35	9	2	-1925	24
7	2	35	10	1	385	18
7	2	35	10	2	2475	64
7	2	35	11	1	-2725	288
7	2	35	11	2	-215	32
7	2	35	12	0	3655	10368
7	2	35	12	1	5455	3456
7	2	35	12	2	-35	384
7	2	36	9	2	-275	12
7	2	36	10	2	-55	32
7	2	36	11	1	35	18
7	2	36	11	2	165	128
7	2	36	12	1	-4405	6912
7	2	36	12	2	65	384
7	2	37	10	2	-55	16
7	2	37	11	2	25	32
7	2	37	12	1	35	432
7	2	37	12	2	-5	32
7	2	38	11	2	-5	16
7	2	38	12	2	55	768
7	2	39	12	2	-5	384
7	3	9	0	0	47239200	1
7	3	9	0	1	-85030560	1
7	3	10	0	0	157464000	1
7	3	10	0	1	-113374080	1
7	3	11	0	0	208902240	1
7	3	11	0	1	59049000	1
7	3	11	0	2	7085880	1
7	3	11	1	0	97627680	1
7	3	11	1	1	-141717600	1
7	3	11	2	0	-14171760	1
7	3	12	0	0	20995200	1
7	3	12	0	1	193680720	1
7	3	12	1	0	412555680	1
7	3	12	1	1	-141717600	1
7	3	12	2	0	-28343520	1
7	3	13	0	0	-374239440	1
7	3	13	0	1	102351600	1
7	3	13	0	2	-18895680	1
7	3	13	1	0	746904240	1
7	3	13	1	1	172423080	1
7	3	13	1	2	14171760	1
7	3	13	2	0	64166580	1
7	3	13	2	1	-125774370	1
7	3	13	3	0	-18895680	1
7	3	14	0	0	-673440480	1
7	3	14	0	1	-42690240	1
7	3	14	0	2	-8398080	1
7	3	14	1	0	574393680	1
7	3	14	1	1	301543560	1
7	3	14	1	2	-4723920	1
7	3	14	2	0	447197760	1
7	3	14	2	1	-83849580	1
7	3	14	3	0	-31492800	1
7	3	15	0	0	-657878760	1
7	3	15	0	1	-69546600	1
7	3	15	0	2	17845920	1
7	3	15	1	0	-153789840	1
7	3	15	1	1	50126040	1
7	3	15	1	2	-36216720	1
7	3	15	2	0	913247460	1
7	3	15	2	1	205687350	1
7	3	15	2	2	12990780	1
7	3	15	3	0	21257640	1
7	3	15	3	1	-79716150	1
7	3	15	4	0	-19387755	2
7	3	16	0	0	-425062080	1
7	3	16	0	1	-26535600	1
7	3	16	0	2	16796160	1
7	3	16	1	0	-770893200	1
7	3	16	1	1	-151427880	1
7	3	16	1	2	-4723920	1
7	3	16	2	0	812718360	1
7	3	16	2	1	223861320	1
7	3	16	2	2	-8660520	1
7	3	16	3	0	283435200	1
7	3	16	3	1	-26572050	1
7	3	16	4	0	-12925170	1
7	3	17	0	0	-192909600	1
7	3	17	0	1	-2488320	1
7	3	17	0	2	-2566080	1
7	3	17	1	0	-815572800	1
7	3	17	1	1	-99435600	1
7	3	17	1	2	37266480	1
7	3	17	2	0	120805020	1
7	3	17	2	1	-55243620	1
7	3	17	2	2	-30311820	1
7	3	17	3	0	597755700	1
7	3	17	3	1	148387950	1
7	3	17	3	2	7217100	1
7	3	17	4	0	3717900	1
7	3	17	4	1	-76271625	2
7	3	17	5	0	-1902690	1
7	3	18	0	0	-62760000	1
7	3	18	0	1	-3542400	1
7	3	18	0	2	-10264320	1
7	3	18	1	0	-498562560	1
7	3	18	1	1	2391120	1
7	3	18	1	2	21170160	1
7	3	18	2	0	-436233600	1
7	3	18	2	1	-163237680	1
7	3	18	2	2	5773680	1
7	3	18	3	0	517342140	1
7	3	18	3	1	98305650	1
7	3	18	3	2	-7217100	1
7	3	18	4	0	118608300	1
7	3	18	5	0	-1902690	1
7	3	19	0	0	-14612560	1
7	3	19	0	1	-6022440	1
7	3	19	0	2	-4918320	1
7	3	19	1	0	-201209760	1
7	3	19	1	1	20431440	1
7	3	19	1	2	-12188880	1
7	3	19	2	0	-479649600	1
7	3	19	2	1	-49994820	1
7	3	19	2	2	32236380	1
7	3	19	3	0	105235200	1
7	3	19	3	1	-77930100	1
7	3	19	3	2	-14434200	1
7	3	19	4	0	491121225	2
7	3	19	4	1	143193825	2
7	3	19	4	2	5412825	2
7	3	19	5	0	-590490	1
7	3	19	5	1	-13581270	1
7	3	19	6	0	535815	2
7	3	20	0	0	-7146560	3
7	3	20	0	1	-3981840	1
7	3	20	0	2	506880	1
7	3	20	1	0	-55515680	1
7	3	20	1	1	686160	1
7	3	20	1	2	-16465680	1
7	3	20	2	0	-264072960	1
7	3	20	2	1	32464800	1
7	3	20	2	2	8660520	1
7	3	20	3	0	-172663920	1
7	3	20	3	1	-89982900	1
7	3	20	3	2	8019000	1
7	3	20	4	0	190772820	1
7	3	20	4	1	23200425	1
7	3	20	4	2	-3608550	1
7	3	20	5	0	34819470	1
7	3	20	5	1	4527090	1
7	3	20	6	0	178605	1
7	3	21	0	0	-775760	3
7	3	21	0	1	-1477200	1
7	3	21	0	2	1615680	1
7	3	21	1	0	-10414320	1
7	3	21	1	1	-7296120	1
7	3	21	1	2	-4348080	1
7	3	21	2	0	-90410940	1
7	3	21	2	1	23346630	1
7	3	21	2	2	-14059980	1
7	3	21	3	0	-174902400	1
7	3	21	3	1	-4414500	1
7	3	21	3	2	15236100	1
7	3	21	4	0	29444310	1
7	3	21	4	1	-44997525	1
7	3	21	4	2	-4209975	1
7	3	21	5	0	68227110	1
7	3	21	5	1	23455575	1
7	3	21	5	2	721710	1
7	3	21	6	0	-765450	1
7	3	21	6	1	-14160825	4
7	3	21	7	0	484785	2
7	3	22	0	0	-16800	1
7	3	22	0	1	-339520	1
7	3	22	0	2	871680	1
7	3	22	1	0	-1274320	1
7	3	22	1	1	-4435800	1
7	3	22	1	2	2463120	1
7	3	22	2	0	-20051680	1
7	3	22	2	1	156420	1
7	3	22	2	2	-10406880	1
7	3	22	3	0	-81204000	1
7	3	22	3	1	25582500	1
7	3	22	3	2	-267300	1
7	3	22	4	0	-52620300	1
7	3	22	4	1	-28163700	1
7	3	22	4	2	4410450	1
7	3	22	5	0	44288370	1
7	3	22	5	1	390015	1
7	3	22	5	2	-1202850	1
7	3	22	6	0	7512750	1
7	3	22	6	1	4720275	2
7	3	22	7	0	161595	2
7	3	23	0	0	-40040	81
7	3	23	0	1	-435800	9
7	3	23	0	2	790240	3
7	3	23	1	0	-827120	9
7	3	23	1	1	-1323080	1
7	3	23	1	2	2410320	1
7	3	23	2	0	-8446460	3
7	3	23	2	1	-4742130	1
7	3	23	2	2	-516780	1
7	3	23	3	0	-22204600	1
7	3	23	3	1	9979650	1
7	3	23	3	2	-7722000	1
7	3	23	4	0	-84936975	2
7	3	23	4	1	6374025	1
7	3	23	4	2	8486775	2
7	3	23	5	0	2160270	1
7	3	23	5	1	-15157125	1
7	3	23	5	2	-721710	1
7	3	23	6	0	26523315	2
7	3	23	6	1	20522565	4
7	3	23	6	2	280665	2
7	3	23	7	0	-277425	1
7	3	23	7	1	-2671785	4
7	3	23	8	0	1012095	16
7	3	24	0	1	-35600	9
7	3	24	0	2	151040	3
7	3	24	1	0	-80080	27
7	3	24	1	1	-677080	3
7	3	24	1	2	939920	1
7	3	24	2	0	-2054360	9
7	3	24	2	1	-2157320	1
7	3	24	2	2	2430120	1
7	3	24	3	0	-11000000	3
7	3	24	3	1	-1191450	1
7	3	24	3	2	-3207600	1
7	3	24	4	0	-15435750	1
7	3	24	4	1	9483750	1
7	3	24	4	2	-1514700	1
7	3	24	5	0	-11852010	1
7	3	24	5	1	-4589865	1
7	3	24	5	2	1416690	1
7	3	24	6	0	6517035	1
7	3	24	6	1	-1553580	1
7	3	24	6	2	-280665	1
7	3	24	7	0	1239300	1
7	3	24	7	1	2671785	4
7	3	25	0	1	-1280	9
7	3	25	0	2	6080	1
7	3	25	1	1	-63520	3
7	3	25	1	2	213520	1
7	3	25	2	0	-220220	27
7	3	25	2	1	-1390400	3
7	3	25	2	2	1399420	1
7	3	25	3	0	-3056900	9
7	3	25	3	1	-1825450	1
7	3	25	3	2	782100	1
7	3	25	4	0	-3108600	1
7	3	25	4	1	3687075	2
7	3	25	4	2	-2390850	1
7	3	25	5	0	-6840570	1
7	3	25	5	1	3251745	1
7	3	25	5	2	659340	1
7	3	25	6	0	-739830	1
7	3	25	6	1	-12529755	4
7	3	25	6	2	-93555	2
7	3	25	7	0	3609765	2
7	3	25	7	1	2837025	4
7	3	25	7	2	40095	2
7	3	25	8	0	-207765	4
7	3	25	8	1	-1439775	16
7	3	25	9	0	73305	8
7	3	26	0	2	1280	3
7	3	26	1	1	-2560	3
7	3	26	1	2	29520	1
7	3	26	2	1	-153560	3
7	3	26	2	2	395120	1
7	3	26	3	0	-1101100	81
7	3	26	3	1	-4910950	9
7	3	26	3	2	3268100	3
7	3	26	4	0	-1008700	3
7	3	26	4	1	-729300	1
7	3	26	4	2	-405900	1
7	3	26	5	0	-1783870	1
7	3	26	5	1	1892925	1
7	3	26	5	2	-623700	1
7	3	26	6	0	-1825670	1
7	3	26	6	1	-243495	2
7	3	26	6	2	291060	1
7	3	26	7	0	1116195	2
7	3	26	7	1	-2027565	4
7	3	26	7	2	-93555	2
7	3	26	8	0	157950	1
7	3	26	8	1	479925	4
7	3	26	9	0	-24435	8
7	3	27	0	2	40	3
7	3	27	1	2	2320	1
7	3	27	2	1	-7040	3
7	3	27	2	2	64020	1
7	3	27	3	1	-662200	9
7	3	27	3	2	1243000	3
7	3	27	4	0	-275275	18
7	3	27	4	1	-796675	2
7	3	27	4	2	857175	2
7	3	27	5	0	-696850	3
7	3	27	5	1	37455	1
7	3	27	5	2	-429660	1
7	3	27	6	0	-1389465	2
7	3	27	6	1	2943675	4
7	3	27	6	2	31185	1
7	3	27	7	0	-221430	1
7	3	27	7	1	-1509435	4
7	3	27	7	2	8910	1
7	3	27	8	0	1321875	8
7	3	27	8	1	1642275	32
7	3	27	8	2	66825	32
7	3	27	9	0	-20175	4
7	3	27	9	1	-16875	2
7	3	27	10	0	25245	32
7	3	28	1	2	80	1
7	3	28	2	2	5720	1
7	3	28	3	1	-35200	9
7	3	28	3	2	81400	1
7	3	28	4	1	-69575	1
7	3	28	4	2	265650	1
7	3	28	5	0	-110110	9
7	3	28	5	1	-177925	1
7	3	28	5	2	34980	1
7	3	28	6	0	-342265	3
7	3	28	6	1	183645	1
7	3	28	6	2	-131670	1
7	3	28	7	0	-177045	1
7	3	28	7	1	375255	4
7	3	28	7	2	38610	1
7	3	28	8	0	17325	1
7	3	28	8	1	-1300725	16
7	3	28	8	2	-22275	4
7	3	28	9	0	59275	4
7	3	28	9	1	28125	2
7	3	28	10	0	-8415	16
7	3	29	2	2	220	1
7	3	29	3	2	25300	3
7	3	29	4	1	-4400	1
7	3	29	4	2	66825	1
7	3	29	5	1	-45100	1
7	3	29	5	2	102630	1
7	3	29	6	0	-385385	54
7	3	29	6	1	-120505	3
7	3	29	6	2	-39655	1
7	3	29	7	0	-238315	6
7	3	29	7	1	343695	4
7	3	29	7	2	-8415	1
7	3	29	8	0	-419375	16
7	3	29	8	1	-160425	8
7	3	29	8	2	22275	8
7	3	29	9	0	435875	48
7	3	29	9	1	-6675	32
7	3	29	9	2	2475	16
7	3	29	10	0	-11485	64
7	3	29	10	1	-67005	128
7	3	29	11	0	1215	32
7	3	30	3	2	1100	3
7	3	30	4	2	8250	1
7	3	30	5	1	-3520	1
7	3	30	5	2	36630	1
7	3	30	6	1	-60445	3
7	3	30	6	2	20020	1
7	3	30	7	0	-55055	18
7	3	30	7	1	8525	4
7	3	30	7	2	-16005	1
7	3	30	8	0	-229075	24
7	3	30	8	1	68475	4
7	3	30	8	2	12375	4
7	3	30	9	0	-60775	48
7	3	30	9	1	-227775	32
7	3	30	9	2	-7425	16
7	3	30	10	0	1815	2
7	3	30	10	1	67005	64
7	3	30	11	0	-1215	32
7	3	31	4	2	825	2
7	3	31	5	2	5610	1
7	3	31	6	1	-6160	3
7	3	31	6	2	26565	2
7	3	31	7	1	-5995	1
7	3	31	7	2	-330	1
7	3	31	8	0	-275275	288
7	3	31	8	1	135575	32
7	3	31	8	2	-30525	16
7	3	31	9	0	-71225	48
7	3	31	9	1	20075	32
7	3	31	9	2	5775	16
7	3	31	10	0	13255	64
7	3	31	10	1	-48525	128
7	3	31	10	2	495	64
7	3	31	11	0	215	32
7	3	31	11	1	-2475	128
7	3	31	12	0	405	512
7	3	32	5	2	330	1
7	3	32	6	2	2695	1
7	3	32	7	1	-880	1
7	3	32	7	2	2970	1
7	3	32	8	1	-16775	16
7	3	32	8	2	-4125	4
7	3	32	9	0	-275275	1296
7	3	32	9	1	341275	288
7	3	32	9	2	5225	48
7	3	32	10	0	-36575	288
7	3	32	10	1	-9185	32
7	3	32	10	2	-825	32
7	3	32	11	0	1385	48
7	3	32	11	1	5775	128
7	3	32	12	0	-135	128
7	3	33	6	2	385	2
7	3	33	7	2	1815	2
7	3	33	8	1	-275	1
7	3	33	8	2	2475	8
7	3	33	9	1	-3575	72
7	3	33	9	2	-8525	48
7	3	33	10	0	-55055	1728
7	3	33	10	1	6325	48
7	3	33	10	2	1705	64
7	3	33	11	0	-1645	576
7	3	33	11	1	-3785	128
7	3	33	11	2	15	64
7	3	33	12	0	205	384
7	3	33	12	1	-165	512
7	3	34	7	2	165	2
7	3	34	8	2	825	4
7	3	34	9	1	-550	9
7	3	34	9	2	-275	16
7	3	34	10	1	1925	96
7	3	34	10	2	-55	16
7	3	34	11	0	-5005	1728
7	3	34	11	1	115	384
7	3	34	11	2	-55	64
7	3	34	12	0	35	144
7	3	34	12	1	55	64
7	3	35	8	2	825	32
7	3	35	9	2	1375	48
7	3	35	10	1	-55	6
7	3	35	10	2	-495	64
7	3	35	11	1	415	96
7	3	35	11	2	35	32
7	3	35	12	0	-5005	41472
7	3	35	12	1	-3625	4608
7	3	35	12	2	5	1536
7	3	36	9	2	275	48
7	3	36	10	2	55	32
7	3	36	11	1	-5	6
7	3	36	11	2	-15	32
7	3	36	12	1	655	2304
7	3	36	12	2	-5	384
7	3	37	10	2	55	64
7	3	37	11	2	-5	64
7	3	37	12	1	-5	144
7	3	37	12	2	5	256
7	3	38	11	2	5	64
7	3	38	12	2	-5	384
7	3	39	12	2	5	1536
7	4	12	0	0	12597120	1
7	4	12	1	0	-18895680	1
7	4	13	0	0	46189440	1
7	4	13	1	0	-62985600	1
7	4	14	0	0	76982400	1
7	4	14	1	0	-69284160	1
7	4	14	2	0	-34642080	1
7	4	15	0	0	76982400	1
7	4	15	2	0	-103926240	1
7	4	16	0	0	51321600	1
7	4	16	1	0	76982400	1
7	4	16	2	0	-115473600	1
7	4	16	3	0	-28868400	1
7	4	17	0	0	23950080	1
7	4	17	1	0	92378880	1
7	4	17	2	0	-38491200	1
7	4	17	3	0	-76982400	1
7	4	18	0	0	7983360	1
7	4	18	1	0	59875200	1
7	4	18	2	0	38491200	1
7	4	18	3	0	-76982400	1
7	4	18	4	0	-14434200	1
7	4	19	0	0	1900800	1
7	4	19	1	0	25090560	1
7	4	19	2	0	53887680	1
7	4	19	3	0	-25660800	1
7	4	19	4	0	-33679800	1
7	4	20	0	0	316800	1
7	4	20	1	0	7128000	1
7	4	20	2	0	31933440	1
7	4	20	3	0	14968800	1
7	4	20	4	0	-28868400	1
7	4	20	5	0	-4811400	1
7	4	21	0	0	35200	1
7	4	21	1	0	1372800	1
7	4	21	2	0	11404800	1
7	4	21	3	0	19958400	1
7	4	21	4	0	-7484400	1
7	4	21	5	0	-9622800	1
7	4	22	0	0	7040	3
7	4	22	1	0	172480	1
7	4	22	2	0	2613600	1
7	4	22	3	0	9979200	1
7	4	22	4	0	4989600	1
7	4	22	5	0	-6735960	1
7	4	22	6	0	-1122660	1
7	4	23	0	0	640	9
7	4	23	1	0	12800	1
7	4	23	2	0	378400	1
7	4	23	3	0	2851200	1
7	4	23	4	0	4989600	1
7	4	23	5	0	-997920	1
7	4	23	6	0	-1871100	1
7	4	24	1	0	1280	3
7	4	24	2	0	31680	1
7	4	24	3	0	488400	1
7	4	24	4	0	1940400	1
7	4	24	5	0	1247400	1
7	4	24	6	0	-997920	1
7	4	24	7	0	-187110	1
7	4	25	2	0	3520	3
7	4	25	3	0	140800	3
7	4	25	4	0	409200	1
7	4	25	5	0	831600	1
7	4	25	7	0	-249480	1
7	4	26	3	0	17600	9
7	4	26	4	0	46200	1
7	4	26	5	0	231000	1
7	4	26	6	0	207900	1
7	4	26	7	0	-89100	1
7	4	26	8	0	-22275	1
7	4	27	4	0	2200	1
7	4	27	5	0	31680	1
7	4	27	6	0	87780	1
7	4	27	7	0	19800	1
7	4	27	8	0	-22275	1
7	4	28	5	0	1760	1
7	4	28	6	0	15400	1
7	4	28	7	0	21450	1
7	4	28	8	0	-7425	2
7	4	28	9	0	-7425	4
7	4	29	6	0	3080	3
7	4	29	7	0	5280	1
7	4	29	8	0	5775	2
7	4	29	9	0	-2475	2
7	4	30	7	0	440	1
7	4	30	8	0	2475	2
7	4	30	9	0	275	4
7	4	30	10	0	-825	8
7	4	31	8	0	275	2
7	4	31	9	0	550	3
7	4	31	10	0	-275	8
7	4	32	9	0	275	9
7	4	32	10	0	55	4
7	4	32	11	0	-55	16
7	4	33	10	0	55	12
7	4	34	11	0	5	12
7	4	34	12	0	-5	96
7	4	35	12	0	5	288
8	0	6	0	0	58458510	1
8	0	7	0	0	159432300	1
8	0	8	0	0	152346420	1
8	0	8	0	1	2657205	1
8	0	8	1	0	124002900	1
8	0	9	0	0	62001450	1
8	0	9	0	1	4428675	1
8	0	9	1	0	269853930	1
8	0	10	0	0	21848130	1
8	0	10	0	1	-5117580	1
8	0	10	1	0	214544700	1
8	0	10	1	1	3542940	1
8	0	10	2	0	199290375	2
8	0	11	0	0	9622800	1
8	0	11	0	1	-28868400	1
8	0	11	0	2	3542940	1
8	0	11	1	0	101236230	1
8	0	11	1	1	-4723920	1
8	0	11	2	0	344944575	2
8	0	12	0	0	-5751810	1
8	0	12	0	1	-40426695	1
8	0	12	0	2	295245	1
8	0	12	1	0	15888555	1
8	0	12	1	1	-16960185	1
8	0	12	1	2	-885735	2
8	0	12	2	0	227896335	2
8	0	12	2	1	7971615	4
8	0	12	3	0	42515280	1
8	0	13	0	0	33434370	1
8	0	13	0	1	-5762745	1
8	0	13	0	2	-9546255	1
8	0	13	1	0	-172036710	1
8	0	13	1	1	-31142880	1
8	0	13	1	2	7381125	1
8	0	13	2	0	69349770	1
8	0	13	2	1	-69579405	4
8	0	13	3	0	55604475	1
8	0	14	0	0	112773060	1
8	0	14	0	1	49186845	1
8	0	14	0	2	-4953555	1
8	0	14	1	0	-315850185	1
8	0	14	1	1	-83554335	2
8	0	14	1	2	-1476225	2
8	0	14	2	0	-99359055	2
8	0	14	2	1	-15888555	1
8	0	14	2	2	-3247695	4
8	0	14	3	0	31678695	1
8	0	14	3	1	4231845	8
8	0	14	4	0	43401015	4
8	0	15	0	0	145417410	1
8	0	15	0	1	61181325	1
8	0	15	0	2	8824545	1
8	0	15	1	0	-194356260	1
8	0	15	1	1	2693655	1
8	0	15	1	2	-18698850	1
8	0	15	2	0	-668044665	2
8	0	15	2	1	-2722815	2
8	0	15	2	2	29229255	4
8	0	15	3	0	27231795	1
8	0	15	3	1	-34937325	2
8	0	15	4	0	38414655	4
8	0	16	0	0	109935495	1
8	0	16	0	1	23912010	1
8	0	16	0	2	9174465	1
8	0	16	1	0	98660835	2
8	0	16	1	1	153557775	2
8	0	16	1	2	-9677475	2
8	0	16	2	0	-934999605	2
8	0	16	2	1	-60663735	4
8	0	16	2	2	-2165130	1
8	0	16	3	0	-76897350	1
8	0	16	3	1	-19825155	4
8	0	16	3	2	-5412825	8
8	0	16	4	0	96545115	16
8	0	16	4	1	-98415	16
8	0	16	5	0	55079595	32
8	0	17	0	0	55107585	1
8	0	17	0	1	-14023800	1
8	0	17	0	2	-841995	1
8	0	17	1	0	163887525	1
8	0	17	1	1	82513080	1
8	0	17	1	2	18600435	1
8	0	17	2	0	-542261385	2
8	0	17	2	1	10153755	4
8	0	17	2	2	-16599330	1
8	0	17	3	0	-268629615	1
8	0	17	3	1	29183085	2
8	0	17	3	2	9021375	2
8	0	17	4	0	89794575	16
8	0	17	4	1	-155462895	16
8	0	17	5	0	14467005	16
8	0	18	0	0	19206765	1
8	0	18	0	1	-23724450	1
8	0	18	0	2	-5386095	1
8	0	18	1	0	257900865	2
8	0	18	1	1	19552455	1
8	0	18	1	2	25059375	2
8	0	18	2	0	-19910475	4
8	0	18	2	1	103662585	2
8	0	18	2	2	360855	4
8	0	18	3	0	-302873175	1
8	0	18	3	1	-27647325	8
8	0	18	3	2	-9021375	4
8	0	18	4	0	-799427475	16
8	0	18	4	1	11696805	8
8	0	18	4	2	-5412825	16
8	0	18	5	0	40966155	32
8	0	18	5	1	-492075	8
8	0	18	6	0	10639755	64
8	0	19	0	0	4712395	1
8	0	19	0	1	-15356150	1
8	0	19	0	2	-2802195	1
8	0	19	1	0	58673740	1
8	0	19	1	1	-30424950	1
8	0	19	1	2	-5346000	1
8	0	19	2	0	388089855	4
8	0	19	2	1	99808605	2
8	0	19	2	2	66998745	4
8	0	19	3	0	-146565585	1
8	0	19	3	1	-2850795	1
8	0	19	3	2	-17441325	2
8	0	19	4	0	-1959669855	16
8	0	19	4	1	84424275	8
8	0	19	4	2	30672675	16
8	0	19	5	0	-640305	4
8	0	19	5	1	-13985865	4
8	0	19	6	0	8037225	64
8	0	20	0	0	7224875	9
8	0	20	0	1	-18351965	3
8	0	20	0	2	162855	1
8	0	20	1	0	104601905	6
8	0	20	1	1	-34451790	1
8	0	20	1	2	-17708625	2
8	0	20	2	0	70861630	1
8	0	20	2	1	10314225	4
8	0	20	2	2	12683385	2
8	0	20	3	0	-2621205	8
8	0	20	3	1	21230100	1
8	0	20	3	2	19847025	8
8	0	20	4	0	-111643110	1
8	0	20	4	1	-39274875	16
8	0	20	4	2	-5412825	4
8	0	20	5	0	-152262585	8
8	0	20	5	1	7466175	4
8	0	20	5	2	-1804275	16
8	0	20	6	0	2525985	8
8	0	20	6	1	-841995	32
8	0	20	7	0	1089855	128
8	0	21	0	0	272285	3
8	0	21	0	1	-14715845	9
8	0	21	0	2	859155	1
8	0	21	1	0	31093685	9
8	0	21	1	1	-54644060	3
8	0	21	1	2	-2729925	1
8	0	21	2	0	163948045	6
8	0	21	2	1	-102704535	4
8	0	21	2	2	-13378365	2
8	0	21	3	0	77884125	2
8	0	21	3	1	18208485	1
8	0	21	3	2	8486775	1
8	0	21	4	0	-166634055	4
8	0	21	4	1	-48374955	16
8	0	21	4	2	-11828025	4
8	0	21	5	0	-35400915	1
8	0	21	5	1	7422435	2
8	0	21	5	2	4691115	8
8	0	21	6	0	-7742385	16
8	0	21	6	1	-27683775	32
8	0	21	7	0	402165	8
8	0	22	0	0	497635	81
8	0	22	0	1	-2665655	9
8	0	22	0	2	486055	1
8	0	22	1	0	23932195	54
8	0	22	1	1	-106953475	18
8	0	22	1	2	2320725	2
8	0	22	2	0	26066205	4
8	0	22	2	1	-21493300	1
8	0	22	2	2	-23482305	4
8	0	22	3	0	92315675	4
8	0	22	3	1	-27033045	8
8	0	22	3	2	935550	1
8	0	22	4	0	68039175	16
8	0	22	4	1	51916455	8
8	0	22	4	2	28534275	16
8	0	22	5	0	-204884505	8
8	0	22	5	1	-26813025	16
8	0	22	5	2	-8540235	16
8	0	22	6	0	-37653525	8
8	0	22	6	1	12499515	16
8	0	22	6	2	-841995	32
8	0	22	7	0	877635	16
8	0	22	7	1	-411885	64
8	0	22	8	0	8505	256
8	0	23	0	0	45905	243
8	0	23	0	1	-2842855	81
8	0	23	0	2	453865	3
8	0	23	1	0	903460	27
8	0	23	1	1	-1259545	1
8	0	23	1	2	1302150	1
8	0	23	2	0	104546585	108
8	0	23	2	1	-164188705	18
8	0	23	2	2	-2486055	4
8	0	23	3	0	126256625	18
8	0	23	3	1	-23846025	2
8	0	23	3	2	-3927825	1
8	0	23	4	0	171284375	16
8	0	23	4	1	35393535	8
8	0	23	4	2	42166575	16
8	0	23	5	0	-25835685	4
8	0	23	5	1	-8662905	8
8	0	23	5	2	-654885	1
8	0	23	6	0	-54345375	8
8	0	23	6	1	5916645	8
8	0	23	6	2	4209975	32
8	0	23	7	0	-1242675	8
8	0	23	7	1	-150660	1
8	0	23	8	0	3375675	256
8	0	24	0	1	-199705	81
8	0	24	0	2	88865	3
8	0	24	1	0	91810	81
8	0	24	1	1	-9189595	54
8	0	24	1	2	1062775	2
8	0	24	2	0	1488025	18
8	0	24	2	1	-9364025	4
8	0	24	2	2	1227105	1
8	0	24	3	0	268319425	216
8	0	24	3	1	-90404725	12
8	0	24	3	2	-15812775	8
8	0	24	4	0	14021425	3
8	0	24	4	1	-35874475	16
8	0	24	4	2	-452925	1
8	0	24	5	0	32698645	16
8	0	24	5	1	26531505	16
8	0	24	5	2	5386095	8
8	0	24	6	0	-29889195	8
8	0	24	6	1	-4915575	8
8	0	24	6	2	-2338875	16
8	0	24	7	0	-12548115	16
8	0	24	7	1	1535085	8
8	0	24	7	2	-280665	64
8	0	24	8	0	1053945	256
8	0	24	8	1	-266085	256
8	0	24	9	0	-15255	512
8	0	25	0	1	-6325	81
8	0	25	0	2	3655	1
8	0	25	1	1	-361460	27
8	0	25	1	2	124525	1
8	0	25	2	0	504955	162
8	0	25	2	1	-39795085	108
8	0	25	2	2	772255	1
8	0	25	3	0	9897800	81
8	0	25	3	1	-44520575	18
8	0	25	3	2	559075	2
8	0	25	4	0	18585875	18
8	0	25	4	1	-165343225	48
8	0	25	4	2	-1309275	1
8	0	25	5	0	15417875	8
8	0	25	5	1	2731305	4
8	0	25	5	2	1991385	4
8	0	25	6	0	-6858495	16
8	0	25	6	1	-2597595	16
8	0	25	6	2	-1403325	16
8	0	25	7	0	-6996645	8
8	0	25	7	1	298575	4
8	0	25	7	2	173745	8
8	0	25	8	0	-6885405	256
8	0	25	8	1	-4728375	256
8	0	25	9	0	509895	256
8	0	26	0	2	785	3
8	0	26	1	1	-12650	27
8	0	26	1	2	35325	2
8	0	26	2	1	-1779305	54
8	0	26	2	2	910745	4
8	0	26	3	0	2524775	486
8	0	26	3	1	-302997475	648
8	0	26	3	2	6907175	12
8	0	26	4	0	17270825	144
8	0	26	4	1	-1608750	1
8	0	26	4	2	-5091075	16
8	0	26	5	0	82967005	144
8	0	26	5	1	-34401415	48
8	0	26	5	2	-2186415	8
8	0	26	6	0	42064715	96
8	0	26	6	1	1348795	4
8	0	26	6	2	2546775	16
8	0	26	7	0	-2673565	8
8	0	26	7	1	-2073195	16
8	0	26	7	2	-227205	8
8	0	26	8	0	-22612725	256
8	0	26	8	1	1957995	64
8	0	26	8	2	-66825	128
8	0	26	9	0	-160245	512
8	0	26	9	1	-14445	128
8	0	26	10	0	-2925	1024
8	0	27	0	2	25	3
8	0	27	1	2	1420	1
8	0	27	2	1	-69575	54
8	0	27	2	2	152295	4
8	0	27	3	1	-3926450	81
8	0	27	3	2	1407725	6
8	0	27	4	0	2524775	432
8	0	27	4	1	-13785475	36
8	0	27	4	2	3241425	16
8	0	27	5	0	163845	2
8	0	27	5	1	-5137935	8
8	0	27	5	2	-518265	2
8	0	27	6	0	61884515	288
8	0	27	6	1	2015125	48
8	0	27	6	2	765765	16
8	0	27	7	0	253715	12
8	0	27	7	1	16025	8
8	0	27	7	2	-34155	8
8	0	27	8	0	-18978775	256
8	0	27	8	1	-7515	32
8	0	27	8	2	334125	128
8	0	27	9	0	-87675	32
8	0	27	9	1	-99855	64
8	0	27	10	0	183345	1024
8	0	28	1	2	50	1
8	0	28	2	2	6985	2
8	0	28	3	1	-347875	162
8	0	28	3	2	384175	8
8	0	28	4	1	-6809275	144
8	0	28	4	2	584925	4
8	0	28	5	0	504955	108
8	0	28	5	1	-30132245	144
8	0	28	5	2	-26895	16
8	0	28	6	0	17109785	432
8	0	28	6	1	-13416095	96
8	0	28	6	2	-271425	4
8	0	28	7	0	29180195	576
8	0	28	7	1	1133885	24
8	0	28	7	2	781605	32
8	0	28	8	0	-3975125	256
8	0	28	8	1	-4093725	256
8	0	28	8	2	-1002375	256
8	0	28	9	0	-3372125	512
8	0	28	9	1	823685	256
8	0	28	9	2	-22275	512
8	0	28	10	0	-6145	64
8	0	28	10	1	-8145	1024
8	0	28	11	0	-315	2048
8	0	29	2	2	275	2
8	0	29	3	2	15400	3
8	0	29	4	1	-347875	144
8	0	29	4	2	155925	4
8	0	29	5	1	-576565	18
8	0	29	5	2	427515	8
8	0	29	6	0	3534685	1296
8	0	29	6	1	-65294845	864
8	0	29	6	2	-113575	4
8	0	29	7	0	484825	36
8	0	29	7	1	-53625	8
8	0	29	7	2	-6435	8
8	0	29	8	0	14219975	2304
8	0	29	8	1	3390175	768
8	0	29	8	2	195525	256
8	0	29	9	0	-9002675	2304
8	0	29	9	1	-51025	48
8	0	29	9	2	56925	256
8	0	29	10	0	-229595	1536
8	0	29	10	1	-88365	1024
8	0	29	11	0	4615	512
8	0	30	3	2	1375	6
8	0	30	4	2	80025	16
8	0	30	5	1	-69575	36
8	0	30	5	2	336105	16
8	0	30	6	1	-6610835	432
8	0	30	6	2	279125	32
8	0	30	7	0	504955	432
8	0	30	7	1	-9683795	576
8	0	30	7	2	-150645	16
8	0	30	8	0	2390575	768
8	0	30	8	1	964425	256
8	0	30	8	2	601425	256
8	0	30	9	0	-204875	4608
8	0	30	9	1	-4787675	4608
8	0	30	9	2	-192225	512
8	0	30	10	0	-2894375	9216
8	0	30	10	1	20755	96
8	0	30	10	2	-2475	1024
8	0	30	11	0	-24485	3072
8	0	30	11	1	-675	2048
8	0	30	12	0	-15	4096
8	0	31	4	2	4125	16
8	0	31	5	2	6765	2
8	0	31	6	1	-487025	432
8	0	31	6	2	236775	32
8	0	31	7	1	-45980	9
8	0	31	7	2	-8085	8
8	0	31	8	0	2524775	6912
8	0	31	8	1	-4020775	2304
8	0	31	8	2	-213675	256
8	0	31	9	0	2323475	5184
8	0	31	9	1	1508375	2304
8	0	31	9	2	22825	128
8	0	31	10	0	-3027035	27648
8	0	31	10	1	-611885	4608
8	0	31	10	2	13035	1024
8	0	31	11	0	-1405	512
8	0	31	11	1	-1435	512
8	0	31	12	0	805	4096
8	0	32	5	2	825	4
8	0	32	6	2	25795	16
8	0	32	7	1	-69575	144
8	0	32	7	2	99495	64
8	0	32	8	1	-2634775	2304
8	0	32	8	2	-182325	256
8	0	32	9	0	2524775	31104
8	0	32	9	1	3729275	41472
8	0	32	9	2	184525	1536
8	0	32	10	0	424435	13824
8	0	32	10	1	-16445	1024
8	0	32	10	2	-6105	256
8	0	32	11	0	-516355	55296
8	0	32	11	1	77675	9216
8	0	32	11	2	-165	2048
8	0	32	12	0	-4415	18432
8	0	32	12	1	-25	4096
8	0	33	6	2	1925	16
8	0	33	7	2	2145	4
8	0	33	8	1	-347875	2304
8	0	33	8	2	32175	256
8	0	33	9	1	-795575	5184
8	0	33	9	2	-77825	768
8	0	33	10	0	504955	41472
8	0	33	10	1	1101815	27648
8	0	33	10	2	4345	256
8	0	33	11	0	-305	576
8	0	33	11	1	-3785	512
8	0	33	11	2	225	512
8	0	33	12	0	2855	55296
8	0	33	12	1	-165	4096
8	0	34	7	2	825	16
8	0	34	8	2	30525	256
8	0	34	9	1	-347875	10368
8	0	34	9	2	-10175	512
8	0	34	10	1	-109505	13824
8	0	34	10	2	605	1024
8	0	34	11	0	45905	41472
8	0	34	11	1	105155	55296
8	0	34	11	2	-925	1024
8	0	34	12	0	-53225	331776
8	0	34	12	1	2675	18432
8	0	34	12	2	-5	4096
8	0	35	8	2	4125	256
8	0	35	9	2	3025	192
8	0	35	10	1	-69575	13824
8	0	35	10	2	-5445	1024
8	0	35	11	1	2255	3456
8	0	35	11	2	425	512
8	0	35	12	0	45905	995328
8	0	35	12	1	-27215	165888
8	0	35	12	2	85	12288
8	0	36	9	2	1375	384
8	0	36	10	2	385	512
8	0	36	11	1	-6325	13824
8	0	36	11	2	-525	2048
8	0	36	12	1	27995	331776
8	0	36	12	2	-95	6144
8	0	37	10	2	275	512
8	0	37	11	2	-5	64
8	0	37	12	1	-6325	331776
8	0	37	12	2	35	2048
8	0	38	11	2	25	512
8	0	38	12	2	-115	12288
8	0	39	12	2	25	12288
8	1	7	0	0	116917020	1
8	1	8	0	0	396809280	1
8	1	9	0	0	937304460	1
8	1	9	1	0	230291100	1
8	1	10	0	0	1688276520	1
8	1	10	0	1	-14171760	1
8	1	10	1	0	799523460	1
8	1	11	0	0	1929502620	1
8	1	11	0	1	39103560	1
8	1	11	0	2	7085880	1
8	1	11	1	0	1690507260	1
8	1	11	2	0	190137780	1
8	1	12	0	0	884247840	1
8	1	12	0	1	114423840	1
8	1	12	1	0	2768873220	1
8	1	12	1	1	-4723920	1
8	1	12	2	0	664891740	1
8	1	13	0	0	-965302920	1
8	1	13	0	1	28780920	1
8	1	13	0	2	-18895680	1
8	1	13	1	0	3022929720	1
8	1	13	1	1	128595600	1
8	1	13	1	2	14171760	1
8	1	13	2	0	1260225945	1
8	1	13	2	1	-7085880	1
8	1	13	3	0	88179840	1
8	1	14	0	0	-2193473520	1
8	1	14	0	1	-130150800	1
8	1	14	0	2	-8398080	1
8	1	14	1	0	1235946600	1
8	1	14	1	1	193330800	1
8	1	14	1	2	-4723920	1
8	1	14	2	0	2002563000	1
8	1	14	2	1	12597120	1
8	1	14	3	0	312303600	1
8	1	15	0	0	-2122739460	1
8	1	15	0	1	-140211000	1
8	1	15	0	2	17845920	1
8	1	15	1	0	-1673307720	1
8	1	15	1	1	-70917120	1
8	1	15	1	2	-36216720	1
8	1	15	2	0	2228363460	1
8	1	15	2	1	158295060	1
8	1	15	2	2	12990780	1
8	1	15	3	0	523276200	1
8	1	15	3	1	-11809800	1
8	1	15	4	0	26244000	1
8	1	16	0	0	-1315120320	1
8	1	16	0	1	-28071360	1
8	1	16	0	2	16796160	1
8	1	16	1	0	-3310252920	1
8	1	16	1	1	-305771760	1
8	1	16	1	2	-4723920	1
8	1	16	2	0	846845280	1
8	1	16	2	1	132065640	1
8	1	16	2	2	-8660520	1
8	1	16	3	0	882867600	1
8	1	16	3	1	17714700	1
8	1	16	4	0	95025150	1
8	1	17	0	0	-569780820	1
8	1	17	0	1	48834360	1
8	1	17	0	2	-2566080	1
8	1	17	1	0	-2882575620	1
8	1	17	1	1	-193952880	1
8	1	17	1	2	37266480	1
8	1	17	2	0	-1301019570	1
8	1	17	2	1	-161079840	1
8	1	17	2	2	-30311820	1
8	1	17	3	0	1054522800	1
8	1	17	3	1	108499500	1
8	1	17	3	2	7217100	1
8	1	17	4	0	271279125	2
8	1	17	4	1	-8857350	1
8	1	17	5	0	11427075	2
8	1	18	0	0	-177421880	1
8	1	18	0	1	49319280	1
8	1	18	0	2	-10264320	1
8	1	18	1	0	-1580770620	1
8	1	18	1	1	32691600	1
8	1	18	1	2	21170160	1
8	1	18	2	0	-2271087720	1
8	1	18	2	1	-274696920	1
8	1	18	2	2	5773680	1
8	1	18	3	0	368459280	1
8	1	18	3	1	40046400	1
8	1	18	3	2	-7217100	1
8	1	18	4	0	277973775	1
8	1	18	4	1	12629925	1
8	1	18	5	0	40885965	2
8	1	19	0	0	-119175140	3
8	1	19	0	1	23679000	1
8	1	19	0	2	-4918320	1
8	1	19	1	0	-591641220	1
8	1	19	1	1	112924800	1
8	1	19	1	2	-12188880	1
8	1	19	2	0	-1749447900	1
8	1	19	2	1	-90073620	1
8	1	19	2	2	32236380	1
8	1	19	3	0	-622155600	1
8	1	19	3	1	-130077900	1
8	1	19	3	2	-14434200	1
8	1	19	4	0	715831425	2
8	1	19	4	1	94387275	2
8	1	19	4	2	5412825	2
8	1	19	5	0	45984105	2
8	1	19	5	1	-3936600	1
8	1	19	6	0	4414095	4
8	1	20	0	0	-56351200	9
8	1	20	0	1	20958560	3
8	1	20	0	2	506880	1
8	1	20	1	0	-462662740	3
8	1	20	1	1	74304720	1
8	1	20	1	2	-16465680	1
8	1	20	2	0	-828342660	1
8	1	20	2	1	79788240	1
8	1	20	2	2	8660520	1
8	1	20	3	0	-937994400	1
8	1	20	3	1	-128933100	1
8	1	20	3	2	8019000	1
8	1	20	4	0	103721850	1
8	1	20	4	1	-1032750	1
8	1	20	4	2	-3608550	1
8	1	20	5	0	137037015	2
8	1	20	5	1	5883030	1
8	1	20	6	0	3299940	1
8	1	21	0	0	-5947280	9
8	1	21	0	1	3952120	3
8	1	21	0	2	1615680	1
8	1	21	1	0	-83041840	3
8	1	21	1	1	26781360	1
8	1	21	1	2	-4348080	1
8	1	21	2	0	-259279035	1
8	1	21	2	1	92981160	1
8	1	21	2	2	-14059980	1
8	1	21	3	0	-620686500	1
8	1	21	3	1	-5135400	1
8	1	21	3	2	15236100	1
8	1	21	4	0	-415455075	2
8	1	21	4	1	-116577225	2
8	1	21	4	2	-4209975	1
8	1	21	5	0	178722855	2
8	1	21	5	1	13605570	1
8	1	21	5	2	721710	1
8	1	21	6	0	20233395	8
8	1	21	6	1	-1148175	1
8	1	21	7	0	213840	1
8	1	22	0	0	-3400640	81
8	1	22	0	1	1364240	9
8	1	22	0	2	871680	1
8	1	22	1	0	-88367440	27
8	1	22	1	1	17715760	3
8	1	22	1	2	2463120	1
8	1	22	2	0	-487044800	9
8	1	22	2	1	43668240	1
8	1	22	2	2	-10406880	1
8	1	22	3	0	-245008300	1
8	1	22	3	1	55195200	1
8	1	22	3	2	-267300	1
8	1	22	4	0	-257572425	1
8	1	22	4	1	-33867450	1
8	1	22	4	2	4410450	1
8	1	22	5	0	33394725	2
8	1	22	5	1	-5481270	1
8	1	22	5	2	-1202850	1
8	1	22	6	0	27243405	2
8	1	22	6	1	1888110	1
8	1	22	7	0	802305	2
8	1	23	0	0	-98440	81
8	1	23	0	1	712280	81
8	1	23	0	2	790240	3
8	1	23	1	0	-6210640	27
8	1	23	1	1	7011200	9
8	1	23	1	2	2410320	1
8	1	23	2	0	-196503340	27
8	1	23	2	1	11611180	1
8	1	23	2	2	-516780	1
8	1	23	3	0	-183761600	3
8	1	23	3	1	38800000	1
8	1	23	3	2	-7722000	1
8	1	23	4	0	-140506400	1
8	1	23	4	1	11083275	1
8	1	23	4	2	8486775	2
8	1	23	5	0	-101066595	2
8	1	23	5	1	-16188660	1
8	1	23	5	2	-721710	1
8	1	23	6	0	64558935	4
8	1	23	6	1	5154975	2
8	1	23	6	2	280665	2
8	1	23	7	0	323055	2
8	1	23	7	1	-229635	1
8	1	23	8	0	2351835	64
8	1	24	0	1	3200	81
8	1	24	0	2	151040	3
8	1	24	1	0	-196880	27
8	1	24	1	1	1406800	27
8	1	24	1	2	939920	1
8	1	24	2	0	-15455000	27
8	1	24	2	1	16096520	9
8	1	24	2	2	2430120	1
8	1	24	3	0	-258115000	27
8	1	24	3	1	13063700	1
8	1	24	3	2	-3207600	1
8	1	24	4	0	-44041800	1
8	1	24	4	1	19632000	1
8	1	24	4	2	-1514700	1
8	1	24	5	0	-97049985	2
8	1	24	5	1	-4334400	1
8	1	24	5	2	1416690	1
8	1	24	6	0	637875	1
8	1	24	6	1	-2197125	1
8	1	24	6	2	-280665	1
8	1	24	7	0	4276125	2
8	1	24	7	1	846855	2
8	1	24	8	0	261225	8
8	1	25	0	1	-1240	81
8	1	25	0	2	6080	1
8	1	25	1	1	13840	27
8	1	25	1	2	213520	1
8	1	25	2	0	-541420	27
8	1	25	2	1	3758480	27
8	1	25	2	2	1399420	1
8	1	25	3	0	-69153700	81
8	1	25	3	1	7232500	3
8	1	25	3	2	782100	1
8	1	25	4	0	-73817150	9
8	1	25	4	1	9162125	1
8	1	25	4	2	-2390850	1
8	1	25	5	0	-62030650	3
8	1	25	5	1	4986240	1
8	1	25	5	2	659340	1
8	1	25	6	0	-71012515	8
8	1	25	6	1	-2833740	1
8	1	25	6	2	-93555	2
8	1	25	7	0	8105505	4
8	1	25	7	1	589815	2
8	1	25	7	2	40095	2
8	1	25	8	0	220275	64
8	1	25	8	1	-127575	4
8	1	25	9	0	297675	64
8	1	26	0	2	1280	3
8	1	26	1	1	-2480	27
8	1	26	1	2	29520	1
8	1	26	2	1	58520	27
8	1	26	2	2	395120	1
8	1	26	3	0	-2707100	81
8	1	26	3	1	17934400	81
8	1	26	3	2	3268100	3
8	1	26	4	0	-7629050	9
8	1	26	4	1	6317575	3
8	1	26	4	2	-405900	1
8	1	26	5	0	-43109330	9
8	1	26	5	1	4052040	1
8	1	26	5	2	-623700	1
8	1	26	6	0	-18631690	3
8	1	26	6	1	75005	1
8	1	26	6	2	291060	1
8	1	26	7	0	-1267315	4
8	1	26	7	1	-471645	1
8	1	26	7	2	-93555	2
8	1	26	8	0	8101425	32
8	1	26	8	1	1059075	16
8	1	26	9	0	64125	64
8	1	27	0	2	40	3
8	1	27	1	2	2320	1
8	1	27	2	1	-6820	27
8	1	27	2	2	64020	1
8	1	27	3	1	394900	81
8	1	27	3	2	1243000	3
8	1	27	4	0	-676775	18
8	1	27	4	1	4192375	18
8	1	27	4	2	857175	2
8	1	27	5	0	-5291110	9
8	1	27	5	1	3713380	3
8	1	27	5	2	-429660	1
8	1	27	6	0	-34534885	18
8	1	27	6	1	1056895	1
8	1	27	6	2	31185	1
8	1	27	7	0	-1082675	1
8	1	27	7	1	-584535	2
8	1	27	7	2	8910	1
8	1	27	8	0	10506525	64
8	1	27	8	1	417375	32
8	1	27	8	2	66825	32
8	1	27	9	0	575	64
8	1	27	9	1	-6075	2
8	1	27	10	0	12285	32
8	1	28	1	2	80	1
8	1	28	2	2	5720	1
8	1	28	3	1	-34100	81
8	1	28	3	2	81400	1
8	1	28	4	1	62150	9
8	1	28	4	2	265650	1
8	1	28	5	0	-270710	9
8	1	28	5	1	1529770	9
8	1	28	5	2	34980	1
8	1	28	6	0	-7838215	27
8	1	28	6	1	1468775	3
8	1	28	6	2	-131670	1
8	1	28	7	0	-4632430	9
8	1	28	7	1	116455	1
8	1	28	7	2	38610	1
8	1	28	8	0	-1719025	24
8	1	28	8	1	-490425	8
8	1	28	8	2	-22275	4
8	1	28	9	0	4099475	192
8	1	28	9	1	113175	16
8	1	28	10	0	-6615	64
8	1	29	2	2	220	1
8	1	29	3	2	25300	3
8	1	29	4	1	-8525	18
8	1	29	4	2	66825	1
8	1	29	5	1	59950	9
8	1	29	5	2	102630	1
8	1	29	6	0	-947485	54
8	1	29	6	1	2365825	27
8	1	29	6	2	-39655	1
8	1	29	7	0	-1833425	18
8	1	29	7	1	749155	6
8	1	29	7	2	-8415	1
8	1	29	8	0	-12368125	144
8	1	29	8	1	-399675	32
8	1	29	8	2	22275	8
8	1	29	9	0	1017775	144
8	1	29	9	1	-67025	48
8	1	29	9	2	2475	16
8	1	29	10	0	45715	768
8	1	29	10	1	-6075	32
8	1	29	11	0	585	32
8	1	30	3	2	1100	3
8	1	30	4	2	8250	1
8	1	30	5	1	-3410	9
8	1	30	5	2	36630	1
8	1	30	6	1	122815	27
8	1	30	6	2	20020	1
8	1	30	7	0	-135355	18
8	1	30	7	1	285835	9
8	1	30	7	2	-16005	1
8	1	30	8	0	-223025	9
8	1	30	8	1	856625	48
8	1	30	8	2	12375	4
8	1	30	9	0	-1026575	144
8	1	30	9	1	-224875	48
8	1	30	9	2	-7425	16
8	1	30	10	0	28325	24
8	1	30	10	1	3945	8
8	1	30	11	0	-195	16
8	1	31	4	2	825	2
8	1	31	5	2	5610	1
8	1	31	6	1	-11935	54
8	1	31	6	2	26565	2
8	1	31	7	1	40205	18
8	1	31	7	2	-330	1
8	1	31	8	0	-676775	288
8	1	31	8	1	2260225	288
8	1	31	8	2	-30525	16
8	1	31	9	0	-5106475	1296
8	1	31	9	1	22825	36
8	1	31	9	2	5775	16
8	1	31	10	0	33385	1728
8	1	31	10	1	-49705	192
8	1	31	10	2	495	64
8	1	31	11	0	1145	144
8	1	31	11	1	-225	32
8	1	31	12	0	195	512
8	1	32	5	2	330	1
8	1	32	6	2	2695	1
8	1	32	7	1	-1705	18
8	1	32	7	2	2970	1
8	1	32	8	1	28325	36
8	1	32	8	2	-4125	4
8	1	32	9	0	-676775	1296
8	1	32	9	1	1585375	1296
8	1	32	9	2	5225	48
8	1	32	10	0	-307615	864
8	1	32	10	1	-49555	288
8	1	32	10	2	-825	32
8	1	32	11	0	31655	864
8	1	32	11	1	1295	64
8	1	32	12	0	-25	64
8	1	33	6	2	385	2
8	1	33	7	2	1815	2
8	1	33	8	1	-8525	288
8	1	33	8	2	2475	8
8	1	33	9	1	252175	1296
8	1	33	9	2	-8525	48
8	1	33	10	0	-135355	1728
8	1	33	10	1	20845	216
8	1	33	10	2	1705	64
8	1	33	11	0	-19015	1728
8	1	33	11	1	-9425	576
8	1	33	11	2	15	64
8	1	33	12	0	535	1728
8	1	33	12	1	-15	128
8	1	34	7	2	165	2
8	1	34	8	2	825	4
8	1	34	9	1	-8525	1296
8	1	34	9	2	-275	16
8	1	34	10	1	27775	864
8	1	34	10	2	-55	16
8	1	34	11	0	-12305	1728
8	1	34	11	1	25	432
8	1	34	11	2	-55	64
8	1	34	12	0	4475	10368
8	1	34	12	1	95	256
8	1	35	8	2	825	32
8	1	35	9	2	1375	48
8	1	35	10	1	-1705	1728
8	1	35	10	2	-495	64
8	1	35	11	1	5515	1728
8	1	35	11	2	35	32
8	1	35	12	0	-12305	41472
8	1	35	12	1	-16355	41472
8	1	35	12	2	5	1536
8	1	36	9	2	275	48
8	1	36	10	2	55	32
8	1	36	11	1	-155	1728
8	1	36	11	2	-15	32
8	1	36	12	1	1495	10368
8	1	36	12	2	-5	384
8	1	37	10	2	55	64
8	1	37	11	2	-5	64
8	1	37	12	1	-155	41472
8	1	37	12	2	5	256
8	1	38	11	2	5	64
8	1	38	12	2	-5	384
8	1	39	12	2	5	1536
8	2	7	0	0	14171760	1
8	2	8	0	0	11809800	1
8	2	8	0	1	77944680	1
8	2	8	1	0	10628820	1
8	2	9	0	0	-35429400	1
8	2	9	0	1	148803480	1
8	2	9	1	0	40153320	1
8	2	10	0	0	-82143720	1
8	2	10	0	1	-14171760	1
8	2	10	1	0	6692220	1
8	2	10	1	1	148803480	1
8	2	10	2	0	25391070	1
8	2	11	0	0	-75495240	1
8	2	11	0	1	-223598880	1
8	2	11	0	2	-7085880	1
8	2	11	1	0	-103401360	1
8	2	11	1	1	226748160	1
8	2	11	2	0	65150730	1
8	2	12	0	0	-5161320	1
8	2	12	0	1	-159825960	1
8	2	12	0	2	-2361960	1
8	2	12	1	0	-195911460	1
8	2	12	1	1	-116523360	1
8	2	12	1	2	3542940	1
8	2	12	2	0	21257640	1
8	2	12	2	1	125774370	1
8	2	12	3	0	23127525	1
8	2	13	0	0	96548760	1
8	2	13	0	1	39890880	1
8	2	13	0	2	19683000	1
8	2	13	1	0	-213072120	1
8	2	13	1	1	-416492280	1
8	2	13	1	2	-16533720	1
8	2	13	2	0	-84068280	1
8	2	13	2	1	165730860	1
8	2	13	3	0	50782140	1
8	2	14	0	0	164251800	1
8	2	14	0	1	92116440	1
8	2	14	0	2	14434200	1
8	2	14	1	0	-121291020	1
8	2	14	1	1	-182527020	1
8	2	14	1	2	-8266860	1
8	2	14	2	0	-170666190	1
8	2	14	2	1	-144473220	1
8	2	14	2	2	6495390	1
8	2	14	3	0	18392670	1
8	2	14	3	1	62690355	1
8	2	14	4	0	22733865	2
8	2	15	0	0	157416480	1
8	2	15	0	1	17583480	1
8	2	15	0	2	-17058600	1
8	2	15	1	0	56602800	1
8	2	15	1	1	178459200	1
8	2	15	1	2	40940640	1
8	2	15	2	0	-218896830	1
8	2	15	2	1	-353965950	1
8	2	15	2	2	-19486170	1
8	2	15	3	0	-34933680	1
8	2	15	3	1	83652750	1
8	2	15	4	0	20689020	1
8	2	16	0	0	101258280	1
8	2	16	0	1	-24300000	1
8	2	16	0	2	-23007240	1
8	2	16	1	0	192127140	1
8	2	16	1	1	182118780	1
8	2	16	1	2	24538140	1
8	2	16	2	0	-166991220	1
8	2	16	2	1	-83958930	1
8	2	16	2	2	-8660520	1
8	2	16	3	0	-79770825	1
8	2	16	3	1	-90804240	1
8	2	16	3	2	5412825	1
8	2	16	4	0	4363065	1
8	2	16	4	1	41432715	2
8	2	16	5	0	3433590	1
8	2	17	0	0	45944040	1
8	2	17	0	1	-4389480	1
8	2	17	0	2	-962280	1
8	2	17	1	0	196757640	1
8	2	17	1	1	-3304800	1
8	2	17	1	2	-37004040	1
8	2	17	2	0	-12396240	1
8	2	17	2	1	212860710	1
8	2	17	2	2	41859180	1
8	2	17	3	0	-124650900	1
8	2	17	3	1	-193192290	1
8	2	17	3	2	-14434200	1
8	2	17	4	0	-7946100	1
8	2	17	4	1	34182810	1
8	2	17	5	0	4089690	1
8	2	18	0	0	14923640	1
8	2	18	0	1	18411840	1
8	2	18	0	2	12295800	1
8	2	18	1	0	119716140	1
8	2	18	1	1	-65862720	1
8	2	18	1	2	-36727020	1
8	2	18	2	0	109054350	1
8	2	18	2	1	145804860	1
8	2	18	2	2	16599330	1
8	2	18	3	0	-106273620	1
8	2	18	3	1	-12119625	1
8	2	18	3	2	-3608550	1
8	2	18	4	0	-43912125	2
8	2	18	4	1	-39617505	1
8	2	18	4	2	5412825	2
8	2	18	5	0	-1202850	1
8	2	18	5	1	4855140	1
8	2	18	6	0	1352295	2
8	2	19	0	0	10357400	3
8	2	19	0	1	18602640	1
8	2	19	0	2	7662600	1
8	2	19	1	0	48254800	1
8	2	19	1	1	-13335840	1
8	2	19	1	2	6201360	1
8	2	19	2	0	116203770	1
8	2	19	2	1	-33895260	1
8	2	19	2	2	-37288350	1
8	2	19	3	0	-19647360	1
8	2	19	3	1	137275560	1
8	2	19	3	2	26462700	1
8	2	19	4	0	-46673010	1
8	2	19	4	1	-76308075	1
8	2	19	4	2	-7217100	1
8	2	19	5	0	93150	1
8	2	19	5	1	11416140	1
8	2	19	6	0	-25515	1
8	2	20	0	0	4994360	9
8	2	20	0	1	9333560	1
8	2	20	0	2	217800	1
8	2	20	1	0	39722660	3
8	2	20	1	1	26007480	1
8	2	20	1	2	21437460	1
8	2	20	2	0	63876040	1
8	2	20	2	1	-62911890	1
8	2	20	2	2	-24751980	1
8	2	20	3	0	42442065	1
8	2	20	3	1	63239400	1
8	2	20	3	2	4209975	1
8	2	20	4	0	-40568310	1
8	2	20	4	1	19324575	2
8	2	20	5	0	-3443310	1
8	2	20	5	1	-13942125	1
8	2	20	5	2	1804275	2
8	2	20	6	0	-1800225	2
8	2	20	6	1	3393495	4
8	2	20	7	0	178605	2
8	2	21	0	0	1586440	27
8	2	21	0	1	2919120	1
8	2	21	0	2	-2026200	1
8	2	21	1	0	22045480	9
8	2	21	1	1	23319080	1
8	2	21	1	2	8795160	1
8	2	21	2	0	21789240	1
8	2	21	2	1	-7798680	1
8	2	21	2	2	11333520	1
8	2	21	3	0	42608100	1
8	2	21	3	1	-33094980	1
8	2	21	3	2	-22185900	1
8	2	21	4	0	-6592320	1
8	2	21	4	1	57191265	1
8	2	21	4	2	11026125	1
8	2	21	5	0	-12739680	1
8	2	21	5	1	-21912525	1
8	2	21	5	2	-2525985	1
8	2	21	6	0	841995	1
8	2	21	6	1	2934225	1
8	2	21	7	0	-461295	2
8	2	22	0	0	99080	27
8	2	22	0	1	1788040	3
8	2	22	0	2	-1273400	1
8	2	22	1	0	7884940	27
8	2	22	1	1	9757140	1
8	2	22	1	2	-1893540	1
8	2	22	2	0	14308030	3
8	2	22	2	1	18656180	1
8	2	22	2	2	15743970	1
8	2	22	3	0	19788450	1
8	2	22	3	1	-30941055	1
8	2	22	3	2	-8286300	1
8	2	22	4	0	25587225	2
8	2	22	4	1	14474295	1
8	2	22	4	2	-2071575	2
8	2	22	5	0	-10126620	1
8	2	22	5	1	15912045	2
8	2	22	5	2	1323135	2
8	2	22	6	0	-617085	2
8	2	22	6	1	-3997350	1
8	2	22	6	2	841995	4
8	2	22	7	0	-398115	2
8	2	22	7	1	922185	8
8	2	22	8	0	8100	1
8	2	23	0	0	8240	81
8	2	23	0	1	2101000	27
8	2	23	0	2	-1260200	3
8	2	23	1	0	60560	3
8	2	23	1	1	7289440	3
8	2	23	1	2	-3186240	1
8	2	23	2	0	17598790	27
8	2	23	2	1	13063930	1
8	2	23	2	2	3421770	1
8	2	23	3	0	16053400	3
8	2	23	3	1	-87650	1
8	2	23	3	2	8256600	1
8	2	23	4	0	10456600	1
8	2	23	4	1	-16301385	1
8	2	23	4	2	-8353125	1
8	2	23	5	0	-664830	1
8	2	23	5	1	15895440	1
8	2	23	5	2	3073950	1
8	2	23	6	0	-2674350	1
8	2	23	6	1	-17281215	4
8	2	23	6	2	-2525985	4
8	2	23	7	0	640575	2
8	2	23	7	1	2202795	4
8	2	23	8	0	-63585	1
8	2	24	0	1	160120	27
8	2	24	0	2	-257800	3
8	2	24	1	0	16480	27
8	2	24	1	1	3327500	9
8	2	24	1	2	-1431340	1
8	2	24	2	0	454300	9
8	2	24	2	1	12757030	3
8	2	24	2	2	-2526480	1
8	2	24	3	0	859375	1
8	2	24	3	1	8217000	1
8	2	24	3	2	6189975	1
8	2	24	4	0	11333300	3
8	2	24	4	1	-17102325	2
8	2	24	4	2	-920700	1
8	2	24	5	0	5848425	2
8	2	24	5	1	1265355	2
8	2	24	5	2	-1136025	1
8	2	24	6	0	-1651545	1
8	2	24	6	1	2985255	1
8	2	24	6	2	654885	2
8	2	24	7	0	-212985	4
8	2	24	7	1	-3502845	4
8	2	24	7	2	280665	8
8	2	24	8	0	-468585	32
8	2	24	8	1	399735	32
8	2	24	9	0	34155	64
8	2	25	0	1	5440	27
8	2	25	0	2	-11000	1
8	2	25	1	1	287600	9
8	2	25	1	2	-355640	1
8	2	25	2	0	45320	27
8	2	25	2	1	7015030	9
8	2	25	2	2	-1979780	1
8	2	25	3	0	2044900	27
8	2	25	3	1	4092550	1
8	2	25	3	2	110000	1
8	2	25	4	0	6658025	9
8	2	25	4	1	1442925	1
8	2	25	4	2	3301650	1
8	2	25	5	0	1704615	1
8	2	25	5	1	-4735275	1
8	2	25	5	2	-2004750	1
8	2	25	6	0	307615	2
8	2	25	6	1	11314485	4
8	2	25	6	2	561330	1
8	2	25	7	0	-846555	2
8	2	25	7	1	-2074005	4
8	2	25	7	2	-227205	2
8	2	25	8	0	1958715	32
8	2	25	8	1	2330775	32
8	2	25	9	0	-296685	32
8	2	26	0	2	-2440	3
8	2	26	1	1	10880	9
8	2	26	1	2	-52740	1
8	2	26	2	1	701140	9
8	2	26	2	2	-636130	1
8	2	26	3	0	226600	81
8	2	26	3	1	25743575	27
8	2	26	3	2	-4010050	3
8	2	26	4	0	151525	2
8	2	26	4	1	2253350	1
8	2	26	4	2	2655675	2
8	2	26	5	0	7791685	18
8	2	26	5	1	-2430285	2
8	2	26	5	2	315315	1
8	2	26	6	0	5566715	12
8	2	26	6	1	-1164135	2
8	2	26	6	2	-800415	2
8	2	26	7	0	-158785	1
8	2	26	7	1	2652615	4
8	2	26	7	2	173745	2
8	2	26	8	0	-601575	32
8	2	26	8	1	-2204415	16
8	2	26	8	2	66825	16
8	2	26	9	0	108285	64
8	2	26	9	1	34065	32
8	2	26	10	0	3645	128
8	2	27	0	2	-80	3
8	2	27	1	2	-4400	1
8	2	27	2	1	29920	9
8	2	27	2	2	-112530	1
8	2	27	3	1	3056900	27
8	2	27	3	2	-1901900	3
8	2	27	4	0	28325	9
8	2	27	4	1	2219800	3
8	2	27	4	2	-334950	1
8	2	27	5	0	159170	3
8	2	27	5	1	602030	1
8	2	27	5	2	784080	1
8	2	27	6	0	6228145	36
8	2	27	6	1	-3260565	4
8	2	27	6	2	-578655	2
8	2	27	7	0	339185	6
8	2	27	7	1	1121235	4
8	2	27	7	2	60885	1
8	2	27	8	0	-1467675	32
8	2	27	8	1	-93285	4
8	2	27	8	2	-467775	32
8	2	27	9	0	100825	16
8	2	27	9	1	13095	2
8	2	27	10	0	-102885	128
8	2	28	1	2	-160	1
8	2	28	2	2	-10780	1
8	2	28	3	1	149600	27
8	2	28	3	2	-139975	1
8	2	28	4	1	652025	6
8	2	28	4	2	-372900	1
8	2	28	5	0	22660	9
8	2	28	5	1	2223925	6
8	2	28	5	2	236775	2
8	2	28	6	0	477785	18
8	2	28	6	1	-124355	4
8	2	28	6	2	147840	1
8	2	28	7	0	3293015	72
8	2	28	7	1	-672705	4
8	2	28	7	2	-318285	4
8	2	28	8	0	-176825	32
8	2	28	8	1	2864325	32
8	2	28	8	2	467775	32
8	2	28	9	0	-676775	192
8	2	28	9	1	-237105	16
8	2	28	9	2	22275	64
8	2	28	10	0	14125	32
8	2	28	10	1	8505	128
8	2	28	11	0	315	256
8	2	29	2	2	-440	1
8	2	29	3	2	-47300	3
8	2	29	4	1	18700	3
8	2	29	4	2	-111375	1
8	2	29	5	1	215930	3
8	2	29	5	2	-119625	1
8	2	29	6	0	39655	27
8	2	29	6	1	4079075	36
8	2	29	6	2	108185	1
8	2	29	7	0	18975	2
8	2	29	7	1	-297935	4
8	2	29	7	2	-18810	1
8	2	29	8	0	2069375	288
8	2	29	8	1	103125	16
8	2	29	8	2	71775	32
8	2	29	9	0	-816475	288
8	2	29	9	1	89825	32
8	2	29	9	2	-42075	32
8	2	29	10	0	6875	24
8	2	29	10	1	24165	64
8	2	29	11	0	-2515	64
8	2	30	3	2	-2200	3
8	2	30	4	2	-30525	2
8	2	30	5	1	14960	3
8	2	30	5	2	-116325	2
8	2	30	6	1	598675	18
8	2	30	6	2	-38885	4
8	2	30	7	0	5665	9
8	2	30	7	1	376255	24
8	2	30	7	2	54615	2
8	2	30	8	0	227975	96
8	2	30	8	1	-666325	32
8	2	30	8	2	-304425	32
8	2	30	9	0	709775	1728
8	2	30	9	1	439725	64
8	2	30	9	2	103125	64
8	2	30	10	0	-358655	1152
8	2	30	10	1	-65735	64
8	2	30	10	2	2475	128
8	2	30	11	0	4515	128
8	2	30	11	1	675	256
8	2	30	12	0	15	512
8	2	31	4	2	-825	1
8	2	31	5	2	-10230	1
8	2	31	6	1	26180	9
8	2	31	6	2	-77385	4
8	2	31	7	1	63085	6
8	2	31	7	2	7095	1
8	2	31	8	0	28325	144
8	2	31	8	1	-179575	96
8	2	31	8	2	30525	32
8	2	31	9	0	171325	432
8	2	31	9	1	-19525	12
8	2	31	9	2	-1375	4
8	2	31	10	0	-197945	3456
8	2	31	10	1	66165	128
8	2	31	10	2	-10065	128
8	2	31	11	0	-85	48
8	2	31	11	1	1595	128
8	2	31	12	0	-215	256
8	2	32	5	2	-660	1
8	2	32	6	2	-9625	2
8	2	32	7	1	3740	3
8	2	32	7	2	-28215	8
8	2	32	8	1	203225	96
8	2	32	8	2	83325	32
8	2	32	9	0	28325	648
8	2	32	9	1	-1971475	1728
8	2	32	9	2	-121825	192
8	2	32	10	0	7645	192
8	2	32	10	1	85855	384
8	2	32	10	2	1815	16
8	2	32	11	0	-73615	6912
8	2	32	11	1	-2635	64
8	2	32	11	2	165	256
8	2	32	12	0	265	256
8	2	32	12	1	25	512
8	2	33	6	2	-385	1
8	2	33	7	2	-3135	2
8	2	33	8	1	4675	12
8	2	33	8	2	-2475	32
8	2	33	9	1	91025	432
8	2	33	9	2	26675	96
8	2	33	10	0	5665	864
8	2	33	10	1	-187825	1152
8	2	33	10	2	-3575	64
8	2	33	11	0	1055	576
8	2	33	11	1	12505	384
8	2	33	11	2	-45	16
8	2	33	12	0	-515	1152
8	2	33	12	1	45	256
8	2	34	7	2	-165	1
8	2	34	8	2	-10725	32
8	2	34	9	1	4675	54
8	2	34	9	2	6875	64
8	2	34	10	1	-4235	576
8	2	34	10	2	-1925	128
8	2	34	11	0	515	864
8	2	34	11	1	-7975	2304
8	2	34	11	2	595	128
8	2	34	12	0	25	13824
8	2	34	12	1	-185	256
8	2	34	12	2	5	512
8	2	35	8	2	-825	16
8	2	35	9	2	-1925	48
8	2	35	10	1	935	72
8	2	35	10	2	2475	128
8	2	35	11	1	-2425	576
8	2	35	11	2	-215	64
8	2	35	12	0	515	20736
8	2	35	12	1	5335	6912
8	2	35	12	2	-35	768
8	2	36	9	2	-275	24
8	2	36	10	2	-55	64
8	2	36	11	1	85	72
8	2	36	11	2	165	256
8	2	36	12	1	-4465	13824
8	2	36	12	2	65	768
8	2	37	10	2	-55	32
8	2	37	11	2	25	64
8	2	37	12	1	85	1728
8	2	37	12	2	-5	64
8	2	38	11	2	-5	32
8	2	38	12	2	55	1536
8	2	39	12	2	-5	768
8	3	9	0	0	-18895680	1
8	3	10	0	0	-62985600	1
8	3	11	0	0	-86080320	1
8	3	11	0	1	-4723920	1
8	3	11	1	0	-31492800	1
8	3	12	0	0	-25194240	1
8	3	12	0	1	-9447840	1
8	3	12	1	0	-132269760	1
8	3	13	0	0	104626080	1
8	3	13	0	1	-1574640	1
8	3	13	1	0	-234096480	1
8	3	13	1	1	-9447840	1
8	3	13	2	0	-24406920	1
8	3	14	0	0	201631680	1
8	3	14	0	1	11897280	1
8	3	14	1	0	-171810720	1
8	3	14	1	1	-15746400	1
8	3	14	2	0	-134369280	1
8	3	15	0	0	198093600	1
8	3	15	0	1	13471920	1
8	3	15	1	0	57153600	1
8	3	15	1	1	2099520	1
8	3	15	2	0	-266464080	1
8	3	15	2	1	-8660520	1
8	3	15	3	0	-11809800	1
8	3	16	0	0	127422720	1
8	3	16	0	1	3849120	1
8	3	16	1	0	241444800	1
8	3	16	1	1	23094720	1
8	3	16	2	0	-225115200	1
8	3	16	2	1	-11547360	1
8	3	16	3	0	-85293000	1
8	3	17	0	0	57507840	1
8	3	17	0	1	-4062960	1
8	3	17	1	0	248391360	1
8	3	17	1	1	19245600	1
8	3	17	2	0	-15746400	1
8	3	17	2	1	5773680	1
8	3	17	3	0	-171363600	1
8	3	17	3	1	-4811400	1
8	3	17	4	0	-4045950	1
8	3	18	0	0	18635520	1
8	3	18	0	1	-5132160	1
8	3	18	1	0	149532480	1
8	3	18	1	1	1283040	1
8	3	18	2	0	142067520	1
8	3	18	2	1	19245600	1
8	3	18	3	0	-139870800	1
8	3	18	3	1	-4811400	1
8	3	18	4	0	-36960300	1
8	3	19	0	0	4334080	1
8	3	19	0	1	-2922480	1
8	3	19	1	0	59814720	1
8	3	19	1	1	-8553600	1
8	3	19	2	0	146422080	1
8	3	19	2	1	11226600	1
8	3	19	3	0	-18824400	1
8	3	19	3	1	4811400	1
8	3	19	4	0	-70093350	1
8	3	19	4	1	-1804275	1
8	3	19	5	0	-1049760	1
8	3	20	0	0	2124800	3
8	3	20	0	1	-1050720	1
8	3	20	1	0	16443200	1
8	3	20	1	1	-7413120	1
8	3	20	2	0	78857280	1
8	3	20	2	1	-2566080	1
8	3	20	3	0	56775600	1
8	3	20	3	1	9088200	1
8	3	20	4	0	-50576400	1
8	3	20	4	1	-1202850	1
8	3	20	5	0	-11372400	1
8	3	21	0	0	232160	3
8	3	21	0	1	-256080	1
8	3	21	1	0	3088800	1
8	3	21	1	1	-3373920	1
8	3	21	2	0	26760600	1
8	3	21	2	1	-6985440	1
8	3	21	3	0	52970400	1
8	3	21	3	1	3207600	1
8	3	21	4	0	-4536000	1
8	3	21	4	1	2205225	1
8	3	21	5	0	-19289340	1
8	3	21	5	1	-481140	1
8	3	21	6	0	-212625	1
8	3	22	0	0	45760	9
8	3	22	0	1	-42560	1
8	3	22	1	0	1141280	3
8	3	22	1	1	-976800	1
8	3	22	2	0	5931200	1
8	3	22	2	1	-4466880	1
8	3	22	3	0	24064800	1
8	3	22	3	1	-2494800	1
8	3	22	4	0	16858800	1
8	3	22	4	1	2673000	1
8	3	22	5	0	-11419380	1
8	3	22	5	1	-160380	1
8	3	22	6	0	-2528820	1
8	3	23	0	0	12320	81
8	3	23	0	1	-41840	9
8	3	23	1	0	249920	9
8	3	23	1	1	-186560	1
8	3	23	2	0	2514160	3
8	3	23	2	1	-1603800	1
8	3	23	3	0	6549400	1
8	3	23	3	1	-3049200	1
8	3	23	4	0	12671400	1
8	3	23	4	1	311850	1
8	3	23	5	0	196560	1
8	3	23	5	1	641520	1
8	3	23	6	0	-3655260	1
8	3	23	6	1	-93555	1
8	3	23	7	0	-33615	1
8	3	24	0	1	-2720	9
8	3	24	1	0	24640	27
8	3	24	1	1	-68800	3
8	3	24	2	0	619520	9
8	3	24	2	1	-360800	1
8	3	24	3	0	3262600	3
8	3	24	3	1	-1465200	1
8	3	24	4	0	4540800	1
8	3	24	4	1	-1039500	1
8	3	24	5	0	3638880	1
8	3	24	5	1	498960	1
8	3	24	6	0	-1611540	1
8	3	24	7	0	-407835	1
8	3	25	0	1	-80	9
8	3	25	1	1	-4960	3
8	3	25	2	0	67760	27
8	3	25	2	1	-152240	3
8	3	25	3	0	919600	9
8	3	25	3	1	-402600	1
8	3	25	4	0	917950	1
8	3	25	4	1	-796950	1
8	3	25	5	0	2009700	1
8	3	25	5	1	-83160	1
8	3	25	6	0	309225	1
8	3	25	6	1	124740	1
8	3	25	7	0	-476010	1
8	3	25	7	1	-13365	1
8	3	25	8	0	-4050	1
8	3	26	1	1	-160	3
8	3	26	2	1	-12320	3
8	3	26	3	0	338800	81
8	3	26	3	1	-596200	9
8	3	26	4	0	302500	3
8	3	26	4	1	-283800	1
8	3	26	5	0	523820	1
8	3	26	5	1	-249480	1
8	3	26	6	0	539000	1
8	3	26	6	1	55440	1
8	3	26	7	0	-129450	1
8	3	26	7	1	4455	1
8	3	26	8	0	-47250	1
8	3	27	2	1	-440	3
8	3	27	3	1	-55000	9
8	3	27	4	0	42350	9
8	3	27	4	1	-56375	1
8	3	27	5	0	208120	3
8	3	27	5	1	-129360	1
8	3	27	6	0	202510	1
8	3	27	6	1	-34650	1
8	3	27	7	0	68475	1
8	3	27	7	1	16335	1
8	3	27	8	0	-82575	2
8	3	27	8	1	-22275	16
8	3	27	9	0	-1425	4
8	3	28	3	1	-2200	9
8	3	28	4	1	-6050	1
8	3	28	5	0	33880	9
8	3	28	5	1	-32560	1
8	3	28	6	0	33880	1
8	3	28	6	1	-36960	1
8	3	28	7	0	51095	1
8	3	28	7	1	2475	1
8	3	28	8	0	-3300	1
8	3	28	8	1	7425	8
8	3	28	9	0	-15325	4
8	3	29	4	1	-275	1
8	3	29	5	1	-4180	1
8	3	29	6	0	59290	27
8	3	29	6	1	-38500	3
8	3	29	7	0	35090	3
8	3	29	7	1	-5775	1
8	3	29	8	0	59675	8
8	3	29	8	1	22275	16
8	3	29	9	0	-52525	24
8	3	29	9	1	-825	8
8	3	29	10	0	-685	32
8	3	30	5	1	-220	1
8	3	30	6	1	-6160	3
8	3	30	7	0	8470	9
8	3	30	7	1	-3355	1
8	3	30	8	0	33275	12
8	3	30	8	1	-825	4
8	3	30	9	0	8525	24
8	3	30	9	1	825	8
8	3	30	10	0	-825	4
8	3	31	6	1	-385	3
8	3	31	7	1	-715	1
8	3	31	8	0	21175	72
8	3	31	8	1	-8525	16
8	3	31	9	0	15125	36
8	3	31	9	1	275	4
8	3	31	10	0	-2585	48
8	3	31	10	1	-165	32
8	3	31	11	0	-25	32
8	3	32	7	1	-55	1
8	3	32	8	1	-1375	8
8	3	32	9	0	21175	324
8	3	32	9	1	-1375	36
8	3	32	10	0	605	18
8	3	32	10	1	55	8
8	3	32	11	0	-635	96
8	3	33	8	1	-275	16
8	3	33	9	1	-1925	72
8	3	33	10	0	4235	432
8	3	33	10	1	55	48
8	3	33	11	0	55	144
8	3	33	11	1	-5	32
8	3	33	12	0	-5	384
8	3	34	9	1	-275	72
8	3	34	10	1	-55	24
8	3	34	11	0	385	432
8	3	34	11	1	25	96
8	3	34	12	0	-55	576
8	3	35	10	1	-55	96
8	3	35	11	1	-5	96
8	3	35	12	0	385	10368
8	3	35	12	1	-5	2304
8	3	36	11	1	-5	96
8	3	36	12	1	5	1152
8	3	37	12	1	-5	2304
8	4	12	0	0	-9447840	1
8	4	12	1	0	14171760	1
8	4	13	0	0	-34642080	1
8	4	13	1	0	47239200	1
8	4	14	0	0	-57736800	1
8	4	14	1	0	51963120	1
8	4	14	2	0	25981560	1
8	4	15	0	0	-57736800	1
8	4	15	2	0	77944680	1
8	4	16	0	0	-38491200	1
8	4	16	1	0	-57736800	1
8	4	16	2	0	86605200	1
8	4	16	3	0	21651300	1
8	4	17	0	0	-17962560	1
8	4	17	1	0	-69284160	1
8	4	17	2	0	28868400	1
8	4	17	3	0	57736800	1
8	4	18	0	0	-5987520	1
8	4	18	1	0	-44906400	1
8	4	18	2	0	-28868400	1
8	4	18	3	0	57736800	1
8	4	18	4	0	10825650	1
8	4	19	0	0	-1425600	1
8	4	19	1	0	-18817920	1
8	4	19	2	0	-40415760	1
8	4	19	3	0	19245600	1
8	4	19	4	0	25259850	1
8	4	20	0	0	-237600	1
8	4	20	1	0	-5346000	1
8	4	20	2	0	-23950080	1
8	4	20	3	0	-11226600	1
8	4	20	4	0	21651300	1
8	4	20	5	0	3608550	1
8	4	21	0	0	-26400	1
8	4	21	1	0	-1029600	1
8	4	21	2	0	-8553600	1
8	4	21	3	0	-14968800	1
8	4	21	4	0	5613300	1
8	4	21	5	0	7217100	1
8	4	22	0	0	-1760	1
8	4	22	1	0	-129360	1
8	4	22	2	0	-1960200	1
8	4	22	3	0	-7484400	1
8	4	22	4	0	-3742200	1
8	4	22	5	0	5051970	1
8	4	22	6	0	841995	1
8	4	23	0	0	-160	3
8	4	23	1	0	-9600	1
8	4	23	2	0	-283800	1
8	4	23	3	0	-2138400	1
8	4	23	4	0	-3742200	1
8	4	23	5	0	748440	1
8	4	23	6	0	1403325	1
8	4	24	1	0	-320	1
8	4	24	2	0	-23760	1
8	4	24	3	0	-366300	1
8	4	24	4	0	-1455300	1
8	4	24	5	0	-935550	1
8	4	24	6	0	748440	1
8	4	24	7	0	280665	2
8	4	25	2	0	-880	1
8	4	25	3	0	-35200	1
8	4	25	4	0	-306900	1
8	4	25	5	0	-623700	1
8	4	25	7	0	187110	1
8	4	26	3	0	-4400	3
8	4	26	4	0	-34650	1
8	4	26	5	0	-173250	1
8	4	26	6	0	-155925	1
8	4	26	7	0	66825	1
8	4	26	8	0	66825	4
8	4	27	4	0	-1650	1
8	4	27	5	0	-23760	1
8	4	27	6	0	-65835	1
8	4	27	7	0	-14850	1
8	4	27	8	0	66825	4
8	4	28	5	0	-1320	1
8	4	28	6	0	-11550	1
8	4	28	7	0	-32175	2
8	4	28	8	0	22275	8
8	4	28	9	0	22275	16
8	4	29	6	0	-770	1
8	4	29	7	0	-3960	1
8	4	29	8	0	-17325	8
8	4	29	9	0	7425	8
8	4	30	7	0	-330	1
8	4	30	8	0	-7425	8
8	4	30	9	0	-825	16
8	4	30	10	0	2475	32
8	4	31	8	0	-825	8
8	4	31	9	0	-275	2
8	4	31	10	0	825	32
8	4	32	9	0	-275	12
8	4	32	10	0	-165	16
8	4	32	11	0	165	64
8	4	33	10	0	-55	16
8	4	34	11	0	-5	16
8	4	34	12	0	5	128
8	4	35	12	0	-5	384
9	0	9	0	0	-33461100	1
9	0	10	0	0	-106288200	1
9	0	10	1	0	-11809800	1
9	0	11	0	0	-141936300	1
9	0	11	0	1	-7873200	1
9	0	11	1	0	-79388100	1
9	0	12	0	0	-68963400	1
9	0	12	0	1	-14434200	1
9	0	12	1	0	-195080400	1
9	0	12	1	1	-1968300	1
9	0	12	2	0	-17714700	1
9	0	13	0	0	72900000	1
9	0	13	0	1	-437400	1
9	0	13	1	0	-248297400	1
9	0	13	1	1	-18370800	1
9	0	13	2	0	-71350875	1
9	0	14	0	0	170602200	1
9	0	14	0	1	19537200	1
9	0	14	1	0	-128522700	1
9	0	14	1	1	-22307400	1
9	0	14	2	0	-157427550	1
9	0	14	2	1	-3608550	1
9	0	14	3	0	-11919150	1
9	0	15	0	0	168156000	1
9	0	15	0	1	19245600	1
9	0	15	1	0	98706600	1
9	0	15	1	1	11372400	1
9	0	15	2	0	-205541550	1
9	0	15	2	1	-18042750	1
9	0	15	3	0	-34773300	1
9	0	16	0	0	106045200	1
9	0	16	0	1	3742200	1
9	0	16	1	0	241898400	1
9	0	16	1	1	39293100	1
9	0	16	2	0	-114331500	1
9	0	16	2	1	-13231350	1
9	0	16	3	0	-77729625	1
9	0	16	3	1	-3007125	1
9	0	16	4	0	-4756725	1
9	0	17	0	0	46754100	1
9	0	17	0	1	-6949800	1
9	0	17	1	0	223128000	1
9	0	17	1	1	25660800	1
9	0	17	2	0	62017650	1
9	0	17	2	1	18844650	1
9	0	17	3	0	-108175500	1
9	0	17	3	1	-10023750	1
9	0	17	4	0	-21232125	2
9	0	18	0	0	14806600	1
9	0	18	0	1	-7365600	1
9	0	18	1	0	126658800	1
9	0	18	1	1	-2851200	1
9	0	18	2	0	159837300	1
9	0	18	2	1	32076000	1
9	0	18	3	0	-60831000	1
9	0	18	3	1	-3007125	1
9	0	18	4	0	-54644625	2
9	0	18	4	1	-3007125	2
9	0	18	5	0	-1257525	1
9	0	19	0	0	3369300	1
9	0	19	0	1	-3841200	1
9	0	19	1	0	48656700	1
9	0	19	1	1	-14493600	1
9	0	19	2	0	134427600	1
9	0	19	2	1	12295800	1
9	0	19	3	0	26705700	1
9	0	19	3	1	13365000	1
9	0	19	4	0	-39801375	1
9	0	19	4	1	-7016625	2
9	0	19	5	0	-4428675	2
9	0	20	0	0	4854200	9
9	0	20	0	1	-1282600	1
9	0	20	1	0	38883200	3
9	0	20	1	1	-10602900	1
9	0	20	2	0	66630300	1
9	0	20	2	1	-8167500	1
9	0	20	3	0	65586150	1
9	0	20	3	1	14033250	1
9	0	20	4	0	-20388375	1
9	0	20	4	1	1002375	2
9	0	20	5	0	-7360875	1
9	0	20	5	1	-1002375	2
9	0	20	6	0	-467775	2
9	0	21	0	0	1560200	27
9	0	21	0	1	-873400	3
9	0	21	1	0	21339800	9
9	0	21	1	1	-4351600	1
9	0	21	2	0	21517125	1
9	0	21	2	1	-11493900	1
9	0	21	3	0	48076500	1
9	0	21	3	1	1633500	1
9	0	21	4	0	18873225	2
9	0	21	4	1	10803375	2
9	0	21	5	0	-10461150	1
9	0	21	5	1	-801900	1
9	0	21	6	0	-2735775	8
9	0	22	0	0	100600	27
9	0	22	0	1	-405200	9
9	0	22	1	0	7702700	27
9	0	22	1	1	-3460600	3
9	0	22	2	0	4601850	1
9	0	22	2	1	-6222150	1
9	0	22	3	0	19958250	1
9	0	22	3	1	-5717250	1
9	0	22	4	0	18414375	1
9	0	22	4	1	3526875	1
9	0	22	5	0	-8547525	2
9	0	22	5	1	534600	1
9	0	22	6	0	-6166125	4
9	0	22	6	1	-467775	4
9	0	22	7	0	-127575	4
9	0	23	0	0	26600	243
9	0	23	0	1	-123200	27
9	0	23	1	0	550400	27
9	0	23	1	1	-607600	3
9	0	23	2	0	17060450	27
9	0	23	2	1	-5970250	3
9	0	23	3	0	46420000	9
9	0	23	3	1	-4785000	1
9	0	23	4	0	22206125	2
9	0	23	4	1	-779625	1
9	0	23	5	0	5368125	2
9	0	23	5	1	1366200	1
9	0	23	6	0	-3891825	2
9	0	23	6	1	-467775	4
9	0	23	7	0	-170775	4
9	0	24	0	1	-7400	27
9	0	24	1	0	53200	81
9	0	24	1	1	-205900	9
9	0	24	2	0	1367300	27
9	0	24	2	1	-1213850	3
9	0	24	3	0	7431875	9
9	0	24	3	1	-1945625	1
9	0	24	4	0	10969750	3
9	0	24	4	1	-2050125	1
9	0	24	5	0	3613050	1
9	0	24	5	1	467775	1
9	0	24	6	0	-515025	1
9	0	24	6	1	675675	4
9	0	24	7	0	-1959975	8
9	0	24	7	1	-155925	8
9	0	24	8	0	-26325	8
9	0	25	0	1	-200	27
9	0	25	1	1	-13600	9
9	0	25	2	0	146300	81
9	0	25	2	1	-464750	9
9	0	25	3	0	2035000	27
9	0	25	3	1	-4237750	9
9	0	25	4	0	6333250	9
9	0	25	4	1	-1170125	1
9	0	25	5	0	1679425	1
9	0	25	5	1	-415800	1
9	0	25	6	0	4437825	8
9	0	25	6	1	883575	4
9	0	25	7	0	-997275	4
9	0	25	7	1	-37125	4
9	0	25	8	0	-289575	64
9	0	26	1	1	-400	9
9	0	26	2	1	-34100	9
9	0	26	3	0	731500	243
9	0	26	3	1	-1865875	27
9	0	26	4	0	1343375	18
9	0	26	4	1	-702625	2
9	0	26	5	0	7327925	18
9	0	26	5	1	-435050	1
9	0	26	6	0	5819275	12
9	0	26	6	1	40425	4
9	0	26	7	0	-87625	4
9	0	26	7	1	245025	8
9	0	26	8	0	-909375	32
9	0	26	8	1	-37125	16
9	0	26	9	0	-8325	32
9	0	27	2	1	-1100	9
9	0	27	3	1	-154000	27
9	0	27	4	0	182875	54
9	0	27	4	1	-364375	6
9	0	27	5	0	464200	9
9	0	27	5	1	-173800	1
9	0	27	6	0	5788475	36
9	0	27	6	1	-367675	4
9	0	27	7	0	461725	6
9	0	27	7	1	43725	2
9	0	27	8	0	-1335375	64
9	0	27	9	0	-24625	64
9	0	28	3	1	-5500	27
9	0	28	4	1	-34375	6
9	0	28	5	0	73150	27
9	0	28	5	1	-219725	6
9	0	28	6	0	152075	6
9	0	28	6	1	-679525	12
9	0	28	7	0	3034075	72
9	0	28	7	1	-56375	8
9	0	28	8	0	89375	32
9	0	28	8	1	111375	32
9	0	28	9	0	-18375	8
9	0	28	9	1	-12375	64
9	0	28	10	0	-975	64
9	0	29	4	1	-1375	6
9	0	29	5	1	-12100	3
9	0	29	6	0	256025	162
9	0	29	6	1	-552475	36
9	0	29	7	0	79475	9
9	0	29	7	1	-45925	4
9	0	29	8	0	1931875	288
9	0	29	8	1	34375	32
9	0	29	9	0	-290125	288
9	0	29	9	1	1375	16
9	0	29	10	0	-17525	768
9	0	30	5	1	-550	3
9	0	30	6	1	-36575	18
9	0	30	7	0	36575	54
9	0	30	7	1	-105875	24
9	0	30	8	0	611875	288
9	0	30	8	1	-9625	8
9	0	30	9	0	826375	1728
9	0	30	9	1	23375	96
9	0	30	10	0	-139975	1152
9	0	30	10	1	-1375	128
9	0	30	11	0	-75	128
9	0	31	6	1	-1925	18
9	0	31	7	1	-2200	3
9	0	31	8	0	182875	864
9	0	31	8	1	-39875	48
9	0	31	9	0	17875	54
9	0	31	9	1	-1375	144
9	0	31	10	0	-57475	3456
9	0	31	10	1	3575	384
9	0	31	11	0	-25	32
9	0	32	7	1	-275	6
9	0	32	8	1	-17875	96
9	0	32	9	0	182875	3888
9	0	32	9	1	-158125	1728
9	0	32	10	0	49225	1728
9	0	32	10	1	3575	384
9	0	32	11	0	-26075	6912
9	0	32	11	1	-275	768
9	0	32	12	0	-25	2304
9	0	33	8	1	-1375	96
9	0	33	9	1	-6875	216
9	0	33	10	0	36575	5184
9	0	33	10	1	-4675	1152
9	0	33	11	0	575	864
9	0	33	11	1	175	384
9	0	33	12	0	-25	2304
9	0	34	9	1	-1375	432
9	0	34	10	1	-1925	576
9	0	34	11	0	3325	5184
9	0	34	11	1	275	2304
9	0	34	12	0	-725	13824
9	0	34	12	1	-25	4608
9	0	35	10	1	-275	576
9	0	35	11	1	-25	144
9	0	35	12	0	3325	124416
9	0	35	12	1	125	13824
9	0	36	11	1	-25	576
9	0	36	12	1	-25	13824
9	0	37	12	1	-25	13824
9	1	7	0	0	19486170	1
9	1	8	0	0	66134880	1
9	1	9	0	0	137190510	1
9	1	9	1	0	38381850	1
9	1	10	0	0	217956420	1
9	1	10	0	1	-2361960	1
9	1	10	1	0	133253910	1
9	1	11	0	0	234905670	1
9	1	11	0	1	1443420	1
9	1	11	0	2	1180980	1
9	1	11	1	0	250039710	1
9	1	11	2	0	31689630	1
9	1	12	0	0	116931600	1
9	1	12	0	1	8922960	1
9	1	12	1	0	335901330	1
9	1	12	1	1	-787320	1
9	1	12	2	0	110815290	1
9	1	13	0	0	-74158740	1
9	1	13	0	1	3105540	1
9	1	13	0	2	-3149280	1
9	1	13	1	0	293539140	1
9	1	13	1	1	11284920	1
9	1	13	1	2	2361960	1
9	1	13	2	0	370816785	2
9	1	13	2	1	-1180980	1
9	1	13	3	0	14696640	1
9	1	14	0	0	-193632120	1
9	1	14	0	1	-8913240	1
9	1	14	0	2	-1399680	1
9	1	14	1	0	61104780	1
9	1	14	1	1	15309000	1
9	1	14	1	2	-787320	1
9	1	14	2	0	212270220	1
9	1	14	2	1	2099520	1
9	1	14	3	0	52050600	1
9	1	15	0	0	-185444910	1
9	1	15	0	1	-8898660	1
9	1	15	0	2	2974320	1
9	1	15	1	0	-221099220	1
9	1	15	1	1	-9564480	1
9	1	15	1	2	-6036120	1
9	1	15	2	0	144903330	1
9	1	15	2	1	17080470	1
9	1	15	2	2	2165130	1
9	1	15	3	0	75232800	1
9	1	15	3	1	-1968300	1
9	1	15	4	0	4374000	1
9	1	16	0	0	-111654720	1
9	1	16	0	1	-544320	1
9	1	16	0	2	2799360	1
9	1	16	1	0	-339515820	1
9	1	16	1	1	-26156520	1
9	1	16	1	2	-787320	1
9	1	16	2	0	-38792520	1
9	1	16	2	1	9608220	1
9	1	16	2	2	-1443420	1
9	1	16	3	0	72681300	1
9	1	16	3	1	2952450	1
9	1	16	4	0	15837525	1
9	1	17	0	0	-46763730	1
9	1	17	0	1	3775140	1
9	1	17	0	2	-427680	1
9	1	17	1	0	-267599430	1
9	1	17	1	1	-11654280	1
9	1	17	1	2	6211080	1
9	1	17	2	0	-216875745	1
9	1	17	2	1	-20645280	1
9	1	17	2	2	-5051970	1
9	1	17	3	0	34109100	1
9	1	17	3	1	12915450	1
9	1	17	3	2	1202850	1
9	1	17	4	0	73865925	4
9	1	17	4	1	-1476225	1
9	1	17	5	0	3809025	4
9	1	18	0	0	-14045260	1
9	1	18	0	1	2707560	1
9	1	18	0	2	-1710720	1
9	1	18	1	0	-137116890	1
9	1	18	1	1	6826680	1
9	1	18	1	2	3528360	1
9	1	18	2	0	-250822980	1
9	1	18	2	1	-25111620	1
9	1	18	2	2	962280	1
9	1	18	3	0	-48288420	1
9	1	18	3	1	1506600	1
9	1	18	3	2	-1202850	1
9	1	18	4	0	29587275	2
9	1	18	4	1	4209975	2
9	1	18	5	0	13628655	4
9	1	19	0	0	-3029030	1
9	1	19	0	1	807540	1
9	1	19	0	2	-819720	1
9	1	19	1	0	-48547650	1
9	1	19	1	1	9633600	1
9	1	19	1	2	-2031480	1
9	1	19	2	0	-165864870	1
9	1	19	2	1	-2954070	1
9	1	19	2	2	5372730	1
9	1	19	3	0	-112122900	1
9	1	19	3	1	-16511850	1
9	1	19	3	2	-2405700	1
9	1	19	4	0	10326825	4
9	1	19	4	1	23710725	4
9	1	19	4	2	1804275	4
9	1	19	5	0	10982385	4
9	1	19	5	1	-656100	1
9	1	19	6	0	1471365	8
9	1	20	0	0	-4133200	9
9	1	20	0	1	107440	3
9	1	20	0	2	84480	1
9	1	20	1	0	-36120890	3
9	1	20	1	1	4421880	1
9	1	20	1	2	-2744280	1
9	1	20	2	0	-71574030	1
9	1	20	2	1	10541880	1
9	1	20	2	2	1443420	1
9	1	20	3	0	-105115500	1
9	1	20	3	1	-11727450	1
9	1	20	3	2	1336500	1
9	1	20	4	0	-21954375	1
9	1	20	4	1	-1464075	1
9	1	20	4	2	-601425	1
9	1	20	5	0	7429455	4
9	1	20	5	1	980505	1
9	1	20	6	0	549990	1
9	1	21	0	0	-1256840	27
9	1	21	0	1	-166460	3
9	1	21	0	2	269280	1
9	1	21	1	0	-18552920	9
9	1	21	1	1	839720	1
9	1	21	1	2	-724680	1
9	1	21	2	0	-41785195	2
9	1	21	2	1	7993980	1
9	1	21	2	2	-2343330	1
9	1	21	3	0	-58158450	1
9	1	21	3	1	2589300	1
9	1	21	3	2	2539350	1
9	1	21	4	0	-144422775	4
9	1	21	4	1	-29384775	4
9	1	21	4	2	-1403325	2
9	1	21	5	0	-2674215	4
9	1	21	5	1	1750815	1
9	1	21	5	2	120285	1
9	1	21	6	0	3181815	16
9	1	21	6	1	-382725	2
9	1	21	7	0	35640	1
9	1	22	0	0	-229600	81
9	1	22	0	1	-184040	9
9	1	22	0	2	145280	1
9	1	22	1	0	-6281560	27
9	1	22	1	1	-194840	3
9	1	22	1	2	410520	1
9	1	22	2	0	-36982000	9
9	1	22	2	1	2480280	1
9	1	22	2	2	-1734480	1
9	1	22	3	0	-20643950	1
9	1	22	3	1	6519600	1
9	1	22	3	2	-44550	1
9	1	22	4	0	-55884525	2
9	1	22	4	1	-2773575	1
9	1	22	4	2	735075	1
9	1	22	5	0	-23934645	4
9	1	22	5	1	-1085805	1
9	1	22	5	2	-200475	1
9	1	22	6	0	658665	4
9	1	22	6	1	314685	1
9	1	22	7	0	267435	4
9	1	23	0	0	-19060	243
9	1	23	0	1	-285740	81
9	1	23	0	2	395120	9
9	1	23	1	0	-140360	9
9	1	23	1	1	-634880	9
9	1	23	1	2	401720	1
9	1	23	2	0	-14125210	27
9	1	23	2	1	637790	3
9	1	23	2	2	-86130	1
9	1	23	3	0	-4771800	1
9	1	23	3	1	3191600	1
9	1	23	3	2	-1287000	1
9	1	23	4	0	-25346225	2
9	1	23	4	1	4364325	2
9	1	23	4	2	2828925	4
9	1	23	5	0	-31226475	4
9	1	23	5	1	-2009070	1
9	1	23	5	2	-120285	1
9	1	23	6	0	-1908585	8
9	1	23	6	1	1316385	4
9	1	23	6	2	93555	4
9	1	23	7	0	-8640	1
9	1	23	7	1	-76545	2
9	1	23	8	0	783945	128
9	1	24	0	1	-25760	81
9	1	24	0	2	75520	9
9	1	24	1	0	-38120	81
9	1	24	1	1	-430600	27
9	1	24	1	2	469960	3
9	1	24	2	0	-1053140	27
9	1	24	2	1	-804980	9
9	1	24	2	2	405020	1
9	1	24	3	0	-18817700	27
9	1	24	3	1	603550	1
9	1	24	3	2	-534600	1
9	1	24	4	0	-10664500	3
9	1	24	4	1	2155500	1
9	1	24	4	2	-252450	1
9	1	24	5	0	-19692945	4
9	1	24	5	1	-186480	1
9	1	24	5	2	236115	1
9	1	24	6	0	-1110165	1
9	1	24	6	1	-732375	2
9	1	24	6	2	-93555	2
9	1	24	7	0	38655	2
9	1	24	7	1	282285	4
9	1	24	8	0	87075	16
9	1	25	0	1	-980	81
9	1	25	0	2	3040	3
9	1	25	1	1	-45640	27
9	1	25	1	2	106760	3
9	1	25	2	0	-104830	81
9	1	25	2	1	-845240	27
9	1	25	2	2	699710	3
9	1	25	3	0	-4741550	81
9	1	25	3	1	-91850	3
9	1	25	3	2	130350	1
9	1	25	4	0	-5481575	9
9	1	25	4	1	1342075	2
9	1	25	4	2	-398475	1
9	1	25	5	0	-5276975	3
9	1	25	5	1	741720	1
9	1	25	5	2	109890	1
9	1	25	6	0	-18653355	16
9	1	25	6	1	-338310	1
9	1	25	6	2	-31185	4
9	1	25	7	0	-327795	8
9	1	25	7	1	139185	4
9	1	25	7	2	13365	4
9	1	25	8	0	-479025	128
9	1	25	8	1	-42525	8
9	1	25	9	0	99225	128
9	1	26	0	2	640	9
9	1	26	1	1	-1960	27
9	1	26	1	2	4920	1
9	1	26	2	1	-109340	27
9	1	26	2	2	197560	3
9	1	26	3	0	-524150	243
9	1	26	3	1	-2774200	81
9	1	26	3	2	1634050	9
9	1	26	4	0	-58575	1
9	1	26	4	1	276925	6
9	1	26	4	2	-67650	1
9	1	26	5	0	-3282455	9
9	1	26	5	1	407380	1
9	1	26	5	2	-103950	1
9	1	26	6	0	-1728265	3
9	1	26	6	1	144095	2
9	1	26	6	2	48510	1
9	1	26	7	0	-1173055	8
9	1	26	7	1	-147645	2
9	1	26	7	2	-31185	4
9	1	26	8	0	219525	64
9	1	26	8	1	353025	32
9	1	26	9	0	21375	128
9	1	27	0	2	20	9
9	1	27	1	2	1160	3
9	1	27	2	1	-5390	27
9	1	27	2	2	10670	1
9	1	27	3	1	-465850	81
9	1	27	3	2	621500	9
9	1	27	4	0	-262075	108
9	1	27	4	1	-782375	36
9	1	27	4	2	285725	4
9	1	27	5	0	-369325	9
9	1	27	5	1	202070	3
9	1	27	5	2	-71610	1
9	1	27	6	0	-1817585	12
9	1	27	6	1	277865	2
9	1	27	6	2	10395	2
9	1	27	7	0	-715825	6
9	1	27	7	1	-124665	4
9	1	27	7	2	1485	1
9	1	27	8	0	-663675	128
9	1	27	8	1	43425	64
9	1	27	8	2	22275	64
9	1	27	9	0	-48625	128
9	1	27	9	1	-2025	4
9	1	27	10	0	4095	64
9	1	28	1	2	40	3
9	1	28	2	2	2860	3
9	1	28	3	1	-26950	81
9	1	28	3	2	40700	3
9	1	28	4	1	-48125	9
9	1	28	4	2	44275	1
9	1	28	5	0	-52415	27
9	1	28	5	1	-59785	9
9	1	28	5	2	5830	1
9	1	28	6	0	-1109185	54
9	1	28	6	1	251405	6
9	1	28	6	2	-21945	1
9	1	28	7	0	-387145	9
9	1	28	7	1	44135	2
9	1	28	7	2	6435	1
9	1	28	8	0	-658075	48
9	1	28	8	1	-147525	16
9	1	28	8	2	-7425	8
9	1	28	9	0	56425	128
9	1	28	9	1	37725	32
9	1	28	10	0	-2205	128
9	1	29	2	2	110	3
9	1	29	3	2	12650	9
9	1	29	4	1	-13475	36
9	1	29	4	2	22275	2
9	1	29	5	1	-30415	9
9	1	29	5	2	17105	1
9	1	29	6	0	-366905	324
9	1	29	6	1	44275	54
9	1	29	6	2	-39655	6
9	1	29	7	0	-88165	12
9	1	29	7	1	175285	12
9	1	29	7	2	-2805	2
9	1	29	8	0	-2293775	288
9	1	29	8	1	-37525	64
9	1	29	8	2	7425	16
9	1	29	9	0	-149875	288
9	1	29	9	1	-32975	96
9	1	29	9	2	825	32
9	1	29	10	0	-20045	1536
9	1	29	10	1	-2025	64
9	1	29	11	0	195	64
9	1	30	3	2	550	9
9	1	30	4	2	1375	1
9	1	30	5	1	-2695	9
9	1	30	5	2	6105	1
9	1	30	6	1	-78155	54
9	1	30	6	2	10010	3
9	1	30	7	0	-52415	108
9	1	30	7	1	30415	18
9	1	30	7	2	-5335	2
9	1	30	8	0	-66275	36
9	1	30	8	1	264275	96
9	1	30	8	2	4125	8
9	1	30	9	0	-739475	864
9	1	30	9	1	-64325	96
9	1	30	9	2	-2475	32
9	1	30	10	0	275	9
9	1	30	10	1	1315	16
9	1	30	11	0	-65	32
9	1	31	4	2	275	4
9	1	31	5	2	935	1
9	1	31	6	1	-18865	108
9	1	31	6	2	8855	4
9	1	31	7	1	-14245	36
9	1	31	7	2	-55	1
9	1	31	8	0	-262075	1728
9	1	31	8	1	423775	576
9	1	31	8	2	-10175	32
9	1	31	9	0	-798325	2592
9	1	31	9	1	12925	72
9	1	31	9	2	1925	32
9	1	31	10	0	-127105	3456
9	1	31	10	1	-18695	384
9	1	31	10	2	165	128
9	1	31	11	0	35	72
9	1	31	11	1	-75	64
9	1	31	12	0	65	1024
9	1	32	5	2	55	1
9	1	32	6	2	2695	6
9	1	32	7	1	-2695	36
9	1	32	7	2	495	1
9	1	32	8	1	-1925	36
9	1	32	8	2	-1375	8
9	1	32	9	0	-262075	7776
9	1	32	9	1	422125	2592
9	1	32	9	2	5225	288
9	1	32	10	0	-17875	576
9	1	32	10	1	-12265	576
9	1	32	10	2	-275	64
9	1	32	11	0	1465	1728
9	1	32	11	1	1295	384
9	1	32	12	0	-25	384
9	1	33	6	2	385	12
9	1	33	7	2	605	4
9	1	33	8	1	-13475	576
9	1	33	8	2	825	16
9	1	33	9	1	9625	2592
9	1	33	9	2	-8525	288
9	1	33	10	0	-52415	10368
9	1	33	10	1	935	54
9	1	33	10	2	1705	384
9	1	33	11	0	-4985	3456
9	1	33	11	1	-3335	1152
9	1	33	11	2	5	128
9	1	33	12	0	65	1728
9	1	33	12	1	-5	256
9	1	34	7	2	55	4
9	1	34	8	2	275	8
9	1	34	9	1	-13475	2592
9	1	34	9	2	-275	96
9	1	34	10	1	5005	1728
9	1	34	10	2	-55	96
9	1	34	11	0	-4765	10368
9	1	34	11	1	125	432
9	1	34	11	2	-55	384
9	1	34	12	0	-55	20736
9	1	34	12	1	95	1536
9	1	35	8	2	275	64
9	1	35	9	2	1375	288
9	1	35	10	1	-2695	3456
9	1	35	10	2	-165	128
9	1	35	11	1	1645	3456
9	1	35	11	2	35	192
9	1	35	12	0	-4765	248832
9	1	35	12	1	-5645	82944
9	1	35	12	2	5	9216
9	1	36	9	2	275	288
9	1	36	10	2	55	192
9	1	36	11	1	-245	3456
9	1	36	11	2	-5	64
9	1	36	12	1	595	20736
9	1	36	12	2	-5	2304
9	1	37	10	2	55	384
9	1	37	11	2	-5	384
9	1	37	12	1	-245	82944
9	1	37	12	2	5	1536
9	1	38	11	2	5	384
9	1	38	12	2	-5	2304
9	1	39	12	2	5	9216
9	2	8	0	0	14171760	1
9	2	9	0	0	108650160	1
9	2	10	0	0	275562000	1
9	2	10	1	0	33067440	1
9	2	11	0	0	340647120	1
9	2	11	0	1	14171760	1
9	2	11	1	0	192106080	1
9	2	12	0	0	141717600	1
9	2	12	0	1	26768880	1
9	2	12	1	0	479215440	1
9	2	12	1	1	2361960	1
9	2	12	2	0	31886460	1
9	2	13	0	0	-223948800	1
9	2	13	0	1	2099520	1
9	2	13	1	0	637204320	1
9	2	13	1	1	31492800	1
9	2	13	2	0	148934700	1
9	2	14	0	0	-471614400	1
9	2	14	0	1	-35341920	1
9	2	14	1	0	347995440	1
9	2	14	1	1	42515280	1
9	2	14	2	0	393922440	1
9	2	14	2	1	4330260	1
9	2	14	3	0	17452260	1
9	2	15	0	0	-457189920	1
9	2	15	0	1	-36566640	1
9	2	15	1	0	-247743360	1
9	2	15	1	1	-15746400	1
9	2	15	2	0	573606360	1
9	2	15	2	1	30311820	1
9	2	15	3	0	67709520	1
9	2	16	0	0	-287200080	1
9	2	16	0	1	-8339760	1
9	2	16	1	0	-636660000	1
9	2	16	1	1	-70246440	1
9	2	16	2	0	358522200	1
9	2	16	2	1	27424980	1
9	2	16	3	0	206671500	1
9	2	16	3	1	3608550	1
9	2	16	4	0	6167340	1
9	2	17	0	0	-126640080	1
9	2	17	0	1	12402720	1
9	2	17	1	0	-594578880	1
9	2	17	1	1	-50038560	1
9	2	17	2	0	-123026040	1
9	2	17	2	1	-28387260	1
9	2	17	3	0	322023600	1
9	2	17	3	1	16839900	1
9	2	17	4	0	20448450	1
9	2	18	0	0	-40187760	1
9	2	18	0	1	13970880	1
9	2	18	1	0	-339925680	1
9	2	18	1	1	2138400	1
9	2	18	2	0	-407423520	1
9	2	18	2	1	-57736800	1
9	2	18	3	0	203196600	1
9	2	18	3	1	8419950	1
9	2	18	4	0	77711400	1
9	2	18	4	1	1804275	1
9	2	18	5	0	1509030	1
9	2	19	0	0	-9174640	1
9	2	19	0	1	7531920	1
9	2	19	1	0	-131319840	1
9	2	19	1	1	25945920	1
9	2	19	2	0	-354447360	1
9	2	19	2	1	-25981560	1
9	2	19	3	0	-45269280	1
9	2	19	3	1	-20849400	1
9	2	19	4	0	122411250	1
9	2	19	4	1	6014250	1
9	2	19	5	0	4446900	1
9	2	20	0	0	-4424320	3
9	2	20	0	1	2589840	1
9	2	20	1	0	-35167280	1
9	2	20	1	1	20136600	1
9	2	20	2	0	-178221060	1
9	2	20	2	1	12367080	1
9	2	20	3	0	-165193560	1
9	2	20	3	1	-25928100	1
9	2	20	4	0	69882750	1
9	2	20	4	1	601425	1
9	2	20	5	0	21877290	1
9	2	20	5	1	601425	1
9	2	20	6	0	535815	2
9	2	21	0	0	-476320	3
9	2	21	0	1	605440	1
9	2	21	1	0	-19406560	3
9	2	21	1	1	8595840	1
9	2	21	2	0	-58086900	1
9	2	21	2	1	20778120	1
9	2	21	3	0	-126504000	1
9	2	21	3	1	-5167800	1
9	2	21	4	0	-16921170	1
9	2	21	4	1	-8687250	1
9	2	21	5	0	32421060	1
9	2	21	5	1	1443420	1
9	2	21	6	0	1488375	2
9	2	22	0	0	-30880	3
9	2	22	0	1	289760	3
9	2	22	1	0	-2348560	3
9	2	22	1	1	2361040	1
9	2	22	2	0	-37553560	3
9	2	22	2	1	11933460	1
9	2	22	3	0	-53461500	1
9	2	22	3	1	9355500	1
9	2	22	4	0	-46610550	1
9	2	22	4	1	-6905250	1
9	2	22	5	0	14995260	1
9	2	22	5	1	-481140	1
9	2	22	6	0	4638060	1
9	2	22	6	1	280665	2
9	2	22	7	0	71685	2
9	2	23	0	0	-24640	81
9	2	23	0	1	91120	9
9	2	23	1	0	-506560	9
9	2	23	1	1	429600	1
9	2	23	2	0	-5193320	3
9	2	23	2	1	3991900	1
9	2	23	3	0	-41918800	3
9	2	23	3	1	8791200	1
9	2	23	4	0	-29346150	1
9	2	23	4	1	623700	1
9	2	23	5	0	-5567940	1
9	2	23	5	1	-2280960	1
9	2	23	6	0	6008310	1
9	2	23	6	1	467775	2
9	2	23	7	0	100440	1
9	2	24	0	1	5680	9
9	2	24	1	0	-49280	27
9	2	24	1	1	151160	3
9	2	24	2	0	-1257520	9
9	2	24	2	1	846340	1
9	2	24	3	0	-6772700	3
9	2	24	3	1	3799950	1
9	2	24	4	0	-9846650	1
9	2	24	4	1	3499650	1
9	2	24	5	0	-9281790	1
9	2	24	5	1	-1060290	1
9	2	24	6	0	3852135	2
9	2	24	6	1	-405405	2
9	2	24	7	0	1461915	2
9	2	24	7	1	93555	4
9	2	24	8	0	59535	16
9	2	25	0	1	160	9
9	2	25	1	1	10400	3
9	2	25	2	0	-135520	27
9	2	25	2	1	338140	3
9	2	25	3	0	-1870000	9
9	2	25	3	1	2902900	3
9	2	25	4	0	-1918400	1
9	2	25	4	1	2201100	1
9	2	25	5	0	-4478540	1
9	2	25	5	1	582120	1
9	2	25	6	0	-2574285	2
9	2	25	6	1	-779625	2
9	2	25	7	0	767520	1
9	2	25	7	1	49005	2
9	2	25	8	0	175095	16
9	2	26	1	1	320	3
9	2	26	2	1	25960	3
9	2	26	3	0	-677600	81
9	2	26	3	1	1342550	9
9	2	26	4	0	-616550	3
9	2	26	4	1	705375	1
9	2	26	5	0	-1105390	1
9	2	26	5	1	771540	1
9	2	26	6	0	-1269345	1
9	2	26	6	1	-135135	2
9	2	26	7	0	231225	2
9	2	26	7	1	-164835	4
9	2	26	8	0	1338525	16
9	2	26	8	1	22275	8
9	2	26	9	0	4815	16
9	2	27	2	1	880	3
9	2	27	3	1	116600	9
9	2	27	4	0	-84700	9
9	2	27	4	1	129250	1
9	2	27	5	0	-425480	3
9	2	27	5	1	337920	1
9	2	27	6	0	-433895	1
9	2	27	6	1	289905	2
9	2	27	7	0	-191620	1
9	2	27	7	1	-42570	1
9	2	27	8	0	1036125	16
9	2	27	8	1	22275	16
9	2	27	9	0	7275	8
9	2	28	3	1	4400	9
9	2	28	4	1	12925	1
9	2	28	5	0	-67760	9
9	2	28	5	1	76505	1
9	2	28	6	0	-208670	3
9	2	28	6	1	209825	2
9	2	28	7	0	-225005	2
9	2	28	7	1	23925	4
9	2	28	8	0	-14575	4
9	2	28	8	1	-81675	16
9	2	28	9	0	107425	16
9	2	28	9	1	7425	32
9	2	28	10	0	1155	64
9	2	29	4	1	550	1
9	2	29	5	1	9020	1
9	2	29	6	0	-118580	27
9	2	29	6	1	187495	6
9	2	29	7	0	-72490	3
9	2	29	7	1	39105	2
9	2	29	8	0	-139975	8
9	2	29	8	1	-10725	4
9	2	29	9	0	77825	24
9	2	29	10	0	3335	64
9	2	30	5	1	440	1
9	2	30	6	1	13475	3
9	2	30	7	0	-16940	9
9	2	30	7	1	34595	4
9	2	30	8	0	-138875	24
9	2	30	8	1	1650	1
9	2	30	9	0	-54725	48
9	2	30	9	1	-6325	16
9	2	30	10	0	34265	96
9	2	30	10	1	825	64
9	2	30	11	0	45	64
9	2	31	6	1	770	3
9	2	31	7	1	1595	1
9	2	31	8	0	-21175	36
9	2	31	8	1	24475	16
9	2	31	9	0	-3575	4
9	2	31	9	1	-1375	24
9	2	31	10	0	6215	96
9	2	31	10	1	-385	64
9	2	31	11	0	85	48
9	2	32	7	1	110	1
9	2	32	8	1	6325	16
9	2	32	9	0	-21175	162
9	2	32	9	1	42625	288
9	2	32	10	0	-10835	144
9	2	32	10	1	-1155	64
9	2	32	11	0	2165	192
9	2	32	11	1	55	128
9	2	32	12	0	5	384
9	2	33	8	1	275	8
9	2	33	9	1	4675	72
9	2	33	10	0	-4235	216
9	2	33	10	1	715	192
9	2	33	11	0	-215	144
9	2	33	11	1	-25	64
9	2	33	12	0	5	192
9	2	34	9	1	275	36
9	2	34	10	1	605	96
9	2	34	11	0	-385	216
9	2	34	11	1	-155	384
9	2	34	12	0	185	1152
9	2	34	12	1	5	768
9	2	35	10	1	55	48
9	2	35	11	1	25	96
9	2	35	12	0	-385	5184
9	2	35	12	1	-5	576
9	2	36	11	1	5	48
9	2	36	12	1	-5	2304
9	2	37	12	1	5	1152
9	3	9	0	0	-12597120	1
9	3	9	0	1	9447840	1
9	3	10	0	0	-41990400	1
9	3	10	0	1	12597120	1
9	3	11	0	0	-56687040	1
9	3	11	0	1	-8398080	1
9	3	11	0	2	-787320	1
9	3	11	1	0	-23094720	1
9	3	11	1	1	15746400	1
9	3	11	2	0	1574640	1
9	3	12	0	0	-12130560	1
9	3	12	0	1	-25194240	1
9	3	12	1	0	-97277760	1
9	3	12	1	1	15746400	1
9	3	12	2	0	3149280	1
9	3	13	0	0	82270080	1
9	3	13	0	1	-11984760	1
9	3	13	0	2	2099520	1
9	3	13	1	0	-174026880	1
9	3	13	1	1	-22832280	1
9	3	13	1	2	-1574640	1
9	3	13	2	0	-16621200	1
9	3	13	2	1	13974930	1
9	3	13	3	0	2099520	1
9	3	14	0	0	153239040	1
9	3	14	0	1	9370080	1
9	3	14	0	2	933120	1
9	3	14	1	0	-130636800	1
9	3	14	1	1	-39628440	1
9	3	14	1	2	524880	1
9	3	14	2	0	-101943360	1
9	3	14	2	1	9316620	1
9	3	14	3	0	3499200	1
9	3	15	0	0	150134040	1
9	3	15	0	1	12966480	1
9	3	15	0	2	-1982880	1
9	3	15	1	0	39314160	1
9	3	15	1	1	-4753080	1
9	3	15	1	2	4024080	1
9	3	15	2	0	-205096860	1
9	3	15	2	1	-26222130	1
9	3	15	2	2	-1443420	1
9	3	15	3	0	-6954660	1
9	3	15	3	1	8857350	1
9	3	15	4	0	2154195	2
9	3	16	0	0	96782400	1
9	3	16	0	1	4445280	1
9	3	16	0	2	-1866240	1
9	3	16	1	0	179550000	1
9	3	16	1	1	25806600	1
9	3	16	1	2	524880	1
9	3	16	2	0	-177846840	1
9	3	16	2	1	-29364120	1
9	3	16	2	2	962280	1
9	3	16	3	0	-64662300	1
9	3	16	3	1	2952450	1
9	3	16	4	0	1436130	1
9	3	17	0	0	43798560	1
9	3	17	0	1	-1303560	1
9	3	17	0	2	285120	1
9	3	17	1	0	187215840	1
9	3	17	1	1	18532800	1
9	3	17	1	2	-4140720	1
9	3	17	2	0	-19546380	1
9	3	17	2	1	8383500	1
9	3	17	2	2	3367980	1
9	3	17	3	0	-133058700	1
9	3	17	3	1	-18358650	1
9	3	17	3	2	-801900	1
9	3	17	4	0	-1986525	1
9	3	17	4	1	8474625	2
9	3	17	5	0	211410	1
9	3	18	0	0	14220480	1
9	3	18	0	1	-1602240	1
9	3	18	0	2	1140480	1
9	3	18	1	0	113547360	1
9	3	18	1	1	233280	1
9	3	18	1	2	-2352240	1
9	3	18	2	0	103718880	1
9	3	18	2	1	25621920	1
9	3	18	2	2	-641520	1
9	3	18	3	0	-111876660	1
9	3	18	3	1	-12793950	1
9	3	18	3	2	801900	1
9	3	18	4	0	-27552150	1
9	3	18	5	0	211410	1
9	3	19	0	0	9927280	3
9	3	19	0	1	-467360	1
9	3	19	0	2	546480	1
9	3	19	1	0	45617920	1
9	3	19	1	1	-5596560	1
9	3	19	1	2	1354320	1
9	3	19	2	0	110236320	1
9	3	19	2	1	9920880	1
9	3	19	2	2	-3581820	1
9	3	19	3	0	-19013400	1
9	3	19	3	1	10530000	1
9	3	19	3	2	1603800	1
9	3	19	4	0	-109086075	2
9	3	19	4	1	-8656875	1
9	3	19	4	2	-601425	2
9	3	19	5	0	-342630	1
9	3	19	5	1	1509030	1
9	3	19	6	0	-59535	2
9	3	20	0	0	4861120	9
9	3	20	0	1	101440	3
9	3	20	0	2	-56320	1
9	3	20	1	0	37688960	3
9	3	20	1	1	-2959120	1
9	3	20	1	2	1829520	1
9	3	20	2	0	60008160	1
9	3	20	2	1	-4605120	1
9	3	20	2	2	-962280	1
9	3	20	3	0	41264280	1
9	3	20	3	1	13532400	1
9	3	20	3	2	-891000	1
9	3	20	4	0	-40865580	1
9	3	20	4	1	-3045600	1
9	3	20	4	2	400950	1
9	3	20	5	0	-8291430	1
9	3	20	5	1	-503010	1
9	3	20	6	0	-19845	1
9	3	21	0	0	176480	3
9	3	21	0	1	193640	3
9	3	21	0	2	-179520	1
9	3	21	1	0	7075040	3
9	3	21	1	1	-501400	1
9	3	21	1	2	483120	1
9	3	21	2	0	20452560	1
9	3	21	2	1	-5310630	1
9	3	21	2	2	1562220	1
9	3	21	3	0	40033200	1
9	3	21	3	1	1737900	1
9	3	21	3	2	-1692900	1
9	3	21	4	0	-5035590	1
9	3	21	4	1	11714625	2
9	3	21	4	2	467775	1
9	3	21	5	0	-15082200	1
9	3	21	5	1	-2793285	1
9	3	21	5	2	-80190	1
9	3	21	6	0	4725	2
9	3	21	6	1	1573425	4
9	3	21	7	0	-53865	2
9	3	22	0	0	311360	81
9	3	22	0	1	63520	3
9	3	22	0	2	-290560	3
9	3	22	1	0	7817440	27
9	3	22	1	1	113000	1
9	3	22	1	2	-273680	1
9	3	22	2	0	40810880	9
9	3	22	2	1	-1754500	1
9	3	22	2	2	1156320	1
9	3	22	3	0	18381200	1
9	3	22	3	1	-3812700	1
9	3	22	3	2	29700	1
9	3	22	4	0	12402900	1
9	3	22	4	1	4168800	1
9	3	22	4	2	-490050	1
9	3	22	5	0	-9361800	1
9	3	22	5	1	-105705	1
9	3	22	5	2	133650	1
9	3	22	6	0	-1818180	1
9	3	22	6	1	-524475	2
9	3	22	7	0	-17955	2
9	3	23	0	0	3080	27
9	3	23	0	1	289360	81
9	3	23	0	2	-790240	27
9	3	23	1	0	567280	27
9	3	23	1	1	670120	9
9	3	23	1	2	-803440	3
9	3	23	2	0	17246020	27
9	3	23	2	1	-290390	3
9	3	23	2	2	57420	1
9	3	23	3	0	15042500	3
9	3	23	3	1	-2294650	1
9	3	23	3	2	858000	1
9	3	23	4	0	19292975	2
9	3	23	4	1	-586950	1
9	3	23	4	2	-942975	2
9	3	23	5	0	-163590	1
9	3	23	5	1	1933605	1
9	3	23	5	2	80190	1
9	3	23	6	0	-5790015	2
9	3	23	6	1	-2425815	4
9	3	23	6	2	-31185	2
9	3	23	7	0	35505	2
9	3	23	7	1	296865	4
9	3	23	8	0	-112455	16
9	3	24	0	1	26080	81
9	3	24	0	2	-151040	27
9	3	24	1	0	6160	9
9	3	24	1	1	436280	27
9	3	24	1	2	-939920	9
9	3	24	2	0	1407560	27
9	3	24	2	1	894520	9
9	3	24	2	2	-810040	3
9	3	24	3	0	22419100	27
9	3	24	3	1	-1312250	3
9	3	24	3	2	356400	1
9	3	24	4	0	3480950	1
9	3	24	4	1	-1458000	1
9	3	24	4	2	168300	1
9	3	24	5	0	2732010	1
9	3	24	5	1	704025	1
9	3	24	5	2	-157410	1
9	3	24	6	0	-1350825	1
9	3	24	6	1	172620	1
9	3	24	6	2	31185	1
9	3	24	7	0	-592605	2
9	3	24	7	1	-296865	4
9	3	25	0	1	1000	81
9	3	25	0	2	-6080	9
9	3	25	1	1	46160	27
9	3	25	1	2	-213520	9
9	3	25	2	0	16940	9
9	3	25	2	1	857560	27
9	3	25	2	2	-1399420	9
9	3	25	3	0	6275500	81
9	3	25	3	1	416350	9
9	3	25	3	2	-86900	1
9	3	25	4	0	6321425	9
9	3	25	4	1	-1029525	2
9	3	25	4	2	265650	1
9	3	25	5	0	4624840	3
9	3	25	5	1	-393645	1
9	3	25	5	2	-73260	1
9	3	25	6	0	404915	2
9	3	25	6	1	1586235	4
9	3	25	6	2	10395	2
9	3	25	7	0	-771315	2
9	3	25	7	1	-336015	4
9	3	25	7	2	-4455	2
9	3	25	8	0	16785	4
9	3	25	8	1	159975	16
9	3	25	9	0	-8145	8
9	3	26	0	2	-1280	27
9	3	26	1	1	2000	27
9	3	26	1	2	-3280	1
9	3	26	2	1	110440	27
9	3	26	2	2	-395120	9
9	3	26	3	0	84700	27
9	3	26	3	1	2824250	81
9	3	26	3	2	-3268100	27
9	3	26	4	0	689150	9
9	3	26	4	1	-88000	3
9	3	26	4	2	45100	1
9	3	26	5	0	3617240	9
9	3	26	5	1	-307345	1
9	3	26	5	2	69300	1
9	3	26	6	0	1237390	3
9	3	26	6	1	70175	2
9	3	26	6	2	-32340	1
9	3	26	7	0	-224705	2
9	3	26	7	1	232215	4
9	3	26	7	2	10395	2
9	3	26	8	0	-35925	1
9	3	26	8	1	-53325	4
9	3	26	9	0	2715	8
9	3	27	0	2	-40	27
9	3	27	1	2	-2320	9
9	3	27	2	1	5500	27
9	3	27	2	2	-21340	3
9	3	27	3	1	469700	81
9	3	27	3	2	-1243000	27
9	3	27	4	0	21175	6
9	3	27	4	1	201025	9
9	3	27	4	2	-285725	6
9	3	27	5	0	475090	9
9	3	27	5	1	-163405	3
9	3	27	5	2	47740	1
9	3	27	6	0	2807035	18
9	3	27	6	1	-380975	4
9	3	27	6	2	-3465	1
9	3	27	7	0	102465	2
9	3	27	7	1	193125	4
9	3	27	7	2	-990	1
9	3	27	8	0	-275325	8
9	3	27	8	1	-24975	4
9	3	27	8	2	-7425	32
9	3	27	9	0	3375	8
9	3	27	9	1	1875	2
9	3	27	10	0	-2805	32
9	3	28	1	2	-80	9
9	3	28	2	2	-5720	9
9	3	28	3	1	27500	81
9	3	28	3	2	-81400	9
9	3	28	4	1	48400	9
9	3	28	4	2	-88550	3
9	3	28	5	0	8470	3
9	3	28	5	1	63965	9
9	3	28	5	2	-11660	3
9	3	28	6	0	698005	27
9	3	28	6	1	-104335	3
9	3	28	6	2	14630	1
9	3	28	7	0	711755	18
9	3	28	7	1	-37845	4
9	3	28	7	2	-4290	1
9	3	28	8	0	-9625	3
9	3	28	8	1	37575	4
9	3	28	8	2	2475	4
9	3	28	9	0	-75275	24
9	3	28	9	1	-3125	2
9	3	28	10	0	935	16
9	3	29	2	2	-220	9
9	3	29	3	2	-25300	27
9	3	29	4	1	6875	18
9	3	29	4	2	-7425	1
9	3	29	5	1	30470	9
9	3	29	5	2	-34210	3
9	3	29	6	0	29645	18
9	3	29	6	1	-14245	27
9	3	29	6	2	39655	9
9	3	29	7	0	161315	18
9	3	29	7	1	-141515	12
9	3	29	7	2	935	1
9	3	29	8	0	209275	36
9	3	29	8	1	88625	32
9	3	29	8	2	-2475	8
9	3	29	9	0	-133925	72
9	3	29	9	1	-1625	96
9	3	29	9	2	-275	16
9	3	29	10	0	1115	96
9	3	29	10	1	7445	128
9	3	29	11	0	-135	32
9	3	30	3	2	-1100	27
9	3	30	4	2	-2750	3
9	3	30	5	1	2750	9
9	3	30	5	2	-4070	1
9	3	30	6	1	38885	27
9	3	30	6	2	-20020	9
9	3	30	7	0	4235	6
9	3	30	7	1	-55495	36
9	3	30	7	2	5335	3
9	3	30	8	0	19250	9
9	3	30	8	1	-47575	24
9	3	30	8	2	-1375	4
9	3	30	9	0	20075	72
9	3	30	9	1	79775	96
9	3	30	9	2	825	16
9	3	30	10	0	-4345	24
9	3	30	10	1	-7445	64
9	3	30	11	0	135	32
9	3	31	4	2	-275	6
9	3	31	5	2	-1870	3
9	3	31	6	1	9625	54
9	3	31	6	2	-8855	6
9	3	31	7	1	6985	18
9	3	31	7	2	110	3
9	3	31	8	0	21175	96
9	3	31	8	1	-97625	144
9	3	31	8	2	10175	48
9	3	31	9	0	425425	1296
9	3	31	9	1	-1375	32
9	3	31	9	2	-1925	48
9	3	31	10	0	-75955	1728
9	3	31	10	1	5135	128
9	3	31	10	2	-55	64
9	3	31	11	0	-605	576
9	3	31	11	1	275	128
9	3	31	12	0	-45	512
9	3	32	5	2	-110	3
9	3	32	6	2	-2695	9
9	3	32	7	1	1375	18
9	3	32	7	2	-330	1
9	3	32	8	1	3575	72
9	3	32	8	2	1375	12
9	3	32	9	0	21175	432
9	3	32	9	1	-379775	2592
9	3	32	9	2	-5225	432
9	3	32	10	0	23485	864
9	3	32	10	1	9955	288
9	3	32	10	2	275	96
9	3	32	11	0	-9985	1728
9	3	32	11	1	-1925	384
9	3	32	12	0	15	128
9	3	33	6	2	-385	18
9	3	33	7	2	-605	6
9	3	33	8	1	6875	288
9	3	33	8	2	-275	8
9	3	33	9	1	-6325	1296
9	3	33	9	2	8525	432
9	3	33	10	0	4235	576
9	3	33	10	1	-12265	864
9	3	33	10	2	-1705	576
9	3	33	11	0	805	1728
9	3	33	11	1	3715	1152
9	3	33	11	2	-5	192
9	3	33	12	0	-445	6912
9	3	33	12	1	55	1536
9	3	34	7	2	-55	6
9	3	34	8	2	-275	12
9	3	34	9	1	6875	1296
9	3	34	9	2	275	144
9	3	34	10	1	-2695	864
9	3	34	10	2	55	144
9	3	34	11	0	385	576
9	3	34	11	1	235	3456
9	3	34	11	2	55	576
9	3	34	12	0	-665	10368
9	3	34	12	1	-55	576
9	3	35	8	2	-275	96
9	3	35	9	2	-1375	432
9	3	35	10	1	1375	1728
9	3	35	10	2	55	64
9	3	35	11	1	-865	1728
9	3	35	11	2	-35	288
9	3	35	12	0	385	13824
9	3	35	12	1	1795	20736
9	3	35	12	2	-5	13824
9	3	36	9	2	-275	432
9	3	36	10	2	-55	288
9	3	36	11	1	125	1728
9	3	36	11	2	5	96
9	3	36	12	1	-155	5184
9	3	36	12	2	5	3456
9	3	37	10	2	-55	576
9	3	37	11	2	5	576
9	3	37	12	1	125	41472
9	3	37	12	2	-5	2304
9	3	38	11	2	-5	576
9	3	38	12	2	5	3456
9	3	39	12	2	-5	13824
9	4	12	0	0	-1399680	1
9	4	12	1	0	2099520	1
9	4	13	0	0	-5132160	1
9	4	13	1	0	6998400	1
9	4	14	0	0	-8553600	1
9	4	14	1	0	7698240	1
9	4	14	2	0	3849120	1
9	4	15	0	0	-8553600	1
9	4	15	2	0	11547360	1
9	4	16	0	0	-5702400	1
9	4	16	1	0	-8553600	1
9	4	16	2	0	12830400	1
9	4	16	3	0	3207600	1
9	4	17	0	0	-2661120	1
9	4	17	1	0	-10264320	1
9	4	17	2	0	4276800	1
9	4	17	3	0	8553600	1
9	4	18	0	0	-887040	1
9	4	18	1	0	-6652800	1
9	4	18	2	0	-4276800	1
9	4	18	3	0	8553600	1
9	4	18	4	0	1603800	1
9	4	19	0	0	-211200	1
9	4	19	1	0	-2787840	1
9	4	19	2	0	-5987520	1
9	4	19	3	0	2851200	1
9	4	19	4	0	3742200	1
9	4	20	0	0	-35200	1
9	4	20	1	0	-792000	1
9	4	20	2	0	-3548160	1
9	4	20	3	0	-1663200	1
9	4	20	4	0	3207600	1
9	4	20	5	0	534600	1
9	4	21	0	0	-35200	9
9	4	21	1	0	-457600	3
9	4	21	2	0	-1267200	1
9	4	21	3	0	-2217600	1
9	4	21	4	0	831600	1
9	4	21	5	0	1069200	1
9	4	22	0	0	-7040	27
9	4	22	1	0	-172480	9
9	4	22	2	0	-290400	1
9	4	22	3	0	-1108800	1
9	4	22	4	0	-554400	1
9	4	22	5	0	748440	1
9	4	22	6	0	124740	1
9	4	23	0	0	-640	81
9	4	23	1	0	-12800	9
9	4	23	2	0	-378400	9
9	4	23	3	0	-316800	1
9	4	23	4	0	-554400	1
9	4	23	5	0	110880	1
9	4	23	6	0	207900	1
9	4	24	1	0	-1280	27
9	4	24	2	0	-3520	1
9	4	24	3	0	-162800	3
9	4	24	4	0	-215600	1
9	4	24	5	0	-138600	1
9	4	24	6	0	110880	1
9	4	24	7	0	20790	1
9	4	25	2	0	-3520	27
9	4	25	3	0	-140800	27
9	4	25	4	0	-136400	3
9	4	25	5	0	-92400	1
9	4	25	7	0	27720	1
9	4	26	3	0	-17600	81
9	4	26	4	0	-15400	3
9	4	26	5	0	-77000	3
9	4	26	6	0	-23100	1
9	4	26	7	0	9900	1
9	4	26	8	0	2475	1
9	4	27	4	0	-2200	9
9	4	27	5	0	-3520	1
9	4	27	6	0	-29260	3
9	4	27	7	0	-2200	1
9	4	27	8	0	2475	1
9	4	28	5	0	-1760	9
9	4	28	6	0	-15400	9
9	4	28	7	0	-7150	3
9	4	28	8	0	825	2
9	4	28	9	0	825	4
9	4	29	6	0	-3080	27
9	4	29	7	0	-1760	3
9	4	29	8	0	-1925	6
9	4	29	9	0	275	2
9	4	30	7	0	-440	9
9	4	30	8	0	-275	2
9	4	30	9	0	-275	36
9	4	30	10	0	275	24
9	4	31	8	0	-275	18
9	4	31	9	0	-550	27
9	4	31	10	0	275	72
9	4	32	9	0	-275	81
9	4	32	10	0	-55	36
9	4	32	11	0	55	144
9	4	33	10	0	-55	108
9	4	34	11	0	-5	108
9	4	34	12	0	5	864
9	4	35	12	0	-5	2592
10	0	9	0	0	-3346110	1
10	0	10	0	0	-10628820	1
10	0	10	1	0	-1180980	1
10	0	11	0	0	-14193630	1
10	0	11	0	1	-787320	1
10	0	11	1	0	-7938810	1
10	0	12	0	0	-7858620	1
10	0	12	0	1	-1443420	1
10	0	12	1	0	-18064620	1
10	0	12	1	1	-196830	1
10	0	12	2	0	-1771470	1
10	0	13	0	0	3761640	1
10	0	13	0	1	-43740	1
10	0	13	1	0	-20018340	1
10	0	13	1	1	-1837080	1
10	0	13	2	0	-14270175	2
10	0	14	0	0	11179620	1
10	0	14	0	1	1953720	1
10	0	14	1	0	-7559730	1
10	0	14	1	1	-2230740	1
10	0	14	2	0	-13096485	1
10	0	14	2	1	-360855	1
10	0	14	3	0	-1191915	1
10	0	15	0	0	10935000	1
10	0	15	0	1	1924560	1
10	0	15	1	0	9870660	1
10	0	15	1	1	1137240	1
10	0	15	2	0	-12615345	1
10	0	15	2	1	-1804275	1
10	0	15	3	0	-3477330	1
10	0	16	0	0	6684120	1
10	0	16	0	1	374220	1
10	0	16	1	0	18309240	1
10	0	16	1	1	3929310	1
10	0	16	2	0	-2612250	1
10	0	16	2	1	-1323135	1
10	0	16	3	0	-11135475	2
10	0	16	3	1	-601425	2
10	0	16	4	0	-951345	2
10	0	17	0	0	2845890	1
10	0	17	0	1	-694980	1
10	0	17	1	0	15256080	1
10	0	17	1	1	2566080	1
10	0	17	2	0	9142065	1
10	0	17	2	1	1884465	1
10	0	17	3	0	-4936950	1
10	0	17	3	1	-1002375	1
10	0	17	4	0	-4246425	4
10	0	18	0	0	870820	1
10	0	18	0	1	-736560	1
10	0	18	1	0	8092080	1
10	0	18	1	1	-285120	1
10	0	18	2	0	13043430	1
10	0	18	2	1	3207600	1
10	0	18	3	0	-202500	1
10	0	18	3	1	-601425	2
10	0	18	4	0	-6518475	4
10	0	18	4	1	-601425	4
10	0	18	5	0	-251505	2
10	0	19	0	0	191730	1
10	0	19	0	1	-384120	1
10	0	19	1	0	2949030	1
10	0	19	1	1	-1449360	1
10	0	19	2	0	9326340	1
10	0	19	2	1	1229580	1
10	0	19	3	0	4630770	1
10	0	19	3	1	1336500	1
10	0	19	4	0	-1407375	1
10	0	19	4	1	-1403325	4
10	0	19	5	0	-885735	4
10	0	20	0	0	267620	9
10	0	20	0	1	-128260	1
10	0	20	1	0	2254820	3
10	0	20	1	1	-1060290	1
10	0	20	2	0	4223670	1
10	0	20	2	1	-816750	1
10	0	20	3	0	5415165	1
10	0	20	3	1	1403325	1
10	0	20	4	0	332775	2
10	0	20	4	1	200475	4
10	0	20	5	0	-368550	1
10	0	20	5	1	-200475	4
10	0	20	6	0	-93555	4
10	0	21	0	0	83420	27
10	0	21	0	1	-87340	3
10	0	21	1	0	1190180	9
10	0	21	1	1	-435160	1
10	0	21	2	0	2561025	2
10	0	21	2	1	-1149390	1
10	0	21	3	0	3283050	1
10	0	21	3	1	163350	1
10	0	21	4	0	6061545	4
10	0	21	4	1	2160675	4
10	0	21	5	0	-311040	1
10	0	21	5	1	-80190	1
10	0	21	6	0	-547155	16
10	0	22	0	0	580	3
10	0	22	0	1	-40520	9
10	0	22	1	0	414530	27
10	0	22	1	1	-346060	3
10	0	22	2	0	260535	1
10	0	22	2	1	-622215	1
10	0	22	3	0	1233525	1
10	0	22	3	1	-571725	1
10	0	22	4	0	2920575	2
10	0	22	4	1	705375	2
10	0	22	5	0	348705	4
10	0	22	5	1	53460	1
10	0	22	6	0	-547155	8
10	0	22	6	1	-93555	8
10	0	22	7	0	-25515	8
10	0	23	0	0	1340	243
10	0	23	0	1	-12320	27
10	0	23	1	0	28640	27
10	0	23	1	1	-60760	3
10	0	23	2	0	925595	27
10	0	23	2	1	-597025	3
10	0	23	3	0	2681800	9
10	0	23	3	1	-478500	1
10	0	23	4	0	2916625	4
10	0	23	4	1	-155925	2
10	0	23	5	0	1378545	4
10	0	23	5	1	136620	1
10	0	23	6	0	-51660	1
10	0	23	6	1	-93555	8
10	0	23	7	0	-34155	8
10	0	24	0	1	-740	27
10	0	24	1	0	2680	81
10	0	24	1	1	-20590	9
10	0	24	2	0	71390	27
10	0	24	2	1	-121385	3
10	0	24	3	0	814825	18
10	0	24	3	1	-389125	2
10	0	24	4	0	652300	3
10	0	24	4	1	-410025	2
10	0	24	5	0	532035	2
10	0	24	5	1	93555	2
10	0	24	6	0	49455	2
10	0	24	6	1	135135	8
10	0	24	7	0	-163305	16
10	0	24	7	1	-31185	16
10	0	24	8	0	-5265	16
10	0	25	0	1	-20	27
10	0	25	1	1	-1360	9
10	0	25	2	0	7370	81
10	0	25	2	1	-46475	9
10	0	25	3	0	106700	27
10	0	25	3	1	-423775	9
10	0	25	4	0	352000	9
10	0	25	4	1	-234025	2
10	0	25	5	0	208835	2
10	0	25	5	1	-41580	1
10	0	25	6	0	887565	16
10	0	25	6	1	176715	8
10	0	25	7	0	-46995	8
10	0	25	7	1	-7425	8
10	0	25	8	0	-57915	128
10	0	26	1	1	-40	9
10	0	26	2	1	-3410	9
10	0	26	3	0	36850	243
10	0	26	3	1	-373175	54
10	0	26	4	0	141625	36
10	0	26	4	1	-140525	4
10	0	26	5	0	830335	36
10	0	26	5	1	-43505	1
10	0	26	6	0	782705	24
10	0	26	6	1	8085	8
10	0	26	7	0	36925	8
10	0	26	7	1	49005	16
10	0	26	8	0	-72975	64
10	0	26	8	1	-7425	32
10	0	26	9	0	-1665	64
10	0	27	2	1	-110	9
10	0	27	3	1	-15400	27
10	0	27	4	0	18425	108
10	0	27	4	1	-72875	12
10	0	27	5	0	24640	9
10	0	27	5	1	-17380	1
10	0	27	6	0	674905	72
10	0	27	6	1	-73535	8
10	0	27	7	0	74195	12
10	0	27	7	1	8745	4
10	0	27	8	0	-49275	128
10	0	27	9	0	-4925	128
10	0	28	3	1	-550	27
10	0	28	4	1	-6875	12
10	0	28	5	0	3685	27
10	0	28	5	1	-43945	12
10	0	28	6	0	48895	36
10	0	28	6	1	-135905	24
10	0	28	7	0	370865	144
10	0	28	7	1	-11275	16
10	0	28	8	0	36025	64
10	0	28	8	1	22275	64
10	0	28	9	0	-5625	64
10	0	28	9	1	-2475	128
10	0	28	10	0	-195	128
10	0	29	4	1	-275	12
10	0	29	5	1	-1210	3
10	0	29	6	0	25795	324
10	0	29	6	1	-110495	72
10	0	29	7	0	8635	18
10	0	29	7	1	-9185	8
10	0	29	8	0	259325	576
10	0	29	8	1	6875	64
10	0	29	9	0	-3575	576
10	0	29	9	1	275	32
10	0	29	10	0	-3505	1536
10	0	30	5	1	-55	3
10	0	30	6	1	-7315	36
10	0	30	7	0	3685	108
10	0	30	7	1	-21175	48
10	0	30	8	0	67925	576
10	0	30	8	1	-1925	16
10	0	30	9	0	147125	3456
10	0	30	9	1	4675	192
10	0	30	10	0	-9845	2304
10	0	30	10	1	-275	256
10	0	30	11	0	-15	256
10	0	31	6	1	-385	36
10	0	31	7	1	-220	3
10	0	31	8	0	18425	1728
10	0	31	8	1	-7975	96
10	0	31	9	0	1375	72
10	0	31	9	1	-275	288
10	0	31	10	0	6655	6912
10	0	31	10	1	715	768
10	0	31	11	0	-5	64
10	0	32	7	1	-55	12
10	0	32	8	1	-3575	192
10	0	32	9	0	18425	7776
10	0	32	9	1	-31625	3456
10	0	32	10	0	6215	3456
10	0	32	10	1	715	768
10	0	32	11	0	-1585	13824
10	0	32	11	1	-55	1536
10	0	32	12	0	-5	4608
10	0	33	8	1	-275	192
10	0	33	9	1	-1375	432
10	0	33	10	0	3685	10368
10	0	33	10	1	-935	2304
10	0	33	11	0	115	1728
10	0	33	11	1	35	768
10	0	33	12	0	-5	4608
10	0	34	9	1	-275	864
10	0	34	10	1	-385	1152
10	0	34	11	0	335	10368
10	0	34	11	1	55	4608
10	0	34	12	0	-35	27648
10	0	34	12	1	-5	9216
10	0	35	10	1	-55	1152
10	0	35	11	1	-5	288
10	0	35	12	0	335	248832
10	0	35	12	1	25	27648
10	0	36	11	1	-5	1152
10	0	36	12	1	-5	27648
10	0	37	12	1	-5	27648
10	1	9	0	0	-7873200	1
10	1	10	0	0	-26244000	1
10	1	11	0	0	-35866800	1
10	1	11	0	1	-2099520	1
10	1	11	1	0	-13122000	1
10	1	12	0	0	-12597120	1
10	1	12	0	1	-4199040	1
10	1	12	1	0	-51963120	1
10	1	13	0	0	35886240	1
10	1	13	0	1	-699840	1
10	1	13	1	0	-87013440	1
10	1	13	1	1	-4199040	1
10	1	13	2	0	-10191420	1
10	1	14	0	0	71150400	1
10	1	14	0	1	5287680	1
10	1	14	1	0	-59952960	1
10	1	14	1	1	-6998400	1
10	1	14	2	0	-50271840	1
10	1	15	0	0	69660000	1
10	1	15	0	1	5987520	1
10	1	15	1	0	23911200	1
10	1	15	1	1	933120	1
10	1	15	2	0	-93720240	1
10	1	15	2	1	-3849120	1
10	1	15	3	0	-4957200	1
10	1	16	0	0	44496000	1
10	1	16	0	1	1710720	1
10	1	16	1	0	87804000	1
10	1	16	1	1	10264320	1
10	1	16	2	0	-74455200	1
10	1	16	2	1	-5132160	1
10	1	16	3	0	-30812400	1
10	1	17	0	0	19944720	1
10	1	17	0	1	-1805760	1
10	1	17	1	0	88067520	1
10	1	17	1	1	8553600	1
10	1	17	2	0	-16200	1
10	1	17	2	1	2566080	1
10	1	17	3	0	-58611600	1
10	1	17	3	1	-2138400	1
10	1	17	4	0	-1713150	1
10	1	18	0	0	6424160	1
10	1	18	0	1	-2280960	1
10	1	18	1	0	52280640	1
10	1	18	1	1	570240	1
10	1	18	2	0	52837920	1
10	1	18	2	1	8553600	1
10	1	18	3	0	-45392400	1
10	1	18	3	1	-2138400	1
10	1	18	4	0	-13049100	1
10	1	19	0	0	4458800	3
10	1	19	0	1	-1298880	1
10	1	19	1	0	20714160	1
10	1	19	1	1	-3801600	1
10	1	19	2	0	52017840	1
10	1	19	2	1	4989600	1
10	1	19	3	0	-3488400	1
10	1	19	3	1	2138400	1
10	1	19	4	0	-23615550	1
10	1	19	4	1	-801900	1
10	1	19	5	0	-449550	1
10	1	20	0	0	2176000	9
10	1	20	0	1	-1400960	3
10	1	20	1	0	16961200	3
10	1	20	1	1	-3294720	1
10	1	20	2	0	27510240	1
10	1	20	2	1	-1140480	1
10	1	20	3	0	21193200	1
10	1	20	3	1	4039200	1
10	1	20	4	0	-16237800	1
10	1	20	4	1	-534600	1
10	1	20	5	0	-3956850	1
10	1	21	0	0	236800	9
10	1	21	0	1	-341440	3
10	1	21	1	0	1056000	1
10	1	21	1	1	-1499520	1
10	1	21	2	0	9236100	1
10	1	21	2	1	-3104640	1
10	1	21	3	0	18740400	1
10	1	21	3	1	1425600	1
10	1	21	4	0	-614250	1
10	1	21	4	1	980100	1
10	1	21	5	0	-6439500	1
10	1	21	5	1	-213840	1
10	1	21	6	0	-184275	2
10	1	22	0	0	139520	81
10	1	22	0	1	-170240	9
10	1	22	1	0	3495040	27
10	1	22	1	1	-1302400	3
10	1	22	2	0	18286400	9
10	1	22	2	1	-1985280	1
10	1	22	3	0	8354800	1
10	1	22	3	1	-1108800	1
10	1	22	4	0	6201300	1
10	1	22	4	1	1188000	1
10	1	22	5	0	-3627540	1
10	1	22	5	1	-71280	1
10	1	22	6	0	-871290	1
10	1	23	0	0	4160	81
10	1	23	0	1	-167360	81
10	1	23	1	0	254080	27
10	1	23	1	1	-746240	9
10	1	23	2	0	7707040	27
10	1	23	2	1	-712800	1
10	1	23	3	0	6749600	3
10	1	23	3	1	-1355200	1
10	1	23	4	0	4446050	1
10	1	23	4	1	138600	1
10	1	23	5	0	254730	1
10	1	23	5	1	285120	1
10	1	23	6	0	-1211805	1
10	1	23	6	1	-41580	1
10	1	23	7	0	-14715	1
10	1	24	0	1	-10880	81
10	1	24	1	0	8320	27
10	1	24	1	1	-275200	27
10	1	24	2	0	630080	27
10	1	24	2	1	-1443200	9
10	1	24	3	0	10014400	27
10	1	24	3	1	-651200	1
10	1	24	4	0	1566400	1
10	1	24	4	1	-462000	1
10	1	24	5	0	1309350	1
10	1	24	5	1	221760	1
10	1	24	6	0	-503370	1
10	1	24	7	0	-139455	1
10	1	25	0	1	-320	81
10	1	25	1	1	-19840	27
10	1	25	2	0	22880	27
10	1	25	2	1	-608960	27
10	1	25	3	0	2807200	81
10	1	25	3	1	-536800	3
10	1	25	4	0	2822600	9
10	1	25	4	1	-354200	1
10	1	25	5	0	2094400	3
10	1	25	5	1	-36960	1
10	1	25	6	0	259525	2
10	1	25	6	1	55440	1
10	1	25	7	0	-156705	1
10	1	25	7	1	-5940	1
10	1	25	8	0	-28575	16
10	1	26	1	1	-640	27
10	1	26	2	1	-49280	27
10	1	26	3	0	114400	81
10	1	26	3	1	-2384800	81
10	1	26	4	0	308000	9
10	1	26	4	1	-378400	3
10	1	26	5	0	1614800	9
10	1	26	5	1	-110880	1
10	1	26	6	0	569800	3
10	1	26	6	1	24640	1
10	1	26	7	0	-38825	1
10	1	26	7	1	1980	1
10	1	26	8	0	-128325	8
10	1	27	2	1	-1760	27
10	1	27	3	1	-220000	81
10	1	27	4	0	14300	9
10	1	27	4	1	-225500	9
10	1	27	5	0	212080	9
10	1	27	5	1	-172480	3
10	1	27	6	0	626780	9
10	1	27	6	1	-15400	1
10	1	27	7	0	25300	1
10	1	27	7	1	7260	1
10	1	27	8	0	-215475	16
10	1	27	8	1	-2475	4
10	1	27	9	0	-2525	16
10	1	28	3	1	-8800	81
10	1	28	4	1	-24200	9
10	1	28	5	0	11440	9
10	1	28	5	1	-130240	9
10	1	28	6	0	311080	27
10	1	28	6	1	-49280	3
10	1	28	7	0	159280	9
10	1	28	7	1	1100	1
10	1	28	8	0	-2200	3
10	1	28	8	1	825	2
10	1	28	9	0	-61925	48
10	1	29	4	1	-1100	9
10	1	29	5	1	-16720	9
10	1	29	6	0	20020	27
10	1	29	6	1	-154000	27
10	1	29	7	0	35860	9
10	1	29	7	1	-7700	3
10	1	29	8	0	23650	9
10	1	29	8	1	2475	4
10	1	29	9	0	-6325	9
10	1	29	9	1	-275	6
10	1	29	10	0	-1825	192
10	1	30	5	1	-880	9
10	1	30	6	1	-24640	27
10	1	30	7	0	2860	9
10	1	30	7	1	-13420	9
10	1	30	8	0	8525	9
10	1	30	8	1	-275	3
10	1	30	9	0	275	2
10	1	30	9	1	275	6
10	1	30	10	0	-275	4
10	1	31	6	1	-1540	27
10	1	31	7	1	-2860	9
10	1	31	8	0	3575	36
10	1	31	8	1	-8525	36
10	1	31	9	0	23375	162
10	1	31	9	1	275	9
10	1	31	10	0	-3575	216
10	1	31	10	1	-55	24
10	1	31	11	0	-25	72
10	1	32	7	1	-220	9
10	1	32	8	1	-1375	18
10	1	32	9	0	3575	162
10	1	32	9	1	-1375	81
10	1	32	10	0	1265	108
10	1	32	10	1	55	18
10	1	32	11	0	-235	108
10	1	33	8	1	-275	36
10	1	33	9	1	-1925	162
10	1	33	10	0	715	216
10	1	33	10	1	55	108
10	1	33	11	0	35	216
10	1	33	11	1	-5	72
10	1	33	12	0	-5	864
10	1	34	9	1	-275	162
10	1	34	10	1	-55	54
10	1	34	11	0	65	216
10	1	34	11	1	25	216
10	1	34	12	0	-5	162
10	1	35	10	1	-55	216
10	1	35	11	1	-5	216
10	1	35	12	0	65	5184
10	1	35	12	1	-5	5184
10	1	36	11	1	-5	216
10	1	36	12	1	5	2592
10	1	37	12	1	-5	5184
10	2	8	0	0	3542940	1
10	2	9	0	0	27162540	1
10	2	10	0	0	68890500	1
10	2	10	1	0	8266860	1
10	2	11	0	0	85161780	1
10	2	11	0	1	3542940	1
10	2	11	1	0	48026520	1
10	2	12	0	0	37528920	1
10	2	12	0	1	6692220	1
10	2	12	1	0	116654580	1
10	2	12	1	1	590490	1
10	2	12	2	0	7971615	1
10	2	13	0	0	-48288960	1
10	2	13	0	1	524880	1
10	2	13	1	0	148803480	1
10	2	13	1	1	7873200	1
10	2	13	2	0	37233675	1
10	2	14	0	0	-105073200	1
10	2	14	0	1	-8835480	1
10	2	14	1	0	75451500	1
10	2	14	1	1	10628820	1
10	2	14	2	0	92706930	1
10	2	14	2	1	1082565	1
10	2	14	3	0	4363065	1
10	2	15	0	0	-101467080	1
10	2	15	0	1	-9141660	1
10	2	15	1	0	-61935840	1
10	2	15	1	1	-3936600	1
10	2	15	2	0	126080550	1
10	2	15	2	1	7577955	1
10	2	15	3	0	16927380	1
10	2	16	0	0	-63246420	1
10	2	16	0	1	-2084940	1
10	2	16	1	0	-146334600	1
10	2	16	1	1	-17561610	1
10	2	16	2	0	70384950	1
10	2	16	2	1	6856245	1
10	2	16	3	0	46856475	1
10	2	16	3	1	1804275	2
10	2	16	4	0	1541835	1
10	2	17	0	0	-27668340	1
10	2	17	0	1	3100680	1
10	2	17	1	0	-133248240	1
10	2	17	1	1	-12509640	1
10	2	17	2	0	-37171710	1
10	2	17	2	1	-7096815	1
10	2	17	3	0	67675500	1
10	2	17	3	1	4209975	1
10	2	17	4	0	10224225	2
10	2	18	0	0	-8716380	1
10	2	18	0	1	3492720	1
10	2	18	1	0	-75002220	1
10	2	18	1	1	534600	1
10	2	18	2	0	-95440680	1
10	2	18	2	1	-14434200	1
10	2	18	3	0	37968750	1
10	2	18	3	1	4209975	2
10	2	18	4	0	17022150	1
10	2	18	4	1	1804275	4
10	2	18	5	0	754515	2
10	2	19	0	0	-1976860	1
10	2	19	0	1	1882980	1
10	2	19	1	0	-28648200	1
10	2	19	1	1	6486480	1
10	2	19	2	0	-79630560	1
10	2	19	2	1	-6495390	1
10	2	19	3	0	-15594120	1
10	2	19	3	1	-5212350	1
10	2	19	4	0	49979025	2
10	2	19	4	1	3007125	2
10	2	19	5	0	1111725	1
10	2	20	0	0	-947680	3
10	2	20	0	1	647460	1
10	2	20	1	0	-7603820	1
10	2	20	1	1	5034150	1
10	2	20	2	0	-39233025	1
10	2	20	2	1	3091770	1
10	2	20	3	0	-38803590	1
10	2	20	3	1	-6482025	1
10	2	20	4	0	25318575	2
10	2	20	4	1	601425	4
10	2	20	5	0	9334845	2
10	2	20	5	1	601425	4
10	2	20	6	0	535815	8
10	2	21	0	0	-101480	3
10	2	21	0	1	151360	1
10	2	21	1	0	-4165240	3
10	2	21	1	1	2148960	1
10	2	21	2	0	-12620925	1
10	2	21	2	1	5194530	1
10	2	21	3	0	-28299600	1
10	2	21	3	1	-1291950	1
10	2	21	4	0	-10955385	2
10	2	21	4	1	-4343625	2
10	2	21	5	0	6501465	1
10	2	21	5	1	360855	1
10	2	21	6	0	1488375	8
10	2	22	0	0	-19640	9
10	2	22	0	1	72440	3
10	2	22	1	0	-500900	3
10	2	22	1	1	590260	1
10	2	22	2	0	-8081590	3
10	2	22	2	1	2983365	1
10	2	22	3	0	-11702175	1
10	2	22	3	1	2338875	1
10	2	22	4	0	-21642075	2
10	2	22	4	1	-3452625	2
10	2	22	5	0	2626155	1
10	2	22	5	1	-120285	1
10	2	22	6	0	972405	1
10	2	22	6	1	280665	8
10	2	22	7	0	71685	8
10	2	23	0	0	-5200	81
10	2	23	0	1	22780	9
10	2	23	1	0	-107440	9
10	2	23	1	1	107400	1
10	2	23	2	0	-369710	1
10	2	23	2	1	997975	1
10	2	23	3	0	-9054100	3
10	2	23	3	1	2197800	1
10	2	23	4	0	-13009875	2
10	2	23	4	1	155925	1
10	2	23	5	0	-1558305	1
10	2	23	5	1	-570240	1
10	2	23	6	0	2380455	2
10	2	23	6	1	467775	8
10	2	23	7	0	25110	1
10	2	24	0	1	1420	9
10	2	24	1	0	-10400	27
10	2	24	1	1	37790	3
10	2	24	2	0	-266860	9
10	2	24	2	1	211585	1
10	2	24	3	0	-1448975	3
10	2	24	3	1	1899975	2
10	2	24	4	0	-4276525	2
10	2	24	4	1	1749825	2
10	2	24	5	0	-4225095	2
10	2	24	5	1	-530145	2
10	2	24	6	0	2521575	8
10	2	24	6	1	-405405	8
10	2	24	7	0	1212435	8
10	2	24	7	1	93555	16
10	2	24	8	0	59535	64
10	2	25	0	1	40	9
10	2	25	1	1	2600	3
10	2	25	2	0	-28600	27
10	2	25	2	1	84535	3
10	2	25	3	0	-397100	9
10	2	25	3	1	725725	3
10	2	25	4	0	-411400	1
10	2	25	4	1	550275	1
10	2	25	5	0	-981035	1
10	2	25	5	1	145530	1
10	2	25	6	0	-2574285	8
10	2	25	6	1	-779625	8
10	2	25	7	0	150300	1
10	2	25	7	1	49005	8
10	2	25	8	0	175095	64
10	2	26	1	1	80	3
10	2	26	2	1	6490	3
10	2	26	3	0	-143000	81
10	2	26	3	1	671275	18
10	2	26	4	0	-262075	6
10	2	26	4	1	705375	4
10	2	26	5	0	-475695	2
10	2	26	5	1	192885	1
10	2	26	6	0	-1130745	4
10	2	26	6	1	-135135	8
10	2	26	7	0	112425	8
10	2	26	7	1	-164835	16
10	2	26	8	0	1100925	64
10	2	26	8	1	22275	32
10	2	26	9	0	4815	64
10	2	27	2	1	220	3
10	2	27	3	1	29150	9
10	2	27	4	0	-17875	9
10	2	27	4	1	64625	2
10	2	27	5	0	-90530	3
10	2	27	5	1	84480	1
10	2	27	6	0	-375375	4
10	2	27	6	1	289905	8
10	2	27	7	0	-44605	1
10	2	27	7	1	-21285	2
10	2	27	8	0	798525	64
10	2	27	8	1	22275	64
10	2	27	9	0	7275	32
10	2	28	3	1	1100	9
10	2	28	4	1	12925	4
10	2	28	5	0	-14300	9
10	2	28	5	1	76505	4
10	2	28	6	0	-29645	2
10	2	28	6	1	209825	8
10	2	28	7	0	-196405	8
10	2	28	7	1	23925	16
10	2	28	8	0	-24475	16
10	2	28	8	1	-81675	64
10	2	28	9	0	87625	64
10	2	28	9	1	7425	128
10	2	28	10	0	1155	256
10	2	29	4	1	275	2
10	2	29	5	1	2255	1
10	2	29	6	0	-25025	27
10	2	29	6	1	187495	24
10	2	29	7	0	-30965	6
10	2	29	7	1	39105	8
10	2	29	8	0	-124575	32
10	2	29	8	1	-10725	16
10	2	29	9	0	58025	96
10	2	29	10	0	3335	256
10	2	30	5	1	110	1
10	2	30	6	1	13475	12
10	2	30	7	0	-3575	9
10	2	30	7	1	34595	16
10	2	30	8	0	-119075	96
10	2	30	8	1	825	2
10	2	30	9	0	-52525	192
10	2	30	9	1	-6325	64
10	2	30	10	0	27665	384
10	2	30	10	1	825	256
10	2	30	11	0	45	256
10	2	31	6	1	385	6
10	2	31	7	1	1595	4
10	2	31	8	0	-17875	144
10	2	31	8	1	24475	64
10	2	31	9	0	-27775	144
10	2	31	9	1	-1375	96
10	2	31	10	0	4015	384
10	2	31	10	1	-385	256
10	2	31	11	0	85	192
10	2	32	7	1	55	2
10	2	32	8	1	6325	64
10	2	32	9	0	-17875	648
10	2	32	9	1	42625	1152
10	2	32	10	0	-9515	576
10	2	32	10	1	-1155	256
10	2	32	11	0	575	256
10	2	32	11	1	55	512
10	2	32	12	0	5	1536
10	2	33	8	1	275	32
10	2	33	9	1	4675	288
10	2	33	10	0	-3575	864
10	2	33	10	1	715	768
10	2	33	11	0	-215	576
10	2	33	11	1	-25	256
10	2	33	12	0	5	768
10	2	34	9	1	275	144
10	2	34	10	1	605	384
10	2	34	11	0	-325	864
10	2	34	11	1	-155	1536
10	2	34	12	0	145	4608
10	2	34	12	1	5	3072
10	2	35	10	1	55	192
10	2	35	11	1	25	384
10	2	35	12	0	-325	20736
10	2	35	12	1	-5	2304
10	2	36	11	1	5	192
10	2	36	12	1	-5	9216
10	2	37	12	1	5	4608
10	3	9	0	0	3149280	1
10	3	10	0	0	10497600	1
10	3	11	0	0	14346720	1
10	3	11	0	1	787320	1
10	3	11	1	0	5248800	1
10	3	12	0	0	4199040	1
10	3	12	0	1	1574640	1
10	3	12	1	0	22044960	1
10	3	13	0	0	-17437680	1
10	3	13	0	1	262440	1
10	3	13	1	0	39016080	1
10	3	13	1	1	1574640	1
10	3	13	2	0	4067820	1
10	3	14	0	0	-33605280	1
10	3	14	0	1	-1982880	1
10	3	14	1	0	28635120	1
10	3	14	1	1	2624400	1
10	3	14	2	0	22394880	1
10	3	15	0	0	-33015600	1
10	3	15	0	1	-2245320	1
10	3	15	1	0	-9525600	1
10	3	15	1	1	-349920	1
10	3	15	2	0	44410680	1
10	3	15	2	1	1443420	1
10	3	15	3	0	1968300	1
10	3	16	0	0	-21237120	1
10	3	16	0	1	-641520	1
10	3	16	1	0	-40240800	1
10	3	16	1	1	-3849120	1
10	3	16	2	0	37519200	1
10	3	16	2	1	1924560	1
10	3	16	3	0	14215500	1
10	3	17	0	0	-9584640	1
10	3	17	0	1	677160	1
10	3	17	1	0	-41398560	1
10	3	17	1	1	-3207600	1
10	3	17	2	0	2624400	1
10	3	17	2	1	-962280	1
10	3	17	3	0	28560600	1
10	3	17	3	1	801900	1
10	3	17	4	0	674325	1
10	3	18	0	0	-3105920	1
10	3	18	0	1	855360	1
10	3	18	1	0	-24922080	1
10	3	18	1	1	-213840	1
10	3	18	2	0	-23677920	1
10	3	18	2	1	-3207600	1
10	3	18	3	0	23311800	1
10	3	18	3	1	801900	1
10	3	18	4	0	6160050	1
10	3	19	0	0	-2167040	3
10	3	19	0	1	487080	1
10	3	19	1	0	-9969120	1
10	3	19	1	1	1425600	1
10	3	19	2	0	-24403680	1
10	3	19	2	1	-1871100	1
10	3	19	3	0	3137400	1
10	3	19	3	1	-801900	1
10	3	19	4	0	11682225	1
10	3	19	4	1	601425	2
10	3	19	5	0	174960	1
10	3	20	0	0	-1062400	9
10	3	20	0	1	175120	1
10	3	20	1	0	-8221600	3
10	3	20	1	1	1235520	1
10	3	20	2	0	-13142880	1
10	3	20	2	1	427680	1
10	3	20	3	0	-9462600	1
10	3	20	3	1	-1514700	1
10	3	20	4	0	8429400	1
10	3	20	4	1	200475	1
10	3	20	5	0	1895400	1
10	3	21	0	0	-116080	9
10	3	21	0	1	42680	1
10	3	21	1	0	-514800	1
10	3	21	1	1	562320	1
10	3	21	2	0	-4460100	1
10	3	21	2	1	1164240	1
10	3	21	3	0	-8828400	1
10	3	21	3	1	-534600	1
10	3	21	4	0	756000	1
10	3	21	4	1	-735075	2
10	3	21	5	0	3214890	1
10	3	21	5	1	80190	1
10	3	21	6	0	70875	2
10	3	22	0	0	-22880	27
10	3	22	0	1	21280	3
10	3	22	1	0	-570640	9
10	3	22	1	1	162800	1
10	3	22	2	0	-2965600	3
10	3	22	2	1	744480	1
10	3	22	3	0	-4010800	1
10	3	22	3	1	415800	1
10	3	22	4	0	-2809800	1
10	3	22	4	1	-445500	1
10	3	22	5	0	1903230	1
10	3	22	5	1	26730	1
10	3	22	6	0	421470	1
10	3	23	0	0	-6160	243
10	3	23	0	1	20920	27
10	3	23	1	0	-124960	27
10	3	23	1	1	93280	3
10	3	23	2	0	-1257080	9
10	3	23	2	1	267300	1
10	3	23	3	0	-3274700	3
10	3	23	3	1	508200	1
10	3	23	4	0	-2111900	1
10	3	23	4	1	-51975	1
10	3	23	5	0	-32760	1
10	3	23	5	1	-106920	1
10	3	23	6	0	609210	1
10	3	23	6	1	31185	2
10	3	23	7	0	11205	2
10	3	24	0	1	1360	27
10	3	24	1	0	-12320	81
10	3	24	1	1	34400	9
10	3	24	2	0	-309760	27
10	3	24	2	1	180400	3
10	3	24	3	0	-1631300	9
10	3	24	3	1	244200	1
10	3	24	4	0	-756800	1
10	3	24	4	1	173250	1
10	3	24	5	0	-606480	1
10	3	24	5	1	-83160	1
10	3	24	6	0	268590	1
10	3	24	7	0	135945	2
10	3	25	0	1	40	27
10	3	25	1	1	2480	9
10	3	25	2	0	-33880	81
10	3	25	2	1	76120	9
10	3	25	3	0	-459800	27
10	3	25	3	1	67100	1
10	3	25	4	0	-458975	3
10	3	25	4	1	132825	1
10	3	25	5	0	-334950	1
10	3	25	5	1	13860	1
10	3	25	6	0	-103075	2
10	3	25	6	1	-20790	1
10	3	25	7	0	79335	1
10	3	25	7	1	4455	2
10	3	25	8	0	675	1
10	3	26	1	1	80	9
10	3	26	2	1	6160	9
10	3	26	3	0	-169400	243
10	3	26	3	1	298100	27
10	3	26	4	0	-151250	9
10	3	26	4	1	47300	1
10	3	26	5	0	-261910	3
10	3	26	5	1	41580	1
10	3	26	6	0	-269500	3
10	3	26	6	1	-9240	1
10	3	26	7	0	21575	1
10	3	26	7	1	-1485	2
10	3	26	8	0	7875	1
10	3	27	2	1	220	9
10	3	27	3	1	27500	27
10	3	27	4	0	-21175	27
10	3	27	4	1	56375	6
10	3	27	5	0	-104060	9
10	3	27	5	1	21560	1
10	3	27	6	0	-101255	3
10	3	27	6	1	5775	1
10	3	27	7	0	-22825	2
10	3	27	7	1	-5445	2
10	3	27	8	0	27525	4
10	3	27	8	1	7425	32
10	3	27	9	0	475	8
10	3	28	3	1	1100	27
10	3	28	4	1	3025	3
10	3	28	5	0	-16940	27
10	3	28	5	1	16280	3
10	3	28	6	0	-16940	3
10	3	28	6	1	6160	1
10	3	28	7	0	-51095	6
10	3	28	7	1	-825	2
10	3	28	8	0	550	1
10	3	28	8	1	-2475	16
10	3	28	9	0	15325	24
10	3	29	4	1	275	6
10	3	29	5	1	2090	3
10	3	29	6	0	-29645	81
10	3	29	6	1	19250	9
10	3	29	7	0	-17545	9
10	3	29	7	1	1925	2
10	3	29	8	0	-59675	48
10	3	29	8	1	-7425	32
10	3	29	9	0	52525	144
10	3	29	9	1	275	16
10	3	29	10	0	685	192
10	3	30	5	1	110	3
10	3	30	6	1	3080	9
10	3	30	7	0	-4235	27
10	3	30	7	1	3355	6
10	3	30	8	0	-33275	72
10	3	30	8	1	275	8
10	3	30	9	0	-8525	144
10	3	30	9	1	-275	16
10	3	30	10	0	275	8
10	3	31	6	1	385	18
10	3	31	7	1	715	6
10	3	31	8	0	-21175	432
10	3	31	8	1	8525	96
10	3	31	9	0	-15125	216
10	3	31	9	1	-275	24
10	3	31	10	0	2585	288
10	3	31	10	1	55	64
10	3	31	11	0	25	192
10	3	32	7	1	55	6
10	3	32	8	1	1375	48
10	3	32	9	0	-21175	1944
10	3	32	9	1	1375	216
10	3	32	10	0	-605	108
10	3	32	10	1	-55	48
10	3	32	11	0	635	576
10	3	33	8	1	275	96
10	3	33	9	1	1925	432
10	3	33	10	0	-4235	2592
10	3	33	10	1	-55	288
10	3	33	11	0	-55	864
10	3	33	11	1	5	192
10	3	33	12	0	5	2304
10	3	34	9	1	275	432
10	3	34	10	1	55	144
10	3	34	11	0	-385	2592
10	3	34	11	1	-25	576
10	3	34	12	0	55	3456
10	3	35	10	1	55	576
10	3	35	11	1	5	576
10	3	35	12	0	-385	62208
10	3	35	12	1	5	13824
10	3	36	11	1	5	576
10	3	36	12	1	-5	6912
10	3	37	12	1	5	13824
10	4	12	0	0	2099520	1
10	4	12	1	0	-3149280	1
10	4	13	0	0	7698240	1
10	4	13	1	0	-10497600	1
10	4	14	0	0	12830400	1
10	4	14	1	0	-11547360	1
10	4	14	2	0	-5773680	1
10	4	15	0	0	12830400	1
10	4	15	2	0	-17321040	1
10	4	16	0	0	8553600	1
10	4	16	1	0	12830400	1
10	4	16	2	0	-19245600	1
10	4	16	3	0	-4811400	1
10	4	17	0	0	3991680	1
10	4	17	1	0	15396480	1
10	4	17	2	0	-6415200	1
10	4	17	3	0	-12830400	1
10	4	18	0	0	1330560	1
10	4	18	1	0	9979200	1
10	4	18	2	0	6415200	1
10	4	18	3	0	-12830400	1
10	4	18	4	0	-2405700	1
10	4	19	0	0	316800	1
10	4	19	1	0	4181760	1
10	4	19	2	0	8981280	1
10	4	19	3	0	-4276800	1
10	4	19	4	0	-5613300	1
10	4	20	0	0	52800	1
10	4	20	1	0	1188000	1
10	4	20	2	0	5322240	1
10	4	20	3	0	2494800	1
10	4	20	4	0	-4811400	1
10	4	20	5	0	-801900	1
10	4	21	0	0	17600	3
10	4	21	1	0	228800	1
10	4	21	2	0	1900800	1
10	4	21	3	0	3326400	1
10	4	21	4	0	-1247400	1
10	4	21	5	0	-1603800	1
10	4	22	0	0	3520	9
10	4	22	1	0	86240	3
10	4	22	2	0	435600	1
10	4	22	3	0	1663200	1
10	4	22	4	0	831600	1
10	4	22	5	0	-1122660	1
10	4	22	6	0	-187110	1
10	4	23	0	0	320	27
10	4	23	1	0	6400	3
10	4	23	2	0	189200	3
10	4	23	3	0	475200	1
10	4	23	4	0	831600	1
10	4	23	5	0	-166320	1
10	4	23	6	0	-311850	1
10	4	24	1	0	640	9
10	4	24	2	0	5280	1
10	4	24	3	0	81400	1
10	4	24	4	0	323400	1
10	4	24	5	0	207900	1
10	4	24	6	0	-166320	1
10	4	24	7	0	-31185	1
10	4	25	2	0	1760	9
10	4	25	3	0	70400	9
10	4	25	4	0	68200	1
10	4	25	5	0	138600	1
10	4	25	7	0	-41580	1
10	4	26	3	0	8800	27
10	4	26	4	0	7700	1
10	4	26	5	0	38500	1
10	4	26	6	0	34650	1
10	4	26	7	0	-14850	1
10	4	26	8	0	-7425	2
10	4	27	4	0	1100	3
10	4	27	5	0	5280	1
10	4	27	6	0	14630	1
10	4	27	7	0	3300	1
10	4	27	8	0	-7425	2
10	4	28	5	0	880	3
10	4	28	6	0	7700	3
10	4	28	7	0	3575	1
10	4	28	8	0	-2475	4
10	4	28	9	0	-2475	8
10	4	29	6	0	1540	9
10	4	29	7	0	880	1
10	4	29	8	0	1925	4
10	4	29	9	0	-825	4
10	4	30	7	0	220	3
10	4	30	8	0	825	4
10	4	30	9	0	275	24
10	4	30	10	0	-275	16
10	4	31	8	0	275	12
10	4	31	9	0	275	9
10	4	31	10	0	-275	48
10	4	32	9	0	275	54
10	4	32	10	0	55	24
10	4	32	11	0	-55	96
10	4	33	10	0	55	72
10	4	34	11	0	5	72
10	4	34	12	0	-5	576
10	4	35	12	0	5	1728
11	0	12	0	0	-262440	1
11	0	12	1	0	393660	1
11	0	13	0	0	-962280	1
11	0	13	1	0	1312200	1
11	0	14	0	0	-1603800	1
11	0	14	1	0	1443420	1
11	0	14	2	0	721710	1
11	0	15	0	0	-1603800	1
11	0	15	2	0	2165130	1
11	0	16	0	0	-1069200	1
11	0	16	1	0	-1603800	1
11	0	16	2	0	2405700	1
11	0	16	3	0	601425	1
11	0	17	0	0	-498960	1
11	0	17	1	0	-1924560	1
11	0	17	2	0	801900	1
11	0	17	3	0	1603800	1
11	0	18	0	0	-166320	1
11	0	18	1	0	-1247400	1
11	0	18	2	0	-801900	1
11	0	18	3	0	1603800	1
11	0	18	4	0	601425	2
11	0	19	0	0	-39600	1
11	0	19	1	0	-522720	1
11	0	19	2	0	-1122660	1
11	0	19	3	0	534600	1
11	0	19	4	0	1403325	2
11	0	20	0	0	-6600	1
11	0	20	1	0	-148500	1
11	0	20	2	0	-665280	1
11	0	20	3	0	-311850	1
11	0	20	4	0	601425	1
11	0	20	5	0	200475	2
11	0	21	0	0	-2200	3
11	0	21	1	0	-28600	1
11	0	21	2	0	-237600	1
11	0	21	3	0	-415800	1
11	0	21	4	0	155925	1
11	0	21	5	0	200475	1
11	0	22	0	0	-440	9
11	0	22	1	0	-10780	3
11	0	22	2	0	-54450	1
11	0	22	3	0	-207900	1
11	0	22	4	0	-103950	1
11	0	22	5	0	280665	2
11	0	22	6	0	93555	4
11	0	23	0	0	-40	27
11	0	23	1	0	-800	3
11	0	23	2	0	-23650	3
11	0	23	3	0	-59400	1
11	0	23	4	0	-103950	1
11	0	23	5	0	20790	1
11	0	23	6	0	155925	4
11	0	24	1	0	-80	9
11	0	24	2	0	-660	1
11	0	24	3	0	-10175	1
11	0	24	4	0	-40425	1
11	0	24	5	0	-51975	2
11	0	24	6	0	20790	1
11	0	24	7	0	31185	8
11	0	25	2	0	-220	9
11	0	25	3	0	-8800	9
11	0	25	4	0	-8525	1
11	0	25	5	0	-17325	1
11	0	25	7	0	10395	2
11	0	26	3	0	-1100	27
11	0	26	4	0	-1925	2
11	0	26	5	0	-9625	2
11	0	26	6	0	-17325	4
11	0	26	7	0	7425	4
11	0	26	8	0	7425	16
11	0	27	4	0	-275	6
11	0	27	5	0	-660	1
11	0	27	6	0	-7315	4
11	0	27	7	0	-825	2
11	0	27	8	0	7425	16
11	0	28	5	0	-110	3
11	0	28	6	0	-1925	6
11	0	28	7	0	-3575	8
11	0	28	8	0	2475	32
11	0	28	9	0	2475	64
11	0	29	6	0	-385	18
11	0	29	7	0	-110	1
11	0	29	8	0	-1925	32
11	0	29	9	0	825	32
11	0	30	7	0	-55	6
11	0	30	8	0	-825	32
11	0	30	9	0	-275	192
11	0	30	10	0	275	128
11	0	31	8	0	-275	96
11	0	31	9	0	-275	72
11	0	31	10	0	275	384
11	0	32	9	0	-275	432
11	0	32	10	0	-55	192
11	0	32	11	0	55	768
11	0	33	10	0	-55	576
11	0	34	11	0	-5	576
11	0	34	12	0	5	4608
11	0	35	12	0	-5	13824
11	1	9	0	0	-984150	1
11	1	10	0	0	-3280500	1
11	1	11	0	0	-4483350	1
11	1	11	0	1	-262440	1
11	1	11	1	0	-1640250	1
11	1	12	0	0	-1574640	1
11	1	12	0	1	-524880	1
11	1	12	1	0	-6495390	1
11	1	13	0	0	4485780	1
11	1	13	0	1	-87480	1
11	1	13	1	0	-10876680	1
11	1	13	1	1	-524880	1
11	1	13	2	0	-2547855	2
11	1	14	0	0	8893800	1
11	1	14	0	1	660960	1
11	1	14	1	0	-7494120	1
11	1	14	1	1	-874800	1
11	1	14	2	0	-6283980	1
11	1	15	0	0	8707500	1
11	1	15	0	1	748440	1
11	1	15	1	0	2988900	1
11	1	15	1	1	116640	1
11	1	15	2	0	-11715030	1
11	1	15	2	1	-481140	1
11	1	15	3	0	-619650	1
11	1	16	0	0	5562000	1
11	1	16	0	1	213840	1
11	1	16	1	0	10975500	1
11	1	16	1	1	1283040	1
11	1	16	2	0	-9306900	1
11	1	16	2	1	-641520	1
11	1	16	3	0	-3851550	1
11	1	17	0	0	2493090	1
11	1	17	0	1	-225720	1
11	1	17	1	0	11008440	1
11	1	17	1	1	1069200	1
11	1	17	2	0	-2025	1
11	1	17	2	1	320760	1
11	1	17	3	0	-7326450	1
11	1	17	3	1	-267300	1
11	1	17	4	0	-856575	4
11	1	18	0	0	803020	1
11	1	18	0	1	-285120	1
11	1	18	1	0	6535080	1
11	1	18	1	1	71280	1
11	1	18	2	0	6604740	1
11	1	18	2	1	1069200	1
11	1	18	3	0	-5674050	1
11	1	18	3	1	-267300	1
11	1	18	4	0	-3262275	2
11	1	19	0	0	557350	3
11	1	19	0	1	-162360	1
11	1	19	1	0	2589270	1
11	1	19	1	1	-475200	1
11	1	19	2	0	6502230	1
11	1	19	2	1	623700	1
11	1	19	3	0	-436050	1
11	1	19	3	1	267300	1
11	1	19	4	0	-11807775	4
11	1	19	4	1	-200475	2
11	1	19	5	0	-224775	4
11	1	20	0	0	272000	9
11	1	20	0	1	-175120	3
11	1	20	1	0	2120150	3
11	1	20	1	1	-411840	1
11	1	20	2	0	3438780	1
11	1	20	2	1	-142560	1
11	1	20	3	0	2649150	1
11	1	20	3	1	504900	1
11	1	20	4	0	-2029725	1
11	1	20	4	1	-66825	1
11	1	20	5	0	-1978425	4
11	1	21	0	0	29600	9
11	1	21	0	1	-42680	3
11	1	21	1	0	132000	1
11	1	21	1	1	-187440	1
11	1	21	2	0	2309025	2
11	1	21	2	1	-388080	1
11	1	21	3	0	2342550	1
11	1	21	3	1	178200	1
11	1	21	4	0	-307125	4
11	1	21	4	1	245025	2
11	1	21	5	0	-1609875	2
11	1	21	5	1	-26730	1
11	1	21	6	0	-184275	16
11	1	22	0	0	17440	81
11	1	22	0	1	-21280	9
11	1	22	1	0	436880	27
11	1	22	1	1	-162800	3
11	1	22	2	0	2285800	9
11	1	22	2	1	-248160	1
11	1	22	3	0	1044350	1
11	1	22	3	1	-138600	1
11	1	22	4	0	1550325	2
11	1	22	4	1	148500	1
11	1	22	5	0	-906885	2
11	1	22	5	1	-8910	1
11	1	22	6	0	-435645	4
11	1	23	0	0	520	81
11	1	23	0	1	-20920	81
11	1	23	1	0	31760	27
11	1	23	1	1	-93280	9
11	1	23	2	0	963380	27
11	1	23	2	1	-89100	1
11	1	23	3	0	843700	3
11	1	23	3	1	-169400	1
11	1	23	4	0	2223025	4
11	1	23	4	1	17325	1
11	1	23	5	0	127365	4
11	1	23	5	1	35640	1
11	1	23	6	0	-1211805	8
11	1	23	6	1	-10395	2
11	1	23	7	0	-14715	8
11	1	24	0	1	-1360	81
11	1	24	1	0	1040	27
11	1	24	1	1	-34400	27
11	1	24	2	0	78760	27
11	1	24	2	1	-180400	9
11	1	24	3	0	1251800	27
11	1	24	3	1	-81400	1
11	1	24	4	0	195800	1
11	1	24	4	1	-57750	1
11	1	24	5	0	654675	4
11	1	24	5	1	27720	1
11	1	24	6	0	-251685	4
11	1	24	7	0	-139455	8
11	1	25	0	1	-40	81
11	1	25	1	1	-2480	27
11	1	25	2	0	2860	27
11	1	25	2	1	-76120	27
11	1	25	3	0	350900	81
11	1	25	3	1	-67100	3
11	1	25	4	0	352825	9
11	1	25	4	1	-44275	1
11	1	25	5	0	261800	3
11	1	25	5	1	-4620	1
11	1	25	6	0	259525	16
11	1	25	6	1	6930	1
11	1	25	7	0	-156705	8
11	1	25	7	1	-1485	2
11	1	25	8	0	-28575	128
11	1	26	1	1	-80	27
11	1	26	2	1	-6160	27
11	1	26	3	0	14300	81
11	1	26	3	1	-298100	81
11	1	26	4	0	38500	9
11	1	26	4	1	-47300	3
11	1	26	5	0	201850	9
11	1	26	5	1	-13860	1
11	1	26	6	0	71225	3
11	1	26	6	1	3080	1
11	1	26	7	0	-38825	8
11	1	26	7	1	495	2
11	1	26	8	0	-128325	64
11	1	27	2	1	-220	27
11	1	27	3	1	-27500	81
11	1	27	4	0	3575	18
11	1	27	4	1	-56375	18
11	1	27	5	0	26510	9
11	1	27	5	1	-21560	3
11	1	27	6	0	156695	18
11	1	27	6	1	-1925	1
11	1	27	7	0	6325	2
11	1	27	7	1	1815	2
11	1	27	8	0	-215475	128
11	1	27	8	1	-2475	32
11	1	27	9	0	-2525	128
11	1	28	3	1	-1100	81
11	1	28	4	1	-3025	9
11	1	28	5	0	1430	9
11	1	28	5	1	-16280	9
11	1	28	6	0	38885	27
11	1	28	6	1	-6160	3
11	1	28	7	0	19910	9
11	1	28	7	1	275	2
11	1	28	8	0	-275	3
11	1	28	8	1	825	16
11	1	28	9	0	-61925	384
11	1	29	4	1	-275	18
11	1	29	5	1	-2090	9
11	1	29	6	0	5005	54
11	1	29	6	1	-19250	27
11	1	29	7	0	8965	18
11	1	29	7	1	-1925	6
11	1	29	8	0	11825	36
11	1	29	8	1	2475	32
11	1	29	9	0	-6325	72
11	1	29	9	1	-275	48
11	1	29	10	0	-1825	1536
11	1	30	5	1	-110	9
11	1	30	6	1	-3080	27
11	1	30	7	0	715	18
11	1	30	7	1	-3355	18
11	1	30	8	0	8525	72
11	1	30	8	1	-275	24
11	1	30	9	0	275	16
11	1	30	9	1	275	48
11	1	30	10	0	-275	32
11	1	31	6	1	-385	54
11	1	31	7	1	-715	18
11	1	31	8	0	3575	288
11	1	31	8	1	-8525	288
11	1	31	9	0	23375	1296
11	1	31	9	1	275	72
11	1	31	10	0	-3575	1728
11	1	31	10	1	-55	192
11	1	31	11	0	-25	576
11	1	32	7	1	-55	18
11	1	32	8	1	-1375	144
11	1	32	9	0	3575	1296
11	1	32	9	1	-1375	648
11	1	32	10	0	1265	864
11	1	32	10	1	55	144
11	1	32	11	0	-235	864
11	1	33	8	1	-275	288
11	1	33	9	1	-1925	1296
11	1	33	10	0	715	1728
11	1	33	10	1	55	864
11	1	33	11	0	35	1728
11	1	33	11	1	-5	576
11	1	33	12	0	-5	6912
11	1	34	9	1	-275	1296
11	1	34	10	1	-55	432
11	1	34	11	0	65	1728
11	1	34	11	1	25	1728
11	1	34	12	0	-5	1296
11	1	35	10	1	-55	1728
11	1	35	11	1	-5	1728
11	1	35	12	0	65	41472
11	1	35	12	1	-5	41472
11	1	36	11	1	-5	1728
11	1	36	12	1	5	20736
11	1	37	12	1	-5	41472
11	2	12	0	0	1049760	1
11	2	12	1	0	-1574640	1
11	2	13	0	0	3849120	1
11	2	13	1	0	-5248800	1
11	2	14	0	0	6415200	1
11	2	14	1	0	-5773680	1
11	2	14	2	0	-2886840	1
11	2	15	0	0	6415200	1
11	2	15	2	0	-8660520	1
11	2	16	0	0	4276800	1
11	2	16	1	0	6415200	1
11	2	16	2	0	-9622800	1
11	2	16	3	0	-2405700	1
11	2	17	0	0	1995840	1
11	2	17	1	0	7698240	1
11	2	17	2	0	-3207600	1
11	2	17	3	0	-6415200	1
11	2	18	0	0	665280	1
11	2	18	1	0	4989600	1
11	2	18	2	0	3207600	1
11	2	18	3	0	-6415200	1
11	2	18	4	0	-1202850	1
11	2	19	0	0	158400	1
11	2	19	1	0	2090880	1
11	2	19	2	0	4490640	1
11	2	19	3	0	-2138400	1
11	2	19	4	0	-2806650	1
11	2	20	0	0	26400	1
11	2	20	1	0	594000	1
11	2	20	2	0	2661120	1
11	2	20	3	0	1247400	1
11	2	20	4	0	-2405700	1
11	2	20	5	0	-400950	1
11	2	21	0	0	8800	3
11	2	21	1	0	114400	1
11	2	21	2	0	950400	1
11	2	21	3	0	1663200	1
11	2	21	4	0	-623700	1
11	2	21	5	0	-801900	1
11	2	22	0	0	1760	9
11	2	22	1	0	43120	3
11	2	22	2	0	217800	1
11	2	22	3	0	831600	1
11	2	22	4	0	415800	1
11	2	22	5	0	-561330	1
11	2	22	6	0	-93555	1
11	2	23	0	0	160	27
11	2	23	1	0	3200	3
11	2	23	2	0	94600	3
11	2	23	3	0	237600	1
11	2	23	4	0	415800	1
11	2	23	5	0	-83160	1
11	2	23	6	0	-155925	1
11	2	24	1	0	320	9
11	2	24	2	0	2640	1
11	2	24	3	0	40700	1
11	2	24	4	0	161700	1
11	2	24	5	0	103950	1
11	2	24	6	0	-83160	1
11	2	24	7	0	-31185	2
11	2	25	2	0	880	9
11	2	25	3	0	35200	9
11	2	25	4	0	34100	1
11	2	25	5	0	69300	1
11	2	25	7	0	-20790	1
11	2	26	3	0	4400	27
11	2	26	4	0	3850	1
11	2	26	5	0	19250	1
11	2	26	6	0	17325	1
11	2	26	7	0	-7425	1
11	2	26	8	0	-7425	4
11	2	27	4	0	550	3
11	2	27	5	0	2640	1
11	2	27	6	0	7315	1
11	2	27	7	0	1650	1
11	2	27	8	0	-7425	4
11	2	28	5	0	440	3
11	2	28	6	0	3850	3
11	2	28	7	0	3575	2
11	2	28	8	0	-2475	8
11	2	28	9	0	-2475	16
11	2	29	6	0	770	9
11	2	29	7	0	440	1
11	2	29	8	0	1925	8
11	2	29	9	0	-825	8
11	2	30	7	0	110	3
11	2	30	8	0	825	8
11	2	30	9	0	275	48
11	2	30	10	0	-275	32
11	2	31	8	0	275	24
11	2	31	9	0	275	18
11	2	31	10	0	-275	96
11	2	32	9	0	275	108
11	2	32	10	0	55	48
11	2	32	11	0	-55	192
11	2	33	10	0	55	144
11	2	34	11	0	5	144
11	2	34	12	0	-5	1152
11	2	35	12	0	5	3456
11	3	9	0	0	1574640	1
11	3	10	0	0	5248800	1
11	3	11	0	0	7173360	1
11	3	11	0	1	393660	1
11	3	11	1	0	2624400	1
11	3	12	0	0	2099520	1
11	3	12	0	1	787320	1
11	3	12	1	0	11022480	1
11	3	13	0	0	-8718840	1
11	3	13	0	1	131220	1
11	3	13	1	0	19508040	1
11	3	13	1	1	787320	1
11	3	13	2	0	2033910	1
11	3	14	0	0	-16802640	1
11	3	14	0	1	-991440	1
11	3	14	1	0	14317560	1
11	3	14	1	1	1312200	1
11	3	14	2	0	11197440	1
11	3	15	0	0	-16507800	1
11	3	15	0	1	-1122660	1
11	3	15	1	0	-4762800	1
11	3	15	1	1	-174960	1
11	3	15	2	0	22205340	1
11	3	15	2	1	721710	1
11	3	15	3	0	984150	1
11	3	16	0	0	-10618560	1
11	3	16	0	1	-320760	1
11	3	16	1	0	-20120400	1
11	3	16	1	1	-1924560	1
11	3	16	2	0	18759600	1
11	3	16	2	1	962280	1
11	3	16	3	0	7107750	1
11	3	17	0	0	-4792320	1
11	3	17	0	1	338580	1
11	3	17	1	0	-20699280	1
11	3	17	1	1	-1603800	1
11	3	17	2	0	1312200	1
11	3	17	2	1	-481140	1
11	3	17	3	0	14280300	1
11	3	17	3	1	400950	1
11	3	17	4	0	674325	2
11	3	18	0	0	-1552960	1
11	3	18	0	1	427680	1
11	3	18	1	0	-12461040	1
11	3	18	1	1	-106920	1
11	3	18	2	0	-11838960	1
11	3	18	2	1	-1603800	1
11	3	18	3	0	11655900	1
11	3	18	3	1	400950	1
11	3	18	4	0	3080025	1
11	3	19	0	0	-1083520	3
11	3	19	0	1	243540	1
11	3	19	1	0	-4984560	1
11	3	19	1	1	712800	1
11	3	19	2	0	-12201840	1
11	3	19	2	1	-935550	1
11	3	19	3	0	1568700	1
11	3	19	3	1	-400950	1
11	3	19	4	0	11682225	2
11	3	19	4	1	601425	4
11	3	19	5	0	87480	1
11	3	20	0	0	-531200	9
11	3	20	0	1	87560	1
11	3	20	1	0	-4110800	3
11	3	20	1	1	617760	1
11	3	20	2	0	-6571440	1
11	3	20	2	1	213840	1
11	3	20	3	0	-4731300	1
11	3	20	3	1	-757350	1
11	3	20	4	0	4214700	1
11	3	20	4	1	200475	2
11	3	20	5	0	947700	1
11	3	21	0	0	-58040	9
11	3	21	0	1	21340	1
11	3	21	1	0	-257400	1
11	3	21	1	1	281160	1
11	3	21	2	0	-2230050	1
11	3	21	2	1	582120	1
11	3	21	3	0	-4414200	1
11	3	21	3	1	-267300	1
11	3	21	4	0	378000	1
11	3	21	4	1	-735075	4
11	3	21	5	0	1607445	1
11	3	21	5	1	40095	1
11	3	21	6	0	70875	4
11	3	22	0	0	-11440	27
11	3	22	0	1	10640	3
11	3	22	1	0	-285320	9
11	3	22	1	1	81400	1
11	3	22	2	0	-1482800	3
11	3	22	2	1	372240	1
11	3	22	3	0	-2005400	1
11	3	22	3	1	207900	1
11	3	22	4	0	-1404900	1
11	3	22	4	1	-222750	1
11	3	22	5	0	951615	1
11	3	22	5	1	13365	1
11	3	22	6	0	210735	1
11	3	23	0	0	-3080	243
11	3	23	0	1	10460	27
11	3	23	1	0	-62480	27
11	3	23	1	1	46640	3
11	3	23	2	0	-628540	9
11	3	23	2	1	133650	1
11	3	23	3	0	-1637350	3
11	3	23	3	1	254100	1
11	3	23	4	0	-1055950	1
11	3	23	4	1	-51975	2
11	3	23	5	0	-16380	1
11	3	23	5	1	-53460	1
11	3	23	6	0	304605	1
11	3	23	6	1	31185	4
11	3	23	7	0	11205	4
11	3	24	0	1	680	27
11	3	24	1	0	-6160	81
11	3	24	1	1	17200	9
11	3	24	2	0	-154880	27
11	3	24	2	1	90200	3
11	3	24	3	0	-815650	9
11	3	24	3	1	122100	1
11	3	24	4	0	-378400	1
11	3	24	4	1	86625	1
11	3	24	5	0	-303240	1
11	3	24	5	1	-41580	1
11	3	24	6	0	134295	1
11	3	24	7	0	135945	4
11	3	25	0	1	20	27
11	3	25	1	1	1240	9
11	3	25	2	0	-16940	81
11	3	25	2	1	38060	9
11	3	25	3	0	-229900	27
11	3	25	3	1	33550	1
11	3	25	4	0	-458975	6
11	3	25	4	1	132825	2
11	3	25	5	0	-167475	1
11	3	25	5	1	6930	1
11	3	25	6	0	-103075	4
11	3	25	6	1	-10395	1
11	3	25	7	0	79335	2
11	3	25	7	1	4455	4
11	3	25	8	0	675	2
11	3	26	1	1	40	9
11	3	26	2	1	3080	9
11	3	26	3	0	-84700	243
11	3	26	3	1	149050	27
11	3	26	4	0	-75625	9
11	3	26	4	1	23650	1
11	3	26	5	0	-130955	3
11	3	26	5	1	20790	1
11	3	26	6	0	-134750	3
11	3	26	6	1	-4620	1
11	3	26	7	0	21575	2
11	3	26	7	1	-1485	4
11	3	26	8	0	7875	2
11	3	27	2	1	110	9
11	3	27	3	1	13750	27
11	3	27	4	0	-21175	54
11	3	27	4	1	56375	12
11	3	27	5	0	-52030	9
11	3	27	5	1	10780	1
11	3	27	6	0	-101255	6
11	3	27	6	1	5775	2
11	3	27	7	0	-22825	4
11	3	27	7	1	-5445	4
11	3	27	8	0	27525	8
11	3	27	8	1	7425	64
11	3	27	9	0	475	16
11	3	28	3	1	550	27
11	3	28	4	1	3025	6
11	3	28	5	0	-8470	27
11	3	28	5	1	8140	3
11	3	28	6	0	-8470	3
11	3	28	6	1	3080	1
11	3	28	7	0	-51095	12
11	3	28	7	1	-825	4
11	3	28	8	0	275	1
11	3	28	8	1	-2475	32
11	3	28	9	0	15325	48
11	3	29	4	1	275	12
11	3	29	5	1	1045	3
11	3	29	6	0	-29645	162
11	3	29	6	1	9625	9
11	3	29	7	0	-17545	18
11	3	29	7	1	1925	4
11	3	29	8	0	-59675	96
11	3	29	8	1	-7425	64
11	3	29	9	0	52525	288
11	3	29	9	1	275	32
11	3	29	10	0	685	384
11	3	30	5	1	55	3
11	3	30	6	1	1540	9
11	3	30	7	0	-4235	54
11	3	30	7	1	3355	12
11	3	30	8	0	-33275	144
11	3	30	8	1	275	16
11	3	30	9	0	-8525	288
11	3	30	9	1	-275	32
11	3	30	10	0	275	16
11	3	31	6	1	385	36
11	3	31	7	1	715	12
11	3	31	8	0	-21175	864
11	3	31	8	1	8525	192
11	3	31	9	0	-15125	432
11	3	31	9	1	-275	48
11	3	31	10	0	2585	576
11	3	31	10	1	55	128
11	3	31	11	0	25	384
11	3	32	7	1	55	12
11	3	32	8	1	1375	96
11	3	32	9	0	-21175	3888
11	3	32	9	1	1375	432
11	3	32	10	0	-605	216
11	3	32	10	1	-55	96
11	3	32	11	0	635	1152
11	3	33	8	1	275	192
11	3	33	9	1	1925	864
11	3	33	10	0	-4235	5184
11	3	33	10	1	-55	576
11	3	33	11	0	-55	1728
11	3	33	11	1	5	384
11	3	33	12	0	5	4608
11	3	34	9	1	275	864
11	3	34	10	1	55	288
11	3	34	11	0	-385	5184
11	3	34	11	1	-25	1152
11	3	34	12	0	55	6912
11	3	35	10	1	55	1152
11	3	35	11	1	5	1152
11	3	35	12	0	-385	124416
11	3	35	12	1	5	27648
11	3	36	11	1	5	1152
11	3	36	12	1	-5	13824
11	3	37	12	1	5	27648
12	0	12	0	0	-21870	1
12	0	12	1	0	32805	1
12	0	13	0	0	-80190	1
12	0	13	1	0	109350	1
12	0	14	0	0	-133650	1
12	0	14	1	0	120285	1
12	0	14	2	0	120285	2
12	0	15	0	0	-133650	1
12	0	15	2	0	360855	2
12	0	16	0	0	-89100	1
12	0	16	1	0	-133650	1
12	0	16	2	0	200475	1
12	0	16	3	0	200475	4
12	0	17	0	0	-41580	1
12	0	17	1	0	-160380	1
12	0	17	2	0	66825	1
12	0	17	3	0	133650	1
12	0	18	0	0	-13860	1
12	0	18	1	0	-103950	1
12	0	18	2	0	-66825	1
12	0	18	3	0	133650	1
12	0	18	4	0	200475	8
12	0	19	0	0	-3300	1
12	0	19	1	0	-43560	1
12	0	19	2	0	-93555	1
12	0	19	3	0	44550	1
12	0	19	4	0	467775	8
12	0	20	0	0	-550	1
12	0	20	1	0	-12375	1
12	0	20	2	0	-55440	1
12	0	20	3	0	-51975	2
12	0	20	4	0	200475	4
12	0	20	5	0	66825	8
12	0	21	0	0	-550	9
12	0	21	1	0	-7150	3
12	0	21	2	0	-19800	1
12	0	21	3	0	-34650	1
12	0	21	4	0	51975	4
12	0	21	5	0	66825	4
12	0	22	0	0	-110	27
12	0	22	1	0	-2695	9
12	0	22	2	0	-9075	2
12	0	22	3	0	-17325	1
12	0	22	4	0	-17325	2
12	0	22	5	0	93555	8
12	0	22	6	0	31185	16
12	0	23	0	0	-10	81
12	0	23	1	0	-200	9
12	0	23	2	0	-11825	18
12	0	23	3	0	-4950	1
12	0	23	4	0	-17325	2
12	0	23	5	0	3465	2
12	0	23	6	0	51975	16
12	0	24	1	0	-20	27
12	0	24	2	0	-55	1
12	0	24	3	0	-10175	12
12	0	24	4	0	-13475	4
12	0	24	5	0	-17325	8
12	0	24	6	0	3465	2
12	0	24	7	0	10395	32
12	0	25	2	0	-55	27
12	0	25	3	0	-2200	27
12	0	25	4	0	-8525	12
12	0	25	5	0	-5775	4
12	0	25	7	0	3465	8
12	0	26	3	0	-275	81
12	0	26	4	0	-1925	24
12	0	26	5	0	-9625	24
12	0	26	6	0	-5775	16
12	0	26	7	0	2475	16
12	0	26	8	0	2475	64
12	0	27	4	0	-275	72
12	0	27	5	0	-55	1
12	0	27	6	0	-7315	48
12	0	27	7	0	-275	8
12	0	27	8	0	2475	64
12	0	28	5	0	-55	18
12	0	28	6	0	-1925	72
12	0	28	7	0	-3575	96
12	0	28	8	0	825	128
12	0	28	9	0	825	256
12	0	29	6	0	-385	216
12	0	29	7	0	-55	6
12	0	29	8	0	-1925	384
12	0	29	9	0	275	128
12	0	30	7	0	-55	72
12	0	30	8	0	-275	128
12	0	30	9	0	-275	2304
12	0	30	10	0	275	1536
12	0	31	8	0	-275	1152
12	0	31	9	0	-275	864
12	0	31	10	0	275	4608
12	0	32	9	0	-275	5184
12	0	32	10	0	-55	2304
12	0	32	11	0	55	9216
12	0	33	10	0	-55	6912
12	0	34	11	0	-5	6912
12	0	34	12	0	5	55296
12	0	35	12	0	-5	165888
12	2	12	0	0	174960	1
12	2	12	1	0	-262440	1
12	2	13	0	0	641520	1
12	2	13	1	0	-874800	1
12	2	14	0	0	1069200	1
12	2	14	1	0	-962280	1
12	2	14	2	0	-481140	1
12	2	15	0	0	1069200	1
12	2	15	2	0	-1443420	1
12	2	16	0	0	712800	1
12	2	16	1	0	1069200	1
12	2	16	2	0	-1603800	1
12	2	16	3	0	-400950	1
12	2	17	0	0	332640	1
12	2	17	1	0	1283040	1
12	2	17	2	0	-534600	1
12	2	17	3	0	-1069200	1
12	2	18	0	0	110880	1
12	2	18	1	0	831600	1
12	2	18	2	0	534600	1
12	2	18	3	0	-1069200	1
12	2	18	4	0	-200475	1
12	2	19	0	0	26400	1
12	2	19	1	0	348480	1
12	2	19	2	0	748440	1
12	2	19	3	0	-356400	1
12	2	19	4	0	-467775	1
12	2	20	0	0	4400	1
12	2	20	1	0	99000	1
12	2	20	2	0	443520	1
12	2	20	3	0	207900	1
12	2	20	4	0	-400950	1
12	2	20	5	0	-66825	1
12	2	21	0	0	4400	9
12	2	21	1	0	57200	3
12	2	21	2	0	158400	1
12	2	21	3	0	277200	1
12	2	21	4	0	-103950	1
12	2	21	5	0	-133650	1
12	2	22	0	0	880	27
12	2	22	1	0	21560	9
12	2	22	2	0	36300	1
12	2	22	3	0	138600	1
12	2	22	4	0	69300	1
12	2	22	5	0	-93555	1
12	2	22	6	0	-31185	2
12	2	23	0	0	80	81
12	2	23	1	0	1600	9
12	2	23	2	0	47300	9
12	2	23	3	0	39600	1
12	2	23	4	0	69300	1
12	2	23	5	0	-13860	1
12	2	23	6	0	-51975	2
12	2	24	1	0	160	27
12	2	24	2	0	440	1
12	2	24	3	0	20350	3
12	2	24	4	0	26950	1
12	2	24	5	0	17325	1
12	2	24	6	0	-13860	1
12	2	24	7	0	-10395	4
12	2	25	2	0	440	27
12	2	25	3	0	17600	27
12	2	25	4	0	17050	3
12	2	25	5	0	11550	1
12	2	25	7	0	-3465	1
12	2	26	3	0	2200	81
12	2	26	4	0	1925	3
12	2	26	5	0	9625	3
12	2	26	6	0	5775	2
12	2	26	7	0	-2475	2
12	2	26	8	0	-2475	8
12	2	27	4	0	275	9
12	2	27	5	0	440	1
12	2	27	6	0	7315	6
12	2	27	7	0	275	1
12	2	27	8	0	-2475	8
12	2	28	5	0	220	9
12	2	28	6	0	1925	9
12	2	28	7	0	3575	12
12	2	28	8	0	-825	16
12	2	28	9	0	-825	32
12	2	29	6	0	385	27
12	2	29	7	0	220	3
12	2	29	8	0	1925	48
12	2	29	9	0	-275	16
12	2	30	7	0	55	9
12	2	30	8	0	275	16
12	2	30	9	0	275	288
12	2	30	10	0	-275	192
12	2	31	8	0	275	144
12	2	31	9	0	275	108
12	2	31	10	0	-275	576
12	2	32	9	0	275	648
12	2	32	10	0	55	288
12	2	32	11	0	-55	1152
12	2	33	10	0	55	864
12	2	34	11	0	5	864
12	2	34	12	0	-5	6912
12	2	35	12	0	5	20736
12	4	12	0	0	-174960	1
12	4	12	1	0	262440	1
12	4	13	0	0	-641520	1
12	4	13	1	0	874800	1
12	4	14	0	0	-1069200	1
12	4	14	1	0	962280	1
12	4	14	2	0	481140	1
12	4	15	0	0	-1069200	1
12	4	15	2	0	1443420	1
12	4	16	0	0	-712800	1
12	4	16	1	0	-1069200	1
12	4	16	2	0	1603800	1
12	4	16	3	0	400950	1
12	4	17	0	0	-332640	1
12	4	17	1	0	-1283040	1
12	4	17	2	0	534600	1
12	4	17	3	0	1069200	1
12	4	18	0	0	-110880	1
12	4	18	1	0	-831600	1
12	4	18	2	0	-534600	1
12	4	18	3	0	1069200	1
12	4	18	4	0	200475	1
12	4	19	0	0	-26400	1
12	4	19	1	0	-348480	1
12	4	19	2	0	-748440	1
12	4	19	3	0	356400	1
12	4	19	4	0	467775	1
12	4	20	0	0	-4400	1
12	4	20	1	0	-99000	1
12	4	20	2	0	-443520	1
12	4	20	3	0	-207900	1
12	4	20	4	0	400950	1
12	4	20	5	0	66825	1
12	4	21	0	0	-4400	9
12	4	21	1	0	-57200	3
12	4	21	2	0	-158400	1
12	4	21	3	0	-277200	1
12	4	21	4	0	103950	1
12	4	21	5	0	133650	1
12	4	22	0	0	-880	27
12	4	22	1	0	-21560	9
12	4	22	2	0	-36300	1
12	4	22	3	0	-138600	1
12	4	22	4	0	-69300	1
12	4	22	5	0	93555	1
12	4	22	6	0	31185	2
12	4	23	0	0	-80	81
12	4	23	1	0	-1600	9
12	4	23	2	0	-47300	9
12	4	23	3	0	-39600	1
12	4	23	4	0	-69300	1
12	4	23	5	0	13860	1
12	4	23	6	0	51975	2
12	4	24	1	0	-160	27
12	4	24	2	0	-440	1
12	4	24	3	0	-20350	3
12	4	24	4	0	-26950	1
12	4	24	5	0	-17325	1
12	4	24	6	0	13860	1
12	4	24	7	0	10395	4
12	4	25	2	0	-440	27
12	4	25	3	0	-17600	27
12	4	25	4	0	-17050	3
12	4	25	5	0	-11550	1
12	4	25	7	0	3465	1
12	4	26	3	0	-2200	81
12	4	26	4	0	-1925	3
12	4	26	5	0	-9625	3
12	4	26	6	0	-5775	2
12	4	26	7	0	2475	2
12	4	26	8	0	2475	8
12	4	27	4	0	-275	9
12	4	27	5	0	-440	1
12	4	27	6	0	-7315	6
12	4	27	7	0	-275	1
12	4	27	8	0	2475	8
12	4	28	5	0	-220	9
12	4	28	6	0	-1925	9
12	4	28	7	0	-3575	12
12	4	28	8	0	825	16
12	4	28	9	0	825	32
12	4	29	6	0	-385	27
12	4	29	7	0	-220	3
12	4	29	8	0	-1925	48
12	4	29	9	0	275	16
12	4	30	7	0	-55	9
12	4	30	8	0	-275	16
12	4	30	9	0	-275	288
12	4	30	10	0	275	192
12	4	31	8	0	-275	144
12	4	31	9	0	-275	108
12	4	31	10	0	275	576
12	4	32	9	0	-275	648
12	4	32	10	0	-55	288
12	4	32	11	0	55	1152
12	4	33	10	0	-55	864
12	4	34	11	0	-5	864
12	4	34	12	0	5	6912
12	4	35	12	0	-5	20736
